filename	gt_iou	seg_iou	seg_f1	seg_precision	seg_recall	gt_fg_ssim	gt_fg_psnr	ng_fg_ssim	ng_fg_psnr	ng_iou	ng_topo_q	topo_preservation	ng_psnr	ng_ssim	ng_bytes	graph_n_components	graph_n_cycles	graph_n_junctions	graph_n_endpoints	graph_mean_degree	graph_complexity	n_nodes	n_edges	total_edge_length	mean_width_px	mean_curvature	delta_gt_iou	delta_gt_fg_psnr	delta_gt_fg_ssim	delta_fg_ssim	delta_iou	total_time_ms	self_iou	ng_recon_iou	ng_n_components	ng_n_cycles	ng_euler_characteristic	ng_n_junctions	ng_n_endpoints	ng_mean_degree	ng_graph_complexity	ng_seg_beta_0	ng_seg_beta_1	graph_n_nodes	graph_n_edges	graph_n_sampled	graph_mean_edge_length	graph_mean_width	graph_total_edge_length	graph_mean_curvature	png_bytes	ng_vs_png	ng_vs_raw	image_shape	image_pixels	image_type	segmenter	n_points	n_structures	jpeg_quality	jpeg_bytes	jpeg_psnr	jpeg_ssim	jpeg_fg_psnr	jpeg_fg_ssim	jpeg_iou	jpeg_topo_q	jpeg_beta_0	jpeg_beta_1	jpeg_betti_preservation	webp_quality	webp_bytes	webp_psnr	webp_ssim	webp_fg_ssim	webp_fg_psnr	webp_topo_q	webp_iou	jp2_bytes	jp2_psnr	jp2_ssim	jp2_fg_ssim	jp2_fg_psnr	jp2_topo_q	jp2_iou	delta_fg_psnr	delta_topo_q	delta_psnr	delta_ssim	gt_available	gt_topology_q	recon_topology_q	jpeg_gt_iou	jpeg_gt_fg_psnr	jpeg_gt_fg_ssim	stem
7249.png	0.331210	0.362319	0.531915	0.760649	0.408942	0.993695	19.680706	0.999324	27.469843	0.651741	0.402499	0.387946	29.423261	0.532626	1569	3	16	14	8	2.361111	5.333333	72	85	137.045014	3.838214	0.065382	-0.270294	-7.859189	-0.005193	0.000071	0.207434	3027.167320	0.651741	0.651741	3	16	-13	14	8	2.361111	5.333333	4	2	72	85	50	1.612294	3.838214	137.045014	0.065382	45624	29.078394	41.769280	256x256	65536	sparse	Frangi	192	4	18	1525	30.697197	0.570919	27.104609	0.999252	0.444308	0.381217	10	2	0.250000	26	1420	30.929476	0.608959	0.999210	26.947881	0.400171	0.443874	5873	32.293918	0.754215	0.999722	31.667940	0.194888	0.439655	0.365234	0.021283	-1.273936	-0.038293	True	0.677612	0.262877	0.601504	27.539896	0.998888	7249
7250.png	0.640798	0.867914	0.929287	0.917233	0.941661	0.999002	28.250846	0.999062	28.504650	0.674289	0.719168	0.723287	31.332173	0.589089	2329	4	7	15	11	2.033333	1.750000	180	183	291.450793	2.891803	0.041276	0.033118	-0.033956	-0.000134	0.000015	0.043967	1259.972095	0.674289	0.674289	4	7	-3	15	11	2.033333	1.750000	4	1	180	183	154	1.592627	2.891803	291.450793	0.041276	44906	19.281237	28.139116	256x256	65536	sparse	Learned	300	4	29	2254	31.673816	0.635571	28.279766	0.999046	0.630322	0.528813	8	8	0.000000	40	2272	31.999157	0.676917	0.998999	28.387641	0.540447	0.613459	3883	32.286070	0.707634	0.999468	31.224137	0.282733	0.632716	0.224884	0.190355	-0.341643	-0.046481	True	0.743339	0.537648	0.607680	28.284803	0.999136	7250
7251.png	0.775216	0.854467	0.921523	0.928013	0.915123	0.998848	25.193724	0.999493	27.134131	0.865751	0.703290	0.847257	31.143413	0.605927	2476	4	6	13	11	2.022472	1.500000	178	180	282.936075	2.369187	0.044698	0.031321	-2.417311	-0.000676	-0.000077	0.113376	863.333702	0.865751	0.865751	4	6	-2	13	11	2.022472	1.500000	4	0	178	180	154	1.571867	2.369187	282.936075	0.044698	44830	18.105816	26.468498	256x256	65536	sparse	Learned	298	4	30	2387	31.860479	0.654127	27.650899	0.999570	0.752375	0.574007	6	1	0.250000	41	2372	32.197086	0.694537	0.999585	28.122859	0.739460	0.753983	3790	32.415584	0.708988	0.999783	31.167212	0.557361	0.742079	-0.516767	0.129283	-0.717066	-0.048200	True	0.724729	0.614032	0.743895	27.611035	0.999523	7251
7252.png	0.800353	0.918990	0.957785	0.943649	0.972350	0.999359	27.400948	0.999393	27.697522	0.824670	0.539296	1.089452	30.807315	0.553671	1902	4	1	2	8	1.949580	0.250000	119	116	171.195959	3.189224	0.028851	0.014935	-0.086277	-0.000051	0.000036	0.029756	1110.035658	0.824670	0.824670	4	1	3	2	8	1.949580	0.250000	4	0	119	116	109	1.475827	3.189224	171.195959	0.028851	45467	23.904837	34.456362	256x256	65536	sparse	Learned	239	4	23	1881	30.879887	0.588256	27.443537	0.999357	0.794914	0.541594	4	1	0.500000	31	1888	31.266112	0.631997	0.999268	26.909524	0.607414	0.788916	4893	32.093680	0.723088	0.999735	31.439515	0.615572	0.777138	0.253985	-0.002298	-0.072572	-0.034585	True	0.548419	0.597476	0.785418	27.487225	0.999410	7252
7253.png	0.539130	0.847314	0.917347	0.877930	0.960470	0.999503	27.730036	0.999536	28.100011	0.572498	0.576838	0.503031	31.155323	0.579740	1841	4	2	5	9	1.969925	0.500000	133	131	195.752309	2.552237	0.040323	0.015853	-0.041811	-0.000088	0.000006	0.019345	1001.235723	0.572498	0.572498	4	2	2	5	9	1.969925	0.500000	4	0	133	131	119	1.494292	2.552237	195.752309	0.040323	44924	24.401955	35.598045	256x256	65536	sparse	Learned	253	4	24	1732	31.460646	0.609646	27.740615	0.999530	0.553153	0.312220	7	2	0.000000	34	1710	31.695093	0.646057	0.999486	27.629923	0.221907	0.539485	5117	32.649453	0.744223	0.999791	31.998933	0.262877	0.563877	0.359396	0.264618	-0.305323	-0.029906	True	0.581048	0.292285	0.523277	27.771847	0.999591	7253
7254.png	0.800292	0.921225	0.958998	0.963387	0.954649	0.999241	27.068793	0.999408	27.701432	0.830231	0.672085	0.850511	31.222237	0.590056	2339	4	0	1	9	1.955056	0.000000	178	174	255.350288	2.600488	0.026880	0.025175	-0.620419	-0.000183	-0.000022	0.047680	950.902700	0.830231	0.830231	4	0	4	1	9	1.955056	0.000000	4	0	178	174	168	1.467530	2.600488	255.350288	0.026880	44986	19.233006	28.018811	256x256	65536	sparse	Learned	298	4	29	2286	31.627317	0.636202	27.662886	0.999430	0.782550	0.595053	5	2	0.000000	38	2326	31.915290	0.679501	0.999363	27.608647	0.568289	0.758988	3998	32.223445	0.705249	0.999723	31.194030	0.367568	0.760403	0.038547	0.077031	-0.405080	-0.046145	True	0.688077	0.585217	0.775116	27.689212	0.999424	7254
7255.png	0.728538	0.897614	0.946045	0.953393	0.938808	0.999158	26.957106	0.999425	27.767549	0.767145	0.619017	0.888220	30.684097	0.550019	2076	4	5	10	9	2.014085	1.250000	142	143	230.036580	2.809929	0.034504	0.017250	-0.443336	-0.000190	0.000019	0.034501	1041.483402	0.767145	0.767145	4	5	-1	10	9	2.014085	1.250000	4	1	142	143	123	1.608647	2.809929	230.036580	0.034504	45536	21.934489	31.568401	256x256	65536	sparse	Learned	262	4	25	2037	30.977887	0.595712	27.444819	0.999406	0.732644	0.458457	6	1	0.750000	32	2038	31.210706	0.639573	0.999331	27.113479	0.466342	0.737988	4251	31.743872	0.695611	0.999705	30.977399	0.388054	0.731055	0.322730	0.160560	-0.293790	-0.045693	True	0.651808	0.578948	0.711288	27.400442	0.999348	7255
7256.png	0.490169	0.818560	0.900228	0.903670	0.896813	0.998984	28.421309	0.999214	28.983010	0.534884	0.660404	0.448039	31.605528	0.603037	2093	4	2	7	11	1.975000	0.500000	160	158	245.066017	2.867818	0.043782	-0.022282	-0.673161	-0.000277	-0.000042	-0.006364	1264.167309	0.534884	0.534884	4	2	2	7	11	1.975000	0.500000	4	0	160	158	142	1.551051	2.867818	245.066017	0.043782	44562	21.290970	31.311992	256x256	65536	sparse	Learned	280	4	28	2048	32.005421	0.642083	29.032080	0.999256	0.541247	0.257204	15	1	0.000000	40	1998	32.278548	0.677178	0.999128	28.827639	0.350791	0.528174	4445	32.798050	0.737664	0.999581	31.896493	0.240263	0.534284	-0.049069	0.403201	-0.399893	-0.039046	True	0.698806	0.313092	0.512451	29.094470	0.999260	7256
7257.png	0.634065	0.815087	0.898124	0.920814	0.876525	0.999070	27.522465	0.999378	28.080023	0.695529	0.703290	0.554786	30.327108	0.530919	2278	4	6	10	7	2.021505	1.500000	186	188	279.107648	2.421113	0.041137	0.020156	-0.479179	-0.000261	0.000011	0.054904	998.526335	0.695529	0.695529	4	6	-2	10	7	2.021505	1.500000	4	1	186	188	169	1.484615	2.421113	279.107648	0.041137	45763	20.089113	28.769096	256x256	65536	sparse	Learned	306	4	25	2124	30.718891	0.586264	27.865650	0.999367	0.640625	0.405479	10	4	0.000000	31	2044	30.937600	0.625395	0.999258	27.297323	0.247392	0.633540	4031	31.394489	0.678758	0.999664	30.709526	0.102954	0.600828	0.214373	0.297811	-0.391783	-0.055345	True	0.726102	0.402831	0.613909	28.001644	0.999331	7257
7258.png	0.754851	0.858242	0.923714	0.952313	0.896783	0.999080	26.140683	0.999450	27.217480	0.814789	0.629166	0.835016	30.060793	0.528937	2451	5	1	3	11	1.957219	0.200000	187	183	287.906638	2.434917	0.040490	-0.000104	-1.222121	-0.000381	-0.000062	0.051730	967.968941	0.814789	0.814789	5	1	4	3	11	1.957219	0.200000	5	0	187	183	173	1.573260	2.434917	287.906638	0.040490	46114	18.814361	26.738474	256x256	65536	sparse	Learned	307	5	26	2405	30.551810	0.593779	27.297793	0.999512	0.763060	0.421124	9	1	0.100000	28	2220	30.704282	0.630602	0.999409	26.637341	0.637960	0.749220	3721	31.088559	0.657021	0.999728	30.193397	0.557044	0.756875	-0.080313	0.208042	-0.491017	-0.064842	True	0.657677	0.549171	0.754955	27.362804	0.999461	7258
7259.png	0.622924	0.911548	0.953728	0.953728	0.953728	0.999070	27.610306	0.999163	28.089807	0.637888	0.529989	0.469092	30.830637	0.553030	1883	4	0	0	8	1.934959	0.000000	123	119	176.409163	3.235346	0.025410	-0.007918	0.086837	-0.000046	0.000054	0.012111	1214.152336	0.637888	0.637888	4	0	4	0	8	1.934959	0.000000	4	0	123	119	115	1.482430	3.235346	176.409163	0.025410	45422	24.122146	34.804036	256x256	65536	sparse	Learned	243	4	23	1869	30.871605	0.587237	27.647438	0.999109	0.625776	0.303872	9	2	0.000000	33	1844	31.307659	0.634096	0.999003	27.415075	0.396925	0.607396	4875	32.075839	0.722221	0.999606	31.579535	0.244216	0.618297	0.442369	0.226117	-0.040968	-0.034207	True	0.543880	0.255130	0.630841	27.523469	0.999116	7259
7260.png	0.710471	0.899721	0.947214	0.951399	0.943066	0.999049	26.883780	0.999268	27.414720	0.741193	0.514868	0.830867	31.342064	0.592999	2406	5	0	1	11	1.939759	0.000000	166	161	244.521861	2.639554	0.021956	-0.004693	-1.092997	-0.000336	-0.000139	0.018933	991.726398	0.741193	0.741193	5	0	5	1	11	1.939759	0.000000	6	0	166	161	154	1.518769	2.639554	244.521861	0.021956	44960	18.686617	27.238570	256x256	65536	sparse	Learned	288	6	30	2339	31.718234	0.639494	28.004730	0.999407	0.722261	0.408445	8	1	0.333333	41	2276	32.031583	0.680217	0.999382	28.391232	0.435887	0.722491	3910	32.248090	0.704786	0.999658	30.979574	0.409430	0.710943	-0.590009	0.106423	-0.376170	-0.046496	True	0.535441	0.444880	0.715164	27.976778	0.999385	7260
7261.png	0.684388	0.855950	0.922385	0.897810	0.948342	0.999333	27.122706	0.999343	27.606145	0.707091	0.612485	0.884000	30.481354	0.545446	2319	5	7	13	11	2.022727	1.400000	176	178	278.906638	2.630868	0.027007	0.013469	-0.653353	-0.000181	-0.000080	0.012314	1011.734247	0.707091	0.707091	5	7	-2	13	11	2.022727	1.400000	5	1	176	178	152	1.566891	2.630868	278.906638	0.027007	45701	19.707201	28.260457	256x256	65536	sparse	Learned	296	5	27	2319	30.955036	0.604604	27.839337	0.999423	0.694777	0.593430	6	6	0.000000	31	2088	31.063448	0.638046	0.999277	26.984158	0.583832	0.648182	4116	31.589899	0.688468	0.999666	30.525918	0.373746	0.684639	-0.233191	0.019054	-0.473682	-0.059159	True	0.610932	0.540063	0.670918	27.776059	0.999513	7261
7262.png	0.646647	0.904705	0.949969	0.953547	0.946417	0.998754	28.451329	0.998935	28.703522	0.661939	0.541594	0.764787	31.709248	0.611477	2320	4	2	7	9	1.973856	0.500000	153	151	222.450793	3.294987	0.023354	-0.040632	-0.213544	-0.000154	-0.000031	-0.032242	1442.056417	0.661939	0.661939	4	2	2	7	9	1.973856	0.500000	5	0	153	151	137	1.473184	3.294987	222.450793	0.023354	44541	19.198707	28.248276	256x256	65536	sparse	Learned	275	5	31	2259	32.104402	0.651784	28.695778	0.998966	0.694181	0.681458	5	10	0.000000	42	2280	32.396857	0.694841	0.998904	28.821694	0.627183	0.678763	3839	32.646538	0.718147	0.999346	31.503522	0.399966	0.647512	0.007744	-0.139864	-0.395154	-0.040307	True	0.663784	0.507653	0.687279	28.664873	0.998908	7262
7263.png	0.620233	0.911631	0.953773	0.942233	0.965600	0.999179	27.121987	0.999313	27.665946	0.627889	0.622808	0.792553	31.538716	0.606294	2230	4	2	4	9	1.974194	0.500000	155	153	221.793939	2.750990	0.024096	0.003604	-0.695120	-0.000240	-0.000062	0.011053	1151.238441	0.627889	0.627889	4	2	2	4	9	1.974194	0.500000	4	0	155	153	142	1.449634	2.750990	221.793939	0.024096	44795	20.087444	29.388341	256x256	65536	sparse	Learned	275	4	29	2211	31.926820	0.645006	27.823584	0.999374	0.616836	0.453379	5	0	0.875000	43	2210	32.275738	0.683106	0.999412	28.774402	0.411395	0.598545	3993	32.527553	0.715353	0.999636	31.365117	0.384742	0.611233	-0.157638	0.169428	-0.388104	-0.038712	True	0.552465	0.437858	0.616630	27.817107	0.999420	7263
7264.png	0.648264	0.836679	0.911078	0.882579	0.941478	0.999360	26.763105	0.999350	27.774188	0.724572	0.570443	0.429404	31.514142	0.604430	1927	4	2	6	10	1.969466	0.500000	131	129	188.539105	2.740069	0.040675	0.020017	-0.751038	-0.000252	0.000109	0.051713	1095.372915	0.724572	0.724572	4	2	2	6	10	1.969466	0.500000	4	0	131	129	115	1.461543	2.740069	188.539105	0.040675	44597	23.143228	34.009341	256x256	65536	sparse	Learned	251	4	25	1812	31.852000	0.634480	27.429056	0.999241	0.672859	0.273851	9	0	0.375000	38	1896	32.206057	0.673405	0.999273	27.871361	0.350420	0.661003	4824	32.945467	0.746811	0.999772	32.697055	0.265505	0.684426	0.345132	0.296592	-0.337858	-0.030050	True	0.607414	0.260826	0.628247	27.514143	0.999612	7264
7265.png	0.653047	0.896671	0.945521	0.952135	0.938998	0.999048	27.492022	0.999229	28.022205	0.671136	0.563078	0.546896	30.563369	0.545060	2160	5	0	0	10	1.939759	0.000000	166	161	233.894444	2.862865	0.037968	-0.029721	-0.573205	-0.000208	-0.000018	-0.012416	1142.463446	0.671136	0.671136	5	0	5	0	10	1.939759	0.000000	5	0	166	161	156	1.452761	2.862865	233.894444	0.037968	45603	21.112500	30.340741	256x256	65536	sparse	Learned	286	5	25	2078	30.885163	0.593479	27.983935	0.999248	0.683553	0.326320	12	3	0.000000	31	2052	31.121141	0.636174	0.999087	27.313243	0.253871	0.609556	4237	31.677380	0.695100	0.999566	30.670621	0.138901	0.646602	0.038271	0.236758	-0.321793	-0.048419	True	0.550671	0.301160	0.682768	28.065227	0.999256	7265
7266.png	0.820715	0.934676	0.966235	0.967151	0.965322	0.998933	25.805401	0.999135	26.356066	0.837821	0.559568	0.820528	30.835343	0.586320	2445	5	0	0	10	1.937500	0.000000	160	155	235.107648	3.156283	0.032037	0.039553	-1.089687	-0.000310	-0.000123	0.059355	1224.784374	0.837821	0.837821	5	0	5	0	10	1.937500	0.000000	5	0	160	155	150	1.516824	3.156283	235.107648	0.032037	45309	18.531288	26.804090	256x256	65536	sparse	Learned	280	5	28	2391	31.337994	0.630702	26.916676	0.999258	0.778467	0.497707	7	7	0.000000	37	2408	31.687206	0.678894	0.999284	27.240259	0.569726	0.766648	3763	31.955384	0.688373	0.999690	31.033530	0.467408	0.770263	-0.560609	0.061861	-0.502651	-0.044383	True	0.585217	0.480187	0.781162	26.895088	0.999242	7266
7267.png	0.732143	0.861095	0.925364	0.927052	0.923683	0.998802	27.695273	0.999054	28.516529	0.758055	0.717761	0.730851	31.413208	0.599101	2281	4	9	18	9	2.057803	2.250000	173	178	284.036580	3.117158	0.053545	-0.015541	-0.841793	-0.000306	-0.000008	0.025912	1290.162086	0.758055	0.758055	4	9	-5	18	9	2.057803	2.250000	4	1	173	178	146	1.595711	3.117158	284.036580	0.053545	44738	19.613327	28.731258	256x256	65536	sparse	Learned	293	4	28	2227	31.780188	0.640838	28.571281	0.999062	0.732143	0.600341	7	8	0.000000	41	2172	32.135864	0.682647	0.998988	28.325203	0.513248	0.712834	4028	32.485321	0.719021	0.999461	31.176519	0.413354	0.718699	-0.054752	0.117420	-0.366981	-0.041737	True	0.744619	0.544206	0.747684	28.537067	0.999109	7267
7268.png	0.691258	0.898712	0.946655	0.946655	0.946655	0.998026	28.097626	0.997999	28.340871	0.711696	0.669781	0.925547	30.917003	0.571514	2620	5	6	16	15	2.010753	1.200000	186	187	316.107648	3.528560	0.047798	-0.028436	-0.073079	-0.000045	0.000117	-0.027229	1773.486853	0.711696	0.711696	5	6	-1	16	15	2.010753	1.200000	5	0	186	187	155	1.690415	3.528560	316.107648	0.047798	45398	17.327481	25.013740	256x256	65536	sparse	Learned	306	5	29	2569	31.244240	0.627683	28.221870	0.997883	0.738925	0.505891	12	16	0.000000	38	2546	31.570382	0.675158	0.997934	28.424641	0.385913	0.750843	3562	31.690583	0.676774	0.998546	30.108264	0.302324	0.702923	0.119001	0.163890	-0.327237	-0.056169	True	0.697599	0.645661	0.719694	28.170705	0.998071	7268
7269.png	0.625599	0.851195	0.919617	0.949011	0.891989	0.999190	27.399841	0.999479	28.106701	0.688283	0.700308	0.477756	30.390257	0.537024	2286	4	7	13	7	2.034091	1.750000	176	179	279.078210	2.444519	0.031878	-0.052718	-0.507045	-0.000232	-0.000005	-0.040869	912.473202	0.688283	0.688283	4	7	-3	13	7	2.034091	1.750000	4	1	176	179	156	1.559096	2.444519	279.078210	0.031878	45739	20.008311	28.668416	256x256	65536	sparse	Learned	296	4	26	2279	30.770402	0.595485	27.779432	0.999483	0.729152	0.481670	7	2	0.125000	31	2178	30.993931	0.635832	0.999357	27.148767	0.303591	0.637570	4123	31.472866	0.683500	0.999693	30.453317	0.243420	0.654886	0.327270	0.218638	-0.380144	-0.058461	True	0.731526	0.349491	0.678317	27.906886	0.999422	7269
7270.png	0.659477	0.927802	0.962549	0.954397	0.970842	0.999027	27.647217	0.999100	27.942269	0.662346	0.555142	0.465155	31.143177	0.587130	2436	6	0	0	12	1.934426	0.000000	183	177	265.793939	2.777834	0.021988	0.009868	-0.460737	-0.000164	-0.000086	0.012972	1078.135729	0.662346	0.662346	6	0	6	0	12	1.934426	0.000000	6	0	183	177	171	1.501661	2.777834	265.793939	0.021988	45065	18.499589	26.903120	256x256	65536	sparse	Learned	303	6	29	2402	31.558591	0.636763	28.161211	0.999186	0.649374	0.311147	11	0	0.583333	40	2384	31.917489	0.680193	0.999157	28.220535	0.272733	0.626946	3699	32.061185	0.694398	0.999561	31.039430	0.226510	0.641363	-0.218943	0.243995	-0.415414	-0.049633	True	0.562495	0.261647	0.649609	28.107955	0.999191	7270
7272.png	0.636364	0.867851	0.929251	0.907666	0.951888	0.998673	28.418151	0.998858	28.788795	0.683095	0.572585	0.866031	31.147447	0.585093	2436	6	4	9	13	1.978495	0.666667	186	184	302.119841	2.761373	0.045062	0.011008	-0.478527	-0.000287	-0.000070	0.003804	1411.919594	0.683095	0.683095	6	4	2	9	13	1.978495	0.666667	6	0	186	184	164	1.641956	2.761373	302.119841	0.045062	44984	18.466338	26.903120	256x256	65536	sparse	Learned	306	6	30	2381	31.670585	0.638177	28.875119	0.998928	0.679291	0.474462	12	11	0.000000	40	2322	31.939057	0.676016	0.998763	28.643369	0.256000	0.644543	3658	32.113353	0.696198	0.999320	31.155756	0.113796	0.632435	-0.086324	0.098123	-0.523138	-0.053085	True	0.583832	0.505617	0.625356	28.896678	0.998960	7272
7273.png	0.705192	0.906479	0.950946	0.932118	0.970550	0.998738	28.514053	0.998463	28.703521	0.716545	0.419578	0.943195	30.331831	0.522284	1883	5	2	3	9	1.942857	0.400000	105	102	155.267027	4.569193	0.038412	0.009250	0.633331	0.000120	0.000369	0.008311	1599.067688	0.716545	0.716545	5	2	3	3	9	1.942857	0.400000	5	0	105	102	93	1.522226	4.569193	155.267027	0.038412	45902	24.377058	34.804036	256x256	65536	sparse	Learned	225	5	21	1728	30.428390	0.556511	27.891699	0.998094	0.708234	0.424622	11	13	0.000000	27	1830	30.718206	0.604295	0.997743	27.185133	0.053717	0.671731	4645	31.496471	0.699037	0.999038	30.748172	0.030331	0.485235	0.811822	-0.005043	-0.096559	-0.034227	True	0.519054	0.489569	0.695942	27.880722	0.998618	7273
7274.png	0.621814	0.872539	0.931931	0.929360	0.934517	0.999492	27.509759	0.999595	28.005373	0.662500	0.485726	0.736604	30.537964	0.539881	1687	4	0	0	8	1.925926	0.000000	108	104	154.923882	2.716522	0.032934	0.020731	-0.078588	-0.000073	0.000037	0.036357	962.233067	0.662500	0.662500	4	0	4	0	8	1.925926	0.000000	4	0	108	104	100	1.489653	2.716522	154.923882	0.032934	45542	26.995851	38.847659	256x256	65536	sparse	Learned	228	4	21	1631	30.784641	0.570805	27.638495	0.999558	0.626143	0.316139	8	2	0.000000	28	1668	31.042911	0.614769	0.999533	27.436467	0.267368	0.621072	5390	32.145088	0.737150	0.999781	31.453698	0.218146	0.610320	0.366878	0.169588	-0.246677	-0.030924	True	0.503415	0.370817	0.601083	27.588347	0.999564	7274
7275.png	0.702235	0.903736	0.949434	0.961039	0.938106	0.999124	27.044992	0.999398	27.785122	0.732887	0.576838	0.727110	31.073766	0.576861	2263	5	5	9	12	2.000000	1.000000	169	169	251.865007	2.657232	0.019756	-0.000728	-0.508079	-0.000238	-0.000013	0.015281	967.154026	0.732887	0.732887	5	5	0	9	12	2.000000	1.000000	5	0	169	169	148	1.490325	2.657232	251.865007	0.019756	45202	19.974370	28.959788	256x256	65536	sparse	Learned	289	5	27	2233	31.342595	0.620883	27.601194	0.999412	0.717606	0.399504	8	0	0.700000	35	2068	31.602754	0.655825	0.999330	27.355584	0.454315	0.725018	3847	31.979511	0.695414	0.999682	30.599030	0.390768	0.716312	0.183928	0.177333	-0.268829	-0.044022	True	0.603072	0.438500	0.702963	27.553071	0.999362	7275
7276.png	0.738511	0.909564	0.952641	0.946513	0.958848	0.999062	27.437726	0.999157	27.827470	0.757635	0.548870	0.756760	30.199325	0.532384	2243	5	1	2	10	1.948718	0.200000	156	152	225.793939	3.164609	0.036401	0.040864	0.076312	-0.000035	0.000077	0.051822	1377.018213	0.757635	0.757635	5	1	4	2	10	1.948718	0.200000	5	0	156	152	144	1.485486	3.164609	225.793939	0.036401	45914	20.469906	29.218012	256x256	65536	sparse	Learned	276	5	25	2188	30.660472	0.588852	27.429612	0.999080	0.705813	0.434475	10	8	0.000000	30	2194	30.895928	0.633964	0.998954	26.990126	0.334537	0.703005	4192	31.404752	0.682823	0.999531	30.613104	0.246185	0.701589	0.397858	0.114396	-0.461147	-0.056467	True	0.568289	0.430059	0.697647	27.361414	0.999097	7276
7277.png	0.693582	0.875505	0.933620	0.900970	0.968727	0.999286	28.214823	0.999297	28.384183	0.714765	0.629166	0.656409	30.536549	0.544517	2398	5	6	10	10	2.010638	1.200000	188	189	279.551299	2.636102	0.034083	-0.001791	0.114504	-0.000043	0.000048	-0.024283	1104.742527	0.714765	0.714765	5	6	-1	10	10	2.010638	1.200000	5	1	188	189	168	1.479107	2.636102	279.551299	0.034083	45572	19.004170	27.329441	256x256	65536	sparse	Learned	308	5	27	2262	30.991100	0.603666	28.088454	0.999249	0.739048	0.371865	12	7	0.000000	33	2376	31.190521	0.651906	0.999124	27.579971	0.151978	0.690785	3859	31.534735	0.679521	0.999564	30.598412	0.114242	0.689572	0.295729	0.257301	-0.454550	-0.059148	True	0.649362	0.426247	0.695373	28.100319	0.999330	7277
7278.png	0.546832	0.925776	0.961458	0.953440	0.969611	0.998944	27.402820	0.999001	27.671884	0.555860	0.658702	0.567215	31.617719	0.613659	2314	4	2	6	10	1.975155	0.500000	161	159	252.350288	3.010354	0.030909	-0.006188	-0.632994	-0.000128	-0.000048	0.000305	1194.463491	0.555860	0.555860	4	2	2	6	10	1.975155	0.500000	4	0	161	159	145	1.587109	3.010354	252.350288	0.030909	44626	19.285220	28.321521	256x256	65536	sparse	Learned	281	4	30	2272	32.081642	0.655171	28.051287	0.999049	0.555556	0.322190	9	0	0.375000	42	2138	32.336684	0.687181	0.999119	28.691296	0.194265	0.517749	3922	32.671378	0.719339	0.999489	31.688054	0.210746	0.565275	-0.379403	0.336512	-0.463923	-0.041512	True	0.672085	0.381217	0.553020	28.035814	0.999071	7278
7279.png	0.656287	0.886284	0.939714	0.923077	0.956962	0.999508	27.817186	0.999562	28.099084	0.686977	0.437295	0.619450	31.090226	0.559263	1545	4	0	0	8	1.911111	0.000000	90	86	128.396970	2.988811	0.034145	-0.025740	0.407531	0.000003	0.000083	-0.028460	1078.716040	0.686977	0.686977	4	0	4	0	8	1.911111	0.000000	4	0	90	86	82	1.492988	2.988811	128.396970	0.034145	45232	29.276375	42.418123	256x256	65536	sparse	Learned	210	4	20	1455	31.080953	0.574730	27.353997	0.999479	0.715438	0.362372	6	4	0.000000	29	1374	31.370694	0.613241	0.999420	27.053446	0.246103	0.713278	6067	32.739714	0.762566	0.999858	33.112072	0.240720	0.689173	0.745087	0.074923	0.009273	-0.015467	True	0.456649	0.282871	0.682028	27.409655	0.999505	7279
7280.png	0.597928	0.892574	0.943238	0.921308	0.966238	0.998314	28.195045	0.998236	28.428412	0.615721	0.704770	0.399220	30.256902	0.530262	2384	4	6	10	9	2.023121	1.500000	173	175	284.249783	3.620346	0.053420	0.004537	-0.031699	-0.000061	0.000051	0.012531	1555.963278	0.615721	0.615721	4	6	-2	10	9	2.023121	1.500000	4	1	173	175	154	1.624284	3.620346	284.249783	0.053420	45914	19.259228	27.489933	256x256	65536	sparse	Learned	293	4	26	2384	30.619535	0.592728	28.278511	0.998185	0.603189	0.311851	16	4	0.000000	30	2380	30.869666	0.639163	0.997661	27.375763	0.300174	0.559981	3859	31.201603	0.665819	0.998776	29.942936	0.160543	0.609779	0.149902	0.392919	-0.362633	-0.062466	True	0.740760	0.295726	0.593391	28.226744	0.998375	7280
7281.png	0.652066	0.838141	0.911944	0.933095	0.891731	0.999084	26.838337	0.999522	28.360495	0.712401	0.639405	0.580976	30.672262	0.554658	2153	4	0	0	8	1.952941	0.000000	170	166	225.681241	2.555397	0.025280	-0.004990	-1.605368	-0.000427	-0.000042	0.051965	886.470318	0.712401	0.712401	4	0	4	0	8	1.952941	0.000000	4	0	170	166	162	1.359526	2.555397	225.681241	0.025280	45315	21.047376	30.439387	256x256	65536	sparse	Learned	290	4	26	2101	31.150279	0.606099	28.331723	0.999564	0.660436	0.253461	13	0	0.000000	33	2100	31.420663	0.648478	0.999476	27.675550	0.268244	0.634417	4382	31.961896	0.708363	0.999734	31.097621	0.238862	0.626966	0.028772	0.385944	-0.478017	-0.051441	True	0.650062	0.377671	0.657056	28.443705	0.999512	7281
7283.png	0.655068	0.906057	0.950714	0.949946	0.951482	0.998394	28.267419	0.998677	28.632712	0.673459	0.652156	0.645410	31.612090	0.613859	2540	5	4	9	11	1.989362	0.800000	188	187	303.492424	3.132750	0.051163	-0.007184	-0.463754	-0.000265	-0.000048	0.005053	1339.515686	0.673459	0.673459	5	4	1	9	11	1.989362	0.800000	5	0	188	187	168	1.622954	3.132750	303.492424	0.051163	44546	17.537795	25.801575	256x256	65536	sparse	Learned	308	5	32	2456	32.090288	0.660119	28.756294	0.998725	0.668406	0.462056	11	7	0.000000	42	2300	32.340511	0.698693	0.998611	28.670863	0.467892	0.650975	3529	32.489658	0.706358	0.999263	31.448991	0.265505	0.652751	-0.123582	0.190100	-0.478198	-0.046260	True	0.659043	0.425353	0.662252	28.731173	0.998659	7283
7284.png	0.743892	0.910103	0.952936	0.955076	0.950805	0.999299	27.573342	0.999389	27.848252	0.781708	0.572585	0.801721	30.465789	0.537727	1930	4	0	0	8	1.940299	0.000000	134	130	193.338095	2.788599	0.027593	0.034215	0.240303	-0.000059	0.000058	0.045831	989.200115	0.781708	0.781708	4	0	4	0	8	1.940299	0.000000	4	0	134	130	126	1.487216	2.788599	193.338095	0.027593	45705	23.681347	33.956477	256x256	65536	sparse	Learned	254	4	23	1866	30.777570	0.580064	27.241789	0.999331	0.735878	0.573439	5	3	0.000000	29	1834	30.973359	0.619716	0.999255	26.933705	0.475712	0.731967	4717	31.776123	0.710346	0.999703	30.903090	0.243559	0.720913	0.606464	-0.000854	-0.311781	-0.042337	True	0.585217	0.469181	0.709677	27.333039	0.999358	7284
7285.png	0.552083	0.909794	0.952767	0.927320	0.979648	0.999377	27.675876	0.999356	27.855594	0.559022	0.498424	0.415729	30.197482	0.516747	1798	4	2	3	7	1.962617	0.500000	107	105	152.781746	3.441251	0.038307	-0.013815	0.867829	0.000097	0.000141	-0.015617	1072.642565	0.559022	0.559022	4	2	2	3	7	1.962617	0.500000	4	0	107	105	97	1.455064	3.441251	152.781746	0.038307	46024	25.597330	36.449388	256x256	65536	sparse	Learned	227	4	20	1620	30.326230	0.547393	26.903367	0.999215	0.574639	0.213372	12	1	0.000000	26	1676	30.625337	0.598210	0.999168	26.832709	0.227405	0.559475	5153	31.620704	0.714963	0.999690	31.293191	0.199367	0.570364	0.952227	0.285052	-0.128749	-0.030646	True	0.513248	0.213372	0.565898	26.808047	0.999280	7285
7286.png	0.826268	0.915643	0.955964	0.966292	0.945854	0.999200	25.919491	0.999523	26.934020	0.870801	0.599483	0.767032	30.922617	0.573036	2192	4	0	0	8	1.946309	0.000000	149	145	216.693434	2.641017	0.023152	0.031142	-1.121166	-0.000335	-0.000026	0.075574	1006.360292	0.870801	0.870801	4	0	4	0	8	1.946309	0.000000	4	0	149	145	141	1.494437	2.641017	216.693434	0.023152	45428	20.724453	29.897810	256x256	65536	sparse	Learned	269	4	25	2022	31.253154	0.611128	27.029390	0.999549	0.795227	0.513248	5	0	0.875000	33	2076	31.474611	0.653791	0.999512	26.747818	0.530459	0.785769	3982	31.935496	0.691993	0.999815	31.137277	0.522886	0.792337	-0.095369	0.086236	-0.330537	-0.038092	True	0.609372	0.467408	0.795126	27.040657	0.999536	7286
7287.png	0.797054	0.905630	0.950479	0.939918	0.961279	0.999355	26.490663	0.999498	27.233092	0.801459	0.575142	0.932485	31.049909	0.592819	2315	5	0	0	10	1.941176	0.000000	170	165	239.651804	2.511476	0.025318	0.041846	-1.043219	-0.000218	-0.000061	0.059853	1032.089233	0.801459	0.801459	5	0	5	0	10	1.941176	0.000000	5	0	170	165	160	1.452435	2.511476	239.651804	0.025318	45068	19.467819	28.309287	256x256	65536	sparse	Learned	290	5	28	2241	31.664665	0.637843	27.498907	0.999559	0.741606	0.526688	5	1	0.500000	38	2228	31.922022	0.677978	0.999545	27.646194	0.508356	0.720117	4000	32.308980	0.708374	0.999788	31.192232	0.458973	0.730022	-0.265815	0.048454	-0.614755	-0.045024	True	0.564822	0.526688	0.755208	27.533882	0.999573	7287
7288.png	0.537619	0.852174	0.920188	0.923802	0.916602	0.999050	27.966210	0.999371	28.479163	0.577560	0.651808	0.443605	30.623070	0.543805	2087	4	3	7	10	1.987654	0.750000	162	161	244.379726	2.731535	0.033801	-0.006364	-0.239606	-0.000164	-0.000010	-0.005048	1123.760223	0.577560	0.577560	4	3	1	7	10	1.987654	0.750000	4	0	162	161	145	1.517886	2.731535	244.379726	0.033801	45565	21.832774	31.402012	256x256	65536	sparse	Learned	282	4	25	2056	30.907145	0.592375	28.236928	0.999381	0.582609	0.291780	12	2	0.000000	31	1870	31.104138	0.625757	0.999221	27.439944	0.231317	0.525781	4222	31.701098	0.694804	0.999639	31.050956	0.144752	0.588364	0.242235	0.360028	-0.284074	-0.048570	True	0.660404	0.292959	0.543983	28.205816	0.999214	7288
7289.png	0.668571	0.881068	0.936774	0.938793	0.934764	0.999208	26.909621	0.999517	28.026855	0.689312	0.620917	0.663307	31.107140	0.589170	2018	4	4	8	10	2.000000	1.000000	144	144	213.367532	2.778227	0.026231	0.024175	-0.861511	-0.000288	0.000013	0.046147	931.024551	0.689312	0.689312	4	4	0	8	10	2.000000	1.000000	4	0	144	144	126	1.481719	2.778227	213.367532	0.026231	44915	22.257185	32.475719	256x256	65536	sparse	Learned	264	4	26	1945	31.691549	0.627933	27.737380	0.999504	0.643165	0.469181	6	2	0.000000	35	2014	31.908817	0.670265	0.999459	27.479387	0.487267	0.636364	4496	32.525228	0.727221	0.999785	32.018516	0.240228	0.644203	0.289475	0.151736	-0.584409	-0.038764	True	0.642993	0.426502	0.644397	27.771133	0.999496	7289
7290.png	0.634459	0.876905	0.934416	0.903927	0.967033	0.999176	28.353385	0.999184	28.623430	0.650255	0.480187	0.673702	30.515097	0.550522	2329	6	0	0	14	1.929825	0.000000	171	165	259.800280	2.998902	0.032239	0.024491	0.026978	-0.000058	0.000039	0.024067	1228.363514	0.650255	0.650255	6	0	6	0	14	1.929825	0.000000	7	0	171	165	157	1.574547	2.998902	259.800280	0.032239	45600	19.579219	28.139116	256x256	65536	sparse	Learned	291	7	26	2286	30.955084	0.605625	28.293955	0.999146	0.626188	0.357801	14	4	0.000000	33	2310	31.247793	0.651727	0.999040	27.920185	0.352441	0.607768	4084	31.661347	0.690544	0.999475	30.937090	0.204095	0.625783	0.329476	0.122386	-0.439987	-0.055102	True	0.509058	0.342953	0.609967	28.326407	0.999234	7290
7291.png	0.646785	0.882083	0.937347	0.952854	0.922338	0.999294	26.702599	0.999502	27.517839	0.680902	0.552465	0.631867	30.011248	0.519405	2147	5	1	2	10	1.948387	0.200000	155	151	234.592929	2.519730	0.029933	0.037421	-0.719356	-0.000194	0.000012	0.073566	919.173717	0.680902	0.680902	5	1	4	2	10	1.948387	0.200000	5	0	155	151	143	1.553596	2.519730	234.592929	0.029933	46045	21.446204	30.524453	256x256	65536	sparse	Learned	275	5	23	2029	30.391096	0.570966	27.330468	0.999490	0.607337	0.316139	10	4	0.000000	28	2146	30.668992	0.624118	0.999404	26.646849	0.373433	0.605624	4241	31.222988	0.680489	0.999692	29.836143	0.239757	0.605245	0.187371	0.236326	-0.379848	-0.051561	True	0.578527	0.365552	0.609365	27.421955	0.999488	7291
7292.png	0.383355	0.248705	0.398340	0.881633	0.257296	0.988429	14.799551	0.999617	27.279654	0.178963	0.309266	0.623455	27.514857	0.537706	1007	1	0	0	2	1.923077	0.000000	26	25	35.213203	4.959942	0.036806						894.984484	0.178963	0.178963	1	0	1	0	2	1.923077	0.000000	2	0	26	25	24	1.408528	4.959942	35.213203	0.036806	45523	45.206554	65.080437	256x256	65536	sparse	Frangi	148	2												21	940	31.016604	0.596386	0.999542	26.626498	0.533668	0.243051												True	0.687765	0.428791				7292
7293.png	0.576471	0.880372	0.936381	0.907011	0.967717	0.999207	28.327469	0.999115	28.420578	0.573042	0.591392	0.500148	30.466502	0.533915	1967	4	4	7	8	2.000000	1.000000	129	129	204.237590	3.110388	0.040675	-0.007407	0.271993	0.000033	0.000033	-0.011574	1614.723444	0.573042	0.573042	4	4	0	7	8	2.000000	1.000000	4	0	129	129	114	1.583237	3.110388	204.237590	0.040675	45685	23.225724	33.317743	256x256	65536	sparse	Learned	249	4	23	1943	30.693473	0.578057	28.115670	0.999082	0.584615	0.322327	11	5	0.000000	30	1904	30.982976	0.619995	0.998891	27.582582	0.254609	0.524544	4775	31.752226	0.709852	0.999484	31.159669	0.113713	0.559023	0.304908	0.269065	-0.226970	-0.044142	True	0.597476	0.298827	0.583878	28.055476	0.999175	7293
7294.png	0.860270	0.933723	0.965726	0.962492	0.968982	0.999194	26.804780	0.999347	27.244161	0.886142	0.543424	1.039041	30.309468	0.541199	2309	5	0	1	9	1.929577	0.000000	142	137	215.651804	3.291434	0.039744	0.041599	-0.318183	-0.000168	-0.000020	0.053810	1172.621727	0.886142	0.886142	5	0	5	1	9	1.929577	0.000000	5	0	142	137	132	1.574101	3.291434	215.651804	0.039744	45967	19.907752	28.382850	256x256	65536	sparse	Learned	262	5	25	2261	30.662335	0.594805	27.142455	0.999367	0.832332	0.610932	5	8	0.000000	30	2056	30.887074	0.630930	0.999277	26.715203	0.581886	0.828979	4136	31.381636	0.678322	0.999669	30.048825	0.333326	0.832933	0.101707	-0.067508	-0.352867	-0.053606	True	0.564822	0.586873	0.818671	27.122963	0.999362	7294
7295.png	0.730450	0.914320	0.955243	0.951372	0.959145	0.999081	27.542639	0.999170	27.973975	0.762162	0.728827	0.746352	31.417580	0.599598	2546	4	10	17	8	2.060302	2.500000	199	205	312.391919	2.760319	0.037527	0.017715	-0.817888	-0.000219	-0.000079	0.032122	1165.463209	0.762162	0.762162	4	10	-6	17	8	2.060302	2.500000	4	2	199	205	174	1.523863	2.760319	312.391919	0.037527	44872	17.624509	25.740770	256x256	65536	sparse	Learned	319	4	31	2504	31.811179	0.650032	28.304764	0.999249	0.730040	0.532334	6	4	0.250000	42	2532	32.178748	0.696885	0.999193	28.326321	0.589344	0.729155	3572	32.229261	0.696451	0.999561	30.933906	0.485441	0.747411	-0.330790	0.196494	-0.393598	-0.050433	True	0.759492	0.566848	0.712736	28.360527	0.999299	7295
7296.png	0.646034	0.909360	0.952529	0.951643	0.953416	0.998853	27.686230	0.999024	28.200349	0.652803	0.667129	0.675161	31.444943	0.597436	2330	4	3	8	8	1.987952	0.750000	166	165	239.722871	3.239921	0.029767	0.012642	-0.575550	-0.000168	-0.000036	0.021469	1304.675341	0.652803	0.652803	4	3	1	8	8	1.987952	0.750000	4	0	166	165	150	1.452866	3.239921	239.722871	0.029767	44954	19.293562	28.127039	256x256	65536	sparse	Learned	286	4	29	2284	31.750792	0.639583	28.296831	0.999060	0.631334	0.323558	11	0	0.125000	41	2270	32.095545	0.680691	0.998963	28.375816	0.326993	0.617407	3792	32.292351	0.704263	0.999417	30.918377	0.326320	0.622001	-0.096482	0.343571	-0.305849	-0.042148	True	0.620158	0.418707	0.633392	28.261779	0.999021	7296
7297.png	0.704470	0.913073	0.954561	0.942937	0.966476	0.999098	28.469767	0.999183	28.770628	0.720930	0.681776	0.633920	31.349411	0.587579	2243	4	3	7	9	1.988439	0.750000	173	172	254.308658	2.853041	0.035253	0.006750	-0.127191	-0.000122	0.000004	0.019255	1093.157291	0.720930	0.720930	4	3	1	7	9	1.988439	0.750000	4	0	173	172	157	1.478539	2.853041	254.308658	0.035253	44875	20.006687	29.218012	256x256	65536	sparse	Learned	293	4	29	2187	31.729233	0.633153	28.568611	0.999179	0.701675	0.335746	11	4	0.000000	38	2226	31.999706	0.675661	0.999105	28.367173	0.162499	0.698423	4161	32.410064	0.718989	0.999529	31.309208	0.142435	0.683686	0.202017	0.346030	-0.379822	-0.045574	True	0.694254	0.440102	0.697720	28.596957	0.999220	7297
7298.png	0.306869	0.866067	0.928227	0.893013	0.966332	0.998954	29.221483	0.998739	29.273868	0.296784	0.649362	0.212440	30.477072	0.536135	2309	5	2	4	10	1.968254	0.400000	189	186	297.421356	2.922071	0.051066	-0.064608	0.323229	-0.000002	0.000066	-0.062624	1287.920237	0.296784	0.296784	5	2	3	4	10	1.968254	0.400000	5	0	189	186	175	1.599040	2.922071	297.421356	0.051066	45654	19.772196	28.382850	256x256	65536	sparse	Learned	309	5	26	2200	30.829513	0.592132	28.853968	0.998673	0.359408	0.132646	26	0	0.000000	30	2266	31.061579	0.635429	0.998401	28.098047	0.123993	0.262408	4112	31.528323	0.685983	0.999137	31.216909	0.031693	0.402760	0.419900	0.516716	-0.352441	-0.055997	True	0.653544	0.138839	0.371477	28.898253	0.998955	7298
7299.png	0.790686	0.906977	0.951220	0.954842	0.947624	0.998754	27.017703	0.998995	27.537832	0.813215	0.738154	0.972739	30.695688	0.566279	2656	4	8	17	9	2.041667	2.000000	192	196	314.220346	3.021607	0.037431	0.003547	-0.610861	-0.000258	-0.000053	0.031279	1320.113897	0.813215	0.813215	4	8	-4	17	9	2.041667	2.000000	4	1	192	196	166	1.603165	3.021607	314.220346	0.037431	45638	17.182982	24.674699	256x256	65536	sparse	Learned	312	4	29	2621	31.153836	0.628077	27.682664	0.999049	0.781936	0.650062	6	9	0.000000	36	2572	31.417491	0.674173	0.998947	27.424738	0.644520	0.772705	3479	31.539646	0.670621	0.999373	29.674156	0.661373	0.777557	-0.144832	0.088092	-0.458148	-0.061798	True	0.753403	0.732865	0.787139	27.628564	0.999012	7299
7300.png	0.761838	0.923025	0.959972	0.949544	0.970630	0.999200	27.145492	0.999320	27.543680	0.769869	0.561327	0.852345	31.500082	0.604418	2293	5	1	3	11	1.951515	0.200000	165	161	247.149278	2.893501	0.025088	0.035578	-0.173634	-0.000158	-0.000021	0.042537	899.531841	0.769869	0.769869	5	1	4	3	11	1.951515	0.200000	5	0	165	161	151	1.535089	2.893501	247.149278	0.025088	44878	19.571740	28.580898	256x256	65536	sparse	Learned	285	5	27	2067	31.779189	0.638461	27.329035	0.999341	0.727332	0.425518	7	2	0.000000	41	2290	32.182129	0.687594	0.999412	28.356227	0.451188	0.712621	3840	32.389194	0.708307	0.999687	31.261699	0.350791	0.740260	0.214645	0.135809	-0.279107	-0.034043	True	0.564822	0.481423	0.726261	27.319126	0.999358	7300
7301.png	0.647105	0.874695	0.933160	0.930736	0.935596	0.999188	27.863946	0.999301	28.232466	0.661085	0.561765	0.647880	30.710175	0.542495	1816	4	3	7	10	1.983471	0.750000	121	120	194.237590	2.908749	0.034971	-0.026630	0.135371	-0.000034	0.000068	-0.027185	1037.698269	0.661085	0.661085	4	3	1	7	10	1.983471	0.750000	4	0	121	120	104	1.618647	2.908749	194.237590	0.034971	45516	25.063877	36.088106	256x256	65536	sparse	Learned	241	4	23	1778	30.872327	0.579864	27.752918	0.999234	0.688269	0.403494	6	1	0.250000	30	1806	31.101128	0.623197	0.999099	27.218841	0.140414	0.679905	5321	32.141694	0.735703	0.999641	31.502081	0.035855	0.570440	0.479548	0.158271	-0.162152	-0.037368	True	0.585217	0.379151	0.673736	27.728575	0.999222	7301
7302.png	0.712755	0.916388	0.956370	0.960280	0.952491	0.998634	28.100788	0.998818	28.464997	0.731230	0.691181	0.914615	31.505206	0.604804	2311	4	8	15	10	2.050000	2.000000	160	164	263.865007	3.294199	0.038298	0.004068	-0.340914	-0.000205	-0.000016	0.015418	1287.069082	0.731230	0.731230	4	8	-4	15	10	2.050000	2.000000	4	1	160	164	135	1.608933	3.294199	263.865007	0.038298	44678	19.332756	28.358286	256x256	65536	sparse	Learned	280	4	29	2200	31.913486	0.645182	28.353701	0.998834	0.715812	0.550671	7	8	0.000000	41	2144	32.208573	0.682924	0.998810	28.486505	0.558466	0.686432	3982	32.525230	0.717948	0.999363	31.404377	0.421399	0.700107	0.111296	0.140510	-0.408280	-0.040378	True	0.720569	0.659043	0.708686	28.441701	0.998839	7302
7303.png	0.694747	0.876163	0.933994	0.934238	0.933751	0.998812	28.157866	0.998951	28.599044	0.713784	0.700008	0.710526	30.812530	0.563540	2559	5	7	14	11	2.018519	1.400000	216	218	345.634560	2.874512	0.049265	0.018724	-0.393716	-0.000127	0.000030	0.028617	1152.544260	0.713784	0.713784	5	7	-2	14	11	2.018519	1.400000	5	1	216	218	191	1.585480	2.874512	345.634560	0.049265	45395	17.739351	25.610004	256x256	65536	sparse	Learned	336	5	29	2525	31.208892	0.623885	28.549990	0.998921	0.685167	0.432208	10	4	0.000000	35	2466	31.469874	0.667511	0.998777	28.113182	0.281076	0.659004	3571	31.630675	0.676228	0.999304	30.250390	0.185113	0.660555	0.049054	0.267800	-0.396362	-0.060345	True	0.727468	0.516885	0.676023	28.551582	0.998939	7303
7305.png	0.623119	0.898611	0.946598	0.929598	0.964232	0.999268	28.191202	0.999233	28.388691	0.623995	0.655272	0.615258	30.485591	0.540168	2116	4	4	11	12	2.000000	1.000000	152	152	254.007143	2.897373	0.050179	-0.000088	0.135822	-0.000021	0.000032	0.002028	1163.915634	0.623995	0.623995	4	4	0	11	12	2.000000	1.000000	4	0	152	152	129	1.671100	2.897373	254.007143	0.050179	45648	21.572779	30.971645	256x256	65536	sparse	Learned	272	4	24	1962	30.826613	0.586134	28.099468	0.999200	0.621967	0.384918	10	2	0.000000	30	2038	31.036773	0.629813	0.999039	27.600102	0.286036	0.567532	4334	31.639855	0.696610	0.999512	30.650428	0.226374	0.616941	0.289223	0.270354	-0.341022	-0.045966	True	0.665460	0.409430	0.623207	28.055380	0.999289	7305
7306.png	0.566367	0.874442	0.933016	0.904734	0.963122	0.998691	28.110756	0.998649	28.521983	0.592287	0.552465	0.509186	30.690611	0.550667	2190	5	5	9	9	2.000000	1.000000	148	148	228.308658	3.728744	0.031630	0.000360	0.152492	-0.000049	0.000119	0.002626	1373.685122	0.592287	0.592287	5	5	0	9	9	2.000000	1.000000	5	1	148	148	130	1.542626	3.728744	228.308658	0.031630	45562	20.804566	29.925114	256x256	65536	sparse	Learned	268	5	25	2037	30.981348	0.595961	27.999681	0.998531	0.589661	0.319859	11	4	0.000000	32	1958	31.177475	0.634038	0.998321	27.618966	0.438232	0.573319	4238	31.725802	0.696239	0.999195	31.102411	0.277989	0.570968	0.522302	0.232606	-0.290737	-0.045295	True	0.604656	0.307883	0.566007	27.958263	0.998741	7306
7307.png	0.769697	0.893451	0.943728	0.940887	0.946586	0.998919	27.808038	0.999087	28.269329	0.792453	0.734197	0.966475	30.986512	0.574878	2517	4	8	15	9	2.042328	2.000000	189	193	314.149278	3.049582	0.042342	-0.005823	-0.517651	-0.000193	-0.000022	0.015005	1212.243557	0.792453	0.792453	4	8	-4	15	9	2.042328	2.000000	4	2	189	193	165	1.627716	3.049582	314.149278	0.042342	45225	17.967819	26.037346	256x256	65536	sparse	Learned	309	4	29	2440	31.373727	0.628176	28.333048	0.999109	0.777448	0.585217	7	7	0.000000	38	2482	31.659162	0.675748	0.998972	27.913978	0.385328	0.798628	3716	31.846733	0.688278	0.999393	30.348063	0.388598	0.775073	-0.063719	0.148980	-0.387214	-0.053298	True	0.758286	0.732865	0.775520	28.325689	0.999112	7307
7308.png	0.658812	0.885714	0.939394	0.934750	0.944084	0.998531	27.697970	0.998729	28.314778	0.664316	0.749676	0.631642	31.139561	0.595610	2611	4	7	17	10	2.032432	1.750000	185	188	312.563492	3.327086	0.049993	0.005909	-0.936474	-0.000325	-0.000063	0.009844	1407.258272	0.664316	0.664316	4	7	-3	17	10	2.032432	1.750000	4	0	185	188	158	1.662572	3.327086	312.563492	0.049993	45006	17.237074	25.099962	256x256	65536	sparse	Learned	305	4	31	2531	31.730295	0.647951	28.595373	0.998792	0.654472	0.344594	16	14	0.000000	41	2574	32.064752	0.691144	0.998726	28.488750	0.358718	0.650569	3600	32.149108	0.695962	0.999275	30.998768	0.323620	0.647982	-0.280595	0.405082	-0.590734	-0.052342	True	0.659043	0.416280	0.652904	28.634444	0.998856	7308
7309.png	0.617761	0.900579	0.947689	0.953988	0.941473	0.999246	26.689473	0.999535	27.871978	0.654726	0.541594	0.762955	31.234311	0.590805	1821	4	0	0	8	1.933333	0.000000	120	116	174.781746	2.786544	0.032211	-0.003520	-1.036656	-0.000260	0.000013	0.023099	936.096191	0.654726	0.654726	4	0	4	0	8	1.933333	0.000000	4	0	120	116	112	1.506739	2.786544	174.781746	0.032211	44795	24.599121	35.989017	256x256	65536	sparse	Learned	240	4	25	1796	31.641428	0.621039	27.734392	0.999522	0.631627	0.363646	5	0	0.875000	36	1818	31.943953	0.661536	0.999526	27.741897	0.464739	0.613636	4967	32.741069	0.743412	0.999782	32.187036	0.317846	0.621350	0.137586	0.177948	-0.407117	-0.030234	True	0.576838	0.440102	0.621280	27.726129	0.999506	7309
7310.png	0.709869	0.908793	0.952218	0.957346	0.947144	0.998411	27.968977	0.998566	28.423713	0.723182	0.795052	0.601878	30.450212	0.552923	2994	4	9	15	9	2.042194	2.250000	237	242	371.676190	3.293472	0.042735	-0.009936	-0.628873	-0.000253	-0.000058	0.011470	1379.260540	0.723182	0.723182	4	9	-5	15	9	2.042194	2.250000	4	1	237	242	213	1.535852	3.293472	371.676190	0.042735	45750	15.280561	21.889112	256x256	65536	sparse	Learned	357	4	31	2888	31.034283	0.627653	28.635852	0.998624	0.711712	0.489471	13	17	0.000000	38	2994	31.359224	0.684838	0.998321	27.964124	0.290701	0.690458	3056	31.164838	0.644776	0.998747	29.387282	0.278306	0.699245	-0.212139	0.305581	-0.584070	-0.074730	True	0.809861	0.487438	0.719805	28.597851	0.998664	7310
7311.png	0.560639	0.911365	0.953628	0.962991	0.944444	0.999101	27.716224	0.999349	28.193421	0.580789	0.655272	0.354645	31.704655	0.610100	2157	4	1	3	9	1.963855	0.250000	166	163	234.852814	2.755531	0.030034	0.013337	-0.364427	-0.000230	0.000003	0.023330	1069.490671	0.580789	0.580789	4	1	3	3	9	1.963855	0.250000	4	0	166	163	154	1.440815	2.755531	234.852814	0.030034	44653	20.701437	30.382939	256x256	65536	sparse	Learned	286	4	29	2147	32.006985	0.648294	28.009188	0.999347	0.557459	0.255130	11	0	0.125000	41	2122	32.313277	0.688266	0.999296	28.231784	0.232026	0.526619	4191	32.733829	0.728920	0.999667	31.832275	0.264859	0.584946	0.184233	0.400142	-0.302330	-0.038194	True	0.676967	0.240083	0.547302	28.080652	0.999331	7311
7312.png	0.703367	0.904208	0.949694	0.963740	0.936052	0.999316	27.657408	0.999473	28.034819	0.736792	0.607414	0.574129	31.641314	0.598729	2071	4	2	4	8	1.973510	0.500000	151	149	205.852814	2.484190	0.019860	-0.016668	-0.416018	-0.000164	-0.000040	-0.002873	880.793333	0.736792	0.736792	4	2	2	4	8	1.973510	0.500000	4	0	151	149	139	1.381563	2.484190	205.852814	0.019860	44712	21.589570	31.644616	256x256	65536	sparse	Learned	271	4	27	1905	31.860209	0.631081	28.025182	0.999513	0.739666	0.539757	5	3	0.000000	41	2052	32.201860	0.675446	0.999513	28.503930	0.554251	0.701149	4208	32.593615	0.724662	0.999754	31.464302	0.327238	0.712898	0.009636	0.067657	-0.218894	-0.032351	True	0.622808	0.357572	0.720034	28.073426	0.999481	7312
7313.png	0.690551	0.869151	0.929996	0.941581	0.918692	0.999023	26.916996	0.999290	27.856240	0.759136	0.536987	0.854981	30.965655	0.569446	1819	4	3	5	8	1.982301	0.750000	113	112	166.124892	3.056615	0.044334	-0.021413	-0.522408	-0.000199	0.000065	0.015800	1285.397053	0.759136	0.759136	4	3	1	5	8	1.982301	0.750000	4	0	113	112	100	1.483258	3.056615	166.124892	0.044334	45195	24.846069	36.028587	256x256	65536	sparse	Learned	233	4	22	1645	31.251079	0.596006	27.347238	0.999225	0.743336	0.425518	7	3	0.000000	31	1608	31.448096	0.632659	0.999155	27.037448	0.352273	0.731783	5180	32.460984	0.742399	0.999697	31.799157	0.369863	0.736154	0.509002	0.111469	-0.285424	-0.026561	True	0.593430	0.507372	0.711965	27.439403	0.999221	7313
7314.png	0.662173	0.885805	0.939445	0.953886	0.925435	0.998904	27.923189	0.999314	28.277088	0.681633	0.593430	0.624147	30.699068	0.544031	1905	4	4	10	11	2.000000	1.000000	131	131	210.651804	2.812204	0.045915	0.001679	-0.031231	-0.000108	0.000094	-0.009814	1120.558977	0.681633	0.681633	4	4	0	10	11	2.000000	1.000000	4	0	131	131	110	1.608029	2.812204	210.651804	0.045915	45589	23.931234	34.402100	256x256	65536	sparse	Learned	251	4	23	1821	30.852977	0.582090	27.813632	0.999220	0.691447	0.375890	7	0	0.625000	30	1816	31.085915	0.622828	0.999083	27.128806	0.501424	0.682362	4607	31.839407	0.707798	0.999596	31.198146	0.320683	0.668530	0.463455	0.217540	-0.153909	-0.038059	True	0.583138	0.363964	0.660494	27.954420	0.999012	7314
7315.png	0.728005	0.907703	0.951619	0.946676	0.956613	0.999210	27.608041	0.999286	27.970054	0.742761	0.680181	0.856217	31.186584	0.583371	2293	4	8	14	8	2.045198	2.000000	177	181	261.894444	2.975081	0.028249	-0.014263	-0.174758	-0.000121	0.000025	0.008705	1058.481693	0.742761	0.742761	4	8	-4	14	8	2.045198	2.000000	4	1	177	181	155	1.446931	2.975081	261.894444	0.028249	45077	19.658526	28.580898	256x256	65536	sparse	Learned	297	4	27	2127	31.499710	0.625498	27.763470	0.999260	0.734056	0.598280	5	5	0.000000	37	2264	31.753219	0.672663	0.999212	27.786552	0.427361	0.708756	4087	32.166353	0.706545	0.999602	30.764411	0.388598	0.720409	0.206584	0.081901	-0.313126	-0.042126	True	0.691181	0.591801	0.742268	27.782799	0.999331	7315
7316.png	0.647360	0.794000	0.885173	0.869660	0.901249	0.998541	28.521340	0.998496	29.013964	0.679303	0.618636	0.658737	30.479240	0.534724	2214	5	14	25	9	2.112500	2.800000	160	169	275.764502	3.243523	0.073584	-0.006034	-0.174929	-0.000113	0.000085	-0.003325	1488.592386	0.679303	0.679303	5	14	-9	25	9	2.112500	2.800000	5	1	160	169	126	1.631743	3.243523	275.764502	0.073584	45652	20.619693	29.600723	256x256	65536	sparse	Learned	280	5	26	2212	30.813894	0.592138	28.690628	0.998411	0.682629	0.363168	16	9	0.000000	30	2058	30.999712	0.626608	0.998014	27.887764	0.037268	0.483642	4165	31.546926	0.688256	0.999041	30.907474	0.033905	0.485164	0.323336	0.255467	-0.334654	-0.057414	True	0.645129	0.424970	0.653395	28.696268	0.998654	7316
7317.png	0.668539	0.873418	0.932432	0.919387	0.945853	0.999085	27.244375	0.999166	27.703318	0.687383	0.676967	0.472960	31.008989	0.578293	2327	4	8	14	9	2.047337	2.000000	169	173	272.563492	2.785597	0.034455	0.010430	-0.466039	-0.000172	-0.000029	0.012587	1299.507618	0.687383	0.687383	4	8	-4	14	9	2.047337	2.000000	4	1	169	173	146	1.575512	2.785597	272.563492	0.034455	45223	19.434035	28.163300	256x256	65536	sparse	Learned	289	4	28	2254	31.408264	0.625666	27.749987	0.999195	0.674797	0.336350	12	2	0.000000	35	2098	31.589115	0.660947	0.999107	27.361836	0.582443	0.651190	3870	31.992525	0.696119	0.999563	30.864742	0.389725	0.665499	-0.046669	0.340617	-0.399275	-0.047373	True	0.713495	0.337455	0.658110	27.710414	0.999258	7317
7318.png	0.625173	0.850427	0.919169	0.892377	0.947619	0.999296	28.203446	0.999336	28.479687	0.669876	0.707707	0.941720	31.035945	0.571417	2227	4	7	13	9	2.033708	1.750000	178	181	294.149278	2.444279	0.042501	-0.012710	-0.150811	-0.000096	-0.000005	-0.011785	1037.288666	0.669876	0.669876	4	7	-3	13	9	2.033708	1.750000	4	2	178	181	156	1.625134	2.444279	294.149278	0.042501	45226	20.308038	29.427930	256x256	65536	sparse	Learned	298	4	27	2213	31.354832	0.618803	28.392521	0.999341	0.681661	0.474024	8	3	0.250000	36	2132	31.631376	0.660055	0.999284	28.043847	0.219072	0.662767	4112	32.076633	0.703570	0.999611	31.021501	0.227096	0.649158	0.087166	0.233683	-0.318887	-0.047386	True	0.742053	0.698806	0.637883	28.354257	0.999392	7318
7319.png	0.729762	0.893735	0.943886	0.970000	0.919141	0.998919	26.750570	0.999252	27.438916	0.775472	0.626561	1.004819	30.279197	0.534310	2185	4	5	7	6	2.012500	1.250000	160	161	230.308658	3.386716	0.023536	-0.030564	-0.284898	-0.000164	0.000098	-0.000630	1297.842264	0.775472	0.775472	4	5	-1	7	6	2.012500	1.250000	4	2	160	161	147	1.430489	3.386716	230.308658	0.023536	45926	21.018764	29.993593	256x256	65536	sparse	Learned	280	4	23	2073	30.503580	0.580476	26.926578	0.999154	0.776101	0.663784	4	5	0.250000	30	2044	30.854332	0.626720	0.999076	26.572506	0.341638	0.742071	4108	31.372663	0.681508	0.999587	30.190433	0.624689	0.779119	0.512338	-0.037223	-0.224383	-0.046166	True	0.673720	0.676967	0.760326	27.035468	0.999083	7319
7320.png	0.624500	0.888199	0.940789	0.921837	0.960537	0.999096	28.772043	0.999085	29.068079	0.642180	0.546155	0.599493	31.003566	0.556491	1778	4	2	8	6	1.963636	0.500000	110	108	164.195959	3.246080	0.043768	-0.017446	0.632443	0.000090	0.000168	-0.013236	1276.397228	0.642180	0.642180	4	2	2	8	6	1.963636	0.500000	4	0	110	108	96	1.520333	3.246080	164.195959	0.043768	45270	25.461192	36.859393	256x256	65536	sparse	Learned	230	4	23	1734	31.092535	0.588868	28.202219	0.998917	0.655416	0.472708	6	4	0.000000	32	1660	31.347243	0.624058	0.998760	27.710328	0.266553	0.598284	5072	32.261868	0.733821	0.999490	31.562435	0.108634	0.615793	0.865860	0.073448	-0.088969	-0.032377	True	0.557361	0.334134	0.641946	28.139601	0.999006	7320
7321.png	0.640144	0.870934	0.931015	0.919847	0.942458	0.999040	27.677804	0.999050	27.862064	0.644162	0.597476	0.494808	29.942485	0.521133	2546	5	5	11	14	2.000000	1.000000	195	195	322.672764	2.913830	0.046446	-0.007722	-0.015448	-0.000106	-0.000015	-0.000983	1262.320518	0.644162	0.644162	5	5	0	11	14	2.000000	1.000000	6	0	195	195	170	1.654732	2.913830	322.672764	0.046446	46114	18.112333	25.740770	256x256	65536	sparse	Learned	315	6	26	2408	30.474322	0.588970	27.724526	0.999065	0.645145	0.359176	12	3	0.000000	29	2352	30.677408	0.630405	0.998887	27.008161	0.364917	0.613232	3494	30.935978	0.644101	0.999380	29.659405	0.246373	0.621432	0.137538	0.238300	-0.531838	-0.067838	True	0.689012	0.340928	0.647866	27.693252	0.999146	7321
7322.png	0.705941	0.936500	0.967209	0.972987	0.961499	0.998569	27.394214	0.998747	27.868486	0.717611	0.712059	0.762658	30.221387	0.535797	2655	4	1	3	9	1.968586	0.250000	191	188	296.119841	3.306287	0.042151	-0.009690	-0.621680	-0.000233	-0.000042	0.009592	1578.259468	0.717611	0.717611	4	1	3	3	9	1.968586	0.250000	4	0	191	188	179	1.575106	3.306287	296.119841	0.042151	45955	17.308851	24.683992	256x256	65536	sparse	Learned	311	4	27	2507	30.641373	0.600167	27.997112	0.998789	0.708019	0.447517	12	6	0.000000	31	2568	30.909467	0.655662	0.998493	27.168676	0.670441	0.681709	3483	30.993635	0.646782	0.998972	29.193575	0.351656	0.719223	-0.128626	0.264542	-0.419986	-0.064370	True	0.723349	0.551668	0.715631	28.015894	0.998802	7322
7323.png	0.538399	0.891956	0.942893	0.932399	0.953626	0.999244	28.298118	0.999376	28.732563	0.547812	0.622808	0.472928	31.491381	0.588884	2024	4	4	8	10	2.000000	1.000000	149	149	226.066017	2.800380	0.024658	-0.025601	-0.375808	-0.000135	0.000001	-0.022711	1127.565145	0.547812	0.547812	4	4	0	8	10	2.000000	1.000000	4	0	149	149	131	1.517222	2.800380	226.066017	0.024658	44755	22.112154	32.379447	256x256	65536	sparse	Learned	269	4	26	1953	31.640325	0.622710	28.694122	0.999375	0.570523	0.245726	10	2	0.000000	36	1960	31.962162	0.664673	0.999254	28.319369	0.259182	0.561472	4453	32.540741	0.726829	0.999649	31.746281	0.222311	0.582540	0.038442	0.377081	-0.148943	-0.033826	True	0.626561	0.296318	0.564000	28.673926	0.999380	7323
7324.png	0.663600	0.869364	0.930118	0.918754	0.941766	0.998974	27.112740	0.999199	28.083534	0.688543	0.712059	0.444984	30.303595	0.537810	2442	4	5	11	11	2.010363	1.250000	193	194	294.320851	2.884726	0.037810	0.007300	-0.995037	-0.000337	-0.000046	0.034738	1063.286304	0.688543	0.688543	4	5	-1	11	11	2.010363	1.250000	4	0	193	194	171	1.517118	2.884726	294.320851	0.037810	45795	18.753071	26.837019	256x256	65536	sparse	Learned	313	4	26	2280	30.758335	0.596249	28.065346	0.999245	0.653805	0.574007	6	3	0.000000	31	2236	30.987670	0.639764	0.999142	27.609679	0.224063	0.645281	3682	31.300181	0.663902	0.999445	29.803764	0.271206	0.631468	0.018188	0.138052	-0.454740	-0.058439	True	0.745893	0.331911	0.656300	28.107777	0.999311	7324
7325.png	0.553342	0.900128	0.947439	0.940468	0.954515	0.998639	28.610235	0.998708	28.865739	0.570509	0.619017	0.486765	31.270416	0.576997	2050	4	3	6	9	1.986928	0.750000	153	152	225.379726	3.166214	0.029614	0.002166	-0.110727	-0.000103	-0.000001	0.014251	1476.863861	0.570509	0.570509	4	3	1	6	9	1.986928	0.750000	4	0	153	152	138	1.482761	3.166214	225.379726	0.029614	45040	21.970732	31.968780	256x256	65536	sparse	Learned	273	4	27	2021	31.508883	0.616373	28.724839	0.998709	0.556258	0.394816	9	5	0.000000	36	2022	31.732108	0.658086	0.998616	28.525125	0.212498	0.526616	4355	32.270718	0.717882	0.999268	31.416444	0.128102	0.543805	0.140900	0.224201	-0.238467	-0.039377	True	0.651808	0.317277	0.551176	28.720962	0.998742	7325
7326.png	0.584109	0.924006	0.960502	0.962990	0.958027	0.998908	27.355029	0.999002	27.856760	0.598551	0.599483	0.680384	31.393363	0.593108	2033	4	1	5	9	1.955556	0.250000	135	132	208.722871	3.145446	0.023043	-0.012298	-0.648272	-0.000173	0.000014	-0.000755	1481.080294	0.598551	0.598551	4	1	3	5	9	1.955556	0.250000	4	0	135	132	121	1.581234	3.145446	208.722871	0.023043	45006	22.137727	32.236104	256x256	65536	sparse	Learned	255	4	26	1915	31.657200	0.623145	27.976852	0.998988	0.599306	0.451188	5	1	0.375000	36	1906	31.912317	0.663262	0.998919	27.723925	0.611320	0.593772	4509	32.530457	0.728566	0.999499	31.399919	0.317657	0.598464	-0.120092	0.148295	-0.263837	-0.030037	True	0.613259	0.417252	0.596406	28.003301	0.999081	7326
7327.png	0.718457	0.888068	0.940716	0.936526	0.944944	0.999530	26.740444	0.999660	27.443315	0.763578	0.532334	0.821294	30.221620	0.527314	1790	4	1	2	8	1.948718	0.250000	117	114	169.195959	2.665946	0.044624	0.050254	-0.244438	-0.000136	-0.000008	0.064513	841.135502	0.763578	0.763578	4	1	3	2	8	1.948718	0.250000	4	0	117	114	107	1.484175	2.665946	169.195959	0.044624	45833	25.605028	36.612291	256x256	65536	sparse	Learned	237	4	22	1782	30.604976	0.568449	26.977627	0.999668	0.699065	0.470594	5	2	0.000000	27	1696	30.788324	0.606928	0.999549	26.056301	0.477954	0.703232	4973	31.721317	0.713146	0.999871	31.586551	0.367312	0.696714	0.465687	0.061739	-0.383357	-0.041136	True	0.527633	0.433342	0.668203	26.984881	0.999666	7327
7328.png	0.747568	0.900000	0.947368	0.955959	0.938931	0.998492	27.524935	0.998638	28.183856	0.768390	0.717761	0.750274	30.336308	0.537309	2587	4	5	7	7	2.009950	1.250000	201	202	289.279221	3.422577	0.021931	0.018204	-0.571701	-0.000219	0.000054	0.041571	1312.133312	0.768390	0.768390	4	5	-1	7	7	2.009950	1.250000	4	1	201	202	187	1.432075	3.422577	289.279221	0.021931	45834	17.717047	25.332818	256x256	65536	sparse	Learned	321	4	27	2431	30.725538	0.600810	28.096466	0.998584	0.726818	0.546155	10	19	0.000000	32	2524	31.010160	0.654094	0.998163	27.317610	0.168150	0.727753	3654	31.210927	0.661217	0.999084	29.983878	0.255249	0.706981	0.087390	0.171605	-0.389231	-0.063501	True	0.748421	0.561521	0.729364	28.096637	0.998711	7328
7329.png	0.653061	0.883019	0.937876	0.926121	0.949932	0.999127	27.927330	0.999182	28.252981	0.689097	0.703290	0.825996	30.366497	0.533961	2207	4	7	15	11	2.034091	1.750000	176	179	279.279221	2.826066	0.037583	0.031036	-0.126584	-0.000134	-0.000010	0.036898	1138.788700	0.689097	0.689097	4	7	-3	15	11	2.034091	1.750000	4	0	176	179	150	1.560219	2.826066	279.279221	0.037583	45717	20.714545	29.694608	256x256	65536	sparse	Learned	296	4	25	2156	30.739842	0.589576	28.133182	0.999193	0.652198	0.549385	7	7	0.000000	29	2054	30.958139	0.626593	0.999034	27.430864	0.167201	0.628022	4182	31.512202	0.689062	0.999521	30.698468	0.119650	0.631771	0.119799	0.153905	-0.373344	-0.055615	True	0.713495	0.589344	0.622025	28.053915	0.999261	7329
7330.png	0.718603	0.930013	0.963738	0.964410	0.963066	0.999084	26.728266	0.999242	27.085049	0.740640	0.673720	0.722155	30.801226	0.574871	2431	4	0	0	8	1.956044	0.000000	182	178	258.936075	2.840016	0.020745	0.018726	-0.525292	-0.000191	-0.000035	0.026177	1227.862358	0.740640	0.740640	4	0	4	0	8	1.956044	0.000000	4	0	182	178	174	1.454697	2.840016	258.936075	0.020745	45471	18.704648	26.958453	256x256	65536	sparse	Learned	302	4	29	2424	31.319330	0.628163	27.247551	0.999277	0.714463	0.396159	9	1	0.000000	35	2190	31.550569	0.664011	0.999227	27.235154	0.381217	0.696115	3806	31.863515	0.689814	0.999654	30.701793	0.330637	0.709317	-0.162502	0.277561	-0.518104	-0.053293	True	0.691181	0.499140	0.699877	27.253558	0.999274	7330
7331.png	0.647428	0.892487	0.943190	0.921739	0.965662	0.999257	27.628736	0.999272	27.875447	0.682698	0.650062	0.627428	31.361621	0.602071	2222	4	5	12	11	2.013158	1.250000	152	153	246.208153	3.124120	0.040864	-0.005325	0.097017	-0.000072	0.000019	0.004041	1166.418314	0.682698	0.682698	4	5	-1	12	11	2.013158	1.250000	4	1	152	153	129	1.609204	3.124120	246.208153	0.040864	44825	20.173267	29.494149	256x256	65536	sparse	Learned	272	4	27	2024	31.764425	0.637287	27.531208	0.999253	0.678657	0.458973	7	1	0.625000	39	2150	32.069665	0.681353	0.999268	28.079659	0.475337	0.668498	4155	32.503698	0.719983	0.999647	31.529957	0.352735	0.675545	0.344239	0.191089	-0.402804	-0.035216	True	0.691181	0.433666	0.652753	27.531719	0.999329	7331
7332.png	0.626363	0.930808	0.964164	0.965427	0.962905	0.998140	27.568950	0.998433	27.995112	0.638500	0.604656	0.844142	30.956066	0.578216	2519	5	4	8	10	1.988439	0.800000	173	172	259.480231	3.422812	0.047776	-0.007618	-0.492658	-0.000188	0.000007	0.001384	1546.317339	0.638500	0.638500	5	4	1	8	10	1.988439	0.800000	5	0	173	172	155	1.508606	3.422812	259.480231	0.047776	45319	17.990869	26.016673	256x256	65536	sparse	Learned	293	5	30	2516	31.438695	0.634612	28.045650	0.998426	0.637116	0.468472	10	5	0.000000	37	2474	31.665353	0.677018	0.998329	28.061696	0.581647	0.654785	3776	31.901717	0.688985	0.998971	30.648923	0.681093	0.626530	-0.050538	0.136184	-0.482629	-0.056396	True	0.623185	0.526056	0.633981	28.061607	0.998327	7332
7333.png	0.682911	0.919820	0.958236	0.963710	0.952824	0.998882	27.722761	0.999081	28.081869	0.712249	0.557803	0.734572	30.678636	0.552968	2255	4	1	3	11	1.963190	0.250000	163	160	243.752157	3.128240	0.019134	-0.001171	-0.001099	-0.000087	0.000054	0.007422	1344.411373	0.712249	0.712249	4	1	3	3	11	1.963190	0.250000	5	0	163	160	149	1.523451	3.128240	243.752157	0.019134	45542	20.196009	29.062528	256x256	65536	sparse	Learned	283	5	25	2067	30.974363	0.597894	27.736796	0.999027	0.704827	0.417252	9	4	0.000000	31	2012	31.176179	0.638762	0.998904	27.441219	0.421124	0.694600	4258	31.707941	0.696913	0.999464	30.665738	0.294842	0.677701	0.345073	0.140551	-0.295727	-0.044926	True	0.578527	0.424970	0.684083	27.723860	0.998969	7333
7334.png	0.643064	0.882048	0.937328	0.931915	0.942804	0.998615	28.719511	0.998601	29.089350	0.662777	0.641204	0.486020	30.770977	0.548543	2047	4	3	5	8	1.986486	0.750000	148	147	223.580736	3.488656	0.035193	0.008364	0.096719	-0.000003	0.000186	0.005602	1354.851007	0.662777	0.662777	4	3	1	5	8	1.986486	0.750000	4	1	148	147	135	1.520957	3.488656	223.580736	0.035193	45459	22.207621	32.015633	256x256	65536	sparse	Learned	268	4	25	1995	31.027437	0.593471	28.664818	0.998415	0.657175	0.351263	11	3	0.000000	31	1954	31.220833	0.631286	0.998189	28.171866	0.105686	0.594951	4476	31.854747	0.706632	0.999111	31.242334	0.043251	0.566620	0.424532	0.289941	-0.256460	-0.044928	True	0.673720	0.327442	0.634701	28.622792	0.998617	7334
7335.png	0.765320	0.900139	0.947445	0.945375	0.949525	0.999099	27.833725	0.999250	28.276171	0.780659	0.604656	0.800803	31.545303	0.600709	2189	5	4	8	11	1.987952	0.800000	166	165	262.450793	2.572107	0.044357	-0.004219	-0.540895	-0.000204	-0.000020	-0.002417	1015.300035	0.780659	0.780659	5	4	1	8	11	1.987952	0.800000	5	0	166	165	147	1.590611	2.572107	262.450793	0.044357	44695	20.417999	29.938785	256x256	65536	sparse	Learned	286	5	27	1985	31.828455	0.634310	28.335326	0.999270	0.783076	0.491933	7	0	0.800000	40	2166	32.166485	0.680679	0.999262	28.479400	0.342953	0.764120	4067	32.486061	0.718399	0.999635	31.567232	0.255807	0.760396	-0.059156	0.112723	-0.283151	-0.033601	True	0.612485	0.490480	0.769539	28.374620	0.999303	7335
7336.png	0.593468	0.837004	0.911271	0.899408	0.923451	0.999521	27.435144	0.999647	28.004590	0.657439	0.541594	0.751868	30.422350	0.527620	1756	4	0	0	8	1.937984	0.000000	129	125	172.710678	2.454301	0.026256	0.021753	-0.359517	-0.000125	-0.000006	0.029366	856.377602	0.657439	0.657439	4	0	4	0	8	1.937984	0.000000	4	0	129	125	121	1.381685	2.454301	172.710678	0.026256	45738	26.046697	37.321185	256x256	65536	sparse	Learned	249	4	22	1716	30.669447	0.565467	27.879733	0.999654	0.628074	0.317846	8	0	0.500000	27	1752	30.896903	0.609630	0.999582	27.024588	0.273851	0.617179	5226	31.882362	0.725347	0.999836	31.294366	0.181269	0.654527	0.124857	0.223748	-0.247097	-0.037848	True	0.539296	0.405479	0.571715	27.794661	0.999646	7336
7337.png	0.769795	0.906891	0.951173	0.934996	0.967919	0.999048	28.497171	0.999052	28.699502	0.788364	0.528577	0.946651	31.541631	0.590710	1965	5	3	4	8	1.972789	0.600000	147	145	207.610173	2.948933	0.037937	0.010082	-0.198974	-0.000109	-0.000016	0.022949	1213.356972	0.788364	0.788364	5	3	2	4	8	1.972789	0.600000	5	1	147	145	135	1.431794	2.948933	207.610173	0.037937	44742	22.769466	33.351654	256x256	65536	sparse	Learned	267	5	26	1854	31.746386	0.621468	28.720733	0.999069	0.765415	0.466647	7	5	0.000000	36	1906	31.981973	0.664215	0.998933	28.351598	0.113572	0.752243	4832	32.746889	0.744008	0.999563	32.245482	0.044250	0.674419	-0.021231	0.061930	-0.204756	-0.030759	True	0.550671	0.521293	0.759712	28.696145	0.999157	7337
7339.png	0.751762	0.910922	0.953385	0.942308	0.964725	0.999406	27.636840	0.999499	27.891112	0.775862	0.547062	0.861238	31.127938	0.589085	2262	5	4	8	11	1.987261	0.800000	157	156	231.622366	2.758340	0.026967	0.045179	-0.170658	-0.000122	-0.000004	0.048971	1267.393589	0.775862	0.775862	5	4	1	8	11	1.987261	0.800000	5	0	157	156	138	1.484759	2.758340	231.622366	0.026967	45061	19.920866	28.972591	256x256	65536	sparse	Learned	277	5	28	2232	31.615687	0.632474	27.785046	0.999503	0.726891	0.550671	5	1	0.500000	38	2222	31.872179	0.677964	0.999500	27.842010	0.455872	0.732534	3966	32.235649	0.705902	0.999749	31.116535	0.336350	0.722968	0.106066	-0.003609	-0.487749	-0.043389	True	0.548870	0.472708	0.706583	27.807499	0.999529	7339
7340.png	0.375727	0.848022	0.917762	0.913987	0.921569	0.998996	28.452434	0.999107	29.034776	0.385735	0.603469	0.234589	31.495160	0.589616	1929	4	5	10	9	2.014184	1.250000	141	142	225.764502	3.049176	0.028852	0.004422	-0.273062	-0.000170	0.000036	0.008485	1058.535337	0.385735	0.385735	4	5	-1	10	9	2.014184	1.250000	4	1	141	142	122	1.589891	3.049176	225.764502	0.028852	44659	23.151374	33.974080	256x256	65536	sparse	Learned	261	4	26	1836	31.741998	0.620601	28.659958	0.999071	0.377250	0.159574	13	0	0.000000	37	1926	32.009602	0.663595	0.999060	28.855457	0.320035	0.380100	4801	32.697009	0.738832	0.999511	31.828952	0.121152	0.476529	0.374818	0.443895	-0.246837	-0.030985	True	0.630277	0.147856	0.371305	28.725496	0.999166	7340
7341.png	0.570727	0.902392	0.948692	0.936445	0.961264	0.999373	28.254543	0.999442	28.840460	0.594701	0.529989	0.425000	31.932095	0.609143	1695	4	0	0	8	1.929825	0.000000	114	110	168.024387	2.822104	0.032131	0.004671	-0.040793	-0.000046	0.000061	0.015753	920.693636	0.594701	0.594701	4	0	4	0	8	1.929825	0.000000	4	0	114	110	106	1.527494	2.822104	168.024387	0.032131	44390	26.188791	38.664307	256x256	65536	sparse	Learned	234	4	25	1651	32.074459	0.630925	28.263442	0.999381	0.578947	0.244216	8	1	0.000000	37	1626	32.264326	0.662887	0.999293	27.873434	0.230874	0.529014	5439	33.362833	0.764371	0.999787	33.806318	0.163747	0.576369	0.577018	0.285773	-0.142364	-0.021781	True	0.534666	0.227233	0.566056	28.295336	0.999419	7341
7342.png	0.724958	0.864162	0.927132	0.923980	0.930305	0.998915	27.872208	0.999170	28.554274	0.745009	0.726102	0.753407	31.446480	0.606177	2404	4	6	13	9	2.021390	1.500000	187	189	303.048773	2.764787	0.047362	0.040932	-0.875286	-0.000281	-0.000025	0.072227	1119.123220	0.745009	0.745009	4	6	-2	13	9	2.021390	1.500000	4	1	187	189	165	1.603433	2.764787	303.048773	0.047362	44647	18.571963	27.261231	256x256	65536	sparse	Learned	307	4	31	2394	31.988169	0.654942	28.676014	0.999195	0.672781	0.582840	7	9	0.000000	41	2110	32.226240	0.684114	0.999123	28.489367	0.551953	0.669513	3908	32.546154	0.716251	0.999533	31.492851	0.400171	0.662927	-0.121740	0.143262	-0.541689	-0.048765	True	0.736842	0.555142	0.684026	28.747494	0.999197	7342
7343.png	0.729892	0.879951	0.936143	0.938272	0.934023	0.999114	26.265089	0.999417	27.312420	0.748783	0.719168	0.676433	30.090421	0.536081	2568	4	7	12	12	2.031088	1.750000	193	196	307.534055	2.646761	0.027892	0.023720	-1.148728	-0.000327	-0.000035	0.047364	1082.363129	0.748783	0.748783	4	7	-3	12	12	2.031088	1.750000	4	0	193	196	169	1.569051	2.646761	307.534055	0.027892	45983	17.906153	25.520249	256x256	65536	sparse	Learned	313	4	27	2513	30.664539	0.603201	27.433128	0.999452	0.701419	0.418545	9	1	0.000000	30	2310	30.858300	0.642282	0.999322	26.658009	0.559568	0.678788	3535	31.129538	0.658106	0.999650	29.748411	0.410413	0.684636	-0.120707	0.300623	-0.574118	-0.067120	True	0.731526	0.494828	0.706171	27.413817	0.999442	7343
7344.png	0.575062	0.810853	0.895548	0.846964	0.950045	0.999373	28.105128	0.999362	28.348497	0.612245	0.588522	0.551544	31.161645	0.584084	2180	4	0	1	11	1.953757	0.000000	173	169	260.755207	2.412858	0.031612	0.025696	-0.332710	-0.000112	-0.000040	0.010183	934.066296	0.612245	0.612245	4	0	4	1	11	1.953757	0.000000	5	0	173	169	161	1.542930	2.412858	260.755207	0.031612	44906	20.599083	30.062385	256x256	65536	sparse	Learned	293	5	28	2126	31.699269	0.630720	28.416092	0.999402	0.602062	0.372493	10	2	0.000000	38	2164	31.982828	0.671225	0.999389	28.668151	0.422225	0.573919	4180	32.391051	0.716910	0.999637	31.372278	0.324296	0.587213	-0.067595	0.216029	-0.537624	-0.046635	True	0.691181	0.381217	0.549365	28.437838	0.999486	7344
7345.png	0.587035	0.873864	0.932686	0.903643	0.963659	0.999595	27.823221	0.999632	28.099044	0.593279	0.534666	0.555303	31.302208	0.575706	1752	4	1	3	9	1.946903	0.250000	113	110	169.882251	2.390289	0.040241	-0.014340	0.059937	-0.000024	0.000019	-0.020736	926.956654	0.593279	0.593279	4	1	3	3	9	1.946903	0.250000	4	0	113	110	101	1.544384	2.390289	169.882251	0.040241	44971	25.668379	37.406393	256x256	65536	sparse	Learned	233	4	24	1748	31.480807	0.605504	27.880827	0.999613	0.614016	0.414916	5	1	0.375000	32	1672	31.643641	0.640260	0.999532	27.201322	0.372911	0.598889	5223	32.653785	0.746111	0.999811	31.750782	0.269481	0.606027	0.218217	0.119750	-0.178599	-0.029798	True	0.529989	0.294304	0.601375	27.763284	0.999618	7345
7346.png	0.593704	0.834651	0.909875	0.923628	0.896525	0.999176	28.013107	0.999400	28.540459	0.642857	0.673720	0.429871	30.638401	0.543239	2148	3	8	16	11	2.064516	2.666667	155	160	255.237590	2.513509	0.049942	-0.025784	-0.210983	-0.000124	0.000065	-0.009541	1198.425055	0.642857	0.642857	3	8	-5	16	11	2.064516	2.666667	4	0	155	160	128	1.595235	2.513509	255.237590	0.049942	45551	21.206238	30.510242	256x256	65536	sparse	Learned	277	4	25	2055	30.908046	0.592104	28.054195	0.999335	0.652399	0.258041	13	1	0.000000	30	2108	31.149104	0.635644	0.999196	27.328323	0.300772	0.572079	4176	31.680586	0.693621	0.999650	30.869311	0.143914	0.638422	0.486264	0.415679	-0.269645	-0.048865	True	0.703290	0.302324	0.619488	28.224090	0.999300	7346
7347.png	0.747303	0.891525	0.942652	0.925513	0.960438	0.999144	28.248465	0.999123	28.520469	0.740987	0.726102	0.896811	30.756729	0.556732	2468	4	5	9	8	2.010050	1.250000	199	200	296.583634	3.001358	0.037146	-0.027191	-0.173049	-0.000090	-0.000051	-0.019268	1013.757706	0.740987	0.740987	4	5	-1	9	8	2.010050	1.250000	4	1	199	200	182	1.482918	3.001358	296.583634	0.037146	45405	18.397488	26.554295	256x256	65536	sparse	Learned	319	4	28	2415	31.148407	0.616232	28.546076	0.999174	0.760256	0.600341	7	7	0.000000	34	2444	31.396523	0.662863	0.999026	27.995043	0.143475	0.731122	3753	31.626328	0.680580	0.999419	30.375906	0.232423	0.727082	-0.025606	0.125761	-0.391678	-0.059501	True	0.635052	0.569521	0.774494	28.421514	0.999234	7347
7348.png	0.758370	0.921429	0.959108	0.953437	0.964847	0.999242	27.142498	0.999388	27.638761	0.777778	0.554251	0.716631	30.359711	0.535535	2262	5	1	3	11	1.951220	0.200000	164	160	226.166522	2.985494	0.027006	0.017804	-0.209533	-0.000111	0.000037	0.036987	1135.042906	0.777778	0.777778	5	1	4	3	11	1.951220	0.200000	5	0	164	160	150	1.413541	2.985494	226.166522	0.027006	45920	20.300619	28.972591	256x256	65536	sparse	Learned	284	5	25	2185	30.676450	0.588663	27.356359	0.999351	0.740790	0.399504	8	4	0.000000	31	2230	30.934439	0.637089	0.999229	26.840157	0.424491	0.734680	3969	31.322708	0.672651	0.999633	30.283245	0.423691	0.740268	0.282402	0.154747	-0.316739	-0.053127	True	0.559568	0.401004	0.740566	27.352031	0.999353	7348
7349.png	0.641982	0.879761	0.936035	0.934142	0.937935	0.998902	27.929333	0.999094	28.215385	0.656300	0.678899	0.657792	30.966671	0.573431	2447	5	6	13	12	2.009804	1.200000	204	205	324.007143	2.777655	0.037761	0.006913	-0.312665	-0.000167	-0.000044	0.009706	1031.206131	0.656300	0.656300	5	6	-1	13	12	2.009804	1.200000	5	1	204	205	179	1.580523	2.777655	324.007143	0.037761	45242	18.488762	26.782182	256x256	65536	sparse	Learned	324	5	29	2365	31.374316	0.626449	28.245327	0.999138	0.646594	0.313092	18	7	0.000000	37	2414	31.639425	0.672890	0.999033	27.974969	0.248737	0.634158	3737	31.886281	0.690754	0.999441	30.526823	0.210307	0.635346	-0.029942	0.365807	-0.407645	-0.053018	True	0.687765	0.452407	0.635069	28.241998	0.999069	7349
7350.png	0.679270	0.843546	0.915134	0.896743	0.934296	0.999276	27.086810	0.999434	27.650719	0.723822	0.637960	0.751976	29.910488	0.523395	2446	5	3	7	11	1.979899	0.600000	199	197	285.279221	2.544779	0.030038	0.062027	-0.497337	-0.000197	0.000002	0.083735	917.485714	0.723822	0.723822	5	3	2	7	11	1.979899	0.600000	5	0	199	197	181	1.448118	2.544779	285.279221	0.030038	46000	18.806214	26.793132	256x256	65536	sparse	Learned	319	5	26	2342	30.569176	0.590735	27.566563	0.999432	0.640087	0.334451	14	3	0.000000	29	2382	30.753320	0.635679	0.999243	26.538389	0.453926	0.615044	3614	31.066365	0.655897	0.999622	29.854989	0.186550	0.620897	0.084156	0.303509	-0.658688	-0.067340	True	0.574007	0.431640	0.617243	27.584148	0.999473	7350
7351.png	0.663909	0.864562	0.927362	0.930921	0.923830	0.999493	26.908311	0.999666	27.747310	0.722581	0.543880	0.569473	30.157279	0.519060	1798	4	1	3	9	1.950820	0.250000	122	119	177.195959	2.537827	0.033036	0.004257	-0.471195	-0.000152	0.000015	0.032216	1023.945570	0.722581	0.722581	4	1	3	3	9	1.950820	0.250000	4	0	122	119	110	1.489042	2.537827	177.195959	0.033036	45962	25.562848	36.449388	256x256	65536	sparse	Learned	242	4	21	1721	30.423889	0.558242	27.351509	0.999651	0.690365	0.341073	7	2	0.000000	26	1660	30.655112	0.596000	0.999570	26.521165	0.351656	0.677483	5094	31.675965	0.715504	0.999853	31.495055	0.268646	0.676580	0.395800	0.202807	-0.266610	-0.039182	True	0.555142	0.316139	0.659652	27.379506	0.999645	7351
7352.png	0.729231	0.886228	0.939683	0.925578	0.954223	0.998858	28.522387	0.998865	28.750891	0.726888	0.571729	0.890970	31.534857	0.595391	2141	5	6	10	9	2.012821	1.200000	156	157	240.208153	3.258312	0.051716	0.008852	-0.154817	-0.000109	-0.000041	0.012603	1320.815563	0.726888	0.726888	5	6	-1	10	9	2.012821	1.200000	5	1	156	157	137	1.529988	3.258312	240.208153	0.051716	44709	20.882298	30.609995	256x256	65536	sparse	Learned	276	5	27	2048	31.723791	0.631564	28.735268	0.998905	0.714286	0.535441	6	5	0.000000	41	2134	32.122841	0.677423	0.998823	28.588680	0.493383	0.726901	4334	32.557839	0.725723	0.999429	31.770362	0.243586	0.700522	0.015623	0.036288	-0.188935	-0.036173	True	0.586873	0.522886	0.720379	28.677204	0.998967	7352
7353.png	0.607865	0.894022	0.944046	0.938391	0.949769	0.998970	27.346263	0.999223	28.164014	0.622879	0.683996	0.410316	30.472273	0.556816	2599	5	8	14	10	2.028708	1.600000	209	212	332.320851	2.731234	0.030792	-0.001550	-0.864560	-0.000286	-0.000021	0.022978	1005.583525	0.622879	0.622879	5	8	-3	14	10	2.028708	1.600000	5	1	209	212	185	1.567551	2.731234	332.320851	0.030792	45563	17.530973	25.215852	256x256	65536	sparse	Learned	329	5	29	2563	31.131791	0.622736	28.276157	0.999244	0.599901	0.309266	16	4	0.000000	33	2530	31.313260	0.666324	0.999135	27.741201	0.458457	0.576321	3523	31.475185	0.670026	0.999490	30.049692	0.212161	0.597757	-0.112143	0.374730	-0.659518	-0.065920	True	0.704770	0.289178	0.609414	28.210823	0.999255	7353
7354.png	0.679967	0.902409	0.948701	0.935648	0.962125	0.997966	28.376356	0.997850	28.679657	0.682482	0.653544	0.953792	30.381651	0.536581	2491	5	12	26	11	2.081871	2.400000	171	178	306.877200	4.185052	0.056218	-0.004789	-0.015252	-0.000041	0.000098	0.001440	1707.146406	0.682482	0.682482	5	12	-7	26	11	2.081871	2.400000	5	1	171	178	134	1.724029	4.185052	306.877200	0.056218	45823	18.395424	26.309113	256x256	65536	sparse	Learned	291	5	27	2429	30.735842	0.599188	28.408317	0.997752	0.681041	0.472708	13	13	0.000000	31	2440	30.982512	0.645320	0.997317	27.782255	0.090936	0.689001	3698	31.222522	0.661884	0.998265	29.883111	0.102146	0.684741	0.271340	0.180837	-0.354191	-0.062607	True	0.664455	0.633752	0.684756	28.391607	0.998007	7354
7355.png	0.703911	0.913136	0.954596	0.956361	0.952837	0.999210	26.604357	0.999416	27.301412	0.720848	0.676967	0.780802	30.934594	0.575956	2327	4	5	12	11	2.011834	1.250000	169	170	261.521861	2.660564	0.037046	-0.005526	-0.784041	-0.000216	-0.000016	0.015963	1023.670435	0.720848	0.720848	4	5	-1	12	11	2.011834	1.250000	4	0	169	170	146	1.538364	2.660564	261.521861	0.037046	45359	19.492480	28.163300	256x256	65536	sparse	Learned	289	4	28	2309	31.350368	0.624210	27.357985	0.999432	0.704885	0.511297	5	0	0.875000	36	2324	31.620821	0.669043	0.999397	27.504316	0.624689	0.687669	3940	31.935954	0.693807	0.999684	30.626838	0.518091	0.701813	-0.056573	0.165670	-0.415774	-0.048254	True	0.676967	0.528577	0.709437	27.388397	0.999427	7355
7356.png	0.756180	0.878685	0.935426	0.938080	0.932786	0.998873	27.226825	0.999132	27.966851	0.767123	0.728556	0.871277	30.552217	0.560763	2765	5	10	14	11	2.044444	2.000000	225	230	389.060967	2.729831	0.047905	0.002313	-0.757601	-0.000282	-0.000020	0.031432	1197.675228	0.767123	0.767123	5	10	-5	14	11	2.044444	2.000000	5	2	225	230	200	1.691569	2.729831	389.060967	0.047905	45575	16.482821	23.701989	256x256	65536	sparse	Learned	345	5	30	2713	31.121453	0.628107	28.023040	0.999152	0.735691	0.513248	9	5	0.000000	36	2754	31.349523	0.679142	0.999032	27.500543	0.694763	0.714220	3317	31.407257	0.661477	0.999412	29.869387	0.407306	0.726350	-0.056189	0.215308	-0.569237	-0.067343	True	0.751422	0.654697	0.753868	27.984426	0.999154	7356
7357.png	0.618897	0.847590	0.917509	0.873913	0.965683	0.999214	27.719202	0.999162	28.081938	0.611674	0.714924	0.444894	30.315776	0.533203	2424	4	6	12	10	2.020619	1.500000	194	196	296.906638	2.839929	0.031525	0.030844	-0.030669	-0.000057	0.000033	0.030727	1176.774740	0.611674	0.611674	4	6	-2	12	10	2.020619	1.500000	4	1	194	196	172	1.514830	2.839929	296.906638	0.031525	45849	18.914604	27.036304	256x256	65536	sparse	Learned	314	4	27	2413	30.735446	0.597095	27.883500	0.999129	0.580947	0.302324	13	2	0.000000	30	2172	30.915873	0.630168	0.998966	27.173134	0.219250	0.515403	3759	31.268496	0.662861	0.999368	29.690742	0.191035	0.590647	0.198438	0.412600	-0.419671	-0.063893	True	0.723349	0.321814	0.588052	27.749871	0.999271	7357
7358.png	0.756041	0.880694	0.936563	0.902222	0.973621	0.999646	27.247787	0.999666	27.655953	0.757174	0.483149	0.634686	30.408256	0.538225	1972	5	0	0	10	1.923077	0.000000	130	125	193.965512	2.223894	0.033819	0.044312	-0.332966	-0.000061	-0.000007	0.016181	767.517805	0.757174	0.757174	5	0	5	0	10	1.923077	0.000000	5	0	130	125	120	1.551724	2.223894	193.965512	0.033819	45749	23.199290	33.233266	256x256	65536	sparse	Learned	250	5	23	1893	30.790964	0.581273	27.537231	0.999673	0.740993	0.305418	9	0	0.600000	28	1904	30.983562	0.622021	0.999627	27.000399	0.399504	0.705104	4772	31.783159	0.711289	0.999827	30.910500	0.268646	0.728137	0.118721	0.177731	-0.382707	-0.043048	True	0.495405	0.314427	0.711730	27.580753	0.999708	7358
7359.png	0.560040	0.905095	0.950184	0.937888	0.962806	0.999374	27.587531	0.999430	27.727480	0.591692	0.483149	0.514847	31.438793	0.591236	1753	4	0	0	8	1.923077	0.000000	104	100	152.024387	2.998888	0.033879	0.008415	0.471444	0.000006	0.000089	0.007077	1170.490503	0.591692	0.591692	4	0	4	0	8	1.923077	0.000000	4	0	104	100	96	1.520244	2.998888	152.024387	0.033879	44780	25.544780	37.385054	256x256	65536	sparse	Learned	224	4	23	1748	31.525226	0.614543	27.091846	0.999341	0.584615	0.268384	8	1	0.000000	34	1600	31.901013	0.646167	0.999335	27.612051	0.309266	0.586978	5280	32.921577	0.753112	0.999781	32.631180	0.236621	0.599038	0.635634	0.214764	-0.086433	-0.023307	True	0.503415	0.259182	0.551625	27.116087	0.999367	7359
7360.png	0.768171	0.914286	0.955224	0.952534	0.957929	0.999357	27.978571	0.999462	28.350452	0.794118	0.541594	0.896830	30.211271	0.520109	2077	5	2	4	11	1.958042	0.400000	143	140	221.409163	2.865079	0.046849	0.002917	0.132137	-0.000051	0.000061	0.009747	1173.536539	0.794118	0.794118	5	2	3	4	11	1.958042	0.400000	5	0	143	140	128	1.581494	2.865079	221.409163	0.046849	46026	22.159846	31.553202	256x256	65536	sparse	Learned	263	5	23	2002	30.422291	0.568897	27.804046	0.999401	0.784370	0.526056	6	5	0.000000	26	1838	30.618348	0.607472	0.999180	26.583678	0.235529	0.757662	4522	31.344271	0.691770	0.999682	30.418436	0.158813	0.744696	0.546407	0.015538	-0.211020	-0.048788	True	0.561327	0.503415	0.765255	27.846434	0.999408	7360
7361.png	0.596652	0.875653	0.933705	0.920879	0.946893	0.998793	28.610399	0.998788	28.865001	0.606303	0.554506	0.441986	30.643299	0.552846	2617	6	0	0	14	1.943925	0.000000	214	208	332.119841	2.659104	0.031226	-0.011606	-0.420647	-0.000174	-0.000118	-0.006023	1297.628403	0.606303	0.606303	6	0	6	0	14	1.943925	0.000000	7	0	214	208	200	1.596730	2.659104	332.119841	0.031226	45509	17.389759	25.042415	256x256	65536	sparse	Learned	334	7	29	2570	31.077955	0.617492	29.088911	0.998906	0.612326	0.300853	19	2	0.000000	34	2444	31.308876	0.660630	0.998683	28.341477	0.111876	0.558354	3552	31.472026	0.668015	0.999087	30.191519	0.098523	0.589312	-0.223910	0.253653	-0.434657	-0.064646	True	0.571974	0.252805	0.608258	29.031045	0.998967	7361
7362.png	0.595608	0.920829	0.958783	0.953245	0.964385	0.998521	28.373456	0.998518	28.743186	0.606856	0.689633	0.482287	30.567718	0.543062	2397	4	7	14	8	2.034884	1.750000	172	175	262.208153	3.531222	0.038140	-0.020914	-0.005242	-0.000063	0.000117	-0.011298	1547.324181	0.606856	0.606856	4	7	-3	14	8	2.034884	1.750000	4	0	172	175	150	1.498332	3.531222	262.208153	0.038140	45668	19.052149	27.340843	256x256	65536	sparse	Learned	292	4	27	2371	30.876026	0.602216	28.387496	0.998401	0.618154	0.504517	9	9	0.000000	31	2284	31.104558	0.644739	0.997901	27.626228	0.200152	0.579836	3862	31.454805	0.674570	0.998894	30.126151	0.177361	0.569614	0.355691	0.185116	-0.308308	-0.059154	True	0.703290	0.339188	0.616522	28.378698	0.998584	7362
7363.png	0.779716	0.855485	0.922115	0.873922	0.975933	0.999600	27.467679	0.999574	27.765952	0.821918	0.522886	0.983213	30.082149	0.517759	1773	4	0	1	7	1.932203	0.000000	118	114	158.468037	2.642585	0.024486	0.115992	0.263288	-0.000024	0.000023	0.095437	1055.348873	0.821918	0.821918	4	0	4	1	7	1.932203	0.000000	4	0	118	114	110	1.390071	2.642585	158.468037	0.024486	45936	25.908629	36.963339	256x256	65536	sparse	Learned	238	4	21	1722	30.419964	0.557851	27.271389	0.999550	0.726481	0.387374	8	4	0.000000	26	1656	30.672158	0.596878	0.999453	26.673168	0.240083	0.751107	5045	31.640142	0.713966	0.999818	31.133062	0.188442	0.715131	0.494564	0.135512	-0.337815	-0.040092	True	0.546155	0.536987	0.663725	27.204391	0.999623	7363
7364.png	0.785613	0.912040	0.953997	0.957608	0.950413	0.999219	26.263046	0.999430	26.822377	0.818645	0.548870	0.987833	30.484221	0.556094	2305	5	3	5	11	1.974843	0.600000	159	157	227.551299	2.819024	0.029791	0.020238	-0.798871	-0.000261	-0.000073	0.038537	1117.058277	0.818645	0.818645	5	3	2	5	11	1.974843	0.600000	5	0	159	157	143	1.449371	2.819024	227.551299	0.029791	45664	19.810846	28.432104	256x256	65536	sparse	Learned	279	5	26	2230	31.002497	0.607740	27.055212	0.999503	0.780108	0.443292	7	4	0.000000	33	2172	31.230904	0.649531	0.999451	26.933216	0.554251	0.769701	4064	31.669398	0.689484	0.999758	30.373798	0.499140	0.774950	-0.232835	0.105578	-0.518276	-0.051647	True	0.570013	0.563078	0.765374	27.061917	0.999479	7364
7365.png	0.802027	0.898711	0.946654	0.951886	0.941479	0.999081	26.329690	0.999384	27.211711	0.837920	0.627679	0.779365	29.927868	0.528354	2553	5	4	8	12	1.989130	0.800000	184	183	278.936075	2.772025	0.034583	0.072227	-0.755694	-0.000322	-0.000006	0.103388	1236.262321	0.837920	0.837920	5	4	1	8	12	1.989130	0.800000	5	0	184	183	164	1.524241	2.772025	278.936075	0.034583	46168	18.083823	25.670192	256x256	65536	sparse	Learned	304	5	26	2418	30.515169	0.594326	27.078360	0.999391	0.734532	0.502172	8	3	0.000000	31	2492	30.749110	0.646886	0.999289	26.511266	0.498424	0.736527	3603	31.009399	0.654197	0.999657	29.526294	0.341309	0.734466	0.133350	0.125508	-0.587301	-0.065972	True	0.642278	0.500569	0.729801	27.085384	0.999403	7365
7367.png	0.631494	0.883473	0.938132	0.926013	0.950573	0.999098	27.799726	0.999222	28.141708	0.646394	0.663110	0.556931	30.165348	0.529260	2452	5	4	10	13	1.988827	0.800000	179	178	319.776695	2.687805	0.059746	-0.010728	-0.128294	-0.000092	0.000032	-0.005035	1064.881325	0.646394	0.646394	5	4	1	10	13	1.988827	0.800000	5	0	179	178	156	1.796498	2.687805	319.776695	0.059746	45973	18.749184	26.727569	256x256	65536	sparse	Learned	299	5	26	2358	30.579085	0.591549	27.920757	0.999190	0.651429	0.338243	14	1	0.000000	29	2420	30.787566	0.639699	0.999000	27.007899	0.289119	0.595072	3489	31.022762	0.647208	0.999423	29.760609	0.191664	0.630626	0.220951	0.324867	-0.413737	-0.062289	True	0.686514	0.382341	0.642221	27.928020	0.999190	7367
7368.png	0.624720	0.904394	0.949797	0.936079	0.963924	0.998998	27.654298	0.999025	28.023234	0.624656	0.642993	0.629318	31.550781	0.611949	2288	4	2	4	9	1.974522	0.500000	157	155	236.936075	3.267167	0.030536	-0.016839	-0.479503	-0.000095	-0.000002	-0.011422	1348.256111	0.624656	0.624656	4	2	2	4	9	1.974522	0.500000	4	0	157	155	144	1.528620	3.267167	236.936075	0.030536	44651	19.515297	28.643357	256x256	65536	sparse	Learned	277	4	30	2280	32.032936	0.654755	28.151701	0.999028	0.636078	0.348990	13	6	0.000000	43	2146	32.310472	0.688882	0.999115	28.729694	0.360243	0.614090	3889	32.595514	0.717857	0.999478	31.174168	0.316139	0.637612	-0.128467	0.294003	-0.482155	-0.042806	True	0.667129	0.419836	0.641560	28.133801	0.999093	7368
7369.png	0.611405	0.909252	0.952469	0.945466	0.959577	0.998749	28.089738	0.998722	28.465302	0.645833	0.591801	0.687172	31.018058	0.574659	2295	5	6	11	10	2.012121	1.200000	165	166	254.137085	3.152777	0.049953	-0.027560	-0.170927	-0.000065	0.000046	-0.013647	1337.036371	0.645833	0.645833	5	6	-1	11	10	2.012121	1.200000	5	1	165	166	144	1.530946	3.152777	254.137085	0.049953	45195	19.692810	28.555991	256x256	65536	sparse	Learned	285	5	27	2254	31.324153	0.621446	28.277238	0.998676	0.659480	0.333792	13	4	0.000000	35	2084	31.594919	0.656639	0.998528	27.919570	0.395488	0.645514	3878	31.963265	0.695767	0.999310	31.131800	0.305350	0.625821	0.188064	0.258008	-0.306095	-0.046787	True	0.627679	0.431324	0.638965	28.260665	0.998814	7369
7370.png	0.613874	0.907416	0.951461	0.967259	0.936170	0.998072	27.711475	0.998474	28.223909	0.640145	0.723349	0.482472	30.928972	0.580696	2632	4	6	11	11	2.021858	1.500000	183	185	298.078210	3.681651	0.047718	0.011895	-0.541469	-0.000307	-0.000026	0.032750	1587.084055	0.640145	0.640145	4	6	-2	11	11	2.021858	1.500000	4	0	183	185	161	1.611234	3.681651	298.078210	0.047718	45339	17.226064	24.899696	256x256	65536	sparse	Learned	303	4	30	2594	31.416909	0.638022	28.227278	0.998500	0.607394	0.400050	11	3	0.000000	38	2626	31.651678	0.684712	0.998343	27.987154	0.446780	0.615588	3472	31.756052	0.676448	0.998950	30.283070	0.366609	0.595942	-0.003369	0.323299	-0.487936	-0.057326	True	0.766600	0.369863	0.601979	28.252944	0.998378	7370
7371.png	0.756926	0.912281	0.954128	0.966543	0.942029	0.999352	26.491513	0.999534	27.299339	0.789474	0.503415	0.720435	30.524446	0.540211	1824	4	1	3	9	1.943396	0.250000	106	103	158.953319	3.127280	0.039293	0.022215	-0.185772	-0.000105	0.000036	0.060759	975.472927	0.789474	0.789474	4	1	3	3	9	1.943396	0.250000	4	0	106	103	94	1.543236	3.127280	158.953319	0.039293	45680	25.043860	35.929825	256x256	65536	sparse	Learned	226	4	21	1778	30.559290	0.570244	26.702921	0.999498	0.728715	0.395488	6	1	0.250000	28	1780	30.924523	0.616120	0.999409	26.214330	0.395488	0.712375	4807	31.809262	0.710969	0.999800	31.077159	0.275302	0.740401	0.596418	0.107927	-0.034844	-0.030033	True	0.546155	0.393469	0.734711	26.677285	0.999457	7371
7372.png	0.608549	0.861809	0.925776	0.927027	0.924528	0.998913	28.018256	0.999061	28.374477	0.649729	0.664455	0.762656	30.619629	0.556473	2529	5	7	16	13	2.020408	1.400000	196	198	322.220346	3.063567	0.046196	-0.010183	-0.350667	-0.000228	-0.000035	-0.011428	1235.514164	0.649729	0.649729	5	7	-2	16	13	2.020408	1.400000	5	1	196	198	167	1.627375	3.063567	322.220346	0.046196	45531	18.003559	25.913800	256x256	65536	sparse	Learned	316	5	29	2510	31.128868	0.619996	28.287769	0.999095	0.661157	0.333792	13	3	0.000000	36	2480	31.360107	0.664667	0.999012	27.892075	0.393469	0.648346	3659	31.548035	0.675264	0.999441	30.281317	0.305109	0.660895	0.086708	0.330663	-0.509239	-0.063523	True	0.692721	0.528308	0.618732	28.368923	0.999141	7372
7373.png	0.750432	0.895444	0.944838	0.941068	0.948639	0.998863	28.328978	0.998915	28.701949	0.761987	0.678578	0.842049	31.137264	0.574350	2204	4	3	8	9	1.987654	0.750000	162	161	263.806133	3.024413	0.046194	0.007196	-0.186881	-0.000121	-0.000006	0.034467	1330.295086	0.761987	0.761987	4	3	1	8	9	1.987654	0.750000	4	0	162	161	145	1.638547	3.024413	263.806133	0.046194	45132	20.477314	29.735027	256x256	65536	sparse	Learned	282	4	27	2180	31.378415	0.619218	28.519697	0.998921	0.727520	0.575627	7	8	0.000000	35	2100	31.636970	0.656731	0.998760	28.109395	0.198669	0.705016	4121	32.120305	0.707351	0.999402	31.398325	0.064833	0.680979	0.182252	0.102951	-0.241151	-0.044868	True	0.683363	0.575425	0.743236	28.515858	0.998984	7373
7374.png	0.764867	0.916742	0.956563	0.953861	0.959280	0.999350	27.666255	0.999428	28.098081	0.775229	0.532334	0.806046	31.254660	0.573458	1771	4	3	5	9	1.981982	0.750000	111	110	178.409163	2.931351	0.045214	0.003634	0.384260	0.000021	0.000110	0.021074	1115.216494	0.775229	0.775229	4	3	1	5	9	1.981982	0.750000	4	0	111	110	97	1.621901	2.931351	178.409163	0.045214	45073	25.450593	37.005082	256x256	65536	sparse	Learned	231	4	22	1591	31.336508	0.594580	27.268714	0.999317	0.754156	0.613259	4	5	0.000000	32	1720	31.592582	0.641119	0.999359	27.620187	0.299527	0.783290	5384	32.651620	0.750758	0.999757	32.200385	0.253056	0.737619	0.829367	-0.080925	-0.081848	-0.021122	True	0.552912	0.445673	0.761233	27.281995	0.999329	7374
7375.png	0.759480	0.896951	0.945676	0.944629	0.946726	0.999486	26.449676	0.999666	27.145079	0.788779	0.566126	0.674927	30.800356	0.562517	1981	4	2	4	9	1.968992	0.500000	129	127	195.651804	2.414472	0.032063	0.032564	-0.849053	-0.000175	0.000010	0.058199	882.847309	0.788779	0.788779	4	2	2	4	9	1.968992	0.500000	4	0	129	127	116	1.540565	2.414472	195.651804	0.032063	45342	22.888440	33.082282	256x256	65536	sparse	Learned	249	4	24	1902	31.151342	0.600709	27.243812	0.999655	0.730580	0.508356	4	0	1.000000	32	1884	31.403476	0.636688	0.999594	26.631183	0.322943	0.732490	4686	32.134774	0.717429	0.999855	31.223448	0.277801	0.725838	-0.098733	0.057770	-0.350986	-0.038192	True	0.561765	0.379151	0.726916	27.298729	0.999661	7375
7376.png	0.658505	0.918121	0.957313	0.950880	0.963833	0.998535	27.705670	0.998724	28.296451	0.673380	0.717478	0.947169	31.338358	0.608667	2996	5	11	19	10	2.052402	2.200000	229	235	371.404112	3.011354	0.055752	-0.024062	-0.950115	-0.000333	-0.000110	-0.013595	1254.252195	0.673380	0.673380	5	11	-6	19	10	2.052402	2.200000	5	1	229	235	200	1.580443	3.011354	371.404112	0.055752	45065	15.041722	21.874499	256x256	65536	sparse	Learned	349	5	35	2996	31.954727	0.670265	28.610190	0.998833	0.686975	0.463590	14	16	0.000000	45	2978	32.281513	0.715841	0.998849	29.014440	0.608590	0.684321	3028	32.075916	0.678211	0.999131	30.565775	0.489751	0.666947	-0.313739	0.253888	-0.616370	-0.061598	True	0.653544	0.619017	0.682566	28.655785	0.998867	7376
7377.png	0.521696	0.844552	0.915726	0.929638	0.902225	0.998671	28.310554	0.998892	28.778782	0.548569	0.752167	0.358551	30.823803	0.562713	2389	4	9	17	6	2.051282	2.250000	195	200	317.220346	2.981887	0.051178	-0.009539	-0.386466	-0.000234	-0.000012	0.000213	1188.082695	0.548569	0.548569	4	9	-5	17	6	2.051282	2.250000	4	1	195	200	172	1.586102	2.981887	317.220346	0.051178	45302	18.962746	27.432398	256x256	65536	sparse	Learned	315	4	28	2372	31.234344	0.616994	28.716442	0.998904	0.548355	0.289324	13	6	0.000000	35	2360	31.513977	0.661936	0.998850	28.494486	0.273851	0.542356	3813	31.802234	0.687926	0.999282	30.867999	0.219016	0.533564	0.062340	0.462843	-0.410541	-0.054280	True	0.782379	0.280523	0.531235	28.697020	0.998905	7377
7378.png	0.547832	0.902049	0.948502	0.948183	0.948822	0.998721	28.659221	0.998844	28.754930	0.576623	0.609372	0.583533	30.933958	0.558744	2077	4	1	4	10	1.958333	0.250000	144	141	214.823376	3.287374	0.037257	0.016543	0.355119	0.000084	0.000124	0.020361	1330.018282	0.576623	0.576623	4	1	3	4	10	1.958333	0.250000	4	0	144	141	130	1.523570	3.287374	214.823376	0.037257	45306	21.813192	31.553202	256x256	65536	sparse	Learned	264	4	25	2070	31.072251	0.600783	28.301368	0.998719	0.556262	0.344266	10	3	0.000000	32	1864	31.363868	0.635893	0.998434	27.740267	0.314769	0.562145	4368	31.974685	0.706431	0.999255	31.153806	0.226005	0.561783	0.453562	0.265106	-0.138293	-0.042039	True	0.644774	0.376246	0.531289	28.304102	0.998637	7378
7379.png	0.579320	0.882678	0.937683	0.906449	0.971147	0.999027	27.871445	0.998995	28.214062	0.595058	0.557803	0.448348	31.608804	0.611373	2137	5	1	3	9	1.947020	0.200000	151	147	220.409163	3.058322	0.031529	0.019604	-0.579922	-0.000195	-0.000088	0.015449	1202.580214	0.595058	0.595058	5	1	4	3	9	1.947020	0.200000	5	0	151	147	139	1.499382	3.058322	220.409163	0.031529	44554	20.848854	30.667291	256x256	65536	sparse	Learned	271	5	29	2126	32.048291	0.650135	28.482066	0.999083	0.579610	0.237710	14	2	0.000000	42	2074	32.316463	0.685664	0.999132	28.742055	0.217501	0.584788	4109	32.748911	0.727651	0.999481	31.443089	0.226843	0.589186	-0.268003	0.320093	-0.439486	-0.038762	True	0.552465	0.247696	0.559716	28.451367	0.999222	7379
7380.png	0.386927	0.167915	0.287547	0.921233	0.170361	0.986796	14.973194	0.999777	27.167156	0.099242	0.440102	0.723506	27.953557	0.553677	838	1	1	2	2	2.000000	1.000000	16	16	28.313708	4.491780	0.144151						748.158455	0.099242	0.099242	1	1	0	2	2	2.000000	1.000000	1	0	16	16	12	1.769607	4.491780	28.313708	0.144151	45080	53.794749	78.205251	256x256	65536	sparse	Frangi	136	1												21	812	31.331384	0.607133	0.999724	26.265943	0.683363	0.173209												True	0.656991	0.475337				7380
7381.png	0.769591	0.940349	0.969257	0.972280	0.966253	0.998752	27.699176	0.998897	28.091228	0.782668	0.589344	1.017339	31.810707	0.613268	2061	4	1	3	9	1.958042	0.250000	143	140	205.237590	3.380679	0.024512	0.012818	-0.628463	-0.000214	-0.000093	0.031565	1030.348539	0.782668	0.782668	4	1	3	3	9	1.958042	0.250000	4	0	143	140	131	1.465983	3.380679	205.237590	0.024512	44482	21.582727	31.798156	256x256	65536	sparse	Learned	263	4	28	1998	32.037490	0.644472	28.349324	0.998990	0.751103	0.491933	7	8	0.000000	41	1952	32.322804	0.682249	0.998951	28.393478	0.433846	0.773384	4401	32.834104	0.737625	0.999444	31.460062	0.385958	0.745466	-0.258097	0.097411	-0.226783	-0.031204	True	0.524791	0.533890	0.756774	28.327639	0.998966	7381
7382.png	0.788015	0.915175	0.955709	0.946098	0.965517	0.999422	26.553513	0.999525	27.110796	0.806742	0.662098	0.646801	30.670513	0.561754	2343	4	7	13	10	2.035714	1.750000	168	171	260.835570	2.536498	0.029546	0.019278	-0.299754	-0.000090	0.000019	0.026514	1041.070938	0.806742	0.806742	4	7	-3	13	10	2.035714	1.750000	4	0	168	171	145	1.525354	2.536498	260.835570	0.029546	45575	19.451558	27.970977	256x256	65536	sparse	Learned	288	4	27	2291	31.096353	0.614849	26.845309	0.999506	0.780228	0.665460	4	2	0.000000	33	2226	31.366335	0.656374	0.999459	26.802588	0.530772	0.771490	3884	31.708844	0.684814	0.999753	30.329595	0.532334	0.787509	0.265487	-0.003362	-0.425840	-0.053095	True	0.665460	0.430421	0.768737	26.853268	0.999512	7382
7383.png	0.714894	0.903548	0.949330	0.949883	0.948778	0.998998	27.105472	0.999211	27.767828	0.728541	0.707707	0.809427	30.557363	0.562372	2483	4	4	11	10	2.000000	1.000000	173	173	280.249783	3.083940	0.055054	-0.012519	-0.326567	-0.000130	0.000078	-0.000508	1332.420826	0.728541	0.728541	4	4	0	11	10	2.000000	1.000000	4	0	173	173	152	1.619941	3.083940	280.249783	0.055054	45588	18.360048	26.393878	256x256	65536	sparse	Learned	293	4	27	2362	31.052318	0.617505	27.409175	0.999133	0.729049	0.416085	10	5	0.000000	34	2348	31.341962	0.661841	0.999094	27.332690	0.600150	0.714727	3810	31.644199	0.680646	0.999552	30.297174	0.422088	0.734125	0.358653	0.291622	-0.494955	-0.055134	True	0.700308	0.566848	0.727413	27.432039	0.999128	7383
7384.png	0.555411	0.873756	0.932625	0.914714	0.951253	0.999083	27.855012	0.999238	28.525386	0.557325	0.522886	0.589580	30.874241	0.565421	2308	6	4	8	14	1.975904	0.666667	166	164	262.249783	2.781144	0.037794	-0.012191	-0.394394	-0.000204	-0.000005	0.000493	1176.510572	0.557325	0.557325	6	4	2	8	14	1.975904	0.666667	6	0	166	164	144	1.599084	2.781144	262.249783	0.037794	45358	19.652513	28.395147	256x256	65536	sparse	Learned	286	6	27	2174	31.241457	0.611942	28.351098	0.999242	0.556832	0.236111	15	0	0.250000	34	2158	31.462847	0.654088	0.999064	27.689767	0.312023	0.538275	3991	31.847072	0.695821	0.999499	30.769849	0.266553	0.552184	0.174288	0.286775	-0.367217	-0.046521	True	0.538528	0.317505	0.567601	28.249406	0.999287	7384
7385.png	0.763359	0.919704	0.958173	0.962867	0.953524	0.998942	27.771877	0.999036	27.968334	0.789294	0.764254	0.718698	30.355299	0.540619	2756	4	6	12	9	2.018100	1.500000	221	223	335.877200	3.062171	0.038542	-0.000329	0.000621	-0.000054	0.000035	0.013726	1289.373636	0.789294	0.789294	4	6	-2	12	9	2.018100	1.500000	4	1	221	223	200	1.506176	3.062171	335.877200	0.038542	45918	16.661103	23.779390	256x256	65536	sparse	Learned	341	4	28	2678	30.715131	0.608615	27.769710	0.999000	0.775568	0.507809	9	10	0.000000	33	2588	31.015490	0.657343	0.998888	27.301543	0.329680	0.782178	3305	31.078018	0.643995	0.999344	29.921743	0.351401	0.755514	0.198624	0.256445	-0.359833	-0.067996	True	0.763072	0.548419	0.763687	27.771256	0.998996	7385
7386.png	0.721344	0.881630	0.937092	0.910488	0.965297	0.998921	28.326883	0.998971	28.687618	0.759948	0.590165	0.733884	31.067903	0.570532	2096	5	3	7	9	1.975309	0.600000	162	160	236.237590	2.961849	0.038284	0.019381	-0.002824	-0.000080	0.000101	0.025987	1350.713730	0.759948	0.759948	5	3	2	7	9	1.975309	0.600000	5	0	162	160	146	1.476485	2.961849	236.237590	0.038284	45158	21.544847	31.267176	256x256	65536	sparse	Learned	282	5	25	1931	31.324434	0.608114	28.287049	0.998870	0.733961	0.480558	8	3	0.000000	32	1934	31.548612	0.648134	0.998637	27.691815	0.214200	0.728733	4160	32.059773	0.706055	0.999398	31.083008	0.079465	0.682844	0.400569	0.109607	-0.256531	-0.037582	True	0.603072	0.442585	0.701963	28.329707	0.999001	7386
7387.png	0.734994	0.902944	0.948997	0.941980	0.956120	0.999547	26.877669	0.999614	27.226270	0.749717	0.500926	0.853226	30.347581	0.524590	1779	4	0	0	8	1.931624	0.000000	117	113	159.852814	2.621721	0.022447	0.041310	0.024458	-0.000036	0.000019	0.054837	851.830244	0.749717	0.749717	4	0	4	0	8	1.931624	0.000000	4	0	117	113	109	1.414627	2.621721	159.852814	0.022447	45901	25.801574	36.838673	256x256	65536	sparse	Learned	237	4	21	1664	30.556891	0.558701	26.913588	0.999595	0.694880	0.425928	4	0	1.000000	28	1758	30.802813	0.609632	0.999542	26.462507	0.366186	0.697650	4949	31.682344	0.711203	0.999827	31.024307	0.362372	0.696938	0.312682	0.074998	-0.209310	-0.034111	True	0.505891	0.431640	0.693684	26.853211	0.999583	7387
7389.png	0.754607	0.924161	0.960586	0.955276	0.965955	0.998767	27.811255	0.998920	28.078413	0.763566	0.749676	0.719074	30.525601	0.549243	2641	4	3	8	11	1.990099	0.750000	202	201	322.806133	3.186995	0.045007	0.015638	-0.247089	-0.000151	0.000014	0.020047	1327.590227	0.763566	0.763566	4	3	1	8	11	1.990099	0.750000	4	0	202	201	183	1.606001	3.186995	322.806133	0.045007	45752	17.323741	24.814843	256x256	65536	sparse	Learned	322	4	28	2555	30.871187	0.611961	27.976406	0.998906	0.743519	0.527108	9	4	0.000000	34	2548	31.118300	0.660650	0.998643	27.359554	0.351926	0.744898	3365	31.245330	0.654195	0.999189	30.095924	0.418914	0.726639	0.102007	0.222568	-0.345586	-0.062719	True	0.768922	0.552912	0.738969	28.058345	0.998918	7389
7390.png	0.767500	0.910771	0.953302	0.965541	0.941370	0.999054	26.885966	0.999338	27.404914	0.805825	0.772362	0.852957	31.359502	0.610819	2770	4	3	8	11	1.990950	0.750000	221	220	345.948268	2.337551	0.035825	0.017069	-1.152922	-0.000369	-0.000113	0.044841	852.051258	0.805825	0.805825	4	3	1	8	11	1.990950	0.750000	4	0	221	220	202	1.572492	2.337551	345.948268	0.035825	44856	16.193502	23.659206	256x256	65536	sparse	Learned	341	4	33	2704	32.010691	0.665312	28.027575	0.999451	0.760984	0.578045	7	0	0.625000	42	2738	32.300207	0.710532	0.999411	28.166249	0.627183	0.744090	3335	32.264451	0.694161	0.999681	30.762103	0.666017	0.763314	-0.622660	0.194317	-0.651190	-0.054493	True	0.789864	0.673720	0.750431	28.038888	0.999423	7390
7391.png	0.715564	0.898521	0.946548	0.957089	0.936238	0.998589	27.074576	0.998807	27.722909	0.733096	0.712059	0.846019	30.945685	0.578295	2399	4	16	27	8	2.136364	4.000000	176	188	291.208153	3.477208	0.049435	-0.004396	-0.860452	-0.000281	-0.000040	0.015554	1321.886539	0.733096	0.733096	4	16	-12	27	8	2.136364	4.000000	4	2	176	188	141	1.548980	3.477208	291.208153	0.049435	45285	18.876615	27.318049	256x256	65536	sparse	Learned	296	4	29	2387	31.366148	0.626910	27.865322	0.998847	0.717542	0.418310	11	5	0.000000	37	2336	31.623123	0.671713	0.998771	27.575351	0.466924	0.707439	3925	31.966787	0.694641	0.999427	31.057832	0.560546	0.707799	-0.142414	0.293749	-0.420463	-0.048615	True	0.723349	0.611968	0.719961	27.935028	0.998870	7391
7392.png	0.560390	0.898901	0.946759	0.949690	0.943846	0.999202	28.234405	0.999325	28.511516	0.584098	0.561327	0.516989	30.742125	0.550649	2123	4	3	6	10	1.987179	0.750000	156	155	246.081941	2.701698	0.038880	-0.028611	0.032364	-0.000065	0.000018	-0.022363	1145.939589	0.584098	0.584098	4	3	1	6	10	1.987179	0.750000	5	0	156	155	140	1.587625	2.701698	246.081941	0.038880	45490	21.427226	30.869524	256x256	65536	sparse	Learned	276	5	25	2024	31.016789	0.595509	28.202212	0.999306	0.606461	0.331168	9	2	0.000000	32	2052	31.230536	0.639515	0.999160	27.599424	0.335612	0.591807	4211	31.737685	0.694917	0.999599	31.087718	0.170722	0.613997	0.309304	0.230159	-0.274664	-0.044859	True	0.590165	0.305109	0.589001	28.202041	0.999267	7392
7393.png	0.633028	0.841785	0.914097	0.938206	0.891195	0.998978	25.839297	0.999471	27.415980	0.674627	0.615572	0.507045	29.886414	0.521345	2437	5	2	4	11	1.967742	0.400000	186	183	274.107648	2.460685	0.029345	0.004742	-1.616216	-0.000501	-0.000048	0.051550	882.389307	0.674627	0.674627	5	2	3	4	11	1.967742	0.400000	5	0	186	183	171	1.497856	2.460685	274.107648	0.029345	46097	18.915470	26.892080	256x256	65536	sparse	Learned	306	5	26	2363	30.557853	0.589705	27.412788	0.999519	0.623077	0.348768	9	1	0.100000	30	2184	30.730251	0.627372	0.999440	26.890294	0.273851	0.622237	3779	31.118029	0.663534	0.999709	30.013872	0.150052	0.624127	0.003192	0.266805	-0.671438	-0.068360	True	0.626187	0.317505	0.628285	27.455513	0.999479	7393
7394.png	0.644172	0.839766	0.912905	0.905422	0.920513	0.999457	27.435962	0.999579	28.244846	0.674505	0.483149	0.600768	30.505340	0.527044	1592	4	1	3	9	1.941748	0.250000	103	100	153.438600	2.612331	0.037309	0.015567	0.056555	-0.000067	0.000064	0.019453	1079.430103	0.674505	0.674505	4	1	3	3	9	1.941748	0.250000	4	0	103	100	91	1.534386	2.612331	153.438600	0.037309	45734	28.727387	41.165829	256x256	65536	sparse	Learned	223	4	19	1509	30.534742	0.550259	27.438566	0.999515	0.655052	0.325839	7	3	0.000000	26	1488	30.831743	0.592640	0.999442	27.228281	0.215118	0.604678	5990	32.189857	0.753035	0.999791	31.703502	0.069553	0.065859	0.806280	0.157310	-0.029402	-0.023215	True	0.483149	0.290260	0.628604	27.379407	0.999525	7394
7395.png	0.546324	0.914431	0.955303	0.942451	0.968510	0.999227	27.841185	0.999263	28.106563	0.552250	0.550671	0.495692	30.661132	0.549909	2167	4	0	0	10	1.948387	0.000000	155	151	240.424085	2.848216	0.034380	-0.012975	-0.117522	-0.000075	0.000032	-0.015806	1114.719152	0.552250	0.552250	4	0	4	0	10	1.948387	0.000000	5	0	155	151	145	1.592212	2.848216	240.424085	0.034380	45568	21.028150	30.242732	256x256	65536	sparse	Learned	275	5	25	2022	31.003238	0.595548	27.941194	0.999231	0.568056	0.276267	12	1	0.000000	32	2044	31.207952	0.636993	0.999138	27.628810	0.357572	0.507671	4201	31.718789	0.694902	0.999583	31.208224	0.192581	0.554325	0.165369	0.274404	-0.342106	-0.045640	True	0.563078	0.279113	0.559298	27.958707	0.999301	7395
7396.png	0.825434	0.902148	0.948557	0.955350	0.941860	0.999380	27.476272	0.999530	28.031671	0.862013	0.639405	0.967469	30.464023	0.540229	2157	4	4	10	10	2.000000	1.000000	147	147	234.651804	2.602195	0.036541	0.023382	0.076347	-0.000100	0.000042	0.044440	874.773026	0.862013	0.862013	4	4	0	10	10	2.000000	1.000000	4	1	147	147	127	1.596271	2.602195	234.651804	0.036541	45694	21.184052	30.382939	256x256	65536	sparse	Learned	267	4	24	1979	30.802656	0.587080	27.367225	0.999488	0.817573	0.552465	5	1	0.875000	30	2088	31.029690	0.634954	0.999368	26.919414	0.312711	0.772143	4369	31.641459	0.697184	0.999739	30.430539	0.317115	0.800293	0.664446	0.086940	-0.338633	-0.046851	True	0.655272	0.633955	0.802053	27.399926	0.999481	7396
7397.png	0.672406	0.913457	0.954771	0.953823	0.955721	0.998644	28.688137	0.998673	28.952727	0.691584	0.791955	0.406634	31.104373	0.578376	2698	4	12	24	10	2.072072	3.000000	222	230	372.605122	2.938947	0.044104	-0.025054	-0.069284	-0.000125	-0.000005	-0.017194	1340.355396	0.691584	0.691584	4	12	-8	24	10	2.072072	3.000000	4	2	222	230	188	1.620022	2.938947	372.605122	0.044104	45222	16.761305	24.290586	256x256	65536	sparse	Learned	342	4	31	2622	31.488260	0.637459	28.766230	0.998677	0.708778	0.439240	13	7	0.000000	38	2456	31.735186	0.676496	0.998459	28.341033	0.282103	0.676674	3511	31.834485	0.680764	0.999089	30.900594	0.179708	0.683196	0.186496	0.352715	-0.383887	-0.059083	True	0.812692	0.330468	0.697460	28.757421	0.998770	7397
7398.png	0.548114	0.858223	0.923703	0.905585	0.942561	0.999240	27.653618	0.999405	28.155528	0.556122	0.594783	0.419267	30.169152	0.527774	2526	6	4	8	13	1.979695	0.666667	197	195	319.019336	2.453699	0.044402	-0.027505	-0.382794	-0.000141	-0.000022	-0.029025	979.393721	0.556122	0.556122	6	4	2	8	13	1.979695	0.666667	6	0	197	195	176	1.635997	2.453699	319.019336	0.044402	46042	18.227237	25.944576	256x256	65536	sparse	Learned	317	6	27	2524	30.592138	0.595277	28.147352	0.999427	0.585147	0.274967	13	1	0.000000	30	2516	30.859336	0.644238	0.999241	27.284732	0.289415	0.556405	3656	31.056903	0.654546	0.999562	29.781366	0.201694	0.565328	0.008176	0.319816	-0.422985	-0.067503	True	0.592073	0.248236	0.575619	28.036412	0.999381	7398
7399.png	0.713855	0.853746	0.921103	0.936725	0.905994	0.999040	27.995550	0.999202	28.458925	0.756604	0.612485	0.790073	30.298561	0.527833	2280	5	9	14	7	2.046784	1.800000	171	175	271.663997	2.855926	0.053177	0.006552	-0.012978	-0.000130	0.000029	0.028016	1157.325745	0.756604	0.756604	5	9	-4	14	7	2.046784	1.800000	5	2	171	175	150	1.552366	2.855926	271.663997	0.053177	45873	20.119737	28.743860	256x256	65536	sparse	Learned	291	5	25	2196	30.604269	0.584766	27.976408	0.999174	0.728588	0.401004	8	5	0.000000	31	2258	30.887489	0.634171	0.999012	27.379717	0.161511	0.706628	4027	31.292707	0.674072	0.999488	30.185964	0.098716	0.712259	0.482517	0.211481	-0.305708	-0.056933	True	0.617107	0.487560	0.707303	28.008528	0.999170	7399
7400.png	0.659954	0.889566	0.941556	0.942696	0.940419	0.999217	27.417864	0.999210	28.036480	0.693038	0.559568	0.873818	30.775455	0.559989	2166	5	1	3	11	1.950000	0.200000	160	156	228.338095	2.774414	0.029016	0.015993	-0.637647	-0.000233	0.000032	0.039573	1105.899334	0.693038	0.693038	5	1	4	3	11	1.950000	0.200000	5	0	160	156	146	1.463706	2.774414	228.338095	0.029016	45448	20.982456	30.256694	256x256	65536	sparse	Learned	280	5	26	2119	31.130831	0.607227	28.001921	0.999178	0.653465	0.454835	6	0	0.900000	32	1972	31.362516	0.644529	0.999023	27.277676	0.519054	0.632028	4049	31.821294	0.695285	0.999542	30.666171	0.266553	0.654259	0.034559	0.104733	-0.355376	-0.047238	True	0.591801	0.517126	0.643961	28.055511	0.999450	7400
7401.png	0.604478	0.905630	0.950479	0.942244	0.958858	0.999094	27.653982	0.999186	28.038395	0.605911	0.515675	0.869368	31.407162	0.586689	1785	4	4	6	8	2.000000	1.000000	109	109	159.710678	3.535992	0.042487	-0.004985	-0.154383	-0.000046	0.000059	0.009061	1328.325272	0.605911	0.605911	4	4	0	6	8	2.000000	1.000000	4	0	109	109	95	1.465236	3.535992	159.710678	0.042487	44823	25.110924	36.714846	256x256	65536	sparse	Learned	229	4	23	1664	31.557876	0.610812	27.828267	0.999128	0.596850	0.495910	4	5	0.000000	34	1764	31.853802	0.654093	0.999078	27.676896	0.336350	0.578285	5257	32.785074	0.749696	0.999677	32.299901	0.317846	0.596381	0.210127	0.019766	-0.150714	-0.024123	True	0.525266	0.456649	0.609463	27.808366	0.999140	7401
7402.png	0.604335	0.855434	0.922085	0.909845	0.934659	0.998977	27.724573	0.999057	28.259153	0.636778	0.727468	0.294067	30.570216	0.555192	2471	4	4	8	10	2.000000	1.000000	193	193	305.563492	2.999726	0.034807	-0.006990	-0.312760	-0.000227	0.000044	-0.001510	1080.976009	0.636778	0.636778	4	4	0	8	10	2.000000	1.000000	4	0	193	193	175	1.583231	2.999726	305.563492	0.034807	45479	18.405099	26.522056	256x256	65536	sparse	Learned	313	4	28	2416	31.104426	0.616969	28.003644	0.999013	0.638288	0.329680	13	2	0.000000	33	2304	31.273169	0.654410	0.998842	27.441048	0.311851	0.637584	3740	31.595112	0.677062	0.999399	30.405339	0.310166	0.637321	0.255509	0.397788	-0.534210	-0.061777	True	0.681458	0.200394	0.611324	28.037333	0.999204	7402
7403.png	0.639394	0.921687	0.959248	0.951049	0.967589	0.999137	27.358811	0.999194	27.594223	0.647325	0.548419	0.555401	30.189411	0.518601	1931	4	0	0	8	1.936508	0.000000	126	122	179.438600	3.381911	0.025955	0.027758	0.045009	-0.000053	0.000055	0.027933	1055.655003	0.647325	0.647325	4	0	4	0	8	1.936508	0.000000	4	0	126	122	118	1.470808	3.381911	179.438600	0.025955	46000	23.821854	33.938892	256x256	65536	sparse	Learned	246	4	22	1907	30.316875	0.561640	27.297682	0.999140	0.619392	0.341073	7	3	0.000000	27	1906	30.664040	0.607095	0.999036	26.757592	0.426502	0.609195	4789	31.473651	0.700717	0.999573	30.896713	0.154031	0.625181	0.296540	0.207346	-0.127464	-0.043039	True	0.566126	0.314427	0.611636	27.313802	0.999190	7403
7404.png	0.762221	0.925481	0.961298	0.962019	0.960579	0.998719	27.175376	0.998883	27.589621	0.776820	0.731526	0.768143	30.278734	0.540677	2604	4	5	12	9	2.010638	1.250000	188	189	292.521861	3.387413	0.031705	0.012221	-0.464990	-0.000171	-0.000048	0.028214	1358.926773	0.776820	0.776820	4	5	-1	12	9	2.010638	1.250000	4	0	188	189	167	1.547735	3.387413	292.521861	0.031705	45952	17.646697	25.167435	256x256	65536	sparse	Learned	308	4	27	2534	30.665128	0.603515	27.650868	0.998931	0.748606	0.463130	10	5	0.000000	32	2602	30.973774	0.657826	0.998729	26.965785	0.571974	0.745739	3637	31.122010	0.658262	0.999278	29.338174	0.490334	0.744691	-0.061248	0.268395	-0.386394	-0.062838	True	0.744619	0.571974	0.750000	27.640365	0.998890	7404
7405.png	0.746479	0.958382	0.978749	0.970726	0.986905	0.999533	27.175768	0.999556	27.339271	0.754673	0.437295	0.534794	31.535510	0.591069	1614	4	0	1	7	1.908046	0.000000	87	83	122.811183	3.260796	0.036103	0.024566	0.174165	-0.000006	0.000029	0.026797	990.947247	0.754673	0.754673	4	0	4	1	7	1.908046	0.000000	4	0	87	83	79	1.479653	3.260796	122.811183	0.036103	44743	27.721809	40.604709	256x256	65536	sparse	Learned	207	4	22	1572	31.667161	0.609817	26.981328	0.999527	0.727876	0.324296	5	0	0.875000	33	1516	31.891434	0.646108	0.999482	26.955141	0.384303	0.716201	5725	33.092409	0.763648	0.999864	33.338791	0.192113	0.714127	0.357943	0.112999	-0.131651	-0.018749	True	0.417252	0.223144	0.721913	27.001603	0.999539	7405
7406.png	0.571701	0.859453	0.924415	0.920720	0.928140	0.999090	27.289621	0.999265	27.763774	0.588385	0.713495	0.498629	31.196696	0.587562	2360	4	4	10	11	2.000000	1.000000	184	184	281.208153	2.831419	0.037026	0.000880	-0.368291	-0.000212	0.000013	0.008349	1150.934458	0.588385	0.588385	4	4	0	10	11	2.000000	1.000000	4	0	184	184	163	1.528305	2.831419	281.208153	0.037026	45000	19.067797	27.769492	256x256	65536	sparse	Learned	304	4	29	2288	31.629309	0.635678	27.646122	0.999252	0.580037	0.637598	4	6	0.000000	40	2322	31.906292	0.677582	0.999345	28.540898	0.486583	0.566605	3614	32.103117	0.692918	0.999558	31.006528	0.276082	0.572127	0.117653	0.075898	-0.432614	-0.048116	True	0.739460	0.368716	0.570821	27.657911	0.999302	7406
7407.png	0.687351	0.898442	0.946505	0.927890	0.965881	0.999037	28.231963	0.999051	28.559078	0.683537	0.712059	0.611424	30.597956	0.548223	2435	4	3	6	9	1.989529	0.750000	191	190	285.350288	2.903247	0.042244	0.018604	-0.061084	-0.000089	0.000027	0.021658	1274.255276	0.683537	0.683537	4	3	1	6	9	1.989529	0.750000	4	0	191	190	176	1.501844	2.903247	285.350288	0.042244	45588	18.721971	26.914168	256x256	65536	sparse	Learned	311	4	27	2304	30.981265	0.604699	28.299015	0.999024	0.661878	0.314182	14	5	0.000000	33	2388	31.231137	0.655117	0.998901	27.843211	0.294304	0.638100	3733	31.458076	0.673202	0.999351	30.171010	0.221199	0.646104	0.260063	0.397877	-0.383308	-0.056475	True	0.717761	0.438856	0.668746	28.293047	0.999126	7407
7408.png	0.692884	0.893553	0.943785	0.936371	0.951317	0.999211	27.313097	0.999322	27.809058	0.718161	0.520974	0.809064	31.136031	0.577342	2122	5	4	8	11	1.985294	0.800000	136	135	207.338095	3.033036	0.039389	0.015822	-0.342705	-0.000139	0.000004	0.029580	1104.888916	0.718161	0.718161	5	4	1	8	11	1.985294	0.800000	5	0	136	135	117	1.535838	3.033036	207.338095	0.039389	45139	21.271913	30.884072	256x256	65536	sparse	Learned	256	5	27	2111	31.439645	0.620326	27.644201	0.999318	0.688581	0.465630	6	3	0.000000	36	2088	31.652525	0.660653	0.999236	27.383426	0.328189	0.666900	4176	32.141510	0.707172	0.999662	31.037944	0.297657	0.672039	0.164857	0.055344	-0.303614	-0.042984	True	0.532334	0.430692	0.677062	27.655802	0.999350	7408
7410.png	0.746297	0.915531	0.955903	0.936585	0.976035	0.998904	27.653278	0.999018	28.033577	0.775641	0.639405	0.998922	31.591429	0.610842	2182	4	2	4	9	1.975460	0.500000	163	161	228.509668	3.131154	0.023307	0.035213	-0.374058	-0.000178	-0.000034	0.038552	1214.112759	0.775641	0.775641	4	2	2	4	9	1.975460	0.500000	4	0	163	161	150	1.419315	3.131154	228.509668	0.023307	44568	20.425298	30.034830	256x256	65536	sparse	Learned	283	4	28	2118	32.012871	0.650950	28.084415	0.999052	0.737089	0.625938	6	8	0.000000	40	1958	32.278714	0.680272	0.999082	28.386858	0.590711	0.728351	4126	32.701329	0.727152	0.999577	31.770295	0.370293	0.724058	-0.050837	0.013467	-0.421443	-0.040108	True	0.650062	0.649362	0.711085	28.027336	0.999082	7410
7411.png	0.606878	0.878989	0.935598	0.951764	0.919972	0.998977	27.225633	0.999280	27.803371	0.650177	0.661760	0.454258	30.823668	0.566781	2413	5	4	10	13	1.989529	0.800000	191	190	306.865007	2.329351	0.035056	-0.002057	-0.893942	-0.000300	-0.000093	0.022812	889.408350	0.650177	0.650177	5	4	1	10	13	1.989529	0.800000	5	0	191	190	168	1.615079	2.329351	306.865007	0.035056	45411	18.819312	27.159552	256x256	65536	sparse	Learned	311	5	28	2400	31.240625	0.620972	28.107759	0.999373	0.627364	0.408116	9	1	0.100000	35	2192	31.462111	0.657602	0.999276	27.539350	0.295312	0.615881	3808	31.816219	0.687786	0.999629	30.786014	0.256483	0.640125	-0.304388	0.253644	-0.416957	-0.054191	True	0.660404	0.299994	0.608935	28.119575	0.999277	7411
7412.png	0.719124	0.889255	0.941382	0.946003	0.936806	0.998988	27.687170	0.999205	28.160398	0.745763	0.636509	0.816826	30.951579	0.571187	2370	5	2	5	12	1.968085	0.400000	188	185	285.279221	2.554940	0.031174	-0.001603	-0.620041	-0.000252	-0.000074	0.013190	1093.148232	0.745763	0.745763	5	2	3	5	12	1.968085	0.400000	5	0	188	185	171	1.542050	2.554940	285.279221	0.031174	45246	19.091139	27.652321	256x256	65536	sparse	Learned	308	5	28	2353	31.343320	0.623672	28.297825	0.999278	0.732573	0.513248	7	2	0.000000	36	2308	31.588803	0.667359	0.999163	27.976077	0.341073	0.739863	3834	31.844269	0.688744	0.999528	30.697432	0.448989	0.730867	-0.137427	0.123261	-0.391741	-0.052486	True	0.645129	0.526958	0.720726	28.307212	0.999240	7412
7413.png	0.504817	0.892652	0.943282	0.955540	0.931333	0.998678	27.618087	0.998945	28.150212	0.523463	0.548870	0.423059	30.924377	0.566072	2178	5	3	5	10	1.974194	0.600000	155	153	222.965512	3.011786	0.039428	-0.009020	-0.655309	-0.000267	-0.000010	0.011657	1264.252901	0.523463	0.523463	5	3	2	5	10	1.974194	0.600000	5	0	155	153	140	1.457291	3.011786	222.965512	0.039428	45267	20.783747	30.089991	256x256	65536	sparse	Learned	275	5	27	2173	31.311863	0.615247	28.202447	0.998955	0.511806	0.291071	10	1	0.000000	33	2088	31.500413	0.651472	0.998660	27.722957	0.326320	0.498423	4260	32.005927	0.703750	0.999408	31.079517	0.153921	0.519602	-0.052235	0.257799	-0.387486	-0.049175	True	0.593430	0.251056	0.513836	28.273396	0.998945	7413
7414.png	0.536108	0.865119	0.927682	0.925476	0.929899	0.998271	28.727440	0.998518	29.059306	0.554656	0.640845	0.273999	31.707870	0.612766	2486	5	1	3	11	1.961353	0.200000	207	203	291.350288	3.172748	0.026468	0.009593	-0.589617	-0.000246	-0.000056	0.007025	1327.074766	0.554656	0.554656	5	1	4	3	11	1.961353	0.200000	5	0	207	203	193	1.435223	3.172748	291.350288	0.026468	44497	17.899035	26.362027	256x256	65536	sparse	Learned	327	5	32	2443	32.125893	0.659521	29.264972	0.998575	0.547630	0.264805	21	10	0.000000	43	2314	32.381602	0.696422	0.998575	29.232666	0.242956	0.532697	3814	32.626169	0.719132	0.999015	31.244376	0.128708	0.548652	-0.205667	0.376040	-0.418023	-0.046755	True	0.668458	0.183156	0.526515	29.317057	0.998517	7414
7415.png	0.682371	0.897674	0.946078	0.940699	0.951520	0.999233	27.799228	0.999337	28.120906	0.712529	0.653544	0.695541	30.838679	0.558725	2107	4	3	6	9	1.987879	0.750000	165	164	229.024387	2.682250	0.028841	-0.002651	0.065709	-0.000062	0.000068	0.003424	1292.318821	0.712529	0.712529	4	3	1	6	9	1.987879	0.750000	4	0	165	164	150	1.396490	2.682250	229.024387	0.028841	45384	21.539630	31.103939	256x256	65536	sparse	Learned	285	4	26	2097	31.133652	0.605997	27.660634	0.999269	0.709104	0.340560	11	5	0.000000	33	1990	31.381130	0.643982	0.999256	27.661236	0.424491	0.680648	4415	31.984754	0.708278	0.999632	31.118443	0.341073	0.685987	0.460271	0.312985	-0.294974	-0.047271	True	0.662098	0.460516	0.685022	27.733519	0.999295	7415
7416.png	0.662465	0.886634	0.939911	0.922797	0.957672	0.999091	27.444725	0.999220	27.848243	0.686848	0.601481	0.700528	31.583896	0.606323	2063	4	3	6	8	1.984127	0.750000	126	125	202.752309	3.108668	0.049712	-0.003298	-0.364047	-0.000107	0.000024	0.006553	1212.294102	0.686848	0.686848	4	3	1	6	8	1.984127	0.750000	4	1	126	125	112	1.622018	3.108668	202.752309	0.049712	44738	21.685894	31.767329	256x256	65536	sparse	Learned	246	4	27	1986	31.871497	0.639533	27.869844	0.999196	0.680295	0.381217	9	7	0.000000	40	2044	32.178696	0.680071	0.999226	28.429543	0.330898	0.674104	4275	32.673603	0.726707	0.999594	31.559562	0.309266	0.681575	-0.021601	0.220264	-0.287600	-0.033210	True	0.539757	0.378115	0.665763	27.808772	0.999198	7416
7417.png	0.734521	0.903442	0.949272	0.953901	0.944688	0.999321	28.501379	0.999417	28.732590	0.754961	0.534666	0.903324	30.981706	0.557698	1805	4	4	6	9	2.000000	1.000000	115	115	178.338095	3.121417	0.047105	0.020580	0.432136	-0.000006	0.000071	0.024789	1169.188023	0.754961	0.754961	4	4	0	6	9	2.000000	1.000000	4	0	115	115	100	1.550766	3.121417	178.338095	0.047105	45297	25.095291	36.308033	256x256	65536	sparse	Learned	235	4	23	1746	31.082233	0.589961	28.049409	0.999346	0.730172	0.417252	7	1	0.125000	31	1694	31.356899	0.628909	0.999279	27.731356	0.307883	0.731668	5089	32.258958	0.734245	0.999690	31.643744	0.182528	0.720257	0.683181	0.117414	-0.100527	-0.032263	True	0.593430	0.536060	0.713940	28.069243	0.999328	7417
7418.png	0.618114	0.886510	0.939841	0.961114	0.919489	0.998699	27.387116	0.999107	28.123390	0.626776	0.724729	0.439204	31.017829	0.581512	2575	4	7	12	11	2.030151	1.750000	199	202	307.291414	2.938750	0.034161	0.003886	-0.955627	-0.000386	-0.000082	0.031647	1072.790384	0.626776	0.626776	4	7	-3	12	11	2.030151	1.750000	4	0	199	202	176	1.521245	2.938750	307.291414	0.034161	45154	17.535534	25.450874	256x256	65536	sparse	Learned	319	4	30	2498	31.498475	0.636836	28.387529	0.999189	0.595129	0.514636	7	5	0.000000	41	2574	31.875653	0.687262	0.999224	28.613376	0.437608	0.601535	3632	31.957903	0.689628	0.999491	30.611546	0.300680	0.609335	-0.264139	0.210093	-0.480646	-0.055325	True	0.753403	0.330898	0.614228	28.342742	0.999085	7418
7419.png	0.596439	0.841346	0.913838	0.866337	0.966851	0.999531	28.150869	0.999519	28.310033	0.618644	0.487267	0.526101	31.279858	0.580181	1880	5	3	6	10	1.966942	0.600000	121	119	189.338095	2.646736	0.050989	-0.004722	0.212262	-0.000021	0.000023	-0.002554	971.978426	0.618644	0.618644	5	3	2	6	10	1.966942	0.600000	5	0	121	119	105	1.591076	2.646736	189.338095	0.050989	44959	23.914362	34.859574	256x256	65536	sparse	Learned	241	5	24	1750	31.466057	0.608706	27.976501	0.999495	0.621198	0.245726	10	0	0.500000	33	1672	31.687287	0.644490	0.999353	27.095103	0.350420	0.595064	4965	32.583420	0.739596	0.999757	31.626478	0.194943	0.608656	0.333533	0.241541	-0.186200	-0.028525	True	0.511297	0.268994	0.601162	27.938608	0.999552	7419
7420.png	0.792197	0.915268	0.955760	0.957358	0.954167	0.999349	26.739076	0.999503	27.273135	0.844828	0.505397	0.744745	30.373753	0.541097	2070	5	0	0	10	1.925373	0.000000	134	129	203.722871	2.869833	0.027709	0.046665	-0.520986	-0.000166	-0.000001	0.076880	1015.032530	0.844828	0.844828	5	0	5	0	10	1.925373	0.000000	5	0	134	129	124	1.579247	2.869833	203.722871	0.027709	45714	22.084058	31.659903	256x256	65536	sparse	Learned	254	5	24	2021	30.779014	0.588342	27.164522	0.999505	0.767948	0.472708	6	3	0.000000	29	1920	30.954723	0.626867	0.999387	26.507893	0.391951	0.749821	4479	31.642085	0.698219	0.999784	30.858888	0.384918	0.766813	0.108613	0.032689	-0.405260	-0.047246	True	0.501424	0.373433	0.745533	27.260062	0.999515	7420
7421.png	0.469910	0.904503	0.949857	0.936475	0.963627	0.998461	28.596283	0.998484	28.847368	0.478218	0.620158	0.315772	30.270147	0.531777	2436	5	5	11	13	2.000000	1.000000	180	180	279.279221	3.548287	0.036011	-0.004742	0.223345	0.000036	0.000153	-0.003881	1472.969770	0.478218	0.478218	5	5	0	11	13	2.000000	1.000000	5	0	180	180	156	1.551551	3.548287	279.279221	0.036011	45898	18.841544	26.903120	256x256	65536	sparse	Learned	300	5	26	2404	30.624565	0.592661	28.417646	0.998331	0.482099	0.219343	21	4	0.000000	31	2324	30.906758	0.639017	0.998051	27.765631	0.176949	0.444006	3649	31.143466	0.655506	0.998594	29.761184	0.198764	0.464513	0.429722	0.400815	-0.354418	-0.060884	True	0.569726	0.179904	0.474652	28.372938	0.998425	7421
7422.png	0.604228	0.890141	0.941878	0.927230	0.956996	0.999046	27.796545	0.999144	28.206672	0.594161	0.630646	0.397726	30.124045	0.521422	2414	5	3	7	12	1.978378	0.600000	185	183	287.178716	3.009076	0.031545	-0.009345	-0.244802	-0.000155	-0.000019	-0.006057	1244.448185	0.594161	0.594161	5	3	2	7	12	1.978378	0.600000	5	0	185	183	166	1.569283	3.009076	287.178716	0.031545	46042	19.072908	27.148302	256x256	65536	sparse	Learned	305	5	26	2379	30.505562	0.586557	28.100504	0.999163	0.600218	0.318240	13	8	0.000000	28	2192	30.674997	0.622262	0.998948	27.231525	0.208990	0.543743	3909	31.106373	0.664254	0.999386	29.723074	0.221199	0.561509	0.106168	0.312407	-0.381517	-0.065134	True	0.660404	0.262660	0.613573	28.041348	0.999201	7422
7423.png	0.713423	0.919000	0.957791	0.953509	0.962111	0.998430	27.540620	0.998669	27.929607	0.729519	0.779090	0.961243	31.142684	0.595424	2940	4	5	13	9	2.009302	1.250000	215	216	334.977705	3.371627	0.038306	-0.001044	-0.594064	-0.000299	-0.000085	0.010966	1432.738304	0.729519	0.729519	4	5	-1	13	9	2.009302	1.250000	4	0	215	216	193	1.550823	3.371627	334.977705	0.038306	45168	15.363265	22.291156	256x256	65536	sparse	Learned	335	4	33	2903	31.650915	0.655682	28.138868	0.998755	0.718553	0.644520	7	10	0.000000	41	2734	31.910418	0.698568	0.998755	28.282323	0.479376	0.696256	735	30.823479	0.592616	0.997760	25.696398	0.609372	0.695386	-0.209261	0.134570	-0.508230	-0.060258	True	0.789864	0.759251	0.714466	28.134684	0.998729	7423
7424.png	0.632865	0.900306	0.947538	0.938776	0.956465	0.999181	27.818666	0.999247	28.143629	0.635593	0.691181	0.454954	30.386881	0.533814	2355	4	11	20	9	2.080460	2.750000	174	181	280.592929	2.955250	0.043436	0.013241	-0.081820	-0.000098	0.000011	0.014118	1156.360149	0.635593	0.635593	4	11	-7	20	9	2.080460	2.750000	4	1	174	181	145	1.550237	2.955250	280.592929	0.043436	45852	19.470064	27.828450	256x256	65536	sparse	Learned	294	4	25	2162	30.697908	0.587904	27.961323	0.999236	0.621476	0.405479	9	8	0.000000	31	2264	30.951498	0.639157	0.999014	27.134645	0.355964	0.613460	3909	31.300674	0.672409	0.999437	29.701441	0.287280	0.637507	0.182306	0.285702	-0.311027	-0.054090	True	0.721963	0.328460	0.619624	27.900486	0.999279	7424
7425.png	0.484570	0.838449	0.912127	0.861649	0.968886	0.998960	28.638795	0.998770	28.849115	0.513374	0.728827	0.358675	30.636823	0.553048	2356	4	9	22	12	2.057803	2.250000	173	178	308.492424	3.061127	0.058175	-0.014915	0.140020	-0.000079	0.000037	-0.020386	1409.354448	0.513374	0.513374	4	9	-5	22	12	2.057803	2.250000	4	2	173	178	139	1.733104	3.061127	308.492424	0.058175	45477	19.302632	27.816638	256x256	65536	sparse	Learned	293	4	27	2332	31.042517	0.609193	28.508418	0.998734	0.533760	0.334451	14	7	0.000000	33	2280	31.358665	0.653179	0.998635	28.272661	0.245894	0.514743	3919	31.714592	0.688184	0.999184	30.709341	0.235206	0.528889	0.340697	0.394377	-0.405694	-0.056145	True	0.640845	0.229855	0.499485	28.498775	0.999039	7425
7426.png	0.606538	0.913298	0.954685	0.960567	0.948874	0.998856	27.286655	0.999036	27.717963	0.624257	0.698806	0.557819	30.876105	0.573155	2584	4	3	7	10	1.989305	0.750000	187	186	292.433550	2.858737	0.030794	-0.017959	-0.393134	-0.000193	-0.000021	0.001932	1232.680321	0.624257	0.624257	4	3	1	7	10	1.989305	0.750000	4	0	187	186	170	1.572223	2.858737	292.433550	0.030794	45353	17.551471	25.362229	256x256	65536	sparse	Learned	307	4	29	2483	31.329349	0.628536	27.624217	0.999057	0.622325	0.365904	9	2	0.000000	40	2554	31.702440	0.677137	0.999046	28.149118	0.484623	0.625724	3680	31.791426	0.682067	0.999450	30.459085	0.312711	0.630272	0.093746	0.332901	-0.453244	-0.055381	True	0.713495	0.398001	0.624497	27.679789	0.999049	7426
7427.png	0.680490	0.905244	0.950266	0.939828	0.960938	0.999457	27.299280	0.999551	27.637683	0.695775	0.546155	0.639970	30.877058	0.558539	1873	4	0	0	8	1.936508	0.000000	126	122	180.509668	2.838664	0.026447	0.017935	0.206747	-0.000087	0.000018	0.015915	803.630114	0.695775	0.695775	4	0	4	0	8	1.936508	0.000000	4	0	126	122	118	1.479587	2.838664	180.509668	0.026447	45477	24.280299	34.989856	256x256	65536	sparse	Learned	246	4	24	1873	31.105277	0.595423	27.066813	0.999533	0.679859	0.368716	6	1	0.250000	31	1702	31.299628	0.628159	0.999489	26.791421	0.314182	0.667838	4866	32.105425	0.721773	0.999827	31.640172	0.302324	0.689165	0.570870	0.177439	-0.228220	-0.036884	True	0.559568	0.358107	0.662555	27.092533	0.999544	7427
7428.png	0.621514	0.891137	0.942435	0.932460	0.952626	0.999441	27.646385	0.999518	28.129665	0.644068	0.495910	0.613057	30.169917	0.514616	1770	4	3	5	8	1.981308	0.750000	107	106	146.083261	3.073115	0.018535	0.004758	0.189098	-0.000040	0.000056	0.008595	1064.442158	0.644068	0.644068	4	3	1	5	8	1.981308	0.750000	4	0	107	106	94	1.378144	3.073115	146.083261	0.018535	45972	25.972881	37.025989	256x256	65536	sparse	Learned	227	4	20	1612	30.360246	0.547287	27.499908	0.999461	0.635472	0.413354	6	3	0.000000	25	1674	30.612864	0.593572	0.999368	26.870387	0.281875	0.601456	5114	31.622735	0.714800	0.999735	30.823681	0.161382	0.622403	0.629757	0.082556	-0.190329	-0.032671	True	0.515675	0.316139	0.616756	27.457287	0.999481	7428
7429.png	0.783170	0.909490	0.952600	0.937253	0.968458	0.998908	27.563837	0.998647	27.790051	0.821058	0.735523	1.026470	30.911657	0.586496	2639	4	6	12	9	2.020000	1.500000	200	202	313.048773	3.068939	0.036147	0.044101	-0.220673	-0.000123	0.000024	0.052377	1486.784935	0.821058	0.821058	4	6	-2	12	9	2.020000	1.500000	4	1	200	202	179	1.549746	3.068939	313.048773	0.036147	45235	17.140962	24.833649	256x256	65536	sparse	Learned	320	4	30	2597	31.488510	0.642102	27.781113	0.998623	0.768682	0.674651	7	16	0.000000	41	2482	31.859506	0.685254	0.998743	28.051016	0.743339	0.769306	3437	31.944452	0.681772	0.999364	31.023351	0.572585	0.773411	0.008938	0.060872	-0.576853	-0.055606	True	0.782379	0.803088	0.739068	27.784510	0.999032	7429
7430.png	0.707071	0.860870	0.925234	0.897959	0.954217	0.999584	27.097535	0.999579	27.241630	0.759508	0.371865	1.008158	30.664366	0.541932	1559	3	0	0	6	1.909091	0.000000	66	63	207.212761	3.725293	0.041841	-0.001709	0.747864	0.000048	0.000099	0.004449	1047.380686	0.759508	0.759508	3	0	3	0	6	1.909091	0.000000	4	0	66	63	60	3.289091	3.725293	207.212761	0.041841	45681	29.301475	42.037203	256x256	65536	sparse	Learned	186	4	20	1539	30.792000	0.564590	26.249526	0.999480	0.755059	0.321975	7	3	0.000000	26	1396	30.937557	0.601237	0.999460	26.229393	0.271773	0.700855	6147	32.413539	0.757932	0.999863	32.182570	0.331168	0.717811	0.992104	0.049890	-0.127634	-0.022658	True	0.423050	0.426502	0.708779	26.349671	0.999536	7430
7431.png	0.609869	0.849811	0.918809	0.927512	0.910267	0.999191	27.684221	0.999444	28.412361	0.658635	0.443822	0.533606	30.487884	0.534348	2094	5	0	1	11	1.925926	0.000000	135	130	187.124892	2.947468	0.025968	-0.019953	-0.165297	-0.000181	0.000035	-0.002175	996.478558	0.658635	0.658635	5	0	5	1	11	1.925926	0.000000	6	0	135	130	123	1.439422	2.947468	187.124892	0.025968	45700	21.824260	31.297039	256x256	65536	sparse	Learned	257	6	24	2043	30.720981	0.583264	27.921228	0.999409	0.660810	0.298125	10	3	0.000000	28	1928	30.958884	0.619898	0.999306	27.359340	0.196410	0.626843	4418	31.610613	0.695932	0.999669	30.780777	0.153921	0.655750	0.491133	0.145697	-0.233097	-0.048916	True	0.561327	0.299527	0.629822	27.849518	0.999372	7431
7432.png	0.605641	0.868958	0.929885	0.909500	0.951205	0.998976	28.129662	0.999005	28.415472	0.634971	0.664455	0.534355	30.414388	0.542156	2549	5	2	5	11	1.970000	0.400000	200	197	312.663997	2.838220	0.035734	-0.019423	-0.229930	-0.000141	-0.000006	-0.015106	1194.010258	0.634971	0.634971	5	2	3	5	11	1.970000	0.400000	5	1	200	197	184	1.587127	2.838220	312.663997	0.035734	45665	17.914869	25.710475	256x256	65536	sparse	Learned	320	5	28	2498	30.916567	0.608058	28.380272	0.999011	0.650077	0.398117	13	7	0.000000	32	2372	31.103874	0.648465	0.998739	27.613716	0.241463	0.622572	3671	31.370945	0.665396	0.999318	30.122119	0.192397	0.648045	0.035200	0.266338	-0.502179	-0.065901	True	0.682729	0.364820	0.625065	28.359592	0.999117	7432
7433.png	0.727927	0.899868	0.947295	0.955245	0.939477	0.999036	26.097295	0.999374	26.889314	0.761777	0.522886	0.559739	30.819195	0.586152	2516	6	0	0	12	1.932961	0.000000	179	173	260.735065	2.694663	0.025142	0.004680	-1.102183	-0.000375	-0.000059	0.038452	1131.219149	0.761777	0.761777	6	0	6	0	12	1.932961	0.000000	6	0	179	173	167	1.507139	2.694663	260.735065	0.025142	45421	18.052862	26.047695	256x256	65536	sparse	Learned	299	6	29	2442	31.433655	0.635934	27.181672	0.999433	0.723325	0.349491	10	1	0.166667	38	2418	31.779518	0.683315	0.999419	27.424871	0.391951	0.698931	3759	31.999592	0.690981	0.999702	30.638523	0.295854	0.719045	-0.292358	0.173395	-0.614460	-0.049781	True	0.544640	0.304856	0.723247	27.199478	0.999411	7433
7434.png	0.155423	0.155423	0.269032	0.968085	0.156223	0.988995	13.160000	0.999917	25.805512	0.989418	0.355964	0.568123	27.618604	0.540499	818	1	0	0	2	1.888889	0.000000	18	17	23.899495	3.635901	0.040595						652.183056	0.989418	0.989418	1	0	1	0	2	1.888889	0.000000	1	0	18	17	16	1.405853	3.635901	23.899495	0.040595	45354	55.444988	80.117359	256x256	65536	sparse	Frangi	138	1												21	800	31.094089	0.589728	0.999900	24.665921	0.250905	0.225690												True	0.626561	0.355964				7434
7435.png	0.659363	0.883226	0.937992	0.931293	0.944790	0.998324	25.853100	0.998847	27.843023	0.660079	0.610932	0.534235	30.622623	0.549989	2212	5	16	30	14	2.144737	3.200000	152	163	276.036580	2.675394	0.059492	0.007472	-2.371350	-0.000659	-0.000201	0.005286	1342.806816	0.660079	0.660079	5	16	-11	30	14	2.144737	3.200000	5	3	152	163	108	1.693476	2.675394	276.036580	0.059492	45490	20.565099	29.627486	256x256	65536	sparse	Learned	272	5	25	2016	31.013156	0.595763	28.274859	0.999048	0.654793	0.546155	6	2	0.733333	31	1990	31.208900	0.635094	0.998888	27.878832	0.263122	0.647625	4161	31.720720	0.694958	0.999461	30.867191	0.198669	0.657051	-0.431836	0.064776	-0.390533	-0.045773	True	0.617107	0.329680	0.651890	28.224450	0.998983	7435
7436.png	0.705153	0.885057	0.939024	0.921543	0.957182	0.998714	28.645972	0.998763	28.960973	0.704981	0.641204	0.802117	30.369993	0.524658	2008	4	4	9	10	2.000000	1.000000	152	152	224.195959	3.227057	0.030292	0.023704	0.169187	0.000076	0.000151	0.019091	1570.100546	0.704981	0.704981	4	4	0	9	10	2.000000	1.000000	4	0	152	152	133	1.474973	3.227057	224.195959	0.030292	45787	22.802291	32.637450	256x256	65536	sparse	Learned	272	4	23	1917	30.591656	0.571229	28.565084	0.998613	0.685890	0.443451	10	10	0.000000	27	1742	30.808564	0.603204	0.998178	27.544136	0.054600	0.625563	4477	31.518021	0.697060	0.999223	30.806866	0.029398	0.443909	0.395889	0.197753	-0.221663	-0.046571	True	0.655272	0.525605	0.681449	28.476785	0.998638	7436
7437.png	0.649845	0.821400	0.901944	0.927176	0.878049	0.999194	27.284694	0.999475	27.982720	0.688780	0.524791	0.769226	30.306201	0.531733	1990	5	2	6	12	1.955224	0.400000	134	131	221.107648	2.615759	0.036633	-0.008401	-0.586509	-0.000242	-0.000009	0.008721	925.943136	0.688780	0.688780	5	2	3	6	12	1.955224	0.400000	5	0	134	131	116	1.687845	2.615759	221.107648	0.036633	45736	22.982915	32.932663	256x256	65536	sparse	Learned	254	5	23	1961	30.664568	0.579688	27.728006	0.999484	0.680058	0.412865	8	3	0.000000	28	1986	30.949627	0.623045	0.999404	27.150486	0.194802	0.667649	4461	31.602882	0.697906	0.999738	30.950421	0.187677	0.667155	0.254714	0.111926	-0.358367	-0.047955	True	0.552465	0.424970	0.658246	27.871203	0.999436	7437
7438.png	0.613898	0.898723	0.946660	0.944844	0.948483	0.998260	27.838621	0.998512	28.358248	0.620562	0.586597	0.501257	30.803090	0.580352	2705	6	2	5	13	1.959799	0.333333	199	195	298.178716	3.211737	0.039149	-0.007908	-0.928202	-0.000371	-0.000109	0.009076	1391.863108	0.620562	0.620562	6	2	4	5	13	1.959799	0.333333	6	0	199	195	181	1.529122	3.211737	298.178716	0.039149	45245	16.726433	24.227726	256x256	65536	sparse	Learned	319	6	31	2655	31.500790	0.641868	28.749015	0.998621	0.611486	0.341199	15	5	0.000000	39	2442	31.704099	0.676055	0.998522	28.342487	0.365099	0.618926	3526	31.883427	0.686578	0.999042	30.628477	0.336000	0.598642	-0.390767	0.245399	-0.697700	-0.061516	True	0.614546	0.308046	0.621806	28.766823	0.998631	7438
7439.png	0.779916	0.908787	0.952214	0.944348	0.960212	0.999469	27.125087	0.999554	27.528497	0.815567	0.675348	0.856821	30.477589	0.542380	2274	4	3	7	9	1.988304	0.750000	171	170	250.722871	2.305566	0.038172	0.006801	-0.180149	-0.000102	-0.000024	0.019314	935.522318	0.815567	0.815567	4	3	1	7	9	1.988304	0.750000	4	0	171	170	155	1.474840	2.305566	250.722871	0.038172	45797	20.139402	28.819701	256x256	65536	sparse	Learned	291	4	26	2259	30.863699	0.598718	27.434734	0.999579	0.796253	0.595053	5	0	0.875000	30	2256	31.056360	0.641560	0.999487	26.837941	0.604656	0.755212	3971	31.464306	0.677023	0.999755	30.234077	0.632121	0.768388	0.093763	0.080294	-0.386110	-0.056338	True	0.684942	0.586873	0.773116	27.305235	0.999571	7439
7440.png	0.758861	0.891807	0.942810	0.938158	0.947508	0.999037	27.748912	0.999219	28.223950	0.796785	0.632121	0.814420	31.044740	0.579742	2469	5	1	3	11	1.958115	0.200000	191	187	286.592929	2.585776	0.030702	0.034546	-0.448657	-0.000216	-0.000011	0.053960	1145.962954	0.796785	0.796785	5	1	4	3	11	1.958115	0.200000	5	0	191	187	177	1.532583	2.585776	286.592929	0.030702	45167	18.293641	26.543540	256x256	65536	sparse	Learned	311	5	29	2440	31.422625	0.631783	28.122497	0.999231	0.742824	0.579249	7	11	0.000000	38	2430	31.731839	0.678222	0.999133	27.795402	0.402228	0.749712	3808	31.999514	0.696541	0.999524	30.511822	0.450190	0.740848	0.101453	0.052871	-0.377886	-0.052041	True	0.643706	0.524247	0.724315	28.197569	0.999253	7440
7441.png	0.711456	0.893311	0.943649	0.929515	0.958220	0.999477	27.721708	0.999522	28.032247	0.733276	0.563078	0.613715	30.384290	0.531691	2097	5	5	11	12	2.000000	1.000000	148	148	243.521861	2.400816	0.037867	-0.003053	0.042606	-0.000050	0.000022	0.009724	884.811401	0.733276	0.733276	5	5	0	11	12	2.000000	1.000000	5	0	148	148	125	1.645418	2.400816	243.521861	0.037867	45784	21.833095	31.252265	256x256	65536	sparse	Learned	268	5	23	2012	30.574296	0.577502	27.678746	0.999500	0.723552	0.454315	7	2	0.000000	29	1898	30.888137	0.618466	0.999372	26.886049	0.278676	0.695451	4535	31.569539	0.698833	0.999733	30.606765	0.151978	0.700920	0.353501	0.108762	-0.190006	-0.045811	True	0.568289	0.348768	0.714509	27.679102	0.999527	7441
7442.png	0.603579	0.899460	0.947069	0.945390	0.948754	0.998869	28.249353	0.998997	28.595566	0.604811	0.609372	0.460284	31.208692	0.572404	1979	4	4	8	9	2.000000	1.000000	130	130	217.137085	3.373451	0.064490	0.013258	0.086127	-0.000001	0.000123	0.006725	1452.327967	0.604811	0.604811	4	4	0	8	9	2.000000	1.000000	4	0	130	130	113	1.670285	3.373451	217.137085	0.064490	45042	22.759980	33.115715	256x256	65536	sparse	Learned	250	4	25	1919	31.350776	0.608390	28.169539	0.998874	0.598086	0.338558	9	4	0.000000	34	1960	31.647409	0.648398	0.998826	28.132282	0.251736	0.600273	4734	32.347995	0.727665	0.999448	31.381476	0.194909	0.595092	0.426027	0.270814	-0.142084	-0.035986	True	0.613259	0.282273	0.590320	28.163226	0.998870	7442
7443.png	0.565305	0.822938	0.902870	0.886561	0.919790	0.999076	28.759896	0.999227	29.014365	0.617209	0.599884	0.707117	31.229809	0.580378	2091	5	9	15	11	2.049689	1.800000	161	165	266.178716	2.649685	0.038302	0.017368	-0.089415	-0.000129	0.000001	0.011653	1037.832022	0.617209	0.617209	5	9	-4	15	11	2.049689	1.800000	5	0	161	165	135	1.613204	2.649685	266.178716	0.038302	44858	21.452893	31.341942	256x256	65536	sparse	Learned	281	5	27	2019	31.572817	0.622264	28.808317	0.999227	0.605556	0.464739	8	2	0.000000	34	1904	31.775002	0.654087	0.999083	28.208724	0.136418	0.583433	4251	32.336434	0.716168	0.999534	31.546209	0.087895	0.558773	0.206048	0.135145	-0.343008	-0.041886	True	0.615572	0.435282	0.547937	28.849311	0.999205	7443
7444.png	0.590807	0.916856	0.956625	0.978723	0.935503	0.998646	27.289676	0.999016	27.823050	0.618992	0.573439	0.721776	30.951786	0.578833	2388	5	1	3	11	1.952663	0.200000	169	165	252.906638	3.084893	0.039713	-0.002857	-0.670431	-0.000311	-0.000056	0.008793	1274.236917	0.618992	0.618992	5	1	4	3	11	1.952663	0.200000	5	0	169	165	155	1.532768	3.084893	252.906638	0.039713	45281	18.961893	27.443886	256x256	65536	sparse	Learned	289	5	28	2349	31.389729	0.627866	27.923263	0.999072	0.610198	0.430059	9	5	0.000000	37	2368	31.658515	0.673197	0.998973	27.782898	0.522886	0.594671	3868	31.958017	0.694049	0.999442	30.661245	0.293548	0.611425	-0.100212	0.143380	-0.437943	-0.049033	True	0.607807	0.438700	0.593665	27.960106	0.998957	7444
7445.png	0.679126	0.909757	0.952747	0.941623	0.964136	0.999147	27.616728	0.999199	28.078814	0.673262	0.574007	0.675332	30.334144	0.537617	2555	6	4	7	12	1.978723	0.666667	188	186	293.350288	2.935034	0.044967	0.002100	-0.081240	-0.000070	0.000030	0.019914	1278.657198	0.673262	0.673262	6	4	2	7	12	1.978723	0.666667	6	1	188	186	169	1.577152	2.935034	293.350288	0.044967	45938	17.979648	25.650098	256x256	65536	sparse	Learned	308	6	27	2470	30.706917	0.601141	27.757632	0.999169	0.653348	0.387930	11	6	0.000000	32	2530	31.007973	0.652587	0.998991	27.284029	0.401902	0.638874	3656	31.164334	0.656440	0.999441	29.839513	0.309672	0.651895	0.321182	0.186077	-0.372773	-0.063524	True	0.597476	0.403494	0.677026	27.697968	0.999217	7445
7446.png	0.719872	0.894610	0.944374	0.932886	0.956148	0.999332	27.323252	0.999483	27.792272	0.761290	0.570013	0.740514	30.976734	0.578343	2179	5	5	10	11	2.000000	1.000000	150	150	249.592929	2.456509	0.044784	0.040097	-0.334384	-0.000200	-0.000036	0.055159	871.899843	0.761290	0.761290	5	5	0	10	11	2.000000	1.000000	5	1	150	150	129	1.663953	2.456509	249.592929	0.044784	45109	20.701698	30.076182	256x256	65536	sparse	Learned	270	5	27	2098	31.461714	0.622663	27.642920	0.999519	0.706131	0.397499	9	2	0.100000	35	2148	31.664885	0.666013	0.999415	27.324926	0.578527	0.682008	4078	32.140202	0.705786	0.999753	31.223047	0.456649	0.683849	0.149353	0.172513	-0.484980	-0.044321	True	0.576838	0.427157	0.679775	27.657636	0.999531	7446
7447.png	0.763304	0.903251	0.949167	0.966893	0.932079	0.999283	26.457439	0.999519	27.329929	0.814846	0.651808	0.673897	30.226180	0.524820	2109	4	5	10	9	2.012821	1.250000	156	157	244.308658	2.582553	0.029501	0.001046	-0.627303	-0.000203	0.000001	0.040455	982.657909	0.814846	0.814846	4	5	-1	10	9	2.012821	1.250000	4	1	156	157	137	1.556106	2.582553	244.308658	0.029501	46000	21.811285	31.074443	256x256	65536	sparse	Learned	276	4	24	2075	30.528536	0.577161	27.122098	0.999518	0.774390	0.411395	8	1	0.500000	29	2050	30.768354	0.621619	0.999471	26.906614	0.398001	0.754532	4526	31.411100	0.692114	0.999778	30.762511	0.418545	0.765876	0.207831	0.240413	-0.302356	-0.052342	True	0.648308	0.436893	0.762259	27.084742	0.999486	7447
7448.png	0.721633	0.894864	0.944515	0.944915	0.944115	0.999296	27.883871	0.999441	28.423322	0.747927	0.660404	0.735699	31.112264	0.568818	2105	4	1	3	9	1.963636	0.250000	165	162	247.865007	2.451653	0.034232	0.023534	-0.371980	-0.000150	-0.000001	0.050621	980.521441	0.747927	0.747927	4	1	3	3	9	1.963636	0.250000	4	0	165	162	153	1.530031	2.451653	247.865007	0.034232	45212	21.478385	31.133492	256x256	65536	sparse	Learned	285	4	26	2062	31.257161	0.609618	28.221060	0.999442	0.697306	0.382762	8	0	0.500000	33	2072	31.536584	0.650510	0.999296	27.579581	0.246229	0.695349	4531	32.210495	0.720403	0.999672	31.096651	0.198715	0.694639	0.202262	0.277643	-0.144897	-0.040800	True	0.686514	0.505067	0.698098	28.255851	0.999446	7448
7449.png	0.611384	0.875592	0.933670	0.928981	0.938406	0.999239	27.354856	0.999393	27.916890	0.616678	0.588522	0.331256	30.173179	0.521566	2185	5	1	3	11	1.951807	0.200000	166	162	260.249783	2.598902	0.047395	-0.013362	0.045295	-0.000073	0.000076	-0.008742	1031.228065	0.616678	0.616678	5	1	4	3	11	1.951807	0.200000	5	0	166	162	152	1.606480	2.598902	260.249783	0.047395	46071	21.085126	29.993593	256x256	65536	sparse	Learned	286	5	24	2140	30.427263	0.575167	27.356942	0.999317	0.625420	0.245378	13	2	0.000000	29	2158	30.728567	0.622721	0.999211	26.902137	0.192747	0.577913	4120	31.198928	0.671912	0.999617	30.028642	0.183314	0.606711	0.559948	0.343144	-0.254085	-0.053602	True	0.694254	0.229976	0.624746	27.309561	0.999312	7449
7450.png	0.688672	0.859635	0.924520	0.920204	0.928877	0.999302	27.367599	0.999385	27.901958	0.708778	0.559568	0.598839	30.490960	0.534870	1892	4	1	4	8	1.950820	0.250000	122	119	180.166522	3.041434	0.037641	-0.005883	0.107587	-0.000102	0.000074	0.016229	1100.992680	0.708778	0.708778	4	1	3	4	8	1.950820	0.250000	4	0	122	119	110	1.514004	3.041434	180.166522	0.037641	45725	24.167548	34.638478	256x256	65536	sparse	Learned	242	4	22	1793	30.655966	0.572380	27.264366	0.999310	0.692549	0.288230	9	1	0.000000	28	1694	30.888226	0.610941	0.999256	27.063834	0.335401	0.667724	4828	31.750613	0.710614	0.999690	31.239992	0.214246	0.684996	0.637592	0.271339	-0.165007	-0.037510	True	0.578948	0.346697	0.694554	27.260012	0.999403	7450
7451.png	0.698297	0.893449	0.943727	0.934765	0.952862	0.999399	26.661168	0.999529	27.130871	0.723941	0.571729	0.660444	30.220716	0.526808	2264	5	2	4	11	1.963636	0.400000	165	162	244.622366	2.482043	0.033020	-0.013051	-0.362067	-0.000117	0.000010	-0.004924	870.153189	0.723941	0.723941	5	2	3	4	11	1.963636	0.400000	5	0	165	162	150	1.510015	2.482043	244.622366	0.033020	46083	20.354682	28.946996	256x256	65536	sparse	Learned	285	5	24	2124	30.515983	0.578987	26.981450	0.999519	0.728865	0.543424	5	1	0.500000	29	2258	30.787127	0.632336	0.999422	26.354140	0.390429	0.703675	3971	31.178885	0.664896	0.999739	30.130004	0.409922	0.709035	0.149421	0.028305	-0.295266	-0.052179	True	0.581886	0.384303	0.711348	27.023235	0.999516	7451
7452.png	0.585253	0.893975	0.944020	0.936855	0.951295	0.999153	27.609802	0.999286	28.038196	0.606131	0.739460	0.496927	30.531216	0.549199	2474	4	9	16	10	2.051282	2.250000	195	200	314.663997	2.766858	0.031137	-0.027911	-0.307987	-0.000157	-0.000006	-0.028072	1104.254007	0.606131	0.606131	4	9	-5	16	10	2.051282	2.250000	4	1	195	200	169	1.573320	2.766858	314.663997	0.031137	45685	18.466047	26.489895	256x256	65536	sparse	Learned	315	4	27	2363	30.949740	0.606434	27.904294	0.999292	0.634203	0.293296	14	2	0.000000	32	2198	31.113997	0.646609	0.999143	27.357533	0.295312	0.583818	3789	31.445334	0.674307	0.999537	30.167302	0.231258	0.623912	0.133901	0.446165	-0.418525	-0.057235	True	0.754633	0.374998	0.613164	27.917789	0.999310	7452
7453.png	0.700392	0.876052	0.933931	0.921900	0.946281	0.999255	27.859673	0.999336	28.240327	0.714731	0.548419	0.746765	31.139366	0.576093	1897	4	1	3	9	1.950000	0.250000	120	117	182.509668	3.272260	0.046651	0.018204	-0.105873	-0.000152	-0.000014	0.015173	1176.859140	0.714731	0.714731	4	1	3	3	9	1.950000	0.250000	4	0	120	117	108	1.559912	3.272260	182.509668	0.046651	45048	23.746969	34.547180	256x256	65536	sparse	Learned	240	4	24	1814	31.434869	0.610286	27.972827	0.999350	0.699558	0.488291	6	7	0.000000	32	1738	31.597620	0.643844	0.999291	27.732768	0.491352	0.700224	4685	32.410799	0.729063	0.999688	31.693099	0.292016	0.689605	0.267500	0.060127	-0.295503	-0.034193	True	0.589344	0.440102	0.682188	27.965546	0.999406	7453
7455.png	0.702525	0.886270	0.939707	0.948985	0.930608	0.998912	27.427453	0.999197	28.046466	0.716418	0.628423	0.673223	30.231291	0.540273	2724	6	6	9	14	2.000000	1.000000	220	220	345.362482	2.736237	0.032712	0.011949	-0.843853	-0.000323	-0.000084	0.019650	994.339705	0.716418	0.716418	6	6	0	9	14	2.000000	1.000000	6	0	220	220	197	1.569829	2.736237	345.362482	0.032712	45809	16.816814	24.058737	256x256	65536	sparse	Learned	340	6	29	2661	30.843808	0.612882	28.251950	0.999281	0.696768	0.518626	9	4	0.000000	33	2588	31.064846	0.659127	0.999127	27.570960	0.281076	0.669536	3460	31.171179	0.654939	0.999438	29.545220	0.275170	0.675793	-0.205485	0.109797	-0.612516	-0.072609	True	0.645365	0.434475	0.690577	28.271307	0.999235	7455
7456.png	0.497934	0.825397	0.904348	0.875789	0.934831	0.999365	27.945357	0.999447	28.476773	0.551901	0.510808	0.550891	31.351552	0.578053	1692	4	0	0	8	1.928571	0.000000	112	108	160.539105	2.883325	0.042283	-0.007432	-0.109072	-0.000098	0.000041	-0.004409	1217.600346	0.551901	0.551901	4	0	4	0	8	1.928571	0.000000	4	0	112	108	104	1.486473	2.883325	160.539105	0.042283	44847	26.505319	38.732861	256x256	65536	sparse	Learned	232	4	23	1632	31.548893	0.605030	28.073807	0.999406	0.556311	0.338558	6	1	0.250000	34	1676	31.772106	0.645341	0.999362	27.938066	0.279277	0.582769	5483	32.849558	0.755190	0.999735	32.280473	0.234436	0.549077	0.402966	0.172250	-0.197341	-0.026977	True	0.508356	0.280048	0.505366	28.054428	0.999463	7456
7457.png	0.637108	0.887431	0.940359	0.967620	0.914591	0.998994	26.863969	0.999314	27.815484	0.678468	0.583138	0.900073	30.872002	0.566321	1987	4	3	5	7	1.984496	0.750000	129	128	197.651804	3.183990	0.041929	0.012587	-0.856056	-0.000255	0.000013	0.037084	1011.727333	0.678468	0.678468	4	3	1	5	7	1.984496	0.750000	4	0	129	128	117	1.544155	3.183990	197.651804	0.041929	45282	22.789129	32.982386	256x256	65536	sparse	Learned	249	4	25	1922	31.260751	0.604434	27.649440	0.999301	0.641384	0.458457	6	8	0.000000	33	1870	31.452646	0.641528	0.999268	27.531567	0.515675	0.636119	4628	32.178108	0.720571	0.999645	31.182638	0.322422	0.644385	0.166043	0.124681	-0.388748	-0.038113	True	0.626561	0.563951	0.624521	27.720025	0.999249	7457
7458.png	0.647956	0.853324	0.920858	0.905455	0.936795	0.999347	28.337263	0.999365	28.579849	0.669421	0.744619	0.644476	31.170492	0.575854	2301	4	11	17	9	2.071795	2.750000	195	202	318.421356	2.321265	0.032469	-0.017334	0.079126	-0.000010	0.000051	-0.019406	998.855829	0.669421	0.669421	4	11	-7	17	9	2.071795	2.750000	4	2	195	202	169	1.576343	2.321265	318.421356	0.032469	45093	19.597132	28.481530	256x256	65536	sparse	Learned	315	4	28	2238	31.458434	0.623586	28.202458	0.999314	0.688828	0.503415	7	3	0.375000	36	2050	31.679078	0.657616	0.999255	27.941681	0.387930	0.664416	4135	32.114032	0.704975	0.999626	31.371421	0.278959	0.656696	0.377391	0.241205	-0.287942	-0.047732	True	0.749676	0.483149	0.665289	28.258137	0.999357	7458
7459.png	0.638455	0.890323	0.941980	0.934801	0.949269	0.999351	27.966513	0.999476	28.320478	0.669710	0.651808	0.548957	30.921856	0.563919	2156	4	1	3	9	1.963636	0.250000	165	162	249.421356	2.413562	0.035764	0.004272	-0.039364	-0.000102	-0.000002	0.009589	888.241529	0.669710	0.669710	4	1	3	3	9	1.963636	0.250000	4	0	165	162	153	1.539638	2.413562	249.421356	0.035764	45336	21.027829	30.397032	256x256	65536	sparse	Learned	285	4	27	2136	31.251280	0.609798	28.106491	0.999479	0.660121	0.391951	8	2	0.000000	33	1948	31.429931	0.644857	0.999385	27.550994	0.377671	0.606391	4280	31.958562	0.702467	0.999719	31.154067	0.220333	0.618902	0.213987	0.259856	-0.329425	-0.045879	True	0.668789	0.367136	0.634183	28.005877	0.999453	7459
7460.png	0.397374	0.276619	0.433362	0.849916	0.290825	0.989008	16.338996	0.999396	28.283887	0.199851	0.527633	0.647537	28.512575	0.565806	1193	2	15	15	5	2.500000	7.500000	52	65	104.568542	3.292376	0.073376	-0.175893	-6.636922	-0.007329	0.001219	-0.019778	1082.936764	0.199851	0.199851	2	15	-13	15	5	2.500000	7.500000	2	2	52	65	32	1.608747	3.292376	104.568542	0.073376	44854	37.597653	54.933780	256x256	65536	sparse	Frangi	172	2	5	1176	29.122463	0.579631	22.696929	0.998177	0.219629	0.339660	12	0	0.000000	26	1112	31.573468	0.627787	0.999152	27.319627	0.517402	0.241281								5.586958	0.187974	-0.609888	-0.013824	True	0.626187	0.405479	0.573267	22.975918	0.996337	7460
7461.png	0.741102	0.901271	0.948072	0.945641	0.950515	0.998642	28.618447	0.998719	28.918640	0.767522	0.735523	0.798414	31.146605	0.583193	2587	4	0	1	9	1.962264	0.000000	212	208	309.634560	3.106563	0.027164	0.048041	-0.119944	-0.000098	0.000056	0.064711	1326.252937	0.767522	0.767522	4	0	4	1	9	1.962264	0.000000	4	0	212	208	202	1.488628	3.106563	309.634560	0.027164	45107	17.436026	25.332818	256x256	65536	sparse	Learned	332	4	31	2547	31.546804	0.637895	28.699665	0.998662	0.702811	0.683363	8	19	0.000000	38	2350	31.759222	0.674710	0.998349	27.975723	0.244216	0.674500	3420	31.929969	0.684467	0.999130	30.843105	0.225084	0.695234	0.218975	0.052160	-0.400199	-0.054702	True	0.757074	0.604459	0.693060	28.738391	0.998740	7461
7462.png	0.689863	0.896665	0.945517	0.945245	0.945790	0.998928	26.889819	0.999208	27.477550	0.712937	0.671099	0.496483	30.692601	0.571798	2756	5	3	5	10	1.981043	0.600000	211	209	320.705627	2.773695	0.042480	-0.005947	-1.012474	-0.000352	-0.000108	0.010445	974.632978	0.712937	0.712937	5	3	2	5	10	1.981043	0.600000	5	0	211	209	196	1.534477	2.773695	320.705627	0.042480	45453	16.492380	23.779390	256x256	65536	sparse	Learned	331	5	30	2740	31.226843	0.634213	27.952102	0.999316	0.702492	0.456045	9	0	0.600000	38	2662	31.581531	0.682152	0.999225	27.866755	0.609372	0.688183	3207	31.536743	0.660757	0.999473	29.780169	0.428791	0.687015	-0.474552	0.215054	-0.534242	-0.062414	True	0.695170	0.345140	0.695810	27.902293	0.999279	7462
7463.png	0.535538	0.884937	0.938957	0.909026	0.970926	0.999185	28.400638	0.999110	28.545598	0.541752	0.658702	0.462025	30.362832	0.529411	2124	4	5	9	9	2.012346	1.250000	162	163	238.409163	2.861224	0.040390	-0.021896	0.344746	0.000012	0.000052	-0.023259	1244.581938	0.541752	0.541752	4	5	-1	9	9	2.012346	1.250000	4	0	162	163	144	1.462633	2.861224	238.409163	0.040390	45761	21.544727	30.854991	256x256	65536	sparse	Learned	282	4	25	2093	30.739991	0.583573	28.143546	0.999058	0.565010	0.326320	12	6	0.000000	31	2006	30.973589	0.621987	0.999003	27.855526	0.160866	0.533514	4364	31.544859	0.693825	0.999463	30.745315	0.094419	0.554622	0.402051	0.332382	-0.377159	-0.054162	True	0.681776	0.314998	0.557435	28.055892	0.999173	7463
7464.png	0.761386	0.888171	0.940774	0.920295	0.962185	0.999310	27.563675	0.999324	27.977065	0.790446	0.637960	0.989356	30.661365	0.557292	2493	5	10	18	13	2.053191	2.000000	188	193	297.936075	2.666724	0.029184	0.044561	-0.405460	-0.000103	-0.000017	0.045452	1144.318104	0.790446	0.790446	5	10	-5	18	13	2.053191	2.000000	5	1	188	193	157	1.543710	2.666724	297.936075	0.029184	45564	18.276775	26.288006	256x256	65536	sparse	Learned	308	5	28	2448	31.118472	0.616953	27.970691	0.999342	0.744994	0.524077	8	8	0.000000	34	2354	31.322994	0.658387	0.999223	27.377437	0.541594	0.740914	3683	31.580948	0.676442	0.999611	30.281513	0.291966	0.742310	0.006373	0.113882	-0.457108	-0.059660	True	0.654927	0.647956	0.716825	27.969135	0.999414	7464
7465.png	0.528522	0.819444	0.900763	0.915066	0.886901	0.998970	28.093936	0.999214	28.411809	0.579290	0.620917	0.407077	31.469630	0.594271	1986	4	6	8	8	2.025000	1.500000	160	162	223.580736	3.055994	0.026185	-0.006953	-0.439354	-0.000276	-0.000034	0.005164	1072.558641	0.579290	0.579290	4	6	-2	8	8	2.025000	1.500000	4	1	160	162	144	1.380128	3.055994	223.580736	0.026185	44692	22.503525	32.998993	256x256	65536	sparse	Learned	280	4	27	1950	31.839200	0.631620	28.406868	0.999249	0.574126	0.302324	7	1	0.625000	37	1782	32.019442	0.660648	0.999213	28.256907	0.374998	0.585485	4613	32.707623	0.736963	0.999598	31.904883	0.292959	0.573895	0.004941	0.318593	-0.369570	-0.037350	True	0.663784	0.270211	0.535475	28.533290	0.999247	7465
7466.png	0.683353	0.900196	0.947477	0.933442	0.961941	0.997746	28.718511	0.997720	28.951448	0.688098	0.760691	0.944191	30.960202	0.571384	2582	4	5	13	10	2.010309	1.250000	194	195	322.320851	3.715887	0.051209	-0.027371	-0.044536	0.000001	0.000100	-0.021743	1810.489178	0.688098	0.688098	4	5	-1	13	10	2.010309	1.250000	4	1	194	195	171	1.652927	3.715887	322.320851	0.051209	45305	17.546476	25.381875	256x256	65536	sparse	Learned	314	4	30	2579	31.345169	0.631095	28.833132	0.997620	0.709841	0.503415	12	15	0.000000	38	2556	31.629044	0.675682	0.997214	28.247089	0.325646	0.660997	3630	31.773827	0.683513	0.998356	30.582860	0.168971	0.677901	0.118316	0.257276	-0.384966	-0.059711	True	0.784544	0.740760	0.710724	28.763048	0.997745	7466
7467.png	0.605610	0.885111	0.939055	0.953885	0.924679	0.998689	26.930581	0.999126	27.939615	0.617733	0.654927	0.574322	30.396283	0.547355	2409	5	7	14	12	2.021739	1.400000	184	186	316.948268	2.667039	0.049534	0.018833	-1.156061	-0.000406	-0.000048	0.039666	1245.626450	0.617733	0.617733	5	7	-2	14	12	2.021739	1.400000	5	0	184	186	158	1.704023	2.667039	316.948268	0.049534	45668	18.957244	27.204649	256x256	65536	sparse	Learned	304	5	27	2351	30.949918	0.606710	28.047277	0.999174	0.578068	0.297657	15	4	0.000000	33	2400	31.196903	0.656198	0.999103	27.666762	0.308278	0.582033	3851	31.497972	0.681356	0.999478	30.569264	0.307729	0.569614	-0.107663	0.357270	-0.553635	-0.059355	True	0.650761	0.373746	0.586777	28.086642	0.999095	7467
7468.png	0.640616	0.855738	0.922261	0.926627	0.917937	0.998986	27.437957	0.999159	27.939091	0.665730	0.555142	0.530393	30.170121	0.539066	2454	6	5	11	14	1.988827	0.833333	179	178	282.906638	2.914457	0.032022	0.011471	-0.311814	-0.000114	0.000041	0.021490	1317.167997	0.665730	0.665730	6	5	1	11	14	1.988827	0.833333	6	0	179	178	154	1.589363	2.914457	282.906638	0.032022	45873	18.693154	26.705786	256x256	65536	sparse	Learned	299	6	26	2333	30.724764	0.599332	27.755313	0.999117	0.644241	0.388394	12	3	0.000000	31	2286	30.935251	0.642833	0.998905	26.994613	0.452407	0.627390	3762	31.262306	0.668247	0.999378	29.500146	0.253096	0.639086	0.183778	0.166748	-0.554643	-0.060265	True	0.592073	0.314031	0.629146	27.749771	0.999100	7468
7469.png	0.606952	0.882392	0.937522	0.948446	0.926846	0.998422	27.824051	0.998809	28.594235	0.632920	0.601481	0.528790	31.359669	0.589579	2013	4	5	9	10	2.014599	1.250000	137	138	218.551299	3.426469	0.037060	-0.018533	-0.544687	-0.000262	0.000043	0.001341	1458.441973	0.632920	0.632920	4	5	-1	9	10	2.014599	1.250000	4	0	137	138	118	1.583705	3.426469	218.551299	0.037060	44873	22.291605	32.556384	256x256	65536	sparse	Learned	257	4	26	2009	31.608252	0.624208	28.363070	0.998766	0.631579	0.417252	7	2	0.000000	35	1798	31.871128	0.657508	0.998506	27.710803	0.341491	0.624668	4502	32.524969	0.727485	0.999365	31.614588	0.297322	0.608037	0.231165	0.184229	-0.248583	-0.034629	True	0.617107	0.326320	0.625485	28.368738	0.998684	7469
7470.png	0.772793	0.937685	0.967841	0.968582	0.967100	0.999329	26.625872	0.999488	27.236804	0.781659	0.597476	0.712881	30.224957	0.537604	2211	4	0	0	8	1.948052	0.000000	154	150	201.610173	3.144452	0.025075	-0.013314	-0.515729	-0.000150	0.000000	0.010328	939.013958	0.781659	0.781659	4	0	4	0	8	1.948052	0.000000	4	0	154	150	146	1.344068	3.144452	201.610173	0.025075	45942	20.778833	29.640886	256x256	65536	sparse	Learned	274	4	24	2148	30.642442	0.588047	27.131194	0.999488	0.771331	0.609372	5	5	0.000000	30	2050	30.910206	0.629437	0.999396	26.595587	0.379668	0.743677	4191	31.448146	0.683245	0.999744	30.266880	0.466075	0.754458	0.105610	-0.011896	-0.417485	-0.050443	True	0.595458	0.424491	0.786107	27.141600	0.999479	7470
7471.png	0.702103	0.849752	0.918774	0.899243	0.939173	0.998760	28.693660	0.998770	28.855730	0.741624	0.757074	0.670675	30.438669	0.537027	2458	4	8	14	10	2.038835	2.000000	206	210	320.835570	2.739801	0.041273	0.034747	0.095202	0.000015	0.000122	0.035620	1328.064680	0.741624	0.741624	4	8	-4	14	10	2.038835	2.000000	4	0	206	210	182	1.527788	2.739801	320.835570	0.041273	45676	18.582587	26.662327	256x256	65536	sparse	Learned	326	4	28	2457	30.884229	0.603584	28.535306	0.998648	0.706004	0.389412	15	12	0.000000	33	2428	31.116988	0.648495	0.998392	27.955342	0.063120	0.639414	3776	31.375093	0.674670	0.999176	30.271414	0.041153	0.570793	0.320424	0.367662	-0.445560	-0.066557	True	0.671099	0.450090	0.667356	28.598458	0.998745	7471
7472.png	0.758333	0.911595	0.953753	0.967369	0.940516	0.999097	26.619036	0.999373	27.367825	0.781662	0.700308	0.991945	30.421034	0.553625	2440	4	2	6	10	1.977143	0.500000	175	173	273.693434	2.713928	0.049768	0.038425	-0.888048	-0.000281	-0.000065	0.068118	1188.137054	0.781662	0.781662	4	2	2	6	10	1.977143	0.500000	4	0	175	173	159	1.582043	2.713928	273.693434	0.049768	45705	18.731557	26.859016	256x256	65536	sparse	Learned	295	4	27	2406	30.943931	0.612251	27.559218	0.999438	0.713545	0.483149	7	2	0.000000	33	2376	31.199291	0.657528	0.999368	27.298195	0.477954	0.710677	3712	31.449954	0.671641	0.999610	29.523211	0.444563	0.712797	-0.191393	0.217159	-0.522897	-0.058626	True	0.714924	0.709165	0.719909	27.507084	0.999378	7472
7473.png	0.494259	0.889652	0.941604	0.941867	0.941341	0.998298	28.546347	0.998407	28.755779	0.505234	0.566559	0.333735	31.164718	0.574205	2139	5	2	6	10	1.959459	0.400000	148	145	233.693434	3.682212	0.042018	-0.037895	0.091468	0.000065	0.000191	-0.038796	1544.191122	0.505234	0.505234	5	2	3	6	10	1.959459	0.400000	5	0	148	145	132	1.611679	3.682212	233.693434	0.042018	45081	21.075736	30.638616	256x256	65536	sparse	Learned	268	5	26	2007	31.402967	0.612837	28.426987	0.998216	0.544030	0.252567	18	8	0.000000	35	1948	31.594601	0.648164	0.997921	28.023222	0.255755	0.487263	4139	32.099039	0.705871	0.998969	31.083037	0.159749	0.529032	0.328792	0.313992	-0.238249	-0.038632	True	0.598280	0.199667	0.532154	28.454879	0.998233	7473
7474.png	0.674654	0.886607	0.939896	0.928037	0.952061	0.999389	26.971384	0.999511	27.480677	0.712163	0.493383	0.639815	30.894500	0.565753	2003	5	0	0	10	1.925373	0.000000	134	129	201.036580	2.533086	0.017254	0.056442	0.109483	-0.000092	0.000047	0.065894	839.996576	0.712163	0.712163	5	0	5	0	10	1.925373	0.000000	5	0	134	129	124	1.558423	2.533086	201.036580	0.017254	45362	22.647029	32.718922	256x256	65536	sparse	Learned	254	5	24	1885	31.140322	0.601422	26.882928	0.999464	0.646270	0.316139	8	2	0.000000	31	1848	31.414712	0.640623	0.999401	26.627601	0.381217	0.660000	4679	32.129160	0.717717	0.999790	31.345279	0.253871	0.663043	0.597749	0.177244	-0.245821	-0.035669	True	0.605446	0.387374	0.618212	26.861900	0.999481	7474
7475.png	0.781609	0.915504	0.955888	0.976033	0.936558	0.999010	26.991236	0.999327	27.799896	0.827974	0.601481	1.009783	31.324620	0.588384	2144	4	2	3	7	1.973684	0.500000	152	150	208.823376	3.008988	0.021814	-0.002490	-1.002343	-0.000286	-0.000048	0.031275	1095.999479	0.827974	0.827974	4	2	2	3	7	1.973684	0.500000	4	0	152	150	142	1.392156	3.008988	208.823376	0.021814	45003	20.990205	30.567164	256x256	65536	sparse	Learned	272	4	27	2138	31.527100	0.627067	27.931405	0.999375	0.796699	0.552465	5	3	0.000000	35	1902	31.827560	0.660573	0.999270	27.471675	0.520974	0.804658	4302	32.377751	0.718705	0.999723	31.627407	0.557803	0.796407	-0.131510	0.049016	-0.202480	-0.038683	True	0.603469	0.609372	0.784099	27.993579	0.999297	7475
7476.png	0.588074	0.866163	0.928282	0.948159	0.909222	0.998859	28.558480	0.999009	28.946620	0.607397	0.566126	0.366642	31.593816	0.592607	1808	4	0	2	8	1.932203	0.000000	118	114	179.024387	3.334319	0.034369	0.009843	0.196076	-0.000021	0.000150	0.027090	1340.693712	0.607397	0.607397	4	0	4	2	8	1.932203	0.000000	4	0	118	114	108	1.570389	3.334319	179.024387	0.034369	44713	24.730642	36.247788	256x256	65536	sparse	Learned	238	4	25	1780	31.708048	0.619375	28.282201	0.998860	0.580307	0.476211	6	6	0.000000	35	1736	32.001002	0.657884	0.998781	28.212587	0.282871	0.515501	5156	32.938609	0.750748	0.999557	32.977620	0.242703	0.560563	0.664418	0.089914	-0.114232	-0.026768	True	0.609372	0.223421	0.578231	28.362403	0.998880	7476
7477.png	0.692403	0.908629	0.952128	0.947090	0.957219	0.999111	26.601621	0.999226	27.015015	0.708617	0.658702	0.988097	30.702118	0.564735	2313	4	3	8	11	1.987342	0.750000	158	157	252.107648	3.075727	0.045796	-0.026067	-0.373900	-0.000154	0.000004	-0.009148	1341.918707	0.708617	0.708617	4	3	1	8	11	1.987342	0.750000	4	0	158	157	139	1.605781	3.075727	252.107648	0.045796	45628	19.726762	28.333766	256x256	65536	sparse	Learned	278	4	27	2197	31.124293	0.611321	26.959187	0.999222	0.717766	0.540063	6	3	0.000000	34	2196	31.365143	0.655847	0.999228	27.134148	0.626187	0.699640	4114	31.796316	0.690105	0.999673	31.041887	0.421895	0.686415	0.055828	0.118639	-0.422175	-0.046586	True	0.680181	0.672085	0.718470	26.975522	0.999264	7477
7478.png	0.717593	0.873943	0.932732	0.916197	0.949875	0.999191	27.929487	0.999116	28.203942	0.739464	0.635781	0.639611	31.523449	0.597428	2032	4	5	12	12	2.014388	1.250000	139	140	240.693434	2.691166	0.048774	0.024741	-0.223287	-0.000140	-0.000018	0.038346	1153.610229	0.739464	0.739464	4	5	-1	12	12	2.014388	1.250000	4	0	139	140	115	1.719239	2.691166	240.693434	0.048774	44725	22.010335	32.251969	256x256	65536	sparse	Learned	259	4	27	1981	31.835382	0.633620	28.156461	0.999135	0.701117	0.604656	5	4	0.000000	36	1770	32.006026	0.661860	0.998997	27.717513	0.332356	0.672982	4688	32.734273	0.741089	0.999599	31.836757	0.369618	0.684989	0.047481	0.031125	-0.311933	-0.036191	True	0.688077	0.440102	0.692852	28.152773	0.999331	7478
7479.png	0.726083	0.864173	0.927138	0.942060	0.912682	0.999328	26.821818	0.999569	27.839918	0.768908	0.508356	0.912233	30.981763	0.561679	1779	4	1	3	9	1.945946	0.250000	111	108	163.024387	2.855402	0.029602	-0.039454	-0.962268	-0.000214	0.000006	0.016771	1101.330042	0.768908	0.768908	4	1	3	3	9	1.945946	0.250000	4	0	111	108	99	1.509485	2.855402	163.024387	0.029602	45248	25.434514	36.838673	256x256	65536	sparse	Learned	231	4	23	1708	31.213802	0.591742	27.711796	0.999563	0.752137	0.407458	6	3	0.000000	31	1594	31.396614	0.626401	0.999475	27.077895	0.437858	0.742308	5308	32.409899	0.742935	0.999812	31.650451	0.358535	0.724041	0.128122	0.100898	-0.232039	-0.030062	True	0.520495	0.474813	0.765537	27.784086	0.999543	7479
7480.png	0.562008	0.858708	0.923984	0.919704	0.928304	0.998983	28.098943	0.999030	28.549783	0.573939	0.680181	0.366653	30.429150	0.532350	2238	4	3	9	11	1.988506	0.750000	174	173	263.592929	3.148480	0.028818	-0.023256	0.108299	-0.000042	0.000107	-0.001516	1210.315466	0.573939	0.573939	4	3	1	9	11	1.988506	0.750000	4	0	174	173	154	1.523659	3.148480	263.592929	0.028818	45767	20.449955	29.283289	256x256	65536	sparse	Learned	294	4	25	2110	30.722698	0.585354	28.009234	0.998923	0.575455	0.308637	11	1	0.000000	28	2034	30.914998	0.621744	0.998864	27.687324	0.100800	0.551297	4268	31.489199	0.688833	0.999347	30.743448	0.070853	0.581981	0.540549	0.371544	-0.293548	-0.053004	True	0.527633	0.193459	0.585264	27.990644	0.999024	7480
7481.png	0.591633	0.909699	0.952715	0.941828	0.963855	0.998631	27.847009	0.998864	28.308181	0.597633	0.656991	0.489299	31.088565	0.573963	2237	4	9	13	10	2.060976	2.250000	164	169	259.592929	2.725076	0.037742	0.003594	-0.396006	-0.000341	-0.000084	-0.003821	1281.670809	0.597633	0.597633	4	9	-5	13	10	2.060976	2.250000	4	1	164	169	141	1.536053	2.725076	259.592929	0.037742	45169	20.191775	29.296379	256x256	65536	sparse	Learned	284	4	28	2231	31.430296	0.622427	28.298078	0.998948	0.601454	0.334537	11	4	0.000000	35	2180	31.642097	0.661105	0.998840	27.939929	0.460516	0.587259	4142	32.114614	0.705985	0.999345	31.249269	0.241027	0.597521	0.010104	0.322454	-0.341732	-0.048464	True	0.668789	0.327238	0.588040	28.243015	0.998972	7481
7482.png	0.636364	0.848829	0.918234	0.907436	0.929293	0.999116	27.074717	0.999305	27.866633	0.658408	0.539757	0.492646	31.634153	0.612697	2169	4	3	6	10	1.986301	0.750000	146	145	232.441983	2.865622	0.040967	-0.008911	-0.681698	-0.000253	-0.000060	0.009873	1133.531809	0.658408	0.658408	4	3	1	6	10	1.986301	0.750000	5	0	146	145	130	1.603048	2.865622	232.441983	0.040967	44612	20.568004	30.214846	256x256	65536	sparse	Learned	266	5	29	2134	32.012019	0.649944	27.830596	0.999365	0.648536	0.292488	10	1	0.000000	43	2082	32.341706	0.686489	0.999418	28.576459	0.360243	0.634439	4153	32.746727	0.728076	0.999694	31.574072	0.310416	0.635915	0.036037	0.247269	-0.377866	-0.037247	True	0.566559	0.279113	0.645275	27.756415	0.999368	7482
7483.png	0.571038	0.899800	0.947257	0.950600	0.943938	0.998806	26.986790	0.999022	27.830779	0.590278	0.487267	0.558886	30.315766	0.533200	2041	5	2	3	9	1.954887	0.400000	133	130	184.267027	3.503232	0.030749	-0.013469	-0.226199	-0.000096	0.000134	0.003027	1182.528019	0.590278	0.590278	5	2	3	3	9	1.954887	0.400000	5	0	133	130	121	1.417439	3.503232	184.267027	0.030749	45843	22.461049	32.109750	256x256	65536	sparse	Learned	253	5	22	1819	30.582974	0.570181	27.179541	0.998888	0.587250	0.209429	12	0	0.300000	29	1958	30.876431	0.620828	0.998777	27.039877	0.206188	0.545631	4605	31.578997	0.698468	0.999481	31.206570	0.212388	0.590078	0.651238	0.277838	-0.267208	-0.036982	True	0.509338	0.284662	0.584507	27.212988	0.998902	7483
7484.png	0.607820	0.911400	0.953646	0.943154	0.964375	0.998549	28.050048	0.998673	28.523259	0.609128	0.593430	0.737289	31.781808	0.612800	2088	4	3	5	7	1.985075	0.750000	134	133	205.066017	3.683098	0.043431	0.000698	-0.273111	-0.000182	0.000044	0.009013	1226.474524	0.609128	0.609128	4	3	1	5	7	1.985075	0.750000	4	0	134	133	122	1.541850	3.683098	205.066017	0.043431	44506	21.315134	31.386973	256x256	65536	sparse	Learned	254	4	28	2043	32.025607	0.645907	28.361007	0.998630	0.600115	0.295854	13	7	0.000000	41	1956	32.309506	0.678793	0.998575	28.455032	0.289415	0.563437	4256	32.804866	0.730962	0.999320	31.809722	0.370656	0.599315	0.162252	0.297577	-0.243799	-0.033107	True	0.633955	0.467408	0.607122	28.323159	0.998731	7484
7485.png	0.561940	0.896070	0.945187	0.933728	0.956930	0.998641	28.313687	0.998595	28.601539	0.567483	0.682729	0.464635	30.069843	0.521318	2587	5	7	10	9	2.018182	1.400000	220	222	327.149278	2.880733	0.024541	0.016262	-0.122731	-0.000094	0.000058	0.019471	1452.945232	0.567483	0.567483	5	7	-2	10	9	2.018182	1.400000	5	1	220	222	201	1.473645	2.880733	327.149278	0.024541	46012	17.785852	25.332818	256x256	65536	sparse	Learned	340	5	27	2551	30.525511	0.592523	28.448013	0.998537	0.548012	0.266204	21	5	0.000000	30	2518	30.820022	0.639392	0.998317	27.702160	0.060456	0.542920	3687	31.042626	0.654458	0.998867	29.790223	0.060800	0.539272	0.153526	0.416526	-0.455668	-0.071205	True	0.617107	0.286730	0.545678	28.436418	0.998735	7485
7486.png	0.400794	0.860182	0.924837	0.893449	0.958510	0.999274	28.062678	0.999233	28.411567	0.393825	0.601481	0.325897	30.094316	0.518244	1965	4	7	12	9	2.047244	1.750000	127	130	214.237590	3.098410	0.047566	-0.020567	0.337670	0.000032	0.000127	-0.030034	1313.979387	0.393825	0.393825	4	7	-3	12	9	2.047244	1.750000	4	1	127	130	106	1.647981	3.098410	214.237590	0.047566	45932	23.375064	33.351654	256x256	65536	sparse	Learned	247	4	23	1914	30.529594	0.567632	27.804667	0.999106	0.423860	0.186370	16	3	0.000000	28	1964	30.766059	0.610866	0.998966	27.174941	0.143914	0.332355	4626	31.484388	0.698052	0.999540	30.847170	0.194685	0.428571	0.606900	0.415111	-0.435278	-0.049388	True	0.601481	0.196021	0.421361	27.725008	0.999242	7486
7487.png	0.699410	0.885039	0.939014	0.919804	0.959044	0.998927	27.963049	0.998912	28.220615	0.702206	0.701803	0.630227	30.079681	0.522238	2386	4	2	4	9	1.977143	0.500000	175	173	284.462987	3.208048	0.045543	0.040698	-0.176780	-0.000086	0.000028	0.040221	1309.561014	0.702206	0.702206	4	2	2	4	9	1.977143	0.500000	4	0	175	173	162	1.644295	3.208048	284.462987	0.045543	46018	19.286672	27.466890	256x256	65536	sparse	Learned	295	4	26	2371	30.506295	0.587133	28.202929	0.998884	0.661985	0.407306	13	8	0.000000	27	2330	30.700763	0.629027	0.998547	27.214048	0.087953	0.623656	3866	31.099855	0.663568	0.999170	29.669006	0.113540	0.633120	0.017687	0.294497	-0.426614	-0.064895	True	0.743339	0.468472	0.658711	28.139830	0.999013	7487
7488.png	0.567059	0.887779	0.940554	0.926994	0.954517	0.999150	28.164933	0.999206	28.305709	0.579837	0.742053	0.436376	30.520237	0.547590	2500	4	6	14	13	2.020513	1.500000	195	197	315.249783	2.766261	0.044170	-0.000147	0.148549	-0.000042	0.000022	-0.004744	1206.262350	0.579837	0.579837	4	6	-2	14	13	2.020513	1.500000	4	0	195	197	168	1.600253	2.766261	315.249783	0.044170	45655	18.262000	26.214400	256x256	65536	sparse	Learned	315	4	27	2348	30.962891	0.605438	28.072343	0.999185	0.584581	0.309266	14	4	0.000000	33	2480	31.191141	0.657156	0.999048	27.514290	0.471199	0.561551	3813	31.468366	0.673555	0.999487	30.226527	0.291780	0.577418	0.233367	0.432787	-0.442654	-0.057847	True	0.758286	0.330898	0.567206	28.016384	0.999192	7488
7489.png	0.598045	0.902848	0.948944	0.942857	0.955109	0.998721	27.661105	0.998904	28.217369	0.604238	0.585217	0.591813	31.508877	0.606717	2337	5	6	10	9	2.012048	1.200000	166	167	255.521861	3.317421	0.044908	-0.001844	-0.792931	-0.000269	-0.000092	0.009837	1296.263218	0.604238	0.604238	5	6	-1	10	9	2.012048	1.200000	5	0	166	167	147	1.530071	3.317421	255.521861	0.044908	44729	19.139495	28.042790	256x256	65536	sparse	Learned	286	5	30	2313	31.921181	0.649390	28.492925	0.998996	0.594402	0.378115	8	2	0.000000	40	2100	32.197154	0.682056	0.998897	28.469427	0.435282	0.578246	3955	32.522907	0.715168	0.999375	31.544989	0.313647	0.591285	-0.275556	0.207102	-0.412304	-0.042673	True	0.586873	0.347319	0.599889	28.454036	0.998991	7489
7490.png	0.555735	0.887588	0.940447	0.924390	0.957071	0.999162	27.766817	0.999254	28.109517	0.575661	0.546155	0.464826	31.494690	0.598294	1919	4	1	4	10	1.947368	0.250000	114	111	182.338095	3.181219	0.046282	0.025524	-0.044295	-0.000020	0.000057	0.024273	1195.072412	0.575661	0.575661	4	1	3	4	10	1.947368	0.250000	4	0	114	111	100	1.642686	3.181219	182.338095	0.046282	44730	23.309015	34.151120	256x256	65536	sparse	Learned	234	4	26	1887	31.760246	0.629404	27.810680	0.999197	0.551388	0.230232	12	1	0.000000	35	1776	32.011663	0.661809	0.999020	27.550681	0.221907	0.540996	4855	32.781202	0.742412	0.999608	31.948196	0.182131	0.555723	0.298837	0.315923	-0.265556	-0.031110	True	0.563951	0.262139	0.530211	27.811112	0.999183	7490
7491.png	0.659221	0.904352	0.949774	0.955707	0.943915	0.998897	26.596915	0.999174	27.476539	0.681866	0.629166	0.634033	30.011175	0.533015	2548	5	4	7	11	1.989189	0.800000	185	184	288.906638	3.084625	0.036661	-0.018918	-0.870911	-0.000303	-0.000009	0.010341	1142.394066	0.681866	0.681866	5	4	1	7	11	1.989189	0.800000	5	0	185	184	167	1.570145	3.084625	288.906638	0.036661	46031	18.065542	25.720565	256x256	65536	sparse	Learned	305	5	27	2518	30.617439	0.601904	27.461336	0.999182	0.671526	0.330637	14	4	0.000000	29	2326	30.741914	0.640042	0.998935	26.427270	0.431324	0.676111	3407	31.007623	0.645172	0.999486	29.527713	0.300853	0.650824	0.015203	0.298529	-0.606263	-0.068889	True	0.661760	0.419578	0.678139	27.467827	0.999200	7491
7492.png	0.686486	0.903352	0.949222	0.939984	0.958644	0.999359	27.355635	0.999398	27.630741	0.715618	0.564822	0.831446	30.068713	0.520711	2194	5	6	12	13	2.013793	1.200000	145	146	247.521861	2.665282	0.045501	0.008276	0.025944	-0.000036	0.000043	0.015184	1270.685673	0.715618	0.715618	5	6	-1	12	13	2.013793	1.200000	5	0	145	146	120	1.695355	2.665282	247.521861	0.045501	46049	20.988605	29.870556	256x256	65536	sparse	Learned	265	5	24	2162	30.423900	0.577205	27.327061	0.999355	0.700434	0.451188	8	5	0.000000	29	2118	30.694269	0.620958	0.999226	26.774461	0.536987	0.692647	4222	31.212827	0.674476	0.999625	30.488454	0.315283	0.697455	0.303679	0.113634	-0.355187	-0.056494	True	0.563078	0.468169	0.678211	27.329691	0.999396	7492
7493.png	0.593621	0.871357	0.931257	0.922340	0.940347	0.999487	28.401854	0.999588	28.953075	0.623834	0.532334	0.569205	30.932747	0.554372	1765	4	0	0	8	1.937008	0.000000	127	123	176.994949	2.563376	0.020454	-0.035473	0.190659	-0.000052	0.000039	-0.040236	1011.934042	0.623834	0.623834	4	0	4	0	8	1.937008	0.000000	4	0	127	123	119	1.438983	2.563376	176.994949	0.020454	45271	25.649292	37.130878	256x256	65536	sparse	Learned	247	4	23	1717	31.102260	0.587968	28.297708	0.999548	0.664070	0.312711	8	1	0.000000	31	1764	31.382367	0.628653	0.999462	27.780212	0.358107	0.593254	5420	32.398849	0.746438	0.999792	31.971862	0.101973	0.627730	0.655367	0.219623	-0.169513	-0.033596	True	0.541594	0.308278	0.629094	28.211195	0.999539	7493
7494.png	0.685420	0.865487	0.927894	0.926721	0.929069	0.998938	27.009209	0.999192	28.097355	0.709559	0.678578	0.573988	30.146192	0.524874	2279	4	2	6	10	1.977273	0.500000	176	174	257.865007	3.057678	0.032943	-0.000390	-0.683357	-0.000249	0.000054	0.037501	1095.878601	0.709559	0.709559	4	2	2	6	10	1.977273	0.500000	4	0	176	174	160	1.481983	3.057678	257.865007	0.032943	45966	20.169373	28.756472	256x256	65536	sparse	Learned	296	4	24	2079	30.536638	0.578259	27.684673	0.999138	0.672058	0.432586	9	3	0.000000	29	2194	30.777209	0.626848	0.999000	27.221059	0.250415	0.644358	4025	31.213337	0.672729	0.999491	30.049458	0.288876	0.684862	0.412682	0.245992	-0.390447	-0.053385	True	0.620158	0.355964	0.685811	27.692566	0.999187	7494
7495.png	0.500876	0.846484	0.916860	0.915584	0.918140	0.999221	29.238945	0.999333	29.656178	0.520815	0.541594	0.330632	30.661994	0.533156	1687	4	3	6	8	1.983051	0.750000	118	117	165.225397	3.024745	0.038736	0.027424	0.563880	0.000007	0.000157	0.039465	1130.077124	0.520815	0.520815	4	3	1	6	8	1.983051	0.750000	4	0	118	117	104	1.412183	3.024745	165.225397	0.038736	45486	26.962656	38.847659	256x256	65536	sparse	Learned	238	4	21	1664	30.667073	0.562847	28.641433	0.999176	0.481350	0.308278	7	4	0.000000	28	1682	31.041454	0.607041	0.999127	28.238692	0.054711	0.221956	5344	32.122175	0.735481	0.999573	31.654089	0.130156	0.059383	1.014745	0.233316	-0.005079	-0.029691	True	0.581048	0.192113	0.473451	28.675064	0.999214	7495
7496.png	0.614501	0.887553	0.940427	0.907448	0.975894	0.999340	27.903458	0.999223	28.013814	0.625780	0.552465	0.379200	31.005696	0.573720	2144	5	5	9	10	2.000000	1.000000	142	142	228.379726	2.984826	0.044568	-0.002328	0.156606	-0.000013	0.000031	-0.005197	1221.976519	0.625780	0.625780	5	5	0	9	10	2.000000	1.000000	5	1	142	142	123	1.608308	2.984826	228.379726	0.044568	45157	21.062034	30.567164	256x256	65536	sparse	Learned	262	5	26	2018	31.351264	0.611973	27.820153	0.999192	0.630976	0.371236	10	5	0.000000	34	2114	31.600434	0.659867	0.999113	27.747531	0.332356	0.618501	4176	32.099420	0.705835	0.999576	31.438449	0.253397	0.617787	0.193662	0.181228	-0.345568	-0.038253	True	0.557803	0.211519	0.616829	27.746852	0.999353	7496
7497.png	0.702242	0.878390	0.935259	0.927911	0.942723	0.999470	27.397034	0.999555	27.767555	0.715950	0.550671	0.746653	30.367421	0.528112	2028	5	4	9	12	1.985612	0.800000	139	138	228.137085	2.387756	0.045024	-0.012788	0.199526	-0.000041	0.000032	-0.007860	953.706503	0.715950	0.715950	5	4	1	9	12	1.985612	0.800000	5	0	139	138	118	1.653167	2.387756	228.137085	0.045024	45898	22.632150	32.315582	256x256	65536	sparse	Learned	259	5	23	1969	30.553861	0.573857	27.285107	0.999523	0.723810	0.478997	5	0	1.000000	29	1956	30.836959	0.617654	0.999372	26.489145	0.449356	0.687339	4623	31.540690	0.698851	0.999784	31.102661	0.481423	0.696444	0.482448	0.071674	-0.186441	-0.045745	True	0.571729	0.426884	0.715030	27.197508	0.999511	7497
7498.png	0.734526	0.919079	0.957834	0.950115	0.965679	0.999135	26.729045	0.999184	27.131130	0.746280	0.532334	0.885093	30.218050	0.528072	2012	4	0	0	8	1.934959	0.000000	123	119	177.409163	3.512761	0.024762	0.035080	-0.180444	-0.000091	0.000013	0.052235	1177.143812	0.746280	0.746280	4	0	4	0	8	1.934959	0.000000	4	0	123	119	115	1.490833	3.512761	177.409163	0.024762	45952	22.838966	32.572565	256x256	65536	sparse	Learned	243	4	23	1982	30.522470	0.575190	26.902072	0.999171	0.694045	0.387374	8	4	0.000000	29	2004	30.779209	0.622468	0.999032	26.396593	0.470947	0.693096	4681	31.534939	0.699476	0.999624	30.652436	0.366186	0.703978	0.229058	0.144960	-0.304419	-0.047118	True	0.555142	0.491352	0.699446	26.909489	0.999226	7498
7499.png	0.496644	0.891958	0.942894	0.925801	0.960630	0.999377	28.100959	0.999427	28.319025	0.495090	0.576838	0.592180	30.670951	0.550138	1939	4	0	0	8	1.943262	0.000000	141	137	195.823376	2.896593	0.019626	-0.000661	0.250834	-0.000054	0.000044	-0.004156	923.761606	0.495090	0.495090	4	0	4	0	8	1.943262	0.000000	4	0	141	137	133	1.429368	2.896593	195.823376	0.019626	45449	23.439402	33.798865	256x256	65536	sparse	Learned	261	4	23	1871	30.878689	0.586650	27.868324	0.999383	0.499246	0.293548	8	1	0.000000	31	1792	31.266994	0.629524	0.999361	27.810354	0.288230	0.470866	4843	32.070092	0.722326	0.999666	31.113872	0.265505	0.505678	0.450701	0.283290	-0.207737	-0.036512	True	0.597476	0.353813	0.497306	27.850125	0.999431	7499
7500.png	0.807060	0.905355	0.950327	0.943543	0.957209	0.999122	27.037735	0.999294	27.762179	0.840615	0.678578	1.032668	30.563017	0.566408	2475	4	2	4	9	1.977901	0.500000	181	179	262.279221	2.942443	0.028082	0.095109	-0.601425	-0.000181	-0.000009	0.120942	1241.221666	0.840615	0.840615	4	2	2	4	9	1.977901	0.500000	4	0	181	179	168	1.465247	2.942443	262.279221	0.028082	45542	18.400808	26.479192	256x256	65536	sparse	Learned	301	4	27	2299	31.193277	0.619077	27.716083	0.999303	0.719674	0.553231	7	8	0.000000	35	2308	31.442690	0.664975	0.999245	27.445333	0.586597	0.710276	3713	31.671967	0.682015	0.999575	29.848991	0.534666	0.715155	0.046097	0.125347	-0.630260	-0.052669	True	0.701803	0.724729	0.711951	27.639159	0.999303	7500
7501.png	0.773432	0.904555	0.949886	0.958621	0.941309	0.999232	26.593748	0.999449	27.231347	0.798186	0.537912	0.665269	30.791770	0.565574	2174	5	4	6	9	1.986667	0.800000	150	149	221.894444	2.935718	0.032837	0.010897	-0.686038	-0.000237	-0.000023	0.037652	908.031464	0.798186	0.798186	5	4	1	6	9	1.986667	0.800000	5	1	150	149	135	1.489224	2.935718	221.894444	0.032837	45442	20.902484	30.145354	256x256	65536	sparse	Learned	270	5	25	2041	31.086482	0.603552	27.231076	0.999472	0.760534	0.460259	6	3	0.000000	33	2150	31.416076	0.656617	0.999445	27.172339	0.474462	0.748081	4133	31.865353	0.695800	0.999735	30.767846	0.300927	0.747729	0.000271	0.077653	-0.294712	-0.037978	True	0.561327	0.373433	0.762535	27.279786	0.999469	7501
7502.png	0.698059	0.887473	0.940382	0.947846	0.933036	0.999136	26.813856	0.999455	27.759343	0.745712	0.646545	0.575347	30.208733	0.536679	2255	4	3	4	7	1.988166	0.750000	169	168	242.208153	2.734585	0.012623	0.008117	-0.787136	-0.000265	-0.000013	0.039715	975.748539	0.745712	0.745712	4	3	1	4	7	1.988166	0.750000	4	1	169	168	158	1.441715	2.734585	242.208153	0.012623	45835	20.325942	29.062528	256x256	65536	sparse	Learned	289	4	25	2196	30.710843	0.592425	27.595432	0.999468	0.705997	0.362372	10	3	0.000000	29	2104	30.929727	0.633366	0.999342	26.842031	0.438500	0.684142	4245	31.509433	0.690633	0.999693	30.423730	0.339188	0.705497	0.163911	0.284173	-0.502110	-0.055746	True	0.686514	0.394984	0.689942	27.600992	0.999401	7502
7503.png	0.624851	0.845763	0.916437	0.915596	0.917279	0.998702	27.123701	0.998711	27.757584	0.647200	0.697296	0.530668	31.369268	0.602112	2347	4	3	5	7	1.988372	0.750000	172	171	273.078210	2.843038	0.046505	0.022964	-0.914688	-0.000405	-0.000052	0.033793	1295.284748	0.647200	0.647200	4	3	1	5	7	1.988372	0.750000	4	0	172	171	160	1.596949	2.843038	273.078210	0.046505	44876	19.120579	27.923306	256x256	65536	sparse	Learned	292	4	29	2329	31.782889	0.645749	27.949094	0.998763	0.613408	0.401004	8	2	0.000000	40	2224	32.138288	0.683762	0.998781	28.320588	0.381217	0.594686	3748	32.371159	0.706381	0.999202	30.951453	0.300327	0.604938	-0.191510	0.296292	-0.413620	-0.043637	True	0.747160	0.396494	0.601888	28.038389	0.999107	7503
7504.png	0.778980	0.901158	0.948010	0.954211	0.941889	0.999234	26.620154	0.999536	27.409120	0.821514	0.581886	0.747759	30.887220	0.578771	2311	5	2	4	11	1.965116	0.400000	172	169	252.693434	2.448087	0.026809	0.032981	-0.732559	-0.000314	-0.000004	0.057183	826.475859	0.821514	0.821514	5	2	3	4	11	1.965116	0.400000	5	0	172	169	157	1.495227	2.448087	252.693434	0.026809	45265	19.586759	28.358286	256x256	65536	sparse	Learned	292	5	27	2186	31.402899	0.624481	27.212912	0.999540	0.764331	0.676967	4	2	0.000000	34	2072	31.578959	0.661118	0.999497	27.270437	0.543119	0.756718	3859	32.013845	0.695095	0.999778	30.875667	0.414064	0.746835	0.196208	-0.095081	-0.515679	-0.045710	True	0.668789	0.500093	0.745999	27.352712	0.999548	7504
7505.png	0.827826	0.924737	0.960897	0.947967	0.974186	0.998954	27.238635	0.998973	27.570661	0.852839	0.544640	0.986772	30.539387	0.557035	2564	6	3	7	13	1.965909	0.500000	176	173	282.362482	2.930604	0.031334	0.027614	-0.172421	-0.000115	-0.000003	0.046963	1298.812866	0.852839	0.852839	6	3	3	7	13	1.965909	0.500000	6	0	176	173	156	1.632153	2.930604	282.362482	0.031334	45699	17.823323	25.560062	256x256	65536	sparse	Learned	296	6	28	2556	30.963571	0.618618	27.445239	0.998976	0.805876	0.529654	7	2	0.000000	33	2424	31.171833	0.659665	0.998819	26.937992	0.624689	0.796287	3622	31.414612	0.668937	0.999166	29.450859	0.382247	0.797676	0.125422	0.014986	-0.424184	-0.061583	True	0.559568	0.552166	0.800212	27.411056	0.999069	7505
7506.png	0.619461	0.845709	0.916405	0.928042	0.905057	0.999363	27.710153	0.999531	28.348101	0.677126	0.477954	1.020332	30.527376	0.530956	1603	4	5	8	8	2.022222	1.250000	90	91	148.367532	3.173442	0.065311	0.000904	0.203054	-0.000105	0.000109	0.015662	1103.872061	0.677126	0.677126	4	5	-1	8	8	2.022222	1.250000	4	0	90	91	74	1.630412	3.173442	148.367532	0.065311	45696	28.506550	40.883344	256x256	65536	sparse	Learned	210	4	19	1467	30.657995	0.552879	27.321791	0.999422	0.661463	0.312220	7	3	0.000000	27	1564	30.893134	0.599947	0.999397	27.272482	0.342953	0.638171	5890	32.224358	0.752396	0.999797	31.923661	0.194802	0.666029	1.026310	0.165735	-0.130619	-0.021923	True	0.493383	0.503415	0.618557	27.507099	0.999468	7506
7507.png	0.547844	0.926612	0.961908	0.965690	0.958156	0.998547	28.265012	0.998481	28.718174	0.561475	0.561765	0.548310	31.726257	0.604207	1966	4	3	7	9	1.984496	0.750000	129	128	190.580736	3.555256	0.041074	-0.004260	-0.486559	-0.000107	0.000049	0.011475	1495.024920	0.561475	0.561475	4	3	1	7	9	1.984496	0.750000	4	0	129	128	113	1.488912	3.555256	190.580736	0.041074	44599	22.685148	33.334690	256x256	65536	sparse	Learned	249	4	27	1938	31.932954	0.637048	28.757468	0.998432	0.550000	0.389412	9	3	0.000000	40	1958	32.241914	0.675396	0.998036	28.518001	0.503415	0.599872	4803	32.930793	0.747266	0.999463	32.885594	0.219504	0.531997	-0.039294	0.172353	-0.206696	-0.032841	True	0.622808	0.341491	0.552104	28.751572	0.998654	7507
7508.png	0.741549	0.879747	0.936027	0.917492	0.955326	0.999559	27.509066	0.999600	27.701303	0.775000	0.510808	0.759460	31.643105	0.603758	1800	4	0	0	8	1.929204	0.000000	113	109	160.953319	2.727572	0.034051	0.020975	0.709955	0.000004	0.000064	0.017579	929.687023	0.775000	0.775000	4	0	4	0	8	1.929204	0.000000	4	0	113	109	105	1.476636	2.727572	160.953319	0.034051	44662	24.812222	36.408889	256x256	65536	sparse	Learned	233	4	24	1692	31.859677	0.627003	26.769286	0.999536	0.757421	0.417252	6	3	0.000000	35	1648	32.085254	0.661706	0.999541	27.163386	0.368716	0.744593	5225	33.097456	0.754425	0.999890	33.538737	0.250008	0.738241	0.932017	0.093556	-0.216572	-0.023245	True	0.518091	0.393469	0.720573	26.799111	0.999555	7508
7509.png	0.499593	0.855939	0.922378	0.905186	0.940236	0.999174	27.709430	0.999243	28.206971	0.506380	0.459899	0.516791	30.486169	0.533691	1862	5	0	0	10	1.914530	0.000000	117	112	170.539105	3.266590	0.036470	-0.008306	0.063326	-0.000099	0.000058	-0.006778	1201.148272	0.506380	0.506380	5	0	5	0	10	1.914530	0.000000	5	0	117	112	107	1.522671	3.266590	170.539105	0.036470	45742	24.566058	35.196563	256x256	65536	sparse	Learned	237	5	22	1780	30.675274	0.570347	27.721775	0.999185	0.513158	0.216861	9	2	0.000000	28	1644	30.897573	0.607478	0.999044	27.171795	0.295312	0.508121	4807	31.778498	0.710400	0.999630	31.444257	0.148921	0.512801	0.485196	0.243039	-0.189104	-0.036656	True	0.497420	0.257062	0.507899	27.646104	0.999273	7509
7510.png	0.583015	0.899625	0.947161	0.935358	0.959265	0.999353	27.824287	0.999396	28.052433	0.582078	0.646545	0.475182	30.411265	0.532035	2123	4	7	12	10	2.039735	1.750000	151	154	240.137085	2.842045	0.044719	0.007827	0.532474	0.000020	0.000099	0.005355	1064.546347	0.582078	0.582078	4	7	-3	12	10	2.039735	1.750000	4	0	151	154	129	1.559332	2.842045	240.137085	0.044719	45829	21.586905	30.869524	256x256	65536	sparse	Learned	271	4	23	2023	30.558591	0.576834	27.301329	0.999297	0.576723	0.407458	6	1	0.250000	31	2020	30.924176	0.623624	0.999251	27.040430	0.401503	0.550075	4315	31.484618	0.687438	0.999637	30.900187	0.311147	0.584752	0.751104	0.239087	-0.147326	-0.044798	True	0.662098	0.314617	0.575188	27.291812	0.999332	7510
7511.png	0.767303	0.876457	0.934161	0.922699	0.945912	0.999464	27.005952	0.999528	27.408931	0.814994	0.428791	0.928471	31.351467	0.580059	1590	4	0	1	7	1.908046	0.000000	87	83	124.539105	3.042729	0.037771	0.041216	-0.205993	-0.000081	0.000014	0.047961	1041.275263	0.814994	0.814994	4	0	4	1	7	1.908046	0.000000	4	0	87	83	79	1.500471	3.042729	124.539105	0.037771	44941	28.264780	41.217610	256x256	65536	sparse	Learned	207	4	20	1531	31.228134	0.592078	27.122871	0.999515	0.767033	0.510808	4	4	0.000000	32	1388	31.681874	0.630372	0.999449	26.823284	0.462056	0.753639	6021	33.032824	0.766584	0.999854	32.544748	0.423050	0.768036	0.286060	-0.082017	0.123333	-0.012019	True	0.459359	0.426502	0.726087	27.211945	0.999546	7511
7512.png	0.613579	0.912989	0.954515	0.952005	0.957039	0.999174	27.993578	0.999298	28.368382	0.630032	0.689633	0.436429	31.089469	0.575662	2343	4	4	10	11	2.000000	1.000000	171	171	268.793939	2.992626	0.041738	-0.012428	-0.011892	-0.000076	0.000071	-0.001938	1200.006723	0.630032	0.630032	4	4	0	10	11	2.000000	1.000000	4	0	171	171	150	1.571894	2.992626	268.793939	0.041738	45234	19.306018	27.970977	256x256	65536	sparse	Learned	291	4	28	2301	31.389806	0.623697	27.948434	0.999227	0.631970	0.242198	15	2	0.000000	37	2334	31.686763	0.671657	0.999171	27.958082	0.500093	0.622278	3876	31.971319	0.694228	0.999551	30.989700	0.236621	0.636590	0.419947	0.447435	-0.300337	-0.048035	True	0.692721	0.302324	0.626006	28.005470	0.999250	7512
7513.png	0.725100	0.909953	0.952854	0.956017	0.949711	0.999150	26.742177	0.999386	27.500157	0.746559	0.670441	0.801620	31.525172	0.612975	2352	4	2	4	9	1.977528	0.500000	178	176	263.078210	2.367002	0.028223	0.010916	-1.165224	-0.000333	-0.000114	0.030731	854.260206	0.746559	0.746559	4	2	2	4	9	1.977528	0.500000	4	0	178	176	165	1.494763	2.367002	263.078210	0.028223	44682	18.997449	27.863946	256x256	65536	sparse	Learned	298	4	31	2322	32.111012	0.658798	27.964041	0.999500	0.715827	0.598280	5	2	0.000000	42	2338	32.378165	0.699478	0.999468	28.069358	0.468738	0.695839	3845	32.629754	0.717999	0.999742	31.453214	0.429932	0.696148	-0.463884	0.072161	-0.585840	-0.045823	True	0.680181	0.545247	0.714183	27.907401	0.999483	7513
7514.png	0.624041	0.885906	0.939502	0.916667	0.963504	0.998759	28.701773	0.998647	28.808434	0.642031	0.665795	0.569575	30.534809	0.541025	2464	5	10	19	12	2.050000	2.000000	200	205	316.764502	3.071455	0.043701	-0.003831	-0.059419	-0.000071	-0.000008	-0.010658	1377.515793	0.642031	0.642031	5	10	-5	19	12	2.050000	2.000000	5	1	200	205	169	1.545193	3.071455	316.764502	0.043701	45593	18.503653	26.597403	256x256	65536	sparse	Learned	320	5	28	2449	30.945724	0.605794	28.774665	0.998655	0.652689	0.325646	20	13	0.000000	32	2294	31.135927	0.644732	0.998310	27.897663	0.052368	0.574627	3668	31.419416	0.670974	0.999026	30.144105	0.043607	0.574097	0.033768	0.340149	-0.410915	-0.064769	True	0.687765	0.391734	0.627872	28.761192	0.998830	7514
7515.png	0.535754	0.908584	0.952103	0.947674	0.956573	0.998583	28.537665	0.998609	28.800112	0.536111	0.630277	0.427535	31.124305	0.578048	2161	4	2	5	9	1.974522	0.500000	157	155	229.965512	3.577861	0.023643	-0.004328	-0.044488	-0.000051	0.000085	0.003558	1625.107288	0.536111	0.536111	4	2	2	5	9	1.974522	0.500000	4	0	157	155	143	1.483648	3.577861	229.965512	0.023643	45073	20.857473	30.326701	256x256	65536	sparse	Learned	277	4	27	2065	31.484292	0.620747	28.586555	0.998525	0.532553	0.347047	16	12	0.000000	34	1918	31.642295	0.653281	0.998342	28.219367	0.371516	0.532209	4362	32.255390	0.718641	0.999169	31.298500	0.166906	0.529232	0.213557	0.283230	-0.359987	-0.042699	True	0.672085	0.287339	0.540082	28.582153	0.998634	7515
7516.png	0.659541	0.888716	0.941079	0.931335	0.951029	0.998604	27.786884	0.998607	28.207175	0.660309	0.692721	0.640193	30.784871	0.562719	2350	4	3	9	10	1.988166	0.750000	169	168	265.592929	3.395493	0.033364	0.022325	-0.437285	-0.000196	-0.000017	0.031669	1402.888298	0.660309	0.660309	4	3	1	9	10	1.988166	0.750000	4	0	169	168	150	1.580910	3.395493	265.592929	0.033364	45398	19.318298	27.887660	256x256	65536	sparse	Learned	289	4	27	2175	31.182549	0.609876	28.221659	0.998625	0.628641	0.504517	9	13	0.000000	35	2244	31.426068	0.656436	0.998328	27.777412	0.374517	0.649048	3844	31.722414	0.684895	0.999156	30.660222	0.276638	0.623439	-0.014484	0.188204	-0.397677	-0.047157	True	0.704770	0.451188	0.637216	28.224169	0.998799	7516
7517.png	0.530934	0.926252	0.961714	0.953541	0.970029	0.998438	27.327678	0.998459	27.801000	0.531441	0.607414	0.387212	31.621097	0.613692	2254	4	6	11	9	2.028169	1.500000	142	144	225.865007	3.871522	0.035279	-0.006895	-0.843817	-0.000211	-0.000025	0.003139	1580.119848	0.531441	0.531441	4	6	-2	11	9	2.028169	1.500000	4	1	142	144	122	1.568507	3.871522	225.865007	0.035279	44550	19.764862	29.075421	256x256	65536	sparse	Learned	262	4	30	2246	32.020894	0.651345	28.196854	0.998484	0.528302	0.255468	16	4	0.000000	41	2004	32.253561	0.682185	0.998310	28.299411	0.253605	0.519459	3980	32.584686	0.716854	0.999098	31.349516	0.224026	0.527361	-0.395853	0.351946	-0.399797	-0.037653	True	0.672085	0.260239	0.537829	28.171494	0.998649	7517
7518.png	0.655387	0.905579	0.950450	0.936114	0.965233	0.999300	26.421418	0.999441	27.216624	0.656168	0.508356	0.515573	30.586978	0.552618	1845	4	1	3	7	1.942857	0.250000	105	102	159.994949	2.983972	0.036691	0.027020	-0.347549	-0.000166	0.000031	0.039295	1107.815981	0.656168	0.656168	4	1	3	3	7	1.942857	0.250000	4	0	105	102	95	1.568578	2.983972	159.994949	0.036691	45463	24.641192	35.520867	256x256	65536	sparse	Learned	225	4	22	1745	30.907387	0.584687	26.844025	0.999410	0.616873	0.342953	7	2	0.000000	29	1700	31.170765	0.626012	0.999376	26.751632	0.372911	0.609756	4973	32.073723	0.724123	0.999776	31.519508	0.378115	0.615506	0.372599	0.165403	-0.320409	-0.032068	True	0.527633	0.272033	0.628368	26.768967	0.999466	7518
7519.png	0.686408	0.868345	0.929534	0.909275	0.950715	0.998804	28.318448	0.998768	28.565038	0.695238	0.754633	0.708484	30.331891	0.533861	2512	4	4	12	12	2.000000	1.000000	199	199	318.835570	3.182257	0.036286	-0.002395	0.123513	-0.000012	0.000070	0.018395	1448.612928	0.695238	0.695238	4	4	0	12	12	2.000000	1.000000	4	0	199	199	175	1.602189	3.182257	318.835570	0.036286	45778	18.223726	26.089172	256x256	65536	sparse	Learned	319	4	27	2445	30.731561	0.598443	28.221846	0.998699	0.676844	0.289652	20	5	0.000000	32	2490	31.027167	0.648527	0.998435	27.556448	0.139892	0.614670	3743	31.231946	0.664892	0.999155	30.002957	0.110118	0.648746	0.343192	0.464981	-0.399670	-0.064583	True	0.657677	0.465954	0.688803	28.194934	0.998816	7519
7520.png	0.686342	0.897917	0.946213	0.946559	0.945867	0.999275	26.965596	0.999436	27.523403	0.703190	0.673720	0.635501	30.104775	0.522267	2254	4	6	13	12	2.025478	1.500000	157	159	262.450793	2.793223	0.043869	0.010983	-0.350054	-0.000134	0.000026	0.020806	1201.148510	0.703190	0.703190	4	6	-2	13	12	2.025478	1.500000	4	0	157	159	132	1.650634	2.793223	262.450793	0.043869	46056	20.433008	29.075421	256x256	65536	sparse	Learned	277	4	24	2186	30.401442	0.577566	27.302713	0.999410	0.682384	0.481423	6	0	0.750000	29	2000	30.637665	0.617778	0.999345	26.754974	0.390429	0.680879	4226	31.210327	0.675144	0.999676	30.392211	0.395891	0.679764	0.220689	0.192297	-0.296668	-0.055299	True	0.684942	0.435282	0.675359	27.315650	0.999409	7520
7521.png	0.804740	0.909195	0.952438	0.937759	0.967584	0.998897	27.048802	0.999027	27.494673	0.825843	0.633955	0.937780	30.781157	0.572931	2342	4	1	3	9	1.962264	0.250000	159	156	234.036580	3.404460	0.029437	0.031561	-0.358075	-0.000183	0.000002	0.046857	1434.211016	0.825843	0.825843	4	1	3	3	9	1.962264	0.250000	4	0	159	156	147	1.500234	3.404460	234.036580	0.029437	45379	19.376174	27.982921	256x256	65536	sparse	Learned	279	4	27	2294	31.207452	0.620561	27.417223	0.999025	0.778986	0.575627	7	7	0.000000	35	2230	31.486640	0.664623	0.998952	27.217856	0.632121	0.789695	3919	31.834433	0.689214	0.999583	30.975476	0.418148	0.772632	0.077450	0.058328	-0.426295	-0.047630	True	0.683363	0.640845	0.773180	27.406877	0.999080	7521
7522.png	0.572605	0.820675	0.901506	0.873503	0.931365	0.999220	28.124613	0.999284	28.474696	0.587209	0.642993	0.545408	30.393107	0.529434	2069	4	6	11	8	2.025641	1.500000	156	158	243.208153	2.746360	0.027438	0.028121	0.213288	-0.000057	0.000080	0.026960	1165.026903	0.587209	0.587209	4	6	-2	11	8	2.025641	1.500000	4	2	156	158	137	1.539292	2.746360	243.208153	0.027438	45790	22.131464	31.675205	256x256	65536	sparse	Learned	276	4	23	1993	30.583761	0.575574	27.876089	0.999204	0.560249	0.336350	10	3	0.000000	28	1842	30.878004	0.612293	0.999000	27.033028	0.216736	0.556401	4484	31.588244	0.697671	0.999594	31.251324	0.112094	0.577883	0.598607	0.306643	-0.190654	-0.046139	True	0.673720	0.367453	0.544484	27.911325	0.999276	7522
7523.png	0.774797	0.923140	0.960034	0.960034	0.960034	0.999318	26.865558	0.999490	27.418080	0.810116	0.589344	0.803063	31.176696	0.581028	2049	4	0	0	8	1.946667	0.000000	150	146	197.195959	2.904490	0.010006	0.015910	-0.361693	-0.000176	-0.000016	0.040287	812.196255	0.810116	0.810116	4	0	4	0	8	1.946667	0.000000	4	0	150	146	142	1.350657	2.904490	197.195959	0.010006	45123	22.021962	31.984383	256x256	65536	sparse	Learned	270	4	26	1997	31.426649	0.617816	27.263060	0.999506	0.769829	0.293901	10	2	0.000000	35	1972	31.680276	0.657858	0.999433	27.215899	0.409430	0.757266	4480	32.300608	0.719204	0.999763	31.085184	0.430421	0.769650	0.155020	0.295443	-0.249953	-0.036788	True	0.599483	0.481423	0.758887	27.227251	0.999494	7523
7524.png	0.757294	0.895320	0.944769	0.932649	0.957209	0.999093	28.334972	0.999105	28.581963	0.763514	0.552465	0.701613	30.407787	0.532733	2200	5	0	0	10	1.937888	0.000000	161	156	232.450793	3.081709	0.028056	0.030708	0.003139	-0.000088	0.000012	0.036763	1162.995100	0.763514	0.763514	5	0	5	0	10	1.937888	0.000000	5	0	161	156	151	1.490069	3.081709	232.450793	0.028056	45763	20.801364	29.789091	256x256	65536	sparse	Learned	281	5	25	2160	30.724317	0.586802	28.347473	0.999092	0.726751	0.499676	8	6	0.000000	30	1970	30.898825	0.621769	0.998821	27.397183	0.064622	0.703059	4239	31.455425	0.689066	0.999425	30.250872	0.042181	0.625761	0.234491	0.052788	-0.316531	-0.054069	True	0.583555	0.409430	0.726585	28.331833	0.999181	7524
7525.png	0.550901	0.887605	0.940456	0.942554	0.938368	0.998454	28.242326	0.998563	28.545988	0.585326	0.658702	0.398789	30.658378	0.546678	2252	4	5	9	8	2.011976	1.250000	167	168	252.592929	3.609703	0.026829	0.009453	0.020854	-0.000026	0.000130	0.021826	1415.470123	0.585326	0.585326	4	5	-1	9	8	2.011976	1.250000	4	1	167	168	150	1.503529	3.609703	252.592929	0.026829	45639	20.265986	29.101243	256x256	65536	sparse	Learned	287	4	26	2243	30.919666	0.599262	28.158529	0.998432	0.563501	0.223051	21	4	0.000000	31	2054	31.113777	0.634620	0.998218	27.678861	0.255220	0.473941	4275	31.688180	0.695699	0.999181	30.996137	0.157492	0.608673	0.387459	0.435651	-0.261288	-0.052585	True	0.698806	0.278676	0.541448	28.221472	0.998480	7525
7526.png	0.722439	0.884947	0.938962	0.921158	0.957469	0.998160	27.635239	0.998297	28.515770	0.723364	0.630646	0.882945	30.469979	0.546180	2438	5	11	21	11	2.069767	2.200000	172	178	289.977705	3.270610	0.053516	0.026630	-0.778471	-0.000313	-0.000021	0.020925	1619.354725	0.723364	0.723364	5	11	-6	21	11	2.069767	2.200000	5	1	172	178	140	1.629088	3.270610	289.977705	0.053516	45573	18.692781	26.881050	256x256	65536	sparse	Learned	292	5	27	2323	30.966760	0.605445	28.499833	0.998318	0.702439	0.388903	16	12	0.000000	32	2342	31.149560	0.649072	0.997877	27.662722	0.108252	0.672650	3730	31.456729	0.672711	0.998877	30.195681	0.114758	0.663563	0.015937	0.241743	-0.496781	-0.059265	True	0.647956	0.572110	0.695809	28.413711	0.998474	7526
7527.png	0.718363	0.867166	0.928858	0.916008	0.942073	0.999454	27.054287	0.999584	27.837439	0.751671	0.599483	0.623789	30.685060	0.548079	1995	4	2	4	9	1.971631	0.500000	141	139	206.823376	2.458611	0.033362	-0.011564	-0.582958	-0.000143	-0.000026	0.000989	1005.253315	0.751671	0.751671	4	2	2	4	9	1.971631	0.500000	4	0	141	139	128	1.487938	2.458611	206.823376	0.033362	45502	22.808020	32.850125	256x256	65536	sparse	Learned	261	4	23	1904	30.828354	0.586492	27.723358	0.999610	0.750682	0.463846	6	3	0.000000	31	1978	31.202743	0.634023	0.999510	27.015237	0.384742	0.708907	4550	31.856303	0.708237	0.999803	31.075090	0.455872	0.726449	0.114082	0.135638	-0.143295	-0.038412	True	0.605446	0.377671	0.729927	27.637244	0.999597	7527
7528.png	0.658775	0.917053	0.956732	0.954424	0.959052	0.998691	27.384568	0.998655	27.851300	0.671148	0.627679	0.594269	30.443228	0.550445	2488	5	7	13	11	2.022727	1.400000	176	178	285.107648	3.377281	0.048181	-0.014293	-0.661771	-0.000218	0.000014	0.001774	1573.119402	0.671148	0.671148	5	7	-2	13	11	2.022727	1.400000	5	1	176	178	152	1.601728	3.377281	285.107648	0.048181	45699	18.367765	26.340836	256x256	65536	sparse	Learned	296	5	27	2391	30.913838	0.608081	28.044939	0.998641	0.669374	0.432930	11	4	0.000000	34	2350	31.117057	0.653958	0.998515	27.664398	0.494508	0.658680	3765	31.426421	0.673881	0.999252	30.466197	0.440102	0.657996	-0.193639	0.194749	-0.470610	-0.057636	True	0.660404	0.392458	0.673068	28.046339	0.998909	7528
7529.png	0.687700	0.881235	0.936869	0.934509	0.939241	0.999309	27.612970	0.999438	28.107539	0.726976	0.655272	0.499757	31.074879	0.568871	2141	4	4	8	10	2.000000	1.000000	161	161	255.663997	2.491869	0.040379	-0.004783	-0.571377	-0.000132	-0.000027	0.009067	899.412632	0.726976	0.726976	4	4	0	8	10	2.000000	1.000000	4	0	161	161	143	1.587975	2.491869	255.663997	0.040379	45218	21.120037	30.609995	256x256	65536	sparse	Learned	281	4	26	2114	31.248257	0.609404	28.272834	0.999466	0.717909	0.302324	11	2	0.000000	34	2046	31.576847	0.653424	0.999338	27.570528	0.279877	0.686275	4124	32.044459	0.704042	0.999699	31.000323	0.267600	0.700311	-0.165294	0.352948	-0.173378	-0.040533	True	0.564822	0.282273	0.692483	28.184347	0.999440	7529
7530.png	0.817354	0.918963	0.957770	0.962104	0.953475	0.998966	27.157896	0.999162	27.643643	0.831345	0.727468	0.838553	30.974705	0.587999	2618	4	3	7	10	1.989899	0.750000	198	197	304.563492	2.952977	0.043434	0.029084	-0.751427	-0.000229	-0.000044	0.037654	1178.261042	0.831345	0.831345	4	3	1	7	10	1.989899	0.750000	4	0	198	197	181	1.546008	2.952977	304.563492	0.043434	45182	17.258212	25.032850	256x256	65536	sparse	Learned	318	4	29	2504	31.479453	0.639887	27.889835	0.999206	0.793691	0.601481	6	4	0.000000	40	2464	31.845594	0.682452	0.999210	28.063748	0.672412	0.797787	3632	31.955121	0.689370	0.999560	30.610710	0.522886	0.784936	-0.246192	0.125987	-0.504748	-0.051888	True	0.732865	0.614546	0.788270	27.909323	0.999195	7530
7531.png	0.426868	0.841367	0.913850	0.895455	0.933018	0.999001	29.519041	0.999046	29.784307	0.444032	0.698806	0.272677	31.351731	0.581464	2203	4	5	10	9	2.010929	1.250000	183	184	278.693434	2.874204	0.047642	-0.014707	0.269979	-0.000057	0.000056	-0.009744	1225.163460	0.444032	0.444032	4	5	-1	10	9	2.010929	1.250000	4	1	183	184	164	1.514638	2.874204	278.693434	0.047642	44797	20.334544	29.748525	256x256	65536	sparse	Learned	303	4	27	2040	31.622807	0.623934	29.274915	0.998989	0.453776	0.232246	14	1	0.000000	38	2168	31.920902	0.669140	0.998910	29.012347	0.127157	0.459397	4117	32.324058	0.713435	0.999319	31.416130	0.099205	0.457061	0.509391	0.466560	-0.271076	-0.042470	True	0.710616	0.193769	0.441574	29.249062	0.999058	7531
7532.png	0.618487	0.878763	0.935470	0.909091	0.963426	0.999355	27.853360	0.999401	28.073407	0.626939	0.537912	0.697707	30.833073	0.556964	2014	5	0	1	11	1.934211	0.000000	152	147	220.722871	2.663718	0.031856	0.018165	0.167681	-0.000072	0.000007	0.024285	970.057726	0.626939	0.626939	5	0	5	1	11	1.934211	0.000000	5	0	152	147	140	1.501516	2.663718	220.722871	0.031856	45336	22.510427	32.540218	256x256	65536	sparse	Learned	272	5	24	1855	31.118624	0.595359	27.751377	0.999394	0.602654	0.357801	7	2	0.000000	32	1894	31.371433	0.638948	0.999318	27.342252	0.405479	0.595896	4408	31.983429	0.708171	0.999681	31.117334	0.251736	0.596169	0.322030	0.180111	-0.285551	-0.038395	True	0.543424	0.379151	0.600322	27.685679	0.999427	7532
7533.png	0.618505	0.897752	0.946122	0.916358	0.977883	0.998915	28.547083	0.998816	28.479305	0.658931	0.518091	0.536478	31.665899	0.604470	1926	4	1	3	9	1.947368	0.250000	114	111	173.237590	3.532844	0.032274	-0.006580	0.252692	0.000074	0.000109	-0.007061	1438.248158	0.658931	0.658931	4	1	3	3	9	1.947368	0.250000	4	0	114	111	102	1.560699	3.532844	173.237590	0.032274	44605	23.159398	34.026999	256x256	65536	sparse	Learned	234	4	25	1818	31.832678	0.630344	28.227606	0.998707	0.665992	0.388054	9	4	0.000000	37	1752	32.129561	0.667548	0.998501	27.993826	0.408116	0.639973	4964	32.964053	0.747307	0.999563	32.744002	0.435604	0.658254	0.251700	0.130037	-0.166779	-0.025874	True	0.543880	0.291780	0.625085	28.294391	0.998841	7533
7534.png	0.714076	0.879562	0.935922	0.948819	0.923372	0.999219	26.627223	0.999431	27.279741	0.758015	0.526056	0.436891	31.194495	0.593117	2335	6	1	4	14	1.940476	0.166667	168	163	261.249783	2.451331	0.033147	-0.004215	-1.074070	-0.000264	-0.000075	0.045945	864.932060	0.758015	0.758015	6	1	5	4	14	1.940476	0.166667	6	0	168	163	150	1.602759	2.451331	261.249783	0.033147	45081	19.306638	28.066809	256x256	65536	sparse	Learned	288	6	28	2262	31.653497	0.637327	27.601593	0.999506	0.712070	0.430217	8	2	0.000000	39	2260	31.929578	0.679085	0.999474	27.695232	0.526056	0.713311	3985	32.250300	0.706189	0.999748	31.311202	0.376700	0.722337	-0.321852	0.095839	-0.459002	-0.044210	True	0.606235	0.264859	0.718291	27.701294	0.999483	7534
7535.png	0.502559	0.891736	0.942770	0.914700	0.972618	0.998754	28.998932	0.998767	29.188880	0.527318	0.633589	0.362412	31.408156	0.595195	2385	5	9	15	10	2.043716	1.800000	183	187	286.450793	3.147445	0.039760	0.002559	-0.050081	-0.000037	0.000050	0.003619	1440.153837	0.527318	0.527318	5	9	-4	15	10	2.043716	1.800000	5	1	183	187	158	1.531822	3.147445	286.450793	0.039760	44815	18.790356	27.478407	256x256	65536	sparse	Learned	303	5	30	2354	31.795276	0.644813	29.098011	0.998718	0.523699	0.354351	16	7	0.000000	39	2218	32.038716	0.677823	0.998471	28.801207	0.485960	0.540553	3820	32.311956	0.706715	0.999115	31.118145	0.230815	0.523854	0.090869	0.279238	-0.387120	-0.049618	True	0.627679	0.227478	0.500000	29.049013	0.998791	7535
7536.png	0.677551	0.872921	0.932149	0.929178	0.935139	0.999132	27.438401	0.999356	28.225612	0.682529	0.606235	0.549573	30.524340	0.548951	2369	5	7	11	9	2.022599	1.400000	177	179	266.137085	2.783214	0.040300	0.028118	-0.859866	-0.000221	-0.000012	0.052094	1093.046665	0.682529	0.682529	5	7	-2	11	9	2.022599	1.400000	5	1	177	179	157	1.486799	2.783214	266.137085	0.040300	45567	19.234698	27.663993	256x256	65536	sparse	Learned	297	5	27	2349	31.000130	0.608518	28.277124	0.999368	0.630435	0.340320	10	3	0.000000	33	2330	31.262465	0.653250	0.999277	27.640189	0.406667	0.643594	3909	31.584324	0.682756	0.999572	30.177814	0.369863	0.632653	-0.051512	0.265915	-0.475791	-0.059567	True	0.599884	0.329680	0.649433	28.298268	0.999353	7536
7537.png	0.730175	0.922788	0.959844	0.953463	0.966311	0.998471	27.630502	0.998416	28.006183	0.748837	0.615188	1.023902	30.182001	0.529752	2272	4	5	9	8	2.013889	1.250000	144	145	220.722871	4.035311	0.036205	0.004675	0.007375	-0.000008	0.000109	0.013328	1612.483740	0.748837	0.748837	4	5	-1	9	8	2.013889	1.250000	4	1	144	145	127	1.522227	4.035311	220.722871	0.036205	45907	20.205546	28.845070	256x256	65536	sparse	Learned	264	4	25	2241	30.564666	0.587644	27.641417	0.998308	0.735509	0.737105	5	9	0.000000	28	2268	30.793854	0.632467	0.997807	26.747785	0.211872	0.721680	4079	31.283445	0.674932	0.999090	30.283149	0.230936	0.704863	0.364766	-0.121917	-0.382665	-0.057892	True	0.675348	0.691490	0.725500	27.623127	0.998479	7537
7538.png	0.755068	0.902493	0.948748	0.946543	0.950963	0.998876	26.763242	0.999016	27.407187	0.782898	0.704770	0.841317	31.464639	0.615935	2548	4	1	4	10	1.968912	0.250000	193	190	279.107648	3.208884	0.037957	0.001788	-0.616398	-0.000258	-0.000028	0.023571	1514.537096	0.782898	0.782898	4	1	3	4	10	1.968912	0.250000	4	0	193	190	179	1.468988	3.208884	279.107648	0.037957	44863	17.607143	25.720565	256x256	65536	sparse	Learned	313	4	31	2480	31.970133	0.661147	27.416969	0.999044	0.759327	0.697599	5	11	0.000000	43	2482	32.311952	0.702982	0.999164	28.373402	0.670441	0.759534	3446	32.391588	0.700117	0.999507	30.768066	0.577895	0.755789	-0.009783	0.007171	-0.505494	-0.045211	True	0.748421	0.629660	0.753281	27.379640	0.999135	7538
7540.png	0.744556	0.897394	0.945923	0.937872	0.954113	0.999304	27.637164	0.999355	28.138448	0.745228	0.570443	0.840605	31.256019	0.578115	1979	4	3	5	7	1.984496	0.750000	129	128	199.551299	2.942827	0.032894	-0.027059	-0.352763	-0.000119	0.000026	-0.005571	1215.859175	0.745228	0.745228	4	3	1	5	7	1.984496	0.750000	4	1	129	128	117	1.558995	2.942827	199.551299	0.032894	45064	22.771097	33.115715	256x256	65536	sparse	Learned	249	4	26	1963	31.442938	0.613129	27.959155	0.999329	0.750799	0.361460	7	1	0.625000	34	1924	31.692050	0.653071	0.999284	27.690446	0.527633	0.723971	4724	32.388083	0.728200	0.999673	31.402282	0.446464	0.712219	0.179293	0.208982	-0.186920	-0.035014	True	0.589344	0.495405	0.771615	27.989928	0.999423	7540
7541.png	0.670308	0.856502	0.922705	0.926685	0.918760	0.998702	28.280121	0.998888	28.751564	0.690056	0.747160	0.706204	30.569494	0.542487	2343	4	8	16	10	2.043011	2.000000	186	190	303.793939	3.225595	0.046661	-0.016415	-0.017417	-0.000085	0.000122	-0.003873	1334.253073	0.690056	0.690056	4	8	-4	16	10	2.043011	2.000000	4	1	186	190	160	1.598915	3.225595	303.793939	0.046661	45639	19.478873	27.970977	256x256	65536	sparse	Learned	306	4	27	2343	30.874723	0.601610	28.294213	0.998766	0.693929	0.530995	7	7	0.000000	31	2326	31.091079	0.646247	0.998570	27.578979	0.120404	0.685349	3931	31.487186	0.680233	0.999204	30.216224	0.125321	0.689995	0.457352	0.216165	-0.305229	-0.059122	True	0.771221	0.544640	0.686723	28.297538	0.998787	7541
7542.png	0.674101	0.919926	0.958293	0.941149	0.976074	0.998410	28.202694	0.998381	28.385304	0.678140	0.714924	0.687126	31.257024	0.593179	2583	4	3	7	10	1.989848	0.750000	197	196	288.107648	3.603459	0.035542	-0.002554	-0.197372	-0.000152	-0.000041	0.001979	1466.341734	0.678140	0.678140	4	3	1	7	10	1.989848	0.750000	4	0	197	196	180	1.469937	3.603459	288.107648	0.035542	45017	17.428184	25.372048	256x256	65536	sparse	Learned	317	4	31	2535	31.698223	0.645086	28.409107	0.998422	0.676161	0.387374	14	12	0.000000	41	2538	31.998456	0.688612	0.998350	28.475292	0.536987	0.649737	3685	32.124272	0.695163	0.999079	31.077934	0.338558	0.665066	-0.023803	0.327551	-0.441199	-0.051908	True	0.735523	0.505397	0.676655	28.400067	0.998562	7542
7543.png	0.241879	0.241279	0.388759	0.830000	0.253823	0.990352	16.788164	0.999606	26.985726	0.817152	0.316139	0.604491	27.841165	0.492750	1196	2	1	2	6	1.947368	0.500000	38	37	70.919933	4.218505	0.098294	-0.363777	-5.246989	-0.005782	0.000939	0.572971	935.102463	0.817152	0.817152	2	1	1	2	6	1.947368	0.500000	3	0	38	37	30	1.916755	4.218505	70.919933	0.098294	46151	38.587793	54.795987	256x256	65536	sparse	Frangi	158	3	4	1164	27.586617	0.507186	21.712065	0.998667	0.244181	0.574413	7	2	0.000000	18	1166	30.229002	0.567688	0.999443	25.792807	0.514636	0.266839								5.273661	-0.258274	0.254548	-0.014436	True	0.690253	0.417252	0.605656	22.035153	0.996134	7543
7544.png	0.253948	0.244090	0.392399	0.723292	0.269231	0.990781	15.985316	0.999555	26.386567	0.717647	0.311564	0.871347	28.455449	0.545147	1208	3	1	2	6	1.891892	0.333333	37	35	58.213203	3.956979	0.087454	-0.428201	-6.857426	-0.006910	0.000525	0.427060	998.447657	0.717647	0.717647	3	1	2	2	6	1.891892	0.333333	3	0	37	35	29	1.663234	3.956979	58.213203	0.087454	45348	37.539735	54.251656	256x256	65536	sparse	Frangi	157	3	6	1205	29.810231	0.565190	22.594268	0.999030	0.290587	0.494828	7	4	0.000000	25	1200	31.173463	0.614171	0.999552	26.063915	0.540063	0.311881								3.792298	-0.183264	-1.354782	-0.020044	True	0.610932	0.532334	0.682149	22.842742	0.997691	7544
7545.png	0.742525	0.896437	0.945390	0.952099	0.938776	0.998740	27.375742	0.998968	28.054985	0.768403	0.675348	0.974627	30.556704	0.548851	2425	4	3	7	10	1.988506	0.750000	174	173	255.480231	3.333637	0.033481	-0.024343	-0.499591	-0.000160	0.000063	-0.005737	1595.505953	0.768403	0.768403	4	3	1	7	10	1.988506	0.750000	4	0	174	173	157	1.476764	3.333637	255.480231	0.033481	45659	18.828454	27.025155	256x256	65536	sparse	Learned	294	4	27	2332	30.952965	0.606206	27.850500	0.998905	0.774140	0.715209	5	11	0.000000	32	2202	31.111416	0.647817	0.998670	27.302101	0.559568	0.760509	3880	31.497544	0.675799	0.999387	30.591473	0.478997	0.734191	0.204485	-0.039862	-0.396262	-0.057355	True	0.701803	0.683996	0.766868	27.875333	0.998900	7545
7546.png	0.697943	0.886005	0.939557	0.934013	0.945168	0.999109	27.509089	0.999262	28.157039	0.720202	0.790912	0.647941	30.260939	0.542155	2813	4	7	17	12	2.026316	1.750000	228	231	367.362482	2.787057	0.039203	0.003261	-0.456825	-0.000162	0.000015	0.021527	1086.500168	0.720202	0.720202	4	7	-3	17	12	2.026316	1.750000	4	1	228	231	199	1.590314	2.787057	367.362482	0.039203	45895	16.315322	23.297547	256x256	65536	sparse	Learned	348	4	29	2679	30.831953	0.613310	28.024179	0.999247	0.698675	0.432586	12	7	0.000000	32	2570	31.055276	0.657246	0.999124	27.566806	0.524077	0.684261	3357	31.154663	0.651469	0.999466	29.888386	0.343683	0.687293	0.132860	0.358326	-0.571014	-0.071155	True	0.719729	0.466342	0.694682	27.965915	0.999270	7546
7547.png	0.772523	0.921547	0.959172	0.941309	0.977726	0.999587	27.414842	0.999634	27.777896	0.781596	0.515675	0.804607	31.446310	0.591387	1756	4	0	1	7	1.930435	0.000000	115	111	163.095454	2.545280	0.028547	0.015041	-0.105973	-0.000044	0.000020	0.006545	955.873013	0.781596	0.781596	4	0	4	1	7	1.930435	0.000000	4	0	115	111	107	1.469328	2.545280	163.095454	0.028547	44832	25.530752	37.321185	256x256	65536	sparse	Learned	235	4	22	1596	31.662373	0.612525	27.573639	0.999614	0.775051	0.500926	4	0	1.000000	34	1724	31.945010	0.654872	0.999623	27.865047	0.428791	0.748223	5411	32.962761	0.755413	0.999869	32.631144	0.305109	0.750754	0.204257	0.014750	-0.216064	-0.021138	True	0.515675	0.414916	0.757482	27.520816	0.999631	7547
7549.png	0.659450	0.824800	0.903989	0.881950	0.927158	0.999323	27.251857	0.999525	28.047158	0.709758	0.529205	0.586965	30.197861	0.532592	2134	6	2	4	13	1.950920	0.333333	163	159	246.580736	2.248874	0.043557	0.044120	-0.476966	-0.000223	0.000005	0.055507	840.551376	0.709758	0.709758	6	2	4	4	13	1.950920	0.333333	6	0	163	159	146	1.550822	2.248874	246.580736	0.043557	45772	21.448922	30.710403	256x256	65536	sparse	Learned	283	6	24	2086	30.689879	0.586359	27.724279	0.999520	0.654252	0.299327	14	1	0.000000	28	2032	30.935166	0.626042	0.999403	26.941362	0.375692	0.653304	4387	31.562279	0.696798	0.999736	30.661347	0.180212	0.657447	0.322878	0.229878	-0.492018	-0.053766	True	0.563951	0.331019	0.615331	27.728823	0.999546	7549
7550.png	0.757054	0.900743	0.947780	0.936140	0.959712	0.999182	27.329194	0.999285	27.681542	0.778694	0.669781	0.648258	31.335274	0.607078	2534	5	5	9	10	2.000000	1.000000	215	215	305.651804	2.425920	0.028426	0.038812	-1.032208	-0.000286	-0.000158	0.049789	897.895575	0.778694	0.778694	5	5	0	9	10	2.000000	1.000000	5	1	215	215	196	1.421636	2.425920	305.651804	0.028426	44775	17.669692	25.862668	256x256	65536	sparse	Learned	335	5	32	2499	32.015203	0.659230	28.365711	0.999443	0.728905	0.466816	9	0	0.100000	43	2518	32.310653	0.701787	0.999449	28.597667	0.524077	0.716184	3651	32.421140	0.707031	0.999647	30.906254	0.384742	0.713253	-0.684169	0.202965	-0.679929	-0.052151	True	0.682729	0.442585	0.718242	28.361402	0.999467	7550
7551.png	0.733002	0.871880	0.931556	0.921724	0.941599	0.999251	27.024685	0.999518	27.953719	0.799149	0.503415	0.697407	31.116161	0.584229	2217	6	2	4	12	1.950920	0.333333	163	159	235.137085	2.442059	0.036807	0.013797	-0.627791	-0.000272	-0.000007	0.045481	929.985762	0.799149	0.799149	6	2	4	4	12	1.950920	0.333333	6	0	163	159	147	1.478850	2.442059	235.137085	0.036807	44979	20.288227	29.560668	256x256	65536	sparse	Learned	283	6	27	2083	31.543235	0.626730	27.679914	0.999525	0.753668	0.361663	9	1	0.250000	37	1986	31.776457	0.663189	0.999454	27.465758	0.408445	0.736801	3932	32.188620	0.703465	0.999771	31.297909	0.285173	0.761103	0.273805	0.141752	-0.427074	-0.042501	True	0.508356	0.354531	0.719204	27.652477	0.999524	7551
7552.png	0.532075	0.906250	0.950820	0.950514	0.951125	0.999044	27.576157	0.999208	27.984277	0.544360	0.511623	0.395616	30.931730	0.573131	2331	6	0	0	12	1.929825	0.000000	171	165	251.249783	2.829918	0.033306	0.004770	-0.214181	-0.000172	-0.000017	0.015520	1270.777464	0.544360	0.544360	6	0	6	0	12	1.929825	0.000000	6	0	171	165	159	1.522726	2.829918	251.249783	0.033306	45332	19.447447	28.114972	256x256	65536	sparse	Learned	291	6	27	2245	31.254827	0.617002	27.828523	0.999225	0.528840	0.179341	17	2	0.000000	35	2190	31.519930	0.659274	0.999075	27.393196	0.236033	0.514338	3954	31.930287	0.693329	0.999556	31.251515	0.189416	0.548054	0.155755	0.332282	-0.323097	-0.043871	True	0.550671	0.217854	0.527306	27.790338	0.999217	7552
7553.png	0.728867	0.856604	0.922764	0.912869	0.932877	0.999184	27.786625	0.999271	28.425573	0.742358	0.652156	0.860925	31.371996	0.592856	2403	5	15	26	9	2.106952	3.000000	187	197	318.291414	2.598316	0.051920	-0.012597	-0.505846	-0.000158	-0.000018	-0.003712	1150.885344	0.742358	0.742358	5	15	-10	26	9	2.106952	3.000000	5	3	187	197	152	1.615692	2.598316	318.291414	0.051920	45002	18.727424	27.272576	256x256	65536	sparse	Learned	307	5	30	2380	31.757216	0.642518	28.376332	0.999289	0.746070	0.431324	9	4	0.433333	41	2384	32.055622	0.684909	0.999227	28.238787	0.560825	0.735347	3900	32.236453	0.705086	0.999592	31.010810	0.401503	0.724200	0.049242	0.220832	-0.385219	-0.049662	True	0.661760	0.569726	0.741463	28.292472	0.999342	7553
7554.png	0.685352	0.908635	0.952131	0.948807	0.955477	0.998792	27.495920	0.998931	27.777408	0.690803	0.601481	0.695830	30.323380	0.539697	2412	5	5	12	9	2.000000	1.000000	163	163	248.036580	3.343678	0.030385	0.012754	-0.200167	-0.000124	0.000025	0.033173	1371.469021	0.690803	0.690803	5	5	0	12	9	2.000000	1.000000	5	0	163	163	142	1.521697	3.343678	248.036580	0.030385	45795	18.986318	27.170813	256x256	65536	sparse	Learned	283	5	26	2301	30.730156	0.597565	27.628732	0.998907	0.657631	0.508356	8	5	0.000000	31	2248	30.964794	0.639334	0.998759	27.183465	0.346230	0.667336	3762	31.284439	0.666983	0.999296	29.950165	0.265672	0.668319	0.148676	0.093125	-0.406777	-0.057868	True	0.604656	0.420738	0.672598	27.696087	0.998915	7554
7555.png	0.802935	0.935553	0.966704	0.964563	0.968854	0.998643	27.176750	0.998792	27.574875	0.819525	0.650062	0.950776	31.388577	0.605412	2402	4	4	8	10	2.000000	1.000000	155	155	239.722871	3.757837	0.030837	0.006695	-0.646040	-0.000253	-0.000069	0.017389	1300.300121	0.819525	0.819525	4	4	0	8	10	2.000000	1.000000	4	0	155	155	137	1.546599	3.757837	239.722871	0.030837	44951	18.713988	27.283930	256x256	65536	sparse	Learned	275	4	29	2347	31.754843	0.646586	27.817345	0.998861	0.802136	0.549385	7	6	0.000000	41	2226	32.130892	0.685076	0.998874	28.065646	0.618381	0.793210	3928	32.419365	0.711389	0.999422	31.165411	0.464203	0.792008	-0.242470	0.100677	-0.366266	-0.041173	True	0.684942	0.651227	0.796240	27.822790	0.998896	7555
7556.png	0.604743	0.901455	0.948174	0.951816	0.944560	0.999119	28.908640	0.999213	29.193901	0.626425	0.653544	0.292616	31.739281	0.605681	2131	4	3	4	7	1.987730	0.750000	163	162	249.107648	2.897191	0.030187	-0.020984	-0.058700	-0.000094	-0.000001	-0.008040	1060.485363	0.626425	0.626425	4	3	1	4	7	1.987730	0.750000	4	1	163	162	152	1.537702	2.897191	249.107648	0.030187	44536	20.899108	30.753637	256x256	65536	sparse	Learned	283	4	29	2130	32.008064	0.644439	29.002403	0.999214	0.634465	0.247448	14	1	0.000000	41	2012	32.276608	0.679802	0.999145	28.886350	0.250238	0.634338	4134	32.651386	0.725483	0.999534	31.729072	0.171385	0.621762	0.191497	0.406096	-0.268783	-0.038758	True	0.658702	0.192747	0.625727	28.967340	0.999213	7556
7557.png	0.691351	0.867870	0.929261	0.913043	0.946066	0.999117	27.428140	0.999166	27.720403	0.709081	0.747160	0.682268	31.067709	0.583183	2486	4	9	21	14	2.054054	2.250000	185	190	319.592929	2.693831	0.047649	0.008194	-0.503597	-0.000162	-0.000085	0.019596	1158.780336	0.709081	0.709081	4	9	-5	21	14	2.054054	2.250000	4	0	185	190	150	1.682068	2.693831	319.592929	0.047649	45237	18.196702	26.362027	256x256	65536	sparse	Learned	305	4	29	2462	31.426681	0.634753	27.970301	0.999251	0.689485	0.432208	10	3	0.000000	38	2442	31.763016	0.678887	0.999205	27.978125	0.494508	0.649123	3689	31.964481	0.690903	0.999545	30.561011	0.583138	0.687974	-0.249898	0.314952	-0.358972	-0.051569	True	0.772362	0.526958	0.683157	27.931737	0.999279	7557
7558.png	0.733434	0.885160	0.939082	0.957258	0.921584	0.999287	26.603750	0.999549	27.459206	0.781818	0.684942	0.646507	30.618368	0.553955	2394	4	3	7	10	1.989011	0.750000	182	181	275.977705	2.402526	0.028927	0.010780	-0.713771	-0.000245	-0.000014	0.043982	901.368380	0.781818	0.781818	4	3	1	7	10	1.989011	0.750000	4	0	182	181	165	1.524739	2.402526	275.977705	0.028927	45658	19.071846	27.375104	256x256	65536	sparse	Learned	302	4	27	2382	30.977763	0.610702	27.272778	0.999563	0.737836	0.438500	7	2	0.000000	33	2234	31.201411	0.650685	0.999456	26.862736	0.495069	0.722141	3840	31.550326	0.676706	0.999750	30.107150	0.486094	0.731778	0.186428	0.246443	-0.359395	-0.056748	True	0.700308	0.452754	0.722653	27.317521	0.999532	7558
7559.png	0.684659	0.905674	0.950502	0.943829	0.957271	0.999311	26.938481	0.999339	27.141975	0.695745	0.662098	0.520650	30.819894	0.572156	2260	4	8	16	9	2.051282	2.000000	156	160	255.107648	2.852206	0.046485	0.008816	-0.347712	-0.000102	-0.000023	0.012617	1053.221703	0.695745	0.695745	4	8	-4	16	9	2.051282	2.000000	4	1	156	160	131	1.594423	2.852206	255.107648	0.046485	45403	20.089823	28.998230	256x256	65536	sparse	Learned	276	4	26	2176	31.209833	0.615986	27.264549	0.999362	0.683128	0.351115	8	0	0.000000	36	2212	31.564726	0.662572	0.999335	27.356950	0.381217	0.677133	3981	31.928131	0.693655	0.999699	31.109569	0.284662	0.670315	-0.122574	0.310983	-0.389939	-0.043830	True	0.658702	0.342953	0.675843	27.286193	0.999413	7559
7560.png	0.667360	0.902079	0.948519	0.930152	0.967626	0.999131	27.357583	0.999223	27.972317	0.657912	0.507372	0.522662	31.147456	0.580426	2101	5	0	0	10	1.928571	0.000000	140	135	196.480231	3.293870	0.033158	-0.006219	-0.301060	-0.000095	0.000042	-0.004206	1023.432255	0.657912	0.657912	5	0	5	0	10	1.928571	0.000000	5	0	140	135	130	1.455409	3.293870	196.480231	0.033158	45173	21.500714	31.192765	256x256	65536	sparse	Learned	260	5	27	2078	31.481515	0.620768	27.766470	0.999181	0.662118	0.325646	10	4	0.000000	36	1966	31.673338	0.656346	0.999166	27.706486	0.336350	0.632937	4457	32.277257	0.717360	0.999617	31.287839	0.321975	0.645603	0.205847	0.181726	-0.334059	-0.040342	True	0.528577	0.276267	0.673579	27.658643	0.999226	7560
7561.png	0.622901	0.908889	0.952270	0.939510	0.965382	0.999245	28.009688	0.999283	28.287547	0.638362	0.595053	0.386786	31.437629	0.596688	2303	5	2	5	11	1.964072	0.400000	167	164	266.806133	2.434524	0.040634	0.002161	-0.240560	-0.000085	0.000034	0.011122	1056.421995	0.638362	0.638362	5	2	3	5	11	1.964072	0.400000	5	0	167	164	151	1.626867	2.434524	266.806133	0.040634	44906	19.498914	28.456795	256x256	65536	sparse	Learned	287	5	28	2238	31.746402	0.638215	28.205160	0.999249	0.627240	0.254936	14	0	0.100000	40	2184	32.075144	0.677682	0.999203	28.071946	0.361663	0.615661	3882	32.316955	0.706381	0.999575	31.217389	0.218599	0.616930	0.082387	0.340117	-0.308773	-0.041528	True	0.599884	0.232026	0.620740	28.250248	0.999330	7561
7562.png	0.657401	0.876751	0.934328	0.933632	0.935026	0.999256	27.508801	0.999366	27.953260	0.691708	0.564822	0.495141	30.238875	0.526625	2103	5	8	15	11	2.041667	1.600000	144	147	238.894444	2.768885	0.047910	0.016988	-0.042270	-0.000065	0.000053	0.019782	1117.765665	0.691708	0.691708	5	8	-3	15	11	2.041667	1.600000	5	1	144	147	118	1.625132	2.768885	238.894444	0.047910	45901	21.826438	31.163100	256x256	65536	sparse	Learned	264	5	24	2076	30.572464	0.579897	27.494607	0.999313	0.671926	0.408445	8	7	0.000000	29	2000	30.828928	0.620619	0.999173	26.945796	0.272397	0.662525	4402	31.444057	0.690906	0.999651	30.680498	0.194610	0.663855	0.458653	0.156377	-0.333589	-0.053272	True	0.660404	0.326993	0.640413	27.551071	0.999321	7562
7563.png	0.539088	0.870662	0.930860	0.924623	0.937182	0.999291	27.456115	0.999407	28.608688	0.554649	0.633955	0.382110	30.969992	0.562156	2029	4	2	4	9	1.975000	0.500000	160	158	230.894444	2.571184	0.029508	-0.012276	-0.491718	-0.000063	0.000068	0.000423	1080.700159	0.554649	0.554649	4	2	2	4	9	1.975000	0.500000	4	0	160	158	147	1.461357	2.571184	230.894444	0.029508	45288	22.320355	32.299655	256x256	65536	sparse	Learned	280	4	25	1942	31.174713	0.600099	27.986393	0.999339	0.554226	0.259182	10	0	0.250000	32	1840	31.441972	0.639793	0.999216	27.577449	0.293548	0.476837	4594	32.134846	0.717752	0.999676	31.541267	0.164003	0.547049	0.622295	0.374774	-0.204721	-0.037943	True	0.624689	0.238700	0.551364	27.947833	0.999354	7563
7564.png	0.676768	0.857488	0.923277	0.897031	0.951105	0.999076	27.829370	0.999110	28.342897	0.719008	0.581048	1.013193	31.162717	0.586081	2429	6	3	7	14	1.969388	0.500000	196	193	293.622366	2.659385	0.032012	0.026822	-0.178629	-0.000093	0.000059	0.039542	1131.306410	0.719008	0.719008	6	3	3	7	14	1.969388	0.500000	6	0	196	193	175	1.521359	2.659385	293.622366	0.032012	44995	18.524084	26.980650	256x256	65536	sparse	Learned	316	6	29	2372	31.546704	0.636798	28.033413	0.999051	0.679467	0.517555	9	9	0.000000	41	2410	31.947323	0.680616	0.999088	28.644030	0.464982	0.663020	3705	32.092218	0.695905	0.999477	31.086198	0.339293	0.656318	0.309485	0.063493	-0.383987	-0.050717	True	0.600150	0.608068	0.649946	28.007998	0.999169	7564
7565.png	0.644383	0.876083	0.933949	0.920868	0.947406	0.999212	27.868838	0.999310	28.217347	0.659371	0.633589	0.430084	31.336464	0.589118	2350	5	5	12	11	2.000000	1.000000	183	183	294.048773	2.497717	0.039933	-0.021184	-0.204494	-0.000136	-0.000034	-0.023700	1125.007629	0.659371	0.659371	5	5	0	12	11	2.000000	1.000000	5	1	183	183	160	1.606824	2.497717	294.048773	0.039933	45014	19.154894	27.887660	256x256	65536	sparse	Learned	303	5	28	2257	31.587441	0.633026	28.098564	0.999345	0.683071	0.314894	11	1	0.400000	39	2344	31.918812	0.677273	0.999307	28.114684	0.245992	0.647906	3623	32.129273	0.693600	0.999620	31.013794	0.254226	0.657580	0.118783	0.318695	-0.250976	-0.043908	True	0.647956	0.278676	0.665567	28.073332	0.999348	7565
7566.png	0.663281	0.896447	0.945397	0.925117	0.966585	0.999215	28.193030	0.999324	28.652827	0.673563	0.485212	0.683772	30.851034	0.554155	2004	4	1	2	10	1.952381	0.250000	126	123	203.722871	3.039795	0.036669	-0.004141	0.339925	-0.000052	0.000074	-0.000012	1090.255737	0.673563	0.673563	4	1	3	2	10	1.952381	0.250000	5	0	126	123	114	1.656284	3.039795	203.722871	0.036669	45376	22.642715	32.702595	256x256	65536	sparse	Learned	246	5	24	1987	30.995765	0.594636	27.973781	0.999250	0.673575	0.414331	8	6	0.000000	31	1930	31.274340	0.636035	0.999118	27.514850	0.312023	0.622388	4432	31.919316	0.708577	0.999588	30.817418	0.302324	0.651471	0.679046	0.070881	-0.144731	-0.040482	True	0.505397	0.345576	0.667423	27.853105	0.999267	7566
7567.png	0.729608	0.873637	0.932557	0.946491	0.919028	0.999088	26.927391	0.999401	27.782291	0.770207	0.704770	0.716959	30.260499	0.537311	2454	4	6	11	9	2.021053	1.500000	190	192	285.350288	2.637501	0.025677	0.015489	-0.624683	-0.000284	-0.000010	0.049070	1089.603901	0.770207	0.770207	4	6	-2	11	9	2.021053	1.500000	4	1	190	192	170	1.486199	2.637501	285.350288	0.025677	45858	18.687042	26.705786	256x256	65536	sparse	Learned	310	4	26	2302	30.745784	0.597396	27.552261	0.999411	0.721137	0.392366	11	5	0.000000	31	2238	30.971029	0.638716	0.999312	27.189607	0.460709	0.701923	3712	31.290229	0.668754	0.999663	30.064149	0.232961	0.716232	0.230030	0.312404	-0.485284	-0.060084	True	0.731526	0.524474	0.714120	27.552075	0.999373	7567
7568.png	0.478899	0.908039	0.951803	0.937736	0.966299	0.998677	28.371206	0.998599	28.624281	0.476048	0.583138	0.423024	30.258553	0.522168	1967	4	6	11	8	2.030534	1.500000	131	133	201.509668	3.943751	0.037032	-0.004757	0.408191	0.000113	0.000253	-0.002059	1386.858940	0.476048	0.476048	4	6	-2	11	8	2.030534	1.500000	4	1	131	133	112	1.515110	3.943751	201.509668	0.037032	45914	23.342145	33.317743	256x256	65536	sparse	Learned	251	4	23	1917	30.538454	0.568264	28.027004	0.998346	0.478107	0.271773	14	4	0.000000	28	1932	30.757827	0.609289	0.998056	27.357650	0.208516	0.395307	4664	31.515124	0.699216	0.999127	31.315945	0.178707	0.477778	0.597277	0.311365	-0.279901	-0.046096	True	0.615188	0.260239	0.483656	27.963015	0.998565	7568
7569.png	0.754366	0.880196	0.936281	0.960640	0.913126	0.998848	26.621305	0.999260	27.542106	0.796818	0.680181	0.900072	30.984021	0.580579	2371	4	4	11	12	2.000000	1.000000	166	166	263.208153	2.965929	0.043269	-0.012474	-0.890850	-0.000308	0.000022	0.012211	1126.770020	0.796818	0.796818	4	4	0	11	12	2.000000	1.000000	4	0	166	166	143	1.585591	2.965929	263.208153	0.043269	45147	19.041333	27.640658	256x256	65536	sparse	Learned	286	4	27	2174	31.415463	0.624479	27.417929	0.999237	0.784606	0.530772	6	2	0.000000	37	2310	31.691322	0.674431	0.999231	27.425977	0.734197	0.792239	3780	31.992114	0.693018	0.999637	30.752430	0.498424	0.796631	0.124176	0.149409	-0.431442	-0.043900	True	0.726102	0.653544	0.766839	27.512155	0.999157	7569
7570.png	0.678868	0.894188	0.944138	0.945875	0.942408	0.998616	28.165962	0.998834	28.617946	0.699505	0.672412	0.688130	31.659863	0.616452	2559	5	1	3	11	1.961165	0.200000	206	202	317.634560	2.926211	0.046493	0.004773	-0.741772	-0.000275	-0.000056	0.016156	1186.347485	0.699505	0.699505	5	1	4	3	11	1.961165	0.200000	5	0	206	202	192	1.572448	2.926211	317.634560	0.046493	44492	17.386479	25.610004	256x256	65536	sparse	Learned	326	5	32	2471	32.123825	0.664104	28.873148	0.998890	0.683349	0.427838	12	6	0.000000	43	2304	32.387846	0.698711	0.998783	28.724739	0.530250	0.669681	3496	32.521495	0.708191	0.999288	31.174736	0.328402	0.663985	-0.255202	0.244574	-0.463962	-0.047652	True	0.697599	0.480038	0.674095	28.907735	0.998891	7570
7571.png	0.693891	0.892622	0.943265	0.913688	0.974820	0.999372	27.888796	0.999330	28.052244	0.676601	0.599884	0.423566	30.626411	0.551613	2380	5	6	12	12	2.011628	1.200000	172	173	265.622366	2.951672	0.043855	0.013865	0.105316	0.000004	0.000029	0.012819	1075.101614	0.676601	0.676601	5	6	-1	12	12	2.011628	1.200000	5	1	172	173	148	1.535389	2.951672	265.622366	0.043855	45556	19.141176	27.536134	256x256	65536	sparse	Learned	292	5	27	2356	30.990859	0.608398	27.896905	0.999302	0.663782	0.452559	8	3	0.000000	33	2348	31.239464	0.655400	0.999174	27.357774	0.492115	0.688714	3897	31.597957	0.681569	0.999553	30.456418	0.458818	0.665225	0.155339	0.147325	-0.364448	-0.056785	True	0.591801	0.250667	0.680026	27.783481	0.999368	7571
7573.png	0.320000	0.268580	0.423434	0.889643	0.277837	0.989154	17.963848	0.999361	28.027010	0.623272	0.259182	0.690414	29.106319	0.555926	1017	3	1	3	7	1.833333	0.333333	24	22	49.213203	4.783798	0.111762						845.936060	0.623272	0.623272	3	1	2	3	7	1.833333	0.333333	3	0	24	22	14	2.236964	4.783798	49.213203	0.111762	45062	44.308751	64.440511	256x256	65536	sparse	Frangi	144	3												23	976	31.398926	0.614223	0.999044	26.899945	0.581647	0.292892												True	0.704770	0.486583				7573
7574.png	0.737774	0.905237	0.950262	0.946957	0.953590	0.999323	27.366503	0.999322	27.607728	0.768376	0.532334	0.906583	30.686748	0.549462	1936	4	1	2	8	1.948276	0.250000	116	113	176.994949	2.991384	0.035466	0.044867	0.046012	0.000010	0.000085	0.049133	1231.119633	0.768376	0.768376	4	1	3	2	8	1.948276	0.250000	4	0	116	113	106	1.566327	2.991384	176.994949	0.035466	45592	23.549587	33.851240	256x256	65536	sparse	Learned	236	4	23	1934	30.793157	0.587056	27.383211	0.999236	0.719243	0.650062	4	4	0.000000	30	1796	31.126974	0.625548	0.999050	26.792888	0.456649	0.720379	4645	31.871793	0.709433	0.999622	31.252336	0.553657	0.721658	0.224517	-0.117729	-0.106408	-0.037594	True	0.607414	0.550671	0.692907	27.320491	0.999313	7574
7575.png	0.707250	0.885460	0.939251	0.926112	0.952768	0.999278	28.251445	0.999313	28.478052	0.732741	0.683363	0.840000	31.042044	0.569125	2227	4	3	7	9	1.988439	0.750000	173	172	263.379726	2.734802	0.036719	0.023755	-0.066439	-0.000096	-0.000020	0.027315	1052.924871	0.732741	0.732741	4	3	1	7	9	1.988439	0.750000	4	1	173	172	157	1.531277	2.734802	263.379726	0.036719	45250	20.318815	29.427930	256x256	65536	sparse	Learned	293	4	27	2193	31.320410	0.616428	28.347243	0.999332	0.705426	0.514868	6	3	0.000000	34	2040	31.545361	0.650708	0.999222	27.892023	0.324504	0.703727	4134	31.997095	0.702292	0.999612	31.015394	0.300680	0.677564	0.130809	0.168496	-0.278366	-0.047303	True	0.692721	0.581886	0.683495	28.317885	0.999374	7575
7576.png	0.769040	0.916770	0.956578	0.959688	0.953488	0.999033	27.797602	0.999191	28.192535	0.793951	0.591801	0.949179	30.516235	0.543253	2325	5	2	4	11	1.966102	0.400000	177	174	257.450793	2.933676	0.029095	0.009017	-0.317156	-0.000147	-0.000016	0.021007	1168.931723	0.793951	0.793951	5	2	3	4	11	1.966102	0.400000	5	0	177	174	162	1.479602	2.933676	257.450793	0.029095	45632	19.626667	28.187527	256x256	65536	sparse	Learned	297	5	26	2243	30.879772	0.598639	28.140132	0.999206	0.772944	0.481855	8	6	0.000000	31	2230	31.078243	0.642095	0.999060	27.463402	0.207356	0.744214	4082	31.515238	0.683937	0.999534	30.466201	0.202642	0.752066	0.052403	0.109946	-0.363537	-0.055385	True	0.606235	0.575425	0.760024	28.114758	0.999181	7576
7577.png	0.768601	0.918899	0.957736	0.966354	0.949270	0.999148	27.015596	0.999382	27.707393	0.806600	0.656991	0.763719	30.528699	0.546545	2209	4	3	8	9	1.987654	0.750000	162	161	239.551299	2.770074	0.030995	0.026532	-0.572770	-0.000191	0.000010	0.055026	1194.966316	0.806600	0.806600	4	3	1	8	9	1.987654	0.750000	4	0	162	161	145	1.487896	2.770074	239.551299	0.030995	45652	20.666365	29.667723	256x256	65536	sparse	Learned	282	4	25	2127	30.851642	0.596217	27.579438	0.999373	0.751575	0.511623	6	2	0.000000	31	2118	31.094280	0.642563	0.999205	26.839464	0.457425	0.744006	4145	31.604353	0.689441	0.999683	30.597227	0.468738	0.758475	0.127955	0.145369	-0.322943	-0.049672	True	0.656991	0.501757	0.742069	27.588366	0.999339	7577
7578.png	0.555296	0.889640	0.941597	0.925781	0.957963	0.999278	27.784030	0.999370	28.048107	0.559633	0.534201	0.596744	30.499174	0.536529	2045	5	4	8	11	1.985507	0.800000	138	137	215.409163	2.794004	0.044222	-0.026064	0.210309	-0.000100	0.000038	-0.024325	1071.215630	0.559633	0.559633	5	4	1	8	11	1.985507	0.800000	5	0	138	137	119	1.572330	2.794004	215.409163	0.044222	45729	22.361369	32.046944	256x256	65536	sparse	Learned	258	5	23	1944	30.665956	0.579207	27.590781	0.999332	0.583958	0.417252	6	1	0.400000	31	1996	30.987270	0.627319	0.999186	27.039687	0.458457	0.547156	4436	31.627804	0.696990	0.999643	31.068294	0.236621	0.554044	0.457326	0.116949	-0.166781	-0.042679	True	0.552465	0.329680	0.581360	27.573721	0.999378	7578
7579.png	0.506098	0.860687	0.925128	0.892186	0.960596	0.999513	28.317339	0.999443	28.551394	0.498554	0.483149	0.432254	30.293551	0.514887	1663	4	5	8	6	2.020000	1.250000	100	101	146.124892	3.116766	0.056564	0.013211	0.464264	0.000009	0.000068	0.012536	1126.312494	0.498554	0.498554	4	5	-1	8	6	2.020000	1.250000	4	0	100	101	86	1.446781	3.116766	146.124892	0.056564	45930	27.618761	39.408298	256x256	65536	sparse	Learned	220	4	20	1586	30.389086	0.545471	27.887969	0.999375	0.486017	0.234710	8	1	0.000000	24	1478	30.613752	0.583149	0.999304	27.332874	0.220333	0.477295	5494	31.786224	0.728176	0.999717	31.404984	0.148631	0.487969	0.663425	0.248439	-0.095535	-0.030584	True	0.475337	0.205466	0.492886	27.853075	0.999504	7579
7581.png	0.736872	0.924812	0.960938	0.971446	0.950654	0.998314	27.169039	0.998819	27.996028	0.764985	0.611320	0.944734	31.195780	0.589641	2198	4	12	16	5	2.115942	3.000000	138	146	215.480231	3.645775	0.038724	0.008749	-0.903621	-0.000472	-0.000054	0.030907	1269.195318	0.764985	0.764985	4	12	-8	16	5	2.115942	3.000000	4	1	138	146	117	1.475892	3.645775	215.480231	0.038724	45011	20.478162	29.816197	256x256	65536	sparse	Learned	258	4	27	2174	31.491315	0.627160	28.045630	0.998873	0.734078	0.541594	6	7	0.000000	36	2152	31.827103	0.674618	0.998706	27.602098	0.414331	0.714525	3969	32.241475	0.704731	0.999398	31.181714	0.449967	0.729684	-0.049601	0.069726	-0.295535	-0.037519	True	0.624689	0.590165	0.728123	28.072660	0.998786	7581
7582.png	0.563020	0.902482	0.948742	0.954375	0.943175	0.998799	27.675915	0.998882	28.265944	0.587591	0.658702	0.374306	30.131742	0.520153	2285	4	4	9	10	2.000000	1.000000	167	167	243.894444	3.190037	0.034400	0.001061	-0.419756	-0.000163	0.000067	0.015745	1267.708778	0.587591	0.587591	4	4	0	9	10	2.000000	1.000000	4	0	167	167	148	1.460446	3.190037	243.894444	0.034400	46045	20.150985	28.680963	256x256	65536	sparse	Learned	287	4	25	2256	30.484774	0.581288	28.096495	0.998815	0.571846	0.259182	15	4	0.000000	29	2068	30.692795	0.615887	0.998410	27.289444	0.337087	0.524666	4080	31.207218	0.671693	0.999199	30.560119	0.178231	0.576320	0.169449	0.399520	-0.353032	-0.061135	True	0.714924	0.267600	0.561960	28.095671	0.998962	7582
7583.png	0.494798	0.874408	0.932996	0.949196	0.917340	0.998777	27.548912	0.999099	28.366835	0.503563	0.689633	0.455259	31.082955	0.580400	2312	4	3	9	11	1.989011	0.750000	182	181	267.793939	2.908393	0.034301	-0.013715	-0.766073	-0.000325	-0.000032	0.000099	1184.985161	0.503563	0.503563	4	3	1	9	11	1.989011	0.750000	4	0	182	181	162	1.479525	2.908393	267.793939	0.034301	45025	19.474481	28.346021	256x256	65536	sparse	Learned	302	4	28	2250	31.504157	0.628145	28.258453	0.999131	0.503464	0.292488	10	2	0.000000	38	2250	31.790944	0.669704	0.999113	28.370534	0.257946	0.489124	4011	32.192547	0.706492	0.999484	31.252791	0.204744	0.504333	0.108382	0.397146	-0.421203	-0.047745	True	0.707707	0.322190	0.508513	28.314985	0.999102	7583
7584.png	0.730481	0.923883	0.960436	0.965975	0.954960	0.998735	27.915999	0.998913	28.265287	0.748777	0.650761	0.806158	31.428296	0.604548	2550	5	4	8	11	1.989362	0.800000	188	187	308.119841	2.882454	0.051856	-0.002852	-0.417572	-0.000240	-0.000082	0.012294	1211.595297	0.748777	0.748777	5	4	1	8	11	1.989362	0.800000	5	0	188	187	169	1.647700	2.882454	308.119841	0.051856	44835	17.582353	25.700392	256x256	65536	sparse	Learned	308	5	30	2457	31.769055	0.648849	28.314880	0.998995	0.736483	0.522886	8	5	0.000000	42	2520	32.215564	0.700217	0.998945	28.482158	0.464982	0.739429	3510	32.219340	0.696959	0.999395	30.783737	0.465954	0.725159	-0.049593	0.127875	-0.340759	-0.044301	True	0.659043	0.531293	0.733333	28.333571	0.998976	7584
7585.png	0.586677	0.922107	0.959475	0.945967	0.973375	0.998921	27.562429	0.999011	27.914227	0.591791	0.543880	0.688882	30.993426	0.564957	1950	4	2	4	9	1.966102	0.500000	118	116	184.823376	3.509486	0.028845	0.038030	0.093644	-0.000028	0.000092	0.044377	1308.816671	0.591791	0.591791	4	2	2	4	9	1.966102	0.500000	4	0	118	116	105	1.593305	3.509486	184.823376	0.028845	45324	23.243077	33.608205	256x256	65536	sparse	Learned	238	4	24	1857	31.144711	0.597243	27.512230	0.998919	0.547414	0.254226	12	2	0.000000	32	1914	31.442998	0.642410	0.998700	27.211592	0.524791	0.612606	4669	32.127864	0.717697	0.999482	31.123029	0.294671	0.561912	0.401997	0.289654	-0.151285	-0.032286	True	0.566126	0.389994	0.548647	27.468785	0.998949	7585
7586.png	0.707403	0.895142	0.944670	0.956935	0.932716	0.998835	27.233736	0.999000	27.675360	0.724865	0.663784	0.715875	30.227088	0.527692	2299	4	5	10	10	2.012195	1.250000	164	165	248.551299	3.100027	0.031309	0.003721	-0.021729	-0.000032	0.000110	0.008227	1315.377235	0.724865	0.724865	4	5	-1	10	10	2.012195	1.250000	4	0	164	165	144	1.506372	3.100027	248.551299	0.031309	45976	19.998260	28.506307	256x256	65536	sparse	Learned	284	4	24	2095	30.505717	0.578799	27.212342	0.998890	0.716637	0.465121	7	2	0.000000	29	2252	30.774356	0.633176	0.998678	26.553008	0.457425	0.717766	4061	31.208327	0.672982	0.999365	29.879261	0.366609	0.713095	0.463019	0.198663	-0.278629	-0.051107	True	0.676967	0.484623	0.703682	27.255465	0.998867	7586
7587.png	0.709246	0.901889	0.948414	0.927900	0.969856	0.999229	27.785649	0.999211	27.933990	0.695524	0.681776	0.745553	30.753539	0.561221	2329	4	5	10	9	2.011834	1.250000	169	170	256.409163	3.276598	0.035649	0.000887	0.261873	-0.000022	0.000040	-0.008223	1243.077278	0.695524	0.695524	4	5	-1	10	9	2.011834	1.250000	4	1	169	170	150	1.508289	3.276598	256.409163	0.035649	45448	19.513954	28.139116	256x256	65536	sparse	Learned	289	4	27	2258	31.121782	0.613356	27.577787	0.999171	0.703747	0.575142	5	4	0.000000	34	2256	31.396223	0.657182	0.999136	27.489347	0.456649	0.680588	4113	31.831134	0.696371	0.999589	30.943627	0.419578	0.692895	0.356202	0.106634	-0.368243	-0.052136	True	0.707707	0.527633	0.708358	27.523776	0.999251	7587
7588.png	0.690063	0.896605	0.945484	0.932584	0.958746	0.999382	27.589306	0.999506	28.175580	0.707451	0.672085	0.682219	30.719402	0.552138	2273	4	2	6	10	1.977401	0.500000	177	175	255.036580	2.460668	0.016748	0.003087	-0.343311	-0.000123	0.000001	0.006241	859.574080	0.707451	0.707451	4	2	2	6	10	1.977401	0.500000	4	0	177	175	161	1.457352	2.460668	255.036580	0.016748	45555	20.041795	28.832380	256x256	65536	sparse	Learned	297	4	26	2259	30.975790	0.603965	27.942844	0.999505	0.701210	0.458973	7	0	0.625000	32	2104	31.225377	0.643992	0.999391	27.246513	0.449815	0.720896	4069	31.682543	0.688254	0.999722	30.935788	0.393469	0.685087	0.232736	0.213112	-0.256388	-0.051827	True	0.681776	0.465121	0.686976	27.932617	0.999505	7588
7589.png	0.672101	0.840625	0.913413	0.942537	0.886034	0.998624	27.907240	0.999095	28.560307	0.707908	0.622808	0.779582	31.361598	0.587493	2030	4	11	20	8	2.106061	2.750000	132	139	227.480231	3.412596	0.048927	-0.028376	-0.359416	-0.000202	0.000070	0.023537	1200.607538	0.707908	0.707908	4	11	-7	20	8	2.106061	2.750000	4	1	132	139	104	1.636548	3.412596	227.480231	0.048927	44778	22.058128	32.283744	256x256	65536	sparse	Learned	252	4	26	1970	31.597093	0.624202	28.181436	0.999024	0.684371	0.730180	4	8	0.000000	35	1846	31.872841	0.656972	0.998947	28.038988	0.346527	0.686887	4464	32.505960	0.727427	0.999536	31.488958	0.365796	0.671817	0.378871	-0.107372	-0.235495	-0.036709	True	0.630277	0.491352	0.700477	28.266657	0.998826	7589
7590.png	0.621287	0.923173	0.960052	0.953548	0.966645	0.998923	27.256682	0.998978	27.639605	0.628237	0.660404	0.578791	31.219037	0.591750	2248	4	5	12	10	2.012903	1.250000	155	156	251.936075	3.085327	0.031655	-0.013929	-0.539963	-0.000198	-0.000043	-0.002935	1302.112818	0.628237	0.628237	4	5	-1	12	10	2.012903	1.250000	4	0	155	156	133	1.614975	3.085327	251.936075	0.031655	45078	20.052491	29.153025	256x256	65536	sparse	Learned	275	4	28	2165	31.649928	0.631914	27.798538	0.999021	0.631172	0.539757	5	1	0.375000	39	2200	31.911026	0.674643	0.999056	28.237138	0.398001	0.624551	3977	32.261506	0.705990	0.999474	31.192457	0.282103	0.619952	-0.158933	0.120648	-0.430891	-0.040164	True	0.595053	0.344412	0.635216	27.796645	0.999121	7590
7591.png	0.535342	0.875798	0.933787	0.910133	0.958704	0.998883	27.977728	0.998865	28.425217	0.544633	0.598280	0.501837	30.321989	0.533127	2251	5	8	18	11	2.038217	1.600000	157	160	245.823376	3.455103	0.028744	0.023571	-0.159454	-0.000050	0.000096	0.019125	1408.159971	0.544633	0.544633	5	8	-3	18	11	2.038217	1.600000	5	0	157	160	128	1.536396	3.455103	245.823376	0.028744	45848	20.367837	29.114171	256x256	65536	sparse	Learned	277	5	25	2153	30.701279	0.587792	28.082769	0.998769	0.525507	0.284662	16	5	0.000000	30	2036	30.900323	0.622752	0.998539	27.439463	0.272813	0.517184	4256	31.452646	0.688286	0.999313	30.793934	0.242242	0.512342	0.342449	0.313618	-0.379290	-0.054665	True	0.585217	0.293684	0.511771	28.137182	0.998933	7591
7592.png	0.719557	0.891720	0.942761	0.939597	0.945946	0.998860	27.196374	0.999066	27.760582	0.743344	0.697296	0.879753	31.131063	0.592933	2454	4	2	3	8	1.978495	0.500000	186	184	276.835570	3.197305	0.037039	0.041837	-0.548694	-0.000235	-0.000002	0.060804	1164.734602	0.743344	0.743344	4	2	2	3	8	1.978495	0.500000	4	0	186	184	175	1.504541	3.197305	276.835570	0.037039	45031	18.350041	26.705786	256x256	65536	sparse	Learned	306	4	29	2350	31.613279	0.639739	27.753286	0.999068	0.682540	0.620375	7	11	0.000000	38	2198	31.843604	0.671237	0.998990	27.691996	0.663784	0.689228	3741	32.127915	0.697281	0.999492	30.860452	0.439240	0.676960	0.007295	0.076921	-0.482216	-0.046806	True	0.617107	0.542902	0.677721	27.745067	0.999095	7592
7593.png	0.658554	0.884562	0.938745	0.927114	0.950673	0.999251	27.467470	0.999331	27.764178	0.687724	0.581886	0.554818	30.903845	0.569329	2264	5	3	6	10	1.976048	0.600000	167	165	241.965512	2.732427	0.029803	0.006774	-0.218241	-0.000114	0.000003	0.001936	1033.886671	0.687724	0.687724	5	3	2	6	10	1.976048	0.600000	5	0	167	165	151	1.466458	2.732427	241.965512	0.029803	45366	20.037986	28.946996	256x256	65536	sparse	Learned	287	5	27	2264	31.262105	0.619493	27.718863	0.999328	0.685789	0.364917	10	3	0.000000	35	2174	31.520615	0.658831	0.999263	27.611548	0.477208	0.655082	3946	31.917693	0.694230	0.999641	31.173511	0.354121	0.672357	0.045316	0.216968	-0.358260	-0.050164	True	0.606235	0.336350	0.651780	27.685711	0.999365	7593
7594.png	0.656928	0.859451	0.924414	0.920415	0.928447	0.999270	27.783505	0.999474	28.301817	0.692112	0.615188	0.642087	31.123518	0.572438	2039	4	0	0	8	1.948718	0.000000	156	152	219.722871	2.631948	0.025360	0.026983	-0.249276	-0.000200	0.000006	0.036426	849.208593	0.692112	0.692112	4	0	4	0	8	1.948718	0.000000	4	0	156	152	148	1.445545	2.631948	219.722871	0.025360	45166	22.151054	32.141246	256x256	65536	sparse	Learned	276	4	26	1953	31.403185	0.610704	28.015985	0.999468	0.655686	0.368716	8	0	0.500000	33	1946	31.626937	0.653235	0.999395	27.649001	0.288230	0.611557	4464	32.269023	0.719257	0.999721	31.411904	0.256398	0.654818	0.285833	0.246472	-0.279667	-0.038266	True	0.639405	0.410554	0.629946	28.032781	0.999470	7594
7595.png	0.546875	0.904255	0.949721	0.949313	0.950129	0.999121	27.842536	0.999273	28.166441	0.577536	0.470594	0.473424	31.288525	0.583179	1893	5	0	0	10	1.921260	0.000000	127	122	179.580736	2.983650	0.027900	0.016392	-0.113089	-0.000162	-0.000015	0.024122	1187.010765	0.577536	0.577536	5	0	5	0	10	1.921260	0.000000	5	0	127	122	117	1.471973	2.983650	179.580736	0.027900	44864	23.699947	34.620180	256x256	65536	sparse	Learned	247	5	24	1777	31.480278	0.612064	27.869130	0.999288	0.553414	0.211797	10	0	0.500000	34	1842	31.767819	0.653739	0.999142	27.580089	0.355964	0.564349	4657	32.465615	0.728932	0.999632	31.767407	0.209662	0.561306	0.297312	0.258797	-0.191753	-0.028886	True	0.472708	0.223791	0.530483	27.955626	0.999283	7595
7596.png	0.541905	0.886450	0.939808	0.921627	0.958720	0.998342	28.448693	0.998364	28.761801	0.553889	0.678899	0.438813	31.004578	0.574696	2558	5	8	13	10	2.029557	1.600000	203	206	326.977705	3.192287	0.038165	-0.003847	-0.551521	-0.000280	-0.000093	0.003569	1512.438536	0.553889	0.553889	5	8	-3	13	10	2.029557	1.600000	5	1	203	206	180	1.587270	3.192287	326.977705	0.038165	45162	17.655199	25.620016	256x256	65536	sparse	Learned	323	5	30	2451	31.471394	0.629850	28.969085	0.998457	0.550320	0.324446	18	6	0.000000	39	2500	31.719893	0.678254	0.998450	28.830561	0.196963	0.509255	3675	31.892382	0.688748	0.998877	30.732742	0.144752	0.551230	-0.207284	0.354453	-0.466816	-0.055154	True	0.718606	0.315334	0.545752	29.000214	0.998623	7596
7597.png	0.705013	0.880000	0.936170	0.932730	0.939636	0.998714	28.020081	0.998832	28.681413	0.722783	0.675348	1.043975	31.257771	0.587149	2271	4	7	15	10	2.037500	1.750000	160	163	269.492424	3.449027	0.051878	-0.023102	-0.341617	-0.000133	0.000083	-0.012920	1521.143198	0.722783	0.722783	4	7	-3	15	10	2.037500	1.750000	4	1	160	163	135	1.653328	3.449027	269.492424	0.051878	44922	19.780713	28.857772	256x256	65536	sparse	Learned	280	4	28	2258	31.576282	0.632515	28.339532	0.998749	0.735703	0.800112	4	15	0.000000	38	2248	31.877489	0.676417	0.998672	28.332840	0.416085	0.748194	4022	32.235510	0.706608	0.999395	31.627635	0.401268	0.693023	0.341881	-0.124765	-0.318510	-0.045366	True	0.695779	0.726376	0.728115	28.361698	0.998847	7597
7598.png	0.493709	0.882966	0.937846	0.917520	0.959094	0.998630	29.613261	0.998537	29.669577	0.498248	0.515191	0.411033	31.628994	0.595706	2007	5	3	6	11	1.970370	0.600000	135	133	203.752309	3.672350	0.038471	-0.034035	0.312296	0.000005	0.000067	-0.030508	1509.443998	0.498248	0.498248	5	3	2	6	11	1.970370	0.600000	5	0	135	133	118	1.531972	3.672350	203.752309	0.038471	44671	22.257598	32.653712	256x256	65536	sparse	Learned	255	5	27	1940	31.860865	0.630074	29.309545	0.998470	0.528756	0.201927	18	5	0.000000	37	1756	32.063983	0.659775	0.998349	29.164739	0.160076	0.510514	4576	32.699843	0.736815	0.999045	31.589102	0.131490	0.510995	0.360032	0.313264	-0.231871	-0.034368	True	0.545247	0.224114	0.527744	29.300965	0.998624	7598
7599.png	0.731283	0.893333	0.943662	0.936209	0.951235	0.999052	27.113422	0.999240	27.783708	0.750436	0.752167	0.688074	31.217421	0.599804	2677	4	2	5	9	1.981651	0.500000	218	216	317.906638	2.581625	0.026118	-0.009237	-0.960811	-0.000296	-0.000078	0.014638	958.929300	0.750436	0.750436	4	2	2	5	9	1.981651	0.500000	4	0	218	216	204	1.471790	2.581625	317.906638	0.026118	45000	16.809862	24.481136	256x256	65536	sparse	Learned	338	4	32	2655	31.806877	0.654776	28.078013	0.999318	0.735798	0.703587	5	2	0.000000	41	2572	32.114583	0.698993	0.999264	28.110351	0.525002	0.707709	3458	32.099972	0.691123	0.999537	30.346829	0.498981	0.722043	-0.294305	0.048580	-0.589456	-0.054972	True	0.669781	0.460859	0.740520	28.074233	0.999348	7599
7601.png	0.667188	0.913202	0.954632	0.937567	0.972330	0.998650	29.493430	0.998559	29.575765	0.663951	0.569726	0.787624	31.808234	0.609919	2298	6	2	3	12	1.958115	0.333333	191	187	275.651804	3.131095	0.030254	-0.014538	0.003388	-0.000074	-0.000032	-0.026049	1283.785343	0.663951	0.663951	6	2	4	3	12	1.958115	0.333333	6	0	191	187	176	1.474074	3.131095	275.651804	0.030254	44485	19.358138	28.518712	256x256	65536	sparse	Learned	311	6	31	2277	32.135562	0.652904	29.560956	0.998590	0.690000	0.391600	13	11	0.000000	42	2224	32.364921	0.689578	0.998454	29.382818	0.179940	0.666501	4110	32.729565	0.731058	0.998979	31.371632	0.058144	0.621951	0.014809	0.178126	-0.327328	-0.042985	True	0.574007	0.452102	0.681726	29.490042	0.998724	7601
7602.png	0.479452	0.915918	0.956114	0.945659	0.966802	0.998750	28.394257	0.998737	28.521718	0.493186	0.497420	0.464997	30.660806	0.545038	1998	5	4	8	12	1.984000	0.800000	125	124	194.610173	3.717977	0.039679	-0.009566	0.285524	0.000015	0.000056	-0.011318	1439.995527	0.493186	0.493186	5	4	1	8	12	1.984000	0.800000	5	0	125	124	105	1.569437	3.717977	194.610173	0.039679	45596	22.820821	32.800801	256x256	65536	sparse	Learned	245	5	24	1977	30.868578	0.588489	28.111019	0.998681	0.504505	0.222994	13	2	0.000000	29	1918	31.080547	0.626680	0.998288	27.474554	0.363282	0.483580	4660	31.826401	0.709342	0.999299	31.065611	0.184241	0.495177	0.410699	0.274425	-0.207772	-0.043451	True	0.507372	0.235926	0.489018	28.108733	0.998734	7602
7603.png	0.740543	0.904404	0.949803	0.946073	0.953562	0.999040	27.461729	0.999184	27.734886	0.751215	0.754633	0.932900	30.233814	0.542583	2630	4	9	16	13	2.050505	2.250000	198	203	325.977705	3.065234	0.039144	-0.013619	-0.159291	-0.000140	0.000009	-0.006850	1134.210587	0.751215	0.751215	4	9	-5	16	13	2.050505	2.250000	4	0	198	203	169	1.605802	3.065234	325.977705	0.039144	45932	17.464639	24.918631	256x256	65536	sparse	Learned	318	4	28	2585	30.790520	0.609996	27.598229	0.999175	0.758065	0.528813	8	5	0.000000	32	2526	30.993544	0.654330	0.999023	27.088722	0.532334	0.732518	3448	31.169578	0.657258	0.999399	29.400978	0.526451	0.741337	0.136657	0.225820	-0.556706	-0.067413	True	0.678899	0.633345	0.754163	27.621020	0.999181	7603
7604.png	0.627628	0.907465	0.951488	0.957682	0.945373	0.999005	27.431229	0.999193	27.810293	0.645260	0.607807	0.616924	31.544557	0.608559	2387	5	0	1	11	1.945946	0.000000	185	180	272.078210	2.733794	0.033752	-0.020988	-0.608869	-0.000259	-0.000080	-0.011257	945.090771	0.645260	0.645260	5	0	5	1	11	1.945946	0.000000	5	0	185	180	173	1.511546	2.733794	272.078210	0.033752	44731	18.739422	27.455383	256x256	65536	sparse	Learned	305	5	30	2322	31.895582	0.650415	27.955878	0.999274	0.656516	0.354674	10	2	0.000000	42	2384	32.252915	0.695931	0.999252	28.250977	0.342953	0.632035	3667	32.454089	0.706893	0.999599	31.162532	0.339660	0.650961	-0.145585	0.253132	-0.351025	-0.041856	True	0.620158	0.382590	0.648616	28.040098	0.999264	7604
7605.png	0.602489	0.859956	0.924706	0.916796	0.932753	0.999284	28.704360	0.999327	29.026084	0.612691	0.644774	0.360754	30.856154	0.554906	2007	4	7	13	9	2.039474	1.750000	152	155	244.936075	2.779232	0.043959	-0.040965	0.010098	-0.000092	0.000021	-0.032336	1085.443497	0.612691	0.612691	4	7	-3	13	9	2.039474	1.750000	4	1	152	155	130	1.580233	2.779232	244.936075	0.043959	45255	22.548580	32.653712	256x256	65536	sparse	Learned	272	4	24	1838	31.149212	0.593723	28.649748	0.999305	0.645028	0.384918	10	6	0.000000	33	1918	31.407026	0.638574	0.999249	28.296182	0.146719	0.624913	4693	32.104273	0.719960	0.999639	31.750727	0.073852	0.607683	0.376336	0.259855	-0.293058	-0.038817	True	0.680181	0.245378	0.643454	28.694262	0.999376	7605
7606.png	0.782900	0.908279	0.951935	0.947502	0.956410	0.999414	26.762618	0.999542	27.426377	0.807270	0.653544	0.748399	30.478736	0.543608	2306	4	1	3	9	1.964706	0.250000	170	167	250.421356	2.426527	0.027349	0.027908	-0.990380	-0.000186	-0.000027	0.041116	971.113205	0.807270	0.807270	4	1	3	3	9	1.964706	0.250000	4	0	170	167	158	1.499529	2.426527	250.421356	0.027349	45744	19.836947	28.419775	256x256	65536	sparse	Learned	290	4	26	2284	30.868909	0.599034	27.644077	0.999569	0.766154	0.617107	4	1	0.500000	30	2110	31.007073	0.636663	0.999448	26.735078	0.441699	0.753067	4137	31.498743	0.683333	0.999774	30.345860	0.583555	0.746393	-0.217700	0.036437	-0.390173	-0.055426	True	0.656991	0.491691	0.754992	27.752998	0.999600	7606
7607.png	0.687955	0.857143	0.923077	0.914384	0.931937	0.999361	26.792118	0.999555	27.573177	0.736626	0.561327	0.856632	30.443762	0.552578	2183	5	1	2	10	1.950617	0.200000	162	158	231.137085	2.546187	0.036972	0.017704	-0.602366	-0.000184	-0.000018	0.034744	890.654802	0.736626	0.736626	5	1	4	2	10	1.950617	0.200000	5	0	162	158	150	1.462893	2.546187	231.137085	0.036972	45532	20.857536	30.021072	256x256	65536	sparse	Learned	282	5	26	2161	31.047702	0.606150	27.557941	0.999573	0.701881	0.440102	8	3	0.000000	31	2152	31.226738	0.646895	0.999440	26.607475	0.423874	0.676536	4256	31.784934	0.698380	0.999776	30.919024	0.307289	0.698540	0.015237	0.121225	-0.603940	-0.053572	True	0.570013	0.488291	0.670251	27.394484	0.999545	7607
7608.png	0.642365	0.912849	0.954439	0.953198	0.955683	0.998299	27.734769	0.998589	28.266391	0.669500	0.750925	0.545555	30.704070	0.559657	2614	4	4	10	10	2.000000	1.000000	203	203	325.220346	2.972963	0.036448	-0.018661	-0.563168	-0.000326	-0.000043	-0.000403	1305.101871	0.669500	0.669500	4	4	0	10	10	2.000000	1.000000	4	1	203	203	183	1.602071	2.972963	325.220346	0.036448	45544	17.423106	25.071155	256x256	65536	sparse	Learned	323	4	29	2537	31.156916	0.621930	28.267023	0.998632	0.669903	0.447517	12	8	0.000000	35	2422	31.357028	0.663866	0.998434	27.735621	0.399504	0.644737	3683	31.582210	0.675749	0.999073	30.418304	0.316139	0.662824	-0.000631	0.303407	-0.452846	-0.062273	True	0.766600	0.418222	0.661025	28.297937	0.998625	7608
7609.png	0.686840	0.909664	0.952695	0.974494	0.931851	0.998999	27.196657	0.999370	27.921540	0.727811	0.637598	0.488370	31.255055	0.586861	2147	4	2	5	10	1.973856	0.500000	153	151	235.793939	2.851828	0.045848	-0.014751	-0.546925	-0.000299	0.000002	0.022569	1058.326244	0.727811	0.727811	4	2	2	5	10	1.973856	0.500000	4	0	153	151	138	1.561549	2.851828	235.793939	0.045848	45039	20.977643	30.524453	256x256	65536	sparse	Learned	273	4	27	2064	31.519062	0.623701	27.714449	0.999368	0.705242	0.370118	9	3	0.000000	36	1932	31.746165	0.659850	0.999290	27.488556	0.441699	0.697073	4338	32.323107	0.717508	0.999660	30.995841	0.249238	0.700549	0.207091	0.267480	-0.264007	-0.036840	True	0.653544	0.319171	0.701592	27.743582	0.999298	7609
7610.png	0.735711	0.903019	0.949038	0.947217	0.950867	0.998397	27.387123	0.998496	27.701820	0.758669	0.646545	0.952032	30.225983	0.536286	2673	5	9	16	11	2.042105	1.800000	190	194	302.007143	3.424079	0.049920	-0.023266	-0.250940	-0.000185	-0.000028	-0.007863	1764.941216	0.758669	0.758669	5	9	-4	16	11	2.042105	1.800000	5	1	190	194	163	1.556738	3.424079	302.007143	0.049920	46046	17.226337	24.517770	256x256	65536	sparse	Learned	310	5	27	2522	30.637188	0.601498	27.660429	0.998524	0.766532	0.601481	8	11	0.000000	31	2618	30.895198	0.655599	0.998278	27.077059	0.516482	0.756976	3481	30.980893	0.649147	0.998883	28.801915	0.622808	0.756250	0.041391	0.045064	-0.411205	-0.065212	True	0.680181	0.647554	0.758977	27.638063	0.998582	7610
7611.png	0.696386	0.866983	0.928753	0.914214	0.943762	0.999229	27.917490	0.999319	28.390780	0.712067	0.734197	0.481694	30.199573	0.525950	2397	4	9	16	10	2.053476	2.250000	187	192	307.320851	2.784901	0.055227	0.003944	0.052676	-0.000077	0.000066	0.014246	1039.539814	0.712067	0.712067	4	9	-5	16	10	2.053476	2.250000	4	1	187	192	161	1.600629	2.784901	307.320851	0.055227	45954	19.171464	27.340843	256x256	65536	sparse	Learned	307	4	26	2327	30.588045	0.588939	27.858214	0.999254	0.697821	0.358929	13	5	0.000000	30	2156	30.776763	0.628064	0.999093	27.092360	0.360899	0.678449	3891	31.173623	0.665851	0.999554	30.180518	0.189170	0.691309	0.532566	0.375268	-0.388472	-0.062988	True	0.763072	0.367568	0.692442	27.864813	0.999306	7611
7612.png	0.753007	0.868567	0.929661	0.936007	0.923401	0.999208	26.119406	0.999535	27.341937	0.803824	0.568289	0.834590	30.534666	0.555472	2231	5	3	7	12	1.974522	0.600000	157	155	239.480231	2.514445	0.028931	0.048043	-0.950880	-0.000288	-0.000002	0.079636	952.320814	0.803824	0.803824	5	3	2	7	12	1.974522	0.600000	5	0	157	155	138	1.545034	2.514445	239.480231	0.028931	45579	20.429852	29.375168	256x256	65536	sparse	Learned	277	5	26	2180	31.036060	0.607172	27.156578	0.999537	0.724188	0.463590	7	3	0.000000	31	2168	31.243848	0.648831	0.999474	26.846337	0.486094	0.720546	4256	31.777312	0.698111	0.999776	30.754482	0.448744	0.711303	0.185359	0.104699	-0.501394	-0.051700	True	0.576838	0.481423	0.704965	27.070286	0.999496	7612
7613.png	0.704918	0.887679	0.940498	0.933695	0.947401	0.999120	27.142075	0.999294	27.675800	0.722380	0.660404	0.742696	30.418228	0.549056	2574	5	5	12	11	2.000000	1.000000	198	198	307.078210	2.815006	0.039311	-0.023325	-0.401915	-0.000201	0.000007	0.001914	1077.875137	0.722380	0.722380	5	5	0	12	11	2.000000	1.000000	5	1	198	198	175	1.550900	2.815006	307.078210	0.039311	45741	17.770396	25.460761	256x256	65536	sparse	Learned	318	5	27	2366	30.920000	0.607141	27.523074	0.999286	0.720466	0.397098	10	4	0.000000	34	2514	31.192416	0.662146	0.999212	27.333258	0.593430	0.694661	3583	31.359921	0.663906	0.999545	29.704125	0.422409	0.703642	0.152726	0.263307	-0.501772	-0.058085	True	0.660404	0.490480	0.728243	27.543990	0.999321	7613
7614.png	0.596452	0.881210	0.936854	0.945904	0.927976	0.999217	27.143106	0.999405	27.501562	0.626047	0.491691	0.611237	31.180418	0.587050	2359	5	0	0	10	1.937500	0.000000	160	155	225.722871	2.573468	0.027274	-0.010415	-0.637788	-0.000215	-0.000044	0.000241	852.726698	0.626047	0.626047	5	0	5	0	10	1.937500	0.000000	6	0	160	155	150	1.456277	2.573468	225.722871	0.027274	45088	19.113184	27.781263	256x256	65536	sparse	Learned	282	6	29	2358	31.563584	0.635394	27.716450	0.999449	0.625806	0.344594	8	1	0.333333	40	2348	31.919595	0.679954	0.999408	27.974369	0.436893	0.621352	3735	32.110719	0.694647	0.999714	31.176420	0.223791	0.619014	-0.214888	0.147098	-0.383166	-0.048344	True	0.519695	0.317657	0.606868	27.780894	0.999432	7614
7616.png	0.682014	0.891794	0.942802	0.938121	0.947531	0.999065	28.098799	0.999242	28.413367	0.711063	0.613259	0.730327	31.363516	0.595629	2113	4	5	8	9	2.013793	1.250000	145	146	226.936075	3.045053	0.034543	0.014087	-0.210374	-0.000147	-0.000006	0.024316	1245.876074	0.711063	0.711063	4	5	-1	8	9	2.013793	1.250000	4	0	145	146	128	1.554357	3.045053	226.936075	0.034543	44702	21.155703	31.015618	256x256	65536	sparse	Learned	265	4	27	2026	31.832705	0.635779	28.284482	0.999248	0.686747	0.433846	9	4	0.000000	38	2088	32.096209	0.675573	0.999141	27.936292	0.593430	0.665576	4360	32.598303	0.728737	0.999621	31.639791	0.263881	0.667095	0.128885	0.179413	-0.469189	-0.040150	True	0.611320	0.446464	0.667927	28.309174	0.999212	7616
7617.png	0.831389	0.925498	0.961308	0.949408	0.973510	0.999555	27.186054	0.999584	27.480082	0.867663	0.445673	1.262052	30.265049	0.517960	1721	4	0	0	8	1.920000	0.000000	100	96	135.953319	3.086841	0.033351	0.037585	0.713529	0.000038	0.000108	0.053349	1111.670971	0.867663	0.867663	4	0	4	0	8	1.920000	0.000000	4	0	100	96	92	1.416180	3.086841	135.953319	0.033351	45997	26.726903	38.080186	256x256	65536	sparse	Learned	220	4	20	1637	30.330115	0.548155	26.482347	0.999475	0.814313	0.457735	5	5	0.000000	25	1584	30.568698	0.594510	0.999405	25.918978	0.321975	0.807544	5194	31.627521	0.714942	0.999815	31.069977	0.589344	0.821323	0.997735	-0.012062	-0.065066	-0.030195	True	0.462056	0.583138	0.793804	26.472526	0.999516	7617
7619.png	0.631464	0.888573	0.941000	0.936425	0.945619	0.999082	27.103796	0.999309	27.821282	0.649341	0.601481	0.417418	31.378172	0.595811	2127	4	1	3	9	1.956835	0.250000	139	136	209.166522	3.179037	0.032592	0.003819	-0.967295	-0.000286	-0.000049	0.023991	1033.617973	0.649341	0.649341	4	1	3	3	9	1.956835	0.250000	4	0	139	136	127	1.537989	3.179037	209.166522	0.032592	44901	21.110014	30.811472	256x256	65536	sparse	Learned	259	4	27	2080	31.679185	0.633226	28.160006	0.999357	0.625350	0.221798	13	1	0.000000	38	2018	31.994188	0.670969	0.999321	28.181906	0.328189	0.592281	4184	32.433825	0.717893	0.999636	31.042890	0.207450	0.638966	-0.338724	0.379683	-0.301013	-0.037415	True	0.620917	0.259182	0.627645	28.071090	0.999368	7619
7620.png	0.653526	0.839207	0.912575	0.929268	0.896471	0.998970	28.111997	0.999180	28.455793	0.699476	0.572585	0.537341	31.260636	0.592152	2416	6	5	9	13	1.989305	0.833333	187	186	293.320851	2.856276	0.038084	-0.010064	-0.602114	-0.000262	-0.000097	0.008557	972.025871	0.699476	0.699476	6	5	1	9	13	1.989305	0.833333	6	0	187	186	165	1.576994	2.856276	293.320851	0.038084	44953	18.606374	27.125828	256x256	65536	sparse	Learned	307	6	30	2398	31.717476	0.643542	28.683420	0.999277	0.690919	0.322943	14	1	0.000000	39	2296	31.953196	0.679950	0.999232	28.448281	0.374429	0.667202	3616	32.129784	0.695516	0.999521	30.883051	0.288230	0.664226	-0.227627	0.249642	-0.456840	-0.051390	True	0.677612	0.364108	0.663590	28.714111	0.999232	7620
7621.png	0.638739	0.908748	0.952193	0.948819	0.955591	0.999249	26.972160	0.999337	27.302792	0.653282	0.611320	0.363842	30.165486	0.521373	2115	4	4	8	9	2.000000	1.000000	138	138	217.722871	2.887153	0.032265	-0.010048	-0.196492	-0.000109	0.000015	-0.011907	1158.350468	0.653282	0.653282	4	4	0	8	9	2.000000	1.000000	4	0	138	138	121	1.577702	2.887153	217.722871	0.032265	46110	21.801418	30.986288	256x256	65536	sparse	Learned	258	4	23	2029	30.401810	0.570113	27.147419	0.999322	0.665188	0.304856	11	2	0.000000	28	2068	30.672517	0.617796	0.999163	26.389679	0.335612	0.627206	4349	31.256768	0.680962	0.999558	29.883295	0.212446	0.645849	0.155373	0.306464	-0.236324	-0.048741	True	0.617107	0.224530	0.648788	27.168652	0.999358	7621
7622.png	0.749831	0.891008	0.942363	0.950581	0.934286	0.998895	27.739239	0.999057	28.175332	0.805634	0.619017	0.708570	30.307087	0.528450	2023	4	3	6	8	1.985507	0.750000	138	137	213.267027	3.205503	0.037615	0.003379	0.175089	-0.000031	0.000095	0.046290	1242.588043	0.805634	0.805634	4	3	1	6	8	1.985507	0.750000	4	1	138	137	124	1.556694	3.205503	213.267027	0.037615	45905	22.691547	32.395452	256x256	65536	sparse	Learned	258	4	23	1977	30.536260	0.575014	27.507553	0.998962	0.759344	0.490480	7	4	0.000000	28	1852	30.759319	0.611765	0.998575	26.670425	0.532334	0.765522	4626	31.535772	0.700548	0.999537	31.138453	0.317846	0.747238	0.667778	0.128537	-0.229173	-0.046564	True	0.667129	0.472708	0.746452	27.564150	0.998926	7622
7623.png	0.797844	0.913547	0.954821	0.950835	0.958840	0.999418	26.611720	0.999538	27.138486	0.819005	0.559568	0.980881	31.406571	0.598549	2188	5	2	4	11	1.961290	0.400000	155	152	236.379726	2.362856	0.026846	-0.014231	-0.968820	-0.000181	-0.000061	0.005445	847.983837	0.819005	0.819005	5	2	3	4	11	1.961290	0.400000	5	0	155	152	140	1.555130	2.362856	236.379726	0.026846	44908	20.524680	29.952468	256x256	65536	sparse	Learned	275	5	28	2187	31.753246	0.638589	27.530381	0.999599	0.813559	0.545247	5	2	0.000000	41	2152	32.112000	0.679237	0.999574	27.785092	0.545247	0.803390	4190	32.464175	0.719021	0.999801	31.141265	0.564822	0.797963	-0.391896	0.014322	-0.346676	-0.040041	True	0.559568	0.548870	0.812075	27.580541	0.999599	7623
7624.png	0.505278	0.869716	0.930319	0.948602	0.912727	0.998917	27.907880	0.999225	28.445162	0.544782	0.501424	0.505237	30.738222	0.552380	1973	4	0	0	8	1.944056	0.000000	143	139	204.562657	3.191430	0.026372	0.005938	-0.152308	-0.000070	0.000092	0.020383	1187.057257	0.544782	0.544782	4	0	4	0	8	1.944056	0.000000	5	0	143	139	135	1.471674	3.191430	204.562657	0.026372	45465	23.043588	33.216422	256x256	65536	sparse	Learned	263	5	24	1968	30.987244	0.593864	28.047893	0.999133	0.524399	0.242703	10	0	0.500000	31	1914	31.250927	0.631933	0.999019	27.514102	0.230660	0.496146	4855	32.065762	0.722911	0.999598	31.445381	0.174221	0.539617	0.397269	0.258721	-0.249022	-0.041485	True	0.537912	0.271773	0.499339	28.060188	0.998987	7624
7625.png	0.658805	0.894654	0.944398	0.937397	0.951505	0.998826	28.508320	0.998870	28.617420	0.673833	0.620158	0.574505	30.538953	0.543381	2307	5	6	13	13	2.011765	1.200000	170	171	282.663997	3.155456	0.052134	0.000206	-0.073447	-0.000089	-0.000018	0.006482	1135.661602	0.673833	0.673833	5	6	-1	13	13	2.011765	1.200000	5	0	170	171	144	1.653006	3.155456	282.663997	0.052134	45622	19.775466	28.407456	256x256	65536	sparse	Learned	290	5	26	2245	30.886442	0.598196	28.551490	0.998888	0.667351	0.346984	13	9	0.000000	30	2086	31.050100	0.633789	0.998635	27.810567	0.128268	0.639900	4027	31.512478	0.682399	0.999292	30.535556	0.107367	0.628091	0.065930	0.273174	-0.347490	-0.054815	True	0.661760	0.380184	0.658599	28.581767	0.998915	7625
7626.png	0.666403	0.871350	0.931253	0.952545	0.910891	0.999209	26.368359	0.999480	26.997757	0.743003	0.545247	0.641305	30.528952	0.550524	2135	5	0	0	10	1.934211	0.000000	152	147	212.610173	2.666512	0.018433	-0.000019	-1.000656	-0.000254	-0.000051	0.017925	980.137348	0.743003	0.743003	5	0	5	0	10	1.934211	0.000000	5	0	152	147	142	1.446328	2.666512	212.610173	0.018433	45616	21.365808	30.696019	256x256	65536	sparse	Learned	272	5	25	2064	30.969654	0.597457	27.328387	0.999532	0.725078	0.408867	7	1	0.300000	29	1918	31.103112	0.630833	0.999387	26.436524	0.441965	0.705655	4295	31.726482	0.696858	0.999778	30.925536	0.408445	0.719844	-0.330630	0.136380	-0.440702	-0.046933	True	0.570013	0.365552	0.666422	27.369015	0.999463	7626
7627.png	0.850643	0.910506	0.953157	0.959016	0.947368	0.999354	26.177555	0.999607	27.293270	0.883485	0.503415	1.013079	30.796116	0.557636	1866	4	0	0	8	1.931034	0.000000	116	112	156.710678	3.015033	0.020095	0.063056	-0.595776	-0.000202	0.000025	0.109489	932.384491	0.883485	0.883485	4	0	4	0	8	1.931034	0.000000	4	0	116	112	108	1.399202	3.015033	156.710678	0.020095	45429	24.345659	35.121115	256x256	65536	sparse	Learned	236	4	23	1789	31.031274	0.592297	26.788320	0.999582	0.773997	0.543880	4	4	0.000000	31	1700	31.288859	0.629034	0.999550	26.596748	0.510808	0.788393	4865	32.104065	0.721196	0.999859	31.593737	0.374998	0.770667	0.504950	-0.040466	-0.235158	-0.034661	True	0.532334	0.539296	0.787587	26.773331	0.999556	7627
7628.png	0.622680	0.866397	0.928416	0.919441	0.937568	0.999446	27.812695	0.999554	28.198163	0.667016	0.464203	0.600244	31.528044	0.595474	1892	4	0	0	8	1.934426	0.000000	122	118	175.166522	2.547523	0.029254	0.002854	-0.291552	-0.000088	-0.000007	0.010735	822.187185	0.667016	0.667016	4	0	4	0	8	1.934426	0.000000	5	0	122	118	114	1.484462	2.547523	175.166522	0.029254	44661	23.605180	34.638478	256x256	65536	sparse	Learned	244	5	26	1864	31.803463	0.628051	28.195755	0.999562	0.656280	0.250905	9	0	0.600000	36	1726	32.067806	0.661115	0.999521	27.993383	0.246960	0.687977	4988	32.901844	0.747781	0.999812	32.410877	0.303591	0.670213	0.002408	0.213298	-0.275418	-0.032577	True	0.483149	0.290007	0.619827	28.104247	0.999534	7628
7629.png	0.699898	0.903674	0.949400	0.931423	0.968085	0.999539	27.382223	0.999602	27.896658	0.716583	0.513248	0.754750	31.368318	0.589497	1975	5	2	4	11	1.954887	0.400000	133	130	202.681241	2.416125	0.035643	0.031948	-0.100218	-0.000063	0.000013	0.030869	914.563656	0.716583	0.716583	5	2	3	4	11	1.954887	0.400000	5	0	133	130	118	1.559086	2.416125	202.681241	0.035643	44875	22.721519	33.182785	256x256	65536	sparse	Learned	253	5	26	1959	31.582005	0.621852	27.518649	0.999589	0.685714	0.387374	6	0	0.900000	35	1822	31.867243	0.657382	0.999543	27.467296	0.352273	0.678977	4845	32.642365	0.741209	0.999806	31.404343	0.372313	0.700855	0.378009	0.125874	-0.213687	-0.032356	True	0.513248	0.387374	0.667950	27.482442	0.999602	7629
7630.png	0.729342	0.890000	0.941799	0.934383	0.949333	0.999323	27.813493	0.999406	28.144424	0.748943	0.587286	0.694241	31.679548	0.605870	1986	4	2	5	10	1.971223	0.500000	139	137	205.237590	2.852310	0.043701	0.016981	-0.344961	-0.000136	-0.000028	0.026414	911.643267	0.748943	0.748943	4	2	2	5	10	1.971223	0.500000	4	0	139	137	124	1.498085	2.852310	205.237590	0.043701	44569	22.441591	32.998993	256x256	65536	sparse	Learned	259	4	27	1978	31.919066	0.639898	28.073168	0.999434	0.722530	0.426884	6	0	0.750000	38	1894	32.173348	0.673887	0.999361	27.806111	0.395200	0.729921	4644	32.854316	0.740523	0.999733	31.783942	0.283836	0.698234	0.071256	0.160402	-0.239518	-0.034028	True	0.503415	0.349491	0.712361	28.158455	0.999460	7630
7631.png	0.675676	0.889430	0.941480	0.927484	0.955904	0.999309	27.749266	0.999399	28.066125	0.698204	0.656991	0.775636	30.650055	0.554069	2244	4	6	12	11	2.024096	1.500000	166	168	253.279221	2.891647	0.024921	0.034278	-0.055934	-0.000108	0.000017	0.035261	1189.123392	0.698204	0.698204	4	6	-2	12	11	2.024096	1.500000	4	0	166	168	143	1.507614	2.891647	253.279221	0.024921	45445	20.251783	29.204991	256x256	65536	sparse	Learned	286	4	26	2139	31.071535	0.605161	27.788321	0.999382	0.662943	0.446464	7	3	0.000000	31	2134	31.298224	0.645549	0.999290	27.355162	0.524474	0.665567	4175	31.785774	0.696832	0.999676	31.200719	0.432208	0.678665	0.277803	0.210527	-0.421480	-0.051092	True	0.672085	0.521293	0.641397	27.805200	0.999417	7631
7632.png	0.539511	0.918934	0.957755	0.945741	0.970078	0.998735	28.619786	0.998775	29.005009	0.536013	0.655272	0.339745	31.567335	0.599902	2172	4	7	15	10	2.039735	1.750000	151	154	257.835570	3.325396	0.048735	0.004667	-0.089319	-0.000006	0.000077	0.013890	1423.609734	0.536013	0.536013	4	7	-3	15	10	2.039735	1.750000	4	1	151	154	126	1.674257	3.325396	257.835570	0.048735	44633	20.549263	30.173112	256x256	65536	sparse	Learned	271	4	28	2172	31.840374	0.638858	28.807795	0.998699	0.522124	0.277801	11	3	0.000000	40	2086	32.202161	0.678303	0.998655	28.933007	0.313647	0.517758	4280	32.636760	0.727636	0.999270	31.743815	0.194558	0.515252	0.197214	0.377471	-0.273039	-0.038956	True	0.658702	0.223791	0.534844	28.709105	0.998741	7632
7633.png	0.583973	0.886809	0.940009	0.912434	0.969302	0.999445	27.525150	0.999552	28.090506	0.609532	0.601481	0.647778	30.533552	0.547722	2022	4	0	1	9	1.942446	0.000000	139	135	213.965512	2.621672	0.041354	-0.001569	0.183060	-0.000059	0.000080	0.002445	875.121355	0.609532	0.609532	4	0	4	1	9	1.942446	0.000000	4	0	139	135	129	1.584930	2.621672	213.965512	0.041354	45636	22.569733	32.411474	256x256	65536	sparse	Learned	259	4	23	1918	30.783971	0.587126	27.385092	0.999472	0.607087	0.349491	8	1	0.000000	30	1958	31.126207	0.631700	0.999383	26.755832	0.518091	0.586561	4649	31.867425	0.709585	0.999726	30.999681	0.254488	0.594899	0.705415	0.251990	-0.250419	-0.039404	True	0.607414	0.393469	0.585542	27.342090	0.999504	7633
7634.png	0.634852	0.891483	0.942628	0.950235	0.935142	0.999006	28.466580	0.999148	28.759322	0.670476	0.663784	0.539561	31.005954	0.564002	2141	4	7	15	12	2.038217	1.750000	157	160	265.320851	2.964573	0.034440	-0.029983	0.008877	-0.000048	0.000064	-0.017844	1201.689243	0.670476	0.670476	4	7	-3	15	12	2.038217	1.750000	4	0	157	160	130	1.658255	2.964573	265.320851	0.034440	45270	21.144325	30.609995	256x256	65536	sparse	Learned	277	4	26	2113	31.155355	0.607749	28.407206	0.999085	0.688320	0.425928	8	8	0.000000	33	2010	31.496650	0.646936	0.998956	27.967525	0.240850	0.653176	4304	32.031855	0.708333	0.999498	31.001206	0.088877	0.667065	0.352115	0.237856	-0.149401	-0.043748	True	0.683363	0.368716	0.664835	28.457703	0.999054	7634
7635.png	0.723724	0.922471	0.959672	0.957862	0.961490	0.998829	27.676607	0.998965	27.997092	0.748328	0.651808	0.717902	30.368002	0.533297	2313	4	6	10	6	2.023810	1.500000	168	170	238.722871	3.312093	0.032594	-0.003444	-0.327209	-0.000149	0.000002	0.013682	1283.438683	0.748328	0.748328	4	6	-2	10	6	2.023810	1.500000	4	2	168	170	152	1.404252	3.312093	238.722871	0.032594	45839	19.817985	28.333766	256x256	65536	sparse	Learned	288	4	25	2164	30.704680	0.587203	27.956401	0.998962	0.734647	0.672412	5	11	0.000000	29	2126	30.905667	0.629611	0.998622	26.958695	0.202054	0.707192	4145	31.412611	0.681439	0.999435	30.580209	0.236884	0.702532	0.040691	-0.020605	-0.336678	-0.053905	True	0.653544	0.469181	0.727168	28.003816	0.998979	7635
7636.png	0.637199	0.877037	0.934491	0.931550	0.937451	0.999235	28.351752	0.999391	28.707433	0.667624	0.655272	0.775184	31.187857	0.578158	2010	4	6	15	13	2.029630	1.500000	135	137	255.906638	2.591175	0.065821	-0.012478	0.205516	-0.000125	0.000029	-0.005816	963.147163	0.667624	0.667624	4	6	-2	15	13	2.029630	1.500000	4	0	135	137	107	1.867932	2.591175	255.906638	0.065821	45075	22.425373	32.604975	256x256	65536	sparse	Learned	255	4	26	2001	31.484705	0.618114	28.170105	0.999362	0.673440	0.481423	6	2	0.000000	33	1854	31.676482	0.650921	0.999267	27.811430	0.382762	0.629292	4712	32.436110	0.731490	0.999674	31.668950	0.338558	0.656477	0.537328	0.173849	-0.296848	-0.039955	True	0.662098	0.513248	0.649677	28.146236	0.999360	7636
7637.png	0.458215	0.897306	0.945874	0.943920	0.947836	0.998369	28.343858	0.998516	28.607691	0.477312	0.541594	0.449767	31.014594	0.567224	2191	5	0	1	9	1.937500	0.000000	160	155	214.580736	3.580039	0.022074	-0.018588	-0.061861	-0.000129	0.000049	-0.017609	1405.536175	0.477312	0.477312	5	0	5	1	9	1.937500	0.000000	5	0	160	155	150	1.384392	3.580039	214.580736	0.022074	45305	20.677773	29.911456	256x256	65536	sparse	Learned	280	5	26	2110	31.208332	0.608101	28.377137	0.998467	0.494921	0.275170	11	3	0.000000	33	2036	31.531020	0.649772	0.998319	28.117646	0.257834	0.469723	3899	31.890649	0.692117	0.999129	30.912493	0.144807	0.485003	0.230554	0.266424	-0.193738	-0.040877	True	0.585217	0.263212	0.476803	28.405719	0.998498	7637
7638.png	0.672192	0.900249	0.947507	0.956925	0.938272	0.999139	27.397614	0.999340	28.032090	0.692211	0.586873	0.674039	30.047333	0.520568	2301	5	1	1	9	1.955556	0.200000	180	176	252.622366	2.950708	0.031669	0.005911	-0.232677	-0.000172	0.000021	0.035634	878.455162	0.692211	0.692211	5	1	4	1	9	1.955556	0.200000	5	1	180	176	170	1.435354	2.950708	252.622366	0.031669	46015	19.997827	28.481530	256x256	65536	sparse	Learned	300	5	25	2294	30.455592	0.583326	27.654430	0.999319	0.656577	0.344147	11	3	0.000000	28	2226	30.692921	0.626246	0.999191	27.102386	0.322943	0.621622	4094	31.159561	0.673009	0.999562	29.953411	0.177679	0.649914	0.377660	0.242726	-0.408260	-0.062757	True	0.609372	0.410741	0.666280	27.630292	0.999311	7638
7639.png	0.709390	0.936456	0.967186	0.956419	0.978198	0.998111	28.461437	0.998134	28.665022	0.722641	0.698806	1.056724	31.147071	0.592168	2543	4	1	3	9	1.968085	0.250000	188	185	280.078210	3.765124	0.029907	-0.009092	-0.366102	-0.000153	-0.000084	-0.007254	1606.984615	0.722641	0.722641	4	1	3	3	9	1.968085	0.250000	4	0	188	185	176	1.513936	3.765124	280.078210	0.029907	44890	17.652379	25.771136	256x256	65536	sparse	Learned	308	4	31	2528	31.731356	0.646339	28.852375	0.998218	0.729894	0.776870	6	21	0.000000	41	2330	31.990271	0.681723	0.998051	28.638707	0.365099	0.717868	3618	32.098561	0.696101	0.998871	30.886221	0.293236	0.696921	-0.187353	-0.078064	-0.584286	-0.054170	True	0.710616	0.750925	0.718482	28.827539	0.998264	7639
7640.png	0.676179	0.863527	0.926766	0.890411	0.966216	0.999650	27.222610	0.999643	27.194813	0.709794	0.477954	0.623901	31.279269	0.577947	1710	4	1	3	9	1.938776	0.250000	98	95	150.610173	2.546232	0.043912	-0.030654	0.589280	-0.000017	0.000029	-0.032024	952.591181	0.709794	0.709794	4	1	3	3	9	1.938776	0.250000	4	0	98	95	86	1.585370	2.546232	150.610173	0.043912	45086	26.366082	38.325146	256x256	65536	sparse	Learned	218	4	23	1709	31.379555	0.603936	26.549170	0.999614	0.741818	0.325196	6	1	0.250000	32	1590	31.612425	0.636605	0.999635	26.924122	0.383687	0.686061	5494	32.749652	0.750651	0.999878	32.551584	0.421895	0.695388	0.645643	0.152758	-0.100286	-0.025989	True	0.488291	0.304645	0.706832	26.633330	0.999667	7640
7641.png	0.680356	0.871711	0.931459	0.918863	0.944405	0.999084	27.405843	0.999239	27.999824	0.671582	0.583555	0.592804	30.952543	0.570284	2107	5	9	16	10	2.054054	1.800000	148	152	242.823376	2.921912	0.056203	0.023764	-0.475262	-0.000196	-0.000004	0.033111	1064.673901	0.671582	0.671582	5	9	-4	16	10	2.054054	1.800000	5	1	148	152	122	1.597522	2.921912	242.823376	0.056203	45261	21.481253	31.103939	256x256	65536	sparse	Learned	268	5	25	1950	31.293550	0.607544	27.957980	0.999243	0.638471	0.326320	8	0	0.200000	33	1864	31.504068	0.646876	0.999163	27.545985	0.350420	0.639221	4232	32.062422	0.706350	0.999594	31.148519	0.257327	0.631412	0.041844	0.257235	-0.341007	-0.037261	True	0.578527	0.342953	0.656592	27.881105	0.999280	7641
7642.png	0.738698	0.915741	0.956017	0.938330	0.974384	0.999490	27.569506	0.999527	27.917412	0.745552	0.527633	0.923622	30.154517	0.516987	1835	4	3	7	8	1.982301	0.750000	113	112	160.882251	2.915201	0.024387	0.006507	0.216551	-0.000015	0.000055	0.018679	1089.625597	0.745552	0.745552	4	3	1	7	8	1.982301	0.750000	4	0	113	112	98	1.436449	2.915201	160.882251	0.024387	46029	25.083924	35.714441	256x256	65536	sparse	Learned	233	4	21	1831	30.266391	0.555476	27.364337	0.999472	0.726872	0.470947	6	5	0.000000	27	1784	30.637984	0.602591	0.999391	26.800083	0.316139	0.704287	5121	31.598836	0.714221	0.999750	30.997317	0.351263	0.716768	0.553075	0.056686	-0.111874	-0.038489	True	0.566126	0.522886	0.732191	27.352955	0.999505	7642
7643.png	0.671875	0.884984	0.938983	0.922309	0.956272	0.999601	27.376634	0.999648	27.801076	0.694352	0.559568	0.623652	30.309512	0.521372	1842	4	1	3	9	1.954887	0.250000	133	130	187.923882	2.300163	0.020757	0.026849	-0.077312	-0.000036	0.000026	0.031489	889.874697	0.694352	0.694352	4	1	3	3	9	1.954887	0.250000	4	0	133	130	121	1.445568	2.300163	187.923882	0.020757	45951	24.946254	35.578719	256x256	65536	sparse	Learned	253	4	21	1722	30.434272	0.557189	27.554024	0.999622	0.662863	0.428791	5	0	0.875000	26	1644	30.694513	0.597401	0.999524	26.655911	0.490844	0.651546	5081	31.656548	0.714434	0.999817	31.002588	0.346697	0.684703	0.247052	0.130777	-0.124760	-0.035817	True	0.581048	0.362372	0.645026	27.453946	0.999637	7643
7644.png	0.606109	0.921667	0.959237	0.960625	0.957852	0.998669	27.798556	0.998826	28.094693	0.616424	0.641204	0.571447	30.205568	0.526310	2258	4	5	9	9	2.013072	1.250000	153	154	235.936075	3.578438	0.050872	-0.037674	0.100649	-0.000052	0.000111	-0.034474	1479.422331	0.616424	0.616424	4	5	-1	9	9	2.013072	1.250000	4	0	153	154	135	1.532052	3.578438	235.936075	0.050872	45945	20.347653	29.023915	256x256	65536	sparse	Learned	273	4	24	2096	30.526980	0.577582	27.660074	0.998714	0.650897	0.425667	11	7	0.000000	31	2212	30.814298	0.630034	0.998567	27.349692	0.362951	0.605307	4103	31.238756	0.673157	0.999285	30.436243	0.263881	0.632664	0.434619	0.215537	-0.321412	-0.051272	True	0.662098	0.378354	0.643784	27.697907	0.998721	7644
7645.png	0.797980	0.904828	0.950036	0.947977	0.952104	0.999261	26.293051	0.999430	26.991455	0.810555	0.686514	0.980581	30.737009	0.571058	2404	4	6	13	9	2.024096	1.500000	166	168	265.622366	2.850536	0.053163	0.018362	-0.645165	-0.000196	-0.000027	0.036157	1008.253336	0.810555	0.810555	4	6	-2	13	9	2.024096	1.500000	4	1	166	168	144	1.581086	2.850536	265.622366	0.053163	45554	18.949251	27.261231	256x256	65536	sparse	Learned	286	4	28	2367	31.247343	0.622590	26.962405	0.999457	0.774398	0.627679	5	4	0.000000	36	2352	31.535681	0.667421	0.999427	27.105634	0.667129	0.771300	3939	31.841217	0.689549	0.999763	30.931841	0.586597	0.764557	0.029051	0.058834	-0.510333	-0.051531	True	0.703290	0.689633	0.779618	26.938216	0.999457	7645
7646.png	0.721636	0.880469	0.936436	0.914714	0.959214	0.998964	27.684831	0.999066	28.217528	0.743536	0.834701	0.684568	30.479951	0.558644	2963	4	19	33	9	2.122951	4.750000	244	259	426.717821	2.881696	0.052846	-0.014697	-0.312817	-0.000170	0.000010	-0.000688	1286.963940	0.743536	0.743536	4	19	-15	33	9	2.122951	4.750000	4	4	244	259	202	1.647559	2.881696	426.717821	0.052846	45672	15.414107	22.118124	256x256	65536	sparse	Learned	364	4	31	2868	31.109171	0.631332	28.090250	0.999056	0.744224	0.502511	11	10	0.000000	38	2788	31.381210	0.679859	0.998974	27.746170	0.565691	0.731917	3080	31.308190	0.648589	0.999315	29.356351	0.545247	0.743897	0.127277	0.332190	-0.629220	-0.072688	True	0.835526	0.571974	0.736333	27.997648	0.999133	7646
7647.png	0.644041	0.848694	0.918155	0.934856	0.902041	0.999291	27.452912	0.999432	27.753273	0.697171	0.543424	0.678150	31.069777	0.576473	2173	5	3	4	10	1.975155	0.600000	161	159	227.865007	2.590350	0.027535	-0.001868	-0.434777	-0.000129	-0.000042	0.039179	927.261353	0.697171	0.697171	5	3	2	4	10	1.975155	0.600000	5	0	161	159	147	1.433113	2.590350	227.865007	0.027535	45181	20.791993	30.159227	256x256	65536	sparse	Learned	281	5	26	2004	31.424375	0.616267	27.836622	0.999474	0.657993	0.413912	7	1	0.300000	35	2034	31.633044	0.658015	0.999382	27.445712	0.419191	0.628724	4103	32.136375	0.705956	0.999729	31.224196	0.322943	0.659864	-0.083349	0.129512	-0.354598	-0.039794	True	0.580210	0.393469	0.645909	27.887690	0.999420	7647
7648.png	0.632484	0.840384	0.913270	0.914110	0.912431	0.998883	27.740149	0.999050	28.113939	0.663241	0.573439	0.539350	30.163576	0.521760	2269	5	4	8	12	1.987654	0.800000	162	161	235.338095	3.549372	0.032681	-0.021886	-0.006081	-0.000061	0.000082	-0.012248	1546.848774	0.663241	0.663241	5	4	1	8	12	1.987654	0.800000	5	0	162	161	142	1.461727	3.549372	235.338095	0.032681	46062	20.300573	28.883208	256x256	65536	sparse	Learned	282	5	24	2155	30.429626	0.576979	27.705701	0.998968	0.675489	0.350082	11	3	0.000000	28	2222	30.687543	0.624024	0.998790	27.017601	0.333023	0.633714	4137	31.196793	0.674211	0.999402	30.207102	0.278676	0.655728	0.408238	0.223357	-0.266050	-0.055218	True	0.596670	0.321814	0.654370	27.746230	0.998944	7648
7649.png	0.660557	0.904867	0.950058	0.942396	0.957845	0.999285	27.153360	0.999292	27.398323	0.669832	0.633955	0.829999	30.186513	0.521232	2143	4	4	8	10	2.000000	1.000000	168	168	229.166522	2.920189	0.020992	-0.032979	0.123457	-0.000028	0.000052	-0.031542	1238.912582	0.669832	0.669832	4	4	0	8	10	2.000000	1.000000	4	0	168	168	150	1.364086	2.920189	229.166522	0.020992	46092	21.508166	30.581428	256x256	65536	sparse	Learned	288	4	24	2134	30.419621	0.575404	27.052272	0.999240	0.701374	0.526056	6	2	0.000000	29	2124	30.707487	0.620765	0.999082	26.755279	0.466647	0.665462	4403	31.286992	0.683195	0.999614	30.379864	0.366609	0.686773	0.346051	0.107899	-0.233108	-0.054172	True	0.637598	0.529205	0.693537	27.029903	0.999312	7649
7650.png	0.371020	0.380931	0.551701	0.938202	0.390735	0.989175	18.269419	0.999256	27.590178	0.886214	0.405479	0.905782	28.992925	0.559095	1376	3	0	0	6	1.898305	0.000000	59	56	82.526912	4.445305	0.042436	-0.417076	-8.049077	-0.008450	0.000322	0.494039	1116.775036	0.886214	0.886214	3	0	3	0	6	1.898305	0.000000	3	0	59	56	53	1.473695	4.445305	82.526912	0.042436	45140	32.805233	47.627907	256x256	65536	sparse	Frangi	179	3	13	1340	30.970511	0.587215	26.012132	0.998934	0.392175	0.636301	7	11	0.000000	27	1318	31.390266	0.626619	0.999165	27.085932	0.525266	0.406022								1.578046	-0.230822	-1.977587	-0.028120	True	0.652156	0.590711	0.788096	26.318496	0.997625	7650
7651.png	0.495395	0.900455	0.947621	0.955801	0.939579	0.998777	27.940603	0.998980	28.484699	0.504685	0.568289	0.468525	30.829944	0.554140	1996	4	7	11	7	2.049587	1.750000	121	124	198.137085	3.579006	0.045611	-0.018313	-0.063461	-0.000077	0.000107	-0.020581	1379.574776	0.504685	0.504685	4	7	-3	11	7	2.049587	1.750000	4	1	121	124	103	1.597880	3.579006	198.137085	0.045611	45398	22.744489	32.833667	256x256	65536	sparse	Learned	241	4	24	1981	30.984111	0.593457	27.964019	0.998874	0.525266	0.219900	12	1	0.000000	32	1994	31.284677	0.638694	0.998640	27.418597	0.347319	0.491006	4475	31.919687	0.707630	0.999411	31.021943	0.237207	0.521248	0.520680	0.348389	-0.154166	-0.039317	True	0.581048	0.272236	0.513708	28.004063	0.998854	7651
7652.png	0.574854	0.887948	0.940649	0.944560	0.936770	0.998779	28.009933	0.999019	28.485474	0.616310	0.603469	0.739956	30.224007	0.523458	2112	4	0	0	8	1.947020	0.000000	151	147	216.036580	3.220684	0.021748	0.016066	-0.001782	-0.000055	0.000108	0.031713	1447.469234	0.616310	0.616310	4	0	4	0	8	1.947020	0.000000	4	0	151	147	143	1.469637	3.220684	216.036580	0.021748	45955	21.758996	31.030303	256x256	65536	sparse	Learned	271	4	24	2053	30.550383	0.576235	27.993703	0.998911	0.584597	0.421124	9	8	0.000000	29	2070	30.766440	0.622314	0.998772	27.369268	0.402072	0.555899	4416	31.374689	0.690641	0.999348	30.463337	0.196864	0.578248	0.491770	0.182345	-0.326375	-0.052777	True	0.641204	0.474462	0.558789	28.011715	0.998834	7652
7653.png	0.579944	0.884593	0.938763	0.958730	0.919610	0.998814	27.687385	0.999172	28.464849	0.619298	0.651808	0.464155	30.068234	0.517272	2162	4	2	4	9	1.975610	0.500000	164	162	241.308658	3.280893	0.032425	-0.063416	-0.299974	-0.000211	0.000086	-0.027009	1150.291681	0.619298	0.619298	4	2	2	4	9	1.975610	0.500000	4	0	164	162	151	1.489560	3.280893	241.308658	0.032425	45998	21.275671	30.312673	256x256	65536	sparse	Learned	284	4	24	2119	30.434171	0.574073	27.953397	0.999085	0.646308	0.410217	10	5	0.000000	28	1926	30.634770	0.610813	0.998907	27.232829	0.196839	0.621971	4271	31.277705	0.682125	0.999444	30.621632	0.126435	0.612661	0.511452	0.241591	-0.365937	-0.056801	True	0.673720	0.312711	0.643360	27.987358	0.999024	7653
7654.png	0.575163	0.868869	0.929834	0.880325	0.985244	0.999523	28.511752	0.999447	28.495534	0.563508	0.529989	0.364104	31.440953	0.585758	1742	4	4	8	9	2.000000	1.000000	115	115	170.610173	2.699221	0.020921	0.018560	0.550902	0.000010	0.000036	0.016815	1064.874411	0.563508	0.563508	4	4	0	8	9	2.000000	1.000000	4	0	115	115	98	1.483567	2.699221	170.610173	0.020921	44844	25.742824	37.621125	256x256	65536	sparse	Learned	235	4	23	1649	31.598282	0.610490	27.967931	0.999411	0.546693	0.217295	8	0	0.500000	34	1614	31.856003	0.648421	0.999319	27.596668	0.240428	0.550682	5316	32.859727	0.750906	0.999732	32.121781	0.172404	0.555985	0.527603	0.312694	-0.157329	-0.024733	True	0.527633	0.192113	0.556604	27.960849	0.999513	7654
7655.png	0.720588	0.916978	0.956691	0.954369	0.959024	0.998133	29.075606	0.998201	29.238404	0.733949	0.675348	1.081725	31.581256	0.598397	2264	4	4	8	9	2.000000	1.000000	169	169	261.350288	3.885445	0.030937	-0.000249	0.070108	-0.000020	0.000084	0.001719	1589.344501	0.733949	0.733949	4	4	0	8	9	2.000000	1.000000	4	1	169	169	152	1.546451	3.885445	261.350288	0.030937	44696	19.742049	28.946996	256x256	65536	sparse	Learned	289	4	28	2197	31.765493	0.637368	28.984240	0.998117	0.732231	0.681093	7	13	0.000000	40	2100	32.120203	0.675840	0.997940	28.879260	0.195008	0.748062	4017	32.468110	0.717332	0.998932	31.534226	0.079720	0.696846	0.254164	-0.005746	-0.184236	-0.038971	True	0.710616	0.768691	0.720837	29.005498	0.998153	7655
7656.png	0.584924	0.835432	0.910338	0.879735	0.943147	0.999473	27.802524	0.999533	28.166922	0.612663	0.599483	0.350421	30.985935	0.563344	2003	4	1	4	10	1.955556	0.250000	135	132	210.237590	2.552962	0.038951	-0.040418	0.013871	-0.000063	0.000006	-0.050117	946.047544	0.612663	0.612663	4	1	3	4	10	1.955556	0.250000	4	0	135	132	121	1.592709	2.552962	210.237590	0.038951	45358	22.645032	32.718922	256x256	65536	sparse	Learned	255	4	25	1972	31.200721	0.603038	27.864148	0.999527	0.662780	0.381217	7	1	0.125000	32	1962	31.483727	0.645103	0.999397	27.066776	0.459359	0.545455	4638	32.135271	0.717076	0.999737	31.070046	0.219640	0.623540	0.302774	0.218267	-0.214786	-0.039694	True	0.605446	0.212161	0.625342	27.788653	0.999536	7656
7657.png	0.575923	0.891534	0.942657	0.920137	0.966308	0.999292	27.825823	0.999333	28.216609	0.576361	0.695779	0.418705	30.431853	0.538667	2404	4	0	2	10	1.956044	0.000000	182	178	276.249783	2.677242	0.034869	0.003833	-0.089442	-0.000089	0.000039	0.020735	1019.264221	0.576361	0.576361	4	0	4	2	10	1.956044	0.000000	4	0	182	178	170	1.551965	2.677242	276.249783	0.034869	45769	19.038686	27.261231	256x256	65536	sparse	Learned	302	4	26	2275	30.777103	0.595661	27.900570	0.999294	0.555626	0.284662	12	2	0.000000	32	2302	31.039397	0.641630	0.999187	27.497995	0.386693	0.578016	3847	31.366379	0.670955	0.999530	30.269300	0.218599	0.549233	0.316040	0.411117	-0.345251	-0.056994	True	0.637960	0.267117	0.572090	27.915265	0.999381	7657
7658.png	0.556278	0.880155	0.936258	0.918011	0.955245	0.998798	28.101589	0.998878	28.216518	0.575563	0.609372	0.634379	30.316904	0.526902	2019	4	6	13	10	2.031250	1.500000	128	130	213.580736	3.558608	0.057346	0.006343	0.455801	0.000036	0.000092	0.003308	1423.761368	0.575563	0.575563	4	6	-2	13	10	2.031250	1.500000	4	0	128	130	105	1.642929	3.558608	213.580736	0.057346	45909	22.738484	32.459633	256x256	65536	sparse	Learned	248	4	23	1951	30.559370	0.572504	27.682494	0.998786	0.572254	0.361663	9	3	0.000000	27	1776	30.771485	0.605291	0.998670	27.220875	0.285377	0.561504	4585	31.526489	0.697730	0.999341	30.726858	0.225695	0.562179	0.534024	0.247709	-0.242466	-0.045601	True	0.632121	0.401004	0.549935	27.645788	0.998762	7658
7659.png	0.466570	0.892396	0.943139	0.934870	0.951555	0.998543	28.540758	0.998592	28.895256	0.468571	0.646545	0.350488	30.477885	0.542033	2407	5	10	16	10	2.056818	2.000000	176	181	293.906638	3.251882	0.053775	-0.006727	-0.196763	-0.000196	-0.000018	-0.011721	1355.908394	0.468571	0.468571	5	10	-5	16	10	2.056818	2.000000	5	1	176	181	150	1.623794	3.251882	293.906638	0.053775	45633	18.958455	27.227254	256x256	65536	sparse	Learned	296	5	27	2370	30.888970	0.602052	28.747707	0.998610	0.480292	0.264717	16	5	0.000000	31	2150	31.063913	0.635983	0.998286	27.925630	0.198425	0.423524	3853	31.448011	0.674396	0.998952	30.354553	0.142156	0.482625	0.147549	0.381828	-0.411085	-0.060019	True	0.685257	0.240175	0.473297	28.737521	0.998739	7659
7660.png	0.599099	0.861977	0.925873	0.921905	0.929875	0.999325	27.172165	0.999452	27.679624	0.614480	0.615188	0.329801	30.867046	0.564671	1949	4	2	5	9	1.973684	0.500000	152	150	210.681241	2.515608	0.020634	0.018707	-0.585944	-0.000154	-0.000014	0.028273	906.882524	0.614480	0.614480	4	2	2	5	9	1.973684	0.500000	4	0	152	150	138	1.404542	2.515608	210.681241	0.020634	45223	23.203181	33.625449	256x256	65536	sparse	Learned	272	4	25	1905	31.311650	0.605068	27.728926	0.999466	0.586207	0.307883	10	1	0.000000	32	1800	31.484308	0.638810	0.999391	27.431516	0.270941	0.559934	4558	32.171461	0.717676	0.999709	31.147809	0.187096	0.570863	-0.049302	0.307305	-0.444604	-0.040397	True	0.642993	0.212060	0.580392	27.758108	0.999479	7660
7661.png	0.738978	0.914136	0.955142	0.946855	0.963576	0.998957	27.661551	0.999075	28.059250	0.752376	0.630646	0.845712	30.492801	0.555750	2573	5	3	6	11	1.978723	0.600000	188	186	287.421356	3.127460	0.042547	-0.003065	-0.428413	-0.000179	-0.000031	0.009209	1337.916136	0.752376	0.752376	5	3	2	6	11	1.978723	0.600000	5	0	188	186	171	1.545276	3.127460	287.421356	0.042547	45624	17.731831	25.470657	256x256	65536	sparse	Learned	308	5	28	2544	30.991076	0.618034	28.121628	0.999106	0.743167	0.593430	7	5	0.000000	33	2442	31.210264	0.661978	0.998874	27.457791	0.509992	0.723055	3655	31.442393	0.669322	0.999257	29.883399	0.497420	0.739648	-0.062378	0.037216	-0.498276	-0.062283	True	0.659043	0.557361	0.742043	28.089964	0.999136	7661
7662.png	0.331153	0.350000	0.518519	0.876740	0.368114	0.992921	16.996486	0.999651	26.647235	0.840237	0.417252	0.885499	29.361641	0.549808	1168	2	0	0	4	1.913043	0.000000	46	44	59.041631	4.050826	0.031369						911.540747	0.840237	0.840237	2	0	2	0	4	1.913043	0.000000	2	0	46	44	42	1.341855	4.050826	59.041631	0.031369	45292	38.777397	56.109589	256x256	65536	sparse	Frangi	166	2												24	1020	31.199362	0.600999	0.999574	25.677591	0.413354	0.424932												True	0.539757	0.477954				7662
7663.png	0.611884	0.896774	0.945578	0.919312	0.973389	0.998640	28.625883	0.998555	28.844411	0.625257	0.728556	0.599924	30.406708	0.541882	2786	5	8	16	11	2.026432	1.600000	227	230	379.060967	3.067866	0.045182	-0.006677	-0.042527	-0.000108	-0.000007	-0.006909	1323.329449	0.625257	0.625257	5	8	-3	16	11	2.026432	1.600000	5	1	227	230	200	1.648091	3.067866	379.060967	0.045182	45763	16.426059	23.523331	256x256	65536	sparse	Learned	347	5	29	2622	30.878384	0.611250	28.694101	0.998562	0.632166	0.491039	13	7	0.000000	35	2778	31.154869	0.667342	0.998231	27.923399	0.063792	0.592999	3181	31.120025	0.644562	0.998830	29.540252	0.121695	0.624343	0.150310	0.237517	-0.471676	-0.069368	True	0.730719	0.438376	0.618561	28.668410	0.998747	7663
7664.png	0.634438	0.909586	0.952653	0.939258	0.966435	0.998439	28.585520	0.998432	28.891518	0.657096	0.688077	0.521485	30.748741	0.550862	2266	4	4	9	9	2.000000	1.000000	172	172	269.178716	3.169232	0.035899	0.012685	-0.155120	-0.000078	0.000044	0.019805	1575.282574	0.657096	0.657096	4	4	0	9	9	2.000000	1.000000	4	0	172	172	154	1.564993	3.169232	269.178716	0.035899	45461	20.062224	28.921447	256x256	65536	sparse	Learned	292	4	26	2236	31.005291	0.603019	28.776003	0.998388	0.637292	0.499426	10	12	0.000000	31	2182	31.250927	0.644150	0.997988	27.839181	0.123211	0.517479	4138	31.714604	0.694709	0.999008	31.005386	0.040806	0.558543	0.115515	0.188651	-0.256550	-0.052156	True	0.689633	0.359633	0.621753	28.740641	0.998517	7664
7665.png	0.728612	0.920198	0.958441	0.938085	0.979699	0.999119	28.466111	0.999079	28.598546	0.743094	0.622808	0.804607	30.839509	0.554949	2142	4	0	0	8	1.948052	0.000000	154	150	221.137085	3.112530	0.018706	0.007245	0.100358	-0.000032	0.000028	0.000881	1319.778204	0.743094	0.743094	4	0	4	0	8	1.948052	0.000000	4	0	154	150	146	1.474247	3.112530	221.137085	0.018706	45399	21.194678	30.595705	256x256	65536	sparse	Learned	274	4	26	2122	31.109738	0.603064	28.340783	0.999051	0.742213	0.558308	7	12	0.000000	33	2024	31.303623	0.641860	0.998834	27.597391	0.266553	0.732589	4102	31.790102	0.694944	0.999391	30.722120	0.123340	0.712732	0.257763	0.064499	-0.270229	-0.048115	True	0.630277	0.507125	0.721366	28.365752	0.999151	7665
7666.png	0.720752	0.884695	0.938820	0.943631	0.934058	0.999160	26.440709	0.999404	27.091956	0.712195	0.632121	0.414719	30.091126	0.528997	2225	4	3	6	9	1.986842	0.750000	152	151	228.865007	3.015407	0.032402	0.030037	-0.423511	-0.000181	0.000006	0.026032	1103.865147	0.712195	0.712195	4	3	1	6	9	1.986842	0.750000	4	0	152	151	137	1.515662	3.015407	228.865007	0.032402	46090	20.714607	29.454382	256x256	65536	sparse	Learned	272	4	24	2154	30.511604	0.583388	26.839517	0.999398	0.686164	0.402831	9	2	0.000000	30	2170	30.784828	0.631813	0.999335	26.572177	0.387374	0.686739	4147	31.273792	0.673604	0.999682	30.075367	0.298017	0.680077	0.252439	0.229289	-0.420478	-0.054391	True	0.615188	0.255130	0.690715	26.864220	0.999341	7666
7667.png	0.677760	0.896361	0.945348	0.934048	0.956926	0.999339	27.175631	0.999459	27.565945	0.676800	0.545247	0.781386	30.457001	0.544066	2119	5	0	0	10	1.936306	0.000000	157	152	223.480231	2.653622	0.025081	0.014986	-0.392854	-0.000152	-0.000011	0.019472	909.368277	0.676800	0.676800	5	0	5	0	10	1.936306	0.000000	5	0	157	152	147	1.470265	2.653622	223.480231	0.025081	45640	21.538462	30.927796	256x256	65536	sparse	Learned	277	5	25	2100	30.863193	0.595024	27.587648	0.999470	0.657328	0.281730	11	1	0.000000	31	2116	31.105853	0.639067	0.999406	27.247120	0.368716	0.635581	4346	31.695429	0.697169	0.999727	30.851049	0.217109	0.664971	-0.021703	0.263517	-0.406192	-0.050958	True	0.556031	0.434475	0.662774	27.568485	0.999491	7667
7668.png	0.724587	0.907937	0.951747	0.962963	0.940789	0.998683	27.427983	0.998908	27.867613	0.750446	0.781288	0.758614	30.393484	0.548111	2749	4	17	33	10	2.134715	4.250000	193	206	362.847763	3.225475	0.055272	-0.038582	-0.276000	-0.000126	0.000042	-0.016849	1471.625805	0.750446	0.750446	4	17	-13	33	10	2.134715	4.250000	4	3	193	206	150	1.761397	3.225475	362.847763	0.055272	45853	16.679884	23.839942	256x256	65536	sparse	Learned	313	4	29	2682	30.872202	0.616411	27.676990	0.998866	0.767296	0.539296	8	7	0.000000	34	2624	31.111488	0.663879	0.998717	27.200851	0.544640	0.737999	3357	31.166639	0.649268	0.999201	29.141595	0.530250	0.757862	0.190623	0.241992	-0.478718	-0.068300	True	0.776870	0.589344	0.763170	27.703983	0.998809	7668
7669.png	0.584685	0.851635	0.919873	0.888889	0.953096	0.999531	27.645138	0.999526	27.800143	0.585492	0.628423	0.563799	30.682309	0.545537	2090	4	9	16	9	2.070423	2.250000	142	147	228.994949	2.675856	0.042756	0.003815	0.360131	-0.000012	0.000062	0.001044	1006.516218	0.585492	0.585492	4	9	-5	16	9	2.070423	2.250000	4	1	142	147	117	1.557789	2.675856	228.994949	0.042756	45651	21.842584	31.356938	256x256	65536	sparse	Learned	262	4	24	1992	30.862293	0.588578	27.213103	0.999464	0.584448	0.345140	6	0	0.250000	31	2088	31.128610	0.636926	0.999390	26.792454	0.345140	0.591667	4310	31.701009	0.694947	0.999752	31.143992	0.273851	0.600498	0.587039	0.283284	-0.179984	-0.043041	True	0.539757	0.304314	0.580870	27.285007	0.999543	7669
7670.png	0.623331	0.849432	0.918587	0.917178	0.920000	0.999354	27.595495	0.999487	27.991996	0.680465	0.706242	0.703214	30.114973	0.523659	2306	4	9	17	10	2.056497	2.250000	177	182	295.220346	2.399635	0.035134	0.006134	0.164871	-0.000099	0.000064	0.031308	955.596209	0.680465	0.680465	4	9	-5	17	10	2.056497	2.250000	4	1	177	182	150	1.622090	2.399635	295.220346	0.035134	45997	19.946661	28.419775	256x256	65536	sparse	Learned	297	4	24	2081	30.520347	0.577313	27.328291	0.999423	0.649157	0.452559	8	3	0.000000	29	2210	30.782360	0.628009	0.999379	27.020932	0.572585	0.641634	4016	31.219679	0.672499	0.999667	30.135178	0.243559	0.623461	0.663705	0.253684	-0.405374	-0.053654	True	0.720569	0.506714	0.617197	27.430624	0.999453	7670
7671.png	0.642897	0.878530	0.935337	0.902079	0.971143	0.998968	28.244305	0.998989	28.608917	0.631607	0.649362	0.480913	30.830943	0.562112	2407	5	1	3	11	1.958333	0.200000	192	188	297.492424	3.071470	0.033131	0.021964	-0.136568	-0.000093	0.000021	0.028008	1103.652239	0.631607	0.631607	5	1	4	3	11	1.958333	0.200000	5	0	192	188	178	1.582407	3.071470	297.492424	0.033131	45365	18.847113	27.227254	256x256	65536	sparse	Learned	312	5	27	2280	31.160428	0.614172	28.484721	0.998968	0.603599	0.285173	14	3	0.000000	34	2226	31.412750	0.655569	0.998796	27.877992	0.259182	0.597848	3815	31.718947	0.684001	0.999358	30.693528	0.185081	0.612152	0.124195	0.364189	-0.329485	-0.052060	True	0.586597	0.282103	0.620933	28.380872	0.999061	7671
7672.png	0.708163	0.893894	0.943975	0.936059	0.952026	0.999418	27.846311	0.999480	28.105526	0.729785	0.513248	0.923272	31.580413	0.595608	1735	4	2	4	8	1.964286	0.500000	112	110	164.438600	2.773213	0.040495	0.000256	-0.196268	-0.000107	-0.000020	0.016557	1018.080235	0.729785	0.729785	4	2	2	4	8	1.964286	0.500000	4	0	112	110	100	1.494896	2.773213	164.438600	0.040495	44671	25.746974	37.772911	256x256	65536	sparse	Learned	232	4	24	1646	31.750545	0.619701	28.024453	0.999500	0.713228	0.536987	4	0	1.000000	35	1720	32.041456	0.660948	0.999447	27.691047	0.407458	0.706387	5301	33.063338	0.756775	0.999826	32.874245	0.396159	0.682482	0.081073	-0.023739	-0.170131	-0.024093	True	0.520495	0.480558	0.707907	28.042578	0.999525	7672
7673.png	0.533078	0.866236	0.928324	0.900288	0.958163	0.999323	27.645437	0.999343	28.225300	0.554724	0.467408	0.393513	30.509555	0.531931	1654	4	2	3	8	1.959184	0.500000	98	96	142.882251	3.378882	0.048828	0.014659	0.336330	0.000022	0.000154	0.014302	1150.346041	0.554724	0.554724	4	2	2	3	8	1.959184	0.500000	4	0	98	96	87	1.488357	3.378882	142.882251	0.048828	45690	27.623942	39.622733	256x256	65536	sparse	Learned	218	4	20	1654	30.518437	0.558380	27.400390	0.999189	0.540422	0.316139	6	2	0.000000	28	1626	30.890101	0.607230	0.999098	26.842234	0.292285	0.532230	5614	32.083484	0.740023	0.999644	31.353230	0.208110	0.544651	0.824910	0.151270	-0.008882	-0.026449	True	0.518091	0.203876	0.518419	27.309107	0.999301	7673
7674.png	0.637997	0.876844	0.934381	0.918066	0.951287	0.999206	27.727147	0.999261	28.083152	0.661774	0.557803	0.555387	30.223052	0.525252	2216	5	2	5	12	1.961290	0.400000	155	152	235.379726	3.114515	0.033671	-0.017429	0.151398	-0.000016	0.000076	-0.003078	1118.002653	0.661774	0.661774	5	2	3	5	12	1.961290	0.400000	5	0	155	152	138	1.548551	3.114515	235.379726	0.033671	45959	20.739621	29.574007	256x256	65536	sparse	Learned	275	5	24	2059	30.538471	0.576742	27.641541	0.999186	0.664852	0.360243	12	4	0.000000	29	2046	30.742948	0.619141	0.999051	27.009649	0.208638	0.645919	4241	31.315814	0.680084	0.999567	30.568833	0.157316	0.652328	0.441611	0.197560	-0.315419	-0.051490	True	0.557803	0.309797	0.655426	27.575749	0.999222	7674
7675.png	0.748240	0.887689	0.940503	0.936752	0.944285	0.998974	27.882772	0.999071	28.226665	0.774070	0.678899	0.802531	31.166948	0.589198	2667	5	3	7	12	1.981043	0.600000	211	209	329.705627	2.690892	0.040117	0.015517	-0.392083	-0.000196	-0.000036	0.035999	1172.120571	0.774070	0.774070	5	3	2	7	12	1.981043	0.600000	5	0	211	209	192	1.577539	2.690892	329.705627	0.040117	45070	16.899138	24.572928	256x256	65536	sparse	Learned	331	5	31	2658	31.568849	0.645086	28.230680	0.999108	0.738071	0.458129	11	6	0.000000	40	2630	31.910050	0.691705	0.999119	28.398498	0.520761	0.730521	3519	31.969400	0.687466	0.999433	30.296492	0.412235	0.726453	-0.004015	0.220770	-0.401901	-0.055888	True	0.687765	0.551953	0.732724	28.274855	0.999170	7675
7676.png	0.792564	0.894373	0.944242	0.958730	0.930185	0.998552	26.994448	0.998970	27.721676	0.844501	0.730180	1.084967	30.044204	0.527185	2614	4	5	11	11	2.010152	1.250000	197	198	311.462987	3.177128	0.024913	0.008842	-0.472809	-0.000256	0.000026	0.046186	1308.503389	0.844501	0.844501	4	5	-1	11	11	2.010152	1.250000	4	0	197	198	175	1.573045	3.177128	311.462987	0.024913	46134	17.648814	25.071155	256x256	65536	sparse	Learned	317	4	26	2469	30.463569	0.592360	27.477358	0.998944	0.798315	0.566126	8	6	0.000000	29	2412	30.675134	0.639471	0.998684	26.743467	0.358929	0.803387	3571	30.933204	0.651075	0.999331	29.410814	0.285853	0.786016	0.244318	0.164054	-0.419364	-0.065175	True	0.758286	0.822716	0.783722	27.467257	0.998809	7676
7677.png	0.503539	0.884906	0.938939	0.923683	0.954707	0.998124	28.637006	0.998067	28.828286	0.516084	0.647956	0.350864	30.720927	0.560590	2511	5	10	18	11	2.055249	2.000000	181	186	303.078210	3.463885	0.037710	-0.001218	-0.030300	-0.000021	0.000111	-0.002750	1571.603060	0.516084	0.516084	5	10	-5	18	11	2.055249	2.000000	5	1	181	186	152	1.629453	3.463885	303.078210	0.037710	45365	18.066507	26.099562	256x256	65536	sparse	Learned	301	5	29	2502	31.215274	0.622145	28.682406	0.997956	0.518834	0.286646	18	8	0.000000	36	2454	31.489100	0.665100	0.997525	28.263593	0.212716	0.484173	3804	31.719983	0.684134	0.998554	30.641941	0.127985	0.513357	0.145880	0.361310	-0.494347	-0.061555	True	0.667129	0.234072	0.504758	28.667306	0.998145	7677
7678.png	0.755806	0.899474	0.947077	0.947405	0.946750	0.999160	26.488296	0.999349	27.055207	0.789581	0.716346	0.903833	30.681956	0.567113	2511	4	3	7	8	1.989247	0.750000	186	185	289.139983	2.534029	0.042477	-0.013472	-0.634085	-0.000222	-0.000041	0.022010	1127.641678	0.789581	0.789581	4	3	1	7	8	1.989247	0.750000	4	1	186	185	171	1.562919	2.534029	289.139983	0.042477	45598	18.159299	26.099562	256x256	65536	sparse	Learned	306	4	28	2469	31.157830	0.622428	27.146271	0.999389	0.767571	0.626187	5	1	0.875000	36	2508	31.505793	0.672529	0.999385	27.484333	0.401902	0.749230	3771	31.722882	0.684081	0.999671	30.265598	0.517555	0.742787	-0.091064	0.090159	-0.475874	-0.055315	True	0.710616	0.642278	0.769278	27.122381	0.999382	7678
7679.png	0.604468	0.886905	0.940063	0.950390	0.929958	0.998687	27.249895	0.998888	27.902098	0.630156	0.576838	0.738276	31.002633	0.573636	2000	4	1	2	8	1.953488	0.250000	129	126	201.793939	3.182609	0.043378	0.002364	-0.505704	-0.000174	0.000054	0.017293	1403.367281	0.630156	0.630156	4	1	3	2	8	1.953488	0.250000	4	0	129	126	119	1.601539	3.182609	201.793939	0.043378	45197	22.598500	32.768000	256x256	65536	sparse	Learned	249	4	25	1975	31.296832	0.611523	27.701403	0.998834	0.612863	0.501994	7	5	0.000000	34	1982	31.587093	0.652395	0.998622	27.616639	0.536060	0.595498	4559	32.259503	0.721198	0.999428	31.558578	0.271206	0.637037	0.200695	0.074844	-0.294199	-0.037887	True	0.613259	0.452754	0.602104	27.755599	0.998861	7679
7680.png	0.658300	0.903058	0.949060	0.949060	0.949060	0.999118	28.374788	0.999207	28.573425	0.687174	0.782379	0.485479	31.381930	0.593054	2613	4	9	17	11	2.043860	2.250000	228	233	363.019336	2.514657	0.036398	-0.022925	-0.305536	-0.000146	-0.000058	-0.010421	961.454630	0.687174	0.687174	4	9	-5	17	11	2.043860	2.250000	4	1	228	233	200	1.558023	2.514657	363.019336	0.036398	44924	17.192499	25.080750	256x256	65536	sparse	Learned	348	4	31	2527	31.737747	0.645438	28.640367	0.999266	0.697595	0.428791	10	0	0.000000	42	2612	32.059473	0.693948	0.999161	28.458850	0.528813	0.662248	3468	32.089739	0.689175	0.999515	31.059235	0.431640	0.681193	-0.066942	0.353588	-0.355818	-0.052384	True	0.789864	0.383463	0.681225	28.680324	0.999264	7680
7681.png	0.715540	0.912329	0.954155	0.954155	0.954155	0.999402	26.606394	0.999597	27.684983	0.739982	0.572585	0.544737	30.662572	0.548754	1890	4	5	8	7	2.015385	1.250000	130	131	187.710678	2.620423	0.026196	-0.017793	-0.450366	-0.000135	0.000046	0.014120	1048.893213	0.739982	0.739982	4	5	-1	8	7	2.015385	1.250000	4	1	130	131	115	1.432906	2.620423	187.710678	0.026196	45567	24.109524	34.675132	256x256	65536	sparse	Learned	250	4	22	1706	30.914564	0.580036	27.145639	0.999551	0.725862	0.393469	7	1	0.625000	31	1846	31.150885	0.627656	0.999472	26.802466	0.440102	0.706852	4983	32.014449	0.722623	0.999810	31.511077	0.479691	0.725779	0.539344	0.179116	-0.251992	-0.031282	True	0.583138	0.317657	0.733333	27.056760	0.999537	7681
7682.png	0.680350	0.876294	0.934069	0.939801	0.928406	0.998869	28.357154	0.998955	28.738888	0.688261	0.650761	0.623509	30.247452	0.524843	2360	5	5	10	12	2.000000	1.000000	194	194	294.137085	2.859681	0.040175	-0.002763	-0.076381	-0.000099	0.000005	0.009854	1285.948992	0.688261	0.688261	5	5	0	10	12	2.000000	1.000000	5	0	194	194	172	1.516171	2.859681	294.137085	0.040175	45882	19.441525	27.769492	256x256	65536	sparse	Learned	314	5	26	2276	30.630851	0.587288	28.468796	0.998950	0.678407	0.330468	17	7	0.000000	30	2356	30.856887	0.634307	0.998695	27.688105	0.039571	0.537396	3915	31.209106	0.670236	0.999328	30.240876	0.038380	0.555199	0.270092	0.320293	-0.383399	-0.062445	True	0.665795	0.415129	0.683113	28.433535	0.998968	7682
7684.png	0.548142	0.885643	0.939354	0.909949	0.970723	0.999036	28.707799	0.999039	29.062003	0.563577	0.559568	0.523502	30.832272	0.550446	1867	4	0	0	8	1.942029	0.000000	138	134	184.681241	3.051085	0.024473	-0.027524	0.228199	0.000048	0.000130	-0.040761	1270.718336	0.563577	0.563577	4	0	4	0	8	1.942029	0.000000	4	0	138	134	130	1.378218	3.051085	184.681241	0.024473	45331	24.280129	35.102303	256x256	65536	sparse	Learned	258	4	23	1833	30.916124	0.585383	28.521521	0.998910	0.604338	0.404157	9	5	0.000000	31	1842	31.301161	0.630147	0.998646	27.962225	0.148538	0.538809	4735	32.065423	0.720026	0.999453	31.454833	0.036729	0.492115	0.540482	0.155412	-0.083852	-0.034937	True	0.557361	0.291780	0.575665	28.479600	0.998987	7684
7685.png	0.664212	0.893211	0.943594	0.946777	0.940432	0.999056	25.980495	0.999369	27.100396	0.676098	0.609372	0.545055	30.445163	0.542084	2191	4	4	7	8	2.000000	1.000000	143	143	221.693434	3.059488	0.029911	0.009591	-1.124766	-0.000319	0.000015	0.037977	1101.692915	0.676098	0.676098	4	4	0	7	8	2.000000	1.000000	4	1	143	143	128	1.550304	3.059488	221.693434	0.029911	45699	20.857599	29.911456	256x256	65536	sparse	Learned	263	4	24	2015	30.769580	0.586957	27.107763	0.999353	0.638122	0.255882	9	2	0.000000	29	1984	30.950702	0.627428	0.999244	26.572210	0.395891	0.632753	4245	31.546100	0.688069	0.999691	30.616662	0.237892	0.642759	-0.007367	0.353490	-0.324418	-0.044873	True	0.641204	0.349491	0.654621	27.105261	0.999375	7685
7687.png	0.651042	0.872964	0.932174	0.927336	0.937063	0.998922	28.162592	0.999049	28.487114	0.660807	0.676967	0.753999	30.497198	0.536595	2169	4	10	18	10	2.072289	2.500000	166	172	263.865007	2.756875	0.033529	-0.021417	-0.045581	-0.000062	0.000055	-0.013760	1118.641138	0.660807	0.660807	4	10	-6	18	10	2.072289	2.500000	4	1	166	172	138	1.534099	2.756875	263.865007	0.033529	45652	21.047487	30.214846	256x256	65536	sparse	Learned	286	4	25	2135	30.759703	0.589074	28.180406	0.998994	0.674568	0.362372	10	2	0.000000	30	2078	31.007305	0.629606	0.998722	27.421571	0.217986	0.642393	4362	31.590074	0.695978	0.999442	30.843981	0.110593	0.645951	0.306708	0.314595	-0.262506	-0.052479	True	0.665460	0.501757	0.672458	28.208174	0.998985	7687
7688.png	0.778499	0.911818	0.953875	0.940901	0.967213	0.999433	27.341167	0.999526	27.832485	0.787156	0.626561	0.639349	31.378553	0.586794	2133	4	3	5	9	1.987179	0.750000	156	155	228.208153	2.376529	0.032391	0.016804	-0.610533	-0.000139	-0.000040	0.020140	866.960287	0.787156	0.787156	4	3	1	5	9	1.987179	0.750000	4	0	156	155	142	1.472311	2.376529	228.208153	0.032391	44985	21.090014	30.724801	256x256	65536	sparse	Learned	276	4	27	2070	31.591589	0.625687	27.981243	0.999566	0.767016	0.536060	5	1	0.375000	36	2128	31.850572	0.669922	0.999495	27.619604	0.489994	0.776224	4252	32.340190	0.717398	0.999770	31.039950	0.462056	0.763226	-0.148758	0.090501	-0.213036	-0.038893	True	0.644774	0.412235	0.761695	27.951700	0.999572	7688
7689.png	0.548616	0.909262	0.952475	0.955921	0.949053	0.998871	27.427302	0.999153	27.826224	0.558594	0.642993	0.396584	31.161443	0.585758	2236	4	3	6	9	1.986842	0.750000	152	151	226.267027	3.204146	0.037640	-0.002316	-0.125777	-0.000090	0.000068	0.003872	1098.592043	0.558594	0.558594	4	3	1	6	9	1.986842	0.750000	4	0	152	151	137	1.498457	3.204146	226.267027	0.037640	45219	20.223166	29.309481	256x256	65536	sparse	Learned	272	4	27	2129	31.449598	0.624276	27.497174	0.999085	0.554722	0.305418	9	0	0.375000	36	2166	31.734177	0.668776	0.998963	27.544596	0.300772	0.516332	4119	32.177043	0.705183	0.999512	31.079428	0.309893	0.537313	0.329051	0.337575	-0.288155	-0.038518	True	0.670441	0.265886	0.550932	27.553080	0.998961	7689
7690.png	0.514596	0.874235	0.932898	0.921408	0.944678	0.998571	28.519833	0.998715	28.808731	0.527273	0.591801	0.520573	31.606950	0.601960	2316	5	2	4	11	1.964912	0.400000	171	168	258.693434	3.253378	0.030221	-0.018850	-0.284610	-0.000175	-0.000079	-0.011663	1311.423302	0.527273	0.527273	5	2	3	4	11	1.964912	0.400000	5	0	171	168	156	1.539842	3.253378	258.693434	0.030221	44656	19.281520	28.297064	256x256	65536	sparse	Learned	291	5	29	2259	31.865800	0.642198	28.877531	0.998793	0.538936	0.305803	12	6	0.000000	42	2176	32.234816	0.682166	0.998752	28.879377	0.252671	0.512209	3979	32.508954	0.715947	0.999297	31.534346	0.225729	0.553881	-0.068801	0.285997	-0.258851	-0.040238	True	0.624689	0.325196	0.533447	28.804443	0.998746	7690
7691.png	0.426675	0.882099	0.937357	0.907302	0.969471	0.998778	28.200097	0.998701	28.595282	0.429091	0.633955	0.234704	31.505774	0.600850	2227	4	4	8	10	2.000000	1.000000	160	160	235.379726	3.215814	0.036301	-0.010981	-0.103823	-0.000031	0.000088	-0.002795	1450.724363	0.429091	0.429091	4	4	0	8	10	2.000000	1.000000	4	0	160	160	142	1.471123	3.215814	235.379726	0.036301	44749	20.093848	29.427930	256x256	65536	sparse	Learned	280	4	28	2217	31.811531	0.640174	28.378981	0.998613	0.431886	0.174499	17	1	0.000000	40	2166	32.163043	0.679263	0.998372	28.363389	0.199618	0.409444	3972	32.472891	0.714099	0.999223	31.504784	0.159943	0.422735	0.216301	0.459456	-0.305757	-0.039324	True	0.662098	0.155397	0.437656	28.303919	0.998809	7691
7692.png	0.676301	0.884825	0.938894	0.941347	0.936453	0.998722	26.952498	0.999034	27.835663	0.718531	0.639405	0.753462	30.379367	0.548580	2579	5	5	9	10	2.000000	1.000000	199	199	289.379726	2.931728	0.039592	0.037398	-0.787316	-0.000304	-0.000009	0.063240	1243.889093	0.718531	0.718531	5	5	0	9	10	2.000000	1.000000	5	1	199	199	180	1.454169	2.931728	289.379726	0.039592	45708	17.723149	25.411400	256x256	65536	sparse	Learned	319	5	27	2357	30.922581	0.608006	27.764923	0.999043	0.655290	0.603752	7	7	0.000000	32	2348	31.111626	0.650994	0.998800	27.324912	0.538143	0.648609	3685	31.392621	0.667331	0.999324	30.031767	0.469453	0.649653	0.070741	0.035653	-0.543214	-0.059427	True	0.669781	0.504655	0.638902	27.739814	0.999026	7692
7693.png	0.474642	0.865301	0.927787	0.933066	0.922568	0.998912	28.149321	0.999195	28.928860	0.491716	0.648308	0.294830	30.675593	0.544922	2081	4	6	12	10	2.025974	1.500000	154	156	235.923882	3.066386	0.033523	-0.040101	-0.303055	-0.000146	0.000065	-0.017936	1265.415907	0.491716	0.491716	4	6	-2	12	10	2.025974	1.500000	4	0	154	156	132	1.512333	3.066386	235.923882	0.033523	45578	21.901970	31.492552	256x256	65536	sparse	Learned	274	4	25	2069	30.902571	0.592286	28.455487	0.999130	0.509653	0.265085	10	1	0.000000	31	2052	31.135750	0.635418	0.998893	27.586868	0.331592	0.495809	4254	31.690512	0.694700	0.999455	31.019736	0.199263	0.509009	0.473373	0.383223	-0.226978	-0.047363	True	0.686514	0.202405	0.514744	28.452376	0.999058	7693
7694.png	0.543745	0.439498	0.610626	0.842451	0.478856	0.992507	16.453731	0.998987	27.603099	0.375279	0.576838	0.888860	28.485263	0.551211	1490	1	4	7	2	2.096774	4.000000	62	65	95.426407	5.053628	0.035008	-0.189731	-9.980665	-0.006144	0.000200	-0.042681	1162.329197	0.375279	0.375279	1	4	-3	7	2	2.096774	4.000000	2	1	62	65	53	1.468099	5.053628	95.426407	0.035008	45325	30.419463	43.983893	256x256	65536	sparse	Frangi	184	2	16	1392	30.918151	0.578361	26.951277	0.998786	0.417960	0.559568	7	8	0.000000	28	1334	31.281981	0.617025	0.998815	27.217213	0.660404	0.440879								0.651822	0.017270	-2.432888	-0.027150	True	0.683363	0.607414	0.733475	26.434396	0.998651	7694
7695.png	0.503244	0.868456	0.929598	0.901742	0.959229	0.999249	28.082055	0.999254	28.539965	0.496210	0.596670	0.337040	30.809069	0.556406	2286	5	6	11	11	2.011628	1.200000	172	173	269.007143	2.765441	0.035009	0.002205	0.007451	-0.000080	0.000053	-0.000136	1053.412199	0.496210	0.496210	5	6	-1	11	11	2.011628	1.200000	5	1	172	173	150	1.554955	2.765441	269.007143	0.035009	45453	19.883202	28.668416	256x256	65536	sparse	Learned	292	5	26	2127	31.086651	0.603636	28.119650	0.999201	0.496346	0.206077	13	0	0.000000	34	2248	31.389180	0.653060	0.999094	28.067619	0.190573	0.467602	4136	31.786495	0.695800	0.999506	31.013760	0.141339	0.482874	0.420315	0.390593	-0.277582	-0.047230	True	0.607807	0.204855	0.501040	28.074604	0.999330	7695
7696.png	0.701765	0.894265	0.944182	0.943884	0.944479	0.999027	27.900429	0.999179	28.294107	0.733972	0.541594	0.728327	31.145001	0.582487	2397	6	0	1	13	1.933702	0.000000	181	175	278.534055	2.778457	0.036513	-0.000760	-0.323906	-0.000196	-0.000034	0.030899	999.845266	0.733972	0.733972	6	0	6	1	13	1.933702	0.000000	6	0	181	175	167	1.591623	2.778457	278.534055	0.036513	45166	18.842720	27.340843	256x256	65536	sparse	Learned	301	6	28	2334	31.420064	0.629356	28.226570	0.999213	0.703074	0.385701	11	6	0.000000	37	2350	31.742544	0.677016	0.999149	27.952894	0.296554	0.676502	3742	32.014994	0.694383	0.999504	30.747688	0.311564	0.685104	0.067537	0.155893	-0.275063	-0.046869	True	0.563951	0.410741	0.702525	28.224334	0.999223	7696
7697.png	0.499035	0.889851	0.941716	0.928341	0.955482	0.998931	28.337973	0.998818	28.743909	0.502214	0.692721	0.282326	30.887791	0.560556	2297	4	6	12	10	2.023392	1.500000	171	173	265.107648	2.788390	0.037290	-0.005243	-0.260260	-0.000135	0.000011	-0.005006	1309.329987	0.502214	0.502214	4	6	-2	12	10	2.023392	1.500000	4	0	171	173	149	1.532414	2.788390	265.107648	0.037290	45344	19.740531	28.531128	256x256	65536	sparse	Learned	291	4	27	2214	31.188090	0.611730	28.645544	0.998807	0.507220	0.224399	17	0	0.000000	33	2124	31.424020	0.650286	0.998613	28.064113	0.283469	0.449486	4032	31.847750	0.695496	0.999225	31.012486	0.132175	0.489709	0.098366	0.468322	-0.300299	-0.051174	True	0.615572	0.173792	0.504279	28.598233	0.999066	7697
7698.png	0.567701	0.878746	0.935460	0.917670	0.953954	0.998313	28.742962	0.998157	28.962841	0.592493	0.740760	0.576178	31.199853	0.591638	2497	4	10	20	13	2.063158	2.500000	190	196	319.634560	3.433997	0.051491	-0.031567	-0.239483	-0.000189	-0.000011	-0.031768	1616.367579	0.592493	0.592493	4	10	-6	20	13	2.063158	2.500000	4	0	190	196	157	1.630789	3.433997	319.634560	0.051491	44788	17.936724	26.245895	256x256	65536	sparse	Learned	310	4	31	2420	31.783523	0.643159	28.989199	0.998169	0.624262	0.434039	13	10	0.000000	42	2288	32.088392	0.680636	0.998094	28.852214	0.363378	0.622281	3503	32.165588	0.692474	0.998770	31.072356	0.256213	0.580009	-0.026358	0.306720	-0.583670	-0.051521	True	0.773498	0.445673	0.599268	28.982445	0.998502	7698
7699.png	0.696733	0.857721	0.923412	0.913793	0.933236	0.999279	28.245435	0.999362	28.659122	0.719772	0.562495	0.632617	30.801942	0.560580	2379	6	2	4	12	1.958115	0.333333	191	187	273.965512	2.395835	0.035253	0.008513	-0.189350	-0.000136	-0.000007	-0.000228	924.654007	0.719772	0.719772	6	2	4	4	12	1.958115	0.333333	6	0	191	187	175	1.465056	2.395835	273.965512	0.035253	45441	19.100883	27.547709	256x256	65536	sparse	Learned	311	6	27	2256	31.160892	0.613481	28.411557	0.999369	0.720000	0.414656	9	0	0.750000	34	2198	31.413395	0.654936	0.999272	27.905264	0.366417	0.693676	3930	31.773004	0.690191	0.999610	30.754320	0.206502	0.684279	0.247565	0.147839	-0.358950	-0.052901	True	0.576838	0.364917	0.688220	28.434785	0.999415	7699
7700.png	0.515385	0.887640	0.940476	0.922317	0.959365	0.998417	27.985280	0.998381	28.411880	0.527976	0.703587	0.365031	30.087746	0.536630	2851	5	8	15	10	2.026906	1.600000	223	226	351.433550	3.197999	0.033018	-0.006189	-0.325369	-0.000178	-0.000029	0.005446	1519.117355	0.527976	0.527976	5	8	-3	15	10	2.026906	1.600000	5	1	223	226	198	1.555016	3.197999	351.433550	0.033018	45947	16.116100	22.987022	256x256	65536	sparse	Learned	343	5	29	2768	30.750509	0.611969	28.411013	0.998410	0.522530	0.285377	20	5	0.000000	33	2674	31.025257	0.659049	0.998096	27.894020	0.313201	0.473463	3173	31.015464	0.638705	0.998535	29.523512	0.175214	0.503505	0.000867	0.418210	-0.662764	-0.075339	True	0.687765	0.251056	0.521574	28.310649	0.998594	7700
7701.png	0.376556	0.295341	0.456004	0.761553	0.325434	0.992152	16.303281	0.999543	27.503269	0.295500	0.278676	0.640187	29.251462	0.583340	1108	1	0	0	2	1.944444	0.000000	36	35	43.142136	4.322749	0.013145						929.235697	0.295500	0.295500	1	0	1	0	2	1.944444	0.000000	3	0	36	35	34	1.232632	4.322749	43.142136	0.013145	44668	40.314079	59.148014	256x256	65536	sparse	Frangi	160	3												29	1090	31.831025	0.637297	0.999546	27.753079	0.348561	0.329813												True	0.556031	0.355964				7701
7702.png	0.796975	0.901914	0.948428	0.958475	0.938589	0.999048	25.647090	0.999465	26.668792	0.832512	0.590165	0.969389	30.952143	0.609216	2427	5	0	0	10	1.945055	0.000000	182	177	256.521861	2.312527	0.023973	0.092939	-1.734609	-0.000520	-0.000112	0.130316	834.202528	0.832512	0.832512	5	0	5	0	10	1.945055	0.000000	5	0	182	177	172	1.449276	2.312527	256.521861	0.023973	44749	18.437989	27.002884	256x256	65536	sparse	Learned	302	5	31	2396	32.024522	0.660630	27.321330	0.999577	0.702196	0.576838	6	4	0.000000	41	2308	32.275341	0.699101	0.999584	27.896047	0.663110	0.691558	3725	32.501456	0.711562	0.999793	31.073253	0.341199	0.692898	-0.652538	0.013327	-1.072379	-0.051414	True	0.595053	0.576838	0.704036	27.381699	0.999568	7702
7703.png	0.695353	0.900086	0.947416	0.939748	0.955210	0.999286	27.806692	0.999373	28.174508	0.727194	0.601481	0.798499	30.473819	0.531741	1923	4	3	6	9	1.984615	0.750000	130	129	207.509668	2.638186	0.044947	-0.008661	0.319578	-0.000023	0.000060	-0.000537	1176.598549	0.727194	0.727194	4	3	1	6	9	1.984615	0.750000	4	0	130	129	115	1.608602	2.638186	207.509668	0.044947	45799	23.816433	34.080083	256x256	65536	sparse	Learned	250	4	22	1764	30.640512	0.568099	27.480874	0.999313	0.727731	0.469181	6	0	0.750000	29	1916	30.906153	0.620218	0.999156	26.762401	0.420572	0.697952	4840	31.706532	0.710999	0.999625	30.537659	0.282513	0.707317	0.693634	0.132300	-0.166693	-0.036358	True	0.609372	0.486583	0.704013	27.487114	0.999309	7703
7704.png	0.532222	0.869352	0.930111	0.939412	0.920992	0.998893	28.978686	0.999060	29.190682	0.548607	0.759492	0.456372	31.151152	0.574857	2431	4	6	11	8	2.019048	1.500000	210	212	326.663997	2.666419	0.044278	-0.024929	-0.394398	-0.000189	-0.000015	-0.020087	1216.314793	0.548607	0.548607	4	6	-2	11	8	2.019048	1.500000	4	1	210	212	191	1.540868	2.666419	326.663997	0.044278	45142	18.569313	26.958453	256x256	65536	sparse	Learned	330	4	30	2403	31.518395	0.628246	29.253836	0.999075	0.568694	0.459359	8	6	0.000000	37	2408	31.704292	0.672636	0.998912	28.438207	0.222928	0.527497	3765	31.974849	0.692436	0.999372	31.132222	0.186534	0.564804	-0.063155	0.300132	-0.367243	-0.053389	True	0.785619	0.358535	0.557151	29.373084	0.999082	7704
7705.png	0.696109	0.913016	0.954531	0.955468	0.953595	0.999139	26.797915	0.999302	27.230291	0.725157	0.689633	0.597093	30.555696	0.561417	2477	4	2	5	10	1.977143	0.500000	175	173	272.592929	2.897500	0.042045	0.012900	-0.603017	-0.000207	-0.000034	0.030971	964.681625	0.725157	0.725157	4	2	2	5	10	1.977143	0.500000	4	0	175	173	160	1.575682	2.897500	272.592929	0.042045	45616	18.415826	26.457812	256x256	65536	sparse	Learned	295	4	27	2338	31.086344	0.616144	27.371177	0.999336	0.694186	0.481670	7	3	0.000000	34	2346	31.377855	0.660935	0.999323	27.468387	0.456649	0.680778	3723	31.626830	0.677278	0.999636	30.321131	0.361792	0.673875	-0.140887	0.207963	-0.530648	-0.054727	True	0.698806	0.417252	0.683208	27.400932	0.999345	7705
7706.png	0.654375	0.864259	0.927188	0.916172	0.938472	0.999226	28.135639	0.999330	28.570692	0.672693	0.698806	0.512957	30.349860	0.533489	2394	4	3	6	10	1.989189	0.750000	185	184	280.421356	2.749311	0.033980	0.009661	-0.152433	-0.000126	0.000018	0.017699	1097.574711	0.672693	0.672693	4	3	1	6	10	1.989189	0.750000	4	0	185	184	169	1.524029	2.749311	280.421356	0.033980	45788	19.126149	27.375104	256x256	65536	sparse	Learned	305	4	26	2387	30.666628	0.594548	28.335560	0.999312	0.654994	0.401503	12	9	0.000000	30	2204	30.944858	0.634180	0.999139	27.438960	0.221199	0.656977	3909	31.317061	0.672542	0.999485	29.953427	0.120389	0.637079	0.235132	0.297303	-0.316768	-0.061060	True	0.740760	0.379978	0.644714	28.288072	0.999352	7706
7707.png	0.519380	0.874676	0.933149	0.943150	0.923358	0.999075	28.033607	0.999360	28.653633	0.547556	0.478997	0.580063	31.817866	0.609266	1756	5	2	3	9	1.952381	0.400000	126	123	175.781746	2.787935	0.024980	-0.032171	-0.457768	-0.000286	-0.000030	-0.025594	817.386866	0.547556	0.547556	5	2	3	3	9	1.952381	0.400000	5	0	126	123	114	1.429120	2.787935	175.781746	0.024980	44404	25.287016	37.321185	256x256	65536	sparse	Learned	246	5	25	1693	32.073376	0.634019	28.418469	0.999389	0.573150	0.264104	9	1	0.100000	37	1680	32.261539	0.668934	0.999366	28.431462	0.261295	0.550086	5047	33.209605	0.755952	0.999750	33.074500	0.232499	0.580756	0.235164	0.214893	-0.255510	-0.024753	True	0.493383	0.286193	0.551551	28.491375	0.999361	7707
7708.png	0.643939	0.877517	0.934763	0.941494	0.928128	0.999087	27.031242	0.999391	27.952185	0.687282	0.548870	0.797636	31.671915	0.611098	2011	5	0	0	10	1.934211	0.000000	152	147	216.651804	2.385721	0.019822	0.011302	-1.321961	-0.000386	-0.000095	0.040802	847.453356	0.687282	0.687282	5	0	5	0	10	1.934211	0.000000	5	0	152	147	142	1.473822	2.385721	216.651804	0.019822	44555	22.155644	32.588762	256x256	65536	sparse	Learned	272	5	28	2009	32.034564	0.645184	28.401688	0.999487	0.646480	0.403991	8	3	0.000000	41	1988	32.346231	0.683228	0.999485	28.709495	0.294136	0.636432	4657	32.951673	0.743643	0.999743	32.247103	0.268384	0.631217	-0.449503	0.144879	-0.362648	-0.034086	True	0.547062	0.436357	0.632638	28.353202	0.999473	7708
7709.png	0.747410	0.913149	0.954603	0.967326	0.942211	0.999118	25.350810	0.999527	26.945275	0.779424	0.491352	0.963552	30.949846	0.588326	2038	5	0	0	10	1.924812	0.000000	133	128	186.781746	2.889793	0.021680	-0.004453	-1.735375	-0.000414	-0.000040	0.040293	846.209049	0.779424	0.779424	5	0	5	0	10	1.924812	0.000000	5	0	133	128	123	1.459232	2.889793	186.781746	0.021680	45036	22.098135	32.157017	256x256	65536	sparse	Learned	253	5	25	1920	31.536423	0.622494	27.066004	0.999568	0.739130	0.395200	7	2	0.000000	37	1970	31.822771	0.664549	0.999573	27.484035	0.463846	0.743783	4696	32.480514	0.729530	0.999835	31.786837	0.289523	0.729261	-0.120729	0.096153	-0.586576	-0.034168	True	0.501424	0.483149	0.751863	27.086184	0.999532	7709
7710.png	0.612296	0.873292	0.932361	0.915961	0.949359	0.998957	27.951659	0.999040	28.217895	0.638976	0.619017	0.544313	30.731638	0.553327	2070	4	2	6	8	1.971014	0.500000	138	136	220.107648	3.283882	0.046994	0.007064	-0.058666	-0.000123	0.000010	0.007459	1234.091759	0.638976	0.638976	4	2	2	6	8	1.971014	0.500000	4	0	138	136	124	1.618439	3.283882	220.107648	0.046994	45445	21.954106	31.659903	256x256	65536	sparse	Learned	258	4	25	2057	31.018546	0.599053	28.047077	0.999030	0.631517	0.410741	9	7	0.000000	31	1944	31.227077	0.633772	0.998866	27.506393	0.365904	0.626928	4479	31.907012	0.709015	0.999465	30.955129	0.197481	0.621558	0.170818	0.208276	-0.286909	-0.045726	True	0.660404	0.359467	0.605232	28.010325	0.999080	7710
7711.png	0.709180	0.883482	0.938137	0.943631	0.932706	0.999076	27.416653	0.999358	28.205555	0.733190	0.712059	0.626108	31.549372	0.600086	2335	4	5	10	9	2.010526	1.250000	190	191	281.480231	2.599041	0.034698	-0.007308	-0.837081	-0.000298	0.000001	0.029710	913.995981	0.733190	0.733190	4	5	-1	10	9	2.010526	1.250000	4	1	190	191	171	1.473718	2.599041	281.480231	0.034698	44772	19.174304	28.066809	256x256	65536	sparse	Learned	310	4	29	2262	31.797340	0.641220	28.188541	0.999356	0.703481	0.452754	7	2	0.125000	40	2150	32.181105	0.681756	0.999360	28.349219	0.630646	0.716008	4106	32.526386	0.719431	0.999685	31.509796	0.394681	0.693809	0.017014	0.259305	-0.247968	-0.041135	True	0.735523	0.460516	0.716488	28.253734	0.999374	7711
7712.png	0.714941	0.882512	0.937590	0.945047	0.930249	0.999153	27.545384	0.999346	28.216291	0.738111	0.528577	0.794857	30.569898	0.544769	2042	5	4	8	12	1.985714	0.800000	140	139	220.965512	3.108280	0.041775	0.022960	-0.394893	-0.000181	0.000008	0.046133	1175.384998	0.738111	0.738111	5	4	1	8	12	1.985714	0.800000	5	0	140	139	120	1.589680	3.108280	220.965512	0.041775	45606	22.333986	32.094025	256x256	65536	sparse	Learned	260	5	24	1982	30.851559	0.590194	27.951120	0.999337	0.691978	0.345576	10	1	0.000000	30	1896	31.056876	0.628331	0.999230	27.403742	0.505397	0.685570	4669	31.802893	0.710352	0.999662	30.996269	0.203631	0.688257	0.265171	0.183001	-0.281661	-0.045426	True	0.556031	0.441965	0.691981	27.940277	0.999334	7712
7713.png	0.705502	0.935912	0.966895	0.964143	0.969662	0.998700	27.609609	0.998791	27.976927	0.714595	0.672085	0.727558	30.616904	0.552838	2366	4	8	14	8	2.048780	2.000000	164	168	257.279221	3.682322	0.038622	0.000272	-0.322699	-0.000127	0.000001	0.004985	1368.250847	0.714595	0.714595	4	8	-4	14	8	2.048780	2.000000	4	1	164	168	142	1.531424	3.682322	257.279221	0.038622	45601	19.273457	27.699070	256x256	65536	sparse	Learned	284	4	27	2363	30.986146	0.608852	27.915028	0.998790	0.709609	0.378115	12	7	0.000000	33	2316	31.244878	0.652148	0.998535	27.393318	0.524247	0.707497	3938	31.583914	0.682028	0.999300	30.561617	0.387374	0.709694	0.061899	0.293970	-0.369242	-0.056014	True	0.668789	0.486583	0.705230	27.932308	0.998827	7713
7714.png	0.542995	0.912154	0.954059	0.942786	0.965605	0.998828	28.227409	0.998849	28.453742	0.557416	0.656991	0.424908	30.485936	0.540392	2285	4	1	4	8	1.963636	0.250000	165	162	235.551299	3.334369	0.029820	0.000154	-0.130733	-0.000077	0.000030	0.008754	1325.109243	0.557416	0.557416	4	1	3	4	8	1.963636	0.250000	4	0	165	162	153	1.454020	3.334369	235.551299	0.029820	45700	20.000000	28.680963	256x256	65536	sparse	Learned	285	4	26	2235	30.876400	0.596498	28.320911	0.998819	0.548662	0.404157	9	4	0.000000	31	2176	31.068381	0.637730	0.998604	27.745156	0.534201	0.516590	4038	31.507695	0.682696	0.999209	30.383501	0.226005	0.552988	0.132831	0.252835	-0.390464	-0.056106	True	0.667129	0.283469	0.542841	28.358141	0.998905	7714
7715.png	0.740053	0.906333	0.950865	0.945586	0.956204	0.998918	28.424204	0.999019	28.836679	0.749735	0.678899	0.731843	31.480144	0.602630	2554	5	5	9	11	2.000000	1.000000	208	208	320.492424	2.809526	0.040109	0.012870	-0.422491	-0.000152	-0.000018	0.020375	1144.366503	0.749735	0.749735	5	5	0	9	11	2.000000	1.000000	5	0	208	208	188	1.540829	2.809526	320.492424	0.040109	44757	17.524276	25.660141	256x256	65536	sparse	Learned	328	5	31	2542	31.822041	0.651861	28.854296	0.999037	0.729360	0.544640	9	13	0.000000	39	2372	32.134447	0.692879	0.998926	28.526051	0.381217	0.712143	3486	32.251760	0.697946	0.999379	31.125650	0.326173	0.701166	-0.017617	0.134259	-0.341897	-0.049232	True	0.686514	0.502421	0.727184	28.846696	0.999070	7715
7716.png	0.626102	0.886625	0.939906	0.935514	0.944340	0.999342	27.393570	0.999451	28.062962	0.648000	0.601481	0.446305	31.305087	0.590689	2002	4	5	10	9	2.014085	1.250000	142	143	217.722871	2.540654	0.029679	0.011929	-0.651634	-0.000166	-0.000007	0.029775	917.587280	0.648000	0.648000	4	5	-1	10	9	2.014085	1.250000	4	1	142	143	123	1.522538	2.540654	217.722871	0.029679	44784	22.369630	32.735265	256x256	65536	sparse	Learned	262	4	26	1885	31.733215	0.625799	28.035937	0.999458	0.618225	0.376558	8	1	0.500000	36	1992	31.962205	0.668522	0.999320	27.544486	0.275170	0.593005	4423	32.571701	0.729331	0.999743	31.760117	0.197481	0.584786	0.027025	0.224923	-0.428128	-0.035110	True	0.626561	0.279637	0.614173	28.045204	0.999508	7716
7717.png	0.792771	0.919018	0.957801	0.968326	0.947502	0.999000	26.405583	0.999263	27.107363	0.808236	0.593430	0.863278	31.347489	0.614835	2469	5	1	3	11	1.954286	0.200000	175	171	264.078210	2.866856	0.038192	0.020432	-1.212707	-0.000356	-0.000126	0.044204	1091.891527	0.808236	0.808236	5	1	4	3	11	1.954286	0.200000	5	0	175	171	161	1.544317	2.866856	264.078210	0.038192	44802	18.145808	26.543540	256x256	65536	sparse	Learned	295	5	31	2464	32.004470	0.661430	27.639300	0.999389	0.764032	0.514868	6	1	0.400000	42	2416	32.280567	0.700629	0.999417	28.203644	0.646545	0.756865	3767	32.468736	0.707956	0.999692	31.133362	0.440102	0.760302	-0.531937	0.078563	-0.656981	-0.046594	True	0.598280	0.516482	0.772339	27.618290	0.999357	7717
7718.png	0.773569	0.919967	0.958315	0.965368	0.951365	0.999238	26.782765	0.999441	27.342774	0.801724	0.580210	0.844551	31.471091	0.600947	2261	5	1	4	12	1.952096	0.200000	167	163	244.894444	2.278647	0.038542	0.008263	-1.121313	-0.000311	-0.000103	0.034503	926.581860	0.801724	0.801724	5	1	4	4	12	1.952096	0.200000	5	0	167	163	151	1.502420	2.278647	244.894444	0.038542	44872	19.846086	28.985405	256x256	65536	sparse	Learned	287	5	28	2229	31.772155	0.638988	27.854219	0.999544	0.767221	0.496749	6	1	0.400000	40	2192	32.141649	0.682902	0.999533	28.051258	0.483149	0.763622	4093	32.459882	0.716136	0.999771	31.550070	0.425928	0.764009	-0.511446	0.083460	-0.301064	-0.038041	True	0.590165	0.498424	0.765306	27.904078	0.999549	7718
7719.png	0.597819	0.917172	0.956797	0.949129	0.964589	0.999060	28.552972	0.999071	28.665726	0.614598	0.548870	0.426630	31.536590	0.593761	2283	4	1	2	8	1.962500	0.250000	160	157	220.480231	3.040907	0.031322	-0.018936	-0.182321	-0.000038	0.000011	-0.009828	1169.945240	0.614598	0.614598	4	1	3	2	8	1.962500	0.250000	5	0	160	157	150	1.404333	3.040907	220.480231	0.031322	44794	19.620675	28.706088	256x256	65536	sparse	Learned	282	5	29	2269	31.788100	0.639108	28.726125	0.999061	0.624425	0.378460	9	1	0.100000	41	2208	32.133844	0.679350	0.998976	28.624170	0.312398	0.597103	4069	32.461433	0.717332	0.999504	31.522942	0.233342	0.635108	-0.060399	0.170410	-0.251510	-0.045347	True	0.564822	0.240970	0.616755	28.735293	0.999098	7719
7720.png	0.576271	0.861133	0.925386	0.905961	0.945662	0.999135	27.268673	0.999248	27.900191	0.598326	0.566126	0.489438	30.926605	0.562186	1921	4	0	1	7	1.937984	0.000000	129	125	179.610173	3.113563	0.037699	0.000852	-0.359259	-0.000130	0.000050	0.010875	1093.709469	0.598326	0.598326	4	0	4	1	7	1.937984	0.000000	4	0	129	125	121	1.436881	3.113563	179.610173	0.037699	45278	23.570016	34.115565	256x256	65536	sparse	Learned	249	4	24	1837	31.162016	0.597291	27.553734	0.999198	0.587451	0.226374	12	4	0.000000	33	1728	31.418184	0.633972	0.999145	27.410439	0.349491	0.584518	4920	32.272000	0.728113	0.999613	31.409515	0.193010	0.580721	0.346458	0.339752	-0.235411	-0.035105	True	0.552912	0.270616	0.575419	27.627931	0.999265	7720
7721.png	0.747432	0.898905	0.946761	0.938434	0.955237	0.999441	26.916241	0.999543	27.443930	0.779793	0.633955	0.948517	30.491671	0.545285	2158	4	2	3	8	1.974194	0.500000	155	153	232.450793	2.443459	0.043312	0.041824	-0.465141	-0.000139	-0.000017	0.045099	908.422232	0.779793	0.779793	4	2	2	3	8	1.974194	0.500000	4	0	155	153	144	1.519286	2.443459	232.450793	0.043312	45769	21.208990	30.368860	256x256	65536	sparse	Learned	275	4	24	2052	30.823180	0.591073	27.269711	0.999560	0.734694	0.524791	5	3	0.000000	31	2104	31.096462	0.640058	0.999498	26.833752	0.522886	0.717928	4362	31.667266	0.696947	0.999786	30.520363	0.510458	0.733756	0.174219	0.109165	-0.331509	-0.045788	True	0.646545	0.613259	0.705607	27.381383	0.999580	7721
7722.png	0.758271	0.881447	0.936988	0.959184	0.915797	0.998950	25.835257	0.999395	27.189821	0.803267	0.619017	0.854588	30.780451	0.576311	2157	4	7	13	9	2.044444	1.750000	135	138	225.137085	3.217451	0.058664	-0.011741	-1.492215	-0.000438	-0.000012	0.061270	1222.773314	0.803267	0.803267	4	7	-3	13	9	2.044444	1.750000	4	1	135	138	113	1.631428	3.217451	225.137085	0.058664	45259	20.982383	30.382939	256x256	65536	sparse	Learned	255	4	26	2050	31.319359	0.614857	27.273463	0.999408	0.741997	0.589344	4	2	0.500000	34	2078	31.560746	0.661558	0.999361	27.195540	0.481423	0.745124	4315	32.119641	0.707786	0.999752	31.435222	0.433059	0.753856	-0.083641	0.029673	-0.538909	-0.038545	True	0.591392	0.505397	0.770013	27.327472	0.999388	7722
7723.png	0.687648	0.915757	0.956026	0.960720	0.951378	0.998859	27.210177	0.999055	27.772016	0.707766	0.431640	0.903948	30.371942	0.525351	1638	4	0	1	7	1.904762	0.000000	84	80	117.154329	4.105170	0.030112	0.027556	0.121150	-0.000049	0.000123	0.036491	1117.317200	0.707766	0.707766	4	0	4	1	7	1.904762	0.000000	4	0	84	80	76	1.464429	4.105170	117.154329	0.030112	45900	28.021978	40.009768	256x256	65536	sparse	Learned	204	4	18	1475	30.488791	0.546028	27.044041	0.998932	0.671275	0.417252	7	5	0.000000	26	1620	30.722123	0.598969	0.998739	26.707641	0.359633	0.646142	5820	32.019095	0.743358	0.999591	31.649600	0.188792	0.697039	0.727976	0.014388	-0.116849	-0.020677	True	0.477954	0.432046	0.660091	27.089027	0.998908	7723
7724.png	0.597826	0.865314	0.927794	0.895893	0.962051	0.999412	27.817161	0.999415	27.985813	0.629104	0.534666	0.556701	30.639797	0.541824	1774	4	6	11	9	2.036364	1.500000	110	112	178.580736	3.009659	0.038358	-0.073370	0.396978	0.000000	0.000065	-0.088638	1125.108004	0.629104	0.629104	4	6	-2	11	9	2.036364	1.500000	4	1	110	112	90	1.594471	3.009659	178.580736	0.038358	45571	25.688275	36.942503	256x256	65536	sparse	Learned	230	4	21	1648	30.793732	0.570867	27.418562	0.999350	0.717742	0.317657	9	2	0.000000	29	1596	31.026332	0.613251	0.999242	26.930127	0.328002	0.636042	4971	31.976845	0.721048	0.999696	31.219541	0.186709	0.667560	0.567251	0.217009	-0.153934	-0.029043	True	0.583138	0.324634	0.671196	27.420183	0.999412	7724
7725.png	0.701777	0.889744	0.941655	0.947440	0.935941	0.999171	27.227174	0.999395	27.830611	0.722043	0.588522	0.702590	30.470259	0.546922	2259	5	2	4	11	1.964286	0.400000	168	165	252.965512	2.848391	0.029357	-0.012859	-0.305879	-0.000156	0.000041	0.015294	929.139137	0.722043	0.722043	5	2	3	4	11	1.964286	0.400000	5	0	168	165	153	1.533124	2.848391	252.965512	0.029357	45622	20.195662	29.011067	256x256	65536	sparse	Learned	288	5	25	2143	30.835072	0.596799	27.488039	0.999354	0.706748	0.458973	7	2	0.000000	32	2140	31.097009	0.642238	0.999288	27.332277	0.357250	0.685661	4207	31.609179	0.690244	0.999668	30.828108	0.391038	0.711779	0.342572	0.129549	-0.364813	-0.049877	True	0.591801	0.415793	0.714636	27.533053	0.999327	7725
7726.png	0.640441	0.873757	0.932626	0.923201	0.942244	0.999217	27.276523	0.999375	27.734071	0.661417	0.537912	0.623409	31.361068	0.594785	2089	5	5	11	13	2.000000	1.000000	133	133	225.308658	2.747701	0.054632	-0.000959	-0.389735	-0.000139	-0.000001	-0.004274	1145.020723	0.661417	0.661417	5	5	0	11	13	2.000000	1.000000	5	0	133	133	109	1.694050	2.747701	225.308658	0.054632	44852	21.470560	31.371948	256x256	65536	sparse	Learned	253	5	27	2073	31.662336	0.632017	27.747240	0.999376	0.665691	0.376558	8	3	0.000000	36	1856	31.929826	0.664112	0.999276	27.379939	0.331019	0.625637	4494	32.542915	0.727409	0.999706	31.586836	0.232568	0.638618	-0.013169	0.161354	-0.301268	-0.037232	True	0.552465	0.344412	0.641399	27.666258	0.999356	7726
7727.png	0.571429	0.888317	0.940856	0.949725	0.932151	0.999098	28.347120	0.999253	28.722790	0.604563	0.658702	0.558808	31.146131	0.572448	2138	4	4	8	10	2.000000	1.000000	164	164	246.793939	2.672835	0.041973	0.016831	-0.098530	-0.000132	0.000062	0.015847	1178.752661	0.604563	0.604563	4	4	0	8	10	2.000000	1.000000	4	0	164	164	146	1.504841	2.672835	246.793939	0.041973	45114	21.101029	30.652947	256x256	65536	sparse	Learned	284	4	27	2138	31.381801	0.615694	28.343739	0.999191	0.588716	0.382982	7	0	0.625000	34	2128	31.635096	0.659089	0.999012	27.754630	0.354351	0.574374	4148	32.109546	0.706396	0.999527	31.180171	0.189030	0.574890	0.379052	0.275720	-0.235670	-0.043245	True	0.665460	0.371865	0.554598	28.445650	0.999230	7727
7728.png	0.442809	0.854332	0.921445	0.911975	0.931113	0.998344	28.626377	0.998459	28.974205	0.454812	0.698806	0.225104	30.249337	0.530672	2625	5	8	18	14	2.029412	1.600000	204	207	354.433550	3.234796	0.051381	-0.016118	-0.111831	-0.000126	0.000052	-0.019070	1542.126179	0.454812	0.454812	5	8	-3	18	14	2.029412	1.600000	5	1	204	207	172	1.712239	3.234796	354.433550	0.051381	45877	17.476952	24.966095	256x256	65536	sparse	Learned	324	5	28	2602	30.720526	0.601884	28.747248	0.998407	0.473882	0.215616	21	3	0.000000	31	2462	30.921641	0.642144	0.998063	28.008710	0.150126	0.422194	3396	31.062939	0.645360	0.998615	29.771604	0.140650	0.450481	0.226958	0.483189	-0.471189	-0.071212	True	0.731794	0.164730	0.458927	28.738208	0.998471	7728
7729.png	0.601276	0.861961	0.925864	0.934524	0.917362	0.999193	28.653191	0.999350	28.921712	0.626536	0.561327	0.521059	31.156977	0.570110	1987	5	2	4	10	1.962733	0.400000	161	158	232.823376	2.489327	0.036056	0.012734	0.077964	-0.000092	0.000030	0.017244	887.139797	0.626536	0.626536	5	2	3	4	10	1.962733	0.400000	5	1	161	158	147	1.473566	2.489327	232.823376	0.036056	45015	22.654756	32.982386	256x256	65536	sparse	Learned	281	5	26	1984	31.442482	0.611017	28.517561	0.999321	0.609292	0.299527	10	3	0.000000	35	1978	31.666108	0.651782	0.999205	27.959796	0.256708	0.598180	4638	32.338232	0.725941	0.999665	31.706865	0.081488	0.594846	0.404150	0.261799	-0.285505	-0.040906	True	0.580210	0.302324	0.588542	28.575227	0.999286	7729
7730.png	0.697154	0.898599	0.946592	0.948592	0.944600	0.998956	27.129603	0.999181	27.934800	0.708134	0.615188	0.590914	31.480839	0.600710	2121	4	3	8	8	1.985612	0.750000	139	138	224.764502	3.168649	0.040019	-0.010766	-0.994141	-0.000279	-0.000028	0.016488	1212.264061	0.708134	0.708134	4	3	1	8	8	1.985612	0.750000	4	1	139	138	123	1.628728	3.168649	224.764502	0.040019	44758	21.102310	30.898633	256x256	65536	sparse	Learned	259	4	27	1991	31.817696	0.635406	28.132914	0.999209	0.691646	0.536987	6	4	0.000000	39	2094	32.092874	0.678885	0.999177	28.156048	0.613259	0.674589	4396	32.617690	0.729484	0.999610	31.613179	0.442337	0.678682	-0.198115	0.078201	-0.336857	-0.034696	True	0.635781	0.375692	0.707921	28.123744	0.999235	7730
7731.png	0.635036	0.816842	0.899189	0.881818	0.917258	0.999190	26.869135	0.999355	27.546539	0.669825	0.672085	0.742225	30.737866	0.566204	2202	4	5	10	9	2.011494	1.250000	174	175	259.208153	2.513476	0.030778	0.014193	-0.611427	-0.000228	-0.000025	0.033116	1026.324749	0.669825	0.669825	4	5	-1	10	9	2.011494	1.250000	4	1	174	175	155	1.481189	2.513476	259.208153	0.030778	45339	20.589918	29.762035	256x256	65536	sparse	Learned	294	4	26	2166	31.162376	0.612040	27.563400	0.999380	0.636709	0.471199	7	4	0.000000	34	2092	31.469168	0.652055	0.999320	27.326479	0.451188	0.627476	3966	31.885974	0.693881	0.999681	30.926705	0.274657	0.625478	-0.016862	0.200886	-0.424510	-0.045835	True	0.724729	0.537912	0.620844	27.480563	0.999418	7731
7732.png	0.646881	0.902163	0.948565	0.941429	0.955810	0.998978	28.016188	0.998956	28.144054	0.639523	0.646545	0.573774	30.174040	0.527375	2474	5	3	9	13	1.979695	0.600000	197	195	302.320851	3.091514	0.038322	-0.035381	-0.098038	-0.000061	-0.000002	-0.035604	1371.670723	0.639523	0.639523	5	3	2	9	13	1.979695	0.600000	5	0	197	195	175	1.550363	3.091514	302.320851	0.038322	45966	18.579628	26.489895	256x256	65536	sparse	Learned	317	5	26	2363	30.588022	0.590236	28.104559	0.998958	0.675127	0.507809	9	9	0.000000	30	2472	30.835784	0.641499	0.998722	27.205554	0.200818	0.648457	3650	31.094327	0.655598	0.999349	30.098971	0.143974	0.666500	0.039495	0.138736	-0.413983	-0.062861	True	0.669781	0.384303	0.682262	28.114226	0.999039	7732
7733.png	0.476751	0.878587	0.935370	0.918108	0.953293	0.998453	28.627629	0.998458	28.967475	0.483516	0.653544	0.414183	30.459493	0.530244	2009	4	6	13	9	2.028169	1.500000	142	144	237.308658	3.647471	0.046396	-0.019330	0.376456	0.000099	0.000249	-0.013201	1362.842083	0.483516	0.483516	4	6	-2	13	9	2.028169	1.500000	4	1	142	144	120	1.647977	3.647471	237.308658	0.046396	45710	22.752613	32.621205	256x256	65536	sparse	Learned	262	4	23	1959	30.594237	0.573899	28.285582	0.998209	0.496718	0.208638	20	2	0.000000	29	1966	30.937227	0.618240	0.998011	28.023736	0.046792	0.487648	4399	31.564608	0.694900	0.998918	30.838147	0.031552	0.410090	0.681893	0.444906	-0.134744	-0.043655	True	0.651808	0.269968	0.496081	28.251172	0.998355	7733
7734.png	0.642112	0.861300	0.925482	0.916337	0.934812	0.999075	27.126627	0.999336	27.876093	0.682214	0.732865	0.645680	30.874894	0.579268	2545	4	5	10	10	2.010000	1.250000	200	201	299.977705	2.569671	0.023073	0.023064	-0.732051	-0.000329	-0.000043	0.044742	946.691990	0.682214	0.682214	4	5	-1	10	10	2.010000	1.250000	4	0	200	201	180	1.492426	2.569671	299.977705	0.023073	45183	17.753635	25.750884	256x256	65536	sparse	Learned	320	4	30	2473	31.460576	0.634725	27.875640	0.999379	0.637472	0.440102	10	5	0.000000	40	2514	31.810427	0.682186	0.999357	27.993718	0.414064	0.613574	3646	31.939008	0.688320	0.999633	30.749184	0.311294	0.636414	0.000453	0.292763	-0.585682	-0.055457	True	0.761885	0.491933	0.619048	27.858678	0.999404	7734
7735.png	0.639570	0.861015	0.925318	0.904300	0.947335	0.998911	28.355459	0.998949	28.756786	0.626082	0.643706	0.620542	31.116105	0.573680	2258	5	6	14	13	2.010811	1.200000	185	186	290.308658	2.953729	0.042904	-0.020876	-0.359896	-0.000138	-0.000037	-0.009599	1301.733732	0.626082	0.626082	5	6	-1	14	13	2.010811	1.200000	5	0	185	186	158	1.560799	2.953729	290.308658	0.042904	45155	19.997786	29.023915	256x256	65536	sparse	Learned	305	5	28	2184	31.423554	0.619134	28.726188	0.998986	0.635681	0.447057	8	7	0.000000	36	2088	31.660931	0.658073	0.998876	28.461445	0.344147	0.616359	4074	32.096642	0.703128	0.999369	31.171937	0.350420	0.602542	0.030599	0.196650	-0.307449	-0.045454	True	0.657677	0.408116	0.660446	28.715355	0.999049	7735
7736.png	0.652004	0.913958	0.955045	0.939096	0.971545	0.999517	27.061101	0.999545	27.402153	0.677043	0.561765	0.591331	30.480967	0.540032	1983	4	0	0	8	1.939394	0.000000	132	128	194.965512	2.519095	0.024588	-0.009272	0.141650	-0.000046	-0.000007	0.003265	841.803551	0.677043	0.677043	4	0	4	0	8	1.939394	0.000000	4	0	132	128	124	1.523168	2.519095	194.965512	0.024588	45697	23.044377	33.048916	256x256	65536	sparse	Learned	252	4	23	1894	30.778009	0.581269	26.924580	0.999552	0.673778	0.338007	8	0	0.500000	29	1856	30.998848	0.622730	0.999482	26.593763	0.409430	0.655678	4778	31.790418	0.710620	0.999798	31.032825	0.220680	0.672146	0.477574	0.223758	-0.297042	-0.041237	True	0.583138	0.344828	0.661276	26.919451	0.999562	7736
7737.png	0.578392	0.847003	0.917165	0.896494	0.938811	0.999224	27.360153	0.999352	28.258917	0.613086	0.520974	0.579942	30.899263	0.561169	2005	5	1	2	10	1.944056	0.200000	143	139	206.994949	2.819281	0.041149	-0.015382	-0.778554	-0.000207	-0.000018	0.001975	980.878115	0.613086	0.613086	5	1	4	2	10	1.944056	0.200000	5	0	143	139	131	1.489172	2.819281	206.994949	0.041149	45277	22.582045	32.686284	256x256	65536	sparse	Learned	263	5	25	1906	31.190661	0.599635	28.144201	0.999370	0.611111	0.413912	7	4	0.000000	32	1868	31.446182	0.640493	0.999262	27.638818	0.235926	0.578358	4596	32.141035	0.717838	0.999659	31.235951	0.206188	0.587397	0.114715	0.107062	-0.291398	-0.038466	True	0.635781	0.368716	0.593773	28.138707	0.999431	7737
7738.png	0.610236	0.819417	0.900747	0.910791	0.890922	0.998846	26.618270	0.999360	28.018266	0.665292	0.691181	0.554596	30.628685	0.565097	2256	4	8	13	7	2.045977	2.000000	174	178	274.279221	2.676993	0.029148	0.009212	-1.276173	-0.000516	-0.000020	0.065522	1009.287119	0.665292	0.665292	4	8	-4	13	7	2.045977	2.000000	4	2	174	178	154	1.540894	2.676993	274.279221	0.029148	45320	20.088652	29.049645	256x256	65536	sparse	Learned	294	4	26	2171	31.173315	0.613110	27.951437	0.999380	0.599770	0.425928	8	3	0.250000	34	2122	31.463664	0.654641	0.999320	27.676786	0.344147	0.589949	3975	31.868633	0.693815	0.999673	31.107552	0.335959	0.587156	0.066829	0.265253	-0.544630	-0.048013	True	0.714924	0.396494	0.601024	27.894442	0.999362	7738
7739.png	0.715121	0.868534	0.929642	0.918414	0.941149	0.998606	28.037036	0.998659	28.467537	0.746745	0.810809	0.724772	30.493688	0.551936	2846	4	9	22	15	2.043290	2.250000	231	236	391.019336	3.027508	0.043490	0.000486	-0.595380	-0.000248	-0.000073	0.011211	1227.284908	0.746745	0.746745	4	9	-5	22	15	2.043290	2.250000	4	0	231	236	194	1.656862	3.027508	391.019336	0.043490	45658	16.042867	23.027407	256x256	65536	sparse	Learned	351	4	31	2836	31.055316	0.626293	28.593154	0.998732	0.735534	0.550671	12	19	0.000000	36	2842	31.268585	0.676037	0.998490	27.907877	0.140856	0.714230	3033	31.199750	0.646112	0.999115	29.901962	0.244216	0.700161	-0.125617	0.260138	-0.561628	-0.074357	True	0.841975	0.610239	0.714635	28.632416	0.998854	7739
7740.png	0.578382	0.892857	0.943396	0.936268	0.950634	0.998673	27.692347	0.998877	28.343618	0.593928	0.580210	0.387946	31.426268	0.599521	2244	5	3	6	11	1.974843	0.600000	159	157	246.137085	2.931736	0.045793	0.001527	-0.744447	-0.000266	-0.000015	0.022080	1323.886395	0.593928	0.593928	5	3	2	6	11	1.974843	0.600000	5	0	159	157	142	1.567752	2.931736	246.137085	0.045793	44778	19.954545	29.204991	256x256	65536	sparse	Learned	279	5	28	2194	31.786528	0.639545	28.424275	0.998892	0.571848	0.237574	16	2	0.000000	40	2126	32.099130	0.677017	0.998910	28.684745	0.260053	0.576182	4034	32.471477	0.716755	0.999399	31.342714	0.219250	0.581776	-0.080657	0.342636	-0.360260	-0.040024	True	0.601481	0.233342	0.576855	28.436794	0.998938	7740
7741.png	0.600671	0.878644	0.935402	0.908199	0.964286	0.999158	28.815382	0.999076	28.995950	0.615183	0.515191	0.826203	30.777762	0.548198	1976	5	4	8	11	1.984375	0.800000	128	127	206.722871	3.153607	0.058071	-0.014027	0.571409	0.000024	0.000157	-0.016184	1313.905716	0.615183	0.615183	5	4	1	8	11	1.984375	0.800000	5	0	128	127	109	1.627739	3.153607	206.722871	0.058071	45445	22.998482	33.165992	256x256	65536	sparse	Learned	248	5	23	1867	30.843293	0.584688	28.267418	0.998919	0.631367	0.378737	10	7	0.000000	30	1870	31.206381	0.626153	0.998825	27.876023	0.104166	0.601557	4476	31.859427	0.706317	0.999421	31.136723	0.049707	0.563239	0.728532	0.136454	-0.065531	-0.036490	True	0.536060	0.442894	0.614698	28.243973	0.999135	7741
7743.png	0.592233	0.889419	0.941474	0.933222	0.949873	0.998970	28.986851	0.999072	29.119226	0.607922	0.534666	0.578512	31.808129	0.603237	1760	4	7	11	7	2.056075	1.750000	107	110	170.124892	3.391259	0.038657	-0.022967	0.300371	0.000032	0.000111	-0.024078	1211.962938	0.607922	0.607922	4	7	-3	11	7	2.056075	1.750000	4	1	107	110	89	1.546590	3.391259	170.124892	0.038657	44499	25.283523	37.236364	256x256	65536	sparse	Learned	227	4	25	1741	31.894901	0.628042	28.654413	0.998961	0.632000	0.402072	7	6	0.000000	37	1756	32.188812	0.667729	0.998806	28.380669	0.455561	0.566775	5323	33.148533	0.758811	0.999457	32.311935	0.260239	0.606184	0.464813	0.132594	-0.086772	-0.024805	True	0.525266	0.303872	0.615200	28.686480	0.998938	7743
7744.png	0.761057	0.903127	0.949098	0.947267	0.950936	0.999140	26.416830	0.999343	27.172916	0.786692	0.663110	0.839747	30.822534	0.584638	2675	5	3	8	13	1.979487	0.600000	195	193	317.220346	2.525691	0.043464	0.034255	-1.118053	-0.000297	-0.000093	0.057429	881.665945	0.786692	0.786692	5	3	2	8	13	1.979487	0.600000	5	0	195	193	174	1.643629	2.525691	317.220346	0.043464	45356	16.955514	24.499439	256x256	65536	sparse	Learned	315	5	31	2666	31.438318	0.639979	27.528515	0.999436	0.729263	0.509058	7	1	0.300000	40	2648	31.770498	0.686554	0.999439	27.928070	0.700008	0.727841	3551	31.864330	0.682651	0.999677	30.513410	0.518091	0.732011	-0.355599	0.154053	-0.615784	-0.055341	True	0.675023	0.566848	0.726801	27.534883	0.999437	7744
7745.png	0.610681	0.875092	0.933386	0.913344	0.954327	0.999252	27.720551	0.999261	28.289087	0.604354	0.648308	0.575770	30.614500	0.547656	2111	4	1	3	9	1.962963	0.250000	162	159	234.722871	2.606145	0.027011	0.025750	-0.181127	-0.000098	0.000021	0.029604	1037.909031	0.604354	0.604354	4	1	3	3	9	1.962963	0.250000	4	0	162	159	150	1.476244	2.606145	234.722871	0.027011	45474	21.541450	31.045002	256x256	65536	sparse	Learned	282	4	25	2012	30.999166	0.594550	27.946594	0.999241	0.574751	0.451188	7	3	0.000000	32	2038	31.203633	0.637538	0.999100	27.517516	0.547062	0.553793	4179	31.729489	0.694544	0.999565	30.839678	0.204331	0.564777	0.342493	0.197120	-0.384665	-0.046894	True	0.662098	0.381217	0.584932	27.901678	0.999350	7745
7746.png	0.725456	0.880789	0.936617	0.939616	0.933636	0.999367	26.877921	0.999548	27.396692	0.766964	0.430692	0.868204	31.335078	0.605402	2021	6	0	0	12	1.907692	0.000000	130	124	193.651804	2.729096	0.040425	0.041683	-0.379393	-0.000195	-0.000040	0.065358	813.789606	0.766964	0.766964	6	0	6	0	12	1.907692	0.000000	6	0	130	124	118	1.561708	2.729096	193.651804	0.040425	44716	22.125680	32.427511	256x256	65536	sparse	Learned	250	6	27	1969	31.851498	0.638747	27.284469	0.999588	0.701607	0.256708	12	0	0.500000	38	1908	32.130161	0.676039	0.999549	27.444125	0.263212	0.688701	4574	32.817071	0.739773	0.999818	31.764723	0.306604	0.685649	0.112223	0.173984	-0.516420	-0.033344	True	0.443822	0.385328	0.683774	27.257314	0.999561	7746
7747.png	0.647394	0.893130	0.943548	0.933511	0.953804	0.998673	28.133404	0.998734	28.508324	0.652806	0.741278	0.438690	30.251923	0.547470	2939	5	3	9	14	1.983740	0.600000	246	244	393.161472	2.898102	0.041700	0.016382	-0.653238	-0.000243	-0.000071	0.025861	1346.416473	0.652806	0.652806	5	3	2	9	14	1.983740	0.600000	5	0	246	244	223	1.611318	2.898102	393.161472	0.041700	45722	15.556992	22.298741	256x256	65536	sparse	Learned	366	5	31	2868	31.034603	0.626351	28.807811	0.998804	0.626945	0.347536	20	11	0.000000	37	2836	31.258740	0.674176	0.998646	28.322533	0.251161	0.600703	3062	31.170205	0.644471	0.999080	29.981577	0.277989	0.621746	-0.299488	0.393741	-0.782680	-0.078882	True	0.758286	0.332653	0.631012	28.786643	0.998915	7747
7748.png	0.701870	0.900215	0.947487	0.934298	0.961054	0.999581	27.513984	0.999619	27.690512	0.746667	0.457735	0.585351	30.570798	0.538940	1806	5	0	0	10	1.913793	0.000000	116	111	178.651804	2.448976	0.036729	-0.000130	0.585753	-0.000006	0.000057	0.012731	816.009998	0.746667	0.746667	5	0	5	0	10	1.913793	0.000000	5	0	116	111	106	1.609476	2.448976	178.651804	0.036729	45657	25.280731	36.287929	256x256	65536	sparse	Learned	236	5	21	1756	30.595643	0.569711	26.863402	0.999562	0.733936	0.310990	8	0	0.700000	29	1652	30.946616	0.614559	0.999472	26.353929	0.401503	0.675076	5111	31.939879	0.723837	0.999818	31.025898	0.256899	0.717435	0.827109	0.146744	-0.024845	-0.030770	True	0.470594	0.275463	0.702000	26.928231	0.999587	7748
7749.png	0.728537	0.898972	0.946798	0.946497	0.947100	0.999069	27.587783	0.999230	28.089291	0.757837	0.667129	0.636162	31.415119	0.600312	2576	5	7	15	14	2.020513	1.400000	195	197	320.149278	2.642358	0.054799	-0.020273	-0.728331	-0.000249	-0.000100	0.013623	1177.594900	0.757837	0.757837	5	7	-2	15	14	2.020513	1.400000	5	0	195	197	166	1.625123	2.642358	320.149278	0.054799	44896	17.428571	25.440994	256x256	65536	sparse	Learned	315	5	32	2573	31.819288	0.651462	28.322176	0.999329	0.744214	0.545506	7	3	0.000000	40	2460	32.107466	0.692102	0.999223	28.110409	0.453622	0.726511	3586	32.180980	0.695458	0.999566	31.033784	0.479691	0.734253	-0.232884	0.121623	-0.404169	-0.051150	True	0.677612	0.431071	0.748810	28.316114	0.999318	7749
7750.png	0.788758	0.919898	0.958278	0.957011	0.959549	0.998909	26.962255	0.999160	27.666427	0.800124	0.570013	0.951327	30.549114	0.553011	2381	5	4	8	12	1.987805	0.800000	164	163	245.622366	3.182887	0.026375	0.020229	-0.641384	-0.000285	-0.000040	0.042343	1140.921831	0.800124	0.800124	5	4	1	8	12	1.987805	0.800000	5	0	164	163	144	1.506886	3.182887	245.622366	0.026375	45562	19.135657	27.524570	256x256	65536	sparse	Learned	284	5	26	2318	30.926857	0.607554	27.633984	0.999199	0.757782	0.617107	6	8	0.000000	32	2110	31.159127	0.645490	0.999041	27.132344	0.579650	0.773066	3869	31.527295	0.680205	0.999575	30.629936	0.505397	0.741458	0.032443	-0.047094	-0.377743	-0.054542	True	0.586873	0.558308	0.768529	27.603640	0.999194	7750
7752.png	0.759437	0.891729	0.942766	0.929467	0.956452	0.999254	26.844751	0.999290	27.418013	0.803438	0.609372	0.954711	30.056317	0.520458	2169	4	1	3	9	1.956522	0.250000	138	135	213.894444	2.937163	0.050090	0.045628	-0.314599	-0.000115	0.000028	0.062128	1191.728354	0.803438	0.803438	4	1	3	3	9	1.956522	0.250000	4	0	138	135	126	1.584403	2.937163	213.894444	0.050090	46193	21.296911	30.214846	256x256	65536	sparse	Learned	258	4	23	2076	30.372168	0.571862	27.196806	0.999262	0.741310	0.626187	5	10	0.000000	28	2108	30.649020	0.619804	0.999039	26.428968	0.610932	0.755916	4269	31.189259	0.675616	0.999529	29.602955	0.365552	0.742934	0.221207	-0.016815	-0.315852	-0.051403	True	0.644774	0.615572	0.713809	27.159351	0.999369	7752
7753.png	0.520667	0.902768	0.948900	0.938053	0.960000	0.999050	28.601712	0.999127	29.002376	0.526542	0.472708	0.662584	31.825290	0.610850	2054	6	2	3	11	1.945946	0.333333	148	144	203.610173	2.978652	0.033730	0.007792	-0.119644	-0.000103	-0.000007	0.013143	1150.324821	0.526542	0.526542	6	2	4	3	11	1.945946	0.333333	6	0	148	144	134	1.413960	2.978652	203.610173	0.033730	44491	21.660662	31.906524	256x256	65536	sparse	Learned	268	6	28	2010	32.061850	0.645458	28.842421	0.999134	0.513399	0.331592	7	3	0.000000	41	1922	32.322134	0.676024	0.999072	28.836162	0.279277	0.511364	4507	32.907456	0.741043	0.999529	31.909076	0.189892	0.515067	0.159955	0.141115	-0.236560	-0.034608	True	0.500093	0.331354	0.512876	28.721356	0.999153	7753
7754.png	0.748679	0.907270	0.951381	0.931455	0.972178	0.999290	27.300359	0.999326	27.514214	0.778111	0.507372	0.729361	30.662744	0.555527	2159	5	0	0	10	1.932886	0.000000	149	144	202.651804	3.014683	0.016535	0.037490	-0.320915	-0.000112	-0.000029	0.047820	1236.136436	0.778111	0.778111	5	0	5	0	10	1.932886	0.000000	5	0	149	144	139	1.407304	3.014683	202.651804	0.016535	45564	21.104215	30.354794	256x256	65536	sparse	Learned	269	5	25	2121	30.999851	0.602254	27.647818	0.999355	0.730290	0.368716	9	2	0.000000	31	1982	31.209873	0.638434	0.999243	27.029345	0.498424	0.717510	4200	31.772717	0.696896	0.999678	30.865512	0.396769	0.726231	-0.133604	0.138655	-0.337107	-0.046728	True	0.524791	0.382762	0.711189	27.621273	0.999402	7754
7755.png	0.795775	0.903579	0.949347	0.946875	0.951832	0.999416	26.424001	0.999585	27.056336	0.832139	0.557361	0.973177	30.247021	0.525645	1895	4	0	0	8	1.937500	0.000000	128	124	178.681241	2.664088	0.028258	0.047793	-0.495279	-0.000156	-0.000006	0.052540	1037.006855	0.832139	0.832139	4	0	4	0	8	1.937500	0.000000	4	0	128	124	120	1.440978	2.664088	178.681241	0.028258	45904	24.223747	34.583641	256x256	65536	sparse	Learned	248	4	22	1821	30.490707	0.566238	26.942613	0.999591	0.779599	0.574717	4	2	0.000000	28	1860	30.804352	0.612537	0.999555	26.647155	0.546155	0.781671	4677	31.549979	0.699410	0.999828	31.041021	0.391951	0.781279	0.113723	-0.017356	-0.243686	-0.040594	True	0.570443	0.555142	0.747982	26.919280	0.999572	7755
7756.png	0.678114	0.910093	0.952930	0.952641	0.953220	0.999006	28.231043	0.999130	28.664271	0.678696	0.691181	0.487707	30.528463	0.538057	2264	4	7	16	11	2.036145	1.750000	166	169	270.279221	3.284262	0.036003	0.002284	-0.117001	-0.000088	0.000047	0.018458	1377.187014	0.678696	0.678696	4	7	-3	16	11	2.036145	1.750000	4	0	166	169	139	1.599285	3.284262	270.279221	0.036003	45763	20.213339	28.946996	256x256	65536	sparse	Learned	286	4	26	2244	30.792974	0.594636	28.344362	0.999082	0.660238	0.343963	13	9	0.000000	29	2062	30.948051	0.628758	0.998842	27.390450	0.249532	0.661036	3976	31.437882	0.681601	0.999375	30.089240	0.249238	0.664568	0.319909	0.347218	-0.264512	-0.056579	True	0.727468	0.354792	0.675830	28.348044	0.999094	7756
7757.png	0.773988	0.930836	0.964179	0.955621	0.972892	0.999104	28.027736	0.999175	28.294593	0.791329	0.731526	0.867456	30.897577	0.568134	2583	4	1	4	10	1.970874	0.250000	206	203	296.450793	2.898115	0.023837	-0.007414	-0.044391	-0.000120	-0.000006	0.003336	1256.146669	0.791329	0.791329	4	1	3	4	10	1.970874	0.250000	4	0	206	203	192	1.460349	2.898115	296.450793	0.023837	45388	17.571816	25.372048	256x256	65536	sparse	Learned	326	4	28	2474	31.201560	0.621626	28.122152	0.999180	0.787994	0.777983	4	7	0.000000	37	2582	31.599396	0.674812	0.999110	27.922804	0.464203	0.770901	3620	31.681176	0.678144	0.999453	29.975105	0.456649	0.776144	0.172441	-0.046457	-0.303983	-0.053492	True	0.753403	0.653544	0.781403	28.072127	0.999224	7757
7758.png	0.707285	0.930079	0.963773	0.959184	0.968407	0.998900	27.244376	0.999023	27.724385	0.721116	0.501424	0.792409	31.495645	0.602775	2268	5	0	0	10	1.931507	0.000000	146	141	202.965512	3.426705	0.021252	0.001256	-0.357993	-0.000130	0.000027	0.011698	1229.202032	0.721116	0.721116	5	0	5	0	10	1.931507	0.000000	5	0	146	141	136	1.439472	3.426705	202.965512	0.021252	44793	19.750000	28.895944	256x256	65536	sparse	Learned	266	5	28	2231	31.763155	0.641640	27.580949	0.998996	0.709418	0.433846	9	8	0.000000	42	2254	32.203509	0.687343	0.999028	28.199952	0.601481	0.745993	4093	32.487425	0.717538	0.999507	31.074086	0.633345	0.726538	0.143435	0.067579	-0.267510	-0.038865	True	0.537912	0.426247	0.706029	27.602369	0.999030	7758
7759.png	0.609920	0.920000	0.958333	0.941176	0.976127	0.998995	28.244775	0.998954	28.397021	0.623337	0.673720	0.455462	30.855752	0.561402	2227	4	6	13	10	2.023810	1.500000	168	170	256.036580	3.160462	0.034605	-0.016071	0.019350	-0.000015	0.000045	-0.019779	1470.177174	0.623337	0.623337	4	6	-2	13	10	2.023810	1.500000	4	0	168	170	145	1.506098	3.160462	256.036580	0.034605	45367	20.371352	29.427930	256x256	65536	sparse	Learned	288	4	26	2156	31.124532	0.607593	28.218543	0.998909	0.643116	0.308734	13	3	0.000000	33	2206	31.395285	0.654324	0.998609	27.573976	0.305803	0.571516	4083	31.816561	0.696052	0.999360	30.912845	0.289810	0.622449	0.178478	0.364986	-0.268781	-0.046191	True	0.680181	0.309797	0.625991	28.225425	0.999010	7759
7760.png	0.661696	0.891892	0.942857	0.936399	0.949405	0.999325	27.085331	0.999483	27.721039	0.684161	0.552912	0.764134	31.390610	0.588818	1853	4	1	2	8	1.949580	0.250000	119	116	186.237590	2.678565	0.041989	-0.024790	-0.708563	-0.000185	-0.000023	-0.008837	787.244320	0.684161	0.684161	4	1	3	2	8	1.949580	0.250000	4	0	119	116	109	1.605496	2.678565	186.237590	0.041989	44874	24.216945	35.367512	256x256	65536	sparse	Learned	239	4	25	1775	31.674618	0.617034	27.774783	0.999506	0.692998	0.428791	5	3	0.000000	33	1816	31.874692	0.659611	0.999427	27.327639	0.426502	0.678826	4991	32.752989	0.744815	0.999801	32.131823	0.325196	0.686310	-0.053745	0.124121	-0.284008	-0.028216	True	0.555142	0.424203	0.686486	27.793894	0.999511	7760
7761.png	0.761468	0.901547	0.948225	0.935084	0.961740	0.999055	29.063836	0.999033	29.283292	0.778246	0.624689	1.009603	31.729788	0.603429	2042	4	2	4	9	1.973154	0.500000	149	147	218.580736	3.031646	0.041864	0.015842	-0.029354	-0.000041	-0.000003	0.012987	1191.817284	0.778246	0.778246	4	2	2	4	9	1.973154	0.500000	4	0	149	147	136	1.486944	3.031646	218.580736	0.041864	44466	21.775710	32.094025	256x256	65536	sparse	Learned	269	4	28	2024	32.008213	0.640105	29.146601	0.999037	0.765258	0.428791	9	6	0.000000	40	1998	32.293865	0.676881	0.998992	29.030027	0.133246	0.748876	4653	32.881210	0.742667	0.999537	32.307037	0.080250	0.701623	0.136691	0.195898	-0.278425	-0.036676	True	0.650062	0.656305	0.745626	29.093189	0.999096	7761
7762.png	0.658621	0.879693	0.935996	0.938980	0.933032	0.999175	25.773811	0.999474	27.194423	0.680105	0.478997	0.674406	30.805546	0.566833	1979	5	1	2	10	1.933333	0.200000	120	116	194.279221	2.754937	0.040045	-0.007784	-1.406894	-0.000301	-0.000045	0.015279	875.815153	0.680105	0.680105	5	1	4	2	10	1.933333	0.200000	5	0	120	116	108	1.674821	2.754937	194.279221	0.040045	45308	22.894391	33.115715	256x256	65536	sparse	Learned	240	5	25	1944	31.242828	0.605230	27.255776	0.999519	0.664826	0.400362	7	1	0.300000	32	1970	31.470772	0.648876	0.999465	27.315258	0.448989	0.652070	4677	32.213118	0.723400	0.999763	31.205657	0.373746	0.650000	-0.061352	0.078636	-0.437282	-0.038397	True	0.483149	0.325839	0.666404	27.180705	0.999476	7762
7763.png	0.627053	0.904292	0.949741	0.944359	0.955185	0.998910	27.679074	0.999012	27.978838	0.638473	0.760691	0.384237	30.361654	0.544254	2603	4	3	10	10	1.990291	0.750000	206	205	325.806133	2.960487	0.045889	-0.019209	-0.231611	-0.000176	-0.000019	-0.010365	1093.945026	0.638473	0.638473	4	3	1	10	10	1.990291	0.750000	4	0	206	205	186	1.589298	2.960487	325.806133	0.045889	45745	17.573953	25.177103	256x256	65536	sparse	Learned	326	4	28	2540	30.867555	0.610125	27.930604	0.999032	0.648837	0.337297	14	4	0.000000	33	2550	31.106762	0.659171	0.998904	27.500269	0.302324	0.642223	3595	31.296117	0.665543	0.999342	29.757418	0.243611	0.632022	0.048234	0.423394	-0.505901	-0.065872	True	0.784544	0.301451	0.646262	27.910685	0.999087	7763
7764.png	0.464016	0.898921	0.946770	0.939969	0.953670	0.998520	28.308015	0.998676	28.625676	0.475138	0.664455	0.439730	30.372770	0.540860	2543	5	3	8	11	1.980392	0.600000	204	202	302.279221	3.315361	0.035717	-0.019163	-0.081516	-0.000101	0.000052	-0.016601	1413.031340	0.475138	0.475138	5	3	2	8	11	1.980392	0.600000	5	0	204	202	185	1.496432	3.315361	302.279221	0.035717	45848	18.029099	25.771136	256x256	65536	sparse	Learned	324	5	27	2517	30.736584	0.603134	28.328146	0.998624	0.491740	0.292285	14	2	0.000000	31	2356	31.015326	0.644419	0.998373	27.751880	0.312023	0.439883	3538	31.225963	0.656487	0.998780	29.667617	0.353617	0.483839	0.297531	0.372170	-0.363813	-0.062274	True	0.680181	0.299096	0.483179	28.389531	0.998621	7764
7765.png	0.739389	0.879549	0.935915	0.955744	0.916893	0.999210	25.253765	0.999590	26.716522	0.789286	0.615188	0.708223	30.601122	0.562503	2118	4	2	4	9	1.973856	0.500000	153	151	220.894444	2.549324	0.019640	0.038274	-1.639673	-0.000380	-0.000039	0.093896	810.435295	0.789286	0.789286	4	2	2	4	9	1.973856	0.500000	4	0	153	151	140	1.462877	2.549324	220.894444	0.019640	45446	21.457035	30.942398	256x256	65536	sparse	Learned	273	4	25	2021	31.087382	0.605133	26.925901	0.999629	0.695389	0.539757	5	0	0.875000	33	2038	31.375194	0.649190	0.999596	27.064778	0.591801	0.697409	4083	31.850295	0.695768	0.999821	30.826448	0.266553	0.698777	-0.209378	0.075431	-0.486261	-0.042629	True	0.605446	0.428791	0.701115	26.893438	0.999590	7765
7766.png	0.675023	0.878671	0.935418	0.959516	0.912500	0.998284	27.025440	0.998764	27.914481	0.705539	0.723349	0.668188	30.592731	0.568045	2532	4	3	7	10	1.989583	0.750000	192	191	297.048773	3.188303	0.036801	0.017117	-0.960536	-0.000410	-0.000015	0.049154	1330.714703	0.705539	0.705539	4	3	1	7	10	1.989583	0.750000	4	0	192	191	175	1.555229	3.188303	297.048773	0.036801	45415	17.936414	25.883096	256x256	65536	sparse	Learned	312	4	28	2480	31.174222	0.624821	27.941564	0.998779	0.656386	0.381217	14	8	0.000000	36	2500	31.475617	0.675161	0.998664	27.677039	0.399966	0.662555	3338	31.631171	0.672289	0.999231	30.409377	0.346372	0.648778	-0.027083	0.342133	-0.581490	-0.056776	True	0.753403	0.503415	0.657906	27.985976	0.998695	7766
7767.png	0.771858	0.884565	0.938747	0.914209	0.964639	0.999686	26.537659	0.999735	27.263255	0.764861	0.485726	0.940136	30.127121	0.514797	1694	4	0	0	8	1.925926	0.000000	108	104	152.610173	2.462644	0.028474	0.065490	0.475304	-0.000016	0.000043	0.026850	804.677725	0.764861	0.764861	4	0	4	0	8	1.925926	0.000000	4	0	108	104	100	1.467406	2.462644	152.610173	0.028474	46077	27.200118	38.687131	256x256	65536	sparse	Learned	228	4	20	1623	30.333392	0.547999	26.238505	0.999691	0.738012	0.294304	7	0	0.625000	25	1670	30.591890	0.593509	0.999647	25.982543	0.448437	0.738717	5577	31.785534	0.730222	0.999878	31.118342	0.322943	0.724654	1.024750	0.191422	-0.206271	-0.033202	True	0.485726	0.456649	0.706368	26.062354	0.999702	7767
7768.png	0.798808	0.929016	0.963202	0.950185	0.976580	0.999019	27.848319	0.999019	28.058316	0.803536	0.721963	0.886903	30.867204	0.570938	2566	4	10	20	12	2.065934	2.500000	182	188	315.333044	3.260095	0.052100	-0.014067	-0.169780	-0.000057	0.000010	-0.002346	1228.928804	0.803536	0.803536	4	10	-6	20	12	2.065934	2.500000	4	1	182	188	150	1.677303	3.260095	315.333044	0.052100	45388	17.688231	25.540140	256x256	65536	sparse	Learned	302	4	29	2528	31.234588	0.625778	28.025148	0.999009	0.805882	0.819134	4	16	0.000000	36	2468	31.540450	0.674826	0.998884	27.604176	0.599197	0.794425	3678	31.727066	0.683479	0.999429	30.510116	0.754387	0.799109	0.033168	-0.097172	-0.367384	-0.054840	True	0.745893	0.661535	0.812874	28.018099	0.999076	7768
7769.png	0.452446	0.892491	0.943192	0.927569	0.959350	0.998290	28.580997	0.997911	28.989210	0.457636	0.684942	0.260513	31.332785	0.593123	2294	4	2	4	9	1.977778	0.500000	180	178	265.592929	3.342976	0.033487	0.007595	-0.447431	-0.000225	0.000121	0.010686	1492.365599	0.457636	0.457636	4	2	2	4	9	1.977778	0.500000	4	0	180	178	167	1.492095	3.342976	265.592929	0.033487	44780	19.520488	28.568439	256x256	65536	sparse	Learned	300	4	29	2243	31.759318	0.636701	28.990911	0.997789	0.446950	0.224063	19	3	0.000000	42	2284	32.131496	0.681292	0.997451	29.015594	0.199169	0.418229	4083	32.419368	0.715233	0.998845	31.676040	0.180384	0.484588	-0.001701	0.460879	-0.426533	-0.043578	True	0.645129	0.168064	0.444851	29.028428	0.998515	7769
7770.png	0.586137	0.896552	0.945455	0.929849	0.961593	0.999102	28.368287	0.999102	28.491397	0.610851	0.624689	0.560531	31.215973	0.583699	2146	4	3	6	8	1.986928	0.750000	153	152	225.793939	3.146657	0.035366	0.024964	-0.005258	-0.000058	0.000000	0.028604	1202.010870	0.610851	0.610851	4	3	1	6	8	1.986928	0.750000	4	0	153	152	139	1.485486	3.146657	225.793939	0.035366	44921	20.932432	30.538677	256x256	65536	sparse	Learned	273	4	27	2022	31.562992	0.623446	28.365878	0.999102	0.582247	0.332653	9	2	0.000000	35	1960	31.767962	0.658867	0.998948	27.871719	0.360776	0.567174	4279	32.338739	0.717545	0.999500	31.337975	0.301451	0.598137	0.125519	0.292036	-0.347019	-0.039747	True	0.637598	0.357393	0.561174	28.373545	0.999160	7770
7771.png	0.500751	0.885116	0.939057	0.922440	0.956284	0.999322	28.406080	0.999344	28.566517	0.515556	0.576838	0.401852	30.502901	0.531041	1939	4	0	1	9	1.942857	0.000000	140	136	200.308658	3.036778	0.029942	0.083144	0.752872	0.000095	0.000142	0.089411	1130.439758	0.515556	0.515556	4	0	4	1	9	1.942857	0.000000	4	0	140	136	130	1.472858	3.036778	200.308658	0.029942	45766	23.602888	33.798865	256x256	65536	sparse	Learned	260	4	22	1753	30.646569	0.566591	27.673127	0.999202	0.426145	0.169489	14	1	0.000000	29	1916	30.914290	0.617022	0.999104	27.061848	0.255468	0.420664	4477	31.557753	0.696708	0.999591	30.778194	0.129998	0.486427	0.893390	0.407349	-0.143669	-0.035550	True	0.617107	0.247986	0.417607	27.653208	0.999226	7771
7772.png	0.685755	0.895908	0.945097	0.946171	0.944024	0.999227	27.688884	0.999295	28.031843	0.704348	0.570443	0.576439	30.448825	0.531245	1937	4	3	6	9	1.984496	0.750000	129	128	189.267027	3.233019	0.028296	0.025090	0.105463	-0.000045	0.000047	0.039998	1162.693024	0.704348	0.704348	4	3	1	6	9	1.984496	0.750000	4	0	129	128	114	1.478649	3.233019	189.267027	0.028296	45771	23.629840	33.833764	256x256	65536	sparse	Learned	249	4	22	1766	30.632506	0.567975	27.593875	0.999248	0.664350	0.381217	8	3	0.000000	29	1894	30.872870	0.617683	0.999107	26.938080	0.260527	0.678025	4861	31.707533	0.711483	0.999631	31.001334	0.161009	0.664420	0.437967	0.189226	-0.183681	-0.036730	True	0.603469	0.347863	0.660665	27.583422	0.999271	7772
7773.png	0.558845	0.892932	0.943438	0.925308	0.962293	0.999189	28.881687	0.999204	29.023473	0.581129	0.596670	0.427527	31.495460	0.591421	2217	5	4	10	12	1.988095	0.800000	168	167	268.078210	2.569938	0.039721	-0.013902	-0.085927	-0.000072	0.000019	-0.006694	1051.716566	0.581129	0.581129	5	4	1	10	12	1.988095	0.800000	5	0	168	167	146	1.605259	2.569938	268.078210	0.039721	44787	20.201624	29.560668	256x256	65536	sparse	Learned	288	5	29	2176	31.775557	0.632689	28.956941	0.999185	0.587824	0.336350	10	3	0.000000	39	2130	32.032285	0.671172	0.999123	28.712253	0.367312	0.547936	4113	32.392936	0.715555	0.999495	31.165421	0.208990	0.545645	0.066533	0.260320	-0.280097	-0.041267	True	0.606235	0.259182	0.572747	28.967614	0.999261	7773
7774.png	0.691868	0.874226	0.932893	0.935676	0.930125	0.999069	27.987738	0.999253	28.497434	0.710052	0.624689	0.686133	30.270160	0.526340	2354	5	0	1	11	1.947644	0.000000	191	186	285.149278	2.645002	0.033031	-0.004388	-0.035506	-0.000144	0.000055	0.006889	1001.906872	0.710052	0.710052	5	0	5	1	11	1.947644	0.000000	5	0	191	186	179	1.533061	2.645002	285.149278	0.033031	45927	19.510195	27.840272	256x256	65536	sparse	Learned	311	5	26	2310	30.611518	0.588655	28.009567	0.999198	0.703163	0.426247	9	3	0.000000	30	2290	30.823459	0.632817	0.999014	27.200118	0.127594	0.683483	3749	31.171278	0.666822	0.999511	30.110556	0.099842	0.671264	0.487867	0.198442	-0.341358	-0.062315	True	0.727468	0.499140	0.696256	28.023244	0.999214	7774
7775.png	0.747343	0.909018	0.952341	0.950751	0.953936	0.999228	27.380872	0.999344	27.857739	0.763591	0.597476	0.812199	31.471960	0.594281	2089	4	5	7	7	2.014286	1.250000	140	141	208.066017	2.964294	0.029066	0.016282	-0.393790	-0.000138	-0.000009	0.029501	1112.169504	0.763591	0.763591	4	5	-1	7	7	2.014286	1.250000	4	1	140	141	126	1.475646	2.964294	208.066017	0.029066	44850	21.469603	31.371948	256x256	65536	sparse	Learned	260	4	26	1931	31.710747	0.625693	27.767661	0.999354	0.734091	0.589344	4	4	0.000000	37	2072	31.956297	0.671913	0.999279	27.452386	0.460259	0.732778	4429	32.535728	0.726779	0.999691	31.571214	0.557803	0.721884	0.090078	0.008132	-0.238788	-0.031412	True	0.624689	0.507372	0.731061	27.774663	0.999366	7775
7776.png	0.654923	0.862372	0.926101	0.921272	0.930980	0.998376	28.215336	0.998410	28.861283	0.671027	0.747160	0.671559	30.326003	0.532943	2426	4	14	25	10	2.106952	3.500000	187	197	334.605122	3.121808	0.048122	0.028226	-0.247228	-0.000168	0.000088	0.047767	1509.380579	0.671027	0.671027	4	14	-10	25	10	2.106952	3.500000	4	2	187	197	152	1.698503	3.121808	334.605122	0.048122	45757	18.861088	27.014015	256x256	65536	sparse	Learned	307	4	27	2389	30.742920	0.597073	28.488374	0.998322	0.623260	0.399504	14	6	0.000000	31	2226	30.952715	0.634948	0.997835	27.818973	0.076054	0.606164	3900	31.334677	0.673335	0.998779	30.307939	0.065085	0.582211	0.372909	0.347656	-0.416917	-0.064130	True	0.780192	0.523945	0.626697	28.462564	0.998544	7776
7777.png	0.663091	0.911779	0.953854	0.943396	0.964546	0.998459	28.472831	0.998456	28.699282	0.679961	0.607807	0.930888	30.106503	0.522714	2453	5	1	2	10	1.955556	0.200000	180	176	268.764502	3.465525	0.048380	-0.010874	-0.187363	-0.000170	-0.000048	-0.012859	1401.856422	0.679961	0.679961	5	1	4	2	10	1.955556	0.200000	5	0	180	176	168	1.527071	3.465525	268.764502	0.048380	46056	18.775377	26.716673	256x256	65536	sparse	Learned	300	5	26	2394	30.525153	0.587495	28.668571	0.998505	0.692820	0.539087	11	18	0.000000	28	2262	30.726621	0.627209	0.998028	27.738938	0.093610	0.696645	3708	31.039721	0.652943	0.998845	29.805519	0.150801	0.656632	0.030711	0.068720	-0.418650	-0.064781	True	0.633589	0.589800	0.673965	28.660194	0.998629	7777
7778.png	0.579208	0.914863	0.955539	0.948392	0.962794	0.999182	28.209125	0.999278	28.547001	0.603559	0.662098	0.421027	30.877789	0.559934	2204	4	3	7	10	1.987879	0.750000	165	164	250.622366	2.759163	0.039025	0.004544	0.059319	-0.000095	0.000001	0.009098	1071.113825	0.603559	0.603559	4	3	1	7	10	1.987879	0.750000	4	0	165	164	148	1.528185	2.759163	250.622366	0.039025	45358	20.579855	29.735027	256x256	65536	sparse	Learned	285	4	26	2122	31.142843	0.606532	28.193985	0.999277	0.594460	0.212446	17	1	0.000000	33	2144	31.436032	0.652100	0.999100	27.805207	0.360776	0.559802	4033	31.836467	0.695138	0.999554	30.769253	0.220333	0.578125	0.353015	0.449652	-0.265054	-0.046598	True	0.670441	0.282273	0.574664	28.149806	0.999276	7778
7779.png	0.478832	0.817488	0.899580	0.889057	0.910355	0.998954	27.684545	0.999055	28.661432	0.522576	0.639405	0.243919	30.223742	0.519135	1973	4	7	12	9	2.039474	1.750000	152	155	235.237590	2.993972	0.045111	0.008752	-0.421961	-0.000177	0.000113	0.028905	1427.659273	0.522576	0.522576	4	7	-3	12	9	2.039474	1.750000	4	1	152	155	131	1.517662	2.993972	235.237590	0.045111	45875	23.251394	33.216422	256x256	65536	sparse	Learned	272	4	23	1881	30.552100	0.566712	28.135789	0.998942	0.493671	0.281730	11	1	0.125000	28	1834	30.758555	0.604084	0.998799	27.712529	0.146719	0.464507	4606	31.502087	0.699093	0.999475	30.913351	0.087895	0.508333	0.525643	0.357676	-0.328357	-0.047577	True	0.675348	0.164730	0.470080	28.106506	0.999132	7779
7780.png	0.644708	0.836207	0.910798	0.905132	0.916535	0.999134	26.672455	0.999410	27.702381	0.675150	0.684942	0.414027	30.629039	0.558183	2274	4	5	8	6	2.011628	1.250000	172	173	260.320851	2.506827	0.029636	-0.003868	-0.671041	-0.000281	0.000015	0.019090	1014.004230	0.675150	0.675150	4	5	-1	8	6	2.011628	1.250000	4	1	172	173	158	1.504745	2.506827	260.320851	0.029636	45465	19.993404	28.819701	256x256	65536	sparse	Learned	292	4	26	2156	31.084142	0.608299	27.383771	0.999395	0.656060	0.292596	13	0	0.000000	33	2198	31.382170	0.653622	0.999342	27.302782	0.284662	0.619986	4096	31.817612	0.696595	0.999691	30.749400	0.201484	0.661745	0.318611	0.392346	-0.455103	-0.050116	True	0.681776	0.282273	0.648575	27.343496	0.999415	7780
7781.png	0.496210	0.899181	0.946915	0.946659	0.947170	0.997991	28.082777	0.998191	28.623319	0.507379	0.713495	0.282074	30.836716	0.559914	2392	4	9	17	9	2.055866	2.250000	179	184	279.865007	3.526172	0.034063	-0.011895	-0.313089	-0.000204	0.000021	-0.003529	1586.412191	0.507379	0.507379	4	9	-5	17	9	2.055866	2.250000	4	1	179	184	153	1.521005	3.526172	279.865007	0.034063	45362	18.964047	27.397993	256x256	65536	sparse	Learned	299	4	27	2228	31.162269	0.611993	28.409594	0.998170	0.510908	0.217501	19	3	0.000000	36	2288	31.467997	0.658351	0.998163	28.272674	0.313201	0.491770	3907	31.771882	0.688584	0.998863	30.780427	0.163210	0.510638	0.213725	0.495994	-0.325553	-0.052079	True	0.712059	0.200853	0.508105	28.395865	0.998195	7781
7782.png	0.717660	0.899543	0.947115	0.958055	0.936423	0.998698	27.930193	0.998940	28.295577	0.751452	0.642993	0.797871	30.980549	0.570795	2219	4	4	9	9	2.000000	1.000000	154	154	230.308658	3.475004	0.022678	-0.010776	-0.223223	-0.000115	0.000070	0.002307	1410.521030	0.751452	0.751452	4	4	0	9	9	2.000000	1.000000	4	0	154	154	136	1.495511	3.475004	230.308658	0.022678	45293	20.411447	29.534024	256x256	65536	sparse	Learned	274	4	27	2209	31.264114	0.616031	28.117544	0.998870	0.749145	0.489022	7	4	0.000000	33	2018	31.484236	0.652327	0.998629	27.584557	0.478699	0.747600	3935	31.918776	0.694469	0.999413	31.143427	0.403647	0.723224	0.178033	0.153971	-0.283565	-0.045236	True	0.695779	0.555142	0.728436	28.153416	0.998814	7782
7783.png	0.584382	0.889183	0.941342	0.939496	0.943195	0.998681	27.880049	0.998775	28.369452	0.596417	0.606235	0.440058	30.916444	0.574572	2381	5	5	9	10	2.000000	1.000000	171	171	276.977705	3.295120	0.042381	-0.007607	-0.629848	-0.000294	-0.000114	0.012716	1356.023312	0.596417	0.596417	5	5	0	9	10	2.000000	1.000000	5	1	171	171	152	1.619753	3.295120	276.977705	0.042381	45221	18.992440	27.524570	256x256	65536	sparse	Learned	291	5	29	2348	31.403302	0.626865	28.576689	0.998889	0.583702	0.321248	16	8	0.000000	36	2296	31.627217	0.668236	0.998814	28.455298	0.301326	0.581231	3881	31.934452	0.694905	0.999209	30.769674	0.168480	0.583253	-0.207237	0.284986	-0.486858	-0.052293	True	0.571158	0.251343	0.591988	28.509897	0.998974	7783
7784.png	0.760258	0.906878	0.951165	0.963777	0.938878	0.999238	26.155134	0.999473	26.934132	0.789728	0.620158	0.637470	29.752144	0.524105	2657	5	0	0	10	1.951456	0.000000	206	201	275.936075	2.824711	0.022023	0.032220	-0.828644	-0.000222	-0.000022	0.064196	858.474731	0.789728	0.789728	5	0	5	0	10	1.951456	0.000000	5	0	206	201	196	1.372816	2.824711	275.936075	0.022023	46218	17.394806	24.665412	256x256	65536	sparse	Learned	326	5	26	2496	30.410186	0.593237	26.958927	0.999494	0.725532	0.490844	8	3	0.000000	30	2500	30.656579	0.644146	0.999412	26.450069	0.667129	0.733121	3423	30.841266	0.636038	0.999708	29.531222	0.676967	0.717263	-0.024795	0.129314	-0.658042	-0.069132	True	0.716346	0.456649	0.728038	26.983777	0.999460	7784
7785.png	0.549493	0.906174	0.950778	0.956388	0.945233	0.998520	27.492347	0.998789	27.935768	0.568685	0.678899	0.399484	30.420233	0.548724	2703	5	6	16	13	2.010050	1.200000	199	200	330.119841	2.962639	0.056756	-0.009733	-0.585703	-0.000274	-0.000085	0.008533	1322.586775	0.568685	0.568685	5	6	-1	16	13	2.010050	1.200000	5	0	199	200	170	1.650599	2.962639	330.119841	0.056756	45829	16.954865	24.245653	256x256	65536	sparse	Learned	319	5	29	2678	30.893584	0.616202	28.085847	0.998874	0.560152	0.315086	13	1	0.000000	33	2586	31.116461	0.662151	0.998578	27.369701	0.389819	0.564478	3540	31.233085	0.659969	0.999100	29.474226	0.228948	0.564867	-0.150079	0.363813	-0.473351	-0.067479	True	0.702399	0.280597	0.559226	28.078050	0.998795	7785
7786.png	0.612026	0.914654	0.955425	0.938068	0.973436	0.999391	28.097780	0.999430	28.379672	0.622871	0.548870	0.477108	31.266390	0.588762	2123	5	0	1	11	1.932886	0.000000	149	144	230.036580	2.571764	0.024350	0.017492	-0.007754	-0.000074	-0.000008	0.026494	867.708206	0.622871	0.622871	5	0	5	1	11	1.932886	0.000000	5	0	149	144	137	1.597476	2.571764	230.036580	0.024350	44875	21.137541	30.869524	256x256	65536	sparse	Learned	269	5	26	2040	31.560757	0.625406	28.175828	0.999438	0.596377	0.283946	10	3	0.000000	37	2040	31.871784	0.668446	0.999305	27.677122	0.307883	0.595325	4245	32.395789	0.719437	0.999679	31.215762	0.230761	0.598985	0.203844	0.264924	-0.294367	-0.036644	True	0.564822	0.269481	0.594535	28.105534	0.999465	7786
7787.png	0.641819	0.901320	0.948099	0.955363	0.940945	0.999153	27.346627	0.999391	27.923578	0.666235	0.683363	0.498833	30.650574	0.558501	2457	4	2	4	9	1.978378	0.500000	185	183	272.320851	2.820403	0.020548	-0.013743	-0.472399	-0.000188	0.000011	0.007582	1124.738216	0.666235	0.666235	4	2	2	4	9	1.978378	0.500000	4	0	185	183	172	1.488092	2.820403	272.320851	0.020548	45566	18.545381	26.673179	256x256	65536	sparse	Learned	305	4	28	2454	31.112388	0.617923	27.795146	0.999380	0.658654	0.330796	12	2	0.000000	34	2352	31.324245	0.659749	0.999295	27.407401	0.443292	0.628519	3801	31.589612	0.681259	0.999634	30.390086	0.329680	0.670054	0.128432	0.352567	-0.461814	-0.059422	True	0.701803	0.350082	0.655562	27.819026	0.999342	7787
7788.png	0.604918	0.799695	0.888701	0.849515	0.931677	0.999233	28.997915	0.999087	29.559596	0.616106	0.568289	0.559190	30.647541	0.539373	1818	4	3	7	10	1.983740	0.750000	123	122	197.651804	3.038329	0.041736	0.014815	0.135062	-0.000094	0.000116	-0.000763	1240.933418	0.616106	0.616106	4	3	1	7	10	1.983740	0.750000	4	0	123	122	106	1.620097	3.038329	197.651804	0.041736	45522	25.039604	36.048405	256x256	65536	sparse	Learned	243	4	23	1791	30.879521	0.578969	28.849697	0.998971	0.616869	0.509992	6	1	0.250000	28	1644	31.055542	0.609008	0.998735	28.082444	0.086281	0.600276	5323	32.130714	0.736000	0.999437	31.750518	0.031579	0.295971	0.709899	0.058298	-0.231980	-0.039595	True	0.607414	0.339660	0.590103	28.862852	0.999327	7788
7789.png	0.617133	0.880240	0.936306	0.914667	0.958993	0.999485	27.191926	0.999512	27.450986	0.627032	0.611320	0.536747	30.360016	0.534655	2057	4	7	14	10	2.043796	1.750000	137	140	229.279221	2.750852	0.045925	0.002695	-0.042427	-0.000052	0.000047	0.009738	992.558956	0.627032	0.627032	4	7	-3	14	10	2.043796	1.750000	4	1	137	140	113	1.637709	2.750852	229.279221	0.045925	45811	22.270783	31.859990	256x256	65536	sparse	Learned	257	4	23	1966	30.648780	0.579549	27.082656	0.999466	0.617294	0.277071	9	0	0.000000	28	1828	30.900462	0.617285	0.999338	26.443132	0.426502	0.592563	4474	31.618761	0.697626	0.999766	31.038406	0.364494	0.613269	0.368330	0.334249	-0.288764	-0.044894	True	0.603469	0.323910	0.614438	27.234353	0.999536	7789
7790.png	0.626398	0.887865	0.940602	0.927025	0.954583	0.999342	26.728444	0.999444	27.190174	0.652012	0.646545	0.479160	30.826696	0.565756	2166	4	1	4	10	1.963415	0.250000	164	161	235.651804	2.718556	0.027094	0.008605	-0.412423	-0.000098	0.000013	0.021362	860.442877	0.652012	0.652012	4	1	3	4	10	1.963415	0.250000	4	0	164	161	150	1.463676	2.718556	235.651804	0.027094	45369	20.945983	30.256694	256x256	65536	sparse	Learned	284	4	25	2056	31.120040	0.605505	27.118704	0.999432	0.630650	0.360776	8	1	0.000000	33	2114	31.448894	0.651636	0.999455	27.349917	0.371516	0.649506	4402	31.983053	0.704869	0.999740	31.034799	0.331911	0.638149	0.071471	0.285770	-0.293344	-0.039749	True	0.670441	0.321248	0.617794	27.140867	0.999440	7790
7791.png	0.588028	0.897333	0.945889	0.949671	0.942137	0.998280	28.682071	0.998395	28.903890	0.598131	0.721963	0.308487	30.248985	0.526338	2422	4	7	13	8	2.033149	1.750000	181	184	293.421356	3.624446	0.042033	-0.005359	0.163607	-0.000018	0.000107	0.002357	1361.609936	0.598131	0.598131	4	7	-3	13	8	2.033149	1.750000	4	1	181	184	160	1.594681	3.624446	293.421356	0.042033	45899	18.950867	27.058629	256x256	65536	sparse	Learned	301	4	26	2315	30.613143	0.587668	28.465303	0.998289	0.595773	0.233143	22	9	0.000000	31	2418	30.880472	0.639495	0.998037	27.898666	0.072364	0.568241	3836	31.162788	0.664301	0.998803	29.934683	0.058357	0.592624	0.438587	0.488820	-0.364158	-0.061330	True	0.759492	0.234294	0.593387	28.518465	0.998298	7791
7792.png	0.721275	0.894888	0.944529	0.920741	0.969579	0.999292	27.644181	0.999322	28.103614	0.736919	0.639405	0.540817	30.558739	0.544897	2178	4	1	2	8	1.962500	0.250000	160	157	229.894444	2.798529	0.030425	0.019509	-0.161303	-0.000092	0.000023	0.014338	1030.828714	0.736919	0.736919	4	1	3	2	8	1.962500	0.250000	4	0	160	157	150	1.464296	2.798529	229.894444	0.030425	45662	20.965106	30.089991	256x256	65536	sparse	Learned	280	4	25	2117	30.859253	0.594004	27.805064	0.999300	0.722581	0.345338	11	3	0.000000	31	1956	31.098312	0.631081	0.999228	27.448175	0.440102	0.684278	4269	31.675593	0.695367	0.999623	30.888955	0.223998	0.711576	0.298550	0.294067	-0.300514	-0.049107	True	0.681776	0.368716	0.701766	27.805483	0.999384	7792
7793.png	0.688047	0.915157	0.955699	0.949555	0.961924	0.999459	26.740081	0.999580	27.257399	0.712329	0.466342	0.562014	30.832042	0.561779	1918	5	0	0	10	1.918033	0.000000	122	117	181.409163	2.748609	0.032386	0.033628	-0.383876	-0.000104	0.000017	0.053792	864.908934	0.712329	0.712329	5	0	5	0	10	1.918033	0.000000	5	0	122	117	112	1.550506	2.748609	181.409163	0.032386	45314	23.625652	34.168926	256x256	65536	sparse	Learned	242	5	24	1910	31.124911	0.599717	27.142399	0.999563	0.658537	0.281076	8	0	0.700000	32	1876	31.399564	0.642393	0.999503	26.885413	0.355964	0.648485	4700	32.116270	0.717593	0.999799	31.208202	0.246960	0.664330	0.115001	0.185266	-0.292869	-0.037938	True	0.487267	0.273851	0.654418	27.123956	0.999563	7793
7794.png	0.535561	0.927801	0.962548	0.943460	0.982425	0.999339	27.753141	0.999342	27.862497	0.536341	0.576838	0.372644	31.524292	0.599273	1938	4	2	4	8	1.970149	0.500000	134	132	193.509668	2.996901	0.025786	-0.004735	-0.012405	-0.000050	-0.000003	-0.008309	1121.834040	0.536341	0.536341	4	2	2	4	8	1.970149	0.500000	4	0	134	132	122	1.465982	2.996901	193.509668	0.025786	44745	23.088235	33.816305	256x256	65536	sparse	Learned	254	4	26	1893	31.782508	0.629893	27.772505	0.999345	0.544650	0.224308	10	0	0.250000	37	1896	32.074053	0.668037	0.999320	27.975614	0.268384	0.536290	4770	32.792547	0.741194	0.999661	31.676747	0.272640	0.574059	0.089991	0.352530	-0.258216	-0.030621	True	0.585217	0.218078	0.540296	27.765546	0.999388	7794
7795.png	0.473552	0.844080	0.915448	0.885609	0.947368	0.999583	27.682803	0.999639	28.153938	0.484223	0.480558	0.665462	30.322920	0.517868	1552	4	2	4	9	1.959184	0.500000	98	96	147.639610	2.824710	0.037960	-0.018492	0.472738	-0.000025	0.000078	-0.019323	990.706444	0.484223	0.484223	4	2	2	4	9	1.959184	0.500000	4	0	98	96	85	1.537913	2.824710	147.639610	0.037960	45867	29.553479	42.226804	256x256	65536	sparse	Learned	218	4	18	1475	30.396481	0.540622	27.204434	0.999561	0.503546	0.254226	6	1	0.250000	24	1414	30.664931	0.582155	0.999499	26.579536	0.259182	0.485207	5797	31.985053	0.741651	0.999819	31.700285	0.199085	0.510613	0.949504	0.226331	-0.073561	-0.022754	True	0.464739	0.309266	0.492044	27.210064	0.999608	7795
7796.png	0.780972	0.919178	0.957887	0.959943	0.955840	0.999221	27.466861	0.999327	27.857505	0.816655	0.604656	0.806967	31.242567	0.587662	2391	5	1	3	11	1.954023	0.200000	174	170	269.835570	2.631995	0.041197	-0.001525	-0.254320	-0.000098	0.000012	0.018347	1119.814634	0.816655	0.816655	5	1	4	3	11	1.954023	0.200000	5	0	174	170	160	1.587268	2.631995	269.835570	0.041197	45180	18.895859	27.409452	256x256	65536	sparse	Learned	294	5	29	2359	31.515686	0.634173	27.706806	0.999315	0.798308	0.615572	5	3	0.000000	38	2342	31.818092	0.678553	0.999285	27.763470	0.558098	0.776978	3727	32.069173	0.694101	0.999648	30.921584	0.424622	0.779762	0.150699	-0.010916	-0.273118	-0.046510	True	0.607807	0.490480	0.782497	27.721181	0.999319	7796
7797.png	0.681818	0.816417	0.898931	0.895450	0.902439	0.999306	27.460101	0.999440	27.902421	0.745925	0.520974	0.739228	31.145794	0.578980	2065	5	0	0	10	1.933333	0.000000	150	145	212.551299	2.379088	0.022767	0.025211	-0.766014	-0.000209	-0.000040	0.022341	924.792290	0.745925	0.745925	5	0	5	0	10	1.933333	0.000000	5	0	150	145	140	1.465871	2.379088	212.551299	0.022767	45007	21.795157	31.736562	256x256	65536	sparse	Learned	270	5	26	1982	31.507646	0.620246	28.105317	0.999480	0.723584	0.412865	8	1	0.200000	36	2004	31.743444	0.659871	0.999394	27.758892	0.303485	0.704731	4346	32.308044	0.717525	0.999747	31.480436	0.216103	0.697119	-0.202896	0.108109	-0.361852	-0.041266	True	0.541594	0.400362	0.656607	28.226116	0.999515	7797
7798.png	0.723779	0.850431	0.919171	0.936207	0.902743	0.999093	26.955299	0.999468	28.081961	0.768650	0.593430	0.503842	30.801847	0.557568	2033	4	1	2	8	1.958904	0.250000	146	143	206.237590	2.750157	0.024142	-0.000031	-0.973077	-0.000299	0.000005	0.042193	1105.407953	0.768650	0.768650	4	1	3	2	8	1.958904	0.250000	4	0	146	143	136	1.442221	2.750157	206.237590	0.024142	45324	22.294147	32.236104	256x256	65536	sparse	Learned	266	4	24	1873	31.122075	0.596161	27.893633	0.999463	0.726457	0.477954	6	5	0.000000	32	1890	31.357739	0.639646	0.999385	27.458203	0.368716	0.724771	4399	31.966649	0.707532	0.999749	31.364419	0.308278	0.692598	0.188328	0.115476	-0.320227	-0.038594	True	0.637598	0.321248	0.723810	27.928376	0.999392	7798
7799.png	0.757740	0.873398	0.932421	0.941436	0.923577	0.998566	27.208407	0.998934	27.930922	0.790698	0.721963	0.868708	30.846930	0.570931	2521	4	7	16	9	2.033898	1.750000	177	180	288.906638	3.210497	0.040059	0.015423	-0.873523	-0.000366	-0.000023	0.025707	1257.127047	0.790698	0.790698	4	7	-3	16	9	2.033898	1.750000	4	1	177	180	152	1.605037	3.210497	288.906638	0.040059	45293	17.966283	25.996033	256x256	65536	sparse	Learned	297	4	29	2492	31.306394	0.626905	28.020804	0.998957	0.764990	0.705948	5	6	0.000000	37	2498	31.584704	0.676262	0.998860	27.654592	0.520495	0.751437	3615	31.747141	0.681953	0.999411	30.515138	0.416280	0.761975	-0.089882	0.016014	-0.459464	-0.055973	True	0.757074	0.657677	0.742317	28.081930	0.998932	7799
7800.png	0.695388	0.894608	0.944373	0.944373	0.944373	0.998980	27.930905	0.999106	28.366871	0.703659	0.662098	0.667015	30.487188	0.540515	2228	4	1	5	11	1.963855	0.250000	166	163	247.137085	3.068244	0.027721	0.002717	-0.212924	-0.000094	0.000040	0.014979	1248.090267	0.703659	0.703659	4	1	3	5	11	1.963855	0.250000	4	0	166	163	150	1.516178	3.068244	247.137085	0.027721	45644	20.486535	29.414722	256x256	65536	sparse	Learned	286	4	26	2215	30.876294	0.596722	28.188236	0.999066	0.688679	0.371236	10	4	0.000000	31	2006	31.033948	0.631144	0.998914	27.391179	0.301326	0.683168	4134	31.565210	0.688350	0.999483	30.679379	0.174074	0.679465	0.178636	0.290862	-0.389106	-0.056207	True	0.692721	0.462056	0.692671	28.143829	0.999074	7800
7801.png	0.670362	0.873476	0.932466	0.918803	0.946541	0.999232	27.407254	0.999372	28.001459	0.691458	0.597476	0.614938	29.974047	0.531294	2688	6	0	0	12	1.943662	0.000000	213	207	315.877200	2.616308	0.027057	0.043776	-0.467065	-0.000162	-0.000015	0.063645	1039.953709	0.691458	0.691458	6	0	6	0	12	1.943662	0.000000	6	0	213	207	201	1.525977	2.616308	315.877200	0.027057	46045	17.129836	24.380952	256x256	65536	sparse	Learned	333	6	27	2510	30.642541	0.601088	27.995076	0.999387	0.627814	0.471535	9	3	0.000000	31	2572	30.874600	0.652779	0.999219	27.047492	0.548096	0.623081	3479	31.012954	0.648689	0.999552	29.423107	0.362797	0.634392	0.006383	0.125941	-0.668494	-0.069794	True	0.682729	0.419836	0.626585	27.874319	0.999394	7801
7802.png	0.700424	0.897885	0.946195	0.936948	0.955627	0.999109	28.242005	0.999212	28.572592	0.719224	0.612485	0.476092	30.637881	0.546811	2264	5	9	16	10	2.046512	1.800000	172	176	266.551299	3.089739	0.043569	0.006272	0.218536	-0.000105	0.000044	0.014916	1127.240896	0.719224	0.719224	5	9	-4	16	10	2.046512	1.800000	5	1	172	176	146	1.514496	3.089739	266.551299	0.043569	45620	20.150177	28.946996	256x256	65536	sparse	Learned	292	5	25	2119	30.866619	0.594917	28.037238	0.999168	0.704307	0.575425	6	8	0.000000	32	2166	31.132438	0.643890	0.999059	27.665404	0.382453	0.688266	4020	31.575289	0.687512	0.999464	30.373180	0.146473	0.695528	0.535354	0.037060	-0.228739	-0.048106	True	0.653544	0.311147	0.694152	28.023470	0.999213	7802
7803.png	0.704142	0.876888	0.934406	0.948529	0.920698	0.999056	26.156659	0.999382	27.185474	0.747880	0.615188	0.661884	30.777456	0.562192	2140	4	4	8	10	2.000000	1.000000	150	150	228.279221	2.761594	0.032445	0.009892	-1.250948	-0.000364	-0.000051	0.035137	1105.495930	0.747880	0.747880	4	4	0	8	10	2.000000	1.000000	4	0	150	150	132	1.521861	2.761594	228.279221	0.032445	45412	21.220561	30.624299	256x256	65536	sparse	Learned	270	4	25	2051	31.100361	0.605679	27.337129	0.999433	0.712743	0.410554	7	1	0.125000	32	1946	31.337520	0.642490	0.999341	26.751184	0.617107	0.702605	4042	31.842049	0.694455	0.999707	30.633365	0.326014	0.699497	-0.151655	0.204634	-0.322906	-0.043487	True	0.662098	0.438232	0.694250	27.407608	0.999420	7803
7804.png	0.732814	0.901905	0.948423	0.944568	0.952310	0.999139	27.722497	0.999275	28.226883	0.763101	0.662098	0.718921	30.626008	0.550343	2251	4	5	7	7	2.012048	1.250000	166	167	252.279221	2.782515	0.031492	0.034857	-0.268293	-0.000127	0.000019	0.061380	1159.604311	0.763101	0.763101	4	5	-1	7	7	2.012048	1.250000	4	0	166	167	152	1.510654	2.782515	252.279221	0.031492	45559	20.239449	29.114171	256x256	65536	sparse	Learned	286	4	26	2245	30.971599	0.603587	28.015821	0.999256	0.701721	0.437608	9	4	0.000000	31	2044	31.205365	0.638266	0.999131	27.563614	0.315086	0.707523	4237	31.736183	0.696957	0.999594	31.177851	0.199856	0.701231	0.211062	0.224491	-0.345591	-0.053244	True	0.663784	0.477208	0.697957	27.990790	0.999266	7804
7805.png	0.608169	0.887427	0.940356	0.922960	0.958421	0.998292	28.556713	0.998227	28.774653	0.595110	0.705948	0.653930	31.188970	0.582013	2543	5	9	20	15	2.040201	1.800000	199	203	361.261977	2.969957	0.054135	0.005403	-0.231180	-0.000111	0.000016	0.008029	1596.951485	0.595110	0.595110	5	9	-4	20	15	2.040201	1.800000	5	0	199	203	164	1.779616	2.969957	361.261977	0.054135	45099	17.734565	25.771136	256x256	65536	sparse	Learned	319	5	31	2501	31.548229	0.635074	28.690707	0.998211	0.587081	0.424622	11	3	0.000000	40	2498	31.849101	0.681422	0.998210	28.693387	0.345763	0.555824	3620	31.953145	0.688266	0.998834	30.795345	0.217700	0.600764	0.083946	0.281327	-0.359259	-0.053061	True	0.717478	0.469181	0.602767	28.787893	0.998403	7805
7806.png	0.465517	0.857781	0.923447	0.897896	0.950495	0.999327	27.893934	0.999353	28.164651	0.479421	0.557803	0.368820	30.411155	0.534143	2046	5	0	0	10	1.937888	0.000000	161	156	215.953319	2.848907	0.024947	0.011168	-0.114904	-0.000096	0.000007	0.007882	1033.869028	0.479421	0.479421	5	0	5	0	10	1.937888	0.000000	5	0	161	156	151	1.384316	2.848907	215.953319	0.024947	45696	22.334311	32.031281	256x256	65536	sparse	Learned	281	5	24	2031	30.725721	0.584318	28.023449	0.999345	0.471539	0.272236	9	1	0.100000	30	1898	30.978164	0.620539	0.999243	27.608595	0.363646	0.450502	4411	31.615670	0.697047	0.999633	31.042708	0.201694	0.472085	0.141202	0.285568	-0.314566	-0.050175	True	0.578527	0.213372	0.454349	28.008837	0.999423	7806
7807.png	0.535822	0.897523	0.945995	0.934222	0.958067	0.997971	28.684939	0.998108	28.964028	0.533530	0.669781	0.508231	31.293569	0.592779	2546	5	12	21	12	2.076503	2.400000	183	190	324.563492	3.573708	0.055743	-0.016082	-0.072547	-0.000075	0.000093	-0.009884	1379.570484	0.533530	0.533530	5	12	-7	21	12	2.076503	2.400000	5	1	183	190	150	1.708229	3.573708	324.563492	0.055743	44988	17.670071	25.740770	256x256	65536	sparse	Learned	303	5	31	2503	31.718662	0.643748	28.792782	0.998014	0.543414	0.329680	16	6	0.000000	40	2310	31.962797	0.678284	0.997883	28.806968	0.298827	0.500426	3594	32.107597	0.692762	0.998771	31.023915	0.228948	0.524276	0.171245	0.340101	-0.425094	-0.050969	True	0.682729	0.346984	0.551903	28.757486	0.998046	7807
7808.png	0.827773	0.904762	0.950000	0.942520	0.957600	0.999301	26.596328	0.999443	27.138356	0.836167	0.556031	1.012858	30.342738	0.535696	2262	5	4	8	12	1.986577	0.800000	149	148	241.764502	2.761526	0.042053	0.043658	-0.361974	-0.000145	0.000002	0.065733	1037.072182	0.836167	0.836167	5	4	1	8	12	1.986577	0.800000	5	0	149	148	129	1.633544	2.761526	241.764502	0.042053	45863	20.275420	28.972591	256x256	65536	sparse	Learned	269	5	25	2194	30.675363	0.589436	26.988425	0.999442	0.770434	0.556031	5	2	0.000000	31	2252	30.950188	0.640472	0.999389	26.625294	0.493383	0.785047	3977	31.305872	0.670432	0.999694	29.762381	0.420158	0.764580	0.149931	0.000000	-0.332625	-0.053740	True	0.552465	0.559568	0.784116	26.958303	0.999446	7808
7809.png	0.680702	0.876980	0.934459	0.932099	0.936830	0.998927	27.739613	0.998844	28.067592	0.720573	0.695170	0.864190	31.495584	0.613033	2656	5	9	17	10	2.037736	1.800000	212	216	340.563492	2.778435	0.041934	0.009308	-0.639686	-0.000205	-0.000024	0.031564	1257.486105	0.720573	0.720573	5	9	-4	17	10	2.037736	1.800000	5	2	212	216	185	1.576683	2.778435	340.563492	0.041934	44752	16.849398	24.674699	256x256	65536	sparse	Learned	332	5	32	2519	32.040805	0.662659	28.293974	0.998867	0.689009	0.750426	5	10	0.000000	43	2420	32.324716	0.701778	0.998834	28.621569	0.460096	0.688230	3337	32.366610	0.697225	0.999317	30.961500	0.670912	0.691932	-0.226382	-0.055256	-0.545222	-0.049626	True	0.741278	0.640605	0.671394	28.379299	0.999132	7809
7810.png	0.564233	0.888395	0.940900	0.943953	0.937866	0.998678	28.439767	0.998878	28.768853	0.571347	0.684942	0.424920	31.045383	0.569265	2280	4	2	6	10	1.976744	0.500000	172	170	261.450793	3.059401	0.043993	-0.003798	-0.005140	-0.000098	0.000037	0.004199	1353.626490	0.571347	0.571347	4	2	2	6	10	1.976744	0.500000	4	0	172	170	156	1.537946	3.059401	261.450793	0.043993	45204	19.826316	28.743860	256x256	65536	sparse	Learned	292	4	28	2261	31.380881	0.620136	28.487832	0.998841	0.567148	0.248236	15	4	0.000000	35	2208	31.610806	0.659702	0.998639	27.970336	0.226510	0.539945	4124	32.026414	0.701171	0.999282	31.017684	0.169726	0.555432	0.281021	0.436706	-0.335498	-0.050872	True	0.698806	0.296936	0.568031	28.444907	0.998776	7810
7811.png	0.661259	0.864041	0.927062	0.907877	0.947075	0.998972	28.678113	0.999011	28.828349	0.688345	0.610932	0.889912	31.785880	0.611161	2254	5	6	12	12	2.011765	1.200000	170	171	274.078210	2.674082	0.050335	0.009194	-0.307624	-0.000154	-0.000071	0.021473	1298.901320	0.688345	0.688345	5	6	-1	12	12	2.011765	1.200000	5	0	170	171	146	1.602797	2.674082	274.078210	0.050335	44528	19.755102	29.075421	256x256	65536	sparse	Learned	290	5	30	2170	32.113397	0.649278	28.934856	0.999082	0.666872	0.428791	9	3	0.000000	41	2254	32.350788	0.692637	0.998949	28.582198	0.397098	0.671199	4083	32.734556	0.726307	0.999481	31.680361	0.304523	0.662228	-0.106507	0.182141	-0.327517	-0.038117	True	0.617107	0.549171	0.652065	28.985737	0.999127	7811
7812.png	0.551458	0.865988	0.928182	0.946247	0.910794	0.999116	27.025985	0.999509	27.860350	0.607825	0.501424	0.368841	30.934401	0.563101	1919	5	1	3	11	1.939850	0.200000	133	129	195.166522	2.623149	0.028288	0.001953	-0.595791	-0.000264	-0.000000	0.014075	903.253794	0.607825	0.607825	5	1	4	3	11	1.939850	0.200000	5	0	133	129	119	1.512919	2.623149	195.166522	0.028288	45260	23.585201	34.151120	256x256	65536	sparse	Learned	253	5	24	1847	31.160669	0.598123	27.557027	0.999509	0.593750	0.254226	9	0	0.600000	31	1808	31.411839	0.637478	0.999430	27.152536	0.351656	0.572954	4664	32.176582	0.719435	0.999763	31.329306	0.190428	0.627265	0.303324	0.247198	-0.226267	-0.035022	True	0.539757	0.199085	0.549505	27.621776	0.999380	7812
7813.png	0.568098	0.889429	0.941479	0.937860	0.945126	0.998806	28.205508	0.998935	28.613856	0.590093	0.663784	0.513166	30.427339	0.532462	2204	4	4	9	9	2.000000	1.000000	160	160	239.994949	3.276758	0.031260	-0.028372	-0.146407	-0.000094	0.000084	-0.019559	1394.615412	0.590093	0.590093	4	4	0	9	9	2.000000	1.000000	4	0	160	160	142	1.499968	3.276758	239.994949	0.031260	45839	20.798094	29.735027	256x256	65536	sparse	Learned	280	4	25	2126	30.732779	0.585744	28.286179	0.998850	0.609652	0.324071	12	4	0.000000	30	2180	30.955083	0.630700	0.998617	27.648820	0.163444	0.588342	4238	31.478494	0.688103	0.999230	30.558069	0.139954	0.602994	0.327677	0.339713	-0.305440	-0.053282	True	0.670441	0.344047	0.596470	28.351915	0.998900	7813
7814.png	0.568277	0.888218	0.940800	0.915888	0.967105	0.999534	27.322997	0.999562	27.516663	0.588477	0.498424	0.543987	31.117673	0.570177	1801	4	0	0	8	1.928571	0.000000	112	108	161.752309	2.868798	0.020139	-0.000828	0.548784	0.000004	0.000092	-0.008119	991.176367	0.588477	0.588477	4	0	4	0	8	1.928571	0.000000	4	0	112	108	104	1.497707	2.868798	161.752309	0.020139	45252	25.126041	36.388673	256x256	65536	sparse	Learned	232	4	22	1632	31.256229	0.592500	26.733712	0.999470	0.596597	0.320683	6	1	0.250000	32	1736	31.523897	0.638753	0.999475	27.057788	0.342953	0.580773	5273	32.485456	0.743297	0.999807	31.840923	0.310990	0.589463	0.782951	0.177741	-0.138556	-0.022322	True	0.503415	0.273851	0.569106	26.774212	0.999530	7814
7815.png	0.715293	0.900164	0.947459	0.953206	0.941781	0.998967	27.223133	0.999130	27.492524	0.756288	0.601481	0.718601	30.690309	0.565412	2441	5	5	11	12	2.000000	1.000000	171	171	259.865007	3.202055	0.028631	0.015655	-0.152284	-0.000119	0.000024	0.024477	1280.821800	0.756288	0.756288	5	5	0	11	12	2.000000	1.000000	5	0	171	171	148	1.519678	3.202055	259.865007	0.028631	45618	18.688243	26.848013	256x256	65536	sparse	Learned	291	5	27	2353	31.076426	0.617591	27.336629	0.999106	0.731811	0.441500	8	3	0.000000	33	2294	31.333334	0.659254	0.999064	27.316511	0.496270	0.734157	3768	31.649640	0.679480	0.999510	29.962668	0.480558	0.735011	0.155895	0.159981	-0.386117	-0.052179	True	0.645129	0.463590	0.699637	27.375417	0.999087	7815
7816.png	0.677847	0.850858	0.919420	0.864394	0.981928	0.999528	28.031200	0.999447	28.321463	0.707840	0.611320	0.678053	30.222283	0.524165	2118	4	1	3	9	1.960784	0.250000	153	150	223.693434	2.853597	0.025613	0.031077	0.348067	0.000034	0.000070	0.025717	1058.066845	0.707840	0.707840	4	1	3	3	9	1.960784	0.250000	4	0	153	150	141	1.491290	2.853597	223.693434	0.025613	45989	21.713409	30.942398	256x256	65536	sparse	Learned	273	4	24	2066	30.545164	0.576925	27.862934	0.999377	0.682124	0.455872	7	2	0.000000	29	2094	30.762538	0.622505	0.999265	27.100182	0.449618	0.659501	4350	31.370919	0.688696	0.999675	30.838481	0.238700	0.664858	0.458529	0.155448	-0.322881	-0.052759	True	0.630277	0.427361	0.646770	27.683133	0.999494	7816
7817.png	0.714617	0.890756	0.942222	0.958094	0.926868	0.999277	26.217552	0.999563	27.078343	0.761943	0.613259	0.709306	30.525456	0.548266	2204	4	4	8	9	2.000000	1.000000	154	154	224.208153	2.839151	0.028872	0.016708	-0.872606	-0.000225	-0.000001	0.040217	999.902010	0.761943	0.761943	4	4	0	8	9	2.000000	1.000000	4	0	154	154	137	1.455897	2.839151	224.208153	0.028872	45848	20.802178	29.735027	256x256	65536	sparse	Learned	274	4	25	2167	30.820009	0.596332	27.030166	0.999564	0.721726	0.436357	6	0	0.750000	32	2078	31.086943	0.639038	0.999510	26.847894	0.511297	0.696992	4257	31.621893	0.690744	0.999775	30.626740	0.415584	0.704120	0.048178	0.176902	-0.294554	-0.048066	True	0.615188	0.436357	0.697909	27.090158	0.999502	7817
7818.png	0.715457	0.870288	0.930646	0.943867	0.917790	0.998950	27.271609	0.999189	27.952192	0.781770	0.628423	0.973577	30.550762	0.546021	2163	4	4	9	8	2.000000	1.000000	143	143	214.166522	3.213975	0.034083	0.026407	-0.515403	-0.000191	0.000053	0.040631	1214.183569	0.781770	0.781770	4	4	0	9	8	2.000000	1.000000	4	0	143	143	126	1.497668	3.213975	214.166522	0.034083	45638	21.099399	30.298659	256x256	65536	sparse	Learned	263	4	25	2123	30.849558	0.594616	27.694172	0.999136	0.741139	0.401503	9	4	0.000000	32	2144	31.102727	0.641846	0.998986	27.147689	0.415955	0.733795	4374	31.679900	0.697047	0.999574	30.941295	0.435604	0.722397	0.258020	0.226921	-0.298796	-0.048595	True	0.571729	0.556622	0.689050	27.787011	0.999141	7818
7819.png	0.742757	0.916307	0.956326	0.940655	0.972527	0.999416	27.333829	0.999503	27.840971	0.755208	0.607414	0.585955	30.844216	0.558726	1987	4	2	4	9	1.972603	0.500000	146	144	207.195959	2.696711	0.024696	0.041701	0.010056	-0.000091	0.000015	0.050408	915.668249	0.755208	0.755208	4	2	2	4	9	1.972603	0.500000	4	0	146	144	133	1.438861	2.696711	207.195959	0.024696	45422	22.859587	32.982386	256x256	65536	sparse	Learned	266	4	24	1885	31.109490	0.596750	27.446020	0.999488	0.704800	0.365904	9	3	0.000000	32	1884	31.347111	0.637752	0.999421	27.111221	0.365552	0.711165	4419	31.981685	0.708533	0.999769	31.082189	0.231834	0.708202	0.394951	0.241510	-0.265274	-0.038024	True	0.626561	0.367136	0.701056	27.323772	0.999507	7819
7820.png	0.745031	0.900748	0.947783	0.943732	0.951868	0.999061	28.528461	0.999149	28.766238	0.773925	0.694254	1.050645	31.625776	0.600656	2347	4	2	8	12	1.977011	0.500000	174	172	281.391919	2.660766	0.044746	-0.015261	-0.099477	-0.000077	0.000007	-0.002593	1195.438862	0.773925	0.773925	4	2	2	8	12	1.977011	0.500000	4	0	174	172	154	1.636000	2.660766	281.391919	0.044746	44712	19.050703	27.923306	256x256	65536	sparse	Learned	294	4	29	2291	31.824690	0.642367	28.610880	0.999141	0.776518	0.678899	5	4	0.000000	40	2334	32.180935	0.687148	0.999056	28.273623	0.460859	0.761174	3773	32.381973	0.708351	0.999500	30.817017	0.437039	0.767763	0.155358	0.015355	-0.198914	-0.041711	True	0.698806	0.734197	0.760292	28.627939	0.999138	7820
7821.png	0.646867	0.818898	0.900433	0.860927	0.943739	0.999223	28.168116	0.999293	28.555127	0.689136	0.495405	0.769489	30.438905	0.530881	1800	5	4	8	11	1.983471	0.800000	121	120	189.195959	2.970506	0.044512	0.040546	-0.001402	-0.000064	0.000050	0.034012	1244.171143	0.689136	0.689136	5	4	1	8	11	1.983471	0.800000	5	0	121	120	102	1.576633	2.970506	189.195959	0.044512	45664	25.368889	36.408889	256x256	65536	sparse	Learned	241	5	22	1753	30.688308	0.569811	28.108177	0.999243	0.655124	0.418545	9	4	0.000000	28	1772	30.941350	0.611528	0.999052	27.311932	0.075944	0.634742	5116	31.905709	0.724538	0.999625	31.329340	0.032143	0.397849	0.446949	0.076860	-0.249404	-0.038930	True	0.499426	0.384303	0.606322	28.169518	0.999288	7821
7822.png	0.633141	0.906773	0.951107	0.926710	0.976824	0.999319	27.613523	0.999359	27.856566	0.636509	0.620917	0.612002	31.648393	0.611540	2142	4	0	1	7	1.949367	0.000000	158	154	213.894444	2.758641	0.009810	-0.004137	-0.193618	-0.000068	0.000004	-0.007533	1074.384928	0.636509	0.636509	4	0	4	1	7	1.949367	0.000000	4	0	158	154	150	1.388925	2.758641	213.894444	0.009810	44591	20.817460	30.595705	256x256	65536	sparse	Learned	278	4	28	2065	32.020469	0.646863	27.837362	0.999356	0.644042	0.382982	7	4	0.000000	42	2046	32.358149	0.684971	0.999381	28.364078	0.438232	0.655725	4116	32.756443	0.725939	0.999702	31.626273	0.294136	0.638427	0.019204	0.237935	-0.372076	-0.035323	True	0.617107	0.377671	0.637278	27.807141	0.999387	7822
7823.png	0.704641	0.909920	0.952835	0.956056	0.949636	0.998747	28.082098	0.998844	28.457449	0.728395	0.604656	0.836205	30.697871	0.553662	2327	5	2	5	11	1.966102	0.400000	177	174	257.722871	3.380233	0.039251	0.002064	0.202175	-0.000033	0.000141	0.015225	1269.328356	0.728395	0.728395	5	2	3	5	11	1.966102	0.400000	5	0	177	174	161	1.481166	3.380233	257.722871	0.039251	45584	19.589171	28.163300	256x256	65536	sparse	Learned	297	5	26	2273	30.941892	0.605119	27.899242	0.998703	0.713170	0.559568	9	13	0.000000	33	2316	31.246799	0.653985	0.998490	27.539256	0.317960	0.698330	4118	31.668190	0.690939	0.999306	30.945296	0.225767	0.703896	0.558207	0.045088	-0.244021	-0.051457	True	0.604656	0.505617	0.702577	27.879924	0.998779	7823
7824.png	0.775963	0.917607	0.957034	0.946449	0.967857	0.999588	27.699787	0.999642	28.037125	0.781503	0.525266	0.962403	30.913469	0.559732	1802	4	2	4	9	1.964602	0.500000	113	111	171.438600	2.581684	0.030333	0.068209	0.231488	-0.000022	0.000028	0.061701	860.235691	0.781503	0.781503	4	2	2	4	9	1.964602	0.500000	4	0	113	111	100	1.544492	2.581684	171.438600	0.030333	45236	25.103219	36.368479	256x256	65536	sparse	Learned	233	4	23	1712	31.191669	0.591747	27.570412	0.999614	0.719802	0.448989	5	0	0.875000	31	1636	31.389190	0.628953	0.999544	27.038960	0.503415	0.714727	5027	32.308004	0.733732	0.999824	31.392326	0.248853	0.721344	0.466713	0.076277	-0.278200	-0.032016	True	0.520495	0.500926	0.707753	27.468299	0.999610	7824
7825.png	0.713035	0.811634	0.896024	0.895112	0.896939	0.999256	27.210252	0.999528	28.055987	0.768305	0.589344	0.665327	30.358044	0.531053	1878	4	5	4	7	2.014599	1.250000	137	138	190.781746	2.513217	0.028426	0.041606	-0.818720	-0.000241	-0.000006	0.089553	925.444841	0.768305	0.768305	4	5	-1	4	7	2.014599	1.250000	4	0	137	138	126	1.382476	2.513217	190.781746	0.028426	45669	24.317891	34.896699	256x256	65536	sparse	Learned	257	4	22	1761	30.686421	0.571383	27.848844	0.999534	0.678752	0.387374	8	0	0.500000	28	1768	30.934678	0.611336	0.999466	27.160961	0.276487	0.671323	4712	31.746947	0.710410	0.999764	30.877544	0.091978	0.620559	0.207143	0.201971	-0.328377	-0.040330	True	0.591392	0.393469	0.671429	28.028973	0.999497	7825
7826.png	0.696990	0.879946	0.936140	0.932480	0.939828	0.998998	27.168472	0.999342	27.924177	0.725646	0.703290	0.782993	30.339964	0.533238	2275	4	7	16	12	2.034483	1.750000	174	177	279.379726	2.612601	0.038729	-0.027349	-0.491397	-0.000187	-0.000010	0.006415	1060.885906	0.725646	0.725646	4	7	-3	16	12	2.034483	1.750000	4	0	174	177	146	1.578417	2.612601	279.379726	0.038729	45839	20.149011	28.807033	256x256	65536	sparse	Learned	294	4	25	2150	30.701354	0.587963	27.665688	0.999352	0.719231	0.490480	7	1	0.125000	30	2168	30.951662	0.633492	0.999266	27.388427	0.378460	0.701811	4104	31.397005	0.680154	0.999606	30.226997	0.298437	0.708622	0.258489	0.212810	-0.361389	-0.054725	True	0.703290	0.550671	0.724338	27.659869	0.999186	7826
7827.png	0.731688	0.884491	0.938706	0.943966	0.933504	0.999276	26.978249	0.999455	27.375242	0.766340	0.557803	0.678840	31.247014	0.592103	2128	5	1	3	11	1.950920	0.200000	163	159	235.936075	2.443568	0.026080	0.031759	-0.506634	-0.000188	-0.000035	0.050104	799.517632	0.766340	0.766340	5	1	4	3	11	1.950920	0.200000	5	0	163	159	149	1.483875	2.443568	235.936075	0.026080	44902	21.100564	30.796992	256x256	65536	sparse	Learned	283	5	27	2101	31.611147	0.631529	27.459518	0.999490	0.716236	0.455872	7	0	0.800000	37	2052	31.919651	0.671703	0.999455	27.407766	0.385328	0.713663	4244	32.419626	0.719424	0.999757	31.207425	0.401140	0.705669	-0.084276	0.101931	-0.364133	-0.039425	True	0.575142	0.390429	0.699929	27.484883	0.999464	7827
7828.png	0.620332	0.900676	0.947743	0.954188	0.941384	0.999048	26.924927	0.999348	27.834244	0.645892	0.578527	0.471633	30.696674	0.556884	2248	5	4	7	9	1.988024	0.800000	167	166	242.409163	2.939086	0.031733	-0.006743	-0.666063	-0.000242	0.000021	0.008999	953.624010	0.645892	0.645892	5	4	1	7	9	1.988024	0.800000	5	1	167	166	151	1.460296	2.939086	242.409163	0.031733	45552	20.263345	29.153025	256x256	65536	sparse	Learned	287	5	26	2173	31.041848	0.605742	27.574181	0.999327	0.636893	0.370118	9	2	0.100000	32	2188	31.283979	0.649327	0.999247	27.106889	0.460516	0.620533	4215	31.770178	0.697320	0.999660	30.727629	0.202054	0.626875	0.260064	0.208410	-0.345174	-0.048858	True	0.591801	0.279113	0.627075	27.590990	0.999290	7828
7829.png	0.415266	0.435177	0.606443	0.920422	0.452190	0.989132	17.408851	0.999219	27.500760	0.855059	0.390429	0.597242	28.573004	0.558035	1592	4	2	5	9	1.941176	0.500000	68	66	109.669048	4.325125	0.073883	-0.402800	-9.620355	-0.008938	0.000098	0.412325	1243.806839	0.855059	0.855059	4	2	2	5	9	1.941176	0.500000	4	0	68	66	54	1.661652	4.325125	109.669048	0.073883	45275	28.439070	41.165829	256x256	65536	sparse	Frangi	188	4	18	1506	31.133348	0.594765	26.720472	0.999121	0.442734	0.698806	6	12	0.000000	30	1562	31.372299	0.639901	0.999130	26.994350	0.796074	0.450228	5824	32.703741	0.758866	0.999784	32.659183	0.598572	0.445437	0.780288	-0.308377	-2.560344	-0.036730	True	0.727468	0.434475	0.818066	27.029206	0.998070	7829
7830.png	0.520062	0.866815	0.928657	0.923870	0.933494	0.999167	27.761515	0.999325	28.245108	0.537209	0.491691	0.454534	31.254925	0.580823	2115	5	0	1	11	1.937500	0.000000	160	155	221.107149	2.725385	0.024918	-0.019088	-0.469225	-0.000183	-0.000018	-0.010481	1046.946049	0.537209	0.537209	5	0	5	1	11	1.937500	0.000000	6	0	160	155	148	1.426498	2.725385	221.107149	0.024918	44924	21.240662	30.986288	256x256	65536	sparse	Learned	280	6	27	2030	31.551022	0.621093	28.254644	0.999344	0.547690	0.195008	13	2	0.000000	36	2098	31.807871	0.665423	0.999200	27.584685	0.225858	0.508258	4325	32.345238	0.718385	0.999623	31.240597	0.148538	0.547742	-0.009536	0.296683	-0.296097	-0.040270	True	0.591801	0.268994	0.539150	28.230740	0.999350	7830
7831.png	0.663255	0.896054	0.945178	0.938035	0.952430	0.998269	28.345498	0.998381	28.724069	0.664089	0.698806	0.583243	30.489525	0.537143	2313	4	6	14	12	2.023669	1.500000	169	171	275.642131	3.556020	0.046680	-0.025406	-0.431986	-0.000179	-0.000034	-0.022059	1356.352329	0.664089	0.664089	4	6	-2	14	12	2.023669	1.500000	4	1	169	171	143	1.611942	3.556020	275.642131	0.046680	45698	19.757026	28.333766	256x256	65536	sparse	Learned	289	4	26	2239	30.797224	0.593540	28.829259	0.998415	0.686148	0.448650	13	11	0.000000	31	2150	31.012232	0.634051	0.998062	28.063116	0.080049	0.645586	4039	31.457895	0.682172	0.998913	30.631961	0.072799	0.627367	-0.105190	0.250156	-0.307699	-0.056397	True	0.726102	0.423494	0.688662	28.777484	0.998448	7831
7832.png	0.630786	0.863587	0.926801	0.920626	0.933059	0.998516	29.091069	0.998595	29.318594	0.645449	0.535441	0.578481	31.807568	0.610802	2304	6	8	13	11	2.022989	1.333333	174	176	256.137085	3.192304	0.035180	0.009412	-0.336851	-0.000248	-0.000050	0.008205	1324.025393	0.645449	0.645449	6	8	-2	13	11	2.022989	1.333333	6	1	174	176	150	1.455324	3.192304	256.137085	0.035180	44473	19.302517	28.444444	256x256	65536	sparse	Learned	294	6	31	2292	32.148478	0.653440	29.376502	0.998645	0.637244	0.394402	13	15	0.000000	42	2162	32.354946	0.688339	0.998370	28.857475	0.207382	0.636983	4038	32.722224	0.726490	0.999162	31.719499	0.111235	0.624805	-0.057908	0.141039	-0.340909	-0.042638	True	0.587973	0.340131	0.621375	29.427920	0.998764	7832
7834.png	0.637689	0.848485	0.918033	0.908691	0.927569	0.998918	27.947140	0.999106	28.434955	0.641711	0.735523	0.525152	30.677860	0.556033	2470	4	3	7	10	1.989848	0.750000	197	196	301.592929	3.123617	0.035822	0.019159	-0.468082	-0.000209	0.000005	0.025777	1152.080297	0.641711	0.641711	4	3	1	7	10	1.989848	0.750000	4	0	197	196	180	1.538739	3.123617	301.592929	0.035822	45472	18.409717	26.532794	256x256	65536	sparse	Learned	317	4	28	2409	31.134270	0.615415	28.423403	0.999101	0.615935	0.433846	9	6	0.000000	33	2290	31.335950	0.655946	0.998971	27.907868	0.396159	0.605952	3705	31.599899	0.676797	0.999367	30.272261	0.275378	0.638450	0.011552	0.301677	-0.456410	-0.059383	True	0.744619	0.391038	0.618530	28.415222	0.999127	7834
7835.png	0.615385	0.832886	0.908825	0.888968	0.929588	0.999086	27.612136	0.999315	28.324996	0.614011	0.610932	0.551742	30.896956	0.568499	2351	5	3	7	12	1.978261	0.600000	184	182	276.663997	2.542434	0.029795	0.039342	-0.856635	-0.000326	-0.000046	0.031007	997.601986	0.614011	0.614011	5	3	2	7	12	1.978261	0.600000	5	0	184	182	165	1.520132	2.542434	276.663997	0.029795	45256	19.249681	27.875798	256x256	65536	sparse	Learned	304	5	28	2283	31.373941	0.620068	28.530385	0.999361	0.583004	0.295312	12	1	0.000000	35	2350	31.604474	0.668083	0.999280	27.801898	0.320229	0.565772	3841	31.907873	0.692652	0.999611	30.944288	0.226742	0.599869	-0.205389	0.315620	-0.476985	-0.051569	True	0.632121	0.348768	0.576043	28.468771	0.999413	7835
7836.png	0.745230	0.899145	0.946895	0.939286	0.954628	0.999138	27.485638	0.999265	27.924938	0.748606	0.668458	0.710544	30.933038	0.583006	2630	5	5	7	12	2.000000	1.000000	211	211	318.320851	2.689822	0.038310	0.028084	-0.603617	-0.000186	-0.000056	0.036931	974.149227	0.748606	0.748606	5	5	0	7	12	2.000000	1.000000	5	0	211	211	192	1.508630	2.689822	318.320851	0.038310	45168	17.174144	24.918631	256x256	65536	sparse	Learned	331	5	31	2608	31.523709	0.641142	28.136080	0.999321	0.711675	0.623436	6	3	0.000000	38	2378	31.752602	0.676969	0.999279	28.056349	0.644181	0.704188	3543	31.921543	0.686735	0.999579	30.636247	0.410035	0.699487	-0.211143	0.045022	-0.590670	-0.058135	True	0.667129	0.474024	0.717146	28.089255	0.999324	7836
7837.png	0.693505	0.866577	0.928520	0.921203	0.935953	0.999228	26.379382	0.999394	27.052621	0.715353	0.632121	0.800695	30.186942	0.533012	2195	4	4	9	10	2.000000	1.000000	144	144	234.693434	3.044446	0.043833	0.019291	-0.721879	-0.000209	-0.000016	0.037853	1059.895992	0.715353	0.715353	4	4	0	9	10	2.000000	1.000000	4	0	144	144	125	1.629816	3.044446	234.693434	0.043833	45922	20.921185	29.856948	256x256	65536	sparse	Learned	264	4	24	2181	30.544329	0.585805	27.083786	0.999410	0.677500	0.414331	8	3	0.000000	30	2070	30.853191	0.627857	0.999308	26.579837	0.530459	0.680229	4227	31.382555	0.682621	0.999691	30.112287	0.281499	0.672020	-0.031165	0.217790	-0.357387	-0.052793	True	0.559568	0.448043	0.674214	27.101262	0.999437	7837
7838.png	0.548297	0.907167	0.951324	0.939887	0.963043	0.998776	27.734824	0.998778	28.160677	0.564315	0.642993	0.405243	30.624478	0.546629	2223	4	3	5	10	1.987654	0.750000	162	161	243.936075	3.069031	0.032900	-0.014203	-0.288157	-0.000059	0.000100	-0.006089	1421.846628	0.564315	0.564315	4	3	1	5	10	1.987654	0.750000	4	0	162	161	147	1.515131	3.069031	243.936075	0.032900	45687	20.551957	29.480882	256x256	65536	sparse	Learned	282	4	25	2107	30.877379	0.594076	28.013209	0.998678	0.570404	0.268244	13	1	0.000000	30	1990	31.076814	0.632237	0.998258	27.051679	0.303718	0.523557	4274	31.670010	0.695483	0.999299	30.751031	0.215616	0.566841	0.147467	0.374749	-0.252901	-0.047447	True	0.663784	0.268994	0.562500	28.022982	0.998834	7838
7839.png	0.592784	0.900194	0.947476	0.937247	0.957931	0.998775	28.361507	0.998839	28.654257	0.606158	0.515191	0.610777	31.557994	0.598726	2032	5	7	12	9	2.031008	1.400000	129	131	208.722871	3.315839	0.033775	0.005323	0.146111	-0.000035	0.000080	0.014600	1274.173021	0.606158	0.606158	5	7	-2	12	9	2.031008	1.400000	5	1	129	131	108	1.593304	3.315839	208.722871	0.033775	44749	22.022146	32.251969	256x256	65536	sparse	Learned	249	5	27	1966	31.805813	0.631950	28.272734	0.998759	0.591558	0.318240	13	5	0.000000	36	1834	32.012619	0.665675	0.998606	28.006331	0.290416	0.588848	4423	32.593182	0.728943	0.999339	31.562621	0.254452	0.582658	0.381523	0.196951	-0.247819	-0.033224	True	0.543424	0.331911	0.587461	28.215396	0.998809	7839
7840.png	0.511312	0.837866	0.911781	0.873501	0.953571	0.999532	28.481611	0.999569	28.896355	0.522629	0.559568	0.345676	31.404165	0.584231	1854	4	2	4	8	1.969697	0.500000	132	130	185.338095	2.408647	0.021855	-0.022457	0.667440	0.000019	0.000053	-0.021030	885.305643	0.522629	0.522629	4	2	2	4	8	1.969697	0.500000	4	0	132	130	120	1.425678	2.408647	185.338095	0.021855	44784	24.155340	35.348436	256x256	65536	sparse	Learned	252	4	25	1768	31.691510	0.616063	28.050052	0.999516	0.543659	0.254936	7	0	0.625000	35	1752	31.913343	0.653336	0.999456	27.939391	0.297657	0.506736	4967	32.752866	0.744265	0.999774	32.083527	0.162872	0.545918	0.846303	0.304632	-0.287345	-0.031831	True	0.566126	0.195696	0.533769	27.814171	0.999513	7840
7841.png	0.574437	0.896029	0.945164	0.933083	0.957562	0.999185	27.915093	0.999251	28.194264	0.584173	0.672085	0.333461	31.215479	0.579565	2205	4	3	7	10	1.988506	0.750000	174	173	262.178716	2.637817	0.033404	0.005782	-0.353870	-0.000145	-0.000073	0.006948	1022.161722	0.584173	0.584173	4	3	1	7	10	1.988506	0.750000	4	0	174	173	157	1.515484	2.637817	262.178716	0.033404	45046	20.429025	29.721542	256x256	65536	sparse	Learned	294	4	27	2085	31.528589	0.621350	28.339977	0.999324	0.577224	0.262593	13	2	0.000000	37	2192	31.760469	0.665408	0.999271	28.270499	0.240970	0.511879	4048	32.182349	0.705217	0.999630	31.403369	0.232996	0.566548	-0.145713	0.409492	-0.313110	-0.041785	True	0.672085	0.224114	0.568656	28.268963	0.999330	7841
7842.png	0.708475	0.876820	0.934368	0.947942	0.921176	0.998757	27.898798	0.999134	28.457893	0.753683	0.574007	0.737011	30.285417	0.530388	2402	6	3	7	14	1.968586	0.500000	191	188	294.835570	2.732939	0.033234	-0.016729	-0.311724	-0.000190	0.000013	0.009109	1181.938887	0.753683	0.753683	6	3	3	7	14	1.968586	0.500000	6	0	191	188	170	1.568274	2.732939	294.835570	0.033234	45864	19.094088	27.283930	256x256	65536	sparse	Learned	311	6	26	2367	30.636950	0.592651	28.232219	0.999120	0.744574	0.345979	13	4	0.000000	30	2258	30.875654	0.634398	0.998909	27.479272	0.090510	0.680717	3924	31.259731	0.672904	0.999432	30.093472	0.064811	0.690105	0.225675	0.228029	-0.351533	-0.062263	True	0.587973	0.433342	0.725203	28.210521	0.998947	7842
7843.png	0.746603	0.929777	0.963611	0.955586	0.971771	0.998959	27.884440	0.999036	28.186833	0.758130	0.593430	0.766720	31.737941	0.612920	2348	5	0	1	9	1.942197	0.000000	173	168	250.450793	2.835313	0.022154	-0.005778	-0.433367	-0.000170	-0.000066	0.007187	1071.419954	0.758130	0.758130	5	0	5	1	9	1.942197	0.000000	5	0	173	168	163	1.490779	2.835313	250.450793	0.022154	44494	18.949744	27.911414	256x256	65536	sparse	Learned	293	5	31	2324	32.112131	0.657015	28.368504	0.999102	0.750943	0.667129	5	5	0.000000	42	2220	32.341553	0.692597	0.999015	28.313243	0.538967	0.730650	3866	32.613214	0.717643	0.999489	31.288544	0.383118	0.727158	-0.181670	-0.073699	-0.374190	-0.044095	True	0.586873	0.449967	0.752381	28.317808	0.999129	7843
7844.png	0.649418	0.888454	0.940933	0.922764	0.959831	0.999102	28.335152	0.999145	28.635296	0.674374	0.667129	0.761682	30.272288	0.524191	2135	4	3	7	8	1.986577	0.750000	149	148	236.166522	2.899105	0.044181	-0.006138	0.510925	0.000034	0.000140	-0.004174	1337.393761	0.674374	0.674374	4	3	1	7	8	1.986577	0.750000	4	0	149	148	134	1.595720	2.899105	236.166522	0.044181	45957	21.525527	30.696019	256x256	65536	sparse	Learned	269	4	24	2051	30.554928	0.574836	27.870866	0.999005	0.678548	0.409788	11	7	0.000000	29	2116	30.815353	0.623602	0.998766	27.194309	0.215336	0.701250	4310	31.359814	0.687531	0.999436	30.639319	0.123417	0.677840	0.764430	0.257341	-0.282640	-0.050645	True	0.692721	0.527633	0.655556	27.824227	0.999068	7844
7845.png	0.565416	0.891382	0.942572	0.936763	0.948454	0.998423	28.397748	0.998690	28.795271	0.594872	0.563951	0.447627	31.552010	0.608121	2399	6	2	6	14	1.956284	0.333333	183	179	276.480231	3.263526	0.035298	-0.002584	-0.289113	-0.000267	0.000022	0.005038	1304.601431	0.594872	0.594872	6	2	4	6	14	1.956284	0.333333	6	0	183	179	163	1.544582	3.263526	276.480231	0.035298	44652	18.612755	27.318049	256x256	65536	sparse	Learned	303	6	30	2336	31.938135	0.652700	28.723456	0.998667	0.589834	0.271123	16	0	0.166667	41	2160	32.250510	0.686634	0.998628	28.809782	0.332767	0.573713	3653	32.454968	0.709507	0.999183	31.077613	0.208299	0.586500	0.071815	0.292828	-0.386125	-0.044579	True	0.593430	0.265636	0.568000	28.686861	0.998690	7845
7846.png	0.533384	0.832719	0.908725	0.892575	0.925471	0.999281	28.231780	0.999385	28.764045	0.553612	0.662098	0.366691	30.190066	0.516678	2146	4	3	7	10	1.988024	0.750000	167	166	251.208153	2.534094	0.031759	-0.024702	0.095139	-0.000078	0.000062	-0.013652	1012.072802	0.553612	0.553612	4	3	1	7	10	1.988024	0.750000	4	0	167	166	150	1.513302	2.534094	251.208153	0.031759	45971	21.421715	30.538677	256x256	65536	sparse	Learned	287	4	24	2091	30.472067	0.572160	28.162272	0.999323	0.567265	0.307883	10	0	0.250000	27	1930	30.696756	0.606117	0.999150	27.226150	0.409430	0.480153	4398	31.350762	0.688985	0.999572	30.351121	0.109815	0.546965	0.601774	0.354215	-0.282000	-0.055482	True	0.688077	0.252312	0.558087	28.136641	0.999359	7846
7847.png	0.671441	0.885038	0.939013	0.957914	0.920844	0.999301	26.648343	0.999563	27.175547	0.725979	0.543424	0.649203	30.383518	0.536361	2083	5	0	0	10	1.934641	0.000000	153	148	223.722871	2.381479	0.028814	-0.004795	-0.334896	-0.000220	-0.000001	0.003803	867.135763	0.725979	0.725979	5	0	5	0	10	1.934641	0.000000	5	0	153	148	143	1.511641	2.381479	223.722871	0.028814	45828	22.000960	31.462314	256x256	65536	sparse	Learned	273	5	23	1978	30.632025	0.580648	26.871365	0.999565	0.722176	0.541594	5	1	0.500000	28	1854	30.894805	0.618101	0.999463	26.493239	0.395200	0.695029	4485	31.584191	0.697557	0.999791	30.734552	0.321094	0.713450	0.304182	0.001830	-0.248507	-0.044287	True	0.563078	0.365552	0.676236	26.983239	0.999521	7847
7848.png	0.343173	0.245572	0.394312	0.826087	0.258960	0.988980	15.704338	0.999453	28.192068	0.193628	0.228948	0.552912	27.443721	0.509985	1091	2	0	0	4	1.846154	0.000000	26	24	38.213203	5.456483	0.076679						912.439823	0.193628	0.193628	2	0	2	0	4	1.846154	0.000000	3	0	26	24	22	1.592217	5.456483	38.213203	0.076679	45876	42.049496	60.069661	256x256	65536	sparse	Frangi	148	3												19	1056	30.504799	0.574048	0.999107	26.262550	0.385328	0.240073												True	0.782379	0.432586				7848
7849.png	0.620311	0.868421	0.929577	0.942857	0.916667	0.999220	27.105327	0.999473	27.741729	0.660629	0.362372	0.710696	31.316610	0.584894	1810	6	0	0	12	1.887850	0.000000	107	101	155.095454	2.861142	0.036748	0.004248	-0.379713	-0.000206	0.000003	0.025420	980.141878	0.660629	0.660629	6	0	6	0	12	1.887850	0.000000	6	0	107	101	95	1.535599	2.861142	155.095454	0.036748	44905	24.809392	36.207735	256x256	65536	sparse	Learned	227	6	25	1791	31.629335	0.615850	27.483311	0.999470	0.635209	0.228948	9	0	0.750000	33	1608	31.788631	0.645610	0.999414	27.500374	0.288230	0.603261	5240	32.813162	0.750040	0.999810	32.584570	0.268551	0.633003	0.258419	0.133423	-0.312724	-0.030956	True	0.385328	0.273851	0.616064	27.485040	0.999426	7849
7850.png	0.739308	0.919556	0.958092	0.960174	0.956020	0.998761	27.889950	0.998990	28.372234	0.765193	0.481077	0.754998	31.135293	0.577571	1989	5	1	3	11	1.934959	0.200000	123	119	185.267027	3.579701	0.042350	-0.006255	-0.114793	-0.000125	0.000095	0.010889	1284.159422	0.765193	0.765193	5	1	4	3	11	1.934959	0.200000	5	0	123	119	109	1.556866	3.579701	185.267027	0.042350	45139	22.694319	32.949221	256x256	65536	sparse	Learned	243	5	24	1845	31.387948	0.610137	27.930247	0.998894	0.754305	0.522886	6	7	0.000000	33	1876	31.610518	0.649931	0.998760	27.569928	0.386147	0.741268	4509	32.281261	0.720125	0.999488	31.252138	0.302324	0.733157	0.441988	-0.041809	-0.252656	-0.032566	True	0.517126	0.390429	0.745562	28.004742	0.998886	7850
7851.png	0.707483	0.883759	0.938293	0.928943	0.947834	0.999255	27.286374	0.999425	28.017678	0.728511	0.683363	0.631613	31.254461	0.581668	2220	4	3	6	10	1.988950	0.750000	181	180	262.551299	2.319346	0.028122	0.001273	-0.844968	-0.000243	-0.000073	0.022999	844.352484	0.728511	0.728511	4	3	1	6	10	1.988950	0.750000	4	0	181	180	165	1.458618	2.319346	262.551299	0.028122	45036	20.286486	29.520721	256x256	65536	sparse	Learned	301	4	27	2083	31.540026	0.622075	28.142373	0.999498	0.705512	0.402499	8	0	0.500000	35	1948	31.712508	0.656291	0.999442	27.791029	0.462056	0.709960	4117	32.199834	0.707396	0.999744	31.389295	0.292596	0.708496	-0.124695	0.280864	-0.285564	-0.040407	True	0.694254	0.438500	0.706210	28.131341	0.999497	7851
7853.png	0.716172	0.882072	0.937341	0.913366	0.962609	0.999440	27.898432	0.999511	28.297198	0.733010	0.470947	0.724373	30.281214	0.524956	2250	5	2	4	10	1.959184	0.400000	147	144	215.137085	2.550215	0.024278	-0.001658	0.181246	-0.000061	0.000049	-0.004595	937.747717	0.733010	0.733010	5	2	3	4	10	1.959184	0.400000	6	0	147	144	133	1.494008	2.550215	215.137085	0.024278	45963	20.428000	29.127111	256x256	65536	sparse	Learned	269	6	24	2076	30.553648	0.576757	27.725289	0.999463	0.737605	0.420158	8	2	0.000000	27	2030	30.744271	0.616861	0.999311	26.839666	0.402499	0.702970	4205	31.306057	0.681635	0.999685	30.344993	0.225858	0.726316	0.571908	0.050789	-0.272434	-0.051801	True	0.493383	0.357393	0.717829	27.717186	0.999501	7853
7854.png	0.392705	0.398335	0.569728	0.896921	0.417445	0.991611	16.781233	0.999421	26.071844	0.873203	0.284662	0.669084	28.584960	0.530639	1405	4	1	2	8	1.866667	0.250000	45	42	71.698485	4.495325	0.103616	-0.364871	-8.709193	-0.006974	0.000187	0.421991	1008.117676	0.873203	0.873203	4	1	3	2	8	1.866667	0.250000	4	0	45	42	35	1.707107	4.495325	71.698485	0.103616	45767	32.574377	46.644840	256x256	65536	sparse	Frangi	165	4	13	1349	30.568456	0.556052	25.055099	0.999233	0.451212	0.453926	8	6	0.000000	25	1372	30.869805	0.605799	0.999374	25.818695	0.595053	0.470350								1.016745	-0.169264	-1.983496	-0.025413	True	0.541594	0.362372	0.757576	25.490427	0.998584	7854
7855.png	0.648949	0.900458	0.947622	0.938021	0.957421	0.999135	27.409214	0.999272	27.862847	0.659117	0.680181	0.420382	30.080644	0.527586	2660	5	2	7	13	1.969388	0.400000	196	193	330.433550	2.583519	0.042220	-0.006068	-0.185898	-0.000163	-0.000014	0.010949	1036.234856	0.659117	0.659117	5	2	3	7	13	1.969388	0.400000	5	0	196	193	176	1.712091	2.583519	330.433550	0.042220	46118	17.337594	24.637594	256x256	65536	sparse	Learned	316	5	27	2637	30.480284	0.598126	27.678740	0.999286	0.648169	0.391260	11	3	0.000000	30	2632	30.766609	0.648355	0.999097	26.893630	0.492115	0.626776	3390	30.897461	0.640776	0.999452	29.437193	0.372150	0.635203	0.184107	0.288921	-0.399640	-0.070540	True	0.675023	0.283767	0.655017	27.595113	0.999298	7855
7856.png	0.668073	0.915159	0.955700	0.954627	0.956776	0.997337	27.773901	0.997851	28.769058	0.682243	0.772362	0.767652	31.524820	0.611584	2661	4	18	31	9	2.131455	4.500000	213	227	362.433550	3.355021	0.039669	-0.024235	-1.852590	-0.000701	-0.000374	-0.017206	1529.873610	0.682243	0.682243	4	18	-14	31	9	2.131455	4.500000	4	5	213	227	173	1.596624	3.355021	362.433550	0.039669	44447	16.703119	24.628335	256x256	65536	sparse	Learned	333	4	34	2648	32.203735	0.665507	29.647363	0.998225	0.699449	0.444880	14	17	0.000000	45	2610	32.510717	0.707607	0.998171	29.564720	0.142846	0.685131	3465	32.535788	0.707009	0.998772	31.350948	0.103132	0.673779	-0.878305	0.327482	-0.678916	-0.053923	True	0.782379	0.600594	0.692308	29.626490	0.998038	7856
7857.png	0.699503	0.915339	0.955798	0.944575	0.967292	0.998450	28.112143	0.998502	28.550833	0.699064	0.590711	0.831041	30.388311	0.546548	2727	6	0	1	13	1.942029	0.000000	207	201	286.965512	3.547986	0.029602	-0.026615	-0.618117	-0.000258	-0.000093	-0.017373	1397.859573	0.699064	0.699064	6	0	6	1	13	1.942029	0.000000	6	0	207	201	193	1.427689	3.547986	286.965512	0.029602	45719	16.765310	24.032270	256x256	65536	sparse	Learned	327	6	30	2724	30.970966	0.618812	28.757472	0.998595	0.716437	0.650062	8	15	0.000000	34	2686	31.169602	0.665505	0.998233	27.999679	0.230181	0.717038	3473	31.244282	0.657630	0.998823	29.651242	0.197035	0.715365	-0.206639	-0.059351	-0.582656	-0.072265	True	0.606759	0.504242	0.726117	28.730260	0.998708	7857
7858.png	0.616858	0.882397	0.937525	0.920312	0.955393	0.999349	27.956987	0.999419	28.324145	0.627925	0.651808	0.702935	30.337307	0.526738	2059	4	6	14	10	2.027397	1.500000	146	148	244.308658	2.687910	0.038870	0.000727	0.186271	-0.000051	0.000051	0.009330	1087.208271	0.627925	0.627925	4	6	-2	14	10	2.027397	1.500000	4	1	146	148	122	1.650734	2.687910	244.308658	0.038870	45909	22.296746	31.829043	256x256	65536	sparse	Learned	266	4	24	2059	30.596669	0.578346	27.820508	0.999368	0.618594	0.336350	8	0	0.000000	30	2026	30.848673	0.624355	0.999278	27.043542	0.240720	0.612392	4537	31.492632	0.697401	0.999636	30.424642	0.254936	0.637143	0.503637	0.315458	-0.259362	-0.051608	True	0.576838	0.405479	0.616131	27.770715	0.999400	7858
7859.png	0.645582	0.873260	0.932342	0.929009	0.935700	0.998564	27.936766	0.998804	28.510269	0.660359	0.589344	0.630822	31.035513	0.577611	2563	6	1	4	14	1.949239	0.166667	197	192	302.835570	3.225533	0.047190	0.005318	-0.656232	-0.000251	-0.000026	0.015046	1319.745779	0.660359	0.660359	6	1	5	4	14	1.949239	0.166667	6	0	197	192	179	1.577269	3.225533	302.835570	0.047190	45187	17.630511	25.570035	256x256	65536	sparse	Learned	317	6	30	2517	31.462439	0.634214	28.592620	0.998830	0.645313	0.525002	9	11	0.000000	40	2542	31.782377	0.679111	0.998736	28.634412	0.234536	0.649205	3565	31.872472	0.685068	0.999113	30.407272	0.311564	0.647642	-0.082351	0.064342	-0.426926	-0.056603	True	0.602807	0.380264	0.640264	28.592998	0.998815	7859
7860.png	0.704545	0.890598	0.942134	0.935368	0.948998	0.998583	28.425992	0.998645	28.646638	0.726329	0.704770	0.675193	31.398235	0.599806	2649	5	7	18	13	2.019802	1.400000	202	204	356.847763	3.277441	0.045289	-0.010088	-0.344080	-0.000222	-0.000093	-0.004081	1460.473299	0.726329	0.726329	5	7	-2	18	13	2.019802	1.400000	5	1	202	204	171	1.749254	3.277441	356.847763	0.045289	44896	16.948282	24.739902	256x256	65536	sparse	Learned	322	5	31	2546	31.771093	0.650227	28.751121	0.998738	0.730410	0.622808	8	11	0.000000	42	2638	32.123424	0.700401	0.998707	28.707160	0.431234	0.703257	3451	32.141701	0.693815	0.999225	30.970508	0.304224	0.713828	-0.104483	0.081962	-0.372857	-0.050421	True	0.742311	0.501203	0.714633	28.770072	0.998805	7860
7861.png	0.544624	0.865411	0.927850	0.926119	0.929588	0.999038	28.303382	0.999274	28.899470	0.588320	0.688077	0.408963	31.461384	0.593708	2219	4	1	3	9	1.965714	0.250000	175	172	263.551299	2.568600	0.035522	0.001131	-0.452167	-0.000212	-0.000040	0.010603	1008.560896	0.588320	0.588320	4	1	3	3	9	1.965714	0.250000	4	0	175	172	163	1.532275	2.568600	263.551299	0.035522	44726	20.155926	29.534024	256x256	65536	sparse	Learned	295	4	29	2216	31.805919	0.638566	28.862774	0.999314	0.577717	0.265330	12	1	0.000000	39	2084	32.113603	0.673309	0.999292	28.939281	0.207450	0.551821	4035	32.421804	0.715323	0.999567	31.229703	0.203297	0.564350	0.036696	0.422748	-0.344536	-0.044857	True	0.716346	0.292959	0.543493	28.755550	0.999250	7861
7862.png	0.509728	0.851623	0.919866	0.940273	0.900327	0.999204	27.958694	0.999403	28.357152	0.559042	0.570443	0.387223	30.820506	0.551010	1888	4	2	5	10	1.969231	0.500000	130	128	192.267027	2.929210	0.028597	-0.038659	-0.165480	-0.000171	0.000009	-0.035114	885.812283	0.559042	0.559042	4	2	2	5	10	1.969231	0.500000	4	0	130	128	115	1.502086	2.929210	192.267027	0.028597	45370	24.030720	34.711864	256x256	65536	sparse	Learned	250	4	23	1870	30.899321	0.586984	27.963928	0.999394	0.594156	0.234536	11	1	0.000000	31	1838	31.284998	0.629886	0.999313	27.554740	0.297657	0.526016	4834	32.075387	0.721660	0.999704	31.479766	0.187612	0.562600	0.393224	0.335907	-0.078815	-0.035974	True	0.613259	0.237468	0.548387	28.124174	0.999375	7862
7863.png	0.647406	0.869565	0.930233	0.903491	0.958606	0.999359	27.948453	0.999244	28.134719	0.651592	0.586873	0.689116	30.309739	0.528910	2225	5	4	7	10	1.988571	0.800000	175	174	255.622366	2.949043	0.026468	-0.002296	0.163319	-0.000025	0.000029	-0.000136	1162.920713	0.651592	0.651592	5	4	1	7	10	1.988571	0.800000	5	1	175	174	158	1.469094	2.949043	255.622366	0.026468	45890	20.624719	29.454382	256x256	65536	sparse	Learned	295	5	25	2203	30.605416	0.585478	27.801744	0.999215	0.651729	0.430421	7	4	0.000000	29	1988	30.837594	0.620472	0.999113	27.292865	0.322943	0.622037	4251	31.383218	0.681521	0.999500	30.658382	0.320035	0.642308	0.332975	0.156452	-0.295677	-0.056568	True	0.620158	0.427361	0.649703	27.785134	0.999384	7863
7864.png	0.617932	0.882824	0.937766	0.929362	0.946323	0.998553	28.919965	0.998640	29.194555	0.623672	0.707122	0.482816	31.248141	0.581876	2701	4	7	19	13	2.030612	1.750000	196	199	342.877200	2.736634	0.053817	-0.004200	-0.214607	-0.000147	0.000001	-0.000886	1326.279640	0.623672	0.623672	4	7	-3	19	13	2.030612	1.750000	5	0	196	199	164	1.723001	2.736634	342.877200	0.053817	44974	16.650870	24.263606	256x256	65536	sparse	Learned	318	5	32	2644	31.644778	0.642587	29.130719	0.998639	0.624558	0.327890	15	4	0.000000	41	2474	31.896557	0.679382	0.998549	28.881257	0.168239	0.623203	3452	31.977576	0.685977	0.999022	30.696194	0.176215	0.626313	0.063835	0.379232	-0.396638	-0.060711	True	0.785619	0.379310	0.622132	29.134572	0.998700	7864
7865.png	0.656250	0.930368	0.963928	0.964572	0.963284	0.998925	27.554225	0.999038	27.982724	0.671269	0.639405	0.666007	30.955400	0.570463	2181	4	0	0	8	1.950920	0.000000	163	159	227.752309	3.188169	0.024825	-0.035965	-0.472368	-0.000166	-0.000036	-0.017700	1217.931509	0.671269	0.671269	4	0	4	0	8	1.950920	0.000000	4	0	163	159	155	1.432404	3.188169	227.752309	0.024825	45314	20.776708	30.048602	256x256	65536	sparse	Learned	283	4	26	2149	31.230009	0.614463	28.051581	0.999074	0.688969	0.518779	7	5	0.000000	34	2096	31.543120	0.656085	0.998953	27.699047	0.246103	0.646806	4323	32.060511	0.709627	0.999486	31.016566	0.326095	0.655046	-0.068857	0.120626	-0.274608	-0.044000	True	0.658702	0.438700	0.692215	28.026592	0.999090	7865
7866.png	0.723661	0.900575	0.947687	0.956654	0.938886	0.998729	27.663354	0.998987	28.036148	0.773190	0.541594	0.734858	30.235978	0.531051	2381	5	0	1	13	1.943182	0.000000	176	171	273.937626	2.997388	0.039591	0.033111	0.037722	-0.000042	0.000135	0.043039	1211.215496	0.773190	0.773190	5	0	5	1	13	1.943182	0.000000	6	0	176	171	162	1.601974	2.997388	273.937626	0.039591	45963	19.304074	27.524570	256x256	65536	sparse	Learned	296	6	25	2249	30.571688	0.588929	27.604104	0.998851	0.730150	0.375566	11	3	0.000000	30	2264	30.840289	0.635602	0.998560	26.887724	0.179904	0.706695	3931	31.228837	0.667301	0.999347	29.820126	0.175954	0.706412	0.432045	0.166028	-0.335709	-0.057878	True	0.562495	0.413354	0.690550	27.625632	0.998771	7866
7867.png	0.793384	0.917431	0.956938	0.946746	0.967352	0.998812	27.577005	0.998930	27.962887	0.807981	0.703290	0.702759	31.140314	0.583290	2480	4	9	18	9	2.057471	2.250000	174	179	282.835570	3.059646	0.041168	0.020176	-0.402315	-0.000173	-0.000007	0.037400	1325.072765	0.807981	0.807981	4	9	-5	18	9	2.057471	2.250000	4	1	174	179	147	1.580087	3.059646	282.835570	0.041168	45195	18.223790	26.425806	256x256	65536	sparse	Learned	294	4	28	2393	31.398508	0.630655	27.973388	0.998937	0.770582	0.527633	8	9	0.000000	40	2450	31.826077	0.678163	0.998963	28.196676	0.450090	0.761774	3792	31.981703	0.692430	0.999433	30.735455	0.401810	0.763517	-0.010501	0.175657	-0.258194	-0.047365	True	0.635052	0.446288	0.773207	27.979320	0.998985	7867
7868.png	0.819407	0.917181	0.956801	0.955046	0.958564	0.999312	26.656416	0.999535	27.491896	0.852968	0.591392	0.657185	31.262166	0.585174	2082	4	0	0	8	1.942857	0.000000	140	136	203.994949	2.682342	0.033076	0.008687	-0.648980	-0.000249	-0.000033	0.043444	991.488934	0.852968	0.852968	4	0	4	0	8	1.942857	0.000000	4	0	140	136	132	1.499963	2.682342	203.994949	0.033076	45115	21.669068	31.477426	256x256	65536	sparse	Learned	260	4	27	2072	31.527752	0.623988	27.334909	0.999568	0.809524	0.524791	5	0	0.875000	35	1842	31.706299	0.654945	0.999492	26.897653	0.503415	0.807249	4340	32.331344	0.717245	0.999791	31.047218	0.635781	0.794385	0.156987	0.066602	-0.265586	-0.038815	True	0.593430	0.389994	0.810720	27.305396	0.999561	7868
7869.png	0.776471	0.890843	0.942271	0.918699	0.967084	0.999217	27.462044	0.999278	27.812482	0.794887	0.503415	0.869132	30.453710	0.551067	2513	7	1	3	13	1.931429	0.142857	175	169	269.078210	2.696535	0.041470	0.034226	-0.161672	-0.000103	0.000002	0.034332	1232.218981	0.794887	0.794887	7	1	6	3	13	1.931429	0.142857	7	0	175	169	159	1.592179	2.696535	269.078210	0.041470	45825	18.235177	26.078790	256x256	65536	sparse	Learned	295	7	27	2408	30.917892	0.609026	27.683230	0.999277	0.760556	0.398958	11	6	0.000000	33	2454	31.138270	0.659351	0.999083	26.880520	0.417252	0.762655	3736	31.393735	0.670440	0.999535	29.815791	0.332653	0.745988	0.129252	0.104456	-0.464182	-0.057959	True	0.496270	0.431324	0.742245	27.623715	0.999319	7869
7870.png	0.566557	0.879092	0.935656	0.933333	0.937990	0.998976	27.656012	0.999207	28.411737	0.583609	0.617107	0.404222	31.163438	0.582742	2017	4	4	9	11	2.000000	1.000000	135	135	219.651804	3.258633	0.035951	-0.033827	-0.413045	-0.000185	0.000064	-0.019210	1142.718315	0.583609	0.583609	4	4	0	9	11	2.000000	1.000000	4	0	135	135	115	1.627050	3.258633	219.651804	0.035951	44983	22.301934	32.491820	256x256	65536	sparse	Learned	255	4	26	2016	31.424205	0.618534	28.087010	0.999143	0.602819	0.284937	13	3	0.000000	35	1986	31.735891	0.659974	0.998966	27.683155	0.444285	0.606962	4661	32.445954	0.729382	0.999599	31.805872	0.345763	0.617261	0.324727	0.332170	-0.260767	-0.035792	True	0.665460	0.268994	0.600385	28.069057	0.999161	7870
7871.png	0.556598	0.871763	0.931489	0.915210	0.948357	0.999156	28.162361	0.999182	28.356864	0.571693	0.732865	0.383833	31.429561	0.599539	2261	4	8	16	14	2.045455	2.000000	176	180	304.107648	2.706751	0.042731	0.014881	-0.152198	-0.000112	-0.000020	0.018921	1058.355808	0.571693	0.571693	4	8	-4	16	14	2.045455	2.000000	4	0	176	180	146	1.689487	2.706751	304.107648	0.042731	44814	19.820433	28.985405	256x256	65536	sparse	Learned	296	4	28	2194	31.778372	0.639394	28.250759	0.999201	0.552773	0.322190	9	0	0.375000	42	2252	32.138890	0.683157	0.999195	28.566104	0.280422	0.514793	4058	32.502162	0.719550	0.999556	31.265771	0.251296	0.564179	0.106105	0.410674	-0.348811	-0.039855	True	0.750925	0.288230	0.541717	28.314559	0.999268	7871
7872.png	0.748699	0.886499	0.939835	0.945411	0.934324	0.999271	28.051086	0.999425	28.390664	0.797692	0.558098	0.716893	31.422702	0.593886	2500	5	3	6	10	1.977901	0.600000	181	179	271.622366	2.256331	0.032170	-0.009158	-0.367409	-0.000162	-0.000027	0.016192	838.474751	0.797692	0.797692	5	3	2	6	10	1.977901	0.600000	6	1	181	179	165	1.517443	2.256331	271.622366	0.032170	44865	17.946000	26.214400	256x256	65536	sparse	Learned	303	6	30	2399	31.785076	0.642660	28.391455	0.999452	0.781500	0.493383	7	1	0.916667	40	2302	32.070982	0.682650	0.999380	28.141296	0.415955	0.747430	3558	32.159042	0.695198	0.999671	30.658874	0.309266	0.769006	-0.000791	0.064715	-0.362374	-0.048774	True	0.583832	0.418545	0.757857	28.418495	0.999433	7872
7873.png	0.617264	0.885273	0.939145	0.932305	0.946087	0.999244	26.764430	0.999424	27.383635	0.616626	0.595458	0.373403	30.244300	0.531316	2024	4	3	7	10	1.984733	0.750000	131	130	209.823376	2.788415	0.037163	0.021884	-0.157717	-0.000112	0.000048	0.024006	1011.568546	0.616626	0.616626	4	3	1	7	10	1.984733	0.750000	4	0	131	130	114	1.614026	2.788415	209.823376	0.037163	45854	22.655138	32.379447	256x256	65536	sparse	Learned	251	4	22	1800	30.594006	0.570839	26.899512	0.999376	0.592620	0.245378	13	1	0.000000	29	1996	30.885043	0.623473	0.999292	26.680889	0.283946	0.575322	4590	31.561324	0.698916	0.999705	30.701272	0.344047	0.598660	0.484123	0.350080	-0.349705	-0.039522	True	0.630277	0.235347	0.595380	26.922147	0.999356	7873
7874.png	0.624179	0.903622	0.949371	0.951635	0.947119	0.998644	27.679752	0.998753	28.180219	0.652145	0.583138	0.622459	30.491383	0.537504	2030	4	2	4	8	1.969925	0.500000	133	131	191.338095	3.456351	0.032247	-0.004661	0.035684	0.000014	0.000190	0.003926	1404.301882	0.652145	0.652145	4	2	2	4	8	1.969925	0.500000	4	0	133	131	121	1.460596	3.456351	191.338095	0.032247	45790	22.556650	32.283744	256x256	65536	sparse	Learned	253	4	23	1970	30.664389	0.580191	27.694638	0.998563	0.648219	0.345576	10	2	0.000000	30	1958	30.959651	0.624898	0.998282	27.018169	0.472708	0.602441	4450	31.599684	0.697520	0.999126	30.712088	0.308734	0.625160	0.485581	0.237562	-0.173006	-0.042686	True	0.632121	0.393469	0.628840	27.644069	0.998631	7874
7875.png	0.781127	0.919441	0.958030	0.963040	0.953071	0.999004	26.767306	0.999272	27.450526	0.816532	0.651808	0.775699	30.771436	0.566657	2314	4	2	4	9	1.975309	0.500000	162	160	240.066017	2.966179	0.031604	0.006358	-0.697963	-0.000284	-0.000038	0.036756	1037.857294	0.816532	0.816532	4	2	2	4	9	1.975309	0.500000	4	0	162	160	149	1.500413	2.966179	240.066017	0.031604	45510	19.667243	28.321521	256x256	65536	sparse	Learned	282	4	27	2209	31.199022	0.614779	27.460765	0.999310	0.779777	0.606235	5	3	0.000000	33	2182	31.437878	0.659029	0.999236	27.203724	0.698806	0.787221	4091	31.836015	0.693491	0.999677	31.010438	0.565039	0.760346	-0.010238	0.045573	-0.427586	-0.048121	True	0.668789	0.518779	0.774769	27.465268	0.999288	7875
7876.png	0.544453	0.859175	0.924254	0.903515	0.945967	0.999190	28.806062	0.998974	29.222295	0.554277	0.694254	0.375958	31.802388	0.610917	2203	4	4	10	10	2.000000	1.000000	180	180	273.642131	2.545524	0.024230	0.015941	-0.291972	-0.000078	-0.000028	0.022391	1105.349302	0.554277	0.554277	4	4	0	10	10	2.000000	1.000000	4	1	180	180	160	1.520234	2.545524	273.642131	0.024230	44410	20.158874	29.748525	256x256	65536	sparse	Learned	300	4	30	2151	32.185666	0.652571	29.203449	0.999002	0.531886	0.281076	12	3	0.000000	42	2046	32.400946	0.682358	0.998826	29.139305	0.240970	0.528417	3998	32.749602	0.727544	0.999367	31.413075	0.181269	0.540859	0.018846	0.413178	-0.383278	-0.041654	True	0.624689	0.234857	0.528512	29.098034	0.999268	7876
7877.png	0.679813	0.909567	0.952642	0.942295	0.963220	0.998956	27.860136	0.999091	28.399305	0.692154	0.639405	0.702698	30.921508	0.570326	2181	4	3	8	8	1.987179	0.750000	156	155	226.237590	3.120898	0.036272	0.036411	-0.102131	-0.000075	0.000093	0.050208	1330.413580	0.692154	0.692154	4	3	1	8	8	1.987179	0.750000	4	0	156	155	140	1.459597	3.120898	226.237590	0.036272	45275	20.758826	30.048602	256x256	65536	sparse	Learned	276	4	26	2102	31.243912	0.611872	27.995224	0.998997	0.641947	0.513248	7	10	0.000000	36	2156	31.567913	0.659456	0.998905	27.635229	0.382590	0.625289	4227	32.042604	0.705568	0.999467	31.071958	0.256956	0.635777	0.404081	0.126157	-0.322404	-0.041546	True	0.630277	0.442894	0.643402	27.962267	0.999032	7877
7878.png	0.687347	0.887924	0.940635	0.940635	0.940635	0.999316	26.578322	0.999558	27.244754	0.713930	0.571729	0.655496	30.178533	0.525489	2217	5	5	10	11	2.000000	1.000000	153	153	240.551299	2.564643	0.046985	0.025226	-0.577314	-0.000208	-0.000005	0.027535	951.193333	0.713930	0.713930	5	5	0	10	11	2.000000	1.000000	5	0	153	153	132	1.572231	2.564643	240.551299	0.046985	46028	20.761389	29.560668	256x256	65536	sparse	Learned	273	5	24	2116	30.516004	0.578303	27.152707	0.999563	0.686395	0.405479	7	0	0.800000	28	1984	30.706953	0.616016	0.999478	26.473493	0.460259	0.691176	4237	31.277140	0.680733	0.999754	30.172991	0.350213	0.697297	0.092047	0.166250	-0.337471	-0.052814	True	0.576838	0.378115	0.662121	27.155636	0.999524	7878
7879.png	0.397603	0.298129	0.459321	0.890090	0.309524	0.990459	15.647018	0.999659	27.523594	0.537298	0.698806	0.875239	27.688665	0.499574	1191	1	2	4	3	2.041667	2.000000	48	49	73.426407	4.166744	0.046946	-0.309869	-4.836314	-0.005490	0.001281	0.266661	924.081087	0.537298	0.537298	1	2	-1	4	3	2.041667	2.000000	1	0	48	49	41	1.498498	4.166744	73.426407	0.046946	46082	38.691856	55.026029	256x256	65536	sparse	Frangi	168	1	4	1174	27.998944	0.513706	20.153663	0.998378	0.270637	0.615829	6	6	0.000000	20	1152	30.335772	0.571063	0.999493	25.893810	0.554251	0.295569								7.369931	0.082977	-0.310279	-0.014133	True	0.536060	0.469181	0.707473	20.483332	0.995948	7879
7881.png	0.490893	0.833929	0.909445	0.937751	0.882798	0.999176	27.145093	0.999593	28.217349	0.553254	0.574717	0.346235	30.748178	0.554684	1857	4	0	0	8	1.942029	0.000000	138	134	187.367532	2.568987	0.028451	-0.010415	-0.452166	-0.000281	0.000063	0.000401	934.993744	0.553254	0.553254	4	0	4	0	8	1.942029	0.000000	4	0	138	134	130	1.398265	2.568987	187.367532	0.028451	45339	24.415186	35.291330	256x256	65536	sparse	Learned	258	4	23	1774	31.049100	0.590189	27.382815	0.999530	0.552853	0.208638	10	0	0.250000	31	1674	31.322487	0.626309	0.999523	27.426975	0.190152	0.526017	5124	32.261170	0.734203	0.999786	31.547433	0.106918	0.547641	0.834533	0.366079	-0.300923	-0.035505	True	0.593430	0.205466	0.501308	27.597259	0.999457	7881
7882.png	0.662896	0.785661	0.879967	0.900847	0.860032	0.999070	26.765920	0.999492	27.817844	0.740081	0.537912	0.529753	30.037926	0.518079	2010	5	2	6	12	1.958042	0.400000	143	140	222.722871	2.631290	0.037906	0.030350	-0.708477	-0.000334	0.000011	0.074328	1080.340385	0.740081	0.740081	5	2	3	6	12	1.958042	0.400000	5	0	143	140	125	1.590878	2.631290	222.722871	0.037906	46036	22.903483	32.604975	256x256	65536	sparse	Learned	263	5	22	1937	30.302342	0.564180	27.462650	0.999481	0.665753	0.333690	10	0	0.500000	26	1852	30.586629	0.608065	0.999320	26.519561	0.271426	0.658964	4630	31.387412	0.694693	0.999746	30.821681	0.225514	0.655219	0.355193	0.204222	-0.264416	-0.046102	True	0.564822	0.299216	0.632546	27.474396	0.999404	7882
7883.png	0.676444	0.888599	0.941014	0.946247	0.935839	0.999390	26.174870	0.999570	26.860598	0.716117	0.446780	0.663458	30.403459	0.540399	1964	5	1	2	10	1.931034	0.200000	116	112	171.994949	2.935956	0.031648	0.010334	-0.448552	-0.000160	-0.000002	0.027607	914.836884	0.716117	0.716117	5	1	4	2	10	1.931034	0.200000	5	0	116	112	104	1.535669	2.935956	171.994949	0.031648	45795	23.317210	33.368635	256x256	65536	sparse	Learned	236	5	23	1902	30.751946	0.581449	26.597558	0.999572	0.688511	0.410217	5	0	1.000000	29	1872	30.956994	0.623103	0.999504	26.359492	0.345140	0.663043	4822	31.789648	0.710477	0.999827	31.278244	0.275060	0.689280	0.263039	0.036564	-0.348487	-0.041051	True	0.470594	0.312220	0.666110	26.623422	0.999551	7883
7884.png	0.586443	0.892751	0.943337	0.932046	0.954905	0.999052	28.353354	0.999121	28.486187	0.613740	0.552912	0.452652	31.611615	0.597534	1881	4	1	3	9	1.951220	0.250000	123	120	191.137085	3.286074	0.031394	0.010750	-0.032923	-0.000097	0.000012	0.006878	1188.133001	0.613740	0.613740	4	1	3	3	9	1.951220	0.250000	4	0	123	120	111	1.592809	3.286074	191.137085	0.031394	44707	23.767677	34.841042	256x256	65536	sparse	Learned	243	4	26	1862	31.779502	0.627629	28.388586	0.999109	0.606862	0.231317	13	5	0.000000	35	1684	32.019684	0.658715	0.999002	28.039216	0.319549	0.594045	4945	32.870219	0.746747	0.999570	32.175416	0.278110	0.614235	0.097601	0.321595	-0.167887	-0.030094	True	0.572585	0.259182	0.575693	28.386277	0.999149	7884
7885.png	0.552561	0.856282	0.922578	0.903724	0.942235	0.999338	27.952961	0.999362	28.547911	0.566254	0.527633	0.754644	30.931739	0.555050	1839	4	6	7	10	2.034188	1.500000	117	119	183.066017	3.104960	0.041865	0.016878	0.020595	-0.000120	0.000049	0.024875	1170.084000	0.566254	0.566254	4	6	-2	7	10	2.034188	1.500000	4	0	117	119	100	1.538370	3.104960	183.066017	0.041865	45294	24.629690	35.636759	256x256	65536	sparse	Learned	237	4	24	1833	31.151800	0.593076	27.886424	0.999314	0.541379	0.264717	8	0	0.500000	31	1754	31.370441	0.628732	0.999178	27.444160	0.350791	0.551038	5122	32.262544	0.733266	0.999680	31.644855	0.244216	0.564103	0.661487	0.262916	-0.220061	-0.038026	True	0.552912	0.417252	0.535683	27.932366	0.999458	7885
7886.png	0.534938	0.887036	0.940137	0.924901	0.955882	0.999273	27.819655	0.999422	28.340479	0.565555	0.590165	0.349060	30.605825	0.549146	2220	5	0	0	10	1.945946	0.000000	185	180	254.036580	2.470029	0.016082	0.017917	-0.107001	-0.000160	-0.000015	0.029262	853.263378	0.565555	0.565555	5	0	5	0	10	1.945946	0.000000	5	0	185	180	175	1.411314	2.470029	254.036580	0.016082	45575	20.529279	29.520721	256x256	65536	sparse	Learned	305	5	25	2034	30.994379	0.595839	27.965557	0.999436	0.536293	0.246731	12	2	0.000000	31	1960	31.172218	0.633281	0.999282	27.362716	0.329680	0.494350	4197	31.712195	0.695077	0.999661	30.739929	0.168896	0.526639	0.374922	0.343433	-0.388553	-0.046693	True	0.607807	0.212161	0.517021	27.926656	0.999433	7886
7887.png	0.830688	0.903202	0.949139	0.953616	0.944704	0.999363	26.311823	0.999480	27.095980	0.869666	0.650062	0.845058	30.174199	0.530046	2346	4	11	16	6	2.081871	2.750000	171	178	251.693434	2.552463	0.030053	0.009584	-1.149629	-0.000228	-0.000056	0.069528	1093.824148	0.869666	0.869666	4	11	-7	16	6	2.081871	2.750000	4	5	171	178	149	1.414008	2.552463	251.693434	0.030053	46048	19.628303	27.935209	256x256	65536	sparse	Learned	291	4	25	2255	30.572068	0.587545	27.403514	0.999536	0.800139	0.680181	4	3	0.800000	30	2304	30.858946	0.639696	0.999411	26.582149	0.672085	0.809625	3888	31.203641	0.664000	0.999744	29.959434	0.624689	0.801827	-0.307534	-0.030119	-0.397869	-0.057499	True	0.700308	0.591801	0.821104	27.461452	0.999591	7887
7888.png	0.642534	0.906132	0.950755	0.960674	0.941038	0.999272	26.719052	0.999487	27.344476	0.660494	0.613259	0.574116	30.341210	0.532400	2106	4	1	3	9	1.960000	0.250000	150	147	223.865007	2.826493	0.033317	0.030970	-0.353464	-0.000158	0.000024	0.049091	1045.199871	0.660494	0.660494	4	1	3	3	9	1.960000	0.250000	4	0	150	147	138	1.522891	2.826493	223.865007	0.033317	45886	21.788224	31.118708	256x256	65536	sparse	Learned	270	4	23	2034	30.536362	0.578327	27.086705	0.999463	0.611403	0.403494	6	1	0.250000	28	1916	30.871607	0.617792	0.999434	27.111304	0.333023	0.607946	4530	31.546532	0.697678	0.999750	30.953978	0.234710	0.653184	0.257770	0.209765	-0.195152	-0.045927	True	0.633955	0.363964	0.611564	27.072516	0.999430	7888
7889.png	0.701903	0.894118	0.944099	0.933036	0.955429	0.998766	28.121246	0.998927	28.479050	0.730504	0.714924	0.757094	31.052668	0.580803	2448	4	3	7	10	1.989418	0.750000	189	188	292.663997	3.075054	0.040832	0.005650	-0.341733	-0.000150	0.000002	0.013541	1262.235165	0.730504	0.730504	4	3	1	7	10	1.989418	0.750000	4	0	189	188	172	1.556723	3.075054	292.663997	0.040832	45128	18.434641	26.771242	256x256	65536	sparse	Learned	309	4	29	2442	31.441471	0.632214	28.436499	0.998925	0.716963	0.599483	8	9	0.000000	39	2394	31.776252	0.674749	0.998806	28.278529	0.424011	0.710045	3756	31.996371	0.692626	0.999351	30.820891	0.332864	0.715734	0.042552	0.115441	-0.388803	-0.051411	True	0.740760	0.560825	0.696252	28.462979	0.998916	7889
7890.png	0.807623	0.926444	0.961818	0.954887	0.968849	0.998939	27.894741	0.998985	28.091271	0.823743	0.619017	0.838171	31.655251	0.608672	2198	4	3	6	8	1.985294	0.750000	136	135	217.308658	3.536966	0.031918	-0.003437	-0.450552	-0.000187	-0.000087	0.000485	1268.517733	0.823743	0.823743	4	3	1	6	8	1.985294	0.750000	4	1	136	135	122	1.609694	3.536966	217.308658	0.031918	44746	20.357598	29.816197	256x256	65536	sparse	Learned	256	4	29	2177	31.948220	0.645719	28.335189	0.999072	0.823258	0.707707	4	5	0.000000	42	2178	32.234988	0.684113	0.999066	28.421873	0.777983	0.807446	4271	32.630329	0.726036	0.999545	31.577565	0.639405	0.794857	-0.243917	-0.088691	-0.292969	-0.037047	True	0.656991	0.550671	0.811060	28.345293	0.999126	7890
7891.png	0.615451	0.876730	0.934317	0.937124	0.931526	0.998475	27.432234	0.998791	28.050664	0.635848	0.725279	0.542266	31.032573	0.594043	2873	5	6	15	13	2.009132	1.200000	219	220	367.261977	3.062616	0.050942	-0.027580	-0.902425	-0.000433	-0.000069	-0.005906	1281.018734	0.635848	0.635848	5	6	-1	15	13	2.009132	1.200000	5	0	219	220	191	1.669373	3.062616	367.261977	0.050942	45190	15.729203	22.810999	256x256	65536	sparse	Learned	339	5	32	2774	31.645237	0.654129	28.319778	0.998860	0.641755	0.457067	13	10	0.000000	40	2624	31.890404	0.693452	0.998739	28.185397	0.365739	0.619462	2963	31.784619	0.666794	0.999110	29.744583	0.362372	0.626829	-0.269114	0.268212	-0.612664	-0.060086	True	0.658133	0.356883	0.643031	28.334659	0.998908	7891
7892.png	0.567449	0.900106	0.947427	0.949805	0.945061	0.998794	27.364553	0.998943	27.972859	0.581537	0.521293	0.385955	30.382807	0.542016	2382	6	6	11	12	2.000000	1.000000	163	163	252.793939	3.450113	0.041107	0.014057	-0.071742	-0.000048	0.000089	0.017243	1305.304050	0.581537	0.581537	6	6	0	11	12	2.000000	1.000000	6	1	163	163	140	1.550883	3.450113	252.793939	0.041107	45915	19.275819	27.513014	256x256	65536	sparse	Learned	283	6	26	2335	30.724154	0.598378	27.467077	0.998854	0.564293	0.210417	16	2	0.000000	32	2336	30.972391	0.643427	0.998652	27.183227	0.360776	0.554968	3873	31.326315	0.666697	0.999327	30.307109	0.311564	0.569174	0.505782	0.310876	-0.341346	-0.056362	True	0.540063	0.208440	0.553393	27.436295	0.998842	7892
7893.png	0.566622	0.886842	0.940028	0.935461	0.944639	0.998915	27.848010	0.999066	28.074254	0.594282	0.571729	0.739600	30.991806	0.566969	2260	5	4	8	11	1.987730	0.800000	163	162	246.279221	2.816343	0.028396	-0.019697	-0.068176	-0.000036	0.000054	-0.017963	1308.103800	0.594282	0.594282	5	4	1	8	11	1.987730	0.800000	5	0	163	162	144	1.520242	2.816343	246.279221	0.028396	45354	20.068142	28.998230	256x256	65536	sparse	Learned	283	5	27	2184	31.273073	0.615155	27.924281	0.999012	0.612245	0.319859	11	3	0.000000	34	2136	31.493371	0.654496	0.998843	27.533191	0.276956	0.598684	4011	31.878689	0.694147	0.999470	31.053211	0.245056	0.598680	0.149973	0.251871	-0.281268	-0.048186	True	0.595053	0.440102	0.586319	27.916187	0.998952	7893
7894.png	0.580689	0.881175	0.936835	0.953757	0.920502	0.998876	28.122459	0.999216	28.502100	0.631766	0.665460	0.633025	31.735715	0.608385	2184	4	4	6	9	2.000000	1.000000	162	162	257.320851	2.736201	0.045473	0.015557	-0.382169	-0.000221	0.000008	0.023341	1076.195002	0.631766	0.631766	4	4	0	6	9	2.000000	1.000000	4	0	162	162	147	1.588400	2.736201	257.320851	0.045473	44634	20.436813	30.007326	256x256	65536	sparse	Learned	282	4	29	2161	32.006517	0.646999	28.391554	0.999208	0.608425	0.505397	5	2	0.000000	40	2036	32.257948	0.680021	0.999126	28.249649	0.441965	0.601519	4225	32.695394	0.727809	0.999597	31.695635	0.311564	0.611604	0.110546	0.160063	-0.270802	-0.038614	True	0.683363	0.432586	0.565132	28.504627	0.999098	7894
7895.png	0.732320	0.889179	0.941339	0.949861	0.932969	0.999077	27.536728	0.999250	27.883703	0.758130	0.488291	0.587834	31.553330	0.607652	2258	6	3	7	13	1.960265	0.500000	151	148	233.279221	3.057885	0.030249	0.010412	-0.446596	-0.000191	-0.000055	0.040684	1129.298687	0.758130	0.758130	6	3	3	7	13	1.960265	0.500000	6	0	151	148	131	1.576211	3.057885	233.279221	0.030249	44649	19.773694	29.023915	256x256	65536	sparse	Learned	271	6	29	2251	31.937833	0.649202	28.005956	0.999305	0.717446	0.412865	8	1	0.333333	41	2064	32.208241	0.679473	0.999298	28.140219	0.303485	0.693762	3987	32.595364	0.719701	0.999667	31.627471	0.265258	0.709819	-0.122253	0.075427	-0.384503	-0.041550	True	0.573439	0.337087	0.721908	27.983324	0.999268	7895
7896.png	0.768116	0.877538	0.934775	0.949863	0.920160	0.998940	28.157013	0.999247	28.481725	0.813938	0.570013	0.912029	31.068940	0.570353	2147	5	1	3	11	1.947020	0.200000	151	147	231.651804	2.983979	0.041446	0.009310	-0.110097	-0.000140	0.000023	0.035411	978.070021	0.813938	0.813938	5	1	4	3	11	1.947020	0.200000	5	0	151	147	137	1.575863	2.983979	231.651804	0.041446	45192	21.048905	30.524453	256x256	65536	sparse	Learned	271	5	26	2099	31.263787	0.612786	28.190994	0.999224	0.778528	0.563951	6	5	0.000000	34	2076	31.538262	0.654703	0.999052	27.637958	0.216677	0.734231	4210	32.062710	0.707427	0.999580	31.130438	0.144363	0.762981	0.290731	0.006062	-0.194848	-0.042433	True	0.578527	0.527633	0.758806	28.267110	0.999080	7896
7897.png	0.464347	0.367845	0.537846	0.849425	0.393504	0.991825	18.244841	0.999026	28.240353	0.457802	0.518091	0.788574	28.955408	0.534911	1308	2	2	4	5	2.000000	1.000000	57	57	86.669048	4.892136	0.034435	-0.173306	-8.070677	-0.005794	0.000559	0.066834	1246.548653	0.457802	0.457802	2	2	0	4	5	2.000000	1.000000	2	0	57	57	48	1.520510	4.892136	86.669048	0.034435	45474	34.766055	50.103976	256x256	65536	sparse	Frangi	177	2	13	1295	30.654079	0.557590	26.203687	0.998467	0.390969	0.589344	6	6	0.000000	24	1266	30.989293	0.602183	0.998513	26.834386	0.518091	0.401791								2.036666	-0.071253	-1.698671	-0.022679	True	0.726102	0.572585	0.637653	26.315518	0.997618	7897
7898.png	0.689252	0.915700	0.955995	0.947200	0.964955	0.999272	27.508101	0.999369	27.796949	0.712500	0.727468	0.817979	31.655247	0.608069	2425	4	2	6	10	1.979275	0.500000	193	191	294.107648	2.198887	0.042970	0.000033	-0.731259	-0.000182	-0.000090	0.007448	833.986282	0.712500	0.712500	4	2	2	6	10	1.979275	0.500000	4	0	193	191	177	1.539831	2.198887	294.107648	0.042970	44706	18.435464	27.025155	256x256	65536	sparse	Learned	313	4	31	2368	31.978704	0.650261	28.285134	0.999460	0.705052	0.511623	6	1	0.250000	41	2356	32.301483	0.694243	0.999436	28.342792	0.535441	0.689291	3919	32.564042	0.716871	0.999675	31.371042	0.378737	0.681449	-0.488185	0.215846	-0.323458	-0.042191	True	0.727468	0.595053	0.689219	28.239360	0.999454	7898
7899.png	0.672920	0.831974	0.908281	0.939227	0.879310	0.999061	27.333448	0.999351	28.149118	0.744925	0.462056	1.019332	30.272750	0.519940	1806	5	2	3	9	1.950413	0.400000	121	118	169.024387	3.132246	0.038619	-0.024356	-0.539602	-0.000151	0.000043	-0.000725	1190.757275	0.744925	0.744925	5	2	3	3	9	1.950413	0.400000	5	0	121	118	109	1.432410	3.132246	169.024387	0.038619	45874	25.400886	36.287929	256x256	65536	sparse	Learned	241	5	21	1706	30.434102	0.556009	27.776838	0.999308	0.745650	0.370293	8	3	0.000000	26	1740	30.705018	0.600655	0.999107	27.001842	0.132812	0.707438	4964	31.629796	0.712600	0.999660	30.955570	0.054566	0.675832	0.372280	0.091763	-0.161352	-0.036069	True	0.470594	0.479691	0.697276	27.873050	0.999212	7899
7900.png	0.565217	0.893082	0.943522	0.936950	0.950186	0.998946	28.012920	0.999114	28.606852	0.600965	0.613259	0.621527	31.328631	0.589151	2094	4	4	6	10	2.000000	1.000000	150	150	213.923882	3.311265	0.027204	-0.007405	-0.465919	-0.000219	-0.000000	0.007942	1146.639109	0.600965	0.600965	4	4	0	6	10	2.000000	1.000000	4	0	150	150	134	1.426159	3.311265	213.923882	0.027204	44802	21.395415	31.297039	256x256	65536	sparse	Learned	270	4	27	2025	31.637077	0.626070	28.469903	0.999114	0.593023	0.496749	6	3	0.000000	37	2070	31.966634	0.669838	0.999038	28.149886	0.400362	0.576594	4433	32.544101	0.727787	0.999520	31.432306	0.272140	0.571614	0.136949	0.116510	-0.308446	-0.036919	True	0.630277	0.391734	0.572622	28.478839	0.999164	7900
7901.png	0.504010	0.883998	0.938428	0.944692	0.932246	0.998669	27.058429	0.998939	27.935494	0.521082	0.622808	0.302299	30.672831	0.554464	2204	4	0	0	8	1.949686	0.000000	159	155	223.308658	3.318740	0.026393	-0.008372	-0.939085	-0.000300	-0.000006	0.014866	1268.414021	0.521082	0.521082	4	0	4	0	8	1.949686	0.000000	4	0	159	155	151	1.440701	3.318740	223.308658	0.026393	45469	20.630218	29.735027	256x256	65536	sparse	Learned	279	4	26	2154	31.062806	0.603957	27.979093	0.998945	0.506217	0.208516	13	0	0.000000	32	2010	31.243809	0.638713	0.998719	27.527836	0.307537	0.472455	4199	31.792922	0.696172	0.999362	30.916896	0.187612	0.493191	-0.043599	0.414291	-0.389975	-0.049493	True	0.662098	0.200152	0.512382	27.997514	0.998968	7901
7902.png	0.244153	0.242865	0.390815	0.754181	0.263743	0.988856	16.644944	0.999578	27.338918	0.605105	0.291780	0.508346	28.708158	0.559029	1300	4	0	0	8	1.849057	0.000000	53	49	72.041631	3.611628	0.050625	-0.436381	-7.940922	-0.009100	0.000301	0.338986	965.399027	0.605105	0.605105	4	0	4	0	8	1.849057	0.000000	4	0	53	49	45	1.470237	3.611628	72.041631	0.050625	45058	34.660000	50.412308	256x256	65536	sparse	Frangi	173	4	8	1256	29.804079	0.578767	24.649286	0.999277	0.266120	0.365552	12	4	0.000000	27	1228	31.462522	0.626514	0.999571	26.982329	0.353617	0.261316								2.689632	-0.073772	-1.095921	-0.019738	True	0.572585	0.291071	0.680534	24.585866	0.997956	7902
7903.png	0.502209	0.850494	0.919207	0.918507	0.919908	0.999038	28.123893	0.999220	28.565664	0.521610	0.655272	0.449266	31.581427	0.596589	2052	4	9	18	11	2.067114	2.250000	149	154	241.580736	2.931839	0.041154	-0.006499	-0.323934	-0.000180	0.000005	-0.002933	1128.368616	0.521610	0.521610	4	9	-5	18	11	2.067114	2.250000	4	0	149	154	120	1.568706	2.931839	241.580736	0.041154	44666	21.767057	31.937622	256x256	65536	sparse	Learned	269	4	27	1918	31.856652	0.630744	28.386244	0.999215	0.524542	0.320035	7	0	0.625000	38	2004	32.101009	0.673899	0.999130	28.063944	0.273851	0.516105	4279	32.630214	0.726922	0.999559	31.600296	0.153518	0.522431	0.179420	0.335237	-0.275225	-0.034155	True	0.681776	0.306299	0.508708	28.447827	0.999218	7903
7904.png	0.651462	0.886982	0.940107	0.954777	0.925880	0.999022	27.539035	0.999287	28.135847	0.678766	0.629166	0.605908	30.101520	0.524496	2398	5	2	4	11	1.968586	0.400000	191	188	284.764502	2.799409	0.038183	0.002872	-0.557221	-0.000257	-0.000012	0.011542	882.000446	0.678766	0.678766	5	2	3	4	11	1.968586	0.400000	5	0	191	188	176	1.514705	2.799409	284.764502	0.038183	45949	19.161384	27.329441	256x256	65536	sparse	Learned	311	5	26	2326	30.600205	0.589090	28.007618	0.999299	0.667224	0.538967	7	5	0.000000	29	2180	30.774463	0.626560	0.999163	27.336802	0.183994	0.658429	3825	31.133624	0.663239	0.999527	29.829128	0.166869	0.657222	0.128229	0.090199	-0.498686	-0.064594	True	0.629166	0.381217	0.648590	28.096257	0.999279	7904
7905.png	0.226056	0.218640	0.358826	0.871495	0.225924	0.990801	16.760333	0.999721	27.011874	0.829694	0.281076	0.356456	28.512781	0.532358	1063	1	0	0	2	1.923077	0.000000	26	25	34.798990	4.132277	0.036806						713.444471	0.829694	0.829694	1	0	1	0	2	1.923077	0.000000	2	0	26	25	24	1.391960	4.132277	34.798990	0.036806	45446	42.752587	61.651929	256x256	65536	sparse	Frangi	148	2												21	974	30.912597	0.590340	0.999642	25.773868	0.578246	0.241462												True	0.754633	0.268994				7905
7906.png	0.834856	0.918861	0.957715	0.956296	0.959138	0.999289	26.802240	0.999402	27.164483	0.877243	0.530459	0.842823	30.784797	0.562797	2178	5	3	6	10	1.972789	0.600000	147	145	215.994949	3.017529	0.026354	0.029319	-0.318154	-0.000115	0.000007	0.047357	1180.969715	0.877243	0.877243	5	3	2	6	10	1.972789	0.600000	5	1	147	145	131	1.489620	3.017529	215.994949	0.026354	45534	20.906336	30.089991	256x256	65536	sparse	Learned	267	5	25	2175	30.986945	0.605999	27.058352	0.999395	0.829887	0.524791	5	2	0.500000	31	1918	31.262160	0.640916	0.999309	26.536535	0.530459	0.816779	4234	31.842538	0.697467	0.999736	30.823100	0.441699	0.826524	0.106131	0.005668	-0.202149	-0.043202	True	0.552465	0.465630	0.805537	27.120394	0.999404	7906
7907.png	0.608494	0.908912	0.952283	0.946758	0.957873	0.998969	27.621898	0.999110	28.238152	0.610158	0.545247	0.458269	31.186451	0.583068	2145	5	1	4	10	1.946309	0.200000	149	145	221.722871	3.230938	0.034601	0.002452	-0.421845	-0.000182	0.000026	0.012521	1236.571550	0.610158	0.610158	5	1	4	4	10	1.946309	0.200000	5	0	149	145	135	1.529123	3.230938	221.722871	0.034601	45010	20.983683	30.552914	256x256	65536	sparse	Learned	269	5	27	2074	31.521230	0.623636	28.070921	0.999084	0.597637	0.278306	13	4	0.000000	35	1956	31.723264	0.658020	0.998952	27.595038	0.398001	0.557895	4328	32.339250	0.716976	0.999563	31.520790	0.210219	0.596437	0.167231	0.266941	-0.334779	-0.040569	True	0.563078	0.258041	0.606042	28.043743	0.999151	7907
7908.png	0.647599	0.881153	0.936822	0.941397	0.932292	0.999212	26.859853	0.999466	27.580058	0.697147	0.643706	0.591334	30.067125	0.524266	2504	5	2	5	11	1.969697	0.400000	198	195	295.835570	2.217774	0.029249	-0.012320	-0.616799	-0.000218	0.000001	-0.000979	912.369490	0.697147	0.697147	5	2	3	5	11	1.969697	0.400000	5	0	198	195	182	1.517105	2.217774	295.835570	0.029249	46205	18.452476	26.172524	256x256	65536	sparse	Learned	318	5	26	2422	30.491648	0.589915	27.429661	0.999465	0.698126	0.524474	6	2	0.000000	30	2458	30.743524	0.642094	0.999369	26.795798	0.571158	0.701585	3621	30.997498	0.651495	0.999673	29.941301	0.430059	0.695114	0.150397	0.119233	-0.424523	-0.065649	True	0.663110	0.392120	0.659919	27.476652	0.999430	7908
7909.png	0.576515	0.873798	0.932649	0.918509	0.947231	0.999057	27.849596	0.999095	28.104401	0.589617	0.712059	0.412439	30.833227	0.560788	2343	4	5	9	7	2.010929	1.250000	183	184	277.036580	2.869635	0.048694	-0.019117	-0.379324	-0.000149	-0.000045	-0.020096	1175.717115	0.589617	0.589617	4	5	-1	9	7	2.010929	1.250000	4	1	183	184	167	1.505634	2.869635	277.036580	0.048694	45408	19.380282	27.970977	256x256	65536	sparse	Learned	303	4	27	2236	31.162823	0.612308	28.210516	0.999140	0.609713	0.302324	11	3	0.000000	34	2202	31.443721	0.655078	0.999089	28.045663	0.318621	0.573538	3869	31.768510	0.687825	0.999473	30.541121	0.223532	0.590241	-0.106115	0.409735	-0.329597	-0.051520	True	0.709165	0.292488	0.595632	28.228920	0.999205	7909
7910.png	0.615196	0.932195	0.964908	0.962656	0.967170	0.998512	28.126045	0.998655	28.389294	0.625184	0.663784	0.603865	31.117398	0.584167	2380	4	3	7	9	1.987952	0.750000	166	165	241.338095	3.832162	0.027894	-0.002334	-0.069075	-0.000120	0.000011	0.003173	1508.007288	0.625184	0.625184	4	3	1	7	9	1.987952	0.750000	4	0	166	165	150	1.462655	3.832162	241.338095	0.027894	45150	18.970588	27.536134	256x256	65536	sparse	Learned	286	4	28	2336	31.422583	0.628298	28.179961	0.998644	0.622012	0.395891	10	7	0.000000	38	2324	31.768391	0.673242	0.998533	28.082018	0.376039	0.630640	3810	32.067968	0.696041	0.999248	31.266008	0.283720	0.628529	0.209332	0.267893	-0.305185	-0.044131	True	0.692721	0.418310	0.617530	28.195120	0.998632	7910
7911.png	0.694633	0.868470	0.929605	0.923529	0.935762	0.998785	28.047691	0.999010	28.661450	0.716501	0.543424	0.661529	30.944007	0.563368	2013	5	4	9	11	1.985075	0.800000	134	133	221.237590	3.315401	0.043253	-0.010703	-0.167889	-0.000159	0.000050	0.006507	1046.120882	0.716501	0.716501	5	4	1	9	11	1.985075	0.800000	5	1	134	133	114	1.663441	3.315401	221.237590	0.043253	45270	22.488823	32.556384	256x256	65536	sparse	Learned	254	5	25	2000	31.184449	0.604552	28.299112	0.998959	0.709994	0.427361	8	3	0.000000	31	1824	31.382556	0.637352	0.998761	27.685662	0.245160	0.686073	4703	32.145348	0.721792	0.999459	31.354019	0.178680	0.673121	0.362338	0.116063	-0.240442	-0.041184	True	0.503415	0.333023	0.705336	28.215580	0.998944	7911
7912.png	0.604984	0.888684	0.941062	0.930457	0.951910	0.998835	28.017149	0.998796	28.461558	0.603808	0.651808	0.578543	30.763046	0.553152	2137	4	9	16	10	2.065359	2.250000	153	158	251.036580	3.284649	0.035779	-0.017356	-0.312273	-0.000174	0.000018	-0.012471	1339.362144	0.603808	0.603808	4	9	-5	16	10	2.065359	2.250000	4	1	153	158	127	1.588839	3.284649	251.036580	0.035779	45423	21.255498	30.667291	256x256	65536	sparse	Learned	273	4	26	2103	31.094891	0.602057	28.437053	0.998778	0.616279	0.359915	13	12	0.000000	31	1906	31.261323	0.633386	0.998466	27.790796	0.190388	0.620690	4066	31.778151	0.694043	0.999197	30.697786	0.121774	0.589426	0.024506	0.291893	-0.331845	-0.048906	True	0.698806	0.404289	0.622340	28.329422	0.999009	7912
7914.png	0.673653	0.911854	0.953895	0.941176	0.966962	0.999183	27.374446	0.999252	27.627797	0.680237	0.601481	0.483382	31.300187	0.589412	2083	4	3	7	10	1.985075	0.750000	134	133	214.480231	3.056277	0.053210	-0.017984	-0.259275	-0.000110	-0.000019	-0.009097	1205.284357	0.680237	0.680237	4	3	1	7	10	1.985075	0.750000	4	0	134	133	117	1.612633	3.056277	214.480231	0.053210	44891	21.551128	31.462314	256x256	65536	sparse	Learned	254	4	26	2013	31.558254	0.624257	27.674292	0.999271	0.689334	0.367312	9	2	0.000000	36	1918	31.897028	0.663729	0.999239	27.773603	0.590165	0.646886	4209	32.384919	0.717453	0.999659	31.357597	0.362372	0.671875	-0.046494	0.234169	-0.258067	-0.034845	True	0.622808	0.301054	0.691636	27.633721	0.999293	7914
7915.png	0.465008	0.859041	0.924176	0.883827	0.968386	0.999345	28.409158	0.999274	28.481450	0.475277	0.632121	0.365239	31.094067	0.572341	2075	4	3	7	9	1.987179	0.750000	156	155	230.793939	2.786056	0.036311	-0.032020	0.144880	-0.000022	-0.000003	-0.038583	1020.205498	0.475277	0.475277	4	3	1	7	9	1.987179	0.750000	4	0	156	155	140	1.488993	2.786056	230.793939	0.036311	45099	21.734458	31.583614	256x256	65536	sparse	Learned	276	4	26	1960	31.438657	0.612388	28.290847	0.999277	0.513859	0.289652	10	1	0.000000	34	1904	31.627806	0.647064	0.999228	28.173852	0.137138	0.443165	4464	32.281356	0.719584	0.999602	31.496206	0.208864	0.526130	0.190603	0.342469	-0.344590	-0.040047	True	0.653544	0.238700	0.497028	28.264278	0.999368	7915
7916.png	0.581064	0.930858	0.964191	0.963552	0.964831	0.998997	27.247742	0.999100	27.596941	0.593730	0.635781	0.358065	31.199749	0.586110	2303	4	1	5	7	1.960000	0.250000	150	147	227.279221	3.199362	0.031865	-0.009512	-0.365968	-0.000117	-0.000007	0.000956	1213.428020	0.593730	0.593730	4	1	3	5	7	1.960000	0.250000	4	0	150	147	138	1.546117	3.199362	227.279221	0.031865	45079	19.574034	28.456795	256x256	65536	sparse	Learned	270	4	27	2153	31.487506	0.626525	27.671640	0.999107	0.592774	0.233679	13	1	0.000000	38	2194	31.771557	0.668260	0.999135	27.939214	0.172122	0.574233	3787	32.074212	0.693943	0.999539	31.054368	0.142596	0.586397	-0.074699	0.402102	-0.287757	-0.040415	True	0.639405	0.228948	0.590575	27.613710	0.999114	7916
7917.png	0.581683	0.861332	0.925500	0.914990	0.936255	0.999030	27.647099	0.999228	28.244793	0.616344	0.621674	0.509499	30.662734	0.554274	2439	5	2	6	12	1.967391	0.400000	184	181	282.249783	2.784595	0.031854	-0.006482	-0.586448	-0.000276	-0.000062	0.007259	1035.203695	0.616344	0.616344	5	2	3	6	12	1.967391	0.400000	5	0	184	181	166	1.559391	2.784595	282.249783	0.031854	45484	18.648626	26.870029	256x256	65536	sparse	Learned	304	5	28	2425	31.133917	0.615052	28.288583	0.999290	0.609085	0.441699	7	3	0.000000	34	2336	31.341062	0.656444	0.999141	27.637164	0.210746	0.616667	3716	31.584337	0.675770	0.999432	29.828819	0.283127	0.597826	-0.043790	0.179975	-0.471183	-0.060778	True	0.635052	0.323558	0.588165	28.233547	0.999306	7917
7918.png	0.593750	0.856835	0.922899	0.892377	0.955582	0.999446	27.673689	0.999517	28.113381	0.618063	0.475337	0.649674	31.422826	0.585536	1645	4	1	2	7	1.938776	0.250000	98	95	137.982756	2.944054	0.042896	0.021574	0.030408	-0.000122	0.000003	0.016012	1038.795233	0.618063	0.618063	4	1	3	2	7	1.938776	0.250000	4	0	98	95	89	1.452450	2.944054	137.982756	0.042896	44828	27.251064	39.839514	256x256	65536	sparse	Learned	218	4	23	1641	31.586198	0.610224	27.780457	0.999514	0.602051	0.261295	7	1	0.125000	33	1584	31.849811	0.644494	0.999460	27.577457	0.462056	0.615942	5627	32.984040	0.760464	0.999802	32.774400	0.176136	0.613169	0.332924	0.214042	-0.163372	-0.024689	True	0.515675	0.335021	0.572176	27.643281	0.999569	7918
7919.png	0.736242	0.898922	0.946771	0.956958	0.936798	0.998999	26.080950	0.999312	27.200918	0.779402	0.689633	0.725903	30.859598	0.575228	2382	4	4	8	9	2.000000	1.000000	187	187	263.865007	2.705862	0.028271	0.023871	-1.455358	-0.000347	-0.000079	0.055905	1062.661409	0.779402	0.779402	4	4	0	8	9	2.000000	1.000000	4	1	187	187	170	1.411043	2.705862	263.865007	0.028271	45202	18.976490	27.513014	256x256	65536	sparse	Learned	307	4	29	2360	31.392458	0.627943	27.550238	0.999391	0.723497	0.408445	8	1	0.500000	37	2298	31.662357	0.670433	0.999351	27.543837	0.449815	0.701567	3882	32.001658	0.697480	0.999701	31.184311	0.301548	0.712000	-0.349320	0.281188	-0.532860	-0.052715	True	0.700308	0.508356	0.712371	27.536308	0.999346	7919
7920.png	0.815789	0.904984	0.950123	0.957955	0.942417	0.999284	26.522932	0.999453	27.116224	0.844568	0.611320	1.023747	30.410590	0.539057	2136	4	1	5	9	1.956835	0.250000	139	136	222.078210	2.683615	0.029460	0.001940	-0.549691	-0.000157	0.000010	0.025291	1053.529501	0.844568	0.844568	4	1	3	5	9	1.956835	0.250000	4	0	139	136	125	1.632928	2.683615	222.078210	0.029460	45838	21.459738	30.681648	256x256	65536	sparse	Learned	259	4	24	2126	30.668725	0.588289	27.006378	0.999443	0.819277	0.681776	4	6	0.000000	31	2018	30.958665	0.630452	0.999363	26.666277	0.547062	0.825729	4276	31.513464	0.690169	0.999747	30.623742	0.688077	0.810566	0.109846	-0.070456	-0.258135	-0.049231	True	0.622808	0.637598	0.813850	27.072623	0.999441	7920
7921.png	0.532802	0.886850	0.940032	0.923567	0.957096	0.998752	28.851478	0.998646	29.056004	0.534535	0.587286	0.342115	30.389065	0.525895	1988	4	3	7	9	1.984848	0.750000	132	131	200.509668	3.785970	0.042390	0.064486	0.849047	0.000235	0.000344	0.065821	1415.128469	0.534535	0.534535	4	3	1	7	9	1.984848	0.750000	4	0	132	131	116	1.530608	3.785970	200.509668	0.042390	45809	23.042757	32.965795	256x256	65536	sparse	Learned	252	4	23	1896	30.581520	0.569759	28.098339	0.998302	0.468713	0.172289	22	3	0.000000	28	1780	30.825460	0.604770	0.998145	27.721632	0.119175	0.434155	4460	31.525030	0.695802	0.999060	30.835287	0.031880	0.442770	0.957664	0.414997	-0.192455	-0.043864	True	0.617107	0.211121	0.468316	28.002431	0.998518	7921
7922.png	0.633058	0.921330	0.959054	0.945092	0.973436	0.999300	27.699142	0.999343	27.974241	0.630981	0.583138	0.353218	31.676453	0.605510	1944	4	5	8	7	2.015152	1.250000	132	133	205.894444	2.971932	0.044638	-0.009912	-0.274732	-0.000083	0.000008	-0.003485	1086.843014	0.630981	0.630981	4	5	-1	8	7	2.015152	1.250000	4	1	132	133	117	1.548079	2.971932	205.894444	0.044638	44728	23.008230	33.711934	256x256	65536	sparse	Learned	252	4	27	1939	31.896173	0.637521	27.921527	0.999335	0.634467	0.256213	10	1	0.250000	38	1940	32.166924	0.674002	0.999305	27.963320	0.293901	0.638739	4714	32.888676	0.744000	0.999701	31.852614	0.176708	0.638183	0.052714	0.326925	-0.219720	-0.032010	True	0.615188	0.217295	0.642970	27.973874	0.999383	7922
7923.png	0.732446	0.907601	0.951562	0.932619	0.971292	0.999303	27.811220	0.999313	28.146738	0.750183	0.607414	0.926832	30.565856	0.545925	2197	4	0	0	8	1.949367	0.000000	158	154	218.208153	2.929028	0.016727	0.027218	0.098843	-0.000060	0.000041	0.024502	1196.325779	0.750183	0.750183	4	0	4	0	8	1.949367	0.000000	4	0	158	154	150	1.416936	2.929028	218.208153	0.016727	45672	20.788348	29.829768	256x256	65536	sparse	Learned	278	4	25	2091	30.872430	0.595085	27.697873	0.999272	0.725681	0.673720	5	10	0.000000	30	2146	31.086249	0.639970	0.999083	26.913114	0.274819	0.703508	4131	31.620947	0.690038	0.999594	30.620100	0.230489	0.689987	0.448864	-0.066306	-0.306574	-0.049160	True	0.628423	0.582443	0.705229	27.712377	0.999363	7923
7924.png	0.304985	0.278810	0.436047	0.892857	0.288462	0.993283	15.499147	0.999778	26.365295	0.771654	0.568289	0.664201	28.086033	0.502977	1099	1	0	0	2	1.947368	0.000000	38	37	50.112698	4.201013	0.024869						827.227592	0.771654	0.771654	1	0	1	0	2	1.947368	0.000000	1	0	38	37	36	1.354397	4.201013	50.112698	0.024869	46154	41.996360	59.632393	256x256	65536	sparse	Frangi	158	1												19	994	30.363922	0.554662	0.999694	24.924396	0.397499	0.418831												True	0.601481	0.399504				7924
7925.png	0.595709	0.883558	0.938180	0.933828	0.942572	0.999045	27.974996	0.999123	28.367628	0.623429	0.617107	0.552450	30.496455	0.548010	2424	5	6	12	13	2.011429	1.200000	175	176	287.391919	2.962056	0.034734	-0.018936	-0.173410	-0.000103	-0.000002	0.002500	1177.217484	0.623429	0.623429	5	6	-1	12	13	2.011429	1.200000	5	0	175	176	150	1.632909	2.962056	287.391919	0.034734	45614	18.817657	27.036304	256x256	65536	sparse	Learned	295	5	27	2327	30.970273	0.606398	28.200001	0.999125	0.620929	0.349991	13	3	0.000000	33	2370	31.192824	0.653574	0.998936	27.607917	0.260053	0.599566	3896	31.519993	0.679714	0.999407	30.675382	0.212161	0.611262	0.167627	0.267116	-0.473818	-0.058388	True	0.637960	0.352441	0.614645	28.148406	0.999147	7925
7926.png	0.767857	0.900688	0.947749	0.923258	0.973576	0.999248	27.390760	0.999286	27.828267	0.781749	0.511297	0.786415	30.675320	0.554340	2080	5	2	3	9	1.957143	0.400000	140	137	200.166522	3.089625	0.035257	0.034711	-0.114146	-0.000097	0.000029	0.046133	1206.367731	0.781749	0.781749	5	2	3	3	9	1.957143	0.400000	5	0	140	137	128	1.461070	3.089625	200.166522	0.035257	45476	21.863462	31.507692	256x256	65536	sparse	Learned	260	5	25	2071	31.013301	0.600661	27.481301	0.999257	0.735616	0.431640	8	4	0.000000	31	2080	31.269923	0.642519	0.999123	27.080653	0.269369	0.721805	4512	31.909502	0.709745	0.999604	30.649652	0.311851	0.731058	0.346966	0.079657	-0.337981	-0.046321	True	0.548870	0.431640	0.733146	27.504906	0.999345	7926
7927.png	0.621442	0.906868	0.951160	0.932376	0.970717	0.999030	28.173959	0.998951	28.346323	0.619244	0.655272	0.442631	30.427818	0.533074	2183	4	8	14	10	2.053333	2.000000	150	154	245.693434	3.512582	0.045180	0.017755	0.287526	0.000006	0.000070	0.014515	1360.601187	0.619244	0.619244	4	8	-4	14	10	2.053333	2.000000	4	0	150	154	126	1.595412	3.512582	245.693434	0.045180	45866	21.010536	30.021072	256x256	65536	sparse	Learned	270	4	25	2131	30.704607	0.586058	27.910799	0.998880	0.604730	0.419191	6	2	0.000000	30	2172	30.924758	0.631374	0.998734	27.433290	0.325196	0.590108	4371	31.488952	0.690476	0.999347	30.446004	0.173730	0.594228	0.435523	0.236081	-0.276789	-0.052985	True	0.686514	0.303872	0.603687	27.886433	0.999025	7927
7928.png	0.583825	0.828873	0.906430	0.870528	0.945421	0.999457	27.635927	0.999464	27.956235	0.594988	0.635781	0.467625	30.156133	0.516446	2014	4	5	11	9	2.014184	1.250000	141	142	234.936075	2.552616	0.049105	-0.005841	-0.091920	-0.000072	-0.000010	-0.025932	885.527372	0.594988	0.594988	4	5	-1	11	9	2.014184	1.250000	4	0	141	142	121	1.654479	2.552616	234.936075	0.049105	45993	22.836643	32.540218	256x256	65536	sparse	Learned	261	4	23	1978	30.431812	0.567520	27.798862	0.999474	0.620920	0.387374	8	0	0.500000	27	1808	30.622201	0.602832	0.999326	26.929607	0.232499	0.555471	4726	31.466121	0.700634	0.999714	30.937039	0.113414	0.589964	0.157373	0.248407	-0.275678	-0.051075	True	0.554251	0.259182	0.589666	27.727847	0.999529	7928
7929.png	0.662356	0.898116	0.946324	0.946324	0.946324	0.999328	27.799940	0.999422	28.065817	0.682909	0.593430	0.544613	30.870104	0.562525	2198	5	1	3	11	1.952381	0.200000	168	164	250.894444	2.551131	0.035203	0.003752	0.067387	-0.000065	0.000004	0.017399	884.194851	0.682909	0.682909	5	1	4	3	11	1.952381	0.200000	5	0	168	164	154	1.529844	2.551131	250.894444	0.035203	45402	20.656051	29.816197	256x256	65536	sparse	Learned	288	5	26	2151	31.122296	0.608606	27.753200	0.999418	0.665510	0.275060	12	2	0.000000	32	2138	31.393194	0.650933	0.999304	27.252494	0.302324	0.640559	4111	31.843005	0.696418	0.999675	30.807398	0.301249	0.646444	0.312617	0.318370	-0.252192	-0.046081	True	0.607807	0.331019	0.658604	27.732552	0.999393	7929
7930.png	0.668206	0.886469	0.939818	0.935237	0.944444	0.999195	27.853869	0.999353	28.166031	0.699866	0.586597	0.540150	31.299607	0.598336	2554	5	3	6	14	1.980100	0.600000	201	199	315.393471	2.390880	0.030146	0.004303	-0.506197	-0.000214	-0.000050	0.016298	924.790382	0.699866	0.699866	5	3	2	6	14	1.980100	0.600000	6	0	201	199	181	1.584892	2.390880	315.393471	0.030146	44935	17.593970	25.660141	256x256	65536	sparse	Learned	321	6	31	2489	31.804494	0.650055	28.358027	0.999403	0.683569	0.347319	12	2	0.000000	40	2282	32.089946	0.684199	0.999390	28.508403	0.312482	0.658011	3507	32.202439	0.697233	0.999624	30.684115	0.277874	0.659860	-0.191996	0.239278	-0.504887	-0.051719	True	0.604129	0.326320	0.663903	28.360066	0.999409	7930
7931.png	0.691830	0.895921	0.945103	0.937090	0.953255	0.998916	27.802705	0.999059	28.283807	0.719417	0.748421	0.804835	30.273321	0.533797	2550	4	7	15	12	2.030000	1.750000	200	203	327.877200	3.004192	0.039538	-0.027105	-0.219645	-0.000128	0.000033	-0.016516	1349.069595	0.719417	0.719417	4	7	-3	15	12	2.030000	1.750000	4	0	200	203	173	1.615159	3.004192	327.877200	0.039538	45923	18.009020	25.700392	256x256	65536	sparse	Learned	320	4	27	2443	30.671391	0.599000	28.058963	0.999026	0.735933	0.608394	8	10	0.000000	31	2540	30.929876	0.650346	0.998798	27.414138	0.182633	0.719671	3586	31.102515	0.656477	0.999294	29.347151	0.298242	0.723754	0.224844	0.140027	-0.398070	-0.065203	True	0.773498	0.622538	0.718935	28.022351	0.999044	7931
7932.png	0.745559	0.894585	0.944360	0.941783	0.946951	0.998708	27.918334	0.998814	28.384536	0.764876	0.656991	0.927934	30.348151	0.530365	2178	4	10	19	10	2.083916	2.500000	143	149	246.965512	3.423050	0.056777	-0.007740	0.179615	-0.000000	0.000126	0.002369	1488.071680	0.764876	0.764876	4	10	-6	19	10	2.083916	2.500000	4	1	143	149	114	1.657487	3.423050	246.965512	0.056777	45911	21.079431	30.089991	256x256	65536	sparse	Learned	263	4	24	2095	30.579670	0.580831	27.812128	0.998688	0.762507	0.719729	5	12	0.000000	29	2134	30.848112	0.627818	0.998484	27.254121	0.246599	0.763502	4238	31.371982	0.683324	0.999324	30.510350	0.231148	0.743896	0.572409	-0.062738	-0.231519	-0.050467	True	0.701803	0.651227	0.753299	27.738719	0.998708	7932
7933.png	0.685492	0.879817	0.936067	0.930794	0.941400	0.998762	28.068650	0.998808	28.384992	0.699024	0.760691	0.676677	30.294007	0.532306	2560	4	11	24	12	2.070352	2.750000	199	206	338.705627	3.044437	0.049621	-0.028214	-0.237110	-0.000104	0.000020	-0.010588	1422.847748	0.699024	0.699024	4	11	-7	24	12	2.070352	2.750000	4	1	199	206	163	1.644202	3.044437	338.705627	0.049621	45902	17.930469	25.600000	256x256	65536	sparse	Learned	319	4	27	2431	30.700835	0.597527	28.319294	0.998788	0.709612	0.506385	10	10	0.000000	31	2482	30.948745	0.648495	0.998485	27.468144	0.200685	0.705090	3655	31.151013	0.657284	0.999146	29.618056	0.170159	0.708911	0.065698	0.254306	-0.406828	-0.065221	True	0.786688	0.532334	0.713706	28.305760	0.998866	7933
7934.png	0.613607	0.899936	0.947333	0.932629	0.962509	0.999125	27.847424	0.999209	28.390579	0.649066	0.575142	0.550227	30.722660	0.560726	2295	5	2	4	10	1.964497	0.400000	169	166	244.450793	2.941912	0.027944	0.005853	-0.597437	-0.000183	-0.000002	0.021014	1300.898552	0.649066	0.649066	5	2	3	4	10	1.964497	0.400000	5	0	169	166	155	1.472595	2.941912	244.450793	0.027944	45386	19.776035	28.555991	256x256	65536	sparse	Learned	289	5	27	2287	31.142598	0.613698	28.453847	0.999211	0.628052	0.441344	9	7	0.000000	33	2200	31.392459	0.653849	0.999044	27.746261	0.449815	0.619130	4140	31.824525	0.697117	0.999471	30.835914	0.259182	0.637300	-0.063267	0.133797	-0.419938	-0.052972	True	0.700308	0.385328	0.607754	28.444860	0.999308	7934
7935.png	0.622161	0.909490	0.952600	0.941511	0.963953	0.998895	28.027382	0.999006	28.272869	0.634012	0.633589	0.636094	31.430933	0.598553	2576	5	4	6	10	1.989691	0.800000	194	193	298.877200	2.985934	0.037139	-0.035492	-0.493877	-0.000208	-0.000069	-0.029619	1255.178213	0.634012	0.634012	5	4	1	6	10	1.989691	0.800000	5	1	194	193	178	1.548587	2.985934	298.877200	0.037139	44905	17.432065	25.440994	256x256	65536	sparse	Learned	314	5	31	2531	31.792008	0.649621	28.475536	0.999075	0.663631	0.380264	13	9	0.000000	42	2570	32.139972	0.696037	0.998994	28.537951	0.290125	0.630293	3603	32.208988	0.696828	0.999430	30.958882	0.224437	0.627440	-0.202667	0.253325	-0.361074	-0.051068	True	0.640845	0.407637	0.657653	28.521259	0.999103	7935
7936.png	0.666667	0.886076	0.939597	0.921053	0.958904	0.999245	27.539780	0.999352	28.148065	0.693904	0.717761	0.616461	30.383639	0.539585	2482	4	5	10	11	2.009950	1.250000	201	202	304.948268	2.498572	0.026424	0.010939	-0.345296	-0.000130	0.000014	0.019471	1016.873121	0.693904	0.693904	4	5	-1	10	11	2.009950	1.250000	4	0	201	202	180	1.509645	2.498572	304.948268	0.026424	45796	18.451249	26.404512	256x256	65536	sparse	Learned	321	4	27	2474	30.769844	0.603055	27.940072	0.999338	0.674433	0.513248	8	0	0.500000	31	2368	31.025695	0.646637	0.999206	27.091085	0.347714	0.634389	3751	31.333855	0.670119	0.999614	30.268098	0.301502	0.667861	0.207993	0.204513	-0.386205	-0.063470	True	0.740760	0.456649	0.655728	27.885077	0.999375	7936
7937.png	0.652174	0.852580	0.920424	0.927188	0.913759	0.999022	27.913069	0.999265	28.544957	0.665215	0.704770	0.645138	30.607861	0.547826	2215	4	6	12	9	2.022599	1.500000	177	179	280.350288	2.809494	0.049917	0.001328	-0.355031	-0.000194	-0.000004	0.031718	1132.731438	0.665215	0.665215	4	6	-2	12	9	2.022599	1.500000	4	1	177	179	156	1.566203	2.809494	280.350288	0.049917	45466	20.526411	29.587359	256x256	65536	sparse	Learned	297	4	25	2017	30.985623	0.595203	28.291081	0.999269	0.633496	0.355964	12	9	0.000000	32	2056	31.195912	0.637434	0.999122	27.749704	0.272033	0.602156	4166	31.725066	0.695444	0.999569	30.978588	0.171601	0.617251	0.253876	0.348806	-0.377762	-0.047377	True	0.738154	0.476211	0.650846	28.268100	0.999216	7937
7938.png	0.307182	0.305862	0.468444	0.832543	0.325912	0.990313	16.126061	0.999486	27.975004	0.801829	0.234072	0.466351	28.614907	0.564849	1123	3	0	0	6	1.777778	0.000000	27	24	44.455844	5.645258	0.067220						978.868484	0.801829	0.801829	3	0	3	0	6	1.777778	0.000000	3	0	27	24	21	1.852327	5.645258	44.455844	0.067220	45035	40.102404	58.357970	256x256	65536	sparse	Frangi	147	3												26	1080	31.513343	0.621702	0.999387	26.843912	0.598280	0.399399												True	0.642278	0.299527				7938
7939.png	0.735946	0.910543	0.953177	0.962838	0.943709	0.998955	27.000724	0.999217	27.636222	0.759113	0.673720	1.062614	30.408408	0.552350	2801	5	3	6	10	1.981481	0.600000	216	214	324.806133	2.828379	0.022308	0.009919	-0.708969	-0.000244	-0.000025	0.041454	1289.240122	0.759113	0.759113	5	3	2	6	10	1.981481	0.600000	5	1	216	214	200	1.517786	2.828379	324.806133	0.022308	45825	16.360228	23.397358	256x256	65536	sparse	Learned	336	5	30	2781	30.961389	0.623438	27.712766	0.999242	0.717659	0.642483	7	10	0.000000	34	2770	31.187146	0.673256	0.999085	27.049829	0.734993	0.694500	3349	31.268761	0.655067	0.999504	29.874474	0.665221	0.716625	-0.076544	0.031238	-0.552982	-0.071088	True	0.697599	0.741278	0.726027	27.709692	0.999199	7939
7940.png	0.647915	0.858940	0.924118	0.906359	0.942587	0.999245	27.733931	0.999309	28.128039	0.676548	0.639405	0.514929	30.219063	0.526923	2363	5	4	8	11	1.989529	0.800000	191	190	290.865007	2.558845	0.026828	0.031748	-0.261672	-0.000146	-0.000020	0.044064	996.569395	0.676548	0.676548	5	4	1	8	11	1.989529	0.800000	5	1	191	190	172	1.530868	2.558845	290.865007	0.026828	45894	19.421921	27.734236	256x256	65536	sparse	Learned	311	5	26	2344	30.633865	0.591099	28.011605	0.999330	0.632484	0.386352	12	3	0.000000	29	2134	30.855442	0.628041	0.999164	27.175760	0.211009	0.626464	3800	31.214127	0.664093	0.999512	29.766350	0.141077	0.608621	0.116435	0.253053	-0.414802	-0.064176	True	0.661760	0.340759	0.616168	27.995603	0.999391	7940
7941.png	0.723254	0.888021	0.940690	0.929155	0.952514	0.999368	26.954719	0.999486	27.497611	0.758007	0.568289	0.846497	30.597880	0.560212	2106	5	0	0	10	1.941176	0.000000	170	165	233.166522	2.359579	0.019857	0.073948	-0.874770	-0.000210	-0.000069	0.093419	857.548237	0.758007	0.758007	5	0	5	0	10	1.941176	0.000000	5	0	170	165	160	1.413130	2.359579	233.166522	0.019857	45388	21.551757	31.118708	256x256	65536	sparse	Learned	290	5	25	2013	31.155251	0.607039	27.819453	0.999555	0.664588	0.442894	8	2	0.000000	32	1860	31.379060	0.640996	0.999494	27.306342	0.342953	0.692084	4344	32.008459	0.708743	0.999761	31.113893	0.356768	0.646079	-0.321842	0.125395	-0.557371	-0.046828	True	0.576838	0.488291	0.649306	27.829490	0.999578	7941
7942.png	0.543648	0.879135	0.935680	0.909211	0.963738	0.999036	28.404588	0.999071	28.639450	0.570836	0.691181	0.496482	30.849816	0.571476	2349	4	5	10	11	2.011364	1.250000	176	177	278.663997	2.749520	0.036737	-0.010376	-0.031530	-0.000127	-0.000021	-0.017464	1320.383072	0.570836	0.570836	4	5	-1	10	11	2.011364	1.250000	4	0	176	177	155	1.574373	2.749520	278.663997	0.036737	45153	19.222222	27.899532	256x256	65536	sparse	Learned	296	4	29	2333	31.441761	0.626230	28.462195	0.999092	0.588300	0.356883	14	4	0.000000	38	2334	31.704571	0.669399	0.998978	28.305473	0.230957	0.588393	3769	31.970916	0.693199	0.999432	31.186946	0.178680	0.561864	0.177255	0.334298	-0.591944	-0.054754	True	0.709165	0.352088	0.554024	28.436118	0.999163	7942
7943.png	0.525943	0.913168	0.954614	0.940201	0.969475	0.998670	28.641077	0.998730	28.990316	0.519286	0.543424	0.669576	31.171722	0.574583	2172	5	4	8	11	1.986395	0.800000	147	146	226.793939	3.710510	0.047499	-0.011935	0.018806	-0.000076	0.000082	-0.009992	1409.394264	0.519286	0.519286	5	4	1	8	11	1.986395	0.800000	5	0	147	146	128	1.553383	3.710510	226.793939	0.047499	45135	20.780387	30.173112	256x256	65536	sparse	Learned	267	5	26	1993	31.410237	0.611515	28.606645	0.998647	0.529278	0.252312	13	1	0.000000	36	2082	31.652033	0.657863	0.998460	28.102151	0.250008	0.452258	4091	32.106945	0.703455	0.999162	31.137968	0.288230	0.499429	0.383671	0.291112	-0.238515	-0.036932	True	0.550671	0.368716	0.537879	28.622271	0.998746	7943
7944.png	0.745897	0.933333	0.965517	0.956140	0.975080	0.998778	27.753841	0.998868	28.096470	0.751961	0.622808	1.024716	30.622449	0.546816	2199	4	3	5	7	1.986842	0.750000	152	151	227.379726	3.569684	0.034921	-0.014259	-0.166232	-0.000117	0.000024	-0.002984	1318.771839	0.751961	0.751961	4	3	1	5	7	1.986842	0.750000	4	1	152	151	140	1.505826	3.569684	227.379726	0.034921	45607	20.739882	29.802638	256x256	65536	sparse	Learned	272	4	25	2121	30.862522	0.594807	27.950696	0.998844	0.754945	0.611968	6	11	0.000000	31	2080	31.100028	0.638023	0.998711	27.513403	0.408713	0.736900	4272	31.646630	0.695988	0.999391	30.880709	0.243695	0.704595	0.145774	0.010840	-0.240073	-0.047991	True	0.622808	0.638201	0.760156	27.920074	0.998895	7944
7945.png	0.838914	0.920620	0.958670	0.964627	0.952786	0.999395	25.497313	0.999589	26.276443	0.872913	0.611320	0.978077	30.628651	0.564350	2261	4	1	3	9	1.960526	0.250000	152	149	222.036580	2.456139	0.031656	0.053777	-1.284072	-0.000242	-0.000054	0.086734	877.707481	0.872913	0.872913	4	1	3	3	9	1.960526	0.250000	4	0	152	149	140	1.490178	2.456139	222.036580	0.031656	45509	20.127820	28.985405	256x256	65536	sparse	Learned	272	4	26	2232	31.058619	0.611418	26.730960	0.999643	0.786179	0.548870	5	2	0.000000	34	2176	31.422624	0.656297	0.999619	26.680837	0.571729	0.785657	4122	31.854533	0.694563	0.999863	31.292949	0.396494	0.784615	-0.454517	0.062450	-0.429968	-0.047068	True	0.619017	0.605446	0.785137	26.781385	0.999637	7945
7946.png	0.670769	0.899584	0.947138	0.931072	0.963768	0.998765	27.314147	0.998921	27.739144	0.694388	0.671099	0.682999	30.230183	0.548154	2806	5	2	6	12	1.972477	0.400000	218	215	311.865007	2.954737	0.029442	0.033585	-0.602827	-0.000251	-0.000056	0.042194	1298.733234	0.694388	0.694388	5	2	3	6	12	1.972477	0.400000	5	0	218	215	200	1.450535	2.954737	311.865007	0.029442	45737	16.299715	23.355666	256x256	65536	sparse	Learned	338	5	30	2768	30.970234	0.623780	27.900286	0.998977	0.652193	0.518529	11	9	0.000000	35	2770	31.225210	0.673050	0.998790	27.527752	0.345867	0.649977	3319	31.230360	0.652726	0.999289	29.635515	0.444087	0.644856	-0.161141	0.152571	-0.740051	-0.075626	True	0.689012	0.470594	0.637184	27.916974	0.999016	7946
7947.png	0.755889	0.892807	0.943368	0.940565	0.946188	0.999301	27.954812	0.999434	28.451067	0.785818	0.681776	0.862463	30.230504	0.521410	2258	4	2	4	9	1.977654	0.500000	179	177	257.722871	2.647989	0.036177	-0.005822	-0.055979	-0.000086	0.000030	0.019875	1218.458652	0.785818	0.785818	4	2	2	4	9	1.977654	0.500000	4	0	179	177	166	1.456061	2.647989	257.722871	0.036177	46018	20.379982	29.023915	256x256	65536	sparse	Learned	299	4	24	2156	30.446188	0.575737	28.086568	0.999404	0.765943	0.437608	9	7	0.000000	29	2142	30.737657	0.622460	0.999219	27.226693	0.151696	0.738636	4268	31.259129	0.680689	0.999626	30.166586	0.088073	0.734917	0.364500	0.244168	-0.215684	-0.054327	True	0.689633	0.594783	0.761711	28.010790	0.999387	7947
7948.png	0.354151	0.859264	0.924306	0.919062	0.929610	0.998937	28.364789	0.999111	28.882205	0.374260	0.576838	0.248894	31.257928	0.579749	1903	4	4	6	7	2.000000	1.000000	135	135	191.195959	3.225730	0.040947	-0.056500	-0.270659	-0.000184	0.000059	-0.050898	1149.571657	0.374260	0.374260	4	4	0	6	7	2.000000	1.000000	4	0	135	135	122	1.416266	3.225730	191.195959	0.040947	44853	23.569627	34.438255	256x256	65536	sparse	Learned	255	4	25	1845	31.542935	0.615161	28.542556	0.999052	0.425158	0.179083	15	2	0.000000	34	1708	31.786653	0.645488	0.998921	28.357512	0.255468	0.394346	4819	32.582184	0.738034	0.999506	31.787037	0.147323	0.417921	0.339649	0.397755	-0.285007	-0.035413	True	0.605446	0.150692	0.410652	28.635448	0.999120	7948
7949.png	0.564534	0.901737	0.948330	0.937359	0.959561	0.998112	29.016357	0.998218	29.323352	0.579061	0.651808	0.425360	31.534515	0.595121	2225	4	4	7	7	2.000000	1.000000	158	158	250.350288	3.566763	0.027505	0.010073	0.095276	-0.000003	0.000180	0.010743	1487.697840	0.579061	0.579061	4	4	0	7	7	2.000000	1.000000	4	2	158	158	144	1.584495	3.566763	250.350288	0.027505	44728	20.102472	29.454382	256x256	65536	sparse	Learned	278	4	29	2222	31.802919	0.636833	28.889061	0.998038	0.568318	0.324504	13	8	0.000000	42	2220	32.186571	0.680215	0.997982	29.038577	0.286448	0.580906	4049	32.467126	0.715628	0.998865	31.422410	0.112056	0.563305	0.434291	0.327304	-0.268404	-0.041712	True	0.686514	0.292016	0.554461	28.921081	0.998115	7949
7950.png	0.683453	0.910644	0.953232	0.954545	0.951923	0.998746	28.029031	0.998892	28.388069	0.721366	0.646545	1.037074	31.439127	0.590112	2215	4	2	5	8	1.975309	0.500000	162	160	236.622366	3.179913	0.025670	0.006238	-0.477468	-0.000151	-0.000009	0.020852	1333.929539	0.721366	0.721366	4	2	2	5	8	1.975309	0.500000	4	0	162	160	149	1.478890	3.179913	236.622366	0.025670	44859	20.252370	29.587359	256x256	65536	sparse	Learned	282	4	28	2131	31.705922	0.631294	28.444624	0.998902	0.700514	0.565815	7	13	0.000000	39	2186	31.995712	0.675451	0.998878	28.734545	0.417252	0.707584	4201	32.389906	0.717276	0.999391	31.380586	0.336350	0.682600	-0.056554	0.080730	-0.266795	-0.041182	True	0.639405	0.663110	0.677215	28.506499	0.998897	7950
7951.png	0.458716	0.866958	0.928739	0.923486	0.934051	0.999197	28.038565	0.999234	28.230760	0.468893	0.593430	0.448351	30.254002	0.523894	2205	5	5	9	10	2.000000	1.000000	166	166	248.107648	2.892140	0.049061	-0.003760	0.380903	0.000003	0.000058	0.001162	1146.297932	0.468893	0.468893	5	5	0	9	10	2.000000	1.000000	5	0	166	166	147	1.494624	2.892140	248.107648	0.049061	45971	20.848526	29.721542	256x256	65536	sparse	Learned	286	5	24	2040	30.547679	0.575126	27.696776	0.999176	0.467732	0.263613	10	1	0.000000	30	2088	30.800607	0.620237	0.999107	27.453220	0.340759	0.441233	4174	31.317970	0.679240	0.999519	30.514496	0.293901	0.452659	0.533985	0.329817	-0.293677	-0.051232	True	0.614032	0.275302	0.462476	27.657662	0.999193	7951
7952.png	0.638251	0.873941	0.932730	0.906593	0.960419	0.999495	27.210419	0.999584	27.748495	0.661308	0.552912	0.479140	31.613970	0.598492	1922	4	0	0	8	1.940299	0.000000	134	130	187.237590	2.492035	0.024605	0.005555	-0.575253	-0.000129	-0.000011	0.006099	820.132494	0.661308	0.661308	4	0	4	0	8	1.940299	0.000000	4	0	134	130	126	1.440289	2.492035	187.237590	0.024605	44691	23.252341	34.097815	256x256	65536	sparse	Learned	254	4	26	1902	31.830697	0.631350	27.833622	0.999595	0.655208	0.270211	8	0	0.500000	37	1840	32.105447	0.667002	0.999556	27.805457	0.277473	0.654849	4963	32.901158	0.746269	0.999838	32.530160	0.193769	0.650794	-0.085127	0.282701	-0.216727	-0.032858	True	0.563951	0.270211	0.632696	27.785672	0.999624	7952
7953.png	0.786692	0.918906	0.957739	0.948085	0.967593	0.998879	27.467267	0.998999	27.826656	0.815852	0.719729	0.937061	30.695455	0.569153	2950	4	4	7	11	2.000000	1.000000	243	243	382.077944	2.751430	0.037953	0.005839	-0.634591	-0.000255	-0.000096	0.019296	1210.602283	0.815852	0.815852	4	4	0	7	11	2.000000	1.000000	5	0	243	243	225	1.572337	2.751430	382.077944	0.037953	45478	15.416271	22.215593	256x256	65536	sparse	Learned	363	5	32	2932	31.269796	0.640301	28.123542	0.999094	0.796556	0.573652	8	6	0.000000	41	2884	31.608663	0.689506	0.999074	28.158693	0.693598	0.777575	734	30.464880	0.567514	0.998365	25.681514	0.579249	0.753145	-0.296886	0.146077	-0.574341	-0.071147	True	0.738154	0.691695	0.780853	28.101858	0.999134	7953
7954.png	0.629205	0.876133	0.933977	0.916996	0.951600	0.999304	28.153044	0.999379	28.454628	0.658035	0.603072	0.569161	31.217184	0.583239	2275	5	1	3	11	1.954545	0.200000	176	172	268.835570	2.356160	0.032578	-0.003107	-0.283134	-0.000137	-0.000034	-0.006310	966.462612	0.658035	0.658035	5	1	4	3	11	1.954545	0.200000	5	0	176	172	162	1.562997	2.356160	268.835570	0.032578	45006	19.782857	28.807033	256x256	65536	sparse	Learned	296	5	28	2227	31.562978	0.629343	28.430644	0.999413	0.664345	0.441500	8	3	0.000000	37	2066	31.788311	0.664100	0.999356	28.113159	0.252671	0.633073	3902	32.182809	0.703429	0.999663	31.107043	0.239428	0.645455	0.023984	0.161572	-0.345794	-0.046104	True	0.627679	0.357250	0.632312	28.436178	0.999441	7954
7955.png	0.739092	0.862259	0.926036	0.928783	0.923304	0.999210	26.311796	0.999543	27.583453	0.779707	0.568289	0.989732	31.543246	0.608429	1899	4	2	2	6	1.969231	0.500000	130	128	184.509668	2.600485	0.022128	0.029205	-1.209134	-0.000352	-0.000025	0.064956	889.596701	0.779707	0.779707	4	2	2	2	6	1.969231	0.500000	4	1	130	128	122	1.441482	2.600485	184.509668	0.022128	44535	23.451817	34.510795	256x256	65536	sparse	Learned	250	4	25	1766	31.978325	0.636626	27.501099	0.999568	0.714751	0.370517	7	1	0.625000	38	1798	32.187871	0.672365	0.999549	27.768733	0.534201	0.714051	4879	33.043641	0.747677	0.999850	32.707833	0.301326	0.713813	0.082354	0.197772	-0.435080	-0.028197	True	0.595458	0.589344	0.709887	27.520930	0.999562	7955
7956.png	0.471246	0.813170	0.896959	0.872638	0.922676	0.998977	27.880104	0.999157	28.645188	0.492958	0.485212	0.366689	30.435508	0.530733	1861	5	3	6	10	1.968992	0.600000	129	127	190.509668	2.978155	0.035061	-0.006168	-0.039130	-0.000106	0.000071	0.002449	1266.045809	0.492958	0.492958	5	3	2	6	10	1.968992	0.600000	5	1	129	127	113	1.500076	2.978155	190.509668	0.035061	45664	24.537346	35.215476	256x256	65536	sparse	Learned	249	5	22	1744	30.691968	0.569081	28.079295	0.999086	0.490509	0.236621	12	2	0.000000	27	1702	30.919903	0.606634	0.998935	27.462111	0.218599	0.469844	5115	31.910341	0.723984	0.999504	31.266439	0.081556	0.482208	0.565893	0.248591	-0.256459	-0.038348	True	0.520974	0.191035	0.477414	27.919234	0.999083	7956
7957.png	0.515077	0.887731	0.940527	0.914121	0.968504	0.999372	28.478566	0.999367	28.665131	0.534236	0.509338	0.376101	30.876026	0.557984	2042	5	0	0	10	1.931507	0.000000	146	141	199.095454	2.842051	0.030495	0.025282	0.421678	-0.000008	0.000057	0.025410	1213.127851	0.534236	0.534236	5	0	5	0	10	1.931507	0.000000	5	0	146	141	136	1.412024	2.842051	199.095454	0.030495	45339	22.203232	32.094025	256x256	65536	sparse	Learned	266	5	24	1862	31.129100	0.595213	28.107020	0.999311	0.508826	0.317657	9	4	0.000000	31	1988	31.383555	0.640627	0.999184	27.611937	0.314182	0.449765	4363	31.965336	0.706904	0.999597	31.009912	0.158694	0.505311	0.558111	0.191682	-0.253075	-0.037229	True	0.534201	0.200913	0.489796	28.056888	0.999380	7957
7958.png	0.741249	0.936271	0.967087	0.951757	0.982918	0.998928	27.351433	0.998928	27.729400	0.748815	0.499426	0.912448	31.134208	0.580162	2119	5	2	4	10	1.955224	0.400000	134	131	194.752309	3.469316	0.031766	0.020604	-0.341819	-0.000097	0.000011	0.026275	1164.435387	0.748815	0.748815	5	2	3	4	10	1.955224	0.400000	5	0	134	131	120	1.486659	3.469316	194.752309	0.031766	45141	21.302973	30.927796	256x256	65536	sparse	Learned	254	5	27	2119	31.436591	0.620524	27.712118	0.998917	0.722540	0.520152	7	5	0.000000	33	1912	31.562345	0.650626	0.998644	27.136444	0.472708	0.727735	4214	32.133045	0.706426	0.999476	31.276319	0.498981	0.710897	0.017282	-0.020726	-0.302383	-0.040363	True	0.532334	0.485726	0.720645	27.693252	0.999025	7958
7960.png	0.533290	0.854115	0.921318	0.937714	0.905486	0.999094	27.092244	0.999344	27.561973	0.562290	0.688077	0.454558	30.297030	0.529913	2209	4	9	17	10	2.064935	2.250000	154	159	262.480231	2.996647	0.051021	0.004328	0.148067	-0.000065	0.000095	0.015219	1185.259104	0.562290	0.562290	4	9	-5	17	10	2.064935	2.250000	4	0	154	159	127	1.650819	2.996647	262.480231	0.051021	45919	20.787234	29.667723	256x256	65536	sparse	Learned	274	4	24	2105	30.538558	0.580560	26.897565	0.999249	0.547070	0.314182	7	0	0.625000	31	2166	30.883003	0.631653	0.999258	27.056638	0.255882	0.541339	4241	31.369024	0.680947	0.999613	30.374183	0.191728	0.551316	0.664408	0.373895	-0.241527	-0.050647	True	0.691181	0.314182	0.528962	26.944177	0.999158	7960
7961.png	0.589228	0.876197	0.934014	0.907469	0.962158	0.999319	27.642199	0.999369	27.976176	0.595343	0.736842	0.501779	30.331405	0.538976	2505	4	1	2	8	1.971429	0.250000	210	207	304.178716	2.557293	0.029667	0.013194	-0.092060	-0.000106	0.000003	0.011319	946.081638	0.595343	0.595343	4	1	3	2	8	1.971429	0.250000	4	1	210	207	200	1.469462	2.557293	304.178716	0.029667	45855	18.305389	26.162076	256x256	65536	sparse	Learned	330	4	27	2499	30.738203	0.603591	27.745072	0.999366	0.584024	0.277989	14	2	0.000000	32	2302	31.001091	0.641567	0.999258	27.365046	0.391038	0.559666	3778	31.325300	0.666827	0.999587	30.119347	0.245654	0.571004	0.231104	0.458853	-0.406798	-0.064615	True	0.652156	0.327238	0.576034	27.734259	0.999425	7961
7962.png	0.522259	0.888387	0.940895	0.940574	0.941217	0.998777	28.665941	0.998903	28.900643	0.544474	0.536060	0.489717	31.652906	0.599141	2023	5	4	7	11	1.985507	0.800000	138	137	206.953319	3.151007	0.043905	-0.034240	0.072810	-0.000030	0.000086	-0.035380	1305.162430	0.544474	0.544474	5	4	1	7	11	1.985507	0.800000	5	0	138	137	120	1.510608	3.151007	206.953319	0.043905	44684	22.087988	32.395452	256x256	65536	sparse	Learned	258	5	27	2013	31.863875	0.636025	28.612540	0.998818	0.579854	0.348189	10	3	0.000000	38	1974	32.130258	0.672088	0.998737	28.470188	0.264104	0.553050	4634	32.736089	0.738760	0.999418	31.975629	0.206502	0.563576	0.288103	0.187871	-0.210969	-0.036884	True	0.554251	0.271426	0.556499	28.593131	0.998807	7962
7963.png	0.653962	0.871457	0.931314	0.916933	0.946154	0.999471	27.193374	0.999573	27.605338	0.701826	0.566126	0.640501	30.293466	0.523673	1853	4	5	6	10	2.015504	1.250000	129	130	197.409163	2.553374	0.041214	0.002841	0.212491	-0.000083	0.000035	0.030691	957.345724	0.701826	0.701826	4	5	-1	6	10	2.015504	1.250000	4	0	129	130	113	1.518532	2.553374	197.409163	0.041214	45842	24.739342	35.367512	256x256	65536	sparse	Learned	249	4	22	1778	30.516963	0.564342	27.033807	0.999538	0.671135	0.497420	5	1	0.375000	28	1712	30.793946	0.605976	0.999523	26.907894	0.249693	0.645014	4932	31.679963	0.712118	0.999801	31.091438	0.124827	0.633731	0.571531	0.068706	-0.223497	-0.040670	True	0.578948	0.370817	0.651121	26.980883	0.999554	7963
7964.png	0.719663	0.903247	0.949164	0.951151	0.947186	0.998657	28.430723	0.998858	28.733011	0.745215	0.632121	1.191866	31.032111	0.565211	1968	4	9	16	7	2.076923	2.250000	130	135	220.994949	3.342784	0.061982	-0.015758	0.051730	-0.000074	0.000077	-0.008048	1283.764362	0.745215	0.745215	4	9	-5	16	7	2.076923	2.250000	4	2	130	135	107	1.637000	3.342784	220.994949	0.061982	45179	22.956809	33.300813	256x256	65536	sparse	Learned	250	4	25	1897	31.302553	0.602649	28.361678	0.998781	0.753263	0.587581	7	11	0.000000	33	1838	31.494573	0.641043	0.998526	27.795332	0.100575	0.730883	4498	32.148526	0.713914	0.999338	31.183252	0.058706	0.658124	0.371333	0.044540	-0.270442	-0.037438	True	0.632121	0.753403	0.735421	28.378993	0.998731	7964
7965.png	0.785862	0.912952	0.954496	0.951366	0.957646	0.999000	28.227487	0.999117	28.655559	0.801349	0.625938	0.919054	31.587289	0.610791	2687	6	4	6	12	1.981651	0.666667	218	216	338.149278	2.853962	0.041661	-0.011320	-0.569987	-0.000146	-0.000021	0.001750	1064.874887	0.801349	0.801349	6	4	2	6	12	1.981651	0.666667	6	1	218	216	200	1.565506	2.853962	338.149278	0.041661	44675	16.626349	24.390026	256x256	65536	sparse	Learned	338	6	32	2573	32.006725	0.660789	28.812503	0.999138	0.799598	0.515406	9	6	0.000000	42	2440	32.278417	0.699230	0.999133	28.842593	0.482208	0.781517	3436	32.353041	0.700501	0.999463	31.070392	0.655518	0.780856	-0.156944	0.110532	-0.419436	-0.049997	True	0.704770	0.647722	0.797182	28.797473	0.999145	7965
7966.png	0.685033	0.882637	0.937660	0.940068	0.935264	0.999220	27.929764	0.999327	28.385063	0.709623	0.639405	0.664622	31.086726	0.565849	2057	4	6	11	9	2.025157	1.500000	159	161	237.551299	2.533316	0.028780	-0.000818	-0.206000	-0.000030	0.000057	0.009543	1121.922493	0.709623	0.709623	4	6	-2	11	9	2.025157	1.500000	4	0	159	161	139	1.475474	2.533316	237.551299	0.028780	45202	21.974720	31.859990	256x256	65536	sparse	Learned	279	4	25	1959	31.235672	0.605186	28.111030	0.999269	0.700081	0.405479	8	1	0.000000	33	1976	31.532057	0.646244	0.999159	27.829328	0.199008	0.706573	4236	32.067737	0.707677	0.999645	31.342861	0.279806	0.709984	0.274033	0.233926	-0.148946	-0.039337	True	0.650062	0.432046	0.685851	28.135763	0.999251	7966
7967.png	0.576667	0.868450	0.929594	0.913318	0.946460	0.998792	28.379069	0.998837	28.640794	0.581560	0.565402	0.493757	30.976862	0.569619	2418	6	1	2	12	1.945652	0.166667	184	179	285.835570	2.936544	0.042935	0.022635	-0.227721	-0.000134	-0.000009	0.017236	1243.746758	0.581560	0.581560	6	1	5	2	12	1.945652	0.166667	6	0	184	179	170	1.596847	2.936544	285.835570	0.042935	45205	18.695203	27.103391	256x256	65536	sparse	Learned	304	6	29	2387	31.398419	0.625117	28.659202	0.998845	0.564324	0.212623	21	2	0.000000	37	2352	31.633091	0.668107	0.998616	28.181988	0.176849	0.552745	3853	31.886145	0.690990	0.999253	31.022958	0.175793	0.591945	-0.018409	0.352779	-0.421557	-0.055498	True	0.568289	0.280597	0.554032	28.606789	0.998926	7967
7969.png	0.610522	0.915165	0.955704	0.947900	0.963636	0.998177	27.888136	0.998275	28.276509	0.606956	0.745384	0.488457	30.454659	0.554800	2984	5	9	18	11	2.034783	1.800000	230	234	391.353187	3.522392	0.052661	0.004037	-0.488858	-0.000226	-0.000071	0.010872	1420.408726	0.606956	0.606956	5	9	-4	18	11	2.034783	1.800000	5	1	230	234	201	1.672450	3.522392	391.353187	0.052661	45751	15.332105	21.962466	256x256	65536	sparse	Learned	350	5	31	2903	31.026718	0.628636	28.404558	0.998345	0.596084	0.247359	24	4	0.000000	38	2960	31.343331	0.683359	0.998098	28.022083	0.314084	0.589021	3061	31.161137	0.643396	0.998642	29.625956	0.232499	0.596751	-0.128049	0.498026	-0.572059	-0.073836	True	0.688597	0.336350	0.606485	28.376994	0.998403	7969
7970.png	0.470149	0.856890	0.922931	0.890725	0.957552	0.999389	28.441237	0.999402	28.666063	0.489630	0.474813	0.425297	31.317235	0.579236	1841	5	2	4	11	1.950820	0.400000	122	119	180.367532	2.770548	0.031742	-0.023815	-0.067936	-0.000085	0.000022	-0.022937	1051.397562	0.489630	0.489630	5	2	3	4	11	1.950820	0.400000	5	0	122	119	107	1.515694	2.770548	180.367532	0.031742	44848	24.360674	35.598045	256x256	65536	sparse	Learned	242	5	24	1721	31.515179	0.609005	28.486947	0.999379	0.512567	0.244216	8	0	0.700000	33	1814	31.767343	0.650806	0.999275	27.991565	0.193907	0.440831	4921	32.595373	0.739558	0.999668	31.791114	0.187793	0.529730	0.179115	0.230596	-0.197944	-0.029769	True	0.505397	0.214944	0.493965	28.509173	0.999473	7970
7971.png	0.512913	0.896142	0.945227	0.929803	0.961171	0.998942	27.700071	0.998993	28.150531	0.542891	0.646545	0.470705	31.154463	0.589292	2496	5	7	13	9	2.020942	1.400000	191	193	300.178716	2.799138	0.043900	0.005965	-0.624725	-0.000156	-0.000076	0.017505	1110.102177	0.542891	0.542891	5	7	-2	13	9	2.020942	1.400000	5	2	191	193	169	1.555330	2.799138	300.178716	0.043900	44976	18.019231	26.256410	256x256	65536	sparse	Learned	311	5	30	2425	31.684173	0.641642	28.360695	0.999069	0.525386	0.391951	8	2	0.700000	40	2368	32.012214	0.683170	0.999114	28.595962	0.240428	0.522254	3685	32.114883	0.695518	0.999414	30.889508	0.196751	0.532366	-0.210164	0.254594	-0.529709	-0.052350	True	0.642278	0.302324	0.506948	28.324796	0.999098	7971
7972.png	0.528029	0.892633	0.943271	0.918871	0.969002	0.999220	27.817377	0.999225	28.113973	0.507471	0.755857	0.359834	30.474346	0.544418	2654	4	6	12	10	2.018100	1.500000	221	223	335.362482	2.808117	0.025081	-0.009224	-0.278084	-0.000117	-0.000028	-0.003603	1089.825630	0.507471	0.507471	4	6	-2	12	10	2.018100	1.500000	4	1	221	223	199	1.503868	2.808117	335.362482	0.025081	45787	17.252072	24.693293	256x256	65536	sparse	Learned	341	4	29	2626	30.924745	0.612322	28.203510	0.999254	0.511074	0.347319	9	1	0.375000	34	2574	31.167980	0.659042	0.999122	27.771462	0.232568	0.510779	3479	31.272341	0.657700	0.999391	29.703119	0.268244	0.508625	-0.089538	0.408538	-0.450398	-0.067904	True	0.767764	0.276267	0.537253	28.095461	0.999337	7972
7973.png	0.713563	0.925665	0.961398	0.948045	0.975132	0.998367	28.233404	0.998396	28.614849	0.716567	0.697296	0.749630	31.086180	0.582313	2441	4	4	9	8	2.000000	1.000000	170	170	258.965512	3.815638	0.038745	0.034941	-0.339148	-0.000043	0.000071	0.041658	1361.331940	0.716567	0.716567	4	4	0	9	8	2.000000	1.000000	4	0	170	170	153	1.523327	3.815638	258.965512	0.038745	45140	18.492421	26.848013	256x256	65536	sparse	Learned	290	4	29	2393	31.435799	0.629859	28.601729	0.998325	0.674908	0.417252	12	5	0.000000	39	2432	31.753381	0.679179	0.998388	28.696601	0.440102	0.671904	3768	32.015406	0.694498	0.999008	30.958415	0.402675	0.679576	0.013120	0.280044	-0.349619	-0.047545	True	0.681776	0.511080	0.678621	28.572552	0.998410	7973
7974.png	0.533131	0.871062	0.931088	0.922174	0.940176	0.999026	28.032508	0.999109	28.564374	0.537952	0.653544	0.373752	30.751526	0.555833	2375	5	3	6	10	1.979899	0.600000	199	197	302.249783	2.755469	0.039557	-0.013536	-0.351885	-0.000210	0.000007	0.002684	1022.610903	0.537952	0.537952	5	3	2	6	10	1.979899	0.600000	5	1	199	197	183	1.534263	2.755469	302.249783	0.039557	45415	19.122105	27.594105	256x256	65536	sparse	Learned	319	5	27	2344	31.042020	0.610052	28.374144	0.999102	0.535267	0.330898	11	1	0.400000	33	2212	31.353947	0.650550	0.999010	28.053410	0.413912	0.504877	3932	31.720096	0.687955	0.999453	31.085610	0.166954	0.532468	0.190230	0.322647	-0.290494	-0.054219	True	0.656305	0.245295	0.546667	28.384393	0.999235	7974
7975.png	0.592564	0.835875	0.910601	0.906299	0.914944	0.998977	28.452038	0.999122	28.894121	0.615149	0.655272	0.423536	31.502135	0.586031	1948	4	4	7	8	2.000000	1.000000	164	164	237.095454	2.729021	0.033738	-0.002917	-0.216907	-0.000149	0.000008	-0.004424	1071.817636	0.615149	0.615149	4	4	0	7	8	2.000000	1.000000	4	1	164	164	149	1.445704	2.729021	237.095454	0.033738	44706	22.949692	33.642710	256x256	65536	sparse	Learned	284	4	26	1873	31.655009	0.617511	28.718155	0.999114	0.619573	0.302324	12	5	0.000000	36	1792	31.951789	0.653435	0.999030	28.504314	0.175106	0.564027	4860	32.709435	0.740287	0.999578	32.202656	0.033027	0.467507	0.175966	0.352948	-0.152875	-0.031480	True	0.662098	0.280422	0.595481	28.668945	0.999126	7975
7976.png	0.679348	0.861862	0.925806	0.895755	0.957944	0.999166	28.260764	0.999065	28.421282	0.715220	0.599884	0.823375	30.893756	0.565521	2341	5	2	4	10	1.966102	0.400000	177	174	266.178716	3.001414	0.033111	0.007645	-0.084846	-0.000080	-0.000047	0.011791	1266.969442	0.715220	0.715220	5	2	3	4	10	1.966102	0.400000	5	1	177	174	163	1.529763	3.001414	266.178716	0.033111	45320	19.359248	27.994874	256x256	65536	sparse	Learned	297	5	27	2186	31.278691	0.615273	28.420485	0.999112	0.703429	0.509583	8	9	0.000000	34	2182	31.515007	0.657619	0.998947	27.839120	0.387374	0.715507	3945	31.864316	0.695857	0.999453	30.706328	0.203478	0.685714	0.000797	0.090300	-0.384935	-0.049752	True	0.635052	0.522886	0.671702	28.345610	0.999246	7976
7977.png	0.643908	0.857143	0.923077	0.909545	0.937018	0.999094	27.717250	0.999195	28.102725	0.670588	0.758286	0.707658	30.950476	0.572974	2468	4	6	17	14	2.021164	1.500000	189	191	322.107648	2.612744	0.047295	-0.003684	-0.345732	-0.000208	-0.000028	0.012339	1086.042166	0.670588	0.670588	4	6	-2	17	14	2.021164	1.500000	4	0	189	191	158	1.686427	2.612744	322.107648	0.047295	45314	18.360616	26.554295	256x256	65536	sparse	Learned	309	4	29	2393	31.355317	0.625611	27.979948	0.999222	0.658249	0.643706	5	2	0.000000	37	2444	31.609615	0.674111	0.999069	27.565702	0.392255	0.640023	3780	31.853563	0.689343	0.999541	30.732648	0.387845	0.647422	0.122778	0.114580	-0.404840	-0.052638	True	0.782379	0.553657	0.647592	28.062982	0.999302	7977
7978.png	0.761789	0.929169	0.963284	0.953078	0.973711	0.998600	27.746860	0.998698	28.072283	0.770159	0.587973	0.708377	31.113420	0.599440	2796	6	5	9	11	1.990148	0.833333	203	202	299.421356	3.199169	0.038409	0.031493	-0.458408	-0.000265	-0.000092	0.038870	1162.915707	0.770159	0.770159	6	5	1	9	11	1.990148	0.833333	6	0	203	202	183	1.482284	3.199169	299.421356	0.038409	45048	16.111588	23.439199	256x256	65536	sparse	Learned	323	6	32	2754	31.744012	0.656341	28.247032	0.998790	0.731289	0.513248	10	13	0.000000	42	2754	32.087792	0.704869	0.998803	28.421469	0.372650	0.721416	3337	32.021271	0.684649	0.999275	30.368763	0.372650	0.722595	-0.174749	0.074725	-0.630591	-0.056902	True	0.610672	0.432586	0.730296	28.205268	0.998866	7978
7979.png	0.692220	0.879650	0.935972	0.912599	0.960573	0.999565	27.427312	0.999653	27.794679	0.713161	0.527633	0.700283	30.190238	0.518240	1843	4	0	0	8	1.936000	0.000000	125	121	177.894444	2.517506	0.025268	0.019437	0.101704	-0.000091	0.000002	0.016283	841.162682	0.713161	0.713161	4	0	4	0	8	1.936000	0.000000	4	0	125	121	117	1.470202	2.517506	177.894444	0.025268	45909	24.909929	35.559414	256x256	65536	sparse	Learned	245	4	21	1733	30.420972	0.556975	27.382963	0.999651	0.696878	0.295312	8	2	0.000000	27	1804	30.732965	0.603499	0.999591	26.806557	0.325196	0.674538	5033	31.637003	0.713019	0.999829	30.996251	0.228948	0.675622	0.411716	0.232322	-0.230733	-0.038735	True	0.520495	0.364494	0.672783	27.325608	0.999656	7979
7980.png	0.731907	0.916873	0.956634	0.945013	0.968545	0.998945	27.439233	0.999029	27.882225	0.752513	0.563078	0.769082	30.571441	0.549599	2376	5	2	4	10	1.962500	0.400000	160	157	243.178716	3.209719	0.035227	-0.019735	-0.292468	-0.000070	0.000029	-0.009195	1366.310358	0.752513	0.752513	5	2	3	4	10	1.962500	0.400000	5	0	160	157	146	1.548909	3.209719	243.178716	0.035227	45698	19.233165	27.582492	256x256	65536	sparse	Learned	280	5	27	2367	30.951811	0.606392	27.851940	0.999000	0.761707	0.683996	5	7	0.000000	32	2364	31.141204	0.651833	0.998836	27.246384	0.606759	0.744994	3845	31.462996	0.675357	0.999350	30.128900	0.476909	0.720354	0.030285	-0.120918	-0.380370	-0.056793	True	0.581886	0.447517	0.751642	27.731701	0.999016	7980
7981.png	0.582497	0.898901	0.946759	0.950610	0.942939	0.998922	27.425535	0.999110	27.970758	0.604202	0.747160	0.364922	30.116753	0.528357	2576	4	6	12	10	2.020513	1.500000	195	197	319.806133	2.924623	0.053529	-0.001831	-0.465928	-0.000219	0.000005	0.013103	1261.036873	0.604202	0.604202	4	6	-2	12	10	2.020513	1.500000	4	1	195	197	173	1.623381	2.924623	319.806133	0.053529	46095	17.894022	25.440994	256x256	65536	sparse	Learned	315	4	26	2409	30.563076	0.592477	27.862037	0.999105	0.591099	0.229682	21	2	0.000000	30	2388	30.768313	0.638045	0.998827	27.122194	0.333792	0.569378	3585	31.033441	0.653399	0.999410	30.063330	0.292173	0.596306	0.108721	0.517478	-0.446323	-0.064120	True	0.768922	0.280597	0.584328	27.891463	0.999141	7981
7982.png	0.673510	0.898260	0.946403	0.951099	0.941754	0.999081	27.363542	0.999247	27.858160	0.701422	0.599884	0.756709	30.099186	0.523466	2362	5	5	10	12	2.000000	1.000000	172	172	270.149278	2.603414	0.034345	0.017690	-0.199845	-0.000141	0.000049	0.029249	1166.720390	0.701422	0.701422	5	5	0	10	12	2.000000	1.000000	5	0	172	172	150	1.570635	2.603414	270.149278	0.034345	46059	19.500000	27.745978	256x256	65536	sparse	Learned	292	5	25	2318	30.461203	0.585171	27.485773	0.999199	0.672173	0.347319	12	4	0.000000	29	2202	30.694498	0.628369	0.998992	26.746244	0.456649	0.672716	3683	31.016079	0.653481	0.999437	29.708897	0.433960	0.678841	0.372388	0.252565	-0.362017	-0.061705	True	0.624689	0.472708	0.655820	27.563386	0.999221	7982
7983.png	0.588808	0.891528	0.942654	0.921440	0.964867	0.999287	28.192199	0.999212	28.404439	0.602228	0.522886	0.526851	30.601571	0.540255	1991	5	3	8	13	1.970149	0.600000	134	132	210.338095	2.913114	0.034232	-0.019173	0.417801	0.000022	0.000193	-0.020849	1308.669090	0.602228	0.602228	5	3	2	8	13	1.970149	0.600000	5	0	134	132	113	1.593470	2.913114	210.338095	0.034232	45667	22.936715	32.916123	256x256	65536	sparse	Learned	254	5	24	1946	30.837569	0.584470	27.720885	0.999019	0.623077	0.233342	14	1	0.000000	29	1956	31.017503	0.624574	0.998847	27.000072	0.275170	0.588598	4351	31.653650	0.695307	0.999474	30.825267	0.274888	0.586420	0.683554	0.289544	-0.235998	-0.044215	True	0.524791	0.276487	0.607981	27.774397	0.999265	7983
7984.png	0.706776	0.857936	0.923536	0.889528	0.960248	0.999564	28.125183	0.999642	28.488677	0.727067	0.532334	0.780916	31.026863	0.563496	1777	4	1	2	8	1.950820	0.250000	122	119	169.781746	2.448323	0.033134	0.052850	0.476867	-0.000073	0.000041	0.036711	945.491552	0.727067	0.727067	4	1	3	2	8	1.950820	0.250000	4	0	122	119	112	1.426737	2.448323	169.781746	0.033134	45219	25.446820	36.880135	256x256	65536	sparse	Learned	242	4	23	1714	31.218007	0.593737	27.750674	0.999602	0.690355	0.495405	5	4	0.000000	31	1766	31.503585	0.637574	0.999529	27.136588	0.393469	0.676561	5186	32.447454	0.741510	0.999814	31.666394	0.207054	0.668959	0.738003	0.036928	-0.191144	-0.030241	True	0.546155	0.426502	0.653926	27.648316	0.999637	7984
7985.png	0.758716	0.905013	0.950139	0.937158	0.963483	0.999449	26.752838	0.999551	27.285971	0.773224	0.552465	0.807766	30.792435	0.564515	2233	5	2	4	10	1.963415	0.400000	164	161	233.450793	2.243223	0.020301	0.042778	-0.504645	-0.000142	-0.000038	0.049594	777.619123	0.773224	0.773224	5	2	3	4	10	1.963415	0.400000	5	0	164	161	150	1.450005	2.243223	233.450793	0.020301	45445	20.351545	29.348858	256x256	65536	sparse	Learned	284	5	27	2204	31.209299	0.613088	27.317882	0.999589	0.723630	0.423874	7	2	0.000000	34	2200	31.483101	0.659069	0.999572	27.278112	0.453015	0.720517	4058	31.824108	0.694975	0.999796	30.667610	0.435282	0.711948	-0.031910	0.128591	-0.416864	-0.048573	True	0.563078	0.454835	0.715937	27.257483	0.999590	7985
7986.png	0.665786	0.868069	0.929376	0.920270	0.938663	0.998934	28.017118	0.999068	28.458816	0.674984	0.662098	0.521067	31.275975	0.584917	2229	4	10	15	10	2.075472	2.500000	159	165	265.249783	2.947209	0.037993	-0.000668	-0.290693	-0.000181	0.000006	0.015449	1162.217140	0.674984	0.674984	4	10	-6	15	10	2.075472	2.500000	4	1	159	165	134	1.607574	2.947209	265.249783	0.037993	45063	20.216689	29.401525	256x256	65536	sparse	Learned	279	4	27	2073	31.568906	0.626269	28.283615	0.999062	0.659534	0.299994	12	4	0.000000	36	2160	31.825517	0.669558	0.998963	27.893887	0.270732	0.633062	4013	32.198679	0.707050	0.999469	31.110343	0.204429	0.656893	0.175200	0.362104	-0.292931	-0.041352	True	0.688077	0.358535	0.666454	28.307811	0.999115	7986
7987.png	0.235962	0.257143	0.409091	0.846000	0.269770	0.989876	16.244299	0.999677	27.251468	0.753937	0.393469	0.480539	28.895557	0.580325	1048	2	2	5	4	2.000000	1.000000	27	27	50.870058	4.158079	0.080366						847.526550	0.753937	0.753937	2	2	0	5	4	2.000000	1.000000	2	0	27	27	18	1.884076	4.158079	50.870058	0.080366	44712	42.664122	62.534351	256x256	65536	sparse	Frangi	147	2												26	968	31.767235	0.630918	0.999608	26.386193	0.503415	0.342808												True	0.740760	0.355964				7987
7988.png	0.773773	0.916404	0.956379	0.957955	0.954807	0.999247	27.185673	0.999358	27.827816	0.780262	0.599483	0.809483	30.918957	0.562584	2068	4	2	5	10	1.971631	0.500000	141	139	209.994949	2.912970	0.028536	-0.005950	-0.454416	-0.000140	-0.000006	0.012483	1196.172476	0.780262	0.780262	4	2	2	5	10	1.971631	0.500000	4	0	141	139	126	1.510755	2.912970	209.994949	0.028536	45295	21.902805	31.690522	256x256	65536	sparse	Learned	261	4	25	2011	31.158655	0.605524	27.628661	0.999364	0.767779	0.496749	6	3	0.000000	31	1860	31.387943	0.639795	0.999203	26.931389	0.451188	0.742313	4341	31.999291	0.707402	0.999709	31.208723	0.307883	0.750554	0.199155	0.102734	-0.239698	-0.042940	True	0.607414	0.491691	0.779723	27.640089	0.999388	7988
7989.png	0.847619	0.934783	0.966292	0.963109	0.969496	0.999204	27.067818	0.999328	27.509873	0.870596	0.673720	0.821229	30.445061	0.547133	2518	4	2	3	7	1.977901	0.500000	181	179	267.220346	2.921290	0.029110	0.028851	-0.363441	-0.000163	-0.000032	0.044892	1074.020147	0.870596	0.870596	4	2	2	3	7	1.977901	0.500000	4	0	181	179	171	1.492851	2.921290	267.220346	0.029110	45761	18.173550	26.027006	256x256	65536	sparse	Learned	301	4	27	2462	30.816185	0.607284	27.437028	0.999360	0.825704	0.728827	4	6	0.000000	32	2514	31.088203	0.659187	0.999258	27.057452	0.629166	0.820559	3756	31.356421	0.668739	0.999634	30.049602	0.555777	0.819917	0.072844	-0.055107	-0.371124	-0.060151	True	0.684942	0.562495	0.818768	27.431258	0.999366	7989
7990.png	0.722477	0.903963	0.949560	0.946528	0.952610	0.999198	27.454613	0.999319	27.948656	0.731240	0.599483	0.960361	30.834540	0.559192	2031	4	4	6	7	2.000000	1.000000	136	136	207.994949	3.113178	0.037440	-0.023473	-0.338628	-0.000109	0.000017	-0.015456	1106.643200	0.731240	0.731240	4	4	0	6	7	2.000000	1.000000	4	1	136	136	123	1.529375	3.113178	207.994949	0.037440	45401	22.354013	32.267848	256x256	65536	sparse	Learned	256	4	24	1885	31.122511	0.596398	27.816026	0.999302	0.746696	0.508356	6	5	0.000000	31	1804	31.317733	0.634301	0.999175	27.204756	0.595053	0.743402	4429	31.987413	0.708855	0.999678	31.299657	0.453622	0.731563	0.132631	0.091128	-0.287971	-0.037205	True	0.609372	0.585217	0.745950	27.793241	0.999306	7990
7991.png	0.780420	0.880022	0.936183	0.925469	0.947147	0.999043	27.195863	0.999225	27.805622	0.820112	0.776870	0.805740	30.177255	0.541746	2670	4	13	24	10	2.085308	3.250000	211	220	356.847763	2.584502	0.044424	0.081625	-0.690577	-0.000259	-0.000052	0.103244	1242.077351	0.820112	0.820112	4	13	-9	24	10	2.085308	3.250000	4	2	211	220	177	1.622035	2.584502	356.847763	0.044424	45787	17.148689	24.545318	256x256	65536	sparse	Learned	331	4	29	2648	30.889601	0.615003	27.910520	0.999277	0.716867	0.408217	13	9	0.000000	32	2600	31.081337	0.660560	0.999161	27.368015	0.433168	0.697448	3461	31.226144	0.659054	0.999456	29.285835	0.282733	0.700547	-0.104898	0.368653	-0.712345	-0.073257	True	0.795052	0.640605	0.698795	27.886440	0.999302	7991
7992.png	0.644737	0.893136	0.943552	0.930894	0.956558	0.999343	28.007800	0.999409	28.326804	0.656178	0.534201	0.639334	31.112405	0.571147	1994	5	2	3	9	1.959459	0.400000	148	145	209.429305	2.902848	0.033742	-0.033889	0.225187	-0.000030	0.000038	-0.033451	858.779669	0.656178	0.656178	5	2	3	3	9	1.959459	0.400000	5	1	148	145	136	1.444340	2.902848	209.429305	0.033742	45194	22.664995	32.866600	256x256	65536	sparse	Learned	268	5	26	1955	31.388741	0.610925	27.866767	0.999371	0.689629	0.451188	6	3	0.000000	33	1988	31.561469	0.652899	0.999268	27.384155	0.355964	0.652042	4511	32.223647	0.717781	0.999667	31.185750	0.271773	0.643617	0.460038	0.083012	-0.276336	-0.039779	True	0.554251	0.354351	0.678626	27.782613	0.999373	7992
7993.png	0.661300	0.912752	0.954386	0.967033	0.942065	0.999094	27.804277	0.999284	28.154617	0.687154	0.643706	0.650626	31.501628	0.603527	2459	5	3	7	12	1.978947	0.600000	190	188	294.936075	2.650898	0.034019	-0.011845	-0.442881	-0.000210	-0.000098	0.005473	950.489044	0.687154	0.687154	5	3	2	7	12	1.978947	0.600000	5	0	190	188	171	1.568809	2.650898	294.936075	0.034019	44824	18.228548	26.651484	256x256	65536	sparse	Learned	310	5	30	2437	31.773761	0.647986	28.293611	0.999382	0.681682	0.370118	9	0	0.600000	41	2436	32.179775	0.693840	0.999331	28.372996	0.333023	0.671642	3773	32.354867	0.707188	0.999616	31.001163	0.318414	0.686972	-0.138994	0.273589	-0.272133	-0.044459	True	0.659043	0.428791	0.673145	28.247158	0.999304	7993
7994.png	0.653392	0.908555	0.952087	0.942617	0.961749	0.999255	27.830890	0.999238	28.002568	0.671334	0.644774	0.857940	31.495243	0.598641	2116	4	4	8	8	2.000000	1.000000	156	156	236.722871	2.732704	0.038070	-0.009627	-0.024715	-0.000058	0.000043	-0.011878	1165.098429	0.671334	0.671334	4	4	0	8	8	2.000000	1.000000	4	1	156	156	140	1.517454	2.732704	236.722871	0.038070	44777	21.161153	30.971645	256x256	65536	sparse	Learned	276	4	27	2023	31.785923	0.633462	27.814262	0.999194	0.683212	0.455872	7	6	0.000000	38	2108	32.078822	0.676909	0.999110	27.794843	0.351656	0.663511	4138	32.505844	0.718120	0.999596	31.306915	0.395891	0.690131	0.188306	0.188901	-0.290680	-0.034820	True	0.680181	0.583555	0.663020	27.855605	0.999312	7994
7995.png	0.485039	0.867617	0.929117	0.901587	0.958380	0.998534	28.362337	0.998309	28.677244	0.478632	0.683363	0.467080	30.388790	0.532723	2286	4	4	11	10	2.000000	1.000000	170	170	260.279221	3.600849	0.039606	0.017809	-0.121544	-0.000132	0.000080	0.016354	1555.109739	0.478632	0.478632	4	4	0	11	10	2.000000	1.000000	4	0	170	170	149	1.531054	3.600849	260.279221	0.039606	45823	20.045057	28.668416	256x256	65536	sparse	Learned	290	4	25	2122	30.726167	0.585298	28.457429	0.998230	0.462278	0.351656	12	3	0.000000	31	2232	30.984771	0.634102	0.997882	27.852413	0.186031	0.439655	4105	31.408680	0.679362	0.998894	30.644863	0.099201	0.494830	0.219814	0.331708	-0.337377	-0.052575	True	0.624689	0.291780	0.467230	28.483881	0.998667	7995
7996.png	0.746858	0.861927	0.925844	0.902214	0.950745	0.999092	27.985844	0.999155	28.394365	0.756583	0.713495	0.870710	31.627897	0.608482	2355	4	5	10	10	2.010929	1.250000	183	184	286.036580	2.939187	0.043592	-0.001433	-0.383573	-0.000147	-0.000035	0.004916	1122.883797	0.756583	0.756583	4	5	-1	10	10	2.010929	1.250000	4	0	183	184	163	1.554547	2.939187	286.036580	0.043592	44624	18.948620	27.828450	256x256	65536	sparse	Learned	303	4	30	2338	31.962186	0.653214	28.449364	0.999190	0.751667	0.480558	8	2	0.000000	42	2096	32.242426	0.684319	0.999184	28.505631	0.510808	0.728036	3902	32.553305	0.717248	0.999554	31.293036	0.347319	0.728144	-0.054999	0.232937	-0.334288	-0.044732	True	0.719168	0.626187	0.748292	28.369418	0.999239	7996
7997.png	0.673193	0.877141	0.934550	0.914596	0.955393	0.999417	27.133701	0.999478	27.721205	0.677966	0.706242	0.504199	30.721541	0.562157	2360	4	7	15	11	2.034091	1.750000	176	179	299.362482	2.352916	0.039412	-0.010756	-0.612832	-0.000131	-0.000055	0.000234	863.543510	0.677966	0.677966	4	7	-3	15	11	2.034091	1.750000	4	1	176	179	150	1.672416	2.352916	299.362482	0.039412	45430	19.250000	27.769492	256x256	65536	sparse	Learned	296	4	27	2306	31.133579	0.615351	27.845546	0.999533	0.677732	0.428791	8	0	0.000000	32	2144	31.334879	0.652141	0.999385	26.925320	0.306119	0.634752	3852	31.710759	0.684185	0.999717	30.449975	0.257327	0.688330	-0.124340	0.277451	-0.412038	-0.053194	True	0.700308	0.353095	0.683949	27.746533	0.999548	7997
7998.png	0.642523	0.899646	0.947172	0.960908	0.933824	0.998901	27.412170	0.999125	27.945188	0.666265	0.596670	0.558610	30.634865	0.553167	2374	5	2	4	11	1.965714	0.400000	175	172	255.965512	3.051031	0.033566	-0.000768	-0.425567	-0.000157	0.000041	0.009962	1173.193693	0.666265	0.666265	5	2	3	4	11	1.965714	0.400000	5	0	175	172	160	1.488172	3.051031	255.965512	0.033566	45625	19.218618	27.605729	256x256	65536	sparse	Learned	295	5	26	2300	30.940667	0.605670	27.760560	0.999083	0.656303	0.455289	8	5	0.000000	33	2360	31.216022	0.654993	0.998945	27.328097	0.553657	0.637493	3943	31.590967	0.683513	0.999460	30.475847	0.319776	0.650057	0.184628	0.141381	-0.305802	-0.052503	True	0.618636	0.345576	0.643291	27.837737	0.999059	7998
7999.png	0.697561	0.894766	0.944461	0.934945	0.954172	0.998895	27.501299	0.999086	27.884706	0.726827	0.755857	0.579539	31.300582	0.603796	2580	4	1	4	10	1.971429	0.250000	210	207	318.764502	2.818863	0.039495	0.017916	-0.725532	-0.000329	-0.000115	0.024057	1001.363277	0.726827	0.726827	4	1	3	4	10	1.971429	0.250000	4	0	210	207	196	1.539925	2.818863	318.764502	0.039495	44873	17.392636	25.401550	256x256	65536	sparse	Learned	330	4	31	2557	31.796077	0.654645	28.230320	0.999202	0.702770	0.645365	6	3	0.000000	42	2494	32.183283	0.699282	0.999167	28.451301	0.421124	0.691457	3455	32.232315	0.697140	0.999524	30.918912	0.391734	0.679818	-0.345614	0.110492	-0.495495	-0.050848	True	0.770075	0.446288	0.679645	28.226831	0.999223	7999
