filename	gt_iou	seg_iou	seg_f1	seg_precision	seg_recall	gt_fg_ssim	gt_fg_psnr	ng_fg_ssim	ng_fg_psnr	ng_iou	ng_topo_q	topo_preservation	ng_psnr	ng_ssim	ng_bytes	graph_n_components	graph_n_cycles	graph_n_junctions	graph_n_endpoints	graph_mean_degree	graph_complexity	n_nodes	n_edges	total_edge_length	mean_width_px	mean_curvature	delta_gt_iou	delta_gt_fg_psnr	delta_gt_fg_ssim	delta_fg_ssim	delta_iou	total_time_ms	ng_recon_iou	ng_n_components	ng_n_cycles	ng_euler_characteristic	ng_n_junctions	ng_n_endpoints	ng_mean_degree	ng_graph_complexity	ng_seg_beta_0	ng_seg_beta_1	graph_n_nodes	graph_n_edges	graph_n_sampled	graph_mean_edge_length	graph_mean_width	graph_total_edge_length	graph_mean_curvature	png_bytes	ng_vs_png	ng_vs_raw	image_shape	image_pixels	image_type	segmenter	n_points	n_structures	jpeg_quality	jpeg_bytes	jpeg_psnr	jpeg_ssim	jpeg_fg_psnr	jpeg_fg_ssim	jpeg_iou	jpeg_topo_q	jpeg_beta_0	jpeg_beta_1	jpeg_betti_preservation	webp_quality	webp_bytes	webp_psnr	webp_ssim	webp_fg_ssim	webp_fg_psnr	webp_topo_q	webp_iou	jp2_bytes	jp2_psnr	jp2_ssim	jp2_fg_ssim	jp2_fg_psnr	jp2_topo_q	jp2_iou	delta_fg_psnr	delta_topo_q	delta_psnr	delta_ssim	gt_available	gt_topology_q	recon_topology_q	jpeg_gt_iou	jpeg_gt_fg_psnr	jpeg_gt_fg_ssim	stem
7249.png	0.610438	0.912235	0.954104	0.944920	0.963468	0.998989	28.247998	0.999061	28.502094	1.000000	0.657677	0.431805	30.653682	0.555879	2406	5	3	6	10	1.979899	0.600000	199	197	302.078210	2.978190	0.027030	-0.002075	0.049272	-0.000049	0.000048	0.381572	2975.808382	0.620021	5	3	2	6	10	1.979899	0.600000	5	0	199	197	183	1.533392	2.978190	302.078210	0.027030	45624	18.962594	27.238570	256x256	65536	sparse	Learned	319	5	27	2374	30.982440	0.611178	28.170606	0.999012	0.618428	0.328562	12	4	0.000000	32	2160	31.174373	0.646423	0.998873	27.678557	0.277195	0.568706	3799	31.518715	0.676896	0.999325	30.054441	0.318090	0.607196	0.331488	0.329115	-0.328759	-0.055299	True	0.677612	0.292596	0.612513	28.198726	0.999037	7249
7250.png	0.638427	0.867914	0.929287	0.917233	0.941661	0.999002	28.248971	0.999063	28.503765	1.000000	0.719168	0.721508	31.333858	0.589086	2180	4	7	15	11	2.033333	1.750000	180	183	291.450793	2.891803	0.041276	0.031043	0.069955	-0.000113	0.000032	0.369079	1124.611855	0.671866	4	7	-3	15	11	2.033333	1.750000	4	1	180	183	154	1.592627	2.891803	291.450793	0.041276	44906	20.599083	30.062385	256x256	65536	sparse	Learned	300	4	28	2154	31.653372	0.632012	28.190386	0.999031	0.630921	0.644181	6	10	0.000000	37	2118	31.878488	0.670321	0.998959	28.146309	0.447517	0.614382	4216	32.398679	0.718801	0.999483	31.431568	0.277989	0.629687	0.313379	0.074987	-0.319514	-0.042926	True	0.743339	0.536325	0.607384	28.179016	0.999116	7250
7251.png	0.775216	0.854467	0.921523	0.928013	0.915123	0.998848	25.190614	0.999493	27.130579	1.000000	0.703290	0.847257	31.149035	0.606009	2317	4	6	13	11	2.022472	1.500000	178	180	282.936075	2.369187	0.044698	0.039591	-2.286663	-0.000659	-0.000077	0.253797	779.686928	0.865751	4	6	-2	13	11	2.022472	1.500000	4	0	178	180	154	1.571867	2.369187	282.936075	0.044698	44830	19.348295	28.284851	256x256	65536	sparse	Learned	298	4	29	2269	31.863660	0.650573	27.574024	0.999570	0.746203	0.629166	5	0	0.875000	39	2108	32.109548	0.681755	0.999552	27.879060	0.734197	0.739873	4109	32.528157	0.720387	0.999791	31.327605	0.529205	0.740811	-0.443445	0.074124	-0.714625	-0.044563	True	0.724729	0.614032	0.735625	27.477278	0.999507	7251
7252.png	0.802120	0.918990	0.957785	0.943649	0.972350	0.999360	27.403278	0.999394	27.700918	1.000000	0.539296	1.093112	30.810466	0.553691	1818	4	1	2	8	1.949580	0.250000	119	116	171.195959	3.189224	0.028851	0.026187	0.083890	-0.000029	0.000044	0.211523	1004.741192	0.826432	4	1	3	2	8	1.949580	0.250000	4	0	119	116	109	1.475827	3.189224	171.195959	0.028851	45467	25.009351	36.048405	256x256	65536	sparse	Learned	239	4	22	1700	30.956801	0.582989	27.329032	0.999350	0.788477	0.472708	5	1	0.375000	29	1624	31.189119	0.618989	0.999260	26.864687	0.557361	0.792683	5280	32.238814	0.737056	0.999745	31.617018	0.615572	0.773026	0.371886	0.066589	-0.146336	-0.029298	True	0.548419	0.599483	0.775934	27.319389	0.999388	7252
7253.png	0.540097	0.847314	0.917347	0.877930	0.960470	0.999502	27.726184	0.999535	28.092431	1.000000	0.576838	0.446059	31.159136	0.579796	1776	4	2	5	9	1.969925	0.500000	133	131	195.752309	2.552237	0.040323	0.016819	-0.045663	-0.000089	0.000005	0.446847	894.775629	0.573433	4	2	2	5	9	1.969925	0.500000	4	0	133	131	119	1.494292	2.552237	195.752309	0.040323	44924	25.295045	36.900901	256x256	65536	sparse	Learned	253	4	24	1732	31.460646	0.609646	27.740615	0.999530	0.553153	0.312220	7	2	0.000000	34	1710	31.695093	0.646057	0.999486	27.629923	0.221907	0.539485	5117	32.649453	0.744223	0.999791	31.998933	0.262877	0.563877	0.351816	0.264618	-0.301509	-0.029850	True	0.581048	0.259182	0.523277	27.771847	0.999591	7253
7254.png	0.800875	0.921225	0.958998	0.963387	0.954649	0.999241	27.067727	0.999408	27.699879	1.000000	0.672085	0.850511	31.222817	0.590070	2220	4	0	1	9	1.955056	0.000000	178	174	255.350288	2.600488	0.026880	0.024726	-0.547978	-0.000176	-0.000016	0.216398	845.422268	0.830849	4	0	4	1	9	1.955056	0.000000	4	0	178	174	168	1.467530	2.600488	255.350288	0.026880	44986	20.263964	29.520721	256x256	65536	sparse	Learned	298	4	28	2191	31.610139	0.633120	27.617173	0.999424	0.783602	0.529205	6	2	0.000000	37	2192	31.842865	0.674132	0.999363	27.610292	0.508356	0.768767	3998	32.223445	0.705249	0.999723	31.194030	0.367568	0.760403	0.082705	0.142879	-0.387322	-0.043050	True	0.688077	0.585217	0.776149	27.615705	0.999417	7254
7255.png	0.729312	0.897614	0.946045	0.953393	0.938808	0.999158	26.956768	0.999426	27.768810	1.000000	0.619017	0.888220	30.688204	0.550052	1972	4	5	10	9	2.014085	1.250000	142	143	230.036580	2.809929	0.034504	0.021373	-0.281898	-0.000155	0.000048	0.271917	949.564695	0.767943	4	5	-1	10	9	2.014085	1.250000	4	1	142	143	123	1.608647	2.809929	230.036580	0.034504	45536	23.091278	33.233266	256x256	65536	sparse	Learned	262	4	23	1921	30.786535	0.587373	27.285903	0.999378	0.728083	0.405479	6	0	0.250000	31	1812	31.141896	0.626597	0.999314	26.950074	0.552912	0.741548	4620	31.876767	0.709450	0.999707	31.017526	0.385328	0.730655	0.482907	0.213537	-0.098331	-0.037321	True	0.651808	0.578948	0.707939	27.238666	0.999313	7255
7256.png	0.487719	0.818560	0.900228	0.903670	0.896813	0.998982	28.412810	0.999214	28.977741	1.000000	0.660404	0.443661	31.606895	0.603038	1976	4	2	7	11	1.975000	0.500000	160	158	245.066017	2.867818	0.043782	-0.010956	-0.575035	-0.000247	-0.000003	0.461066	1136.070728	0.533430	4	2	2	7	11	1.975000	0.500000	4	0	160	158	142	1.551051	2.867818	245.066017	0.043782	44562	22.551619	33.165992	256x256	65536	sparse	Learned	280	4	27	1928	31.930364	0.637171	28.896636	0.999216	0.538934	0.349491	10	2	0.000000	39	1944	32.243171	0.674082	0.999124	28.748645	0.226742	0.502751	4768	32.931128	0.745637	0.999628	32.445557	0.262701	0.533108	0.081105	0.310914	-0.323468	-0.034134	True	0.698806	0.310033	0.498675	28.987846	0.999228	7256
7257.png	0.635153	0.815087	0.898124	0.920814	0.876525	0.999068	27.516766	0.999376	28.073094	1.000000	0.703290	0.554786	30.329029	0.530905	2141	4	6	10	7	2.021505	1.500000	186	188	279.107648	2.421113	0.041137	0.021244	-0.484879	-0.000263	0.000009	0.359375	895.680666	0.696733	4	6	-2	10	7	2.021505	1.500000	4	1	186	188	169	1.484615	2.421113	279.107648	0.041137	45763	21.374591	30.609995	256x256	65536	sparse	Learned	306	4	25	2124	30.718891	0.586264	27.865650	0.999367	0.640625	0.405479	10	4	0.000000	31	2044	30.937600	0.625395	0.999258	27.297323	0.247392	0.633540	4384	31.529569	0.694775	0.999684	31.110815	0.099346	0.596708	0.207445	0.297811	-0.389862	-0.055359	True	0.726102	0.402831	0.613909	28.001644	0.999331	7257
7258.png	0.755340	0.858242	0.923714	0.952313	0.896783	0.999074	26.137797	0.999448	27.217072	1.000000	0.629166	0.832727	30.059410	0.528929	2329	5	1	3	11	1.957219	0.200000	187	183	287.906638	2.434917	0.040490	0.006091	-1.014276	-0.000357	-0.000035	0.240648	878.673077	0.816609	5	1	4	3	11	1.957219	0.200000	5	0	187	183	173	1.573260	2.434917	287.906638	0.040490	46114	19.799914	28.139116	256x256	65536	sparse	Learned	307	5	24	2162	30.486151	0.583080	27.100099	0.999484	0.759352	0.579650	6	1	0.400000	28	2220	30.704282	0.630602	0.999409	26.637341	0.637960	0.749220	4084	31.197812	0.671397	0.999730	30.211077	0.555777	0.759225	0.116973	0.049516	-0.426741	-0.054151	True	0.657677	0.547666	0.749248	27.152074	0.999431	7258
7259.png	0.624273	0.911548	0.953728	0.953728	0.953728	0.999071	27.614732	0.999163	28.094922	1.000000	0.529989	0.469092	30.833161	0.553056	1795	4	0	0	8	1.934959	0.000000	123	119	176.409163	3.235346	0.025410	0.009739	0.297272	-0.000022	0.000075	0.391817	1087.649822	0.639262	4	0	4	0	8	1.934959	0.000000	4	0	123	119	115	1.482430	3.235346	176.409163	0.025410	45422	25.304735	36.510306	256x256	65536	sparse	Learned	243	4	22	1686	30.948934	0.582314	27.452891	0.999088	0.608183	0.251056	11	1	0.000000	31	1626	31.228229	0.619498	0.998977	27.079454	0.363282	0.606349	5270	32.224981	0.736218	0.999617	31.808947	0.246229	0.617995	0.642031	0.278934	-0.115773	-0.029258	True	0.543880	0.255130	0.614534	27.317460	0.999094	7259
7260.png	0.710471	0.899721	0.947214	0.951399	0.943066	0.999053	26.893139	0.999270	27.422058	1.000000	0.514868	0.824926	31.347958	0.593035	2174	5	0	1	11	1.939759	0.000000	166	161	244.521861	2.639554	0.021956	-0.001002	-1.010130	-0.000322	-0.000117	0.277968	900.026321	0.741193	5	0	5	1	11	1.939759	0.000000	6	0	166	161	154	1.518769	2.639554	244.521861	0.021956	44960	20.680773	30.145354	256x256	65536	sparse	Learned	288	6	28	2143	31.673889	0.633260	27.890163	0.999387	0.722032	0.326993	10	0	0.666667	37	2130	31.879990	0.673389	0.999249	27.487216	0.423050	0.717227	4253	32.370290	0.717141	0.999672	31.151991	0.455289	0.710255	-0.468105	0.187874	-0.325931	-0.040226	True	0.535441	0.441699	0.711473	27.903270	0.999375	7260
7261.png	0.684388	0.855950	0.922385	0.897810	0.948342	0.999332	27.118380	0.999342	27.603443	1.000000	0.612485	0.884000	30.481324	0.545441	2181	5	7	13	11	2.022727	1.400000	176	178	278.906638	2.630868	0.027007	0.012039	-0.434748	-0.000159	-0.000058	0.311414	915.480137	0.707091	5	7	-2	13	11	2.022727	1.400000	5	1	176	178	152	1.566891	2.630868	278.906638	0.027007	45701	20.954149	30.048602	256x256	65536	sparse	Learned	296	5	25	2129	30.844111	0.595504	27.623197	0.999400	0.688586	0.418545	9	4	0.000000	31	2088	31.063448	0.638046	0.999277	26.984158	0.583832	0.648182	4357	31.680035	0.697063	0.999698	30.926494	0.349108	0.686994	-0.019754	0.193939	-0.362787	-0.050063	True	0.610932	0.540063	0.672348	27.553128	0.999490	7261
7262.png	0.649942	0.904705	0.949969	0.953547	0.946417	0.998755	28.453927	0.998936	28.706712	1.000000	0.541594	0.864751	31.713275	0.611493	2097	4	2	7	9	1.973856	0.500000	153	151	222.450793	3.294987	0.023354	-0.020640	-0.081025	-0.000134	-0.000009	0.321682	1290.080547	0.664303	4	2	2	7	9	1.973856	0.500000	5	0	153	151	137	1.473184	3.294987	222.450793	0.023354	44541	21.240343	31.252265	256x256	65536	sparse	Learned	275	5	29	2073	32.025719	0.645463	28.560539	0.998945	0.678318	0.589344	6	9	0.000000	41	2024	32.321757	0.682266	0.998854	28.720377	0.480558	0.716568	4461	32.858833	0.739578	0.999380	31.675015	0.371236	0.649112	0.146173	-0.047750	-0.312444	-0.033970	True	0.663784	0.574007	0.670581	28.534952	0.998889	7262
7263.png	0.620233	0.911631	0.953773	0.942233	0.965600	0.999179	27.130720	0.999313	27.674269	1.000000	0.622808	0.792553	31.542678	0.606327	2127	4	2	4	9	1.974194	0.500000	155	153	221.793939	2.750990	0.024096	-0.001169	-0.608672	-0.000236	-0.000068	0.380814	1034.590006	0.627889	4	2	2	4	9	1.974194	0.500000	4	0	155	153	142	1.449634	2.750990	221.793939	0.024096	44795	21.060179	30.811472	256x256	65536	sparse	Learned	275	4	28	2119	31.905025	0.642215	27.781868	0.999381	0.619186	0.462056	5	0	0.875000	40	2060	32.174582	0.677147	0.999346	28.304208	0.481077	0.607143	4302	32.634726	0.726281	0.999644	31.476114	0.389994	0.614431	-0.107600	0.160752	-0.362347	-0.035887	True	0.552465	0.437858	0.621402	27.739392	0.999416	7263
7264.png	0.647687	0.836679	0.911078	0.882579	0.941478	0.999360	26.765707	0.999351	27.777112	1.000000	0.570443	0.429404	31.517733	0.604447	1852	4	2	6	10	1.969466	0.500000	131	129	188.539105	2.740069	0.040675	0.019440	-0.748435	-0.000252	0.000109	0.327141	992.045164	0.723921	4	2	2	6	10	1.969466	0.500000	4	0	131	129	115	1.461543	2.740069	188.539105	0.040675	44597	24.080454	35.386609	256x256	65536	sparse	Learned	251	4	25	1812	31.852000	0.634480	27.429056	0.999241	0.672859	0.273851	9	0	0.375000	37	1804	32.127496	0.669495	0.999206	27.513660	0.411395	0.664773	5013	33.027654	0.750362	0.999813	33.632138	0.271773	0.676973	0.348056	0.296592	-0.334267	-0.030033	True	0.607414	0.260826	0.628247	27.514143	0.999612	7264
7265.png	0.656510	0.896671	0.945521	0.952135	0.938998	0.999054	27.505404	0.999233	28.031520	1.000000	0.563078	0.549010	30.569744	0.545100	2057	5	0	0	10	1.939759	0.000000	166	161	233.894444	2.862865	0.037968	-0.005313	-0.432109	-0.000176	0.000022	0.341965	1031.848431	0.674665	5	0	5	0	10	1.939759	0.000000	5	0	166	161	156	1.452761	2.862865	233.894444	0.037968	45603	22.169665	31.859990	256x256	65536	sparse	Learned	286	5	24	1964	30.867254	0.589041	27.828486	0.999211	0.658035	0.333326	11	3	0.000000	31	2052	31.121141	0.636174	0.999087	27.313243	0.253871	0.609556	4237	31.677380	0.695100	0.999566	30.670621	0.138901	0.646602	0.203034	0.229751	-0.297510	-0.043941	True	0.550671	0.302324	0.661823	27.937513	0.999230	7265
7266.png	0.819722	0.934676	0.966235	0.967151	0.965322	0.998933	25.807679	0.999136	26.360017	1.000000	0.559568	0.815437	30.836639	0.586312	2318	5	0	0	10	1.937500	0.000000	160	155	235.107648	3.156283	0.032037	0.043744	-1.018854	-0.000300	-0.000108	0.227679	1104.839325	0.836797	5	0	5	0	10	1.937500	0.000000	5	0	160	155	150	1.516824	3.156283	235.107648	0.032037	45309	19.546592	28.272649	256x256	65536	sparse	Learned	280	5	27	2181	31.367749	0.625507	26.833424	0.999244	0.772321	0.415793	8	5	0.000000	35	2110	31.593607	0.666334	0.999265	27.130997	0.489022	0.762674	4025	32.042526	0.698674	0.999707	31.351151	0.476647	0.773543	-0.473407	0.143775	-0.531110	-0.039194	True	0.585217	0.477208	0.775978	26.826533	0.999233	7266
7267.png	0.733141	0.861095	0.925364	0.927052	0.923683	0.998802	27.699535	0.999054	28.518785	1.000000	0.717761	0.727343	31.416385	0.599119	2137	4	9	18	9	2.057803	2.250000	173	178	284.036580	3.117158	0.053545	-0.011457	-0.653313	-0.000266	0.000036	0.276864	1155.201674	0.759086	4	9	-5	18	9	2.057803	2.250000	4	1	173	178	146	1.595711	3.117158	284.036580	0.053545	44738	20.934956	30.667291	256x256	65536	sparse	Learned	293	4	27	2021	31.799549	0.636197	28.407424	0.999018	0.723136	0.610672	6	7	0.000000	40	2114	32.135452	0.680175	0.999000	28.446655	0.516482	0.715438	4346	32.601043	0.729843	0.999506	31.506957	0.412865	0.713590	0.111360	0.107089	-0.383164	-0.037078	True	0.744619	0.541594	0.744598	28.352848	0.999068	7267
7268.png	0.688140	0.898712	0.946655	0.946655	0.946655	0.998028	28.101224	0.998000	28.342505	1.000000	0.669781	0.925547	30.922716	0.571554	2445	5	6	16	15	2.010753	1.200000	186	187	316.107648	3.528560	0.047798	-0.016695	0.058520	-0.000003	0.000157	0.276897	1595.256567	0.707812	5	6	-1	16	15	2.010753	1.200000	5	0	186	187	155	1.690415	3.528560	316.107648	0.047798	45398	18.567689	26.804090	256x256	65536	sparse	Learned	306	5	27	2253	31.229209	0.618432	28.084636	0.997843	0.723103	0.500093	12	12	0.000000	36	2256	31.491035	0.662147	0.997767	28.094243	0.319549	0.733670	3787	31.766148	0.684725	0.998785	30.505368	0.276487	0.701159	0.257869	0.169688	-0.306493	-0.046879	True	0.697599	0.645661	0.704835	28.042704	0.998031	7268
7269.png	0.639210	0.851195	0.919617	0.949011	0.891989	0.999194	27.412354	0.999480	28.113000	1.000000	0.700308	0.545212	30.395487	0.537052	2167	4	7	13	7	2.034091	1.750000	176	179	279.078210	2.444519	0.031878	-0.013020	-0.308224	-0.000192	0.000027	0.301031	835.361481	0.702564	4	7	-3	13	7	2.034091	1.750000	4	1	176	179	156	1.559096	2.444519	279.078210	0.031878	45739	21.107060	30.242732	256x256	65536	sparse	Learned	296	4	24	2102	30.679180	0.586750	27.599493	0.999453	0.698969	0.341638	10	0	0.000000	30	1974	30.942238	0.625946	0.999317	26.926667	0.408445	0.665972	4300	31.537516	0.691456	0.999707	30.614650	0.228948	0.657202	0.513507	0.358670	-0.283694	-0.049697	True	0.731526	0.398837	0.652230	27.720578	0.999386	7269
7270.png	0.658170	0.927802	0.962549	0.954397	0.970842	0.999026	27.649723	0.999098	27.942986	1.000000	0.555142	0.462965	31.145068	0.587144	2306	6	0	0	12	1.934426	0.000000	183	177	265.793939	2.777834	0.021988	0.012072	-0.340626	-0.000142	-0.000074	0.356074	967.497110	0.661050	6	0	6	0	12	1.934426	0.000000	6	0	183	177	171	1.501661	2.777834	265.793939	0.021988	45065	19.542498	28.419775	256x256	65536	sparse	Learned	303	6	27	2142	31.508162	0.628258	28.060892	0.999172	0.643926	0.288230	12	0	0.500000	37	2194	31.781993	0.672166	0.999058	27.630951	0.331019	0.629964	4049	32.180781	0.706923	0.999574	31.162091	0.199667	0.641363	-0.117906	0.266912	-0.363094	-0.041114	True	0.562495	0.260415	0.646098	27.990349	0.999168	7270
7272.png	0.636892	0.867851	0.929251	0.907666	0.951888	0.998674	28.417837	0.998859	28.789749	1.000000	0.572585	0.884641	31.150870	0.585132	2296	6	4	9	13	1.978495	0.666667	186	184	302.119841	2.761373	0.045062	0.017500	-0.416258	-0.000284	-0.000064	0.326680	1182.880163	0.682733	6	4	2	9	13	1.978495	0.666667	6	0	186	184	164	1.641956	2.761373	302.119841	0.045062	44984	19.592334	28.543554	256x256	65536	sparse	Learned	306	6	29	2274	31.647545	0.634427	28.822218	0.998923	0.673320	0.591619	9	11	0.000000	37	2132	31.823787	0.668458	0.998712	28.398854	0.229882	0.641769	3999	32.233488	0.708436	0.999369	31.352679	0.090627	0.620552	-0.032469	-0.019034	-0.496675	-0.049295	True	0.583832	0.516482	0.619392	28.834095	0.998958	7272
7273.png	0.704208	0.906479	0.950946	0.932118	0.970550	0.998736	28.509920	0.998462	28.699214	1.000000	0.419578	0.940734	30.334509	0.522297	1801	5	2	3	9	1.942857	0.400000	105	102	155.267027	4.569193	0.038412	0.008266	0.629198	0.000118	0.000367	0.291766	1435.956717	0.714547	5	2	3	3	9	1.942857	0.400000	5	0	105	102	93	1.522226	4.569193	155.267027	0.038412	45902	25.486952	36.388673	256x256	65536	sparse	Learned	225	5	21	1728	30.428390	0.556511	27.891699	0.998094	0.708234	0.424622	11	13	0.000000	26	1654	30.669969	0.596266	0.997661	27.080104	0.062828	0.676600	5052	31.651578	0.713313	0.999090	31.114977	0.030215	0.474679	0.807515	-0.005043	-0.093881	-0.034214	True	0.519054	0.488291	0.695942	27.880722	0.998618	7273
7274.png	0.619776	0.872539	0.931931	0.929360	0.934517	0.999492	27.507444	0.999596	28.007156	1.000000	0.485726	0.736604	30.543013	0.539908	1627	4	0	0	8	1.925926	0.000000	108	104	154.923882	2.716522	0.032934	0.023002	0.052068	-0.000066	0.000045	0.379873	855.813265	0.660417	4	0	4	0	8	1.925926	0.000000	4	0	108	104	100	1.489653	2.716522	154.923882	0.032934	45542	27.991395	40.280270	256x256	65536	sparse	Learned	228	4	20	1523	30.825168	0.564992	27.479699	0.999551	0.620127	0.457735	5	1	0.375000	27	1458	30.986444	0.602993	0.999519	27.288593	0.290260	0.612381	5755	32.284558	0.750494	0.999789	31.542375	0.196246	0.609236	0.527457	0.027992	-0.282154	-0.025084	True	0.503415	0.370817	0.596774	27.455377	0.999558	7274
7275.png	0.701729	0.903736	0.949434	0.961039	0.938106	0.999126	27.047118	0.999400	27.789318	1.000000	0.576838	0.727110	31.079265	0.576895	2134	5	5	9	12	2.000000	1.000000	169	169	251.865007	2.657232	0.019756	0.005987	-0.444050	-0.000229	-0.000007	0.288624	866.406441	0.732342	5	5	0	9	12	2.000000	1.000000	5	0	169	169	148	1.490325	2.657232	251.865007	0.019756	45202	21.181818	30.710403	256x256	65536	sparse	Learned	289	5	26	2044	31.358090	0.615785	27.552162	0.999408	0.711376	0.388903	8	0	0.700000	35	2068	31.602754	0.655825	0.999330	27.355584	0.454315	0.725018	4226	32.112694	0.708538	0.999705	30.816769	0.350082	0.717222	0.237156	0.187935	-0.278825	-0.038889	True	0.603072	0.438500	0.695742	27.491168	0.999355	7275
7276.png	0.740933	0.909564	0.952641	0.946513	0.958848	0.999059	27.426263	0.999156	27.819487	1.000000	0.548870	0.754529	30.199354	0.532364	2136	5	1	2	10	1.948718	0.200000	156	152	225.793939	3.164609	0.036401	0.044745	0.159058	-0.000010	0.000119	0.293669	1233.284235	0.758934	5	1	4	2	10	1.948718	0.200000	5	0	156	152	144	1.485486	3.164609	225.793939	0.036401	45914	21.495318	30.681648	256x256	65536	sparse	Learned	276	5	23	2068	30.508967	0.580202	27.282295	0.999036	0.706331	0.432208	10	8	0.000000	29	2002	30.840759	0.623640	0.998935	26.870059	0.361792	0.701230	4377	31.475648	0.691407	0.999538	30.760504	0.233254	0.702178	0.537192	0.116662	-0.309613	-0.047838	True	0.568289	0.428791	0.696188	27.267205	0.999069	7276
7277.png	0.694272	0.875505	0.933620	0.900970	0.968727	0.999286	28.210958	0.999297	28.381334	1.000000	0.629166	0.656409	30.539142	0.544538	2235	5	6	10	10	2.010638	1.200000	188	189	279.551299	2.636102	0.034083	-0.004508	0.264550	-0.000018	0.000059	0.257614	997.380972	0.714286	5	6	-1	10	10	2.010638	1.200000	5	1	188	189	168	1.479107	2.636102	279.551299	0.034083	45572	20.390157	29.322595	256x256	65536	sparse	Learned	308	5	25	2082	30.881476	0.594739	27.972952	0.999238	0.742386	0.396769	11	5	0.000000	32	2098	31.134082	0.638963	0.999099	27.455428	0.176740	0.718059	4255	31.668509	0.696274	0.999574	30.777779	0.101499	0.679189	0.408382	0.232397	-0.342334	-0.050201	True	0.649362	0.426247	0.698780	27.946407	0.999305	7277
7278.png	0.546832	0.925776	0.961458	0.953440	0.969611	0.998947	27.409685	0.999003	27.678408	1.000000	0.658702	0.567215	31.622143	0.613687	2174	4	2	6	10	1.975155	0.500000	161	159	252.350288	3.010354	0.030909	0.005837	-0.566692	-0.000109	-0.000021	0.456362	1065.904140	0.555860	4	2	2	6	10	1.975155	0.500000	4	0	161	159	145	1.587109	3.010354	252.350288	0.030909	44626	20.527139	30.145354	256x256	65536	sparse	Learned	281	4	29	2172	32.020750	0.651228	27.968720	0.999024	0.543638	0.280422	11	1	0.000000	42	2138	32.336684	0.687181	0.999119	28.691296	0.194265	0.517749	4220	32.772199	0.729655	0.999492	31.759009	0.212498	0.565650	-0.290312	0.378280	-0.398607	-0.037542	True	0.672085	0.381217	0.540995	27.976377	0.999056	7278
7279.png	0.657485	0.886284	0.939714	0.923077	0.956962	0.999509	27.821204	0.999563	28.102942	1.000000	0.437295	0.619450	31.093636	0.559299	1488	4	0	0	8	1.911111	0.000000	90	86	128.396970	2.988811	0.034145	-0.024543	0.411549	0.000004	0.000084	0.284562	958.277225	0.688172	4	0	4	0	8	1.911111	0.000000	4	0	90	86	82	1.492988	2.988811	128.396970	0.034145	45232	30.397849	44.043011	256x256	65536	sparse	Learned	210	4	20	1455	31.080953	0.574730	27.353997	0.999479	0.715438	0.362372	6	4	0.000000	29	1374	31.370694	0.613241	0.999420	27.053446	0.246103	0.713278								0.748944	0.074923	0.012683	-0.015431	True	0.456649	0.282871	0.682028	27.409655	0.999505	7279
7280.png	0.593796	0.892574	0.943238	0.921308	0.966238	0.998312	28.190452	0.998234	28.424916	1.000000	0.704770	0.380521	30.259135	0.530279	2259	4	6	10	9	2.023121	1.500000	173	175	284.249783	3.620346	0.053420	0.001540	0.010896	-0.000012	0.000097	0.397940	1371.105909	0.612403	4	6	-2	10	9	2.023121	1.500000	4	1	173	175	154	1.624284	3.620346	284.249783	0.053420	45914	20.324923	29.011067	256x256	65536	sparse	Learned	293	4	25	2241	30.589821	0.587393	28.215510	0.998137	0.602060	0.332356	15	4	0.000000	29	2126	30.823831	0.626551	0.997761	27.551198	0.354674	0.552481	4252	31.349548	0.683059	0.998855	30.387369	0.160445	0.604608	0.209407	0.372414	-0.330686	-0.057114	True	0.740760	0.281875	0.592256	28.179556	0.998324	7280
7281.png	0.651240	0.838141	0.911944	0.933095	0.891731	0.999081	26.827060	0.999521	28.352909	1.000000	0.639405	0.580976	30.675001	0.554689	2039	4	0	0	8	1.952941	0.000000	170	166	225.681241	2.555397	0.025280	-0.003361	-1.417136	-0.000404	-0.000032	0.351039	789.706230	0.711522	4	0	4	0	8	1.952941	0.000000	4	0	170	166	162	1.359526	2.555397	225.681241	0.025280	45315	22.224129	32.141246	256x256	65536	sparse	Learned	290	4	24	1876	31.119926	0.596648	28.180678	0.999553	0.648961	0.331019	10	1	0.000000	32	2032	31.403562	0.643659	0.999483	27.631918	0.272640	0.646792	4382	31.961896	0.708363	0.999734	31.097621	0.238862	0.626966	0.172231	0.308386	-0.444924	-0.041958	True	0.650062	0.377671	0.654600	28.244195	0.999485	7281
7283.png	0.654079	0.906057	0.950714	0.949946	0.951482	0.998392	28.275426	0.998679	28.643959	1.000000	0.652156	0.652358	31.617022	0.613875	2369	5	4	9	11	1.989362	0.800000	188	187	303.492424	3.132750	0.051163	-0.011166	-0.396261	-0.000233	-0.000011	0.327783	1175.413609	0.671581	5	4	1	9	11	1.989362	0.800000	5	0	188	187	168	1.622954	3.132750	303.492424	0.051163	44546	18.803715	27.663993	256x256	65536	sparse	Learned	308	5	31	2353	32.085831	0.657083	28.684676	0.998690	0.672217	0.495405	10	7	0.000000	42	2300	32.340511	0.698693	0.998611	28.670863	0.467892	0.650975	3852	32.602878	0.717644	0.999300	31.665891	0.250045	0.652112	-0.040716	0.156750	-0.468809	-0.043208	True	0.659043	0.429932	0.665244	28.671687	0.998626	7283
7284.png	0.744932	0.910103	0.952936	0.955076	0.950805	0.999299	27.572100	0.999389	27.846973	1.000000	0.572585	0.810746	30.468806	0.537749	1859	4	0	0	8	1.940299	0.000000	134	130	193.338095	2.788599	0.027593	0.037434	0.325035	-0.000032	0.000080	0.265306	877.862930	0.782872	4	0	4	0	8	1.940299	0.000000	4	0	134	130	126	1.487216	2.788599	193.338095	0.027593	45705	24.585799	35.253362	256x256	65536	sparse	Learned	254	4	22	1855	30.654251	0.576401	27.175867	0.999309	0.734694	0.568289	5	3	0.000000	29	1834	30.973359	0.619716	0.999255	26.933705	0.475712	0.731967	5120	31.928482	0.725069	0.999731	31.182427	0.233254	0.715262	0.671106	0.004296	-0.185445	-0.038652	True	0.585217	0.474462	0.707498	27.247065	0.999331	7284
7285.png	0.551215	0.909794	0.952767	0.927320	0.979648	0.999378	27.681888	0.999358	27.861799	1.000000	0.498424	0.420830	30.204051	0.516766	1721	4	2	3	7	1.962617	0.500000	107	105	152.781746	3.441251	0.038307	-0.014683	0.873841	0.000098	0.000142	0.425361	952.364445	0.556866	4	2	2	3	7	1.962617	0.500000	4	0	107	105	97	1.455064	3.441251	152.781746	0.038307	46024	26.742592	38.080186	256x256	65536	sparse	Learned	227	4	20	1620	30.326230	0.547393	26.903367	0.999215	0.574639	0.213372	12	1	0.000000	26	1676	30.625337	0.598210	0.999168	26.832709	0.227405	0.559475	5561	31.781780	0.730217	0.999692	31.373486	0.200309	0.570837	0.958432	0.285052	-0.122179	-0.030627	True	0.513248	0.215990	0.565898	26.808047	0.999280	7285
7286.png	0.825436	0.915643	0.955964	0.966292	0.945854	0.999202	25.929240	0.999525	26.942314	1.000000	0.599483	0.769941	30.928035	0.573068	2102	4	0	0	8	1.946309	0.000000	149	145	216.693434	2.641017	0.023152	0.030311	-1.111418	-0.000333	-0.000025	0.204773	898.228168	0.869940	4	0	4	0	8	1.946309	0.000000	4	0	149	145	141	1.494437	2.641017	216.693434	0.023152	45428	21.611798	31.177926	256x256	65536	sparse	Learned	269	4	25	2022	31.253154	0.611128	27.029390	0.999549	0.795227	0.513248	5	0	0.875000	33	2076	31.474611	0.653791	0.999512	26.747818	0.530459	0.785769	4350	32.072087	0.706107	0.999824	31.388474	0.520974	0.794005	-0.087076	0.086236	-0.325119	-0.038061	True	0.609372	0.469181	0.795126	27.040657	0.999536	7286
7287.png	0.797054	0.905630	0.950479	0.939918	0.961279	0.999353	26.482750	0.999496	27.229969	1.000000	0.575142	0.932485	31.054193	0.592855	2195	5	0	0	10	1.941176	0.000000	170	165	239.651804	2.511476	0.025318	0.049662	-0.925486	-0.000210	-0.000059	0.264813	909.447908	0.801459	5	0	5	0	10	1.941176	0.000000	5	0	170	165	160	1.452435	2.511476	239.651804	0.025318	45068	20.532118	29.856948	256x256	65536	sparse	Learned	290	5	27	2168	31.594781	0.634043	27.387215	0.999555	0.735187	0.526688	5	1	0.500000	36	2168	31.873597	0.675993	0.999507	27.266414	0.438500	0.725377	4000	32.308980	0.708374	0.999788	31.192232	0.458973	0.730022	-0.157246	0.048454	-0.540587	-0.041188	True	0.564822	0.526688	0.747392	27.408237	0.999563	7287
7288.png	0.539080	0.852174	0.920188	0.923802	0.916602	0.999054	27.973127	0.999373	28.487108	1.000000	0.651808	0.443605	30.628499	0.543852	1961	4	3	7	10	1.987654	0.750000	162	161	244.379726	2.731535	0.033801	0.032995	-0.096870	-0.000118	0.000014	0.458027	998.258591	0.579066	4	3	1	7	10	1.987654	0.750000	4	0	162	161	145	1.517886	2.731535	244.379726	0.033801	45565	23.235594	33.419684	256x256	65536	sparse	Learned	282	4	24	1949	30.889359	0.588171	28.122862	0.999359	0.541973	0.320229	10	5	0.000000	31	1870	31.104138	0.625757	0.999221	27.439944	0.231317	0.525781	4609	31.839676	0.708996	0.999652	31.227799	0.139770	0.581884	0.364246	0.331578	-0.260860	-0.044319	True	0.660404	0.292959	0.506084	28.069997	0.999172	7288
7289.png	0.668571	0.881068	0.936774	0.938793	0.934764	0.999210	26.913185	0.999517	28.027587	1.000000	0.620917	0.663307	31.112012	0.589200	1903	4	4	8	10	2.000000	1.000000	144	144	213.367532	2.778227	0.026231	0.023883	-0.817507	-0.000270	0.000011	0.363769	824.141502	0.689312	4	4	0	8	10	2.000000	1.000000	4	0	144	144	126	1.481719	2.778227	213.367532	0.026231	44915	23.602207	34.438255	256x256	65536	sparse	Learned	264	4	25	1888	31.618491	0.624776	27.747137	0.999506	0.636231	0.438232	6	1	0.250000	34	1840	31.882531	0.661395	0.999464	27.515921	0.474813	0.633948	4842	32.653572	0.740271	0.999784	32.028609	0.246599	0.642805	0.280450	0.182685	-0.506479	-0.035576	True	0.642993	0.426502	0.644689	27.730692	0.999480	7289
7290.png	0.634884	0.876905	0.934416	0.903927	0.967033	0.999179	28.356339	0.999187	28.626403	1.000000	0.480187	0.671549	30.520439	0.550531	2213	6	0	0	14	1.929825	0.000000	171	165	259.800280	2.998902	0.032239	0.036059	0.131891	-0.000031	0.000065	0.379833	1090.512991	0.651584	6	0	6	0	14	1.929825	0.000000	7	0	171	165	157	1.574547	2.998902	259.800280	0.032239	45600	20.605513	29.614099	256x256	65536	sparse	Learned	291	7	25	2076	30.969516	0.598814	28.209288	0.999122	0.620167	0.376039	12	5	0.000000	30	1980	31.127143	0.632904	0.999015	27.706940	0.413354	0.611170	4271	31.724736	0.698140	0.999516	31.179321	0.219855	0.615100	0.417115	0.104148	-0.449077	-0.048283	True	0.509058	0.341857	0.598825	28.224448	0.999209	7290
7291.png	0.649109	0.882083	0.937347	0.952854	0.922338	0.999296	26.712205	0.999504	27.526320	1.000000	0.552465	0.634605	30.014416	0.519424	2033	5	1	2	10	1.948387	0.200000	155	151	234.592929	2.519730	0.029933	0.039745	-0.709750	-0.000191	0.000013	0.392663	827.640057	0.683320	5	1	4	2	10	1.948387	0.200000	5	0	155	151	143	1.553596	2.519730	234.592929	0.029933	46045	22.648795	32.236104	256x256	65536	sparse	Learned	275	5	23	2029	30.391096	0.570966	27.330468	0.999490	0.607337	0.316139	10	4	0.000000	27	1932	30.617830	0.613472	0.999400	26.679207	0.340026	0.597789	4701	31.402767	0.700111	0.999741	30.692828	0.268384	0.602055	0.195852	0.236326	-0.376680	-0.051542	True	0.578527	0.367136	0.609365	27.421955	0.999488	7291
7292.png	0.687836	0.879911	0.936120	0.925495	0.946992	0.998990	27.286012	0.999143	27.815093	1.000000	0.675023	0.784128	30.787036	0.573728	2523	5	12	17	14	2.070352	2.400000	199	206	337.019336	2.682486	0.043301	-0.005567	-0.622319	-0.000225	-0.000034	0.288725	1345.413923	0.717144	5	12	-7	17	14	2.070352	2.400000	5	1	199	206	168	1.636016	2.682486	337.019336	0.043301	45523	18.043203	25.975426	256x256	65536	sparse	Learned	319	5	29	2513	31.303376	0.629609	27.902882	0.999178	0.711275	0.467892	11	11	0.000000	37	2502	31.551606	0.674142	0.999097	27.653568	0.550671	0.704712	3602	31.744216	0.681451	0.999514	30.648878	0.377671	0.705635	-0.087789	0.207131	-0.516339	-0.055882	True	0.687765	0.539296	0.693404	27.908331	0.999216	7292
7293.png	0.578676	0.880372	0.936381	0.907011	0.967717	0.999207	28.329655	0.999115	28.422156	1.000000	0.591392	0.469514	30.470083	0.533940	1851	4	4	7	8	2.000000	1.000000	129	129	204.237590	3.110388	0.040675	0.019679	0.377135	0.000038	0.000043	0.441531	1251.084089	0.575159	4	4	0	7	8	2.000000	1.000000	4	0	129	129	114	1.583237	3.110388	204.237590	0.040675	45685	24.681253	35.405727	256x256	65536	sparse	Learned	249	4	22	1788	30.677696	0.571237	27.992982	0.999072	0.558469	0.357250	10	5	0.000000	28	1636	30.888575	0.605983	0.998859	27.382288	0.368716	0.532258	4775	31.752226	0.709852	0.999484	31.159669	0.113713	0.559023	0.429174	0.234142	-0.207613	-0.037298	True	0.597476	0.280523	0.558997	27.952520	0.999169	7293
7294.png	0.860360	0.933723	0.965726	0.962492	0.968982	0.999193	26.805824	0.999347	27.246513	1.000000	0.543424	1.033166	30.310620	0.541216	2205	5	0	1	9	1.929577	0.000000	142	137	215.651804	3.291434	0.039744	0.041800	-0.209309	-0.000158	-0.000000	0.168955	1063.063622	0.884990	5	0	5	1	9	1.929577	0.000000	5	0	142	137	132	1.574101	3.291434	215.651804	0.039744	45967	20.846712	29.721542	256x256	65536	sparse	Learned	262	5	24	2173	30.613761	0.590623	27.003515	0.999347	0.831045	0.620158	5	5	0.000000	30	2056	30.887074	0.630930	0.999277	26.715203	0.581886	0.828979	4136	31.381636	0.678322	0.999669	30.048825	0.333326	0.832933	0.242998	-0.076734	-0.303141	-0.049407	True	0.564822	0.583555	0.818560	27.015133	0.999351	7294
7295.png	0.727811	0.914320	0.955243	0.951372	0.959145	0.999076	27.539228	0.999168	27.970449	1.000000	0.728827	0.750141	31.419641	0.599618	2360	4	10	17	8	2.060302	2.500000	199	205	312.391919	2.760319	0.037527	0.010332	-0.700928	-0.000201	-0.000055	0.264129	1056.571960	0.759448	4	10	-6	17	8	2.060302	2.500000	4	2	199	205	174	1.523863	2.760319	312.391919	0.037527	44872	19.013559	27.769492	256x256	65536	sparse	Learned	319	4	29	2302	31.739933	0.642505	28.158645	0.999223	0.735871	0.623185	5	2	0.875000	41	2258	32.096794	0.683850	0.999153	28.112862	0.574007	0.745695	3905	32.342778	0.708537	0.999572	31.057704	0.492256	0.746260	-0.188196	0.105643	-0.320292	-0.042887	True	0.759492	0.569726	0.717479	28.240156	0.999278	7295
7296.png	0.646034	0.909360	0.952529	0.951643	0.953416	0.998856	27.694274	0.999027	28.208231	1.000000	0.667129	0.675161	31.451166	0.597475	2189	4	3	8	8	1.987952	0.750000	166	165	239.722871	3.239921	0.029767	0.007129	-0.525287	-0.000163	-0.000015	0.362209	1173.830032	0.652803	4	3	1	8	8	1.987952	0.750000	4	0	166	165	150	1.452866	3.239921	239.722871	0.029767	44954	20.536318	29.938785	256x256	65536	sparse	Learned	286	4	27	2105	31.660784	0.632194	28.205375	0.999042	0.637791	0.367312	9	0	0.375000	39	2186	32.043447	0.676814	0.998938	28.121551	0.365904	0.622509	4150	32.421947	0.717008	0.999470	31.181679	0.334134	0.621274	0.002855	0.299817	-0.209618	-0.034718	True	0.620158	0.418707	0.638905	28.219561	0.999019	7296
7297.png	0.703135	0.913073	0.954561	0.942937	0.966476	0.999099	28.471354	0.999183	28.770857	1.000000	0.681776	0.695925	31.351739	0.587590	2121	4	3	7	9	1.988439	0.750000	173	172	254.308658	2.853041	0.035253	0.000397	-0.061180	-0.000100	0.000026	0.292258	990.581751	0.719601	4	3	1	7	9	1.988439	0.750000	4	0	173	172	157	1.478539	2.853041	254.308658	0.035253	44875	21.157473	30.898633	256x256	65536	sparse	Learned	293	4	28	2105	31.711582	0.630451	28.487672	0.999157	0.707742	0.289415	12	2	0.000000	37	2116	31.927411	0.671501	0.999118	28.283135	0.187143	0.703820	4161	32.410064	0.718989	0.999529	31.309208	0.142435	0.683686	0.283185	0.392361	-0.359842	-0.042861	True	0.694254	0.483149	0.702738	28.532533	0.999199	7297
7298.png	0.318743	0.866067	0.928227	0.893013	0.966332	0.998956	29.231805	0.998744	29.286729	1.000000	0.649362	0.203882	30.482466	0.536168	2169	5	2	4	10	1.968254	0.400000	189	186	297.421356	2.922071	0.051066	-0.037390	0.368126	0.000016	0.000114	0.656432	1160.303116	0.309311	5	2	3	4	10	1.968254	0.400000	5	0	189	186	175	1.599040	2.922071	297.421356	0.051066	45654	21.048409	30.214846	256x256	65536	sparse	Learned	309	5	25	2116	30.787070	0.587622	28.782623	0.998630	0.343568	0.155933	21	1	0.000000	29	1998	30.994792	0.621950	0.998349	27.932976	0.108846	0.253319	4343	31.609677	0.695099	0.999167	31.359328	0.032136	0.380161	0.504106	0.493428	-0.304604	-0.051454	True	0.653544	0.133246	0.356133	28.863679	0.998940	7298
7299.png	0.790174	0.906977	0.951220	0.954842	0.947624	0.998756	27.026414	0.998997	27.544563	1.000000	0.738154	0.979760	30.699951	0.566294	2494	4	8	17	9	2.041667	2.000000	192	196	314.220346	3.021607	0.037431	0.001219	-0.440768	-0.000215	-0.000011	0.217949	1186.285734	0.812695	4	8	-4	17	9	2.041667	2.000000	4	1	192	196	166	1.603165	3.021607	314.220346	0.037431	45638	18.299118	26.277466	256x256	65536	sparse	Learned	312	4	27	2359	31.077332	0.618818	27.533802	0.999008	0.782051	0.650062	6	9	0.000000	34	2486	31.347646	0.670093	0.998831	27.037931	0.666017	0.780138	3708	31.617764	0.679299	0.999408	29.985705	0.660404	0.775956	0.010761	0.088092	-0.377382	-0.052524	True	0.753403	0.738154	0.788955	27.467182	0.998970	7299
7300.png	0.757829	0.923025	0.959972	0.949544	0.970630	0.999199	27.147780	0.999320	27.548357	1.000000	0.561327	0.846203	31.504355	0.604456	2170	5	1	3	11	1.951515	0.200000	165	161	247.149278	2.893501	0.025088	0.031568	-0.171346	-0.000159	-0.000021	0.272668	823.670149	0.765884	5	1	4	3	11	1.951515	0.200000	5	0	165	161	151	1.535089	2.893501	247.149278	0.025088	44878	20.681106	30.200922	256x256	65536	sparse	Learned	285	5	27	2067	31.779189	0.638461	27.329035	0.999341	0.727332	0.425518	7	2	0.000000	38	2150	32.057057	0.681404	0.999325	27.875449	0.444880	0.714653	4161	32.498752	0.719624	0.999694	31.367168	0.350791	0.739637	0.219322	0.135809	-0.274834	-0.034004	True	0.564822	0.477954	0.726261	27.319126	0.999358	7300
7301.png	0.646312	0.874695	0.933160	0.930736	0.935596	0.999187	27.862480	0.999302	28.237145	1.000000	0.561765	0.647880	30.714913	0.542522	1722	4	3	7	10	1.983471	0.750000	121	120	194.237590	2.908749	0.034971	-0.046370	0.307914	0.000006	0.000105	0.301058	946.671009	0.660287	4	3	1	7	10	1.983471	0.750000	4	0	121	120	104	1.618647	2.908749	194.237590	0.034971	45516	26.432056	38.058072	256x256	65536	sparse	Learned	241	4	21	1607	30.804483	0.570193	27.590712	0.999197	0.698942	0.499426	5	1	0.375000	29	1568	31.047130	0.608186	0.999123	27.300806	0.159703	0.672510	5321	32.141694	0.735703	0.999641	31.502081	0.035855	0.570440	0.646433	0.062339	-0.089570	-0.027672	True	0.585217	0.379151	0.692683	27.554566	0.999182	7301
7302.png	0.711147	0.916388	0.956370	0.960280	0.952491	0.998634	28.099406	0.998819	28.467273	1.000000	0.691181	0.927680	31.509718	0.604837	2167	4	8	15	10	2.050000	2.000000	160	164	263.865007	3.294199	0.038298	0.003276	-0.338486	-0.000190	-0.000009	0.286855	1155.474663	0.729597	4	8	-4	15	10	2.050000	2.000000	4	1	160	164	135	1.608933	3.294199	263.865007	0.038298	44678	20.617443	30.242732	256x256	65536	sparse	Learned	280	4	28	2116	31.893812	0.642727	28.354716	0.998827	0.713145	0.542902	7	7	0.000000	41	2144	32.208573	0.682924	0.998810	28.486505	0.558466	0.686432	4312	32.637903	0.728833	0.999405	31.658448	0.489994	0.684549	0.112557	0.148279	-0.384094	-0.037889	True	0.720569	0.668458	0.707871	28.437892	0.998824	7302
7303.png	0.696234	0.876163	0.933994	0.934238	0.933751	0.998808	28.146028	0.998950	28.596323	1.000000	0.700008	0.712184	30.814040	0.563522	2399	5	7	14	11	2.018519	1.400000	216	218	345.634560	2.874512	0.049265	0.028313	-0.254292	-0.000069	0.000073	0.323877	1044.516802	0.715288	5	7	-2	14	11	2.018519	1.400000	5	1	216	218	191	1.585480	2.874512	345.634560	0.049265	45395	18.922468	27.318049	256x256	65536	sparse	Learned	336	5	27	2273	31.139116	0.614732	28.428364	0.998877	0.676123	0.387374	12	5	0.000000	33	2380	31.398310	0.662918	0.998669	27.877980	0.180245	0.693234	3939	31.763375	0.691249	0.999367	30.757864	0.197481	0.665724	0.167960	0.312635	-0.325076	-0.051210	True	0.727468	0.518091	0.667921	28.400320	0.998877	7303
7305.png	0.624317	0.898611	0.946598	0.929598	0.964232	0.999270	28.193238	0.999235	28.393930	1.000000	0.655272	0.621155	30.490299	0.540203	1998	4	4	11	12	2.000000	1.000000	152	152	254.007143	2.897373	0.050179	0.001110	0.137858	-0.000019	0.000034	0.378033	1061.116695	0.625167	4	4	0	11	12	2.000000	1.000000	4	0	152	152	129	1.671100	2.897373	254.007143	0.050179	45648	22.846847	32.800801	256x256	65536	sparse	Learned	272	4	24	1962	30.826613	0.586134	28.099468	0.999200	0.621967	0.384918	10	2	0.000000	29	1874	30.995904	0.621988	0.999002	27.400471	0.365904	0.565670	4721	31.785071	0.710929	0.999556	31.020553	0.220264	0.612903	0.294462	0.270354	-0.336314	-0.045931	True	0.665460	0.413354	0.623207	28.055380	0.999289	7305
7306.png	0.566929	0.874442	0.933016	0.904734	0.963122	0.998692	28.110381	0.998650	28.523092	1.000000	0.552465	0.511473	30.695183	0.550682	2056	5	5	9	9	2.000000	1.000000	148	148	228.308658	3.728744	0.031630	0.000923	0.152117	-0.000049	0.000120	0.410339	1225.587368	0.592837	5	5	0	9	9	2.000000	1.000000	5	1	148	148	130	1.542626	3.728744	228.308658	0.031630	45562	22.160506	31.875486	256x256	65536	sparse	Learned	268	5	25	2037	30.981348	0.595961	27.999681	0.998531	0.589661	0.319859	11	4	0.000000	32	1958	31.177475	0.634038	0.998321	27.618966	0.438232	0.573319	4238	31.725802	0.696239	0.999195	31.102411	0.277989	0.570968	0.523411	0.232606	-0.286164	-0.045279	True	0.604656	0.309266	0.566007	27.958263	0.998741	7306
7307.png	0.774210	0.893451	0.943728	0.940887	0.946586	0.998919	27.808420	0.999087	28.271460	1.000000	0.734197	0.949153	30.991787	0.574899	2334	4	8	15	9	2.042328	2.000000	189	193	314.149278	3.049582	0.042342	-0.003897	-0.390984	-0.000169	0.000013	0.222604	1077.930212	0.798682	4	8	-4	15	9	2.042328	2.000000	4	2	189	193	165	1.627716	3.049582	314.149278	0.042342	45225	19.376607	28.078835	256x256	65536	sparse	Learned	309	4	27	2306	31.278034	0.621213	28.180314	0.999074	0.777396	0.636993	6	6	0.000000	35	2314	31.555383	0.667987	0.998940	27.740670	0.355964	0.773874	3932	31.912101	0.694572	0.999439	30.627498	0.378115	0.774854	0.091146	0.097204	-0.286248	-0.046314	True	0.758286	0.719729	0.778107	28.199404	0.999088	7307
7308.png	0.658812	0.885714	0.939394	0.934750	0.944084	0.998536	27.711741	0.998730	28.320856	1.000000	0.749676	0.641916	31.144094	0.595615	2471	4	7	17	10	2.032432	1.750000	185	188	312.563492	3.327086	0.049993	0.007051	-0.873483	-0.000308	-0.000047	0.344439	1254.855871	0.664316	4	7	-3	17	10	2.032432	1.750000	4	0	185	188	158	1.662572	3.327086	312.563492	0.049993	45006	18.213679	26.522056	256x256	65536	sparse	Learned	305	4	30	2442	31.701367	0.645109	28.542584	0.998778	0.655561	0.318548	17	10	0.000000	40	2254	31.989298	0.677773	0.998733	28.494629	0.332547	0.663158	3600	32.149108	0.695962	0.999275	30.998768	0.323620	0.647982	-0.221728	0.431128	-0.557273	-0.049494	True	0.659043	0.423050	0.651762	28.585224	0.998844	7308
7309.png	0.619324	0.900579	0.947689	0.953988	0.941473	0.999241	26.675294	0.999534	27.865964	1.000000	0.541594	0.762955	31.237299	0.590825	1779	4	0	0	8	1.933333	0.000000	120	116	174.781746	2.786544	0.032211	0.002493	-0.877092	-0.000255	0.000018	0.371480	829.118490	0.656375	4	0	4	0	8	1.933333	0.000000	4	0	120	116	112	1.506739	2.786544	174.781746	0.032211	44795	25.179876	36.838673	256x256	65536	sparse	Learned	240	4	23	1739	31.516397	0.615360	27.574707	0.999516	0.628520	0.363646	5	0	0.875000	33	1560	31.870062	0.647750	0.999486	27.459053	0.470065	0.613781	5164	32.824511	0.748690	0.999792	32.506780	0.312711	0.618830	0.291257	0.177948	-0.279097	-0.024536	True	0.576838	0.440102	0.616831	27.552385	0.999496	7309
7310.png	0.710380	0.908793	0.952218	0.957346	0.947144	0.998415	27.978515	0.998570	28.431911	1.000000	0.795052	0.570537	30.454225	0.552948	2772	4	9	15	9	2.042194	2.250000	237	242	371.676190	3.293472	0.042735	-0.006318	-0.525027	-0.000225	-0.000014	0.288187	1227.983952	0.723695	4	9	-5	15	9	2.042194	2.250000	4	1	237	242	213	1.535852	3.293472	371.676190	0.042735	45750	16.504329	23.642136	256x256	65536	sparse	Learned	357	4	29	2724	30.922678	0.620301	28.517953	0.998584	0.711813	0.527204	11	12	0.000000	33	2492	31.131484	0.660713	0.998268	27.740996	0.345140	0.680931	3120	31.182793	0.646744	0.998747	29.387282	0.278306	0.699245	-0.086042	0.267848	-0.468453	-0.067353	True	0.809861	0.462056	0.716698	28.503543	0.998640	7310
7311.png	0.559913	0.911365	0.953628	0.962991	0.944444	0.999099	27.713069	0.999348	28.190418	1.000000	0.655272	0.354645	31.710864	0.610149	2051	4	1	3	9	1.963855	0.250000	166	163	234.852814	2.755531	0.030034	0.008165	-0.141008	-0.000176	0.000059	0.434690	960.619450	0.580045	4	1	3	3	9	1.963855	0.250000	4	0	166	163	154	1.440815	2.755531	234.852814	0.030034	44653	21.771331	31.953194	256x256	65536	sparse	Learned	286	4	26	1920	31.895725	0.639129	27.778623	0.999289	0.565310	0.246960	11	0	0.125000	39	1908	32.261851	0.677487	0.999277	28.170709	0.220491	0.522367	4520	32.847852	0.740219	0.999689	32.082411	0.254936	0.598854	0.411795	0.408313	-0.184861	-0.028980	True	0.676967	0.240083	0.551748	27.854077	0.999274	7311
7312.png	0.701547	0.904208	0.949694	0.963740	0.936052	0.999315	27.658307	0.999472	28.036057	1.000000	0.607414	0.631767	31.645225	0.598772	1931	4	2	4	8	1.973510	0.500000	151	149	205.852814	2.484190	0.019860	-0.018487	-0.415119	-0.000165	-0.000041	0.260334	806.155920	0.734906	4	2	2	4	8	1.973510	0.500000	4	0	151	149	139	1.381563	2.484190	205.852814	0.019860	44712	23.154842	33.938892	256x256	65536	sparse	Learned	271	4	27	1905	31.860209	0.631081	28.025182	0.999513	0.739666	0.539757	5	3	0.000000	37	1896	32.079832	0.669388	0.999436	27.816642	0.449356	0.713274	4748	32.796278	0.741932	0.999769	31.914720	0.327238	0.711386	0.010874	0.067657	-0.214984	-0.032309	True	0.622808	0.393469	0.720034	28.073426	0.999481	7312
7313.png	0.690551	0.869151	0.929996	0.941581	0.918692	0.999025	26.926093	0.999291	27.862017	1.000000	0.536987	0.858295	30.970686	0.569480	1747	4	3	5	8	1.982301	0.750000	113	112	166.124892	3.056615	0.044334	-0.021413	-0.513310	-0.000196	0.000066	0.256664	1138.977528	0.759136	4	3	1	5	8	1.982301	0.750000	4	0	113	112	100	1.483258	3.056615	166.124892	0.044334	45195	25.870063	37.513452	256x256	65536	sparse	Learned	233	4	22	1645	31.251079	0.596006	27.347238	0.999225	0.743336	0.425518	7	3	0.000000	31	1608	31.448096	0.632659	0.999155	27.037448	0.352273	0.731783	5413	32.559091	0.748622	0.999710	32.176372	0.365264	0.735385	0.514779	0.111469	-0.280393	-0.026527	True	0.593430	0.509338	0.711965	27.439403	0.999221	7313
7314.png	0.663492	0.885805	0.939445	0.953886	0.925435	0.998905	27.923376	0.999314	28.278450	1.000000	0.593430	0.618680	30.703459	0.544054	1823	4	4	10	11	2.000000	1.000000	131	131	210.651804	2.812204	0.045915	0.002998	-0.031044	-0.000107	0.000095	0.308553	1013.689995	0.683007	4	4	0	10	11	2.000000	1.000000	4	0	131	131	110	1.608029	2.812204	210.651804	0.045915	45589	25.007680	35.949534	256x256	65536	sparse	Learned	251	4	23	1821	30.852977	0.582090	27.813632	0.999220	0.691447	0.375890	7	0	0.625000	30	1816	31.085915	0.622828	0.999083	27.128806	0.501424	0.682362	5000	31.985533	0.722503	0.999607	31.285063	0.259182	0.666932	0.464818	0.217540	-0.149518	-0.038036	True	0.583138	0.360776	0.660494	27.954420	0.999012	7314
7315.png	0.728188	0.907703	0.951619	0.946676	0.956613	0.999211	27.615096	0.999286	27.976541	1.000000	0.680181	0.860923	31.189564	0.583402	2182	4	8	14	8	2.045198	2.000000	177	181	261.894444	2.975081	0.028249	-0.014080	-0.167703	-0.000119	0.000026	0.265944	955.953121	0.742934	4	8	-4	14	8	2.045198	2.000000	4	1	177	181	155	1.446931	2.975081	261.894444	0.028249	45077	20.658570	30.034830	256x256	65536	sparse	Learned	297	4	27	2127	31.499710	0.625498	27.763470	0.999260	0.734056	0.598280	5	5	0.000000	36	2030	31.694226	0.660876	0.999190	27.684461	0.383961	0.708941	4087	32.166353	0.706545	0.999602	30.764411	0.388598	0.720409	0.213071	0.081901	-0.310146	-0.042096	True	0.691181	0.595053	0.742268	27.782799	0.999331	7315
7316.png	0.646998	0.794000	0.885173	0.869660	0.901249	0.998543	28.527394	0.998497	29.015571	1.000000	0.618636	0.646773	30.482620	0.534736	2070	5	14	25	9	2.112500	2.800000	160	169	275.764502	3.243523	0.073584	-0.020866	0.028302	-0.000038	0.000146	0.307103	1324.459076	0.678114	5	14	-9	25	9	2.112500	2.800000	5	1	160	169	126	1.631743	3.243523	275.764502	0.073584	45652	22.054106	31.659903	256x256	65536	sparse	Learned	280	5	24	2031	30.727420	0.583442	28.549285	0.998351	0.692897	0.318414	18	5	0.000000	30	2058	30.999712	0.626608	0.998014	27.887764	0.037268	0.483642	4344	31.613431	0.696340	0.999053	31.019618	0.033358	0.441515	0.466286	0.300221	-0.244800	-0.048706	True	0.645129	0.417252	0.667864	28.499092	0.998581	7316
7317.png	0.670206	0.873418	0.932432	0.919387	0.945853	0.999085	27.246414	0.999166	27.703790	1.000000	0.676967	0.471411	31.011296	0.578324	2200	4	8	14	9	2.047337	2.000000	169	173	272.563492	2.785597	0.034455	0.009916	-0.365739	-0.000166	-0.000016	0.325072	1161.461115	0.689055	4	8	-4	14	9	2.047337	2.000000	4	1	169	173	146	1.575512	2.785597	272.563492	0.034455	45223	20.555909	29.789091	256x256	65536	sparse	Learned	289	4	26	2037	31.371503	0.617558	27.628534	0.999182	0.674928	0.488291	8	3	0.000000	35	2098	31.589115	0.660947	0.999107	27.361836	0.582443	0.651190	4218	32.117841	0.709129	0.999569	30.929734	0.368716	0.666472	0.075256	0.188675	-0.360207	-0.039233	True	0.713495	0.336350	0.660290	27.612153	0.999252	7317
7318.png	0.624050	0.850427	0.919169	0.892377	0.947619	0.999296	28.205136	0.999337	28.483739	1.000000	0.707707	0.933520	31.042196	0.571470	2082	4	7	13	9	2.033708	1.750000	178	181	294.149278	2.444279	0.042501	-0.017669	-0.034208	-0.000081	0.000008	0.306574	934.196949	0.668729	4	7	-3	13	9	2.033708	1.750000	4	2	178	181	156	1.625134	2.444279	294.149278	0.042501	45226	21.722382	31.477426	256x256	65536	sparse	Learned	298	4	26	2027	31.379987	0.613526	28.299208	0.999329	0.693426	0.414656	9	3	0.125000	34	2074	31.584208	0.657561	0.999232	27.763632	0.296318	0.647632	4494	32.216438	0.717738	0.999634	31.328682	0.195046	0.656915	0.184531	0.293051	-0.337792	-0.042056	True	0.742053	0.692721	0.641719	28.239344	0.999377	7318
7319.png	0.729762	0.893735	0.943886	0.970000	0.919141	0.998921	26.753121	0.999253	27.440192	1.000000	0.626561	1.002415	30.282530	0.534329	2087	4	5	7	6	2.012500	1.250000	160	161	230.308658	3.386716	0.023536	-0.030564	-0.282347	-0.000162	0.000099	0.223899	1163.500309	0.776589	4	5	-1	7	6	2.012500	1.250000	4	2	160	161	147	1.430489	3.386716	230.308658	0.023536	45926	22.005750	31.402012	256x256	65536	sparse	Learned	280	4	23	2073	30.503580	0.580476	26.926578	0.999154	0.776101	0.663784	4	5	0.250000	30	2044	30.854332	0.626720	0.999076	26.572506	0.341638	0.742071	4511	31.527446	0.698846	0.999651	30.846995	0.801109	0.778515	0.513614	-0.037223	-0.221050	-0.046147	True	0.673720	0.675348	0.760326	27.035468	0.999083	7319
7320.png	0.622098	0.888199	0.940789	0.921837	0.960537	0.999094	28.764491	0.999085	29.063477	1.000000	0.546155	0.539914	31.004268	0.556498	1694	4	2	8	6	1.963636	0.500000	110	108	164.195959	3.246080	0.043768	-0.001206	0.855814	0.000130	0.000211	0.369327	1143.012047	0.639810	4	2	2	8	6	1.963636	0.500000	4	0	110	108	96	1.520333	3.246080	164.195959	0.043768	45270	26.723731	38.687131	256x256	65536	sparse	Learned	230	4	21	1659	30.920026	0.580269	27.990725	0.998874	0.630673	0.526688	5	2	0.000000	32	1660	31.347243	0.624058	0.998760	27.710328	0.266553	0.598284	5432	32.397482	0.746701	0.999504	31.754568	0.107808	0.612879	1.072751	0.019467	0.084242	-0.023771	True	0.557361	0.300927	0.623304	27.908678	0.998964	7320
7321.png	0.643041	0.870934	0.931015	0.919847	0.942458	0.999039	27.681484	0.999049	27.867318	1.000000	0.597476	0.532079	29.945025	0.521170	2381	5	5	11	14	2.000000	1.000000	195	195	322.672764	2.913830	0.046446	0.004602	0.122112	-0.000082	0.000010	0.360861	1137.535334	0.646193	5	5	0	11	14	2.000000	1.000000	6	0	195	195	170	1.654732	2.913830	322.672764	0.046446	46114	19.367493	27.524570	256x256	65536	sparse	Learned	315	6	25	2313	30.433816	0.584512	27.597631	0.999039	0.639139	0.357036	12	2	0.000000	29	2352	30.677408	0.630405	0.998887	27.008161	0.364917	0.613232	3901	31.080679	0.664450	0.999427	30.087692	0.215118	0.620690	0.269687	0.240440	-0.488791	-0.063342	True	0.689012	0.366609	0.638438	27.559372	0.999120	7321
7322.png	0.720537	0.936500	0.967209	0.972987	0.961499	0.998569	27.391029	0.998746	27.862112	1.000000	0.712059	0.772225	30.224125	0.535805	2498	4	1	3	9	1.968586	0.250000	191	188	296.119841	3.306287	0.042151	0.006588	-0.580237	-0.000223	-0.000031	0.294479	1336.649656	0.732359	4	1	3	3	9	1.968586	0.250000	4	0	191	188	179	1.575106	3.306287	296.119841	0.042151	45955	18.396717	26.235388	256x256	65536	sparse	Learned	311	4	26	2461	30.573328	0.596621	27.950914	0.998777	0.705521	0.435778	13	9	0.000000	29	2262	30.789954	0.637209	0.998417	27.111870	0.558466	0.699811	3726	31.084134	0.657913	0.999084	29.510389	0.487438	0.692711	-0.088802	0.276281	-0.349203	-0.060816	True	0.723349	0.558589	0.713949	27.971266	0.998791	7322
7323.png	0.538399	0.891956	0.942893	0.932399	0.953626	0.999245	28.297850	0.999376	28.730905	1.000000	0.622808	0.472928	31.494888	0.588901	1906	4	4	8	10	2.000000	1.000000	149	149	226.066017	2.800380	0.024658	-0.036086	-0.249869	-0.000118	0.000017	0.424100	1021.470308	0.547812	4	4	0	8	10	2.000000	1.000000	4	0	149	149	131	1.517222	2.800380	226.066017	0.024658	44755	23.481112	34.384050	256x256	65536	sparse	Learned	269	4	25	1785	31.691833	0.618358	28.568890	0.999360	0.575900	0.240083	11	2	0.000000	33	1704	31.887718	0.651752	0.999249	28.197332	0.297071	0.553895	4785	32.650868	0.738405	0.999651	31.804287	0.225637	0.581285	0.162016	0.382725	-0.196945	-0.029457	True	0.626561	0.296318	0.574485	28.547720	0.999363	7323
7324.png	0.662263	0.869364	0.930118	0.918754	0.941766	0.998977	27.122900	0.999199	28.085549	1.000000	0.712059	0.443490	30.307551	0.537825	2299	4	5	11	11	2.010363	1.250000	193	194	294.320851	2.884726	0.037810	0.005963	-0.984877	-0.000334	-0.000046	0.346195	969.811201	0.687177	4	5	-1	11	11	2.010363	1.250000	4	0	193	194	171	1.517118	2.884726	294.320851	0.037810	45795	19.919530	28.506307	256x256	65536	sparse	Learned	313	4	26	2280	30.758335	0.596249	28.065346	0.999245	0.653805	0.574007	6	3	0.000000	31	2236	30.987670	0.639764	0.999142	27.609679	0.224063	0.645281	4054	31.438093	0.682305	0.999528	30.389269	0.200985	0.640823	0.020203	0.138052	-0.450784	-0.058425	True	0.745893	0.330796	0.656300	28.107777	0.999311	7324
7325.png	0.552699	0.900128	0.947439	0.940468	0.954515	0.998643	28.623135	0.998710	28.875039	1.000000	0.619017	0.491990	31.274582	0.577028	1977	4	3	6	9	1.986928	0.750000	153	152	225.379726	3.166214	0.029614	0.005263	0.058736	-0.000060	0.000033	0.454315	1324.848890	0.569865	4	3	1	6	9	1.986928	0.750000	4	0	153	152	138	1.482761	3.166214	225.379726	0.029614	45040	22.781993	33.149216	256x256	65536	sparse	Learned	273	4	26	1948	31.455445	0.613369	28.596358	0.998677	0.545685	0.309266	12	8	0.000000	34	1974	31.694783	0.653903	0.998523	28.367841	0.177702	0.543860	4710	32.397921	0.729941	0.999286	31.696871	0.123659	0.542109	0.278680	0.309751	-0.180863	-0.036341	True	0.651808	0.320683	0.547436	28.564399	0.998703	7325
7326.png	0.583691	0.924006	0.960502	0.962990	0.958027	0.998910	27.368220	0.999002	27.865932	1.000000	0.599483	0.683546	31.396098	0.593123	1947	4	1	5	9	1.955556	0.250000	135	132	208.722871	3.145446	0.023043	-0.012715	-0.635081	-0.000171	0.000015	0.400694	1310.759544	0.598117	4	1	3	5	9	1.955556	0.250000	4	0	135	132	121	1.581234	3.145446	208.722871	0.023043	45006	23.115562	33.659990	256x256	65536	sparse	Learned	255	4	26	1915	31.657200	0.623145	27.976852	0.998988	0.599306	0.451188	5	1	0.375000	36	1906	31.912317	0.663262	0.998919	27.723925	0.611320	0.593772	4851	32.657720	0.741139	0.999506	31.635120	0.317657	0.599720	-0.110920	0.148295	-0.261102	-0.030022	True	0.613259	0.419191	0.596406	28.003301	0.999081	7326
7327.png	0.717708	0.888068	0.940716	0.936526	0.944944	0.999531	26.744661	0.999661	27.449358	1.000000	0.532334	0.821294	30.226095	0.527335	1711	4	1	2	8	1.948718	0.250000	117	114	169.195959	2.665946	0.044624	0.039983	-0.197219	-0.000132	-0.000002	0.290385	770.026207	0.762766	4	1	3	2	8	1.948718	0.250000	4	0	117	114	107	1.484175	2.665946	169.195959	0.044624	45833	26.787259	38.302747	256x256	65536	sparse	Learned	237	4	21	1705	30.536702	0.564145	26.902481	0.999663	0.709615	0.377671	7	2	0.000000	27	1696	30.788324	0.606928	0.999549	26.056301	0.477954	0.703232	5381	31.876235	0.728023	0.999879	31.782083	0.370118	0.697368	0.546877	0.154663	-0.310607	-0.036810	True	0.527633	0.433342	0.677725	26.941880	0.999663	7327
7328.png	0.748299	0.900000	0.947368	0.955959	0.938931	0.998499	27.541470	0.998641	28.195728	1.000000	0.717761	0.702465	30.342361	0.537344	2405	4	5	7	7	2.009950	1.250000	201	202	289.279221	3.422577	0.021931	0.007034	-0.490134	-0.000176	0.000092	0.267318	1184.196234	0.768238	4	5	-1	7	7	2.009950	1.250000	4	1	201	202	187	1.432075	3.422577	289.279221	0.021931	45834	19.057796	27.249896	256x256	65536	sparse	Learned	321	4	26	2387	30.644736	0.597080	28.022533	0.998550	0.732682	0.574007	9	13	0.000000	30	2178	30.887965	0.634571	0.998048	27.122547	0.167363	0.740385	3897	31.288997	0.670797	0.999108	30.196736	0.229334	0.704363	0.173195	0.143753	-0.302375	-0.059737	True	0.748421	0.525740	0.741265	28.031604	0.998674	7328
7329.png	0.652443	0.883019	0.937876	0.926121	0.949932	0.999127	27.926676	0.999182	28.254020	1.000000	0.703290	0.825996	30.367423	0.533977	2060	4	7	15	11	2.034091	1.750000	176	179	279.279221	2.826066	0.037583	0.027839	-0.002209	-0.000111	0.000014	0.347480	1029.425383	0.688474	4	7	-3	15	11	2.034091	1.750000	4	0	176	179	150	1.560219	2.826066	279.279221	0.037583	45717	22.192718	31.813592	256x256	65536	sparse	Learned	296	4	23	1952	30.661216	0.579791	28.011313	0.999169	0.652520	0.529989	8	5	0.000000	29	2054	30.958139	0.626593	0.999034	27.430864	0.167201	0.628022	4457	31.614318	0.698575	0.999587	31.276932	0.118836	0.629553	0.242707	0.173301	-0.293793	-0.045814	True	0.713495	0.589344	0.624604	27.928885	0.999238	7329
7330.png	0.718603	0.930013	0.963738	0.964410	0.963066	0.999083	26.730193	0.999242	27.085641	1.000000	0.673720	0.720082	30.803020	0.574881	2296	4	0	0	8	1.956044	0.000000	182	178	258.936075	2.840016	0.020745	0.025534	-0.354836	-0.000169	-0.000011	0.291250	1096.745253	0.740640	4	0	4	0	8	1.956044	0.000000	4	0	182	178	174	1.454697	2.840016	258.936075	0.020745	45471	19.804443	28.543554	256x256	65536	sparse	Learned	302	4	27	2254	31.229522	0.620728	27.063963	0.999253	0.708750	0.487560	7	2	0.000000	35	2190	31.550569	0.664011	0.999227	27.235154	0.381217	0.696115	3977	31.918855	0.695236	0.999665	30.942769	0.327762	0.712779	0.021678	0.186160	-0.426502	-0.045847	True	0.691181	0.497707	0.693069	27.085028	0.999252	7330
7331.png	0.648869	0.892487	0.943190	0.921739	0.965662	0.999255	27.621511	0.999270	27.870312	1.000000	0.650062	0.627428	31.364525	0.602096	2115	4	5	12	11	2.013158	1.250000	152	153	246.208153	3.124120	0.040864	-0.003883	0.089793	-0.000075	0.000017	0.321343	1052.483797	0.682074	4	5	-1	12	11	2.013158	1.250000	4	1	152	153	129	1.609204	3.124120	246.208153	0.040864	44825	21.193853	30.986288	256x256	65536	sparse	Learned	272	4	27	2024	31.764425	0.637287	27.531208	0.999253	0.678657	0.458973	7	1	0.625000	38	2096	32.044756	0.679342	0.999270	28.012908	0.490480	0.710654	4155	32.503698	0.719983	0.999647	31.529957	0.352735	0.675545	0.339105	0.191089	-0.399900	-0.035190	True	0.691181	0.433666	0.652753	27.531719	0.999329	7331
7332.png	0.628161	0.930808	0.964164	0.965427	0.962905	0.998142	27.575471	0.998435	28.001723	1.000000	0.604656	0.840754	30.958553	0.578228	2357	5	4	8	10	1.988439	0.800000	173	172	259.480231	3.422812	0.047776	0.013861	-0.339746	-0.000112	0.000090	0.381045	1385.041714	0.641141	5	4	1	8	10	1.988439	0.800000	5	0	173	172	155	1.508606	3.422812	259.480231	0.047776	45319	19.227408	27.804837	256x256	65536	sparse	Learned	293	5	28	2346	31.357505	0.627874	27.879419	0.998345	0.618955	0.439083	11	7	0.000000	35	2204	31.565242	0.663322	0.998284	27.889350	0.495630	0.622429	3896	31.945796	0.693962	0.999028	30.862879	0.677428	0.625184	0.122304	0.165574	-0.398952	-0.049645	True	0.623185	0.523945	0.614300	27.915217	0.998254	7332
7333.png	0.682911	0.919820	0.958236	0.963710	0.952824	0.998883	27.723894	0.999081	28.081731	1.000000	0.557803	0.734572	30.682624	0.552996	2136	4	1	3	11	1.963190	0.250000	163	160	243.752157	3.128240	0.019134	-0.001171	0.000033	-0.000085	0.000055	0.295173	1210.427046	0.712249	4	1	3	3	11	1.963190	0.250000	5	0	163	160	149	1.523451	3.128240	243.752157	0.019134	45542	21.321161	30.681648	256x256	65536	sparse	Learned	283	5	25	2067	30.974363	0.597894	27.736796	0.999027	0.704827	0.417252	9	4	0.000000	31	2012	31.176179	0.638762	0.998904	27.441219	0.421124	0.694600	4290	31.720876	0.697509	0.999496	30.885568	0.294430	0.667925	0.344936	0.140551	-0.291739	-0.044898	True	0.578527	0.424970	0.684083	27.723860	0.998969	7333
7334.png	0.641323	0.882048	0.937328	0.931915	0.942804	0.998612	28.715892	0.998600	29.088046	1.000000	0.641204	0.490999	30.772543	0.548579	1935	4	3	5	8	1.986486	0.750000	148	147	223.580736	3.488656	0.035193	0.032141	0.254180	0.000031	0.000231	0.375632	1218.959570	0.661027	4	3	1	5	8	1.986486	0.750000	4	1	148	147	135	1.520957	3.488656	223.580736	0.035193	45459	23.493023	33.868734	256x256	65536	sparse	Learned	268	4	23	1889	30.834866	0.585133	28.481920	0.998369	0.624368	0.319549	12	5	0.000000	30	1720	31.142552	0.618333	0.998039	27.932156	0.133839	0.601099	4866	32.000188	0.721180	0.999154	31.391160	0.038564	0.542807	0.606126	0.321654	-0.062323	-0.036555	True	0.673720	0.330796	0.609183	28.461712	0.998581	7334
7335.png	0.766713	0.900139	0.947445	0.945375	0.949525	0.999097	27.831689	0.999250	28.273518	1.000000	0.604656	0.800803	31.548192	0.600726	2084	5	4	8	11	1.987952	0.800000	166	165	262.450793	2.572107	0.044357	-0.002826	-0.542931	-0.000206	-0.000021	0.216924	929.656982	0.782060	5	4	1	8	11	1.987952	0.800000	5	0	166	165	147	1.590611	2.572107	262.450793	0.044357	44695	21.446737	31.447217	256x256	65536	sparse	Learned	286	5	27	1985	31.828455	0.634310	28.335326	0.999270	0.783076	0.491933	7	0	0.800000	37	2018	32.055293	0.674351	0.999177	27.996171	0.371236	0.751007	4398	32.599760	0.729699	0.999649	31.723102	0.237256	0.754271	-0.061809	0.112723	-0.280263	-0.033585	True	0.612485	0.490480	0.769539	28.374620	0.999303	7335
7336.png	0.595265	0.837004	0.911271	0.899408	0.923451	0.999521	27.434616	0.999648	28.005908	1.000000	0.541594	0.747449	30.425334	0.527644	1686	4	0	0	8	1.937984	0.000000	129	125	172.710678	2.454301	0.026256	0.038553	-0.180700	-0.000100	-0.000003	0.390244	782.908201	0.659353	4	0	4	0	8	1.937984	0.000000	4	0	129	125	121	1.381685	2.454301	172.710678	0.026256	45738	27.128114	38.870700	256x256	65536	sparse	Learned	249	4	21	1639	30.600966	0.560889	27.774493	0.999651	0.609756	0.237468	9	0	0.375000	26	1546	30.826756	0.597878	0.999544	26.759548	0.214944	0.591249	5226	31.882362	0.725347	0.999836	31.294366	0.181269	0.654527	0.231414	0.304126	-0.175632	-0.033245	True	0.539296	0.403097	0.556712	27.615317	0.999621	7336
7337.png	0.769626	0.906891	0.951173	0.934996	0.967919	0.999045	28.486281	0.999049	28.690510	1.000000	0.528577	0.949543	31.543861	0.590740	1840	5	3	4	8	1.972789	0.600000	147	145	207.610173	2.948933	0.037937	0.012072	-0.118630	-0.000090	0.000017	0.241696	1085.356474	0.788210	5	3	2	4	8	1.972789	0.600000	5	1	147	145	135	1.431794	2.948933	207.610173	0.037937	44742	24.316304	35.617391	256x256	65536	sparse	Learned	267	5	25	1818	31.664566	0.618914	28.604347	0.999032	0.758304	0.335021	10	6	0.000000	33	1656	31.911752	0.649641	0.998853	27.999054	0.119506	0.738612	5025	32.825405	0.749278	0.999577	32.339019	0.045260	0.676014	0.086164	0.193556	-0.120705	-0.028174	True	0.550671	0.522886	0.757554	28.604910	0.999135	7337
7339.png	0.751762	0.910922	0.953385	0.942308	0.964725	0.999406	27.633782	0.999498	27.887934	1.000000	0.547062	0.861238	31.129926	0.589092	2150	5	4	8	11	1.987261	0.800000	157	156	231.622366	2.758340	0.026967	0.052524	0.017622	-0.000097	0.000027	0.277083	1037.689686	0.775862	5	4	1	8	11	1.987261	0.800000	5	0	157	156	138	1.484759	2.758340	231.622366	0.026967	45061	20.958605	30.481860	256x256	65536	sparse	Learned	277	5	26	2068	31.480340	0.623983	27.563343	0.999472	0.722917	0.495069	6	2	0.000000	35	1948	31.777175	0.664428	0.999419	27.301225	0.484623	0.725772	4322	32.370853	0.719565	0.999753	31.262565	0.336350	0.723479	0.324592	0.051993	-0.350413	-0.034890	True	0.548870	0.472708	0.699238	27.616160	0.999503	7339
7340.png	0.395501	0.848022	0.917762	0.913987	0.921569	0.998999	28.455469	0.999109	29.037148	1.000000	0.603469	0.225546	31.500358	0.589655	1835	4	5	10	9	2.014184	1.250000	141	142	225.764502	3.049176	0.028852	0.033706	-0.146760	-0.000147	0.000065	0.631236	957.660913	0.406545	4	5	-1	10	9	2.014184	1.250000	4	1	141	142	122	1.589891	3.049176	225.764502	0.028852	44659	24.337330	35.714441	256x256	65536	sparse	Learned	261	4	25	1796	31.663708	0.617876	28.535894	0.999044	0.368764	0.179779	11	0	0.000000	35	1756	31.939454	0.655041	0.998968	28.468350	0.327762	0.386364	4987	32.775919	0.743471	0.999523	32.079696	0.123659	0.473423	0.501254	0.423689	-0.163350	-0.028221	True	0.630277	0.142156	0.361795	28.602229	0.999146	7340
7341.png	0.572692	0.902392	0.948692	0.936445	0.961264	0.999377	28.256685	0.999444	28.840144	1.000000	0.529989	0.437790	31.937074	0.609201	1623	4	0	0	8	1.929825	0.000000	114	110	168.024387	2.822104	0.032131	0.026012	0.188338	-0.000006	0.000105	0.434324	832.863092	0.596663	4	0	4	0	8	1.929825	0.000000	4	0	114	110	106	1.527494	2.822104	168.024387	0.032131	44390	27.350585	40.379544	256x256	65536	sparse	Learned	234	4	23	1521	31.962091	0.624973	28.035341	0.999339	0.565676	0.257327	8	2	0.000000	36	1598	32.257304	0.661477	0.999271	27.833581	0.233342	0.506292	5856	33.529710	0.774003	0.999801	34.184479	0.173041	0.581172	0.804803	0.272662	-0.025017	-0.015772	True	0.534666	0.234072	0.546679	28.068346	0.999382	7341
7342.png	0.724548	0.864162	0.927132	0.923980	0.930305	0.998921	27.889695	0.999173	28.566889	1.000000	0.726102	0.753407	31.452379	0.606213	2251	4	6	13	9	2.021390	1.500000	187	189	303.048773	2.764787	0.047362	0.036548	-0.723588	-0.000245	0.000003	0.322437	995.718956	0.744584	4	6	-2	13	9	2.021390	1.500000	4	1	187	189	165	1.603433	2.764787	303.048773	0.047362	44647	19.834296	29.114171	256x256	65536	sparse	Learned	307	4	29	2191	31.969221	0.648652	28.549336	0.999171	0.677563	0.504517	9	10	0.000000	41	2110	32.226240	0.684114	0.999123	28.489367	0.551953	0.669513	4243	32.662712	0.728212	0.999551	31.737527	0.387696	0.660051	0.017553	0.221585	-0.516841	-0.042439	True	0.736842	0.555142	0.688000	28.613283	0.999166	7342
7343.png	0.729567	0.879951	0.936143	0.938272	0.934023	0.999110	26.254017	0.999415	27.304549	1.000000	0.719168	0.676433	30.093147	0.536120	2420	4	7	12	12	2.031088	1.750000	193	196	307.534055	2.646761	0.027892	0.010298	-1.041533	-0.000320	-0.000023	0.290287	981.018543	0.749543	4	7	-3	12	12	2.031088	1.750000	4	0	193	196	169	1.569051	2.646761	307.534055	0.027892	45983	19.001240	27.080992	256x256	65536	sparse	Learned	313	4	25	2259	30.618733	0.592993	27.305143	0.999438	0.709713	0.513248	7	1	0.125000	30	2310	30.858300	0.642282	0.999322	26.658009	0.559568	0.678788	3921	31.235158	0.673881	0.999648	29.756158	0.404488	0.684296	-0.000594	0.205921	-0.525586	-0.056873	True	0.731526	0.494828	0.719269	27.295550	0.999430	7343
7344.png	0.575882	0.810853	0.895548	0.846964	0.950045	0.999373	28.107619	0.999362	28.350359	1.000000	0.588522	0.551544	31.165620	0.584114	2043	4	0	1	11	1.953757	0.000000	173	169	260.755207	2.412858	0.031612	0.026447	-0.164179	-0.000110	-0.000027	0.400000	829.118967	0.613030	4	0	4	1	11	1.953757	0.000000	5	0	173	169	161	1.542930	2.412858	260.755207	0.031612	44906	21.980421	32.078316	256x256	65536	sparse	Learned	293	5	26	2002	31.566038	0.623157	28.230940	0.999389	0.600000	0.494828	7	0	0.800000	36	2008	31.864850	0.663107	0.999339	28.173883	0.501424	0.573883	4526	32.510425	0.729317	0.999643	31.453212	0.326993	0.588889	0.119419	0.093694	-0.400418	-0.039044	True	0.691181	0.381217	0.549435	28.271797	0.999482	7344
7345.png	0.587740	0.873864	0.932686	0.903643	0.963659	0.999595	27.822424	0.999631	28.097870	1.000000	0.534666	0.555303	31.304564	0.575721	1682	4	1	3	9	1.946903	0.250000	113	110	169.882251	2.390289	0.040241	-0.002703	0.274872	0.000000	0.000047	0.394912	845.291376	0.593968	4	1	3	3	9	1.946903	0.250000	4	0	113	110	101	1.544384	2.390289	169.882251	0.040241	44971	26.736623	38.963139	256x256	65536	sparse	Learned	233	4	22	1601	31.389234	0.597524	27.615900	0.999585	0.605088	0.360243	6	0	0.750000	32	1672	31.643641	0.640260	0.999532	27.201322	0.372911	0.598889	5472	32.755956	0.752669	0.999828	32.150193	0.299216	0.605587	0.481969	0.174423	-0.084670	-0.021804	True	0.529989	0.294304	0.590444	27.547552	0.999595	7345
7346.png	0.592240	0.834651	0.909875	0.923628	0.896525	0.999173	28.008897	0.999400	28.541868	1.000000	0.673720	0.426257	30.640272	0.543254	1941	3	8	16	11	2.064516	2.666667	155	160	255.237590	2.513509	0.049942	-0.000432	-0.046307	-0.000098	0.000078	0.377513	1078.833103	0.641321	3	8	-5	16	11	2.064516	2.666667	4	0	155	160	128	1.595235	2.513509	255.237590	0.049942	45551	23.467800	33.764039	256x256	65536	sparse	Learned	277	4	24	1938	30.892451	0.587608	27.945281	0.999322	0.622487	0.230049	14	1	0.000000	29	1872	31.074722	0.622694	0.999154	27.230741	0.243053	0.597907	4562	31.820454	0.707686	0.999660	31.018135	0.133064	0.634909	0.596587	0.443671	-0.252178	-0.044354	True	0.703290	0.299782	0.592672	28.055204	0.999272	7346
7347.png	0.746591	0.891525	0.942652	0.925513	0.960438	0.999142	28.244169	0.999123	28.519304	1.000000	0.726102	0.889019	30.758492	0.556750	2338	4	5	9	8	2.010050	1.250000	199	200	296.583634	3.001358	0.037146	-0.012738	-0.045541	-0.000072	-0.000022	0.248811	921.624660	0.739323	4	5	-1	9	8	2.010050	1.250000	4	1	199	200	182	1.482918	3.001358	296.583634	0.037146	45405	19.420445	28.030796	256x256	65536	sparse	Learned	319	4	26	2168	31.062392	0.605698	28.395544	0.999144	0.751189	0.550671	8	5	0.000000	32	2150	31.293294	0.647830	0.999000	27.791498	0.173308	0.750644	4145	31.760385	0.697038	0.999458	30.637930	0.173959	0.719938	0.123760	0.175431	-0.303901	-0.048948	True	0.635052	0.564573	0.759329	28.289710	0.999214	7347
7348.png	0.759098	0.921429	0.959108	0.953437	0.964847	0.999242	27.147496	0.999389	27.643291	1.000000	0.554251	0.661434	30.362828	0.535549	2147	5	1	3	11	1.951220	0.200000	164	160	226.166522	2.985494	0.027006	0.012949	0.016374	-0.000074	0.000064	0.251333	1026.167154	0.778509	5	1	4	3	11	1.951220	0.200000	5	0	164	160	150	1.413541	2.985494	226.166522	0.027006	45920	21.387983	30.524453	256x256	65536	sparse	Learned	284	5	23	2062	30.524546	0.580249	27.158674	0.999325	0.748667	0.393469	8	3	0.000000	30	2026	30.880116	0.626284	0.999193	26.609005	0.425928	0.750503	4331	31.450048	0.689289	0.999671	30.596111	0.415955	0.741784	0.484617	0.160782	-0.161718	-0.044700	True	0.559568	0.370118	0.746149	27.131122	0.999316	7348
7349.png	0.642857	0.879761	0.936035	0.934142	0.937935	0.998904	27.932267	0.999096	28.221269	1.000000	0.678899	0.594732	30.972230	0.573462	2301	5	6	13	12	2.009804	1.200000	204	205	324.007143	2.777655	0.037761	0.006405	-0.249978	-0.000151	-0.000025	0.359337	934.337854	0.657189	5	6	-1	13	12	2.009804	1.200000	5	1	204	205	179	1.580523	2.777655	324.007143	0.037761	45242	19.661886	28.481530	256x256	65536	sparse	Learned	324	5	28	2276	31.348199	0.623475	28.168500	0.999121	0.640663	0.375890	14	9	0.000000	34	2132	31.550979	0.659671	0.998980	27.738163	0.406559	0.631424	3865	31.932693	0.695361	0.999477	30.843352	0.212947	0.634550	0.052769	0.303009	-0.375969	-0.050014	True	0.687765	0.409036	0.636452	28.182245	0.999055	7349
7350.png	0.679479	0.843546	0.915134	0.896743	0.934296	0.999275	27.085174	0.999435	27.652631	1.000000	0.637960	0.690164	29.914525	0.523447	2305	5	3	7	11	1.979899	0.600000	199	197	285.279221	2.544779	0.030038	0.064815	-0.314735	-0.000170	0.000043	0.360593	838.540077	0.724003	5	3	2	7	11	1.979899	0.600000	5	0	199	197	181	1.448118	2.544779	285.279221	0.030038	46000	19.956616	28.432104	256x256	65536	sparse	Learned	319	5	24	2103	30.503249	0.579887	27.318199	0.999391	0.639407	0.378115	12	5	0.000000	28	2096	30.690491	0.621346	0.999269	26.627847	0.430217	0.598039	4001	31.196358	0.670813	0.999639	30.003106	0.192954	0.623969	0.334432	0.259845	-0.588724	-0.056440	True	0.574007	0.396159	0.614664	27.399909	0.999445	7350
7351.png	0.660807	0.864562	0.927362	0.930921	0.923830	0.999494	26.914057	0.999666	27.755121	1.000000	0.543880	0.576493	30.159953	0.519077	1737	4	1	3	9	1.950820	0.250000	122	119	177.195959	2.537827	0.033036	0.001154	-0.465449	-0.000151	0.000015	0.309635	915.856838	0.719355	4	1	3	3	9	1.950820	0.250000	4	0	122	119	110	1.489042	2.537827	177.195959	0.033036	45962	26.460564	37.729419	256x256	65536	sparse	Learned	242	4	21	1721	30.423889	0.558242	27.351509	0.999651	0.690365	0.341073	7	2	0.000000	26	1660	30.655112	0.596000	0.999570	26.521165	0.351656	0.677483	5094	31.675965	0.715504	0.999853	31.495055	0.268646	0.676580	0.403612	0.202807	-0.263935	-0.039165	True	0.555142	0.320035	0.659652	27.379506	0.999645	7351
7352.png	0.728334	0.886228	0.939683	0.925578	0.954223	0.998859	28.525721	0.998865	28.753739	1.000000	0.571729	1.016694	31.538473	0.595412	2023	5	6	10	9	2.012821	1.200000	156	157	240.208153	3.258312	0.051716	-0.000610	0.001272	-0.000075	-0.000003	0.280325	1183.673382	0.728097	5	6	-1	10	9	2.012821	1.200000	5	1	156	157	137	1.529988	3.258312	240.208153	0.051716	44709	22.100346	32.395452	256x256	65536	sparse	Learned	276	5	26	1893	31.761247	0.626956	28.574067	0.998868	0.719675	0.509992	6	6	0.000000	37	1978	32.006446	0.669803	0.998754	28.319933	0.405479	0.733411	4692	32.687785	0.738788	0.999438	31.926663	0.238146	0.696636	0.179671	0.061737	-0.222773	-0.031544	True	0.586873	0.596670	0.728944	28.524449	0.998934	7352
7353.png	0.608079	0.894022	0.944046	0.938391	0.949769	0.998968	27.344819	0.999223	28.166570	1.000000	0.683996	0.411660	30.474275	0.556840	2438	5	8	14	10	2.028708	1.600000	209	212	332.320851	2.731234	0.030792	0.001611	-0.623832	-0.000253	0.000012	0.405299	905.023575	0.623085	5	8	-3	14	10	2.028708	1.600000	5	1	209	212	185	1.567551	2.731234	332.320851	0.030792	45563	18.688679	26.881050	256x256	65536	sparse	Learned	329	5	27	2434	30.992074	0.615284	28.042058	0.999211	0.594701	0.373554	13	6	0.000000	32	2256	31.252577	0.652255	0.999129	27.666451	0.394571	0.559124	3688	31.535666	0.676900	0.999505	30.197546	0.212248	0.594568	0.124512	0.310442	-0.517799	-0.058444	True	0.704770	0.290125	0.606468	27.968651	0.999222	7353
7354.png	0.681219	0.902409	0.948701	0.935648	0.962125	0.997967	28.380221	0.997850	28.682168	1.000000	0.653544	0.959882	30.386205	0.536605	2312	5	12	26	11	2.081871	2.400000	171	178	306.877200	4.185052	0.056218	-0.025635	0.129281	0.000034	0.000189	0.294476	1510.643244	0.683719	5	12	-7	26	11	2.081871	2.400000	5	1	171	178	134	1.724029	4.185052	306.877200	0.056218	45823	19.819637	28.346021	256x256	65536	sparse	Learned	291	5	25	2170	30.694569	0.588962	28.258407	0.997661	0.705524	0.605884	9	12	0.000000	30	2168	30.897568	0.630560	0.997228	27.610233	0.123823	0.658293	4085	31.370321	0.680655	0.998527	30.383101	0.064821	0.669856	0.423762	0.047660	-0.308364	-0.052358	True	0.664455	0.637799	0.706854	28.250940	0.997933	7354
7355.png	0.703626	0.913136	0.954596	0.956361	0.952837	0.999213	26.607200	0.999417	27.302255	1.000000	0.676967	0.780802	30.936107	0.575969	2183	4	5	12	11	2.011834	1.250000	169	170	261.521861	2.660564	0.037046	0.002002	-0.554094	-0.000187	0.000006	0.306343	869.207144	0.720536	4	5	-1	12	11	2.011834	1.250000	4	0	169	170	146	1.538364	2.660564	261.521861	0.037046	45359	20.778287	30.021072	256x256	65536	sparse	Learned	289	4	26	2103	31.303610	0.615926	27.154771	0.999411	0.693657	0.451188	6	0	0.750000	35	2116	31.556957	0.658716	0.999357	27.193013	0.613259	0.687881	4285	32.058410	0.705621	0.999699	30.990831	0.514868	0.700470	0.147485	0.225778	-0.367503	-0.039957	True	0.676967	0.528577	0.701624	27.161294	0.999399	7355
7356.png	0.756180	0.878685	0.935426	0.938080	0.932786	0.998874	27.228142	0.999133	27.967068	1.000000	0.728556	0.871277	30.556344	0.560797	2598	5	10	14	11	2.044444	2.000000	225	230	389.060967	2.729831	0.047905	-0.005077	-0.702180	-0.000270	-0.000004	0.254545	1062.668800	0.767123	5	10	-5	14	11	2.044444	2.000000	5	2	225	230	200	1.691569	2.729831	389.060967	0.047905	45575	17.542340	25.225558	256x256	65536	sparse	Learned	345	5	29	2585	31.107006	0.623791	27.963035	0.999137	0.745455	0.558466	8	3	0.450000	35	2458	31.291752	0.664237	0.999032	27.466525	0.509338	0.707038	3596	31.500465	0.671193	0.999437	30.006085	0.402729	0.729455	0.004033	0.170090	-0.550663	-0.062994	True	0.751422	0.654697	0.761257	27.930322	0.999144	7356
7357.png	0.619531	0.847590	0.917509	0.873913	0.965683	0.999212	27.712447	0.999161	28.079067	1.000000	0.714924	0.444894	30.319009	0.533217	2281	4	6	12	10	2.020619	1.500000	194	196	296.906638	2.839929	0.031525	0.039085	0.011204	-0.000055	0.000044	0.423413	1063.222170	0.612269	4	6	-2	12	10	2.020619	1.500000	4	1	194	196	172	1.514830	2.839929	296.906638	0.031525	45849	20.100395	28.731258	256x256	65536	sparse	Learned	314	4	25	2157	30.693720	0.586986	27.809148	0.999117	0.576587	0.278676	15	3	0.000000	30	2172	30.915873	0.630168	0.998966	27.173134	0.219250	0.515403	4143	31.406841	0.681043	0.999476	30.403169	0.168064	0.586108	0.269919	0.436248	-0.374711	-0.053769	True	0.723349	0.321814	0.580446	27.701242	0.999267	7357
7358.png	0.755760	0.880694	0.936563	0.902222	0.973621	0.999646	27.253792	0.999666	27.662286	1.000000	0.483149	0.620778	30.411275	0.538264	1927	5	0	0	10	1.923077	0.000000	130	125	193.965512	2.223894	0.033819	0.044031	-0.326961	-0.000061	-0.000007	0.259007	703.389645	0.754967	5	0	5	0	10	1.923077	0.000000	5	0	130	125	120	1.551724	2.223894	193.965512	0.033819	45749	23.741048	34.009341	256x256	65536	sparse	Learned	250	5	23	1893	30.790964	0.581273	27.537231	0.999673	0.740993	0.305418	9	0	0.600000	28	1904	30.983562	0.622021	0.999627	27.000399	0.399504	0.705104	4772	31.783159	0.711289	0.999827	30.910500	0.268646	0.728137	0.125055	0.177731	-0.379689	-0.043009	True	0.495405	0.307537	0.711730	27.580753	0.999708	7358
7359.png	0.560606	0.905095	0.950184	0.937888	0.962806	0.999372	27.589660	0.999430	27.732859	1.000000	0.483149	0.514847	31.443789	0.591276	1692	4	0	0	8	1.923077	0.000000	104	100	152.024387	2.998888	0.033879	-0.001479	0.492785	0.000000	0.000072	0.402101	1038.217783	0.592292	4	0	4	0	8	1.923077	0.000000	4	0	104	100	96	1.520244	2.998888	152.024387	0.033879	44780	26.465721	38.732861	256x256	65536	sparse	Learned	224	4	22	1587	31.631963	0.611263	27.090961	0.999358	0.597899	0.245894	9	0	0.375000	34	1600	31.901013	0.646167	0.999335	27.612051	0.309266	0.586978	5488	33.005069	0.758362	0.999787	32.834168	0.235092	0.600577	0.641898	0.237255	-0.188174	-0.019987	True	0.503415	0.259182	0.562085	27.096875	0.999371	7359
7360.png	0.766998	0.914286	0.955224	0.952534	0.957929	0.999354	27.966492	0.999460	28.341260	1.000000	0.541594	0.905633	30.210472	0.520116	1951	5	2	4	11	1.958042	0.400000	143	140	221.409163	2.865079	0.046849	0.010551	0.241238	-0.000052	0.000075	0.220695	1045.609951	0.794277	5	2	3	4	11	1.958042	0.400000	5	0	143	140	128	1.581494	2.865079	221.409163	0.046849	46026	23.590979	33.590979	256x256	65536	sparse	Learned	263	5	22	1916	30.318740	0.562671	27.663181	0.999385	0.779305	0.519695	6	7	0.000000	26	1838	30.618348	0.607472	0.999180	26.583678	0.235529	0.757662	4765	31.439587	0.701555	0.999693	30.723938	0.169934	0.748054	0.678078	0.021899	-0.108268	-0.042556	True	0.561327	0.508356	0.756447	27.725254	0.999406	7360
7361.png	0.596652	0.875653	0.933705	0.920879	0.946893	0.998791	28.604129	0.998786	28.857415	1.000000	0.554506	0.459595	30.642983	0.552853	2436	6	0	0	14	1.943925	0.000000	214	208	332.119841	2.659104	0.031226	-0.017569	-0.252913	-0.000136	-0.000077	0.382587	1151.492357	0.605446	6	0	6	0	14	1.943925	0.000000	7	0	214	208	200	1.596730	2.659104	332.119841	0.031226	45509	18.681856	26.903120	256x256	65536	sparse	Learned	334	7	27	2359	31.023049	0.609962	28.914425	0.998863	0.617413	0.283946	20	2	0.000000	33	2380	31.258449	0.657034	0.998601	28.188019	0.088033	0.552810	3720	31.535180	0.676450	0.999107	30.354106	0.075165	0.600465	-0.057010	0.270560	-0.380066	-0.057109	True	0.571974	0.262877	0.614221	28.857042	0.998927	7361
7362.png	0.594537	0.920829	0.958783	0.953245	0.964385	0.998521	28.374874	0.998518	28.743738	1.000000	0.689633	0.483629	30.571162	0.543091	2244	4	7	14	8	2.034884	1.750000	172	175	262.208153	3.531222	0.038140	0.020233	0.006654	-0.000069	0.000104	0.422188	1365.816593	0.605785	4	7	-3	14	8	2.034884	1.750000	4	0	172	175	150	1.498332	3.531222	262.208153	0.038140	45668	20.351159	29.204991	256x256	65536	sparse	Learned	292	4	26	2229	30.883962	0.597437	28.398991	0.998414	0.577812	0.483149	9	6	0.000000	30	2240	31.054580	0.640563	0.997885	27.533308	0.209788	0.576766	4203	31.576129	0.689625	0.998917	30.411284	0.170648	0.566057	0.344747	0.206484	-0.312800	-0.054347	True	0.703290	0.340131	0.574303	28.368220	0.998590	7362
7363.png	0.778020	0.855485	0.922115	0.873922	0.975933	0.999599	27.465784	0.999573	27.762555	1.000000	0.522886	0.983213	30.084229	0.517747	1721	4	0	1	7	1.932203	0.000000	118	114	158.468037	2.642585	0.024486	0.096122	0.422812	-0.000016	0.000033	0.248258	941.899061	0.822105	4	0	4	1	7	1.932203	0.000000	4	0	118	114	110	1.390071	2.642585	158.468037	0.024486	45936	26.691458	38.080186	256x256	65536	sparse	Learned	238	4	20	1601	30.460602	0.551801	27.089856	0.999540	0.751742	0.410554	7	3	0.000000	26	1656	30.672158	0.596878	0.999453	26.673168	0.240083	0.751107	5455	31.800754	0.728691	0.999830	31.498040	0.176740	0.710194	0.672699	0.112333	-0.376373	-0.034054	True	0.546155	0.536987	0.681898	27.042972	0.999615	7363
7364.png	0.785613	0.912040	0.953997	0.957608	0.950413	0.999220	26.267249	0.999431	26.825876	1.000000	0.548870	0.987833	30.488628	0.556119	2174	5	3	5	11	1.974843	0.600000	159	157	227.551299	2.819024	0.029791	0.019457	-0.747148	-0.000256	-0.000056	0.213126	997.223377	0.818645	5	3	2	5	11	1.974843	0.600000	5	0	159	157	143	1.449371	2.819024	227.551299	0.029791	45664	21.004600	30.145354	256x256	65536	sparse	Learned	279	5	25	2157	30.946333	0.604152	26.982982	0.999487	0.786874	0.503415	6	4	0.000000	33	2172	31.230904	0.649531	0.999451	26.933216	0.554251	0.769701	4334	31.769213	0.699868	0.999775	30.824558	0.489022	0.778375	-0.157106	0.045455	-0.457704	-0.048033	True	0.570013	0.563078	0.766156	27.014397	0.999475	7364
7365.png	0.801549	0.898711	0.946654	0.951886	0.941479	0.999081	26.327459	0.999385	27.211345	1.000000	0.627679	0.779365	29.932115	0.528385	2407	5	4	8	12	1.989130	0.800000	184	183	278.936075	2.772025	0.034583	0.071891	-0.601564	-0.000307	0.000011	0.262851	1100.369930	0.837408	5	4	1	8	12	1.989130	0.800000	5	0	184	183	164	1.524241	2.772025	278.936075	0.034583	46168	19.180723	27.227254	256x256	65536	sparse	Learned	304	5	25	2403	30.417701	0.591549	26.910521	0.999374	0.737149	0.592073	6	4	0.000000	30	2274	30.698308	0.635491	0.999268	26.490467	0.542902	0.736246	3799	31.088087	0.662601	0.999687	29.965546	0.342953	0.735889	0.300825	0.035607	-0.485586	-0.063164	True	0.642278	0.500569	0.729659	26.929023	0.999388	7365
7367.png	0.637876	0.883473	0.938132	0.926013	0.950573	0.999098	27.800414	0.999221	28.141537	1.000000	0.663110	0.534015	30.168430	0.529275	2315	5	4	10	13	1.988827	0.800000	179	178	319.776695	2.687805	0.059746	0.026142	0.066368	-0.000039	0.000070	0.382911	969.051600	0.657923	5	4	1	10	13	1.988827	0.800000	5	0	179	178	156	1.796498	2.687805	319.776695	0.059746	45973	19.858747	28.309287	256x256	65536	sparse	Learned	299	5	24	2116	30.512926	0.580757	27.736138	0.999152	0.617089	0.431071	10	3	0.000000	28	2152	30.737355	0.627280	0.998995	27.014797	0.416085	0.584270	4092	31.214898	0.672971	0.999436	29.903220	0.182131	0.631988	0.405398	0.232039	-0.344497	-0.051482	True	0.686514	0.366609	0.611733	27.734045	0.999137	7367
7368.png	0.632721	0.904394	0.949797	0.936079	0.963924	0.999000	27.662802	0.999027	28.028858	1.000000	0.642993	0.538827	31.554408	0.611995	2164	4	2	4	9	1.974522	0.500000	157	155	236.936075	3.267167	0.030536	-0.014933	-0.330965	-0.000045	0.000054	0.360502	1215.613604	0.631637	4	2	2	4	9	1.974522	0.500000	4	0	157	155	144	1.528620	3.267167	236.936075	0.030536	44651	20.633549	30.284658	256x256	65536	sparse	Learned	277	4	28	2095	31.945717	0.648086	27.988434	0.998973	0.639498	0.455561	10	11	0.000000	43	2146	32.310472	0.688882	0.999115	28.729694	0.360243	0.614090	4378	32.779717	0.732284	0.999524	31.821083	0.309893	0.634159	0.040424	0.187432	-0.391309	-0.036091	True	0.667129	0.359467	0.647655	27.993767	0.999045	7368
7369.png	0.626682	0.909252	0.952469	0.945466	0.959577	0.998750	28.086703	0.998722	28.461186	1.000000	0.591801	0.659166	31.020644	0.574663	2190	5	6	11	10	2.012121	1.200000	165	166	254.137085	3.152777	0.049953	-0.023702	-0.085948	-0.000042	0.000070	0.330028	1203.215122	0.664095	5	6	-1	11	10	2.012121	1.200000	5	1	165	166	144	1.530946	3.152777	254.137085	0.049953	45195	20.636986	29.925114	256x256	65536	sparse	Learned	285	5	26	2077	31.350552	0.616869	28.204310	0.998652	0.669972	0.322943	14	5	0.000000	35	2084	31.594919	0.656639	0.998528	27.919570	0.395488	0.645514	4235	32.092470	0.708864	0.999321	31.248929	0.314948	0.626849	0.256876	0.268858	-0.329908	-0.042206	True	0.627679	0.413745	0.650384	28.172651	0.998792	7369
7370.png	0.613974	0.907416	0.951461	0.967259	0.936170	0.998070	27.717239	0.998475	28.229894	1.000000	0.723349	0.485456	30.934186	0.580708	2490	4	6	11	11	2.021858	1.500000	183	185	298.078210	3.681651	0.047718	0.000904	-0.338969	-0.000205	0.000049	0.379842	1418.273687	0.640271	4	6	-2	11	11	2.021858	1.500000	4	0	183	185	161	1.611234	3.681651	298.078210	0.047718	45339	18.208434	26.319679	256x256	65536	sparse	Learned	303	4	28	2399	31.334163	0.630518	28.022376	0.998426	0.620158	0.510808	8	4	0.000000	37	2344	31.599272	0.671681	0.998328	27.963577	0.368716	0.626918	3757	31.855891	0.688318	0.999109	30.745349	0.342014	0.599912	0.207518	0.212542	-0.399977	-0.049811	True	0.766600	0.372150	0.613070	28.056208	0.998275	7370
7371.png	0.755139	0.912281	0.954128	0.966543	0.942029	0.999352	26.492510	0.999534	27.304324	1.000000	0.503415	0.641612	30.527039	0.540220	1779	4	1	3	9	1.943396	0.250000	106	103	158.953319	3.127280	0.039293	0.020428	-0.184776	-0.000105	0.000036	0.271285	867.597580	0.789279	4	1	3	3	9	1.943396	0.250000	4	0	106	103	94	1.543236	3.127280	158.953319	0.039293	45680	25.677347	36.838673	256x256	65536	sparse	Learned	226	4	21	1778	30.559290	0.570244	26.702921	0.999498	0.728715	0.395488	6	1	0.250000	27	1738	30.904774	0.614005	0.999383	26.026320	0.435604	0.705236	5205	31.959773	0.725617	0.999806	31.270807	0.305418	0.741019	0.601403	0.107927	-0.032251	-0.030024	True	0.546155	0.350420	0.734711	26.677285	0.999457	7371
7372.png	0.608173	0.861809	0.925776	0.927027	0.924528	0.998913	28.014558	0.999060	28.369796	1.000000	0.664455	0.762656	30.622416	0.556495	2363	5	7	16	13	2.020408	1.400000	196	198	322.220346	3.063567	0.046196	-0.011817	-0.100215	-0.000181	0.000022	0.336081	1093.549252	0.648569	5	7	-2	16	13	2.020408	1.400000	5	1	196	198	167	1.627375	3.063567	322.220346	0.046196	45531	19.268303	27.734236	256x256	65536	sparse	Learned	316	5	26	2182	31.022459	0.606858	28.002158	0.999038	0.663919	0.409788	11	7	0.000000	33	2154	31.232592	0.646709	0.998988	27.801351	0.464441	0.651625	3820	31.614798	0.682252	0.999473	30.606830	0.306959	0.658185	0.367638	0.254668	-0.400042	-0.050364	True	0.692721	0.528308	0.619991	28.114773	0.999093	7372
7373.png	0.749856	0.895444	0.944838	0.941068	0.948639	0.998863	28.329869	0.998915	28.700929	1.000000	0.678578	0.844116	31.138893	0.574362	2092	4	3	8	9	1.987654	0.750000	162	161	263.806133	3.024413	0.046194	0.002901	-0.134465	-0.000108	0.000011	0.266010	1170.306444	0.761410	4	3	1	8	9	1.987654	0.750000	4	0	162	161	145	1.638547	3.024413	263.806133	0.046194	45132	21.573614	31.326960	256x256	65536	sparse	Learned	282	4	26	2011	31.406537	0.614474	28.477709	0.998904	0.733990	0.542739	8	10	0.000000	34	2066	31.600143	0.654344	0.998764	28.046632	0.169777	0.703784	4474	32.246042	0.720165	0.999451	31.610068	0.063377	0.672934	0.223219	0.135839	-0.267644	-0.040111	True	0.683363	0.576838	0.746955	28.464334	0.998971	7373
7374.png	0.764168	0.916742	0.956563	0.953861	0.959280	0.999348	27.659725	0.999427	28.095747	1.000000	0.532334	0.802699	31.257192	0.573467	1706	4	3	5	9	1.981982	0.750000	111	110	178.409163	2.931351	0.045214	0.002935	0.377730	0.000020	0.000110	0.245844	991.368055	0.774519	4	3	1	5	9	1.981982	0.750000	4	0	111	110	97	1.621901	2.931351	178.409163	0.045214	45073	26.420281	38.415006	256x256	65536	sparse	Learned	231	4	22	1591	31.336508	0.594580	27.268714	0.999317	0.754156	0.613259	4	5	0.000000	31	1538	31.549346	0.631673	0.999322	27.366957	0.407176	0.787326	5384	32.651620	0.750758	0.999757	32.200385	0.253056	0.737619	0.827033	-0.080925	-0.079316	-0.021113	True	0.552912	0.443822	0.761233	27.281995	0.999329	7374
7375.png	0.758397	0.896951	0.945676	0.944629	0.946726	0.999485	26.444304	0.999665	27.140515	1.000000	0.566126	0.678605	30.802483	0.562529	1900	4	2	4	9	1.968992	0.500000	129	127	195.651804	2.414472	0.032063	0.032983	-0.818597	-0.000178	0.000011	0.269268	796.405554	0.787679	4	2	2	4	9	1.968992	0.500000	4	0	129	127	116	1.540565	2.414472	195.651804	0.032063	45342	23.864211	34.492632	256x256	65536	sparse	Learned	249	4	23	1799	31.158141	0.596006	27.198526	0.999654	0.730732	0.446780	5	0	0.875000	32	1884	31.403476	0.636688	0.999594	26.631183	0.322943	0.732490	4686	32.134774	0.717429	0.999855	31.223448	0.277801	0.725838	-0.058011	0.119345	-0.355659	-0.033477	True	0.561765	0.381217	0.725414	27.262901	0.999663	7375
7376.png	0.659230	0.918121	0.957313	0.950880	0.963833	0.998536	27.710670	0.998725	28.303448	1.000000	0.717478	0.947169	31.344556	0.608692	2791	5	11	19	10	2.052402	2.200000	229	235	371.404112	3.011354	0.055752	-0.026339	-0.743032	-0.000285	-0.000059	0.312158	1126.006365	0.674113	5	11	-6	19	10	2.052402	2.200000	5	1	229	235	200	1.580443	3.011354	371.404112	0.055752	45065	16.146542	23.481190	256x256	65536	sparse	Learned	349	5	32	2719	31.818133	0.660167	28.425314	0.998784	0.687842	0.503415	13	19	0.000000	42	2594	32.148850	0.702099	0.998745	28.480453	0.582189	0.695097	3131	32.109420	0.682308	0.999178	30.741030	0.489751	0.661895	-0.121866	0.214064	-0.473577	-0.051475	True	0.653544	0.619017	0.685569	28.453702	0.998820	7376
7377.png	0.521439	0.844552	0.915726	0.929638	0.902225	0.998668	28.301647	0.998890	28.774196	1.000000	0.752167	0.358551	30.825206	0.562739	2239	4	9	17	6	2.051282	2.250000	195	200	317.220346	2.981887	0.051178	-0.010557	-0.315987	-0.000224	-0.000012	0.453117	1075.222969	0.549080	4	9	-5	17	6	2.051282	2.250000	4	1	195	200	172	1.586102	2.981887	317.220346	0.051178	45302	20.233140	29.270210	256x256	65536	sparse	Learned	315	4	27	2152	31.244423	0.610921	28.662365	0.998902	0.546883	0.276082	13	5	0.000000	34	2150	31.474165	0.652216	0.998792	28.290331	0.319859	0.555718	3950	31.845873	0.693312	0.999329	31.111894	0.212161	0.534321	0.111831	0.476085	-0.419217	-0.048182	True	0.782379	0.280523	0.531996	28.617635	0.998893	7377
7378.png	0.550032	0.902049	0.948502	0.948183	0.948822	0.998725	28.669476	0.998847	28.763117	1.000000	0.609372	0.583533	30.939131	0.558763	1957	4	1	4	10	1.958333	0.250000	144	141	214.823376	3.287374	0.037257	0.023650	0.370332	0.000094	0.000137	0.450605	1194.669962	0.578845	4	1	3	4	10	1.958333	0.250000	4	0	144	141	130	1.523570	3.287374	214.823376	0.037257	45306	23.150741	33.487992	256x256	65536	sparse	Learned	264	4	24	1848	31.133898	0.594160	28.306204	0.998710	0.549395	0.414331	8	5	0.000000	32	1864	31.363868	0.635893	0.998434	27.740267	0.314769	0.562145	4745	32.110659	0.720101	0.999265	31.333029	0.174465	0.570891	0.456913	0.195041	-0.194768	-0.035397	True	0.644774	0.376246	0.526382	28.299144	0.998631	7378
7379.png	0.586911	0.882678	0.937683	0.906449	0.971147	0.999027	27.878598	0.998994	28.219468	1.000000	0.557803	0.442049	31.613815	0.611424	2037	5	1	3	9	1.947020	0.200000	151	147	220.409163	3.058322	0.031529	0.017800	-0.325600	-0.000140	-0.000037	0.413140	1088.130713	0.604508	5	1	4	3	9	1.947020	0.200000	5	0	151	147	139	1.499382	3.058322	220.409163	0.031529	44554	21.872361	32.172803	256x256	65536	sparse	Learned	271	5	27	2028	31.898226	0.642854	28.268770	0.999032	0.586860	0.288230	11	1	0.000000	40	1950	32.248762	0.680322	0.999090	28.529715	0.219824	0.582286	4573	32.917477	0.742265	0.999506	31.747079	0.227018	0.587616	-0.049302	0.269573	-0.284411	-0.031430	True	0.552465	0.244216	0.569111	28.204198	0.999168	7379
7380.png	0.865326	0.930717	0.964116	0.966879	0.961368	0.998740	27.067964	0.999089	27.843633	1.000000	0.644774	1.094639	31.225133	0.590176	2258	4	6	11	9	2.025157	1.500000	159	161	247.936075	3.223807	0.041631	0.016998	-0.659653	-0.000266	0.000008	0.164273	1237.706423	0.886279	4	6	-2	11	9	2.025157	1.500000	4	1	159	161	139	1.539976	3.223807	247.936075	0.041631	45080	19.964570	29.023915	256x256	65536	sparse	Learned	279	4	27	2162	31.526788	0.631224	27.764057	0.999082	0.835727	0.721963	4	3	0.000000	37	2184	31.820099	0.673527	0.999087	27.886810	0.726102	0.830275	4095	32.230835	0.709568	0.999577	31.287611	0.690253	0.821696	0.079576	-0.077189	-0.301656	-0.041048	True	0.656991	0.719168	0.848328	27.727617	0.999006	7380
7381.png	0.769591	0.940349	0.969257	0.972280	0.966253	0.998751	27.695542	0.998896	28.091150	1.000000	0.589344	1.017339	31.813689	0.613293	1974	4	1	3	9	1.958042	0.250000	143	140	205.237590	3.380679	0.024512	0.007510	-0.491769	-0.000178	-0.000055	0.247837	932.744265	0.782668	4	1	3	3	9	1.958042	0.250000	4	0	143	140	131	1.465983	3.380679	205.237590	0.024512	44482	22.533941	33.199595	256x256	65536	sparse	Learned	263	4	26	1884	31.954206	0.638755	28.198596	0.998950	0.752163	0.463399	8	6	0.000000	41	1952	32.322804	0.682249	0.998951	28.393478	0.433846	0.773384	4756	32.984178	0.746832	0.999464	31.780120	0.385013	0.748901	-0.107446	0.125946	-0.140517	-0.025462	True	0.524791	0.533890	0.762082	28.187311	0.998928	7381
7382.png	0.789355	0.915175	0.955709	0.946098	0.965517	0.999423	26.566211	0.999526	27.126568	1.000000	0.662098	0.649243	30.672755	0.561773	2199	4	7	13	10	2.035714	1.750000	168	171	260.835570	2.536498	0.029546	0.013419	-0.127857	-0.000060	0.000041	0.207343	943.933964	0.806742	4	7	-3	13	10	2.035714	1.750000	4	0	168	171	145	1.525354	2.536498	260.835570	0.029546	45575	20.725330	29.802638	256x256	65536	sparse	Learned	288	4	26	2174	31.067916	0.609882	26.711150	0.999486	0.792657	0.646545	4	0	1.000000	32	2154	31.325373	0.652986	0.999439	26.668550	0.541594	0.774587	4174	31.815044	0.697068	0.999771	30.627451	0.484623	0.785970	0.415418	0.015553	-0.395161	-0.048110	True	0.665460	0.432046	0.775937	26.694068	0.999483	7382
7383.png	0.715426	0.903548	0.949330	0.949883	0.948778	0.999004	27.125873	0.999215	27.784128	1.000000	0.707707	0.796932	30.562393	0.562420	2365	4	4	11	10	2.000000	1.000000	173	173	280.249783	3.083940	0.055054	-0.011987	-0.306165	-0.000124	0.000082	0.270951	1182.779551	0.729077	4	4	0	11	10	2.000000	1.000000	4	0	173	173	152	1.619941	3.083940	280.249783	0.055054	45588	19.276110	27.710782	256x256	65536	sparse	Learned	293	4	27	2362	31.052318	0.617505	27.409175	0.999133	0.729049	0.416085	10	5	0.000000	34	2348	31.341962	0.661841	0.999094	27.332690	0.600150	0.714727	3810	31.644199	0.680646	0.999552	30.297174	0.422088	0.734125	0.374953	0.291622	-0.489925	-0.055085	True	0.700308	0.558098	0.727413	27.432039	0.999128	7383
7384.png	0.555411	0.873756	0.932625	0.914714	0.951253	0.999082	27.850738	0.999238	28.525996	1.000000	0.522886	0.589580	30.877484	0.565422	2195	6	4	8	14	1.975904	0.666667	166	164	262.249783	2.781144	0.037794	-0.012191	-0.398669	-0.000205	-0.000004	0.443168	1048.264027	0.557325	6	4	2	8	14	1.975904	0.666667	6	0	166	164	144	1.599084	2.781144	262.249783	0.037794	45358	20.664237	29.856948	256x256	65536	sparse	Learned	286	6	27	2174	31.241457	0.611942	28.351098	0.999242	0.556832	0.236111	15	0	0.250000	34	2158	31.462847	0.654088	0.999064	27.689767	0.312023	0.538275	3991	31.847072	0.695821	0.999499	30.769849	0.266553	0.552184	0.174898	0.286775	-0.363974	-0.046519	True	0.538528	0.317505	0.567601	28.249406	0.999287	7384
7385.png	0.762518	0.919704	0.958173	0.962867	0.953524	0.998941	27.770315	0.999036	27.968808	1.000000	0.764254	0.721650	30.358332	0.540641	2601	4	6	12	9	2.018100	1.500000	221	223	335.877200	3.062171	0.038542	0.007368	0.045688	-0.000035	0.000056	0.233065	1156.695366	0.788424	4	6	-2	12	9	2.018100	1.500000	4	1	221	223	200	1.506176	3.062171	335.877200	0.038542	45918	17.653979	25.196463	256x256	65536	sparse	Learned	341	4	27	2493	30.684745	0.602400	27.727621	0.998979	0.766935	0.549546	8	6	0.000000	33	2588	31.015490	0.657343	0.998888	27.301543	0.329680	0.782178	3679	31.212226	0.663370	0.999443	30.462750	0.327560	0.755858	0.241188	0.214708	-0.326413	-0.061759	True	0.763072	0.550671	0.755150	27.724627	0.998976	7385
7386.png	0.738845	0.881630	0.937092	0.910488	0.965297	0.998919	28.324322	0.998970	28.683380	1.000000	0.590165	0.801146	31.070805	0.570562	2015	5	3	7	9	1.975309	0.600000	162	160	236.237590	2.961849	0.038284	0.036882	-0.005385	-0.000081	0.000100	0.266039	1189.344168	0.778283	5	3	2	7	9	1.975309	0.600000	5	0	162	160	146	1.476485	2.961849	236.237590	0.038284	45158	22.410918	32.524069	256x256	65536	sparse	Learned	282	5	25	1931	31.324434	0.608114	28.287049	0.998870	0.733961	0.480558	8	3	0.000000	32	1934	31.548612	0.648134	0.998637	27.691815	0.214200	0.728733	4541	32.202933	0.719839	0.999455	31.447704	0.073216	0.673743	0.396331	0.109607	-0.253629	-0.037551	True	0.603072	0.483149	0.701963	28.329707	0.999001	7386
7387.png	0.734994	0.902944	0.948997	0.941980	0.956120	0.999549	26.884022	0.999615	27.232861	1.000000	0.500926	0.853226	30.352143	0.524603	1749	4	0	0	8	1.931624	0.000000	117	113	159.852814	2.621721	0.022447	0.041310	0.030811	-0.000034	0.000020	0.305120	772.651672	0.749717	4	0	4	0	8	1.931624	0.000000	4	0	117	113	109	1.414627	2.621721	159.852814	0.022447	45901	26.244140	37.470555	256x256	65536	sparse	Learned	237	4	21	1664	30.556891	0.558701	26.913588	0.999595	0.694880	0.425928	4	0	1.000000	27	1726	30.770367	0.607965	0.999525	26.244798	0.342953	0.700745	5362	31.842058	0.726687	0.999833	31.188197	0.353813	0.695882	0.319272	0.074998	-0.204748	-0.034098	True	0.505891	0.431640	0.693684	26.853211	0.999583	7387
7389.png	0.755092	0.924161	0.960586	0.955276	0.965955	0.998768	27.809451	0.998920	28.077734	1.000000	0.749676	0.719074	30.527710	0.549254	2484	4	3	8	11	1.990099	0.750000	202	201	322.806133	3.186995	0.045007	0.013577	-0.161195	-0.000131	0.000029	0.253939	1186.373234	0.764050	4	3	1	8	11	1.990099	0.750000	4	0	202	201	183	1.606001	3.186995	322.806133	0.045007	45752	18.418680	26.383253	256x256	65536	sparse	Learned	322	4	27	2459	30.816687	0.607704	27.897431	0.998892	0.746061	0.534407	9	8	0.000000	32	2480	31.050366	0.656357	0.998563	27.153523	0.336350	0.746988	3726	31.349604	0.668512	0.999202	30.164328	0.422225	0.727104	0.180303	0.215269	-0.288977	-0.058450	True	0.768922	0.552912	0.741516	27.970646	0.998899	7389
7390.png	0.766542	0.910771	0.953302	0.965541	0.941370	0.999057	26.894816	0.999340	27.415290	1.000000	0.772362	0.851302	31.366173	0.610873	2581	4	3	8	11	1.990950	0.750000	221	220	345.948268	2.337551	0.035825	0.024625	-0.987061	-0.000348	-0.000093	0.241440	768.526077	0.804783	4	3	1	8	11	1.990950	0.750000	4	0	221	220	202	1.572492	2.337551	345.948268	0.035825	44856	17.379310	25.391709	256x256	65536	sparse	Learned	341	4	31	2499	31.903104	0.657659	27.870995	0.999434	0.758560	0.519294	8	2	0.000000	41	2410	32.210288	0.698839	0.999367	27.953816	0.709456	0.731922	3678	32.390572	0.707081	0.999694	30.975061	0.668237	0.760165	-0.455705	0.253068	-0.536930	-0.046786	True	0.789864	0.672412	0.741917	27.881876	0.999405	7390
7391.png	0.716981	0.898521	0.946548	0.957089	0.936238	0.998591	27.077930	0.998808	27.724523	1.000000	0.712059	0.844228	30.949959	0.578320	2235	4	16	27	8	2.136364	4.000000	176	188	291.208153	3.477208	0.049435	0.001785	-0.738382	-0.000249	-0.000007	0.285573	1171.351194	0.736280	4	16	-12	27	8	2.136364	4.000000	4	2	176	188	141	1.548980	3.477208	291.208153	0.049435	45285	20.261745	29.322595	256x256	65536	sparse	Learned	296	4	27	2233	31.278821	0.619844	27.751629	0.998816	0.714427	0.505891	8	6	0.000000	34	2074	31.538592	0.658940	0.998707	27.374085	0.519695	0.704500	3925	31.966787	0.694641	0.999427	31.057832	0.560546	0.707799	-0.027106	0.206168	-0.328862	-0.041523	True	0.723349	0.610672	0.715196	27.816311	0.998840	7391
7392.png	0.561140	0.898901	0.946759	0.949690	0.943846	0.999205	28.239265	0.999326	28.512356	1.000000	0.561327	0.507532	30.747411	0.550687	2038	4	3	6	10	1.987179	0.750000	156	155	246.081941	2.701698	0.038880	-0.027861	0.037224	-0.000063	0.000020	0.393539	1023.039103	0.584862	4	3	1	6	10	1.987179	0.750000	5	0	156	155	140	1.587625	2.701698	246.081941	0.038880	45490	22.320903	32.157017	256x256	65536	sparse	Learned	276	5	25	2024	31.016789	0.595509	28.202212	0.999306	0.606461	0.331168	9	2	0.000000	31	2008	31.210136	0.636461	0.999150	27.536236	0.326694	0.566010	4590	31.873514	0.708995	0.999603	31.171530	0.170722	0.613276	0.310144	0.230159	-0.269378	-0.044822	True	0.590165	0.299527	0.589001	28.202041	0.999267	7392
7393.png	0.633733	0.841785	0.914097	0.938206	0.891195	0.998974	25.827946	0.999472	27.421095	1.000000	0.615572	0.509222	29.885420	0.521341	2279	5	2	4	11	1.967742	0.400000	186	183	274.107648	2.460685	0.029345	0.009203	-1.537446	-0.000488	-0.000020	0.382843	806.207895	0.675373	5	2	3	4	11	1.967742	0.400000	5	0	186	183	171	1.497856	2.460685	274.107648	0.029345	46097	20.226854	28.756472	256x256	65536	sparse	Learned	306	5	24	2115	30.489964	0.578793	27.288584	0.999492	0.617157	0.388248	7	1	0.300000	30	2184	30.730251	0.627372	0.999440	26.890294	0.273851	0.622237	4073	31.227111	0.677623	0.999740	30.519210	0.156626	0.619139	0.132511	0.227324	-0.604544	-0.057452	True	0.626187	0.318869	0.624531	27.365392	0.999461	7393
7394.png	0.642945	0.839766	0.912905	0.905422	0.920513	0.999460	27.443919	0.999580	28.249175	1.000000	0.483149	0.613306	30.509650	0.527062	1528	4	1	3	9	1.941748	0.250000	103	100	153.438600	2.612331	0.037309	0.014340	0.064512	-0.000064	0.000065	0.344948	969.846725	0.673267	4	1	3	3	9	1.941748	0.250000	4	0	103	100	91	1.534386	2.612331	153.438600	0.037309	45734	29.930628	42.890052	256x256	65536	sparse	Learned	223	4	19	1509	30.534742	0.550259	27.438566	0.999515	0.655052	0.325839	7	3	0.000000	26	1488	30.831743	0.592640	0.999442	27.228281	0.215118	0.604678	5990	32.189857	0.753035	0.999791	31.703502	0.069553	0.065859	0.810609	0.157310	-0.025092	-0.023198	True	0.483149	0.296318	0.628604	27.379407	0.999525	7394
7395.png	0.546657	0.914431	0.955303	0.942451	0.968510	0.999229	27.847279	0.999264	28.112028	1.000000	0.550671	0.495692	30.665135	0.549946	2052	4	0	0	10	1.948387	0.000000	155	151	240.424085	2.848216	0.034380	-0.012641	-0.111427	-0.000073	0.000033	0.431944	1009.799719	0.553701	4	0	4	0	10	1.948387	0.000000	5	0	155	151	145	1.592212	2.848216	240.424085	0.034380	45568	22.206628	31.937622	256x256	65536	sparse	Learned	275	5	25	2022	31.003238	0.595548	27.941194	0.999231	0.568056	0.276267	12	1	0.000000	32	2044	31.207952	0.636993	0.999138	27.628810	0.357572	0.507671	4201	31.718789	0.694902	0.999583	31.208224	0.192581	0.554325	0.170834	0.274404	-0.338103	-0.045603	True	0.563078	0.279113	0.559298	27.958707	0.999301	7395
7396.png	0.827014	0.902148	0.948557	0.955350	0.941860	0.999382	27.477868	0.999531	28.033963	1.000000	0.639405	0.967469	30.467542	0.540255	2047	4	4	10	10	2.000000	1.000000	147	147	234.651804	2.602195	0.036541	0.024961	0.077943	-0.000099	0.000042	0.182427	804.121494	0.863636	4	4	0	10	10	2.000000	1.000000	4	1	147	147	127	1.596271	2.602195	234.651804	0.036541	45694	22.322423	32.015633	256x256	65536	sparse	Learned	267	4	24	1979	30.802656	0.587080	27.367225	0.999488	0.817573	0.552465	5	1	0.875000	29	1868	30.982153	0.623566	0.999393	26.918860	0.469686	0.764045	4408	31.659117	0.697948	0.999754	30.741836	0.348990	0.796215	0.666739	0.086940	-0.335114	-0.046824	True	0.655272	0.633955	0.802053	27.399926	0.999481	7396
7397.png	0.672406	0.913457	0.954771	0.953823	0.955721	0.998646	28.689417	0.998675	28.955983	1.000000	0.791955	0.388066	31.107567	0.578422	2528	4	12	24	10	2.072072	3.000000	222	230	372.605122	2.938947	0.044104	-0.017345	-0.021009	-0.000103	0.000026	0.300557	1191.882372	0.692380	4	12	-8	24	10	2.072072	3.000000	4	2	222	230	188	1.620022	2.938947	372.605122	0.044104	45222	17.888449	25.924051	256x256	65536	sparse	Learned	342	4	30	2483	31.463898	0.633404	28.714101	0.998649	0.699443	0.352926	17	10	0.000000	38	2456	31.735186	0.676496	0.998459	28.341033	0.282103	0.676674	3642	31.880985	0.686676	0.999098	30.978033	0.174168	0.683050	0.241883	0.439029	-0.356331	-0.054982	True	0.812692	0.315378	0.689751	28.710427	0.998749	7397
7398.png	0.549415	0.858223	0.923703	0.905585	0.942561	0.999239	27.652313	0.999405	28.156817	1.000000	0.594783	0.409068	30.171825	0.527785	2366	6	4	8	13	1.979695	0.666667	197	195	319.019336	2.453699	0.044402	-0.006213	-0.311655	-0.000129	-0.000009	0.440461	881.114483	0.557398	6	4	2	8	13	1.979695	0.666667	6	0	197	195	176	1.635997	2.453699	319.019336	0.044402	46042	19.459848	27.699070	256x256	65536	sparse	Learned	317	6	26	2362	30.601256	0.590049	28.085189	0.999414	0.559539	0.227920	15	1	0.000000	29	2236	30.775213	0.628796	0.999196	27.052347	0.250667	0.539197	3849	31.124441	0.664069	0.999577	29.927846	0.200853	0.568878	0.071628	0.366864	-0.429432	-0.062265	True	0.592073	0.242198	0.555628	27.963968	0.999368	7398
7399.png	0.719688	0.853746	0.921103	0.936725	0.905994	0.999039	27.992485	0.999201	28.454618	1.000000	0.612485	0.678499	30.301109	0.527852	2136	5	9	14	7	2.046784	1.800000	171	175	271.663997	2.855926	0.053177	0.010762	0.014697	-0.000126	0.000051	0.266432	1031.238079	0.765851	5	9	-4	14	7	2.046784	1.800000	5	2	171	175	150	1.552366	2.855926	271.663997	0.053177	45873	21.476124	30.681648	256x256	65536	sparse	Learned	291	5	24	2082	30.584127	0.580081	27.903801	0.999151	0.733568	0.390429	8	2	0.700000	29	1982	30.837110	0.620058	0.999011	27.411695	0.168354	0.705985	4239	31.369322	0.683358	0.999514	30.459172	0.092187	0.709440	0.550817	0.222056	-0.283018	-0.052229	True	0.617107	0.418707	0.708926	27.977788	0.999165	7399
7400.png	0.660728	0.889566	0.941556	0.942696	0.940419	0.999214	27.421869	0.999210	28.044793	1.000000	0.559568	0.867264	30.777733	0.559994	2058	5	1	3	11	1.950000	0.200000	160	156	228.338095	2.774414	0.029016	0.023790	-0.477173	-0.000204	0.000055	0.354770	991.101027	0.693829	5	1	4	3	11	1.950000	0.200000	5	0	160	156	146	1.463706	2.774414	228.338095	0.029016	45448	22.083576	31.844509	256x256	65536	sparse	Learned	280	5	24	1885	31.101739	0.597345	27.860155	0.999155	0.645230	0.357572	8	1	0.200000	32	1972	31.362516	0.644529	0.999023	27.277676	0.519054	0.632028	4430	31.955696	0.709016	0.999554	30.881833	0.268646	0.651862	0.184637	0.201997	-0.324006	-0.037351	True	0.591801	0.513248	0.636938	27.899041	0.999418	7400
7401.png	0.611249	0.905630	0.950479	0.942244	0.958858	0.999094	27.647027	0.999187	28.034239	1.000000	0.515675	0.858972	31.412969	0.586725	1722	4	4	6	8	2.000000	1.000000	109	109	159.710678	3.535992	0.042487	0.001786	-0.161339	-0.000045	0.000059	0.403150	1183.544397	0.611293	4	4	0	6	8	2.000000	1.000000	4	0	109	109	95	1.465236	3.535992	159.710678	0.042487	44823	26.029617	38.058072	256x256	65536	sparse	Learned	229	4	23	1664	31.557876	0.610812	27.828267	0.999128	0.596850	0.495910	4	5	0.000000	33	1542	31.800393	0.643428	0.999087	27.633827	0.277989	0.573796	5462	32.868369	0.754858	0.999696	32.516031	0.317846	0.595594	0.205971	0.019766	-0.144907	-0.024087	True	0.525266	0.451188	0.609463	27.808366	0.999140	7401
7402.png	0.602622	0.855434	0.922085	0.909845	0.934659	0.998974	27.721064	0.999055	28.255942	1.000000	0.727468	0.291932	30.569464	0.555219	2319	4	4	8	10	2.000000	1.000000	193	193	305.563492	2.999726	0.034807	-0.010204	-0.110785	-0.000200	0.000075	0.354993	967.945337	0.635073	4	4	0	8	10	2.000000	1.000000	4	0	193	193	175	1.583231	2.999726	305.563492	0.034807	45479	19.611470	28.260457	256x256	65536	sparse	Learned	313	4	26	2167	31.025968	0.606760	27.812699	0.998980	0.645007	0.331739	13	3	0.000000	33	2304	31.273169	0.654410	0.998842	27.441048	0.311851	0.637584	4058	31.704671	0.691620	0.999440	30.652571	0.287090	0.624277	0.443243	0.395729	-0.456504	-0.051541	True	0.681458	0.198939	0.612827	27.831849	0.999175	7402
7403.png	0.639121	0.921687	0.959248	0.951049	0.967589	0.999137	27.359064	0.999194	27.593167	1.000000	0.548419	0.555401	30.191802	0.518617	1829	4	0	0	8	1.936508	0.000000	126	122	179.438600	3.381911	0.025955	0.024349	0.291043	-0.000018	0.000095	0.377522	940.125942	0.647059	4	0	4	0	8	1.936508	0.000000	4	0	126	122	118	1.470808	3.381911	179.438600	0.025955	46000	25.150355	35.831602	256x256	65536	sparse	Learned	246	4	20	1643	30.326406	0.549566	27.038242	0.999099	0.622478	0.339188	7	2	0.000000	25	1666	30.575217	0.594613	0.999010	26.480416	0.318090	0.607787	4789	31.473651	0.700717	0.999573	30.896713	0.154031	0.625181	0.554925	0.209231	-0.134604	-0.030949	True	0.566126	0.314427	0.614772	27.068021	0.999154	7403
7404.png	0.762221	0.925481	0.961298	0.962019	0.960579	0.998719	27.174916	0.998883	27.590637	1.000000	0.731526	0.768143	30.281574	0.540687	2459	4	5	12	9	2.010638	1.250000	188	189	292.521861	3.387413	0.031705	-0.001373	-0.253499	-0.000131	0.000014	0.235348	1189.254522	0.776820	4	5	-1	12	9	2.010638	1.250000	4	0	188	189	167	1.547735	3.387413	292.521861	0.031705	45952	18.687271	26.651484	256x256	65536	sparse	Learned	308	4	25	2268	30.618616	0.593416	27.421356	0.998869	0.764652	0.506714	9	6	0.000000	29	2262	30.823774	0.639078	0.998573	26.589435	0.544206	0.757083	3637	31.122010	0.658262	0.999278	29.338174	0.490334	0.744691	0.169281	0.224811	-0.337042	-0.052730	True	0.744619	0.571974	0.763594	27.428415	0.998849	7404
7405.png	0.746479	0.958382	0.978749	0.970726	0.986905	0.999533	27.175216	0.999556	27.338418	1.000000	0.437295	0.534794	31.538289	0.591087	1581	4	0	1	7	1.908046	0.000000	87	83	122.811183	3.260796	0.036103	0.024566	0.173613	-0.000006	0.000029	0.272124	892.890453	0.754673	4	0	4	1	7	1.908046	0.000000	4	0	87	83	79	1.479653	3.260796	122.811183	0.036103	44743	28.300443	41.452245	256x256	65536	sparse	Learned	207	4	22	1572	31.667161	0.609817	26.981328	0.999527	0.727876	0.324296	5	0	0.875000	33	1516	31.891434	0.646108	0.999482	26.955141	0.384303	0.716201	5916	33.175074	0.768491	0.999867	33.538504	0.211403	0.715084	0.357090	0.112999	-0.128872	-0.018731	True	0.417252	0.223144	0.721913	27.001603	0.999539	7405
7406.png	0.572970	0.859453	0.924415	0.920720	0.928140	0.999096	27.294250	0.999269	27.768042	1.000000	0.713495	0.505915	31.202652	0.587576	2199	4	4	10	11	2.000000	1.000000	184	184	281.208153	2.831419	0.037026	0.000148	-0.229626	-0.000179	0.000033	0.416972	1024.103880	0.590677	4	4	0	10	11	2.000000	1.000000	4	0	184	184	163	1.528305	2.831419	281.208153	0.037026	45000	20.463847	29.802638	256x256	65536	sparse	Learned	304	4	27	2179	31.475761	0.628900	27.505998	0.999236	0.583028	0.548870	5	4	0.000000	37	2016	31.797329	0.663064	0.999268	28.002375	0.413912	0.559656	3954	32.223749	0.704935	0.999576	31.177130	0.277713	0.568210	0.262044	0.164625	-0.273108	-0.041323	True	0.739460	0.374104	0.572821	27.523876	0.999275	7406
7407.png	0.688544	0.898442	0.946505	0.927890	0.965881	0.999038	28.236099	0.999053	28.565016	1.000000	0.712059	0.611424	30.602634	0.548226	2267	4	3	6	9	1.989529	0.750000	191	190	285.350288	2.903247	0.042244	0.023203	0.094101	-0.000061	0.000061	0.338692	1133.000135	0.684700	4	3	1	6	9	1.989529	0.750000	4	0	191	190	176	1.501844	2.903247	285.350288	0.042244	45588	20.109396	28.908690	256x256	65536	sparse	Learned	311	4	25	2115	30.871182	0.595766	28.155175	0.998992	0.661308	0.440102	9	5	0.000000	31	2082	31.104741	0.639418	0.998842	27.611854	0.285377	0.640659	3988	31.549063	0.683361	0.999374	30.323272	0.159749	0.642088	0.409842	0.271957	-0.268548	-0.047540	True	0.717761	0.438856	0.665341	28.141999	0.999098	7407
7408.png	0.694153	0.893553	0.943785	0.936371	0.951317	0.999210	27.309455	0.999321	27.806678	1.000000	0.520974	0.823229	31.138948	0.577361	2011	5	4	8	11	1.985294	0.800000	136	135	207.338095	3.033036	0.039389	0.014657	-0.303712	-0.000141	0.000014	0.314763	1003.102303	0.719457	5	4	1	8	11	1.985294	0.800000	5	0	136	135	117	1.535838	3.033036	207.338095	0.039389	45139	22.446047	32.588762	256x256	65536	sparse	Learned	256	5	26	2004	31.383944	0.615751	27.583957	0.999307	0.685237	0.344412	9	3	0.000000	33	1770	31.545970	0.645499	0.999226	27.264438	0.334689	0.672548	4516	32.265196	0.719945	0.999668	31.115456	0.264454	0.674142	0.222721	0.176562	-0.244996	-0.038390	True	0.532334	0.438232	0.679496	27.613167	0.999351	7408
7410.png	0.755926	0.915531	0.955903	0.936585	0.976035	0.998903	27.649158	0.999017	28.031031	1.000000	0.639405	1.125316	31.596604	0.610903	2055	4	2	4	9	1.975460	0.500000	163	161	228.509668	3.131154	0.023307	0.044230	-0.308523	-0.000171	-0.000020	0.259475	1083.427668	0.787356	4	2	2	4	9	1.975460	0.500000	4	0	163	161	150	1.419315	3.131154	228.509668	0.023307	44568	21.687591	31.890998	256x256	65536	sparse	Learned	283	4	26	1959	31.920147	0.643049	27.987208	0.999037	0.740525	0.564573	7	6	0.000000	40	1958	32.278714	0.680272	0.999082	28.386858	0.590711	0.728351	4430	32.804215	0.737583	0.999578	31.820044	0.333900	0.721293	0.043822	0.074832	-0.323543	-0.032146	True	0.650062	0.731526	0.711696	27.957681	0.999073	7410
7411.png	0.606878	0.878989	0.935598	0.951764	0.919972	0.998975	27.222729	0.999277	27.798375	1.000000	0.661760	0.450719	30.824456	0.566816	2276	5	4	10	13	1.989529	0.800000	191	190	306.865007	2.329351	0.035056	-0.004301	-0.798669	-0.000292	-0.000087	0.368188	802.243710	0.650177	5	4	1	10	13	1.989529	0.800000	5	0	191	190	168	1.615079	2.329351	306.865007	0.035056	45411	19.952109	28.794376	256x256	65536	sparse	Learned	311	5	27	2186	31.249999	0.615577	28.023306	0.999364	0.631812	0.321814	12	0	0.300000	35	2192	31.462111	0.657602	0.999276	27.539350	0.295312	0.615881	3965	31.870659	0.694386	0.999643	30.931266	0.228948	0.637174	-0.224930	0.339946	-0.425543	-0.048761	True	0.660404	0.297657	0.611179	28.021398	0.999266	7411
7412.png	0.721964	0.889255	0.941382	0.946003	0.936806	0.998992	27.698723	0.999207	28.169706	1.000000	0.636509	0.816826	30.956653	0.571238	2245	5	2	5	12	1.968085	0.400000	188	185	285.279221	2.554940	0.031174	-0.000709	-0.421598	-0.000214	-0.000035	0.262191	968.853474	0.748645	5	2	3	5	12	1.968085	0.400000	5	0	188	185	171	1.542050	2.554940	285.279221	0.031174	45246	20.154120	29.191982	256x256	65536	sparse	Learned	308	5	26	2195	31.214676	0.615258	28.109234	0.999242	0.737809	0.649362	5	2	0.000000	33	2044	31.501229	0.654033	0.999135	27.690929	0.358929	0.745720	3965	31.889774	0.694102	0.999549	30.924862	0.454471	0.725652	0.060472	-0.012853	-0.258023	-0.044019	True	0.645129	0.526958	0.722673	28.120321	0.999206	7412
7413.png	0.504493	0.892652	0.943282	0.955540	0.931333	0.998683	27.628513	0.998947	28.156035	1.000000	0.548870	0.420762	30.928338	0.566101	2090	5	3	5	10	1.974194	0.600000	155	153	222.965512	3.011786	0.039428	-0.021823	-0.541788	-0.000243	0.000011	0.474555	1116.053820	0.523118	5	3	2	5	10	1.974194	0.600000	5	0	155	153	140	1.457291	3.011786	222.965512	0.039428	45267	21.658852	31.356938	256x256	65536	sparse	Learned	275	5	25	2008	31.198551	0.607181	28.109764	0.998937	0.525445	0.234072	12	1	0.000000	33	2088	31.500413	0.651472	0.998660	27.722957	0.326320	0.498423	4260	32.005927	0.703750	0.999408	31.079517	0.153921	0.519602	0.046272	0.314798	-0.270213	-0.041080	True	0.593430	0.249693	0.526316	28.170301	0.998925	7413
7414.png	0.536647	0.865119	0.927682	0.925476	0.929899	0.998282	28.747599	0.998519	29.065255	1.000000	0.640845	0.323472	31.710851	0.612793	2313	5	1	3	11	1.961353	0.200000	207	203	291.350288	3.172748	0.026468	0.027875	-0.430411	-0.000183	-0.000017	0.474665	1162.129641	0.555218	5	1	4	3	11	1.961353	0.200000	5	0	207	203	193	1.435223	3.172748	291.350288	0.026468	44497	19.237786	28.333766	256x256	65536	sparse	Learned	327	5	30	2233	32.092360	0.652913	29.156887	0.998536	0.525335	0.262701	21	7	0.000000	42	2298	32.371356	0.696313	0.998516	29.093711	0.193041	0.503385	4123	32.726959	0.729420	0.999033	31.364689	0.115416	0.552538	-0.091631	0.378143	-0.381509	-0.040120	True	0.668458	0.216227	0.508772	29.178010	0.998466	7414
7415.png	0.692133	0.897674	0.946078	0.940699	0.951520	0.999233	27.795069	0.999337	28.118109	1.000000	0.653544	0.641130	30.841489	0.558733	1992	4	3	6	9	1.987879	0.750000	165	164	229.024387	2.682250	0.028841	0.010711	0.174696	-0.000042	0.000089	0.289802	1136.042118	0.720948	4	3	1	6	9	1.987879	0.750000	4	0	165	164	150	1.396490	2.682250	229.024387	0.028841	45384	22.783133	32.899598	256x256	65536	sparse	Learned	285	4	24	1863	31.106845	0.596252	27.560425	0.999248	0.710198	0.397499	9	3	0.000000	33	1990	31.381130	0.643982	0.999256	27.661236	0.424491	0.680648	4415	31.984754	0.708278	0.999632	31.118443	0.341073	0.685987	0.557685	0.256045	-0.265355	-0.037518	True	0.662098	0.424491	0.681422	27.620373	0.999275	7415
7416.png	0.663866	0.886634	0.939911	0.922797	0.957672	0.999091	27.448287	0.999221	27.855348	1.000000	0.601481	0.700528	31.586023	0.606344	1960	4	3	6	8	1.984127	0.750000	126	125	202.752309	3.108668	0.049712	-0.006858	-0.218359	-0.000065	0.000080	0.311453	1071.088076	0.688239	4	3	1	6	8	1.984127	0.750000	4	1	126	125	112	1.622018	3.108668	202.752309	0.049712	44738	22.825510	33.436735	256x256	65536	sparse	Learned	246	4	25	1830	31.800577	0.632795	27.695421	0.999140	0.688547	0.465630	6	4	0.000000	37	1760	32.098786	0.665972	0.999133	27.943896	0.353382	0.683492	4787	32.861726	0.742755	0.999626	31.963261	0.303320	0.671833	0.159927	0.135851	-0.214554	-0.026451	True	0.539757	0.378115	0.670723	27.666645	0.999156	7416
7417.png	0.735369	0.903442	0.949272	0.953901	0.944688	0.999324	28.505056	0.999418	28.733617	1.000000	0.534666	0.903324	30.985431	0.557712	1742	4	4	6	9	2.000000	1.000000	115	115	178.338095	3.121417	0.047105	0.026114	0.547775	0.000003	0.000087	0.281457	1039.771795	0.755824	4	4	0	6	9	2.000000	1.000000	4	0	115	115	100	1.550766	3.121417	178.338095	0.047105	45297	26.002870	37.621125	256x256	65536	sparse	Learned	235	4	22	1720	30.948154	0.585538	27.906535	0.999331	0.718543	0.479691	6	2	0.000000	31	1694	31.356899	0.628909	0.999279	27.731356	0.307883	0.731668	5450	32.394589	0.746958	0.999706	31.835334	0.153166	0.717826	0.827082	0.054975	0.037277	-0.027826	True	0.593430	0.536060	0.709255	27.957282	0.999321	7417
7418.png	0.617989	0.886510	0.939841	0.961114	0.919489	0.998701	27.398249	0.999110	28.140736	1.000000	0.724729	0.482671	31.022594	0.581532	2428	4	7	12	11	2.030151	1.750000	199	202	307.291414	2.938750	0.034161	-0.013432	-0.810168	-0.000379	-0.000053	0.387374	952.357292	0.626638	4	7	-3	12	11	2.030151	1.750000	4	0	199	202	176	1.521245	2.938750	307.291414	0.034161	45154	18.597199	26.991763	256x256	65536	sparse	Learned	319	4	28	2353	31.394595	0.629889	28.207215	0.999163	0.612626	0.444285	8	4	0.000000	37	2346	31.722027	0.676592	0.999157	28.219495	0.376700	0.600604	3774	32.007970	0.695588	0.999513	30.880632	0.278423	0.607704	-0.066479	0.280444	-0.372001	-0.048357	True	0.753403	0.363646	0.631421	28.208417	0.999079	7418
7419.png	0.597030	0.841346	0.913838	0.866337	0.966851	0.999535	28.155816	0.999520	28.310691	1.000000	0.487267	0.519733	31.283652	0.580202	1814	5	3	6	10	1.966942	0.600000	121	119	189.338095	2.646736	0.050989	-0.004132	0.217209	-0.000018	0.000025	0.378802	868.801117	0.619227	5	3	2	6	10	1.966942	0.600000	5	0	121	119	105	1.591076	2.646736	189.338095	0.050989	44959	24.784454	36.127894	256x256	65536	sparse	Learned	241	5	24	1750	31.466057	0.608706	27.976501	0.999495	0.621198	0.245726	10	0	0.500000	33	1672	31.687287	0.644490	0.999353	27.095103	0.350420	0.595064	5178	32.667110	0.744717	0.999772	31.947112	0.185353	0.609734	0.334191	0.241541	-0.182405	-0.028505	True	0.511297	0.265738	0.601162	27.938608	0.999552	7419
7420.png	0.791567	0.915268	0.955760	0.957358	0.954167	0.999347	26.732735	0.999502	27.268329	1.000000	0.505397	0.744745	30.374975	0.541108	2009	5	0	0	10	1.925373	0.000000	134	129	203.722871	2.869833	0.027709	0.038348	-0.370902	-0.000144	0.000021	0.225526	920.505047	0.844135	5	0	5	0	10	1.925373	0.000000	5	0	134	129	124	1.579247	2.869833	203.722871	0.027709	45714	22.754604	32.621205	256x256	65536	sparse	Learned	254	5	23	1920	30.745050	0.583386	27.009564	0.999481	0.774474	0.470947	6	3	0.000000	29	1920	30.954723	0.626867	0.999387	26.507893	0.391951	0.749821	4479	31.642085	0.698219	0.999784	30.858888	0.384918	0.766813	0.258764	0.034450	-0.370075	-0.042278	True	0.501424	0.373433	0.753219	27.103637	0.999492	7420
7421.png	0.489011	0.904503	0.949857	0.936475	0.963627	0.998462	28.597741	0.998485	28.848104	1.000000	0.620158	0.364439	30.274894	0.531803	2296	5	5	11	13	2.000000	1.000000	180	180	279.279221	3.548287	0.036011	0.003892	0.322269	0.000053	0.000174	0.506856	1293.772697	0.497780	5	5	0	11	13	2.000000	1.000000	5	0	180	180	156	1.551551	3.548287	279.279221	0.036011	45898	19.990418	28.543554	256x256	65536	sparse	Learned	300	5	25	2255	30.593473	0.587191	28.329768	0.998311	0.493144	0.240651	17	4	0.000000	30	2104	30.844622	0.626597	0.998046	27.736276	0.225514	0.450642	4069	31.299999	0.674262	0.998777	30.341770	0.189115	0.468627	0.518336	0.379507	-0.318579	-0.055389	True	0.569726	0.207630	0.485119	28.275471	0.998408	7421
7422.png	0.601292	0.890141	0.941878	0.927230	0.956996	0.999049	27.800846	0.999144	28.207055	1.000000	0.630646	0.374873	30.127233	0.521450	2253	5	3	7	12	1.978378	0.600000	185	183	287.178716	3.009076	0.031545	-0.003529	-0.087732	-0.000127	0.000013	0.410033	1096.849680	0.591299	5	3	2	7	12	1.978378	0.600000	5	0	185	183	166	1.569283	3.009076	287.178716	0.031545	46042	20.435863	29.088327	256x256	65536	sparse	Learned	305	5	24	2163	30.422169	0.576623	27.950361	0.999131	0.589967	0.299327	14	7	0.000000	28	2192	30.674997	0.622262	0.998948	27.231525	0.208990	0.543743	4246	31.218183	0.677529	0.999426	30.003788	0.193907	0.575082	0.256694	0.331319	-0.294936	-0.055173	True	0.660404	0.247568	0.604821	27.888578	0.999176	7422
7423.png	0.712991	0.919000	0.957791	0.953509	0.962111	0.998434	27.549336	0.998671	27.935707	1.000000	0.779090	0.956327	31.146606	0.595441	2760	4	5	13	9	2.009302	1.250000	215	216	334.977705	3.371627	0.038306	0.017504	-0.457148	-0.000244	-0.000026	0.300379	1251.314163	0.729085	4	5	-1	13	9	2.009302	1.250000	4	0	215	216	193	1.550823	3.371627	334.977705	0.038306	45168	16.365217	23.744928	256x256	65536	sparse	Learned	335	4	31	2713	31.568688	0.648663	27.987116	0.998698	0.699621	0.706731	6	13	0.000000	41	2734	31.910418	0.698568	0.998755	28.282323	0.479376	0.696256	3351	31.897364	0.679558	0.999161	30.102745	0.679266	0.707666	-0.051409	0.072359	-0.422082	-0.053223	True	0.789864	0.755368	0.695487	28.006484	0.998678	7423
7424.png	0.632865	0.900306	0.947538	0.938776	0.956465	0.999182	27.821134	0.999247	28.144731	1.000000	0.691181	0.453262	30.390295	0.533831	2184	4	11	20	9	2.080460	2.750000	174	181	280.592929	2.955250	0.043436	0.013241	-0.079352	-0.000097	0.000011	0.378524	1035.458803	0.635593	4	11	-7	20	9	2.080460	2.750000	4	1	174	181	145	1.550237	2.955250	280.592929	0.043436	45852	20.994505	30.007326	256x256	65536	sparse	Learned	294	4	25	2162	30.697908	0.587904	27.961323	0.999236	0.621476	0.405479	9	8	0.000000	30	2018	30.883963	0.624181	0.999003	27.105237	0.453015	0.623508	4276	31.450425	0.689450	0.999484	30.233998	0.255055	0.641056	0.183409	0.285702	-0.307613	-0.054073	True	0.721963	0.327238	0.619624	27.900486	0.999279	7424
7425.png	0.484307	0.838449	0.912127	0.861649	0.968886	0.998961	28.641614	0.998770	28.849431	1.000000	0.728827	0.343817	30.641508	0.553068	2229	4	9	22	12	2.057803	2.250000	173	178	308.492424	3.061127	0.058175	-0.019808	0.249242	-0.000061	0.000074	0.465619	1244.013786	0.513111	4	9	-5	22	12	2.057803	2.250000	4	2	173	178	139	1.733104	3.061127	308.492424	0.058175	45477	20.402423	29.401525	256x256	65536	sparse	Learned	293	4	26	2122	31.075500	0.602942	28.393853	0.998696	0.534381	0.344972	13	8	0.000000	32	2224	31.336273	0.649478	0.998588	28.112289	0.265258	0.511011	4091	31.774457	0.695276	0.999216	30.937803	0.198782	0.544968	0.455578	0.383856	-0.433993	-0.049874	True	0.640845	0.220333	0.504115	28.392372	0.999022	7425
7426.png	0.605724	0.913298	0.954685	0.960567	0.948874	0.998856	27.288251	0.999036	27.718517	1.000000	0.698806	0.557819	30.879248	0.573179	2440	4	3	7	10	1.989305	0.750000	187	186	292.433550	2.858737	0.030794	-0.025344	-0.334353	-0.000178	-0.000009	0.370115	1093.268394	0.624405	4	3	1	7	10	1.989305	0.750000	4	0	187	186	170	1.572223	2.858737	292.433550	0.030794	45353	18.587295	26.859016	256x256	65536	sparse	Learned	307	4	28	2400	31.298742	0.625058	27.594742	0.999045	0.629885	0.350791	10	2	0.000000	36	2356	31.545890	0.669070	0.998949	27.482488	0.431640	0.609275	3811	31.838663	0.688265	0.999449	30.487122	0.293684	0.629694	0.123775	0.348015	-0.419494	-0.051878	True	0.713495	0.398001	0.631068	27.622604	0.999034	7426
7427.png	0.679548	0.905244	0.950266	0.939828	0.960938	0.999457	27.297819	0.999551	27.637860	1.000000	0.546155	0.639970	30.880338	0.558560	1825	4	0	0	8	1.936508	0.000000	126	122	180.509668	2.838664	0.026447	0.024071	0.316322	-0.000073	0.000031	0.325684	727.332354	0.694836	4	0	4	0	8	1.936508	0.000000	4	0	126	122	118	1.479587	2.838664	180.509668	0.026447	45477	24.918904	35.910137	256x256	65536	sparse	Learned	246	4	23	1801	31.033645	0.591715	26.958629	0.999519	0.674316	0.312220	7	0	0.625000	31	1702	31.299628	0.628159	0.999489	26.791421	0.314182	0.667838	4866	32.105425	0.721773	0.999827	31.640172	0.302324	0.689165	0.679231	0.233936	-0.153307	-0.033156	True	0.559568	0.358107	0.655477	26.981496	0.999530	7427
7428.png	0.620896	0.891137	0.942435	0.932460	0.952626	0.999442	27.651936	0.999518	28.131548	1.000000	0.495910	0.599729	30.172942	0.514644	1720	4	3	5	8	1.981308	0.750000	107	106	146.083261	3.073115	0.018535	0.004140	0.194650	-0.000039	0.000057	0.364528	949.810982	0.645065	4	3	1	5	8	1.981308	0.750000	4	0	107	106	94	1.378144	3.073115	146.083261	0.018535	45972	26.727907	38.102326	256x256	65536	sparse	Learned	227	4	20	1612	30.360246	0.547287	27.499908	0.999461	0.635472	0.413354	6	3	0.000000	25	1674	30.612864	0.593572	0.999368	26.870387	0.281875	0.601456	5521	31.780129	0.729342	0.999741	30.978438	0.161382	0.621280	0.631641	0.082556	-0.187304	-0.032643	True	0.515675	0.309266	0.616756	27.457287	0.999481	7428
7429.png	0.780815	0.909490	0.952600	0.937253	0.968458	0.998907	27.566567	0.998647	27.794190	1.000000	0.735523	1.026470	30.911929	0.586512	2482	4	6	12	9	2.020000	1.500000	200	202	313.048773	3.068939	0.036147	0.042844	-0.147774	-0.000110	0.000070	0.236554	1317.294598	0.818653	4	6	-2	12	9	2.020000	1.500000	4	1	200	202	179	1.549746	3.068939	313.048773	0.036147	45235	18.225222	26.404512	256x256	65536	sparse	Learned	320	4	29	2471	31.454561	0.638204	27.691042	0.998577	0.763446	0.601481	8	12	0.000000	41	2482	31.859506	0.685254	0.998743	28.051016	0.743339	0.769306	3763	32.027186	0.693226	0.999371	31.081998	0.539924	0.774006	0.103148	0.134042	-0.542633	-0.051692	True	0.782379	0.803088	0.737970	27.714341	0.999018	7429
7430.png	0.706278	0.860870	0.925234	0.897959	0.954217	0.999585	27.106602	0.999580	27.248668	1.000000	0.371865	0.997270	30.669701	0.541964	1495	3	0	0	6	1.909091	0.000000	66	63	207.212761	3.725293	0.041841	0.018912	1.221004	0.000088	0.000155	0.264392	932.650805	0.760626	3	0	3	0	6	1.909091	0.000000	4	0	66	63	60	3.289091	3.725293	207.212761	0.041841	45681	30.555853	43.836789	256x256	65536	sparse	Learned	186	4	17	1408	30.640765	0.555331	25.782338	0.999425	0.735608	0.387374	6	4	0.000000	26	1396	30.937557	0.601237	0.999460	26.229393	0.271773	0.700855								1.466330	-0.015509	0.028937	-0.013367	True	0.423050	0.421895	0.687366	25.885598	0.999498	7430
7431.png	0.610340	0.849811	0.918809	0.927512	0.910267	0.999190	27.683493	0.999444	28.413666	1.000000	0.443822	0.533606	30.490911	0.534361	1915	5	0	1	11	1.925926	0.000000	135	130	187.124892	2.947468	0.025968	-0.028385	0.106034	-0.000141	0.000067	0.332571	895.570993	0.657831	5	0	5	1	11	1.925926	0.000000	6	0	135	130	123	1.439422	2.947468	187.124892	0.025968	45700	23.864230	34.222454	256x256	65536	sparse	Learned	257	6	22	1781	30.664676	0.571486	27.671551	0.999377	0.667429	0.281076	12	5	0.000000	27	1688	30.901333	0.606761	0.999307	27.265329	0.211121	0.629544	4809	31.755557	0.710572	0.999686	30.989661	0.171130	0.652968	0.742114	0.162746	-0.173766	-0.037125	True	0.561327	0.299527	0.638724	27.577459	0.999331	7431
7432.png	0.605739	0.868958	0.929885	0.909500	0.951205	0.998977	28.129865	0.999004	28.411998	1.000000	0.664455	0.506442	30.417532	0.542153	2386	5	2	5	11	1.970000	0.400000	200	197	312.663997	2.838220	0.035734	-0.030904	-0.110277	-0.000118	0.000012	0.344618	1059.552193	0.635021	5	2	3	5	11	1.970000	0.400000	5	1	200	197	184	1.587127	2.838220	312.663997	0.035734	45665	19.138726	27.466890	256x256	65536	sparse	Learned	320	5	26	2260	30.865380	0.598936	28.264143	0.998992	0.655382	0.373746	15	7	0.000000	32	2372	31.103874	0.648465	0.998739	27.613716	0.241463	0.622572	3902	31.453473	0.675728	0.999359	30.374018	0.178287	0.643974	0.147855	0.290709	-0.447848	-0.056784	True	0.682729	0.345763	0.636643	28.240142	0.999095	7432
7433.png	0.728581	0.899868	0.947295	0.955245	0.939477	0.999037	26.100270	0.999375	26.895260	1.000000	0.522886	0.559739	30.820144	0.586192	2396	6	0	0	12	1.932961	0.000000	179	173	260.735065	2.694663	0.025142	0.004719	-1.064876	-0.000371	-0.000051	0.272840	1012.330770	0.762450	6	0	6	0	12	1.932961	0.000000	6	0	179	173	167	1.507139	2.694663	260.735065	0.025142	45421	18.957012	27.352254	256x256	65536	sparse	Learned	299	6	28	2350	31.410458	0.632698	27.144294	0.999426	0.727160	0.409922	8	1	0.333333	37	2380	31.725862	0.680391	0.999386	27.352933	0.387374	0.692452	3896	32.050633	0.696369	0.999728	30.925221	0.277989	0.720755	-0.249033	0.112964	-0.590314	-0.046507	True	0.544640	0.304856	0.723862	27.165146	0.999408	7433
7434.png	0.631359	0.907482	0.951497	0.935323	0.968240	0.999399	27.165575	0.999461	27.477098	1.000000	0.617107	0.467567	31.034660	0.572362	2066	4	1	3	9	1.960000	0.250000	150	147	218.823376	2.766180	0.038296	0.016159	0.059609	-0.000080	0.000041	0.370253	959.417105	0.647690	4	1	3	3	9	1.960000	0.250000	4	0	150	147	138	1.488594	2.766180	218.823376	0.038296	45354	21.952565	31.721200	256x256	65536	sparse	Learned	270	4	25	1973	31.277203	0.607906	27.066955	0.999420	0.629747	0.260662	10	1	0.000000	32	1904	31.483795	0.646671	0.999323	26.819391	0.288230	0.607765	4212	32.023906	0.704231	0.999693	30.476145	0.254226	0.630452	0.410143	0.356445	-0.242542	-0.035544	True	0.626561	0.292959	0.615200	27.105966	0.999479	7434
7435.png	0.659363	0.883226	0.937992	0.931293	0.944790	0.998325	25.855090	0.998848	27.846242	1.000000	0.610932	0.529210	30.626306	0.550012	2078	5	16	30	14	2.144737	3.200000	152	163	276.036580	2.675394	0.059492	0.007472	-2.369360	-0.000658	-0.000200	0.345207	1185.408831	0.660079	5	16	-11	30	14	2.144737	3.200000	5	3	152	163	108	1.693476	2.675394	276.036580	0.059492	45490	21.891242	31.538017	256x256	65536	sparse	Learned	272	5	25	2016	31.013156	0.595763	28.274859	0.999048	0.654793	0.546155	6	2	0.733333	31	1990	31.208900	0.635094	0.998888	27.878832	0.263122	0.647625	4161	31.720720	0.694958	0.999461	30.867191	0.198669	0.657051	-0.428617	0.064776	-0.386850	-0.045751	True	0.617107	0.326579	0.651890	28.224450	0.998983	7435
7436.png	0.712897	0.885057	0.939024	0.921543	0.957182	0.998714	28.646937	0.998763	28.963186	1.000000	0.641204	0.886728	30.373342	0.524672	1924	4	4	9	10	2.000000	1.000000	152	152	224.195959	3.227057	0.030292	0.031448	0.170152	0.000075	0.000151	0.314110	1381.623268	0.716921	4	4	0	9	10	2.000000	1.000000	4	0	152	152	133	1.474973	3.227057	224.195959	0.030292	45787	23.797817	34.062370	256x256	65536	sparse	Learned	272	4	23	1917	30.591656	0.571229	28.565084	0.998613	0.685890	0.443451	10	10	0.000000	27	1742	30.808564	0.603204	0.998178	27.544136	0.054600	0.625563	4879	31.664331	0.711848	0.999227	30.853964	0.030199	0.396956	0.398102	0.197753	-0.218315	-0.046557	True	0.655272	0.581048	0.681449	28.476785	0.998638	7436
7437.png	0.651127	0.821400	0.901944	0.927176	0.878049	0.999195	27.289733	0.999476	27.992470	1.000000	0.524791	0.769226	30.310179	0.531728	1896	5	2	6	12	1.955224	0.400000	134	131	221.107648	2.615759	0.036633	-0.005547	-0.423559	-0.000219	0.000007	0.319940	835.628271	0.688780	5	2	3	6	12	1.955224	0.400000	5	0	134	131	116	1.687845	2.615759	221.107648	0.036633	45736	24.122363	34.565401	256x256	65536	sparse	Learned	254	5	22	1813	30.651268	0.572971	27.592891	0.999470	0.680060	0.365904	9	1	0.100000	27	1750	30.878868	0.609928	0.999373	26.950531	0.230049	0.665931	4854	31.752377	0.712077	0.999759	31.325871	0.193727	0.664474	0.399579	0.158886	-0.341089	-0.041243	True	0.552465	0.424970	0.656674	27.713292	0.999414	7437
7438.png	0.621275	0.898723	0.946660	0.944844	0.948483	0.998259	27.838026	0.998512	28.359859	1.000000	0.586597	0.528250	30.806386	0.580365	2535	6	2	5	13	1.959799	0.333333	199	195	298.178716	3.211737	0.039149	-0.006930	-0.695407	-0.000299	-0.000049	0.381518	1237.984657	0.627181	6	2	4	5	13	1.959799	0.333333	6	0	199	195	181	1.529122	3.211737	298.178716	0.039149	45245	17.848126	25.852465	256x256	65536	sparse	Learned	319	6	29	2488	31.390017	0.634379	28.530855	0.998561	0.618482	0.315334	17	7	0.000000	39	2442	31.704099	0.676055	0.998522	28.342487	0.365099	0.618926	3654	31.931114	0.691680	0.999054	30.800506	0.364494	0.596870	-0.170996	0.271264	-0.583630	-0.054014	True	0.614546	0.324634	0.628205	28.533433	0.998558	7438
7439.png	0.781590	0.908787	0.952214	0.944348	0.960212	0.999470	27.127743	0.999554	27.529060	1.000000	0.675348	0.854403	30.482327	0.542406	2166	4	3	7	9	1.988304	0.750000	171	170	250.722871	2.305566	0.038172	0.005202	0.034946	-0.000080	0.000011	0.207355	839.996099	0.817259	4	3	1	7	9	1.988304	0.750000	4	0	171	170	155	1.474840	2.305566	250.722871	0.038172	45797	21.143583	30.256694	256x256	65536	sparse	Learned	291	4	24	2006	30.798698	0.588338	27.148280	0.999543	0.792645	0.691181	4	1	0.500000	29	2062	31.002267	0.632073	0.999449	26.605421	0.615572	0.759750	4308	31.594403	0.691939	0.999774	30.722099	0.652156	0.764062	0.380780	-0.015833	-0.316371	-0.045931	True	0.684942	0.585217	0.776388	27.092797	0.999550	7439
7440.png	0.759494	0.891807	0.942810	0.938158	0.947508	0.999035	27.741714	0.999218	28.220264	1.000000	0.632121	0.818631	31.046320	0.579749	2355	5	1	3	11	1.958115	0.200000	191	187	286.592929	2.585776	0.030702	0.042949	-0.223893	-0.000181	0.000027	0.270102	1027.294636	0.797428	5	1	4	3	11	1.958115	0.200000	5	0	191	187	177	1.532583	2.585776	286.592929	0.030702	45167	19.179193	27.828450	256x256	65536	sparse	Learned	311	5	27	2152	31.436213	0.624154	27.896059	0.999191	0.729898	0.630892	6	8	0.000000	35	2108	31.621002	0.663603	0.999050	27.487973	0.372150	0.734988	3825	32.005122	0.696809	0.999524	30.511822	0.450190	0.740848	0.324206	0.001228	-0.389893	-0.044405	True	0.643706	0.526958	0.716544	27.965606	0.999216	7440
7441.png	0.712317	0.893311	0.943649	0.929515	0.958220	0.999479	27.729989	0.999523	28.041674	1.000000	0.563078	0.668089	30.388162	0.531706	1995	5	5	11	12	2.000000	1.000000	148	148	243.521861	2.400816	0.037867	-0.007683	0.146137	-0.000038	0.000037	0.269619	800.616503	0.734134	5	5	0	11	12	2.000000	1.000000	5	0	148	148	125	1.645418	2.400816	243.521861	0.037867	45784	22.949373	32.850125	256x256	65536	sparse	Learned	268	5	22	1781	30.631809	0.569286	27.545841	0.999486	0.730381	0.495069	6	2	0.000000	29	1898	30.888137	0.618466	0.999372	26.886049	0.278676	0.695451	4535	31.569539	0.698833	0.999733	30.606765	0.151978	0.700920	0.495833	0.068009	-0.243647	-0.037580	True	0.568289	0.379668	0.720000	27.583852	0.999516	7441
7442.png	0.604955	0.899460	0.947069	0.945390	0.948754	0.998868	28.246717	0.998997	28.592760	1.000000	0.609372	0.464179	31.211349	0.572418	1876	4	4	8	9	2.000000	1.000000	130	130	217.137085	3.373451	0.064490	-0.003976	0.143307	0.000000	0.000118	0.377808	1268.512011	0.606186	4	4	0	8	9	2.000000	1.000000	4	0	130	130	113	1.670285	3.373451	217.137085	0.064490	45042	24.009595	34.933902	256x256	65536	sparse	Learned	250	4	24	1863	31.291557	0.604521	28.126494	0.998879	0.622192	0.289523	11	3	0.000000	31	1640	31.539032	0.633935	0.998725	27.804416	0.292488	0.594114	4734	32.347995	0.727665	0.999448	31.381476	0.194909	0.595092	0.466266	0.319850	-0.080208	-0.032103	True	0.613259	0.284662	0.608931	28.103411	0.998868	7442
7443.png	0.566734	0.822938	0.902870	0.886561	0.919790	0.999078	28.762587	0.999228	29.013798	1.000000	0.599884	0.696573	31.232746	0.580405	1982	5	9	15	11	2.049689	1.800000	161	165	266.178716	2.649685	0.038302	0.017125	-0.023497	-0.000136	0.000006	0.386364	930.491447	0.618725	5	9	-4	15	11	2.049689	1.800000	5	0	161	165	135	1.613204	2.649685	266.178716	0.038302	44858	22.632694	33.065590	256x256	65536	sparse	Learned	281	5	25	1864	31.508086	0.614902	28.758829	0.999223	0.613636	0.442894	8	2	0.000000	34	1904	31.775002	0.654087	0.999083	28.208724	0.136418	0.583433	4621	32.471994	0.730332	0.999546	31.634459	0.081057	0.555869	0.254969	0.156990	-0.275340	-0.034497	True	0.615572	0.428791	0.549609	28.786084	0.999215	7443
7444.png	0.592385	0.916856	0.956625	0.978723	0.935503	0.998650	27.290915	0.999017	27.821193	1.000000	0.573439	0.809359	30.951511	0.578831	2264	5	1	3	11	1.952663	0.200000	169	165	252.906638	3.084893	0.039713	-0.010436	-0.508502	-0.000274	-0.000032	0.380416	1135.342121	0.620609	5	1	4	3	11	1.952663	0.200000	5	0	169	165	155	1.532768	3.084893	252.906638	0.039713	45281	20.000442	28.946996	256x256	65536	sparse	Learned	289	5	26	2096	31.342716	0.618413	27.755667	0.999049	0.619584	0.463399	8	4	0.000000	35	2066	31.560609	0.658422	0.998947	27.660246	0.489022	0.601810	3868	31.958017	0.694049	0.999442	30.661245	0.293548	0.611425	0.065527	0.110040	-0.391205	-0.039582	True	0.607807	0.491933	0.602821	27.799418	0.998924	7444
7445.png	0.678551	0.909757	0.952747	0.941623	0.964136	0.999149	27.629280	0.999200	28.087043	1.000000	0.574007	0.634854	30.338275	0.537644	2394	6	4	7	12	1.978723	0.666667	188	186	293.350288	2.935034	0.044967	0.002951	-0.003461	-0.000050	0.000055	0.347283	1140.458345	0.672696	6	4	2	7	12	1.978723	0.666667	6	1	188	186	169	1.577152	2.935034	293.350288	0.044967	45938	19.188805	27.375104	256x256	65536	sparse	Learned	308	6	25	2211	30.667090	0.590992	27.695609	0.999145	0.652717	0.357036	12	5	0.000000	30	2256	30.878988	0.637000	0.998948	26.976166	0.305536	0.612520	3852	31.232374	0.666483	0.999446	29.901196	0.328842	0.651709	0.391434	0.216971	-0.328816	-0.053349	True	0.597476	0.379310	0.675600	27.632740	0.999199	7445
7446.png	0.729365	0.894610	0.944374	0.932886	0.956148	0.999336	27.337687	0.999486	27.805608	1.000000	0.570013	0.723343	30.983642	0.578379	2054	5	5	10	11	2.000000	1.000000	150	150	249.592929	2.456509	0.044784	0.051627	-0.249694	-0.000184	-0.000020	0.293324	789.689064	0.773494	5	5	0	10	11	2.000000	1.000000	5	1	150	150	129	1.663953	2.456509	249.592929	0.044784	45109	21.961538	31.906524	256x256	65536	sparse	Learned	270	5	26	2021	31.407733	0.619325	27.573789	0.999506	0.706676	0.412865	8	1	0.700000	34	1948	31.628356	0.657021	0.999418	27.326924	0.598280	0.684503	4415	32.260505	0.717913	0.999760	31.364251	0.460979	0.684066	0.231819	0.157148	-0.424091	-0.040946	True	0.576838	0.417252	0.677739	27.587381	0.999520	7446
7447.png	0.762698	0.903251	0.949167	0.966893	0.932079	0.999286	26.475436	0.999521	27.343689	1.000000	0.651808	0.673897	30.231013	0.524849	2001	4	5	10	9	2.012821	1.250000	156	157	244.308658	2.582553	0.029501	-0.008058	-0.506349	-0.000196	0.000002	0.223724	875.078678	0.814167	4	5	-1	10	9	2.012821	1.250000	4	1	156	157	137	1.556106	2.582553	244.308658	0.029501	46000	22.988506	32.751624	256x256	65536	sparse	Learned	276	4	23	1965	30.500759	0.571952	27.047658	0.999519	0.776276	0.457425	7	1	0.625000	28	1994	30.722212	0.619095	0.999430	26.607427	0.412235	0.754346	4715	31.483732	0.700599	0.999792	31.070817	0.423691	0.763400	0.296031	0.194383	-0.269746	-0.047103	True	0.648308	0.436893	0.770757	26.981785	0.999481	7447
7448.png	0.729048	0.894864	0.944515	0.944915	0.944115	0.999294	27.880761	0.999439	28.420851	1.000000	0.660404	0.740489	31.113815	0.568823	2004	4	1	3	9	1.963636	0.250000	165	162	247.865007	2.451653	0.034232	0.018605	-0.192289	-0.000134	0.000006	0.284921	875.339746	0.759735	4	1	3	3	9	1.963636	0.250000	4	0	165	162	153	1.530031	2.451653	247.865007	0.034232	45212	22.560878	32.702595	256x256	65536	sparse	Learned	285	4	25	1879	31.302103	0.604857	28.063932	0.999433	0.715079	0.491691	6	0	0.750000	32	1866	31.494643	0.642352	0.999341	27.769592	0.335021	0.716952	4531	32.210495	0.720403	0.999672	31.096651	0.198715	0.694639	0.356919	0.168713	-0.188288	-0.036034	True	0.686514	0.508356	0.710443	28.073050	0.999427	7448
7449.png	0.612087	0.875592	0.933670	0.928981	0.938406	0.999240	27.357536	0.999393	27.916528	1.000000	0.588522	0.331256	30.178082	0.521595	2077	5	1	3	11	1.951807	0.200000	166	162	260.249783	2.598902	0.047395	0.006377	0.198173	-0.000049	0.000097	0.398922	926.512718	0.617379	5	1	4	3	11	1.951807	0.200000	5	0	166	162	152	1.606480	2.598902	260.249783	0.047395	46071	22.181512	31.553202	256x256	65536	sparse	Learned	286	5	23	2008	30.404026	0.569453	27.215496	0.999296	0.601078	0.299782	11	3	0.000000	27	1892	30.630620	0.610831	0.999208	26.874918	0.215467	0.602971	4514	31.346034	0.691080	0.999641	30.362604	0.188064	0.602418	0.701032	0.288740	-0.225945	-0.047857	True	0.694254	0.229976	0.605710	27.159363	0.999289	7449
7450.png	0.688925	0.859635	0.924520	0.920204	0.928877	0.999302	27.372374	0.999384	27.903428	1.000000	0.559568	0.546057	30.492698	0.534880	1833	4	1	4	8	1.950820	0.250000	122	119	180.166522	3.041434	0.037641	-0.005629	0.112361	-0.000101	0.000074	0.307451	975.278854	0.709016	4	1	3	4	8	1.950820	0.250000	4	0	122	119	110	1.514004	3.041434	180.166522	0.037641	45725	24.945445	35.753410	256x256	65536	sparse	Learned	242	4	22	1793	30.655966	0.572380	27.264366	0.999310	0.692549	0.288230	9	1	0.000000	28	1694	30.888226	0.610941	0.999256	27.063834	0.335401	0.667724	4828	31.750613	0.710614	0.999690	31.239992	0.214246	0.684996	0.639062	0.271339	-0.163268	-0.037500	True	0.578948	0.316139	0.694554	27.260012	0.999403	7450
7451.png	0.698297	0.893449	0.943727	0.934765	0.952862	0.999400	26.663436	0.999528	27.128433	1.000000	0.571729	0.660444	30.223000	0.526815	2161	5	2	4	11	1.963636	0.400000	165	162	244.622366	2.482043	0.033020	-0.013051	-0.359798	-0.000117	0.000009	0.271135	790.570021	0.723941	5	2	3	4	11	1.963636	0.400000	5	0	165	162	150	1.510015	2.482043	244.622366	0.033020	46083	21.324850	30.326701	256x256	65536	sparse	Learned	285	5	24	2124	30.515983	0.578987	26.981450	0.999519	0.728865	0.543424	5	1	0.500000	28	2014	30.734282	0.618911	0.999423	26.385819	0.394984	0.708493	4371	31.328972	0.683705	0.999760	30.454497	0.421606	0.709480	0.146982	0.028305	-0.292983	-0.052172	True	0.581886	0.384303	0.711348	27.023235	0.999516	7451
7452.png	0.584438	0.893975	0.944020	0.936855	0.951295	0.999153	27.611244	0.999285	28.038111	1.000000	0.739460	0.496927	30.534291	0.549208	2309	4	9	16	10	2.051282	2.250000	195	200	314.663997	2.766858	0.031137	-0.035619	-0.161045	-0.000129	0.000023	0.360920	985.662222	0.605324	4	9	-5	16	10	2.051282	2.250000	4	1	195	200	169	1.573320	2.766858	314.663997	0.031137	45685	19.785621	28.382850	256x256	65536	sparse	Learned	315	4	25	2174	30.835603	0.597421	27.746221	0.999263	0.639080	0.261155	15	2	0.000000	32	2198	31.113997	0.646609	0.999143	27.357533	0.295312	0.583818	4128	31.563055	0.689513	0.999571	30.593434	0.201484	0.623331	0.291889	0.478306	-0.301313	-0.048212	True	0.754633	0.374998	0.620057	27.772288	0.999282	7452
7453.png	0.702194	0.876052	0.933931	0.921900	0.946281	0.999256	27.863742	0.999336	28.243094	1.000000	0.548419	0.756218	31.142131	0.576115	1789	4	1	3	9	1.950000	0.250000	120	117	182.509668	3.272260	0.046651	0.008646	0.025904	-0.000136	0.000005	0.290511	1059.281588	0.717849	4	1	3	3	9	1.950000	0.250000	4	0	120	117	108	1.559912	3.272260	182.509668	0.046651	45048	25.180548	36.632756	256x256	65536	sparse	Learned	240	4	23	1762	31.350549	0.607219	27.816556	0.999331	0.709489	0.462056	6	5	0.000000	32	1738	31.597620	0.643844	0.999291	27.732768	0.491352	0.700224	5261	32.629905	0.746995	0.999699	32.025796	0.290125	0.689100	0.426538	0.086363	-0.208418	-0.031104	True	0.589344	0.445673	0.693548	27.837838	0.999392	7453
7455.png	0.703030	0.886270	0.939707	0.948985	0.930608	0.998915	27.432318	0.999199	28.049322	1.000000	0.628423	0.628295	30.237025	0.540303	2552	6	6	9	14	2.000000	1.000000	220	220	345.362482	2.736237	0.032712	0.023373	-0.754493	-0.000306	-0.000066	0.310145	907.858372	0.716933	6	6	0	9	14	2.000000	1.000000	6	0	220	220	197	1.569829	2.736237	345.362482	0.032712	45809	17.950235	25.680251	256x256	65536	sparse	Learned	340	6	27	2506	30.728146	0.605379	28.174187	0.999265	0.689855	0.452185	11	3	0.000000	31	2324	30.953873	0.644065	0.999084	27.347516	0.255646	0.659462	3652	31.242361	0.663683	0.999469	29.883767	0.264957	0.678692	-0.124865	0.176238	-0.491120	-0.065076	True	0.645365	0.405479	0.679658	28.186811	0.999221	7455
7456.png	0.498967	0.825397	0.904348	0.875789	0.934831	0.999366	27.950442	0.999448	28.482673	1.000000	0.510808	0.554931	31.356451	0.578085	1608	4	0	0	8	1.928571	0.000000	112	108	160.539105	2.883325	0.042283	-0.002491	0.136174	-0.000066	0.000081	0.447776	1072.783709	0.552929	4	0	4	0	8	1.928571	0.000000	4	0	112	108	104	1.486473	2.883325	160.539105	0.042283	44847	27.889925	40.756219	256x256	65536	sparse	Learned	232	4	21	1603	31.369517	0.597669	27.792758	0.999368	0.552224	0.407853	5	1	0.375000	32	1446	31.709626	0.632425	0.999349	27.775874	0.342953	0.579961	5867	33.008978	0.764531	0.999754	32.789607	0.293387	0.558767	0.689915	0.102955	-0.013066	-0.019584	True	0.508356	0.282103	0.501458	27.814268	0.999432	7456
7457.png	0.635744	0.887431	0.940359	0.967620	0.914591	0.998990	26.855621	0.999312	27.811077	1.000000	0.583138	0.889556	30.872560	0.566313	1890	4	3	5	7	1.984496	0.750000	129	128	197.651804	3.183990	0.041929	0.010182	-0.675359	-0.000223	0.000030	0.353020	917.582512	0.677023	4	3	1	5	7	1.984496	0.750000	4	0	129	128	117	1.544155	3.183990	197.651804	0.041929	45282	23.958730	34.675132	256x256	65536	sparse	Learned	249	4	23	1803	31.141752	0.597880	27.505748	0.999282	0.646980	0.398646	7	3	0.000000	33	1870	31.452646	0.641528	0.999268	27.531567	0.515675	0.636119	4991	32.308139	0.733126	0.999656	31.343468	0.313398	0.642667	0.305329	0.184492	-0.269191	-0.031566	True	0.626561	0.557361	0.625562	27.530981	0.999213	7457
7458.png	0.647956	0.853324	0.920858	0.905455	0.936795	0.999351	28.342433	0.999366	28.579858	1.000000	0.744619	0.644476	31.175894	0.575899	2179	4	11	17	9	2.071795	2.750000	195	202	318.421356	2.321265	0.032469	0.000454	0.148960	0.000007	0.000060	0.330157	910.681486	0.669421	4	11	-7	17	9	2.071795	2.750000	4	2	195	202	169	1.576343	2.321265	318.421356	0.032469	45093	20.694355	30.076182	256x256	65536	sparse	Learned	315	4	27	2178	31.391851	0.619131	28.172761	0.999305	0.669843	0.468169	7	1	0.375000	36	2050	31.679078	0.657616	0.999255	27.941681	0.387930	0.664416	4135	32.114032	0.704975	0.999626	31.371421	0.278959	0.656696	0.407097	0.276451	-0.215958	-0.043232	True	0.749676	0.483149	0.647502	28.193473	0.999344	7458
7459.png	0.636812	0.890323	0.941980	0.934801	0.949269	0.999352	27.970748	0.999477	28.326028	1.000000	0.651808	0.606289	30.926941	0.563958	2055	4	1	3	9	1.963636	0.250000	165	162	249.421356	2.413562	0.035764	0.004687	0.101063	-0.000089	0.000016	0.343517	807.859182	0.668050	4	1	3	3	9	1.963636	0.250000	4	0	165	162	153	1.539638	2.413562	249.421356	0.035764	45336	22.061314	31.890998	256x256	65536	sparse	Learned	285	4	25	1981	31.147636	0.602247	27.921678	0.999461	0.656483	0.423874	7	0	0.625000	33	1948	31.429931	0.644857	0.999385	27.550994	0.377671	0.606391	4280	31.958562	0.702467	0.999719	31.154067	0.220333	0.618902	0.404350	0.227934	-0.220695	-0.038289	True	0.668789	0.405479	0.632124	27.869685	0.999442	7459
7460.png	0.714672	0.900862	0.947846	0.931476	0.964801	0.998741	27.953206	0.998775	28.278926	1.000000	0.538528	0.816177	31.309023	0.596873	2296	5	4	8	11	1.988439	0.800000	173	172	263.007143	3.258560	0.033591	0.018495	-0.437397	-0.000167	0.000009	0.302521	1226.054668	0.717553	5	4	1	8	11	1.988439	0.800000	6	0	173	172	154	1.529111	3.258560	263.007143	0.033591	44854	19.535714	28.543554	256x256	65536	sparse	Learned	295	6	28	2233	31.698660	0.637899	28.429226	0.998767	0.697479	0.522886	9	6	0.000000	38	2160	31.995044	0.677506	0.998610	28.135500	0.416280	0.691966	3860	32.294293	0.707712	0.999342	31.231806	0.395606	0.675248	-0.150300	0.015642	-0.389637	-0.041026	True	0.626187	0.511080	0.696177	28.390603	0.998909	7460
7461.png	0.743902	0.901271	0.948072	0.945641	0.950515	0.998640	28.608984	0.998718	28.911527	1.000000	0.735523	0.868450	31.147567	0.583198	2435	4	0	1	9	1.962264	0.000000	212	208	309.634560	3.106563	0.027164	0.058404	-0.001014	-0.000070	0.000083	0.298701	1186.842203	0.770370	4	0	4	1	9	1.962264	0.000000	4	0	212	208	202	1.488628	3.106563	309.634560	0.027164	45107	18.524435	26.914168	256x256	65536	sparse	Learned	332	4	29	2366	31.429253	0.629783	28.580912	0.998634	0.701299	0.556918	10	14	0.000000	38	2350	31.759222	0.674710	0.998349	27.975723	0.244216	0.674500	3764	32.021732	0.696878	0.999151	30.956915	0.184474	0.693246	0.330616	0.178605	-0.281686	-0.046585	True	0.757074	0.657481	0.685498	28.609998	0.998710	7461
7462.png	0.690789	0.896665	0.945517	0.945245	0.945790	0.998931	26.900994	0.999209	27.483110	1.000000	0.671099	0.501181	30.698004	0.571837	2579	5	3	5	10	1.981043	0.600000	211	209	320.705627	2.773695	0.042480	0.021535	-0.851548	-0.000318	-0.000082	0.323285	876.577377	0.713889	5	3	2	5	10	1.981043	0.600000	5	0	211	209	196	1.534477	2.773695	320.705627	0.042480	45453	17.624273	25.411400	256x256	65536	sparse	Learned	331	5	28	2551	31.163575	0.626690	27.807659	0.999291	0.676715	0.352735	12	1	0.000000	36	2578	31.506474	0.677445	0.999175	27.492962	0.360243	0.672251	3380	31.601024	0.668381	0.999518	30.086286	0.411930	0.683394	-0.324549	0.318364	-0.465571	-0.054853	True	0.695170	0.348406	0.669255	27.752542	0.999250	7462
7463.png	0.534459	0.884937	0.938957	0.909026	0.970926	0.999183	28.396005	0.999108	28.540446	1.000000	0.658702	0.460349	30.363438	0.529429	1980	4	5	9	9	2.012346	1.250000	162	163	238.409163	2.861224	0.040390	-0.030513	0.372975	-0.000005	0.000045	0.429837	1104.373455	0.540706	4	5	-1	9	9	2.012346	1.250000	4	0	162	163	144	1.462633	2.861224	238.409163	0.040390	45761	23.111616	33.098990	256x256	65536	sparse	Learned	282	4	23	1966	30.597142	0.574463	28.054603	0.999063	0.570163	0.381217	10	7	0.000000	30	1962	30.953340	0.619616	0.998948	27.534822	0.144913	0.564442	4853	31.726730	0.710884	0.999482	31.039757	0.080569	0.550837	0.485843	0.277486	-0.233704	-0.045033	True	0.681776	0.313855	0.564972	28.023030	0.999188	7463
7464.png	0.763462	0.888171	0.940774	0.920295	0.962185	0.999311	27.566225	0.999325	27.978830	1.000000	0.637960	0.993639	30.667502	0.557321	2337	5	10	18	13	2.053191	2.000000	188	193	297.936075	2.666724	0.029184	0.045753	-0.298686	-0.000085	0.000006	0.253488	1015.945911	0.792489	5	10	-5	18	13	2.053191	2.000000	5	1	188	193	157	1.543710	2.666724	297.936075	0.029184	45564	19.496791	28.042790	256x256	65536	sparse	Learned	308	5	26	2199	31.037469	0.606672	27.851589	0.999319	0.746512	0.597476	6	8	0.000000	33	2312	31.303446	0.656443	0.999191	27.201962	0.489569	0.728229	3986	31.693413	0.690166	0.999634	30.664222	0.301589	0.741279	0.127240	0.040484	-0.369967	-0.049352	True	0.654927	0.650761	0.717709	27.864910	0.999396	7464
7465.png	0.528522	0.819444	0.900763	0.915066	0.886901	0.998970	28.098582	0.999215	28.416073	1.000000	0.620917	0.401566	31.475116	0.594314	1909	4	6	8	8	2.025000	1.500000	160	162	223.580736	3.055994	0.026185	0.003976	-0.258947	-0.000249	-0.000008	0.438202	962.521553	0.579290	4	6	-2	8	8	2.025000	1.500000	4	1	160	162	144	1.380128	3.055994	223.580736	0.026185	44692	23.411210	34.330016	256x256	65536	sparse	Learned	280	4	26	1884	31.770106	0.628280	28.233822	0.999223	0.561798	0.329680	7	3	0.000000	37	1782	32.019442	0.660648	0.999213	28.256907	0.374998	0.585485	4971	32.847035	0.745541	0.999643	32.386216	0.301160	0.572708	0.182251	0.291237	-0.294990	-0.033966	True	0.663784	0.266553	0.524546	28.357529	0.999220	7465
7466.png	0.683088	0.900196	0.947477	0.933442	0.961941	0.997747	28.732065	0.997720	28.963578	1.000000	0.760691	0.944191	30.963456	0.571413	2415	4	5	13	10	2.010309	1.250000	194	195	322.320851	3.715887	0.051209	-0.020954	0.086949	0.000048	0.000155	0.300039	1582.890511	0.687835	4	5	-1	13	10	2.010309	1.250000	4	1	194	195	171	1.652927	3.715887	322.320851	0.051209	45305	18.759834	27.137060	256x256	65536	sparse	Learned	314	4	28	2349	31.313373	0.623427	28.708327	0.997565	0.699961	0.494227	12	13	0.000000	37	2390	31.555592	0.668632	0.997180	28.265995	0.341491	0.668726	3938	31.880381	0.695530	0.998554	31.080508	0.194558	0.658810	0.255251	0.266464	-0.349917	-0.052014	True	0.784544	0.740760	0.704041	28.645116	0.997699	7466
7467.png	0.606061	0.885111	0.939055	0.953885	0.924679	0.998691	26.925813	0.999126	27.936157	1.000000	0.654927	0.570465	30.400279	0.547376	2279	5	7	14	12	2.021739	1.400000	184	186	316.948268	2.667039	0.049534	0.014339	-1.022477	-0.000366	-0.000007	0.419288	1105.735540	0.619131	5	7	-2	14	12	2.021739	1.400000	5	0	184	186	158	1.704023	2.667039	316.948268	0.049534	45668	20.038613	28.756472	256x256	65536	sparse	Learned	304	5	25	2154	30.840821	0.597835	27.921524	0.999133	0.580712	0.310252	14	1	0.000000	31	2114	31.078185	0.642297	0.999041	27.433753	0.305307	0.571807	4056	31.573534	0.688191	0.999494	30.798542	0.310033	0.574299	0.014632	0.344676	-0.440542	-0.050459	True	0.650761	0.371236	0.591722	27.948289	0.999057	7467
7468.png	0.639164	0.855738	0.922261	0.926627	0.917937	0.998985	27.436113	0.999158	27.937403	1.000000	0.555142	0.502172	30.171337	0.539076	2345	6	5	11	14	1.988827	0.833333	179	178	282.906638	2.914457	0.032022	0.010018	-0.313658	-0.000115	0.000041	0.355759	1163.481474	0.665169	6	5	1	11	14	1.988827	0.833333	6	0	179	178	154	1.589363	2.914457	282.906638	0.032022	45873	19.562047	27.947122	256x256	65536	sparse	Learned	299	6	26	2333	30.724764	0.599332	27.755313	0.999117	0.644241	0.388394	12	3	0.000000	31	2286	30.935251	0.642833	0.998905	26.994613	0.452407	0.627390	3940	31.335646	0.676554	0.999437	29.772135	0.261199	0.642640	0.182090	0.166748	-0.553427	-0.060255	True	0.592073	0.297322	0.629146	27.749771	0.999100	7468
7469.png	0.604947	0.882392	0.937522	0.948446	0.926846	0.998417	27.815678	0.998808	28.591303	1.000000	0.601481	0.528790	31.359880	0.589581	1934	4	5	9	10	2.014599	1.250000	137	138	218.551299	3.426469	0.037060	-0.025164	-0.444597	-0.000227	0.000076	0.359365	1301.130772	0.630854	4	5	-1	9	10	2.014599	1.250000	4	0	137	138	118	1.583705	3.426469	218.551299	0.037060	44873	23.202172	33.886246	256x256	65536	sparse	Learned	257	4	25	1852	31.660763	0.620620	28.273026	0.998732	0.640635	0.430421	7	3	0.000000	35	1798	31.871128	0.657508	0.998506	27.710803	0.341491	0.624668	4834	32.646530	0.739256	0.999408	31.834160	0.279277	0.608696	0.318277	0.171060	-0.300883	-0.031039	True	0.617107	0.326320	0.630110	28.260275	0.998645	7469
7470.png	0.771904	0.937685	0.967841	0.968582	0.967100	0.999329	26.628375	0.999489	27.240713	1.000000	0.597476	0.712881	30.227238	0.537616	2124	4	0	0	8	1.948052	0.000000	154	150	201.610173	3.144452	0.025075	-0.004123	-0.393622	-0.000135	0.000005	0.237415	854.427576	0.780772	4	0	4	0	8	1.948052	0.000000	4	0	154	150	146	1.344068	3.144452	201.610173	0.025075	45942	21.629944	30.854991	256x256	65536	sparse	Learned	274	4	23	2037	30.601118	0.582734	27.042873	0.999484	0.762585	0.621674	5	7	0.000000	30	2050	30.910206	0.629437	0.999396	26.595587	0.379668	0.743677	4358	31.511318	0.690329	0.999753	30.411636	0.468738	0.758076	0.197840	-0.024199	-0.373880	-0.045118	True	0.595458	0.424491	0.776027	27.021997	0.999464	7470
7471.png	0.699773	0.849752	0.918774	0.899243	0.939173	0.998760	28.693589	0.998771	28.858747	1.000000	0.757074	0.723351	30.441395	0.537032	2288	4	8	14	10	2.038835	2.000000	206	210	320.835570	2.739801	0.041273	0.027430	0.215970	0.000044	0.000150	0.285566	1196.121693	0.738244	4	8	-4	14	10	2.038835	2.000000	4	0	206	210	182	1.527788	2.739801	320.835570	0.041273	45676	19.963287	28.643357	256x256	65536	sparse	Learned	326	4	26	2232	30.802099	0.594380	28.441054	0.998621	0.714434	0.354446	17	11	0.000000	30	2074	30.972027	0.627861	0.998413	27.670993	0.074617	0.647396	4074	31.481815	0.687199	0.999206	30.483591	0.037102	0.538662	0.417693	0.402628	-0.360703	-0.057348	True	0.671099	0.485441	0.672343	28.477619	0.998717	7471
7472.png	0.759615	0.911595	0.953753	0.967369	0.940516	0.999097	26.619699	0.999372	27.364806	1.000000	0.700308	0.995992	30.422885	0.553658	2296	4	2	6	10	1.977143	0.500000	175	173	273.693434	2.713928	0.049768	0.038060	-0.723887	-0.000249	-0.000044	0.282822	1061.231375	0.782982	4	2	2	6	10	1.977143	0.500000	4	0	175	173	159	1.582043	2.713928	273.693434	0.049768	45705	19.906359	28.543554	256x256	65536	sparse	Learned	295	4	25	2124	30.909683	0.601102	27.413785	0.999416	0.717178	0.497707	7	0	0.625000	31	2296	31.142395	0.652466	0.999302	26.950255	0.445673	0.715759	4086	31.587448	0.686821	0.999655	29.994953	0.397499	0.713460	-0.048979	0.202601	-0.486799	-0.047444	True	0.714924	0.712059	0.721555	27.343586	0.999346	7472
7473.png	0.496446	0.889652	0.941604	0.941867	0.941341	0.998298	28.545083	0.998406	28.754639	1.000000	0.566559	0.337378	31.168576	0.574210	2036	5	2	6	10	1.959459	0.400000	148	145	233.693434	3.682212	0.042018	-0.035708	0.090203	0.000064	0.000190	0.455970	1380.899668	0.507438	5	2	3	6	10	1.959459	0.400000	5	0	148	145	132	1.611679	3.682212	233.693434	0.042018	45081	22.141945	32.188605	256x256	65536	sparse	Learned	268	5	26	2007	31.402967	0.612837	28.426987	0.998216	0.544030	0.252567	18	8	0.000000	35	1948	31.594601	0.648164	0.997921	28.023222	0.255755	0.487263	4511	32.235433	0.719261	0.999103	31.402084	0.150287	0.528717	0.327652	0.313992	-0.234391	-0.038627	True	0.598280	0.201847	0.532154	28.454879	0.998233	7473
7474.png	0.674033	0.886607	0.939896	0.928037	0.952061	0.999390	26.969531	0.999511	27.478897	1.000000	0.493383	0.636436	30.900824	0.565811	1923	5	0	0	10	1.925373	0.000000	134	129	201.036580	2.533086	0.017254	0.055821	0.107631	-0.000091	0.000047	0.353730	776.529551	0.713092	5	0	5	0	10	1.925373	0.000000	5	0	134	129	124	1.558423	2.533086	201.036580	0.017254	45362	23.589184	34.080083	256x256	65536	sparse	Learned	254	5	24	1885	31.140322	0.601422	26.882928	0.999464	0.646270	0.316139	8	2	0.000000	31	1848	31.414712	0.640623	0.999401	26.627601	0.381217	0.660000	4679	32.129160	0.717717	0.999790	31.345279	0.253871	0.663043	0.595969	0.177244	-0.239498	-0.035612	True	0.605446	0.385328	0.618212	26.861900	0.999481	7474
7475.png	0.783742	0.915504	0.955888	0.976033	0.936558	0.999013	27.000967	0.999328	27.805466	1.000000	0.601481	1.009783	31.327101	0.588405	2029	4	2	3	7	1.973684	0.500000	152	150	208.823376	3.008988	0.021814	0.002742	-0.993346	-0.000284	-0.000037	0.206562	993.735313	0.830249	4	2	2	3	7	1.973684	0.500000	4	0	152	150	142	1.392156	3.008988	208.823376	0.021814	45003	22.179892	32.299655	256x256	65536	sparse	Learned	272	4	26	2025	31.535856	0.623109	27.888085	0.999365	0.793438	0.622808	4	3	0.000000	35	1902	31.827560	0.660573	0.999270	27.471675	0.520974	0.804658	4654	32.495938	0.730829	0.999730	31.704932	0.548870	0.795812	-0.082619	-0.021327	-0.208756	-0.034705	True	0.603469	0.609372	0.781001	27.994314	0.999297	7475
7476.png	0.590130	0.866163	0.928282	0.948159	0.909222	0.998860	28.565942	0.999011	28.955935	1.000000	0.566126	0.398857	31.599433	0.592668	1722	4	0	2	8	1.932203	0.000000	118	114	179.024387	3.334319	0.034369	0.010716	0.362729	0.000025	0.000197	0.419580	1194.881201	0.609531	4	0	4	2	8	1.932203	0.000000	4	0	118	114	108	1.570389	3.334319	179.024387	0.034369	44713	25.965738	38.058072	256x256	65536	sparse	Learned	238	4	23	1702	31.584256	0.613130	28.164674	0.998815	0.580420	0.344266	10	5	0.000000	33	1688	31.973614	0.655584	0.998767	28.122719	0.419191	0.555712	5507	33.087946	0.759651	0.999615	33.559005	0.226843	0.561750	0.791261	0.221860	0.015177	-0.020462	True	0.609372	0.243053	0.579414	28.203213	0.998834	7476
7477.png	0.692213	0.908629	0.952128	0.947090	0.957219	0.999110	26.603241	0.999226	27.017717	1.000000	0.658702	0.988097	30.703006	0.564737	2181	4	3	8	11	1.987342	0.750000	158	157	252.107648	3.075727	0.045796	-0.009636	-0.258335	-0.000140	0.000031	0.299763	1208.795071	0.707378	4	3	1	8	11	1.987342	0.750000	4	0	158	157	139	1.605781	3.075727	252.107648	0.045796	45628	20.920679	30.048602	256x256	65536	sparse	Learned	278	4	25	2047	31.014132	0.603637	26.808741	0.999195	0.700237	0.498424	6	2	0.000000	33	1974	31.316126	0.646166	0.999199	27.027022	0.534998	0.699581	4264	31.843613	0.696561	0.999680	31.177736	0.423050	0.685218	0.208976	0.160278	-0.311125	-0.038900	True	0.680181	0.672085	0.701849	26.861576	0.999250	7477
7478.png	0.715497	0.873943	0.932732	0.916197	0.949875	0.999191	27.931651	0.999117	28.206261	1.000000	0.635781	0.637282	31.526414	0.597440	1933	4	5	12	12	2.014388	1.250000	139	140	240.693434	2.691166	0.048774	0.015856	-0.094552	-0.000112	0.000029	0.294492	1043.714762	0.737366	4	5	-1	12	12	2.014388	1.250000	4	0	139	140	115	1.719239	2.691166	240.693434	0.048774	44725	23.137610	33.903777	256x256	65536	sparse	Learned	259	4	26	1905	31.773321	0.630233	27.994149	0.999088	0.705508	0.680181	4	3	0.000000	36	1770	32.006026	0.661860	0.998997	27.717513	0.332356	0.672982	4688	32.734273	0.741089	0.999599	31.836757	0.369618	0.684989	0.212112	-0.044400	-0.246907	-0.032793	True	0.688077	0.438500	0.699642	28.026203	0.999303	7478
7479.png	0.726083	0.864173	0.927138	0.942060	0.912682	0.999327	26.825090	0.999568	27.844681	1.000000	0.508356	0.912233	30.984996	0.561693	1730	4	1	3	9	1.945946	0.250000	111	108	163.024387	2.855402	0.029602	-0.039454	-0.958996	-0.000215	0.000005	0.247863	1003.222227	0.768908	4	1	3	3	9	1.945946	0.250000	4	0	111	108	99	1.509485	2.855402	163.024387	0.029602	45248	26.154913	37.882081	256x256	65536	sparse	Learned	231	4	23	1708	31.213802	0.591742	27.711796	0.999563	0.752137	0.407458	6	3	0.000000	31	1594	31.396614	0.626401	0.999475	27.077895	0.437858	0.742308	5308	32.409899	0.742935	0.999812	31.650451	0.358535	0.724041	0.132885	0.100898	-0.228806	-0.030048	True	0.520495	0.474813	0.765537	27.784086	0.999543	7479
7480.png	0.562273	0.858708	0.923984	0.919704	0.928304	0.998985	28.103687	0.999032	28.555869	1.000000	0.680181	0.368563	30.434274	0.532377	2124	4	3	9	11	1.988506	0.750000	174	173	263.592929	3.148480	0.028818	-0.022991	0.113042	-0.000039	0.000108	0.424545	1094.980240	0.574197	4	3	1	9	11	1.988506	0.750000	4	0	174	173	154	1.523659	3.148480	263.592929	0.028818	45767	21.547552	30.854991	256x256	65536	sparse	Learned	294	4	25	2110	30.722698	0.585354	28.009234	0.998923	0.575455	0.308637	11	1	0.000000	28	2034	30.914998	0.621744	0.998864	27.687324	0.100800	0.551297	4268	31.489199	0.688833	0.999347	30.743448	0.070853	0.581981	0.546635	0.371544	-0.288424	-0.052977	True	0.527633	0.194466	0.585264	27.990644	0.999024	7480
7481.png	0.592568	0.909699	0.952715	0.941828	0.963855	0.998634	27.855533	0.998866	28.313113	1.000000	0.656991	0.528391	31.094561	0.573998	2097	4	9	13	10	2.060976	2.250000	164	169	259.592929	2.725076	0.037742	-0.007036	-0.336926	-0.000325	-0.000071	0.390308	1160.999298	0.599606	4	9	-5	13	10	2.060976	2.250000	4	1	164	169	141	1.536053	2.725076	259.592929	0.037742	45169	21.539819	31.252265	256x256	65536	sparse	Learned	284	4	26	2013	31.391712	0.613686	28.268795	0.998937	0.609692	0.427361	8	4	0.000000	33	1928	31.576065	0.647690	0.998799	27.784608	0.374303	0.600524	4506	32.240515	0.718909	0.999404	31.396344	0.227478	0.597394	0.044318	0.229630	-0.297152	-0.039688	True	0.668789	0.353382	0.599604	28.192459	0.998960	7481
7482.png	0.642964	0.848829	0.918234	0.907436	0.929293	0.999112	27.070336	0.999301	27.860047	1.000000	0.539757	0.478689	31.635997	0.612715	2041	4	3	6	10	1.986301	0.750000	146	145	232.441983	2.865622	0.040967	0.000408	-0.437381	-0.000211	-0.000032	0.356449	1012.235880	0.666168	4	3	1	6	10	1.986301	0.750000	5	0	146	145	130	1.603048	2.865622	232.441983	0.040967	44612	21.857913	32.109750	256x256	65536	sparse	Learned	266	5	27	2041	31.865927	0.643053	27.629747	0.999334	0.643551	0.275170	11	2	0.000000	40	1968	32.251878	0.681605	0.999391	28.393710	0.337676	0.627645	4606	32.916999	0.742208	0.999718	31.965196	0.324787	0.634386	0.230300	0.264587	-0.229930	-0.030337	True	0.566559	0.271206	0.642556	27.507716	0.999323	7482
7483.png	0.571721	0.899800	0.947257	0.950600	0.943938	0.998806	26.985867	0.999022	27.829967	1.000000	0.487267	0.558886	30.318373	0.533212	1975	5	2	3	9	1.954887	0.400000	133	130	184.267027	3.503232	0.030749	-0.012786	-0.227121	-0.000096	0.000134	0.412750	1049.357891	0.590972	5	2	3	3	9	1.954887	0.400000	5	0	133	130	121	1.417439	3.503232	184.267027	0.030749	45843	23.211646	33.182785	256x256	65536	sparse	Learned	253	5	22	1819	30.582974	0.570181	27.179541	0.998888	0.587250	0.209429	12	0	0.300000	29	1958	30.876431	0.620828	0.998777	27.039877	0.206188	0.545631	4605	31.578997	0.698468	0.999481	31.206570	0.212388	0.590078	0.650426	0.277838	-0.264601	-0.036970	True	0.509338	0.284662	0.584507	27.212988	0.998902	7483
7484.png	0.608180	0.911400	0.953646	0.943154	0.964375	0.998555	28.057712	0.998676	28.528683	1.000000	0.593430	0.737289	31.787063	0.612829	2004	4	3	5	7	1.985075	0.750000	134	133	205.066017	3.683098	0.043431	-0.007026	-0.174646	-0.000125	0.000106	0.391900	1108.069420	0.609485	4	3	1	5	7	1.985075	0.750000	4	0	134	133	122	1.541850	3.683098	205.066017	0.043431	44506	22.208583	32.702595	256x256	65536	sparse	Learned	254	4	26	1904	31.947392	0.639768	28.244271	0.998570	0.608100	0.421606	8	7	0.000000	41	1956	32.309506	0.678793	0.998575	28.455032	0.289415	0.563437	4551	32.900619	0.740996	0.999321	31.842107	0.371623	0.598632	0.284412	0.171824	-0.160329	-0.026940	True	0.633955	0.467408	0.615206	28.232358	0.998680	7484
7485.png	0.564805	0.896070	0.945187	0.933728	0.956930	0.998646	28.326369	0.998599	28.613451	1.000000	0.682729	0.462199	30.077604	0.521363	2420	5	7	10	9	2.018182	1.400000	220	222	327.149278	2.880733	0.024541	0.033586	0.039036	-0.000050	0.000116	0.464740	1305.350780	0.570312	5	7	-2	10	9	2.018182	1.400000	5	1	220	222	201	1.473645	2.880733	327.149278	0.024541	46012	19.013223	27.080992	256x256	65536	sparse	Learned	340	5	26	2369	30.516623	0.585899	28.285555	0.998483	0.535260	0.214027	24	3	0.000000	27	2170	30.676735	0.618692	0.998156	27.419287	0.083348	0.512941	3881	31.114038	0.664039	0.998888	29.948431	0.059163	0.530603	0.327897	0.468702	-0.439019	-0.064536	True	0.617107	0.285226	0.531219	28.287333	0.998695	7485
7486.png	0.402381	0.860182	0.924837	0.893449	0.958510	0.999275	28.064525	0.999234	28.416255	1.000000	0.601481	0.328325	30.099166	0.518267	1867	4	7	12	9	2.047244	1.750000	127	130	214.237590	3.098410	0.047566	-0.025145	0.600057	0.000061	0.000166	0.573231	1157.663345	0.395331	4	7	-3	12	9	2.047244	1.750000	4	1	127	130	106	1.647981	3.098410	214.237590	0.047566	45932	24.602035	35.102303	256x256	65536	sparse	Learned	247	4	21	1717	30.408513	0.556614	27.519773	0.999067	0.426769	0.203876	15	3	0.000000	26	1690	30.684686	0.597126	0.998963	27.266672	0.199263	0.373913	5028	31.635410	0.712636	0.999592	31.181948	0.173631	0.438148	0.896481	0.397605	-0.309346	-0.038347	True	0.601481	0.197481	0.427526	27.464468	0.999214	7486
7487.png	0.698873	0.885039	0.939014	0.919804	0.959044	0.998928	27.969369	0.998913	28.228278	1.000000	0.701803	0.589316	30.084839	0.522275	2272	4	2	4	9	1.977143	0.500000	175	173	284.462987	3.208048	0.045543	0.037094	-0.002280	-0.000060	0.000053	0.336579	1160.771370	0.701681	4	2	2	4	9	1.977143	0.500000	4	0	175	173	162	1.644295	3.208048	284.462987	0.045543	46018	20.254401	28.845070	256x256	65536	sparse	Learned	295	4	24	2164	30.422196	0.577550	28.053335	0.998861	0.663421	0.503415	10	10	0.000000	26	2078	30.632207	0.614935	0.998524	27.195555	0.112308	0.636576	4069	31.176160	0.672862	0.999190	29.869136	0.103958	0.630356	0.174942	0.198388	-0.337357	-0.055276	True	0.743339	0.438062	0.661779	27.971649	0.998988	7487
7488.png	0.570588	0.887779	0.940554	0.926994	0.954517	0.999153	28.170096	0.999208	28.309537	1.000000	0.742053	0.477883	30.525109	0.547594	2359	4	6	14	13	2.020513	1.500000	195	197	315.249783	2.766261	0.044170	0.003382	0.153711	-0.000039	0.000024	0.415419	1072.458744	0.583333	4	6	-2	14	13	2.020513	1.500000	4	0	195	197	168	1.600253	2.766261	315.249783	0.044170	45655	19.353540	27.781263	256x256	65536	sparse	Learned	315	4	27	2348	30.962891	0.605438	28.072343	0.999185	0.584581	0.309266	14	4	0.000000	32	2186	31.105181	0.643721	0.999018	27.461876	0.478699	0.564706	3813	31.468366	0.673555	0.999487	30.226527	0.291780	0.577418	0.237194	0.432787	-0.437783	-0.057844	True	0.758286	0.362372	0.567206	28.016384	0.999192	7488
7489.png	0.598620	0.902848	0.948944	0.942857	0.955109	0.998725	27.665467	0.998907	28.221923	1.000000	0.585217	0.586859	31.511596	0.606752	2187	5	6	10	9	2.012048	1.200000	166	167	255.521861	3.317421	0.044908	0.004433	-0.673301	-0.000227	-0.000048	0.412155	1156.003237	0.604811	5	6	-1	10	9	2.012048	1.200000	5	0	166	167	147	1.530071	3.317421	255.521861	0.044908	44729	20.452218	29.966164	256x256	65536	sparse	Learned	286	5	28	2120	31.912245	0.643581	28.369082	0.998955	0.587845	0.290813	11	2	0.000000	40	2100	32.197154	0.682056	0.998897	28.469427	0.435282	0.578246	4267	32.632509	0.726228	0.999404	31.736113	0.340560	0.588883	-0.147159	0.294404	-0.400649	-0.036828	True	0.586873	0.344412	0.594187	28.338768	0.998951	7489
7490.png	0.555376	0.887588	0.940447	0.924390	0.957071	0.999163	27.769130	0.999254	28.109211	1.000000	0.546155	0.464826	31.496941	0.598312	1844	4	1	4	10	1.947368	0.250000	114	111	182.338095	3.181219	0.046282	0.024549	0.127274	0.000020	0.000094	0.445774	1068.150043	0.575321	4	1	3	4	10	1.947368	0.250000	4	0	114	111	100	1.642686	3.181219	182.338095	0.046282	44730	24.257050	35.540130	256x256	65536	sparse	Learned	234	4	24	1706	31.694819	0.622311	27.653497	0.999160	0.554226	0.317846	8	1	0.000000	35	1776	32.011663	0.661809	0.999020	27.550681	0.221907	0.540996	5058	32.866103	0.747117	0.999618	32.346928	0.182131	0.553881	0.455713	0.228309	-0.197878	-0.023999	True	0.563951	0.262139	0.530827	27.641856	0.999142	7490
7491.png	0.659221	0.904352	0.949774	0.955707	0.943915	0.998894	26.594010	0.999174	27.479109	1.000000	0.629166	0.646227	30.012456	0.533035	2414	5	4	7	11	1.989189	0.800000	185	184	288.906638	3.084625	0.036661	-0.016781	-0.722509	-0.000277	0.000007	0.328973	1038.911104	0.681866	5	4	1	7	11	1.989189	0.800000	5	0	185	184	167	1.570145	3.084625	288.906638	0.036661	46031	19.068351	27.148302	256x256	65536	sparse	Learned	305	5	25	2320	30.515549	0.592744	27.348249	0.999167	0.671027	0.335401	14	3	0.000000	29	2326	30.741914	0.640042	0.998935	26.427270	0.431324	0.676111	3780	31.111366	0.660226	0.999487	29.535476	0.315378	0.646802	0.130860	0.293765	-0.503092	-0.059710	True	0.661760	0.427647	0.676002	27.316519	0.999170	7491
7492.png	0.685228	0.903352	0.949222	0.939984	0.958644	0.999361	27.362619	0.999399	27.636216	1.000000	0.564822	0.823315	30.072612	0.520739	2098	5	6	12	13	2.013793	1.200000	145	146	247.521861	2.665282	0.045501	-0.004954	0.049950	-0.000034	0.000045	0.292364	1056.246519	0.714397	5	6	-1	12	13	2.013793	1.200000	5	0	145	146	120	1.695355	2.665282	247.521861	0.045501	46049	21.948999	31.237369	256x256	65536	sparse	Learned	265	5	23	2031	30.401380	0.571775	27.290073	0.999354	0.707636	0.372493	10	3	0.000000	28	2076	30.679159	0.619459	0.999210	26.707604	0.441699	0.693305	4419	31.292048	0.683925	0.999669	30.635547	0.304782	0.692587	0.346143	0.192329	-0.328767	-0.051036	True	0.563078	0.463590	0.690182	27.312669	0.999395	7492
7493.png	0.591564	0.871357	0.931257	0.922340	0.940347	0.999487	28.403257	0.999588	28.955633	1.000000	0.532334	0.565551	30.935201	0.554382	1699	4	0	0	8	1.937008	0.000000	127	123	176.994949	2.563376	0.020454	-0.030032	0.217372	-0.000048	0.000055	0.344794	929.216146	0.621762	4	0	4	0	8	1.937008	0.000000	4	0	127	123	119	1.438983	2.563376	176.994949	0.020454	45271	26.645674	38.573278	256x256	65536	sparse	Learned	247	4	22	1692	30.974188	0.583806	28.212701	0.999533	0.655206	0.278676	9	0	0.375000	30	1574	31.323743	0.618317	0.999457	27.672956	0.270211	0.630029	5420	32.398849	0.746438	0.999792	31.971862	0.101973	0.627730	0.742933	0.253658	-0.038987	-0.029424	True	0.541594	0.306299	0.621595	28.185886	0.999535	7493
7494.png	0.696805	0.865487	0.927894	0.926721	0.929069	0.998936	27.009425	0.999193	28.104585	1.000000	0.678578	0.653832	30.149199	0.524888	2153	4	2	6	10	1.977273	0.500000	176	174	257.865007	3.057678	0.032943	0.010994	-0.683141	-0.000250	0.000054	0.327942	998.895407	0.724159	4	2	2	6	10	1.977273	0.500000	4	0	176	174	160	1.481983	3.057678	257.865007	0.032943	45966	21.349745	30.439387	256x256	65536	sparse	Learned	296	4	24	2079	30.536638	0.578259	27.684673	0.999138	0.672058	0.432586	9	3	0.000000	28	2018	30.739471	0.616600	0.999006	27.198424	0.314031	0.655629	4224	31.289848	0.681959	0.999535	30.366701	0.276372	0.686727	0.419912	0.245992	-0.387439	-0.053371	True	0.620158	0.405479	0.685811	27.692566	0.999187	7494
7495.png	0.501315	0.846484	0.916860	0.915584	0.918140	0.999220	29.237513	0.999333	29.657959	1.000000	0.541594	0.330632	30.665556	0.533173	1613	4	3	6	8	1.983051	0.750000	118	117	165.225397	3.024745	0.038736	0.058662	0.618367	0.000023	0.000174	0.545537	1030.844927	0.519929	4	3	1	6	8	1.983051	0.750000	4	0	118	117	104	1.412183	3.024745	165.225397	0.038736	45486	28.199628	40.629882	256x256	65536	sparse	Learned	238	4	20	1476	30.755856	0.556703	28.578274	0.999159	0.454463	0.393469	5	3	0.000000	27	1462	30.988327	0.596860	0.999113	28.143836	0.060674	0.459343	5712	32.265594	0.748919	0.999607	31.906183	0.229004	0.047549	1.079686	0.148125	-0.090299	-0.023530	True	0.581048	0.192113	0.442652	28.619146	0.999197	7495
7496.png	0.613228	0.887553	0.940427	0.907448	0.975894	0.999341	27.906866	0.999223	28.017308	1.000000	0.552465	0.396554	31.010855	0.573763	2045	5	5	9	10	2.000000	1.000000	142	142	228.379726	2.984826	0.044568	-0.003601	0.160014	-0.000013	0.000031	0.369024	1116.981030	0.624566	5	5	0	9	10	2.000000	1.000000	5	1	142	142	123	1.608308	2.984826	228.379726	0.044568	45157	22.081663	32.046944	256x256	65536	sparse	Learned	262	5	26	2018	31.351264	0.611973	27.820153	0.999192	0.630976	0.371236	10	5	0.000000	32	1842	31.502661	0.645646	0.999064	27.537308	0.338157	0.643965	4560	32.241463	0.720068	0.999620	31.759033	0.289119	0.618466	0.197155	0.181228	-0.340409	-0.038210	True	0.557803	0.221199	0.616829	27.746852	0.999353	7496
7497.png	0.701345	0.878390	0.935259	0.927911	0.942723	0.999470	27.393380	0.999555	27.764010	1.000000	0.550671	0.746653	30.369499	0.528123	1929	5	4	9	12	1.985612	0.800000	139	138	228.137085	2.387756	0.045024	-0.008499	0.216186	-0.000044	0.000043	0.285837	872.037411	0.715054	5	4	1	9	12	1.985612	0.800000	5	0	139	138	118	1.653167	2.387756	228.137085	0.045024	45898	23.793675	33.974080	256x256	65536	sparse	Learned	259	5	22	1834	30.503082	0.567150	27.207055	0.999512	0.714163	0.499426	5	0	1.000000	28	1896	30.810150	0.615858	0.999401	26.662362	0.421124	0.715017	4623	31.540690	0.698851	0.999784	31.102661	0.481423	0.696444	0.556956	0.051245	-0.133583	-0.039027	True	0.571729	0.426884	0.709845	27.177194	0.999514	7497
7498.png	0.734526	0.919079	0.957834	0.950115	0.965679	0.999136	26.734985	0.999184	27.135188	1.000000	0.532334	0.885093	30.220313	0.528100	1916	4	0	0	8	1.934959	0.000000	123	119	177.409163	3.512761	0.024762	0.028967	-0.019522	-0.000067	0.000050	0.304465	1070.796013	0.746280	4	0	4	0	8	1.934959	0.000000	4	0	123	119	115	1.490833	3.512761	177.409163	0.024762	45952	23.983299	34.204593	256x256	65536	sparse	Learned	243	4	22	1852	30.466192	0.568572	26.719616	0.999134	0.695535	0.409922	8	3	0.000000	28	1794	30.718999	0.611965	0.999003	26.257328	0.537912	0.684857	4681	31.534939	0.699476	0.999624	30.652436	0.366186	0.703978	0.415572	0.122412	-0.245879	-0.040472	True	0.555142	0.491352	0.705559	26.754508	0.999203	7498
7499.png	0.496644	0.891958	0.942894	0.925801	0.960630	0.999377	28.105006	0.999427	28.323476	1.000000	0.576838	0.588569	30.672987	0.550162	1849	4	0	0	8	1.943262	0.000000	141	137	195.823376	2.896593	0.019626	0.008878	0.357278	-0.000051	0.000034	0.512346	850.614786	0.495090	4	0	4	0	8	1.943262	0.000000	4	0	141	137	133	1.429368	2.896593	195.823376	0.019626	45449	24.580314	35.444024	256x256	65536	sparse	Learned	261	4	22	1687	30.959337	0.581597	27.807260	0.999393	0.487654	0.233561	10	2	0.000000	31	1792	31.266994	0.629524	0.999361	27.810354	0.288230	0.470866	4843	32.070092	0.722326	0.999666	31.113872	0.265505	0.505678	0.516216	0.343277	-0.286351	-0.031435	True	0.597476	0.351656	0.487766	27.747728	0.999428	7499
7500.png	0.808653	0.905355	0.950327	0.943543	0.957209	0.999117	27.024491	0.999293	27.761673	1.000000	0.678578	1.030702	30.564809	0.566443	2362	4	2	4	9	1.977901	0.500000	181	179	262.279221	2.942443	0.028082	0.096702	-0.614669	-0.000186	-0.000010	0.280326	1126.957178	0.840000	4	2	2	4	9	1.977901	0.500000	4	0	181	179	168	1.465247	2.942443	262.279221	0.028082	45542	19.281118	27.745978	256x256	65536	sparse	Learned	301	4	27	2299	31.193277	0.619077	27.716083	0.999303	0.719674	0.553231	7	8	0.000000	35	2308	31.442690	0.664975	0.999245	27.445333	0.586597	0.710276	3880	31.733834	0.688955	0.999592	29.996514	0.589930	0.715955	0.045590	0.125347	-0.628468	-0.052633	True	0.701803	0.723349	0.711951	27.639159	0.999303	7500
7501.png	0.773432	0.904555	0.949886	0.958621	0.941309	0.999232	26.593082	0.999450	27.233560	1.000000	0.537912	0.670836	30.794405	0.565563	2075	5	4	6	9	1.986667	0.800000	150	149	221.894444	2.935718	0.032837	0.010897	-0.686704	-0.000237	-0.000022	0.239466	829.363108	0.798186	5	4	1	6	9	1.986667	0.800000	5	1	150	149	135	1.489224	2.935718	221.894444	0.032837	45442	21.899759	31.583614	256x256	65536	sparse	Learned	270	5	25	2041	31.086482	0.603552	27.231076	0.999472	0.760534	0.460259	6	3	0.000000	32	1950	31.363099	0.646689	0.999416	27.042536	0.458457	0.751579	4508	32.004952	0.710334	0.999741	30.838473	0.309266	0.747207	0.002483	0.077653	-0.292077	-0.037989	True	0.561327	0.376558	0.762535	27.279786	0.999469	7501
7502.png	0.698778	0.887473	0.940382	0.947846	0.933036	0.999140	26.826071	0.999456	27.763126	1.000000	0.646545	0.584116	30.213893	0.536702	2142	4	3	4	7	1.988166	0.750000	169	168	242.208153	2.734585	0.012623	0.003044	-0.705179	-0.000255	-0.000012	0.289541	891.149044	0.746458	4	3	1	4	7	1.988166	0.750000	4	1	169	168	158	1.441715	2.734585	242.208153	0.012623	45835	21.398226	30.595705	256x256	65536	sparse	Learned	289	4	24	2113	30.662335	0.588428	27.548271	0.999469	0.710459	0.451188	8	4	0.000000	29	2104	30.929727	0.633366	0.999342	26.842031	0.438500	0.684142	4306	31.529183	0.692421	0.999693	30.424064	0.339188	0.705497	0.214855	0.195357	-0.448442	-0.051727	True	0.686514	0.401004	0.695734	27.531250	0.999394	7502
7503.png	0.625446	0.845763	0.916437	0.915596	0.917279	0.998703	27.126699	0.998711	27.759270	1.000000	0.697296	0.530668	31.371088	0.602127	2230	4	3	5	7	1.988372	0.750000	172	171	273.078210	2.843038	0.046505	0.022075	-0.735684	-0.000375	-0.000024	0.386787	1176.957130	0.647803	4	3	1	5	7	1.988372	0.750000	4	0	172	171	160	1.596949	2.843038	273.078210	0.046505	44876	20.123767	29.388341	256x256	65536	sparse	Learned	292	4	27	2048	31.780996	0.638614	27.802177	0.998735	0.613213	0.433666	7	0	0.625000	40	2224	32.138288	0.683762	0.998781	28.320588	0.381217	0.594686	4058	32.484932	0.717239	0.999227	31.222559	0.300327	0.605618	-0.042907	0.263630	-0.409909	-0.036487	True	0.747160	0.396494	0.603371	27.862383	0.999078	7503
7504.png	0.778980	0.901158	0.948010	0.954211	0.941889	0.999237	26.630671	0.999538	27.414708	1.000000	0.581886	0.747759	30.889732	0.578777	2209	5	2	4	11	1.965116	0.400000	172	169	252.693434	2.448087	0.026809	0.032981	-0.722041	-0.000311	-0.000002	0.235669	761.522055	0.821514	5	2	3	4	11	1.965116	0.400000	5	0	172	169	157	1.495227	2.448087	252.693434	0.026809	45265	20.491172	29.667723	256x256	65536	sparse	Learned	292	5	27	2186	31.402899	0.624481	27.212912	0.999540	0.764331	0.676967	4	2	0.000000	34	2072	31.578959	0.661118	0.999497	27.270437	0.543119	0.756718	4218	32.142782	0.707887	0.999790	31.166390	0.480846	0.743680	0.201796	-0.095081	-0.513168	-0.045704	True	0.668789	0.500093	0.745999	27.352712	0.999548	7504
7505.png	0.831787	0.924737	0.960897	0.947967	0.974186	0.998955	27.243960	0.998974	27.575936	1.000000	0.544640	0.967878	30.543964	0.557067	2448	6	3	7	13	1.965909	0.500000	176	173	282.362482	2.930604	0.031334	0.034218	-0.102044	-0.000094	0.000026	0.198641	1178.900957	0.855736	6	3	3	7	13	1.965909	0.500000	6	0	176	173	156	1.632153	2.930604	282.362482	0.031334	45699	18.667892	26.771242	256x256	65536	sparse	Learned	296	6	27	2430	30.933719	0.614209	27.359168	0.998948	0.801359	0.470359	9	2	0.000000	33	2424	31.171833	0.659665	0.998819	26.937992	0.624689	0.796287	3797	31.478130	0.676951	0.999297	29.809765	0.405479	0.796296	0.216767	0.074281	-0.389755	-0.057142	True	0.559568	0.541594	0.797569	27.346004	0.999050	7505
7506.png	0.629808	0.845709	0.916405	0.928042	0.905057	0.999361	27.709565	0.999530	28.347775	1.000000	0.477954	1.025352	30.531198	0.530979	1545	4	5	8	8	2.022222	1.250000	90	91	148.367532	3.173442	0.065311	0.011251	0.202466	-0.000107	0.000107	0.338537	1006.730318	0.687879	4	5	-1	8	8	2.022222	1.250000	4	0	90	91	74	1.630412	3.173442	148.367532	0.065311	45696	29.576699	42.418123	256x256	65536	sparse	Learned	210	4	19	1467	30.657995	0.552879	27.321791	0.999422	0.661463	0.312220	7	3	0.000000	26	1536	30.868306	0.598288	0.999400	27.180199	0.342953	0.683317	5890	32.224358	0.752396	0.999797	31.923661	0.194802	0.666029	1.025983	0.165735	-0.126797	-0.021899	True	0.493383	0.505891	0.618557	27.507099	0.999468	7506
7507.png	0.548887	0.926612	0.961908	0.965690	0.958156	0.998549	28.261824	0.998483	28.717261	1.000000	0.561765	0.550657	31.729991	0.604219	1864	4	3	7	9	1.984496	0.750000	129	128	190.580736	3.555256	0.041074	-0.009163	-0.429196	-0.000062	0.000107	0.442010	1322.342873	0.562543	4	3	1	7	9	1.984496	0.750000	4	0	129	128	113	1.488912	3.555256	190.580736	0.041074	44599	23.926502	35.158798	256x256	65536	sparse	Learned	249	4	25	1809	31.866186	0.630809	28.676533	0.998376	0.557990	0.425928	8	3	0.000000	37	1828	32.144343	0.669003	0.997860	28.269780	0.426884	0.548077	5116	33.057379	0.754634	0.999478	33.284600	0.234072	0.536109	0.040728	0.135837	-0.136194	-0.026590	True	0.622808	0.342953	0.558050	28.691020	0.998612	7507
7508.png	0.739368	0.879747	0.936027	0.917492	0.955326	0.999558	27.505533	0.999599	27.698027	1.000000	0.510808	0.771109	31.646929	0.603777	1734	4	0	0	8	1.929204	0.000000	113	109	160.953319	2.727572	0.034051	0.018794	0.706423	0.000003	0.000063	0.242579	842.931509	0.772826	4	0	4	0	8	1.929204	0.000000	4	0	113	109	105	1.476636	2.727572	160.953319	0.034051	44662	25.756632	37.794694	256x256	65536	sparse	Learned	233	4	24	1692	31.859677	0.627003	26.769286	0.999536	0.757421	0.417252	6	3	0.000000	35	1648	32.085254	0.661706	0.999541	27.163386	0.368716	0.744593	5376	33.163708	0.758368	0.999897	33.789121	0.236621	0.723077	0.928741	0.093556	-0.212748	-0.023226	True	0.518091	0.399504	0.720573	26.799111	0.999555	7508
7509.png	0.498779	0.855939	0.922378	0.905186	0.940236	0.999175	27.708212	0.999244	28.202083	1.000000	0.459899	0.516791	30.490944	0.533724	1797	5	0	0	10	1.914530	0.000000	117	112	170.539105	3.266590	0.036470	-0.009119	0.062108	-0.000098	0.000058	0.486842	1082.881212	0.505582	5	0	5	0	10	1.914530	0.000000	5	0	117	112	107	1.522671	3.266590	170.539105	0.036470	45742	25.454647	36.469672	256x256	65536	sparse	Learned	237	5	22	1780	30.675274	0.570347	27.721775	0.999185	0.513158	0.216861	9	2	0.000000	28	1644	30.897573	0.607478	0.999044	27.171795	0.295312	0.508121	5215	31.936293	0.725103	0.999642	31.795219	0.148921	0.512025	0.480308	0.243039	-0.184329	-0.036623	True	0.497420	0.257062	0.507899	27.646104	0.999273	7509
7510.png	0.590701	0.899625	0.947161	0.935358	0.959265	0.999353	27.820780	0.999395	28.047255	1.000000	0.646545	0.417592	30.413512	0.532063	2003	4	7	12	10	2.039735	1.750000	151	154	240.137085	2.842045	0.044719	0.012307	0.615540	0.000019	0.000100	0.417778	965.098381	0.589647	4	7	-3	12	10	2.039735	1.750000	4	0	151	154	129	1.559332	2.842045	240.137085	0.044719	45829	22.880180	32.718922	256x256	65536	sparse	Learned	271	4	22	1795	30.615882	0.568578	27.218025	0.999295	0.582222	0.534666	4	1	0.500000	30	1990	30.906244	0.623900	0.999223	26.891041	0.348561	0.560206	4558	31.582325	0.697445	0.999659	31.041329	0.251237	0.587629	0.829230	0.111879	-0.202370	-0.036515	True	0.662098	0.276487	0.578395	27.205239	0.999333	7510
7511.png	0.768496	0.876457	0.934161	0.922699	0.945912	0.999464	27.002429	0.999527	27.404614	1.000000	0.428791	0.918443	31.353485	0.580076	1539	4	0	1	7	1.908046	0.000000	87	83	124.539105	3.042729	0.037771	0.042409	-0.209516	-0.000082	0.000013	0.232967	945.671558	0.816203	4	0	4	1	7	1.908046	0.000000	4	0	87	83	79	1.500471	3.042729	124.539105	0.037771	44941	29.201429	42.583496	256x256	65536	sparse	Learned	207	4	20	1531	31.228134	0.592078	27.122871	0.999515	0.767033	0.510808	4	4	0.000000	32	1388	31.681874	0.630372	0.999449	26.823284	0.462056	0.753639	6021	33.032824	0.766584	0.999854	32.544748	0.423050	0.768036	0.281743	-0.082017	0.125351	-0.012001	True	0.459359	0.421895	0.726087	27.211945	0.999546	7511
7512.png	0.612555	0.912989	0.954515	0.952005	0.957039	0.999173	28.001334	0.999298	28.372889	1.000000	0.689633	0.467083	31.091665	0.575667	2209	4	4	10	11	2.000000	1.000000	171	171	268.793939	2.992626	0.041738	-0.025546	0.135298	-0.000043	0.000091	0.354938	1079.526901	0.628991	4	4	0	10	11	2.000000	1.000000	4	0	171	171	150	1.571894	2.992626	268.793939	0.041738	45234	20.477139	29.667723	256x256	65536	sparse	Learned	291	4	26	2071	31.346461	0.615209	27.850383	0.999207	0.645062	0.288230	12	2	0.000000	34	2066	31.587310	0.657447	0.999107	27.686715	0.457425	0.613325	4233	32.093775	0.707370	0.999555	31.075754	0.236621	0.637383	0.522507	0.401403	-0.254796	-0.039542	True	0.692721	0.323558	0.638101	27.866035	0.999217	7512
7513.png	0.728571	0.909953	0.952854	0.956017	0.949711	0.999146	26.729553	0.999384	27.492781	1.000000	0.670441	0.804289	31.526822	0.612993	2218	4	2	4	9	1.977528	0.500000	178	176	263.078210	2.367002	0.028223	0.007691	-0.989602	-0.000301	-0.000075	0.277461	783.760786	0.748590	4	2	2	4	9	1.977528	0.500000	4	0	178	176	165	1.494763	2.367002	263.078210	0.028223	44682	20.145176	29.547340	256x256	65536	sparse	Learned	298	4	29	2162	32.027646	0.653373	27.747719	0.999459	0.722539	0.604656	5	3	0.000000	40	2064	32.320812	0.687427	0.999456	28.047347	0.447057	0.696212	4160	32.732458	0.729185	0.999749	31.525061	0.400050	0.694722	-0.254938	0.065785	-0.500824	-0.040380	True	0.680181	0.547062	0.720881	27.719156	0.999447	7513
7514.png	0.623656	0.885906	0.939502	0.916667	0.963504	0.998757	28.699673	0.998647	28.810443	1.000000	0.665795	0.560687	30.537049	0.541043	2293	5	10	19	12	2.050000	2.000000	200	205	316.764502	3.071455	0.043701	0.030839	0.061948	-0.000036	0.000046	0.386454	1241.060734	0.641671	5	10	-5	19	12	2.050000	2.000000	5	1	200	205	169	1.545193	3.071455	316.764502	0.043701	45593	19.883559	28.580898	256x256	65536	sparse	Learned	320	5	26	2185	30.901077	0.596072	28.628830	0.998601	0.613546	0.294304	21	12	0.000000	31	2236	31.087867	0.640671	0.998236	27.769691	0.048397	0.552609	4105	31.573859	0.688627	0.999102	30.514239	0.037856	0.524174	0.181613	0.371490	-0.364028	-0.055029	True	0.687765	0.385621	0.592817	28.637726	0.998793	7514
7515.png	0.558023	0.908584	0.952103	0.947674	0.956573	0.998587	28.545458	0.998611	28.805002	1.000000	0.630277	0.459473	31.129626	0.578044	2052	4	2	5	9	1.974522	0.500000	157	155	229.965512	3.577861	0.023643	0.033023	0.135970	-0.000014	0.000117	0.484817	1439.016819	0.557395	4	2	2	5	9	1.974522	0.500000	4	0	157	155	143	1.483648	3.577861	229.965512	0.023643	45073	21.965400	31.937622	256x256	65536	sparse	Learned	277	4	26	1995	31.437858	0.617858	28.414270	0.998494	0.515183	0.337676	15	5	0.000000	34	1918	31.642295	0.653281	0.998342	28.219367	0.371516	0.532209	4362	32.255390	0.718641	0.999169	31.298500	0.166906	0.529232	0.390732	0.292601	-0.308232	-0.039813	True	0.672085	0.308805	0.525000	28.409487	0.998600	7515
7516.png	0.661627	0.888716	0.941079	0.931335	0.951029	0.998610	27.790873	0.998611	28.209983	1.000000	0.692721	0.688793	30.792527	0.562770	2201	4	3	9	10	1.988166	0.750000	169	168	265.592929	3.395493	0.033364	0.024411	-0.433297	-0.000189	-0.000013	0.371359	1243.427992	0.662371	4	3	1	9	10	1.988166	0.750000	4	0	169	168	150	1.580910	3.395493	265.592929	0.033364	45398	20.626079	29.775557	256x256	65536	sparse	Learned	289	4	27	2175	31.182549	0.609876	28.221659	0.998625	0.628641	0.504517	9	13	0.000000	33	2188	31.383481	0.653167	0.998387	27.819086	0.315334	0.650930	4042	31.788523	0.692218	0.999161	30.735878	0.276638	0.623140	-0.011677	0.188204	-0.390022	-0.047106	True	0.704770	0.485441	0.637216	28.224169	0.998799	7516
7517.png	0.529809	0.926252	0.961714	0.953541	0.970029	0.998440	27.334628	0.998460	27.806504	1.000000	0.607414	0.393484	31.624316	0.613700	2141	4	6	11	9	2.028169	1.500000	142	144	225.865007	3.871522	0.035279	-0.005788	-0.678437	-0.000159	0.000033	0.473060	1392.776012	0.530328	4	6	-2	11	9	2.028169	1.500000	4	1	142	144	122	1.568507	3.871522	225.865007	0.035279	44550	20.808034	30.609995	256x256	65536	sparse	Learned	262	4	28	2090	31.925477	0.645103	28.042246	0.998427	0.526940	0.271912	15	4	0.000000	41	2004	32.253561	0.682185	0.998310	28.299411	0.253605	0.519459	4286	32.693428	0.727769	0.999195	31.575175	0.218825	0.528970	-0.235742	0.335502	-0.301161	-0.031403	True	0.672085	0.264454	0.535597	28.013064	0.998599	7517
7518.png	0.656278	0.905579	0.950450	0.936114	0.965233	0.999301	26.427180	0.999443	27.225377	1.000000	0.508356	0.519017	30.590609	0.552650	1799	4	1	3	7	1.942857	0.250000	105	102	159.994949	2.983972	0.036691	0.027910	-0.341787	-0.000165	0.000033	0.383127	989.628792	0.657043	4	1	3	3	7	1.942857	0.250000	4	0	105	102	95	1.568578	2.983972	159.994949	0.036691	45463	25.271262	36.429127	256x256	65536	sparse	Learned	225	4	22	1745	30.907387	0.584687	26.844025	0.999410	0.616873	0.342953	7	2	0.000000	29	1700	31.170765	0.626012	0.999376	26.751632	0.372911	0.609756	4973	32.073723	0.724123	0.999776	31.519508	0.378115	0.615506	0.381352	0.165403	-0.316778	-0.032036	True	0.527633	0.273851	0.628368	26.768967	0.999466	7518
7519.png	0.685590	0.868345	0.929534	0.909275	0.950715	0.998803	28.321916	0.998769	28.569095	1.000000	0.754633	0.708484	30.332202	0.533889	2360	4	4	12	12	2.000000	1.000000	199	199	318.835570	3.182257	0.036286	0.012531	0.309485	0.000037	0.000117	0.335196	1281.281948	0.695238	4	4	0	12	12	2.000000	1.000000	4	0	199	199	175	1.602189	3.182257	318.835570	0.036286	45778	19.397458	27.769492	256x256	65536	sparse	Learned	319	4	25	2182	30.689740	0.588266	28.066957	0.998651	0.664804	0.317657	18	10	0.000000	30	2160	30.897852	0.630384	0.998382	27.424537	0.151358	0.623491	3930	31.303820	0.673453	0.999235	30.315015	0.102740	0.646298	0.502139	0.436976	-0.357538	-0.054377	True	0.657677	0.465954	0.673058	28.012431	0.998766	7519
7520.png	0.687973	0.897917	0.946213	0.946559	0.945867	0.999274	26.959778	0.999435	27.518923	1.000000	0.673720	0.635501	30.106646	0.522289	2113	4	6	13	12	2.025478	1.500000	157	159	262.450793	2.793223	0.043869	0.011310	-0.282525	-0.000122	0.000042	0.316306	1066.801548	0.704861	4	6	-2	13	12	2.025478	1.500000	4	0	157	159	132	1.650634	2.793223	262.450793	0.043869	46056	21.796498	31.015618	256x256	65536	sparse	Learned	277	4	23	2063	30.377413	0.572162	27.193434	0.999394	0.683694	0.516482	6	2	0.000000	29	2000	30.637665	0.617778	0.999345	26.754974	0.390429	0.680879	4427	31.282159	0.685180	0.999695	30.618937	0.322422	0.680865	0.325489	0.157238	-0.270768	-0.049873	True	0.684942	0.435282	0.676662	27.242304	0.999396	7520
7521.png	0.805727	0.909195	0.952438	0.937759	0.967584	0.998898	27.052110	0.999028	27.497020	1.000000	0.633955	0.922856	30.785426	0.572967	2213	4	1	3	9	1.962264	0.250000	159	156	234.036580	3.404460	0.029437	0.039285	-0.280445	-0.000165	0.000025	0.226831	1297.004700	0.828763	4	1	3	3	9	1.962264	0.250000	4	0	159	156	147	1.500234	3.404460	234.036580	0.029437	45379	20.505648	29.614099	256x256	65536	sparse	Learned	279	4	26	2192	31.151070	0.615615	27.339163	0.999003	0.773169	0.667129	5	7	0.000000	34	2186	31.472295	0.662135	0.998954	27.145628	0.502172	0.790356	4075	31.888961	0.695843	0.999595	31.221599	0.417252	0.772751	0.157858	-0.033174	-0.365644	-0.042648	True	0.683363	0.630646	0.766442	27.332555	0.999063	7521
7522.png	0.571108	0.820675	0.901506	0.873503	0.931365	0.999220	28.128440	0.999283	28.471732	1.000000	0.642993	0.547284	30.393451	0.529458	1960	4	6	11	8	2.025641	1.500000	156	158	243.208153	2.746360	0.027438	0.006196	0.239137	-0.000047	0.000068	0.415753	1056.872606	0.585756	4	6	-2	11	8	2.025641	1.500000	4	2	156	158	137	1.539292	2.746360	243.208153	0.027438	45790	23.362245	33.436735	256x256	65536	sparse	Learned	276	4	22	1770	30.643077	0.567673	27.886310	0.999215	0.584247	0.370118	9	4	0.000000	28	1842	30.878004	0.612293	0.999000	27.033028	0.216736	0.556401	4484	31.588244	0.697671	0.999594	31.251324	0.112094	0.577883	0.585423	0.272875	-0.249625	-0.038215	True	0.673720	0.368716	0.564912	27.889303	0.999268	7522
7523.png	0.773171	0.923140	0.960034	0.960034	0.960034	0.999319	26.868959	0.999489	27.418537	1.000000	0.589344	0.797277	31.179780	0.581048	1963	4	0	0	8	1.946667	0.000000	150	146	197.195959	2.904490	0.010006	0.014024	-0.202603	-0.000156	0.000011	0.232772	748.190880	0.808458	4	0	4	0	8	1.946667	0.000000	4	0	150	146	142	1.350657	2.904490	197.195959	0.010006	45123	22.986755	33.385634	256x256	65536	sparse	Learned	270	4	24	1825	31.401920	0.610538	27.074630	0.999479	0.767228	0.453015	6	2	0.000000	34	1962	31.639479	0.656862	0.999412	27.057579	0.436357	0.750594	4830	32.425533	0.731489	0.999773	31.264107	0.430421	0.768813	0.343907	0.136330	-0.222140	-0.029490	True	0.599483	0.477954	0.759146	27.071562	0.999475	7523
7524.png	0.757745	0.895320	0.944769	0.932649	0.957209	0.999094	28.333033	0.999106	28.580157	1.000000	0.552465	0.726052	30.411905	0.532754	2110	5	0	0	10	1.937888	0.000000	161	156	232.450793	3.081709	0.028056	0.026066	0.212452	-0.000057	0.000049	0.267236	1045.168161	0.765031	5	0	5	0	10	1.937888	0.000000	5	0	161	156	151	1.490069	3.081709	232.450793	0.028056	45763	21.688626	31.059716	256x256	65536	sparse	Learned	281	5	23	2034	30.569090	0.578094	28.108215	0.999057	0.732764	0.518091	8	7	0.000000	30	1970	30.898825	0.621769	0.998821	27.397183	0.064622	0.703059	4479	31.543605	0.698491	0.999438	30.379201	0.036281	0.585450	0.471942	0.034374	-0.157185	-0.045339	True	0.583555	0.423691	0.731679	28.120580	0.999151	7524
7525.png	0.550556	0.887605	0.940456	0.942554	0.938368	0.998453	28.241101	0.998563	28.546835	1.000000	0.658702	0.402224	30.660826	0.546692	2128	4	5	9	8	2.011976	1.250000	167	168	252.592929	3.609703	0.026829	-0.014525	0.102744	0.000003	0.000164	0.415074	1273.244858	0.585776	4	5	-1	9	8	2.011976	1.250000	4	1	167	168	150	1.503529	3.609703	252.592929	0.026829	45639	21.446898	30.796992	256x256	65536	sparse	Learned	287	4	25	2084	30.878709	0.593045	28.082676	0.998399	0.584926	0.288230	17	4	0.000000	31	2054	31.113777	0.634620	0.998218	27.678861	0.255220	0.473941	4275	31.688180	0.695699	0.999181	30.996137	0.157492	0.608673	0.464159	0.370473	-0.217883	-0.046353	True	0.698806	0.281076	0.565081	28.138358	0.998450	7525
7526.png	0.723280	0.884947	0.938962	0.921158	0.957469	0.998161	27.635476	0.998298	28.516738	1.000000	0.630646	0.882945	30.474222	0.546213	2284	5	11	21	11	2.069767	2.200000	172	178	289.977705	3.270610	0.053516	0.034302	-0.605235	-0.000236	0.000077	0.300616	1445.664644	0.723364	5	11	-6	21	11	2.069767	2.200000	5	1	172	178	140	1.629088	3.270610	289.977705	0.053516	45573	19.953152	28.693520	256x256	65536	sparse	Learned	292	5	25	2140	30.856759	0.596503	28.320050	0.998221	0.699384	0.447517	15	19	0.000000	31	2272	31.109573	0.645487	0.997876	27.711187	0.094016	0.669495	4126	31.607885	0.690171	0.998958	30.714233	0.100016	0.653266	0.196688	0.183129	-0.382537	-0.050290	True	0.647956	0.572110	0.688978	28.240711	0.998397	7526
7527.png	0.717412	0.867166	0.928858	0.916008	0.942073	0.999452	27.043648	0.999582	27.831557	1.000000	0.599483	0.623789	30.684947	0.548076	1920	4	2	4	9	1.971631	0.500000	141	139	206.823376	2.458611	0.033362	-0.012515	-0.593596	-0.000145	-0.000028	0.249318	912.207127	0.750716	4	2	2	4	9	1.971631	0.500000	4	0	141	139	128	1.487938	2.458611	206.823376	0.033362	45502	23.698958	34.133333	256x256	65536	sparse	Learned	261	4	23	1904	30.828354	0.586492	27.723358	0.999610	0.750682	0.463846	6	3	0.000000	30	1742	31.134929	0.622053	0.999491	26.957436	0.467408	0.700000	4946	32.002281	0.722774	0.999805	31.160286	0.462056	0.724887	0.108200	0.135638	-0.143407	-0.038416	True	0.605446	0.377671	0.729927	27.637244	0.999597	7527
7528.png	0.668891	0.917053	0.956732	0.954424	0.959052	0.998692	27.386270	0.998655	27.852213	1.000000	0.627679	0.610981	30.447184	0.550472	2364	5	7	13	11	2.022727	1.400000	176	178	285.107648	3.377281	0.048181	-0.003105	-0.342663	-0.000133	0.000146	0.334136	1401.140690	0.682147	5	7	-2	13	11	2.022727	1.400000	5	1	176	178	152	1.601728	3.377281	285.107648	0.048181	45699	19.331218	27.722504	256x256	65536	sparse	Learned	296	5	25	2207	30.797394	0.599298	27.744549	0.998510	0.665864	0.419367	11	6	0.000000	34	2350	31.117057	0.653958	0.998515	27.664398	0.494508	0.658680	3896	31.462636	0.677350	0.999252	30.466197	0.440102	0.657996	0.107665	0.208312	-0.350209	-0.048826	True	0.660404	0.403494	0.671996	27.728934	0.998825	7528
7529.png	0.687700	0.881235	0.936869	0.934509	0.939241	0.999307	27.609648	0.999437	28.105813	1.000000	0.655272	0.501873	31.076830	0.568890	2026	4	4	8	10	2.000000	1.000000	161	161	255.663997	2.491869	0.040379	0.000536	-0.399300	-0.000118	-0.000005	0.293798	823.782206	0.726976	4	4	0	8	10	2.000000	1.000000	4	0	161	161	143	1.587975	2.491869	255.663997	0.040379	45218	22.318855	32.347483	256x256	65536	sparse	Learned	281	4	25	1944	31.302272	0.605370	28.044909	0.999442	0.706202	0.278676	12	1	0.000000	32	1992	31.518768	0.649982	0.999298	27.424579	0.283034	0.696779	4523	32.187407	0.718241	0.999718	31.345826	0.231665	0.699225	0.060904	0.376596	-0.225443	-0.036480	True	0.564822	0.283469	0.687164	28.008948	0.999425	7529
7530.png	0.817354	0.918963	0.957770	0.962104	0.953475	0.998968	27.162234	0.999164	27.645967	1.000000	0.727468	0.833267	30.979214	0.588009	2479	4	3	7	10	1.989899	0.750000	198	197	304.563492	2.952977	0.043434	0.022047	-0.664483	-0.000213	-0.000026	0.200101	1067.192793	0.831345	4	3	1	7	10	1.989899	0.750000	4	0	198	197	181	1.546008	2.952977	304.563492	0.043434	45182	18.225898	26.436466	256x256	65536	sparse	Learned	318	4	28	2407	31.456013	0.636642	27.805149	0.999190	0.799899	0.661760	5	2	0.000000	40	2464	31.845594	0.682452	0.999210	28.063748	0.672412	0.797787	3760	31.998242	0.694246	0.999573	30.814652	0.526056	0.785714	-0.159182	0.065708	-0.476799	-0.048634	True	0.732865	0.610672	0.795307	27.826717	0.999181	7530
7531.png	0.425612	0.841367	0.913850	0.895455	0.933018	0.999002	29.516636	0.999046	29.782957	1.000000	0.698806	0.272677	31.355499	0.581509	2068	4	5	10	9	2.010929	1.250000	183	184	278.693434	2.874204	0.047642	-0.015962	0.267574	-0.000056	0.000056	0.546224	1096.347094	0.442795	4	5	-1	10	9	2.010929	1.250000	4	1	183	184	164	1.514638	2.874204	278.693434	0.047642	44797	21.661992	31.690522	256x256	65536	sparse	Learned	303	4	27	2040	31.622807	0.623934	29.274915	0.998989	0.453776	0.232246	14	1	0.000000	35	1838	31.801470	0.652321	0.998811	28.479764	0.182178	0.429341	4493	32.452207	0.726409	0.999368	31.619283	0.077427	0.459309	0.508042	0.466560	-0.267307	-0.042425	True	0.710616	0.193769	0.441574	29.249062	0.999058	7531
7532.png	0.619328	0.878763	0.935470	0.909091	0.963426	0.999354	27.856157	0.999401	28.077513	1.000000	0.537912	0.716590	30.834472	0.556979	1896	5	0	1	11	1.934211	0.000000	152	147	220.722871	2.663718	0.031856	0.019005	0.170478	-0.000073	0.000007	0.397346	885.126114	0.627755	5	0	5	1	11	1.934211	0.000000	5	0	152	147	140	1.501516	2.663718	220.722871	0.031856	45336	23.911392	34.565401	256x256	65536	sparse	Learned	272	5	24	1855	31.118624	0.595359	27.751377	0.999394	0.602654	0.357801	7	2	0.000000	32	1894	31.371433	0.638948	0.999318	27.342252	0.405479	0.595896	4792	32.122768	0.722247	0.999690	31.275799	0.260239	0.596967	0.326136	0.180111	-0.284152	-0.038380	True	0.543424	0.389412	0.600322	27.685679	0.999427	7532
7533.png	0.618065	0.897752	0.946122	0.916358	0.977883	0.998915	28.547326	0.998816	28.480294	1.000000	0.518091	0.536478	31.666687	0.604465	1834	4	1	3	9	1.947368	0.250000	114	111	173.237590	3.532844	0.032274	-0.007020	0.252934	0.000074	0.000109	0.334008	1287.867308	0.658468	4	1	3	3	9	1.947368	0.250000	4	0	114	111	102	1.560699	3.532844	173.237590	0.032274	44605	24.321156	35.733915	256x256	65536	sparse	Learned	234	4	25	1818	31.832678	0.630344	28.227606	0.998707	0.665992	0.388054	9	4	0.000000	37	1752	32.129561	0.667548	0.998501	27.993826	0.408116	0.639973	4964	32.964053	0.747307	0.999563	32.744002	0.435604	0.658254	0.252689	0.130037	-0.165991	-0.025879	True	0.543880	0.291780	0.625085	28.294391	0.998841	7533
7534.png	0.723156	0.879562	0.935922	0.948819	0.923372	0.999222	26.639425	0.999431	27.285387	1.000000	0.526056	0.552626	31.200657	0.593168	2203	6	1	4	14	1.940476	0.166667	168	163	261.249783	2.451331	0.033147	0.005563	-0.846139	-0.000230	-0.000045	0.279382	787.675858	0.765957	6	1	5	4	14	1.940476	0.166667	6	0	168	163	150	1.602759	2.451331	261.249783	0.033147	45081	20.463459	29.748525	256x256	65536	sparse	Learned	288	6	26	2097	31.517788	0.629088	27.390505	0.999476	0.720618	0.547666	6	2	0.000000	38	2186	31.883121	0.676723	0.999453	27.356810	0.521293	0.721042	3985	32.250300	0.706189	0.999748	31.311202	0.376700	0.722337	-0.105118	-0.021609	-0.317131	-0.035920	True	0.606235	0.335021	0.717593	27.485564	0.999452	7534
7535.png	0.502049	0.891736	0.942770	0.914700	0.972618	0.998754	29.004450	0.998768	29.194002	1.000000	0.633589	0.346755	31.409017	0.595214	2236	5	9	15	10	2.043716	1.800000	183	187	286.450793	3.147445	0.039760	0.002758	0.110596	-0.000004	0.000084	0.479147	1293.056726	0.525313	5	9	-4	15	10	2.043716	1.800000	5	1	183	187	158	1.531822	3.147445	286.450793	0.039760	44815	20.042487	29.309481	256x256	65536	sparse	Learned	303	5	28	2186	31.732784	0.638579	28.944123	0.998684	0.520853	0.374998	14	4	0.000000	39	2218	32.038716	0.677823	0.998471	28.801207	0.485960	0.540553	4139	32.423132	0.717936	0.999127	31.234076	0.230660	0.522685	0.249879	0.258591	-0.323767	-0.043365	True	0.627679	0.217651	0.499291	28.893854	0.998758	7535
7536.png	0.678450	0.872921	0.932149	0.929178	0.935139	0.999134	27.439879	0.999358	28.232012	1.000000	0.606235	0.554034	30.527013	0.548955	2219	5	7	11	9	2.022599	1.400000	177	179	266.137085	2.783214	0.040300	0.021094	-0.625486	-0.000190	0.000012	0.360465	989.067793	0.683424	5	7	-2	11	9	2.022599	1.400000	5	1	177	179	157	1.486799	2.783214	266.137085	0.040300	45567	20.534926	29.534024	256x256	65536	sparse	Learned	297	5	25	2071	30.968407	0.597732	28.058423	0.999345	0.639535	0.265505	14	3	0.000000	31	2006	31.136367	0.635354	0.999221	27.386929	0.276267	0.607230	4238	31.707154	0.696776	0.999623	30.717848	0.272140	0.631644	0.173589	0.340730	-0.441394	-0.048776	True	0.599884	0.332356	0.657356	28.065366	0.999324	7536
7537.png	0.728866	0.922788	0.959844	0.953463	0.966311	0.998468	27.624551	0.998414	27.997859	1.000000	0.615188	1.018387	30.180840	0.529752	2111	4	5	9	8	2.013889	1.250000	144	145	220.722871	4.035311	0.036205	0.027790	0.227709	0.000068	0.000192	0.293028	1449.334621	0.746639	4	5	-1	9	8	2.013889	1.250000	4	1	144	145	127	1.522227	4.035311	220.722871	0.036205	45907	21.746566	31.045002	256x256	65536	sparse	Learned	264	4	23	2003	30.504333	0.576966	27.428818	0.998222	0.706972	0.613811	7	11	0.000000	27	2014	30.730944	0.620453	0.997781	26.801558	0.263797	0.722249	4492	31.433450	0.692557	0.999184	30.757952	0.187096	0.699569	0.569041	0.001377	-0.323493	-0.047213	True	0.675348	0.687765	0.701076	27.396842	0.998400	7537
7538.png	0.754655	0.902493	0.948748	0.946543	0.950963	0.998877	26.765463	0.999017	27.410364	1.000000	0.704770	0.841317	31.468266	0.615975	2408	4	1	4	10	1.968912	0.250000	193	190	279.107648	3.208884	0.037957	0.003086	-0.581268	-0.000254	-0.000020	0.239643	1361.392736	0.782464	4	1	3	4	10	1.968912	0.250000	4	0	193	190	179	1.468988	3.208884	279.107648	0.037957	44863	18.630814	27.215947	256x256	65536	sparse	Learned	313	4	30	2380	31.941058	0.657929	27.387757	0.999037	0.760357	0.640605	6	10	0.000000	41	2182	32.202163	0.688538	0.999116	28.045470	0.678042	0.748421	3766	32.499564	0.710918	0.999524	30.923614	0.544640	0.755392	0.022607	0.064165	-0.472792	-0.041954	True	0.748421	0.629660	0.751569	27.346731	0.999131	7538
7540.png	0.744556	0.897394	0.945923	0.937872	0.954113	0.999303	27.634724	0.999355	28.138071	1.000000	0.570443	0.847427	31.259899	0.578139	1883	4	3	5	7	1.984496	0.750000	129	128	199.551299	2.942827	0.032894	-0.011305	-0.186842	-0.000098	0.000047	0.258936	1086.043835	0.745228	4	3	1	5	7	1.984496	0.750000	4	1	129	128	117	1.558995	2.942827	199.551299	0.032894	45064	23.932023	34.804036	256x256	65536	sparse	Learned	249	4	24	1771	31.418545	0.605732	27.787199	0.999308	0.741064	0.424970	6	1	0.750000	33	1880	31.672640	0.650488	0.999235	27.435949	0.520495	0.714286	4724	32.388083	0.728200	0.999673	31.402282	0.446464	0.712219	0.350872	0.145472	-0.158646	-0.027593	True	0.589344	0.499426	0.755861	27.821566	0.999401	7540
7541.png	0.670144	0.856502	0.922705	0.926685	0.918760	0.998699	28.278989	0.998887	28.755136	1.000000	0.747160	0.715964	30.570819	0.542491	2183	4	8	16	10	2.043011	2.000000	186	190	303.793939	3.225595	0.046661	-0.025465	0.086776	-0.000068	0.000138	0.294503	1197.607040	0.689899	4	8	-4	16	10	2.043011	2.000000	4	1	186	190	160	1.598915	3.225595	303.793939	0.046661	45639	20.906551	30.021072	256x256	65536	sparse	Learned	306	4	25	2183	30.769052	0.592947	28.181931	0.998749	0.705497	0.460859	9	7	0.000000	30	2076	31.024663	0.633590	0.998544	27.553774	0.237468	0.702866	4339	31.641187	0.696837	0.999317	30.783991	0.112587	0.681195	0.573205	0.286302	-0.198233	-0.050456	True	0.771221	0.552166	0.695609	28.192213	0.998767	7541
7542.png	0.675626	0.919926	0.958293	0.941149	0.976074	0.998411	28.203105	0.998380	28.384471	1.000000	0.714924	0.687126	31.262809	0.593221	2421	4	3	7	10	1.989848	0.750000	197	196	288.107648	3.603459	0.035542	-0.005262	-0.174705	-0.000147	-0.000035	0.316019	1310.838699	0.679642	4	3	1	7	10	1.989848	0.750000	4	0	197	196	180	1.469937	3.603459	288.107648	0.035542	45017	18.594382	27.069806	256x256	65536	sparse	Learned	317	4	30	2409	31.676248	0.641278	28.389118	0.998416	0.683981	0.367874	15	14	0.000000	40	2296	31.933760	0.677919	0.998319	28.387643	0.480322	0.640263	3693	32.126167	0.695267	0.999079	31.077934	0.338558	0.665066	-0.004647	0.347050	-0.413439	-0.048057	True	0.735523	0.505397	0.680889	28.377810	0.998558	7542
7543.png	0.786278	0.909493	0.952602	0.963021	0.942406	0.998730	27.353417	0.999039	27.972278	1.000000	0.671099	0.787943	29.943564	0.524809	2545	5	3	7	12	1.981132	0.600000	212	210	316.592929	3.023854	0.031684	0.039856	-0.475881	-0.000237	0.000010	0.244091	1256.306410	0.813895	5	3	2	7	12	1.981132	0.600000	5	0	212	210	193	1.507585	3.023854	316.592929	0.031684	46151	18.133988	25.750884	256x256	65536	sparse	Learned	332	5	26	2473	30.448883	0.592816	27.848778	0.999028	0.755909	0.395333	13	7	0.000000	29	2532	30.708070	0.643674	0.998788	27.014346	0.569521	0.746054	3656	30.919386	0.653352	0.999363	29.567827	0.345412	0.749885	0.123500	0.275767	-0.505319	-0.068006	True	0.690253	0.543880	0.746422	27.829298	0.998967	7543
7544.png	0.739675	0.928212	0.962769	0.964660	0.960887	0.999094	27.151549	0.999222	27.485597	1.000000	0.586873	0.951086	30.960771	0.574132	2188	5	3	6	10	1.976608	0.600000	171	169	249.722871	2.996484	0.034040	0.009067	-0.238847	-0.000125	-0.000019	0.263603	1046.571255	0.752369	5	3	2	6	10	1.976608	0.600000	5	0	171	169	155	1.477650	2.996484	249.722871	0.034040	45348	20.725777	29.952468	256x256	65536	sparse	Learned	291	5	25	2022	31.252979	0.611592	27.392229	0.999241	0.736397	0.518779	7	4	0.000000	35	2132	31.520913	0.659502	0.999103	27.080631	0.566848	0.715403	4001	31.927623	0.694882	0.999626	30.982757	0.518091	0.726496	0.093367	0.068094	-0.292207	-0.037460	True	0.610932	0.581048	0.730607	27.390396	0.999219	7544
7545.png	0.742382	0.896437	0.945390	0.952099	0.938776	0.998738	27.373454	0.998967	28.056608	1.000000	0.675348	0.969191	30.557207	0.548852	2260	4	3	7	10	1.988506	0.750000	174	173	255.480231	3.333637	0.033481	-0.014168	-0.387361	-0.000115	0.000114	0.235359	1401.735306	0.768272	4	3	1	7	10	1.988506	0.750000	4	0	174	173	157	1.476764	3.333637	255.480231	0.033481	45659	20.203097	28.998230	256x256	65536	sparse	Learned	294	4	25	2145	30.841948	0.596994	27.719376	0.998853	0.764641	0.580450	7	10	0.000000	32	2202	31.111416	0.647817	0.998670	27.302101	0.559568	0.760509	4032	31.551821	0.683020	0.999395	30.651401	0.554028	0.735311	0.337233	0.094898	-0.284741	-0.048142	True	0.701803	0.680181	0.756550	27.760815	0.998853	7545
7546.png	0.696590	0.886005	0.939557	0.934013	0.945168	0.999110	27.513005	0.999263	28.161281	1.000000	0.790912	0.646456	30.262932	0.542196	2635	4	7	17	12	2.026316	1.750000	228	231	367.362482	2.787057	0.039203	0.000195	-0.382549	-0.000156	0.000033	0.300425	975.717783	0.719697	4	7	-3	17	12	2.026316	1.750000	4	1	228	231	199	1.590314	2.787057	367.362482	0.039203	45895	17.417457	24.871347	256x256	65536	sparse	Learned	348	4	28	2579	30.804062	0.609609	27.921552	0.999230	0.699575	0.469824	11	7	0.000000	32	2570	31.055276	0.657246	0.999124	27.566806	0.524077	0.684261	3357	31.154663	0.651469	0.999466	29.888386	0.343683	0.687293	0.239729	0.321088	-0.541130	-0.067413	True	0.719729	0.465274	0.696395	27.895553	0.999266	7546
7547.png	0.772523	0.921547	0.959172	0.941309	0.977726	0.999588	27.422484	0.999634	27.782118	1.000000	0.515675	0.804607	31.449177	0.591402	1688	4	0	1	7	1.930435	0.000000	115	111	163.095454	2.545280	0.028547	0.015041	-0.098332	-0.000043	0.000020	0.224949	853.478193	0.781596	4	0	4	1	7	1.930435	0.000000	4	0	115	111	107	1.469328	2.545280	163.095454	0.028547	44832	26.559242	38.824645	256x256	65536	sparse	Learned	235	4	22	1596	31.662373	0.612525	27.573639	0.999614	0.775051	0.500926	4	0	1.000000	31	1466	31.854627	0.641705	0.999584	27.294855	0.428791	0.744637	5411	32.962761	0.755413	0.999869	32.631144	0.305109	0.750754	0.208480	0.014750	-0.213196	-0.021122	True	0.515675	0.414916	0.757482	27.520816	0.999631	7547
7549.png	0.659734	0.824800	0.903989	0.881950	0.927158	0.999321	27.246939	0.999524	28.045715	1.000000	0.529205	0.584590	30.199361	0.532615	2047	6	2	4	13	1.950920	0.333333	163	159	246.580736	2.248874	0.043557	0.035007	-0.338072	-0.000215	0.000014	0.338651	762.273550	0.710000	6	2	4	4	13	1.950920	0.333333	6	0	163	159	146	1.550822	2.248874	246.580736	0.043557	45772	22.360528	32.015633	256x256	65536	sparse	Learned	283	6	23	1981	30.654008	0.581239	27.584955	0.999510	0.661349	0.305536	13	1	0.000000	28	2032	30.935166	0.626042	0.999403	26.941362	0.375692	0.653304	4494	31.611081	0.699134	0.999740	30.795461	0.181797	0.659107	0.460761	0.223669	-0.454647	-0.048624	True	0.563951	0.329680	0.624727	27.585011	0.999535	7549
7550.png	0.757576	0.900743	0.947780	0.936140	0.959712	0.999180	27.325410	0.999284	27.678487	1.000000	0.669781	0.653683	31.337933	0.607091	2388	5	5	9	10	2.000000	1.000000	215	215	305.651804	2.425920	0.028426	0.032680	-0.804769	-0.000249	-0.000127	0.261538	807.989359	0.780454	5	5	0	9	10	2.000000	1.000000	5	1	215	215	196	1.421636	2.425920	305.651804	0.028426	44775	18.750000	27.443886	256x256	65536	sparse	Learned	335	5	30	2299	31.927650	0.652944	28.150077	0.999411	0.738462	0.570749	7	0	0.300000	42	2208	32.221147	0.687771	0.999422	28.353568	0.433342	0.716094	3651	32.421140	0.707031	0.999647	30.906254	0.384742	0.713253	-0.471590	0.099032	-0.589717	-0.045853	True	0.682729	0.446288	0.724896	28.130179	0.999429	7550
7551.png	0.734830	0.871880	0.931556	0.921724	0.941599	0.999250	27.019833	0.999516	27.947551	1.000000	0.503415	0.700225	31.120364	0.584292	2123	6	2	4	12	1.950920	0.333333	163	159	235.137085	2.442059	0.036807	0.015625	-0.632643	-0.000274	-0.000009	0.246332	841.730118	0.801195	6	2	4	4	12	1.950920	0.333333	6	0	163	159	147	1.478850	2.442059	235.137085	0.036807	44979	21.186528	30.869524	256x256	65536	sparse	Learned	283	6	27	2083	31.543235	0.626730	27.679914	0.999525	0.753668	0.361663	9	1	0.250000	37	1986	31.776457	0.663189	0.999454	27.465758	0.408445	0.736801	4285	32.314075	0.716414	0.999781	31.517198	0.281076	0.759202	0.267637	0.141752	-0.422870	-0.042438	True	0.508356	0.355964	0.719204	27.652477	0.999524	7551
7552.png	0.532075	0.906250	0.950820	0.950514	0.951125	0.999043	27.574913	0.999206	27.982680	1.000000	0.511623	0.395616	30.933705	0.573163	2234	6	0	0	12	1.929825	0.000000	171	165	251.249783	2.829918	0.033306	-0.013379	-0.217646	-0.000173	-0.000021	0.453939	1126.468658	0.544360	6	0	6	0	12	1.929825	0.000000	6	0	171	165	159	1.522726	2.829918	251.249783	0.033306	45332	20.291853	29.335721	256x256	65536	sparse	Learned	291	6	26	2152	31.200795	0.612116	27.841429	0.999227	0.546061	0.159703	20	1	0.000000	35	2190	31.519930	0.659274	0.999075	27.393196	0.236033	0.514338	3954	31.930287	0.693329	0.999556	31.251515	0.189416	0.548054	0.141251	0.351919	-0.267090	-0.038952	True	0.550671	0.217854	0.545455	27.792560	0.999216	7552
7553.png	0.726421	0.856604	0.922764	0.912869	0.932877	0.999189	27.799342	0.999275	28.434456	1.000000	0.652156	0.854391	31.375213	0.592872	2250	5	15	26	9	2.106952	3.000000	187	197	318.291414	2.598316	0.051920	-0.004795	-0.344062	-0.000131	0.000019	0.270368	1026.323318	0.738806	5	15	-10	26	9	2.106952	3.000000	5	3	187	197	152	1.615692	2.598316	318.291414	0.051920	45002	20.000889	29.127111	256x256	65536	sparse	Learned	307	5	28	2206	31.712699	0.636558	28.248108	0.999256	0.729632	0.466075	8	3	0.700000	38	2226	31.938123	0.677901	0.999167	27.930875	0.432586	0.739314	4246	32.354448	0.717046	0.999610	31.240800	0.373554	0.720579	0.186348	0.186081	-0.337486	-0.043686	True	0.661760	0.565402	0.731216	28.143405	0.999320	7553
7554.png	0.684628	0.908635	0.952131	0.948807	0.955477	0.998794	27.502954	0.998933	27.784151	1.000000	0.601481	0.695830	30.329248	0.539735	2280	5	5	12	9	2.000000	1.000000	163	163	248.036580	3.343678	0.030385	0.013264	-0.158422	-0.000095	0.000050	0.345084	1234.294891	0.690074	5	5	0	12	9	2.000000	1.000000	5	0	163	163	142	1.521697	3.343678	248.036580	0.030385	45795	20.085526	28.743860	256x256	65536	sparse	Learned	283	5	25	2221	30.687770	0.593483	27.605142	0.998883	0.654916	0.501203	9	11	0.000000	31	2248	30.964794	0.639334	0.998759	27.183465	0.346230	0.667336	4116	31.412527	0.683144	0.999346	30.274566	0.275525	0.664688	0.179009	0.100278	-0.358522	-0.053748	True	0.604656	0.420738	0.671364	27.661376	0.998888	7554
7555.png	0.802935	0.935553	0.966704	0.964563	0.968854	0.998644	27.178687	0.998792	27.575164	1.000000	0.650062	0.955843	31.393302	0.605432	2261	4	4	8	10	2.000000	1.000000	155	155	239.722871	3.757837	0.030837	0.015593	-0.586347	-0.000230	-0.000048	0.204972	1169.202566	0.819525	4	4	0	8	10	2.000000	1.000000	4	0	155	155	137	1.546599	3.757837	239.722871	0.030837	44951	19.881026	28.985405	256x256	65536	sparse	Learned	275	4	27	2060	31.758357	0.638988	27.783382	0.998840	0.795028	0.606759	6	5	0.000000	41	2226	32.130892	0.685076	0.998874	28.065646	0.618381	0.793210	3928	32.419365	0.711389	0.999422	31.165411	0.464203	0.792008	-0.208219	0.043303	-0.365055	-0.033556	True	0.684942	0.654697	0.787342	27.765034	0.998874	7555
7556.png	0.604084	0.901455	0.948174	0.951816	0.944560	0.999117	28.901998	0.999212	29.186579	1.000000	0.653544	0.291173	31.740387	0.605696	2012	4	3	4	7	1.987730	0.750000	163	162	249.107648	2.897191	0.030187	-0.022617	0.168601	-0.000047	0.000042	0.367734	963.866234	0.625755	4	3	1	4	7	1.987730	0.750000	4	1	163	162	152	1.537702	2.897191	249.107648	0.030187	44536	22.135189	32.572565	256x256	65536	sparse	Learned	283	4	27	1946	31.914745	0.637634	28.787794	0.999169	0.632266	0.209429	16	1	0.000000	41	2012	32.276608	0.679802	0.999145	28.886350	0.250238	0.634338	4640	32.833877	0.740276	0.999581	32.220080	0.188792	0.622006	0.398784	0.444115	-0.174358	-0.031938	True	0.658702	0.191796	0.626701	28.733398	0.999164	7556
7557.png	0.691742	0.867870	0.929261	0.913043	0.946066	0.999121	27.443069	0.999169	27.732656	1.000000	0.747160	0.696108	31.070773	0.583202	2311	4	9	21	14	2.054054	2.250000	185	190	319.592929	2.693831	0.047649	0.001841	-0.412582	-0.000150	-0.000078	0.301192	1047.747850	0.709478	4	9	-5	21	14	2.054054	2.250000	4	0	185	190	150	1.682068	2.693831	319.592929	0.047649	45237	19.574643	28.358286	256x256	65536	sparse	Learned	305	4	27	2182	31.440531	0.626820	27.900990	0.999247	0.698808	0.475046	9	3	0.000000	35	2246	31.663396	0.670876	0.999142	27.711972	0.443147	0.666300	3844	32.011182	0.696625	0.999564	30.740592	0.503415	0.687263	-0.168334	0.272115	-0.369758	-0.043618	True	0.772362	0.537648	0.689901	27.855652	0.999271	7557
7558.png	0.735693	0.885160	0.939082	0.957258	0.921584	0.999292	26.616546	0.999551	27.467424	1.000000	0.684942	0.646507	30.622790	0.553991	2262	4	3	7	10	1.989011	0.750000	182	181	275.977705	2.402526	0.028927	0.035906	-0.506299	-0.000210	0.000005	0.279326	822.765827	0.782780	4	3	1	7	10	1.989011	0.750000	4	0	182	181	165	1.524739	2.402526	275.977705	0.028927	45658	20.184792	28.972591	256x256	65536	sparse	Learned	302	4	25	2093	30.948921	0.599543	27.117436	0.999547	0.720674	0.387374	8	1	0.000000	33	2234	31.201411	0.650685	0.999456	26.862736	0.495069	0.722141	4025	31.622256	0.684035	0.999768	30.594973	0.486094	0.730321	0.349988	0.297569	-0.326131	-0.045552	True	0.700308	0.452754	0.699787	27.122845	0.999502	7558
7559.png	0.684435	0.905674	0.950502	0.943829	0.957271	0.999311	26.939324	0.999339	27.142967	1.000000	0.662098	0.518153	30.826781	0.572194	2136	4	8	16	9	2.051282	2.000000	156	160	255.107648	2.852206	0.046485	0.011583	-0.304196	-0.000100	-0.000017	0.322161	956.536293	0.695529	4	8	-4	16	9	2.051282	2.000000	4	1	156	160	131	1.594423	2.852206	255.107648	0.046485	45403	21.256086	30.681648	256x256	65536	sparse	Learned	276	4	25	2020	31.256391	0.611471	27.209160	0.999356	0.677839	0.362372	8	0	0.000000	34	2006	31.468835	0.651835	0.999304	27.116234	0.376558	0.660135	4332	32.053294	0.707246	0.999701	31.155765	0.284662	0.670315	-0.066192	0.299726	-0.429610	-0.039277	True	0.658702	0.341309	0.672852	27.243520	0.999412	7559
7560.png	0.678399	0.902079	0.948519	0.930152	0.967626	0.999131	27.356227	0.999224	27.971691	1.000000	0.507372	0.605833	31.150920	0.580467	2009	5	0	0	10	1.928571	0.000000	140	135	196.480231	3.293870	0.033158	0.017576	-0.358718	-0.000116	0.000028	0.350360	928.729057	0.668679	5	0	5	0	10	1.928571	0.000000	5	0	140	135	130	1.455409	3.293870	196.480231	0.033158	45173	22.485316	32.621205	256x256	65536	sparse	Learned	260	5	26	2000	31.427962	0.616606	27.811246	0.999196	0.649640	0.399504	8	7	0.000000	36	1966	31.673338	0.656346	0.999166	27.706486	0.336350	0.632937	4457	32.277257	0.717360	0.999617	31.287839	0.321975	0.645603	0.160445	0.107867	-0.277042	-0.036139	True	0.528577	0.320229	0.660823	27.714946	0.999247	7560
7561.png	0.623664	0.908889	0.952270	0.939510	0.965382	0.999239	27.992750	0.999279	28.275194	1.000000	0.595053	0.386786	31.440862	0.596708	2183	5	2	5	11	1.964072	0.400000	167	164	266.806133	2.434524	0.040634	-0.009063	-0.200241	-0.000087	0.000032	0.362069	957.398653	0.639121	5	2	3	5	11	1.964072	0.400000	5	0	167	164	151	1.626867	2.434524	266.806133	0.040634	44906	20.570774	30.021072	256x256	65536	sparse	Learned	287	5	27	2136	31.670015	0.633424	28.156987	0.999248	0.637931	0.268244	13	0	0.200000	39	2156	32.061009	0.675830	0.999187	28.038319	0.351656	0.611313	4216	32.433220	0.718011	0.999583	31.325394	0.218599	0.617921	0.118207	0.326810	-0.229153	-0.036715	True	0.599884	0.232026	0.632727	28.192991	0.999326	7561
7562.png	0.657401	0.876751	0.934328	0.933632	0.935026	0.999256	27.510587	0.999366	27.956383	1.000000	0.564822	0.539008	30.238363	0.526616	1989	5	8	15	11	2.041667	1.600000	144	147	238.894444	2.768885	0.047910	0.013574	0.106183	-0.000040	0.000085	0.324556	994.265079	0.691708	5	8	-3	15	11	2.041667	1.600000	5	1	144	147	118	1.625132	2.768885	238.894444	0.047910	45901	23.077426	32.949221	256x256	65536	sparse	Learned	264	5	23	1952	30.534873	0.573852	27.324549	0.999282	0.675444	0.421606	8	5	0.000000	28	1924	30.777241	0.617040	0.999136	26.714775	0.266553	0.642336	4629	31.527920	0.699897	0.999667	30.966288	0.196908	0.661259	0.631833	0.143216	-0.296510	-0.047236	True	0.660404	0.355964	0.643827	27.404404	0.999295	7562
7563.png	0.539902	0.870662	0.930860	0.924623	0.937182	0.999288	27.448625	0.999406	28.603211	1.000000	0.633955	0.379892	30.972222	0.562160	1915	4	2	4	9	1.975000	0.500000	160	158	230.894444	2.571184	0.029508	0.007424	-0.451717	-0.000049	0.000091	0.464542	965.223312	0.555465	4	2	2	4	9	1.975000	0.500000	4	0	160	158	147	1.461357	2.571184	230.894444	0.029508	45288	23.649086	34.222454	256x256	65536	sparse	Learned	280	4	24	1812	31.158872	0.594762	27.944063	0.999315	0.535458	0.329680	7	1	0.125000	32	1840	31.441972	0.639793	0.999216	27.577449	0.293548	0.476837	4985	32.281513	0.732424	0.999688	31.687358	0.153293	0.551476	0.659148	0.304275	-0.186650	-0.032602	True	0.624689	0.237314	0.532478	27.900341	0.999337	7563
7564.png	0.677151	0.857488	0.923277	0.897031	0.951105	0.999079	27.836913	0.999111	28.348440	1.000000	0.581048	1.011012	31.166367	0.586121	2273	6	3	7	14	1.969388	0.500000	196	193	293.622366	2.659385	0.032012	0.027593	-0.016176	-0.000061	0.000093	0.322985	1011.129141	0.719340	6	3	3	7	14	1.969388	0.500000	6	0	196	193	175	1.521359	2.659385	293.622366	0.032012	44995	19.795425	28.832380	256x256	65536	sparse	Learned	316	6	27	2103	31.516212	0.628357	27.887332	0.999018	0.677015	0.569521	7	9	0.000000	38	2254	31.837402	0.674283	0.999064	28.424023	0.511080	0.660870	4054	32.214754	0.708639	0.999486	31.193323	0.303591	0.652386	0.461108	0.011527	-0.349845	-0.042236	True	0.600150	0.606759	0.649558	27.853090	0.999139	7564
7565.png	0.657732	0.876083	0.933949	0.920868	0.947406	0.999213	27.877186	0.999312	28.227341	1.000000	0.633589	0.408760	31.340639	0.589159	2234	5	5	12	11	2.000000	1.000000	183	183	294.048773	2.497717	0.039933	0.001647	-0.088341	-0.000111	-0.000023	0.329613	996.411562	0.673720	5	5	0	12	11	2.000000	1.000000	5	1	183	183	160	1.606824	2.497717	294.048773	0.039933	45014	20.149508	29.335721	256x256	65536	sparse	Learned	303	5	27	2103	31.563598	0.628122	28.025257	0.999335	0.670387	0.294136	12	1	0.300000	38	2182	31.841935	0.670251	0.999278	27.983164	0.248236	0.638270	3966	32.250557	0.705874	0.999630	31.201742	0.254226	0.652953	0.202085	0.339453	-0.222960	-0.038963	True	0.647956	0.264859	0.656085	27.965528	0.999324	7565
7566.png	0.663800	0.896447	0.945397	0.925117	0.966585	0.999216	28.196043	0.999324	28.655228	1.000000	0.485212	0.683772	30.854252	0.554183	1915	4	1	2	10	1.952381	0.250000	126	123	203.722871	3.039795	0.036669	0.004177	0.445605	-0.000028	0.000101	0.331606	971.019268	0.672797	4	1	3	2	10	1.952381	0.250000	5	0	126	123	114	1.656284	3.039795	203.722871	0.036669	45376	23.695039	34.222454	256x256	65536	sparse	Learned	246	5	23	1902	30.882283	0.588615	27.865203	0.999223	0.668394	0.433059	8	7	0.000000	30	1692	31.214203	0.625142	0.999058	27.189626	0.275302	0.620896	4832	32.067237	0.722462	0.999614	31.223385	0.307670	0.649485	0.790025	0.052153	-0.028032	-0.034432	True	0.505397	0.345576	0.659623	27.750438	0.999244	7566
7567.png	0.727214	0.873637	0.932557	0.946491	0.919028	0.999089	26.928475	0.999400	27.774981	1.000000	0.704770	0.716959	30.261916	0.537302	2308	4	6	11	9	2.021053	1.500000	190	192	285.350288	2.637501	0.025677	0.013095	-0.623600	-0.000284	-0.000011	0.278863	970.579147	0.767690	4	6	-2	11	9	2.021053	1.500000	4	1	190	192	170	1.486199	2.637501	285.350288	0.025677	45858	19.869151	28.395147	256x256	65536	sparse	Learned	310	4	26	2302	30.745784	0.597396	27.552261	0.999411	0.721137	0.392366	11	5	0.000000	31	2238	30.971029	0.638716	0.999312	27.189607	0.460709	0.701923	4070	31.418522	0.682775	0.999676	30.312028	0.235624	0.714878	0.222720	0.312404	-0.483868	-0.060093	True	0.731526	0.524474	0.714120	27.552075	0.999373	7567
7568.png	0.481028	0.908039	0.951803	0.937736	0.966299	0.998678	28.370567	0.998598	28.621633	1.000000	0.583138	0.421305	30.262274	0.522195	1867	4	6	11	8	2.030534	1.500000	131	133	201.509668	3.943751	0.037032	-0.046484	0.631320	0.000187	0.000332	0.473592	1239.682913	0.479017	4	6	-2	11	8	2.030534	1.500000	4	1	131	133	112	1.515110	3.943751	201.509668	0.037032	45914	24.592394	35.102303	256x256	65536	sparse	Learned	251	4	21	1719	30.419914	0.557225	27.792345	0.998266	0.526408	0.418545	9	5	0.000000	27	1856	30.731203	0.606879	0.998044	27.380019	0.224530	0.466866	5061	31.663726	0.713838	0.999132	31.416746	0.190496	0.478363	0.829289	0.164593	-0.157641	-0.035030	True	0.615188	0.259182	0.527512	27.739246	0.998491	7568
7569.png	0.753783	0.880196	0.936281	0.960640	0.913126	0.998852	26.626026	0.999261	27.543970	1.000000	0.680181	0.902452	30.986202	0.580577	2248	4	4	11	12	2.000000	1.000000	166	166	263.208153	2.965929	0.043269	-0.013056	-0.886129	-0.000305	0.000024	0.215394	1015.784264	0.796206	4	4	0	11	12	2.000000	1.000000	4	0	166	166	143	1.585591	2.965929	263.208153	0.043269	45147	20.083185	29.153025	256x256	65536	sparse	Learned	286	4	27	2174	31.415463	0.624479	27.417929	0.999237	0.784606	0.530772	6	2	0.000000	35	2044	31.609148	0.661549	0.999211	27.327249	0.617107	0.785714	4130	32.111488	0.705390	0.999645	30.862537	0.502172	0.798071	0.126040	0.149409	-0.429261	-0.043901	True	0.726102	0.655272	0.766839	27.512155	0.999157	7569
7570.png	0.678363	0.894188	0.944138	0.945875	0.942408	0.998618	28.173781	0.998835	28.625762	1.000000	0.672412	0.688130	31.664154	0.616458	2397	5	1	3	11	1.961165	0.200000	206	202	317.634560	2.926211	0.046493	0.009204	-0.581030	-0.000227	-0.000001	0.323930	1076.715946	0.698123	5	1	4	3	11	1.961165	0.200000	5	0	206	202	192	1.572448	2.926211	317.634560	0.046493	44492	18.561535	27.340843	256x256	65536	sparse	Learned	326	5	31	2362	32.122813	0.661138	28.704663	0.998836	0.676070	0.360243	15	8	0.000000	43	2304	32.387846	0.698711	0.998783	28.724739	0.530250	0.669681	3805	32.626019	0.718400	0.999359	31.496681	0.335142	0.659424	-0.078901	0.312170	-0.458659	-0.044681	True	0.697599	0.480038	0.669159	28.754811	0.998844	7570
7571.png	0.696346	0.892622	0.943265	0.913688	0.974820	0.999373	27.891844	0.999332	28.056636	1.000000	0.599884	0.427179	30.631744	0.551642	2219	5	6	12	12	2.011628	1.200000	172	173	265.622366	2.951672	0.043855	0.010485	0.319085	0.000035	0.000066	0.332518	975.386143	0.677869	5	6	-1	12	12	2.011628	1.200000	5	1	172	173	148	1.535389	2.951672	265.622366	0.043855	45556	20.529968	29.534024	256x256	65536	sparse	Learned	292	5	25	2061	30.959431	0.596873	27.674936	0.999265	0.667482	0.452559	8	3	0.000000	32	2072	31.182068	0.641372	0.999193	27.364740	0.428791	0.684750	4276	31.730453	0.697309	0.999624	30.974432	0.424011	0.660912	0.381700	0.147325	-0.327688	-0.045232	True	0.591801	0.252805	0.685861	27.572759	0.999338	7571
7573.png	0.749255	0.899798	0.947256	0.951820	0.942736	0.998599	28.287784	0.998838	28.662444	1.000000	0.705948	0.896918	31.237105	0.589978	2490	5	10	18	11	2.047393	2.000000	211	216	353.676190	2.891869	0.050070	-0.015278	-0.329269	-0.000156	0.000040	0.222552	1189.010859	0.783715	5	10	-5	18	11	2.047393	2.000000	5	1	211	216	182	1.637390	2.891869	353.676190	0.050070	45062	18.097189	26.319679	256x256	65536	sparse	Learned	331	5	29	2387	31.546993	0.634711	28.556156	0.998797	0.777448	0.633170	7	7	0.000000	40	2366	31.899936	0.679949	0.998753	28.439504	0.405479	0.761297	3647	32.037997	0.692211	0.999320	30.998309	0.291780	0.763600	0.106288	0.072778	-0.309888	-0.044733	True	0.704770	0.632121	0.764533	28.617052	0.998754	7573
7574.png	0.735245	0.905237	0.950262	0.946957	0.953590	0.999321	27.354587	0.999321	27.599195	1.000000	0.532334	0.809483	30.688405	0.549475	1862	4	1	2	8	1.948276	0.250000	116	113	176.994949	2.991384	0.035466	0.025997	0.011665	-0.000008	0.000085	0.265452	1108.373880	0.765812	4	1	3	2	8	1.948276	0.250000	4	0	116	113	106	1.566327	2.991384	176.994949	0.035466	45592	24.485499	35.196563	256x256	65536	sparse	Learned	236	4	22	1739	30.896910	0.580938	27.339274	0.999237	0.734548	0.583555	5	7	0.000000	30	1796	31.126974	0.625548	0.999050	26.792888	0.456649	0.720379	5038	32.017718	0.723700	0.999675	31.592389	0.501994	0.724219	0.259921	-0.051221	-0.208505	-0.031463	True	0.607414	0.491691	0.709248	27.342923	0.999330	7574
7575.png	0.706767	0.885460	0.939251	0.926112	0.952768	0.999280	28.257183	0.999313	28.480722	1.000000	0.683363	0.837580	31.047555	0.569140	2092	4	3	7	9	1.988439	0.750000	173	172	263.379726	2.734802	0.036719	0.017490	0.147068	-0.000067	0.000012	0.285530	958.073139	0.732240	4	3	1	7	9	1.988439	0.750000	4	1	173	172	157	1.531277	2.734802	263.379726	0.036719	45250	21.630019	31.326960	256x256	65536	sparse	Learned	293	4	25	1915	31.303727	0.606245	28.146909	0.999302	0.714470	0.475712	7	2	0.125000	34	2040	31.545361	0.650708	0.999222	27.892023	0.324504	0.703727	4508	32.130621	0.715848	0.999631	31.235524	0.306416	0.678205	0.333813	0.207651	-0.256172	-0.037105	True	0.692721	0.580210	0.689276	28.110116	0.999347	7575
7576.png	0.767802	0.916770	0.956578	0.959688	0.953488	0.999032	27.792394	0.999191	28.191326	1.000000	0.591801	0.946840	30.517718	0.543265	2220	5	2	4	11	1.966102	0.400000	177	174	257.450793	2.933676	0.029095	0.018243	-0.166026	-0.000121	0.000017	0.240807	1058.672428	0.792691	5	2	3	4	11	1.966102	0.400000	5	0	177	174	162	1.479602	2.933676	257.450793	0.029095	45632	20.554955	29.520721	256x256	65536	sparse	Learned	297	5	25	2220	30.767361	0.594718	27.966774	0.999174	0.759193	0.462056	9	5	0.000000	30	2188	31.055203	0.639187	0.999043	27.430809	0.205845	0.749850	4254	31.580148	0.691578	0.999549	30.620777	0.182633	0.747795	0.224552	0.129745	-0.249643	-0.051453	True	0.606235	0.574007	0.749559	27.958421	0.999152	7576
7577.png	0.769688	0.918899	0.957736	0.966354	0.949270	0.999151	27.024420	0.999384	27.715977	1.000000	0.656991	0.761187	30.534337	0.546574	2081	4	3	8	9	1.987654	0.750000	162	161	239.551299	2.770074	0.030995	0.021743	-0.494851	-0.000166	0.000026	0.247401	1085.013151	0.806279	4	3	1	8	9	1.987654	0.750000	4	0	162	161	145	1.487896	2.770074	239.551299	0.030995	45652	21.937530	31.492552	256x256	65536	sparse	Learned	282	4	24	2007	30.834141	0.591587	27.514026	0.999358	0.752599	0.511623	6	3	0.000000	30	1904	31.036491	0.630285	0.999232	26.942218	0.396494	0.747525	4320	31.669898	0.697396	0.999690	30.736702	0.470065	0.759547	0.201951	0.145369	-0.299804	-0.045013	True	0.656991	0.500093	0.747945	27.519270	0.999317	7577
7578.png	0.557632	0.889640	0.941597	0.925781	0.957963	0.999280	27.784548	0.999371	28.049640	1.000000	0.534201	0.578407	30.505457	0.536560	1945	5	4	8	11	1.985507	0.800000	138	137	215.409163	2.794004	0.044222	-0.023727	0.210827	-0.000098	0.000040	0.416042	975.323915	0.561927	5	4	1	8	11	1.985507	0.800000	5	0	138	137	119	1.572330	2.794004	215.409163	0.044222	45729	23.511054	33.694602	256x256	65536	sparse	Learned	258	5	23	1944	30.665956	0.579207	27.590781	0.999332	0.583958	0.417252	6	1	0.400000	30	1944	30.965755	0.623891	0.999186	26.988996	0.419191	0.555807	4825	31.769964	0.711660	0.999646	31.092451	0.236621	0.554800	0.458859	0.116949	-0.160498	-0.042647	True	0.552465	0.319549	0.581360	27.573721	0.999378	7578
7579.png	0.525355	0.860687	0.925128	0.892186	0.960596	0.999514	28.326777	0.999444	28.559200	1.000000	0.483149	0.545258	30.298373	0.514910	1566	4	5	8	6	2.020000	1.250000	100	101	146.124892	3.116766	0.056564	0.036719	0.587135	0.000024	0.000089	0.525341	1019.247293	0.516843	4	5	-1	8	6	2.020000	1.250000	4	0	100	101	86	1.446781	3.116766	146.124892	0.056564	45930	29.329502	41.849298	256x256	65536	sparse	Learned	220	4	19	1508	30.365068	0.540612	27.786316	0.999356	0.474659	0.242054	7	0	0.625000	24	1478	30.613752	0.583149	0.999304	27.332874	0.220333	0.477295	5916	31.956449	0.743610	0.999720	31.557162	0.153262	0.487007	0.772884	0.241095	-0.066695	-0.025702	True	0.475337	0.259182	0.488636	27.739641	0.999490	7579
7581.png	0.736872	0.924812	0.960938	0.971446	0.950654	0.998317	27.166470	0.998821	27.994764	1.000000	0.611320	0.944734	31.200975	0.589691	2069	4	12	16	5	2.115942	3.000000	138	146	215.480231	3.645775	0.038724	0.016454	-0.850827	-0.000456	-0.000034	0.273743	1144.862413	0.764985	4	12	-8	16	5	2.115942	3.000000	4	1	138	146	117	1.475892	3.645775	215.480231	0.038724	45011	21.754954	31.675205	256x256	65536	sparse	Learned	258	4	26	2064	31.510038	0.623980	27.972411	0.998854	0.726257	0.547666	6	6	0.000000	35	1928	31.786389	0.664034	0.998698	27.515322	0.420158	0.728298	4324	32.365118	0.717364	0.999441	31.414937	0.510808	0.728041	0.022354	0.063655	-0.309063	-0.034289	True	0.624689	0.590165	0.720418	28.017297	0.998772	7581
7582.png	0.564804	0.902482	0.948742	0.954375	0.943175	0.998798	27.673008	0.998883	28.265497	1.000000	0.658702	0.372841	30.135360	0.520187	2183	4	4	9	10	2.000000	1.000000	167	167	243.894444	3.190037	0.034400	-0.013813	-0.332393	-0.000160	0.000075	0.410435	1147.286892	0.589416	4	4	0	9	10	2.000000	1.000000	4	0	167	167	148	1.460446	3.190037	243.894444	0.034400	46045	21.092533	30.021072	256x256	65536	sparse	Learned	287	4	24	2135	30.437822	0.576117	28.003433	0.998807	0.589565	0.239478	16	3	0.000000	29	2068	30.692795	0.615887	0.998410	27.289444	0.337087	0.524666	4293	31.287123	0.682054	0.999203	30.649893	0.177013	0.577080	0.262064	0.419224	-0.302462	-0.055930	True	0.714924	0.266553	0.578616	28.005401	0.998958	7582
7583.png	0.493934	0.874408	0.932996	0.949196	0.917340	0.998779	27.551310	0.999099	28.366961	1.000000	0.689633	0.453129	31.087706	0.580393	2168	4	3	9	11	1.989011	0.750000	182	181	267.793939	2.908393	0.034301	-0.008604	-0.696665	-0.000315	-0.000022	0.501722	1069.857836	0.502671	4	3	1	9	11	1.989011	0.750000	4	0	182	181	162	1.479525	2.908393	267.793939	0.034301	45025	20.767989	30.228782	256x256	65536	sparse	Learned	302	4	27	2099	31.489640	0.623445	28.186260	0.999121	0.498278	0.308498	9	3	0.000000	35	1954	31.695974	0.655263	0.999028	28.000507	0.311564	0.490468	4370	32.319202	0.719697	0.999489	31.329752	0.183885	0.510907	0.180701	0.381135	-0.401934	-0.043052	True	0.707707	0.320683	0.502538	28.247975	0.999094	7583
7584.png	0.736310	0.923883	0.960436	0.965975	0.954960	0.998735	27.913110	0.998912	28.262090	1.000000	0.650761	0.840655	31.432170	0.604581	2411	5	4	8	11	1.989362	0.800000	188	187	308.119841	2.882454	0.051856	0.000708	-0.363347	-0.000226	-0.000053	0.256614	1095.003128	0.753647	5	4	1	8	11	1.989362	0.800000	5	0	188	187	169	1.647700	2.882454	308.119841	0.051856	44835	18.596018	27.182082	256x256	65536	sparse	Learned	308	5	29	2371	31.776068	0.646423	28.231520	0.998965	0.743386	0.535828	8	7	0.000000	41	2260	32.154484	0.688109	0.998948	28.458434	0.608254	0.737566	3842	32.336509	0.708847	0.999410	30.952554	0.468859	0.726550	0.030570	0.114933	-0.343898	-0.041842	True	0.659043	0.554028	0.735602	28.276457	0.998961	7584
7585.png	0.585163	0.922107	0.959475	0.945967	0.973375	0.998922	27.567734	0.999012	27.920493	1.000000	0.543880	0.614462	30.997915	0.564982	1869	4	2	4	9	1.966102	0.500000	118	116	184.823376	3.509486	0.028845	0.036516	0.098949	-0.000027	0.000093	0.452586	1176.773787	0.590299	4	2	2	4	9	1.966102	0.500000	4	0	118	116	105	1.593305	3.509486	184.823376	0.028845	45324	24.250401	35.064741	256x256	65536	sparse	Learned	238	4	24	1857	31.144711	0.597243	27.512230	0.998919	0.547414	0.254226	12	2	0.000000	31	1656	31.392363	0.630703	0.998671	27.303524	0.407458	0.566308	5025	32.262570	0.730506	0.999490	31.328318	0.299782	0.561594	0.408264	0.289654	-0.146796	-0.032261	True	0.566126	0.347863	0.548647	27.468785	0.998949	7585
7586.png	0.706055	0.895142	0.944670	0.956935	0.932716	0.998837	27.243218	0.999000	27.682773	1.000000	0.663784	0.713696	30.230455	0.527710	2177	4	5	10	10	2.012195	1.250000	164	165	248.551299	3.100027	0.031309	0.002373	-0.012247	-0.000030	0.000110	0.283363	1184.522867	0.723494	4	5	-1	10	10	2.012195	1.250000	4	0	164	165	144	1.506372	3.100027	248.551299	0.031309	45976	21.118971	30.103813	256x256	65536	sparse	Learned	284	4	24	2095	30.505717	0.578799	27.212342	0.998890	0.716637	0.465121	7	2	0.000000	28	1998	30.705131	0.618191	0.998679	26.558501	0.544640	0.705189	4316	31.303866	0.684028	0.999386	30.086832	0.349991	0.717949	0.470431	0.198663	-0.275263	-0.051089	True	0.676967	0.483149	0.703682	27.255465	0.998867	7586
7587.png	0.711071	0.901889	0.948414	0.927900	0.969856	0.999231	27.786567	0.999213	27.936754	1.000000	0.681776	0.672188	30.753385	0.561216	2198	4	5	10	9	2.011834	1.250000	169	170	256.409163	3.276598	0.035649	0.008646	0.360476	-0.000000	0.000071	0.305065	1121.419668	0.697291	4	5	-1	10	9	2.011834	1.250000	4	1	169	170	150	1.508289	3.276598	256.409163	0.035649	45448	20.676979	29.816197	256x256	65536	sparse	Learned	289	4	26	2149	31.093394	0.608353	27.466645	0.999143	0.694935	0.526056	6	8	0.000000	33	2194	31.350978	0.653279	0.999099	27.261295	0.606235	0.679907	4113	31.831134	0.696371	0.999589	30.943627	0.419578	0.692895	0.470109	0.155720	-0.340009	-0.047137	True	0.707707	0.475712	0.702424	27.426092	0.999231	7587
7588.png	0.690852	0.896605	0.945484	0.932584	0.958746	0.999380	27.583513	0.999506	28.173866	1.000000	0.672085	0.682219	30.721524	0.552155	2140	4	2	6	10	1.977401	0.500000	177	175	255.036580	2.460668	0.016748	0.002688	-0.165012	-0.000090	0.000020	0.300226	790.398598	0.708235	4	2	2	6	10	1.977401	0.500000	4	0	177	175	161	1.457352	2.460668	255.036580	0.016748	45555	21.287383	30.624299	256x256	65536	sparse	Learned	297	4	25	2041	30.993720	0.597111	27.774451	0.999485	0.699774	0.402499	8	0	0.500000	32	2104	31.225377	0.643992	0.999391	27.246513	0.449815	0.720896	4223	31.741625	0.695310	0.999727	31.012393	0.339660	0.686082	0.399415	0.269585	-0.272196	-0.044956	True	0.681776	0.465121	0.688164	27.748525	0.999470	7588
7589.png	0.672310	0.840625	0.913413	0.942537	0.886034	0.998623	27.905421	0.999094	28.559039	1.000000	0.622808	0.814321	31.365996	0.587501	1902	4	11	20	8	2.106061	2.750000	132	139	227.480231	3.412596	0.048927	-0.031126	-0.241003	-0.000157	0.000090	0.323115	1085.052729	0.707084	4	11	-7	20	8	2.106061	2.750000	4	1	132	139	104	1.636548	3.412596	227.480231	0.048927	44778	23.542587	34.456362	256x256	65536	sparse	Learned	252	4	25	1809	31.640217	0.619470	28.069308	0.999004	0.676885	0.716346	4	8	0.000000	35	1846	31.872841	0.656972	0.998947	28.038988	0.346527	0.686887	4819	32.629547	0.739698	0.999540	31.553466	0.306189	0.673370	0.489731	-0.093538	-0.274221	-0.031968	True	0.630277	0.513248	0.703436	28.146424	0.998781	7589
7590.png	0.621906	0.923173	0.960052	0.953548	0.966645	0.998924	27.263036	0.998979	27.645456	1.000000	0.660404	0.581237	31.219164	0.591756	2149	4	5	12	10	2.012903	1.250000	155	156	251.936075	3.085327	0.031655	-0.005664	-0.454512	-0.000185	-0.000010	0.376421	1173.930168	0.628853	4	5	-1	12	10	2.012903	1.250000	4	0	155	156	133	1.614975	3.085327	251.936075	0.031655	45078	20.976268	30.496045	256x256	65536	sparse	Learned	275	4	27	2131	31.507839	0.627477	27.670008	0.998988	0.623579	0.405479	7	0	0.625000	37	2126	31.851351	0.670838	0.998955	27.711607	0.454315	0.628606	4323	32.386021	0.718558	0.999510	31.344915	0.252671	0.624703	-0.024552	0.254925	-0.288675	-0.035721	True	0.595053	0.345867	0.627570	27.717548	0.999108	7590
7591.png	0.536854	0.875798	0.933787	0.910133	0.958704	0.998883	27.979192	0.998866	28.428817	1.000000	0.598280	0.501837	30.325790	0.533139	2108	5	8	18	11	2.038217	1.600000	157	160	245.823376	3.455103	0.028744	0.003336	0.015563	0.000008	0.000161	0.455874	1269.054413	0.546123	5	8	-3	18	11	2.038217	1.600000	5	0	157	160	128	1.536396	3.455103	245.823376	0.028744	45848	21.749526	31.089184	256x256	65536	sparse	Learned	277	5	23	2033	30.549299	0.579186	27.907152	0.998705	0.544126	0.365796	13	6	0.000000	30	2036	30.900323	0.622752	0.998539	27.439463	0.272813	0.517184	4376	31.493706	0.691934	0.999316	30.860456	0.237256	0.511513	0.521665	0.232484	-0.223509	-0.046047	True	0.585217	0.293684	0.533518	27.963628	0.998875	7591
7592.png	0.720992	0.891720	0.942761	0.939597	0.945946	0.998862	27.205475	0.999068	27.768850	1.000000	0.697296	0.879753	31.134782	0.592979	2334	4	2	3	8	1.978495	0.500000	186	184	276.835570	3.197305	0.037039	0.040579	-0.446619	-0.000215	0.000022	0.317119	1049.537182	0.744806	4	2	2	3	8	1.978495	0.500000	4	0	186	184	175	1.504541	3.197305	276.835570	0.037039	45031	19.293488	28.078835	256x256	65536	sparse	Learned	306	4	28	2263	31.591957	0.636555	27.645134	0.999046	0.682881	0.619289	7	12	0.000000	38	2198	31.843604	0.671237	0.998990	27.691996	0.663784	0.689228	4098	32.252224	0.710090	0.999527	31.076730	0.418914	0.676638	0.123715	0.078007	-0.457175	-0.043576	True	0.617107	0.542902	0.680412	27.652094	0.999077	7592
7593.png	0.657593	0.884562	0.938745	0.927114	0.950673	0.999248	27.467493	0.999329	27.764009	1.000000	0.581886	0.561366	30.901384	0.569320	2158	5	3	6	10	1.976048	0.600000	167	165	241.965512	2.732427	0.029803	0.005900	0.034056	-0.000088	0.000042	0.312992	945.604801	0.685571	5	3	2	6	10	1.976048	0.600000	5	0	167	165	151	1.466458	2.732427	241.965512	0.029803	45366	21.022243	30.368860	256x256	65536	sparse	Learned	287	5	25	1981	31.246742	0.609505	27.444726	0.999286	0.687008	0.392120	9	4	0.000000	34	2150	31.517181	0.657315	0.999262	27.606242	0.530772	0.664042	4320	32.057288	0.708384	0.999664	31.322218	0.314427	0.664921	0.319282	0.189766	-0.345358	-0.040185	True	0.606235	0.340320	0.651693	27.433437	0.999336	7593
7594.png	0.657214	0.859451	0.924414	0.920415	0.928447	0.999268	27.779630	0.999474	28.305584	1.000000	0.615188	0.642087	31.125192	0.572462	1940	4	0	0	8	1.948718	0.000000	156	152	219.722871	2.631948	0.025360	0.037230	-0.165127	-0.000189	0.000021	0.351394	774.682283	0.693808	4	0	4	0	8	1.948718	0.000000	4	0	156	152	148	1.445545	2.631948	219.722871	0.025360	45166	23.281443	33.781443	256x256	65536	sparse	Learned	276	4	25	1895	31.331873	0.607649	27.943813	0.999454	0.648606	0.389994	7	1	0.125000	31	1896	31.576191	0.650690	0.999353	27.391401	0.357801	0.617742	4822	32.403669	0.732495	0.999726	31.609294	0.244216	0.653270	0.361771	0.225194	-0.206681	-0.035187	True	0.639405	0.410554	0.619984	27.944757	0.999457	7594
7595.png	0.546875	0.904255	0.949721	0.949313	0.950129	0.999125	27.856345	0.999276	28.176658	1.000000	0.470594	0.481613	31.293452	0.583218	1849	5	0	0	10	1.921260	0.000000	127	122	179.580736	2.983650	0.027900	0.016392	-0.099281	-0.000158	-0.000012	0.446586	1073.814631	0.577536	5	0	5	0	10	1.921260	0.000000	5	0	127	122	117	1.471973	2.983650	179.580736	0.027900	44864	24.263926	35.444024	256x256	65536	sparse	Learned	247	5	24	1777	31.480278	0.612064	27.869130	0.999288	0.553414	0.211797	10	0	0.500000	34	1842	31.767819	0.653739	0.999142	27.580089	0.355964	0.564349	5007	32.595440	0.741110	0.999666	31.989427	0.208731	0.565287	0.307528	0.258797	-0.186826	-0.028846	True	0.472708	0.227662	0.530483	27.955626	0.999283	7595
7596.png	0.543375	0.886450	0.939808	0.921627	0.958720	0.998344	28.447002	0.998366	28.764797	1.000000	0.678899	0.410951	31.010325	0.574701	2399	5	8	13	10	2.029557	1.600000	203	206	326.977705	3.192287	0.038165	0.020903	-0.501426	-0.000261	-0.000084	0.473877	1358.129978	0.555347	5	8	-3	13	10	2.029557	1.600000	5	1	203	206	180	1.587270	3.192287	326.977705	0.038165	45162	18.825344	27.318049	256x256	65536	sparse	Learned	323	5	29	2346	31.430777	0.626042	28.953384	0.998450	0.526123	0.298642	19	5	0.000000	36	2158	31.609299	0.662376	0.998339	28.552836	0.248737	0.490032	3808	31.942113	0.694734	0.998909	30.852544	0.148524	0.536054	-0.188587	0.380257	-0.420452	-0.051340	True	0.718606	0.295312	0.522472	28.948428	0.998605	7596
7597.png	0.705230	0.880000	0.936170	0.932730	0.939636	0.998715	28.029021	0.998833	28.689147	1.000000	0.675348	1.056361	31.261200	0.587175	2134	4	7	15	10	2.037500	1.750000	160	163	269.492424	3.449027	0.051878	-0.012026	-0.287812	-0.000123	0.000094	0.277778	1360.161781	0.723020	4	7	-3	15	10	2.037500	1.750000	4	1	160	163	135	1.653328	3.449027	269.492424	0.051878	44922	21.050609	30.710403	256x256	65536	sparse	Learned	280	4	27	2095	31.562078	0.627747	28.288393	0.998739	0.722222	0.780192	4	11	0.000000	35	1924	31.773867	0.661204	0.998547	27.913793	0.488291	0.739846	4360	32.350401	0.718568	0.999418	31.788988	0.377951	0.692506	0.400753	-0.104844	-0.300878	-0.040571	True	0.695779	0.734993	0.717256	28.316834	0.998838	7597
7598.png	0.493709	0.882966	0.937846	0.917520	0.959094	0.998632	29.617788	0.998539	29.673718	1.000000	0.515191	0.386231	31.633515	0.595732	1911	5	3	6	11	1.970370	0.600000	135	133	203.752309	3.672350	0.038471	-0.022887	0.420632	0.000057	0.000129	0.479412	1345.528603	0.498248	5	3	2	6	11	1.970370	0.600000	5	0	135	133	118	1.531972	3.672350	203.752309	0.038471	44671	23.375720	34.294087	256x256	65536	sparse	Learned	255	5	26	1850	31.793224	0.625626	29.203928	0.998410	0.520588	0.273851	15	8	0.000000	37	1756	32.063983	0.659775	0.998349	29.164739	0.160076	0.510514	4938	32.848745	0.746071	0.999094	31.920279	0.129813	0.515924	0.469790	0.241340	-0.159709	-0.029894	True	0.545247	0.210591	0.516596	29.197157	0.998574	7598
7599.png	0.730702	0.893333	0.943662	0.936209	0.951235	0.999056	27.123788	0.999244	27.793712	1.000000	0.752167	0.689860	31.224064	0.599865	2502	4	2	5	9	1.981651	0.500000	218	216	317.906638	2.581625	0.026118	-0.002990	-0.810341	-0.000266	-0.000044	0.269087	874.550343	0.749855	4	2	2	5	9	1.981651	0.500000	4	0	218	216	204	1.471790	2.581625	317.906638	0.026118	45000	17.985612	26.193445	256x256	65536	sparse	Learned	338	4	30	2452	31.739378	0.647987	27.945882	0.999288	0.730913	0.576838	7	2	0.000000	40	2300	32.049258	0.686458	0.999236	28.027479	0.516482	0.710200	3589	32.155583	0.695513	0.999572	30.657318	0.509992	0.722043	-0.152169	0.175329	-0.515314	-0.048122	True	0.669781	0.462056	0.733693	27.934129	0.999322	7599
7601.png	0.671005	0.913202	0.954632	0.937567	0.972330	0.998656	29.501327	0.998562	29.582299	1.000000	0.569726	0.795546	31.816596	0.609962	2166	6	2	3	12	1.958115	0.333333	191	187	275.651804	3.131095	0.030254	0.000928	0.088907	-0.000070	-0.000008	0.327309	1155.978441	0.667684	6	2	4	3	12	1.958115	0.333333	6	0	191	187	176	1.474074	3.131095	275.651804	0.030254	44485	20.537858	30.256694	256x256	65536	sparse	Learned	311	6	29	2110	32.052470	0.647167	29.446668	0.998571	0.672691	0.374998	14	9	0.000000	40	1954	32.292163	0.677153	0.998397	29.219644	0.168334	0.669000	4110	32.729565	0.731058	0.998979	31.371632	0.058144	0.621951	0.135631	0.194728	-0.235875	-0.037205	True	0.574007	0.456649	0.670077	29.412420	0.998726	7601
7602.png	0.496749	0.915918	0.956114	0.945659	0.966802	0.998752	28.397593	0.998738	28.522973	1.000000	0.497420	0.573684	30.664133	0.545049	1921	5	4	8	12	1.984000	0.800000	125	124	194.610173	3.717977	0.039679	0.007072	0.332262	0.000027	0.000081	0.492921	1296.426535	0.510349	5	4	1	8	12	1.984000	0.800000	5	0	125	124	105	1.569437	3.717977	194.610173	0.039679	45596	23.735554	34.115565	256x256	65536	sparse	Learned	245	5	23	1859	30.829643	0.583078	28.001146	0.998657	0.507079	0.218599	12	2	0.000000	29	1918	31.080547	0.626680	0.998288	27.474554	0.363282	0.483580	4660	31.826401	0.709342	0.999299	31.065611	0.184241	0.495177	0.521827	0.278821	-0.165510	-0.038029	True	0.507372	0.291071	0.489677	28.065332	0.998725	7602
7603.png	0.738476	0.904404	0.949803	0.946073	0.953562	0.999039	27.457396	0.999183	27.734176	1.000000	0.754633	0.934697	30.236539	0.542591	2478	4	9	16	13	2.050505	2.250000	198	203	325.977705	3.065234	0.039144	-0.016122	-0.023950	-0.000114	0.000032	0.238994	1027.867794	0.750000	4	9	-5	16	13	2.050505	2.250000	4	0	198	203	169	1.605802	3.065234	325.977705	0.039144	45932	18.535916	26.447135	256x256	65536	sparse	Learned	318	4	26	2351	30.700101	0.600248	27.474713	0.999152	0.761006	0.397499	12	5	0.000000	31	2472	30.951977	0.650794	0.998978	26.872501	0.504517	0.728690	3448	31.169578	0.657258	0.999399	29.400978	0.526451	0.741337	0.259463	0.357134	-0.463563	-0.057657	True	0.678899	0.634565	0.754598	27.481347	0.999153	7603
7604.png	0.626275	0.907465	0.951488	0.957682	0.945373	0.999004	27.426451	0.999194	27.808454	1.000000	0.607807	0.616924	31.546770	0.608585	2269	5	0	1	11	1.945946	0.000000	185	180	272.078210	2.733794	0.033752	-0.029807	-0.511828	-0.000241	-0.000063	0.330900	865.266562	0.643861	5	0	5	1	11	1.945946	0.000000	5	0	185	180	173	1.511546	2.733794	272.078210	0.033752	44731	19.713971	28.883208	256x256	65536	sparse	Learned	305	5	29	2198	31.905474	0.646835	27.884686	0.999257	0.669100	0.339359	11	2	0.000000	41	2158	32.191335	0.683703	0.999217	28.089942	0.358535	0.630475	3998	32.570751	0.718501	0.999614	31.421210	0.338558	0.651365	-0.076232	0.268447	-0.358703	-0.038250	True	0.620158	0.382590	0.656081	27.938279	0.999245	7604
7605.png	0.602489	0.859956	0.924706	0.916796	0.932753	0.999288	28.716220	0.999330	29.039039	1.000000	0.644774	0.360754	30.863543	0.554944	1892	4	7	13	9	2.039474	1.750000	152	155	244.936075	2.779232	0.043959	-0.040965	0.021958	-0.000087	0.000025	0.354972	987.746239	0.612691	4	7	-3	13	9	2.039474	1.750000	4	1	152	155	130	1.580233	2.779232	244.936075	0.043959	45255	23.919133	34.638478	256x256	65536	sparse	Learned	272	4	24	1838	31.149212	0.593723	28.649748	0.999305	0.645028	0.384918	10	6	0.000000	32	1740	31.361880	0.629726	0.999231	28.277594	0.199008	0.633287	4693	32.104273	0.719960	0.999639	31.750727	0.073852	0.607683	0.389292	0.259855	-0.285669	-0.038780	True	0.680181	0.245378	0.643454	28.694262	0.999376	7605
7606.png	0.783738	0.908279	0.951935	0.947502	0.956410	0.999414	26.767471	0.999543	27.431825	1.000000	0.653544	0.748399	30.481955	0.543631	2177	4	1	3	9	1.964706	0.250000	170	167	250.421356	2.426527	0.027349	0.033159	-0.785307	-0.000173	-0.000009	0.238206	883.086681	0.808115	4	1	3	3	9	1.964706	0.250000	4	0	170	167	158	1.499529	2.426527	250.421356	0.027349	45744	21.012402	30.103813	256x256	65536	sparse	Learned	290	4	24	2038	30.801521	0.588351	27.431724	0.999551	0.761794	0.624689	4	0	1.000000	30	2110	31.007073	0.636663	0.999448	26.735078	0.441699	0.753067	4332	31.571631	0.691119	0.999783	30.665767	0.593430	0.745983	0.000101	0.028855	-0.319566	-0.044720	True	0.656991	0.491691	0.750579	27.552778	0.999587	7606
7607.png	0.688511	0.857143	0.923077	0.914384	0.931937	0.999358	26.781503	0.999554	27.566946	1.000000	0.561327	0.856632	30.442769	0.552564	2091	5	1	2	10	1.950617	0.200000	162	158	231.137085	2.546187	0.036972	0.025166	-0.510218	-0.000179	-0.000024	0.306533	815.221071	0.737232	5	1	4	2	10	1.950617	0.200000	5	0	162	158	150	1.462893	2.546187	231.137085	0.036972	45532	21.775227	31.341942	256x256	65536	sparse	Learned	282	5	24	2028	30.938366	0.598465	27.483532	0.999578	0.693467	0.466647	7	2	0.000000	30	1898	31.151075	0.634192	0.999418	26.509156	0.417252	0.678052	4256	31.784934	0.698380	0.999776	30.919024	0.307289	0.698540	0.083414	0.094680	-0.495597	-0.045902	True	0.570013	0.488291	0.663345	27.291721	0.999537	7607
7608.png	0.642681	0.912849	0.954439	0.953198	0.955683	0.998297	27.723126	0.998589	28.264799	1.000000	0.750925	0.502235	30.705429	0.559663	2439	4	4	10	10	2.000000	1.000000	203	203	325.220346	2.972963	0.036448	-0.009723	-0.379556	-0.000279	-0.000004	0.333979	1169.985294	0.669835	4	4	0	10	10	2.000000	1.000000	4	1	203	203	183	1.602071	2.972963	325.220346	0.036448	45544	18.673227	26.870029	256x256	65536	sparse	Learned	323	4	27	2411	31.019965	0.614743	28.116419	0.998593	0.666021	0.440102	12	9	0.000000	35	2422	31.357028	0.663866	0.998434	27.735621	0.399504	0.644737	3707	31.589139	0.676562	0.999083	30.501043	0.307619	0.652489	0.148381	0.310823	-0.314536	-0.055080	True	0.766600	0.385013	0.652404	28.102682	0.998575	7608
7609.png	0.687544	0.909664	0.952695	0.974494	0.931851	0.998999	27.198247	0.999371	27.924981	1.000000	0.637598	0.486052	31.258362	0.586895	2066	4	2	5	10	1.973856	0.500000	153	151	235.793939	2.851828	0.045848	-0.014048	-0.545334	-0.000299	0.000003	0.294758	957.287788	0.728550	4	2	2	5	10	1.973856	0.500000	4	0	153	151	138	1.561549	2.851828	235.793939	0.045848	45039	21.800097	31.721200	256x256	65536	sparse	Learned	273	4	27	2064	31.519062	0.623701	27.714449	0.999368	0.705242	0.370118	9	3	0.000000	36	1932	31.746165	0.659850	0.999290	27.488556	0.441699	0.697073	4338	32.323107	0.717508	0.999660	30.995841	0.249238	0.700549	0.210533	0.267480	-0.260700	-0.036806	True	0.653544	0.317657	0.701592	27.743582	0.999298	7609
7610.png	0.736168	0.903019	0.949038	0.947217	0.950867	0.998398	27.388678	0.998496	27.702221	1.000000	0.646545	0.952032	30.230129	0.536303	2513	5	9	16	11	2.042105	1.800000	190	194	302.007143	3.424079	0.049920	-0.013720	-0.153961	-0.000159	-0.000004	0.241007	1581.984520	0.759131	5	9	-4	16	11	2.042105	1.800000	5	1	190	194	163	1.556738	3.424079	302.007143	0.049920	46046	18.323120	26.078790	256x256	65536	sparse	Learned	310	5	26	2483	30.566440	0.598244	27.553573	0.998500	0.758993	0.513248	10	13	0.000000	30	2334	30.797304	0.640633	0.998132	26.828747	0.505617	0.748088	3776	31.102404	0.660552	0.998970	29.226427	0.633955	0.754574	0.148648	0.133298	-0.336310	-0.061942	True	0.680181	0.647554	0.749888	27.542639	0.998557	7610
7611.png	0.698977	0.866983	0.928753	0.914214	0.943762	0.999231	27.923940	0.999321	28.396328	1.000000	0.734197	0.523547	30.204329	0.525986	2221	4	9	16	10	2.053476	2.250000	187	192	307.320851	2.784901	0.055227	-0.016801	0.337465	-0.000032	0.000105	0.279176	940.468788	0.714627	4	9	-5	16	10	2.053476	2.250000	4	1	187	192	161	1.600629	2.784901	307.320851	0.055227	45954	20.690680	29.507429	256x256	65536	sparse	Learned	307	4	24	2080	30.524480	0.577975	27.621733	0.999216	0.720824	0.558308	7	3	0.000000	30	2156	30.776763	0.628064	0.999093	27.092360	0.360899	0.678449	4099	31.258072	0.675401	0.999572	30.413121	0.159826	0.690315	0.774595	0.175889	-0.320151	-0.051989	True	0.763072	0.399504	0.715777	27.586476	0.999263	7611
7612.png	0.753612	0.868567	0.929661	0.936007	0.923401	0.999211	26.144657	0.999537	27.371052	1.000000	0.568289	0.834590	30.541831	0.555516	2116	5	3	7	12	1.974522	0.600000	157	155	239.480231	2.514445	0.028931	0.061413	-0.879059	-0.000274	0.000014	0.283852	869.407892	0.804493	5	3	2	7	12	1.974522	0.600000	5	0	157	155	138	1.545034	2.514445	239.480231	0.028931	45579	21.540170	30.971645	256x256	65536	sparse	Learned	277	5	25	2109	30.976442	0.603462	27.102727	0.999523	0.716148	0.508356	6	1	0.400000	30	1966	31.188989	0.637928	0.999445	26.709702	0.427361	0.717765	4256	31.777312	0.698111	0.999776	30.754482	0.448744	0.711303	0.268325	0.059934	-0.434611	-0.047946	True	0.576838	0.481423	0.692199	27.023716	0.999485	7612
7613.png	0.706049	0.887679	0.940498	0.933695	0.947401	0.999123	27.146296	0.999295	27.679210	1.000000	0.660404	0.742696	30.422132	0.549081	2394	5	5	12	11	2.000000	1.000000	198	198	307.078210	2.815006	0.039311	-0.022194	-0.397694	-0.000199	0.000009	0.279534	975.631952	0.723513	5	5	0	12	11	2.000000	1.000000	5	1	198	198	175	1.550900	2.815006	307.078210	0.039311	45741	19.106516	27.375104	256x256	65536	sparse	Learned	318	5	27	2366	30.920000	0.607141	27.523074	0.999286	0.720466	0.397098	10	4	0.000000	31	2152	31.037532	0.643390	0.999166	27.007550	0.565402	0.691630	3908	31.476665	0.679911	0.999579	30.037013	0.369863	0.701377	0.156136	0.263307	-0.497867	-0.058060	True	0.660404	0.490480	0.728243	27.543990	0.999321	7613
7614.png	0.597931	0.881210	0.936854	0.945904	0.927976	0.999216	27.144571	0.999404	27.503306	1.000000	0.491691	0.617059	31.183267	0.587071	2160	5	0	0	10	1.937500	0.000000	160	155	225.722871	2.573468	0.027274	0.003374	-0.451866	-0.000194	-0.000039	0.384560	782.507896	0.627570	5	0	5	0	10	1.937500	0.000000	6	0	160	155	150	1.456277	2.573468	225.722871	0.027274	45088	20.874074	30.340741	256x256	65536	sparse	Learned	282	6	27	2108	31.522014	0.627316	27.569416	0.999443	0.615440	0.308498	9	1	0.250000	35	1934	31.723367	0.660543	0.999325	27.335804	0.313398	0.616205	4067	32.232031	0.707086	0.999718	31.296839	0.227920	0.627312	-0.066110	0.183194	-0.338747	-0.040244	True	0.519695	0.320683	0.594557	27.596437	0.999410	7614
7616.png	0.682734	0.891794	0.942802	0.938121	0.947531	0.999066	28.101638	0.999241	28.412903	1.000000	0.613259	0.727737	31.364929	0.595633	2001	4	5	8	9	2.013793	1.250000	145	146	226.936075	3.045053	0.034543	0.026383	-0.062469	-0.000124	0.000029	0.323377	1122.621536	0.711790	4	5	-1	8	9	2.013793	1.250000	4	0	145	146	128	1.554357	3.045053	226.936075	0.034543	44702	22.339830	32.751624	256x256	65536	sparse	Learned	265	4	26	1949	31.759871	0.631836	28.119439	0.999213	0.676623	0.480558	8	5	0.000000	37	1994	32.044852	0.672668	0.999135	27.987447	0.456649	0.672335	4715	32.724329	0.741481	0.999644	31.842038	0.261112	0.665170	0.293465	0.132701	-0.394942	-0.036203	True	0.611320	0.444880	0.656351	28.164106	0.999190	7616
7617.png	0.831389	0.925498	0.961308	0.949408	0.973510	0.999554	27.185062	0.999584	27.481412	1.000000	0.445673	1.262052	30.269059	0.517985	1684	4	0	0	8	1.920000	0.000000	100	96	135.953319	3.086841	0.033351	0.037585	0.712536	0.000038	0.000108	0.185687	1006.700277	0.867663	4	0	4	0	8	1.920000	0.000000	4	0	100	96	92	1.416180	3.086841	135.953319	0.033351	45997	27.314133	38.916865	256x256	65536	sparse	Learned	220	4	20	1637	30.330115	0.548155	26.482347	0.999475	0.814313	0.457735	5	5	0.000000	25	1584	30.568698	0.594510	0.999405	25.918978	0.321975	0.807544	5194	31.627521	0.714942	0.999815	31.069977	0.589344	0.821323	0.999065	-0.012062	-0.061056	-0.030170	True	0.462056	0.583138	0.793804	26.472526	0.999516	7617
7619.png	0.631004	0.888573	0.941000	0.936425	0.945619	0.999084	27.113230	0.999310	27.827316	1.000000	0.601481	0.391441	31.384108	0.595846	2000	4	1	3	9	1.956835	0.250000	139	136	209.166522	3.179037	0.032592	-0.002659	-0.873022	-0.000265	-0.000029	0.372109	937.028170	0.648866	4	1	3	3	9	1.956835	0.250000	4	0	139	136	127	1.537989	3.179037	209.166522	0.032592	44901	22.450500	32.768000	256x256	65536	sparse	Learned	259	4	26	1924	31.740972	0.629665	28.085018	0.999339	0.627891	0.272397	10	1	0.000000	37	1998	31.971635	0.670425	0.999291	27.935338	0.273851	0.584561	4526	32.555054	0.729780	0.999666	31.358708	0.220225	0.636427	-0.257702	0.329084	-0.356864	-0.033819	True	0.620917	0.243053	0.633663	27.986252	0.999349	7619
7620.png	0.652608	0.839207	0.912575	0.929268	0.896471	0.998968	28.105529	0.999178	28.450485	1.000000	0.572585	0.498006	31.260079	0.592144	2298	6	5	9	13	1.989305	0.833333	187	186	293.320851	2.856276	0.038084	-0.004549	-0.500684	-0.000246	-0.000073	0.315040	883.549452	0.699476	6	5	1	9	13	1.989305	0.833333	6	0	187	186	165	1.576994	2.856276	293.320851	0.038084	44953	19.561793	28.518712	256x256	65536	sparse	Learned	307	6	28	2218	31.671759	0.637363	28.542136	0.999251	0.684960	0.365264	11	3	0.000000	39	2296	31.953196	0.679950	0.999232	28.448281	0.374429	0.667202	3975	32.255030	0.708714	0.999542	31.055725	0.283686	0.660574	-0.091651	0.207321	-0.411680	-0.045219	True	0.677612	0.337455	0.657157	28.606213	0.999214	7620
7621.png	0.638953	0.908748	0.952193	0.948819	0.955591	0.999251	26.979427	0.999339	27.309043	1.000000	0.611320	0.363842	30.170119	0.521394	2018	4	4	8	9	2.000000	1.000000	138	138	217.722871	2.887153	0.032265	0.010909	-0.021783	-0.000070	0.000047	0.364106	1048.216343	0.652241	4	4	0	8	9	2.000000	1.000000	4	0	138	138	121	1.577702	2.887153	217.722871	0.032265	46110	22.849356	32.475719	256x256	65536	sparse	Learned	258	4	22	1951	30.292152	0.563782	26.982278	0.999292	0.635894	0.350213	9	1	0.000000	27	1996	30.642215	0.616469	0.999160	26.370051	0.407458	0.624166	4601	31.356223	0.691243	0.999618	30.316133	0.202534	0.645849	0.326765	0.261107	-0.122034	-0.042388	True	0.617107	0.224530	0.628044	27.001210	0.999321	7621
7622.png	0.748479	0.891008	0.942363	0.950581	0.934286	0.998896	27.742993	0.999057	28.176226	1.000000	0.619017	0.711200	30.310323	0.528471	1939	4	3	6	8	1.985507	0.750000	138	137	213.267027	3.205503	0.037615	-0.002955	0.268653	0.000003	0.000131	0.236893	1117.436409	0.804225	4	3	1	6	8	1.985507	0.750000	4	1	138	137	124	1.556694	3.205503	213.267027	0.037615	45905	23.674575	33.798865	256x256	65536	sparse	Learned	258	4	22	1846	30.480276	0.568199	27.404073	0.998927	0.763107	0.576838	6	4	0.000000	28	1852	30.759319	0.611765	0.998575	26.670425	0.532334	0.765522	4626	31.535772	0.700548	0.999537	31.138453	0.317846	0.747238	0.772152	0.042179	-0.169953	-0.039729	True	0.667129	0.474462	0.751434	27.474340	0.998893	7622
7623.png	0.797127	0.913547	0.954821	0.950835	0.958840	0.999419	26.617731	0.999539	27.142825	1.000000	0.559568	0.977650	31.409791	0.598573	2082	5	2	4	11	1.961290	0.400000	155	152	236.379726	2.362856	0.026846	-0.019355	-0.824898	-0.000170	-0.000046	0.183587	774.267197	0.818264	5	2	3	4	11	1.961290	0.400000	5	0	155	152	140	1.555130	2.362856	236.379726	0.026846	44908	21.569645	31.477426	256x256	65536	sparse	Learned	275	5	26	1960	31.740605	0.630990	27.406217	0.999584	0.816413	0.463846	6	2	0.000000	38	2082	32.058361	0.676250	0.999574	27.609692	0.472708	0.800673	4535	32.584357	0.730741	0.999817	31.572170	0.570013	0.791032	-0.263392	0.095723	-0.330815	-0.032416	True	0.559568	0.547062	0.816483	27.442630	0.999589	7623
7624.png	0.502813	0.869716	0.930319	0.948602	0.912727	0.998915	27.903675	0.999225	28.443338	1.000000	0.501424	0.505237	30.739576	0.552394	1891	4	0	0	8	1.944056	0.000000	143	139	204.562657	3.191430	0.026372	-0.000481	-0.036767	-0.000041	0.000105	0.470508	1074.978590	0.543301	4	0	4	0	8	1.944056	0.000000	5	0	143	139	135	1.471674	3.191430	204.562657	0.026372	45465	24.042834	34.656795	256x256	65536	sparse	Learned	263	5	23	1885	30.876441	0.588157	27.924980	0.999120	0.529492	0.224308	10	0	0.500000	30	1864	31.229883	0.630704	0.999014	27.439920	0.220333	0.499307	4855	32.065762	0.722911	0.999598	31.445381	0.174221	0.539617	0.518358	0.277116	-0.136865	-0.035763	True	0.537912	0.271773	0.503294	27.940442	0.998957	7624
7625.png	0.658460	0.894654	0.944398	0.937397	0.951505	0.998829	28.514143	0.998872	28.621488	1.000000	0.620158	0.583824	30.543257	0.543408	2187	5	6	13	13	2.011765	1.200000	170	171	282.663997	3.155456	0.052134	-0.004987	0.141447	-0.000024	0.000041	0.324530	1029.088736	0.673480	5	6	-1	13	13	2.011765	1.200000	5	0	170	171	144	1.653006	3.155456	282.663997	0.052134	45622	20.860540	29.966164	256x256	65536	sparse	Learned	290	5	24	1998	30.817171	0.587080	28.352714	0.998831	0.675470	0.351988	13	8	0.000000	30	2086	31.050100	0.633789	0.998635	27.810567	0.128268	0.639900	4194	31.570314	0.690124	0.999302	30.615366	0.080598	0.632790	0.268774	0.268170	-0.273913	-0.043672	True	0.661760	0.386352	0.663447	28.372696	0.998853	7625
7626.png	0.667194	0.871350	0.931253	0.952545	0.910891	0.999208	26.366801	0.999481	27.000482	1.000000	0.545247	0.641305	30.531339	0.550526	2033	5	0	0	10	1.934211	0.000000	152	147	212.610173	2.666512	0.018433	0.006214	-0.837769	-0.000237	-0.000030	0.280094	896.387815	0.743851	5	0	5	0	10	1.934211	0.000000	5	0	152	147	142	1.446328	2.666512	212.610173	0.018433	45616	22.437777	32.236104	256x256	65536	sparse	Learned	272	5	23	1954	30.783695	0.589214	27.125314	0.999511	0.719906	0.346230	8	0	0.700000	29	1918	31.103112	0.630833	0.999387	26.436524	0.441965	0.705655	4675	31.865924	0.710790	0.999788	31.146128	0.414331	0.720405	-0.124832	0.199016	-0.252356	-0.038688	True	0.570013	0.365552	0.660979	27.204570	0.999445	7626
7627.png	0.851485	0.910506	0.953157	0.959016	0.947368	0.999354	26.175922	0.999606	27.287891	1.000000	0.503415	1.013079	30.797791	0.557641	1810	4	0	0	8	1.931034	0.000000	116	112	156.710678	3.015033	0.020095	0.063898	-0.597409	-0.000202	0.000024	0.226003	846.058846	0.884381	4	0	4	0	8	1.931034	0.000000	4	0	116	112	108	1.399202	3.015033	156.710678	0.020095	45429	25.098895	36.207735	256x256	65536	sparse	Learned	236	4	23	1789	31.031274	0.592297	26.788320	0.999582	0.773997	0.543880	4	4	0.000000	31	1700	31.288859	0.629034	0.999550	26.596748	0.510808	0.788393	5252	32.248942	0.735259	0.999863	31.794153	0.374998	0.772242	0.499571	-0.040466	-0.233484	-0.034657	True	0.532334	0.539296	0.787587	26.773331	0.999556	7627
7628.png	0.621009	0.866397	0.928416	0.919441	0.937568	0.999448	27.825033	0.999556	28.213390	1.000000	0.464203	0.600244	31.534138	0.595501	1757	4	0	0	8	1.934426	0.000000	122	118	175.166522	2.547523	0.029254	-0.021444	-0.217857	-0.000082	0.000001	0.316746	758.668900	0.665272	4	0	4	0	8	1.934426	0.000000	5	0	122	118	114	1.484462	2.547523	175.166522	0.029254	44661	25.418896	37.299943	256x256	65536	sparse	Learned	244	5	24	1677	31.738188	0.620271	28.128472	0.999555	0.683254	0.272033	8	0	0.700000	36	1726	32.067806	0.661115	0.999521	27.993383	0.246960	0.687977	5321	33.042546	0.756161	0.999837	33.059233	0.262593	0.678952	0.084918	0.192170	-0.204050	-0.024770	True	0.483149	0.290007	0.642453	28.042890	0.999530	7628
7629.png	0.696538	0.903674	0.949400	0.931423	0.968085	0.999539	27.389368	0.999603	27.906528	1.000000	0.513248	0.660866	31.373253	0.589509	1876	5	2	4	11	1.954887	0.400000	133	130	202.681241	2.416125	0.035643	0.033736	0.044752	-0.000048	0.000021	0.320917	835.698128	0.711558	5	2	3	4	11	1.954887	0.400000	5	0	133	130	118	1.559086	2.416125	202.681241	0.035643	44875	23.920576	34.933902	256x256	65536	sparse	Learned	253	5	25	1810	31.636287	0.618590	27.411984	0.999581	0.679083	0.385328	6	0	0.900000	35	1822	31.867243	0.657382	0.999543	27.467296	0.352273	0.678977	4845	32.642365	0.741209	0.999806	31.404343	0.372313	0.700855	0.494545	0.127920	-0.263034	-0.029081	True	0.513248	0.339188	0.662802	27.344616	0.999587	7629
7630.png	0.730185	0.890000	0.941799	0.934383	0.949333	0.999321	27.805627	0.999405	28.141329	1.000000	0.587286	0.694241	31.679995	0.605855	1898	4	2	5	10	1.971223	0.500000	139	137	205.237590	2.852310	0.043701	0.010664	-0.203218	-0.000120	-0.000011	0.267516	831.814051	0.749789	4	2	2	5	10	1.971223	0.500000	4	0	139	137	124	1.498085	2.852310	205.237590	0.043701	44569	23.482086	34.528978	256x256	65536	sparse	Learned	259	4	25	1827	31.855411	0.632783	27.929091	0.999416	0.732484	0.419191	6	0	0.750000	38	1894	32.173348	0.673887	0.999361	27.806111	0.395200	0.729921	4939	32.978025	0.748190	0.999746	32.185902	0.301160	0.697749	0.212238	0.168095	-0.175416	-0.026928	True	0.503415	0.349491	0.719522	28.008845	0.999441	7630
7631.png	0.677531	0.889430	0.941480	0.927484	0.955904	0.999309	27.751497	0.999399	28.067020	1.000000	0.656991	0.782723	30.653891	0.554111	2120	4	6	12	11	2.024096	1.500000	166	168	253.279221	2.891647	0.024921	0.028121	0.016761	-0.000094	0.000020	0.329197	1060.648918	0.700069	4	6	-2	12	11	2.024096	1.500000	4	0	166	168	143	1.507614	2.891647	253.279221	0.024921	45445	21.436321	30.913208	256x256	65536	sparse	Learned	286	4	25	2071	31.012103	0.601406	27.741914	0.999380	0.670803	0.460516	7	3	0.000000	30	2048	31.232235	0.641659	0.999232	27.073590	0.501757	0.641732	4175	31.785774	0.696832	0.999676	31.200719	0.432208	0.678665	0.325106	0.196475	-0.358212	-0.047295	True	0.672085	0.526056	0.649410	27.734736	0.999403	7631
7632.png	0.540125	0.918934	0.957755	0.945741	0.970078	0.998734	28.616891	0.998775	29.002629	1.000000	0.655272	0.339745	31.571231	0.599925	2044	4	7	15	10	2.039735	1.750000	151	154	257.835570	3.325396	0.048735	-0.002296	0.081040	0.000039	0.000127	0.468767	1268.774271	0.535754	4	7	-3	15	10	2.039735	1.750000	4	1	151	154	126	1.674257	3.325396	257.835570	0.048735	44633	21.836106	32.062622	256x256	65536	sparse	Learned	271	4	27	1978	31.862752	0.634425	28.641290	0.998648	0.531233	0.283034	11	1	0.125000	39	2036	32.160510	0.675674	0.998637	28.890093	0.231317	0.502240	4596	32.751460	0.739117	0.999283	31.892282	0.187652	0.515235	0.361339	0.372238	-0.291521	-0.034500	True	0.658702	0.223791	0.542421	28.535851	0.998695	7632
7633.png	0.584327	0.886809	0.940009	0.912434	0.969302	0.999447	27.535857	0.999554	28.103145	1.000000	0.601481	0.647778	30.535935	0.547737	1937	4	0	1	9	1.942446	0.000000	139	135	213.965512	2.621672	0.041354	-0.001215	0.193767	-0.000057	0.000081	0.392913	800.967932	0.609858	4	0	4	1	9	1.942446	0.000000	4	0	139	135	129	1.584930	2.621672	213.965512	0.041354	45636	23.560145	33.833764	256x256	65536	sparse	Learned	259	4	23	1918	30.783971	0.587126	27.385092	0.999472	0.607087	0.349491	8	1	0.000000	29	1736	31.082179	0.619883	0.999393	26.924402	0.498424	0.582288	4649	31.867425	0.709585	0.999726	30.999681	0.254488	0.594899	0.718053	0.251990	-0.248035	-0.039389	True	0.607414	0.393469	0.585542	27.342090	0.999504	7633
7634.png	0.635243	0.891483	0.942628	0.950235	0.935142	0.999006	28.466957	0.999149	28.761449	1.000000	0.663784	0.496074	31.009892	0.564025	2021	4	7	15	12	2.038217	1.750000	157	160	265.320851	2.964573	0.034440	-0.038563	0.022065	-0.000041	0.000058	0.306683	1085.336208	0.669841	4	7	-3	15	12	2.038217	1.750000	4	0	157	160	130	1.658255	2.964573	265.320851	0.034440	45270	22.399802	32.427511	256x256	65536	sparse	Learned	277	4	25	1986	31.176803	0.603512	28.425297	0.999091	0.693317	0.504831	7	8	0.000000	33	2010	31.496650	0.646936	0.998956	27.967525	0.240850	0.653176	4684	32.160900	0.721667	0.999513	31.131185	0.089418	0.664478	0.336153	0.158952	-0.166911	-0.039487	True	0.683363	0.338999	0.673807	28.444893	0.999048	7634
7635.png	0.722855	0.922471	0.959672	0.957862	0.961490	0.998831	27.683351	0.998966	28.005213	1.000000	0.651808	0.723299	30.371452	0.533311	2162	4	6	10	6	2.023810	1.500000	168	170	238.722871	3.312093	0.032594	-0.007202	-0.263827	-0.000125	0.000039	0.262457	1154.698372	0.747420	4	6	-2	10	6	2.023810	1.500000	4	2	168	170	152	1.404252	3.312093	238.722871	0.032594	45839	21.202128	30.312673	256x256	65536	sparse	Learned	288	4	24	2154	30.602206	0.584298	27.866396	0.998927	0.737543	0.653544	5	11	0.000000	29	2126	30.905667	0.629611	0.998622	26.958695	0.202054	0.707192	4363	31.496222	0.691544	0.999452	30.687775	0.211941	0.700575	0.138817	-0.001737	-0.230753	-0.050988	True	0.653544	0.472708	0.730058	27.947177	0.998955	7635
7636.png	0.637907	0.877037	0.934491	0.931550	0.937451	0.999235	28.347122	0.999391	28.703896	1.000000	0.655272	0.775184	31.189955	0.578170	1919	4	6	15	13	2.029630	1.500000	135	137	255.906638	2.591175	0.065821	-0.009788	0.359821	-0.000091	0.000058	0.328478	878.038883	0.668342	4	6	-2	15	13	2.029630	1.500000	4	0	135	137	107	1.867932	2.591175	255.906638	0.065821	45075	23.488796	34.151120	256x256	65536	sparse	Learned	255	4	24	1816	31.452711	0.610581	28.003128	0.999333	0.671522	0.435282	7	2	0.000000	33	1854	31.676482	0.650921	0.999267	27.811430	0.382762	0.629292	4712	32.436110	0.731490	0.999674	31.668950	0.338558	0.656477	0.700768	0.219990	-0.262756	-0.032411	True	0.662098	0.513248	0.647695	27.987301	0.999326	7636
7637.png	0.459306	0.897306	0.945874	0.943920	0.947836	0.998368	28.337356	0.998516	28.605294	1.000000	0.541594	0.454337	31.019557	0.567240	2085	5	0	1	9	1.937500	0.000000	160	155	214.580736	3.580039	0.022074	-0.017152	0.023710	-0.000109	0.000065	0.506222	1269.500971	0.478436	5	0	5	1	9	1.937500	0.000000	5	0	160	155	150	1.384392	3.580039	214.580736	0.022074	45305	21.729017	31.432134	256x256	65536	sparse	Learned	280	5	25	1930	31.256965	0.602770	28.275367	0.998451	0.493778	0.312023	10	3	0.000000	33	2036	31.531020	0.649772	0.998319	28.117646	0.257834	0.469723	4289	32.033528	0.706348	0.999228	31.245513	0.143870	0.499435	0.329927	0.229571	-0.237408	-0.035530	True	0.585217	0.265886	0.476457	28.313646	0.998477	7637
7638.png	0.672393	0.900249	0.947507	0.956925	0.938272	0.999138	27.394410	0.999339	28.027032	1.000000	0.586873	0.665405	30.049011	0.520581	2181	5	1	1	9	1.955556	0.200000	180	176	252.622366	2.950708	0.031669	-0.007630	-0.233695	-0.000178	0.000012	0.323716	803.838968	0.692404	5	1	4	1	9	1.955556	0.200000	5	1	180	176	170	1.435354	2.950708	252.622366	0.031669	46015	21.098120	30.048602	256x256	65536	sparse	Learned	300	5	24	2166	30.410279	0.577728	27.649249	0.999327	0.676284	0.377832	11	4	0.000000	26	1954	30.613055	0.610597	0.999150	26.933336	0.354351	0.620447	4371	31.263103	0.685051	0.999585	30.251868	0.175293	0.649914	0.377782	0.209041	-0.361267	-0.057147	True	0.609372	0.405479	0.680023	27.628104	0.999317	7638
7639.png	0.708185	0.936456	0.967186	0.956419	0.978198	0.998109	28.454694	0.998134	28.662575	1.000000	0.698806	1.055554	31.149686	0.592187	2408	4	1	3	9	1.968085	0.250000	188	185	280.078210	3.765124	0.029907	-0.009428	-0.251775	-0.000105	-0.000027	0.275162	1439.187527	0.722198	4	1	3	3	9	1.968085	0.250000	4	0	188	185	176	1.513936	3.765124	280.078210	0.029907	44890	18.642027	27.215947	256x256	65536	sparse	Learned	308	4	29	2311	31.682647	0.639479	28.717794	0.998161	0.724838	0.758286	6	21	0.000000	41	2330	31.990271	0.681723	0.998051	28.638707	0.365099	0.717868	3946	32.211717	0.707363	0.998924	31.133211	0.279561	0.691842	-0.055219	-0.059480	-0.532961	-0.047292	True	0.710616	0.750093	0.717613	28.706469	0.998214	7639
7640.png	0.675743	0.863527	0.926766	0.890411	0.966216	0.999650	27.219627	0.999643	27.193712	1.000000	0.477954	0.642762	31.282025	0.577982	1654	4	1	3	9	1.938776	0.250000	98	95	150.610173	2.546232	0.043912	-0.010751	0.723862	-0.000007	0.000022	0.276029	867.356300	0.709288	4	1	3	3	9	1.938776	0.250000	4	0	98	95	86	1.585370	2.546232	150.610173	0.043912	45086	27.258767	39.622733	256x256	65536	sparse	Learned	218	4	22	1612	31.361128	0.600062	26.486423	0.999620	0.723971	0.306959	6	1	0.250000	32	1590	31.612425	0.636605	0.999635	26.924122	0.383687	0.686061	5703	32.836365	0.755904	0.999886	32.818083	0.421895	0.706167	0.707289	0.170995	-0.079103	-0.022080	True	0.488291	0.313855	0.686493	26.495765	0.999656	7640
7641.png	0.680822	0.871711	0.931459	0.918863	0.944405	0.999085	27.405505	0.999241	28.005384	1.000000	0.583555	0.592804	30.954976	0.570305	2037	5	9	16	10	2.054054	1.800000	148	152	242.823376	2.921912	0.056203	0.024230	-0.475599	-0.000195	-0.000002	0.361529	960.497141	0.670912	5	9	-4	16	10	2.054054	1.800000	5	1	148	152	122	1.597522	2.921912	242.823376	0.056203	45261	22.219440	32.172803	256x256	65536	sparse	Learned	268	5	25	1950	31.293550	0.607544	27.957980	0.999243	0.638471	0.326320	8	0	0.200000	33	1864	31.504068	0.646876	0.999163	27.545985	0.350420	0.639221	4598	32.195516	0.719842	0.999601	31.307300	0.254537	0.631646	0.047404	0.257235	-0.338574	-0.037239	True	0.578527	0.342953	0.656592	27.881105	0.999280	7641
7642.png	0.739602	0.915741	0.956017	0.938330	0.974384	0.999491	27.573527	0.999527	27.920253	1.000000	0.527633	0.920244	30.159457	0.517017	1760	4	3	7	8	1.982301	0.750000	113	112	160.882251	2.915201	0.024387	0.010622	0.442148	0.000017	0.000089	0.276224	987.530708	0.746441	4	3	1	7	8	1.982301	0.750000	4	0	113	112	98	1.436449	2.915201	160.882251	0.024387	46029	26.152841	37.236364	256x256	65536	sparse	Learned	233	4	20	1636	30.337712	0.548701	27.151201	0.999438	0.723776	0.483149	6	5	0.000000	26	1716	30.601511	0.597953	0.999345	26.553650	0.391951	0.710958	5121	31.598836	0.714221	0.999750	30.997317	0.351263	0.716768	0.769052	0.044485	-0.178255	-0.031684	True	0.566126	0.520974	0.728980	27.131379	0.999474	7642
7643.png	0.671875	0.884984	0.938983	0.922309	0.956272	0.999600	27.373664	0.999648	27.799244	1.000000	0.559568	0.623652	30.312205	0.521402	1760	4	1	3	9	1.954887	0.250000	133	130	187.923882	2.300163	0.020757	0.026849	-0.080282	-0.000038	0.000025	0.337137	817.065716	0.694352	4	1	3	3	9	1.954887	0.250000	4	0	133	130	121	1.445568	2.300163	187.923882	0.020757	45951	26.108523	37.236364	256x256	65536	sparse	Learned	253	4	21	1722	30.434272	0.557189	27.554024	0.999622	0.662863	0.428791	5	0	0.875000	26	1644	30.694513	0.597401	0.999524	26.655911	0.490844	0.651546	5081	31.656548	0.714434	0.999817	31.002588	0.346697	0.684703	0.245220	0.130777	-0.122067	-0.035786	True	0.581048	0.362372	0.645026	27.453946	0.999637	7643
7644.png	0.607181	0.921667	0.959237	0.960625	0.957852	0.998669	27.799466	0.998826	28.094261	1.000000	0.641204	0.577207	30.208969	0.526322	2134	4	5	9	9	2.013072	1.250000	153	154	235.936075	3.578438	0.050872	-0.036603	0.101559	-0.000052	0.000111	0.349103	1325.340986	0.617504	4	5	-1	9	9	2.013072	1.250000	4	0	153	154	135	1.532052	3.578438	235.936075	0.050872	45945	21.529991	30.710403	256x256	65536	sparse	Learned	273	4	24	2096	30.526980	0.577582	27.660074	0.998714	0.650897	0.425667	11	7	0.000000	29	2106	30.744619	0.625296	0.998458	27.067888	0.455289	0.599010	4293	31.306328	0.682767	0.999289	30.510290	0.318548	0.623974	0.434187	0.215537	-0.318010	-0.051261	True	0.662098	0.382168	0.643784	27.697907	0.998721	7644
7645.png	0.797844	0.904828	0.950036	0.947977	0.952104	0.999261	26.293833	0.999431	26.993023	1.000000	0.686514	0.980581	30.739676	0.571096	2262	4	6	13	9	2.024096	1.500000	166	168	265.622366	2.850536	0.053163	0.019010	-0.523699	-0.000188	-0.000018	0.228589	916.245937	0.810427	4	6	-2	13	9	2.024096	1.500000	4	1	166	168	144	1.581086	2.850536	265.622366	0.053163	45554	20.138815	28.972591	256x256	65536	sparse	Learned	286	4	26	2210	31.127532	0.614828	26.833002	0.999449	0.771411	0.684942	4	4	0.000000	33	2044	31.408380	0.653581	0.999399	26.795738	0.639405	0.774684	4088	31.896434	0.695878	0.999769	31.051412	0.583832	0.763775	0.160021	0.001571	-0.387856	-0.043731	True	0.703290	0.689633	0.778834	26.817532	0.999449	7645
7646.png	0.723350	0.880469	0.936436	0.914714	0.959214	0.998962	27.667980	0.999064	28.201661	1.000000	0.834701	0.684568	30.484101	0.558659	2747	4	19	33	9	2.122951	4.750000	244	259	426.717821	2.881696	0.052846	-0.001577	-0.285273	-0.000162	0.000025	0.259229	1159.600973	0.744565	4	19	-15	33	9	2.122951	4.750000	4	4	244	259	202	1.647559	2.881696	426.717821	0.052846	45672	16.626138	23.857299	256x256	65536	sparse	Learned	364	4	30	2716	31.091497	0.627187	28.044403	0.999040	0.740771	0.621863	8	8	0.000000	35	2476	31.286678	0.663778	0.998937	27.568276	0.561765	0.726078	3080	31.308190	0.648589	0.999315	29.356351	0.545247	0.743897	0.157259	0.212838	-0.607396	-0.068528	True	0.835526	0.571974	0.724927	27.953253	0.999124	7646
7647.png	0.645620	0.848694	0.918155	0.934856	0.902041	0.999292	27.456567	0.999433	27.755851	1.000000	0.543424	0.761733	31.071216	0.576505	2053	5	3	4	10	1.975155	0.600000	161	159	227.865007	2.590350	0.027535	-0.000289	-0.431123	-0.000128	-0.000042	0.342007	842.165232	0.698835	5	3	2	4	10	1.975155	0.600000	5	0	161	159	147	1.433113	2.590350	227.865007	0.027535	45181	22.007306	31.922065	256x256	65536	sparse	Learned	281	5	26	2004	31.424375	0.616267	27.836622	0.999474	0.657993	0.413912	7	1	0.300000	35	2034	31.633044	0.658015	0.999382	27.445712	0.419191	0.628724	4460	32.263090	0.718994	0.999736	31.328661	0.312975	0.657596	-0.080772	0.129512	-0.353158	-0.039762	True	0.580210	0.441965	0.645909	27.887690	0.999420	7647
7648.png	0.632484	0.840384	0.913270	0.914110	0.912431	0.998885	27.745825	0.999051	28.117408	1.000000	0.573439	0.535555	30.167449	0.521776	2145	5	4	8	12	1.987654	0.800000	162	161	235.338095	3.549372	0.032681	-0.018955	-0.001355	-0.000070	0.000067	0.325701	1390.624523	0.663241	5	4	1	8	12	1.987654	0.800000	5	0	162	161	142	1.461727	3.549372	235.338095	0.032681	46062	21.474126	30.552914	256x256	65536	sparse	Learned	282	5	23	2019	30.407013	0.571274	27.711237	0.998985	0.674299	0.462056	8	2	0.000000	27	1966	30.622332	0.612322	0.998758	26.991309	0.399504	0.654152	4403	31.286246	0.685007	0.999451	30.428294	0.279477	0.655889	0.406172	0.111383	-0.239563	-0.049499	True	0.596670	0.319549	0.651438	27.747180	0.998955	7648
7649.png	0.660806	0.904867	0.950058	0.942396	0.957845	0.999287	27.164412	0.999294	27.414322	1.000000	0.633955	0.829999	30.191015	0.521256	2039	4	4	8	10	2.000000	1.000000	168	168	229.166522	2.920189	0.020992	-0.034596	0.198810	-0.000003	0.000076	0.298070	1119.901419	0.670073	4	4	0	8	10	2.000000	1.000000	4	0	168	168	150	1.364086	2.920189	229.166522	0.020992	46092	22.605199	32.141246	256x256	65536	sparse	Learned	288	4	23	2008	30.397211	0.569885	27.005634	0.999219	0.701930	0.544640	6	7	0.000000	27	2004	30.656141	0.614691	0.999071	26.749475	0.563078	0.701792	4594	31.357732	0.691848	0.999619	30.445355	0.366609	0.687001	0.408688	0.089316	-0.206196	-0.048629	True	0.637598	0.529205	0.695402	26.965602	0.999289	7649
7650.png	0.805774	0.914387	0.955279	0.941390	0.969584	0.998455	28.437759	0.998391	28.611085	1.000000	0.630646	0.991397	31.156040	0.587871	2412	5	3	7	9	1.978142	0.600000	183	181	277.663997	3.873694	0.035868	-0.006860	0.122146	-0.000019	0.000078	0.188663	1550.639868	0.812365	5	3	2	7	9	1.978142	0.600000	5	0	183	181	167	1.534055	3.873694	277.663997	0.035868	45140	18.714760	27.170813	256x256	65536	sparse	Learned	303	5	28	2361	31.468430	0.634413	28.311155	0.998313	0.811337	0.573652	8	10	0.000000	39	2378	31.805810	0.677744	0.998334	28.348710	0.504407	0.786503	3812	32.037057	0.696285	0.999050	30.882650	0.487898	0.792180	0.299930	0.056994	-0.312390	-0.046542	True	0.652156	0.646545	0.812634	28.315613	0.998474	7650
7651.png	0.496379	0.900455	0.947621	0.955801	0.939579	0.998775	27.935922	0.998979	28.481903	1.000000	0.568289	0.474079	30.831245	0.554153	1902	4	7	11	7	2.049587	1.750000	121	124	198.137085	3.579006	0.045611	0.011789	0.189029	-0.000014	0.000163	0.504342	1235.231400	0.504685	4	7	-3	11	7	2.049587	1.750000	4	1	121	124	103	1.597880	3.579006	198.137085	0.045611	45398	23.868559	34.456362	256x256	65536	sparse	Learned	241	4	22	1722	30.946464	0.582644	27.714424	0.998817	0.495658	0.278676	9	3	0.000000	31	1752	31.237335	0.627848	0.998630	27.413967	0.247568	0.482759	4878	32.070696	0.721652	0.999433	31.396317	0.262593	0.520266	0.767479	0.289614	-0.115220	-0.028491	True	0.581048	0.275463	0.484590	27.746893	0.998789	7651
7652.png	0.573930	0.887948	0.940649	0.944560	0.936770	0.998779	28.011265	0.999019	28.485251	1.000000	0.603469	0.750811	30.226988	0.523474	1981	4	0	0	8	1.947020	0.000000	151	147	216.036580	3.220684	0.021748	0.023007	0.092269	-0.000018	0.000138	0.422398	1300.244093	0.615385	4	0	4	0	8	1.947020	0.000000	4	0	151	147	143	1.469637	3.220684	216.036580	0.021748	45955	23.197880	33.082282	256x256	65536	sparse	Learned	271	4	23	1945	30.523382	0.570951	27.913096	0.998881	0.577602	0.336350	10	6	0.000000	28	1828	30.720555	0.610954	0.998772	27.338063	0.323695	0.553345	4712	31.488797	0.701234	0.999387	30.907110	0.211482	0.576343	0.572156	0.267119	-0.296394	-0.047477	True	0.641204	0.481423	0.550923	27.918996	0.998797	7652
7653.png	0.590682	0.884593	0.938763	0.958730	0.919610	0.998817	27.698226	0.999174	28.478601	1.000000	0.651808	0.509044	30.073804	0.517304	2053	4	2	4	9	1.975610	0.500000	164	162	241.308658	3.280893	0.032425	-0.041403	-0.224565	-0.000186	0.000095	0.367068	1037.981033	0.629436	4	2	2	4	9	1.975610	0.500000	4	0	164	162	151	1.489560	3.280893	241.308658	0.032425	45998	22.405261	31.922065	256x256	65536	sparse	Learned	284	4	23	1985	30.411092	0.568331	27.937359	0.999079	0.632932	0.367663	12	5	0.000000	28	1926	30.634770	0.610813	0.998907	27.232829	0.196839	0.621971	4513	31.376026	0.691957	0.999463	30.835916	0.101256	0.599042	0.541242	0.284144	-0.337288	-0.051026	True	0.673720	0.342953	0.632086	27.922792	0.999003	7653
7654.png	0.575163	0.868869	0.929834	0.880325	0.985244	0.999522	28.515367	0.999448	28.502759	1.000000	0.529989	0.370894	31.444673	0.585771	1698	4	4	8	9	2.000000	1.000000	115	115	170.610173	2.699221	0.020921	0.018560	0.554517	0.000009	0.000036	0.453307	966.018915	0.563508	4	4	0	8	9	2.000000	1.000000	4	0	115	115	98	1.483567	2.699221	170.610173	0.020921	44844	26.409894	38.595995	256x256	65536	sparse	Learned	235	4	23	1649	31.598282	0.610490	27.967931	0.999411	0.546693	0.217295	8	0	0.500000	34	1614	31.856003	0.648421	0.999319	27.596668	0.240428	0.550682	5532	32.943032	0.756470	0.999735	32.255880	0.172404	0.557060	0.534829	0.312694	-0.153609	-0.024719	True	0.527633	0.195696	0.556604	27.960849	0.999513	7654
7655.png	0.719339	0.916978	0.956691	0.954369	0.959024	0.998132	29.078287	0.998201	29.241091	1.000000	0.675348	1.084319	31.583805	0.598381	2141	4	4	8	9	2.000000	1.000000	169	169	261.350288	3.885445	0.030937	-0.009596	0.185103	0.000018	0.000122	0.258065	1421.560764	0.732687	4	4	0	8	9	2.000000	1.000000	4	1	169	169	152	1.546451	3.885445	261.350288	0.030937	44696	20.876226	30.609995	256x256	65536	sparse	Learned	289	4	27	1971	31.785460	0.631916	28.898917	0.998079	0.741935	0.670912	7	13	0.000000	40	2100	32.120203	0.675840	0.997940	28.879260	0.195008	0.748062	4333	32.575827	0.728439	0.998963	31.689239	0.076275	0.690991	0.342174	0.004436	-0.201655	-0.033535	True	0.710616	0.770534	0.728934	28.893184	0.998114	7655
7656.png	0.583413	0.835432	0.910338	0.879735	0.943147	0.999474	27.807901	0.999534	28.171207	1.000000	0.599483	0.348417	30.988193	0.563356	1923	4	1	4	10	1.955556	0.250000	135	132	210.237590	2.552962	0.038951	-0.011825	-0.020256	-0.000060	0.000008	0.371069	860.809326	0.611163	4	1	3	4	10	1.955556	0.250000	4	0	135	132	121	1.592709	2.552962	210.237590	0.038951	45358	23.587103	34.080083	256x256	65536	sparse	Learned	255	4	24	1858	31.199261	0.599348	27.864535	0.999525	0.628931	0.288230	9	1	0.000000	30	1720	31.391999	0.632750	0.999379	26.865407	0.336350	0.543538	4638	32.135271	0.717076	0.999737	31.070046	0.219640	0.623540	0.306673	0.311254	-0.211068	-0.035992	True	0.605446	0.210948	0.595238	27.828157	0.999533	7656
7657.png	0.576607	0.891534	0.942657	0.920137	0.966308	0.999290	27.816984	0.999333	28.212688	1.000000	0.695779	0.418705	30.435662	0.538685	2238	4	0	2	10	1.956044	0.000000	182	178	276.249783	2.677242	0.034869	-0.007055	-0.004994	-0.000072	0.000051	0.428208	930.270195	0.577025	4	0	4	2	10	1.956044	0.000000	4	0	182	178	170	1.551965	2.677242	276.249783	0.034869	45769	20.450849	29.283289	256x256	65536	sparse	Learned	302	4	25	2188	30.735956	0.591335	27.817009	0.999281	0.571792	0.288230	12	2	0.000000	31	2034	30.982666	0.628458	0.999215	27.517437	0.468169	0.584383	4265	31.517389	0.689705	0.999570	30.568520	0.205466	0.551372	0.395679	0.407549	-0.300294	-0.052650	True	0.637960	0.267117	0.583663	27.821978	0.999361	7657
7658.png	0.556278	0.880155	0.936258	0.918011	0.955245	0.998798	28.101497	0.998877	28.215627	1.000000	0.609372	0.634379	30.319817	0.526923	1889	4	6	13	10	2.031250	1.500000	128	130	213.580736	3.558608	0.057346	-0.019029	0.477627	0.000041	0.000108	0.405751	1276.720524	0.575563	4	6	-2	13	10	2.031250	1.500000	4	0	128	130	105	1.642929	3.558608	213.580736	0.057346	45909	24.303335	34.693489	256x256	65536	sparse	Learned	248	4	22	1822	30.506646	0.565935	27.633258	0.998769	0.594249	0.367312	9	4	0.000000	27	1776	30.771485	0.605291	0.998670	27.220875	0.285377	0.561504	4986	31.678894	0.712221	0.999416	31.114277	0.232794	0.556694	0.582368	0.242060	-0.186829	-0.039012	True	0.632121	0.401004	0.575307	27.623870	0.998757	7658
7659.png	0.465865	0.892396	0.943139	0.934870	0.951555	0.998540	28.535127	0.998590	28.894441	1.000000	0.646545	0.356386	30.479037	0.542053	2264	5	10	16	10	2.056818	2.000000	176	181	293.906638	3.251882	0.053775	-0.006045	-0.103294	-0.000169	-0.000006	0.521106	1220.972538	0.467872	5	10	-5	16	10	2.056818	2.000000	5	1	176	181	150	1.623794	3.251882	293.906638	0.053775	45633	20.155919	28.946996	256x256	65536	sparse	Learned	296	5	26	2236	30.891303	0.597225	28.687263	0.998596	0.478894	0.272882	15	4	0.000000	31	2150	31.063913	0.635983	0.998286	27.925630	0.198425	0.423524	4020	31.510811	0.681843	0.998978	30.553847	0.130207	0.481660	0.207178	0.373663	-0.412266	-0.055172	True	0.685257	0.244216	0.471910	28.638422	0.998709	7659
7660.png	0.600901	0.861977	0.925873	0.921905	0.929875	0.999324	27.168591	0.999452	27.681663	1.000000	0.615188	0.329801	30.870001	0.564684	1841	4	2	5	9	1.973684	0.500000	152	150	210.681241	2.515608	0.020634	0.027993	-0.507630	-0.000139	-0.000002	0.419920	828.853846	0.616290	4	2	2	5	9	1.973684	0.500000	4	0	152	150	138	1.404542	2.515608	210.681241	0.020634	45223	24.564367	35.598045	256x256	65536	sparse	Learned	272	4	23	1785	31.188388	0.597574	27.656497	0.999455	0.580080	0.319171	9	2	0.000000	32	1800	31.484308	0.638810	0.999391	27.431516	0.270941	0.559934	4925	32.300510	0.730477	0.999734	31.416959	0.195627	0.565600	0.025166	0.296017	-0.318387	-0.032890	True	0.642993	0.212060	0.572908	27.676221	0.999463	7660
7661.png	0.739479	0.914136	0.955142	0.946855	0.963576	0.998958	27.663076	0.999075	28.061424	1.000000	0.630646	0.844030	30.495953	0.555780	2424	5	3	6	11	1.978723	0.600000	188	186	287.421356	3.127460	0.042547	0.004834	-0.359226	-0.000165	-0.000017	0.263333	1199.240208	0.752876	5	3	2	6	11	1.978723	0.600000	5	0	188	186	171	1.545276	3.127460	287.421356	0.042547	45624	18.821782	27.036304	256x256	65536	sparse	Learned	308	5	27	2415	30.956968	0.613464	28.059674	0.999092	0.736667	0.658133	6	6	0.000000	32	2378	31.168092	0.658262	0.998821	27.301899	0.588757	0.731096	3870	31.520816	0.679164	0.999357	30.185855	0.467892	0.738923	0.001750	-0.027487	-0.461014	-0.057684	True	0.659043	0.556253	0.734645	28.022302	0.999122	7661
7662.png	0.705414	0.893833	0.943941	0.932410	0.955760	0.999208	27.216377	0.999333	27.737436	1.000000	0.491352	0.766850	30.940580	0.568829	1926	5	0	0	10	1.922481	0.000000	129	124	188.852814	2.937531	0.038321	0.014194	-0.115581	-0.000100	0.000039	0.297857	1042.440414	0.719715	5	0	5	0	10	1.922481	0.000000	5	0	129	124	119	1.523007	2.937531	188.852814	0.038321	45292	23.516096	34.026999	256x256	65536	sparse	Learned	249	5	24	1922	31.135751	0.601960	27.398727	0.999295	0.702143	0.489314	5	2	0.000000	33	1838	31.482797	0.643147	0.999235	27.063016	0.362372	0.677661	4696	32.189320	0.720411	0.999708	31.399754	0.281076	0.695685	0.338709	0.002039	-0.195171	-0.033131	True	0.539757	0.413912	0.691220	27.331958	0.999307	7662
7663.png	0.610526	0.896774	0.945578	0.919312	0.973389	0.998640	28.629011	0.998556	28.848272	1.000000	0.728556	0.601106	30.410294	0.541900	2604	5	8	16	11	2.026432	1.600000	227	230	379.060967	3.067866	0.045182	-0.014573	0.006163	-0.000096	0.000023	0.360713	1188.989162	0.623921	5	8	-3	16	11	2.026432	1.600000	5	1	227	230	200	1.648091	3.067866	379.060967	0.045182	45763	17.574117	25.167435	256x256	65536	sparse	Learned	347	5	28	2517	30.850126	0.607242	28.631507	0.998533	0.639287	0.514058	12	11	0.000000	33	2540	31.071814	0.654502	0.998202	27.805565	0.064839	0.582386	3680	31.305966	0.666184	0.998934	30.058156	0.093503	0.612999	0.216765	0.214498	-0.439831	-0.065342	True	0.730719	0.439240	0.625099	28.622848	0.998737	7663
7664.png	0.631722	0.909586	0.952653	0.939258	0.966435	0.998439	28.589945	0.998432	28.896309	1.000000	0.688077	0.529410	30.752715	0.550895	2150	4	4	9	9	2.000000	1.000000	172	172	269.178716	3.169232	0.035899	0.019046	-0.011158	-0.000057	0.000056	0.368194	1404.181242	0.654388	4	4	0	9	9	2.000000	1.000000	4	0	172	172	154	1.564993	3.169232	269.178716	0.035899	45461	21.144651	30.481860	256x256	65536	sparse	Learned	292	4	25	2033	31.022813	0.596153	28.660736	0.998375	0.631806	0.446596	12	10	0.000000	30	2114	31.209948	0.639135	0.997930	27.789086	0.097966	0.512658	4154	31.718723	0.694822	0.999008	31.005386	0.041090	0.560731	0.235572	0.241482	-0.270098	-0.045258	True	0.689633	0.365099	0.612676	28.601103	0.998496	7664
7665.png	0.728101	0.920198	0.958441	0.938085	0.979699	0.999120	28.472177	0.999080	28.604314	1.000000	0.622808	0.804607	30.843472	0.554991	2029	4	0	0	8	1.948052	0.000000	154	150	221.137085	3.112530	0.018706	0.011346	0.253235	-0.000019	0.000048	0.265923	1189.546824	0.742581	4	0	4	0	8	1.948052	0.000000	4	0	154	150	146	1.474247	3.112530	221.137085	0.018706	45399	22.375062	32.299655	256x256	65536	sparse	Learned	274	4	24	1985	30.997048	0.595261	28.181279	0.999031	0.734077	0.604129	6	14	0.000000	33	2024	31.303623	0.641860	0.998834	27.597391	0.266553	0.732589	4485	31.925996	0.708735	0.999423	30.966683	0.117164	0.707302	0.423035	0.018679	-0.153577	-0.040270	True	0.630277	0.507125	0.716755	28.218943	0.999139	7665
7666.png	0.719359	0.884695	0.938820	0.943631	0.934058	0.999159	26.433564	0.999403	27.083231	1.000000	0.632121	0.419114	30.089916	0.528979	2111	4	3	6	9	1.986842	0.750000	152	151	228.865007	3.015407	0.032402	0.026278	-0.363448	-0.000165	0.000018	0.312539	996.644497	0.711994	4	3	1	6	9	1.986842	0.750000	4	0	152	151	137	1.515662	3.015407	228.865007	0.032402	46090	21.833254	31.045002	256x256	65536	sparse	Learned	272	4	23	2034	30.473139	0.577620	26.790158	0.999385	0.687461	0.417252	8	3	0.000000	29	1944	30.723235	0.620132	0.999344	26.615203	0.578527	0.683842	4376	31.358902	0.683139	0.999711	30.481366	0.290260	0.676755	0.293073	0.214869	-0.383223	-0.048641	True	0.615188	0.257834	0.693082	26.797011	0.999324	7666
7667.png	0.677760	0.896361	0.945348	0.934048	0.956926	0.999336	27.167305	0.999457	27.556796	1.000000	0.545247	0.781386	30.456501	0.544068	2042	5	0	0	10	1.936306	0.000000	157	152	223.480231	2.653622	0.025081	0.001827	-0.295488	-0.000149	-0.000004	0.334530	829.702854	0.676800	5	0	5	0	10	1.936306	0.000000	5	0	157	152	147	1.470265	2.653622	223.480231	0.025081	45640	22.350637	32.094025	256x256	65536	sparse	Learned	277	5	24	1980	30.848982	0.590457	27.462860	0.999461	0.665470	0.293387	11	1	0.000000	30	1876	31.041695	0.626375	0.999406	27.126786	0.425518	0.648438	4735	31.834522	0.711545	0.999744	31.081790	0.203045	0.665940	0.093936	0.251859	-0.392481	-0.046389	True	0.556031	0.434475	0.675933	27.462793	0.999485	7667
7668.png	0.732729	0.907937	0.951747	0.962963	0.940789	0.998682	27.424628	0.998908	27.865962	1.000000	0.781288	0.602279	30.395528	0.548138	2530	4	17	33	10	2.134715	4.250000	193	206	362.847763	3.225475	0.055272	-0.035285	-0.174253	-0.000092	0.000069	0.232548	1320.547342	0.757092	4	17	-13	33	10	2.134715	4.250000	4	3	193	206	150	1.761397	3.225475	362.847763	0.055272	45853	18.123715	25.903557	256x256	65536	sparse	Learned	313	4	27	2476	30.790675	0.608401	27.568412	0.998839	0.767452	0.601481	7	11	0.000000	31	2292	30.951713	0.646627	0.998599	26.861019	0.437039	0.750780	3583	31.256520	0.659070	0.999245	29.509610	0.532334	0.757194	0.297550	0.179807	-0.395147	-0.060262	True	0.776870	0.467892	0.768014	27.598881	0.998774	7668
7669.png	0.583633	0.851635	0.919873	0.888889	0.953096	0.999529	27.642170	0.999525	27.800622	1.000000	0.628423	0.552704	30.683723	0.545558	1963	4	9	16	9	2.070423	2.250000	142	147	228.994949	2.675856	0.042756	0.004777	0.469698	0.000006	0.000070	0.417500	914.015055	0.584483	4	9	-5	16	9	2.070423	2.250000	4	1	142	147	117	1.557789	2.675856	228.994949	0.042756	45651	23.255731	33.385634	256x256	65536	sparse	Learned	262	4	23	1875	30.822143	0.583074	27.149865	0.999456	0.582500	0.310252	7	1	0.625000	30	1852	31.066886	0.624670	0.999363	26.712015	0.358107	0.570101	4695	31.838708	0.709042	0.999759	31.276874	0.273851	0.600000	0.650757	0.318172	-0.138420	-0.037516	True	0.539757	0.298326	0.578856	27.172472	0.999523	7669
7670.png	0.624736	0.849432	0.918587	0.917178	0.920000	0.999356	27.601859	0.999490	27.998427	1.000000	0.706242	0.632656	30.122004	0.523709	2156	4	9	17	10	2.056497	2.250000	177	182	295.220346	2.399635	0.035134	0.007539	0.171235	-0.000097	0.000067	0.350843	871.628761	0.680697	4	9	-5	17	10	2.056497	2.250000	4	1	177	182	150	1.622090	2.399635	295.220346	0.035134	45997	21.334416	30.397032	256x256	65536	sparse	Learned	297	4	24	2081	30.520347	0.577313	27.328291	0.999423	0.649157	0.452559	8	3	0.000000	28	1998	30.720113	0.617284	0.999332	26.715128	0.442894	0.626701	4403	31.362177	0.690419	0.999701	30.684575	0.232026	0.620155	0.670136	0.253684	-0.398343	-0.053604	True	0.720569	0.455872	0.617197	27.430624	0.999453	7670
7671.png	0.646067	0.878530	0.935337	0.902079	0.971143	0.998970	28.249861	0.998990	28.612565	1.000000	0.649362	0.475657	30.834878	0.562122	2269	5	1	3	11	1.958333	0.200000	192	188	297.492424	3.071470	0.033131	0.024076	-0.089353	-0.000093	0.000040	0.398033	1001.217365	0.634615	5	1	4	3	11	1.958333	0.200000	5	0	192	188	178	1.582407	3.071470	297.492424	0.033131	45365	19.993389	28.883208	256x256	65536	sparse	Learned	312	5	26	2168	31.128008	0.609159	28.389679	0.998950	0.601967	0.271912	15	2	0.000000	34	2226	31.412750	0.655569	0.998796	27.877992	0.259182	0.597848	4118	31.827970	0.696686	0.999389	30.958680	0.176136	0.610101	0.222885	0.377450	-0.293129	-0.047038	True	0.586597	0.279019	0.621991	28.339214	0.999063	7671
7672.png	0.707143	0.893894	0.943975	0.936059	0.952026	0.999419	27.856445	0.999481	28.117480	1.000000	0.513248	0.928249	31.582928	0.595622	1638	4	2	4	8	1.964286	0.500000	112	110	164.438600	2.773213	0.040495	0.010005	-0.070587	-0.000089	-0.000004	0.297521	928.128719	0.728762	4	2	2	4	8	1.964286	0.500000	4	0	112	110	100	1.494896	2.773213	164.438600	0.040495	44671	27.271673	40.009768	256x256	65536	sparse	Learned	232	4	23	1635	31.706764	0.616613	27.903849	0.999485	0.702479	0.534666	4	2	0.000000	34	1502	31.994393	0.648904	0.999428	27.582731	0.321975	0.695857	5844	33.294707	0.770331	0.999859	33.916248	0.352441	0.679780	0.213631	-0.021418	-0.123836	-0.020991	True	0.520495	0.483149	0.697138	27.927032	0.999507	7672
7673.png	0.533078	0.866236	0.928324	0.900288	0.958163	0.999324	27.649871	0.999344	28.228751	1.000000	0.467408	0.393513	30.514648	0.531952	1592	4	2	3	8	1.959184	0.500000	98	96	142.882251	3.378882	0.048828	0.017595	0.382012	0.000024	0.000145	0.467613	1037.929773	0.554724	4	2	2	3	8	1.959184	0.500000	4	0	98	96	87	1.488357	3.378882	142.882251	0.048828	45690	28.699749	41.165829	256x256	65536	sparse	Learned	218	4	19	1490	30.656939	0.553866	27.393111	0.999199	0.532387	0.290598	6	1	0.250000	27	1582	30.875126	0.604461	0.999104	26.848119	0.318414	0.527704	5990	32.231504	0.753359	0.999657	31.540498	0.213372	0.542807	0.835641	0.176810	-0.142291	-0.021914	True	0.518091	0.203876	0.515483	27.267859	0.999301	7673
7674.png	0.635664	0.876844	0.934381	0.918066	0.951287	0.999207	27.731903	0.999262	28.089718	1.000000	0.557803	0.555387	30.225786	0.525267	2098	5	2	5	12	1.961290	0.400000	155	152	235.379726	3.114515	0.033671	-0.019762	0.156154	-0.000015	0.000077	0.335148	1008.265018	0.660498	5	2	3	5	12	1.961290	0.400000	5	0	155	152	138	1.548551	3.114515	235.379726	0.033671	45959	21.906101	31.237369	256x256	65536	sparse	Learned	275	5	24	2059	30.538471	0.576742	27.641541	0.999186	0.664852	0.360243	12	4	0.000000	29	2046	30.742948	0.619141	0.999051	27.009649	0.208638	0.645919	4530	31.424413	0.691920	0.999594	30.998342	0.200066	0.640841	0.448177	0.197560	-0.312685	-0.051475	True	0.557803	0.309797	0.655426	27.575749	0.999222	7674
7675.png	0.747294	0.887689	0.940503	0.936752	0.944285	0.998973	27.879025	0.999070	28.223705	1.000000	0.678899	0.806243	31.167522	0.589219	2492	5	3	7	12	1.981043	0.600000	211	209	329.705627	2.690892	0.040117	0.011042	-0.234948	-0.000166	0.000010	0.260163	1060.881853	0.774070	5	3	2	7	12	1.981043	0.600000	5	0	211	209	192	1.577539	2.690892	329.705627	0.040117	45070	18.085875	26.298555	256x256	65536	sparse	Learned	331	5	29	2407	31.510455	0.637632	28.042183	0.999060	0.739837	0.730719	5	6	0.000000	38	2322	31.809849	0.677255	0.999056	28.068814	0.611598	0.743500	3741	32.048335	0.696456	0.999472	30.611392	0.418914	0.726680	0.181523	-0.051820	-0.342933	-0.048413	True	0.687765	0.554506	0.736253	28.113973	0.999139	7675
7676.png	0.790607	0.894373	0.944242	0.958730	0.930185	0.998555	27.001327	0.998970	27.721485	1.000000	0.730180	1.088448	30.047107	0.527194	2472	4	5	11	11	2.010152	1.250000	197	198	311.462987	3.177128	0.024913	0.006885	-0.465930	-0.000253	0.000026	0.201685	1069.670916	0.842455	4	5	-1	11	11	2.010152	1.250000	4	0	197	198	175	1.573045	3.177128	311.462987	0.024913	46134	18.662621	26.511327	256x256	65536	sparse	Learned	317	4	26	2469	30.463569	0.592360	27.477358	0.998944	0.798315	0.566126	8	6	0.000000	29	2412	30.675134	0.639471	0.998684	26.743467	0.358929	0.803387	3772	31.004467	0.660077	0.999389	29.674771	0.288799	0.780854	0.244127	0.164054	-0.416462	-0.065167	True	0.758286	0.825355	0.783722	27.467257	0.998809	7676
7677.png	0.515009	0.884906	0.938939	0.923683	0.954707	0.998124	28.637389	0.998069	28.830349	1.000000	0.647956	0.376221	30.724877	0.560578	2322	5	10	18	11	2.055249	2.000000	181	186	303.078210	3.463885	0.037710	-0.007758	0.061860	0.000010	0.000137	0.463544	1426.413298	0.529466	5	10	-5	18	11	2.055249	2.000000	5	1	181	186	152	1.629453	3.463885	303.078210	0.037710	45365	19.537037	28.223945	256x256	65536	sparse	Learned	301	5	27	2245	31.146419	0.612916	28.608191	0.997931	0.536456	0.250108	23	9	0.000000	33	2166	31.397695	0.650493	0.997493	28.158756	0.244216	0.488330	4086	31.821256	0.696347	0.998688	30.902877	0.114093	0.515957	0.222158	0.397848	-0.421542	-0.052338	True	0.667129	0.250988	0.522768	28.575530	0.998113	7677
7678.png	0.755305	0.899474	0.947077	0.947405	0.946750	0.999163	26.499600	0.999350	27.062167	1.000000	0.716346	0.903833	30.683998	0.567116	2381	4	3	7	8	1.989247	0.750000	186	185	289.139983	2.534029	0.042477	-0.004523	-0.524655	-0.000194	-0.000012	0.235367	1023.774385	0.789047	4	3	1	7	8	1.989247	0.750000	4	1	186	185	171	1.562919	2.534029	289.139983	0.042477	45598	19.150777	27.524570	256x256	65536	sparse	Learned	306	4	27	2270	31.169575	0.617426	27.018527	0.999362	0.764633	0.511855	7	1	0.625000	34	2266	31.440988	0.661506	0.999338	27.155000	0.507653	0.748439	3944	31.786811	0.690521	0.999684	30.469867	0.526056	0.744458	0.043639	0.204491	-0.485577	-0.050310	True	0.710616	0.642278	0.759828	27.024255	0.999357	7678
7679.png	0.621232	0.886905	0.940063	0.950390	0.929958	0.998690	27.252189	0.998888	27.899047	1.000000	0.576838	0.673231	31.006327	0.573670	1921	4	1	2	8	1.953488	0.250000	129	126	201.793939	3.182609	0.043378	-0.015076	-0.480294	-0.000149	0.000076	0.348419	1263.365269	0.647336	4	1	3	2	8	1.953488	0.250000	4	0	129	126	119	1.601539	3.182609	201.793939	0.043378	45197	23.527850	34.115565	256x256	65536	sparse	Learned	249	4	24	1911	31.230440	0.606872	27.687790	0.998812	0.651581	0.558098	6	5	0.000000	32	1910	31.532650	0.648304	0.998551	27.242501	0.398646	0.591203	4913	32.392730	0.734073	0.999486	31.832057	0.284987	0.636420	0.211257	0.018740	-0.224113	-0.033202	True	0.613259	0.412865	0.636308	27.732484	0.998840	7679
7680.png	0.659441	0.903058	0.949060	0.949060	0.949060	0.999120	28.375670	0.999208	28.574804	1.000000	0.782379	0.485479	31.386868	0.593080	2448	4	9	17	11	2.043860	2.250000	228	233	363.019336	2.514657	0.036398	-0.011552	-0.244340	-0.000134	-0.000042	0.307033	881.136417	0.689315	4	9	-5	17	11	2.043860	2.250000	4	1	228	233	200	1.558023	2.514657	363.019336	0.036398	44924	18.351307	26.771242	256x256	65536	sparse	Learned	348	4	30	2414	31.713982	0.641603	28.565089	0.999251	0.692967	0.431071	10	0	0.000000	41	2322	31.990191	0.680175	0.999175	28.512809	0.452285	0.667628	3806	32.203757	0.701685	0.999524	31.131580	0.410942	0.678694	0.009715	0.351308	-0.327115	-0.048523	True	0.789864	0.383463	0.670993	28.620010	0.999254	7680
7681.png	0.715540	0.912329	0.954155	0.954155	0.954155	0.999402	26.604627	0.999596	27.681985	1.000000	0.572585	0.544737	30.664957	0.548783	1829	4	5	8	7	2.015385	1.250000	130	131	187.710678	2.620423	0.026196	-0.017793	-0.452133	-0.000135	0.000045	0.274138	960.432529	0.739982	4	5	-1	8	7	2.015385	1.250000	4	1	130	131	115	1.432906	2.620423	187.710678	0.026196	45567	24.913614	35.831602	256x256	65536	sparse	Learned	250	4	22	1706	30.914564	0.580036	27.145639	0.999551	0.725862	0.393469	7	1	0.625000	30	1800	31.132792	0.625670	0.999436	26.475954	0.445673	0.699222	4983	32.014449	0.722623	0.999810	31.511077	0.479691	0.725779	0.536346	0.179116	-0.249607	-0.031253	True	0.583138	0.317657	0.733333	27.056760	0.999537	7681
7682.png	0.683607	0.876294	0.934069	0.939801	0.928406	0.998871	28.358474	0.998956	28.737761	1.000000	0.650761	0.674365	30.252498	0.524866	2199	5	5	10	12	2.000000	1.000000	194	194	294.137085	2.859681	0.040175	0.029368	0.080836	-0.000051	0.000074	0.349744	1165.022135	0.691542	5	5	0	10	12	2.000000	1.000000	5	0	194	194	172	1.516171	2.859681	294.137085	0.040175	45882	20.864939	29.802638	256x256	65536	sparse	Learned	314	5	24	2029	30.565894	0.575938	28.294707	0.998883	0.650256	0.389412	12	2	0.000000	28	2074	30.788915	0.620679	0.998674	27.626177	0.043512	0.554766	4101	31.278768	0.679768	0.999340	30.419961	0.034790	0.521931	0.443054	0.261349	-0.313397	-0.051073	True	0.665795	0.448989	0.654239	28.277638	0.998922	7682
7684.png	0.549915	0.885643	0.939354	0.909949	0.970723	0.999035	28.707298	0.999039	29.060991	1.000000	0.559568	0.525618	30.835161	0.550457	1804	4	0	0	8	1.942029	0.000000	138	134	184.681241	3.051085	0.024473	0.023001	0.309083	0.000077	0.000158	0.443699	1176.168919	0.565325	4	0	4	0	8	1.942029	0.000000	4	0	138	134	130	1.378218	3.051085	184.681241	0.024473	45331	25.128049	36.328160	256x256	65536	sparse	Learned	258	4	22	1648	30.998936	0.579865	28.464275	0.998882	0.556301	0.323558	11	2	0.000000	29	1596	31.242186	0.618042	0.998623	27.830948	0.191796	0.551543	5131	32.214382	0.734458	0.999463	31.608539	0.031662	0.437301	0.596715	0.236010	-0.163775	-0.029408	True	0.557361	0.292959	0.526914	28.398215	0.998959	7684
7685.png	0.664212	0.893211	0.943594	0.946777	0.940432	0.999058	25.987024	0.999370	27.107197	1.000000	0.609372	0.545055	30.448588	0.542114	2074	4	4	7	8	2.000000	1.000000	143	143	221.693434	3.059488	0.029911	0.009591	-1.118237	-0.000317	0.000016	0.361878	1022.575378	0.676098	4	4	0	7	8	2.000000	1.000000	4	1	143	143	128	1.550304	3.059488	221.693434	0.029911	45699	22.034233	31.598843	256x256	65536	sparse	Learned	263	4	24	2015	30.769580	0.586957	27.107763	0.999353	0.638122	0.255882	9	2	0.000000	29	1984	30.950702	0.627428	0.999244	26.572210	0.395891	0.632753	4519	31.658855	0.698328	0.999713	31.057848	0.226374	0.646164	-0.000566	0.353490	-0.320992	-0.044843	True	0.641204	0.349491	0.654621	27.105261	0.999375	7685
7687.png	0.651693	0.872964	0.932174	0.927336	0.937063	0.998922	28.162110	0.999049	28.489080	1.000000	0.676967	0.753999	30.500424	0.536634	2041	4	10	18	10	2.072289	2.500000	166	172	263.865007	2.756875	0.033529	-0.009390	0.172809	0.000006	0.000121	0.332476	1035.823584	0.661458	4	10	-6	18	10	2.072289	2.500000	4	1	166	172	138	1.534099	2.756875	263.865007	0.033529	45652	22.367467	32.109750	256x256	65536	sparse	Learned	286	4	23	1938	30.675883	0.579109	27.963592	0.998928	0.667524	0.417252	8	2	0.000000	29	1846	30.943405	0.617477	0.998741	27.441835	0.224399	0.647735	4362	31.590074	0.695978	0.999442	30.843981	0.110593	0.645951	0.525487	0.259715	-0.175459	-0.042476	True	0.665460	0.501757	0.661082	27.989301	0.998916	7687
7688.png	0.777778	0.911818	0.953875	0.940901	0.967213	0.999430	27.327679	0.999524	27.821920	1.000000	0.626561	0.639349	31.379169	0.586819	2043	4	3	5	9	1.987179	0.750000	156	155	228.208153	2.376529	0.032391	0.003081	-0.423408	-0.000124	-0.000024	0.215636	812.133074	0.786434	4	3	1	5	9	1.987179	0.750000	4	0	156	155	142	1.472311	2.376529	228.208153	0.032391	44985	22.019090	32.078316	256x256	65536	sparse	Learned	276	4	25	1934	31.515528	0.619428	27.781841	0.999548	0.784364	0.619017	4	1	0.500000	35	1888	31.804787	0.658716	0.999495	27.507030	0.486583	0.749562	4613	32.469902	0.730055	0.999791	31.493671	0.532334	0.761492	0.040079	0.007544	-0.136360	-0.032609	True	0.644774	0.412235	0.774697	27.751086	0.999554	7688
7689.png	0.546040	0.909262	0.952475	0.955921	0.949053	0.998872	27.431577	0.999153	27.827798	1.000000	0.642993	0.394591	31.164461	0.585767	2126	4	3	6	9	1.986842	0.750000	152	151	226.267027	3.204146	0.037640	-0.018237	0.006014	-0.000041	0.000093	0.432836	1026.513338	0.555990	4	3	1	6	9	1.986842	0.750000	4	0	152	151	137	1.498457	3.204146	226.267027	0.037640	45219	21.269520	30.825964	256x256	65536	sparse	Learned	272	4	26	2115	31.341127	0.619798	27.393355	0.999060	0.567164	0.268551	11	1	0.000000	34	1972	31.674279	0.659572	0.998899	27.370391	0.251736	0.522472	4119	32.177043	0.705183	0.999512	31.079428	0.309893	0.537313	0.434443	0.374442	-0.176666	-0.034031	True	0.670441	0.264550	0.564277	27.425563	0.998913	7689
7690.png	0.514613	0.874235	0.932898	0.921408	0.944678	0.998569	28.526498	0.998713	28.814285	1.000000	0.591801	0.513348	31.611464	0.601989	2186	5	2	4	11	1.964912	0.400000	171	168	258.693434	3.253378	0.030221	-0.021972	-0.247949	-0.000165	-0.000071	0.457960	1302.087545	0.527304	5	2	3	4	11	1.964912	0.400000	5	0	171	168	156	1.539842	3.253378	258.693434	0.030221	44656	20.428179	29.979872	256x256	65536	sparse	Learned	291	5	28	2182	31.849379	0.639584	28.852676	0.998784	0.542040	0.272733	13	3	0.000000	42	2176	32.234816	0.682166	0.998752	28.879377	0.252671	0.512209	3979	32.508954	0.715947	0.999297	31.534346	0.225729	0.553881	-0.038391	0.319068	-0.237915	-0.037595	True	0.624689	0.320683	0.536585	28.774447	0.998734	7690
7691.png	0.429475	0.882099	0.937357	0.907302	0.969471	0.998780	28.202822	0.998703	28.599110	1.000000	0.633955	0.238949	31.511545	0.600876	2109	4	4	8	10	2.000000	1.000000	160	160	235.379726	3.215814	0.036301	0.004740	-0.064306	-0.000026	0.000103	0.581298	1342.939854	0.430909	4	4	0	8	10	2.000000	1.000000	4	0	160	160	142	1.471123	3.215814	235.379726	0.036301	44749	21.218113	31.074443	256x256	65536	sparse	Learned	280	4	27	2010	31.831359	0.635433	28.334857	0.998600	0.418702	0.178193	16	1	0.000000	39	2088	32.132164	0.675637	0.998388	28.492955	0.227545	0.407518	4298	32.589160	0.726138	0.999233	31.645686	0.171385	0.424260	0.264253	0.455762	-0.319814	-0.034557	True	0.662098	0.158208	0.424735	28.267128	0.998806	7691
7692.png	0.676115	0.884825	0.938894	0.941347	0.936453	0.998720	26.951559	0.999033	27.834558	1.000000	0.639405	0.753462	30.380913	0.548601	2383	5	5	9	10	2.000000	1.000000	199	199	289.379726	2.931728	0.039592	0.037213	-0.788255	-0.000306	-0.000010	0.344710	1142.127037	0.717368	5	5	0	9	10	2.000000	1.000000	5	1	199	199	180	1.454169	2.931728	289.379726	0.039592	45708	19.180864	27.501469	256x256	65536	sparse	Learned	319	5	27	2357	30.922581	0.608006	27.764923	0.999043	0.655290	0.603752	7	7	0.000000	32	2348	31.111626	0.650994	0.998800	27.324912	0.538143	0.648609	3889	31.470809	0.676818	0.999449	30.503269	0.389891	0.651980	0.069635	0.035653	-0.541668	-0.059405	True	0.669781	0.504655	0.638902	27.739814	0.999026	7692
7693.png	0.472692	0.865301	0.927787	0.933066	0.922568	0.998911	28.142500	0.999196	28.927506	1.000000	0.648308	0.296616	30.679160	0.544933	1979	4	6	12	10	2.025974	1.500000	154	156	235.923882	3.066386	0.033523	-0.043293	-0.187503	-0.000125	0.000083	0.491992	1166.896105	0.489728	4	6	-2	12	10	2.025974	1.500000	4	0	154	156	132	1.512333	3.066386	235.923882	0.033523	45578	23.030824	33.115715	256x256	65536	sparse	Learned	274	4	24	1962	30.882838	0.587961	28.335826	0.999113	0.508008	0.306959	9	2	0.000000	30	1818	31.083113	0.623491	0.998904	27.627891	0.279277	0.498392	4639	31.830694	0.709037	0.999480	31.244950	0.204583	0.506427	0.591680	0.341349	-0.203678	-0.043028	True	0.686514	0.203631	0.515985	28.330002	0.999036	7693
7694.png	0.759008	0.912374	0.954180	0.950062	0.958333	0.998848	27.503901	0.998893	27.895414	1.000000	0.656991	1.157382	30.928020	0.571438	2112	4	8	16	10	2.053333	2.000000	150	154	244.379726	3.470254	0.033072	0.030874	0.018679	-0.000082	0.000059	0.266963	1223.207951	0.772512	4	8	-4	16	10	2.053333	2.000000	4	1	150	154	124	1.586881	3.470254	244.379726	0.033072	45325	21.460701	31.030303	256x256	65536	sparse	Learned	270	4	25	1991	31.248374	0.610648	27.503802	0.998834	0.733037	0.640605	6	15	0.000000	33	2080	31.491762	0.654001	0.998707	27.333795	0.600150	0.726715	4324	32.054382	0.707552	0.999460	31.061669	0.678348	0.729477	0.391612	0.016386	-0.320354	-0.039210	True	0.683363	0.790912	0.728134	27.485223	0.998930	7694
7695.png	0.502523	0.868456	0.929598	0.901742	0.959229	0.999250	28.082230	0.999256	28.544916	1.000000	0.596670	0.337040	30.813963	0.556430	2156	5	6	11	11	2.011628	1.200000	172	173	269.007143	2.765441	0.035009	0.001484	0.007626	-0.000079	0.000055	0.503654	979.110003	0.495520	5	6	-1	11	11	2.011628	1.200000	5	1	172	173	150	1.554955	2.765441	269.007143	0.035009	45453	21.082096	30.397032	256x256	65536	sparse	Learned	292	5	26	2127	31.086651	0.603636	28.119650	0.999201	0.496346	0.206077	13	0	0.000000	31	1938	31.258472	0.637064	0.999018	27.693553	0.240083	0.456070	4159	31.795709	0.696185	0.999510	31.117381	0.141339	0.482874	0.425266	0.390593	-0.272688	-0.047206	True	0.607807	0.204855	0.501040	28.074604	0.999330	7695
7696.png	0.703943	0.894265	0.944182	0.943884	0.944479	0.999030	27.906921	0.999181	28.297447	1.000000	0.541594	0.728327	31.150489	0.582532	2262	6	0	1	13	1.933702	0.000000	181	175	278.534055	2.778457	0.036513	0.010465	-0.313020	-0.000193	-0.000030	0.301362	928.109407	0.735171	6	0	6	1	13	1.933702	0.000000	6	0	181	175	167	1.591623	2.778457	278.534055	0.036513	45166	19.967286	28.972591	256x256	65536	sparse	Learned	301	6	27	2129	31.461947	0.624488	28.208635	0.999210	0.698638	0.383463	11	4	0.000000	35	2070	31.637989	0.662482	0.999115	27.786385	0.349991	0.690361	4106	32.156548	0.708284	0.999515	30.924936	0.288230	0.683434	0.088812	0.158131	-0.311458	-0.041956	True	0.563951	0.410741	0.693478	28.219941	0.999223	7696
7697.png	0.498715	0.889851	0.941716	0.928341	0.955482	0.998933	28.343633	0.998819	28.748230	1.000000	0.692721	0.269962	30.892344	0.560572	2169	4	6	12	10	2.023392	1.500000	171	173	265.107648	2.788390	0.037290	0.006150	-0.249076	-0.000124	0.000021	0.504268	1202.051163	0.501896	4	6	-2	12	10	2.023392	1.500000	4	0	171	173	149	1.532414	2.788390	265.107648	0.037290	45344	20.905486	30.214846	256x256	65536	sparse	Learned	291	4	26	2101	31.160706	0.606480	28.629129	0.998798	0.495732	0.206349	18	0	0.000000	33	2124	31.424020	0.650286	0.998613	28.064113	0.283469	0.449486	4394	31.979597	0.708478	0.999233	31.147108	0.134847	0.489697	0.119101	0.486373	-0.268363	-0.045908	True	0.615572	0.166181	0.492565	28.592709	0.999057	7697
7698.png	0.568601	0.878746	0.935460	0.917670	0.953954	0.998313	28.742616	0.998161	28.966506	1.000000	0.740760	0.586848	31.204181	0.591640	2321	4	10	20	13	2.063158	2.500000	190	196	319.634560	3.433997	0.051491	-0.028564	-0.174552	-0.000170	0.000001	0.380045	1468.649864	0.593387	4	10	-6	20	13	2.063158	2.500000	4	0	190	196	157	1.630789	3.433997	319.634560	0.051491	44788	19.296855	28.236105	256x256	65536	sparse	Learned	310	4	30	2311	31.751960	0.639633	28.935465	0.998160	0.619955	0.508803	11	15	0.000000	42	2288	32.088392	0.680636	0.998094	28.852214	0.363378	0.622281	3836	32.282318	0.705002	0.998776	31.115460	0.258335	0.580269	0.031041	0.231957	-0.547780	-0.047993	True	0.773498	0.453926	0.597165	28.917168	0.998483	7698
7699.png	0.696023	0.857721	0.923412	0.913793	0.933236	0.999277	28.242563	0.999362	28.659593	1.000000	0.562495	0.634816	30.805403	0.560576	2254	6	2	4	12	1.958115	0.333333	191	187	273.965512	2.395835	0.035253	0.007049	-0.105775	-0.000128	-0.000007	0.274952	857.463837	0.719061	6	2	4	4	12	1.958115	0.333333	6	0	191	187	175	1.465056	2.395835	273.965512	0.035253	45441	20.160160	29.075421	256x256	65536	sparse	Learned	311	6	26	2142	31.133220	0.608478	28.353371	0.999369	0.725048	0.491933	7	0	0.916667	34	2198	31.413395	0.654936	0.999272	27.905264	0.366417	0.693676	4084	31.830905	0.697051	0.999613	30.803747	0.194909	0.682085	0.306222	0.070561	-0.327817	-0.047902	True	0.576838	0.366186	0.688974	28.348338	0.999405	7699
7700.png	0.516460	0.887640	0.940476	0.922317	0.959365	0.998418	27.987791	0.998381	28.411634	1.000000	0.703587	0.367009	30.089742	0.536630	2681	5	8	15	10	2.026906	1.600000	223	226	351.433550	3.197999	0.033018	0.001500	-0.268421	-0.000153	-0.000006	0.482062	1395.669937	0.529040	5	8	-3	15	10	2.026906	1.600000	5	1	223	226	198	1.555016	3.197999	351.433550	0.033018	45947	17.138008	24.444610	256x256	65536	sparse	Learned	343	5	28	2674	30.724404	0.608446	28.345262	0.998387	0.517938	0.234072	24	4	0.000000	33	2674	31.025257	0.659049	0.998096	27.894020	0.313201	0.473463	3550	31.116859	0.654724	0.998551	29.571722	0.176515	0.503088	0.066372	0.469515	-0.634662	-0.071816	True	0.687765	0.252416	0.514960	28.256212	0.998571	7700
7701.png	0.606083	0.904059	0.949612	0.932268	0.967615	0.999162	27.530690	0.999224	28.018513	1.000000	0.526688	0.794857	31.507592	0.604397	2019	5	2	3	9	1.958333	0.400000	144	141	209.651804	2.909790	0.026731	0.017014	-0.393418	-0.000134	-0.000031	0.401198	986.305952	0.623209	5	2	3	3	9	1.958333	0.400000	5	0	144	141	132	1.486892	2.909790	209.651804	0.026731	44668	22.123824	32.459633	256x256	65536	sparse	Learned	264	5	27	2015	31.859494	0.640375	27.933699	0.999255	0.598802	0.476211	6	3	0.000000	39	1974	32.145261	0.675863	0.999257	28.365203	0.441699	0.585752	4584	32.775513	0.738909	0.999626	31.707408	0.257327	0.596457	0.084814	0.050477	-0.351902	-0.035978	True	0.556031	0.441965	0.589069	27.924108	0.999296	7701
7702.png	0.796178	0.901914	0.948428	0.958475	0.938589	0.999047	25.639736	0.999464	26.661478	1.000000	0.590165	0.966538	30.953968	0.609262	2313	5	0	0	10	1.945055	0.000000	182	177	256.521861	2.312527	0.023973	0.088436	-1.650425	-0.000512	-0.000105	0.292969	779.090166	0.831691	5	0	5	0	10	1.945055	0.000000	5	0	182	177	172	1.449276	2.312527	256.521861	0.023973	44749	19.346736	28.333766	256x256	65536	sparse	Learned	302	5	30	2280	31.997693	0.657568	27.238131	0.999569	0.707031	0.578246	6	3	0.000000	41	2308	32.275341	0.699101	0.999584	27.896047	0.663110	0.691558	4039	32.611603	0.722948	0.999797	31.134410	0.324634	0.693590	-0.576652	0.011919	-1.043725	-0.048306	True	0.595053	0.575142	0.707742	27.290161	0.999559	7702
7703.png	0.695615	0.900086	0.947416	0.939748	0.955210	0.999288	27.811798	0.999374	28.175414	1.000000	0.601481	0.798499	30.478353	0.531764	1824	4	3	6	9	1.984615	0.750000	130	129	207.509668	2.638186	0.044947	-0.008399	0.324684	-0.000022	0.000061	0.272269	1082.906485	0.727431	4	3	1	6	9	1.984615	0.750000	4	0	130	129	115	1.608602	2.638186	207.509668	0.044947	45799	25.109101	35.929825	256x256	65536	sparse	Learned	250	4	22	1764	30.640512	0.568099	27.480874	0.999313	0.727731	0.469181	6	0	0.750000	28	1714	30.848428	0.610156	0.999152	26.774444	0.479691	0.694444	4840	31.706532	0.710999	0.999625	30.537659	0.282513	0.707317	0.694541	0.132300	-0.162159	-0.036334	True	0.609372	0.486583	0.704013	27.487114	0.999309	7703
7704.png	0.543898	0.869352	0.930111	0.939412	0.920992	0.998892	28.968690	0.999058	29.180046	1.000000	0.759492	0.485244	31.153874	0.574869	2264	4	6	11	8	2.019048	1.500000	210	212	326.663997	2.666419	0.044278	-0.013932	-0.205352	-0.000151	0.000013	0.433239	1122.415066	0.563101	4	6	-2	11	8	2.019048	1.500000	4	1	210	212	191	1.540868	2.666419	326.663997	0.044278	45142	19.939046	28.946996	256x256	65536	sparse	Learned	330	4	28	2223	31.443606	0.621279	29.068404	0.999045	0.566761	0.393469	10	5	0.000000	36	2132	31.641249	0.659101	0.998898	28.408231	0.299327	0.533784	4135	32.103732	0.705544	0.999408	31.431075	0.158280	0.563091	0.111641	0.366022	-0.289732	-0.046411	True	0.785619	0.381217	0.557831	29.174042	0.999043	7704
7705.png	0.696109	0.913016	0.954531	0.955468	0.953595	0.999135	26.793949	0.999301	27.231573	1.000000	0.689633	0.597093	30.556373	0.561402	2353	4	2	5	10	1.977143	0.500000	175	173	272.592929	2.897500	0.042045	0.012900	-0.606983	-0.000210	-0.000035	0.305814	896.367550	0.725157	4	2	2	5	10	1.977143	0.500000	4	0	175	173	160	1.575682	2.897500	272.592929	0.042045	45616	19.386315	27.852104	256x256	65536	sparse	Learned	295	4	27	2338	31.086344	0.616144	27.371177	0.999336	0.694186	0.481670	7	3	0.000000	34	2346	31.377855	0.660935	0.999323	27.468387	0.456649	0.680778	3939	31.699034	0.685951	0.999667	30.636701	0.326579	0.676986	-0.139604	0.207963	-0.529971	-0.054743	True	0.698806	0.417252	0.683208	27.400932	0.999345	7705
7706.png	0.653750	0.864259	0.927188	0.916172	0.938472	0.999224	28.130323	0.999329	28.570938	1.000000	0.698806	0.512957	30.352175	0.533502	2244	4	3	6	10	1.989189	0.750000	185	184	280.421356	2.749311	0.033980	0.038818	-0.049590	-0.000111	0.000031	0.376313	1016.547441	0.672070	4	3	1	6	10	1.989189	0.750000	4	0	185	184	169	1.524029	2.749311	280.421356	0.033980	45788	20.404635	29.204991	256x256	65536	sparse	Learned	305	4	25	2169	30.708716	0.588233	28.249572	0.999299	0.623687	0.366771	13	7	0.000000	30	2204	30.944858	0.634180	0.999139	27.438960	0.221199	0.656977	4273	31.455862	0.689512	0.999538	30.403376	0.109989	0.632165	0.321366	0.332035	-0.356541	-0.054730	True	0.740760	0.379978	0.614932	28.179913	0.999334	7706
7707.png	0.526225	0.874676	0.933149	0.943150	0.923358	0.999080	28.043880	0.999363	28.661939	1.000000	0.478997	0.596503	31.824550	0.609299	1679	5	2	3	9	1.952381	0.400000	126	123	175.781746	2.787935	0.024980	-0.016776	-0.310939	-0.000256	-0.000009	0.436851	764.671326	0.557333	5	2	3	3	9	1.952381	0.400000	5	0	126	123	114	1.429120	2.787935	175.781746	0.024980	44404	26.446694	39.032758	256x256	65536	sparse	Learned	246	5	23	1571	31.960694	0.628300	28.293486	0.999371	0.563149	0.214801	11	0	0.400000	35	1422	32.192395	0.655438	0.999334	28.138095	0.223791	0.549697	5631	33.433824	0.769290	0.999795	33.861464	0.197481	0.573756	0.368453	0.264196	-0.136144	-0.019002	True	0.493383	0.294304	0.543002	28.354819	0.999336	7707
7708.png	0.646465	0.877517	0.934763	0.941494	0.928128	0.999095	27.047008	0.999395	27.961212	1.000000	0.548870	0.901878	31.678836	0.611140	1917	5	0	0	10	1.934211	0.000000	152	147	216.651804	2.385721	0.019822	0.016046	-1.224947	-0.000376	-0.000095	0.354742	794.744253	0.689895	5	0	5	0	10	1.934211	0.000000	5	0	152	147	142	1.473822	2.385721	216.651804	0.019822	44555	23.242045	34.186750	256x256	65536	sparse	Learned	272	5	26	1865	31.957605	0.639148	28.325718	0.999490	0.645258	0.396494	8	1	0.200000	38	1884	32.234911	0.678788	0.999450	28.220937	0.354674	0.648976	4970	33.082840	0.750660	0.999784	33.135863	0.321379	0.634277	-0.364505	0.152376	-0.278769	-0.028008	True	0.547062	0.493383	0.630419	28.271954	0.999471	7708
7709.png	0.744223	0.913149	0.954603	0.967326	0.942211	0.999115	25.343065	0.999526	26.938745	1.000000	0.491352	0.832133	30.952044	0.588332	1974	5	0	0	10	1.924812	0.000000	133	128	186.781746	2.889793	0.021680	-0.007640	-1.743119	-0.000417	-0.000042	0.260870	787.127733	0.776132	5	0	5	0	10	1.924812	0.000000	5	0	133	128	123	1.459232	2.889793	186.781746	0.021680	45036	22.814590	33.199595	256x256	65536	sparse	Learned	253	5	25	1920	31.536423	0.622494	27.066004	0.999568	0.739130	0.395200	7	2	0.000000	37	1970	31.822771	0.664549	0.999573	27.484035	0.463846	0.743783	4696	32.480514	0.729530	0.999835	31.786837	0.289523	0.729261	-0.127259	0.096153	-0.584378	-0.034162	True	0.501424	0.417252	0.751863	27.086184	0.999532	7709
7710.png	0.613308	0.873292	0.932361	0.915961	0.949359	0.998963	27.968580	0.999042	28.230291	1.000000	0.619017	0.535456	30.738989	0.553363	1968	4	2	6	8	1.971014	0.500000	138	136	220.107648	3.283882	0.046994	-0.008502	0.158825	-0.000071	0.000068	0.348783	1136.081219	0.638976	4	2	2	6	8	1.971014	0.500000	4	0	138	136	124	1.618439	3.283882	220.107648	0.046994	45445	23.091972	33.300813	256x256	65536	sparse	Learned	258	4	23	1902	30.854692	0.588982	27.816548	0.998974	0.651217	0.592073	6	7	0.000000	31	1944	31.227077	0.633772	0.998866	27.506393	0.365904	0.626928	4862	32.047348	0.722792	0.999488	31.163285	0.150177	0.626943	0.413743	0.026944	-0.115703	-0.035619	True	0.660404	0.353617	0.621810	27.809755	0.999034	7710
7711.png	0.710084	0.883482	0.938137	0.943631	0.932706	0.999077	27.421973	0.999358	28.210130	1.000000	0.712059	0.624009	31.552289	0.600103	2213	4	5	10	9	2.010526	1.250000	190	191	281.480231	2.599041	0.034698	-0.007074	-0.808676	-0.000293	-0.000000	0.293566	848.454475	0.734096	4	5	-1	10	9	2.010526	1.250000	4	1	190	191	171	1.473718	2.599041	281.480231	0.034698	44772	20.231360	29.614099	256x256	65536	sparse	Learned	310	4	28	2178	31.778190	0.638209	28.178050	0.999359	0.706434	0.446464	7	1	0.625000	40	2150	32.181105	0.681756	0.999360	28.349219	0.630646	0.716008	4106	32.526386	0.719431	0.999685	31.509796	0.394681	0.693809	0.032080	0.265595	-0.225900	-0.038105	True	0.735523	0.458973	0.717158	28.230649	0.999370	7711
7712.png	0.714473	0.882512	0.937590	0.945047	0.930249	0.999154	27.550388	0.999346	28.217458	1.000000	0.528577	0.794857	30.574041	0.544790	1961	5	4	8	12	1.985714	0.800000	140	139	220.965512	3.108280	0.041775	0.013613	-0.313005	-0.000161	0.000038	0.292728	1085.198402	0.737617	5	4	1	8	12	1.985714	0.800000	5	0	140	139	120	1.589680	3.108280	220.965512	0.041775	45606	23.256502	33.419684	256x256	65536	sparse	Learned	260	5	23	1862	30.812343	0.584555	27.842986	0.999308	0.707272	0.435887	8	2	0.000000	30	1896	31.056876	0.628331	0.999230	27.403742	0.505397	0.685570	4669	31.802893	0.710352	0.999662	30.996269	0.203631	0.688257	0.374472	0.092691	-0.238302	-0.039765	True	0.556031	0.441965	0.700860	27.863392	0.999314	7712
7713.png	0.704962	0.935912	0.966895	0.964143	0.969662	0.998698	27.608337	0.998790	27.976892	1.000000	0.672085	0.722423	30.619978	0.552875	2207	4	8	14	8	2.048780	2.000000	164	168	257.279221	3.682322	0.038622	0.000907	-0.232301	-0.000111	0.000019	0.291579	1260.740042	0.714981	4	8	-4	14	8	2.048780	2.000000	4	1	164	168	142	1.531424	3.682322	257.279221	0.038622	45601	20.661985	29.694608	256x256	65536	sparse	Learned	284	4	25	2072	30.956094	0.597655	27.821355	0.998770	0.708421	0.489994	9	13	0.000000	30	1962	31.107906	0.632556	0.998314	26.888163	0.615572	0.705851	4147	31.653027	0.690179	0.999336	30.741356	0.372074	0.714286	0.155537	0.182090	-0.336116	-0.044780	True	0.668789	0.483149	0.704055	27.840638	0.998809	7713
7714.png	0.544525	0.912154	0.954059	0.942786	0.965605	0.998827	28.228450	0.998849	28.456896	1.000000	0.656991	0.421322	30.489438	0.540397	2182	4	1	4	8	1.963636	0.250000	165	162	235.551299	3.334369	0.029820	0.008301	0.008242	-0.000028	0.000078	0.458804	1220.604181	0.558947	4	1	3	4	8	1.963636	0.250000	4	0	165	162	153	1.454020	3.334369	235.551299	0.029820	45700	20.944088	30.034830	256x256	65536	sparse	Learned	285	4	24	1989	30.812485	0.585849	28.189920	0.998771	0.541196	0.392120	9	4	0.000000	31	2176	31.068381	0.637730	0.998604	27.745156	0.534201	0.516590	4375	31.630837	0.696990	0.999255	30.708116	0.220264	0.549383	0.266976	0.264871	-0.323047	-0.045452	True	0.667129	0.281076	0.536224	28.220209	0.998854	7714
7715.png	0.738992	0.906333	0.950865	0.945586	0.956204	0.998916	28.420107	0.999018	28.834533	1.000000	0.678899	0.731843	31.482467	0.602674	2414	5	5	9	11	2.000000	1.000000	208	208	320.492424	2.809526	0.040109	0.017206	-0.286786	-0.000125	0.000020	0.278537	1054.283857	0.748674	5	5	0	9	11	2.000000	1.000000	5	0	208	208	188	1.540829	2.809526	320.492424	0.040109	44757	18.540597	27.148302	256x256	65536	sparse	Learned	328	5	29	2357	31.792028	0.646893	28.689842	0.998998	0.721463	0.568289	8	7	0.000000	39	2372	32.134447	0.692879	0.998926	28.526051	0.381217	0.712143	3816	32.366318	0.709292	0.999437	31.424729	0.297477	0.696793	0.144691	0.110610	-0.309560	-0.044219	True	0.686514	0.502421	0.721786	28.706893	0.999041	7715
7716.png	0.626102	0.886625	0.939906	0.935514	0.944340	0.999342	27.398655	0.999452	28.067756	1.000000	0.601481	0.450894	31.308093	0.590712	1882	4	5	10	9	2.014085	1.250000	142	143	217.722871	2.540654	0.029679	0.033689	-0.542476	-0.000159	-0.000003	0.399516	848.924398	0.648000	4	5	-1	10	9	2.014085	1.250000	4	1	142	143	123	1.522538	2.540654	217.722871	0.029679	44784	23.795962	34.822529	256x256	65536	sparse	Learned	262	4	25	1821	31.655876	0.622114	27.948311	0.999454	0.600484	0.351115	8	0	0.000000	33	1706	31.901918	0.654920	0.999354	27.559833	0.347863	0.605136	4931	32.762123	0.744975	0.999762	32.250025	0.212657	0.585714	0.119445	0.250366	-0.347783	-0.031402	True	0.626561	0.282513	0.592413	27.941131	0.999501	7716
7717.png	0.793373	0.919018	0.957801	0.968326	0.947502	0.999004	26.416348	0.999265	27.115010	1.000000	0.593430	0.863278	31.350866	0.614871	2353	5	1	3	11	1.954286	0.200000	175	171	264.078210	2.866856	0.038192	0.008871	-1.048096	-0.000323	-0.000098	0.227712	1010.624647	0.808851	5	1	4	3	11	1.954286	0.200000	5	0	175	171	161	1.544317	2.866856	264.078210	0.038192	44802	19.040374	27.852104	256x256	65536	sparse	Learned	295	5	29	2284	31.915088	0.655231	27.492302	0.999363	0.772288	0.675348	4	1	0.400000	41	2134	32.194131	0.687083	0.999378	27.932970	0.576838	0.759429	3767	32.468736	0.707956	0.999692	31.133362	0.440102	0.760302	-0.377293	-0.081917	-0.564222	-0.040360	True	0.598280	0.516482	0.784502	27.464445	0.999328	7717
7718.png	0.774411	0.919967	0.958315	0.965368	0.951365	0.999239	26.793293	0.999441	27.351348	1.000000	0.580210	0.847379	31.475423	0.600987	2165	5	1	4	12	1.952096	0.200000	167	163	244.894444	2.278647	0.038542	0.009383	-1.002381	-0.000295	-0.000088	0.234461	858.834982	0.802586	5	1	4	4	12	1.952096	0.200000	5	0	167	163	151	1.502420	2.278647	244.894444	0.038542	44872	20.726097	30.270670	256x256	65536	sparse	Learned	287	5	27	2035	31.795851	0.634273	27.752470	0.999528	0.765539	0.500093	6	2	0.000000	39	2126	32.114346	0.679619	0.999493	27.799979	0.489994	0.771565	4093	32.459882	0.716136	0.999771	31.550070	0.425928	0.764009	-0.401122	0.080117	-0.320428	-0.033286	True	0.590165	0.500093	0.765027	27.795674	0.999534	7718
7719.png	0.596180	0.917172	0.956797	0.949129	0.964589	0.999055	28.531067	0.999068	28.652218	1.000000	0.548870	0.436195	31.539456	0.593802	2059	4	1	2	8	1.962500	0.250000	160	157	220.480231	3.040907	0.031322	-0.028902	-0.057516	0.000006	0.000048	0.366252	1077.488661	0.612969	4	1	3	2	8	1.962500	0.250000	5	0	160	157	150	1.404333	3.040907	220.480231	0.031322	44794	21.755221	31.829043	256x256	65536	sparse	Learned	282	5	26	1923	31.739887	0.626845	28.602255	0.999020	0.633748	0.462056	7	1	0.300000	36	2046	31.987016	0.672151	0.998858	28.051869	0.237710	0.603823	4404	32.581926	0.729466	0.999521	31.742747	0.227545	0.633377	0.049963	0.086815	-0.200431	-0.033043	True	0.564822	0.246373	0.625082	28.588584	0.999049	7719
7720.png	0.576271	0.861133	0.925386	0.905961	0.945662	0.999133	27.262008	0.999247	27.895828	1.000000	0.566126	0.489438	30.928966	0.562172	1842	4	0	1	7	1.937984	0.000000	129	125	179.610173	3.113563	0.037699	0.000852	-0.365923	-0.000132	0.000049	0.412549	1011.921883	0.598326	4	0	4	1	7	1.937984	0.000000	4	0	129	125	121	1.436881	3.113563	179.610173	0.037699	45278	24.580890	35.578719	256x256	65536	sparse	Learned	249	4	24	1837	31.162016	0.597291	27.553734	0.999198	0.587451	0.226374	12	4	0.000000	33	1728	31.418184	0.633972	0.999145	27.410439	0.349491	0.584518	4920	32.272000	0.728113	0.999613	31.409515	0.193010	0.580721	0.342094	0.339752	-0.233051	-0.035119	True	0.552912	0.270616	0.575419	27.627931	0.999265	7720
7721.png	0.746575	0.898905	0.946761	0.938434	0.955237	0.999439	26.916818	0.999542	27.446112	1.000000	0.633955	0.948517	30.493481	0.545298	2046	4	2	3	8	1.974194	0.500000	155	153	232.450793	2.443459	0.043312	0.036544	-0.318730	-0.000134	-0.000012	0.262036	840.598583	0.778929	4	2	2	3	8	1.974194	0.500000	4	0	155	153	144	1.519286	2.443459	232.450793	0.043312	45769	22.369990	32.031281	256x256	65536	sparse	Learned	275	4	23	1934	30.784104	0.585725	27.137144	0.999554	0.737964	0.541594	5	3	0.000000	30	1870	31.020151	0.626869	0.999479	26.702470	0.607414	0.718409	4362	31.667266	0.696947	0.999786	30.520363	0.510458	0.733756	0.308968	0.092361	-0.290623	-0.040427	True	0.646545	0.613259	0.710031	27.235547	0.999573	7721
7722.png	0.758947	0.881447	0.936988	0.959184	0.915797	0.998954	25.851613	0.999397	27.200514	1.000000	0.619017	0.854588	30.782830	0.576346	2052	4	7	13	9	2.044444	1.750000	135	138	225.137085	3.217451	0.058664	-0.011066	-1.475859	-0.000434	-0.000011	0.258003	1122.951984	0.802697	4	7	-3	13	9	2.044444	1.750000	4	1	135	138	113	1.631428	3.217451	225.137085	0.058664	45259	22.056043	31.937622	256x256	65536	sparse	Learned	255	4	26	2050	31.319359	0.614857	27.273463	0.999408	0.741997	0.589344	4	2	0.500000	33	2030	31.502422	0.658950	0.999322	26.996828	0.465630	0.739577	4315	32.119641	0.707786	0.999752	31.435222	0.433059	0.753856	-0.072949	0.029673	-0.536529	-0.038511	True	0.591392	0.505397	0.770013	27.327472	0.999388	7722
7723.png	0.686861	0.915757	0.956026	0.960720	0.951378	0.998858	27.207261	0.999054	27.769717	1.000000	0.431640	0.897138	30.373532	0.525364	1615	4	0	1	7	1.904762	0.000000	84	80	117.154329	4.105170	0.030112	0.026770	0.118234	-0.000050	0.000123	0.328725	1031.113148	0.706966	4	0	4	1	7	1.904762	0.000000	4	0	84	80	76	1.464429	4.105170	117.154329	0.030112	45900	28.421053	40.579567	256x256	65536	sparse	Learned	204	4	18	1475	30.488791	0.546028	27.044041	0.998932	0.671275	0.417252	7	5	0.000000	25	1416	30.685331	0.585676	0.998670	26.662472	0.453379	0.682908	5820	32.019095	0.743358	0.999591	31.649600	0.188792	0.697039	0.725676	0.014388	-0.115259	-0.020664	True	0.477954	0.428791	0.660091	27.089027	0.998908	7723
7724.png	0.610961	0.865314	0.927794	0.895893	0.962051	0.999412	27.816568	0.999415	27.986831	1.000000	0.534666	0.562478	30.642380	0.541840	1689	4	6	11	9	2.036364	1.500000	110	112	178.580736	3.009659	0.038358	-0.060234	0.396385	0.000000	0.000065	0.282258	1038.863420	0.646072	4	6	-2	11	9	2.036364	1.500000	4	1	110	112	90	1.594471	3.009659	178.580736	0.038358	45571	26.981054	38.801658	256x256	65536	sparse	Learned	230	4	21	1648	30.793732	0.570867	27.418562	0.999350	0.717742	0.317657	9	2	0.000000	29	1596	31.026332	0.613251	0.999242	26.930127	0.328002	0.636042	5380	32.134911	0.736053	0.999725	31.415919	0.237069	0.669348	0.568269	0.217009	-0.151352	-0.029027	True	0.583138	0.328002	0.671196	27.420183	0.999412	7724
7725.png	0.702222	0.889744	0.941655	0.947440	0.935941	0.999171	27.225094	0.999396	27.833373	1.000000	0.588522	0.690172	30.473320	0.546937	2140	5	2	4	11	1.964286	0.400000	168	165	252.965512	2.848391	0.029357	-0.017461	-0.252076	-0.000146	0.000061	0.285015	860.370636	0.721396	5	2	3	4	11	1.964286	0.400000	5	0	168	165	153	1.533124	2.848391	252.965512	0.029357	45622	21.318692	30.624299	256x256	65536	sparse	Learned	288	5	24	2028	30.815411	0.592483	27.408317	0.999334	0.714985	0.438500	7	1	0.300000	32	2140	31.097009	0.642238	0.999288	27.332277	0.357250	0.685661	4380	31.677869	0.697795	0.999676	30.991972	0.386147	0.711334	0.425055	0.150022	-0.342090	-0.045546	True	0.591801	0.408445	0.719683	27.477170	0.999317	7725
7726.png	0.639654	0.873757	0.932626	0.923201	0.942244	0.999218	27.277441	0.999375	27.731335	1.000000	0.537912	0.628672	31.362766	0.594816	1990	5	5	11	13	2.000000	1.000000	133	133	225.308658	2.747701	0.054632	0.012348	-0.315354	-0.000129	0.000001	0.345697	1055.250883	0.660630	5	5	0	11	13	2.000000	1.000000	5	0	133	133	109	1.694050	2.747701	225.308658	0.054632	44852	22.538693	32.932663	256x256	65536	sparse	Learned	253	5	26	1932	31.712260	0.628460	27.681688	0.999373	0.654303	0.376558	8	2	0.000000	36	1856	31.929826	0.664112	0.999276	27.379939	0.331019	0.625637	4494	32.542915	0.727409	0.999706	31.586836	0.232568	0.638618	0.049648	0.161354	-0.349495	-0.033644	True	0.552465	0.347319	0.627306	27.592795	0.999347	7726
7727.png	0.569219	0.888317	0.940856	0.949725	0.932151	0.999097	28.341340	0.999252	28.718148	1.000000	0.658702	0.554077	31.148097	0.572465	2034	4	4	8	10	2.000000	1.000000	164	164	246.793939	2.672835	0.041973	0.007301	-0.033923	-0.000114	0.000092	0.405026	1089.281797	0.602281	4	4	0	8	10	2.000000	1.000000	4	0	164	164	146	1.504841	2.672835	246.793939	0.041973	45114	22.179941	32.220256	256x256	65536	sparse	Learned	284	4	26	1949	31.405909	0.610553	28.252022	0.999160	0.594974	0.517126	5	1	0.375000	32	1864	31.579068	0.647251	0.999002	27.589977	0.405479	0.577181	4510	32.238916	0.719739	0.999551	31.288360	0.151500	0.583212	0.466127	0.141576	-0.257812	-0.038088	True	0.665460	0.368716	0.561918	28.375263	0.999210	7727
7728.png	0.443603	0.854332	0.921445	0.911975	0.931113	0.998346	28.629900	0.998459	28.974438	1.000000	0.698806	0.242722	30.252153	0.530693	2438	5	8	18	14	2.029412	1.600000	204	207	354.433550	3.234796	0.051381	-0.022249	0.026283	-0.000077	0.000103	0.517256	1415.000916	0.455611	5	8	-3	18	14	2.029412	1.600000	5	1	204	207	172	1.712239	3.234796	354.433550	0.051381	45877	18.817473	26.881050	256x256	65536	sparse	Learned	324	5	27	2417	30.687292	0.595207	28.599281	0.998356	0.482744	0.213372	24	3	0.000000	30	2350	30.882985	0.635954	0.998039	27.890652	0.136249	0.416770	3812	31.224462	0.663201	0.998665	30.087296	0.117413	0.438852	0.375157	0.485434	-0.435139	-0.064515	True	0.731794	0.177622	0.465852	28.603617	0.998422	7728
7729.png	0.600160	0.861961	0.925864	0.934524	0.917362	0.999192	28.651092	0.999350	28.919228	1.000000	0.561327	0.521059	31.161884	0.570150	1877	5	2	4	10	1.962733	0.400000	161	158	232.823376	2.489327	0.036056	0.004852	0.237661	-0.000072	0.000036	0.379233	830.194235	0.624079	5	2	3	4	10	1.962733	0.400000	5	1	161	158	147	1.473566	2.489327	232.823376	0.036056	45015	23.982419	34.915290	256x256	65536	sparse	Learned	281	5	24	1848	31.311576	0.602609	28.388735	0.999313	0.620767	0.298508	11	2	0.000000	33	1714	31.576203	0.638260	0.999188	27.846848	0.255130	0.590325	4993	32.464409	0.738409	0.999677	31.900597	0.075259	0.591459	0.530493	0.262819	-0.149692	-0.032459	True	0.580210	0.302324	0.595308	28.413431	0.999264	7729
7730.png	0.697154	0.898599	0.946592	0.948592	0.944600	0.998955	27.128111	0.999182	27.936329	1.000000	0.615188	0.590914	31.483535	0.600735	2008	4	3	8	8	1.985612	0.750000	139	138	224.764502	3.168649	0.040019	-0.010766	-0.995632	-0.000280	-0.000028	0.308354	1118.131876	0.708134	4	3	1	8	8	1.985612	0.750000	4	1	139	138	123	1.628728	3.168649	224.764502	0.040019	44758	22.289841	32.637450	256x256	65536	sparse	Learned	259	4	27	1991	31.817696	0.635406	28.132914	0.999209	0.691646	0.536987	6	4	0.000000	36	1798	31.982559	0.664902	0.999038	27.564412	0.409922	0.673231	4711	32.730860	0.740854	0.999614	31.717809	0.442337	0.677840	-0.196585	0.078201	-0.334161	-0.034671	True	0.635781	0.375692	0.707921	28.123744	0.999235	7730
7731.png	0.633577	0.816842	0.899189	0.881818	0.917258	0.999189	26.868553	0.999355	27.549908	1.000000	0.672085	0.742225	30.740903	0.566244	2104	4	5	10	9	2.011494	1.250000	174	175	259.208153	2.513476	0.030778	-0.003907	-0.583435	-0.000238	-0.000026	0.343408	950.387239	0.668367	4	5	-1	10	9	2.011494	1.250000	4	1	174	175	155	1.481189	2.513476	259.208153	0.030778	45339	21.548954	31.148289	256x256	65536	sparse	Learned	294	4	25	1985	31.216726	0.607707	27.493093	0.999381	0.656592	0.668789	4	5	0.000000	34	2092	31.469168	0.652055	0.999320	27.326479	0.451188	0.627476	4311	32.005775	0.705605	0.999705	31.292831	0.281875	0.621587	0.056815	0.003296	-0.475823	-0.041463	True	0.724729	0.537912	0.637484	27.451988	0.999427	7731
7732.png	0.645551	0.902163	0.948565	0.941429	0.955810	0.998976	28.016279	0.998955	28.150380	1.000000	0.646545	0.575304	30.174381	0.527380	2301	5	3	9	13	1.979695	0.600000	197	195	302.320851	3.091514	0.038322	-0.044229	0.101000	-0.000021	0.000035	0.314881	1259.004593	0.638213	5	3	2	9	13	1.979695	0.600000	5	0	197	195	175	1.550363	3.091514	302.320851	0.038322	45966	19.976532	28.481530	256x256	65536	sparse	Learned	317	5	24	2120	30.519365	0.579222	27.902827	0.998920	0.685119	0.462056	10	7	0.000000	29	2194	30.743391	0.626594	0.998672	27.073332	0.245894	0.633603	4082	31.256574	0.674429	0.999410	30.609968	0.147160	0.667829	0.247553	0.184490	-0.344984	-0.051842	True	0.669781	0.385328	0.689779	27.915279	0.998997	7732
7733.png	0.478163	0.878587	0.935370	0.918108	0.953293	0.998453	28.625236	0.998459	28.965964	1.000000	0.653544	0.414183	30.461660	0.530249	1890	4	6	13	9	2.028169	1.500000	142	144	237.308658	3.647471	0.046396	-0.011542	0.435917	0.000152	0.000321	0.510326	1247.985125	0.485714	4	6	-2	13	9	2.028169	1.500000	4	1	142	144	120	1.647977	3.647471	237.308658	0.046396	45710	24.185185	34.675132	256x256	65536	sparse	Learned	262	4	22	1730	30.650743	0.565748	28.190775	0.998137	0.489674	0.176270	23	3	0.000000	28	1798	30.895196	0.608845	0.998018	27.911237	0.056552	0.517451	4798	31.710871	0.709762	0.998948	30.985679	0.032799	0.365638	0.775190	0.477274	-0.189083	-0.035500	True	0.651808	0.269968	0.489705	28.189319	0.998301	7733
7734.png	0.642726	0.861300	0.925482	0.916337	0.934812	0.999077	27.123669	0.999337	27.873299	1.000000	0.732865	0.643772	30.880898	0.579307	2374	4	5	10	10	2.010000	1.250000	200	201	299.977705	2.569671	0.023073	0.025857	-0.599713	-0.000313	-0.000038	0.370187	873.595238	0.682836	4	5	-1	10	10	2.010000	1.250000	4	0	200	201	180	1.492426	2.569671	299.977705	0.023073	45183	19.032435	27.605729	256x256	65536	sparse	Learned	320	4	28	2343	31.360684	0.628170	27.776427	0.999375	0.629813	0.444563	10	4	0.000000	37	2330	31.702419	0.675298	0.999302	27.662316	0.411395	0.626849	3786	31.986412	0.693253	0.999645	30.961153	0.307231	0.633889	0.096872	0.288302	-0.479785	-0.048863	True	0.761885	0.490480	0.616869	27.723382	0.999390	7734
7735.png	0.639188	0.861015	0.925318	0.904300	0.947335	0.998907	28.346343	0.998946	28.751678	1.000000	0.643706	0.620542	31.115810	0.573714	2135	5	6	14	13	2.010811	1.200000	185	186	290.308658	2.953729	0.042904	-0.020413	-0.223185	-0.000112	-0.000004	0.363372	1198.519707	0.625721	5	6	-1	14	13	2.010811	1.200000	5	0	185	186	158	1.560799	2.953729	290.308658	0.042904	45155	21.149883	30.696019	256x256	65536	sparse	Learned	305	5	26	1985	31.384787	0.611584	28.559829	0.998950	0.636628	0.463590	7	6	0.000000	36	2088	31.660931	0.658073	0.998876	28.461445	0.344147	0.616359	4074	32.096642	0.703128	0.999369	31.171937	0.350420	0.602542	0.191849	0.180116	-0.268977	-0.037870	True	0.657677	0.408116	0.659600	28.569528	0.999019	7735
7736.png	0.652004	0.913958	0.955045	0.939096	0.971545	0.999517	27.059459	0.999544	27.399917	1.000000	0.561765	0.591331	30.483552	0.540026	1887	4	0	0	8	1.939394	0.000000	132	128	194.965512	2.519095	0.024588	0.001369	0.229769	-0.000035	0.000012	0.332133	788.595915	0.677043	4	0	4	0	8	1.939394	0.000000	4	0	132	128	124	1.523168	2.519095	194.965512	0.024588	45697	24.216746	34.730260	256x256	65536	sparse	Learned	252	4	22	1880	30.653634	0.577228	26.788049	0.999533	0.667867	0.366910	7	0	0.625000	29	1856	30.998848	0.622730	0.999482	26.593763	0.409430	0.655678	4778	31.790418	0.710620	0.999798	31.032825	0.220680	0.672146	0.611868	0.194855	-0.170083	-0.037203	True	0.583138	0.344828	0.650635	26.829690	0.999552	7736
7737.png	0.578862	0.847003	0.917165	0.896494	0.938811	0.999224	27.357599	0.999351	28.256661	1.000000	0.520974	0.579942	30.901418	0.561182	1906	5	1	2	10	1.944056	0.200000	143	139	206.994949	2.819281	0.041149	-0.014911	-0.781108	-0.000207	-0.000019	0.388889	911.861420	0.613581	5	1	4	2	10	1.944056	0.200000	5	0	143	139	131	1.489172	2.819281	206.994949	0.041149	45277	23.754984	34.384050	256x256	65536	sparse	Learned	263	5	25	1906	31.190661	0.599635	28.144201	0.999370	0.611111	0.413912	7	4	0.000000	32	1868	31.446182	0.640493	0.999262	27.638818	0.235926	0.578358	4961	32.276024	0.730874	0.999665	31.341336	0.217109	0.586336	0.112460	0.107062	-0.289242	-0.038453	True	0.635781	0.368716	0.593773	28.138707	0.999431	7737
7738.png	0.610236	0.819417	0.900747	0.910791	0.890922	0.998848	26.615368	0.999361	28.022324	1.000000	0.691181	0.554596	30.633959	0.565157	2138	4	8	13	7	2.045977	2.000000	174	178	274.279221	2.676993	0.029148	0.008471	-1.237364	-0.000511	-0.000017	0.403002	934.934616	0.665292	4	8	-4	13	7	2.045977	2.000000	4	2	174	178	154	1.540894	2.676993	274.279221	0.029148	45320	21.197381	30.652947	256x256	65536	sparse	Learned	294	4	25	1982	31.219695	0.608523	27.882582	0.999378	0.596998	0.389819	10	3	0.000000	34	2122	31.463664	0.654641	0.999320	27.676786	0.344147	0.589949	4345	32.003112	0.708107	0.999677	31.160456	0.304414	0.584906	0.139742	0.301362	-0.585736	-0.043366	True	0.714924	0.396494	0.601765	27.852733	0.999358	7738
7739.png	0.717391	0.868534	0.929642	0.918414	0.941149	0.998609	28.047253	0.998661	28.477081	1.000000	0.810809	0.721675	30.499928	0.551958	2622	4	9	22	15	2.043290	2.250000	231	236	391.019336	3.027508	0.043490	0.012279	-0.379569	-0.000194	-0.000008	0.280244	1129.199028	0.747585	4	9	-5	22	15	2.043290	2.250000	4	0	231	236	194	1.656862	3.027508	391.019336	0.043490	45658	17.413425	24.994661	256x256	65536	sparse	Learned	351	4	28	2590	30.914369	0.615503	28.381537	0.998669	0.719756	0.688077	8	21	0.000000	34	2532	31.176515	0.662717	0.998456	27.748392	0.201883	0.728140	3444	31.321959	0.662078	0.999134	30.000422	0.291571	0.706404	0.095545	0.122732	-0.414441	-0.063545	True	0.841975	0.607632	0.705112	28.426822	0.998802	7739
7740.png	0.577750	0.892857	0.943396	0.936268	0.950634	0.998671	27.689158	0.998875	28.340451	1.000000	0.580210	0.386123	31.426410	0.599527	2134	5	3	6	11	1.974843	0.600000	159	157	246.137085	2.931736	0.045793	0.006491	-0.710058	-0.000256	-0.000005	0.433685	1220.433712	0.593295	5	3	2	6	11	1.974843	0.600000	5	0	159	157	142	1.567752	2.931736	246.137085	0.045793	44778	20.983130	30.710403	256x256	65536	sparse	Learned	279	5	27	1985	31.808983	0.634647	28.381047	0.998880	0.566315	0.232794	16	2	0.000000	40	2126	32.099130	0.677017	0.998910	28.684745	0.260053	0.576182	4359	32.587947	0.728212	0.999416	31.587596	0.230957	0.581192	-0.040596	0.347416	-0.382574	-0.035120	True	0.601481	0.232246	0.571259	28.399217	0.998927	7740
7741.png	0.616256	0.878644	0.935402	0.908199	0.964286	0.999159	28.819620	0.999075	28.994833	1.000000	0.515191	0.967763	30.780558	0.548223	1853	5	4	8	11	1.984375	0.800000	128	127	206.722871	3.153607	0.058071	0.007888	0.697791	0.000063	0.000199	0.378090	1208.979607	0.630279	5	4	1	8	11	1.984375	0.800000	5	0	128	127	109	1.627739	3.153607	206.722871	0.058071	45445	24.525094	35.367512	256x256	65536	sparse	Learned	248	5	22	1671	30.948954	0.577928	28.145711	0.998876	0.621910	0.347714	11	5	0.000000	29	1648	31.141882	0.614999	0.998777	27.740569	0.128395	0.606140	4869	32.005754	0.720329	0.999443	31.430921	0.047873	0.555556	0.849121	0.167476	-0.168396	-0.029706	True	0.536060	0.518779	0.608368	28.121830	0.999097	7741
7743.png	0.590615	0.889419	0.941474	0.933222	0.949873	0.998970	28.987804	0.999072	29.120237	1.000000	0.534666	0.575563	31.812362	0.603266	1672	4	7	11	7	2.056075	1.750000	107	110	170.124892	3.391259	0.038657	-0.015470	0.380319	0.000056	0.000144	0.375801	1118.612051	0.606306	4	7	-3	11	7	2.056075	1.750000	4	1	107	110	89	1.546590	3.391259	170.124892	0.038657	44499	26.614234	39.196172	256x256	65536	sparse	Learned	227	4	24	1623	31.930623	0.624296	28.570050	0.998928	0.624199	0.299216	9	4	0.000000	34	1510	32.103458	0.654846	0.998801	28.030255	0.451188	0.590244	5614	33.270138	0.765359	0.999576	33.107262	0.292596	0.608625	0.550187	0.235450	-0.118261	-0.021030	True	0.525266	0.302324	0.606085	28.607485	0.998914	7743
7744.png	0.761524	0.903127	0.949098	0.947267	0.950936	0.999139	26.413443	0.999344	27.174884	1.000000	0.663110	0.839747	30.827069	0.584688	2538	5	3	8	13	1.979487	0.600000	195	193	317.220346	2.525691	0.043464	0.035505	-0.967785	-0.000271	-0.000066	0.269540	820.243120	0.787181	5	3	2	8	13	1.979487	0.600000	5	0	195	193	174	1.643629	2.525691	317.220346	0.043464	45356	17.870764	25.821907	256x256	65536	sparse	Learned	315	5	29	2511	31.329296	0.633143	27.384403	0.999411	0.730460	0.536325	7	2	0.000000	37	2490	31.619747	0.681073	0.999348	27.278322	0.530995	0.714692	3551	31.864330	0.682651	0.999677	30.513410	0.518091	0.732011	-0.209518	0.126785	-0.502227	-0.048455	True	0.675023	0.566848	0.726020	27.381228	0.999410	7744
7745.png	0.609133	0.875092	0.933386	0.913344	0.954327	0.999254	27.725403	0.999262	28.292562	1.000000	0.648308	0.575770	30.620324	0.547690	2006	4	1	3	9	1.962963	0.250000	162	159	234.722871	2.606145	0.027011	0.026253	-0.064177	-0.000082	0.000034	0.425083	960.001469	0.602853	4	1	3	3	9	1.962963	0.250000	4	0	162	159	150	1.476244	2.606145	234.722871	0.027011	45474	22.668993	32.669990	256x256	65536	sparse	Learned	282	4	23	1898	30.813601	0.586561	27.862063	0.999228	0.574917	0.361663	9	3	0.000000	31	1796	31.142106	0.625434	0.999131	27.550784	0.468472	0.553547	4560	31.866851	0.708660	0.999611	31.126142	0.207356	0.565452	0.430499	0.286645	-0.193277	-0.038871	True	0.662098	0.381217	0.582880	27.789580	0.999337	7745
7746.png	0.727194	0.880789	0.936617	0.939616	0.933636	0.999366	26.874917	0.999549	27.394630	1.000000	0.430692	0.868204	31.339450	0.605423	1935	6	0	0	12	1.907692	0.000000	130	124	193.651804	2.729096	0.040425	0.027888	-0.184651	-0.000167	-0.000015	0.290272	765.179634	0.768750	6	0	6	0	12	1.907692	0.000000	6	0	130	124	118	1.561708	2.729096	193.651804	0.040425	44716	23.109044	33.868734	256x256	65536	sparse	Learned	250	6	25	1830	31.785746	0.633363	27.109349	0.999564	0.709728	0.316139	9	0	0.750000	38	1908	32.130161	0.676039	0.999549	27.444125	0.263212	0.688701	4740	32.887802	0.744196	0.999824	32.011210	0.252671	0.693735	0.285281	0.114553	-0.446296	-0.027940	True	0.443822	0.385328	0.699306	27.059568	0.999533	7746
7747.png	0.646867	0.893130	0.943548	0.933511	0.953804	0.998670	28.124171	0.998732	28.500925	1.000000	0.741278	0.438690	30.251965	0.547458	2736	5	3	9	14	1.983740	0.600000	246	244	393.161472	2.898102	0.041700	0.021335	-0.527033	-0.000221	-0.000049	0.377243	1234.724998	0.652279	5	3	2	9	14	1.983740	0.600000	5	0	246	244	223	1.611318	2.898102	393.161472	0.041700	45722	16.711257	23.953216	256x256	65536	sparse	Learned	366	5	29	2702	30.925048	0.618911	28.668185	0.998781	0.622757	0.357250	20	13	0.000000	34	2508	31.153571	0.658579	0.998612	28.114433	0.242054	0.610365	3062	31.170205	0.644471	0.999080	29.981577	0.277989	0.621746	-0.167260	0.384027	-0.673083	-0.071452	True	0.758286	0.332653	0.625532	28.651204	0.998891	7747
7748.png	0.701870	0.900215	0.947487	0.934298	0.961054	0.999580	27.510408	0.999619	27.687807	1.000000	0.457735	0.585351	30.573136	0.538942	1768	5	0	0	10	1.913793	0.000000	116	111	178.651804	2.448976	0.036729	-0.000130	0.582177	-0.000007	0.000056	0.266064	767.301798	0.746667	5	0	5	0	10	1.913793	0.000000	5	0	116	111	106	1.609476	2.448976	178.651804	0.036729	45657	25.824095	37.067873	256x256	65536	sparse	Learned	236	5	21	1756	30.595643	0.569711	26.863402	0.999562	0.733936	0.310990	8	0	0.700000	29	1652	30.946616	0.614559	0.999472	26.353929	0.401503	0.675076	5111	31.939879	0.723837	0.999818	31.025898	0.256899	0.717435	0.824404	0.146744	-0.022507	-0.030769	True	0.470594	0.275463	0.702000	26.928231	0.999587	7748
7749.png	0.728373	0.898972	0.946798	0.946497	0.947100	0.999069	27.590183	0.999231	28.093940	1.000000	0.667129	0.631109	31.420511	0.600349	2410	5	7	15	14	2.020513	1.400000	195	197	320.149278	2.642358	0.054799	-0.010062	-0.588745	-0.000217	-0.000036	0.264062	1086.927891	0.757688	5	7	-2	15	14	2.020513	1.400000	5	0	195	197	166	1.625123	2.642358	320.149278	0.054799	44896	18.629046	27.193361	256x256	65536	sparse	Learned	315	5	30	2374	31.754023	0.644998	28.130859	0.999267	0.735938	0.473878	9	4	0.000000	38	2150	32.002980	0.677883	0.999153	27.743944	0.343963	0.719013	3930	32.301936	0.707428	0.999587	31.226416	0.391444	0.734094	-0.036919	0.193251	-0.333512	-0.044648	True	0.677612	0.427647	0.738434	28.178927	0.999286	7749
7750.png	0.798154	0.919898	0.958278	0.957011	0.959549	0.998909	26.961546	0.999160	27.668193	1.000000	0.570013	0.938314	30.553005	0.553047	2241	5	4	8	12	1.987805	0.800000	164	163	245.622366	3.182887	0.026375	0.028091	-0.587671	-0.000272	-0.000026	0.240678	1049.628973	0.810644	5	4	1	8	12	1.987805	0.800000	5	0	164	163	144	1.506886	3.182887	245.622366	0.026375	45562	20.331102	29.244087	256x256	65536	sparse	Learned	284	5	25	2111	30.945543	0.600643	27.565990	0.999186	0.759322	0.686514	5	8	0.000000	32	2110	31.159127	0.645490	0.999041	27.132344	0.579650	0.773066	4253	31.660649	0.698170	0.999586	30.777075	0.483149	0.740762	0.102203	-0.116501	-0.392538	-0.047596	True	0.586873	0.550671	0.770063	27.549218	0.999181	7750
7752.png	0.755917	0.891729	0.942766	0.929467	0.956452	0.999254	26.845745	0.999290	27.418072	1.000000	0.609372	0.952321	30.059303	0.520498	2077	4	1	3	9	1.956522	0.250000	138	135	213.894444	2.937163	0.050090	0.042108	-0.313606	-0.000115	0.000028	0.258690	1099.781513	0.799851	4	1	3	3	9	1.956522	0.250000	4	0	138	135	126	1.584403	2.937163	213.894444	0.050090	46193	22.240250	31.553202	256x256	65536	sparse	Learned	258	4	23	2076	30.372168	0.571862	27.196806	0.999262	0.741310	0.626187	5	10	0.000000	27	2038	30.608804	0.616260	0.999071	26.427819	0.606235	0.762228	4463	31.266302	0.684166	0.999541	29.912528	0.366609	0.745442	0.221266	-0.016815	-0.312865	-0.051363	True	0.644774	0.614032	0.713809	27.159351	0.999369	7752
7753.png	0.521014	0.902768	0.948900	0.938053	0.960000	0.999051	28.599452	0.999129	29.004467	1.000000	0.472708	0.665922	31.830248	0.610878	1957	6	2	3	11	1.945946	0.333333	148	144	203.610173	2.978652	0.033730	-0.009612	-0.014898	-0.000098	0.000010	0.470175	1056.446075	0.526882	6	2	4	3	11	1.945946	0.333333	6	0	148	144	134	1.413960	2.978652	203.610173	0.033730	44491	22.734287	33.487992	256x256	65536	sparse	Learned	268	6	26	1851	31.978044	0.638053	28.712261	0.999119	0.529825	0.329680	7	3	0.000000	41	1922	32.322134	0.676024	0.999072	28.836162	0.279277	0.511364	4806	33.035128	0.748307	0.999610	32.595894	0.197481	0.517870	0.292207	0.143028	-0.147796	-0.027175	True	0.500093	0.333023	0.530627	28.614350	0.999149	7753
7754.png	0.747925	0.907270	0.951381	0.931455	0.972178	0.999291	27.301018	0.999326	27.514519	1.000000	0.507372	0.732297	30.668874	0.555580	2077	5	0	0	10	1.932886	0.000000	149	144	202.651804	3.014683	0.016535	0.044424	-0.264767	-0.000109	-0.000020	0.277665	1138.531446	0.777361	5	0	5	0	10	1.932886	0.000000	5	0	149	144	139	1.407304	3.014683	202.651804	0.016535	45564	21.937410	31.553202	256x256	65536	sparse	Learned	269	5	24	2044	30.946456	0.597718	27.553812	0.999346	0.722335	0.377078	9	2	0.000000	31	1982	31.209873	0.638434	0.999243	27.029345	0.498424	0.717510	4200	31.772717	0.696896	0.999678	30.865512	0.396769	0.726231	-0.039293	0.130294	-0.277581	-0.042138	True	0.524791	0.384303	0.703500	27.565785	0.999401	7754
7755.png	0.795775	0.903579	0.949347	0.946875	0.951832	0.999416	26.431245	0.999585	27.061756	1.000000	0.557361	0.973177	30.250560	0.525665	1818	4	0	0	8	1.937500	0.000000	128	124	178.681241	2.664088	0.028258	0.039457	-0.303801	-0.000138	0.000002	0.211732	962.300062	0.832139	4	0	4	0	8	1.937500	0.000000	4	0	128	124	120	1.440978	2.664088	178.681241	0.028258	45904	25.249725	36.048405	256x256	65536	sparse	Learned	248	4	21	1691	30.523621	0.560377	26.790494	0.999583	0.788268	0.550671	4	2	0.000000	27	1790	30.770685	0.608034	0.999519	26.388055	0.478997	0.766904	5070	31.695068	0.713732	0.999832	31.134684	0.311147	0.777675	0.271262	0.006690	-0.273061	-0.034712	True	0.570443	0.555142	0.756318	26.735046	0.999554	7755
7756.png	0.678696	0.910093	0.952930	0.952641	0.953220	0.999006	28.232576	0.999130	28.667412	1.000000	0.691181	0.486093	30.531277	0.538077	2119	4	7	16	11	2.036145	1.750000	166	169	270.279221	3.284262	0.036003	0.022031	0.089724	-0.000031	0.000108	0.357919	1238.524914	0.679278	4	7	-3	16	11	2.036145	1.750000	4	0	166	169	139	1.599285	3.284262	270.279221	0.036003	45763	21.596508	30.927796	256x256	65536	sparse	Learned	286	4	24	2067	30.707546	0.586041	28.118165	0.999022	0.642081	0.306299	14	9	0.000000	29	2062	30.948051	0.628758	0.998842	27.390450	0.249532	0.661036	4391	31.582367	0.697820	0.999415	30.489119	0.208638	0.657192	0.549247	0.384882	-0.176268	-0.047964	True	0.727468	0.353617	0.656665	28.142852	0.999037	7756
7757.png	0.773541	0.930836	0.964179	0.955621	0.972892	0.999104	28.029475	0.999174	28.296828	1.000000	0.731526	0.869292	30.900528	0.568163	2422	4	1	4	10	1.970874	0.250000	206	203	296.450793	2.898115	0.023837	0.002238	0.015573	-0.000107	0.000002	0.223921	1132.548809	0.790872	4	1	3	4	10	1.970874	0.250000	4	0	206	203	192	1.460349	2.898115	296.450793	0.023837	45388	18.739884	27.058629	256x256	65536	sparse	Learned	326	4	27	2249	31.218204	0.615850	28.087692	0.999172	0.776079	0.768922	4	5	0.000000	35	2396	31.474588	0.666744	0.999017	27.526418	0.368716	0.784666	3924	31.775293	0.691216	0.999473	30.151780	0.459899	0.776688	0.209136	-0.037396	-0.317676	-0.047687	True	0.753403	0.654927	0.771303	28.013902	0.999211	7757
7758.png	0.707947	0.930079	0.963773	0.959184	0.968407	0.998900	27.247395	0.999024	27.727738	1.000000	0.501424	0.790037	31.500502	0.602813	2152	5	0	0	10	1.931507	0.000000	146	141	202.965512	3.426705	0.021252	-0.007235	-0.256659	-0.000117	0.000047	0.280350	1131.593943	0.721780	5	0	5	0	10	1.931507	0.000000	5	0	146	141	136	1.439472	3.426705	202.965512	0.021252	44793	20.814591	30.453532	256x256	65536	sparse	Learned	266	5	27	2012	31.777427	0.636214	27.464148	0.998977	0.719650	0.472708	8	7	0.000000	40	2142	32.099343	0.682471	0.998982	28.021721	0.683996	0.740833	4093	32.487425	0.717538	0.999507	31.074086	0.633345	0.726538	0.263591	0.028717	-0.276925	-0.033401	True	0.537912	0.424970	0.715182	27.504054	0.999018	7758
7759.png	0.611520	0.920000	0.958333	0.941176	0.976127	0.998996	28.245845	0.998955	28.398732	1.000000	0.673720	0.457022	30.860695	0.561431	2112	4	6	13	10	2.023810	1.500000	168	170	256.036580	3.160462	0.034605	-0.018584	0.242686	0.000025	0.000081	0.353828	1332.981825	0.625908	4	6	-2	13	10	2.023810	1.500000	4	0	168	170	145	1.506098	3.160462	256.036580	0.034605	45367	21.480587	31.030303	256x256	65536	sparse	Learned	288	4	24	1921	31.091998	0.597752	27.987683	0.998874	0.646172	0.311236	14	5	0.000000	32	1928	31.328420	0.640822	0.998596	27.471193	0.295854	0.596375	4455	31.952404	0.709207	0.999389	31.247470	0.289810	0.622076	0.411050	0.362484	-0.231303	-0.036321	True	0.680181	0.310858	0.630104	28.003158	0.998971	7759
7760.png	0.673469	0.891892	0.942857	0.936399	0.949405	0.999329	27.095917	0.999484	27.728669	1.000000	0.552912	0.671740	31.394544	0.588849	1793	4	1	2	8	1.949580	0.250000	119	116	186.237590	2.678565	0.041989	-0.013017	-0.697977	-0.000182	-0.000022	0.307002	731.800079	0.694315	4	1	3	2	8	1.949580	0.250000	4	0	119	116	109	1.605496	2.678565	186.237590	0.041989	44874	25.027328	36.551032	256x256	65536	sparse	Learned	239	4	25	1775	31.674618	0.617034	27.774783	0.999506	0.692998	0.428791	5	3	0.000000	32	1590	31.824483	0.648733	0.999405	27.128178	0.407853	0.669384	5208	32.838775	0.750321	0.999809	32.350336	0.382762	0.685068	-0.046115	0.124121	-0.280074	-0.028186	True	0.555142	0.372911	0.686486	27.793894	0.999511	7760
7761.png	0.762712	0.901547	0.948225	0.935084	0.961740	0.999054	29.060382	0.999033	29.281126	1.000000	0.624689	1.015910	31.733865	0.603463	1933	4	2	4	9	1.973154	0.500000	149	147	218.580736	3.031646	0.041864	0.034821	0.018569	-0.000034	0.000009	0.256930	1096.318722	0.779494	4	2	2	4	9	1.973154	0.500000	4	0	149	147	136	1.486944	3.031646	218.580736	0.041864	44466	23.003621	33.903777	256x256	65536	sparse	Learned	269	4	27	1916	31.937457	0.636270	29.089976	0.999024	0.743070	0.455289	8	6	0.000000	39	1928	32.258291	0.673867	0.999002	28.962215	0.216643	0.748021	4800	32.943715	0.746699	0.999551	32.450156	0.082222	0.706692	0.191150	0.169400	-0.203592	-0.032808	True	0.650062	0.660404	0.727891	29.041812	0.999088	7761
7762.png	0.658621	0.879693	0.935996	0.938980	0.933032	0.999175	25.772882	0.999474	27.194210	1.000000	0.478997	0.674406	30.809420	0.566908	1895	5	1	2	10	1.933333	0.200000	120	116	194.279221	2.754937	0.040045	-0.006997	-1.207558	-0.000279	-0.000010	0.335962	812.041283	0.680105	5	1	4	2	10	1.933333	0.200000	5	0	120	116	108	1.674821	2.754937	194.279221	0.040045	45308	23.909235	34.583641	256x256	65536	sparse	Learned	240	5	23	1817	31.124769	0.597997	26.992892	0.999485	0.664038	0.415306	6	2	0.000000	31	1760	31.412209	0.639217	0.999421	27.062475	0.419578	0.659218	4677	32.213118	0.723400	0.999763	31.205657	0.373746	0.650000	0.201318	0.063691	-0.315349	-0.031089	True	0.483149	0.325839	0.665618	26.980440	0.999454	7762
7763.png	0.627176	0.904292	0.949741	0.944359	0.955185	0.998910	27.676228	0.999011	27.976548	1.000000	0.760691	0.427511	30.361957	0.544249	2425	4	3	10	10	1.990291	0.750000	206	205	325.806133	2.960487	0.045889	-0.017082	-0.094494	-0.000144	0.000010	0.352394	1008.810759	0.637814	4	3	1	10	10	1.990291	0.750000	4	0	206	205	186	1.589298	2.960487	325.806133	0.045889	45745	18.863918	27.025155	256x256	65536	sparse	Learned	326	4	26	2299	30.817461	0.600910	27.800338	0.999002	0.647606	0.376039	12	5	0.000000	32	2284	31.030553	0.646646	0.998881	27.380338	0.261647	0.649320	3777	31.361198	0.674311	0.999380	29.974492	0.210831	0.636364	0.176210	0.384653	-0.455504	-0.056661	True	0.784544	0.335401	0.644258	27.770722	0.999053	7763
7764.png	0.462041	0.898921	0.946770	0.939969	0.953670	0.998525	28.316036	0.998678	28.631942	1.000000	0.664455	0.411726	30.377731	0.540883	2397	5	3	8	11	1.980392	0.600000	204	202	302.279221	3.315361	0.035717	-0.018879	0.004081	-0.000070	0.000081	0.509029	1292.045832	0.473156	5	3	2	8	11	1.980392	0.600000	5	0	204	202	185	1.496432	3.315361	302.279221	0.035717	45848	19.127242	27.340843	256x256	65536	sparse	Learned	324	5	26	2334	30.743049	0.597284	28.267591	0.998598	0.490971	0.272813	14	1	0.000000	31	2356	31.015326	0.644419	0.998373	27.751880	0.312023	0.439883	3886	31.358868	0.672544	0.998979	30.213721	0.250415	0.484566	0.364351	0.391642	-0.365318	-0.056401	True	0.680181	0.280048	0.480920	28.311955	0.998595	7764
7765.png	0.740017	0.879549	0.935915	0.955744	0.916893	0.999213	25.262222	0.999590	26.719427	1.000000	0.615188	0.708223	30.606725	0.562558	1996	4	2	4	9	1.973856	0.500000	153	151	220.894444	2.549324	0.019640	0.037825	-1.538562	-0.000361	-0.000029	0.304916	756.079197	0.789991	4	2	2	4	9	1.973856	0.500000	4	0	153	151	140	1.462877	2.549324	220.894444	0.019640	45446	22.768537	32.833667	256x256	65536	sparse	Learned	273	4	24	1896	31.068219	0.600602	26.846379	0.999619	0.695084	0.528577	5	0	0.875000	32	1772	31.322565	0.636150	0.999596	27.110319	0.626561	0.707692	4450	31.985895	0.709232	0.999829	30.976279	0.298017	0.698546	-0.126952	0.086611	-0.461495	-0.038044	True	0.605446	0.428791	0.702192	26.800783	0.999575	7765
7766.png	0.676909	0.878671	0.935418	0.959516	0.912500	0.998288	27.025057	0.998766	27.917611	1.000000	0.723349	0.623218	30.597999	0.568072	2397	4	3	7	10	1.989583	0.750000	192	191	297.048773	3.188303	0.036801	0.018836	-0.874725	-0.000388	0.000007	0.344872	1214.800358	0.707602	4	3	1	7	10	1.989583	0.750000	4	0	192	191	175	1.555229	3.188303	297.048773	0.036801	45415	18.946600	27.340843	256x256	65536	sparse	Learned	312	4	27	2258	31.185563	0.619452	27.839164	0.998758	0.655128	0.342180	17	6	0.000000	34	2250	31.422308	0.663839	0.998649	27.584226	0.454174	0.663748	3906	31.785983	0.691920	0.999252	30.597608	0.275302	0.648955	0.078447	0.381170	-0.587564	-0.051380	True	0.753403	0.469534	0.658073	27.899782	0.998675	7766
7767.png	0.773224	0.884565	0.938747	0.914209	0.964639	0.999688	26.550695	0.999737	27.280253	1.000000	0.485726	0.940136	30.132341	0.514822	1636	4	0	0	8	1.925926	0.000000	108	104	152.610173	2.462644	0.028474	0.066856	0.488341	-0.000014	0.000045	0.261988	749.691248	0.766182	4	0	4	0	8	1.925926	0.000000	4	0	108	104	100	1.467406	2.462644	152.610173	0.028474	46077	28.164425	40.058680	256x256	65536	sparse	Learned	228	4	20	1623	30.333392	0.547999	26.238505	0.999691	0.738012	0.294304	7	0	0.625000	24	1634	30.562043	0.591145	0.999645	25.926673	0.462056	0.735154	5577	31.785534	0.730222	0.999878	31.118342	0.322943	0.724654	1.041748	0.191422	-0.201050	-0.033177	True	0.485726	0.456649	0.706368	26.062354	0.999702	7767
7768.png	0.798015	0.929016	0.963202	0.950185	0.976580	0.999020	27.849673	0.999020	28.061944	1.000000	0.721963	0.891418	30.864177	0.570878	2402	4	10	20	12	2.065934	2.500000	182	188	315.333044	3.260095	0.052100	-0.006160	0.012000	-0.000009	0.000053	0.200880	1128.404379	0.802748	4	10	-6	20	12	2.065934	2.500000	4	1	182	188	150	1.677303	3.260095	315.333044	0.052100	45388	18.895920	27.283930	256x256	65536	sparse	Learned	302	4	27	2240	31.216548	0.617320	27.858032	0.998967	0.799120	0.820934	4	15	0.000000	33	2162	31.433414	0.659086	0.998822	27.349879	0.709456	0.796486	3903	31.808277	0.690149	0.999486	30.860471	0.767764	0.791399	0.203912	-0.098971	-0.352371	-0.046442	True	0.745893	0.664902	0.804175	27.837673	0.999029	7768
7769.png	0.471491	0.892491	0.943192	0.927569	0.959350	0.998290	28.581134	0.997911	28.990366	1.000000	0.684942	0.297031	31.336908	0.593164	2183	4	2	4	9	1.977778	0.500000	180	178	265.592929	3.342976	0.033487	0.020233	-0.396027	-0.000201	0.000151	0.547509	1359.505653	0.475524	4	2	2	4	9	1.977778	0.500000	4	0	180	178	167	1.492095	3.342976	265.592929	0.033487	44780	20.513055	30.021072	256x256	65536	sparse	Learned	300	4	28	2163	31.743008	0.633991	28.938613	0.997760	0.452491	0.223246	19	3	0.000000	39	2142	32.012679	0.673921	0.997361	28.848680	0.194095	0.413111	4083	32.419368	0.715233	0.998845	31.676040	0.180384	0.484588	0.051753	0.461696	-0.406100	-0.040827	True	0.645129	0.191623	0.451258	28.977161	0.998491	7769
7770.png	0.586810	0.896552	0.945455	0.929849	0.961593	0.999104	28.373979	0.999103	28.495710	1.000000	0.624689	0.562768	31.220461	0.583714	2016	4	3	6	8	1.986928	0.750000	153	152	225.793939	3.146657	0.035366	0.038363	0.182897	-0.000034	0.000035	0.426625	1103.970289	0.611520	4	3	1	6	8	1.986928	0.750000	4	0	153	152	139	1.485486	3.146657	225.793939	0.035366	44921	22.282242	32.507937	256x256	65536	sparse	Learned	273	4	25	1889	31.489975	0.617230	28.162761	0.999068	0.573375	0.361095	10	6	0.000000	35	1960	31.767962	0.658867	0.998948	27.871719	0.360776	0.567174	4619	32.455711	0.729636	0.999508	31.435000	0.305803	0.599379	0.332949	0.263594	-0.269514	-0.033516	True	0.637598	0.358820	0.548447	28.191082	0.999138	7770
7771.png	0.500000	0.885116	0.939057	0.922440	0.956284	0.999323	28.414182	0.999345	28.574416	1.000000	0.576838	0.399819	30.505632	0.531052	1858	4	0	1	9	1.942857	0.000000	140	136	200.308658	3.036778	0.029942	0.082393	0.760974	0.000096	0.000143	0.573855	1038.695574	0.514815	4	0	4	1	9	1.942857	0.000000	4	0	140	136	130	1.472858	3.036778	200.308658	0.029942	45766	24.631862	35.272336	256x256	65536	sparse	Learned	260	4	22	1753	30.646569	0.566591	27.673127	0.999202	0.426145	0.169489	14	1	0.000000	28	1858	30.888600	0.614705	0.999125	27.260803	0.329680	0.441242	4871	31.702188	0.711390	0.999595	30.853505	0.127531	0.485693	0.901289	0.407349	-0.140937	-0.035539	True	0.617107	0.246731	0.417607	27.653208	0.999226	7771
7772.png	0.685039	0.895908	0.945097	0.946171	0.944024	0.999226	27.692037	0.999293	28.030017	1.000000	0.570443	0.576439	30.451442	0.531258	1838	4	3	6	9	1.984496	0.750000	129	128	189.267027	3.233019	0.028296	0.024375	0.108615	-0.000045	0.000046	0.335650	1065.773249	0.703623	4	3	1	6	9	1.984496	0.750000	4	0	129	128	114	1.478649	3.233019	189.267027	0.028296	45771	24.902612	35.656148	256x256	65536	sparse	Learned	249	4	22	1766	30.632506	0.567975	27.593875	0.999248	0.664350	0.381217	8	3	0.000000	27	1674	30.802293	0.607463	0.999090	26.877261	0.319171	0.647887	4861	31.707533	0.711483	0.999631	31.001334	0.161009	0.664420	0.436141	0.189226	-0.181063	-0.036717	True	0.603469	0.347863	0.660665	27.583422	0.999271	7772
7773.png	0.558845	0.892932	0.943438	0.925308	0.962293	0.999189	28.884961	0.999204	29.025914	1.000000	0.596670	0.427527	31.499488	0.591449	2086	5	4	10	12	1.988095	0.800000	168	167	268.078210	2.569938	0.039721	-0.004933	0.084454	-0.000057	0.000030	0.408964	969.308138	0.581129	5	4	1	10	12	1.988095	0.800000	5	0	168	167	146	1.605259	2.569938	268.078210	0.039721	44787	21.470278	31.417066	256x256	65536	sparse	Learned	288	5	27	2084	31.612280	0.626848	28.816358	0.999174	0.591036	0.370118	9	4	0.000000	38	2058	31.968650	0.667525	0.999042	28.306091	0.293387	0.536466	4435	32.502125	0.726910	0.999503	31.282324	0.203876	0.556558	0.209556	0.226552	-0.112792	-0.035400	True	0.606235	0.259182	0.563777	28.800506	0.999246	7773
7774.png	0.709861	0.874226	0.932893	0.935676	0.930125	0.999069	27.989484	0.999253	28.497983	1.000000	0.624689	0.631449	30.271821	0.526355	2235	5	0	1	11	1.947644	0.000000	191	186	285.149278	2.645002	0.033031	0.014997	0.122771	-0.000119	0.000082	0.291998	930.330515	0.730424	5	0	5	1	11	1.947644	0.000000	5	0	191	186	179	1.533061	2.645002	285.149278	0.033031	45927	20.548993	29.322595	256x256	65536	sparse	Learned	311	5	24	2063	30.546307	0.577487	27.845210	0.999171	0.708002	0.410217	10	5	0.000000	29	2040	30.773509	0.620280	0.999020	27.232806	0.179378	0.665861	4225	31.310732	0.682859	0.999522	30.177998	0.091262	0.666286	0.652773	0.214472	-0.274485	-0.051132	True	0.727468	0.459359	0.694864	27.866713	0.999188	7774
7775.png	0.751837	0.909018	0.952341	0.950751	0.953936	0.999230	27.387386	0.999346	27.864109	1.000000	0.597476	0.812199	31.476117	0.594296	1979	4	5	7	7	2.014286	1.250000	140	141	208.066017	2.964294	0.029066	0.020776	-0.387277	-0.000136	-0.000008	0.265909	1019.297838	0.769547	4	5	-1	7	7	2.014286	1.250000	4	1	140	141	126	1.475646	2.964294	208.066017	0.029066	44850	22.662961	33.115715	256x256	65536	sparse	Learned	260	4	26	1931	31.710747	0.625693	27.767661	0.999354	0.734091	0.589344	4	4	0.000000	36	1826	31.902465	0.659483	0.999246	27.310596	0.605446	0.719726	4783	32.664430	0.739452	0.999702	31.694218	0.571729	0.721673	0.096448	0.008132	-0.234630	-0.031397	True	0.624689	0.507372	0.731061	27.774663	0.999366	7775
7776.png	0.654607	0.862372	0.926101	0.921272	0.930980	0.998372	28.210286	0.998409	28.861396	1.000000	0.747160	0.728397	30.327302	0.532962	2232	4	14	25	10	2.106952	3.500000	187	197	334.605122	3.121808	0.048122	0.019844	-0.108281	-0.000087	0.000184	0.366532	1373.777151	0.670702	4	14	-10	25	10	2.106952	3.500000	4	2	187	197	152	1.698503	3.121808	334.605122	0.048122	45757	20.500448	29.362007	256x256	65536	sparse	Learned	307	4	25	2139	30.704385	0.586999	28.338269	0.998225	0.633468	0.372074	15	5	0.000000	31	2226	30.952715	0.634948	0.997835	27.818973	0.076054	0.606164	4261	31.471002	0.690162	0.998948	30.706313	0.056117	0.566495	0.523127	0.375086	-0.377083	-0.054037	True	0.780192	0.568289	0.634763	28.318568	0.998459	7776
7777.png	0.663255	0.911779	0.953854	0.943396	0.964546	0.998459	28.473916	0.998457	28.702709	1.000000	0.607807	0.930888	30.110731	0.522723	2352	5	1	2	10	1.955556	0.200000	180	176	268.764502	3.465525	0.048380	0.019919	-0.074892	-0.000117	0.000001	0.334453	1281.309605	0.680934	5	1	4	2	10	1.955556	0.200000	5	0	180	176	168	1.527071	3.465525	268.764502	0.048380	46056	19.581633	27.863946	256x256	65536	sparse	Learned	300	5	25	2294	30.486856	0.582844	28.565750	0.998456	0.665547	0.547062	10	15	0.000000	28	2262	30.726621	0.627209	0.998028	27.738938	0.093610	0.696645	3914	31.116569	0.662170	0.998995	30.157305	0.139975	0.652154	0.136959	0.060745	-0.376125	-0.060121	True	0.633589	0.589800	0.643337	28.548808	0.998576	7777
7778.png	0.577793	0.914863	0.955539	0.948392	0.962794	0.999182	28.213698	0.999278	28.552527	1.000000	0.662098	0.384883	30.881176	0.559941	2096	4	3	7	10	1.987879	0.750000	165	164	250.622366	2.759163	0.039025	0.005253	0.212227	-0.000072	0.000030	0.407670	985.425234	0.602135	4	3	1	7	10	1.987879	0.750000	4	0	165	164	148	1.528185	2.759163	250.622366	0.039025	45358	21.640267	31.267176	256x256	65536	sparse	Learned	285	4	24	1885	31.112591	0.596694	28.009280	0.999248	0.592330	0.229912	16	2	0.000000	32	2074	31.388577	0.646751	0.999080	27.742080	0.474462	0.562368	4419	31.974558	0.709219	0.999578	31.068817	0.235772	0.573050	0.543247	0.432187	-0.231414	-0.036753	True	0.670441	0.258041	0.572541	28.001471	0.999254	7778
7779.png	0.477405	0.817488	0.899580	0.889057	0.910355	0.998953	27.681640	0.999056	28.667084	1.000000	0.639405	0.245464	30.227726	0.519169	1853	4	7	12	9	2.039474	1.750000	152	155	235.237590	2.993972	0.045111	-0.010547	-0.306153	-0.000169	0.000137	0.486232	1302.096605	0.521064	4	7	-3	12	9	2.039474	1.750000	4	1	152	155	131	1.517662	2.993972	235.237590	0.045111	45875	24.757151	35.367512	256x256	65536	sparse	Learned	272	4	21	1692	30.434551	0.556042	28.005870	0.998919	0.513768	0.215467	15	3	0.000000	28	1834	30.758555	0.604084	0.998799	27.712529	0.146719	0.464507	5001	31.650484	0.713518	0.999544	31.349435	0.080569	0.503807	0.661214	0.423938	-0.206826	-0.036873	True	0.675348	0.165773	0.487952	27.987793	0.999122	7779
7780.png	0.660280	0.836207	0.910798	0.905132	0.916535	0.999133	26.669616	0.999410	27.702746	1.000000	0.684942	0.443435	30.630963	0.558187	2140	4	5	8	6	2.011628	1.250000	172	173	260.320851	2.506827	0.029636	0.012862	-0.564779	-0.000276	0.000026	0.349561	934.567690	0.689501	4	5	-1	8	6	2.011628	1.250000	4	1	172	173	158	1.504745	2.506827	260.320851	0.029636	45465	21.245327	30.624299	256x256	65536	sparse	Learned	292	4	25	2136	30.993406	0.604776	27.257749	0.999384	0.650439	0.290416	13	0	0.000000	32	2138	31.371493	0.649847	0.999342	27.260733	0.340026	0.623790	4096	31.817612	0.696595	0.999691	30.749400	0.201484	0.661745	0.444997	0.394526	-0.362443	-0.046589	True	0.681776	0.302324	0.647418	27.234394	0.999409	7780
7781.png	0.497221	0.899181	0.946915	0.946659	0.947170	0.997991	28.080032	0.998192	28.625244	1.000000	0.713495	0.279708	30.839657	0.559915	2220	4	9	17	9	2.055866	2.250000	179	184	279.865007	3.526172	0.034063	-0.003287	-0.267797	-0.000164	0.000075	0.498221	1450.064898	0.507630	4	9	-5	17	9	2.055866	2.250000	4	1	179	184	153	1.521005	3.526172	279.865007	0.034063	45362	20.433333	29.520721	256x256	65536	sparse	Learned	299	4	26	2117	31.131726	0.607087	28.319685	0.998117	0.501779	0.210884	19	4	0.000000	33	1980	31.363542	0.642892	0.998129	28.084764	0.294842	0.495897	4088	31.842683	0.695340	0.998911	31.192180	0.169934	0.508354	0.305559	0.502611	-0.292069	-0.047172	True	0.712059	0.199169	0.500508	28.347829	0.998154	7781
7782.png	0.717257	0.899543	0.947115	0.958055	0.936423	0.998699	27.933553	0.998941	28.300443	1.000000	0.642993	0.799999	30.983072	0.570821	2089	4	4	9	9	2.000000	1.000000	154	154	230.308658	3.475004	0.022678	-0.013576	-0.072487	-0.000071	0.000106	0.248588	1296.066761	0.751016	4	4	0	9	9	2.000000	1.000000	4	0	154	154	136	1.495511	3.475004	230.308658	0.022678	45293	21.681666	31.371948	256x256	65536	sparse	Learned	274	4	25	1939	31.257623	0.607028	27.958795	0.998835	0.751412	0.499140	7	5	0.000000	33	2018	31.484236	0.652327	0.998629	27.584557	0.478699	0.747600	4297	32.051071	0.707452	0.999468	31.475821	0.415456	0.722410	0.341648	0.143853	-0.274550	-0.036206	True	0.695779	0.556622	0.730833	28.006041	0.998770	7782
7783.png	0.583333	0.889183	0.941342	0.939496	0.943195	0.998680	27.877792	0.998775	28.367236	1.000000	0.606235	0.441437	30.919684	0.574589	2238	5	5	9	10	2.000000	1.000000	171	171	276.977705	3.295120	0.042381	-0.008453	-0.468300	-0.000251	-0.000076	0.412605	1242.252111	0.595364	5	5	0	9	10	2.000000	1.000000	5	1	171	171	152	1.619753	3.295120	276.977705	0.042381	45221	20.205987	29.283289	256x256	65536	sparse	Learned	291	5	27	2222	31.310537	0.619858	28.408853	0.998850	0.587395	0.311851	16	8	0.000000	35	2218	31.575208	0.664897	0.998784	28.265520	0.310252	0.594849	4241	32.062349	0.707475	0.999226	30.926361	0.184458	0.578871	-0.041617	0.294384	-0.390854	-0.045269	True	0.571158	0.252130	0.591786	28.346092	0.998932	7783
7784.png	0.760117	0.906878	0.951165	0.963777	0.938878	0.999238	26.155931	0.999473	26.933057	1.000000	0.620158	0.643138	29.755295	0.524133	2494	5	0	0	10	1.951456	0.000000	206	201	275.936075	2.824711	0.022023	0.028022	-0.772846	-0.000222	-0.000014	0.266667	796.595812	0.789601	5	0	5	0	10	1.951456	0.000000	5	0	206	201	196	1.372816	2.824711	275.936075	0.022023	46218	18.531676	26.277466	256x256	65536	sparse	Learned	326	5	25	2391	30.370437	0.588640	26.885744	0.999487	0.733333	0.609372	6	4	0.000000	29	2444	30.627242	0.639156	0.999407	26.434873	0.581048	0.726266	3808	30.987803	0.654764	0.999738	30.054106	0.596468	0.718332	0.047312	0.010786	-0.615142	-0.064507	True	0.716346	0.460709	0.732095	26.928777	0.999460	7784
7785.png	0.549976	0.906174	0.950778	0.956388	0.945233	0.998522	27.494230	0.998790	27.940219	1.000000	0.678899	0.399484	30.422935	0.548728	2526	5	6	16	13	2.010050	1.200000	199	200	330.119841	2.962639	0.056756	-0.003587	-0.437915	-0.000216	-0.000026	0.446293	1205.164671	0.569178	5	6	-1	16	13	2.010050	1.200000	5	0	199	200	170	1.650599	2.962639	330.119841	0.056756	45829	18.142914	25.944576	256x256	65536	sparse	Learned	319	5	27	2470	30.807472	0.607831	27.942211	0.998816	0.553707	0.306604	13	0	0.200000	31	2268	30.987841	0.647247	0.998572	27.227208	0.423691	0.560987	3540	31.233085	0.659969	0.999100	29.474226	0.228948	0.564867	-0.001992	0.372295	-0.384537	-0.059103	True	0.702399	0.280597	0.553563	27.932145	0.998738	7785
7786.png	0.612850	0.914654	0.955425	0.938068	0.973436	0.999392	28.103925	0.999430	28.381656	1.000000	0.548870	0.446895	31.271843	0.588797	2037	5	0	1	11	1.932886	0.000000	149	144	230.036580	2.571764	0.024350	0.017809	0.138621	-0.000063	0.000004	0.401917	804.701090	0.623682	5	0	5	1	11	1.932886	0.000000	5	0	149	144	137	1.597476	2.571764	230.036580	0.024350	44875	22.029946	32.172803	256x256	65536	sparse	Learned	269	5	25	1878	31.612548	0.621172	28.005845	0.999426	0.598083	0.280422	11	4	0.000000	36	1984	31.859971	0.666007	0.999299	27.696613	0.349491	0.585044	4604	32.525177	0.732374	0.999683	31.335159	0.234072	0.596821	0.375811	0.268448	-0.340705	-0.032375	True	0.564822	0.252416	0.595041	27.965304	0.999455	7786
7787.png	0.639292	0.901320	0.948099	0.955363	0.940945	0.999153	27.346603	0.999391	27.924424	1.000000	0.683363	0.493767	30.654702	0.558525	2325	4	2	4	9	1.978378	0.500000	185	183	272.320851	2.820403	0.020548	-0.019608	-0.371544	-0.000170	0.000036	0.335952	1034.910440	0.663648	4	2	2	4	9	1.978378	0.500000	4	0	185	183	172	1.488092	2.820403	272.320851	0.020548	45566	19.598280	28.187527	256x256	65536	sparse	Learned	305	4	26	2202	31.032077	0.607680	27.664014	0.999355	0.664048	0.334134	12	1	0.000000	32	2300	31.264957	0.657462	0.999241	27.145646	0.430217	0.644802	3983	31.660374	0.688816	0.999646	30.626506	0.308805	0.662658	0.260410	0.349229	-0.377375	-0.049155	True	0.701803	0.346527	0.658901	27.718146	0.999323	7787
7788.png	0.606880	0.799695	0.888701	0.849515	0.931677	0.999230	28.992166	0.999086	29.561947	1.000000	0.568289	0.570007	30.649320	0.539389	1762	4	3	7	10	1.983740	0.750000	123	122	197.651804	3.038329	0.041736	0.024290	0.389506	-0.000063	0.000165	0.390209	1141.802788	0.617969	4	3	1	7	10	1.983740	0.750000	4	0	123	122	106	1.620097	3.038329	197.651804	0.041736	45522	25.835414	37.194098	256x256	65536	sparse	Learned	243	4	22	1739	30.826435	0.574325	28.597719	0.998922	0.609791	0.521293	6	3	0.000000	28	1644	31.055542	0.609008	0.998735	28.082444	0.086281	0.600276	5335	32.145333	0.736114	0.999435	31.720541	0.031669	0.294005	0.964227	0.046996	-0.177115	-0.034936	True	0.607414	0.346230	0.582589	28.602660	0.999293	7788
7789.png	0.617133	0.880240	0.936306	0.914667	0.958993	0.999485	27.202211	0.999513	27.459610	1.000000	0.611320	0.536747	30.363780	0.534667	1952	4	7	14	10	2.043796	1.750000	137	140	229.279221	2.750852	0.045925	0.009517	0.061762	-0.000040	0.000054	0.391935	921.784639	0.627032	4	7	-3	14	10	2.043796	1.750000	4	1	137	140	113	1.637709	2.750852	229.279221	0.045925	45811	23.468750	33.573770	256x256	65536	sparse	Learned	257	4	22	1811	30.639026	0.573020	27.058855	0.999458	0.608065	0.385328	6	0	0.250000	28	1828	30.900462	0.617285	0.999338	26.443132	0.426502	0.592563	4863	31.764751	0.712055	0.999772	31.274142	0.401004	0.615073	0.400756	0.225992	-0.275246	-0.038354	True	0.603469	0.323910	0.607616	27.140450	0.999525	7789
7790.png	0.627144	0.887865	0.940602	0.927025	0.954583	0.999342	26.722508	0.999445	27.186585	1.000000	0.646545	0.481688	30.832277	0.565780	2049	4	1	4	10	1.963415	0.250000	164	161	235.651804	2.718556	0.027094	0.009433	-0.328358	-0.000085	0.000029	0.371612	798.465967	0.652757	4	1	3	4	10	1.963415	0.250000	4	0	164	161	150	1.463676	2.718556	235.651804	0.027094	45369	22.142020	31.984383	256x256	65536	sparse	Learned	284	4	24	1927	31.095016	0.600561	27.015279	0.999415	0.628388	0.357572	8	1	0.000000	32	1900	31.395561	0.641252	0.999425	27.157777	0.438500	0.633733	4402	31.983053	0.704869	0.999740	31.034799	0.331911	0.638149	0.171306	0.288974	-0.262739	-0.034781	True	0.670441	0.322943	0.617711	27.050866	0.999427	7790
7791.png	0.586526	0.897333	0.945889	0.949671	0.942137	0.998279	28.679138	0.998396	28.903444	1.000000	0.721963	0.315200	30.251082	0.526362	2248	4	7	13	8	2.033149	1.750000	181	184	293.421356	3.624446	0.042033	-0.011134	0.267783	0.000020	0.000148	0.401357	1246.024609	0.595906	4	7	-3	13	8	2.033149	1.750000	4	1	181	184	160	1.594681	3.624446	293.421356	0.042033	45899	20.417705	29.153025	256x256	65536	sparse	Learned	301	4	24	2068	30.551024	0.576859	28.364160	0.998248	0.598643	0.231048	22	7	0.000000	30	2168	30.813454	0.625659	0.998004	27.764173	0.114377	0.558150	4226	31.307603	0.682660	0.998926	30.358562	0.046764	0.583703	0.539285	0.490914	-0.299941	-0.050498	True	0.759492	0.239391	0.597660	28.411356	0.998259	7791
7792.png	0.719792	0.894888	0.944529	0.920741	0.969579	0.999291	27.642770	0.999322	28.104923	1.000000	0.639405	0.499166	30.562635	0.544918	2084	4	1	2	8	1.962500	0.250000	160	157	229.894444	2.798529	0.030425	0.037337	-0.112277	-0.000081	0.000037	0.299409	952.359438	0.735465	4	1	3	2	8	1.962500	0.250000	4	0	160	157	150	1.464296	2.798529	229.894444	0.030425	45662	21.910749	31.447217	256x256	65536	sparse	Learned	280	4	24	2002	30.839484	0.589183	27.743278	0.999285	0.700591	0.424970	9	4	0.000000	31	1956	31.098312	0.631081	0.999228	27.448175	0.440102	0.684278	4269	31.675593	0.695367	0.999623	30.888955	0.223998	0.711576	0.361645	0.214435	-0.276849	-0.044265	True	0.681776	0.340320	0.682455	27.755047	0.999372	7792
7793.png	0.688047	0.915157	0.955699	0.949555	0.961924	0.999459	26.738254	0.999580	27.257122	1.000000	0.466342	0.562014	30.836863	0.561825	1835	5	0	0	10	1.918033	0.000000	122	117	181.409163	2.748609	0.032386	0.030358	-0.287294	-0.000097	0.000021	0.338235	804.557085	0.712329	5	0	5	0	10	1.918033	0.000000	5	0	122	117	112	1.550506	2.748609	181.409163	0.032386	45314	24.694278	35.714441	256x256	65536	sparse	Learned	242	5	23	1806	31.138628	0.595287	27.051025	0.999560	0.661765	0.318090	7	0	0.800000	30	1618	31.343244	0.627180	0.999501	26.921844	0.393469	0.650350	5071	32.249816	0.731118	0.999809	31.301064	0.245589	0.665206	0.206097	0.148252	-0.301766	-0.033462	True	0.487267	0.273851	0.657689	27.025547	0.999556	7793
7794.png	0.535561	0.927801	0.962548	0.943460	0.982425	0.999339	27.753685	0.999343	27.863027	1.000000	0.576838	0.372644	31.530868	0.599318	1841	4	2	4	8	1.970149	0.500000	134	132	193.509668	2.996901	0.025786	-0.027957	0.162876	-0.000044	0.000007	0.427658	1032.916307	0.536341	4	2	2	4	8	1.970149	0.500000	4	0	134	132	122	1.465982	2.996901	193.509668	0.025786	44745	24.304726	35.598045	256x256	65536	sparse	Learned	254	4	24	1729	31.715929	0.623578	27.605634	0.999336	0.572342	0.256213	10	1	0.000000	35	1672	32.010463	0.657819	0.999296	27.878437	0.241187	0.554750	5104	32.927517	0.749096	0.999682	32.267305	0.279877	0.576584	0.257393	0.320625	-0.185061	-0.024260	True	0.585217	0.218078	0.563518	27.590809	0.999383	7794
7795.png	0.473552	0.844080	0.915448	0.885609	0.947368	0.999581	27.674378	0.999638	28.146696	1.000000	0.480558	0.665462	30.323207	0.517884	1506	4	2	4	9	1.959184	0.500000	98	96	147.639610	2.824710	0.037960	-0.018492	0.464314	-0.000027	0.000076	0.496454	919.249296	0.484223	4	2	2	4	9	1.959184	0.500000	4	0	98	96	85	1.537913	2.824710	147.639610	0.037960	45867	30.456175	43.516600	256x256	65536	sparse	Learned	218	4	18	1475	30.396481	0.540622	27.204434	0.999561	0.503546	0.254226	6	1	0.250000	24	1414	30.664931	0.582155	0.999499	26.579536	0.259182	0.485207								0.942261	0.226331	-0.073274	-0.022738	True	0.464739	0.309266	0.492044	27.210064	0.999608	7795
7796.png	0.788684	0.919178	0.957887	0.959943	0.955840	0.999220	27.469290	0.999327	27.861811	1.000000	0.604656	0.809359	31.244030	0.587681	2283	5	1	3	11	1.954023	0.200000	174	170	269.835570	2.631995	0.041197	0.017367	-0.091108	-0.000081	0.000032	0.210595	1028.655052	0.825662	5	1	4	3	11	1.954023	0.200000	5	0	174	170	160	1.587268	2.631995	269.835570	0.041197	45180	19.789750	28.706088	256x256	65536	sparse	Learned	294	5	27	2111	31.476803	0.625888	27.543129	0.999295	0.789405	0.543119	6	0	0.900000	35	2050	31.708113	0.664327	0.999221	27.378416	0.604656	0.782752	4084	32.195878	0.707053	0.999668	31.286473	0.433960	0.779306	0.318682	0.061537	-0.232773	-0.038207	True	0.607807	0.491933	0.771318	27.560399	0.999301	7796
7797.png	0.681186	0.816417	0.898931	0.895450	0.902439	0.999307	27.462450	0.999441	27.907261	1.000000	0.520974	0.739228	31.150760	0.578994	1936	5	0	0	10	1.933333	0.000000	150	145	212.551299	2.379088	0.022767	0.024604	-0.567713	-0.000191	-0.000025	0.270408	857.691526	0.746884	5	0	5	0	10	1.933333	0.000000	5	0	150	145	140	1.465871	2.379088	212.551299	0.022767	45007	23.247417	33.851240	256x256	65536	sparse	Learned	270	5	24	1809	31.486166	0.613631	27.933711	0.999466	0.729592	0.415793	8	2	0.000000	34	1932	31.693567	0.656330	0.999389	27.629249	0.272640	0.719208	4694	32.427340	0.729519	0.999764	31.757864	0.199331	0.701480	-0.026450	0.105181	-0.335406	-0.034637	True	0.541594	0.400362	0.656582	28.030163	0.999498	7797
7798.png	0.723336	0.850431	0.919171	0.936207	0.902743	0.999087	26.941037	0.999465	28.071494	1.000000	0.593430	0.509151	30.802475	0.557577	1932	4	1	2	8	1.958904	0.250000	146	143	206.237590	2.750157	0.024142	-0.000474	-0.987339	-0.000305	0.000002	0.273543	1010.863543	0.766779	4	1	3	2	8	1.958904	0.250000	4	0	146	143	136	1.442221	2.750157	206.237590	0.024142	45324	23.459627	33.921325	256x256	65536	sparse	Learned	266	4	24	1873	31.122075	0.596161	27.893633	0.999463	0.726457	0.477954	6	5	0.000000	32	1890	31.357739	0.639646	0.999385	27.458203	0.368716	0.724771	4776	32.103941	0.721263	0.999756	31.496313	0.291071	0.694109	0.177862	0.115476	-0.319599	-0.038585	True	0.637598	0.324634	0.723810	27.928376	0.999392	7798
7799.png	0.758722	0.873398	0.932421	0.941436	0.923577	0.998567	27.207357	0.998935	27.930700	1.000000	0.721963	0.866896	30.849746	0.570935	2347	4	7	16	9	2.033898	1.750000	177	180	288.906638	3.210497	0.040059	0.015108	-0.724823	-0.000334	-0.000004	0.236232	1154.408455	0.792615	4	7	-3	16	9	2.033898	1.750000	4	1	177	180	152	1.605037	3.210497	288.906638	0.040059	45293	19.298253	27.923306	256x256	65536	sparse	Learned	297	4	27	2311	31.207746	0.619315	27.898939	0.998939	0.763768	0.628423	6	6	0.000000	34	2206	31.478318	0.662544	0.998769	27.382154	0.575627	0.743418	3862	31.828919	0.691236	0.999417	30.618949	0.371416	0.760859	0.031761	0.093539	-0.358000	-0.048380	True	0.757074	0.656305	0.743614	27.932180	0.998902	7799
7800.png	0.695203	0.894608	0.944373	0.944373	0.944373	0.998979	27.927568	0.999106	28.367066	1.000000	0.662098	0.680214	30.491421	0.540527	2095	4	1	5	11	1.963855	0.250000	166	163	247.137085	3.068244	0.027721	0.003992	-0.006995	-0.000064	0.000072	0.317779	1143.342257	0.703478	4	1	3	5	11	1.963855	0.250000	4	0	166	163	150	1.516178	3.068244	247.137085	0.027721	45644	21.787112	31.282100	256x256	65536	sparse	Learned	286	4	24	1968	30.812909	0.585955	27.987620	0.999034	0.682221	0.409430	9	4	0.000000	31	2006	31.033948	0.631144	0.998914	27.391179	0.301326	0.683168	4336	31.640088	0.696889	0.999500	30.921673	0.186709	0.679278	0.379446	0.252668	-0.321488	-0.045428	True	0.692721	0.471199	0.691211	27.934563	0.999043	7800
7801.png	0.674459	0.873476	0.932466	0.918803	0.946541	0.999235	27.422883	0.999374	28.014363	1.000000	0.597476	0.618706	29.979513	0.531327	2520	6	0	0	12	1.943662	0.000000	213	207	315.877200	2.616308	0.027057	0.047874	-0.451436	-0.000159	-0.000013	0.372186	955.887318	0.694590	6	0	6	0	12	1.943662	0.000000	6	0	213	207	201	1.525977	2.616308	315.877200	0.027057	46045	18.271825	26.006349	256x256	65536	sparse	Learned	333	6	27	2510	30.642541	0.601088	27.995076	0.999387	0.627814	0.471535	9	3	0.000000	30	2470	30.852010	0.647866	0.999242	27.126593	0.533668	0.625613	3685	31.086236	0.659004	0.999590	29.663038	0.346230	0.635401	0.019287	0.125941	-0.663028	-0.069761	True	0.682729	0.422409	0.626585	27.874319	0.999394	7801
7802.png	0.701637	0.897885	0.946195	0.936948	0.955627	0.999106	28.238117	0.999212	28.572484	1.000000	0.612485	0.530773	30.641174	0.546828	2127	5	9	16	10	2.046512	1.800000	172	176	266.551299	3.089739	0.043569	0.007485	0.214647	-0.000108	0.000044	0.295693	1037.963629	0.719394	5	9	-4	16	10	2.046512	1.800000	5	1	172	176	146	1.514496	3.089739	266.551299	0.043569	45620	21.448049	30.811472	256x256	65536	sparse	Learned	292	5	25	2119	30.866619	0.594917	28.037238	0.999168	0.704307	0.575425	6	8	0.000000	31	1942	31.064676	0.630945	0.999013	27.445179	0.369978	0.682596	4294	31.677811	0.696606	0.999503	30.850235	0.163775	0.693058	0.535246	0.037060	-0.225445	-0.048089	True	0.653544	0.346884	0.694152	28.023470	0.999213	7802
7803.png	0.702882	0.876888	0.934406	0.948529	0.920698	0.999063	26.172382	0.999384	27.196155	1.000000	0.615188	0.664707	30.781644	0.562231	2059	4	4	8	10	2.000000	1.000000	150	150	228.279221	2.761594	0.032445	0.008633	-1.235225	-0.000357	-0.000049	0.287257	1018.762827	0.747880	4	4	0	8	10	2.000000	1.000000	4	0	150	150	132	1.521861	2.761594	228.279221	0.032445	45412	22.055367	31.829043	256x256	65536	sparse	Learned	270	4	25	2051	31.100361	0.605679	27.337129	0.999433	0.712743	0.410554	7	1	0.125000	32	1946	31.337520	0.642490	0.999341	26.751184	0.617107	0.702605	4412	31.974969	0.707927	0.999716	30.752669	0.366186	0.697775	-0.140974	0.204634	-0.318717	-0.043448	True	0.662098	0.440102	0.694250	27.407608	0.999420	7803
7804.png	0.731776	0.901905	0.948423	0.944568	0.952310	0.999138	27.720187	0.999275	28.226181	1.000000	0.662098	0.718921	30.628689	0.550364	2158	4	5	7	7	2.012048	1.250000	166	167	252.279221	2.782515	0.031492	0.029501	-0.183924	-0.000120	0.000026	0.289690	1069.273710	0.762007	4	5	-1	7	7	2.012048	1.250000	4	0	166	167	152	1.510654	2.782515	252.279221	0.031492	45559	21.111677	30.368860	256x256	65536	sparse	Learned	286	4	25	2038	30.988496	0.596657	27.938827	0.999249	0.710310	0.546803	7	7	0.000000	31	2044	31.205365	0.638266	0.999131	27.563614	0.315086	0.707523	4237	31.736183	0.696957	0.999594	31.177851	0.199856	0.701231	0.287354	0.115295	-0.359807	-0.046293	True	0.663784	0.477208	0.702276	27.904111	0.999258	7804
7805.png	0.606351	0.887427	0.940356	0.922960	0.958421	0.998296	28.565804	0.998231	28.784214	1.000000	0.705948	0.657211	31.192339	0.582029	2366	5	9	20	15	2.040201	1.800000	199	203	361.261977	2.969957	0.054135	-0.001444	-0.147062	-0.000081	0.000022	0.407266	1450.644732	0.594132	5	9	-4	20	15	2.040201	1.800000	5	0	199	203	164	1.779616	2.969957	361.261977	0.054135	45099	19.061285	27.699070	256x256	65536	sparse	Learned	319	5	29	2346	31.442330	0.627824	28.656362	0.998209	0.592734	0.588757	7	5	0.000000	37	2316	31.722926	0.674236	0.998090	28.334678	0.311851	0.540723	3744	31.992209	0.692666	0.998865	31.057045	0.203156	0.599714	0.127852	0.117191	-0.249991	-0.045795	True	0.717478	0.471535	0.607795	28.712866	0.998376	7805
7806.png	0.465517	0.857781	0.923447	0.897896	0.950495	0.999327	27.891866	0.999354	28.167542	1.000000	0.557803	0.366345	30.413319	0.534152	1939	5	0	0	10	1.937888	0.000000	161	156	215.953319	2.848907	0.024947	0.012020	-0.024691	-0.000081	0.000029	0.532349	953.961372	0.479421	5	0	5	0	10	1.937888	0.000000	5	0	161	156	151	1.384316	2.848907	215.953319	0.024947	45696	23.566787	33.798865	256x256	65536	sparse	Learned	281	5	23	1921	30.687853	0.578771	27.913401	0.999325	0.467651	0.297071	8	0	0.700000	30	1898	30.978164	0.620539	0.999243	27.608595	0.363646	0.450502	4803	31.758082	0.711777	0.999645	31.135420	0.193459	0.471751	0.254140	0.260732	-0.274534	-0.044619	True	0.578527	0.211941	0.453497	27.916557	0.999408	7806
7807.png	0.534964	0.897523	0.945995	0.934222	0.958067	0.997972	28.688287	0.998109	28.967545	1.000000	0.669781	0.505283	31.296579	0.592821	2372	5	12	21	12	2.076503	2.400000	183	190	324.563492	3.573708	0.055743	-0.028460	-0.010936	-0.000065	0.000102	0.446664	1257.173300	0.532687	5	12	-7	21	12	2.076503	2.400000	5	1	183	190	150	1.708229	3.573708	324.563492	0.055743	44988	18.966273	27.629005	256x256	65536	sparse	Learned	303	5	30	2362	31.699712	0.639592	28.742316	0.998007	0.553336	0.355964	14	4	0.000000	40	2310	31.962797	0.678284	0.997883	28.806968	0.298827	0.500426	3934	32.228469	0.705668	0.998812	31.120730	0.213372	0.523424	0.225228	0.313818	-0.403133	-0.046771	True	0.682729	0.344972	0.563423	28.699223	0.998036	7807
7808.png	0.830101	0.904762	0.950000	0.942520	0.957600	0.999301	26.593664	0.999443	27.136249	1.000000	0.556031	1.012858	30.346585	0.535713	2145	5	4	8	12	1.986577	0.800000	149	148	241.764502	2.761526	0.042053	0.048243	-0.154037	-0.000125	0.000026	0.230496	957.314730	0.838485	5	4	1	8	12	1.986577	0.800000	5	0	149	148	129	1.633544	2.761526	241.764502	0.042053	45863	21.381352	30.552914	256x256	65536	sparse	Learned	269	5	23	2067	30.524553	0.580736	26.759182	0.999417	0.769504	0.556031	5	3	0.000000	29	1952	30.843129	0.624094	0.999318	26.287154	0.534201	0.776184	4394	31.462281	0.690437	0.999710	30.104305	0.425928	0.764413	0.377067	0.000000	-0.177967	-0.045023	True	0.552465	0.559568	0.781857	26.747701	0.999426	7808
7809.png	0.680180	0.876980	0.934459	0.932099	0.936830	0.998929	27.747706	0.998845	28.078423	1.000000	0.695170	0.865804	31.500900	0.613061	2471	5	9	17	10	2.037736	1.800000	212	216	340.563492	2.778435	0.041934	-0.001990	-0.622834	-0.000202	-0.000017	0.296967	1152.616262	0.719980	5	9	-4	17	10	2.037736	1.800000	5	2	212	216	185	1.576683	2.778435	340.563492	0.041934	44752	18.110886	26.522056	256x256	65536	sparse	Learned	332	5	31	2420	32.035319	0.659799	28.279751	0.998862	0.703033	0.645534	7	12	0.000000	43	2420	32.324716	0.701778	0.998834	28.621569	0.460096	0.688230	3671	32.478926	0.708246	0.999327	31.111714	0.623749	0.691667	-0.201328	0.049636	-0.534419	-0.046738	True	0.741278	0.641801	0.682171	28.370541	0.999131	7809
7810.png	0.563101	0.888395	0.940900	0.943953	0.937866	0.998675	28.441375	0.998877	28.771926	1.000000	0.684942	0.420265	31.046871	0.569269	2151	4	2	6	10	1.976744	0.500000	172	170	261.450793	3.059401	0.043993	-0.011567	0.081050	-0.000063	0.000068	0.423569	1232.765436	0.569310	4	2	2	6	10	1.976744	0.500000	4	0	172	170	156	1.537946	3.059401	261.450793	0.043993	45204	21.015342	30.467689	256x256	65536	sparse	Learned	292	4	26	2103	31.248637	0.611376	28.382522	0.998808	0.576431	0.360630	11	3	0.000000	33	2136	31.577825	0.656134	0.998644	27.978195	0.196021	0.550055	4124	32.026414	0.701171	0.999282	31.017684	0.169726	0.555432	0.389404	0.324312	-0.201766	-0.042107	True	0.698806	0.293684	0.574668	28.360326	0.998737	7810
7811.png	0.659740	0.864041	0.927062	0.907877	0.947075	0.998970	28.672241	0.999009	28.825730	1.000000	0.610932	0.889912	31.786888	0.611182	2106	5	6	12	12	2.011765	1.200000	170	171	274.078210	2.674082	0.050335	0.003451	-0.217498	-0.000129	-0.000050	0.324923	1191.054821	0.685769	5	6	-1	12	12	2.011765	1.200000	5	0	170	171	146	1.602797	2.674082	274.078210	0.050335	44528	21.143400	31.118708	256x256	65536	sparse	Learned	290	5	29	2081	32.051772	0.645450	28.874399	0.999059	0.675077	0.380091	11	4	0.000000	40	1980	32.302776	0.679695	0.998965	28.587316	0.534998	0.667078	4524	32.899503	0.740476	0.999515	32.034902	0.275170	0.659407	-0.048669	0.230841	-0.264885	-0.034268	True	0.617107	0.549171	0.656289	28.889739	0.999099	7811
7812.png	0.552316	0.865988	0.928182	0.946247	0.910794	0.999112	27.014711	0.999508	27.858252	1.000000	0.501424	0.368841	30.937820	0.563128	1841	5	1	3	11	1.939850	0.200000	133	129	195.166522	2.623149	0.028288	-0.001123	-0.528935	-0.000264	0.000001	0.406087	839.258194	0.608735	5	1	4	3	11	1.939850	0.200000	5	0	133	129	119	1.512919	2.623149	195.166522	0.028288	45260	24.584465	35.598045	256x256	65536	sparse	Learned	253	5	23	1743	31.173654	0.593817	27.489313	0.999507	0.593913	0.244216	9	0	0.600000	31	1808	31.411839	0.637478	0.999430	27.152536	0.351656	0.572954	5004	32.301244	0.731285	0.999771	31.575129	0.192450	0.626506	0.368939	0.257208	-0.235834	-0.030689	True	0.539757	0.199085	0.553438	27.543645	0.999376	7812
7813.png	0.568976	0.889429	0.941479	0.937860	0.945126	0.998806	28.213832	0.998935	28.621636	1.000000	0.663784	0.513166	30.430609	0.532486	2049	4	4	9	9	2.000000	1.000000	160	160	239.994949	3.276758	0.031260	0.007089	-0.012900	-0.000060	0.000110	0.425937	1282.069921	0.590965	4	4	0	9	9	2.000000	1.000000	4	0	160	160	142	1.499968	3.276758	239.994949	0.031260	45839	22.371401	31.984383	256x256	65536	sparse	Learned	280	4	23	2006	30.586226	0.576913	28.191346	0.998825	0.574063	0.326014	11	3	0.000000	29	1930	30.900245	0.618054	0.998598	27.497559	0.216861	0.580390	4498	31.569163	0.697557	0.999311	30.949901	0.136559	0.602756	0.430290	0.337770	-0.155617	-0.044427	True	0.670441	0.344047	0.561887	28.226733	0.998867	7813
7814.png	0.568277	0.888218	0.940800	0.915888	0.967105	0.999534	27.324032	0.999562	27.518569	1.000000	0.498424	0.543987	31.122141	0.570224	1725	4	0	0	8	1.928571	0.000000	112	108	161.752309	2.868798	0.020139	-0.000828	0.549819	0.000004	0.000093	0.403403	910.142422	0.588477	4	0	4	0	8	1.928571	0.000000	4	0	112	108	104	1.497707	2.868798	161.752309	0.020139	45252	26.233043	37.991884	256x256	65536	sparse	Learned	232	4	22	1632	31.256229	0.592500	26.733712	0.999470	0.596597	0.320683	6	1	0.250000	31	1702	31.502615	0.637565	0.999481	27.001199	0.342953	0.595870	5273	32.485456	0.743297	0.999807	31.840923	0.310990	0.589463	0.784856	0.177741	-0.134088	-0.022276	True	0.503415	0.273851	0.569106	26.774212	0.999530	7814
7815.png	0.714751	0.900164	0.947459	0.953206	0.941781	0.998967	27.222553	0.999129	27.491881	1.000000	0.601481	0.718601	30.693468	0.565426	2316	5	5	11	12	2.000000	1.000000	171	171	259.865007	3.202055	0.028631	0.014751	-0.106266	-0.000113	0.000036	0.268553	1178.883314	0.755729	5	5	0	11	12	2.000000	1.000000	5	0	171	171	148	1.519678	3.202055	259.865007	0.028631	45618	19.696891	28.297064	256x256	65536	sparse	Learned	291	5	26	2229	31.046442	0.612383	27.268357	0.999094	0.731447	0.552166	6	3	0.000000	33	2294	31.333334	0.659254	0.999064	27.316511	0.496270	0.734157	4075	31.760443	0.692567	0.999551	30.399212	0.494648	0.733405	0.223524	0.049315	-0.352975	-0.046957	True	0.645129	0.463590	0.700000	27.328819	0.999079	7815
7816.png	0.680967	0.850858	0.919420	0.864394	0.981928	0.999527	28.030289	0.999447	28.319539	1.000000	0.611320	0.754767	30.224357	0.524192	2018	4	1	3	9	1.960784	0.250000	153	150	223.693434	2.853597	0.025613	0.049462	0.498657	0.000052	0.000095	0.335796	976.186991	0.710799	4	1	3	3	9	1.960784	0.250000	4	0	153	150	141	1.491290	2.853597	223.693434	0.025613	45989	22.789395	32.475719	256x256	65536	sparse	Learned	273	4	23	1957	30.519115	0.571734	27.710720	0.999352	0.664204	0.365904	9	3	0.000000	28	1862	30.708655	0.611937	0.999223	26.889864	0.348768	0.659341	4699	31.501783	0.701631	0.999687	31.076054	0.238940	0.657627	0.608819	0.245416	-0.294758	-0.047542	True	0.630277	0.475712	0.631505	27.531632	0.999476	7816
7817.png	0.714617	0.890756	0.942222	0.958094	0.926868	0.999280	26.222659	0.999563	27.074391	1.000000	0.613259	0.709306	30.529267	0.548301	2099	4	4	8	9	2.000000	1.000000	154	154	224.208153	2.839151	0.028872	0.020474	-0.793986	-0.000217	0.000012	0.284650	926.160812	0.761943	4	4	0	8	9	2.000000	1.000000	4	0	154	154	137	1.455897	2.839151	224.208153	0.028872	45848	21.842782	31.222487	256x256	65536	sparse	Learned	274	4	24	2054	30.799371	0.591804	26.921821	0.999552	0.715350	0.423050	6	0	0.750000	32	2078	31.086943	0.639038	0.999510	26.847894	0.511297	0.696992	4411	31.679099	0.697306	0.999782	30.830722	0.415584	0.704426	0.152570	0.190209	-0.270104	-0.043503	True	0.615188	0.436357	0.694143	27.016645	0.999497	7817
7818.png	0.715730	0.870288	0.930646	0.943867	0.917790	0.998952	27.278721	0.999190	27.957900	1.000000	0.628423	0.875535	30.555889	0.546071	2054	4	4	9	8	2.000000	1.000000	143	143	214.166522	3.213975	0.034083	0.014146	-0.374061	-0.000169	0.000087	0.248728	1114.293575	0.782145	4	4	0	9	8	2.000000	1.000000	4	0	143	143	126	1.497668	3.213975	214.166522	0.034083	45638	22.219085	31.906524	256x256	65536	sparse	Learned	263	4	24	2010	30.833542	0.590263	27.540712	0.999102	0.751272	0.481670	7	5	0.000000	31	1914	31.039755	0.629370	0.998951	26.965380	0.369978	0.742587	4374	31.679900	0.697047	0.999574	30.941295	0.435604	0.722397	0.417188	0.146753	-0.277653	-0.044191	True	0.571729	0.500569	0.701583	27.652783	0.999120	7818
7819.png	0.741228	0.916307	0.956326	0.940655	0.972527	0.999417	27.337343	0.999504	27.840832	1.000000	0.607414	0.585955	30.848193	0.558755	1904	4	2	4	9	1.972603	0.500000	146	144	207.195959	2.696711	0.024696	0.040172	0.013571	-0.000090	0.000016	0.295200	846.393824	0.753686	4	2	2	4	9	1.972603	0.500000	4	0	146	144	133	1.438861	2.696711	207.195959	0.024696	45422	23.856092	34.420168	256x256	65536	sparse	Learned	266	4	24	1885	31.109490	0.596750	27.446020	0.999488	0.704800	0.365904	9	3	0.000000	32	1884	31.347111	0.637752	0.999421	27.111221	0.365552	0.711165	4794	32.117733	0.721752	0.999782	31.401321	0.234710	0.707777	0.394812	0.241510	-0.261297	-0.037995	True	0.626561	0.367136	0.701056	27.323772	0.999507	7819
7820.png	0.744170	0.900748	0.947783	0.943732	0.951868	0.999065	28.544678	0.999152	28.780879	1.000000	0.694254	1.050645	31.630880	0.600682	2210	4	2	8	12	1.977011	0.500000	174	172	281.391919	2.660766	0.044746	-0.016599	0.011619	-0.000042	0.000047	0.224218	1094.023466	0.773074	4	2	2	8	12	1.977011	0.500000	4	0	174	172	154	1.636000	2.660766	281.391919	0.044746	44712	20.231674	29.654299	256x256	65536	sparse	Learned	294	4	28	2202	31.806528	0.639264	28.494910	0.999105	0.775782	0.753403	4	3	0.000000	39	2076	32.115283	0.675107	0.999044	28.226093	0.608068	0.758781	4115	32.505535	0.720301	0.999528	31.206050	0.417252	0.764126	0.285970	-0.059149	-0.175648	-0.038582	True	0.698806	0.734197	0.760769	28.533059	0.999107	7820
7821.png	0.646054	0.818898	0.900433	0.860927	0.943739	0.999222	28.160588	0.999292	28.550454	1.000000	0.495405	0.775638	30.441223	0.530900	1727	5	4	8	11	1.983471	0.800000	121	120	189.195959	2.970506	0.044512	0.023848	0.049327	-0.000060	0.000053	0.329078	1141.925097	0.688343	5	4	1	8	11	1.983471	0.800000	5	0	121	120	102	1.576633	2.970506	189.195959	0.044512	45664	26.441228	37.947887	256x256	65536	sparse	Learned	241	5	21	1718	30.563733	0.564764	28.074191	0.999239	0.670922	0.355964	11	6	0.000000	27	1718	30.925965	0.607249	0.999084	27.421622	0.085366	0.644903	5116	31.905709	0.724538	0.999625	31.329340	0.032143	0.397849	0.476263	0.139442	-0.122510	-0.033864	True	0.499426	0.387374	0.622206	28.111261	0.999283	7821
7822.png	0.634790	0.906773	0.951107	0.926710	0.976824	0.999321	27.620879	0.999361	27.862133	1.000000	0.620917	0.694840	31.654350	0.611600	2049	4	0	1	7	1.949367	0.000000	158	154	213.894444	2.758641	0.009810	0.003292	-0.177827	-0.000056	0.000023	0.364048	990.389347	0.638110	4	0	4	1	7	1.949367	0.000000	4	0	158	154	150	1.388925	2.758641	213.894444	0.009810	44591	21.762323	31.984383	256x256	65536	sparse	Learned	278	4	27	2048	31.902088	0.642912	27.791820	0.999338	0.635952	0.517126	5	5	0.000000	42	2046	32.358149	0.684971	0.999381	28.364078	0.438232	0.655725	4422	32.863538	0.736895	0.999705	31.723287	0.318621	0.647147	0.070313	0.103791	-0.247738	-0.031312	True	0.617107	0.428791	0.631497	27.798707	0.999377	7822
7823.png	0.705696	0.909920	0.952835	0.956056	0.949636	0.998748	28.085921	0.998845	28.460941	1.000000	0.604656	0.841638	30.701854	0.553685	2217	5	2	5	11	1.966102	0.400000	177	174	257.722871	3.380233	0.039251	0.014421	0.330698	0.000005	0.000191	0.300885	1165.976524	0.729469	5	2	3	5	11	1.966102	0.400000	5	0	177	174	161	1.481166	3.380233	257.722871	0.039251	45584	20.561119	29.560668	256x256	65536	sparse	Learned	297	5	25	2057	30.957322	0.598260	27.755102	0.998654	0.699115	0.691695	6	13	0.000000	31	2174	31.173992	0.645226	0.998423	27.349975	0.220888	0.722308	4264	31.719580	0.697866	0.999308	30.955833	0.201995	0.701554	0.705839	-0.087039	-0.255468	-0.044575	True	0.604656	0.508902	0.691275	27.755223	0.998743	7823
7824.png	0.777130	0.917607	0.957034	0.946449	0.967857	0.999589	27.706126	0.999643	28.043053	1.000000	0.525266	0.962403	30.917037	0.559741	1715	4	2	4	9	1.964602	0.500000	113	111	171.438600	2.581684	0.030333	0.069376	0.237827	-0.000021	0.000029	0.280198	803.162098	0.782659	4	2	2	4	9	1.964602	0.500000	4	0	113	111	100	1.544492	2.581684	171.438600	0.030333	45236	26.376676	38.213411	256x256	65536	sparse	Learned	233	4	23	1712	31.191669	0.591747	27.570412	0.999614	0.719802	0.448989	5	0	0.875000	31	1636	31.389190	0.628953	0.999544	27.038960	0.503415	0.714727	5392	32.441544	0.746454	0.999830	31.551079	0.228948	0.721619	0.472641	0.076277	-0.274633	-0.032006	True	0.520495	0.500926	0.707753	27.468299	0.999610	7824
7825.png	0.715953	0.811634	0.896024	0.895112	0.896939	0.999255	27.210371	0.999527	28.051779	1.000000	0.589344	0.656498	30.359879	0.531062	1768	4	5	4	7	2.014599	1.250000	137	138	190.781746	2.513217	0.028426	0.044525	-0.818602	-0.000242	-0.000007	0.321248	862.248182	0.771314	4	5	-1	4	7	2.014599	1.250000	4	0	137	138	126	1.382476	2.513217	190.781746	0.028426	45669	25.830882	37.067873	256x256	65536	sparse	Learned	257	4	22	1761	30.686421	0.571383	27.848844	0.999534	0.678752	0.387374	8	0	0.500000	28	1768	30.934678	0.611336	0.999466	27.160961	0.276487	0.671323	5117	31.902121	0.725101	0.999780	31.164518	0.073881	0.598992	0.202934	0.201971	-0.326542	-0.040321	True	0.591392	0.388248	0.671429	28.028973	0.999497	7825
7826.png	0.695026	0.879946	0.936140	0.932480	0.939828	0.998999	27.172761	0.999340	27.919571	1.000000	0.703290	0.793553	30.343663	0.533258	2144	4	7	16	12	2.034483	1.750000	174	177	279.379726	2.612601	0.038729	-0.031954	-0.406111	-0.000170	0.000012	0.274824	978.987694	0.724801	4	7	-3	16	12	2.034483	1.750000	4	0	174	177	146	1.578417	2.612601	279.379726	0.038729	45839	21.380131	30.567164	256x256	65536	sparse	Learned	294	4	24	2131	30.594833	0.585076	27.557750	0.999329	0.725176	0.431640	8	0	0.500000	29	1928	30.875055	0.619801	0.999249	27.257778	0.591801	0.699937	4290	31.461800	0.689428	0.999623	30.395684	0.273124	0.703076	0.361821	0.271650	-0.251170	-0.051818	True	0.703290	0.558098	0.726980	27.578872	0.999169	7826
7827.png	0.731901	0.884491	0.938706	0.943966	0.933504	0.999277	26.984416	0.999456	27.380665	1.000000	0.557803	0.670861	31.250948	0.592158	2033	5	1	3	11	1.950920	0.200000	163	159	235.936075	2.443568	0.026080	0.036311	-0.400979	-0.000182	-0.000024	0.286850	747.399092	0.766531	5	1	4	3	11	1.950920	0.200000	5	0	163	159	149	1.483875	2.443568	235.936075	0.026080	44902	22.086572	32.236104	256x256	65536	sparse	Learned	283	5	26	1949	31.646956	0.627342	27.365843	0.999481	0.713150	0.420158	8	0	0.700000	35	2028	31.886537	0.671764	0.999426	27.147351	0.375692	0.715194	4589	32.539709	0.731514	0.999763	31.327136	0.411930	0.702605	0.014822	0.137645	-0.396009	-0.035183	True	0.575142	0.385840	0.695590	27.385395	0.999459	7827
7828.png	0.621977	0.900676	0.947743	0.954188	0.941384	0.999055	26.944392	0.999352	27.851260	1.000000	0.578527	0.469416	30.701173	0.556921	2149	5	4	7	9	1.988024	0.800000	167	166	242.409163	2.939086	0.031733	-0.015723	-0.575941	-0.000225	0.000037	0.353398	887.347460	0.647558	5	4	1	7	9	1.988024	0.800000	5	1	167	166	151	1.460296	2.939086	242.409163	0.031733	45552	21.196836	30.496045	256x256	65536	sparse	Learned	287	5	25	2104	30.980137	0.601967	27.485447	0.999314	0.646602	0.313647	11	3	0.000000	30	1916	31.198316	0.635936	0.999223	26.940612	0.396494	0.615134	4215	31.770178	0.697320	0.999660	30.727629	0.202054	0.626875	0.365814	0.264880	-0.278964	-0.045046	True	0.591801	0.277801	0.637700	27.520333	0.999280	7828
7829.png	0.794194	0.943223	0.970782	0.971240	0.970325	0.998228	27.604066	0.998473	28.001426	1.000000	0.706242	1.123508	30.962926	0.585451	2507	4	4	9	9	2.000000	1.000000	192	192	280.936075	3.857377	0.029671	-0.024964	-0.376197	-0.000204	0.000029	0.180138	1360.424519	0.812965	4	4	0	9	9	2.000000	1.000000	4	0	192	192	174	1.463209	3.857377	280.936075	0.029671	45275	18.059434	26.141205	256x256	65536	sparse	Learned	312	4	29	2493	31.374289	0.635113	27.930920	0.998445	0.819862	0.696791	6	13	0.000000	40	2486	31.747066	0.681002	0.998476	28.089658	0.690666	0.814655	3752	31.933560	0.692361	0.999159	30.612222	0.740389	0.798450	0.070505	0.009451	-0.411362	-0.049662	True	0.727468	0.817316	0.819158	27.980264	0.998432	7829
7830.png	0.520833	0.866815	0.928657	0.923870	0.933494	0.999165	27.753593	0.999326	28.245305	1.000000	0.491691	0.468183	31.258474	0.580858	2008	5	0	1	11	1.937500	0.000000	160	155	221.107149	2.725385	0.024918	-0.024960	-0.371855	-0.000169	-0.000001	0.445685	948.210239	0.537984	5	0	5	1	11	1.937500	0.000000	6	0	160	155	148	1.426498	2.725385	221.107149	0.024918	44924	22.372510	32.637450	256x256	65536	sparse	Learned	280	6	25	1882	31.477420	0.613533	28.132009	0.999327	0.554315	0.234072	12	2	0.000000	34	1860	31.760678	0.654148	0.999232	27.717284	0.242535	0.498871	4676	32.477682	0.731332	0.999643	31.428846	0.126143	0.546598	0.113296	0.257620	-0.218946	-0.032674	True	0.591801	0.277071	0.545793	28.125448	0.999334	7830
7831.png	0.681818	0.896054	0.945178	0.938035	0.952430	0.998272	28.353846	0.998383	28.731029	1.000000	0.698806	0.570933	30.495273	0.537184	2156	4	6	14	12	2.023669	1.500000	169	171	275.642131	3.556020	0.046680	0.019971	-0.181908	-0.000106	0.000061	0.338113	1217.337608	0.684918	4	6	-2	14	12	2.023669	1.500000	4	1	169	171	143	1.611942	3.556020	275.642131	0.046680	45698	21.195733	30.397032	256x256	65536	sparse	Learned	289	4	24	2062	30.707929	0.584650	28.588233	0.998322	0.661887	0.540676	10	17	0.000000	31	2150	31.012232	0.634051	0.998062	28.063116	0.080049	0.645586	4380	31.581949	0.697387	0.998981	30.819079	0.055373	0.613748	0.142796	0.158130	-0.212657	-0.047466	True	0.726102	0.414556	0.661847	28.535754	0.998377	7831
7832.png	0.630435	0.863587	0.926801	0.920626	0.933059	0.998517	29.089724	0.998596	29.317292	1.000000	0.535441	0.581683	31.813250	0.610842	2154	6	8	13	11	2.022989	1.333333	174	176	256.137085	3.192304	0.035180	-0.011614	-0.137890	-0.000189	0.000020	0.339286	1209.539652	0.646008	6	8	-2	13	11	2.022989	1.333333	6	1	174	176	150	1.455324	3.192304	256.137085	0.035180	44473	20.646704	30.425255	256x256	65536	sparse	Learned	294	6	29	2108	32.063674	0.646678	29.178358	0.998576	0.660714	0.415456	13	15	0.000000	41	2094	32.332724	0.686108	0.998378	28.787868	0.197999	0.643229	4339	32.825905	0.737309	0.999164	31.742037	0.103639	0.621064	0.138934	0.119985	-0.250424	-0.035836	True	0.587973	0.342014	0.642049	29.227614	0.998706	7832
7834.png	0.638769	0.848485	0.918033	0.908691	0.927569	0.998924	27.955338	0.999108	28.438118	1.000000	0.735523	0.451707	30.683146	0.556067	2322	4	3	7	10	1.989848	0.750000	197	196	301.592929	3.123617	0.035822	0.014663	-0.240942	-0.000155	0.000060	0.373610	1050.642252	0.642781	4	3	1	7	10	1.989848	0.750000	4	0	197	196	180	1.538739	3.123617	301.592929	0.035822	45472	19.583118	28.223945	256x256	65536	sparse	Learned	317	4	26	2168	31.057465	0.605253	28.189801	0.999048	0.626390	0.349491	12	8	0.000000	33	2290	31.335950	0.655946	0.998971	27.907868	0.396159	0.605952	4014	31.712668	0.690662	0.999422	30.617005	0.270211	0.634791	0.248317	0.386032	-0.374319	-0.049186	True	0.744619	0.336350	0.624106	28.196280	0.999079	7834
7835.png	0.615819	0.832886	0.908825	0.888968	0.929588	0.999092	27.627247	0.999316	28.333565	1.000000	0.610932	0.551742	30.903758	0.568546	2219	5	3	7	12	1.978261	0.600000	184	182	276.663997	2.542434	0.029795	0.048104	-0.728341	-0.000296	-0.000021	0.430287	924.618483	0.614433	5	3	2	7	12	1.978261	0.600000	5	0	184	182	165	1.520132	2.542434	276.663997	0.029795	45256	20.394772	29.534024	256x256	65536	sparse	Learned	304	5	27	2207	31.303018	0.615604	28.417400	0.999337	0.569713	0.333690	10	1	0.000000	34	2122	31.566951	0.656913	0.999296	27.821526	0.298508	0.570087	4207	32.039447	0.706119	0.999632	31.198159	0.206128	0.598046	-0.083835	0.277242	-0.399260	-0.047057	True	0.632121	0.348768	0.567715	28.355588	0.999388	7835
7836.png	0.746771	0.899145	0.946895	0.939286	0.954628	0.999135	27.484218	0.999264	27.926040	1.000000	0.668458	0.704608	30.937356	0.583040	2458	5	5	7	12	2.000000	1.000000	211	211	318.320851	2.689822	0.038310	0.038959	-0.425294	-0.000164	-0.000032	0.294997	903.845549	0.750139	5	5	0	7	12	2.000000	1.000000	5	0	211	211	192	1.508630	2.689822	318.320851	0.038310	45168	18.375915	26.662327	256x256	65536	sparse	Learned	331	5	29	2455	31.407557	0.633866	27.948233	0.999297	0.705003	0.522886	8	2	0.000000	38	2378	31.752602	0.676969	0.999279	28.056349	0.644181	0.704188	3748	31.976097	0.693932	0.999589	30.726989	0.421717	0.697591	-0.022194	0.145572	-0.470201	-0.050826	True	0.667129	0.470065	0.707812	27.909513	0.999299	7836
7837.png	0.694181	0.866577	0.928520	0.921203	0.935953	0.999231	26.385237	0.999395	27.053511	1.000000	0.632121	0.800695	30.191689	0.533054	2095	4	4	9	10	2.000000	1.000000	144	144	234.693434	3.044446	0.043833	0.014782	-0.607058	-0.000191	-0.000002	0.314214	979.407787	0.716033	4	4	0	9	10	2.000000	1.000000	4	0	144	144	125	1.629816	3.044446	234.693434	0.043833	45922	21.919809	31.282100	256x256	65536	sparse	Learned	264	4	23	2078	30.501635	0.580419	26.986658	0.999397	0.685786	0.386693	9	4	0.000000	30	2070	30.853191	0.627857	0.999308	26.579837	0.530459	0.680229	4406	31.450065	0.690981	0.999698	30.250306	0.268181	0.672435	0.066853	0.245428	-0.309946	-0.047365	True	0.559568	0.448043	0.679399	26.992294	0.999422	7837
7838.png	0.547603	0.907167	0.951324	0.939887	0.963043	0.998775	27.735856	0.998779	28.161970	1.000000	0.642993	0.405243	30.628620	0.546631	2122	4	3	5	10	1.987654	0.750000	162	161	243.936075	3.069031	0.032900	-0.014897	-0.287126	-0.000059	0.000101	0.429596	1296.854496	0.563624	4	3	1	5	10	1.987654	0.750000	4	0	162	161	147	1.515131	3.069031	243.936075	0.032900	45687	21.530160	30.884072	256x256	65536	sparse	Learned	282	4	25	2107	30.877379	0.594076	28.013209	0.998678	0.570404	0.268244	13	1	0.000000	30	1990	31.076814	0.632237	0.998258	27.051679	0.303718	0.523557	4279	31.673861	0.695546	0.999299	30.751031	0.215616	0.566841	0.148760	0.374749	-0.248759	-0.047445	True	0.663784	0.268994	0.562500	28.022982	0.998834	7838
7839.png	0.594072	0.900194	0.947476	0.937247	0.957931	0.998775	28.359102	0.998840	28.652356	1.000000	0.515191	0.659340	31.562256	0.598735	1935	5	7	12	9	2.031008	1.400000	129	131	208.722871	3.315839	0.033775	-0.014678	0.240203	-0.000015	0.000099	0.386378	1167.731762	0.607441	5	7	-2	12	9	2.031008	1.400000	5	1	129	131	108	1.593304	3.315839	208.722871	0.033775	44749	23.126098	33.868734	256x256	65536	sparse	Learned	249	5	26	1911	31.736312	0.628906	28.195192	0.998741	0.613622	0.342953	12	8	0.000000	36	1834	32.012619	0.665675	0.998606	28.006331	0.290416	0.588848	4751	32.705181	0.740059	0.999356	31.733399	0.252712	0.581728	0.457164	0.172238	-0.174056	-0.030171	True	0.543424	0.358301	0.608750	28.118899	0.998791	7839
7840.png	0.512443	0.837866	0.911781	0.873501	0.953571	0.999531	28.479433	0.999569	28.899265	1.000000	0.559568	0.348829	31.407636	0.584239	1788	4	2	4	8	1.969697	0.500000	132	130	185.338095	2.408647	0.021855	-0.021326	0.665263	0.000018	0.000053	0.456341	824.413776	0.523707	4	2	2	4	8	1.969697	0.500000	4	0	132	130	120	1.425678	2.408647	185.338095	0.021855	44784	25.046980	36.653244	256x256	65536	sparse	Learned	252	4	25	1768	31.691510	0.616063	28.050052	0.999516	0.543659	0.254936	7	0	0.625000	35	1752	31.913343	0.653336	0.999456	27.939391	0.297657	0.506736	5188	32.842893	0.750013	0.999783	32.319031	0.170605	0.542945	0.849213	0.304632	-0.283873	-0.031824	True	0.566126	0.197481	0.533769	27.814171	0.999513	7840
7841.png	0.575472	0.896029	0.945164	0.933083	0.957562	0.999188	27.924475	0.999255	28.205033	1.000000	0.672085	0.354339	31.222394	0.579595	2092	4	3	7	10	1.988506	0.750000	174	173	262.178716	2.637817	0.033404	0.006816	-0.344488	-0.000141	-0.000069	0.422776	944.191694	0.585191	4	3	1	7	10	1.988506	0.750000	4	0	174	173	157	1.515484	2.637817	262.178716	0.033404	45046	21.532505	31.326960	256x256	65536	sparse	Learned	294	4	27	2085	31.528589	0.621350	28.339977	0.999324	0.577224	0.262593	13	2	0.000000	34	1898	31.676610	0.651871	0.999269	28.221876	0.299782	0.507184	4411	32.305768	0.718579	0.999639	31.503580	0.235092	0.585280	-0.134945	0.409492	-0.306196	-0.041755	True	0.672085	0.238146	0.568656	28.268963	0.999330	7841
7842.png	0.707510	0.876820	0.934368	0.947942	0.921176	0.998758	27.902188	0.999134	28.457982	1.000000	0.574007	0.735081	30.289080	0.530384	2279	6	3	7	14	1.968586	0.500000	191	188	294.835570	2.732939	0.033234	-0.022292	-0.268575	-0.000182	0.000028	0.248075	1092.160225	0.752650	6	3	3	7	14	1.968586	0.500000	6	0	191	188	170	1.568274	2.732939	294.835570	0.033234	45864	20.124616	28.756472	256x256	65536	sparse	Learned	311	6	25	2216	30.609512	0.587123	28.161777	0.999105	0.751925	0.366771	13	2	0.000000	30	2258	30.875654	0.634398	0.998909	27.479272	0.090510	0.680717	4134	31.342122	0.681857	0.999462	30.362939	0.060574	0.680735	0.296205	0.207236	-0.320432	-0.056739	True	0.587973	0.432208	0.729802	28.170763	0.998940	7842
7843.png	0.745924	0.929777	0.963611	0.955586	0.971771	0.998960	27.886756	0.999035	28.187446	1.000000	0.593430	0.766720	31.741027	0.612929	2228	5	0	1	9	1.942197	0.000000	173	168	250.450793	2.835313	0.022154	0.021323	-0.268451	-0.000125	-0.000018	0.278761	991.362810	0.757453	5	0	5	1	9	1.942197	0.000000	5	0	173	168	163	1.490779	2.835313	250.450793	0.022154	44494	19.970377	29.414722	256x256	65536	sparse	Learned	293	5	29	2139	32.026621	0.650216	28.191044	0.999054	0.721239	0.555777	7	7	0.000000	42	2220	32.341553	0.692597	0.999015	28.313243	0.538967	0.730650	4170	32.724459	0.728722	0.999494	31.399577	0.362372	0.728247	-0.003598	0.037653	-0.285594	-0.037287	True	0.586873	0.449967	0.724601	28.155207	0.999085	7843
7844.png	0.647705	0.888454	0.940933	0.922764	0.959831	0.999100	28.335074	0.999144	28.636077	1.000000	0.667129	0.761682	30.273157	0.524201	2027	4	3	7	8	1.986577	0.750000	149	148	236.166522	2.899105	0.044181	-0.023066	0.554744	0.000051	0.000162	0.306555	1231.035471	0.672657	4	3	1	7	8	1.986577	0.750000	4	0	149	148	134	1.595720	2.899105	236.166522	0.044181	45957	22.672422	32.331524	256x256	65536	sparse	Learned	269	4	23	1940	30.530564	0.569443	27.816007	0.998982	0.693445	0.489994	9	6	0.000000	28	1892	30.744078	0.610518	0.998728	27.061003	0.197481	0.684408	4666	31.495421	0.700510	0.999490	31.027210	0.127940	0.677819	0.820069	0.177135	-0.257407	-0.045242	True	0.692721	0.527633	0.670771	27.780330	0.999049	7844
7845.png	0.567444	0.891382	0.942572	0.936763	0.948454	0.998422	28.391707	0.998689	28.792019	1.000000	0.563951	0.446080	31.554598	0.608112	2287	6	2	6	14	1.956284	0.333333	183	179	276.480231	3.263526	0.035298	-0.001779	-0.208601	-0.000243	0.000048	0.406627	1201.982021	0.596923	6	2	4	6	14	1.956284	0.333333	6	0	183	179	163	1.544582	3.263526	276.480231	0.035298	44652	19.524268	28.655881	256x256	65536	sparse	Learned	303	6	29	2228	31.938567	0.649029	28.629039	0.998641	0.593373	0.282871	16	0	0.166667	41	2160	32.250510	0.686634	0.998628	28.809782	0.332767	0.573713	3975	32.564038	0.720434	0.999207	31.328002	0.211685	0.586207	0.162980	0.281079	-0.383969	-0.040918	True	0.593430	0.264717	0.569223	28.600308	0.998664	7845
7846.png	0.532975	0.832719	0.908725	0.892575	0.925471	0.999281	28.231146	0.999384	28.761577	1.000000	0.662098	0.361664	30.193433	0.516703	2029	4	3	7	10	1.988024	0.750000	167	166	251.208153	2.534094	0.031759	-0.023507	0.132555	-0.000081	0.000047	0.436662	937.359333	0.553191	4	3	1	7	10	1.988024	0.750000	4	0	167	166	150	1.513302	2.534094	251.208153	0.031759	45971	22.656974	32.299655	256x256	65536	sparse	Learned	287	4	23	1963	30.452944	0.566657	28.192647	0.999338	0.563338	0.252982	12	0	0.000000	27	1930	30.696756	0.606117	0.999150	27.226150	0.409430	0.480153	4704	31.467363	0.700529	0.999609	30.769357	0.147856	0.542160	0.568930	0.409116	-0.259512	-0.049954	True	0.688077	0.248853	0.556482	28.098591	0.999362	7846
7847.png	0.678992	0.885038	0.939013	0.957914	0.920844	0.999297	26.638266	0.999562	27.170283	1.000000	0.543424	0.732111	30.384986	0.536395	2002	5	0	0	10	1.934641	0.000000	153	148	223.722871	2.381479	0.028814	0.002756	-0.344973	-0.000224	-0.000002	0.277824	809.173346	0.733807	5	0	5	0	10	1.934641	0.000000	5	0	153	148	143	1.511641	2.381479	223.722871	0.028814	45828	22.891109	32.735265	256x256	65536	sparse	Learned	273	5	23	1978	30.632025	0.580648	26.871365	0.999565	0.722176	0.541594	5	1	0.500000	28	1854	30.894805	0.618101	0.999463	26.493239	0.395200	0.695029	4485	31.584191	0.697557	0.999791	30.734552	0.321094	0.713450	0.298918	0.001830	-0.247039	-0.044253	True	0.563078	0.412235	0.676236	26.983239	0.999521	7847
7848.png	0.580299	0.914863	0.955539	0.951000	0.960121	0.998615	27.360544	0.998755	27.957634	1.000000	0.752167	0.326754	30.221829	0.542787	2589	4	3	7	10	1.990783	0.750000	217	216	326.948268	3.051605	0.033725	0.011915	-0.556947	-0.000243	-0.000019	0.447990	1275.814772	0.576656	4	3	1	7	10	1.990783	0.750000	4	0	217	216	200	1.513649	3.051605	326.948268	0.033725	45876	17.719583	25.313248	256x256	65536	sparse	Learned	337	4	27	2550	30.715921	0.606555	27.930673	0.998774	0.552010	0.318548	17	8	0.000000	32	2510	31.014570	0.654816	0.998596	27.492987	0.364820	0.544733	3622	31.214140	0.659159	0.999166	29.779449	0.292285	0.552505	0.026961	0.433619	-0.494092	-0.063768	True	0.782379	0.255646	0.568384	27.917491	0.998858	7848
7849.png	0.620879	0.868421	0.929577	0.942857	0.916667	0.999219	27.101915	0.999472	27.739020	1.000000	0.362372	0.716072	31.318935	0.584897	1739	6	0	0	12	1.887850	0.000000	107	101	155.095454	2.861142	0.036748	0.012488	-0.227380	-0.000197	0.000010	0.374327	908.915043	0.661260	6	0	6	0	12	1.887850	0.000000	6	0	107	101	95	1.535599	2.861142	155.095454	0.036748	44905	25.822312	37.686026	256x256	65536	sparse	Learned	227	6	23	1663	31.527962	0.609259	27.310772	0.999462	0.625673	0.208638	10	0	0.666667	33	1608	31.788631	0.645610	0.999414	27.500374	0.288230	0.603261	5439	32.897852	0.755386	0.999819	32.892314	0.268551	0.632671	0.428248	0.153734	-0.209027	-0.024362	True	0.385328	0.275923	0.608392	27.329296	0.999417	7849
7850.png	0.737449	0.919556	0.958092	0.960174	0.956020	0.998763	27.893687	0.998991	28.373638	1.000000	0.481077	0.752047	31.140456	0.577609	1882	5	1	3	11	1.934959	0.200000	123	119	185.267027	3.579701	0.042350	-0.008113	-0.111055	-0.000123	0.000097	0.245695	1181.887150	0.763285	5	1	4	3	11	1.934959	0.200000	5	0	123	119	109	1.556866	3.579701	185.267027	0.042350	45139	23.984591	34.822529	256x256	65536	sparse	Learned	243	5	24	1845	31.387948	0.610137	27.930247	0.998894	0.754305	0.522886	6	7	0.000000	33	1876	31.610518	0.649931	0.998760	27.569928	0.386147	0.741268	4864	32.407077	0.732259	0.999495	31.416789	0.311236	0.732804	0.443392	-0.041809	-0.247493	-0.032528	True	0.517126	0.388903	0.745562	28.004742	0.998886	7850
7851.png	0.707483	0.883759	0.938293	0.928943	0.947834	0.999252	27.278439	0.999423	28.007158	1.000000	0.683363	0.631613	31.256726	0.581691	2095	4	3	6	10	1.988950	0.750000	181	180	262.551299	2.319346	0.028122	0.001273	-0.852902	-0.000245	-0.000075	0.294488	785.120487	0.728511	4	3	1	6	10	1.988950	0.750000	4	0	181	180	165	1.458618	2.319346	262.551299	0.028122	45036	21.496897	31.282100	256x256	65536	sparse	Learned	301	4	27	2083	31.540026	0.622075	28.142373	0.999498	0.705512	0.402499	8	0	0.500000	35	1948	31.712508	0.656291	0.999442	27.791029	0.462056	0.709960	4479	32.326438	0.720343	0.999749	31.492195	0.275923	0.708821	-0.135214	0.280864	-0.283300	-0.040384	True	0.694254	0.438500	0.706210	28.131341	0.999497	7851
7853.png	0.728618	0.882072	0.937341	0.913366	0.962609	0.999439	27.892428	0.999511	28.291301	1.000000	0.470947	0.735899	30.282619	0.524975	2062	5	2	4	10	1.959184	0.400000	147	144	215.137085	2.550215	0.024278	0.002044	0.308588	-0.000047	0.000072	0.251325	870.615482	0.747981	5	2	3	4	10	1.959184	0.400000	6	0	147	144	133	1.494008	2.550215	215.137085	0.024278	45963	22.290495	31.782735	256x256	65536	sparse	Learned	269	6	23	1970	30.525069	0.571516	27.555536	0.999438	0.748675	0.405479	8	0	0.833333	27	2030	30.744271	0.616861	0.999311	26.839666	0.402499	0.702970	4422	31.386613	0.691117	0.999701	30.659173	0.187143	0.722305	0.735765	0.065468	-0.242450	-0.046541	True	0.493383	0.363080	0.726575	27.583841	0.999486	7853
7854.png	0.769880	0.914793	0.955501	0.947885	0.963240	0.998967	27.284553	0.999049	27.643203	1.000000	0.541594	0.905623	30.665815	0.554680	2198	5	4	7	10	1.986486	0.800000	148	147	221.480231	3.584128	0.035356	0.016966	-0.068237	-0.000075	0.000043	0.236047	1331.280470	0.782321	5	4	1	7	10	1.986486	0.800000	5	0	148	147	131	1.506668	3.584128	221.480231	0.035356	45767	20.822111	29.816197	256x256	65536	sparse	Learned	268	5	25	2113	30.938546	0.599333	27.390734	0.999006	0.763953	0.535441	6	6	0.000000	31	2100	31.107674	0.641037	0.998865	26.709573	0.510458	0.763354	4209	31.651102	0.691355	0.999527	30.453309	0.391038	0.765182	0.252469	0.006153	-0.272731	-0.044653	True	0.541594	0.490480	0.752914	27.352791	0.999041	7854
7855.png	0.647196	0.900458	0.947622	0.938021	0.957421	0.999133	27.405484	0.999271	27.861170	1.000000	0.680181	0.443729	30.083611	0.527606	2510	5	2	7	13	1.969388	0.400000	196	193	330.433550	2.583519	0.042220	-0.025054	-0.149233	-0.000158	-0.000008	0.330209	958.214998	0.657375	5	2	3	7	13	1.969388	0.400000	5	0	196	193	176	1.712091	2.583519	330.433550	0.042220	46118	18.373705	26.109960	256x256	65536	sparse	Learned	316	5	26	2461	30.475416	0.592242	27.650425	0.999279	0.669791	0.453622	9	2	0.000000	28	2334	30.652721	0.632496	0.999081	26.779382	0.463399	0.615725	3794	31.049789	0.660756	0.999509	29.891664	0.349991	0.637222	0.210745	0.226559	-0.391805	-0.064636	True	0.675023	0.299527	0.672250	27.554716	0.999291	7855
7856.png	0.667229	0.915159	0.955700	0.954627	0.956776	0.997335	27.770411	0.997849	28.765506	1.000000	0.772362	0.782188	31.528067	0.611588	2468	4	18	31	9	2.131455	4.500000	213	227	362.433550	3.355021	0.039669	-0.028312	-1.675719	-0.000598	-0.000287	0.300170	1408.738136	0.680679	4	18	-14	31	9	2.131455	4.500000	4	5	213	227	173	1.596624	3.355021	362.433550	0.039669	44447	18.009319	26.554295	256x256	65536	sparse	Learned	333	4	32	2414	32.162657	0.659493	29.476752	0.998135	0.699830	0.506714	12	19	0.000000	42	2202	32.366633	0.692246	0.997947	29.022580	0.140699	0.694132	3780	32.644174	0.718502	0.998790	31.432967	0.092766	0.665446	-0.711246	0.265648	-0.634590	-0.047905	True	0.782379	0.611968	0.695541	29.446130	0.997933	7856
7857.png	0.699639	0.915339	0.955798	0.944575	0.967292	0.998448	28.112085	0.998500	28.549937	1.000000	0.590711	0.880137	30.391582	0.546547	2554	6	0	1	13	1.942029	0.000000	207	201	286.965512	3.547986	0.029602	-0.013827	-0.491290	-0.000205	-0.000043	0.295317	1278.135538	0.699198	6	0	6	1	13	1.942029	0.000000	6	0	207	201	193	1.427689	3.547986	286.965512	0.029602	45719	17.900940	25.660141	256x256	65536	sparse	Learned	327	6	28	2535	30.902320	0.611280	28.625367	0.998543	0.704683	0.644774	8	15	0.000000	31	2360	31.059600	0.649639	0.998156	27.700089	0.241693	0.711415	3687	31.324726	0.666824	0.998922	29.946970	0.202670	0.712363	-0.075430	-0.054063	-0.510738	-0.064733	True	0.606759	0.534031	0.713466	28.603375	0.998654	7857
7858.png	0.627854	0.882397	0.937525	0.920312	0.955393	0.999347	27.957431	0.999418	28.329917	1.000000	0.651808	0.794777	30.339171	0.526746	1944	4	6	14	10	2.027397	1.500000	146	148	244.308658	2.687910	0.038870	-0.003608	0.220206	-0.000049	0.000057	0.364032	997.582197	0.639910	4	6	-2	14	10	2.027397	1.500000	4	1	146	148	122	1.650734	2.687910	244.308658	0.038870	45909	23.615741	33.711934	256x256	65536	sparse	Learned	266	4	23	1943	30.561492	0.572605	27.753489	0.999361	0.635968	0.493383	5	1	0.875000	28	1816	30.790071	0.613821	0.999282	27.117710	0.354531	0.623105	4548	31.493025	0.697522	0.999636	30.424642	0.254936	0.637143	0.576428	0.158425	-0.222321	-0.045859	True	0.576838	0.458457	0.631462	27.737225	0.999396	7858
7859.png	0.646065	0.873260	0.932342	0.929009	0.935700	0.998562	27.931197	0.998804	28.509543	1.000000	0.589344	0.627654	31.036476	0.577626	2394	6	1	4	14	1.949239	0.166667	197	192	302.835570	3.225533	0.047190	0.008446	-0.558791	-0.000243	-0.000026	0.355714	1215.823412	0.660844	6	1	5	4	14	1.949239	0.166667	6	0	197	192	179	1.577269	3.225533	302.835570	0.047190	45187	18.875104	27.375104	256x256	65536	sparse	Learned	317	6	28	2301	31.387449	0.625666	28.516278	0.998830	0.644286	0.391600	13	10	0.000000	37	2358	31.642473	0.671709	0.998619	28.078004	0.332547	0.646726	3856	31.966099	0.695913	0.999237	30.914449	0.296988	0.648866	-0.006735	0.197744	-0.350973	-0.048040	True	0.602807	0.378354	0.637619	28.489988	0.998805	7859
7860.png	0.706077	0.890598	0.942134	0.935368	0.948998	0.998586	28.430849	0.998646	28.648394	1.000000	0.704770	0.728060	31.403314	0.599836	2477	5	7	18	13	2.019802	1.400000	202	204	356.847763	3.277441	0.045289	-0.010874	-0.210568	-0.000186	-0.000061	0.270073	1336.694002	0.726443	5	7	-2	18	13	2.019802	1.400000	5	1	202	204	171	1.749254	3.277441	356.847763	0.045289	44896	18.125151	26.457812	256x256	65536	sparse	Learned	322	5	30	2432	31.733809	0.646940	28.634057	0.998707	0.729927	0.474462	12	11	0.000000	41	2362	32.053182	0.686965	0.998698	28.669947	0.492461	0.704481	3563	32.179382	0.697319	0.999260	31.244904	0.311773	0.706952	0.014337	0.230308	-0.330496	-0.047104	True	0.742311	0.540447	0.716951	28.641417	0.998771	7860
7861.png	0.543601	0.865411	0.927850	0.926119	0.929588	0.999039	28.301771	0.999273	28.893426	1.000000	0.688077	0.402361	31.463773	0.593709	2094	4	1	3	9	1.965714	0.250000	175	172	263.551299	2.568600	0.035522	-0.020709	-0.339887	-0.000198	-0.000028	0.406571	938.127995	0.586157	4	1	3	3	9	1.965714	0.250000	4	0	175	172	163	1.532275	2.568600	263.551299	0.035522	44726	21.359121	31.297039	256x256	65536	sparse	Learned	295	4	27	2037	31.717799	0.631152	28.739077	0.999301	0.593429	0.320229	10	1	0.000000	39	2084	32.113603	0.673309	0.999292	28.939281	0.207450	0.551821	4358	32.533446	0.726571	0.999574	31.391040	0.203297	0.565817	0.154349	0.367848	-0.254026	-0.037443	True	0.716346	0.288230	0.564310	28.641658	0.999236	7861
7862.png	0.509728	0.851623	0.919866	0.940273	0.900327	0.999206	27.960956	0.999404	28.360591	1.000000	0.570443	0.381685	30.824625	0.551026	1775	4	2	5	10	1.969231	0.500000	130	128	192.267027	2.929210	0.028597	-0.023040	-0.032012	-0.000154	0.000022	0.420881	821.812391	0.559042	4	2	2	5	10	1.969231	0.500000	4	0	130	128	115	1.502086	2.929210	192.267027	0.028597	45370	25.560563	36.921690	256x256	65536	sparse	Learned	250	4	22	1689	30.978091	0.581988	27.861694	0.999382	0.579119	0.290007	8	1	0.000000	29	1608	31.209851	0.618167	0.999237	27.120398	0.358535	0.518822	5226	32.225212	0.735565	0.999714	31.761785	0.199367	0.564205	0.498897	0.280436	-0.153466	-0.030962	True	0.613259	0.234072	0.532768	27.992968	0.999360	7862
7863.png	0.648684	0.869565	0.930233	0.903491	0.958606	0.999358	27.942002	0.999244	28.133046	1.000000	0.586873	0.689116	30.312252	0.528930	2119	5	4	7	10	1.988571	0.800000	175	174	255.622366	2.949043	0.026468	0.018758	0.176803	-0.000023	0.000039	0.371613	1070.234537	0.652840	5	4	1	7	10	1.988571	0.800000	5	1	175	174	158	1.469094	2.949043	255.622366	0.026468	45890	21.656442	30.927796	256x256	65536	sparse	Learned	295	5	24	2090	30.584387	0.580401	27.785104	0.999205	0.628387	0.355964	9	3	0.000000	29	1988	30.837594	0.620472	0.999113	27.292865	0.322943	0.622037	4251	31.383218	0.681521	0.999500	30.658382	0.320035	0.642308	0.347943	0.230909	-0.272135	-0.051471	True	0.620158	0.427361	0.629927	27.765199	0.999382	7863
7864.png	0.616794	0.882824	0.937766	0.929362	0.946323	0.998552	28.918987	0.998641	29.195211	1.000000	0.707122	0.481600	31.251412	0.581914	2389	4	7	19	13	2.030612	1.750000	196	199	342.877200	2.736634	0.053817	-0.018046	-0.025138	-0.000108	0.000030	0.357900	1220.300198	0.623357	4	7	-3	19	13	2.030612	1.750000	5	0	196	199	164	1.723001	2.736634	342.877200	0.053817	44974	18.825450	27.432398	256x256	65536	sparse	Learned	318	5	28	2311	31.467486	0.627449	28.974722	0.998610	0.642100	0.343829	15	3	0.000000	38	2288	31.766016	0.670807	0.998451	28.597036	0.189661	0.607532	3931	32.143077	0.703417	0.999105	31.181862	0.145602	0.617063	0.220489	0.363294	-0.216074	-0.045536	True	0.785619	0.378354	0.634840	28.944125	0.998660	7864
7865.png	0.656250	0.930368	0.963928	0.964572	0.963284	0.998926	27.556200	0.999039	27.985574	1.000000	0.639405	0.674486	30.960473	0.570497	2082	4	0	0	8	1.950920	0.000000	163	159	227.752309	3.188169	0.024825	-0.020872	-0.403322	-0.000155	-0.000029	0.323077	1118.094206	0.672368	4	0	4	0	8	1.950920	0.000000	4	0	163	159	155	1.432404	3.188169	227.752309	0.024825	45314	21.764649	31.477426	256x256	65536	sparse	Learned	283	4	25	1959	31.269865	0.608709	27.986648	0.999068	0.676923	0.513248	7	6	0.000000	33	2042	31.484320	0.652799	0.998915	27.451923	0.325196	0.636872	4323	32.060511	0.709627	0.999486	31.016566	0.326095	0.655046	-0.001074	0.126157	-0.309392	-0.038212	True	0.658702	0.444285	0.677122	27.959523	0.999081	7865
7866.png	0.728423	0.900575	0.947687	0.956654	0.938886	0.998732	27.674211	0.998990	28.047604	1.000000	0.541594	0.746382	30.242035	0.531070	2271	5	0	1	13	1.943182	0.000000	176	171	273.937626	2.997388	0.039591	0.037873	0.048579	-0.000038	0.000138	0.269850	1119.092703	0.778110	5	0	5	1	13	1.943182	0.000000	6	0	176	171	162	1.601974	2.997388	273.937626	0.039591	45963	20.239102	28.857772	256x256	65536	sparse	Learned	296	6	25	2249	30.571688	0.588929	27.604104	0.998851	0.730150	0.375566	11	3	0.000000	30	2264	30.840289	0.635602	0.998560	26.887724	0.179904	0.706695	4127	31.297598	0.676491	0.999372	30.087478	0.164730	0.702960	0.443500	0.166028	-0.329652	-0.057859	True	0.562495	0.419836	0.690550	27.625632	0.998771	7866
7867.png	0.795125	0.917431	0.956938	0.946746	0.967352	0.998809	27.569332	0.998927	27.954322	1.000000	0.703290	0.712393	31.141266	0.583292	2353	4	9	18	9	2.057471	2.250000	174	179	282.835570	3.059646	0.041168	0.023981	-0.308091	-0.000143	0.000024	0.228540	1213.083267	0.809717	4	9	-5	18	9	2.057471	2.250000	4	1	174	179	147	1.580087	3.059646	282.835570	0.041168	45195	19.207395	27.852104	256x256	65536	sparse	Learned	294	4	27	2202	31.432834	0.626176	27.854196	0.998903	0.771460	0.569521	7	8	0.000000	37	2284	31.701885	0.671486	0.998863	27.829215	0.424203	0.775219	3914	32.023256	0.697619	0.999444	30.898433	0.401810	0.763934	0.100126	0.133769	-0.291568	-0.042884	True	0.635052	0.452407	0.771144	27.877423	0.998952	7867
7868.png	0.823001	0.917181	0.956801	0.955046	0.958564	0.999311	26.647789	0.999534	27.486103	1.000000	0.591392	0.651294	31.264877	0.585203	1979	4	0	0	8	1.942857	0.000000	140	136	203.994949	2.682342	0.033076	0.007540	-0.431552	-0.000210	0.000005	0.188742	915.304422	0.854927	4	0	4	0	8	1.942857	0.000000	4	0	140	136	132	1.499963	2.682342	203.994949	0.033076	45115	22.796867	33.115715	256x256	65536	sparse	Learned	260	4	25	1929	31.452929	0.617748	27.117590	0.999529	0.811258	0.613259	4	0	1.000000	35	1842	31.706299	0.654945	0.999492	26.897653	0.503415	0.807249	4685	32.448983	0.729337	0.999801	31.216014	0.635781	0.795041	0.368513	-0.021867	-0.188052	-0.032544	True	0.593430	0.386498	0.815461	27.079342	0.999521	7868
7869.png	0.776471	0.890843	0.942271	0.918699	0.967084	0.999217	27.461462	0.999278	27.812467	1.000000	0.503415	0.871676	30.457137	0.551103	2390	7	1	3	13	1.931429	0.142857	175	169	269.078210	2.696535	0.041470	0.036583	-0.096508	-0.000092	0.000017	0.243781	1134.415388	0.794887	7	1	6	3	13	1.931429	0.142857	7	0	175	169	159	1.592179	2.696535	269.078210	0.041470	45825	19.173640	27.420921	256x256	65536	sparse	Learned	295	7	26	2380	30.849793	0.606602	27.625040	0.999262	0.756219	0.434475	10	9	0.000000	32	2388	31.074014	0.655739	0.999061	26.779666	0.381217	0.754464	3904	31.459947	0.677420	0.999585	30.218467	0.347319	0.743902	0.187427	0.068940	-0.392657	-0.055499	True	0.496270	0.432586	0.739888	27.557970	0.999309	7869
7870.png	0.565703	0.879092	0.935656	0.933333	0.937990	0.998975	27.654682	0.999206	28.409834	1.000000	0.617107	0.429232	31.166819	0.582782	1934	4	4	9	11	2.000000	1.000000	135	135	219.651804	3.258633	0.035951	-0.054591	-0.264229	-0.000159	0.000105	0.375239	1047.751904	0.581734	4	4	0	9	11	2.000000	1.000000	4	0	135	135	115	1.627050	3.258633	219.651804	0.035951	44983	23.259049	33.886246	256x256	65536	sparse	Learned	255	4	25	1872	31.451920	0.615507	27.907339	0.999101	0.624761	0.427361	8	5	0.000000	32	1684	31.620670	0.645657	0.998911	27.363496	0.487560	0.586970	4661	32.445954	0.729382	0.999599	31.805872	0.345763	0.617261	0.502495	0.189746	-0.285101	-0.032725	True	0.665460	0.285637	0.620294	27.918911	0.999134	7870
7871.png	0.553683	0.871763	0.931489	0.915210	0.948357	0.999155	28.165193	0.999182	28.362174	1.000000	0.732865	0.389503	31.432705	0.599574	2125	4	8	16	14	2.045455	2.000000	176	180	304.107648	2.706751	0.042731	0.013467	-0.143688	-0.000109	-0.000009	0.447867	975.987434	0.568785	4	8	-4	16	14	2.045455	2.000000	4	0	176	180	146	1.689487	2.706751	304.107648	0.042731	44814	21.088941	30.840471	256x256	65536	sparse	Learned	296	4	27	1997	31.798268	0.634992	28.230635	0.999191	0.552133	0.319171	9	1	0.000000	39	2048	32.023343	0.673461	0.999167	28.333700	0.238798	0.524629	4394	32.628057	0.731443	0.999574	31.443146	0.233561	0.561456	0.131539	0.413693	-0.365563	-0.035418	True	0.750925	0.292488	0.540216	28.308880	0.999265	7871
7872.png	0.750000	0.886499	0.939835	0.945411	0.934324	0.999271	28.051095	0.999426	28.392706	1.000000	0.558098	0.716893	31.427743	0.593933	2253	5	3	6	10	1.977901	0.600000	181	179	271.622366	2.256331	0.032170	0.004058	-0.099925	-0.000135	0.000012	0.225830	784.966946	0.799076	5	3	2	6	10	1.977901	0.600000	6	1	181	179	165	1.517443	2.256331	271.622366	0.032170	44865	19.913449	29.088327	256x256	65536	sparse	Learned	303	6	28	2187	31.734260	0.635491	28.109929	0.999414	0.774170	0.445673	8	1	0.833333	38	2238	32.006367	0.679427	0.999324	27.700042	0.426247	0.766543	4217	32.389369	0.718522	0.999697	31.100476	0.290894	0.765864	0.282777	0.112425	-0.306518	-0.041558	True	0.583832	0.418545	0.745942	28.151020	0.999405	7872
7873.png	0.615134	0.885273	0.939145	0.932305	0.946087	0.999244	26.766836	0.999423	27.382650	1.000000	0.595458	0.373403	30.247068	0.531346	1917	4	3	7	10	1.984733	0.750000	131	130	209.823376	2.788415	0.037163	0.019754	-0.155311	-0.000112	0.000047	0.407380	934.877396	0.614516	4	3	1	7	10	1.984733	0.750000	4	0	131	130	114	1.614026	2.788415	209.823376	0.037163	45854	23.919666	34.186750	256x256	65536	sparse	Learned	251	4	22	1800	30.594006	0.570839	26.899512	0.999376	0.592620	0.245378	13	1	0.000000	27	1730	30.792144	0.612150	0.999272	26.626357	0.413354	0.567506	4984	31.707074	0.713347	0.999721	30.960477	0.339660	0.592703	0.483138	0.350080	-0.346937	-0.039493	True	0.630277	0.235347	0.595380	26.922147	0.999356	7873
7874.png	0.624179	0.903622	0.949371	0.951635	0.947119	0.998643	27.678739	0.998753	28.179736	1.000000	0.583138	0.622459	30.493237	0.537519	1955	4	2	4	8	1.969925	0.500000	133	131	191.338095	3.456351	0.032247	0.007144	0.142787	0.000039	0.000242	0.362588	1284.297466	0.652145	4	2	2	4	8	1.969925	0.500000	4	0	133	131	121	1.460596	3.456351	191.338095	0.032247	45790	23.421995	33.522251	256x256	65536	sparse	Learned	253	4	22	1819	30.648019	0.573585	27.555039	0.998511	0.637412	0.412865	8	2	0.000000	29	1906	30.926455	0.623734	0.998274	26.984139	0.318869	0.596671	4841	31.744662	0.711852	0.999140	30.895531	0.295312	0.625080	0.624697	0.170273	-0.154782	-0.036065	True	0.632121	0.393469	0.617035	27.535952	0.998604	7874
7875.png	0.779961	0.919441	0.958030	0.963040	0.953071	0.999001	26.765818	0.999270	27.448887	1.000000	0.651808	0.775699	30.772522	0.566670	2197	4	2	4	9	1.975309	0.500000	162	160	240.066017	2.966179	0.031604	0.007426	-0.514723	-0.000271	-0.000012	0.225806	959.949970	0.815312	4	2	2	4	9	1.975309	0.500000	4	0	162	160	149	1.500413	2.966179	240.066017	0.031604	45510	20.714611	29.829768	256x256	65536	sparse	Learned	282	4	25	2050	31.091774	0.606789	27.251644	0.999282	0.774194	0.609372	5	3	0.000000	33	2182	31.437878	0.659029	0.999236	27.203724	0.698806	0.787221	4091	31.836015	0.693491	0.999677	31.010438	0.565039	0.760346	0.197243	0.042435	-0.319252	-0.040118	True	0.668789	0.518779	0.772535	27.280541	0.999272	7875
7876.png	0.543319	0.859175	0.924254	0.903515	0.945967	0.999189	28.805330	0.998975	29.223598	1.000000	0.694254	0.375958	31.806229	0.610952	2084	4	4	10	10	2.000000	1.000000	180	180	273.642131	2.545524	0.024230	0.008727	-0.154035	-0.000051	-0.000004	0.457963	1014.494658	0.553161	4	4	0	10	10	2.000000	1.000000	4	1	180	180	160	1.520234	2.545524	273.642131	0.024230	44410	21.309981	31.447217	256x256	65536	sparse	Learned	300	4	28	2005	32.094672	0.646537	29.101569	0.998978	0.542037	0.291780	12	4	0.000000	42	2046	32.400946	0.682358	0.998826	29.139305	0.240970	0.528417	4486	32.937182	0.742227	0.999427	32.092456	0.189768	0.541176	0.122029	0.402474	-0.288443	-0.035585	True	0.624689	0.234857	0.534591	28.959365	0.999240	7876
7877.png	0.682943	0.909567	0.952642	0.942295	0.963220	0.998959	27.875601	0.999094	28.413445	1.000000	0.639405	0.689340	30.926072	0.570347	2066	4	3	8	8	1.987179	0.750000	156	155	226.237590	3.120898	0.036272	0.033295	-0.042850	-0.000061	0.000114	0.348053	1227.957964	0.694149	4	3	1	8	8	1.987179	0.750000	4	0	156	155	140	1.459597	3.120898	226.237590	0.036272	45275	21.914327	31.721200	256x256	65536	sparse	Learned	276	4	25	1913	31.296512	0.607367	27.927286	0.998980	0.651947	0.574007	6	11	0.000000	33	1850	31.466690	0.645462	0.998844	27.360420	0.333690	0.634302	4227	32.042604	0.705568	0.999467	31.071958	0.256956	0.635777	0.486159	0.065398	-0.370439	-0.037021	True	0.630277	0.434475	0.649648	27.918451	0.999021	7877
7878.png	0.687347	0.887924	0.940635	0.940635	0.940635	0.999315	26.568945	0.999558	27.237343	1.000000	0.571729	0.655496	30.180805	0.525502	2114	5	5	10	11	2.000000	1.000000	153	153	240.551299	2.564643	0.046985	0.015853	-0.495493	-0.000198	0.000005	0.306564	883.377552	0.713930	5	5	0	10	11	2.000000	1.000000	5	0	153	153	132	1.572231	2.564643	240.551299	0.046985	46028	21.772942	31.000946	256x256	65536	sparse	Learned	273	5	23	2005	30.486468	0.572905	27.051816	0.999553	0.693436	0.453015	6	0	0.900000	28	1984	30.706953	0.616016	0.999478	26.473493	0.460259	0.691176	4486	31.370381	0.690181	0.999768	30.590185	0.355964	0.699923	0.185527	0.118715	-0.305663	-0.047403	True	0.576838	0.378115	0.671494	27.064438	0.999513	7878
7879.png	0.880895	0.928443	0.962894	0.958411	0.967419	0.999032	26.834875	0.999143	27.207443	1.000000	0.537912	1.057434	30.085763	0.528420	2163	5	3	5	9	1.970149	0.600000	134	132	213.551299	3.567576	0.052365	0.071269	-0.165233	-0.000087	0.000021	0.177480	1121.972561	0.896845	5	3	2	5	9	1.970149	0.600000	5	0	134	132	120	1.617813	3.567576	213.551299	0.052365	46082	21.304669	30.298659	256x256	65536	sparse	Learned	254	5	23	2069	30.444950	0.576423	27.017891	0.999122	0.822520	0.518091	6	5	0.000000	29	2150	30.702631	0.628415	0.998966	26.462933	0.454315	0.829614	4272	31.238034	0.677892	0.999587	30.257268	0.535828	0.816901	0.189552	0.019821	-0.359187	-0.048002	True	0.536060	0.566848	0.809626	27.000107	0.999119	7879
7881.png	0.492252	0.833929	0.909445	0.937751	0.882798	0.999172	27.139936	0.999592	28.219212	1.000000	0.574717	0.348910	30.749346	0.554683	1779	4	0	0	8	1.942029	0.000000	138	134	187.367532	2.568987	0.028451	-0.009056	-0.457323	-0.000286	0.000062	0.447147	867.331505	0.554788	4	0	4	0	8	1.942029	0.000000	4	0	138	134	130	1.398265	2.568987	187.367532	0.028451	45339	25.485666	36.838673	256x256	65536	sparse	Learned	258	4	23	1774	31.049100	0.590189	27.382815	0.999530	0.552853	0.208638	10	0	0.250000	31	1674	31.322487	0.626309	0.999523	27.426975	0.190152	0.526017	5124	32.261170	0.734203	0.999786	31.547433	0.106918	0.547641	0.836397	0.366079	-0.299754	-0.035506	True	0.593430	0.207054	0.501308	27.597259	0.999457	7881
7882.png	0.665411	0.785661	0.879967	0.900847	0.860032	0.999075	26.776656	0.999493	27.821740	1.000000	0.537912	0.598431	30.043131	0.518107	1913	5	2	6	12	1.958042	0.400000	143	140	222.722871	2.631290	0.037906	0.031506	-0.688536	-0.000330	0.000015	0.338367	997.691631	0.742718	5	2	3	6	12	1.958042	0.400000	5	0	143	140	125	1.590878	2.631290	222.722871	0.037906	46036	24.064820	34.258233	256x256	65536	sparse	Learned	263	5	21	1876	30.232888	0.558627	27.422601	0.999478	0.661633	0.270492	13	1	0.000000	26	1852	30.586629	0.608065	0.999320	26.519561	0.271426	0.658964	4816	31.460995	0.703226	0.999756	31.036164	0.225977	0.656102	0.399139	0.267420	-0.189757	-0.040520	True	0.564822	0.338007	0.633905	27.465192	0.999406	7882
7883.png	0.678222	0.888599	0.941014	0.946247	0.935839	0.999390	26.171734	0.999569	26.856467	1.000000	0.446780	0.663458	30.407025	0.540419	1887	5	1	2	10	1.931034	0.200000	116	112	171.994949	2.935956	0.031648	0.006347	-0.384992	-0.000153	0.000003	0.307370	847.348690	0.717949	5	1	4	2	10	1.931034	0.200000	5	0	116	112	104	1.535669	2.935956	171.994949	0.031648	45795	24.268680	34.730260	256x256	65536	sparse	Learned	236	5	21	1808	30.542051	0.571989	26.550450	0.999566	0.692630	0.352273	7	1	0.300000	29	1872	30.956994	0.623103	0.999504	26.359492	0.345140	0.663043	4822	31.789648	0.710477	0.999827	31.278244	0.275060	0.689280	0.306016	0.094507	-0.135026	-0.031569	True	0.470594	0.312220	0.671875	26.556726	0.999543	7883
7884.png	0.585236	0.892751	0.943337	0.932046	0.954905	0.999047	28.345572	0.999117	28.480462	1.000000	0.552912	0.452652	31.612675	0.597570	1793	4	1	3	9	1.951220	0.250000	123	120	191.137085	3.286074	0.031394	-0.024401	0.116252	-0.000069	0.000037	0.361851	1095.062494	0.613740	4	1	3	3	9	1.951220	0.250000	4	0	123	120	111	1.592809	3.286074	191.137085	0.031394	44707	24.934189	36.551032	256x256	65536	sparse	Learned	243	4	24	1695	31.708579	0.620611	28.203239	0.999080	0.638149	0.334134	9	2	0.000000	35	1684	32.019684	0.658715	0.999002	28.039216	0.319549	0.594045	5140	32.945206	0.751084	0.999577	32.366723	0.280653	0.612651	0.277223	0.218778	-0.095904	-0.023041	True	0.572585	0.259182	0.609637	28.229320	0.999116	7884
7885.png	0.552065	0.856282	0.922578	0.903724	0.942235	0.999340	27.965179	0.999363	28.555186	1.000000	0.527633	0.754644	30.935016	0.555080	1748	4	6	7	10	2.034188	1.500000	117	119	183.066017	3.104960	0.041865	-0.006785	0.190947	-0.000096	0.000072	0.436007	1079.411507	0.565755	4	6	-2	7	10	2.034188	1.500000	4	0	117	119	100	1.538370	3.104960	183.066017	0.041865	45294	25.911899	37.491991	256x256	65536	sparse	Learned	237	4	23	1746	31.078162	0.589023	27.693024	0.999291	0.563993	0.414916	5	2	0.000000	30	1572	31.311892	0.618961	0.999157	27.414157	0.364494	0.550086	5122	32.262544	0.733266	0.999680	31.644855	0.244216	0.564103	0.862162	0.112717	-0.143146	-0.033944	True	0.552912	0.417252	0.558849	27.774233	0.999436	7885
7886.png	0.536131	0.887036	0.940137	0.924901	0.955882	0.999275	27.823866	0.999423	28.344046	1.000000	0.590165	0.349060	30.609893	0.549172	2129	5	0	0	10	1.945946	0.000000	185	180	254.036580	2.470029	0.016082	0.019109	-0.102790	-0.000158	-0.000013	0.463707	800.346613	0.565555	5	0	5	0	10	1.945946	0.000000	5	0	185	180	175	1.411314	2.470029	254.036580	0.016082	45575	21.406764	30.782527	256x256	65536	sparse	Learned	305	5	25	2034	30.994379	0.595839	27.965557	0.999436	0.536293	0.246731	12	2	0.000000	31	1960	31.172218	0.633281	0.999282	27.362716	0.329680	0.494350	4197	31.712195	0.695077	0.999661	30.739929	0.168896	0.526639	0.378489	0.343433	-0.384485	-0.046667	True	0.607807	0.212161	0.517021	27.926656	0.999433	7886
7887.png	0.828550	0.903202	0.949139	0.953616	0.944704	0.999362	26.314567	0.999484	27.117547	1.000000	0.650062	0.845058	30.176497	0.530077	2196	4	11	16	6	2.081871	2.750000	171	178	251.693434	2.552463	0.030053	0.012223	-1.017777	-0.000214	-0.000038	0.203497	1007.503748	0.867442	4	11	-7	16	6	2.081871	2.750000	4	5	171	178	149	1.414008	2.552463	251.693434	0.030053	46048	20.969035	29.843352	256x256	65536	sparse	Learned	291	4	24	2142	30.550017	0.582802	27.286502	0.999522	0.796503	0.680181	4	3	0.800000	29	2042	30.792817	0.625029	0.999366	26.350179	0.575142	0.815846	4249	31.342486	0.681773	0.999768	30.515520	0.556622	0.805771	-0.168955	-0.030119	-0.373520	-0.052726	True	0.700308	0.591801	0.816327	27.332344	0.999576	7887
7888.png	0.640271	0.906132	0.950755	0.960674	0.941038	0.999269	26.712215	0.999486	27.339952	1.000000	0.613259	0.574116	30.341186	0.532414	2005	4	1	3	9	1.960000	0.250000	150	147	223.865007	2.826493	0.033317	0.017029	-0.262771	-0.000146	0.000035	0.371901	968.038559	0.658179	4	1	3	3	9	1.960000	0.250000	4	0	150	147	138	1.522891	2.826493	223.865007	0.033317	45886	22.885786	32.686284	256x256	65536	sparse	Learned	270	4	22	1808	30.589475	0.570244	26.996091	0.999451	0.628099	0.306959	9	1	0.000000	28	1916	30.871607	0.617792	0.999434	27.111304	0.333023	0.607946	4588	31.563331	0.699060	0.999750	30.953978	0.234710	0.653184	0.343860	0.306300	-0.248289	-0.037830	True	0.633955	0.363964	0.623242	26.974986	0.999415	7888
7889.png	0.700000	0.894118	0.944099	0.933036	0.955429	0.998767	28.128677	0.998927	28.485367	1.000000	0.714924	0.753697	31.054929	0.580829	2317	4	3	7	10	1.989418	0.750000	189	188	292.663997	3.075054	0.040832	0.012408	-0.167333	-0.000125	0.000028	0.291810	1157.053947	0.728625	4	3	1	7	10	1.989418	0.750000	4	0	189	188	172	1.556723	3.075054	292.663997	0.040832	45128	19.476910	28.284851	256x256	65536	sparse	Learned	309	4	27	2173	31.456848	0.625447	28.287716	0.998898	0.708190	0.570443	8	8	0.000000	37	2280	31.711792	0.671763	0.998771	28.044636	0.455165	0.713790	4111	32.116641	0.705659	0.999359	30.904905	0.316139	0.712633	0.197651	0.144482	-0.401919	-0.044619	True	0.740760	0.558308	0.687592	28.296010	0.998892	7889
7890.png	0.808111	0.926444	0.961818	0.954887	0.968849	0.998942	27.898710	0.998987	28.097145	1.000000	0.619017	0.835887	31.659468	0.608699	2091	4	3	6	8	1.985294	0.750000	136	135	217.308658	3.536966	0.031918	0.006837	-0.254792	-0.000135	-0.000026	0.185400	1164.829493	0.824242	4	3	1	6	8	1.985294	0.750000	4	1	136	135	122	1.609694	3.536966	217.308658	0.031918	44746	21.399330	31.341942	256x256	65536	sparse	Learned	256	4	27	1996	31.854357	0.639099	28.146342	0.999012	0.814600	0.624689	5	5	0.000000	40	2050	32.186316	0.677516	0.999061	28.437702	0.618381	0.801044	4271	32.630329	0.726036	0.999545	31.577565	0.639405	0.794857	-0.049197	-0.005672	-0.194889	-0.030399	True	0.656991	0.549171	0.801275	28.153502	0.999076	7890
7891.png	0.614329	0.876730	0.934317	0.937124	0.931526	0.998474	27.434258	0.998792	28.057242	1.000000	0.725279	0.536666	31.033128	0.594063	2692	5	6	15	13	2.009132	1.200000	219	220	367.261977	3.062616	0.050942	-0.034188	-0.875705	-0.000437	-0.000075	0.350734	1176.933765	0.636126	5	6	-1	15	13	2.009132	1.200000	5	0	219	220	191	1.669373	3.062616	367.261977	0.050942	45190	16.786776	24.344725	256x256	65536	sparse	Learned	339	5	31	2683	31.610278	0.650906	28.301550	0.998868	0.649266	0.479691	12	7	0.000000	40	2624	31.890404	0.693452	0.998739	28.185397	0.365739	0.619462	3459	31.929052	0.686570	0.999131	29.934847	0.372419	0.626629	-0.244307	0.245588	-0.577150	-0.056843	True	0.658133	0.353197	0.648517	28.309963	0.998910	7891
7892.png	0.565811	0.900106	0.947427	0.949805	0.945061	0.998791	27.355340	0.998941	27.963795	1.000000	0.521293	0.370898	30.384262	0.542027	2282	6	6	11	12	2.000000	1.000000	163	163	252.793939	3.450113	0.041107	0.003344	0.023634	-0.000037	0.000091	0.429027	1204.543352	0.579878	6	6	0	11	12	2.000000	1.000000	6	1	163	163	140	1.550883	3.450113	252.793939	0.041107	45915	20.120508	28.718668	256x256	65536	sparse	Learned	283	6	25	2258	30.681157	0.594390	27.369821	0.998850	0.570973	0.229976	15	1	0.250000	30	2030	30.889115	0.628416	0.998570	26.889629	0.237207	0.540768	4044	31.396427	0.674889	0.999348	30.523628	0.301249	0.571278	0.593974	0.291317	-0.296894	-0.052363	True	0.540063	0.200309	0.562467	27.331707	0.998827	7892
7893.png	0.564603	0.886842	0.940028	0.935461	0.944639	0.998913	27.840467	0.999065	28.068909	1.000000	0.571729	0.739600	30.993084	0.566976	2127	5	4	8	11	1.987730	0.800000	163	162	246.279221	2.816343	0.028396	-0.015789	0.207872	0.000002	0.000083	0.395778	1194.926977	0.592240	5	4	1	8	11	1.987730	0.800000	5	0	163	162	144	1.520242	2.816343	246.279221	0.028396	45354	21.322990	30.811472	256x256	65536	sparse	Learned	283	5	25	2022	31.161055	0.606606	27.670574	0.998982	0.604222	0.338157	11	4	0.000000	33	2100	31.453218	0.652062	0.998772	27.403538	0.340320	0.616348	4367	32.003266	0.707126	0.999479	31.256362	0.248403	0.598415	0.398334	0.233572	-0.167971	-0.039630	True	0.595053	0.440102	0.580392	27.632595	0.998911	7893
7894.png	0.579338	0.881175	0.936835	0.953757	0.920502	0.998881	28.131844	0.999218	28.507557	1.000000	0.665460	0.630253	31.741153	0.608441	2057	4	4	6	9	2.000000	1.000000	162	162	257.320851	2.736201	0.045473	0.012037	-0.176248	-0.000202	0.000032	0.388276	992.513657	0.630342	4	4	0	6	9	2.000000	1.000000	4	0	162	162	147	1.588400	2.736201	257.320851	0.045473	44634	21.698590	31.859990	256x256	65536	sparse	Learned	282	4	27	1980	31.909736	0.640160	28.205722	0.999186	0.611724	0.499426	5	4	0.000000	40	2036	32.257948	0.680021	0.999126	28.249649	0.441965	0.601519	4528	32.803123	0.738595	0.999602	31.816161	0.316139	0.610922	0.301836	0.166034	-0.168583	-0.031719	True	0.683363	0.430692	0.567301	28.308091	0.999083	7894
7895.png	0.733289	0.889179	0.941339	0.949861	0.932969	0.999078	27.538609	0.999251	27.885997	1.000000	0.488291	0.587834	31.558217	0.607672	2142	6	3	7	13	1.960265	0.500000	151	148	233.279221	3.057885	0.030249	0.012141	-0.288900	-0.000156	-0.000028	0.284369	1043.496847	0.759159	6	3	3	7	13	1.960265	0.500000	6	0	151	148	131	1.576211	3.057885	233.279221	0.030249	44649	20.844538	30.595705	256x256	65536	sparse	Learned	271	6	27	2044	31.848917	0.642621	27.859523	0.999279	0.715631	0.364494	9	3	0.000000	41	2064	32.208241	0.679473	0.999298	28.140219	0.303485	0.693762	4302	32.705641	0.730992	0.999680	31.732929	0.257534	0.709738	0.026474	0.123798	-0.290700	-0.034949	True	0.573439	0.337087	0.721148	27.827509	0.999234	7895
7896.png	0.770006	0.877538	0.934775	0.949863	0.920160	0.998942	28.163917	0.999250	28.488351	1.000000	0.570013	0.903823	31.072765	0.570379	2044	5	1	3	11	1.947020	0.200000	151	147	231.651804	2.983979	0.041446	0.002981	-0.089231	-0.000129	0.000024	0.228241	910.255194	0.815911	5	1	4	3	11	1.947020	0.200000	5	0	151	147	137	1.575863	2.983979	231.651804	0.041446	45192	22.109589	32.062622	256x256	65536	sparse	Learned	271	5	25	1924	31.311407	0.608405	28.192688	0.999225	0.771759	0.533668	7	6	0.000000	33	2022	31.520943	0.651868	0.999061	27.610405	0.251296	0.742701	4566	32.188465	0.720061	0.999604	31.331398	0.121458	0.762702	0.295663	0.036345	-0.238642	-0.038025	True	0.578527	0.522886	0.767025	28.253148	0.999072	7896
7897.png	0.657895	0.920973	0.958861	0.949843	0.968051	0.998289	27.877519	0.998295	28.143431	1.000000	0.697296	0.608914	30.708230	0.557338	2236	4	5	10	9	2.011696	1.250000	171	172	276.350288	3.543204	0.046130	0.005268	-0.064180	-0.000070	0.000035	0.354807	1318.261385	0.656035	4	5	-1	10	9	2.011696	1.250000	4	1	171	172	152	1.606688	3.543204	276.350288	0.046130	45474	20.337209	29.309481	256x256	65536	sparse	Learned	291	4	26	2155	31.062591	0.605431	28.019427	0.998259	0.645193	0.620917	6	11	0.000000	32	2214	31.279107	0.649862	0.997879	27.433110	0.404289	0.639981	4229	31.795891	0.697921	0.999064	31.008372	0.316790	0.634936	0.124003	0.076379	-0.354362	-0.048093	True	0.726102	0.442134	0.652626	27.941699	0.998359	7897
7898.png	0.690031	0.915700	0.955995	0.947200	0.964955	0.999274	27.520074	0.999371	27.807120	1.000000	0.727468	0.815747	31.659493	0.608099	2281	4	2	6	10	1.979275	0.500000	193	191	294.107648	2.198887	0.042970	-0.005207	-0.604610	-0.000155	-0.000063	0.287912	776.903629	0.713281	4	2	2	6	10	1.979275	0.500000	4	0	193	191	177	1.539831	2.198887	294.107648	0.042970	44706	19.599299	28.731258	256x256	65536	sparse	Learned	313	4	30	2268	31.948982	0.647772	28.167333	0.999434	0.712088	0.468169	7	2	0.000000	40	2278	32.279888	0.690313	0.999405	28.227024	0.598280	0.684962	3919	32.564042	0.716871	0.999675	31.371042	0.378737	0.681449	-0.360214	0.259300	-0.289489	-0.039673	True	0.727468	0.593430	0.695238	28.124685	0.999430	7898
7899.png	0.672920	0.831974	0.908281	0.939227	0.879310	0.999060	27.330976	0.999350	28.145882	1.000000	0.462056	1.023011	30.275363	0.519945	1737	5	2	3	9	1.950413	0.400000	121	118	169.024387	3.132246	0.038619	-0.024356	-0.542074	-0.000152	0.000042	0.254350	1103.504181	0.744925	5	2	3	3	9	1.950413	0.400000	5	0	121	118	109	1.432410	3.132246	169.024387	0.038619	45874	26.409902	37.729419	256x256	65536	sparse	Learned	241	5	21	1706	30.434102	0.556009	27.776838	0.999308	0.745650	0.370293	8	3	0.000000	25	1556	30.653736	0.589744	0.999123	27.035708	0.127475	0.709677	5411	31.801058	0.728322	0.999676	31.147507	0.039746	0.617778	0.369044	0.091763	-0.158739	-0.036064	True	0.470594	0.481423	0.697276	27.873050	0.999212	7899
7900.png	0.566870	0.893082	0.943522	0.936950	0.950186	0.998947	28.017722	0.999114	28.611924	1.000000	0.613259	0.698267	31.334828	0.589190	1987	4	4	6	10	2.000000	1.000000	150	150	213.923882	3.311265	0.027204	-0.006007	-0.413348	-0.000215	0.000004	0.407006	1061.337233	0.602617	4	4	0	6	10	2.000000	1.000000	4	0	150	150	134	1.426159	3.311265	213.923882	0.027204	44802	22.547559	32.982386	256x256	65536	sparse	Learned	270	4	26	1887	31.690568	0.623180	28.407967	0.999110	0.592994	0.303591	11	2	0.000000	34	1820	31.903604	0.658360	0.999045	28.245397	0.376558	0.567807	4433	32.544101	0.727787	0.999520	31.432306	0.272140	0.571614	0.203957	0.309668	-0.355740	-0.033990	True	0.630277	0.440102	0.572877	28.431070	0.999162	7900
7901.png	0.503393	0.883998	0.938428	0.944692	0.932246	0.998662	27.049497	0.998935	27.926377	1.000000	0.622808	0.302299	30.673436	0.554469	2113	4	0	0	8	1.949686	0.000000	159	155	223.308658	3.318740	0.026393	0.008984	-0.857623	-0.000275	0.000017	0.508294	1157.966852	0.520453	4	0	4	0	8	1.949686	0.000000	4	0	159	155	151	1.440701	3.318740	223.308658	0.026393	45469	21.518694	31.015618	256x256	65536	sparse	Learned	279	4	25	2086	31.007733	0.600400	27.893558	0.998918	0.491706	0.185934	14	0	0.000000	32	2010	31.243809	0.638713	0.998719	27.527836	0.307537	0.472455	4199	31.792922	0.696172	0.999362	30.916896	0.187612	0.493191	0.032819	0.436873	-0.334297	-0.045931	True	0.662098	0.200152	0.494408	27.907120	0.998938	7901
7902.png	0.689831	0.912823	0.954425	0.959787	0.949123	0.998909	27.804711	0.999115	28.190980	1.000000	0.547666	0.497152	31.240100	0.591544	2300	6	2	4	13	1.955056	0.333333	178	174	276.906638	2.906803	0.037765	-0.010493	-0.233845	-0.000158	0.000025	0.295207	1035.595655	0.699257	6	2	4	4	13	1.955056	0.333333	6	0	178	174	161	1.591417	2.906803	276.906638	0.037765	45058	19.590435	28.493913	256x256	65536	sparse	Learned	298	6	28	2269	31.548312	0.634404	28.041228	0.999090	0.704793	0.327614	13	4	0.000000	37	2198	31.800262	0.673669	0.998994	27.882230	0.325542	0.687154	4114	32.219198	0.708604	0.999532	31.151646	0.318698	0.700935	0.149752	0.220051	-0.308212	-0.042860	True	0.572585	0.284662	0.700324	28.038557	0.999066	7902
7903.png	0.504047	0.850494	0.919207	0.918507	0.919908	0.999040	28.126364	0.999221	28.568610	1.000000	0.655272	0.440507	31.584934	0.596635	1929	4	9	18	11	2.067114	2.250000	149	154	241.580736	2.931839	0.041154	-0.004661	-0.321462	-0.000178	0.000006	0.475458	1040.697336	0.524590	4	9	-5	18	11	2.067114	2.250000	4	0	149	154	120	1.568706	2.931839	241.580736	0.041154	44666	23.155003	33.974080	256x256	65536	sparse	Learned	269	4	27	1918	31.856652	0.630744	28.386244	0.999215	0.524542	0.320035	7	0	0.625000	35	1720	32.019036	0.659158	0.999071	27.836008	0.214801	0.499632	4750	32.808391	0.741801	0.999603	32.039014	0.168896	0.523121	0.182366	0.335237	-0.271718	-0.034109	True	0.681776	0.300327	0.508708	28.447827	0.999218	7903
7904.png	0.651462	0.886982	0.940107	0.954777	0.925880	0.999021	27.535591	0.999288	28.137624	1.000000	0.629166	0.608091	30.106330	0.524518	2261	5	2	4	11	1.968586	0.400000	191	188	284.764502	2.799409	0.038183	0.003605	-0.414059	-0.000233	0.000019	0.337229	821.239471	0.678766	5	2	3	4	11	1.968586	0.400000	5	0	191	188	176	1.514705	2.799409	284.764502	0.038183	45949	20.322424	28.985405	256x256	65536	sparse	Learned	311	5	24	2082	30.535078	0.578488	27.838310	0.999269	0.662771	0.426247	9	4	0.000000	29	2180	30.774463	0.626560	0.999163	27.336802	0.183994	0.658429	4021	31.205804	0.672093	0.999553	30.051534	0.162282	0.651909	0.299313	0.202919	-0.428749	-0.053970	True	0.629166	0.382590	0.647857	27.949651	0.999253	7904
7905.png	0.770324	0.894111	0.944096	0.932113	0.956390	0.998997	27.412880	0.999204	28.026891	1.000000	0.749676	0.822807	30.635318	0.561692	2490	4	5	12	10	2.010050	1.250000	199	200	325.705627	2.743014	0.034277	0.007083	-0.675700	-0.000271	-0.000017	0.216816	1180.179834	0.796813	4	5	-1	12	10	2.010050	1.250000	4	1	199	200	177	1.628528	2.743014	325.705627	0.034277	45446	18.251406	26.319679	256x256	65536	sparse	Learned	319	4	28	2484	31.147893	0.621871	28.031050	0.999221	0.783184	0.576838	7	3	0.000000	35	2392	31.392968	0.664285	0.999134	27.577074	0.384066	0.737293	3682	31.628709	0.679047	0.999491	29.958616	0.430692	0.774228	-0.004159	0.172838	-0.512575	-0.060179	True	0.754633	0.620917	0.763242	28.088580	0.999269	7905
7906.png	0.833684	0.918861	0.957715	0.956296	0.959138	0.999290	26.806126	0.999403	27.167010	1.000000	0.530459	0.829840	30.787056	0.562807	2076	5	3	6	10	1.972789	0.600000	147	145	215.994949	3.017529	0.026354	0.031711	-0.252653	-0.000101	0.000027	0.172552	1081.206322	0.875986	5	3	2	6	10	1.972789	0.600000	5	1	147	145	131	1.489620	3.017529	215.994949	0.026354	45534	21.933526	31.568401	256x256	65536	sparse	Learned	267	5	24	1951	31.047453	0.599690	26.988773	0.999376	0.827448	0.530459	5	3	0.000000	31	1918	31.262160	0.640916	0.999309	26.536535	0.530459	0.816779	4234	31.842538	0.697467	0.999736	30.823100	0.441699	0.826524	0.178238	0.000000	-0.260397	-0.036883	True	0.552465	0.458457	0.801974	27.058780	0.999390	7906
7907.png	0.608494	0.908912	0.952283	0.946758	0.957873	0.998974	27.633187	0.999113	28.250194	1.000000	0.545247	0.456240	31.193368	0.583122	2048	5	1	4	10	1.946309	0.200000	149	145	221.722871	3.230938	0.034601	-0.002825	-0.182472	-0.000136	0.000076	0.400000	1135.974169	0.610158	5	1	4	4	10	1.946309	0.200000	5	0	149	145	135	1.529123	3.230938	221.722871	0.034601	45010	21.977539	32.000000	256x256	65536	sparse	Learned	269	5	25	1910	31.447856	0.616494	27.843842	0.999037	0.600000	0.290598	12	4	0.000000	35	1956	31.723264	0.658020	0.998952	27.595038	0.398001	0.557895	4670	32.463933	0.728985	0.999584	31.782765	0.217295	0.593865	0.406352	0.254648	-0.254487	-0.033372	True	0.563078	0.256899	0.611318	27.815659	0.999109	7907
7908.png	0.648515	0.881153	0.936822	0.941397	0.932292	0.999212	26.860573	0.999467	27.581857	1.000000	0.643706	0.591334	30.071160	0.524296	2368	5	2	5	11	1.969697	0.400000	198	195	295.835570	2.217774	0.029249	-0.011203	-0.487745	-0.000202	0.000016	0.297503	843.109608	0.696925	5	2	3	5	11	1.969697	0.400000	5	0	198	195	182	1.517105	2.217774	295.835570	0.029249	46205	19.512247	27.675676	256x256	65536	sparse	Learned	318	5	25	2332	30.454347	0.585761	27.312290	0.999451	0.702497	0.540063	6	2	0.000000	29	2190	30.680792	0.626363	0.999353	26.674887	0.541594	0.700422	3621	30.997498	0.651495	0.999673	29.941301	0.430059	0.695114	0.269567	0.103643	-0.383188	-0.061464	True	0.663110	0.392120	0.659718	27.348318	0.999414	7908
7909.png	0.576250	0.873798	0.932649	0.918509	0.947231	0.999058	27.851799	0.999096	28.106859	1.000000	0.712059	0.418407	30.836129	0.560800	2192	4	5	9	7	2.010929	1.250000	183	184	277.036580	2.869635	0.048694	-0.014605	-0.218402	-0.000123	-0.000024	0.397767	1080.068588	0.589363	4	5	-1	9	7	2.010929	1.250000	4	1	183	184	167	1.505634	2.869635	277.036580	0.048694	45408	20.715328	29.897810	256x256	65536	sparse	Learned	303	4	26	2117	31.131796	0.607181	28.060052	0.999120	0.602233	0.337087	9	2	0.000000	33	2154	31.394810	0.650728	0.999064	27.882613	0.288230	0.585697	4065	31.842914	0.695326	0.999508	30.956128	0.241826	0.587993	0.046806	0.374972	-0.295667	-0.046382	True	0.709165	0.296720	0.590855	28.070201	0.999181	7909
7910.png	0.619698	0.932195	0.964908	0.962656	0.967170	0.998510	28.122757	0.998654	28.389979	1.000000	0.663784	0.557730	31.119305	0.584171	2237	4	3	7	9	1.987952	0.750000	166	165	241.338095	3.832162	0.027894	-0.013917	0.001854	-0.000099	0.000033	0.361111	1375.340223	0.629648	4	3	1	7	9	1.987952	0.750000	4	0	166	165	150	1.462655	3.832162	241.338095	0.027894	45150	20.183281	29.296379	256x256	65536	sparse	Learned	286	4	27	2133	31.469577	0.624047	28.120769	0.998621	0.638889	0.436357	9	6	0.000000	36	2222	31.686041	0.669284	0.998476	27.792147	0.402228	0.618953	4159	32.189735	0.708387	0.999279	31.476181	0.293455	0.624938	0.269210	0.227427	-0.350271	-0.039876	True	0.692721	0.386352	0.633614	28.120902	0.998609	7910
7911.png	0.694205	0.868470	0.929605	0.923529	0.935762	0.998783	28.045908	0.999010	28.663017	1.000000	0.543424	0.670332	30.946162	0.563374	1918	5	4	9	11	1.985075	0.800000	134	133	221.237590	3.315401	0.043253	-0.011367	-0.141986	-0.000157	0.000053	0.286717	964.735031	0.714994	5	4	1	9	11	1.985075	0.800000	5	1	134	133	114	1.663441	3.315401	221.237590	0.043253	45270	23.602711	34.168926	256x256	65536	sparse	Learned	254	5	24	1874	31.170202	0.600348	28.268298	0.998957	0.713283	0.469686	7	3	0.000000	31	1824	31.382556	0.637352	0.998761	27.685662	0.245160	0.686073	4703	32.145348	0.721792	0.999459	31.354019	0.178680	0.673121	0.394719	0.073738	-0.224040	-0.036973	True	0.503415	0.337455	0.705572	28.187894	0.998941	7911
7912.png	0.606608	0.888684	0.941062	0.930457	0.951910	0.998837	28.019178	0.998798	28.464511	1.000000	0.651808	0.578543	30.769323	0.553163	2030	4	9	16	10	2.065359	2.250000	153	158	251.036580	3.284649	0.035779	-0.005191	-0.170994	-0.000139	0.000079	0.393148	1225.598097	0.605409	4	9	-5	16	10	2.065359	2.250000	4	1	153	158	127	1.588839	3.284649	251.036580	0.035779	45423	22.375862	32.283744	256x256	65536	sparse	Learned	273	4	24	1969	30.984751	0.594124	28.223454	0.998719	0.606852	0.449967	9	10	0.000000	31	1906	31.261323	0.633386	0.998466	27.790796	0.190388	0.620690	4446	31.915904	0.707815	0.999261	31.070978	0.116522	0.582399	0.241057	0.201840	-0.215428	-0.040961	True	0.698806	0.404289	0.611799	28.190172	0.998977	7912
7914.png	0.671161	0.911854	0.953895	0.941176	0.966962	0.999180	27.370803	0.999249	27.623301	1.000000	0.601481	0.522868	31.301674	0.589445	1969	4	3	7	10	1.985075	0.750000	134	133	214.480231	3.056277	0.053210	-0.019695	-0.136256	-0.000084	0.000007	0.310222	1106.686831	0.677778	4	3	1	7	10	1.985075	0.750000	4	0	134	133	117	1.612633	3.056277	214.480231	0.053210	44891	22.798883	33.283900	256x256	65536	sparse	Learned	254	4	25	1851	31.615137	0.619754	27.560142	0.999243	0.689778	0.318621	11	3	0.000000	36	1918	31.897028	0.663729	0.999239	27.773603	0.590165	0.646886	4556	32.501329	0.729341	0.999666	31.480773	0.362372	0.671642	0.063159	0.282860	-0.313462	-0.030310	True	0.622808	0.325646	0.690856	27.507060	0.999264	7914
7915.png	0.464591	0.859041	0.924176	0.883827	0.968386	0.999346	28.412170	0.999274	28.482358	1.000000	0.632121	0.394309	31.097586	0.572394	1978	4	3	7	9	1.987179	0.750000	156	155	230.793939	2.786056	0.036311	-0.032437	0.147892	-0.000021	-0.000003	0.486141	946.231842	0.474889	4	3	1	7	9	1.987179	0.750000	4	0	156	155	140	1.488993	2.786056	230.793939	0.036311	45099	22.800303	33.132457	256x256	65536	sparse	Learned	276	4	26	1960	31.438657	0.612388	28.290847	0.999277	0.513859	0.289652	10	1	0.000000	34	1904	31.627806	0.647064	0.999228	28.173852	0.137138	0.443165	4819	32.411243	0.732485	0.999607	31.565100	0.196783	0.521097	0.191511	0.342469	-0.341071	-0.039995	True	0.653544	0.257699	0.497028	28.264278	0.999368	7915
7916.png	0.580415	0.930858	0.964191	0.963552	0.964831	0.998997	27.244562	0.999100	27.593640	1.000000	0.635781	0.356341	31.204240	0.586139	2172	4	1	5	7	1.960000	0.250000	150	147	227.279221	3.199362	0.031865	-0.010160	-0.369149	-0.000118	-0.000007	0.407226	1114.629507	0.593076	4	1	3	5	7	1.960000	0.250000	4	0	150	147	138	1.546117	3.199362	227.279221	0.031865	45079	20.754604	30.173112	256x256	65536	sparse	Learned	270	4	27	2153	31.487506	0.626525	27.671640	0.999107	0.592774	0.233679	13	1	0.000000	36	2168	31.737557	0.668534	0.999108	27.747887	0.171734	0.580407	4146	32.196987	0.706734	0.999548	31.235544	0.142596	0.584963	-0.078000	0.402102	-0.283266	-0.040386	True	0.639405	0.227846	0.590575	27.613710	0.999114	7916
7917.png	0.582663	0.861332	0.925500	0.914990	0.936255	0.999027	27.644311	0.999227	28.249893	1.000000	0.621674	0.515293	30.665838	0.554290	2289	5	2	6	12	1.967391	0.400000	184	181	282.249783	2.784595	0.031854	0.000331	-0.392864	-0.000253	-0.000033	0.389861	953.395128	0.617353	5	2	3	6	12	1.967391	0.400000	5	0	184	181	166	1.559391	2.784595	282.249783	0.031854	45484	19.870686	28.630843	256x256	65536	sparse	Learned	304	5	26	2170	31.052466	0.604418	28.078113	0.999260	0.610139	0.444880	7	4	0.000000	32	2260	31.302033	0.653390	0.999115	27.495977	0.242054	0.595911	4024	31.699044	0.689335	0.999489	30.360014	0.261955	0.592145	0.171780	0.176794	-0.386629	-0.050128	True	0.635052	0.327238	0.582332	28.037175	0.999279	7917
7918.png	0.607341	0.856835	0.922899	0.892377	0.955582	0.999447	27.675964	0.999517	28.114245	1.000000	0.475337	0.577218	31.426038	0.585549	1561	4	1	2	7	1.938776	0.250000	98	95	137.982756	2.944054	0.042896	0.029103	0.191044	-0.000124	0.000015	0.387360	961.097956	0.633008	4	1	3	2	7	1.938776	0.250000	4	0	98	95	89	1.452450	2.944054	137.982756	0.042896	44828	28.717489	41.983344	256x256	65536	sparse	Learned	218	4	21	1547	31.521843	0.603629	27.609206	0.999502	0.612640	0.349491	6	1	0.250000	32	1412	31.823827	0.635799	0.999448	27.566926	0.402499	0.621875	6027	33.149489	0.770476	0.999839	33.428130	0.157823	0.600414	0.505039	0.125847	-0.095805	-0.018080	True	0.515675	0.297657	0.578238	27.484921	0.999570	7918
7919.png	0.744139	0.898922	0.946771	0.956958	0.936798	0.998998	26.080178	0.999311	27.200400	1.000000	0.689633	0.597889	30.860572	0.575229	2234	4	4	8	9	2.000000	1.000000	187	187	263.865007	2.705862	0.028271	0.030810	-1.322150	-0.000335	-0.000058	0.274473	980.311871	0.788742	4	4	0	8	9	2.000000	1.000000	4	1	187	187	170	1.411043	2.705862	263.865007	0.028271	45202	20.233662	29.335721	256x256	65536	sparse	Learned	307	4	27	2217	31.320228	0.622773	27.387840	0.999369	0.725527	0.454315	7	0	0.125000	35	2234	31.608837	0.667885	0.999284	27.238115	0.386147	0.710836	4230	32.128517	0.710174	0.999707	31.296508	0.286805	0.708768	-0.187440	0.235318	-0.459656	-0.047543	True	0.700308	0.418707	0.713329	27.402328	0.999332	7919
7920.png	0.815015	0.904984	0.950123	0.957955	0.942417	0.999288	26.534440	0.999455	27.122596	1.000000	0.611320	1.040944	30.415376	0.539067	2046	4	1	5	9	1.956835	0.250000	139	136	222.078210	2.683615	0.029460	-0.000619	-0.464143	-0.000141	0.000028	0.185736	960.465670	0.843775	4	1	3	5	9	1.956835	0.250000	4	0	139	136	125	1.632928	2.683615	222.078210	0.029460	45838	22.403715	32.031281	256x256	65536	sparse	Learned	259	4	23	2020	30.630215	0.583221	26.915744	0.999427	0.814264	0.658702	4	6	0.000000	31	2018	30.958665	0.630452	0.999363	26.666277	0.547062	0.825729	4590	31.623743	0.700226	0.999771	31.149705	0.691181	0.810098	0.206852	-0.047382	-0.214839	-0.044154	True	0.622808	0.648308	0.815634	26.998583	0.999429	7920
7921.png	0.535627	0.886850	0.940032	0.923567	0.957096	0.998751	28.849026	0.998646	29.054784	1.000000	0.587286	0.340897	30.390804	0.525897	1872	4	3	7	9	1.984848	0.750000	132	131	200.509668	3.785970	0.042390	0.000908	0.900749	0.000244	0.000351	0.467208	1277.252913	0.536380	4	3	1	7	9	1.984848	0.750000	4	0	132	131	116	1.530608	3.785970	200.509668	0.042390	45809	24.470620	35.008547	256x256	65536	sparse	Learned	252	4	22	1765	30.528797	0.563187	28.049659	0.998295	0.532792	0.250072	18	4	0.000000	28	1780	30.825460	0.604770	0.998145	27.721632	0.119175	0.434155	4851	31.671329	0.710208	0.999067	30.965773	0.031945	0.415180	1.005125	0.337214	-0.137993	-0.037290	True	0.617107	0.210370	0.534718	27.948277	0.998507	7921
7922.png	0.653498	0.921330	0.959054	0.945092	0.973436	0.999299	27.697761	0.999344	27.974659	1.000000	0.583138	0.329013	31.681508	0.605547	1859	4	5	8	7	2.015152	1.250000	132	133	205.894444	2.971932	0.044638	-0.023871	-0.085833	-0.000048	0.000038	0.329240	986.215353	0.652385	4	5	-1	8	7	2.015152	1.250000	4	1	132	133	117	1.548079	2.971932	205.894444	0.044638	44728	24.060247	35.253362	256x256	65536	sparse	Learned	252	4	25	1792	31.831769	0.631056	27.786241	0.999306	0.670760	0.283469	9	0	0.000000	36	1678	32.106824	0.661931	0.999291	27.817358	0.265886	0.657713	5048	33.030911	0.752040	0.999740	32.612875	0.173959	0.637904	0.188418	0.299669	-0.150261	-0.025508	True	0.615188	0.202405	0.677369	27.783595	0.999347	7922
7923.png	0.733186	0.907601	0.951562	0.932619	0.971292	0.999303	27.810034	0.999313	28.146127	1.000000	0.607414	0.922387	30.567462	0.545932	2084	4	0	0	8	1.949367	0.000000	158	154	218.208153	2.929028	0.016727	0.031212	0.163240	-0.000049	0.000058	0.280782	1081.043959	0.752193	4	0	4	0	8	1.949367	0.000000	4	0	158	154	150	1.416936	2.929028	218.208153	0.016727	45672	21.915547	31.447217	256x256	65536	sparse	Learned	278	4	24	1983	30.857158	0.590770	27.625993	0.999255	0.719218	0.619651	6	9	0.000000	28	1854	30.983823	0.624245	0.999004	26.606234	0.285173	0.707333	4333	31.697503	0.697573	0.999612	30.957935	0.235092	0.691715	0.520134	-0.012237	-0.289696	-0.044838	True	0.628423	0.579650	0.701974	27.646794	0.999351	7923
7924.png	0.613757	0.911550	0.953728	0.948289	0.959231	0.999226	26.772268	0.999248	27.409837	1.000000	0.581048	0.619988	30.187584	0.525020	2037	4	5	9	8	2.014388	1.250000	139	140	201.823376	3.126930	0.030157	0.027920	-0.227437	-0.000076	0.000076	0.413646	1136.761904	0.622642	4	5	-1	9	8	2.014388	1.250000	4	2	139	140	122	1.441596	3.126930	201.823376	0.030157	46154	22.657830	32.172803	256x256	65536	sparse	Learned	259	4	23	1982	30.481388	0.570995	27.009062	0.999172	0.586354	0.398302	5	1	0.625000	27	1810	30.649687	0.607064	0.998925	26.607246	0.395488	0.590557	4545	31.374401	0.690842	0.999572	30.542318	0.254724	0.587143	0.400774	0.182746	-0.293805	-0.045976	True	0.601481	0.372911	0.585837	26.999704	0.999303	7924
7925.png	0.596610	0.883558	0.938180	0.933828	0.942572	0.999047	27.980658	0.999124	28.369159	1.000000	0.617107	0.552450	30.499493	0.548018	2288	5	6	12	13	2.011429	1.200000	175	176	287.391919	2.962056	0.034734	-0.004673	-0.004516	-0.000066	0.000021	0.388978	1059.926033	0.624357	5	6	-1	12	13	2.011429	1.200000	5	0	175	176	150	1.632909	2.962056	287.391919	0.034734	45614	19.936189	28.643357	256x256	65536	sparse	Learned	295	5	25	2136	30.856793	0.597025	28.048016	0.999102	0.611022	0.361308	12	5	0.000000	30	2040	31.063842	0.636920	0.998915	27.415718	0.299096	0.603495	4008	31.559439	0.683295	0.999407	30.674417	0.219016	0.612134	0.321144	0.255799	-0.357300	-0.049007	True	0.637960	0.352441	0.601283	27.985174	0.999113	7925
7926.png	0.768634	0.900688	0.947749	0.923258	0.973576	0.999249	27.393207	0.999287	27.832090	1.000000	0.511297	0.794153	30.678230	0.554364	1993	5	2	3	9	1.957143	0.400000	140	137	200.166522	3.089625	0.035257	0.048579	0.076394	-0.000066	0.000068	0.276070	1105.379581	0.782510	5	2	3	3	9	1.957143	0.400000	5	0	140	137	128	1.461070	3.089625	200.166522	0.035257	45476	22.817863	32.883091	256x256	65536	sparse	Learned	260	5	23	1914	30.849213	0.590384	27.281697	0.999219	0.723930	0.547666	6	8	0.000000	30	1824	31.195535	0.630642	0.999080	26.885363	0.393469	0.713301	4512	31.909502	0.709745	0.999604	30.649652	0.311851	0.731058	0.550393	-0.036369	-0.170983	-0.036021	True	0.548870	0.435887	0.720055	27.316813	0.999316	7926
7927.png	0.619624	0.906868	0.951160	0.932376	0.970717	0.999027	28.169021	0.998950	28.343787	1.000000	0.655272	0.487519	30.429392	0.533093	2069	4	8	14	10	2.053333	2.000000	150	154	245.693434	3.512582	0.045180	0.019624	0.376962	0.000019	0.000081	0.398873	1245.791435	0.617473	4	8	-4	14	10	2.053333	2.000000	4	0	150	154	126	1.595412	3.512582	245.693434	0.045180	45866	22.168197	31.675205	256x256	65536	sparse	Learned	270	4	23	2017	30.556944	0.577681	27.809653	0.998868	0.601127	0.303872	9	2	0.000000	29	1922	30.854847	0.616997	0.998691	27.327160	0.393469	0.590935	4371	31.488952	0.690476	0.999347	30.446004	0.173730	0.594228	0.534134	0.351400	-0.127552	-0.044588	True	0.686514	0.334689	0.600000	27.792059	0.999009	7927
7928.png	0.583825	0.828873	0.906430	0.870528	0.945421	0.999459	27.640775	0.999465	27.962601	1.000000	0.635781	0.467625	30.160509	0.516468	1918	4	5	11	9	2.014184	1.250000	141	142	234.936075	2.552616	0.049105	0.004509	-0.051664	-0.000062	0.000003	0.399397	825.341225	0.594988	4	5	-1	11	9	2.014184	1.250000	4	0	141	142	121	1.654479	2.552616	234.936075	0.049105	45993	23.979666	34.168926	256x256	65536	sparse	Learned	261	4	22	1892	30.331481	0.560794	27.752163	0.999462	0.600603	0.359176	8	0	0.500000	27	1808	30.622201	0.602832	0.999326	26.929607	0.232499	0.555471	4771	31.485358	0.701637	0.999724	31.180942	0.116484	0.592380	0.210438	0.276605	-0.170972	-0.044326	True	0.554251	0.259182	0.579316	27.692439	0.999521	7928
7929.png	0.661638	0.898116	0.946324	0.946324	0.946324	0.999325	27.787405	0.999419	28.052984	1.000000	0.593430	0.544613	30.871489	0.562526	2089	5	1	3	11	1.952381	0.200000	168	164	250.894444	2.551131	0.035203	-0.019711	0.163497	-0.000042	0.000022	0.316334	806.453466	0.682182	5	1	4	3	11	1.952381	0.200000	5	0	168	164	154	1.529844	2.551131	250.894444	0.035203	45402	21.733844	31.371948	256x256	65536	sparse	Learned	288	5	24	1916	31.095215	0.598611	27.675043	0.999397	0.683666	0.364494	9	1	0.100000	31	2076	31.352052	0.647379	0.999261	27.136409	0.307379	0.656552	4491	31.982696	0.709598	0.999705	31.184623	0.305536	0.644599	0.377941	0.228937	-0.223726	-0.036085	True	0.607807	0.331019	0.681349	27.623908	0.999367	7929
7930.png	0.668870	0.886469	0.939818	0.935237	0.944444	0.999194	27.854462	0.999352	28.166252	1.000000	0.586597	0.540150	31.302565	0.598354	2416	5	3	6	14	1.980100	0.600000	201	199	315.393471	2.390880	0.030146	0.013807	-0.492295	-0.000210	-0.000040	0.323342	839.718819	0.700603	5	3	2	6	14	1.980100	0.600000	6	0	201	199	181	1.584892	2.390880	315.393471	0.030146	44935	18.598924	27.125828	256x256	65536	sparse	Learned	321	6	30	2391	31.774893	0.646794	28.329915	0.999392	0.676658	0.358107	12	0	0.500000	40	2282	32.089946	0.684199	0.999390	28.508403	0.312482	0.658011	3838	32.320449	0.709106	0.999632	30.857283	0.276267	0.661136	-0.163663	0.228491	-0.472328	-0.048440	True	0.604129	0.326320	0.655063	28.346757	0.999403	7930
7931.png	0.691313	0.895921	0.945103	0.937090	0.953255	0.998918	27.807712	0.999060	28.284749	1.000000	0.748421	0.803439	30.276917	0.533824	2395	4	7	15	12	2.030000	1.750000	200	203	327.877200	3.004192	0.039538	-0.029917	-0.058648	-0.000089	0.000088	0.265973	1205.226183	0.718896	4	7	-3	15	12	2.030000	1.750000	4	0	200	203	173	1.615159	3.004192	327.877200	0.039538	45923	19.174530	27.363674	256x256	65536	sparse	Learned	320	4	25	2254	30.572539	0.590051	27.866240	0.998971	0.734027	0.559568	9	10	0.000000	30	2280	30.834090	0.636608	0.998725	27.138445	0.280048	0.713013	3804	31.180022	0.666209	0.999331	29.620831	0.238862	0.718072	0.418509	0.188853	-0.295622	-0.056227	True	0.773498	0.621458	0.721230	27.866360	0.999007	7931
7932.png	0.746988	0.894585	0.944360	0.941783	0.946951	0.998707	27.916495	0.998814	28.383713	1.000000	0.656991	0.924610	30.350979	0.530385	2060	4	10	19	10	2.083916	2.500000	143	149	246.965512	3.423050	0.056777	-0.004590	0.344809	0.000039	0.000157	0.240230	1338.337898	0.766339	4	10	-6	19	10	2.083916	2.500000	4	1	143	149	114	1.657487	3.423050	246.965512	0.056777	45911	22.286893	31.813592	256x256	65536	sparse	Learned	263	4	23	1978	30.542120	0.575347	27.662912	0.998657	0.759770	0.731794	5	15	0.000000	28	1872	30.779423	0.613916	0.998469	27.160987	0.381217	0.760596	4417	31.440951	0.691343	0.999335	30.703300	0.225751	0.743896	0.720802	-0.074803	-0.191142	-0.044962	True	0.701803	0.648894	0.751578	27.571685	0.998668	7932
7933.png	0.684364	0.879817	0.936067	0.930794	0.941400	0.998761	28.067208	0.998807	28.383928	1.000000	0.760691	0.676677	30.296514	0.532328	2377	4	11	24	12	2.070352	2.750000	199	206	338.705627	3.044437	0.049621	-0.038418	-0.021035	-0.000045	0.000085	0.276190	1269.907475	0.698730	4	11	-7	24	12	2.070352	2.750000	4	1	199	206	163	1.644202	3.044437	338.705627	0.049621	45902	19.310896	27.570888	256x256	65536	sparse	Learned	319	4	25	2232	30.600291	0.588440	28.096272	0.998722	0.723810	0.577895	8	8	0.000000	28	2118	30.828723	0.628024	0.998429	27.349897	0.181269	0.731863	3839	31.216238	0.666077	0.999167	29.763977	0.170044	0.707631	0.287656	0.182797	-0.303777	-0.056112	True	0.786688	0.532334	0.722782	28.088243	0.998806	7933
7934.png	0.612572	0.899936	0.947333	0.932629	0.962509	0.999124	27.853360	0.999208	28.397881	1.000000	0.575142	0.540420	30.725032	0.560742	2173	5	2	4	10	1.964497	0.400000	169	166	244.450793	2.941912	0.027944	0.006825	-0.491024	-0.000167	0.000017	0.372852	1169.085026	0.648005	5	2	3	4	10	1.964497	0.400000	5	0	169	166	155	1.472595	2.941912	244.450793	0.027944	45386	20.886332	30.159227	256x256	65536	sparse	Learned	289	5	26	2169	31.115897	0.608933	28.365208	0.999191	0.627148	0.481855	8	6	0.000000	31	2112	31.329784	0.649623	0.998983	27.528043	0.472708	0.611399	4161	31.832681	0.697380	0.999475	30.947498	0.263037	0.637457	0.032673	0.093287	-0.390865	-0.048192	True	0.700308	0.378460	0.605747	28.344384	0.999291	7934
7935.png	0.619734	0.909490	0.952600	0.941511	0.963953	0.998893	28.024616	0.999003	28.267437	1.000000	0.633589	0.636094	31.432082	0.598574	2420	5	4	6	10	1.989691	0.800000	194	193	298.877200	2.985934	0.037139	-0.037007	-0.303933	-0.000158	-0.000037	0.338156	1134.247303	0.631608	5	4	1	6	10	1.989691	0.800000	5	1	194	193	178	1.548587	2.985934	298.877200	0.037139	44905	18.555785	27.080992	256x256	65536	sparse	Learned	314	5	29	2361	31.715770	0.643675	28.299494	0.999040	0.661844	0.507809	9	12	0.000000	40	2264	32.045544	0.680862	0.998992	28.372064	0.418416	0.631779	3936	32.316255	0.708030	0.999439	31.128643	0.299216	0.644552	-0.032057	0.125780	-0.283688	-0.045101	True	0.640845	0.407637	0.656741	28.328550	0.999051	7935
7936.png	0.666014	0.886076	0.939597	0.921053	0.958904	0.999246	27.542279	0.999352	28.150426	1.000000	0.717761	0.618292	30.386503	0.539604	2316	4	5	10	11	2.009950	1.250000	201	202	304.948268	2.498572	0.026424	0.015923	-0.273756	-0.000124	0.000033	0.326506	920.479298	0.693256	4	5	-1	10	11	2.009950	1.250000	4	0	201	202	180	1.509645	2.498572	304.948268	0.026424	45796	19.773748	28.297064	256x256	65536	sparse	Learned	321	4	26	2292	30.773192	0.597424	27.836263	0.999319	0.673494	0.372911	12	2	0.000000	30	2302	30.975144	0.640012	0.999172	26.921215	0.382453	0.635294	3998	31.426831	0.679796	0.999623	30.496316	0.246185	0.664871	0.314163	0.344850	-0.386689	-0.057820	True	0.740760	0.458006	0.650091	27.816035	0.999370	7936
7937.png	0.652387	0.852580	0.920424	0.927188	0.913759	0.999020	27.910421	0.999267	28.550662	1.000000	0.704770	0.647499	30.612717	0.547876	2098	4	6	12	9	2.022599	1.500000	177	179	280.350288	2.809494	0.049917	0.001541	-0.357678	-0.000196	-0.000003	0.366504	1023.969889	0.665423	4	6	-2	12	9	2.022599	1.500000	4	1	177	179	156	1.566203	2.809494	280.350288	0.049917	45466	21.671115	31.237369	256x256	65536	sparse	Learned	297	4	25	2017	30.985623	0.595203	28.291081	0.999269	0.633496	0.355964	12	9	0.000000	32	2056	31.195912	0.637434	0.999122	27.749704	0.272033	0.602156	4166	31.725066	0.695444	0.999569	30.978588	0.171601	0.617251	0.259581	0.348806	-0.372906	-0.047327	True	0.738154	0.477954	0.650846	28.268100	0.999216	7937
7938.png	0.644342	0.885698	0.939385	0.925570	0.953618	0.998944	27.643566	0.998975	27.962463	1.000000	0.709165	0.733637	31.258020	0.590978	2336	4	11	25	11	2.079545	2.750000	176	183	291.663997	3.050089	0.040335	-0.010434	-0.561896	-0.000193	-0.000055	0.327616	1273.774862	0.657323	4	11	-7	25	11	2.079545	2.750000	4	2	176	183	140	1.593792	3.050089	291.663997	0.040335	45035	19.278682	28.054795	256x256	65536	sparse	Learned	296	4	29	2295	31.678087	0.637544	28.118985	0.999031	0.672384	0.361095	10	8	0.000000	40	2330	31.989422	0.680746	0.999046	28.425253	0.455289	0.660755	3958	32.257575	0.706835	0.999466	31.049789	0.320035	0.682829	-0.156522	0.348070	-0.420067	-0.046565	True	0.642278	0.471199	0.654776	28.205462	0.999137	7938
7939.png	0.734536	0.910543	0.953177	0.962838	0.943709	0.998954	26.999546	0.999217	27.637323	1.000000	0.673720	1.065569	30.409614	0.552349	2628	5	3	6	10	1.981481	0.600000	216	214	324.806133	2.828379	0.022308	0.011414	-0.569701	-0.000212	-0.000004	0.282748	1157.449484	0.758584	5	3	2	6	10	1.981481	0.600000	5	1	216	214	200	1.517786	2.828379	324.806133	0.022308	45825	17.437215	24.937595	256x256	65536	sparse	Learned	336	5	28	2617	30.871923	0.616058	27.611308	0.999221	0.717252	0.678042	6	7	0.000000	33	2490	31.117540	0.660840	0.999077	27.046494	0.595747	0.699655	3349	31.268761	0.655067	0.999504	29.874474	0.665221	0.716625	0.026014	-0.004322	-0.462309	-0.063709	True	0.697599	0.743339	0.723122	27.569246	0.999165	7939
7940.png	0.647020	0.858940	0.924118	0.906359	0.942587	0.999244	27.730334	0.999309	28.125417	1.000000	0.639405	0.476133	30.219147	0.526941	2218	5	4	8	11	1.989529	0.800000	191	190	290.865007	2.558845	0.026828	0.041834	-0.239676	-0.000152	-0.000023	0.371043	906.416178	0.674572	5	4	1	8	11	1.989529	0.800000	5	1	191	190	172	1.530868	2.558845	290.865007	0.026828	45894	20.691614	29.547340	256x256	65536	sparse	Learned	311	5	25	2198	30.605363	0.585539	27.985346	0.999332	0.628957	0.400050	11	3	0.000000	29	2134	30.855442	0.628041	0.999164	27.175760	0.211009	0.626464	4207	31.372445	0.683023	0.999560	30.195692	0.173435	0.613169	0.140071	0.239355	-0.386216	-0.058598	True	0.661760	0.315086	0.605186	27.970010	0.999395	7940
7941.png	0.730634	0.888021	0.940690	0.929155	0.952514	0.999369	26.958944	0.999485	27.499015	1.000000	0.568289	0.970062	30.598228	0.560212	2001	5	0	0	10	1.941176	0.000000	170	165	233.166522	2.359579	0.019857	0.069216	-0.781117	-0.000202	-0.000061	0.320458	789.100885	0.766844	5	0	5	0	10	1.941176	0.000000	5	0	170	165	160	1.413130	2.359579	233.166522	0.019857	45388	22.682659	32.751624	256x256	65536	sparse	Learned	290	5	24	1891	31.138681	0.602098	27.707492	0.999546	0.679542	0.471199	7	1	0.300000	32	1860	31.379060	0.640996	0.999494	27.306342	0.342953	0.692084	4720	32.143966	0.722152	0.999768	31.240693	0.330385	0.640743	-0.208477	0.097091	-0.540454	-0.041886	True	0.576838	0.559568	0.661417	27.740061	0.999571	7941
7942.png	0.545181	0.879135	0.935680	0.909211	0.963738	0.999036	28.405025	0.999072	28.642703	1.000000	0.691181	0.492820	30.852861	0.571521	2182	4	5	10	11	2.011364	1.250000	176	177	278.663997	2.749520	0.036737	-0.014105	0.189603	-0.000079	0.000013	0.407944	1192.518234	0.572361	4	5	-1	10	11	2.011364	1.250000	4	0	176	177	155	1.574373	2.749520	278.663997	0.036737	45153	20.693401	30.034830	256x256	65536	sparse	Learned	296	4	26	2017	31.375225	0.614324	28.299795	0.999058	0.592056	0.474813	10	4	0.000000	35	2036	31.604250	0.655695	0.998928	28.045670	0.280653	0.587668	4123	32.101252	0.706455	0.999442	31.326852	0.169651	0.558573	0.342908	0.216368	-0.522364	-0.042803	True	0.709165	0.349491	0.559285	28.215423	0.999115	7942
7943.png	0.526844	0.913168	0.954614	0.940201	0.969475	0.998673	28.644819	0.998731	28.991906	1.000000	0.543424	0.667026	31.176496	0.574623	2065	5	4	8	11	1.986395	0.800000	147	146	226.793939	3.710510	0.047499	-0.011035	0.022548	-0.000073	0.000084	0.470722	1262.180805	0.520161	5	4	1	8	11	1.986395	0.800000	5	0	147	146	128	1.553383	3.710510	226.793939	0.047499	45135	21.857143	31.736562	256x256	65536	sparse	Learned	267	5	26	1993	31.410237	0.611515	28.606645	0.998647	0.529278	0.252312	13	1	0.000000	34	2058	31.615497	0.654500	0.998411	28.037070	0.259182	0.445528	4443	32.232784	0.716572	0.999172	31.227426	0.275785	0.498574	0.385261	0.291112	-0.233740	-0.036893	True	0.550671	0.367312	0.537879	28.622271	0.998746	7943
7944.png	0.746051	0.933333	0.965517	0.956140	0.975080	0.998777	27.751461	0.998867	28.095838	1.000000	0.622808	1.022777	30.624752	0.546841	2077	4	3	5	7	1.986842	0.750000	152	151	227.379726	3.569684	0.034921	-0.000883	-0.044591	-0.000076	0.000068	0.260033	1189.757109	0.751055	4	3	1	5	7	1.986842	0.750000	4	1	152	151	140	1.505826	3.569684	227.379726	0.034921	45607	21.958113	31.553202	256x256	65536	sparse	Learned	272	4	24	2007	30.845094	0.590501	27.830181	0.998799	0.739967	0.696387	5	15	0.000000	30	2040	31.067669	0.635384	0.998553	27.118511	0.340928	0.753863	4278	31.652073	0.696027	0.999391	30.880709	0.237129	0.704210	0.265657	-0.073579	-0.220342	-0.043660	True	0.622808	0.636993	0.746934	27.796052	0.998853	7944
7945.png	0.837398	0.920620	0.958670	0.964627	0.952786	0.999394	25.497645	0.999589	26.277899	1.000000	0.611320	0.974882	30.631601	0.564378	2148	4	1	3	9	1.960526	0.250000	152	149	222.036580	2.456139	0.031656	0.055522	-1.246777	-0.000235	-0.000050	0.217111	802.086592	0.871296	4	1	3	3	9	1.960526	0.250000	4	0	152	149	140	1.490178	2.456139	222.036580	0.031656	45509	21.186685	30.510242	256x256	65536	sparse	Learned	272	4	25	2083	31.070991	0.607069	26.713579	0.999639	0.782889	0.539757	5	1	0.375000	33	2120	31.393295	0.652501	0.999616	26.556646	0.641204	0.786480	4122	31.854533	0.694563	0.999863	31.292949	0.396494	0.784615	-0.435680	0.071564	-0.439390	-0.042692	True	0.619017	0.603469	0.781877	26.744423	0.999629	7945
7946.png	0.670425	0.899584	0.947138	0.931072	0.963768	0.998764	27.312337	0.998920	27.737484	1.000000	0.671099	0.681461	30.230816	0.548159	2608	5	2	6	12	1.972477	0.400000	218	215	311.865007	2.954737	0.029442	0.032835	-0.419597	-0.000204	-0.000007	0.349666	1173.330069	0.694034	5	2	3	6	12	1.972477	0.400000	5	0	218	215	200	1.450535	2.954737	311.865007	0.029442	45737	17.537193	25.128834	256x256	65536	sparse	Learned	338	5	27	2393	30.896804	0.610022	27.719556	0.998927	0.650334	0.502511	11	8	0.000000	33	2458	31.128592	0.657706	0.998717	27.351463	0.261871	0.645553	3665	31.364101	0.667682	0.999331	30.135431	0.468169	0.636696	0.017928	0.168589	-0.665987	-0.061862	True	0.689012	0.469534	0.637590	27.731934	0.998968	7946
7947.png	0.754461	0.892807	0.943368	0.940565	0.946188	0.999301	27.957263	0.999434	28.455676	1.000000	0.681776	0.858533	30.231740	0.521404	2154	4	2	4	9	1.977654	0.500000	179	177	257.722871	2.647989	0.036177	-0.014297	0.018989	-0.000076	0.000032	0.230612	1095.162153	0.783080	4	2	2	4	9	1.977654	0.500000	4	0	179	177	166	1.456061	2.647989	257.722871	0.036177	46018	21.363974	30.425255	256x256	65536	sparse	Learned	299	4	23	2025	30.423042	0.569932	28.031662	0.999401	0.769388	0.642278	5	4	0.000000	29	2142	30.737657	0.622460	0.999219	27.226693	0.151696	0.738636	4268	31.259129	0.680689	0.999626	30.166586	0.088073	0.734917	0.424013	0.039498	-0.191301	-0.048528	True	0.689633	0.592073	0.768759	27.938274	0.999377	7947
7948.png	0.353417	0.859264	0.924306	0.919062	0.929610	0.998940	28.371981	0.999113	28.886934	1.000000	0.576838	0.246554	31.262670	0.579791	1826	4	4	6	7	2.000000	1.000000	135	135	191.195959	3.225730	0.040947	-0.032722	-0.230746	-0.000161	0.000081	0.599291	1056.178808	0.373521	4	4	0	6	7	2.000000	1.000000	4	0	135	135	122	1.416266	3.225730	191.195959	0.040947	44853	24.563527	35.890471	256x256	65536	sparse	Learned	255	4	24	1724	31.525428	0.610915	28.490319	0.999032	0.400709	0.210506	11	3	0.000000	34	1708	31.786653	0.645488	0.998921	28.357512	0.255468	0.394346	5037	32.674644	0.743555	0.999517	32.039010	0.131695	0.408714	0.396614	0.366331	-0.262759	-0.031124	True	0.605446	0.149275	0.386139	28.602727	0.999101	7948
7949.png	0.564840	0.901737	0.948330	0.937359	0.959561	0.998117	29.021585	0.998220	29.324322	1.000000	0.651808	0.406804	31.540924	0.595155	2084	4	4	7	7	2.000000	1.000000	158	158	250.350288	3.566763	0.027505	-0.041451	0.138112	0.000062	0.000267	0.382004	1357.364178	0.579374	4	4	0	7	7	2.000000	1.000000	4	2	158	158	144	1.584495	3.566763	250.350288	0.027505	44728	21.462572	31.447217	256x256	65536	sparse	Learned	278	4	27	2037	31.719443	0.629143	28.809824	0.997954	0.617996	0.361308	12	10	0.000000	39	2078	32.070992	0.674238	0.997961	28.843598	0.278959	0.593248	4379	32.584518	0.726854	0.998892	31.685262	0.106722	0.560257	0.514498	0.290499	-0.178520	-0.033988	True	0.686514	0.279277	0.606291	28.883473	0.998055	7949
7950.png	0.684555	0.910644	0.953232	0.954545	0.951923	0.998749	28.038630	0.998895	28.395223	1.000000	0.646545	1.037074	31.443433	0.590127	2090	4	2	5	8	1.975309	0.500000	162	160	236.622366	3.179913	0.025670	-0.003814	-0.406927	-0.000124	0.000017	0.290385	1224.364996	0.722520	4	2	2	5	8	1.975309	0.500000	4	0	162	160	149	1.478890	3.179913	236.622366	0.025670	44859	21.463636	31.356938	256x256	65536	sparse	Learned	282	4	27	2079	31.559798	0.626219	28.385515	0.998878	0.709615	0.618381	6	13	0.000000	36	1900	31.881849	0.661885	0.998680	28.051757	0.305109	0.726123	4201	32.389906	0.717276	0.999391	31.380586	0.336350	0.682600	0.009708	0.028164	-0.116364	-0.036091	True	0.639405	0.663110	0.688369	28.445557	0.998873	7950
7951.png	0.456750	0.866958	0.928739	0.923486	0.934051	0.999194	28.035214	0.999233	28.232739	1.000000	0.593430	0.453063	30.258038	0.523920	2096	5	5	9	10	2.000000	1.000000	166	166	248.107648	2.892140	0.049061	-0.005726	0.377552	0.000001	0.000057	0.532268	1055.065632	0.466929	5	5	0	9	10	2.000000	1.000000	5	0	166	166	147	1.494624	2.892140	248.107648	0.049061	45971	21.932729	31.267176	256x256	65536	sparse	Learned	286	5	24	2040	30.547679	0.575126	27.696776	0.999176	0.467732	0.263613	10	1	0.000000	30	2088	30.800607	0.620237	0.999107	27.453220	0.340759	0.441233	4436	31.405993	0.689799	0.999535	30.684205	0.231317	0.452366	0.535963	0.329817	-0.289640	-0.051206	True	0.614032	0.278195	0.462476	27.657662	0.999193	7951
7952.png	0.638251	0.873941	0.932730	0.906593	0.960419	0.999497	27.218496	0.999585	27.753970	1.000000	0.552912	0.479140	31.619464	0.598528	1833	4	0	0	8	1.940299	0.000000	134	130	187.237590	2.492035	0.024605	-0.006499	-0.455026	-0.000122	0.000002	0.332986	766.485691	0.661308	4	0	4	0	8	1.940299	0.000000	4	0	134	130	126	1.440289	2.492035	187.237590	0.024605	44691	24.381342	35.753410	256x256	65536	sparse	Learned	254	4	24	1730	31.765626	0.624438	27.657413	0.999583	0.667014	0.264717	8	0	0.500000	35	1792	32.067343	0.664326	0.999549	27.574584	0.314182	0.654167	5128	32.971004	0.750030	0.999848	32.893339	0.193769	0.657476	0.096557	0.288195	-0.146162	-0.025910	True	0.563951	0.270211	0.644751	27.673522	0.999619	7952
7953.png	0.786321	0.918906	0.957739	0.948085	0.967593	0.998876	27.465252	0.998998	27.826115	1.000000	0.719729	0.937061	30.696024	0.569160	2783	4	4	7	11	2.000000	1.000000	243	243	382.077944	2.751430	0.037953	0.007733	-0.566210	-0.000239	-0.000083	0.206457	1112.969637	0.815465	4	4	0	7	11	2.000000	1.000000	5	0	243	243	225	1.572337	2.751430	382.077944	0.037953	45478	16.341358	23.548688	256x256	65536	sparse	Learned	363	5	30	2716	31.208884	0.632944	28.047528	0.999081	0.793543	0.680181	6	6	0.000000	38	2690	31.483587	0.682156	0.999042	27.939012	0.557803	0.783144	3234	31.431351	0.657297	0.999390	29.713381	0.762123	0.797911	-0.221413	0.039549	-0.512860	-0.063785	True	0.738154	0.691695	0.778588	28.031462	0.999116	7953
7954.png	0.629969	0.876133	0.933977	0.916996	0.951600	0.999303	28.157572	0.999380	28.466138	1.000000	0.603072	0.620400	31.222948	0.583257	2124	5	1	3	11	1.954545	0.200000	176	172	268.835570	2.356160	0.032578	0.009547	-0.142178	-0.000119	-0.000010	0.347183	898.995161	0.658797	5	1	4	3	11	1.954545	0.200000	5	0	176	172	162	1.562997	2.356160	268.835570	0.032578	45006	21.189266	30.854991	256x256	65536	sparse	Learned	296	5	27	2068	31.539202	0.624109	28.288004	0.999390	0.652817	0.363646	10	2	0.000000	37	2066	31.788311	0.664100	0.999356	28.113159	0.252671	0.633073	4233	32.296575	0.715691	0.999673	31.253153	0.259182	0.645455	0.178134	0.239426	-0.316254	-0.040852	True	0.627679	0.389412	0.620423	28.299749	0.999422	7954
7955.png	0.741071	0.862259	0.926036	0.928783	0.923304	0.999211	26.313474	0.999544	27.584853	1.000000	0.568289	1.000000	31.546724	0.608438	1817	4	2	2	6	1.969231	0.500000	130	128	184.509668	2.600485	0.022128	0.031185	-1.207455	-0.000351	-0.000025	0.285249	828.351021	0.781852	4	2	2	2	6	1.969231	0.500000	4	1	130	128	122	1.441482	2.600485	184.509668	0.022128	44535	24.510182	36.068244	256x256	65536	sparse	Learned	250	4	25	1766	31.978325	0.636626	27.501099	0.999568	0.714751	0.370517	7	1	0.625000	38	1798	32.187871	0.672365	0.999549	27.768733	0.534201	0.714051	5245	33.198999	0.756137	0.999877	33.712943	0.342953	0.708746	0.083754	0.197772	-0.431601	-0.028188	True	0.595458	0.595458	0.709887	27.520930	0.999562	7955
7956.png	0.471246	0.813170	0.896959	0.872638	0.922676	0.998979	27.890493	0.999159	28.656553	1.000000	0.485212	0.372888	30.440262	0.530746	1769	5	3	6	10	1.968992	0.600000	129	127	190.509668	2.978155	0.035061	-0.006168	-0.028741	-0.000104	0.000073	0.509491	1158.077955	0.492958	5	3	2	6	10	1.968992	0.600000	5	1	129	127	113	1.500076	2.978155	190.509668	0.035061	45664	25.813454	37.046919	256x256	65536	sparse	Learned	249	5	22	1744	30.691968	0.569081	28.079295	0.999086	0.490509	0.236621	12	2	0.000000	27	1702	30.919903	0.606634	0.998935	27.462111	0.218599	0.469844	5115	31.910341	0.723984	0.999504	31.266439	0.081556	0.482208	0.577258	0.248591	-0.251705	-0.038335	True	0.520974	0.194265	0.477414	27.919234	0.999083	7956
7957.png	0.513447	0.887731	0.940527	0.914121	0.968504	0.999371	28.476506	0.999367	28.665244	1.000000	0.509338	0.373962	30.876317	0.557972	1939	5	0	0	10	1.931507	0.000000	146	141	199.095454	2.842051	0.030495	0.023652	0.419618	-0.000009	0.000056	0.491174	1118.727684	0.532643	5	0	5	0	10	1.931507	0.000000	5	0	146	141	136	1.412024	2.842051	199.095454	0.030495	45339	23.382671	33.798865	256x256	65536	sparse	Learned	266	5	24	1862	31.129100	0.595213	28.107020	0.999311	0.508826	0.317657	9	4	0.000000	30	1732	31.308450	0.625906	0.999163	27.354739	0.379151	0.488300	4740	32.100713	0.720854	0.999600	31.053907	0.160711	0.506444	0.558224	0.191682	-0.252783	-0.037241	True	0.534201	0.199771	0.489796	28.056888	0.999380	7957
7958.png	0.741427	0.936271	0.967087	0.951757	0.982918	0.998929	27.353343	0.998928	27.729344	1.000000	0.499426	0.926831	31.137309	0.580171	2045	5	2	4	10	1.955224	0.400000	134	131	194.752309	3.469316	0.031766	0.015924	-0.260045	-0.000075	0.000031	0.274872	1070.850134	0.748985	5	2	3	4	10	1.955224	0.400000	5	0	134	131	120	1.486659	3.469316	194.752309	0.031766	45141	22.073839	32.046944	256x256	65536	sparse	Learned	254	5	26	2022	31.386349	0.616704	27.633869	0.998897	0.725128	0.481855	8	8	0.000000	33	1912	31.562345	0.650626	0.998644	27.136444	0.472708	0.727735	4572	32.263962	0.719654	0.999481	31.436718	0.496749	0.710442	0.095475	0.017571	-0.249040	-0.036533	True	0.532334	0.493383	0.725503	27.613389	0.999003	7958
7960.png	0.533290	0.854115	0.921318	0.937714	0.905486	0.999093	27.096603	0.999345	27.565834	1.000000	0.688077	0.454558	30.300836	0.529950	2068	4	9	17	10	2.064935	2.250000	154	159	262.480231	2.996647	0.051021	0.004401	0.215761	-0.000049	0.000110	0.453053	1091.261148	0.562290	4	9	-5	17	10	2.064935	2.250000	4	0	154	159	127	1.650819	2.996647	262.480231	0.051021	45919	22.204545	31.690522	256x256	65536	sparse	Learned	274	4	23	1992	30.502013	0.574865	26.858181	0.999235	0.546947	0.293548	8	0	0.500000	29	1880	30.773878	0.618286	0.999211	26.722029	0.205466	0.533775	4469	31.453335	0.690927	0.999652	30.809454	0.166693	0.548620	0.707653	0.394529	-0.201176	-0.044915	True	0.691181	0.314182	0.528889	26.880842	0.999142	7960
7961.png	0.587281	0.876197	0.934014	0.907469	0.962158	0.999320	27.645759	0.999369	27.976796	1.000000	0.736842	0.460004	30.335276	0.539007	2353	4	1	2	8	1.971429	0.250000	210	207	304.178716	2.557293	0.029667	0.010100	0.091019	-0.000083	0.000023	0.416716	877.021074	0.593455	4	1	3	2	8	1.971429	0.250000	4	1	210	207	200	1.469462	2.557293	304.178716	0.029667	45855	19.487888	27.852104	256x256	65536	sparse	Learned	330	4	26	2307	30.743917	0.597733	27.594257	0.999347	0.583284	0.311917	13	2	0.000000	32	2302	31.001091	0.641567	0.999258	27.365046	0.391038	0.559666	3778	31.325300	0.666827	0.999587	30.119347	0.245654	0.571004	0.382540	0.424925	-0.408641	-0.058726	True	0.652156	0.299994	0.577181	27.554740	0.999404	7961
7962.png	0.520239	0.888387	0.940895	0.940574	0.941217	0.998776	28.664221	0.998904	28.899171	1.000000	0.536060	0.496273	31.654974	0.599151	1922	5	4	7	11	1.985507	0.800000	138	137	206.953319	3.151007	0.043905	-0.052861	0.353810	0.000020	0.000141	0.401320	1194.936514	0.542396	5	4	1	7	11	1.985507	0.800000	5	0	138	137	120	1.510608	3.151007	206.953319	0.043905	44684	23.248699	34.097815	256x256	65536	sparse	Learned	258	5	24	1771	31.733865	0.626232	28.320283	0.998762	0.598680	0.493383	6	4	0.000000	37	1894	32.063737	0.667855	0.998636	28.272485	0.254609	0.546118	4818	32.810512	0.743883	0.999424	32.050471	0.206502	0.563576	0.578887	0.042677	-0.078891	-0.027081	True	0.554251	0.275060	0.573099	28.310411	0.998755	7962
7963.png	0.654618	0.871457	0.931314	0.916933	0.946154	0.999472	27.199978	0.999574	27.609261	1.000000	0.566126	0.644118	30.295028	0.523687	1764	4	5	6	10	2.015504	1.250000	129	130	197.409163	2.553374	0.041214	0.019249	0.214881	-0.000078	0.000039	0.338195	885.340691	0.702538	4	5	-1	6	10	2.015504	1.250000	4	0	129	130	113	1.518532	2.553374	197.409163	0.041214	45842	25.987528	37.151927	256x256	65536	sparse	Learned	249	4	21	1649	30.550215	0.558401	26.985148	0.999535	0.661805	0.399504	6	1	0.250000	28	1712	30.793946	0.605976	0.999523	26.907894	0.249693	0.645014	5345	31.837300	0.726905	0.999810	31.334996	0.113834	0.634043	0.624113	0.166621	-0.255187	-0.034713	True	0.578948	0.372911	0.635369	26.985097	0.999550	7963
7964.png	0.721429	0.903247	0.949164	0.951151	0.947186	0.998657	28.430625	0.998860	28.737559	1.000000	0.632121	1.193812	31.036683	0.565237	1855	4	9	16	7	2.076923	2.250000	130	135	220.994949	3.342784	0.061982	-0.011696	0.220020	-0.000020	0.000126	0.245403	1174.997091	0.747028	4	9	-5	16	7	2.076923	2.250000	4	2	130	135	107	1.637000	3.342784	220.994949	0.061982	45179	24.355256	35.329380	256x256	65536	sparse	Learned	250	4	23	1778	31.191739	0.595820	28.181314	0.998734	0.754597	0.574413	7	12	0.000000	33	1838	31.494573	0.641043	0.998526	27.795332	0.100575	0.730883	4868	32.282942	0.727626	0.999393	31.474333	0.048803	0.628382	0.556245	0.057708	-0.155056	-0.030584	True	0.632121	0.754633	0.733125	28.210605	0.998676	7964
7965.png	0.784314	0.912952	0.954496	0.951366	0.957646	0.998999	28.222456	0.999117	28.655496	1.000000	0.625938	0.917385	31.589766	0.610819	2512	6	4	6	12	1.981651	0.666667	218	216	338.149278	2.853962	0.041661	-0.015889	-0.488075	-0.000134	-0.000003	0.198285	981.007338	0.799793	6	4	2	6	12	1.981651	0.666667	6	1	218	216	200	1.565506	2.853962	338.149278	0.041661	44675	17.784634	26.089172	256x256	65536	sparse	Learned	338	6	31	2476	31.948539	0.657138	28.728824	0.999120	0.801715	0.550671	8	6	0.000000	42	2440	32.278417	0.699230	0.999133	28.842593	0.482208	0.781517	3767	32.468808	0.712276	0.999478	31.201661	0.621863	0.778672	-0.073328	0.075267	-0.358773	-0.046319	True	0.704770	0.646545	0.800202	28.710532	0.999133	7965
7966.png	0.682566	0.882637	0.937660	0.940068	0.935264	0.999218	27.929805	0.999325	28.383629	1.000000	0.639405	0.662122	31.087399	0.565860	1962	4	6	11	9	2.025157	1.500000	159	161	237.551299	2.533316	0.028780	-0.003286	-0.205958	-0.000032	0.000056	0.299919	1024.561405	0.707113	4	6	-2	11	9	2.025157	1.500000	4	0	159	161	139	1.475474	2.533316	237.551299	0.028780	45202	23.038736	33.402650	256x256	65536	sparse	Learned	279	4	25	1959	31.235672	0.605186	28.111030	0.999269	0.700081	0.405479	8	1	0.000000	32	1928	31.494090	0.643632	0.999142	27.607297	0.210219	0.728493	4600	32.197911	0.720408	0.999653	31.493536	0.244972	0.706951	0.272599	0.233926	-0.148273	-0.039327	True	0.650062	0.430421	0.685851	28.135763	0.999251	7966
7967.png	0.576667	0.868450	0.929594	0.913318	0.946460	0.998799	28.393353	0.998841	28.652270	1.000000	0.565402	0.530234	30.985317	0.569653	2266	6	1	2	12	1.945652	0.166667	184	179	285.835570	2.936544	0.042935	0.019398	-0.071107	-0.000101	0.000059	0.429891	1143.906593	0.581560	6	1	5	2	12	1.945652	0.166667	6	0	184	179	170	1.596847	2.936544	285.835570	0.042935	45205	19.949250	28.921447	256x256	65536	sparse	Learned	304	6	27	2193	31.298780	0.616669	28.460958	0.998781	0.570109	0.355964	13	3	0.000000	34	2060	31.550695	0.653807	0.998578	28.070985	0.198179	0.574675	3853	31.886145	0.690990	0.999253	31.022958	0.175793	0.591945	0.191312	0.209438	-0.313463	-0.047016	True	0.568289	0.301326	0.557269	28.464459	0.998900	7967
7969.png	0.610144	0.915165	0.955704	0.947900	0.963636	0.998176	27.888362	0.998276	28.278753	1.000000	0.745384	0.483088	30.460117	0.554832	2780	5	9	18	11	2.034783	1.800000	230	234	391.353187	3.522392	0.052661	0.000936	-0.340633	-0.000175	-0.000004	0.402969	1293.296576	0.606582	5	9	-4	18	11	2.034783	1.800000	5	1	230	234	201	1.672450	3.522392	391.353187	0.052661	45751	16.457194	23.574101	256x256	65536	sparse	Learned	350	5	29	2745	30.913476	0.621518	28.245384	0.998280	0.597031	0.262396	23	4	0.000000	35	2758	31.205066	0.673223	0.997922	27.657676	0.247986	0.582911	3101	31.178301	0.644591	0.998653	29.666793	0.259182	0.598266	0.033369	0.482989	-0.453360	-0.066686	True	0.688597	0.332653	0.609208	28.228995	0.998351	7969
7970.png	0.470149	0.856890	0.922931	0.890725	0.957552	0.999388	28.437497	0.999400	28.663694	1.000000	0.474813	0.425297	31.319791	0.579254	1772	5	2	4	11	1.950820	0.400000	122	119	180.367532	2.770548	0.031742	-0.023815	-0.071676	-0.000086	0.000021	0.487433	970.641136	0.489630	5	2	3	4	11	1.950820	0.400000	5	0	122	119	107	1.515694	2.770548	180.367532	0.031742	44848	25.309255	36.984199	256x256	65536	sparse	Learned	242	5	24	1721	31.515179	0.609005	28.486947	0.999379	0.512567	0.244216	8	0	0.700000	32	1612	31.731155	0.642297	0.999266	28.000844	0.236621	0.493261	5161	32.691536	0.745286	0.999679	32.130390	0.158813	0.509928	0.176747	0.230596	-0.195388	-0.029751	True	0.505397	0.214944	0.493965	28.509173	0.999473	7970
7971.png	0.512913	0.896142	0.945227	0.929803	0.961171	0.998944	27.704872	0.998995	28.155594	1.000000	0.646545	0.464168	31.161143	0.589349	2336	5	7	13	9	2.020942	1.400000	191	193	300.178716	2.799138	0.043900	-0.001850	-0.573660	-0.000151	-0.000063	0.467662	1020.635366	0.542891	5	7	-2	13	9	2.020942	1.400000	5	2	191	193	169	1.555330	2.799138	300.178716	0.043900	44976	19.253425	28.054795	256x256	65536	sparse	Learned	311	5	29	2314	31.659150	0.638065	28.304861	0.999058	0.532338	0.333690	10	1	0.250000	39	2336	31.989458	0.679713	0.999088	28.507367	0.266553	0.524719	4020	32.227954	0.706620	0.999434	31.180000	0.198179	0.533856	-0.149267	0.312855	-0.498006	-0.048716	True	0.642278	0.298125	0.514763	28.278532	0.999095	7971
7972.png	0.527426	0.892633	0.943271	0.918871	0.969002	0.999218	27.813036	0.999224	28.111104	1.000000	0.755857	0.336095	30.476531	0.544433	2469	4	6	12	10	2.018100	1.500000	221	223	335.362482	2.808117	0.025081	-0.006996	-0.116016	-0.000096	-0.000001	0.489161	1004.261494	0.506897	4	6	-2	12	10	2.018100	1.500000	4	1	221	223	199	1.503868	2.808117	335.362482	0.025081	45787	18.544755	26.543540	256x256	65536	sparse	Learned	341	4	27	2427	30.839461	0.604219	28.017952	0.999225	0.510839	0.436893	7	3	0.000000	31	2206	31.016033	0.640394	0.999036	27.295950	0.258123	0.491101	3677	31.342981	0.666730	0.999430	29.979807	0.252805	0.510295	0.093153	0.318964	-0.362930	-0.059786	True	0.767764	0.258041	0.534422	27.929051	0.999313	7972
7973.png	0.714069	0.925665	0.961398	0.948045	0.975132	0.998368	28.235488	0.998397	28.617453	1.000000	0.697296	0.751222	31.090045	0.582345	2290	4	4	9	8	2.000000	1.000000	170	170	258.965512	3.815638	0.038745	0.019240	-0.168513	0.000033	0.000153	0.308356	1240.334749	0.717923	4	4	0	9	8	2.000000	1.000000	4	0	170	170	153	1.523327	3.815638	258.965512	0.038745	45140	19.711790	28.618341	256x256	65536	sparse	Learned	290	4	27	2120	31.455577	0.622877	28.404638	0.998244	0.691644	0.425928	12	8	0.000000	37	2150	31.694965	0.665329	0.998324	28.634219	0.509695	0.679925	4119	32.134694	0.707017	0.999016	31.026461	0.341159	0.677553	0.212815	0.271368	-0.365532	-0.040532	True	0.681776	0.512165	0.694829	28.404001	0.998335	7973
7974.png	0.534347	0.871062	0.931088	0.922174	0.940176	0.999025	28.026682	0.999109	28.560534	1.000000	0.653544	0.380304	30.754940	0.555835	2249	5	3	6	10	1.979899	0.600000	199	197	302.249783	2.755469	0.039557	-0.005791	-0.345754	-0.000205	0.000004	0.470158	942.084312	0.540084	5	3	2	6	10	1.979899	0.600000	5	1	199	197	183	1.534263	2.755469	302.249783	0.039557	45415	20.193419	29.140062	256x256	65536	sparse	Learned	319	5	26	2121	31.074246	0.603379	28.375960	0.999106	0.529842	0.405479	9	3	0.000000	33	2212	31.353947	0.650550	0.999010	28.053410	0.413912	0.504877	4143	31.790347	0.696531	0.999474	31.155398	0.159493	0.536420	0.184573	0.248065	-0.319306	-0.047545	True	0.656305	0.249595	0.540138	28.372436	0.999230	7974
7975.png	0.591047	0.835875	0.910601	0.906299	0.914944	0.998976	28.452359	0.999121	28.895006	1.000000	0.655272	0.423536	31.504444	0.586058	1873	4	4	7	8	2.000000	1.000000	164	164	237.095454	2.729021	0.033738	-0.004434	-0.216586	-0.000150	0.000007	0.380427	988.098145	0.613619	4	4	0	7	8	2.000000	1.000000	4	1	164	164	149	1.445704	2.729021	237.095454	0.033738	44706	23.868660	34.989856	256x256	65536	sparse	Learned	284	4	26	1873	31.655009	0.617511	28.718155	0.999114	0.619573	0.302324	12	5	0.000000	36	1792	31.951789	0.653435	0.999030	28.504314	0.175106	0.564027	4860	32.709435	0.740287	0.999578	32.202656	0.033027	0.467507	0.176851	0.352948	-0.150566	-0.031453	True	0.662098	0.280422	0.595481	28.668945	0.999126	7975
7976.png	0.680145	0.861862	0.925806	0.895755	0.957944	0.999167	28.266171	0.999068	28.428240	1.000000	0.599884	0.829788	30.898889	0.565564	2209	5	2	4	10	1.966102	0.400000	177	174	266.178716	3.001414	0.033111	0.008442	-0.079438	-0.000079	-0.000045	0.296571	1157.535315	0.717004	5	2	3	4	10	1.966102	0.400000	5	1	177	174	163	1.529763	3.001414	266.178716	0.033111	45320	20.516071	29.667723	256x256	65536	sparse	Learned	297	5	27	2186	31.278691	0.615273	28.420485	0.999112	0.703429	0.509583	8	9	0.000000	34	2182	31.515007	0.657619	0.998947	27.839120	0.387374	0.715507	3945	31.864316	0.695857	0.999453	30.706328	0.203478	0.685714	0.007756	0.090300	-0.379802	-0.049709	True	0.635052	0.526958	0.671702	28.345610	0.999246	7976
7977.png	0.645465	0.857143	0.923077	0.909545	0.937018	0.999094	27.723524	0.999196	28.108432	1.000000	0.758286	0.701924	30.952459	0.572987	2327	4	6	17	14	2.021164	1.500000	189	191	322.107648	2.612744	0.047295	-0.006512	-0.269244	-0.000196	-0.000007	0.334641	995.588779	0.672160	4	6	-2	17	14	2.021164	1.500000	4	0	189	191	158	1.686427	2.612744	322.107648	0.047295	45314	19.473141	28.163300	256x256	65536	sparse	Learned	309	4	28	2312	31.328062	0.622290	27.891338	0.999203	0.665359	0.566848	6	2	0.000000	35	2130	31.519465	0.659805	0.999068	27.345611	0.449815	0.638177	3926	31.901363	0.695304	0.999555	30.880741	0.385958	0.647422	0.217094	0.191438	-0.375603	-0.049302	True	0.782379	0.549171	0.651977	27.992768	0.999291	7977
7978.png	0.760933	0.929169	0.963284	0.953078	0.973711	0.998601	27.748697	0.998697	28.073473	1.000000	0.587973	0.708377	31.117712	0.599472	2638	6	5	9	11	1.990148	0.833333	203	202	299.421356	3.199169	0.038409	0.027356	-0.401536	-0.000250	-0.000075	0.263895	1068.335533	0.769305	6	5	1	9	11	1.990148	0.833333	6	0	203	202	183	1.482284	3.199169	299.421356	0.038409	45048	17.076573	24.843063	256x256	65536	sparse	Learned	323	6	31	2636	31.709255	0.652437	28.188129	0.998772	0.736105	0.425928	12	8	0.000000	40	2400	31.975621	0.689730	0.998612	27.943710	0.569248	0.739427	3467	32.062911	0.690068	0.999287	30.491351	0.348768	0.722347	-0.114656	0.162045	-0.591543	-0.052965	True	0.610672	0.432586	0.733577	28.150234	0.998850	7978
7979.png	0.692220	0.879650	0.935972	0.912599	0.960573	0.999566	27.431500	0.999654	27.799730	1.000000	0.527633	0.700283	30.194866	0.518276	1783	4	0	0	8	1.936000	0.000000	125	121	177.894444	2.517506	0.025268	0.019437	0.105892	-0.000089	0.000003	0.303122	779.045582	0.713161	4	0	4	0	8	1.936000	0.000000	4	0	125	121	117	1.470202	2.517506	177.894444	0.025268	45909	25.748177	36.756029	256x256	65536	sparse	Learned	245	4	21	1733	30.420972	0.556975	27.382963	0.999651	0.696878	0.295312	8	2	0.000000	26	1758	30.701883	0.599779	0.999551	26.541842	0.371236	0.683128	5033	31.637003	0.713019	0.999829	30.996251	0.228948	0.675622	0.416767	0.232322	-0.226106	-0.038699	True	0.520495	0.364494	0.672783	27.325608	0.999656	7979
7980.png	0.731447	0.916873	0.956634	0.945013	0.968545	0.998947	27.444707	0.999030	27.886081	1.000000	0.563078	0.836953	30.575081	0.549609	2260	5	2	4	10	1.962500	0.400000	160	157	243.178716	3.209719	0.035227	-0.007298	-0.102096	-0.000043	0.000061	0.251176	1240.918875	0.752040	5	2	3	4	10	1.962500	0.400000	5	0	160	157	146	1.548909	3.209719	243.178716	0.035227	45698	20.220354	28.998230	256x256	65536	sparse	Learned	280	5	25	2188	30.839045	0.597653	27.646515	0.998968	0.748824	0.610672	6	6	0.000000	31	2140	31.080246	0.641975	0.998760	27.070282	0.557044	0.762209	4112	31.565907	0.684448	0.999460	30.761085	0.482114	0.728933	0.239566	-0.047594	-0.263965	-0.048045	True	0.581886	0.487011	0.738744	27.546802	0.998990	7980
7981.png	0.596998	0.898901	0.946759	0.950610	0.942939	0.998926	27.436817	0.999112	27.978039	1.000000	0.747160	0.454521	30.121268	0.528389	2420	4	6	12	10	2.020513	1.500000	195	197	319.806133	2.924623	0.053529	0.012670	-0.454646	-0.000215	0.000007	0.408901	1152.868509	0.618913	4	6	-2	12	10	2.020513	1.500000	4	1	195	197	173	1.623381	2.924623	319.806133	0.053529	46095	19.047521	27.080992	256x256	65536	sparse	Learned	315	4	26	2409	30.563076	0.592477	27.862037	0.999105	0.591099	0.229682	21	2	0.000000	30	2388	30.768313	0.638045	0.998827	27.122194	0.333792	0.569378	3585	31.033441	0.653399	0.999410	30.063330	0.292173	0.596306	0.116002	0.517478	-0.441808	-0.064088	True	0.768922	0.349491	0.584328	27.891463	0.999141	7981
7982.png	0.674834	0.898260	0.946403	0.951099	0.941754	0.999083	27.365458	0.999248	27.857511	1.000000	0.599884	0.756709	30.100975	0.523462	2219	5	5	10	12	2.000000	1.000000	172	172	270.149278	2.603414	0.034345	-0.001161	-0.143182	-0.000126	0.000054	0.309584	1070.439100	0.701624	5	5	0	10	12	2.000000	1.000000	5	0	172	172	150	1.570635	2.603414	270.149278	0.034345	46059	20.756647	29.534024	256x256	65536	sparse	Learned	292	5	24	2193	30.416255	0.579633	27.459322	0.999193	0.690416	0.503415	8	4	0.000000	29	2202	30.694498	0.628369	0.998992	26.746244	0.456649	0.672716	4241	31.200031	0.676360	0.999472	30.092247	0.406469	0.674638	0.398189	0.096469	-0.315280	-0.056171	True	0.624689	0.472708	0.675995	27.508640	0.999208	7982
7983.png	0.591721	0.891528	0.942654	0.921440	0.964867	0.999289	28.197716	0.999213	28.406401	1.000000	0.522886	0.573423	30.606902	0.540291	1900	5	3	8	13	1.970149	0.600000	134	132	210.338095	2.913114	0.034232	0.002058	0.548580	0.000059	0.000279	0.398618	1196.599722	0.606375	5	3	2	8	13	1.970149	0.600000	5	0	134	132	113	1.593470	2.913114	210.338095	0.034232	45667	24.035263	34.492632	256x256	65536	sparse	Learned	254	5	23	1849	30.808680	0.579570	27.540515	0.998934	0.601382	0.268994	12	2	0.000000	28	1886	30.993063	0.620799	0.998809	26.879347	0.239161	0.564743	4737	31.796773	0.709808	0.999479	30.935036	0.273851	0.586100	0.865887	0.253892	-0.201778	-0.039279	True	0.524791	0.300927	0.589663	27.649136	0.999230	7983
7984.png	0.707944	0.857936	0.923536	0.889528	0.960248	0.999562	28.123079	0.999642	28.489960	1.000000	0.532334	0.801709	31.027778	0.563499	1689	4	1	2	8	1.950820	0.250000	122	119	169.781746	2.448323	0.033134	0.063809	0.532693	-0.000065	0.000050	0.310718	874.424219	0.728199	4	1	3	2	8	1.950820	0.250000	4	0	122	119	112	1.426737	2.448323	169.781746	0.033134	45219	26.772647	38.801658	256x256	65536	sparse	Learned	242	4	22	1622	31.182581	0.590122	27.689115	0.999592	0.689282	0.561765	4	3	0.000000	30	1514	31.439043	0.625565	0.999463	26.639109	0.468472	0.669080	5457	32.561083	0.748781	0.999821	31.977564	0.204671	0.669951	0.800845	-0.029431	-0.154803	-0.026623	True	0.546155	0.437858	0.644135	27.590386	0.999627	7984
7985.png	0.757798	0.905013	0.950139	0.937158	0.963483	0.999451	26.758271	0.999553	27.289649	1.000000	0.552465	0.807766	30.798115	0.564543	2134	5	2	4	10	1.963415	0.400000	164	161	233.450793	2.243223	0.020301	0.043749	-0.386873	-0.000121	-0.000017	0.282449	727.919817	0.772313	5	2	3	4	10	1.963415	0.400000	5	0	164	161	150	1.450005	2.243223	233.450793	0.020301	45445	21.295689	30.710403	256x256	65536	sparse	Learned	284	5	25	2038	31.108852	0.605295	27.191359	0.999569	0.717551	0.357572	8	2	0.000000	32	2112	31.422068	0.652531	0.999550	27.047748	0.463846	0.731148	4058	31.824108	0.694975	0.999796	30.667610	0.435282	0.711948	0.098291	0.194893	-0.310736	-0.040752	True	0.563078	0.454835	0.714050	27.145144	0.999572	7985
7986.png	0.666007	0.868069	0.929376	0.920270	0.938663	0.998935	28.018688	0.999067	28.454566	1.000000	0.662098	0.522930	31.277817	0.584939	2112	4	10	15	10	2.075472	2.500000	159	165	265.249783	2.947209	0.037993	-0.000447	-0.289123	-0.000180	0.000005	0.340466	1069.447041	0.675197	4	10	-6	15	10	2.075472	2.500000	4	1	159	165	134	1.607574	2.947209	265.249783	0.037993	45063	21.336648	31.030303	256x256	65536	sparse	Learned	279	4	27	2073	31.568906	0.626269	28.283615	0.999062	0.659534	0.299994	12	4	0.000000	33	1884	31.762014	0.657071	0.998948	27.818958	0.284937	0.630163	4361	32.322706	0.719144	0.999492	31.334867	0.210631	0.655452	0.170951	0.362104	-0.291088	-0.041331	True	0.688077	0.359816	0.666454	28.307811	0.999115	7986
7987.png	0.585976	0.880783	0.936613	0.926388	0.947066	0.998995	28.117240	0.999089	28.425486	1.000000	0.719168	0.382673	31.651282	0.608103	2280	4	9	16	8	2.053476	2.250000	187	192	301.078210	2.824920	0.034214	-0.010178	-0.124541	-0.000095	0.000012	0.400119	1171.216249	0.592749	4	9	-5	16	8	2.053476	2.250000	4	2	187	192	163	1.568116	2.824920	301.078210	0.034214	44712	19.610526	28.743860	256x256	65536	sparse	Learned	307	4	29	2172	31.941022	0.645861	28.265601	0.999077	0.599881	0.322943	10	4	0.000000	41	2044	32.209315	0.679545	0.998988	28.293778	0.335746	0.595352	4009	32.540642	0.716811	0.999487	31.123637	0.351656	0.594498	0.159885	0.396225	-0.289740	-0.037757	True	0.740760	0.283469	0.596154	28.241780	0.999090	7987
7988.png	0.774540	0.916404	0.956379	0.957955	0.954807	0.999245	27.177773	0.999356	27.822128	1.000000	0.599483	0.806689	30.920747	0.562592	1945	4	2	5	10	1.971631	0.500000	141	139	209.994949	2.912970	0.028536	0.003111	-0.366768	-0.000125	0.000008	0.241806	1082.410574	0.781033	4	2	2	5	10	1.971631	0.500000	4	0	141	139	126	1.510755	2.912970	209.994949	0.028536	45295	23.287918	33.694602	256x256	65536	sparse	Learned	261	4	24	1896	31.140571	0.601171	27.533581	0.999348	0.758194	0.491691	6	2	0.000000	31	1860	31.387943	0.639795	0.999203	26.931389	0.451188	0.742313	4717	32.132942	0.720782	0.999717	31.319734	0.260740	0.745962	0.288547	0.107792	-0.219823	-0.038578	True	0.607414	0.489994	0.771429	27.544541	0.999370	7988
7989.png	0.847619	0.934783	0.966292	0.963109	0.969496	0.999205	27.075138	0.999330	27.518781	1.000000	0.673720	0.821229	30.449459	0.547160	2385	4	2	3	7	1.977901	0.500000	181	179	267.220346	2.921290	0.029110	0.028735	-0.323808	-0.000159	-0.000024	0.176261	988.888502	0.870596	4	2	2	3	7	1.977901	0.500000	4	0	181	179	171	1.492851	2.921290	267.220346	0.029110	45761	19.187002	27.478407	256x256	65536	sparse	Learned	301	4	26	2325	30.822500	0.602564	27.398403	0.999354	0.823739	0.743339	4	9	0.000000	31	2250	31.016445	0.646155	0.999233	26.916014	0.629166	0.811398	3926	31.416796	0.677297	0.999639	30.145535	0.554506	0.821002	0.120378	-0.069619	-0.373041	-0.055404	True	0.684942	0.562495	0.818884	27.398946	0.999364	7989
7990.png	0.719204	0.903963	0.949560	0.946528	0.952610	0.999197	27.454335	0.999319	27.948072	1.000000	0.599483	0.949382	30.837964	0.559189	1931	4	4	6	7	2.000000	1.000000	136	136	207.994949	3.113178	0.037440	-0.026746	-0.338906	-0.000109	0.000016	0.253304	1020.653009	0.727969	4	4	0	6	7	2.000000	1.000000	4	1	136	136	123	1.529375	3.113178	207.994949	0.037440	45401	23.511652	33.938892	256x256	65536	sparse	Learned	256	4	24	1885	31.122511	0.596398	27.816026	0.999302	0.746696	0.508356	6	5	0.000000	31	1804	31.317733	0.634301	0.999175	27.204756	0.595053	0.743402	4810	32.128205	0.722279	0.999690	31.507371	0.449967	0.731365	0.132046	0.091128	-0.284547	-0.037209	True	0.609372	0.578527	0.745950	27.793241	0.999306	7990
7991.png	0.780420	0.880022	0.936183	0.925469	0.947147	0.999046	27.201432	0.999227	27.810267	1.000000	0.776870	0.805740	30.184223	0.541767	2494	4	13	24	10	2.085308	3.250000	211	220	356.847763	2.584502	0.044424	0.090009	-0.487460	-0.000231	-0.000024	0.290219	1139.183760	0.820112	4	13	-9	24	10	2.085308	3.250000	4	2	211	220	177	1.622035	2.584502	356.847763	0.044424	45787	18.358861	26.277466	256x256	65536	sparse	Learned	331	4	27	2444	30.804925	0.606994	27.722534	0.999252	0.709781	0.510318	10	8	0.000000	31	2384	31.016479	0.649882	0.999110	27.145687	0.426884	0.700517	3644	31.298641	0.667223	0.999478	29.524893	0.227184	0.694785	0.087733	0.266551	-0.620702	-0.065228	True	0.795052	0.640605	0.690411	27.688892	0.999277	7991
7992.png	0.646785	0.893136	0.943552	0.930894	0.956558	0.999344	28.009401	0.999410	28.327782	1.000000	0.534201	0.639334	31.117351	0.571184	1870	5	2	3	9	1.959459	0.400000	148	145	209.429305	2.902848	0.033742	-0.007356	0.296349	-0.000028	0.000040	0.342165	798.565149	0.658218	5	2	3	3	9	1.959459	0.400000	5	1	148	145	136	1.444340	2.902848	209.429305	0.033742	45194	24.167914	35.045989	256x256	65536	sparse	Learned	268	5	24	1870	31.259242	0.603825	27.796206	0.999370	0.657835	0.460259	6	1	0.900000	31	1724	31.499309	0.639119	0.999257	27.360346	0.466342	0.647416	4871	32.350057	0.730837	0.999677	31.289724	0.270732	0.643836	0.531576	0.073941	-0.141890	-0.032641	True	0.554251	0.354351	0.654141	27.713052	0.999372	7992
7993.png	0.661695	0.912752	0.954386	0.967033	0.942065	0.999098	27.817534	0.999287	28.168166	1.000000	0.643706	0.650626	31.506813	0.603574	2311	5	3	7	12	1.978947	0.600000	190	188	294.936075	2.650898	0.034019	-0.020070	-0.261481	-0.000176	-0.000074	0.315601	879.882336	0.687577	5	3	2	7	12	1.978947	0.600000	5	0	190	188	171	1.568809	2.650898	294.936075	0.034019	44824	19.395932	28.358286	256x256	65536	sparse	Learned	310	5	28	2272	31.757512	0.642983	28.147370	0.999361	0.684399	0.374303	9	1	0.100000	40	2182	32.130534	0.681771	0.999351	28.515933	0.330796	0.667457	4098	32.468993	0.719116	0.999633	31.135100	0.286193	0.688179	0.020796	0.269403	-0.250699	-0.039409	True	0.659043	0.428791	0.681765	28.079015	0.999274	7993
7994.png	0.649705	0.908555	0.952087	0.942617	0.961749	0.999255	27.841448	0.999238	28.010945	1.000000	0.644774	0.857940	31.499211	0.598668	2003	4	4	8	8	2.000000	1.000000	156	156	236.722871	2.732704	0.038070	-0.014057	0.089324	-0.000038	0.000063	0.318578	1066.181898	0.667649	4	4	0	8	8	2.000000	1.000000	4	1	156	156	140	1.517454	2.732704	236.722871	0.038070	44777	22.354968	32.718922	256x256	65536	sparse	Learned	276	4	26	1938	31.722338	0.629288	27.699632	0.999174	0.681422	0.500093	6	5	0.000000	37	1974	32.007330	0.670669	0.999027	27.509834	0.415584	0.652301	4662	32.702825	0.734827	0.999638	31.799753	0.414916	0.693372	0.311313	0.144681	-0.223127	-0.030619	True	0.680181	0.583555	0.663762	27.752124	0.999293	7994
7995.png	0.484785	0.867617	0.929117	0.901587	0.958380	0.998535	28.365888	0.998310	28.680594	1.000000	0.683363	0.498751	30.392066	0.532754	2165	4	4	11	10	2.000000	1.000000	170	170	260.279221	3.600849	0.039606	0.017554	-0.117993	-0.000131	0.000080	0.537722	1414.888144	0.478392	4	4	0	11	10	2.000000	1.000000	4	0	170	170	149	1.531054	3.600849	260.279221	0.039606	45823	21.165358	30.270670	256x256	65536	sparse	Learned	290	4	25	2122	30.726167	0.585298	28.457429	0.998230	0.462278	0.351656	12	3	0.000000	30	1960	30.906495	0.619595	0.997834	27.688705	0.317190	0.457930	4359	31.499402	0.690107	0.998954	30.867931	0.085366	0.518375	0.223165	0.331708	-0.334101	-0.052544	True	0.624689	0.311564	0.467230	28.483881	0.998667	7995
7996.png	0.747608	0.861927	0.925844	0.902214	0.950745	0.999093	27.991654	0.999157	28.400409	1.000000	0.713495	0.872785	31.631120	0.608524	2193	4	5	10	10	2.010929	1.250000	183	184	286.036580	2.939187	0.043592	0.003277	-0.269517	-0.000123	-0.000004	0.252212	1033.092499	0.757310	4	5	-1	10	10	2.010929	1.250000	4	0	183	184	163	1.554547	2.939187	286.036580	0.043592	44624	20.348381	29.884177	256x256	65536	sparse	Learned	303	4	28	2142	31.948022	0.646631	28.319290	0.999161	0.747788	0.470065	8	2	0.000000	42	2096	32.242426	0.684319	0.999184	28.505631	0.510808	0.728036	4250	32.674125	0.729864	0.999569	31.429304	0.328101	0.728861	0.081119	0.243431	-0.316903	-0.038107	True	0.719168	0.627679	0.744331	28.261172	0.999216	7996
7997.png	0.672193	0.877141	0.934550	0.914596	0.955393	0.999417	27.128314	0.999477	27.715920	1.000000	0.706242	0.504199	30.724963	0.562169	2247	4	7	15	11	2.034091	1.750000	176	179	299.362482	2.352916	0.039412	-0.000405	-0.515596	-0.000112	-0.000036	0.329861	802.212477	0.676991	4	7	-3	15	11	2.034091	1.750000	4	1	176	179	150	1.672416	2.352916	299.362482	0.039412	45430	20.218069	29.165999	256x256	65536	sparse	Learned	296	4	26	2194	31.101958	0.610339	27.753786	0.999514	0.670139	0.377078	9	0	0.000000	32	2144	31.334879	0.652141	0.999385	26.925320	0.306119	0.634752	4149	31.821652	0.697098	0.999742	30.920869	0.237468	0.684358	-0.037866	0.329165	-0.376995	-0.048170	True	0.700308	0.353095	0.672598	27.643910	0.999529	7997
7998.png	0.641565	0.899646	0.947172	0.960908	0.933824	0.998903	27.424527	0.999126	27.956427	1.000000	0.596670	0.552244	30.637734	0.553205	2235	5	2	4	11	1.965714	0.400000	175	172	255.965512	3.051031	0.033566	-0.010513	-0.310483	-0.000144	0.000052	0.337486	1070.641756	0.665262	5	2	3	4	11	1.965714	0.400000	5	0	175	172	160	1.488172	3.051031	255.965512	0.033566	45625	20.413870	29.322595	256x256	65536	sparse	Learned	295	5	25	2091	30.957387	0.598834	27.668234	0.999073	0.662514	0.488291	8	6	0.000000	32	2124	31.171199	0.644007	0.998959	27.295443	0.477208	0.648588	4249	31.703738	0.697003	0.999515	30.930776	0.292959	0.648725	0.288192	0.108378	-0.319652	-0.045629	True	0.618636	0.341638	0.652078	27.735010	0.999047	7998
7999.png	0.698861	0.894766	0.944461	0.934945	0.954172	0.998898	27.498868	0.999089	27.882467	1.000000	0.755857	0.581135	31.308135	0.603844	2418	4	1	4	10	1.971429	0.250000	210	207	318.764502	2.818863	0.039495	0.018960	-0.623065	-0.000305	-0.000090	0.296813	924.939156	0.729110	4	1	3	4	10	1.971429	0.250000	4	0	210	207	196	1.539925	2.818863	318.764502	0.039495	44873	18.557899	27.103391	256x256	65536	sparse	Learned	330	4	29	2342	31.756541	0.647561	28.147814	0.999179	0.703187	0.534998	7	1	0.125000	41	2260	32.112307	0.688240	0.999138	28.242797	0.471652	0.687940	3792	32.347513	0.708871	0.999542	31.175594	0.399504	0.676263	-0.265346	0.220858	-0.448405	-0.043717	True	0.770075	0.447517	0.679901	28.121933	0.999203	7999
