filename,gt_iou,seg_iou,seg_f1,seg_precision,seg_recall,gt_fg_ssim,gt_fg_psnr,ng_fg_ssim,ng_fg_psnr,ng_iou,ng_topo_q,topo_preservation,ng_psnr,ng_ssim,ng_bytes,graph_n_components,graph_n_cycles,graph_n_junctions,graph_n_endpoints,graph_mean_degree,graph_complexity,n_nodes,n_edges,total_edge_length,mean_width_px,mean_curvature,delta_gt_iou,delta_gt_fg_psnr,delta_gt_fg_ssim,delta_fg_ssim,delta_iou,total_time_ms,ng_recon_iou,ng_n_components,ng_n_cycles,ng_euler_characteristic,ng_n_junctions,ng_n_endpoints,ng_mean_degree,ng_graph_complexity,ng_seg_beta_0,ng_seg_beta_1,graph_n_nodes,graph_n_edges,graph_n_sampled,graph_mean_edge_length,graph_mean_width,graph_total_edge_length,graph_mean_curvature,png_bytes,ng_vs_png,ng_vs_raw,image_shape,image_pixels,image_type,segmenter,n_points,n_structures,jpeg_quality,jpeg_bytes,jpeg_psnr,jpeg_ssim,jpeg_fg_psnr,jpeg_fg_ssim,jpeg_iou,jpeg_topo_q,jpeg_beta_0,jpeg_beta_1,jpeg_betti_preservation,webp_quality,webp_bytes,webp_psnr,webp_ssim,webp_fg_ssim,webp_fg_psnr,webp_topo_q,webp_iou,jp2_bytes,jp2_psnr,jp2_ssim,jp2_fg_ssim,jp2_fg_psnr,jp2_topo_q,jp2_iou,delta_fg_psnr,delta_topo_q,delta_psnr,delta_ssim,gt_available,gt_topology_q,recon_topology_q,jpeg_gt_iou,jpeg_gt_fg_psnr,jpeg_gt_fg_ssim,stem
7249.png,0.6104375329467581,0.9122354155911203,0.9541036717062634,0.9449197860962567,0.9634678298800436,0.9989887418269681,28.247997824804372,0.9990606638524542,28.502093732226722,1.0,0.657676814056212,0.43180504711195034,30.65368154434974,0.5558790638291489,2406,5,3,6,10,1.979899497487437,0.6,199,197,302.07821048680233,2.978190017105946,0.027029525885238936,-0.002075080574937216,0.049272045239771245,-4.8685950343796414e-05,4.8334405559957716e-05,0.3815723585378067,2975.8083820343018,0.620020964360587,5,3,2,6,10,1.979899497487437,0.6,5,0,199,197,183,1.533391931405086,2.978190017105946,302.07821048680233,0.027029525885238936,45624,18.962593516209477,27.238570241064007,256x256,65536,sparse,Learned,319,5,27,2374,30.982440098609317,0.6111776796869837,28.170606107356985,0.9990123294468942,0.6184276414621933,0.32856182237013287,12,4,0.0,32,2160,31.174372661000188,0.6464230836423612,0.9988733538827944,27.678557303585627,0.2771946977736871,0.5687061183550652,3799,31.51871495351123,0.676896146436112,0.9993245841638643,30.05444054810347,0.31808969191364855,0.6071964017991005,0.3314876248697374,0.32911499168607916,-0.3287585542595757,-0.0552986158578348,True,0.6776121644545745,0.2925963525959382,0.6125126135216953,28.1987257795646,0.9990374277773119,7249
7250.png,0.6384274640088593,0.8679135008766803,0.9292866082603255,0.9172328597899938,0.9416613823715916,0.9990024747619893,28.24897079818756,0.9990628817802178,28.503765188535635,1.0,0.7191683782216203,0.7215077519559875,31.333857643771047,0.589086118601217,2180,4,7,15,11,2.033333333333333,1.75,180,183,291.45079348883263,2.8918028778500027,0.04127621756989711,0.031043168637044483,0.06995467475963224,-0.00011326190805382996,3.1967596837989554e-05,0.3690786048932847,1124.6118545532227,0.6718662952646239,4,7,-3,15,11,2.033333333333333,1.75,4,1,180,183,154,1.5926272868242208,2.8918028778500027,291.45079348883263,0.04127621756989711,44906,20.59908256880734,30.06238532110092,256x256,65536,sparse,Learned,300,4,28,2154,31.65337155279987,0.6320124069662926,28.19038610426086,0.9990309141833799,0.6309213951067153,0.6441810814626581,6,10,0.0,37,2118,31.878488210311048,0.6703207799885555,0.9989592756901873,28.146309199694915,0.4475173967041721,0.614382490880667,4216,32.39867877657186,0.7188010053419989,0.9994834679189334,31.431567549093256,0.27798855305048986,0.6296866974833076,0.313379084274775,0.07498729675896221,-0.31951390902882437,-0.042926288365075616,True,0.7433392230464442,0.5363250117609503,0.6073842953718148,28.179016123427928,0.9991157366700432,7250
7251.png,0.7752161383285303,0.8544668587896254,0.9215229215229216,0.9280125195618153,0.9151234567901234,0.9988476976642934,25.19061412398138,0.999492681823852,27.13057898065372,1.0,0.7032899857059547,0.8472567012595011,31.149035471341072,0.6060093120104517,2317,4,6,13,11,2.0224719101123596,1.5,178,180,282.9360748630714,2.3691869304421243,0.04469813271254722,0.03959113832853034,-2.2866634536563453,-0.0006594380006934575,-7.682842049394623e-05,0.2537974683544304,779.6869277954102,0.8657513348588863,4,6,-2,13,11,2.0224719101123596,1.5,4,0,178,180,154,1.5718670825726166,2.3691869304421243,282.9360748630714,0.04469813271254722,44830,19.348295209322398,28.28485110056107,256x256,65536,sparse,Learned,298,4,29,2269,31.863660140724846,0.6505725283986983,27.574023941617728,0.9995695102443459,0.7462025316455696,0.6291657197018043,5,0,0.875,39,2108,32.10954769096576,0.6817547684163257,0.9995517529532068,27.879059566776817,0.7341970409110734,0.7398734177215189,4109,32.52815670740829,0.7203869883460411,0.9997907133855559,31.327604554954856,0.5292053810895769,0.7408111533586819,-0.4434449609640083,0.07412426600415034,-0.7146246693837739,-0.04456321638824656,True,0.7247292169102477,0.6140316856257579,0.735625,27.477277577637725,0.9995071356649868,7251
7252.png,0.8021201413427562,0.9189895470383276,0.9577848388561052,0.943649373881932,0.9723502304147466,0.9993595089019908,27.403278315181375,0.9993940221753572,27.700917847282636,1.0,0.5392962190010342,1.0931124390402027,30.81046551379292,0.5536911258312579,1818,4,1,2,8,1.949579831932773,0.25,119,116,171.1959594928933,3.189223790369114,0.028851221528091487,0.026186531384249978,0.08388951681832424,-2.8867178169855734e-05,4.417232727538245e-05,0.21152263374485591,1004.7411918640137,0.826431718061674,4,1,3,2,8,1.949579831932773,0.25,4,0,119,116,109,1.475827237007701,3.189223790369114,171.1959594928933,0.028851221528091487,45467,25.009350935093508,36.04840484048405,256x256,65536,sparse,Learned,239,4,22,1700,30.956801176584175,0.5829889104704072,27.329032189416594,0.9993498498480818,0.7884773662551441,0.47270757595695145,5,1,0.375,29,1624,31.189119475775954,0.6189891940382454,0.9992602821676969,26.864686604069874,0.5573606726386489,0.7926829268292683,5280,32.238813785099026,0.7370564081834431,0.9997446435628631,31.617017760021945,0.6155724752496214,0.7730263157894737,0.37188565786604144,0.06658864304408274,-0.14633566279125532,-0.029297784639149338,True,0.5484187650774077,0.5994833739091812,0.7759336099585062,27.31938879836305,0.9993883760801606,7252
7253.png,0.5400966183574879,0.8473138548539114,0.9173469387755101,0.8779296875,0.9604700854700855,0.9995017634595733,27.726183987843754,0.9995349763672179,28.092430553653287,1.0,0.5768379176822511,0.44605880797493713,31.159136351803546,0.5797963076538545,1776,4,2,5,9,1.9699248120300752,0.5,133,131,195.75230867899745,2.5522368043885195,0.04032312092591086,0.01681915094594233,-0.0456634583454516,-8.893689713573849e-05,5.164620401898468e-06,0.44684684684684683,894.7756290435791,0.5734331150608045,4,2,2,5,9,1.9699248120300752,0.5,4,0,133,131,119,1.494292432664102,2.5522368043885195,195.75230867899745,0.04032312092591086,44924,25.295045045045047,36.9009009009009,256x256,65536,sparse,Learned,253,4,24,1732,31.4606456971288,0.6096458442678412,27.74061488175991,0.999529811746816,0.5531531531531532,0.3122196249249557,7,2,0.0,34,1710,31.695093216260947,0.6460565528011312,0.9994859681265033,27.629922584589757,0.22190689591947144,0.5394853593611357,5117,32.64945329177711,0.7442231532870843,0.9997911827862914,31.99893264275044,0.2628766256083722,0.5638766519823789,0.3518156718933767,0.2646182927572954,-0.301509345325254,-0.029849536613986705,True,0.581048450752361,0.2591817793182821,0.5232774674115456,27.771847446189206,0.999590700356709,7253
7254.png,0.8008752735229759,0.9212253829321663,0.958997722095672,0.9633867276887872,0.9546485260770975,0.9992411602588475,27.067727154938517,0.9994084168513467,27.699878695432176,1.0,0.6720847211004115,0.8505106272606018,31.22281710012502,0.5900698206123134,2220,4,0,1,9,1.9550561797752808,0.0,178,174,255.35028842544446,2.600488177845987,0.026880407868430236,0.02472603967887199,-0.5479782592429245,-0.0001763255838033162,-1.5727376537655324e-05,0.21639784946236562,845.4222679138184,0.830849478390462,4,0,4,1,9,1.9550561797752808,0.0,4,0,178,174,168,1.4675303932496786,2.600488177845987,255.35028842544446,0.026880407868430236,44986,20.263963963963963,29.52072072072072,256x256,65536,sparse,Learned,298,4,28,2191,31.610138812182175,0.6331195174697021,27.617173491853478,0.9994241442278844,0.7836021505376344,0.5292053810895769,6,2,0.0,37,2192,31.842865267593563,0.6741318036308631,0.9993633763305241,27.61029187737119,0.5083558025390349,0.7687667560321716,3998,32.22344499938911,0.705249165006452,0.9997234428504679,31.194030381650393,0.3675675219699778,0.7604026845637584,0.0827052035786977,0.14287934001083458,-0.3873217120571546,-0.043049696857388686,True,0.6880773379673533,0.5852170883184187,0.776149233844104,27.61570541418144,0.9994174858426508,7254
7255.png,0.7293116782675947,0.8976135488837568,0.9460446247464503,0.9533932951757972,0.9388083735909822,0.9991581765983842,26.956767790389748,0.9994258512091433,27.768810108898315,1.0,0.6190168002606627,0.8882198851725365,30.68820425507119,0.5500515612652148,1972,4,5,10,9,2.0140845070422535,1.25,142,143,230.03657992645938,2.809928711031524,0.03450386212265952,0.021372858165628172,-0.2818983877418262,-0.0001546227326599814,4.814607736081111e-05,0.2719167904903418,949.5646953582764,0.7679425837320574,4,5,-1,10,9,2.0140845070422535,1.25,4,1,142,143,123,1.608647412073142,2.809928711031524,230.03657992645938,0.03450386212265952,45536,23.091277890466532,33.233265720081135,256x256,65536,sparse,Learned,262,4,23,1921,30.786535011966865,0.5873725643370432,27.28590310614392,0.9993777051317825,0.7280832095096582,0.40547945202980573,6,0,0.25,31,1812,31.141896203871138,0.6265966832747935,0.9993144658252177,26.950074288844704,0.5529120734406436,0.7415477084898573,4620,31.87676714504906,0.7094503689902883,0.9997073783541686,31.017526169645993,0.38532811057020366,0.7306547619047619,0.4829070027543949,0.21353734823085702,-0.09833075689567394,-0.037321003071828396,True,0.6518075726938024,0.5789484473726789,0.7079388201019665,27.238666178131574,0.9993127993310442,7255
7256.png,0.48771929824561405,0.8185595567867036,0.9002284843869003,0.9036697247706422,0.8968133535660091,0.9989818191560284,28.412810381270546,0.9992137114332998,28.9777412325068,1.0,0.6604044743550609,0.44366078675345466,31.606895480707145,0.6030376638645093,1976,4,2,7,11,1.975,0.5,160,158,245.06601717798233,2.867817547917366,0.04378153270029572,-0.010956198443127674,-0.5750352777394205,-0.00024653853711642526,-2.5553280927903543e-06,0.46106557377049184,1136.070728302002,0.5334302325581395,4,2,2,7,11,1.975,0.5,4,0,160,158,142,1.5510507416327983,2.867817547917366,245.06601717798233,0.04378153270029572,44562,22.55161943319838,33.16599190283401,256x256,65536,sparse,Learned,280,4,27,1928,31.93036359945143,0.6371713154433382,28.896636261956267,0.9992162667613926,0.5389344262295082,0.3494909052766835,10,2,0.0,39,1944,32.243170949115395,0.6740817340066886,0.9991235530338274,28.748644647095976,0.22674225951680937,0.5027510316368639,4768,32.93112766092737,0.7456367104038188,0.9996279072714002,32.44555701243661,0.2627010991478629,0.5331081081081082,0.081104970550534,0.3109135690783774,-0.32346811874428383,-0.03413365157882886,True,0.6988057880877979,0.31003272573090035,0.4986754966887417,28.987845659009967,0.9992283576931448,7256
7257.png,0.6351531291611185,0.815086782376502,0.8981243104082383,0.920814479638009,0.8765254845656856,0.9990683893014948,27.516765668714665,0.9993758928407024,28.07309423927098,1.0,0.7032899857059547,0.5547859428836922,30.329029318375476,0.5309053378545222,2141,4,6,10,7,2.021505376344086,1.5,186,188,279.10764773832506,2.4211134474764586,0.041137277162240214,0.02124425625943993,-0.48487877402104473,-0.00026292187601062444,9.080446274012388e-06,0.359375,895.6806659698486,0.6967329545454546,4,6,-2,10,7,2.021505376344086,1.5,4,1,186,188,169,1.4846151475442808,2.4211134474764586,279.10764773832506,0.041137277162240214,45763,21.37459131247081,30.60999532928538,256x256,65536,sparse,Learned,306,4,25,2124,30.718891472980864,0.5862644504412541,27.865649671634266,0.9993668123944284,0.640625,0.40547945202980573,10,4,0.0,31,2044,30.937600006667118,0.6253952693120267,0.9992582074409467,27.297323417512686,0.24739181580152425,0.6335403726708074,4384,31.529568796389075,0.6947753797654965,0.9996836114486831,31.110815364697906,0.099346030132204,0.5967078189300411,0.20744456763671337,0.29781053367614896,-0.38986215460538887,-0.05535911258673187,True,0.7261021356685544,0.4028312579667416,0.6139088729016786,28.00164444273571,0.9993313111775054,7257
7258.png,0.7553398058252427,0.858242463117383,0.9237141870900932,0.9523131672597864,0.8967828418230563,0.9990740752528884,26.137797354787054,0.9994483814178482,27.217071814439016,1.0,0.6291657197018043,0.8327273980717126,30.059409912898836,0.5289286712551048,2329,5,1,3,11,1.9572192513368984,0.2,187,183,287.9066376115485,2.434916660747426,0.04049040197238033,0.006091459463246296,-1.0142761694350213,-0.00035726791024359716,-3.5250421442811763e-05,0.24064837905236913,878.6730766296387,0.8166089965397924,5,1,4,3,11,1.9572192513368984,0.2,5,0,187,183,173,1.573260314817203,2.434916660747426,287.9066376115485,0.04049040197238033,46114,19.799914126234434,28.139115500214686,256x256,65536,sparse,Learned,307,5,24,2162,30.486151403992487,0.5830796618805502,27.10009865010624,0.999483631839291,0.7593516209476309,0.5796496154913181,6,1,0.4,28,2220,30.704281904952246,0.630602319375829,0.999408774715989,26.637341166746307,0.6379597914565125,0.7492202121023082,4084,31.197811992333296,0.6713969643009416,0.9997300153792573,30.211076627247984,0.5557769915795154,0.7592245153220762,0.11697316433277649,0.049516104210486245,-0.4267414910936509,-0.05415099062544537,True,0.657676814056212,0.547665502141123,0.7492483463619964,27.152073524222075,0.999431343163132,7258
7259.png,0.6242726517040732,0.9115479115479116,0.9537275064267352,0.9537275064267352,0.9537275064267352,0.9990712572540251,27.614732015228725,0.9991634784258253,28.09492237633836,1.0,0.529989385269462,0.4690920281480987,30.83316064958028,0.5530563385578355,1795,4,0,0,8,1.934959349593496,0.0,123,119,176.40916292848985,3.2353457677655104,0.025409702479750818,0.009738686459207502,0.29727187954269496,-2.2488900597528172e-05,7.51216742883587e-05,0.3918174665617624,1087.6498222351074,0.639261744966443,4,0,4,0,8,1.934959349593496,0.0,4,0,123,119,115,1.4824299405755448,3.2353457677655104,176.40916292848985,0.025409702479750818,45422,25.30473537604457,36.51030640668524,256x256,65536,sparse,Learned,243,4,22,1686,30.948933756440134,0.5823144630906726,27.45289089561608,0.999088356751537,0.6081825334382376,0.2510558835210056,11,1,0.0,31,1626,31.228228857755113,0.6194978608183194,0.9989771494481761,27.079454030262177,0.36328209540643375,0.6063492063492063,5270,32.22498079371073,0.7362182659313361,0.999616789258445,31.80894672766945,0.2462289970108006,0.6179952644041041,0.6420314807222809,0.27893350174845644,-0.11577310685985509,-0.02925812453283705,True,0.5438802982143608,0.25512991215916725,0.6145339652448657,27.31746013568603,0.9990937461546227,7259
7260.png,0.7104708362614195,0.8997214484679665,0.9472140762463342,0.9513991163475699,0.9430656934306569,0.9990526477302014,26.89313941680154,0.9992702791638112,27.42205757072707,1.0,0.5148675503828364,0.8249257653505488,31.347957906003803,0.5930348776250135,2174,5,0,1,11,1.9397590361445782,0.0,166,161,244.5218613006983,2.639553849955639,0.021955687688508724,-0.0010023477168561445,-1.0101303808483557,-0.00032194776004357273,-0.00011694715637333708,0.2779684282772821,900.0263214111328,0.7411933860531992,5,0,5,1,11,1.9397590361445782,0.0,6,0,166,161,154,1.5187693248490552,2.639553849955639,244.5218613006983,0.021955687688508724,44960,20.680772769089238,30.145354185832566,256x256,65536,sparse,Learned,288,6,28,2143,31.673889346340257,0.6332604337961439,27.890162658079806,0.9993872263201845,0.7220315717227179,0.3269933040626136,10,0,0.6666666666666667,37,2130,31.87998998859439,0.6733886975820473,0.999248998566782,27.487216326492874,0.42305018961951335,0.7172271791352093,4253,32.37028999541009,0.7171413619069785,0.9996716786964536,31.15199055206032,0.45528905436548717,0.7102546455609084,-0.46810508735273615,0.18787424632022276,-0.32593144033645416,-0.04022555617113044,True,0.5354409796390885,0.44169905992882275,0.7114731839782756,27.903269797649894,0.999374595490245,7260
7261.png,0.6843876177658142,0.8559498956158664,0.9223847019122611,0.8978102189781022,0.9483423284502699,0.9993315458379769,27.11838043914231,0.9993421114870471,27.60344250918465,1.0,0.6124847205006303,0.883999876248789,30.481324333500904,0.5454409175155533,2181,5,7,13,11,2.022727272727273,1.4,176,178,278.9066376115485,2.6308677900921213,0.027007151979057675,0.012039132917329387,-0.4347477435904388,-0.00015876924103674916,-5.837341221481829e-05,0.31141439205955335,915.4801368713379,0.707090788601723,5,7,-2,13,11,2.022727272727273,1.4,5,1,176,178,152,1.5668912225367873,2.6308677900921213,278.9066376115485,0.027007151979057675,45701,20.954149472718935,30.048601558917927,256x256,65536,sparse,Learned,296,5,25,2129,30.844110840032613,0.5955040978519699,27.623196902991047,0.9994004848992619,0.6885856079404467,0.4185453059230718,9,4,0.0,31,2088,31.063447945739032,0.63804618658263,0.999277400887938,26.98415815637817,0.5838321717007806,0.6481823783117683,4357,31.68003542537157,0.697062649355428,0.9996979719389191,30.92649425336824,0.3491081403011257,0.686994399502178,-0.019754393806397985,0.19393941457755848,-0.36278650653170885,-0.050063180336416546,True,0.6109315551227636,0.5400634191250032,0.6723484848484849,27.55312818273275,0.9994903150790136,7261
7262.png,0.6499416569428238,0.9047051816557474,0.9499687304565353,0.9535467671060891,0.946417445482866,0.9987547374989161,28.45392679068942,0.9989363348315476,28.70671216338507,1.0,0.5415939886947765,0.8647509423746764,31.71327515067846,0.6114934645349055,2097,4,2,7,9,1.973856209150327,0.5,153,151,222.4507934888327,3.2949874463424185,0.023353724450835507,-0.020639670127052923,-0.08102479666674256,-0.00013391429954112688,-8.584811129863645e-06,0.3216824644549763,1290.0805473327637,0.6643026004728132,4,2,2,7,9,1.973856209150327,0.5,5,0,153,151,137,1.4731840628399495,3.2949874463424185,222.4507934888327,0.023353724450835507,44541,21.240343347639485,31.252265140677157,256x256,65536,sparse,Learned,275,5,29,2073,32.025718937094666,0.645463047954292,28.5605388355315,0.9989449196426775,0.6783175355450237,0.5893442472476544,6,9,0.0,41,2024,32.32175666133021,0.6822655430189458,0.998854082104387,28.72037699949805,0.48055793741295183,0.7165680473372781,4461,32.85883325577966,0.739578276431214,0.9993804415147143,31.67501451884494,0.3712364455329016,0.649112426035503,0.14617332785357107,-0.047750258552877956,-0.31244378641620685,-0.033969583419386495,True,0.6637835062932667,0.5740074125998693,0.6705813270698767,28.53495158735616,0.9988886517984572,7262
7263.png,0.6202334630350195,0.9116314199395771,0.9537732121691032,0.942232630757221,0.9656,0.9991794356069701,27.130720473186752,0.999313261566896,27.67426873737128,1.0,0.622807646436843,0.7925529101635806,31.542678244429947,0.606327417061615,2127,4,2,4,9,1.9741935483870967,0.5,155,153,221.79393923934018,2.7509899993096627,0.024095710863010416,-0.0011687509871207702,-0.6086715191718994,-0.00023636346969468924,-6.796812912635009e-05,0.3808139534883721,1034.5900058746338,0.6278890600924499,4,2,2,4,9,1.9741935483870967,0.5,4,0,155,153,142,1.4496335897996078,2.7509899993096627,221.79393923934018,0.024095710863010416,44795,21.06017865538317,30.811471556182415,256x256,65536,sparse,Learned,275,4,28,2119,31.90502474594681,0.6422148729278717,27.78186836063646,0.9993812296960224,0.6191860465116279,0.4620555624053255,5,0,0.875,40,2060,32.174582479405224,0.6771470378737817,0.9993457995940264,28.304208322264877,0.4810771198410596,0.6071428571428571,4302,32.634725708447476,0.726281370443458,0.9996437204842168,31.476114172139447,0.3899935293729513,0.6144314868804664,-0.10759962326518036,0.16075208403151753,-0.3623465015168641,-0.035887455866256746,True,0.5524647618955876,0.43785755480317756,0.6214022140221402,27.73939199235865,0.9994157990766648,7263
7264.png,0.6476868327402135,0.8366788321167883,0.9110779930452062,0.8825794032723773,0.9414784394250514,0.9993596061966153,26.765707325231347,0.9993505547443883,27.777112020881734,1.0,0.5704426417892609,0.42940425552090405,31.51773312016106,0.6044465980746999,1852,4,2,6,10,1.9694656488549618,0.5,131,129,188.53910524340102,2.7400689798457023,0.04067543279082554,0.01944007949346027,-0.7484354733973788,-0.0002521822688259512,0.0001091620110448277,0.32714054927302105,992.0451641082764,0.7239208633093526,4,2,2,6,10,1.9694656488549618,0.5,4,0,131,129,115,1.461543451499232,2.7400689798457023,188.53910524340102,0.04067543279082554,44597,24.080453563714904,35.3866090712743,256x256,65536,sparse,Learned,251,4,25,1812,31.8520004367224,0.6344797624835344,27.429055565201818,0.9992413927333434,0.672859450726979,0.27385096292630906,9,0,0.375,37,1804,32.12749594035157,0.669495448868423,0.9992056647489019,27.513659896014385,0.4113950303216448,0.6647727272727273,5013,33.0276538635035,0.750362429127063,0.9998132638969033,33.632138399291776,0.27177328469343787,0.6769731489015459,0.3480564556799166,0.2965916788629518,-0.3342673165613377,-0.030033164408834523,True,0.6074141344684816,0.2608262142043126,0.6282467532467533,27.514142798628725,0.9996117884654413,7264
7265.png,0.6565096952908587,0.8966712898751734,0.9455210237659963,0.9521354933726067,0.9389978213507625,0.9990541849356338,27.50540429591719,0.999232608062712,28.031520335956387,1.0,0.5630777424255589,0.5490095796382592,30.569744321558048,0.5450997788088989,2057,5,0,0,10,1.9397590361445782,0.0,166,161,233.89444430272857,2.862864765776209,0.03796791038299181,-0.005313290178097785,-0.4321091666237713,-0.00017605044865220965,2.1947432812918777e-05,0.3419654714475432,1031.848430633545,0.6746647847565279,5,0,5,0,10,1.9397590361445782,0.0,5,0,166,161,156,1.4527605236194303,2.862864765776209,233.89444430272857,0.03796791038299181,45603,22.169664560038893,31.859990277102575,256x256,65536,sparse,Learned,286,5,24,1964,30.86725407219751,0.5890412616851052,27.828485847774452,0.999210660629899,0.6580345285524568,0.33332629152706406,11,3,0.0,31,2052,31.1211405335704,0.6361744309932402,0.9990868755368888,27.313243412084255,0.25387127709841706,0.6095563139931741,4237,31.677380403696894,0.6950995106131252,0.9995663971619676,30.670621362045672,0.13890070374698027,0.6466019417475728,0.2030344881819346,0.2297514508984948,-0.2975097506394633,-0.04394148287620625,True,0.5506710358827784,0.302323673928969,0.6618229854689565,27.937513462540963,0.999230235384286,7265
7266.png,0.8197217180883243,0.9346764346764347,0.9662354054906911,0.967150979153506,0.9653215636822194,0.9989328944361138,25.807679159438194,0.9991361615579992,26.360016914603616,1.0,0.5595683454940007,0.8154374165245102,30.836639183820385,0.5863124265240326,2318,5,0,0,10,1.9375,0.0,160,155,235.10764773832503,3.1562834933400152,0.032036542600145136,0.04374406445703938,-1.018853813916813,-0.00030034361349351446,-0.00010777969904129936,0.2276785714285714,1104.8393249511719,0.83679706601467,5,0,5,0,10,1.9375,0.0,5,0,160,155,150,1.5168235337956437,3.1562834933400152,235.10764773832503,0.032036542600145136,45309,19.546591889559966,28.272648835202762,256x256,65536,sparse,Learned,280,5,27,2181,31.367749068135915,0.6255067535635516,26.833424398955184,0.9992439412570405,0.7723214285714286,0.4157930543882642,8,5,0.0,35,2110,31.593606771229275,0.6663344181840618,0.9992651791298682,27.13099740525238,0.4890219125643831,0.7626740947075209,4025,32.04252569624103,0.6986741076925609,0.9997070849162997,31.351150579558325,0.47664747604368474,0.773542600896861,-0.47340748435156854,0.1437752911057365,-0.53110988431553,-0.03919432703951897,True,0.5852170883184187,0.4772079106043674,0.7759776536312849,26.826532973355008,0.9992332380496073,7266
7267.png,0.7331412103746398,0.8610954263128177,0.9253640776699029,0.9270516717325228,0.9236826165960024,0.9988024000144504,27.699535046036527,0.9990539299344965,28.518784857470287,1.0,0.7177607038594767,0.727343450847785,31.416385339272907,0.5991191780701877,2137,4,9,18,9,2.0578034682080926,2.25,173,178,284.03657992645964,3.117157708702749,0.05354525863835991,-0.011457127575498771,-0.6533126448727842,-0.00026574235912657507,3.5563206422173366e-05,0.2768640350877193,1155.2016735076904,0.7590855803048066,4,9,-5,18,9,2.0578034682080926,2.25,4,1,173,178,146,1.5957111231823555,3.117157708702749,284.03657992645964,0.05354525863835991,44738,20.93495554515676,30.667290594291064,256x256,65536,sparse,Learned,293,4,27,2021,31.799549395084803,0.6361973493303109,28.40742443044171,0.9990183667280743,0.7231359649122807,0.6106720896806412,6,7,0.0,40,2114,32.135452189895624,0.6801754700302481,0.9989999891415503,28.44665548962842,0.5164819663601022,0.7154384077461,4346,32.60104339323951,0.7298431105517273,0.9995061514670416,31.506957454224754,0.4128647048871784,0.713589604764483,0.11136042702857551,0.10708861417883542,-0.3831640558118963,-0.03707817126012325,True,0.7446193240119223,0.5415939886947765,0.7445983379501385,28.35284769090931,0.999068142373577,7267
7268.png,0.6881399317406144,0.8987124463519314,0.9466546112115732,0.9466546112115732,0.9466546112115732,0.99802804730884,28.101224467396946,0.9979996820513299,28.342505027502508,1.0,0.6697812614451066,0.925547409764062,30.92271598698823,0.5715535472498876,2445,5,6,16,15,2.010752688172043,1.2,186,187,316.10764773832494,3.52855989497195,0.04779847622030108,-0.016694673857350018,0.058520166468454704,-3.1431081207733413e-06,0.0001568366628532658,0.27689669952850404,1595.2565670013428,0.7078118256365991,5,6,-1,16,15,2.010752688172043,1.2,5,0,186,187,155,1.6904152285471914,3.52855989497195,316.10764773832494,0.04779847622030108,45398,18.567689161554192,26.804089979550103,256x256,65536,sparse,Learned,306,5,27,2253,31.229209326908144,0.6184321128198844,28.08463612104088,0.9978428453884767,0.723103300471496,0.5000930677240176,12,12,0.0,36,2256,31.49103468472335,0.6621465035858108,0.9977673599220591,28.094243162222096,0.31954936379541243,0.7336704593341762,3787,31.766147789120602,0.6847249749107822,0.9987845646930829,30.505367776880274,0.2764867097080249,0.7011592958351224,0.25786890646162774,0.169688193721089,-0.3064933399199141,-0.04687856556999681,True,0.6975985984705002,0.6456605758694114,0.7048346055979644,28.04270430092849,0.9980311904169608,7268
7269.png,0.639210347174949,0.8511945392491468,0.9196165191740413,0.9490106544901066,0.8919885550786838,0.9991943529741032,27.412353862343615,0.9994802919706737,28.11299969734625,1.0,0.7003080004867537,0.5452123496613347,30.395486647281604,0.5370522887645275,2167,4,7,13,7,2.034090909090909,1.75,176,179,279.07821048680233,2.444519193335013,0.03187843038742077,-0.01301977564340917,-0.30822407977954924,-0.00019161459998306984,2.7309481994919338e-05,0.3010309278350516,835.3614807128906,0.7025641025641025,4,7,-3,13,7,2.034090909090909,1.75,4,1,176,179,156,1.5590961479709606,2.444519193335013,279.07821048680233,0.03187843038742077,45739,21.107060452238116,30.242731887401938,256x256,65536,sparse,Learned,296,4,24,2102,30.67918047031508,0.5867497275907639,27.59949272438441,0.9994529824886788,0.6989690721649484,0.34163777157517283,10,0,0.0,30,1974,30.942237570036106,0.6259460970104292,0.9993170094208151,26.926667081090162,0.408444635633185,0.6659722222222222,4300,31.5375157415119,0.6914557026664979,0.9997067733256437,30.614650136134586,0.22894841419643375,0.657202216066482,0.5135069729618387,0.35867022891158085,-0.28369382303347734,-0.04969743882623645,True,0.7315256767607634,0.3988368330643338,0.6522301228183581,27.720577942123164,0.9993859675740863,7269
7270.png,0.6581699346405229,0.9278024065864471,0.9625492772667542,0.9543973941368078,0.9708416169648774,0.9990257337174869,27.64972296187797,0.9990978224897997,27.942985555426866,1.0,0.5551419337770589,0.46296508383364376,31.145068350899617,0.5871441129851472,2306,6,0,0,12,1.9344262295081966,0.0,183,177,265.79393923934026,2.7778338408861005,0.021987529975759392,0.012071931010758763,-0.3406263255253954,-0.00014233399298502203,-7.396189906228035e-05,0.3560742070616397,967.4971103668213,0.661049902786779,6,0,6,0,12,1.9344262295081966,0.0,6,0,183,177,171,1.5016606736685878,2.7778338408861005,265.79393923934026,0.021987529975759392,45065,19.54249783174328,28.419774501300953,256x256,65536,sparse,Learned,303,6,27,2142,31.508162187496144,0.6282582138963052,28.060891985003146,0.999171784388862,0.6439257929383603,0.28822967723739024,12,0,0.5,37,2194,31.781993045767344,0.6721658807993319,0.9990584312002526,27.63095068933474,0.3310192543096533,0.6299638989169675,4049,32.18078133893956,0.7069225897634348,0.9995735779827205,31.162090866438167,0.19966690780568652,0.6413628212791392,-0.11790642957627995,0.26691225653966866,-0.3630938365965264,-0.04111410091115797,True,0.5624947908674507,0.2604154480099372,0.6460980036297641,27.990349287403365,0.999168067710472,7270
7272.png,0.6368921775898521,0.8678511937812327,0.9292508917954815,0.9076655052264808,0.9518879415347138,0.9986736247105705,28.417836935954128,0.9988588239475437,28.789749388450204,1.0,0.5725850680512734,0.8846411544186092,31.150869911478672,0.5851319481976739,2296,6,4,9,13,1.978494623655914,0.6666666666666666,186,184,302.119841047145,2.761373391074519,0.045061812314871136,0.017499992351067695,-0.4162577015189264,-0.00028409027481524074,-6.439559489834767e-05,0.3266796494644596,1182.880163192749,0.6827330508474576,6,4,2,9,13,1.978494623655914,0.6666666666666666,6,0,186,184,164,1.641955657864916,2.761373391074519,302.119841047145,0.045061812314871136,44984,19.592334494773517,28.54355400696864,256x256,65536,sparse,Learned,306,6,29,2274,31.64754453226095,0.6344265028177838,28.822218130772917,0.998923219542442,0.6733203505355404,0.591619342535566,9,11,0.0,37,2132,31.82378684803126,0.6684575777254991,0.9987116900877157,28.398854370400546,0.2298824559789363,0.6417690417690418,3999,32.23348766384569,0.7084362167921758,0.9993686664210987,31.352678791193526,0.09062706553176858,0.6205516014234875,-0.03246874232271324,-0.019034274484292624,-0.4966746207822794,-0.0492945546201099,True,0.5838321717007806,0.5164819663601022,0.6193921852387844,28.834094637473054,0.9989577149853858,7272
7273.png,0.7042079207920792,0.906479217603912,0.9509458159666561,0.9321181646763043,0.9705497382198953,0.9987362872465448,28.50991995968237,0.9984616245366944,28.699214068535284,1.0,0.41957808485925774,0.9407336220919934,30.334508961378216,0.5222972713844487,1801,5,2,3,9,1.9428571428571428,0.4,105,102,155.26702730475876,4.569193483534313,0.038412251413908256,0.008266067369910757,0.6291976739587426,0.00011821769530717674,0.0003671947184155089,0.2917661097852029,1435.9567165374756,0.714546561168594,5,2,3,3,9,1.9428571428571428,0.4,5,0,105,102,93,1.5222257578897926,4.569193483534313,155.26702730475876,0.038412251413908256,45902,25.48695169350361,36.388672959466966,256x256,65536,sparse,Learned,225,5,21,1728,30.428390062637334,0.5565110162519159,27.89169909525254,0.9980944298182789,0.7082338902147971,0.4246215453705462,11,13,0.0,26,1654,30.669969398735265,0.5962664785430593,0.9976605259577881,27.08010361714301,0.06282841223097335,0.6766004415011038,5052,31.65157790521553,0.7133128082651905,0.9990898595730492,31.114977236205334,0.030214754387496212,0.474679029957204,0.8075149732827427,-0.005043460511288456,-0.09388110125911808,-0.0342137448674672,True,0.519053864714222,0.48829142221345756,0.6959418534221684,27.88072228572363,0.9986180695512377,7273
7274.png,0.6197757390417941,0.8725388601036269,0.9319313779745435,0.9293598233995585,0.9345172031076582,0.9994915250627476,27.5074442604773,0.9995957885255687,28.007156263396105,1.0,0.4857264722933681,0.7366037043940123,30.54301303371809,0.5399077007390181,1627,4,0,0,8,1.9259259259259258,0.0,108,104,154.92388155425112,2.7165224287245007,0.032933764515955644,0.02300154549340694,0.05206765783772482,-6.613907467067914e-05,4.482843276687465e-05,0.37987307343608345,855.8132648468018,0.6604166666666667,4,0,4,0,8,1.9259259259259258,0.0,4,0,108,104,100,1.4896527072524155,2.7165224287245007,154.92388155425112,0.032933764515955644,45542,27.99139520590043,40.28027043638598,256x256,65536,sparse,Learned,228,4,20,1523,30.82516750996487,0.5649917151207999,27.479699490971797,0.9995509600928019,0.6201269265639165,0.45773474668601677,5,1,0.375,27,1458,30.98644406078146,0.6029933748957882,0.9995190003933987,27.28859305006306,0.2902604043108745,0.6123809523809524,5755,32.28455757764173,0.7504936472054683,0.999788742570152,31.54237476187759,0.19624560751934916,0.6092362344582594,0.5274567724243084,0.027991725607351303,-0.2821544762467809,-0.02508401438178187,True,0.5034146962085904,0.37081713007363404,0.5967741935483871,27.455376602639575,0.9995576641374183,7274
7275.png,0.7017291066282421,0.9037356321839081,0.9494339622641511,0.961038961038961,0.9381058911260254,0.9991264873857301,27.047118181506647,0.99940039350409,27.789317959141037,1.0,0.5768379176822511,0.7271101038535298,31.079265438464393,0.5768951411296925,2134,5,5,9,12,2.0,1.0,169,169,251.8650070512058,2.6572317583321112,0.019756023120789914,0.005987348386483848,-0.44404998513242333,-0.00022900802654290953,-7.116323444855688e-06,0.288623595505618,866.4064407348633,0.7323420074349443,5,5,0,9,12,2.0,1.0,5,0,169,169,148,1.4903254855100914,2.6572317583321112,251.8650070512058,0.019756023120789914,45202,21.181818181818183,30.710402999062794,256x256,65536,sparse,Learned,289,5,26,2044,31.35808999040681,0.6157845929007626,27.55216166349419,0.9994075098275349,0.711376404494382,0.38890325893794775,8,0,0.7,35,2068,31.60275366021523,0.6558249016380719,0.9993301711015338,27.355583945847116,0.4543154872506372,0.7250177179305457,4226,32.112694432563366,0.7085377392830768,0.9997051379634437,30.816769125912625,0.350082008457004,0.7172218284904324,0.23715629564684804,0.18793465874430337,-0.2788245519424173,-0.03888945177107006,True,0.6030718511741175,0.4384996363383531,0.6957417582417582,27.49116816663907,0.999355495412273,7275
7276.png,0.7409326424870466,0.9095640858815875,0.952640545144804,0.946513202437373,0.9588477366255144,0.9990590851307146,27.42626302405077,0.9991556113004001,27.819486661761225,1.0,0.5488701205969576,0.7545290803879136,30.199353536058844,0.5323635522645123,2136,5,1,2,10,1.9487179487179487,0.2,156,152,225.79393923934018,3.1646091105082097,0.03640121812539452,0.04474495920258914,0.15905772211914737,-9.752369172111308e-06,0.00011945754540765297,0.2936694021101993,1233.2842350006104,0.7589343729694606,5,1,4,2,10,1.9487179487179487,0.2,5,0,156,152,144,1.4854864423640788,3.1646091105082097,225.79393923934018,0.03640121812539452,45914,21.495318352059925,30.681647940074907,256x256,65536,sparse,Learned,276,5,23,2068,30.508966746303088,0.5802016827356758,27.282294920611562,0.9990361537549924,0.7063305978898007,0.43220792930384666,10,8,0.0,29,2002,30.840759052288057,0.623639826974232,0.998934592987704,26.870059176291083,0.36179192285963824,0.7012302284710018,4377,31.47564755459588,0.691407369428968,0.9995375270762131,30.760503851594166,0.23325423552467406,0.7021777516185992,0.5371917411496625,0.11666219129311095,-0.30961321024424393,-0.04783813047116359,True,0.5682894765709203,0.42879093615118524,0.6961876832844575,27.26720530193162,0.9990688374998867,7276
7277.png,0.694271911663216,0.8755047106325706,0.9336203803372802,0.9009695290858726,0.9687267311988086,0.9992863771434584,28.21095786832181,0.9992967189656765,28.38133414557509,1.0,0.6291657197018043,0.6564085865259265,30.539141566730237,0.5445384192991269,2235,5,6,10,10,2.0106382978723403,1.2,188,189,279.551298552221,2.636102051811015,0.03408322339163786,-0.004507792896835339,0.2645503889858496,-1.8255008108702953e-05,5.898456934061436e-05,0.2576142131979695,997.3809719085693,0.7142857142857143,5,6,-1,10,10,2.0106382978723403,1.2,5,1,188,189,168,1.4791073997471995,2.636102051811015,279.551298552221,0.03408322339163786,45572,20.390156599552572,29.322595078299777,256x256,65536,sparse,Learned,308,5,25,2082,30.881475590131622,0.594739452982134,27.97295223932749,0.9992377343963359,0.7423857868020305,0.3967686829528906,11,5,0.0,32,2098,31.134082177151786,0.6389634261824755,0.9990986254192662,27.455427690732993,0.17673962772148977,0.7180589680589681,4255,31.66850911274224,0.69627438911473,0.9995740482049351,30.77777897356278,0.10149861115917713,0.6791890280262374,0.4083819062475982,0.23239703674891377,-0.34233402340138497,-0.0502010336830071,True,0.6493616750483071,0.42624657926256726,0.6987797045600513,27.94640747933596,0.9993046321515671,7277
7278.png,0.546831955922865,0.9257759784075573,0.9614576033637,0.9534398888116747,0.9696113074204947,0.9989467430193967,27.40968453941573,0.9990034118933405,27.67840808155305,1.0,0.6587022446990063,0.5672151087882032,31.6221427945352,0.613686787157316,2174,4,2,6,10,1.9751552795031055,0.5,161,159,252.35028842544435,3.0103543337827885,0.030908921459461836,0.005837332266951045,-0.5666920757456708,-0.0001091796578575055,-2.0780612667414822e-05,0.4563624250499667,1065.904140472412,0.5558601782042495,4,2,2,6,10,1.9751552795031055,0.5,4,0,161,159,145,1.5871087322354975,3.0103543337827885,252.35028842544435,0.030908921459461836,44626,20.527138914443423,30.145354185832566,256x256,65536,sparse,Learned,281,4,29,2172,32.020749938586185,0.6512283154882712,27.968719588321637,0.9990241925060079,0.5436375749500333,0.2804224023717147,11,1,0.0,42,2138,32.33668373212683,0.6871814069087024,0.9991192050105866,28.69129599105044,0.19426469812652036,0.5177494976557268,4220,32.77219911902574,0.7296550825734944,0.9994919649071412,31.75900889911208,0.21249762222406055,0.5656498673740054,-0.2903115067685853,0.3782798423272916,-0.39860714405098463,-0.037541528330955254,True,0.6720847211004115,0.38121660819385916,0.540994623655914,27.9763766151614,0.9990559226772542,7278
7279.png,0.6574850299401198,0.8862837045720985,0.939714108141703,0.9230769230769231,0.9569620253164557,0.9995087529228107,27.821203772609458,0.9995629808112942,28.102941543890925,1.0,0.4372951311930443,0.6194500590917872,31.093635809060316,0.5592990705641872,1488,4,0,0,8,1.9111111111111112,0.0,90,86,128.39696961966993,2.9888107909096613,0.03414469313861598,-0.024542619829465484,0.4115490186544797,3.7506598785652656e-06,8.362308905440763e-05,0.28456221198156684,958.2772254943848,0.6881720430107527,4,0,4,0,8,1.9111111111111112,0.0,4,0,90,86,82,1.492988018833372,2.9888107909096613,128.39696961966993,0.03414469313861598,45232,30.397849462365592,44.043010752688176,256x256,65536,sparse,Learned,210,4,20,1455,31.0809530187684,0.5747299710322796,27.353997286775492,0.9994793577222398,0.7154377880184332,0.3623718483782268,6,4,0.0,29,1374,31.370693603344122,0.6132407554809282,0.999420044303033,27.053445783306497,0.24610335804067907,0.7132784958871915,,,,,,,,0.7489442571154328,0.07492328281481753,0.012682790291915325,-0.015430900468092479,True,0.4566491309255002,0.28287133113601437,0.6820276497695853,27.409654753954978,0.9995050022629322,7279
7280.png,0.5937961595273265,0.8925742574257426,0.9432382945330892,0.9213081246806336,0.9662379421221865,0.9983121822199927,28.1904516560874,0.9982343147308446,28.42491604688247,1.0,0.7047698330759857,0.3805209869347674,30.259135243313168,0.5302786471540953,2259,4,6,10,9,2.023121387283237,1.5,173,175,284.24978336205606,3.6203458391862107,0.05341977301396686,0.0015399453781869132,0.010895502756973485,-1.2116978377219034e-05,9.74807261757693e-05,0.39794007490636707,1371.1059093475342,0.6124031007751938,4,6,-2,10,9,2.023121387283237,1.5,4,1,173,175,154,1.624284476354604,3.6203458391862107,284.24978336205606,0.05341977301396686,45914,20.324922532093847,29.011066843736167,256x256,65536,sparse,Learned,293,4,25,2241,30.589820958005774,0.5873930200272169,28.215509515661374,0.9981368340046688,0.6020599250936329,0.3323558787310711,15,4,0.0,29,2126,30.82383059537889,0.6265514383054891,0.9977605939592852,27.551197610079985,0.3546742171427054,0.5524809160305344,4252,31.349547943149233,0.6830586487797458,0.9988554470891786,30.38736861873975,0.1604453622740133,0.6046082949308755,0.2094065312210951,0.37241395434491464,-0.3306857146926063,-0.0571143728731216,True,0.7407597393541085,0.28187462710056643,0.5922562141491395,28.179556153330427,0.99832429919837,7280
7281.png,0.6512396694214876,0.8381410256410257,0.911944202266783,0.9330954504906334,0.8917306052855924,0.9990810642575737,26.82705956141238,0.9995206504324924,28.35290947009216,1.0,0.6394050598269216,0.5809760230268648,30.67500130586041,0.5546894387272168,2039,4,0,0,8,1.9529411764705882,0.0,170,166,225.68124086713206,2.5553965365185456,0.0252801015615275,-0.0033606322376376063,-1.4171358608133175,-0.0004040848885541459,-3.214825346431471e-05,0.35103926096997695,789.7062301635742,0.7115215479331575,4,0,4,0,8,1.9529411764705882,0.0,4,0,170,166,162,1.3595255473923609,2.5553965365185456,225.68124086713206,0.0252801015615275,45315,22.224129475232957,32.14124570868073,256x256,65536,sparse,Learned,290,4,24,1876,31.119925643570028,0.5966478295747859,28.180678276389983,0.9995527986859567,0.648960739030023,0.3310192543096533,10,1,0.0,32,2032,31.403562278784676,0.6436590636264862,0.9994834682437705,27.63191794490841,0.27263970543032323,0.6467924528301887,4382,31.961895839846974,0.7083625125067902,0.9997341656943021,31.09762132894542,0.23886244089029218,0.6269662921348315,0.17223119370217788,0.30838580551726835,-0.4449243377096188,-0.04195839084756914,True,0.6500622508888447,0.37767058124129305,0.6546003016591252,28.244195422225697,0.9994851491461278,7281
7283.png,0.6540785498489426,0.9060574948665298,0.9507137085914356,0.94994617868676,0.9514824797843666,0.9983924348597738,28.275426197426636,0.9986791186048551,28.643959147782965,1.0,0.6521555910829127,0.6523579949026744,31.61702182687477,0.613875334470451,2369,5,4,9,11,1.9893617021276595,0.8,188,187,303.4924240491755,3.132750485805755,0.051163127121538275,-0.011165641711038399,-0.3962609171962228,-0.00023342157892292104,-1.089240639062794e-05,0.3277830637488106,1175.4136085510254,0.6715810879511948,5,4,1,9,11,1.9893617021276595,0.8,5,0,188,187,168,1.6229541393004012,3.132750485805755,303.4924240491755,0.051163127121538275,44546,18.803714647530605,27.663993246095398,256x256,65536,sparse,Learned,308,5,31,2353,32.085830889965436,0.6570830910794352,28.684675558676727,0.9986900110112458,0.6722169362511894,0.4954054280664488,10,7,0.0,42,2300,32.3405113124015,0.6986925363938017,0.9986113334806783,28.670863045312387,0.4678921533450735,0.6509747979077508,3852,32.602878310108686,0.7176438288868365,0.9993004705202713,31.665890558079198,0.2500448959302508,0.6521120075937352,-0.040716410893761434,0.15675016301646383,-0.46880906309066717,-0.04320775660898424,True,0.6590433718622983,0.42993221262198655,0.665244191559981,28.67168711462286,0.9986258564386967,7283
7284.png,0.7449324324324325,0.9101027397260274,0.9529359031824294,0.9550763701707098,0.9508050089445438,0.9992986041353683,27.572100112844687,0.9993890515657892,27.84697308960054,1.0,0.5725850680512734,0.8107457910765873,30.46880583351857,0.5377489223562609,1859,4,0,0,8,1.9402985074626866,0.0,134,130,193.33809511662443,2.788599482223169,0.027592990401578924,0.03743428840867591,0.3250350459300293,-3.243228316573976e-05,7.994441448722078e-05,0.26530612244897955,877.8629302978516,0.782871972318339,4,0,4,0,8,1.9402985074626866,0.0,4,0,134,130,126,1.4872161162817252,2.788599482223169,193.33809511662443,0.027592990401578924,45705,24.585798816568047,35.25336202259279,256x256,65536,sparse,Learned,254,4,22,1855,30.65425053466154,0.576401051640489,27.175867459828346,0.999309107151302,0.7346938775510204,0.5682894765709203,5,3,0.0,29,1834,30.97335922214542,0.6197157016599569,0.9992552750903286,26.93370462029334,0.4757120830414311,0.7319665907365224,5120,31.928482039759412,0.725068849767609,0.9997313705086797,31.182426797284638,0.23325423552467406,0.715261958997722,0.6711056297721925,0.004295591480353078,-0.18544470114296985,-0.03865212928422812,True,0.5852170883184187,0.4744622912202534,0.7074981440237565,27.247065066914658,0.999331036418534,7284
7285.png,0.5512152777777778,0.9097938144329897,0.9527665317139001,0.9273204903677759,0.9796484736355227,0.9993781955622533,27.681887896935248,0.9993579265069126,27.86179932601147,1.0,0.49842393093394444,0.4208296461284074,30.204051488242918,0.5167655570815727,1721,4,2,3,7,1.9626168224299065,0.5,107,105,152.78174593052017,3.4412507921735815,0.03830738659049268,-0.014682580541826806,0.8738411705641873,9.830034038249558e-05,0.00014245479953611806,0.4253611556982343,952.364444732666,0.556866048862679,4,2,2,3,7,1.9626168224299065,0.5,4,0,107,105,97,1.4550642469573356,3.4412507921735815,152.78174593052017,0.03830738659049268,46024,26.74259151656014,38.0801859384079,256x256,65536,sparse,Learned,227,4,20,1620,30.32623040143826,0.5473926299660872,26.9033669857912,0.9992154717073765,0.5746388443017657,0.21337213893344664,12,1,0.0,26,1676,30.6253368994265,0.5982097842786026,0.999168318669704,26.832708677900268,0.22740476789307196,0.5594749794913864,5561,31.78177953123042,0.7302174027861716,0.9996922548751899,31.373485554163175,0.20030862881274125,0.5708367854183927,0.9584323402202699,0.2850517920004978,-0.12217891319534147,-0.030627072884514495,True,0.5132477440400283,0.2159898665005685,0.5658978583196046,26.80804672637106,0.9992798952218708,7285
7286.png,0.8254364089775561,0.9156429156429157,0.9559640872167594,0.9662921348314607,0.9458544839255499,0.9992024154513123,25.92923964890001,0.9995245372752254,26.94231367317055,1.0,0.5994833739091812,0.7699408943531679,30.928035384477347,0.573067511279195,2102,4,0,0,8,1.9463087248322148,0.0,149,145,216.69343417595186,2.641016627318107,0.023152075559155917,0.030310742564760962,-1.111417689021625,-0.00033308664872122584,-2.4600648297901095e-05,0.20477290223248656,898.2281684875488,0.8699397071490095,4,0,4,0,8,1.9463087248322148,0.0,4,0,149,145,141,1.4944374770755287,2.641016627318107,216.69343417595186,0.023152075559155917,45428,21.611798287345387,31.1779257849667,256x256,65536,sparse,Learned,269,4,25,2022,31.25315402464846,0.6111283183488598,27.029389891496184,0.9995491379235233,0.7952270977675134,0.5132477440400283,5,0,0.875,33,2076,31.47461127838936,0.6537910047729681,0.9995115134787003,26.747817575852245,0.5304591609572007,0.7857689364957919,4350,32.07208673158931,0.7061074279524182,0.9998243911441623,31.388473946905307,0.5209738068112488,0.7940046118370484,-0.08707621832563461,0.0862356298691529,-0.32511864017111236,-0.03806080706966486,True,0.6093721646414789,0.46918054943798615,0.7951256664127951,27.040657337921633,0.9995355021000335,7286
7287.png,0.7970540098199672,0.9056304520222046,0.9504785684560965,0.939917695473251,0.9612794612794613,0.9993527996107305,26.482750344749128,0.9994958815570506,27.229968881350757,1.0,0.5751418795380754,0.932484612949259,31.05419348809877,0.5928550645187983,2195,5,0,0,10,1.9411764705882353,0.0,170,165,239.65180361560925,2.5114763736724854,0.025318406486600446,0.049662057509982094,-0.9254861893413846,-0.0002104377336537011,-5.8826293870439805e-05,0.26481346013167517,909.4479084014893,0.8014586709886548,5,0,5,0,10,1.9411764705882353,0.0,5,0,170,165,160,1.4524351734279335,2.5114763736724854,239.65180361560925,0.025318406486600446,45068,20.532118451025056,29.856947608200457,256x256,65536,sparse,Learned,290,5,27,2168,31.59478071226537,0.6340433612473056,27.38721496972323,0.999554707850921,0.7351865398683248,0.5266877687902607,5,1,0.5,36,2168,31.873596894535364,0.675992957784508,0.9995074814349335,27.266414309338774,0.4384996363383531,0.7253774263120057,4000,32.308980439644756,0.70837358813079,0.9997876010304672,31.192231887103333,0.45897279467116603,0.7300215982721382,-0.15724608837247445,0.048454110747814694,-0.5405872241666003,-0.04118829672850732,True,0.5648219407336433,0.5266877687902607,0.7473919523099851,27.408236534090513,0.9995632373443842,7287
7288.png,0.5390796201607012,0.8521739130434782,0.92018779342723,0.9238020424194815,0.916601714731099,0.9990536473605833,27.97312658601445,0.9993731925275197,28.487107730438144,1.0,0.6518075726938024,0.4436054600946445,30.628498917913,0.5438517429687305,1961,4,3,7,10,1.9876543209876543,0.75,162,161,244.37972567696707,2.7315345619931635,0.03380105971966657,0.03299515344631321,-0.09687019688201914,-0.00011809789426875383,1.3993190305594538e-05,0.45802650957290136,998.2585906982422,0.579066265060241,4,3,1,7,10,1.9876543209876543,0.75,4,0,162,161,145,1.517886494887993,2.7315345619931635,244.37972567696707,0.03380105971966657,45565,23.23559408465069,33.419683834778176,256x256,65536,sparse,Learned,282,4,24,1949,30.889359220033942,0.5881706400376633,28.12286188665083,0.9993591993372141,0.5419734904270986,0.32022947431967896,10,5,0.0,31,1870,31.10413795392649,0.6257571965279911,0.9992206162074256,27.439944247201595,0.23131723440661445,0.5257806826434277,4609,31.839676072925165,0.7089955163164022,0.999652338930692,31.227798571883305,0.13977006187224494,0.5818840579710145,0.3642458437873124,0.33157809837412344,-0.2608603021209426,-0.04431889706893277,True,0.6604044743550609,0.29295903069483864,0.506084466714388,28.069996782896467,0.9991717452548521,7288
7289.png,0.6685714285714286,0.8810679611650486,0.9367741935483871,0.9387931034482758,0.934763948497854,0.9992097202531919,26.91318464410596,0.999517050092696,28.027587420304407,1.0,0.6209169618966012,0.6633065958253668,31.11201208052533,0.5891999271100041,1903,4,4,8,10,2.0,1.0,144,144,213.36753236814727,2.7782272646824517,0.02623095554935644,0.023882783882783865,-0.8175071062250971,-0.0002704756590757862,1.1013042491514469e-05,0.36376917457998537,824.1415023803711,0.6893123446561723,4,4,0,8,10,2.0,1.0,4,0,144,144,126,1.4817189747787995,2.7782272646824517,213.36753236814727,0.02623095554935644,44915,23.6022070415134,34.438255386232264,256x256,65536,sparse,Learned,264,4,25,1888,31.6184906246103,0.6247757356970005,27.7471374952194,0.9995060370502045,0.6362308254200146,0.43823219154052084,6,1,0.25,34,1840,31.882531312949492,0.6613949928910218,0.9994638814163507,27.515921340354836,0.47481253293256387,0.6339483394833948,4842,32.65357246272538,0.7402712363090594,0.9997842295161417,32.0286088222163,0.24659917955648059,0.6428054953000724,0.28044992508500854,0.18268477035608033,-0.5064785440849704,-0.03557580858699638,True,0.6429930394308526,0.42650152412428466,0.6446886446886447,27.730691750331058,0.9994801959122677,7289
7290.png,0.6348837209302326,0.876905041031653,0.9344159900062461,0.9039274924471299,0.967032967032967,0.999178579895167,28.35633850901622,0.9991871460956794,28.626403406749652,1.0,0.4801867748259607,0.6715490654366044,30.520439154870953,0.5505310792603803,2213,6,0,0,14,1.9298245614035088,0.0,171,165,259.80028026103673,2.9989016683478105,0.032239161323752215,0.03605893460544629,0.1318905149839793,-3.081609893218484e-05,6.508418579931341e-05,0.3798328108672936,1090.512990951538,0.6515837104072398,6,0,6,0,14,1.9298245614035088,0.0,7,0,171,165,157,1.5745471530971906,2.9989016683478105,259.80028026103673,0.032239161323752215,45600,20.60551287844555,29.61409850881157,256x256,65536,sparse,Learned,291,7,25,2076,30.969516357383057,0.598813896218802,28.209287913892382,0.9991220619098801,0.6201671891327064,0.376038534587785,12,5,0.0,30,1980,31.12714346163684,0.6329038197024591,0.999014735673961,27.706940272490908,0.4133537804899683,0.6111702127659574,4271,31.72473563393374,0.6981400030299975,0.999515907188641,31.179321199215625,0.219855298740537,0.6151003167898628,0.41711549285727045,0.1041482402381757,-0.4490772025121039,-0.04828281695842174,True,0.5090576499536068,0.34185718907969875,0.5988247863247863,28.22444799403224,0.9992093959940992,7290
7291.png,0.6491092176607282,0.8820826952526799,0.9373474369406021,0.9528535980148883,0.922337870296237,0.9992964450464684,26.71220539343349,0.9995035349252406,27.526319694188622,1.0,0.5524647618955876,0.634604873115366,30.01441609089294,0.5194241445262333,2033,5,1,2,10,1.9483870967741936,0.2,155,151,234.59292911256347,2.519729528119487,0.029933011023236717,0.03974466916574493,-0.7097495169521224,-0.0001914716005856354,1.3363566688129325e-05,0.39266304347826086,827.6400566101074,0.6833199033037872,5,1,4,2,10,1.9483870967741936,0.2,5,0,155,151,143,1.5535955570368432,2.519729528119487,234.59292911256347,0.029933011023236717,46045,22.64879488440728,32.23610427939006,256x256,65536,sparse,Learned,275,5,23,2029,30.39109586950646,0.5709661179522938,27.33046809102728,0.9994901713585524,0.6073369565217391,0.31613859078764417,10,4,0.0,27,1932,30.6178297479938,0.613472430324671,0.9994003325122983,26.679207266501056,0.3400264731210242,0.5977885279889427,4701,31.402766872671286,0.7001111507807258,0.9997406174548862,30.692827984459882,0.2683843710533581,0.602054794520548,0.19585160316134065,0.2363261711079434,-0.3766797786135214,-0.05154197342606048,True,0.5785271852240825,0.36713617097291873,0.6093645484949832,27.42195491038561,0.999487916647054,7291
7292.png,0.6878363832077503,0.8799114554510238,0.936120105975861,0.9254947613504074,0.9469922572960096,0.998990385632972,27.28601196130082,0.999143340427692,27.815092921218852,1.0,0.6750227177939361,0.7841283224398471,30.78703642141122,0.573727564913698,2523,5,12,17,14,2.07035175879397,2.4,199,206,337.01933598375666,2.6824861752927003,0.04330084266055927,-0.005567310723648133,-0.6223187054254069,-0.00022530098678830157,-3.427623540730451e-05,0.28872497365648053,1345.4139232635498,0.7171444023796647,5,12,-7,17,14,2.07035175879397,2.4,5,1,199,206,168,1.6360161940959042,2.6824861752927003,337.01933598375666,0.04330084266055927,45523,18.043202536662704,25.975426080063418,256x256,65536,sparse,Learned,319,5,29,2513,31.30337574913451,0.629609075887078,27.902882002539844,0.9991776166630993,0.7112750263435195,0.4678921533450735,11,11,0.0,37,2502,31.55160584031718,0.674142161571807,0.9990966833567584,27.65356823392187,0.5506710358827784,0.7047120418848167,3602,31.744215821252585,0.681451466296486,0.9995136255176053,30.648878197649108,0.37767058124129305,0.7056345444971037,-0.08778908132099161,0.20713056444886258,-0.5163393277232906,-0.05588151097338001,True,0.6877652592919895,0.5392962190010342,0.6934036939313984,27.908330666726226,0.9992156866197603,7292
7293.png,0.5786764705882353,0.8803724928366762,0.9363809523809524,0.9070110701107011,0.9677165354330709,0.9992072340745154,28.329654966274468,0.9991148136656511,28.42215632639709,1.0,0.5913924013591516,0.4695136553511118,30.470082960001385,0.5339395206652914,1851,4,4,7,8,2.0,1.0,129,129,204.2375900532361,3.11038838246072,0.04067543279082554,0.019679420440742668,0.37713471268395793,3.824932311180529e-05,4.3039004125611235e-05,0.44153082919914954,1251.0840892791748,0.5751587861679605,4,4,0,7,8,2.0,1.0,4,0,129,129,114,1.5832371321956276,3.11038838246072,204.2375900532361,0.04067543279082554,45685,24.681253376553215,35.40572663425176,256x256,65536,sparse,Learned,249,4,22,1788,30.677695950902567,0.5712371459481773,27.992981861954107,0.9990717746615255,0.5584691708008505,0.3572503645444688,10,5,0.0,28,1636,30.888575089662535,0.6059827781197796,0.9988587841819694,27.382288487186234,0.36871635449307405,0.532258064516129,4775,31.752225567323027,0.7098517981457235,0.9994843484400804,31.15966881465546,0.1137128516791448,0.5590230664857531,0.42917446444298335,0.23414203681468282,-0.20761299090118257,-0.03729762528288594,True,0.597475775966364,0.2805230355577095,0.5589970501474927,27.95252025359051,0.9991689847514036,7293
7294.png,0.8603603603603603,0.9337231968810916,0.965725806451613,0.9624916275954454,0.968981793661497,0.9991928232333962,26.805824291525923,0.9993468546475575,27.246513113921917,1.0,0.5434239503766853,1.0331656614147189,30.310619664438356,0.5412160646528563,2205,5,0,1,9,1.9295774647887325,0.0,142,137,215.65180361560925,3.291433535831075,0.039744453480769305,0.041799979634601914,-0.2093088976733526,-0.0001578325029323313,-3.2699898255827975e-07,0.16895522388059703,1063.063621520996,0.884990253411306,5,0,5,1,9,1.9295774647887325,0.0,5,0,142,137,132,1.574100756318314,3.291433535831075,215.65180361560925,0.039744453480769305,45967,20.84671201814059,29.72154195011338,256x256,65536,sparse,Learned,262,5,24,2173,30.613760569329337,0.5906229469396758,27.00351480633397,0.99934718164654,0.831044776119403,0.6201580371486213,5,5,0.0,30,2056,30.887073506275225,0.6309301757274312,0.9992766096911924,26.715203373889405,0.5818855165060807,0.828978622327791,4136,31.381635753209682,0.6783222206381635,0.9996693659181429,30.048825074679893,0.33332629152706406,0.8329326923076923,0.24299830758794627,-0.07673408677193594,-0.3031409048909808,-0.04940688228681944,True,0.5648219407336433,0.5835546339796198,0.8185603807257584,27.015133189199275,0.9993506557363285,7294
7295.png,0.727810650887574,0.914319952067106,0.955242566510172,0.9513715710723192,0.9591451917033312,0.9990763983411115,27.539227517979228,0.9991678103866964,27.97044939359795,1.0,0.7288274649544002,0.7501414937769965,31.41964073453561,0.5996182137976536,2360,4,10,17,8,2.0603015075376883,2.5,199,205,312.3919189857871,2.7603191760317167,0.03752715229748709,0.010332140858920758,-0.7009280426707853,-0.00020127870957620253,-5.5271001419554544e-05,0.26412918108419836,1056.5719604492188,0.7594481103779244,4,10,-6,17,8,2.0603015075376883,2.5,4,2,199,205,174,1.5238630194428617,2.7603191760317167,312.3919189857871,0.03752715229748709,44872,19.0135593220339,27.769491525423728,256x256,65536,sparse,Learned,319,4,29,2302,31.739932747786543,0.6425047280946216,28.158645270380248,0.999223081388116,0.7358708189158016,0.623184650257079,5,2,0.875,41,2258,32.09679353779582,0.6838499900420658,0.9991533259082617,28.112862442881568,0.5740074125998693,0.7456946039035591,3905,32.3427776700196,0.7085372854269781,0.9995720795769829,31.057704019423692,0.49225594026255404,0.7462600690448792,-0.18819587678229865,0.10564281469732117,-0.3202920132509348,-0.04288651429696799,True,0.7594915367916579,0.569726115919881,0.7174785100286533,28.240155560650013,0.9992776770506877,7295
7296.png,0.6460336538461539,0.9093601895734598,0.952528699968973,0.9516429014259145,0.953416149068323,0.9988564623550391,27.69427437784895,0.9990267416125245,28.20823064007296,1.0,0.6671289163019205,0.6751614485404773,31.451166073550038,0.5974754933646488,2189,4,3,8,8,1.9879518072289157,0.75,166,165,239.72287142747476,3.239921467850007,0.029766660606396097,0.007128586868867859,-0.5252870301374983,-0.00016283094889157912,-1.4934346969197598e-05,0.36220930232558135,1173.8300323486328,0.6528028933092225,4,3,1,8,8,1.9879518072289157,0.75,4,0,166,165,150,1.4528658874392395,3.239921467850007,239.72287142747476,0.029766660606396097,44954,20.53631795340338,29.938784833257195,256x256,65536,sparse,Learned,286,4,27,2105,31.660783604504438,0.6321936994638071,28.205375253752237,0.9990416759594937,0.6377906976744186,0.3673119420671995,9,0,0.375,39,2186,32.043447357047334,0.6768142949555678,0.9989377166902256,28.121551394160214,0.365904405254568,0.6225087924970691,4150,32.42194672405195,0.7170078772474904,0.9994697021970484,31.181679489428802,0.3341338913173695,0.6212741087083576,0.0028553863207214647,0.299816974234721,-0.20961753095440017,-0.03471820609915832,True,0.6201580371486213,0.41870679868528227,0.638905066977286,28.219561407986447,0.9990192933039307,7296
7297.png,0.7031354236157439,0.9130727762803235,0.9545614653046848,0.942936673625609,0.9664764621968617,0.9990990888616554,28.471353512145356,0.9991830097380371,28.7708570242431,1.0,0.6817760822095809,0.6959251087151983,31.351739420245906,0.5875897749806559,2121,4,3,7,9,1.9884393063583814,0.75,173,172,254.3086578651016,2.8530407806352382,0.03525265563878447,0.00039748358966829045,-0.06117994648383629,-9.968928021886203e-05,2.5729349882985808e-05,0.292258064516129,990.581750869751,0.7196013289036545,4,3,1,7,9,1.9884393063583814,0.75,4,0,173,172,157,1.4785387085180317,2.8530407806352382,254.3086578651016,0.03525265563878447,44875,21.157472890146156,30.8986327204149,256x256,65536,sparse,Learned,293,4,28,2105,31.711581583848535,0.6304508104671042,28.48767246068273,0.9991572803881541,0.707741935483871,0.2894149730877452,12,2,0.0,37,2116,31.927411313181775,0.671501263637568,0.9991177228006085,28.28313527459899,0.18714293768311752,0.7038196618659988,4161,32.41006373166955,0.7189892169544968,0.9995291655670061,31.30920833321842,0.1424352019735028,0.6836861768368617,0.2831845635603685,0.39236110912183564,-0.3598421636026288,-0.04286103548644826,True,0.6942538205012883,0.4831486655083008,0.7027379400260756,28.532533458629192,0.9991987781418743,7297
7298.png,0.31874298540965207,0.8660667019587083,0.92822695035461,0.8930131004366813,0.9663319551092735,0.9989562288801569,29.23180458916795,0.99874437786557,29.286728533492564,1.0,0.6493616750483071,0.2038820529822228,30.482465752850743,0.5361682152057727,2169,5,2,4,10,1.9682539682539681,0.4,189,186,297.42135623730985,2.922071213444705,0.05106555642647372,-0.037390423295831254,0.3681258338802067,1.5835032225797185e-05,0.00011410265850730905,0.65643197458973,1160.3031158447266,0.3093108890057864,5,2,3,4,10,1.9682539682539681,0.4,5,0,189,186,175,1.5990395496629544,2.922071213444705,297.42135623730985,0.05106555642647372,45654,21.048409405255878,30.214845550945135,256x256,65536,sparse,Learned,309,5,25,2116,30.787070042272944,0.5876224605616283,28.78262271516514,0.9986302752070627,0.34356802541027,0.15593334258406388,21,1,0.0,29,1998,30.994792397858937,0.6219500039669743,0.9983493912368473,27.932976372233774,0.10884606086395698,0.2533191715347849,4343,31.609676687534858,0.6950989677241403,0.9991667806593234,31.35932830902025,0.032136056150355086,0.3801605504587156,0.5041058183274245,0.4934283324642432,-0.3046042894222012,-0.05145424535585552,True,0.6535441896699425,0.1332459311045111,0.3561334087054833,28.863678755287744,0.9989403938479311,7298
7299.png,0.7901740020470829,0.9069767441860465,0.9512195121951219,0.954842219804135,0.9476241900647948,0.9987555290768944,27.026413599811242,0.9989970238920274,27.54456251912201,1.0,0.7381543314196741,0.9797602293740459,30.699950520583176,0.5662940464381855,2494,4,8,17,9,2.0416666666666665,2.0,192,196,314.2203461105334,3.0216068339844546,0.03743080656558509,0.0012193669386015848,-0.44076845236155293,-0.00021474534819498903,-1.1067930207442345e-05,0.21794871794871795,1186.2857341766357,0.8126951092611863,4,8,-4,17,9,2.0416666666666665,2.0,4,1,192,196,166,1.6031650311761882,3.0216068339844546,314.2203461105334,0.03743080656558509,45638,18.299117882919006,26.27746591820369,256x256,65536,sparse,Learned,312,4,27,2359,31.07733246661926,0.6188182670168332,27.53380177931501,0.9990080918222348,0.782051282051282,0.6500622508888447,6,9,0.0,34,2486,31.34764612136818,0.6700927902129585,0.9988314426771739,27.037930928942515,0.6660174946826554,0.7801383399209486,3708,31.617764320906762,0.6792990157065595,0.9994080716056494,29.985704649382356,0.6604044743550609,0.7759562841530054,0.010760739807000874,0.0880920805308294,-0.37738194603608477,-0.052524220578647696,True,0.7534030360583934,0.7381543314196741,0.7889546351084813,27.467182052172795,0.9989702744250893,7299
7300.png,0.7578288100208769,0.9230245231607629,0.9599716613531704,0.9495444989488437,0.9706303724928367,0.9991989623534707,27.147779961274964,0.999319872109992,27.54835717430047,1.0,0.5613265533520322,0.8462033585631827,31.504354895786356,0.6044562726575283,2170,5,1,3,11,1.9515151515151514,0.2,165,161,247.14927829866775,2.893501223939838,0.02508814009077918,0.0315681682396064,-0.1713463389419303,-0.00015890518320116342,-2.1102637239645006e-05,0.2726683937823834,823.6701488494873,0.7658839779005525,5,1,4,3,11,1.9515151515151514,0.2,5,0,165,161,151,1.5350886850848908,2.893501223939838,247.14927829866775,0.02508814009077918,44878,20.68110599078341,30.200921658986175,256x256,65536,sparse,Learned,285,5,27,2067,31.779189007810604,0.6384605615550719,27.329035403298377,0.9993409747472316,0.7273316062176166,0.4255175407065437,7,2,0.0,38,2150,32.05705684904276,0.6814037155088516,0.9993254714225278,27.87544865067115,0.44488025323490854,0.7146529562982005,4161,32.49875226635738,0.7196244199726702,0.999693708472756,31.367168462799924,0.35079062331485267,0.7396373056994818,0.21932177100209316,0.1358090126454885,-0.2748341120242479,-0.03400428889754359,True,0.5648219407336433,0.47795422323898396,0.7262606417812705,27.319126300216894,0.9993578675366719,7300
7301.png,0.6463124504361618,0.8746948738812043,0.9331597222222222,0.9307359307359307,0.9355961705831157,0.9991872525280135,27.862480042584394,0.999301636989061,28.237144776036928,1.0,0.5617650075350508,0.6478801848882372,30.71491310616902,0.542521939665492,1722,4,3,7,10,1.9834710743801653,0.75,121,120,194.2375900532361,2.908749351816729,0.03497080716011304,-0.04637047639310643,0.3079138014241991,5.5006873090901465e-06,0.00010496126226333669,0.3010577705451587,946.6710090637207,0.6602870813397129,4,3,1,7,10,1.9834710743801653,0.75,4,0,121,120,104,1.6186465837769666,2.908749351816729,194.2375900532361,0.03497080716011304,45516,26.43205574912892,38.05807200929152,256x256,65536,sparse,Learned,241,4,21,1607,30.8044834676341,0.5701934491107229,27.590712028961605,0.9991966757267977,0.6989422294548413,0.49942608058837235,5,1,0.375,29,1568,31.04712971288663,0.6081862771154728,0.9991229077153078,27.30080623092819,0.1597031023415686,0.6725099601593626,5321,32.141693864331856,0.7357032982595811,0.9996407010644521,31.502081056625805,0.03585459231092303,0.570440251572327,0.6464327470753233,0.06233892694667842,-0.08957036146507846,-0.02767150944523089,True,0.5852170883184187,0.37915055537949294,0.6926829268292682,27.554566241160195,0.9991817518407045,7301
7302.png,0.7111468381564845,0.9163879598662207,0.956369982547993,0.9602803738317757,0.9524913093858632,0.9986335872871798,28.099406076851835,0.9988186181265791,28.467273370756587,1.0,0.6911810203119801,0.9276803633444457,31.50971783590154,0.6048372131854275,2167,4,8,15,10,2.05,2.0,160,164,263.86500705120574,3.2941986486315726,0.038298440761210174,0.003275734088866944,-0.3384858835875768,-0.0001901966542596778,-8.651143273530337e-06,0.28685470995210216,1155.4746627807617,0.7295973884657236,4,8,-4,15,10,2.05,2.0,4,1,160,164,135,1.608932969824424,3.2941986486315726,263.86500705120574,0.038298440761210174,44678,20.617443470235347,30.242731887401938,256x256,65536,sparse,Learned,280,4,28,2116,31.893811540075742,0.642726506875244,28.354715928382348,0.9988272692698527,0.7131452900478978,0.5429018508913799,7,7,0.0,41,2144,32.208572691336485,0.6829242714955386,0.9988102433646024,28.486505444872353,0.5584658888611408,0.6864316239316239,4312,32.637902939667846,0.7288330131572084,0.9994050897149328,31.658448224964996,0.48999427780337823,0.6845493562231759,0.11255744237423926,0.14827916942060027,-0.38409370417420163,-0.03788929368981653,True,0.7205690317785927,0.6684577412151202,0.7078711040676176,28.437891960439412,0.9988237839414394,7302
7303.png,0.6962338949454906,0.8761625061184533,0.933994260370467,0.9342379958246346,0.9337506520605112,0.9988079799009468,28.14602839904278,0.998950170027737,28.596323451745114,1.0,0.7000081585912795,0.7121837146266115,30.814039902961795,0.5635223408000575,2399,5,7,14,11,2.0185185185185186,1.4,216,218,345.63455967290645,2.8745119737254248,0.04926535015010991,0.028312916582367342,-0.25429207815883004,-6.855699722274622e-05,7.315332788404572e-05,0.32387706855791965,1044.5168018341064,0.7152882205513784,5,7,-2,14,11,2.0185185185185186,1.4,5,1,216,218,191,1.5854796315270918,2.8745119737254248,345.63455967290645,0.04926535015010991,45395,18.922467694872864,27.318049187161318,256x256,65536,sparse,Learned,336,5,27,2273,31.13911597783978,0.6147324851355932,28.42836395031857,0.998877016699853,0.6761229314420804,0.3873736058155839,12,5,0.0,33,2380,31.398309663653766,0.6629177358534238,0.9986693482606596,27.877980183149464,0.1802451935806726,0.6932344763670065,3939,31.763375373329083,0.6912488331485053,0.9993674880338997,30.75786435445082,0.1974812020375215,0.6657237152286657,0.16795950142654448,0.31263455277569563,-0.32507607487798396,-0.05121014433553572,True,0.7274682069659875,0.5180910099097975,0.6679209783631233,28.40032047720161,0.9988765368981696,7303
7305.png,0.6243169398907104,0.8986111111111111,0.9465983906364301,0.9295977011494253,0.9642324888226528,0.9992700204111472,28.19323784164021,0.9992347088925921,28.393929860274394,1.0,0.6552721452327799,0.6211545943321765,30.490298982776732,0.5402031146599194,1998,4,4,11,12,2.0,1.0,152,152,254.00714267493666,2.897373444155643,0.05017925453779073,0.001109638717307515,0.137857924067891,-1.9411744901276506e-05,3.4309448900371464e-05,0.37803320561941256,1061.1166954040527,0.6251673360107095,4,4,0,11,12,2.0,1.0,4,0,152,152,129,1.671099622861424,2.897373444155643,254.00714267493666,0.05017925453779073,45648,22.846846846846848,32.8008008008008,256x256,65536,sparse,Learned,272,4,24,1962,30.826613319456033,0.5861339743339851,28.099468017933166,0.9992003994436918,0.6219667943805874,0.3849181926864713,10,2,0.0,29,1874,30.99590356122331,0.621988274671738,0.9990023821563399,27.40047092541844,0.365904405254568,0.5656697009102731,4721,31.78507097167268,0.7109290416696731,0.9995561440585838,31.020553332453915,0.22026409502798372,0.6129032258064516,0.29446184234122796,0.27035395254630856,-0.3363143366793011,-0.04593085967406563,True,0.6654603930513924,0.4133537804899683,0.6232073011734028,28.05537991757232,0.9992894321560485,7305
7306.png,0.5669291338582677,0.8744419642857143,0.9330157785055077,0.9047344110854504,0.9631223110018439,0.9986917318519233,28.110380725480223,0.9986502554555003,28.5230921091228,1.0,0.5524647618955876,0.5114734139271461,30.69518336239105,0.5506821860504292,2056,5,5,9,9,2.0,1.0,148,148,228.30865786510162,3.7287440670503154,0.03162958016236094,0.0009225331982016804,0.15211725162485124,-4.883504522323889e-05,0.00011957794274219946,0.41033925686591277,1225.5873680114746,0.5928374655647383,5,5,0,9,9,2.0,1.0,5,1,148,148,130,1.5426260666560905,3.7287440670503154,228.30865786510162,0.03162958016236094,45562,22.160505836575876,31.875486381322958,256x256,65536,sparse,Learned,268,5,25,2037,30.981347704062422,0.5959613489248999,27.999681314522697,0.9985306775127581,0.5896607431340872,0.3198585892553041,11,4,0.0,32,1958,31.177474923943617,0.6340379078319922,0.9983212745931547,27.61896635421667,0.43823219154052084,0.5733192165166755,4238,31.725801508749374,0.6962393501290164,0.9991954507734999,31.102410597955004,0.27798855305048986,0.5709677419354838,0.5234107946001032,0.2326061726402835,-0.2861643416713733,-0.04527916287447076,True,0.6046563925739001,0.3092656693626453,0.566006600660066,27.95826347385537,0.9987405668971465,7306
7307.png,0.7742097340692423,0.8934511434511434,0.9437276969530606,0.9408866995073891,0.9465859030837004,0.998918828870004,27.80841997393479,0.9990869617176095,28.271460200807024,1.0,0.7341970409110734,0.9491530850023113,30.9917867923248,0.5748993783470053,2334,4,8,15,9,2.0423280423280423,2.0,189,193,314.14927829866764,3.0495823539754072,0.04234204382537154,-0.003896774806497305,-0.39098438817199366,-0.00016877889465916063,1.2739492569857624e-05,0.2226044226044226,1077.930212020874,0.7986815415821501,4,8,-4,15,9,2.0423280423280423,2.0,4,2,189,193,165,1.6277164678687428,3.0495823539754072,314.14927829866764,0.04234204382537154,45225,19.376606683804628,28.07883461868038,256x256,65536,sparse,Learned,309,4,27,2306,31.278034306384285,0.6212134138414043,28.18031430632253,0.9990742222250396,0.7773955773955774,0.6369930625013326,6,6,0.0,35,2314,31.555383375031756,0.6679866404627334,0.998940460305711,27.740669500063625,0.3559635789168587,0.7738743196437408,3932,31.91210055682623,0.6945721345756846,0.9994390322960996,30.627497564370657,0.37811494353498,0.7748538011695907,0.0911458944844945,0.09720397840974082,-0.286247514059486,-0.04631403549439894,True,0.7582859831029636,0.7197294801761884,0.7781065088757396,28.199404362106783,0.9990876077646632,7307
7308.png,0.6588124410933082,0.8857142857142857,0.9393939393939394,0.9347503707365299,0.944083874188717,0.9985359035681106,27.711740563611073,0.9987302901559274,28.32085647983885,1.0,0.7496762002083039,0.6419155516640356,31.144094405054066,0.595614936793592,2471,4,7,17,10,2.0324324324324325,1.75,185,188,312.56349186104075,3.327086284998301,0.04999254017981393,0.007050923478131965,-0.8734831320377872,-0.0003078121134901801,-4.744597809269724e-05,0.34443944169293106,1254.8558712005615,0.6643159379407616,4,7,-3,17,10,2.0324324324324325,1.75,4,0,185,188,158,1.6625717652183003,3.327086284998301,312.56349186104075,0.04999254017981393,45006,18.213678672602185,26.522055847834885,256x256,65536,sparse,Learned,305,4,30,2442,31.701367407241076,0.6451087247799864,28.542584206291785,0.9987777361340201,0.6555605583070689,0.3185479649529045,17,10,0.0,40,2254,31.989298169259897,0.6777729231492164,0.9987329655297875,28.49462909612067,0.3325466069461055,0.6631578947368421,3600,32.14910780652756,0.695961518228836,0.9992749657985683,30.99876842583427,0.32361984396071086,0.647982062780269,-0.22172772645293648,0.43112823525539945,-0.55727300218701,-0.049493787986394366,True,0.6590433718622983,0.42305018961951335,0.6517615176151762,28.58522369564886,0.9988437156816008,7308
7309.png,0.6193236714975845,0.9005791505791506,0.9476891823260538,0.9539877300613497,0.941473259334006,0.9992407598986246,26.67529364604578,0.999533549775989,27.865963977876696,1.0,0.5415939886947765,0.7629554506453686,31.237299374247783,0.590824579587649,1779,4,0,0,8,1.9333333333333333,0.0,120,116,174.7817459305203,2.786544136206309,0.032210528163433276,0.00249287472050308,-0.8770917195975336,-0.000255056251521224,1.798984059619979e-05,0.37148047229791104,829.1184902191162,0.6563745019920318,4,0,4,0,8,1.9333333333333333,0.0,4,0,120,116,112,1.5067391890562092,2.786544136206309,174.7817459305203,0.032210528163433276,44795,25.179876335019674,36.83867341202923,256x256,65536,sparse,Learned,240,4,23,1739,31.51639657706907,0.615360174171667,27.574706775501774,0.9995155599353928,0.628519527702089,0.36364583027491293,5,0,0.875,33,1560,31.870062126894293,0.6477503772490655,0.9994855539518334,27.45905255548921,0.4700645116824316,0.6137805983680871,5164,32.82451090529775,0.7486900090422124,0.9997918893413624,32.50678015007074,0.3127107212090279,0.6188299817184644,0.29125720237492203,0.17794815841986356,-0.279097202821287,-0.024535594584017995,True,0.5768379176822511,0.44010163343459796,0.6168307967770814,27.552385365643314,0.9994958161501458,7309
7310.png,0.7103803486529319,0.9087934560327199,0.9522176987358046,0.957345971563981,0.9471440750213129,0.9984152321505886,27.97851543545667,0.9985696317809012,28.431910790472177,1.0,0.7950522068832027,0.5705368588591246,30.454225342348824,0.5529481361161444,2772,4,9,15,9,2.042194092827004,2.25,237,242,371.6761902332493,3.293472050614498,0.04273519395060219,-0.006317587557199467,-0.5250270959691292,-0.00022484490223162457,-1.4055177591565382e-05,0.2881866064710309,1227.9839515686035,0.7236947791164658,4,9,-5,15,9,2.042194092827004,2.25,4,1,237,242,213,1.5358520257572255,3.293472050614498,371.6761902332493,0.04273519395060219,45750,16.504329004329005,23.642135642135642,256x256,65536,sparse,Learned,357,4,29,2724,30.922678301514246,0.6203010125932813,28.51795278957928,0.9985836869584928,0.7118133935289691,0.5272038278681767,11,12,0.0,33,2492,31.13148414923689,0.6607134074187418,0.9982682763130526,27.740996424808728,0.3451396900433503,0.6809309309309309,3120,31.18279347096746,0.6467437404151369,0.99874730590511,29.387282191510124,0.27830585097856153,0.6992452830188679,-0.08604199910710264,0.267848379015026,-0.46845295916542185,-0.06735287647713695,True,0.8098610198984795,0.4620555624053255,0.7166979362101313,28.5035425314258,0.9986400770528202,7310
7311.png,0.5599128540305011,0.9113652609006433,0.9536275243081526,0.9629909365558912,0.9444444444444444,0.999098531784332,27.7130688548677,0.999347873157829,28.19041786885308,1.0,0.6552721452327799,0.35464450878355824,31.710864477955177,0.6101492498409741,2051,4,1,3,9,1.963855421686747,0.25,166,163,234.85281374238588,2.755530707807426,0.03003410259588921,0.008164602282249356,-0.1410077787307742,-0.0001757343211905571,5.877096458184461e-05,0.43468950749464663,960.6194496154785,0.5800446760982875,4,1,3,3,9,1.963855421686747,0.25,4,0,166,163,154,1.4408148082354952,2.755530707807426,234.85281374238588,0.03003410259588921,44653,21.77133105802048,31.953193564115065,256x256,65536,sparse,Learned,286,4,26,1920,31.89572544144045,0.6391287726361178,27.778622981186114,0.9992891021932472,0.5653104925053534,0.24695957219272724,11,0,0.125,39,1908,32.261851046763816,0.6774872066855516,0.9992767358673643,28.170709243433638,0.22049089430066382,0.5223665223665224,4520,32.84785182093088,0.7402190347259261,0.999688538556168,32.08241136945019,0.254936414280572,0.5988538681948424,0.41179488766696437,0.40831257304005264,-0.18486096348527425,-0.02897952279514371,True,0.676966743577747,0.2400825382389351,0.5517482517482517,27.854076633598474,0.9992742661055225,7311
7312.png,0.7015468607825296,0.9042076991942704,0.9496944052656324,0.9637404580152672,0.9360518999073216,0.9993153635284154,27.658307318276563,0.9994723032025618,28.03605668553913,1.0,0.6074141344684816,0.631767035196905,31.645224507987265,0.5987720138907746,1931,4,2,4,8,1.9735099337748345,0.5,151,149,205.85281374238585,2.4841899571829282,0.019860014864009935,-0.018487385792812838,-0.4151186443889543,-0.00016515378169423833,-4.0777369092248605e-05,0.26033421284080915,806.1559200286865,0.7349056603773585,4,2,2,4,8,1.9735099337748345,0.5,4,0,151,149,139,1.381562508338159,2.4841899571829282,205.85281374238585,0.019860014864009935,44712,23.154842050750908,33.93889176592439,256x256,65536,sparse,Learned,271,4,27,1905,31.860208520941224,0.6310808036774258,28.025182438883995,0.999513080571654,0.7396657871591908,0.5397566925069074,5,3,0.0,37,1896,32.07983179843753,0.6693881523978878,0.9994361031106285,27.81664186859016,0.44935593944157515,0.7132743362831858,4748,32.79627832916825,0.7419319595744839,0.9997689276336089,31.914720458135587,0.3272379892793097,0.7113857016769638,0.010874246655134812,0.0676574419615742,-0.21498401295395908,-0.03230878978665119,True,0.622807646436843,0.3934693402873666,0.7200342465753424,28.073425962665517,0.9994805173101097,7312
7313.png,0.6905511811023622,0.8691514670896114,0.9299957573186254,0.9415807560137457,0.9186923721709975,0.9990250006977359,26.926093012886128,0.9992911989750974,27.86201713021797,1.0,0.5369869316887719,0.8582946872553188,30.970686405097897,0.5694797371417091,1747,4,3,5,8,1.9823008849557522,0.75,113,112,166.1248916810279,3.0566147639688137,0.04433375681360903,-0.021413368380651,-0.5133104220532267,-0.00019630468677944712,6.643571306286233e-05,0.2566641279512567,1138.9775276184082,0.7591362126245847,4,3,1,5,8,1.9823008849557522,0.75,4,0,113,112,100,1.4832579614377488,3.0566147639688137,166.1248916810279,0.04433375681360903,45195,25.870062965083,37.513451631368056,256x256,65536,sparse,Learned,233,4,22,1645,31.251079157911338,0.5960064529469685,27.347238381029676,0.9992247632620346,0.7433358720487433,0.4255175407065437,7,3,0.0,31,1608,31.44809589562559,0.6326593703951109,0.9991548904520253,27.03744820692958,0.3522728358590512,0.7317829457364341,5413,32.55909145063739,0.7486216171534504,0.9997102128271399,32.17637172464529,0.3652635810597181,0.7353846153846154,0.5147787491882951,0.11146939098222819,-0.2803927528134409,-0.02652671580525945,True,0.5934303402594009,0.5093381083007599,0.7119645494830132,27.439403434939354,0.9992213053845154,7313
7314.png,0.6634920634920635,0.8858049167327517,0.9394449116904963,0.9538855678906917,0.9254349627174814,0.9989049872186005,27.923375897644828,0.9993144129076252,28.27845037066666,1.0,0.5934303402594009,0.6186799624177621,30.70345903030882,0.5440543928305267,1823,4,4,10,11,2.0,1.0,131,131,210.65180361560914,2.8122036566261115,0.045914655933673415,0.0029982363315695926,-0.031043986150702807,-0.00010734407673407276,9.479084954522321e-05,0.3085531574740208,1013.6899948120117,0.6830065359477124,4,4,0,10,11,2.0,1.0,4,0,131,131,110,1.6080290352336566,2.8122036566261115,210.65180361560914,0.045914655933673415,45589,25.007679648930335,35.94953373560066,256x256,65536,sparse,Learned,251,4,23,1821,30.852977267827487,0.5820899396176922,27.81363231432487,0.99921962205808,0.6914468425259792,0.37588995464672925,7,0,0.625,30,1816,31.085915109821116,0.6228276634437321,0.9990825878205497,27.128805694958473,0.5014243770087834,0.6823623304070231,5000,31.985532778431637,0.7225027330133418,0.999606984145795,31.28506343697683,0.2591817793182821,0.6669322709163347,0.46481805634179096,0.21754038561267164,-0.14951823751866655,-0.038035546787165475,True,0.5831379803214916,0.3607757837496701,0.6604938271604939,27.95441988379553,0.9990123312953346,7314
7315.png,0.7281879194630873,0.9077025232403718,0.951618517229377,0.9466759002770083,0.9566130160951715,0.9992114928003443,27.61509649099387,0.999286324829837,27.97654068584872,1.0,0.680180978183696,0.8609226138832694,31.189563796794477,0.5834017173798011,2182,4,8,14,8,2.0451977401129944,2.0,177,181,261.89444430272863,2.975080728530884,0.02824896050789244,-0.014080121774026177,-0.1677026716009813,-0.00011947590647720663,2.5921151426633315e-05,0.26594387755102045,955.9531211853027,0.7429340511440108,4,8,-4,14,8,2.0451977401129944,2.0,4,1,177,181,155,1.4469306315067865,2.975080728530884,261.89444430272863,0.02824896050789244,45077,20.658570119156735,30.034830430797435,256x256,65536,sparse,Learned,297,4,27,2127,31.49971018476863,0.6254976302421007,27.763469868004602,0.9992604036784104,0.7340561224489796,0.598280019902414,5,5,0.0,36,2030,31.694226029847833,0.6608757328850491,0.999189638548881,27.684461488633776,0.3839606542049152,0.7089410272669626,4087,32.166352890093854,0.706545422305401,0.9996020273537135,30.7644111268551,0.3885976341675914,0.7204094689699296,0.21307081784411608,0.08190095828128208,-0.3101463879741537,-0.042095912862299634,True,0.6911810203119801,0.5950533706734951,0.7422680412371134,27.782799162594852,0.9993309687068215,7315
7316.png,0.6469984607491021,0.794,0.8851727982162765,0.8696604600219058,0.9012485811577753,0.998542546494378,28.527394066604323,0.9984968645635391,29.01557094320395,1.0,0.6186356265058105,0.6467729127322115,30.482619690646573,0.5347355397203274,2070,5,14,25,9,2.1125,2.8,160,169,275.76450198781737,3.2435229137539863,0.07358350172149934,-0.02086601563693491,0.028302402332585075,-3.797019710072291e-05,0.00014606108677117646,0.3071027082268779,1324.4590759277344,0.6781137878011276,5,14,-9,25,9,2.1125,2.8,5,1,160,169,126,1.6317426153125272,3.2435229137539863,275.76450198781737,0.07358350172149934,45652,22.05410628019324,31.65990338164251,256x256,65536,sparse,Learned,280,5,24,2031,30.727420105137423,0.5834418520153576,28.549285091108683,0.998350803476768,0.6928972917731221,0.31841433380615214,18,5,0.0,30,2058,30.999712125061492,0.6266080977288371,0.9980143934275856,27.887763702175587,0.037268417183951796,0.483641975308642,4344,31.613431212076687,0.6963401434392682,0.9990525035529778,31.01961795006567,0.03335791499104157,0.4415147265077139,0.4662858520952682,0.30022129269965836,-0.24480041449085022,-0.048706312295030196,True,0.6451286679019725,0.41725174762601036,0.667864476386037,28.499091664271738,0.9985805166914787,7316
7317.png,0.670206121174266,0.8734177215189873,0.9324324324324323,0.9193870752831446,0.9458533241946538,0.9990854981163239,27.24641447346096,0.9991655316412679,27.703789919367537,1.0,0.676966743577747,0.4714113681262867,31.011295970088028,0.5783241543648333,2200,4,8,14,9,2.0473372781065087,2.0,169,173,272.56349186104086,2.7855968588202664,0.03445477074961333,0.009916266101802296,-0.3657390074740441,-0.0001661799156843502,-1.632307566923341e-05,0.3250720461095101,1161.4611148834229,0.6890547263681592,4,8,-4,14,9,2.0473372781065087,2.0,4,1,169,173,146,1.5755115136476328,2.7855968588202664,272.56349186104086,0.03445477074961333,45223,20.55590909090909,29.78909090909091,256x256,65536,sparse,Learned,289,4,26,2037,31.37150272234348,0.6175576536242418,27.628534157266866,0.9991818547169371,0.6749279538904899,0.48829142221345756,8,3,0.0,35,2098,31.589115478856638,0.6609473613278647,0.999107453518667,27.361836399696028,0.5824426309918799,0.6511897852582704,4218,32.117841176368145,0.7091287924678397,0.9995693090466502,30.929734167943337,0.36871635449307405,0.6664719626168224,0.07525576210067086,0.18867532136428944,-0.3602067522554506,-0.039233499259408444,True,0.7134952031398099,0.3363497498636806,0.6602898550724637,27.612153480935003,0.9992516780320082,7317
7318.png,0.6240497581202488,0.8504273504273504,0.9191685912240186,0.8923766816143498,0.9476190476190476,0.9992961313211525,28.20513553170448,0.9993374626884803,28.483738700105057,1.0,0.7077074223191406,0.9335202960915517,31.042195518140133,0.5714702070675318,2082,4,7,13,9,2.033707865168539,1.75,178,181,294.14927829866787,2.4442785268419245,0.0425008149324312,-0.017668883598392915,-0.03420808590204416,-8.07524787432845e-05,8.060178600444168e-06,0.30657439446366785,934.196949005127,0.6687285223367697,4,7,-3,13,9,2.033707865168539,1.75,4,2,178,181,156,1.6251341342467809,2.4442785268419245,294.14927829866787,0.0425008149324312,45226,21.7223823246878,31.477425552353505,256x256,65536,sparse,Learned,298,4,26,2027,31.379987280993742,0.6135262467991842,28.299208097950405,0.9993294025098799,0.6934256055363321,0.4146559913187361,9,3,0.125,34,2074,31.584207568805862,0.6575608548540334,0.9992315997986146,27.76363168319498,0.2963178888251258,0.6476323119777159,4494,32.21643792423551,0.7177382423801936,0.999634057713319,31.32868193644717,0.19504563850817014,0.6569148936170213,0.184530602154652,0.29305143100040454,-0.3377917628536089,-0.042056039731652395,True,0.7420527055481743,0.6927212613988687,0.6417186417186417,28.239343617606526,0.9993768837998958,7318
7319.png,0.7297619047619047,0.8937346437346437,0.9438858254946481,0.97,0.9191408717624763,0.9989212093698542,26.75312118913187,0.9992527914045042,27.44019218976778,1.0,0.6265607730633391,1.0024154348521865,30.282529881114243,0.5343289590736551,2087,4,5,7,6,2.0125,1.25,160,161,230.30865786510162,3.386715704202652,0.023535517291149086,-0.03056386603507022,-0.2823467612168784,-0.00016207055442518659,9.858935683459968e-05,0.22389861194930594,1163.5003089904785,0.776589049716803,4,5,-1,7,6,2.0125,1.25,4,2,160,161,147,1.4304885581683318,3.386715704202652,230.30865786510162,0.023535517291149086,45926,22.00574988021083,31.40201245807379,256x256,65536,sparse,Learned,280,4,23,2073,30.503580097676696,0.5804762864313967,26.926578010856407,0.9991542020476696,0.7761013880506941,0.6637835062932667,4,5,0.25,30,2044,30.85433187107786,0.6267203186003069,0.9990758260003575,26.5725058154508,0.34163777157517283,0.7420706163973668,4511,31.527445980258605,0.6988455560281756,0.9996508754468689,30.846995208433768,0.8011093295591803,0.7785153892576946,0.5136141789113751,-0.03722273322992753,-0.22105021656245327,-0.04614732735774163,True,0.6737202053769605,0.6753475326416503,0.7603257707969749,27.03546795034875,0.9990832799242794,7319
7320.png,0.622097678142514,0.8881987577639752,0.9407894736842105,0.9218372280419017,0.9605373635600336,0.999094257450392,28.764491353102027,0.9990848223144425,29.063476651585066,1.0,0.5461552047176442,0.539914170063041,31.004268376538583,0.5564980509734413,1694,4,2,8,6,1.9636363636363636,0.5,110,108,164.19595949289337,3.246079870787534,0.043768226611338217,-0.0012063920889304747,0.8558135125375017,0.00013027922830000094,0.00021103697710644909,0.36932707355242567,1143.0120468139648,0.6398104265402843,4,2,2,8,6,1.9636363636363636,0.5,4,0,110,108,96,1.5203329582675311,3.246079870787534,164.19595949289337,0.043768226611338217,45270,26.723730814639907,38.68713105076741,256x256,65536,sparse,Learned,230,4,21,1659,30.92002607060625,0.5802689858092525,27.99072534954336,0.9988737853373361,0.6306729264475743,0.5266877687902607,5,2,0.0,32,1660,31.347243064360036,0.6240579077969121,0.9987601562512268,27.710327989393626,0.26655304377571065,0.5982839313572543,5432,32.39748209457369,0.7467013667475649,0.9995035757372126,31.754567981221882,0.10780813485167373,0.6128787878787879,1.0727513020417057,0.019467435927383536,0.08424230593233162,-0.023770934835811164,True,0.5573606726386489,0.3009269249934744,0.6233040702314445,27.908677840564525,0.998963978222092,7320
7321.png,0.6430405752439651,0.8709344346928239,0.9310154525386313,0.9198473282442748,0.9424581005586592,0.9990387408184528,27.68148396135185,0.9990494679354949,27.867318235557185,1.0,0.597475775966364,0.532078864077973,29.945025130055917,0.5211695605177682,2381,5,5,11,14,2.0,1.0,195,195,322.67276393667436,2.913830155592698,0.046445987853997374,0.004602441369725763,0.12211187291560321,-8.15421143114392e-05,1.0146347180550741e-05,0.3608608608608609,1137.5353336334229,0.6461928934010153,5,5,0,11,14,2.0,1.0,6,0,195,195,170,1.654732122752174,2.913830155592698,322.67276393667436,0.046445987853997374,46114,19.367492650146996,27.52456950860983,256x256,65536,sparse,Learned,315,6,25,2313,30.43381595812322,0.5845120587341612,27.597630856863894,0.9990393215883143,0.6391391391391391,0.3570360789537026,12,2,0.0,29,2352,30.67740768414215,0.6304047294316211,0.9988870519195985,27.008160782410272,0.3649172667540719,0.6132315521628499,3901,31.08067852980197,0.664449869325014,0.9994271991353939,30.08769216130258,0.21511825999384804,0.6206896551724138,0.2696873786932912,0.24043969701266144,-0.4887908280673017,-0.06334249821639304,True,0.6890117037040719,0.3666085646432915,0.6384381338742393,27.55937208843625,0.9991202829327642,7321
7322.png,0.720537046245649,0.9365,0.9672088820036147,0.972987012987013,0.9614989733059548,0.998568649764766,27.391029194904128,0.9987456341671582,27.862112078382992,1.0,0.7120590918692298,0.7722250236920476,30.224125280193196,0.5358054336542433,2498,4,1,3,9,1.968586387434555,0.25,191,188,296.11984104714503,3.3062872374869143,0.0421509449815433,0.006587941627364313,-0.5802371904563479,-0.00022277526039737872,-3.1013347714714534e-05,0.29447852760736193,1336.6496562957764,0.7323588709677419,4,1,3,3,9,1.968586387434555,0.25,4,0,191,188,179,1.5751055374848115,3.3062872374869143,296.11984104714503,0.0421509449815433,45955,18.39671737389912,26.235388310648517,256x256,65536,sparse,Learned,311,4,26,2461,30.573328283247726,0.5966212969925472,27.95091411021339,0.9987766475148729,0.7055214723926381,0.4357781153258553,13,9,0.0,29,2262,30.789953988884626,0.6372092585137652,0.99841703020514,27.111869522670474,0.5584658888611408,0.6998106060606061,3726,31.08413443499415,0.6579131703865373,0.9990843873339311,29.510388619836327,0.48743786348245377,0.6927108146736541,-0.08880203183039725,0.27628097654337447,-0.3492030030545301,-0.06081586333830391,True,0.7233494163680265,0.5585885201924281,0.7139491046182846,27.971266385360476,0.9987914250251634,7322
7323.png,0.5383986928104575,0.8919558359621451,0.9428928720300126,0.93239901071723,0.9536256323777403,0.9992450783690977,28.297850272240353,0.9993761118351936,28.730905425562014,1.0,0.622807646436843,0.47292760984124194,31.494888343755115,0.5889010070798746,1906,4,4,8,10,2.0,1.0,149,149,226.06601717798236,2.8003795370959597,0.02465771163924644,-0.036086251722030616,-0.24986927964124206,-0.0001184077564679864,1.6505588625759238e-05,0.4241001564945227,1021.470308303833,0.5478119935170178,4,4,0,8,10,2.0,1.0,4,0,149,149,131,1.5172215917985379,2.8003795370959597,226.06601717798236,0.02465771163924644,44755,23.481112277019935,34.38405036726128,256x256,65536,sparse,Learned,269,4,25,1785,31.691833132343532,0.6183580219084286,28.568889598322727,0.9993596062465678,0.5758998435054773,0.2400825382389351,11,2,0.0,33,1704,31.88771758609584,0.6517517817029075,0.9992487251617072,28.197331934882726,0.29707143018928184,0.5538945712037766,4785,32.65086781935616,0.7384052508513257,0.9996506711724908,31.804286558500323,0.2256368161874559,0.5812846946867566,0.1620158272392871,0.38272510819790795,-0.1969447885884179,-0.029457014828554007,True,0.6265607730633391,0.2963178888251258,0.5744849445324881,28.547719551881595,0.9993634861255657,7323
7324.png,0.6622630672027571,0.869364161849711,0.930117501546073,0.9187538179596824,0.9417658108954289,0.9989768987419054,27.12289984592891,0.9991992331873317,28.085549277221666,1.0,0.7120590918692298,0.4434901596074699,30.307551192858785,0.5378245924068054,2299,4,5,11,11,2.010362694300518,1.25,193,194,294.32085117392154,2.884725977102092,0.03780963917940351,0.005962799106242311,-0.9848768756133595,-0.00033437630334598456,-4.593084119597357e-05,0.34619450317124734,969.811201095581,0.6871765382403681,4,5,-1,11,11,2.010362694300518,1.25,4,0,193,194,171,1.5171177895562948,2.884725977102092,294.32085117392154,0.03780963917940351,45795,19.919530230535017,28.506307090039147,256x256,65536,sparse,Learned,313,4,26,2280,30.75833541926273,0.5962492983069657,28.06534605542008,0.9992451640285277,0.6538054968287527,0.5740074125998693,6,3,0.0,31,2236,30.98766950968048,0.6397635670442429,0.9991416751492087,27.609679280604507,0.22406320396638946,0.6452810180275715,4054,31.438093453426355,0.6823045594078382,0.9995279297566523,30.38926940021071,0.20098455261120263,0.6408227848101266,0.02020322180158729,0.13805167926936046,-0.4507842264039432,-0.058424705900160356,True,0.7458930404471997,0.3307962235580296,0.6563002680965148,28.10777672154227,0.9993112750452514,7324
7325.png,0.5526992287917738,0.9001280409731114,0.9474393530997305,0.9404682274247491,0.9545145960624576,0.9986425685268283,28.623135166023424,0.9987101451170891,28.875038510732054,1.0,0.6190168002606627,0.4919895335340404,31.274581908544953,0.577028421244807,1977,4,3,6,9,1.9869281045751634,0.75,153,152,225.37972567696698,3.166213657341751,0.029613936025962816,0.005263331355876311,0.05873590202613954,-6.021080660778555e-05,3.277355828057438e-05,0.4543147208121827,1324.8488903045654,0.5698647778493239,4,3,1,6,9,1.9869281045751634,0.75,4,0,153,152,138,1.4827613531379402,3.166213657341751,225.37972567696698,0.029613936025962816,45040,22.78199291856348,33.14921598381386,256x256,65536,sparse,Learned,273,4,26,1948,31.455444739144905,0.6133693579492079,28.59635839676516,0.9986773715588085,0.5456852791878173,0.3092656693626453,12,8,0.0,34,1974,31.694783056785333,0.6539033957922106,0.9985230619080391,28.367840674917872,0.1777017982922816,0.543859649122807,4710,32.397921075710634,0.7299405535260743,0.9992856981899272,31.696871084886205,0.12365900492062665,0.5421085464753587,0.2786801139668924,0.3097511308980174,-0.18086283059995267,-0.03634093670440086,True,0.6518075726938024,0.320682503643579,0.5474358974358975,28.564399263997284,0.9987027793334361,7325
7326.png,0.5836909871244635,0.9240056818181818,0.9605020302694722,0.9629903774981495,0.9580265095729014,0.9989101520558238,27.368219913945318,0.9990024506525003,27.86593226244498,1.0,0.5994833739091812,0.683546468843925,31.396098285326936,0.5931229044464899,1947,4,1,5,9,1.9555555555555555,0.25,135,132,208.72287142747473,3.145445613507871,0.023042704095663225,-0.012715370857568242,-0.6350809061071949,-0.00017096903958813137,1.4847775259285712e-05,0.40069444444444446,1310.7595443725586,0.5981173062997828,4,1,3,5,9,1.9555555555555555,0.25,4,0,135,132,121,1.5812338744505645,3.145445613507871,208.72287142747473,0.023042704095663225,45006,23.115562403697997,33.65998972778634,256x256,65536,sparse,Learned,255,4,26,1915,31.65719988159076,0.6231448091519585,27.976852337229197,0.998987602877241,0.5993055555555555,0.4511883639059735,5,1,0.375,36,1906,31.912317409851486,0.6632621107406715,0.9989185400904104,27.72392540317042,0.611320429098247,0.5937716262975778,4851,32.657719975136146,0.7411389965713723,0.9995064801287531,31.635120368366998,0.3176565955115075,0.5997200839748076,-0.11092007478421806,0.14829501000320766,-0.2611015962638241,-0.030021904705468616,True,0.6132589765454988,0.41919100790451513,0.5964063579820318,28.003300820052512,0.9990811210954119,7326
7327.png,0.7177083333333333,0.8880675818373812,0.9407158836689039,0.9365256124721604,0.9449438202247191,0.9995308771585638,26.744660857415834,0.9996610845915966,27.449357583119898,1.0,0.5323335729900908,0.8212943680294629,30.226094796854305,0.527334696628247,1711,4,1,2,8,1.9487179487179487,0.25,117,114,169.19595949289345,2.6659463511572943,0.04462358204664548,0.039983214849920956,-0.1972192086194262,-0.00013192716804988347,-1.8090100377676777e-06,0.29038461538461535,770.0262069702148,0.7627659574468085,4,1,3,2,8,1.9487179487179487,0.25,4,0,117,114,107,1.4841750832709941,2.6659463511572943,169.19595949289345,0.04462358204664548,45833,26.787258912916425,38.302746931618934,256x256,65536,sparse,Learned,237,4,21,1705,30.536701737359834,0.5641446353405813,26.90248071341462,0.9996628936016344,0.7096153846153846,0.37767058124129305,7,2,0.0,27,1696,30.788323590539648,0.6069277485030223,0.9995492502459613,26.05630127502085,0.47795422323898396,0.703232125367287,5381,31.8762349463332,0.7280234606580539,0.9998786436843822,31.782082917893774,0.3701176494675643,0.6973684210526315,0.5468768697052795,0.15466299174879772,-0.3106069405055294,-0.0368099387123344,True,0.5276334472589853,0.43334237861777525,0.6777251184834123,26.94188006603526,0.9996628043266137,7327
7328.png,0.7482993197278912,0.9,0.9473684210526315,0.9559585492227979,0.9389312977099237,0.9984987779698827,27.541469992182087,0.9986412049633986,28.19572849894792,1.0,0.7177607038594767,0.7024654347110887,30.342360849443182,0.5373436874714945,2405,4,5,7,7,2.009950248756219,1.25,201,202,289.2792206135789,3.422576738234183,0.021931327474760797,0.007034392704450276,-0.49013440776627704,-0.00017555152059844925,9.156379054142683e-05,0.2673179396092362,1184.1962337493896,0.7682382133995037,4,5,-1,7,7,2.009950248756219,1.25,4,1,201,202,187,1.432075349572171,3.422576738234183,289.2792206135789,0.021931327474760797,45834,19.05779625779626,27.24989604989605,256x256,65536,sparse,Learned,321,4,26,2387,30.644736268387454,0.5970804230477611,28.022533264314117,0.9985496411728572,0.7326820603907638,0.5740074125998693,9,13,0.0,30,2178,30.887964891577305,0.6345714994021913,0.9980479611728826,27.1225465056628,0.16736332359148953,0.7403846153846154,3897,31.28899749360597,0.6707969448546285,0.9991080342903245,30.19673625373924,0.22933384362394882,0.7043633125556545,0.17319523463380193,0.14375329125960734,-0.30237541894427267,-0.059736735576266575,True,0.7484214469402435,0.5257401970719802,0.7412649270234409,28.031604399948364,0.9986743294904812,7328
7329.png,0.6524427952999382,0.8830188679245283,0.937875751503006,0.9261213720316622,0.9499323410013532,0.9991269830180696,27.926675896140118,0.9991824468361296,28.2540200183781,1.0,0.7032899857059547,0.8259960889073729,30.367422571962788,0.5339768139776226,2060,4,7,15,11,2.034090909090909,1.75,176,179,279.27922061357884,2.826066006313671,0.037583223765666744,0.027838782628343717,-0.0022087176278517973,-0.00011079374208933235,1.3619361819539044e-05,0.3474801061007957,1029.4253826141357,0.6884735202492211,4,7,-3,15,11,2.034090909090909,1.75,4,0,176,179,150,1.5602191095730646,2.826066006313671,279.27922061357884,0.037583223765666744,45717,22.19271844660194,31.813592233009707,256x256,65536,sparse,Learned,296,4,23,1952,30.661215696742644,0.5797910175605575,28.01131278480984,0.99916882747431,0.6525198938992043,0.529989385269462,8,5,0.0,29,2054,30.95813900186396,0.6265931910401911,0.9990340712639045,27.430863818460153,0.16720100042670316,0.628021978021978,4457,31.614317883525484,0.6985745770583277,0.999586995763579,31.276931676880015,0.11883609660795491,0.6295525494276795,0.24270723356826096,0.17330060043649265,-0.29379312477985664,-0.045814203582934865,True,0.7134952031398099,0.5893442472476544,0.6246040126715945,27.92888461376797,0.9992377767601589,7329
7330.png,0.7186030893216924,0.9300134589502019,0.9637377963737795,0.9644103279832519,0.9630662020905923,0.9990834936338716,26.73019285778926,0.9992419503256429,27.08564094225977,1.0,0.6737202053769605,0.720081812159205,30.803019776397026,0.5748810254584196,2296,4,0,0,8,1.956043956043956,0.0,182,178,258.93607486307127,2.8400159582986935,0.020744790593117617,0.02553378239099935,-0.35483560599549335,-0.00016877453852159885,-1.0768061087906844e-05,0.29125,1096.745252609253,0.7406398910823689,4,0,4,0,8,1.956043956043956,0.0,4,0,182,178,174,1.4546970497925333,2.8400159582986935,258.93607486307127,0.020744790593117617,45471,19.804442508710803,28.54355400696864,256x256,65536,sparse,Learned,302,4,27,2254,31.229521771171008,0.6207280766527944,27.063963407531688,0.9992527183867308,0.70875,0.48755988755913426,7,2,0.0,35,2190,31.550568759162893,0.6640105666953272,0.999226871245818,27.2351540858378,0.38121660819385916,0.6961152882205514,3977,31.918854990624624,0.6952358044823059,0.9996650600357021,30.942768692141573,0.32776201522506565,0.7127791563275434,0.02167753472808087,0.18616031781782627,-0.4265019947739823,-0.04584705119437482,True,0.6911810203119801,0.49770688163629895,0.693069306930693,27.085028463784752,0.9992522681723932,7330
7331.png,0.6488693467336684,0.8924870466321243,0.9431895961670089,0.9217391304347826,0.9656622284512965,0.9992545700817805,27.621511411752873,0.9992702946117807,27.870312325386767,1.0,0.6500622508888447,0.6274276603822184,31.364524921574343,0.6020961370270884,2115,4,5,12,11,2.013157894736842,1.25,152,153,246.20815280171337,3.1241202542656348,0.040864428305376475,-0.0038832243492112895,0.08979263813812466,-7.480545048943466e-05,1.744937547210057e-05,0.3213429256594724,1052.4837970733643,0.6820737039350406,4,5,-1,12,11,2.013157894736842,1.25,4,1,152,153,129,1.6092036130830922,3.1241202542656348,246.20815280171337,0.040864428305376475,44825,21.19385342789598,30.98628841607565,256x256,65536,sparse,Learned,272,4,27,2024,31.764424766277223,0.6372865300906932,27.531207598756392,0.9992528452363086,0.6786570743405276,0.45897279467116603,7,1,0.625,38,2096,32.0447559619782,0.6793415527483502,0.9992699593005298,28.012907555042553,0.490479766317101,0.7106537530266344,4155,32.503697545978405,0.719983263110381,0.9996474403826137,31.52995742768951,0.35273533292196535,0.6755447941888619,0.3391047266303744,0.1910894562176787,-0.39989984470287965,-0.03519039306360483,True,0.6911810203119801,0.4336660904749403,0.6527525710828797,27.53171877361475,0.99932937553227,7331
7332.png,0.6281606346058503,0.9308080808080809,0.9641642688987706,0.965426925091671,0.9629049111807733,0.99814218979346,27.57547134208785,0.9984352119348036,28.001723171652387,1.0,0.6046563925739001,0.8407542775989889,30.95855309381671,0.5782282928294589,2357,5,4,8,10,1.9884393063583814,0.8,173,172,259.4802307403553,3.4228124301557594,0.047776289118567045,0.013861023710908582,-0.33974555147835517,-0.00011165578429350731,9.030050502123466e-05,0.38104543234000976,1385.0417137145996,0.6411411411411412,5,4,1,8,10,1.9884393063583814,0.8,5,0,173,172,155,1.5086059926764839,3.4228124301557594,259.4802307403553,0.047776289118567045,45319,19.227407721680102,27.804836656767076,256x256,65536,sparse,Learned,293,5,28,2346,31.35750485948104,0.6278736792383196,27.87941932372574,0.9983449114297823,0.6189545676599902,0.4390827103914986,11,7,0.0,35,2204,31.56524199785629,0.6633223914524158,0.9982842150598097,27.88934998957067,0.49562964249152297,0.6224289911851126,3896,31.945796416136236,0.6939624448625036,0.9990275135177443,30.86287852326506,0.677427890189487,0.6251837334639883,0.12230384792664495,0.16557368218240154,-0.39895176566432866,-0.04964538640886074,True,0.623184650257079,0.523945160437669,0.6142996108949417,27.915216893566207,0.9982538455777535,7332
7333.png,0.6829113924050633,0.9198203976908275,0.9582358837287004,0.9637096774193549,0.9528239202657808,0.9988832916934797,27.723893755877324,0.9990814184020953,28.081731221428427,1.0,0.5578030907201013,0.7345724881904011,30.682624060493303,0.5529961318901908,2136,4,1,3,11,1.9631901840490797,0.25,163,160,243.75215654703086,3.1282397033246747,0.019134005865198717,-0.0011712321392867153,3.329353373615618e-05,-8.524364450213096e-05,5.4512399108141985e-05,0.29517326732673266,1210.4270458221436,0.712248865845755,4,1,3,3,11,1.9631901840490797,0.25,5,0,163,160,149,1.5234509784189414,3.1282397033246747,243.75215654703086,0.019134005865198717,45542,21.321161048689138,30.681647940074907,256x256,65536,sparse,Learned,283,5,25,2067,30.974362878078384,0.5978937610047831,27.736795690456304,0.9990269060029872,0.7048267326732673,0.41725174762601036,9,4,0.0,31,2012,31.176178704791873,0.6387622250999224,0.9989043176426592,27.441218704143154,0.421123814743799,0.6945996275605214,4290,31.720876111783248,0.6975090446382053,0.9994960178452061,30.885567523990566,0.29443049940210575,0.6679245283018868,0.3449355309721227,0.1405513430940909,-0.291738817585081,-0.044897629114592275,True,0.5785271852240825,0.42497015393584336,0.68408262454435,27.723860462343588,0.9989685353379818,7333
7334.png,0.6413232733604178,0.88204833141542,0.9373280342402935,0.9319148936170213,0.9428044280442804,0.998612422144443,28.71589247309203,0.9986004540294098,29.0880455033836,1.0,0.6412035345940483,0.4909994103159519,30.77254327306676,0.5485787214619476,1935,4,3,5,8,1.9864864864864864,0.75,148,147,223.58073580374366,3.4886558152533866,0.03519257674503233,0.03214074256534505,0.2541801586583965,3.122107315522982e-05,0.0002311285600746782,0.3756316676024706,1218.9595699310303,0.661026837806301,4,3,1,5,8,1.9864864864864864,0.75,4,1,148,147,135,1.5209573864200243,3.4886558152533866,223.58073580374366,0.03519257674503233,45459,23.493023255813952,33.868733850129196,256x256,65536,sparse,Learned,268,4,23,1889,30.834865983845845,0.5851332793804744,28.48191979380017,0.9983693254693351,0.6243683323975294,0.31954936379541243,12,5,0.0,30,1720,31.142552427176287,0.618332714870119,0.9980385914204426,27.932156380789092,0.13383877052556237,0.6010989010989011,4866,32.00018751942046,0.7211804839991698,0.9991537629406445,31.39115989182693,0.03856407252004579,0.5428074750108648,0.6061257095834307,0.3216541707986359,-0.062322710779085355,-0.0365545579185268,True,0.6737202053769605,0.3307962235580296,0.6091825307950728,28.461712314433633,0.9985812010712878,7334
7335.png,0.7667130919220055,0.9001386962552012,0.9474452554744526,0.945375091041515,0.9495245062179956,0.9990970980821386,27.831688956135963,0.9992495652157142,28.273517815130166,1.0,0.6046563925739001,0.8008032688818664,31.548191915150316,0.6007256810677416,2084,5,4,8,11,1.9879518072289157,0.8,166,165,262.4507934888327,2.572106547384377,0.04435660049221675,-0.0028259862343070763,-0.5429311170964368,-0.00020626101466214575,-2.0831387646080834e-05,0.2169241101410343,929.656982421875,0.7820602662929222,5,4,1,8,11,1.9879518072289157,0.8,5,0,166,165,147,1.5906108696292869,2.572106547384377,262.4507934888327,0.04435660049221675,44695,21.446737044145873,31.44721689059501,256x256,65536,sparse,Learned,286,5,27,1985,31.82845466594664,0.6343104313590888,28.33532649289312,0.9992703966033603,0.7830758898589657,0.49193346071814303,7,0,0.8,37,2018,32.0552930046437,0.6743512352182834,0.99917746374533,27.996171082965617,0.3712364455329016,0.751006711409396,4398,32.599759968871695,0.7296986282891899,0.9996491965390953,31.723102145334327,0.23725639025304945,0.7542706964520368,-0.06180867776295429,0.1127229318557571,-0.2802627507963251,-0.03358475029134722,True,0.6124847205006303,0.490479766317101,0.7695390781563126,28.3746200732324,0.9993033590968008,7335
7336.png,0.5952649379932357,0.8370044052863436,0.9112709832134293,0.8994082840236687,0.9234507897934386,0.9995212094619303,27.434616310232464,0.9996479357113022,28.005907899942763,1.0,0.5415939886947765,0.747449348100972,30.425334446094258,0.5276444695603499,1686,4,0,0,8,1.937984496124031,0.0,129,125,172.7106781186549,2.454301177993301,0.026255871964593547,0.03855317940842817,-0.18070029211918381,-0.00010009828458246162,-3.346337518084219e-06,0.3902439024390244,782.9082012176514,0.6593533487297921,4,0,4,0,8,1.937984496124031,0.0,4,0,129,125,121,1.3816854249492383,2.454301177993301,172.7106781186549,0.026255871964593547,45738,27.128113879003557,38.87069988137604,256x256,65536,sparse,Learned,249,4,21,1639,30.600966057472753,0.5608890911151033,27.77449349389617,0.9996512820488203,0.6097560975609756,0.23746823405386697,9,0,0.375,26,1546,30.826756324215285,0.597877547717862,0.9995443338199024,26.759548186431275,0.21494382244817056,0.5912486659551761,5226,31.882361530647586,0.725346505964037,0.9998364322447895,31.294366031744218,0.18126924692201818,0.6545265348595213,0.2314144060465928,0.3041257546409095,-0.17563161137849548,-0.033244621554753384,True,0.5392962190010342,0.403096607325642,0.5567117585848075,27.615316602351648,0.9996213077465128,7336
7337.png,0.7696258253851798,0.906891495601173,0.9511726259131104,0.9349962207105065,0.9679186228482003,0.9990445587170094,28.486280628471707,0.9990490073072078,28.690510445096677,1.0,0.5285772362608692,0.9495434668008806,31.543861385058115,0.5907397597933357,1840,5,3,4,8,1.9727891156462585,0.6,147,145,207.61017305526653,2.94893348703579,0.037936597626077345,0.012071868550647347,-0.11862963128431048,-9.021154755373129e-05,1.6985515396195083e-05,0.2416961130742049,1085.3564739227295,0.7882096069868996,5,3,2,4,8,1.9727891156462585,0.6,5,1,147,145,135,1.431794296932872,2.94893348703579,207.61017305526653,0.037936597626077345,44742,24.316304347826087,35.61739130434783,256x256,65536,sparse,Learned,267,5,25,1818,31.664566145457236,0.6189135989537872,28.60434692044035,0.9990320217918116,0.7583038869257951,0.3350211211775981,10,6,0.0,33,1656,31.911752348344308,0.649640505484932,0.9988526130875247,27.999054414590134,0.11950649474378894,0.7386124737210932,5025,32.82540541553058,0.7492776396280099,0.9995768523290132,32.33901884151009,0.04525958239306327,0.6760143198090692,0.08616352465632815,0.19355611508327109,-0.12070476039912137,-0.028173839160451464,True,0.5506710358827784,0.5228860844789656,0.7575539568345324,28.604910259756018,0.9991347702645631,7337
7339.png,0.7517619420516837,0.9109217660728117,0.9533846777462506,0.9423076923076923,0.9647251845775225,0.9994061770320687,27.63378196494592,0.9994984518039891,27.887934322549754,1.0,0.5470619872234423,0.8612375828416915,31.12992648494169,0.5890924160192523,2150,5,4,8,11,1.9872611464968153,0.8,157,156,231.62236636408645,2.758339673850187,0.026966705884824103,0.05252424281398449,0.017621812516310342,-9.677477030689552e-05,2.6548904296985754e-05,0.27708333333333335,1037.6896858215332,0.7758620689655172,5,4,1,8,11,1.9872611464968153,0.8,5,0,157,156,138,1.484758758744142,2.758339673850187,231.62236636408645,0.026966705884824103,45061,20.95860465116279,30.48186046511628,256x256,65536,sparse,Learned,277,5,26,2068,31.48033965451834,0.6239826633405793,27.563342719100667,0.9994719028996921,0.7229166666666667,0.4950689195281103,6,2,0.0,35,1948,31.777175394510646,0.6644279993404262,0.9994192465728741,27.301224666220065,0.48462327601727084,0.7257717157214645,4322,32.37085289527231,0.719565137982624,0.9997530435109825,31.262565312858538,0.3363497498636806,0.7234794908062234,0.3245916034490861,0.051993067695332074,-0.3504131695766475,-0.03489024732132695,True,0.5488701205969576,0.47270757595695145,0.6992376992376992,27.61616015242961,0.9995029518023756,7339
7340.png,0.3955007256894049,0.8480222068008327,0.917761922643635,0.9139865370231862,0.9215686274509803,0.9989990778330814,28.455468918121454,0.9991089355827645,29.03714837878404,1.0,0.6034685809250071,0.22554586955530592,31.500358379040676,0.5896554153165439,1835,4,5,10,9,2.0141843971631204,1.25,141,142,225.7645019878174,3.049175575269875,0.028851703164635437,0.033706224965815934,-0.14676037610621506,-0.00014655420592624147,6.528855259335664e-05,0.631236442516269,957.6609134674072,0.40654545454545454,4,5,-1,10,9,2.0141843971631204,1.25,4,1,141,142,122,1.5898908590691345,3.049175575269875,225.7645019878174,0.028851703164635437,44659,24.33732970027248,35.714441416893735,256x256,65536,sparse,Learned,261,4,25,1796,31.6637080223041,0.6178761292448143,28.535894400032742,0.9990436470301711,0.368763557483731,0.17977929145827443,11,0,0.0,35,1756,31.939453916704203,0.6550411390087821,0.9989675178827342,28.468350468197542,0.32776201522506565,0.38636363636363635,4987,32.775918850758565,0.7434708627458206,0.9995225596644121,32.079696099146396,0.12365900492062665,0.47342310418143163,0.5012539787512971,0.4236892894667327,-0.16334964326342316,-0.028220713928270413,True,0.6302765554559411,0.14215627376063322,0.361794500723589,28.60222929422767,0.9991456320390076,7340
7341.png,0.5726915520628684,0.9023923444976076,0.9486921529175051,0.9364448857994042,0.9612640163098879,0.999376683141524,28.256684562701324,0.9994438057169399,28.840144397658843,1.0,0.529989385269462,0.4377903801935596,31.937073896019314,0.6092007338174465,1623,4,0,0,8,1.9298245614035088,0.0,114,110,168.02438661763955,2.82210443940079,0.03213078347201162,0.026012052544100328,0.1883381923859062,-5.809446669280405e-06,0.00010501792381112374,0.4343240651965484,832.8630924224854,0.5966633954857704,4,0,4,0,8,1.9298245614035088,0.0,4,0,114,110,106,1.5274944237967232,2.82210443940079,168.02438661763955,0.03213078347201162,44390,27.350585335797906,40.37954405422058,256x256,65536,sparse,Learned,234,4,23,1521,31.96209117625675,0.6249726694775263,28.03534105407142,0.9993387877931288,0.5656759348034516,0.25732741677921767,8,2,0.0,36,1598,32.25730372947103,0.6614771774417331,0.999270873146431,27.83358143625353,0.2333418586049142,0.5062923523717329,5856,33.52970975120189,0.7740032752654502,0.9998012290612186,34.18447860199387,0.1730408660566377,0.5811719500480308,0.8048033435874231,0.2726619684902444,-0.025017280237435102,-0.015771935660079728,True,0.5346660690256866,0.2340716616353513,0.546679499518768,28.068346370315417,0.9993824925881932,7341
7342.png,0.7245475113122172,0.8641618497109826,0.9271317829457364,0.9239802224969098,0.9303049159925326,0.9989208865278487,27.88969480632691,0.9991732607748641,28.566888968339853,1.0,0.7261021356685544,0.7534071971560982,31.452379212628713,0.6062125173203208,2251,4,6,13,9,2.021390374331551,1.5,187,189,303.0487732352795,2.764786806973544,0.04736180370614192,0.03654751131221723,-0.7235881066063392,-0.0002448889693508205,2.668313839437886e-06,0.32243684992570576,995.7189559936523,0.7445838084378563,4,6,-2,13,9,2.021390374331551,1.5,4,1,187,189,165,1.6034326626205244,2.764786806973544,303.0487732352795,0.04736180370614192,44647,19.83429586850289,29.114171479342513,256x256,65536,sparse,Learned,307,4,29,2191,31.969220559541753,0.6486519789332006,28.549336208402107,0.9991705924610247,0.6775631500742942,0.504516993877097,9,10,0.0,41,2110,32.22623976772472,0.6841136951290445,0.9991232534064358,28.489367384838058,0.5519530006727572,0.6695128076343546,4243,32.66271238392728,0.7282115629893343,0.9995509441569219,31.73752733018881,0.3876959559234746,0.6600508905852417,0.017552759937746742,0.22158514179145739,-0.51684134691304,-0.042439461612879814,True,0.7368418245439713,0.5551419337770589,0.688,28.61328291293325,0.9991657754971995,7342
7343.png,0.7295673076923077,0.8799512492382694,0.9361426256077795,0.9382716049382716,0.9340232858990944,0.9991099390653483,26.25401745217918,0.9994146732458319,27.304549004345162,1.0,0.7191683782216203,0.6764334248526656,30.093147448256037,0.5361203811645803,2420,4,7,12,12,2.0310880829015545,1.75,193,196,307.53405460951814,2.646760587247542,0.027892139629209955,0.010298204702274494,-1.0415328217017716,-0.0003195827225568326,-2.3457730437104196e-05,0.29028697571743933,981.0185432434082,0.7495429616087751,4,7,-3,12,12,2.0310880829015545,1.75,4,0,193,196,169,1.5690512990281515,2.646760587247542,307.53405460951814,0.027892139629209955,45983,19.001239669421487,27.08099173553719,256x256,65536,sparse,Learned,313,4,25,2259,30.618733352761787,0.5929931946950899,27.305142699391563,0.999438130976269,0.7097130242825607,0.5132477440400283,7,1,0.125,30,2310,30.858300113907866,0.6422819337209137,0.9993218556622853,26.65800894390663,0.5595683454940007,0.6787878787878788,3921,31.2351577413408,0.6738806186734169,0.9996481495424526,29.756158097470482,0.4044877582679458,0.6842957366432811,-0.0005936950464011659,0.205920634181592,-0.5255859045057498,-0.05687281353050966,True,0.7315256767607634,0.49482841889894713,0.7192691029900332,27.295550273880952,0.9994295217879051,7343
7344.png,0.5758818703855619,0.8108527131782945,0.8955479452054794,0.8469635627530364,0.9500454132606722,0.9993725594137957,28.107618689786975,0.9993622346096906,28.350359337032437,1.0,0.5885221138828294,0.5515438025508693,31.165620266591482,0.584113865297088,2043,4,0,1,11,1.953757225433526,0.0,173,169,260.75520677273204,2.4128583063279962,0.03161192665698808,0.026446842136974347,-0.1641787066343383,-0.00010961523678976182,-2.673851808365768e-05,0.4,829.1189670562744,0.6130298273155416,4,0,4,1,11,1.953757225433526,0.0,5,0,173,169,161,1.5429302175901283,2.4128583063279962,260.75520677273204,0.03161192665698808,44906,21.980420949583944,32.07831620166422,256x256,65536,sparse,Learned,293,5,26,2002,31.566038495593148,0.6231574107202641,28.230940236939333,0.9993889731277743,0.6,0.49482841889894713,7,0,0.8,36,2008,31.864849910996902,0.6631072583699406,0.9993393973147643,28.17388336784535,0.5014243770087834,0.5738831615120275,4526,32.51042476406145,0.7293174372824871,0.999642668185632,31.453212353733626,0.3269933040626136,0.5888888888888889,0.11941910009310419,0.09369369498388225,-0.4004182290016658,-0.03904354542317612,True,0.6911810203119801,0.38121660819385916,0.5494350282485876,28.271797396421313,0.9994821746505854,7344
7345.png,0.5877403846153846,0.8738636363636364,0.9326864766525168,0.9036427732079906,0.9636591478696742,0.9995950338692278,27.822424372401187,0.9996314539856946,28.0978695559168,1.0,0.5346660690256866,0.55530261884134,31.30456397274312,0.5757208754837478,1682,4,1,3,9,1.9469026548672566,0.25,113,110,169.88225099390857,2.3902886789456934,0.04024122413946562,-0.0027033013914413706,0.27487235551621936,4.029745828137976e-07,4.6518177685750395e-05,0.39491150442477874,845.2913761138916,0.5939675174013921,4,1,3,3,9,1.9469026548672566,0.25,4,0,113,110,101,1.544384099944624,2.3902886789456934,169.88225099390857,0.04024122413946562,44971,26.736623067776456,38.96313912009512,256x256,65536,sparse,Learned,233,4,22,1601,31.389233530858355,0.5975243995626681,27.615900151369054,0.9995849358080089,0.6050884955752213,0.36024287488827555,6,0,0.75,32,1672,31.643641375554758,0.6402595386052083,0.9995317433285538,27.201322276901188,0.3729109147269438,0.5988888888888889,5472,32.75595616080079,0.7526692908442005,0.9998277168256547,32.15019331756064,0.2992159894074672,0.605586592178771,0.4819694045477476,0.17442319413741103,-0.08466955811523391,-0.021803524078920278,True,0.529989385269462,0.2943044935982442,0.590443686006826,27.547552016884968,0.999594630894645,7345
7346.png,0.5922401171303074,0.8346513299784328,0.9098746081504702,0.9236276849642004,0.8965250965250965,0.9991734652880688,28.00889667525652,0.9994003311993426,28.54186804390228,1.0,0.6737202053769605,0.4262566748674128,30.640272367770066,0.5432539311168777,1941,3,8,16,11,2.064516129032258,2.6666666666666665,155,160,255.2375900532362,2.5135088720629293,0.0499416838808413,-0.00043229666279598344,-0.046307326124679804,-9.827544979723601e-05,7.816102206825715e-05,0.37751303052866714,1078.8331031799316,0.641321044546851,3,8,-5,16,11,2.064516129032258,2.6666666666666665,4,0,155,160,128,1.5952349378327246,2.5135088720629293,255.2375900532362,0.0499416838808413,45551,23.46780010303967,33.764039155074705,256x256,65536,sparse,Learned,277,4,24,1938,30.89245084822991,0.587607597249064,27.945281483859226,0.9993221701772743,0.6224869694713329,0.2300491300490617,14,1,0.0,29,1872,31.074722472346533,0.6226936293780294,0.9991537437969465,27.230741390196037,0.24305261944916867,0.5979073243647235,4562,31.8204535473672,0.7076864054846492,0.9996604666927968,31.018135225092493,0.1330644984757109,0.6349090909090909,0.596586560043054,0.44367107532789885,-0.25217848045984326,-0.044353666132186276,True,0.7032899857059547,0.29978205077457054,0.5926724137931034,28.0552040013812,0.9992717407378661,7346
7347.png,0.7465909090909091,0.8915254237288136,0.942652329749104,0.9255131964809384,0.960438222763238,0.9991422660661041,28.244168847636782,0.9991227402661846,28.51930357408208,1.0,0.7261021356685544,0.8890190515024605,30.758491696789285,0.5567504860599249,2338,4,5,9,8,2.0100502512562812,1.25,199,200,296.58363389747836,3.0013575649740707,0.037145520264985035,-0.012738458134618269,-0.045540876379892126,-7.155240631517845e-05,-2.1585759308107022e-05,0.248811410459588,921.6246604919434,0.7393233499722685,4,5,-1,9,8,2.0100502512562812,1.25,4,1,199,200,182,1.4829181694873896,3.0013575649740707,296.58363389747836,0.037145520264985035,45405,19.42044482463644,28.030795551753634,256x256,65536,sparse,Learned,319,4,26,2168,31.062392254583816,0.6056981234486684,28.395543539703777,0.9991443260254927,0.751188589540412,0.5506710358827784,8,5,0.0,32,2150,31.29329444412218,0.6478295965975707,0.9989997376369787,27.791498233393884,0.1733075840462437,0.7506439979392066,4145,31.76038461816529,0.6970383509835404,0.999458470250053,30.637929800815037,0.17395919925920567,0.7199375325351379,0.12376003437830363,0.17543109978577598,-0.30390055779453107,-0.048947637388743415,True,0.6350518535455063,0.5645731964939055,0.7593293672255274,28.289709724016674,0.9992138184724193,7347
7348.png,0.7590975254730713,0.9214285714285714,0.9591078066914498,0.9534368070953437,0.9648466716529543,0.9992421129879916,27.14749564490521,0.9993886008620404,27.643291472894717,1.0,0.5542513273350398,0.6614342152267662,30.362828130391225,0.5355488581952175,2147,5,1,3,11,1.951219512195122,0.2,164,160,226.1665222413707,2.9854941280876717,0.027005878884423316,0.012948831568181829,0.01637394929699809,-7.36016856561772e-05,6.374735503889006e-05,0.2513333333333333,1026.1671543121338,0.7785087719298246,5,1,4,3,11,1.951219512195122,0.2,5,0,164,160,150,1.4135407640085655,2.9854941280876717,226.1665222413707,0.027005878884423316,45920,21.387983232417326,30.524452724732186,256x256,65536,sparse,Learned,284,5,23,2062,30.524545878738007,0.5802486041989299,27.15867442437698,0.9993248535070015,0.7486666666666667,0.3934693402873666,8,3,0.0,30,2026,30.880116239512702,0.6262841431458107,0.9991930771587745,26.609005324567846,0.42592773880356405,0.7505030181086519,4331,31.45004792036874,0.6892894205256058,0.9996711064493062,30.596111056833152,0.4159553115586172,0.7417840375586855,0.48461704851773746,0.1607819870476732,-0.16171774834678132,-0.044699746003712404,True,0.5595683454940007,0.3701176494675643,0.7461486939048895,27.13112169560821,0.9993157146736478,7348
7349.png,0.6428571428571429,0.8797606093579978,0.9360347322720695,0.9341421143847487,0.9379350348027842,0.9989042857048905,27.93226702895104,0.9990964092430606,28.221269492607107,1.0,0.6788991401294393,0.594731835887602,30.972230439986497,0.573461797832883,2301,5,6,13,12,2.0098039215686274,1.2,204,205,324.0071426749369,2.7776549774057724,0.03776145294302965,0.006404901141743302,-0.24997796058379151,-0.00015063224176981027,-2.499843400960433e-05,0.3593369088249634,934.337854385376,0.6571888412017167,5,6,-1,13,12,2.0098039215686274,1.2,5,1,204,205,179,1.580522647194812,2.7776549774057724,324.0071426749369,0.03776145294302965,45242,19.661886136462407,28.481529769665364,256x256,65536,sparse,Learned,324,5,28,2276,31.348199343269375,0.6234754638578472,28.168500219341077,0.9991214076770703,0.6406630911750366,0.37588995464672925,14,9,0.0,34,2132,31.550979483597175,0.6596705159891356,0.9989804783137792,27.73816344726798,0.40655941639736104,0.631424375917768,3865,31.932692840640293,0.6953607686003278,0.9994774684060502,30.843351757830803,0.21294681974344498,0.6345498783454988,0.05276927326602987,0.30300918548271005,-0.37596890328287813,-0.050013666024964265,True,0.6877652592919895,0.40903589531843754,0.6364522417153996,28.18224498953483,0.9990549179466603,7349
7350.png,0.6794788273615635,0.8435462842242504,0.9151343705799151,0.8967428967428968,0.9342960288808664,0.9992747290959978,27.0851738328801,0.9994345485577284,27.652631496807185,1.0,0.6379597914565125,0.690163649198468,29.914524897005723,0.5234472343766939,2305,5,3,7,11,1.979899497487437,0.6,199,197,285.2792206135789,2.5447794516481945,0.03003847700560929,0.06481510079044994,-0.3147354552057031,-0.00017011188123527976,4.3232609341692374e-05,0.36059275521405054,838.5400772094727,0.724002616088947,5,3,2,7,11,1.979899497487437,0.6,5,0,199,197,181,1.4481178711349172,2.5447794516481945,285.2792206135789,0.03003847700560929,46000,19.95661605206074,28.432104121475053,256x256,65536,sparse,Learned,319,5,24,2103,30.50324937548595,0.5798873800523273,27.318199077674624,0.9993913159483867,0.6394072447859495,0.37811494353498,12,5,0.0,28,2096,30.690490662301478,0.621345694600177,0.9992692170115661,26.627846545037848,0.430217175269077,0.5980392156862745,4001,31.19635800382448,0.6708130471582197,0.9996385651529671,30.003105657610153,0.19295431386211392,0.6239692138537658,0.33443241913256117,0.2598448479215325,-0.588724478480227,-0.05644014567563338,True,0.5740074125998693,0.3961590505468965,0.6146637265711136,27.3999092880858,0.9994448409772331,7350
7351.png,0.6608066184074457,0.8645621181262729,0.9273620972146369,0.930921052631579,0.9238302502720348,0.9994941439317336,26.914056552502558,0.9996660241561975,27.75512119497952,1.0,0.5438802982143608,0.5764926173810355,30.159953460473208,0.5190768108342809,1737,4,1,3,9,1.9508196721311475,0.25,122,119,177.1959594928934,2.537826931867443,0.03303580715805112,0.001154285379083353,-0.46544920603047046,-0.00015066325139811987,1.488308412112005e-05,0.3096351730589336,915.8568382263184,0.7193548387096774,4,1,3,3,9,1.9508196721311475,0.25,4,0,122,119,110,1.4890416764108687,2.537826931867443,177.1959594928934,0.03303580715805112,45962,26.46056419113414,37.729418537708696,256x256,65536,sparse,Learned,242,4,21,1721,30.423888824254455,0.5582417819588755,27.351509424827004,0.9996511410720764,0.6903648269410664,0.34107321917720257,7,2,0.0,26,1660,30.655111977679898,0.5960001682275771,0.9995699244025277,26.52116495653168,0.3516556589984903,0.6774827925270404,5094,31.675965055535258,0.7155037806957815,0.9998534461412993,31.495054763496924,0.2686456156958047,0.6765799256505576,0.4036117701525157,0.20280707903715822,-0.26393536378124693,-0.039164971124594605,True,0.5551419337770589,0.32003522642110616,0.6596523330283623,27.37950575853303,0.9996448071831318,7351
7352.png,0.7283343577135832,0.8862275449101796,0.9396825396825397,0.9255784865540964,0.9542230818826564,0.9988589868507348,28.525721325765918,0.998865209424159,28.753738686962205,1.0,0.5717293827873404,1.0166935902286596,31.538473481687493,0.595411771954828,2023,5,6,10,9,2.0128205128205128,1.2,156,157,240.20815280171328,3.258311704183236,0.05171573442337391,-0.0006098890242578481,0.0012721135744691026,-7.521205535110376e-05,-3.289142063378492e-06,0.28032501450957636,1183.67338180542,0.7280966767371602,5,6,-1,10,9,2.0128205128205128,1.2,5,1,156,157,137,1.5299882344058158,3.258311704183236,240.20815280171328,0.05171573442337391,44709,22.100346020761247,32.39545229856648,256x256,65536,sparse,Learned,276,5,26,1893,31.76124677185781,0.6269561936619418,28.574067474165684,0.9988684985662224,0.7196749854904236,0.5099918882062322,6,6,0.0,37,1978,32.006446318683686,0.6698026653428033,0.9987539155224235,28.319933491396426,0.40547945202980573,0.7334109429569267,4692,32.68778547794702,0.7387876337206641,0.9994383475326106,31.926662778233815,0.23814573891016244,0.6966357308584686,0.17967121279652076,0.06173749458110822,-0.22277329017031633,-0.0315444217071138,True,0.5868729061217817,0.5966699219328813,0.7289442467378411,28.52444921219145,0.9989341989060859,7352
7353.png,0.6080786026200873,0.8940217391304348,0.9440459110473458,0.9383913291500285,0.9497690531177829,0.9989680801127474,27.34481930560196,0.9992226580668294,28.16657034956674,1.0,0.6839958713081375,0.411659508288382,30.474274730445753,0.5568403232774203,2438,5,8,14,10,2.028708133971292,1.6,209,212,332.3208511739217,2.7312335534529253,0.030791521683712623,0.0016109409285449683,-0.6238320114489397,-0.00025345686908273546,1.207071236264401e-05,0.4052993130520117,905.0235748291016,0.6230853391684902,5,8,-3,14,10,2.028708133971292,1.6,5,1,209,212,185,1.5675511847826469,2.7312335534529253,332.3208511739217,0.030791521683712623,45563,18.68867924528302,26.88105004101723,256x256,65536,sparse,Learned,329,5,27,2434,30.992074001922823,0.6152842214379669,28.04205814778857,0.9992105873544668,0.5947006869479883,0.3735537533023715,13,6,0.0,32,2256,31.252577422244876,0.6522545902806495,0.9991289954082632,27.666450775892784,0.39457112138232775,0.5591240875912409,3688,31.535666249141613,0.676900452442123,0.9995050531750387,30.19754644293778,0.21224758178235192,0.5945679012345679,0.12451220177817035,0.31044211800576604,-0.5177992714770703,-0.058443898160546626,True,0.7047698330759857,0.29012520294054533,0.6064676616915423,27.9686513170509,0.9992215369818301,7353
7354.png,0.6812191103789127,0.9024091465904451,0.9487014380768405,0.9356477561388654,0.9621245102307358,0.9979670905426176,28.38022127922074,0.9978497684434556,28.682168349522353,1.0,0.6535441896699425,0.9598822980673462,30.386205247927517,0.5366045113664538,2312,5,12,26,11,2.08187134502924,2.4,171,178,306.8772003600257,4.185052443666068,0.056217954324018646,-0.025634729422904012,0.12928088622108191,3.4491252814961015e-05,0.00018855705105935705,0.29447603574329817,1510.6432437896729,0.6837190418189201,5,12,-7,26,11,2.08187134502924,2.4,5,1,171,178,134,1.72402921550576,4.185052443666068,306.8772003600257,0.056217954324018646,45823,19.81963667820069,28.346020761245676,256x256,65536,sparse,Learned,291,5,25,2170,30.694569026547462,0.5889622380407014,28.258406807053426,0.9976612113923963,0.7055239642567018,0.605884439178429,9,12,0.0,30,2168,30.897567941069322,0.6305599412199431,0.9972275255756915,27.610233368380484,0.12382330345373527,0.6582934609250398,4085,31.37032053707149,0.6806546049418571,0.9985273684948397,30.383100721309262,0.06482120545266057,0.6698564593301436,0.4237615424689274,0.0476597504915135,-0.30836377861994535,-0.05235772667424754,True,0.6644552672957573,0.6377988489348043,0.7068538398018167,28.25094039299966,0.9979325992898026,7354
7355.png,0.703626220362622,0.913135593220339,0.9545957918050941,0.9563609467455622,0.952837140751658,0.9992125428107763,26.6071996990673,0.9994171101096678,27.302255293639625,1.0,0.676966743577747,0.7808023677313244,30.936106500125227,0.5759694867280095,2183,4,5,12,11,2.0118343195266273,1.25,169,170,261.52186130069805,2.6605643041035125,0.03704567529893779,0.002002404395098356,-0.5540941474599066,-0.00018680315292607386,5.959662945587141e-06,0.30634278002699056,869.2071437835693,0.7205363443895554,4,5,-1,12,11,2.0118343195266273,1.25,4,0,169,170,146,1.5383638900041052,2.6605643041035125,261.52186130069805,0.03704567529893779,45359,20.778286761337608,30.021071919377004,256x256,65536,sparse,Learned,289,4,26,2103,31.303609644820042,0.615926112116713,27.154770582686073,0.9994111504467222,0.6936572199730094,0.4511883639059735,6,0,0.75,35,2116,31.556956859548787,0.6587161663129973,0.9993568060690258,27.193013318354417,0.6132589765454988,0.6878808395396073,4285,32.05841048815507,0.7056207305450402,0.9996992580466683,30.990831143266398,0.5148675503828364,0.7004701141705842,0.14748471095355242,0.2257783796717735,-0.3675031446948154,-0.03995662538870348,True,0.676966743577747,0.5285772362608692,0.7016238159675237,27.161293846527208,0.9993993459637024,7355
7356.png,0.7561803199224431,0.8786853552440793,0.9354257782351428,0.9380804953560371,0.9327860441251924,0.998873551840758,27.22814195194559,0.9991327970630356,27.967067884768394,1.0,0.7285561567878803,0.87127714707643,30.556343781920848,0.5607967289304615,2598,5,10,14,11,2.0444444444444443,2.0,225,230,389.06096654409964,2.7298313124974567,0.04790490248282274,-0.005076715724836478,-0.7021797759687267,-0.0002703183259393782,-3.868094165193625e-06,0.2545454545454545,1062.668800354004,0.7671232876712328,5,10,-5,14,11,2.0444444444444443,2.0,5,2,225,230,200,1.6915694197569515,2.7298313124974567,389.06096654409964,0.04790490248282274,45575,17.5423402617398,25.225558121632023,256x256,65536,sparse,Learned,345,5,29,2585,31.107006329214943,0.623790675778559,27.963035127280996,0.9991366651572008,0.7454545454545455,0.5584658888611408,8,3,0.44999999999999996,35,2458,31.291751882063686,0.664236880423868,0.9990317650194,27.466524990538403,0.5093381083007599,0.7070383912248629,3596,31.500464519391137,0.6711928915623272,0.999437103315745,30.006085216942104,0.402729169114604,0.7294552169898431,0.004032757487397731,0.17009026792673954,-0.5506625472940954,-0.06299394684809745,True,0.7514223481589203,0.654697119753376,0.7612570356472795,27.93032172791432,0.9991438701666974,7356
7357.png,0.6195307545973368,0.8475903614457831,0.9175089664166938,0.8739130434782608,0.9656829100892245,0.9992118438492472,27.712446791301126,0.9991612384447714,28.079066545394493,1.0,0.7149241517755465,0.444893918784239,30.319008763758582,0.5332171532188877,2281,4,6,12,10,2.020618556701031,1.5,194,196,296.90663761154843,2.839929485443941,0.031525302854063755,0.039085210042881346,0.01120431703070679,-5.4667690204901476e-05,4.4027984693384425e-05,0.42341292952824694,1063.2221698760986,0.6122692078618225,4,6,-2,12,10,2.020618556701031,1.5,4,1,194,196,172,1.5148297837323883,2.839929485443941,296.90663761154843,0.031525302854063755,45849,20.100394563787813,28.731258220078914,256x256,65536,sparse,Learned,314,4,25,2157,30.693720047794343,0.5869859068523698,27.809147529614386,0.9991172104600781,0.5765870704717531,0.2786758556610579,15,3,0.0,30,2172,30.915872694529476,0.6301678211625149,0.998965876577358,27.173134249154458,0.2192497791890743,0.5154028436018957,4143,31.40684117113073,0.6810432486893889,0.999476356848162,30.40316892950608,0.16806419617332824,0.5861079219288174,0.2699190157801077,0.43624829611448857,-0.3747112840357616,-0.0537687536334821,True,0.7233494163680265,0.3218137564982635,0.5804455445544554,27.70124247427042,0.9992665115394521,7357
7358.png,0.7557603686635944,0.8806941431670282,0.9365628604382931,0.9022222222222223,0.973621103117506,0.9996463793827922,27.253792385008985,0.9996659062366337,27.662286111525415,1.0,0.4831486655083008,0.6207777625523042,30.41127467523048,0.5382643878447771,1927,5,0,0,10,1.9230769230769231,0.0,130,125,193.96551211459385,2.2238940715789797,0.03381939708536442,0.044030746397192844,-0.3269608495614804,-6.136532402178929e-05,-7.267593854720644e-06,0.25900681596884123,703.3896446228027,0.7549668874172185,5,0,5,0,10,1.9230769230769231,0.0,5,0,130,125,120,1.5517240969167507,2.2238940715789797,193.96551211459385,0.03381939708536442,45749,23.741048261546446,34.00934094447327,256x256,65536,sparse,Learned,250,5,23,1893,30.790963822810017,0.5812729786557097,27.53723137694763,0.9996731738304884,0.7409931840311588,0.30541757716702356,9,0,0.6,28,1904,30.98356216524179,0.622020680138572,0.9996273820650083,27.0003994278009,0.3995044211877341,0.7051039697542533,4772,31.783159112491962,0.7112888893638788,0.999827149664878,30.91050044382484,0.2686456156958047,0.7281368821292775,0.12505473457778393,0.17773108834127727,-0.379689147579537,-0.04300859081093256,True,0.4954054280664488,0.3075366731913566,0.7117296222664016,27.580753234570466,0.999707744706814,7358
7359.png,0.5606060606060606,0.9050949050949051,0.9501835343471422,0.937888198757764,0.9628055260361318,0.9993717948759746,27.58965992425484,0.9994298196229678,27.732859341561912,1.0,0.4831486655083008,0.5148474632748701,31.44378947382978,0.5912762183283052,1692,4,0,0,8,1.9230769230769231,0.0,104,100,152.02438661763952,2.9988875778821797,0.03387868672070783,-0.001479247450811516,0.49278510531998876,3.0240475212828244e-07,7.181001387168706e-05,0.40210124164278893,1038.2177829742432,0.592292089249493,4,0,4,0,8,1.9230769230769231,0.0,4,0,104,100,96,1.5202438661763955,2.9988875778821797,152.02438661763952,0.03387868672070783,44780,26.465721040189127,38.73286052009456,256x256,65536,sparse,Learned,224,4,22,1587,31.631963296487612,0.6112631869024728,27.09096137343684,0.9993580096090962,0.5978987583572111,0.24589391321858955,9,0,0.375,34,1600,31.901012758216247,0.6461667100191165,0.9993354003374229,27.612051155041144,0.3092656693626453,0.586977648202138,5488,33.005069330829826,0.7583622758879871,0.9997871527187473,32.834167763347104,0.23509221889713594,0.6005774783445621,0.6418979681250718,0.23725475228971127,-0.18817382265783067,-0.019986968574167596,True,0.5034146962085904,0.2591817793182821,0.5620853080568721,27.09687481893485,0.9993714924712225,7359
7360.png,0.7669977081741788,0.9142857142857143,0.955223880597015,0.9525341914722446,0.9579288025889967,0.9993542145293789,27.966491560123423,0.9994598547547467,28.341259535029057,1.0,0.5415939886947765,0.9056329145723184,30.210471866001036,0.5201157393079711,1951,5,2,4,11,1.9580419580419581,0.4,143,140,221.4091629284899,2.8650789527626306,0.04684925964338369,0.010550716770167279,0.2412377120122713,-5.210769639951707e-05,7.475295409364868e-05,0.22069464544138928,1045.609951019287,0.794276875483372,5,2,3,4,11,1.9580419580419581,0.4,5,0,143,140,128,1.5814940209177841,2.8650789527626306,221.4091629284899,0.04684925964338369,46026,23.590978985135827,33.59097898513583,256x256,65536,sparse,Learned,263,5,22,1916,30.31873988953171,0.5626712920153403,27.66318133338444,0.9993851018006531,0.7793053545586107,0.5196946989102006,6,7,0.0,26,1838,30.61834791707131,0.6074721534196351,0.9991802652830567,26.583678127434197,0.235529184198647,0.7576621525302922,4765,31.43958667330824,0.70155483524995,0.9996934763253044,30.723938103168898,0.169933947472925,0.7480537862703468,0.6780782016446167,0.021899289784575893,-0.10826802353067322,-0.042555552707369215,True,0.5613265533520322,0.5083558025390349,0.7564469914040115,27.72525384811115,0.9994063222257784,7360
7361.png,0.5966522678185745,0.8756530825496343,0.9337047353760446,0.9208791208791208,0.9468926553672317,0.9987914174483494,28.60412883431518,0.9987855355391223,28.857414809822867,1.0,0.5545059681008434,0.45959537970085274,30.642982985964107,0.5528527743292982,2436,6,0,0,14,1.9439252336448598,0.0,214,208,332.11984104714503,2.6591043695111143,0.03122567333963042,-0.017568609639821875,-0.2529131386603325,-0.0001358224050176382,-7.71257602868447e-05,0.38258706467661696,1151.4923572540283,0.605445808862787,6,0,6,0,14,1.9439252336448598,0.0,7,0,214,208,200,1.5967300050343487,2.6591043695111143,332.11984104714503,0.03122567333963042,45509,18.68185550082102,26.90311986863711,256x256,65536,sparse,Learned,334,7,27,2359,31.023049216453256,0.6099620417471785,28.914424700995163,0.9988626612994091,0.617412935323383,0.2839462177727914,20,2,0.0,33,2380,31.258449017471857,0.6570335043052453,0.9986010191699335,28.188018925296902,0.08803338755049095,0.5528100775193798,3720,31.535180053410045,0.6764497359752504,0.99910712978229,30.354106010325367,0.07516462925606204,0.6004651162790697,-0.057009891172295823,0.270559750328052,-0.3800662304891489,-0.05710926741788025,True,0.5719740389459022,0.2628766256083722,0.6142208774583964,28.857041972975512,0.9989272398533671,7361
7362.png,0.5945366898768077,0.9208289054197663,0.9587828492392808,0.9532453245324533,0.9643850862548692,0.99852131871029,28.37487423770358,0.9985177374343823,28.743738129328555,1.0,0.689633058734515,0.4836287014219602,30.571162367339966,0.5430905398753769,2244,4,7,14,8,2.0348837209302326,1.75,172,175,262.20815280171337,3.531221877696902,0.03814013488910133,0.020233284304052357,0.006654142623570891,-6.886534140682077e-05,0.00010377960874474734,0.42218798151001535,1365.816593170166,0.6057846813069094,4,7,-3,14,8,2.0348837209302326,1.75,4,0,172,175,150,1.4983323017240748,3.531221877696902,262.20815280171337,0.03814013488910133,45668,20.351158645276293,29.204991087344027,256x256,65536,sparse,Learned,292,4,26,2229,30.883961968116793,0.5974372567104663,28.398991424307667,0.9984139578256376,0.5778120184899846,0.4831486655083008,9,6,0.0,30,2240,31.054579530723338,0.6405634869260676,0.9978852363905483,27.53330789360735,0.2097884190992899,0.5767656090071648,4203,31.57612938784964,0.6896254842947493,0.9989174361352292,30.411284389646852,0.17064841890991655,0.5660569105691057,0.34474670502088856,0.20648439322621415,-0.31279960077682745,-0.054346716835089404,True,0.7032899857059547,0.3401312225100398,0.5743034055727554,28.36822009508001,0.9985901840516969,7362
7363.png,0.7780195865070729,0.8554852320675106,0.9221148379761228,0.8739224137931034,0.9759326113116726,0.9995988742707882,27.465784422348243,0.9995730506749506,27.762554812309695,1.0,0.5228860844789656,0.9832130629724343,30.08422923649505,0.517746928212657,1721,4,0,1,7,1.9322033898305084,0.0,118,114,158.46803743153544,2.64258453704543,0.024485801140252776,0.09612151972324168,0.42281214304518144,-1.5768093752033252e-05,3.284953492588283e-05,0.24825783972125437,941.8990612030029,0.8221052631578948,4,0,4,1,7,1.9322033898305084,0.0,4,0,118,114,110,1.390070503785399,2.64258453704543,158.46803743153544,0.024485801140252776,45936,26.691458454386986,38.0801859384079,256x256,65536,sparse,Learned,238,4,20,1601,30.460602239563947,0.5518013591408012,27.089856257056933,0.9995402011400247,0.7517421602787456,0.41055356517582076,7,3,0.0,26,1656,30.672157907062896,0.5968780137015374,0.999453329439166,26.67316841564741,0.2400825382389351,0.7511071744906997,5455,31.80075412648057,0.7286911611234531,0.9998295143298483,31.498039806897616,0.17673962772148977,0.7101937657961247,0.6726985552527616,0.1123325193031448,-0.37637300306889543,-0.0340544309281442,True,0.5461552047176442,0.5369869316887719,0.6818980667838312,27.04297227930306,0.9996146423645402,7363
7364.png,0.7856125356125356,0.9120403749098774,0.9539969834087482,0.9576078728236185,0.9504132231404959,0.9992196126886569,26.267248713323887,0.9994313166870682,26.825875914585957,1.0,0.5488701205969576,0.9878333849544447,30.488628296809942,0.5561194537862872,2174,5,3,5,11,1.9748427672955975,0.6,159,157,227.55129855222083,2.8190235176926137,0.02979102528093542,0.0194566395432485,-0.7471482382063073,-0.00025576956804862494,-5.58706069202497e-05,0.21312584573748306,997.2233772277832,0.8186453022578296,5,3,2,5,11,1.9748427672955975,0.6,5,0,159,157,143,1.4493713283580938,2.8190235176926137,227.55129855222083,0.02979102528093542,45664,21.00459981600736,30.145354185832566,256x256,65536,sparse,Learned,279,5,25,2157,30.946332610687655,0.6041522986098523,26.9829821177224,0.9994871872939884,0.786874154262517,0.5034146962085904,6,4,0.0,33,2172,31.230904370115,0.6495309734345406,0.9994510308469993,26.933216271827305,0.5542513273350398,0.7697010869565217,4334,31.769212970099762,0.6998677311471027,0.9997751453917446,30.82455772882186,0.4890219125643831,0.7783747481531229,-0.1571062031364434,0.04545542438836725,-0.4577043138777128,-0.04803284482356507,True,0.5700128695807603,0.5630777424255589,0.7661558960692871,27.014396951530195,0.9994753822567055,7364
7365.png,0.801549463647199,0.8987108655616943,0.9466537342386032,0.951885565669701,0.9414790996784566,0.9990811253227891,26.327458565038697,0.9993849392923496,27.211345489461415,1.0,0.6276794119468447,0.7793645438944943,29.932115378592012,0.5283845163608735,2407,5,4,8,12,1.9891304347826086,0.8,184,183,278.9360748630712,2.7720250364231025,0.034583019547958525,0.07189067099628044,-0.6015641299431493,-0.0003069922910935441,1.108994322440715e-05,0.26285108638049814,1100.369930267334,0.8374083129584352,5,4,1,8,12,1.9891304347826086,0.8,5,0,184,183,164,1.5242408462462895,2.7720250364231025,278.9360748630712,0.034583019547958525,46168,19.180722891566266,27.22725384295804,256x256,65536,sparse,Learned,304,5,25,2403,30.417701058163203,0.5915488647263636,26.910520634698297,0.9993738493491252,0.7371489136195019,0.5920728468281516,6,4,0.0,30,2274,30.69830770284411,0.6354907219932905,0.9992677917075541,26.490467460926293,0.5429018508913799,0.7362459546925566,3799,31.08808666310373,0.6626007956082163,0.9996865956815301,29.965546223730687,0.34295318018494325,0.7358892438764644,0.3008248547631176,0.03560656511869309,-0.4855856795711908,-0.06316434836549012,True,0.6422783110195458,0.5005689429210745,0.7296587926509186,26.929022694981846,0.9993881176138827,7365
7367.png,0.6378755364806867,0.8834733893557423,0.9381320642474718,0.9260129183793306,0.9505726341169379,0.9990983215000103,27.800413784588752,0.9992214239326707,28.141536813768905,1.0,0.6631104004243529,0.5340148361683612,30.16842974907135,0.5292745879852467,2315,5,4,10,13,1.988826815642458,0.8,179,178,319.7766952966373,2.6878054022123026,0.059745900928348424,0.026142203147353382,0.06636838782796417,-3.8730665785191576e-05,6.988474460112304e-05,0.38291139240506333,969.0515995025635,0.6579229122055674,5,4,1,10,13,1.988826815642458,0.8,5,0,179,178,156,1.7964982881833536,2.6878054022123026,319.7766952966373,0.059745900928348424,45973,19.85874730021598,28.309287257019438,256x256,65536,sparse,Learned,299,5,24,2116,30.51292625214368,0.5807568997369675,27.736138440353084,0.9991515391880695,0.6170886075949367,0.4310712088208781,10,3,0.0,28,2152,30.73735536055079,0.6272799288007772,0.9989954704326975,27.014796664721082,0.4160850848473713,0.5842696629213483,4092,31.21489753350196,0.6729711877409825,0.9994361659905435,29.903219951467964,0.18213061533603114,0.6319875776397516,0.40539837341582086,0.23203919160347475,-0.34449650307232815,-0.0514823117517208,True,0.6865138191173947,0.3666085646432915,0.6117333333333334,27.734045396760788,0.9991370521657955,7367
7368.png,0.6327212020033389,0.9043942992874109,0.9497973183660742,0.9360786724031961,0.9639240506329114,0.9989997787861363,27.6628019399052,0.9990269754913338,28.02885756017361,1.0,0.6429930394308526,0.5388268035679113,31.5544076996228,0.611994876687075,2164,4,2,4,9,1.9745222929936306,0.5,157,155,236.93607486307118,3.2671673464926942,0.030535532245307615,-0.014933382218409452,-0.33096499033316107,-4.5030741459672896e-05,5.4037411689522585e-05,0.3605015673981191,1215.613603591919,0.6316365626710454,4,2,2,4,9,1.9745222929936306,0.5,4,0,157,155,144,1.5286198378262643,3.2671673464926942,236.93607486307118,0.030535532245307615,44651,20.63354898336414,30.284658040665434,256x256,65536,sparse,Learned,277,4,28,2095,31.94571665897684,0.6480860576898538,27.98843366020041,0.9989729380796443,0.6394984326018809,0.4555613417607829,10,11,0.0,43,2146,32.310472186394335,0.6888816356334314,0.9991153678468538,28.729693573784544,0.36024287488827555,0.6140904311251314,4378,32.77971715124883,0.732284384402703,0.9995236499166263,31.821083404740943,0.3098933243222889,0.6341591987348445,0.04042389997319873,0.18743169767006973,-0.3913089593540384,-0.03609118100277886,True,0.6671289163019205,0.3594669415386885,0.6476545842217484,27.993766930238362,0.999044809527596,7368
7369.png,0.6266822703335284,0.9092516205067767,0.9524691358024691,0.9454656862745098,0.9595771144278606,0.9987495210855982,28.086703006888843,0.9987222221096222,28.461186208131004,1.0,0.5918008047220773,0.6591657138307072,31.020643986612548,0.5746625916528425,2190,5,6,11,10,2.012121212121212,1.2,165,166,254.13708498984786,3.1527768286791713,0.04995293967331344,-0.023701922860763558,-0.08594847140804163,-4.211600576609076e-05,6.976838259076246e-05,0.3300275482093664,1203.2151222229004,0.6640949554896143,5,6,-1,11,10,2.012121212121212,1.2,5,1,165,166,144,1.530946295119564,3.1527768286791713,254.13708498984786,0.04995293967331344,45195,20.636986301369863,29.92511415525114,256x256,65536,sparse,Learned,285,5,26,2077,31.350552018289267,0.6168687708582026,28.20431020868556,0.9986524537270315,0.6699724517906336,0.32294312550183535,14,5,0.0,35,2084,31.594919016940175,0.6566387644564763,0.9985279865363479,27.919569611516298,0.39548774327919767,0.6455142231947484,4235,32.09247016500054,0.7088635984717967,0.999321111122378,31.24892903543183,0.3149482318029678,0.6268493150684932,0.2568759994454446,0.26885767922024195,-0.32990803167671956,-0.04220617920536007,True,0.6276794119468447,0.41374474763278046,0.650384193194292,28.172651478296885,0.9987916370913643,7369
7370.png,0.6139737991266375,0.9074155331285652,0.9514607775477342,0.9672591206735267,0.9361702127659575,0.9980701190225978,27.71723931349571,0.9984749651688419,28.229894078939957,1.0,0.7233494163680265,0.4854559386186786,30.93418579947052,0.580707655001167,2490,4,6,11,11,2.021857923497268,1.5,183,185,298.0782104868022,3.681651351230392,0.04771761729599235,0.0009041516631809188,-0.3389689118795083,-0.000204950464173681,4.875977081875149e-05,0.3798415492957746,1418.273687362671,0.6402714932126696,4,6,-2,11,11,2.021857923497268,1.5,4,0,183,185,161,1.6112335701989293,3.681651351230392,298.0782104868022,0.04771761729599235,45339,18.20843373493976,26.31967871485944,256x256,65536,sparse,Learned,303,4,28,2399,31.334162647742826,0.6305182171506413,28.022376056890863,0.9984262053980232,0.6201584507042254,0.5108078882036684,8,4,0.0,37,2344,31.599271978940486,0.6716813161454377,0.998328014213621,27.963576889956773,0.36871635449307405,0.6269180184129768,3757,31.85589081915637,0.6883179785065888,0.9991092887458123,30.745348754329203,0.3420138710956043,0.599911777679753,0.20751802204909353,0.21254152816435812,-0.3999768482723063,-0.049810562149474324,True,0.7665996360988487,0.37215034588710405,0.6130696474634566,28.05620822537522,0.9982750694867715,7370
7371.png,0.7551385165326184,0.9122807017543859,0.9541284403669724,0.966542750929368,0.9420289855072463,0.9993515354504723,26.492509799435474,0.9995341180593129,27.304323743763135,1.0,0.5034146962085904,0.6416116471796298,30.52703893247244,0.5402204726398825,1779,4,1,3,9,1.9433962264150944,0.25,106,103,158.95331880577402,3.1272802127982087,0.039292857713209374,0.02042777273096552,-0.18477564365901955,-0.00010527977749574813,3.636258376715773e-05,0.27128547579298834,867.5975799560547,0.789279112754159,4,1,3,3,9,1.9433962264150944,0.25,4,0,106,103,94,1.5432361049104277,3.1272802127982087,158.95331880577402,0.039292857713209374,45680,25.67734682405846,36.83867341202923,256x256,65536,sparse,Learned,226,4,21,1778,30.559289904305466,0.5702441519128568,26.702921111595877,0.9994977554755458,0.7287145242070117,0.39548774327919767,6,1,0.25,27,1738,30.904774147453594,0.6140045322148447,0.9993827079956992,26.026320456946713,0.4356044818806416,0.7052364864864865,5205,31.959773323724807,0.7256170763636923,0.9998064981274621,31.270807153216957,0.30541757716702356,0.7410192147034252,0.6014026321672574,0.1079269529293927,-0.03225097183302594,-0.030023679272974335,True,0.5461552047176442,0.35041954051461566,0.7347107438016529,26.677285443094494,0.999456815227968,7371
7372.png,0.6081730769230769,0.8618090452261307,0.9257759784075573,0.927027027027027,0.9245283018867925,0.9989125721392897,28.014557992308387,0.9990600511869653,28.36979598337618,1.0,0.6644552672957573,0.7626556369526574,30.622416189994087,0.5564945606240436,2363,5,7,16,13,2.020408163265306,1.4,196,198,322.2203461105334,3.0635671469630026,0.04619645164429811,-0.011817493562543135,-0.10021453890901455,-0.00018057581463259975,2.1683407299133428e-05,0.33608147429679924,1093.5492515563965,0.648568608094768,5,7,-2,16,13,2.020408163265306,1.4,5,1,196,198,167,1.6273754854067317,3.0635671469630026,322.2203461105334,0.04619645164429811,45531,19.2683030046551,27.734236140499366,256x256,65536,sparse,Learned,316,5,26,2182,31.0224585192913,0.6068581638689494,28.002157870696394,0.9990383677796661,0.6639185257032008,0.4097875530225752,11,7,0.0,33,2154,31.2325919536781,0.6467092020595445,0.9989880694465387,27.80135070981055,0.46444112140335037,0.6516254245511888,3820,31.61479823948897,0.6822523830140488,0.999472892931247,30.60683038753124,0.3069593799135585,0.6581853096495439,0.36763811267978497,0.25466771427318213,-0.40004232929721084,-0.05036360324490585,True,0.6927212613988687,0.5283077748428024,0.61999057048562,28.1147725312174,0.9990931479539223,7372
7373.png,0.7498559077809799,0.8954439252336449,0.9448382126348228,0.9410681399631676,0.9486386138613861,0.9988633564221995,28.329869369152195,0.9989152145162595,28.700928531295467,1.0,0.6785778786656087,0.8441161183900691,31.138892640746185,0.5743620141038097,2092,4,3,8,9,1.9876543209876543,0.75,162,161,263.8061325481602,3.024413283960319,0.0461939326967309,0.0029013119891747596,-0.13446451098031886,-0.00010779284808404288,1.1122765596338624e-05,0.2660098522167488,1170.3064441680908,0.7614095898324668,4,3,1,8,9,1.9876543209876543,0.75,4,0,162,161,145,1.6385474071314272,3.024413283960319,263.8061325481602,0.0461939326967309,45132,21.5736137667304,31.326959847036328,256x256,65536,sparse,Learned,282,4,26,2011,31.406536839795514,0.6144735122841087,28.477709348441312,0.9989040917506632,0.7339901477832512,0.5427385723972741,8,10,0.0,34,2066,31.600142505897587,0.6543441469525306,0.998764254941698,28.046631897391563,0.16977672310507852,0.7037837837837838,4474,32.24604168954434,0.7201654889101272,0.9994512186454194,31.610068407725784,0.0633774071583113,0.6729341909945572,0.2232191828541552,0.13583930626833463,-0.2676441990493288,-0.04011149818029902,True,0.6833632306209467,0.5768379176822511,0.7469545957918051,28.464333880132514,0.9989711492702835,7373
7374.png,0.7641681901279708,0.9167420814479638,0.9565627950897072,0.9538606403013182,0.959280303030303,0.9993483378348413,27.659725382768162,0.9994270848092427,28.095746779506538,1.0,0.5323335729900908,0.8026988303352784,31.257191702233587,0.5734670447373325,1706,4,3,5,9,1.981981981981982,0.75,111,110,178.4091629284898,2.931350948574307,0.04521449382666947,0.0029347099517592623,0.3777298833510194,1.9501583698455782e-05,0.00010959645149255515,0.24584426946631666,991.3680553436279,0.7745187901008249,4,3,1,5,9,1.981981981981982,0.75,4,0,111,110,97,1.621901481168089,2.931350948574307,178.4091629284898,0.04521449382666947,45073,26.420281359906213,38.41500586166471,256x256,65536,sparse,Learned,231,4,22,1591,31.336507728980756,0.5945801733403574,27.268713949884763,0.9993174883577501,0.7541557305336833,0.6132589765454988,4,5,0.0,31,1538,31.54934555480367,0.6316727892999453,0.9993217899739596,27.366957086734928,0.40717565786179344,0.7873263888888888,5384,32.65162029560712,0.7507575219797795,0.9997567530001978,32.200384747359536,0.2530557331094696,0.737619461337967,0.8270328296217748,-0.080925403555408,-0.07931602674716842,-0.021113128603024944,True,0.5529120734406436,0.4438218746290582,0.7612334801762115,27.281995499417143,0.9993288362511429,7374
7375.png,0.7583965330444203,0.8969505783385909,0.9456762749445677,0.9446290143964563,0.946725860155383,0.9994853839917749,26.444303702831288,0.9996650672025992,27.140515165681993,1.0,0.5661255185670091,0.6786051161616248,30.802482705516177,0.5625286488883214,1900,4,2,4,9,1.9689922480620154,0.5,129,127,195.65180361560917,2.4144715846971025,0.03206341021196377,0.03298270636477085,-0.8185972156727317,-0.00017778955034186694,1.0993449955587486e-05,0.26926829268292685,796.405553817749,0.7876787678767877,4,2,2,4,9,1.9689922480620154,0.5,4,0,129,127,116,1.5405653828000718,2.4144715846971025,195.65180361560917,0.03206341021196377,45342,23.86421052631579,34.49263157894737,256x256,65536,sparse,Learned,249,4,23,1799,31.158141331053535,0.5960059536819055,27.19852648964951,0.9996540737526436,0.7307317073170732,0.44678026191912623,5,0,0.875,32,1884,31.403476396065074,0.6366877322146087,0.9995939004366609,26.63118293380585,0.32294312550183535,0.7324902723735408,4686,32.1347740336907,0.7174293980186177,0.9998552555724349,31.223447784265765,0.27780099325236296,0.7258382642998028,-0.058011323967516404,0.11934525664788287,-0.35565862553735883,-0.03347730479358402,True,0.5617650075350508,0.38121660819385916,0.7254138266796495,27.26290091850402,0.9996631735421168,7375
7376.png,0.6592300962379702,0.9181208053691275,0.9573128061581526,0.9508804448563485,0.9638327853452325,0.9985356045236433,27.710669809575418,0.9987252752386749,28.303448363181495,1.0,0.7174783233966364,0.9471690056234497,31.34455564596616,0.6086915322482478,2791,5,11,19,10,2.052401746724891,2.2,229,235,371.4041122946071,3.011354244952639,0.055751619278070305,-0.026339095467488916,-0.7430320926153655,-0.0002846029187272281,-5.869821912940498e-05,0.3121581825830879,1126.0063648223877,0.6741130091984231,5,11,-6,19,10,2.052401746724891,2.2,5,1,229,235,200,1.5804430310408784,3.011354244952639,371.4041122946071,0.055751619278070305,45065,16.146542457900395,23.48118953780007,256x256,65536,sparse,Learned,349,5,32,2719,31.818132600836524,0.6601668685121922,28.425314211721563,0.9987839734578043,0.6878418174169121,0.5034146962085904,13,19,0.0,42,2594,32.14885038631166,0.7020994539535201,0.9987450636836382,28.48045272438357,0.5821894892178737,0.6950968273588792,3131,32.10942014605425,0.6823082049724666,0.9991775281362146,30.741030052810437,0.48975136010270814,0.6618947368421053,-0.1218658485400681,0.21406362718804606,-0.47357695487036366,-0.051475336263944405,True,0.6535441896699425,0.6190168002606627,0.6855691917054592,28.453701902190783,0.9988202074423705,7376
7377.png,0.5214391325776244,0.8445520581113801,0.915725912312943,0.929637526652452,0.9022245214692188,0.9986684789162003,28.30164722017521,0.9988904095461658,28.774196227250638,1.0,0.7521669636327712,0.3585513618678623,30.825206275374086,0.5627394499872027,2239,4,9,17,6,2.051282051282051,2.25,195,200,317.22034611053334,2.9818874310224484,0.051177710056487226,-0.010557046983025065,-0.3159872820865317,-0.0002243385113506191,-1.1599291247166299e-05,0.45311732940598914,1075.2229690551758,0.549079754601227,4,9,-5,17,6,2.051282051282051,2.25,4,1,195,200,172,1.5861017305526643,2.9818874310224484,317.22034611053334,0.051177710056487226,45302,20.23313979455114,29.270209915140686,256x256,65536,sparse,Learned,315,4,27,2152,31.244423435708796,0.6109213359143262,28.66236502787531,0.998902008837413,0.5468826705940109,0.27608183378669493,13,5,0.0,34,2150,31.474164782549607,0.6522164243914029,0.9987919280889932,28.29033106027355,0.3198585892553041,0.5557177615571777,3950,31.845872854782584,0.6933120193445576,0.9993293429233334,31.11189408097292,0.21216101082598904,0.534320987654321,0.11183119937532737,0.4760851298460763,-0.41921716033471057,-0.04818188592712347,True,0.7823789431347671,0.2805230355577095,0.5319961795606495,28.61763450226174,0.9988928174275509,7377
7378.png,0.550031867431485,0.9020486555697823,0.9485021878155503,0.9481830417227456,0.9488215488215488,0.9987253601316326,28.66947581516802,0.9988471236883055,28.763116743194352,1.0,0.6093721646414789,0.5835326941911604,30.939130735600653,0.558762752076653,1957,4,1,4,10,1.9583333333333333,0.25,144,141,214.82337649086293,3.287374468313323,0.037256523787337924,0.023649957883746353,0.37033172397700653,9.43051160749997e-05,0.00013728979849114697,0.4506054811982154,1194.6699619293213,0.5788449059052563,4,1,3,4,10,1.9583333333333333,0.25,4,0,144,141,130,1.5235700460344885,3.287374468313323,214.82337649086293,0.037256523787337924,45306,23.15074092999489,33.48799182422075,256x256,65536,sparse,Learned,264,4,24,1848,31.133898253389745,0.5941598813219658,28.306204192683353,0.9987098338898144,0.5493945188017846,0.41433070985520626,8,5,0.0,32,1864,31.36386751243044,0.6358930817051991,0.9984343287764349,27.740267085756113,0.3147694993341297,0.5621451104100946,4745,32.11065931234042,0.7201010865605801,0.9992646281287367,31.33302874395671,0.17446542924227892,0.5708908406524467,0.45691255051099944,0.19504145478627266,-0.19476751778909218,-0.0353971292453128,True,0.6447736190750484,0.37624648708224795,0.5263819095477387,28.299144091191014,0.9986310550155576,7378
7379.png,0.5869106263194933,0.8826777087646653,0.937683284457478,0.9064493267186393,0.9711465451784358,0.9990273064705812,27.878598316323277,0.9989944238301229,28.219468001401133,1.0,0.5578030907201013,0.4420485710370608,31.613814520540934,0.6114240403068222,2037,5,1,3,9,1.9470198675496688,0.2,151,147,220.40916292849,3.058322238606333,0.03152859327217084,0.017799659414885927,-0.32560011791988686,-0.00014038459025167427,-3.7246089971132434e-05,0.41313960833859764,1088.1307125091553,0.6045081967213115,5,1,4,3,9,1.9470198675496688,0.2,5,0,151,147,139,1.4993820607380257,3.058322238606333,220.40916292849,0.03152859327217084,44554,21.872361315660285,32.172803141875306,256x256,65536,sparse,Learned,271,5,27,2028,31.89822550372012,0.6428540502630273,28.268769856033714,0.9990316699200941,0.5868603916614024,0.28822967723739024,11,1,0.0,40,1950,32.24876209966466,0.6803222776337071,0.999090136489853,28.529714654907995,0.21982364922630127,0.582286432160804,4573,32.91747748076504,0.74226491868059,0.9995060409782032,31.747078682900607,0.22701837368651678,0.5876160990712074,-0.04930185463258141,0.269573413482711,-0.28441098317918545,-0.03143000995620515,True,0.5524647618955876,0.24421625854427453,0.5691109669046074,28.204198434243164,0.9991676910608329,7379
7380.png,0.8653260207190737,0.9307173513182097,0.9641155922515084,0.9668789808917198,0.9613679544015199,0.9987401177109043,27.06796378901747,0.9990894725756357,27.843632794717887,1.0,0.6447736190750484,1.0946388154014361,31.225132779393384,0.5901757608869114,2258,4,6,11,9,2.0251572327044025,1.5,159,161,247.9360748630712,3.2238066653785467,0.0416311395065301,0.016998454398427842,-0.6596529531312996,-0.000266351863356995,7.945087417748908e-06,0.16427340608845487,1237.7064228057861,0.8862793572311496,4,6,-2,11,9,2.0251572327044025,1.5,4,1,159,161,139,1.5399756202675212,3.2238066653785467,247.9360748630712,0.0416311395065301,45080,19.964570416297608,29.023914968999115,256x256,65536,sparse,Learned,279,4,27,2162,31.526788335159495,0.6312239408355798,27.764057034645873,0.999081527488218,0.8357265939115451,0.7219626995468058,4,3,0.0,37,2184,31.82009866280093,0.6735272254827798,0.9990873332409868,27.8868098229569,0.7261021356685544,0.8302752293577982,4095,32.23083471580247,0.7095684063851907,0.9995774633363168,31.28761125704518,0.6902531722967792,0.8216964800923254,0.07957576007201439,-0.07718908047175743,-0.3016555557661107,-0.041048179948668384,True,0.6569914825812934,0.7191683782216203,0.8483275663206459,27.72761674214877,0.9990064695742613,7380
7381.png,0.769591426657736,0.9403485254691689,0.9692573402417962,0.9722799722799723,0.9662534435261708,0.9987505558340575,27.695542298293525,0.9988958316773472,28.091150410077258,1.0,0.5893442472476544,1.0173386018710975,31.813689474293227,0.6132934391474034,1974,4,1,3,9,1.9580419580419581,0.25,143,140,205.23759005323606,3.3806793331266283,0.024512265810386482,0.007509642271118944,-0.49176857273548436,-0.00017769225809893818,-5.4526487957340386e-05,0.24783683559950553,932.7442646026611,0.7826675693974272,4,1,3,3,9,1.9580419580419581,0.25,4,0,143,140,131,1.4659827860945422,3.3806793331266283,205.23759005323606,0.024512265810386482,44482,22.533941236068895,33.19959473150963,256x256,65536,sparse,Learned,263,4,26,1884,31.954206249752318,0.6387551495064321,28.198595962938438,0.9989503581653045,0.7521631644004945,0.46339874382296664,8,6,0.0,41,1952,32.32280390691593,0.6822486887818447,0.9989514617750547,28.39347793942457,0.43384585048280244,0.77338355304457,4756,32.984177587248766,0.7468322346782726,0.9994644876920266,31.780120348044136,0.3850128133781259,0.7489014438166981,-0.1074455528611793,0.1259455034246878,-0.14051677545909058,-0.025461710359028666,True,0.5247907283138555,0.5338898658177328,0.7620817843866171,28.18731087102901,0.9989282480921564,7381
7382.png,0.7893553223388305,0.9151750972762646,0.9557090613571719,0.9460981496379727,0.9655172413793104,0.999422786157222,26.56621108899257,0.9995262277356907,27.126567662851077,1.0,0.6620982141052869,0.649243267265605,30.672754891425534,0.5617727638847403,2199,4,7,13,10,2.0357142857142856,1.75,168,171,260.835569799683,2.536498174780891,0.02954556166764135,0.01341872291519941,-0.12785693679555976,-5.996420924458956e-05,4.0643865576117655e-05,0.20734341252699784,943.9339637756348,0.8067415730337079,4,7,-3,13,10,2.0357142857142856,1.75,4,0,168,171,145,1.525354209354869,2.536498174780891,260.835569799683,0.02954556166764135,45575,20.725329695316052,29.80263756252842,256x256,65536,sparse,Learned,288,4,26,2174,31.067915669382515,0.6098824739024513,26.711150040932246,0.9994855838701145,0.7926565874730022,0.64654531804122,4,0,1.0,32,2154,31.3253729396904,0.6529856779390569,0.9994385750843968,26.66855005415339,0.5415939886947765,0.7745872218234028,4174,31.81504354528822,0.6970678169319803,0.9997711258102994,30.627451451562244,0.48462327601727084,0.7859699355762347,0.4154176219188308,0.015552896064066957,-0.39516077795698124,-0.04810971001771103,True,0.6654603930513924,0.43204567982053965,0.7759365994236311,26.69406802578813,0.9994827503664666,7382
7383.png,0.7154255319148937,0.9035476718403548,0.9493302271403612,0.9498834498834499,0.9487776484284052,0.9990038864193241,27.12587341970389,0.9992152384609303,27.784127594450464,1.0,0.7077074223191406,0.7969319071430929,30.562393006266973,0.5624202046468818,2365,4,4,11,10,2.0,1.0,173,173,280.24978336205606,3.0839397610956536,0.055053947806963655,-0.011987199091266554,-0.3061653805987987,-0.00012393063780546942,8.200411214753789e-05,0.2709511568123393,1182.7795505523682,0.7290772532188842,4,4,0,11,10,2.0,1.0,4,0,173,173,152,1.6199409442893395,3.0839397610956536,280.24978336205606,0.055053947806963655,45588,19.276109936575054,27.710782241014797,256x256,65536,sparse,Learned,293,4,27,2362,31.05231818131572,0.6175051367185437,27.409174767607798,0.9991332343487828,0.7290488431876607,0.4160850848473713,10,5,0.0,34,2348,31.341962305041765,0.6618412697293571,0.9990936142243985,27.332689678413736,0.6001503456551527,0.7147270854788877,3810,31.644199392420752,0.6806464163238145,0.9995519708741883,30.297174219171822,0.4220878048376686,0.7341249354672174,0.37495282684266584,0.29162233747176936,-0.48992517504874655,-0.055084932071661874,True,0.7003080004867537,0.5580977904154747,0.7274127310061602,27.43203880030269,0.9991278170571296,7383
7384.png,0.5554106910039114,0.8737562189054726,0.932625290408231,0.9147135416666666,0.9512525389302641,0.9990817522022193,27.850737758209576,0.9992380037606402,28.525995877882444,1.0,0.5228860844789656,0.5895795587043745,30.877483733185485,0.5654223770775455,2195,6,4,8,14,1.9759036144578312,0.6666666666666666,166,164,262.24978336205595,2.7811441148620055,0.037793962140146894,-0.012190555102007616,-0.39866850027160083,-0.00020536654605174398,-4.186997301869333e-06,0.4431680773881499,1048.2640266418457,0.5573248407643312,6,4,2,8,14,1.9759036144578312,0.6666666666666666,6,0,166,164,144,1.5990840448905836,2.7811441148620055,262.24978336205595,0.037793962140146894,45358,20.664236902050114,29.856947608200457,256x256,65536,sparse,Learned,286,6,27,2174,31.24145745574049,0.6119415055140078,28.351097970114317,0.9992421907579421,0.5568319226118501,0.23611141632266386,15,0,0.25,34,2158,31.462847429854083,0.6540878112171055,0.9990643367387175,27.68976673497798,0.31202308817102065,0.5382746051032807,3991,31.84707179517186,0.6958214215566946,0.999498511125904,30.769848645418044,0.26655304377571065,0.5521844660194175,0.17489790776812697,0.2867746681563017,-0.3639737225550057,-0.04651912843646233,True,0.538527739144044,0.31750494679460994,0.567601246105919,28.249406258481176,0.999287118748271,7384
7385.png,0.7625178826895566,0.9197044334975369,0.958172953554016,0.962867457452295,0.9535240040858018,0.9989411840886457,27.7703147591288,0.9990357353743786,27.968808360825463,1.0,0.7642539234441365,0.721649938322657,30.35833209250656,0.5406409251824831,2601,4,6,12,9,2.018099547511312,1.5,221,223,335.8772003600259,3.062171259077426,0.03854188300537484,0.007368069955474121,0.045688075209557866,-3.5148889245828485e-05,5.6347412325408186e-05,0.2330648981525344,1156.6953659057617,0.7884241245136187,4,6,-2,12,9,2.018099547511312,1.5,4,1,221,223,200,1.5061757863678262,3.062171259077426,335.8772003600259,0.03854188300537484,45918,17.653979238754324,25.196462898885045,256x256,65536,sparse,Learned,341,4,27,2493,30.68474537952693,0.6024002446520335,27.727620646175872,0.9989793879620532,0.7669351018474656,0.5495463081486133,8,6,0.0,33,2588,31.01548971821149,0.6573432325509744,0.9988880110560054,27.30154332565919,0.3296799539643608,0.7821782178217822,3679,31.21222647215066,0.6633700731451763,0.9994427125619469,30.462749616411386,0.3275598079819593,0.7558575445173383,0.2411877146495911,0.21470761529552318,-0.32641328702036887,-0.06175931946955038,True,0.7630722413178782,0.5506710358827784,0.7551498127340824,27.724626683919244,0.9989763329778916,7385
7386.png,0.7388451443569554,0.8816300129366106,0.9370917841182537,0.9104876419505677,0.9652974504249292,0.9989194732631459,28.324322469882517,0.9989697630813781,28.683380058399102,1.0,0.590164737988921,0.8011461065006783,31.07080547659286,0.5705622090248635,2015,5,3,7,9,1.9753086419753085,0.6,162,160,236.23759005323632,2.961849418687232,0.038284239371590964,0.03688202716480782,-0.005384731849709112,-8.124648653495825e-05,9.96113368116891e-05,0.2660388463802237,1189.3441677093506,0.7782834850455137,5,3,2,7,9,1.9753086419753085,0.6,5,0,162,160,146,1.4764849378327247,2.961849418687232,236.23759005323632,0.038284239371590964,45158,22.41091811414392,32.52406947890819,256x256,65536,sparse,Learned,282,5,25,1931,31.32443411577105,0.6081135782702627,28.287048932235543,0.9988701517445664,0.7339611536197763,0.48055793741295183,8,3,0.0,32,1934,31.54861179752332,0.6481335927453071,0.9986368203139403,27.691815142724685,0.21419973260884972,0.7287328970850684,4541,32.20293315349616,0.7198385081094942,0.9994550162877374,31.447704023322373,0.07321575206914033,0.6737430167597765,0.3963311261635596,0.10960680057596917,-0.2536286391781921,-0.03755136924539915,True,0.6030718511741175,0.4831486655083008,0.7019631171921475,28.329707201732226,0.9990007197496809,7386
7387.png,0.7349943374858438,0.9029443838604144,0.9489971346704871,0.9419795221843004,0.9561200923787528,0.9995489391374225,26.88402234166006,0.9996153230684811,27.232860529194326,1.0,0.5009255520148639,0.8532262680826821,30.352143343432818,0.5246030971731609,1749,4,0,0,8,1.9316239316239316,0.0,117,113,159.8528137423858,2.6217211495097885,0.022446502490286114,0.04131012695952796,0.03081115536572554,-3.409740230919667e-05,2.0310729515471415e-05,0.3051201671891327,772.6516723632812,0.7497168742921857,4,0,4,0,8,1.9316239316239316,0.0,4,0,117,113,109,1.4146266702865993,2.6217211495097885,159.8528137423858,0.022446502490286114,45901,26.244139508290452,37.470554602630074,256x256,65536,sparse,Learned,237,4,21,1664,30.5568910525645,0.5587010880624209,26.91358841762753,0.9995950123389656,0.6948798328108673,0.42592773880356405,4,0,1.0,27,1726,30.770367426478895,0.6079647228198487,0.9995247672846329,26.2447978718361,0.34295318018494325,0.7007454739084132,5362,31.84205840429282,0.7266871787820809,0.9998326215536334,31.18819655859521,0.3538132088876157,0.6958817317845829,0.31927211156679647,0.07499781321129984,-0.20474770913168072,-0.03409799088926002,True,0.5058914257438583,0.43163985324245946,0.6936842105263158,26.853211186294335,0.9995830365397317,7387
7389.png,0.7550921435499515,0.924161400097229,0.9605861546235471,0.9552763819095478,0.9659552845528455,0.9987675621459663,27.809451249457883,0.9989202721450303,28.07773406124832,1.0,0.7496762002083039,0.7190743239395031,30.527709762315872,0.5492535037672784,2484,4,3,8,11,1.99009900990099,0.75,202,201,322.80613254816024,3.1869948370621937,0.04500722121570687,0.013576569398394023,-0.1611948018761744,-0.00013129386156651712,2.8550149870465447e-05,0.25393883225208524,1186.373233795166,0.7640503875968992,4,3,1,8,11,1.99009900990099,0.75,4,0,202,201,183,1.606000659443581,3.1869948370621937,322.80613254816024,0.04500722121570687,45752,18.41867954911433,26.383252818035427,256x256,65536,sparse,Learned,322,4,27,2459,30.81668723709832,0.6077036835722158,27.897430964743,0.9988917219951599,0.7460611677479148,0.5344074783510534,9,8,0.0,32,2480,31.05036561387932,0.6563573840324137,0.9985630946807766,27.15352288212616,0.3363497498636806,0.7469879518072289,3726,31.349603564507046,0.6685116049695157,0.9992021393541213,30.164328228515735,0.4222253865999427,0.7271036727103672,0.18030309650532317,0.21526872185725054,-0.28897747478244895,-0.058450179804937386,True,0.7689220085226698,0.5529120734406436,0.7415155741515574,27.970646051334057,0.9988988560075328,7389
7390.png,0.766541822721598,0.9107711918419376,0.9533022014676452,0.9655405405405405,0.9413702239789197,0.9990574683209807,26.894815692798918,0.9993403102625849,27.415290495214535,1.0,0.7723623116161873,0.8513016583736435,31.36617321159159,0.6108727674697746,2581,4,3,8,11,1.990950226244344,0.75,221,220,345.9482681718913,2.337550599111151,0.03582495088775218,0.024624963599196192,-0.9870607337928092,-0.0003479377083981383,-9.337146735977075e-05,0.24144037780401417,768.5260772705078,0.8047834518422754,4,3,1,8,11,1.990950226244344,0.75,4,0,221,220,202,1.5724921280540487,2.337550599111151,345.9482681718913,0.03582495088775218,44856,17.379310344827587,25.391708640061992,256x256,65536,sparse,Learned,341,4,31,2499,31.90310358385898,0.6576590358998426,27.870995495838983,0.9994336817299446,0.7585596221959858,0.5192942776736165,8,2,0.0,41,2410,32.210288020869996,0.6988394991083687,0.9993669475996483,27.95381643430114,0.7094559270255955,0.7319223985890653,3678,32.39057222100614,0.707080857563206,0.9996941928842659,30.97506106223382,0.6682366393501643,0.7601649970536241,-0.4557050006244481,0.2530680339425708,-0.5369303722673884,-0.046786268430068056,True,0.7898639287992353,0.6724124724763104,0.7419168591224018,27.881876426591727,0.9994054060293789,7390
7391.png,0.7169811320754716,0.898521162672106,0.9465484824066613,0.9570885388375883,0.9362380446333688,0.9985910225945821,27.077929540907483,0.9988082849521853,27.724522706907884,1.0,0.7120590918692298,0.8442283575023206,30.94995886004709,0.5783202320562101,2235,4,16,27,8,2.1363636363636362,4.0,176,188,291.2081528017135,3.4772083163261414,0.04943472603553453,0.0017850536440990883,-0.738381585613503,-0.00024877272455126054,-7.491938336268156e-06,0.28557263262270705,1171.3511943817139,0.7362804878048781,4,16,-12,27,8,2.1363636363636362,4.0,4,2,176,188,141,1.5489795361793253,3.4772083163261414,291.2081528017135,0.04943472603553453,45285,20.261744966442954,29.322595078299777,256x256,65536,sparse,Learned,296,4,27,2233,31.278820871393723,0.6198435360794011,27.751628596879954,0.9988157768905216,0.714427367377293,0.5058914257438583,8,6,0.0,34,2074,31.538591829058017,0.6589399278519911,0.998707273226666,27.37408528451178,0.5196946989102006,0.7045,3925,31.96678669642992,0.6946409946024535,0.9994268606398501,31.05783176095235,0.560545995823545,0.7077986179664363,-0.027105889972069974,0.20616766612537152,-0.32886201134663295,-0.04152330402319104,True,0.7233494163680265,0.6106720896806412,0.7151960784313726,27.816311126520986,0.9988397953191334,7391
7392.png,0.5611402850712678,0.8989010989010989,0.9467592592592592,0.9496904024767802,0.9438461538461539,0.9992045134874386,28.239264791528203,0.9993260729558072,28.512356077168054,1.0,0.5613265533520322,0.5075318135499491,30.747410752385438,0.5506865727542529,2038,4,3,6,10,1.9871794871794872,0.75,156,155,246.0819409436467,2.7016984805082664,0.038879509630620236,-0.02786116210673506,0.037223737932322365,-6.258405978354364e-05,1.963775060986883e-05,0.39353891336270186,1023.0391025543213,0.5848623853211009,4,3,1,6,10,1.9871794871794872,0.75,5,0,156,155,140,1.587625425442881,2.7016984805082664,246.0819409436467,0.038879509630620236,45490,22.320902845927378,32.15701668302257,256x256,65536,sparse,Learned,276,5,25,2024,31.016789077107624,0.5955087538958799,28.202212432891884,0.9993064352051974,0.6064610866372981,0.3311679001807648,9,2,0.0,31,2008,31.210136050673686,0.6364605394361881,0.9991501282645602,27.53623630360405,0.32669412349588467,0.5660102115244348,4590,31.873513745843436,0.7089947957800368,0.9996032139647656,31.171529838529253,0.17072213577410433,0.6132756132756133,0.31014364427617025,0.23015865317126738,-0.2693783247221866,-0.04482218114162695,True,0.590164737988921,0.29952737976474764,0.5890014471780028,28.20204105359588,0.9992670975472221,7392
7393.png,0.6337332392378264,0.8417849898580122,0.9140969162995595,0.9382064807837227,0.8911954187544738,0.9989736801739442,25.827945933961004,0.9994715743016426,27.42109491375627,1.0,0.6155724752496214,0.5092224813625618,29.88541991796312,0.5213409397643012,2279,5,2,4,11,1.967741935483871,0.4,186,183,274.1076477383251,2.460685146111314,0.02934539074459161,0.009202575908665023,-1.5374461759039377,-0.0004875208591762492,-2.0424484014625044e-05,0.382842509603073,806.2078952789307,0.6753731343283582,5,2,3,4,11,1.967741935483871,0.4,5,0,186,183,171,1.4978559985700808,2.460685146111314,274.1076477383251,0.02934539074459161,46097,20.226853883282143,28.75647213690215,256x256,65536,sparse,Learned,306,5,24,2115,30.489963520178797,0.5787925654568812,27.288584391283344,0.9994919987856572,0.617157490396927,0.388248161547305,7,1,0.30000000000000004,30,2184,30.73025143588916,0.6273719540051361,0.9994395889162401,26.8902944751232,0.27385096292630906,0.6222366710013004,4073,31.227110716923963,0.6776226913514382,0.999740242848288,30.519209968749344,0.15662605215322434,0.6191393705844573,0.13251052247292705,0.22732431370231643,-0.6045436022156778,-0.05745162569258,True,0.6261871470545335,0.3188685728204529,0.6245306633291614,27.365392109864942,0.9994612010331204,7393
7394.png,0.6429447852760736,0.839766081871345,0.9129052765416401,0.905422446406053,0.9205128205128205,0.9994601711242271,27.443919020001783,0.9995800689429832,28.249174719559036,1.0,0.4831486655083008,0.6133058207112752,30.50964987918411,0.527061520036797,1528,4,1,3,9,1.941747572815534,0.25,103,100,153.4386001800126,2.6123308637767164,0.03730859377631891,0.01434040234643108,0.06451248288064804,-6.443925659560534e-05,6.535145233421691e-05,0.3449477351916377,969.8467254638672,0.6732673267326733,4,1,3,3,9,1.941747572815534,0.25,4,0,103,100,91,1.5343860018001263,2.6123308637767164,153.4386001800126,0.03730859377631891,45734,29.930628272251308,42.890052356020945,256x256,65536,sparse,Learned,223,4,19,1509,30.5347417868118,0.550259106074975,27.438565903581175,0.999514717490649,0.6550522648083623,0.3258385888250189,7,3,0.0,26,1488,30.831743477620705,0.5926400012060455,0.9994418957987043,27.228280915507916,0.21511825999384804,0.6046783625730994,5990,32.18985663686,0.7530348552299144,0.9997912473242164,31.70350200681529,0.06955271010803155,0.06585919757759273,0.8106088159778615,0.1573100766832819,-0.02509190762769009,-0.02319758603817801,True,0.4831486655083008,0.2963178888251258,0.6286043829296425,27.379406537121135,0.9995246103808227,7394
7395.png,0.5466568699485672,0.9144307469180566,0.9553030303030303,0.9424514200298953,0.9685099846390169,0.9992285051638521,27.847279184402755,0.9992641907095244,28.112027640629726,1.0,0.5506710358827784,0.4956915685549587,30.66513489931253,0.5499456209965649,2052,4,0,0,10,1.9483870967741936,0.0,155,151,240.4240850520748,2.8482156261321037,0.03437956490795149,-0.012641375665467858,-0.11142737280661308,-7.291504169049112e-05,3.31403422555443e-05,0.43194444444444446,1009.7997188568115,0.5537010159651669,4,0,4,0,10,1.9483870967741936,0.0,5,0,155,151,145,1.5922124837885738,2.8482156261321037,240.4240850520748,0.03437956490795149,45568,22.20662768031189,31.937621832358673,256x256,65536,sparse,Learned,275,5,25,2022,31.003237701691,0.5955483304135365,27.941194019348053,0.9992310503672689,0.5680555555555555,0.2762674300339062,12,1,0.0,32,2044,31.20795241948533,0.6369928041729,0.9991376379665949,27.62880999078658,0.35757165903188115,0.5076708507670851,4201,31.71878942862797,0.6949024815144049,0.9995826791867499,31.208224388347592,0.1925814077174799,0.554325259515571,0.17083362128167323,0.27440360584887225,-0.3381028023784687,-0.04560270941697164,True,0.5630777424255589,0.2791128893613103,0.5592982456140351,27.958706557209368,0.9993014202055426,7395
7396.png,0.8270142180094787,0.9021479713603818,0.9485570890840653,0.9553496208930076,0.9418604651162791,0.9993815619427254,27.477868302470533,0.9995306943654609,28.03396326267371,1.0,0.6394050598269216,0.9674688140005971,30.46754231563616,0.540255332437896,2047,4,4,10,10,2.0,1.0,147,147,234.65180361560914,2.6021947422806098,0.03654132375721538,0.0249614320857251,0.0779426169575288,-9.91078507233123e-05,4.2415392390360296e-05,0.1824274013402829,804.1214942932129,0.8636363636363636,4,4,0,10,10,2.0,1.0,4,1,147,147,127,1.5962707728952994,2.6021947422806098,234.65180361560914,0.03654132375721538,45694,22.322423058133854,32.01563263312164,256x256,65536,sparse,Learned,267,4,24,1979,30.802656346774867,0.5870797611365581,27.367224663740252,0.9994882789730706,0.8175725986597171,0.5524647618955876,5,1,0.875,29,1868,30.982152599718994,0.6235656316197367,0.9993934766117972,26.918859930406434,0.46968585111381544,0.7640449438202247,4408,31.65911680550054,0.6979484598463652,0.9997543910931656,30.74183645700327,0.348990321157688,0.7962154294032023,0.6667385989334562,0.08694029793133407,-0.3351140311387084,-0.0468244286986621,True,0.6552721452327799,0.6339553651959846,0.8020527859237536,27.399925685513004,0.9994806697934487,7396
7397.png,0.6724057701256398,0.9134569662387066,0.9547713717693836,0.9538232373386296,0.9557213930348258,0.9986461939107136,28.689417396523336,0.998675135206783,28.955983437715183,1.0,0.7919548176429796,0.3880663180334588,31.107567047915957,0.5784219926477617,2528,4,12,24,10,2.0720720720720722,3.0,222,230,372.60512242138356,2.938947136337693,0.04410403114081864,-0.017344922395135742,-0.0210093717123776,-0.00010258814070529532,2.595136142424792e-05,0.300556586270872,1191.8823719024658,0.6923800564440263,4,12,-8,24,10,2.0720720720720722,3.0,4,2,222,230,188,1.6200222713973176,2.938947136337693,372.60512242138356,0.04410403114081864,45222,17.888449367088608,25.924050632911392,256x256,65536,sparse,Learned,342,4,30,2483,31.463898033990297,0.633403656445246,28.714100662991292,0.9986491838453587,0.699443413729128,0.3529256768897385,17,10,0.0,38,2456,31.73518581781169,0.6764960042461201,0.998459072302124,28.34103327249641,0.2821025672265367,0.6766743648960739,3642,31.88098465273454,0.6866761090817464,0.9990982055446731,30.978033282890323,0.1741677690853266,0.6830500689021589,0.24188277472389075,0.43902914075324107,-0.3563309860743402,-0.05498166379748426,True,0.812691820518043,0.3153783224843455,0.6897506925207756,28.710426768235713,0.9987487820514189,7397
7398.png,0.5494148244473342,0.8582230623818525,0.9237029501525941,0.9055851063829787,0.942560553633218,0.999239048372048,27.652313398079805,0.9994049699329155,28.156816922877876,1.0,0.5947833162458036,0.4090681525253255,30.17182467668112,0.5277848795258009,2366,6,4,8,13,1.9796954314720812,0.6666666666666666,197,195,319.0193359837567,2.4536991409843947,0.04440228567634516,-0.006213447803974703,-0.31165500760357645,-0.00012936453904210943,-9.211264551778342e-06,0.440460947503201,881.1144828796387,0.5573979591836735,6,4,2,8,13,1.9796954314720812,0.6666666666666666,6,0,197,195,176,1.6359965947884934,2.4536991409843947,319.0193359837567,0.04440228567634516,46042,19.45984784446323,27.69907016060862,256x256,65536,sparse,Learned,317,6,26,2362,30.60125631722437,0.5900493998282553,28.085188969387094,0.9994141811974673,0.559539052496799,0.22791965973146044,15,1,0.0,29,2236,30.77521345664783,0.6287964118546363,0.9991963968192894,27.05234683155469,0.2506667205697809,0.5391969407265774,3849,31.12444131519956,0.6640690624892002,0.9995770985500964,29.927845514504018,0.2008531247889167,0.5688775510204082,0.07162795349078266,0.36686365651434316,-0.42943164054324967,-0.06226452030245444,True,0.5920728468281516,0.24219814561240205,0.555628272251309,27.96396840568338,0.9993684129110901,7398
7399.png,0.71968787515006,0.8537455410225921,0.9211032713277741,0.9367253750815394,0.905993690851735,0.9990393983772455,27.99248471341011,0.9992011373629075,28.454618220348312,1.0,0.6124847205006303,0.6784993871718611,30.301108530254787,0.5278520046475589,2136,5,9,14,7,2.046783625730994,1.8,171,175,271.6639969244292,2.8559264146793657,0.05317698582483686,0.010762349283090167,0.014696760554858912,-0.00012592595334792733,5.0537954076501634e-05,0.2664319248826291,1031.238079071045,0.7658505963590709,5,9,-4,14,7,2.046783625730994,1.8,5,2,171,175,150,1.552365696711022,2.8559264146793657,271.6639969244292,0.05317698582483686,45873,21.47612359550562,30.681647940074907,256x256,65536,sparse,Learned,291,5,24,2082,30.58412679121922,0.5800806369913876,27.903800773046928,0.999150599408831,0.7335680751173709,0.39042909270369075,8,2,0.7,29,1982,30.837109548739797,0.6200582579110135,0.9990106960534012,27.411695446409183,0.16835351482936745,0.7059848925043579,4239,31.36932165970981,0.6833582110382134,0.9995142765609194,30.45917230817812,0.09218659074238944,0.70944036178632,0.5508174473013838,0.22205562779693955,-0.2830182609644325,-0.052228632343828685,True,0.6171071140248879,0.41870679868528227,0.7089255258669699,27.97778795285525,0.9991653243305935,7399
7400.png,0.6607281177381874,0.8895658796648895,0.9415558242644095,0.9426957223567393,0.9404186795491143,0.9992144108314452,27.42186858487986,0.9992097641713628,28.04479266665475,1.0,0.5595683454940007,0.8672643564265863,30.77773308670043,0.5599940461652915,2058,5,1,3,11,1.95,0.2,160,156,228.3380951166244,2.7744135573506354,0.029016453845181634,0.023789915490996405,-0.4771728157409285,-0.0002036390987123493,5.4786105969317767e-05,0.3547703180212014,991.1010265350342,0.6938291139240507,5,1,4,3,11,1.95,0.2,5,0,160,156,146,1.4637057379270786,2.7744135573506354,228.3380951166244,0.029016453845181634,45448,22.08357628765792,31.844509232264333,256x256,65536,sparse,Learned,280,5,24,1885,31.101739018068525,0.5973451426853219,27.86015541227744,0.9991549780653934,0.6452296819787986,0.35757165903188115,8,1,0.19999999999999996,32,1972,31.362515853981535,0.6445293868987639,0.9990234733709673,27.277676056752828,0.519053864714222,0.6320284697508897,4430,31.955696074026942,0.7090163973473642,0.9995539318371212,30.88183258527372,0.2686456156958047,0.6518624641833811,0.1846372543773107,0.20199668646211955,-0.3240059313680952,-0.037351096520030436,True,0.5918008047220773,0.5132477440400283,0.636938202247191,27.89904140062079,0.9994180499301576,7400
7401.png,0.6112489660876758,0.9056304520222046,0.9504785684560967,0.9422442244224423,0.9588581024349286,0.9990943578891718,27.647026788642506,0.9991868369720233,28.03423892433454,1.0,0.5156754310446374,0.8589716858617649,31.412968923961508,0.5867246885725955,1722,4,4,6,8,2.0,1.0,109,109,159.71067811865478,3.5359924758246186,0.04248731210287587,0.0017862555824632587,-0.1613387776304549,-4.5273480254626186e-05,5.916979537390343e-05,0.4031496062992126,1183.544397354126,0.6112929623567921,4,4,0,6,8,2.0,1.0,4,0,109,109,95,1.4652355790702274,3.5359924758246186,159.71067811865478,0.04248731210287587,44823,26.029616724738677,38.05807200929152,256x256,65536,sparse,Learned,229,4,23,1664,31.55787583985264,0.6108119918367622,27.828267493971175,0.9991276671766494,0.5968503937007874,0.4959097704251745,4,5,0.0,33,1542,31.800393134761013,0.6434282809711505,0.9990869055879138,27.63382698538278,0.27798855305048986,0.5737963693764798,5462,32.86836867191976,0.7548581313487008,0.9996959565606132,32.51603091596394,0.3178461090235478,0.5955940204563336,0.20597143036336618,0.019765660619462944,-0.14490691589113425,-0.024087303264166637,True,0.5252657000600875,0.4511883639059735,0.6094627105052125,27.80836556627296,0.9991396313694264,7401
7402.png,0.6026222894604135,0.8554342173686947,0.922085201793722,0.9098451327433629,0.9346590909090909,0.9989743562047998,27.721064482393597,0.9990549985953084,28.25594203536664,1.0,0.7274682069659875,0.2919315486579058,30.56946355564054,0.555219265287562,2319,4,4,8,10,2.0,1.0,193,193,305.56349186104086,2.999725963167576,0.034806674113735024,-0.010204313865002201,-0.11078470800314122,-0.00020020527741626548,7.46103890171268e-05,0.3549928332537028,967.9453372955322,0.6350734921439433,4,4,0,8,10,2.0,1.0,4,0,193,193,175,1.583230527777412,2.999725963167576,305.56349186104086,0.034806674113735024,45479,19.61147046140578,28.260457093574818,256x256,65536,sparse,Learned,313,4,26,2167,31.025967768627417,0.6067602312018004,27.812698754677918,0.9989803882062913,0.6450071667462972,0.33173930732226053,13,3,0.0,33,2304,31.273168978099473,0.6544099275682234,0.9988415612586091,27.441047923907057,0.31185107244199317,0.6375838926174496,4058,31.704670874739293,0.6916197361228696,0.9994395027957877,30.652570870928262,0.28708993316886067,0.6242774566473989,0.44324328068872276,0.39572889964372693,-0.4565042129868786,-0.0515409659142384,True,0.6814576991267811,0.19893900145093446,0.6128266033254157,27.83184919039674,0.9991745614822161,7402
7403.png,0.6391205458680819,0.9216867469879518,0.9592476489028213,0.951048951048951,0.9675889328063241,0.9991368745493898,27.359064185374752,0.9991940480012629,27.593166933626172,1.0,0.5484187650774077,0.555401210691918,30.19180179123575,0.5186172122381372,1829,4,0,0,8,1.9365079365079365,0.0,126,122,179.43860018001263,3.3819114423933483,0.025954765623349398,0.024348641450992803,0.2910432095581399,-1.7618937889762876e-05,9.549031119504559e-05,0.377521613832853,940.1259422302246,0.6470588235294118,4,0,4,0,8,1.9365079365079365,0.0,4,0,126,122,118,1.4708081981968248,3.3819114423933483,179.43860018001263,0.025954765623349398,46000,25.150355385456535,35.83160196828868,256x256,65536,sparse,Learned,246,4,20,1643,30.326406184017163,0.5495664736523744,27.03824173312548,0.9990985576900678,0.622478386167147,0.3391878791716736,7,2,0.0,25,1666,30.575217306574075,0.5946128623843507,0.9990097407949893,26.480415963093044,0.31808969191364855,0.6077865897620764,4789,31.47365108290957,0.7007167571965726,0.9995730602928838,30.896712577602948,0.15403113890762188,0.6251808972503617,0.5549252005006906,0.20923088590573413,-0.13460439278141223,-0.03094926141423726,True,0.5661255185670091,0.31442679841570675,0.6147719044170891,27.068020975816612,0.9991544934872796,7403
7404.png,0.7622211675367822,0.9254807692307693,0.961298377028714,0.9620189905047476,0.9605788423153693,0.9987186110274493,27.17491602682717,0.9988833549851798,27.590637109498005,1.0,0.7315256767607634,0.7681428892607467,30.28157401330187,0.5406865934125732,2459,4,5,12,9,2.0106382978723403,1.25,188,189,292.5218613006982,3.387412521433323,0.03170500649461127,-0.001373302509300789,-0.25349901449564527,-0.0001305064639831599,1.3855874342105778e-05,0.23534840793724043,1189.2545223236084,0.7768199233716475,4,5,-1,12,9,2.0106382978723403,1.25,4,0,188,189,167,1.5477347158767083,3.387412521433323,292.5218613006982,0.03170500649461127,45952,18.68727124847499,26.651484343228955,256x256,65536,sparse,Learned,308,4,25,2268,30.618615838255764,0.593416216174626,27.421355735092483,0.9988694991108377,0.7646515920627596,0.5067142541534744,9,6,0.0,29,2262,30.82377392422213,0.6390776557583966,0.99857250771819,26.589434847770143,0.5442059816719829,0.7570831398049234,3637,31.122010028315778,0.6582622922738284,0.999277796103475,29.33817362172595,0.4903341683087524,0.7446906740535549,0.1692813744055215,0.22481142260728904,-0.3370418249538929,-0.05272962276205284,True,0.7446193240119223,0.5719740389459022,0.7635944700460829,27.428415041322815,0.9988491174914325,7404
7405.png,0.7464788732394366,0.9583815028901734,0.9787485242030698,0.9707259953161592,0.986904761904762,0.9995330607404038,27.17521636264591,0.9995556955250364,27.338418420824148,1.0,0.4372951311930443,0.5347941343092808,31.538288930752294,0.5910865068727432,1581,4,0,1,7,1.9080459770114941,0.0,87,83,122.81118318204302,3.260795771390542,0.03610277558623658,0.02456563630951447,0.17361319749666393,-6.297925454923359e-06,2.8529847398428565e-05,0.27212389380530977,892.890453338623,0.7546728971962616,4,0,4,1,7,1.9080459770114941,0.0,4,0,87,83,79,1.479652809422206,3.260795771390542,122.81118318204302,0.03610277558623658,44743,28.30044275774826,41.45224541429475,256x256,65536,sparse,Learned,207,4,22,1572,31.667160981064253,0.6098173687395713,26.98132822885365,0.999527165677638,0.7278761061946902,0.324295886039374,5,0,0.875,33,1516,31.891433739005933,0.6461082761213305,0.9994820704653955,26.955141336418666,0.38430280323571486,0.7162011173184357,5916,33.175073998421595,0.7684905186050566,0.9998674578032792,33.538503542714054,0.21140310901892334,0.7150837988826816,0.3570901919704994,0.11299924515367032,-0.12887205031195847,-0.01873086186682804,True,0.41725174762601036,0.22314378716068672,0.7219132369299222,27.001603165149245,0.9995393586658587,7405
7406.png,0.5729695431472082,0.8594527363184079,0.9244147157190635,0.9207195203197868,0.9281396910678308,0.9990955109902554,27.294250196019775,0.9992687232474844,27.768042202083492,1.0,0.7134952031398099,0.5059152428457627,31.202652237652103,0.5875762493376769,2199,4,4,10,11,2.0,1.0,184,184,281.2081528017134,2.8314187137976936,0.037026388672482174,0.0001480928120466407,-0.22962573438594092,-0.00017915359604925296,3.3014987717572275e-05,0.41697191697191693,1024.1038799285889,0.590676883780332,4,4,0,10,11,2.0,1.0,4,0,184,184,163,1.5283051782701802,2.8314187137976936,281.2081528017134,0.037026388672482174,45000,20.463847203274216,29.80263756252842,256x256,65536,sparse,Learned,304,4,27,2179,31.475760643897218,0.628899557088813,27.505998442403715,0.9992357082597668,0.5830280830280831,0.5488701205969576,5,4,0.0,37,2016,31.797328999132873,0.6630637113161965,0.9992683305253635,28.002375180094962,0.4139122252069497,0.5596555965559655,3954,32.2237493938676,0.7049345747687901,0.9995763534261277,31.17713034119309,0.2777134486731929,0.5682095006090134,0.2620437596797771,0.16462508254285224,-0.27310840624511457,-0.04132330775113602,True,0.7394602921400244,0.37410423327281905,0.5728214503351615,27.523875930405715,0.9992746645863047,7406
7407.png,0.6885441527446301,0.8984420080784766,0.9465045592705167,0.9278903456495828,0.9658808933002482,0.999037740906623,28.236099372931797,0.999052510739017,28.565016385385146,1.0,0.7120590918692298,0.6114238756632039,30.60263372299196,0.5482258621264421,2267,4,3,6,9,1.9895287958115184,0.75,191,190,285.35028842544455,2.9032472964980838,0.042244013589326904,0.023203243653721062,0.09410068933981108,-6.072454814187722e-05,6.084267407857613e-05,0.33869179600886923,1133.000135421753,0.6847004072134962,4,3,1,6,9,1.9895287958115184,0.75,4,0,191,190,176,1.501843623291811,2.9032472964980838,285.35028842544455,0.042244013589326904,45588,20.109395677106306,28.90868989854433,256x256,65536,sparse,Learned,311,4,25,2115,30.871181834195404,0.5957657614415646,28.15517475372884,0.9989916680649384,0.6613082039911308,0.44010163343459796,9,5,0.0,31,2082,31.104741180773328,0.6394178727824934,0.9988418810987999,27.6118538181834,0.28537689418394263,0.6406593406593407,3988,31.54906310180975,0.6833608194879095,0.9993742494448046,30.32327184928124,0.15974852256791128,0.6420882669537137,0.40984163165630605,0.2719574584346318,-0.2685481112034438,-0.04753989931512248,True,0.7177607038594767,0.4388560313525104,0.665340909090909,28.141998683591986,0.9990984654547649,7407
7408.png,0.6941529235382309,0.8935532233883059,0.9437846397466351,0.9363707776904949,0.951316839584996,0.9992095897674748,27.30945460018351,0.9993206076462949,27.806678210374777,1.0,0.5209738068112488,0.8232285427330701,31.138947837752546,0.5773609521515453,2011,5,4,8,11,1.9852941176470589,0.8,136,135,207.33809511662437,3.033036205698462,0.03938908779683076,0.014656772383577321,-0.30371245555157245,-0.0001412212656227707,1.3658751724987539e-05,0.3147632311977716,1003.1023025512695,0.7194570135746606,5,4,1,8,11,1.9852941176470589,0.8,5,0,136,135,117,1.535837741604624,3.033036205698462,207.33809511662437,0.03938908779683076,45139,22.446046742913975,32.58876181004475,256x256,65536,sparse,Learned,256,5,26,2004,31.38394354475927,0.6157511355076914,27.583957110936424,0.99930694889457,0.6852367688022284,0.3444116630922144,9,3,0.0,33,1770,31.545970424405354,0.6454989028706151,0.9992264500117132,27.26443776842535,0.3346885486019716,0.6725476358503881,4516,32.265195985745756,0.7199446467664364,0.9996683769554966,31.115456111898034,0.2644544845294521,0.6741415557112824,0.2227210994383526,0.17656214371903445,-0.2449957070067228,-0.03839018335614619,True,0.5323335729900908,0.43823219154052084,0.6794961511546536,27.613167055735083,0.9993508110330975,7408
7410.png,0.7559256886611146,0.9155313351498637,0.9559032716927454,0.9365853658536586,0.9760348583877996,0.9989027307635487,27.64915833339134,0.9990170108337347,28.03103069760056,1.0,0.6394050598269216,1.125316345873848,31.596603858785144,0.6109034459576244,2055,4,2,4,9,1.9754601226993864,0.5,163,161,228.50966799187827,3.1311543572899754,0.02330663879905897,0.044229782228366155,-0.3085227738835563,-0.0001705650989696217,-1.996129367154431e-05,0.2594752186588921,1083.4276676177979,0.7873563218390804,4,2,2,4,9,1.9754601226993864,0.5,4,0,163,161,150,1.4193147080240873,3.1311543572899754,228.50966799187827,0.02330663879905897,44568,21.687591240875914,31.890997566909977,256x256,65536,sparse,Learned,283,4,26,1959,31.920147196574256,0.6430491503148311,27.98720832930762,0.9990369721274063,0.7405247813411079,0.5645731964939055,7,6,0.0,40,1958,32.27871350869289,0.6802718380091477,0.9990823101963651,28.386858261873446,0.5907108208687815,0.7283511269276394,4430,32.80421527245662,0.7375826500616718,0.9995782514025228,31.82004446207246,0.3339002130924704,0.7212925562608193,0.04382236829293973,0.07483186333301617,-0.32354333778911126,-0.03214570435720676,True,0.6500622508888447,0.7315256767607634,0.7116959064327485,27.957681107274897,0.9990732958625184,7410
7411.png,0.6068779501011463,0.8789893617021277,0.9355980184005661,0.9517638588912887,0.9199721642310369,0.9989746957005597,27.22272923955556,0.9992767651845175,27.79837531181668,1.0,0.6617601433121683,0.45071917521986443,30.824456051944637,0.5668158648945837,2276,5,4,10,13,1.9895287958115184,0.8,191,190,306.86500705120574,2.329350563868178,0.03505630149346392,-0.004301411078214912,-0.79866909553715,-0.0002917211152252408,-8.68826270153944e-05,0.3681875792141952,802.243709564209,0.6501766784452296,5,4,1,10,13,1.9895287958115184,0.8,5,0,191,190,168,1.615078984480029,2.329350563868178,306.86500705120574,0.03505630149346392,45411,19.952108963093146,28.794376098418276,256x256,65536,sparse,Learned,311,5,27,2186,31.2499986074935,0.6155768511487026,28.023305677660492,0.9993636478115329,0.6318124207858048,0.3218137564982635,12,0,0.30000000000000004,35,2192,31.462111016520595,0.6576021961344056,0.9992764094525385,27.539350330154306,0.29531191028128656,0.6158812136862492,3965,31.87065941665856,0.6943863592517382,0.9996432996356353,30.931265729756547,0.22894841419643375,0.6371737746658179,-0.22493036584381088,0.33994638681390477,-0.4255425555488621,-0.048760986254118954,True,0.6604044743550609,0.29765695999282116,0.6111793611793612,28.02139833509271,0.999266416815785,7411
7412.png,0.7219641672196416,0.8892551087673038,0.9413817166782973,0.9460028050490884,0.9368055555555556,0.9989923379009374,27.698722584173886,0.9992070046619983,28.16970606580916,1.0,0.6365087304350432,0.8168264439020445,30.956653252121203,0.571238420402499,2245,5,2,5,12,1.9680851063829787,0.4,188,185,285.279220613579,2.554939758270345,0.03117388239871178,-0.000709161949627557,-0.42159823613279457,-0.00021387235595060616,-3.52879349392321e-05,0.26219126029132367,968.8534736633301,0.7486449864498645,5,2,3,5,12,1.9680851063829787,0.4,5,0,188,185,171,1.5420498411544787,2.554939758270345,285.279220613579,0.03117388239871178,45246,20.15412026726058,29.191982182628063,256x256,65536,sparse,Learned,308,5,26,2195,31.214676454972448,0.6152578561871244,28.109233903807407,0.9992422925969375,0.7378087397086763,0.6493616750483071,5,2,0.0,33,2044,31.501229064685297,0.6540327347011059,0.999135368732456,27.690928875103555,0.3589292056879616,0.74571972098922,3965,31.889773674367166,0.6941015100564298,0.9995492840389688,30.924861976259777,0.45447137484070665,0.7256524506683641,0.06047216200175143,-0.012852944613263917,-0.2580232028512448,-0.044019435784625416,True,0.6451286679019725,0.5269581556616313,0.7226733291692692,28.12032082030668,0.999206210256888,7412
7413.png,0.5044929396662388,0.8926517571884984,0.9432815665091155,0.9555403556771546,0.9313333333333333,0.9986828187230702,27.628512573506363,0.998947119669303,28.15603541131196,1.0,0.5488701205969576,0.42076198557978267,30.92833753344265,0.5661010268459954,2090,5,3,5,10,1.9741935483870967,0.6,155,153,222.965512114594,3.0117855033566876,0.03942829407460093,-0.02182284980744542,-0.5417882238786476,-0.00024267459063209706,1.050768069288388e-05,0.47455470737913485,1116.053819656372,0.523117569352708,5,3,2,5,10,1.9741935483870967,0.6,5,0,155,153,140,1.4572909288535545,3.0117855033566876,222.965512114594,0.03942829407460093,45267,21.65885167464115,31.356937799043063,256x256,65536,sparse,Learned,275,5,25,2008,31.198550584738598,0.6071810483549911,28.109763747518713,0.9989366119886102,0.5254452926208651,0.2340716616353513,12,1,0.0,33,2088,31.500412690683337,0.6514721447296887,0.9986600593007011,27.722957137563846,0.32631996075113234,0.49842271293375395,4260,32.005927103095,0.7037496485498296,0.9994079466887189,31.079517213798702,0.15392126568729547,0.5196017423771002,0.04627166379324876,0.3147984589616063,-0.2702130512959471,-0.0410800215089957,True,0.5934303402594009,0.24969292827083156,0.5263157894736842,28.17030079738501,0.9989254933137023,7413
7414.png,0.5366465863453815,0.8651185770750988,0.927682119205298,0.9254756871035941,0.9298990971853426,0.9982824894725796,28.74759905290404,0.9985187430160666,29.065255469768083,1.0,0.6408445586705953,0.32347207011573803,31.710850851711495,0.6127932706382891,2313,5,1,3,11,1.961352657004831,0.2,207,203,291.3502884254445,3.1727483214963463,0.026467697922960873,0.027874656520820107,-0.4304112927617645,-0.00018346977209515725,-1.675969533732058e-05,0.47466539196940727,1162.1296405792236,0.5552178318135765,5,1,4,3,11,1.961352657004831,0.2,5,0,207,203,193,1.4352230956918426,3.1727483214963463,291.3502884254445,0.026467697922960873,44497,19.23778642455685,28.333765672287072,256x256,65536,sparse,Learned,327,5,30,2233,32.092359619693134,0.6529127736571056,29.156886871137026,0.9985355027114039,0.5253346080305927,0.2627010991478629,21,7,0.0,42,2298,32.37135604877445,0.6963129877250028,0.9985156549769959,29.0937105082431,0.19304127530657877,0.503384912959381,4123,32.726959271537545,0.7294199947658894,0.9990327791276237,31.364689110802864,0.11541561224675789,0.5525378450578807,-0.09163140136894299,0.37814345952273243,-0.38150876798163935,-0.040119503018816505,True,0.6684577412151202,0.21622740933574525,0.5087719298245614,29.178010345665804,0.9984659592446747,7414
7415.png,0.6921331316187594,0.8976744186046511,0.9460784313725491,0.9406986190089358,0.9515201314708299,0.9992325753020026,27.795068704396684,0.9993371659073303,28.1181092162566,1.0,0.6535441896699425,0.6411295992581237,30.841489341708552,0.5587334175012629,1992,4,3,6,9,1.9878787878787878,0.75,165,164,229.02438661763972,2.6822504505966647,0.02884139015868051,0.010710780385087437,0.17469582204737577,-4.23387643812001e-05,8.8866386151909e-05,0.28980190755685986,1136.0421180725098,0.7209480122324159,4,3,1,6,9,1.9878787878787878,0.75,4,0,165,164,150,1.39649016230268,2.6822504505966647,229.02438661763972,0.02884139015868051,45384,22.783132530120483,32.899598393574294,256x256,65536,sparse,Learned,285,4,24,1863,31.10684458763651,0.5962517531353779,27.560424569409236,0.9992482995211784,0.7101980924431401,0.39749942946195704,9,3,0.0,33,1990,31.381130080503446,0.6439822212627406,0.9992561409728657,27.66123602880225,0.424490762678842,0.6806475349521707,4415,31.98475369547353,0.7082780122558835,0.9996316345902801,31.118442590702365,0.34107321917720257,0.685986793837124,0.5576846468473633,0.2560447602079855,-0.2653552459279567,-0.037518335634114997,True,0.6620982141052869,0.424490762678842,0.681422351233672,27.620372882349308,0.9992749140663838,7415
7416.png,0.6638655462184874,0.8866340097970609,0.9399109792284867,0.9227967953386744,0.9576719576719577,0.9990905886294807,27.448286603281375,0.9992206426621714,27.855347619590432,1.0,0.6014809589154859,0.7005284951240158,31.5860225159754,0.6063440569162183,1960,4,3,6,8,1.9841269841269842,0.75,126,125,202.75230867899745,3.1086680113323153,0.04971174781927042,-0.006857915580025131,-0.21835881513890598,-6.499614762178751e-05,8.01925079523258e-05,0.31145344943067654,1071.0880756378174,0.6882393876130828,4,3,1,6,8,1.9841269841269842,0.75,4,1,126,125,112,1.6220184694319792,3.1086680113323153,202.75230867899745,0.04971174781927042,44738,22.82551020408163,33.436734693877554,256x256,65536,sparse,Learned,246,4,25,1830,31.80057671227043,0.632795217999017,27.695420723358648,0.999140450154219,0.6885465505693235,0.4656299308560623,6,4,0.0,37,1760,32.09878581741212,0.6659719167471843,0.9991331842338451,27.943895576545785,0.35338227406456035,0.6834924965893588,4787,32.861725758381525,0.7427545147497984,0.9996258839526936,31.96326108827407,0.3033196428190522,0.671832884097035,0.15992689623178435,0.13585102805942362,-0.2145541962950297,-0.026451161082798658,True,0.5397566925069074,0.37811494353498,0.6707234617985125,27.66664541842028,0.9991555847771025,7416
7417.png,0.7353689567430025,0.9034424853064652,0.949272165857962,0.9539007092198581,0.9446883230904302,0.9993239965144833,28.50505633906351,0.9994184911591071,28.73361650528471,1.0,0.5346660690256866,0.9033241857402003,30.985430657085228,0.5577118248072759,1742,4,4,6,9,2.0,1.0,115,115,178.33809511662437,3.121416601927384,0.04710505967310857,0.026114247488293274,0.5477746281020011,2.8292605219748523e-06,8.71629278718089e-05,0.2814569536423841,1039.7717952728271,0.7558239861949957,4,4,0,6,9,2.0,1.0,4,0,115,115,100,1.5507660444923854,3.121416601927384,178.33809511662437,0.04710505967310857,45297,26.002870264064295,37.621125143513204,256x256,65536,sparse,Learned,235,4,22,1720,30.948154009779856,0.5855381628538489,27.906534522217854,0.9993313282312353,0.7185430463576159,0.4796914787936931,6,2,0.0,31,1694,31.35689891411984,0.6289093251363205,0.9992788584449517,27.731356350163555,0.3078828183112696,0.7316680096696213,5450,32.39458911525308,0.7469582859327162,0.999706423593047,31.835334080149114,0.15316550090115866,0.7178257394084733,0.8270819830668579,0.05497459023199347,0.03727664730537228,-0.027826338046572974,True,0.5934303402594009,0.5360599789083533,0.7092547092547092,27.95728171096151,0.9993211672539614,7417
7418.png,0.617989417989418,0.8865096359743041,0.9398410896708286,0.9611143354614046,0.9194891726818434,0.998700660526306,27.398249101978408,0.999110033149566,28.14073634291361,1.0,0.7247292169102477,0.4826710444085974,31.022593542305593,0.5815321684204467,2428,4,7,12,11,2.030150753768844,1.75,199,202,307.2914139223988,2.9387499327635647,0.034161223782341626,-0.013432028394621875,-0.8101678099213387,-0.00037876749024556844,-5.313138482510027e-05,0.38737373737373737,952.357292175293,0.6266375545851528,4,7,-3,12,11,2.030150753768844,1.75,4,0,199,202,176,1.5212446233782095,2.9387499327635647,307.2914139223988,0.034161223782341626,45154,18.597199341021415,26.99176276771005,256x256,65536,sparse,Learned,319,4,28,2353,31.394594598943698,0.6298894825898792,28.20721506577208,0.9991631645343911,0.6126262626262626,0.44428516333642853,8,4,0.0,37,2346,31.722027396623997,0.6765919878982073,0.9991574709830138,28.219494600402676,0.3766999610811098,0.6006036217303823,3774,32.007970356537705,0.6955883903407607,0.9995126221157534,30.880632201572936,0.27842271506202754,0.607704004054739,-0.06647872285847001,0.2804440535738192,-0.3720010566381049,-0.04835731416943245,True,0.7534030360583934,0.36364583027491293,0.6314214463840399,28.208416911899747,0.9990794280165516,7418
7419.png,0.597029702970297,0.8413461538461539,0.9138381201044385,0.8663366336633663,0.9668508287292817,0.9995347634032666,28.155816395760134,0.9995203110658086,28.310691401436245,1.0,0.4872669809581094,0.5197326312106157,31.283652273385233,0.5802015800472229,1814,5,3,6,10,1.9669421487603307,0.6,121,119,189.33809511662443,2.6467357883768634,0.05098930256043506,-0.0041319620829459724,0.21720881044257112,-1.7672636466015135e-05,2.501569282586935e-05,0.3788018433179724,868.8011169433594,0.6192271442035815,5,3,2,6,10,1.9669421487603307,0.6,5,0,121,119,105,1.5910764295514646,2.6467357883768634,189.33809511662443,0.05098930256043506,44959,24.784454244762955,36.12789415656009,256x256,65536,sparse,Learned,241,5,24,1750,31.46605713800576,0.6087062625128327,27.97650052240815,0.9994952953729828,0.6211981566820276,0.24572631546691104,10,0,0.5,33,1672,31.687287250260002,0.6444904095497264,0.9993531490831424,27.095103218485022,0.35041954051461566,0.5950639853747715,5178,32.66710970264091,0.7447167538001906,0.9997716498879694,31.947111821379014,0.18535268358858548,0.6097337006427915,0.3341908790280961,0.24154066549119835,-0.1824048646205263,-0.028504682465609776,True,0.5112968358009204,0.26573764980047454,0.601161665053243,27.938607585317563,0.9995524360397327,7419
7420.png,0.7915672235481305,0.9152677857713829,0.9557595993322204,0.9573578595317725,0.9541666666666667,0.9993474828092422,26.732735466313336,0.9995020065987862,27.268328699822604,1.0,0.5053970700329431,0.7447449474107535,30.374975269527788,0.5411083669574329,2009,5,0,0,10,1.9253731343283582,0.0,134,129,203.72287142747473,2.8698328911368525,0.02770886840629757,0.03834833942795879,-0.37090188921834155,-0.00014438327014121288,2.1333298577785875e-05,0.22552574329224073,920.5050468444824,0.8441345365053322,5,0,5,0,10,1.9253731343283582,0.0,5,0,134,129,124,1.5792470653292598,2.8698328911368525,203.72287142747473,0.02770886840629757,45714,22.754604280736686,32.62120457939273,256x256,65536,sparse,Learned,254,5,23,1920,30.745050400615273,0.5833862863584297,27.00956426730688,0.9994806733002084,0.7744742567077593,0.4709470018835131,6,3,0.0,29,1920,30.95472347319842,0.626867246085456,0.9993866605613557,26.507892562700587,0.39195111664927873,0.749820788530466,4479,31.642085259319693,0.6982192249762276,0.9997842887763658,30.858887669473035,0.3849181926864713,0.7668128654970761,0.2587644325157221,0.03445006814942997,-0.3700751310874857,-0.04227791940099679,True,0.5014243770087834,0.3734332712858762,0.7532188841201717,27.103637355531678,0.9994918660793835,7420
7421.png,0.489010989010989,0.9045027214250371,0.9498571057417511,0.9364754098360656,0.9636267791249341,0.9984618343058936,28.59774071389551,0.9984846733471934,28.8481043622943,1.0,0.6201580371486213,0.3644388932282347,30.2748941802436,0.5318025470818205,2296,5,5,11,13,2.0,1.0,180,180,279.2792206135789,3.5482867274019454,0.03601052568735188,0.003891941391941378,0.32226945858688794,5.33485335729722e-05,0.00017395574198186825,0.5068560235063664,1293.7726974487305,0.4977799703996053,5,5,0,11,13,2.0,1.0,5,0,180,180,156,1.5515512256309922,3.5482867274019454,279.2792206135789,0.03601052568735188,45898,19.9904181184669,28.54355400696864,256x256,65536,sparse,Learned,300,5,25,2255,30.593472838676952,0.5871911138401764,28.329768234762945,0.9983107176052115,0.4931439764936337,0.2406512474904411,17,4,0.0,30,2104,30.844622063423216,0.6265968741296837,0.9980461730475682,27.73627638369902,0.22551389164071622,0.4506416584402764,4069,31.29999942398304,0.6742615683807699,0.9987770640426805,30.341770146498035,0.1891154820399249,0.46862745098039216,0.5183361275313558,0.3795067896581802,-0.31857865843335276,-0.055388566758355906,True,0.569726115919881,0.20763035512906236,0.4851190476190476,28.275471255308624,0.9984084857723207,7421
7422.png,0.6012918379330593,0.8901408450704226,0.9418777943368106,0.9272300469483568,0.9569957601453665,0.9990487829057859,27.800845792196736,0.9991439670149761,28.207055000618308,1.0,0.630646094100368,0.3748730566255885,30.127233021471906,0.5214504822982908,2253,5,3,7,12,1.9783783783783784,0.6,185,183,287.17871555019065,3.0090756699845596,0.031545041604449056,-0.0035287898696313436,-0.08773242997957453,-0.00012700275280508322,1.2613023055441097e-05,0.4100327153762269,1096.8496799468994,0.59129937034917,5,3,2,7,12,1.9783783783783784,0.6,5,0,185,183,166,1.5692825986349197,3.0090756699845596,287.17871555019065,0.031545041604449056,46042,20.435863293386596,29.08832667554372,256x256,65536,sparse,Learned,305,5,24,2163,30.42216892861537,0.5766234395226115,27.950360804426275,0.9991313539919207,0.5899672846237731,0.29932721613695235,14,7,0.0,28,2192,30.67499747471748,0.6222616276068883,0.9989480125754788,27.231524569844137,0.20898982231942254,0.5437430786267996,4246,31.218182684258867,0.677528957720568,0.9994258078347928,30.0037879206145,0.19390651395732394,0.5750816104461371,0.2566941961920328,0.33131887796341564,-0.29493590714346496,-0.055172957224320696,True,0.6604044743550609,0.24756784391069675,0.6048206278026906,27.88857822217631,0.999175785658591,7422
7423.png,0.7129909365558912,0.919000430848772,0.9577907498877414,0.9535091640590077,0.9621109607577808,0.998434031360777,27.549336047297185,0.9986714018418873,27.935706747457075,1.0,0.7790900220406218,0.9563266711221082,31.146605903944888,0.5954405812028242,2760,4,5,13,9,2.0093023255813955,1.25,215,216,334.97770542341414,3.371627476049024,0.03830642720835279,0.017503800326452157,-0.4571481932104646,-0.00024361701459185703,-2.616045558567759e-05,0.30037862852334873,1251.3141632080078,0.729085392284352,4,5,-1,13,9,2.0093023255813955,1.25,4,0,215,216,193,1.5508227102935814,3.371627476049024,334.97770542341414,0.03830642720835279,45168,16.36521739130435,23.744927536231884,256x256,65536,sparse,Learned,335,4,31,2713,31.56868771859486,0.6486634131658482,27.987115568463317,0.998697562297473,0.6996213714766513,0.7067314880734377,6,13,0.0,41,2734,31.910418335144385,0.6985683345094487,0.9987549805201942,28.282322793239764,0.4793760447195644,0.6962557846024401,3351,31.897364121024303,0.6795578798432108,0.9991610843837779,30.10274534628504,0.6792659029220616,0.7076663858466723,-0.05140882100624111,0.07235853396718417,-0.42208181464997097,-0.05322283196302402,True,0.7898639287992353,0.7553679416680026,0.695487136229439,28.00648424050765,0.9986776483753689,7423
7424.png,0.6328649969456323,0.9003058103975535,0.9475378178307048,0.9387755102040817,0.9564652371669915,0.9991821557465861,27.82113402728204,0.9992472605803444,28.14473149757633,1.0,0.6911810203119801,0.45326162900760003,30.390294590998582,0.5338310420459548,2184,4,11,20,9,2.0804597701149423,2.75,174,181,280.59292911256364,2.955250123451496,0.04343621781115801,0.013240526927461471,-0.07935226562686282,-9.723871534916828e-05,1.088206552402049e-05,0.37852429514097186,1035.4588031768799,0.635593220338983,4,11,-7,20,9,2.0804597701149423,2.75,4,1,174,181,145,1.550237177417477,2.955250123451496,280.59292911256364,0.04343621781115801,45852,20.994505494505493,30.007326007326007,256x256,65536,sparse,Learned,294,4,25,2162,30.697907959473962,0.5879039007887432,27.961322525539785,0.9992363785148204,0.6214757048590281,0.40547945202980573,9,8,0.0,30,2018,30.88396321728315,0.6241812272427822,0.9990030399445767,27.105237190973842,0.4530146904576581,0.6235083532219571,4276,31.45042505250594,0.6894504184533303,0.9994835111540207,30.233998417933257,0.2550546689562573,0.6410564225690276,0.1834089720365455,0.2857015682821744,-0.3076133684753799,-0.05407285874278844,True,0.7219626995468058,0.3272379892793097,0.6196244700181708,27.9004862929089,0.9992793944619353,7424
7425.png,0.4843073593073593,0.8384491114701131,0.9121265377855887,0.8616491422246818,0.9688861232109521,0.9989605503444583,28.641614354332678,0.9987700108534393,28.849431154728357,1.0,0.7288274649544002,0.34381723122207486,30.64150779132026,0.5530678490284285,2229,4,9,22,12,2.0578034682080926,2.25,173,178,308.4924240491754,3.0611271355193472,0.05817549665224149,-0.019807867030089243,0.2492421829744167,-6.118828421297628e-05,7.398838881000902e-05,0.4656188605108055,1244.013786315918,0.5131105398457584,4,9,-5,22,12,2.0578034682080926,2.25,4,2,173,178,139,1.7331035058942414,3.0611271355193472,308.4924240491754,0.05817549665224149,45477,20.40242261103634,29.401525347689546,256x256,65536,sparse,Learned,293,4,26,2122,31.075500475623706,0.6029418433667065,28.393852662496208,0.9986960224646293,0.5343811394891945,0.34497175561422644,13,8,0.0,32,2224,31.33627344112218,0.6494778952008116,0.9985884003432686,28.11228887822938,0.26525758290014634,0.511011011011011,4091,31.774457269895663,0.6952756657001167,0.9992163051006705,30.937802641717973,0.1987815292677283,0.5449684005833738,0.4555784922321493,0.38385570934017377,-0.43399268430344407,-0.049873994338277994,True,0.6408445586705953,0.2203334018058566,0.5041152263374485,28.39237217135826,0.9990217386286713,7425
7426.png,0.6057242990654206,0.9132981839484475,0.9546846295162278,0.9605668515095502,0.9488740109555691,0.9988560902497424,27.288251201877756,0.999035928240037,27.718516645598825,1.0,0.6988057880877979,0.5578191729612267,30.87924807677154,0.573179411341553,2440,4,3,7,10,1.9893048128342246,0.75,187,186,292.43354954612965,2.8587368006374745,0.03079416601852677,-0.025343662099628017,-0.33435314179766706,-0.00017824648398001575,-9.110561937641926e-06,0.37011494252873567,1093.2683944702148,0.6244047619047619,4,3,1,7,10,1.9893048128342246,0.75,4,0,187,186,170,1.5722233846566092,2.8587368006374745,292.43354954612965,0.03079416601852677,45353,18.587295081967213,26.859016393442623,256x256,65536,sparse,Learned,307,4,28,2400,31.298741709190097,0.6250578487035406,27.594741673027123,0.9990450388019746,0.6298850574712643,0.35079062331485267,10,2,0.0,36,2356,31.545890407868523,0.6690702708657352,0.9989494849059148,27.482488325704068,0.43163985324245946,0.6092753623188406,3811,31.838662810468357,0.6882645401650989,0.9994494361846543,30.48712215888243,0.2936838291647069,0.6296938186019642,0.12377497257170234,0.34801516477294525,-0.41949363241855764,-0.051878437361987606,True,0.7134952031398099,0.3980013041272512,0.6310679611650486,27.622604343675423,0.9990343367337224,7426
7427.png,0.6795475966069745,0.9052437902483901,0.9502655721873491,0.9398280802292264,0.9609375,0.9994568329537642,27.297818622781143,0.9995507883360888,27.637860261717123,1.0,0.5461552047176442,0.6399697121235404,30.880338340318637,0.5585595064065498,1825,4,0,0,8,1.9365079365079365,0.0,126,122,180.50966799187822,2.8386642213851685,0.026447280080207282,0.024070564804854366,0.3163224625558172,-7.33161593235998e-05,3.130968330045114e-05,0.32568402471315094,727.332353591919,0.6948356807511737,4,0,4,0,8,1.9365079365079365,0.0,4,0,126,122,118,1.479587442556378,2.8386642213851685,180.50966799187822,0.026447280080207282,45477,24.91890410958904,35.91013698630137,256x256,65536,sparse,Learned,246,4,23,1801,31.03364510089733,0.5917152601678073,26.95862897417397,0.9995194786527883,0.6743159752868491,0.3122196249249557,7,0,0.625,31,1702,31.299628257144384,0.6281589706365713,0.9994890863257531,26.79142087205318,0.31418190711572613,0.6678383128295254,4866,32.10542508346282,0.7217725447270813,0.9998267103886538,31.640171594958137,0.302323673928969,0.6891651865008881,0.6792312875431534,0.23393557979268853,-0.15330676057869397,-0.033155753761257456,True,0.5595683454940007,0.3581067929792414,0.6554770318021201,26.981496160225326,0.9995301491130878,7427
7428.png,0.6208955223880597,0.8911368015414258,0.9424350483953132,0.9324596774193549,0.952626158599382,0.999442161158203,27.651936169057127,0.9995183536690129,28.1315483477215,1.0,0.4959097704251745,0.5997293079023479,30.172942003804405,0.5146438330640436,1720,4,3,5,8,1.9813084112149533,0.75,107,106,146.08326112068525,3.0731147249168327,0.01853534086146591,0.004139729161678263,0.19464951312644274,-3.850141456285261e-05,5.690682798298319e-05,0.36452762923351156,949.8109817504883,0.6450648055832503,4,3,1,5,8,1.9813084112149533,0.75,4,0,107,106,94,1.3781439728366531,3.0731147249168327,146.08326112068525,0.01853534086146591,45972,26.727906976744187,38.10232558139535,256x256,65536,sparse,Learned,227,4,20,1612,30.36024576910855,0.5472870017970057,27.499907532593355,0.9994614468410299,0.6354723707664884,0.4133537804899683,6,3,0.0,25,1674,30.612863866377516,0.59357230346084,0.9993678190432732,26.870386833974717,0.28187462710056643,0.6014558689717925,5521,31.780128604162073,0.7293424701483358,0.9997409906443727,30.978438383109594,0.16138201666292595,0.6212804328223624,0.6316408151281436,0.08255598993520619,-0.1873037653041436,-0.032643168732962136,True,0.5156754310446374,0.3092656693626453,0.6167557932263814,27.457286655930684,0.9994806625727658,7428
7429.png,0.780814853017019,0.9094898518924849,0.9525998276357368,0.9372526851328434,0.9684579439252337,0.9989074665700002,27.56656663791423,0.9986470089032022,27.794189845230093,1.0,0.7355227387001761,1.0264697584754292,30.91192875154624,0.5865120416990038,2482,4,6,12,9,2.02,1.5,200,202,313.04877323527955,3.0689386177062987,0.03614722572539519,0.042844390892197715,-0.14777409293886024,-0.0001103532650538197,7.010116293948432e-05,0.23655402189433605,1317.2945976257324,0.8186528497409327,4,6,-2,12,9,2.02,1.5,4,1,200,202,179,1.549746402154847,3.0689386177062987,313.04877323527955,0.03614722572539519,45235,18.22522159548751,26.404512489927477,256x256,65536,sparse,Learned,320,4,29,2471,31.454561423308526,0.6382040687771102,27.691042044352766,0.9985769077402628,0.763445978105664,0.6014809589154859,8,12,0.0,41,2482,31.85950632857658,0.6852543743207128,0.9987431196396697,28.05101611195009,0.7433392230464442,0.7693059628543499,3763,32.02718636587726,0.6932264187187709,0.999371440069022,31.081997717698727,0.5399240232840107,0.7740058195926285,0.103147800877327,0.13404177978469023,-0.5426326717622842,-0.051692027078106384,True,0.7823789431347671,0.8030883247958059,0.7379704621248213,27.714340730853092,0.999017819835054,7429
7430.png,0.7062780269058296,0.8608695652173913,0.9252336448598132,0.8979591836734694,0.9542168674698795,0.999585216483085,27.106601870463077,0.9995798740100581,27.2486681893181,1.0,0.3718648948103592,0.9972696991553844,30.669701323379304,0.5419643435132198,1495,3,0,0,6,1.9090909090909092,0.0,66,63,207.2127609625197,3.725293191996488,0.0418414252577407,0.01891185988227506,1.2210040807172717,8.756290901190678e-05,0.00015450422992713264,0.26439232409381663,932.6508045196533,0.7606263982102909,3,0,3,0,6,1.9090909090909092,0.0,4,0,66,63,60,3.2890914438495193,3.725293191996488,207.2127609625197,0.0418414252577407,45681,30.555852842809365,43.83678929765886,256x256,65536,sparse,Learned,186,4,17,1408,30.640764649539513,0.5553308511212662,25.782337895280392,0.999425369780131,0.7356076759061834,0.3873736058155839,6,4,0.0,26,1396,30.93755700742633,0.6012370459892432,0.9994602158702715,26.229393099710506,0.27177328469343787,0.7008547008547008,,,,,,,,1.4663302940377072,-0.015508711005224662,0.028936673839790927,-0.013366507608046474,True,0.42305018961951335,0.4218951353294804,0.6873661670235546,25.885597789745805,0.999497653574073,7430
7431.png,0.6103395061728395,0.849811320754717,0.9188086495308038,0.9275123558484349,0.910266774454325,0.9991900558689274,27.683492969227128,0.9994438775131139,28.41366566804171,1.0,0.4438218746290582,0.5336062902709344,30.490910553086263,0.5343609331032171,1915,5,0,1,11,1.9259259259259258,0.0,135,130,187.12489168102803,2.9474678551709212,0.025968466804140677,-0.028384529435469097,0.10603379351153208,-0.00014050249559249828,6.651460680295873e-05,0.3325705568268498,895.5709934234619,0.6578313253012048,5,0,5,1,11,1.9259259259259258,0.0,6,0,135,130,123,1.4394222437002142,2.9474678551709212,187.12489168102803,0.025968466804140677,45700,23.864229765013054,34.222454308093994,256x256,65536,sparse,Learned,257,6,22,1781,30.66467634268784,0.5714860130447268,27.67155123373225,0.999377362906311,0.6674294431731502,0.28107626656807383,12,5,0.0,27,1688,30.901332588979486,0.6067609983603128,0.9993074336510657,27.265329046546572,0.21112141697298759,0.6295436968290796,4809,31.755557274980394,0.7105717267731795,0.9996861271768243,30.989661264022,0.17113029516747502,0.6529680365296804,0.7421144343094603,0.16274560806098437,-0.1737657896015783,-0.03712507994150971,True,0.5613265533520322,0.29952737976474764,0.6387240356083086,27.577459175715596,0.9993305583645199,7431
7432.png,0.6057385759829969,0.8689581095596133,0.9298850574712644,0.9094997189432266,0.9512051734273956,0.9989772612030959,28.129865053257504,0.9990043322913023,28.4119983403907,1.0,0.6644552672957573,0.506442389085526,30.417532202902553,0.5421525013893492,2386,5,2,5,11,1.97,0.4,200,197,312.66399692442934,2.8382196378707887,0.035733507181940245,-0.030904208049756465,-0.11027706221942424,-0.00011753940292258402,1.2479403720400128e-05,0.3446184941889844,1059.5521926879883,0.6350210970464135,5,2,3,5,11,1.97,0.4,5,1,200,197,184,1.587126887941263,2.8382196378707887,312.66399692442934,0.035733507181940245,45665,19.13872590108969,27.466890192791283,256x256,65536,sparse,Learned,320,5,26,2260,30.865380455644278,0.5989360493738108,28.264143421279144,0.9989918528875819,0.6553815058110156,0.37374647634244407,15,7,0.0,32,2372,31.10387382214171,0.6484649713230867,0.9987394333929379,27.613715947800838,0.24146295105021143,0.6225721784776903,3902,31.453473197282523,0.6757276313748454,0.9993590191391192,30.374017766340202,0.17828662452036714,0.6439737771053958,0.14785491911155546,0.29070879095331326,-0.4478482527417249,-0.05678354798446161,True,0.6827293233862564,0.34576306963448034,0.6366427840327533,28.240142115476928,0.9990948006060185,7432
7433.png,0.7285807717462394,0.8998682476943346,0.9472954230235784,0.9552447552447553,0.9394773039889959,0.9990371733532789,26.10026952479799,0.9993750085042319,26.895260340756536,1.0,0.5228860844789656,0.55973881354069,30.820144082856867,0.5861916534962263,2396,6,0,0,12,1.9329608938547487,0.0,179,173,260.7350647362948,2.6946631929727904,0.02514180883809734,0.004718533123853175,-1.0648762202647397,-0.0003708682216377879,-5.094128743232673e-05,0.2728402734617775,1012.3307704925537,0.7624495289367429,6,0,6,0,12,1.9329608938547487,0.0,6,0,179,173,167,1.5071391025219327,2.6946631929727904,260.7350647362948,0.02514180883809734,45421,18.957011686143574,27.352253756260435,256x256,65536,sparse,Learned,299,6,28,2350,31.410458147115282,0.6326983163764215,27.144293752923705,0.9994259497916642,0.7271597265382225,0.40992167697313475,8,1,0.33333333333333337,37,2380,31.725862163831454,0.6803907042515628,0.9993864640479458,27.352933198118908,0.3873736058155839,0.6924516531503431,3896,32.050633227245115,0.6963694974806133,0.9997275545439037,30.92522089004451,0.27798855305048986,0.720754716981132,-0.24903341216716868,0.11296440750583081,-0.5903140642584148,-0.046506662880195226,True,0.5446398645695487,0.30485607160112127,0.7238622386223862,27.16514574506273,0.9994080415749167,7433
7434.png,0.6313594662218516,0.9074818986323411,0.9514972585407001,0.9353233830845771,0.9682403433476395,0.99939869023861,27.165574592741343,0.9994611594897725,27.477098181367978,1.0,0.6171071140248879,0.4675668239850428,31.0346604124044,0.5723617602715805,2066,4,1,3,9,1.96,0.25,150,147,218.82337649086296,2.766179544130961,0.03829605886323962,0.016159466221851604,0.05960859215277736,-8.000460746160343e-05,4.098877997105177e-05,0.370253164556962,959.4171047210693,0.6476897689768977,4,1,3,3,9,1.96,0.25,4,0,150,147,138,1.4885943978970262,2.766179544130961,218.82337649086296,0.03829605886323962,45354,21.952565343659245,31.721200387221685,256x256,65536,sparse,Learned,270,4,25,1973,31.27720275430957,0.6079058372660678,27.066954922693295,0.9994201707098015,0.629746835443038,0.2606619351104681,10,1,0.0,32,1904,31.483794652247536,0.6466706210296626,0.9993234031077248,26.81939093264665,0.28822967723739024,0.6077654516640254,4212,32.02390605541201,0.7042308308716307,0.9996934661835367,30.47614454711253,0.2542264919086078,0.6304520222045995,0.41014325867468315,0.35644517891441985,-0.2425423419051711,-0.03554407699448736,True,0.6265607730633391,0.29295903069483864,0.6152,27.105966000588566,0.9994786948460717,7434
7435.png,0.6593625498007968,0.8832258064516129,0.9379924631723192,0.9312925170068027,0.9447895100069013,0.9983247360177132,25.85509000916784,0.9988477743569416,27.846242260590166,1.0,0.6109315551227636,0.5292096156638169,30.626305802690506,0.5500120484774753,2078,5,16,30,14,2.1447368421052633,3.2,152,163,276.0365799264596,2.6753936457006553,0.0594917185373642,0.00747206740183981,-2.369359509200912,-0.0006582267079190407,-0.0001998443212936074,0.34520725388601037,1185.4088306427002,0.6600790513833992,5,16,-11,30,14,2.1447368421052633,3.2,5,3,152,163,108,1.6934759504690757,2.6753936457006553,276.0365799264596,0.0594917185373642,45490,21.89124157844081,31.53801732435034,256x256,65536,sparse,Learned,272,5,25,2016,31.013155969436124,0.595762617183219,28.27485882953034,0.9990476186782352,0.6547927461139896,0.5461552047176442,6,2,0.7333333333333334,31,1990,31.20890005057734,0.6350943339050251,0.9988878154449471,27.878832082509348,0.26312229245308727,0.6476251604621309,4161,31.72072010587172,0.6949581076469086,0.9994605614255938,30.86719139704945,0.198669238530921,0.657051282051282,-0.42861656894017486,0.06477635040511942,-0.38685016674561723,-0.04575056870574368,True,0.6171071140248879,0.32657901863651817,0.651890482398957,28.22444951836875,0.9989829627256323,7435
7436.png,0.712896953985742,0.8850574712643678,0.9390243902439024,0.9215425531914894,0.9571823204419889,0.998713569739658,28.646937045898994,0.9987633432483752,28.9631857691281,1.0,0.6412035345940483,0.8867284455467712,30.373341634209503,0.5246720993693446,1924,4,4,9,10,2.0,1.0,152,152,224.19595949289354,3.227056926802585,0.03029249656300872,0.03144785966968955,0.17015166683959393,7.54827367159816e-05,0.00015066637962524165,0.3141104294478527,1381.6232681274414,0.7169211195928753,4,4,0,9,10,2.0,1.0,4,0,152,152,133,1.4749734177164036,3.227056926802585,224.19595949289354,0.03029249656300872,45787,23.79781704781705,34.062370062370064,256x256,65536,sparse,Learned,272,4,23,1917,30.59165644126681,0.5712286444392856,28.565083655539098,0.99861267686875,0.6858895705521473,0.4434509655895351,10,10,0.0,27,1742,30.808563541295847,0.6032041097668654,0.998178080506746,27.544136018452964,0.05459964865887612,0.6255630630630631,4879,31.66433141548348,0.7118482523888462,0.9992274506358642,30.853963697278814,0.030199066582914158,0.3969558599695586,0.39810211358900105,0.1977525690045132,-0.21831480705730755,-0.046556545069941,True,0.6552721452327799,0.581048450752361,0.6814490943160525,28.4767853790594,0.998638087002942,7436
7437.png,0.6511266511266511,0.8214004720692368,0.9019438444924407,0.9271758436944938,0.8780487804878049,0.9991946091035917,27.289732840431157,0.9994764973093386,27.99247026494841,1.0,0.5247907283138555,0.7692258099461556,30.310179020070073,0.531728054005589,1896,5,2,6,12,1.955223880597015,0.4,134,131,221.10764773832489,2.6157590035182325,0.03663292492236545,-0.005547153298759322,-0.42355920458807006,-0.00021914228160269111,6.5443053538505325e-06,0.31994047619047616,835.6282711029053,0.6887796887796888,5,2,3,6,12,1.955223880597015,0.4,5,0,134,131,116,1.6878446392238533,2.6157590035182325,221.10764773832489,0.03663292492236545,45736,24.122362869198312,34.565400843881854,256x256,65536,sparse,Learned,254,5,22,1813,30.651268204820813,0.57297084205417,27.592891344008624,0.9994699530039848,0.6800595238095238,0.365904405254568,9,1,0.09999999999999998,27,1750,30.87886835829454,0.6099282722302296,0.9993733706895879,26.950530514752845,0.2300491300490617,0.6659308314937454,4854,31.752376606400055,0.7120768138275305,0.9997589645128526,31.325870545090453,0.19372736216651942,0.6644736842105263,0.39957892093978487,0.15888632305928752,-0.34108918475073935,-0.04124278804858106,True,0.5524647618955876,0.42497015393584336,0.6566738044254105,27.713292045019227,0.9994137513851944,7437
7438.png,0.6212746446584135,0.8987226277372263,0.9466602594906295,0.9448441247002398,0.9484833895040924,0.9982586950484665,27.838026216724906,0.9985124354808204,28.359859134977118,1.0,0.5865973962327706,0.5282495875316345,30.8063862222348,0.5803654318136948,2535,6,2,5,13,1.9597989949748744,0.3333333333333333,199,195,298.17871555019065,3.211737496169967,0.03914945146770264,-0.006930483546714661,-0.6954068024473372,-0.00029903834984201794,-4.883482223549951e-05,0.38151759220008474,1237.9846572875977,0.6271808999081726,6,2,4,5,13,1.9597989949748744,0.3333333333333333,6,0,199,195,181,1.529121618206104,3.211737496169967,298.17871555019065,0.03914945146770264,45245,17.848126232741617,25.852465483234713,256x256,65536,sparse,Learned,319,6,29,2488,31.390016637174092,0.6343790807979858,28.530855225394944,0.9985612703030559,0.6184824077999153,0.31533357450713895,17,7,0.0,39,2442,31.704098998933766,0.6760549924834639,0.9985221860407912,28.342487268234358,0.365098693044295,0.618925831202046,3654,31.931113907997762,0.6916803216778117,0.9990537953294936,30.8005061087591,0.3644937371043776,0.5968697123519459,-0.1709960904178267,0.2712638217256317,-0.583630414939293,-0.05401364898429095,True,0.6145459671144078,0.32463365364741537,0.6282051282051282,28.533433019172243,0.9985577333983086,7438
7439.png,0.7815899581589958,0.9087866108786611,0.952213941253836,0.9443478260869566,0.9602122015915119,0.9994696933700274,27.127742852740337,0.9995544018181065,27.529059795864683,1.0,0.6753475326416503,0.8544032818065985,30.482326911553965,0.5424063233293096,2166,4,3,7,9,1.9883040935672514,0.75,171,170,250.72287142747476,2.305566178427802,0.03817236313983463,0.005202155187924662,0.03494621795772801,-8.033533690354755e-05,1.1398659979788839e-05,0.20735524256651017,839.9960994720459,0.817258883248731,4,3,1,7,9,1.9883040935672514,0.75,4,0,171,170,155,1.474840420161615,2.305566178427802,250.72287142747476,0.03817236313983463,45797,21.143582640812557,30.25669436749769,256x256,65536,sparse,Learned,291,4,24,2006,30.79869817850173,0.5883376903875212,27.148279998537657,0.9995430031581267,0.7926447574334898,0.6911810203119801,4,1,0.5,29,2062,31.002267144667538,0.6320727951736446,0.9994485322453114,26.605420964837183,0.6155724752496214,0.7597503900156006,4308,31.594402603880063,0.6919389356540815,0.9997739954789118,30.722098609967734,0.6521555910829127,0.7640625,0.38077979732702616,-0.015833487670329882,-0.3163712669477654,-0.04593136705821155,True,0.6849424630965867,0.5852170883184187,0.7763878029710711,27.09279663478261,0.999550028706931,7439
7440.png,0.759493670886076,0.8918073796122576,0.9428099173553718,0.9381578947368421,0.9475083056478405,0.9990347971250746,27.741713867379175,0.9992177536553718,28.220264487738092,1.0,0.6321205588285577,0.8186312967090347,31.046320421162182,0.5797490045318924,2355,5,1,3,11,1.9581151832460733,0.2,191,187,286.5929291125637,2.585775822245014,0.030701506250431998,0.042949345646098536,-0.2238925608397686,-0.00018122323634939264,2.6641182776621086e-05,0.27010192525481314,1027.294635772705,0.797427652733119,5,1,4,3,11,1.9581151832460733,0.2,5,0,191,187,177,1.5325825086233338,2.585775822245014,286.5929291125637,0.030701506250431998,45167,19.1791932059448,27.828450106157113,256x256,65536,sparse,Learned,311,5,27,2152,31.436213464718872,0.6241543178465625,27.896058817437243,0.9991911124725952,0.7298980747451869,0.6308922479772252,6,8,0.0,35,2108,31.621001819843457,0.663602691688999,0.9990503166940063,27.487972872384038,0.37215034588710405,0.7349884526558892,3825,32.00512171389272,0.6968085862730153,0.9995240539754118,30.51182182981369,0.45018961689092585,0.7408483439860546,0.3242056703008487,0.0012283108513324592,-0.38989304355668963,-0.044405313314670125,True,0.6437063398138412,0.5269581556616313,0.7165443252399775,27.965606428218944,0.999216020361424,7440
7441.png,0.7123169681309216,0.8933107535986452,0.9436493738819322,0.9295154185022027,0.9582198001816531,0.999478550447456,27.729989160543255,0.9995232437748803,28.041674063182768,1.0,0.5630777424255589,0.6680885887501395,30.38816216685071,0.5317057935925626,1995,5,5,11,12,2.0,1.0,148,148,243.52186130069802,2.4008159927419714,0.037867220003642614,-0.007683031869078372,0.14613693060379518,-3.7518541693204455e-05,3.695825986604895e-05,0.26961926961926963,800.6165027618408,0.7341337907375644,5,5,0,11,12,2.0,1.0,5,0,148,148,125,1.6454179817614722,2.4008159927419714,243.52186130069802,0.037867220003642614,45784,22.94937343358396,32.85012531328321,256x256,65536,sparse,Learned,268,5,22,1781,30.631809055388963,0.5692860982330481,27.545841025403817,0.9994862855150143,0.7303807303807304,0.4950689195281103,6,2,0.0,29,1898,30.888137438899083,0.6184659994766767,0.9993724936490386,26.886048635835902,0.2786758556610579,0.6954510408635313,4535,31.569538970973063,0.6988326733946716,0.9997331591866527,30.606765096375668,0.15197781743606853,0.700920245398773,0.4958330377789508,0.06800882289744858,-0.24364688853825456,-0.03758030464048545,True,0.5682894765709203,0.37966771440382163,0.72,27.58385222993946,0.9995160689891492,7441
7442.png,0.6049552649690296,0.8994601889338731,0.9470692717584368,0.9453900709219858,0.9487544483985765,0.9988682950918061,28.24671728776133,0.9989966571078385,28.59275967805411,1.0,0.6093721646414789,0.46417895951714705,31.211348809712494,0.5724177385057218,1876,4,4,8,9,2.0,1.0,130,130,217.1370849898478,3.3734511265387903,0.06448952868424387,-0.003975722852350594,0.1433066652878523,3.064925544471464e-07,0.00011812308375114267,0.3778080326752893,1268.5120105743408,0.6061855670103092,4,4,0,8,9,2.0,1.0,4,0,130,130,113,1.670285269152674,3.3734511265387903,217.1370849898478,0.06448952868424387,45042,24.00959488272921,34.933901918976545,256x256,65536,sparse,Learned,250,4,24,1863,31.291557042203003,0.6045206743237515,28.126493604251756,0.9988785340240873,0.6221919673247107,0.28952262932978035,11,3,0.0,31,1640,31.5390319254781,0.6339347387473455,0.9987251058987753,27.804415998107856,0.2924875128934983,0.5941136208076659,4734,32.347994610249515,0.727665273722014,0.9994477203819648,31.38147595741068,0.19490902860146486,0.5950920245398773,0.4662660738023554,0.3198495353116986,-0.08020823249050935,-0.0321029358180297,True,0.6132589765454988,0.2846619136474401,0.6089309878213802,28.10341062247348,0.9988679885992516,7442
7443.png,0.5667337357478203,0.8229376257545271,0.9028697571743929,0.8865606936416185,0.9197901049475262,0.9990780730397311,28.76258735860052,0.999228223165674,29.01379757384655,1.0,0.599883690343695,0.6965726269312249,31.23274579520504,0.5804053343228109,1982,5,9,15,11,2.049689440993789,1.8,161,165,266.17871555019053,2.6496845683696106,0.0383015236636837,0.01712459563958213,-0.02349673486435222,-0.00013645083091795573,5.591866264698098e-06,0.38636363636363635,930.4914474487305,0.6187245590230664,5,9,-4,15,11,2.049689440993789,1.8,5,0,161,165,135,1.6132043366678197,2.6496845683696106,266.17871555019053,0.0383015236636837,44858,22.632694248234106,33.06559031281534,256x256,65536,sparse,Learned,281,5,25,1864,31.50808574897323,0.614902459996198,28.758829059581046,0.9992226312994092,0.6136363636363636,0.4428941381878261,8,2,0.0,34,1904,31.775001678925513,0.6540871276188838,0.9990833550574728,28.20872380165385,0.1364182099584359,0.5834333733493398,4621,32.47199373406329,0.7303321900197443,0.9995456242457245,31.63445880539694,0.0810570620386869,0.5558690744920993,0.25496851426550293,0.15698955215586896,-0.27533995376818865,-0.03449712567338703,True,0.6155724752496214,0.42879093615118524,0.5496091401082381,28.786084093464872,0.999214523870649,7443
7444.png,0.5923852183650616,0.9168564920273349,0.9566250742721331,0.9787234042553191,0.9355026147588611,0.9986496705453299,27.290915243756473,0.9990174209680807,27.821193499129716,1.0,0.5734390436549086,0.8093586383287167,30.95151108718791,0.5788309974198831,2264,5,1,3,11,1.952662721893491,0.2,169,165,252.90663761154846,3.084893435416137,0.03971328090549036,-0.010436268341395216,-0.5085023672439668,-0.0002741123859130168,-3.1595431872366575e-05,0.3804164321890827,1135.3421211242676,0.6206088992974239,5,1,4,3,11,1.952662721893491,0.2,5,0,169,165,155,1.532767500676049,3.084893435416137,252.90663761154846,0.03971328090549036,45281,20.000441696113075,28.946996466431095,256x256,65536,sparse,Learned,289,5,26,2096,31.342716107882023,0.6184127383974184,27.755666761113122,0.999049016399953,0.6195835678109173,0.46339874382296664,8,4,0.0,35,2066,31.560609131905323,0.6584215491574235,0.9989465320678644,27.660245694862553,0.4890219125643831,0.6018099547511312,3868,31.95801654990554,0.6940487793809142,0.9994424585717677,30.661245498843854,0.29354798607043664,0.6114253393665159,0.06552673801659381,0.11004029983194197,-0.39120502069411245,-0.03958174097753531,True,0.6078065241064949,0.49193346071814303,0.6028214867064569,27.79941761100044,0.998923782931243,7444
7445.png,0.6785508913168488,0.9097574732092498,0.9527466036621381,0.9416228838295388,0.9641362821279139,0.9991493672252074,27.6292796032956,0.9991999153394208,28.087043396354716,1.0,0.5740074125998693,0.6348537336493227,30.3382747433572,0.5376436069212788,2394,6,4,7,12,1.9787234042553192,0.6666666666666666,188,186,293.3502884254444,2.9350337195903697,0.04496665968264339,0.0029506679779319755,-0.003460629330881204,-5.010989734677285e-05,5.504995837724014e-05,0.3472826086956522,1140.458345413208,0.672696438665913,6,4,2,7,12,1.9787234042553192,0.6666666666666666,6,1,188,186,169,1.5771520883088392,2.9350337195903697,293.3502884254444,0.04496665968264339,45938,19.188805346700082,27.375104427736005,256x256,65536,sparse,Learned,308,6,25,2211,30.667090335939907,0.5909921286873917,27.6956094649308,0.9991448653810435,0.6527173913043478,0.3570360789537026,12,5,0.0,30,2256,30.878988139334037,0.6369999577393062,0.9989479834179694,26.97616551430975,0.30553629905765545,0.6125202374527793,3852,31.23237403312368,0.6664825707730676,0.9994459253391488,29.90119583061421,0.3288415300010088,0.6517094017094017,0.391433931423915,0.21697133364616672,-0.328815592582707,-0.05334852176611293,True,0.597475775966364,0.3793097271372725,0.6756002233389168,27.63274023262648,0.9991994771225542,7445
7446.png,0.7293650793650793,0.8946098149637972,0.9443736730360934,0.9328859060402684,0.9561478933791917,0.999336030872182,27.337687086773418,0.9994860661958622,27.805607781434162,1.0,0.5700128695807603,0.7233431347622536,30.983642036048348,0.5783789018047742,2054,5,5,10,11,2.0,1.0,150,150,249.59292911256367,2.4565091228485105,0.04478371751428211,0.05162656346401928,-0.24969366506445567,-0.00018442290248854576,-2.009743765862826e-05,0.29332386363636365,789.6890640258789,0.7734939759036145,5,5,0,10,11,2.0,1.0,5,1,150,150,129,1.6639528607504224,2.4565091228485105,249.59292911256367,0.04478371751428211,45109,21.96153846153846,31.906523855890946,256x256,65536,sparse,Learned,270,5,26,2021,31.407733153859468,0.6193253958125388,27.57378861260763,0.9995061636335208,0.7066761363636364,0.4128647048871784,8,1,0.7,34,1948,31.62835581979602,0.6570205855019963,0.9994182772857637,27.32692395176864,0.598280019902414,0.684503127171647,4415,32.26050453096407,0.7179128939699193,0.9997595471206348,31.36425104621609,0.46097859692364296,0.6840659340659341,0.23181916882653297,0.15714816469358184,-0.42409111781111974,-0.04094649400776451,True,0.5768379176822511,0.41725174762601036,0.67773851590106,27.587380751837873,0.9995204537746706,7446
7447.png,0.7626984126984127,0.9032513877874703,0.9491666666666666,0.966893039049236,0.9320785597381342,0.9992856149807879,26.475435969759427,0.9995205653457241,27.34368898279083,1.0,0.6518075726938024,0.6738971813427268,30.23101293139922,0.5248489917290461,2001,4,5,10,9,2.0128205128205128,1.25,156,157,244.30865786510174,2.582552880812914,0.029501170057388768,-0.008058383774768862,-0.5063489964895247,-0.00019552438887193713,1.6721171128830647e-06,0.22372372372372373,875.0786781311035,0.8141666666666667,4,5,-1,10,9,2.0128205128205128,1.25,4,1,156,157,137,1.5561061010516015,2.582552880812914,244.30865786510174,0.029501170057388768,46000,22.988505747126435,32.751624187906046,256x256,65536,sparse,Learned,276,4,23,1965,30.50075889664398,0.5719516678146961,27.0476578405761,0.9995188932286112,0.7762762762762763,0.4574247922770118,7,1,0.625,28,1994,30.722211856562836,0.619094714731164,0.9994301070294479,26.607426900628685,0.4122352942326326,0.7543461829176115,4715,31.483731548811683,0.7005992688414744,0.9997915005780716,31.070816837053258,0.42369088895439,0.7633996937212864,0.2960311422147299,0.19438278041679058,-0.26974596524475913,-0.04710267608565,True,0.6483081806219331,0.4368930555625521,0.7707567964731815,26.981784966248952,0.9994811393696599,7447
7448.png,0.7290480065093572,0.8948635634028892,0.9445150360016942,0.9449152542372882,0.9441151566469094,0.9992935084822027,27.880761361375598,0.9994392659334189,28.420850686866142,1.0,0.6604044743550609,0.7404888122901797,31.113815043491357,0.5688231347464994,2004,4,1,3,9,1.9636363636363636,0.25,165,162,247.86500705120568,2.451652557922132,0.03423228322748667,0.018604968534673638,-0.19228913041163764,-0.000133837453057839,6.271414369374284e-06,0.2849206349206349,875.3397464752197,0.7597348798674399,4,1,3,3,9,1.9636363636363636,0.25,4,0,165,162,153,1.5300309077234906,2.451652557922132,247.86500705120568,0.03423228322748667,45212,22.560878243512974,32.70259481037924,256x256,65536,sparse,Learned,285,4,25,1879,31.30210330213035,0.6048569541447673,28.06393184616997,0.9994329945190495,0.7150793650793651,0.4916914666578055,6,0,0.75,32,1866,31.494643416676993,0.6423524977299899,0.9993412527808581,27.769591787581692,0.3350211211775981,0.7169517884914464,4531,32.2104948553764,0.7204025277719789,0.9996724328325165,31.096651036878228,0.19871489710254298,0.6946386946386947,0.35691884069617075,0.1687130076972554,-0.18828825863899468,-0.036033819398267886,True,0.6865138191173947,0.5083558025390349,0.7104430379746836,28.073050491787235,0.9994273459352605,7448
7449.png,0.6120871398453971,0.8755916159567275,0.9336697909156452,0.9289813486370158,0.9384057971014492,0.9992400274514998,27.35753574498807,0.9993929012357456,27.916528395271378,1.0,0.5885221138828294,0.33125607826943526,30.17808179545234,0.5215951997188744,2077,5,1,3,11,1.9518072289156627,0.2,166,162,260.24978336205606,2.5989016739718886,0.0473950097381811,0.006376738757701617,0.1981730491811149,-4.882499849434563e-05,9.668660751782632e-05,0.398921832884097,926.5127182006836,0.6173791170287316,5,1,4,3,11,1.9518072289156627,0.2,5,0,166,162,152,1.6064801442102206,2.5989016739718886,260.24978336205606,0.0473950097381811,46071,22.181511795859414,31.553201733269137,256x256,65536,sparse,Learned,286,5,23,2008,30.40402631577344,0.5694525098012204,27.215496469817925,0.9992962146282278,0.601078167115903,0.29978205077457054,11,3,0.0,27,1892,30.63061990540944,0.6108309077262581,0.9992076566269107,26.874917594076035,0.2154670188150385,0.6029709655638082,4514,31.34603411772683,0.691080392760535,0.9996411872480314,30.362604098715245,0.18806365384936496,0.6024177300201478,0.7010319254534529,0.28874006310825884,-0.22594452032110013,-0.04785731008234606,True,0.6942538205012883,0.22997579790282918,0.6057104010876955,27.159362695806955,0.9992888524499941,7449
7450.png,0.6889250814332247,0.8596352101506741,0.9245202558635395,0.9202037351443124,0.9288774635818338,0.9993024235322883,27.37237386914584,0.9993842265166556,27.903427988337054,1.0,0.5595683454940007,0.546056548251075,30.4926983543993,0.5348804251711645,1833,4,1,4,8,1.9508196721311475,0.25,122,119,180.16652224137053,3.0414342831392758,0.037641442624016475,-0.005628983286585898,0.11236149882851265,-0.00010086881468551745,7.375794504538291e-05,0.3074509803921569,975.2788543701172,0.7090163934426229,4,1,3,4,8,1.9508196721311475,0.25,4,0,122,119,110,1.5140043885829453,3.0414342831392758,180.16652224137053,0.037641442624016475,45725,24.94544462629569,35.753409710856516,256x256,65536,sparse,Learned,242,4,22,1793,30.65596647992223,0.5723800553166214,27.264365650369445,0.9993104685716102,0.6925490196078431,0.28822967723739024,9,1,0.0,28,1694,30.88822621591671,0.6109413547679118,0.9992556721356388,27.063833772299752,0.33540100056105016,0.6677240285487708,4828,31.75061328553891,0.7106142713229823,0.999690260073883,31.23999247856906,0.21424568449722525,0.6849960722702279,0.6390623379676086,0.27133866825661046,-0.16326812552292935,-0.037499630145456875,True,0.5789484473726789,0.31613859078764417,0.6945540647198106,27.260012370317327,0.9994032923469738,7450
7451.png,0.6982968369829684,0.89344909234412,0.9437265527303043,0.93476465730801,0.9528619528619529,0.9993997543391041,26.663436470201344,0.9995281814030356,27.12843261974102,1.0,0.5717293827873404,0.6604440088889872,30.22299990093693,0.5268149919671171,2161,5,2,4,11,1.9636363636363636,0.4,165,162,244.6223663640864,2.4820434989351217,0.03302031811817331,-0.013051220899742977,-0.3597983807357643,-0.00011656673697679754,9.310265683404317e-06,0.2711348057882711,790.5700206756592,0.7239413680781759,5,2,3,4,11,1.9636363636363636,0.4,5,0,165,162,150,1.5100146071857172,2.4820434989351217,244.6223663640864,0.03302031811817331,46083,21.32484960666358,30.326700601573346,256x256,65536,sparse,Learned,285,5,24,2124,30.515982606281643,0.5789870692174411,26.98145027839931,0.9995188711373522,0.7288651942117289,0.5434239503766853,5,1,0.5,28,2014,30.734281640854068,0.6189113136318092,0.999423180915136,26.385819218886173,0.39498377310685673,0.7084927314460597,4371,31.328972492679632,0.683705459598369,0.9997595747726753,30.454496534015966,0.42160601062199166,0.709480122324159,0.14698234134170818,0.028305432410655085,-0.2929827053447127,-0.05217207725032402,True,0.5818855165060807,0.38430280323571486,0.7113480578827114,27.023234850937108,0.9995163210760809,7451
7452.png,0.5844380403458214,0.8939745075318656,0.9440195778525544,0.9368548876745598,0.9512946979038225,0.9991529817201595,27.611243716242278,0.9992854631536773,28.038110538743926,1.0,0.7394602921400244,0.49692732728399236,30.53429067312688,0.5492081440293244,2309,4,9,16,10,2.051282051282051,2.25,195,200,314.6639969244292,2.7668580691019695,0.031136843891318832,-0.035619266244436565,-0.1610446820126228,-0.00012942780935465414,2.2860346180264557e-05,0.36091954022988504,985.6622219085693,0.6053240740740741,4,9,-5,16,10,2.051282051282051,2.25,4,1,195,200,169,1.5733199846221442,2.7668580691019695,314.6639969244292,0.031136843891318832,45685,19.785621481160675,28.382849718492853,256x256,65536,sparse,Learned,315,4,25,2174,30.835603415575875,0.5974206107706004,27.746221090487346,0.999262602807497,0.639080459770115,0.26115466289288447,15,2,0.0,32,2198,31.113997215155848,0.6466087873168371,0.9991432006465406,27.35753279526577,0.29531191028128656,0.5838183934807916,4128,31.56305493803415,0.6895125513143313,0.9995710804935265,30.59343394862197,0.20148378124062305,0.6233313987231572,0.2918894482565797,0.47830562924713993,-0.30131274244899586,-0.048212466741275994,True,0.7546329435470737,0.3749977317172992,0.6200573065902579,27.7722883982549,0.9992824095295142,7452
7453.png,0.7021943573667712,0.8760520275439939,0.9339314845024469,0.9219001610305958,0.9462809917355371,0.9992556593990618,27.86374207078452,0.9993359612735837,28.243093888303,1.0,0.5484187650774077,0.7562179784512466,31.142131474407947,0.5761150743893757,1789,4,1,3,9,1.95,0.25,120,117,182.50966799187816,3.272260222832362,0.04665135758307398,0.008645970269996917,0.025904006743925123,-0.00013631427851878986,4.821918356490151e-06,0.29051094890510953,1059.281587600708,0.7178487918939984,4,1,3,3,9,1.95,0.25,4,0,120,117,108,1.5599116922382743,3.272260222832362,182.50966799187816,0.04665135758307398,45048,25.180547792062605,36.6327557294578,256x256,65536,sparse,Learned,240,4,23,1762,31.350549236597033,0.607218806394111,27.816556330372816,0.9993311393552272,0.7094890510948905,0.4620555624053255,6,5,0.0,32,1738,31.59761978333677,0.6438436288393498,0.9992909887125131,27.732768257698112,0.49135248131968623,0.7002237136465325,5261,32.62990539523403,0.7469949063841329,0.9996992579083132,32.025796370173786,0.29012520294054533,0.6891002194586686,0.42653755793018533,0.0863632026720822,-0.20841776218908592,-0.031103732004735263,True,0.5893442472476544,0.4456727152654929,0.6935483870967742,27.837838064040596,0.9993919736775806,7453
7455.png,0.703030303030303,0.8862704918032787,0.9397066811515481,0.9489851892484915,0.9306078536847767,0.9989147084363958,27.43231752756558,0.9991989777105799,28.049322021547223,1.0,0.6284233089779543,0.6282946011216252,30.237025224351765,0.5403027446366743,2552,6,6,9,14,2.0,1.0,220,220,345.3624817342643,2.736236815019087,0.03271163354274169,0.023372508353496912,-0.7544933029084042,-0.0003062654933900788,-6.638335792197303e-05,0.3101449275362319,907.8583717346191,0.716932578486876,6,6,0,9,14,2.0,1.0,6,0,220,220,197,1.569829462428472,2.736236815019087,345.3624817342643,0.03271163354274169,45809,17.95023510971787,25.68025078369906,256x256,65536,sparse,Learned,340,6,27,2506,30.728145540618044,0.6053790919630218,28.17418697004352,0.9992653610685018,0.6898550724637681,0.452185296667179,11,3,0.0,31,2324,30.95387286681257,0.6440648087056218,0.9990835758929923,27.347516255906406,0.25564566085784945,0.659462055715658,3652,31.242360874625355,0.6636828728576502,0.9994688896566951,29.883766575607673,0.26495685951660186,0.6786916786916787,-0.12486494849629892,0.1762380123107753,-0.4911203162662794,-0.06507634732634748,True,0.6453651699472635,0.40547945202980573,0.6796577946768061,28.186810830473984,0.9992209739297859,7455
7456.png,0.4989669421487603,0.8253968253968254,0.9043478260869566,0.8757894736842106,0.9348314606741573,0.9993660819050775,27.950442007412168,0.9994483303799332,28.482673027815068,1.0,0.5108078882036684,0.5549313410362322,31.35645117941153,0.5780849731799012,1608,4,0,0,8,1.9285714285714286,0.0,112,108,160.539105243401,2.883324933903558,0.042282520190914726,-0.002490783798761609,0.13617355457661517,-6.60516678194778e-05,8.076322095706967e-05,0.4477756286266924,1072.7837085723877,0.5529290853031861,4,0,4,0,8,1.9285714285714286,0.0,4,0,112,108,104,1.486473196698157,2.883324933903558,160.539105243401,0.042282520190914726,44847,27.88992537313433,40.756218905472636,256x256,65536,sparse,Learned,232,4,21,1603,31.36951722600103,0.5976688218751515,27.792758122992186,0.9993675671589761,0.5522243713733076,0.4078527843925187,5,1,0.375,32,1446,31.709626260056748,0.6324252848066481,0.9993490220215066,27.775874265323175,0.34295318018494325,0.5799614643545279,5867,33.0089777517932,0.7645311560069075,0.9997542858761883,32.789606957496524,0.2933874105480163,0.558766859344894,0.6899149048228814,0.1029551038111497,-0.013066046589500502,-0.019583848695250317,True,0.5083558025390349,0.2821025672265367,0.5014577259475219,27.814268452835552,0.999432133572897,7456
7457.png,0.635743519781719,0.8874309392265194,0.9403585803146726,0.9676204819277109,0.9145907473309609,0.9989898426094728,26.85562147245214,0.999312238840448,27.811077371821074,1.0,0.5831379803214916,0.8895556450392486,30.872560497453847,0.5663132389666911,1890,4,3,5,7,1.9844961240310077,0.75,129,128,197.65180361560917,3.183990199436513,0.04192877342988127,0.010181541618584755,-0.6753593897268608,-0.00022339770827839445,3.030312614782371e-05,0.3530201342281879,917.5825119018555,0.6770231213872833,4,3,1,5,7,1.9844961240310077,0.75,4,0,129,128,117,1.5441547157469455,3.183990199436513,197.65180361560917,0.04192877342988127,45282,23.95873015873016,34.67513227513228,256x256,65536,sparse,Learned,249,4,23,1803,31.141751715493832,0.5978795987197266,27.50574831701455,0.9992819357143001,0.6469798657718121,0.3986459573183786,7,3,0.0,33,1870,31.45264581521824,0.6415281829170175,0.9992677968087087,27.531567047692633,0.5156754310446374,0.6361185983827493,4991,32.30813938977248,0.7331258584624556,0.9996564414544022,31.343467582289932,0.313397666957699,0.6426666666666667,0.30532905480652417,0.18449202300311296,-0.26919121803998536,-0.03156635975303557,True,0.6265607730633391,0.5573606726386489,0.6255619781631342,27.530980862179,0.9992132403177512,7457
7458.png,0.647955647955648,0.8533241946538725,0.9208579881656805,0.9054545454545454,0.9367945823927766,0.9993509098807838,28.342432795562903,0.9993655905116943,28.579858162836743,1.0,0.7446193240119223,0.6444764624701356,31.175893907982164,0.575899388936163,2179,4,11,17,9,2.071794871794872,2.75,195,202,318.42135623730996,2.321264758476844,0.03246879576477783,0.00045393679890604055,0.14895972298740645,7.3605367053586335e-06,6.019852538396986e-05,0.3301565690946222,910.6814861297607,0.6694214876033058,4,11,-7,17,9,2.071794871794872,2.75,4,2,195,202,169,1.576343347709453,2.321264758476844,318.42135623730996,0.03246879576477783,45093,20.69435520881138,30.076181734740707,256x256,65536,sparse,Learned,315,4,27,2178,31.391851455244936,0.6191314495082729,28.17276107480472,0.9993053919863103,0.6698434309053778,0.4681685012207898,7,1,0.375,36,2050,31.67907823046177,0.6576160337946305,0.9992551613922739,27.94168136643041,0.3879302858264987,0.6644159351789332,4135,32.114032364106016,0.70497540699786,0.9996261913892075,31.371421243116643,0.27895867241663386,0.6566961250849762,0.4070970880320246,0.27645082279113253,-0.2159575472627715,-0.04323206057210993,True,0.7496762002083039,0.4831486655083008,0.6475017111567419,28.193473072575497,0.9993435493440784,7458
7459.png,0.6368118323746919,0.8903225806451613,0.9419795221843004,0.934801016088061,0.9492691315563199,0.9993524855080473,27.970748314946896,0.9994773759933887,28.326027823994146,1.0,0.6518075726938024,0.6062889500790534,30.926940602388182,0.5639582936035372,2055,4,1,3,9,1.9636363636363636,0.25,165,162,249.42135623730988,2.4135619900443337,0.035764448562844414,0.004687480043085612,0.10106328677991172,-8.937350796678345e-05,1.6220656288368218e-05,0.3435171385991058,807.8591823577881,0.6680497925311203,4,1,3,3,9,1.9636363636363636,0.25,4,0,165,162,153,1.5396380014648736,2.4135619900443337,249.42135623730988,0.035764448562844414,45336,22.061313868613137,31.890997566909977,256x256,65536,sparse,Learned,285,4,25,1981,31.147635881326732,0.6022474716850981,27.92167826423868,0.9994611553371003,0.6564828614008942,0.4238738151902911,7,0,0.625,33,1948,31.429930987011158,0.6448572460282616,0.9993850363896823,27.55099446066295,0.37767058124129305,0.6063912704598597,4280,31.958562065699937,0.7024668607689338,0.999719034996467,31.154067149588286,0.2203334018058566,0.6189024390243902,0.4043495597554667,0.2279337575035113,-0.22069527893854968,-0.03828917808156085,True,0.668789117758019,0.40547945202980573,0.6321243523316062,27.869685028166984,0.9994418590160141,7459
7460.png,0.7146724417975094,0.9008620689655172,0.9478458049886621,0.9314763231197771,0.964800923254472,0.9987414319241114,27.953206016147846,0.9987754533037524,28.278926073872714,1.0,0.538527739144044,0.8161770622800251,31.309023269175988,0.5968725461327182,2296,5,4,8,11,1.9884393063583814,0.8,173,172,263.00714267493674,3.2585595274247185,0.03359071188853172,0.018495379423263958,-0.43739717337372497,-0.00016717170263047532,8.910847638432529e-06,0.3025210084033614,1226.0546684265137,0.7175531914893617,5,4,1,8,11,1.9884393063583814,0.8,6,0,173,172,154,1.5291112946217233,3.2585595274247185,263.00714267493674,0.03359071188853172,44854,19.535714285714285,28.54355400696864,256x256,65536,sparse,Learned,295,6,28,2233,31.69866013629648,0.6378987310327255,28.429226276976,0.998766542456114,0.6974789915966386,0.5228860844789656,9,6,0.0,38,2160,31.995044343741657,0.6775058698416322,0.9986097655043923,28.135499914632703,0.41627969071630877,0.6919664859536717,3860,32.29429330868709,0.7077124594342046,0.9993423508140309,31.231806433065607,0.39560626347423433,0.6752475247524753,-0.15030020310328496,0.015641654665078386,-0.3896368671204904,-0.04102618490000731,True,0.6261871470545335,0.5110795861204792,0.6961770623742455,28.39060318952157,0.9989086036267418,7460
7461.png,0.7439024390243902,0.9012707722385142,0.9480719794344472,0.9456410256410256,0.9505154639175257,0.9986400748792525,28.60898398046445,0.9987175505959416,28.91152726958587,1.0,0.7355227387001761,0.8684498598638561,31.147566957581702,0.5831976014364774,2435,4,0,1,9,1.9622641509433962,0.0,212,208,309.63455967290645,3.106562871977968,0.027164130627568336,0.058404218383820816,-0.0010137369039711075,-6.951425107126763e-05,8.3295702421049e-05,0.2987012987012987,1186.8422031402588,0.7703703703703704,4,0,4,1,9,1.9622641509433962,0.0,4,0,212,208,202,1.488627690735125,3.106562871977968,309.63455967290645,0.027164130627568336,45107,18.524435318275152,26.914168377823408,256x256,65536,sparse,Learned,332,4,29,2366,31.42925253566437,0.6297826592363613,28.58091160741691,0.9986342548935205,0.7012987012987013,0.5569178119178322,10,14,0.0,38,2350,31.759221593337813,0.674709557594155,0.9983492449098852,27.97572297355969,0.24421625854427453,0.6744995648389904,3764,32.02173192049431,0.6968783545055671,0.9991505717130414,30.956915430254945,0.1844736684714572,0.6932461873638345,0.3306156621689631,0.17860492678234396,-0.28168557808266925,-0.04658505779988398,True,0.7570743865512575,0.6574811449069544,0.6854982206405694,28.609997717368422,0.9987095891303238,7461
7462.png,0.6907894736842105,0.896664844177146,0.9455174401844911,0.9452449567723343,0.9457900807381776,0.9989313694503839,26.90099432738824,0.9992087319537548,27.483109572107715,1.0,0.6710994981682316,0.5011809738039245,30.698003872017058,0.5718368501947779,2579,5,3,5,10,1.981042654028436,0.6,211,209,320.7056274847719,2.7736954790721007,0.04248012274013526,0.021534815299117382,-0.8515480013772958,-0.00031820612429134254,-8.225048162602278e-05,0.32328482328482333,876.5773773193359,0.7138888888888889,5,3,2,5,10,1.981042654028436,0.6,5,0,211,209,196,1.5344766865300068,2.7736954790721007,320.7056274847719,0.04248012274013526,45453,17.62427297402094,25.411399767351686,256x256,65536,sparse,Learned,331,5,28,2551,31.16357479002875,0.6266898018576055,27.807658912948554,0.9992909824353808,0.6767151767151767,0.35273533292196535,12,1,0.0,36,2578,31.506473642245414,0.6774449631688586,0.9991748284420746,27.49296151901615,0.36024287488827555,0.6722513089005235,3380,31.601023521306793,0.6683809283127001,0.9995178589760806,30.086286397570934,0.41192988259711893,0.6833936885669943,-0.3245493408408393,0.3183641652462662,-0.4655709180116929,-0.054852951662827554,True,0.6951696845568032,0.3484058194651456,0.6692546583850931,27.752542328765536,0.9992495755746752,7462
7463.png,0.5344585091420534,0.8849372384937239,0.9389567147613761,0.9090257879656161,0.9709257842387146,0.9991830612361545,28.39600466713264,0.999108223598505,28.540446107602136,1.0,0.6587022446990063,0.46034945708981007,30.363438032742227,0.5294294685950881,1980,4,5,9,9,2.0123456790123457,1.25,162,163,238.4091629284899,2.86122382938126,0.04039030138566194,-0.030513242270375995,0.37297457475945706,-5.020907400399288e-06,4.4981430793455957e-05,0.4298365122615804,1104.3734550476074,0.5407055630936228,4,5,-1,9,9,2.0123456790123457,1.25,4,0,162,163,144,1.4626329014017776,2.86122382938126,238.4091629284899,0.04039030138566194,45761,23.111616161616162,33.0989898989899,256x256,65536,sparse,Learned,282,4,23,1966,30.597141824686837,0.5744629334622946,28.054603417997658,0.9990632421677116,0.5701634877384196,0.38121660819385916,10,7,0.0,30,1962,30.95333973580783,0.6196155437080424,0.9989483135049225,27.534822270939806,0.1449127120937771,0.5644415069398546,4853,31.72672962418976,0.7108837291114548,0.9994821380673505,31.03975702796722,0.08056874390487534,0.5508365508365508,0.4858426896044783,0.2774856365051471,-0.23370379194460966,-0.045033464867206496,True,0.6817760822095809,0.31385524930199826,0.5649717514124294,28.023030092373183,0.9991880821435549,7463
7464.png,0.7634615384615384,0.8881706528765352,0.9407737076343718,0.9202947086403215,0.9621848739495799,0.999310725006174,27.566224626973334,0.9993246891774442,27.97882950351314,1.0,0.6379597914565125,0.9936392660241626,30.66750226551658,0.5573206009928284,2337,5,10,18,13,2.0531914893617023,2.0,188,193,297.93607486307127,2.6667237877845764,0.0291841459321,0.045752596322438444,-0.29868561024046514,-8.549547257741263e-05,5.718573797053317e-06,0.2534883720930232,1015.9459114074707,0.792488860598345,5,10,-5,18,13,2.0531914893617023,2.0,5,1,188,193,157,1.543710232451145,2.6667237877845764,297.93607486307127,0.0291841459321,45564,19.49679075738126,28.042789901583227,256x256,65536,sparse,Learned,308,5,26,2199,31.037468803711988,0.6066723976981874,27.85158915144676,0.9993189706036472,0.7465116279069768,0.597475775966364,6,8,0.0,33,2312,31.303445916517518,0.6564429330657864,0.9991911451734716,27.201962110688292,0.48956909590036024,0.72822910578609,3986,31.693413199817385,0.6901657943303532,0.9996341819214735,30.664221826499034,0.30158889113632403,0.7412790697674418,0.12724035206638007,0.04048401549014846,-0.3699665381954098,-0.04935179670535894,True,0.6549272449566163,0.6507614269779192,0.7177089421391,27.8649102372138,0.9993962204787514,7464
7465.png,0.5285223367697595,0.8194444444444444,0.900763358778626,0.9150664697193501,0.8869005010737294,0.9989703537769317,28.09858231734935,0.9992150075945346,28.416072760428154,1.0,0.6209169618966012,0.4015662354495815,31.47511625860245,0.5943142957278726,1909,4,6,8,8,2.025,1.5,160,162,223.58073580374383,3.0559940338134766,0.02618521067475549,0.0039762708652537615,-0.2589466295703957,-0.000249272168050374,-8.020801683272794e-06,0.4382022471910112,962.5215530395508,0.5792903692976105,4,6,-2,8,8,2.025,1.5,4,1,160,162,144,1.3801279987885404,3.0559940338134766,223.58073580374383,0.02618521067475549,44692,23.41121005762179,34.33001571503405,256x256,65536,sparse,Learned,280,4,26,1884,31.770105984622163,0.6282800799953898,28.233821650273214,0.9992230283962179,0.5617977528089888,0.3296799539643608,7,3,0.0,37,1782,32.01944205629417,0.6606481565306275,0.9992130033165068,28.256907147478394,0.3749977317172992,0.5854849965108164,4971,32.84703512254553,0.7455410677481354,0.9996433168132528,32.3862163790696,0.3011599105187317,0.5727084769124742,0.18225111015494022,0.2912370079322404,-0.2949897260197112,-0.033965784267517174,True,0.6637835062932667,0.26655304377571065,0.5245460659045057,28.357528946919746,0.999219625944982,7465
7466.png,0.6830876648564779,0.9001956947162426,0.9474768280123586,0.9334415584415584,0.9619406106231703,0.9977468507171067,28.732065011743497,0.997719768901472,28.96357805796114,1.0,0.7606910777562454,0.9441910813916534,30.96345593050529,0.5714129023445077,2415,4,5,13,10,2.0103092783505154,1.25,194,195,322.3208511739216,3.7158868853578864,0.05120911102005341,-0.020953539580923053,0.08694942453923815,4.8208428638507606e-05,0.0001548856760914541,0.3000388651379713,1582.890510559082,0.6878347360367253,4,5,-1,13,10,2.0103092783505154,1.25,4,1,194,195,171,1.6529274419175448,3.7158868853578864,322.3208511739216,0.05120911102005341,45305,18.759834368530022,27.137060041407867,256x256,65536,sparse,Learned,314,4,28,2349,31.31337294780204,0.6234270871145121,28.708326659811867,0.9975648832253805,0.6999611348620287,0.4942266660443868,12,13,0.0,37,2390,31.55559187635704,0.6686322268576197,0.997180348397655,28.26599455301949,0.3414914526006835,0.6687258687258687,3938,31.880381227402843,0.6955302550278378,0.998553551920794,31.080508480962443,0.19455763951644822,0.6588098918083463,0.255251398149273,0.26646441171185864,-0.3499170172967503,-0.05201418477000441,True,0.7845443088302579,0.7407597393541085,0.7040412044374009,28.64511558720426,0.9976986422884682,7466
7467.png,0.6060606060606061,0.8851113716295428,0.9390547263681592,0.9538850284270373,0.9246785058175138,0.9986909558184383,26.92581288474686,0.9991264079077117,27.9361567040512,1.0,0.6549272449566163,0.5704647358355153,30.400278888484365,0.5473761803469389,2279,5,7,14,12,2.0217391304347827,1.4,184,186,316.948268171891,2.667038627292799,0.04953383569690435,0.014338582555240675,-1.0224765821568376,-0.00036633788635531683,-6.613001559685472e-06,0.4192882929345023,1105.7355403900146,0.619131455399061,5,7,-2,14,12,2.0217391304347827,1.4,5,0,184,186,158,1.704022947160703,2.667038627292799,316.948268171891,0.04953383569690435,45668,20.03861342694164,28.75647213690215,256x256,65536,sparse,Learned,304,5,25,2154,30.840820892792195,0.5978348506009636,27.921524251988153,0.9991330209092714,0.5807117070654977,0.31025172819669167,14,1,0.0,31,2114,31.07818539603686,0.6422972257571408,0.9990410284848021,27.433753429163147,0.3053073172382397,0.5718071012188659,4056,31.573534187388738,0.6881908406627003,0.999494455128683,30.798541911898983,0.31003272573090035,0.5742993125330513,0.014632452063047197,0.3446755167599246,-0.4405420043078294,-0.05045867025402473,True,0.6507614269779192,0.3712364455329016,0.5917220235053654,27.9482894669037,0.9990572937047936,7467
7468.png,0.6391639163916392,0.8557377049180328,0.9222614840989398,0.9266272189349113,0.917936694021102,0.9989852208671474,27.43611287208821,0.9991582170721286,27.937402592690038,1.0,0.5551419337770589,0.5021720433145906,30.171336771428734,0.5390764384997199,2345,6,5,11,14,1.988826815642458,0.8333333333333334,179,178,282.9066376115485,2.9144567990436236,0.03202200379467349,0.010018187748423113,-0.31365809990340665,-0.0001151310661592353,4.0812561308167794e-05,0.35575942915392456,1163.4814739227295,0.6651685393258427,6,5,1,11,14,1.988826815642458,0.8333333333333334,6,0,179,178,154,1.5893631326491469,2.9144567990436236,282.9066376115485,0.03202200379467349,45873,19.562046908315565,27.947121535181235,256x256,65536,sparse,Learned,299,6,26,2333,30.7247640210918,0.5993317058884405,27.755312847492494,0.9991174045108204,0.6442405708460754,0.388393799408408,12,3,0.0,31,2286,30.935250848454384,0.6428332558939843,0.9989053386600917,26.99461318491689,0.4524065912322697,0.6273901808785529,3940,31.335645501093403,0.6765539480738709,0.9994369994262357,29.772135038123267,0.2611994400412667,0.6426395939086295,0.18208974519754406,0.16674813436865088,-0.5534272496630663,-0.06025526738872067,True,0.5920728468281516,0.2973224312827796,0.629145728643216,27.749770971991616,0.9991003519333066,7468
7469.png,0.6049465240641712,0.8823915900131406,0.9375218150087261,0.9484463276836158,0.9268461007591442,0.998417434868347,27.815678016864062,0.9988078025244548,28.591302812948094,1.0,0.6014809589154859,0.5287898216288783,31.359879503616263,0.5895807108933495,1934,4,5,9,10,2.0145985401459856,1.25,137,138,218.55129855222089,3.4264688465717064,0.037060236048915195,-0.02516379391116952,-0.44459735150909907,-0.00022743146381387636,7.594717243530891e-05,0.35936465916611515,1301.130771636963,0.6308539944903582,4,5,-1,9,10,2.0145985401459856,1.25,4,0,137,138,118,1.5837050619726138,3.4264688465717064,218.55129855222089,0.037060236048915195,44873,23.202171664943123,33.88624612202689,256x256,65536,sparse,Learned,257,4,25,1852,31.66076269087685,0.6206195502284311,28.27302602525313,0.9987318553520195,0.6406353408338848,0.4304206328011876,7,3,0.0,35,1798,31.87112821340555,0.6575080142918648,0.9985060549358681,27.71080266843984,0.3414914526006835,0.6246684350132626,4834,32.646530019335756,0.7392562142910346,0.9994084115638062,31.834159688673562,0.2792767087244591,0.6086956521739131,0.3182767876949626,0.17106032611429833,-0.30088318726058816,-0.03103883933508156,True,0.6171071140248879,0.32631996075113234,0.6301103179753407,28.26027536837316,0.9986448663321609,7469
7470.png,0.7719044170890659,0.9376854599406528,0.9678407350689128,0.9685823754789272,0.9671002295332823,0.9993289254324185,26.62837505701098,0.9994890597883865,27.24071270170111,1.0,0.597475775966364,0.712880976947106,30.2272380781301,0.5376159693035328,2124,4,0,0,8,1.948051948051948,0.0,154,150,201.61017305526653,3.1444515082743263,0.025075400129447287,-0.004122980171208046,-0.3936217235613739,-0.00013496774269761147,4.8334292653828825e-06,0.23741496598639455,854.4275760650635,0.7807720320466133,4,0,4,0,8,1.948051948051948,0.0,4,0,154,150,146,1.3440678203684429,3.1444515082743263,201.61017305526653,0.025075400129447287,45942,21.629943502824858,30.854990583804142,256x256,65536,sparse,Learned,274,4,23,2037,30.60111820734265,0.5827342255982257,27.04287314777371,0.9994842263591212,0.7625850340136054,0.6216743703119232,5,7,0.0,30,2050,30.91020613940332,0.6294369521377583,0.9993956951050329,26.59558686587106,0.37966771440382163,0.7436773752563226,4358,31.51131753197361,0.690328510238797,0.9997533926313051,30.411635907541907,0.4687380155323333,0.7580756013745704,0.19783955392739827,-0.024198594345559155,-0.37388012921255154,-0.045118256294692904,True,0.5954581148969812,0.424490762678842,0.7760273972602739,27.021996780572355,0.9994638931751161,7470
7471.png,0.6997729852440409,0.8497523390203633,0.9187741743528711,0.8992428654630169,0.9391727493917275,0.9987604316210148,28.69358904722995,0.9987712456428107,28.858746744632846,1.0,0.7570743865512575,0.7233512865455717,30.44139545874007,0.5370320166162952,2288,4,8,14,10,2.0388349514563107,2.0,206,210,320.83556979968307,2.7398011123092427,0.04127280029442781,0.027430363985010975,0.2159700178767352,4.3621031988960723e-05,0.00014976571625202606,0.28556647697878945,1196.1216926574707,0.738243626062323,4,8,-4,14,10,2.0388349514563107,2.0,4,0,206,210,182,1.5277884276175366,2.7398011123092427,320.83556979968307,0.04127280029442781,45676,19.963286713286713,28.643356643356643,256x256,65536,sparse,Learned,326,4,26,2232,30.802098553644655,0.5943798405811767,28.441054139936774,0.9986214799265587,0.7144335230212105,0.3544464149036666,17,11,0.0,30,2074,30.9720268988712,0.6278614835449341,0.9984126025341356,27.670993306881513,0.07461662679197778,0.6473960821786908,4074,31.48181450196383,0.6871989367175746,0.9992057347460445,30.483590780575728,0.03710196665484855,0.5386617100371747,0.4176926046960716,0.4026279716475909,-0.36070309490458285,-0.05734782396488147,True,0.6710994981682316,0.4854406854000778,0.6723426212590299,28.477619029353214,0.9987168105890258,7471
7472.png,0.7596153846153846,0.9115951313260731,0.9537533512064345,0.9673691366417403,0.9405155320555189,0.9990972493921239,26.61969928354638,0.9993723898463225,27.364806012382537,1.0,0.7003080004867537,0.9959924980864038,30.422884569011938,0.5536582592374498,2296,4,2,6,10,1.977142857142857,0.5,175,173,273.6934341759519,2.713928245816912,0.04976774628303665,0.038060210230021485,-0.7238869660707721,-0.00024850815818933114,-4.3960602915560365e-05,0.28282244071717755,1061.2313747406006,0.7829815303430079,4,2,2,6,10,1.977142857142857,0.5,4,0,175,173,159,1.5820429721153275,2.713928245816912,273.6934341759519,0.04976774628303665,45705,19.906358885017422,28.54355400696864,256x256,65536,sparse,Learned,295,4,25,2124,30.90968336799664,0.6011020363714838,27.413785358988882,0.999416350449238,0.7171775592828225,0.49770688163629895,7,0,0.625,31,2296,31.14239465938865,0.6524655109429013,0.9993019650686947,26.950254772888652,0.4456727152654929,0.7157593123209169,4086,31.587448047151874,0.6868211540654715,0.9996554725646384,29.994952906933527,0.39749942946195704,0.7134604274985558,-0.04897934660634462,0.20260111885045473,-0.4867987989847009,-0.047443777134034026,True,0.7149241517755465,0.7120590918692298,0.7215551743853631,27.343586249617154,0.9993457575503132,7472
7473.png,0.49644614543466375,0.8896515311510031,0.9416037999441184,0.9418669647847959,0.9413407821229051,0.9982975950257142,28.54508280400566,0.9984063890522795,28.75463889089632,1.0,0.5665591761834957,0.33737824089849544,31.168575786147905,0.5742099226634133,2036,5,2,6,10,1.9594594594594594,0.4,148,145,233.69343417595186,3.6822115972235396,0.04201803970448693,-0.03570819540134912,0.09020339430646729,6.438826902843697e-05,0.0001901067095160247,0.4559697460831983,1380.8996677398682,0.5074380165289256,5,2,3,6,10,1.9594594594594594,0.4,5,0,148,145,132,1.6116788563858735,3.6822115972235396,233.69343417595186,0.04201803970448693,45081,22.141944990176817,32.18860510805501,256x256,65536,sparse,Learned,268,5,26,2007,31.402966766343358,0.6128365103588299,28.426986577650496,0.9982162823427635,0.5440302539168017,0.25256737466534307,18,8,0.0,35,1948,31.59460121702089,0.6481638147480326,0.9979213646567133,28.023221554250092,0.2557547157751172,0.4872628726287263,4511,32.23543282543501,0.7192608058244486,0.9991033520641696,31.402084328552974,0.1502874327459256,0.5287171229200215,0.32765231324582444,0.31399180151815265,-0.23439098019545312,-0.0386265876954166,True,0.598280019902414,0.20184666067939327,0.5321543408360129,28.454879409699192,0.9982332067566858,7473
7474.png,0.6740331491712708,0.8866071428571428,0.93989588263133,0.9280373831775701,0.9520613614573347,0.9993900905560099,26.969530757111638,0.9995109482559013,27.478897049384514,1.0,0.49338300763441045,0.6364364885392296,30.900823863545362,0.5658108384225344,1923,5,0,0,10,1.9253731343283582,0.0,134,129,201.03657992645947,2.533085557951856,0.017253579100000197,0.05582095201170523,0.10763050630112403,-9.086796358037663e-05,4.738238399126793e-05,0.35373009220452645,776.5295505523682,0.713091922005571,5,0,5,0,10,1.9253731343283582,0.0,5,0,134,129,124,1.5584231002051108,2.533085557951856,201.03657992645947,0.017253579100000197,45362,23.589183567342694,34.08008320332814,256x256,65536,sparse,Learned,254,5,24,1885,31.1403216723771,0.6014223516908013,26.882928418861773,0.99946356587191,0.6462699077954736,0.31613859078764417,8,2,0.0,31,1848,31.414711876135097,0.6406228515605726,0.9994013811248038,26.627601412086154,0.38121660819385916,0.66,4679,32.12915957054067,0.717716677997093,0.9997899992708719,31.345279468769043,0.25387127709841706,0.6630434782608695,0.5959686305227407,0.17724441684676628,-0.23949780883173943,-0.03561151326826684,True,0.605446289628399,0.38532811057020366,0.6182121971595655,26.861900250810514,0.9994809585195903,7474
7475.png,0.7837423312883436,0.9155038759689923,0.9558883043302305,0.9760330578512396,0.936558287073751,0.9990131801498455,27.000967450127114,0.9993280842077685,27.80546617685974,1.0,0.6014809589154859,1.0097827524134275,31.327100540660055,0.5884045508206542,2029,4,2,3,7,1.9736842105263157,0.5,152,150,208.82337649086307,3.0089884400367737,0.02181383626588075,0.002741606125181928,-0.9933462240487998,-0.00028385725668689243,-3.672267646648297e-05,0.2065622669649515,993.7353134155273,0.830249396621078,4,2,2,3,7,1.9736842105263157,0.5,4,0,152,150,142,1.3921558432724188,3.0089884400367737,208.82337649086307,0.02181383626588075,45003,22.179891572203054,32.29965500246427,256x256,65536,sparse,Learned,272,4,26,2025,31.535856388247478,0.6231092419397429,27.888084700351502,0.999364806884235,0.7934377330350485,0.622807646436843,4,3,0.0,35,1902,31.82756044001922,0.6605732712082455,0.9992700759579157,27.47167468089454,0.5209738068112488,0.8046581517655897,4654,32.49593771274503,0.7308291160753098,0.9997298992816955,31.704932197629084,0.5488701205969576,0.7958115183246073,-0.0826185234917638,-0.021326687521357135,-0.2087558475874225,-0.03470469111908869,True,0.6034685809250071,0.6093721646414789,0.7810007251631617,27.994313674175913,0.9992970374065324,7475
7476.png,0.5901302261823167,0.8661633493479753,0.928282456785583,0.9481592787377912,0.909221902017291,0.998859772794607,28.565941528794177,0.9990114674288113,28.9559348964015,1.0,0.5661255185670091,0.39885743647671773,31.599432868802914,0.5926684184384425,1722,4,0,2,8,1.9322033898305084,0.0,118,114,179.02438661763952,3.334319200556157,0.0343688565282337,0.010716456584498046,0.3627288520087397,2.537423393489391e-05,0.0001965320587680175,0.4195804195804196,1194.8812007904053,0.6095305832147937,4,0,4,2,8,1.9322033898305084,0.0,4,0,118,114,108,1.5703893562950835,3.334319200556157,179.02438661763952,0.0343688565282337,44713,25.965737514518004,38.05807200929152,256x256,65536,sparse,Learned,238,4,23,1702,31.584256004010427,0.6131304921040573,28.164673921645054,0.9988149353700433,0.5804195804195804,0.34426596060655834,10,5,0.0,33,1688,31.973613943604278,0.6555837048774853,0.9987674202851218,28.122719099685654,0.41919100790451513,0.5557122708039492,5507,33.08794590642735,0.7596507049463178,0.9996152347580355,33.55900501930928,0.22684267607929187,0.5617501764290755,0.7912609747564474,0.22185955796045076,0.01517686479248681,-0.02046207366561481,True,0.6093721646414789,0.24305261944916867,0.5794137695978187,28.203212676785437,0.9988343985606721,7476
7477.png,0.69221260815822,0.9086294416243654,0.952127659574468,0.9470899470899471,0.9572192513368984,0.9991099353734366,26.603241239757946,0.99922579347006,27.017716640627462,1.0,0.6587022446990063,0.9880969075246647,30.703006494899334,0.56473655482949,2181,4,3,8,11,1.9873417721518987,0.75,158,157,252.107647738325,3.075727471822425,0.0457962275214785,-0.009635930899621337,-0.2583345815097182,-0.00014023097681936658,3.092635335133487e-05,0.29976303317535546,1208.7950706481934,0.7073775573465592,4,3,1,8,11,1.9873417721518987,0.75,4,0,158,157,139,1.605781195785508,3.075727471822425,252.107647738325,0.0457962275214785,45628,20.92067858780376,30.048601558917927,256x256,65536,sparse,Learned,278,4,25,2047,31.01413153755624,0.603636840518405,26.808740539786765,0.9991948671167087,0.7002369668246445,0.49842393093394444,6,2,0.0,33,1974,31.316126285690903,0.6461661740546504,0.9991985944075561,27.02702229393315,0.5349983317255772,0.6995810891681628,4264,31.843613073986745,0.6965610588942662,0.9996799284537579,31.177736067041806,0.42305018961951335,0.6852184320766008,0.2089761008406974,0.16027831376506185,-0.3111250426569043,-0.038900285688915015,True,0.680180978183696,0.6720847211004115,0.7018485390578414,26.861575821267664,0.999250166350256,7477
7478.png,0.7154973014649191,0.8739431206764028,0.9327317473338802,0.9161966156325544,0.949874686716792,0.9991906507930597,27.93165084415516,0.9991173303833942,28.206261024541487,1.0,0.6357810204284766,0.6372824857649334,31.52641435555937,0.5974395944938229,1933,4,5,12,12,2.014388489208633,1.25,139,140,240.693434175952,2.691165654779338,0.048773663194108974,0.015855724403987193,-0.09455198708491608,-0.00011221477631018217,2.9245718111692298e-05,0.2944915254237288,1043.7147617340088,0.7373660030627871,4,5,-1,12,12,2.014388489208633,1.25,4,0,139,140,115,1.7192388155425118,2.691165654779338,240.693434175952,0.048773663194108974,44725,23.137609932747026,33.90377651319193,256x256,65536,sparse,Learned,259,4,26,1905,31.77332113173646,0.6302329683934077,27.994149061756282,0.9990880846652825,0.7055084745762712,0.680180978183696,4,3,0.0,36,1770,32.0060257654547,0.6618604999888443,0.9989973771056738,27.717513086009205,0.3323558787310711,0.6729824561403509,4688,32.7342730878485,0.7410887921713178,0.9995993644528948,31.836756907405338,0.3696175444120211,0.6849894291754757,0.2121119627852046,-0.04439995775521943,-0.246906776177088,-0.03279337389958481,True,0.6880773379673533,0.4384996363383531,0.6996415770609319,28.026202831240077,0.9993028655693699,7478
7479.png,0.7260825780463243,0.8641732283464567,0.9271383315733898,0.9420600858369099,0.9126819126819127,0.9993274340365536,26.825089650911032,0.9995684178209939,27.844681038299633,1.0,0.5083558025390349,0.9122334539713481,30.984995932551527,0.5616932755760012,1730,4,1,3,9,1.945945945945946,0.25,111,108,163.02438661763955,2.855401536365887,0.029601930364617578,-0.03945414511751755,-0.9589958881761973,-0.00021519562287120042,5.290908305255471e-06,0.24786324786324787,1003.2222270965576,0.7689075630252101,4,1,3,3,9,1.945945945945946,0.25,4,0,111,108,99,1.5094850612744404,2.855401536365887,163.02438661763955,0.029601930364617578,45248,26.154913294797687,37.882080924855494,256x256,65536,sparse,Learned,231,4,23,1708,31.21380168750557,0.5917416736355333,27.711796298550198,0.9995631269126887,0.7521367521367521,0.4074578879645969,6,3,0.0,31,1594,31.396614086671292,0.6264010929758803,0.9994750782562071,27.077895167500245,0.43785755480317756,0.7423076923076923,5308,32.40989864763003,0.7429347943664942,0.9998116953885168,31.650450873851103,0.35853457917268017,0.7240411599625819,0.1328847397494357,0.10089791457443797,-0.22880575495404187,-0.030048398059532078,True,0.5204945410251058,0.47481253293256387,0.7655367231638418,27.78408553908723,0.9995426296594248,7479
7480.png,0.562273276904474,0.8587081891580162,0.9239838659633882,0.9197035206917851,0.9283042394014963,0.9989850462926871,28.103686871607934,0.9990315821317909,28.55586929980674,1.0,0.680180978183696,0.3685628873322852,30.43427388770603,0.5323767795692494,2124,4,3,9,11,1.9885057471264367,0.75,174,173,263.59292911256364,3.148480128967899,0.02881848888806525,-0.02299113188934654,0.11304240961096212,-3.923600687849582e-05,0.00010845983867324716,0.4245449207281269,1094.980239868164,0.5741974560872198,4,3,1,9,11,1.9885057471264367,0.75,4,0,174,173,154,1.5236585497836033,3.148480128967899,263.59292911256364,0.02881848888806525,45767,21.547551789077215,30.854990583804142,256x256,65536,sparse,Learned,294,4,25,2110,30.72269809678634,0.5853538329201674,28.00923405405342,0.9989231222931176,0.5754550792718731,0.3086374435481438,11,1,0.0,28,2034,30.914998209520572,0.621743655439439,0.998863821977383,27.687323873023058,0.10080017998141677,0.5512971698113207,4268,31.48919913327701,0.6888333884379421,0.9993466949803136,30.743448391549805,0.07085305023699506,0.5819809736989368,0.5466352457533219,0.37154353463555223,-0.28842420908030775,-0.05297705335091796,True,0.5276334472589853,0.19446610677485865,0.5852644087938206,27.990644461996972,0.9990242822995656,7480
7481.png,0.5925680159256802,0.9096989966555183,0.9527145359019265,0.9418282548476454,0.963855421686747,0.9986344317386138,27.855532977664904,0.9988664736314963,28.313113133625304,1.0,0.6569914825812934,0.528391184427766,31.094560581385142,0.5739976412939525,2097,4,9,13,10,2.0609756097560976,2.25,164,169,259.5929291125637,2.725075579271084,0.03774242652185845,-0.007036205710203691,-0.33692604301396756,-0.0003251701884535718,-7.08572957573983e-05,0.3903077930582842,1160.9992980957031,0.5996055226824457,4,9,-5,13,10,2.0609756097560976,2.25,4,1,164,169,141,1.536052834985582,2.725075579271084,259.5929291125637,0.03774242652185845,45169,21.539818788745826,31.252265140677157,256x256,65536,sparse,Learned,284,4,26,2013,31.391712448008434,0.613686003737324,28.268795115832113,0.9989373309272537,0.6096922069417158,0.4273611269747848,8,4,0.0,33,1928,31.576064928426867,0.647690027962216,0.9987990088791273,27.78460790995051,0.3743028988057413,0.6005239030779306,4506,32.2405154954454,0.7189094251763593,0.9994044048240015,31.396343862504917,0.22747834488764584,0.5973941368078176,0.044318017793191444,0.22963035560650857,-0.29715186662329174,-0.03968836244337148,True,0.668789117758019,0.35338227406456035,0.5996042216358839,28.19245902067887,0.9989596019270673,7481
7482.png,0.6429640718562875,0.8488289567068843,0.9182341650671785,0.9074355083459787,0.9292929292929293,0.9991121568929349,27.070335627319167,0.9993013269621437,27.86004715363172,1.0,0.5397566925069074,0.4786889447104055,31.635997426560696,0.6127151352495999,2041,4,3,6,10,1.9863013698630136,0.75,146,145,232.44198342526573,2.8656216925137663,0.040967336071713996,0.0004078920810065556,-0.4373807135868546,-0.0002105933285426742,-3.2395776756732886e-05,0.35644937586685155,1012.2358798980713,0.6661676646706587,4,3,1,6,10,1.9863013698630136,0.75,5,0,146,145,130,1.6030481615535548,2.8656216925137663,232.44198342526573,0.040967336071713996,44612,21.857912787849095,32.109750122488975,256x256,65536,sparse,Learned,266,5,27,2041,31.86592724735035,0.6430525579674703,27.629747450328964,0.9993337227389004,0.6435506241331485,0.2751700343835558,11,2,0.0,40,1968,32.25187787370766,0.6816050905792449,0.9993908475484902,28.39370995715342,0.3376757239478778,0.6276445698166432,4606,32.91699867533269,0.7422082224966816,0.9997180445436498,31.96519589098205,0.32478712855786784,0.6343859649122807,0.23029970330275518,0.2645866581233516,-0.2299298207896534,-0.030337422717870433,True,0.5665591761834957,0.27120561416327427,0.6425561797752809,27.507716340906022,0.9993227502214775,7482
7483.png,0.5717213114754098,0.8997995991983968,0.9472573839662447,0.9505998588567396,0.9439383321653819,0.9988061203123831,26.985867397816286,0.9990218567149883,27.82996741178418,1.0,0.4872669809581094,0.5588859521961188,30.318372880196293,0.5332117878612657,1975,5,2,3,9,1.9548872180451127,0.4,133,130,184.26702730475893,3.5032323536119963,0.030749129534945376,-0.012785730778111293,-0.22712088707215372,-9.632006876536536e-05,0.00013409395470809216,0.41274951706374763,1049.3578910827637,0.5909722222222222,5,2,3,3,9,1.9548872180451127,0.4,5,0,133,130,121,1.4174386715750678,3.5032323536119963,184.26702730475893,0.030749129534945376,45843,23.211645569620252,33.182784810126584,256x256,65536,sparse,Learned,253,5,22,1819,30.58297393447001,0.570181362184299,27.17954092313407,0.9988877627602802,0.5872504829362524,0.20942915037126442,12,0,0.30000000000000004,29,1958,30.876431032733834,0.6208278150424116,0.9987766285242868,27.039876570631,0.20618837255146683,0.545631067961165,4605,31.578997335196142,0.6984684254035233,0.9994805257925715,31.206570127894583,0.21238823929795314,0.5900783289817232,0.6504264886501119,0.27783783058684497,-0.2646010542737187,-0.03696957432303338,True,0.5093381083007599,0.2846619136474401,0.5845070422535211,27.21298828488844,0.9989024403811485,7483
7484.png,0.6081802015411973,0.9113998818665091,0.953646477132262,0.9431540342298288,0.964375,0.998554955767429,28.05771241207823,0.9986761747665482,28.528682755877806,1.0,0.5934303402594009,0.7372888134618208,31.78706304358947,0.6128286468150198,2004,4,3,5,7,1.9850746268656716,0.75,134,133,205.0660171779823,3.683098132930585,0.043431215954930005,-0.007025834442551893,-0.17464567141312415,-0.000125488894796133,0.00010621068665117583,0.39189960068454077,1108.0694198608398,0.6094847775175644,4,3,1,5,7,1.9850746268656716,0.75,4,0,134,133,122,1.5418497532179107,3.683098132930585,205.0660171779823,0.043431215954930005,44506,22.208582834331338,32.70259481037924,256x256,65536,sparse,Learned,254,4,26,1904,31.947391866992888,0.6397684948291396,28.244271128230327,0.9985699640798971,0.6081003993154592,0.42160601062199166,8,7,0.0,41,1956,32.30950596172515,0.6787926681923389,0.9985753525481545,28.45503207784514,0.2894149730877452,0.563437139561707,4551,32.9006194493894,0.7409962492205939,0.9993211600105938,31.842107437462886,0.37162325791963213,0.5986316989737742,0.2844116276474793,0.17182432963740923,-0.16032882340341814,-0.02693984801411975,True,0.6339553651959846,0.4674081989931028,0.6152060359837492,28.232358083491356,0.9986804446622252,7484
7485.png,0.5648050579557429,0.8960703205791106,0.9451868011998908,0.9337284482758621,0.9569298729983434,0.9986458345017882,28.326368701085073,0.9985985467210211,28.613451371929365,1.0,0.6827293233862564,0.46219922748315523,30.077603900505395,0.5213629781484169,2420,5,7,10,9,2.018181818181818,1.4,220,222,327.14927829866787,2.8807325238531285,0.02454058395884897,0.03358602921441478,0.039036176604319905,-4.960802719888857e-05,0.00011555784061523244,0.4647404505386875,1305.3507804870605,0.5703125,5,7,-2,10,9,2.018181818181818,1.4,5,1,220,222,201,1.4736453977417454,2.8807325238531285,327.14927829866787,0.02454058395884897,46012,19.013223140495867,27.08099173553719,256x256,65536,sparse,Learned,340,5,26,2369,30.516623061106458,0.585898967557552,28.285554723482104,0.9984829888804059,0.5352595494613125,0.214027389092183,24,3,0.0,27,2170,30.676734739114725,0.6186918385771081,0.9981563334736707,27.419287140661496,0.08334767908869145,0.5129411764705882,3881,31.114038045917066,0.6640388260394331,0.9988880959461998,29.948430877132317,0.059162856329531555,0.530603448275862,0.3278966484472612,0.46870193429407336,-0.43901916060106316,-0.06453598940913507,True,0.6171071140248879,0.2852264313766626,0.5312190287413281,28.287332524480753,0.9986954425289871,7485
7486.png,0.4023809523809524,0.8601823708206687,0.9248366013071895,0.89344909234412,0.9585097375105842,0.999274540123313,28.064524697468855,0.99923383093375,28.416254614436298,1.0,0.6014809589154859,0.328324943808021,30.09916642591964,0.5182669626480753,1867,4,7,12,9,2.047244094488189,1.75,127,130,214.237590053236,3.098409684624259,0.047566386902648104,-0.025144669873806036,0.6000568590551261,6.100977437406563e-05,0.00016641225136460047,0.5732305536089699,1157.663345336914,0.3953313253012048,4,7,-3,12,9,2.047244094488189,1.75,4,1,127,130,106,1.6479814619479687,3.098409684624259,214.237590053236,0.047566386902648104,45932,24.60203535083021,35.10230316014997,256x256,65536,sparse,Learned,247,4,21,1717,30.40851260225192,0.5566138506391837,27.519773422314685,0.9990674186823854,0.42676944639103015,0.20387574016454635,15,3,0.0,26,1690,30.684685721954224,0.5971263657877631,0.9989628272489517,27.266671506593404,0.19926259708319194,0.3739130434782609,5028,31.63541040463473,0.7126358644001726,0.99959175153274,31.181948011071086,0.17363134024356808,0.43814789219073946,0.8964811921216125,0.39760521875093957,-0.30934617633228,-0.038346887991108414,True,0.6014809589154859,0.1974812020375215,0.42752562225475843,27.46446783841373,0.9992135303489389,7486
7487.png,0.6988727858293076,0.8850393700787401,0.939014202172097,0.9198036006546645,0.9590443686006825,0.9989275158433724,27.96936911457285,0.9989131834054797,28.228277567869114,1.0,0.7018027205701126,0.5893163168230747,30.084839118624956,0.5222747447325542,2272,4,2,4,9,1.977142857142857,0.5,175,173,284.4629867976526,3.2080482244491577,0.04554260338978796,0.03709416709704649,-0.0022797359914719095,-6.0412522007835534e-05,5.251830052288575e-05,0.3365785813630042,1160.771369934082,0.7016806722689075,4,2,2,4,9,1.977142857142857,0.5,4,0,175,173,162,1.6442947213737122,3.2080482244491577,284.4629867976526,0.04554260338978796,46018,20.254401408450704,28.845070422535212,256x256,65536,sparse,Learned,295,4,24,2164,30.422195884494613,0.5775504863945633,28.05333513834681,0.9988606651049569,0.6634214186369958,0.5034146962085904,10,10,0.0,26,2078,30.63220747577001,0.6149353480097342,0.9985240169733561,27.195555083411655,0.11230799270362868,0.6365762394761459,4069,31.17615999930612,0.6728618127284312,0.999190058855328,29.86913624533823,0.1039575069569294,0.6303555150410209,0.17494242952230366,0.19838802436152225,-0.33735676586965724,-0.055275741662009104,True,0.7433392230464442,0.4380619330758565,0.6617786187322611,27.97164885056432,0.9989879283653802,7487
7488.png,0.5705882352941176,0.8877790834312573,0.9405539993775288,0.9269938650306748,0.9545167403663929,0.9991529942053393,28.170095548495986,0.9992082546567269,28.309537076187347,1.0,0.7420527055481743,0.4778828258111455,30.52510864959279,0.5475938003634423,2359,4,6,14,13,2.0205128205128204,1.5,195,197,315.24978336205606,2.7662606165959285,0.04416954988302313,0.003382434959482983,0.15371125992953694,-3.890514475723972e-05,2.3658161210526885e-05,0.41541874653355515,1072.4587440490723,0.5833333333333334,4,6,-2,14,13,2.0205128205128204,1.5,4,0,195,197,168,1.6002527074216026,2.7662606165959285,315.24978336205606,0.04416954988302313,45655,19.353539635438747,27.781263247138618,256x256,65536,sparse,Learned,315,4,27,2348,30.96289142188015,0.6054375176132907,28.072342628209764,0.9991845964955164,0.5845812534664449,0.3092656693626453,14,4,0.0,32,2186,31.105181497273794,0.643720718280205,0.9990176508750178,27.461876235197003,0.47869947047387484,0.5647058823529412,3813,31.468365939128763,0.6735552377327557,0.9994866285092745,30.226527167249998,0.2917796465322,0.5774175517048631,0.2371944479775827,0.43278703618552894,-0.43778277228735973,-0.05784371724984838,True,0.7582859831029636,0.3623718483782268,0.5672058003346346,28.01638428856645,0.9991918993500966,7488
7489.png,0.5986198964922369,0.9028475711892797,0.9489436619718309,0.9428571428571428,0.9551092734790313,0.9987246754835267,27.665467218552138,0.998906541451158,28.221923030462523,1.0,0.5852170883184187,0.5868590277376781,31.511595820247447,0.606752276802375,2187,5,6,10,9,2.0120481927710845,1.2,166,167,255.52186130069816,3.3174209566001434,0.04490764375507505,0.004433200013757355,-0.6733012160642957,-0.00022662822769681235,-4.7997295781088134e-05,0.4121546961325967,1156.0032367706299,0.6048109965635738,5,6,-1,10,9,2.0120481927710845,1.2,5,0,166,167,147,1.530071025752682,3.3174209566001434,255.52186130069816,0.04490764375507505,44729,20.452217649748516,29.966163694558755,256x256,65536,sparse,Learned,286,5,28,2120,31.912244596679326,0.6435806731113621,28.369082428855016,0.9989545387469391,0.5878453038674033,0.2908132327360007,11,2,0.0,40,2100,32.19715387905718,0.6820558964027631,0.9988970207451905,28.46942734628304,0.43528187799224083,0.5782463928967814,4267,32.63250919459788,0.7262279907971804,0.9994044188688976,31.73611296233326,0.34055956964039424,0.5888827738029719,-0.1471593983924926,0.294403855582418,-0.40064877643187913,-0.036828396308987155,True,0.5868729061217817,0.3444116630922144,0.5941866964784795,28.338768434616433,0.9989513037112235,7489
7490.png,0.555375909458367,0.8875878220140515,0.9404466501240695,0.9243902439024391,0.9570707070707071,0.9991625246333783,27.76913035065448,0.9992537925094417,28.109210531376302,1.0,0.5461552047176442,0.46482631760417803,31.49694115476782,0.5983115231997361,1844,4,1,4,10,1.9473684210526316,0.25,114,111,182.33809511662437,3.181218511179874,0.046281680732992485,0.02454884178919403,0.12727440818627755,2.0260923209614035e-05,9.373974129567308e-05,0.44577412116679127,1068.1500434875488,0.5753205128205128,4,1,3,4,10,1.9473684210526316,0.25,4,0,114,111,100,1.64268554159121,3.181218511179874,182.33809511662437,0.046281680732992485,44730,24.25704989154013,35.54013015184382,256x256,65536,sparse,Learned,234,4,24,1706,31.694819190729895,0.6223105316498108,27.65349730632673,0.999160052768146,0.5542258788332087,0.3178461090235478,8,1,0.0,35,1776,32.01166294541427,0.6618088067669009,0.9990201809381827,27.550681119804395,0.22190689591947144,0.5409961685823754,5058,32.866102631726605,0.7471168890661605,0.9996184146542993,32.346927618590875,0.18213061533603114,0.5538809344385832,0.45571322504957124,0.2283090956940964,-0.19787803596207354,-0.023999008450074633,True,0.5639507136784644,0.26213913354940876,0.530827067669173,27.6418559424682,0.9991422637101687,7490
7491.png,0.6592207792207793,0.9043524986566363,0.9497742663656884,0.9557069846678024,0.9439147504206393,0.9988936610076488,26.594010173044964,0.9991737206426701,27.47910895142695,1.0,0.6291657197018043,0.6462271552090667,30.012456352599944,0.533034585114455,2414,5,4,7,11,1.9891891891891893,0.8,185,184,288.9066376115485,3.084625126864459,0.03666084982830853,-0.016781152213310557,-0.7225085163307021,-0.00027656751260263235,7.0406453865912155e-06,0.3289728682170543,1038.9111042022705,0.6818663838812301,5,4,1,7,11,1.9891891891891893,0.8,5,0,185,184,167,1.5701447696279787,3.084625126864459,288.9066376115485,0.03666084982830853,46031,19.06835128417564,27.148301574150786,256x256,65536,sparse,Learned,305,5,25,2320,30.51554880344259,0.592744270985451,27.348249187988998,0.9991666799972835,0.6710271317829457,0.33540100056105016,14,3,0.0,29,2326,30.741914409903824,0.6400417105083064,0.9989349121367344,26.427270065219496,0.4313240098792279,0.6761113825109917,3780,31.111366416092153,0.6602263808671165,0.9994872535133467,29.535475855957127,0.3153783224843455,0.6468023255813954,0.1308597634379538,0.2937647191407542,-0.5030924508426473,-0.05970968587099601,True,0.6617601433121683,0.4276473748433668,0.6760019314340898,27.316518689375666,0.9991702285202514,7491
7492.png,0.6852281515854601,0.9033515198752923,0.9492219492219492,0.9399837793998378,0.9586435070306039,0.9993608523940011,27.362618512997212,0.9993994127400606,27.636216271483104,1.0,0.5648219407336433,0.8233150024964581,30.07261228691718,0.5207389494028022,2098,5,6,12,13,2.013793103448276,1.2,145,146,247.52186130069813,2.665282183680041,0.045500796528815904,-0.004953666596358097,0.04994995092732424,-3.4147141087181865e-05,4.548308432428261e-05,0.2923636363636364,1056.2465190887451,0.7143968871595331,5,6,-1,12,13,2.013793103448276,1.2,5,0,145,146,120,1.6953552143883412,2.665282183680041,247.52186130069813,0.045500796528815904,46049,21.948999046711155,31.237368922783602,256x256,65536,sparse,Learned,265,5,23,2031,30.40137968979368,0.5717746775961132,27.29007347140536,0.9993539296557363,0.7076363636363636,0.3724927159526593,10,3,0.0,28,2076,30.67915902099651,0.6194594624897732,0.9992096859788772,26.707604319330997,0.44169905992882275,0.693304535637149,4419,31.292048274951867,0.6839247709424859,0.9996694229572787,30.63554679800493,0.3047817206809933,0.6925872093023255,0.3461428000777431,0.19232922478098402,-0.3287674028764975,-0.051035728193311036,True,0.5630777424255589,0.463590352910799,0.6901818181818182,27.312668562069888,0.9993949995350883,7492
7493.png,0.5915637860082305,0.871356783919598,0.9312567132116003,0.9223404255319149,0.940347071583514,0.999487006564061,28.403257370701475,0.9995880084313793,28.95563337665697,1.0,0.5323335729900908,0.5655510090907645,30.93520128785078,0.5543823746845208,1699,4,0,0,8,1.937007874015748,0.0,127,123,176.99494936611674,2.5633760174428386,0.020453953363937724,-0.03003154473106917,0.21737163354868727,-4.75378078405031e-05,5.5314071586765046e-05,0.34479371316306484,929.2161464691162,0.6217616580310881,4,0,4,0,8,1.937007874015748,0.0,4,0,127,123,119,1.4389833281798106,2.5633760174428386,176.99494936611674,0.020453953363937724,45271,26.64567392583873,38.57327839905827,256x256,65536,sparse,Learned,247,4,22,1692,30.974188146203016,0.5838064783962118,28.212700873507167,0.9995326943597925,0.6552062868369352,0.2786758556610579,9,0,0.375,30,1574,31.323742917130453,0.6183173483190582,0.9994565616915375,27.672956122536945,0.2702111257309432,0.6300294406280668,5420,32.39884874631925,0.7464383991180878,0.9997915546434515,31.971862468823325,0.1019733693034387,0.627730294396961,0.7429325031498024,0.25365771732903286,-0.03898685835223503,-0.02942410371169102,True,0.5415939886947765,0.30629902682382293,0.6215953307392996,28.185885737152788,0.9995345443719015,7493
7494.png,0.6968053044002411,0.8654867256637168,0.9278937381404174,0.9267214150347441,0.9290690310322989,0.9989364555010054,27.009425264420678,0.9991928686053115,28.104585004744884,1.0,0.6785778786656087,0.6538324551821173,30.14919897129562,0.5248876009120841,2153,4,2,6,10,1.9772727272727273,0.5,176,174,257.8650070512058,3.0576780343597587,0.03294307571684272,0.010994493589430276,-0.6831407622116004,-0.00025026105859837777,5.439637767201688e-05,0.3279419966536531,998.8954067230225,0.7241590214067278,4,2,2,6,10,1.9772727272727273,0.5,4,0,176,174,160,1.4819827991448593,3.0576780343597587,257.8650070512058,0.03294307571684272,45966,21.34974454249884,30.439386901997214,256x256,65536,sparse,Learned,296,4,24,2079,30.53663831334766,0.5782588995123167,27.68467314866058,0.9991384722276395,0.6720580033463469,0.43258633120299617,9,3,0.0,28,2018,30.73947056064749,0.6166002927917533,0.9990059218102938,27.19842351378019,0.31403116129967523,0.6556291390728477,4224,31.28984776578974,0.6819585777484332,0.9995349881414648,30.366701393284735,0.2763723112118932,0.686726659167604,0.4199118560843047,0.24599154746261254,-0.38743934205204056,-0.0533712986002326,True,0.6201580371486213,0.40547945202980573,0.6858108108108109,27.692566026632278,0.9991867165596038,7494
7495.png,0.5013146362839614,0.8464837049742711,0.9168601950766372,0.9155844155844156,0.9181395348837209,0.9992200985015033,29.237512886688933,0.9993331596620155,29.657959402539444,1.0,0.5415939886947765,0.33063198606115235,30.665556417837216,0.5331727840818872,1613,4,3,6,8,1.9830508474576272,0.75,118,117,165.22539674441623,3.024745482509419,0.03873614264251883,0.05866230653485749,0.6183669222553085,2.2731714382384638e-05,0.00017441659946826338,0.545536519386835,1030.8449268341064,0.5199291408325952,4,3,1,6,8,1.9830508474576272,0.75,4,0,118,117,104,1.4121828781574035,3.024745482509419,165.22539674441623,0.03873614264251883,45486,28.19962802231866,40.629882207067574,256x256,65536,sparse,Learned,238,4,20,1476,30.755855631811684,0.556702532633053,28.578273751003668,0.9991587430625473,0.454463480613165,0.3934693402873666,5,3,0.0,27,1462,30.988327147788542,0.59685984835786,0.9991127590667787,28.14383586227961,0.06067391585067328,0.4593425605536332,5712,32.26559432354536,0.7489186189605028,0.999606752925623,31.90618340443882,0.22900398347937634,0.0475489745240504,1.079685651535776,0.1481246484074099,-0.09029921397446827,-0.023529748551165852,True,0.581048450752361,0.1921132032700088,0.44265232974910396,28.619145964433624,0.9991973667871209,7495
7496.png,0.6132278936017254,0.8875530410183875,0.9404271262645185,0.9074475777295734,0.9758942457231726,0.9993405983971912,27.90686596082399,0.9992232579625479,28.017307829219487,1.0,0.5524647618955876,0.3965543049305013,31.010855246405832,0.5737628133736029,2045,5,5,9,10,2.0,1.0,142,142,228.37972567696715,2.9848264648880756,0.0445682575864536,-0.0036010354664248734,0.1600140517716504,-1.253164030912135e-05,3.130411861829163e-05,0.36902356902356903,1116.981029510498,0.6245662734212353,5,5,0,9,10,2.0,1.0,5,1,142,142,123,1.6083079273025838,2.9848264648880756,228.37972567696715,0.0445682575864536,45157,22.081662591687042,32.04694376528117,256x256,65536,sparse,Learned,262,5,26,2018,31.351264190118584,0.6119728960149748,27.82015267295526,0.9991919538439296,0.630976430976431,0.3712364455329016,10,5,0.0,32,1842,31.502660609294715,0.6456461841539742,0.9990637565596039,27.537308163202916,0.3381572392127773,0.6439649359406608,4560,32.24146307554329,0.7200677092926993,0.9996200405325076,31.759033202689892,0.28911883430190255,0.6184657162253904,0.19715515626422686,0.181228316362686,-0.34040894371275243,-0.038210082641371934,True,0.5578030907201013,0.22119921692859512,0.6168289290681502,27.74685190905234,0.9993531300375004,7496
7497.png,0.7013452914798206,0.8783902012248469,0.935258500232883,0.9279112754158965,0.9427230046948357,0.9994702784851567,27.393380004529458,0.9995545979777277,27.764010429799207,1.0,0.5506710358827784,0.7466534725652338,30.36949910871219,0.5281227656804105,1929,5,4,9,12,1.985611510791367,0.8,139,138,228.13708498984772,2.3877562807618284,0.04502422355681582,-0.008499268105671587,0.21618560104088047,-4.405970055676445e-05,4.270020153251952e-05,0.28583690987124466,872.037410736084,0.7150537634408602,5,4,1,9,12,1.985611510791367,0.8,5,0,139,138,118,1.6531672825351276,2.3877562807618284,228.13708498984772,0.04502422355681582,45898,23.79367547952307,33.97407983411094,256x256,65536,sparse,Learned,259,5,22,1834,30.503082307414363,0.5671499706298657,27.20705469596783,0.9995118977761952,0.7141630901287553,0.49942608058837235,5,0,1.0,28,1896,30.810149976018923,0.615857960306108,0.9994008778321425,26.662361638158437,0.421123814743799,0.7150170648464164,4623,31.54068958654413,0.6988514028564249,0.9997838269892884,31.102661333514238,0.48142295313725825,0.6964440589765828,0.5569557338313764,0.05124495529440609,-0.13358319870217272,-0.03902720494945522,True,0.5717293827873404,0.42688372902574556,0.7098445595854922,27.177194403488578,0.9995143381857134,7497
7498.png,0.7345264727815063,0.9190794357832219,0.9578336557059961,0.9501151189562548,0.9656786271450858,0.9991357651683476,26.73498543933121,0.9991844698024952,27.13518848959726,1.0,0.5323335729900908,0.8850934354330544,30.220312790428107,0.5281001708640332,1916,4,0,0,8,1.934959349593496,0.0,123,119,177.40916292848988,3.5127606876497346,0.024761704271228223,0.028967104215960604,-0.019522391669113404,-6.70560143533061e-05,5.0389834855169013e-05,0.3044654939106901,1070.796012878418,0.7462797619047619,4,0,4,0,8,1.934959349593496,0.0,4,0,123,119,115,1.4908333019200821,3.5127606876497346,177.40916292848988,0.024761704271228223,45952,23.98329853862213,34.20459290187891,256x256,65536,sparse,Learned,243,4,22,1852,30.466192224432547,0.5685718052864017,26.719616105826198,0.99913407996764,0.6955345060893099,0.40992167697313475,8,3,0.0,28,1794,30.718998503720165,0.6119650737845203,0.9990031376843841,26.257328192391746,0.5379120324163,0.684856753069577,4681,31.534939152706638,0.6994759219978327,0.9996242373187696,30.652436349692106,0.366186162901451,0.7039784221173297,0.41557238377106387,0.12241189601695601,-0.2458794340044399,-0.04047163442236856,True,0.5551419337770589,0.49135248131968623,0.7055593685655457,26.754507831000325,0.9992028211827009,7498
7499.png,0.4966442953020134,0.8919577579203899,0.9428939458995277,0.9258010118043845,0.9606299212598425,0.9993768007630238,28.105005820761974,0.9994274392589252,28.323475505325753,1.0,0.5768379176822511,0.588568897926813,30.672986835880206,0.5501620166098492,1849,4,0,0,8,1.9432624113475176,0.0,141,137,195.82337649086296,2.8965927387805697,0.01962632706682049,0.008877918032873744,0.3572775080630066,-5.13963844613885e-05,3.42659152061664e-05,0.5123456790123457,850.6147861480713,0.4950900163666121,4,0,4,0,8,1.9432624113475176,0.0,4,0,141,137,133,1.4293677116121375,2.8965927387805697,195.82337649086296,0.01962632706682049,45449,24.58031368307193,35.44402379664684,256x256,65536,sparse,Learned,261,4,22,1687,30.959337423200147,0.5815972942891173,27.8072595812262,0.999393173343719,0.4876543209876543,0.23356087249898083,10,2,0.0,31,1792,31.26699366896259,0.6295242503738107,0.999361103857965,27.81035373084354,0.28822967723739024,0.47086614173228347,4843,32.070091886275655,0.722326009476824,0.9996660966667421,31.11387177785346,0.26550451363789895,0.5056775170325511,0.5162159240995514,0.3432770451832703,-0.2863505873199408,-0.031435277679268125,True,0.597475775966364,0.3516556589984903,0.4877663772691397,27.747728312698968,0.9994281971474852,7499
7500.png,0.8086532602071907,0.9053549190535491,0.9503267973856209,0.9435431537962362,0.9572086899275839,0.9991173358063931,27.024490858719133,0.99929320194,27.76167279340751,1.0,0.6785778786656087,1.0307019268611703,30.564808626201334,0.5664432963241552,2362,4,2,4,9,1.977900552486188,0.5,181,179,262.27922061357896,2.9424432983714572,0.028082224858562235,0.0967022898292541,-0.6146686341304388,-0.00018575148256994023,-9.78997069867038e-06,0.2803261977573904,1126.9571781158447,0.84,4,2,2,4,9,1.977900552486188,0.5,4,0,181,179,168,1.4652470425339588,2.9424432983714572,262.27922061357896,0.028082224858562235,45542,19.28111769686706,27.745977984758678,256x256,65536,sparse,Learned,301,4,27,2299,31.19327710348681,0.6190765385726538,27.716082591677697,0.9993029919106987,0.7196738022426096,0.5532313079337227,7,8,0.0,35,2308,31.44268972686919,0.6649750509841729,0.9992453363654855,27.445333334417104,0.5865973962327706,0.7102756892230576,3880,31.733833542893937,0.6889547991814197,0.9995920348291047,29.99651351371531,0.5899304794860025,0.7159552845528455,0.04559020172981221,0.12534657073188604,-0.6284684772854767,-0.052633242248498524,True,0.7018027205701126,0.7233494163680265,0.7119509703779366,27.639159492849572,0.999303087288963,7500
7501.png,0.7734317343173431,0.9045553145336226,0.9498861047835991,0.9586206896551724,0.9413092550790068,0.9992318747562271,26.59308157588641,0.9994502265391809,27.233559578982174,1.0,0.5379120324163,0.6708364028636197,30.7944047704553,0.5655629993210305,2075,5,4,6,9,1.9866666666666666,0.8,150,149,221.8944443027285,2.935717587471008,0.03283657229258172,0.010896915375838923,-0.6867043221685414,-0.00023663983772770347,-2.2013338470516786e-05,0.2394662921348315,829.3631076812744,0.7981859410430839,5,4,1,6,9,1.9866666666666666,0.8,5,1,150,149,135,1.489224458407573,2.935717587471008,221.8944443027285,0.03283657229258172,45442,21.899759036144577,31.583614457831324,256x256,65536,sparse,Learned,270,5,25,2041,31.08648178182936,0.6035519816822499,27.23107613901456,0.9994722398776514,0.7605337078651685,0.4602594223763874,6,3,0.0,32,1950,31.36309887073869,0.6466889540672739,0.999416355029688,27.04253639803436,0.45845728522436724,0.751578947368421,4508,32.00495192198003,0.7103342757686953,0.999741131911824,30.838472795341104,0.3092656693626453,0.7472067039106145,0.0024834399676123553,0.07765261003991264,-0.29207701137405806,-0.03798898236121939,True,0.5613265533520322,0.37655828588251095,0.7625348189415042,27.27978589805495,0.9994685145939548,7501
7502.png,0.6987778576563624,0.8874734607218684,0.9403824521934757,0.9478458049886621,0.9330357142857143,0.9991398288903031,26.826070508970375,0.9994561693754285,27.763125726810706,1.0,0.64654531804122,0.5841161153382732,30.21389296531961,0.536701669480571,2142,4,3,4,7,1.9881656804733727,0.75,169,168,242.2081528017134,2.734585376886221,0.012622588123442403,0.003043855146952046,-0.7051791121558253,-0.0002546458900307691,-1.2378027130388602e-05,0.2895408163265306,891.1490440368652,0.7464578672632364,4,3,1,4,7,1.9881656804733727,0.75,4,1,169,168,158,1.4417151952482923,2.734585376886221,242.2081528017134,0.012622588123442403,45835,21.398225957049487,30.595704948646127,256x256,65536,sparse,Learned,289,4,24,2113,30.662334911020253,0.588428411089279,27.548271115767967,0.9994685474025589,0.7104591836734694,0.4511883639059735,8,4,0.0,29,2104,30.929726865197598,0.6333661700538439,0.9993415435083749,26.842031240858525,0.4384996363383531,0.6841423948220064,4306,31.529183279631976,0.6924205084695448,0.9996926251606659,30.424064277180413,0.3391878791716736,0.7054973821989529,0.21485461104273895,0.19535695413524645,-0.4484419457006439,-0.05172674160870805,True,0.6865138191173947,0.40100378514889456,0.6957340025094103,27.5312496211262,0.9993944747803338,7502
7503.png,0.6254458977407847,0.8457627118644068,0.9164370982552801,0.9155963302752294,0.9172794117647058,0.9987028171616326,27.126699116434647,0.9987106843444385,27.75927042120971,1.0,0.6972960458178572,0.530668411155986,31.371087668738042,0.6021272227502993,2230,4,3,5,7,1.9883720930232558,0.75,172,171,273.0782104868023,2.8430378956850184,0.046504596029169884,0.0220751112239308,-0.7356837450032359,-0.000374734385574893,-2.4256186506033117e-05,0.3867871259175607,1176.957130432129,0.6478025285972305,4,3,1,5,7,1.9883720930232558,0.75,4,0,172,171,160,1.596948599338023,2.8430378956850184,273.0782104868023,0.046504596029169884,44876,20.123766816143497,29.388340807174888,256x256,65536,sparse,Learned,292,4,27,2048,31.780996222471188,0.6386140147851994,27.802177285188385,0.9987349405309446,0.6132128740824393,0.4336660904749403,7,0,0.625,40,2224,32.138287596293765,0.6837620605826394,0.9987814999259882,28.320588012983478,0.38121660819385916,0.5946862634256642,4058,32.48493247672075,0.7172386748706266,0.9992270771464635,31.22255912577146,0.30032746262486976,0.6056179775280899,-0.0429068639786756,0.2636299553429169,-0.40990855373314616,-0.03648679203490013,True,0.7471604041952535,0.39649442457295947,0.6033707865168539,27.862382861437883,0.9990775515472075,7503
7504.png,0.7789799072642968,0.9011583011583012,0.9480097481722177,0.9542109566639412,0.9418886198547215,0.9992373138262768,26.63067117333494,0.999537606357361,27.414708454144545,1.0,0.5818855165060807,0.7477589787951082,30.889731541096598,0.578776658268254,2209,5,2,4,11,1.9651162790697674,0.4,172,169,252.693434175952,2.4480873581975007,0.026809277549639805,0.03298129905274494,-0.722041123804182,-0.0003105213766195769,-2.193618396928443e-06,0.23566878980891715,761.5220546722412,0.8215139442231075,5,2,3,4,11,1.9651162790697674,0.4,5,0,172,169,157,1.4952274211594774,2.4480873581975007,252.693434175952,0.026809277549639805,45265,20.49117247623359,29.667722951561792,256x256,65536,sparse,Learned,292,5,27,2186,31.402899195622005,0.6244811376230072,27.212912180360384,0.9995397999757579,0.7643312101910829,0.676966743577747,4,2,0.0,34,2072,31.57895922026008,0.6611184617799952,0.9994972262055434,27.270437385613285,0.543119464859708,0.756717501815541,4218,32.14278203097585,0.7078870876473444,0.9997896088933683,31.166389551068217,0.4808464361906417,0.7436797752808989,0.20179627378416143,-0.09508122707166633,-0.5131676545254074,-0.04570447935475319,True,0.668789117758019,0.5000930677240176,0.7459986082115518,27.35271229713912,0.9995478352028964,7504
7505.png,0.8317865429234339,0.9247374562427071,0.9608972415883601,0.9479665071770335,0.9741856177012908,0.9989552800464186,27.243959888604948,0.9989735753132646,27.575935675584443,1.0,0.5446398645695487,0.9678781744107486,30.543963706250274,0.5570669927988697,2448,6,3,7,13,1.9659090909090908,0.5,176,173,282.3624817342643,2.930603941733187,0.03133401975394081,0.034217832564025885,-0.10204382051561822,-9.445881124980904e-05,2.5523392267023937e-05,0.19864087820177734,1178.900957107544,0.8557358053302433,6,3,3,7,13,1.9659090909090908,0.5,6,0,176,173,156,1.6321530736084615,2.930603941733187,282.3624817342643,0.03133401975394081,45699,18.667892156862745,26.77124183006536,256x256,65536,sparse,Learned,296,6,27,2430,30.93371914342991,0.6142091119886165,27.35916822299575,0.9989480519209976,0.8013591217982227,0.47035883852202687,9,2,0.0,33,2424,31.17183318087458,0.6596647979431901,0.9988190079416995,26.93799208324437,0.6246889011486004,0.7962867457452295,3797,31.478130470488313,0.6769512072795495,0.9992967894660483,29.809765344267266,0.40547945202980573,0.7962962962962963,0.21676745258869445,0.07428102604752185,-0.38975543717963745,-0.057142119189746765,True,0.5595683454940007,0.5415939886947765,0.797568710359408,27.346003709120566,0.9990497388576685,7505
7506.png,0.6298076923076923,0.845708775313404,0.916405433646813,0.928042328042328,0.9050567595459237,0.9993612526280754,27.709564715035356,0.999529805599023,28.34777482144525,1.0,0.47795422323898396,1.0253523488160263,30.531198392934343,0.5309791407156844,1545,4,5,8,8,2.022222222222222,1.25,90,91,148.36753236814712,3.1734420431984796,0.06531080486151214,0.011250991276764433,0.2024656055527565,-0.0001069079346193158,0.00010747840013691778,0.3385365853658536,1006.730318069458,0.6878787878787879,4,5,-1,8,8,2.022222222222222,1.25,4,0,90,91,74,1.630412443606013,3.1734420431984796,148.36753236814712,0.06531080486151214,45696,29.576699029126214,42.41812297734628,256x256,65536,sparse,Learned,210,4,19,1467,30.657994966310056,0.5528785081353642,27.321791344260117,0.9994223271988861,0.6614634146341464,0.3122196249249557,7,3,0.0,26,1536,30.86830569190417,0.5982875675546255,0.9993995563905542,27.180199173954055,0.34295318018494325,0.6833166833166833,5890,32.22435824683656,0.7523964362249967,0.9997970770797576,31.923660945427287,0.19480167598192955,0.6660287081339713,1.0259834771851324,0.16573459831402826,-0.1267965733757137,-0.021899367419679794,True,0.49338300763441045,0.5058914257438583,0.6185567010309279,27.5070991094826,0.9994681605626947,7506
7507.png,0.5488873904248146,0.9266117969821673,0.9619081523673905,0.9656897784131523,0.9581560283687943,0.9985494694333997,28.261823756669262,0.9984829277785185,28.717260898610636,1.0,0.5617650075350508,0.5506566628509129,31.72999117026474,0.6042193777565857,1864,4,3,7,9,1.9844961240310077,0.75,129,128,190.5807358037436,3.5552563611851182,0.041073750694027265,-0.009162641647026293,-0.4291962255037518,-6.206525060881152e-05,0.00010667869700020649,0.4420103092783505,1322.342872619629,0.5625427204374572,4,3,1,7,9,1.9844961240310077,0.75,4,0,129,128,113,1.4889119984667467,3.5552563611851182,190.5807358037436,0.041073750694027265,44599,23.926502145922747,35.1587982832618,256x256,65536,sparse,Learned,249,4,25,1809,31.866185659904897,0.6308090801431603,28.67653309451778,0.9983762490815183,0.5579896907216495,0.42592773880356405,8,3,0.0,37,1828,32.14434299135383,0.6690028029238557,0.9978603493544367,28.269780113270656,0.42688372902574556,0.5480769230769231,5116,33.057378967868004,0.7546339274503471,0.9994780685769378,33.284600296228504,0.2340716616353513,0.5361093038386467,0.0407278040928567,0.13583726873148672,-0.13619448964015746,-0.026589702386574543,True,0.622807646436843,0.34295318018494325,0.5580500320718409,28.691019982173014,0.9986115346840085,7507
7508.png,0.7393675027262814,0.879746835443038,0.9360269360269361,0.9174917491749175,0.9553264604810997,0.9995578465120813,27.50553343150253,0.9995986573108527,27.698027033491883,1.0,0.5108078882036684,0.7711085765747798,31.646928566369002,0.6037772492739557,1734,4,0,0,8,1.9292035398230087,0.0,113,109,160.95331880577402,2.727572396793197,0.034050757013756205,0.018794319512361213,0.7064228609129373,2.7785719738382397e-06,6.260505626465296e-05,0.24257932446264074,842.9315090179443,0.7728260869565218,4,0,4,0,8,1.9292035398230087,0.0,4,0,113,109,105,1.476635952346551,2.727572396793197,160.95331880577402,0.034050757013756205,44662,25.75663206459054,37.79469434832757,256x256,65536,sparse,Learned,233,4,24,1692,31.859676783548437,0.6270032029032112,26.769286097616913,0.9995360522545881,0.7574206755373593,0.41725174762601036,6,3,0.0,35,1648,32.08525432755499,0.6617055649382129,0.9995407585166161,27.1633855607128,0.36871635449307405,0.7445932028836252,5376,33.16370761670976,0.7583679177413534,0.9998967653133521,33.78912126708748,0.23662050566314685,0.7230769230769231,0.9287409358749699,0.09355614057765804,-0.21274821717943482,-0.023225953629255502,True,0.5180910099097975,0.3995044211877341,0.7205731832139202,26.799110570589594,0.9995550679401075,7508
7509.png,0.49877949552481693,0.8559386973180076,0.9223781998348471,0.9051863857374393,0.9402356902356902,0.9991751543741182,27.70821223530922,0.9992437096764116,28.202082711444156,1.0,0.4598994753556295,0.5167911332316931,30.49094448433266,0.5337244185476441,1797,5,0,0,10,1.9145299145299146,0.0,117,112,170.53910524340097,3.2665900654262967,0.03646953360936126,-0.00911939863000144,0.06210785898873894,-9.785515103843956e-05,5.8350873227253075e-05,0.48684210526315785,1082.881212234497,0.5055821371610846,5,0,5,0,10,1.9145299145299146,0.0,5,0,117,112,107,1.5226705825303655,3.2665900654262967,170.53910524340097,0.03646953360936126,45742,25.454646633277687,36.46967167501391,256x256,65536,sparse,Learned,237,5,22,1780,30.675273675918145,0.5703473241745569,27.72177468931695,0.9991853588031844,0.5131578947368421,0.21686050509344446,9,2,0.0,28,1644,30.897572953415477,0.6074776171043174,0.9990439762113478,27.17179476732095,0.29531191028128656,0.5081206496519721,5215,31.936293299628318,0.7251034533868603,0.9996422663123395,31.795218833480018,0.14892072530996525,0.5120248254460822,0.4803080221272076,0.24303897026218502,-0.184329191585487,-0.03662290562691284,True,0.49741977497457157,0.2570621292009626,0.5078988941548184,27.64610437632048,0.9992730095251566,7509
7510.png,0.5907012195121951,0.899625468164794,0.9471608832807571,0.9353582554517134,0.9592651757188498,0.9993525248307807,27.820779531694953,0.99939479106479,28.047255192757984,1.0,0.64654531804122,0.4175916862751996,30.4135124880907,0.5320628731355334,2003,4,7,12,10,2.0397350993377485,1.75,151,154,240.1370849898478,2.8420448524272994,0.044718647749469924,0.012306620862532758,0.6155401206392384,1.9330454095856098e-05,9.955692822649631e-05,0.4177777777777778,965.0983810424805,0.5896474118529632,4,7,-3,12,10,2.0397350993377485,1.75,4,0,151,154,129,1.5593317207132962,2.8420448524272994,240.1370849898478,0.044718647749469924,45829,22.880179730404393,32.71892161757364,256x256,65536,sparse,Learned,271,4,22,1795,30.61588217322992,0.5685775577167368,27.21802479949355,0.9992952341365635,0.5822222222222222,0.5346660690256866,4,1,0.5,30,1990,30.906244196517964,0.623899934949998,0.9992229704807448,26.891041246675545,0.3485609424689444,0.5602055800293686,4558,31.58232488539662,0.697445380344644,0.9996593600457178,31.04132900389532,0.2512374237252988,0.5876288659793815,0.8292303932644352,0.11187924901553337,-0.20236968513922093,-0.03651468458120344,True,0.6620982141052869,0.2764867097080249,0.5783945986496624,27.205239411055715,0.9993331943766849,7510
7511.png,0.7684964200477327,0.8764568764568764,0.9341614906832297,0.9226993865030675,0.9459119496855346,0.9994640909231651,27.0024291164624,0.9995273966043133,27.404613878194112,1.0,0.42879093615118524,0.9184429589429169,31.353484894270558,0.5800764800667942,1539,4,0,1,7,1.9080459770114941,0.0,87,83,124.53910524340087,3.0427285665753243,0.037770651002400034,0.04240946352599351,-0.20951591521264845,-8.174557289597484e-05,1.2840542497838392e-05,0.23296703296703292,945.671558380127,0.8162031438935913,4,0,4,1,7,1.9080459770114941,0.0,4,0,87,83,79,1.500471147510855,3.0427285665753243,124.53910524340087,0.037770651002400034,44941,29.201429499675115,42.58349577647823,256x256,65536,sparse,Learned,207,4,20,1531,31.22813420348458,0.5920779019184118,27.122871035484888,0.9995145560618155,0.7670329670329671,0.5108078882036684,4,4,0.0,32,1388,31.68187389123831,0.6303718998043468,0.9994494774557494,26.823283869309535,0.4620555624053255,0.7536394176931691,6021,33.03282408648924,0.7665835656440015,0.9998535282587994,32.54474845009827,0.42305018961951335,0.7680355160932297,0.28174284270922456,-0.08201695205248316,0.1253506907859787,-0.012001421851617566,True,0.4593591046906834,0.4218951353294804,0.7260869565217392,27.21194503167505,0.9995458364960611,7511
7512.png,0.6125554850982878,0.9129886506935687,0.9545154911008569,0.9520052596975674,0.9570389953734303,0.9991732718697395,28.00133365267088,0.9992977350990223,28.372889226434935,1.0,0.689633058734515,0.46708303915370597,31.091664880049986,0.5756674849532697,2209,4,4,10,11,2.0,1.0,171,171,268.79393923934026,2.9926260368168704,0.04173807429213673,-0.025545624642772546,0.13529828971929447,-4.333883049878473e-05,9.11561453607046e-05,0.3549382716049383,1079.5269012451172,0.6289910600255428,4,4,0,10,11,2.0,1.0,4,0,171,171,150,1.5718943815166084,2.9926260368168704,268.79393923934026,0.04173807429213673,45234,20.47713897691263,29.667722951561792,256x256,65536,sparse,Learned,291,4,26,2071,31.34646068460958,0.6152094920917927,27.85038253151854,0.9992065789536616,0.6450617283950617,0.28822967723739024,12,2,0.0,34,2066,31.587309980187985,0.6574470856681994,0.9991069110133345,27.686715320870338,0.4574247922770118,0.6133250311332503,4233,32.09377547235076,0.7073700840701705,0.999554958128855,31.075753981845082,0.23662050566314685,0.6373831775700934,0.5225066949163946,0.40140338149712473,-0.25479580455959194,-0.03954200713852296,True,0.6927212613988687,0.3235583520605724,0.6381011097410604,27.866035362951585,0.9992166107002383,7512
7513.png,0.7285714285714285,0.909952606635071,0.9528535980148883,0.9560165975103735,0.9497114591920858,0.9991459877764136,26.72955342101418,0.9993844358123131,27.492780808387693,1.0,0.670441038924811,0.8042888654197231,31.526822224318355,0.6129930870187394,2218,4,2,4,9,1.9775280898876404,0.5,178,176,263.07821048680233,2.3670015375265914,0.028222758343791843,0.007690746753246769,-0.9896023281311628,-0.0003014291941131342,-7.470079989757572e-05,0.2774607703281027,783.7607860565186,0.7485898468976632,4,2,2,4,9,1.9775280898876404,0.5,4,0,178,176,165,1.4947625595841016,2.3670015375265914,263.07821048680233,0.028222758343791843,44682,20.14517583408476,29.547339945897203,256x256,65536,sparse,Learned,298,4,29,2162,32.02764635979727,0.6533734361976065,27.747719189857442,0.9994591366122106,0.7225392296718973,0.6046563925739001,5,3,0.0,40,2064,32.32081226933981,0.6874269725668182,0.9994564028121377,28.04734670962136,0.44705680264722325,0.6962115796997855,4160,32.73245829609028,0.7291853012721368,0.9997488293056912,31.525061417149253,0.4000500781958891,0.6947218259629101,-0.25493838146974923,0.06578464635091086,-0.5008241354789114,-0.040380349178867014,True,0.680180978183696,0.5470619872234423,0.7208806818181818,27.719155749145344,0.9994474169705267,7513
7514.png,0.6236559139784946,0.8859060402684564,0.9395017793594307,0.9166666666666666,0.9635036496350365,0.9987569912640023,28.699673109312158,0.9986469184725721,28.81044307589483,1.0,0.6657947654442802,0.5606865664998467,30.537049116654536,0.5410426707239077,2293,5,10,19,12,2.05,2.0,200,205,316.7645019878175,3.071454806923866,0.04370079680251669,0.030838513877331275,0.06194752747841292,-3.636895558900566e-05,4.584696788634268e-05,0.38645418326693226,1241.060733795166,0.6416708605938601,5,10,-5,19,12,2.05,2.0,5,1,200,205,169,1.5451926926234985,3.071454806923866,316.7645019878175,0.04370079680251669,45593,19.88355865678151,28.580898386393372,256x256,65536,sparse,Learned,320,5,26,2185,30.901076745322676,0.5960720270065686,28.62883032885774,0.9986010715046858,0.6135458167330677,0.2943044935982442,21,12,0.0,31,2236,31.087866709556597,0.6406712224662079,0.9982358951827528,27.769690713190037,0.048397471199498665,0.552608695652174,4105,31.57385923476533,0.6886272834491267,0.9991024970771806,30.51423936934245,0.03785557018976293,0.5241739130434783,0.1816127470370894,0.371490271846036,-0.36402762866813987,-0.055029356282660924,True,0.6877652592919895,0.38562074179030237,0.5928174001011633,28.637725581833745,0.9987933602195913,7514
7515.png,0.558023320377568,0.9085841694537347,0.9521028037383177,0.9476744186046512,0.9565727699530516,0.9985869309189662,28.545457575200714,0.9986111257722592,28.80500241393254,1.0,0.6302765554559411,0.459473361889024,31.129625604831116,0.5780443554698448,2052,4,2,5,9,1.9745222929936306,0.5,157,155,229.9655121145942,3.5778610812630625,0.02364286480498253,0.033023320377567944,0.1359704014984615,-1.3514313348284013e-05,0.0001174678989755984,0.4848172928461143,1439.0168190002441,0.5573951434878587,4,2,2,5,9,1.9745222929936306,0.5,4,0,157,155,143,1.483648465255444,3.5778610812630625,229.9655121145942,0.02364286480498253,45073,21.96539961013645,31.937621832358673,256x256,65536,sparse,Learned,277,4,26,1995,31.437857878168927,0.6178575718957104,28.4142701010391,0.9984936578732836,0.5151827071538857,0.3376757239478778,15,5,0.0,34,1918,31.642294990086594,0.653281295414338,0.9983416034568146,28.21936740934521,0.37151583391064846,0.5322085889570553,4362,32.255389861964964,0.7186412875485751,0.9991688902689896,31.298500130279045,0.16690591469816896,0.5292323335027961,0.3907323128934408,0.29260083150806326,-0.30823227333781134,-0.03981321642586566,True,0.6720847211004115,0.3088050262782531,0.525,28.409487173702253,0.9986004452323145,7515
7516.png,0.6616266944734098,0.8887155486219449,0.941079295154185,0.9313351498637602,0.9510294936004452,0.9986099783350886,27.790872586086163,0.9986111310568708,28.209982759664424,1.0,0.6927212613988687,0.6887932238548856,30.79252696542408,0.5627700797227269,2201,4,3,9,10,1.9881656804733727,0.75,169,168,265.5929291125637,3.395493297181891,0.03336374425660223,0.024410504937378286,-0.43329660980426254,-0.00018946393511887205,-1.3452916229561573e-05,0.3713592233009708,1243.4279918670654,0.6623711340206185,4,3,1,9,10,1.9881656804733727,0.75,4,0,169,168,150,1.5809102923366867,3.395493297181891,265.5929291125637,0.03336374425660223,45398,20.626079054975012,29.775556565197636,256x256,65536,sparse,Learned,289,4,27,2175,31.18254859722828,0.6098758927951735,28.221659355786887,0.9986245839731004,0.6286407766990292,0.504516993877097,9,13,0.0,33,2188,31.383481047472724,0.6531665133451312,0.9983872583711028,27.819086338703922,0.31533357450713895,0.6509298998569385,4042,31.788523363425377,0.6922177244847726,0.9991610050689009,30.735877768514214,0.2766384797924857,0.6231397023523764,-0.011676596122462968,0.18820426752177166,-0.39002163180419913,-0.047105813072446656,True,0.7047698330759857,0.4854406854000778,0.6372161895360315,28.224169195890425,0.9987994422702074,7516
7517.png,0.5298087739032621,0.9262520638414969,0.9617142857142859,0.9535410764872522,0.9700288184438041,0.9984403763393112,27.33462791958031,0.9984600963633044,27.806503637019972,1.0,0.6074141344684816,0.39348385140560543,31.624316105268466,0.6136997256812228,2141,4,6,11,9,2.028169014084507,1.5,142,144,225.86500705120568,3.87152189771894,0.03527916187239292,-0.005788159284032535,-0.6784365590277943,-0.00015870161806275096,3.329729348378052e-05,0.4730603448275862,1392.7760124206543,0.530328324986088,4,6,-2,11,9,2.028169014084507,1.5,4,1,142,144,122,1.5685069934111493,3.87152189771894,225.86500705120568,0.03527916187239292,44550,20.80803362914526,30.60999532928538,256x256,65536,sparse,Learned,262,4,28,2090,31.92547704929882,0.6451030635813915,28.042245557790775,0.9984267990698206,0.5269396551724138,0.27191198133434924,15,4,0.0,41,2004,32.25356073943405,0.6821853635844032,0.9983098156437292,28.29941099337148,0.2536047549641183,0.5194594594594595,4286,32.69342835964184,0.7277690693094225,0.9991950801263785,31.575175180697045,0.2188253430914454,0.528969957081545,-0.2357419207708027,0.33550215313413234,-0.30116094403035376,-0.03140333790016869,True,0.6720847211004115,0.2644544845294521,0.5355969331872946,28.013064478608104,0.9985990779573739,7517
7518.png,0.6562778272484416,0.9055793991416309,0.9504504504504505,0.9361135758651287,0.9652333028362305,0.9993010344312031,26.427180153296106,0.9994431446038188,27.22537702828705,1.0,0.5083558025390349,0.5190174435471131,30.590609001580255,0.5526501144655807,1799,4,1,3,7,1.9428571428571428,0.25,105,102,159.99494936611666,2.9839723950340633,0.036690787166239344,0.02791015688394083,-0.341786664187552,-0.0001645204099565145,3.318367979476822e-05,0.3831269349845201,989.628791809082,0.6570428696412949,4,1,3,3,7,1.9428571428571428,0.25,4,0,105,102,95,1.5685779349619282,2.9839723950340633,159.99494936611666,0.036690787166239344,45463,25.271261812117842,36.42912729294052,256x256,65536,sparse,Learned,225,4,22,1745,30.907386935302213,0.5846865268990495,26.84402487679009,0.999409960924024,0.6168730650154799,0.34295318018494325,7,2,0.0,29,1700,31.170765493912448,0.6260119626531474,0.9993758147740756,26.751631882324084,0.3729109147269438,0.6097560975609756,4973,32.073722695907286,0.7241225803259522,0.999775727821568,31.519507682080594,0.37811494353498,0.615506329113924,0.38135215149695867,0.16540262235409164,-0.3167779337219585,-0.032036412433468886,True,0.5276334472589853,0.27385096292630906,0.6283676703645008,26.76896681748366,0.9994655548411596,7518
7519.png,0.6855895196506551,0.8683446272991288,0.9295336787564767,0.9092752154080082,0.9507154213036566,0.9988032268372102,28.32191615803591,0.9987685867448409,28.56909510163879,1.0,0.7546329435470737,0.7084842941482136,30.332202392611293,0.5338886536971301,2360,4,4,12,12,2.0,1.0,199,199,318.83556979968307,3.182257301843346,0.03628610802677945,0.012531034511633066,0.3094851971979118,3.7073024419798095e-05,0.00011723752818870725,0.33519553072625696,1281.2819480895996,0.6952380952380952,4,4,0,12,12,2.0,1.0,4,0,199,199,175,1.6021887929632292,3.182257301843346,318.83556979968307,0.03628610802677945,45778,19.397457627118644,27.769491525423728,256x256,65536,sparse,Learned,319,4,25,2182,30.68974043093496,0.588265671355872,28.066956509305033,0.9986513492166522,0.664804469273743,0.3176565955115075,18,10,0.0,30,2160,30.897852400865172,0.630384063592777,0.9983817223106406,27.42453724371282,0.1513578242489505,0.6234911792014856,3930,31.30382016170782,0.6734533240214123,0.9992345934505161,30.31501480982904,0.10273953975785521,0.6462979482604817,0.5021385923337576,0.4369763480355662,-0.3575380383236677,-0.05437701765874192,True,0.657676814056212,0.4659536933842613,0.673058485139022,28.012430960838,0.9987661538127904,7519
7520.png,0.6879725085910653,0.8979166666666667,0.9462129527991218,0.9465592972181552,0.9458668617410387,0.9992735391838732,26.959778295523176,0.9994353816645577,27.518922807327066,1.0,0.6737202053769605,0.63550137631175,30.106645648618798,0.5222886765649244,2113,4,6,13,12,2.0254777070063694,1.5,157,159,262.45079348883263,2.7932231411053117,0.04386939283905351,0.011310187860947951,-0.2825253123206828,-0.0001223777245539237,4.1807486155009954e-05,0.3163064833005894,1066.8015480041504,0.7048611111111112,4,6,-2,13,12,2.0254777070063694,1.5,4,0,157,159,132,1.650633921313411,2.7932231411053117,262.45079348883263,0.04386939283905351,46056,21.79649787032655,31.01561760530052,256x256,65536,sparse,Learned,277,4,23,2063,30.3774133572527,0.5721619193335629,27.19343422579332,0.9993935741784027,0.6836935166994106,0.5164819663601022,6,2,0.0,29,2000,30.637665269624854,0.6177783464042882,0.9993446696822057,26.754973620389308,0.39042909270369075,0.6808794137241839,4427,31.282158859585223,0.6851796144593494,0.9996948094760831,30.61893714903605,0.32242211215739525,0.6808650065530799,0.3254885815337438,0.1572382390168583,-0.2707677086339011,-0.04987324276863847,True,0.6849424630965867,0.43528187799224083,0.6766623207301173,27.24230360784386,0.9993959169084271,7520
7521.png,0.8057271195957327,0.9091954022988505,0.9524382901866346,0.9377593360995851,0.9675840978593272,0.9988977576240174,27.05210984108763,0.9990278626455847,27.4970204303896,1.0,0.6339553651959846,0.9228563461445289,30.785425927190964,0.5729669924957195,2213,4,1,3,9,1.9622641509433962,0.25,159,156,234.03657992645955,3.4044600642702116,0.029437278544303627,0.03928486169827028,-0.28044470849863856,-0.00016501857475315074,2.526041013206637e-05,0.22683051715309777,1297.0046997070312,0.8287632904308898,4,1,3,3,9,1.9622641509433962,0.25,4,0,159,156,147,1.5002344867080724,3.4044600642702116,234.03657992645955,0.029437278544303627,45379,20.505648441030274,29.61409850881157,256x256,65536,sparse,Learned,279,4,26,2192,31.15106978265901,0.6156153128483379,27.33916277557426,0.9990026022354527,0.7731694828469022,0.6671289163019205,5,7,0.0,34,2186,31.472294864445438,0.6621354999329985,0.9989538057583822,27.145628072588575,0.502171679826038,0.790356394129979,4075,31.888961198510515,0.6958432965728906,0.9995947166866828,31.2215986160139,0.41725174762601036,0.7727511835875854,0.15785765481534142,-0.033173551105935895,-0.365643855468047,-0.04264832035261845,True,0.6833632306209467,0.630646094100368,0.7664422578974625,27.33255454958627,0.9990627761987706,7521
7522.png,0.5711077844311377,0.820675105485232,0.9015063731170336,0.8735029940119761,0.931364724660814,0.9992203312204392,28.12843981173153,0.9992829570634445,28.471732124760987,1.0,0.6429930394308526,0.5472840973899091,30.393451296536355,0.5294579784399165,1960,4,6,11,8,2.0256410256410255,1.5,156,158,243.20815280171342,2.746359945871891,0.027438207438286615,0.006195503729383378,0.23913693132538683,-4.718499671874099e-05,6.796504647288426e-05,0.4157534246575343,1056.8726062774658,0.5857558139534884,4,6,-2,11,8,2.0256410256410255,1.5,4,2,156,158,137,1.5392921063399563,2.746359945871891,243.20815280171342,0.027438207438286615,45790,23.362244897959183,33.436734693877554,256x256,65536,sparse,Learned,276,4,22,1770,30.643076751118905,0.5676732440843528,27.886309502066947,0.9992149920169716,0.5842465753424657,0.3701176494675643,9,4,0.0,28,1842,30.878003786902543,0.6122929597043127,0.998999637557717,27.033028263579595,0.21673618737088518,0.556401384083045,4484,31.588244221020002,0.6976712998647554,0.9995937592399792,31.25132414121774,0.1120935484463561,0.5778826702629805,0.5854226226940398,0.2728753899632883,-0.24962545458254937,-0.038215265644436336,True,0.6737202053769605,0.36871635449307405,0.5649122807017544,27.88930288040614,0.9992675162171579,7522
7523.png,0.7731707317073171,0.9231398201144726,0.9600340136054422,0.9600340136054422,0.9600340136054422,0.9993193970234613,26.868959164015113,0.9994894996663506,27.418537225733417,1.0,0.5893442472476544,0.7972768621125959,31.179779749287448,0.5810478487500641,1963,4,0,0,8,1.9466666666666668,0.0,150,146,197.19595949289345,2.904489515622457,0.010006383959866904,0.014024390243902451,-0.20260263998661543,-0.00015597643392606386,1.069271514664294e-05,0.23277182235834615,748.1908798217773,0.8084577114427861,4,0,4,0,8,1.9466666666666668,0.0,4,0,150,146,142,1.3506572568006392,2.904489515622457,197.19595949289345,0.010006383959866904,45123,22.986754966887418,33.38563423331635,256x256,65536,sparse,Learned,270,4,24,1825,31.4019195382855,0.6105376963065343,27.074630204788022,0.999478806951204,0.7672281776416539,0.4530146904576581,6,2,0.0,34,1962,31.63947860091153,0.6568618694333024,0.9994116776025532,27.057578853007215,0.4363565077761259,0.7505938242280285,4830,32.425533113644526,0.7314890593893555,0.9997726267453578,31.264106585030916,0.4304206328011876,0.7688130333591932,0.3439070209453945,0.13632955678999636,-0.22213978899805298,-0.029489847556470217,True,0.5994833739091812,0.47795422323898396,0.7591463414634146,27.07156180400173,0.9994753734573874,7523
7524.png,0.7577447335811648,0.895320197044335,0.944769330734243,0.932649134060295,0.9572086899275839,0.9990940480591676,28.333032581526748,0.999105648549444,28.580156926134567,1.0,0.5524647618955876,0.7260517940967753,30.411905453889435,0.5327544921773123,2110,5,0,0,10,1.937888198757764,0.0,161,156,232.45079348883263,3.081709105035533,0.028056135579638146,0.0260655645101896,0.21245244198668445,-5.7095239876403525e-05,4.861138159839573e-05,0.2672364672364672,1045.168161392212,0.7650306748466258,5,0,5,0,10,1.937888198757764,0.0,5,0,161,156,151,1.4900691890309765,3.081709105035533,232.45079348883263,0.028056135579638146,45763,21.68862559241706,31.059715639810427,256x256,65536,sparse,Learned,281,5,23,2034,30.56909027697766,0.5780935744473172,28.108214515467726,0.9990570371678456,0.7327635327635328,0.5180910099097975,8,7,0.0,30,1970,30.898824968042295,0.6217688733876952,0.9988206396622503,27.397183062490605,0.06462159815628121,0.7030590717299579,4479,31.543605466852497,0.6984913431098768,0.9994382258922805,30.379201118834942,0.03628107892559951,0.5854498493327593,0.4719424106668413,0.03437375198579007,-0.157184823088226,-0.04533908227000494,True,0.5835546339796198,0.42369088895439,0.7316791690709752,28.120580139540063,0.999151143299044,7524
7525.png,0.5505558496559025,0.8876050420168067,0.9404563160823596,0.9425543781372002,0.9383675735702388,0.998452942529441,28.241101428318363,0.9985632315360802,28.546835299173598,1.0,0.6587022446990063,0.4022237241869545,30.66082550788899,0.54669194773619,2128,4,5,9,8,2.0119760479041915,1.25,167,168,252.59292911256375,3.609702908350322,0.026828809147118278,-0.014525174912837668,0.10274354804236197,3.345531957132941e-06,0.00016400763099710947,0.4150743099787686,1273.244857788086,0.5857763300760044,4,5,-1,9,8,2.0119760479041915,1.25,4,1,167,168,150,1.5035293399557343,3.609702908350322,252.59292911256375,0.026828809147118278,45639,21.4468984962406,30.796992481203006,256x256,65536,sparse,Learned,287,4,25,2084,30.878708655380684,0.5930450313091062,28.08267637254357,0.9983992239050831,0.5849256900212314,0.28822967723739024,17,4,0.0,31,2054,31.11377726249772,0.6346200584441676,0.9982183053401161,27.67886146963623,0.2552201939708064,0.4739413680781759,4275,31.688180111216052,0.6956988572234473,0.9991812637246256,30.9961371214493,0.1574923603977727,0.6086729362591432,0.4641589266300272,0.37047256746161605,-0.21788314749169402,-0.04635308357291623,True,0.6988057880877979,0.28107626656807383,0.5650810245687402,28.138357880276,0.9984495969974838,7525
7526.png,0.7232796486090776,0.8849472674976031,0.9389623601220753,0.9211576846307385,0.9574688796680498,0.9981610468417507,27.63547584064299,0.9982975556538568,28.516737780160184,1.0,0.630646094100368,0.8829451727670025,30.47422229346266,0.5462126768127885,2284,5,11,21,11,2.0697674418604652,2.2,172,178,289.9777054234139,3.2706098549587783,0.05351618898232809,0.03430151384781022,-0.6052354048403394,-0.00023608337105784916,7.699907093894343e-05,0.3006161971830986,1445.664644241333,0.7233635929288104,5,11,-6,21,11,2.0697674418604652,2.2,5,1,172,178,140,1.629088232715807,3.2706098549587783,289.9777054234139,0.05351618898232809,45573,19.953152364273205,28.69352014010508,256x256,65536,sparse,Learned,292,5,25,2140,30.856759305037585,0.5965030176428351,28.320049560814887,0.9982205565829179,0.6993838028169014,0.4475173967041721,15,19,0.0,31,2272,31.10957264580595,0.6454873328470006,0.9978755122514836,27.711186823161178,0.09401649292396386,0.6694951209164192,4126,31.60788475862658,0.6901714032684665,0.9989578254935383,30.714232596553614,0.10001587190245442,0.6532663316582915,0.19668821934529745,0.18312869739619586,-0.38253701157492515,-0.050290340830046576,True,0.6479563128980155,0.5721098986372082,0.6889781347612673,28.24071124548333,0.9983971302128085,7526
7527.png,0.7174119885823026,0.8671655753040225,0.9288577154308617,0.91600790513834,0.9420731707317073,0.9994521974360768,27.043648049413346,0.9995819946359656,27.831557306279407,1.0,0.5994833739091812,0.6237887451141101,30.68494731081628,0.5480756905675931,1920,4,2,4,9,1.9716312056737588,0.5,141,139,206.823376490863,2.458610923577708,0.033362028920009175,-0.012515018716967474,-0.5935963134627045,-0.000144784020796207,-2.7808329578160595e-05,0.24931756141947226,912.2071266174316,0.7507163323782235,4,2,2,4,9,1.9716312056737588,0.5,4,0,141,139,128,1.4879379603659195,2.458610923577708,206.823376490863,0.033362028920009175,45502,23.698958333333334,34.13333333333333,256x256,65536,sparse,Learned,261,4,23,1904,30.828354352834083,0.5864915098806694,27.72335777486748,0.9996098029655438,0.7506824385805277,0.4638457252683116,6,3,0.0,30,1742,31.13492912088327,0.6220528153766732,0.9994910324804674,26.957435518720658,0.4674081989931028,0.7,4946,32.00228140267268,0.722774168660156,0.9998051720037066,31.16028572103978,0.4620555624053255,0.7248868778280543,0.10819953141192684,0.13563764864086958,-0.1434070420178024,-0.03841581931307636,True,0.605446289628399,0.37767058124129305,0.7299270072992701,27.63724436287605,0.999596981456873,7527
7528.png,0.6688911704312115,0.9170530654301906,0.956732061273851,0.9544235924932976,0.959051724137931,0.9986922612540199,27.386270113669333,0.9986554773886775,27.85221343196968,1.0,0.6276794119468447,0.6109807337375734,30.44718443393737,0.5504716214908937,2364,5,7,13,11,2.022727272727273,1.4,176,178,285.1076477383251,3.3772809532555668,0.04818131191930445,-0.003104953599796234,-0.34266346369824063,-0.00013280882450128484,0.0001458037949280122,0.3341357727491574,1401.1406898498535,0.6821465428276574,5,7,-2,13,11,2.022727272727273,1.4,5,1,176,178,152,1.6017283580804762,3.3772809532555668,285.1076477383251,0.04818131191930445,45699,19.331218274111674,27.722504230118442,256x256,65536,sparse,Learned,296,5,25,2207,30.7973938762961,0.5992978579541417,27.74454872654576,0.9985096735937495,0.6658642272508426,0.4193669839650065,11,6,0.0,34,2350,31.117056633868504,0.6539576901666735,0.9985149836470366,27.664398105892992,0.49450757319292926,0.658679706601467,3896,31.462636197754147,0.6773495430413359,0.9992520899367849,30.46619667280161,0.44010163343459796,0.6579961464354528,0.1076647054239217,0.20831242798183824,-0.35020944235872875,-0.04882623646324802,True,0.6604044743550609,0.40349441030503164,0.6719961240310077,27.728933577367574,0.9988250700785212,7528
7529.png,0.6876996805111821,0.8812351543942993,0.936868686868687,0.9345088161209067,0.9392405063291139,0.9993071087186675,27.609647517997104,0.9994371718762288,28.105813238985636,1.0,0.6552721452327799,0.501872659298637,31.076829895027767,0.5688900051864985,2026,4,4,8,10,2.0,1.0,161,161,255.66399692442909,2.4918691556646215,0.04037875204125018,0.0005359602959630339,-0.39930021165013585,-0.0001180527744283344,-4.7842830406263914e-06,0.2937984496124031,823.782205581665,0.7269763651181744,4,4,0,8,10,2.0,1.0,4,0,161,161,143,1.5879751361765766,2.4918691556646215,255.66399692442909,0.04037875204125018,45218,22.318854886475815,32.34748272458045,256x256,65536,sparse,Learned,281,4,25,1944,31.302272481701763,0.6053702070395013,28.044909141478374,0.9994419561592695,0.7062015503875969,0.2786758556610579,12,1,0.0,32,1992,31.51876844687571,0.6499817593763794,0.9992977238651812,27.42457901128711,0.2830342964049105,0.6967792615868028,4523,32.187407270066366,0.7182409651148848,0.9997178978612608,31.34582622709999,0.23166497598204128,0.6992248062015504,0.06090409750726167,0.376596289571722,-0.22544258667399575,-0.036480201853002825,True,0.5648219407336433,0.28346868942621073,0.6871637202152191,28.00894772964724,0.9994251614930958,7529
7530.png,0.8173540439207284,0.9189627228525121,0.9577702702702703,0.9621040723981901,0.95347533632287,0.9989684415330422,27.162233792207317,0.9991636014127454,27.645966757780993,1.0,0.7274682069659875,0.8332671655746549,30.979214203162073,0.5880087106175897,2479,4,3,7,10,1.9898989898989898,0.75,198,197,304.5634918610409,2.952976613333731,0.04343358110948361,0.02204700447988972,-0.6644833181931311,-0.0002125411605105043,-2.6459028979242127e-05,0.20010055304172947,1067.192792892456,0.8313449023861171,4,3,1,7,10,1.9898989898989898,0.75,4,0,198,197,181,1.5460075728986828,2.952976613333731,304.5634918610409,0.04343358110948361,45182,18.225897539330376,26.43646631706333,256x256,65536,sparse,Learned,318,4,28,2407,31.456013290654088,0.6366423129097654,27.805149243965115,0.9991900604417246,0.7998994469582705,0.6617601433121683,5,2,0.0,40,2464,31.84559382511307,0.6824521429504865,0.9992104353050533,28.063747932955017,0.6724124724763104,0.7977867203219315,3760,31.998241565655768,0.6942460576703536,0.99957295075107,30.81465163800622,0.5260562649062812,0.7857142857142857,-0.15918248618412179,0.0657080636538192,-0.47679908749201516,-0.048633602292175615,True,0.7328646980341497,0.6106720896806412,0.7953070394408387,27.82671711040045,0.9991809826935527,7530
7531.png,0.4256120527306968,0.8413666870042709,0.9138502319416831,0.8954545454545455,0.9330175913396481,0.9990020582157828,29.516635586965123,0.9990456368159589,29.782957418671565,1.0,0.6988057880877979,0.27267718127387597,31.355499372488403,0.5815089145509003,2068,4,5,10,9,2.010928961748634,1.25,183,184,278.6934341759521,2.874203758812993,0.047642168633912914,-0.015962363013460656,0.2675736991591542,-5.595667433078155e-05,5.634958590994277e-05,0.5462235649546827,1096.3470935821533,0.4427952999381571,4,5,-1,10,9,2.010928961748634,1.25,4,1,183,184,164,1.5146382292171285,2.874203758812993,278.6934341759521,0.047642168633912914,44797,21.661992263056092,31.690522243713733,256x256,65536,sparse,Learned,303,4,27,2040,31.622806574379403,0.6239338171755122,29.27491536646358,0.998989287230049,0.45377643504531723,0.23224585001175058,14,1,0.0,35,1838,31.801470027873773,0.6523213433218046,0.9988109673647859,28.479764422567545,0.18217844255654692,0.4293413173652695,4493,32.45220678925077,0.7264089315756255,0.9993681034346105,31.619282621766423,0.07742650355148617,0.4593088071348941,0.5080420522079834,0.46655993807604734,-0.26730720189100055,-0.04242490262461196,True,0.7106157820609493,0.1937687084211106,0.44157441574415746,29.24906188780597,0.9990580148901136,7531
7532.png,0.619327731092437,0.8787632221318145,0.9354699003897791,0.9090909090909091,0.9634255129348795,0.9993544306090022,27.856157101688574,0.9994008274094247,28.077512816283825,1.0,0.5379120324163,0.7165902309325842,30.834471959767,0.5569788318307195,1896,5,0,1,11,1.9342105263157894,0.0,152,147,220.72287142747476,2.663718132596267,0.03185598156447687,0.019005410383331478,0.1704783579749929,-7.252604621121872e-05,7.0893689408935145e-06,0.39734582357533177,885.1261138916016,0.6277551020408163,5,0,5,1,11,1.9342105263157894,0.0,5,0,152,147,140,1.5015161321596906,2.663718132596267,220.72287142747476,0.03185598156447687,45336,23.911392405063292,34.565400843881854,256x256,65536,sparse,Learned,272,5,24,1855,31.118624070193665,0.59535893297359,27.7513767959573,0.9993937380404838,0.6026541764246682,0.35780105675876583,7,2,0.0,32,1894,31.37143284428941,0.6389482610962074,0.9993176664827785,27.34225201782963,0.40547945202980573,0.595895816890292,4792,32.122768056593195,0.7222471020416863,0.9996897529290729,31.27579888606717,0.26023933548499467,0.5969672785315243,0.3261360203265262,0.1801109756575342,-0.284152110426664,-0.03838010114287049,True,0.5434239503766853,0.3894122940947261,0.6003223207091055,27.68567874371358,0.9994269566552134,7532
7533.png,0.6180654338549075,0.8977519941986947,0.946121513183034,0.9163582531458179,0.9778830963665087,0.9989151025943965,28.547325616889058,0.9988160108867977,28.480294386682647,1.0,0.5180910099097975,0.5364776909370602,31.66668689263504,0.6044653493791042,1834,4,1,3,9,1.9473684210526316,0.25,114,111,173.237590053236,3.5328441534126016,0.03227403436268021,-0.007019774052386296,0.25293449135184076,7.369614893537602e-05,0.0001089390557514891,0.3340080971659919,1287.8673076629639,0.6584680252986648,4,1,3,3,9,1.9473684210526316,0.25,4,0,114,111,102,1.5606990094886128,3.5328441534126016,173.237590053236,0.03227403436268021,44605,24.32115594329335,35.73391494002181,256x256,65536,sparse,Learned,234,4,25,1818,31.832678334792966,0.6303444945056081,28.22760570677485,0.9987070718310462,0.6659919028340081,0.3880539237847034,9,4,0.0,37,1752,32.12956060073323,0.6675481735183065,0.9985006225963655,27.993825973179945,0.4081159024577764,0.6399726214921286,4964,32.96405332053305,0.7473070691120699,0.9995632967541298,32.744002303866765,0.4356044818806416,0.6582537517053206,0.25268867990779853,0.13003708612509413,-0.1659914421579245,-0.02587914512650391,True,0.5438802982143608,0.2917796465322,0.6250852079072938,28.294391125537217,0.9988414064454612,7533
7534.png,0.7231555880204529,0.8795620437956204,0.9359223300970875,0.9488188976377953,0.9233716475095786,0.9992217189929335,26.639424628266685,0.9994307385879577,27.285386681822715,1.0,0.5260562649062812,0.5526261887695278,31.200657413092216,0.5931677450218221,2203,6,1,4,14,1.9404761904761905,0.16666666666666666,168,163,261.249783362056,2.451330847683407,0.03314711351803332,0.005562995427860318,-0.8461392906577068,-0.0002299361704231062,-4.542654140360369e-05,0.2793821356615178,787.6758575439453,0.7659574468085106,6,1,5,4,14,1.9404761904761905,0.16666666666666666,6,0,168,163,150,1.6027594071291762,2.451330847683407,261.249783362056,0.03314711351803332,45081,20.463458919655015,29.748524738992284,256x256,65536,sparse,Learned,288,6,26,2097,31.517788321685423,0.6290877042544479,27.390504587608522,0.9994761651293613,0.7206178643384822,0.547665502141123,6,2,0.0,38,2186,31.883120886371348,0.6767232901083984,0.9994525698695397,27.3568097885209,0.5212930511800946,0.7210418094585332,3985,32.250300030539684,0.7061888726103404,0.9997477691362178,31.311201693337818,0.3766999610811098,0.7223367697594502,-0.10511790578580715,-0.02160923723484176,-0.3171309085932066,-0.03591995923262581,True,0.6062346084675301,0.3350211211775981,0.7175925925925926,27.48556391892439,0.9994516551633567,7534
7535.png,0.5020491803278688,0.8917364016736402,0.9427702515897152,0.9146995708154506,0.9726183685111238,0.9987541858926453,29.00445027745662,0.9987681504683499,29.194001518816997,1.0,0.6335891374778405,0.34675528870304356,31.40901650969664,0.5952140438072692,2236,5,9,15,10,2.0437158469945356,1.8,183,187,286.45079348883274,3.1474451184924184,0.039759534847761215,0.0027584001860248564,0.11059592985093047,-4.137205446230752e-06,8.370730520257386e-05,0.4791473586654309,1293.0567264556885,0.5253132832080201,5,9,-4,15,10,2.0437158469945356,1.8,5,1,183,187,158,1.53182242507397,3.1474451184924184,286.45079348883274,0.039759534847761215,44815,20.042486583184257,29.30948121645796,256x256,65536,sparse,Learned,303,5,28,2186,31.73278392085912,0.6385789505114856,28.944123008838453,0.9986844431631473,0.5208526413345691,0.3749977317172992,14,4,0.0,39,2218,32.038715522503644,0.6778233890232982,0.9984710005579572,28.80120745141494,0.48596017986839835,0.5405529953917051,4139,32.423132362302674,0.7179363290528663,0.9991270276507092,31.234076361793974,0.23065995974327203,0.5226851851851851,0.24987850997854366,0.2585914057605413,-0.3237674111624784,-0.043364906704216444,True,0.6276794119468447,0.21765115570258475,0.49929078014184397,28.89385434760569,0.9987583230980915,7535
7536.png,0.6784500339904826,0.8729208250166334,0.9321492007104797,0.9291784702549575,0.9351389878831077,0.9991340373356004,27.439879268117974,0.9993577503593399,28.232011854275967,1.0,0.6062346084675301,0.5540338636988987,30.527012885814067,0.5489551890104496,2219,5,7,11,9,2.022598870056497,1.4,177,179,266.13708498984784,2.783213681420364,0.04029969693021895,0.021094354288434203,-0.625486307960621,-0.0001896988204752592,1.2324536887486914e-05,0.36046511627906974,989.067792892456,0.6834239130434783,5,7,-2,11,9,2.022598870056497,1.4,5,1,177,179,157,1.486799357485182,2.783213681420364,266.13708498984784,0.04029969693021895,45567,20.53492564218116,29.534024335286166,256x256,65536,sparse,Learned,297,5,25,2071,30.96840682921336,0.5977315943491258,28.05842282395517,0.9993454258224524,0.6395348837209303,0.26550451363789895,14,3,0.0,31,2006,31.136366656560476,0.6353539475402832,0.9992210841107125,27.386928714990468,0.2762674300339062,0.6072303921568627,4238,31.70715390009783,0.696776298057199,0.9996232121556863,30.71784767576355,0.2721403652781055,0.6316440049443758,0.1735890303207981,0.3407300948296311,-0.4413939433992944,-0.04877640533867622,True,0.599883690343695,0.3323558787310711,0.6573556797020484,28.065365576078595,0.9993237361560756,7536
7537.png,0.7288659793814433,0.9227882037533512,0.9598438371444508,0.9534626038781163,0.9663110612015722,0.9984681336806439,27.62455064392058,0.9984137425914079,27.997858578559782,1.0,0.6151878554470214,1.0183871652003624,30.180839997443908,0.529752434235689,2111,4,5,9,8,2.013888888888889,1.25,144,145,220.7228714274747,4.0353108363019095,0.036205220287265354,0.027789658442108678,0.22770889538879402,6.82028250416078e-05,0.00019210239383760097,0.29302779132130663,1449.3346214294434,0.7466390899689762,4,5,-1,9,8,2.013888888888889,1.25,4,1,144,145,127,1.5222266994998244,4.0353108363019095,220.7228714274747,0.036205220287265354,45907,21.74656560871625,31.045002368545713,256x256,65536,sparse,Learned,264,4,23,2003,30.50433318541589,0.5769657100640874,27.428817784748126,0.9982216401975703,0.7069722086786934,0.6138110692760187,7,11,0.0,27,2014,30.730943578620558,0.6204534567197355,0.9977811984172347,26.80155786852263,0.26379745418859957,0.722249151720795,4492,31.433449585858824,0.6925569836017098,0.9991837576669796,30.757951871130942,0.18709648738098916,0.6995687589841878,0.5690407938116557,0.0013767861710026752,-0.3234931879719838,-0.047213275828398404,True,0.6753475326416503,0.6877652592919895,0.7010763209393346,27.396841748531784,0.9983999308556023,7537
7538.png,0.7546549835706462,0.9024930747922437,0.9487478159580663,0.946542707728065,0.9509632224168126,0.998877138519334,26.7654625333278,0.999017015260842,27.410364142628406,1.0,0.7047698330759857,0.8413171996861883,31.46826601676228,0.6159750946325228,2408,4,1,4,10,1.9689119170984455,0.25,193,190,279.1076477383252,3.208884143458747,0.03795724716490464,0.0030859459137424494,-0.5812681291558057,-0.00025389166441291966,-1.9695395481300615e-05,0.23964341898269537,1361.3927364349365,0.7824639289678136,4,1,3,4,10,1.9689119170984455,0.25,4,0,193,190,179,1.4689876196753935,3.208884143458747,279.1076477383252,0.03795724716490464,44863,18.63081395348837,27.21594684385382,256x256,65536,sparse,Learned,313,4,30,2380,31.941058192729585,0.6579291958391185,27.387757191334682,0.9990367106563233,0.7603565810173046,0.6406050418796497,6,10,0.0,41,2182,32.20216315437181,0.6885382481555901,0.9991160181280019,28.045469927933404,0.6780417284623241,0.748421052631579,3766,32.49956400803907,0.7109179807334951,0.999523963921205,30.92361441330659,0.5446398645695487,0.7553918990005261,0.022606951293724364,0.064164791196336,-0.4727921759673066,-0.041954101206595706,True,0.7484214469402435,0.6296598359248509,0.7515690376569037,27.346730662483605,0.9991310301837469,7538
7540.png,0.7445561139028476,0.8973941368078175,0.9459227467811159,0.9378723404255319,0.9541125541125541,0.9993031579777925,27.634724480283612,0.9993552065046656,28.138070679184487,1.0,0.5704426417892609,0.8474267508689253,31.259898778171046,0.5781389541667983,1883,4,3,5,7,1.9844961240310077,0.75,129,128,199.55129855222089,2.9428274585295093,0.032893587470689774,-0.01130484001792853,-0.18684163042478374,-9.820700659779469e-05,4.710396897056324e-05,0.25893566322478156,1086.0438346862793,0.7452282157676349,4,3,1,5,7,1.9844961240310077,0.75,4,1,129,128,117,1.5589945199392243,2.9428274585295093,199.55129855222089,0.032893587470689774,45064,23.932023366967606,34.804036112586296,256x256,65536,sparse,Learned,249,4,24,1771,31.41854450413472,0.6057317958594604,27.787198961216685,0.999308102535695,0.7410643367752184,0.42497015393584336,6,1,0.75,33,1880,31.672639903101,0.6504878286601554,0.9992352604438427,27.435949046964872,0.5204945410251058,0.7142857142857143,4724,32.388082975299255,0.7281995632665939,0.9996733175141386,31.402282055221843,0.446464046015712,0.7122186495176849,0.35087171796780225,0.1454724878534175,-0.1586457259636731,-0.027592841692662073,True,0.5893442472476544,0.49942608058837235,0.7558609539207761,27.821566110708396,0.9994013649843903,7540
7541.png,0.6701440635866865,0.8565022421524664,0.9227053140096619,0.9266846361185984,0.9187600213789417,0.9986986744448931,28.278988922415486,0.9988870321014994,28.75513603763878,1.0,0.7471604041952535,0.7159635307779987,30.570819202889417,0.5424911544027382,2183,4,8,16,10,2.043010752688172,2.0,186,190,303.7939392393402,3.225594780137462,0.046660966114035606,-0.025464718848443146,0.0867755442783178,-6.830513433553342e-05,0.0001382755979060235,0.2945032778618255,1197.6070404052734,0.6898989898989899,4,8,-4,16,10,2.043010752688172,2.0,4,1,186,190,160,1.598915469680737,3.225594780137462,303.7939392393402,0.046660966114035606,45639,20.906550618415025,30.021071919377004,256x256,65536,sparse,Learned,306,4,25,2183,30.769052138986122,0.5929471755208503,28.181931053080103,0.9987487565035934,0.7054967221381745,0.46085880107946964,9,7,0.0,30,2076,31.02466308048236,0.6335898225173067,0.9985438237092689,27.553773567896652,0.23746823405386697,0.702865761689291,4339,31.641186952765743,0.6968374585866718,0.9993170546777186,30.783991170423015,0.1125866928111009,0.6811949069539667,0.5732049845586786,0.2863016031157839,-0.198232936096705,-0.05045602111811209,True,0.7712212729547776,0.5521663055958053,0.6956087824351297,28.19221337813717,0.9987669795792287,7541
7542.png,0.675626423690205,0.9199263690750115,0.9582933844678811,0.9411487758945386,0.97607421875,0.9984109442578248,28.20310489902619,0.9983804419539671,28.38447127449593,1.0,0.7149241517755465,0.6871263707306811,31.262809299530137,0.59322130527348,2421,4,3,7,10,1.9898477157360406,0.75,197,196,288.10764773832517,3.6034589769876546,0.035542307595106674,-0.005262465198683897,-0.17470478548670343,-0.0001470569012573808,-3.514983555130691e-05,0.31601920558707985,1310.8386993408203,0.6796420581655481,4,3,1,7,10,1.9898477157360406,0.75,4,0,197,196,180,1.469936978256759,3.6034589769876546,288.10764773832517,0.035542307595106674,45017,18.594382486575796,27.0698058653449,256x256,65536,sparse,Learned,317,4,30,2409,31.67624838810208,0.6412781082461798,28.38911827731288,0.9984155917895184,0.6839807944129201,0.36787408157523405,15,14,0.0,40,2296,31.933760098067523,0.6779189872428273,0.9983191342062939,28.38764292273483,0.4803217737150016,0.6402625820568928,3693,32.12616715769098,0.6952673759238389,0.9990794409521182,31.077934116664405,0.3385582345114958,0.6650655021834061,-0.004647002816948742,0.3470500702003124,-0.4134390885719448,-0.048056802972699764,True,0.7355227387001761,0.5053970700329431,0.6808888888888889,28.377809684512894,0.9985580011590822,7542
7543.png,0.7862783810463968,0.9094933595671422,0.9526017516743946,0.9630208333333333,0.9424057084607543,0.998730281493266,27.35341674986355,0.9990385284237688,27.97227773393315,1.0,0.6710994981682316,0.7879432069897329,29.943564178018327,0.5248091385950219,2545,5,3,7,12,1.9811320754716981,0.6,212,210,316.5929291125637,3.023853787273731,0.031683878310912565,0.03985619857770273,-0.47588090767952096,-0.00023650638254846257,1.0374719004668798e-05,0.24409090909090914,1256.3064098358154,0.813894523326572,5,3,2,7,12,1.9811320754716981,0.6,5,0,212,210,193,1.507585376726492,3.023853787273731,316.5929291125637,0.031683878310912565,46151,18.133988212180746,25.750884086444007,256x256,65536,sparse,Learned,332,5,26,2473,30.448883249008823,0.5928155541358157,27.848777846307847,0.9990281537047642,0.7559090909090909,0.3953327202625524,13,7,0.0,29,2532,30.708069741361758,0.6436741214148508,0.9987877860064058,27.014346052522754,0.5695211748024971,0.7460538532961931,3656,30.919386249816235,0.6533519886636582,0.9993625848121904,29.567826819976712,0.34541249166821364,0.749885478699038,0.12349988762530373,0.27576677790567916,-0.5053190709904953,-0.06800641554079379,True,0.6902531722967792,0.5438802982143608,0.7464221824686941,27.82929765754307,0.9989667878758145,7543
7544.png,0.7396745932415519,0.9282115869017632,0.9627694317439582,0.9646596858638743,0.9608865710560626,0.9990935791096978,27.151548505057285,0.9992219524565081,27.48559659781251,1.0,0.5868729061217817,0.951086002810253,30.960771088350157,0.5741317895224463,2188,5,3,6,10,1.976608187134503,0.6,171,169,249.72287142747481,2.996483643849691,0.03403972599034689,0.009067257102045034,-0.23884746564331039,-0.0001249266806793159,-1.9392379147609162e-05,0.26360338573155984,1046.5712547302246,0.7523689197725837,5,3,2,6,10,1.976608187134503,0.6,5,0,171,169,155,1.47765012678979,2.996483643849691,249.72287142747481,0.03403972599034689,45348,20.725776965265084,29.952468007312614,256x256,65536,sparse,Learned,291,5,25,2022,31.252978587984362,0.6115917120414884,27.39222918873855,0.9992413448356557,0.7363966142684402,0.5187789598144248,7,4,0.0,35,2132,31.520913061394765,0.6595020753946661,0.9991030242572695,27.08063110910078,0.5668480404339246,0.7154031287605295,4001,31.927622578085114,0.6948820444989267,0.9996264170640355,30.98275690796722,0.5180910099097975,0.7264957264957265,0.09336740907395935,0.06809394630735688,-0.29220749963420545,-0.03745992251904218,True,0.6109315551227636,0.581048450752361,0.7306073361395069,27.390395970700595,0.9992185057903771,7544
7545.png,0.7423822714681441,0.8964365256124721,0.9453904873752202,0.9520993494973389,0.9387755102040817,0.9987377823001761,27.373454451108042,0.9989672252486322,28.05660832096821,1.0,0.6753475326416503,0.9691911391154882,30.55720679854977,0.5488522198395537,2260,4,3,7,10,1.9885057471264367,0.75,174,173,255.4802307403554,3.333636555178412,0.03348082045356818,-0.014167946872467252,-0.3873610411529107,-0.00011517122438287064,0.0001140840987069458,0.23535911602209947,1401.7353057861328,0.7682719546742209,4,3,1,7,10,1.9885057471264367,0.75,4,0,174,173,157,1.4767643395396257,3.333636555178412,255.4802307403554,0.03348082045356818,45659,20.203097345132743,28.998230088495575,256x256,65536,sparse,Learned,294,4,25,2145,30.841947780986935,0.5969937951090942,27.719375702325753,0.9988531411499253,0.7646408839779005,0.5804495208339244,7,10,0.0,32,2202,31.111416436445932,0.6478166730798822,0.9986700038689885,27.30210097356727,0.5595683454940007,0.7605088495575221,4032,31.551821444458938,0.6830200301735052,0.9993953837790516,30.65140059121918,0.5540283972708355,0.7353105763850027,0.33723261864245657,0.09489801180772583,-0.28474098243716384,-0.04814157526954055,True,0.7018027205701126,0.680180978183696,0.7565502183406113,27.760815492260953,0.9988529535245589,7545
7546.png,0.6965897693079238,0.8860050890585242,0.9395574743658932,0.9340128755364807,0.9451682953311618,0.9991097378997819,27.513004633154697,0.9992630839423093,28.161281274799972,1.0,0.790911986826717,0.6464561730250432,30.262931983973232,0.5421959493851599,2635,4,7,17,12,2.026315789473684,1.75,228,231,367.3624817342644,2.787057018593738,0.03920295621375487,0.00019508240090293505,-0.382548756294824,-0.0001559653137828132,3.288746231777662e-05,0.30042512990080306,975.7177829742432,0.7196969696969697,4,7,-3,17,12,2.026315789473684,1.75,4,1,228,231,199,1.590313773741402,2.787057018593738,367.3624817342644,0.03920295621375487,45895,17.417457305502847,24.87134724857685,256x256,65536,sparse,Learned,348,4,28,2579,30.8040615674509,0.60960912318362,27.92155198120529,0.9992301964799916,0.6995748700991969,0.46982357716131706,11,7,0.0,32,2570,31.055275967319027,0.6572463738754206,0.9991241259642021,27.566806161206717,0.5240773795284902,0.6842605801236329,3357,31.154663280165437,0.6514691609122941,0.9994656116121442,29.888385710986732,0.34368282677267803,0.687293339631554,0.23972929359468154,0.3210884096654,-0.5411295834776695,-0.06741317379846012,True,0.7197294801761884,0.46527356536800246,0.6963946869070209,27.89555338944952,0.9992657032135647,7546
7547.png,0.7725225225225225,0.9215469613259668,0.9591719378953422,0.9413092550790068,0.977725674091442,0.9995878713943728,27.422484144403047,0.9996335908726193,27.782118286005012,1.0,0.5156754310446374,0.8046070482120323,31.449177177939752,0.5914024184255172,1688,4,0,1,7,1.9304347826086956,0.0,115,111,163.09545442950505,2.545279726774796,0.028546724308233882,0.015040582378043621,-0.09833155020266915,-4.289486206676685e-05,1.956543770376129e-05,0.22494887525562368,853.478193283081,0.7815964523281597,4,0,4,1,7,1.9304347826086956,0.0,4,0,115,111,107,1.4693284182838293,2.545279726774796,163.09545442950505,0.028546724308233882,44832,26.55924170616114,38.824644549763036,256x256,65536,sparse,Learned,235,4,22,1596,31.6623733349524,0.612524867840151,27.57363871831865,0.9996140254349155,0.7750511247443763,0.5009255520148639,4,0,1.0,31,1466,31.854626960728325,0.6417045384803904,0.9995838340215192,27.29485539807557,0.42879093615118524,0.7446373850868233,5411,32.96276084373394,0.7554128320188188,0.9998691522509433,32.631144339233714,0.3051088052570894,0.7507537688442211,0.20847956768636067,0.014749879029773538,-0.21319615701264638,-0.021122449414633815,True,0.5156754310446374,0.41491608640829314,0.7574819401444789,27.520815694605716,0.9996307662564395,7547
7549.png,0.6597337770382695,0.8248,0.9039894782989917,0.8819503849443969,0.927158273381295,0.9993205103383422,27.246939021287083,0.9995238585169697,28.04571546230069,1.0,0.5292053810895769,0.5845900110915141,30.19936077537536,0.532615021720479,2047,6,2,4,13,1.950920245398773,0.3333333333333333,163,159,246.58073580374378,2.248874477082235,0.04355724074102763,0.03500650431099683,-0.3380715695242671,-0.00021483405488575968,1.409318519562941e-05,0.3386511965192168,762.2735500335693,0.71,6,2,4,4,13,1.950920245398773,0.3333333333333333,6,0,163,159,146,1.5508222377593937,2.248874477082235,246.58073580374378,0.04355724074102763,45772,22.360527601367856,32.01563263312164,256x256,65536,sparse,Learned,283,6,23,1981,30.65400765520061,0.5812388812200193,27.584954816587373,0.999509765331774,0.6613488034807832,0.30553629905765545,13,1,0.0,28,2032,30.9351661608841,0.6260415912752568,0.9994033146404172,26.941362448481367,0.37569179302103917,0.6533036377134372,4494,31.61108093101385,0.6991337262734071,0.9997403587680919,30.79546052619382,0.18179728995632227,0.6591070163004961,0.460760645713318,0.22366908203192148,-0.45464687982524765,-0.04862385949954029,True,0.5639507136784644,0.3296799539643608,0.6247272727272727,27.58501059081135,0.999535344393228,7549
7550.png,0.7575757575757576,0.900742741390952,0.9477797513321492,0.9361403508771929,0.9597122302158273,0.9991796522277312,27.325409836248973,0.9992837992912601,27.678487486929306,1.0,0.6697812614451066,0.6536826193528316,31.3379328184747,0.6070909873738368,2388,5,5,9,10,2.0,1.0,215,215,305.6518036156095,2.4259197662043017,0.028425966738790307,0.0326797385620915,-0.8047689332348895,-0.00024905460282254044,-0.0001270048135590951,0.2615384615384615,807.9893589019775,0.7804542326221611,5,5,0,9,10,2.0,1.0,5,1,215,215,196,1.4216362958865538,2.4259197662043017,305.6518036156095,0.028425966738790307,44775,18.75,27.44388609715243,256x256,65536,sparse,Learned,335,5,30,2299,31.927649582610528,0.6529443787570853,28.15007717702504,0.9994108041048192,0.7384615384615385,0.5707493589188244,7,0,0.30000000000000004,42,2208,32.22114657466318,0.6877713374979868,0.9994220923846446,28.353567555790626,0.43334237861777525,0.7160940325497287,3651,32.421140461329855,0.7070305955815906,0.9996467796563334,30.906254109976526,0.38474242991946783,0.7132530120481928,-0.47158969009573326,0.09903190252628224,-0.5897167641358259,-0.04585339138324851,True,0.6827293233862564,0.4462882924201145,0.7248960190136661,28.130178769483862,0.9994287068305537,7550
7551.png,0.7348295926849543,0.8718801996672213,0.9315555555555555,0.9217238346525946,0.9415992812219227,0.9992499463435246,27.019833475769342,0.999516425610065,27.947551355311457,1.0,0.5034146962085904,0.7002252696614504,31.12036423644907,0.5842916235392688,2123,6,2,4,12,1.950920245398773,0.3333333333333333,163,159,235.13708498984795,2.4420593311450234,0.036806721397509165,0.01562530806368423,-0.6326432340918231,-0.0002736492427817261,-8.654388491846632e-06,0.2463320463320463,841.7301177978516,0.8011945392491467,6,2,4,4,12,1.950920245398773,0.3333333333333333,6,0,163,159,147,1.478849591131117,2.4420593311450234,235.13708498984795,0.036806721397509165,44979,21.186528497409327,30.869524258125296,256x256,65536,sparse,Learned,283,6,27,2083,31.543234695468367,0.626729991171949,27.679914418680873,0.9995250799985569,0.7536679536679537,0.3616629789107606,9,1,0.25,37,1986,31.776457349763277,0.663188688512631,0.9994541334316838,27.465757846525104,0.408444635633185,0.7368012422360248,4285,32.31407530643467,0.7164136278140931,0.999780695584083,31.517197779491113,0.28107626656807383,0.75920245398773,0.2676369366305842,0.14175171729782976,-0.4228704590192969,-0.042438367632680274,True,0.5083558025390349,0.3559635789168587,0.7192042846212701,27.652476709861165,0.9995235955863063,7551
7552.png,0.5320754716981132,0.90625,0.9508196721311476,0.9505141388174807,0.9511254019292604,0.9990427033245334,27.57491312383944,0.9992063365477126,27.982679944077052,1.0,0.5116225293338128,0.3956161167203394,30.933704952359285,0.5731634776128972,2234,6,0,0,12,1.9298245614035088,0.0,171,165,251.2497833620561,2.829917906320583,0.033305767726110665,-0.013379073756432214,-0.2176464634134625,-0.00017295800048089394,-2.0834134737635068e-05,0.453939393939394,1126.4686584472656,0.5443599493029151,6,0,6,0,12,1.9298245614035088,0.0,6,0,171,165,159,1.5227259597700344,2.829917906320583,251.2497833620561,0.033305767726110665,45332,20.291853178155776,29.335720680393912,256x256,65536,sparse,Learned,291,6,26,2152,31.200795333604336,0.6121158383521339,27.84142866007834,0.9992271706824503,0.546060606060606,0.1597031023415686,20,1,0.0,35,2190,31.51992955981319,0.6592742960799162,0.9990753249303843,27.39319616201549,0.23603306475765973,0.5143380109823062,3954,31.930287304148386,0.693329095420833,0.9995564201439168,31.25151545843947,0.18941575402981292,0.5480535279805353,0.141251283998713,0.3519194269922442,-0.26709038124505113,-0.03895236073923669,True,0.5506710358827784,0.2178543368063115,0.5454545454545454,27.792559587252903,0.9992156613250143,7552
7553.png,0.726420986883198,0.8566037735849057,0.9227642276422765,0.9128686327077749,0.9328767123287671,0.9991888069287604,27.799342115366393,0.9992746049477859,28.43445632027742,1.0,0.6521555910829127,0.854390820007738,31.375212724454585,0.592871539703974,2250,5,15,26,9,2.106951871657754,3.0,187,197,318.2914139223987,2.598315803762426,0.0519200622562311,-0.00479465147966085,-0.34406239768602376,-0.00013133712267321407,1.8673104820177144e-05,0.27036813518406755,1026.3233184814453,0.7388059701492538,5,15,-10,26,9,2.106951871657754,3.0,5,3,187,197,152,1.6156924564588746,2.598315803762426,318.2914139223987,0.0519200622562311,45002,20.000888888888888,29.127111111111113,256x256,65536,sparse,Learned,307,5,28,2206,31.712698659200132,0.636557816422021,28.248107893605265,0.9992559318429657,0.7296318648159325,0.4660750537533823,8,3,0.7,38,2226,31.93812251497359,0.6779012375199867,0.9991672694627237,27.930875310895757,0.43258633120299617,0.7393136664659844,4246,32.354447936169784,0.7170461352439361,0.9996096887568383,31.240799558864985,0.3735537533023715,0.7205793602896802,0.18634842667215423,0.18608053732953034,-0.33748593474554767,-0.043686276718047035,True,0.6617601433121683,0.5654017914929217,0.7312156383628589,28.143404513052417,0.9993201440514337,7553
7554.png,0.6846275752773375,0.9086350974930362,0.9521307647402218,0.9488074461896452,0.955477445811365,0.9987935210365317,27.50295408257091,0.9989328283104058,27.784151337271336,1.0,0.6014809589154859,0.6958295220004576,30.329247516672112,0.5397347672136783,2280,5,5,12,9,2.0,1.0,163,163,248.0365799264597,3.343678294515317,0.030384883652339496,0.013263710154036046,-0.15842212828257374,-9.450517453513108e-05,4.972140201009445e-05,0.34508440913604765,1234.2948913574219,0.6900739176346357,5,5,0,12,9,2.0,1.0,5,0,163,163,142,1.5216968093647807,3.343678294515317,248.0365799264597,0.030384883652339496,45795,20.085526315789473,28.743859649122808,256x256,65536,sparse,Learned,283,5,25,2221,30.687769899003428,0.5934828957062535,27.60514214129693,0.9988831069083957,0.6549155908639523,0.5012027385936768,9,11,0.0,31,2248,30.96479359245734,0.6393336045020319,0.9987586126590281,27.18346505375065,0.3462302148701527,0.6673356748620171,4116,31.41252735156887,0.6831438684704062,0.9993457993076892,30.274565646924266,0.27552475942693855,0.6646884272997032,0.17900919597440534,0.10027822032180911,-0.3585223823313157,-0.05374812849257515,True,0.6046563925739001,0.42073776861921797,0.6713638651233015,27.661376210853483,0.9988880262110669,7554
7555.png,0.8029350104821803,0.9355531686358755,0.9667036625971143,0.964562569213732,0.9688542825361512,0.9986442623122281,27.178687367591255,0.9987920137059102,27.575163531161824,1.0,0.6500622508888447,0.9558425050675451,31.393302108076856,0.6054321845933114,2261,4,4,8,10,2.0,1.0,155,155,239.72287142747473,3.7578365864292267,0.030837196715750137,0.015593238330281589,-0.5863468137952488,-0.0002301474853549923,-4.778916680248102e-05,0.20497209538305428,1169.2025661468506,0.8195250659630607,4,4,0,8,10,2.0,1.0,4,0,155,155,137,1.5465991704998354,3.7578365864292267,239.72287142747473,0.030837196715750137,44951,19.881026094648387,28.985404688191068,256x256,65536,sparse,Learned,275,4,27,2060,31.758356785993357,0.6389880535893172,27.78338232836349,0.9988398028727127,0.7950279046169457,0.6067592791314017,6,5,0.0,41,2226,32.13089208684083,0.6850758448616716,0.9988742806331328,28.065645684059085,0.6183812988236732,0.7932098765432098,3928,32.41936471953294,0.7113889464584389,0.9994215044389868,31.165411155747375,0.46420304233254395,0.7920081967213115,-0.20821879720166692,0.04330297175744302,-0.3650546779165005,-0.03355586899600582,True,0.6849424630965867,0.654697119753376,0.7873417721518987,27.765034181386504,0.9988744097975831,7555
7556.png,0.6040843214756259,0.9014550264550265,0.9481739130434781,0.9518156424581006,0.9445599445599445,0.9991165711485875,28.901998461614816,0.9992117584379668,29.186578691011803,1.0,0.6535441896699425,0.291173021395463,31.740386538269377,0.6056958989804836,2012,4,3,4,7,1.9877300613496933,0.75,163,162,249.10764773832508,2.8971905796074426,0.030187122238399984,-0.022616909891840176,0.16860082050209257,-4.743978070487209e-05,4.244468557235148e-05,0.3677335075114304,963.8662338256836,0.6257545271629779,4,3,1,4,7,1.9877300613496933,0.75,4,1,163,162,152,1.5377015292489185,2.8971905796074426,249.10764773832508,0.030187122238399984,44536,22.135188866799204,32.57256461232604,256x256,65536,sparse,Learned,283,4,27,1946,31.914744686477764,0.6376342343233233,28.787794380623875,0.9991693137523945,0.6322664924885696,0.20942915037126442,16,1,0.0,41,2012,32.27660771154275,0.6798019846218699,0.9991446416037607,28.88635025596805,0.25023840776095874,0.6343381389252949,4640,32.83387723656071,0.7402764734532619,0.9995810761045649,32.22007977545147,0.18879198780743112,0.6220064724919094,0.39878431038792783,0.4441150392986781,-0.17435814820838758,-0.03193833534283974,True,0.6587022446990063,0.1917963227889833,0.626701231367466,28.733397641112724,0.9991640109292924,7556
7557.png,0.6917420814479638,0.8678696158323632,0.9292614521657836,0.9130434782608695,0.9460659898477157,0.9991207535306087,27.443069478930845,0.999168664899539,27.732655908371143,1.0,0.7471604041952535,0.6961084177796844,31.07077250987072,0.583202196212929,2311,4,9,21,14,2.054054054054054,2.25,185,190,319.59292911256364,2.6938307955458356,0.047648796733000175,0.0018408739836388577,-0.41258237476401405,-0.00015014848386207813,-7.822899906384517e-05,0.30119176598049835,1047.7478504180908,0.709478407178912,4,9,-5,21,14,2.054054054054054,2.25,4,0,185,190,150,1.68206804796086,2.6938307955458356,319.59292911256364,0.047648796733000175,45237,19.574643011683253,28.358286456079618,256x256,65536,sparse,Learned,305,4,27,2182,31.440530846228327,0.6268202459864142,27.90098976356067,0.9992468938986029,0.6988082340195017,0.4750458977219104,9,3,0.0,35,2246,31.663395611900775,0.6708761755539618,0.9991416723694069,27.71197156300463,0.44314731058147405,0.6663001649257834,3844,32.011181970180175,0.6966246615572734,0.9995638301104929,30.74059156234665,0.5034146962085904,0.6872628726287263,-0.16833385518952682,0.2721145064733431,-0.3697583363576058,-0.04361804977348516,True,0.7723623116161873,0.5376479066918036,0.6899012074643249,27.85565185369486,0.9992709020144708,7557
7558.png,0.7356927710843374,0.8851603281133482,0.9390822784810128,0.957258064516129,0.921583850931677,0.9992922913467553,26.616546020491167,0.9995512034567937,27.467423819606644,1.0,0.6849424630965867,0.6465071924376532,30.622790394967634,0.5539906083842633,2262,4,3,7,10,1.989010989010989,0.75,182,181,275.977705423414,2.4025261271130907,0.028927371205933795,0.03590568804672212,-0.5062992644768052,-0.00020978871151833278,4.633746975235553e-06,0.2793255131964809,822.7658271789551,0.782780410742496,4,3,1,7,10,1.989010989010989,0.75,4,0,182,181,165,1.5247387039967601,2.4025261271130907,275.977705423414,0.028927371205933795,45658,20.18479221927498,28.97259062776304,256x256,65536,sparse,Learned,302,4,25,2093,30.948921076512896,0.5995426489232838,27.117435688539977,0.9995465697098185,0.7206744868035191,0.3873736058155839,8,1,0.0,33,2234,31.201410793563674,0.6506845901593558,0.9994563342990221,26.862736279978883,0.4950689195281103,0.7221407624633431,4025,31.62225574122143,0.6840347993575353,0.9997679385438206,30.594973019750036,0.48609367936644843,0.7303206997084548,0.3499881310666666,0.2975688572810028,-0.32613068154526204,-0.04555204053902051,True,0.7003080004867537,0.4527541592363178,0.6997870830376153,27.122845284967973,0.9995020800582737,7558
7559.png,0.6844349680170576,0.9056737588652483,0.9505024190547078,0.9438285291943829,0.9572713643178411,0.9993114681746657,26.939324447017654,0.9993389468404302,27.142967401041496,1.0,0.6620982141052869,0.5181529452779153,30.826780520169766,0.5721944493873341,2136,4,8,16,9,2.051282051282051,2.0,156,160,255.10764773832508,2.8522061170675816,0.04648532390877195,0.011582734340081613,-0.3041958287848985,-0.00010031892192741143,-1.6986726667722607e-05,0.32216142270861836,956.5362930297852,0.6955287437899219,4,8,-4,16,9,2.051282051282051,2.0,4,1,156,160,131,1.5944227983645298,2.8522061170675816,255.10764773832508,0.04648532390877195,45403,21.256086142322097,30.681647940074907,256x256,65536,sparse,Learned,276,4,25,2020,31.256390674260057,0.6114713961578628,27.209159645463536,0.999355933567098,0.6778385772913816,0.3623718483782268,8,0,0.0,34,2006,31.468834707062157,0.651835159103649,0.9993044825672072,27.116233888311342,0.37655828588251095,0.6601351351351351,4332,32.05329441058218,0.7072464595544552,0.999700555507581,31.155765262179756,0.2846619136474401,0.6703146374829001,-0.06619224442204086,0.29972636572706013,-0.429610154090291,-0.03927694677052873,True,0.6587022446990063,0.34130850815196423,0.672852233676976,27.243520275802553,0.9994117870965931,7559
7560.png,0.6783988957902002,0.9020791415157612,0.9485190409026798,0.9301521438450899,0.9676258992805755,0.9991314553125823,27.356227412301713,0.9992237893760227,27.971690940357455,1.0,0.5073715301998645,0.6058328894088731,31.15092000029791,0.580466644930573,2009,5,0,0,10,1.9285714285714286,0.0,140,135,196.48023074035538,3.293869926248278,0.03315786785376951,0.017576239013396444,-0.3587183140723482,-0.00011590184093157596,2.774083367795832e-05,0.3503601833660773,928.7290573120117,0.6686787391012743,5,0,5,0,10,1.9285714285714286,0.0,5,0,140,135,130,1.4554091165952239,3.293869926248278,196.48023074035538,0.03315786785376951,45173,22.485316077650573,32.62120457939273,256x256,65536,sparse,Learned,260,5,26,2000,31.42796249575298,0.6166059589566953,27.811246413253606,0.9991960485423448,0.6496398166339227,0.3995044211877341,8,7,0.0,36,1966,31.673337988943867,0.6563460761878952,0.999165861797847,27.70648644268462,0.3363497498636806,0.6329365079365079,4457,32.277256732307464,0.7173597681491137,0.9996171137046244,31.287839044239483,0.3219752101919423,0.6456026058631922,0.1604445271038486,0.10786710901213037,-0.27704249545507054,-0.03613931402612236,True,0.5285772362608692,0.32022947431967896,0.6608226567768037,27.71494572637406,0.9992473571535139,7560
7561.png,0.6236641221374046,0.9088888888888889,0.9522700814901046,0.9395099540581929,0.9653815892997639,0.9992393260576866,27.992749858831004,0.99927947019735,28.27519377294902,1.0,0.5950533706734951,0.3867857454340148,31.44086194530695,0.5967084038426624,2183,5,2,5,11,1.964071856287425,0.4,167,164,266.8061325481601,2.4345239079641012,0.040633681122625824,-0.009063150589868063,-0.2002411748396895,-8.673133609049533e-05,3.1942539315044094e-05,0.3620689655172413,957.3986530303955,0.6391205458680819,5,2,3,5,11,1.964071856287425,0.4,5,0,167,164,151,1.626866661879023,2.4345239079641012,266.8061325481601,0.040633681122625824,44906,20.570774163994503,30.021071919377004,256x256,65536,sparse,Learned,287,5,27,2136,31.670014846531732,0.633423839067305,28.156986601280796,0.9992475276580349,0.6379310344827587,0.2682436622108364,13,0,0.19999999999999996,39,2156,32.06100928259315,0.6758303618406307,0.999187037947274,28.038318983137735,0.3516556589984903,0.6113125453226976,4216,32.433219808343885,0.7180107030323961,0.9995833481135015,31.32539402912416,0.218598882835919,0.617921146953405,0.11820717166822448,0.32680970846265867,-0.22915290122478282,-0.0367154352246426,True,0.599883690343695,0.23202646034329377,0.6327272727272727,28.192991033670694,0.9993260573937771,7561
7562.png,0.6574009728978457,0.876750700280112,0.9343283582089553,0.9336316181953765,0.935026138909634,0.9992556498777191,27.510586582228626,0.9993660712329512,27.956382727574038,1.0,0.5648219407336433,0.5390084300450664,30.238363490604772,0.526616106994886,1989,5,8,15,11,2.0416666666666665,1.6,144,147,238.8944443027285,2.768885225057602,0.0479102743097248,0.013574211424025373,0.10618274228748348,-3.9724165689980495e-05,8.450339563026432e-05,0.3245556287030942,994.265079498291,0.6917080085046067,5,8,-3,15,11,2.0416666666666665,1.6,5,1,144,147,118,1.6251322741682197,2.768885225057602,238.8944443027285,0.0479102743097248,45901,23.077425842131724,32.94922071392659,256x256,65536,sparse,Learned,264,5,23,1952,30.534873191124795,0.5738524110052724,27.32454949889876,0.9992815678373209,0.6754443712969058,0.42160601062199166,8,5,0.0,28,1924,30.777241139683138,0.6170399358166543,0.9991356486041338,26.71477453867947,0.26655304377571065,0.6423357664233577,4629,31.527919720260314,0.6998971434915667,0.9996667218581853,30.966288288735168,0.19690776955175548,0.6612589227774173,0.6318332286752764,0.14321593011165168,-0.2965097005200228,-0.047236304010386365,True,0.6604044743550609,0.3559635789168587,0.6438267614738203,27.404403839941143,0.9992953740434091,7562
7563.png,0.5399022801302932,0.8706624605678234,0.9308600337268128,0.9246231155778895,0.9371816638370118,0.9992881576144351,27.448624686256785,0.9994058948767103,28.603211380321664,1.0,0.6339553651959846,0.379891768902548,30.972222119008904,0.5621601387944848,1915,4,2,4,9,1.975,0.5,160,158,230.89444430272857,2.571184466779232,0.029507663116076634,0.007424333057318044,-0.4517165778378285,-4.885034861001891e-05,9.065170943234335e-05,0.4645418326693227,965.2233123779297,0.5554649265905384,4,2,2,4,9,1.975,0.5,4,0,160,158,147,1.4613572424223311,2.571184466779232,230.89444430272857,0.029507663116076634,45288,23.649086161879897,34.222454308093994,256x256,65536,sparse,Learned,280,4,24,1812,31.15887187614001,0.5947620140747417,27.944063414905507,0.9993152431672779,0.5354581673306773,0.3296799539643608,7,1,0.125,32,1840,31.441972348130406,0.639793367443216,0.9992156205971198,27.57744936468656,0.29354798607043664,0.4768370607028754,4985,32.28151306177239,0.7324244102080376,0.9996878129201243,31.68735807208691,0.15329251654961162,0.5514764565043895,0.6591479654161567,0.3042754112316238,-0.1866497571311072,-0.03260187528025693,True,0.6246889011486004,0.23731417167113078,0.5324779470729751,27.900341264094614,0.9993370079630451,7563
7564.png,0.6771513353115727,0.857487922705314,0.9232769830949284,0.8970309538850284,0.9511051574012056,0.9990787433864705,27.83691334335416,0.9991114589079964,28.348439677097726,1.0,0.581048450752361,1.0110121297506451,31.166366958025606,0.5861212602339814,2273,6,3,7,14,1.969387755102041,0.5,196,193,293.6223663640865,2.659384622865794,0.03201178920399637,0.027592836415325395,-0.01617632457749707,-6.054651977516201e-05,9.311089668051498e-05,0.3229847494553377,1011.1291408538818,0.7193396226415094,6,3,3,7,14,1.969387755102041,0.5,6,0,196,193,175,1.5213594112128819,2.659384622865794,293.6223663640865,0.03201178920399637,44995,19.795424549054115,28.832380114386275,256x256,65536,sparse,Learned,316,6,27,2103,31.51621162278323,0.6283571588095559,27.88733186298707,0.9990183480113158,0.6770152505446623,0.5695211748024971,7,9,0.0,38,2254,31.83740239914069,0.6742827093794201,0.9990640260946578,28.424022772574954,0.5110795861204792,0.6608695652173913,4054,32.214754105681365,0.7086389422662358,0.9994860736686225,31.19332308687042,0.30359102385457903,0.6523861171366594,0.4611078141106546,0.011527275949863913,-0.3498446647576259,-0.042235898575574526,True,0.6001503456551527,0.6067592791314017,0.6495584988962473,27.853089667931656,0.9991392899062457,7564
7565.png,0.6577319587628866,0.8760826115922719,0.9339488636363635,0.9208683473389355,0.9474063400576369,0.9992125179225143,27.87718630827648,0.9993116320827797,28.22734125871048,1.0,0.6335891374778405,0.4087598409586027,31.340638549510196,0.5891589266552784,2234,5,5,12,11,2.0,1.0,183,183,294.04877323527944,2.4977165721153303,0.0399328292940155,0.0016473026782305444,-0.088341264639201,-0.0001113720136991514,-2.3130630588119594e-05,0.32961260669730796,996.4115619659424,0.6737201365187714,5,5,0,12,11,2.0,1.0,5,1,183,183,160,1.6068238974605413,2.4977165721153303,294.04877323527944,0.0399328292940155,45014,20.149507609668756,29.335720680393912,256x256,65536,sparse,Learned,303,5,27,2103,31.563598312995058,0.6281218845798665,28.025256531366875,0.9993347627133679,0.670387393302692,0.29413645085433004,12,1,0.30000000000000004,38,2182,31.84193536302444,0.6702507125454387,0.9992776833028488,27.98316352835519,0.2482363753247958,0.6382699868938401,3966,32.250556690495316,0.7058740091109842,0.9996304058695858,31.201742239898106,0.2542264919086078,0.6529528865295289,0.20208472734360683,0.33945268662351047,-0.22295976348486235,-0.03896295792458815,True,0.6479563128980155,0.2648585194083154,0.656084656084656,27.965527572915683,0.9993238899362135,7565
7566.png,0.6637998436278343,0.8964474678760394,0.9453965723395775,0.9251170046801872,0.9665851670741646,0.9992156803826399,28.1960432827752,0.9993238857156811,28.655227827675056,1.0,0.4852119415431638,0.6837715107224818,30.85425185765123,0.5541829150472039,1915,4,1,2,10,1.9523809523809523,0.25,126,123,203.7228714274747,3.039795118664938,0.03666877600581257,0.004177202118400336,0.4456051620330932,-2.7832074348754787e-05,0.00010066483976289842,0.33160621761658027,971.0192680358887,0.6727969348659004,4,1,3,2,10,1.9523809523809523,0.25,5,0,126,123,114,1.6562835075404434,3.039795118664938,203.7228714274747,0.03666877600581257,45376,23.69503916449086,34.222454308093994,256x256,65536,sparse,Learned,246,5,23,1902,30.882283413198508,0.5886152028422527,27.86520327543365,0.9992232208759182,0.6683937823834197,0.43305897896307466,8,7,0.0,30,1692,31.214203330812925,0.6251423442385459,0.9990578357290701,27.189625836314555,0.2753018096700971,0.6208955223880597,4832,32.06723666554725,0.7224617390564807,0.9996135819560392,31.223384546677142,0.30766982641213814,0.6494845360824743,0.7900245522414053,0.05215296258008917,-0.0280315555472761,-0.03443228779504881,True,0.5053970700329431,0.3455761180911414,0.659622641509434,27.750438120742107,0.9992435124569886,7566
7567.png,0.727214377406932,0.8736369467607441,0.9325573433755563,0.9464906184850591,0.9190283400809717,0.9990890468722052,26.928474574928984,0.9993998298846327,27.774980911744617,1.0,0.7047698330759857,0.7169588616897214,30.261915971026983,0.5373020683802361,2308,4,6,11,9,2.0210526315789474,1.5,190,192,285.35028842544443,2.6375008959519235,0.025676705052349064,0.013094679556844846,-0.6236002273992263,-0.00028354645777595167,-1.1023627497275257e-05,0.27886323268206037,970.5791473388672,0.7676902536715621,4,6,-2,11,9,2.0210526315789474,1.5,4,1,190,192,170,1.4861994188825214,2.6375008959519235,285.35028842544443,0.025676705052349064,45858,19.869150779896014,28.395147313691506,256x256,65536,sparse,Learned,310,4,26,2302,30.745783627439728,0.5973955418676146,27.552261333316945,0.99941085351213,0.7211367673179396,0.39236555413182095,11,5,0.0,31,2238,30.971028880421496,0.6387160535741891,0.9993124640534805,27.18960709012219,0.4607090188331985,0.7019230769230769,4070,31.418521899508885,0.6827749362412214,0.9996759006202176,30.312027856753488,0.2356241436191573,0.7148784825133373,0.22271957842767165,0.3124042789441648,-0.48386765641274465,-0.06009347348737848,True,0.7315256767607634,0.5244738165072,0.7141196978500871,27.55207480232821,0.9993725933299812,7567
7568.png,0.4810281517747858,0.9080389768574909,0.951803383338653,0.9377358490566038,0.966299416720674,0.9986780148809457,28.370566652073368,0.9985978907154082,28.62163317672371,1.0,0.5831379803214916,0.42130509733478033,30.26227356388825,0.5221948274568207,1867,4,6,11,8,2.030534351145038,1.5,131,133,201.50966799187822,3.9437512368646286,0.037032059953845495,-0.04648380994770224,0.6313201934217965,0.00018688084147655548,0.000331900936219931,0.4735915492957746,1239.682912826538,0.4790167865707434,4,6,-2,11,8,2.030534351145038,1.5,4,1,131,133,112,1.5151102856532186,3.9437512368646286,201.50966799187822,0.037032059953845495,45914,24.59239421531869,35.10230316014997,256x256,65536,sparse,Learned,251,4,21,1719,30.41991421244012,0.5572247881147904,27.792344534213758,0.9982659897791882,0.5264084507042254,0.4185453059230718,9,5,0.0,27,1856,30.731202859088327,0.6068793206587848,0.9980435117587859,27.38001894107547,0.22452979252480532,0.46686567164179105,5061,31.66372596042575,0.7138383445429359,0.9991320651965336,31.41674624376199,0.1904958128252342,0.4783625730994152,0.829288642509951,0.16459267439841974,-0.15764064855186888,-0.035029960657969705,True,0.6151878554470214,0.2591817793182821,0.527511961722488,27.73924645865157,0.9984911340394691,7568
7569.png,0.7537834691501746,0.8801955990220048,0.9362808842652797,0.9606404269513009,0.9131261889663919,0.9988520699884567,26.626026101385115,0.9992613578019075,27.54396971966414,1.0,0.680180978183696,0.9024517530573599,30.986202066454624,0.5805773855068553,2248,4,4,11,12,2.0,1.0,166,166,263.2081528017134,2.9659294191613257,0.04326938538585666,-0.013055909088167339,-0.8861285640133936,-0.00030459390615067417,2.3886805035955305e-05,0.21539379474940334,1015.7842636108398,0.7962056303549572,4,4,0,11,12,2.0,1.0,4,0,166,166,143,1.585591281938031,2.9659294191613257,263.2081528017134,0.04326938538585666,45147,20.083185053380785,29.153024911032027,256x256,65536,sparse,Learned,286,4,27,2174,31.41546288383468,0.6244787468878504,27.417929376670852,0.9992374709968715,0.7846062052505967,0.530772083864004,6,2,0.0,35,2044,31.609148183521334,0.6615488879958669,0.9992109295116473,27.327249118899264,0.6171071140248879,0.7857142857142857,4130,32.11148782925764,0.705390004187663,0.9996446024517978,30.862536899239245,0.502171679826038,0.7980711271850512,0.1260403429932886,0.14940889431969206,-0.42926081738005806,-0.043901361380995096,True,0.7261021356685544,0.6552721452327799,0.7668393782383419,27.51215466539851,0.9991566638946073,7569
7570.png,0.6783625730994152,0.8941877794336811,0.9441384736428009,0.9458749343142406,0.9424083769633508,0.9986176260942226,28.173780906663907,0.9988352286917487,28.625762313071668,1.0,0.6724124724763104,0.6881295871224974,31.664154025647825,0.6164575514933315,2397,5,1,3,11,1.9611650485436893,0.2,206,202,317.63455967290645,2.926211300405484,0.04649264710563621,0.00920369459474224,-0.5810299136940955,-0.0002265116836416281,-5.139181344926413e-07,0.32393041842971326,1076.7159461975098,0.6981225296442688,5,1,4,3,11,1.9611650485436893,0.2,5,0,206,202,192,1.5724483152124058,2.926211300405484,317.63455967290645,0.04649264710563621,44492,18.561535252398834,27.34084272006675,256x256,65536,sparse,Learned,326,5,31,2362,32.12281291737446,0.6611381645970424,28.704663290848806,0.9988357426098832,0.6760695815702867,0.36024287488827555,15,8,0.0,43,2304,32.38784631506904,0.6987113013685506,0.9987825577446671,28.724738552179666,0.5302504297585735,0.6696811042360781,3805,32.626019411567654,0.7183996660737375,0.9993591862696896,31.496681426005935,0.3351420154375728,0.6594237128011337,-0.07890097777713834,0.31216959758803486,-0.45865889172663543,-0.044680613103710964,True,0.6975985984705002,0.48003823554273817,0.6691588785046729,28.754810820358003,0.9988441377778642,7570
7571.png,0.6963455149501662,0.8926218708827405,0.9432648799164636,0.9136884693189481,0.9748201438848921,0.9993728837415321,27.891844490672582,0.9993315985400896,28.05663622852725,1.0,0.599883690343695,0.4271785627649599,30.631743925476016,0.5516417264336103,2219,5,6,12,12,2.011627906976744,1.2,172,173,265.6223663640866,2.951672079951264,0.04385535859763983,0.010484990318048393,0.31908517883928056,3.4839656600782476e-05,6.628632698124637e-05,0.33251833740831294,975.3861427307129,0.6778693722257451,5,6,-1,12,12,2.011627906976744,1.2,5,1,172,173,148,1.5353894009484754,2.951672079951264,265.6223663640866,0.04385535859763983,45556,20.529968454258675,29.534024335286166,256x256,65536,sparse,Learned,292,5,25,2061,30.959431480863337,0.5968733222364171,27.674936346120273,0.9992653122131083,0.6674816625916871,0.45255867938815,8,3,0.0,32,2072,31.182068256612084,0.6413717712784837,0.9991931081574024,27.364740392053555,0.42879093615118524,0.6847498493068114,4276,31.73045317860606,0.6973093963355643,0.999623818869108,30.974432323504377,0.4240109717626249,0.6609124537607891,0.38169988240697705,0.14732501095554507,-0.3276875553873211,-0.04523159580280678,True,0.5918008047220773,0.2528046172043237,0.6858605246321178,27.572759311833302,0.9993380440849313,7571
7573.png,0.7492552135054618,0.8997975708502024,0.9472562599893448,0.9518201284796574,0.9427359490986215,0.9985986392712026,28.287783740912946,0.9988376367873244,28.66244399202763,1.0,0.7059483950483216,0.8969177299624922,31.23710522342042,0.5899784472113475,2490,5,10,18,11,2.0473933649289098,2.0,211,216,353.67619023324926,2.8918690014789457,0.05006958637248151,-0.015278250099814206,-0.3292686353793428,-0.0001555345293675625,4.019486128370442e-05,0.2225519287833828,1189.0108585357666,0.7837150127226463,5,10,-5,18,11,2.0473933649289098,2.0,5,1,211,216,182,1.637389769598373,2.8918690014789457,353.67619023324926,0.05006958637248151,45062,18.09718875502008,26.31967871485944,256x256,65536,sparse,Learned,331,5,29,2387,31.546993311102604,0.6347111981273478,28.556156169124147,0.9987974419260407,0.7774480712166172,0.6331701428264764,7,7,0.0,40,2366,31.899936154588243,0.67994919216562,0.9987531220552284,28.439504176223735,0.40547945202980573,0.7612966601178782,3647,32.037996904273854,0.6922109219596833,0.9993201071711444,30.99830920561655,0.2917796465322,0.7636003956478734,0.10628782290348227,0.0727782522218452,-0.30988808768218234,-0.04473275091600026,True,0.7047698330759857,0.6321205588285577,0.764533463605276,28.61705237629229,0.9987541738005702,7573
7574.png,0.7352445193929174,0.9052369077306733,0.9502617801047122,0.9469565217391305,0.9535901926444834,0.9993214497231199,27.35458716338785,0.9993213371411961,27.599195418196175,1.0,0.5323335729900908,0.8094830837087132,30.688404848663463,0.5494751370939476,1862,4,1,2,8,1.9482758620689655,0.25,116,113,176.9949493661167,2.9913837169778756,0.035466337153645076,0.025996870490096025,0.011664543019126228,-8.493524647490425e-06,8.45570119003547e-05,0.2654516640253566,1108.3738803863525,0.7658119658119659,4,1,3,2,8,1.9482758620689655,0.25,4,0,116,113,106,1.5663269855408555,2.9913837169778756,176.9949493661167,0.035466337153645076,45592,24.48549946294307,35.19656283566058,256x256,65536,sparse,Learned,236,4,22,1739,30.896910120838342,0.5809380182323797,27.339274392970875,0.9992367801292957,0.7345483359746434,0.5835546339796198,5,7,0.0,30,1796,31.126974363087978,0.6255480972780126,0.999050177562749,26.7928883545874,0.4566491309255002,0.7203791469194313,5038,32.01771774659289,0.7237001612528974,0.9996749509966617,31.592388904556238,0.5019938522443693,0.72421875,0.2599210252252995,-0.051221060989529055,-0.2085052721748788,-0.0314628811384321,True,0.6074141344684816,0.4916914666578055,0.7092476489028213,27.342922620368725,0.9993299432477674,7574
7575.png,0.706766917293233,0.8854595336076817,0.9392506365951255,0.9261119081779053,0.9527675276752767,0.999280014719746,28.25718333410895,0.9993134213842471,28.480722457468183,1.0,0.6833632306209467,0.8375803393420044,31.04755481044718,0.5691403326720105,2092,4,3,7,9,1.9884393063583814,0.75,173,172,263.37972567696715,2.734802235068613,0.03671887875788734,0.017490431505119308,0.14706753432340136,-6.69632887049243e-05,1.1767055299372053e-05,0.28552971576227393,958.0731391906738,0.73224043715847,4,3,1,7,9,1.9884393063583814,0.75,4,1,173,172,157,1.531277474866087,2.734802235068613,263.37972567696715,0.03671887875788734,45250,21.63001912045889,31.326959847036328,256x256,65536,sparse,Learned,293,4,25,1915,31.303726597386774,0.6062449843570553,28.146909184959927,0.9993016543289477,0.7144702842377261,0.4757120830414311,7,2,0.125,34,2040,31.545360881041134,0.6507083005826246,0.9992216284356212,27.892023079114843,0.32450376301480244,0.7037271004421983,4508,32.130620763430834,0.7158476094699849,0.9996308298006638,31.235523920658274,0.3064156054258804,0.6782051282051282,0.3338132725082552,0.20765114757951564,-0.25617178693959275,-0.03710465168504484,True,0.6927212613988687,0.5802097091918857,0.6892764857881137,28.11011579978555,0.999346978008451,7575
7576.png,0.7678018575851393,0.9167701863354037,0.9565780946208685,0.9596879063719116,0.9534883720930233,0.9990317631526685,27.79239407485996,0.9991905883211593,28.19132564255282,1.0,0.5918008047220773,0.9468403891537531,30.51771821742767,0.543265307345934,2220,5,2,4,11,1.9661016949152543,0.4,177,174,257.45079348883274,2.9336756151274774,0.029095404045894637,0.018242774692723063,-0.16602643697259722,-0.00012058735642050955,1.6795924983714627e-05,0.24080664294187426,1058.6724281311035,0.792690611216131,5,2,3,4,11,1.9661016949152543,0.4,5,0,177,174,162,1.4796022614300717,2.9336756151274774,257.45079348883274,0.029095404045894637,45632,20.554954954954955,29.52072072072072,256x256,65536,sparse,Learned,297,5,25,2220,30.767361466451135,0.5947178080109699,27.96677394811023,0.9991737923961755,0.7591933570581257,0.4620555624053255,9,5,0.0,30,2188,31.05520320006187,0.6391866667491667,0.9990432731817026,27.43080947179605,0.20584465676231378,0.7498503889886295,4254,31.58014827061589,0.6915781741881959,0.9995486540683628,30.620777129802484,0.18263266168257575,0.7477954144620811,0.2245516944425887,0.12974524231675177,-0.2496432490234639,-0.051452500665035816,True,0.6062346084675301,0.5740074125998693,0.7495590828924162,27.958420511832557,0.999152350509089,7576
7577.png,0.7696879643387816,0.9188988095238095,0.9577355564172159,0.9663536776212832,0.9492697924673328,0.9991507462792494,27.02441975167408,0.9993840248018081,27.715977142790912,1.0,0.6569914825812934,0.7611865313065732,30.534336992040064,0.5465735580391392,2081,4,3,8,9,1.9876543209876543,0.75,162,161,239.551298552221,2.770073997385708,0.030994779224343065,0.021742758859329525,-0.4948505302485202,-0.00016577497219338877,2.6043372249873187e-05,0.24740124740124736,1085.0131511688232,0.8062787136294027,4,3,1,8,9,1.9876543209876543,0.75,4,0,162,161,145,1.4878962642995075,2.770073997385708,239.551298552221,0.030994779224343065,45652,21.937530033637675,31.4925516578568,256x256,65536,sparse,Learned,282,4,24,2007,30.8341410264729,0.5915865005926668,27.51402571153383,0.9993579814295582,0.7525987525987526,0.5116225293338128,6,3,0.0,30,1904,31.036490567392754,0.6302847169143146,0.9992318107938756,26.94221802684918,0.39649442457295947,0.7475247524752475,4320,31.66989808110553,0.6973960348457594,0.9996899586440674,30.73670221144011,0.4700645116824316,0.7595473833097596,0.2019514312570827,0.14536895324748056,-0.2998040344328352,-0.04501294255352761,True,0.6569914825812934,0.5000930677240176,0.7479452054794521,27.5192702819226,0.9993165212514428,7577
7578.png,0.557632398753894,0.8896396396396397,0.9415971394517282,0.92578125,0.957962813257882,0.9992795459602916,27.784547600075822,0.9993714477612056,28.049639653237914,1.0,0.5342005023501717,0.5784067796450795,30.505457383670525,0.5365599904166322,1945,5,4,8,11,1.9855072463768115,0.8,138,137,215.40916292848993,2.7940035980680715,0.04422178926128656,-0.023727417900040293,0.21082676273056933,-9.817736572614866e-05,3.965473748668291e-05,0.4160419790104948,975.3239154815674,0.5619266055045872,5,4,1,8,11,1.9855072463768115,0.8,5,0,138,137,119,1.5723296564123341,2.7940035980680715,215.40916292848993,0.04422178926128656,45729,23.511053984575835,33.69460154241645,256x256,65536,sparse,Learned,258,5,23,1944,30.66595563950873,0.5792073371236612,27.59078103201142,0.9993317930237189,0.5839580209895052,0.41725174762601036,6,1,0.4,30,1944,30.965754537115785,0.6238913512714972,0.9991856191788275,26.988995686853325,0.41919100790451513,0.5558069381598794,4825,31.769963518880438,0.7116597095706001,0.999646004326955,31.092451116036713,0.23662050566314685,0.5547996976568406,0.45885862122649357,0.11694875472416133,-0.1604982558382062,-0.04264734670702908,True,0.5524647618955876,0.31954936379541243,0.5813598166539343,27.573720837345252,0.9993777233260177,7578
7579.png,0.5253549695740365,0.8606870229007634,0.9251282051282051,0.8921859545004945,0.9605963791267306,0.9995142852920096,28.326776539175174,0.9994443078383012,28.559200245889347,1.0,0.4831486655083008,0.5452584790328111,30.29837315506661,0.5149102787950542,1566,4,5,8,6,2.02,1.25,100,101,146.12489168102786,3.1167656445503233,0.05656398125120464,0.036718605937672844,0.5871353133160291,2.3958172480909035e-05,8.878941635881432e-05,0.5253411306042886,1019.24729347229,0.5168431183830606,4,5,-1,8,6,2.02,1.25,4,0,100,101,86,1.4467811057527513,3.1167656445503233,146.12489168102786,0.05656398125120464,45930,29.32950191570881,41.84929757343551,256x256,65536,sparse,Learned,220,4,19,1508,30.36506833721845,0.540612045005786,27.78631622731043,0.9993555184219424,0.4746588693957115,0.24205378865419724,7,0,0.625,24,1478,30.613752352624132,0.5831485198528228,0.999303719896049,27.332874096777417,0.2203334018058566,0.47729468599033814,5916,31.95644917323127,0.7436095461381458,0.999720108313081,31.557161603061044,0.15326172662676374,0.4870067372473532,0.7728840185789174,0.24109487685410358,-0.06669518215183956,-0.025701766210731725,True,0.4753374578934072,0.2591817793182821,0.48863636363636365,27.739641225859145,0.9994903271195287,7579
7581.png,0.7368724754760531,0.924812030075188,0.9609375,0.971445929526124,0.950653983353151,0.9983165518946961,27.16647002334165,0.9988206308270713,27.994764229121166,1.0,0.611320429098247,0.9447338297571788,31.200974639289605,0.5896914004041571,2069,4,12,16,5,2.1159420289855073,3.0,138,146,215.4802307403554,3.6457752870476763,0.038723532994555304,0.01645420359933314,-0.8508270557947242,-0.00045562400430820826,-3.3800035773356996e-05,0.2737430167597765,1144.862413406372,0.7649851632047477,4,12,-8,16,5,2.1159420289855073,3.0,4,1,138,146,117,1.475891991372296,3.6457752870476763,215.4802307403554,0.038723532994555304,45011,21.7549540840986,31.675205413243113,256x256,65536,sparse,Learned,258,4,26,2064,31.51003751599668,0.6239802753136133,27.972410533275593,0.9988544308628446,0.7262569832402235,0.547665502141123,6,6,0.0,35,1928,31.78638855416787,0.6640336975718064,0.9986975738583705,27.515321556689027,0.42015821666015374,0.7282976324689966,4324,32.36511825074831,0.7173637256762007,0.9994414858226803,31.41493659055601,0.5108078882036684,0.7280405405405406,0.022353695845573895,0.06365492695712405,-0.309062876707074,-0.0342888749094562,True,0.6246889011486004,0.590164737988921,0.7204182718767199,28.017297079136373,0.9987721758990044,7581
7582.png,0.5648038049940547,0.9024822695035462,0.9487418452935694,0.954375,0.9431747992588018,0.9987978680076369,27.67300841438905,0.9988828570813163,28.265496573922853,1.0,0.6587022446990063,0.37284101133485853,30.135360249052106,0.5201867497348744,2183,4,4,9,10,2.0,1.0,167,167,243.8944443027285,3.1900370463639676,0.0343996401348713,-0.013812547207203152,-0.33239292761424366,-0.00015972147806841974,7.544679364490658e-05,0.4104347826086957,1147.2868919372559,0.5894160583941606,4,4,0,9,10,2.0,1.0,4,0,167,167,148,1.4604457742678345,3.1900370463639676,243.8944443027285,0.0343996401348713,46045,21.09253321117728,30.021071919377004,256x256,65536,sparse,Learned,287,4,24,2135,30.437822481478165,0.5761168605321636,28.003432884277775,0.9988074102876714,0.5895652173913043,0.2394778179579452,16,3,0.0,29,2068,30.69279473041627,0.6158874688648227,0.998409689963542,27.289444090260908,0.3370867295215346,0.5246662797446314,4293,31.287123368519175,0.6820537702732518,0.9992033705829063,30.649892854151663,0.17701295104561987,0.5770796974985457,0.2620636896450783,0.4192244267410611,-0.3024622324260591,-0.055930110797289156,True,0.7149241517755465,0.26655304377571065,0.5786163522012578,28.005401342003292,0.9989575894857053,7582
7583.png,0.49393414211438474,0.8744075829383886,0.9329962073324906,0.9491961414790997,0.9173399627097576,0.998778839205718,27.55131032926789,0.9990988497198159,28.366960585355947,1.0,0.689633058734515,0.4531286426143588,31.08770620528748,0.5803929195025417,2168,4,3,9,11,1.989010989010989,0.75,182,181,267.7939392393403,2.9083931354375987,0.03430121021990656,-0.008603928951605055,-0.6966647124361955,-0.00031496769260719315,-2.1674348603006877e-05,0.5017221584385764,1069.8578357696533,0.5026706231454006,4,3,1,9,11,1.989010989010989,0.75,4,0,182,181,162,1.4795245261841987,2.9083931354375987,267.7939392393403,0.03430121021990656,45025,20.7679889298893,30.228782287822877,256x256,65536,sparse,Learned,302,4,27,2099,31.48963999698758,0.6234445846857541,28.18625990574827,0.9991205240684189,0.49827784156142363,0.3084977602358697,9,3,0.0,35,1954,31.695974129734267,0.65526343173355,0.9990280211583301,28.000506591809568,0.31156428397872993,0.4904679376083189,4370,32.31920223281244,0.7196972582372534,0.9994885900944356,31.32975219977762,0.18388499789819868,0.5109070034443168,0.18070067960767844,0.38113529849864525,-0.40193379170010246,-0.04305166518321246,True,0.7077074223191406,0.320682503643579,0.5025380710659898,28.247975041704084,0.9990938068983252,7583
7584.png,0.7363104731525785,0.9238830667402096,0.9604357798165137,0.9659746251441753,0.9549600912200684,0.9987352220577929,27.913110269317343,0.9989117904994392,28.262089689966402,1.0,0.6507614269779192,0.8406554423046305,31.432170003413425,0.6045810383065207,2411,5,4,8,11,1.9893617021276595,0.8,188,187,308.119841047145,2.88245401483901,0.05185572286147859,0.0007083789117408035,-0.36334666265037185,-0.00022552294856703625,-5.277302643147408e-05,0.2566137566137566,1095.0031280517578,0.7536466774716369,5,4,1,8,11,1.9893617021276595,0.8,5,0,188,187,169,1.6476996847440883,2.88245401483901,308.119841047145,0.05185572286147859,44835,18.596018249688925,27.182082123600164,256x256,65536,sparse,Learned,308,5,29,2371,31.77606769141224,0.6464226285812111,28.23151959696039,0.9989645635258707,0.7433862433862434,0.5358279508956382,8,7,0.0,41,2260,32.154483684958215,0.6881088999212479,0.9989483630449684,28.458434095956694,0.6082544891929943,0.7375661375661375,3842,32.336509196670335,0.7088465392090861,0.9994097436188016,30.952553881490683,0.4688587431728699,0.7265500794912559,0.030570093006012655,0.114933476082281,-0.34389768799881537,-0.04184159027469048,True,0.6590433718622983,0.5540283972708355,0.7356020942408377,28.276456931967715,0.9989607450063599,7584
7585.png,0.5851627554882665,0.922106824925816,0.9594751061366268,0.9459665144596652,0.9733750978856696,0.9989224219186146,27.567733787376497,0.9990118336558761,27.920493364562724,1.0,0.5438802982143608,0.6144619639905637,30.997915420642954,0.5649816875718784,1869,4,2,4,9,1.9661016949152543,0.5,118,116,184.82337649086293,3.5094857054241633,0.02884532460546047,0.036516083944740485,0.09894858467608714,-2.6679485471414743e-05,9.321063356426684e-05,0.4525862068965517,1176.7737865447998,0.5902985074626865,4,2,2,4,9,1.9661016949152543,0.5,4,0,118,116,105,1.5933049697488177,3.5094857054241633,184.82337649086293,0.02884532460546047,45324,24.25040128410915,35.06474050294275,256x256,65536,sparse,Learned,238,4,24,1857,31.14471137231159,0.597242809933234,27.51222962284146,0.9989186230223118,0.5474137931034483,0.2542264919086078,12,2,0.0,31,1656,31.392362590815978,0.6307033611752695,0.9986712956730174,27.303523561531314,0.4074578879645969,0.5663082437275986,5025,32.26256993121642,0.7305062963163375,0.9994902330168809,31.328317970260006,0.29978205077457054,0.5615942028985508,0.4082637417212638,0.289653806305753,-0.14679595166863635,-0.03226112236135559,True,0.5661255185670091,0.34786259800386077,0.548646671543526,27.46878520270041,0.998949101404086,7585
7586.png,0.7060552616108172,0.8951421800947867,0.9446702094404502,0.9569347688410387,0.932716049382716,0.9988369261196648,27.24321762857642,0.999000474385366,27.682772934468986,1.0,0.6637835062932667,0.7136963079676204,30.230454516369573,0.5277102584904538,2177,4,5,10,10,2.0121951219512195,1.25,164,165,248.55129855222094,3.1000270276534847,0.03130911630410198,0.0023728680550059167,-0.012247456874622031,-2.9583197904248237e-05,0.00011021699401458918,0.2833627278071722,1184.5228672027588,0.7234939759036144,4,5,-1,10,10,2.0121951219512195,1.25,4,0,164,165,144,1.5063715063770953,3.1000270276534847,248.55129855222094,0.03130911630410198,45976,21.118971061093248,30.1038125861277,256x256,65536,sparse,Learned,284,4,24,2095,30.505717238795196,0.5787991738475241,27.21234160571235,0.9988902573913514,0.7166372721928278,0.4651207645590315,7,2,0.0,28,1998,30.70513055355346,0.618191308476204,0.9986790441391561,26.55850079794782,0.5446398645695487,0.7051886792452831,4316,31.303865568648938,0.6840283968129852,0.9993862197854713,30.086832322073114,0.3499911044790358,0.717948717948718,0.47043132875663574,0.19866274173423515,-0.275262722425623,-0.051088915357070275,True,0.676966743577747,0.4831486655083008,0.7036823935558113,27.255465085451043,0.998866509317569,7586
7587.png,0.7110705596107056,0.9018890920170628,0.9484139698814483,0.9278996865203761,0.9698558322411533,0.9992311792944353,27.786567421032892,0.9992133030246859,27.93675366217112,1.0,0.6817760822095809,0.6721875001431152,30.753384865805344,0.5612157948984553,2198,4,5,10,9,2.0118343195266273,1.25,169,170,256.40916292849005,3.2765978673506067,0.03564886341801946,0.008646317186463248,0.3604758731959734,-2.324544670084805e-07,7.054365907510629e-05,0.30506478209658416,1121.4196681976318,0.6972909305064782,4,5,-1,10,9,2.0118343195266273,1.25,4,1,169,170,150,1.5082891936969987,3.2765978673506067,256.40916292849005,0.03564886341801946,45448,20.67697907188353,29.816196542311193,256x256,65536,sparse,Learned,289,4,26,2149,31.093393799618912,0.6083526439533489,27.46664462249167,0.9991427593656108,0.6949352179034158,0.5260562649062812,6,8,0.0,33,2194,31.350977638192795,0.6532789333828647,0.9990991253021057,27.261294939468783,0.6062346084675301,0.6799065420560748,4113,31.831133788220423,0.6963707814728958,0.9995888805177815,30.9436266788542,0.41957808485925774,0.6928948913681738,0.47010903967944984,0.15571981730329965,-0.3400089338135679,-0.04713684905489357,True,0.7077074223191406,0.4757120830414311,0.7024242424242424,27.42609154783692,0.9992314117489023,7587
7588.png,0.6908517350157729,0.8966049382716049,0.9454841334418227,0.9325842696629213,0.9587458745874587,0.9993803164241117,27.583512614634394,0.9995055442935864,28.173866125359478,1.0,0.6720847211004115,0.6822192457259764,30.721523671671292,0.552154952614721,2140,4,2,6,10,1.9774011299435028,0.5,177,175,255.03657992645964,2.4606683133012157,0.016747895546254887,0.002687850342024789,-0.16501210828946355,-8.968317732682696e-05,2.025576479147695e-05,0.3002257336343115,790.3985977172852,0.7082352941176471,4,2,2,6,10,1.9774011299435028,0.5,4,0,177,175,161,1.457351885294053,2.4606683133012157,255.03657992645964,0.016747895546254887,45555,21.287383177570092,30.624299065420562,256x256,65536,sparse,Learned,297,4,25,2041,30.993719952697308,0.5971110866644993,27.774450744603477,0.9994852885287949,0.6997742663656885,0.40249940538176254,8,0,0.5,32,2104,31.22537661332405,0.6439917386304347,0.9993910945369997,27.246513036774637,0.44981461834928504,0.7208955223880597,4223,31.741624772415573,0.6953103886739572,0.9997270660771334,31.012392932471222,0.33965971929501715,0.6860816944024206,0.39941538075600036,0.26958531571864897,-0.2721962810260159,-0.044956134049778274,True,0.6817760822095809,0.4651207645590315,0.6881638846737481,27.748524722923857,0.9994699996014386,7588
7589.png,0.6723095525997581,0.840625,0.9134125636672326,0.9425367904695164,0.886034255599473,0.9986234899456169,27.905421053737417,0.999093835436391,28.55903912837633,1.0,0.622807646436843,0.8143214904586538,31.36599643260917,0.5875014031452106,1902,4,11,20,8,2.106060606060606,2.75,132,139,227.48023074035535,3.412595505064184,0.0489272065999218,-0.031126252101869367,-0.24100287124044684,-0.00015725084955164892,8.967428980077852e-05,0.3231146535867566,1085.052728652954,0.7070835992342055,4,11,-7,20,8,2.106060606060606,2.75,4,1,132,139,104,1.6365484225924838,3.412595505064184,227.48023074035535,0.0489272065999218,44778,23.542586750788644,34.456361724500525,256x256,65536,sparse,Learned,252,4,25,1809,31.6402174661103,0.6194696765338047,28.06930768524613,0.9990041611465902,0.6768853464132434,0.7163459735002295,4,8,0.0,35,1846,31.8728407706788,0.6569718657171779,0.998947334555966,28.038987502837305,0.34652731542633364,0.6868872549019608,4819,32.629546888050214,0.7396980255719703,0.999539796460588,31.55346638627381,0.30618890681878774,0.6733698964046313,0.4897314431302,-0.0935383270633865,-0.2742210335011315,-0.03196827338859409,True,0.6302765554559411,0.5132477440400283,0.7034358047016275,28.146423924977864,0.9987807407951685,7589
7590.png,0.6219059405940595,0.9231730168644597,0.9600519649236765,0.9535483870967741,0.9666448659254414,0.9989235910329635,27.26303647956432,0.9989785616893263,27.64545593344423,1.0,0.6604044743550609,0.5812367857582664,31.21916387346249,0.5917557632163319,2149,4,5,12,10,2.0129032258064514,1.25,155,156,251.93607486307133,3.085327261494052,0.03165484962622756,-0.005663587821901794,-0.4545116925626509,-0.0001846882566173269,-9.640930788368252e-06,0.37642130460801915,1173.9301681518555,0.6288532675709001,4,5,-1,12,10,2.0129032258064514,1.25,4,0,155,156,133,1.6149748388658396,3.085327261494052,251.93607486307133,0.03165484962622756,45078,20.976268031642626,30.49604467194044,256x256,65536,sparse,Learned,275,4,27,2131,31.507839135741524,0.6274766329733017,27.670007712942354,0.9989882026201147,0.6235786953919809,0.40547945202980573,7,0,0.625,37,2126,31.85135107763031,0.6708377188412443,0.9989550122600116,27.71160728907404,0.4543154872506372,0.6286057692307693,4323,32.38602057940116,0.7185581060526415,0.9995098035523249,31.34491499500072,0.2526711775434951,0.6247030878859857,-0.02455177949812537,0.25492502232525516,-0.28867526227903184,-0.03572086975696975,True,0.5950533706734951,0.34586690852488455,0.6275695284159613,27.71754817212697,0.9991082792895808,7590
7591.png,0.5368543238537434,0.8757980266976204,0.9337871287128712,0.9101326899879373,0.9587039390088945,0.9988827407715583,27.979191975549615,0.9988659842785678,28.42881678553319,1.0,0.598280019902414,0.5018374121791066,30.325789564278,0.5331390986041522,2108,5,8,18,11,2.038216560509554,1.6,157,160,245.82337649086304,3.4551029729235703,0.028743587623723914,0.00333631831357728,0.015563476368743778,7.897076157892258e-06,0.00016113621176117032,0.4558743909041689,1269.0544128417969,0.5461233729485003,5,8,-3,18,11,2.038216560509554,1.6,5,0,157,160,128,1.536396103067893,3.4551029729235703,245.82337649086304,0.028743587623723914,45848,21.749525616698293,31.089184060721063,256x256,65536,sparse,Learned,277,5,23,2033,30.54929879229549,0.5791862944095494,27.907151779901213,0.9987048480668066,0.5441256090958311,0.36579600358037345,13,6,0.0,30,2036,30.900323097439927,0.6227524812553537,0.9985392344124958,27.43946286815358,0.2728128658376876,0.5171840354767184,4376,31.493706094073307,0.6919338700177639,0.9993163781586979,30.860456178440373,0.23725639025304945,0.5115131578947368,0.5216650056319772,0.23248401632204052,-0.22350922801749107,-0.04604719580539718,True,0.5852170883184187,0.2936838291647069,0.5335180055401662,27.96362849918087,0.9988748436954004,7591
7592.png,0.7209915611814346,0.89171974522293,0.9427609427609427,0.9395973154362416,0.9459459459459459,0.9988623449759947,27.20547467268275,0.9990678245861977,27.768849517872635,1.0,0.6972960458178572,0.8797530259381917,31.134781840355924,0.5929789048051459,2334,4,2,3,8,1.978494623655914,0.5,186,184,276.83556979968307,3.1973050025201615,0.0370390101691885,0.04057919004741395,-0.4466190127790597,-0.00021506679474914137,2.2102697900705515e-05,0.3171188026192704,1049.537181854248,0.7448055407565264,4,2,2,3,8,1.978494623655914,0.5,4,0,186,184,175,1.5045411402156663,3.1973050025201615,276.83556979968307,0.0370390101691885,45031,19.293487574978577,28.07883461868038,256x256,65536,sparse,Learned,306,4,28,2263,31.59195672903821,0.6365551198785492,27.64513434961315,0.999045721888297,0.6828811973807296,0.619288833951164,7,12,0.0,38,2198,31.84360372561207,0.6712368247861126,0.9989901258269613,27.691996323788754,0.6637835062932667,0.6892278360343184,4098,32.2522236382578,0.7100901112446326,0.9995266916663074,31.076730317647772,0.41891436633217993,0.6766381766381766,0.12371516825948348,0.07800721186669324,-0.4571748886822853,-0.04357621507340326,True,0.6171071140248879,0.5429018508913799,0.6804123711340206,27.65209368546181,0.9990774117707438,7592
7593.png,0.6575931232091691,0.8845618915159944,0.9387453874538746,0.9271137026239067,0.9506726457399103,0.999247727595147,27.467492550002536,0.9993288407445099,27.764008836743407,1.0,0.5818855165060807,0.561366383182722,30.90138422564869,0.5693202668511752,2158,5,3,6,10,1.9760479041916168,0.6,167,165,241.96551211459408,2.7324274057399727,0.029803260751839446,0.005900414875835702,0.034055521003633515,-8.843659967838757e-05,4.235419589204703e-05,0.31299212598425197,945.6048011779785,0.6855707106963388,5,3,2,6,10,1.9760479041916168,0.6,5,0,167,165,151,1.4664576491793564,2.7324274057399727,241.96551211459408,0.029803260751839446,45366,21.02224281742354,30.368860055607044,256x256,65536,sparse,Learned,287,5,25,1981,31.246742272414775,0.6095051836380032,27.444726491790096,0.9992864865486178,0.687007874015748,0.39211999566037214,9,4,0.0,34,2150,31.517181275422722,0.6573147809624833,0.9992618986654691,27.606242403890416,0.530772083864004,0.6640419947506562,4320,32.057287608949785,0.7083835750872796,0.9996640643055339,31.322217792654858,0.31442679841570675,0.6649214659685864,0.31928234495331154,0.18976552084570852,-0.3453580467660835,-0.04018491678682801,True,0.6062346084675301,0.34031972951561096,0.6516927083333334,27.433437028998902,0.9993361641948254,7593
7594.png,0.6572143452877398,0.8594507269789984,0.9244135534317985,0.9204152249134948,0.9284467713787086,0.9992682238494837,27.779629804060132,0.9994744964045064,28.305584077410842,1.0,0.6151878554470214,0.6420868256609544,31.125191832362162,0.572461641818894,1940,4,0,0,8,1.9487179487179487,0.0,156,152,219.7228714274747,2.631947785615921,0.025360226810640665,0.03723008092896718,-0.16512722730549,-0.00018908853136934134,2.094114364159516e-05,0.351394422310757,774.6822834014893,0.6938083121289228,4,0,4,0,8,1.9487179487179487,0.0,4,0,156,152,148,1.4455452067597008,2.631947785615921,219.7228714274747,0.025360226810640665,45166,23.281443298969073,33.78144329896907,256x256,65536,sparse,Learned,276,4,25,1895,31.331872841986335,0.6076485726206744,27.943813016188727,0.9994535552608648,0.648605577689243,0.3899935293729513,7,1,0.125,31,1896,31.57619091819114,0.650690162227139,0.9993526368831336,27.39140142235945,0.35780105675876583,0.617741935483871,4822,32.40366909474703,0.7324948794510401,0.9997263894963881,31.60929416418135,0.24421625854427453,0.653270291568164,0.36177106122211455,0.22519432607407008,-0.20668100962417313,-0.03518693080178037,True,0.6394050598269216,0.41055356517582076,0.6199842643587726,27.944757031365622,0.999457312380853,7594
7595.png,0.546875,0.9042553191489362,0.9497206703910613,0.9493127147766323,0.9501289767841788,0.9991254821090941,27.856344714048134,0.999275831605875,28.17665814496253,1.0,0.47059418229130545,0.48161330238686884,31.293452335512562,0.5832177418892739,1849,5,0,0,10,1.921259842519685,0.0,127,122,179.58073580374366,2.98365045720198,0.02790007335242785,0.016392022961203456,-0.09928084758850275,-0.00015752470791496886,-1.2269443573464933e-05,0.4465863453815261,1073.8146305084229,0.5775356244761106,5,0,5,0,10,1.921259842519685,0.0,5,0,127,122,117,1.4719732442929803,2.98365045720198,179.58073580374366,0.02790007335242785,44864,24.26392644672796,35.44402379664684,256x256,65536,sparse,Learned,247,5,24,1777,31.48027803428198,0.6120641853090216,27.86912984808502,0.9992881010494484,0.5534136546184739,0.2117973089062296,10,0,0.5,34,1842,31.767819437828003,0.6537385924303196,0.9991424505168777,27.580088986931024,0.3559635789168587,0.5643485211830536,5007,32.595439546053086,0.7411097042501184,0.9996664090518541,31.989426974344934,0.20873128001818397,0.5652866242038217,0.3075282968775106,0.25879687338507584,-0.18682569876941812,-0.028846443419747736,True,0.47270757595695145,0.22766225671991902,0.5304829770387965,27.955625561636637,0.9992830068170091,7595
7596.png,0.5433746425166825,0.8864503816793893,0.9398077895801721,0.9216269841269841,0.9587203302373581,0.9983435391546215,28.44700170667174,0.9983661850402251,28.764797049313593,1.0,0.6788991401294393,0.4109509904319805,31.010324912897143,0.5747014054040196,2399,5,8,13,10,2.0295566502463056,1.6,203,206,326.9777054234141,3.192287139117424,0.038164832154464076,0.020902732404322943,-0.5014258871927559,-0.0002614952852322272,-8.380751007830423e-05,0.4738771769019249,1358.1299781799316,0.5553470919324578,5,8,-3,13,10,2.0295566502463056,1.6,5,1,203,206,180,1.587270414676765,3.192287139117424,326.9777054234141,0.038164832154464076,45162,18.82534389328887,27.318049187161318,256x256,65536,sparse,Learned,323,5,29,2346,31.43077672090464,0.6260415831592911,28.95338392294115,0.9984499925503034,0.5261228230980751,0.29864201318327876,19,5,0.0,36,2158,31.609298756325526,0.6623755695726418,0.9983387009200955,28.552835801681262,0.24873738405311396,0.4900324524802967,3808,31.942113163861954,0.6947335136892278,0.9989086300119988,30.85254385880993,0.14852429707479253,0.5360544217687074,-0.18858687362755688,0.38025712694616054,-0.4204518080074955,-0.051340177755271554,True,0.7186061529401905,0.29531191028128656,0.5224719101123596,28.948427593864498,0.9986050344398537,7596
7597.png,0.705229793977813,0.88,0.9361702127659575,0.9327303561334087,0.9396355353075171,0.9987153351748495,28.02902112544801,0.9988330919059161,28.689146964233487,1.0,0.6753475326416503,1.0563606171211084,31.26119971912629,0.5871752419491306,2134,4,7,15,10,2.0375,1.75,160,163,269.4924240491754,3.4490266665816307,0.05187791407461882,-0.012025923277904194,-0.2878124447944401,-0.00012313956980325447,9.36380139135995e-05,0.2777777777777778,1360.1617813110352,0.7230196703880915,4,7,-3,15,10,2.0375,1.75,4,1,160,163,135,1.6533277549029144,3.4490266665816307,269.4924240491754,0.05187791407461882,44922,21.050609184629803,30.710402999062794,256x256,65536,sparse,Learned,280,4,27,2095,31.562077910553747,0.6277467120523509,28.288393498200648,0.9987394538920025,0.7222222222222222,0.7801918151522382,4,11,0.0,35,1924,31.773866931597375,0.6612043036130807,0.998546899945548,27.913793146918124,0.48829142221345756,0.7398457583547557,4360,32.35040144634076,0.718568362513648,0.999418249724261,31.788988200528475,0.37795126803744716,0.6925064599483204,0.4007534660328389,-0.10484428251058797,-0.30087819142745786,-0.040571470103220264,True,0.6957787359332959,0.7349932548702411,0.7172557172557172,28.31683357024245,0.9988384747446527,7597
7598.png,0.493708807669263,0.8829663962920047,0.9378461538461538,0.917519566526189,0.9590937696664569,0.9986319656663117,29.61778840410661,0.9985386948975992,29.673717997035713,1.0,0.5151908642326568,0.38623055602000117,31.633514977198885,0.5957323100256249,1911,5,3,6,11,1.9703703703703703,0.6,135,133,203.75230867899757,3.672349629578767,0.038471037922738156,-0.022887450628866157,0.42063180234752195,5.746873231471383e-05,0.00012868529140175333,0.4794117647058823,1345.5286026000977,0.4982476635514019,5,3,2,6,11,1.9703703703703703,0.6,5,0,135,133,118,1.5319722457067473,3.672349629578767,203.75230867899757,0.038471037922738156,44671,23.375719518576663,34.29408686551544,256x256,65536,sparse,Learned,255,5,26,1850,31.7932242569265,0.6256260976464565,29.20392837155753,0.9984100096061974,0.5205882352941177,0.27385096292630906,15,8,0.0,37,1756,32.06398334633367,0.659774974425254,0.9983489599887277,29.164738529672668,0.16007648464942437,0.5105140186915887,4938,32.84874526067889,0.7460710228544124,0.9990938987351506,31.920279489169452,0.12981340998503765,0.5159235668789809,0.4697896254781817,0.24133990130634775,-0.15970927972761473,-0.029893787620831613,True,0.5452466068320598,0.21059090012476545,0.5165962582981292,29.197156601759087,0.998574496933997,7598
7599.png,0.730702263493906,0.8933333333333333,0.943661971830986,0.9362089914945322,0.9512345679012346,0.9990559380455116,27.123787774397485,0.9992439010710752,27.793712109051768,1.0,0.7521669636327712,0.6898603902539818,31.224063725052172,0.5998654985908479,2502,4,2,5,9,1.981651376146789,0.5,218,216,317.9066376115486,2.5816251990991996,0.02611832300559615,-0.002990458878061708,-0.8103408457397769,-0.0002664124739334417,-4.448523500277801e-05,0.2690870261612387,874.5503425598145,0.7498545666084933,4,2,2,5,9,1.981651376146789,0.5,4,0,218,216,204,1.4717899889423525,2.5816251990991996,317.9066376115486,0.02611832300559615,45000,17.985611510791365,26.193445243804955,256x256,65536,sparse,Learned,338,4,30,2452,31.739377505675638,0.6479870480896309,27.94588160315969,0.999288386306078,0.7309129738387613,0.5768379176822511,7,2,0.0,40,2300,32.049257505360025,0.6864575342717604,0.9992359124518896,28.027479397192742,0.5164819663601022,0.7101996762007555,3589,32.155583431852136,0.6955131705123384,0.9995719513812368,30.657318056856187,0.5099918882062322,0.7220430107526882,-0.15216949410792324,0.17532904595052012,-0.5153137806234653,-0.048121549498783,True,0.6697812614451066,0.4620555624053255,0.7336927223719677,27.934128620137262,0.9993223505194451,7599
7601.png,0.6710046850598647,0.9132016632016632,0.9546318935071991,0.9375667022411953,0.9723298284449363,0.99865583218884,29.50132680706378,0.9985624554870304,29.58229920889027,1.0,0.569726115919881,0.7955457035949856,31.816595537420298,0.6099615771488602,2166,6,2,3,12,1.9581151832460733,0.3333333333333333,191,187,275.6518036156092,3.131094960017978,0.030253630574086275,0.0009279587171536763,0.08890711237691207,-6.999164155019333e-05,-8.344462109954875e-06,0.3273092369477911,1155.9784412384033,0.6676844783715012,6,2,4,3,12,1.9581151832460733,0.3333333333333333,6,0,191,187,176,1.4740738161262519,3.131094960017978,275.6518036156092,0.030253630574086275,44485,20.53785780240074,30.25669436749769,256x256,65536,sparse,Learned,311,6,29,2110,32.052470381014636,0.647166876182736,29.446667903608322,0.9985707999491403,0.6726907630522089,0.3749977317172992,14,9,0.0,40,1954,32.29216266959525,0.6771529075339479,0.9983971884270115,29.219643582151154,0.16833396944140444,0.669,4110,32.729564612560594,0.7310582946101292,0.998979156880161,31.371631885601477,0.05814358246698914,0.6219512195121951,0.13563130528194733,0.19472838420258176,-0.2358748435943383,-0.037205299033875816,True,0.5740074125998693,0.4566491309255002,0.670076726342711,29.412419694686868,0.9987258238303902,7601
7602.png,0.4967490247074122,0.9159178433889602,0.9561139028475713,0.9456593770709079,0.9668021680216802,0.9987515656995808,28.39759349030734,0.9987381137630909,28.522973441178028,1.0,0.49741977497457157,0.5736842818828051,30.664133498951813,0.5450492438174,1921,5,4,8,12,1.984,0.8,125,124,194.6101730552665,3.717977041244507,0.03967868413649734,0.007071605352573507,0.3322619178061572,2.70568689723083e-05,8.10888881020988e-05,0.4929214929214929,1296.42653465271,0.5103492884864166,5,4,1,8,12,1.984,0.8,5,0,125,124,105,1.5694368794779554,3.717977041244507,194.6101730552665,0.03967868413649734,45596,23.73555439875065,34.115564809994794,256x256,65536,sparse,Learned,245,5,23,1859,30.829643315065546,0.5830784694108726,28.001146218731705,0.9986570248749888,0.5070785070785071,0.218598882835919,12,2,0.0,29,1918,31.080546519858206,0.6266803288377659,0.9982879949987409,27.474553622413694,0.36328209540643375,0.48358016741790083,4660,31.82640101493243,0.7093419364495999,0.9992994893327046,31.06561089110646,0.18424104311996325,0.49517684887459806,0.5218272224463227,0.2788208921386526,-0.16550981611373317,-0.03802922559347255,True,0.5073715301998645,0.2910710719504892,0.4896774193548387,28.065331572501183,0.9987245088306085,7602
7603.png,0.7384764677341097,0.9044044044044044,0.949802890932983,0.9460732984293194,0.9535620052770448,0.9990389978045059,27.45739643388525,0.9991834905142091,27.734175917934035,1.0,0.7546329435470737,0.9346969144096077,30.236538502973502,0.5425908358478225,2478,4,9,16,13,2.0505050505050506,2.25,198,203,325.97770542341414,3.0652341607845193,0.039144073384186684,-0.01612178976831047,-0.023950086867422726,-0.00011382554504235642,3.158020854887589e-05,0.23899371069182385,1027.8677940368652,0.75,4,9,-5,16,13,2.0505050505050506,2.25,4,0,198,203,169,1.6058015045488354,3.0652341607845193,325.97770542341414,0.039144073384186684,45932,18.53591606133979,26.447134786117836,256x256,65536,sparse,Learned,318,4,26,2351,30.70010101654317,0.6002480010590828,27.474713204774098,0.9991519103056602,0.7610062893081762,0.39749942946195704,12,5,0.0,31,2472,30.95197674124543,0.6507940939102946,0.9989778700370223,26.87250076208795,0.504516993877097,0.7286897223575256,3448,31.169578000525313,0.6572579850406819,0.9993986103837608,29.40097763420188,0.526451053500765,0.7413372376769156,0.2594627131599374,0.3571335140851166,-0.4635625135696664,-0.0576571652112603,True,0.6788991401294393,0.6345649314743228,0.7545982575024202,27.481346520752673,0.9991528233495482,7603
7604.png,0.6262747450509898,0.9074645280690932,0.9514877102199224,0.9576822916666666,0.9453727506426736,0.9990040046113244,27.42645114218652,0.9991940213300728,27.808453526460347,1.0,0.6078065241064949,0.6169236432504349,31.546770261248163,0.6085853177593038,2269,5,0,1,11,1.945945945945946,0.0,185,180,272.07821048680233,2.7337941272838697,0.0337524745152307,-0.029806740868722592,-0.5118276140881655,-0.00024105841214427937,-6.296603925426414e-05,0.3309002433090025,865.2665615081787,0.643860720830788,5,0,5,1,11,1.945945945945946,0.0,5,0,185,180,173,1.5115456138155663,2.7337941272838697,272.07821048680233,0.0337524745152307,44731,19.713970912296165,28.88320846187748,256x256,65536,sparse,Learned,305,5,29,2198,31.905473560855672,0.6468349379788829,27.88468572471025,0.9992569873693271,0.6690997566909975,0.3393594963946611,11,2,0.0,41,2158,32.19133502240257,0.6837025274281529,0.9992167684773193,28.08994204033516,0.35853457917268017,0.6304750154225787,3998,32.57075063658133,0.7185008417703949,0.9996139369535748,31.42120984905704,0.3385582345114958,0.6513647642679901,-0.07623219824990102,0.2684470277118338,-0.3587032996075088,-0.03824962021957912,True,0.6201580371486213,0.382590155668766,0.6560814859197124,27.938278756274684,0.9992450630234687,7604
7605.png,0.6024890190336749,0.8599562363238512,0.9247058823529413,0.916796267496112,0.932753164556962,0.9992883964442736,28.71622033448415,0.9993303213141898,29.039039478216175,1.0,0.6447736190750484,0.36075414731092414,30.863542737706375,0.5549435367867743,1892,4,7,13,9,2.039473684210526,1.75,152,155,244.9360748630712,2.779232347482129,0.043959076916068054,-0.04096501996353963,0.02195821629980088,-8.728493614162947e-05,2.493571372697012e-05,0.3549723756906077,987.7462387084961,0.612691466083151,4,7,-3,13,9,2.039473684210526,1.75,4,1,152,155,130,1.5802327410520705,2.779232347482129,244.9360748630712,0.043959076916068054,45255,23.919133192389005,34.6384778012685,256x256,65536,sparse,Learned,272,4,24,1838,31.149211739459624,0.5937233866045152,28.649747891171764,0.9993053856004628,0.6450276243093923,0.3849181926864713,10,6,0.0,32,1740,31.361879924951296,0.6297256367344051,0.9992308096409033,28.277593683466606,0.19900835437921016,0.6332872928176796,4693,32.10427343963514,0.7199595793440752,0.9996387946155915,31.75072703996215,0.07385207555725004,0.6076826196473551,0.38929158704441136,0.25985542638857706,-0.2856690017532486,-0.03877984981774085,True,0.680180978183696,0.24537810880176958,0.6434540389972145,28.694262118184348,0.9993756813804152,7605
7606.png,0.7837384744341995,0.9082792207792207,0.9519353466609952,0.947502116850127,0.9564102564102565,0.9994138339429004,26.76747086345726,0.999542679949921,27.43182463409179,1.0,0.6535441896699425,0.7483985404589559,30.481954958543497,0.5436308147072082,2177,4,1,3,9,1.964705882352941,0.25,170,167,250.42135623730982,2.426526766664842,0.027349261679356484,0.03315932385504894,-0.7853067666698088,-0.00017313141528474407,-8.611474527353558e-06,0.2382057231245166,883.0866813659668,0.8081149619611158,4,1,3,3,9,1.964705882352941,0.25,4,0,170,167,158,1.4995290792653264,2.426526766664842,250.42135623730982,0.027349261679356484,45744,21.012402388608177,30.1038125861277,256x256,65536,sparse,Learned,290,4,24,2038,30.80152122126527,0.5883510681185531,27.431723943921106,0.9995512914244483,0.7617942768754834,0.6246889011486004,4,0,1.0,30,2110,31.007073266783944,0.6366634740044765,0.9994477133157639,26.735078280771315,0.44169905992882275,0.7530674846625767,4332,31.57163124500014,0.6911189240201143,0.9997832263748457,30.665766679837084,0.5934303402594009,0.7459831675592961,0.00010069017068303765,0.028855288521342115,-0.31956626272177147,-0.04472025341134489,True,0.6569914825812934,0.4916914666578055,0.7505791505791506,27.552777630127068,0.9995869653581851,7606
7607.png,0.6885113268608414,0.8571428571428571,0.923076923076923,0.9143835616438356,0.9319371727748691,0.9993575291055247,26.781502927808546,0.9995537795984432,27.566946160243425,1.0,0.5613265533520322,0.8566322766933172,30.442769109653668,0.5525636410245601,2091,5,1,2,10,1.9506172839506173,0.2,162,158,231.1370849898478,2.5461866826186945,0.036971760031138896,0.02516613113130406,-0.510217819694887,-0.00017905889346347958,-2.4485977703769812e-05,0.3065326633165829,815.2210712432861,0.7372322899505767,5,1,4,2,10,1.9506172839506173,0.2,5,0,162,158,150,1.462892942973719,2.5461866826186945,231.1370849898478,0.036971760031138896,45532,21.775227164036345,31.341941654710666,256x256,65536,sparse,Learned,282,5,24,2028,30.938366476325672,0.5984652839375215,27.48353200699889,0.9995782655761469,0.6934673366834171,0.4666468098431882,7,2,0.0,30,1898,31.151075096288334,0.6341920554809312,0.9994181475519097,26.509155841683185,0.41725174762601036,0.6780523255813954,4256,31.784934162794052,0.698380015435421,0.9997755476453123,30.919023834642555,0.3072893206928937,0.6985401459854015,0.08341415324453649,0.094679743508844,-0.4955973666720048,-0.04590164291296139,True,0.5700128695807603,0.48829142221345756,0.6633451957295373,27.291720747503433,0.9995365879989881,7607
7608.png,0.6426811237062593,0.9128486055776892,0.9544389481905754,0.953198127925117,0.9556830031282586,0.9982965911639956,27.72312565417733,0.9985890303620475,28.264799323440787,1.0,0.7509246953683317,0.5022345371012942,30.705429024180916,0.5596627351393869,2439,4,4,10,10,2.0,1.0,203,203,325.22034611053334,2.9729630559536036,0.036447587781109445,-0.009722722447586873,-0.37955591008644873,-0.00027858778598566225,-4.374064014212031e-06,0.3339787028073572,1169.985294342041,0.6698349174587294,4,4,0,10,10,2.0,1.0,4,1,203,203,183,1.6020706704952359,2.9729630559536036,325.22034611053334,0.036447587781109445,45544,18.673226732267324,26.870028700287,256x256,65536,sparse,Learned,323,4,27,2411,31.01996506355681,0.614742618665796,28.11641872801971,0.9985934044260617,0.6660212971926428,0.44010163343459796,12,9,0.0,35,2422,31.357028453954005,0.6638663272802438,0.9984340692705993,27.735620986607422,0.3995044211877341,0.6447368421052632,3707,31.58913898907841,0.6765622439415876,0.9990828771721817,30.501042866817592,0.3076191043949743,0.652489125181247,0.1483805954210773,0.31082306193373377,-0.3145360393758949,-0.055079883526409135,True,0.7665996360988487,0.3850128133781259,0.6524038461538462,28.10268156426378,0.9985751789499813,7608
7609.png,0.6875439831104856,0.9096638655462185,0.9526952695269527,0.9744936234058514,0.9318507890961263,0.9989990552655933,27.198247396554308,0.9993711142858983,27.92498146860156,1.0,0.6375975701675096,0.48605220661809057,31.25836234844169,0.586894952890514,2066,4,2,5,10,1.973856209150327,0.5,153,151,235.7939392393403,2.851828272825752,0.04584848004978783,-0.014047528825853917,-0.5453342797088858,-0.00029938214592273305,2.6224648967954067e-06,0.2947583390061266,957.2877883911133,0.7285502958579881,4,2,2,5,10,1.973856209150327,0.5,4,0,153,151,138,1.5615492664856951,2.851828272825752,235.7939392393403,0.04584848004978783,45039,21.800096805421102,31.721200387221685,256x256,65536,sparse,Learned,273,4,27,2064,31.519061949222035,0.6237006156539977,27.714448727803834,0.9993684918210015,0.7052416609938734,0.3701176494675643,9,3,0.0,36,1932,31.746165455071438,0.6598499131762006,0.9992896514724813,27.488555514003107,0.44169905992882275,0.697072838665759,4338,32.32310664621123,0.7175078342940827,0.9996602295743235,30.995841462040225,0.24923805888692374,0.7005494505494505,0.21053274079772422,0.2674799206999453,-0.26069960078034526,-0.03680566276348374,True,0.6535441896699425,0.3176565955115075,0.7015915119363395,27.743581676263194,0.999298437411516,7609
7610.png,0.7361682670324645,0.9030192131747484,0.9490384615384615,0.9472168905950096,0.9508670520231214,0.9983978082679029,27.388678133072126,0.998495924345339,27.702221418683646,1.0,0.64654531804122,0.9520315445914147,30.230129464483547,0.536302512073266,2513,5,9,16,11,2.042105263157895,1.8,190,194,302.0071426749369,3.424078521603032,0.049919855045610785,-0.013719675594160319,-0.1539609869682046,-0.00015928378241680807,-4.108509941924687e-06,0.24100719424460426,1581.984519958496,0.7591308368007397,5,9,-4,16,11,2.042105263157895,1.8,5,1,190,194,163,1.5567378488398784,3.424078521603032,302.0071426749369,0.049919855045610785,46046,18.323119777158773,26.078790290489454,256x256,65536,sparse,Learned,310,5,26,2483,30.566439848071543,0.5982443121770953,27.553573262453213,0.9985000328552809,0.7589928057553957,0.5132477440400283,10,13,0.0,30,2334,30.79730448776552,0.6406332240416404,0.9981320101842154,26.828747354033844,0.505616844714937,0.7480881691408007,3776,31.10240365071475,0.660552051092532,0.9989695455078397,29.226427137248052,0.6339553651959846,0.7545738509593931,0.1486481562304327,0.1332975740011917,-0.33631038358799614,-0.061941800103829325,True,0.680180978183696,0.6475537472619235,0.7498879426266248,27.54263912004033,0.9985570920503197,7610
7611.png,0.6989765201685731,0.8669833729216152,0.9287531806615776,0.9142141515341264,0.9437621202327084,0.9992311914180229,27.923940260572827,0.9993207802962218,28.396327689092864,1.0,0.7341970409110734,0.523547312503155,30.204328874147485,0.5259860614115028,2221,4,9,16,10,2.053475935828877,2.25,187,192,307.3208511739215,2.784901325715417,0.05522687108797266,-0.016800742012401337,0.3374645846655149,-3.1506322482388605e-05,0.00010510106976369116,0.2791762013729977,940.4687881469727,0.7146268656716418,4,9,-5,16,10,2.053475935828877,2.25,4,1,187,192,161,1.6006294331975062,2.784901325715417,307.3208511739215,0.05522687108797266,45954,20.690679873930662,29.5074290859973,256x256,65536,sparse,Learned,307,4,24,2080,30.524480332135454,0.5779745774201492,27.62173261624113,0.9992156792264582,0.7208237986270023,0.5583081699447467,7,3,0.0,30,2156,30.776763379103937,0.6280641112346824,0.9990933759123836,27.09235957290122,0.36089869966434773,0.6784492588369442,4099,31.258071853819832,0.6754011231640278,0.9995716264664457,30.41312081803291,0.15982606362188834,0.6903153153153153,0.774595072851735,0.17588887096632666,-0.3201514579879685,-0.0519885160086464,True,0.7630722413178782,0.3995044211877341,0.7157772621809745,27.586475675907312,0.9992626977405052,7611
7612.png,0.7536115569823435,0.8685669041963578,0.9296610169491526,0.9360068259385665,0.9234006734006734,0.9992109709214215,26.14465707820575,0.9995369690298556,27.3710521648158,1.0,0.5682894765709203,0.8345896453402846,30.54183126096767,0.5555161476105168,2116,5,3,7,12,1.9745222929936306,0.6,157,155,239.4802307403554,2.514444662507173,0.028930877097445167,0.06141297542205981,-0.8790593699786271,-0.0002738251226435118,1.3840902137851607e-05,0.28385228095582915,869.4078922271729,0.8044925124792013,5,3,2,7,12,1.9745222929936306,0.6,5,0,157,155,138,1.5450337467119692,2.514444662507173,239.4802307403554,0.028930877097445167,45579,21.54017013232514,30.97164461247637,256x256,65536,sparse,Learned,277,5,25,2109,30.97644234435272,0.6034619244308286,27.102727453594753,0.9995231281277177,0.7161477190441708,0.5083558025390349,6,1,0.4,30,1966,31.188989488392366,0.637927980652546,0.9994453649221766,26.709702382568025,0.4273611269747848,0.7177650429799427,4256,31.7773119591915,0.698111022943695,0.9997758994920197,30.754481570508684,0.44874377267795507,0.7113030957523399,0.26832471122104806,0.05993367403188543,-0.4346110833850503,-0.04794577682031176,True,0.5768379176822511,0.48142295313725825,0.6921985815602837,27.023716448184377,0.999484796044065,7612
7613.png,0.7060486150367439,0.8876790830945559,0.9404978749241045,0.9336949969861362,0.9474006116207951,0.9991227995736179,27.146296348876973,0.9992952798145562,27.679210182892113,1.0,0.6604044743550609,0.742696007315963,30.422132207074664,0.5490811366943901,2394,5,5,12,11,2.0,1.0,198,198,307.07821048680245,2.8150055914214165,0.03931103844150922,-0.02219394532260477,-0.397693693494098,-0.000198653073430477,9.138363315397413e-06,0.2795341098169717,975.6319522857666,0.7235127478753541,5,5,0,12,11,2.0,1.0,5,1,198,198,175,1.5509000529636465,2.8150055914214165,307.07821048680245,0.03931103844150922,45741,19.106516290726816,27.375104427736005,256x256,65536,sparse,Learned,318,5,27,2366,30.91999961945377,0.6071411412770651,27.52307407279138,0.9992861414512408,0.7204658901830283,0.39709762849615793,10,4,0.0,31,2152,31.03753221552215,0.6433903933725124,0.9991656022657024,27.007550054735674,0.5654017914929217,0.6916299559471366,3908,31.476665464337064,0.6799110309415226,0.999578997392731,30.03701292312504,0.3698631001275111,0.7013774104683196,0.15613611010073214,0.26330684585890296,-0.4978674123791045,-0.05806000458267502,True,0.6604044743550609,0.490479766317101,0.7282425603593486,27.54399004237107,0.9993214526470484,7613
7614.png,0.597930524759793,0.8812095032397408,0.936854190585534,0.9459041731066461,0.9279757391963609,0.9992163154840334,27.14457063529784,0.9994040694791498,27.50330608718574,1.0,0.4916914666578055,0.6170594087568142,31.183267219283806,0.5870712320034709,2160,5,0,0,10,1.9375,0.0,160,155,225.72287142747473,2.5734682589769364,0.027273707326906788,0.003373651068236838,-0.45186603156032845,-0.00019407440699314993,-3.852165947781927e-05,0.38456040028591854,782.5078964233398,0.6275704493526276,5,0,5,0,10,1.9375,0.0,6,0,160,155,150,1.4562765898546741,2.5734682589769364,225.72287142747473,0.027273707326906788,45088,20.874074074074073,30.340740740740742,256x256,65536,sparse,Learned,282,6,27,2108,31.52201397953411,0.6273156371858074,27.56941637892188,0.9994425911386277,0.6154395997140815,0.3084977602358697,9,1,0.25,35,1934,31.72336690674158,0.6605432281631068,0.9993245183028037,27.335803911861284,0.313397666957699,0.6162046908315565,4067,32.23203064205224,0.7070859233193713,0.9997181386074203,31.29683915309549,0.22791965973146044,0.6273115220483642,-0.06611029173613758,0.18319370642193578,-0.33874676025030226,-0.04024440518233652,True,0.5196946989102006,0.320682503643579,0.5945568736915562,27.596436666858168,0.9994103898910266,7614
7616.png,0.6827338129496403,0.8917937545388526,0.9428023032629559,0.9381207028265852,0.9475308641975309,0.999065852441664,28.101637601464095,0.9992413750176906,28.412903352431947,1.0,0.6132589765454988,0.7277366043388198,31.36492882115114,0.5956334854908752,2001,4,5,8,9,2.013793103448276,1.25,145,146,226.93607486307118,3.0450528342148355,0.03454349227669912,0.02638307149251584,-0.06246864025780141,-0.00012391549807178048,2.857010214341038e-05,0.32337662337662343,1122.6215362548828,0.7117903930131004,4,5,-1,8,9,2.013793103448276,1.25,4,0,145,146,128,1.5543566771443216,3.0450528342148355,226.93607486307118,0.03454349227669912,44702,22.339830084957523,32.751624187906046,256x256,65536,sparse,Learned,265,4,26,1949,31.759871076031054,0.6318362284981692,28.11943858330725,0.9992128049155472,0.6766233766233766,0.48055793741295183,8,5,0.0,37,1994,32.044852246492034,0.6726676373396189,0.9991347119162031,27.98744680444234,0.4566491309255002,0.6723348593852191,4715,32.72432877561407,0.7414812778620027,0.9996438370635545,31.84203799136826,0.2611118300376192,0.6651699807568955,0.29346476912469655,0.13270103913254694,-0.39494225487991486,-0.03620274300729398,True,0.611320429098247,0.44488025323490854,0.6563507414571245,28.164106241721896,0.9991897679397358,7616
7617.png,0.8313891834570519,0.925498426023085,0.9613079019073569,0.9494079655543596,0.9735099337748344,0.999553964754225,27.185061922947767,0.9995838766660614,27.481412268568818,1.0,0.4456727152654929,1.2620516400362036,30.269058964817177,0.5179851055645663,1684,4,0,0,8,1.92,0.0,100,96,135.95331880577396,3.0868411302566527,0.03335082726381724,0.03758473040768118,0.7125363988866411,3.770795161928131e-05,0.00010843931358106573,0.1856866537717602,1006.7002773284912,0.8676627534685165,4,0,4,0,8,1.92,0.0,4,0,100,96,92,1.416180404226813,3.0868411302566527,135.95331880577396,0.03335082726381724,45997,27.31413301662708,38.91686460807601,256x256,65536,sparse,Learned,220,4,20,1637,30.330114657064104,0.5481550400424807,26.482346831501744,0.9994754373524803,0.8143133462282398,0.45773474668601677,5,5,0.0,25,1584,30.568697604815274,0.5945100620855656,0.999404528978189,25.918978220218154,0.3219752101919423,0.8075435203094777,5194,31.627521127776244,0.7149421445927328,0.999814566302354,31.06997684766771,0.5893442472476544,0.8213228035538006,0.999065437067074,-0.012062031420523867,-0.06105569224692786,-0.030169934477914384,True,0.4620555624053255,0.5831379803214916,0.7938044530493708,26.472525524061126,0.9995162568026057,7617
7619.png,0.631004366812227,0.8885734563520227,0.940999624201428,0.9364248317127898,0.945619335347432,0.9990844386311429,27.113229879504495,0.9993096713776622,27.827315649353878,1.0,0.6014809589154859,0.391441423514604,31.384108223781748,0.5958462086953336,2000,4,1,3,9,1.9568345323741008,0.25,139,136,209.1665222413707,3.179036648153401,0.03259245352455419,-0.0026589995244066245,-0.8730218868786821,-0.00026505642929863793,-2.9362446468561565e-05,0.3721093202522775,937.028169631958,0.6488661302121433,4,1,3,3,9,1.9568345323741008,0.25,4,0,139,136,127,1.5379891341277243,3.179036648153401,209.1665222413707,0.03259245352455419,44901,22.4505,32.768,256x256,65536,sparse,Learned,259,4,26,1924,31.740971925815828,0.6296652093159688,28.08501774091436,0.9993390338241308,0.6278906797477225,0.27239721158540453,10,1,0.0,37,1998,31.971634926552834,0.6704249664948428,0.9992911008451827,27.935337705464637,0.27385096292630906,0.584561403508772,4526,32.55505354204756,0.7297797023240945,0.9996660710974814,31.358707530017757,0.220225107258049,0.636427076064201,-0.25770209156048196,0.3290837473300814,-0.35686370203407947,-0.03381900062063525,True,0.6209169618966012,0.24305261944916867,0.6336633663366337,27.986251766383177,0.9993494950604416,7619
7620.png,0.6526082130965594,0.8392070484581498,0.9125748502994013,0.9292682926829269,0.8964705882352941,0.9989680266179052,28.105528626232584,0.9991781760744646,28.450484667354182,1.0,0.5725850680512734,0.4980059834978567,31.260078840092827,0.592144033929339,2298,6,5,9,13,1.9893048128342246,0.8333333333333334,187,186,293.32085117392154,2.856275734416941,0.038084086553164816,-0.004549199027740203,-0.5006840137164232,-0.0002463702117078137,-7.278526417764386e-05,0.31503957783641157,883.5494518280029,0.6994758299359348,6,5,1,9,13,1.9893048128342246,0.8333333333333334,6,0,187,186,165,1.5769938235157057,2.856275734416941,293.32085117392154,0.038084086553164816,44953,19.561792863359443,28.51871192341166,256x256,65536,sparse,Learned,307,6,28,2218,31.671759216678026,0.6373630034394158,28.542136060996974,0.9992509613386422,0.6849604221635884,0.3652635810597181,11,3,0.0,39,2296,31.953196273358195,0.6799496681621937,0.9992324659340263,28.44828117778391,0.37442928949336207,0.6672017121455324,3975,32.2550301421887,0.7087143077634749,0.9995423113373593,31.055724983480854,0.2836857872311165,0.660574412532637,-0.09165139364279185,0.20732148699155528,-0.41168037658519907,-0.045218969510076756,True,0.6776121644545745,0.3374549123893118,0.6571574121242996,28.606212639949007,0.999214396829613,7620
7621.png,0.6389530408006159,0.9087481146304676,0.9521928091663374,0.9488188976377953,0.9555908009516257,0.999250939071212,26.979426765580005,0.9993385906644341,27.309043372510843,1.0,0.611320429098247,0.3638424957709206,30.170118815623724,0.5213936682606498,2018,4,4,8,9,2.0,1.0,138,138,217.72287142747473,2.8871527340101157,0.032265236236122645,0.010908760357811409,-0.021783242697662075,-7.006135766784993e-05,4.7058727523308086e-05,0.36410635155096016,1048.2163429260254,0.652241112828439,4,4,0,8,9,2.0,1.0,4,0,138,138,121,1.5777019668657577,2.8871527340101157,217.72287142747473,0.032265236236122645,46110,22.849355797819623,32.47571853320119,256x256,65536,sparse,Learned,258,4,22,1951,30.292152362223412,0.5637818626786102,26.98227810170409,0.9992915319369108,0.6358936484490398,0.35021329175956595,9,1,0.0,27,1996,30.642215328737436,0.6164693344172881,0.9991603748560755,26.370050604328526,0.4074578879645969,0.6241660489251297,4601,31.356223419530576,0.6912431357656718,0.9996184534121896,30.31613349235521,0.20253376954256785,0.6458486407053637,0.326765270806753,0.2611071373386811,-0.12203354659968824,-0.04238819441796038,True,0.6171071140248879,0.22452979252480532,0.6280442804428045,27.001210008277667,0.9993210004288798,7621
7622.png,0.7484787018255578,0.8910081743869209,0.9423631123919308,0.9505813953488372,0.9342857142857143,0.9988963059061209,27.742992527916897,0.9990573678857293,28.176225574952518,1.0,0.6190168002606627,0.7112003087054428,30.31032294718891,0.5284705542358348,1939,4,3,6,8,1.9855072463768115,0.75,138,137,213.26702730475904,3.2055029480353645,0.03761470175950657,-0.0029553325912682338,0.26865284754381236,2.8941866323517473e-06,0.00013059215399169322,0.2368932038834951,1117.436408996582,0.8042253521126761,4,3,1,6,8,1.9855072463768115,0.75,4,1,138,137,124,1.556693629961743,3.2055029480353645,213.26702730475904,0.03761470175950657,45905,23.674574522949975,33.798865394533266,256x256,65536,sparse,Learned,258,4,22,1846,30.48027614924422,0.5681993083950906,27.404073471243834,0.9989267757317376,0.7631067961165049,0.5768379176822511,6,4,0.0,28,1852,30.759318505766608,0.6117646579186362,0.9985753303571883,26.670425119788874,0.5323335729900908,0.7655217965653897,4626,31.535772203494297,0.70054787221171,0.9995371861248904,31.138453157913318,0.3178461090235478,0.7472384665367121,0.7721521037086845,0.042178882578411625,-0.16995320205530717,-0.03972875415925581,True,0.6671289163019205,0.4744622912202534,0.751434034416826,27.474339680373085,0.9988934117194885,7622
7623.png,0.7971274685816876,0.9135472370766489,0.9548206800186306,0.950834879406308,0.9588400374181478,0.9994193432440794,26.6177314583138,0.9995385148952526,27.142825089880645,1.0,0.5595683454940007,0.9776499897264249,31.409790505541977,0.5985734310457087,2082,5,2,4,11,1.961290322580645,0.4,155,152,236.37972567696715,2.362855777432842,0.026846010306322915,-0.01935511425603542,-0.824898489469998,-0.00017011979613490436,-4.597067436062918e-05,0.1835871404399323,774.2671966552734,0.8182640144665461,5,2,3,4,11,1.961290322580645,0.4,5,0,155,152,140,1.5551297741905716,2.362855777432842,236.37972567696715,0.026846010306322915,44908,21.569644572526418,31.477425552353505,256x256,65536,sparse,Learned,275,5,26,1960,31.740605218208515,0.6309896486098465,27.406217439055844,0.9995844855696132,0.8164128595600677,0.4638457252683116,6,2,0.0,38,2082,32.05836137657943,0.6762498710666145,0.9995735169051805,27.609691700482387,0.47270757595695145,0.80067283431455,4535,32.58435697433573,0.7307412362279553,0.9998173820828127,31.572170078438504,0.5700128695807603,0.7910321489001692,-0.2633923491751986,0.09572262022568911,-0.3308147126665375,-0.03241621756413782,True,0.5595683454940007,0.5470619872234423,0.816482582837723,27.442629947783796,0.9995894630402143,7623
7624.png,0.5028129395218003,0.8697158697158697,0.9303187546330616,0.9486016628873771,0.9127272727272727,0.9989151812307956,27.903675075458032,0.9992251039912811,28.44333830380394,1.0,0.5014243770087834,0.5052374148847957,30.739576355965358,0.5523937814401036,1891,4,0,0,8,1.944055944055944,0.0,143,139,204.56265744574603,3.1914298651101705,0.026372243917297256,-0.00048086811983349964,-0.03676666329919698,-4.1361690149677166e-05,0.00010514158334651302,0.4705075445816187,1074.9785900115967,0.543301258327165,4,0,4,0,8,1.944055944055944,0.0,5,0,143,139,135,1.4716737945737108,3.1914298651101705,204.56265744574603,0.026372243917297256,45465,24.04283447911158,34.65679534637758,256x256,65536,sparse,Learned,263,5,23,1885,30.876441008760672,0.5881569668585188,27.924979942073268,0.9991199624079345,0.5294924554183813,0.22430819795352397,10,0,0.5,30,1864,31.229882936054256,0.6307039517245451,0.9990138989294947,27.43992007553412,0.2203334018058566,0.49930651872399445,4855,32.065762203314506,0.7229108648311963,0.9995984097233189,31.445380886123694,0.17422139281381754,0.5396174863387978,0.5183583617306731,0.2771161790552594,-0.1368646527953139,-0.035763185418415167,True,0.5379120324163,0.27177328469343787,0.5032938076416338,27.94044173875723,0.9989565429209453,7624
7625.png,0.6584599266631744,0.8946540880503144,0.9443983402489626,0.9373970345963756,0.9515050167224081,0.9988287267923195,28.5141431379403,0.9988718554743677,28.62148759422906,1.0,0.6201580371486213,0.5838243877134358,30.543257383013955,0.543407558733555,2187,5,6,13,13,2.011764705882353,1.2,170,171,282.6639969244292,3.1554562610738417,0.052134063529803557,-0.004986946748111842,0.14144729210298834,-2.409332244024398e-05,4.095630372158432e-05,0.324530218384967,1029.0887355804443,0.6734800838574424,5,6,-1,13,13,2.011764705882353,1.2,5,0,170,171,144,1.6530058299674197,3.1554562610738417,282.6639969244292,0.052134063529803557,45622,20.860539551897578,29.966163694558755,256x256,65536,sparse,Learned,290,5,24,1998,30.81717064023469,0.5870799135091201,28.352714088260498,0.9988308991706462,0.675469781615033,0.3519880580381194,13,8,0.0,30,2086,31.050099540675816,0.633788687608731,0.9986345449952041,27.81056689643814,0.12826755150386604,0.6399002493765586,4194,31.570314311621207,0.690123524384837,0.9993015971321108,30.615366279833363,0.08059840249928563,0.6327900287631831,0.26877350596856076,0.2681699791105019,-0.2739132572207339,-0.04367235477556519,True,0.6617601433121683,0.38635171048238215,0.6634468734112863,28.372695845837313,0.9988528201147597,7625
7626.png,0.6671936758893281,0.8713496448303079,0.9312526360185576,0.9525452976704055,0.9108910891089109,0.9992083076329838,26.366800616170366,0.9994807573299346,27.00048237188632,1.0,0.5452466068320598,0.6413048749594589,30.531338665488516,0.5505255692914315,2033,5,0,0,10,1.9342105263157894,0.0,152,147,212.61017305526656,2.666512050126728,0.01843339228361008,0.006214447402681178,-0.8377691785657575,-0.00023701055430602747,-3.000503668093568e-05,0.28009441384736433,896.3878154754639,0.7438507209499576,5,0,5,0,10,1.9342105263157894,0.0,5,0,152,147,142,1.4463277078589554,2.666512050126728,212.61017305526656,0.01843339228361008,45616,22.43777668470241,32.23610427939006,256x256,65536,sparse,Learned,272,5,23,1954,30.78369483621777,0.5892138859164989,27.125314167657887,0.9995107623666155,0.7199055861526357,0.3462302148701527,8,0,0.7,29,1918,31.10311174086636,0.6308333061534631,0.9993870472829093,26.436524262565495,0.4419648542299529,0.7056545313710302,4675,31.865924115171275,0.7107897527619323,0.9997876100063992,31.14612764887586,0.41433070985520626,0.7204049844236761,-0.12483179577156633,0.19901639196190712,-0.25235617072925365,-0.03868831662506744,True,0.5700128695807603,0.3655520320517718,0.6609792284866469,27.204569794736123,0.9994453181872899,7626
7627.png,0.8514851485148515,0.9105058365758755,0.9531568228105906,0.9590163934426229,0.9473684210526315,0.9993541101348087,26.175922109550974,0.9996062732112723,27.287891378035837,1.0,0.5034146962085904,1.0130794794170779,30.797790653414875,0.5576406711711762,1810,4,0,0,8,1.9310344827586208,0.0,116,112,156.7106781186548,3.015032509277607,0.020094646931775522,0.06389773592743886,-0.5974085866875356,-0.00020189173371631952,2.434865478695425e-05,0.2260034904013961,846.0588455200195,0.8843813387423936,4,0,4,0,8,1.9310344827586208,0.0,4,0,116,112,108,1.3992024832022747,3.015032509277607,156.7106781186548,0.020094646931775522,45429,25.09889502762431,36.20773480662984,256x256,65536,sparse,Learned,236,4,23,1789,31.03127444061956,0.5922973051125623,26.788320371773118,0.9995819245564853,0.7739965095986039,0.5438802982143608,4,4,0.0,31,1700,31.28885899729099,0.6290335206802335,0.9995497667585134,26.596747529774888,0.5108078882036684,0.7883928571428571,5252,32.248941696429256,0.735259156388079,0.999863358927082,31.794153334272785,0.3749977317172992,0.7722419928825622,0.49957100626271966,-0.04046560200577043,-0.23348378720468332,-0.03465663394138607,True,0.5323335729900908,0.5392962190010342,0.7875874125874126,26.77333069623851,0.999556001868525,7627
7628.png,0.6210092687950567,0.8663967611336032,0.9284164859002169,0.9194414607948442,0.9375684556407448,0.9994477061513519,27.825032975669046,0.9995561113025605,28.213389641145902,1.0,0.46420304233254395,0.6002435716330593,31.534137936149968,0.5955007825959197,1757,4,0,0,8,1.9344262295081966,0.0,122,118,175.16652224137053,2.547523025606499,0.029253686677671052,-0.02144356139362258,-0.2178572950889368,-8.219179012725064e-05,1.1828073900321812e-06,0.31674641148325355,758.6688995361328,0.6652719665271967,4,0,4,0,8,1.9344262295081966,0.0,5,0,122,118,114,1.4844620528929704,2.547523025606499,175.16652224137053,0.029253686677671052,44661,25.418895845190665,37.299943084803644,256x256,65536,sparse,Learned,244,5,24,1677,31.7381881573797,0.6202708899918933,28.128471826169914,0.9995549284951705,0.6832535885167464,0.2720333192256883,8,0,0.7,36,1726,32.067805918934525,0.6611152787738452,0.9995213216517288,27.993382896864198,0.24695957219272724,0.6879770992366412,5321,33.042546426303815,0.7561605270461442,0.9998367381630614,33.05923325009062,0.26259306209027133,0.6789524733268671,0.08491781497598794,0.19216972310685565,-0.20405022122973193,-0.02477010739597363,True,0.4831486655083008,0.2900068806144488,0.6424528301886793,28.042890270757983,0.9995298979414792,7628
7629.png,0.6965376782077393,0.9036742800397219,0.9494001043296818,0.9314227226202662,0.9680851063829787,0.9995392810576805,27.389368007855527,0.9996025341124888,27.906528445773606,1.0,0.5132477440400283,0.6608657965094149,31.373252928747455,0.5895088982359515,1876,5,2,4,11,1.9548872180451127,0.4,133,130,202.68124086713212,2.4161249928008344,0.03564321896043847,0.03373574584058947,0.04475203124231797,-4.753167909077316e-05,2.1081187855598316e-05,0.3209169054441261,835.698127746582,0.7115577889447237,5,2,3,4,11,1.9548872180451127,0.4,5,0,133,130,118,1.559086468208707,2.4161249928008344,202.68124086713212,0.03564321896043847,44875,23.92057569296375,34.933901918976545,256x256,65536,sparse,Learned,253,5,25,1810,31.636286720928858,0.6185902677408356,27.41198353561785,0.9995814529246332,0.6790830945558739,0.38532811057020366,6,0,0.9,35,1822,31.867242962316226,0.6573817482597075,0.9995425136617376,27.467296347579342,0.3522728358590512,0.6789772727272727,4845,32.64236508440224,0.7412089240302213,0.9998061242791481,31.404342944509736,0.37231340254223544,0.7008547008547008,0.4945449101557564,0.1279196334698246,-0.2630337921814032,-0.029081369504884047,True,0.5132477440400283,0.3391878791716736,0.6628019323671498,27.34461597661321,0.9995868127367713,7629
7630.png,0.730185497470489,0.89,0.9417989417989419,0.9343832020997376,0.9493333333333334,0.9993208985004937,27.805627479220888,0.9994052807258532,28.141328960042323,1.0,0.5872858267209503,0.6942405692738688,31.679995427030008,0.605854968763105,1898,4,2,5,10,1.9712230215827338,0.5,139,137,205.23759005323615,2.852310396784501,0.04370088849136583,0.010663585119891406,-0.2032176219858961,-0.0001196328562939053,-1.0716486051776108e-05,0.26751592356687903,831.8140506744385,0.7497886728655959,4,2,2,5,10,1.9712230215827338,0.5,4,0,139,137,124,1.4980845989287292,2.852310396784501,205.23759005323615,0.04370088849136583,44569,23.482086406743942,34.52897787144362,256x256,65536,sparse,Learned,259,4,25,1827,31.8554111657928,0.6327827717469205,27.929090998735965,0.999415997211905,0.732484076433121,0.41919100790451513,6,0,0.75,38,1894,32.17334847523889,0.6738871927431694,0.9993614892513192,27.8061107203953,0.39519981175012175,0.7299212598425197,4939,32.97802490045037,0.7481899311092278,0.9997463824565872,32.18590172670167,0.3011599105187317,0.6977491961414791,0.2122379613063572,0.16809481881643518,-0.1754157387627906,-0.026927802983815585,True,0.5034146962085904,0.3494909052766835,0.7195219123505976,28.008845101206784,0.9994405313567876,7630
7631.png,0.6775312066574203,0.8894297635605007,0.9414795730585204,0.9274836838288615,0.9559043348281017,0.9993089830298482,27.7514967839775,0.9993993184066068,28.067020156654443,1.0,0.6569914825812934,0.7827231424707344,30.653891210505062,0.5541111197986631,2120,4,6,12,11,2.0240963855421685,1.5,166,168,253.27922061357884,2.891647199550307,0.024920623423014012,0.02812098385270212,0.01676069895347254,-9.35319113061217e-05,1.9718774538990402e-05,0.32919660352710645,1060.6489181518555,0.7000691085003455,4,6,-2,12,11,2.0240963855421685,1.5,4,0,166,168,143,1.507614408414158,2.891647199550307,253.27922061357884,0.024920623423014012,45445,21.43632075471698,30.91320754716981,256x256,65536,sparse,Learned,286,4,25,2071,31.012103425357967,0.60140637497487,27.741914497397026,0.9993795996320678,0.6708033964728936,0.4605163805137008,7,3,0.0,30,2048,31.23223462384589,0.6416594849398183,0.9992321296059069,27.073590361545186,0.5017566499874784,0.6417322834645669,4175,31.785773530094993,0.6968319465126699,0.9996761812690729,31.2007185219758,0.43220792930384666,0.6786649214659686,0.3251056592574173,0.19647510206759256,-0.3582122148529052,-0.04729525517620692,True,0.6720847211004115,0.5260562649062812,0.6494102228047182,27.73473608502403,0.9994025149411543,7631
7632.png,0.5401252134319864,0.9189342403628118,0.957754800590842,0.9457409568261377,0.9700777977259126,0.9987342868899783,28.61689132424167,0.9987750221055236,29.00262912620567,1.0,0.6552721452327799,0.3397451571969153,31.571231076427363,0.5999251783284821,2044,4,7,15,10,2.0397350993377485,1.75,151,154,257.8355697996829,3.325396111469395,0.04873466491184352,-0.0022956010476515853,0.0810403926823966,3.888510999605632e-05,0.00012711095485329338,0.46876727473742397,1268.7742710113525,0.535754189944134,4,7,-3,15,10,2.0397350993377485,1.75,4,1,151,154,126,1.6742569467511859,3.325396111469395,257.8355697996829,0.04873466491184352,44633,21.836105675146772,32.06262230919765,256x256,65536,sparse,Learned,271,4,27,1978,31.86275237738757,0.6344247850628846,28.641290096604898,0.9986479111506703,0.531232725262576,0.2830342964049105,11,1,0.125,39,2036,32.160509763896926,0.6756740754744694,0.9986373482337734,28.89009258824016,0.23131723440661445,0.5022396416573348,4596,32.751460322508606,0.7391174146150862,0.9992834969197403,31.89228201773429,0.1876516976067557,0.5152354570637119,0.3613390296007708,0.37223784882786937,-0.29152130096020556,-0.034499606734402444,True,0.6587022446990063,0.22379089767122484,0.542420814479638,28.535850931559274,0.9986954017799823,7632
7633.png,0.5843270868824532,0.8868085106382979,0.9400090211998197,0.9124343257443083,0.9693023255813954,0.9994472967017145,27.535856584519802,0.9995536103364656,28.103145237419,1.0,0.6014809589154859,0.6477777153336617,30.535935222989572,0.5477365862885085,1937,4,0,1,9,1.9424460431654675,0.0,139,135,213.96551211459402,2.621672263248361,0.041353797481315804,-0.0012150817922456092,0.1937670373506606,-5.7022807293583e-05,8.132641813562991e-05,0.3929133858267716,800.9679317474365,0.6098579782790309,4,0,4,1,9,1.9424460431654675,0.0,4,0,139,135,129,1.5849297193673615,2.621672263248361,213.96551211459402,0.041353797481315804,45636,23.560144553433144,33.83376355188436,256x256,65536,sparse,Learned,259,4,23,1918,30.783970713371318,0.5871255410914292,27.385091951570466,0.99947228391833,0.6070866141732284,0.3494909052766835,8,1,0.0,29,1736,31.082179281337087,0.6198827550180428,0.9993930381680713,26.924401715613403,0.49842393093394444,0.5822884012539185,4649,31.867424687614978,0.7095849333392666,0.9997263494634857,30.999680686085924,0.25448812092121664,0.5948987246811703,0.7180532858485336,0.25199005363880245,-0.24803549038174566,-0.039388954802920706,True,0.6074141344684816,0.3934693402873666,0.5855421686746988,27.34208954716914,0.9995043195090081,7633
7634.png,0.6352433764633395,0.8914826498422713,0.9426284189459638,0.9502353732347008,0.9351422898742554,0.999006217084837,28.466957162313808,0.9991492732257236,28.761449231325567,1.0,0.6637835062932667,0.4960744645655747,31.00989177158003,0.5640246320980808,2021,4,7,15,12,2.038216560509554,1.75,157,160,265.3208511739215,2.964573008998944,0.034439511319445004,-0.038563233083784065,0.02206459978791031,-4.1284324436285935e-05,5.783725082741942e-05,0.306683322923173,1085.3362083435059,0.6698412698412698,4,7,-3,15,12,2.038216560509554,1.75,4,0,157,160,130,1.6582553198370076,2.964573008998944,265.3208511739215,0.034439511319445004,45270,22.399802078179118,32.42751113310243,256x256,65536,sparse,Learned,277,4,25,1986,31.17680271252368,0.6035116343185642,28.42529652742691,0.9990914359748961,0.693316677076827,0.504831486412472,7,8,0.0,33,2010,31.496649564230918,0.6469360525639968,0.9989558086436948,27.967524718364132,0.240849744091718,0.6531755915317559,4684,32.16090029033777,0.7216668524337797,0.9995128405275829,31.131184831656597,0.08941760172286506,0.6644776119402985,0.3361527038986587,0.15895201988079466,-0.16691094094365155,-0.0394870022204834,True,0.6833632306209467,0.3389990487340875,0.6738066095471236,28.444892562525897,0.9990475014092732,7634
7635.png,0.7228554289142172,0.9224712295578438,0.9596723377441714,0.9578616352201258,0.961489898989899,0.9988306293493828,27.683350620503187,0.9989659614705045,28.005213057740374,1.0,0.6518075726938024,0.7232985671491954,30.37145248515845,0.533310530681487,2162,4,6,10,6,2.0238095238095237,1.5,168,170,238.72287142747484,3.3120934530383064,0.03259387614650049,-0.007202374553990976,-0.263826615096324,-0.0001246894158927203,3.8931792458174463e-05,0.2624565469293163,1154.698371887207,0.7474195506982392,4,6,-2,10,6,2.0238095238095237,1.5,4,2,168,170,152,1.4042521848674971,3.3120934530383064,238.72287142747484,0.03259387614650049,45839,21.20212765957447,30.31267345050879,256x256,65536,sparse,Learned,288,4,24,2154,30.602205648899062,0.584298038076953,27.866396093263926,0.9989270296780464,0.7375434530706837,0.6535441896699425,5,11,0.0,29,2126,30.905666662734102,0.6296108223840176,0.9986219092778539,26.958695357907573,0.20205394631368334,0.7071917808219178,4363,31.496222371291896,0.691544237883151,0.9994515713719136,30.68777534931239,0.21194060545907434,0.7005747126436782,0.13881696447644742,-0.0017366169761401373,-0.23075316374061217,-0.05098750739546598,True,0.6535441896699425,0.47270757595695145,0.7300578034682081,27.94717723559951,0.9989553187652755,7635
7636.png,0.637906647807638,0.8770370370370371,0.9344909234411997,0.9315499606608969,0.9374505146476643,0.9992348072614345,28.347122266088874,0.9993914571796474,28.703896470731387,1.0,0.6552721452327799,0.7751837010066479,31.18995512439929,0.5781702758877596,1919,4,6,15,13,2.0296296296296297,1.5,135,137,255.90663761154832,2.591174838278029,0.06582116339730523,-0.009787876688039265,0.3598210415288783,-9.107289653298434e-05,5.836665367753291e-05,0.3284777858703569,878.0388832092285,0.6683417085427136,4,6,-2,15,13,2.0296296296296297,1.5,4,0,135,137,107,1.8679316613981614,2.591174838278029,255.90663761154832,0.06582116339730523,45075,23.48879624804586,34.15112037519541,256x256,65536,sparse,Learned,255,4,24,1816,31.45271131648635,0.6105808621906992,28.003128077437967,0.9993330905259699,0.6715222141296431,0.43528187799224083,7,2,0.0,33,1854,31.67648226382919,0.6509213537738217,0.9992670992199383,27.8114298871669,0.3827616345856836,0.629292221443588,4712,32.43611007128579,0.7314903712364621,0.9996741064016705,31.668949733019254,0.3385582345114958,0.6564774381368268,0.7007683932934192,0.21999026724053905,-0.26275619208706047,-0.03241058630293958,True,0.6620982141052869,0.5132477440400283,0.6476945244956772,27.987301224559996,0.9993258801579675,7636
7637.png,0.4593056346044394,0.8973063973063973,0.945874001774623,0.9439197166469894,0.947836395969176,0.9983684418610601,28.337355667179214,0.9985161539526187,28.605294200609013,1.0,0.5415939886947765,0.4543373321691525,31.019557053729557,0.567239980938818,2085,5,0,1,9,1.9375,0.0,160,155,214.58073580374372,3.5800387278199195,0.022073599707323303,-0.017151764498699595,0.023709875260603752,-0.00010859686904185484,6.466319048514801e-05,0.5062217194570136,1269.500970840454,0.47843588269120185,5,0,5,1,9,1.9375,0.0,5,0,160,155,150,1.3843918438951197,3.5800387278199195,214.58073580374372,0.022073599707323303,45305,21.729016786570742,31.432134292565948,256x256,65536,sparse,Learned,280,5,25,1930,31.256965060804,0.6027697264549055,28.27536719028101,0.9984514907621336,0.49377828054298645,0.31202308817102065,10,3,0.0,33,2036,31.531019863598644,0.6497717010115661,0.9983188578165546,28.11764602989109,0.25783361186347964,0.46972269383135257,4289,32.03352817174219,0.7063481799616363,0.9992280567628136,31.245512792196457,0.1438702466688795,0.4994350282485876,0.329927010328003,0.22957090052375584,-0.23740800707444265,-0.03552974551608745,True,0.5852170883184187,0.26588597064638964,0.476457399103139,28.31364579191861,0.998477038730102,7637
7638.png,0.6723926380368098,0.9002493765586035,0.9475065616797901,0.9569251159708416,0.9382716049382716,0.9991382704743228,27.39440953837956,0.999339003727571,28.027031595406584,1.0,0.5868729061217817,0.6654052737514973,30.049011266418706,0.5205805700980344,2181,5,1,1,9,1.9555555555555555,0.2,180,176,252.62236636408642,2.950707851515876,0.03166944026823315,-0.007630258357008146,-0.23369476039514936,-0.00017826180364788335,1.2089230267409157e-05,0.3237160992498558,803.8389682769775,0.6924042686754551,5,1,4,1,9,1.9555555555555555,0.2,5,1,180,176,170,1.435354354341399,2.950707851515876,252.62236636408642,0.03166944026823315,46015,21.098120128381478,30.048601558917927,256x256,65536,sparse,Learned,300,5,24,2166,30.410278620843677,0.5777276627703288,27.64924909978791,0.9993269144973036,0.6762839007501442,0.3778322042552549,11,4,0.0,26,1954,30.613055163120432,0.6105966725238641,0.9991499424767532,26.9333355980824,0.35435147357210794,0.6204465334900118,4371,31.26310294331757,0.6850514499459331,0.9995845834407246,30.251867549044942,0.17529313647533162,0.6499143346659052,0.37778249561867483,0.2090407018665268,-0.36126735442497093,-0.05714709267229445,True,0.6093721646414789,0.40547945202980573,0.680022896393818,27.62810429877471,0.9993165322779707,7638
7639.png,0.708185053380783,0.936456400742115,0.9671856287425149,0.9564187588820464,0.9781976744186046,0.9981091411979387,28.454693775758486,0.9981338213977062,28.662574859893834,1.0,0.6988057880877979,1.0555536170150541,31.149686025752935,0.5921874313234857,2408,4,1,3,9,1.9680851063829787,0.25,188,185,280.0782104868023,3.7651236241168164,0.029907432943763003,-0.009428350787586415,-0.25177501261018875,-0.0001045920231550479,-2.702523495334841e-05,0.27516233766233766,1439.1875267028809,0.7221976074435091,4,1,3,3,9,1.9680851063829787,0.25,4,0,188,185,176,1.5139362729016321,3.7651236241168164,280.0782104868023,0.029907432943763003,44890,18.64202657807309,27.21594684385382,256x256,65536,sparse,Learned,308,4,29,2311,31.682647029727526,0.6394791648076187,28.717794162637183,0.9981608466326596,0.7248376623376623,0.7582859831029636,6,21,0.0,41,2330,31.990271452934145,0.6817225912956558,0.9980507821684236,28.63870693714454,0.365098693044295,0.7178683385579937,3946,32.211717414572014,0.7073628168128593,0.9989242007658597,31.133210738001612,0.27956114861734294,0.6918416801292407,-0.05521930274334963,-0.05948019501516566,-0.5329610039745916,-0.04729173348413296,True,0.7106157820609493,0.7500930590624164,0.7176134041683694,28.706468788368674,0.9982137332210937,7639
7640.png,0.6757425742574258,0.8635265700483091,0.9267660401814647,0.8904109589041096,0.9662162162162162,0.9996497064978533,27.21962746351003,0.9996428847423111,27.193712488225895,1.0,0.47795422323898396,0.6427621601036354,31.28202522733485,0.5779821979956553,1654,4,1,3,9,1.9387755102040816,0.25,98,95,150.6101730552664,2.54623231352592,0.04391166428162876,-0.01075061037702274,0.7238624335801411,-6.637457313329875e-06,2.2403012283955803e-05,0.27602905569007263,867.3563003540039,0.7092882991556092,4,1,3,3,9,1.9387755102040816,0.25,4,0,98,95,86,1.585370242687015,2.54623231352592,150.6101730552664,0.04391166428162876,45086,27.258766626360337,39.62273276904474,256x256,65536,sparse,Learned,218,4,22,1612,31.361128365745195,0.600062276299421,26.48642312625375,0.9996204817300272,0.7239709443099274,0.3069593799135585,6,1,0.25,32,1590,31.612425059266968,0.6366048877286572,0.9996349933953311,26.92412202620361,0.38368679808771033,0.686060606060606,5703,32.836365416000106,0.7559037147712555,0.9998863551215348,32.81808284820378,0.4218951353294804,0.7061668681983071,0.7072893619721441,0.17099484332542547,-0.07910313841034622,-0.022080078303765682,True,0.48829142221345756,0.31385524930199826,0.6864931846344485,26.49576502992989,0.9996563439551667,7640
7641.png,0.6808219178082192,0.8717105263157895,0.9314586994727593,0.9188626907073509,0.9444048467569494,0.9990852853754348,27.40550521513768,0.9992406310691291,28.00538432766576,1.0,0.5835546339796198,0.5928039147410268,30.954976239128932,0.5703054838667059,2037,5,9,16,10,2.054054054054054,1.8,148,152,242.823376490863,2.9219117937861263,0.05620265373586785,0.02423027793683663,-0.475599333247402,-0.00019475713925798388,-2.1949095031503774e-06,0.3615288220551378,960.4971408843994,0.670911528150134,5,9,-4,16,10,2.054054054054054,1.8,5,1,148,152,122,1.5975222137556766,2.9219117937861263,242.823376490863,0.05620265373586785,45261,22.21944035346097,32.172803141875306,256x256,65536,sparse,Learned,268,5,25,1950,31.293549760793802,0.6075444494692785,27.957980443176844,0.9992428259786322,0.6384711779448622,0.32631996075113234,8,0,0.19999999999999996,33,1864,31.504068130733692,0.6468763585339113,0.9991633685154002,27.54598527829571,0.35041954051461566,0.6392206159648021,4598,32.195516379062724,0.7198423691287646,0.9996012968858906,31.3072995792472,0.25453716614201927,0.6316455696202532,0.04740388448891508,0.2572346732284875,-0.33857352166486976,-0.03723896560257267,True,0.5785271852240825,0.34295318018494325,0.6565916398713826,27.881104548385082,0.9992800425146928,7641
7642.png,0.7396021699819169,0.9157407407407407,0.9560173997100049,0.9383301707779886,0.9743842364532019,0.9994907080301568,27.573526869583635,0.9995273718131908,27.920253196534883,1.0,0.5276334472589853,0.9202443446286446,30.15945699811734,0.5170166908973842,1760,4,3,7,8,1.9823008849557522,0.75,113,112,160.88225099390863,2.915200914956827,0.024386558627251382,0.010621847978339094,0.442147839561013,1.667684004480474e-05,8.927642380662792e-05,0.27622377622377625,987.5307083129883,0.74644128113879,4,3,1,7,8,1.9823008849557522,0.75,4,0,113,112,98,1.4364486695884693,2.915200914956827,160.88225099390863,0.024386558627251382,46029,26.15284090909091,37.236363636363635,256x256,65536,sparse,Learned,233,4,20,1636,30.337711850130034,0.5487006195159304,27.15120082281971,0.9994380953893842,0.7237762237762237,0.4831486655083008,6,5,0.0,26,1716,30.601511480931567,0.597953473762732,0.9993445991569132,26.553650310407974,0.39195111664927873,0.7109577221742882,5121,31.59883604454962,0.7142213958807422,0.9997498831899005,30.997317052624574,0.35126260393868414,0.7167680278019114,0.7690523737151729,0.04448478175068449,-0.17825485201269586,-0.03168392861854619,True,0.5661255185670091,0.5209738068112488,0.7289803220035778,27.13137903002262,0.999474031190112,7642
7643.png,0.671875,0.8849840255591054,0.9389830508474576,0.9223085460599334,0.956271576524741,0.9995995388343308,27.373663766586716,0.9996476532291362,27.79924424086321,1.0,0.5595683454940007,0.6236516901628695,30.312205345979276,0.5214023258640146,1760,4,1,3,9,1.9548872180451127,0.25,133,130,187.92388155425127,2.300162517038503,0.020757169414986187,0.02684882198952876,-0.08028173735251798,-3.7581752854842776e-05,2.522305725294327e-05,0.33713692946058094,817.0657157897949,0.6943521594684385,4,1,3,3,9,1.9548872180451127,0.25,4,0,133,130,121,1.445568319648086,2.300162517038503,187.92388155425127,0.020757169414986187,45951,26.108522727272728,37.236363636363635,256x256,65536,sparse,Learned,253,4,21,1722,30.43427208267002,0.557188511753502,27.55402438915819,0.9996224301718832,0.6628630705394191,0.42879093615118524,5,0,0.875,26,1644,30.694512821415717,0.5974006601757653,0.9995236945259157,26.655910502317045,0.4908435793924508,0.6515463917525773,5081,31.656547663510754,0.71443382446731,0.9998168569001759,31.00258812335457,0.34669702654979817,0.6847034339229969,0.24521985170501992,0.13077740934281545,-0.1220667366907442,-0.035786185889487454,True,0.581048450752361,0.3623718483782268,0.6450261780104712,27.453945503939234,0.9996371205871857,7643
7644.png,0.6071811361200429,0.9216666666666666,0.9592367736339983,0.9606253618992473,0.957852193995381,0.9986693319029718,27.799466098901764,0.9988256349993248,28.09426091494473,1.0,0.6412035345940483,0.5772071916046122,30.208969475928082,0.5263218362629778,2134,4,5,9,9,2.0130718954248366,1.25,153,154,235.9360748630712,3.5784375496159972,0.050872190816104286,-0.036602647663740884,0.10155906342902554,-5.185016729214453e-05,0.00011134289974368272,0.34910277324632955,1325.340986251831,0.6175040518638574,4,5,-1,9,9,2.0130718954248366,1.25,4,0,153,154,135,1.5320524341757853,3.5784375496159972,235.9360748630712,0.050872190816104286,45945,21.529990627928772,30.710402999062794,256x256,65536,sparse,Learned,273,4,24,2096,30.52697985290242,0.5775823562986536,27.6600739570124,0.9987142920995811,0.6508972267536705,0.42566673755268425,11,7,0.0,29,2106,30.7446185080966,0.625296499564128,0.99845817736664,27.067888465343298,0.45528905436548717,0.599009900990099,4293,31.306327886010635,0.6827668769318187,0.9992885345068464,30.510289787194505,0.3185479649529045,0.6239737274220033,0.4341869579323294,0.21553679704136408,-0.318010376974339,-0.05126052003567583,True,0.6620982141052869,0.3821678507301419,0.6437837837837838,27.69790703547274,0.998721182070264,7644
7645.png,0.7978436657681941,0.9048275862068965,0.9500362056480811,0.9479768786127167,0.9521044992743106,0.9992608342922996,26.293833269641294,0.9994308641296594,26.993022619410382,1.0,0.6865138191173947,0.9805813714840101,30.739675662383235,0.5710961065220687,2262,4,6,13,9,2.0240963855421685,1.5,166,168,265.6223663640866,2.8505356498511443,0.05316332811359053,0.019009698721299317,-0.5236988831565803,-0.00018773853475906321,-1.8490572814111594e-05,0.22858942065491183,916.2459373474121,0.8104265402843602,4,6,-2,13,9,2.0240963855421685,1.5,4,1,166,168,144,1.5810855140719415,2.8505356498511443,265.6223663640866,0.05316332811359053,45554,20.138815207780723,28.97259062776304,256x256,65536,sparse,Learned,286,4,26,2210,31.127531884797094,0.6148275857811843,26.833001567855153,0.9994493547024735,0.7714105793450882,0.6849424630965867,4,4,0.0,33,2044,31.408380061626854,0.6535807054319922,0.9993993640912243,26.79573756289324,0.6394050598269216,0.7746835443037975,4088,31.896433514886876,0.695878286960172,0.9997688390463139,31.051411691288557,0.5838321717007806,0.7637745408486384,0.16002105155522983,0.0015713560208080457,-0.3878562224138591,-0.04373147925911569,True,0.7032899857059547,0.689633058734515,0.7788339670468948,26.817532152797874,0.9994485728270587,7645
7646.png,0.7233502538071066,0.8804691023906179,0.9364355960662027,0.9147141518275539,0.9592137592137592,0.9989620380039799,27.667979927043437,0.9990643206540197,28.201661435319316,1.0,0.8347011117784134,0.684567986518679,30.48410140931754,0.5586593063371865,2747,4,19,33,9,2.122950819672131,4.75,244,259,426.71782079359195,2.8816955011399066,0.05284555947718473,-0.0015769205582699675,-0.28527309576293547,-0.00016189040021807877,2.4624899491176855e-05,0.25922887612797374,1159.6009731292725,0.7445652173913043,4,19,-15,33,9,2.122950819672131,4.75,4,4,244,259,202,1.647559153643209,2.8816955011399066,426.71782079359195,0.05284555947718473,45672,16.62613760465963,23.857298871496177,256x256,65536,sparse,Learned,364,4,30,2716,31.091497368357004,0.6271869559448535,28.044402866370056,0.9990396957545286,0.7407711238720263,0.6218634858439442,8,8,0.0,35,2476,31.286677920076418,0.663778216379906,0.9989374967809598,27.568275940819312,0.5617650075350508,0.7260780287474332,3080,31.30818965840004,0.6485889490229032,0.9993147840344477,29.35635066026628,0.5452466068320598,0.7438973934629707,0.15725856894925982,0.2128376259344692,-0.6073959590394651,-0.068527649607667,True,0.8355255434228451,0.5719740389459022,0.7249271743653766,27.953253022806372,0.999123928404198,7646
7647.png,0.6456195737963694,0.8486943164362519,0.9181553801412546,0.9348561759729273,0.9020408163265307,0.999291638095183,27.456566520243342,0.9994325909248868,27.755850589884933,1.0,0.5434239503766853,0.7617329514280624,31.07121627960354,0.5765048141536204,2053,5,3,4,10,1.9751552795031055,0.6,161,159,227.86500705120574,2.5903496120287026,0.027535378845748092,-0.00028918797046628697,-0.43112323345707537,-0.00012792699845221023,-4.171915926520775e-05,0.3420074349442379,842.1652317047119,0.6988352745424293,5,3,2,4,10,1.9751552795031055,0.6,5,0,161,159,147,1.4331132518943739,2.5903496120287026,227.86500705120574,0.027535378845748092,45181,22.00730638090599,31.922065270336095,256x256,65536,sparse,Learned,281,5,26,2004,31.424374773332787,0.6162672668136581,27.836622459028256,0.999474310084152,0.6579925650557621,0.4139122252069497,7,1,0.30000000000000004,35,2034,31.633043749165644,0.6580147195242768,0.9993818069921901,27.445711612921677,0.41919100790451513,0.6287242169595111,4460,32.26308986691622,0.7189942221570486,0.9997356451651951,31.328660604012345,0.3129750124108429,0.6575963718820862,-0.08077186914332302,0.12951172516973564,-0.35315849372924646,-0.03976245266003764,True,0.5802097091918857,0.4419648542299529,0.6459087617668356,27.887689753700418,0.9994195650936352,7647
7648.png,0.6324836988737403,0.8403835307388607,0.9132699969353356,0.9141104294478528,0.9124311083894673,0.9988849796653944,27.74582500841494,0.9990513350064394,28.117408306737175,1.0,0.5734390436549086,0.5355546710989701,30.167449195592848,0.5217757819051498,2145,5,4,8,12,1.9876543209876543,0.8,162,161,235.3380951166244,3.5493723271805564,0.03268143058171635,-0.018954541396987268,-0.0013545052227463827,-7.042466726059349e-05,6.672988850520145e-05,0.32570120206067543,1390.6245231628418,0.6632406287787183,5,4,1,8,12,1.9876543209876543,0.8,5,0,162,161,142,1.4617272988610204,3.5493723271805564,235.3380951166244,0.03268143058171635,46062,21.474125874125875,30.552913752913753,256x256,65536,sparse,Learned,282,5,23,2019,30.407012554536536,0.5712744433346476,27.711236772563378,0.9989846051179342,0.6742987979393246,0.4620555624053255,8,2,0.0,27,1966,30.62233201100969,0.6123221849840936,0.9987575332937464,26.991308600276952,0.3995044211877341,0.6541524459613197,4403,31.286246221337002,0.6850070550464816,0.9994510495153915,30.428293801488028,0.27947688183559416,0.6558891454965358,0.40617153417379726,0.11138348124958308,-0.23956335894368763,-0.04949866142949777,True,0.5966699219328813,0.31954936379541243,0.6514382402707276,27.747179513637686,0.998955404332655,7648
7649.png,0.6608058608058608,0.9048672566371682,0.9500580720092916,0.9423963133640553,0.9578454332552693,0.9992866323225968,27.164412441764114,0.9992944038451633,27.414321656476123,1.0,0.6339553651959846,0.8299990555963758,30.191014958374318,0.5212560568810987,2039,4,4,8,10,2.0,1.0,168,168,229.16652224137067,2.9201890982332683,0.020991674317510024,-0.034596438044713906,0.19881010384169429,-2.7482809695777988e-06,7.569964119236161e-05,0.29807005003573983,1119.901418685913,0.67007299270073,4,4,0,8,10,2.0,1.0,4,0,168,168,150,1.3640864419129197,2.9201890982332683,229.16652224137067,0.020991674317510024,46092,22.60519862677783,32.14124570868073,256x256,65536,sparse,Learned,288,4,23,2008,30.39721119948021,0.5698849282651337,27.005633909031893,0.999218704203971,0.7019299499642602,0.5446398645695487,6,7,0.0,27,2004,30.656140719461686,0.6146910005666021,0.9990706511493023,26.74947508023271,0.5630777424255589,0.7017921146953405,4594,31.357731936646267,0.6918480111174472,0.9996189711054555,30.445354617151956,0.3666085646432915,0.6870007262164125,0.40868774744422964,0.0893155006264359,-0.20619624110589285,-0.048628871384035044,True,0.6375975701675096,0.5292053810895769,0.6954022988505747,26.96560233792242,0.9992893806035664,7649
7650.png,0.8057742782152231,0.9143865842894969,0.9552789303826649,0.9413902771467515,0.9695835283107159,0.9984548046067382,28.43775909072442,0.9983910274639136,28.611085110762883,1.0,0.630646094100368,0.9913973396557457,31.15604029729988,0.5878712901680384,2412,5,3,7,9,1.9781420765027322,0.6,183,181,277.66399692442917,3.8736944993336997,0.03586761273962807,-0.00686001486599741,0.12214616562085467,-1.9064953451275457e-05,7.821036576305396e-05,0.188663282571912,1550.6398677825928,0.8123648940769563,5,3,2,7,9,1.9781420765027322,0.6,5,0,183,181,167,1.5340552316266787,3.8736944993336997,277.66399692442917,0.03586761273962807,45140,18.71475953565506,27.170812603648425,256x256,65536,sparse,Learned,303,5,28,2361,31.46843024880793,0.6344134336180605,28.311154881206747,0.9983128170981506,0.811336717428088,0.5736522708218472,8,10,0.0,39,2378,31.80580961917223,0.6777439533881063,0.9983344844340715,28.348710046691732,0.5044068743073485,0.7865025466893039,3812,32.037056850883914,0.6962847489372976,0.9990503995658082,30.88264997257895,0.48789764879864816,0.7921801954951126,0.2999302295561357,0.05699382327852076,-0.3123899515080488,-0.046542143450022055,True,0.6521555910829127,0.64654531804122,0.8126342930812205,28.315612925103565,0.9984738695601895,7650
7651.png,0.49637919684002635,0.900455432661028,0.9476206778500512,0.9558011049723757,0.9395790902919212,0.9987753125297436,27.935922105738147,0.99897949711864,28.481902758242498,1.0,0.5682894765709203,0.4740789437838737,30.831244564534682,0.5541533340030436,1902,4,7,11,7,2.049586776859504,1.75,121,124,198.13708498984775,3.579006476835771,0.04561110880165688,0.011789032905600128,0.1890293352690513,-1.3563066734945117e-05,0.00016286173186574882,0.5043420173680695,1235.2313995361328,0.5046854082998661,4,7,-3,11,7,2.049586776859504,1.75,4,1,121,124,103,1.5978797176600614,3.579006476835771,198.13708498984775,0.04561110880165688,45398,23.868559411146162,34.456361724500525,256x256,65536,sparse,Learned,241,4,22,1722,30.94646440516431,0.5826443371727084,27.714423500896594,0.9988166353867742,0.4956579826319305,0.2786758556610579,9,3,0.0,31,1752,31.23733477186173,0.6278481592192311,0.9986299984841379,27.413966557434154,0.24756784391069675,0.4827586206896552,4878,32.07069598960876,0.7216521746164728,0.9994326559016566,31.396317429136424,0.26259306209027133,0.520265780730897,0.7674792573459044,0.2896136209098624,-0.11521984062962787,-0.028491003169664797,True,0.581048450752361,0.27546283581993547,0.4845901639344262,27.746892770469096,0.9987888755964786,7651
7652.png,0.5739299610894941,0.8879478827361563,0.9406487232574188,0.9445599445599445,0.9367697594501718,0.9987789837185995,28.01126478033527,0.9990188602317613,28.485251391281924,1.0,0.6034685809250071,0.7508114462314238,30.226988146765734,0.5234743802795737,1981,4,0,0,8,1.9470198675496688,0.0,151,147,216.03657992645952,3.2206844312465743,0.021748357002576178,0.02300679253678417,0.09226888032393177,-1.833075718171706e-05,0.0001380964061405976,0.42239805234327454,1300.2440929412842,0.6153846153846154,4,0,4,0,8,1.9470198675496688,0.0,4,0,151,147,143,1.4696365981391788,3.2206844312465743,216.03657992645952,0.021748357002576178,45955,23.197879858657245,33.08228167592125,256x256,65536,sparse,Learned,271,4,23,1945,30.5233822861685,0.5709512438916877,27.91309582915418,0.9988807638256207,0.5776019476567255,0.3363497498636806,10,6,0.0,28,1828,30.72055495656228,0.6109544176518702,0.9987720763071878,27.338063267669675,0.3236949931363503,0.5533453887884268,4712,31.48879708161501,0.7012338101635041,0.9993874436869051,30.907110045067224,0.21148196476516845,0.5763427881713941,0.5721555621277439,0.2671188310613265,-0.29639413940276427,-0.047476863612114006,True,0.6412035345940483,0.48142295313725825,0.55092316855271,27.91899590001134,0.9987973144757812,7652
7653.png,0.5906821963394343,0.8845928529584065,0.9387628225054399,0.9587301587301588,0.9196102314250914,0.9988165589240606,27.698226422821136,0.9991738268687873,28.4786012943905,1.0,0.6518075726938024,0.5090439286930006,30.073804111075585,0.5173041425052507,2053,4,2,4,9,1.975609756097561,0.5,164,162,241.30865786510165,3.2808932313104955,0.03242450093140576,-0.04140336515789189,-0.2245651323362452,-0.0001861329319312599,9.450289821766322e-05,0.36706783369803064,1037.9810333251953,0.629435718440954,4,2,2,4,9,1.975609756097561,0.5,4,0,164,162,151,1.4895596164512435,3.2808932313104955,241.30865786510165,0.03242450093140576,45998,22.405260594252315,31.922065270336095,256x256,65536,sparse,Learned,284,4,23,1985,30.411091880380738,0.5683306207200235,27.93735884170402,0.9990793239705696,0.6329321663019694,0.36766333781375027,12,5,0.0,28,1926,30.63476979126675,0.610812871915481,0.9989066398424683,27.23282869602069,0.19683893012464093,0.6219709208400647,4513,31.37602622377914,0.6919571920693698,0.9994629302699339,30.835915916883494,0.10125574012704563,0.5990415335463258,0.541242452686479,0.28414423488005214,-0.3372877693051528,-0.0510264782147728,True,0.6737202053769605,0.34295318018494325,0.6320855614973262,27.92279155515738,0.9990026918559919,7653
7654.png,0.5751633986928104,0.8688688688688688,0.9298339582217462,0.8803245436105477,0.985244040862656,0.999521702485913,28.51536677785552,0.9994477032212515,28.502759226396147,1.0,0.529989385269462,0.3708935529979241,31.444673207873638,0.5857709579525787,1698,4,4,8,9,2.0,1.0,115,115,170.61017305526653,2.699221378823985,0.02092149560965227,0.018559625107904765,0.5545173484709842,8.585887336431952e-06,3.646862974260312e-05,0.453307392996109,966.0189151763916,0.563508064516129,4,4,0,8,9,2.0,1.0,4,0,115,115,98,1.4835667222197082,2.699221378823985,170.61017305526653,0.02092149560965227,44844,26.40989399293286,38.59599528857479,256x256,65536,sparse,Learned,235,4,23,1649,31.59828235314162,0.6104901344365462,27.96793057405109,0.9994112345915089,0.546692607003891,0.21729546175813186,8,0,0.5,34,1614,31.856003318819795,0.6484208527880955,0.9993187235031519,27.596668286332992,0.24042787677503152,0.550682261208577,5532,32.94303235747735,0.7564703968973204,0.9997354235931846,32.255879740990146,0.1724044989207003,0.5570599613152805,0.5348286523450589,0.3126939235113302,-0.15360914526798197,-0.024719176483967487,True,0.5276334472589853,0.19569584393442785,0.5566037735849056,27.960849429384535,0.9995131165985766,7654
7655.png,0.7193385392742306,0.9169776119402985,0.9566909975669099,0.954368932038835,0.9590243902439024,0.9981315234289297,29.078286837851067,0.9982005416611629,29.24109087616749,1.0,0.6753475326416503,1.084318594788829,31.58380474140487,0.5983812966614559,2141,4,4,8,9,2.0,1.0,169,169,261.3502884254443,3.8854449091578376,0.03093657456541902,-0.009595923498841197,0.18510283745896672,1.7759568101571865e-05,0.0001215683599785633,0.25806451612903225,1421.5607643127441,0.7326869806094183,4,4,0,8,9,2.0,1.0,4,1,169,169,152,1.546451410801444,3.8854449091578376,261.3502884254443,0.03093657456541902,44696,20.876226062587577,30.60999532928538,256x256,65536,sparse,Learned,289,4,27,1971,31.785459901351068,0.6319163231235105,28.898916929772177,0.9980789733011843,0.7419354838709677,0.6709115013160569,7,13,0.0,40,2100,32.120203455133705,0.6758403222242237,0.9979404336334082,28.87926039370428,0.1950081106235414,0.748062015503876,4333,32.575826580227485,0.7284394810710555,0.9989630805896067,31.689239158929063,0.07627480477554949,0.6909906237260497,0.34217394639531307,0.004436031325593337,-0.2016551599461991,-0.03353502646205464,True,0.7106157820609493,0.7705339062390933,0.7289344627730718,28.8931840003921,0.9981137638608282,7655
7656.png,0.5834127740705434,0.835431654676259,0.9103380695737384,0.8797348484848485,0.9431472081218274,0.999473682554152,27.80790054813156,0.9995335782373235,28.17120732182334,1.0,0.5994833739091812,0.3484173932917636,30.988192613013148,0.5633560361265668,1923,4,1,4,10,1.9555555555555555,0.25,135,132,210.23759005323606,2.5529617874710646,0.03895103633471975,-0.011825321167551861,-0.020256061975199913,-5.9712984063930996e-05,8.127965889226374e-06,0.37106918238993714,860.809326171875,0.6111627906976744,4,1,3,4,10,1.9555555555555555,0.25,4,0,135,132,121,1.5927090155548176,2.5529617874710646,210.23759005323606,0.03895103633471975,45358,23.587103484139366,34.08008320332814,256x256,65536,sparse,Learned,255,4,24,1858,31.19926109487046,0.5993475712764106,27.864534791365394,0.9995254502714342,0.6289308176100629,0.28822967723739024,9,1,0.0,30,1720,31.391998892024546,0.6327497527741822,0.999378760656889,26.865406503028957,0.3363497498636806,0.5435380384967919,4638,32.13527056028361,0.7170757614469598,0.9997371048838765,31.070045919128965,0.21964005672196574,0.6235399820305481,0.30667253045794496,0.3112536966717909,-0.21106848185731408,-0.03599153514984377,True,0.605446289628399,0.2109480180104969,0.5952380952380952,27.82815661010676,0.999533395538216,7656
7657.png,0.5766073871409029,0.8915343915343915,0.9426573426573427,0.9201365187713311,0.9663082437275986,0.9992896891107184,27.816984363487624,0.9993325234146888,28.212687921740418,1.0,0.6957787359332959,0.41870509768597836,30.435661959696528,0.5386852342543347,2238,4,0,2,10,1.956043956043956,0.0,182,178,276.24978336205623,2.6772423406223673,0.03486938348666166,-0.007055326956593833,-0.0049940633874250295,-7.171557724361399e-05,5.1276220327634014e-05,0.4282083862770013,930.2701950073242,0.5770252324037185,4,0,4,2,10,1.956043956043956,0.0,4,0,182,178,170,1.5519650750677287,2.6772423406223673,276.24978336205623,0.03486938348666166,45769,20.450848972296694,29.283288650580875,256x256,65536,sparse,Learned,302,4,25,2188,30.73595586018946,0.5913349134711258,27.817008528450785,0.9992812471943612,0.5717916137229987,0.28822967723739024,12,2,0.0,31,2034,30.98266627777875,0.6284583524595418,0.9992150058166249,27.517436967316428,0.4681685012207898,0.5843828715365239,4265,31.517389396011296,0.6897052324775437,0.999570185951346,30.56851993345863,0.20546639749666606,0.5513720485003191,0.3956793932896332,0.40754905869590563,-0.3002939004929317,-0.05264967921679109,True,0.6379597914565125,0.26711701680152544,0.5836627140974967,27.82197842687505,0.999361404687962,7657
7658.png,0.5562784645413142,0.8801546391752577,0.9362577107607951,0.918010752688172,0.9552447552447553,0.9987982574574045,28.101496648799795,0.9988774703834994,28.215626712758322,1.0,0.6093721646414789,0.6343786474719831,30.319817069632894,0.5269229699687771,1889,4,6,13,10,2.03125,1.5,128,130,213.5807358037438,3.5586076229810715,0.05734584760291786,-0.0190285813539669,0.4776265568514191,4.1494205025083275e-05,0.00010816282372860808,0.4057507987220448,1276.7205238342285,0.5755627009646302,4,6,-2,13,10,2.03125,1.5,4,0,128,130,105,1.6429287369518737,3.5586076229810715,213.5807358037438,0.05734584760291786,45909,24.303335097935417,34.69348861831657,256x256,65536,sparse,Learned,248,4,22,1822,30.506645912247627,0.5659347236186512,27.633258473657555,0.9987693075597708,0.5942492012779552,0.3673119420671995,9,4,0.0,27,1776,30.771484699484994,0.6052906486124957,0.9986699471389613,27.220874597196655,0.28537689418394263,0.5615041427660931,4986,31.678893717139523,0.7122212992330967,0.9994158767624783,31.114276679157015,0.23279405002414422,0.5566944266495836,0.5823682391007665,0.2420602225742794,-0.18682884261473376,-0.03901175364987408,True,0.6321205588285577,0.40100378514889456,0.5753070458952811,27.623870091948376,0.9987567632523794,7658
7659.png,0.4658653846153846,0.8923959827833573,0.9431387414708112,0.9348697394789579,0.9515553289138194,0.9985402163092204,28.53512728823437,0.9985903770164213,28.894441268200268,1.0,0.64654531804122,0.35638618667165517,30.47903719188514,0.5420533514589961,2264,5,10,16,10,2.0568181818181817,2.0,176,181,293.9066376115485,3.251882055266337,0.05377450590772268,-0.006044727744165923,-0.1032944311527686,-0.00016851630119429917,-5.650033765292051e-06,0.5211062590975255,1220.9725379943848,0.4678724416944312,5,10,-5,16,10,2.0568181818181817,2.0,5,1,176,181,150,1.6237935779643544,3.251882055266337,293.9066376115485,0.05377450590772268,45633,20.155918727915193,28.946996466431095,256x256,65536,sparse,Learned,296,5,26,2236,30.891303273278133,0.5972252381309905,28.687262791746548,0.9985960270501866,0.47889374090247455,0.2728821184574307,15,4,0.0,31,2150,31.063912739478795,0.6359826203248202,0.9982858040918987,27.925629784441277,0.1984247866412301,0.4235237173281704,4020,31.510810964196413,0.6818433463962147,0.9989779157453146,30.553846890773748,0.13020697679560145,0.48166023166023164,0.2071784764537199,0.37366319958378924,-0.4122660813929926,-0.05517188667199435,True,0.6852573631572181,0.24421625854427453,0.47191011235955055,28.63842171938714,0.9987087326104147,7659
7660.png,0.6009009009009009,0.8619768477292965,0.9258727881396461,0.9219047619047619,0.9298751200768491,0.9993239182209968,27.16859068667713,0.9994524676018227,27.681662756046414,1.0,0.6151878554470214,0.3298013918472996,30.870001036320236,0.5646840262982032,1841,4,2,5,9,1.9736842105263157,0.5,152,150,210.6812408671321,2.5156080707123407,0.02063412000379658,0.027992534367036304,-0.5076302971743658,-0.0001390401333172253,-2.1531620277848162e-06,0.4199203187250996,828.8538455963135,0.616289592760181,4,2,2,5,9,1.9736842105263157,0.5,4,0,152,150,138,1.4045416057808795,2.5156080707123407,210.6812408671321,0.02063412000379658,45223,24.564367191743617,35.59804454101032,256x256,65536,sparse,Learned,272,4,23,1785,31.18838784489504,0.5975737762262086,27.65649720712368,0.9994546207638505,0.5800796812749004,0.31917123063692476,9,2,0.0,32,1800,31.484308118830878,0.6388097838004924,0.9993914448710939,27.431516316108244,0.27094054983237614,0.5599343185550082,4925,32.30050975530634,0.7304766638475741,0.9997343979584451,31.416959123349354,0.19562709705160586,0.5656,0.025165548922732484,0.2960166248100966,-0.31838680857480384,-0.03288974992800531,True,0.6429930394308526,0.2120599993524208,0.5729083665338646,27.676220983851497,0.999462958354314,7660
7661.png,0.7394789579158316,0.9141361256544502,0.9551422319474836,0.9468546637744034,0.9635761589403974,0.9989575546447583,27.663076408298195,0.9990754998182281,28.061424177113317,1.0,0.630646094100368,0.8440304745757228,30.49595316576641,0.5557798713114819,2424,5,3,6,11,1.9787234042553192,0.6,188,186,287.4213562373098,3.127459850717098,0.04254660050851737,0.004834044288192452,-0.3592260421059841,-0.00016469897775750475,-1.660372318179615e-05,0.2633333333333333,1199.2402076721191,0.7528764382191095,5,3,2,6,11,1.9787234042553192,0.6,5,0,188,186,171,1.5452761088027396,3.127459850717098,287.4213562373098,0.04254660050851737,45624,18.821782178217823,27.036303630363037,256x256,65536,sparse,Learned,308,5,27,2415,30.956967588244503,0.613463872132948,28.059674172577765,0.9990921035414099,0.7366666666666667,0.6581329408187211,6,6,0.0,32,2378,31.16809208981508,0.6582616069908858,0.9988212277269964,27.301898962335443,0.5887571769361992,0.7310964083175804,3870,31.520816147670562,0.6791641244081068,0.999357470193034,30.185855095797564,0.4678921533450735,0.7389232968080038,0.0017500045355518523,-0.02748684671835311,-0.4610144224780939,-0.057684000821466075,True,0.6590433718622983,0.5562526899189202,0.7346449136276392,28.02230245040418,0.9991222536225158,7661
7662.png,0.7054140127388535,0.8938329430132709,0.9439406430338004,0.9324104234527687,0.9557595993322203,0.999207607403745,27.216377285857618,0.9993334838364807,27.737435802828443,1.0,0.49135248131968623,0.7668496397599605,30.94057975323478,0.5688286410558587,1926,5,0,0,10,1.9224806201550388,0.0,129,124,188.8528137423858,2.9375313455744307,0.03832142924583356,0.014193774643615376,-0.1155807029065059,-9.967908551933302e-05,3.870521869819843e-05,0.29785661492978566,1042.440414428711,0.7197149643705463,5,0,5,0,10,1.9224806201550388,0.0,5,0,129,124,119,1.5230065624385947,2.9375313455744307,188.8528137423858,0.03832142924583356,45292,23.516095534787123,34.0269989615784,256x256,65536,sparse,Learned,249,5,24,1922,31.135751078888156,0.601960136749831,27.398726554255155,0.9992947786177825,0.7021433850702143,0.4893138166338121,5,2,0.0,33,1838,31.482796578068992,0.6431470534930788,0.9992354019888506,27.06301628376761,0.3623718483782268,0.6776611694152923,4696,32.18932008713611,0.7204108515746557,0.9997079431170557,31.39975364385291,0.28107626656807383,0.6956845238095238,0.3387092485732879,0.002038664685874103,-0.19517132565337647,-0.033131495693972224,True,0.5397566925069074,0.4139122252069497,0.6912202380952381,27.331957988764124,0.9993072864892644,7662
7663.png,0.6105263157894737,0.896774193548387,0.945578231292517,0.9193121693121693,0.9733893557422969,0.9986404405586123,28.629010534459546,0.9985561341266994,28.848271663791245,1.0,0.7285561567878803,0.601105981468879,30.410294122886427,0.5418998970695206,2604,5,8,16,11,2.026431718061674,1.6,227,230,379.0609665440995,3.0678658474909577,0.04518248033955158,-0.014572654915197769,0.006162946190649166,-9.608975120178886e-05,2.3241556739383995e-05,0.3607129019759783,1188.9891624450684,0.623921085080148,5,8,-3,16,11,2.026431718061674,1.6,5,1,227,230,200,1.6480911588873863,3.0678658474909577,379.0609665440995,0.04518248033955158,45763,17.57411674347158,25.167434715821813,256x256,65536,sparse,Learned,347,5,28,2517,30.85012554712297,0.6072416754999662,28.63150650894724,0.99853289256996,0.6392870980240217,0.5140583221305857,12,11,0.0,33,2540,31.071814027014142,0.6545019312021335,0.9982023955935639,27.805564661483416,0.06483943488111676,0.5823863636363636,3680,31.305965814417284,0.6661839328888169,0.9989337726262505,30.05815647447562,0.09350334510942426,0.6129985228951256,0.21676515484400483,0.21449783465729466,-0.4398314242365444,-0.06534177843044564,True,0.73071904444755,0.4392395883906459,0.6250989707046715,28.622847588268897,0.9987365303098141,7663
7664.png,0.6317218902770234,0.9095860566448801,0.952652595550485,0.9392575928008999,0.9664351851851852,0.9984390623263872,28.58994548040597,0.9984317517167082,28.89630861143425,1.0,0.6880773379673533,0.5294100803610772,30.752715028654872,0.5508952000665023,2150,4,4,9,9,2.0,1.0,172,172,269.1787155501906,3.1692317072735277,0.03589935537543985,0.019045833938995282,-0.011157674839967768,-5.6600244894289276e-05,5.640900901682233e-05,0.3681940700808626,1404.1812419891357,0.6543878656554712,4,4,0,9,9,2.0,1.0,4,0,172,172,154,1.5649925322685483,3.1692317072735277,269.1787155501906,0.03589935537543985,45461,21.144651162790698,30.48186046511628,256x256,65536,sparse,Learned,292,4,25,2033,31.022813185897157,0.5961529549767484,28.660736147795014,0.9983753427076913,0.6318059299191374,0.4465958246019207,12,10,0.0,30,2114,31.209947531193087,0.6391351309120091,0.9979299936920633,27.78908637833084,0.09796634517158875,0.5126582278481012,4154,31.718722816653255,0.6948221731855703,0.9990078926566336,31.005386015413045,0.04108963148785827,0.5607313887679582,0.23557246363923667,0.24148151336543255,-0.27009815724228403,-0.045257754910246084,True,0.689633058734515,0.365098693044295,0.6126760563380281,28.601103155245937,0.9984956625712815,7664
7665.png,0.7281009110021023,0.9201977401129944,0.9584406031629276,0.9380849532037437,0.9796992481203007,0.9991200968468222,28.472177239151783,0.99907958168554,28.60431428170836,1.0,0.622807646436843,0.8046073584464646,30.84347161863556,0.554991065299901,2029,4,0,0,8,1.948051948051948,0.0,154,150,221.13708498984786,3.112529694259941,0.018706405490857697,0.011345591853166082,0.2532345275155947,-1.8809348207748933e-05,4.846395204405329e-05,0.2659225213394616,1189.546823501587,0.7425810904071773,4,0,4,0,8,1.948051948051948,0.0,4,0,154,150,146,1.4742472332656507,3.112529694259941,221.13708498984786,0.018706405490857697,45399,22.375061606702808,32.29965500246427,256x256,65536,sparse,Learned,274,4,24,1985,30.99704834396278,0.5952613460434346,28.18127885187775,0.999031117733496,0.7340774786605384,0.6041289161912216,6,14,0.0,33,2024,31.303623403782073,0.6418604999498837,0.9988337091704919,27.5973913525379,0.26655304377571065,0.7325886990801577,4485,31.925996262155397,0.7087352712416554,0.9994232561907669,30.966683373329055,0.11716361024798638,0.7073015873015873,0.42303542983060893,0.0186787302456215,-0.15357672532721978,-0.04027028074353356,True,0.6302765554559411,0.5071251543761414,0.7167553191489362,28.21894271163619,0.99913890619503,7665
7666.png,0.7193593314763231,0.8846945778997941,0.9388201019664968,0.9436310395314788,0.9340579710144927,0.9991591568529582,26.43356354035896,0.9994028986290406,27.083230656608215,1.0,0.6321205588285577,0.4191136245303914,30.089916029506657,0.5289788199142753,2111,4,3,6,9,1.986842105263158,0.75,152,151,228.8650070512059,3.0154068517057517,0.032401650805262756,0.026277570470033873,-0.36344794908495714,-0.00016518142442967232,1.770401947276401e-05,0.31253938248267166,996.6444969177246,0.7119944211994421,4,3,1,6,9,1.986842105263158,0.75,4,0,152,151,137,1.515662298352354,3.0154068517057517,228.8650070512059,0.032401650805262756,46090,21.833254381809567,31.045002368545713,256x256,65536,sparse,Learned,272,4,23,2034,30.47313926797237,0.5776200258763555,26.790157810852154,0.9993851946095679,0.6874606175173283,0.41725174762601036,8,3,0.0,29,1944,30.72323494996711,0.6201315019393808,0.9993444793384795,26.615202869756907,0.5785271852240825,0.6838422391857506,4376,31.35890233854674,0.68313858631329,0.9997114538108476,30.481366182974938,0.2902604043108745,0.6767546683837733,0.2930728457560612,0.2148688112025473,-0.38322323846571393,-0.048641205962080214,True,0.6151878554470214,0.25783361186347964,0.6930817610062893,26.797011489443918,0.9993243382773879,7666
7667.png,0.6777597402597403,0.8963607594936709,0.9453483521068001,0.9340478153338829,0.9569256756756757,0.9993363240458077,27.167304709446118,0.9994571346457158,27.556795725305825,1.0,0.5452466068320598,0.7813858367945715,30.456500943308455,0.5440678775842355,2042,5,0,0,10,1.9363057324840764,0.0,157,152,223.48023074035538,2.6536215839871935,0.02508070208631338,0.0018270409181162517,-0.29548797830160467,-0.0001490843736791092,-3.5802898759040858e-06,0.334529791816224,829.7028541564941,0.6768,5,0,5,0,10,1.9363057324840764,0.0,5,0,157,152,147,1.4702646759233897,2.6536215839871935,223.48023074035538,0.02508070208631338,45640,22.350636630754163,32.09402546523017,256x256,65536,sparse,Learned,277,5,24,1980,30.848981665507065,0.5904568798911535,27.462860179120003,0.9994607149355917,0.665470208183776,0.2933874105480163,11,1,0.0,30,1876,31.04169483136479,0.6263748198801775,0.999406199663138,27.12678559993295,0.4255175407065437,0.6484375,4735,31.83452194336811,0.7115450773865863,0.9997443832099316,31.081790478414195,0.20304456822695138,0.6659404502541757,0.093935546185822,0.2518591962840435,-0.3924807221986093,-0.046389002306918004,True,0.55603076078622,0.4344745613004628,0.675932699341624,27.462792687747722,0.9994854084194869,7667
7668.png,0.7327288428324698,0.9079365079365079,0.951747088186356,0.9629629629629629,0.9407894736842105,0.9986823776983453,27.424628090736842,0.9989077727589706,27.865961892667794,1.0,0.7812881130477852,0.6022786950185498,30.395528213683573,0.5481384743111187,2530,4,17,33,10,2.134715025906736,4.25,193,206,362.84776310850305,3.225474710909196,0.055271543205286995,-0.03528521692148456,-0.17425340890973828,-9.19936275829425e-05,6.880057857172606e-05,0.23254779902178746,1320.547342300415,0.7570921985815603,4,17,-13,33,10,2.134715025906736,4.25,4,3,193,206,150,1.7613969082937013,3.225474710909196,362.84776310850305,0.055271543205286995,45853,18.123715415019763,25.903557312252964,256x256,65536,sparse,Learned,313,4,27,2476,30.790675274870388,0.6084005842424876,27.56841187819774,0.9988389721803989,0.7674522009782125,0.6014809589154859,7,11,0.0,31,2292,30.95171282153086,0.6466271774813537,0.9985991669430402,26.86101853731222,0.4370392981132005,0.7507802050824788,3583,31.25651997266205,0.659069573734217,0.9992453673751925,29.509610334060177,0.5323335729900908,0.7571942446043165,0.2975500144700547,0.1798071541322993,-0.3951470611868153,-0.060262109931368824,True,0.7768698398515702,0.4678921533450735,0.7680140597539543,27.59888149964658,0.9987743713259283,7668
7669.png,0.5836330935251799,0.8516345347862532,0.9198732458125849,0.8888888888888888,0.9530956848030019,0.9995290189105706,27.64217004969098,0.9995254075068933,27.800622228556282,1.0,0.6284233089779543,0.5527037345637309,30.683723434156786,0.545558036788776,1963,4,9,16,9,2.0704225352112675,2.25,142,147,228.9949493661168,2.6758558741757565,0.04275591886412619,0.004776941012181624,0.46969772017307676,5.758491293916812e-06,6.968518471328622e-05,0.4175,914.0150547027588,0.5844827586206897,4,9,-5,16,9,2.0704225352112675,2.25,4,1,142,147,117,1.5577887711980725,2.6758558741757565,228.9949493661168,0.04275591886412619,45651,23.255731023942946,33.38563423331635,256x256,65536,sparse,Learned,262,4,23,1875,30.822143097370777,0.5830740984157554,27.14986487142554,0.99945572232218,0.5825,0.31025172819669167,7,1,0.625,30,1852,31.066886252690217,0.6246703981708708,0.9993631205710947,26.712014582673334,0.3581067929792414,0.5701013513513513,4695,31.83870794308938,0.7090420243502379,0.9997593460402896,31.276873855214262,0.27385096292630906,0.6,0.6507573571307432,0.3181715807812626,-0.13841966321399113,-0.0375160616269794,True,0.5397566925069074,0.29832553970433506,0.5788561525129983,27.172472329517902,0.9995232604192766,7669
7670.png,0.6247364722417428,0.8494318181818182,0.9185867895545315,0.9171779141104295,0.92,0.9993561129295576,27.601858668437366,0.9994896429868287,27.9984273742365,1.0,0.7062422996764672,0.6326560545756984,30.12200410461815,0.5237094067387458,2156,4,9,17,10,2.056497175141243,2.25,177,182,295.2203461105332,2.3996351115447654,0.03513416297738633,0.0075390200124434426,0.1712346992542635,-9.68744995071269e-05,6.694908084869944e-05,0.35084306095979245,871.6287612915039,0.6806966618287373,4,9,-5,17,10,2.056497175141243,2.25,4,1,177,182,150,1.6220898137941366,2.3996351115447654,295.2203461105332,0.03513416297738633,45997,21.334415584415584,30.397031539888683,256x256,65536,sparse,Learned,297,4,24,2081,30.52034714508219,0.5773130540069406,27.328291298527994,0.99942269390598,0.6491569390402075,0.45255867938815,8,3,0.0,28,1998,30.720113463884747,0.6172836967542047,0.9993320121870632,26.715127742223363,0.4428941381878261,0.626701231367466,4403,31.362176959159,0.6904193429872951,0.9997011569326871,30.68457455609675,0.23202646034329377,0.6201550387596899,0.6701360757085055,0.25368362028831726,-0.39834304046404156,-0.053603647268194776,True,0.7205690317785927,0.45587236069447545,0.6171974522292993,27.430623969183102,0.9994529874290647,7670
7671.png,0.6460674157303371,0.878529568460309,0.9353374929098128,0.9020787746170679,0.9711425206124853,0.9989698776676081,28.24986113985727,0.9989899594878519,28.61256452278515,1.0,0.6493616750483071,0.47565717708763305,30.83487812110056,0.5621217533398605,2269,5,1,3,11,1.9583333333333333,0.2,192,188,297.4924240491755,3.0714699321736894,0.03313095479300815,0.024076168465566816,-0.08935329238070366,-9.335465215754013e-05,4.031742082177825e-05,0.3980331262939959,1001.2173652648926,0.6346153846153846,5,1,4,3,11,1.9583333333333333,0.2,5,0,192,188,178,1.5824065108998673,3.0714699321736894,297.4924240491755,0.03313095479300815,45365,19.99338915821948,28.88320846187748,256x256,65536,sparse,Learned,312,5,26,2168,31.128007552311296,0.6091593040401981,28.389679239150944,0.9989496420670301,0.6019668737060041,0.27191198133434924,15,2,0.0,34,2226,31.412750269491788,0.6555687648321229,0.9987955157009334,27.877991507314658,0.2591817793182821,0.5978483606557377,4118,31.827970270713763,0.6966855239852955,0.9993890540732905,30.958679624414533,0.17613615551390138,0.6101010101010101,0.22288528363420568,0.37744969371395787,-0.29312943121073687,-0.04703755070033766,True,0.5865973962327706,0.27901926157903545,0.6219912472647703,28.339214432237974,0.9990632323197657,7671
7672.png,0.7071428571428572,0.8938938938938938,0.9439746300211417,0.9360587002096437,0.9520255863539445,0.9994188150619394,27.856445193842497,0.9994810902159209,28.11748027412944,1.0,0.5132477440400283,0.9282492464892084,31.582928351663107,0.5956220897942878,1638,4,2,4,8,1.9642857142857142,0.5,112,110,164.43860018001263,2.7732130544526234,0.04049493563453752,0.01000527634876669,-0.07058654529371466,-8.866140014862633e-05,-3.531412025248315e-06,0.2975206611570248,928.128719329834,0.7287615148413511,4,2,2,4,8,1.9642857142857142,0.5,4,0,112,110,100,1.4948963652728424,2.7732130544526234,164.43860018001263,0.04049493563453752,44671,27.271672771672772,40.00976800976801,256x256,65536,sparse,Learned,232,4,23,1635,31.706764371238435,0.6166132504025125,27.90384896694094,0.9994846216279462,0.7024793388429752,0.5346660690256866,4,2,0.0,34,1502,31.99439259945659,0.6489039969523361,0.9994279427016484,27.5827305180003,0.3219752101919423,0.6958568738229756,5844,33.29470692197699,0.7703311115666099,0.9998585347549819,33.91624755672523,0.3524410548333402,0.6797804208600183,0.21363130718849987,-0.02141832498565832,-0.12383601957532875,-0.0209911606082247,True,0.5204945410251058,0.4831486655083008,0.6971375807940905,27.92703173913621,0.999507476462088,7672
7673.png,0.5330776605944392,0.8662361623616236,0.9283242708848246,0.900287631831256,0.9581632653061225,0.9993241736520825,27.649871245350106,0.9993441320886584,28.228751477235072,1.0,0.4674081989931028,0.393513371714445,30.514647896929972,0.5319520327143326,1592,4,2,3,8,1.9591836734693877,0.5,98,96,142.8822509939086,3.378881578542748,0.04882812737422767,0.017594964783874456,0.38201205506213043,2.3566272295383328e-05,0.000144974832670286,0.4676131322094055,1037.9297733306885,0.5547240411599625,4,2,2,3,8,1.9591836734693877,0.5,4,0,98,96,87,1.4883567811865477,3.378881578542748,142.8822509939086,0.04882812737422767,45690,28.699748743718594,41.165829145728644,256x256,65536,sparse,Learned,218,4,19,1490,30.656938517649124,0.5538656651546282,27.39311062868966,0.9991991572559881,0.5323868677905945,0.2905982950903464,6,1,0.25,27,1582,30.87512561793314,0.6044613784192179,0.9991039422602348,26.848118532497107,0.31841433380615214,0.5277044854881267,5990,32.23150418949387,0.7533589939670751,0.9996568820389283,31.54049777433579,0.21337213893344664,0.5428067078552515,0.8356408485454132,0.17680990390275642,-0.14229062071915166,-0.02191363244029565,True,0.5180910099097975,0.20387574016454635,0.5154826958105647,27.267859190287975,0.9993006073797871,7673
7674.png,0.63566388710712,0.876844130853111,0.9343814080656186,0.9180658159838818,0.9512874043145442,0.9992074375407302,27.731902613868606,0.9992622365708077,28.089717960367295,1.0,0.5578030907201013,0.555387383666736,30.225786316504625,0.5252671025752075,2098,5,2,5,12,1.961290322580645,0.4,155,152,235.3797256769671,3.1145153245618267,0.033671158748516915,-0.019762231838312272,0.1561538106474636,-1.4599838077944405e-05,7.651853902168604e-05,0.33514821536600126,1008.2650184631348,0.6604977664326739,5,2,3,5,12,1.961290322580645,0.4,5,0,155,152,138,1.5485508268221506,3.1145153245618267,235.3797256769671,0.033671158748516915,45959,21.90610104861773,31.237368922783602,256x256,65536,sparse,Learned,275,5,24,2059,30.538471063999587,0.576742281910159,27.64154104740045,0.999185718031786,0.6648517846339987,0.36024287488827555,12,4,0.0,29,2046,30.742948202134862,0.6191411154853736,0.9990511992916057,27.009649001400362,0.20863818410441615,0.6459189665296535,4530,31.42441297014954,0.6919196742137569,0.999593763545988,30.99834165968931,0.20006580140363373,0.6408408408408408,0.4481769129668436,0.1975602158318257,-0.3126847474949628,-0.05147517933495149,True,0.5578030907201013,0.309796799156256,0.6554261189454322,27.575748803221142,0.9992220373788081,7674
7675.png,0.7472943722943723,0.8876889848812095,0.9405034324942791,0.9367521367521368,0.9442848937392303,0.9989726179767903,27.879024864415975,0.9990700442686832,28.22370516968347,1.0,0.6788991401294393,0.8062430612905223,31.16752197165801,0.5892191245609901,2492,5,3,7,12,1.981042654028436,0.6,211,209,329.70562748477187,2.690892360786691,0.040116509526729446,0.011041826469525118,-0.2349484987211099,-0.0001664441552998719,1.031242851590175e-05,0.26016260162601623,1060.8818531036377,0.774070021881838,5,3,2,7,12,1.981042654028436,0.6,5,0,211,209,192,1.5775388874869445,2.690892360786691,329.70562748477187,0.040116509526729446,45070,18.085874799357946,26.298555377207062,256x256,65536,sparse,Learned,331,5,29,2407,31.510454525991793,0.6376319788498022,28.042182503273025,0.9990597318401673,0.7398373983739838,0.73071904444755,5,6,0.0,38,2322,31.80984897877007,0.677255138239646,0.9990556587353654,28.068813662833463,0.6115979582338287,0.7435,3741,32.048334610828555,0.6964558824811923,0.9994721904712786,30.611392325101786,0.41891436633217993,0.7266800401203611,0.18152266641044434,-0.05181990431811068,-0.3429325543337818,-0.048412854288812035,True,0.6877652592919895,0.5545059681008434,0.7362525458248472,28.113973363137085,0.9991390621320901,7675
7676.png,0.7906066536203522,0.8943731490621916,0.9442417926003126,0.9587301587301588,0.9301848049281314,0.998555447436708,27.001326892102323,0.9989699652237845,27.72148529234229,1.0,0.7301799436153131,1.0884481968871087,30.04710711307255,0.5271936723945585,2472,4,5,11,11,2.010152284263959,1.25,197,198,311.4629867976526,3.1771280233024948,0.024913139195548207,0.006884660021815425,-0.4659304203662735,-0.0002532783813931072,2.5881109390946122e-05,0.201684604585868,1069.6709156036377,0.8424552429667519,4,5,-1,11,11,2.010152284263959,1.25,4,0,197,198,175,1.5730453878669304,3.1771280233024948,311.4629867976526,0.024913139195548207,46134,18.6626213592233,26.511326860841425,256x256,65536,sparse,Learned,317,4,26,2469,30.463568684424512,0.5923602529811948,27.47735829905418,0.9989440841143935,0.798315395414132,0.5661255185670091,8,6,0.0,29,2412,30.675134382599836,0.6394713926793163,0.9986839939259565,26.743467155411047,0.3589292056879616,0.8033866415804327,3772,31.00446661478593,0.6600770910372361,0.9993893628173756,29.674770868798056,0.2887988657898226,0.7808540591271703,0.24412699328810916,0.16405442504830403,-0.41646157135196304,-0.06516658058663627,True,0.7582859831029636,0.8253550110331892,0.7837219935985368,27.467257312468597,0.9988087258181011,7676
7677.png,0.5150093808630394,0.8849056603773585,0.938938938938939,0.9236829148202855,0.95470737913486,0.9981238116043947,28.63738906592048,0.998068535994001,28.83034918688203,1.0,0.6479563128980155,0.37622082998384343,30.724876714316988,0.5605781214362461,2322,5,10,18,11,2.0552486187845305,2.0,181,186,303.0782104868023,3.463885124217081,0.03771040337479361,-0.007758476279817739,0.0618595101758217,1.0393384700324582e-05,0.00013737578930683725,0.4635439681838268,1426.4132976531982,0.5294663573085847,5,10,-5,18,11,2.0552486187845305,2.0,5,1,181,186,152,1.6294527445526985,3.463885124217081,303.0782104868023,0.03771040337479361,45365,19.537037037037038,28.223944875107666,256x256,65536,sparse,Learned,301,5,27,2245,31.146418865877322,0.6129161543391838,28.60819129656992,0.9979311602046942,0.5364560318161732,0.2501080031013624,23,9,0.0,33,2166,31.39769518655878,0.6504930251624568,0.997493207093341,28.15875578730251,0.24421625854427453,0.4883303411131059,4086,31.82125640636068,0.6963474205564517,0.9986882045600203,30.902877126647663,0.11409260764633389,0.5159574468085106,0.2221578903121113,0.3978483097966531,-0.4215421515603346,-0.0523380329029377,True,0.6671289163019205,0.25098779459733056,0.5227678571428571,28.57552955574466,0.9981134182196943,7677
7678.png,0.7553050397877984,0.8994743758212878,0.9470771359391215,0.9474048442906574,0.9467496542185339,0.9991634282307869,26.499599657232487,0.9993495007625431,27.062166786605403,1.0,0.7163459735002295,0.9038334459119257,30.683998030387507,0.5671156440619998,2381,4,3,7,8,1.989247311827957,0.75,186,185,289.1399830835824,2.534029115271825,0.04247703712862338,-0.004522970040211405,-0.524654992335801,-0.00019390121695639362,-1.2209833928022995e-05,0.23536660505237217,1023.7743854522705,0.7890466531440162,4,3,1,7,8,1.989247311827957,0.75,4,1,186,185,171,1.5629188274788215,2.534029115271825,289.1399830835824,0.04247703712862338,45598,19.15077698446031,27.52456950860983,256x256,65536,sparse,Learned,306,4,27,2270,31.169575332366463,0.6174260407136404,27.018527421649992,0.9993617105964712,0.7646333949476278,0.5118550346713229,7,1,0.625,34,2266,31.44098809846501,0.6615059299611089,0.999337647442498,27.15500038233212,0.5076529517687872,0.7484394506866417,3944,31.786811433746326,0.6905208047478488,0.9996842082362973,30.469867078839187,0.5260562649062812,0.7444581280788177,0.04363936495541054,0.20449093882890668,-0.48557730197895665,-0.05031039665164061,True,0.7106157820609493,0.6422783110195458,0.7598280098280098,27.024254649568288,0.9993573294477432,7678
7679.png,0.6212319790301442,0.8869047619047619,0.9400630914826498,0.9503897944720057,0.9299583911234397,0.9986904215966665,27.252189359826563,0.998887652854123,27.89904660573836,1.0,0.5768379176822511,0.6732305937254345,31.00632736794593,0.573669526410201,1921,4,1,2,8,1.9534883720930232,0.25,129,126,201.79393923934012,3.1826094666192697,0.0433778463849475,-0.015076460556983973,-0.4802943727207243,-0.00014925971533130689,7.554951149002509e-05,0.3484190948543088,1263.3652687072754,0.6473364801078895,4,1,3,2,8,1.9534883720930232,0.25,4,0,129,126,119,1.6015392003122224,3.1826094666192697,201.79393923934012,0.0433778463849475,45197,23.52785007808433,34.115564809994794,256x256,65536,sparse,Learned,249,4,24,1911,31.230440298107297,0.6068715409800444,27.687790102321408,0.9988121033426329,0.6515809051456912,0.5580977904154747,6,5,0.0,32,1910,31.53264981183462,0.6483042412566294,0.9985507344897397,27.242500967811637,0.3986459573183786,0.5912031047865459,4913,32.39273048623819,0.73407276934067,0.9994861727555274,31.832057102975174,0.2849869934356877,0.6364197530864197,0.21125650341695135,0.01874012726677643,-0.22411293016136824,-0.0332020145698434,True,0.6132589765454988,0.4128647048871784,0.6363084395871281,27.732483732547287,0.9988396813119979,7679
7680.png,0.6594409583571021,0.9030582804385459,0.9490600363856883,0.9490600363856883,0.9490600363856883,0.999120267857182,28.375669937752743,0.999208367710742,28.574803624766112,1.0,0.7823789431347671,0.4854793711445116,31.38686765277837,0.5930804388464574,2448,4,9,17,11,2.043859649122807,2.25,228,233,363.01933598375683,2.5146571716718507,0.036397877282074755,-0.011552269633868462,-0.24433990675538197,-0.00013358609699698487,-4.245645011913268e-05,0.307032590051458,881.136417388916,0.68931475029036,4,9,-5,17,11,2.043859649122807,2.25,4,1,228,233,200,1.5580229012178375,2.5146571716718507,363.01933598375683,0.036397877282074755,44924,18.351307189542485,26.77124183006536,256x256,65536,sparse,Learned,348,4,30,2414,31.7139823657577,0.6416033987238149,28.565089074326675,0.9992508241608611,0.692967409948542,0.4310712088208781,10,0,0.0,41,2322,31.990190874812285,0.6801750498267899,0.9991749263011089,28.512809295259736,0.4522848902862725,0.6676283900750144,3806,32.203757457692866,0.7016853126557339,0.9995235179359961,31.13158007894264,0.4109420830799032,0.6786941580756014,0.00971455043943692,0.35130773431388895,-0.3271147129793306,-0.04852295987735744,True,0.7898639287992353,0.38346264344318604,0.6709932279909706,28.620009844508125,0.999253853954179,7680
7681.png,0.7155399473222125,0.9123287671232877,0.9541547277936963,0.9541547277936963,0.9541547277936963,0.9994021800781843,26.604627451653094,0.9995962453064854,27.68198455255942,1.0,0.5725850680512734,0.5447365910489645,30.66495689324067,0.5487831164321822,1829,4,5,8,7,2.0153846153846153,1.25,130,131,187.7106781186549,2.6204226365456216,0.026196314606519906,-0.017793386011120793,-0.45213252567800666,-0.00013530237367886944,4.5387742097613426e-05,0.2741379310344828,960.4325294494629,0.7399821905609973,4,5,-1,8,7,2.0153846153846153,1.25,4,1,130,131,115,1.4329059398370592,2.6204226365456216,187.7106781186549,0.026196314606519906,45567,24.91361399671952,35.83160196828868,256x256,65536,sparse,Learned,250,4,22,1706,30.914564178036223,0.5800357414609817,27.14563902771387,0.9995508575643878,0.7258620689655172,0.3934693402873666,7,1,0.625,30,1800,31.132792228704172,0.6256699654600578,0.9994360621703331,26.4759538762476,0.4456727152654929,0.6992221261884183,4983,32.014449439197705,0.7226234583761862,0.9998097760931794,31.511077496362354,0.4796914787936931,0.7257785467128027,0.5363455248455509,0.17911572776390683,-0.24960728479555172,-0.03125262502879944,True,0.5831379803214916,0.3176565955115075,0.7333333333333333,27.0567599773311,0.9995374824518631,7681
7682.png,0.6836065573770492,0.8762942779291553,0.9340691257624165,0.9398012857977791,0.9284064665127021,0.9988710730612741,28.35847445281177,0.9989564070413923,28.73776077504934,1.0,0.6507614269779192,0.6743650510815479,30.25249765221966,0.5248657675450559,2199,5,5,10,12,2.0,1.0,194,194,294.13708498984784,2.8596814502145826,0.04017471582596815,0.029367537969490543,0.08083599495537896,-5.059373130744671e-05,7.354643779811099e-05,0.34974358974358977,1165.0221347808838,0.6915422885572139,5,5,0,10,12,2.0,1.0,5,0,194,194,172,1.5161705411847815,2.8596814502145826,294.13708498984784,0.04017471582596815,45882,20.86493860845839,29.80263756252842,256x256,65536,sparse,Learned,314,5,24,2029,30.565894167390898,0.5759384986340663,28.294706794311114,0.9988828606035942,0.6502564102564102,0.3894122940947261,12,2,0.0,28,2074,30.788915058621996,0.6206789447931494,0.9986738759578152,27.626176617213947,0.043511671058942825,0.5547658862876255,4101,31.27876751726328,0.6797683420134997,0.9993402282666781,30.419960969818497,0.034790242583959685,0.5219314412089937,0.4430539807382239,0.26134913288319306,-0.3133965151712381,-0.05107273108901045,True,0.6657947654442802,0.44898872100865916,0.6542390194075587,28.27763845785639,0.9989216667925815,7682
7684.png,0.5499153976311336,0.8856427378964942,0.9393536963258078,0.9099485420240138,0.970722781335773,0.9990354796457498,28.707298031567383,0.9990394902179391,29.060990621767672,1.0,0.5595683454940007,0.5256184102619157,30.835161332867152,0.5504572434522861,1804,4,0,0,8,1.9420289855072463,0.0,138,134,184.681240867132,3.051084866558296,0.0244728745276271,0.02300106859398421,0.3090831434500032,7.693648988349455e-05,0.00015790089348655112,0.4436987322893363,1176.1689186096191,0.5653245686113394,4,0,4,0,8,1.9420289855072463,0.0,4,0,138,134,130,1.3782182154263574,3.051084866558296,184.681240867132,0.0244728745276271,45331,25.128048780487806,36.328159645232816,256x256,65536,sparse,Learned,258,4,22,1648,30.998936035571912,0.5798653571806544,28.464275442501446,0.9988815893244526,0.5563012677106637,0.3235583520605724,11,2,0.0,29,1596,31.24218587340892,0.6180424719828669,0.9986225226622408,27.83094790150416,0.1917963227889833,0.5515425131677953,5131,32.21438246353212,0.7344580179772167,0.9994632033790984,31.608539293766373,0.031661839202367204,0.4373005015959872,0.5967151792662264,0.23600999343342832,-0.16377470270476024,-0.029408113728368268,True,0.5573606726386489,0.29295903069483864,0.5269143290371494,28.39821488811738,0.9989585431558663,7684
7685.png,0.6642120765832106,0.8932107496463932,0.943593574897273,0.946776611694153,0.9404318689501117,0.9990579365621463,25.987024417195897,0.9993698289635327,27.107197068839135,1.0,0.6093721646414789,0.5450545519808297,30.44858795007297,0.5421141632225369,2074,4,4,7,8,2.0,1.0,143,143,221.69343417595198,3.0594880947699914,0.029910504479637886,0.00959081181601118,-1.1182366649197952,-0.00031703357493317874,1.6332675138786e-05,0.36187845303867405,1022.5753784179688,0.6760982874162323,4,4,0,7,8,2.0,1.0,4,1,143,143,128,1.5503037354961655,3.0594880947699914,221.69343417595198,0.029910504479637886,45699,22.034233365477338,31.59884281581485,256x256,65536,sparse,Learned,263,4,24,2015,30.769580152896012,0.5869567277617367,27.107762805907598,0.9993534962883939,0.638121546961326,0.25588192631821827,9,2,0.0,29,1984,30.950701700679918,0.6274281251385255,0.9992438135970562,26.57221013926465,0.3958906171441353,0.6327526132404181,4519,31.65885549270063,0.698328091116397,0.9997127482980291,31.0578476169839,0.22637395386028736,0.6461644782308223,-0.0005657370684630791,0.35349023832326065,-0.3209922028230423,-0.04484256453919977,True,0.6412035345940483,0.3494909052766835,0.6546212647671994,27.105261082115693,0.9993749701370794,7685
7687.png,0.6516927083333334,0.8729641693811075,0.9321739130434783,0.9273356401384083,0.9370629370629371,0.9989220022370822,28.162109511050314,0.9990492729029496,28.48907968258864,1.0,0.676966743577747,0.7539992691176266,30.50042448751061,0.5366337678572967,2041,4,10,18,10,2.072289156626506,2.5,166,172,263.8650070512058,2.7568746388676657,0.03352912701226847,-0.009389765893470736,0.1728088895259532,6.145830210635417e-06,0.00012113564878935001,0.332475884244373,1035.8235836029053,0.6614583333333334,4,10,-6,18,10,2.072289156626506,2.5,4,1,166,172,138,1.534098878204683,2.7568746388676657,263.8650070512058,0.03352912701226847,45652,22.367466927976484,32.109750122488975,256x256,65536,sparse,Learned,286,4,23,1938,30.675883285561575,0.5791094201358905,27.963592431956506,0.9989281372541603,0.667524115755627,0.41725174762601036,8,2,0.0,29,1846,30.943405016754927,0.6174769967747362,0.9987410914755757,27.441835232946854,0.22439945044468945,0.6477345245692406,4362,31.590073623486358,0.6959783281232352,0.9994419481710469,30.843980645452305,0.11059270608470362,0.6459510357815442,0.525487250632132,0.25971499595173664,-0.17545879805096476,-0.042475652278593845,True,0.6654603930513924,0.5017566499874784,0.6610824742268041,27.98930062152436,0.9989158564068715,7687
7688.png,0.7777777777777778,0.9118181818181819,0.9538754160722778,0.9409005628517824,0.9672131147540983,0.999429917409105,27.327678557063116,0.9995241465871839,27.821919995649424,1.0,0.6265607730633391,0.6393488846891711,31.37916861160533,0.5868187509933277,2043,4,3,5,9,1.9871794871794872,0.75,156,155,228.20815280171337,2.376528901931567,0.03239063708952221,0.003081070672058539,-0.4234075838334945,-0.00012434891210943988,-2.392865950928691e-05,0.21563573883161513,812.1330738067627,0.7864344637946837,4,3,1,5,9,1.9871794871794872,0.75,4,0,156,155,142,1.4723106632368586,2.376528901931567,228.20815280171337,0.03239063708952221,44985,22.019089574155654,32.07831620166422,256x256,65536,sparse,Learned,276,4,25,1934,31.515528227223662,0.6194281543407709,27.781841448235653,0.9995480752466932,0.7843642611683849,0.6190168002606627,4,1,0.5,35,1888,31.80478724033498,0.6587157399032526,0.9994952217803423,27.507030095253178,0.486582880967408,0.7495621716287215,4613,32.46990191110142,0.7300552913005031,0.999791472395224,31.493670632469566,0.5323335729900908,0.7614917606244579,0.04007854741377059,0.00754397280267638,-0.136359615618332,-0.03260940334744322,True,0.6447736190750484,0.4122352942326326,0.7746967071057193,27.75108614089661,0.9995542663212145,7688
7689.png,0.5460399227301996,0.909261576971214,0.9524745984922975,0.9559210526315789,0.9490529065969955,0.998871928291315,27.431576959902824,0.99915259898563,27.82779802826623,1.0,0.6429930394308526,0.3945910055605374,31.16446093387031,0.5857670629879473,2126,4,3,6,9,1.986842105263158,0.75,152,151,226.26702730475895,3.2041457907149664,0.037640303018962665,-0.01823696231306371,0.0060138855792679635,-4.135236125657471e-05,9.28938410459379e-05,0.4328358208955224,1026.5133380889893,0.5559895833333334,4,3,1,6,9,1.986842105263158,0.75,4,0,152,151,137,1.4984571344686015,3.2041457907149664,226.26702730475895,0.037640303018962665,45219,21.269520225776105,30.825964252116652,256x256,65536,sparse,Learned,272,4,26,2115,31.341126750194203,0.6197984254565956,27.393354887949783,0.9990597051445841,0.5671641791044776,0.26855062843906385,11,1,0.0,34,1972,31.674278934528914,0.6595716162892449,0.9988987925958273,27.370390730859896,0.25173643242143473,0.5224719101123596,4119,32.17704312813579,0.7051825433035674,0.9995118070432901,31.079428042804807,0.3098933243222889,0.5373134328358209,0.4344431403164464,0.37444241099178877,-0.17666581632389367,-0.03403136246864824,True,0.670441038924811,0.26455000371839255,0.5642768850432633,27.425563074323556,0.9989132806525716,7689
7690.png,0.5146131805157593,0.8742348358375069,0.932897862232779,0.9214076246334311,0.9446782922429344,0.9985691848197868,28.52649773920744,0.9987131725087033,28.814284967149458,1.0,0.5918008047220773,0.5133475287522281,31.611463966148953,0.6019890170813742,2186,5,2,4,11,1.9649122807017543,0.4,171,168,258.69343417595206,3.2533777457231667,0.03022130831919943,-0.02197218533789924,-0.24794885222458873,-0.00016522858417866715,-7.102807915038145e-05,0.4579596412556054,1302.0875453948975,0.5273037542662116,5,2,3,4,11,1.9649122807017543,0.4,5,0,171,168,156,1.5398418700949503,3.2533777457231667,258.69343417595206,0.03022130831919943,44656,20.42817932296432,29.979871912168345,256x256,65536,sparse,Learned,291,5,28,2182,31.849378620491056,0.6395840639786967,28.85267627799406,0.9987842005878537,0.5420403587443946,0.2727329507727466,13,3,0.0,42,2176,32.23481559829919,0.6821663729286359,0.9987516911288384,28.87937711178124,0.2526711775434951,0.5122089721749006,3979,32.50895354293736,0.7159469950634363,0.9992967027664957,31.534345695002788,0.22572899679371716,0.5538805136795086,-0.038391310844602344,0.3190678539493307,-0.23791465434210224,-0.037595046897322515,True,0.6246889011486004,0.320682503643579,0.5365853658536586,28.774446591432028,0.9987344134039655,7690
7691.png,0.42947501581277675,0.8820987654320988,0.9373565103312561,0.9073015873015873,0.9694708276797829,0.9987801866987015,28.20282199483419,0.9987031244776652,28.599110016148096,1.0,0.6339553651959846,0.2389493116820262,31.511544584421696,0.6008759999643594,2109,4,4,8,10,2.0,1.0,160,160,235.37972567696718,3.215813918411732,0.036300809488484555,0.004740474900846725,-0.06430601521720902,-2.5534283732975283e-05,0.0001029322667913668,0.5812983918999404,1342.939853668213,0.4309090909090909,4,4,0,8,10,2.0,1.0,4,0,160,160,142,1.4711232854810432,3.215813918411732,235.37972567696718,0.036300809488484555,44749,21.218112849691796,31.07444286391655,256x256,65536,sparse,Learned,280,4,27,2010,31.831359065122196,0.6354331985148562,28.33485742499593,0.9986001922108738,0.4187016081000596,0.17819324269474113,16,1,0.0,39,2088,32.13216403726078,0.6756374816195782,0.9983879659604581,28.492955307340907,0.22754522698405988,0.4075178997613365,4298,32.58916026652971,0.7261382325458233,0.9992333504684255,31.645685631129187,0.1713852927673194,0.4242603550295858,0.2642525911521645,0.4557621225012435,-0.3198144807005008,-0.03455719855049688,True,0.6620982141052869,0.15820791252635713,0.42473454091193,28.267128010051398,0.9988057209824345,7691
7692.png,0.6761154855643045,0.884825327510917,0.9388937156096149,0.9413472706155633,0.9364529173887927,0.9987195737961151,26.951559436767095,0.9990327660866941,27.83455772945151,1.0,0.6394050598269216,0.7534618210168272,30.380913323242016,0.5486010963606279,2383,5,5,9,10,2.0,1.0,199,199,289.37972567696727,2.931728154570613,0.039592313499664904,0.037213222685151814,-0.7882545968552712,-0.0003063302265207124,-9.736710327779008e-06,0.3447098976109215,1142.1270370483398,0.7173678532901834,5,5,0,9,10,2.0,1.0,5,1,199,199,180,1.454169475763653,2.931728154570613,289.37972567696727,0.039592313499664904,45708,19.180864456567353,27.501468736886277,256x256,65536,sparse,Learned,319,5,27,2357,30.922581255495633,0.6080064782056328,27.76492265052292,0.9990425027970219,0.6552901023890785,0.603751716521024,7,7,0.0,32,2348,31.111625738385467,0.6509943276605771,0.9988002915623679,27.32491161450983,0.5381430186487215,0.6486090775988287,3889,31.47080894674601,0.6768176485794701,0.9994491819897651,30.503268830364384,0.38989099866126264,0.651980198019802,0.06963507892859155,0.035653343305897645,-0.5416679322536169,-0.05940538184500488,True,0.6697812614451066,0.5046546089313777,0.6389022628791526,27.739814033622366,0.9990259040226358,7692
7693.png,0.4726918075422627,0.8653010552451893,0.9277870216306157,0.9330655957161981,0.9225678358702846,0.9989111396847679,28.14249987699659,0.9991957016812092,28.92750579292891,1.0,0.6483081806219331,0.29661564777443405,30.679159683939016,0.5449326360798976,1979,4,6,12,10,2.0259740259740258,1.5,154,156,235.92388155425132,3.0663856128593543,0.033523245326989366,-0.04329284718919513,-0.18750262204597945,-0.00012513071331998749,8.25554780153892e-05,0.49199231262011534,1166.896104812622,0.4897282968853545,4,6,-2,12,10,2.0259740259740258,1.5,4,0,154,156,132,1.5123325740657128,3.0663856128593543,235.92388155425132,0.033523245326989366,45578,23.030823648307226,33.11571500757959,256x256,65536,sparse,Learned,274,4,24,1962,30.882837864048362,0.5879607822081772,28.335825708103,0.9991131462031938,0.5080076873798847,0.3069593799135585,9,2,0.0,30,1818,31.083112937227867,0.6234914055269517,0.9989037943810855,27.627891415104568,0.2792767087244591,0.4983922829581994,4639,31.830694143510595,0.7090370964550489,0.9994801768067296,31.24494971056388,0.20458309174823275,0.506426735218509,0.5916800848259101,0.3413488007083746,-0.20367818010934613,-0.04302814612827954,True,0.6865138191173947,0.2036307411636067,0.5159846547314578,28.33000249904257,0.9990362703980878,7693
7694.png,0.7590076786769049,0.9123741859088218,0.9541795665634675,0.9500616522811344,0.9583333333333334,0.9988477370382939,27.503901292038595,0.998892864624189,27.895413804390525,1.0,0.6569914825812934,1.1573815379385348,30.92801999940712,0.5714376419047291,2112,4,8,16,10,2.0533333333333332,2.0,150,154,244.3797256769673,3.4702536185582478,0.03307225569685544,0.0308739739415288,0.018678632335046075,-8.188053768198866e-05,5.9277814156932784e-05,0.2669632925472748,1223.207950592041,0.7725118483412322,4,8,-4,16,10,2.0533333333333332,2.0,4,1,150,154,124,1.5868813355647202,3.4702536185582478,244.3797256769673,0.03307225569685544,45325,21.460700757575758,31.03030303030303,256x256,65536,sparse,Learned,270,4,25,1991,31.248373531016806,0.6106479408345779,27.503801643728064,0.9988335868100321,0.7330367074527252,0.6406050418796497,6,15,0.0,33,2080,31.49176165114757,0.6540008337203227,0.9987068466489549,27.333795397285535,0.6001503456551527,0.7267150027886224,4324,32.054381911119144,0.7075515797280734,0.9994595138076725,31.061669371164477,0.6783482094211188,0.7294765840220385,0.3916121606624614,0.016386440701643634,-0.3203535316096868,-0.03921029892984873,True,0.6833632306209467,0.790911986826717,0.7281337047353761,27.48522265970355,0.9989296175759759,7694
7695.png,0.5025234318673396,0.8684563758389262,0.9295977011494253,0.9017421602787457,0.9592290585618977,0.9992503608487912,28.082230187835503,0.9992557673680075,28.544916232094558,1.0,0.5966699219328813,0.33703978905817206,30.813962765358585,0.5564298394209963,2156,5,6,11,11,2.011627906976744,1.2,172,173,269.0071426749367,2.765441353237906,0.03500926720253777,0.0014839308278385976,0.007625907671918952,-7.942850985076522e-05,5.505538323968828e-05,0.5036544850498339,979.1100025177002,0.49552033080634045,5,6,-1,11,11,2.011627906976744,1.2,5,1,172,173,150,1.5549545819360489,2.765441353237906,269.0071426749367,0.03500926720253777,45453,21.08209647495362,30.397031539888683,256x256,65536,sparse,Learned,292,5,26,2127,31.08665061988813,0.6036357539050129,28.1196503700278,0.9992007119847678,0.4963455149501661,0.20607734218204876,13,0,0.0,31,1938,31.258472165766428,0.6370637999539023,0.9990175302215885,27.693553351830733,0.2400825382389351,0.45606975184439974,4159,31.795709134811005,0.6961849934722176,0.999510185283212,31.117380638452957,0.14133889056733384,0.4828744123572868,0.42526586206675887,0.3905925797508325,-0.27268785452954347,-0.047205914484016565,True,0.6078065241064949,0.20485498267303381,0.501039501039501,28.074604280163584,0.9993297893586419,7695
7696.png,0.7039434961742201,0.8942652329749103,0.9441816461684011,0.9438839848675914,0.9444794952681388,0.9990301155136134,27.90692075339569,0.9991805591159417,28.297447025628152,1.0,0.5415939886947765,0.7283272303170728,31.150488704211323,0.5825318391515539,2262,6,0,1,13,1.9337016574585635,0.0,181,175,278.53405460951814,2.778457447968794,0.03651252959241646,0.01046523530465493,-0.3130202970180562,-0.0001926466258217463,-2.97298312339489e-05,0.3013623978201635,928.1094074249268,0.7351707609346915,6,0,6,1,13,1.9337016574585635,0.0,6,0,181,175,167,1.5916231691972436,2.778457447968794,278.53405460951814,0.03651252959241646,45166,19.967285587975244,28.97259062776304,256x256,65536,sparse,Learned,301,6,27,2129,31.461946910408525,0.624488175104671,28.20863480814729,0.9992102889471757,0.6986376021798365,0.38346264344318604,11,4,0.0,35,2070,31.63798935938674,0.6624818653351666,0.9991149451685215,27.786385432214438,0.3499911044790358,0.6903607969843835,4106,32.156547822666305,0.7082838648375344,0.9995151446263381,30.92493571441842,0.28822967723739024,0.683433570256971,0.08881221748086077,0.15813134525159045,-0.31145820619720155,-0.041956335953117097,True,0.5639507136784644,0.4107406613287725,0.6934782608695652,28.219941050413745,0.9992227621394352,7696
7697.png,0.4987146529562982,0.8898514851485149,0.9417157825802226,0.9283408650742414,0.9554817275747508,0.9989331085986906,28.343633430731234,0.9988188295220528,28.748229971912764,1.0,0.6927212613988687,0.26996198933466614,30.892343508838692,0.5605719823997378,2169,4,6,12,10,2.0233918128654973,1.5,171,173,265.1076477383251,2.78839039244847,0.03729018250707291,0.006149597194216427,-0.24907575848788,-0.0001237777762594927,2.0534855607934333e-05,0.5042682926829268,1202.0511627197266,0.5018963337547409,4,6,-2,12,10,2.0233918128654973,1.5,4,0,171,173,149,1.5324141487764438,2.78839039244847,265.1076477383251,0.03729018250707291,45344,20.905486399262333,30.214845550945135,256x256,65536,sparse,Learned,291,4,26,2101,31.160706099131534,0.6064797903666016,28.629129425160734,0.9987982946664449,0.49573170731707317,0.20634872233931634,18,0,0.0,33,2124,31.424019700483747,0.6502860601531486,0.9986127110287785,28.064113388764937,0.28346868942621073,0.4494857834240774,4394,31.979596601714974,0.7084784843470842,0.9992327976889487,31.14710765038284,0.13484663297586286,0.4896969696969697,0.11910054675202986,0.48637253905955236,-0.26836259029284193,-0.04590780796686378,True,0.6155724752496214,0.16618116999805232,0.49256505576208176,28.592709189219114,0.99905688637495,7697
7698.png,0.5686009896536213,0.8787459658828953,0.9354601226993865,0.9176697159364468,0.953953953953954,0.9983132175952844,28.742615666974807,0.9981605760456048,28.966506338411318,1.0,0.7407597393541085,0.5868480245399514,31.204180510003972,0.5916395793602471,2321,4,10,20,13,2.0631578947368423,2.5,190,196,319.63455967290656,3.433997013694362,0.05149092195121812,-0.02856407664724747,-0.17455231652732905,-0.00016954282446934865,1.0371499876704604e-06,0.38004535147392293,1468.6498641967773,0.5933869526362824,4,10,-6,20,13,2.0631578947368423,2.5,4,0,190,196,157,1.6307885697597244,3.433997013694362,319.63455967290656,0.05149092195121812,44788,19.296854803963807,28.236105127100387,256x256,65536,sparse,Learned,310,4,30,2311,31.751960117431466,0.6396327760064704,28.93546525073336,0.9981595388956171,0.6199546485260771,0.5088025487122438,11,15,0.0,42,2288,32.08839175187275,0.6806355049437409,0.9980935666448162,28.852213911347242,0.36337783526109035,0.6222814025743453,3836,32.28231794420775,0.7050017048690564,0.9987762157523317,31.115460488022627,0.25833464593920563,0.5802690582959641,0.03104108767795921,0.2319571906418647,-0.5477796074274934,-0.04799319664622326,True,0.7734976593235312,0.4539255733602906,0.5971650663008687,28.917167983502136,0.9984827604197537,7698
7699.png,0.6960227272727273,0.8577208361429535,0.9234119782214155,0.9137931034482759,0.9332355099046221,0.9992774109359746,28.242563047082122,0.9993623609939457,28.65959300012884,1.0,0.5624947908674507,0.6348163871972841,30.805402960286546,0.560576058598545,2254,6,2,4,12,1.9581151832460733,0.3333333333333333,191,187,273.965512114594,2.3958346968545965,0.03525281796114016,0.007048858566545024,-0.1057753964340229,-0.000127794326678754,-6.505260625955245e-06,0.2749517063747585,857.4638366699219,0.7190611664295875,6,2,4,4,12,1.9581151832460733,0.3333333333333333,6,0,191,187,175,1.4650562145165444,2.3958346968545965,273.965512114594,0.03525281796114016,45441,20.16015971606034,29.075421472937002,256x256,65536,sparse,Learned,311,6,26,2142,31.133219523033762,0.6084780508215096,28.35337051194771,0.9993688662545717,0.7250482936252415,0.49193346071814303,7,0,0.9166666666666666,34,2198,31.413395102838123,0.6549355821678076,0.9992723054844136,27.905263809723863,0.36641659876042776,0.6936758893280632,4084,31.830905415978844,0.6970505191480721,0.9996126973042019,30.803747198955218,0.19490902860146486,0.6820846905537459,0.30622248818113107,0.07056133014930766,-0.32781656274721627,-0.04790199222296465,True,0.5768379176822511,0.366186162901451,0.6889738687061823,28.348338443516145,0.9994052052626533,7699
7700.png,0.516460025651988,0.8876404494382022,0.9404761904761905,0.9223170184104176,0.9593647828117702,0.9984177795009223,27.98779086638206,0.9983814267939474,28.411634094553833,1.0,0.703586547414681,0.3670094694547747,30.08974235024326,0.5366299693170594,2681,5,8,15,10,2.0269058295964126,1.6,223,226,351.4335495461299,3.1979989973418914,0.033017551306641406,0.00150005936458808,-0.26842079016626386,-0.00015287033694222352,-6.034405685584332e-06,0.48206185567010307,1395.669937133789,0.5290404040404041,5,8,-3,15,10,2.0269058295964126,1.6,5,1,223,226,198,1.555015705956324,3.1979989973418914,351.4335495461299,0.033017551306641406,45947,17.138008205893325,24.44461022006714,256x256,65536,sparse,Learned,343,5,28,2674,30.724403978724958,0.6084461655923401,28.34526178088271,0.998387461199633,0.5179381443298969,0.2340716616353513,24,4,0.0,33,2674,31.025256658539696,0.6590494441893574,0.9980958861892685,27.894020385220625,0.3132014668352898,0.4734625105307498,3550,31.11685893187108,0.6547243051499775,0.9985506367765011,29.571721689775217,0.17651547914395382,0.5030876904075752,0.06637231367112406,0.46951488577932965,-0.6346616284816982,-0.07181619627528069,True,0.6877652592919895,0.2524163629221786,0.5149599662873999,28.256211656548324,0.9985706498378645,7700
7701.png,0.6060825488776249,0.9040590405904059,0.9496124031007752,0.9322678843226788,0.9676145339652449,0.9991619001488352,27.53069027531234,0.9992242312993741,28.018512886994703,1.0,0.5266877687902607,0.7948568413823374,31.507591552006858,0.6043973939978915,2019,5,2,3,9,1.9583333333333333,0.4,144,141,209.65180361560923,2.909789694680108,0.026731041850416998,0.01701372296669379,-0.39341812746046045,-0.0001338976486807697,-3.097057961454208e-05,0.4011976047904192,986.3059520721436,0.6232091690544412,5,2,3,3,9,1.9583333333333333,0.4,5,0,144,141,132,1.4868922242241775,2.909789694680108,209.65180361560923,0.026731041850416998,44668,22.123823675086676,32.45963348192174,256x256,65536,sparse,Learned,264,5,27,2015,31.859493818383452,0.6403750914222265,27.933698694315538,0.9992552018789886,0.5988023952095808,0.47621116717027334,6,3,0.0,39,1974,32.14526146549014,0.6758629283698562,0.9992569096891886,28.365203281204366,0.44169905992882275,0.5857519788918206,4584,32.77551332828869,0.738908626179511,0.9996257619397734,31.707408363077132,0.25732741677921767,0.5964566929133859,0.08481419267916479,0.05047660161998735,-0.3519022663765945,-0.03597769742433499,True,0.55603076078622,0.4419648542299529,0.5890688259109311,27.924108402772802,0.999295797797516,7701
7702.png,0.7961783439490446,0.9019138755980861,0.948427672955975,0.9584745762711865,0.9385892116182573,0.999046674497936,25.639735891666533,0.9994636100688729,26.661478322457217,1.0,0.590164737988921,0.96653831048317,30.953967917283357,0.6092623500706479,2313,5,0,0,10,1.945054945054945,0.0,182,177,256.5218613006981,2.3125266452412028,0.023973191254983928,0.08843640846517364,-1.650424891661249,-0.0005123095105028508,-0.00010518740340570432,0.29296875,779.090166091919,0.8316912972085386,5,0,5,0,10,1.945054945054945,0.0,5,0,182,177,172,1.4492760525463158,2.3125266452412028,256.5218613006981,0.023973191254983928,44749,19.346735840899264,28.333765672287072,256x256,65536,sparse,Learned,302,5,30,2280,31.997692657545407,0.6575684186201172,27.238130658038465,0.9995687974722786,0.70703125,0.5782461096661227,6,3,0.0,41,2308,32.27534093718117,0.6991008187136051,0.9995841422463612,27.896046888905673,0.6631104004243529,0.6915584415584416,4039,32.61160337350318,0.7229478942587533,0.9997974907698562,31.134410285445625,0.32463365364741537,0.6935897435897436,-0.5766523355812474,0.01191862832279833,-1.04372474026205,-0.04830606854946928,True,0.5950533706734951,0.5751418795380754,0.707741935483871,27.29016078332778,0.9995589840084389,7702
7703.png,0.6956147893379192,0.9000861326442722,0.9474161378059838,0.939748201438849,0.9552102376599635,0.9992876945133792,27.811797626755936,0.9993741025497823,28.17541438761594,1.0,0.6014809589154859,0.7984986994830763,30.478353020459682,0.5317642484265673,1824,4,3,6,9,1.9846153846153847,0.75,130,129,207.5096679918782,2.6381860879751353,0.04494659613954757,-0.008398588588502176,0.3246840397823867,-2.162266599370355e-05,6.098514851871073e-05,0.27226890756302524,1082.9064846038818,0.7274305555555556,4,3,1,6,9,1.9846153846153847,0.75,4,0,130,129,115,1.6086020774564191,2.6381860879751353,207.5096679918782,0.04494659613954757,45799,25.109100877192983,35.92982456140351,256x256,65536,sparse,Learned,250,4,22,1764,30.64051189345428,0.5680986815745653,27.480873749038732,0.9993131174012636,0.7277310924369748,0.46918054943798615,6,0,0.75,28,1714,30.848427802937664,0.610156039319404,0.9991518597745781,26.774444315711953,0.4796914787936931,0.6944444444444444,4840,31.706531878414246,0.7109988205112007,0.9996249752557654,30.53765855263687,0.2825126771455566,0.7073170731707317,0.6945406385772088,0.13230040947749977,-0.16215887299459908,-0.036334433147998,True,0.6093721646414789,0.486582880967408,0.7040133779264214,27.48711358697355,0.9993093171793729,7703
7704.png,0.5438983986747653,0.869352204681546,0.930110658124636,0.9394117647058824,0.9209919261822376,0.9988919986089484,28.968690446888473,0.999057983079081,29.180045625131136,1.0,0.7594915367916579,0.48524368352936925,31.153874328638068,0.5748687150536604,2264,4,6,11,8,2.019047619047619,1.5,210,212,326.6639969244292,2.6664186239242555,0.04427815303483117,-0.013932259875317654,-0.2053519951040137,-0.00015068116328276204,1.2738526551703266e-05,0.4332394366197183,1122.4150657653809,0.5631013016411998,4,6,-2,11,8,2.019047619047619,1.5,4,1,210,212,191,1.5408679100208906,2.6664186239242555,326.6639969244292,0.04427815303483117,45142,19.93904593639576,28.946996466431095,256x256,65536,sparse,Learned,330,4,28,2223,31.443606155244474,0.621279303175029,29.068404165739263,0.9990452445525293,0.5667605633802817,0.3934693402873666,10,5,0.0,36,2132,31.641249411780375,0.6591007882559415,0.9988983084670722,28.40823055255828,0.29932721613695235,0.5337837837837838,4135,32.103732471022575,0.7055437993245709,0.9994079213575854,31.431075287884468,0.15827985749340656,0.5630906058921623,0.11164145939187264,0.36602219650429135,-0.2897318266064062,-0.04641058812136856,True,0.785618898573022,0.38121660819385916,0.557830658550083,29.174042441992487,0.9990426797722312,7704
7705.png,0.6961087090796788,0.9130162703379224,0.9545305855413805,0.9554682383759004,0.9535947712418301,0.999135278535827,26.793948776303168,0.9993007677340212,27.23157302687366,1.0,0.689633058734515,0.597092575274415,30.556373043836672,0.5614016279227627,2353,4,2,5,10,1.977142857142857,0.5,175,173,272.5929291125636,2.897500236374991,0.042044696614137886,0.012900399789430694,-0.60698339186008,-0.00020999746881145143,-3.5455547578111535e-05,0.30581395348837215,896.3675498962402,0.7251572327044025,4,2,2,5,10,1.977142857142857,0.5,4,0,175,173,160,1.5756816711708865,2.897500236374991,272.5929291125636,0.042044696614137886,45616,19.386315342116447,27.852103697407564,256x256,65536,sparse,Learned,295,4,27,2338,31.08634436034794,0.6161442770324034,27.371177380583298,0.9993362232815993,0.6941860465116279,0.48166983580189315,7,3,0.0,34,2346,31.377855139412972,0.6609353188373365,0.9993231410232947,27.46838668174412,0.4566491309255002,0.6807780320366132,3939,31.6990338683961,0.6859508410101925,0.9996670065872733,30.636700754992575,0.32657901863651817,0.6769859813084113,-0.1396043537096361,0.20796322293262182,-0.5299713165112685,-0.05474264910964066,True,0.6988057880877979,0.41725174762601036,0.6832083092902481,27.400932168163248,0.9993452760046384,7705
7706.png,0.65375,0.8642590286425903,0.9271877087508351,0.9161716171617161,0.9384719405003381,0.9992237019008731,28.13032270688959,0.999329350737701,28.570938111434504,1.0,0.6988057880877979,0.5129568776906267,30.352174955976064,0.5335023439272726,2244,4,3,6,10,1.9891891891891893,0.75,185,184,280.42135623730985,2.7493108311214964,0.03397966049305761,0.038817607289829525,-0.04958995091405782,-0.00011073121750782011,3.080174043013084e-05,0.37631271878646444,1016.547441482544,0.672069825436409,4,3,1,6,10,1.9891891891891893,0.75,4,0,185,184,169,1.5240291099853778,2.7493108311214964,280.42135623730985,0.03397966049305761,45788,20.40463458110517,29.204991087344027,256x256,65536,sparse,Learned,305,4,25,2169,30.70871636576401,0.5882326898697344,28.249572091023918,0.9992985489972709,0.6236872812135356,0.36677095188387276,13,7,0.0,30,2204,30.944857799177047,0.6341800207571059,0.999138765441213,27.438960024173312,0.22119921692859512,0.6569767441860465,4273,31.455862239634335,0.6895122060214053,0.9995380547723697,30.403375799081232,0.10998925129338355,0.6321647189760712,0.3213660204105864,0.33203483620392515,-0.356541409787944,-0.054730345942461844,True,0.7407597393541085,0.379977803018006,0.6149323927101705,28.179912657803648,0.9993344331183809,7706
7707.png,0.5262252794496991,0.874675885911841,0.9331489165514063,0.9431500465983225,0.9233576642335767,0.99907972071636,28.043879926596233,0.9993627421560103,28.66193923088541,1.0,0.4789972713966656,0.5965031001155181,31.824549657801803,0.6092986925719073,1679,5,2,3,9,1.9523809523809523,0.4,126,123,175.78174593052032,2.7879346117140753,0.024980200951906766,-0.01677640689094173,-0.3109391382042652,-0.00025615813584545233,-8.5373806143485e-06,0.43685121107266434,764.6713256835938,0.5573333333333333,5,2,3,3,9,1.9523809523809523,0.4,5,0,126,123,114,1.429119885613986,2.7879346117140753,175.78174593052032,0.024980200951906766,44404,26.446694460988684,39.03275759380584,256x256,65536,sparse,Learned,246,5,23,1571,31.960693593608088,0.6283003452985587,28.293485915185073,0.9993712795366246,0.5631487889273357,0.21480107198442133,11,0,0.4,35,1422,32.19239517937159,0.6554379630586832,0.9993338806747462,28.13809518829909,0.22379089767122484,0.5496974935177182,5631,33.433823625260665,0.7692902766261696,0.9997948349016759,33.861463665073074,0.1974812020375215,0.5737564322469982,0.3684533157003358,0.26419619941224426,-0.1361439358062846,-0.01900165272665144,True,0.49338300763441045,0.2943044935982442,0.5430016863406408,28.3548190648005,0.9993358788522054,7707
7708.png,0.6464646464646465,0.87751677852349,0.934763181411975,0.9414941494149415,0.9281277728482697,0.9990950299338754,27.047007962326532,0.9993947097550316,27.96121231172419,1.0,0.5488701205969576,0.9018777015352974,31.678836490681086,0.6111400488167144,1917,5,0,0,10,1.9342105263157894,0.0,152,147,216.6518036156093,2.3857207768841793,0.01982238317303414,0.01604583676589555,-1.2249465318902537,-0.0003762264502432666,-9.528387807411498e-05,0.35474234503360713,794.7442531585693,0.6898954703832753,5,0,5,0,10,1.9342105263157894,0.0,5,0,152,147,142,1.4738217933034627,2.3857207768841793,216.6518036156093,0.01982238317303414,44555,23.242044861763173,34.1867501304121,256x256,65536,sparse,Learned,272,5,26,1865,31.95760545864569,0.6391476932878856,28.325717685059328,0.9994899936331058,0.6452576549663929,0.39649442457295947,8,1,0.19999999999999996,38,1884,32.23491107521477,0.6787876987320272,0.9994502725605672,28.220936801994306,0.3546742171427054,0.6489764973464746,4970,33.08284025276639,0.7506600568900543,0.9997835073177743,33.135862991222524,0.3213788823589423,0.6342769701606733,-0.3645053733351382,0.15237569602399814,-0.2787689679646057,-0.02800764447117121,True,0.5470619872234423,0.49338300763441045,0.630418809698751,28.271954494216786,0.9994712563841187,7708
7709.png,0.7442231075697211,0.9131493506493507,0.9546033092914723,0.9673258813413586,0.9422110552763819,0.9991152560593664,25.34306512852413,0.9995258623417971,26.93874450119145,1.0,0.49135248131968623,0.8321329531585605,30.95204406848511,0.5883318552643254,1974,5,0,0,10,1.9248120300751879,0.0,133,128,186.78174593052037,2.889792535538064,0.021679945681028656,-0.007639783637432451,-1.743119011927778,-0.00041701063399890437,-4.1845896670000826e-05,0.26086956521739135,787.1277332305908,0.7761316872427984,5,0,5,0,10,1.9248120300751879,0.0,5,0,133,128,123,1.4592323900821893,2.889792535538064,186.78174593052037,0.021679945681028656,45036,22.814589665653497,33.19959473150963,256x256,65536,sparse,Learned,253,5,25,1920,31.53642250052141,0.6224939699620732,27.066003520644514,0.9995677082384671,0.7391304347826086,0.39519981175012175,7,2,0.0,37,1970,31.82277108309907,0.664549099782896,0.9995731171022841,27.48403521872985,0.4638457252683116,0.7437829691032404,4696,32.48051364237943,0.729529689512139,0.9998351393790643,31.78683675031071,0.28952262932978035,0.729260935143288,-0.12725901945306362,0.09615266956956448,-0.5843784320362992,-0.03416211469774777,True,0.5014243770087834,0.41725174762601036,0.7518628912071535,27.08618414045191,0.9995322666933653,7709
7710.png,0.613308223477715,0.8732919254658386,0.9323607427055702,0.9159609120521173,0.949358541525996,0.9989626151238634,27.96857969015491,0.999041779960688,28.23029074477339,1.0,0.6190168002606627,0.5354557377613395,30.738988674837824,0.5533632752769686,1968,4,2,6,8,1.9710144927536233,0.5,138,136,220.10764773832497,3.2838824158129483,0.04699418571043906,-0.008501521301867432,0.15882479904154678,-7.130765575602549e-05,6.791714827125706e-05,0.3487833140208575,1136.0812187194824,0.6389756402248594,4,2,2,6,8,1.9710144927536233,0.5,4,0,138,136,124,1.6184385863112116,3.2838824158129483,220.10764773832497,0.04699418571043906,45445,23.09197154471545,33.300813008130085,256x256,65536,sparse,Learned,258,4,23,1902,30.854691681049616,0.588982137770938,27.8165478967872,0.9989738628124167,0.6512166859791425,0.5920728468281516,6,7,0.0,31,1944,31.227076920292937,0.6337717103869638,0.9988664658595098,27.50639251087729,0.365904405254568,0.6269276393831554,4862,32.04734822891702,0.7227918035681085,0.9994877867244585,31.16328508457203,0.15017707329842123,0.6269430051813472,0.41374284798619243,0.026943953432511103,-0.11570300621179186,-0.035618862493969394,True,0.6604044743550609,0.35361736503667873,0.6218097447795824,27.809754891113364,0.9990339227796194,7710
7711.png,0.7100840336134454,0.8834818368745716,0.9381368267831149,0.9436310395314788,0.9327062228654125,0.9990765683124978,27.421972714350105,0.9993583742345025,28.210130022216276,1.0,0.7120590918692298,0.6240089809898574,31.55228927328777,0.6001034592455914,2213,4,5,10,9,2.0105263157894737,1.25,190,191,281.4802307403555,2.599040970049406,0.03469820736535293,-0.007074143330254357,-0.8086760266584179,-0.00029308701467445353,-2.758672880132096e-07,0.2935656836461126,848.454475402832,0.73409578270193,4,5,-1,10,9,2.0105263157894737,1.25,4,1,190,191,171,1.4737184855515983,2.599040970049406,281.4802307403555,0.03469820736535293,44772,20.23136014460009,29.61409850881157,256x256,65536,sparse,Learned,310,4,28,2178,31.778189758296563,0.6382088026488536,28.17804995419747,0.9993586501017905,0.7064343163538874,0.446464046015712,7,1,0.625,40,2150,32.18110464924497,0.6817559008122308,0.9993604923295354,28.349219091403963,0.630646094100368,0.7160080375083724,4106,32.52638590388554,0.7194310822875629,0.9996846369625745,31.509796237761343,0.39468118935377583,0.6938088829071333,0.03208006801880714,0.2655950458535178,-0.22590048500879334,-0.038105343403262215,True,0.7355227387001761,0.45897279467116603,0.7171581769436998,28.230648741008523,0.9993696553271723,7711
7712.png,0.7144728225278324,0.8825118163403106,0.9375896700143472,0.9450469992769343,0.9302491103202847,0.9991537511962257,27.55038761299631,0.9993458487095036,28.21745792376729,1.0,0.5285772362608692,0.7948568413823374,30.574040890037825,0.5447902864025466,1961,5,4,8,12,1.9857142857142858,0.8,140,139,220.96551211459402,3.108279968159539,0.04177526210149016,0.013612871667881499,-0.31300472218343245,-0.00016057526234769526,3.757198034748388e-05,0.29272840273461775,1085.1984024047852,0.7376171352074966,5,4,1,8,12,1.9857142857142858,0.8,5,0,140,139,120,1.589679943270459,3.108279968159539,220.96551211459402,0.04177526210149016,45606,23.25650178480367,33.419683834778176,256x256,65536,sparse,Learned,260,5,23,1862,30.81234271466123,0.584555219357589,27.842986340761577,0.9993082767291561,0.7072715972653822,0.43588660910201826,8,2,0.0,30,1896,31.056875855615402,0.6283306648954442,0.9992298072258607,27.403741591694292,0.5053970700329431,0.6855702583490864,4669,31.802892923637867,0.710351938861528,0.9996618961276093,30.996268704815762,0.2036307411636067,0.6882566585956417,0.3744715830057146,0.0926906271588509,-0.23830182462340588,-0.039764932955042465,True,0.55603076078622,0.4419648542299529,0.7008599508599509,27.863392335179743,0.9993143264585734,7712
7713.png,0.7049622437971953,0.9359116022099447,0.9668949771689498,0.9641434262948207,0.9696622781911849,0.9986983932289023,27.60833722042735,0.9987898463078743,27.976891654107877,1.0,0.6720847211004115,0.722423036917765,30.61997753611638,0.5528749473676674,2207,4,8,14,8,2.048780487804878,2.0,164,168,257.2792206135789,3.6823220718197707,0.03862190281059499,0.0009074781310551838,-0.23230099738999144,-0.00011060047613642432,1.9428526465192775e-05,0.29157894736842105,1260.740041732788,0.7149810708491077,4,8,-4,14,8,2.048780487804878,2.0,4,1,164,168,142,1.531423932223682,3.6823220718197707,257.2792206135789,0.03862190281059499,45601,20.661984594472134,29.694608065246943,256x256,65536,sparse,Learned,284,4,25,2072,30.956093680635405,0.5976546591381277,27.82135461893325,0.9987704177814091,0.708421052631579,0.48999427780337823,9,13,0.0,30,1962,31.107905880091774,0.6325557714604532,0.9983136336358813,26.888163303313487,0.6155724752496214,0.705851344227728,4147,31.65302707920985,0.6901788611398327,0.9993358746319437,30.74135648449456,0.3720742382862381,0.7142857142857143,0.15553703517462836,0.18209044329703328,-0.33611614451902483,-0.04477971177046025,True,0.668789117758019,0.4831486655083008,0.7040547656661401,27.840638217817343,0.9988089937050387,7713
7714.png,0.5445246690734056,0.9121540312876053,0.9540591567023284,0.9427860696517413,0.9656050955414013,0.9988266407281567,28.228450230009614,0.9988488862911372,28.456895883929043,1.0,0.6569914825812934,0.42132226575660525,30.489438133366292,0.5403971290604994,2182,4,1,4,8,1.9636363636363636,0.25,165,162,235.55129855222094,3.334368928273519,0.029819714312843842,0.008301052416246457,0.008241689413100772,-2.7808228373338295e-05,7.810073565284181e-05,0.458803611738149,1220.6041812896729,0.5589467384799521,4,1,3,4,8,1.9636363636363636,0.25,4,0,165,162,153,1.4540203614334613,3.334368928273519,235.55129855222094,0.029819714312843842,45700,20.944087992667278,30.034830430797435,256x256,65536,sparse,Learned,285,4,24,1989,30.81248525028061,0.5858490137337947,28.189920323171375,0.9987707855554844,0.541196388261851,0.39211999566037214,9,4,0.0,31,2176,31.06838094154184,0.6377302576321201,0.9986041837891252,27.74515553528843,0.5342005023501717,0.5165903890160183,4375,31.63083712166083,0.6969903147716403,0.9992549420518725,30.70811632250819,0.22026409502798372,0.5493827160493827,0.26697556075766826,0.2648714869209212,-0.3230471169143172,-0.045451884673295306,True,0.6671289163019205,0.28107626656807383,0.5362236166571591,28.220208540596513,0.9988544489565301,7714
7715.png,0.7389920424403184,0.9063331559340074,0.9508654383026243,0.9455857856746253,0.9562043795620438,0.9989158701961391,28.4201073188079,0.9990180228302055,28.834533257065598,1.0,0.6788991401294393,0.7318432896425652,31.482467338280298,0.6026744645857712,2414,5,5,9,11,2.0,1.0,208,208,320.4924240491754,2.8095260709524155,0.04010889198900431,0.017205977670936567,-0.286785541479631,-0.00012525029503074325,2.0292297881918664e-05,0.2785365853658537,1054.283857345581,0.7486744432661718,5,5,0,9,11,2.0,1.0,5,0,208,208,188,1.54082896177488,2.8095260709524155,320.4924240491754,0.04010889198900431,44757,18.54059652029826,27.148301574150786,256x256,65536,sparse,Learned,328,5,29,2357,31.792027770878846,0.6468934764409179,28.689842339289143,0.9989977305323235,0.7214634146341463,0.5682894765709203,8,7,0.0,39,2372,32.134447490097536,0.692878957810401,0.9989255692407901,28.526050933319954,0.38121660819385916,0.7121432027092405,3816,32.3663183483064,0.709291968200576,0.9994369051132018,31.42472947221853,0.29747684894367155,0.6967930029154519,0.1446909177764546,0.11060966355851898,-0.3095604325985484,-0.04421901185514665,True,0.6865138191173947,0.5024205317679551,0.7217860647693818,28.70689286028753,0.9990411204911699,7715
7716.png,0.6261022927689595,0.8866253321523472,0.939906103286385,0.9355140186915888,0.9443396226415094,0.9993423277576766,27.398655024707665,0.9994515305352203,28.067756073302,1.0,0.6014809589154859,0.45089429356439675,31.30809266457095,0.5907120713733787,1882,4,5,10,9,2.0140845070422535,1.25,142,143,217.72287142747481,2.540653522585479,0.029679375559571643,0.0336890562879264,-0.5424757961113293,-0.00015869355115682993,-2.5819550855121776e-06,0.3995157384987893,848.9243984222412,0.648,4,5,-1,10,9,2.0140845070422535,1.25,4,1,142,143,123,1.5225375624298918,2.540653522585479,217.72287142747481,0.029679375559571643,44784,23.79596174282678,34.82252922422954,256x256,65536,sparse,Learned,262,4,25,1821,31.65587614540994,0.6221143745887961,27.948310772883886,0.9994541124903058,0.6004842615012107,0.35111514686554657,8,0,0.0,33,1706,31.901917501054378,0.6549195646142749,0.9993537538465617,27.559832918520783,0.34786259800386077,0.6051364365971108,4931,32.76212340975297,0.7449746781016857,0.9997617348555601,32.250024735222084,0.21265669754475502,0.5857142857142857,0.11944530041811419,0.25036581204993935,-0.34778348083899147,-0.03140230321541748,True,0.6265607730633391,0.2825126771455566,0.5924132364810331,27.941130820818994,0.9995010213088334,7716
7717.png,0.7933734939759036,0.9190184049079755,0.9578005115089515,0.9683257918552036,0.9475015812776724,0.9990042418297131,26.416348317643852,0.9992652227678261,27.11500989474989,1.0,0.5934303402594009,0.8632779788373112,31.35086590094137,0.6148709367837812,2353,5,1,3,11,1.9542857142857142,0.2,175,171,264.0782104868022,2.866856017112732,0.038191942157579845,0.008871231532464718,-1.04809649714905,-0.00032326620163725117,-9.799262888265936e-05,0.22771152754116974,1010.6246471405029,0.8088506453595574,5,1,4,3,11,1.9542857142857142,0.2,5,0,175,171,161,1.5443170203906542,2.866856017112732,264.0782104868022,0.038191942157579845,44802,19.040373990650235,27.852103697407564,256x256,65536,sparse,Learned,295,5,29,2284,31.915088383213174,0.6552313840442009,27.49230245729619,0.9993632153967088,0.7722884724588303,0.6753475326416503,4,1,0.4,41,2134,32.194131154298454,0.6870826010983201,0.9993776733331852,27.93297001782402,0.5768379176822511,0.7594285714285715,3767,32.46873582421566,0.7079555379616634,0.9996918743708502,31.133362228648135,0.44010163343459796,0.7603017991874638,-0.3772925625463017,-0.08191719238224937,-0.5642224822718056,-0.04036044726041965,True,0.598280019902414,0.5164819663601022,0.7845022624434389,27.464444814792902,0.9993275080313504,7717
7718.png,0.7744107744107744,0.91996699669967,0.9583154275891705,0.9653679653679653,0.9513651877133106,0.9992386824222145,26.793293105162427,0.9994405578400677,27.351347824232086,1.0,0.5802097091918857,0.8473787665257048,31.47542274248897,0.6009868797553749,2165,5,1,4,12,1.9520958083832336,0.2,167,163,244.8944443027286,2.278647035895707,0.03854215206960641,0.009383452006402893,-1.002380955143071,-0.00029543359986061724,-8.759379512346399e-05,0.23446105428796227,858.834981918335,0.8025862068965517,5,1,4,4,12,1.9520958083832336,0.2,5,0,167,163,151,1.50241990369772,2.278647035895707,244.8944443027286,0.03854215206960641,44872,20.726096997690533,30.27066974595843,256x256,65536,sparse,Learned,287,5,27,2035,31.79585090660964,0.6342727616939109,27.752469941290524,0.9995281516351912,0.7655389457120377,0.5000930677240176,6,2,0.0,39,2126,32.11434576824703,0.6796185511153439,0.9994929218127173,27.799979360416927,0.48999427780337823,0.7715654952076677,4093,32.459881626316374,0.7161363908532213,0.9997708081368729,31.55006988544349,0.42592773880356405,0.7640094711917916,-0.4011221170584385,0.08011664146786812,-0.32042816412067054,-0.03328588193853599,True,0.590164737988921,0.5000930677240176,0.7650273224043715,27.795674060305497,0.9995341160220751,7718
7719.png,0.5961800818553888,0.9171717171717172,0.9567966280295047,0.9491289198606272,0.9645892351274787,0.999055470075002,28.531067452538252,0.9990679861985239,28.652218075417633,1.0,0.5488701205969576,0.4361950926462728,31.539455924553156,0.593801702954171,2059,4,1,2,8,1.9625,0.25,160,157,220.48023074035535,3.040907035768032,0.031321898242379034,-0.028901992996876458,-0.05751611591884753,6.461954659475744e-06,4.7818570104496416e-05,0.3662524525833878,1077.488660812378,0.6129692832764505,4,1,3,2,8,1.9625,0.25,5,0,160,157,150,1.404332679874874,3.040907035768032,220.48023074035535,0.031321898242379034,44794,21.755220981058766,31.82904322486644,256x256,65536,sparse,Learned,282,5,26,1923,31.73988710877106,0.6268451257026336,28.602255040434542,0.9990201676284194,0.6337475474166122,0.4620555624053255,7,1,0.30000000000000004,36,2046,31.987015675718553,0.6721508828507895,0.9988583105751798,28.05186933740242,0.23771026921004623,0.6038233355306526,4404,32.58192592345616,0.7294660241096013,0.9995212971245336,31.742746603118647,0.22754522698405988,0.633377135348226,0.04996303498309018,0.08681455819163209,-0.20043118421790496,-0.033043422748462614,True,0.5648219407336433,0.24637255876695918,0.6250820748522653,28.5885835684571,0.9990490081203425,7719
7720.png,0.576271186440678,0.8611332801276935,0.9253859348198971,0.9059613769941226,0.9456617002629273,0.9991329214152302,27.26200833224208,0.9992472161649659,27.895827839568316,1.0,0.5661255185670091,0.4894384919279401,30.92896553161288,0.562171774011173,1842,4,0,1,7,1.937984496124031,0.0,129,125,179.61017305526653,3.113562534021777,0.03769911184307752,0.00085219202727016,-0.36592311026719315,-0.0001316088976657248,4.9016664491086104e-05,0.4125490196078432,1011.9218826293945,0.5983263598326359,4,0,4,1,7,1.937984496124031,0.0,4,0,129,125,121,1.4368813844421315,3.113562534021777,179.61017305526653,0.03769911184307752,45278,24.580890336590663,35.57871878393051,256x256,65536,sparse,Learned,249,4,24,1837,31.162016352362084,0.5972909650094719,27.55373387772746,0.9991981995004748,0.5874509803921568,0.22637395386028736,12,4,0.0,33,1728,31.418184256914643,0.6339715894279676,0.9991446126503452,27.41043869634122,0.3494909052766835,0.584518167456556,4920,32.272000215525644,0.7281125306363772,0.9996134211479456,31.409514702605065,0.19301035675547273,0.5807210031347962,0.34209396184085605,0.33975156470672174,-0.23305082074920236,-0.035119190998298855,True,0.5529120734406436,0.27061645139353907,0.5754189944134078,27.627931442509272,0.999264530312896,7720
7721.png,0.7465753424657534,0.8989048020219039,0.9467613132209406,0.9384344766930519,0.955237242614145,0.9994387378795789,26.916817583510575,0.9995422217432004,27.44611209327128,1.0,0.6339553651959846,0.9485166150509514,30.493480969179863,0.5452982950233383,2046,4,2,3,8,1.9741935483870967,0.5,155,153,232.4507934888327,2.4434594277412662,0.043312358999907465,0.03654399450337098,-0.3187297816445174,-0.00013392919754240395,-1.170399790495491e-05,0.26203630623520124,840.5985832214355,0.7789291882556131,4,2,2,3,8,1.9741935483870967,0.5,4,0,155,153,144,1.5192862319531528,2.4434594277412662,232.4507934888327,0.043312358999907465,45769,22.369990224828936,32.03128054740958,256x256,65536,sparse,Learned,275,4,23,1934,30.784103775431156,0.5857248047497217,27.1371439334383,0.9995539257411054,0.7379636937647988,0.5415939886947765,5,3,0.0,30,1870,31.020150669679545,0.6268686298062662,0.999479026749968,26.702469632859398,0.6074141344684816,0.718408736349454,4362,31.66726570438234,0.6969472148558502,0.9997859752653099,30.520363026758787,0.5104583404430468,0.7337559429477021,0.30896815983298254,0.09236137650120813,-0.29062280625129233,-0.0404265097263834,True,0.64654531804122,0.6132589765454988,0.7100313479623824,27.235547365155092,0.9995726670771213,7721
7722.png,0.7589466576637407,0.8814467515070328,0.9369882520469919,0.9591836734693877,0.9157967988865693,0.9989536083427921,25.851613001566072,0.9993968534754163,27.2005139906411,1.0,0.6190168002606627,0.8545883729169126,30.782830045293448,0.576345628683696,2052,4,7,13,9,2.0444444444444443,1.75,135,138,225.1370849898478,3.217451065557974,0.05866367184425881,-0.011066048816564256,-1.4758585924996055,-0.00043444093447575494,-1.0977199531692072e-05,0.25800256081946227,1122.9519844055176,0.8026969481902059,4,7,-3,13,9,2.0444444444444443,1.75,4,1,135,138,113,1.631428152100345,3.217451065557974,225.1370849898478,0.05866367184425881,45259,22.056042884990255,31.937621832358673,256x256,65536,sparse,Learned,255,4,26,2050,31.319359132840333,0.6148566159339638,27.273462793150323,0.999407830674948,0.7419974391805377,0.5893442472476544,4,2,0.5,33,2030,31.502421505640466,0.6589503921741515,0.9993216141485849,26.996827761250795,0.4656299308560623,0.7395766516998076,4315,32.11964057500224,0.7077855495939764,0.999752184902249,31.435222439824656,0.43305897896307466,0.7538560411311054,-0.07294880250922375,0.029672553013008307,-0.5365290875468851,-0.0385109872502678,True,0.5913924013591516,0.5053970700329431,0.770012706480305,27.327471594065678,0.9993880492772679,7722
7723.png,0.6868607395751377,0.9157566302652106,0.9560260586319218,0.9607201309328969,0.9513776337115073,0.9988581971095786,27.207261409443028,0.9990542686572264,27.769717083801936,1.0,0.43163985324245946,0.8971380841566152,30.37353197893131,0.5253644758205914,1615,4,0,1,7,1.9047619047619047,0.0,84,80,117.15432893255065,4.105169997328804,0.030112393838863598,0.0267696925341665,0.11823449890370341,-5.004057537405515e-05,0.00012260993733359538,0.3287250384024577,1031.1131477355957,0.7069655724579663,4,0,4,1,7,1.9047619047619047,0.0,4,0,84,80,76,1.4644291116568842,4.105169997328804,117.15432893255065,0.030112393838863598,45900,28.42105263157895,40.579566563467495,256x256,65536,sparse,Learned,204,4,18,1475,30.488790906774117,0.5460280918231835,27.04404082399416,0.9989316587198928,0.6712749615975423,0.41725174762601036,7,5,0.0,25,1416,30.68533126043175,0.5856758226669361,0.9986698457843449,26.6624718211272,0.45337922580540235,0.682907965970611,5820,32.019094868347565,0.7433576645078346,0.9995907238517164,31.649600091244842,0.18879198780743112,0.6970387243735763,0.7256762598077771,0.014388105616449098,-0.115258927842806,-0.020663616002592033,True,0.47795422323898396,0.42879093615118524,0.6600910470409712,27.089026910539324,0.9989082376849526,7723
7724.png,0.6109613656783468,0.8653136531365314,0.9277942631058358,0.8958930276981852,0.9620512820512821,0.9994118049649612,27.81656810982225,0.9994152469075122,27.98683120763625,1.0,0.5346660690256866,0.5624776097958484,30.642379790059127,0.5418401993999692,1689,4,6,11,9,2.036363636363636,1.5,110,112,178.58073580374358,3.0096585273742678,0.03835760597365088,-0.06023428649556628,0.39638545286313587,1.415662188586353e-07,6.487263358800899e-05,0.282258064516129,1038.8634204864502,0.646072374227714,4,6,-2,11,9,2.036363636363636,1.5,4,1,110,112,90,1.5944708553905678,3.0096585273742678,178.58073580374358,0.03835760597365088,45571,26.98105387803434,38.80165778567199,256x256,65536,sparse,Learned,230,4,21,1648,30.79373167785151,0.5708672182215914,27.418562023995516,0.9993503742739241,0.717741935483871,0.3176565955115075,9,2,0.0,29,1596,31.02633175749763,0.6132510727633694,0.9992419219592868,26.93012653581257,0.32800205735241106,0.6360424028268551,5380,32.13491065615251,0.736052729472225,0.9997247007729568,31.415918904026906,0.2370694203778373,0.6693476318141197,0.5682691836407336,0.2170094735141791,-0.15135188779238362,-0.029027018821622175,True,0.5831379803214916,0.32800205735241106,0.6711956521739131,27.420182656959113,0.9994116633987423,7724
7725.png,0.7022222222222222,0.8897435897435897,0.9416553595658073,0.9474402730375426,0.9359406608226568,0.9991707801147589,27.225094334717337,0.9993957714726721,27.833372574700018,1.0,0.5885221138828294,0.6901724911053468,30.473320254525124,0.546936695645684,2140,5,2,4,11,1.9642857142857142,0.4,168,165,252.96551211459402,2.848391356922331,0.029356600906669642,-0.0174608978265286,-0.25207566594450626,-0.00014573216301783098,6.13434846131744e-05,0.28501529051987773,860.3706359863281,0.7213962508080155,5,2,3,4,11,1.9642857142857142,0.4,5,0,168,165,153,1.5331243158460233,2.848391356922331,252.96551211459402,0.029356600906669642,45622,21.318691588785047,30.624299065420562,256x256,65536,sparse,Learned,288,5,24,2028,30.81541072107776,0.5924825253711852,27.4083171832287,0.9993344279880589,0.7149847094801223,0.4384996363383531,7,1,0.30000000000000004,32,2140,31.09700940424645,0.6422378173447232,0.9992876079746749,27.332276881503226,0.3572503645444688,0.6856606136505948,4380,31.677869285760746,0.6977952459778776,0.9996761541636573,30.9919721767913,0.386147126957183,0.7113337507827175,0.425055391471318,0.15002247754447628,-0.3420904665526372,-0.04554582972550114,True,0.5918008047220773,0.408444635633185,0.7196831200487508,27.477170000661843,0.9993165122777767,7725
7726.png,0.6396538158929976,0.8737566947207345,0.9326255614536546,0.9232012934518997,0.9422442244224423,0.9992183839570139,27.277441481471847,0.9993745957841174,27.73133535361694,1.0,0.5379120324163,0.628671632336607,31.362765530512814,0.5948157622302921,1990,5,5,11,13,2.0,1.0,133,133,225.3086578651016,2.7477009628052103,0.05463189522029338,0.012347542830266955,-0.3153537072045438,-0.00012892925925589438,1.1939242294811692e-06,0.3456973293768546,1055.250883102417,0.6606299212598425,5,5,0,11,13,2.0,1.0,5,0,133,133,109,1.6940500591361007,2.7477009628052103,225.3086578651016,0.05463189522029338,44852,22.53869346733668,32.93266331658292,256x256,65536,sparse,Learned,253,5,26,1932,31.71226025978764,0.6284599812380719,27.681687596979362,0.9993734018598879,0.6543026706231454,0.37655828588251095,8,2,0.0,36,1856,31.929826381868068,0.6641120387360583,0.9992761919518454,27.379938918833624,0.3310192543096533,0.6256372906045157,4494,32.542914705994434,0.7274094496255834,0.9997057010412852,31.58683569771473,0.23256836802842595,0.6386175807663411,0.04964775663757948,0.1613537465337891,-0.34949472927482716,-0.03364421900777981,True,0.5524647618955876,0.3473189236693539,0.6273062730627307,27.59279518867639,0.9993473132162698,7726
7727.png,0.569219440353461,0.8883174136664217,0.9408560311284047,0.9497250589159466,0.9321511179645335,0.9990967116390026,28.34133989166393,0.9992523691817256,28.718148046414534,1.0,0.6587022446990063,0.5540770845915675,31.148096885729416,0.572465121408499,2034,4,4,8,10,2.0,1.0,164,164,246.7939392393402,2.6728354895987163,0.0419734892769469,0.007301043789395112,-0.03392335248301137,-0.00011355523019407343,9.22445416658979e-05,0.4050258684405026,1089.2817974090576,0.6022813688212928,4,4,0,8,10,2.0,1.0,4,0,164,164,146,1.5048410929228047,2.6728354895987163,246.7939392393402,0.0419734892769469,45114,22.179941002949853,32.220255653883974,256x256,65536,sparse,Learned,284,4,26,1949,31.405908519416208,0.6105528475784819,28.252021521960486,0.9991601246400597,0.5949741315594974,0.5171262274687702,5,1,0.375,32,1864,31.57906770211078,0.6472512718783584,0.999002026216381,27.589977190384225,0.40547945202980573,0.5771812080536913,4510,32.23891617609519,0.7197387650615548,0.9995505130838517,31.28835966174649,0.15150044120109807,0.5832116788321168,0.46612652445404734,0.14157601723023605,-0.25781163368679216,-0.038087726169982905,True,0.6654603930513924,0.36871635449307405,0.5619183965640658,28.375263244146943,0.9992102668691967,7727
7728.png,0.4436026936026936,0.8543323566345752,0.9214446952595937,0.9119749776586238,0.9311131386861314,0.998345693402903,28.629899740878734,0.9984586104045958,28.974437829632414,1.0,0.6988057880877979,0.24272177860500302,30.252152962517407,0.5306925436555348,2438,5,8,18,14,2.0294117647058822,1.6,204,207,354.4335495461297,3.234795979425019,0.05138107763043987,-0.022248908420915148,0.026282769395976402,-7.661894914567924e-05,0.00010280491070169262,0.5172558922558923,1415.0009155273438,0.4556113902847571,5,8,-3,18,14,2.0294117647058822,1.6,5,1,204,207,172,1.7122393697880642,3.234795979425019,354.4335495461297,0.05138107763043987,45877,18.817473338802298,26.88105004101723,256x256,65536,sparse,Learned,324,5,27,2417,30.687292328910118,0.5952072029356188,28.59928081354081,0.9983558054938941,0.48274410774410775,0.21337213893344664,24,3,0.0,30,2350,30.88298523000978,0.6359540955107893,0.9980391614478068,27.89065228055183,0.1362488635936404,0.4167704441677044,3812,31.224461858704657,0.6632009531539272,0.9986652673214842,30.087295608532678,0.1174130421164793,0.43885191347753744,0.375157016091606,0.4854336491543513,-0.4351393663927112,-0.06451465928008404,True,0.7317940168915755,0.17762234535242283,0.46585160202360876,28.603616971482758,0.9984223123520487,7728
7729.png,0.6001596169193935,0.8619607843137255,0.9258635214827297,0.9345238095238095,0.9173622704507512,0.9991919490954241,28.651091712441605,0.9993496866531526,28.919227933816373,1.0,0.5613265533520322,0.521059315518943,31.161884174792593,0.5701500579493962,1877,5,2,4,10,1.9627329192546583,0.4,161,158,232.8233764908631,2.489326764337765,0.036056311161093695,0.004851699030830381,0.23766079915698413,-7.183756943629493e-05,3.647239874482455e-05,0.3792325056433409,830.1942348480225,0.6240786240786241,5,2,3,4,10,1.9627329192546583,0.4,5,1,161,158,147,1.4735656739928027,2.489326764337765,232.8233764908631,0.036056311161093695,45015,23.98241875332978,34.91529035695258,256x256,65536,sparse,Learned,281,5,24,1848,31.311576494615245,0.6026088428974782,28.388734557197285,0.9993132142544078,0.6207674943566591,0.2985077691437199,11,2,0.0,33,1714,31.576202638355028,0.6382598802110565,0.9991884956347021,27.846848023221416,0.25512991215916725,0.5903250188964475,4993,32.464408924175444,0.738408615759558,0.9996769814627916,31.900597437276772,0.07525916420136913,0.5914590747330961,0.5304933766190878,0.2628187842083123,-0.14969231982265185,-0.032458784948081965,True,0.5802097091918857,0.302323673928969,0.5953079178885631,28.41343091328462,0.9992637866648604,7729
7730.png,0.6971544715447154,0.8985990660440294,0.9465917076598734,0.9485915492957746,0.9446002805049089,0.9989553252464252,27.12811133918446,0.9991816043392057,27.936329108469586,1.0,0.6151878554470214,0.5909138224476195,31.483535251039847,0.6007347685667783,2008,4,3,8,8,1.985611510791367,0.75,139,138,224.7645019878173,3.168649491646307,0.0400193905524708,-0.010766320534492446,-0.9956323503552511,-0.00027981020892742237,-2.7628284155700733e-05,0.3083538083538083,1118.1318759918213,0.7081339712918661,4,3,1,8,8,1.985611510791367,0.75,4,1,139,138,123,1.6287282752740373,3.168649491646307,224.7645019878173,0.0400193905524708,44758,22.2898406374502,32.63745019920319,256x256,65536,sparse,Learned,259,4,27,1991,31.817695819021218,0.6354056637519128,28.13291442573263,0.9992092326233614,0.6916461916461917,0.5369869316887719,6,4,0.0,36,1798,31.98255884968013,0.6649020130579971,0.9990384425563135,27.564411897032798,0.40992167697313475,0.6732307692307692,4711,32.73086022453707,0.7408538644088442,0.9996141454729242,31.717808523433362,0.44233675368020875,0.6778398510242085,-0.19658531726304318,0.0782009237582495,-0.33416056798137106,-0.03467089518513444,True,0.6357810204284766,0.37569179302103917,0.7079207920792079,28.12374368953971,0.9992351354553526,7730
7731.png,0.6335766423357664,0.8168421052631579,0.8991888760139051,0.8818181818181818,0.91725768321513,0.999188544851826,26.86855315613752,0.9993550361466267,27.549908032749304,1.0,0.6720847211004115,0.7422248473845044,30.740902681445363,0.5662435953156016,2104,4,5,10,9,2.0114942528735633,1.25,174,175,259.20815280171337,2.5134759100004174,0.030778023348288563,-0.003907144953468333,-0.5834349777596408,-0.00023845174338521513,-2.5923296902319315e-05,0.3434083601286174,950.3872394561768,0.6683673469387755,4,5,-1,10,9,2.0114942528735633,1.25,4,1,174,175,155,1.481189444581218,2.5134759100004174,259.20815280171337,0.030778023348288563,45339,21.548954372623573,31.14828897338403,256x256,65536,sparse,Learned,294,4,25,1985,31.216725906833748,0.6077065268449126,27.493092995721035,0.999380959443529,0.6565916398713826,0.668789117758019,4,5,0.0,34,2092,31.469167734535795,0.6520554521638264,0.9993201453183151,27.326479353947455,0.4511883639059735,0.6274760383386582,4311,32.005775070404205,0.7056050445574835,0.9997052196453884,31.292831160477924,0.28187462710056643,0.6215873015873016,0.05681503702826873,0.003295603342392539,-0.4758232253883854,-0.04146293152931091,True,0.7247292169102477,0.5379120324163,0.6374837872892347,27.45198813389716,0.9994269965952112,7731
7732.png,0.6455505279034691,0.90216271884655,0.9485652409312398,0.9414293390650188,0.955810147299509,0.9989761311462366,28.016279287680245,0.9989548753755337,28.150380115042182,1.0,0.64654531804122,0.5753044057082568,30.17438134136912,0.5273800911555938,2301,5,3,9,13,1.9796954314720812,0.6,197,195,302.3208511739215,3.0915142715279824,0.0383222694047001,-0.044228619502796884,0.10100009269718058,-2.066644911680182e-05,3.492970068286194e-05,0.3148806500761808,1259.0045928955078,0.6382133995037221,5,3,2,9,13,1.9796954314720812,0.6,5,0,197,195,175,1.550363339353442,3.0915142715279824,302.3208511739215,0.0383222694047001,45966,19.97653194263364,28.481529769665364,256x256,65536,sparse,Learned,317,5,24,2120,30.519364999786355,0.5792222951028585,27.902827056650978,0.9989199456748509,0.6851193499238192,0.4620555624053255,10,7,0.0,29,2194,30.74339081298477,0.6265939093916242,0.9986718735468583,27.073332139186288,0.24589391321858955,0.6336032388663968,4082,31.25657441524613,0.6744288232682666,0.9994102073038831,30.609968062793982,0.14716029944405795,0.6678286852589641,0.24755305839120467,0.18448975563589443,-0.34498365841723455,-0.05184220394726469,True,0.6697812614451066,0.38532811057020366,0.689779147406266,27.915279194983064,0.9989967975953534,7732
7733.png,0.47816349384098544,0.8785871964679912,0.9353701527614571,0.9181084198385236,0.9532934131736527,0.9984534483531935,28.625236159576282,0.9984585331776877,28.965964355002136,1.0,0.6535441896699425,0.4141833165711682,30.461659585090345,0.5302487219903719,1890,4,6,13,9,2.028169014084507,1.5,142,144,237.3086578651016,3.6474705548353596,0.04639630528721501,-0.011541570154562697,0.4359174663572247,0.00015233703348715988,0.00032123698285313473,0.5103260869565218,1247.9851245880127,0.4857142857142857,4,6,-2,13,9,2.028169014084507,1.5,4,1,142,144,120,1.647976790729871,3.6474705548353596,237.3086578651016,0.04639630528721501,45710,24.185185185185187,34.67513227513228,256x256,65536,sparse,Learned,262,4,22,1730,30.650742541678344,0.5657484148047263,28.190774730660124,0.9981372961948346,0.48967391304347824,0.17627047019085618,23,3,0.0,28,1798,30.895196497196316,0.6088454638321934,0.9980177167928045,27.91123668437028,0.056552241602338627,0.5174506828528073,4798,31.710871279423188,0.709762437466073,0.9989483642688448,30.9856787279025,0.03279872263966299,0.36563758389261747,0.775189624342012,0.47727371947908637,-0.189082956587999,-0.03549969281435439,True,0.6518075726938024,0.26996782222452187,0.48970506399554814,28.189318693219057,0.9983011113197063,7733
7734.png,0.6427255985267035,0.8613003095975232,0.9254823685961412,0.9163372859025033,0.9348118279569892,0.9990771888857821,27.123669230741783,0.9993370957360026,27.873298667518675,1.0,0.7328646980341497,0.6437716986939688,30.880898345950474,0.5793069182165147,2374,4,5,10,10,2.01,1.25,200,201,299.97770542341397,2.5696710109710694,0.0230732473781502,0.025856800290760873,-0.5997130163486233,-0.0003126897475056456,-3.759731019858936e-05,0.3701870187018702,873.5952377319336,0.6828358208955224,4,5,-1,10,10,2.01,1.25,4,0,200,201,180,1.492426395141361,2.5696710109710694,299.97770542341397,0.0230732473781502,45183,19.032434709351307,27.605728727885424,256x256,65536,sparse,Learned,320,4,28,2343,31.360683626656026,0.6281703980921959,27.77642712253193,0.9993746930462012,0.6298129812981298,0.44456295130198165,10,4,0.0,37,2330,31.702418512218888,0.6752979230190996,0.999302225025119,27.662316398760865,0.4113950303216448,0.6268493150684932,3786,31.98641182906696,0.6932530838365213,0.9996449747030134,30.961152581944287,0.30723110726553116,0.6338888888888888,0.09687154498674388,0.288301746732168,-0.4797852807055527,-0.04886347987568118,True,0.761884635985313,0.490479766317101,0.6168687982359427,27.723382247090406,0.9993898786332878,7734
7735.png,0.6391875746714456,0.8610149942329873,0.925317632475984,0.9043004239854634,0.9473350253807107,0.9989072356249302,28.34634264814534,0.998945611613686,28.751677933064453,1.0,0.6437063398138412,0.6205417216105393,31.115810388396916,0.5737140191522249,2135,5,6,14,13,2.0108108108108107,1.2,185,186,290.3086578651018,2.9537287924740765,0.04290363882912543,-0.020412667605962054,-0.2231851490357286,-0.00011203408976612206,-3.945706556929274e-06,0.3633720930232558,1198.5197067260742,0.6257208765859285,5,6,-1,14,13,2.0108108108108107,1.2,5,0,185,186,158,1.5607992358338785,2.9537287924740765,290.3086578651018,0.04290363882912543,45155,21.149882903981265,30.696018735362998,256x256,65536,sparse,Learned,305,5,26,1985,31.384787378830087,0.6115842548313032,28.559829404752485,0.9989495573202429,0.6366279069767442,0.463590352910799,7,6,0.0,36,2088,31.66093149660228,0.658072571889929,0.9988763473755596,28.461445189746687,0.34414672539652336,0.6163594470046083,4074,32.096641593778855,0.7031276474928673,0.9993687842586642,31.171936924113485,0.35041954051461566,0.6025418833044482,0.19184852831196864,0.1801159869030422,-0.26897699043317047,-0.03787023567907832,True,0.657676814056212,0.4081159024577764,0.6596002422774077,28.56952779718107,0.9990192697146963,7735
7736.png,0.6520039100684262,0.9139579349904398,0.955044955044955,0.9390962671905697,0.9715447154471545,0.999516600328479,27.059458980307134,0.9995444107145222,27.39991696364731,1.0,0.5617650075350508,0.5913313644078171,30.483551540824013,0.5400257918329608,1887,4,0,0,8,1.9393939393939394,0.0,132,128,194.96551211459402,2.519094720031276,0.02458774198797681,0.0013687013569924078,0.22976935995183823,-3.523046062836599e-05,1.180934207734019e-05,0.33213321332133217,788.5959148406982,0.6770428015564203,4,0,4,0,8,1.9393939393939394,0.0,4,0,132,128,124,1.5231680633952642,2.519094720031276,194.96551211459402,0.02458774198797681,45697,24.21674615792263,34.730259671436144,256x256,65536,sparse,Learned,252,4,22,1880,30.653634476644456,0.5772282975846568,26.788049110951828,0.9995326013724448,0.6678667866786678,0.3669101078108187,7,0,0.625,29,1856,30.99884753169632,0.6227303697298624,0.9994822850320867,26.593762809678015,0.40942974009204713,0.6556776556776557,4778,31.79041757774914,0.7106195314119701,0.9997983303381968,31.032824510653803,0.22067984330124113,0.6721461187214612,0.6118678526954824,0.1948548997242321,-0.17008293582044232,-0.037202505751695925,True,0.5831379803214916,0.3448277775415264,0.6506352087114338,26.829689620355296,0.9995518307891074,7736
7737.png,0.5788617886178862,0.8470031545741324,0.9171648163962426,0.8964941569282137,0.9388111888111889,0.999223656592998,27.357599193742935,0.9993510849813186,28.256661498528487,1.0,0.5209738068112488,0.5799423742542398,30.901418498434367,0.5611820328647716,1906,5,1,2,10,1.944055944055944,0.2,143,139,206.99494936611669,2.8192806243896484,0.04114864932949029,-0.014911376689749067,-0.7811078653776882,-0.00020687352806170178,-1.881430082373292e-05,0.38888888888888884,911.8614196777344,0.6135812449474535,5,1,4,2,10,1.944055944055944,0.2,5,0,143,139,131,1.4891722975979615,2.8192806243896484,206.99494936611669,0.04114864932949029,45277,23.75498426023085,34.38405036726128,256x256,65536,sparse,Learned,263,5,25,1906,31.190660859875653,0.5996346406706943,28.144201102391143,0.9993698992821424,0.6111111111111112,0.4139122252069497,7,4,0.0,32,1868,31.446181714821464,0.6404933983129342,0.9992617026012279,27.638817591459958,0.23592620876297532,0.5783582089552238,4961,32.27602419212467,0.7308737898394894,0.9996650059089707,31.341335576336743,0.2171090813474773,0.5863363363363363,0.11246039613734382,0.10706158160429913,-0.28924236144128557,-0.038452607805922634,True,0.6357810204284766,0.36871635449307405,0.5937731653076352,28.138707059120623,0.9994305301210598,7737
7738.png,0.610236220472441,0.8194174757281554,0.9007470651013874,0.9107913669064748,0.8909218859957776,0.9988475666909252,26.61536825007088,0.9993609063914204,28.02232382431821,1.0,0.6911810203119801,0.5545964891355925,30.63395912703824,0.5651569981104294,2138,4,8,13,7,2.045977011494253,2.0,174,178,274.2792206135789,2.676993146710012,0.029148382878259712,0.008471190135982076,-1.2373644762231883,-0.0005108392688427665,-1.7079411920306597e-05,0.4030016675931073,934.9346160888672,0.6652920962199312,4,8,-4,13,7,2.045977011494253,2.0,4,2,174,178,154,1.540894497829093,2.676993146710012,274.2792206135789,0.029148382878259712,45320,21.197380729653883,30.652946679139383,256x256,65536,sparse,Learned,294,4,25,1982,31.219695282282242,0.60852276363701,27.88258165776535,0.9993779858033407,0.5969983324068927,0.3898192169093202,10,3,0.0,34,2122,31.46366390997434,0.6546413920187364,0.9993203139379035,27.67678575015158,0.34414672539652336,0.5899486007995431,4345,32.003112126781716,0.7081074440368939,0.9996773591736065,31.160455537249938,0.304413566500905,0.5849056603773585,0.13974216655286043,0.30136180340265994,-0.5857361552440032,-0.04336576552658056,True,0.7149241517755465,0.39649442457295947,0.6017650303364589,27.852732726294068,0.999358405959768,7738
7739.png,0.717391304347826,0.8685344827586207,0.9296424452133795,0.9184138559708296,0.9411489957963568,0.9986085595902595,28.047253030139963,0.998660981901531,28.477081211466555,1.0,0.810809342018018,0.7216751194894914,30.499927960261548,0.5519579730840787,2622,4,9,22,15,2.0432900432900434,2.25,231,236,391.0193359837569,3.0275076447111187,0.0434902232371605,0.012278829910198241,-0.37956930057249494,-0.00019358259738055938,-8.300900597113525e-06,0.28024439918533606,1129.1990280151367,0.747585048299034,4,9,-5,22,15,2.0432900432900434,2.25,4,0,231,236,194,1.6568615931515092,3.0275076447111187,391.0193359837569,0.0434902232371605,45658,17.413424866514113,24.994660564454616,256x256,65536,sparse,Learned,351,4,28,2590,30.914369192504797,0.6155031120079205,28.381536617605274,0.9986692828021281,0.7197556008146639,0.6880773379673533,8,21,0.0,34,2532,31.17651541731304,0.6627173504910994,0.9984562088175772,27.74839233390444,0.201882939552109,0.7281399046104928,3444,31.321958750787637,0.6620781517629978,0.9991342084672669,30.000421636483154,0.2915713157928672,0.7064035440998792,0.09554459386128045,0.12273200405066476,-0.4144412322432487,-0.06354513892384184,True,0.8419746791103522,0.6076321771540896,0.7051124744376278,28.426822330712458,0.9988021421876401,7739
7740.png,0.5777496839443742,0.8928571428571429,0.9433962264150942,0.9362680683311432,0.9506337558372249,0.9986710289182974,27.689158406793247,0.9988750977864937,28.34045130393251,1.0,0.5802097091918857,0.3861233619606293,31.426409519576946,0.5995270033305802,2134,5,3,6,11,1.9748427672955975,0.6,159,157,246.13708498984792,2.9317356010652937,0.04579261809602266,0.006490776580953761,-0.71005846107726,-0.0002556608644487257,-5.14867154099985e-06,0.43368544600938963,1220.4337120056152,0.5932953826691967,5,3,2,6,11,1.9748427672955975,0.6,5,0,159,157,142,1.567752133693297,2.9317356010652937,246.13708498984792,0.04579261809602266,44778,20.983130271790067,30.710402999062794,256x256,65536,sparse,Learned,279,5,27,1985,31.80898330619247,0.6346472680106249,28.381047393231185,0.9988802464580347,0.5663145539906104,0.23279405002414422,16,2,0.0,40,2126,32.09912952025278,0.6770173226128225,0.9989095387956225,28.684744892072867,0.2600528176901643,0.5761821366024519,4359,32.58794692456797,0.7282121516005613,0.9994162715202762,31.58759588909103,0.23095723177985739,0.5811915887850467,-0.04059608929867409,0.34741565916774153,-0.38257378661552366,-0.0351202646800447,True,0.6014809589154859,0.23224585001175058,0.5712589073634204,28.399216867870507,0.9989266897827461,7740
7741.png,0.6162558294470353,0.8786440677966102,0.9354023818116205,0.9081990189208129,0.9642857142857143,0.9991594997038225,28.819620328230812,0.9990754885997838,28.99483276536712,1.0,0.5151908642326568,0.9677629000972614,30.780557564985852,0.5482226546967013,1853,5,4,8,11,1.984375,0.8,128,127,206.72287142747467,3.1536067500710487,0.05807130955321652,0.007888202560889845,0.6977906162602352,6.257287300015513e-05,0.00019929421213749077,0.37808951235804944,1208.979606628418,0.6302794022092267,5,4,1,8,11,1.984375,0.8,5,0,128,127,109,1.6277391450982246,3.1536067500710487,206.72287142747467,0.05807130955321652,45445,24.525094441446303,35.36751214247167,256x256,65536,sparse,Learned,248,5,22,1671,30.94895404440072,0.577928342362885,28.145711436750492,0.9988761943876463,0.6219104876419506,0.3477143681142849,11,5,0.0,29,1648,31.14188162225718,0.6149987380535457,0.998777435603423,27.7405691871246,0.12839536214046665,0.6061397779229262,4869,32.005754045025455,0.720328669734554,0.999442530636524,31.430921034067918,0.04787276582121314,0.5555555555555556,0.8491213286166293,0.1674764961183719,-0.16839647941486646,-0.029705687666183755,True,0.5360599789083533,0.5187789598144248,0.6083676268861454,28.121829711970577,0.9990969268308223,7741
7743.png,0.5906148867313916,0.8894192521877486,0.9414736842105264,0.9332220367278798,0.9498725573491928,0.9989703402953378,28.98780399435116,0.99907194237728,29.120237109699787,1.0,0.5346660690256866,0.5755633270826266,31.81236154198306,0.6032664118489542,1672,4,7,11,7,2.05607476635514,1.75,107,110,170.12489168102786,3.3912585427827926,0.03865739443753986,-0.015469981162923863,0.38031932714806516,5.6183920502328455e-05,0.00014362423010405578,0.37580128205128205,1118.6120510101318,0.6063055780113177,4,7,-3,11,7,2.05607476635514,1.75,4,1,107,110,89,1.5465899243729808,3.3912585427827926,170.12489168102786,0.03865739443753986,44499,26.614234449760765,39.196172248803826,256x256,65536,sparse,Learned,227,4,24,1623,31.930622695589022,0.6242959860540752,28.57004975505918,0.998928318147176,0.624198717948718,0.2992159894074672,9,4,0.0,34,1510,32.103457876654794,0.6548464853216996,0.9988005448060913,28.030254550427966,0.4511883639059735,0.5902439024390244,5614,33.27013784564492,0.7653585569174457,0.9995756569201839,33.107262062602565,0.2925963525959382,0.6086248982912937,0.550187354640606,0.2354500796182194,-0.1182611536059639,-0.02102957420512097,True,0.5252657000600875,0.302323673928969,0.6060848678943155,28.607484667203096,0.9989141563748355,7743
7744.png,0.7615242778119238,0.9031269160024524,0.9490979381443299,0.9472668810289389,0.9509360877985797,0.9991393411476952,26.413443075411138,0.9993442570824504,27.174884372659594,1.0,0.6631104004243529,0.8397466122124886,30.827068868451995,0.5846883797002501,2538,5,3,8,13,1.9794871794871796,0.6,195,193,317.22034611053317,2.5256912390391033,0.043464212470454636,0.03550474880560561,-0.9677850616149613,-0.0002707683906646441,-6.640125644452599e-05,0.26954022988505744,820.2431201934814,0.7871810827629122,5,3,2,8,13,1.9794871794871796,0.6,5,0,195,193,174,1.6436287363240043,2.5256912390391033,317.22034611053317,0.043464212470454636,45356,17.87076438140268,25.821907013396377,256x256,65536,sparse,Learned,315,5,29,2511,31.329296349702524,0.6331432174038848,27.38440274872609,0.999410658338895,0.7304597701149426,0.5363250117609503,7,2,0.0,37,2490,31.61974678061526,0.6810726718083462,0.9993482974986551,27.27832240321492,0.53099547253683,0.7146924829157175,3551,31.864330129153196,0.6826513817183733,0.9996765029634532,30.513410109773655,0.5180910099097975,0.7320113314447592,-0.20951837606649448,0.1267853886634026,-0.5022274812505287,-0.04845483770363468,True,0.6750227177939361,0.5668480404339246,0.7260195290063182,27.3812281370261,0.9994101095383598,7744
7745.png,0.6091331269349846,0.8750918442321822,0.9333855799373042,0.9133435582822086,0.9543269230769231,0.9992541884470882,27.7254028436634,0.9992621076713109,28.292562436246676,1.0,0.6483081806219331,0.575770482494064,30.6203236796879,0.5476899767076222,2006,4,1,3,9,1.962962962962963,0.25,162,159,234.72287142747481,2.6061451140745184,0.027011327963692655,0.02625269215237591,-0.06417676368721814,-8.241000401132403e-05,3.381938725988132e-05,0.42508250825082505,960.0014686584473,0.6028528528528528,4,1,3,3,9,1.962962962962963,0.25,4,0,162,159,150,1.4762444743866325,2.6061451140745184,234.72287142747481,0.027011327963692655,45474,22.66899302093719,32.66999002991027,256x256,65536,sparse,Learned,282,4,23,1898,30.813601121780984,0.5865608423235935,27.862063494032867,0.999228288284051,0.574917491749175,0.3616629789107606,9,3,0.0,31,1796,31.142105654273806,0.6254344593232223,0.9991307177763554,27.550784225676868,0.4684723181212821,0.5535465924895688,4560,31.866851338817188,0.708660108419571,0.999610525241911,31.12614220951893,0.207355893876222,0.5654520917678812,0.43049894221380924,0.28664520171117247,-0.19327744209308406,-0.038870865615971306,True,0.6620982141052869,0.38121660819385916,0.5828804347826086,27.789579607350618,0.9993365984510996,7745
7746.png,0.7271937445699392,0.8807890222984562,0.9366165070679435,0.939615736505032,0.9336363636363636,0.9993664697637611,26.87491668041882,0.999548748360071,27.394629833617948,1.0,0.43069179650337197,0.8682044139718372,31.33944974138958,0.6054233193452422,1935,6,0,0,12,1.9076923076923078,0.0,130,124,193.6518036156091,2.7290964089907135,0.040425102730678945,0.02788765359075651,-0.18465097146689047,-0.00016654111333480603,-1.5486625555394262e-05,0.290272373540856,765.1796340942383,0.76875,6,0,6,0,12,1.9076923076923078,0.0,6,0,130,124,118,1.5617080936742669,2.7290964089907135,193.6518036156091,0.040425102730678945,44716,23.109043927648578,33.868733850129196,256x256,65536,sparse,Learned,250,6,25,1830,31.785745856059457,0.6333628557508844,27.109348706145674,0.9995642349856264,0.709727626459144,0.31613859078764417,9,0,0.75,38,1908,32.13016138329799,0.6760394073366216,0.9995489482140739,27.444125228903506,0.2632116055500686,0.6887009992313605,4740,32.88780174632389,0.7441963955787655,0.9998238533542273,32.011210435669966,0.2526711775434951,0.6937354988399071,0.28528112747227397,0.1145532057157278,-0.4462961146698774,-0.027939536405642174,True,0.4438218746290582,0.38532811057020366,0.6993060909791827,27.05956765188571,0.9995330108770959,7746
7747.png,0.6468673718470301,0.8931297709923665,0.9435483870967741,0.9335106382978723,0.9538043478260869,0.9986695738402801,28.124170616033265,0.9987317168230713,28.5009246098045,1.0,0.7412777017403599,0.43869008650272473,30.251965182750553,0.5474584000324131,2736,5,3,9,14,1.983739837398374,0.6,246,244,393.16147160748807,2.8981023154607635,0.04170027890338192,0.0213354569534131,-0.5270331412339608,-0.00022107666869586318,-4.937248443304121e-05,0.3772432226040473,1234.724998474121,0.6522791448164582,5,3,2,9,14,1.983739837398374,0.6,5,0,246,244,223,1.611317506588062,2.8981023154607635,393.16147160748807,0.04170027890338192,45722,16.71125730994152,23.953216374269005,256x256,65536,sparse,Learned,366,5,29,2702,30.925048409858377,0.61891062567424,28.668184663174916,0.9987810893075043,0.6227567773959527,0.3572503645444688,20,13,0.0,34,2508,31.153570563596436,0.6585790041194465,0.998612327564046,28.114432955005874,0.24205378865419724,0.610365398956003,3062,31.170205063315485,0.6444711068832436,0.9990801907444292,29.981577459963397,0.27798855305048986,0.6217457886676876,-0.16726005337041627,0.3840273371958911,-0.6730832271078242,-0.07145222564182696,True,0.7582859831029636,0.33265254352124274,0.625531914893617,28.651203757267226,0.998890650508976,7747
7748.png,0.7018701870187019,0.9002145922746781,0.9474872953133823,0.9342984409799554,0.9610538373424972,0.9995797577360587,27.51040788094882,0.9996185360248689,27.68780655148831,1.0,0.45773474668601677,0.5853511288191393,30.573136443216523,0.5389419561241191,1768,5,0,0,10,1.9137931034482758,0.0,116,111,178.65180361560914,2.4489755075553368,0.03672862070231437,-0.00012981298129810526,0.5821766886481967,-7.175541048010103e-06,5.609552944063623e-05,0.2660642570281124,767.3017978668213,0.7466666666666667,5,0,5,0,10,1.9137931034482758,0.0,5,0,116,111,106,1.6094757082487308,2.4489755075553368,178.65180361560914,0.03672862070231437,45657,25.824095022624434,37.067873303167424,256x256,65536,sparse,Learned,236,5,21,1756,30.595642998459613,0.5697105090929414,26.863402382450047,0.9995624404954283,0.7339357429718876,0.31099034844211915,8,0,0.7,29,1652,30.946616480684305,0.614559208558395,0.9994716983954981,26.353928550688433,0.4015027407342352,0.6750756811301716,5111,31.939879223123768,0.7238367849249319,0.9998177711137922,31.025898322195488,0.25689882820792853,0.717434869739479,0.8244041690382637,0.14674439824389762,-0.02250655524309053,-0.030768552968822305,True,0.47059418229130545,0.27546283581993547,0.702,26.928231192300622,0.9995869332771067,7748
7749.png,0.7283726557773744,0.8989715668481548,0.9467983434214718,0.9464968152866242,0.947100063734863,0.9990694135466673,27.590182563919235,0.9992308985446183,28.09394032483357,1.0,0.6671289163019205,0.6311093532206434,31.4205108477875,0.6003492281781803,2410,5,7,15,14,2.0205128205128204,1.4,195,197,320.14927829866787,2.642357919155023,0.05479888082102283,-0.010061507923693203,-0.5887448910984148,-0.000216517117187065,-3.5911309064329267e-05,0.2640615748963884,1086.927890777588,0.7576875768757687,5,7,-2,15,14,2.0205128205128204,1.4,5,0,195,197,166,1.6251232400947586,2.642357919155023,320.14927829866787,0.05479888082102283,44896,18.62904564315353,27.19336099585062,256x256,65536,sparse,Learned,315,5,30,2374,31.75402312047757,0.6449975441952068,28.13085893316931,0.9992668098536827,0.7359384251036116,0.47387803590654354,9,4,0.0,38,2150,32.00297958815758,0.6778829564327994,0.9991533202485521,27.743944020918935,0.3439632442745968,0.7190132370637786,3930,32.30193626106885,0.7074282529294106,0.9995865565200793,31.226415998883073,0.39144419805974306,0.734093637454982,-0.03691860833573912,0.19325088039537697,-0.33351227269006856,-0.04464831601702657,True,0.6776121644545745,0.4276473748433668,0.7384341637010676,28.17892745501765,0.9992859306638544,7749
7750.png,0.7981538461538461,0.9198982835346472,0.9582781456953642,0.957010582010582,0.9595490716180372,0.9989092465407209,26.96154631506883,0.9991601209843848,27.668192633116266,1.0,0.5700128695807603,0.9383139520305424,30.553005160032342,0.5530466460022455,2241,5,4,8,12,1.9878048780487805,0.8,164,163,245.62236636408645,3.1828869959203208,0.02637467104937408,0.028091239437852966,-0.5876713801213995,-0.0002720572645587005,-2.633584425137947e-05,0.2406779661016949,1049.6289730072021,0.8106435643564357,5,4,1,8,12,1.9878048780487805,0.8,5,0,164,163,144,1.5068856832152528,3.1828869959203208,245.62236636408645,0.02637467104937408,45562,20.331102186523875,29.24408746095493,256x256,65536,sparse,Learned,284,5,25,2111,30.945543194811897,0.6006426897495181,27.56599004915462,0.9991864568286362,0.7593220338983051,0.6865138191173947,5,8,0.0,32,2110,31.15912739632433,0.6454898960710195,0.9990410485115738,27.13234444515426,0.5796496154913181,0.7730659025787966,4253,31.660649161512904,0.6981701129713297,0.9995858519004187,30.7770750382795,0.4831486655083008,0.7407617964752701,0.10220258396164539,-0.11650094953663448,-0.3925380347795553,-0.047596043747272554,True,0.5868729061217817,0.5506710358827784,0.7700626067159931,27.54921769519023,0.9991813038052796,7750
7752.png,0.7559171597633136,0.8917293233082707,0.9427662957074722,0.9294670846394985,0.9564516129032258,0.9992540351832836,26.845744971165104,0.9992897836067464,27.41807216564567,1.0,0.6093721646414789,0.952321353511034,30.05930298206345,0.5204984262721495,2077,4,1,3,9,1.9565217391304348,0.25,138,135,213.89444430272846,2.9371625755144204,0.05008970835478201,0.042107953625888705,-0.313605549049754,-0.00011495443732290056,2.822081383657693e-05,0.2586898395721925,1099.7815132141113,0.7998506348020911,4,1,3,3,9,1.9565217391304348,0.25,4,0,138,135,126,1.584403291131321,2.9371625755144204,213.89444430272846,0.05008970835478201,46193,22.240250361097736,31.553201733269137,256x256,65536,sparse,Learned,258,4,23,2076,30.37216845879417,0.5718617032283508,27.196806347238525,0.9992615627929098,0.7413101604278075,0.6261871470545335,5,10,0.0,27,2038,30.60880402563243,0.6162599170206509,0.9990705833630633,26.427818517692074,0.6062346084675301,0.7622282608695652,4463,31.266302002429825,0.6841662900290044,0.9995414746843754,29.912527711150627,0.3666085646432915,0.7454422687373397,0.22126581840714366,-0.01681498241305457,-0.31286547673072107,-0.051363276956201354,True,0.6447736190750484,0.6140316856257579,0.7138092061374249,27.159350520214858,0.9993689896206065,7752
7753.png,0.5210144927536232,0.9027679205110007,0.9488996643043639,0.9380530973451328,0.96,0.9990508396924604,28.59945153582162,0.9991286624482721,29.004467469033948,1.0,0.47270757595695145,0.6659224265138354,31.830247762464225,0.6108776919061288,1957,6,2,3,11,1.945945945945946,0.3333333333333333,148,144,203.61017305526653,2.9786519706249237,0.03372951775826342,-0.009612287873157377,-0.01489826366675473,-9.849179827370325e-05,1.0083833725360591e-05,0.47017543859649125,1056.4460754394531,0.5268817204301075,6,2,4,3,11,1.945945945945946,0.3333333333333333,6,0,148,144,134,1.413959535106017,2.9786519706249237,203.61017305526653,0.03372951775826342,44491,22.734287174246294,33.48799182422075,256x256,65536,sparse,Learned,268,6,26,1851,31.978043917385595,0.6380525742443206,28.712260676212882,0.9991185786145468,0.5298245614035088,0.3296799539643608,7,3,0.0,41,1922,32.32213412772484,0.676024444443,0.9990718453633923,28.836162220483867,0.2792767087244591,0.5113636363636364,4806,33.03512758486054,0.7483067677799387,0.9996101701978708,32.59589357363605,0.1974812020375215,0.5178696566222845,0.2922067928210659,0.14302762199259067,-0.14779615492136955,-0.027174882338191764,True,0.5000930677240176,0.3330231891415256,0.5306267806267806,28.614349799488373,0.9991493314907341,7753
7754.png,0.7479245283018868,0.9072700296735905,0.9513807856865032,0.9314546839299315,0.9721780604133545,0.9992914523271403,27.301018052497174,0.9993262792694341,27.51451899502198,1.0,0.5073715301998645,0.7322972425036429,30.668874353647343,0.55558017582695,2077,5,0,0,10,1.9328859060402686,0.0,149,144,202.65180361560917,3.0146830753992067,0.016535300296188736,0.04442418513098767,-0.26476654986394266,-0.0001090909676980667,-2.000961332271345e-05,0.27766463000678887,1138.5314464569092,0.7773613193403298,5,0,5,0,10,1.9328859060402686,0.0,5,0,149,144,139,1.4073041917750628,3.0146830753992067,202.65180361560917,0.016535300296188736,45564,21.93740972556572,31.553201733269137,256x256,65536,sparse,Learned,269,5,24,2044,30.946455534256685,0.5977177832685434,27.553812396377015,0.9993462888827568,0.7223353699932111,0.377077604231577,9,2,0.0,31,1982,31.209873472207434,0.638434045195473,0.9992426892260197,27.029344613667142,0.49842393093394444,0.7175102599179206,4200,31.772717152295925,0.6968961691741298,0.9996776495630292,30.865511595322936,0.3967686829528906,0.7262306136210385,-0.03929340135503523,0.13029392596828748,-0.2775811806093422,-0.04213760744159345,True,0.5247907283138555,0.38430280323571486,0.7035003431708992,27.565784602361116,0.9994005432948384,7754
7755.png,0.795774647887324,0.9035785288270378,0.9493472584856397,0.946875,0.9518324607329843,0.9994162673870889,26.43124457048886,0.9995848902478056,27.06175579792708,1.0,0.5573606726386489,0.9731774820265724,30.250560350213433,0.5256649594152055,1818,4,0,0,8,1.9375,0.0,128,124,178.681240867132,2.6640878412872553,0.028258451627876848,0.039456958356638094,-0.30380095699598186,-0.00013808705798967758,1.5062462996873194e-06,0.2117323556370303,962.3000621795654,0.8321392016376663,4,0,4,0,8,1.9375,0.0,4,0,128,124,120,1.4409777489284832,2.6640878412872553,178.681240867132,0.028258451627876848,45904,25.24972497249725,36.04840484048405,256x256,65536,sparse,Learned,248,4,21,1691,30.52362141808249,0.5603765496751347,26.790494244636687,0.9995833840015059,0.7882676443629697,0.5506710358827784,4,2,0.0,27,1790,30.770685053287533,0.6080338838919942,0.9995189697752898,26.388054711391295,0.4789972713966656,0.7669039145907474,5070,31.695067619737493,0.7137322628341748,0.9998322809271826,31.134684372465948,0.31114692375142317,0.7776752767527675,0.2712615532903939,0.006689636755870421,-0.27306106786905815,-0.034711590259929204,True,0.5704426417892609,0.5551419337770589,0.7563176895306859,26.735045527484843,0.9995543544450786,7755
7756.png,0.6786961583236322,0.910092807424594,0.9529304585484362,0.9526411657559198,0.9532199270959902,0.9990058427938584,28.23257581734934,0.9991301198135897,28.66741203740787,1.0,0.6911810203119801,0.4860932225636247,30.531277352918025,0.5380773689906065,2119,4,7,16,11,2.036144578313253,1.75,166,169,270.2792206135789,3.2842616991824416,0.036003026570987834,0.022031415103782148,0.08972402462677209,-3.1449696498153656e-05,0.00010779851464792767,0.35791881074899945,1238.5249137878418,0.6792782305005821,4,7,-3,16,11,2.036144578313253,1.75,4,0,166,169,139,1.5992853290744293,3.2842616991824416,270.2792206135789,0.036003026570987834,45763,21.596507786691834,30.92779613025012,256x256,65536,sparse,Learned,286,4,24,2067,30.707545554391693,0.5860409825498251,28.118164982606906,0.9990223212989418,0.6420811892510006,0.30629902682382293,14,9,0.0,29,2062,30.948051321872107,0.6287580488485758,0.9988415223904942,27.390450328087923,0.2495324176132494,0.661036036036036,4391,31.582367431190672,0.6978199085343619,0.9994147011546006,30.489119440359094,0.20863818410441615,0.657191586128482,0.5492470548009649,0.3848819934881572,-0.17626820147366828,-0.04796361355921852,True,0.7274682069659875,0.35361736503667873,0.65666474321985,28.142851792722567,0.9990372924903566,7756
7757.png,0.7735413056036973,0.930835734870317,0.9641791044776119,0.9556213017751479,0.9728915662650602,0.9991036859563349,28.029474571127963,0.9991743231658714,28.29682773255285,1.0,0.7315256767607634,0.8692920171692211,30.90052838229578,0.5681631704903105,2422,4,1,4,10,1.970873786407767,0.25,206,203,296.45079348883274,2.8981150747502893,0.023837009014075723,0.0022383919148571962,0.015572535216566763,-0.00010747964248758457,2.2408821590547134e-06,0.2239213544511196,1132.5488090515137,0.7908723281340265,4,1,3,4,10,1.970873786407767,0.25,4,0,206,203,192,1.460348736398189,2.8981150747502893,296.45079348883274,0.023837009014075723,45388,18.739884393063583,27.058629232039635,256x256,65536,sparse,Learned,326,4,27,2249,31.218204269820355,0.6158498724082295,28.087691645899998,0.9991720822837123,0.7760786455488804,0.7689220085226698,4,5,0.0,35,2396,31.47458838005011,0.6667440392049926,0.9990165211490685,27.52641811485606,0.36871635449307405,0.7846655791190864,3924,31.775293080811778,0.6912164720953764,0.9994731363576537,30.15178009217927,0.4598994753556295,0.7766884531590414,0.2091360866528511,-0.037396331761906376,-0.317675887524576,-0.04768670191791902,True,0.7534030360583934,0.6549272449566163,0.7713029136888401,28.013902035911396,0.9992111655988225,7757
7758.png,0.7079470198675497,0.9300791556728232,0.963773069036227,0.9591836734693877,0.9684065934065934,0.9989000680509474,27.24739490211768,0.9990239875213596,27.72773824911581,1.0,0.5014243770087834,0.7900365270263208,31.50050194612073,0.6028132616071766,2152,5,0,0,10,1.9315068493150684,0.0,146,141,202.96551211459393,3.426704901538483,0.02125198846565699,-0.007234912378372482,-0.2566592624456199,-0.00011746371726795157,4.681562212860424e-05,0.28035043804755944,1131.593942642212,0.7217795484727756,5,0,5,0,10,1.9315068493150684,0.0,5,0,146,141,136,1.4394717171247784,3.426704901538483,202.96551211459393,0.02125198846565699,44793,20.814591078066915,30.45353159851301,256x256,65536,sparse,Learned,266,5,27,2012,31.777427045121986,0.6362144078299451,27.46414750797885,0.998977171899231,0.7196495619524406,0.47270757595695145,8,7,0.0,40,2142,32.09934269577761,0.6824713663270865,0.9989824392966735,28.021720657730743,0.6839958713081375,0.7408328154133001,4093,32.48742546936766,0.7175384902976009,0.9995073458953943,31.074086096624356,0.6333447821267588,0.7265382224984462,0.2635907411369587,0.02871680105183194,-0.2769250990012573,-0.03340114622276846,True,0.5379120324163,0.42497015393584336,0.7151819322459222,27.5040541645633,0.9990175317682154,7758
7759.png,0.6115196078431373,0.92,0.9583333333333333,0.9411764705882353,0.9761273209549072,0.9989955067468705,28.245844602024768,0.9989551153386763,28.398732397964,1.0,0.6737202053769605,0.4570222393968761,30.860694724148242,0.5614310947148965,2112,4,6,13,10,2.0238095238095237,1.5,168,170,256.0365799264596,3.1604619451931546,0.03460468103255311,-0.018583987525540357,0.24268620518700956,2.4502501307144264e-05,8.146988943580347e-05,0.353827606992164,1332.981824874878,0.62590799031477,4,6,-2,13,10,2.0238095238095237,1.5,4,0,168,170,145,1.506097528979172,3.1604619451931546,256.0365799264596,0.03460468103255311,45367,21.48058712121212,31.03030303030303,256x256,65536,sparse,Learned,288,4,24,1921,31.091997935279103,0.59775190613286,27.987682678211293,0.9988736454492405,0.646172393007836,0.31123637938096416,14,5,0.0,32,1928,31.32842033062706,0.6408217223761374,0.998595572339811,27.471192696466286,0.2958537696084562,0.5963746223564955,4455,31.952403798123278,0.7092074420930801,0.9993885159618843,31.247470385605013,0.289809632909262,0.6220755848830234,0.41104971975270743,0.3624838259959964,-0.23130321113086083,-0.036320811417963506,True,0.680180978183696,0.3108578338446705,0.6301035953686777,28.003158396837758,0.9989710042455634,7759
7760.png,0.673469387755102,0.8918918918918919,0.9428571428571428,0.9363992172211351,0.9494047619047619,0.9993285173698192,27.0959173550318,0.9994844694452105,27.728668579780408,1.0,0.5529120734406436,0.6717397696652875,31.394543674489448,0.5888485003674495,1793,4,1,2,8,1.949579831932773,0.25,119,116,186.23759005323606,2.678565059389387,0.04198948302702516,-0.013017098731384458,-0.6979766694653406,-0.00018209438497518438,-2.1512045289551196e-05,0.30700179533213645,731.8000793457031,0.6943150046598322,4,1,3,2,8,1.949579831932773,0.25,4,0,119,116,109,1.6054964659761721,2.678565059389387,186.23759005323606,0.04198948302702516,44874,25.027328499721136,36.551031790295596,256x256,65536,sparse,Learned,239,4,25,1775,31.674617604964098,0.6170340382726028,27.774783286634506,0.9995059814905001,0.6929982046678635,0.42879093615118524,5,3,0.0,32,1590,31.824483288288352,0.6487329325202621,0.9994053204684764,27.12817751873654,0.4078527843925187,0.6693840579710145,5208,32.838774689650926,0.7503214453636188,0.99980867617447,32.35033563518617,0.3827616345856836,0.6850678733031674,-0.04611470685409813,0.1241211372894584,-0.28007393047465,-0.028185537905153324,True,0.5551419337770589,0.3729109147269438,0.6864864864864865,27.793894024497142,0.9995106117547944,7760
7761.png,0.7627118644067796,0.9015471167369902,0.9482248520710059,0.9350838803792852,0.9617404351087772,0.9990541728606849,29.060381867345036,0.9990325212392128,29.28112606910115,1.0,0.6246889011486004,1.015909589354058,31.733864874780085,0.6034626142518627,1933,4,2,4,9,1.9731543624161074,0.5,149,147,218.5807358037437,3.0316458884501616,0.041864425897535126,0.03482070794419456,0.018569390944421116,-3.3731043127538385e-05,8.796886597384201e-06,0.2569303583502367,1096.3187217712402,0.7794943820224719,4,2,2,4,9,1.9731543624161074,0.5,4,0,149,147,136,1.4869437809778472,3.0316458884501616,218.5807358037437,0.041864425897535126,44466,23.003621314019657,33.90377651319193,256x256,65536,sparse,Learned,269,4,27,1916,31.937456967138232,0.6362704110923839,29.08997637060206,0.9990237243526154,0.7430696416497633,0.45528905436548717,8,6,0.0,39,1928,32.2582909774143,0.6738669236651033,0.9990017937659252,28.962215168607948,0.2166429361283465,0.7480211081794196,4800,32.94371475947931,0.7466991795619449,0.9995510980930263,32.450156409170866,0.08222223158049691,0.7066916823014384,0.19114969849908903,0.16939984678311326,-0.20359209235814646,-0.032807796840521264,True,0.6500622508888447,0.6604044743550609,0.7278911564625851,29.041812476400615,0.9990879039038124,7761
7762.png,0.6586206896551724,0.8796928327645052,0.9359963685882887,0.9389799635701275,0.9330316742081448,0.9991753581779016,25.77288168990605,0.9994744498803056,27.194209753967158,1.0,0.4789972713966656,0.6744064758664242,30.80941993236649,0.5669082768541475,1895,5,1,2,10,1.9333333333333333,0.2,120,116,194.2792206135787,2.754937167962392,0.040044699643218024,-0.006996934263002297,-1.2075578810424297,-0.00027889587318419284,-1.0168466239690588e-05,0.3359621451104101,812.0412826538086,0.6801051709027169,5,1,4,2,10,1.9333333333333333,0.2,5,0,120,116,108,1.6748208673584362,2.754937167962392,194.2792206135787,0.040044699643218024,45308,23.909234828496043,34.58364116094987,256x256,65536,sparse,Learned,240,5,23,1817,31.124768758571722,0.5979973506233183,26.99289163024986,0.9994846183465453,0.6640378548895899,0.41530601236092834,6,2,0.0,31,1760,31.412208514173876,0.6392167189161398,0.9994208029734708,27.062475466774437,0.41957808485925774,0.659217877094972,4677,32.213118439484944,0.723400342709746,0.9997629726547808,31.20565719539919,0.37374647634244407,0.65,0.20131812371729652,0.06369125903573725,-0.31534882620523064,-0.031089073769170805,True,0.4831486655083008,0.3258385888250189,0.6656176239181747,26.98043957094848,0.9994542540510858,7762
7763.png,0.6271760154738878,0.9042920572274297,0.949740932642487,0.9443585780525502,0.9551849921834289,0.9989097431954965,27.676227623758773,0.9990114893287564,27.976547826655885,1.0,0.7606910777562454,0.42751059027007315,30.361956645719907,0.5442491113172018,2425,4,3,10,10,1.9902912621359223,0.75,206,205,325.8061325481603,2.9604870428159398,0.04588867782990471,-0.017081687607344742,-0.09449426940863503,-0.00014357850478363687,9.53667982850348e-06,0.3523942352394235,1008.8107585906982,0.6378143133462283,4,3,1,10,10,1.9902912621359223,0.75,4,0,206,205,186,1.589298207551999,2.9604870428159398,325.8061325481603,0.04588867782990471,45745,18.863917525773196,27.02515463917526,256x256,65536,sparse,Learned,326,4,26,2299,30.817460953982547,0.6009102562880749,27.80033825636456,0.9990019526489279,0.6476057647605765,0.376038534587785,12,5,0.0,32,2284,31.03055341680179,0.6466459369629796,0.998881045642369,27.380338298270786,0.26164706229958334,0.6493202062822316,3777,31.36119807819525,0.674311306316916,0.9993798268477049,29.974492447876727,0.2108305325430132,0.6363636363636364,0.17620957029132356,0.3846525431684604,-0.45550430826263977,-0.056661144970873156,True,0.7845443088302579,0.33540100056105016,0.6442577030812325,27.77072189316741,0.9990533217002802,7763
7764.png,0.4620412267471091,0.8989205103042198,0.9467700258397933,0.9399692149820421,0.9536699635606455,0.998524659743039,28.31603570856239,0.9986783497467558,28.631942375838868,1.0,0.6644552672957573,0.4117264488429079,30.377730991505118,0.5408832299420097,2397,5,3,8,11,1.9803921568627452,0.6,204,202,302.27922061357884,3.315361192413405,0.03571730927391563,-0.018878538419231372,0.004080558191873251,-7.025466489962717e-05,8.050013230853637e-05,0.5090287945339189,1292.0458316802979,0.4731560461615655,5,3,2,8,11,1.9803921568627452,0.6,5,0,204,202,185,1.4964317852157354,3.315361192413405,302.27922061357884,0.03571730927391563,45848,19.12724238631623,27.34084272006675,256x256,65536,sparse,Learned,324,5,26,2334,30.743048571678813,0.5972839499587891,28.267591133635154,0.9985978496144473,0.49097120546608103,0.2728128658376876,14,1,0.0,31,2356,31.01532619909324,0.6444187243911703,0.9983728703360196,27.751880110236936,0.31202308817102065,0.4398826979472141,3886,31.358867500602443,0.672544418365507,0.9989793488999186,30.213720730458505,0.25041480150023177,0.4845663890249878,0.36435124220371407,0.3916424014580697,-0.365317580173695,-0.056400720016779426,True,0.680180978183696,0.2800484987180686,0.4809197651663405,28.311955150370515,0.9985949144079386,7764
7765.png,0.740016992353441,0.8795493934142115,0.9359151682803134,0.955743879472693,0.916892502258356,0.9992134610881833,25.262221579078545,0.9995903718258518,26.719427036060775,1.0,0.6151878554470214,0.7082229150571913,30.60672473635556,0.5625580568338564,1996,4,2,4,9,1.973856209150327,0.5,153,151,220.89444430272863,2.549324240559846,0.01963975229934205,0.03782500444716741,-1.5385617695594078,-0.00036122621290624046,-2.863851836498732e-05,0.304915514592934,756.0791969299316,0.7899910634495085,4,2,2,4,9,1.973856209150327,0.5,4,0,153,151,140,1.462877114587605,2.549324240559846,220.89444430272863,0.01963975229934205,45446,22.768537074148295,32.833667334669336,256x256,65536,sparse,Learned,273,4,24,1896,31.0682193287553,0.6006018819854362,26.84637887820774,0.9996190103442167,0.695084485407066,0.5285772362608692,5,0,0.875,32,1772,31.322565368023284,0.6361502958126054,0.9995960735543629,27.11031862863632,0.6265607730633391,0.7076923076923077,4450,31.985895003019422,0.7092322481418347,0.9998286891647565,30.976278628329382,0.2980170435737589,0.6985462892119357,-0.12695184214696553,0.0866106191861522,-0.4614945923997418,-0.03804382515157978,True,0.605446289628399,0.42879093615118524,0.7021919879062736,26.800783348637953,0.9995746873010896,7765
7766.png,0.6769087523277467,0.8786711603273952,0.9354177344951308,0.9595162986330179,0.9125,0.9982876428816897,27.025056591155646,0.9987656035880174,27.917611368246106,1.0,0.7233494163680265,0.6232179705493426,30.59799936858365,0.5680716083988724,2397,4,3,7,10,1.9895833333333333,0.75,192,191,297.04877323527955,3.18830295962592,0.03680096726528701,0.018836055793511775,-0.8747252165748947,-0.00038774041389200153,7.347961616055443e-06,0.3448723496321938,1214.8003578186035,0.7076023391812866,4,3,1,7,10,1.9895833333333333,0.75,4,0,192,191,175,1.555229179242299,3.18830295962592,297.04877323527955,0.03680096726528701,45415,18.94659991656237,27.34084272006675,256x256,65536,sparse,Learned,312,4,27,2258,31.18556297706411,0.6194515013499389,27.839164385987665,0.9987582556264013,0.6551276503678062,0.3421797290442882,17,6,0.0,34,2250,31.422308401894078,0.6638390045364205,0.9986486852796144,27.584226079736407,0.4541737326046622,0.6637478108581436,3906,31.78598262850771,0.6919198866288819,0.9992521213691352,30.597607531907688,0.2753018096700971,0.6489547038327527,0.07844698225844127,0.38116968732373835,-0.5875636084804583,-0.051379892951066486,True,0.7534030360583934,0.46953431113802513,0.658072696534235,27.89978180773054,0.9986753832955817,7766
7767.png,0.773224043715847,0.8845654993514915,0.9387474191328287,0.9142091152815014,0.9646393210749646,0.9996876230391949,26.550695451679736,0.9997368646535281,27.2802531594995,1.0,0.4857264722933681,0.940136387398079,30.13234141787008,0.5148222771705567,1636,4,0,0,8,1.9259259259259258,0.0,108,104,152.6101730552664,2.462643815411462,0.028474349638267376,0.06685611918754508,0.48834136866641487,-1.4114019469713135e-05,4.54347302730751e-05,0.2619883040935672,749.6912479400635,0.7661822985468957,4,0,4,0,8,1.9259259259259258,0.0,4,0,108,104,100,1.4674055101467927,2.462643815411462,152.6101730552664,0.028474349638267376,46077,28.16442542787286,40.05867970660147,256x256,65536,sparse,Learned,228,4,20,1623,30.333391607147135,0.5479993418541091,26.238505374369335,0.999691429923255,0.7380116959064328,0.2943044935982442,7,0,0.625,24,1634,30.56204268336884,0.591145114183414,0.9996448436645216,25.926672698089654,0.4620555624053255,0.7351543942992874,5577,31.785533694312047,0.7302216518822506,0.9998783740126397,31.118342478284255,0.32294312550183535,0.7246543778801844,1.0417477851301662,0.1914219786951239,-0.20105018927705487,-0.033177064683552415,True,0.4857264722933681,0.4566491309255002,0.7063679245283019,26.06235408301332,0.9997017370586646,7767
7768.png,0.798014888337469,0.9290155440414508,0.9632017190437819,0.9501854795972443,0.9765795206971678,0.9990199684861608,27.84967342305748,0.9990196974443367,28.06194359284916,1.0,0.7219626995468058,0.89141783886948,30.864177013170668,0.5708780013747503,2402,4,10,20,12,2.065934065934066,2.5,182,188,315.3330444827415,3.2600950539767086,0.0520999642668862,-0.006160061960741703,0.012000112792122763,-9.020030009798674e-06,5.266531664605001e-05,0.20087976539589447,1128.4043788909912,0.802747791952895,4,10,-6,20,12,2.065934065934066,2.5,4,1,182,188,150,1.677303428099686,3.2600950539767086,315.3330444827415,0.0520999642668862,45388,18.895920066611158,27.283930058284763,256x256,65536,sparse,Learned,302,4,27,2240,31.216547889766968,0.617320283957924,27.858031539673938,0.9989670321276907,0.7991202346041055,0.8209338520885068,4,15,0.0,33,2162,31.433414144757013,0.6590858011960602,0.9988219194588227,27.349879409217802,0.7094559270255955,0.7964860907759883,3903,31.80827698337875,0.6901485242740701,0.9994858890017677,30.860471116898744,0.7677637252702412,0.791398912506179,0.2039120531752232,-0.09897115254170097,-0.35237087659630006,-0.04644228258317373,True,0.7458930404471997,0.6649023621432284,0.8041749502982107,27.83767331026536,0.9990289885161706,7768
7769.png,0.47149122807017546,0.8924905456509995,0.9431915500999143,0.9275687815833801,0.959349593495935,0.9982899518413862,28.581133836432336,0.9979110686575579,28.99036576962468,1.0,0.6849424630965867,0.2970313304000652,31.33690841292383,0.5931637828189569,2183,4,2,4,9,1.9777777777777779,0.5,180,178,265.59292911256364,3.342976293961207,0.03348736950128076,0.020233366434955324,-0.3960269098818685,-0.0002011053349665337,0.00015108641152372648,0.5475089881869544,1359.5056533813477,0.4755244755244755,4,2,2,4,9,1.9777777777777779,0.5,4,0,180,178,167,1.4920951073739515,3.342976293961207,265.59292911256364,0.03348736950128076,44780,20.513055428309666,30.021071919377004,256x256,65536,sparse,Learned,300,4,28,2163,31.74300840110938,0.6339905578068327,28.93861270464724,0.9977599822460341,0.4524910118130457,0.22324599835886028,19,3,0.0,39,2142,32.012678512536226,0.6739212718403053,0.9973605056931764,28.84868008990063,0.1940950517850324,0.413111342351717,4083,32.41936827740778,0.7152333713691957,0.9988454335406751,31.676040288891343,0.18038365398173173,0.4845881758463871,0.05175306497744003,0.4616964647377264,-0.4060999881855487,-0.04082677498787579,True,0.6451286679019725,0.19162342650614472,0.45125786163522014,28.977160746314205,0.9984910571763528,7769
7770.png,0.5868102288021534,0.896551724137931,0.9454545454545454,0.9298486932599724,0.9615931721194879,0.9991038031753463,28.373979385171655,0.999103065420693,28.49571007867503,1.0,0.6246889011486004,0.5627681602923554,31.220461105488265,0.5837142313887447,2016,4,3,6,8,1.9869281045751634,0.75,153,152,225.79393923934018,3.1466568622713775,0.035366308226722695,0.03836302383320933,0.18289716946908285,-3.399837689788132e-05,3.4576882112280494e-05,0.426625386996904,1103.9702892303467,0.6115204286671132,4,3,1,6,8,1.9869281045751634,0.75,4,0,153,152,139,1.485486442364079,3.1466568622713775,225.79393923934018,0.035366308226722695,44921,22.282242063492063,32.507936507936506,256x256,65536,sparse,Learned,273,4,25,1889,31.489974623750165,0.6172302800901217,28.16276119782728,0.9990684885385808,0.573374613003096,0.36109531596808375,10,6,0.0,35,1960,31.76796183325161,0.6588674887979923,0.9989481085985967,27.871718992766034,0.3607757837496701,0.5671736375158428,4619,32.455710630639764,0.7296356637927506,0.99950786208371,31.435000483087734,0.30580334912202123,0.5993788819875776,0.3329488808477521,0.2635935851805167,-0.26951351826189907,-0.03351604870137703,True,0.6375975701675096,0.3588196115700454,0.5484472049689441,28.191082215702572,0.9991378015522442,7770
7771.png,0.5,0.8851156069364162,0.9390571100038329,0.9224397590361446,0.9562841530054644,0.9993226579284817,28.41418168641691,0.9993451035387902,28.574416124382754,1.0,0.5768379176822511,0.399819314893512,30.505632372285774,0.5310517906578957,1858,4,0,1,9,1.9428571428571428,0.0,140,136,200.3086578651016,3.0367777228355406,0.02994156688911323,0.08239277652370203,0.7609738141484286,9.618166211200485e-05,0.00014285733418406554,0.5738552437223043,1038.6955738067627,0.5148148148148148,4,0,4,1,9,1.9428571428571428,0.0,4,0,140,136,130,1.4728577784198633,3.0367777228355406,200.3086578651016,0.02994156688911323,45766,24.631862217438105,35.272335844994615,256x256,65536,sparse,Learned,260,4,22,1753,30.64656909331478,0.5665905399947979,27.673127325272624,0.9992022462046062,0.4261447562776957,0.1694891500989837,14,1,0.0,28,1858,30.888600099609743,0.6147048692884701,0.999125203560631,27.26080347136584,0.3296799539643608,0.44124168514412415,4871,31.702187760064643,0.7113898233879089,0.9995945622927357,30.853505213340206,0.1275313627776372,0.4856933235509905,0.9012887991101302,0.40734876758326743,-0.14093672102900712,-0.035538749336902264,True,0.6171071140248879,0.2467313435453431,0.417607223476298,27.65320787226848,0.9992264762663697,7771
7772.png,0.6850393700787402,0.8959081119885139,0.9450965543354789,0.9461713419257013,0.9440242057488654,0.9992264597219653,27.69203725629466,0.9992934364066743,28.030016597377433,1.0,0.5704426417892609,0.5764386233176397,30.451442422085414,0.5312577110322494,1838,4,3,6,9,1.9844961240310077,0.75,129,128,189.26702730475895,3.2330190562462624,0.028295984846532615,0.024374550134141804,0.10861549185160513,-4.4715373546555526e-05,4.564246259197713e-05,0.33564975677553854,1065.7732486724854,0.7036231884057971,4,3,1,6,9,1.9844961240310077,0.75,4,0,129,128,114,1.4786486508184282,3.2330190562462624,189.26702730475895,0.028295984846532615,45771,24.90261153427639,35.65614798694233,256x256,65536,sparse,Learned,249,4,22,1766,30.63250572559738,0.5679745120899912,27.593875384705342,0.9992477939440824,0.6643502432244615,0.38121660819385916,8,3,0.0,27,1674,30.802293466617336,0.6074634179458177,0.9990897779873325,26.8772613180653,0.31917123063692476,0.647887323943662,4861,31.707532893876447,0.7114831714187687,0.9996313842813906,31.001334056594928,0.16100921472048113,0.6644204851752021,0.4361412126720907,0.1892260335954017,-0.18106330351196576,-0.03671680105774178,True,0.6034685809250071,0.34786259800386077,0.6606648199445984,27.583421764443056,0.9992711750955119,7772
7773.png,0.5588447653429602,0.8929321203638908,0.9434380776340112,0.9253081943437274,0.9622926093514329,0.9991891053818545,28.884960689543753,0.9992041527651822,29.025914064951873,1.0,0.5966699219328813,0.42752719112070275,31.49948821151861,0.5914485942065236,2086,5,4,10,12,1.9880952380952381,0.8,168,167,268.0782104868021,2.5699380316904614,0.03972093790886564,-0.00493254262039422,0.0844544539476928,-5.661675573098712e-05,3.0222689369363565e-05,0.40896358543417366,969.3081378936768,0.5811293781272338,5,4,1,10,12,1.9880952380952381,0.8,5,0,168,167,146,1.6052587454299516,2.5699380316904614,268.0782104868021,0.03972093790886564,44787,21.470278044103548,31.417066155321187,256x256,65536,sparse,Learned,288,5,27,2084,31.612280287004072,0.6268484097828149,28.816357663033074,0.9991739300758128,0.5910364145658263,0.3701176494675643,9,4,0.0,38,2058,31.96864964970239,0.6675245958800833,0.9990424729198805,28.306090593776467,0.2933874105480163,0.5364656381486677,4435,32.50212525017693,0.7269095858717536,0.9995031354579248,31.282323964679946,0.20387574016454635,0.556557945870923,0.20955640191879965,0.22655227246531695,-0.1127920754854621,-0.03539981557629124,True,0.6062346084675301,0.2591817793182821,0.5637773079633545,28.80050623559606,0.9992457221375854,7773
7774.png,0.7098609355246523,0.8742255266418835,0.932892561983471,0.9356763925729443,0.9301252471984179,0.9990690673463201,27.989483899456125,0.9992525418890447,28.49798280467601,1.0,0.6246889011486004,0.6314490451844044,30.271821289327292,0.5263548221955895,2235,5,0,1,11,1.9476439790575917,0.0,191,186,285.1492782986677,2.645001744724693,0.03303097498988531,0.01499688718628378,0.12277120228487703,-0.00011909959257838665,8.186258447240302e-05,0.2919975565058033,930.3305149078369,0.730423620025674,5,0,5,1,11,1.9476439790575917,0.0,5,0,191,186,179,1.5330606360143408,2.645001744724693,285.1492782986677,0.03303097498988531,45927,20.548993288590605,29.322595078299777,256x256,65536,sparse,Learned,311,5,24,2063,30.546306744270566,0.5774872158780687,27.845209732459555,0.9991706793045723,0.7080024434941967,0.4102166423871496,10,5,0.0,29,2040,30.77350942413997,0.6202804008784779,0.9990202811122523,27.232806257561144,0.17937768653083663,0.6658610271903324,4225,31.31073160514297,0.6828586307778505,0.9995215016895166,30.17799783897682,0.09126242670485385,0.6662857142857143,0.6527730722164549,0.21447225876145082,-0.2744854549432745,-0.05113239368247924,True,0.7274682069659875,0.4593591046906834,0.6948640483383686,27.86671269717125,0.9991881669388984,7774
7775.png,0.7518367346938776,0.9090183559457302,0.9523411371237458,0.9507512520868113,0.9539363484087102,0.9992296886377355,27.387385515912367,0.9993456932576437,27.864109191701196,1.0,0.597475775966364,0.8121987268654408,31.476117409950575,0.5942955407967947,1979,4,5,7,7,2.0142857142857142,1.25,140,141,208.06601717798222,2.9642941117286683,0.029066027910841334,0.020776128633271496,-0.38727730591623555,-0.0001364950745642579,-8.040636428785497e-06,0.2659090909090909,1019.2978382110596,0.7695473251028807,4,5,-1,7,7,2.0142857142857142,1.25,4,1,140,141,126,1.4756455119005825,2.9642941117286683,208.06601717798222,0.029066027910841334,44850,22.662961091460332,33.11571500757959,256x256,65536,sparse,Learned,260,4,26,1931,31.71074736587171,0.6256928887144232,27.76766115630121,0.9993537338940724,0.7340909090909091,0.5893442472476544,4,4,0.0,36,1826,31.902465491067737,0.6594828673938582,0.9992461052718955,27.310596438633965,0.605446289628399,0.7197258187357197,4783,32.66443049777661,0.7394524792930828,0.9997021054614468,31.69421758061872,0.5717293827873404,0.7216730038022814,0.09644803539998748,0.00813152871870959,-0.234629955921136,-0.03139734791762849,True,0.6246889011486004,0.5073715301998645,0.7310606060606061,27.774662821828603,0.9993661837122998,7775
7776.png,0.6546068499758804,0.862371888726208,0.9261006289308176,0.9212721584984359,0.9309799789251844,0.9983720472733942,28.21028610271634,0.9984094042825028,28.861395865824285,1.0,0.7471604041952535,0.7283971268783824,30.327302197860003,0.5329618979410028,2232,4,14,25,10,2.106951871657754,3.5,187,197,334.6051224213837,3.1218077027223963,0.048121514744989456,0.019843870291907484,-0.10828140730732727,-8.719190202655103e-05,0.00018443168402126897,0.36653207716464786,1373.777151107788,0.6707021791767555,4,14,-10,25,10,2.106951871657754,3.5,4,2,187,197,152,1.698503159499407,3.1218077027223963,334.6051224213837,0.048121514744989456,45757,20.500448028673834,29.36200716845878,256x256,65536,sparse,Learned,307,4,25,2139,30.70438498053891,0.5869990961141635,28.33826873664764,0.9982249725984815,0.6334679228353521,0.3720742382862381,15,5,0.0,31,2226,30.952715294141903,0.6349483027474948,0.9978346199224177,27.818973328577492,0.07605351307001551,0.6061643835616438,4261,31.471001987202087,0.6901621279252663,0.9989479852219874,30.706312927505977,0.05611676194595794,0.5664946407304486,0.5231271291766468,0.37508616590901545,-0.37708278267890805,-0.05403719817316066,True,0.7801918151522382,0.5682894765709203,0.6347629796839729,28.318567510023666,0.9984592391754208,7776
7777.png,0.6632553606237817,0.9117792015771315,0.9538540861046662,0.9433962264150944,0.9645464025026069,0.9984589475117323,28.47391570804119,0.9984574691007553,28.702708989152317,1.0,0.6078065241064949,0.9308876101757056,30.11073107445892,0.5227232226818561,2352,5,1,2,10,1.9555555555555555,0.2,180,176,268.7645019878174,3.4655252959993152,0.04838031838112366,0.019918831381212088,-0.07489242226791504,-0.00011687538753635263,1.3020705063038207e-06,0.33445297504798466,1281.3096046447754,0.6809338521400778,5,1,4,2,10,1.9555555555555555,0.2,5,0,180,176,168,1.5270710340216882,3.4655252959993152,268.7645019878174,0.04838031838112366,46056,19.581632653061224,27.86394557823129,256x256,65536,sparse,Learned,300,5,25,2294,30.48685587456838,0.5828439652397706,28.565749627292373,0.998456167030249,0.6655470249520153,0.5470619872234423,10,15,0.0,28,2262,30.72662130226484,0.627209231314749,0.9980284470140883,27.73893834698039,0.09361010178745521,0.6966449207828518,3914,31.11656898522037,0.6621701048197842,0.9989945619217863,30.157305287318195,0.13997485414318045,0.6521535580524345,0.13695936185994384,0.06074453688305259,-0.37612480010946214,-0.06012074255791444,True,0.6335891374778405,0.5898002780200335,0.6433365292425696,28.548808130309105,0.9985758228992686,7777
7778.png,0.5777934936350778,0.9148629148629148,0.9555388093443858,0.9483919222139118,0.9627942293090357,0.9991817639758206,28.213698221525682,0.9992783979207651,28.552527139619777,1.0,0.6620982141052869,0.3848827366458253,30.88117634019236,0.5599412888470162,2096,4,3,7,10,1.9878787878787878,0.75,165,164,250.62236636408645,2.7591631369157272,0.03902473160216799,0.005252800075275954,0.21222722096962343,-7.204055836185219e-05,3.0402834390930167e-05,0.4076704545454546,985.4252338409424,0.602135231316726,4,3,1,7,10,1.9878787878787878,0.75,4,0,165,164,148,1.528185160756623,2.7591631369157272,250.62236636408645,0.03902473160216799,45358,21.640267175572518,31.267175572519083,256x256,65536,sparse,Learned,285,4,24,1885,31.112590763950585,0.5966938924591486,28.009280214090403,0.9992479950863742,0.5923295454545454,0.22991162654555164,16,2,0.0,32,2074,31.388576840876343,0.646750646334544,0.9990803367670611,27.742079587158624,0.4744622912202534,0.5623678646934461,4419,31.974558026095828,0.7092194048025597,0.9995784949257482,31.06881719390728,0.2357718348285095,0.573049645390071,0.5432469255293739,0.43218658755973527,-0.23141442375822407,-0.036752603612132395,True,0.670441038924811,0.2580411818210515,0.5725406935598019,28.00147100055606,0.9992538045341824,7778
7779.png,0.4774052478134111,0.8174878556557946,0.8995799923634975,0.8890566037735849,0.910355486862442,0.9989527302097834,27.68163954655378,0.9990559059861575,28.66708376245549,1.0,0.6394050598269216,0.24546358142677058,30.227725859455518,0.519169470293477,1853,4,7,12,9,2.039473684210526,1.75,152,155,235.23759005323618,2.9939724740229154,0.04511063499369822,-0.010546559415504586,-0.30615342893035447,-0.00016923526892520524,0.00013734595371617253,0.48623237071860304,1302.0966053009033,0.5210643015521065,4,7,-3,12,9,2.039473684210526,1.75,4,1,152,155,131,1.5176618713111996,2.9939724740229154,235.23759005323618,0.04511063499369822,45875,24.75715056664868,35.36751214247167,256x256,65536,sparse,Learned,272,4,21,1692,30.434551412215892,0.5560421836080927,28.005869527781805,0.9989185600324413,0.513767629281397,0.2154670188150385,15,3,0.0,28,1834,30.758555077310508,0.6040835988339543,0.9987992971166801,27.7125285404469,0.14671926151725967,0.46450723638869745,5001,31.650483890488275,0.7135177698722996,0.9995443877614181,31.349435163063003,0.08056874390487534,0.5038071065989848,0.661214234673686,0.42393804101188315,-0.20682555276037462,-0.03687271331461561,True,0.6753475326416503,0.16577322406995232,0.4879518072289157,27.987792975484133,0.9991219654787086,7779
7780.png,0.660280029476787,0.8362068965517241,0.9107981220657277,0.9051321928460342,0.9165354330708662,0.9991328605677208,26.669615921857712,0.9994100159397475,27.702745916848286,1.0,0.6849424630965867,0.4434354355012903,30.63096300783107,0.5581871478357414,2140,4,5,8,6,2.011627906976744,1.25,172,173,260.3208511739216,2.5068269233370937,0.029635591344180173,0.012861551215917477,-0.5647785624732435,-0.0002759903711013756,2.5970845069389625e-05,0.34956051386071674,934.5676898956299,0.6895011169024572,4,5,-1,8,6,2.011627906976744,1.25,4,1,172,173,158,1.504744804473533,2.5068269233370937,260.3208511739216,0.029635591344180173,45465,21.24532710280374,30.624299065420562,256x256,65536,sparse,Learned,292,4,25,2136,30.99340608515555,0.6047759828869885,27.2577486653274,0.9993840450946782,0.6504394861392833,0.29041637389505914,13,0,0.0,32,2138,31.371492939348222,0.649846867957857,0.9993422884476688,27.260732747646458,0.3400264731210242,0.623789764868603,4096,31.81761218496126,0.6965950845292374,0.9996907099454057,30.749399500582157,0.20148378124062305,0.661744966442953,0.4449972515208849,0.39452608920152754,-0.3624430773244782,-0.04658883505124711,True,0.6817760822095809,0.302323673928969,0.6474184782608695,27.234394484330956,0.9994088509388221,7780
7781.png,0.49722081859525014,0.8991811668372569,0.9469145782807868,0.9466594827586207,0.9471698113207547,0.9979906940367675,28.080032312667953,0.9981916120742379,28.62524395707055,1.0,0.7134952031398099,0.2797084404693285,30.839657195687327,0.5599154038701296,2220,4,9,17,9,2.0558659217877095,2.25,179,184,279.86500705120574,3.5261715364189787,0.03406261449667193,-0.003287311486050659,-0.2677969098882791,-0.00016355796132538902,7.454219102964732e-05,0.49822064056939497,1450.0648975372314,0.5076297049847406,4,9,-5,17,9,2.0558659217877095,2.25,4,1,179,184,153,1.5210054731043774,3.5261715364189787,279.86500705120574,0.03406261449667193,45362,20.433333333333334,29.52072072072072,256x256,65536,sparse,Learned,299,4,26,2117,31.131726160525982,0.6070871238402986,28.319684609766288,0.9981170698832083,0.501779359430605,0.21088412457500894,19,4,0.0,33,1980,31.363542462229038,0.642891764903233,0.9981291990711847,28.084764317507585,0.2948419615893155,0.4958974358974359,4088,31.842683009301847,0.6953397395731141,0.9989111347151548,31.192179623535505,0.169933947472925,0.5083544303797468,0.3055593473042606,0.5026110785648009,-0.29206896483865563,-0.047171719970169,True,0.7120590918692298,0.19916893810874858,0.5005081300813008,28.347829222556232,0.9981542519980929,7781
7782.png,0.7172568858909499,0.8995433789954338,0.9471153846153846,0.9580547112462006,0.936423054070113,0.9986987337119364,27.93355329451563,0.998940973444987,28.300443323786055,1.0,0.6429930394308526,0.7999990464802226,30.98307236739575,0.570821487163001,2089,4,4,9,9,2.0,1.0,154,154,230.30865786510154,3.47500424261217,0.022678493637766025,-0.013575987799066658,-0.07248722522236761,-7.082363612842535e-05,0.0001062713825210615,0.24858757062146897,1296.0667610168457,0.751015670342426,4,4,0,9,9,2.0,1.0,4,0,154,154,136,1.4955107653578013,3.47500424261217,230.30865786510154,0.022678493637766025,45293,21.681665868836763,31.371948300622307,256x256,65536,sparse,Learned,274,4,25,1939,31.25762256803228,0.6070275327763995,27.95879509830332,0.9988347020624659,0.751412429378531,0.4991399566067851,7,5,0.0,33,2018,31.484236401973572,0.6523267228452074,0.9986286802253609,27.584556658672188,0.47869947047387484,0.7476002258610954,4297,32.0510711969139,0.7074523154048654,0.9994677625842355,31.4758205866416,0.4154559146771535,0.7224099099099099,0.34164822548273577,0.1438530828240675,-0.27455020063652924,-0.036206045613398574,True,0.6957787359332959,0.5566223253078513,0.7308328736900166,28.006040519737997,0.9987695573480648,7782
7783.png,0.5833333333333334,0.8891834570519618,0.9413415660959866,0.9394957983193277,0.9431946006749157,0.9986801421945006,27.877791711991478,0.998774626471947,28.36723572540716,1.0,0.6062346084675301,0.4414368056017668,30.919683633076552,0.5745885068029091,2238,5,5,9,10,2.0,1.0,171,171,276.9777054234139,3.295120282479894,0.04238124173004877,-0.008452911100115368,-0.4683002085528045,-0.00025143454098497386,-7.558427589038352e-05,0.4126046282619399,1242.2521114349365,0.59536354056902,5,5,0,9,10,2.0,1.0,5,1,171,171,152,1.6197526632948163,3.295120282479894,276.9777054234139,0.04238124173004877,45221,20.20598748882931,29.283288650580875,256x256,65536,sparse,Learned,291,5,27,2222,31.310537290030997,0.6198577095284546,28.408853040797997,0.9988502107478374,0.5873953717380601,0.31185107244199317,16,8,0.0,35,2218,31.575208002009063,0.6648972784280301,0.9987842262503117,28.26551997009773,0.31025172819669167,0.5948489351163943,4241,32.06234940743034,0.7074750305496995,0.9992262724245332,30.92636139757532,0.18445806762723094,0.5788712011577424,-0.04161731539083746,0.2943835360255369,-0.3908536569544445,-0.045269202725545576,True,0.5711579744434807,0.2521301517323057,0.5917862444334487,28.346091920544282,0.9989315767354856,7783
7784.png,0.7601173020527859,0.9068776628119294,0.9511650175550591,0.963777490297542,0.9388783868935098,0.9992381983625896,26.155931224191367,0.9994731811869035,26.933056665461265,1.0,0.6201580371486213,0.64313758417887,29.755294947988876,0.524133038019975,2494,5,0,0,10,1.9514563106796117,0.0,206,201,275.9360748630714,2.824711380653011,0.02202256047433442,0.02802181133660553,-0.7728456206095764,-0.00022163626380866663,-1.412797489919182e-05,0.2666666666666667,796.5958118438721,0.7896009673518742,5,0,5,0,10,1.9514563106796117,0.0,5,0,206,201,196,1.3728162928510994,2.824711380653011,275.9360748630714,0.02202256047433442,46218,18.53167602245389,26.27746591820369,256x256,65536,sparse,Learned,326,5,25,2391,30.370436734000513,0.588640189375712,26.885744488601482,0.9994873091618027,0.7333333333333333,0.6093721646414789,6,4,0.0,29,2444,30.62724162081945,0.6391555942842283,0.9994073381089964,26.434872819185358,0.581048450752361,0.7262658227848101,3808,30.98780256460802,0.6547637319016998,0.9997379515359728,30.054105845488557,0.5964682064691842,0.7183324425440941,0.047312176859783506,0.010785872507142358,-0.6151417860116375,-0.06450715135573704,True,0.7163459735002295,0.4607090188331985,0.7320954907161804,26.928776844800943,0.9994598346263983,7784
7785.png,0.5499758570738773,0.9061740398638795,0.9507778627901046,0.9563878912262699,0.9452332657200812,0.9985221292205978,27.49422968491612,0.9987903829243266,27.940218740028886,1.0,0.6788991401294393,0.3994837925193928,30.422934908136238,0.5487278797773645,2526,5,6,16,13,2.0100502512562812,1.2,199,200,330.1198410471451,2.962639016721716,0.05675617519385485,-0.003587144341884896,-0.43791490415435774,-0.00021634886332821957,-2.5530237965920577e-05,0.44629277566539927,1205.1646709442139,0.569177744953225,5,6,-1,16,13,2.0100502512562812,1.2,5,0,199,200,170,1.6505992052357226,2.962639016721716,330.1198410471451,0.05675617519385485,45829,18.142913697545527,25.944576405384005,256x256,65536,sparse,Learned,319,5,27,2470,30.807472282968394,0.6078313775877353,27.942210932701137,0.9988159131622926,0.5537072243346007,0.306603883322179,13,0,0.19999999999999996,31,2268,30.987840946594677,0.647247467301868,0.998571636249787,27.227207704261854,0.42369088895439,0.5609871855719032,3540,31.23308468393892,0.6599686814380231,0.9990997836810968,29.47422554003218,0.22894841419643375,0.5648674242424242,-0.0019921926722510364,0.3722952568072603,-0.38453737483215633,-0.05910349781037083,True,0.7023985191318112,0.2805968242827812,0.5535630014157622,27.93214458907048,0.998738478083926,7785
7786.png,0.6128500823723229,0.9146537842190016,0.9554247266610597,0.9380677126341866,0.9734361610968295,0.9993923693620881,28.10392464670116,0.9994296817473736,28.381656223351733,1.0,0.5488701205969576,0.446895463363758,31.271843064704193,0.5887972807910653,2037,5,0,1,11,1.9328859060402686,0.0,149,144,230.03657992645947,2.5717643811398703,0.02434988521410144,0.017808760058273254,0.13862099989385612,-6.304804406742637e-05,3.7561731944801835e-06,0.4019174041297935,804.7010898590088,0.6236820762368208,5,0,5,1,11,1.9328859060402686,0.0,5,0,149,144,137,1.5974762494893007,2.5717643811398703,230.03657992645947,0.02434988521410144,44875,22.029945999018164,32.172803141875306,256x256,65536,sparse,Learned,269,5,25,1878,31.612547676284656,0.6211724238022833,28.005844859864336,0.9994259255741791,0.5980825958702065,0.2804224023717147,11,4,0.0,36,1984,31.859970795001136,0.6660073197914529,0.9992992459716431,27.696612907971776,0.3494909052766835,0.5850439882697948,4604,32.525177211732604,0.7323744916765487,0.9996831233688617,31.335159382468383,0.2340716616353513,0.596820809248555,0.3758113634873972,0.26844771822524294,-0.3407046115804633,-0.03237514301121802,True,0.5648219407336433,0.2524163629221786,0.5950413223140496,27.965303646807303,0.9994554174061555,7786
7787.png,0.6392924826279217,0.9013199245757385,0.948099173553719,0.955363091272485,0.9409448818897638,0.9991528231510232,27.346602844722515,0.999390980783753,27.92442401158773,1.0,0.6833632306209467,0.4937674153568835,30.654702130934727,0.5585250170599139,2325,4,2,4,9,1.9783783783783784,0.5,185,183,272.32085117392154,2.8204031261237894,0.020548320417997874,-0.01960835369226943,-0.37154351033901634,-0.0001703936277189788,3.578500414380681e-05,0.33595166163142,1034.9104404449463,0.6636481241914618,4,2,2,4,9,1.9783783783783784,0.5,4,0,185,183,172,1.4880920829176025,2.8204031261237894,272.32085117392154,0.020548320417997874,45566,19.598279569892473,28.18752688172043,256x256,65536,sparse,Learned,305,4,26,2202,31.03207701111878,0.6076796416594268,27.664014428772873,0.9993551957796092,0.66404833836858,0.3341338913173695,12,1,0.0,32,2300,31.264957183256467,0.6574616946739471,0.9992412402253165,27.14564607611821,0.430217175269077,0.6448019801980198,3983,31.66037431323734,0.6888158751024734,0.9996456869517155,30.626506028420195,0.3088050262782531,0.6626578472639808,0.26040958281485516,0.34922933930357725,-0.3773748801840533,-0.04915462459951292,True,0.7018027205701126,0.34652731542633364,0.6589008363201911,27.71814635506153,0.9993232167787421,7787
7788.png,0.6068796068796068,0.7996953541507997,0.8887008040626322,0.8495145631067961,0.9316770186335404,0.9992301449065247,28.99216581987048,0.9990863109161922,29.56194655372084,1.0,0.5682894765709203,0.5700068457793164,30.64932005509119,0.5393893950805385,1762,4,3,7,10,1.983739837398374,0.75,123,122,197.65180361560908,3.038328761976909,0.04173573189561756,0.02429032116532115,0.3895057339621104,-6.309983700758526e-05,0.00016469999453050388,0.3902087832973362,1141.8027877807617,0.61796875,4,3,1,7,10,1.983739837398374,0.75,4,0,123,122,106,1.6200967509476152,3.038328761976909,197.65180361560908,0.04173573189561756,45522,25.835414301929625,37.19409761634506,256x256,65536,sparse,Learned,243,4,22,1739,30.826434570128555,0.5743251315458934,28.59771940288774,0.9989216109216617,0.6097912167026638,0.5212930511800946,6,3,0.0,28,1644,31.055542357858318,0.6090080723463227,0.9987345766220297,28.08244411864379,0.08628133215259526,0.600275671950379,5335,32.145333281655596,0.7361138686984672,0.9994349099259385,31.72054118168144,0.03166876949183328,0.2940049274568848,0.9642271508331,0.04699642539082571,-0.17711451503736342,-0.03493573646535486,True,0.6074141344684816,0.3462302148701527,0.5825892857142857,28.60266008590837,0.9992932447435323,7788
7789.png,0.6171328671328671,0.8802395209580839,0.9363057324840764,0.9146666666666666,0.9589934762348555,0.9994846065624994,27.20221130527308,0.999512603739195,27.459610481988275,1.0,0.611320429098247,0.5367465172192982,30.36378025974728,0.5346665816140493,1952,4,7,14,10,2.0437956204379564,1.75,137,140,229.27922061357887,2.750852398628736,0.04592498792809649,0.00951697309313193,0.06176166363243851,-4.018138472627886e-05,5.4169438217455124e-05,0.39193548387096777,921.7846393585205,0.6270316509837468,4,7,-3,14,10,2.0437956204379564,1.75,4,1,137,140,113,1.6377087186684183,2.750852398628736,229.27922061357887,0.04592498792809649,45811,23.46875,33.57377049180328,256x256,65536,sparse,Learned,257,4,22,1811,30.639026362958653,0.5730203316687119,27.058854711513582,0.9994584343009776,0.6080645161290322,0.38532811057020366,6,0,0.25,28,1828,30.900462280463728,0.6172846086324579,0.9993379227883189,26.4431320482904,0.42650152412428466,0.5925626515763945,4863,31.764750649793694,0.7120546275685323,0.9997719966410265,31.274142448415137,0.40100378514889456,0.6150729335494327,0.40075577047469224,0.22599231852804336,-0.2752461032113729,-0.03835375005466257,True,0.6034685809250071,0.3239096590627698,0.6076158940397351,27.140449641640643,0.9995247879472257,7789
7790.png,0.6271439224459359,0.8878648233486943,0.9406021155410904,0.9270248596631917,0.9545829892650702,0.9993417678094472,26.722508242008875,0.9994445106172763,27.186584954892492,1.0,0.64654531804122,0.4816875858610036,30.832276577998243,0.5657800291295627,2049,4,1,4,10,1.9634146341463414,0.25,164,161,235.65180361560928,2.718556251467728,0.027094271160147284,0.009433339292588161,-0.32835783226012794,-8.503478342070103e-05,2.9250529976487805e-05,0.3716119828815977,798.4659671783447,0.6527570789865872,4,1,3,4,10,1.9634146341463414,0.25,4,0,164,161,150,1.4636757988547144,2.718556251467728,235.65180361560928,0.027094271160147284,45369,22.142020497803806,31.98438262567106,256x256,65536,sparse,Learned,284,4,24,1927,31.09501566270776,0.6005610429113,27.015278975296408,0.9994152600872999,0.6283880171184023,0.35757165903188115,8,1,0.0,32,1900,31.395561362465717,0.6412520368568181,0.9994254395698416,27.15777675252308,0.4384996363383531,0.6337332392378264,4402,31.983052754171233,0.7048686975120935,0.9997402011039924,31.03479939871462,0.3319106342518894,0.638148667601683,0.1713059795960845,0.2889736590093388,-0.2627390847095157,-0.03478101378173726,True,0.670441038924811,0.32294312550183535,0.6177105831533477,27.050866074269003,0.9994268025928679,7790
7791.png,0.5865257595772787,0.8973333333333333,0.9458889669711875,0.9496707431796801,0.9421371908539431,0.9982790452252314,28.679138282025516,0.9983956094218444,28.903444469866194,1.0,0.7219626995468058,0.31519954927134386,30.251082329758503,0.5263615523182122,2248,4,7,13,8,2.0331491712707184,1.75,181,184,293.4213562373098,3.624446027186694,0.042033105686953495,-0.011134006399318941,0.2677826238001835,1.9737935842423227e-05,0.00014772928201278734,0.40135746606334843,1246.0246086120605,0.5959056519804183,4,7,-3,13,8,2.0331491712707184,1.75,4,1,181,184,160,1.5946812838984212,3.624446027186694,293.4213562373098,0.042033105686953495,45899,20.41770462633452,29.153024911032027,256x256,65536,sparse,Learned,301,4,24,2068,30.551023509022986,0.5768590851215104,28.364159899340116,0.9982478801398316,0.5986425339366516,0.2310484172155809,22,7,0.0,30,2168,30.813453633333676,0.6256585272086932,0.9980037335412719,27.76417295389322,0.114376546385765,0.5581499775482712,4226,31.307602948726352,0.6826600492415086,0.9989256828643471,30.358561583240167,0.04676395553699342,0.5837031060911658,0.5392845705260783,0.4909142823312249,-0.2999411792644828,-0.05049753280329816,True,0.7594915367916579,0.23939139007213084,0.5976597659765976,28.411355658225332,0.9982593072893889,7791
7792.png,0.7197924388435878,0.8948884089272858,0.9445288753799392,0.9207407407407407,0.9695787831513261,0.9992912423484362,27.64277011322804,0.9993222974528164,28.10492261315982,1.0,0.6394050598269216,0.49916642486586266,30.562634881538337,0.5449176597234294,2084,4,1,2,8,1.9625,0.25,160,157,229.89444430272854,2.798529288172722,0.03042513362383563,0.03733746886360112,-0.11227697075095477,-8.113990751723588e-05,3.680017295126792e-05,0.29940906106369014,952.3594379425049,0.7354651162790697,4,1,3,2,8,1.9625,0.25,4,0,160,157,150,1.464295823584257,2.798529288172722,229.89444430272854,0.03042513362383563,45662,21.910748560460654,31.44721689059501,256x256,65536,sparse,Learned,280,4,24,2002,30.8394840973334,0.589182875156376,27.74327771875894,0.9992854972798652,0.7005909389363099,0.42497015393584336,9,4,0.0,31,1956,31.09831238906707,0.6310813117530298,0.9992284408718365,27.44817518002474,0.44010163343459796,0.6842783505154639,4269,31.675593303274376,0.6953672277605416,0.9996232039057666,30.888955478733685,0.22399785916908632,0.7115761935905821,0.3616448944008823,0.21443490589107828,-0.27684921579506394,-0.04426521543294659,True,0.6817760822095809,0.34031972951561096,0.6824549699799867,27.755047083978994,0.9993723822559535,7792
7793.png,0.6880466472303207,0.9151572926596759,0.9556993529118966,0.9495548961424333,0.9619238476953907,0.999459062329481,26.73825369319512,0.9995803853920806,27.257122137392386,1.0,0.46634194949700947,0.5620142008962684,30.836862616755944,0.5618245169379591,1835,5,0,0,10,1.9180327868852458,0.0,122,117,181.4091629284898,2.7486092848855943,0.032386481058760706,0.030357681113900248,-0.2872938002118559,-9.734753370471694e-05,2.0835461017387757e-05,0.3382352941176471,804.5570850372314,0.7123287671232876,5,0,5,0,10,1.9180327868852458,0.0,5,0,122,117,112,1.5505056660554684,2.7486092848855943,181.4091629284898,0.032386481058760706,45314,24.694277929155312,35.714441416893735,256x256,65536,sparse,Learned,242,5,23,1806,31.138628495303617,0.595286549007087,27.05102544226176,0.9995595499310632,0.6617647058823529,0.31808969191364855,7,0,0.8,30,1618,31.343243708878347,0.6271804959751075,0.9995014031622569,26.92184372189457,0.3934693402873666,0.6503496503496503,5071,32.249815840056996,0.7311179484744167,0.9998090396615631,31.30106409019312,0.2455891623289067,0.6652059596844873,0.20609669513062556,0.1482522575833609,-0.30176587854767334,-0.0334620320691279,True,0.4872669809581094,0.27385096292630906,0.6576889661164205,27.025547493406975,0.9995564098631857,7793
7794.png,0.5355612682090831,0.9278008298755187,0.9625484287559191,0.9434599156118143,0.9824253075571178,0.9993391331318006,27.753685352346675,0.9993426586767094,27.863026923728746,1.0,0.5768379176822511,0.3726442365193989,31.530867634915563,0.5993183680326958,1841,4,2,4,8,1.9701492537313432,0.5,134,132,193.5096679918782,2.9969008751769564,0.025786431431789377,-0.027956647100363163,0.16287630648191964,-4.397252681398456e-05,6.59593562246652e-06,0.42765787370103914,1032.9163074493408,0.5363408521303258,4,2,2,4,8,1.9701492537313432,0.5,4,0,134,132,122,1.4659823332718036,2.9969008751769564,193.5096679918782,0.025786431431789377,44745,24.304725692558392,35.59804454101032,256x256,65536,sparse,Learned,254,4,24,1729,31.715929061748493,0.6235779109201264,27.60563371561854,0.9993360627410869,0.5723421262989609,0.2562125719798204,10,1,0.0,35,1672,32.01046303582117,0.6578193408287829,0.9992960966608804,27.878436507755637,0.24118706923875854,0.5547504025764896,5104,32.927516611548604,0.749095696865842,0.9996824918547641,32.267304871706685,0.27987706128554557,0.5765838011226945,0.25739320811020505,0.32062534570243073,-0.18506142683293092,-0.024259542887430596,True,0.5852170883184187,0.21807777507452275,0.5635179153094463,27.590809045864756,0.9993831056586145,7794
7795.png,0.473551637279597,0.8440797186400938,0.9154481881754609,0.8856088560885609,0.9473684210526315,0.9995806770387352,27.674378117311132,0.9996377277960619,28.14669575064194,1.0,0.48055793741295183,0.6654615913998491,30.323206942127413,0.5178836381294563,1506,4,2,4,9,1.9591836734693877,0.5,98,96,147.63961030678922,2.8247104980507673,0.03795995837440464,-0.018492426367893833,0.46431397694749776,-2.7261095893349463e-05,7.649663626030367e-05,0.4964539007092199,919.2492961883545,0.4842233009708738,4,2,2,4,9,1.9591836734693877,0.5,4,0,98,96,85,1.5379126073623883,2.8247104980507673,147.63961030678922,0.03795995837440464,45867,30.45617529880478,43.51660026560425,256x256,65536,sparse,Learned,218,4,18,1475,30.39648092458038,0.5406218312630021,27.204434337721487,0.9995612311598016,0.5035460992907801,0.2542264919086078,6,1,0.25,24,1414,30.66493050908669,0.5821547318373606,0.9994986562227431,26.579535661303225,0.2591817793182821,0.48520710059171596,,,,,,,,0.9422614129204518,0.22633144550434403,-0.07327398245296735,-0.02273819313354586,True,0.46473857148100983,0.3092656693626453,0.4920440636474908,27.210064140363635,0.9996079381346286,7795
7796.png,0.7886843899113838,0.9191780821917809,0.9578872234118487,0.9599427753934192,0.9558404558404558,0.999220039997901,27.469290146049055,0.9993270830707576,27.86181094701807,1.0,0.6046563925739001,0.8093586383287167,31.244030269433637,0.5876808496341591,2283,5,1,3,11,1.9540229885057472,0.2,174,170,269.8355697996829,2.63199477086122,0.04119730840584901,0.01736656045401941,-0.09110846571813624,-8.131440970537973e-05,3.17115906922627e-05,0.210595160235448,1028.6550521850586,0.8256624825662483,5,1,4,3,11,1.9540229885057472,0.2,5,0,174,170,160,1.5872680576451919,2.63199477086122,269.8355697996829,0.04119730840584901,45180,19.78975032851511,28.706088480070083,256x256,65536,sparse,Learned,294,5,27,2111,31.47680292191024,0.6258877046604336,27.543128597649652,0.9992953714800653,0.789404839764552,0.543119464859708,6,0,0.9,35,2050,31.708112773071264,0.6643273065485675,0.9992210599228766,27.378415523710856,0.6046563925739001,0.78275181040158,4084,32.195877961651725,0.7070531124014537,0.999667795000666,31.286472608580404,0.4339602135062529,0.779305828421742,0.31868234936841944,0.06153692771419217,-0.23277265247660495,-0.03820685502627452,True,0.6078065241064949,0.49193346071814303,0.7713178294573644,27.56039861176719,0.9993013544076064,7796
7797.png,0.6811862835959221,0.8164165931156222,0.8989310009718173,0.8954501452081317,0.9024390243902439,0.9993069598220391,27.462450170320878,0.999440717963352,27.90726072170108,1.0,0.5209738068112488,0.7392284034033654,31.15076017634781,0.5789943822540667,1936,5,0,0,10,1.9333333333333333,0.0,150,145,212.55129855222077,2.3790884256362914,0.022767133980426124,0.02460410861636364,-0.567713009690646,-0.00019132512583031058,-2.4952019054946817e-05,0.27040816326530615,857.6915264129639,0.7468839884947267,5,0,5,0,10,1.9333333333333333,0.0,5,0,150,145,140,1.465871024498074,2.3790884256362914,212.55129855222077,0.022767133980426124,45007,23.2474173553719,33.85123966942149,256x256,65536,sparse,Learned,270,5,24,1809,31.486165998108632,0.6136311747047267,27.933710588326353,0.9994656699824069,0.7295918367346939,0.4157930543882642,8,2,0.0,34,1932,31.69356672272523,0.6563297227546568,0.9993888958420111,27.62924911801559,0.27263970543032323,0.719207579672696,4694,32.427339895090554,0.7295191568530648,0.9997635131821488,31.757863550872848,0.1993310332527941,0.7014802631578947,-0.026449866625274154,0.10518075242298464,-0.3354058217608227,-0.03463679245065998,True,0.5415939886947765,0.4003616595556999,0.6565821749795585,28.030163180011524,0.9994982849478694,7797
7798.png,0.723336006415397,0.8504306969459671,0.9191705459162081,0.9362068965517242,0.9027431421446384,0.9990871981765596,26.941036777126254,0.9994652148531923,28.071494397201405,1.0,0.5934303402594009,0.5091513343787173,30.802475463022088,0.5575769090555031,1932,4,1,2,8,1.9589041095890412,0.25,146,143,206.23759005323606,2.750156866361017,0.024142207909734956,-0.00047351739412682115,-0.9873391599316754,-0.00030481624347400427,2.067419263784842e-06,0.273542600896861,1010.8635425567627,0.7667785234899329,4,1,3,2,8,1.9589041095890412,0.25,4,0,146,143,136,1.4422209094631881,2.750156866361017,206.23759005323606,0.024142207909734956,45324,23.459627329192546,33.92132505175984,256x256,65536,sparse,Learned,266,4,24,1873,31.122074686623765,0.596161450973201,27.893632652732535,0.9994631474339285,0.726457399103139,0.47795422323898396,6,5,0.0,32,1890,31.357738902391176,0.6396456974607577,0.9993847996185119,27.45820264859632,0.36871635449307405,0.7247706422018348,4776,32.10394090966405,0.7212628246729086,0.9997555031922165,31.49631268688132,0.2910710719504892,0.6941087613293051,0.1778617444688706,0.11547611702041694,-0.3195992236016778,-0.03858454191769789,True,0.6375975701675096,0.32463365364741537,0.7238095238095238,27.92837593705793,0.9993920144200336,7798
7799.png,0.7587223587223587,0.8733982573039467,0.9324213406292751,0.9414364640883978,0.9235772357723577,0.9985674464336256,27.207356896602242,0.99893475421961,27.93069997945862,1.0,0.7219626995468058,0.8668960286208451,30.8497460354235,0.5709352521321227,2347,4,7,16,9,2.0338983050847457,1.75,177,180,288.9066376115485,3.210497084310499,0.04005903465838953,0.015108356830211167,-0.7248230643928153,-0.0003342486241743048,-4.303400014227243e-06,0.23623188405797102,1154.4084548950195,0.7926150733434497,4,7,-3,16,9,2.0338983050847457,1.75,4,1,177,180,152,1.6050368756197115,3.210497084310499,288.9066376115485,0.04005903465838953,45293,19.29825308904985,27.923306348530037,256x256,65536,sparse,Learned,297,4,27,2311,31.20774649860013,0.6193151068083157,27.898938617821152,0.9989390576196242,0.763768115942029,0.6284233089779543,6,6,0.0,34,2206,31.478318107170157,0.6625443095866446,0.9987685968487384,27.382154498564017,0.57562715432305,0.7434179033030158,3862,31.828918928748063,0.6912355472817281,0.9994174851929153,30.618948612524115,0.37141606660137483,0.7608589555880918,0.0317613616374679,0.09353939056885152,-0.35800046317663003,-0.04837985467619299,True,0.7570743865512575,0.6563047790718477,0.7436140018921475,27.932179960995057,0.9989016950577999,7799
7800.png,0.6952034001214329,0.8946078431372549,0.944372574385511,0.944372574385511,0.944372574385511,0.9989786736256842,27.927567770584467,0.9991062851461279,28.36706622569176,1.0,0.6620982141052869,0.6802142480184205,30.49142139628355,0.5405271802305806,2095,4,1,5,11,1.963855421686747,0.25,166,163,247.13708498984798,3.068244083818183,0.027721429509222194,0.003991998696254773,-0.006995240782821099,-6.449351680271054e-05,7.183646930075671e-05,0.3177790903721205,1143.3422565460205,0.7034777303233679,4,1,3,5,11,1.963855421686747,0.25,4,0,166,163,150,1.5161784355205374,3.068244083818183,247.13708498984798,0.027721429509222194,45644,21.78711217183771,31.282100238663485,256x256,65536,sparse,Learned,286,4,24,1968,30.812909198521098,0.5859553260685305,27.987619975059165,0.9990344486768271,0.6822209096278795,0.40942974009204713,9,4,0.0,31,2006,31.03394766647353,0.631143745503568,0.9989138979336575,27.39117908352302,0.30132628120940674,0.6831683168316832,4336,31.640088118457676,0.6968887146477573,0.9994998941679293,30.92167254785516,0.18670929828965577,0.6792782305005821,0.37944625063259707,0.2526684740132398,-0.3214878022375487,-0.04542814583794996,True,0.6927212613988687,0.47119887190880316,0.6912114014251781,27.93456301136729,0.9990431671424869,7800
7801.png,0.6744593804792519,0.873476494486361,0.9324659231722429,0.9188034188034188,0.9465408805031447,0.9992348220715855,27.42288269075365,0.9993742651734293,28.01436279019841,1.0,0.597475775966364,0.6187060721308256,29.979513151059468,0.5313267997109644,2520,6,0,0,12,1.943661971830986,0.0,213,207,315.8772003600257,2.616308349958608,0.027056958100707164,0.04787389088006366,-0.4514364679871221,-0.00015874571631224743,-1.2907146209495401e-05,0.3721860930465233,955.8873176574707,0.6945898778359512,6,0,6,0,12,1.943661971830986,0.0,6,0,213,207,201,1.5259768133334553,2.616308349958608,315.8772003600257,0.027056958100707164,46045,18.271825396825395,26.006349206349206,256x256,65536,sparse,Learned,333,6,27,2510,30.642541443861568,0.6010877637404004,27.995075536786366,0.9993871723196388,0.6278139069534767,0.4715345120930827,9,3,0.0,30,2470,30.852009952693255,0.6478659414840487,0.9992422259406651,27.1265931639193,0.533667855755636,0.6256133464180569,3685,31.08623573501591,0.659004419121837,0.999590268867627,29.66303842153893,0.3462302148701527,0.6354009077155824,0.01928725341204185,0.1259412638732813,-0.6630282928020996,-0.06976096402943599,True,0.6827293233862564,0.42240877800084686,0.6265854895991883,27.87431915874077,0.9993935677878978,7801
7802.png,0.7016373559733171,0.8978851963746224,0.9461954791467685,0.9369482976040353,0.9556270096463022,0.999105760074016,28.238116597347158,0.999211818461046,28.572483640757817,1.0,0.6124847205006303,0.5307730729799771,30.641174001014665,0.5468281963479916,2127,5,9,16,10,2.046511627906977,1.8,172,176,266.5512985522209,3.0897387002789696,0.043569087803625735,0.007485309189691369,0.21464700853340446,-0.00010760634660622603,4.4030986751542045e-05,0.2956926658905704,1037.963628768921,0.7193939393939394,5,9,-4,16,10,2.046511627906977,1.8,5,1,172,176,146,1.514496014501254,3.0897387002789696,266.5512985522209,0.043569087803625735,45620,21.4480488951575,30.811471556182415,256x256,65536,sparse,Learned,292,5,25,2119,30.866619490015577,0.5949174525843253,28.037237886016744,0.9991677874742945,0.7043073341094296,0.5754250238931116,6,8,0.0,31,1942,31.064675786078784,0.6309453467827797,0.9990133837798026,27.445178536016282,0.36997766005808774,0.6825958702064897,4294,31.677810796971542,0.6966062370895219,0.9995025331403842,30.850235428528578,0.16377464837095146,0.6930579460699943,0.5352457547410729,0.03705969660751873,-0.22544548900091144,-0.048089256236333644,True,0.6535441896699425,0.3468836578793244,0.6941520467836257,28.023469588813754,0.9992133664206222,7802
7803.png,0.7028824833702882,0.8768882175226587,0.9344064386317906,0.9485294117647058,0.9206978588421887,0.9990629305057502,26.172382417893964,0.9993839794600833,27.19615488426992,1.0,0.6151878554470214,0.6647074770158087,30.781644034961914,0.5622314738438791,2059,4,4,8,10,2.0,1.0,150,150,228.27922061357887,2.761593755086263,0.03244513479744327,0.008632834001424339,-1.2352252955266678,-0.0003570084153755593,-4.858590523404427e-05,0.28725701943844495,1018.7628269195557,0.7478797224363917,4,4,0,8,10,2.0,1.0,4,0,150,150,132,1.5218614707571905,2.761593755086263,228.27922061357887,0.03244513479744327,45412,22.055366682855755,31.82904322486644,256x256,65536,sparse,Learned,270,4,25,2051,31.100361477077282,0.6056792711191875,27.337128764878255,0.9994325653653173,0.712742980561555,0.41055356517582076,7,1,0.125,32,1946,31.337519886858765,0.6424899737501211,0.9993410166977983,26.751184194722715,0.6171071140248879,0.7026049204052098,4412,31.974969119342372,0.7079274745479032,0.999715704070479,30.752669095956616,0.366186162901451,0.6977745872218234,-0.14097388060833538,0.20463429027120061,-0.3187174421153678,-0.04344779727530845,True,0.6620982141052869,0.44010163343459796,0.6942496493688639,27.40760771342063,0.9994199389211258,7803
7804.png,0.7317763623496107,0.9019054340155258,0.9484230055658627,0.9445676274944568,0.9523099850968704,0.9991382100351847,27.72018672070512,0.9992752309063042,28.2261807016334,1.0,0.6620982141052869,0.7189210127699857,30.628689173068338,0.5503637329204959,2158,4,5,7,7,2.0120481927710845,1.25,166,167,252.27922061357881,2.7825145304921164,0.031491609685922094,0.029500761843921697,-0.1839243855516095,-0.00011982469990845512,2.6445172200406653e-05,0.28969006957621757,1069.2737102508545,0.7620071684587814,4,5,-1,7,7,2.0120481927710845,1.25,4,0,166,167,152,1.510654015650171,2.7825145304921164,252.27922061357881,0.031491609685922094,45559,21.11167747914736,30.368860055607044,256x256,65536,sparse,Learned,286,4,25,2038,30.988496051468175,0.5966570577674247,27.938826796049238,0.9992487857341038,0.7103099304237824,0.5468030915387048,7,7,0.0,31,2044,31.205364986157136,0.6382656382570184,0.9991313842726312,27.563613834833028,0.31508568659330294,0.7075226977950714,4237,31.736182820410015,0.6969572167014969,0.9995944867715844,31.177851035314852,0.1998555162733563,0.7012313674659754,0.28735390558416185,0.11529512256658214,-0.35980687839983716,-0.04629332484692883,True,0.6637835062932667,0.4772079106043674,0.702275600505689,27.904111106256728,0.9992580347350931,7804
7805.png,0.6063508064516129,0.8874269005847953,0.9403563129357088,0.9229599594526102,0.958421052631579,0.9982957791670114,28.56580354622428,0.9982305359788812,28.7842142448967,1.0,0.7059483950483216,0.6572108128100325,31.192339412970362,0.5820290380718134,2366,5,9,20,15,2.040201005025126,1.8,199,203,361.26197667087604,2.9699567718122473,0.05413464071080405,-0.0014439641453284358,-0.1470621447399445,-8.058681956646385e-05,2.2030409948414764e-05,0.40726577437858513,1450.6447315216064,0.5941320293398533,5,9,-4,20,15,2.040201005025126,1.8,5,0,199,203,164,1.7796156486250023,2.9699567718122473,361.26197667087604,0.05413464071080405,45099,19.061284868977175,27.69907016060862,256x256,65536,sparse,Learned,319,5,29,2346,31.44233031241157,0.6278237935955956,28.656362045785514,0.9982085055689328,0.5927342256214149,0.5887571769361992,7,5,0.0,37,2316,31.722925913788508,0.6742363956323574,0.9980897748125106,28.334678472534733,0.31185107244199317,0.5407228915662651,3744,31.992209001095805,0.6926658286145553,0.9988653392176983,31.057044507230408,0.20315633534432986,0.5997137404580153,0.12785219911118517,0.11719121811212241,-0.24999089944120811,-0.045794755523782205,True,0.7174783233966364,0.4715345120930827,0.6077947705969413,28.712865690964225,0.9983763659865779,7805
7806.png,0.46551724137931033,0.8577810871183916,0.923446893787575,0.8978955572876072,0.9504950495049505,0.9993273301167908,27.891865763780316,0.9993538900235672,28.1675417946288,1.0,0.5578030907201013,0.3663451102595685,30.413319453442366,0.5341516301014725,1939,5,0,0,10,1.937888198757764,0.0,161,156,215.95331880577422,2.848906582186681,0.02494673107698988,0.012020485791711222,-0.024690760347354512,-8.06772074326556e-05,2.9016928274727682e-05,0.5323488045007032,953.9613723754883,0.4794207317073171,5,0,5,0,10,1.937888198757764,0.0,5,0,161,156,151,1.384316146190859,2.848906582186681,215.95331880577422,0.02494673107698988,45696,23.56678700361011,33.798865394533266,256x256,65536,sparse,Learned,281,5,23,1921,30.6878534791693,0.5787706057178303,27.913401412423045,0.9993248730952925,0.4676511954992968,0.29707143018928184,8,0,0.7,30,1898,30.978164079272553,0.6205389106658609,0.9992429701575546,27.6085949604024,0.36364583027491293,0.45050215208034433,4803,31.758081795010096,0.7117766076251141,0.9996449272155163,31.13542049863061,0.19345855982267313,0.4717514124293785,0.25414038220575463,0.2607316605308194,-0.27453402572693264,-0.04461897561635786,True,0.5785271852240825,0.21194060545907434,0.4534967555875991,27.91655652412767,0.9994080073242234,7806
7807.png,0.534963534963535,0.8975234842015372,0.9459945994599459,0.9342222222222222,0.9580674567000912,0.9979715416096839,28.68828712567599,0.9981087200169869,28.967544924815655,1.0,0.6697812614451066,0.5052833440684918,31.296579402148026,0.5928208051427265,2372,5,12,21,12,2.0765027322404372,2.4,183,190,324.5634918610409,3.5737080912772425,0.055743185072426205,-0.02845957537530075,-0.010936363984011876,-6.495127151118218e-05,0.00010173150453030022,0.44666383340416493,1257.1732997894287,0.532686630113876,5,12,-7,21,12,2.0765027322404372,2.4,5,1,183,190,150,1.7082289045317922,3.5737080912772425,324.5634918610409,0.055743185072426205,44988,18.966273187183813,27.62900505902192,256x256,65536,sparse,Learned,303,5,30,2362,31.69971209345388,0.6395919369757679,28.742316482806306,0.9980069885124566,0.5533361665958351,0.3559635789168587,14,4,0.0,40,2310,31.962797342632566,0.6782844191126431,0.9978825619616478,28.80696801712299,0.29882655679142767,0.5004258943781942,3934,32.228469387298816,0.7056680702215673,0.9988116276555651,31.12072993689321,0.21337213893344664,0.5234241908006815,0.22522844200934955,0.31381768252824793,-0.40313269130585283,-0.04677113183304138,True,0.6827293233862564,0.34497175561422644,0.5634231103388357,28.699223489660003,0.9980364928811951,7807
7808.png,0.8301008533747091,0.9047619047619048,0.95,0.9425196850393701,0.9576,0.9993013586787785,26.593664261980912,0.999443438417479,27.136249333993675,1.0,0.55603076078622,1.0128579849582438,30.346585405319722,0.535712768254718,2145,5,4,8,12,1.9865771812080537,0.8,149,148,241.7645019878174,2.761525794163646,0.04205258504370353,0.04824340197082133,-0.15403656156918544,-0.0001248817122906365,2.6391518031854133e-05,0.23049645390070927,957.3147296905518,0.8384853168469861,5,4,1,8,12,1.9865771812080537,0.8,5,0,149,148,129,1.6335439323501157,2.761525794163646,241.7645019878174,0.04205258504370353,45863,21.38135198135198,30.552913752913753,256x256,65536,sparse,Learned,269,5,23,2067,30.524552778437926,0.5807358215588653,26.75918210575622,0.9994170468994471,0.7695035460992907,0.55603076078622,5,3,0.0,29,1952,30.843129410282298,0.6240940417027059,0.9993179877017946,26.287153714458398,0.5342005023501717,0.776183644189383,4394,31.46228083719993,0.6904373052618762,0.9997101466363071,30.104305142758733,0.42592773880356405,0.7644128113879004,0.3770672282374541,0.0,-0.17796737311820365,-0.04502305330414724,True,0.5524647618955876,0.5595683454940007,0.7818574514038877,26.747700823550097,0.9994262403910691,7808
7809.png,0.6801801801801802,0.8769799366420274,0.9344585091420534,0.9320987654320988,0.9368302312464749,0.9989285111752881,27.747706487006777,0.9988451736273138,28.07842267376859,1.0,0.6951696845568032,0.8658037725194725,31.500900065427917,0.6130608074729981,2471,5,9,17,10,2.0377358490566038,1.8,212,216,340.56349186104103,2.7784346246494436,0.04193357256738281,-0.001990362455478678,-0.6228343469020743,-0.00020240720058473105,-1.6550513571522707e-05,0.29696673189823874,1152.616262435913,0.7199795605518651,5,9,-4,17,10,2.0377358490566038,1.8,5,2,212,216,185,1.5766828326900022,2.7784346246494436,340.56349186104103,0.04193357256738281,44752,18.11088628085795,26.522055847834885,256x256,65536,sparse,Learned,332,5,31,2420,32.035319021124806,0.6597988971710416,28.279750902023665,0.9988617241408854,0.7030332681017613,0.6455340034742109,7,12,0.0,43,2420,32.32471639053325,0.7017782522901848,0.9988339463206539,28.62156858768996,0.4600958398416116,0.6882295719844358,3671,32.47892627048994,0.7082455619441116,0.9993273488977228,31.111714100342468,0.6237494495763043,0.6916666666666667,-0.20132822825507546,0.04963568108259231,-0.5344189556968892,-0.046738089698043495,True,0.7412777017403599,0.641801030651368,0.6821705426356589,28.37054083390885,0.9991309183758729,7809
7810.png,0.5631013016411998,0.8883953359244864,0.9408997353719494,0.943952802359882,0.9378663540445487,0.9986746066932434,28.441375170302535,0.9988767289349925,28.771926222851473,1.0,0.6849424630965867,0.4202653071439765,31.046871203236734,0.5692690045063885,2151,4,2,6,10,1.9767441860465116,0.5,172,170,261.45079348883263,3.0594009063964664,0.04399342092890984,-0.011566839951720587,0.08104958509905913,-6.27888273717625e-05,6.827402645492864e-05,0.42356864924958315,1232.7654361724854,0.5693097547062179,4,2,2,6,10,1.9767441860465116,0.5,4,0,172,170,156,1.5379458440519553,3.0594009063964664,261.45079348883263,0.04399342092890984,45204,21.01534170153417,30.467689446768944,256x256,65536,sparse,Learned,292,4,26,2103,31.248637089063784,0.611375699874777,28.38252243254029,0.9988084549085375,0.5764313507504168,0.36063048900856354,11,3,0.0,33,2136,31.577824721106186,0.656133667471535,0.9986441367047248,27.978195437288562,0.19602074966867378,0.5500550055005501,4124,32.02641440077626,0.7011710173836242,0.9992815625522307,31.01768442962984,0.16972640501806735,0.5554317548746518,0.38940379031118155,0.32431197408802315,-0.2017658858270508,-0.042106695368388514,True,0.6988057880877979,0.2936838291647069,0.5746681415929203,28.360325585203476,0.9987373955206151,7810
7811.png,0.6597402597402597,0.8640406607369758,0.9270620313565098,0.9078771695594126,0.947075208913649,0.9989695130951668,28.672241064817587,0.999008915628005,28.8257299040611,1.0,0.6109315551227636,0.8899115909380603,31.786887662585848,0.6111823007969558,2106,5,6,12,12,2.011764705882353,1.2,170,171,274.07821048680216,2.6740819699624003,0.050334510515164785,0.003451343177370614,-0.217498218516873,-0.00012899981910496905,-5.0227423030846374e-05,0.32492307692307687,1191.0548210144043,0.6857694784288474,5,6,-1,12,12,2.011764705882353,1.2,5,0,170,171,146,1.6027965525543972,2.6740819699624003,274.07821048680216,0.050334510515164785,44528,21.143399810066477,31.118708452041787,256x256,65536,sparse,Learned,290,5,29,2081,32.05177236717783,0.6454504197097217,28.874399136431364,0.9990591430510358,0.6750769230769231,0.38009052407886856,11,4,0.0,40,1980,32.30277611039155,0.6796947691241367,0.9989645461656491,28.58731561826183,0.5349983317255772,0.6670776818742293,4524,32.89950267244292,0.740476182902344,0.9995154167555417,32.03490225612756,0.2751700343835558,0.6594071385359952,-0.04866923237026555,0.23084103104389508,-0.2648847045919851,-0.03426811891276593,True,0.6171071140248879,0.549170773621083,0.6562889165628891,28.88973928333446,0.9990985129142718,7811
7812.png,0.5523156089193825,0.8659881255301103,0.9281818181818183,0.9462465245597775,0.9107939339875112,0.9991116584230121,27.014710695164467,0.9995081943144217,27.858251777779117,1.0,0.5014243770087834,0.368841439910063,30.937819925971887,0.5631279569273079,1841,5,1,3,11,1.9398496240601504,0.2,133,129,195.16652224137067,2.62314892711496,0.028287676603014622,-0.0011226677997558943,-0.5289347813449012,-0.0002643065170078174,1.3980967629168006e-06,0.4060869565217391,839.2581939697266,0.6087352138307552,5,1,4,3,11,1.9398496240601504,0.2,5,0,133,129,119,1.5129187770648873,2.62314892711496,195.16652224137067,0.028287676603014622,45260,24.5844649646931,35.59804454101032,256x256,65536,sparse,Learned,253,5,23,1743,31.17365419265625,0.5938174483977319,27.489312939953745,0.9995067962176588,0.5939130434782609,0.24421625854427453,9,0,0.6,31,1808,31.411838917816247,0.6374779783830952,0.9994296477382226,27.152536224479622,0.3516556589984903,0.5729537366548043,5004,32.301243724023195,0.7312847182074429,0.999771158770381,31.575129263920168,0.19244975264932318,0.6265060240963856,0.36893883782537173,0.25720811846450886,-0.23583426668436402,-0.03068949147042399,True,0.5397566925069074,0.19908463566534085,0.5534382767191384,27.54364547650937,0.9993759649400199,7812
7813.png,0.5689760882893931,0.8894289185905225,0.9414790996784566,0.9378603459320948,0.9451258876694641,0.99880646481714,28.213832478340088,0.9989348601323054,28.621636474578565,1.0,0.6637835062932667,0.5131657016573156,30.430608703080804,0.5324860723820245,2049,4,4,9,9,2.0,1.0,160,160,239.9949493661169,3.276757998764515,0.03125983822142777,0.0070888333874322695,-0.012900342926876363,-6.02494561332545e-05,0.00010993538762005262,0.4259373079287031,1282.0699214935303,0.5909653465346535,4,4,0,9,9,2.0,1.0,4,0,160,160,142,1.499968433538229,3.276757998764515,239.9949493661169,0.03125983822142777,45839,22.371400683260127,31.98438262567106,256x256,65536,sparse,Learned,280,4,23,2006,30.5862257994918,0.5769129775959219,28.19134602909235,0.9988249247446853,0.5740626920712969,0.32601367294588246,11,3,0.0,29,1930,30.90024535751229,0.6180536139486703,0.9985976975888251,27.49755899133959,0.21686050509344446,0.5803897685749086,4498,31.569163053732353,0.6975566116011422,0.9993105934310521,30.949900725784616,0.1365586183460693,0.6027561414020371,0.4302904454862144,0.3377698333473842,-0.15561709641099597,-0.04442690521389736,True,0.670441038924811,0.3440473461597102,0.5618872549019608,28.226732821266964,0.9988667142732732,7813
7814.png,0.5682773109243697,0.8882175226586103,0.9408000000000001,0.9158878504672897,0.9671052631578947,0.9995341720682428,27.32403154424487,0.9995623725755804,27.51856860131587,1.0,0.49842393093394444,0.5439868263457264,31.12214103625465,0.5702240197427243,1725,4,0,0,8,1.9285714285714286,0.0,112,108,161.75230867899742,2.8687978897775923,0.020138581630174787,-0.0008283801325408291,0.54981911151771,3.6787687101025313e-06,9.263140168547235e-05,0.4034034034034034,910.1424217224121,0.588477366255144,4,0,4,0,8,1.9285714285714286,0.0,4,0,112,108,104,1.4977065618425687,2.8687978897775923,161.75230867899742,0.020138581630174787,45252,26.23304347826087,37.99188405797101,256x256,65536,sparse,Learned,232,4,22,1632,31.2562287164295,0.5924997962168432,26.733712425052328,0.999469741173895,0.5965965965965966,0.320682503643579,6,1,0.25,31,1702,31.502614515999774,0.6375646840772522,0.999481390220201,27.001198703373916,0.34295318018494325,0.5958702064896755,5273,32.485456247726546,0.7432969562860001,0.9998072688717156,31.840923051241603,0.31099034844211915,0.5894632206759444,0.784856176263542,0.17774142729036546,-0.13408768017485073,-0.022275776474118936,True,0.5034146962085904,0.27385096292630906,0.5691056910569106,26.77421243272716,0.9995304932995327,7814
7815.png,0.7147505422993492,0.900163666121113,0.9474590869939707,0.9532062391681109,0.9417808219178082,0.9989665953653492,27.222552822472345,0.9991293258871924,27.491880613937415,1.0,0.6014809589154859,0.7186013829124109,30.693467708151083,0.5654258724405826,2316,5,5,11,12,2.0,1.0,171,171,259.8650070512058,3.20205469298781,0.02863129896778968,0.014750542299349245,-0.10626630626804001,-0.00011285690003781657,3.557400338505268e-05,0.2685531233315537,1178.8833141326904,0.7557294577976523,5,5,0,11,12,2.0,1.0,5,0,171,171,148,1.519678403808219,3.20205469298781,259.8650070512058,0.02863129896778968,45618,19.696891191709845,28.29706390328152,256x256,65536,sparse,Learned,291,5,26,2229,31.046442362007134,0.6123825412405357,27.26835709120055,0.9990937518838073,0.7314468766684463,0.5521663055958053,6,3,0.0,33,2294,31.333334133378848,0.6592537822957198,0.9990638170221372,27.316510943418333,0.49626970631103673,0.734156820622986,4075,31.760442701157633,0.6925672726659561,0.9995505707534188,30.399211768954668,0.4946479682557141,0.7334047109207709,0.2235235227368655,0.04931465331968066,-0.35297465385605165,-0.04695666879995308,True,0.6451286679019725,0.463590352910799,0.7,27.328819128740385,0.999079452265387,7815
7816.png,0.6809672386895476,0.8508575689783744,0.9194198227236099,0.8643939393939394,0.9819277108433735,0.9995274885039944,28.030288712696333,0.9994466606622556,28.319538842534946,1.0,0.611320429098247,0.754767219125423,30.224357006701837,0.5241921373867482,2018,4,1,3,9,1.9607843137254901,0.25,153,150,223.69343417595195,2.8535968400294482,0.025613435338611643,0.049462316045384425,0.4986565489940844,5.153209557839933e-05,9.456320184997313e-05,0.335795836131632,976.186990737915,0.7107988165680473,4,1,3,3,9,1.9607843137254901,0.25,4,0,153,150,141,1.491289561173011,2.8535968400294482,223.69343417595195,0.025613435338611643,45989,22.789395441030724,32.47571853320119,256x256,65536,sparse,Learned,273,4,23,1957,30.519114616984968,0.5717339041700072,27.710719645526062,0.9993520974604057,0.664204163868368,0.365904405254568,9,3,0.0,28,1862,30.708655178254997,0.6119372189445168,0.9992229332644629,26.889863584026607,0.34876771569607057,0.6593406593406593,4699,31.50178348020159,0.7016312149636703,0.9996873450581844,31.07605418175706,0.23894030264247323,0.6576271186440678,0.6088191970088843,0.245416023843679,-0.2947576102831313,-0.047541766783259054,True,0.6302765554559411,0.4757120830414311,0.6315049226441631,27.53163216370225,0.999475956408416,7816
7817.png,0.7146171693735499,0.8907563025210085,0.9422222222222222,0.9580936729663106,0.9268680445151033,0.9992795836122375,26.222658580016272,0.999563337264925,27.074391263183344,1.0,0.6132589765454988,0.7093061150549711,30.529267004541474,0.5483011373677225,2099,4,4,8,9,2.0,1.0,154,154,224.20815280171337,2.8391508220078108,0.028872328916529005,0.02047400234535035,-0.7939864182273659,-0.00021749198617171395,1.1621962524688279e-05,0.2846497764530551,926.1608123779297,0.7619433198380566,4,4,0,8,9,2.0,1.0,4,0,154,154,137,1.45589709611502,2.8391508220078108,224.20815280171337,0.028872328916529005,45848,21.842782277274893,31.222486898523105,256x256,65536,sparse,Learned,274,4,24,2054,30.79937069014427,0.5918039214464828,26.92182135679024,0.9995517153024003,0.7153502235469449,0.42305018961951335,6,0,0.75,32,2078,31.08694250271176,0.6390376416809531,0.999510482872395,26.84789437131366,0.5112968358009204,0.6969924812030075,4411,31.679099232475046,0.6973055057309964,0.9997818124860199,30.83072185081777,0.4155843717880138,0.7044261065266316,0.1525699063931043,0.19020878692598542,-0.27010368560279474,-0.04350278407876029,True,0.6151878554470214,0.4363565077761259,0.6941431670281996,27.01664499824364,0.9994970755984092,7817
7818.png,0.7157296272899558,0.8702875399361022,0.9306457123334472,0.9438669438669439,0.9177897574123989,0.9989518113375513,27.278721247060773,0.9991896062910217,27.95790044305045,1.0,0.6284233089779543,0.8755347512150959,30.5558894445916,0.5460713644924958,2054,4,4,9,8,2.0,1.0,143,143,214.16652224137064,3.213974560890998,0.03408251428765032,0.014146192454389417,-0.37406129260095256,-0.0001686103658036231,8.730638214571318e-05,0.24872773536895676,1114.2935752868652,0.782145236508994,4,4,0,9,8,2.0,1.0,4,0,143,143,126,1.4976679877018912,3.213974560890998,214.16652224137064,0.03408251428765032,45638,22.2190847127556,31.906523855890946,256x256,65536,sparse,Learned,263,4,24,2010,30.833542132536508,0.5902628336169892,27.54071211087064,0.999102299908876,0.7512722646310432,0.48166983580189315,7,5,0.0,31,1914,31.039754801965813,0.6293696194682454,0.9989507366710384,26.965379692361438,0.36997766005808774,0.7425867507886436,4374,31.679900385094687,0.697046966477688,0.9995737915866726,30.941294689424076,0.4356044818806416,0.722397476340694,0.41718833217980844,0.14675347317606113,-0.27765268794490794,-0.04419146912449334,True,0.5717293827873404,0.5005689429210745,0.7015834348355664,27.652782539661725,0.9991204217033549,7818
7819.png,0.7412280701754386,0.9163071613459879,0.9563259792886087,0.9406554472984943,0.9725274725274725,0.9994170279584791,27.33734316652813,0.9995036151532729,27.84083218271556,1.0,0.6074141344684816,0.5859546060918258,30.84819305613098,0.5587548671089946,1904,4,2,4,9,1.9726027397260273,0.5,146,144,207.1959594928935,2.6967113752887673,0.024695562331585236,0.040172018185186786,0.013570702419606562,-9.000121546520745e-05,1.5570383206209293e-05,0.2952,846.3938236236572,0.753686036426713,4,2,2,4,9,1.9726027397260273,0.5,4,0,146,144,133,1.4388608298117593,2.6967113752887673,207.1959594928935,0.024695562331585236,45422,23.85609243697479,34.42016806722689,256x256,65536,sparse,Learned,266,4,24,1885,31.109489752838087,0.5967502741829755,27.44601984049565,0.9994880447700667,0.7048,0.365904405254568,9,3,0.0,32,1884,31.347111036577214,0.6377518181823818,0.9994210520891275,27.11122133956069,0.3655520320517718,0.7111650485436893,4794,32.117733302537644,0.7217518508689885,0.9997822471753264,31.401321472784602,0.2347096693771743,0.7077769049489395,0.39481234221990746,0.24150972921391356,-0.261296696707106,-0.03799540707398097,True,0.6265607730633391,0.36713617097291873,0.7010560519902518,27.323772464108522,0.9995070291739443,7819
7820.png,0.7441700960219478,0.9007477906186268,0.9477825464949928,0.9437321937321937,0.951867816091954,0.9990650194801904,28.54467799760757,0.9991518000267949,28.780879284164204,1.0,0.6942538205012883,1.0506453344070312,31.630879586551217,0.6006822651836022,2210,4,2,8,12,1.9770114942528736,0.5,174,172,281.3919189857872,2.6607661452786675,0.04474578271075262,-0.016598624985341814,0.011619103610755133,-4.229533121136164e-05,4.6839005522492094e-05,0.2242182302062542,1094.0234661102295,0.7730742539902845,4,2,2,8,12,1.9770114942528736,0.5,4,0,174,172,154,1.6359995289871319,2.6607661452786675,281.3919189857872,0.04474578271075262,44712,20.231674208144796,29.654298642533938,256x256,65536,sparse,Learned,294,4,28,2202,31.806527899294863,0.639264088157684,28.494909513054175,0.9991049610212724,0.7757817697937458,0.7534030360583934,4,3,0.0,39,2076,32.11528279910931,0.6751073526407246,0.9990444146825257,28.226093191445255,0.6080678992890161,0.7587806494367131,4115,32.50553533268532,0.720301289360673,0.9995275069505347,31.206050433646585,0.41725174762601036,0.764126149802891,0.28596977111002886,-0.05914921555710517,-0.17564831274364678,-0.03858182297408175,True,0.6988057880877979,0.7341970409110734,0.7607687210072896,28.533058893996817,0.9991073148114018,7820
7821.png,0.646053702196908,0.8188976377952756,0.9004329004329005,0.8609271523178808,0.9437386569872959,0.9992224267765324,28.16058828453274,0.9992921188835152,28.55045365268756,1.0,0.4954054280664488,0.7756375184876613,30.441223474468057,0.5308998236015116,1727,5,4,8,11,1.9834710743801653,0.8,121,120,189.19595949289345,2.970506354796985,0.04451206851756253,0.023847501764319712,0.04932724290684476,-6.019230574072498e-05,5.309592832269949e-05,0.3290780141843972,1141.9250965118408,0.6883425852498017,5,4,1,8,11,1.9834710743801653,0.8,5,0,121,120,102,1.5766329957741112,2.970506354796985,189.19595949289345,0.04451206851756253,45664,26.44122756224667,37.94788650839606,256x256,65536,sparse,Learned,241,5,21,1718,30.563733016694435,0.5647636839751282,28.074191029679,0.9992390229551925,0.6709219858156028,0.3559635789168587,11,6,0.0,27,1718,30.925965282711946,0.6072490448763814,0.9990839711775293,27.421621920895205,0.08536552027691469,0.6449033977348434,5116,31.905709049201306,0.7245376746829569,0.9996245427616379,31.329340282244544,0.03214314690777853,0.3978494623655914,0.4762626230085587,0.13944184914959012,-0.12250954222637844,-0.03386386037361666,True,0.49942608058837235,0.3873736058155839,0.6222062004325883,28.111261041625895,0.9992826190822731,7821
7822.png,0.6347897774113768,0.9067729083665339,0.951107396573339,0.9267100977198697,0.976824034334764,0.9993211405610387,27.62087932091533,0.9993607492390452,27.862133443548526,1.0,0.6209169618966012,0.6948403711545806,31.65435029032011,0.6116002545994778,2049,4,0,1,7,1.9493670886075949,0.0,158,154,213.89444430272863,2.7586407186109807,0.009809802357521004,0.003292492694542015,-0.1778273221686284,-5.580313710917828e-05,2.2998238664806436e-05,0.3640483383685801,990.389347076416,0.6381104883907126,4,0,4,1,7,1.9493670886075949,0.0,4,0,158,154,150,1.3889249630047293,2.7586407186109807,213.89444430272863,0.009809802357521004,44591,21.76232308443143,31.98438262567106,256x256,65536,sparse,Learned,278,4,27,2048,31.902088049612782,0.6429122237229251,27.79182043458514,0.9993377510003804,0.6359516616314199,0.5171262274687702,5,5,0.0,42,2046,32.358149132248656,0.684970886867629,0.9993811926755682,28.364078382666662,0.43823219154052084,0.6557251908396946,4422,32.8635382459822,0.7368947163494446,0.9997053812636559,31.723287049128043,0.31862084362617304,0.6471471471471472,0.07031300896338522,0.10379073442783093,-0.24773775929267217,-0.03131196912344736,True,0.6171071140248879,0.42879093615118524,0.6314972847168348,27.798706643083957,0.9993769436981479,7822
7823.png,0.7056962025316456,0.9099195710455764,0.9528354856822011,0.956056338028169,0.9496362618914381,0.998748101519183,28.085920903356882,0.9988447386938812,28.460940929521605,1.0,0.6046563925739001,0.8416379562805131,30.70185398673853,0.5536851267369618,2217,5,2,5,11,1.9661016949152543,0.4,177,174,257.72287142747473,3.3802329658788475,0.03925060058437231,0.014421034746410655,0.3306975579917797,4.622296630896194e-06,0.00019071260750658237,0.3008849557522124,1165.9765243530273,0.7294685990338164,5,2,3,5,11,1.9661016949152543,0.4,5,0,177,174,161,1.4811659277441063,3.3802329658788475,257.72287142747473,0.03925060058437231,45584,20.561118628777628,29.56066756878665,256x256,65536,sparse,Learned,297,5,25,2057,30.95732202822483,0.5982598657062278,27.75510225502826,0.9986540260863747,0.6991150442477876,0.6916952899343977,6,13,0.0,31,2174,31.173992044935197,0.64522611193886,0.9984226663573478,27.34997452889482,0.22088763430299596,0.7223080886141164,4264,31.719579766843374,0.6978662903939545,0.9993077207717793,30.955833196873282,0.20199548658597688,0.7015544041450777,0.7058386744933465,-0.08703889736049752,-0.2554680414862993,-0.044574738969266,True,0.6046563925739001,0.5089017704978449,0.6912751677852349,27.755223345365103,0.9987434792225521,7823
7824.png,0.7771295215869312,0.917607223476298,0.9570335491465569,0.9464493597206054,0.9678571428571429,0.9995888201200319,27.706125684243844,0.999642704969381,28.04305256987812,1.0,0.5252657000600875,0.9624030850127628,30.917036569827406,0.5597412127716321,1715,4,2,4,9,1.9646017699115044,0.5,113,111,171.43860018001268,2.581684186395291,0.0303329685745017,0.06937604246168261,0.23782681788882343,-2.1382330237074143e-05,2.8863042316196186e-05,0.2801980198019802,803.1620979309082,0.7826589595375723,4,2,2,4,9,1.9646017699115044,0.5,4,0,113,111,100,1.5444918935136274,2.581684186395291,171.43860018001268,0.0303329685745017,45236,26.37667638483965,38.2134110787172,256x256,65536,sparse,Learned,233,4,23,1712,31.19166908695282,0.5917474327215353,27.570411821320707,0.9996138419270648,0.7198019801980198,0.44898872100865916,5,0,0.875,31,1636,31.389190029091985,0.6289530991720311,0.9995436904776351,27.038960085138648,0.5034146962085904,0.7147270854788877,5392,32.4415441149143,0.7464535995661135,0.9998296358289873,31.551078568344664,0.22894841419643375,0.721618953603159,0.47264074855741356,0.07627697905142838,-0.2746325171254149,-0.03200621994990316,True,0.5204945410251058,0.5009255520148639,0.7077534791252486,27.46829886635502,0.999610202450269,7824
7825.png,0.7159533073929961,0.8116343490304709,0.8960244648318043,0.895112016293279,0.8969387755102041,0.9992552807119781,27.210370740973392,0.9995266720276063,28.051778764873085,1.0,0.5893442472476544,0.6564983937146033,30.359879066818994,0.5310621500933934,1768,4,5,4,7,2.0145985401459856,1.25,137,138,190.78174593052034,2.5132169009995287,0.028425511464973907,0.044524735964424744,-0.8186019405718987,-0.00024161536676237105,-7.295282548835935e-06,0.321247892074199,862.2481822967529,0.7713139418254764,4,5,-1,4,7,2.0145985401459856,1.25,4,0,137,138,126,1.3824764197863786,2.5132169009995287,190.78174593052034,0.028425511464973907,45669,25.830882352941178,37.067873303167424,256x256,65536,sparse,Learned,257,4,22,1761,30.686420898842627,0.5713828103659397,27.84884441755858,0.9995339673101551,0.678752107925801,0.3873736058155839,8,0,0.5,28,1768,30.934678291520505,0.6113361642689599,0.9994657461536638,27.160960553623305,0.2764867097080249,0.6713229252259655,5117,31.90212121261024,0.7251007616215994,0.999779885811845,31.164517635922735,0.07388062388330374,0.5989920806335494,0.20293434731450333,0.20197064143207055,-0.32654183202363285,-0.04032066027254633,True,0.5913924013591516,0.388248161547305,0.6714285714285714,28.02897268154529,0.9994968960787405,7825
7826.png,0.6950261780104712,0.8799463447350772,0.9361398501605422,0.9324804548685146,0.9398280802292264,0.9989992585856723,27.172760783711656,0.9993403276543221,27.919570654762058,1.0,0.7032899857059547,0.7935528754262899,30.343662628188763,0.5332578173143608,2144,4,7,16,12,2.0344827586206895,1.75,174,177,279.3797256769672,2.6126006060633165,0.03872915216913098,-0.031953860624429065,-0.4061111652145257,-0.00016954436643035198,1.1765588391554616e-05,0.2748238308776425,978.9876937866211,0.7248010610079576,4,7,-3,16,12,2.0344827586206895,1.75,4,0,174,177,146,1.5784165292484007,2.6126006060633165,279.3797256769672,0.03872915216913098,45839,21.380130597014926,30.567164179104477,256x256,65536,sparse,Learned,294,4,24,2131,30.59483300585444,0.5850758143050607,27.557749687026465,0.9993285620659306,0.7251761691223575,0.43163985324245946,8,0,0.5,29,1928,30.875054560766806,0.6198013377976125,0.9992488377279852,27.257778426116367,0.5918008047220773,0.6999368288060644,4290,31.461799933676527,0.6894283953931554,0.9996234434224857,30.39568373266514,0.27312445069366165,0.7030759573132455,0.3618209677355928,0.27165013246349523,-0.2511703776656766,-0.05181799699069989,True,0.7032899857059547,0.5580977904154747,0.7269800386349002,27.57887194892618,0.9991688029521026,7826
7827.png,0.7319013524264121,0.8844911147011308,0.9387055293613372,0.9439655172413793,0.9335038363171355,0.9992771215015315,26.98441618652657,0.9994564635452325,27.380665425820645,1.0,0.5578030907201013,0.6708607693220833,31.250947761473554,0.5921581534366805,2033,5,1,3,11,1.950920245398773,0.2,163,159,235.93607486307124,2.4435683949593385,0.026079995938967915,0.036311025257137586,-0.4009788932075331,-0.00018182912084718783,-2.4161360580921e-05,0.286849710982659,747.399091720581,0.7665306122448979,5,1,4,3,11,1.950920245398773,0.2,5,0,163,159,149,1.4838746846734021,2.4435683949593385,235.93607486307124,0.026079995938967915,44902,22.08657156910969,32.23610427939006,256x256,65536,sparse,Learned,283,5,26,1949,31.646956303633086,0.627341574230016,27.365843001437725,0.9994806249058135,0.713150289017341,0.42015821666015374,8,0,0.7,35,2028,31.886537270828597,0.6717636261833053,0.9994261143419235,27.147350577121546,0.37569179302103917,0.7151943462897526,4589,32.539709253759426,0.7315141501560031,0.9997630001111056,31.327135841281418,0.41192988259711893,0.7026049204052098,0.014822424382920474,0.13764487405994752,-0.39600854215953163,-0.035183420793335474,True,0.5751418795380754,0.3858401237762622,0.6955903271692745,27.385395079734103,0.9994589506223787,7827
7828.png,0.6219765031098825,0.9006756756756756,0.9477426235335941,0.9541875447387258,0.9413841807909604,0.9990547627580773,26.94439188754259,0.9993515965074622,27.85126013923824,1.0,0.5785271852240825,0.46941638307305855,30.701172930335133,0.5569207019836133,2149,5,4,7,9,1.9880239520958083,0.8,167,166,242.40916292849,2.9390857391014786,0.0317334298051475,-0.015723177401299582,-0.5759409505412663,-0.0002253690110711748,3.741047670990927e-05,0.3533980582524272,887.3474597930908,0.6475583864118896,5,4,1,7,9,1.9880239520958083,0.8,5,1,167,166,151,1.4602961622198176,2.9390857391014786,242.40916292849,0.0317334298051475,45552,21.196835737552348,30.49604467194044,256x256,65536,sparse,Learned,287,5,25,2104,30.980136808796253,0.6019668619917254,27.485446594672315,0.9993141860307523,0.6466019417475728,0.3136472951436571,11,3,0.0,30,1916,31.19831556443881,0.6359364993330936,0.9992230814587498,26.94061236923568,0.39649442457295947,0.6151337247227658,4215,31.770177985215646,0.6973200621191598,0.9996601566902173,30.727628921290695,0.20205394631368334,0.6268754076973255,0.3658135445659241,0.26487989008042545,-0.2789638784611199,-0.045046160008112124,True,0.5918008047220773,0.27780099325236296,0.6376996805111821,27.520332838083856,0.9992801317691484,7828
7829.png,0.7941941074523396,0.9432234432234432,0.9707822808671065,0.9712399811409712,0.970325011775789,0.9982283058043425,27.604066383851304,0.9984734201156255,28.00142565693852,1.0,0.7062422996764672,1.123508172757134,30.962926496055886,0.5854512772050682,2507,4,4,9,9,2.0,1.0,192,192,280.93607486307127,3.857376811405023,0.029670620546281626,-0.0249639681490349,-0.37619739553345966,-0.00020367056283454588,2.8845698891610816e-05,0.18013757523645746,1360.424518585205,0.8129653964082347,4,4,0,9,9,2.0,1.0,4,0,192,192,174,1.4632087232451612,3.857376811405023,280.93607486307127,0.029670620546281626,45275,18.059433585959315,26.141204627044274,256x256,65536,sparse,Learned,312,4,29,2493,31.37428897756941,0.6351133379307536,27.930920252826077,0.9984445744167338,0.8198624247635425,0.6967911185717297,6,13,0.0,40,2486,31.74706593299365,0.6810017602161423,0.9984760594697848,28.089658229539303,0.6906658928588649,0.8146551724137931,3752,31.933559669070487,0.6923610649069558,0.9991586772523648,30.612222178067437,0.740389131467724,0.7984496124031008,0.070505404112442,0.009451181104737527,-0.4113624815135246,-0.049662060725685464,True,0.7274682069659875,0.8173164759472653,0.8191580756013745,27.980263779384764,0.9984319763671771,7829
7830.png,0.5208333333333334,0.8668154761904762,0.9286568353925868,0.9238699444885012,0.9334935897435898,0.9991653034320491,27.753593301632726,0.9993259122133143,28.245305467604833,1.0,0.4916914666578055,0.4681830922499398,31.258474370822466,0.5808581487313652,2008,5,0,1,11,1.9375,0.0,160,155,221.10714914793795,2.7253850176930428,0.024917633001953696,-0.024959667411268316,-0.3718545282649153,-0.00016880300773547408,-1.2165241660699877e-06,0.44568452380952384,948.2102394104004,0.537984496124031,5,0,5,1,11,1.9375,0.0,6,0,160,155,148,1.426497736438308,2.7253850176930428,221.10714914793795,0.024917633001953696,44924,22.372509960159363,32.63745019920319,256x256,65536,sparse,Learned,280,6,25,1882,31.47742010275826,0.6135326209129471,28.13200919287709,0.9993271287374804,0.5543154761904762,0.2340716616353513,12,2,0.0,34,1860,31.760678098080035,0.6541477130961704,0.9992319163804597,27.717283800053153,0.24253487160303355,0.49887133182844245,4676,32.47768203230859,0.7313315039755691,0.9996427753212243,31.428845524034756,0.1261431550254435,0.5465976331360947,0.11329627472774462,0.2576198050224542,-0.21894573193579348,-0.032674472181581926,True,0.5918008047220773,0.27707113075078493,0.5457930007446017,28.12544782989764,0.9993341064397846,7830
7831.png,0.6818181818181818,0.8960538979788258,0.9451776649746192,0.9380352644836272,0.9524296675191816,0.9982717058175513,28.353846423349346,0.9983831201927791,28.7310287273414,1.0,0.6988057880877979,0.5709333489008559,30.495272710736423,0.5371842169762556,2156,4,6,14,12,2.0236686390532546,1.5,169,171,275.64213120192363,3.5560202457495693,0.046679668993717456,0.019971166892808645,-0.18190753406284443,-0.00010572649736007023,6.149273165179103e-05,0.3381128584643849,1217.3376083374023,0.6849183477425552,4,6,-2,14,12,2.0236686390532546,1.5,4,1,169,171,143,1.6119422877305456,3.5560202457495693,275.64213120192363,0.046679668993717456,45698,21.195732838589983,30.397031539888683,256x256,65536,sparse,Learned,289,4,24,2062,30.707929392195123,0.5846504612708606,28.588232657967087,0.9983216274611273,0.6618871415356151,0.5406762592486296,10,17,0.0,31,2150,31.012232084542752,0.6340510674366437,0.9980622658259642,28.06311569631511,0.0800485144564651,0.6455862977602108,4380,31.581949326810314,0.6973871187139566,0.998980924927931,30.819078579192258,0.055372850884518265,0.613747954173486,0.1427960693743131,0.1581295288391683,-0.2126566814587001,-0.047466244294605,True,0.7261021356685544,0.41455592396131136,0.6618470149253731,28.53575395741219,0.9983774323149114,7831
7832.png,0.6304347826086957,0.8635869565217391,0.9268008165645961,0.9206257242178447,0.9330593071051086,0.9985174789719686,29.089724211328782,0.9985957457094737,29.31729213699317,1.0,0.5354409796390885,0.5816828436959294,31.813249544945688,0.610841950205241,2154,6,8,13,11,2.0229885057471266,1.3333333333333333,174,176,256.13708498984784,3.1923039562400732,0.03517956867721233,-0.011613734911519957,-0.13789005497314477,-0.0001886572097149486,2.00124596583251e-05,0.3392857142857143,1209.5396518707275,0.6460078168620882,6,8,-2,13,11,2.0229885057471266,1.3333333333333333,6,1,174,176,150,1.455324346533225,3.1923039562400732,256.13708498984784,0.03517956867721233,44473,20.64670380687094,30.425255338904364,256x256,65536,sparse,Learned,294,6,29,2108,32.06367355542467,0.6466781222280988,29.178358413785134,0.9985757332498154,0.6607142857142857,0.4154559146771535,13,15,0.0,41,2094,32.33272350381941,0.6861080037956324,0.9983780849903632,28.787867641354097,0.19799878911919533,0.6432291666666666,4339,32.825905484066574,0.7373094093984719,0.9991637504701697,31.742037255480213,0.1036387484284158,0.6210635002581312,0.1389337232080372,0.11998506496193506,-0.25042401047898366,-0.035836172022857826,True,0.5879731107806055,0.3420138710956043,0.6420485175202156,29.227614266301927,0.9987061361816836,7832
7834.png,0.6387688984881209,0.8484848484848485,0.9180327868852458,0.9086908690869087,0.9275687815833801,0.9989236206634113,27.95533801709314,0.9991079786439778,28.43811780066908,1.0,0.7355227387001761,0.45170698505575607,30.683145638828467,0.5560673514711072,2322,4,3,7,10,1.9898477157360406,0.75,197,196,301.5929291125637,3.123616720819231,0.03582215017670024,0.014662667640316984,-0.24094237422467657,-0.00015510009651109602,6.044235847357804e-05,0.37360970677451977,1050.6422519683838,0.6427807486631016,4,3,1,7,10,1.9898477157360406,0.75,4,0,197,196,180,1.5387394342477723,3.123616720819231,301.5929291125637,0.03582215017670024,45472,19.583118001722653,28.223944875107666,256x256,65536,sparse,Learned,317,4,26,2168,31.057464752493345,0.6052529304419891,28.189801232768197,0.9990475362855042,0.6263902932254802,0.3494909052766835,12,8,0.0,33,2290,31.335950449591024,0.6559461805786413,0.9989708838431813,27.907867667158772,0.3961590505468965,0.6059517701385326,4014,31.71266842333708,0.6906623988761609,0.9994224490771954,30.61700462140341,0.2702111257309432,0.6347914547304171,0.24831656790088275,0.3860318334234927,-0.37431911366487824,-0.04918557897088194,True,0.7446193240119223,0.3363497498636806,0.6241062308478039,28.196280391317817,0.9990787207599224,7834
7835.png,0.615819209039548,0.8328859060402685,0.9088246063712927,0.8889684813753582,0.9295880149812734,0.9990923181104151,27.62724743811657,0.9993161482470911,28.333565459391814,1.0,0.6109315551227636,0.5517424023392072,30.90375794310484,0.5685462644490779,2219,5,3,7,12,1.9782608695652173,0.6,184,182,276.6639969244292,2.5424341533495034,0.02979516584219079,0.04810375076321427,-0.7283409602824022,-0.0002959211728426059,-2.1023106982043238e-05,0.4302868579052702,924.6184825897217,0.6144329896907217,5,3,2,7,12,1.9782608695652173,0.6,5,0,184,182,165,1.5201318512331254,2.5424341533495034,276.6639969244292,0.02979516584219079,45256,20.394772420009012,29.534024335286166,256x256,65536,sparse,Learned,304,5,27,2207,31.303018050685,0.615603530650582,28.4174003695382,0.9993371713540732,0.5697131420947298,0.33368983257511364,10,1,0.0,34,2122,31.566950628375917,0.6569133697084029,0.9992960349157607,27.821525575492668,0.2985077691437199,0.5700871898054997,4207,32.03944729907572,0.7061192496030709,0.9996317728624944,31.198158986217173,0.20612823302897965,0.5980456026058631,-0.08383491014638622,0.27724172254765,-0.3992601075801616,-0.04705726620150419,True,0.6321205588285577,0.34876771569607057,0.5677154582763337,28.35558839839897,0.9993882392832577,7835
7836.png,0.746771476698484,0.8991452991452992,0.9468946894689468,0.9392857142857143,0.9546279491833031,0.9991354929756064,27.484218425368816,0.9992643814421918,27.926039532356242,1.0,0.6684577412151202,0.7046082101914106,30.9373559466133,0.583040051873729,2458,5,5,7,12,2.0,1.0,211,211,318.32085117392165,2.6898218319879326,0.03830964638425089,0.03895897669848403,-0.42529409364746584,-0.0001637172945326837,-3.213917589861559e-05,0.294997421351212,903.8455486297607,0.7501394311210262,5,5,0,7,12,2.0,1.0,5,0,211,211,192,1.508629626416688,2.6898218319879326,318.32085117392165,0.03830964638425089,45168,18.37591537835639,26.66232709519935,256x256,65536,sparse,Learned,331,5,29,2455,31.407556997413213,0.6338663988611236,27.948233169100433,0.9992965206180904,0.705002578648788,0.5228860844789656,8,2,0.0,38,2378,31.75260241198852,0.6769689624818612,0.9992790727448206,28.05634873959374,0.6441810814626581,0.7041884816753927,3748,31.976096613804316,0.6939324365549357,0.999588845140568,30.726988711536727,0.4217172295408641,0.6975909789851358,-0.02219363674419128,0.1455716567361547,-0.47020105079991126,-0.05082634698739463,True,0.6671289163019205,0.4700645116824316,0.7078125,27.909512519016282,0.9992992102701391,7836
7837.png,0.6941813261163735,0.866576819407008,0.9285198555956679,0.9212034383954155,0.9359534206695779,0.9992305509346071,26.38523652461309,0.9993950965320862,27.0535110821529,1.0,0.6321205588285577,0.8006945420349842,30.191688712105964,0.5330539016303774,2095,4,4,9,10,2.0,1.0,144,144,234.69343417595192,3.0444457729657493,0.043832941606474635,0.014782453229711057,-0.607057586639975,-0.00019097595909600695,-1.8611291404679875e-06,0.31421446384039897,979.407787322998,0.7160326086956522,4,4,0,9,10,2.0,1.0,4,0,144,144,125,1.6298155151107754,3.0444457729657493,234.69343417595192,0.043832941606474635,45922,21.91980906921241,31.282100238663485,256x256,65536,sparse,Learned,264,4,23,2078,30.50163503457989,0.5804189361468627,26.98665829311729,0.9993969576612267,0.685785536159601,0.38669253151750504,9,4,0.0,30,2070,30.85319060221248,0.6278573588793844,0.9993080316617396,26.579836964353667,0.5304591609572007,0.6802288620470439,4406,31.450064997342526,0.6909809629965527,0.9996980632660659,30.25030568148889,0.26818111626123653,0.6724351050679852,0.06685278903561098,0.24542802731105262,-0.3099463224739267,-0.04736503451648533,True,0.5595683454940007,0.44804332013259274,0.6793988728866625,26.992294111253067,0.9994215268937031,7837
7838.png,0.5476025017373176,0.9071672354948805,0.9513242662848962,0.9398868458274399,0.9630434782608696,0.9987753977779356,27.735855831207715,0.9987792144062988,28.161969538927572,1.0,0.6429930394308526,0.40524326716646114,30.628620221803757,0.5466307229153063,2122,4,3,5,10,1.9876543209876543,0.75,162,161,243.93607486307124,3.0690313577651978,0.032900051769777394,-0.014897498262682385,-0.28712580499473717,-5.8860759764023385e-05,0.00010117762415606801,0.42959582790091266,1296.8544960021973,0.5636237897648686,4,3,1,5,10,1.9876543209876543,0.75,4,0,162,161,147,1.515130899770627,3.0690313577651978,243.93607486307124,0.032900051769777394,45687,21.530160226201698,30.88407163053723,256x256,65536,sparse,Learned,282,4,25,2107,30.877378857616424,0.5940757609754863,28.013209498002723,0.9986780367821427,0.5704041720990873,0.2682436622108364,13,1,0.0,30,1990,31.076813998747216,0.6322366166689027,0.9982583412667855,27.051678994198856,0.3037176321582291,0.5235567352355673,4279,31.673860877804394,0.6955457864215859,0.9992989801974331,30.751031416012346,0.21561643943761033,0.5668414154652687,0.14876004092484862,0.3747493772200162,-0.248758635812667,-0.04744503806017997,True,0.6637835062932667,0.2689937967814926,0.5625,28.022981636202452,0.9988342585376996,7838
7839.png,0.5940721649484536,0.9001944264419961,0.9474761255115962,0.937246963562753,0.9579310344827586,0.9987752817395681,28.35910211191838,0.9988395143194354,28.652355750461073,1.0,0.5151908642326568,0.6593402376822187,31.562256482860608,0.5987345286817289,1935,5,7,12,9,2.0310077519379846,1.4,129,131,208.72287142747464,3.3158388341120046,0.033774575669356564,-0.014677835051546406,0.2402028078158871,-1.5260291711838292e-05,9.879657847078338e-05,0.3863777089783281,1167.731761932373,0.6074406670942912,5,7,-2,12,9,2.0310077519379846,1.4,5,1,129,131,108,1.5933043620417902,3.3158388341120046,208.72287142747464,0.033774575669356564,44749,23.12609819121447,33.868733850129196,256x256,65536,sparse,Learned,249,5,26,1911,31.736312021949246,0.6289055570552812,28.195191946289476,0.9987407177409646,0.6136222910216719,0.34295318018494325,12,8,0.0,36,1834,32.01261857614392,0.665674793840345,0.9986055838372709,28.00633091090681,0.29041637389505914,0.5888480392156863,4751,32.705180731996236,0.7400593850231795,0.9993561719103456,31.733398828861862,0.25271179213670025,0.581727781230578,0.4571638041715964,0.17223768404771356,-0.1740555390886378,-0.030171028373552233,True,0.5434239503766853,0.3583012766035739,0.60875,28.11889930410249,0.9987905420312799,7839
7840.png,0.5124434389140271,0.8378661087866108,0.9117814456459875,0.8735005452562704,0.9535714285714286,0.9995312829327389,28.47943339610078,0.9995691496489448,28.899264688928938,1.0,0.5595683454940007,0.3488293594985628,31.407636437223637,0.5842386533320973,1788,4,2,4,8,1.9696969696969697,0.5,132,130,185.33809511662432,2.40864717057257,0.0218550679608191,-0.021325624266800736,0.6652626974121638,1.806222800770918e-05,5.3411953666371303e-05,0.4563409563409564,824.4137763977051,0.5237068965517241,4,2,2,4,8,1.9696969696969697,0.5,4,0,132,130,120,1.4256776547432637,2.40864717057257,185.33809511662432,0.0218550679608191,44784,25.046979865771814,36.65324384787472,256x256,65536,sparse,Learned,252,4,25,1768,31.69150966561253,0.6160626701766364,28.050051847726643,0.9995157376952785,0.5436590436590436,0.254936414280572,7,0,0.625,35,1752,31.913343255588252,0.6533357864489812,0.999456430185867,27.93939144631988,0.29765695999282116,0.5067357512953368,5188,32.8428931363265,0.7500134204284806,0.9997830654955031,32.31903118508346,0.17060505298762318,0.5429447852760736,0.849212841202295,0.3046319312134287,-0.2838732283888916,-0.03182401684453906,True,0.5661255185670091,0.1974812020375215,0.5337690631808278,27.814170698688617,0.9995132207047311,7840
7841.png,0.5754716981132075,0.896028880866426,0.9451637471439452,0.9330827067669173,0.9575617283950617,0.9991883056167747,27.92447548280922,0.9992549568496161,28.205032545255126,1.0,0.6720847211004115,0.3543388674574299,31.222393537424242,0.5795948888705794,2092,4,3,7,10,1.9885057471264367,0.75,174,173,262.1787155501904,2.637816501759935,0.033404453935710135,0.006816054691208939,-0.34448771039585324,-0.0001414019773923192,-6.901509180701204e-05,0.4227758007117438,944.1916942596436,0.5851905104241553,4,3,1,7,10,1.9885057471264367,0.75,4,0,174,173,157,1.5154839049143942,2.637816501759935,262.1787155501904,0.033404453935710135,45046,21.532504780114724,31.326959847036328,256x256,65536,sparse,Learned,294,4,27,2085,31.528589129091355,0.6213498655621214,28.33997739591668,0.9993239719414231,0.5772241992882562,0.26259306209027133,13,2,0.0,34,1898,31.67660970141741,0.6518707029622018,0.999269073067944,28.2218761428987,0.29978205077457054,0.507183908045977,4411,32.30576798614099,0.7185785546864613,0.9996388000813725,31.503580238111695,0.23509221889713594,0.5852795470629866,-0.13494485066155448,0.4094916590101402,-0.3061955916671124,-0.041754976691541934,True,0.6720847211004115,0.23814573891016244,0.5686556434219986,28.268963193205074,0.9993297075941671,7841
7842.png,0.7075098814229249,0.8768197088465846,0.9343675417661098,0.9479418886198547,0.9211764705882353,0.9987582131949636,27.90218806970764,0.9991336389800776,28.45798212520353,1.0,0.5740074125998693,0.7350811140496515,30.289080350884543,0.5303840504247954,2279,6,3,7,14,1.968586387434555,0.5,191,188,294.83556979968307,2.732939425563313,0.03323397497820084,-0.02229215174989474,-0.2685750759580259,-0.0001819663982269848,2.819873847093035e-05,0.24807480748074806,1092.1602249145508,0.7526501766784452,6,3,3,7,14,1.968586387434555,0.5,6,0,191,188,170,1.5682743074451202,2.732939425563313,294.83556979968307,0.03323397497820084,45864,20.124616059675297,28.75647213690215,256x256,65536,sparse,Learned,311,6,25,2216,30.60951225963281,0.5871225826596383,28.16177709697541,0.9991054402416066,0.7519251925192519,0.36677095188387276,13,2,0.0,30,2258,30.87565422001353,0.6343983799602942,0.9989088398092189,27.479271760479243,0.09051047178432037,0.6807165437302424,4134,31.342121939290358,0.6818572111480254,0.9994619509519862,30.362938998281845,0.060573668546734405,0.6807348560079444,0.296205028228119,0.20723646071599655,-0.32043190874826877,-0.05673853223484293,True,0.5879731107806055,0.43220792930384666,0.7298020331728197,28.170763145665667,0.9989401795931906,7842
7843.png,0.7459239130434783,0.9297771775827144,0.9636109167249824,0.9555863983344899,0.9717713479181369,0.9989598841276137,27.88675600860728,0.9990354492913869,28.187446310112108,1.0,0.5934303402594009,0.7667203950019644,31.741027246865038,0.6129290748341195,2228,5,0,1,9,1.9421965317919074,0.0,173,168,250.45079348883274,2.835312660029858,0.022153820079276323,0.021323274065842446,-0.26845123806664617,-0.0001254941018157263,-1.816825724587634e-05,0.27876106194690264,991.3628101348877,0.7574525745257452,5,0,5,1,9,1.9421965317919074,0.0,5,0,173,168,163,1.4907785326716212,2.835312660029858,250.45079348883274,0.022153820079276323,44494,19.970377019748653,29.414721723518852,256x256,65536,sparse,Learned,293,5,29,2139,32.026620786427486,0.6502156501012937,28.191044222806543,0.9990536175486328,0.7212389380530974,0.5557769915795154,7,7,0.0,42,2220,32.34155260666164,0.6925967417236762,0.9990152492482756,28.313242977574863,0.5389670273172871,0.7306501547987616,4170,32.724458545014635,0.7287218042588963,0.9994936686415512,31.399577245266308,0.3623718483782268,0.7282471626733922,-0.0035979126944347684,0.03765334867988546,-0.2855935395624485,-0.03728657526717416,True,0.5868729061217817,0.4499674263976432,0.7246006389776358,28.155207246673925,0.9990853782294294,7843
7844.png,0.6477052359405301,0.8884540117416829,0.9409326424870467,0.9227642276422764,0.959830866807611,0.9990999890098685,28.335073609929367,0.9991439110941089,28.636076555499884,1.0,0.6671289163019205,0.7616821897360159,30.273157388351045,0.524200800141597,2027,4,3,7,8,1.9865771812080537,0.75,149,148,236.16652224137079,2.899105256035824,0.04418105337021129,-0.023065988946054494,0.5547435172077826,5.1342712664603773e-05,0.0001621384817972471,0.3065552699228792,1231.0354709625244,0.6726572528883183,4,3,1,7,8,1.9865771812080537,0.75,4,0,149,148,134,1.5957197448741247,2.899105256035824,236.16652224137079,0.04418105337021129,45957,22.672422298963987,32.33152442032561,256x256,65536,sparse,Learned,269,4,23,1940,30.530564280582215,0.5694431341996247,27.816007380387777,0.9989817726123117,0.6934447300771208,0.48999427780337823,9,6,0.0,28,1892,30.744077795660978,0.6105177716327417,0.9987282264473448,27.061003250884905,0.1974812020375215,0.6844082654978084,4666,31.49542131801963,0.7005099516321969,0.999489847944422,31.02721019893828,0.12793956538551865,0.677819083023544,0.8200691751121063,0.17713463849854227,-0.2574068922311703,-0.04524233405802769,True,0.6927212613988687,0.5276334472589853,0.6707712248865846,27.780330092721584,0.9990486462972039,7844
7845.png,0.5674442190669371,0.8913819479857216,0.942572121865732,0.9367631296891747,0.9484536082474226,0.9984218571120764,28.39170745856499,0.9986892132911318,28.792019360024437,1.0,0.5639507136784644,0.44607953873151457,31.554598295184558,0.6081115222219869,2287,6,2,6,14,1.9562841530054644,0.3333333333333333,183,179,276.4802307403554,3.2635257817356966,0.03529823082937103,-0.0017788885027840706,-0.208600609640623,-0.00024261221683652412,4.8366921468034896e-05,0.40662650602409633,1201.982021331787,0.5969230769230769,6,2,4,6,14,1.9562841530054644,0.3333333333333333,6,0,183,179,163,1.544582294638856,3.2635257817356966,276.4802307403554,0.03529823082937103,44652,19.524267599475294,28.65588106689987,256x256,65536,sparse,Learned,303,6,29,2228,31.93856680103537,0.6490291243852863,28.6290393179566,0.9986408463696638,0.5933734939759037,0.28287133113601437,16,0,0.16666666666666663,41,2160,32.25051049058388,0.6866339644183489,0.998628319078594,28.809781616850046,0.332766610259958,0.5737131434282858,3975,32.564037906770636,0.7204336615613526,0.9992070468347447,31.328002423436857,0.21168470047852006,0.5862068965517241,0.16298004206783645,0.28107938254245,-0.3839685058508131,-0.040917602163299316,True,0.5934303402594009,0.2647171324521993,0.5692231075697212,28.600308068205614,0.998664469328913,7845
7846.png,0.5329754601226994,0.8327192336035372,0.9087253719340572,0.8925750394944708,0.9254709254709255,0.9992808539800075,28.23114641152074,0.9993842650460885,28.76157723886252,1.0,0.6620982141052869,0.36166422042326724,30.19343271360167,0.5167028562319916,2029,4,3,7,10,1.9880239520958083,0.75,167,166,251.2081528017134,2.534093589125993,0.03175915411129716,-0.02350672334962811,0.13255504261156403,-8.113083206773286e-05,4.656826692561733e-05,0.436661698956781,937.3593330383301,0.5531914893617021,4,3,1,7,10,1.9880239520958083,0.75,4,0,167,166,150,1.5133021253115249,2.534093589125993,251.2081528017134,0.03175915411129716,45971,22.65697387875801,32.29965500246427,256x256,65536,sparse,Learned,287,4,23,1963,30.452944424117018,0.566656529357809,28.19264683359635,0.9993376967791628,0.563338301043219,0.25298249968956743,12,0,0.0,27,1930,30.69675561192019,0.6061171476824178,0.9991499395497611,27.22615025815994,0.40942974009204713,0.4801526717557252,4704,31.467362831416356,0.7005290330757378,0.9996086947208599,30.769357074649935,0.14785621103378865,0.5421597633136095,0.5689304052661726,0.4091157144157195,-0.2595117105153477,-0.04995367312581733,True,0.6880773379673533,0.2488529540268798,0.5564821834723275,28.098591368909176,0.9993619848120753,7846
7847.png,0.6789915966386555,0.8850380388841927,0.9390134529147982,0.9579139981701739,0.920844327176781,0.9992968171250023,26.63826630588328,0.9995622143655702,27.170283004908864,1.0,0.5434239503766853,0.7321107960276583,30.384985680923787,0.5363948907868804,2002,5,0,0,10,1.934640522875817,0.0,153,148,223.7228714274748,2.3814789111318153,0.02881369551342432,0.002755551981558191,-0.34497259849690565,-0.00022414157989303352,-2.36355391547427e-06,0.27782426778242675,809.1733455657959,0.7338065661047027,5,0,5,0,10,1.934640522875817,0.0,5,0,153,148,143,1.5116410231586115,2.3814789111318153,223.7228714274748,0.02881369551342432,45828,22.891108891108892,32.735264735264735,256x256,65536,sparse,Learned,273,5,23,1978,30.632024763661292,0.5806477263044889,26.871365203679986,0.9995645779194857,0.7221757322175733,0.5415939886947765,5,1,0.5,28,1854,30.894804513135504,0.6181007511355711,0.9994627882086682,26.49323926988018,0.39519981175012175,0.6950294860994103,4485,31.584191423857714,0.6975565059360487,0.9997906837049795,30.73455185488608,0.32109408648245774,0.7134502923976608,0.29891780122887823,0.0018299616819088538,-0.24703908273750486,-0.0442528355176085,True,0.5630777424255589,0.4122352942326326,0.6762360446570973,26.983238904380187,0.9995209587048953,7847
7848.png,0.5802987861811392,0.9148629148629148,0.9555388093443858,0.951,0.9601211509338717,0.9986149216854934,27.360544132979854,0.9987552905111431,27.957634383554918,1.0,0.7521669636327712,0.3267542705502156,30.221828838622002,0.5427870218780616,2589,4,3,7,10,1.9907834101382489,0.75,217,216,326.9482681718913,3.0516053971057664,0.033725072942714054,0.011915127211334586,-0.5569469422683468,-0.00024287354898910873,-1.8800424779419345e-05,0.4479895104895105,1275.8147716522217,0.5766558591940714,4,3,1,7,10,1.9907834101382489,0.75,4,0,217,216,200,1.5136493896846792,3.0516053971057664,326.9482681718913,0.033725072942714054,45876,17.719582850521437,25.31324835843955,256x256,65536,sparse,Learned,337,4,27,2550,30.715920919495268,0.6065545939373091,27.930673164305016,0.9987740909359225,0.5520104895104895,0.3185479649529045,17,8,0.0,32,2510,31.01457048598602,0.654815784059269,0.9985963780887182,27.49298675142854,0.3648195542020304,0.5447333627148524,3622,31.214139981917995,0.6591591451256914,0.999165535640564,29.77944899717349,0.2922853375877995,0.5525054466230936,0.026961219249901802,0.43361899867986675,-0.4940920808732656,-0.06376757205924755,True,0.7823789431347671,0.25564566085784945,0.5683836589698046,27.9174910752482,0.9988577952344825,7848
7849.png,0.6208791208791209,0.868421052631579,0.9295774647887323,0.9428571428571428,0.9166666666666666,0.9992191073870242,27.10191521203867,0.9994719987402423,27.739020172110767,1.0,0.3623718483782268,0.7160721105958225,31.318934786226556,0.5848971467444581,1739,6,0,0,12,1.8878504672897196,0.0,107,101,155.09545442950497,2.8611424392628892,0.03674784667821215,0.012487512487512453,-0.22738031302282025,-0.00019741571607190256,9.645847974804056e-06,0.374326750448833,908.9150428771973,0.6612595419847328,6,0,6,0,12,1.8878504672897196,0.0,6,0,107,101,95,1.5355985587079706,2.8611424392628892,155.09545442950497,0.03674784667821215,44905,25.822311673375502,37.6860264519839,256x256,65536,sparse,Learned,227,6,23,1663,31.527961736394413,0.6092587032369181,27.3107718767093,0.9994623528922675,0.625673249551167,0.20863818410441615,10,0,0.6666666666666667,33,1608,31.788631054517364,0.6456095670886031,0.9994140693124457,27.500374040209955,0.28822967723739024,0.6032608695652174,5439,32.89785187887309,0.7553858380250069,0.9998193020933388,32.8923142079661,0.26855062843906385,0.6326714801444043,0.4282482954014668,0.15373366427381063,-0.209026950167857,-0.024361556492459968,True,0.38532811057020366,0.2759227134079062,0.6083916083916084,27.32929552506149,0.9994165231030961,7849
7850.png,0.737449118046133,0.9195561719833565,0.958092485549133,0.9601737871107893,0.9560201874549387,0.9987628193555218,27.8936868651236,0.9989911028874207,28.373638154074854,1.0,0.4810771198410596,0.7520470598475573,31.140455783956867,0.5776088191223756,1882,5,1,3,11,1.934959349593496,0.2,123,119,185.26702730475887,3.579700764601793,0.042349969053561316,-0.008113012131381825,-0.11105549553079896,-0.00012285516814070085,9.671986001147381e-05,0.24569536423841054,1181.887149810791,0.7632850241545893,5,1,4,3,11,1.934959349593496,0.2,5,0,123,119,109,1.5568657756702424,3.579700764601793,185.26702730475887,0.042349969053561316,45139,23.984590860786398,34.82252922422954,256x256,65536,sparse,Learned,243,5,24,1845,31.387948307577666,0.6101367504934224,27.93024661727302,0.9988943830274092,0.7543046357615895,0.5228860844789656,6,7,0.0,33,1876,31.610518293148896,0.6499312116588932,0.9987604373688905,27.569928181576564,0.386147126957183,0.741267787839586,4864,32.407077213409195,0.7322594452671592,0.9994953679490104,31.416789278153416,0.31123637938096416,0.7328042328042328,0.4433915368018333,-0.041808964637905954,-0.24749252362079943,-0.032527931371046814,True,0.5171262274687702,0.38890325893794775,0.7455621301775148,28.004742360654397,0.9988856745236625,7850
7851.png,0.7074829931972789,0.8837592745259687,0.938293216630197,0.92894280762565,0.9478337754199824,0.9992524731753128,27.278439462497246,0.9994227641091398,28.007158371327343,1.0,0.6833632306209467,0.6316128530941796,31.256725616584916,0.5816908960669599,2095,4,3,6,10,1.988950276243094,0.75,181,180,262.55129855222094,2.3193455374701903,0.02812175700533593,0.0012728021144763346,-0.8529017676751778,-0.00024484752324149817,-7.487173010944925e-05,0.29448818897637796,785.1204872131348,0.7285106382978723,4,3,1,6,10,1.988950276243094,0.75,4,0,181,180,165,1.458618325290115,2.3193455374701903,262.55129855222094,0.02812175700533593,45036,21.49689737470167,31.282100238663485,256x256,65536,sparse,Learned,301,4,27,2083,31.540025574468427,0.6220750519584816,28.142372592100493,0.9994976358392492,0.705511811023622,0.40249940538176254,8,0,0.5,35,1948,31.71250817677718,0.6562907950988017,0.9994418219115732,27.791029047841732,0.4620555624053255,0.7099601593625497,4479,32.32643817203142,0.7203428964536936,0.9997485843078587,31.49219459911226,0.2759227134079062,0.7088212334113974,-0.13521422077315037,0.2808638252391842,-0.2832999578835107,-0.04038415589152167,True,0.6942538205012883,0.4384996363383531,0.7062101910828026,28.131341230172424,0.9994973206985543,7851
7853.png,0.7286184210526315,0.8820717131474104,0.9373412362404742,0.9133663366336634,0.9626086956521739,0.9994393493272904,27.892428130827618,0.999510780707766,28.291300688015223,1.0,0.4709470018835131,0.7358987339089712,30.2826194858458,0.524975294875931,2062,5,2,4,10,1.9591836734693877,0.4,147,144,215.1370849898478,2.550214791784481,0.024278293138969526,0.0020439202845823345,0.3085875438684269,-4.6651813043530055e-05,7.235201122013368e-05,0.2513247539742619,870.6154823303223,0.7479806138933764,5,2,3,4,10,1.9591836734693877,0.4,6,0,147,144,133,1.4940075346517194,2.550214791784481,215.1370849898478,0.024278293138969526,45963,22.290494665373423,31.782735208535403,256x256,65536,sparse,Learned,269,6,23,1970,30.52506913708751,0.5715158919224302,27.555535945256043,0.9994384286965459,0.7486752460257381,0.40547945202980573,8,0,0.8333333333333334,27,2030,30.744271331526388,0.6168606700244159,0.9993109486102574,26.83966622290734,0.40249940538176254,0.7029702970297029,4422,31.3866129762723,0.6911173264959748,0.9997014080966509,30.65917339015124,0.18714293768311752,0.7223053892215568,0.73576474275918,0.0654675498537074,-0.24244965124171003,-0.046540597046499266,True,0.49338300763441045,0.3630799306503629,0.7265745007680492,27.58384058695919,0.9994860011403339,7853
7854.png,0.7698795180722892,0.914792899408284,0.9555006180469716,0.9478847332924586,0.9632398753894081,0.9989665406264163,27.284553061830643,0.9990485774165366,27.643203066750367,1.0,0.5415939886947765,0.9056226187058334,30.665815192971383,0.5546798511708361,2198,5,4,7,10,1.9864864864864864,0.8,148,147,221.48023074035547,3.5841281252938346,0.03535614506869951,0.016965765158536206,-0.06823744889657135,-7.484083199349456e-05,4.2558502932332765e-05,0.23604651162790702,1331.2804698944092,0.7823211064341551,5,4,1,7,10,1.9864864864864864,0.8,5,0,148,147,131,1.5066682363289472,3.5841281252938346,221.48023074035547,0.03535614506869951,45767,20.8221110100091,29.816196542311193,256x256,65536,sparse,Learned,268,5,25,2113,30.938546097690857,0.5993331222850018,27.390733610315618,0.9990060189136043,0.763953488372093,0.5354409796390885,6,6,0.0,31,2100,31.10767439890433,0.6410367066628296,0.998864656948803,26.70957251385392,0.5104583404430468,0.7633543940264216,4209,31.651102407189597,0.6913552521733765,0.9995270095406404,30.453309026124824,0.39103835892710315,0.7651821862348178,0.25246945643474916,0.006153009055687941,-0.2727309047194737,-0.04465327111416573,True,0.5415939886947765,0.490479766317101,0.752913752913753,27.352790510727214,0.9990413814584098,7854
7855.png,0.647196261682243,0.9004576659038902,0.9476219145093319,0.9380214541120382,0.9574209245742092,0.9991326011540985,27.4054836217795,0.999270906320262,27.861170076017455,1.0,0.680180978183696,0.4437293321677275,30.083611321146847,0.52760572950528,2510,5,2,7,13,1.969387755102041,0.4,196,193,330.4335495461299,2.5835194125467416,0.04222031994814089,-0.025053877904580024,-0.14923266353534714,-0.00015813137505094055,-7.918436393361539e-06,0.3302094818081588,958.2149982452393,0.6573751451800233,5,2,3,7,13,1.969387755102041,0.4,5,0,196,193,176,1.7120909302908252,2.5835194125467416,330.4335495461299,0.04222031994814089,46118,18.37370517928287,26.10996015936255,256x256,65536,sparse,Learned,316,5,26,2461,30.475416109127845,0.5922415435513109,27.65042480684521,0.9992788247566554,0.6697905181918412,0.45362211439247135,9,2,0.0,28,2334,30.65272121297454,0.6324963361636363,0.9990813198435388,26.779382291281152,0.46339874382296664,0.6157253599114064,3794,31.049789358837423,0.6607555070434475,0.999508762125455,29.89166443619733,0.3499911044790358,0.6372222222222222,0.21074526917224645,0.2265588637912247,-0.39180478798099827,-0.06463581404603091,True,0.6750227177939361,0.29952737976474764,0.672250139586823,27.554716285314846,0.9992907325291495,7855
7856.png,0.6672290172922818,0.9151593453919036,0.9557004722284687,0.9546271338724169,0.9567762269248087,0.9973349632931399,27.77041073934308,0.9978487320683027,28.765505819290627,1.0,0.7723623116161873,0.7821883426439749,31.528067250334036,0.611587953533873,2468,4,18,31,9,2.131455399061033,4.5,213,227,362.43354954612977,3.3550213094048655,0.03966872516464436,-0.028312383981603517,-1.675719026257699,-0.0005978286791928911,-0.0002866743904275104,0.3001700680272109,1408.738136291504,0.6806794055201698,4,18,-14,31,9,2.131455399061033,4.5,4,5,213,227,173,1.5966235662825077,3.3550213094048655,362.43354954612977,0.03966872516464436,44447,18.00931928687196,26.554294975688816,256x256,65536,sparse,Learned,333,4,32,2414,32.16265725560748,0.6594926755009844,29.476751889810494,0.9981354064587302,0.6998299319727891,0.5067142541534744,12,19,0.0,42,2202,32.366632923602666,0.6922457985569532,0.9979474547903393,29.022580240648406,0.14069930308456347,0.6941323345817728,3780,32.644174457463976,0.7185018379116327,0.9987897004129427,31.43296659024329,0.09276645646926573,0.6654456654456654,-0.7112460705198664,0.2656480574627129,-0.6345900052734414,-0.047904721967111485,True,0.7823789431347671,0.6119676888501281,0.6955414012738853,29.44612976560078,0.9979327919723328,7856
7857.png,0.6996386630532972,0.9153390987710515,0.9557984790874524,0.9445749178017849,0.9672919672919673,0.9984483847059634,28.11208478249163,0.9985002375459591,28.549936750407575,1.0,0.5907108208687815,0.8801366675080002,30.391582169839666,0.5465465523247199,2554,6,0,1,13,1.9420289855072463,0.0,207,201,286.9655121145941,3.5479864118179836,0.02960226329782079,-0.01382712061116187,-0.49129046440080515,-0.00020536134164350628,-4.3154958771607355e-05,0.295316565481353,1278.1355381011963,0.6991978609625669,6,0,6,1,13,1.9420289855072463,0.0,6,0,207,201,193,1.4276891149979791,3.5479864118179836,286.9655121145941,0.02960226329782079,45719,17.900939702427564,25.660140955364135,256x256,65536,sparse,Learned,327,6,28,2535,30.902319734928042,0.6112797032428096,28.62536709113352,0.9985433925047307,0.704683434518647,0.6447736190750484,8,15,0.0,31,2360,31.059600010732787,0.6496385534977075,0.9981556689387505,27.700089350433036,0.24169277593830296,0.7114151346729372,3687,31.32472583460742,0.6668241078750303,0.998922285019871,29.94697008164171,0.20266988302850442,0.712363330529857,-0.07543034072594423,-0.054062798206266915,-0.5107375650883768,-0.06473315091808962,True,0.6067592791314017,0.5340310899142684,0.7134657836644591,28.603375246892433,0.9986537460476069,7857
7858.png,0.6278538812785388,0.8823970037453184,0.9375248706725031,0.9203125,0.9553933495539335,0.9993466583055773,27.957430931271364,0.9994180898983456,28.32991714556766,1.0,0.6518075726938024,0.7947766108484335,30.339171008160697,0.526745838253587,1944,4,6,14,10,2.0273972602739727,1.5,146,148,244.30865786510168,2.687910357566729,0.03886968711059881,-0.0036084525471627993,0.22020555983210954,-4.9262600475663554e-05,5.734645652999415e-05,0.36403190717911527,997.582197189331,0.6399099774943736,4,6,-2,14,10,2.0273972602739727,1.5,4,1,146,148,122,1.6507341747641988,2.687910357566729,244.30865786510168,0.03886968711059881,45909,23.61574074074074,33.711934156378604,256x256,65536,sparse,Learned,266,4,23,1943,30.561491755995654,0.5726051871877024,27.753489179826705,0.9993607434418156,0.6359680928208847,0.49338300763441045,5,1,0.875,28,1816,30.790071342512356,0.6138208114922197,0.9992821328755942,27.11771044559693,0.35453079547803124,0.6231046931407942,4548,31.493024793263096,0.6975224247949418,0.999636406325738,30.424641928299707,0.254936414280572,0.6371428571428571,0.5764279657409546,0.15842456505939195,-0.22232074783495648,-0.04585934893411536,True,0.5768379176822511,0.45845728522436724,0.6314623338257016,27.737225371439255,0.999395920906053,7858
7859.png,0.6460647030420087,0.8732597215554488,0.9323423885187083,0.9290091930541369,0.9356995884773662,0.998561529377532,27.93119716954452,0.9988040170480564,28.509542586014128,1.0,0.5893442472476544,0.6276536165091839,31.036475908141135,0.5776262958134338,2394,6,1,4,14,1.9492385786802031,0.16666666666666666,197,192,302.83556979968307,3.2255325753071586,0.04719038449648507,0.008445655422961051,-0.5587909304826368,-0.0002434604931198514,-2.5836448775629073e-05,0.35571428571428576,1215.8234119415283,0.660844250363901,6,1,5,4,14,1.9492385786802031,0.16666666666666666,6,0,197,192,179,1.5772685927066803,3.2255325753071586,302.83556979968307,0.04719038449648507,45187,18.875104427736005,27.375104427736005,256x256,65536,sparse,Learned,317,6,28,2301,31.387448912935586,0.6256662795284487,28.51627754644872,0.9988298534968321,0.6442857142857142,0.39160021800554656,13,10,0.0,37,2358,31.642473492334634,0.6717089272002691,0.9986192898949723,28.078003542897076,0.3325466069461055,0.6467263306641545,3856,31.96609911268348,0.6959134583438185,0.9992369595984367,30.914448681348286,0.2969877432354179,0.6488657844990549,-0.006734960434592097,0.19774402924210788,-0.3509730047944508,-0.04803998371501483,True,0.6028071441823737,0.3783540841036399,0.6376190476190476,28.48998810002716,0.9988049898706518,7859
7860.png,0.7060768912773874,0.8905982905982905,0.9421338155515371,0.9353680430879713,0.9489981785063752,0.9985856076981254,28.430849041269134,0.9986462840640852,28.64839418771128,1.0,0.7047698330759857,0.7280599190552696,31.40331370957041,0.5998362914105877,2477,5,7,18,13,2.01980198019802,1.4,202,204,356.84776310850293,3.27744069488922,0.0452889989227109,-0.010873635892117872,-0.210567691268146,-0.00018553679712329796,-6.0591218924432866e-05,0.27007299270072993,1336.6940021514893,0.726442507264425,5,7,-2,18,13,2.01980198019802,1.4,5,1,202,204,171,1.7492537407279527,3.27744069488922,356.84776310850293,0.0452889989227109,44896,18.125151392813887,26.457811869196608,256x256,65536,sparse,Learned,322,5,30,2432,31.733809236186072,0.6469401801152793,28.634057245670324,0.9987068752830096,0.7299270072992701,0.4744622912202534,12,11,0.0,41,2362,32.053181587772634,0.6869646492742971,0.9986981973951827,28.669947285426538,0.4924610479389149,0.7044812272910779,3563,32.1793822889805,0.6973190625577766,0.9992598019636534,31.24490411633399,0.3117728692569466,0.7069523039611965,0.014336942040955591,0.23030754185573232,-0.33049552661566395,-0.04710388870469162,True,0.7423105239119594,0.5404465399532159,0.7169505271695052,28.64141673253728,0.9987711444952487,7860
7861.png,0.5436005625879043,0.8654114365411436,0.9278504672897196,0.9261194029850747,0.9295880149812734,0.9990389433391811,28.30177059472779,0.9992725187868473,28.89342615925556,1.0,0.6880773379673533,0.4023609930115673,31.463773430097326,0.5937091848022165,2094,4,1,3,9,1.9657142857142857,0.25,175,172,263.5512985522211,2.568599531991141,0.03552217476548026,-0.02070920172185997,-0.3398873296736369,-0.00019753033406033627,-2.8131911321560565e-05,0.4065708418891171,938.1279945373535,0.5861571737563086,4,1,3,3,9,1.9657142857142857,0.25,4,0,175,172,163,1.5322749915826785,2.568599531991141,263.5512985522211,0.03552217476548026,44726,21.35912129894938,31.297039159503342,256x256,65536,sparse,Learned,295,4,27,2037,31.717799437709896,0.6311524749695375,28.73907698619963,0.9993006506981689,0.5934291581108829,0.32022947431967896,10,1,0.0,39,2084,32.11360292108632,0.6733094074375853,0.9992918739709629,28.939280831797003,0.20745025065322198,0.5518207282913166,4358,32.533446059928515,0.7265708292947972,0.9995742304816495,31.391040309256013,0.20329653010653848,0.565816678152998,0.15434917305593032,0.3678478636476743,-0.25402600761256977,-0.037443290167321064,True,0.7163459735002295,0.28822967723739024,0.5643097643097643,28.64165792440143,0.9992364736732414,7861
7862.png,0.5097276264591439,0.8516228748068007,0.9198664440734559,0.9402730375426621,0.9003267973856209,0.9992063813717373,27.960956417274826,0.9994039159068847,28.360590946876503,1.0,0.5704426417892609,0.381684851893864,30.82462520744167,0.5510260646959858,1775,4,2,5,10,1.9692307692307693,0.5,130,128,192.2670273047589,2.929210244692289,0.028597369961533076,-0.02304029952389386,-0.03201202517649904,-0.00015382920145157186,2.1770190460124184e-05,0.42088091353996737,821.8123912811279,0.5590421139554087,4,2,2,5,10,1.9692307692307693,0.5,4,0,130,128,115,1.5020861508184282,2.929210244692289,192.2670273047589,0.028597369961533076,45370,25.56056338028169,36.92169014084507,256x256,65536,sparse,Learned,250,4,22,1689,30.978091316096865,0.5819880942697436,27.86169381680155,0.9993821457164246,0.5791190864600326,0.2900068806144488,8,1,0.0,29,1608,31.209850581503726,0.6181665767044657,0.999236795223455,27.120397985530897,0.35853457917268017,0.5188216039279869,5226,32.225212145346795,0.735565141274924,0.9997139444189727,31.761784580283468,0.1993672617981488,0.5642054574638844,0.4988971300749512,0.28043576117481206,-0.15346610865519494,-0.03096202957375782,True,0.6132589765454988,0.2340716616353513,0.5327679259830378,27.992968442451325,0.9993602105731889,7862
7863.png,0.6486842105263158,0.8695652173913043,0.9302325581395348,0.9034907597535934,0.9586056644880174,0.9993583383570348,27.942002263034865,0.9992440077853535,28.133046218070056,1.0,0.5868729061217817,0.6891164854360622,30.31225164109742,0.5289302261064992,2119,5,4,7,10,1.9885714285714287,0.8,175,174,255.62236636408647,2.949042888368879,0.026468012432561073,0.018757690820236927,0.17680343221153905,-2.328192233824744e-05,3.8675871100180004e-05,0.3716129032258064,1070.2345371246338,0.6528398213146139,5,4,1,7,10,1.9885714285714287,0.8,5,1,175,174,158,1.4690940595637136,2.949042888368879,255.62236636408647,0.026468012432561073,45890,21.65644171779141,30.92779613025012,256x256,65536,sparse,Learned,295,5,24,2090,30.584386779972434,0.5804007833447878,27.7851037173603,0.9992053319142533,0.6283870967741936,0.3559635789168587,9,3,0.0,29,1988,30.83759399461645,0.620472288378118,0.9991130345659852,27.29286466668136,0.32294312550183535,0.6220371556694426,4251,31.383217586190767,0.6815214193643417,0.9994997092582669,30.65838220145769,0.32003522642110616,0.6423076923076924,0.3479425007097561,0.23090932720492297,-0.27213513887501506,-0.05147055723828864,True,0.6201580371486213,0.4273611269747848,0.6299265197060788,27.765198830823326,0.999381620279373,7863
7864.png,0.616793893129771,0.8828242363545318,0.9377659574468086,0.9293621507643648,0.9463231347289318,0.9985516302386934,28.91898688020258,0.9986406777547263,29.19521113514091,1.0,0.7071222521887052,0.48160002870459523,31.251411800179817,0.5819135541727628,2389,4,7,19,13,2.0306122448979593,1.75,196,199,342.8772003600257,2.736634057395312,0.05381743530822936,-0.018046127185109673,-0.025138330601091496,-0.00010829742137519194,3.0375371072643986e-05,0.35790005047955575,1220.3001976013184,0.6233569261880687,4,7,-3,19,13,2.0306122448979593,1.75,5,0,196,199,164,1.723001006834298,2.736634057395312,342.8772003600257,0.05381743530822936,44974,18.82544997907074,27.432398493093345,256x256,65536,sparse,Learned,318,5,28,2311,31.467485706803156,0.627449314692921,28.974722229997,0.9986103023836537,0.6420999495204442,0.3438286588292333,15,3,0.0,38,2288,31.766016166458936,0.6708069481051223,0.9984509384513564,28.59703588839142,0.1896613484063523,0.6075322101090188,3931,32.14307748523971,0.7034171295932692,0.9991047800926317,31.18186195560842,0.14560228960936383,0.6170634920634921,0.22048890514390962,0.36329359335947187,-0.2160739066233397,-0.045535760520158175,True,0.785618898573022,0.3783540841036399,0.6348400203148806,28.944125210803673,0.9986599276600686,7864
7865.png,0.65625,0.9303675048355899,0.9639278557114228,0.964572192513369,0.9632843791722296,0.998926031846449,27.556200218361866,0.9990389144850308,27.98557389369078,1.0,0.6394050598269216,0.6744855766195915,30.96047339727024,0.570496642942083,2082,4,0,0,8,1.950920245398773,0.0,163,159,227.75230867899757,3.1881693769817705,0.024825211518857346,-0.02087177121771222,-0.40332229774575623,-0.00015456775879507667,-2.8587190130879847e-05,0.32307692307692304,1118.0942058563232,0.6723684210526316,4,0,4,0,8,1.950920245398773,0.0,4,0,163,159,155,1.4324044571006125,3.1881693769817705,227.75230867899757,0.024825211518857346,45314,21.764649375600385,31.477425552353505,256x256,65536,sparse,Learned,283,4,25,1959,31.269865194550242,0.6087090062383563,27.98664838307307,0.9990675016751617,0.676923076923077,0.5132477440400283,7,6,0.0,33,2042,31.48431959363795,0.6527990422423078,0.9989148870536788,27.451923487198048,0.3251962244989649,0.6368715083798883,4323,32.06051134646886,0.7096273967627232,0.9994858058253647,31.01656614837864,0.32609536330722166,0.655045871559633,-0.0010744893822902668,0.12615731578689338,-0.30939179728000354,-0.03821236329627331,True,0.6587022446990063,0.44428516333642853,0.6771217712177122,27.959522516107622,0.9990805996052441,7865
7866.png,0.7284234752589183,0.9005747126436782,0.9476867251285153,0.9566544566544567,0.938885560215698,0.9987324000183254,27.674211384166448,0.9989898668763991,28.047603660608132,1.0,0.5415939886947765,0.746382010383237,30.24203529073806,0.5310700986251347,2271,5,0,1,13,1.9431818181818181,0.0,176,171,273.93762646933783,2.997388243675232,0.03959113694585198,0.03787311181135855,0.04857917196910577,-3.831133072784709e-05,0.00013838087758932804,0.2698497854077253,1119.0927028656006,0.77811004784689,5,0,5,1,13,1.9431818181818181,0.0,6,0,176,171,162,1.6019744237972953,2.997388243675232,273.93762646933783,0.03959113694585198,45963,20.23910171730515,28.857771906649052,256x256,65536,sparse,Learned,296,6,25,2249,30.571687686563504,0.5889291960479085,27.60410373526266,0.9988514859988098,0.7301502145922747,0.3755656574104006,11,3,0.0,30,2264,30.840289093231277,0.6356020180520957,0.9985604196354477,26.88772445505654,0.17990355790884227,0.7066950053134963,4127,31.297598398273596,0.6764905282704292,0.9993718300281339,30.08747841808119,0.164729788588728,0.7029598308668076,0.44349992534547056,0.16602833128437589,-0.3296523958254447,-0.05785909742277384,True,0.5624947908674507,0.4198359928377463,0.6905503634475597,27.625632212197342,0.9987707113490533,7866
7867.png,0.7951247823563552,0.9174311926605505,0.9569377990430622,0.9467455621301775,0.9673518742442564,0.9988089687656996,27.569331918461707,0.9989268492193086,27.954322005684112,1.0,0.7032899857059547,0.7123931513725615,31.14126597633772,0.5832920259383781,2353,4,9,18,9,2.057471264367816,2.25,174,179,282.83556979968307,3.059646051505516,0.04116769435340975,0.02398050374938998,-0.3080910269516117,-0.00014341285812413673,2.399612917680649e-05,0.2285401858939311,1213.083267211914,0.8097165991902834,4,9,-5,18,9,2.057471264367816,2.25,4,1,174,179,147,1.5800869821211319,3.059646051505516,282.83556979968307,0.04116769435340975,45195,19.20739481512962,27.852103697407564,256x256,65536,sparse,Learned,294,4,27,2202,31.432834369398392,0.6261760671258891,27.854195942698187,0.9989028530901318,0.7714598141060689,0.5695211748024971,7,8,0.0,37,2284,31.70188463370996,0.6714864502760473,0.9988629638263532,27.829215348799636,0.4242029361095355,0.7752192982456141,3914,32.023256461215034,0.6976191083617732,0.9994444990041197,30.898433460276706,0.40180958372124,0.7639344262295082,0.1001260629859253,0.1337688109034576,-0.29156839306067184,-0.04288404118751099,True,0.6350518535455063,0.4524065912322697,0.7711442786069652,27.87742294541332,0.9989523816238237,7867
7868.png,0.8230008984725966,0.9171806167400881,0.9568014705882353,0.955045871559633,0.9585635359116023,0.9993106390941922,26.64778947065553,0.9995341614975602,27.486103497686027,1.0,0.5913924013591516,0.6512943029787734,31.264877247219054,0.5852032934457854,1979,4,0,0,8,1.9428571428571428,0.0,140,136,203.99494936611677,2.6823423572949,0.03307572620549465,0.007539551839180203,-0.431552146895374,-0.00021042525846914906,4.722553265668061e-06,0.1887417218543046,915.30442237854,0.8549270072992701,4,0,4,0,8,1.9428571428571428,0.0,4,0,140,136,132,1.499962862986152,2.6823423572949,203.99494936611677,0.03307572620549465,45115,22.79686710459828,33.11571500757959,256x256,65536,sparse,Learned,260,4,25,1929,31.452929186507586,0.6177475648452101,27.117590395784422,0.9995294389442946,0.8112582781456954,0.6132589765454988,4,0,1.0,35,1842,31.70629939803554,0.6549446000360893,0.999492384070386,26.8976529122788,0.5034146962085904,0.8072487644151565,4685,32.448983385685494,0.729336565178083,0.9998009644182394,31.216014268313867,0.6357810204284766,0.7950413223140496,0.36851310190160547,-0.02186657518634716,-0.18805193928853114,-0.03254427139942473,True,0.5934303402594009,0.38649779982570287,0.8154613466334164,27.079341617550902,0.9995210643526613,7868
7869.png,0.7764705882352941,0.8908429351121893,0.9422706863373957,0.9186991869918699,0.9670836076366031,0.9992168390719189,27.46146163589148,0.9992784202515589,27.81246708375482,1.0,0.5034146962085904,0.8716758764474593,30.45713664630069,0.5511031747294698,2390,7,1,3,13,1.9314285714285715,0.14285714285714285,175,169,269.0782104868022,2.6965348168781826,0.041470394715031784,0.03658294778585591,-0.0965080805778058,-9.18045488110808e-05,1.6891549994402233e-05,0.24378109452736318,1134.4153881072998,0.7948874010955569,7,1,6,3,13,1.9314285714285715,0.14285714285714285,7,0,175,169,159,1.5921787602769346,2.6965348168781826,269.0782104868022,0.041470394715031784,45825,19.173640167364017,27.42092050209205,256x256,65536,sparse,Learned,295,7,26,2380,30.849793381441543,0.606602286462278,27.6250402052792,0.9992615287015645,0.7562189054726368,0.4344745613004628,10,9,0.0,32,2388,31.074013775237283,0.655738821330752,0.9990613289427627,26.779666127313433,0.38121660819385916,0.7544642857142857,3904,31.45994674131554,0.6774199115042191,0.9995850582191905,30.2184672048948,0.3473189236693539,0.7439024390243902,0.18742687847562323,0.06894013490812756,-0.39265673514085364,-0.05549911173280819,True,0.49626970631103673,0.43258633120299617,0.7398876404494382,27.557969716469287,0.99930864362073,7869
7870.png,0.5657030223390276,0.8790915163660654,0.9356558833985069,0.9333333333333333,0.9379900213827512,0.9989753861204808,27.654681652050435,0.999205809641293,28.40983395097639,1.0,0.6171071140248879,0.4292317211843,31.16681859307818,0.5827818489567168,1934,4,4,9,11,2.0,1.0,135,135,219.6518036156092,3.2586325892695673,0.03595071648823944,-0.05459053222383137,-0.2642289659292878,-0.00015889690575987547,0.00010522896065834342,0.37523931078493933,1047.7519035339355,0.5817339510258107,4,4,0,9,11,2.0,1.0,4,0,135,135,115,1.6270503971526595,3.2586325892695673,219.6518036156092,0.03595071648823944,44983,23.259048603929678,33.88624612202689,256x256,65536,sparse,Learned,255,4,25,1872,31.4519196716922,0.6155070728272457,27.907338994725297,0.9991005806806347,0.6247606892150607,0.4273611269747848,8,5,0.0,32,1684,31.620670264797184,0.6456566949411987,0.9989112362213936,27.36349563148086,0.48755988755913426,0.5869702719797596,4661,32.44595388375779,0.7293817968351579,0.9995993594441671,31.80587171533822,0.34576306963448034,0.6172607879924953,0.5024949562510947,0.18974598705010315,-0.28510107861401934,-0.0327252238705289,True,0.6654603930513924,0.2856367098894299,0.620293554562859,27.918910617979723,0.9991342830262406,7870
7871.png,0.5536828963795256,0.8717632552404438,0.9314888010540185,0.915210355987055,0.9483568075117371,0.999155321587364,28.165192575232176,0.999181879376527,28.362173876734293,1.0,0.7328646980341497,0.3895031215480694,31.432704706484905,0.5995741390506042,2125,4,8,16,14,2.0454545454545454,2.0,176,180,304.107647738325,2.706751424480568,0.04273113160167608,0.013466809944951752,-0.14368765077876233,-0.00010928584629388283,-8.989285829485993e-06,0.44786729857819907,975.987434387207,0.5687847008019741,4,8,-4,16,14,2.0454545454545454,2.0,4,0,176,180,146,1.689486931879582,2.706751424480568,304.107647738325,0.04273113160167608,44814,21.088941176470588,30.840470588235295,256x256,65536,sparse,Learned,296,4,27,1997,31.798267903062445,0.6349919223689691,28.23063535834368,0.9991908686623565,0.5521327014218009,0.31917123063692476,9,1,0.0,39,2048,32.02334252686221,0.6734611583917772,0.9991672625181995,28.333699585164954,0.2387984770633531,0.5246290801186944,4394,32.6280571596014,0.7314431948510987,0.9995740867254624,31.44314586842214,0.23356087249898083,0.5614558472553699,0.13153851839061304,0.4136934673972249,-0.3655631965775399,-0.03541778331836487,True,0.7509246953683317,0.2924875128934983,0.5402160864345739,28.30888022601094,0.9992646074336579,7871
7872.png,0.75,0.8864985163204748,0.9398348407392844,0.9454113924050633,0.9343236903831118,0.9992706686733293,28.05109529168323,0.9994263209251874,28.392705951025846,1.0,0.5580977904154747,0.7168931864508148,31.42774256229556,0.5939332251479464,2253,5,3,6,10,1.977900552486188,0.6,181,179,271.62236636408653,2.256331189561285,0.03216956431977577,0.0040578687367678334,-0.09992503510565243,-0.00013461704522199636,1.2085331059674687e-05,0.22582972582972582,784.9669456481934,0.7990762124711316,5,3,2,6,10,1.977900552486188,0.6,6,1,181,179,165,1.5174433875088618,2.256331189561285,271.62236636408653,0.03216956431977577,44865,19.913448735019973,29.08832667554372,256x256,65536,sparse,Learned,303,6,28,2187,31.734260451627215,0.6354907743191205,28.109929381744756,0.9994142355941277,0.7741702741702742,0.4456727152654929,8,1,0.8333333333333334,38,2238,32.00636705746079,0.6794269467320143,0.9993238228063804,27.700042408243828,0.42624657926256726,0.7665427509293681,4217,32.38936893687792,0.7185219623398142,0.9996972781393281,31.100476007549847,0.2908938175626016,0.7658643326039387,0.28277656928108996,0.11242507514998179,-0.3065178893316549,-0.041557549171174046,True,0.5838321717007806,0.4185453059230718,0.7459421312632322,28.15102032678888,0.9994052857185513,7872
7873.png,0.6151342554922702,0.8852725793327909,0.9391454466983168,0.9323050556983719,0.9460869565217391,0.9992443502955544,26.766835837705763,0.9994230966039135,27.382650468352484,1.0,0.5954581148969812,0.37340298259562965,30.24706847623087,0.5313457827904342,1917,4,3,7,10,1.984732824427481,0.75,131,130,209.82337649086298,2.788414516521774,0.03716303401390475,0.019754225686010818,-0.1553112546277653,-0.00011203148961225207,4.697348232984844e-05,0.40738007380073804,934.8773956298828,0.614516129032258,4,3,1,7,10,1.984732824427481,0.75,4,0,131,130,114,1.6140259730066373,2.788414516521774,209.82337649086298,0.03716303401390475,45854,23.919666145018258,34.1867501304121,256x256,65536,sparse,Learned,251,4,22,1800,30.594005636922383,0.5708385873384172,26.89951228007335,0.9993761231215836,0.592619926199262,0.24537810880176958,13,1,0.0,27,1730,30.792143889950644,0.6121502796198859,0.9992719147597067,26.62635688794637,0.4133537804899683,0.5675057208237986,4984,31.707073877752027,0.7133474076382512,0.9997209898144191,30.96047679642254,0.33965971929501715,0.5927029039463887,0.4831381882791348,0.3500800060952116,-0.3469371606915139,-0.039492804547982985,True,0.6302765554559411,0.23534714566734816,0.5953800298062594,26.922147092333528,0.9993563817851666,7873
7874.png,0.6241787122207622,0.9036222509702458,0.9493713897383622,0.9516348773841962,0.9471186440677966,0.9986426903967932,27.678739062322848,0.9987525928145701,28.17973560247931,1.0,0.5831379803214916,0.6224593312018546,30.493236929782963,0.5375192937390574,1955,4,2,4,8,1.9699248120300752,0.5,133,131,191.33809511662446,3.45635055420094,0.0322473673562708,0.007144011905304781,0.14278662165789768,3.901299519271095e-05,0.00024204310538222806,0.36258808456117875,1284.2974662780762,0.6521447721179625,4,2,2,4,8,1.9699248120300752,0.5,4,0,133,131,121,1.4605961459284298,3.45635055420094,191.33809511662446,0.0322473673562708,45790,23.421994884910486,33.522250639386186,256x256,65536,sparse,Learned,253,4,22,1819,30.648019346773783,0.5735846861161056,27.555038992746063,0.9985105497091878,0.6374119154388213,0.4128647048871784,8,2,0.0,29,1906,30.92645469711279,0.6237342792642064,0.9982739906310096,26.984139384028655,0.3188685728204529,0.5966709346991037,4841,31.744662027382642,0.7118515913855649,0.9991397979902791,30.89553111293428,0.29531191028128656,0.62508038585209,0.6246966097332489,0.17027327543431314,-0.15478241699081963,-0.0360653923770482,True,0.6321205588285577,0.3934693402873666,0.6170347003154574,27.53595244066495,0.9986036774016005,7874
7875.png,0.7799607072691552,0.9194407456724367,0.9580298300381547,0.9630404463040446,0.9530710835058661,0.9990009993502693,26.76581797232599,0.9992703469911942,27.44888674234913,1.0,0.6518075726938024,0.7756988653666,30.772522229095426,0.5666702940941519,2197,4,2,4,9,1.9753086419753085,0.5,162,160,240.0660171779823,2.966178774833679,0.031603507999921954,0.007425922030195764,-0.5147232196355702,-0.0002712363606988122,-1.192959894547041e-05,0.22580645161290325,959.9499702453613,0.8153122901276024,4,2,2,4,9,1.9753086419753085,0.5,4,0,162,160,149,1.5004126073623885,2.966178774833679,240.0660171779823,0.031603507999921954,45510,20.71461083295403,29.829767865270824,256x256,65536,sparse,Learned,282,4,25,2050,31.09177385237745,0.6067886204020249,27.25164361563054,0.9992822765901397,0.7741935483870968,0.6093721646414789,5,3,0.0,33,2182,31.437877745468327,0.6590285569727893,0.9992357825368938,27.203724372707136,0.6988057880877979,0.7872208436724566,4091,31.836014813704338,0.6934908648724614,0.9996766941380292,31.01043845640926,0.5650394753750843,0.7603458925262507,0.19724312671858968,0.04243540805232349,-0.3192516232820246,-0.04011832630787293,True,0.668789117758019,0.5187789598144248,0.7725347852389595,27.28054119196156,0.9992722357109681,7875
7876.png,0.5433186490455213,0.8591749644381224,0.9242540168324407,0.9035153328347045,0.9459671104150352,0.9991889963368418,28.805330123300234,0.9989745445275847,29.223597736181766,1.0,0.6942538205012883,0.37595805850336816,31.80622904302222,0.610952212045345,2084,4,4,10,10,2.0,1.0,180,180,273.6421312019236,2.5455238501230877,0.024230219824971342,0.008727454076967844,-0.15403463262993355,-5.0515522297178705e-05,-3.7607278396967203e-06,0.4579630895420369,1014.4946575164795,0.5531609195402298,4,4,0,10,10,2.0,1.0,4,1,180,180,160,1.520234062232907,2.5455238501230877,273.6421312019236,0.024230219824971342,44410,21.309980806142036,31.44721689059501,256x256,65536,sparse,Learned,300,4,28,2005,32.094671757519734,0.6465373743299152,29.10156879928231,0.9989783052554244,0.5420369104579631,0.2917796465322,12,4,0.0,42,2046,32.40094558700429,0.6823577432351549,0.99882614918108,29.139304862674106,0.24097023456934907,0.5284167794316644,4486,32.93718215171125,0.742226659183413,0.9994268183467375,32.09245569926161,0.18976810535917776,0.5411764705882353,0.12202893689945427,0.40247417396908824,-0.28844271449751346,-0.035585162284570204,True,0.6246889011486004,0.2348568264444303,0.5345911949685535,28.959364755930167,0.999239511859139,7876
7877.png,0.682943143812709,0.90956749672346,0.9526424159231297,0.9422946367956552,0.9632199861207494,0.9989594385857283,27.87560142744169,0.9990935889785674,28.41344524076397,1.0,0.6394050598269216,0.6893395566429796,30.926072429065034,0.5703469066763751,2066,4,3,8,8,1.9871794871794872,0.75,156,155,226.23759005323623,3.1208977217857656,0.0362724574585568,0.03329525648876541,-0.042849962863147795,-6.134973047189352e-05,0.00011378690277841219,0.3480534572922719,1227.9579639434814,0.6941489361702128,4,3,1,8,8,1.9871794871794872,0.75,4,0,156,155,140,1.4595973551821675,3.1208977217857656,226.23759005323623,0.0362724574585568,45275,21.91432720232333,31.721200387221685,256x256,65536,sparse,Learned,276,4,25,1913,31.296511707430685,0.6073674253831235,27.927286436388307,0.998979802075789,0.6519465427077281,0.5740074125998693,6,11,0.0,33,1850,31.466689936007906,0.6454618561775953,0.9988437824234532,27.360419588060815,0.33368983257511364,0.6343023255813953,4227,32.04260398902595,0.7055682674932304,0.9994670458400902,31.07195755146112,0.25695598763806016,0.6357771260997067,0.4861588043756626,0.06539764722705232,-0.3704392783656516,-0.037020518706748384,True,0.6302765554559411,0.4344745613004628,0.6496478873239436,27.91845139030484,0.9990207883162002,7877
7878.png,0.6873469387755102,0.8879242304656669,0.9406354515050167,0.9406354515050167,0.9406354515050167,0.9993154069101085,26.56894484804837,0.9995580582917706,27.23734318166128,1.0,0.5717293827873404,0.6554959927985579,30.180805254935645,0.5255023192776485,2114,5,5,10,11,2.0,1.0,153,153,240.55129855222089,2.5646432178472383,0.04698533985653829,0.015853036336485826,-0.49549337478561384,-0.0001975377927602162,5.372731704089695e-06,0.3065637065637066,883.3775520324707,0.7139303482587065,5,5,0,10,11,2.0,1.0,5,0,153,153,132,1.5722307094916386,2.5646432178472383,240.55129855222089,0.04698533985653829,46028,21.77294228949858,31.000946073793756,256x256,65536,sparse,Learned,273,5,23,2005,30.486468287619427,0.5729049340577465,27.051815724377484,0.9995526855600665,0.6934362934362934,0.4530146904576581,6,0,0.9,28,1984,30.706953071383577,0.6160161606208938,0.9994776056129204,26.473493312821134,0.4602594223763874,0.6911764705882353,4486,31.370380616740732,0.6901807356490601,0.9997677022207699,30.59018526097762,0.3559635789168587,0.699922660479505,0.18552745728379705,0.11871469232968235,-0.3056630326837819,-0.047402614780097996,True,0.5768379176822511,0.37811494353498,0.6714939024390244,27.064438222833985,0.9995129447028687,7878
7879.png,0.880894800483676,0.9284425736620565,0.9628936700966635,0.9584109248913718,0.9674185463659147,0.9990319849562631,26.834874720742178,0.9991429961606036,27.207442747478126,1.0,0.5379120324163,1.057433986376429,30.08576323724717,0.5284203891010777,2163,5,3,5,9,1.9701492537313432,0.6,134,132,213.55129855222086,3.567576360346666,0.05236548900683636,0.07126913203447816,-0.16523273879784028,-8.729630559978219e-05,2.0504996818493382e-05,0.1774798927613941,1121.9725608825684,0.8968446601941747,5,3,2,5,9,1.9701492537313432,0.6,5,0,134,132,120,1.617812867819854,3.567576360346666,213.55129855222086,0.05236548900683636,46082,21.30466944059177,30.298659269533054,256x256,65536,sparse,Learned,254,5,23,2069,30.44495006343693,0.5764227973410414,27.01789053941684,0.9991224911637852,0.8225201072386059,0.5180910099097975,6,5,0.0,29,2150,30.702630632021393,0.6284146430451344,0.9989659682343346,26.462933417282887,0.4543154872506372,0.829613500272183,4272,31.238034037457787,0.6778916955386455,0.9995866101813355,30.257267642730923,0.5358279508956382,0.8169014084507042,0.18955220806128636,0.019821022506502528,-0.3591868261897595,-0.04800240823996371,True,0.5360599789083533,0.5668480404339246,0.8096256684491978,27.00010745954002,0.9991192812618629,7879
7881.png,0.49225159525979945,0.8339285714285715,0.9094449853943525,0.9377510040160643,0.8827977315689981,0.9991715172815856,27.13993615325701,0.9995923391285677,28.219212032174408,1.0,0.5747168089177259,0.34891016290607707,30.74934619048978,0.5546825321261704,1779,4,0,0,8,1.9420289855072463,0.0,138,134,187.3675323681473,2.5689872088639634,0.028451161271531016,-0.009056164112476006,-0.45732310506382845,-0.0002855941433068665,6.198086971320738e-05,0.44714686623012156,867.3315048217773,0.5547877591312932,4,0,4,0,8,1.9420289855072463,0.0,4,0,138,134,130,1.3982651669264712,2.5689872088639634,187.3675323681473,0.028451161271531016,45339,25.48566610455312,36.83867341202923,256x256,65536,sparse,Learned,258,4,23,1774,31.049100289344555,0.590188995894832,27.382815383027733,0.9995303582588545,0.5528531337698784,0.20863818410441615,10,0,0.25,31,1674,31.322486599723035,0.6263094426987881,0.9995226415084745,27.426975113734034,0.19015231394818655,0.5260170293282876,5124,32.261170017805135,0.7342027987518777,0.9997863436118765,31.547432553086953,0.10691804113852665,0.547641073080481,0.8363966491466748,0.36607862481330977,-0.29975409885477333,-0.03550646376866162,True,0.5934303402594009,0.20705387669331632,0.5013077593722755,27.59725925832084,0.9994571114248925,7881
7882.png,0.6654107008289375,0.7856614929785661,0.8799668874172186,0.9008474576271186,0.860032362459547,0.9990754222795942,26.776656162514495,0.9994931180805648,27.8217398309936,1.0,0.5379120324163,0.5984307246813594,30.043130999899695,0.5181069555497424,1913,5,2,6,12,1.9580419580419581,0.4,143,140,222.72287142747462,2.631290242388532,0.03790583493304459,0.03150568763632533,-0.6885363030177771,-0.0003303288787606107,1.4670988518483696e-05,0.33836650652024713,997.6916313171387,0.7427184466019418,5,2,3,6,12,1.9580419580419581,0.4,5,0,143,140,125,1.5908776530533892,2.631290242388532,222.72287142747462,0.03790583493304459,46036,24.06481965499216,34.25823314166231,256x256,65536,sparse,Learned,263,5,21,1876,30.232888038835483,0.5586267597538823,27.4226012243642,0.9994784470920464,0.6616334934797529,0.2704917597879608,13,1,0.0,26,1852,30.586629391797487,0.608064540454074,0.9993198497537613,26.51956098965449,0.271426427488607,0.6589635854341737,4816,31.46099521722382,0.7032262013721371,0.9997557654871746,31.036163563999697,0.2259771208112077,0.6561024949426838,0.3991386066293998,0.26742027262833923,-0.1897570389357881,-0.04051980420413992,True,0.5648219407336433,0.338006803309166,0.6339050131926122,27.465192465532272,0.9994057511583548,7882
7883.png,0.6782222222222222,0.8885987815491732,0.9410138248847927,0.9462465245597775,0.9358386801099908,0.999390165731245,26.171734324999694,0.9995693684911076,26.85646657149588,1.0,0.44678026191912623,0.6634583185979266,30.40702497761074,0.5404192332306964,1887,5,1,2,10,1.9310344827586208,0.2,116,112,171.99494936611677,2.9359555080019195,0.03164822316167422,0.006347222222222171,-0.3849919460101603,-0.0001532974296218903,3.2436570738259007e-06,0.3073701842546064,847.348690032959,0.717948717948718,5,1,4,2,10,1.9310344827586208,0.2,5,0,116,112,104,1.535669190768899,2.9359555080019195,171.99494936611677,0.03164822316167422,45795,24.268680445151034,34.730259671436144,256x256,65536,sparse,Learned,236,5,21,1808,30.542051137236772,0.5719885591582451,26.550450209402243,0.9995661248340337,0.6926298157453936,0.3522728358590512,7,1,0.30000000000000004,29,1872,30.95699426551591,0.6231032023023458,0.9995043643370318,26.359492216593985,0.3451396900433503,0.6630434782608695,4822,31.789648097800452,0.710476785253826,0.99982687764504,31.27824380141073,0.2750602033411693,0.6892797319932998,0.3060163620936365,0.094507426060075,-0.13502615962603315,-0.031569325927548686,True,0.47059418229130545,0.3122196249249557,0.671875,26.556726271009854,0.9995434631608668,7883
7884.png,0.5852359208523592,0.8927514792899408,0.9433372411098084,0.932046332046332,0.9549050632911392,0.9990473806882751,28.345571815494843,0.9991169341141802,28.480461771989994,1.0,0.5529120734406436,0.45265200540485123,31.612675385798422,0.5975699077313923,1793,4,1,3,9,1.951219512195122,0.25,123,120,191.13708498984775,3.2860738494531896,0.03139365819126196,-0.02440095065602066,0.11625220243506362,-6.881692537108464e-05,3.6543959759605116e-05,0.361851332398317,1095.062494277954,0.6137404580152672,4,1,3,3,9,1.951219512195122,0.25,4,0,123,120,111,1.5928090415820635,3.2860738494531896,191.13708498984775,0.03139365819126196,44707,24.93418851087563,36.551031790295596,256x256,65536,sparse,Learned,243,4,24,1695,31.708579450837263,0.6206106278474264,28.203238988961715,0.9990803901544206,0.638148667601683,0.3341338913173695,9,2,0.0,35,1684,32.01968380634902,0.6587151656736281,0.9990022979428207,28.03921610917218,0.31954936379541243,0.5940450254175744,5140,32.9452063818514,0.7510844086558427,0.9995768695029277,32.36672299101589,0.2806532458486294,0.6126510305614783,0.27722278302827874,0.21877818212327416,-0.09590406503884097,-0.023040720116034086,True,0.5725850680512734,0.2591817793182821,0.6096368715083799,28.22931961305978,0.9991161976136462,7884
7885.png,0.552064631956912,0.8562822719449226,0.9225776541492815,0.9037238873751136,0.9422348484848485,0.9993398090193877,27.965179370355497,0.9993626238468535,28.555185850992814,1.0,0.5276334472589853,0.7546439437098009,30.935015567593087,0.5550797420909626,1748,4,6,7,10,2.034188034188034,1.5,117,119,183.06601717798222,3.1049602357750263,0.04186466405555473,-0.006784539795485545,0.19094681763225196,-9.590036223761089e-05,7.186431619632394e-05,0.43600682593856654,1079.411506652832,0.5657546337157988,4,6,-2,7,10,2.034188034188034,1.5,4,0,117,119,100,1.538369892251951,3.1049602357750263,183.06601717798222,0.04186466405555473,45294,25.911899313501145,37.49199084668192,256x256,65536,sparse,Learned,237,4,23,1746,31.07816188272041,0.5890234617576424,27.6930240891812,0.9992907595306572,0.5639931740614335,0.41491608640829314,5,2,0.0,30,1572,31.31189216434248,0.618961215680554,0.9991574938084815,27.414156922324825,0.3644937371043776,0.5500863557858376,5122,32.2625441934423,0.7332657915909349,0.9996795370421496,31.64485513477414,0.24421625854427453,0.5641025641025641,0.8621617618116133,0.11271736085069217,-0.14314631512732134,-0.03394371966667986,True,0.5529120734406436,0.41725174762601036,0.5588491717523976,27.774232552723245,0.9994357093816253,7885
7886.png,0.5361305361305362,0.8870356330553449,0.9401366010445962,0.924901185770751,0.9558823529411765,0.9992753545995811,27.823865796132594,0.999423487728082,28.344046338733136,1.0,0.590164737988921,0.34906010779972463,30.609893497680485,0.5491719726191073,2129,5,0,0,10,1.945945945945946,0.0,185,180,254.03657992645952,2.4700289481395,0.016082140089888758,0.01910925953479148,-0.10279008686425328,-0.00015782830452260033,-1.2955230523026273e-05,0.46370683579985905,800.3466129302979,0.5655546935608999,5,0,5,0,10,1.945945945945946,0.0,5,0,185,180,175,1.411314332924774,2.4700289481395,254.03657992645952,0.016082140089888758,45575,21.40676373884453,30.78252700798497,256x256,65536,sparse,Learned,305,5,25,2034,30.99437850771244,0.5958393137659356,27.965556908104688,0.999436442958605,0.536293164200141,0.2467313435453431,12,2,0.0,31,1960,31.1722176124462,0.6332811760529501,0.9992815705993241,27.362716013348095,0.3296799539643608,0.4943502824858757,4197,31.71219525950406,0.6950771244278452,0.9996613862145788,30.739929313734883,0.16889571614787435,0.5266393442622951,0.37848943062844853,0.3434333944435779,-0.38448501003195545,-0.046667341146828245,True,0.6078065241064949,0.21216101082598904,0.5170212765957447,27.926655882996847,0.9994331829041037,7886
7887.png,0.8285498489425982,0.9032017870439315,0.9491392801251956,0.9536163522012578,0.9447040498442367,0.999361987526959,26.31456720008933,0.9994839953448561,27.117547461986327,1.0,0.6500622508888447,0.8450578949701306,30.176496734191616,0.5300765437680074,2196,4,11,16,6,2.08187134502924,2.75,171,178,251.69343417595206,2.552463444352847,0.030052932651419218,0.012223318330353283,-1.017777070868938,-0.00021402569772488444,-3.792591125184597e-05,0.2034965034965035,1007.5037479400635,0.8674418604651163,4,11,-7,16,6,2.08187134502924,2.75,4,5,171,178,149,1.4140080571682678,2.552463444352847,251.69343417595206,0.030052932651419218,46048,20.96903460837887,29.84335154826958,256x256,65536,sparse,Learned,291,4,24,2142,30.550017051849796,0.5828023032716432,27.28650232435088,0.999521921256108,0.7965034965034965,0.680180978183696,4,3,0.8,29,2042,30.792816610561605,0.625029261532351,0.9993659264880123,26.350178610418414,0.5751418795380754,0.815845824411135,4249,31.34248564966601,0.6817726505153598,0.9997682580245383,30.515520215349422,0.5566223253078513,0.8057705840957072,-0.16895486236455426,-0.030118727294851322,-0.37352031765817983,-0.05272575950363578,True,0.7003080004867537,0.5918008047220773,0.8163265306122449,27.332344270958266,0.9995760132246839,7887
7888.png,0.6402714932126696,0.9061317183951552,0.9507545671167594,0.9606741573033708,0.9410377358490566,0.9992687139112346,26.71221506834099,0.9994858580932519,27.33995183688055,1.0,0.6132589765454988,0.5741160148021497,30.341186064451882,0.5324136030205323,2005,4,1,3,9,1.96,0.25,150,147,223.86500705120562,2.8264932425816855,0.0333170309485763,0.017029450281507486,-0.2627712255658743,-0.00014584500481706897,3.5159762618808266e-05,0.371900826446281,968.0385589599609,0.658179012345679,4,1,3,3,9,1.96,0.25,4,0,150,147,138,1.5228912044299692,2.8264932425816855,223.86500705120562,0.0333170309485763,45886,22.885785536159602,32.686284289276806,256x256,65536,sparse,Learned,270,4,22,1808,30.589475432150806,0.5702439958108887,26.996091494719472,0.999450698330633,0.628099173553719,0.3069593799135585,9,1,0.0,28,1916,30.871606568969074,0.6177924994646598,0.9994339836575417,27.111303806118766,0.3330231891415256,0.6079460269865068,4588,31.563330999074783,0.6990602720369089,0.999750269764308,30.953978390337305,0.2347096693771743,0.6531835205992509,0.3438603421610793,0.3062995966319403,-0.2482893676989235,-0.03783039279035638,True,0.6339553651959846,0.3639639278287601,0.6232420429311621,26.974986293906863,0.9994145589160517,7888
7889.png,0.7,0.8941176470588236,0.9440993788819876,0.9330357142857143,0.9554285714285714,0.9987672082120286,28.128677041865302,0.9989267704646686,28.48536668749887,1.0,0.7149241517755465,0.7536966985159763,31.054929430394786,0.5808289006113616,2317,4,3,7,10,1.9894179894179893,0.75,189,188,292.6639969244292,3.0750535972534663,0.04083159655125882,0.01240804315841093,-0.16733285283311972,-0.00012524500552346662,2.8367375339399814e-05,0.29180971064247185,1157.0539474487305,0.7286245353159851,4,3,1,7,10,1.9894179894179893,0.75,4,0,189,188,172,1.556723387895898,3.0750535972534663,292.6639969244292,0.04083159655125882,45128,19.47690979715149,28.28485110056107,256x256,65536,sparse,Learned,309,4,27,2173,31.456848441108484,0.6254474608311071,28.287715958654843,0.9988984030893292,0.7081902893575281,0.5704426417892609,8,8,0.0,37,2280,31.711791674865324,0.6717626032825054,0.9987709298500228,28.04463557436028,0.4551652423542837,0.7137896825396826,4111,32.11664143828051,0.7056586328183423,0.9993590640163057,30.904905045389867,0.31613859078764417,0.712632594021215,0.19765072884402812,0.14448150998628562,-0.40191901071369784,-0.04461856021974553,True,0.7407597393541085,0.5583081699447467,0.687591956841589,28.29600989469842,0.998892453217552,7889
7890.png,0.8081113801452785,0.9264437689969605,0.9618176080782582,0.9548872180451128,0.9688493324856962,0.9989415205105467,27.898710215887846,0.9989865939353496,28.097144502909998,1.0,0.6190168002606627,0.8358872042958806,31.659468115098754,0.6086993639521844,2091,4,3,6,8,1.9852941176470589,0.75,136,135,217.3086578651016,3.5369657015099243,0.03191786555007048,0.00683675673855777,-0.2547922445888666,-0.00013495707610378105,-2.5679976294212814e-05,0.1853997682502897,1164.8294925689697,0.8242424242424242,4,3,1,6,8,1.9852941176470589,0.75,4,1,136,135,122,1.6096937619637142,3.5369657015099243,217.3086578651016,0.03191786555007048,44746,21.399330463892873,31.341941654710666,256x256,65536,sparse,Learned,256,4,27,1996,31.854356739597005,0.6390986522309111,28.14634188936532,0.9990122739116438,0.8146002317497103,0.6246889011486004,5,5,0.0,40,2050,32.186316295872956,0.6775157254646956,0.9990614730147162,28.43770153855537,0.6183812988236732,0.8010440835266821,4271,32.630329293471945,0.7260356055250563,0.9995447601044632,31.577565425848476,0.6394050598269216,0.7948568088836937,-0.049197386455322345,-0.005672100887937681,-0.19488862449825106,-0.030399288278726733,True,0.6569914825812934,0.549170773621083,0.8012746234067207,28.153502460476712,0.9990764775866505,7890
7891.png,0.6143286143286143,0.8767301038062284,0.9343166628255358,0.9371243643088303,0.9315257352941176,0.9984736926414844,27.43425778317723,0.9987923949413019,28.05724242552877,1.0,0.7252792083017052,0.5366658889743626,31.033127818767706,0.5940631121853287,2692,5,6,15,13,2.009132420091324,1.2,219,220,367.261976670876,3.0626158997348454,0.05094212476366343,-0.03418824873518089,-0.8757049969891675,-0.0004367112851083599,-7.549628701764011e-05,0.3507340946166395,1176.933765411377,0.6361256544502618,5,6,-1,15,13,2.009132420091324,1.2,5,0,219,220,191,1.669372621231252,3.0626158997348454,367.261976670876,0.05094212476366343,45190,16.786775631500742,24.344725111441306,256x256,65536,sparse,Learned,339,5,31,2683,31.610277606822038,0.6509059243150508,28.301549831946346,0.9988678912283195,0.6492659053833605,0.4796914787936931,12,7,0.0,40,2624,31.89040360521265,0.6934521224191392,0.9987389916677957,28.185396983972538,0.3657386069564551,0.6194616977225673,3459,31.929052460348867,0.6865697181406691,0.9991314809817392,29.934847114701924,0.37241888722351946,0.626628664495114,-0.2443074064175761,0.2455877295080121,-0.5771497880543315,-0.05684281212972209,True,0.6581329408187211,0.3531974997477906,0.6485168630637952,28.309962780166398,0.9989104039265928,7891
7892.png,0.565811032222829,0.9001057082452432,0.9474269819193324,0.9498047964305633,0.9450610432852387,0.9987908057609259,27.35534032298991,0.9989408686339956,27.96379516798556,1.0,0.5212930511800946,0.37089834585959575,30.38426223964176,0.542027230857541,2282,6,6,11,12,2.0,1.0,163,163,252.79393923934035,3.450112775790911,0.041106624177761036,0.003343978980868023,0.023633521947111547,-3.667080126668054e-05,9.106395231039954e-05,0.42902711323763953,1204.5433521270752,0.5798783858485351,6,6,0,11,12,2.0,1.0,6,1,163,163,140,1.5508830628180366,3.450112775790911,252.79393923934035,0.041106624177761036,45915,20.1205083260298,28.718667835232253,256x256,65536,sparse,Learned,283,6,25,2258,30.68115664530231,0.5943903177397124,27.369821468183964,0.9988498046816852,0.5709728867623605,0.22997579790282918,15,1,0.25,30,2030,30.889115336567667,0.6284164767500847,0.9985704324986213,26.88962909283251,0.23720749486476878,0.5407680168332457,4044,31.396427135701718,0.6748888937042368,0.9993475168140387,30.523627761659235,0.3012494996589822,0.5712782745923198,0.5939736998015945,0.29131725327726543,-0.2968944056605487,-0.052363086882171395,True,0.5400634191250032,0.20030862881274125,0.562467053241961,27.3317068010428,0.9988274765621926,7892
7893.png,0.5646029609690444,0.8868421052631579,0.9400278940027894,0.9354614850798056,0.9446391030133147,0.9989129804518151,27.84046664707915,0.9990653464520952,28.06890875554172,1.0,0.5717293827873404,0.7396002696976254,30.993084051660993,0.5669761496882478,2127,5,4,8,11,1.9877300613496933,0.8,163,162,246.2792206135788,2.816343307495117,0.028396229893558535,-0.015789195893700758,0.2078715509969271,2.461568653577828e-06,8.33137817328744e-05,0.395778364116095,1194.9269771575928,0.5922396187882913,5,4,1,8,11,1.9877300613496933,0.8,5,0,163,162,144,1.5202421025529542,2.816343307495117,246.2792206135788,0.028396229893558535,45354,21.322990126939352,30.811471556182415,256x256,65536,sparse,Learned,283,5,25,2022,31.161054928757594,0.6066061618738051,27.670574320526093,0.9989820326703623,0.604221635883905,0.3381572392127773,11,4,0.0,33,2100,31.45321827275431,0.65206164515606,0.99877174339504,27.40353767411586,0.34031972951561096,0.6163480553724456,4367,32.00326568268446,0.707125600733127,0.9994794020192965,31.256361915463895,0.24840341534736698,0.5984147952443857,0.39833443501562726,0.23357214357456313,-0.1679708770966002,-0.039630012185557284,True,0.5950533706734951,0.44010163343459796,0.5803921568627451,27.632595096082223,0.9989105188831615,7893
7894.png,0.5793382849426063,0.8811748998664887,0.9368346344925479,0.953757225433526,0.9205020920502092,0.9988808118689009,28.131843644381547,0.9992180597841052,28.507557463542746,1.0,0.6654603930513924,0.630253102895247,31.741153297338563,0.608440904091062,2057,4,4,6,9,2.0,1.0,162,162,257.32085117392154,2.736201262768404,0.045473344569669547,0.012036906085088228,-0.17624763390187326,-0.0002021898539860123,3.1789234701262714e-05,0.38827586206896547,992.5136566162109,0.6303418803418803,4,4,0,6,9,2.0,1.0,4,0,162,162,147,1.5884003158884024,2.736201262768404,257.32085117392154,0.045473344569669547,44634,21.6985901798736,31.859990277102575,256x256,65536,sparse,Learned,282,4,27,1980,31.90973645345423,0.6401598452389068,28.205721751227742,0.9991862705494039,0.6117241379310345,0.49942608058837235,5,4,0.0,40,2036,32.25794815755518,0.6800211587506152,0.9991260518457267,28.249649405735862,0.4419648542299529,0.6015193370165746,4528,32.803123009391264,0.7385951317546534,0.99960190512852,31.816160635909696,0.31613859078764417,0.6109215017064846,0.30183571231500395,0.16603431246302003,-0.1685831561156661,-0.03171894114784479,True,0.6833632306209467,0.43069179650337197,0.5673013788575181,28.30809127828342,0.9990830017228869,7894
7895.png,0.7332892124420913,0.8891786179921773,0.9413388543823327,0.9498607242339833,0.93296853625171,0.9990779145165476,27.53860945527911,0.9992508288706216,27.88599705851094,1.0,0.48829142221345756,0.5878335862397102,31.55821728776258,0.6076715939063441,2142,6,3,7,13,1.9602649006622517,0.5,151,148,233.27922061357887,3.0578846489356843,0.03024857631709911,0.012141364656688913,-0.2888997851445332,-0.00015630714431691395,-2.7830226840497296e-05,0.2843691148775894,1043.49684715271,0.7591587516960652,6,3,3,7,13,1.9602649006622517,0.5,6,0,151,148,131,1.576210950091747,3.0578846489356843,233.27922061357887,0.03024857631709911,44649,20.84453781512605,30.595704948646127,256x256,65536,sparse,Learned,271,6,27,2044,31.848916845398577,0.642620748454562,27.859523101769245,0.999278659097462,0.7156308851224106,0.3644937371043776,9,3,0.0,41,2064,32.208240551663906,0.6794728433228604,0.9992977792538651,28.14021948985819,0.30348549934896296,0.6937618147448015,4302,32.705640544153205,0.7309919116197501,0.999679862928764,31.732929297177282,0.2575336860691625,0.7097378277153558,0.026473956741696725,0.12379768510907996,-0.2906995576359961,-0.0349491545482179,True,0.5734390436549086,0.3370867295215346,0.7211478477854024,27.827509240423645,0.9992342216608645,7895
7896.png,0.7700063011972275,0.8775380710659898,0.9347752619128084,0.9498626373626373,0.9201596806387226,0.9989423587592805,28.163916842227703,0.9992495326235414,28.4883513600212,1.0,0.5700128695807603,0.9038228415773317,31.072764742671918,0.5703793164072984,2044,5,1,3,11,1.9470198675496688,0.2,151,147,231.6518036156091,2.983979280421276,0.04144636569490207,0.002981211591492672,-0.08923133062151933,-0.0001292823079033223,2.424753851926198e-05,0.22824102251978085,910.2551937103271,0.8159105851413544,5,1,4,3,11,1.9470198675496688,0.2,5,0,151,147,137,1.5758626096299935,2.983979280421276,231.6518036156091,0.04144636569490207,45192,22.10958904109589,32.06262230919765,256x256,65536,sparse,Learned,271,5,25,1924,31.311406952224253,0.6084047332577862,28.19268793948632,0.9992252850850222,0.7717589774802192,0.533667855755636,7,6,0.0,33,2022,31.52094343778333,0.6518679574522328,0.9990606561606169,27.610405363512413,0.2512961478989305,0.7427007299270073,4566,32.188464781720526,0.7200606982868412,0.9996041113401382,31.331398265892698,0.12145796634382955,0.7627017334130305,0.29566342053487915,0.03634501382512423,-0.23864220955233506,-0.03802541685048777,True,0.5785271852240825,0.5228860844789656,0.7670250896057348,28.253148172849222,0.9990716410671838,7896
7897.png,0.6578947368421053,0.9209726443768997,0.9588607594936709,0.9498432601880877,0.9680511182108626,0.9982892640139663,27.877518934943424,0.9982945447107637,28.143430801309925,1.0,0.6972960458178572,0.6089142400928546,30.708229806240563,0.5573380507891491,2236,4,5,10,9,2.0116959064327484,1.25,171,172,276.3502884254444,3.543204070531834,0.04612957100129198,0.005268374106723761,-0.06418030449595946,-7.013987105808361e-05,3.506855968560263e-05,0.3548072230356272,1318.2613849639893,0.6560353287536801,4,5,-1,10,9,2.0116959064327484,1.25,4,1,171,172,152,1.6066877234037444,3.543204070531834,276.3502884254444,0.04612957100129198,45474,20.337209302325583,29.30948121645796,256x256,65536,sparse,Learned,291,4,26,2155,31.062591397394847,0.6054308575284407,28.019427309820184,0.9982594761510781,0.6451927769643728,0.6209169618966012,6,11,0.0,32,2214,31.27910680597966,0.6498624132299534,0.9978788017952931,27.433109999897432,0.4042892210996788,0.6399805919456575,4229,31.79589097339152,0.6979207468992269,0.9990644497085672,31.00837166106418,0.31678957732505186,0.634936211972522,0.12400349148974144,0.07637908392125603,-0.3543615911542837,-0.048092806739291616,True,0.7261021356685544,0.4421339301704166,0.6526263627353815,27.941699239439384,0.9983594038850244,7897
7898.png,0.6900311526479751,0.9156999226604795,0.9559951554299556,0.9472,0.9649551752241239,0.9992742374547408,27.520074447814622,0.9993706045591335,27.807119630499592,1.0,0.7274682069659875,0.8157474575203622,31.659492681206373,0.6080990942597065,2281,4,2,6,10,1.9792746113989637,0.5,193,191,294.10764773832506,2.1988865192690046,0.042969698793583956,-0.005206942590120112,-0.6046101691350678,-0.00015536676335903277,-6.312341476344407e-05,0.2879120879120879,776.9036293029785,0.71328125,4,2,2,6,10,1.9792746113989637,0.5,4,0,193,191,177,1.5398306164310198,2.1988865192690046,294.10764773832506,0.042969698793583956,44706,19.599298553266113,28.731258220078914,256x256,65536,sparse,Learned,313,4,30,2268,31.948981518862276,0.6477720565172939,28.167333315363145,0.999433727973897,0.7120879120879121,0.4681685012207898,7,2,0.0,40,2278,32.279888239830996,0.6903133660239634,0.9994045633350876,28.227024302162036,0.598280019902414,0.6849624060150376,3919,32.56404158516248,0.716871002129367,0.999674514660993,31.371041579265327,0.37873651775253836,0.6814486326681448,-0.36021368486355243,0.2592997057451977,-0.2894888376559024,-0.03967296225758732,True,0.7274682069659875,0.5934303402594009,0.6952380952380952,28.12468461694969,0.9994296042180998,7898
7899.png,0.6729200652528549,0.831973898858075,0.9082813891362421,0.9392265193370166,0.8793103448275862,0.9990601295542689,27.330975948383003,0.9993503346034687,28.1458816699859,1.0,0.4620555624053255,1.0230108472510815,30.275362847798554,0.5199452911849728,1737,5,2,3,9,1.9504132231404958,0.4,121,118,169.02438661763955,3.132246473603997,0.03861879187825031,-0.024356199338584794,-0.5420739889557922,-0.00015211337863774155,4.249771523079371e-05,0.2543496271748136,1103.5041809082031,0.7449249779346867,5,2,3,3,9,1.9504132231404958,0.4,5,0,121,118,109,1.432410056081691,3.132246473603997,169.02438661763955,0.03861879187825031,45874,26.409902130109383,37.729418537708696,256x256,65536,sparse,Learned,241,5,21,1706,30.434102015818347,0.556008895564336,27.77683795614231,0.9993078368882379,0.7456503728251864,0.3702925924883901,8,3,0.0,25,1556,30.653736357131564,0.5897439849784617,0.9991226837938182,27.035708003514678,0.12747470713057618,0.7096774193548387,5411,31.801058061578985,0.7283217118610349,0.9996763617214091,31.14750672876272,0.03974604331348419,0.6177777777777778,0.3690437138435918,0.09176296991693544,-0.1587391680197925,-0.03606360437936318,True,0.47059418229130545,0.48142295313725825,0.6972762645914397,27.873049937338795,0.9992122429329067,7899
7900.png,0.5668703326544468,0.8930817610062893,0.9435215946843853,0.9369501466275659,0.950185873605948,0.9989466992950895,28.017721755421093,0.9991143473313522,28.611924304130962,1.0,0.6132589765454988,0.6982674980132001,31.334828366729745,0.5891904435483984,1987,4,4,6,10,2.0,1.0,150,150,213.92388155425132,3.3112646484375,0.02720395711040722,-0.006006726914628002,-0.41334839241977406,-0.0002151296392521873,4.403093758154064e-06,0.4070063694267516,1061.3372325897217,0.6026170798898072,4,4,0,6,10,2.0,1.0,4,0,150,150,134,1.4261592103616745,3.3112646484375,213.92388155425132,0.02720395711040722,44802,22.547559134373426,32.98238550578762,256x256,65536,sparse,Learned,270,4,26,1887,31.690567988023336,0.6231800403309726,28.407967425222864,0.999109944237594,0.5929936305732484,0.30359102385457903,11,2,0.0,34,1820,31.903604331229612,0.6583604805652984,0.9990451389323178,28.245397106091946,0.37655828588251095,0.5678073510773131,4433,32.54410088382753,0.7277870951960326,0.999520328004334,31.43230644536186,0.2721403652781055,0.5716137394685677,0.2039568789080981,0.30966795269091973,-0.3557396212935906,-0.03398959678257418,True,0.6302765554559411,0.44010163343459796,0.5728770595690748,28.431070147840867,0.9991618289343417,7900
7901.png,0.5033929673041333,0.8839976204640095,0.9384275339437954,0.9446916719643992,0.9322459222082811,0.9986623078198915,27.04949743758609,0.9989349408293003,27.926376713598696,1.0,0.622807646436843,0.30229927667120426,30.67343554449003,0.5544688767025269,2113,4,0,0,8,1.949685534591195,0.0,159,155,223.30865786510165,3.318739562664392,0.026392921454065025,0.00898449173026633,-0.8576227831243699,-0.0002754942467695365,1.6856727934722038e-05,0.5082938388625593,1157.9668521881104,0.5204531151667715,4,0,4,0,8,1.949685534591195,0.0,4,0,159,155,151,1.440701018484525,3.318739562664392,223.30865786510165,0.026392921454065025,45469,21.518693800283955,31.01561760530052,256x256,65536,sparse,Learned,279,4,25,2086,31.00773256465912,0.600399964232659,27.89355790083219,0.9989180841013656,0.49170616113744076,0.18593436676015807,14,0,0.0,32,2010,31.243808635756636,0.6387133871304381,0.9987186750641952,27.52783640927733,0.3075366731913566,0.4724550898203593,4199,31.792922409536896,0.6961720038048377,0.9993620053378429,30.916895891172015,0.18761245277947802,0.4931912374185909,0.03281881276650722,0.436873279676685,-0.3342970201690889,-0.045931087530132086,True,0.6620982141052869,0.20015181120932435,0.49440847557386697,27.90712022071046,0.998937802066661,7901
7902.png,0.6898305084745763,0.9128233970753655,0.9544251690679211,0.9597871082199881,0.9491228070175438,0.9989085417957787,27.804711351253193,0.9991151015684774,28.190980347872458,1.0,0.547665502141123,0.4971521779571615,31.240099799862797,0.5915444612932744,2300,6,2,4,13,1.9550561797752808,0.3333333333333333,178,174,276.9066376115484,2.9068034525667685,0.037765055858629736,-0.010493465607497199,-0.23384529522909858,-0.00015767460239846098,2.493029309014183e-05,0.29520697167755994,1035.5956554412842,0.6992567181246426,6,2,4,4,13,1.9550561797752808,0.3333333333333333,6,0,178,174,161,1.591417457537633,2.9068034525667685,276.9066376115484,0.037765055858629736,45058,19.590434782608696,28.493913043478262,256x256,65536,sparse,Learned,298,6,28,2269,31.548311924480696,0.6344043950989597,28.041227927123593,0.9990901712753872,0.7047930283224401,0.3276142543761661,13,4,0.0,37,2198,31.800262012719354,0.6736687244621785,0.9989940537053956,27.882229629023648,0.32554218900074194,0.6871539313399778,4114,32.21919760695655,0.7086038492333703,0.999531640000046,31.15164625900568,0.31869826867652706,0.7009345794392523,0.14975242074886452,0.22005124776495688,-0.30821212461789926,-0.04285993380568531,True,0.5725850680512734,0.2846619136474401,0.7003239740820735,28.03855664648229,0.9990662163981772,7902
7903.png,0.5040470934510669,0.8504936530324401,0.9192073170731707,0.9185072353389185,0.919908466819222,0.999040002268444,28.126364370866558,0.9992209311132411,28.568610386325453,1.0,0.6552721452327799,0.44050747813201785,31.584933724287612,0.5966348619153924,1929,4,9,18,11,2.0671140939597317,2.25,149,154,241.58073580374375,2.931839240477389,0.041153962218116104,-0.004661179408149363,-0.3214624076627004,-0.0001781976599384283,6.294849601906627e-06,0.47545787545787543,1040.6973361968994,0.5245901639344263,4,9,-5,18,11,2.0671140939597317,2.25,4,0,149,154,120,1.5687060766476855,2.931839240477389,241.58073580374375,0.041153962218116104,44666,23.15500259201659,33.97407983411094,256x256,65536,sparse,Learned,269,4,27,1918,31.856651811192734,0.6307437715858544,28.386244422732908,0.9992146362636392,0.5245421245421246,0.32003522642110616,7,0,0.625,35,1720,32.01903646562578,0.6591577772807915,0.9990714027168647,27.836007646334266,0.21480107198442133,0.49963208241353935,4750,32.80839055951267,0.7418007765022986,0.9996030752205032,32.039014351617205,0.16889571614787435,0.523121387283237,0.1823659635925452,0.3352369188116737,-0.2717180869051212,-0.034108909670461984,True,0.6817760822095809,0.30032746262486976,0.5087082728592163,28.447826778529258,0.9992181999283825,7903
7904.png,0.6514619883040935,0.8869822485207101,0.9401066164941989,0.9547770700636943,0.9258801729462631,0.9990205634423159,27.53559117786451,0.9992881591697809,28.137623856199305,1.0,0.6291657197018043,0.6080912288897369,30.106329639911237,0.5245180218023076,2261,5,2,4,11,1.968586387434555,0.4,191,188,284.76450198781754,2.799408669247053,0.03818323265548597,0.0036052330138059974,-0.41405941005567826,-0.00023280297511485415,1.94245328107856e-05,0.337228714524207,821.2394714355469,0.6787658802177858,5,2,3,4,11,1.968586387434555,0.4,5,0,191,188,176,1.5147047978075383,2.799408669247053,284.76450198781754,0.03818323265548597,45949,20.322423706324635,28.985404688191068,256x256,65536,sparse,Learned,311,5,24,2082,30.53507837423108,0.5784883512322083,27.838310364776888,0.9992687346369701,0.662771285475793,0.42624657926256726,9,4,0.0,29,2180,30.774463064022136,0.6265598673509373,0.9991631360759463,27.336801786356478,0.18399380597777903,0.6584294343767161,4021,31.205803516900193,0.6720930912762646,0.9995531222522364,30.051534149440972,0.1622815141941859,0.6519092418372994,0.29931349142241714,0.2029191404392371,-0.42874873431984284,-0.053970329429900765,True,0.6291657197018043,0.382590155668766,0.6478567552902875,27.94965058792019,0.9992533664174308,7904
7905.png,0.7703240477544059,0.8941109852774632,0.9440956651718984,0.9321133412042503,0.9563900666262871,0.9989973967340866,27.412880149693773,0.9992044457413732,28.02689098861249,1.0,0.7496762002083039,0.8228065938627667,30.635317945954164,0.5616922130405081,2490,4,5,12,10,2.0100502512562812,1.25,199,200,325.7056274847721,2.7430138647855826,0.034276650801272776,0.007082522330677077,-0.6756995245789881,-0.00027120928318302706,-1.660182695040202e-05,0.21681649920676893,1180.1798343658447,0.796812749003984,4,5,-1,12,10,2.0100502512562812,1.25,4,1,199,200,177,1.6285281374238574,2.7430138647855826,325.7056274847721,0.034276650801272776,45446,18.25140562248996,26.31967871485944,256x256,65536,sparse,Learned,319,4,28,2484,31.14789339613829,0.6218714995892602,28.031049965452894,0.9992210475683236,0.7831835007932311,0.5768379176822511,7,3,0.0,35,2392,31.392967886829283,0.6642845574251067,0.9991337531111227,27.577074458404596,0.3840659510760023,0.7372926698769395,3682,31.628708721864427,0.6790466584693379,0.9994914911813401,29.95861641795589,0.43069179650337197,0.7742279020234292,-0.004158976840404449,0.17283828252605282,-0.5125754501841264,-0.06017928654875215,True,0.7546329435470737,0.6209169618966012,0.7632415254237288,28.08857967427276,0.9992686060172696,7905
7906.png,0.8336842105263158,0.9188612099644128,0.9577151335311573,0.9562962962962963,0.9591381872213968,0.9992896372671367,26.806126314509715,0.9994025031562377,27.167010481934422,1.0,0.5304591609572007,0.8298398682502991,30.787056031378842,0.5628065752750597,2076,5,3,6,10,1.9727891156462585,0.6,147,145,215.99494936611683,3.017529262166445,0.026354460573474174,0.03171052631578952,-0.25265322076306873,-0.00010084179615366118,2.6879471746954486e-05,0.1725516322451699,1081.2063217163086,0.8759856630824373,5,3,2,6,10,1.9727891156462585,0.6,5,1,147,145,131,1.489620340455977,3.017529262166445,215.99494936611683,0.026354460573474174,45534,21.933526011560694,31.56840077071291,256x256,65536,sparse,Learned,267,5,24,1951,31.047452675675174,0.5996899269494051,26.988772519528833,0.9993756236844907,0.8274483677548301,0.5304591609572007,5,3,0.0,31,1918,31.262159766214992,0.6409161145540669,0.9993089303532564,26.536535440293584,0.5304591609572007,0.8167785234899329,4234,31.842538142782388,0.6974671140319129,0.9997362893325829,30.823100444597216,0.44169905992882275,0.826523777628935,0.1782379624055892,0.0,-0.2603966442963319,-0.03688335167434542,True,0.5524647618955876,0.45845728522436724,0.8019736842105263,27.058779535272784,0.9993904790632904,7906
7907.png,0.608493696084937,0.9089121887287025,0.9522828698935806,0.9467576791808874,0.9578729281767956,0.9989735893765684,27.633187185110394,0.9991127839233878,28.250193723135414,1.0,0.5452466068320598,0.4562404244594903,31.1933684761512,0.5831220094383414,2048,5,1,4,10,1.9463087248322148,0.2,149,145,221.7228714274747,3.2309383177917277,0.0346006416130265,-0.0028247118752620093,-0.18247170291769876,-0.0001355589869117546,7.617379969604432e-05,0.4,1135.9741687774658,0.6101583113456465,5,1,4,4,10,1.9463087248322148,0.2,5,0,149,145,135,1.5291232512239623,3.2309383177917277,221.7228714274747,0.0346006416130265,45010,21.9775390625,32.0,256x256,65536,sparse,Learned,269,5,25,1910,31.4478555101106,0.6164938258146534,27.843842187977007,0.9990366101236917,0.6,0.2905982950903464,12,4,0.0,35,1956,31.72326385283245,0.6580201355127782,0.998952173771103,27.595037529277818,0.3980013041272512,0.5578947368421052,4670,32.463932617168346,0.7289851621129194,0.9995843116143178,31.782765030840388,0.21729546175813186,0.5938650306748466,0.4063515351584073,0.25464831174171343,-0.25448703395939987,-0.033371816376312036,True,0.5630777424255589,0.25689882820792853,0.611318407960199,27.815658888028093,0.9991091483634802,7907
7908.png,0.6485148514851485,0.8811533052039381,0.9368224299065421,0.941397445529677,0.9322916666666666,0.9992115759249238,26.860573081525942,0.9994668011524389,27.58185731837618,1.0,0.6437063398138412,0.5913344073768677,30.071159502935977,0.5242961286935114,2368,5,2,5,11,1.9696969696969697,0.4,198,195,295.83556979968296,2.217773765024513,0.02924866540342365,-0.011202700633210605,-0.4877451566540927,-0.00020225406994600625,1.609193307472445e-05,0.29750346740638,843.1096076965332,0.6969253294289898,5,2,3,5,11,1.9696969696969697,0.4,5,0,198,195,182,1.5171054861522186,2.217773765024513,295.83556979968296,0.02924866540342365,46205,19.51224662162162,27.675675675675677,256x256,65536,sparse,Learned,318,5,25,2332,30.454347271052708,0.585760615076647,27.31229027204451,0.9994507092193642,0.70249653259362,0.5400634191250032,6,2,0.0,29,2190,30.680791855347074,0.6263632905059796,0.9993527226264051,26.674887072196633,0.5415939886947765,0.70042194092827,3621,30.99749839158642,0.651495223311326,0.9996725045174938,29.94130088848056,0.4300588802778097,0.6951135581555402,0.2695670463316695,0.10364292068883796,-0.3831877681167306,-0.06146448638313562,True,0.6631104004243529,0.39211999566037214,0.6597175521183591,27.348318238180035,0.9994138299948698,7908
7909.png,0.57625,0.8737980769230769,0.9326491340602951,0.9185091598231206,0.9472312703583062,0.9990578222959523,27.851798616303803,0.999095511846695,28.106858686178946,1.0,0.7120590918692298,0.41840725162218234,30.83612891679185,0.5607997453140572,2192,4,5,9,7,2.010928961748634,1.25,183,184,277.03657992645964,2.869634825675214,0.04869357398836679,-0.01460510688836103,-0.21840223078038434,-0.00012319175150010686,-2.4269940391619116e-05,0.39776733254994123,1080.068588256836,0.5893630179344465,4,5,-1,9,7,2.010928961748634,1.25,4,1,183,184,167,1.5056335865568438,2.869634825675214,277.03657992645964,0.04869357398836679,45408,20.715328467153284,29.8978102189781,256x256,65536,sparse,Learned,303,4,26,2117,31.131796253745772,0.6071813081305429,28.060052316312365,0.9991197817870866,0.6022326674500588,0.3370867295215346,9,2,0.0,33,2154,31.394809572805972,0.6507283146243463,0.9990643539332348,27.882613496504398,0.28822967723739024,0.5856973995271868,4065,31.842913559533855,0.6953257758078069,0.9995077661883984,30.956127763703737,0.2418258006242282,0.5879929370217775,0.046806369866580155,0.37497236234769515,-0.29566733695392244,-0.046381562816485755,True,0.7091652376321484,0.29671987802365907,0.5908551068883611,28.070200847084188,0.9991810140474524,7909
7910.png,0.6196977084349098,0.9321948769462581,0.9649077203015336,0.9626556016597511,0.9671704012506513,0.9985097600968591,28.122756631312534,0.9986540221402528,28.389978816108673,1.0,0.6637835062932667,0.557730406169706,31.119305088500543,0.5841705192162554,2237,4,3,7,9,1.9879518072289157,0.75,166,165,241.33809511662446,3.832162041261972,0.027894089162002186,-0.013916570196721323,0.0018542331053588157,-9.893393725246558e-05,3.336550239829705e-05,0.36111111111111116,1375.340223312378,0.6296477495107632,4,3,1,7,9,1.9879518072289157,0.75,4,0,166,165,150,1.462655121918935,3.832162041261972,241.33809511662446,0.027894089162002186,45150,20.18328118015199,29.296379079123827,256x256,65536,sparse,Learned,286,4,27,2133,31.46957654995441,0.6240467253280481,28.120768772151564,0.9986206566378545,0.6388888888888888,0.4363565077761259,9,6,0.0,36,2222,31.68604145984716,0.6692837635399248,0.9984764725507167,27.79214660206916,0.4022277524677692,0.6189526184538653,4159,32.18973514809829,0.7083874882787363,0.9992788894063115,31.476180957522054,0.29345502574240057,0.6249381494309748,0.26921004395710924,0.22742699851714077,-0.3502714614538682,-0.039876206111792656,True,0.6927212613988687,0.38635171048238215,0.6336142786316311,28.120902398207175,0.9986086940341116,7910
7911.png,0.6942046855733662,0.8684695759065765,0.9296052631578947,0.9235294117647059,0.9357615894039735,0.9987832471353116,28.045908235446483,0.9990096168354001,28.663017236369605,1.0,0.5434239503766853,0.6703318654199302,30.94616237482189,0.5633743078651821,1918,5,4,9,11,1.9850746268656716,0.8,134,133,221.23759005323612,3.31540134593622,0.043253486408786644,-0.011367161933965142,-0.1419861148561381,-0.00015744945400641974,5.291973292909091e-05,0.2867173785839673,964.7350311279297,0.7149938042131351,5,4,1,9,11,1.9850746268656716,0.8,5,1,134,133,114,1.6634405267160597,3.31540134593622,221.23759005323612,0.043253486408786644,45270,23.602711157455683,34.1689259645464,256x256,65536,sparse,Learned,254,5,24,1874,31.17020239477136,0.6003477794474515,28.268298233779603,0.998956697102471,0.7132826214160327,0.46968585111381544,7,3,0.0,31,1824,31.382556200632877,0.6373524449290198,0.9987605175366864,27.685662196970632,0.24516039801099265,0.6860730593607306,4703,32.145348313096335,0.7217921250454166,0.9994589359578374,31.354018545626268,0.17867969477141088,0.673120728929385,0.39471900259000137,0.0737380992628699,-0.2240400199494701,-0.03697347158226949,True,0.5034146962085904,0.3374549123893118,0.7055718475073314,28.18789435030262,0.9989406965893181,7911
7912.png,0.6066084788029925,0.8886838868388683,0.941061543471182,0.9304571796522859,0.9519104084321476,0.9988372847294941,28.019178211942272,0.9987975250966176,28.4645106231131,1.0,0.6518075726938024,0.5785430344044087,30.769323069490003,0.5531631942782428,2030,4,9,16,10,2.065359477124183,2.25,153,158,251.0365799264595,3.2846493908003267,0.03577948533248918,-0.005190931226506046,-0.17099382774583205,-0.0001394032325848782,7.863418735876149e-05,0.39314750290360045,1225.5980968475342,0.6054087277197295,4,9,-5,16,10,2.065359477124183,2.25,4,1,153,158,127,1.5888391134586033,3.2846493908003267,251.0365799264595,0.03577948533248918,45423,22.375862068965517,32.28374384236453,256x256,65536,sparse,Learned,273,4,24,1969,30.98475100309671,0.5941238792499551,28.223453747883667,0.9987188909092588,0.6068524970963995,0.4499674263976432,9,10,0.0,31,1906,31.26132307245085,0.6333858568244307,0.9984655717485124,27.790795660554764,0.19038787173769833,0.6206896551724138,4446,31.915904177907116,0.7078153345798793,0.9992612008949372,31.070977590982963,0.11652200034843152,0.5823991031390134,0.24105687522943242,0.2018401462961592,-0.21542793360670842,-0.04096068497171235,True,0.6988057880877979,0.4042892210996788,0.6117994100294986,28.190172039688104,0.998976687962079,7912
7914.png,0.6711610486891386,0.9118541033434651,0.9538950715421304,0.9411764705882353,0.9669621273166801,0.9991803105455072,27.370803463083377,0.9992494029233355,27.623300924265564,1.0,0.6014809589154859,0.5228676070735726,31.301674356704503,0.5894447992172922,1969,4,3,7,10,1.9850746268656716,0.75,134,133,214.48023074035532,3.0562768320539107,0.05321021025224861,-0.019695264808684332,-0.13625629166568487,-8.39435951729417e-05,6.593273628729968e-06,0.31022158684774837,1106.6868305206299,0.6777777777777778,4,3,1,7,10,1.9850746268656716,0.75,4,0,134,133,117,1.6126333138372575,3.0562768320539107,214.48023074035532,0.05321021025224861,44891,22.798882681564248,33.28390045708481,256x256,65536,sparse,Learned,254,4,25,1851,31.615136737601105,0.6197544939050256,27.560141917006085,0.9992428096497068,0.6897784131522516,0.31862084362617304,11,3,0.0,36,1918,31.8970281334349,0.6637293813266704,0.9992389461127476,27.77360326741304,0.590164737988921,0.6468864468864469,4556,32.501329345110605,0.7293411417412176,0.9996661336901423,31.480772685393813,0.3623718483782268,0.6716417910447762,0.06315900725947898,0.2828601152893129,-0.3134623808966026,-0.03030969468773337,True,0.622807646436843,0.3256459437595558,0.690856313497823,27.50705975474906,0.9992642541406801,7914
7915.png,0.46459143968871597,0.8590405904059041,0.9241762604208019,0.8838268792710706,0.9683860232945092,0.9993463652477265,28.412170292501884,0.9992735647643641,28.482358370139575,1.0,0.6321205588285577,0.39430946571856207,31.097586228190735,0.5723937442773886,1978,4,3,7,9,1.9871794871794872,0.75,156,155,230.79393923934018,2.786056472704961,0.03631141890370618,-0.032436792109203805,0.14789191274951818,-2.1213824707433382e-05,-3.4911787500924163e-06,0.48614072494669514,946.2318420410156,0.47488921713441656,4,3,1,7,9,1.9871794871794872,0.75,4,0,156,155,140,1.4889931563828385,2.786056472704961,230.79393923934018,0.03631141890370618,45099,22.80030333670374,33.132457027300305,256x256,65536,sparse,Learned,276,4,26,1960,31.43865689909395,0.6123884976457963,28.29084748478323,0.9992770559431142,0.5138592750533049,0.28965179529082274,10,1,0.0,34,1904,31.627805764933314,0.6470635032636294,0.9992284748221634,28.17385213967407,0.13713756167862456,0.44316546762589926,4819,32.41124257859014,0.7324848676306283,0.9996066694499168,31.565099774077787,0.19678305610679325,0.5210970464135021,0.19151088535634386,0.3424687635377349,-0.3410706709032141,-0.03999475336840763,True,0.6535441896699425,0.25769866025222565,0.4970282317979198,28.264278379752366,0.9993675790724339,7915
7916.png,0.5804150453955902,0.9308578745198464,0.9641909814323608,0.9635520212060967,0.9648307896483079,0.9989967995187974,27.244561538464048,0.9991000938533829,27.593639998257554,1.0,0.6357810204284766,0.35634082224896374,31.20424011561559,0.5861385547890516,2172,4,1,5,7,1.96,0.25,150,147,227.27922061357876,3.1993617757161457,0.031864539561664525,-0.010160230002206672,-0.3691488439284889,-0.0001176839015715192,-7.289968473322972e-06,0.40722596448254744,1114.6295070648193,0.5930764206401045,4,1,3,5,7,1.96,0.25,4,0,150,147,138,1.5461171470311466,3.1993617757161457,227.27922061357876,0.031864539561664525,45079,20.754604051565376,30.173112338858196,256x256,65536,sparse,Learned,270,4,27,2153,31.487506460140434,0.6265249937377683,27.67164032191024,0.9991073838218563,0.5927740355174526,0.23367877714108365,13,1,0.0,36,2168,31.737557113760538,0.6685336320729997,0.9991080973890143,27.74788676391553,0.1717341097300613,0.5804066543438078,4146,32.19698655197579,0.7067344240014959,0.9995477754972469,31.235543796532042,0.14259608083955877,0.5849633251833741,-0.0780003236526845,0.40210224328739297,-0.28326634452484356,-0.04038643894871663,True,0.6394050598269216,0.22784612476887312,0.5905752753977969,27.613710382392537,0.9991144834203689,7916
7917.png,0.5826625386996904,0.8613317043372022,0.9255004922874958,0.9149902660609993,0.9362549800796812,0.9990265447571268,27.644310733390952,0.9992272646110237,28.24989344233556,1.0,0.6216743703119232,0.5152933377838895,30.665837699085575,0.5542899529476158,2289,5,2,6,12,1.9673913043478262,0.4,184,181,282.2497833620561,2.784594556559687,0.031853725949343374,0.0003308079304596978,-0.39286437208944847,-0.00025266548912505904,-3.3019156934432914e-05,0.38986119493059745,953.3951282501221,0.6173533083645443,5,2,3,6,12,1.9673913043478262,0.4,5,0,184,181,166,1.5593910682986505,2.784594556559687,282.2497833620561,0.031853725949343374,45484,19.87068588903451,28.630843162953255,256x256,65536,sparse,Learned,304,5,26,2170,31.05246621757114,0.6044182180762173,28.078112992940344,0.9992602837679582,0.6101388050694025,0.44488025323490854,7,4,0.0,32,2260,31.30203315643595,0.6533903927861708,0.9991152179972769,27.495977107397014,0.24205378865419724,0.5959110042092604,4024,31.699044417752724,0.6893345406164685,0.9994892680333418,30.36001373410375,0.2619546452727224,0.5921450151057401,0.17178044939521442,0.17679411707701465,-0.38662851848556556,-0.05012826512860147,True,0.6350518535455063,0.3272379892793097,0.5823317307692307,28.0371751054804,0.9992792102462519,7917
7918.png,0.60734149054505,0.8568353067814855,0.9228985507246377,0.8923766816143498,0.9555822328931572,0.9994468745570397,27.675964309364947,0.9995170397426869,28.11424506930406,1.0,0.4753374578934072,0.5772176490740271,31.426038472143077,0.5855488009058777,1561,4,1,2,7,1.9387755102040816,0.25,98,95,137.98275605729685,2.9440536985591965,0.042895501146510265,0.02910314857613816,0.19104380221282824,-0.00012360992635285228,1.4596803540767311e-05,0.3873598369011213,961.0979557037354,0.6330076004343105,4,1,3,2,7,1.9387755102040816,0.25,4,0,98,95,89,1.45245006376102,2.9440536985591965,137.98275605729685,0.042895501146510265,44828,28.717488789237667,41.98334401024984,256x256,65536,sparse,Learned,218,4,21,1547,31.521843253839346,0.6036287338127773,27.609206304493267,0.9995024429391461,0.6126401630988787,0.3494909052766835,6,1,0.25,32,1412,31.823827173374145,0.635798754983124,0.9994481218540123,27.56692590425075,0.40249940538176254,0.621875,6027,33.149488729894394,0.770475539024025,0.9998390522839197,33.42812956909912,0.15782269077566213,0.6004140786749482,0.505038764810795,0.12584655261672373,-0.09580478169626971,-0.018079932906899576,True,0.5156754310446374,0.29765695999282116,0.5782383419689119,27.48492050715212,0.9995704844833926,7918
7919.png,0.7441393168117884,0.898921832884097,0.9467707594038325,0.9569583931133429,0.9367977528089888,0.998997544986615,26.08017762734134,0.9993111512319378,27.20039985616384,1.0,0.689633058734515,0.5978894977556409,30.860571585097112,0.575229415751681,2234,4,4,8,9,2.0,1.0,187,187,263.8650070512059,2.7058617922074015,0.028270583294733507,0.0308100410966331,-1.3221502687150881,-0.0003347651189802292,-5.790225430946094e-05,0.27447335811648077,980.3118705749512,0.7887421820708825,4,4,0,8,9,2.0,1.0,4,1,187,187,170,1.4110428184556445,2.7058617922074015,263.8650070512059,0.028270583294733507,45202,20.233661593554164,29.335720680393912,256x256,65536,sparse,Learned,307,4,27,2217,31.320227801216305,0.6227725103768398,27.38783998554853,0.9993690534862473,0.7255266418835192,0.4543154872506372,7,0,0.125,35,2234,31.608836721053585,0.6678847524048377,0.9992844557804546,27.238114707500216,0.386147126957183,0.7108359133126935,4230,32.1285173337667,0.7101736368626635,0.9997070709843584,31.296508459554552,0.28680471210171765,0.7087676272225628,-0.18744012938469012,0.23531757148387777,-0.4596562161191926,-0.04754309462515882,True,0.7003080004867537,0.41870679868528227,0.7133292757151553,27.402327896056427,0.9993323101055952,7919
7920.png,0.815015479876161,0.9049844236760125,0.9501226492232215,0.9579554822753503,0.9424168694241687,0.9992881838717012,26.53443985786304,0.999455077606652,27.122595958705208,1.0,0.611320429098247,1.0409444783328876,30.415375515529156,0.539067466278284,2046,4,1,5,9,1.9568345323741008,0.25,139,136,222.07821048680208,2.683614993266922,0.029460377589777806,-0.000618738412924591,-0.4641432973445241,-0.00014122981602715523,2.8096004986433165e-05,0.18573551263001487,960.465669631958,0.8437747819191118,4,1,3,5,9,1.9568345323741008,0.25,4,0,139,136,125,1.6329280182853079,2.683614993266922,222.07821048680208,0.029460377589777806,45838,22.403714565004886,32.03128054740958,256x256,65536,sparse,Learned,259,4,23,2020,30.63021456100187,0.5832213029037727,26.915743738680074,0.9994269816016655,0.8142644873699851,0.6587022446990063,4,6,0.0,31,2018,30.958665097338013,0.6304519651855964,0.9993628850938565,26.666276591581244,0.5470619872234423,0.8257292445774121,4590,31.623742558657565,0.7002258287984866,0.9997709719144082,31.149704878219314,0.6911810203119801,0.8100979653353428,0.2068522200251337,-0.04738181560075927,-0.21483904547271493,-0.044153836625488774,True,0.622807646436843,0.6483081806219331,0.8156342182890856,26.998583155207562,0.9994294136877283,7920
7921.png,0.5356265356265356,0.8868501529051988,0.940032414910859,0.9235668789808917,0.9570957095709571,0.9987510965139185,28.84902579737307,0.9986459859328252,29.0547840400236,1.0,0.5872858267209503,0.34089664723362445,30.390804243164755,0.525896860444899,1872,4,3,7,9,1.9848484848484849,0.75,132,131,200.50966799187825,3.7859695860833833,0.0423899664606291,0.0009084347363278455,0.9007491900496838,0.00024432544004360235,0.0003505260104051944,0.46720835751596057,1277.2529125213623,0.5363800360793747,4,3,1,7,9,1.9848484848484849,0.75,4,0,132,131,116,1.5306081526097564,3.7859695860833833,200.50966799187825,0.0423899664606291,45809,24.47061965811966,35.00854700854701,256x256,65536,sparse,Learned,252,4,22,1765,30.528797020525673,0.5631869147822094,28.0496590280488,0.99829545992242,0.5327916424840394,0.2500717755597912,18,4,0.0,28,1780,30.825459591243273,0.6047699916729332,0.9981452531560885,27.7216322060994,0.11917521231015082,0.43415514131088395,4851,31.671329422678063,0.7102082189487464,0.9990672133399014,30.965772597955294,0.031945158818225905,0.4151800194615634,1.0051250119747976,0.3372140511611591,-0.13799277736091753,-0.03729005433731036,True,0.6171071140248879,0.2103697461551023,0.5347181008902078,27.948276607323386,0.9985067710738749,7921
7922.png,0.6534979423868312,0.9213300892133008,0.9590544533558463,0.9450915141430949,0.9734361610968295,0.9992991912232804,27.6977614958139,0.999343639427843,27.974658547201756,1.0,0.5831379803214916,0.32901269581968257,31.681508165347758,0.605547438645572,1859,4,5,8,7,2.015151515151515,1.25,132,133,205.89444430272852,2.971931547829599,0.04463792116746269,-0.023870890815987922,-0.08583329319438349,-4.825503690097932e-05,3.7702738897471555e-05,0.32924021488871835,986.215353012085,0.6523848019401779,4,5,-1,8,7,2.015151515151515,1.25,4,1,132,133,117,1.5480785285919423,2.971931547829599,205.89444430272852,0.04463792116746269,44728,24.060247444862828,35.25336202259279,256x256,65536,sparse,Learned,252,4,25,1792,31.83176925445536,0.6310557354715185,27.786240860160383,0.9993059366889455,0.6707597851112816,0.28346868942621073,9,0,0.0,36,1678,32.10682368230755,0.6619310091223481,0.9992912608765406,27.817357607333015,0.26588597064638964,0.6577129700690714,5048,33.030910898517554,0.7520402592849872,0.9997398611702374,32.61287456897083,0.17395919925920567,0.637904468412943,0.18841768704137252,0.2996692908952808,-0.15026108910760172,-0.025508296825946464,True,0.6151878554470214,0.20240461475615368,0.6773688332028192,27.783594789008283,0.9993474462601813,7922
7923.png,0.7331855136733185,0.9076005961251863,0.9515625,0.9326186830015314,0.9712918660287081,0.9993025907941293,27.81003420402428,0.9993127533407453,28.14612731275797,1.0,0.6074141344684816,0.9223871985812239,30.56746217670274,0.5459322489682008,2084,4,0,0,8,1.9493670886075949,0.0,158,154,218.2081528017133,2.9290282884730567,0.016726772905850663,0.031211829462792218,0.16323970991120262,-4.856504097594527e-05,5.812155478501779e-05,0.28078175895765467,1081.0439586639404,0.7521929824561403,4,0,4,0,8,1.9493670886075949,0.0,4,0,158,154,150,1.416936057153981,2.9290282884730567,218.2081528017133,0.016726772905850663,45672,21.915547024952016,31.44721689059501,256x256,65536,sparse,Learned,278,4,24,1983,30.857157801901014,0.5907702346312277,27.625993448558756,0.9992546317859603,0.7192182410423453,0.6196512434107414,6,9,0.0,28,1854,30.98382291471588,0.6242452027693024,0.999003940519036,26.606234384469772,0.2851726869826413,0.7073329007138222,4333,31.697502976346094,0.6975726434776471,0.9996120737961854,30.957935288390992,0.23509221889713594,0.6917148362235067,0.520133864199213,-0.012237108942259822,-0.28969562519827363,-0.04483798566302688,True,0.6284233089779543,0.5796496154913181,0.7019736842105263,27.646794494113077,0.9993511558351053,7923
7924.png,0.6137566137566137,0.9115497076023392,0.9537284894837476,0.9482889733840304,0.9592307692307692,0.9992264115698337,26.77226754693995,0.9992476665667319,27.409836614118422,1.0,0.581048450752361,0.6199878968726282,30.18758370855588,0.5250195727386617,2037,4,5,9,8,2.014388489208633,1.25,139,140,201.82337649086304,3.126929973526824,0.03015696577189168,0.02791970388536913,-0.2274366491979265,-7.64518252760471e-05,7.61238982349699e-05,0.4136460554371002,1136.7619037628174,0.6226415094339622,4,5,-1,9,8,2.014388489208633,1.25,4,2,139,140,122,1.4415955463633061,3.126929973526824,201.82337649086304,0.03015696577189168,46154,22.657830142366226,32.172803141875306,256x256,65536,sparse,Learned,259,4,23,1982,30.48138839769547,0.5709951490985476,27.00906238685818,0.999171542668497,0.5863539445628998,0.39830222823789063,5,1,0.625,27,1810,30.64968667196237,0.6070635271547052,0.9989252908530999,26.607245738560188,0.39548774327919767,0.5905567300916138,4545,31.374400856549475,0.690841606548693,0.9995717751292496,30.54231763702289,0.25472350855671133,0.5871428571428572,0.4007742272602428,0.18274622251447037,-0.2938046891395878,-0.04597557635988592,True,0.6014809589154859,0.3729109147269438,0.5858369098712446,26.999704196137877,0.9993028633951098,7924
7925.png,0.5966101694915255,0.8835576360444705,0.938179558869214,0.9338280766852195,0.9425717852684145,0.9990473107179179,27.98065787456132,0.9991235807063266,28.369159055743225,1.0,0.6171071140248879,0.5524502634071804,30.49949316368808,0.5480175042840956,2288,5,6,12,13,2.0114285714285716,1.2,175,176,287.3919189857871,2.9620558643341064,0.03473367150148436,-0.004672567013017548,-0.004515634042117966,-6.609934996038014e-05,2.1353881338170844e-05,0.38897806313536654,1059.9260330200195,0.6243567753001715,5,6,-1,12,13,2.0114285714285716,1.2,5,0,175,176,150,1.6329086306010607,2.9620558643341064,287.3919189857871,0.03473367150148436,45614,19.93618881118881,28.643356643356643,256x256,65536,sparse,Learned,295,5,25,2136,30.856792822056953,0.5970249771569736,28.04801551179891,0.9991022268249884,0.6110219368646335,0.3613082487053333,12,5,0.0,30,2040,31.063842431350235,0.636919822177871,0.9989145570441498,27.415717952860604,0.29909618702967666,0.6034953577280174,4008,31.5594385527912,0.6832953198723484,0.9994071280090029,30.674417234347363,0.2190155189855575,0.6121343445287107,0.32114354394431643,0.25579886531955465,-0.35729965836887345,-0.04900747287287799,True,0.6379597914565125,0.3524410548333402,0.601282736504543,27.985173508603438,0.9991134100678782,7925
7926.png,0.7686335403726708,0.9006875477463713,0.9477491961414791,0.9232576350822239,0.9735755573905863,0.9992494111205109,27.393207398939232,0.9992869392119582,27.83208990852238,1.0,0.5112968358009204,0.7941525558504494,30.67823022162444,0.5543635002534543,1993,5,2,3,9,1.957142857142857,0.4,140,137,200.1665222413706,3.0896250912121364,0.03525713167068712,0.04857878335692822,0.07639425616714846,-6.622035983783192e-05,6.79144495386863e-05,0.2760695187165776,1105.379581451416,0.782509505703422,5,2,3,3,9,1.957142857142857,0.4,5,0,140,137,128,1.461069505411463,3.0896250912121364,200.1665222413706,0.03525713167068712,45476,22.817862518815854,32.88309081786252,256x256,65536,sparse,Learned,260,5,23,1914,30.849213391834756,0.5903843207727575,27.281697202137373,0.9992190247624195,0.7239304812834224,0.547665502141123,6,8,0.0,30,1824,31.195535232484097,0.6306423489522004,0.9990802669028672,26.885363075407255,0.3934693402873666,0.7133011716057891,4512,31.909502328516837,0.709745096579697,0.9996042438288961,30.649652163302452,0.31185107244199317,0.7310580204778157,0.5503927063850078,-0.03636866634020253,-0.17098317021031662,-0.03602082051930322,True,0.5488701205969576,0.43588660910201826,0.7200547570157426,27.316813142772084,0.9993156314803487,7926
7927.png,0.6196244700181708,0.9068684516880093,0.9511599511599512,0.9323758228605625,0.9707165109034268,0.9990272798079548,28.16902051162231,0.9989495146648424,28.343786775003473,1.0,0.6552721452327799,0.48751902624809285,30.429391929588586,0.5330929162566491,2069,4,8,14,10,2.0533333333333332,2.0,150,154,245.69343417595192,3.5125815645853677,0.04518020661687808,0.019624470018170803,0.376961925595662,1.8586339717630018e-05,8.124800739839344e-05,0.3988732394366197,1245.7914352416992,0.6174734356552538,4,8,-4,14,10,2.0533333333333332,2.0,4,0,150,154,126,1.5954119102334523,3.5125815645853677,245.69343417595192,0.04518020661687808,45866,22.16819719671339,31.675205413243113,256x256,65536,sparse,Learned,270,4,23,2017,30.556944345988217,0.5776808079411524,27.80965299401771,0.998868266657444,0.6011267605633803,0.30387234438242117,9,2,0.0,29,1922,30.854846780748936,0.6169971671251888,0.9986914233825928,27.327160126356226,0.3934693402873666,0.5909348441926345,4371,31.488952154275207,0.6904764236232266,0.9993468595267185,30.446003542148645,0.17372971160941308,0.5942275042444821,0.534133780985762,0.3513998008503587,-0.12755241639963089,-0.04458789168450328,True,0.6865138191173947,0.3346885486019716,0.6,27.79205858602665,0.9990086934682372,7927
7928.png,0.5838247683235046,0.8288726682887266,0.9064301552106431,0.8705281090289608,0.9454209065679926,0.9994587617012144,27.640774988346127,0.9994654940005403,27.962600580449802,1.0,0.6357810204284766,0.46762500428187365,30.16050900918753,0.5164683732039953,1918,4,5,11,9,2.0141843971631204,1.25,141,142,234.93607486307127,2.5526162073121847,0.04910491543968753,0.004509060702975853,-0.051663750855674095,-6.222708900649465e-05,3.112681580041965e-06,0.39939713639789,825.3412246704102,0.5949878738884398,4,5,-1,11,9,2.0141843971631204,1.25,4,0,141,142,121,1.6544794004441614,2.5526162073121847,234.93607486307127,0.04910491543968753,45993,23.979666319082376,34.1689259645464,256x256,65536,sparse,Learned,261,4,22,1892,30.33148057741481,0.5607941623444331,27.752162797505818,0.9994623813189603,0.60060286360211,0.35917572396768127,8,0,0.5,27,1808,30.622201461972796,0.6028321570970439,0.9993258829572325,26.929606686393935,0.23249891405933698,0.5554711246200608,4771,31.485358189227753,0.7016368745293713,0.9997235684074275,31.18094192009122,0.11648424407160862,0.5923795830337887,0.21043778294398408,0.27660529646079535,-0.1709715682272801,-0.04432578914043783,True,0.5542513273350398,0.2591817793182821,0.5793157076205288,27.6924387392018,0.9995209887902209,7928
7929.png,0.6616379310344828,0.8981158408932309,0.9463235294117647,0.9463235294117647,0.9463235294117647,0.9993249669958523,27.787404798065527,0.9994191216212749,28.052984194759357,1.0,0.5934303402594009,0.544612868044264,30.871488637936253,0.5625259446602401,2089,5,1,3,11,1.9523809523809523,0.2,168,164,250.89444430272857,2.5511309845106944,0.03520324518296716,-0.019711002207086437,0.1634971500855542,-4.206494106706593e-05,2.2131335916886208e-05,0.31633356305995863,806.4534664154053,0.6821818181818182,5,1,4,3,11,1.9523809523809523,0.2,5,0,168,164,154,1.529844172577612,2.5511309845106944,250.89444430272857,0.03520324518296716,45402,21.73384394447104,31.371948300622307,256x256,65536,sparse,Learned,288,5,24,1916,31.09521499567912,0.5986108240442308,27.67504290007605,0.999396990285358,0.6836664369400414,0.3644937371043776,9,1,0.09999999999999998,31,2076,31.352051609754117,0.6473790774423149,0.9992613688012182,27.1364093734655,0.3073792772773146,0.6565517241379311,4491,31.982695592857713,0.7095976253763177,0.9997049752214584,31.184622597349705,0.30553629905765545,0.6445993031358885,0.37794129468330695,0.2289366031550233,-0.2237263577428692,-0.03608487938399074,True,0.6078065241064949,0.3310192543096533,0.6813489332415692,27.623907647979973,0.9993670319369193,7929
7930.png,0.6688697951090549,0.8864686468646865,0.9398180545836249,0.9352367688022284,0.9444444444444444,0.9991937826134171,27.854462343612056,0.9993516725648957,28.16625216649754,1.0,0.5865973962327706,0.5401495475641893,31.30256511534988,0.598353777464787,2416,5,3,6,14,1.9800995024875623,0.6,201,199,315.3934705920537,2.390880054502345,0.030145676938942784,0.01380650396981431,-0.49229506624011066,-0.00020968154906486625,-4.0338065846134974e-05,0.32334183673469385,839.7188186645508,0.7006028131279304,5,3,2,6,14,1.9800995024875623,0.6,6,0,201,199,181,1.5848918120203683,2.390880054502345,315.3934705920537,0.030145676938942784,44935,18.5989238410596,27.125827814569536,256x256,65536,sparse,Learned,321,6,30,2391,31.77489279165986,0.6467940693438309,28.329914929458138,0.9993920106307418,0.6766581632653061,0.3581067929792414,12,0,0.5,40,2282,32.089946473433955,0.6841987286672939,0.9993902203436795,28.508403289874252,0.3124815865957836,0.6580113996200126,3838,32.320448828806825,0.7091055097886563,0.99963168232424,30.857283075631187,0.2762674300339062,0.6611359285258456,-0.16366276296059823,0.2284906032535292,-0.4723276763099804,-0.04844029187904386,True,0.6041289161912216,0.32631996075113234,0.6550632911392406,28.346757409852167,0.9994034641624819,7930
7931.png,0.6913133402275078,0.8959205020920502,0.945103448275862,0.937089715536105,0.9532554257095158,0.998918393970851,27.80771203146822,0.9990595165482001,28.28474855053614,1.0,0.7484214469402435,0.8034389179691901,30.27691652162522,0.533824144995578,2395,4,7,15,12,2.03,1.75,200,203,327.87720036002565,3.004191937446594,0.03953800044372255,-0.029916818502650933,-0.05864797786794895,-8.896450710083048e-05,8.847097877351384e-05,0.26597325408618133,1205.226182937622,0.7188964081207704,4,7,-3,15,12,2.03,1.75,4,0,200,203,173,1.6151586224631784,3.004191937446594,327.87720036002565,0.03953800044372255,45923,19.174530271398748,27.363674321503133,256x256,65536,sparse,Learned,320,4,25,2254,30.572538719602093,0.5900509310333071,27.86623986677752,0.9989710455694266,0.7340267459138187,0.5595683454940007,9,10,0.0,30,2280,30.83409039512986,0.6366082105972335,0.998725483311617,27.138445110893986,0.2800484987180686,0.7130133597229095,3804,31.180021717988517,0.6662086464143907,0.9993311240892818,29.620830929325685,0.23886244089029218,0.7180722891566265,0.4185086837586205,0.1888531014462428,-0.29562219797687206,-0.056226786037729126,True,0.7734976593235312,0.6214581224585991,0.7212301587301587,27.86636000933617,0.9990073584779519,7931
7932.png,0.7469879518072289,0.8945852534562212,0.9443599878382486,0.9417828987265009,0.9469512195121951,0.9987069570273993,27.91649471644545,0.998813726386908,28.38371323327353,1.0,0.6569914825812934,0.9246100455944257,30.35097855014679,0.5303846498749304,2060,4,10,19,10,2.0839160839160837,2.5,143,149,246.96551211459408,3.423049649158558,0.05677720502810163,-0.004589787722317884,0.3448093774816705,3.885609474063578e-05,0.00015681653073640334,0.24022988505747123,1338.3378982543945,0.7663389242336611,4,10,-6,19,10,2.0839160839160837,2.5,4,1,143,149,114,1.6574866584872066,3.423049649158558,246.96551211459408,0.05677720502810163,45911,22.286893203883494,31.813592233009707,256x256,65536,sparse,Learned,263,4,23,1978,30.54212041340333,0.5753466962286374,27.662911658883775,0.9986569098561716,0.7597701149425288,0.7317940168915755,5,15,0.0,28,1872,30.779423418686438,0.6139163331141533,0.9984689448540431,27.16098717564144,0.38121660819385916,0.7605956471935853,4417,31.44095117569021,0.6913429305411093,0.9993353780527812,30.70329988841214,0.22575124564080706,0.7438955139125497,0.7208015743897533,-0.07480253431028216,-0.19114186325654003,-0.04496204635370704,True,0.7018027205701126,0.6488938454646238,0.7515777395295468,27.57168533896378,0.9986681009326587,7932
7933.png,0.6843643448611788,0.8798174442190669,0.9360669004585919,0.930793991416309,0.9413998914812806,0.9987610581142929,28.06720788372597,0.9988070367910725,28.383928450544378,1.0,0.7606910777562454,0.6766767585747214,30.296514063107075,0.5323284841897848,2377,4,11,24,12,2.07035175879397,2.75,199,206,338.705627484772,3.0444366979838615,0.049621453619931415,-0.03841791320333732,-0.021035310655886263,-4.483682924483201e-05,8.499226450098263e-05,0.2761904761904762,1269.9074745178223,0.69873046875,4,11,-7,24,12,2.07035175879397,2.75,4,1,199,206,163,1.6442020751687936,3.0444366979838615,338.705627484772,0.049621453619931415,45902,19.31089608750526,27.570887673538074,256x256,65536,sparse,Learned,319,4,25,2232,30.600290810453235,0.5884401969083487,28.09627225348434,0.9987220445265715,0.7238095238095238,0.5778945016078345,8,8,0.0,28,2118,30.82872311731329,0.6280236301642311,0.9984289577536648,27.349897140937056,0.18126924692201818,0.7318627450980392,3839,31.216237725947195,0.6660768880440892,0.9991667191371475,29.763977370883985,0.1700443212580861,0.707631318136769,0.28765619706003775,0.18279657614841094,-0.3037767473461592,-0.056111712718563855,True,0.7866881287770848,0.5323335729900908,0.7227822580645161,28.088243194381857,0.9988058949435378,7933
7934.png,0.6125721616420783,0.89993626513703,0.9473331096947333,0.9326287978863936,0.9625085207907293,0.9991241299298133,27.853359982252353,0.9992084064587583,28.397881059041996,1.0,0.5751418795380754,0.5404198424376393,30.72503154696183,0.5607416502189297,2173,5,2,4,10,1.9644970414201184,0.4,169,166,244.45079348883263,2.9419119273417094,0.027943916300793206,0.006825035205296648,-0.491024387809599,-0.00016733771730681468,1.7025863357389426e-05,0.37285223367697595,1169.0850257873535,0.648005148005148,5,2,3,4,10,1.9644970414201184,0.4,5,0,169,166,155,1.4725951414989902,2.9419119273417094,244.45079348883263,0.027943916300793206,45386,20.88633225954901,30.159226875287622,256x256,65536,sparse,Learned,289,5,26,2169,31.115896910607937,0.6089334677442592,28.365208212000628,0.9991913805954009,0.627147766323024,0.4818549206648426,8,6,0.0,31,2112,31.32978356473419,0.6496226285870395,0.9989830590492803,27.528042734942346,0.47270757595695145,0.6113989637305699,4161,31.83268144308635,0.6973796471778909,0.9994753368882963,30.947498298880628,0.2630368524036094,0.6374570446735395,0.032672847041368414,0.0932869588732328,-0.3908653636461068,-0.04819181752532942,True,0.7003080004867537,0.37846033928086964,0.6057471264367816,28.344384370061952,0.9992914676471201,7934
7935.png,0.6197339246119734,0.9094898518924849,0.9525998276357368,0.9415105053946621,0.963953488372093,0.9988934151627751,28.02461610764919,0.9990034035533014,28.267436760968074,1.0,0.6335891374778405,0.6360940628456754,31.43208221724473,0.5985741917993244,2420,5,4,6,10,1.9896907216494846,0.8,194,193,298.87720036002577,2.985934259965248,0.03713886577849953,-0.037006735918616696,-0.3039334386796604,-0.0001576691450815293,-3.708354497178323e-05,0.33815648445873525,1134.2473030090332,0.6316079295154186,5,4,1,6,10,1.9896907216494846,0.8,5,1,194,193,178,1.5485865303628248,2.985934259965248,298.87720036002577,0.03713886577849953,44905,18.555785123966942,27.08099173553719,256x256,65536,sparse,Learned,314,5,29,2361,31.71577020770192,0.643675161357089,28.299493849501303,0.9990404870982732,0.6618435155412647,0.5078092276120174,9,12,0.0,40,2264,32.045544252238486,0.6808616738751911,0.9989919159570313,28.37206430721222,0.4184160794108629,0.6317787418655098,3936,32.31625494384624,0.7080295004729372,0.9994387196055802,31.12864258316357,0.2992159894074672,0.6445523193096009,-0.03205708853322875,0.1257799098658231,-0.28368799045718873,-0.04510096955776466,True,0.6408445586705953,0.40763741897732275,0.6567406605305901,28.32854954632885,0.9990510843078566,7935
7936.png,0.6660143509458578,0.8860759493670886,0.9395973154362416,0.9210526315789473,0.958904109589041,0.9992455413542718,27.542278628594673,0.9993523558745698,28.150426321369316,1.0,0.7177607038594767,0.6182919875480307,30.38650256907969,0.5396039283598644,2316,4,5,10,11,2.009950248756219,1.25,201,202,304.9482681718913,2.4985721965334307,0.026424478549916974,0.01592338672511795,-0.27375590128219685,-0.0001243069131563468,3.289968602804283e-05,0.3265060240963855,920.4792976379395,0.6932555123216602,4,5,-1,10,11,2.009950248756219,1.25,4,0,201,202,180,1.5096448919400531,2.4985721965334307,304.9482681718913,0.026424478549916974,45796,19.773747841105354,28.29706390328152,256x256,65536,sparse,Learned,321,4,26,2292,30.77319159070774,0.5974242955944302,27.836263183177067,0.9993194561885418,0.6734939759036145,0.3729109147269438,12,2,0.0,30,2302,30.97514351800722,0.6400124568312269,0.9991722819757226,26.921215389492872,0.38245293823532,0.6352941176470588,3998,31.42683137103944,0.6797962147273138,0.9996228829254963,30.496316258725887,0.24618529887446172,0.6648713345302214,0.3141631381922494,0.34484978913253284,-0.38668902162805097,-0.05782036723456585,True,0.7407597393541085,0.458005811540813,0.6500909642207399,27.81603452987687,0.9993698482674281,7936
7937.png,0.6523867809057528,0.8525798525798526,0.920424403183024,0.927187708750835,0.9137590520079,0.9990199614213321,27.910421453017896,0.9992666044260524,28.550661950956382,1.0,0.7047698330759857,0.6474990430791706,30.61271675091938,0.5478757209527527,2098,4,6,12,9,2.022598870056497,1.5,177,179,280.35028842544443,2.809493867017455,0.049916998201717785,0.0015411726133359727,-0.3576784672737858,-0.0001963523979270354,-2.8882727813872577e-06,0.3665035345296357,1023.9698886871338,0.6654228855721394,4,6,-2,12,9,2.022598870056497,1.5,4,1,177,179,156,1.5662027286337659,2.809493867017455,280.35028842544443,0.049916998201717785,45466,21.67111534795043,31.237368922783602,256x256,65536,sparse,Learned,297,4,25,2017,30.985623024400667,0.5952028410525771,28.2910806805541,0.9992694926988338,0.6334964654703643,0.3559635789168587,12,9,0.0,32,2056,31.195912372590996,0.6374343400608236,0.9991222218455208,27.7497038050437,0.2720333192256883,0.6021563342318059,4166,31.725066133277636,0.6954439462132338,0.9995686618633064,30.978587854832256,0.17160142493335007,0.6172506738544474,0.2595812704022826,0.348806254159127,-0.3729062734812878,-0.04732712009982443,True,0.7381543314196741,0.47795422323898396,0.6508456082924168,28.268099920291682,0.9992163138192591,7937
7938.png,0.6443418013856813,0.8856978747846066,0.9393847091075236,0.9255702280912365,0.9536178107606679,0.9989436148338099,27.643566447777637,0.9989751930799649,27.962463107759746,1.0,0.7091652376321484,0.7336365930850554,31.25801953307981,0.5909783432099117,2336,4,11,25,11,2.0795454545454546,2.75,176,183,291.6639969244292,3.050089260393923,0.040334761278285815,-0.010433802757011446,-0.5618959768141849,-0.00019294094895483394,-5.548156231860446e-05,0.3276157804459692,1273.7748622894287,0.6573226544622426,4,11,-7,25,11,2.0795454545454546,2.75,4,2,176,183,140,1.593792332920376,3.050089260393923,291.6639969244292,0.040334761278285815,45035,19.278681506849313,28.054794520547944,256x256,65536,sparse,Learned,296,4,29,2295,31.6780867509884,0.6375438172542056,28.118984789395085,0.9990306746422835,0.6723842195540308,0.36109531596808375,10,8,0.0,40,2330,31.9894222346842,0.6807460207177536,0.9990464404921107,28.42525324684731,0.45528905436548717,0.6607551487414187,3958,32.25757451473026,0.7068346527534398,0.9994663226776266,31.04978925133777,0.32003522642110616,0.6828294352538505,-0.15652168163533986,0.3480699216640647,-0.4200672179085885,-0.0465654740442939,True,0.6422783110195458,0.47119887190880316,0.6547756041426928,28.205462424591822,0.9991365557827647,7938
7939.png,0.7345360824742269,0.9105431309904153,0.9531772575250835,0.9628378378378378,0.9437086092715232,0.9989535297458434,26.999545692463546,0.9992167890735306,27.63732273056081,1.0,0.6737202053769605,1.0655686876037758,30.409613710566727,0.5523485092452887,2628,5,3,6,10,1.9814814814814814,0.6,216,214,324.8061325481602,2.8283793650291584,0.022308395762904148,0.011413843888070763,-0.5697005058059581,-0.00021165982311599496,-4.271253107090978e-06,0.2827483934750371,1157.44948387146,0.7585842577918648,5,3,2,6,10,1.9814814814814814,0.6,5,1,216,214,200,1.5177856661128961,2.8283793650291584,324.8061325481602,0.022308395762904148,45825,17.437214611872147,24.93759512937595,256x256,65536,sparse,Learned,336,5,28,2617,30.87192296732136,0.6160575986905746,27.6113084207038,0.9992210603266377,0.7172516065249629,0.6780417284623241,6,7,0.0,33,2490,31.11754038270633,0.660839813558364,0.9990772576052629,27.046494331993806,0.5957469702114468,0.6996553421959626,3349,31.268760851906556,0.6550666864213596,0.9995037884746595,29.874474060950348,0.6652213508272267,0.7166253101736972,0.026014309857011142,-0.004321523085363599,-0.46230925675463297,-0.06370908944528597,True,0.6975985984705002,0.7433392230464442,0.7231222385861561,27.569246198269504,0.9991651895689594,7939
7940.png,0.6470198675496689,0.8589403973509934,0.9241182757392233,0.9063591893780573,0.9425872093023255,0.9992439169284486,27.73033422783704,0.9993085771653211,28.125417223105718,1.0,0.6394050598269216,0.47613276468460475,30.21914720567859,0.5269407587827676,2218,5,4,8,11,1.9895287958115184,0.8,191,190,290.8650070512059,2.55884453389033,0.026828408484929372,0.04183424586434181,-0.2396757838731105,-0.00015152459059630807,-2.3359711567416674e-05,0.3710433763188745,906.4161777496338,0.6745718050065876,5,4,1,8,11,1.9895287958115184,0.8,5,1,191,190,172,1.5308684581642398,2.55884453389033,290.8650070512059,0.026828408484929372,45894,20.691614066726782,29.547339945897203,256x256,65536,sparse,Learned,311,5,25,2198,30.60536299601418,0.5855385460542036,27.985345809116502,0.9993319368768885,0.6289566236811255,0.4000500781958891,11,3,0.0,29,2134,30.85544241507321,0.62804128652421,0.9991641193833483,27.1757595876813,0.21100871198239035,0.6264637002341921,4207,31.37244478825892,0.6830228137335259,0.9995604132846585,30.19569159778955,0.17343456237576194,0.6131687242798354,0.1400714139892152,0.23935498163103253,-0.3862157903355907,-0.05859778727143605,True,0.6617601433121683,0.31508568659330294,0.6051856216853271,27.97001001171015,0.9993954415190449,7940
7941.png,0.7306338028169014,0.8880208333333334,0.9406896551724137,0.9291553133514986,0.952513966480447,0.9993687686940859,26.95894380616793,0.9994854542517823,27.499014796716672,1.0,0.5682894765709203,0.9700616556941333,30.59822786057741,0.5602116016052399,2001,5,0,0,10,1.9411764705882353,0.0,170,165,233.16652224137076,2.3595785225138943,0.01985664045274518,0.06921647998225566,-0.7811173955413793,-0.000201975880581573,-6.0591556917399814e-05,0.32045779685264664,789.1008853912354,0.7668439716312057,5,0,5,0,10,1.9411764705882353,0.0,5,0,170,165,160,1.4131304378264877,2.3595785225138943,233.16652224137076,0.01985664045274518,45388,22.68265867066467,32.751624187906046,256x256,65536,sparse,Learned,290,5,24,1891,31.1386814798853,0.602097635437455,27.70749171420388,0.9995460458086997,0.6795422031473534,0.47119887190880316,7,1,0.30000000000000004,32,1860,31.37906037777269,0.6409962040337839,0.999494370840515,27.30634158288798,0.34295318018494325,0.6920842411038489,4720,32.14396563828148,0.7221520397307085,0.9997679432850334,31.240692596970753,0.3303851827746431,0.6407432897453544,-0.2084769174872072,0.09709060466211716,-0.5404536193078897,-0.04188603383221512,True,0.5768379176822511,0.5595683454940007,0.6614173228346457,27.74006120170931,0.9995707445746674,7941
7942.png,0.5451807228915663,0.8791348600508906,0.9356804333107651,0.9092105263157895,0.9637377963737797,0.9990355751345669,28.405025227599378,0.9990716727629432,28.642703348540643,1.0,0.6911810203119801,0.49282013095228466,30.85286054042283,0.5715209067787057,2182,4,5,10,11,2.0113636363636362,1.25,176,177,278.6639969244293,2.749520452862436,0.03673736238057248,-0.014104604666636211,0.18960251843472875,-7.911748689126696e-05,1.3303897749894489e-05,0.4079441760601181,1192.5182342529297,0.5723606168446026,4,5,-1,10,11,2.0113636363636362,1.25,4,0,176,177,155,1.5743728639798238,2.749520452862436,278.6639969244293,0.03673736238057248,45153,20.69340054995417,30.034830430797435,256x256,65536,sparse,Learned,296,4,26,2017,31.375224654276774,0.6143235774912115,28.299795467514922,0.9990583688651933,0.5920558239398819,0.47481253293256387,10,4,0.0,35,2036,31.60425003452901,0.6556945902916047,0.9989277624048113,28.045670342755233,0.2806532458486294,0.5876675603217159,4123,32.10125182676443,0.706455323145072,0.9994416236179188,31.326852022687532,0.16965092216935507,0.5585729499467519,0.34290788102572023,0.21636848737941627,-0.5223641138539428,-0.042802670712505764,True,0.7091652376321484,0.3494909052766835,0.5592853275582025,28.21542270916465,0.9991146926214581,7942
7943.png,0.5268436578171092,0.9131684876365728,0.9546137661556959,0.9402013025458852,0.9694749694749695,0.9986728418112057,28.644819121174177,0.998731192917626,28.99190582810285,1.0,0.5434239503766853,0.6670260793331236,31.176496323392172,0.57462285006152,2065,5,4,8,11,1.9863945578231292,0.8,147,146,226.79393923934023,3.7105096684021204,0.04749861529032435,-0.011035130061678666,0.02254791570321757,-7.311521093844586e-05,8.37988032099668e-05,0.4707220011370097,1262.1808052062988,0.5201612903225806,5,4,1,8,11,1.9863945578231292,0.8,5,0,147,146,128,1.5533831454749314,3.7105096684021204,226.79393923934023,0.04749861529032435,45135,21.857142857142858,31.736561743341404,256x256,65536,sparse,Learned,267,5,26,1993,31.410236756902655,0.6115153818379057,28.60664461365309,0.998647394114416,0.5292779988629903,0.25231179845811,13,1,0.0,34,2058,31.615497437113117,0.6545001118882656,0.9984109458750854,28.037069635575058,0.2591817793182821,0.4455275229357798,4443,32.232783801643016,0.7165717217546371,0.9991719371511365,31.227426194447,0.2757847807887229,0.49857387335995434,0.3852612144497627,0.2911121519185753,-0.23374043351048357,-0.03689253177638563,True,0.5506710358827784,0.3673119420671995,0.5378787878787878,28.62227120547096,0.9987459570221442,7943
7944.png,0.7460510328068044,0.9333333333333333,0.9655172413793104,0.956140350877193,0.9750798722044729,0.9987765563227203,27.75146126092483,0.9988671986398753,28.095837694782652,1.0,0.622807646436843,1.022776560541037,30.62475173805066,0.5468412670282525,2077,4,3,5,7,1.986842105263158,0.75,152,151,227.37972567696715,3.5696841588145807,0.03492122071938702,-0.0008831923882903769,-0.04459092613637594,-7.630082715093245e-05,6.783475162075447e-05,0.2600329851566795,1189.7571086883545,0.7510548523206751,4,3,1,5,7,1.986842105263158,0.75,4,1,152,151,140,1.505825997860708,3.5696841588145807,227.37972567696715,0.03492122071938702,45607,21.95811266249398,31.553201733269137,256x256,65536,sparse,Learned,272,4,24,2007,30.845093729655233,0.5905011226834163,27.830180991652025,0.9987993638882545,0.7399670148433205,0.6963865704243268,5,15,0.0,30,2040,31.06766936900594,0.6353841303589464,0.9985530651392913,27.118511294436452,0.3409283841891445,0.7538631346578366,4278,31.6520728361969,0.6960270273084539,0.9993913255016442,30.880709158777314,0.23712925572384191,0.7042099507927829,0.2656567031306274,-0.07357892398748378,-0.2203419916045739,-0.043659855655163726,True,0.622807646436843,0.6369930625013326,0.7469342251950948,27.796052187061207,0.9988528571498713,7944
7945.png,0.8373983739837398,0.9206204379562044,0.9586698337292162,0.9646271510516252,0.9527856468366384,0.9993940415789854,25.497645199761727,0.9995890590699879,26.27789897710242,1.0,0.611320429098247,0.9748823952288397,30.631601498470104,0.5643775646165095,2148,4,1,3,9,1.9605263157894737,0.25,152,149,222.0365799264595,2.4561392492369603,0.03165594393792216,0.05552187037507905,-1.2467773700773996,-0.00023450380933154324,-5.040284698210051e-05,0.21711057304277648,802.086591720581,0.8712962962962963,4,1,3,3,9,1.9605263157894737,0.25,4,0,152,149,140,1.490178388768183,2.4561392492369603,222.0365799264595,0.03165594393792216,45509,21.186685288640597,30.51024208566108,256x256,65536,sparse,Learned,272,4,25,2083,31.0709910387699,0.6070693330697798,26.71357873186103,0.99963946191697,0.7828894269572235,0.5397566925069074,5,1,0.375,33,2120,31.39329514695465,0.6525007087086184,0.9996155451376859,26.556646230361043,0.6412035345940483,0.786479802143446,4122,31.854533240512456,0.6945632955870056,0.9998629803927103,31.29294868374609,0.39649442457295947,0.7846153846153846,-0.43567975475860976,0.07156373659133963,-0.43938954029979627,-0.042691768453270384,True,0.6190168002606627,0.6034685809250071,0.7818765036086608,26.744422569839127,0.9996285453883169,7945
7946.png,0.6704254228600718,0.8995837669094693,0.9471377704738427,0.9310716208939149,0.9637681159420289,0.9987641185964925,27.312337129680305,0.9989204085779573,27.737484119734916,1.0,0.6710994981682316,0.681460574056792,30.230816135688883,0.5481593301757639,2608,5,2,6,12,1.9724770642201834,0.4,218,215,311.86500705120585,2.9547366363192915,0.029441596744642678,0.032835494802517795,-0.4195967688803428,-0.00020370201802011323,-6.891735270686539e-06,0.34966592427616927,1173.3300685882568,0.6940336562978072,5,2,3,6,12,1.9724770642201834,0.4,5,0,218,215,200,1.4505349165172348,2.9547366363192915,311.86500705120585,0.029441596744642678,45737,17.537193251533743,25.12883435582822,256x256,65536,sparse,Learned,338,5,27,2393,30.8968036259818,0.6100216365824499,27.719556445180803,0.998927300313228,0.6503340757238307,0.5025109925382235,11,8,0.0,33,2458,31.12859163757374,0.6577060336485598,0.9987174474482376,27.351462554866192,0.2618707717169598,0.6455525606469003,3665,31.364100503294342,0.6676816686360502,0.9993309612715295,30.13543109143862,0.4681685012207898,0.6366955727978092,0.01792767455411237,0.16858850563000805,-0.6659874902929168,-0.061862306406685996,True,0.6890117037040719,0.46953431113802513,0.637589928057554,27.731933898560648,0.9989678206145126,7946
7947.png,0.7544610992148465,0.8928067700987306,0.9433681073025335,0.9405646359583952,0.9461883408071748,0.9993009255047888,27.95726340181124,0.999433678210173,28.455675754950835,1.0,0.6817760822095809,0.858533156624789,30.23174036095771,0.5214043015039662,2154,4,2,4,9,1.9776536312849162,0.5,179,177,257.7228714274748,2.6479887802507625,0.03617716855736108,-0.01429742738815487,0.01898915551362279,-7.574167096824347e-05,3.230727148662016e-05,0.23061224489795917,1095.1621532440186,0.7830802603036876,4,2,2,4,9,1.9776536312849162,0.5,4,0,179,177,166,1.4560614204942062,2.6479887802507625,257.7228714274748,0.03617716855736108,46018,21.36397400185701,30.425255338904364,256x256,65536,sparse,Learned,299,4,23,2025,30.423041710191146,0.5699321844445902,28.03166249889404,0.9994013709386864,0.7693877551020408,0.6422783110195458,5,4,0.0,29,2142,30.737657296386686,0.6224601576772253,0.9992191687574548,27.22669263509092,0.15169592548978494,0.7386363636363636,4268,31.25912853934816,0.6806889198904839,0.9996256797226197,30.166586200643305,0.08807280482943924,0.7349165596919127,0.42401325605679574,0.03949777119003506,-0.1913013492334379,-0.048527882940623934,True,0.689633058734515,0.5920728468281516,0.7687585266030014,27.938274246297617,0.999376667175757,7947
7948.png,0.35341660543717857,0.8592644978783592,0.9243058197033092,0.9190620272314675,0.9296097934200459,0.998939608875608,28.371981118094297,0.9991131007380599,28.886933569974733,1.0,0.5768379176822511,0.24655410457282634,31.26266986888627,0.5797909820136631,1826,4,4,6,7,2.0,1.0,135,135,191.19595949289345,3.2257298787434894,0.040947410373373204,-0.03272200842420758,-0.23074618295731142,-0.00016126362455448628,8.087456237781954e-05,0.5992907801418439,1056.1788082122803,0.3735207100591716,4,4,0,6,7,2.0,1.0,4,0,135,135,122,1.4162663666140247,3.2257298787434894,191.19595949289345,0.040947410373373204,44853,24.56352683461117,35.89047097480832,256x256,65536,sparse,Learned,255,4,24,1724,31.52542845558766,0.6109148567866813,28.490319436174136,0.9990322261756821,0.40070921985815605,0.21050646682896113,11,3,0.0,34,1708,31.78665304129933,0.6454879328616815,0.9989213511168367,28.357511504739467,0.2554684125340906,0.3943462897526502,5037,32.674644052820774,0.7435554740350859,0.9995172469558073,32.039010290430674,0.1316948937702095,0.4087136929460581,0.39661413380059685,0.36633145085329,-0.2627585867013913,-0.031123874773018256,True,0.605446289628399,0.14927526780626998,0.38613861386138615,28.60272730105161,0.9991008725001624,7948
7949.png,0.5648399348887683,0.9017372421281216,0.9483300028546959,0.9373589164785553,0.9595609474292317,0.9981167314041288,29.021584981772996,0.9982201683235024,29.324321930902535,1.0,0.6518075726938024,0.4068042054615982,31.54092363340036,0.595155160524516,2084,4,4,7,7,2.0,1.0,158,158,250.35028842544432,3.5667632742773128,0.027505249202320028,-0.04145073756242479,0.13811181738431344,6.152957753602362e-05,0.0002665363782574648,0.3820043103448276,1357.3641777038574,0.5793736501079914,4,4,0,7,7,2.0,1.0,4,2,158,158,144,1.5844954963635702,3.5667632742773128,250.35028842544432,0.027505249202320028,44728,21.46257197696737,31.44721689059501,256x256,65536,sparse,Learned,278,4,27,2037,31.719443491372243,0.6291426684242984,28.80982406384173,0.9979536319452449,0.6179956896551724,0.3613082487053333,12,10,0.0,39,2078,32.07099150554065,0.6742377724462427,0.9979612598386407,28.843597739284007,0.27895867241663386,0.5932475884244373,4379,32.58451773767112,0.7268539119460292,0.9988924460471195,31.685261901074078,0.10672173781832306,0.5602570969469738,0.514497867060804,0.2904993239884691,-0.17851985797188163,-0.03398750789978244,True,0.6865138191173947,0.2792767087244591,0.6062906724511931,28.883473164388683,0.9980552018265928,7949
7950.png,0.6845549738219895,0.9106438896189225,0.953232462173315,0.9545454545454546,0.9519230769230769,0.9987494929894106,28.038629818209873,0.9988946862132825,28.39522310797177,1.0,0.64654531804122,1.0370740585065872,31.443433275542247,0.5901274235767577,2090,4,2,5,8,1.9753086419753085,0.5,162,160,236.62236636408636,3.1799126304226157,0.025670319426232668,-0.0038141791489334498,-0.4069273755560623,-0.00012371479499506677,1.66299907933265e-05,0.29038461538461535,1224.364995956421,0.7225201072386059,4,2,2,5,8,1.9753086419753085,0.5,4,0,162,160,149,1.4788897897755386,3.1799126304226157,236.62236636408636,0.025670319426232668,44859,21.463636363636365,31.356937799043063,256x256,65536,sparse,Learned,282,4,27,2079,31.559797574684772,0.626218693732074,28.385515407401346,0.9988780562224892,0.7096153846153846,0.6183812988236732,6,13,0.0,36,1900,31.88184907987744,0.6618848917103809,0.9986799630079232,28.05175715452901,0.3051088052570894,0.726122707147375,4201,32.389906044545434,0.717276446090772,0.9993905303456854,31.380586332817035,0.3363497498636806,0.6826003824091779,0.009707700570423583,0.028164019217546743,-0.11636429914252489,-0.03609127015531621,True,0.6394050598269216,0.6631104004243529,0.6883691529709229,28.445557193765936,0.9988732077844057,7950
7951.png,0.4567496723460026,0.8669581511555278,0.9287387085981934,0.9234863606121091,0.9340511440107672,0.999194069320165,28.035214117126426,0.9992331818747958,28.23273861693267,1.0,0.5934303402594009,0.45306263354272447,30.258038457491807,0.5239195324862229,2096,5,5,9,10,2.0,1.0,166,166,248.10764773832506,2.8921396660517495,0.049060880685775896,-0.0057262737733046465,0.37755233587008874,6.134971056726002e-07,5.7485923820377316e-05,0.5322683706070288,1055.065631866455,0.466928618205632,5,5,0,9,10,2.0,1.0,5,0,166,166,147,1.494624383965812,2.8921396660517495,248.10764773832506,0.049060880685775896,45971,21.932729007633586,31.267175572519083,256x256,65536,sparse,Learned,286,5,24,2040,30.547678807149005,0.5751256696917223,27.696775530444345,0.9991756959509754,0.46773162939297125,0.2636133805438998,10,1,0.0,30,2088,30.80060696224124,0.6202373827488235,0.9991071706584295,27.453219628669018,0.34075936979955623,0.441233140655106,4436,31.40599304152972,0.6897992456136666,0.9995348069323935,30.68420485944941,0.23131723440661445,0.4523655217109527,0.5359630864883265,0.32981695971550107,-0.28964034965719776,-0.05120613720549938,True,0.6140316856257579,0.27819481256828416,0.46247594611930726,27.657661781256337,0.9991934558230593,7951
7952.png,0.6382513661202186,0.8739406779661016,0.9327303561334086,0.9065934065934066,0.9604190919674039,0.9994967020064405,27.218495721704777,0.9995851070752668,27.753970154245742,1.0,0.5529120734406436,0.4791396112763919,31.619464242964646,0.5985281529614669,1833,4,0,0,8,1.9402985074626866,0.0,134,130,187.23759005323606,2.492035374712588,0.02460507619482599,-0.006499429213821739,-0.4550262285198059,-0.00012218109016537415,1.724489236964999e-06,0.3329864724245577,766.4856910705566,0.6613076098606645,4,0,4,0,8,1.9402985074626866,0.0,4,0,134,130,126,1.440289154255661,2.492035374712588,187.23759005323606,0.02460507619482599,44691,24.381342062193127,35.753409710856516,256x256,65536,sparse,Learned,254,4,24,1730,31.76562591341061,0.6244380864588006,27.65741294639311,0.9995833825860299,0.6670135275754423,0.2647171324521993,8,0,0.5,35,1792,32.06734329234692,0.6643261677875065,0.9995487863316841,27.574584331425328,0.31418190711572613,0.6541666666666667,5128,32.97100420375865,0.7500298294462767,0.9998478967078491,32.89333894056346,0.1937687084211106,0.6574761399787911,0.09655720785263355,0.28819494098844434,-0.14616167044596295,-0.025909933497333726,True,0.5639507136784644,0.2702111257309432,0.6447507953340403,27.673521950224583,0.9996188830966058,7952
7953.png,0.7863207547169812,0.918905715681485,0.9577393075356415,0.9480846774193549,0.9675925925925926,0.9988764923459967,27.465252453963117,0.9989975195339597,27.82611489150363,1.0,0.7197294801761884,0.9370605312361672,30.69602391238972,0.5691597722089875,2783,4,4,7,11,2.0,1.0,243,243,382.07794448424056,2.7514297780676635,0.037952832792740025,0.007733055400352407,-0.566209599224905,-0.00023906915371985082,-8.347274585374098e-05,0.20645748067303316,1112.9696369171143,0.8154648956356736,4,4,0,7,11,2.0,1.0,5,0,243,243,225,1.572337220099753,2.7514297780676635,382.07794448424056,0.037952832792740025,45478,16.341358246496586,23.548688465684513,256x256,65536,sparse,Learned,363,5,30,2716,31.20888389604228,0.6329444682880815,28.047528246677974,0.9990809922798134,0.7935425193269668,0.680180978183696,6,6,0.0,38,2690,31.483586701210896,0.6821560240952665,0.9990420201693634,27.93901233312858,0.5578030907201013,0.7831435079726652,3234,31.431350553754534,0.6572974616598823,0.999390303655662,29.713381445786318,0.7621226323313216,0.7979109900090826,-0.22141335517434513,0.03954850199249238,-0.5128599836525609,-0.06378469607909398,True,0.7381543314196741,0.6916952899343977,0.7785876993166287,28.031462053188022,0.9991155614997166,7953
7954.png,0.6299694189602446,0.8761329305135952,0.9339774557165861,0.9169960474308301,0.9515996718621821,0.9993031461587382,28.157571631711086,0.9993799613191914,28.46613771175422,1.0,0.6030718511741175,0.6203999791659626,31.22294795727056,0.5832572453287984,2124,5,1,3,11,1.9545454545454546,0.2,176,172,268.8355697996829,2.356160269542174,0.032577797544276886,0.009546883748977053,-0.14217755947968413,-0.00011858494455296853,-9.95612903198495e-06,0.3471830985915493,898.9951610565186,0.6587966488956588,5,1,4,3,11,1.9545454545454546,0.2,5,0,176,172,162,1.562997498835364,2.356160269542174,268.8355697996829,0.032577797544276886,45006,21.189265536723163,30.854990583804142,256x256,65536,sparse,Learned,296,5,27,2068,31.53920187563567,0.6241088306017478,28.288003764637946,0.9993899174482234,0.6528169014084507,0.36364583027491293,10,2,0.0,37,2066,31.788311065950964,0.6640998923327263,0.9993556255406962,28.11315873828915,0.2526711775434951,0.6330731014904187,4233,32.29657544396066,0.7156909242863185,0.9996733909096357,31.253153020505096,0.2591817793182821,0.6454545454545455,0.17813394711627595,0.23942602089920462,-0.31625391836510985,-0.04085158527294941,True,0.6276794119468447,0.3894122940947261,0.6204225352112676,28.29974919119077,0.9994217311032911,7954
7955.png,0.7410714285714286,0.8622589531680441,0.92603550295858,0.9287833827893175,0.9233038348082596,0.9992111459446782,26.313474471271224,0.9995436564322902,27.584853363966783,1.0,0.5682894765709203,1.0,31.546723978222033,0.6084380066201914,1817,4,2,2,6,1.9692307692307693,0.5,130,128,184.50966799187816,2.600484841603499,0.022127835808354968,0.03118488075943504,-1.2074552887341348,-0.0003509661589400359,-2.45453834548659e-05,0.2852485737571312,828.3510208129883,0.7818515123739689,4,2,2,2,6,1.9692307692307693,0.5,4,1,130,128,122,1.4414817811865477,2.600484841603499,184.50966799187816,0.022127835808354968,44535,24.510181618051735,36.06824435883324,256x256,65536,sparse,Learned,250,4,25,1766,31.978325159608744,0.6366259626075031,27.50109892578337,0.999568201815745,0.7147514262428688,0.3705174478359421,7,1,0.625,38,1798,32.18787105926493,0.672364920185407,0.9995487065383521,27.768733430747044,0.5342005023501717,0.7140509449465899,5245,33.19899894815623,0.7561365826732882,0.9998766022617452,33.71294349385268,0.34295318018494325,0.7087458745874587,0.0837544381834121,0.19777202873497823,-0.43160118138671066,-0.02818795598731172,True,0.5954581148969812,0.5954581148969812,0.7098865478119936,27.52092976000536,0.9995621121036182,7955
7956.png,0.4712460063897764,0.8131699846860643,0.8969594594594594,0.8726376335250616,0.9226759339704604,0.9989787124201807,27.8904931775702,0.9991587564617687,28.65655252273243,1.0,0.4852119415431638,0.37288764921900064,30.44026233825295,0.5307464681192167,1769,5,3,6,10,1.9689922480620154,0.6,129,127,190.50966799187825,2.9781545816465864,0.03506135034527911,-0.006168323828292188,-0.028740868971169675,-0.00010437032333865393,7.317546095120253e-05,0.5094912680334093,1158.0779552459717,0.49295774647887325,5,3,2,6,10,1.9689922480620154,0.6,5,1,129,127,113,1.5000761259203002,2.9781545816465864,190.50966799187825,0.03506135034527911,45664,25.813453928773317,37.04691916336913,256x256,65536,sparse,Learned,249,5,22,1744,30.691967610971705,0.569081054583266,28.079294698825706,0.9990855810008175,0.4905087319665907,0.23662050566314685,12,2,0.0,27,1702,30.919902633272983,0.606633669624536,0.9989346305399764,27.462110670127444,0.218598882835919,0.469843633655994,5115,31.91034080723786,0.7239839226372873,0.9995042349497514,31.26643859755775,0.0815562587337969,0.4822076978939724,0.5772578239067236,0.24859143588001698,-0.2517052727187554,-0.0383345864640493,True,0.5209738068112488,0.19426469812652036,0.47741433021806856,27.91923404654137,0.9990830827435193,7956
7957.png,0.5134474327628362,0.8877305533279871,0.9405267629566695,0.9141205615194055,0.968503937007874,0.9993708294061715,28.476505730543913,0.999367196093474,28.665243876050496,1.0,0.5093381083007599,0.3739622848357807,30.876317167703327,0.5579719093242852,1939,5,0,0,10,1.9315068493150684,0.0,146,141,199.0954544295051,2.8420507222005766,0.03049471931966789,0.023651514395489293,0.4196177143765496,-8.676489221426387e-06,5.646106726964195e-05,0.49117421335379896,1118.727684020996,0.5326433121019108,5,0,5,0,10,1.9315068493150684,0.0,5,0,146,141,136,1.4120244995000353,2.8420507222005766,199.0954544295051,0.03049471931966789,45339,23.382671480144403,33.798865394533266,256x256,65536,sparse,Learned,266,5,24,1862,31.12910046364326,0.5952126634052234,28.10702030913098,0.9993107350262044,0.508825786646201,0.3176565955115075,9,4,0.0,30,1732,31.30844998455633,0.6259061158001312,0.999162691175532,27.354739381503855,0.37915055537949294,0.48829953198127923,4740,32.10071288746274,0.7208536468396134,0.999599517621861,31.05390659660673,0.1607108538469253,0.5064442759666414,0.5582235669195157,0.19168151278925238,-0.25278329593993476,-0.03724075408093819,True,0.5342005023501717,0.19977084041929205,0.4897959183673469,28.056888016167363,0.9993795058953929,7957
7958.png,0.7414266117969822,0.936271186440678,0.9670868347338935,0.9517574086836664,0.9829181494661922,0.9989285499919313,27.35334341725753,0.9989280718916951,27.729344206439947,1.0,0.49942608058837235,0.9268305300811727,31.13730926353622,0.5801710716921951,2045,5,2,4,10,1.955223880597015,0.4,134,131,194.75230867899754,3.469316362445034,0.03176564006057814,0.015923691615282065,-0.26004533377546935,-7.458198235321678e-05,3.075704585020489e-05,0.27487244897959184,1070.850133895874,0.7489851150202977,5,2,3,4,10,1.955223880597015,0.4,5,0,134,131,120,1.4866588448778426,3.469316362445034,194.75230867899754,0.03176564006057814,45141,22.073838630806847,32.04694376528117,256x256,65536,sparse,Learned,254,5,26,2022,31.38634932493163,0.6167043152574387,27.633869141505286,0.9988973148458449,0.7251275510204082,0.4818549206648426,8,8,0.0,33,1912,31.562345147353543,0.6506262394589932,0.9986438311198977,27.1364437340533,0.47270757595695145,0.727735368956743,4572,32.26396171398229,0.7196543652971257,0.9994814170238081,31.43671839214274,0.49674922107127684,0.7104420243433697,0.09547506493466074,0.017571159923529756,-0.24904006139540869,-0.03653324356524368,True,0.5323335729900908,0.49338300763441045,0.7255029201817002,27.613388751033,0.9990031319742845,7958
7960.png,0.5332902391725921,0.8541147132169576,0.9213180901143241,0.9377138945927447,0.9054857898215466,0.9990931297745622,27.096602957856945,0.9993446981855059,27.56583366568538,1.0,0.6880773379673533,0.45455806493921525,30.300836432360995,0.5299502052845992,2068,4,9,17,10,2.064935064935065,2.25,154,159,262.48023074035547,2.9966470823659526,0.0510211091559112,0.004401350283703254,0.21576076123603727,-4.89619578956102e-05,0.00011010052718363195,0.4530531845042679,1091.2611484527588,0.5622895622895623,4,9,-5,17,10,2.064935064935065,2.25,4,0,154,159,127,1.6508190612600961,2.9966470823659526,262.48023074035547,0.0510211091559112,45919,22.204545454545453,31.690522243713733,256x256,65536,sparse,Learned,274,4,23,1992,30.50201253751979,0.5748654371120279,26.858180884859944,0.9992345976583222,0.5469468154957321,0.29354798607043664,8,0,0.5,29,1880,30.773878432360334,0.6182859032984634,0.9992108737653743,26.722029453691306,0.20546639749666606,0.5337748344370861,4469,31.453335051965773,0.6909271278830065,0.9996519238661918,30.8094540302101,0.1666928199083595,0.5486202365308804,0.707652780825434,0.3945293518969166,-0.20117610515879392,-0.044915231827428626,True,0.6911810203119801,0.31418190711572613,0.5288888888888889,26.880842196620907,0.9991420917324578,7960
7961.png,0.5872809863724854,0.8761965539246969,0.9340136054421769,0.907468605419696,0.9621583742116327,0.9993204664901586,27.64575899744292,0.9993691641656974,27.976796266489707,1.0,0.7368418245439713,0.46000403889420033,30.335276317541087,0.5390071948448187,2353,4,1,2,8,1.9714285714285715,0.25,210,207,304.1787155501907,2.557293206737155,0.029667355262060414,0.01009977831879405,0.09101943092619891,-8.315126045443932e-05,2.2662462205613743e-05,0.41671606401896855,877.021074295044,0.5934550031466331,4,1,3,2,8,1.9714285714285715,0.25,4,1,210,207,200,1.4694623939622715,2.557293206737155,304.1787155501907,0.029667355262060414,45855,19.48788780280493,27.852103697407564,256x256,65536,sparse,Learned,330,4,26,2307,30.743916925536894,0.5977333256436523,27.59425675735839,0.9993465017034918,0.5832839359810315,0.3119172374270447,13,2,0.0,32,2302,31.001091469289747,0.641567386417785,0.9992581504287217,27.365046448092937,0.39103835892710315,0.5596658711217184,3778,31.325299651580906,0.6668269265133752,0.9995870233082037,30.11934747865553,0.24565447645705696,0.5710041592394534,0.3825395091313162,0.4249245871169266,-0.4086406079958067,-0.0587261307988336,True,0.6521555910829127,0.29999420588557435,0.5771812080536913,27.55473956651672,0.999403617750613,7961
7962.png,0.5202388852023888,0.8883870967741936,0.940895114451657,0.9405737704918032,0.9412166780587833,0.9987755158787239,28.664221303565792,0.9989035805323254,28.899170529906655,1.0,0.5360599789083533,0.4962734228598391,31.654974429541017,0.5991505897015957,1922,5,4,7,11,1.9855072463768115,0.8,138,137,206.95331880577416,3.1510073654893516,0.043904598450912616,-0.05286053000228952,0.353810249559249,2.0391977521350135e-05,0.00014129448319866178,0.40132013201320127,1194.9365139007568,0.5423956931359354,5,4,1,7,11,1.9855072463768115,0.8,5,0,138,137,120,1.510608166465504,3.1510073654893516,206.95331880577416,0.043904598450912616,44684,23.24869927159209,34.09781477627472,256x256,65536,sparse,Learned,258,5,24,1771,31.733865445654466,0.6262315258604138,28.320283354939786,0.9987622860491268,0.5986798679867987,0.49338300763441045,6,4,0.0,37,1894,32.06373747872342,0.6678554749154679,0.9986364053036606,28.272485224666802,0.25460884181465837,0.5461181154611812,4818,32.81051182796332,0.7438827327702391,0.9994244865125623,32.05047073676446,0.20650207008836308,0.5635761589403974,0.5788871749668694,0.042676971273942876,-0.07889101611344884,-0.027080936158818014,True,0.5542513273350398,0.2750602033411693,0.5730994152046783,28.310411054006543,0.9987551239012026,7962
7963.png,0.6546184738955824,0.8714574898785425,0.9313142239048134,0.9169329073482428,0.9461538461538461,0.9994723849392263,27.199977513250857,0.9995740674437606,27.609261392912103,1.0,0.5661255185670091,0.6441176523043592,30.295027754710592,0.523687494539603,1764,4,5,6,10,2.0155038759689923,1.25,129,130,197.40916292848996,2.553374403206877,0.041213642987144486,0.01924928519913749,0.21488052437219451,-7.791738939100235e-05,3.918203478248117e-05,0.3381950774840474,885.340690612793,0.7025380710659899,4,5,-1,6,10,2.0155038759689923,1.25,4,0,129,130,113,1.5185320225268444,2.553374403206877,197.40916292848996,0.041213642987144486,45842,25.9875283446712,37.151927437641724,256x256,65536,sparse,Learned,249,4,21,1649,30.55021485432665,0.5584006550700091,26.985148482571127,0.9995348854089782,0.6618049225159526,0.3995044211877341,6,1,0.25,28,1712,30.79394579228392,0.6059757585426224,0.9995229027007304,26.90789440702393,0.24969292827083156,0.6450137236962489,5345,31.837299715073776,0.7269053477834645,0.9998103492354526,31.334996121306983,0.11383406807502128,0.6340425531914894,0.6241129103409762,0.166621097379275,-0.2551870996160588,-0.034713160530406184,True,0.5789484473726789,0.3729109147269438,0.6353691886964449,26.985096988878663,0.9995503023286173,7963
7964.png,0.7214285714285714,0.903247183565275,0.9491643454038998,0.9511514305652478,0.9471855455177206,0.9986568496339173,28.430625069307847,0.9988595488058184,28.737558929072943,1.0,0.6321205588285577,1.1938117389277059,31.036682837798462,0.5652366097060141,1855,4,9,16,7,2.076923076923077,2.25,130,135,220.9949493661168,3.3427835207719068,0.061981765082753555,-0.011696428571428608,0.22002038359762466,-1.9591161246168554e-05,0.00012595855500663333,0.24540266328471783,1174.997091293335,0.7470277410832232,4,9,-5,16,7,2.076923076923077,2.25,4,2,130,135,107,1.6369996249341974,3.3427835207719068,220.9949493661168,0.061981765082753555,45179,24.35525606469003,35.32938005390836,256x256,65536,sparse,Learned,250,4,23,1778,31.19173881343558,0.5958201159405276,28.181314347207792,0.9987335902508118,0.7545973367152822,0.5744129266933643,7,12,0.0,33,1838,31.494572966689717,0.6410426119722507,0.9985263854926341,27.79533151339042,0.10057535192407596,0.7308832246591582,4868,32.28294196000642,0.727626352934209,0.9993932423188342,31.47433263154238,0.04880348944279578,0.6283818274629913,0.5562445818651511,0.057707632135193365,-0.1550559756371186,-0.030583506234513558,True,0.6321205588285577,0.7546329435470737,0.733125,28.210604685710223,0.9986764407951635,7964
7965.png,0.7843137254901961,0.912952281069743,0.9544956140350878,0.9513661202185792,0.9576457645764577,0.9989986264132494,28.222456499412548,0.9991169260930491,28.655496308929727,1.0,0.6259378553979174,0.9173850634601606,31.58976623758155,0.6108188829176107,2512,6,4,6,12,1.981651376146789,0.6666666666666666,218,216,338.1492782986679,2.853961791467229,0.041661217298169496,-0.015888601267517677,-0.4880754745652034,-0.00013443781814292954,-3.1893377343550355e-06,0.19828456104944503,981.0073375701904,0.799792531120332,6,4,2,6,12,1.981651376146789,0.6666666666666666,6,1,218,216,200,1.565505918049386,2.853961791467229,338.1492782986679,0.041661217298169496,44675,17.78463375796178,26.089171974522294,256x256,65536,sparse,Learned,338,6,31,2476,31.94853935847439,0.6571378853185438,28.72882414381975,0.9991201154307835,0.801715438950555,0.5506710358827784,8,6,0.0,42,2440,32.278417292356224,0.699229512836234,0.9991325833642706,28.84259332992739,0.4822080809915056,0.7815168257157208,3767,32.46880779582139,0.7122759704809147,0.9994783603431557,31.20166053889144,0.6218634858439442,0.778672032193159,-0.07332783489002281,0.07526681951513892,-0.35877312089284175,-0.04631900240093312,True,0.7047698330759857,0.64654531804122,0.8002023267577137,28.71053197397775,0.9991330642313924,7965
7966.png,0.6825657894736842,0.882636655948553,0.937660119555935,0.940068493150685,0.9352640545144804,0.9992183714273029,27.929805076334482,0.9993254149533506,28.383629071317642,1.0,0.6394050598269216,0.6621221770879078,31.08739921982844,0.5658598593629679,1962,4,6,11,9,2.0251572327044025,1.5,159,161,237.55129855222103,2.533315709551925,0.028779924780624043,-0.003285529471159898,-0.2059583873641202,-3.225791293570701e-05,5.600246111492346e-05,0.2999191592562651,1024.5614051818848,0.7071129707112971,4,6,-2,11,9,2.0251572327044025,1.5,4,0,159,161,139,1.4754739040510603,2.533315709551925,237.55129855222103,0.028779924780624043,45202,23.038735983690113,33.4026503567788,256x256,65536,sparse,Learned,279,4,25,1959,31.23567243536388,0.6051864857458712,28.11103028678717,0.9992694124922357,0.7000808407437349,0.40547945202980573,8,1,0.0,32,1928,31.49408991184639,0.643631884631141,0.9991423310796841,27.607297292872875,0.2102193260671973,0.728492501973165,4600,32.19791115696114,0.7204077290915326,0.9996534095323935,31.493536260956017,0.24497166451979202,0.7069510268562401,0.2725987845304729,0.2339256077971159,-0.14827321553543982,-0.039326626382903296,True,0.6500622508888447,0.4304206328011876,0.6858513189448441,28.135763463698602,0.9992506293402386,7966
7967.png,0.5766666666666667,0.8684497816593887,0.9295939234589542,0.9133180252583237,0.9464604402141582,0.9987988281972878,28.393352795376728,0.9988405984369335,28.652269961272964,1.0,0.5654017914929217,0.5302337868855511,30.985317036490343,0.5696533537253312,2266,6,1,2,12,1.9456521739130435,0.16666666666666666,184,179,285.835569799683,2.936544357434563,0.04293453253857686,0.019397944199706307,-0.07110659204651881,-0.0001013993755085707,5.9258314147991875e-05,0.4298913043478261,1143.906593322754,0.5815602836879432,6,1,5,2,12,1.9456521739130435,0.16666666666666666,6,0,184,179,170,1.5968467586574449,2.936544357434563,285.835569799683,0.04293453253857686,45205,19.949249779346868,28.92144748455428,256x256,65536,sparse,Learned,304,6,27,2193,31.298780191235366,0.6166690374247985,28.460958421451465,0.9987813401227855,0.5701086956521739,0.3559635789168587,13,3,0.0,34,2060,31.550695467877063,0.6538065723747405,0.9985777675981237,28.070984669019005,0.1981787411487046,0.5746753246753247,3853,31.886145477078216,0.6909899628408112,0.9992527621659233,31.022957714274526,0.17579280738613967,0.5919448860625331,0.1913115398214984,0.209438212576063,-0.3134631547450226,-0.04701568369946729,True,0.5682894765709203,0.30132628120940674,0.5572687224669604,28.464459387423247,0.9989002275727964,7967
7969.png,0.6101438304314913,0.9151651651651652,0.955703645629165,0.947900466562986,0.9636363636363636,0.9981762971417223,27.88836233363988,0.9982758050633267,28.278752628227167,1.0,0.7453843179751962,0.48308757036641414,30.460116567593506,0.5548316868976836,2780,5,9,18,11,2.034782608695652,1.8,230,234,391.3531865191791,3.5223922402962393,0.05266072926090321,0.000935727300736322,-0.34063268843078376,-0.00017489689406324782,-3.7867901702126616e-06,0.40296886314265024,1293.2965755462646,0.606581899775617,5,9,-4,18,11,2.034782608695652,1.8,5,1,230,234,201,1.672449515039224,3.5223922402962393,391.3531865191791,0.05266072926090321,45751,16.457194244604317,23.57410071942446,256x256,65536,sparse,Learned,350,5,29,2745,30.913476144849366,0.6215175059144898,28.24538393816455,0.9982795918534969,0.5970311368573498,0.26239573617817347,23,4,0.0,35,2758,31.20506638013474,0.6732232124012124,0.997921570995064,27.65767635318783,0.24798574568061726,0.5829109341057205,3101,31.178300964344253,0.6445913236742028,0.9986531204752839,29.666792714418364,0.2591817793182821,0.5982658959537572,0.033368690062616224,0.48298858179702275,-0.45335957725585985,-0.06668581901680626,True,0.6885967760854024,0.33265254352124274,0.609208103130755,28.228995022070663,0.9983511940357855,7969
7970.png,0.4701492537313433,0.8568904593639576,0.922930542340628,0.8907254361799817,0.9575518262586377,0.9993877129751467,28.43749693276464,0.9994003977970124,28.663693969295778,1.0,0.47481253293256387,0.425296930261507,31.31979083910125,0.5792543445585646,1772,5,2,4,11,1.9508196721311475,0.4,122,119,180.36753236814715,2.7705481599588864,0.03174166049670023,-0.02381546307459914,-0.07167559731271922,-8.576470024812544e-05,2.1271584129345378e-05,0.4874326750448833,970.6411361694336,0.4896302975653742,5,2,3,4,11,1.9508196721311475,0.4,5,0,122,119,107,1.5156935493121613,2.7705481599588864,180.36753236814715,0.03174166049670023,44848,25.30925507900677,36.98419864559819,256x256,65536,sparse,Learned,242,5,24,1721,31.51517862456375,0.6090048889150272,28.486947433634107,0.999379126212883,0.5125673249551167,0.24421625854427453,8,0,0.7,32,1612,31.73115454730684,0.6422973215707983,0.9992655674183641,28.000844190689783,0.23662050566314685,0.49326145552560646,5161,32.69153585168044,0.7452859497321412,0.9996789505572989,32.13038999588661,0.15881290501686673,0.509927797833935,0.1767465356616711,0.23059627438828934,-0.19538778546250057,-0.029750544356462627,True,0.5053970700329431,0.21494382244817056,0.49396471680594245,28.509172530077358,0.9994734776753949,7970
7971.png,0.512912912912913,0.8961424332344213,0.9452269170579028,0.9298029556650246,0.9611712285168682,0.9989439965226924,27.70487164721455,0.9989952405565788,28.155594356941553,1.0,0.64654531804122,0.4641679899969928,31.161143176429324,0.5893490761102477,2336,5,7,13,9,2.020942408376963,1.4,191,193,300.1787155501907,2.7991382027171667,0.04390016381802229,-0.0018503182848585986,-0.5736602517454337,-0.00015127432272799002,-6.303739879554016e-05,0.46766169154228854,1020.6353664398193,0.5428914217156569,5,7,-2,13,9,2.020942408376963,1.4,5,2,191,193,169,1.5553301323844053,2.7991382027171667,300.1787155501907,0.04390016381802229,44976,19.253424657534246,28.054794520547944,256x256,65536,sparse,Learned,311,5,29,2314,31.659149657365106,0.6380648489468572,28.304861122077213,0.9990582779553744,0.5323383084577115,0.33368983257511364,10,1,0.25,39,2336,31.98945768259927,0.6797133700139416,0.9990877807193399,28.50736689204284,0.26655304377571065,0.5247191011235955,4020,32.22795357962806,0.7066196356443799,0.9994342793848565,31.180000038104623,0.1981787411487046,0.5338556239507555,-0.1492667651356605,0.3128554854661063,-0.49800648093578204,-0.04871577283660955,True,0.6422783110195458,0.298125032644606,0.5147632311977716,28.278531898959983,0.9990952708454204,7971
7972.png,0.5274261603375527,0.892632781267847,0.9432709716354859,0.9188712522045855,0.9690018598884067,0.9992176146081367,27.813035558709235,0.9992241226870455,28.1111041702168,1.0,0.7558567168465629,0.33609452143655905,30.4765309375941,0.5444326561645698,2469,4,6,12,10,2.018099547511312,1.5,221,223,335.36248173426435,2.808116623718814,0.025081039994603715,-0.006996243396402924,-0.11601568310732802,-9.55686235846187e-05,-1.2398727649021168e-06,0.4891606448026682,1004.2614936828613,0.506896551724138,4,6,-2,12,10,2.018099547511312,1.5,4,1,221,223,199,1.5038676310953536,2.808116623718814,335.36248173426435,0.025081039994603715,45787,18.544754961522884,26.54353989469421,256x256,65536,sparse,Learned,341,4,27,2427,30.83946060507031,0.6042185398454237,28.0179516065844,0.9992253625598104,0.5108393551973318,0.4368930555625521,7,3,0.0,31,2206,31.016033109425194,0.6403937310617986,0.9990355645179083,27.295950153141636,0.2581227112773926,0.4911012235817575,3677,31.342981288792156,0.6667298725287586,0.9994301875130576,29.97980716896182,0.2528046172043237,0.5102949360044519,0.0931525636324011,0.31896366128401077,-0.36292966747621236,-0.05978588368085391,True,0.7677637252702412,0.2580411818210515,0.5344224037339557,27.929051241816563,0.9993131832317214,7972
7973.png,0.7140688259109311,0.9256654947262682,0.9613980177360458,0.948045267489712,0.9751322751322752,0.9983677994682297,28.235487825721222,0.9983968775741845,28.617453245667406,1.0,0.6972960458178572,0.7512215270914916,31.090044913573337,0.5823448482962363,2290,4,4,9,8,2.0,1.0,170,170,258.9655121145941,3.815638000824872,0.038744933163893956,0.019239647702251506,-0.16851303502142656,3.2588167504621346e-05,0.0001525506534750809,0.30835603996366934,1240.3347492218018,0.7179231153270095,4,4,0,9,8,2.0,1.0,4,0,170,170,153,1.523326541850552,3.815638000824872,258.9655121145941,0.038744933163893956,45140,19.7117903930131,28.618340611353712,256x256,65536,sparse,Learned,290,4,27,2120,31.45557725201727,0.6228772420219107,28.4046378192903,0.9982443269207094,0.6916439600363307,0.42592773880356405,12,8,0.0,37,2150,31.694965235152264,0.6653294720125177,0.9983238926604957,28.634218521989908,0.5096948235825338,0.6799251286850725,4119,32.13469406156094,0.7070168040598319,0.9990162474422907,31.026460801707948,0.34115878852723136,0.6775528978840847,0.21281542637710515,0.27136830701429315,-0.3655323384439342,-0.04053239372567441,True,0.6817760822095809,0.5121648696119356,0.6948291782086796,28.40400086074265,0.9983352113007251,7973
7974.png,0.5343465045592705,0.8710618436406068,0.9310882444652323,0.9221741815935763,0.940176322418136,0.9990252637426,28.02668209240622,0.9991094157807986,28.560533739574016,1.0,0.6535441896699425,0.38030422362496946,30.754940059922514,0.5558345571208019,2249,5,3,6,10,1.979899497487437,0.6,199,197,302.2497833620561,2.755468590175686,0.039557411797389384,-0.0057911101196286285,-0.3457536874897258,-0.00020483760716305532,3.7870596160116676e-06,0.4701576576576577,942.0843124389648,0.540084388185654,5,3,2,6,10,1.979899497487437,0.6,5,1,199,197,183,1.5342628597058665,2.755468590175686,302.2497833620561,0.039557411797389384,45415,20.19341929746554,29.14006224988884,256x256,65536,sparse,Learned,319,5,26,2121,31.074246079412138,0.6033792073251286,28.37596041257358,0.9991056287211826,0.5298423423423423,0.40547945202980573,9,3,0.0,33,2212,31.353947010533865,0.6505496273142768,0.9990095046041498,28.053410151250326,0.4139122252069497,0.5048766494549627,4143,31.790346779899107,0.6965311905120201,0.9994744244663636,31.155397889096882,0.1594930018556875,0.536420101637493,0.18457332700043594,0.2480647376401368,-0.31930601948962334,-0.047544650204326744,True,0.6563047790718477,0.24959547946627614,0.5401376146788991,28.372435779895945,0.9992301013497631,7974
7975.png,0.5910470409711684,0.8358750907770516,0.9106012658227848,0.9062992125984252,0.9149443561208267,0.9989763570277377,28.45235892991383,0.9991207032187603,28.895005824234353,1.0,0.6552721452327799,0.42353595946585937,31.50444350879821,0.5860577603807562,1873,4,4,7,8,2.0,1.0,164,164,237.0954544295052,2.7290205432147516,0.03373771436012175,-0.004434008591513772,-0.21658624188349052,-0.00014973023358788584,6.536070523699422e-06,0.3804267844002943,988.09814453125,0.613618974751339,4,4,0,7,8,2.0,1.0,4,1,164,164,149,1.445703990423811,2.7290205432147516,237.0954544295052,0.03373771436012175,44706,23.86865990389749,34.98985584623598,256x256,65536,sparse,Learned,284,4,26,1873,31.655009294471924,0.6175106809243331,28.718154941168578,0.9991141671482366,0.6195732155997057,0.302323673928969,12,5,0.0,36,1792,31.951788770846477,0.6534349981520503,0.9990302368293276,28.504314280660633,0.17510568179639663,0.5640266469282014,4860,32.70943490224784,0.7402870666674105,0.9995778828991072,32.20265622591642,0.03302653978419223,0.46750727449078566,0.17685088306577512,0.3529484713038109,-0.15056578567371304,-0.03145292054357696,True,0.6620982141052869,0.2804224023717147,0.5954810495626822,28.668945171797322,0.9991260872613256,7975
7976.png,0.68014484007242,0.8618618618618619,0.9258064516129033,0.8957553058676654,0.9579439252336449,0.9991672212812481,28.266171398854055,0.9990676086624731,28.42824016144295,1.0,0.599883690343695,0.8297876035155461,30.898888531100425,0.5655639202879625,2209,5,2,4,10,1.9661016949152543,0.4,177,174,266.17871555019036,3.001413540651569,0.033111330604821486,0.008442341525063846,-0.07943838569234885,-7.906540091850989e-05,-4.468003508528717e-05,0.2965714285714286,1157.5353145599365,0.7170035671819263,5,2,3,4,10,1.9661016949152543,0.4,5,1,177,174,163,1.5297627330470704,3.001413540651569,266.17871555019036,0.033111330604821486,45320,20.51607062019013,29.667722951561792,256x256,65536,sparse,Learned,297,5,27,2186,31.278690907350473,0.6152731383240267,28.42048450437025,0.9991122886975584,0.7034285714285714,0.5095833779240939,8,9,0.0,34,2182,31.5150067228333,0.6576191750073955,0.9989474811529361,27.839119925811048,0.3873736058155839,0.7155074116305588,3945,31.864316039547553,0.6958574539774357,0.9994533628617527,30.70632786362351,0.20347757850250814,0.6857142857142857,0.007755657072699762,0.09030031241960113,-0.37980237625004776,-0.04970921803606421,True,0.6350518535455063,0.5269581556616313,0.6717024985473562,28.345609784546404,0.9992462866821666,7976
7977.png,0.6454652532391049,0.8571428571428571,0.9230769230769231,0.9095446038677479,0.9370179948586118,0.9990942653431821,27.72352423646303,0.9991958320825077,28.10843189864178,1.0,0.7582859831029636,0.7019242765158197,30.9524589608894,0.5729873276747437,2327,4,6,17,14,2.0211640211640214,1.5,189,191,322.10764773832517,2.6127440841109664,0.04729491938163571,-0.006512147890838649,-0.26924389199907495,-0.00019644819095399058,-7.439066868952793e-06,0.33464125560538116,995.5887794494629,0.672160094173043,4,6,-2,17,14,2.0211640211640214,1.5,4,0,189,191,158,1.6864274750697632,2.6127440841109664,322.10764773832517,0.04729491938163571,45314,19.47314138375591,28.163300386764075,256x256,65536,sparse,Learned,309,4,28,2312,31.32806194721688,0.6222897011759451,27.891338068903558,0.9992032711493767,0.6653587443946188,0.5668480404339246,6,2,0.0,35,2130,31.519465366587355,0.6598046442089541,0.999067975713183,27.34561130276211,0.44981461834928504,0.6381766381766382,3926,31.901363264489525,0.6953041019925226,0.9995547840966676,30.88074116571577,0.38595822008898817,0.6474215246636771,0.21709382973822144,0.19143794266903902,-0.37560298632748257,-0.04930237350120137,True,0.7823789431347671,0.549170773621083,0.6519774011299435,27.992768128462107,0.9992907135341361,7977
7978.png,0.760932944606414,0.9291687161829808,0.9632840387557369,0.9530776992936428,0.9737113402061855,0.9986007073639485,27.748697219525713,0.998697419481904,28.07347300964919,1.0,0.5879731107806055,0.7083774394032364,31.117711610358572,0.5994722906981542,2638,6,5,9,11,1.9901477832512315,0.8333333333333334,203,202,299.42135623731,3.1991687619627402,0.03840939039089105,0.02735630227064756,-0.4015363358208113,-0.0002497301763568771,-7.477985388271158e-05,0.26389516493447807,1068.3355331420898,0.7693050193050193,6,5,1,9,11,1.9901477832512315,0.8333333333333334,6,0,203,202,183,1.482283941768859,3.1991687619627402,299.42135623731,0.03840939039089105,45048,17.076573161485975,24.84306292645944,256x256,65536,sparse,Learned,323,6,31,2636,31.709254636554732,0.6524368520412566,28.18812940251823,0.9987721993357868,0.7361048350655219,0.42592773880356405,12,8,0.0,40,2400,31.97562116734261,0.6897303103166422,0.9986124758307815,27.943710471462815,0.5692477681268975,0.7394270122783083,3467,32.062911465494416,0.6900679559692887,0.9992873950216612,30.491351005395934,0.34876771569607057,0.7223466188983431,-0.11465639286903695,0.1620453719770415,-0.5915430261961596,-0.052964561343102345,True,0.6106720896806412,0.43258633120299617,0.7335766423357665,28.150233555346524,0.9988504375403053,7978
7979.png,0.6922196796338673,0.8796498905908097,0.9359720605355064,0.9125993189557321,0.9605734767025089,0.9995663402465237,27.431500097760413,0.9996544740855926,27.79972971531281,1.0,0.5276334472589853,0.700283496511823,30.194865676435047,0.5182756954354253,1783,4,0,0,8,1.936,0.0,125,121,177.89444430272843,2.5175062894821165,0.025267732454977335,0.01943680501613032,0.10589245728017715,-8.930035301490946e-05,3.427587658588749e-06,0.3031218529707955,779.045581817627,0.7131608548931384,4,0,4,0,8,1.936,0.0,4,0,125,121,117,1.4702020190308125,2.5175062894821165,177.89444430272843,0.025267732454977335,45909,25.74817722938867,36.75602916432978,256x256,65536,sparse,Learned,245,4,21,1733,30.42097180703484,0.5569750025678215,27.38296287245133,0.999651046497934,0.6968781470292045,0.29531191028128656,8,2,0.0,26,1758,30.70188309226417,0.5997788039472819,0.9995510802902613,26.541841608769026,0.3712364455329016,0.6831275720164609,5033,31.63700275803963,0.7130194358261295,0.9998291910331284,30.99625098476467,0.22894841419643375,0.6756218905472637,0.416766842861481,0.23232153697769875,-0.226106130599792,-0.03869930713239622,True,0.5204945410251058,0.3644937371043776,0.672782874617737,27.325607640480236,0.9996556405995386,7979
7980.png,0.7314465408805031,0.9168734491315137,0.9566343042071197,0.9450127877237852,0.9685452162516383,0.9989468880975444,27.444706584012437,0.9990299737405836,27.88608058294333,1.0,0.5630777424255589,0.836952521641237,30.575080620299314,0.5496085996334314,2260,5,2,4,10,1.9625,0.4,160,157,243.17871555019056,3.2097189366817473,0.0352270680642426,-0.007297534948880746,-0.10209551202716938,-4.300711183524708e-05,6.148378578940683e-05,0.25117647058823533,1240.9188747406006,0.7520401757689893,5,2,3,4,10,1.9625,0.4,5,0,160,157,146,1.54890901624325,3.2097189366817473,243.17871555019056,0.0352270680642426,45698,20.220353982300885,28.998230088495575,256x256,65536,sparse,Learned,280,5,25,2188,30.839045183936726,0.597653193092376,27.64651472946476,0.9989684899547941,0.7488235294117647,0.6106720896806412,6,6,0.0,31,2140,31.080245918126845,0.6419752510373293,0.9987600203675283,27.07028217990304,0.5570443887454478,0.7622093023255814,4112,31.565906953786698,0.6844475113679463,0.9994604368315412,30.761084957761632,0.4821139284471685,0.7289334119033589,0.2395658534785703,-0.04759434725508238,-0.26396456363741194,-0.04804459345894452,True,0.5818855165060807,0.4870105503462778,0.7387440758293838,27.546802096039606,0.9989898952093796,7980
7981.png,0.5969983324068927,0.8989010989010989,0.9467592592592594,0.9506101104009297,0.9429394812680115,0.9989259270560458,27.436816841559143,0.9991120426177962,27.978038772710306,1.0,0.7471604041952535,0.45452061639926333,30.121268071889844,0.5283887388459698,2420,4,6,12,10,2.0205128205128204,1.5,195,197,319.8061325481601,2.924623451477442,0.053529027196627055,0.012670361467608804,-0.4546461739939929,-0.00021503799160527137,7.1402615389182245e-06,0.40890052356020945,1152.8685092926025,0.6189127972819932,4,6,-2,12,10,2.0205128205128204,1.5,4,1,195,197,173,1.623381383493197,2.924623451477442,319.8061325481601,0.053529027196627055,46095,19.047520661157026,27.08099173553719,256x256,65536,sparse,Learned,315,4,26,2409,30.563076295675934,0.5924769254140089,27.862037226594737,0.9991049023562573,0.5910994764397905,0.22968239946778135,21,2,0.0,30,2388,30.76831254080822,0.6380447407466324,0.998826770423752,27.122194120310414,0.3337923339467175,0.569377990430622,3585,31.033440816403626,0.6533994080570329,0.9994101438823297,30.063329700453593,0.2921729930110988,0.5963060686015831,0.11600154611556945,0.5174780047274722,-0.4418082237860901,-0.06408818656803905,True,0.7689220085226698,0.3494909052766835,0.5843279709392839,27.891463015553136,0.999140965047651,7981
7982.png,0.6748344370860927,0.8982597054886211,0.9464033850493654,0.9510985116938342,0.9417543859649122,0.9990828548435882,27.365458195991742,0.9992478150059337,27.85751118100461,1.0,0.599883690343695,0.7567087795025579,30.100975283218663,0.5234622632242407,2219,5,5,10,12,2.0,1.0,172,172,270.1492782986677,2.6034143414608266,0.03434459715863973,-0.0011605877895292105,-0.14318168693359112,-0.00012551220818146636,5.4388113786218995e-05,0.3095838587641866,1070.439100265503,0.7016238159675237,5,5,0,10,12,2.0,1.0,5,0,172,172,150,1.5706353389457408,2.6034143414608266,270.1492782986677,0.03434459715863973,46059,20.75664713835061,29.534024335286166,256x256,65536,sparse,Learned,292,5,24,2193,30.41625503669771,0.5796332747284236,27.459322340194667,0.9991934268921475,0.6904161412358134,0.5034146962085904,8,4,0.0,29,2202,30.69449847128588,0.6283688484675016,0.9989915710714591,26.746243533969416,0.4566491309255002,0.6727158948685857,4241,31.200030833420833,0.6763601104078852,0.9994724375004939,30.092246536740788,0.40646949434531654,0.6746381371932033,0.39818884080994366,0.09646899413510468,-0.3152797534790466,-0.05617101150418291,True,0.6246889011486004,0.47270757595695145,0.6759950248756219,27.508639882925333,0.9992083670517696,7982
7983.png,0.5917207792207793,0.8915281076801267,0.9426538300544162,0.9214402618657938,0.9648671808054842,0.9992894601064563,28.197715632311642,0.9992131866942391,28.406401280073563,1.0,0.5228860844789656,0.5734227164423197,30.606902211148636,0.5402914102438384,1900,5,3,8,13,1.9701492537313432,0.6,134,132,210.33809511662443,2.913114435637175,0.03423228711962045,0.0020575059239898996,0.5485797012488902,5.926182766025079e-05,0.0002787569224740327,0.3986175115207373,1196.5997219085693,0.6063745019920319,5,3,2,8,13,1.9701492537313432,0.6,5,0,134,132,113,1.593470417550184,2.913114435637175,210.33809511662443,0.03423228711962045,45667,24.035263157894736,34.49263157894737,256x256,65536,sparse,Learned,254,5,23,1849,30.80868017117099,0.5795700138321808,27.5405145092462,0.998934429771765,0.6013824884792627,0.2689937967814926,12,2,0.0,28,1886,30.993062778473195,0.6207986958242052,0.9988092626713267,26.879346551428007,0.23916086768870704,0.5647425897035881,4737,31.79677253612596,0.7098082601126972,0.9994789781832957,30.935036212728484,0.27385096292630906,0.5861003861003861,0.8658867708273625,0.25389228769747296,-0.20177796002235482,-0.03927860358834234,True,0.5247907283138555,0.3009269249934744,0.5896632732967894,27.64913593106275,0.999230198278796,7983
7984.png,0.7079439252336449,0.8579356270810211,0.9235364396654719,0.8895281933256617,0.9602484472049689,0.9995619482900024,28.123078766697404,0.9996416820459645,28.48996041477706,1.0,0.5323335729900908,0.80170902157665,31.027777556053945,0.5634985228697098,1689,4,1,2,8,1.9508196721311475,0.25,122,119,169.78174593052032,2.448323202914879,0.03313393610653341,0.0638087363668457,0.5326929929485615,-6.496970647307254e-05,4.974388960188314e-05,0.3107177974434612,874.4242191314697,0.7281993204983013,4,1,3,2,8,1.9508196721311475,0.25,4,0,122,119,112,1.4267373607606741,2.448323202914879,169.78174593052032,0.03313393610653341,45219,26.77264653641208,38.80165778567199,256x256,65536,sparse,Learned,242,4,22,1622,31.182580711030393,0.5901216510090455,27.68911522002975,0.9995919381563626,0.6892822025565388,0.5617650075350508,4,3,0.0,30,1514,31.439042979638963,0.6255654292326986,0.9994631424257338,26.639108729554604,0.4684723181212821,0.6690796277145812,5457,32.56108332543646,0.7487810418013171,0.9998208824627514,31.977563721858612,0.20467146649490608,0.6699507389162561,0.8008451947473105,-0.02943143454496,-0.1548031549764488,-0.02662312813933565,True,0.5461552047176442,0.43785755480317756,0.6441351888667992,27.590385773748842,0.9996269179964755,7984
7985.png,0.7577981651376147,0.9050131926121372,0.9501385041551248,0.9371584699453552,0.9634831460674157,0.9994512634076022,26.758271436592914,0.9995525411243114,27.28964938203786,1.0,0.5524647618955876,0.807765793458433,30.798115373162496,0.5645429973786634,2134,5,2,4,10,1.9634146341463414,0.4,164,161,233.45079348883263,2.243222835587292,0.020300921219892597,0.043748578360755186,-0.38687262709655457,-0.00012116105791781795,-1.6736595151556344e-05,0.2824489795918367,727.9198169708252,0.7723132969034608,5,2,3,4,10,1.9634146341463414,0.4,5,0,164,161,150,1.4500049285020646,2.243222835587292,233.45079348883263,0.020300921219892597,45445,21.29568884723524,30.710402999062794,256x256,65536,sparse,Learned,284,5,25,2038,31.108851661530117,0.6052952700862383,27.1913586712901,0.9995692777194629,0.7175510204081633,0.35757165903188115,8,2,0.0,32,2112,31.422068025529594,0.6525309601120834,0.999549589517874,27.04774790172294,0.4638457252683116,0.7311475409836066,4058,31.82410791017642,0.6949749851412764,0.9997956528926055,30.667610006605877,0.43528187799224083,0.7119476268412439,0.09829071074776152,0.19489310286370642,-0.3107362883676217,-0.040752272707574866,True,0.5630777424255589,0.45483493938916475,0.7140495867768595,27.145144063689468,0.99957242446552,7985
7986.png,0.666006600660066,0.8680688336520076,0.9293756397134084,0.9202702702702703,0.9386629910406616,0.9989349416741612,28.018688044056272,0.9990672780996153,28.45456595175417,1.0,0.6620982141052869,0.5229299209319764,31.277817272928566,0.5849385204257306,2112,4,10,15,10,2.0754716981132075,2.5,159,165,265.249783362056,2.9472094496840953,0.03799269519275922,-0.0004470734613397642,-0.2891226429630436,-0.00017985499820638573,5.151289217519839e-06,0.3404657016991819,1069.4470405578613,0.6751968503937008,4,10,-6,15,10,2.0754716981132075,2.5,4,1,159,165,134,1.6075744446185192,2.9472094496840953,265.249783362056,0.03799269519275922,45063,21.336647727272727,31.03030303030303,256x256,65536,sparse,Learned,279,4,27,2073,31.568905635015007,0.6262691157681257,28.283615160890022,0.9990621268103977,0.6595342983008181,0.29999420588557435,12,4,0.0,33,1884,31.762014293781586,0.6570712445661958,0.9989479588553983,27.818957893121087,0.2849369907778134,0.630162703379224,4361,32.322706478068255,0.7191439204346317,0.9994920187859321,31.33486743997817,0.21063127807416338,0.6554517133956387,0.170950790864147,0.36210400821971256,-0.29108836208644107,-0.04133059534239514,True,0.6880773379673533,0.3598162279383529,0.6664536741214058,28.307810687019316,0.9991147966723676,7986
7987.png,0.5859756097560975,0.8807829181494662,0.9366130558183539,0.9263880224578914,0.9470663265306123,0.9989947812327231,28.11723967734295,0.9990894878955595,28.425485697185483,1.0,0.7191683782216203,0.38267291588143804,31.651281585301344,0.6081033791506446,2280,4,9,16,8,2.053475935828877,2.25,187,192,301.07821048680233,2.8249195941629255,0.03421414616545796,-0.010178236397748619,-0.12454056624287091,-9.541475885666006e-05,1.2426941419341198e-05,0.4001189060642093,1171.2162494659424,0.592749244712991,4,9,-5,16,8,2.053475935828877,2.25,4,2,187,192,163,1.56811567961876,2.8249195941629255,301.07821048680233,0.03421414616545796,44712,19.610526315789475,28.743859649122808,256x256,65536,sparse,Learned,307,4,29,2172,31.941021544260067,0.6458608051834005,28.265600740783658,0.9990770609541402,0.5998810939357907,0.32294312550183535,10,4,0.0,41,2044,32.20931501364966,0.6795447495774434,0.9989878965268963,28.293778385204615,0.33574615713570466,0.5953516090584029,4009,32.540642103645744,0.7168107545367134,0.9994869612381807,31.123636912754918,0.3516556589984903,0.5944976076555024,0.1598849564018252,0.3962252527197849,-0.28973995895872307,-0.03775742603275589,True,0.7407597393541085,0.28346868942621073,0.5961538461538461,28.241780243585822,0.9990901959915798,7987
7988.png,0.7745398773006135,0.916403785488959,0.9563786008230452,0.9579554822753503,0.9548069022185702,0.9992452728316124,27.177773030319038,0.9993561476735208,27.822127861777332,1.0,0.5994833739091812,0.8066889622714299,30.92074732457991,0.5625922605033997,1945,4,2,5,10,1.9716312056737588,0.5,141,139,209.99494936611677,2.912970279125457,0.02853567671284829,0.003111305872042003,-0.366768156071565,-0.00012453713241211695,8.455618449643154e-06,0.24180626365622726,1082.4105739593506,0.7810331534309946,4,2,2,5,10,1.9716312056737588,0.5,4,0,141,139,126,1.5107550314109113,2.912970279125457,209.99494936611677,0.02853567671284829,45295,23.287917737789204,33.69460154241645,256x256,65536,sparse,Learned,261,4,24,1896,31.1405708026437,0.601170608647918,27.5335808886042,0.9993476920550711,0.7581937363437727,0.4916914666578055,6,2,0.0,31,1860,31.38794269608291,0.6397952649128362,0.9992027950534532,26.93138873089485,0.4511883639059735,0.7423133235724744,4717,32.1329417087676,0.7207822130369603,0.9997167192543003,31.31973406765303,0.2607397560740181,0.7459618208516887,0.2885469731731334,0.10779190725137566,-0.2198234780637911,-0.038578348144518326,True,0.6074141344684816,0.48999427780337823,0.7714285714285715,27.544541186390603,0.9993698099640245,7988
7989.png,0.8476190476190476,0.9347826086956522,0.9662921348314606,0.9631093544137023,0.9694960212201591,0.9992052300512123,27.0751381602711,0.9993298826028238,27.51878069454429,1.0,0.6737202053769605,0.8212292581838817,30.449459145350954,0.5471596777426793,2385,4,2,3,7,1.977900552486188,0.5,181,179,267.2203461105333,2.921289984033911,0.02910995584311117,0.028735437167741185,-0.32380762400536867,-0.00015880927013300905,-2.4257623754242452e-05,0.1762611275964392,988.8885021209717,0.8705957719410634,4,2,2,3,7,1.977900552486188,0.5,4,0,181,179,171,1.4928510955895693,2.921289984033911,267.2203461105333,0.02910995584311117,45761,19.187002096436057,27.478406708595386,256x256,65536,sparse,Learned,301,4,26,2325,30.822500250274167,0.602563757828532,27.398403084576906,0.9993541402265781,0.8237388724035608,0.7433392230464442,4,9,0.0,31,2250,31.01644520496462,0.6461551535907931,0.999232815321204,26.916014010750224,0.6291657197018043,0.8113983548766157,3926,31.416795818760363,0.6772967633684528,0.9996394808180677,30.145534504516217,0.5545059681008434,0.8210023866348448,0.12037760996738456,-0.06961901766948364,-0.37304110492321385,-0.055404080085852736,True,0.6849424630965867,0.5624947908674507,0.8188836104513064,27.398945784276467,0.9993640393213453,7989
7990.png,0.7192042846212701,0.9039634146341463,0.9495596477181746,0.9465283320031923,0.9526104417670683,0.9991971341783998,27.454334700533227,0.9993186372782916,27.94807188035138,1.0,0.5994833739091812,0.949382362360539,30.837964107693814,0.559188728618053,1931,4,4,6,7,2.0,1.0,136,136,207.99494936611683,3.113177979693693,0.03743996855007509,-0.02674564174102745,-0.3389058135402401,-0.00010916009406636284,1.622636974107916e-05,0.2533039647577092,1020.6530094146729,0.7279693486590039,4,4,0,6,7,2.0,1.0,4,1,136,136,123,1.5293746276920341,3.113177979693693,207.99494936611683,0.03743996855007509,45401,23.511651993785602,33.93889176592439,256x256,65536,sparse,Learned,256,4,24,1885,31.122511485308525,0.5963977346451942,27.816025814007688,0.9993024109085505,0.7466960352422908,0.5083558025390349,6,5,0.0,31,1804,31.317732745812602,0.6343009062113433,0.9991754078748399,27.20475639526888,0.5950533706734951,0.7434017595307918,4810,32.12820456889866,0.7222788783329596,0.9996897822498106,31.507371445484473,0.4499674263976432,0.7313653136531365,0.13204606634369398,0.09112757137014627,-0.28454737761471094,-0.03720900602714117,True,0.6093721646414789,0.5785271852240825,0.7459499263622975,27.793240514073467,0.9993062942724662,7990
7991.png,0.7804203539823009,0.8800223214285714,0.9361828435737607,0.9254694835680751,0.9471471471471471,0.9990460902808818,27.201431846315252,0.9992272409975221,27.810267315917155,1.0,0.7768698398515702,0.8057395933670529,30.184222654955576,0.5417667132578403,2494,4,13,24,10,2.085308056872038,3.25,211,220,356.8477631085029,2.584501853486373,0.044423729523604745,0.09000939507819128,-0.4874596681124146,-0.00023128521996107487,-2.4419087281790652e-05,0.2902193784277879,1139.183759689331,0.8201117318435754,4,13,-9,24,10,2.085308056872038,3.25,4,2,211,220,177,1.6220352868568289,2.584501853486373,356.8477631085029,0.044423729523604745,45787,18.358861267040897,26.27746591820369,256x256,65536,sparse,Learned,331,4,27,2444,30.80492503497581,0.6069943525662296,27.722533867922717,0.9992516600848039,0.7097806215722121,0.5103184514142638,10,8,0.0,31,2384,31.016478689444895,0.6498821272205254,0.9991100914245151,27.14568658283258,0.42688372902574556,0.7005171603196991,3644,31.298641382603964,0.6672225105129496,0.9994780456771049,29.524893180796774,0.22718399486068153,0.6947845804988663,0.08773344799443805,0.2665513884373064,-0.6207023800202336,-0.06522763930838926,True,0.7950522068832027,0.6406050418796497,0.6904109589041096,27.688891514427667,0.9992773755008428,7991
7992.png,0.6467854376452362,0.8931357254290172,0.9435517099299546,0.9308943089430894,0.9565580618212197,0.9993436308716187,28.00940094078438,0.9994098075557868,28.327782367136862,1.0,0.5342005023501717,0.6393335587952607,31.117351078299848,0.5711837626818221,1870,5,2,3,9,1.9594594594594594,0.4,148,145,209.42930496492733,2.902847665387231,0.033742408769618454,-0.007355666649242365,0.29634859179789785,-2.807831804507721e-05,4.004074863339646e-05,0.3421650264950795,798.565149307251,0.6582181259600615,5,2,3,3,9,1.9594594594594594,0.4,5,1,148,145,136,1.4443400342408772,2.902847665387231,209.42930496492733,0.033742408769618454,45194,24.167914438502674,35.045989304812835,256x256,65536,sparse,Learned,268,5,24,1870,31.259241576346895,0.6038247773496668,27.79620644514363,0.9993697668071534,0.6578349735049205,0.4602594223763874,6,1,0.9,31,1724,31.499308598215713,0.6391186492257319,0.9992568469978647,27.360346358029624,0.46634194949700947,0.6474164133738601,4871,32.35005653049661,0.73083725709914,0.9996772244426663,31.289724344464048,0.2707322173719654,0.6438356164383562,0.5315759219932339,0.0739410799737843,-0.14189049804704723,-0.03264101466784464,True,0.5542513273350398,0.35435147357210794,0.6541411042944786,27.713052348986484,0.9993717091896638,7992
7993.png,0.6616945107398569,0.912751677852349,0.9543859649122808,0.967032967032967,0.9420654911838791,0.9990979906496138,27.817534070418933,0.9992871626539269,28.1681662056709,1.0,0.6437063398138412,0.6506262781150882,31.50681327629721,0.603574069370396,2311,5,3,7,12,1.9789473684210526,0.6,190,188,294.9360748630712,2.6508980964359483,0.034018888412114076,-0.020070195142496083,-0.2614806277895987,-0.00017607372383710018,-7.394119834980284e-05,0.31560071727435746,879.8823356628418,0.6875768757687577,5,3,2,7,12,1.9789473684210526,0.6,5,0,190,188,171,1.5688089088461223,2.6508980964359483,294.9360748630712,0.034018888412114076,44824,19.39593249675465,28.358286456079618,256x256,65536,sparse,Learned,310,5,28,2272,31.7575120080034,0.6429827870638466,28.14737036051298,0.9993611038522767,0.6843992827256425,0.3743028988057413,9,1,0.09999999999999998,40,2182,32.130534209835616,0.6817713505155698,0.9993514956963863,28.51593307145279,0.3307962235580296,0.6674570243034973,4098,32.468993128196175,0.7191160970936669,0.9996326036256468,31.13510002323572,0.28619313978997163,0.6881785283474066,0.020795845157920212,0.2694034410080999,-0.2506987317061906,-0.03940871769345056,True,0.6590433718622983,0.42879093615118524,0.6817647058823529,28.079014698208532,0.9992740643734509,7993
7994.png,0.6497050147492626,0.9085545722713865,0.9520865533230294,0.9426166794185157,0.9617486338797814,0.9992550562814634,27.841448495960602,0.9992376730431842,28.010944832986272,1.0,0.6447736190750484,0.857940243400955,31.499210549054375,0.5986682856083451,2003,4,4,8,8,2.0,1.0,156,156,236.72287142747473,2.7327041587768455,0.03806989068662149,-0.014056786267440446,0.08932431348372916,-3.794135559931355e-05,6.343455786550489e-05,0.318577648766328,1066.1818981170654,0.6676492262343404,4,4,0,8,8,2.0,1.0,4,1,156,156,140,1.5174543040222725,2.7327041587768455,236.72287142747473,0.03806989068662149,44777,22.354967548676985,32.71892161757364,256x256,65536,sparse,Learned,276,4,26,1938,31.72233799283273,0.6292877265520282,27.69963229868949,0.9991742384853187,0.681422351233672,0.5000930677240176,6,5,0.0,37,1974,32.007329613045634,0.6706688302475263,0.9990268581039281,27.509834072384542,0.4155843717880138,0.6523009495982469,4662,32.70282543321197,0.7348267475776413,0.9996379483633587,31.799752507885696,0.41491608640829314,0.6933721777130372,0.31131253429678196,0.14468055135103075,-0.22312744377835614,-0.030619440943683185,True,0.680180978183696,0.5835546339796198,0.663761801016703,27.752124182476873,0.9992929976370627,7994
7995.png,0.48478488982161594,0.8676171079429735,0.9291166848418757,0.9015873015873016,0.9583802024746907,0.9985351208510181,28.365888224787696,0.9983101586694874,28.680594072846826,1.0,0.6833632306209467,0.49875111180279363,30.392065895419414,0.5327543195165237,2165,4,4,11,10,2.0,1.0,170,170,260.2792206135789,3.60084941667669,0.03960559788597586,0.0175544458469859,-0.11799297991399271,-0.00013149744406060204,8.044034119858434e-05,0.5377215189873418,1414.8881435394287,0.47839195979899496,4,4,0,11,10,2.0,1.0,4,0,170,170,149,1.5310542389034032,3.60084941667669,260.2792206135789,0.03960559788597586,45823,21.165357967667436,30.27066974595843,256x256,65536,sparse,Learned,290,4,25,2122,30.72616714654082,0.5852982675878157,28.457429072435506,0.9982297183282888,0.4622784810126582,0.3516556589984903,12,3,0.0,30,1960,30.90649532212025,0.619595197642452,0.9978339116796588,27.688704719763052,0.31718987637478047,0.4579296277409485,4359,31.499402154489054,0.6901065768623398,0.9989535138576571,30.86793114109604,0.08536552027691469,0.5183752417794971,0.2231650004113206,0.33170757162245645,-0.33410125112140676,-0.052543948071291924,True,0.6246889011486004,0.31156428397872993,0.46723044397463004,28.48388120470169,0.9986666182950787,7995
7996.png,0.7476076555023924,0.8619271445358402,0.9258441148627328,0.9022140221402214,0.9507453013609851,0.9990929083361869,27.991654422632845,0.9991566692446819,28.400409480551254,1.0,0.7134952031398099,0.8727850541746398,31.631119700531862,0.6085239375252612,2193,4,5,10,10,2.010928961748634,1.25,183,184,286.0365799264596,2.93918679972164,0.04359191931720868,0.0032765897427552426,-0.2695171693423788,-0.00012339398179916916,-4.164786203131321e-06,0.2522123893805309,1033.0924987792969,0.7573099415204678,4,5,-1,10,10,2.010928961748634,1.25,4,0,183,184,163,1.5545466300351045,2.93918679972164,286.0365799264596,0.04359191931720868,44624,20.348381212950297,29.884176926584587,256x256,65536,sparse,Learned,303,4,28,2142,31.948022231598575,0.6466311088920197,28.319290256984956,0.9991608340308851,0.7477876106194691,0.4700645116824316,8,2,0.0,42,2096,32.24242623365888,0.6843189141353131,0.9991838725447426,28.505630856882682,0.5108078882036684,0.7280358142137661,4250,32.674125258540954,0.7298642416226997,0.9995692693988355,31.429303981966022,0.32810087331321347,0.7288613303269448,0.0811192235662972,0.24343069145737828,-0.31690253106671307,-0.03810717136675845,True,0.7191683782216203,0.6276794119468447,0.7443310657596371,28.261171591975224,0.9992163023179861,7996
7997.png,0.6721929163526752,0.8771407297096053,0.9345497818326062,0.9145962732919255,0.9553933495539335,0.9994166615034591,27.128314008064663,0.9994774786435364,27.715920394553457,1.0,0.7062422996764672,0.5041993298523318,30.724963212010003,0.5621688499388618,2247,4,7,15,11,2.034090909090909,1.75,176,179,299.3624817342644,2.3529159419915895,0.03941193649946043,-0.0004049484160081329,-0.5155959781187214,-0.00011195850591194656,-3.6207472034588406e-05,0.32986111111111116,802.2124767303467,0.6769911504424779,4,7,-3,15,11,2.034090909090909,1.75,4,1,176,179,150,1.6724160990740997,2.3529159419915895,299.3624817342644,0.03941193649946043,45430,20.218068535825545,29.165999109924343,256x256,65536,sparse,Learned,296,4,26,2194,31.10195836186692,0.610338960355262,27.7537863383668,0.999513686115571,0.6701388888888888,0.377077604231577,9,0,0.0,32,2144,31.334879066005335,0.6521406697192287,0.9993850269052755,26.925319747433804,0.306118821350573,0.6347517730496454,4149,31.82165169069679,0.6970979896527126,0.9997422651257013,30.920869243452604,0.23746823405386697,0.6843575418994413,-0.03786594381334396,0.32916469544489024,-0.37699514985691707,-0.04817011041640018,True,0.7003080004867537,0.35309482453564767,0.6725978647686833,27.643909986183385,0.999528620009371,7997
7998.png,0.6415645067133684,0.8996458087367178,0.947172156619018,0.9609079445145019,0.9338235294117647,0.9989034802096044,27.424526969065344,0.9991257253555502,27.95642652324522,1.0,0.5966699219328813,0.5522439331611368,30.637734488577635,0.5532053186071803,2235,5,2,4,11,1.9657142857142857,0.4,175,172,255.96551211459405,3.0510312604904173,0.03356564696699334,-0.010513055613501354,-0.3104831956661904,-0.00014381299406729386,5.244222133260479e-05,0.3374858437146093,1070.6417560577393,0.6652618904274533,5,2,3,4,11,1.9657142857142857,0.4,5,0,175,172,160,1.488171582061592,3.0510312604904173,255.96551211459405,0.03356564696699334,45625,20.41387024608501,29.322595078299777,256x256,65536,sparse,Learned,295,5,25,2091,30.957386821456016,0.5988343056375548,27.66823417743324,0.9990732831342176,0.6625141562853907,0.48829142221345756,8,6,0.0,32,2124,31.171199210084243,0.6440071207549672,0.9989589342903171,27.29544304330192,0.4772079106043674,0.6485875706214689,4249,31.70373840884039,0.6970027340574932,0.9995154160107158,30.930775599796483,0.29295903069483864,0.6487252124645893,0.2881923458119786,0.1083784997194237,-0.31965233287838046,-0.045628987030374546,True,0.6186356265058105,0.34163777157517283,0.6520775623268698,27.735010164731534,0.9990472932036717,7998
7999.png,0.6988605534454694,0.8947658402203856,0.9444605990113405,0.9349453080023028,0.954171562867215,0.9988979724525954,27.498867767651276,0.9990889071858872,27.8824672027812,1.0,0.7558567168465629,0.5811351863951554,31.30813544194303,0.6038439490250167,2418,4,1,4,10,1.9714285714285715,0.25,210,207,318.76450198781754,2.818863302185422,0.03949468743250673,0.018959809028595953,-0.6230650900771124,-0.00030455558967601437,-9.013136196933669e-05,0.296812749003984,924.9391555786133,0.7291097760786456,4,1,3,4,10,1.9714285714285715,0.25,4,0,210,207,196,1.5399251303759283,2.818863302185422,318.76450198781754,0.03949468743250673,44873,18.557899090157154,27.10339123242349,256x256,65536,sparse,Learned,330,4,29,2342,31.756540640060106,0.6475608631113344,28.147813615583086,0.9991790385478565,0.703187250996016,0.5349983317255772,7,1,0.125,41,2260,32.112306559226276,0.6882395331483123,0.9991375267441268,28.24279660068701,0.47165193582060905,0.6879396984924623,3792,32.34751340305252,0.7088709372375565,0.9995418387197503,31.175593676141773,0.3995044211877341,0.6762626262626262,-0.2653464128018861,0.22085838512098566,-0.4484051981170758,-0.043716914086317726,True,0.7700745148132762,0.4475173967041721,0.6799007444168734,28.12193285772839,0.9992025280422714,7999
