filename	ng_fg_ssim	ng_fg_psnr	ng_iou	ng_topo_q	ng_psnr	ng_ssim	ng_bytes	graph_n_components	graph_n_cycles	graph_n_junctions	graph_n_endpoints	graph_mean_degree	graph_complexity	n_nodes	n_edges	total_edge_length	mean_width_px	mean_curvature	delta_fg_ssim	delta_iou	total_time_ms	ng_recon_iou	ng_n_components	ng_n_cycles	ng_euler_characteristic	ng_n_junctions	ng_n_endpoints	ng_mean_degree	ng_graph_complexity	ng_seg_beta_0	ng_seg_beta_1	graph_n_nodes	graph_n_edges	graph_n_sampled	graph_mean_edge_length	graph_mean_width	graph_total_edge_length	graph_mean_curvature	png_bytes	ng_vs_png	ng_vs_raw	image_shape	image_pixels	image_type	segmenter	n_points	n_structures	jpeg_quality	jpeg_bytes	jpeg_psnr	jpeg_ssim	jpeg_fg_psnr	jpeg_fg_ssim	jpeg_iou	jpeg_topo_q	jpeg_beta_0	jpeg_beta_1	jpeg_betti_preservation	webp_quality	webp_bytes	webp_psnr	webp_ssim	webp_fg_ssim	webp_fg_psnr	webp_topo_q	webp_iou	jp2_bytes	jp2_psnr	jp2_ssim	jp2_fg_ssim	jp2_fg_psnr	jp2_topo_q	jp2_iou	delta_fg_psnr	delta_topo_q	delta_psnr	delta_ssim	gt_available	stem
d1_d0001_p0004_t0000.png	0.977053	22.263725	1.000000	0.999994	21.610388	0.257946	42497	11	611	1051	83	2.287356	55.545455	4176	4776	8194.019187	4.252983	0.070913	0.003009	0.636122	25426.843882	0.379645	11	611	-600	1051	83	2.287356	55.545455	11	129	4176	4776	3042	1.715666	4.252983	8194.019187	0.070913	270816	6.372591	8.471186	600x600	360000	dense	Learned	4376	11	29	41549	23.444940	0.597033	21.785082	0.974043	0.363878	0.255189	2448	3620	0.000000	13	41114	24.722468	0.717897	0.986286	24.202718	0.204355	0.346054	1433	21.374902	0.194569	0.941989	18.919690	0.950384	0.372717	0.478643	0.744806	-1.834552	-0.339087	False	d1_d0001_p0004_t0000
d1_d0001_p0006_t0000.png	0.971468	22.613048	1.000000	0.999702	22.495395	0.332591	54609	22	863	1471	96	2.294210	39.227273	5717	6558	11436.106372	4.133307	0.072995	-0.005014	0.489648	26956.257820	0.585152	22	863	-841	1471	96	2.294210	39.227273	23	194	5717	6558	4150	1.743841	4.133307	11436.106372	0.072995	279098	5.110843	6.592320	600x600	360000	dense	Learned	5917	23	42	53577	25.009742	0.677849	23.285779	0.976482	0.510352	0.265546	2682	4512	0.000000	23	53426	26.880207	0.813515	0.987764	25.967306	0.226462	0.493324	1095	21.817541	0.231907	0.926235	18.936490	0.996261	0.490862	-0.672732	0.734156	-2.514346	-0.345257	False	d1_d0001_p0006_t0000
d1_d0001_p0007_t0000.png	0.976517	22.363398	1.000000	0.999437	21.950670	0.302352	44170	21	716	1264	99	2.358988	34.095238	3872	4567	9971.170926	4.237599	0.075628	0.001113	0.584066	23345.249653	0.419730	21	716	-695	1264	99	2.358988	34.095238	22	159	3872	4567	2509	2.183309	4.237599	9971.170926	0.075628	281114	6.364365	8.150328	600x600	360000	sparse	Learned	3992	22	32	43208	24.036546	0.621535	22.180117	0.975404	0.415934	0.269891	2784	4313	0.000000	15	42502	25.121307	0.731472	0.985257	24.212491	0.245247	0.409489	1364	21.716860	0.224873	0.938184	18.993757	0.998686	0.402694	0.183281	0.729546	-2.085877	-0.319183	False	d1_d0001_p0007_t0000
d1_d0001_p0008_t0000.png	0.970135	21.816671	1.000000	0.999973	20.806644	0.333230	69943	20	1021	1840	166	2.280864	51.050000	7128	8129	14809.171743	3.843092	0.083347	-0.007484	0.527834	24283.248186	0.549606	20	1021	-1001	1840	166	2.280864	51.050000	23	203	7128	8129	5122	1.821770	3.843092	14809.171743	0.083347	274593	3.925954	5.147048	600x600	360000	dense	Learned	7328	23	45	68878	24.131070	0.736760	22.915736	0.977619	0.472166	0.277970	3874	8374	0.000000	25	68716	27.391991	0.879669	0.991059	26.948894	0.248546	0.465926	671	19.853121	0.162289	0.910988	17.567357	0.996602	0.422176	-1.099065	0.722003	-3.324426	-0.403530	False	d1_d0001_p0008_t0000
d1_d0001_p0009_t0000.png	0.986162	24.095072	1.000000	0.999991	25.473934	0.413806	30294	8	457	811	55	2.269185	57.125000	3336	3785	6376.692060	4.006180	0.067199	-0.000926	0.571618	19533.223867	0.464106	8	457	-449	811	55	2.269185	57.125000	9	100	3336	3785	2470	1.684727	4.006180	6376.692060	0.067199	272870	9.007394	11.883541	600x600	360000	dense	Learned	3536	9	36	30099	27.592192	0.619693	24.321878	0.987088	0.428382	0.272494	1146	1207	0.000000	26	29718	28.181528	0.704155	0.989507	25.127768	0.258700	0.424060	1738	25.897232	0.390098	0.973141	21.773076	0.911704	0.435854	-0.226806	0.727498	-2.118257	-0.205887	False	d1_d0001_p0009_t0000
d1_d0001_p0010_t0000.png	0.972600	24.212946	1.000000	0.998046	23.319105	0.406617	59622	33	903	1583	139	2.259044	27.363636	6717	7587	13576.738895	3.870588	0.077131	-0.008746	0.545864	24204.279184	0.517867	33	903	-870	1583	139	2.259044	27.363636	36	189	6717	7587	4995	1.789474	3.870588	13576.738895	0.077131	267192	4.481433	6.038040	600x600	360000	dense	Learned	6917	36	56	59041	27.198888	0.738545	25.735161	0.981346	0.454136	0.200999	3496	3930	0.000000	38	57984	29.342122	0.855876	0.990034	28.307725	0.186965	0.441223	1047	23.234572	0.314909	0.936679	20.681634	0.938502	0.434165	-1.522215	0.797046	-3.879783	-0.331927	False	d1_d0001_p0010_t0000
d1_d0001_p0011_t0000.png	0.985868	23.694193	1.000000	0.990970	24.294694	0.388192	34698	23	484	843	72	2.252119	21.043478	3657	4118	7108.133418	3.871215	0.075522	-0.000658	0.670873	22126.226425	0.302301	23	484	-461	843	72	2.252119	21.043478	25	108	3657	4118	2742	1.726113	3.871215	7108.133418	0.075522	279656	8.059715	10.375238	600x600	360000	dense	Learned	3857	25	36	34380	26.730022	0.630746	23.908352	0.986526	0.329127	0.393537	1259	2832	0.000000	24	34370	27.295046	0.720192	0.989708	24.763729	0.353230	0.328290	1760	24.695570	0.361408	0.970567	20.949216	0.954608	0.308289	-0.214159	0.597433	-2.435328	-0.242554	False	d1_d0001_p0011_t0000
d1_d0001_p0013_t0000.png	0.978078	25.044986	1.000000	1.000000	24.799575	0.500202	50969	12	814	1463	129	2.271910	67.833333	5899	6701	12283.412211	3.701423	0.082118	-0.007451	0.538584	23084.487677	0.472736	12	814	-802	1463	129	2.271910	67.833333	13	149	5899	6701	4307	1.833072	3.701423	12283.412211	0.082118	271903	5.334674	7.063117	600x600	360000	dense	Learned	6099	13	60	49645	29.108647	0.743775	26.744830	0.985529	0.461416	0.259878	1660	2293	0.000000	48	50790	31.126889	0.848517	0.991846	29.258452	0.246375	0.462853	1096	25.194444	0.446191	0.955629	21.849296	0.875624	0.410149	-1.699844	0.740122	-4.309073	-0.243573	False	d1_d0001_p0013_t0000
d1_d0001_p0014_t0000.png	0.965096	24.369444	1.000000	1.000000	22.916073	0.485014	67589	20	1308	2279	147	2.396003	65.400000	6505	7793	18568.473150	4.105346	0.091168	-0.014821	0.448999	26240.770102	0.633433	20	1308	-1288	2279	147	2.396003	65.400000	20	289	6505	7793	4079	2.382712	4.105346	18568.473150	0.091168	286148	4.233647	5.326310	600x600	360000	sparse	Learned	6625	20	62	67365	27.799343	0.787516	26.470386	0.979917	0.551001	0.364959	2268	5697	0.000000	47	66704	30.648895	0.895084	0.990690	29.790890	0.340314	0.542904	719	21.727193	0.325584	0.907220	19.454652	0.999987	0.482139	-2.100942	0.635041	-4.883270	-0.302501	False	d1_d0001_p0014_t0000
d1_d0001_p0015_t0000.png	0.973335	21.901208	1.000000	0.999999	21.118548	0.329805	65706	15	988	1765	121	2.286092	65.866667	6802	7775	14041.175873	3.856910	0.078433	-0.006446	0.519248	23768.900871	0.578238	15	988	-973	1765	121	2.286092	65.866667	17	215	6802	7775	4916	1.805939	3.856910	14041.175873	0.078433	280805	4.273658	5.478952	600x600	360000	dense	Learned	7002	17	44	65264	24.284329	0.724427	22.935491	0.979781	0.480752	0.263133	3994	7680	0.000000	25	65462	27.250367	0.866893	0.991435	26.705002	0.241907	0.472683	710	20.218062	0.174500	0.921424	17.679216	0.999954	0.442568	-1.034284	0.736865	-3.165781	-0.394622	False	d1_d0001_p0015_t0000
d1_d0001_p0016_t0000.png	0.978020	23.703709	1.000000	0.998782	23.760107	0.382750	43846	23	646	1099	80	2.266695	28.086957	4672	5295	9342.383761	4.055614	0.073153	-0.004082	0.558270	23236.403465	0.482192	23	646	-623	1099	80	2.266695	28.086957	23	146	4672	5295	3493	1.764378	4.055614	9342.383761	0.073153	278661	6.355449	8.210555	600x600	360000	dense	Learned	4872	23	43	42952	26.662697	0.664374	24.421120	0.982102	0.441730	0.237168	2159	2618	0.000000	29	43508	27.873266	0.778369	0.988384	26.066482	0.208711	0.433221	1400	24.130708	0.332078	0.954092	20.998705	0.920478	0.436905	-0.717410	0.761614	-2.902590	-0.281624	False	d1_d0001_p0016_t0000
d1_d0001_p0017_t0000.png	0.986176	22.680028	1.000000	0.998985	22.795338	0.312981	38159	18	464	838	77	2.228718	25.777778	3900	4346	7455.968322	3.789346	0.070601	0.000521	0.598668	20773.979425	0.412693	18	464	-446	838	77	2.228718	25.777778	18	101	3900	4346	2985	1.715593	3.789346	7455.968322	0.070601	279864	7.334154	9.434209	600x600	360000	dense	Learned	4100	18	32	37219	25.055735	0.603658	22.526598	0.985655	0.401332	0.263719	2041	2592	0.000000	17	36900	25.837581	0.701460	0.990013	23.926292	0.235527	0.400507	1456	23.011561	0.266629	0.967138	19.589689	0.989438	0.384604	0.153430	0.735266	-2.260397	-0.290676	False	d1_d0001_p0017_t0000
d1_d0001_p0018_t0000.png	0.972878	22.869343	1.000000	0.999948	22.148452	0.403335	64856	24	937	1650	146	2.271484	39.041667	6726	7639	14291.782885	3.790748	0.089704	-0.009345	0.491071	24867.357492	0.552219	24	937	-913	1650	146	2.271484	39.041667	24	178	6726	7639	4930	1.870897	3.790748	14291.782885	0.089704	283235	4.367136	5.550759	600x600	360000	dense	Learned	6926	24	53	64659	26.106609	0.741884	24.512734	0.982223	0.508929	0.348253	2220	6116	0.000000	34	64034	28.639272	0.870064	0.990769	27.480385	0.323409	0.504351	730	20.856438	0.250442	0.919632	17.971365	0.997861	0.450109	-1.643392	0.651694	-3.958157	-0.338549	False	d1_d0001_p0018_t0000
d1_d0001_p0019_t0000.png	0.971188	22.756879	1.000000	1.000000	22.313608	0.364000	59757	12	927	1662	135	2.293740	77.250000	6230	7145	13134.368284	4.094773	0.078836	-0.007971	0.517532	24047.343254	0.477720	12	927	-915	1662	135	2.293740	77.250000	14	191	6230	7145	4433	1.838260	4.094773	13134.368284	0.078836	282523	4.727865	6.024399	600x600	360000	dense	Learned	6430	14	48	58918	25.651491	0.711753	23.933818	0.979160	0.482468	0.342097	2289	6055	0.000000	29	58532	27.769508	0.841514	0.988914	26.646635	0.329049	0.472217	1086	21.938335	0.259340	0.927510	19.189474	0.999979	0.461212	-1.176939	0.657903	-3.337883	-0.347753	False	d1_d0001_p0019_t0000
d1_d0001_p0020_t0000.png	0.977974	22.882228	1.000000	0.999976	22.507642	0.346348	51279	15	706	1248	113	2.256782	47.066667	5382	6073	10864.680983	3.782013	0.075781	-0.003853	0.528698	22916.466475	0.497838	15	706	-691	1248	113	2.256782	47.066667	17	132	5382	6073	4021	1.789014	3.782013	10864.680983	0.075781	280259	5.465376	7.020418	600x600	360000	dense	Learned	5582	17	43	50099	25.651819	0.671917	23.615267	0.981827	0.471302	0.357033	1540	3752	0.000000	25	49058	27.143524	0.793358	0.989163	25.674555	0.312113	0.460811	1062	22.483482	0.266946	0.947261	19.367863	0.999861	0.453591	-0.733038	0.642943	-3.144178	-0.325570	False	d1_d0001_p0020_t0000
d1_d0001_p0021_t0000.png	0.990332	22.872607	1.000000	0.999954	24.103998	0.314483	24302	9	409	721	52	2.352268	45.444444	2271	2671	5459.866591	3.736936	0.072612	0.001984	0.412886	17697.231531	0.630250	9	409	-400	721	52	2.352268	45.444444	9	83	2271	2671	1498	2.044128	3.736936	5459.866591	0.072612	274138	11.280471	14.813596	600x600	360000	sparse	Learned	2391	9	24	24059	25.529336	0.527250	22.157592	0.988348	0.587114	0.306125	582	680	0.000000	12	23202	25.759567	0.574654	0.989635	22.489766	0.281170	0.576082	2501	24.463327	0.306324	0.981715	20.581624	0.824550	0.594236	0.715015	0.693829	-1.425338	-0.212768	False	d1_d0001_p0021_t0000
d1_d0001_p0022_t0000.png	0.970997	23.335490	1.000000	0.999991	22.585213	0.396197	61411	19	923	1633	129	2.274064	48.578947	6597	7501	13509.248261	4.060366	0.074717	-0.009312	0.564223	25460.959673	0.411317	19	923	-904	1633	129	2.274064	48.578947	19	195	6597	7501	4835	1.800993	4.060366	13509.248261	0.074717	288693	4.700998	5.862142	600x600	360000	dense	Learned	6797	19	53	60617	26.417759	0.733561	24.833533	0.980309	0.435777	0.290091	2673	5059	0.000000	35	59888	28.745630	0.860505	0.989730	27.636426	0.284370	0.432655	693	21.711393	0.264353	0.924481	19.075372	0.999958	0.388632	-1.498043	0.709900	-3.832547	-0.337364	False	d1_d0001_p0022_t0000
d1_d0001_p0023_t0000.png	0.965693	23.260492	1.000000	1.000000	23.317337	0.429863	65296	8	1133	2027	118	2.317259	141.625000	7092	8217	14952.421925	4.212317	0.074898	-0.014370	0.437623	26036.839962	0.577176	8	1133	-1125	2027	118	2.317259	141.625000	9	250	7092	8217	4947	1.819694	4.212317	14952.421925	0.074898	255837	3.918111	5.513355	600x600	360000	dense	Learned	7292	9	58	65125	27.052420	0.752265	25.313329	0.980063	0.562377	0.377493	1897	5809	0.000000	39	64330	29.502845	0.877046	0.989343	28.086148	0.342089	0.558136	728	21.833289	0.288020	0.908030	18.940173	0.999999	0.521836	-2.052837	0.622507	-3.735082	-0.322401	False	d1_d0001_p0023_t0000
d1_d0001_p0024_t0000.png	0.975633	21.911321	1.000000	0.999909	21.012635	0.300218	58306	18	787	1414	116	2.256333	43.722222	6000	6769	12187.603038	3.721214	0.079930	-0.002710	0.575249	21819.540501	0.485665	18	787	-769	1414	116	2.256333	43.722222	22	155	6000	6769	4470	1.800503	3.721214	12187.603038	0.079930	277655	4.762031	6.174322	600x600	360000	dense	Learned	6200	22	38	57062	23.809686	0.682667	22.338287	0.978343	0.424751	0.267405	3148	5818	0.000000	20	57620	26.182563	0.825614	0.990112	25.711404	0.223994	0.412424	1085	20.596430	0.184725	0.934906	18.097625	0.996976	0.404926	-0.426965	0.732503	-2.797051	-0.382449	False	d1_d0001_p0024_t0000
d1_d0001_p0025_t0000.png	0.973233	22.103647	1.000000	1.000000	21.372016	0.306612	58193	4	830	1467	95	2.279148	207.500000	5918	6744	12276.509012	3.939642	0.079066	-0.003808	0.566619	24219.146490	0.497045	4	830	-826	1467	95	2.279148	207.500000	4	176	5918	6744	4356	1.820360	3.939642	12276.509012	0.079066	274224	4.712319	6.186311	600x600	360000	dense	Learned	6118	4	40	57492	24.116882	0.688663	22.632282	0.977041	0.433381	0.247868	3737	6187	0.000000	21	57334	26.226336	0.821771	0.988544	25.629606	0.244418	0.418715	1058	20.888656	0.192877	0.927097	18.393226	0.998537	0.431390	-0.528635	0.752132	-2.744866	-0.382051	False	d1_d0001_p0025_t0000
d1_d0001_p0026_t0000.png	0.983366	21.503343	1.000000	1.000000	21.018308	0.219806	39301	6	532	945	66	2.272680	88.666667	3858	4384	7505.713488	3.975362	0.069595	0.005056	0.510629	21059.530020	0.574449	6	532	-526	945	66	2.272680	88.666667	6	107	3858	4384	2847	1.712070	3.975362	7505.713488	0.069595	268039	6.820157	9.160072	600x600	360000	dense	Learned	4058	6	25	38526	22.599789	0.564826	20.466952	0.978310	0.489371	0.169461	2644	2194	0.000000	9	37794	23.779744	0.676584	0.990434	23.691319	0.119406	0.443118	1455	20.796061	0.161587	0.954032	17.862754	0.895588	0.528577	1.036391	0.830539	-1.581481	-0.345019	False	d1_d0001_p0026_t0000
d1_d0001_p0027_t0000.png	0.971814	21.538041	1.000000	0.999989	19.828764	0.293792	62151	19	1069	1906	137	2.388457	56.263158	5406	6456	14575.635558	3.972255	0.084671	0.000086	0.532912	23335.077286	0.587744	19	1069	-1050	1906	137	2.388457	56.263158	21	234	5406	6456	3363	2.257688	3.972255	14575.635558	0.084671	283083	4.554762	5.792344	600x600	360000	sparse	Learned	5526	21	34	60221	22.453190	0.690641	21.459878	0.971728	0.467088	0.204026	5439	7068	0.000000	16	61674	25.271167	0.847370	0.988785	25.340436	0.175922	0.445635	704	19.056918	0.134055	0.910067	17.104849	0.999676	0.469013	0.078163	0.795962	-2.624426	-0.396849	False	d1_d0001_p0027_t0000
d1_d0001_p0029_t0000.png	0.984270	24.422412	1.000000	1.000000	25.393228	0.503436	39921	8	574	1027	76	2.250166	71.750000	4525	5091	8963.295449	3.736200	0.074952	-0.003909	0.494385	20460.643291	0.523593	8	574	-566	1027	76	2.250166	71.750000	8	122	4525	5091	3422	1.760616	3.736200	8963.295449	0.074952	269646	6.754490	9.017810	600x600	360000	dense	Learned	4725	8	51	38882	28.829838	0.705958	25.544491	0.988179	0.505615	0.331271	909	1596	0.000000	41	39532	30.278025	0.797367	0.992652	27.644695	0.288252	0.495739	1440	25.903737	0.460896	0.967356	21.627513	0.951935	0.500658	-1.122078	0.668729	-3.436610	-0.202522	False	d1_d0001_p0029_t0000
d1_d0001_p0032_t0000.png	0.983592	22.506652	1.000000	0.998805	21.825042	0.266616	34008	17	506	882	64	2.328408	29.764706	2978	3467	7250.498610	3.949271	0.078523	0.003488	0.772666	19488.975525	0.206474	17	506	-489	882	64	2.328408	29.764706	18	115	2978	3467	2032	2.091289	3.949271	7250.498610	0.078523	275486	8.100623	10.585745	600x600	360000	sparse	Learned	3098	18	25	33198	23.651663	0.559189	21.772223	0.980104	0.227334	0.441404	1804	5185	0.000000	10	32658	24.266669	0.649363	0.987293	23.346887	0.463588	0.227551	1755	21.990150	0.223679	0.961376	19.415407	0.999970	0.205336	0.734429	0.557402	-1.826621	-0.292573	False	d1_d0001_p0032_t0000
d1_d0001_p0033_t0000.png	0.980893	20.932714	1.000000	1.000000	20.386651	0.239246	49076	5	622	1094	73	2.266984	124.400000	4622	5239	9257.357711	3.832009	0.077108	0.003630	0.487955	20375.905514	0.576222	5	622	-617	1094	73	2.266984	124.400000	7	133	4622	5239	3455	1.767009	3.832009	9257.357711	0.077108	262187	5.342469	7.335561	600x600	360000	dense	Learned	4822	7	28	48302	22.093899	0.618671	20.160831	0.977263	0.512045	0.176596	3454	3918	0.000000	10	47200	23.874866	0.755896	0.990971	23.957992	0.106728	0.456040	1084	19.590974	0.136658	0.937367	16.492020	0.997509	0.562160	0.771883	0.823404	-1.707248	-0.379425	False	d1_d0001_p0033_t0000
d1_d0001_p0037_t0000.png	0.979678	23.082145	1.000000	0.998950	23.224636	0.412683	50515	23	682	1197	101	2.251383	29.652174	5243	5902	10432.282237	3.881436	0.073219	-0.004896	0.557013	21747.283459	0.446447	23	682	-659	1197	101	2.251383	29.652174	25	147	5243	5902	3945	1.767584	3.881436	10432.282237	0.073219	275250	5.448877	7.126596	600x600	360000	dense	Learned	5443	25	47	49984	26.532130	0.699531	24.166349	0.984574	0.442987	0.382552	1491	4061	0.000000	31	49632	28.072346	0.815280	0.990294	26.228797	0.346532	0.438194	1081	22.699901	0.322691	0.945317	19.080229	0.963335	0.406584	-1.084203	0.616399	-3.307494	-0.286849	False	d1_d0001_p0037_t0000
d1_d0001_p0038_t0000.png	0.977759	22.644062	1.000000	1.000000	23.586558	0.396205	50238	6	769	1344	89	2.293857	128.166667	5193	5956	10566.459013	4.043595	0.072115	-0.005503	0.388497	23609.091997	0.659050	6	769	-763	1344	89	2.293857	128.166667	7	169	5193	5956	3760	1.774086	4.043595	10566.459013	0.072115	275728	5.488435	7.165890	600x600	360000	dense	Learned	5393	7	46	49840	26.406334	0.683039	23.700625	0.983262	0.611503	0.330659	1341	3241	0.000000	29	49408	27.901409	0.805246	0.989126	25.597930	0.298213	0.602950	1076	22.603741	0.304297	0.938381	18.493302	0.997265	0.599887	-1.056563	0.669341	-2.819776	-0.286835	False	d1_d0001_p0038_t0000
d1_d0001_p0039_t0000.png	0.979947	21.304928	1.000000	0.999749	21.646114	0.268124	46879	17	773	1305	51	2.328910	45.470588	4597	5353	9267.253819	3.971009	0.070378	0.002063	0.369152	22860.028744	0.654479	17	773	-756	1305	51	2.328910	45.470588	18	181	4597	5353	3241	1.731226	3.971009	9267.253819	0.070378	257703	5.497195	7.679345	600x600	360000	dense	Learned	4797	18	31	46194	23.266447	0.617259	20.865760	0.977884	0.630848	0.290881	1420	3274	0.000000	14	46440	24.924324	0.753572	0.990725	24.476417	0.130608	0.577901	1056	20.647052	0.173622	0.934269	16.894272	0.997892	0.675074	0.439168	0.708867	-1.620333	-0.349135	False	d1_d0001_p0039_t0000
d1_d0001_p0040_t0000.png	0.976919	21.528328	1.000000	0.999946	20.442991	0.265611	54132	17	537	987	107	2.195857	31.588235	5310	5830	10434.648607	3.660866	0.078920	0.000354	0.609483	20749.561071	0.424188	17	537	-520	987	107	2.195857	31.588235	18	101	5310	5830	4216	1.789820	3.660866	10434.648607	0.078920	270452	4.996158	6.650410	600x600	360000	dense	Learned	5510	18	33	53226	22.932645	0.655079	21.386644	0.976565	0.390517	0.324022	2484	6133	0.000000	14	51672	24.933663	0.782118	0.989366	24.797535	0.232798	0.374037	1088	20.091770	0.156461	0.934342	17.547024	0.999705	0.384560	0.141684	0.675924	-2.489654	-0.389469	False	d1_d0001_p0040_t0000
d1_d0001_p0041_t0000.png	0.984789	20.901843	1.000000	0.999990	19.640604	0.184980	35350	9	518	905	70	2.344501	57.555556	2955	3464	7006.004816	4.105193	0.063992	0.010195	0.597668	21393.014193	0.517852	9	518	-509	905	70	2.344501	57.555556	10	115	2955	3464	1980	2.022519	4.105193	7006.004816	0.063992	261843	7.407157	10.183876	600x600	360000	sparse	Learned	3075	10	19	35305	20.801189	0.527355	18.892687	0.974594	0.402332	0.129202	4364	2227	0.000000	4	33676	21.743486	0.635983	0.988323	21.845496	0.104984	0.351430	1771	19.263430	0.129165	0.950814	16.722948	0.817629	0.459144	2.009156	0.870788	-1.160585	-0.342374	False	d1_d0001_p0041_t0000
d1_d0001_p0043_t0000.png	0.975071	21.226572	1.000000	0.999995	20.297238	0.269811	59099	14	883	1588	122	2.296790	63.071429	5856	6725	11898.893689	3.899427	0.073742	-0.000089	0.561734	23924.165249	0.537549	14	883	-869	1588	122	2.296790	63.071429	16	184	5856	6725	4146	1.769352	3.899427	11898.893689	0.073742	269478	4.559773	6.091474	600x600	360000	dense	Learned	6056	16	34	58043	22.650595	0.679718	21.188125	0.975160	0.438266	0.201694	4815	6035	0.000000	15	58446	25.101710	0.822884	0.990142	25.128037	0.174239	0.411553	1091	19.553505	0.142948	0.920100	17.026211	0.991866	0.457494	0.038447	0.798301	-2.353357	-0.409906	False	d1_d0001_p0043_t0000
d1_d0001_p0044_t0000.png	0.981526	24.163552	1.000000	0.989098	23.960253	0.397924	42858	33	646	1088	97	2.265081	19.575758	4625	5238	9132.579721	3.832382	0.073100	-0.002609	0.676628	21043.067932	0.313281	33	646	-613	1088	97	2.265081	19.575758	33	142	4625	5238	3440	1.743524	3.832382	9132.579721	0.073100	266245	6.212259	8.399832	600x600	360000	dense	Learned	4825	33	43	41680	26.987236	0.667344	24.847549	0.984134	0.323372	0.414530	1073	2848	0.000000	29	41474	27.987807	0.772349	0.988160	25.960716	0.366391	0.321427	1440	24.234341	0.348825	0.959635	20.968085	0.971832	0.305671	-0.683997	0.574568	-3.026983	-0.269420	False	d1_d0001_p0044_t0000
d1_d0001_p0045_t0000.png	0.975619	23.241384	1.000000	0.999819	23.776163	0.412959	51383	18	870	1493	83	2.306310	48.333333	5563	6415	11103.536932	4.052023	0.069166	-0.006868	0.464673	22988.178730	0.574132	18	870	-852	1493	83	2.306310	48.333333	21	195	5563	6415	3987	1.730871	4.052023	11103.536932	0.069166	270188	5.258315	7.006208	600x600	360000	dense	Learned	5763	21	50	51231	26.950326	0.703072	24.514688	0.982487	0.535327	0.258030	1918	2983	0.000000	32	50984	28.449471	0.819790	0.988698	26.364196	0.226927	0.526452	1085	22.905269	0.320845	0.935151	19.128089	0.959401	0.510501	-1.273304	0.741789	-3.174163	-0.290112	False	d1_d0001_p0045_t0000
d1_d0001_p0047_t0000.png	0.971162	22.598027	1.000000	1.000000	22.136501	0.350514	59644	14	979	1717	101	2.303650	69.928571	6356	7321	13307.038016	3.940750	0.078559	-0.007126	0.562085	24267.916918	0.455787	14	979	-965	1717	101	2.303650	69.928571	14	223	6356	7321	4538	1.817653	3.940750	13307.038016	0.078559	254478	4.266615	6.035812	600x600	360000	dense	Learned	6556	14	46	58803	25.325076	0.707374	23.660046	0.978287	0.437915	0.301569	2702	6195	0.000000	27	58476	27.391097	0.837424	0.987818	26.307413	0.273976	0.430865	1044	21.754599	0.233543	0.926255	19.110013	0.996617	0.423742	-1.062018	0.698431	-3.188575	-0.356860	False	d1_d0001_p0047_t0000
d1_d0001_p0048_t0000.png	0.987113	22.224443	1.000000	0.997463	21.491006	0.230618	35412	18	469	834	66	2.243784	26.055556	3700	4151	6837.190280	3.545613	0.059799	0.003078	0.681188	19677.263498	0.346088	18	469	-451	834	66	2.243784	26.055556	19	101	3700	4151	2800	1.647119	3.545613	6837.190280	0.059799	282249	7.970434	10.166045	600x600	360000	dense	Learned	3900	19	24	34579	23.112785	0.551704	21.278936	0.984035	0.318812	0.222771	2411	2495	0.000000	9	33610	23.966337	0.647347	0.990550	23.348474	0.196348	0.304857	1731	21.519778	0.194082	0.970071	18.959469	0.952493	0.330758	0.945507	0.774692	-1.621779	-0.321086	False	d1_d0001_p0048_t0000
d1_d0001_p0049_t0000.png	0.970413	23.658143	1.000000	0.999998	23.091643	0.411963	63893	18	1113	1880	89	2.309628	61.833333	7073	8168	14428.733542	4.053520	0.074275	-0.010854	0.494339	24932.955980	0.562229	18	1113	-1095	1880	89	2.309628	61.833333	18	273	7073	8168	5104	1.766495	4.053520	14428.733542	0.074275	289287	4.527679	5.634420	600x600	360000	dense	Learned	7273	18	56	63103	26.854039	0.749008	25.372201	0.981267	0.505661	0.306528	2604	5406	0.000000	38	63514	29.421495	0.876010	0.990606	28.331927	0.280394	0.498812	704	21.590651	0.273275	0.921307	19.103462	0.985178	0.449077	-1.714058	0.693470	-3.762396	-0.337045	False	d1_d0001_p0049_t0000
d1_d0001_p0052_t0000.png	0.981079	22.805285	1.000000	0.998790	21.844020	0.274159	42622	21	650	1121	77	2.286626	30.952381	4389	5018	8707.519324	3.876712	0.072430	0.000707	0.728312	21552.952051	0.272418	21	650	-629	1121	77	2.286626	30.952381	21	153	4389	5018	3191	1.735257	3.876712	8707.519324	0.072430	290465	6.814908	8.446342	600x600	360000	dense	Learned	4589	21	32	42517	24.127678	0.614052	22.677932	0.980371	0.271688	0.276173	2610	4014	0.000000	15	41468	25.123231	0.726068	0.988042	24.389188	0.265652	0.265321	1433	21.962168	0.220668	0.957105	19.756106	0.975342	0.258382	0.127353	0.722617	-2.283658	-0.339893	False	d1_d0001_p0052_t0000
d1_d0001_p0053_t0000.png	0.982861	22.604994	1.000000	0.999995	22.984616	0.322750	38587	10	592	1001	48	2.290637	59.200000	4005	4587	7575.129794	4.093308	0.058847	0.000172	0.637079	22463.042736	0.342126	10	592	-582	1001	48	2.290637	59.200000	10	141	4005	4587	2956	1.651434	4.093308	7575.129794	0.058847	277540	7.192578	9.329567	600x600	360000	dense	Learned	4205	10	33	38123	25.178627	0.612515	22.534411	0.982689	0.362921	0.392139	1241	3092	0.000000	18	37566	26.057279	0.714335	0.988378	24.100949	0.388785	0.361422	1443	22.960720	0.275293	0.957531	19.376535	0.996730	0.347246	0.070583	0.607857	-2.194011	-0.289765	False	d1_d0001_p0053_t0000
d1_d0001_p0054_t0000.png	0.982073	22.396668	1.000000	0.999994	22.145582	0.316814	46960	12	573	1053	85	2.233994	47.750000	4795	5356	9474.921199	3.724202	0.076930	-0.001065	0.589758	19912.885904	0.410703	12	573	-561	1053	85	2.233994	47.750000	13	120	4795	5356	3657	1.769029	3.724202	9474.921199	0.076930	276463	5.887202	7.666099	600x600	360000	dense	Learned	4995	13	36	46888	24.667093	0.647833	22.588374	0.983138	0.410242	0.388994	1529	4424	0.000000	19	46890	26.152454	0.770211	0.989775	24.748143	0.335169	0.400905	1044	21.694697	0.228514	0.950860	18.379346	0.999976	0.392814	-0.191706	0.611000	-2.521512	-0.331019	False	d1_d0001_p0054_t0000
d1_d0001_p0055_t0000.png	0.980062	22.240317	1.000000	0.999999	21.383836	0.344154	59369	14	815	1435	103	2.260023	58.214286	6161	6962	12608.674048	3.719428	0.082591	-0.003901	0.540078	22496.593475	0.548430	14	815	-801	1435	103	2.260023	58.214286	15	174	6161	6962	4623	1.811071	3.719428	12608.674048	0.082591	281289	4.737978	6.063771	600x600	360000	dense	Learned	6361	15	43	58948	24.684345	0.708086	23.053605	0.983963	0.459922	0.235246	3836	5792	0.000000	24	59008	26.955938	0.843485	0.992059	26.108515	0.218767	0.443291	1084	20.896240	0.229334	0.942573	18.070849	0.996389	0.461041	-0.813289	0.764753	-3.300509	-0.363932	False	d1_d0001_p0055_t0000
d1_d0001_p0056_t0000.png	0.991523	22.009863	1.000000	0.999997	23.292673	0.306313	28810	6	316	572	48	2.209530	52.666667	2959	3269	5477.971917	3.711564	0.067136	0.001923	0.606426	19587.919712	0.380238	6	316	-310	572	48	2.209530	52.666667	7	72	2959	3269	2339	1.675733	3.711564	5477.971917	0.067136	268434	9.317390	12.495661	600x600	360000	dense	Learned	3159	7	26	28523	24.829805	0.546067	21.229880	0.989600	0.393574	0.373726	846	1733	0.000000	13	28624	25.388077	0.625671	0.992409	22.346896	0.387323	0.399114	2103	23.391661	0.281726	0.980275	19.041483	0.985403	0.389710	0.779983	0.626272	-1.537133	-0.239753	False	d1_d0001_p0056_t0000
d1_d0001_p0057_t0000.png	0.974158	22.524222	1.000000	1.000000	22.937356	0.396213	57412	14	928	1580	70	2.304312	66.285714	6007	6921	12605.977049	3.941768	0.080739	-0.008129	0.392906	24441.209793	0.669243	14	928	-914	1580	70	2.304312	66.285714	14	213	6007	6921	4357	1.821410	3.941768	12605.977049	0.080739	263836	4.595485	6.270466	600x600	360000	dense	Learned	6207	14	50	57411	26.212417	0.710907	23.974249	0.982287	0.607094	0.337709	1809	4813	0.000000	32	57402	28.201603	0.839585	0.990042	26.490955	0.310505	0.596630	1092	22.067170	0.289152	0.929473	18.521060	0.999790	0.586396	-1.450027	0.662290	-3.275061	-0.314694	False	d1_d0001_p0057_t0000
d1_d0001_p0058_t0000.png	0.970261	22.646496	1.000000	1.000000	22.801930	0.429609	67756	9	1058	1858	87	2.292404	117.555556	7175	8224	14913.293857	3.892455	0.080295	-0.012050	0.436999	23610.623360	0.590637	9	1058	-1049	1858	87	2.292404	117.555556	11	247	7175	8224	5230	1.813387	3.892455	14913.293857	0.080295	279796	4.129465	5.313183	600x600	360000	dense	Learned	7375	11	56	66538	26.520161	0.753162	24.736706	0.982312	0.563001	0.419623	1712	6505	0.000000	38	67226	29.358612	0.885093	0.991409	27.959110	0.389584	0.560539	730	20.809956	0.261960	0.909791	17.694430	0.999391	0.509035	-2.090209	0.580377	-3.718231	-0.323552	False	d1_d0001_p0058_t0000
d1_d0001_p0059_t0000.png	0.975053	23.185916	1.000000	0.999975	22.554412	0.413875	54032	21	964	1657	89	2.380626	45.904762	4955	5898	13582.454750	3.798107	0.090678	-0.005923	0.592317	22111.375809	0.391184	21	964	-943	1657	89	2.380626	45.904762	21	222	4955	5898	3209	2.302892	3.798107	13582.454750	0.090678	287845	5.327306	6.662718	600x600	360000	sparse	Learned	5075	21	47	53389	26.158356	0.713078	24.274461	0.980976	0.407683	0.457507	1449	5035	0.000000	31	52514	27.926569	0.831175	0.988625	26.457553	0.442947	0.405790	1041	22.131973	0.304779	0.937382	19.301196	0.999836	0.377869	-1.088546	0.542468	-3.603944	-0.299203	False	d1_d0001_p0059_t0000
d1_d0001_p0060_t0000.png	0.964166	22.699082	1.000000	0.999994	23.550530	0.422606	59466	17	979	1650	47	2.315358	57.588235	6101	7063	12706.106991	4.386838	0.076720	-0.012791	0.312097	24489.170790	0.703341	17	979	-962	1650	47	2.315358	57.588235	17	239	6101	7063	4404	1.798967	4.386838	12706.106991	0.076720	270269	4.544933	6.053880	600x600	360000	dense	Learned	6301	17	53	59308	26.619074	0.722523	24.374994	0.976957	0.687903	0.567677	776	4589	0.000000	34	59238	28.782991	0.849489	0.987086	26.961877	0.448901	0.677564	1063	22.033607	0.299584	0.900596	18.534657	0.977926	0.679696	-1.675913	0.432317	-3.068544	-0.299917	False	d1_d0001_p0060_t0000
d1_d0001_p0061_t0000.png	0.965679	21.965754	1.000000	1.000000	21.989661	0.408949	76041	5	1407	2376	76	2.352971	281.400000	7944	9346	16785.496311	3.915081	0.076700	-0.014633	0.396416	26031.026602	0.668084	5	1407	-1402	2376	76	2.352971	281.400000	6	323	7944	9346	5492	1.796009	3.915081	16785.496311	0.076700	265913	3.496969	4.734288	600x600	360000	dense	Learned	8144	6	55	75387	25.626357	0.775824	24.197542	0.980312	0.603584	0.421251	2004	8247	0.000000	35	75098	29.072084	0.902898	0.992298	28.327338	0.381728	0.603791	686	19.503797	0.209855	0.883130	16.706030	1.000000	0.541873	-2.231788	0.578749	-3.636696	-0.366874	False	d1_d0001_p0061_t0000
d1_d0001_p0062_t0000.png	0.974245	20.914734	1.000000	0.999996	20.778786	0.284878	54970	13	789	1294	42	2.312966	60.692308	4959	5735	10045.770629	4.653275	0.072559	0.002125	0.330022	24980.011463	0.705362	13	789	-776	1294	42	2.312966	60.692308	13	188	4959	5735	3623	1.751660	4.653275	10045.770629	0.072559	255690	4.651446	6.549027	600x600	360000	dense	Learned	5159	13	32	53615	22.611484	0.653139	20.577309	0.972120	0.669978	0.302774	1674	4102	0.000000	14	53656	24.861761	0.800878	0.989901	24.904595	0.128544	0.626869	1085	19.685209	0.170545	0.907298	16.502334	0.972615	0.718342	0.337425	0.697223	-1.832698	-0.368261	False	d1_d0001_p0062_t0000
d1_d0001_p0063_t0000.png	0.980126	21.245557	1.000000	0.998983	21.715676	0.257474	37155	17	495	849	56	2.322646	29.117647	2963	3441	7101.628441	4.342821	0.075900	0.006228	0.334571	20726.428032	0.668555	17	495	-478	849	56	2.322646	29.117647	17	113	2963	3441	2058	2.063827	4.342821	7101.628441	0.075900	257734	6.936725	9.689140	600x600	360000	sparse	Learned	3083	17	25	36804	22.957231	0.561245	20.152206	0.973898	0.665429	0.358634	722	1683	0.000000	10	36876	24.226751	0.671794	0.988824	23.553611	0.158477	0.614994	1441	21.097944	0.193652	0.940099	17.372934	0.891752	0.699892	1.093351	0.640349	-1.241555	-0.303771	False	d1_d0001_p0063_t0000
d1_d0001_p0064_t0000.png	0.991523	22.009863	1.000000	0.999997	23.292673	0.306313	28810	6	316	572	48	2.209530	52.666667	2959	3269	5477.971917	3.711564	0.067136	0.001923	0.606426	19283.533096	0.380238	6	316	-310	572	48	2.209530	52.666667	7	72	2959	3269	2339	1.675733	3.711564	5477.971917	0.067136	268434	9.317390	12.495661	600x600	360000	dense	Learned	3159	7	26	28523	24.829805	0.546067	21.229880	0.989600	0.393574	0.373726	846	1733	0.000000	13	28624	25.388077	0.625671	0.992409	22.346896	0.387323	0.399114	2103	23.391661	0.281726	0.980275	19.041483	0.985403	0.389710	0.779983	0.626272	-1.537133	-0.239753	False	d1_d0001_p0064_t0000
d1_d0001_p0065_t0000.png	0.974158	22.524222	1.000000	1.000000	22.937356	0.396213	57412	14	928	1580	70	2.304312	66.285714	6007	6921	12605.977049	3.941768	0.080739	-0.008129	0.392906	24589.414835	0.669243	14	928	-914	1580	70	2.304312	66.285714	14	213	6007	6921	4357	1.821410	3.941768	12605.977049	0.080739	263836	4.595485	6.270466	600x600	360000	dense	Learned	6207	14	50	57411	26.212417	0.710907	23.974249	0.982287	0.607094	0.337709	1809	4813	0.000000	32	57402	28.201603	0.839585	0.990042	26.490955	0.310505	0.596630	1092	22.067170	0.289152	0.929473	18.521060	0.999790	0.586396	-1.450027	0.662290	-3.275061	-0.314694	False	d1_d0001_p0065_t0000
d1_d0001_p0066_t0000.png	0.991863	26.424433	1.000000	1.000000	24.450151	0.300423	11903	2	187	324	21	2.312500	93.500000	1184	1369	2420.067243	4.653663	0.035493	0.011475	0.999852	16427.710533	0.048171	2	187	-185	324	21	2.312500	93.500000	2	45	1184	1369	839	1.767763	4.653663	2420.067243	0.035493	248628	20.887843	30.244476	600x600	360000	sparse	Learned	1304	2	18	11876	26.696931	0.430451	26.316848	0.980387	0.000148	0.406328	14	13	0.000000	9	11344	26.923447	0.444386	0.983891	26.930904	0.385328	0.000495	23855	27.826826	0.587795	0.984750	27.736685	0.243901	0.000989	0.107585	0.593672	-2.246780	-0.130028	False	d1_d0001_p0066_t0000
d1_d0001_p0067_t0000.png	0.981306	21.578970	1.000000	0.999244	20.289107	0.242223	49554	21	693	1230	107	2.274118	33.000000	4903	5575	9554.914403	3.901041	0.067098	0.002852	0.650952	22234.529734	0.401883	21	693	-672	1230	107	2.274118	33.000000	22	146	4903	5575	3566	1.713886	3.901041	9554.914403	0.067098	279583	5.641987	7.264802	600x600	360000	dense	Learned	5103	22	29	48505	22.422106	0.629484	21.001928	0.978454	0.349048	0.216994	4537	5461	0.000000	11	48174	24.137008	0.765082	0.989964	24.070782	0.197143	0.332628	1048	19.864629	0.151280	0.942569	17.383585	0.982267	0.344825	0.577042	0.782249	-2.133000	-0.387261	False	d1_d0001_p0067_t0000
d1_d0001_p0068_t0000.png	0.980154	21.605711	1.000000	0.999991	21.545720	0.312350	52395	14	698	1255	104	2.258308	49.857143	5296	5980	10588.091668	3.709967	0.077791	-0.001805	0.523340	20335.864544	0.519710	14	698	-684	1255	104	2.258308	49.857143	15	146	5296	5980	3937	1.770584	3.709967	10588.091668	0.077791	267241	5.100506	6.870885	600x600	360000	dense	Learned	5496	15	37	51971	24.085886	0.661028	21.905023	0.981959	0.476660	0.313021	2251	5379	0.000000	18	50538	25.805251	0.783868	0.990175	24.540449	0.280472	0.464762	1095	20.928374	0.206838	0.942185	17.589522	0.991305	0.466058	-0.299312	0.686970	-2.540166	-0.348679	False	d1_d0001_p0068_t0000
d1_d0001_p0069_t0000.png	0.970043	21.286295	1.000000	1.000000	21.285698	0.367318	74511	4	1245	2138	64	2.334953	311.250000	7410	8651	15640.024828	3.949880	0.075414	-0.009940	0.345797	24479.104042	0.687621	4	1245	-1241	2138	64	2.334953	311.250000	6	300	7410	8651	5208	1.807886	3.949880	15640.024828	0.075414	270288	3.627491	4.831501	600x600	360000	dense	Learned	7610	6	48	74259	24.431251	0.759927	22.940488	0.979983	0.654203	0.446732	1506	7397	0.000000	28	74272	27.929993	0.891068	0.993189	27.651157	0.294690	0.652163	727	18.676254	0.171060	0.881903	15.511002	1.000000	0.636614	-1.654193	0.553268	-3.145552	-0.392609	False	d1_d0001_p0069_t0000
d1_d0001_p0070_t0000.png	0.968475	21.785990	1.000000	1.000000	21.020173	0.363406	67566	15	1176	2048	125	2.391965	78.400000	5924	7085	16261.166850	3.783231	0.089825	-0.007715	0.433983	23131.526709	0.626270	15	1176	-1161	2048	125	2.391965	78.400000	18	246	5924	7085	3751	2.295154	3.783231	16261.166850	0.089825	274404	4.061273	5.328124	600x600	360000	sparse	Learned	6044	18	44	67000	24.250713	0.735599	22.850411	0.976190	0.566017	0.257631	3624	7239	0.000000	24	66656	27.056223	0.865361	0.990050	26.708672	0.208028	0.553893	681	19.196006	0.172072	0.893179	16.538648	0.997608	0.533683	-1.064421	0.742369	-3.230540	-0.372193	False	d1_d0001_p0070_t0000
d1_d0001_p0071_t0000.png	0.964727	21.414492	1.000000	1.000000	21.454730	0.397858	70187	12	1419	2406	67	2.462221	118.250000	6088	7495	16784.192704	4.093583	0.082133	-0.010463	0.334976	24093.802691	0.693036	12	1419	-1407	2406	67	2.462221	118.250000	12	342	6088	7495	3615	2.239385	4.093583	16784.192704	0.082133	270652	3.856156	5.129155	600x600	360000	sparse	Learned	6208	12	46	70007	24.469052	0.747483	22.798738	0.975190	0.665024	0.448161	1516	6911	0.000000	26	68894	27.413371	0.870882	0.990004	26.894453	0.305080	0.666962	709	18.668526	0.184309	0.861850	15.693772	0.999941	0.638746	-1.384245	0.551839	-3.014322	-0.349625	False	d1_d0001_p0071_t0000
d1_d0001_p0072_t0000.png	0.961699	21.514686	1.000000	1.000000	21.177489	0.426865	80045	19	1618	2718	81	2.454390	85.157895	7038	8637	19705.310811	3.931361	0.088335	-0.014478	0.354048	25525.032759	0.672284	19	1618	-1599	2718	81	2.454390	85.157895	19	387	7038	8637	4239	2.281499	3.931361	19705.310811	0.088335	265975	3.322818	4.497470	600x600	360000	sparse	Learned	7158	19	51	78576	24.679548	0.784442	23.425063	0.976177	0.645952	0.386581	2196	8375	0.000000	30	78818	28.540004	0.907854	0.992089	28.333399	0.300363	0.648622	711	18.134769	0.177149	0.853673	15.718544	0.997271	0.603818	-1.910378	0.613419	-3.502058	-0.357577	False	d1_d0001_p0072_t0000
d2_d0002_p0000_t0000.png	0.982656	23.432383	1.000000	0.999380	24.604554	0.393644	36715	15	556	950	72	2.281112	37.066667	3849	4390	7672.664943	4.024138	0.072193	-0.001789	0.472256	22220.476627	0.585633	15	556	-541	950	72	2.281112	37.066667	17	124	3849	4390	2827	1.747760	4.024138	7672.664943	0.072193	273183	7.440637	9.805257	600x600	360000	dense	Learned	4049	17	39	36642	27.001497	0.640693	23.816372	0.984445	0.527744	0.325832	842	1422	0.000000	24	34662	27.626672	0.724687	0.988194	24.739052	0.325587	0.521163	1405	24.678146	0.354611	0.962789	20.546372	0.957173	0.525919	-0.383989	0.673548	-2.396943	-0.247049	False	d2_d0002_p0000_t0000
d2_d0002_p0001_t0000.png	0.978362	23.073285	1.000000	0.999999	24.272698	0.395885	45977	10	826	1382	54	2.337888	82.600000	4830	5646	9736.825023	4.108317	0.072433	-0.004242	0.380621	23430.839300	0.645116	10	826	-816	1382	54	2.337888	82.600000	11	197	4830	5646	3394	1.724553	4.108317	9736.825023	0.072433	274782	5.976510	7.830002	600x600	360000	dense	Learned	5030	11	44	45682	26.751438	0.676263	23.921088	0.982604	0.619379	0.375498	674	1576	0.000000	28	45370	27.950684	0.782062	0.988034	25.510208	0.350723	0.613959	1048	23.001802	0.319177	0.942579	18.829557	0.906908	0.587336	-0.847803	0.624501	-2.478740	-0.280378	False	d2_d0002_p0001_t0000
d2_d0002_p0002_t0000.png	0.974841	22.565826	1.000000	0.999429	23.056443	0.327623	42447	18	601	1037	65	2.279215	33.388889	4176	4759	8231.172564	4.444879	0.072964	-0.000502	0.442177	22625.685453	0.581104	18	601	-583	1037	65	2.279215	33.388889	18	132	4176	4759	3074	1.729601	4.444879	8231.172564	0.072964	273359	6.440008	8.481165	600x600	360000	dense	Learned	4376	18	35	41407	25.226383	0.624089	22.636454	0.975343	0.557823	0.349883	1094	2447	0.000000	19	40754	26.299842	0.728404	0.984203	24.263850	0.302230	0.533180	1441	22.956994	0.264518	0.939836	19.606026	0.975715	0.574476	-0.070629	0.649546	-2.169941	-0.296466	False	d2_d0002_p0002_t0000
d2_d0002_p0003_t0000.png	0.976648	22.435692	1.000000	0.999877	23.240017	0.352807	41663	12	522	895	58	2.249694	43.500000	4085	4595	7738.277845	4.597421	0.066783	-0.001251	0.401501	22904.167652	0.606490	12	522	-510	895	58	2.249694	43.500000	14	117	4085	4595	3132	1.684065	4.597421	7738.277845	0.066783	264281	6.343302	8.640760	600x600	360000	dense	Learned	4285	14	36	41364	25.506167	0.631420	22.617740	0.977898	0.598499	0.455299	665	2088	0.000000	20	40178	26.553158	0.733472	0.985362	24.181687	0.415528	0.583322	1440	23.100914	0.290646	0.940753	19.372497	0.999674	0.606572	-0.182048	0.544577	-2.266150	-0.278613	False	d2_d0002_p0003_t0000
d2_d0002_p0004_t0000.png	0.989840	21.539102	1.000000	0.977629	22.616266	0.232940	22906	16	291	498	44	2.285418	18.187500	1927	2202	4149.746283	4.030130	0.060518	0.005850	0.344728	19480.643749	0.674910	16	291	-275	498	44	2.285418	18.187500	18	66	1927	2202	1385	1.884535	4.030130	4149.746283	0.060518	243570	10.633458	15.716406	600x600	360000	sparse	Learned	2047	18	17	21503	23.419372	0.466108	19.717941	0.983990	0.655272	0.282191	232	156	0.000000	6	21308	23.920368	0.483189	0.990978	21.934864	0.218275	0.629323	2517	22.482153	0.222315	0.975212	18.225944	0.575425	0.651739	1.821161	0.695438	-0.803107	-0.233168	False	d2_d0002_p0004_t0000
d2_d0002_p0005_t0000.png	0.981000	22.440455	1.000000	0.999289	23.055986	0.348388	45260	18	841	1365	52	2.407325	46.722222	4041	4864	10449.661884	3.837870	0.072945	-0.000600	0.303177	20396.182537	0.719956	18	841	-823	1365	52	2.407325	46.722222	23	218	4041	4864	2624	2.148368	3.837870	10449.661884	0.072945	283156	6.256209	7.954043	600x600	360000	sparse	Learned	4161	23	35	44206	25.066804	0.645517	22.533560	0.981600	0.696823	0.300424	787	1205	0.000000	18	43300	26.146836	0.731919	0.989121	24.514202	0.241460	0.681004	1088	21.300800	0.256062	0.938970	17.221199	0.894249	0.655581	-0.093106	0.698865	-2.010819	-0.297129	False	d2_d0002_p0005_t0000
d2_d0002_p0006_t0000.png	0.978103	22.709450	1.000000	1.000000	23.159505	0.423708	58583	11	1087	1838	60	2.347714	98.818182	6189	7265	12742.973705	3.860882	0.075450	-0.007273	0.377217	23131.272316	0.644744	11	1087	-1076	1838	60	2.347714	98.818182	12	254	6189	7265	4291	1.754023	3.860882	12742.973705	0.075450	280069	4.780721	6.145127	600x600	360000	dense	Learned	6389	12	52	57547	26.701881	0.725932	24.326386	0.985376	0.622783	0.591647	649	3526	0.000000	34	57410	28.732517	0.847711	0.992249	26.937680	0.511147	0.617992	1079	21.522800	0.305868	0.931069	17.616929	0.999998	0.576609	-1.616935	0.408353	-3.542376	-0.302224	False	d2_d0002_p0006_t0000
d2_d0002_p0007_t0000.png	0.970438	23.588360	1.000000	0.999997	23.636775	0.423135	52983	16	1037	1771	80	2.407585	64.812500	5010	6031	13422.047851	4.088820	0.079274	-0.007038	0.447044	23305.069685	0.574125	16	1037	-1021	1771	80	2.407585	64.812500	17	236	5010	6031	3159	2.225510	4.088820	13422.047851	0.079274	283817	5.356756	6.794632	600x600	360000	sparse	Learned	5130	17	48	52185	26.636995	0.708475	24.648571	0.977477	0.552956	0.302939	1835	3464	0.000000	31	51212	28.193175	0.821147	0.986038	26.581333	0.271776	0.542453	1087	22.406825	0.314648	0.920962	19.266768	0.995304	0.525521	-1.060211	0.697058	-3.000221	-0.285340	False	d2_d0002_p0007_t0000
d2_d0002_p0008_t0000.png	0.973291	21.854953	1.000000	0.999641	22.268053	0.386954	58512	26	1152	1952	68	2.448784	44.307692	5018	6144	13442.086789	4.139288	0.081766	-0.005658	0.249962	22922.449350	0.785681	26	1152	-1126	1952	68	2.448784	44.307692	27	289	5018	6144	2998	2.187840	4.139288	13442.086789	0.081766	276439	4.724484	6.152584	600x600	360000	sparse	Learned	5138	27	43	58243	24.975344	0.709717	22.783091	0.978949	0.750038	0.468807	863	3367	0.000000	24	58008	27.142884	0.827456	0.990142	26.071237	0.331142	0.737587	1089	20.184027	0.245925	0.906784	16.713454	0.939814	0.705770	-0.928139	0.530834	-2.707291	-0.322763	False	d2_d0002_p0008_t0000
d2_d0002_p0009_t0000.png	0.979583	22.178095	1.000000	0.998563	22.849214	0.398427	57674	30	924	1540	47	2.308489	30.800000	5796	6690	12063.877411	3.817555	0.075871	-0.005819	0.261229	21948.520660	0.787376	30	924	-894	1540	47	2.308489	30.800000	30	248	5796	6690	4209	1.803270	3.817555	12063.877411	0.075871	274298	4.756008	6.241981	600x600	360000	dense	Learned	5996	30	47	56810	25.906471	0.712656	23.469827	0.985402	0.738771	0.632045	486	3013	0.000000	29	57588	27.966983	0.837250	0.992316	26.267256	0.476284	0.730773	1062	20.888303	0.276334	0.929505	16.877786	0.970227	0.682615	-1.291732	0.366518	-3.057257	-0.314228	False	d2_d0002_p0009_t0000
d2_d0002_p0010_t0000.png	0.987324	21.728239	1.000000	0.993431	23.335716	0.307717	37370	21	575	934	29	2.309066	27.380952	3585	4139	6956.221634	3.972816	0.069571	0.001445	0.244127	20655.174255	0.777938	21	575	-554	934	29	2.309066	27.380952	22	150	3585	4139	2622	1.680653	3.972816	6956.221634	0.069571	251372	6.726572	9.633396	600x600	360000	dense	Learned	3785	22	30	37029	24.791568	0.596259	21.275924	0.985880	0.755873	0.724400	134	874	0.000000	15	36988	25.886090	0.676916	0.992753	23.895176	0.566627	0.739916	1449	22.214562	0.257467	0.959490	17.195463	0.916570	0.737141	0.452315	0.269031	-1.455852	-0.288542	False	d2_d0002_p0010_t0000
d2_d0002_p0011_t0000.png	0.983645	24.056437	1.000000	1.000000	24.424016	0.530369	56131	7	1122	1878	57	2.357658	160.285714	6235	7350	13392.742003	3.543037	0.080193	-0.006837	0.304763	22086.011410	0.742291	7	1122	-1115	1878	57	2.357658	160.285714	8	258	6235	7350	4300	1.822142	3.543037	13392.742003	0.080193	265289	4.726248	6.413568	600x600	360000	dense	Learned	6435	8	62	55459	29.141967	0.766124	26.267185	0.990482	0.695237	0.865423	210	2579	0.000000	49	55500	31.317837	0.861812	0.995229	29.308418	0.828471	0.691220	1093	22.764571	0.420690	0.947278	18.472057	0.999433	0.647245	-2.210747	0.134577	-4.717952	-0.235755	False	d2_d0002_p0011_t0000
d2_d0002_p0012_t0000.png	0.975989	25.639003	1.000000	0.999995	25.491375	0.605534	61898	20	1046	1822	82	2.279907	52.300000	7331	8357	15457.581073	3.676421	0.078540	-0.012035	0.413432	24825.056791	0.596868	20	1046	-1026	1822	82	2.279907	52.300000	21	261	7331	8357	5427	1.849657	3.676421	15457.581073	0.078540	265510	4.289476	5.816020	600x600	360000	dense	Learned	7531	21	71	61384	30.887348	0.818451	28.548867	0.988024	0.586568	0.469528	885	3137	0.000000	66	61292	33.266913	0.899620	0.993729	31.380829	0.489066	0.591583	675	23.339410	0.443154	0.927883	19.940987	0.926691	0.479131	-2.909863	0.530466	-5.395974	-0.212917	False	d2_d0002_p0012_t0000
d2_d0002_p0013_t0000.png	0.974945	24.608602	1.000000	0.999931	24.399430	0.474013	50920	19	769	1387	115	2.257954	40.473684	5815	6565	12103.194756	3.786315	0.081791	-0.008247	0.540428	23008.669615	0.491051	19	769	-750	1387	115	2.257954	40.473684	21	167	5815	6565	4313	1.843594	3.786315	12103.194756	0.081791	273245	5.366163	7.069914	600x600	360000	dense	Learned	6015	21	58	50621	28.493634	0.734078	26.177290	0.983192	0.459572	0.296094	1476	2720	0.000000	44	50752	30.413488	0.841957	0.990011	28.440985	0.274638	0.460998	1081	24.935717	0.401108	0.949188	21.835695	0.843928	0.431830	-1.568688	0.703837	-4.094204	-0.260065	False	d2_d0002_p0013_t0000
d2_d0002_p0014_t0000.png	0.968948	24.789188	1.000000	0.999999	24.228246	0.507487	64224	17	1096	1908	125	2.287848	64.470588	7497	8576	15718.509042	3.836710	0.078449	-0.014813	0.576330	25488.709688	0.439557	17	1096	-1079	1908	125	2.287848	64.470588	19	242	7497	8576	5464	1.832849	3.836710	15718.509042	0.078449	275774	4.293940	5.605381	600x600	360000	dense	Learned	7697	19	67	63411	29.305482	0.788383	27.478536	0.983761	0.423670	0.262175	1749	2944	0.000000	56	63056	31.802164	0.890261	0.991405	30.202496	0.247640	0.423846	733	23.778920	0.387127	0.929572	20.997518	0.860013	0.379487	-2.689348	0.737824	-5.077236	-0.280896	False	d2_d0002_p0014_t0000
d2_d0002_p0015_t0000.png	0.987508	23.782871	1.000000	0.987007	25.158765	0.424340	33001	24	537	880	44	2.304000	22.375000	3375	3888	6540.783034	4.073725	0.067961	-0.000896	0.309332	22903.445721	0.725070	24	537	-513	880	44	2.304000	22.375000	24	128	3375	3888	2451	1.682300	4.073725	6540.783034	0.067961	273895	8.299597	10.908760	600x600	360000	dense	Learned	3575	24	37	32225	27.606680	0.638592	24.093285	0.988405	0.690668	0.430970	293	447	0.000000	26	32100	28.213530	0.719950	0.990687	24.895802	0.382410	0.682873	1726	25.306764	0.401097	0.972017	20.728945	0.723810	0.671232	-0.310415	0.556037	-2.447916	-0.214252	False	d2_d0002_p0015_t0000
d2_d0002_p0016_t0000.png	0.988891	21.784350	1.000000	0.996477	23.563744	0.308486	25133	14	401	671	37	2.370690	28.642857	2088	2475	4950.092794	4.512084	0.065262	0.004721	0.279625	20839.902639	0.816457	14	401	-387	671	37	2.370690	28.642857	14	96	2088	2475	1380	2.000037	4.512084	4950.092794	0.065262	265265	10.554450	14.323797	600x600	360000	sparse	Learned	2208	14	22	24402	24.792982	0.523662	20.607396	0.984170	0.720375	0.310597	451	426	0.000000	10	22808	25.155361	0.556175	0.988616	21.663183	0.366348	0.712695	2512	23.586910	0.291236	0.971488	18.837838	0.714766	0.733408	1.176954	0.685881	-1.229238	-0.215176	False	d2_d0002_p0016_t0000
d2_d0002_p0017_t0000.png	0.989019	21.722463	1.000000	0.985620	22.779938	0.323900	31241	21	479	770	35	2.315427	22.809524	2904	3362	5609.513344	4.134954	0.071810	0.002391	0.284353	20613.479376	0.763109	21	479	-458	770	35	2.315427	22.809524	21	118	2904	3362	2099	1.668505	4.134954	5609.513344	0.071810	270435	8.656413	11.523319	600x600	360000	dense	Learned	3104	21	27	30776	25.223518	0.578898	21.028253	0.986628	0.715647	0.525281	159	359	0.000000	14	31112	26.005106	0.643969	0.991886	22.834935	0.510442	0.702194	1807	23.149526	0.297558	0.967629	17.941725	0.613666	0.697840	0.694211	0.460339	-2.443579	-0.254998	False	d2_d0002_p0017_t0000
d2_d0002_p0018_t0000.png	0.974419	25.622755	1.000000	0.999811	25.490298	0.545343	46716	19	749	1293	88	2.272286	39.421053	5362	6092	10603.540318	4.131376	0.072523	-0.009223	0.535419	24295.356750	0.480620	19	749	-730	1293	88	2.272286	39.421053	20	166	5362	6092	3981	1.740568	4.131376	10603.540318	0.072523	266369	5.701879	7.706139	600x600	360000	dense	Learned	5562	20	62	46476	30.023086	0.760824	27.387157	0.983642	0.464581	0.407092	906	2227	0.000000	52	45106	31.759373	0.838948	0.990662	29.737412	0.381269	0.454993	1037	26.058744	0.483475	0.948004	22.575515	0.887369	0.419932	-1.764402	0.592720	-4.532788	-0.215481	False	d2_d0002_p0018_t0000
d2_d0002_p0019_t0000.png	0.977740	24.765909	1.000000	0.999998	25.030535	0.544437	52688	13	961	1613	65	2.319515	73.923077	5934	6882	12263.149940	3.768730	0.076927	-0.009341	0.371759	24496.881247	0.664304	13	961	-948	1613	65	2.319515	73.923077	15	230	5934	6882	4256	1.781917	3.768730	12263.149940	0.076927	269387	5.112872	6.832675	600x600	360000	dense	Learned	6134	15	63	51792	29.670304	0.769878	26.893784	0.987081	0.628241	0.606416	435	2338	0.000000	52	51896	31.675772	0.859229	0.993139	29.634029	0.535136	0.620301	1034	24.390862	0.459236	0.946511	20.555178	0.972319	0.583933	-2.127876	0.393583	-4.639769	-0.225441	False	d2_d0002_p0019_t0000
d2_d0002_p0020_t0000.png	0.978621	25.539128	1.000000	1.000000	25.583945	0.594535	53710	12	1014	1749	78	2.320281	84.500000	6257	7259	13163.528116	3.837283	0.077036	-0.009267	0.415744	23391.970873	0.603228	12	1014	-1002	1749	78	2.320281	84.500000	13	246	6257	7259	4430	1.813408	3.837283	13163.528116	0.077036	262870	4.894247	6.702662	600x600	360000	dense	Learned	6457	13	67	52170	30.703568	0.795620	27.895429	0.987888	0.584256	0.581555	521	2434	0.000000	61	53700	32.838514	0.876479	0.993633	30.728486	0.543804	0.580779	1038	24.853076	0.506908	0.947175	20.997691	0.965376	0.534462	-2.356301	0.418445	-5.119623	-0.201085	False	d2_d0002_p0020_t0000
d2_d0002_p0021_t0000.png	0.981617	25.202865	1.000000	0.999988	25.893739	0.586245	47235	15	916	1536	54	2.330946	61.066667	5445	6346	11390.864835	3.827892	0.077355	-0.007112	0.334764	23318.521023	0.707146	15	916	-901	1536	54	2.330946	61.066667	16	220	5445	6346	3855	1.794968	3.827892	11390.864835	0.077355	263286	5.573960	7.621467	600x600	360000	dense	Learned	5645	16	63	46467	30.506186	0.773268	27.217055	0.988729	0.665236	0.564092	370	1440	0.000000	57	47120	32.436557	0.852385	0.994174	30.166222	0.504746	0.661316	1085	25.019368	0.510165	0.954464	20.683163	0.943818	0.615103	-2.014190	0.435896	-4.612447	-0.187024	False	d2_d0002_p0021_t0000
d2_d0002_p0022_t0000.png	0.970629	24.990931	1.000000	0.999960	23.334550	0.439679	58139	26	1105	1919	112	2.367382	42.500000	5874	6953	15942.480362	3.828834	0.087668	-0.009134	0.521786	23456.501245	0.496215	26	1105	-1079	1919	112	2.367382	42.500000	26	256	5874	6953	3843	2.292892	3.828834	15942.480362	0.087668	281282	4.838095	6.192057	600x600	360000	sparse	Learned	5994	26	58	58112	27.819656	0.746048	26.539686	0.979763	0.478214	0.284942	1888	3068	0.000000	40	57130	29.777867	0.859024	0.988520	28.720573	0.246678	0.472474	1070	23.297683	0.345059	0.935261	20.972885	0.965776	0.446541	-1.548756	0.715017	-4.485105	-0.306368	False	d2_d0002_p0022_t0000
d2_d0002_p0025_t0000.png	0.980113	24.930760	1.000000	0.998470	24.913831	0.456492	40320	22	568	1003	92	2.247844	25.818182	4406	4952	8980.702520	3.997743	0.080553	-0.003905	0.606483	21943.567276	0.409871	22	568	-546	1003	92	2.247844	25.818182	23	117	4406	4952	3311	1.813551	3.997743	8980.702520	0.080553	273359	6.779737	8.928571	600x600	360000	dense	Learned	4606	23	48	39394	28.374129	0.687989	25.838882	0.984018	0.393517	0.281247	1221	1543	0.000000	36	38710	29.421127	0.778342	0.988724	27.285090	0.253507	0.389356	1427	25.614371	0.419446	0.960103	22.129663	0.748645	0.374319	-0.908121	0.717223	-3.460298	-0.231496	False	d2_d0002_p0025_t0000
d2_d0002_p0027_t0000.png	0.979494	21.602480	1.000000	0.999999	21.589400	0.319888	54459	13	951	1586	54	2.348375	73.153846	5385	6323	10969.135203	4.079125	0.068568	-0.002318	0.372771	23163.047314	0.689359	13	951	-938	1586	54	2.348375	73.153846	13	228	5385	6323	3745	1.734799	4.079125	10969.135203	0.068568	278081	5.106245	6.610478	600x600	360000	dense	Learned	5585	13	38	54166	24.226564	0.678610	22.031367	0.981812	0.627229	0.309676	1648	3640	0.000000	20	54120	26.323151	0.806473	0.991827	25.422564	0.241318	0.612294	1096	20.716026	0.221848	0.934906	17.326873	0.994441	0.609882	-0.428887	0.690322	-2.637165	-0.358721	False	d2_d0002_p0027_t0000
d2_d0002_p0028_t0000.png	0.989705	21.945129	1.000000	0.999993	23.566840	0.305685	28346	8	475	815	33	2.358817	59.375000	2603	3070	5852.138669	3.887020	0.057055	0.002567	0.286033	18887.169361	0.740058	8	475	-467	815	33	2.358817	59.375000	8	118	2603	3070	1755	1.906234	3.887020	5852.138669	0.057055	269451	9.505786	12.700205	600x600	360000	sparse	Learned	2723	8	25	27842	25.053890	0.547076	21.122122	0.987139	0.713967	0.736123	88	457	0.000000	12	27546	25.655792	0.596960	0.991713	22.545849	0.704108	0.701658	2168	23.562623	0.284410	0.974672	18.727638	0.989948	0.710462	0.823007	0.263870	-1.487051	-0.241390	False	d2_d0002_p0028_t0000
d2_d0002_p0029_t0000.png	0.990948	21.952558	1.000000	0.996794	23.898473	0.319666	27197	15	432	703	31	2.369517	28.800000	2257	2674	5342.038164	4.016335	0.073353	0.002306	0.272093	19305.946112	0.765483	15	432	-417	703	31	2.369517	28.800000	15	108	2257	2674	1523	1.997770	4.016335	5342.038164	0.073353	263950	9.705115	13.236754	600x600	360000	sparse	Learned	2377	15	25	27079	25.362100	0.547996	21.109724	0.988642	0.727907	0.850274	57	339	0.000000	12	26076	25.872835	0.587357	0.992297	22.424987	0.744861	0.717575	2173	23.708015	0.299104	0.976812	18.369178	0.804536	0.716392	0.842834	0.146520	-1.463627	-0.228331	False	d2_d0002_p0029_t0000
d2_d0002_p0031_t0000.png	0.972004	23.826614	1.000000	1.000000	23.596561	0.472236	63107	12	1061	1823	97	2.302001	88.416667	6947	7996	14373.703687	4.041886	0.075504	-0.012077	0.431165	25813.708544	0.629072	12	1061	-1049	1823	97	2.302001	88.416667	12	236	6947	7996	5027	1.797612	4.041886	14373.703687	0.075504	281636	4.462833	5.704597	600x600	360000	dense	Learned	7147	12	61	63033	27.959252	0.764174	26.037817	0.984081	0.568835	0.316159	2053	4406	0.000000	45	62808	30.467456	0.880516	0.992049	29.005890	0.285203	0.562558	730	21.742508	0.331399	0.920644	18.597627	1.000000	0.516668	-2.211204	0.683841	-4.362691	-0.291938	False	d2_d0002_p0031_t0000
d2_d0002_p0032_t0000.png	0.986662	22.666915	1.000000	1.000000	23.409875	0.418950	42952	7	587	1043	48	2.272237	83.857143	4261	4841	8464.617167	3.773667	0.080249	-0.002342	0.338260	20637.311935	0.710199	7	587	-580	1043	48	2.272237	83.857143	7	136	4261	4841	3170	1.748527	3.773667	8464.617167	0.080249	271121	6.312186	8.381449	600x600	360000	dense	Learned	4461	7	42	42195	26.882374	0.666813	23.443188	0.989004	0.661740	0.874492	130	1256	0.000000	27	42286	28.001540	0.771831	0.992533	25.011712	0.869172	0.658384	1450	23.347743	0.367180	0.962583	18.502366	0.999027	0.632293	-0.776273	0.125508	-3.472498	-0.247863	False	d2_d0002_p0032_t0000
d2_d0002_p0033_t0000.png	0.976342	23.570327	1.000000	0.998847	23.782463	0.411961	53536	27	920	1546	74	2.305927	34.074074	5838	6731	11680.702411	3.938302	0.073537	-0.006854	0.464893	23271.287680	0.558565	27	920	-893	1546	74	2.305927	34.074074	28	219	5838	6731	4218	1.735359	3.938302	11680.702411	0.073537	284662	5.317207	6.724447	600x600	360000	dense	Learned	6038	28	51	52410	26.961110	0.708148	24.859490	0.983196	0.535107	0.371155	1173	2830	0.000000	34	53002	28.682958	0.829844	0.989612	26.888079	0.345803	0.529508	1087	22.972384	0.318833	0.940405	19.572570	0.991455	0.514079	-1.289163	0.627692	-3.178647	-0.296188	False	d2_d0002_p0033_t0000
d2_d0002_p0034_t0000.png	0.977480	21.216792	1.000000	0.999953	20.888575	0.301360	59479	19	834	1449	84	2.284915	43.894737	5721	6536	11555.497685	3.922513	0.073775	-0.001930	0.369053	22523.156881	0.692758	19	834	-815	1449	84	2.284915	43.894737	19	199	5721	6536	4188	1.767977	3.922513	11555.497685	0.073775	273237	4.593840	6.052556	600x600	360000	dense	Learned	5921	19	37	58957	23.361272	0.690089	21.549343	0.979410	0.630947	0.383295	1373	5032	0.000000	18	59238	25.882186	0.833505	0.992334	25.808787	0.187291	0.611906	1087	19.782844	0.182764	0.924050	16.550916	0.995768	0.634445	-0.332551	0.616658	-2.472697	-0.388729	False	d2_d0002_p0034_t0000
d2_d0002_p0035_t0000.png	0.977229	23.869330	1.000000	0.999949	23.415284	0.417576	54049	20	850	1496	97	2.284101	42.500000	5843	6673	12106.987150	3.881056	0.075605	-0.006657	0.409426	25194.797277	0.670797	20	850	-830	1496	97	2.284101	42.500000	20	191	5843	6673	4250	1.814324	3.881056	12106.987150	0.075605	282696	5.230365	6.660623	600x600	360000	dense	Learned	6043	20	53	53816	27.254530	0.716361	25.261596	0.983886	0.590574	0.290884	1756	3265	0.000000	35	53480	28.854471	0.834786	0.989333	26.952530	0.249928	0.576929	1094	22.926900	0.334859	0.942664	19.657858	0.977260	0.571876	-1.392266	0.709065	-3.839246	-0.298785	False	d2_d0002_p0035_t0000
d2_d0002_p0036_t0000.png	0.965388	24.028866	1.000000	1.000000	24.599364	0.482585	62904	10	1418	2275	54	2.403092	141.800000	6986	8394	14929.391622	4.166086	0.074574	-0.015697	0.259244	26565.403700	0.781651	10	1418	-1408	2275	54	2.403092	141.800000	10	329	6986	8394	4657	1.778579	4.166086	14929.391622	0.074574	278618	4.429257	5.723006	600x600	360000	dense	Learned	7186	10	63	62756	28.445726	0.761268	26.377363	0.981085	0.740756	0.617241	573	3517	0.000000	46	62478	30.727751	0.878265	0.989375	28.914056	0.535068	0.735473	726	22.315089	0.343946	0.904268	19.005924	0.999160	0.679273	-2.348497	0.382759	-3.846362	-0.278682	False	d2_d0002_p0036_t0000
d2_d0002_p0038_t0000.png	0.983319	21.941327	1.000000	0.999987	23.481003	0.374810	47774	14	913	1516	32	2.368518	65.214286	4879	5778	9908.805117	4.019970	0.065683	-0.002396	0.199540	22816.439867	0.823737	14	913	-899	1516	32	2.368518	65.214286	14	233	4879	5778	3331	1.714920	4.019970	9908.805117	0.065683	269467	5.640453	7.535480	600x600	360000	dense	Learned	5079	14	40	46445	25.703548	0.660262	22.545042	0.985715	0.800460	0.802979	180	1468	0.000000	23	47170	27.140941	0.775518	0.991561	24.696483	0.658669	0.791356	1093	21.670897	0.287618	0.941707	16.947486	0.995506	0.759368	-0.603714	0.197008	-2.222545	-0.285452	False	d2_d0002_p0038_t0000
d2_d0002_p0041_t0000.png	0.986211	23.026700	1.000000	0.999998	25.374794	0.422388	36519	9	530	887	33	2.266906	58.888889	3904	4425	7297.284989	3.960617	0.055954	-0.001610	0.269247	23457.678318	0.765171	9	530	-521	887	33	2.266906	58.888889	9	135	3904	4425	2984	1.649104	3.960617	7297.284989	0.055954	247674	6.782059	9.857882	600x600	360000	dense	Learned	4104	9	40	35822	27.354602	0.642791	23.497152	0.987821	0.730753	0.459181	304	770	0.000000	26	35128	28.229463	0.734389	0.991743	24.984347	0.509609	0.720803	1447	24.730115	0.383415	0.966074	19.528327	0.989726	0.713496	-0.470452	0.540817	-1.979808	-0.220403	False	d2_d0002_p0041_t0000
d2_d0002_p0043_t0000.png	0.964292	23.249552	1.000000	1.000000	23.069999	0.464435	78663	12	1615	2699	72	2.369568	134.583333	8675	10278	18463.480292	4.070316	0.074100	-0.018710	0.290662	25640.609741	0.753905	12	1615	-1603	2699	72	2.369568	134.583333	12	387	8675	10278	5904	1.796408	4.070316	18463.480292	0.074100	287935	3.660361	4.576484	600x600	360000	dense	Learned	8875	12	64	77174	27.532244	0.799618	26.168184	0.983002	0.709338	0.447365	1256	4815	0.000000	50	77128	31.034240	0.917405	0.992923	30.097137	0.365270	0.710148	725	20.416690	0.273053	0.888359	17.861941	1.000000	0.639093	-2.918632	0.552635	-4.462245	-0.335184	False	d2_d0002_p0043_t0000
d2_d0002_p0046_t0000.png	0.975367	23.439942	1.000000	0.999996	23.394725	0.436122	61950	18	1104	1920	81	2.327800	61.333333	6626	7712	13968.098982	3.953409	0.077221	-0.009021	0.285058	24144.114733	0.761276	18	1104	-1086	1920	81	2.327800	61.333333	18	269	6626	7712	4625	1.811216	3.953409	13968.098982	0.077221	286543	4.625391	5.811138	600x600	360000	dense	Learned	6826	18	56	60723	27.194982	0.743139	25.222591	0.984389	0.714942	0.412445	874	2358	0.000000	38	60472	29.346742	0.862743	0.991409	27.781669	0.345700	0.708575	734	20.859134	0.287790	0.918547	17.486709	0.998011	0.637641	-1.782649	0.587552	-3.800257	-0.307017	False	d2_d0002_p0046_t0000
d2_d0002_p0047_t0000.png	0.977074	24.129774	1.000000	0.999999	23.868474	0.435254	56406	15	1056	1785	62	2.329535	70.400000	6318	7359	12985.783611	3.936435	0.070979	-0.007777	0.383571	23834.849596	0.665046	15	1056	-1041	1785	62	2.329535	70.400000	15	242	6318	7359	4471	1.764613	3.936435	12985.783611	0.070979	282161	5.002322	6.382300	600x600	360000	dense	Learned	6518	15	56	55724	27.643697	0.731290	25.722058	0.984851	0.616429	0.317196	1279	2236	0.000000	39	55898	29.533032	0.850951	0.990797	27.864061	0.280240	0.606818	1054	22.877898	0.338546	0.938980	19.528747	0.975190	0.569156	-1.592284	0.682803	-3.775223	-0.296036	False	d2_d0002_p0047_t0000
d2_d0002_p0049_t0000.png	0.984705	22.472676	1.000000	0.999686	24.570483	0.399430	39670	15	654	1062	30	2.334467	43.600000	3821	4460	7593.088163	4.269854	0.065602	-0.001765	0.202257	21816.144228	0.814810	15	654	-639	1062	30	2.334467	43.600000	15	162	3821	4460	2729	1.702486	4.269854	7593.088163	0.065602	274252	6.913335	9.074868	600x600	360000	dense	Learned	4021	15	39	39429	26.699349	0.644203	22.958395	0.986469	0.797743	0.777296	115	701	0.000000	23	38640	27.609949	0.736900	0.990372	24.304565	0.715636	0.789160	1446	23.192331	0.345075	0.953314	17.885522	0.940534	0.772998	-0.485719	0.222390	-2.128866	-0.244774	False	d2_d0002_p0049_t0000
d2_d0002_p0050_t0000.png	0.991702	22.707551	1.000000	0.984969	25.330806	0.358200	21820	17	327	553	33	2.314083	19.235294	1974	2284	4347.938526	3.839655	0.060222	0.001919	0.286455	18843.554735	0.727515	17	327	-310	553	33	2.314083	19.235294	17	81	1974	2284	1388	1.903651	3.839655	4347.938526	0.060222	268240	12.293309	16.498625	600x600	360000	sparse	Learned	2094	17	24	20919	26.534685	0.533357	21.874631	0.989783	0.713545	0.611180	69	148	0.000000	14	20836	26.960448	0.579823	0.992200	22.839617	0.703056	0.702506	2891	25.530266	0.356222	0.983786	20.145529	0.707001	0.711850	0.832920	0.373790	-1.203879	-0.175157	False	d2_d0002_p0050_t0000
d2_d0002_p0051_t0000.png	0.978208	23.094682	1.000000	0.999997	23.883995	0.415499	50543	13	900	1505	68	2.335286	69.230769	5291	6178	10942.117959	3.952871	0.075069	-0.006148	0.303597	25138.554335	0.735360	13	900	-887	1505	68	2.335286	69.230769	14	217	5291	6178	3718	1.771142	3.952871	10942.117959	0.075069	273462	5.410482	7.122648	600x600	360000	dense	Learned	5491	14	50	50279	27.148624	0.697712	24.416086	0.984356	0.696403	0.387068	741	1787	0.000000	31	49390	28.427302	0.807094	0.989055	25.894332	0.370385	0.685562	1078	22.720298	0.332242	0.939230	18.589076	0.958926	0.654454	-1.321404	0.612929	-3.264629	-0.282213	False	d2_d0002_p0051_t0000
d2_d0002_p0052_t0000.png	0.963601	24.640106	1.000000	0.999996	24.276557	0.517229	67486	20	1223	2094	112	2.315955	61.150000	7615	8818	16133.082964	4.034933	0.080274	-0.018849	0.444573	26219.230175	0.578402	20	1223	-1203	2094	112	2.315955	61.150000	21	286	7615	8818	5409	1.829563	4.034933	16133.082964	0.080274	276454	4.096464	5.334440	600x600	360000	dense	Learned	7815	21	68	66715	29.390936	0.795379	27.547926	0.982450	0.555427	0.512460	965	4631	0.000000	57	67464	31.990391	0.902031	0.990353	30.255626	0.489467	0.551812	694	22.777632	0.358213	0.905000	20.113558	0.914615	0.467800	-2.907820	0.487536	-5.114379	-0.278150	False	d2_d0002_p0052_t0000
d2_d0002_p0053_t0000.png	0.977258	22.820062	1.000000	0.999979	24.193062	0.413312	48818	14	733	1276	67	2.291093	52.357143	4940	5659	9973.011950	4.255797	0.069350	-0.005606	0.272249	23479.607821	0.760273	14	733	-719	1276	67	2.291093	52.357143	15	186	4940	5659	3597	1.762328	4.255797	9973.011950	0.069350	275018	5.633537	7.374329	600x600	360000	dense	Learned	5140	15	46	48205	26.809633	0.685805	23.897133	0.982864	0.727751	0.362898	691	1414	0.000000	29	47750	28.123929	0.795009	0.988247	25.551250	0.335260	0.719192	1092	22.434081	0.323332	0.932009	18.092341	0.939959	0.685095	-1.077071	0.637081	-2.616571	-0.272493	False	d2_d0002_p0053_t0000
d2_d0002_p0054_t0000.png	0.986999	21.815498	1.000000	0.999967	23.749072	0.359519	37857	11	609	1024	35	2.337758	55.363636	3541	4139	7119.086071	4.195609	0.067838	0.000106	0.176960	21967.110157	0.870775	11	609	-598	1024	35	2.337758	55.363636	11	166	3541	4139	2482	1.720001	4.195609	7119.086071	0.067838	273854	7.233907	9.509470	600x600	360000	dense	Learned	3741	11	34	37727	25.761862	0.622522	21.806006	0.986893	0.823040	0.647820	155	571	0.000000	19	37702	26.746963	0.706565	0.991859	23.685230	0.604117	0.814130	1410	22.611613	0.309203	0.957781	17.330219	0.912287	0.791353	0.009492	0.352147	-2.012790	-0.263003	False	d2_d0002_p0054_t0000
d2_d0002_p0056_t0000.png	0.974625	21.278572	1.000000	1.000000	21.502648	0.329382	60931	11	1090	1771	40	2.364342	99.090909	5923	7002	12097.479574	4.095869	0.072359	-0.004131	0.281239	21224.187374	0.759367	11	1090	-1079	1771	40	2.364342	99.090909	11	273	5923	7002	4112	1.727718	4.095869	12097.479574	0.072359	259749	4.263002	5.908323	600x600	360000	dense	Learned	6123	11	40	60693	23.916523	0.701448	21.988552	0.978756	0.718761	0.407209	1057	3608	0.000000	20	59276	26.241439	0.828076	0.991572	25.910883	0.246605	0.705690	731	19.293277	0.187729	0.903814	15.776356	0.999460	0.685716	-0.709980	0.592791	-2.413874	-0.372066	False	d2_d0002_p0056_t0000
d2_d0002_p0058_t0000.png	0.982083	22.446200	1.000000	1.000000	23.195394	0.383012	49122	6	820	1388	58	2.322057	136.666667	5055	5869	10445.436718	3.844618	0.074540	-0.003507	0.305573	22335.777521	0.743837	6	820	-814	1388	58	2.322057	136.666667	6	195	5055	5869	3609	1.779764	3.844618	10445.436718	0.074540	276647	5.631835	7.328692	600x600	360000	dense	Learned	5255	6	43	47991	26.094062	0.672526	23.295999	0.985589	0.694427	0.808247	265	2755	0.000000	26	48326	27.514780	0.790067	0.990596	25.093858	0.704682	0.685665	1088	22.202622	0.297820	0.945705	17.893716	1.000000	0.660884	-0.849799	0.191753	-2.898667	-0.289514	False	d2_d0002_p0058_t0000
d2_d0002_p0063_t0000.png	0.974520	24.520066	1.000000	1.000000	25.022327	0.540665	55159	7	1050	1780	58	2.336669	150.000000	6196	7239	12984.589884	3.946989	0.078129	-0.011219	0.304288	25372.464895	0.725662	7	1050	-1043	1780	58	2.336669	150.000000	7	262	6196	7239	4358	1.793699	3.946989	12984.589884	0.078129	271961	4.930492	6.526587	600x600	360000	dense	Learned	6396	7	64	54911	29.563272	0.768828	26.855703	0.985740	0.695712	0.671173	427	2644	0.000000	51	54288	31.493493	0.863505	0.991691	29.290486	0.625368	0.689130	1073	23.937719	0.446997	0.936193	20.034489	0.999956	0.648486	-2.335637	0.328827	-4.540945	-0.228162	False	d2_d0002_p0063_t0000
d2_d0002_p0065_t0000.png	0.986740	22.415211	1.000000	0.999999	24.844509	0.437882	36143	8	618	1012	17	2.352703	77.250000	3459	4069	7034.342997	4.234150	0.074017	-0.001549	0.155858	22162.543774	0.898421	8	618	-610	1012	17	2.352703	77.250000	8	171	3459	4069	2430	1.728765	4.234150	7034.342997	0.074017	274904	7.606009	9.960435	600x600	360000	dense	Learned	3659	8	38	35426	27.267397	0.644401	22.955069	0.988289	0.844142	0.926037	43	264	0.000000	26	34890	28.230789	0.732824	0.992501	24.650857	0.842571	0.837173	1401	23.841590	0.392492	0.960829	18.078446	0.995595	0.804272	-0.539858	0.073962	-2.422888	-0.206520	False	d2_d0002_p0065_t0000
d2_d0002_p0066_t0000.png	0.988501	21.913350	1.000000	0.985778	23.147203	0.267132	26523	20	426	681	39	2.363474	21.300000	2234	2640	5261.185351	4.130643	0.070254	0.004690	0.276105	21087.146521	0.756335	20	426	-406	681	39	2.363474	21.300000	20	102	2234	2640	1514	1.992873	4.130643	5261.185351	0.070254	269503	10.161105	13.573125	600x600	360000	sparse	Learned	2354	20	21	25476	24.171638	0.511169	20.672324	0.983811	0.723895	0.359639	304	380	0.000000	9	25962	24.722747	0.559252	0.989981	22.314301	0.284639	0.692093	2169	22.936632	0.244325	0.970717	18.765572	0.675023	0.723978	1.241027	0.626139	-1.024435	-0.244038	False	d2_d0002_p0066_t0000
d2_d0002_p0067_t0000.png	0.979012	22.805584	1.000000	0.999981	23.147455	0.419209	57591	18	984	1688	69	2.323727	54.666667	5968	6934	12749.474524	3.853867	0.081518	-0.006590	0.277727	23354.911566	0.759097	18	984	-966	1688	69	2.323727	54.666667	19	250	5968	6934	4211	1.838690	3.853867	12749.474524	0.081518	281462	4.887257	6.250977	600x600	360000	dense	Learned	6168	19	51	56240	26.624673	0.721343	24.260983	0.985602	0.722273	0.430571	756	2208	0.000000	33	57372	28.600473	0.843851	0.991745	26.706341	0.390888	0.710924	1073	21.412669	0.302503	0.932903	17.653525	0.985067	0.666621	-1.455399	0.569409	-3.477218	-0.302133	False	d2_d0002_p0067_t0000
d2_d0002_p0068_t0000.png	0.972079	23.068269	1.000000	1.000000	23.214605	0.492386	73216	13	1430	2371	70	2.365253	110.000000	7759	9176	16633.659376	3.896146	0.081455	-0.014025	0.255635	25755.600214	0.776410	13	1430	-1417	2371	70	2.365253	110.000000	15	366	7759	9176	5318	1.812735	3.896146	16633.659376	0.081455	286368	3.911276	4.916958	600x600	360000	dense	Learned	7959	15	63	72202	27.840227	0.788242	25.941525	0.986103	0.744365	0.773932	341	2880	0.000000	48	73016	30.895267	0.905319	0.993805	29.500536	0.723360	0.745853	729	19.700364	0.302026	0.894332	16.553599	0.999841	0.662042	-2.873256	0.226068	-4.625622	-0.295857	False	d2_d0002_p0068_t0000
d2_d0002_p0071_t0000.png	0.980778	24.732549	1.000000	1.000000	26.036248	0.534369	42146	9	625	1130	87	2.264094	69.444444	4665	5281	9271.194944	4.072632	0.071819	-0.005978	0.362351	23941.141367	0.668941	9	625	-616	1130	87	2.264094	69.444444	10	135	4665	5281	3448	1.755576	4.072632	9271.194944	0.071819	267763	6.353225	8.541736	600x600	360000	dense	Learned	4865	10	56	41356	29.557149	0.731023	26.245081	0.986756	0.637649	0.419780	437	926	0.000000	46	41306	31.128587	0.815452	0.992758	28.826883	0.336509	0.632858	1413	25.834243	0.494453	0.958662	21.312251	0.949860	0.616039	-1.512532	0.580220	-3.520901	-0.196653	False	d2_d0002_p0071_t0000
d2_d0002_p0073_t0000.png	0.975825	23.481346	1.000000	1.000000	23.389596	0.507688	66841	12	1194	2036	70	2.331000	99.500000	7142	8324	15058.914349	3.903364	0.076726	-0.011694	0.248445	25986.339331	0.801752	12	1194	-1182	2036	70	2.331000	99.500000	12	296	7142	8324	5036	1.809096	3.903364	15058.914349	0.076726	273770	4.095839	5.385916	600x600	360000	dense	Learned	7342	12	63	65909	28.377984	0.783476	26.138589	0.987518	0.751555	0.660440	387	1964	0.000000	48	66128	30.895389	0.890847	0.993778	29.202980	0.595475	0.749589	723	20.122318	0.328979	0.910429	16.758407	0.999401	0.651819	-2.657243	0.339560	-4.988388	-0.275788	False	d2_d0002_p0073_t0000
d2_d0002_p0074_t0000.png	0.987145	22.490802	1.000000	0.998850	24.211430	0.407061	38803	18	588	968	29	2.307112	32.666667	3712	4282	7544.755119	3.983358	0.073761	-0.001255	0.194193	22278.549433	0.856488	18	588	-570	968	29	2.307112	32.666667	18	160	3712	4282	2715	1.761970	3.983358	7544.755119	0.073761	268485	6.919182	9.277633	600x600	360000	dense	Learned	3912	18	38	38075	26.744466	0.645253	22.889920	0.988400	0.805807	0.831362	90	618	0.000000	23	37622	27.590101	0.737691	0.991310	24.136393	0.777941	0.796266	1429	23.400924	0.363499	0.962883	18.158447	0.866535	0.774724	-0.399118	0.167488	-2.533036	-0.238192	False	d2_d0002_p0074_t0000
d2_d0002_p0075_t0000.png	0.983553	23.544334	1.000000	1.000000	24.624233	0.515075	52256	10	1045	1769	40	2.365918	104.500000	5657	6692	11788.592273	3.701085	0.073837	-0.006741	0.244106	21010.852098	0.800386	10	1045	-1035	1769	40	2.365918	104.500000	10	254	5657	6692	3848	1.761595	3.701085	11788.592273	0.073837	263636	5.045086	6.889161	600x600	360000	dense	Learned	5857	10	59	51936	28.854575	0.743045	25.649964	0.990294	0.755894	0.832608	151	1272	0.000000	44	51484	30.704784	0.842801	0.994656	28.289877	0.782170	0.751327	1071	22.714089	0.412833	0.948511	18.081523	0.999827	0.697611	-2.105630	0.167392	-4.230343	-0.227970	False	d2_d0002_p0075_t0000
d2_d0002_p0076_t0000.png	0.992456	22.791773	1.000000	0.999986	26.061056	0.472015	29042	8	534	880	11	2.345825	66.750000	3042	3568	5792.196677	3.839243	0.059716	-0.000519	0.215349	19833.716631	0.779127	8	534	-526	880	11	2.345825	66.750000	8	130	3042	3568	2151	1.623374	3.839243	5792.196677	0.059716	266713	9.183699	12.395841	600x600	360000	dense	Learned	3242	8	37	28922	28.212754	0.639585	23.076763	0.992975	0.784651	0.856733	46	248	0.000000	29	28806	29.190843	0.716150	0.995785	25.192998	0.918748	0.777929	2158	26.049452	0.456624	0.982164	19.640638	0.975545	0.767970	-0.284991	0.143254	-2.151698	-0.167570	False	d2_d0002_p0076_t0000
d2_d0002_p0077_t0000.png	0.982145	22.384034	1.000000	1.000000	23.600090	0.362344	43286	3	745	1306	66	2.332959	248.333333	4457	5199	9165.686983	4.046369	0.067443	-0.002658	0.314424	23556.915522	0.715215	3	745	-742	1306	66	2.332959	248.333333	4	182	4457	5199	3085	1.762971	4.046369	9165.686983	0.067443	276412	6.385714	8.316777	600x600	360000	dense	Learned	4657	4	40	43282	26.060596	0.646785	22.989629	0.984803	0.685576	0.444145	447	1238	0.000000	23	43012	27.116789	0.749539	0.989848	24.601278	0.373475	0.676264	1445	23.007259	0.306301	0.952943	18.552646	0.967462	0.672292	-0.605594	0.555855	-2.460506	-0.284441	False	d2_d0002_p0077_t0000
d2_d0002_p0078_t0000.png	0.981053	22.507905	1.000000	0.998371	22.626025	0.344260	48209	25	772	1311	82	2.308423	30.880000	4844	5591	9937.287440	3.930154	0.078134	-0.002220	0.475613	21905.260563	0.620217	25	772	-747	1311	82	2.308423	30.880000	25	172	4844	5591	3451	1.777372	3.930154	9937.287440	0.078134	283020	5.870688	7.467485	600x600	360000	dense	Learned	5044	25	39	47692	25.234205	0.659395	22.947038	0.983274	0.524387	0.238830	2242	2943	0.000000	23	47896	26.695385	0.783004	0.990121	25.135620	0.220697	0.510900	1095	21.929958	0.262028	0.947301	18.408559	0.939819	0.500986	-0.439133	0.759541	-2.608180	-0.315135	False	d2_d0002_p0078_t0000
d2_d0002_p0079_t0000.png	0.982789	22.138561	1.000000	0.999996	22.301112	0.299873	41800	11	663	1147	75	2.308785	60.272727	4223	4875	8432.783689	4.067193	0.071685	0.000469	0.519094	22073.818445	0.474804	11	663	-652	1147	75	2.308785	60.272727	11	133	4223	4875	3001	1.729802	4.067193	8432.783689	0.071685	277685	6.643182	8.612440	600x600	360000	dense	Learned	4423	11	33	41514	24.621216	0.612156	22.013576	0.982320	0.480906	0.421207	978	2802	0.000000	17	41560	25.787354	0.725612	0.989335	23.904548	0.379832	0.473375	1452	22.437021	0.243423	0.956755	19.042991	0.998780	0.469205	0.124985	0.578790	-2.320105	-0.312283	False	d2_d0002_p0079_t0000
d2_d0002_p0080_t0000.png	0.974612	22.082633	1.000000	1.000000	21.840561	0.358601	59370	9	1077	1818	62	2.350681	119.666667	6091	7159	12790.584264	3.960201	0.082089	-0.005902	0.431496	22511.481285	0.596459	9	1077	-1068	1818	62	2.350681	119.666667	9	232	6091	7159	4211	1.786644	3.960201	12790.584264	0.082089	280864	4.730739	6.063669	600x600	360000	dense	Learned	6291	9	44	59109	25.012233	0.708005	23.067054	0.980514	0.568504	0.518240	1098	5429	0.000000	25	58338	27.241463	0.836015	0.990405	26.095382	0.404928	0.559830	1086	20.966163	0.242605	0.925639	17.864120	1.000000	0.544634	-0.984420	0.481760	-3.171671	-0.349404	False	d2_d0002_p0080_t0000
d2_d0002_p0081_t0000.png	0.982408	21.432971	1.000000	0.999891	22.724111	0.301655	42109	12	655	1065	29	2.328480	54.583333	3915	4558	7561.439021	4.330882	0.067550	0.001638	0.243091	22451.064587	0.776807	12	655	-643	1065	29	2.328480	54.583333	13	145	3915	4558	2821	1.658938	4.330882	7561.439021	0.067550	268796	6.383338	8.549241	600x600	360000	dense	Learned	4115	13	31	41009	24.246598	0.608006	21.096723	0.980770	0.756909	0.501225	341	1150	0.000000	15	41146	25.584846	0.707333	0.990923	24.158027	0.351106	0.738027	1453	21.655737	0.238604	0.943809	17.166117	0.985637	0.736390	0.336248	0.498665	-1.522488	-0.306351	False	d2_d0002_p0081_t0000
d2_d0002_p0082_t0000.png	0.989526	21.778497	1.000000	0.999994	23.377991	0.265807	25998	7	489	788	19	2.412318	69.857143	2338	2820	5323.398554	3.889499	0.058286	0.004156	0.301369	18177.646399	0.720710	7	489	-482	788	19	2.412318	69.857143	7	115	2338	2820	1531	1.887730	3.889499	5323.398554	0.058286	246000	9.462266	13.847219	600x600	360000	sparse	Learned	2458	7	21	25036	24.231829	0.504335	20.343540	0.985370	0.698631	0.825825	52	333	0.000000	9	24772	24.874416	0.542804	0.992258	22.543947	0.604684	0.677009	2173	23.033935	0.245627	0.975259	18.321808	0.986157	0.696844	1.434957	0.174170	-0.853837	-0.238528	False	d2_d0002_p0082_t0000
d2_d0002_p0083_t0000.png	0.981911	22.709766	1.000000	1.000000	23.859044	0.416382	47746	7	933	1555	55	2.371589	133.285714	4984	5910	10493.929919	3.901033	0.078404	-0.004574	0.290923	22765.624285	0.748940	7	933	-926	1555	55	2.371589	133.285714	8	208	4984	5910	3374	1.775623	3.901033	10493.929919	0.078404	274989	5.759414	7.539899	600x600	360000	dense	Learned	5184	8	46	47645	26.864621	0.685062	23.826813	0.986485	0.709077	0.757780	258	2044	0.000000	29	46838	28.064597	0.795003	0.990305	25.238703	0.716684	0.703916	1065	22.700648	0.333447	0.945881	18.220530	0.966060	0.674201	-1.117047	0.242220	-3.005577	-0.268680	False	d2_d0002_p0083_t0000
d2_d0002_p0084_t0000.png	0.974923	23.046448	1.000000	0.999994	22.240235	0.361218	61002	16	1042	1853	104	2.316081	65.125000	6492	7518	13570.465866	3.992707	0.078982	-0.006447	0.489424	24674.739361	0.651515	16	1042	-1026	1853	104	2.316081	65.125000	18	240	6492	7518	4535	1.805063	3.992707	13570.465866	0.078982	292887	4.801269	5.901446	600x600	360000	dense	Learned	6692	18	48	59685	25.627850	0.718983	24.166537	0.981370	0.510576	0.262508	2902	4802	0.000000	29	59574	27.921301	0.851945	0.990864	27.101911	0.232654	0.495065	733	21.086730	0.233896	0.929150	18.427719	0.999990	0.448287	-1.120090	0.737486	-3.387615	-0.357765	False	d2_d0002_p0084_t0000
d2_d0002_p0088_t0000.png	0.980329	23.810302	1.000000	0.999997	23.586044	0.399603	46462	13	811	1377	60	2.320546	62.384615	4979	5777	10356.054034	3.841563	0.078549	-0.004255	0.535887	23040.416479	0.472026	13	811	-798	1377	60	2.320546	62.384615	13	187	4979	5777	3542	1.792635	3.841563	10356.054034	0.078549	280659	6.040614	7.748267	600x600	360000	dense	Learned	5179	13	47	45840	27.205387	0.683998	24.800515	0.984585	0.464113	0.471704	726	2519	0.000000	31	46150	28.379908	0.798134	0.989130	26.052041	0.444943	0.459340	1057	23.665859	0.336014	0.954529	20.077026	0.982265	0.439639	-0.990212	0.528293	-3.619343	-0.284395	False	d2_d0002_p0088_t0000
d2_d0002_p0091_t0000.png	0.983438	22.670173	1.000000	1.000000	23.093755	0.422073	52087	11	728	1268	72	2.271591	66.181818	5280	5997	10673.769763	3.737932	0.081393	-0.004447	0.363494	21210.185289	0.696659	11	728	-717	1268	72	2.271591	66.181818	11	168	5280	5997	3940	1.779852	3.737932	10673.769763	0.081393	266391	5.114347	6.911513	600x600	360000	dense	Learned	5480	11	48	51421	26.709099	0.701658	23.923163	0.987885	0.636506	0.706461	362	2678	0.000000	31	51458	28.310865	0.820971	0.992432	25.917337	0.626921	0.631398	1061	21.882319	0.323231	0.946185	17.508765	0.998383	0.590400	-1.252991	0.293539	-3.615344	-0.279585	False	d2_d0002_p0091_t0000
d2_d0002_p0092_t0000.png	0.986579	22.043486	1.000000	0.999996	22.699055	0.334195	41126	10	618	1061	48	2.308551	61.800000	3941	4549	7810.901438	3.879715	0.075209	-0.000102	0.334455	20410.642862	0.749691	10	618	-608	1061	48	2.308551	61.800000	10	132	3941	4549	2832	1.717059	3.879715	7810.901438	0.075209	271751	6.607766	8.753587	600x600	360000	dense	Learned	4141	10	34	40229	25.272360	0.620720	22.063168	0.986681	0.665545	0.522527	372	1381	0.000000	19	41084	26.450848	0.729151	0.991722	24.038557	0.452989	0.651847	1447	22.312478	0.279155	0.960990	17.665546	0.939569	0.634704	-0.019683	0.477470	-2.573305	-0.286526	False	d2_d0002_p0092_t0000
d2_d0002_p0093_t0000.png	0.989370	22.643219	1.000000	0.999998	23.925125	0.397939	36899	9	543	924	58	2.287561	60.333333	3714	4248	7264.372434	3.635541	0.072647	-0.000822	0.376650	18399.777174	0.685021	9	543	-534	924	58	2.287561	60.333333	9	109	3714	4248	2732	1.710069	3.635541	7264.372434	0.072647	269038	7.291200	9.756362	600x600	360000	dense	Learned	3914	9	37	36018	26.752235	0.632731	22.971720	0.990191	0.623350	0.863241	130	1267	0.000000	24	36532	27.683489	0.732456	0.993117	24.386373	0.856909	0.618439	1443	23.956687	0.353371	0.971884	18.821515	0.998551	0.602870	-0.328501	0.136756	-2.827109	-0.234792	False	d2_d0002_p0093_t0000
d2_d0002_p0094_t0000.png	0.977326	24.030562	1.000000	0.999957	24.401517	0.456516	51937	19	903	1566	88	2.307692	47.526316	5746	6630	11760.298767	3.895234	0.073426	-0.007517	0.463199	24147.244453	0.554927	19	903	-884	1566	88	2.307692	47.526316	19	204	5746	6630	4092	1.773801	3.895234	11760.298767	0.073426	277593	5.344802	6.931475	600x600	360000	dense	Learned	5946	19	56	51329	28.079783	0.723959	25.616642	0.984843	0.536801	0.392585	1153	3311	0.000000	41	51882	29.830633	0.839290	0.990720	27.743083	0.341629	0.529765	1091	23.791082	0.377638	0.944665	20.109108	0.997835	0.503888	-1.586080	0.607372	-3.678266	-0.267443	False	d2_d0002_p0094_t0000
d2_d0002_p0095_t0000.png	0.978155	22.137248	1.000000	0.999981	21.868198	0.383542	60153	18	843	1462	78	2.274269	46.833333	6016	6841	12416.712980	3.794776	0.079156	-0.006222	0.332246	21478.366852	0.738091	18	843	-825	1462	78	2.274269	46.833333	19	193	6016	6841	4476	1.815044	3.794776	12416.712980	0.079156	277781	4.617908	5.984739	600x600	360000	dense	Learned	6216	19	47	59665	25.518340	0.716233	23.430707	0.984377	0.667754	0.624062	563	3559	0.000000	28	59520	27.721424	0.842575	0.991882	26.276699	0.468381	0.660546	701	20.076444	0.242539	0.926649	16.419746	0.999327	0.598598	-1.293459	0.375919	-3.650142	-0.332691	False	d2_d0002_p0095_t0000
d2_d0002_p0096_t0000.png	0.985485	22.428978	1.000000	0.999999	23.051372	0.408011	51601	13	905	1547	58	2.338199	69.615385	5275	6167	11056.732316	3.552333	0.084820	-0.003683	0.300447	19862.181425	0.747684	13	905	-892	1547	58	2.338199	69.615385	13	200	5275	6167	3670	1.792887	3.552333	11056.732316	0.084820	278212	5.391601	6.976609	600x600	360000	dense	Learned	5475	13	46	51413	26.424795	0.694619	23.590378	0.989168	0.699553	0.793616	252	2436	0.000000	29	50468	27.986978	0.811339	0.993112	25.552458	0.726653	0.691762	991	21.416257	0.301531	0.948797	16.889445	0.999221	0.643836	-1.161400	0.206383	-3.373423	-0.286608	False	d2_d0002_p0096_t0000
d2_d0002_p0097_t0000.png	0.978240	21.852618	1.000000	0.999991	22.203406	0.319777	50360	14	710	1248	68	2.284546	50.714286	4892	5588	9921.410240	4.139171	0.078176	-0.001734	0.324607	22958.662271	0.735150	14	710	-696	1248	68	2.284546	50.714286	14	169	4892	5588	3576	1.775485	4.139171	9921.410240	0.078176	274405	5.448868	7.148531	600x600	360000	dense	Learned	5092	14	37	48885	24.553925	0.651796	22.144677	0.979974	0.675393	0.433204	838	2990	0.000000	20	49754	26.231070	0.774664	0.990132	25.011410	0.264252	0.652272	1074	21.287143	0.227089	0.935175	17.635212	0.995637	0.663777	-0.292059	0.566787	-2.350520	-0.332019	False	d2_d0002_p0097_t0000
d2_d0002_p0098_t0000.png	0.977148	22.122005	1.000000	1.000000	22.712165	0.331490	52466	10	923	1527	55	2.338086	92.300000	5401	6314	10987.449482	4.025734	0.071587	-0.003028	0.348877	22995.141983	0.695005	10	923	-913	1527	55	2.338086	92.300000	10	224	5401	6314	3819	1.740173	4.025734	10987.449482	0.071587	272843	5.200377	6.861587	600x600	360000	dense	Learned	5601	10	40	51267	24.933813	0.667299	22.673871	0.980176	0.651123	0.272321	1672	3126	0.000000	22	51408	26.674306	0.790393	0.989484	25.335001	0.206818	0.628676	1062	21.457221	0.231509	0.930154	17.721803	0.994849	0.651830	-0.551866	0.727679	-2.221648	-0.335809	False	d2_d0002_p0098_t0000
d2_d0002_p0099_t0000.png	0.981812	22.336880	1.000000	0.988772	21.347676	0.267614	44573	31	623	1079	111	2.265590	20.096774	4458	5050	8789.070053	3.880028	0.077008	0.001292	0.687657	22242.837667	0.289454	31	623	-592	1079	111	2.265590	20.096774	32	134	4458	5050	3268	1.740410	3.880028	8789.070053	0.077008	290645	6.520652	8.076638	600x600	360000	dense	Learned	4658	32	31	44108	23.686988	0.621001	22.081400	0.980520	0.312343	0.376897	1840	4516	0.000000	14	43726	24.931727	0.738358	0.988541	24.160251	0.338233	0.310972	1439	21.347623	0.205329	0.953076	18.819973	0.997049	0.303902	0.255480	0.611875	-2.339312	-0.353387	False	d2_d0002_p0099_t0000
d2_d0002_p0100_t0000.png	0.976748	21.775723	1.000000	1.000000	22.311193	0.312599	52998	7	879	1479	35	2.333908	125.571429	5223	6095	10690.912953	4.141219	0.072926	-0.001813	0.308471	23358.778000	0.706836	7	879	-872	1479	35	2.333908	125.571429	8	231	5223	6095	3709	1.754046	4.141219	10690.912953	0.072926	273750	5.165289	6.792709	600x600	360000	dense	Learned	5423	8	37	51476	24.256337	0.660698	22.079639	0.978561	0.691529	0.464197	667	2729	0.000000	20	52396	26.242267	0.792221	0.991041	25.693729	0.260800	0.671689	1094	20.771558	0.214095	0.925187	17.079278	0.998432	0.698286	-0.303917	0.535803	-1.945144	-0.348100	False	d2_d0002_p0100_t0000
d2_d0002_p0101_t0000.png	0.978570	22.307587	1.000000	0.999587	22.343256	0.294393	46916	20	719	1253	67	2.294378	35.950000	4749	5448	9609.302592	3.960224	0.073178	-0.000819	0.497200	23983.098745	0.541183	20	719	-699	1253	67	2.294378	35.950000	20	184	4749	5448	3429	1.763822	3.960224	9609.302592	0.073178	273719	5.834236	7.673288	600x600	360000	dense	Learned	4949	20	35	46241	24.495576	0.634275	22.412656	0.979389	0.502800	0.273904	1920	3377	0.000000	17	45612	25.766538	0.744973	0.988105	24.657794	0.219587	0.482273	1075	21.641567	0.213891	0.940673	18.227045	0.958452	0.481895	-0.105070	0.725683	-2.152320	-0.339883	False	d2_d0002_p0101_t0000
d2_d0002_p0102_t0000.png	0.982421	21.373510	1.000000	0.999902	22.011213	0.271623	43114	13	617	1033	32	2.295282	47.461538	4091	4695	7998.179239	4.132805	0.067107	0.002779	0.306777	21354.866266	0.704319	13	617	-604	1033	32	2.295282	47.461538	14	161	4091	4695	3026	1.703553	4.132805	7998.179239	0.067107	267491	6.204272	8.349956	600x600	360000	dense	Learned	4291	14	29	42125	23.472331	0.601727	20.717205	0.979641	0.693223	0.631212	292	1765	0.000000	13	41402	24.851481	0.705055	0.991790	24.435377	0.292026	0.665585	1417	20.897869	0.200878	0.941240	16.649059	0.948181	0.705147	0.656304	0.368689	-1.461118	-0.330104	False	d2_d0002_p0102_t0000
d2_d0002_p0103_t0000.png	0.983516	21.381310	1.000000	1.000000	22.083577	0.260403	37128	8	631	1068	27	2.391824	78.875000	3180	3803	7659.620126	4.046199	0.068731	0.004664	0.305364	20747.741222	0.690796	8	631	-623	1068	27	2.391824	78.875000	8	161	3180	3803	2085	2.014099	4.046199	7659.620126	0.068731	267473	7.204078	9.696186	600x600	360000	sparse	Learned	3300	8	25	36467	23.214186	0.567354	20.323216	0.978852	0.694636	0.572048	263	1162	0.000000	10	36248	24.358041	0.663665	0.991013	23.761177	0.241891	0.662227	1414	21.011017	0.199956	0.947668	16.781405	0.964179	0.697700	1.058094	0.427951	-1.130609	-0.306951	False	d2_d0002_p0103_t0000
d2_d0002_p0104_t0000.png	0.974055	24.556047	1.000000	1.000000	25.638337	0.539114	49279	5	898	1541	79	2.318530	179.600000	5607	6500	11242.494377	4.229414	0.060394	-0.010267	0.316516	26088.192225	0.707909	5	898	-893	1541	79	2.318530	179.600000	6	209	5607	6500	3987	1.729615	4.229414	11242.494377	0.060394	267922	5.436839	7.305343	600x600	360000	dense	Learned	5807	6	61	48362	29.564701	0.752298	26.536686	0.984322	0.683484	0.527051	438	1434	0.000000	51	49200	31.597954	0.847428	0.992002	29.429449	0.418116	0.678588	1081	25.118986	0.477893	0.943450	20.901959	0.999990	0.663672	-1.980638	0.472949	-3.926364	-0.213184	False	d2_d0002_p0104_t0000
d2_d0002_p0105_t0000.png	0.991631	22.198876	1.000000	0.999995	24.453242	0.329636	22250	6	356	622	32	2.347567	59.333333	2014	2364	4545.874601	4.064842	0.058123	0.002897	0.254805	18995.351553	0.767242	6	356	-350	622	32	2.347567	59.333333	6	88	2014	2364	1360	1.922959	4.064842	4545.874601	0.058123	269034	12.091416	16.179775	600x600	360000	sparse	Learned	2134	6	22	21124	25.731496	0.517518	21.147214	0.988734	0.745195	0.502152	126	204	0.000000	11	21086	26.075188	0.554910	0.990733	21.803791	0.632244	0.736062	2858	24.702729	0.327888	0.982043	19.555305	0.827288	0.744652	1.051662	0.497843	-1.278255	-0.187883	False	d2_d0002_p0105_t0000
d2_d0002_p0106_t0000.png	0.986643	24.582229	1.000000	0.994725	25.449158	0.459102	31856	20	423	733	85	2.229303	21.150000	3515	3918	6623.981373	3.824751	0.068218	-0.001593	0.637583	21864.470482	0.358636	20	423	-403	733	85	2.229303	21.150000	21	91	3515	3918	2697	1.690654	3.824751	6623.981373	0.068218	271383	8.519054	11.300854	600x600	360000	dense	Learned	3715	21	40	30951	28.273205	0.659423	25.064991	0.988236	0.362417	0.343694	904	1351	0.000000	31	30462	28.977207	0.732531	0.991413	26.223720	0.305877	0.354224	1815	26.239723	0.444960	0.974552	22.161665	0.858199	0.356474	-0.482762	0.651031	-2.824047	-0.200320	False	d2_d0002_p0106_t0000
d2_d0002_p0107_t0000.png	0.982942	23.993804	1.000000	0.999999	25.346915	0.476334	40208	10	614	1059	51	2.272809	61.400000	4428	5032	8603.398913	4.016570	0.065640	-0.003863	0.484696	23834.328651	0.528770	10	614	-604	1059	51	2.272809	61.400000	10	150	4428	5032	3318	1.709737	4.016570	8603.398913	0.065640	267255	6.646812	8.953442	600x600	360000	dense	Learned	4628	10	48	39658	28.258003	0.691997	24.981932	0.986805	0.515304	0.338645	918	1569	0.000000	36	39694	29.428402	0.787344	0.991486	26.734336	0.310411	0.511107	1447	25.200345	0.434916	0.961962	20.753847	0.937912	0.496026	-0.988128	0.661355	-2.911087	-0.215663	False	d2_d0002_p0107_t0000
d2_d0002_p0108_t0000.png	0.979340	23.060129	1.000000	0.999988	23.446675	0.334489	44070	13	736	1254	52	2.313055	56.615385	4619	5342	9135.370046	4.097054	0.059250	-0.001786	0.404606	22817.334175	0.647263	13	736	-723	1254	52	2.313055	56.615385	13	182	4619	5342	3313	1.710103	4.097054	9135.370046	0.059250	285359	6.475130	8.168822	600x600	360000	dense	Learned	4819	13	38	43308	25.731004	0.639209	23.450422	0.981126	0.595394	0.199010	1531	1261	0.000000	21	43096	26.685855	0.741309	0.987450	24.873078	0.180378	0.579097	1453	23.138912	0.283107	0.950469	19.656457	0.899500	0.589025	-0.390293	0.800978	-2.284329	-0.304721	False	d2_d0002_p0108_t0000
d2_d0002_p0109_t0000.png	0.986121	23.220040	1.000000	0.999994	24.793834	0.439826	38476	11	660	1137	49	2.317981	60.000000	4082	4731	8219.776547	3.919464	0.069442	-0.002470	0.396729	21184.176207	0.718987	11	660	-649	1137	49	2.317981	60.000000	11	160	4082	4731	2896	1.737429	3.919464	8219.776547	0.069442	271662	7.060557	9.356482	600x600	360000	dense	Learned	4282	11	43	38399	27.476830	0.665674	23.967075	0.988591	0.603271	0.323688	917	1436	0.000000	30	38472	28.450394	0.765398	0.991999	25.440439	0.299188	0.591396	1387	24.437708	0.394076	0.964674	19.671046	0.989550	0.581952	-0.747036	0.676306	-2.682996	-0.225848	False	d2_d0002_p0109_t0000
d2_d0002_p0110_t0000.png	0.992448	22.199048	1.000000	0.998702	24.286895	0.336824	23400	12	317	566	44	2.287600	26.416667	2121	2426	4767.306058	3.736287	0.063190	0.001922	0.340358	17550.600767	0.682331	12	317	-305	566	44	2.287600	26.416667	12	77	2121	2426	1511	1.965089	3.736287	4767.306058	0.063190	266684	11.396752	15.384615	600x600	360000	sparse	Learned	2241	12	24	23162	25.796740	0.531752	21.252817	0.990527	0.659642	0.806088	57	292	0.000000	12	22026	26.171943	0.568351	0.992716	22.071627	0.804887	0.653001	2517	24.661581	0.328683	0.984276	19.415283	0.972631	0.653706	0.946231	0.192614	-1.509845	-0.194928	False	d2_d0002_p0110_t0000
d2_d0002_p0113_t0000.png	0.966564	23.345666	1.000000	1.000000	23.130290	0.426164	59222	15	1343	2244	91	2.474710	89.533333	5595	6923	15334.771347	4.055042	0.084461	-0.009952	0.361865	24691.091537	0.683380	15	1343	-1328	2244	91	2.474710	89.533333	16	303	5595	6923	3260	2.215047	4.055042	15334.771347	0.084461	285533	4.821401	6.078822	600x600	360000	sparse	Learned	5715	16	52	59092	26.578234	0.730767	24.766382	0.976516	0.638135	0.312389	1763	3488	0.000000	32	57566	28.430284	0.843406	0.986563	27.100583	0.280744	0.627046	1061	21.563171	0.294526	0.904372	18.523087	0.893393	0.608112	-1.420716	0.687611	-3.447944	-0.304604	False	d2_d0002_p0113_t0000
d2_d0002_p0114_t0000.png	0.972782	23.172217	1.000000	1.000000	24.190096	0.428646	53308	9	1050	1766	64	2.363351	116.666667	5730	6771	11931.085563	4.223651	0.069866	-0.009094	0.266391	26804.555178	0.764536	9	1050	-1041	1766	64	2.363351	116.666667	9	250	5730	6771	3900	1.762086	4.223651	11931.085563	0.069866	272313	5.108295	6.753208	600x600	360000	dense	Learned	5930	9	53	53245	27.286545	0.708040	24.716501	0.981876	0.733609	0.600412	433	2113	0.000000	34	52556	28.844537	0.827830	0.987789	26.384435	0.538122	0.727547	1079	23.025751	0.343751	0.927865	19.061706	1.000000	0.715945	-1.544284	0.399588	-3.096449	-0.279394	False	d2_d0002_p0114_t0000
d2_d0002_p0116_t0000.png	0.965451	23.059652	1.000000	1.000000	21.954112	0.408815	78705	19	1332	2315	158	2.306311	70.105263	8573	9886	17830.980640	3.926316	0.076757	-0.015819	0.486172	27822.410822	0.584786	19	1332	-1313	2315	158	2.306311	70.105263	20	278	8573	9886	6100	1.803660	3.926316	17830.980640	0.076757	293617	3.730602	4.574042	600x600	360000	dense	Learned	8773	20	60	78192	26.435568	0.795067	25.435345	0.981271	0.513828	0.334682	3156	8654	0.000000	43	78460	30.245904	0.918922	0.992722	29.619414	0.328048	0.510846	699	20.433493	0.226168	0.898760	18.214713	0.999999	0.460714	-2.375692	0.665317	-4.481456	-0.386253	False	d2_d0002_p0116_t0000
d2_d0002_p0117_t0000.png	0.969368	23.101023	1.000000	1.000000	22.398300	0.400846	72155	13	1270	2199	84	2.319603	97.692308	7866	9123	16428.293209	3.870692	0.078218	-0.012205	0.433408	26421.883583	0.659581	13	1270	-1257	2199	84	2.319603	97.692308	13	290	7866	9123	5583	1.800756	3.870692	16428.293209	0.078218	290227	4.022271	4.989259	600x600	360000	dense	Learned	8066	13	57	70831	26.348205	0.766872	25.096940	0.981573	0.566592	0.249159	3344	5615	0.000000	38	71254	29.634213	0.898074	0.992396	28.968060	0.227378	0.559446	727	20.822070	0.238602	0.912697	18.327586	0.999999	0.503322	-1.995917	0.750841	-3.949905	-0.366027	False	d2_d0002_p0117_t0000
d2_d0002_p0118_t0000.png	0.986583	21.933095	1.000000	1.000000	23.293737	0.320727	37199	4	598	1016	42	2.322038	149.500000	3689	4283	7349.689847	3.980032	0.068141	0.000973	0.310812	20779.250622	0.718421	4	598	-594	1016	42	2.322038	149.500000	5	129	3689	4283	2631	1.716014	3.980032	7349.689847	0.068141	271259	7.292105	9.677680	600x600	360000	dense	Learned	3889	5	31	36131	25.113214	0.593644	21.644219	0.985611	0.689188	0.626213	231	1064	0.000000	16	36494	26.093287	0.677272	0.991283	23.610687	0.520458	0.674443	1454	22.792162	0.273790	0.962498	17.968544	0.916433	0.663593	0.288876	0.373787	-1.819477	-0.272917	False	d2_d0002_p0118_t0000
d2_d0002_p0121_t0000.png	0.989213	23.444231	1.000000	0.999718	25.416631	0.397975	22750	10	347	590	33	2.312182	34.700000	2159	2496	4905.791340	4.043718	0.061443	0.001288	0.362830	19379.278421	0.655279	10	347	-337	590	33	2.312182	34.700000	10	82	2159	2496	1536	1.965461	4.043718	4905.791340	0.061443	269865	11.862198	15.824176	600x600	360000	sparse	Learned	2279	10	27	21836	27.302621	0.568393	23.031028	0.987925	0.637170	0.371503	217	307	0.000000	19	21618	27.729582	0.616061	0.990876	24.090263	0.351628	0.621210	2518	26.119404	0.393523	0.979686	21.260943	0.617892	0.642849	0.413203	0.628215	-1.885990	-0.170417	False	d2_d0002_p0121_t0000
d2_d0002_p0122_t0000.png	0.988812	23.361993	1.000000	0.999975	25.555800	0.480607	32853	10	538	936	42	2.309587	53.800000	3411	3939	6644.943935	3.970252	0.068289	-0.001661	0.292072	19919.635057	0.722493	10	538	-528	936	42	2.309587	53.800000	10	132	3411	3939	2433	1.686962	3.970252	6644.943935	0.068289	269729	8.210179	10.957903	600x600	360000	dense	Learned	3611	10	41	32465	28.416201	0.665140	23.964338	0.990473	0.707928	0.704960	124	470	0.000000	33	31504	29.463362	0.737945	0.994353	26.106833	0.674703	0.700382	1753	25.775323	0.453994	0.973871	20.123132	0.943790	0.690497	-0.602345	0.295015	-2.860400	-0.184533	False	d2_d0002_p0122_t0000
d2_d0002_p0123_t0000.png	0.979806	22.243990	1.000000	1.000000	23.865276	0.426942	50717	8	969	1590	21	2.386176	121.125000	4977	5938	10270.984591	4.220031	0.069169	-0.005595	0.205740	22736.912727	0.838483	8	969	-961	1590	21	2.386176	121.125000	9	240	4977	5938	3366	1.729704	4.220031	10270.984591	0.069169	277513	5.471794	7.098212	600x600	360000	dense	Learned	5177	9	47	50692	26.686941	0.696759	23.546591	0.985401	0.794260	0.765937	171	1095	0.000000	30	50384	28.246609	0.811210	0.991440	25.772373	0.683402	0.789138	1071	21.665829	0.330211	0.932294	17.031906	0.999696	0.726848	-1.302601	0.234063	-2.821665	-0.269816	False	d2_d0002_p0123_t0000
d2_d0002_p0132_t0000.png	0.979319	25.998515	1.000000	1.000000	25.287172	0.603862	46914	8	825	1426	80	2.306970	103.125000	5323	6140	11184.654106	3.960876	0.080566	-0.008405	0.414248	24034.036636	0.621092	8	825	-817	1426	80	2.306970	103.125000	8	181	5323	6140	3817	1.821605	3.960876	11184.654106	0.080566	261235	5.568380	7.673616	600x600	360000	dense	Learned	5523	8	66	46572	31.133544	0.790611	28.175212	0.987724	0.585752	0.735930	253	1446	0.000000	62	46664	32.970550	0.861076	0.993333	30.792763	0.628312	0.580652	1091	26.011381	0.552617	0.956454	22.041355	0.999954	0.562075	-2.176697	0.264070	-5.846372	-0.186750	False	d2_d0002_p0132_t0000
d2_d0002_p0135_t0000.png	0.978345	21.984369	1.000000	0.999957	22.507959	0.348636	51674	15	892	1499	54	2.334733	59.466667	5240	6117	10627.027555	4.081130	0.068558	-0.003711	0.415858	23501.904011	0.615412	15	892	-877	1499	54	2.334733	59.466667	17	230	5240	6117	3687	1.737294	4.081130	10627.027555	0.068558	276171	5.344487	6.966753	600x600	360000	dense	Learned	5440	17	41	51468	25.182854	0.674257	22.705264	0.982056	0.584142	0.397835	1052	3074	0.000000	23	51482	26.895456	0.796788	0.990147	25.185600	0.351855	0.575346	1072	21.438439	0.257826	0.936206	17.667310	0.999906	0.557268	-0.720894	0.602122	-2.674895	-0.325620	False	d2_d0002_p0135_t0000
d2_d0002_p0136_t0000.png	0.978903	21.432883	1.000000	0.999790	22.335332	0.363000	58403	20	896	1491	36	2.303009	44.800000	5782	6658	11555.556559	3.980198	0.067998	-0.004881	0.214998	22261.317015	0.834352	20	896	-876	1491	36	2.303009	44.800000	22	257	5782	6658	4255	1.735590	3.980198	11555.556559	0.067998	263027	4.503656	6.164067	600x600	360000	dense	Learned	5982	22	43	58353	24.843860	0.704022	22.466797	0.983784	0.785002	0.624901	425	2492	0.000000	23	56758	26.881910	0.818820	0.992547	25.769645	0.403756	0.778622	1081	20.157374	0.245157	0.923947	16.177905	0.998476	0.720337	-1.033914	0.374889	-2.508528	-0.341022	False	d2_d0002_p0136_t0000
d2_d0002_p0140_t0000.png	0.974839	24.243044	1.000000	1.000000	24.197419	0.580158	71150	7	1407	2343	51	2.356597	201.000000	7852	9252	16681.756195	3.787608	0.078458	-0.015006	0.238701	26573.405266	0.801871	7	1407	-1400	2343	51	2.356597	201.000000	7	360	7852	9252	5458	1.803043	3.787608	16681.756195	0.078458	276385	3.884540	5.059733	600x600	360000	dense	Learned	8052	7	71	70773	30.182399	0.823231	27.921837	0.989845	0.761299	0.685381	327	1691	0.000000	65	70462	32.939005	0.915610	0.994756	30.966670	0.621570	0.760879	720	20.704100	0.379878	0.909719	17.426324	0.999999	0.665778	-3.678793	0.314619	-5.984980	-0.243074	False	d2_d0002_p0140_t0000
d2_d0002_p0141_t0000.png	0.987188	22.311293	1.000000	1.000000	24.370682	0.441820	38158	8	636	1058	13	2.337453	79.500000	3722	4350	7569.965363	4.195519	0.072641	-0.001760	0.188803	21688.112736	0.862806	8	636	-628	1058	13	2.337453	79.500000	8	174	3722	4350	2651	1.740222	4.195519	7569.965363	0.072641	275291	7.214503	9.434457	600x600	360000	dense	Learned	3922	8	40	37456	27.158787	0.657389	22.880398	0.988948	0.811197	0.961062	38	301	0.000000	26	36472	28.171805	0.747153	0.992927	24.627482	0.848062	0.806646	1434	23.547166	0.392771	0.961311	17.929544	0.991754	0.770365	-0.569105	0.038937	-2.788105	-0.215569	False	d2_d0002_p0141_t0000
d2_d0002_p0142_t0000.png	0.981026	24.204415	1.000000	0.999998	25.220064	0.521741	47295	12	858	1455	62	2.328352	71.500000	5153	5999	10600.079287	3.946025	0.070046	-0.006531	0.292283	23029.877186	0.732063	12	858	-846	1455	62	2.328352	71.500000	13	216	5153	5999	3636	1.766974	3.946025	10600.079287	0.070046	272381	5.759192	7.611798	600x600	360000	dense	Learned	5353	13	57	46466	29.167397	0.734035	25.935133	0.987558	0.707717	0.421860	466	982	0.000000	44	46080	30.776122	0.826749	0.992745	28.326533	0.370118	0.702303	1094	23.880351	0.445982	0.949142	19.318932	0.952684	0.658523	-1.730718	0.578138	-3.947332	-0.212293	False	d2_d0002_p0142_t0000
d2_d0002_p0145_t0000.png	0.975318	24.352821	1.000000	1.000000	24.527358	0.459050	51440	9	865	1514	75	2.302902	96.111111	5652	6508	11933.633903	3.951816	0.079832	-0.007877	0.400524	23814.002275	0.636364	9	865	-856	1514	75	2.302902	96.111111	9	210	5652	6508	4063	1.833687	3.951816	11933.633903	0.079832	267171	5.193837	6.998445	600x600	360000	dense	Learned	5852	9	56	50326	28.275989	0.720451	25.916346	0.983195	0.599476	0.382120	917	2252	0.000000	40	50508	29.859179	0.830235	0.989331	27.859978	0.316388	0.594228	1069	23.773775	0.382252	0.942114	20.097481	0.988695	0.560969	-1.563525	0.617880	-3.748631	-0.261401	False	d2_d0002_p0145_t0000
d2_d0002_p0147_t0000.png	0.988200	23.452787	1.000000	0.994604	23.172935	0.414181	42994	27	492	863	91	2.211700	18.222222	4393	4858	8676.257881	3.441459	0.084829	-0.001946	0.484665	18543.073893	0.630878	27	492	-465	863	91	2.211700	18.222222	28	103	4393	4858	3439	1.785973	3.441459	8676.257881	0.084829	281305	6.542890	8.373261	600x600	360000	dense	Learned	4593	28	43	42228	27.045621	0.674554	24.179207	0.990146	0.515335	0.341020	953	1711	0.000000	29	42564	28.072314	0.777536	0.992665	25.461687	0.314336	0.508929	1417	23.492987	0.366235	0.969119	19.179893	0.838324	0.482752	-0.726420	0.653584	-3.872686	-0.260373	False	d2_d0002_p0147_t0000
d2_d0002_p0149_t0000.png	0.985337	23.536040	1.000000	0.999892	24.068972	0.462874	48446	19	822	1420	75	2.312817	43.263158	5134	5937	10684.022505	3.573214	0.078011	-0.004272	0.366831	20136.666059	0.696197	19	822	-803	1420	75	2.312817	43.263158	19	187	5134	5937	3639	1.799566	3.573214	10684.022505	0.078011	277420	5.726376	7.430954	600x600	360000	dense	Learned	5334	19	52	48335	27.924349	0.714667	24.954741	0.989610	0.633169	0.389495	784	1900	0.000000	36	47730	29.274495	0.817206	0.992903	26.673848	0.372217	0.627621	1085	22.851640	0.377332	0.954734	18.313669	0.969630	0.583622	-1.418701	0.610396	-3.855377	-0.251793	False	d2_d0002_p0149_t0000
d2_d0002_p0150_t0000.png	0.985780	23.902838	1.000000	1.000000	26.063335	0.515521	39764	9	702	1187	41	2.323378	78.000000	4286	4979	8666.575536	3.834022	0.068542	-0.004017	0.251938	23292.034149	0.783556	9	702	-693	1187	41	2.323378	78.000000	9	178	4286	4979	3058	1.740626	3.834022	8666.575536	0.068542	252646	6.353636	9.053415	600x600	360000	dense	Learned	4486	9	52	39547	29.186994	0.707561	25.261512	0.989797	0.748062	0.698418	140	657	0.000000	42	39760	30.626647	0.794993	0.994465	27.871483	0.641863	0.743665	1430	25.372245	0.474238	0.964887	20.043978	0.974341	0.721572	-1.358674	0.301582	-3.123659	-0.192040	False	d2_d0002_p0150_t0000
d2_d0002_p0151_t0000.png	0.982379	23.293392	1.000000	1.000000	24.828641	0.521730	53941	5	1121	1883	47	2.393235	224.200000	5676	6792	12153.957713	3.909591	0.072414	-0.007815	0.202146	30119.572878	0.834328	5	1121	-1116	1883	47	2.393235	224.200000	5	280	5676	6792	3746	1.789452	3.909591	12153.957713	0.072414	276966	5.134610	6.673959	600x600	360000	dense	Learned	5976	5	60	53777	28.837798	0.748148	25.604067	0.990194	0.797854	0.942176	85	1000	0.000000	46	53582	30.872223	0.849356	0.994807	28.488194	0.877332	0.796353	1096	22.337799	0.413966	0.939462	17.606340	0.999974	0.741818	-2.310675	0.057824	-4.009157	-0.226417	False	d2_d0002_p0151_t0000
d2_d0002_p0152_t0000.png	0.983475	22.564961	1.000000	0.999995	24.283011	0.445431	47759	13	820	1395	42	2.340506	63.076923	4740	5547	9892.020413	4.018265	0.073654	-0.004645	0.216615	27223.891973	0.825136	13	820	-807	1395	42	2.340506	63.076923	13	225	4740	5547	3303	1.783310	4.018265	9892.020413	0.073654	278826	5.838188	7.537846	600x600	360000	dense	Learned	5040	13	48	47044	27.301614	0.694128	23.835508	0.988120	0.783385	0.776603	134	812	0.000000	31	47506	28.692959	0.804028	0.992520	25.788470	0.690412	0.779678	1025	22.073358	0.350979	0.943861	17.138687	0.993814	0.723705	-1.270546	0.223391	-3.018603	-0.248697	False	d2_d0002_p0152_t0000
d2_d0002_p0153_t0000.png	0.985666	22.409104	1.000000	1.000000	24.391847	0.446009	43213	5	786	1350	23	2.364442	157.200000	4286	5067	8925.028422	4.080244	0.069535	-0.003378	0.188651	24203.449965	0.861776	5	786	-781	1350	23	2.364442	157.200000	5	219	4286	5067	2913	1.761403	4.080244	8925.028422	0.069535	276263	6.393053	8.330826	600x600	360000	dense	Learned	4536	5	45	42730	27.380633	0.677667	23.430937	0.989044	0.811349	0.864737	75	548	0.000000	29	40954	28.518728	0.774806	0.992752	25.170767	0.877747	0.807530	1351	23.233533	0.385244	0.955588	17.783360	0.999774	0.774515	-1.021833	0.135263	-2.988787	-0.231658	False	d2_d0002_p0153_t0000
d2_d0002_p0154_t0000.png	0.988990	21.680808	1.000000	0.999057	22.696047	0.278764	26857	12	383	650	46	2.337733	31.916667	2197	2568	5209.028063	3.965445	0.074936	0.003998	0.340032	19399.031878	0.726217	12	383	-371	650	46	2.337733	31.916667	12	89	2197	2568	1501	2.028438	3.965445	5209.028063	0.074936	252866	9.415273	13.404327	600x600	360000	sparse	Learned	2317	12	22	26460	24.239581	0.520349	20.465605	0.984992	0.659968	0.390162	331	536	0.000000	9	24904	24.722558	0.551814	0.990053	21.979485	0.389549	0.636853	2150	22.879265	0.254054	0.972209	18.308170	0.903266	0.664941	1.215202	0.608895	-1.543534	-0.241585	False	d2_d0002_p0154_t0000
d2_d0002_p0155_t0000.png	0.991529	23.529530	1.000000	0.988360	25.604731	0.432614	22880	18	379	667	41	2.347784	21.055556	2076	2437	4940.717313	3.810091	0.075209	0.000638	0.369480	16690.976381	0.661444	18	379	-361	667	41	2.347784	21.055556	18	92	2076	2437	1368	2.027377	3.810091	4940.717313	0.075209	267675	11.699082	15.734266	600x600	360000	sparse	Learned	2196	18	29	22475	27.821495	0.594030	23.241033	0.990892	0.630520	0.328288	270	254	0.000000	22	22422	28.288391	0.644001	0.992635	24.306982	0.309248	0.619816	2525	26.409957	0.433509	0.983357	20.957835	0.509058	0.617540	0.288497	0.660072	-2.216764	-0.161416	False	d2_d0002_p0155_t0000
d2_d0002_p0156_t0000.png	0.985843	23.828633	1.000000	0.999488	24.226539	0.481127	41453	18	580	1025	81	2.260849	32.222222	4309	4871	8708.623988	3.782245	0.079335	-0.003278	0.454329	20269.016981	0.581414	18	580	-562	1025	81	2.260849	32.222222	19	126	4309	4871	3203	1.787851	3.782245	8708.623988	0.079335	269788	6.508286	8.684534	600x600	360000	dense	Learned	4509	19	48	40843	28.254962	0.702489	24.877017	0.989121	0.545671	0.501802	512	1659	0.000000	37	41054	29.600342	0.795867	0.993274	26.927260	0.465330	0.540150	1455	24.560914	0.435154	0.965543	20.080948	0.901272	0.518993	-1.048384	0.497686	-4.028423	-0.221363	False	d2_d0002_p0156_t0000
d2_d0002_p0157_t0000.png	0.983989	23.593385	1.000000	0.999800	24.778150	0.450056	41425	16	658	1110	44	2.290104	41.125000	4426	5068	8891.062910	3.685932	0.073882	-0.003388	0.333358	20256.388903	0.699741	16	658	-642	1110	44	2.290104	41.125000	17	161	4426	5068	3272	1.754353	3.685932	8891.062910	0.073882	273015	6.590585	8.690404	600x600	360000	dense	Learned	4626	17	46	40852	27.864919	0.680273	24.532499	0.987378	0.666642	0.573916	404	1804	0.000000	32	40238	28.927481	0.777975	0.991187	25.934761	0.492526	0.654594	1442	24.602131	0.396895	0.960622	19.997807	0.960083	0.646610	-0.939114	0.425884	-3.086770	-0.230218	False	d2_d0002_p0157_t0000
d2_d0002_p0158_t0000.png	0.987588	24.168299	1.000000	0.998040	25.209389	0.431116	30859	16	395	678	35	2.233662	24.687500	3244	3623	6082.667673	3.850994	0.066216	-0.000993	0.524796	18436.139107	0.506977	16	395	-379	678	35	2.233662	24.687500	16	104	3244	3623	2531	1.678904	3.850994	6082.667673	0.066216	271577	8.800577	11.665965	600x600	360000	dense	Learned	3444	16	37	30714	27.850736	0.638303	24.500544	0.988581	0.475204	0.326989	674	922	0.000000	27	30422	28.439044	0.715863	0.991288	25.428559	0.317934	0.468660	1807	25.784740	0.415098	0.974102	21.416161	0.932443	0.484916	-0.332246	0.671051	-2.641347	-0.207187	False	d2_d0002_p0158_t0000
d2_d0002_p0159_t0000.png	0.981056	23.517924	1.000000	0.999980	24.278516	0.396570	42661	13	609	1056	79	2.271836	46.846154	4385	4981	8662.447686	4.101289	0.075459	-0.002860	0.411124	20984.351635	0.611486	13	609	-596	1056	79	2.271836	46.846154	13	133	4385	4981	3250	1.739098	4.101289	8662.447686	0.075459	281926	6.608518	8.438621	600x600	360000	dense	Learned	4585	13	42	42269	26.818996	0.662351	24.148131	0.983917	0.588876	0.310401	900	1277	0.000000	26	42196	27.724131	0.765371	0.987958	25.205190	0.298987	0.577618	1394	23.724797	0.340478	0.952963	19.762964	0.967690	0.567586	-0.630207	0.689580	-2.540480	-0.265780	False	d2_d0002_p0159_t0000
d2_d0002_p0160_t0000.png	0.982969	22.995872	1.000000	0.999581	24.548975	0.418714	41194	16	606	1057	67	2.291574	37.875000	4047	4637	8139.362333	4.113321	0.073685	-0.002798	0.293119	22298.880816	0.764221	16	606	-590	1057	67	2.291574	37.875000	17	142	4047	4637	2923	1.755308	4.113321	8139.362333	0.073685	257575	6.252731	8.739137	600x600	360000	dense	Learned	4247	17	42	40552	27.091511	0.659717	23.690330	0.985766	0.706881	0.535662	364	1299	0.000000	27	40716	28.060846	0.759187	0.989640	25.002599	0.515833	0.693861	1446	23.858176	0.361139	0.954114	19.019415	0.931642	0.680263	-0.694458	0.463918	-2.542536	-0.241003	False	d2_d0002_p0160_t0000
d2_d0002_p0162_t0000.png	0.969304	22.306349	1.000000	1.000000	23.206299	0.457257	68622	10	1293	2090	30	2.371776	129.300000	6902	8185	14640.663700	4.224443	0.075809	-0.013802	0.215749	28295.728683	0.823073	10	1293	-1283	2090	30	2.371776	129.300000	10	347	6902	8185	4782	1.788719	4.224443	14640.663700	0.075809	280589	4.088907	5.246131	600x600	360000	dense	Learned	7102	10	57	67260	26.829547	0.758489	24.649060	0.983106	0.784251	0.661354	500	3392	0.000000	39	68312	29.594217	0.883682	0.992166	28.088765	0.531780	0.785017	705	19.476708	0.271984	0.887434	16.090940	0.999991	0.675756	-2.342711	0.338646	-3.623248	-0.301232	False	d2_d0002_p0162_t0000
d2_d0002_p0163_t0000.png	0.977556	21.844998	1.000000	1.000000	23.302959	0.427532	59004	7	1080	1782	31	2.386041	154.285714	5559	6632	11738.305043	4.097192	0.079564	-0.007329	0.172036	26359.601021	0.862916	7	1080	-1073	1782	31	2.386041	154.285714	7	296	5559	6632	3746	1.769949	4.097192	11738.305043	0.079564	256829	4.352739	6.101281	600x600	360000	dense	Learned	5809	7	49	58752	26.177190	0.720783	23.454800	0.984885	0.827964	0.784409	231	1896	0.000000	30	58054	28.216514	0.838755	0.992253	26.308181	0.706347	0.824978	1089	20.502791	0.301306	0.915210	16.282354	0.999817	0.755757	-1.609802	0.215591	-2.874231	-0.293251	False	d2_d0002_p0163_t0000
d2_d0002_p0164_t0000.png	0.981040	21.840190	1.000000	0.999748	21.385846	0.239050	41532	15	594	1031	78	2.273242	39.600000	4238	4817	7942.529722	3.879597	0.062876	0.002915	0.580443	20068.812609	0.461943	15	594	-579	1031	78	2.273242	39.600000	16	118	4238	4817	3129	1.648854	3.879597	7942.529722	0.062876	257404	6.197727	8.668015	600x600	360000	dense	Learned	4438	16	28	40757	23.231047	0.585169	21.197262	0.978125	0.419557	0.222555	2456	2989	0.000000	12	41432	24.663380	0.711070	0.990270	24.321221	0.171643	0.392618	1450	21.287028	0.183133	0.952708	18.468931	0.932525	0.440347	0.642928	0.777193	-1.845200	-0.346119	False	d2_d0002_p0164_t0000
d2_d0002_p0165_t0000.png	0.977024	21.636013	1.000000	0.999999	21.408819	0.286657	50635	12	867	1466	57	2.337611	72.250000	5065	5920	10153.829504	4.241356	0.065568	-0.000147	0.459871	23057.963848	0.567051	12	867	-855	1466	57	2.337611	72.250000	12	200	5065	5920	3542	1.715174	4.241356	10153.829504	0.065568	274644	5.423995	7.109707	600x600	360000	dense	Learned	5265	12	34	49859	23.623051	0.644610	21.623993	0.977171	0.540129	0.327899	1598	3999	0.000000	16	50486	25.500086	0.781360	0.989607	24.850888	0.214830	0.515511	1064	20.725459	0.190964	0.930432	17.600177	0.999993	0.540829	0.012020	0.672100	-2.214232	-0.357953	False	d2_d0002_p0165_t0000
d2_d0002_p0166_t0000.png	0.974710	21.656626	1.000000	1.000000	21.986768	0.312160	53088	8	926	1563	65	2.347530	115.750000	5283	6201	10831.271931	4.186885	0.074442	-0.002134	0.360293	24099.408627	0.711326	8	926	-918	1563	65	2.347530	115.750000	10	202	5283	6201	3655	1.746698	4.186885	10831.271931	0.074442	268404	5.055832	6.781193	600x600	360000	dense	Learned	5483	10	37	51848	24.147161	0.660455	21.964099	0.976845	0.639707	0.287311	1783	3715	0.000000	19	51988	26.146907	0.792429	0.989692	25.335209	0.202127	0.616997	1045	20.933658	0.205632	0.923051	17.522508	0.999662	0.644581	-0.307473	0.712689	-2.160393	-0.348295	False	d2_d0002_p0166_t0000
d2_d0002_p0167_t0000.png	0.982623	22.987050	1.000000	0.999999	23.262349	0.380333	46931	11	698	1208	73	2.277016	63.454545	4960	5647	9929.176354	3.765645	0.073991	-0.003165	0.485694	22005.358696	0.569602	11	698	-687	1208	73	2.277016	63.454545	12	159	4960	5647	3679	1.758310	3.765645	9929.176354	0.073991	278495	5.934137	7.670836	600x600	360000	dense	Learned	5160	12	43	46377	26.238109	0.672372	23.716958	0.985787	0.514306	0.368633	1357	3473	0.000000	27	46644	27.523780	0.788287	0.990371	25.291672	0.330794	0.504000	1077	22.899636	0.305717	0.953175	19.056838	0.999955	0.492725	-0.729907	0.631366	-2.975760	-0.292040	False	d2_d0002_p0167_t0000
d2_d0002_p0168_t0000.png	0.978624	21.926261	1.000000	1.000000	22.656157	0.311341	47050	8	746	1281	65	2.312117	93.250000	4729	5467	9480.865776	4.095837	0.069100	-0.001769	0.376147	22147.301435	0.643042	8	746	-738	1281	65	2.312117	93.250000	10	171	4729	5467	3383	1.734199	4.095837	9480.865776	0.069100	254854	5.416663	7.651435	600x600	360000	dense	Learned	4929	10	37	46957	24.787431	0.640573	22.221241	0.980393	0.623853	0.290765	1037	1869	0.000000	19	46272	26.186782	0.751158	0.989934	24.868632	0.199889	0.610487	1084	21.747000	0.234349	0.940199	17.817662	0.980192	0.619118	-0.294980	0.709235	-2.131274	-0.329233	False	d2_d0002_p0168_t0000
d2_d0002_p0169_t0000.png	0.977611	22.846577	1.000000	1.000000	23.221164	0.387567	50346	9	816	1411	78	2.304931	90.666667	5293	6100	10945.193812	3.978344	0.073568	-0.005403	0.393866	22372.169971	0.667213	9	816	-807	1411	78	2.304931	90.666667	10	191	5293	6100	3804	1.794294	3.978344	10945.193812	0.073568	276899	5.499921	7.150518	600x600	360000	dense	Learned	5493	10	46	49597	26.414403	0.683420	23.903497	0.983014	0.606134	0.401850	999	3060	0.000000	29	50074	27.936641	0.810382	0.989206	25.750396	0.356414	0.593041	1081	23.024818	0.311199	0.944821	19.373493	0.994551	0.593774	-1.056919	0.598150	-3.193239	-0.295853	False	d2_d0002_p0169_t0000
d2_d0002_p0170_t0000.png	0.982763	23.782071	1.000000	0.999990	24.902669	0.402871	36469	11	541	952	63	2.271516	49.181818	3904	4434	7677.081020	4.016932	0.069012	-0.002137	0.400447	20774.389982	0.644745	11	541	-530	952	63	2.271516	49.181818	11	123	3904	4434	2889	1.731412	4.016932	7677.081020	0.069012	273089	7.488250	9.871398	600x600	360000	dense	Learned	4104	11	40	35856	27.322470	0.641169	24.248848	0.984900	0.599553	0.265067	1013	1331	0.000000	27	36420	28.111271	0.737363	0.988103	25.217566	0.210374	0.586032	1453	25.009750	0.365078	0.963029	20.864653	0.893275	0.599547	-0.466777	0.734922	-2.419801	-0.238298	False	d2_d0002_p0170_t0000
d2_d0002_p0171_t0000.png	0.978293	21.664565	1.000000	0.999532	21.655597	0.314662	53598	22	749	1290	67	2.278171	34.045455	5227	5954	10316.505276	4.143229	0.068692	-0.001705	0.436509	22051.850557	0.603217	22	749	-727	1290	67	2.278171	34.045455	22	186	5227	5954	3870	1.732702	4.143229	10316.505276	0.068692	274732	5.125788	6.716669	600x600	360000	dense	Learned	5427	22	37	52276	24.109854	0.663800	21.956171	0.979998	0.563491	0.337752	1603	4150	0.000000	19	52760	26.021187	0.789433	0.990809	25.113323	0.259375	0.549489	1088	20.710326	0.211526	0.931412	17.249077	0.972762	0.549955	-0.291605	0.661780	-2.454257	-0.349138	False	d2_d0002_p0171_t0000
d2_d0002_p0172_t0000.png	0.984300	21.428266	1.000000	0.999904	22.464133	0.279551	40393	13	628	1032	35	2.315627	48.307692	3897	4512	7438.890112	4.105051	0.061166	0.002423	0.295657	22437.367201	0.726237	13	628	-615	1032	35	2.315627	48.307692	13	147	3897	4512	2830	1.648690	4.105051	7438.890112	0.061166	258680	6.404080	8.912435	600x600	360000	dense	Learned	4097	13	29	39412	23.951089	0.590835	20.826459	0.981877	0.704343	0.763833	168	1462	0.000000	13	38580	25.175279	0.676396	0.991841	24.085761	0.450554	0.688658	1453	21.508842	0.220582	0.949986	16.971272	0.959912	0.697287	0.601808	0.236071	-1.486956	-0.311284	False	d2_d0002_p0172_t0000
d2_d0002_p0173_t0000.png	0.976288	21.550797	1.000000	1.000000	22.133966	0.379140	63812	11	1172	1978	31	2.368221	106.545455	6306	7467	13491.773080	4.035479	0.074933	-0.006895	0.245211	23672.433138	0.796107	11	1172	-1161	1978	31	2.368221	106.545455	11	300	6306	7467	4297	1.806853	4.035479	13491.773080	0.074933	261059	4.091064	5.641572	600x600	360000	dense	Learned	6506	11	46	63276	25.081565	0.722070	22.924219	0.983183	0.754789	0.728830	463	4504	0.000000	26	62482	27.530135	0.846661	0.992441	26.426549	0.504495	0.751130	716	19.248441	0.217370	0.904012	15.460193	0.999962	0.678622	-1.373421	0.271170	-2.947598	-0.342930	False	d2_d0002_p0173_t0000
d2_d0002_p0175_t0000.png	0.987955	23.087392	1.000000	0.999010	24.647940	0.382069	34862	16	569	933	30	2.314473	35.562500	3517	4070	6877.522579	3.897952	0.065285	-0.000469	0.276227	19841.586590	0.766891	16	569	-553	933	30	2.314473	35.562500	16	150	3517	4070	2554	1.689809	3.897952	6877.522579	0.065285	279496	8.017211	10.326430	600x600	360000	dense	Learned	3717	16	35	34124	26.772958	0.620182	23.280861	0.988424	0.723773	0.472294	204	374	0.000000	22	34462	27.512176	0.710639	0.991404	24.278034	0.390067	0.712826	1816	24.491798	0.357747	0.971663	19.698727	0.873124	0.706058	-0.193469	0.526716	-2.125018	-0.238113	False	d2_d0002_p0175_t0000
d2_d0002_p0176_t0000.png	0.981979	24.628920	1.000000	0.999953	25.984437	0.577797	46593	16	899	1518	70	2.332455	56.187500	5312	6195	10647.988566	3.907804	0.070888	-0.007485	0.363322	22974.649429	0.666214	16	899	-883	1518	70	2.332455	56.187500	17	212	5312	6195	3724	1.718804	3.907804	10647.988566	0.070888	262673	5.637607	7.726483	600x600	360000	dense	Learned	5512	17	62	46455	30.147938	0.766267	26.739576	0.989464	0.636678	0.436163	582	1463	0.000000	54	46096	32.066176	0.845207	0.994629	29.694940	0.382544	0.632299	1091	24.862162	0.502692	0.952294	20.128965	0.999049	0.596451	-2.110657	0.563791	-4.163501	-0.188469	False	d2_d0002_p0176_t0000
d2_d0002_p0177_t0000.png	0.989511	22.897225	1.000000	0.999975	25.490889	0.418734	26678	9	522	894	35	2.424142	58.000000	2419	2932	5959.726548	3.947209	0.064172	0.000527	0.282696	20268.898487	0.748124	9	522	-513	894	35	2.424142	58.000000	9	126	2419	2932	1490	2.032649	3.947209	5959.726548	0.064172	270892	10.154134	13.494265	600x600	360000	sparse	Learned	2539	9	31	26274	27.290476	0.597321	22.725406	0.988984	0.717304	0.443207	205	343	0.000000	20	25196	27.798043	0.653894	0.991323	23.788403	0.420950	0.708522	2170	25.479308	0.402998	0.977106	19.843381	0.873308	0.704956	0.171820	0.556768	-1.799587	-0.178587	False	d2_d0002_p0177_t0000
d2_d0002_p0178_t0000.png	0.976702	22.899479	1.000000	1.000000	24.252822	0.501097	57993	12	1138	1868	36	2.386079	94.833333	5833	6959	12633.076688	4.194828	0.081052	-0.009595	0.167953	24653.914452	0.870438	12	1138	-1126	1868	36	2.386079	94.833333	12	312	5833	6959	3929	1.815358	4.194828	12633.076688	0.081052	279827	4.825186	6.207646	600x600	360000	dense	Learned	6033	12	57	57038	27.961004	0.745673	25.022983	0.986298	0.832047	0.809134	173	1130	0.000000	41	56670	29.911166	0.854092	0.992327	27.577224	0.794109	0.829928	1090	21.420431	0.373763	0.918780	17.279101	0.999103	0.765626	-2.123503	0.190866	-3.708182	-0.244576	False	d2_d0002_p0178_t0000
d2_d0002_p0179_t0000.png	0.984037	22.171413	1.000000	0.999956	24.371580	0.386925	40191	12	719	1133	42	2.372105	59.916667	3800	4507	7691.215147	4.283147	0.065796	-0.001181	0.179144	23000.166893	0.849738	12	719	-707	1133	42	2.372105	59.916667	12	173	3800	4507	2625	1.706504	4.283147	7691.215147	0.065796	273420	6.803016	8.957229	600x600	360000	dense	Learned	4000	12	37	38996	26.220378	0.633929	22.491901	0.985218	0.820856	0.682334	154	544	0.000000	22	40040	27.234356	0.731446	0.990166	24.135063	0.645394	0.812094	1436	23.089222	0.333630	0.951772	18.002034	0.991981	0.801641	-0.320488	0.317622	-1.848799	-0.247004	False	d2_d0002_p0179_t0000
d2_d0002_p0180_t0000.png	0.979749	23.160697	1.000000	1.000000	24.642143	0.487136	51634	7	933	1563	52	2.334598	133.285714	5535	6461	11063.939244	3.985139	0.064849	-0.007813	0.224078	23949.588060	0.803136	7	933	-926	1563	52	2.334598	133.285714	7	235	5535	6461	3920	1.712419	3.985139	11063.939244	0.064849	275748	5.340435	6.972150	600x600	360000	dense	Learned	5735	7	56	51411	28.192444	0.727511	25.046565	0.987562	0.775922	0.702005	221	1072	0.000000	38	50072	29.678829	0.829526	0.991997	26.956338	0.680983	0.772920	1096	22.957266	0.398395	0.939530	18.355826	0.999997	0.736443	-1.885868	0.297995	-3.550301	-0.240374	False	d2_d0002_p0180_t0000
d2_d0002_p0181_t0000.png	0.988833	22.409451	1.000000	0.999997	24.890256	0.417882	36744	9	565	946	29	2.310615	62.777778	3580	4136	6965.787514	3.989319	0.062154	-0.001243	0.200617	20310.204268	0.835684	9	565	-556	946	29	2.310615	62.777778	9	139	3580	4136	2605	1.684185	3.989319	6965.787514	0.062154	254747	6.933023	9.797518	600x600	360000	dense	Learned	3780	9	38	36388	27.053776	0.643817	22.838627	0.990075	0.799383	0.737760	93	366	0.000000	25	35934	28.029004	0.731918	0.993561	24.617665	0.663110	0.792856	1433	23.690560	0.374031	0.965819	17.900190	0.963174	0.771151	-0.429176	0.262237	-2.163520	-0.225935	False	d2_d0002_p0181_t0000
d2_d0002_p0183_t0000.png	0.984108	22.167453	1.000000	0.998926	22.900667	0.354139	44112	21	621	1071	61	2.269239	29.571429	4457	5057	8664.367384	3.864986	0.066634	-0.001683	0.323600	21221.457958	0.742452	21	621	-600	1071	61	2.269239	29.571429	21	161	4457	5057	3325	1.713341	3.864986	8664.367384	0.066634	277257	6.285297	8.161045	600x600	360000	dense	Learned	4657	21	38	43601	25.652718	0.645958	22.585140	0.985792	0.676400	0.496930	353	1071	0.000000	21	43584	26.835866	0.749287	0.991362	24.546397	0.424088	0.666115	1451	22.572726	0.299912	0.956766	18.182796	0.885375	0.654577	-0.417687	0.501996	-2.752051	-0.291819	False	d2_d0002_p0183_t0000
d2_d0002_p0184_t0000.png	0.979456	21.586596	1.000000	0.999983	21.831228	0.305040	50845	13	785	1349	64	2.314076	60.384615	4916	5688	10148.479172	4.073492	0.075703	-0.000656	0.373231	23843.570471	0.695526	13	785	-772	1349	64	2.314076	60.384615	15	184	4916	5688	3503	1.784191	4.073492	10148.479172	0.075703	270090	5.312027	7.080342	600x600	360000	dense	Learned	5116	15	35	50257	23.968196	0.652336	21.676438	0.980111	0.626769	0.284257	1725	3380	0.000000	17	50208	25.696006	0.775360	0.990708	24.879400	0.206079	0.601096	1050	20.565570	0.202435	0.930863	16.787361	0.992532	0.607423	-0.089842	0.715726	-2.136967	-0.347296	False	d2_d0002_p0184_t0000
d2_d0002_p0185_t0000.png	0.977152	22.567497	1.000000	1.000000	23.386243	0.386558	54795	10	890	1564	63	2.303448	89.000000	5800	6680	11967.897851	3.920951	0.072718	-0.006386	0.337594	24785.793066	0.681854	10	890	-880	1564	63	2.303448	89.000000	11	232	5800	6680	4173	1.791601	3.920951	11967.897851	0.072718	276189	5.040405	6.569943	600x600	360000	dense	Learned	6000	11	48	54369	26.212012	0.697592	23.842531	0.983539	0.662406	0.433504	886	3190	0.000000	29	53874	27.954030	0.821158	0.989591	25.912782	0.370011	0.653161	1055	22.066728	0.283383	0.934419	18.230143	0.998047	0.633777	-1.275033	0.566496	-2.825770	-0.311033	False	d2_d0002_p0185_t0000
d2_d0002_p0187_t0000.png	0.986740	23.987234	1.000000	0.999991	26.103952	0.550274	42999	12	869	1456	46	2.367024	72.416667	4670	5527	9555.072145	3.762262	0.070013	-0.004462	0.255574	21484.463930	0.768656	12	869	-857	1456	46	2.367024	72.416667	13	205	4670	5527	3168	1.728799	3.762262	9555.072145	0.070013	267404	6.218842	8.372288	600x600	360000	dense	Learned	4870	13	56	42111	29.596309	0.732119	25.646618	0.991202	0.744426	0.687543	152	596	0.000000	46	42664	31.264883	0.818017	0.995513	28.630860	0.585217	0.739285	1430	24.981445	0.498490	0.963819	19.591422	0.894161	0.707466	-1.659384	0.312448	-3.492357	-0.181845	False	d2_d0002_p0187_t0000
d2_d0002_p0188_t0000.png	0.983790	23.738484	1.000000	0.999924	25.665684	0.518844	40832	14	762	1288	47	2.357895	54.428571	4180	4928	8377.067961	4.097796	0.067847	-0.004641	0.215520	23967.154980	0.821357	14	762	-748	1288	47	2.357895	54.428571	14	185	4180	4928	2845	1.699892	4.097796	8377.067961	0.067847	269218	6.593309	8.816614	600x600	360000	dense	Learned	4380	14	51	39745	29.072733	0.710341	25.116858	0.988431	0.784480	0.758470	105	488	0.000000	42	40388	30.597476	0.798672	0.993702	27.796208	0.695265	0.779590	1445	24.667446	0.465321	0.955139	19.301085	0.943088	0.752768	-1.378375	0.241453	-3.407049	-0.191496	False	d2_d0002_p0188_t0000
d2_d0002_p0190_t0000.png	0.985485	23.182293	1.000000	0.999935	24.060865	0.525444	50477	18	907	1520	43	2.336360	50.388889	5286	6175	10725.954396	3.891902	0.064894	-0.005508	0.216707	21745.082378	0.851792	18	907	-889	1520	43	2.336360	50.388889	18	239	5286	6175	3723	1.736997	3.891902	10725.954396	0.064894	268572	5.320681	7.131961	600x600	360000	dense	Learned	5486	18	56	49514	28.734781	0.741126	25.120959	0.990993	0.783293	0.801435	113	532	0.000000	43	49342	30.625961	0.833704	0.995398	28.148615	0.798103	0.782848	1081	22.049054	0.429604	0.946191	17.059823	0.978982	0.724898	-1.938666	0.198500	-4.673915	-0.215682	False	d2_d0002_p0190_t0000
d2_d0002_p0191_t0000.png	0.985508	23.594409	1.000000	0.999982	25.098331	0.532160	42437	13	769	1305	39	2.342546	59.153846	4414	5170	8937.253819	3.938197	0.071785	-0.004681	0.253204	22210.215092	0.802040	13	769	-756	1305	39	2.342546	59.153846	13	200	4414	5170	3070	1.728676	3.938197	8937.253819	0.071785	270923	6.384122	8.483163	600x600	360000	dense	Learned	4614	13	53	41807	29.162812	0.723168	25.181190	0.990189	0.746796	0.803208	107	607	0.000000	43	42064	30.795342	0.809115	0.994866	28.005415	0.782907	0.742689	1453	24.511630	0.476504	0.959646	19.177183	0.957715	0.712915	-1.586780	0.196774	-4.064481	-0.191008	False	d2_d0002_p0191_t0000
d2_d0002_p0194_t0000.png	0.982344	23.220069	1.000000	0.999967	23.647827	0.381156	44247	15	714	1238	66	2.304178	47.600000	4596	5295	9528.059951	3.889495	0.078655	-0.002730	0.480457	19785.768747	0.518080	15	714	-699	1238	66	2.304178	47.600000	15	170	4596	5295	3292	1.799445	3.889495	9528.059951	0.078655	281153	6.354171	8.136145	600x600	360000	dense	Learned	4796	15	42	43940	26.442161	0.663326	23.839740	0.985074	0.519543	0.356058	1230	2664	0.000000	26	43632	27.482910	0.773233	0.989068	25.105449	0.349565	0.514751	1414	23.459542	0.320802	0.955808	19.624940	0.998371	0.502576	-0.619671	0.643910	-2.794334	-0.282171	False	d2_d0002_p0194_t0000
d2_d0002_p0197_t0000.png	0.992370	21.906173	1.000000	0.986653	24.944588	0.347015	23073	17	273	473	26	2.262564	16.058824	1950	2206	4429.110099	3.870332	0.063220	0.002219	0.224815	17887.646914	0.807197	17	273	-256	473	26	2.262564	16.058824	17	86	1950	2206	1451	2.007756	3.870332	4429.110099	0.063220	249062	10.794522	15.602652	600x600	360000	sparse	Learned	2070	17	24	22935	25.940043	0.535457	20.921397	0.990151	0.775185	0.826173	33	117	0.349179	13	22628	26.504940	0.579565	0.993774	22.491839	0.759298	0.765622	2509	24.663378	0.335974	0.982157	18.699941	0.828359	0.769439	0.984776	0.160480	-0.995455	-0.188442	False	d2_d0002_p0197_t0000
d2_d0002_p0198_t0000.png	0.980130	21.990848	1.000000	0.999951	22.919982	0.438544	53833	19	1002	1638	26	2.410781	52.736842	4786	5769	12242.957094	3.885570	0.069109	-0.005493	0.204726	21492.717981	0.836076	19	1002	-983	1638	26	2.410781	52.736842	20	270	4786	5769	3122	2.122197	3.885570	12242.957094	0.069109	278082	5.165642	6.687348	600x600	360000	sparse	Learned	4906	20	46	53403	26.194505	0.708707	23.262191	0.985623	0.795274	0.759161	193	1233	0.000000	29	52434	27.963267	0.820126	0.992064	25.750977	0.779468	0.791556	1075	20.588808	0.320564	0.927366	16.335246	0.982101	0.727093	-1.271343	0.240790	-3.274523	-0.270164	False	d2_d0002_p0198_t0000
d2_d0002_p0200_t0000.png	0.985143	25.021568	1.000000	1.000000	26.097108	0.563716	42323	9	688	1204	56	2.290357	76.444444	4677	5356	9430.353396	3.776163	0.069245	-0.004966	0.306391	21261.045933	0.730432	9	688	-679	1204	56	2.290357	76.444444	10	179	4677	5356	3417	1.760708	3.776163	9430.353396	0.069245	264516	6.249935	8.506013	600x600	360000	dense	Learned	4877	10	59	41711	30.264996	0.748910	26.748379	0.990109	0.693609	0.430279	391	770	0.000000	50	41994	31.770636	0.823746	0.994448	29.279801	0.398604	0.686387	1411	25.941105	0.526014	0.966245	21.161218	0.969265	0.656476	-1.726811	0.569721	-4.167888	-0.185194	False	d2_d0002_p0200_t0000
d2_d0002_p0201_t0000.png	0.981332	25.225537	1.000000	0.999954	26.577775	0.540084	38967	14	667	1135	69	2.313340	47.642857	4168	4821	8669.927917	4.086162	0.079541	-0.005573	0.445617	24545.799255	0.570281	14	667	-653	1135	69	2.313340	47.642857	14	163	4168	4821	2964	1.798367	4.086162	8669.927917	0.079541	262888	6.746426	9.238586	600x600	360000	dense	Learned	4368	14	56	38662	30.082604	0.727446	26.753259	0.986904	0.554383	0.339356	718	1200	0.000000	46	37182	31.297293	0.796344	0.992160	28.966117	0.296457	0.549488	1452	26.597076	0.510826	0.962074	21.857005	0.956282	0.530299	-1.527721	0.660598	-3.504828	-0.187361	False	d2_d0002_p0201_t0000
d2_d0002_p0202_t0000.png	0.985358	24.441591	1.000000	1.000000	24.562336	0.638712	55027	6	1038	1758	40	2.340650	173.000000	6059	7091	12789.837006	3.647642	0.081194	-0.007633	0.241226	22214.203119	0.800184	6	1038	-1032	1758	40	2.340650	173.000000	6	274	6059	7091	4261	1.803672	3.647642	12789.837006	0.081194	268003	4.870391	6.542243	600x600	360000	dense	Learned	6259	6	68	53938	30.920353	0.811852	27.450494	0.992991	0.758774	0.924358	69	406	0.000000	63	54900	33.187672	0.883716	0.996637	30.696944	0.944415	0.759844	1094	22.784389	0.531179	0.949660	18.125541	1.000000	0.694009	-3.008903	0.075642	-6.358017	-0.173140	False	d2_d0002_p0202_t0000
d2_d0002_p0203_t0000.png	0.988200	24.991683	1.000000	1.000000	24.814961	0.666622	48572	9	680	1226	66	2.245293	75.555556	5471	6142	11049.309972	3.543119	0.083946	-0.005850	0.332512	22321.459532	0.669551	9	680	-671	1226	66	2.245293	75.555556	10	173	5471	6142	4179	1.798976	3.543119	11049.309972	0.083946	259270	5.337849	7.411678	600x600	360000	dense	Learned	5671	10	68	48220	31.578961	0.819049	27.823751	0.994050	0.667488	0.958947	59	481	0.000000	67	48326	33.725772	0.875255	0.997167	31.127034	0.938765	0.666308	976	23.637844	0.564678	0.960278	18.657461	1.000000	0.614955	-2.832069	0.041053	-6.764000	-0.152428	False	d2_d0002_p0203_t0000
d2_d0002_p0204_t0000.png	0.983873	23.999990	1.000000	0.999837	25.709725	0.460136	34294	12	566	986	55	2.312729	47.166667	3543	4097	6999.788121	4.297194	0.067488	-0.002254	0.341898	21983.654022	0.695079	12	566	-554	986	55	2.312729	47.166667	13	131	3543	4097	2502	1.708516	4.297194	6999.788121	0.067488	262908	7.666297	10.497463	600x600	360000	dense	Learned	3743	13	42	34054	28.289307	0.662703	24.620414	0.986127	0.658102	0.299538	527	594	0.000000	32	34060	29.206773	0.746448	0.990729	26.221140	0.242605	0.649008	1742	25.651858	0.432370	0.964126	20.689444	0.947010	0.647449	-0.620424	0.700299	-2.579582	-0.202567	False	d2_d0002_p0204_t0000
d2_d0002_p0206_t0000.png	0.987934	24.370446	1.000000	1.000000	26.385072	0.553211	36164	8	602	1051	38	2.306581	75.250000	3875	4469	7896.227340	3.749309	0.075208	-0.003280	0.302757	21633.745670	0.718666	8	602	-594	1051	38	2.306581	75.250000	8	157	3875	4469	2786	1.766889	3.749309	7896.227340	0.075208	263519	7.286777	9.954651	600x600	360000	dense	Learned	4075	8	52	36008	29.887172	0.720786	25.667790	0.991215	0.697243	0.515687	215	539	0.000000	45	34592	31.241772	0.781304	0.995308	28.556012	0.449790	0.692574	1404	26.020804	0.519471	0.971422	20.335538	0.971779	0.665427	-1.297344	0.484313	-3.502100	-0.167575	False	d2_d0002_p0206_t0000
d2_d0002_p0207_t0000.png	0.987275	23.801643	1.000000	0.998258	25.930825	0.535622	41622	21	679	1118	41	2.301351	32.333333	4367	5025	8594.400537	3.850929	0.068574	-0.003779	0.256757	20685.032845	0.784034	21	679	-658	1118	41	2.301351	32.333333	22	171	4367	5025	3208	1.710328	3.850929	8594.400537	0.068574	267577	6.428740	8.649272	600x600	360000	dense	Learned	4567	22	53	41279	29.228391	0.722096	25.235277	0.991053	0.743243	0.451672	272	434	0.000000	42	39510	30.640870	0.797311	0.995083	27.908283	0.366186	0.739215	1406	24.364441	0.475567	0.962632	18.928883	0.919310	0.697011	-1.433633	0.546586	-3.297567	-0.186474	False	d2_d0002_p0207_t0000
d2_d0002_p0208_t0000.png	0.986659	23.032761	1.000000	0.999999	24.049707	0.510751	49329	12	913	1544	37	2.354028	76.083333	5090	5991	10616.441769	3.659727	0.074440	-0.004924	0.229749	22175.868988	0.834563	12	913	-901	1544	37	2.354028	76.083333	12	232	5090	5991	3509	1.772065	3.659727	10616.441769	0.074440	274759	5.569928	7.297938	600x600	360000	dense	Learned	5290	12	55	48596	28.475851	0.731396	24.880742	0.991583	0.770251	0.878433	96	829	0.000000	42	49028	30.349127	0.832433	0.995549	27.693941	0.851236	0.769516	1014	21.805306	0.405739	0.952222	16.889522	0.997215	0.704660	-1.847981	0.121566	-4.426143	-0.220645	False	d2_d0002_p0208_t0000
d2_d0002_p0209_t0000.png	0.986176	23.702000	1.000000	0.992204	23.889142	0.363130	35277	22	497	861	62	2.247203	22.590909	3843	4318	7152.465608	3.857696	0.065587	-0.000386	0.615117	21141.139984	0.443153	22	497	-475	861	62	2.247203	22.590909	24	115	3843	4318	2920	1.656430	3.857696	7152.465608	0.065587	279789	7.931202	10.204949	600x600	360000	dense	Learned	4043	24	35	34352	26.423347	0.618012	23.874408	0.986563	0.384883	0.213591	2089	1634	0.000000	23	35012	27.058446	0.716265	0.989514	24.671663	0.198534	0.384204	1815	24.538471	0.338269	0.972182	21.210421	0.846064	0.409628	-0.172408	0.778614	-2.534205	-0.254882	False	d2_d0002_p0209_t0000
d2_d0002_p0210_t0000.png	0.983971	21.640359	1.000000	1.000000	22.794363	0.320947	44763	7	767	1288	32	2.331010	109.571429	4592	5352	8801.024238	4.054211	0.055562	-0.000496	0.268452	21246.464729	0.756946	7	767	-760	1288	32	2.331010	109.571429	7	186	4592	5352	3272	1.644437	4.054211	8801.024238	0.055562	256125	5.721801	8.042356	600x600	360000	dense	Learned	4792	7	35	44524	24.825589	0.632533	21.758130	0.984467	0.731548	0.700560	250	1751	0.000000	18	43734	26.171661	0.733035	0.991853	24.272972	0.533974	0.719628	1424	21.900968	0.259578	0.950781	17.372408	0.999818	0.725158	-0.117771	0.299440	-2.031225	-0.311585	False	d2_d0002_p0210_t0000
d2_d0002_p0211_t0000.png	0.980824	22.169753	1.000000	0.999999	23.560654	0.365093	47869	11	857	1449	37	2.342441	77.909091	4941	5787	9823.444728	4.077753	0.065935	-0.003350	0.279176	22537.004471	0.736606	11	857	-846	1449	37	2.342441	77.909091	11	208	4941	5787	3455	1.697502	4.077753	9823.444728	0.065935	271963	5.681401	7.520525	600x600	360000	dense	Learned	5141	11	41	47229	25.867309	0.660964	22.909718	0.984174	0.720824	0.812984	192	1983	0.000000	24	47448	27.288296	0.773651	0.990883	25.053763	0.655365	0.711715	1078	22.017702	0.284689	0.941200	17.501264	0.997187	0.700895	-0.739965	0.187015	-2.306655	-0.295870	False	d2_d0002_p0211_t0000
d2_d0002_p0212_t0000.png	0.982138	25.175699	1.000000	0.996944	25.028520	0.503911	44207	28	836	1396	88	2.325282	29.857143	4968	5776	9969.592484	3.959459	0.068237	-0.005266	0.549350	24608.381510	0.465694	28	836	-808	1396	88	2.325282	29.857143	28	177	4968	5776	3484	1.726037	3.959459	9969.592484	0.068237	266786	6.034927	8.143507	600x600	360000	dense	Learned	5168	28	56	43306	29.252639	0.735645	26.660723	0.987404	0.450650	0.360009	984	1890	0.000000	46	44088	30.870073	0.826716	0.992723	28.927474	0.291435	0.443991	1438	25.841143	0.475007	0.963770	22.168192	0.984582	0.437722	-1.485024	0.636935	-4.224118	-0.231734	False	d2_d0002_p0212_t0000
d2_d0002_p0216_t0000.png	0.989304	22.998605	1.000000	1.000000	25.149986	0.354663	22192	3	362	643	43	2.336300	120.666667	2135	2494	4797.099997	3.952198	0.059025	0.002018	0.391290	18365.422487	0.618755	3	362	-359	643	43	2.336300	120.666667	3	78	2135	2494	1449	1.923456	3.952198	4797.099997	0.059025	263900	11.891673	16.222062	600x600	360000	sparse	Learned	2255	3	25	21748	26.476806	0.533000	22.325079	0.987286	0.608710	0.482202	164	333	0.000000	14	20200	26.772342	0.571493	0.989789	22.985627	0.490691	0.600504	2863	25.531731	0.350120	0.980917	20.961660	0.739431	0.606029	0.673525	0.517798	-1.326820	-0.178337	False	d2_d0002_p0216_t0000
d2_d0002_p0217_t0000.png	0.980281	24.667487	1.000000	0.999990	24.608193	0.481863	54101	17	837	1500	123	2.265286	49.235294	6182	7002	12730.868004	3.710722	0.079026	-0.007134	0.457327	22677.273512	0.585102	17	837	-820	1500	123	2.265286	49.235294	18	180	6182	7002	4559	1.818176	3.710722	12730.868004	0.079026	275368	5.089887	6.654221	600x600	360000	dense	Learned	6382	18	60	53831	28.659171	0.748475	26.441430	0.987415	0.542673	0.267289	1674	2289	0.000000	44	51990	30.366131	0.848302	0.992092	28.437832	0.247745	0.535888	1050	24.049118	0.401634	0.951873	20.549291	0.972263	0.501821	-1.773944	0.732702	-4.050978	-0.266612	False	d2_d0002_p0217_t0000
d2_d0002_p0235_t0000.png	0.981665	23.903630	1.000000	0.997755	24.467512	0.383259	35594	20	534	922	63	2.269251	26.700000	3818	4332	7407.020624	4.066768	0.069087	-0.001409	0.629856	23316.024542	0.355452	20	534	-514	922	63	2.269251	26.700000	20	122	3818	4332	2833	1.709839	4.066768	7407.020624	0.069087	275681	7.745154	10.114064	600x600	360000	dense	Learned	4018	20	38	35443	26.898041	0.630394	24.219969	0.983074	0.370144	0.275287	1687	2384	0.000000	25	35570	27.576063	0.727376	0.987486	25.280589	0.238613	0.364846	1816	24.963351	0.358118	0.963552	21.435909	0.929584	0.353606	-0.316339	0.722468	-2.430528	-0.247135	False	d2_d0002_p0235_t0000
d2_d0002_p0238_t0000.png	0.985825	21.437681	1.000000	1.000000	21.766266	0.213713	28854	5	433	756	33	2.326967	86.600000	2618	3046	5721.190401	4.131344	0.059286	0.007636	0.389480	18659.475803	0.604413	5	433	-428	756	33	2.326967	86.600000	5	93	2618	3046	1829	1.878263	4.131344	5721.190401	0.059286	261525	9.063735	12.476606	600x600	360000	sparse	Learned	2738	5	19	27681	22.528910	0.492140	19.593338	0.978189	0.610520	0.487567	219	638	0.000000	6	26638	23.295320	0.555519	0.990481	22.789418	0.186241	0.568730	2121	21.341798	0.181847	0.963174	17.753645	0.966369	0.624911	1.844342	0.512433	-0.762643	-0.278427	False	d2_d0002_p0238_t0000
d2_d0002_p0239_t0000.png	0.973332	22.198663	1.000000	1.000000	22.652305	0.372534	59995	7	931	1612	51	2.293893	133.000000	6288	7212	12890.903889	3.910613	0.073451	-0.007753	0.361255	23772.309542	0.677790	7	931	-924	1612	51	2.293893	133.000000	7	221	6288	7212	4625	1.787424	3.910613	12890.903889	0.073451	271948	4.532844	6.000500	600x600	360000	dense	Learned	6488	7	48	59261	25.636422	0.707866	23.561935	0.981085	0.638745	0.531143	897	5143	0.000000	28	58826	27.756900	0.837973	0.990061	26.246802	0.417034	0.629422	1062	21.557929	0.255809	0.924197	18.021060	1.000000	0.642650	-1.363271	0.468857	-2.984117	-0.335332	False	d2_d0002_p0239_t0000
d2_d0002_p0241_t0000.png	0.980949	21.515679	1.000000	0.999976	22.239643	0.321903	47802	12	759	1279	64	2.322122	63.250000	4638	5385	9200.871483	4.115183	0.064997	-0.001155	0.291483	22565.389872	0.750256	12	759	-747	1279	64	2.322122	63.250000	14	173	4638	5385	3295	1.708611	4.115183	9200.871483	0.064997	271157	5.672503	7.531066	600x600	360000	dense	Learned	4838	14	36	47795	24.569152	0.644972	21.753830	0.982105	0.708517	0.575040	401	1988	0.000000	18	46948	26.112708	0.752463	0.991231	24.714609	0.398090	0.696333	1095	21.099142	0.235604	0.937561	16.854983	0.996757	0.685554	-0.238150	0.424936	-2.329509	-0.323069	False	d2_d0002_p0241_t0000
d2_d0002_p0244_t0000.png	0.980729	21.686782	1.000000	0.999968	22.954412	0.313529	42960	13	693	1152	35	2.322428	53.307692	4218	4898	8327.663848	4.104635	0.066409	-0.000163	0.299658	21916.484594	0.714868	13	693	-680	1152	35	2.322428	53.307692	13	174	4218	4898	3031	1.700217	4.104635	8327.663848	0.066409	262080	6.100559	8.379888	600x600	360000	dense	Learned	4418	13	34	42322	24.713415	0.618252	21.667956	0.980893	0.700342	0.542211	416	1930	0.000000	17	41902	26.000985	0.718311	0.989675	24.190512	0.376882	0.681720	1455	22.200461	0.249246	0.944357	17.815985	0.937961	0.710996	0.018826	0.457757	-1.759002	-0.304724	False	d2_d0002_p0244_t0000
d2_d0002_p0246_t0000.png	0.981665	23.903630	1.000000	0.997755	24.467512	0.383259	35594	20	534	922	63	2.269251	26.700000	3818	4332	7407.020624	4.066768	0.069087	-0.001409	0.629856	23298.026085	0.355452	20	534	-514	922	63	2.269251	26.700000	20	122	3818	4332	2833	1.709839	4.066768	7407.020624	0.069087	275681	7.745154	10.114064	600x600	360000	dense	Learned	4018	20	38	35443	26.898041	0.630394	24.219969	0.983074	0.370144	0.275287	1687	2384	0.000000	25	35570	27.576063	0.727376	0.987486	25.280589	0.238613	0.364846	1816	24.963351	0.358118	0.963552	21.435909	0.929584	0.353606	-0.316339	0.722468	-2.430528	-0.247135	False	d2_d0002_p0246_t0000
d2_d0002_p0247_t0000.png	0.983654	22.000737	1.000000	0.998230	23.628579	0.314788	34622	17	580	971	46	2.359744	34.117647	3130	3693	7378.751947	3.992861	0.066933	0.002189	0.320070	20131.904125	0.693157	17	580	-563	971	46	2.359744	34.117647	19	138	3130	3693	2113	1.998037	3.992861	7378.751947	0.066933	250416	7.232858	10.398013	600x600	360000	sparse	Learned	3250	19	29	34043	24.906916	0.576384	21.487765	0.981465	0.679930	0.558723	240	896	0.000000	14	34076	25.811257	0.651436	0.989324	23.511015	0.480367	0.660651	1769	22.928143	0.270552	0.957579	18.356561	0.869379	0.677223	0.512973	0.439507	-1.278337	-0.261596	False	d2_d0002_p0247_t0000
d2_d0002_p0248_t0000.png	0.981919	21.840029	1.000000	0.999502	22.644508	0.311353	43443	18	639	1084	52	2.292373	35.500000	4248	4869	8435.114642	4.039256	0.071011	0.000038	0.354371	22528.246403	0.664956	18	639	-621	1084	52	2.292373	35.500000	18	150	4248	4869	3112	1.732412	4.039256	8435.114642	0.071011	268364	6.177382	8.286721	600x600	360000	dense	Learned	4448	18	34	43228	24.661718	0.621965	21.799319	0.981881	0.645629	0.461398	475	1557	0.000000	17	42498	25.965872	0.716973	0.990610	24.490087	0.361537	0.633382	1450	21.888701	0.249019	0.947837	17.635365	0.823803	0.643109	0.040709	0.538104	-2.017210	-0.310612	False	d2_d0002_p0248_t0000
d2_d0002_p0249_t0000.png	0.981572	22.445367	1.000000	0.999820	23.276175	0.372575	42897	16	613	1068	68	2.280084	38.312500	4263	4860	8352.213055	4.106016	0.068065	-0.001601	0.402125	22187.354803	0.651928	16	613	-597	1068	68	2.280084	38.312500	16	131	4263	4860	3127	1.718562	4.106016	8352.213055	0.068065	267058	6.225564	8.392195	600x600	360000	dense	Learned	4463	16	38	42163	25.914517	0.642937	22.814614	0.983173	0.597875	0.352312	803	1663	0.000000	22	41238	26.919715	0.742849	0.988327	24.381477	0.318856	0.589904	1413	23.007917	0.314517	0.951560	18.617620	0.918894	0.585995	-0.369247	0.647508	-2.638342	-0.270362	False	d2_d0002_p0249_t0000
d2_d0002_p0251_t0000.png	0.985944	23.723258	1.000000	0.999995	25.190416	0.415814	33023	9	518	885	55	2.289698	57.555556	3514	4023	6765.456562	4.104824	0.066027	-0.000890	0.397936	22258.937597	0.649259	9	518	-509	885	55	2.289698	57.555556	9	111	3514	4023	2574	1.681694	4.104824	6765.456562	0.066027	274573	8.314599	10.901493	600x600	360000	dense	Learned	3714	9	37	32093	27.400190	0.627266	23.986584	0.986833	0.602064	0.372724	471	775	0.000000	26	32476	28.130830	0.719104	0.990463	25.130403	0.333214	0.593703	1814	25.419684	0.391326	0.970158	20.934923	0.953610	0.604899	-0.263327	0.627271	-2.209774	-0.211452	False	d2_d0002_p0251_t0000
d2_d0002_p0253_t0000.png	0.978327	23.218595	1.000000	0.999994	24.214877	0.441925	50856	14	867	1501	75	2.314934	61.928571	5417	6270	11210.331769	4.027027	0.077279	-0.006386	0.356245	23215.759754	0.691541	14	867	-853	1501	75	2.314934	61.928571	15	208	5417	6270	3841	1.787932	4.027027	11210.331769	0.077279	279415	5.494239	7.078811	600x600	360000	dense	Learned	5617	15	51	50222	27.294826	0.706180	24.588172	0.984713	0.643755	0.450860	870	2970	0.000000	34	50824	28.809393	0.824030	0.989988	26.387563	0.389678	0.634684	1091	22.986475	0.351311	0.939917	18.898428	0.992023	0.610144	-1.369577	0.549134	-3.079949	-0.264255	False	d2_d0002_p0253_t0000
d2_d0002_p0257_t0000.png	0.984737	23.593513	1.000000	0.999318	25.287166	0.448567	37689	18	662	1108	53	2.321598	36.777778	4005	4649	8174.629360	3.873963	0.072875	-0.002477	0.410355	20385.616779	0.604574	18	662	-644	1108	53	2.321598	36.777778	18	169	4005	4649	2844	1.758363	3.873963	8174.629360	0.072875	272466	7.229324	9.551859	600x600	360000	dense	Learned	4205	18	43	36929	27.834845	0.664698	24.291781	0.987215	0.589645	0.430688	547	1396	0.000000	31	36730	28.853139	0.760044	0.991479	25.911327	0.388648	0.579360	1402	24.938772	0.405817	0.963873	20.128129	0.945766	0.569420	-0.698269	0.568630	-2.547679	-0.216132	False	d2_d0002_p0257_t0000
d2_d0002_p0258_t0000.png	0.973172	21.948915	1.000000	0.999995	21.877525	0.283918	48259	12	594	1036	47	2.249251	49.500000	4670	5252	8875.061388	4.404478	0.065943	0.000649	0.360807	22760.908127	0.670436	12	594	-582	1036	47	2.249251	49.500000	12	148	4670	5252	3587	1.689844	4.404478	8875.061388	0.065943	278119	5.763049	7.459748	600x600	360000	dense	Learned	4870	12	33	48046	23.707551	0.637025	21.842629	0.972523	0.639193	0.223070	1717	2166	0.000000	15	47374	25.286028	0.765087	0.987666	24.992729	0.132277	0.592902	1057	20.956572	0.195374	0.923482	18.025194	0.967864	0.643534	0.106287	0.776924	-1.830026	-0.353107	False	d2_d0002_p0258_t0000
d2_d0002_p0259_t0000.png	0.987789	22.349371	1.000000	0.998236	22.253915	0.247035	26931	12	376	657	55	2.262911	31.333333	2769	3133	4996.598022	3.913189	0.054171	0.003950	0.708487	20053.876162	0.278758	12	376	-364	657	55	2.262911	31.333333	13	78	2769	3133	2057	1.594829	3.913189	4996.598022	0.054171	272158	10.105752	13.367495	600x600	360000	dense	Learned	2969	13	21	25672	23.921588	0.508732	21.360308	0.983839	0.291513	0.317267	993	1467	0.000000	9	26726	24.500644	0.579091	0.988946	22.556720	0.326917	0.286101	2127	22.732353	0.233371	0.972636	19.701706	0.878195	0.294550	0.989063	0.680969	-1.667672	-0.261698	False	d2_d0002_p0259_t0000
d2_d0002_p0260_t0000.png	0.981471	23.974650	1.000000	0.978611	23.050463	0.373243	45680	41	718	1199	74	2.281205	17.512195	4815	5492	9647.243717	3.888212	0.075822	-0.002862	0.631815	22361.404419	0.329588	41	718	-677	1199	74	2.281205	17.512195	41	176	4815	5492	3542	1.756599	3.888212	9647.243717	0.075822	284651	6.231414	7.880911	600x600	360000	dense	Learned	5015	41	43	45086	26.478117	0.674389	24.666584	0.984334	0.368185	0.315692	1962	3232	0.000000	28	44930	27.652076	0.788558	0.989350	26.060488	0.312298	0.361561	1070	23.296338	0.312699	0.957185	20.421637	0.989726	0.360264	-0.691934	0.662919	-3.427654	-0.301146	False	d2_d0002_p0260_t0000
d2_d0002_p0261_t0000.png	0.975913	22.406146	1.000000	0.999997	23.111225	0.424251	57594	15	1031	1742	66	2.328696	68.733333	6182	7198	12630.329765	4.007886	0.067048	-0.008196	0.340403	22408.118963	0.705677	15	1031	-1016	1742	66	2.328696	68.733333	16	250	6182	7198	4374	1.754700	4.007886	12630.329765	0.067048	279061	4.845314	6.250651	600x600	360000	dense	Learned	6382	16	51	57405	26.432763	0.720547	23.992642	0.984109	0.659597	0.484693	902	3550	0.000000	33	57214	28.444131	0.847483	0.990845	26.382099	0.429618	0.652536	1064	21.848112	0.313334	0.929807	18.085285	0.999892	0.611278	-1.586496	0.515304	-3.321538	-0.296296	False	d2_d0002_p0261_t0000
d2_d0002_p0262_t0000.png	0.974414	21.976326	1.000000	0.998546	21.322048	0.294513	52628	25	814	1411	137	2.298977	32.560000	5278	6067	10837.193696	4.124704	0.073084	-0.002027	0.543821	26969.099760	0.482217	25	814	-789	1411	137	2.298977	32.560000	27	172	5278	6067	3730	1.786252	4.124704	10837.193696	0.073084	277436	5.271642	6.840465	600x600	360000	dense	Learned	5478	27	37	52572	24.036827	0.665156	22.234741	0.976441	0.456179	0.317114	2396	5699	0.000000	18	51178	25.769854	0.786828	0.987868	24.989009	0.272221	0.441924	1071	21.094758	0.201285	0.930233	18.501560	0.993842	0.445411	-0.258415	0.681432	-2.714779	-0.370644	False	d2_d0002_p0262_t0000
d2_d0002_p0263_t0000.png	0.973994	22.209864	1.000000	0.999401	22.511591	0.307484	47419	21	731	1277	80	2.303613	34.809524	4677	5387	9504.418819	4.441394	0.072445	-0.001389	0.416361	25989.358187	0.628705	21	731	-710	1277	80	2.303613	34.809524	21	167	4677	5387	3320	1.764325	4.441394	9504.418819	0.072445	272437	5.745313	7.591894	600x600	360000	dense	Learned	4877	21	36	46648	24.688198	0.639852	22.398905	0.975383	0.583639	0.282574	1491	2702	0.000000	19	47226	26.122831	0.756505	0.986791	24.863119	0.207123	0.562064	1094	21.902424	0.223145	0.928900	18.554691	0.932365	0.578411	-0.189041	0.716827	-2.176607	-0.332369	False	d2_d0002_p0263_t0000
d2_d0002_p0264_t0000.png	0.976370	21.874254	1.000000	0.999562	22.086640	0.300868	46295	19	636	1102	90	2.273372	33.473684	4514	5131	8899.364425	4.301078	0.071474	0.000114	0.441771	23835.501194	0.591398	19	636	-617	1102	90	2.273372	33.473684	19	138	4514	5131	3322	1.734431	4.301078	8899.364425	0.071474	271782	5.870656	7.776218	600x600	360000	dense	Learned	4714	19	34	45955	24.202366	0.633057	21.818891	0.976256	0.558229	0.313719	1325	2775	0.000000	16	45080	25.639722	0.741890	0.987813	24.494297	0.224504	0.538027	1073	21.444333	0.214113	0.931511	18.005152	0.979785	0.563472	0.055363	0.685843	-2.115726	-0.332189	False	d2_d0002_p0264_t0000
d2_d0002_p0265_t0000.png	0.979089	22.735804	1.000000	1.000000	23.682553	0.443830	50389	9	897	1504	54	2.334086	99.666667	5316	6204	10869.360600	4.114929	0.071106	-0.006413	0.287589	23325.969219	0.748284	9	897	-888	1504	54	2.334086	99.666667	9	216	5316	6204	3758	1.751992	4.114929	10869.360600	0.071106	271045	5.379051	7.144416	600x600	360000	dense	Learned	5516	9	50	50144	27.225706	0.705571	24.145295	0.985502	0.712411	0.564204	431	1698	0.000000	33	50126	28.790153	0.820154	0.991041	26.192485	0.543776	0.706875	1072	22.552295	0.353867	0.939490	18.183212	0.997618	0.664861	-1.409491	0.435796	-3.543153	-0.261742	False	d2_d0002_p0265_t0000
d2_d0002_p0266_t0000.png	0.978409	22.445901	1.000000	1.000000	23.411606	0.414184	51515	9	847	1435	71	2.317184	94.111111	5284	6122	10551.317845	4.135389	0.068701	-0.005730	0.311083	25018.929005	0.710373	9	847	-838	1435	71	2.317184	94.111111	11	206	5284	6122	3778	1.723508	4.135389	10551.317845	0.068701	275928	5.356265	6.988256	600x600	360000	dense	Learned	5484	11	47	51012	26.540461	0.693396	23.628684	0.984139	0.688917	0.714037	301	1910	0.000000	30	50840	28.066691	0.812751	0.989651	25.452032	0.657315	0.682652	1010	21.888849	0.311784	0.933734	17.669508	0.995753	0.649729	-1.182783	0.285963	-3.128855	-0.279212	False	d2_d0002_p0266_t0000
d2_d0002_p0267_t0000.png	0.976290	23.787255	1.000000	1.000000	24.758821	0.484985	47982	8	853	1450	70	2.326949	106.625000	5169	6014	10761.703746	4.202083	0.075546	-0.008062	0.346954	23913.180590	0.696378	8	853	-845	1450	70	2.326949	106.625000	8	203	5169	6014	3649	1.789442	4.202083	10761.703746	0.075546	273785	5.705994	7.502814	600x600	360000	dense	Learned	5369	8	55	47840	28.363513	0.722176	25.367607	0.984352	0.653046	0.534749	533	2147	0.000000	41	47724	30.040107	0.826389	0.990588	27.549911	0.447440	0.645991	1059	23.923000	0.404210	0.940299	19.708186	0.996555	0.632349	-1.580352	0.465251	-3.604692	-0.237191	False	d2_d0002_p0267_t0000
d2_d0002_p0268_t0000.png	0.979945	23.497234	1.000000	0.999998	25.002628	0.507495	45404	12	764	1322	47	2.316099	63.666667	4758	5510	9703.231524	4.203524	0.071146	-0.006315	0.281163	24920.825958	0.751684	12	764	-752	1322	47	2.316099	63.666667	12	196	4758	5510	3389	1.761022	4.203524	9703.231524	0.071146	273673	6.027509	7.928817	600x600	360000	dense	Learned	4958	12	53	44779	28.598565	0.717397	25.046268	0.986260	0.718837	0.626611	261	1072	0.000000	40	44182	30.217592	0.809743	0.992256	27.594687	0.576294	0.714903	1064	23.553431	0.423731	0.943213	18.784359	0.988384	0.674949	-1.549034	0.373387	-3.595936	-0.209902	False	d2_d0002_p0268_t0000
d2_d0002_p0269_t0000.png	0.974023	22.199175	1.000000	1.000000	23.232698	0.424440	60591	5	979	1645	38	2.311780	195.800000	6248	7222	12937.506919	4.107364	0.069608	-0.009392	0.251737	24871.660948	0.772557	5	979	-974	1645	38	2.311780	195.800000	6	260	6248	7222	4565	1.791402	4.107364	12937.506919	0.069608	253936	4.190985	5.941476	600x600	360000	dense	Learned	6448	6	52	59745	26.387942	0.724181	23.988958	0.983416	0.748263	0.724203	393	3216	0.000000	33	60458	28.626976	0.852110	0.991350	26.807674	0.597693	0.745503	721	20.516535	0.276332	0.909784	16.652037	1.000000	0.695127	-1.789784	0.275797	-3.155244	-0.299741	False	d2_d0002_p0269_t0000
d2_d0002_p0270_t0000.png	0.981383	22.542954	1.000000	1.000000	23.945114	0.418342	49265	10	787	1334	48	2.303220	78.700000	5125	5902	10281.841697	3.915348	0.066906	-0.005171	0.266462	23470.673800	0.751014	10	787	-777	1334	48	2.303220	78.700000	10	201	5125	5902	3743	1.742094	3.915348	10281.841697	0.066906	272236	5.525951	7.307419	600x600	360000	dense	Learned	5325	10	48	49226	26.896482	0.689302	23.809061	0.986554	0.733538	0.646655	321	1831	0.000000	30	48702	28.270113	0.802441	0.990625	25.455241	0.594881	0.725502	1071	22.571705	0.331547	0.944077	17.972356	0.998377	0.700542	-1.266107	0.353345	-2.951368	-0.270959	False	d2_d0002_p0270_t0000
d2_d0002_p0271_t0000.png	0.985659	24.301566	1.000000	0.999997	26.432401	0.599625	40770	11	757	1270	49	2.339322	68.818182	4397	5143	8887.106633	3.956073	0.065837	-0.005497	0.246815	22231.849432	0.777807	11	757	-746	1270	49	2.339322	68.818182	11	181	4397	5143	3078	1.728001	3.956073	8887.106633	0.065837	262795	6.445793	8.830022	600x600	360000	dense	Learned	4597	11	59	40574	30.405849	0.756798	26.152168	0.991156	0.753185	0.715414	128	433	0.000000	54	40474	32.285487	0.824606	0.996017	29.657046	0.628060	0.750771	1449	25.869201	0.555079	0.964648	20.391471	0.918383	0.725174	-1.850602	0.284583	-3.973448	-0.157173	False	d2_d0002_p0271_t0000
d2_d0002_p0272_t0000.png	0.979064	21.870659	1.000000	1.000000	22.975544	0.401381	58457	7	1116	1877	25	2.374662	159.428571	5920	7029	12266.494726	3.981306	0.068701	-0.006492	0.210612	23592.921972	0.823491	7	1116	-1109	1877	25	2.374662	159.428571	7	283	5920	7029	4018	1.745127	3.981306	12266.494726	0.068701	274993	4.704193	6.158373	600x600	360000	dense	Learned	6120	7	48	57521	25.958129	0.711984	23.295084	0.985555	0.789388	0.688045	339	2317	0.000000	30	58128	28.126872	0.838424	0.992728	26.272697	0.614429	0.786260	1086	20.850975	0.287458	0.927765	16.677661	0.999995	0.741435	-1.424424	0.311955	-2.982585	-0.310603	False	d2_d0002_p0272_t0000
d2_d0002_p0273_t0000.png	0.984589	22.304696	1.000000	0.999995	22.830585	0.292077	33883	9	561	975	63	2.321304	62.333333	3436	3988	6760.694152	4.263056	0.065463	0.002419	0.549261	21437.810659	0.452407	9	561	-552	975	63	2.321304	62.333333	9	126	3436	3988	2398	1.695259	4.263056	6760.694152	0.065463	250560	7.394859	10.624797	600x600	360000	dense	Learned	3636	9	28	33618	24.635375	0.572468	21.820029	0.982170	0.450739	0.307402	1262	1936	0.000000	13	32034	25.261923	0.648888	0.987793	23.105635	0.284717	0.447668	1758	22.938479	0.257425	0.962712	19.382593	0.988273	0.458690	0.484667	0.692592	-1.804790	-0.280390	False	d2_d0002_p0273_t0000
d2_d0002_p0274_t0000.png	0.981317	23.172034	1.000000	0.999875	22.787927	0.325326	44351	15	703	1202	68	2.288591	46.866667	4768	5456	9312.225172	3.828861	0.065657	-0.001353	0.606741	21243.252277	0.369304	15	703	-688	1202	68	2.288591	46.866667	17	165	4768	5456	3498	1.706786	3.828861	9312.225172	0.065657	288004	6.493743	8.117066	600x600	360000	dense	Learned	4968	17	37	43009	25.401468	0.638456	23.413929	0.982669	0.393259	0.278482	2060	3057	0.000000	21	44206	26.593191	0.759539	0.989171	25.179957	0.253471	0.392231	1432	22.949021	0.278996	0.957954	19.954284	0.984947	0.375289	-0.241895	0.721393	-2.613541	-0.313131	False	d2_d0002_p0274_t0000
d2_d0002_p0275_t0000.png	0.976668	22.724437	1.000000	0.999998	23.506680	0.350761	44093	10	749	1268	89	2.324336	74.900000	4557	5296	9162.135136	4.238311	0.070893	-0.003036	0.429366	24440.590382	0.622349	10	749	-739	1268	89	2.324336	74.900000	11	169	4557	5296	3200	1.730010	4.238311	9162.135136	0.070893	273623	6.205588	8.164561	600x600	360000	dense	Learned	4757	11	40	43407	25.955926	0.643183	23.238017	0.979704	0.570634	0.380638	1028	2723	0.000000	22	42972	26.950691	0.749764	0.985488	24.598407	0.353394	0.559192	1450	23.368848	0.293674	0.945245	19.594791	0.993220	0.568848	-0.513580	0.619360	-2.449247	-0.292422	False	d2_d0002_p0275_t0000
d2_d0002_p0276_t0000.png	0.984979	22.111239	1.000000	0.999999	23.852941	0.292351	28131	7	486	811	36	2.380461	69.428571	2518	2997	5874.097039	4.374300	0.059452	0.004533	0.309934	22228.535414	0.692206	7	486	-479	811	36	2.380461	69.428571	7	115	2518	2997	1671	1.959992	4.374300	5874.097039	0.059452	265699	9.445061	12.797270	600x600	360000	sparse	Learned	2638	7	24	27153	24.855616	0.532751	21.171160	0.980446	0.690066	0.534705	181	518	0.000000	11	27272	25.453548	0.579824	0.987783	22.797656	0.406592	0.666256	2141	23.520263	0.265785	0.963986	19.090730	0.897608	0.704373	0.940080	0.465294	-1.002674	-0.240400	False	d2_d0002_p0276_t0000
d2_d0002_p0277_t0000.png	0.986935	22.194040	1.000000	0.999786	24.135409	0.311935	27924	10	438	734	32	2.337539	43.800000	2536	2964	5685.696643	3.964479	0.053032	0.003248	0.294663	20400.019884	0.715004	10	438	-428	734	32	2.337539	43.800000	11	115	2536	2964	1770	1.918251	3.964479	5685.696643	0.053032	262886	9.414339	12.892136	600x600	360000	sparse	Learned	2656	11	25	27024	25.228355	0.542985	21.301195	0.983686	0.705337	0.744411	86	435	0.000000	12	26374	25.773360	0.594670	0.989048	22.618718	0.672849	0.682888	2123	23.843748	0.288103	0.969290	19.105519	0.996683	0.718851	0.892845	0.255375	-1.092946	-0.231051	False	d2_d0002_p0277_t0000
d2_d0002_p0278_t0000.png	0.975404	23.795134	1.000000	0.999925	23.485540	0.350416	45387	15	645	1113	91	2.251849	43.000000	5003	5633	9742.508540	4.010994	0.067988	-0.004145	0.604036	22683.606386	0.433022	15	645	-630	1113	91	2.251849	43.000000	17	145	5003	5633	3799	1.729542	4.010994	9742.508540	0.067988	282676	6.228127	7.931787	600x600	360000	dense	Learned	5203	17	43	44799	26.383420	0.659695	24.464879	0.979549	0.395964	0.227124	2649	3082	0.000000	27	44862	27.554039	0.775262	0.985912	25.901921	0.204697	0.389018	1036	23.760181	0.295917	0.948548	20.977530	0.953935	0.381278	-0.669745	0.772801	-2.897879	-0.309278	False	d2_d0002_p0278_t0000
d2_d0002_p0279_t0000.png	0.988783	22.284248	1.000000	0.998314	24.576074	0.302786	22756	9	306	516	30	2.293769	34.000000	2022	2319	4266.226896	4.177415	0.052215	0.004025	0.301880	20887.296200	0.701175	9	306	-297	516	30	2.293769	34.000000	11	76	2022	2319	1476	1.839684	4.177415	4266.226896	0.052215	260817	11.461461	15.820004	600x600	360000	sparse	Learned	2142	11	22	22210	25.311365	0.507018	21.055215	0.984758	0.698120	0.774020	52	246	0.000000	10	21648	25.707807	0.533577	0.989788	22.233525	0.693417	0.678537	2498	24.307439	0.290415	0.976351	19.493214	0.979657	0.698605	1.229032	0.224294	-0.735292	-0.204232	False	d2_d0002_p0279_t0000
d2_d0002_p0281_t0000.png	0.973404	22.934599	1.000000	0.999991	23.743584	0.356317	44655	10	678	1187	79	2.287621	67.800000	4645	5313	9189.575709	4.392674	0.067667	-0.003882	0.417699	24920.783758	0.630049	10	678	-668	1187	79	2.287621	67.800000	13	147	4645	5313	3379	1.729640	4.392674	9189.575709	0.067667	275251	6.163946	8.061807	600x600	360000	dense	Learned	4845	13	41	44535	26.057804	0.649936	23.506021	0.977286	0.582301	0.376742	1088	2946	0.000000	23	43288	27.054198	0.753763	0.984171	24.834180	0.316515	0.569662	1438	23.512464	0.294858	0.939460	20.015761	0.981000	0.585843	-0.571422	0.623249	-2.314220	-0.293618	False	d2_d0002_p0281_t0000
d2_d0002_p0282_t0000.png	0.981756	22.260255	1.000000	0.999774	23.748199	0.354066	41698	15	630	1099	55	2.292997	42.000000	4198	4813	8286.475031	4.298527	0.069335	-0.001351	0.295925	23930.143356	0.748340	15	630	-615	1099	55	2.292997	42.000000	16	158	4198	4813	3044	1.721686	4.298527	8286.475031	0.069335	261727	6.276728	8.633508	600x600	360000	dense	Learned	4398	16	37	41212	25.719229	0.631589	22.512157	0.983106	0.704075	0.475105	509	1685	0.000000	21	41120	26.773651	0.736485	0.988469	24.021964	0.413714	0.689328	1440	23.071303	0.295556	0.950008	18.653921	0.972813	0.699375	-0.251901	0.524668	-1.971030	-0.277523	False	d2_d0002_p0282_t0000
d2_d0002_p0283_t0000.png	0.979036	22.228447	1.000000	1.000000	22.806596	0.339773	46870	9	736	1294	83	2.307725	81.777778	4725	5452	9595.935060	4.197103	0.072208	-0.002009	0.368426	24402.332306	0.715965	9	736	-727	1294	83	2.307725	81.777778	9	168	4725	5452	3348	1.760076	4.197103	9595.935060	0.072208	273120	5.827182	7.680819	600x600	360000	dense	Learned	4925	9	38	45928	25.251928	0.647040	22.615754	0.981044	0.631574	0.295787	1467	2720	0.000000	21	45582	26.511128	0.762199	0.987963	24.523356	0.246368	0.610795	1093	22.226865	0.261017	0.942008	18.422785	0.998820	0.621959	-0.387307	0.704213	-2.445332	-0.307268	False	d2_d0002_p0283_t0000
d2_d0002_p0284_t0000.png	0.974552	21.984506	1.000000	1.000000	22.159708	0.362704	61066	7	997	1710	74	2.316193	142.428571	6262	7252	12854.875211	4.055541	0.073830	-0.007261	0.344810	25016.496420	0.701458	7	997	-990	1710	74	2.316193	142.428571	10	238	6262	7252	4478	1.772597	4.055541	12854.875211	0.073830	275272	4.507778	5.895261	600x600	360000	dense	Learned	6462	10	47	60987	25.319778	0.715203	23.288811	0.981813	0.655190	0.418690	1109	4027	0.000000	27	59872	27.549380	0.839013	0.991136	26.356077	0.329847	0.649816	718	20.432019	0.227329	0.916587	16.901082	0.999672	0.625750	-1.304305	0.581310	-3.160069	-0.352499	False	d2_d0002_p0284_t0000
d2_d0002_p0286_t0000.png	0.991359	22.133059	1.000000	0.999309	23.471851	0.242996	18120	8	263	466	42	2.309842	32.875000	1646	1901	3524.681600	3.866833	0.061329	0.004192	0.464640	18847.500801	0.552428	8	263	-255	466	42	2.309842	32.875000	8	54	1646	1901	1138	1.854120	3.866833	3524.681600	0.061329	262179	14.469040	19.867550	600x600	360000	sparse	Learned	1766	8	16	16691	24.158019	0.424445	20.410940	0.987167	0.535360	0.264717	224	177	0.000000	6	17284	24.534083	0.450537	0.991568	21.825335	0.258612	0.518742	3138	23.687611	0.244254	0.985277	20.206815	0.839386	0.532108	1.722119	0.734592	-0.686168	-0.181449	False	d2_d0002_p0286_t0000
d2_d0002_p0287_t0000.png	0.966158	22.444369	1.000000	1.000000	22.171387	0.426399	75303	14	1307	2252	97	2.325242	93.357143	7951	9244	16637.102300	4.101568	0.075019	-0.015352	0.366139	26152.115345	0.708304	14	1307	-1293	2252	97	2.325242	93.357143	14	309	7951	9244	5602	1.799773	4.101568	16637.102300	0.075019	283505	3.764857	4.780686	600x600	360000	dense	Learned	8151	14	58	74208	26.353989	0.776748	24.806887	0.981510	0.633861	0.373323	1980	6268	0.000000	40	75236	29.862924	0.905567	0.992717	28.971919	0.336531	0.632093	729	20.055911	0.243497	0.893545	17.281654	0.999973	0.579063	-2.362518	0.626677	-4.182603	-0.350350	False	d2_d0002_p0287_t0000
d2_d0002_p0289_t0000.png	0.975737	22.619232	1.000000	0.999788	23.378098	0.373093	48432	17	719	1229	69	2.289365	42.294118	4852	5554	10017.977375	4.252341	0.080689	-0.004122	0.390768	24418.431759	0.646349	17	719	-702	1229	69	2.289365	42.294118	19	185	4852	5554	3554	1.803741	4.252341	10017.977375	0.080689	276794	5.715106	7.433102	600x600	360000	dense	Learned	5052	19	42	47633	25.893880	0.665910	23.301744	0.979859	0.609232	0.390233	1041	2829	0.000000	25	47386	27.241621	0.781478	0.987499	25.244274	0.342562	0.595921	1090	22.438968	0.288864	0.933854	18.608871	0.992025	0.590994	-0.682512	0.609556	-2.515783	-0.292817	False	d2_d0002_p0289_t0000
d2_d0002_p0290_t0000.png	0.973439	22.536163	1.000000	0.999980	23.094797	0.397714	56607	18	946	1596	68	2.316561	52.555556	5863	6791	12002.499777	4.172158	0.071867	-0.007439	0.345304	24747.620583	0.712685	18	946	-928	1596	68	2.316561	52.555556	18	224	5863	6791	4199	1.767413	4.172158	12002.499777	0.071867	278898	4.926917	6.359638	600x600	360000	dense	Learned	6063	18	48	55302	26.153901	0.703716	23.785159	0.980878	0.654696	0.406902	1127	3519	0.000000	30	55760	28.027013	0.830759	0.989106	26.166820	0.384035	0.647215	1062	21.830404	0.287975	0.923433	18.191783	0.990721	0.624317	-1.248996	0.593078	-3.059105	-0.306002	False	d2_d0002_p0290_t0000
d2_d0002_p0292_t0000.png	0.990932	22.822550	1.000000	0.999972	25.931129	0.408898	21618	7	339	601	34	2.353568	48.428571	1878	2210	4556.014207	4.165860	0.071123	0.001404	0.288420	19034.916878	0.742023	7	339	-332	601	34	2.353568	48.428571	7	91	1878	2210	1243	2.061545	4.165860	4556.014207	0.071123	256457	11.863123	16.652789	600x600	360000	sparse	Learned	1998	7	27	21309	27.290149	0.561889	22.314042	0.989528	0.711580	0.611932	73	144	0.000000	18	20844	27.754143	0.607966	0.992481	23.559948	0.642362	0.706961	2853	26.212467	0.403274	0.982795	20.598529	0.899616	0.709463	0.508508	0.388039	-1.359021	-0.152990	False	d2_d0002_p0292_t0000
d2_d0002_p0293_t0000.png	0.994769	20.529968	1.000000	0.999994	17.099834	0.080032	16555	4	234	417	36	2.331174	58.500000	1389	1619	2861.062192	4.292553	0.045827	0.016822	0.930956	18035.389900	0.037727	4	234	-230	417	36	2.331174	58.500000	4	45	1389	1619	936	1.767179	4.292553	2861.062192	0.045827	227987	13.771489	21.745696	600x600	360000	sparse	Learned	1509	4	7	14712	17.567254	0.305409	17.151509	0.977947	0.069044	0.242980	3966	1511	0.000000									16911	18.030201	0.368757	0.982983	18.089772	0.075204	0.088909	3.378458	0.757013	-0.467420	-0.225377	False	d2_d0002_p0293_t0000
d2_d0002_p0298_t0000.png	0.984718	22.736419	1.000000	0.999981	24.387387	0.411316	37848	11	556	965	53	2.289278	50.545455	3768	4313	7416.490183	4.079889	0.069223	-0.001792	0.318361	22268.280983	0.721343	11	556	-545	965	53	2.289278	50.545455	11	139	3768	4313	2750	1.719566	4.079889	7416.490183	0.069223	272900	7.210421	9.511731	600x600	360000	dense	Learned	3968	11	40	37552	27.035347	0.643501	23.238897	0.986510	0.681639	0.597196	230	833	0.000000	26	37824	28.067944	0.746023	0.990885	24.866876	0.488412	0.672639	1381	24.185979	0.364702	0.960920	19.149182	0.996813	0.664201	-0.502478	0.402785	-2.647960	-0.232185	False	d2_d0002_p0298_t0000
d2_d0002_p0299_t0000.png	0.982931	24.791168	1.000000	0.999610	26.223038	0.552481	38402	17	638	1089	72	2.291481	37.529412	4261	4882	8231.475031	4.057617	0.065371	-0.004988	0.462990	22387.562275	0.520848	17	638	-621	1089	72	2.291481	37.529412	17	140	4261	4882	3100	1.686087	4.057617	8231.475031	0.065371	262890	6.845737	9.374512	600x600	360000	dense	Learned	4461	17	55	37755	29.791147	0.730759	26.145523	0.987920	0.537010	0.451645	649	1770	0.000000	47	37896	31.461003	0.806650	0.993894	29.025065	0.388767	0.531003	1443	26.687601	0.517128	0.965740	22.047817	0.994432	0.523276	-1.354355	0.547966	-3.568109	-0.178278	False	d2_d0002_p0299_t0000
d2_d0002_p0300_t0000.png	0.972958	25.166275	1.000000	1.000000	24.760550	0.529957	54654	12	875	1515	77	2.277136	72.916667	6228	7091	12867.919670	3.927126	0.078999	-0.010950	0.505166	24905.655384	0.517925	12	875	-863	1515	77	2.277136	72.916667	14	210	6228	7091	4636	1.814683	3.927126	12867.919670	0.078999	269546	4.931862	6.586892	600x600	360000	dense	Learned	6428	14	64	54104	29.557012	0.771545	27.346533	0.983908	0.494834	0.312507	1499	2980	0.000000	51	53724	31.483545	0.862711	0.990728	29.709239	0.292090	0.492072	1034	24.675790	0.444886	0.940092	21.326629	0.989615	0.454252	-2.180258	0.687493	-4.796463	-0.241588	False	d2_d0002_p0300_t0000
d2_d0002_p0301_t0000.png	0.980135	22.218625	1.000000	0.999996	23.836273	0.405353	46603	12	797	1330	36	2.331224	66.416667	4740	5525	9474.295012	4.141865	0.069028	-0.004599	0.270553	21935.687304	0.810736	12	797	-785	1330	36	2.331224	66.416667	12	214	4740	5525	3374	1.714805	4.141865	9474.295012	0.069028	272092	5.838508	7.724825	600x600	360000	dense	Learned	4940	12	44	46585	26.429592	0.671487	23.197638	0.984733	0.729447	0.410191	724	1723	0.000000	27	46252	27.669051	0.788718	0.989692	24.821654	0.433869	0.722483	1072	22.858331	0.328786	0.945140	18.347298	0.999916	0.682023	-0.979013	0.589806	-2.593319	-0.266134	False	d2_d0002_p0301_t0000
d2_d0002_p0302_t0000.png	0.985705	22.997796	1.000000	0.998525	23.248156	0.316793	34372	17	487	843	63	2.267883	28.647059	3509	3979	6805.096742	3.951341	0.069202	0.001027	0.593549	20472.100973	0.415809	17	487	-470	843	63	2.267883	28.647059	17	117	3509	3979	2603	1.710253	3.951341	6805.096742	0.069202	282352	8.214593	10.473641	600x600	360000	dense	Learned	3709	17	30	33350	25.364680	0.584564	22.766767	0.984678	0.406451	0.360164	975	1826	0.000000	16	33990	25.979621	0.678366	0.988460	23.707183	0.292118	0.400023	1769	23.627179	0.286615	0.968816	20.260985	0.987599	0.396781	0.231029	0.638360	-2.116524	-0.267771	False	d2_d0002_p0302_t0000
d2_d0002_p0303_t0000.png	0.984805	22.238737	1.000000	0.998892	23.880874	0.340347	36306	16	600	999	38	2.335729	37.500000	3479	4063	6782.025104	4.265484	0.062168	0.000178	0.275636	22724.482775	0.751342	16	600	-584	999	38	2.335729	37.500000	16	142	3479	4063	2442	1.669216	4.265484	6782.025104	0.062168	249374	6.868672	9.915716	600x600	360000	dense	Learned	3679	16	33	36181	25.761811	0.606375	22.173731	0.984627	0.724364	0.511604	267	810	0.000000	18	36006	26.653264	0.688755	0.990030	23.872706	0.434232	0.706634	1453	23.156751	0.295208	0.956924	18.215308	0.863630	0.712349	0.065006	0.487288	-1.880937	-0.266029	False	d2_d0002_p0303_t0000
d2_d0002_p0304_t0000.png	0.976604	22.556846	1.000000	0.999999	23.149277	0.422875	57590	14	1114	1866	52	2.374915	79.571429	5868	6968	12506.542633	4.065519	0.078857	-0.007614	0.314934	23755.662203	0.742583	14	1114	-1100	1866	52	2.374915	79.571429	14	262	5868	6968	3950	1.794854	4.065519	12506.542633	0.078857	280725	4.874544	6.251085	600x600	360000	dense	Learned	6068	14	51	56683	26.569660	0.719906	24.068612	0.984218	0.685066	0.462653	828	2973	0.000000	33	56554	28.506896	0.842696	0.990926	26.475253	0.408120	0.678038	1089	21.573136	0.310180	0.928740	17.804890	0.993678	0.641646	-1.511765	0.537346	-3.420383	-0.297031	False	d2_d0002_p0304_t0000
d2_d0002_p0305_t0000.png	0.969566	22.759831	1.000000	1.000000	22.742878	0.422160	66432	8	1059	1850	81	2.299217	132.375000	7025	8076	14433.889963	4.102927	0.075180	-0.012355	0.407722	25135.660410	0.618712	8	1059	-1051	1850	81	2.299217	132.375000	8	262	7025	8076	5094	1.787257	4.102927	14433.889963	0.075180	281076	4.231033	5.419075	600x600	360000	dense	Learned	7225	8	56	64999	26.623866	0.749601	24.748579	0.981921	0.592278	0.488097	1212	5390	0.000000	38	65446	29.244813	0.879510	0.991053	27.759418	0.413605	0.588415	701	21.042083	0.265875	0.909662	17.967620	0.999998	0.542276	-1.988747	0.511903	-3.880987	-0.327442	False	d2_d0002_p0305_t0000
d2_d0002_p0306_t0000.png	0.980608	22.426735	1.000000	0.999998	23.816067	0.453857	49819	12	841	1389	29	2.336036	70.083333	4934	5763	9952.098623	4.244603	0.067359	-0.005548	0.247983	23485.330343	0.770267	12	841	-829	1389	29	2.336036	70.083333	12	208	4934	5763	3516	1.726895	4.244603	9952.098623	0.067359	271376	5.447239	7.226159	600x600	360000	dense	Learned	5134	12	48	49050	27.075604	0.701623	23.716169	0.986156	0.752017	0.673140	270	1312	0.000000	32	49014	28.735671	0.815969	0.992012	26.054406	0.614658	0.750198	1084	21.905345	0.356775	0.935332	17.309304	0.998955	0.705379	-1.289434	0.326858	-3.259536	-0.247766	False	d2_d0002_p0306_t0000
d2_d0002_p0307_t0000.png	0.974528	23.116669	1.000000	0.999996	23.561611	0.416278	53492	15	1001	1667	69	2.350080	66.733333	5633	6619	11561.504828	4.051544	0.070425	-0.007491	0.425815	23175.532103	0.604937	15	1001	-986	1667	69	2.350080	66.733333	15	236	5633	6619	3897	1.746715	4.051544	11561.504828	0.070425	282552	5.282136	6.729978	600x600	360000	dense	Learned	5833	15	51	52990	26.984110	0.710814	24.537101	0.982019	0.574185	0.367647	1064	2612	0.000000	33	52924	28.590425	0.826738	0.989007	26.524316	0.331312	0.569368	1069	22.476564	0.324170	0.930864	18.748676	0.993433	0.541201	-1.420432	0.632348	-3.422499	-0.294536	False	d2_d0002_p0307_t0000
d2_d0002_p0308_t0000.png	0.984763	23.516087	1.000000	1.000000	25.246509	0.508376	43925	8	823	1376	30	2.337614	102.875000	4828	5643	9824.924958	3.759074	0.067066	-0.004856	0.224554	22084.212780	0.817362	8	823	-815	1376	30	2.337614	102.875000	8	217	4828	5643	3422	1.741082	3.759074	9824.924958	0.067066	270903	6.167399	8.195788	600x600	360000	dense	Learned	5028	8	53	43542	28.736449	0.715683	24.992050	0.989619	0.775446	0.903028	102	1171	0.000000	40	42358	30.246959	0.804884	0.994151	27.436009	0.865173	0.769297	1451	24.490333	0.451130	0.959159	19.410367	0.999306	0.747870	-1.475963	0.096972	-3.489940	-0.207307	False	d2_d0002_p0308_t0000
d2_d0002_p0309_t0000.png	0.985154	22.382969	1.000000	0.999998	24.436432	0.439029	41309	9	670	1119	30	2.326420	74.444444	4050	4711	8138.095301	4.129721	0.067766	-0.002688	0.234069	22261.303663	0.815982	9	670	-661	1119	30	2.326420	74.444444	10	173	4050	4711	2901	1.727467	4.129721	8138.095301	0.067766	265176	6.419328	8.714808	600x600	360000	dense	Learned	4250	10	42	40707	27.142537	0.668445	23.169664	0.987842	0.765931	0.767072	121	673	0.000000	28	39898	28.325718	0.763896	0.992540	25.204867	0.683238	0.760929	1449	23.187473	0.384728	0.953823	17.754009	0.969231	0.729185	-0.786695	0.232926	-2.706105	-0.229416	False	d2_d0002_p0309_t0000
d2_d0002_p0310_t0000.png	0.973135	21.044135	1.000000	1.000000	19.995627	0.312641	70110	9	977	1688	86	2.282876	108.555556	6844	7812	14015.658290	3.831243	0.072699	-0.004729	0.447342	24089.635134	0.655361	9	977	-968	1688	86	2.282876	108.555556	9	216	6844	7812	5070	1.794119	3.831243	14015.658290	0.072699	271105	3.866852	5.134788	600x600	360000	dense	Learned	7044	9	40	69182	23.039341	0.733740	21.756758	0.977864	0.552658	0.233870	3995	7989	0.000000	20	69522	26.381346	0.876675	0.992627	26.537936	0.155879	0.534189	729	18.657722	0.143448	0.904733	15.961646	1.000000	0.551596	-0.712622	0.766130	-3.043714	-0.421100	False	d2_d0002_p0310_t0000
d2_d0002_p0311_t0000.png	0.978211	21.164114	1.000000	1.000000	21.094347	0.283023	54874	9	756	1290	50	2.286536	84.000000	5214	5961	10237.451870	3.961600	0.070539	-0.000000	0.380725	23031.295061	0.662938	9	756	-747	1290	50	2.286536	84.000000	10	179	5214	5961	3874	1.717405	3.961600	10237.451870	0.070539	266195	4.851022	6.560484	600x600	360000	dense	Learned	5416	10	34	53617	23.156943	0.659339	21.089803	0.978211	0.619275	0.329161	1369	3883	0.000000	17	54764	25.545607	0.807369	0.992260	25.528751	0.152372	0.592862	1081	19.849223	0.175830	0.925503	16.287312	0.984620	0.630956	0.074311	0.670839	-2.062596	-0.376316	False	d2_d0002_p0311_t0000
d2_d0002_p0312_t0000.png	0.978172	21.698474	1.000000	0.999998	21.938018	0.294756	48626	12	640	1134	62	2.257694	53.333333	4874	5502	9523.183321	3.993486	0.072603	0.000002	0.390257	23325.040340	0.638730	12	640	-628	1134	62	2.257694	53.333333	12	155	4874	5502	3678	1.730858	3.993486	9523.183321	0.072603	250262	5.146671	7.403447	600x600	360000	dense	Learned	5074	12	34	47740	24.000892	0.638260	21.631437	0.978169	0.609743	0.533180	651	3577	0.000000	17	48368	25.750334	0.761288	0.990484	25.070778	0.245647	0.585945	1088	20.882237	0.199516	0.931008	17.121335	0.982888	0.617752	0.067037	0.466817	-2.062874	-0.343504	False	d2_d0002_p0312_t0000
d2_d0002_p0313_t0000.png	0.973821	22.608477	1.000000	1.000000	23.214085	0.407449	58363	9	1133	1905	70	2.370285	125.888889	6071	7195	13006.473824	4.128545	0.075209	-0.008953	0.322123	25958.194017	0.727774	9	1133	-1124	1905	70	2.370285	125.888889	11	263	6071	7195	4096	1.807710	4.128545	13006.473824	0.075209	277047	4.746963	6.168292	600x600	360000	dense	Learned	6271	11	52	58079	26.581972	0.717556	24.232890	0.982773	0.677877	0.537508	701	3424	0.000000	33	57440	28.512353	0.842370	0.990201	26.660543	0.444727	0.674048	1095	21.880728	0.298596	0.925864	18.219603	0.992443	0.647556	-1.624413	0.462492	-3.367887	-0.310107	False	d2_d0002_p0313_t0000
d2_d0002_p0314_t0000.png	0.979594	22.430683	1.000000	0.997366	22.219906	0.322913	43648	26	684	1206	77	2.350000	26.307692	3760	4418	9739.536423	4.082671	0.082789	0.000067	0.465057	22697.455645	0.616991	26	684	-658	1206	77	2.350000	26.307692	27	159	3760	4418	2477	2.204513	4.082671	9739.536423	0.082789	282627	6.475142	8.247801	600x600	360000	sparse	Learned	3880	27	34	43185	24.693666	0.629939	22.408680	0.979527	0.534943	0.349186	1322	2841	0.000000	17	43226	25.833555	0.735029	0.987804	24.401580	0.307952	0.523113	1444	21.951205	0.256320	0.945874	18.661432	0.952203	0.509748	0.022003	0.648180	-2.473761	-0.307026	False	d2_d0002_p0314_t0000
d2_d0002_p0315_t0000.png	0.978911	23.089412	1.000000	0.999861	23.812003	0.402116	42880	18	853	1448	54	2.422464	47.388889	3953	4788	10464.967201	4.003770	0.082417	-0.003016	0.371500	22476.528168	0.720603	18	853	-835	1448	54	2.422464	47.388889	19	208	3953	4788	2451	2.185666	4.003770	10464.967201	0.082417	263705	6.149837	8.395522	600x600	360000	sparse	Learned	4073	19	41	42625	26.517961	0.662834	23.668965	0.981927	0.628500	0.275579	1385	1986	0.000000	26	42866	27.553562	0.766677	0.987492	25.154898	0.259636	0.615252	1454	23.408798	0.340334	0.948124	19.464967	0.934369	0.614044	-0.579553	0.724281	-2.705958	-0.260718	False	d2_d0002_p0315_t0000
d2_d0002_p0316_t0000.png	0.977772	23.161622	1.000000	0.999867	23.754451	0.443263	53846	21	911	1517	55	2.314766	43.380952	5655	6545	11613.434330	3.957914	0.072383	-0.007703	0.301196	23074.799061	0.778693	21	911	-890	1517	55	2.314766	43.380952	21	221	5655	6545	4083	1.774398	3.957914	11613.434330	0.072383	271880	5.049214	6.685733	600x600	360000	dense	Learned	5855	21	54	53820	27.464294	0.720359	24.810573	0.985475	0.698804	0.564940	546	2665	0.000000	36	53356	29.087068	0.832893	0.990673	26.752123	0.461229	0.692924	1096	22.687910	0.345628	0.936556	18.693732	0.982847	0.657337	-1.648951	0.434927	-3.709843	-0.277096	False	d2_d0002_p0316_t0000
d2_d0002_p0317_t0000.png	0.985612	21.520305	1.000000	0.999472	22.743947	0.303908	39874	16	601	1023	46	2.298469	37.562500	3920	4505	7443.907925	4.038719	0.062187	0.001291	0.297447	21862.803459	0.725968	16	601	-585	1023	46	2.298469	37.562500	16	146	3920	4505	2851	1.652366	4.038719	7443.907925	0.062187	266400	6.681045	9.028440	600x600	360000	dense	Learned	4120	16	31	39069	24.564094	0.600990	21.101694	0.984321	0.702553	0.726825	195	1417	0.000000	15	39432	25.810615	0.693508	0.992017	23.834172	0.506500	0.688181	1446	22.084480	0.250226	0.955426	17.267636	0.907962	0.701906	0.418612	0.272647	-1.820147	-0.297083	False	d2_d0002_p0317_t0000
d2_d0002_p0318_t0000.png	0.979927	24.372753	1.000000	0.999990	26.024992	0.571896	42918	12	833	1355	54	2.355873	69.416667	4614	5435	9407.487453	4.255280	0.067962	-0.007441	0.295628	25343.649387	0.727816	12	833	-821	1355	54	2.355873	69.416667	13	191	4614	5435	3205	1.730908	4.255280	9407.487453	0.067962	267204	6.225919	8.388089	600x600	360000	dense	Learned	4814	13	58	42608	29.939835	0.751654	26.144365	0.987368	0.704372	0.506892	370	1091	0.000000	49	42446	31.726817	0.823621	0.993961	29.352718	0.446535	0.698685	1450	25.434887	0.519245	0.951608	20.490986	0.992856	0.669040	-1.771612	0.493098	-3.914843	-0.179757	False	d2_d0002_p0318_t0000
d2_d0002_p0319_t0000.png	0.977482	22.686661	1.000000	1.000000	23.130364	0.442778	57753	9	961	1659	75	2.308590	106.777778	6170	7122	12697.084156	3.828233	0.076122	-0.008032	0.339560	24882.101059	0.694988	9	961	-952	1659	75	2.308590	106.777778	10	217	6170	7122	4436	1.782798	3.828233	12697.084156	0.076122	274493	4.752879	6.233442	600x600	360000	dense	Learned	6370	10	53	57236	26.911008	0.724677	24.372143	0.985514	0.660440	0.921951	240	4311	0.000000	35	57654	28.914349	0.848726	0.991329	26.677324	0.800611	0.656359	1086	22.009723	0.329388	0.932221	18.137015	1.000000	0.631541	-1.685482	0.078049	-3.780643	-0.281900	False	d2_d0002_p0319_t0000
d2_d0002_p0320_t0000.png	0.980531	24.492523	1.000000	0.999884	25.357948	0.591297	54300	21	975	1633	50	2.319491	46.428571	5972	6926	12365.346055	3.855755	0.074962	-0.009173	0.267994	23720.434666	0.784675	21	975	-954	1633	50	2.319491	46.428571	22	265	5972	6926	4289	1.785352	3.855755	12365.346055	0.074962	268798	4.950239	6.629834	600x600	360000	dense	Learned	6172	22	65	53499	30.123319	0.789508	27.010453	0.989704	0.732006	0.525736	424	1316	0.000000	57	53898	32.287165	0.872554	0.994810	30.007903	0.437333	0.723977	1090	23.159005	0.479277	0.942070	18.934312	0.993918	0.664208	-2.517930	0.474149	-4.765371	-0.198211	False	d2_d0002_p0320_t0000
d2_d0002_p0321_t0000.png	0.978400	24.743046	1.000000	0.999999	25.156232	0.579887	56143	14	1071	1801	57	2.334547	76.500000	6319	7376	13183.601610	3.833626	0.073743	-0.010650	0.303824	25138.032913	0.738519	14	1071	-1057	1801	57	2.334547	76.500000	15	261	6319	7376	4461	1.787365	3.833626	13183.601610	0.073743	267685	4.767914	6.412197	600x600	360000	dense	Learned	6519	15	67	55739	30.276315	0.792233	27.467711	0.989050	0.696176	0.399923	703	1573	0.000000	58	55358	32.402180	0.875534	0.994224	30.305208	0.382136	0.691300	1067	23.669177	0.473657	0.939708	19.746404	0.976472	0.631182	-2.724665	0.600076	-5.120083	-0.212346	False	d2_d0002_p0321_t0000
d2_d0002_p0322_t0000.png	0.989556	23.041711	1.000000	0.999993	24.169853	0.560835	50989	15	941	1581	30	2.349830	62.733333	5294	6220	11192.688594	3.492961	0.080732	-0.004579	0.211577	20408.076048	0.848653	15	941	-926	1581	30	2.349830	62.733333	15	236	5294	6220	3683	1.799468	3.492961	11192.688594	0.080732	260064	5.100394	7.060346	600x600	360000	dense	Learned	5494	15	59	50216	29.183171	0.758697	25.377680	0.994135	0.788423	0.852679	70	328	0.000000	48	50898	31.406056	0.849007	0.997413	28.975473	0.853728	0.787573	1067	21.759734	0.448258	0.958689	16.640065	0.991664	0.701682	-2.335969	0.147314	-5.013319	-0.197863	False	d2_d0002_p0322_t0000
d2_d0002_p0323_t0000.png	0.986624	23.665999	1.000000	1.000000	24.565905	0.532756	50003	11	796	1340	30	2.289081	72.363636	5431	6216	10770.096531	3.593609	0.071322	-0.005339	0.260301	22736.908197	0.784143	11	796	-785	1340	30	2.289081	72.363636	11	192	5431	6216	4061	1.732641	3.593609	10770.096531	0.071322	268031	5.360298	7.199568	600x600	360000	dense	Learned	5631	11	59	49997	29.121389	0.749585	25.703936	0.991964	0.739699	0.771498	153	967	0.000000	45	49332	30.938856	0.839543	0.995666	28.505641	0.745995	0.737522	1013	22.581051	0.436818	0.956802	17.765168	0.997825	0.675784	-2.037937	0.228502	-4.555484	-0.216829	False	d2_d0002_p0323_t0000
d2_d0002_p0324_t0000.png	0.986225	22.793458	1.000000	0.999880	23.205272	0.395906	41677	15	491	887	76	2.236346	32.733333	4028	4504	8245.596965	3.821220	0.089111	-0.001473	0.401035	20166.911125	0.661489	15	491	-476	887	76	2.236346	32.733333	15	103	4028	4504	3065	1.830728	3.821220	8245.596965	0.089111	272671	6.542481	8.637858	600x600	360000	dense	Learned	4228	15	39	41111	26.382874	0.652457	23.225441	0.987698	0.598965	0.504928	485	1688	0.000000	24	41488	27.318898	0.756061	0.990862	24.480778	0.478308	0.591342	1395	23.151750	0.339466	0.962180	18.651887	0.967288	0.569757	-0.431983	0.494953	-3.177602	-0.256550	False	d2_d0002_p0324_t0000
d2_d0002_p0325_t0000.png	0.983545	24.065861	1.000000	0.999186	23.969861	0.464840	48119	23	649	1117	94	2.242824	28.217391	5156	5782	10331.376172	3.687853	0.080857	-0.004810	0.469199	21586.324453	0.543061	23	649	-626	1117	94	2.242824	28.217391	24	142	5156	5782	3945	1.786817	3.687853	10331.376172	0.080857	277744	5.772024	7.481452	600x600	360000	dense	Learned	5356	24	53	47491	28.059895	0.715331	25.440587	0.988355	0.530801	0.420812	842	2179	0.000000	37	46060	29.300379	0.816005	0.991960	26.970737	0.364092	0.523912	1048	23.856194	0.391542	0.958418	19.952446	0.993351	0.493477	-1.374726	0.578374	-4.090034	-0.250491	False	d2_d0002_p0325_t0000
d2_d0002_p0326_t0000.png	0.987531	21.925037	1.000000	0.999754	23.628354	0.282815	25981	10	411	698	31	2.360774	41.100000	2223	2624	5080.006635	4.568735	0.062415	0.004877	0.255244	22488.105297	0.756033	10	411	-401	698	31	2.360774	41.100000	10	93	2223	2624	1494	1.935978	4.568735	5080.006635	0.062415	267586	10.299296	13.856280	600x600	360000	sparse	Learned	2343	10	22	25589	24.515394	0.516399	20.738963	0.982654	0.744756	0.579672	128	302	0.000000	9	24438	24.966471	0.545074	0.988899	22.106750	0.523291	0.726588	2137	23.227612	0.258630	0.967776	18.612245	0.782478	0.744962	1.186075	0.420082	-0.887040	-0.233584	False	d2_d0002_p0326_t0000
d2_d0002_p0327_t0000.png	0.980872	23.724047	1.000000	0.998796	24.720958	0.471500	48105	25	801	1354	82	2.308181	32.040000	5036	5812	10234.184843	3.881372	0.074349	-0.005733	0.366947	22266.818762	0.675880	25	801	-776	1354	82	2.308181	32.040000	25	182	5036	5812	3600	1.760871	3.881372	10234.184843	0.074349	275940	5.736202	7.483630	600x600	360000	dense	Learned	5236	25	53	47656	28.126357	0.713430	25.178279	0.986604	0.633053	0.356291	866	1838	0.000000	37	47348	29.514339	0.815732	0.991531	27.009970	0.309666	0.625800	1079	23.211623	0.386355	0.945797	18.777314	0.953112	0.590767	-1.454232	0.642506	-3.405399	-0.241931	False	d2_d0002_p0327_t0000
d2_d0002_p0328_t0000.png	0.974903	22.324386	1.000000	0.999999	22.654020	0.369178	58151	14	915	1593	80	2.307982	65.357143	5851	6752	12124.580649	4.086482	0.081418	-0.005931	0.349702	24034.019232	0.710752	14	915	-901	1593	80	2.307982	65.357143	14	225	5851	6752	4178	1.795702	4.086482	12124.580649	0.081418	278423	4.787931	6.190779	600x600	360000	dense	Learned	6051	14	45	56876	25.440718	0.700387	23.337983	0.980834	0.650298	0.296128	1778	3494	0.000000	26	57412	27.426122	0.830643	0.989714	25.953539	0.245058	0.634307	1043	21.047252	0.248567	0.920066	17.408866	0.995293	0.632207	-1.013597	0.703871	-2.786698	-0.331210	False	d2_d0002_p0328_t0000
d2_d0002_p0329_t0000.png	0.975614	23.254038	1.000000	1.000000	23.770166	0.408535	54248	7	979	1677	67	2.332649	139.857143	5844	6816	12264.310960	3.999374	0.071120	-0.007106	0.374634	22699.607134	0.664505	7	979	-972	1677	67	2.332649	139.857143	7	239	5844	6816	4100	1.799341	3.999374	12264.310960	0.071120	282684	5.210957	6.636189	600x600	360000	dense	Learned	6044	7	51	53447	26.837354	0.705698	24.603694	0.982720	0.625366	0.356862	1247	3191	0.000000	32	53096	28.458543	0.825700	0.989188	26.485671	0.295221	0.612702	1078	22.710776	0.310825	0.934159	19.015389	1.000000	0.609707	-1.349656	0.643138	-3.067189	-0.297163	False	d2_d0002_p0329_t0000
d2_d0002_p0332_t0000.png	0.978610	23.081413	1.000000	1.000000	23.462862	0.339932	44146	6	693	1187	51	2.299151	115.500000	4593	5280	9179.720334	4.177283	0.069401	-0.002377	0.438009	22547.935486	0.646539	6	693	-687	1187	51	2.299151	115.500000	6	160	4593	5280	3355	1.738583	4.177283	9179.720334	0.069401	269884	6.113442	8.154759	600x600	360000	dense	Learned	4793	6	39	43694	25.782899	0.642931	23.500751	0.980987	0.561991	0.223475	2013	2450	0.000000	23	43756	26.881134	0.756025	0.987981	25.193503	0.186522	0.539264	1455	23.293150	0.282695	0.949739	19.934856	0.994941	0.565959	-0.419338	0.776525	-2.320036	-0.303000	False	d2_d0002_p0332_t0000
d2_d0002_p0333_t0000.png	0.980396	22.158725	1.000000	0.999999	22.989180	0.350314	48613	12	809	1373	62	2.321955	67.416667	4951	5748	9984.787873	4.017158	0.069060	-0.002710	0.294718	24044.394732	0.758587	12	809	-797	1373	62	2.321955	67.416667	12	186	4951	5748	3516	1.737089	4.017158	9984.787873	0.069060	271212	5.579002	7.405427	600x600	360000	dense	Learned	5151	12	40	48215	25.349584	0.662004	22.673455	0.983107	0.705282	0.399511	915	2746	0.000000	22	47514	26.699447	0.775888	0.989477	24.650642	0.318618	0.687965	1092	21.863899	0.265966	0.940055	17.775173	0.992672	0.691856	-0.514730	0.600488	-2.360404	-0.311691	False	d2_d0002_p0333_t0000
d2_d0002_p0334_t0000.png	0.972526	23.839003	1.000000	1.000000	24.936724	0.447994	48513	4	1014	1696	50	2.380414	253.500000	5310	6320	11212.156631	4.197864	0.078223	-0.008274	0.372741	23163.864613	0.656351	4	1014	-1010	1696	50	2.380414	253.500000	4	229	5310	6320	3564	1.774075	4.197864	11212.156631	0.078223	274330	5.654773	7.420691	600x600	360000	dense	Learned	5510	4	52	47733	27.810077	0.699816	25.174802	0.980799	0.627259	0.480894	772	2861	0.000000	36	48502	29.185157	0.817788	0.985976	26.557098	0.430210	0.615143	1095	24.159152	0.361773	0.932548	20.278088	0.999922	0.619950	-1.335799	0.519106	-2.873353	-0.251822	False	d2_d0002_p0334_t0000
d2_d0002_p0335_t0000.png	0.976895	23.585051	1.000000	0.999998	24.786788	0.534022	51866	13	988	1610	26	2.374065	76.000000	5213	6188	10942.007353	4.296471	0.074782	-0.008984	0.172186	25090.848446	0.870982	13	988	-975	1610	26	2.374065	76.000000	13	244	5213	6188	3577	1.768262	4.296471	10942.007353	0.074782	274992	5.301970	6.940963	600x600	360000	dense	Learned	5413	13	57	50725	28.716958	0.746280	25.487346	0.985879	0.827814	0.823499	122	614	0.000000	44	51270	30.649620	0.846685	0.992511	28.245146	0.748363	0.823922	1094	22.252160	0.424234	0.930307	17.919294	0.984667	0.753892	-1.902295	0.176500	-3.930170	-0.212259	False	d2_d0002_p0335_t0000
d2_d0002_p0336_t0000.png	0.977806	24.872806	1.000000	1.000000	25.161104	0.622512	64085	11	1262	2082	63	2.353940	114.727273	7069	8320	14984.259587	3.856755	0.078249	-0.012514	0.227839	25626.345873	0.802453	11	1262	-1251	2082	63	2.353940	114.727273	12	307	7069	8320	4924	1.800993	3.856755	14984.259587	0.078249	268578	4.190965	5.617539	600x600	360000	dense	Learned	7269	12	71	64019	30.841669	0.825590	28.252503	0.990319	0.772161	0.654108	258	950	0.000000	68	63596	33.426938	0.907910	0.995152	31.368551	0.579623	0.771860	707	20.813021	0.435328	0.916669	17.264320	0.999787	0.646307	-3.379697	0.345892	-5.680566	-0.203078	False	d2_d0002_p0336_t0000
d2_d0002_p0337_t0000.png	0.992114	23.427799	1.000000	0.997363	27.011238	0.469390	19796	10	248	409	22	2.280495	24.800000	1697	1935	3581.243000	4.189515	0.055379	0.000849	0.297559	18938.137531	0.726630	10	248	-238	409	22	2.280495	24.800000	10	63	1697	1935	1266	1.850772	4.189515	3581.243000	0.055379	264532	13.362902	18.185492	600x600	360000	sparse	Learned	1817	10	28	19253	28.500207	0.593456	23.133512	0.991265	0.702441	0.438104	73	34	0.000000	24	18794	29.074270	0.633673	0.994392	24.974679	0.336050	0.700178	3254	27.507415	0.470313	0.986297	21.549855	0.685431	0.696508	0.294287	0.559259	-1.488969	-0.124066	False	d2_d0002_p0337_t0000
d2_d0002_p0338_t0000.png	0.982488	26.487779	1.000000	0.993153	26.908676	0.612937	41069	30	667	1105	66	2.278531	22.233333	4574	5211	9204.146741	4.124386	0.073175	-0.005590	0.419321	21493.381262	0.610704	30	667	-637	1105	66	2.278531	22.233333	30	163	4574	5211	3403	1.766292	4.124386	9204.146741	0.073175	255419	6.219265	8.765736	600x600	360000	dense	Learned	4774	30	62	40328	31.271334	0.780332	28.241562	0.988078	0.580679	0.280015	732	627	0.000000	58	40012	32.663314	0.839946	0.992840	30.473454	0.228974	0.573324	1405	26.534845	0.564511	0.960765	22.238121	0.865156	0.541880	-1.753783	0.713139	-4.362658	-0.167395	False	d2_d0002_p0338_t0000
d2_d0002_p0339_t0000.png	0.987182	24.031233	1.000000	0.998046	26.283164	0.562125	38434	20	717	1198	53	2.362172	35.850000	3849	4546	7965.185710	3.938493	0.070948	-0.003804	0.210960	23040.504456	0.827018	20	717	-697	1198	53	2.362172	35.850000	20	177	3849	4546	2598	1.752131	3.938493	7965.185710	0.070948	265106	6.897695	9.366707	600x600	360000	dense	Learned	4049	20	53	38111	29.850246	0.730397	25.514578	0.990986	0.789040	0.588937	111	152	0.000000	46	38102	31.359363	0.802386	0.995530	28.628988	0.551321	0.785579	1413	24.985397	0.512638	0.964447	19.322989	0.890143	0.741313	-1.483345	0.409109	-3.567082	-0.168271	False	d2_d0002_p0339_t0000
d2_d0002_p0340_t0000.png	0.987231	24.677935	1.000000	0.999956	26.551129	0.585325	40733	13	636	1059	57	2.286437	48.923077	4350	4973	8589.739967	3.768095	0.066682	-0.004185	0.246394	22662.786245	0.786302	13	636	-623	1059	57	2.286437	48.923077	14	154	4350	4973	3234	1.727275	3.768095	8589.739967	0.066682	262557	6.445806	8.838043	600x600	360000	dense	Learned	4550	14	57	39694	30.347920	0.748831	26.334825	0.991417	0.753606	0.617166	131	239	0.000000	50	38758	31.829992	0.812343	0.995598	29.324789	0.516344	0.750968	1452	25.450476	0.539737	0.965568	20.111295	0.902197	0.718338	-1.656890	0.382791	-3.796791	-0.163506	False	d2_d0002_p0340_t0000
d2_d0002_p0341_t0000.png	0.965106	23.959901	1.000000	1.000000	23.675777	0.523752	62263	14	939	1632	88	2.289969	67.071429	6380	7305	13175.717165	4.622605	0.073045	-0.016730	0.238078	32037.700891	0.820009	14	939	-925	1632	88	2.289969	67.071429	14	219	6380	7305	4660	1.803657	4.622605	13175.717165	0.073045	280223	4.500634	5.781925	600x600	360000	dense	Learned	6680	14	63	62206	28.583124	0.781617	26.372440	0.981836	0.761922	0.575512	505	1673	0.000000	47	61650	30.800824	0.884045	0.990099	29.037203	0.514439	0.759094	722	21.317685	0.406095	0.906581	18.350446	0.999995	0.672866	-2.412539	0.424488	-4.907347	-0.257865	False	d2_d0002_p0341_t0000
d2_d0002_p0343_t0000.png	0.977274	26.755636	1.000000	0.999914	26.590537	0.646231	47927	20	822	1430	87	2.284801	41.100000	5632	6434	11492.036790	4.014912	0.073063	-0.010068	0.486738	24394.785404	0.528762	20	822	-802	1430	87	2.284801	41.100000	20	194	5632	6434	4115	1.786142	4.014912	11492.036790	0.073063	253841	5.296409	7.511424	600x600	360000	dense	Learned	5832	20	70	47747	32.173935	0.819072	29.299555	0.987343	0.513262	0.464536	675	1969	0.000000	70	45406	33.956405	0.871261	0.992910	31.899630	0.403926	0.507219	1093	26.560872	0.572912	0.948623	22.609531	0.841011	0.465326	-2.543919	0.535377	-5.583398	-0.172841	False	d2_d0002_p0343_t0000
d2_d0002_p0344_t0000.png	0.978240	25.215209	1.000000	0.999996	25.564255	0.562204	51659	16	893	1535	89	2.299368	55.812500	5859	6736	12127.585997	3.786136	0.074817	-0.009260	0.320310	24338.888884	0.720568	16	893	-877	1535	89	2.299368	55.812500	16	206	5859	6736	4235	1.800414	3.786136	12127.585997	0.074817	266685	5.162411	6.968776	600x600	360000	dense	Learned	6059	16	65	51110	30.266466	0.772842	27.425739	0.987500	0.679690	0.568406	445	1894	0.000000	55	51232	32.113554	0.859696	0.992926	29.938315	0.480566	0.674351	1073	24.823654	0.483820	0.946155	20.744439	0.997585	0.648345	-2.210529	0.431590	-4.702211	-0.210638	False	d2_d0002_p0344_t0000
d2_d0002_p0345_t0000.png	0.980843	24.655299	1.000000	0.999980	25.264369	0.544439	44110	15	723	1257	79	2.292200	48.200000	4846	5554	9900.888378	3.939073	0.073637	-0.006637	0.333177	23963.147879	0.700601	15	723	-708	1257	79	2.292200	48.200000	15	167	4846	5554	3510	1.782659	3.939073	9900.888378	0.073637	266170	6.034233	8.161415	600x600	360000	dense	Learned	5046	15	58	43722	29.647246	0.742032	26.290832	0.987480	0.666823	0.622236	264	885	0.000000	47	43880	31.256043	0.827888	0.992957	28.776535	0.568506	0.662514	1445	25.844506	0.503827	0.958171	21.485157	0.895958	0.643888	-1.635533	0.377744	-4.382876	-0.197593	False	d2_d0002_p0345_t0000
d2_d0002_p0346_t0000.png	0.988322	23.662920	1.000000	1.000000	24.649146	0.486405	41773	10	630	1107	79	2.274579	63.000000	4516	5136	8971.178567	3.504052	0.070659	-0.003178	0.349492	19167.009115	0.722554	10	630	-620	1107	79	2.274579	63.000000	10	138	4516	5136	3330	1.746725	3.504052	8971.178567	0.070659	263439	6.306442	8.618007	600x600	360000	dense	Learned	4716	10	51	41442	28.544116	0.701797	24.974268	0.991500	0.650508	0.801664	163	1349	0.000000	37	41658	29.818023	0.798429	0.994700	26.920767	0.732453	0.646247	1452	24.834303	0.448464	0.970619	19.833825	0.998612	0.627417	-1.311348	0.198336	-3.894970	-0.215392	False	d2_d0002_p0346_t0000
d2_d0002_p0347_t0000.png	0.987244	23.381562	1.000000	0.999997	24.094142	0.446636	39973	10	460	853	74	2.214848	46.000000	4189	4639	8180.628074	3.631310	0.077342	-0.002470	0.384066	20546.048403	0.671108	10	460	-450	853	74	2.214848	46.000000	11	96	4189	4639	3262	1.763446	3.631310	8180.628074	0.077342	273797	6.849548	9.006079	600x600	360000	dense	Learned	4389	11	44	39331	27.630506	0.671391	24.216440	0.989714	0.615934	0.774834	185	1191	0.000000	30	39038	28.571396	0.771149	0.992184	25.365271	0.739514	0.611009	1434	24.858170	0.409310	0.971472	20.327508	0.995247	0.600411	-0.834878	0.225162	-3.536363	-0.224755	False	d2_d0002_p0347_t0000
d2_d0002_p0348_t0000.png	0.988791	23.388531	1.000000	1.000000	25.434905	0.442568	32557	7	493	862	47	2.290496	70.428571	3346	3832	6628.681959	3.794608	0.071917	-0.001039	0.326566	19511.033535	0.733044	7	493	-486	862	47	2.290496	70.428571	7	115	3346	3832	2437	1.729823	3.794608	6628.681959	0.071917	270072	8.295359	11.057530	600x600	360000	dense	Learned	3546	7	38	31881	27.942367	0.639558	23.789494	0.989830	0.673434	0.754204	123	666	0.000000	29	32028	28.873535	0.727077	0.993254	25.502702	0.761260	0.665365	1770	25.497897	0.416756	0.974675	19.950173	0.913033	0.655862	-0.400963	0.245796	-2.507462	-0.196990	False	d2_d0002_p0348_t0000
d2_d0002_p0349_t0000.png	0.981122	23.134474	1.000000	0.999983	24.067816	0.419448	48306	13	725	1254	68	2.283722	55.769231	5019	5731	10075.155406	3.874060	0.072398	-0.004944	0.343289	21160.288811	0.692416	13	725	-712	1254	68	2.283722	55.769231	15	170	5019	5731	3697	1.758010	3.874060	10075.155406	0.072398	271822	5.627086	7.452490	600x600	360000	dense	Learned	5219	15	48	47995	27.149777	0.689547	24.343299	0.986066	0.656711	0.487701	581	2187	0.000000	30	46688	28.309636	0.796161	0.989840	25.638671	0.463231	0.647682	1083	22.739914	0.336234	0.944952	18.275509	0.978430	0.625585	-1.208826	0.512282	-3.081961	-0.270099	False	d2_d0002_p0349_t0000
d2_d0002_p0350_t0000.png	0.980093	21.879335	1.000000	0.999802	23.409665	0.375027	47824	17	804	1314	28	2.349390	47.294118	4505	5292	9149.111683	4.387404	0.067294	-0.002824	0.209562	23201.160431	0.808953	17	804	-787	1314	28	2.349390	47.294118	17	203	4505	5292	3163	1.728857	4.387404	9149.111683	0.067294	271901	5.685451	7.527601	600x600	360000	dense	Learned	4705	17	40	47370	25.604298	0.662047	22.483440	0.982917	0.790438	0.788923	197	1670	0.000000	22	46448	26.974933	0.764368	0.989986	24.676856	0.719939	0.779275	1065	21.260653	0.277302	0.926411	16.508543	0.976771	0.750885	-0.604105	0.210879	-2.194633	-0.287021	False	d2_d0002_p0350_t0000
d2_d0002_p0351_t0000.png	0.971877	22.791215	1.000000	0.999975	22.591351	0.439576	70139	24	1188	2060	107	2.318294	49.500000	7314	8478	15704.617018	3.806893	0.084435	-0.012032	0.371871	25271.560907	0.659285	24	1188	-1164	2060	107	2.318294	49.500000	24	283	7314	8478	5147	1.852396	3.806893	15704.617018	0.084435	286219	4.080740	5.132665	600x600	360000	dense	Learned	7514	24	58	69384	26.791837	0.766973	25.056093	0.983909	0.628129	0.385115	1462	4563	0.000000	39	69454	29.694623	0.889691	0.992496	28.542653	0.337409	0.627693	730	20.207600	0.258858	0.905375	17.039978	0.990167	0.563592	-2.264878	0.614860	-4.200485	-0.327397	False	d2_d0002_p0351_t0000
d2_d0002_p0352_t0000.png	0.985129	21.717258	1.000000	0.999998	22.820224	0.293745	39827	9	667	1088	35	2.345770	74.111111	3806	4464	7637.268971	4.081717	0.076037	0.001205	0.291123	22060.218096	0.721802	9	667	-658	1088	35	2.345770	74.111111	9	172	3806	4464	2683	1.710858	4.081717	7637.268971	0.076037	255204	6.407814	9.039094	600x600	360000	dense	Learned	4006	9	31	39745	24.494365	0.599273	21.412015	0.983925	0.708877	0.562364	267	1151	0.000000	15	39822	25.634078	0.688992	0.991546	23.938361	0.421525	0.690740	1448	21.881289	0.236884	0.953772	17.289084	0.989948	0.697135	0.305244	0.437635	-1.674141	-0.305528	False	d2_d0002_p0352_t0000
d2_d0002_p0353_t0000.png	0.973655	22.678129	1.000000	0.999966	23.410698	0.381940	56324	18	1039	1768	76	2.343020	57.722222	5953	6974	12203.885693	3.978380	0.073789	-0.007064	0.345561	23762.993336	0.680750	18	1039	-1021	1768	76	2.343020	57.722222	19	259	5953	6974	4109	1.749912	3.978380	12203.885693	0.073789	279066	4.954655	6.391592	600x600	360000	dense	Learned	6153	19	48	55729	26.146980	0.702433	23.932405	0.980718	0.654439	0.473709	852	3505	0.000000	29	55740	28.092242	0.827837	0.989178	26.416843	0.363571	0.643896	1066	21.870424	0.273095	0.921983	18.137953	0.988729	0.625523	-1.254276	0.526257	-2.736282	-0.320493	False	d2_d0002_p0353_t0000
d2_d0002_p0354_t0000.png	0.973707	22.134320	1.000000	1.000000	23.142882	0.398103	59397	5	1170	1945	37	2.379294	234.000000	6143	7308	12947.862871	4.252283	0.067628	-0.008394	0.243629	25347.135067	0.789614	5	1170	-1165	1945	37	2.379294	234.000000	6	296	6143	7308	4161	1.771738	4.252283	12947.862871	0.067628	269230	4.532721	6.060912	600x600	360000	dense	Learned	6343	6	49	58770	26.002751	0.711157	23.606137	0.982101	0.756371	0.644019	483	3166	0.000000	31	59182	28.182204	0.842677	0.990631	26.393773	0.546004	0.752052	1088	21.313987	0.283300	0.914788	17.401893	0.999906	0.737345	-1.471817	0.355981	-2.859869	-0.313054	False	d2_d0002_p0354_t0000
d2_d0002_p0355_t0000.png	0.974377	21.442983	1.000000	1.000000	22.168702	0.352637	59583	10	985	1633	34	2.346420	98.500000	5629	6604	11823.883073	4.380020	0.075163	-0.004752	0.230167	25272.912979	0.799873	10	985	-975	1633	34	2.346420	98.500000	11	271	5629	6604	3962	1.790412	4.380020	11823.883073	0.075163	274673	4.609922	6.041992	600x600	360000	dense	Learned	5829	11	41	59152	24.412873	0.698109	22.247086	0.979129	0.769833	0.681649	426	3128	0.000000	22	58650	26.706961	0.825460	0.991404	26.063376	0.434033	0.760642	1094	20.051860	0.227381	0.903809	16.265970	0.997172	0.753167	-0.804102	0.318351	-2.244171	-0.345472	False	d2_d0002_p0355_t0000
d2_d0002_p0356_t0000.png	0.981660	21.209230	1.000000	0.999986	22.169006	0.283588	42561	11	624	1002	26	2.317699	56.727273	3859	4472	7629.240970	4.373099	0.070492	0.002985	0.252565	23092.719316	0.759589	11	624	-613	1002	26	2.317699	56.727273	11	160	3859	4472	2831	1.706002	4.373099	7629.240970	0.070492	252551	5.933860	8.458448	600x600	360000	dense	Learned	4059	11	29	41479	23.585273	0.599194	20.577323	0.978675	0.747435	0.595821	295	1434	0.000000	13	41084	24.977818	0.698440	0.991088	24.129627	0.342130	0.722205	1455	21.007206	0.216113	0.938134	16.719193	0.950647	0.756299	0.631907	0.404165	-1.416267	-0.315606	False	d2_d0002_p0356_t0000
d2_d0002_p0357_t0000.png	0.966801	22.673406	1.000000	1.000000	23.257474	0.442762	69743	8	1352	2315	67	2.360418	169.000000	7458	8802	15780.706197	4.120179	0.071452	-0.014865	0.300052	24505.025387	0.734790	8	1352	-1344	2315	67	2.360418	169.000000	8	324	7458	8802	5076	1.792855	4.120179	15780.706197	0.071452	279170	4.002839	5.161808	600x600	360000	dense	Learned	7658	8	58	68941	26.849949	0.761240	25.016651	0.981666	0.699948	0.641948	763	5802	0.000000	39	69312	29.667956	0.886902	0.991102	28.273796	0.553995	0.701601	727	20.676471	0.267997	0.888978	17.415867	0.999989	0.663277	-2.343246	0.358052	-3.592475	-0.318478	False	d2_d0002_p0357_t0000
d2_d0002_p0358_t0000.png	0.972611	23.318801	1.000000	1.000000	23.942087	0.505947	66491	5	1274	2190	54	2.340580	254.800000	7452	8721	15573.401723	3.898536	0.072649	-0.013625	0.274856	26962.539196	0.755713	5	1274	-1269	2190	54	2.340580	254.800000	5	317	7452	8721	5208	1.785736	3.898536	15573.401723	0.072649	277813	4.178205	5.414267	600x600	360000	dense	Learned	7652	5	63	65303	28.263036	0.773797	26.010149	0.986236	0.725144	0.683176	559	4367	0.000000	47	65294	30.729244	0.890392	0.992402	28.730765	0.623713	0.724269	734	21.432421	0.338169	0.913801	18.056795	1.000000	0.663482	-2.691349	0.316824	-4.320949	-0.267850	False	d2_d0002_p0358_t0000
d2_d0002_p0359_t0000.png	0.983347	26.342028	1.000000	0.999957	26.545767	0.658953	44791	17	809	1378	78	2.308712	47.588235	5131	5923	10525.039749	3.917334	0.073498	-0.007062	0.302588	25103.577852	0.728611	17	809	-792	1378	78	2.308712	47.588235	17	185	5131	5923	3675	1.776978	3.917334	10525.039749	0.073498	253690	5.663861	8.037329	600x600	360000	dense	Learned	5331	17	68	44034	32.133524	0.814824	28.690057	0.990408	0.697412	0.529365	294	653	0.000000	71	44762	34.188310	0.873577	0.995344	31.849448	0.440176	0.693379	1430	26.836017	0.608998	0.960757	22.214032	0.975685	0.664983	-2.348029	0.470592	-5.587756	-0.155871	False	d2_d0002_p0359_t0000
d2_d0002_p0360_t0000.png	0.971592	25.586957	1.000000	1.000000	24.161748	0.579711	67496	17	1120	1905	118	2.282639	65.882353	7805	8908	16131.483638	3.969523	0.076877	-0.015186	0.371518	27879.886150	0.667845	17	1120	-1103	1905	118	2.282639	65.882353	18	248	7805	8908	5782	1.810898	3.969523	16131.483638	0.076877	267669	3.965702	5.333649	600x600	360000	dense	Learned	8005	18	72	67172	30.669941	0.830690	28.747966	0.986778	0.628482	0.309852	1355	2247	0.000000	69	66776	33.402893	0.914251	0.993753	31.859834	0.277457	0.628024	725	21.794439	0.430211	0.916873	18.930338	0.999788	0.552295	-3.161009	0.690148	-6.508193	-0.250980	False	d2_d0002_p0360_t0000
d2_d0002_p0369_t0000.png	0.984078	24.045066	1.000000	0.999722	24.406981	0.409601	41516	17	678	1145	63	2.293517	39.882353	4504	5165	9030.640233	3.821932	0.068961	-0.002889	0.424388	21509.704590	0.651383	17	678	-661	1145	63	2.293517	39.882353	18	163	4504	5165	3296	1.748430	3.821932	9030.640233	0.068961	274878	6.621014	8.671356	600x600	360000	dense	Learned	4704	18	44	40968	27.461270	0.670117	24.829998	0.986967	0.575612	0.201672	1360	1018	0.000000	29	40092	28.267589	0.761686	0.989521	25.743773	0.173675	0.564938	1430	24.463139	0.370930	0.964991	20.564614	0.837346	0.561730	-0.784932	0.798050	-3.054289	-0.260516	False	d2_d0002_p0369_t0000
d2_d0002_p0370_t0000.png	0.985263	25.200520	1.000000	0.991357	24.465455	0.471282	40334	27	465	817	90	2.192063	17.222222	4561	4999	8676.933526	3.579473	0.070058	-0.003458	0.584545	21115.988493	0.438317	27	465	-438	817	90	2.192063	17.222222	31	102	4561	4999	3654	1.735734	3.579473	8676.933526	0.070058	269185	6.673898	8.925472	600x600	360000	dense	Learned	4761	31	51	39507	28.786319	0.701682	26.355955	0.988721	0.415455	0.249024	1288	1339	0.000000	38	40092	29.851430	0.793266	0.991845	27.601507	0.199275	0.408304	1428	25.981807	0.446734	0.972766	22.483126	0.836112	0.393386	-1.155435	0.742332	-4.320864	-0.230400	False	d2_d0002_p0370_t0000
d2_d0002_p0371_t0000.png	0.988927	22.872745	1.000000	1.000000	23.520563	0.450226	44793	6	629	1086	67	2.256643	104.833333	4855	5478	9197.999851	3.470641	0.063854	-0.002899	0.363800	18822.623730	0.696170	6	629	-623	1086	67	2.256643	104.833333	6	129	4855	5478	3702	1.679080	3.470641	9197.999851	0.063854	274550	6.129306	8.036970	600x600	360000	dense	Learned	5055	6	48	44531	27.555933	0.693288	24.097869	0.991826	0.636200	0.673846	259	1473	0.000000	32	42976	28.822644	0.791459	0.994744	25.945514	0.600807	0.633430	1456	23.860179	0.404985	0.971389	18.930415	0.999509	0.617058	-1.225124	0.326154	-4.035370	-0.243062	False	d2_d0002_p0371_t0000
d2_d0002_p0372_t0000.png	0.987006	23.271249	1.000000	1.000000	23.020338	0.466300	49539	8	605	1056	56	2.222346	75.625000	5370	5967	10413.210096	3.419218	0.067319	-0.004165	0.395035	19172.963619	0.684342	8	605	-597	1056	56	2.222346	75.625000	8	132	5370	5967	4258	1.745133	3.419218	10413.210096	0.067319	274868	5.548517	7.267002	600x600	360000	dense	Learned	5570	8	53	49193	27.841824	0.716230	24.836080	0.991170	0.604965	0.633334	345	1780	0.000000	36	48884	29.275325	0.823544	0.994166	26.596715	0.570132	0.601114	1077	23.091718	0.395421	0.964243	18.612918	0.999220	0.566371	-1.564830	0.366666	-4.821486	-0.249931	False	d2_d0002_p0372_t0000
d2_d0002_p0373_t0000.png	0.985843	24.854493	1.000000	1.000000	24.417791	0.567987	48428	8	654	1124	60	2.237500	81.750000	5440	6086	11004.282389	3.455677	0.078288	-0.005311	0.451147	20048.391104	0.580949	8	654	-646	1124	60	2.237500	81.750000	8	146	5440	6086	4256	1.808131	3.455677	11004.282389	0.078288	266218	5.497192	7.433716	600x600	360000	dense	Learned	5640	8	62	48177	29.930239	0.770943	26.840979	0.991154	0.548853	0.634915	383	2058	0.000000	53	47390	31.802440	0.848184	0.995288	29.618469	0.539365	0.545131	1093	24.322316	0.498933	0.962927	19.940083	0.998135	0.510461	-1.986486	0.365085	-5.512448	-0.202956	False	d2_d0002_p0373_t0000
d2_d0002_p0374_t0000.png	0.979659	24.685541	1.000000	0.998673	23.719043	0.499478	55147	30	769	1364	111	2.249073	25.633333	5934	6673	12428.820864	3.659311	0.088803	-0.007298	0.496452	23196.965456	0.553984	30	769	-739	1364	111	2.249073	25.633333	31	162	5934	6673	4459	1.862554	3.659311	12428.820864	0.088803	275471	4.995213	6.528007	600x600	360000	dense	Learned	6134	31	60	54276	28.769754	0.760574	26.582867	0.986957	0.503548	0.415603	1175	3314	0.000000	45	54354	30.622417	0.859422	0.992168	28.802374	0.366031	0.499044	1054	23.192140	0.406299	0.944747	19.725644	0.957161	0.455783	-1.897326	0.583070	-5.050711	-0.261096	False	d2_d0002_p0374_t0000
d2_d0002_p0375_t0000.png	0.989504	22.924483	1.000000	0.999711	23.483277	0.454992	43262	18	560	971	65	2.241748	31.111111	4484	5026	8772.237441	3.463205	0.070634	-0.002395	0.369636	19535.551786	0.677707	18	560	-542	971	65	2.241748	31.111111	18	132	4484	5026	3448	1.745372	3.463205	8772.237441	0.070634	275882	6.377005	8.321391	600x600	360000	dense	Learned	4684	18	46	43125	27.586343	0.690822	23.977573	0.991899	0.630364	0.782200	158	1091	0.000000	32	42182	28.850437	0.786803	0.994854	25.907189	0.777318	0.627049	1447	23.538355	0.408718	0.970775	18.609779	0.949156	0.599822	-1.053090	0.217511	-4.103066	-0.235830	False	d2_d0002_p0375_t0000
d2_d0002_p0376_t0000.png	0.987047	22.651619	1.000000	0.999712	23.505866	0.419441	42285	17	615	1060	48	2.280949	36.176471	4257	4855	8433.828278	3.797603	0.072505	-0.002469	0.271788	19791.494846	0.807663	17	615	-598	1060	48	2.280949	36.176471	17	155	4257	4855	3149	1.737143	3.797603	8433.828278	0.072505	251964	5.958709	8.513657	600x600	360000	dense	Learned	4457	17	43	42214	26.984473	0.668037	23.442380	0.989516	0.728212	0.749869	149	865	0.000000	26	41120	27.924362	0.763980	0.992371	24.727178	0.733144	0.720830	1444	23.420826	0.372515	0.964157	18.424966	0.873540	0.696381	-0.790762	0.249843	-3.478608	-0.248596	False	d2_d0002_p0376_t0000
d2_d0002_p0377_t0000.png	0.986407	22.647746	1.000000	0.999910	22.292314	0.434485	50228	18	699	1209	65	2.273110	38.833333	4987	5668	10135.059951	3.519221	0.078259	-0.003794	0.346381	19976.643801	0.758206	18	699	-681	1209	65	2.273110	38.833333	18	163	4987	5668	3713	1.788119	3.519221	10135.059951	0.078259	280710	5.588715	7.167317	600x600	360000	dense	Learned	5187	18	48	49146	27.057502	0.704058	23.983276	0.990201	0.653619	0.806753	169	1353	0.000000	32	49230	28.560182	0.813208	0.993808	25.924247	0.772170	0.650550	1002	21.487127	0.342465	0.954020	16.981697	0.970732	0.602335	-1.335530	0.193157	-4.765188	-0.269573	False	d2_d0002_p0377_t0000
d2_d0002_p0378_t0000.png	0.982056	23.857887	1.000000	1.000000	23.349207	0.518223	53227	9	901	1568	68	2.312708	100.111111	5705	6597	12077.430801	3.714859	0.083470	-0.007008	0.325547	22314.197540	0.736722	9	901	-892	1568	68	2.312708	100.111111	9	207	5705	6597	4069	1.830746	3.714859	12077.430801	0.083470	269961	5.071881	6.763485	600x600	360000	dense	Learned	5905	9	59	52440	28.761552	0.751469	25.844732	0.989064	0.674453	0.859173	181	1689	0.000000	45	53176	30.813321	0.855830	0.994142	28.569614	0.805826	0.670562	1068	22.664698	0.424717	0.947555	18.507793	0.998880	0.625952	-1.986846	0.140827	-5.412345	-0.233246	False	d2_d0002_p0378_t0000
d2_d0002_p0379_t0000.png	0.967808	24.084483	1.000000	1.000000	23.085876	0.533795	73927	14	1208	2090	89	2.295106	86.285714	8092	9286	17246.476975	4.009910	0.078435	-0.018578	0.289096	25981.019497	0.748405	14	1208	-1194	2090	89	2.295106	86.285714	14	301	8092	9286	5913	1.857256	4.009910	17246.476975	0.078435	281898	3.813194	4.869669	600x600	360000	dense	Learned	8292	14	69	73427	29.147184	0.812862	27.426528	0.986386	0.710904	0.707261	406	2113	0.000000	59	73884	32.182262	0.919093	0.993410	30.615449	0.666633	0.710428	729	21.059542	0.368374	0.908703	18.292312	1.000000	0.647448	-3.342046	0.292739	-6.061309	-0.279067	False	d2_d0002_p0379_t0000
d2_d0002_p0380_t0000.png	0.981710	25.644454	1.000000	0.999976	24.821150	0.525198	51937	18	794	1392	88	2.253927	44.111111	6112	6888	12226.001350	3.774625	0.073577	-0.006845	0.476551	22623.829603	0.544852	18	794	-776	1392	88	2.253927	44.111111	19	186	6112	6888	4632	1.774971	3.774625	12226.001350	0.073577	267631	5.152993	6.931475	600x600	360000	dense	Learned	6312	19	63	51027	29.788307	0.765985	27.574435	0.988555	0.523449	0.320257	1245	1995	0.000000	51	49802	31.509840	0.853821	0.993046	29.672167	0.271037	0.517891	1085	24.950549	0.464033	0.958094	21.466893	0.988530	0.491980	-1.929981	0.679719	-4.967157	-0.240788	False	d2_d0002_p0380_t0000
d2_d0002_p0385_t0000.png	0.993373	23.693268	1.000000	0.980671	26.396241	0.412119	15046	13	231	389	30	2.312097	17.769231	1397	1615	3118.792206	4.096680	0.058796	0.001515	0.684167	18155.447006	0.734431	13	231	-218	389	30	2.312097	17.769231	13	55	1397	1615	978	1.931141	4.096680	3118.792206	0.058796	265545	17.648877	23.926625	600x600	360000	sparse	Learned	1517	13	22	14793	27.528273	0.529418	23.002705	0.991858	0.315833	0.345722	720	826	0.000000	17	14768	27.769814	0.562314	0.993400	23.764733	0.355145	0.286205	18172	28.675845	0.559506	0.997383	28.179411	0.207485	0.358560	0.690563	0.634950	-1.132032	-0.117299	False	d2_d0002_p0385_t0000
d2_d0002_p0386_t0000.png	0.980486	24.804922	1.000000	0.999894	25.467344	0.487420	43670	17	698	1220	69	2.283101	41.058824	4811	5492	9576.568097	4.093845	0.070434	-0.005300	0.459864	22384.201288	0.550713	17	698	-681	1220	69	2.283101	41.058824	17	169	4811	5492	3522	1.743731	4.093845	9576.568097	0.070434	271244	6.211221	8.243646	600x600	360000	dense	Learned	5011	17	54	43662	28.848698	0.712948	26.123318	0.985786	0.540136	0.402886	657	1441	0.000000	40	43604	30.137481	0.811995	0.990689	27.767938	0.337312	0.533661	1380	25.310696	0.441381	0.957417	21.358787	0.984479	0.518094	-1.318397	0.597008	-3.381354	-0.225528	False	d2_d0002_p0386_t0000
d2_d0002_p0387_t0000.png	0.975517	25.031882	1.000000	0.999991	25.244976	0.546487	52370	17	975	1669	87	2.324032	57.352941	5913	6871	12321.521205	4.201304	0.074198	-0.010062	0.466724	24680.124521	0.536183	17	975	-958	1669	87	2.324032	57.352941	17	224	5913	6871	4157	1.793265	4.201304	12321.521205	0.074198	270396	5.163185	6.874165	600x600	360000	dense	Learned	6113	17	63	51815	29.719976	0.773922	27.176430	0.985579	0.533276	0.315946	1418	2391	0.000000	52	50978	31.680362	0.858820	0.992276	29.812090	0.296307	0.525303	1047	24.569213	0.469664	0.940273	20.817839	0.999994	0.489185	-2.144548	0.684046	-4.475001	-0.227435	False	d2_d0002_p0387_t0000
d2_d0002_p0390_t0000.png	0.983946	25.750157	1.000000	0.991871	25.951120	0.538173	40997	30	706	1184	85	2.293977	23.533333	4599	5275	9150.907702	3.898793	0.074397	-0.004706	0.600271	22471.142769	0.367645	30	706	-676	1184	85	2.293977	23.533333	31	161	4599	5275	3330	1.734769	3.898793	9150.907702	0.074397	263326	6.423055	8.781130	600x600	360000	dense	Learned	4799	31	57	40255	29.955153	0.743730	27.163805	0.988651	0.399729	0.513496	783	2312	0.000000	48	40786	31.377610	0.823508	0.993248	29.184992	0.434810	0.396191	1449	26.659483	0.511878	0.967898	22.811541	0.999419	0.377070	-1.413648	0.478374	-4.004033	-0.205557	False	d2_d0002_p0390_t0000
d2_d0002_p0393_t0000.png	0.979545	24.850659	1.000000	0.999947	24.724203	0.548502	54506	18	986	1698	77	2.316858	54.777778	6110	7078	12767.181818	3.822846	0.075732	-0.008654	0.374090	22649.458408	0.664855	18	986	-968	1698	77	2.316858	54.777778	21	236	6110	7078	4335	1.803784	3.822846	12767.181818	0.075732	269754	4.949070	6.604777	600x600	360000	dense	Learned	6310	21	64	54175	29.739815	0.778922	27.140505	0.988200	0.625910	0.391270	862	1908	0.000000	52	54410	31.669859	0.867546	0.993631	29.728401	0.344978	0.620800	1094	23.608128	0.459853	0.943340	19.711324	0.992562	0.579101	-2.289845	0.608677	-5.015612	-0.230420	False	d2_d0002_p0393_t0000
d2_d0002_p0395_t0000.png	0.980638	23.322348	1.000000	1.000000	24.161904	0.346289	38052	6	598	1016	42	2.294235	99.666667	4024	4616	7929.698336	4.291737	0.064398	-0.001253	0.416788	22560.365677	0.594086	6	598	-592	1016	42	2.294235	99.666667	6	146	4024	4616	2966	1.717872	4.291737	7929.698336	0.064398	278506	7.319090	9.460738	600x600	360000	dense	Learned	4224	6	37	37682	26.301427	0.617843	23.550977	0.981891	0.583212	0.495447	539	1846	0.000000	20	36852	26.940515	0.707329	0.985054	24.292671	0.478709	0.575085	1453	24.244049	0.306452	0.957360	20.552250	0.995610	0.584026	-0.228628	0.504553	-2.139523	-0.271554	False	d2_d0002_p0395_t0000
d2_d0002_p0396_t0000.png	0.979137	23.692794	1.000000	0.999999	24.003192	0.413716	48367	12	684	1197	81	2.255465	57.000000	5261	5933	10765.018557	3.802251	0.074547	-0.004895	0.446963	20617.821455	0.597130	12	684	-672	1197	81	2.255465	57.000000	13	152	5261	5933	3983	1.814431	3.802251	10765.018557	0.074547	278684	5.761862	7.443091	600x600	360000	dense	Learned	5461	13	48	47273	27.191406	0.688294	24.713917	0.984032	0.553037	0.358114	1124	2445	0.000000	31	46840	28.358386	0.799923	0.988288	25.987366	0.329966	0.543920	1056	23.417644	0.335494	0.948353	19.610071	0.979390	0.525428	-1.021123	0.641884	-3.188213	-0.274578	False	d2_d0002_p0396_t0000
d2_d0002_p0400_t0000.png	0.980877	23.777960	1.000000	0.999990	24.114673	0.484606	49102	14	879	1506	63	2.328273	62.785714	5270	6135	10873.586567	3.866230	0.072959	-0.006422	0.459213	22620.476246	0.552706	14	879	-865	1506	63	2.328273	62.785714	15	209	5270	6135	3701	1.772386	3.866230	10873.586567	0.072959	269374	5.486009	7.331677	600x600	360000	dense	Learned	5470	15	55	48856	28.222287	0.728650	25.394294	0.987298	0.540787	0.479808	801	2898	0.000000	40	48674	29.874614	0.832176	0.992311	27.501567	0.432021	0.534662	1082	23.563684	0.403832	0.949604	19.434694	0.999908	0.503279	-1.616334	0.520182	-4.107615	-0.244043	False	d2_d0002_p0400_t0000
d2_d0002_p0401_t0000.png	0.984706	22.865188	1.000000	0.999253	23.960206	0.299425	30201	13	545	915	53	2.366265	41.923077	2905	3437	6664.543394	3.755097	0.065748	0.002163	0.415015	18302.629471	0.595860	13	545	-532	915	53	2.366265	41.923077	15	117	2905	3437	1937	1.939058	3.755097	6664.543394	0.065748	267229	8.848349	11.920135	600x600	360000	sparse	Learned	3025	15	27	29568	25.328029	0.555187	22.285735	0.982543	0.584985	0.400765	314	714	0.000000	13	28932	25.869759	0.612859	0.988254	23.530656	0.333735	0.565168	1796	23.783737	0.271629	0.966919	19.826858	0.858696	0.587456	0.579453	0.598488	-1.367823	-0.255762	False	d2_d0002_p0401_t0000
d2_d0002_p0402_t0000.png	0.978174	23.584670	1.000000	1.000000	23.210016	0.460783	58709	13	771	1358	85	2.244319	59.307692	6205	6963	12997.163477	3.719032	0.092518	-0.007220	0.512519	20204.517603	0.500056	13	771	-758	1358	85	2.244319	59.307692	13	162	6205	6963	4762	1.866604	3.719032	12997.163477	0.092518	282449	4.811000	6.131939	600x600	360000	dense	Learned	6405	13	55	57637	27.218718	0.740834	25.182628	0.985394	0.487481	0.608594	874	4992	0.000000	38	57482	29.304290	0.858773	0.991408	27.580438	0.570676	0.481643	1069	22.299979	0.336550	0.938043	18.944582	0.996648	0.438422	-1.597958	0.391406	-4.008702	-0.280051	False	d2_d0002_p0402_t0000
d2_d0002_p0403_t0000.png	0.984847	22.042443	1.000000	0.998352	21.623689	0.251196	37788	19	469	810	69	2.236097	24.684211	3812	4262	7265.890112	3.684648	0.068965	0.002717	0.632685	18369.958878	0.393386	19	469	-450	810	69	2.236097	24.684211	19	99	3812	4262	2933	1.704808	3.684648	7265.890112	0.068965	273482	7.237271	9.526834	600x600	360000	dense	Learned	4012	19	27	37351	23.576258	0.574504	21.376436	0.982130	0.367315	0.369076	1193	2991	0.000000	11	37120	24.597696	0.666530	0.990346	23.649359	0.261208	0.351538	1455	21.630586	0.201564	0.962096	18.525680	0.996401	0.367086	0.666007	0.629276	-1.952569	-0.323308	False	d2_d0002_p0403_t0000
d2_d0002_p0404_t0000.png	0.986721	21.954608	1.000000	1.000000	21.817405	0.218601	27571	2	322	592	60	2.253165	161.000000	2528	2848	5396.663489	3.749471	0.069007	0.004855	0.554166	15380.805969	0.498631	2	322	-320	592	60	2.253165	161.000000	2	46	2528	2848	1876	1.894896	3.749471	5396.663489	0.069007	264901	9.607958	13.057198	600x600	360000	sparse	Learned	2648	2	20	27563	23.079767	0.501241	20.506907	0.981867	0.445834	0.422513	408	1194	0.000000	7	26828	23.786456	0.556131	0.991089	23.195551	0.196449	0.416964	2120	21.879132	0.192835	0.970541	18.656316	0.998210	0.453217	1.447701	0.577487	-1.262362	-0.282640	False	d2_d0002_p0404_t0000
d2_d0002_p0405_t0000.png	0.983598	21.529396	1.000000	1.000000	21.336446	0.263532	43907	3	543	953	77	2.250058	181.000000	4319	4859	8386.810804	3.703744	0.074030	0.002084	0.469045	19534.173012	0.591238	3	543	-540	953	77	2.250058	181.000000	5	91	4319	4859	3289	1.726036	3.703744	8386.810804	0.074030	256146	5.833831	8.199148	600x600	360000	dense	Learned	4519	5	29	42745	23.306847	0.603477	20.948468	0.981514	0.530955	0.375899	1012	3025	0.000000	13	42824	24.833240	0.720687	0.991941	24.307950	0.194196	0.502609	1456	20.930854	0.193588	0.953498	17.336424	0.999594	0.529072	0.580928	0.624101	-1.970401	-0.339946	False	d2_d0002_p0405_t0000
d2_d0002_p0409_t0000.png	0.972359	23.151198	1.000000	1.000000	23.628893	0.428186	56100	12	872	1553	89	2.289416	72.666667	5943	6803	12254.184748	4.211056	0.076087	-0.008643	0.383891	23636.497736	0.659925	12	872	-860	1553	89	2.289416	72.666667	13	194	5943	6803	4301	1.801291	4.211056	12254.184748	0.076087	279424	4.980820	6.417112	600x600	360000	dense	Learned	6143	13	52	55555	26.854797	0.717436	24.601319	0.981003	0.616109	0.280281	1826	3041	0.000000	34	55434	28.707034	0.842108	0.988735	26.851177	0.263031	0.606474	1031	22.459434	0.320580	0.923702	18.917579	0.998161	0.580204	-1.450121	0.719719	-3.225905	-0.289250	False	d2_d0002_p0409_t0000
d2_d0002_p0410_t0000.png	0.981533	22.953955	1.000000	0.999941	23.185070	0.352811	45668	13	598	1064	76	2.243750	46.000000	4800	5385	9430.035676	3.906010	0.075092	-0.002279	0.483871	22840.654612	0.547155	13	598	-585	1064	76	2.243750	46.000000	16	137	4800	5385	3660	1.751167	3.906010	9430.035676	0.075092	281762	6.169791	7.882982	600x600	360000	dense	Learned	5000	16	40	44971	25.786553	0.654871	23.421772	0.983812	0.516129	0.291680	1494	2542	0.000000	23	44786	26.923848	0.764375	0.989064	25.031941	0.263050	0.505509	1096	22.756184	0.278403	0.952981	19.212096	0.955547	0.487175	-0.467817	0.708261	-2.601483	-0.302060	False	d2_d0002_p0410_t0000
d2_d0002_p0411_t0000.png	0.960360	22.990764	1.000000	1.000000	23.204278	0.445312	69795	5	1159	1999	68	2.320868	231.800000	7193	8347	15261.749919	4.432876	0.076463	-0.016748	0.325017	27131.399393	0.695792	5	1159	-1154	1999	68	2.320868	231.800000	5	275	7193	8347	5126	1.828411	4.432876	15261.749919	0.076463	282385	4.045920	5.157963	600x600	360000	dense	Learned	7393	5	58	68974	26.808052	0.761959	25.137468	0.977108	0.674983	0.418329	1405	5040	0.000000	39	68928	29.602878	0.888175	0.988627	28.297921	0.369769	0.671600	692	20.540543	0.270976	0.877172	17.630062	0.996919	0.620997	-2.146704	0.581671	-3.603773	-0.316647	False	d2_d0002_p0411_t0000
