filename,ng_fg_ssim,ng_fg_psnr,ng_iou,ng_topo_q,ng_psnr,ng_ssim,ng_bytes,graph_n_components,graph_n_cycles,graph_n_junctions,graph_n_endpoints,graph_mean_degree,graph_complexity,n_nodes,n_edges,total_edge_length,mean_width_px,mean_curvature,delta_fg_ssim,delta_iou,total_time_ms,ng_recon_iou,ng_n_components,ng_n_cycles,ng_euler_characteristic,ng_n_junctions,ng_n_endpoints,ng_mean_degree,ng_graph_complexity,ng_seg_beta_0,ng_seg_beta_1,graph_n_nodes,graph_n_edges,graph_n_sampled,graph_mean_edge_length,graph_mean_width,graph_total_edge_length,graph_mean_curvature,png_bytes,ng_vs_png,ng_vs_raw,image_shape,image_pixels,image_type,segmenter,n_points,n_structures,jpeg_quality,jpeg_bytes,jpeg_psnr,jpeg_ssim,jpeg_fg_psnr,jpeg_fg_ssim,jpeg_iou,jpeg_topo_q,jpeg_beta_0,jpeg_beta_1,jpeg_betti_preservation,webp_quality,webp_bytes,webp_psnr,webp_ssim,webp_fg_ssim,webp_fg_psnr,webp_topo_q,webp_iou,jp2_bytes,jp2_psnr,jp2_ssim,jp2_fg_ssim,jp2_fg_psnr,jp2_topo_q,jp2_iou,delta_fg_psnr,delta_topo_q,delta_psnr,delta_ssim,gt_available,stem
d1_d0001_p0004_t0000.png,0.9770525760951545,22.263725102647566,1.0,0.9999944404867583,21.610387852359597,0.25794568863347483,42497,11,611,1051,83,2.2873563218390807,55.54545454545455,4176,4776,8194.01918730702,4.252982680425333,0.07091253964036401,0.003009306393837008,0.636121912168344,25426.843881607056,0.37964497998463465,11,611,-600,1051,83,2.2873563218390807,55.54545454545455,11,129,4176,4776,3042,1.7156656589838728,4.252982680425333,8194.01918730702,0.07091253964036401,270816,6.372591006423983,8.47118620137892,600x600,360000,dense,Learned,4376,11,29,41549,23.44494012696712,0.5970331174627812,21.785081825580853,0.9740432697013175,0.363878087831656,0.25518855232653326,2448,3620,0.0,13,41114,24.72246822608148,0.7178974901865388,0.9862858900450072,24.20271843721991,0.2043553891348313,0.3460540101752829,1433,21.374901575011176,0.1945693965777207,0.9419890421421047,18.91969045655127,0.9503843155189506,0.37271687391609165,0.4786432770667126,0.7448058881602251,-1.8345522746075211,-0.33908742882930637,False,d1_d0001_p0004_t0000
d1_d0001_p0006_t0000.png,0.9714678638351418,22.6130475598822,1.0,0.9997022125064643,22.495395360712514,0.33259105911603226,54609,22,863,1471,96,2.294210250131188,39.22727272727273,5717,6558,11436.106372449514,4.133307041749893,0.07299546346146032,-0.00501401196425022,0.48964759725400453,26956.257820129395,0.5851522207472852,22,863,-841,1471,96,2.294210250131188,39.22727272727273,23,194,5717,6558,4150,1.7438405569456006,4.133307041749893,11436.106372449514,0.07299546346146032,279098,5.110842535113259,6.592319947261441,600x600,360000,dense,Learned,5917,23,42,53577,25.009741698374043,0.6778485142364743,23.285779439760233,0.976481875799392,0.5103524027459955,0.26554598286324504,2682,4512,0.0,23,53426,26.88020744357402,0.8135145045430976,0.9877640270877668,25.967306252805912,0.22646244552662664,0.4933241105640148,1095,21.817541051544058,0.23190669922713292,0.9262352047916257,18.93648958143357,0.9962608197979242,0.4908619306837767,-0.6727318798780324,0.7341562296432192,-2.5143463376615287,-0.34525745512044204,False,d1_d0001_p0006_t0000
d1_d0001_p0007_t0000.png,0.9765174938756489,22.363398023873092,1.0,0.9994372793717164,21.950669701933776,0.3023516385923484,44170,21,716,1264,99,2.3589876033057853,34.095238095238095,3872,4567,9971.170926001805,4.237598749785876,0.07562783358976308,0.0011134282536012785,0.584066010602994,23345.24965286255,0.41973004608370373,21,716,-695,1264,99,2.3589876033057853,34.095238095238095,22,159,3872,4567,2509,2.1833087203857415,4.237598749785876,9971.170926001805,0.07562783358976308,281114,6.364364953588408,8.15032827711116,600x600,360000,sparse,Learned,3992,22,32,43208,24.036546237837864,0.6215350417543676,22.180117250660224,0.9754040656220476,0.41593398939700593,0.26989124874196313,2784,4313,0.0,15,42502,25.12130699016911,0.7314720644242998,0.9852566342881615,24.212490720281167,0.24524689337815897,0.4094887187615932,1364,21.71685960961764,0.224872560613594,0.9381841096027908,18.993757378302703,0.9986859833222737,0.40269415556771876,0.18328077321286784,0.7295460306297533,-2.085876535904088,-0.31918340316201915,False,d1_d0001_p0007_t0000
d1_d0001_p0008_t0000.png,0.9701348377422403,21.816671453307567,1.0,0.9999734048744428,20.806643503072245,0.33323023161084336,69943,20,1021,1840,166,2.2808641975308643,51.05,7128,8129,14809.17174256649,3.843092255653891,0.08334704827238917,-0.00748396242138849,0.5278339727938612,24283.24818611145,0.5496055800049822,20,1021,-1001,1840,166,2.2808641975308643,51.05,23,203,7128,8129,5122,1.8217704198014466,3.843092255653891,14809.17174256649,0.08334704827238917,274593,3.9259539911070442,5.147048310767339,600x600,360000,dense,Learned,7328,23,45,68878,24.131069998015807,0.7367599755437414,22.91573644483283,0.9776188001636288,0.4721660272061388,0.27797044795646997,3874,8374,0.0,25,68716,27.391991144721935,0.8796690920043583,0.9910590401570207,26.94889358122144,0.24854558190129095,0.46592594125233633,671,19.85312123044022,0.16228883376848421,0.9109878632410892,17.56735718481076,0.9966015792631981,0.4221761734268478,-1.099064991525264,0.7220029569179728,-3.3244264949435625,-0.40352974393289803,False,d1_d0001_p0008_t0000
d1_d0001_p0009_t0000.png,0.9861617521572347,24.095071629743664,1.0,0.9999912323736552,25.473934398489906,0.41380550225193247,30294,8,457,811,55,2.2691846522781773,57.125,3336,3785,6376.692060009898,4.006179839051027,0.06719887424068734,-0.000925974923336792,0.5716176449882433,19533.223867416382,0.46410574402285676,8,457,-449,811,55,2.2691846522781773,57.125,9,100,3336,3785,2470,1.684727096435904,4.006179839051027,6376.692060009898,0.06719887424068734,272870,9.007394203472634,11.883541295306001,600x600,360000,dense,Learned,3536,9,36,30099,27.59219163650618,0.6196926437083276,24.321878106277815,0.9870877270805715,0.42838235501175675,0.27249371096561736,1146,1207,0.0,26,29718,28.181527504013843,0.7041545575689525,0.9895066893239705,25.127767860506417,0.25869986958606994,0.4240598051454235,1738,25.8972320748762,0.39009849121052975,0.9731405771233235,21.773075540780727,0.9117038544013527,0.43585447928250604,-0.22680647653415065,0.7274975214080378,-2.118257238016273,-0.20588714145639508,False,d1_d0001_p0009_t0000
d1_d0001_p0010_t0000.png,0.9726000242001573,24.2129462148247,1.0,0.9980458066468556,23.319104923656553,0.40661712619054063,59622,33,903,1583,139,2.2590442161679323,27.363636363636363,6717,7587,13576.738894858387,3.870587568899271,0.07713095059272042,-0.008746370789948887,0.545863939472669,24204.27918434143,0.5178672342990619,33,903,-870,1583,139,2.2590442161679323,27.363636363636363,36,189,6717,7587,4995,1.7894739547723715,3.870587568899271,13576.738894858387,0.07713095059272042,267192,4.481433028076884,6.0380396497937,600x600,360000,dense,Learned,6917,36,56,59041,27.198887843108132,0.7385445804265022,25.735160719621536,0.9813463949901062,0.45413606052733096,0.20099940830950602,3496,3930,0.0,38,57984,29.342122221674686,0.8558757572712382,0.9900343662768396,28.307724841238805,0.18696538411044805,0.44122347009970514,1047,23.2345718358646,0.3149092914753325,0.9366789738234316,20.681634413324904,0.9385019615622826,0.434164771193955,-1.5222145047968354,0.7970463983373496,-3.8797829194515785,-0.33192745423596154,False,d1_d0001_p0010_t0000
d1_d0001_p0011_t0000.png,0.9858684492939611,23.69419306642319,1.0,0.9909699737086359,24.294693609653816,0.38819230078144323,34698,23,484,843,72,2.2521192234071643,21.043478260869566,3657,4118,7108.133418107599,3.871215037319026,0.07552226709633073,-0.0006576153437298782,0.6708727749537478,22126.2264251709,0.30230131400454324,23,484,-461,843,72,2.2521192234071643,21.043478260869566,25,108,3657,4118,2742,1.726113020424375,3.871215037319026,7108.133418107599,0.07552226709633073,279656,8.059715257363537,10.375237765865467,600x600,360000,dense,Learned,3857,25,36,34380,26.730021635772236,0.6307461084495604,23.90835181551841,0.986526064637691,0.32912722504625225,0.3935367823614945,1259,2832,0.0,24,34370,27.295046282138394,0.7201921372491739,0.9897080456605968,24.763728806836074,0.3532301976778063,0.3282901100505539,1760,24.695569606440024,0.361408013742713,0.970566658341946,20.949215692660694,0.9546077454494752,0.3082892652715738,-0.2141587490952226,0.5974331913471415,-2.4353280261184196,-0.24255380766811713,False,d1_d0001_p0011_t0000
d1_d0001_p0013_t0000.png,0.9780780764192322,25.044986493692925,1.0,0.9999998295144653,24.799574761285456,0.5002024370322788,50969,12,814,1463,129,2.27191049330395,67.83333333333333,5899,6701,12283.412210784172,3.7014231693544595,0.08211808473752873,-0.007451295467694408,0.5385841774736064,23084.487676620483,0.4727363035811851,12,814,-802,1463,129,2.27191049330395,67.83333333333333,13,149,5899,6701,4307,1.8330715133239588,3.7014231693544595,12283.412210784172,0.08211808473752873,271903,5.334674017540073,7.063116796484137,600x600,360000,dense,Learned,6099,13,60,49645,29.108647433303783,0.7437752763767389,26.74482999975548,0.9855293718869266,0.46141582252639357,0.25987764291204574,1660,2293,0.0,48,50790,31.126888510047284,0.8485172451279773,0.991845874011357,29.258452278978055,0.24637459779948545,0.4628531665840546,1096,25.194443739056858,0.44619128907107813,0.955629405245244,21.849296184246914,0.8756238011362669,0.41014929917880694,-1.6998435060625567,0.7401221866024196,-4.309072672018328,-0.24357283934446006,False,d1_d0001_p0013_t0000
d1_d0001_p0014_t0000.png,0.9650963647823882,24.36944406049814,1.0,0.9999997372334917,22.916073288300378,0.4850144008301968,67589,20,1308,2279,147,2.396003074558032,65.4,6505,7793,18568.47314965005,4.105346269061435,0.09116833737139256,-0.01482070742561492,0.44899938081942126,26240.77010154724,0.6334327165865419,20,1308,-1288,2279,147,2.396003074558032,65.4,20,289,6505,7793,4079,2.3827118118374644,4.105346269061435,18568.47314965005,0.09116833737139256,286148,4.233647487017119,5.326310494311205,600x600,360000,sparse,Learned,6625,20,62,67365,27.799343164544315,0.7875156656849296,26.470386321485606,0.9799170722080032,0.5510006191805787,0.3649587081905008,2268,5697,0.0,47,66704,30.64889468733954,0.8950841186110239,0.9906896102100577,29.79089047821531,0.3403139066408901,0.54290426208105,719,21.727192632183897,0.3255835068355351,0.9072198267661146,19.454652138971596,0.9999873080859284,0.4821391792713006,-2.100942260987466,0.6350410290429909,-4.883269876243936,-0.3025012648547328,False,d1_d0001_p0014_t0000
d1_d0001_p0015_t0000.png,0.973334972176477,21.90120752441134,1.0,0.999998607912143,21.118547768684227,0.3298050868063099,65706,15,988,1765,121,2.2860923257865333,65.86666666666666,6802,7775,14041.175872530757,3.856909805205036,0.07843266173190776,-0.006446437717224751,0.5192475028225836,23768.900871276855,0.5782382407275828,15,988,-973,1765,121,2.2860923257865333,65.86666666666666,17,215,6802,7775,4916,1.8059390189749607,3.856909805205036,14041.175872530757,0.07843266173190776,280805,4.2736584178005055,5.478951693909232,600x600,360000,dense,Learned,7002,17,44,65264,24.28432851500371,0.7244272860833583,22.935491326080367,0.9797814098937018,0.48075249717741647,0.2631331161489677,3994,7680,0.0,25,65462,27.250367443899634,0.8668925691281293,0.9914349493112169,26.705001865680593,0.24190690313856833,0.4726832222895215,710,20.218062039197086,0.17450039088230426,0.9214239967954958,17.67921581769884,0.9999538510506676,0.44256805939729216,-1.0342838016690266,0.7368654917631753,-3.1657807463194843,-0.3946221992770484,False,d1_d0001_p0015_t0000
d1_d0001_p0016_t0000.png,0.9780199550019202,23.703709454084855,1.0,0.9987818656141965,23.760106946171796,0.38274950109926015,43846,23,646,1099,80,2.266695205479452,28.08695652173913,4672,5295,9342.383761082414,4.055614309155778,0.07315283859455271,-0.004082034427953518,0.5582702151370342,23236.403465270996,0.48219235177659686,23,646,-623,1099,80,2.266695205479452,28.08695652173913,23,146,4672,5295,3493,1.7643784251335777,4.055614309155778,9342.383761082414,0.07315283859455271,278661,6.355448615609178,8.210555124754825,600x600,360000,dense,Learned,4872,23,43,42952,26.66269727024681,0.6643737780963664,24.421119872564013,0.9821019894298737,0.4417297848629658,0.23716835817807025,2159,2618,0.0,29,43508,27.873265816467494,0.7783686606159643,0.9883836586054056,26.06648204284195,0.20871130987031905,0.4332208018814247,1400,24.130708302593582,0.3320777128369746,0.9540922245173905,20.998704628973904,0.9204782045212849,0.4369054870905768,-0.7174104184791581,0.7616135074361262,-2.902590324075014,-0.2816242769971063,False,d1_d0001_p0016_t0000
d1_d0001_p0017_t0000.png,0.9861755107581882,22.68002833098677,1.0,0.9989854735563425,22.79533806984745,0.31298140840096816,38159,18,464,838,77,2.2287179487179487,25.77777777777778,3900,4346,7455.968322030678,3.789346181459916,0.070600613665145,0.0005208546745097964,0.598668050688071,20773.979425430298,0.41269258217539145,18,464,-446,838,77,2.2287179487179487,25.77777777777778,18,101,3900,4346,2985,1.715593263237608,3.789346181459916,7455.968322030678,0.070600613665145,279864,7.334154458974292,9.434209491862994,600x600,360000,dense,Learned,4100,18,32,37219,25.05573548924469,0.6036577449428663,22.526598078006753,0.9856546560836784,0.40133194931192895,0.26371944721413265,2041,2592,0.0,17,36900,25.837580842152157,0.7014599760299756,0.9900125510369063,23.92629233234723,0.23552684481377772,0.4005067443254098,1456,23.01156096471803,0.26662894796719633,0.9671381267881412,19.58968947580797,0.9894378264203293,0.38460427359480776,0.15343025298001578,0.7352660263422098,-2.26039741939724,-0.2906763365418981,False,d1_d0001_p0017_t0000
d1_d0001_p0018_t0000.png,0.972878489282703,22.86934265879898,1.0,0.9999475158847072,22.148451614964223,0.40333517599640184,64856,24,937,1650,146,2.271483794231341,39.041666666666664,6726,7639,14291.782885094555,3.7907476941992617,0.08970373012471797,-0.009344903647306335,0.4910710836018577,24867.3574924469,0.5522194966228704,24,937,-913,1650,146,2.271483794231341,39.041666666666664,24,178,6726,7639,4930,1.8708970919091579,3.7907476941992617,14291.782885094555,0.08970373012471797,283235,4.367136425311459,5.550758603675836,600x600,360000,dense,Learned,6926,24,53,64659,26.106608973225658,0.7418843518736987,24.512734334336052,0.9822233929300094,0.5089289163981423,0.348253175924763,2220,6116,0.0,34,64034,28.63927179760426,0.870063828402387,0.990768703319155,27.480385208898475,0.3234092856429117,0.5043507160553508,730,20.856437524094723,0.250441590914241,0.9196315538659722,17.971365481300914,0.9978611778528472,0.45010860196517843,-1.643391675537071,0.6516943399599442,-3.9581573582614347,-0.3385491758772969,False,d1_d0001_p0018_t0000
d1_d0001_p0019_t0000.png,0.9711881847601107,22.756878686148436,1.0,0.9999998199443739,22.31360787428951,0.3640000344241048,59757,12,927,1662,135,2.293739967897271,77.25,6230,7145,13134.368284448976,4.094773288944177,0.07883618795560002,-0.007971482353438475,0.5175320449764675,24047.343254089355,0.4777199907796923,12,927,-915,1662,135,2.293739967897271,77.25,14,191,6230,7145,4433,1.8382600817982608,4.094773288944177,13134.368284448976,0.07883618795560002,282523,4.727864517964423,6.024398815201566,600x600,360000,dense,Learned,6430,14,48,58918,25.651491083271196,0.7117528531123434,23.933817695813126,0.9791596671135492,0.48246795502353246,0.3420972279721356,2289,6055,0.0,29,58532,27.76950800811012,0.841513943772114,0.9889140337110779,26.646634716194498,0.32904876752694934,0.47221709841883525,1086,21.93833520239897,0.2593401400368333,0.9275102064113611,19.1894735277646,0.9999792714794159,0.46121162935026494,-1.1769390096646895,0.6579025919722383,-3.3378832089816868,-0.3477528186882386,False,d1_d0001_p0019_t0000
d1_d0001_p0020_t0000.png,0.9779741226943535,22.88222842152392,1.0,0.9999763965494544,22.507641679216633,0.34634764529118406,51279,15,706,1248,113,2.256781865477518,47.06666666666667,5382,6073,10864.680983424321,3.7820131733753297,0.07578111876558462,-0.0038531497981253438,0.5286977313703372,22916.46647453308,0.49783764974896855,15,706,-691,1248,113,2.256781865477518,47.06666666666667,17,132,5382,6073,4021,1.789013828984704,3.7820131733753297,10864.680983424321,0.07578111876558462,280259,5.465375689853547,7.020417714854034,600x600,360000,dense,Learned,5582,17,43,50099,25.651819438262194,0.671917498671716,23.615266899410496,0.9818272724924788,0.47130226862966285,0.35703329555408037,1540,3752,0.0,25,49058,27.14352437377379,0.793357896085265,0.9891628150823478,25.674555482288156,0.31211260223441006,0.46081083673900114,1062,22.483481549083475,0.26694582422177415,0.9472606045033901,19.36786291084402,0.9998608558344383,0.45359062256161176,-0.7330384778865771,0.642943100995374,-3.1441777590455615,-0.32556985338053196,False,d1_d0001_p0020_t0000
d1_d0001_p0021_t0000.png,0.9903318573507746,22.87260739993439,1.0,0.999954296392906,24.103998396289995,0.3144826243319845,24302,9,409,721,52,2.3522677234698373,45.44444444444444,2271,2671,5459.866591477947,3.7369357396305944,0.07261153185652809,0.0019836906373659202,0.41288625904010523,17697.23153114319,0.6302496328928047,9,409,-400,721,52,2.3522677234698373,45.44444444444444,9,83,2271,2671,1498,2.044128263376256,3.7369357396305944,5459.866591477947,0.07261153185652809,274138,11.280470743148712,14.813595588840425,600x600,360000,sparse,Learned,2391,9,24,24059,25.529336075886242,0.5272504222466132,22.157591951438754,0.9883481667134086,0.5871137409598948,0.30612532442392926,582,680,0.0,12,23202,25.759567457931354,0.5746539484422392,0.9896345658068,22.489766158438673,0.28117011471537623,0.5760816937365201,2501,24.463327070235206,0.3063237098236069,0.9817147912502656,20.581624360072123,0.8245497935034899,0.5942357225330847,0.7150154484956381,0.6938289719689767,-1.4253376795962467,-0.21276779791462874,False,d1_d0001_p0021_t0000
d1_d0001_p0022_t0000.png,0.9709974109315253,23.335489904937347,1.0,0.9999913038623482,22.585212668709968,0.3961965624175173,61411,19,923,1633,129,2.274063968470517,48.578947368421055,6597,7501,13509.248260519638,4.060366350989712,0.0747165325257149,-0.009311874311927704,0.5642228658305872,25460.959672927856,0.41131659461669,19,923,-904,1633,129,2.274063968470517,48.578947368421055,19,195,6597,7501,4835,1.8009929690066953,4.060366350989712,13509.248260519638,0.0747165325257149,288693,4.700998192506229,5.862141961537835,600x600,360000,dense,Learned,6797,19,53,60617,26.417759367636798,0.7335607482378046,24.833533180791143,0.980309285243453,0.4357771341694127,0.290091208870352,2673,5059,0.0,35,59888,28.745630262078183,0.8605053935455327,0.989729501132534,27.636425993196717,0.2843698557599659,0.432654507300389,693,21.71139334663087,0.2643528956491718,0.9244811927367872,19.075372418967646,0.9999581836113465,0.3886322692449149,-1.4980432758537958,0.7099000949919962,-3.83254669892683,-0.3373641858202873,False,d1_d0001_p0022_t0000
d1_d0001_p0023_t0000.png,0.9656931329371251,23.26049166377393,1.0,0.9999999999983143,23.317337430884074,0.42986344629149575,65296,8,1133,2027,118,2.317258883248731,141.625,7092,8217,14952.421925436032,4.212316737259705,0.0748983987623506,-0.014370242458427773,0.4376233638566154,26036.839962005615,0.5771759524880212,8,1133,-1125,2027,118,2.317258883248731,141.625,9,250,7092,8217,4947,1.8196935530528817,4.212316737259705,14952.421925436032,0.0748983987623506,255837,3.9181113697623133,5.513354569958343,600x600,360000,dense,Learned,7292,9,58,65125,27.052419579254178,0.752264935437026,25.313328614244497,0.9800633753955529,0.5623766361433846,0.37749340373903384,1897,5809,0.0,39,64330,29.502845098526613,0.8770458629548878,0.9893433866511647,28.08614751907777,0.3420894683759039,0.558136276600713,728,21.833288526700073,0.2880195084670023,0.9080304701476901,18.940173328581164,0.9999990462432173,0.5218363124277716,-2.0528369504705672,0.6225065962592805,-3.735082148370104,-0.32240148914553024,False,d1_d0001_p0023_t0000
d1_d0001_p0024_t0000.png,0.975632775513331,21.911321360144363,1.0,0.9999086588436924,21.0126353736967,0.30021822387382197,58306,18,787,1414,116,2.2563333333333335,43.72222222222222,6000,6769,12187.60303763594,3.7212144895792005,0.07992975725262892,-0.0027097827545906616,0.5752486588491237,21819.54050064087,0.4856653911973388,18,787,-769,1414,116,2.2563333333333335,43.72222222222222,22,155,6000,6769,4470,1.8005027386077168,3.7212144895792005,12187.60303763594,0.07992975725262892,277655,4.76203135183343,6.174321682159641,600x600,360000,dense,Learned,6200,22,38,57062,23.80968614916989,0.6826671416329351,22.338286571224195,0.9783425582679217,0.42475134115087637,0.26740528518479334,3148,5818,0.0,20,57620,26.182562957224498,0.8256137699288459,0.9901124166689768,25.71140367990963,0.22399352765731428,0.4124242448827266,1085,20.59643001870928,0.1847249098740551,0.9349059872010649,18.097625208033076,0.9969756304776289,0.4049258376226446,-0.4269652110798319,0.7325033736588991,-2.797050775473192,-0.3824489177591131,False,d1_d0001_p0024_t0000
d1_d0001_p0025_t0000.png,0.9732326579752597,22.103646906300437,1.0,1.0,21.37201559554825,0.3066119304650924,58193,4,830,1467,95,2.2791483609327474,207.5,5918,6744,12276.509011701166,3.9396420608464426,0.07906600971371334,-0.003808336308529947,0.5666193965177657,24219.146490097046,0.49704523580365734,4,830,-826,1467,95,2.2791483609327474,207.5,4,176,5918,6744,4356,1.8203601737397421,3.9396420608464426,12276.509011701166,0.07906600971371334,274224,4.712319351124706,6.186311068341553,600x600,360000,dense,Learned,6118,4,40,57492,24.116881642503202,0.6886633190318182,22.632282129188166,0.9770409942837897,0.4333806034822343,0.24786801413810877,3737,6187,0.0,21,57334,26.226335976873795,0.8217707376051698,0.9885435287132571,25.629605646605693,0.24441823037807464,0.4187147637511477,1058,20.888656427784852,0.19287679546612976,0.9270969790494933,18.393225791204678,0.998536696639767,0.431389857439202,-0.5286352228877291,0.7521319858618912,-2.7448660469549537,-0.3820513885667258,False,d1_d0001_p0025_t0000
d1_d0001_p0026_t0000.png,0.983366475487293,21.50334263068124,1.0,0.9999999990328492,21.018308343786046,0.21980644193973553,39301,6,532,945,66,2.272680145152929,88.66666666666667,3858,4384,7505.713488034723,3.97536170380668,0.06959548370639086,0.005056255594081738,0.5106288291228435,21059.530019760132,0.5744487075146301,6,532,-526,945,66,2.272680145152929,88.66666666666667,6,107,3858,4384,2847,1.7120696824896682,3.97536170380668,7505.713488034723,0.06959548370639086,268039,6.820157247907178,9.160072262792296,600x600,360000,dense,Learned,4058,6,25,38526,22.599789112326754,0.5648256156989702,20.466951906060377,0.9783102198932112,0.48937117087715654,0.16946132832722882,2644,2194,0.0,9,37794,23.77974447132651,0.676583727160746,0.9904335010527685,23.691318712587094,0.11940594677689365,0.4431180264385909,1455,20.796061463063808,0.16158726104924426,0.9540320802509291,17.862754149614698,0.8955881145498864,0.5285774385479897,1.036390724620862,0.8305386707056204,-1.5814807685407075,-0.34501917375923463,False,d1_d0001_p0026_t0000
d1_d0001_p0027_t0000.png,0.9718137981930446,21.538041080276095,1.0,0.9999886758328322,19.828764277886776,0.29379172078095067,62151,19,1069,1906,137,2.388457269700333,56.26315789473684,5406,6456,14575.63555772563,3.97225502390267,0.08467050567469958,8.620413964965934e-05,0.5329121501258501,23335.0772857666,0.5877440435117912,19,1069,-1050,1906,137,2.388457269700333,56.26315789473684,21,234,5406,6456,3363,2.257688283414685,3.97225502390267,14575.63555772563,0.08467050567469958,283083,4.554761789834435,5.792344451416711,600x600,360000,sparse,Learned,5526,21,34,60221,22.453190298612903,0.6906409462655598,21.459878247331634,0.9717275940533949,0.46708784987414986,0.20402619767539654,5439,7068,0.0,16,61674,25.2711670662805,0.8473695687901215,0.9887854316233259,25.340435715938376,0.17592222764383814,0.4456348380833507,704,19.05691847140101,0.13405527210191828,0.9100671224523182,17.10484929064083,0.9996762000319473,0.4690130120416978,0.0781628329444608,0.7959624781574357,-2.6244260207261263,-0.39684922548460916,False,d1_d0001_p0027_t0000
d1_d0001_p0029_t0000.png,0.9842695843400594,24.42241240636775,1.0,0.9999999893478064,25.393228015451413,0.5034360038357273,39921,8,574,1027,76,2.2501657458563535,71.75,4525,5091,8963.29544932781,3.736200198099758,0.07495165959956772,-0.003909434815776214,0.49438471029637654,20460.64329147339,0.5235925175249481,8,574,-566,1027,76,2.2501657458563535,71.75,8,122,4525,5091,3422,1.7606158808343597,3.736200198099758,8963.29544932781,0.07495165959956772,269646,6.754490117983017,9.017810175095814,600x600,360000,dense,Learned,4725,8,51,38882,28.829837976483063,0.7059578460087519,25.54449069216251,0.9881790191558356,0.5056152897036235,0.3312709026929912,909,1596,0.0,41,39532,30.27802521692426,0.7973671496984824,0.9926519016395697,27.644695229050935,0.28825151034800844,0.49573861869035624,1440,25.903736708472458,0.4608956420436988,0.9673562248108878,21.627512523227004,0.9519349510955507,0.5006580322989311,-1.1220782857947569,0.6687290866548152,-3.4366099610316496,-0.2025218421730246,False,d1_d0001_p0029_t0000
d1_d0001_p0032_t0000.png,0.9835922746103912,22.506652038971442,1.0,0.9988054670418588,21.825041912353615,0.2666158871757249,34008,17,506,882,64,2.328408327736736,29.764705882352942,2978,3467,7250.49861039141,3.9492711211467766,0.07852312601413537,0.003488482683784988,0.7726659864441368,19488.975524902344,0.20647366087360897,17,506,-489,882,64,2.328408327736736,29.764705882352942,18,115,2978,3467,2032,2.091288898295762,3.9492711211467766,7250.49861039141,0.07852312601413537,275486,8.100623382733474,10.585744530698658,600x600,360000,sparse,Learned,3098,18,25,33198,23.651663374761597,0.5591886324488976,21.772223495633316,0.9801037919266062,0.22733401355586327,0.4414036499777677,1804,5185,0.0,10,32658,24.266668655091056,0.6493629904314926,0.9872931538538122,23.346886512269048,0.46358750552936023,0.22755107131276348,1755,21.99015047561044,0.2236786708876048,0.9613757606663051,19.415407225833498,0.9999700614507792,0.2053357185705716,0.7344285433381259,0.5574018170640911,-1.8266214624079815,-0.29257274527317273,False,d1_d0001_p0032_t0000
d1_d0001_p0033_t0000.png,0.9808934463714792,20.932714011514292,1.0,0.9999999995874119,20.386650764566934,0.23924643520922703,49076,5,622,1094,73,2.2669839896148853,124.4,4622,5239,9257.35771113837,3.832008519145845,0.07710829163987236,0.003629978967084946,0.48795519639934537,20375.905513763428,0.5762218244698601,5,622,-617,1094,73,2.2669839896148853,124.4,7,133,4622,5239,3455,1.76700853428865,3.832008519145845,9257.35771113837,0.07710829163987236,262187,5.342468823865025,7.335561170429538,600x600,360000,dense,Learned,4822,7,28,48302,22.093898716097357,0.6186711156919344,20.160831008328742,0.9772634674043943,0.5120448036006546,0.17659578335197856,3454,3918,0.0,10,47200,23.874866499404725,0.7558958271932417,0.9909712641334205,23.957991782156324,0.10672782902334577,0.4560402949845845,1084,19.590973862460636,0.1366577021093432,0.9373670701440228,16.492020409704256,0.9975088230263428,0.5621595701516027,0.7718830031855504,0.8234042162354334,-1.707247951530423,-0.3794246804827074,False,d1_d0001_p0033_t0000
d1_d0001_p0037_t0000.png,0.9796777715521481,23.08214512260392,1.0,0.9989502466004841,23.22463629523017,0.4126825846179354,50515,23,682,1197,101,2.2513827961090978,29.652173913043477,5243,5902,10432.282237335354,3.8814363790881696,0.07321871937993348,-0.004896001030559982,0.5570131431651395,21747.283458709717,0.44644718590201343,23,682,-659,1197,101,2.2513827961090978,29.652173913043477,25,147,5243,5902,3945,1.7675842489554665,3.8814363790881696,10432.282237335354,0.07321871937993348,275250,5.448876571315451,7.126596060576066,600x600,360000,dense,Learned,5443,25,47,49984,26.532130063433744,0.699531209438766,24.16634861640594,0.9845737725827081,0.4429868568348605,0.38255150595552734,1491,4061,0.0,31,49632,28.07234611569679,0.8152800221019361,0.9902941554858918,26.22879688547676,0.34653219480094544,0.43819362800276823,1081,22.69990130969741,0.32269074012783167,0.9453166311222693,19.08022939020334,0.9633347531883387,0.4065844746777269,-1.084203493802022,0.6163987406449568,-3.3074937682035745,-0.2868486248208306,False,d1_d0001_p0037_t0000
d1_d0001_p0038_t0000.png,0.9777591484089438,22.644062141065856,1.0,0.9999999999799226,23.586558065767903,0.39620468226389627,50238,6,769,1344,89,2.293857115347583,128.16666666666666,5193,5956,10566.459012976484,4.043595301583854,0.07211541609156236,-0.005503123734961535,0.38849689972204404,23609.091997146606,0.6590503760758872,6,769,-763,1344,89,2.293857115347583,128.16666666666666,7,169,5193,5956,3760,1.774086469606492,4.043595301583854,10566.459012976484,0.07211541609156236,275728,5.48843504916597,7.165890361877463,600x600,360000,dense,Learned,5393,7,46,49840,26.406334187451776,0.6830391829998895,23.70062529749131,0.9832622721439054,0.611503100277956,0.3306589753033604,1341,3241,0.0,29,49408,27.90140870664449,0.8052455248671759,0.9891262381027464,25.597930008984456,0.298212551164447,0.6029498664523602,1076,22.603741135514195,0.3042965997407787,0.9383809523078328,18.4933017430233,0.9972651171199247,0.5998871643970486,-1.0565631564254545,0.6693410246765622,-2.819776121683873,-0.28683450073599326,False,d1_d0001_p0038_t0000
d1_d0001_p0039_t0000.png,0.9799474628661776,21.304928198300296,1.0,0.9997487064772932,21.646114023897102,0.2681240834485485,46879,17,773,1305,51,2.328910158799217,45.470588235294116,4597,5353,9267.253818767513,3.971008851965381,0.07037785031504602,0.0020632090777639167,0.36915232035928147,22860.028743743896,0.654479467706163,17,773,-756,1305,51,2.328910158799217,45.470588235294116,18,181,4597,5353,3241,1.7312261944269347,3.971008851965381,9267.253818767513,0.07037785031504602,257703,5.497194906034685,7.679344695919282,600x600,360000,dense,Learned,4797,18,31,46194,23.266447219927823,0.6172592043914157,20.86575985322426,0.9778842537884137,0.6308476796407185,0.29088133318892895,1420,3274,0.0,14,46440,24.924324381399778,0.7535716463999182,0.990724853351035,24.476417324522206,0.13060781936531063,0.5779010027798396,1056,20.64705183791346,0.17362212120086967,0.9342689610745376,16.894272350920744,0.9978924354128477,0.6750740534357862,0.439168345076034,0.7088673732883642,-1.620333196030721,-0.3491351209428672,False,d1_d0001_p0039_t0000
d1_d0001_p0040_t0000.png,0.976919164693624,21.528327796253265,1.0,0.9999457670674394,20.442991228734382,0.26561082810431474,54132,17,537,987,107,2.1958568738229753,31.58823529411765,5310,5830,10434.648606786965,3.6608661593690432,0.07891994468388705,0.0003544931400690787,0.6094826762142292,20749.561071395874,0.4241876580204139,17,537,-520,987,107,2.1958568738229753,31.58823529411765,18,101,5310,5830,4216,1.789819658110942,3.6608661593690432,10434.648606786965,0.07891994468388705,270452,4.996157540826129,6.650410108623365,600x600,360000,dense,Learned,5510,18,33,53226,22.932644820216392,0.6550793540680754,21.38664381964209,0.976564671553555,0.39051732378577075,0.32402163162643194,2484,6133,0.0,14,51672,24.933662753769433,0.7821179085050298,0.9893664416622142,24.797535295406718,0.23279758227176794,0.3740374792902456,1088,20.091770139007007,0.15646057310647044,0.934341509211599,17.547023544693552,0.9997045889722983,0.3845602148568638,0.14168397661117638,0.6759241354410075,-2.4896535914820106,-0.38946852596376064,False,d1_d0001_p0040_t0000
d1_d0001_p0041_t0000.png,0.9847891465555513,20.90184300802815,1.0,0.9999904979215588,19.640604029542718,0.18498048527506614,35350,9,518,905,70,2.3445008460236885,57.55555555555556,2955,3464,7006.004816398468,4.1051930877763,0.0639918909224992,0.010194669087369546,0.5976682292862836,21393.014192581177,0.5178524316243075,9,518,-509,905,70,2.3445008460236885,57.55555555555556,10,115,2955,3464,1980,2.0225187114314265,4.1051930877763,7006.004816398468,0.0639918909224992,261843,7.4071570014144275,10.183875530410184,600x600,360000,sparse,Learned,3075,10,19,35305,20.801188976457382,0.5273547012157205,18.89268746389783,0.9745944774681817,0.4023317707137164,0.12920226835735604,4364,2227,0.0,4,33676,21.743486433756715,0.6359828970380793,0.9883226932011403,21.845495874407685,0.1049841886584002,0.3514297960933195,1771,19.263430133071342,0.129164943939876,0.9508138234092193,16.72294822050484,0.8176293794231755,0.4591442432447679,2.0091555441303193,0.8707882295642028,-1.160584946914664,-0.3423742159406543,False,d1_d0001_p0041_t0000
d1_d0001_p0043_t0000.png,0.9750712452987378,21.226572091084194,1.0,0.9999946182663719,20.297238023412127,0.26981143075757147,59099,14,883,1588,122,2.296789617486339,63.07142857142857,5856,6725,11898.893689230501,3.899427129271252,0.07374174015596097,-8.896157322102471e-05,0.5617343272469113,23924.16524887085,0.5375494071146245,14,883,-869,1588,122,2.296789617486339,63.07142857142857,16,184,5856,6725,4146,1.7693522214468698,3.899427129271252,11898.893689230501,0.07374174015596097,269478,4.559772584984517,6.091473628995415,600x600,360000,dense,Learned,6056,16,34,58043,22.650594541981025,0.679717596402465,21.18812477479767,0.9751602068719588,0.43826567275308864,0.20169354039706222,4815,6035,0.0,15,58446,25.10170956763101,0.8228836558145185,0.9901423170444524,25.128036855781485,0.17423881235283867,0.41155269509251813,1091,19.553505076472277,0.14294788946407752,0.9200997147371391,17.026210812549344,0.9918657087582953,0.45749420357518733,0.03844731628652198,0.7983010778693097,-2.353356518568898,-0.4099061656448935,False,d1_d0001_p0043_t0000
d1_d0001_p0044_t0000.png,0.9815255807141748,24.163551532483545,1.0,0.9890977695123618,23.96025289730709,0.3979244333172787,42858,33,646,1088,97,2.265081081081081,19.575757575757574,4625,5238,9132.579720575319,3.832382102141509,0.07309975898984059,-0.002608661671112289,0.6766277959573375,21043.067932128906,0.31328116592617644,33,646,-613,1088,97,2.265081081081081,19.575757575757574,33,142,4625,5238,3440,1.7435241925496732,3.832382102141509,9132.579720575319,0.07309975898984059,266245,6.21225908815157,8.399832003359933,600x600,360000,dense,Learned,4825,33,43,41680,26.987235863050742,0.6673444808713048,24.84754852512154,0.9841342423852871,0.3233722040426626,0.41452990178094284,1073,2848,0.0,29,41474,27.987806772864655,0.7723491847272508,0.9881603844104516,25.96071591988892,0.3663910656684498,0.32142740964835237,1440,24.234340804163388,0.34882529732557743,0.9596348849831328,20.96808501778377,0.9718319019825672,0.3056711977980695,-0.6839969926379936,0.574567867731419,-3.0269829657436524,-0.2694200475540261,False,d1_d0001_p0044_t0000
d1_d0001_p0045_t0000.png,0.9756186699205007,23.241383641401203,1.0,0.9998188509665354,23.776163191328813,0.41295940959941935,51383,18,870,1493,83,2.3063095452094196,48.333333333333336,5563,6415,11103.536931911063,4.05202308852703,0.0691655188528701,-0.006868195988863679,0.46467266574865773,22988.178730010986,0.574132338828217,18,870,-852,1493,83,2.3063095452094196,48.333333333333336,21,195,5563,6415,3987,1.7308709168995795,4.05202308852703,11103.536931911063,0.0691655188528701,270188,5.2583150069089,7.006208279002783,600x600,360000,dense,Learned,5763,21,50,51231,26.950326340890406,0.7030715039317244,24.514687863499308,0.9824868659093644,0.5353273342513423,0.25802987410871625,1918,2983,0.0,32,50984,28.44947141989219,0.8197899335891198,0.9886980145489568,26.364196011448662,0.22692721481802003,0.5264523751753821,1085,22.905268574308945,0.3208451888777579,0.935151198682653,19.12808902860597,0.9594005191742778,0.5105010749131801,-1.2733042220981048,0.7417889768578192,-3.1741631495615934,-0.290112094332305,False,d1_d0001_p0045_t0000
d1_d0001_p0047_t0000.png,0.9711615552835343,22.598027345885118,1.0,0.9999998139299939,22.13650075199613,0.350514011273176,59644,14,979,1717,101,2.3036500943989933,69.92857142857143,6356,7321,13307.038015676857,3.9407497597348398,0.07855876663783552,-0.007125752976875455,0.5620846397335694,24267.916917800903,0.45578696839047683,14,979,-965,1717,101,2.3036500943989933,69.92857142857143,14,223,6356,7321,4538,1.8176530550029306,3.9407497597348398,13307.038015676857,0.07855876663783552,254478,4.266615250486218,6.035812487425391,600x600,360000,dense,Learned,6556,14,46,58803,25.325075987821066,0.7073738659194785,23.660045557196035,0.9782873082604098,0.43791536026643063,0.3015693008503427,2702,6195,0.0,27,58476,27.391096921589234,0.8374236864892483,0.9878179568614365,26.307413207552703,0.2739759273775768,0.4308648330088251,1044,21.754598623612527,0.23354275980599995,0.9262549713259491,19.110012699121746,0.9966166498403826,0.4237419372679696,-1.0620182113109173,0.6984305130796512,-3.188575235824935,-0.3568598546463025,False,d1_d0001_p0047_t0000
d1_d0001_p0048_t0000.png,0.987113069747617,22.224442649516853,1.0,0.9974631753181428,21.49100573371485,0.23061770091257427,35412,18,469,834,66,2.2437837837837837,26.055555555555557,3700,4151,6837.190280246557,3.545612742224255,0.05979850779836222,0.0030784516365105485,0.6811875392919855,19677.263498306274,0.34608751886182365,18,469,-451,834,66,2.2437837837837837,26.055555555555557,19,101,3700,4151,2800,1.6471188340752927,3.545612742224255,6837.190280246557,0.05979850779836222,282249,7.970433751270756,10.166045408336156,600x600,360000,dense,Learned,3900,19,24,34579,23.112784822279284,0.5517037562934197,21.278935736407924,0.9840346181111065,0.3188124607080145,0.2227707357494091,2411,2495,0.0,9,33610,23.966337300611183,0.6473473310287178,0.9905501928601986,23.348474329607907,0.19634820190648328,0.3048573864433485,1731,21.519778161543684,0.1940818917665452,0.9700713407533281,18.959469478870098,0.9524928474843205,0.33075836496865896,0.9455069131089289,0.7746924395687337,-1.621779088564434,-0.32108605538084545,False,d1_d0001_p0048_t0000
d1_d0001_p0049_t0000.png,0.9704130233708052,23.65814291564388,1.0,0.9999976448093748,23.091642514256023,0.41196321703792127,63893,18,1113,1880,89,2.3096281634384277,61.833333333333336,7073,8168,14428.733541893926,4.053520230951664,0.07427489657238982,-0.01085408729159576,0.49433863333616757,24932.955980300903,0.562228943620273,18,1113,-1095,1880,89,2.3096281634384277,61.833333333333336,18,273,7073,8168,5104,1.7664952916128134,4.053520230951664,14428.733541893926,0.07427489657238982,289287,4.527679088476046,5.63442004601443,600x600,360000,dense,Learned,7273,18,56,63103,26.854038927803366,0.7490079198755294,25.372200631876282,0.9812671106624009,0.5056613666638324,0.3065280914681059,2604,5406,0.0,38,63514,29.421494991195818,0.8760104801023159,0.9906059173059443,28.331926631982217,0.2803935594026288,0.4988117670219647,704,21.59065074999283,0.2732752561036263,0.9213069208795341,19.103462476116608,0.9851783550006381,0.4490765379536002,-1.7140577162324035,0.6934695533412689,-3.762396413547343,-0.3370447028376081,False,d1_d0001_p0049_t0000
d1_d0001_p0052_t0000.png,0.9810785833439216,22.805284918873625,1.0,0.9987900096046628,21.844020125789328,0.274158569655059,42622,21,650,1121,77,2.286625655046708,30.952380952380953,4389,5018,8707.519323996485,3.8767120981303345,0.07243021075320746,0.0007074815161447479,0.7283120084091486,21552.95205116272,0.27241821680564465,21,650,-629,1121,77,2.286625655046708,30.952380952380953,21,153,4389,5018,3191,1.7352569398159434,3.8767120981303345,8707.519323996485,0.07243021075320746,290465,6.814907794096945,8.44634226455821,600x600,360000,dense,Learned,4589,21,32,42517,24.127677795834778,0.614051780816307,22.677931755863156,0.9803711018277769,0.27168799159085144,0.27617314455422337,2610,4014,0.0,15,41468,25.123231395285703,0.7260679700127617,0.9880424456144757,24.38918800262936,0.2656523424134193,0.2653214823310157,1433,21.96216772354124,0.22066847246203164,0.957104672721266,19.756105550234466,0.975342315105796,0.25838182510332824,0.1273531630104685,0.7226168650504394,-2.28365767004545,-0.33989321116124793,False,d1_d0001_p0052_t0000
d1_d0001_p0053_t0000.png,0.9828610243627435,22.604993940474248,1.0,0.9999951571152884,22.9846161904837,0.3227496681706494,38587,10,592,1001,48,2.29063670411985,59.2,4005,4587,7575.129793638171,4.093308000766978,0.05884656716750196,0.00017220179196941743,0.6370794691618393,22463.042736053467,0.3421261488833323,10,592,-582,1001,48,2.29063670411985,59.2,10,141,4005,4587,2956,1.6514344437842012,4.093308000766978,7575.129793638171,0.05884656716750196,277540,7.192577811179931,9.329566952600617,600x600,360000,dense,Learned,4205,10,33,38123,25.178626939290876,0.6125148122321067,22.534410679018816,0.9826888225707741,0.36292053083816067,0.39213850009726936,1241,3092,0.0,18,37566,26.05727933628129,0.7143354441638431,0.9883779150724946,24.100948687028914,0.3887845311599708,0.3614216242047169,1443,22.960720119943865,0.27529296457890545,0.9575310751681527,19.3765346156758,0.9967303650064698,0.34724637182157797,0.07058326145543248,0.607856657018019,-2.1940107488071767,-0.2897651440614573,False,d1_d0001_p0053_t0000
d1_d0001_p0054_t0000.png,0.9820734055977088,22.396668321561574,1.0,0.999994069396713,22.145581551221838,0.3168138078423007,46960,12,573,1053,85,2.233993743482795,47.75,4795,5356,9474.92119893719,3.72420185206456,0.07693006375134126,-0.0010647954811472404,0.5897576739629966,19912.885904312134,0.4107028012005145,12,573,-561,1053,85,2.233993743482795,47.75,13,120,4795,5356,3657,1.769029350062932,3.72420185206456,9474.92119893719,0.07693006375134126,276463,5.887201873935264,7.666098807495741,600x600,360000,dense,Learned,4995,13,36,46888,24.667093292280633,0.6478329096989995,22.588373831752776,0.9831382010788561,0.41024232603700345,0.38899417729397934,1529,4424,0.0,19,46890,26.15245431685392,0.7702111463250417,0.9897750249825182,24.748142620735905,0.3351686762881423,0.4009053954175905,1044,21.694696836733797,0.22851423439505877,0.9508598713243323,18.379346472292927,0.9999758203696422,0.392813810069703,-0.19170551019120197,0.6109998921027336,-2.521511741058795,-0.33101910185669886,False,d1_d0001_p0054_t0000
d1_d0001_p0055_t0000.png,0.980062006490998,22.240316758156567,1.0,0.9999989830134505,21.383836434727215,0.34415400605592816,59369,14,815,1435,103,2.260022723583834,58.214285714285715,6161,6962,12608.674048392768,3.7194275912130212,0.08259123234969155,-0.0039006750182521976,0.5400783161275174,22496.593475341797,0.5484298075488587,14,815,-801,1435,103,2.260022723583834,58.214285714285715,15,174,6161,6962,4623,1.8110706762988213,3.7194275912130212,12608.674048392768,0.08259123234969155,281289,4.737977732486652,6.063770654718793,600x600,360000,dense,Learned,6361,15,43,58948,24.68434506176549,0.7080859934374185,23.05360540166708,0.9839626815092501,0.45992168387248256,0.2352461420959534,3836,5792,0.0,24,59008,26.955937855018924,0.8434851054037684,0.992058825073896,26.10851472300492,0.2187674969097525,0.44329084554826753,1084,20.896240297747006,0.22933373752860167,0.9425730022722005,18.07084949448743,0.9963891407797558,0.46104109425397205,-0.8132886435105142,0.7647528409174971,-3.300508627038276,-0.36393198738149035,False,d1_d0001_p0055_t0000
d1_d0001_p0056_t0000.png,0.9915230205436201,22.009862855785478,1.0,0.9999973322782162,23.29267262716787,0.30631344034406693,28810,6,316,572,48,2.209530246704968,52.666666666666664,2959,3269,5477.971917397155,3.7115637135288124,0.06713634779408806,0.0019231154909148396,0.6064263991890306,19587.91971206665,0.3802378797343294,6,316,-310,572,48,2.209530246704968,52.666666666666664,7,72,2959,3269,2339,1.675733226490421,3.7115637135288124,5477.971917397155,0.06713634779408806,268434,9.317389795209996,12.49566122874002,600x600,360000,dense,Learned,3159,7,26,28523,24.82980521562891,0.5460667444321301,21.22987956638184,0.9895999050527052,0.3935736008109694,0.37372574893246235,846,1733,0.0,13,28624,25.38807748024814,0.6256708769208541,0.9924093439919497,22.346896105996656,0.3873231818151034,0.3991135734072022,2103,23.391661028299545,0.28172594119176897,0.9802748755549955,19.041483032344505,0.9854032521012296,0.38971041685801633,0.7799832894036385,0.6262715833457538,-1.5371325884610378,-0.23975330408806317,False,d1_d0001_p0056_t0000
d1_d0001_p0057_t0000.png,0.9741579956106472,22.5242216387001,1.0,0.9999995558674829,22.937355981556628,0.3962133124815887,57412,14,928,1580,70,2.304311636424172,66.28571428571429,6007,6921,12605.977049132718,3.941768399129518,0.08073930968514656,-0.008129005448283988,0.39290613174048816,24441.20979309082,0.6692433799819775,14,928,-914,1580,70,2.304311636424172,66.28571428571429,14,213,6007,6921,4357,1.8214097744736828,3.941768399129518,12605.977049132718,0.08073930968514656,263836,4.595485264404654,6.270466104647112,600x600,360000,dense,Learned,6207,14,50,57411,26.212417099416466,0.7109069629950001,23.974248643533628,0.9822870010589312,0.6070938682595118,0.3377094068024783,1809,4813,0.0,32,57402,28.20160250421302,0.8395846407441732,0.9900419366378661,26.490954628554487,0.3105054713043044,0.596630431653986,1092,22.067169782622265,0.28915157816291376,0.9294726866816547,18.52105959324885,0.9997899853637682,0.5863956639566396,-1.450027004833526,0.6622901490650046,-3.2750611178598383,-0.3146936505134114,False,d1_d0001_p0057_t0000
d1_d0001_p0058_t0000.png,0.9702614624115281,22.646496366259484,1.0,0.9999999997329636,22.80192973117449,0.4296092597009152,67756,9,1058,1858,87,2.292404181184669,117.55555555555556,7175,8224,14913.293857371,3.8924548986149166,0.08029522308957102,-0.012050465742941663,0.43699897886163175,23610.623359680176,0.590637160945577,9,1058,-1049,1858,87,2.292404181184669,117.55555555555556,11,247,7175,8224,5230,1.8133868989993278,3.8924548986149166,14913.293857371,0.08029522308957102,279796,4.12946454926501,5.313182596375229,600x600,360000,dense,Learned,7375,11,56,66538,26.520160965682052,0.7531616481392506,24.736705830637227,0.9823119281544698,0.5630010211383683,0.41962283529105215,1712,6505,0.0,38,67226,29.358611983239868,0.8850934049842272,0.9914093615505021,27.95910978043426,0.38958403329851876,0.5605394984276482,730,20.809956386668546,0.2619601322901782,0.9097911772002861,17.694429804798705,0.999391361288026,0.5090353614144566,-2.090209464377743,0.5803771644419115,-3.718231234507563,-0.3235523884383354,False,d1_d0001_p0058_t0000
d1_d0001_p0059_t0000.png,0.9750527688957669,23.18591572821646,1.0,0.9999750126998743,22.554411643763117,0.41387518423924663,54032,21,964,1657,89,2.380625630676085,45.904761904761905,4955,5898,13582.454750134328,3.798106708680585,0.0906784862964482,-0.005923132369248352,0.592317060089222,22111.37580871582,0.39118439625304763,21,964,-943,1657,89,2.380625630676085,45.904761904761905,21,222,4955,5898,3209,2.30289161582468,3.798106708680585,13582.454750134328,0.0906784862964482,287845,5.327306040864673,6.6627183891027535,600x600,360000,sparse,Learned,5075,21,47,53389,26.15835574148955,0.7130783578508699,24.27446132506519,0.9809759012650152,0.407682939910778,0.4575071645920671,1449,5035,0.0,31,52514,27.926568531412478,0.8311752482442702,0.9886247003719473,26.45755343229166,0.44294663284020874,0.4057895140077125,1041,22.131973100118483,0.3047791045482601,0.9373815923153058,19.301195736713474,0.9998359574340571,0.37786916939083975,-1.0885455968487285,0.5424678481078072,-3.6039440977264334,-0.2992031736116233,False,d1_d0001_p0059_t0000
d1_d0001_p0060_t0000.png,0.9641662649043236,22.699081647259796,1.0,0.9999944404867583,23.550530032484257,0.42260615700455834,59466,17,979,1650,47,2.315358138010162,57.588235294117645,6101,7063,12706.106991447601,4.386838431359119,0.0767202301770099,-0.012790540294556951,0.31209692766371344,24489.170789718628,0.7033409827941002,17,979,-962,1650,47,2.315358138010162,57.588235294117645,17,239,6101,7063,4404,1.7989674347228186,4.386838431359119,12706.106991447601,0.0767202301770099,270269,4.544933239161874,6.053879527797397,600x600,360000,dense,Learned,6301,17,53,59308,26.619073550206522,0.7225229333742913,24.374994213135626,0.9769568051988805,0.6879030723362866,0.5676770818372849,776,4589,0.0,34,59238,28.782991491769394,0.8494889206647523,0.987086045838282,26.96187681104213,0.44890123686399763,0.6775641025641026,1063,22.033607024829756,0.2995841967241256,0.9005962126883208,18.5346566879362,0.9779255253973175,0.6796959505968887,-1.67591256587583,0.4323173586494734,-3.068543517722265,-0.29991677636973296,False,d1_d0001_p0060_t0000
d1_d0001_p0061_t0000.png,0.965679204324623,21.965753632246184,1.0,1.0,21.989660905533796,0.4089493934023807,76041,5,1407,2376,76,2.3529707955689827,281.4,7944,9346,16785.496310778406,3.915080822591575,0.07669956715814671,-0.014632894764779691,0.39641572046971785,26031.026601791382,0.6680840311239293,5,1407,-1402,2376,76,2.3529707955689827,281.4,6,323,7944,9346,5492,1.796008593064169,3.915080822591575,16785.496310778406,0.07669956715814671,265913,3.4969687405478624,4.734288081429755,600x600,360000,dense,Learned,8144,6,55,75387,25.626356828210817,0.7758237812451377,24.19754194388038,0.9803120990894026,0.6035842795302822,0.4212508993555131,2004,8247,0.0,35,75098,29.072084481566066,0.9028981985593887,0.9922977224115321,28.327338201990436,0.38172774324593495,0.6037914324481488,686,19.50379712840974,0.20985509538551003,0.8831299773492199,16.70602979608799,0.999999999596159,0.5418729913295721,-2.2317883116341974,0.5787491006444869,-3.6366959226770206,-0.36687438784275705,False,d1_d0001_p0061_t0000
d1_d0001_p0062_t0000.png,0.9742451870014595,20.9147341622496,1.0,0.9999963527549696,20.77878642496994,0.2848783712561082,54970,13,789,1294,42,2.312966323855616,60.69230769230769,4959,5735,10045.77062943437,4.653274910347576,0.07255888984054541,0.0021254613398219435,0.33002200485887634,24980.011463165283,0.7053617115435147,13,789,-776,1294,42,2.312966323855616,60.69230769230769,13,188,4959,5735,3623,1.7516600923163381,4.653274910347576,10045.77062943437,0.07255888984054541,255690,4.651446243405494,6.549026741859196,600x600,360000,dense,Learned,5159,13,32,53615,22.611484063085783,0.6531389502507643,20.57730912213868,0.9721197256616375,0.6699779951411237,0.30277364252095806,1674,4102,0.0,14,53656,24.861761181156524,0.8008779473952639,0.989900680903631,24.90459485296877,0.1285439018529,0.6268693800283957,1085,19.68520864401121,0.17054499545869534,0.9072984506072468,16.50233361393436,0.9726154906535073,0.71834231466257,0.3374250401109222,0.6972227102340115,-1.8326976381158424,-0.3682605789946561,False,d1_d0001_p0062_t0000
d1_d0001_p0063_t0000.png,0.9801257980820873,21.24555688874468,1.0,0.9989826847557771,21.715676448668884,0.25747449429433067,37155,17,495,849,56,2.3226459669254136,29.11764705882353,2963,3441,7101.6284408586125,4.342820854835562,0.07590037963793546,0.006228182298854579,0.3345710970275819,20726.428031921387,0.6685553478006309,17,495,-478,849,56,2.3226459669254136,29.11764705882353,17,113,2963,3441,2058,2.0638269226558004,4.342820854835562,7101.6284408586125,0.07590037963793546,257734,6.936724532364419,9.689140088817117,600x600,360000,sparse,Learned,3083,17,25,36804,22.957231101804396,0.5612452450410991,20.1522058034787,0.9738976157832328,0.6654289029724181,0.35863407855636864,722,1683,0.0,10,36876,24.226750570894954,0.6717936768172902,0.9888240735692445,23.553611366776018,0.15847726256175754,0.6149944496627102,1441,21.097943720475456,0.19365219572213838,0.9400992424718363,17.372934335714866,0.8917523188237223,0.6998920349667398,1.0933510852659793,0.6403486061994085,-1.2415546531355126,-0.3037707507467684,False,d1_d0001_p0063_t0000
d1_d0001_p0064_t0000.png,0.9915230205436201,22.009862855785478,1.0,0.9999973322782162,23.29267262716787,0.30631344034406693,28810,6,316,572,48,2.209530246704968,52.666666666666664,2959,3269,5477.971917397155,3.7115637135288124,0.06713634779408806,0.0019231154909148396,0.6064263991890306,19283.533096313477,0.3802378797343294,6,316,-310,572,48,2.209530246704968,52.666666666666664,7,72,2959,3269,2339,1.675733226490421,3.7115637135288124,5477.971917397155,0.06713634779408806,268434,9.317389795209996,12.49566122874002,600x600,360000,dense,Learned,3159,7,26,28523,24.82980521562891,0.5460667444321301,21.22987956638184,0.9895999050527052,0.3935736008109694,0.37372574893246235,846,1733,0.0,13,28624,25.38807748024814,0.6256708769208541,0.9924093439919497,22.346896105996656,0.3873231818151034,0.3991135734072022,2103,23.391661028299545,0.28172594119176897,0.9802748755549955,19.041483032344505,0.9854032521012296,0.38971041685801633,0.7799832894036385,0.6262715833457538,-1.5371325884610378,-0.23975330408806317,False,d1_d0001_p0064_t0000
d1_d0001_p0065_t0000.png,0.9741579956106472,22.5242216387001,1.0,0.9999995558674829,22.937355981556628,0.3962133124815887,57412,14,928,1580,70,2.304311636424172,66.28571428571429,6007,6921,12605.977049132718,3.941768399129518,0.08073930968514656,-0.008129005448283988,0.39290613174048816,24589.414834976196,0.6692433799819775,14,928,-914,1580,70,2.304311636424172,66.28571428571429,14,213,6007,6921,4357,1.8214097744736828,3.941768399129518,12605.977049132718,0.08073930968514656,263836,4.595485264404654,6.270466104647112,600x600,360000,dense,Learned,6207,14,50,57411,26.212417099416466,0.7109069629950001,23.974248643533628,0.9822870010589312,0.6070938682595118,0.3377094068024783,1809,4813,0.0,32,57402,28.20160250421302,0.8395846407441732,0.9900419366378661,26.490954628554487,0.3105054713043044,0.596630431653986,1092,22.067169782622265,0.28915157816291376,0.9294726866816547,18.52105959324885,0.9997899853637682,0.5863956639566396,-1.450027004833526,0.6622901490650046,-3.2750611178598383,-0.3146936505134114,False,d1_d0001_p0065_t0000
d1_d0001_p0066_t0000.png,0.9918625431572268,26.424432926604755,1.0,0.9999999978972083,24.450150801601357,0.3004231086012136,11903,2,187,324,21,2.3125,93.5,1184,1369,2420.0672426672454,4.6536630653851745,0.03549340347448188,0.011475451947895565,0.9998518079430943,16427.71053314209,0.048171326053482885,2,187,-185,324,21,2.3125,93.5,2,45,1184,1369,839,1.7677627776970475,4.6536630653851745,2420.0672426672454,0.03549340347448188,248628,20.88784340082332,30.244476182475005,600x600,360000,sparse,Learned,1304,2,18,11876,26.696930811448144,0.4304507537529607,26.31684818702851,0.9803870912093312,0.00014819205690574984,0.40632816073349376,14,13,0.0,9,11344,26.923446595103954,0.44438608410416186,0.9838914874819518,26.930904035516477,0.38532811057020366,0.0004947066389630949,23855,27.826825988336218,0.5877951492619699,0.9847501610779523,27.736685414541256,0.2439012830366608,0.0009888262632255513,0.10758473957624659,0.5936718371637145,-2.2467800098467876,-0.13002764515174714,False,d1_d0001_p0066_t0000
d1_d0001_p0067_t0000.png,0.9813055302546575,21.57896956695842,1.0,0.9992438514657993,20.28910654780097,0.2422226367026067,49554,21,693,1230,107,2.274117887007954,33.0,4903,5575,9554.914403473858,3.9010405833201336,0.06709804325249706,0.0028519864930085514,0.6509517345875817,22234.529733657837,0.4018829507033045,21,693,-672,1230,107,2.274117887007954,33.0,22,146,4903,5575,3566,1.7138859916544786,3.9010405833201336,9554.914403473858,0.06709804325249706,279583,5.641986519756226,7.264802034144569,600x600,360000,dense,Learned,5103,22,29,48505,22.422106264625853,0.6294835933443229,21.00192793680288,0.978453543761649,0.34904826541241835,0.2169943636513454,4537,5461,0.0,11,48174,24.137007720961833,0.7650819188676956,0.9899635486644096,24.070782336564577,0.19714341264565838,0.3326277757102096,1048,19.864629373610068,0.15128032666417757,0.9425688932692408,17.383584641903088,0.9822666404391367,0.34482472296868866,0.5770416301555414,0.7822494878144539,-2.1329997168248838,-0.3872609566417162,False,d1_d0001_p0067_t0000
d1_d0001_p0068_t0000.png,0.9801538367027116,21.605711180161975,1.0,0.9999908216826622,21.545719803024966,0.31234966397707753,52395,14,698,1255,104,2.2583081570996977,49.857142857142854,5296,5980,10588.091668428555,3.709967312856023,0.07779129527697172,-0.0018047983483637786,0.5233398230251807,20335.864543914795,0.5197101768361638,14,698,-684,1255,104,2.2583081570996977,49.857142857142854,15,146,5296,5980,3937,1.7705838910415272,3.709967312856023,10588.091668428555,0.07779129527697172,267241,5.1005057734516654,6.8708846263956485,600x600,360000,dense,Learned,5496,15,37,51971,24.085885862521703,0.6610282379243366,21.90502296070997,0.9819586350510754,0.4766601769748194,0.3130205574437087,2251,5379,0.0,18,50538,25.805250544286743,0.7838678762390502,0.9901749000951937,24.54044878399527,0.2804716291089854,0.46476239366383104,1095,20.928373914513404,0.20683811141982855,0.9421847175844804,17.589522273078657,0.9913049379942045,0.4660579355926952,-0.29931178054799545,0.6869702642389535,-2.5401660594967375,-0.3486785739472591,False,d1_d0001_p0068_t0000
d1_d0001_p0069_t0000.png,0.9700433483172803,21.286295210714176,1.0,1.0,21.28569841314183,0.36731832614232796,74511,4,1245,2138,64,2.334952766531714,311.25,7410,8651,15640.024827979343,3.949879521445224,0.07541382191929127,-0.009940062969815422,0.34579671142412705,24479.104042053223,0.6876209382300157,4,1245,-1241,2138,64,2.334952766531714,311.25,6,300,7410,8651,5208,1.8078863516331953,3.949879521445224,15640.024827979343,0.07541382191929127,270288,3.6274912429037323,4.831501389056649,600x600,360000,dense,Learned,7610,6,48,74259,24.431250695182307,0.7599272240263771,22.940487928019074,0.9799834112870958,0.654203288575873,0.4467317704145981,1506,7397,0.0,28,74272,27.92999316644028,0.8910679819603207,0.9931891957027036,27.651157250388493,0.2946898522757143,0.6521633013226694,727,18.67625448184996,0.17105975075821425,0.8819027387440473,15.511001762939152,0.9999999999999848,0.6366143061562455,-1.6541927173048983,0.5532682295854019,-3.1455522820404767,-0.3926088978840492,False,d1_d0001_p0069_t0000
d1_d0001_p0070_t0000.png,0.9684749465927263,21.78599000322707,1.0,0.9999996406212134,21.020172755465587,0.36340636831851314,67566,15,1176,2048,125,2.391964888588791,78.4,5924,7085,16261.166849633955,3.7832309929484214,0.08982473480951286,-0.007715194506077827,0.43398310276998486,23131.526708602905,0.6262699151174493,15,1176,-1161,2048,125,2.391964888588791,78.4,18,246,5924,7085,3751,2.2951541072171393,3.7832309929484214,16261.166849633955,0.08982473480951286,274404,4.06127342154338,5.3281236124678095,600x600,360000,sparse,Learned,6044,18,44,67000,24.25071275983511,0.7355989484390937,22.850411008140274,0.9761901410988041,0.5660168972300151,0.25763065381356864,3624,7239,0.0,24,66656,27.05622307279192,0.8653607790361828,0.9900498142657178,26.70867188842611,0.20802822632730555,0.5538929788105151,681,19.19600625873036,0.17207236394225675,0.8931786238618294,16.538647518960616,0.9976078328236454,0.5336826710472506,-1.0644210049132035,0.7423689868076447,-3.230540004369523,-0.37219258012058054,False,d1_d0001_p0070_t0000
d1_d0001_p0071_t0000.png,0.9647272389554787,21.4144923711644,1.0,0.9999999997964277,21.454729978753917,0.3978584145824494,70187,12,1419,2406,67,2.462220762155059,118.25,6088,7495,16784.192703547076,4.0935832845357965,0.08213275870179576,-0.010462945209284258,0.33497616113997963,24093.80269050598,0.6930363471446872,12,1419,-1407,2406,67,2.462220762155059,118.25,12,342,6088,7495,3615,2.239385283995531,4.0935832845357965,16784.192703547076,0.08213275870179576,270652,3.856155698348697,5.1291549717184095,600x600,360000,sparse,Learned,6208,12,46,70007,24.469051882078215,0.747483138756934,22.79873765043458,0.975190184164763,0.6650238388600204,0.4481608558729244,1516,6911,0.0,26,68894,27.413371291382823,0.8708822538496789,0.9900036919442194,26.89445316458483,0.3050795118024182,0.666961587315492,709,18.66852550246429,0.18430883398691572,0.8618499921703326,15.69377225641289,0.9999411194651585,0.6387456687979829,-1.3842452792701785,0.5518391439235033,-3.014321903324298,-0.34962472417448454,False,d1_d0001_p0071_t0000
d1_d0001_p0072_t0000.png,0.9616992031429934,21.51468568128601,1.0,0.9999999379134739,21.177489392473685,0.42686495221930343,80045,19,1618,2718,81,2.454390451832907,85.15789473684211,7038,8637,19705.310811490875,3.9313607785673974,0.0883350254833898,-0.014478193620727331,0.3540482515754355,25525.03275871277,0.6722842508361745,19,1618,-1599,2718,81,2.454390451832907,85.15789473684211,19,387,7038,8637,4239,2.2814994571599043,3.9313607785673974,19705.310811490875,0.0883350254833898,265975,3.322818414641764,4.497470173027672,600x600,360000,sparse,Learned,7158,19,51,78576,24.67954772982526,0.7844423880007193,23.425063344334106,0.9761773967637207,0.6459517484245645,0.38658080777822335,2196,8375,0.0,30,78818,28.540003795641738,0.9078542661057681,0.9920893985166487,28.33339851570991,0.30036343286889633,0.6486222425769025,711,18.1347694417452,0.1771489309104611,0.853673382992539,15.718543707998123,0.9972714910741397,0.6038184126817903,-1.910377663048095,0.6134191301352505,-3.502058337351574,-0.3575774357814159,False,d1_d0001_p0072_t0000
d2_d0002_p0000_t0000.png,0.9826557044703131,23.432383080158885,1.0,0.9993800565866875,24.604554322423603,0.39364393616815924,36715,15,556,950,72,2.2811119771369186,37.06666666666667,3849,4390,7672.664942940988,4.0241381449338895,0.07219318391767404,-0.0017891952990394255,0.4722560889166123,22220.476627349854,0.5856331429304923,15,556,-541,950,72,2.2811119771369186,37.06666666666667,17,124,3849,4390,2827,1.7477596680958867,4.0241381449338895,7672.664942940988,0.07219318391767404,273183,7.440637341685959,9.805256707067956,600x600,360000,dense,Learned,4049,17,39,36642,27.001497140488866,0.6406932201810825,23.816372011479807,0.9844448997693526,0.5277439110833877,0.32583172593215215,842,1422,0.0,24,34662,27.626672291956673,0.7246872318418608,0.9881935364239098,24.739051895416374,0.32558730172678774,0.5211628106500414,1405,24.678145692222458,0.35461099122644557,0.9627893219220094,20.546372122416447,0.9571730728540018,0.5259190504317498,-0.38398893132092127,0.6735483306545353,-2.3969428180652628,-0.2470492840129233,False,d2_d0002_p0000_t0000
d2_d0002_p0001_t0000.png,0.9783620843465283,23.073285203116562,1.0,0.9999992039758908,24.272698062109114,0.3958847116583791,45977,10,826,1382,54,2.337888198757764,82.6,4830,5646,9736.825023268859,4.1083172330945175,0.07243293696398323,-0.004241986764296324,0.38062087896539043,23430.83930015564,0.6451158375604402,10,826,-816,1382,54,2.337888198757764,82.6,11,197,4830,5646,3394,1.7245527848509874,4.1083172330945175,9736.825023268859,0.07243293696398323,274782,5.976509994127499,7.83000195750049,600x600,360000,dense,Learned,5030,11,44,45682,26.751438000272316,0.6762631982291215,23.921088223603494,0.9826040711108246,0.6193791210346096,0.3754982748333008,674,1576,0.0,28,45370,27.95068387291674,0.7820624573410444,0.9880337433014893,25.510208156770524,0.3507225262691245,0.6139585298216472,1048,23.00180201139005,0.3191768277299717,0.9425792552741776,18.82955668669561,0.9069079664093235,0.5873362153191376,-0.847803020486932,0.62450092914259,-2.4787399381632014,-0.28037848657074244,False,d2_d0002_p0001_t0000
d2_d0002_p0002_t0000.png,0.9748406902242074,22.56582566467405,1.0,0.9994288037875226,23.05644251187086,0.32762307392366397,42447,18,601,1037,65,2.2792145593869733,33.388888888888886,4176,4759,8231.172564129165,4.444878790570401,0.07296368486501044,-0.0005023996747440806,0.44217653817008484,22625.685453414917,0.5811044390100252,18,601,-583,1037,65,2.2792145593869733,33.388888888888886,18,132,4176,4759,3074,1.7296012952572197,4.444878790570401,8231.172564129165,0.07296368486501044,273359,6.440007538813108,8.481164746625204,600x600,360000,dense,Learned,4376,18,35,41407,25.22638316335381,0.6240885957116177,22.636454218591243,0.9753430898989515,0.5578234618299152,0.3498832329927285,1094,2447,0.0,19,40754,26.299842459892588,0.7284036769596756,0.9842033337304501,24.263850313162244,0.3022304747526382,0.5331802441240759,1441,22.956993991812638,0.2645181326613818,0.9398359078145636,19.606025542364495,0.9757149595328429,0.5744764351207677,-0.07062855391719225,0.6495455707947941,-2.16994065148295,-0.2964655217879537,False,d2_d0002_p0002_t0000
d2_d0002_p0003_t0000.png,0.9766476219918605,22.435691856772216,1.0,0.999876766369765,23.240016718303032,0.3528069054572353,41663,12,522,895,58,2.2496940024479803,43.5,4085,4595,7738.277844811026,4.5974213398801504,0.06678250447444434,-0.0012505617075386777,0.4015005771450558,22904.167652130127,0.6064900099192292,12,522,-510,895,58,2.2496940024479803,43.5,14,117,4085,4595,3132,1.684064819327742,4.5974213398801504,7738.277844811026,0.06678250447444434,264281,6.3433022105945325,8.640760386914048,600x600,360000,dense,Learned,4285,14,36,41364,25.506166538399142,0.6314201172973206,22.61774029863544,0.9778981836993992,0.5984994228549442,0.45529929319680673,665,2088,0.0,20,40178,26.553158372843903,0.7334717767292276,0.9853624449274081,24.1816870780722,0.41552816655878577,0.583321587370741,1440,23.100914002409013,0.29064634480577245,0.9407526527305727,19.37249673000918,0.9996744517910796,0.6065718587087704,-0.18204844186322333,0.5445774731729582,-2.2661498200961105,-0.2786132118400853,False,d2_d0002_p0003_t0000
d2_d0002_p0004_t0000.png,0.989840344438174,21.539102081644902,1.0,0.9776292281438344,22.61626568083937,0.2329403932419823,22906,16,291,498,44,2.285417747794499,18.1875,1927,2202,4149.746282727016,4.030130399591142,0.060517702747633344,0.005849936215034934,0.3447281713344317,19480.64374923706,0.6749095956459802,16,291,-275,498,44,2.285417747794499,18.1875,18,66,1927,2202,1385,1.8845350966063084,4.030130399591142,4149.746282727016,0.060517702747633344,243570,10.633458482493669,15.716406181786432,600x600,360000,sparse,Learned,2047,18,17,21503,23.419372262678397,0.46610823895046205,19.717941427954692,0.9839904082231391,0.6552718286655683,0.28219097279662064,232,156,0.0,6,21308,23.920367857233387,0.4831886458146041,0.9909780252966454,21.934863535097957,0.21827496682361103,0.629323206293232,2517,22.4821529715158,0.2223153671639809,0.9752123094201662,18.225943597694346,0.5754250238931116,0.6517385825699009,1.8211606536902103,0.6954382553472137,-0.8031065818390282,-0.23316784570847976,False,d2_d0002_p0004_t0000
d2_d0002_p0005_t0000.png,0.9809996923935302,22.440454901936008,1.0,0.9992888986923564,23.05598552132265,0.34838815766440245,45260,18,841,1365,52,2.407324919574363,46.72222222222222,4041,4864,10449.661884104597,3.837869846505182,0.07294450642602002,-0.000600061592932688,0.30317664259447963,20396.182537078857,0.7199561575197683,18,841,-823,1365,52,2.407324919574363,46.72222222222222,23,218,4041,4864,2624,2.14836798604121,3.837869846505182,10449.661884104597,0.07294450642602002,283156,6.256208572691118,7.954043305346885,600x600,360000,sparse,Learned,4161,23,35,44206,25.066804027812356,0.6455168728869366,22.533560441830257,0.9815997539864629,0.6968233574055204,0.300423980041995,787,1205,0.0,18,43300,26.146835850133726,0.7319191551680676,0.9891208835975979,24.514202320443303,0.24145969062176031,0.6810042109250921,1088,21.30079995775493,0.2560616112153901,0.9389701740502152,17.221198975648445,0.8942488584871935,0.6555811293190181,-0.09310553989424974,0.6988649186503614,-2.0108185064897057,-0.29712871522253415,False,d2_d0002_p0005_t0000
d2_d0002_p0006_t0000.png,0.9781028726117659,22.70945049359963,1.0,0.9999999574817879,23.15950521249658,0.4237082587116524,58583,11,1087,1838,60,2.3477136855711747,98.81818181818181,6189,7265,12742.973704827753,3.8608821360624592,0.07544976913656529,-0.007273284582996253,0.37721651314621585,23131.272315979004,0.6447439134446709,11,1087,-1076,1838,60,2.3477136855711747,98.81818181818181,12,254,6189,7265,4291,1.7540225333554538,3.8608821360624592,12742.973704827753,0.07544976913656529,280069,4.780721369680624,6.145127426045098,600x600,360000,dense,Learned,6389,12,52,57547,26.701881159497486,0.7259320695775558,24.32638555367791,0.9853761571947621,0.6227834868537842,0.5916473080671215,649,3526,0.0,34,57410,28.732517074040672,0.8477112088823427,0.9922488537532455,26.937679724742715,0.5111467870569247,0.6179922923796543,1079,21.522800345570268,0.30586755143647876,0.9310693296365168,17.616928763307847,0.9999981912184983,0.5766094231616028,-1.61693506007828,0.4083526494146664,-3.542375947000906,-0.30222381086590344,False,d2_d0002_p0006_t0000
d2_d0002_p0007_t0000.png,0.9704382494672462,23.588359685252115,1.0,0.9999974364502711,23.636774519646924,0.4231347224274571,52983,16,1037,1771,80,2.4075848303393212,64.8125,5010,6031,13422.047850942006,4.0888201684533,0.07927442170646862,-0.007038368497122582,0.4470436626902804,23305.0696849823,0.5741247983190124,16,1037,-1021,1771,80,2.4075848303393212,64.8125,17,236,5010,6031,3159,2.2255095093585906,4.0888201684533,13422.047850942006,0.07927442170646862,283817,5.356755940584716,6.794632240529982,600x600,360000,sparse,Learned,5130,17,48,52185,26.63699538706965,0.7084748206397057,24.64857050634878,0.9774766179643688,0.5529563373097196,0.3029393343594379,1835,3464,0.0,31,51212,28.19317454626853,0.8211465524193666,0.9860380668118729,26.581333248288537,0.2717758586861153,0.542453248249579,1087,22.406824959981527,0.31464802566911315,0.9209623348818791,19.266768068168574,0.9953043142207056,0.5255206447320775,-1.060210821096664,0.6970581020908332,-3.000220867422726,-0.2853400982122486,False,d2_d0002_p0007_t0000
d2_d0002_p0008_t0000.png,0.9732909449773224,21.854952667323953,1.0,0.9996414108785183,22.268053381222458,0.38695400360335874,58512,26,1152,1952,68,2.448784376245516,44.30769230769231,5018,6144,13442.0867889121,4.139288435304436,0.08176617459985717,-0.005657713861021096,0.24996192258317196,22922.449350357056,0.7856814947436074,26,1152,-1126,1952,68,2.448784376245516,44.30769230769231,27,289,5018,6144,2998,2.1878396466327694,4.139288435304436,13442.0867889121,0.08176617459985717,276439,4.7244838665572875,6.152584085315833,600x600,360000,sparse,Learned,5138,27,43,58243,24.97534394122338,0.709717071932024,22.78309146224046,0.9789486588383435,0.750038077416828,0.46880726591221067,863,3367,0.0,24,58008,27.14288406170986,0.8274563390359426,0.990142020893105,26.07123673618984,0.33114217156844783,0.7375869871493831,1089,20.184027206460566,0.24592500905759765,0.9067835928927696,16.713453899973103,0.9398144254408374,0.7057701292633546,-0.9281387949165065,0.5308341449663077,-2.7072905600009207,-0.3227630683286653,False,d2_d0002_p0008_t0000
d2_d0002_p0009_t0000.png,0.9795830106841313,22.178094815892276,1.0,0.9985631949322782,22.84921372733089,0.3984272821922568,57674,30,924,1540,47,2.308488612836439,30.8,5796,6690,12063.877410621046,3.817554645615664,0.07587145597852378,-0.005819393940939777,0.2612292007309801,21948.52066040039,0.787375629926347,30,924,-894,1540,47,2.308488612836439,30.8,30,248,5796,6690,4209,1.8032701660120696,3.817554645615664,12063.877410621046,0.07587145597852378,274298,4.756007906508999,6.241980788570239,600x600,360000,dense,Learned,5996,30,47,56810,25.906470608244238,0.7126557428215562,23.469826588804015,0.9854024046250711,0.7387707992690199,0.6320448556821694,486,3013,0.0,29,57588,27.966983366527536,0.837249956785004,0.9923163237863663,26.267255598967196,0.47628435901583777,0.7307729053214865,1062,20.888303471259775,0.2763339287850534,0.929505039194905,16.87778566960915,0.9702273968781393,0.6826152731611693,-1.2917317729117386,0.3665183392501088,-3.0572568809133465,-0.3142284606292994,False,d2_d0002_p0009_t0000
d2_d0002_p0010_t0000.png,0.9873244210947894,21.728238734240165,1.0,0.9934313999110608,23.335716175912495,0.30771668724593176,37370,21,575,934,29,2.309065550906555,27.38095238095238,3585,4139,6956.221633950882,3.97281598692326,0.06957113535687007,0.0014448180360000507,0.24412656938508892,20655.174255371094,0.7779380627748436,21,575,-554,934,29,2.309065550906555,27.38095238095238,22,150,3585,4139,2622,1.6806527262505069,3.97281598692326,6956.221633950882,0.06957113535687007,251372,6.726572116671127,9.633395772009633,600x600,360000,dense,Learned,3785,22,30,37029,24.79156799291015,0.5962587174599174,21.27592365526263,0.9858796030587893,0.7558734306149111,0.724400339072296,134,874,0.0,15,36988,25.886090096968005,0.6769155952331871,0.9927527397217653,23.895176329644112,0.5666270406076652,0.7399155670490463,1449,22.214562488071003,0.257466526446281,0.9594896570668084,17.195463090713456,0.9165702234195547,0.7371414234339717,0.4523150789775343,0.2690310608387648,-1.4558518169976544,-0.28854203021398567,False,d2_d0002_p0010_t0000
d2_d0002_p0011_t0000.png,0.9836449497852139,24.05643708277356,1.0,0.9999999999975193,24.42401593852911,0.5303687204382129,56131,7,1122,1878,57,2.3576583801122695,160.28571428571428,6235,7350,13392.742002698602,3.5430365933737185,0.08019254830088447,-0.006837029512244297,0.30476305875614107,22086.01140975952,0.7422912922437185,7,1122,-1115,1878,57,2.3576583801122695,160.28571428571428,8,258,6235,7350,4300,1.8221417690745823,3.5430365933737185,13392.742002698602,0.08019254830088447,265289,4.7262475281039,6.4135682599633,600x600,360000,dense,Learned,6435,8,62,55459,29.14196749793485,0.7661235817304499,26.267184541380022,0.9904819792974582,0.6952369412438589,0.8654230396429919,210,2579,0.0,49,55500,31.317836841127658,0.8618124073716289,0.9952291226035545,29.308417834423118,0.8284711753210371,0.691219812607223,1093,22.76457056013048,0.4206899312472296,0.9472784942144888,18.472057267397822,0.9994326564075116,0.6472447367079573,-2.2107474586064626,0.13457696035452738,-4.717951559405741,-0.235754861292237,False,d2_d0002_p0011_t0000
d2_d0002_p0012_t0000.png,0.9759885875421566,25.639003282998203,1.0,0.9999947392559941,25.491374598327795,0.6055336655645894,61898,20,1046,1822,82,2.2799072432137497,52.3,7331,8357,15457.581073314559,3.6764214254144334,0.07853991051645563,-0.012035392703575787,0.4134318165480555,24825.056791305542,0.5968680130151055,20,1046,-1026,1822,82,2.2799072432137497,52.3,21,261,7331,8357,5427,1.849656703759009,3.6764214254144334,15457.581073314559,0.07853991051645563,265510,4.289476235096449,5.81601990371256,600x600,360000,dense,Learned,7531,21,71,61384,30.887348230918164,0.8184509136934647,28.54886677897745,0.9880239802457323,0.5865681834519445,0.46952831714157484,885,3137,0.0,66,61292,33.26691250985764,0.89961956483585,0.9937293290994602,31.380829222460108,0.4890661511763148,0.5915827491726862,675,23.339410394248418,0.44315373344147635,0.9278832111357236,19.94098711937802,0.9266913686358271,0.47913124000336726,-2.9098634959792484,0.5304664221144193,-5.395973632590369,-0.21291724812887525,False,d2_d0002_p0012_t0000
d2_d0002_p0013_t0000.png,0.9749452167221971,24.608601815635012,1.0,0.9999314275047575,24.399430473896004,0.4740128571335434,50920,19,769,1387,115,2.2579535683576957,40.473684210526315,5815,6565,12103.194755579052,3.786315010953134,0.0817906593948195,-0.008246920706444949,0.5404281474794234,23008.66961479187,0.49105070767637127,19,769,-750,1387,115,2.2579535683576957,40.473684210526315,21,167,5815,6565,4313,1.8435940221749807,3.786315010953134,12103.194755579052,0.0817906593948195,273245,5.366162608012568,7.069913589945012,600x600,360000,dense,Learned,6015,21,58,50621,28.49363413752842,0.7340783071029606,26.1772897864465,0.9831921374286421,0.45957185252057664,0.2960944622160564,1476,2720,0.0,44,50752,30.413487922614863,0.8419574792002797,0.9900105829866751,28.440984798795235,0.2746382488479854,0.46099771960573677,1081,24.93571669418899,0.4011083356741412,0.9491877949769391,21.835694937631708,0.8439276968592997,0.43183041098432134,-1.5686879708114887,0.7038369652887011,-4.094203663632417,-0.2600654499694172,False,d2_d0002_p0013_t0000
d2_d0002_p0014_t0000.png,0.9689481317673085,24.789188358845724,1.0,0.9999986203548238,24.22824556760856,0.5074871708358987,64224,17,1096,1908,125,2.2878484727224224,64.47058823529412,7497,8576,15718.509041801624,3.836710297347419,0.07844860798123336,-0.014812895839783513,0.5763296479935942,25488.709688186646,0.4395573037174148,17,1096,-1079,1908,125,2.2878484727224224,64.47058823529412,19,242,7497,8576,5464,1.8328485356577708,3.836710297347419,15718.509041801624,0.07844860798123336,275774,4.293939960139512,5.605381165919282,600x600,360000,dense,Learned,7697,19,67,63411,29.30548202114149,0.7883832756060236,27.47853617231947,0.983761027607092,0.42367035200640574,0.26217457027006497,1749,2944,0.0,56,63056,31.80216410352643,0.8902611341002852,0.991405222215649,30.202495714140912,0.24763959950193093,0.4238464428953766,733,23.77892040082766,0.38712709661084965,0.9295716905914664,20.99751810042261,0.8600131650060153,0.37948691309284394,-2.689347813473745,0.7378240500847588,-5.0772364535329295,-0.28089610477012494,False,d2_d0002_p0014_t0000
d2_d0002_p0015_t0000.png,0.9875084460223881,23.782870838776983,1.0,0.9870068545458224,25.15876458704891,0.42434016106302763,33001,24,537,880,44,2.304,22.375,3375,3888,6540.783033770838,4.0737247946350665,0.06796117260554137,-0.0008961139269011431,0.30933153880663977,22903.445720672607,0.7250700085400489,24,537,-513,880,44,2.304,22.375,24,128,3375,3888,2451,1.6823001630069019,4.0737247946350665,6540.783033770838,0.06796117260554137,273895,8.29959698190964,10.90876034059574,600x600,360000,dense,Learned,3575,24,37,32225,27.606680258819573,0.6385917474195556,24.09328548218499,0.9884045599492892,0.6906684611933602,0.4309702295631159,293,447,0.0,26,32100,28.213530063112984,0.719950478196235,0.9906874676730218,24.895802016947673,0.3824103473141489,0.6828728037242829,1726,25.30676368778465,0.4010973297114164,0.9720174565994358,20.728945073642862,0.7238101166505342,0.6712316277034174,-0.31041464340800573,0.5560366249827065,-2.4479156717706623,-0.21425158635652797,False,d2_d0002_p0015_t0000
d2_d0002_p0016_t0000.png,0.9888909632313113,21.784349580659995,1.0,0.9964774546101111,23.56374410031865,0.3084862209881379,25133,14,401,671,37,2.3706896551724137,28.642857142857142,2088,2475,4950.092794275025,4.512083809894164,0.06526188000950187,0.004720680106848563,0.2796251723412708,20839.902639389038,0.8164574310618935,14,401,-387,671,37,2.3706896551724137,28.642857142857142,14,96,2088,2475,1380,2.0000374926363946,4.512083809894164,4950.092794275025,0.06526188000950187,265265,10.554450324274859,14.323797397843473,600x600,360000,sparse,Learned,2208,14,22,24402,24.79298179567643,0.523662194102648,20.607395936944023,0.9841702831244628,0.7203748276587292,0.3105968436878128,451,426,0.0,10,22808,25.15536102759406,0.5561749311829673,0.988616130608323,21.66318339055524,0.3663477522022356,0.7126946650449548,2512,23.58691037765596,0.2912363633520583,0.9714879165048381,18.837837705141144,0.7147657323029761,0.7334084031247801,1.1769536437159722,0.6858806109222982,-1.229237695357778,-0.21517597311451014,False,d2_d0002_p0016_t0000
d2_d0002_p0017_t0000.png,0.9890189111473279,21.722463359291034,1.0,0.9856198250693353,22.77993811345408,0.32390001174458205,31241,21,479,770,35,2.315426997245179,22.80952380952381,2904,3362,5609.513344459672,4.1349537958783555,0.07181032041398815,0.002390754036335818,0.2843525343525344,20613.479375839233,0.7631089806300136,21,479,-458,770,35,2.315426997245179,22.80952380952381,21,118,2904,3362,2099,1.6685048615287648,4.1349537958783555,5609.513344459672,0.07181032041398815,270435,8.656413046957523,11.523318715790147,600x600,360000,dense,Learned,3104,21,27,30776,25.223517548248754,0.5788984489953464,21.028252522037043,0.986628157110992,0.7156474656474656,0.5252806285769317,159,359,0.0,14,31112,26.005106374195858,0.6439688344895221,0.9918860028254319,22.83493537375344,0.5104418201982899,0.7021937884253272,1807,23.149526207189215,0.29755815069899005,0.967629378353097,17.94172524769236,0.6136658581738661,0.6978399876947416,0.6942108372539906,0.4603391964924036,-2.4435794347946747,-0.2549984372507643,False,d2_d0002_p0017_t0000
d2_d0002_p0018_t0000.png,0.9744190963418139,25.622754850638202,1.0,0.9998112335459765,25.490297650193902,0.545342898331897,46716,19,749,1293,88,2.272286460276016,39.421052631578945,5362,6092,10603.54031819871,4.131375763608377,0.07252256339850444,-0.009223150826287108,0.5354189986172905,24295.35675048828,0.48062044407986726,19,749,-730,1293,88,2.272286460276016,39.421052631578945,20,166,5362,6092,3981,1.7405680102098628,4.131375763608377,10603.54031819871,0.07252256339850444,266369,5.701879441733025,7.706139224248651,600x600,360000,dense,Learned,5562,20,62,46476,30.023085777526795,0.760823813614051,27.3871565115375,0.983642247168101,0.4645810013827095,0.40709152355598033,906,2227,0.0,52,45106,31.759372824034557,0.8389478809495465,0.990662150391963,29.737412102959407,0.3812694031592131,0.45499272857763423,1037,26.058743738086157,0.4834748023679856,0.9480040616135456,22.575515314846154,0.8873687829940439,0.4199318877597232,-1.7644016608992992,0.5927197099899961,-4.532788127332893,-0.21548091528215407,False,d2_d0002_p0018_t0000
d2_d0002_p0019_t0000.png,0.9777401624660622,24.76590884259656,1.0,0.9999982219619132,25.03053529771648,0.5444372069865514,52688,13,961,1613,65,2.319514661274014,73.92307692307692,5934,6882,12263.149940137733,3.768729966197867,0.07692660604361569,-0.009340941671624137,0.3717585508085529,24496.881246566772,0.6643042912873862,13,961,-948,1613,65,2.319514661274014,73.92307692307692,15,230,5934,6882,4256,1.7819165853149364,3.768729966197867,12263.149940137733,0.07692660604361569,269387,5.112872001214698,6.832675372001215,600x600,360000,dense,Learned,6134,15,63,51792,29.67030415885467,0.7698779040616114,26.893784359965448,0.9870811041376863,0.6282414491914471,0.6064156084144836,435,2338,0.0,52,51896,31.675772283492098,0.8592288884420448,0.9931390363107578,29.634028502858065,0.5351357503331395,0.6203009847030408,1034,24.39086230371582,0.4592357570696822,0.9465110036996696,20.555177646639663,0.9723187502687084,0.5839331116761197,-2.1278755173688886,0.3935826135474296,-4.63976886113819,-0.22544069707505998,False,d2_d0002_p0019_t0000
d2_d0002_p0020_t0000.png,0.9786213673142766,25.53912810435679,1.0,0.9999999161172758,25.58394460034946,0.5945350462989641,53710,12,1014,1749,78,2.320281284960844,84.5,6257,7259,13163.528115997051,3.8372833949604677,0.07703645819184868,-0.009266626869973482,0.4157444523293504,23391.97087287903,0.6032276839000523,12,1014,-1002,1749,78,2.320281284960844,84.5,13,246,6257,7259,4430,1.813407923404967,3.8372833949604677,13163.528115997051,0.07703645819184868,262870,4.894246881400112,6.702662446471793,600x600,360000,dense,Learned,6457,13,67,52170,30.703568002513396,0.7956198298507717,27.895429162097095,0.9878879941842501,0.5842555476706496,0.5815547462625315,521,2434,0.0,61,53700,32.83851400644509,0.8764786918916119,0.9936331546506554,30.72848597687444,0.5438041510501281,0.5807794245691924,1038,24.85307618989804,0.5069081132521523,0.9471754799381947,20.9976914639784,0.9653757162289079,0.5344615779533911,-2.3563010577403034,0.41844516985474434,-5.119623402163935,-0.2010847835518076,False,d2_d0002_p0020_t0000
d2_d0002_p0021_t0000.png,0.9816170691250621,25.202864957828226,1.0,0.9999883621751304,25.893739044044757,0.5862447767964523,47235,15,916,1536,54,2.330945821854913,61.06666666666667,5445,6346,11390.864835167107,3.8278918994031335,0.07735543252881832,-0.007112191618669161,0.33476446755759814,23318.52102279663,0.707146400689313,15,916,-901,1536,54,2.330945821854913,61.06666666666667,16,220,5445,6346,3855,1.794967670212232,3.8278918994031335,11390.864835167107,0.07735543252881832,263286,5.573959987297555,7.621467132422992,600x600,360000,dense,Learned,5645,16,63,46467,30.506185609228623,0.7732683321648186,27.217054853911073,0.9887292607437312,0.6652355324424019,0.5640921121379034,370,1440,0.0,57,47120,32.436556954822635,0.8523847212384075,0.9941744393757791,30.16622214760996,0.5047464229637297,0.6613159223721232,1085,25.01936753140635,0.5101653470429559,0.954464475147819,20.683163338134566,0.9438184387001853,0.6151029127530433,-2.014189896082847,0.435896250037227,-4.612446565183866,-0.18702355536836635,False,d2_d0002_p0021_t0000
d2_d0002_p0022_t0000.png,0.9706294196487999,24.990930703901924,1.0,0.99995964084534,23.334550413608998,0.4396794868243839,58139,26,1105,1919,112,2.3673816819884235,42.5,5874,6953,15942.480362241378,3.828833871322868,0.0876681386434962,-0.009133507470868052,0.5217863415416233,23456.501245498657,0.49621472814865797,26,1105,-1079,1919,112,2.3673816819884235,42.5,26,256,5874,6953,3843,2.292892328813588,3.828833871322868,15942.480362241378,0.0876681386434962,281282,4.838094910473177,6.1920569669240955,600x600,360000,sparse,Learned,5994,26,58,58112,27.81965576715939,0.7460479615943403,26.53968641617983,0.979762927119668,0.47821365845837677,0.2849422348647467,1888,3068,0.0,40,57130,29.77786682659722,0.8590236410006699,0.9885196010466013,28.72057271048558,0.24667787771291338,0.4724737270494342,1070,23.29768335030718,0.34505908989543765,0.9352605466585378,20.972884728537213,0.9657755444129911,0.4465412739455612,-1.5487557122779059,0.7150174059805933,-4.4851053535503915,-0.3063684747699564,False,d2_d0002_p0022_t0000
d2_d0002_p0025_t0000.png,0.9801131198597532,24.930760380559978,1.0,0.9984701853514457,24.913831122675234,0.45649242647193483,40320,22,568,1003,92,2.247843849296414,25.818181818181817,4406,4952,8980.70252021526,3.997743443797731,0.08055347485877831,-0.0039050285408023244,0.6064830226364847,21943.567276000977,0.40987096351608043,22,568,-546,1003,92,2.247843849296414,25.818181818181817,23,117,4406,4952,3311,1.8135505897041926,3.997743443797731,8980.70252021526,0.08055347485877831,273359,6.779737103174603,8.928571428571429,600x600,360000,dense,Learned,4606,23,48,39394,28.374128947426517,0.687988576528293,25.838881760329176,0.9840181484005556,0.3935169773635153,0.2812469980387142,1221,1543,0.0,36,38710,29.421126550984663,0.7783419061058081,0.9887243231462179,27.285089908528786,0.2535072230812896,0.38935637700713766,1427,25.61437058136171,0.41944635754275084,0.9601026660685067,22.12966260491839,0.7486449729611251,0.3743186969585156,-0.9081213797691987,0.7172231873127315,-3.460297824751283,-0.2314961500563582,False,d2_d0002_p0025_t0000
d2_d0002_p0027_t0000.png,0.9794935158644714,21.602480239704185,1.0,0.999998724672682,21.589399648718913,0.319888331621088,54459,13,951,1586,54,2.3483751160631385,73.15384615384616,5385,6323,10969.135203209746,4.079125017398137,0.06856754589412599,-0.002318152821389141,0.3727711439043002,23163.047313690186,0.6893594658831679,13,951,-938,1586,54,2.3483751160631385,73.15384615384616,13,228,5385,6323,3745,1.7347991781131604,4.079125017398137,10969.135203209746,0.06856754589412599,278081,5.106245065094842,6.610477607007106,600x600,360000,dense,Learned,5585,13,38,54166,24.226564488017722,0.6786097205682656,22.031367489806726,0.9818116686858606,0.6272288560956998,0.3096762994690353,1648,3640,0.0,20,54120,26.32315124393422,0.8064730801533634,0.9918273013839297,25.42256352268954,0.24131821075744475,0.61229437046133,1096,20.71602627232022,0.2218484085190422,0.934906292560305,17.326872514998804,0.994440836837047,0.6098818582298758,-0.4288872501025409,0.6903224252036467,-2.6371648392988085,-0.35872138894717764,False,d2_d0002_p0027_t0000
d2_d0002_p0028_t0000.png,0.9897052064005691,21.945128665414483,1.0,0.9999932434624779,23.566839602833312,0.3056852263768061,28346,8,475,815,33,2.358816749903957,59.375,2603,3070,5852.1386694166085,3.8870202015328306,0.057055222717770825,0.0025666893244321587,0.2860329990928927,18887.169361114502,0.7400583210755851,8,475,-467,815,33,2.358816749903957,59.375,8,118,2603,3070,1755,1.9062340942725153,3.8870202015328306,5852.1386694166085,0.057055222717770825,269451,9.505785648768786,12.700204614407676,600x600,360000,sparse,Learned,2723,8,25,27842,25.05389041317953,0.5470755639134521,21.12212169366293,0.987138517076137,0.7139670009071073,0.7361231408513391,88,457,0.0,12,27546,25.6557919301681,0.5969595756172431,0.991712508839986,22.545849320625116,0.704108438410991,0.7016582729394423,2168,23.562622531702,0.2844101569568816,0.9746717532459281,18.727637979415974,0.9899481642553665,0.7104618782408296,0.8230069717515534,0.26387010261113875,-1.4870508103462186,-0.24139033753664602,False,d2_d0002_p0028_t0000
d2_d0002_p0029_t0000.png,0.9909479478858164,21.95255842036363,1.0,0.9967937930199602,23.8984725852751,0.3196658848063873,27197,15,432,703,31,2.369517058041648,28.8,2257,2674,5342.038164353201,4.016335314493767,0.07335337674489531,0.002306361872003504,0.27209339602479166,19305.946111679077,0.7654826958105647,15,432,-417,703,31,2.369517058041648,28.8,15,108,2257,2674,1523,1.9977704429144478,4.016335314493767,5342.038164353201,0.07335337674489531,263950,9.705114534691326,13.236754053755929,600x600,360000,sparse,Learned,2377,15,25,27079,25.362099989275876,0.5479964453164822,21.109724068571218,0.9886415860138129,0.7279066039752083,0.8502738572329681,57,339,0.0,12,26076,25.872835399532637,0.5873566785539689,0.9922971289871686,22.424987481397004,0.7448607861039973,0.7175752382992396,2173,23.70801514714861,0.2991042761973139,0.9768115197488803,18.3691783080621,0.8045363699436678,0.7163915247627713,0.842834351792412,0.14651993578699207,-1.4636274040007748,-0.22833056051009487,False,d2_d0002_p0029_t0000
d2_d0002_p0031_t0000.png,0.9720040463915484,23.826613583432852,1.0,0.9999999967512645,23.596560758898125,0.47223586260115064,63107,12,1061,1823,97,2.302000863682165,88.41666666666667,6947,7996,14373.703686550563,4.041886121330629,0.07550369075694147,-0.012077368585541537,0.43116455435668877,25813.708543777466,0.6290720102871838,12,1061,-1049,1823,97,2.302000863682165,88.41666666666667,12,236,6947,7996,5027,1.7976117667021112,4.041886121330629,14373.703686550563,0.07550369075694147,281636,4.4628329662319555,5.70459695437907,600x600,360000,dense,Learned,7147,12,61,63033,27.959251949282567,0.7641740106031659,26.037817186972973,0.9840814149770899,0.5688354456433112,0.3161585767033638,2053,4406,0.0,45,62808,30.467456458656137,0.8805164756575371,0.992049020684368,29.005889627700974,0.28520328506553605,0.5625582189654101,730,21.742507737178364,0.3313993303771287,0.9206441907374078,18.597627089476624,0.9999999891163046,0.5166678523155723,-2.2112036035401204,0.6838414200479007,-4.362691190384442,-0.2919381480020153,False,d2_d0002_p0031_t0000
d2_d0002_p0032_t0000.png,0.9866622250512052,22.666914571075495,1.0,0.9999999979911718,23.409875491984984,0.41894952806849917,42952,7,587,1043,48,2.2722365641868105,83.85714285714286,4261,4841,8464.617167053482,3.7736672145664008,0.08024877156373676,-0.002341821793255372,0.3382603423886371,20637.311935424805,0.7101990821136195,7,587,-580,1043,48,2.2722365641868105,83.85714285714286,7,136,4261,4841,3170,1.7485265786104982,3.7736672145664008,8464.617167053482,0.08024877156373676,271121,6.312185695660272,8.38144905941516,600x600,360000,dense,Learned,4461,7,42,42195,26.88237387702378,0.6668127574985686,23.443187658425057,0.9890040468444605,0.6617396576113629,0.8744918541549265,130,1256,0.0,27,42286,28.00154014212634,0.7718314391798804,0.9925327038421864,25.01171168789707,0.8691724192258953,0.6583840113789751,1450,23.347743196529574,0.3671796465383534,0.9625826877104035,18.502366271925908,0.9990268769312853,0.6322927850182787,-0.776273087349562,0.1255081438362453,-3.472498385038797,-0.24786322943006944,False,d2_d0002_p0032_t0000
d2_d0002_p0033_t0000.png,0.976342495457052,23.57032714792382,1.0,0.9988465525057207,23.782462818611233,0.4119607298248833,53536,27,920,1546,74,2.305926687221651,34.074074074074076,5838,6731,11680.702411449214,3.938301703361421,0.07353720374491245,-0.006853838755956465,0.4648932064424426,23271.28767967224,0.5585654405139656,27,920,-893,1546,74,2.305926687221651,34.074074074074076,28,219,5838,6731,4218,1.735359145958835,3.938301703361421,11680.702411449214,0.07353720374491245,284662,5.317207112970712,6.724447101016139,600x600,360000,dense,Learned,6038,28,51,52410,26.961110121855288,0.7081484972676874,24.85948991834634,0.9831963342130084,0.5351067935575574,0.37115496364648337,1173,2830,0.0,34,53002,28.682957753216204,0.829844496044881,0.9896119193204531,26.88807859772673,0.34580252316824944,0.5295081353329963,1087,22.972383658504167,0.31883266662828813,0.9404053365848789,19.57256976033755,0.9914545212851114,0.514078543452948,-1.2891627704225215,0.6276915888592374,-3.1786473032440554,-0.29618776744280406,False,d2_d0002_p0033_t0000
d2_d0002_p0034_t0000.png,0.9774799406144101,21.21679198350552,1.0,0.9999527969775082,20.88857515190305,0.3013596471607228,59479,19,834,1449,84,2.284915224611082,43.89473684210526,5721,6536,11555.497684944075,3.9225127076044135,0.0737752693214214,-0.0019295903025910999,0.3690533623580632,22523.156881332397,0.6927580733300372,19,834,-815,1449,84,2.284915224611082,43.89473684210526,19,199,5721,6536,4188,1.767977001980382,3.9225127076044135,11555.497684944075,0.0737752693214214,273237,4.5938398426335345,6.052556364431144,600x600,360000,dense,Learned,5921,19,37,58957,23.36127170415044,0.6900889990539691,21.549343453394172,0.9794095309170012,0.6309466376419368,0.3832952497926967,1373,5032,0.0,18,59238,25.882185654191623,0.8335050772688389,0.9923342718427907,25.808787266960486,0.18729119072954514,0.6119063590781441,1087,19.78284388142202,0.18276420469802185,0.9240502957935495,16.550916198259692,0.9957676589529673,0.634445229984789,-0.3325514698886529,0.6166575471848115,-2.4726965522473883,-0.38872935189324637,False,d2_d0002_p0034_t0000
d2_d0002_p0035_t0000.png,0.9772293713601444,23.869330286403972,1.0,0.9999489139963783,23.415284300550454,0.4175755320301922,54049,20,850,1496,97,2.2841006332363514,42.5,5843,6673,12106.987150400426,3.881056289282764,0.0756047004522926,-0.0066565542741066075,0.40942629122120167,25194.79727745056,0.670796921872962,20,850,-830,1496,97,2.2841006332363514,42.5,20,191,5843,6673,4250,1.8143244643189154,3.881056289282764,12106.987150400426,0.0756047004522926,282696,5.230365039131159,6.660622768228829,600x600,360000,dense,Learned,6043,20,53,53816,27.254529998401864,0.7163608368330215,25.2615964352683,0.983885925634251,0.5905737087787983,0.2908837220154745,1756,3265,0.0,35,53480,28.85447085137628,0.8347858952831237,0.9893330915413228,26.952529535144592,0.2499278805845251,0.5769290938245532,1094,22.926899599615016,0.334858762692245,0.9426639956006152,19.657858496837996,0.977260149468997,0.5718756579828876,-1.3922661488643264,0.7090651919809038,-3.8392456978514105,-0.29878530480282933,False,d2_d0002_p0035_t0000
d2_d0002_p0036_t0000.png,0.9653881019240125,24.028865973000645,1.0,0.9999999999159829,24.599364082142323,0.48258541007413597,62904,10,1418,2275,54,2.403091898081878,141.8,6986,8394,14929.391621632789,4.1660858219344945,0.07457403647042639,-0.015696687827170708,0.2592437268469979,26565.403699874878,0.7816507624611976,10,1418,-1408,2275,54,2.403091898081878,141.8,10,329,6986,8394,4657,1.7785789399132985,4.1660858219344945,14929.391621632789,0.07457403647042639,278618,4.42925728093603,5.723006486074017,600x600,360000,dense,Learned,7186,10,63,62756,28.445726239905014,0.7612677889224535,26.377363364751048,0.9810847897511832,0.7407562731530021,0.6172407356902478,573,3517,0.0,46,62478,30.727751204887866,0.8782650304601572,0.9893752469966897,28.914056313868855,0.5350676899682367,0.7354725335822007,726,22.315088799460078,0.3439462528059623,0.9042677017495283,19.005923546931285,0.9991596286383886,0.6792727865349618,-2.348497391750403,0.38275926422573503,-3.846362157762691,-0.27868237884831754,False,d2_d0002_p0036_t0000
d2_d0002_p0038_t0000.png,0.9833187651936485,21.941327449340086,1.0,0.9999872320371717,23.481003122984312,0.37481004428862424,47774,14,913,1516,32,2.3685181389629024,65.21428571428571,4879,5778,9908.805117319778,4.01997008627129,0.06568264008376663,-0.0023957427330614234,0.19953992974602874,22816.439867019653,0.8237366861535997,14,913,-899,1516,32,2.3685181389629024,65.21428571428571,14,233,4879,5778,3331,1.7149195426305994,4.01997008627129,9908.805117319778,0.06568264008376663,269467,5.640452966048478,7.535479549545778,600x600,360000,dense,Learned,5079,14,40,46445,25.703548339921344,0.6602624874261905,22.54504180855745,0.9857145079267099,0.8004600702539713,0.8029788990274602,180,1468,0.0,23,47170,27.140941120043863,0.7755177752504022,0.9915610635645378,24.69648279387536,0.6586692142857571,0.7913557695284684,1093,21.67089680354581,0.2876181262416227,0.941706577989833,16.947486392664807,0.9955059455988166,0.759368158990428,-0.6037143592173635,0.19700833300971143,-2.222545216937032,-0.2854524431375663,False,d2_d0002_p0038_t0000
d2_d0002_p0041_t0000.png,0.9862109945598528,23.02669955393361,1.0,0.9999983255067906,25.374793735906387,0.4223877746709681,36519,9,530,887,33,2.266905737704918,58.888888888888886,3904,4425,7297.284989122481,3.960616803804382,0.05595444950905503,-0.001609886381327752,0.2692465152548982,23457.67831802368,0.7651711778519342,9,530,-521,887,33,2.266905737704918,58.888888888888886,9,135,3904,4425,2984,1.6491039523440587,3.960616803804382,7297.284989122481,0.05595444950905503,247674,6.78205865439908,9.85788219830773,600x600,360000,dense,Learned,4104,9,40,35822,27.35460189838575,0.6427906080321957,23.497151918277748,0.9878208809411806,0.7307534847451018,0.4591812330373084,304,770,0.0,26,35128,28.229463295001143,0.7343889726301774,0.9917433387281714,24.984346805302277,0.5096085452867625,0.7208033479349186,1447,24.730114800901198,0.3834153736642385,0.966073579570684,19.528326881175563,0.9897264414770831,0.7134964630345111,-0.47045236434413695,0.5408170924694822,-1.9798081624793618,-0.22040283336122757,False,d2_d0002_p0041_t0000
d2_d0002_p0043_t0000.png,0.9642922081053699,23.249551981613696,1.0,0.9999999999733971,23.06999903878879,0.4644346316883952,78663,12,1615,2699,72,2.3695677233429393,134.58333333333334,8675,10278,18463.480292325083,4.070316374652323,0.07409985695188134,-0.018709690553022962,0.2906619245208457,25640.609741210938,0.7539053997488488,12,1615,-1603,2699,72,2.3695677233429393,134.58333333333334,12,387,8675,10278,5904,1.7964078898933933,4.070316374652323,18463.480292325083,0.07409985695188134,287935,3.6603612880261367,4.5764844971587655,600x600,360000,dense,Learned,8875,12,64,77174,27.53224377621084,0.7996183554378828,26.16818399327363,0.9830018986583928,0.7093380754791543,0.4473648857674771,1256,4815,0.0,50,77128,31.034239668391038,0.9174049092587254,0.9929231813177234,30.0971365473496,0.3652700807735897,0.7101483234529138,725,20.41668970694996,0.27305312507650575,0.8883586272374794,17.861940612007512,0.9999998237616632,0.6390926123264868,-2.918632011659934,0.5526351142059199,-4.462244737422051,-0.3351837237494876,False,d2_d0002_p0043_t0000
d2_d0002_p0046_t0000.png,0.9753671706976869,23.439942320388543,1.0,0.9999963875021913,23.394724951870103,0.4361216542108234,61950,18,1104,1920,81,2.327799577422276,61.333333333333336,6626,7712,13968.098982221007,3.9534087644363147,0.07722110956207931,-0.00902149270110797,0.2850579875857563,24144.11473274231,0.7612757982056315,18,1104,-1086,1920,81,2.327799577422276,61.333333333333336,18,269,6626,7712,4625,1.811216154333578,3.9534087644363147,13968.098982221007,0.07722110956207931,286543,4.625391444713479,5.811138014527845,600x600,360000,dense,Learned,6826,18,56,60723,27.194981798512362,0.7431385750884486,25.222591384679617,0.9843886633987948,0.7149420124142437,0.41244469253287297,874,2358,0.0,38,60472,29.346741915570274,0.8627434228895176,0.9914094266657805,27.781669375346848,0.34569991630373487,0.7085754855722907,734,20.859134193779184,0.28779029412731544,0.918547478252563,17.486708622875252,0.9980107547827348,0.6376408578698655,-1.7826490642910748,0.5875516949693184,-3.8002568466422595,-0.3070169208776252,False,d2_d0002_p0046_t0000
d2_d0002_p0047_t0000.png,0.9770738804697213,24.1297741975185,1.0,0.9999991539324775,23.868474218667806,0.43525444429478644,56406,15,1056,1785,62,2.3295346628679963,70.4,6318,7359,12985.783610534976,3.936434573106805,0.07097881520652306,-0.007776717294625479,0.38357078808408884,23834.84959602356,0.6650460621485518,15,1056,-1041,1785,62,2.3295346628679963,70.4,15,242,6318,7359,4471,1.7646125303077316,3.936434573106805,12985.783610534976,0.07097881520652306,282161,5.002322447966528,6.382299755345176,600x600,360000,dense,Learned,6518,15,56,55724,27.643696883171266,0.7312904885406493,25.722058295889614,0.9848505977643468,0.6164292119159112,0.3171964469584174,1279,2236,0.0,39,55898,29.533031557779456,0.850951262430411,0.9907965495284724,27.864061079563914,0.2802404119154641,0.6068176212323023,1054,22.877898220500946,0.3385457796312164,0.9389804690032382,19.52874721584966,0.9751903289251279,0.5691557374054725,-1.5922840983711133,0.6828027069740601,-3.7752226645034597,-0.29603604424586283,False,d2_d0002_p0047_t0000
d2_d0002_p0049_t0000.png,0.9847048231968792,22.472675928085458,1.0,0.9996861723683801,24.57048262449431,0.39942957852442673,39670,15,654,1062,30,2.334467416906569,43.6,3821,4460,7593.088163077833,4.269853535200157,0.0656020831139544,-0.0017646196585864304,0.20225704595953686,21816.144227981567,0.814809593813561,15,654,-639,1062,30,2.334467416906569,43.6,15,162,3821,4460,2729,1.702486135219235,4.269853535200157,7593.088163077833,0.0656020831139544,274252,6.913335013864381,9.074867658179985,600x600,360000,dense,Learned,4021,15,39,39429,26.69934857991626,0.6442034645197461,22.958394763585485,0.9864694428554657,0.7977429540404631,0.777296289510818,115,701,0.0,23,38640,27.609949257058325,0.7369003019977837,0.9903724434056029,24.304565322359927,0.7156359512760031,0.789159786304031,1446,23.19233141262709,0.34507537596381044,0.9533144132532185,17.885522476223528,0.9405341416982085,0.7729980514057716,-0.4857188355000268,0.22238988285756212,-2.1288659554219507,-0.24477388599531935,False,d2_d0002_p0049_t0000
d2_d0002_p0050_t0000.png,0.9917021371354159,22.707551258457936,1.0,0.984969097926533,25.330805582674923,0.35820022252820843,21820,17,327,553,33,2.3140830800405268,19.235294117647058,1974,2284,4347.938525841558,3.8396550685680624,0.06022202659604563,0.001919015254338463,0.28645543175487465,18843.554735183716,0.7275154226342941,17,327,-310,553,33,2.3140830800405268,19.235294117647058,17,81,1974,2284,1388,1.9036508431881007,3.8396550685680624,4347.938525841558,0.06022202659604563,268240,12.293308890925756,16.498625114573784,600x600,360000,sparse,Learned,2094,17,24,20919,26.534684739607624,0.5333571920997995,21.874631218439067,0.9897831218810774,0.7135445682451254,0.6111795776517353,69,148,0.0,14,20836,26.96044767991134,0.5798228793352284,0.9921997476304715,22.83961718472912,0.703055648468458,0.7025055834729201,2891,25.5302662474042,0.35622152621263503,0.9837857752674737,20.14552869286493,0.7070010363190915,0.7118503406065216,0.8329200400188697,0.3737895202747977,-1.2038791569327003,-0.17515696957159105,False,d2_d0002_p0050_t0000
d2_d0002_p0051_t0000.png,0.9782076098702169,23.09468156335327,1.0,0.999996520324197,23.883995344540875,0.4154985593749388,50543,13,900,1505,68,2.335286335286335,69.23076923076923,5291,6178,10942.117959267056,3.952871485730692,0.07506868009756412,-0.006147981032494809,0.30359681356114043,25138.554334640503,0.7353602786445106,13,900,-887,1505,68,2.335286335286335,69.23076923076923,14,217,5291,6178,3718,1.7711424343261266,3.952871485730692,10942.117959267056,0.07506868009756412,273462,5.410482163702194,7.122648042261045,600x600,360000,dense,Learned,5491,14,50,50279,27.148624484788932,0.6977118320997241,24.416085701518625,0.9843555909027117,0.6964031864388596,0.3870676296121628,741,1787,0.0,31,49390,28.427301781018862,0.807093739404075,0.9890545640842765,25.894331943329433,0.370384976613621,0.6855616839110539,1078,22.7202981635692,0.3322421735697455,0.9392295197965322,18.589075923747366,0.9589260407173227,0.6544544968079943,-1.3214041381653558,0.6129288907120342,-3.264629140248058,-0.2822132727247853,False,d2_d0002_p0051_t0000
d2_d0002_p0052_t0000.png,0.9636007415997448,24.64010648139726,1.0,0.9999962125194551,24.276557260820898,0.5172285223604359,67486,20,1223,2094,112,2.3159553512803677,61.15,7615,8818,16133.08296376771,4.034933062861487,0.08027382278539809,-0.018849022499251245,0.4445729829443307,26219.23017501831,0.5784024591954561,20,1223,-1203,2094,112,2.3159553512803677,61.15,21,286,7615,8818,5409,1.8295625951198828,4.034933062861487,16133.08296376771,0.08027382278539809,276454,4.096464451886317,5.334439735648876,600x600,360000,dense,Learned,7815,21,68,66715,29.390935994453717,0.7953788456752777,27.547926011879227,0.9824497640989961,0.5554270170556693,0.5124602335613015,965,4631,0.0,57,67464,31.990391075453136,0.9020310675534914,0.9903530435330447,30.25562574921873,0.48946723919704005,0.5518120133829462,694,22.777632183411214,0.3582131782144983,0.9049995900198796,20.113558210296993,0.9146152901079534,0.46779989047836945,-2.907819530481966,0.4875359789581536,-5.114378733632819,-0.2781503233148418,False,d2_d0002_p0052_t0000
d2_d0002_p0053_t0000.png,0.9772575192931948,22.82006164827137,1.0,0.9999787679770614,24.193062319212583,0.41331179436528565,48818,14,733,1276,67,2.291093117408907,52.357142857142854,4940,5659,9973.011949944432,4.255797324006856,0.06934971365023315,-0.005606110203264625,0.2722492254341832,23479.607820510864,0.7602729363350278,14,733,-719,1276,67,2.291093117408907,52.357142857142854,15,186,4940,5659,3597,1.7623276108754686,4.255797324006856,9973.011949944432,0.06934971365023315,275018,5.633536810192962,7.374329140890655,600x600,360000,dense,Learned,5140,15,46,48205,26.80963288817917,0.6858047497655011,23.897132848930408,0.9828636294964594,0.7277507745658168,0.36289760552010597,691,1414,0.0,29,47750,28.12392850177295,0.7950089384528086,0.9882469850121819,25.551250018569156,0.335259748456991,0.719192348565356,1092,22.434081209859443,0.32333203506945685,0.9320091843888774,18.092340922321913,0.9399589793419689,0.6850954876004699,-1.077071200659038,0.6370811624569555,-2.616570568966587,-0.27249295540021545,False,d2_d0002_p0053_t0000
d2_d0002_p0054_t0000.png,0.9869991252466863,21.815497736788302,1.0,0.9999667922499064,23.74907201418313,0.3595190951092599,37857,11,609,1024,35,2.337757695566224,55.36363636363637,3541,4139,7119.086071036786,4.195609274775051,0.0678377156804436,0.00010633455276287673,0.17696047260569014,21967.11015701294,0.870775173382495,11,609,-598,1024,35,2.337757695566224,55.36363636363637,11,166,3541,4139,2482,1.7200014667882908,4.195609274775051,7119.086071036786,0.0678377156804436,273854,7.233906543043559,9.509469847056026,600x600,360000,dense,Learned,3741,11,34,37727,25.7618618329909,0.6225220819163746,21.806005754226607,0.9868927906939234,0.8230395273943099,0.6478200115431576,155,571,0.0,19,37702,26.746963388041998,0.7065650711487564,0.9918591242959265,23.685229826676377,0.6041170813032926,0.8141303677513516,1410,22.61161299703206,0.30920274307054246,0.9577814201302082,17.33021921782612,0.9122869168961141,0.7913532007542622,0.009491982561694812,0.35214678070674876,-2.012789818807768,-0.2630029868071147,False,d2_d0002_p0054_t0000
d2_d0002_p0056_t0000.png,0.974625024683343,21.278572139908604,1.0,0.9999999702640502,21.502648360705972,0.32938244183818904,60931,11,1090,1771,40,2.364342394057066,99.0909090909091,5923,7002,12097.479574449646,4.095869163534598,0.07235905748680893,-0.004131326578745043,0.2812389918007896,21224.18737411499,0.7593670425609312,11,1090,-1079,1771,40,2.364342394057066,99.0909090909091,11,273,5923,7002,4112,1.7277177341401455,4.095869163534598,12097.479574449646,0.07235905748680893,259749,4.263002412565033,5.908322528762042,600x600,360000,dense,Learned,6123,11,40,60693,23.916522848329905,0.7014484344565799,21.98855229835734,0.978756351262088,0.7187610081992104,0.40720930824117596,1057,3608,0.0,20,59276,26.241439205802102,0.8280762146460157,0.9915717186942898,25.91088325276091,0.24660483343375816,0.7056902203823789,731,19.293276609230727,0.18772928263375388,0.9038142325225325,15.776356467115917,0.9994600316331342,0.6857158113953116,-0.7099801584487366,0.5927906620228742,-2.413874487623932,-0.37206599261839085,False,d2_d0002_p0056_t0000
d2_d0002_p0058_t0000.png,0.9820825133117915,22.446200360023813,1.0,0.9999999999993334,23.195394381772132,0.38301185672218674,49122,6,820,1388,58,2.3220573689416417,136.66666666666666,5055,5869,10445.436718399882,3.8446184246287736,0.07454020999548644,-0.003506931246984424,0.3055732009282186,22335.777521133423,0.7438370995502749,6,820,-814,1388,58,2.3220573689416417,136.66666666666666,6,195,5055,5869,3609,1.7797643071050742,3.8446184246287736,10445.436718399882,0.07454020999548644,276647,5.63183502300395,7.328691828508611,600x600,360000,dense,Learned,5255,6,43,47991,26.094061734688765,0.6725257235838118,23.295999125363295,0.985589444558776,0.6944267990717814,0.8082469954603895,265,2755,0.0,26,48326,27.51478042944385,0.7900667227911633,0.9905962041468583,25.093857680692654,0.7046816915131462,0.6856654317469365,1088,22.20262194059009,0.2978204639593403,0.9457052229896705,17.893716213030125,0.9999996904047384,0.660883976583086,-0.8497987653394823,0.19175300453894395,-2.8986673529166325,-0.28951386686162506,False,d2_d0002_p0058_t0000
d2_d0002_p0063_t0000.png,0.9745201424280534,24.520065846703474,1.0,0.9999999999998403,25.02232720882497,0.5406654648551129,55159,7,1050,1780,58,2.3366688185926403,150.0,6196,7239,12984.589884194382,3.946988836652314,0.07812887624277724,-0.011219457168827995,0.3042883402264277,25372.464895248413,0.7256622838266727,7,1050,-1043,1780,58,2.3366688185926403,150.0,7,262,6196,7239,4358,1.7936993899977887,3.946988836652314,12984.589884194382,0.07812887624277724,271961,4.930491850831233,6.5265867764100145,600x600,360000,dense,Learned,6396,7,64,54911,29.563272262410916,0.7688277100317011,26.85570310593598,0.9857395995968814,0.6957116597735723,0.6711734347000566,427,2644,0.0,51,54288,31.493493426034135,0.8635051869629206,0.9916909984207045,29.290485891792937,0.6253680946271074,0.6891298008831126,1073,23.937719033950824,0.4469974245966581,0.9361934865980943,20.034488558169667,0.9999555978302831,0.6484862491333487,-2.335637259232506,0.3288265652997837,-4.540945053585947,-0.22816224517658823,False,d2_d0002_p0063_t0000
d2_d0002_p0065_t0000.png,0.9867396935207449,22.415210605420228,1.0,0.9999988859404925,24.844509188627978,0.43788153727920825,36143,8,618,1012,17,2.3527030933795894,77.25,3459,4069,7034.342997073738,4.2341497387972895,0.0740172209814391,-0.0015493378835950145,0.15585765530735363,22162.543773651123,0.8984206042335671,8,618,-610,1012,17,2.3527030933795894,77.25,8,171,3459,4069,2430,1.7287645605981148,4.2341497387972895,7034.342997073738,0.0740172209814391,274904,7.606009462413192,9.960434938992336,600x600,360000,dense,Learned,3659,8,38,35426,27.2673969415664,0.6444012233069343,22.955068821691164,0.9882890314043399,0.8441423446926464,0.9260366845983133,43,264,0.0,26,34890,28.230789283180776,0.7328237712615487,0.9925010750673725,24.650856829596467,0.8425709640746399,0.8371733604473818,1401,23.84159017247743,0.39249182200811905,0.9608289686255672,18.078446176209827,0.9955949338381916,0.8042723837433485,-0.539858216270936,0.07396220134217912,-2.422887752938422,-0.20651968602772602,False,d2_d0002_p0065_t0000
d2_d0002_p0066_t0000.png,0.9885006277828972,21.91335047966003,1.0,0.9857784946678161,23.14720319294732,0.26713160531854696,26523,20,426,681,39,2.3634735899731423,21.3,2234,2640,5261.185350610812,4.13064319407609,0.07025426571086978,0.00468963085840024,0.2761045230349459,21087.146520614624,0.7563352826510721,20,426,-406,681,39,2.3634735899731423,21.3,20,102,2234,2640,1514,1.9928732388677453,4.13064319407609,5261.185350610812,0.07025426571086978,269503,10.161105455642273,13.57312521208008,600x600,360000,sparse,Learned,2354,20,21,25476,24.171637896600945,0.5111693852456015,20.672323867850547,0.9838109969244969,0.7238954769650541,0.3596393106125678,304,380,0.0,9,25962,24.722746828154193,0.5592521390638517,0.9899808929330587,22.314301455034673,0.2846394183853669,0.6920931202586095,2169,22.93663213109609,0.24432490328337722,0.9707171706605082,18.765571683856027,0.6750227177939361,0.7239781522611374,1.241026611809481,0.6261391840552483,-1.0244347036536254,-0.24403777992705455,False,d2_d0002_p0066_t0000
d2_d0002_p0067_t0000.png,0.9790122793625834,22.805583661343466,1.0,0.9999805237695942,23.147455215364335,0.41920948348139286,57591,18,984,1688,69,2.3237265415549597,54.666666666666664,5968,6934,12749.47452381577,3.8538673019321292,0.08151826987957514,-0.006589656044130865,0.2777267521629191,23354.91156578064,0.7590968873301184,18,984,-966,1688,69,2.3237265415549597,54.666666666666664,19,250,5968,6934,4211,1.8386897207694568,3.8538673019321292,12749.47452381577,0.08151826987957514,281462,4.8872566894132765,6.250976715111737,600x600,360000,dense,Learned,6168,19,51,56240,26.624672857187512,0.7213429670260686,24.260982772827756,0.9856019354067143,0.7222732478370809,0.4305712952436892,756,2208,0.0,33,57372,28.600473284176342,0.8438505185359225,0.9917449786973639,26.706340928960298,0.3908884422264637,0.7109235330059517,1073,21.41266930598425,0.30250273730670063,0.9329025948214755,17.653524595806857,0.9850674297119295,0.6666213687632627,-1.4553991114842901,0.569409228525905,-3.4772176418231773,-0.30213348354467573,False,d2_d0002_p0067_t0000
d2_d0002_p0068_t0000.png,0.9720785427923271,23.06826879847243,1.0,0.9999999731947123,23.21460521942113,0.49238571005539783,73216,13,1430,2371,70,2.365253254285346,110.0,7759,9176,16633.65937583655,3.896146201537371,0.08145476381658312,-0.014024632275294824,0.25563483054970004,25755.600214004517,0.776410496719775,13,1430,-1417,2371,70,2.365253254285346,110.0,15,366,7759,9176,5318,1.812735328665636,3.896146201537371,16633.65937583655,0.08145476381658312,286368,3.9112762237762237,4.916958041958042,600x600,360000,dense,Learned,7959,15,63,72202,27.840227308911658,0.7882422159492364,25.941525288061733,0.9861031750676219,0.7443651694503,0.7739323122230837,341,2880,0.0,48,73016,30.895266848902402,0.9053186905426224,0.9938051262605054,29.50053563008386,0.7233604234667022,0.7458532774150674,729,19.700364152208316,0.30202638707040624,0.8943322033898461,16.553598774259473,0.9998412743524683,0.6620416643712175,-2.873256489589302,0.22606766097162867,-4.625622089490527,-0.29585650589383855,False,d2_d0002_p0068_t0000
d2_d0002_p0071_t0000.png,0.9807778303904591,24.732549220068165,1.0,0.9999997393272375,26.03624842224074,0.5343692251005654,42146,9,625,1130,87,2.264094319399786,69.44444444444444,4665,5281,9271.19494426445,4.072631653149923,0.0718190044829678,-0.005978097623661305,0.36235110272437787,23941.141366958618,0.6689413850976915,9,625,-616,1130,87,2.264094319399786,69.44444444444444,10,135,4665,5281,3448,1.7555756379974126,4.072631653149923,9271.19494426445,0.0718190044829678,267763,6.353224505291131,8.541735870545248,600x600,360000,dense,Learned,4865,10,56,41356,29.55714924985548,0.7310227163557502,26.245081229846733,0.9867559280141204,0.6376488972756221,0.4197799356362669,437,926,0.0,46,41306,31.12858739687276,0.8154516810683253,0.9927575027168619,28.826883193828827,0.3365093071191445,0.6328579829461923,1413,25.834243315884038,0.4944531876574831,0.9586617738250001,21.312251418947366,0.9498602502089363,0.6160386062025406,-1.5125320097785675,0.5802198036909706,-3.520900827614742,-0.19665349125518483,False,d2_d0002_p0071_t0000
d2_d0002_p0073_t0000.png,0.975824749542109,23.481346041794207,1.0,0.9999999984027781,23.389595912879383,0.5076879153116829,66841,12,1194,2036,70,2.330999719966396,99.5,7142,8324,15058.914349485247,3.903363796784009,0.0767262102960041,-0.011693602022221694,0.24844460908633248,25986.339330673218,0.8017515598874434,12,1194,-1182,2036,70,2.330999719966396,99.5,12,296,7142,8324,5036,1.8090959093566439,3.903363796784009,15058.914349485247,0.0767262102960041,273770,4.0958393800212445,5.3859158301042775,600x600,360000,dense,Learned,7342,12,63,65909,28.37798385543301,0.7834758490421384,26.1385889348621,0.9875183515643307,0.7515553909136675,0.6604395728538819,387,1964,0.0,48,66128,30.895389284735884,0.8908471386230555,0.9937780446153612,29.202979966425534,0.5954748311584239,0.749588968191365,723,20.12231786779563,0.32897876491461864,0.9104289697697326,16.758406858607803,0.9994008508544857,0.6518194308468189,-2.6572428930678917,0.3395604255488962,-4.988387942553626,-0.2757879337304555,False,d2_d0002_p0073_t0000
d2_d0002_p0074_t0000.png,0.9871451654568686,22.490802259149163,1.0,0.9988497520806268,24.211430368175613,0.4070610440682215,38803,18,588,968,29,2.3071120689655173,32.666666666666664,3712,4282,7544.755118595088,3.983358173438444,0.07376065416465398,-0.0012545591619878005,0.19419265340250458,22278.549432754517,0.8564878308394571,18,588,-570,968,29,2.3071120689655173,32.666666666666664,18,160,3712,4282,2715,1.7619699015868866,3.983358173438444,7544.755118595088,0.07376065416465398,268485,6.919181506584542,9.277633172692832,600x600,360000,dense,Learned,3912,18,38,38075,26.744466283871237,0.6452529834995943,22.88992003015607,0.9883997246188564,0.8058073465974954,0.8313618527314045,90,618,0.0,23,37622,27.590101411856118,0.7376908827700898,0.9913097143997002,24.136393475238066,0.7779409696715418,0.796266048773076,1429,23.400924226459722,0.36349852304111346,0.9628832572187621,18.158446605772653,0.866534604366261,0.7747235899933265,-0.3991177710069067,0.16748789934922226,-2.533035915695624,-0.23819193943137273,False,d2_d0002_p0074_t0000
d2_d0002_p0075_t0000.png,0.9835527617242985,23.54433420973382,1.0,0.9999999903470281,24.624232543608862,0.5150749130852982,52256,10,1045,1769,40,2.3659183312709917,104.5,5657,6692,11788.592272821825,3.7010845496120526,0.07383667258392591,-0.0067410053953746996,0.24410592621159533,21010.852098464966,0.8003864892082415,10,1045,-1035,1769,40,2.3659183312709917,104.5,10,254,5657,6692,3848,1.7615947807563515,3.7010845496120526,11788.592272821825,0.07383667258392591,263636,5.045085731781996,6.889161053276179,600x600,360000,dense,Learned,5857,10,59,51936,28.854575455745493,0.7430453725695049,25.649964470218404,0.9902937671196732,0.7558940737884047,0.8326080513473391,151,1272,0.0,44,51484,30.704783712940863,0.8428014878940125,0.9946564059868988,28.289876909088534,0.7821702426309715,0.7513270932170791,1071,22.71408877272489,0.41283250442181885,0.9485112576823767,18.081522780108056,0.999827048612489,0.6976107137422006,-2.1056302604845847,0.16739193899968907,-4.230342912136631,-0.2279704594842067,False,d2_d0002_p0075_t0000
d2_d0002_p0076_t0000.png,0.9924561638787399,22.791772584892808,1.0,0.9999864618644585,26.06105612278992,0.47201520977548916,29042,8,534,880,11,2.3458251150558844,66.75,3042,3568,5792.196677367871,3.8392429267944745,0.059716039074314296,-0.0005192675639515976,0.21534907597535935,19833.71663093567,0.7791265237279906,8,534,-526,880,11,2.3458251150558844,66.75,8,130,3042,3568,2151,1.6233735082309113,3.8392429267944745,5792.196677367871,0.059716039074314296,266713,9.18369946973349,12.395840506852146,600x600,360000,dense,Learned,3242,8,37,28922,28.212754271598428,0.6395848669312213,23.07676341760213,0.9929754314426915,0.7846509240246407,0.856732745196533,46,248,0.0,29,28806,29.19084258885737,0.7161504365750423,0.9957850779992371,25.192997766313354,0.9187483444217874,0.7779286665983397,2158,26.049451698926323,0.45662431524317904,0.9821641936893438,19.64063790363631,0.975544718910616,0.7679698610314114,-0.28499083270932246,0.14325371666792552,-2.1516981488085065,-0.16756965715573213,False,d2_d0002_p0076_t0000
d2_d0002_p0077_t0000.png,0.9821448077233269,22.384034389801496,1.0,0.9999999999999999,23.60008963633311,0.3623437577243144,43286,3,745,1306,66,2.3329593897240297,248.33333333333334,4457,5199,9165.686982601454,4.046368978845718,0.06744339292396453,-0.002657782977856793,0.31442368664943177,23556.915521621704,0.715215059344614,3,745,-742,1306,66,2.3329593897240297,248.33333333333334,4,182,4457,5199,3085,1.762971144951213,4.046368978845718,9165.686982601454,0.06744339292396453,276412,6.385713625652636,8.316776786951902,600x600,360000,dense,Learned,4657,4,40,43282,26.060596130633282,0.6467847124943779,22.989628864505626,0.9848025907011837,0.6855763133505682,0.4441452846183692,447,1238,0.0,23,43012,27.116788728885798,0.7495387510035845,0.9898477538402456,24.601277875813565,0.37347507379397227,0.6762641362277395,1445,23.007259494173013,0.30630139986257116,0.9529433599515433,18.552645882264297,0.9674615669631338,0.6722917971195993,-0.6055944747041302,0.5558547153816307,-2.460506494300173,-0.2844409547700635,False,d2_d0002_p0077_t0000
d2_d0002_p0078_t0000.png,0.9810533591352796,22.50790508560265,1.0,0.9983713437652117,22.62602482791092,0.34425975219466304,48209,25,772,1311,82,2.3084227910817505,30.88,4844,5591,9937.287440101178,3.93015399073196,0.07813352781069799,-0.0022203365921346085,0.47561341598451845,21905.26056289673,0.6202172054904721,25,772,-747,1311,82,2.3084227910817505,30.88,25,172,4844,5591,3451,1.7773721051870885,3.93015399073196,9937.287440101178,0.07813352781069799,283020,5.870688045800577,7.467485324317036,600x600,360000,dense,Learned,5044,25,39,47692,25.234204560708754,0.659394789693237,22.94703790278583,0.9832736957274142,0.5243865840154815,0.23883048817851782,2242,2943,0.0,23,47896,26.69538495707473,0.7830035237248127,0.9901208857675704,25.13561978997574,0.22069702690645143,0.5108999042438319,1095,21.92995775096529,0.26202753133854617,0.9473006238868928,18.40855858819674,0.9398190847888261,0.5009861177596936,-0.43913281718317876,0.7595408555866939,-2.608179732797833,-0.3151350374985739,False,d2_d0002_p0078_t0000
d2_d0002_p0079_t0000.png,0.9827893015104697,22.13856125474706,1.0,0.9999962049697716,22.30111167416784,0.29987326369593753,41800,11,663,1147,75,2.3087852237745676,60.27272727272727,4223,4875,8432.783689294873,4.067192747670273,0.0716854686475793,0.0004689764305634281,0.5190943866586435,22073.81844520569,0.4748037610712337,11,663,-652,1147,75,2.3087852237745676,60.27272727272727,11,133,4223,4875,3001,1.7298017824194447,4.067192747670273,8432.783689294873,0.0716854686475793,277685,6.6431818181818185,8.61244019138756,600x600,360000,dense,Learned,4423,11,33,41514,24.62121648655343,0.6121561574831169,22.013576451367463,0.9823203250799063,0.4809056133413565,0.42120667452458915,978,2802,0.0,17,41560,25.787353712669127,0.72561206785314,0.989335140333221,23.904547984427662,0.3798321073347922,0.4733751530319282,1452,22.43702094022508,0.2434225806741567,0.9567552062739387,19.042991466415124,0.9987802274951885,0.4692051433098377,0.12498480337959705,0.5787895304451824,-2.3201048123855905,-0.3122828937871794,False,d2_d0002_p0079_t0000
d2_d0002_p0080_t0000.png,0.9746124504502776,22.082633365203396,1.0,0.9999999998548615,21.84056149269481,0.35860093533110593,59370,9,1077,1818,62,2.350681333114431,119.66666666666667,6091,7159,12790.584263595192,3.9602011653751092,0.08208874192757788,-0.0059020238375734335,0.4314955173459223,22511.481285095215,0.5964588282755838,9,1077,-1068,1818,62,2.350681333114431,119.66666666666667,9,232,6091,7159,4211,1.7866439815050694,3.9602011653751092,12790.584263595192,0.08208874192757788,280864,4.7307394306889,6.06366851945427,600x600,360000,dense,Learned,6291,9,44,59109,25.012232759272838,0.7080052347423839,23.067053671771856,0.980514474287851,0.5685044826540777,0.5182402118141671,1098,5429,0.0,25,58338,27.241462977883835,0.836015095921768,0.9904053562621584,26.095381527381036,0.4049282626819317,0.559829502312418,1086,20.966163133014604,0.2426051572164442,0.9256388740265676,17.864120325805207,0.9999998889553354,0.5446336830961795,-0.9844203065684596,0.4817597880406944,-3.171671266578027,-0.34940429941127793,False,d2_d0002_p0080_t0000
d2_d0002_p0081_t0000.png,0.9824076194833719,21.43297105226848,1.0,0.9998907135850098,22.724110742999773,0.30165532430597175,42109,12,655,1065,29,2.328480204342273,54.583333333333336,3915,4558,7561.439021468611,4.330881508769965,0.0675504367829685,0.0016375951102232111,0.24309140324316436,22451.064586639404,0.7768073843331359,12,655,-643,1065,29,2.328480204342273,54.583333333333336,13,145,3915,4558,2821,1.6589379160747149,4.330881508769965,7561.439021468611,0.0675504367829685,268796,6.383338478710015,8.549241254838632,600x600,360000,dense,Learned,4115,13,31,41009,24.246598345310012,0.6080061835560838,21.096722896428666,0.9807700243731486,0.7569085967568356,0.5012254919412984,341,1150,0.0,15,41146,25.584845819239817,0.7073329854580315,0.990922695410905,24.158027016427642,0.3511061843056791,0.7380266376732808,1453,21.65573698021419,0.23860429775613712,0.9438086981119905,17.166116834291852,0.985636671076991,0.7363903242974128,0.33624815583981515,0.4986652216437114,-1.522487602310239,-0.3063508592501121,False,d2_d0002_p0081_t0000
d2_d0002_p0082_t0000.png,0.9895258450316279,21.77849651480784,1.0,0.9999944245797213,23.377991348394865,0.26580741050670603,25998,7,489,788,19,2.4123182207014544,69.85714285714286,2338,2820,5323.398554046423,3.8894993023958033,0.058286306835350084,0.004155940576336947,0.3013690563815693,18177.64639854431,0.7207103177080082,7,489,-482,788,19,2.4123182207014544,69.85714285714286,7,115,2338,2820,1531,1.8877299837044133,3.8894993023958033,5323.398554046423,0.058286306835350084,246000,9.46226632817909,13.84721901684745,600x600,360000,sparse,Learned,2458,7,21,25036,24.23182860355082,0.5043351809667461,20.34353961392147,0.9853699044552909,0.6986309436184307,0.8258245766891557,52,333,0.0,9,24772,24.8744163177278,0.5428043178192155,0.9922577182312687,22.54394694210939,0.6046841350115173,0.6770085394320834,2173,23.033935498542377,0.2456274357846192,0.9752593521208072,18.32180754437479,0.9861573379135204,0.6968444778362134,1.4349569008863696,0.17416984789056567,-0.8538372551559554,-0.2385277704600401,False,d2_d0002_p0082_t0000
d2_d0002_p0083_t0000.png,0.9819110520241792,22.709766277386116,1.0,0.9999999990190503,23.859043978389003,0.41638223626058035,47746,7,933,1555,55,2.371589085072231,133.28571428571428,4984,5910,10493.929919441662,3.901033194068921,0.07840378442317822,-0.004574263180828653,0.290923008742597,22765.624284744263,0.7489398036146293,7,933,-926,1555,55,2.371589085072231,133.28571428571428,8,208,4984,5910,3374,1.775622659803963,3.901033194068921,10493.929919441662,0.07840378442317822,274989,5.759414401206384,7.539898630251749,600x600,360000,dense,Learned,5184,8,46,47645,26.86462147576772,0.6850618795718151,23.826813018836877,0.9864853152050078,0.709076991257403,0.7577795402308705,258,2044,0.0,29,46838,28.06459740148458,0.7950032534565168,0.9903053644171305,25.238703373789843,0.7166836674045856,0.7039155123346057,1065,22.700648386010123,0.3334467541887507,0.9458811602005227,18.220530096376283,0.9660598939563674,0.674201247016781,-1.1170467414507605,0.24222045878817988,-3.0055774973787166,-0.26867964331123473,False,d2_d0002_p0083_t0000
d2_d0002_p0084_t0000.png,0.9749230925045607,23.04644751779227,1.0,0.9999942584294942,22.240235259274456,0.36121848058312783,61002,16,1042,1853,104,2.3160813308687613,65.125,6492,7518,13570.465866441471,3.9927073135760853,0.07898204100434124,-0.006447085501415706,0.4894238819645198,24674.739360809326,0.6515149858397209,16,1042,-1026,1853,104,2.3160813308687613,65.125,18,240,6492,7518,4535,1.8050632969461342,3.9927073135760853,13570.465866441471,0.07898204100434124,292887,4.8012688108586605,5.901445854234288,600x600,360000,dense,Learned,6692,18,48,59685,25.627850395740957,0.718983078995056,24.166537155199475,0.9813701780059764,0.5105761180354802,0.2625082258976844,2902,4802,0.0,29,59574,27.921301159257133,0.8519451407300833,0.9908637312381144,27.101910930507852,0.23265412128635377,0.49506542428163447,733,21.086729838908443,0.23389625282016102,0.929149818598259,18.427719157003935,0.9999902887176765,0.44828662712303474,-1.1200896374072045,0.7374860325318098,-3.3876151364665006,-0.35776459841192815,False,d2_d0002_p0084_t0000
d2_d0002_p0088_t0000.png,0.9803293603846339,23.81030232437219,1.0,0.99999694417679,23.586043810702364,0.3996030582018942,46462,13,811,1377,60,2.320546294436634,62.38461538461539,4979,5777,10356.054034130088,3.8415630771396008,0.07854901782444541,-0.00425515849470659,0.5358867842022619,23040.416479110718,0.47202571709214297,13,811,-798,1377,60,2.320546294436634,62.38461538461539,13,187,4979,5777,3542,1.7926352837337514,3.8415630771396008,10356.054034130088,0.07854901782444541,280659,6.0406138349619045,7.7482674013172055,600x600,360000,dense,Learned,5179,13,47,45840,27.20538652978291,0.6839980730036378,24.800514565204384,0.9845845188793405,0.46411321579773807,0.4717043313775646,726,2519,0.0,31,46150,28.379908249522934,0.798134054599709,0.9891301637350883,26.05204120511329,0.44494348679644546,0.45933950274048774,1057,23.66585906523627,0.33601383814654023,0.9545289772025799,20.077026269327412,0.9822651247026052,0.43963889098738385,-0.990212240832193,0.5282926127992253,-3.619342719080546,-0.2843950148017436,False,d2_d0002_p0088_t0000
d2_d0002_p0091_t0000.png,0.9834383510736351,22.670172546029747,1.0,0.999999869608878,23.093754788224157,0.4220726706160765,52087,11,728,1268,72,2.271590909090909,66.18181818181819,5280,5997,10673.769762882677,3.737931623580781,0.08139283343643203,-0.004446981247346771,0.3634940189046364,21210.185289382935,0.6966592931476547,11,728,-717,1268,72,2.271590909090909,66.18181818181819,11,168,5280,5997,3940,1.779851552923532,3.737931623580781,10673.769762882677,0.08139283343643203,266391,5.1143471499606425,6.911513429454566,600x600,360000,dense,Learned,5480,11,48,51421,26.709099137209552,0.7016580175791352,23.92316330214446,0.9878853323209819,0.6365059810953636,0.7064613190350264,362,2678,0.0,31,51458,28.310865189525593,0.8209712597308381,0.9924317976147304,25.917337452449555,0.6269206751205754,0.6313980181572785,1061,21.882319225731827,0.3232305446785419,0.9461849633736364,17.50876498290542,0.9983831455701551,0.590400366811863,-1.2529907561147127,0.2935385505738516,-3.6153443489853956,-0.27958534696305865,False,d2_d0002_p0091_t0000
d2_d0002_p0092_t0000.png,0.9865786297858848,22.043485555893323,1.0,0.9999963979232362,22.69905545248246,0.33419462483652984,41126,10,618,1061,48,2.308551129155037,61.8,3941,4549,7810.901438300944,3.8797150433471863,0.07520949231649887,-0.00010189157942486204,0.33445472385758346,20410.642862319946,0.7496908942192464,10,618,-608,1061,48,2.308551129155037,61.8,10,132,3941,4549,2832,1.7170590103980843,3.8797150433471863,7810.901438300944,0.07520949231649887,271751,6.607766376501483,8.753586538929145,600x600,360000,dense,Learned,4141,10,34,40229,25.272360423119572,0.6207203861984063,22.06316846128925,0.9866805213653097,0.6655452761424165,0.5225268312921845,372,1381,0.0,19,41084,26.45084810805343,0.7291505751806686,0.9917222340815595,24.038556896306126,0.4529889190468148,0.6518467515860916,1447,22.312478082235305,0.27915454851728855,0.9609898399962807,17.665545970756618,0.9395688150401604,0.6347043859380268,-0.01968290539592843,0.4774695666310518,-2.5733049706371105,-0.28652576136187646,False,d2_d0002_p0092_t0000
d2_d0002_p0093_t0000.png,0.9893696599863363,22.643219449198728,1.0,0.9999977446879703,23.925125415157915,0.3979387885124531,36899,9,543,924,58,2.2875605815831985,60.333333333333336,3714,4248,7264.372434325285,3.6355410634861496,0.07264713586779636,-0.0008217266490955222,0.3766496293983269,18399.77717399597,0.6850211085140693,9,543,-534,924,58,2.2875605815831985,60.333333333333336,9,109,3714,4248,2732,1.7100688404720459,3.6355410634861496,7264.372434325285,0.07264713586779636,269038,7.291200303531261,9.756361961028754,600x600,360000,dense,Learned,3914,9,37,36018,26.7522346001695,0.6327306093256859,22.97172011075164,0.9901913866354318,0.6233503706016731,0.8632414697966004,130,1267,0.0,24,36532,27.68348918666597,0.732455967594726,0.9931174430768259,24.38637307469905,0.8569094248605952,0.61843853820598,1443,23.956686721712025,0.35337122904160456,0.971884355111813,18.82151522103536,0.9985513784894917,0.6028703645800763,-0.328500661552912,0.13675627489136988,-2.8271091850115866,-0.2347918208132328,False,d2_d0002_p0093_t0000
d2_d0002_p0094_t0000.png,0.9773258916347057,24.030561919916437,1.0,0.9999565635030331,24.401516543746485,0.45651558383733104,51937,19,903,1566,88,2.3076923076923075,47.526315789473685,5746,6630,11760.298766858361,3.8952340863533563,0.0734263034185411,-0.007516881129195796,0.46319900307124706,24147.244453430176,0.5549268784669692,19,903,-884,1566,88,2.3076923076923075,47.526315789473685,19,204,5746,6630,4092,1.773800718983115,3.8952340863533563,11760.298766858361,0.0734263034185411,277593,5.344802356701388,6.931474671236305,600x600,360000,dense,Learned,5946,19,56,51329,28.07978293571185,0.723959059275271,25.61664207418802,0.9848427727639015,0.5368009969287529,0.39258493939868044,1153,3311,0.0,41,51882,29.830632512550395,0.8392895183451314,0.9907202306980378,27.743083015908823,0.34162938474177373,0.529764853288266,1091,23.791082054679382,0.3776377888663736,0.9446645429695787,20.109107916691652,0.9978351075931866,0.5038883094545388,-1.5860801542715848,0.6073716241043526,-3.6782663919653658,-0.26744347543794,False,d2_d0002_p0094_t0000
d2_d0002_p0095_t0000.png,0.978155256611311,22.137248272275308,1.0,0.9999805442601031,21.868197911442252,0.3835419046247914,60153,18,843,1462,78,2.2742686170212765,46.833333333333336,6016,6841,12416.712980420756,3.7947763417193547,0.07915589506677978,-0.006221520096799216,0.33224563366275095,21478.36685180664,0.7380908631540264,18,843,-825,1462,78,2.2742686170212765,46.833333333333336,19,193,6016,6841,4476,1.8150435580208195,3.7947763417193547,12416.712980420756,0.07915589506677978,277781,4.617907668777949,5.9847389157648,600x600,360000,dense,Learned,6216,19,47,59665,25.518340378866103,0.7162329373556863,23.430706854136233,0.9843767767081102,0.667754366337249,0.624061748195164,563,3559,0.0,28,59520,27.721424094496143,0.8425754594068882,0.9918823227032416,26.27669887111342,0.4683807445407715,0.6605461102524471,701,20.076443685394235,0.24253922441792844,0.9266492758065114,16.41974559065938,0.9993271579827953,0.5985975868386142,-1.293458581860925,0.37591879606493905,-3.6501424674238514,-0.3326910327308949,False,d2_d0002_p0095_t0000
d2_d0002_p0096_t0000.png,0.9854848508867918,22.428977915889416,1.0,0.9999985708940778,23.051371922761987,0.40801098498990235,51601,13,905,1547,58,2.3381990521327016,69.61538461538461,5275,6167,11056.73231640446,3.5523325596488484,0.08481951986445016,-0.003682807931737808,0.30044699872286074,19862.181425094604,0.7476842666958556,13,905,-892,1547,58,2.3381990521327016,69.61538461538461,13,200,5275,6167,3670,1.7928867060814309,3.5523325596488484,11056.73231640446,0.08481951986445016,278212,5.391600937966318,6.976608980446115,600x600,360000,dense,Learned,5475,13,46,51413,26.42479460941707,0.6946191551791177,23.59037834875076,0.9891676588185296,0.6995530012771393,0.7936158153391782,252,2436,0.0,29,50468,27.98697760278837,0.8113386693938636,0.9931115088591933,25.552458361501493,0.72665252590955,0.691762327075415,991,21.416257065984226,0.301530859022791,0.9487965001438758,16.88944529461657,0.9992212167388111,0.6438364009116835,-1.1614004328613454,0.2063827555548996,-3.3734226866550827,-0.2866081701892153,False,d2_d0002_p0096_t0000
d2_d0002_p0097_t0000.png,0.9782402930762266,21.852617931315383,1.0,0.9999909380712244,22.203405622345432,0.31977740590031234,50360,14,710,1248,68,2.28454619787408,50.714285714285715,4892,5588,9921.41023974116,4.1391706433534035,0.07817581707925261,-0.0017336457951401263,0.3246066427830925,22958.662271499634,0.7351499905483416,14,710,-696,1248,68,2.28454619787408,50.714285714285715,14,169,4892,5588,3576,1.7754850106909428,4.1391706433534035,9921.41023974116,0.07817581707925261,274405,5.448868149324861,7.148530579825258,600x600,360000,dense,Learned,5092,14,37,48885,24.553925255932537,0.6517964348887539,22.144676685835844,0.9799739388713667,0.6753933572169075,0.4332044165338569,838,2990,0.0,20,49754,26.23107017838079,0.7746641453491951,0.9901321656761376,25.011409785695903,0.26425199218822126,0.6522721727852896,1074,21.287142861229018,0.2270890685943776,0.9351750617158122,17.63521248890495,0.9956367821486833,0.6637765745776406,-0.29205875452046115,0.5667865215373675,-2.350519633587105,-0.3320190289884416,False,d2_d0002_p0097_t0000
d2_d0002_p0098_t0000.png,0.9771478963417332,22.122004833979044,1.0,0.9999999759227879,22.712164813378067,0.33148984258520675,52466,10,923,1527,55,2.3380855397148674,92.3,5401,6314,10987.449481674079,4.025733924357897,0.07158666344995292,-0.0030279416303750084,0.34887712773566015,22995.141983032227,0.69500538986705,10,923,-913,1527,55,2.3380855397148674,92.3,10,224,5401,6314,3819,1.7401725501542313,4.025733924357897,10987.449481674079,0.07158666344995292,272843,5.200377387260321,6.861586551290359,600x600,360000,dense,Learned,5601,10,40,51267,24.933813212096222,0.6672988946107686,22.673870960509817,0.9801758379721082,0.6511228722643398,0.2723206177870211,1672,3126,0.0,22,51408,26.674306053599327,0.7903929652919032,0.9894844711500559,25.335000617000883,0.20681840784806405,0.6286762372593072,1062,21.457221432806676,0.23150923231772783,0.9301540413045544,17.721803081150497,0.9948490361607829,0.6518300920933576,-0.551866126530772,0.7276793581357668,-2.2216483987181554,-0.3358090520255619,False,d2_d0002_p0098_t0000
d2_d0002_p0099_t0000.png,0.9818123266052564,22.336880396937815,1.0,0.9887723410960413,21.347676019152164,0.26761392003355533,44573,31,623,1079,111,2.265589950650516,20.096774193548388,4458,5050,8789.0700525834,3.8800276960691242,0.07700819150995596,0.001292297985969082,0.687656991854573,22242.83766746521,0.28945429668999634,31,623,-592,1079,111,2.265589950650516,20.096774193548388,32,134,4458,5050,3268,1.7404099114026355,3.8800276960691242,8789.0700525834,0.07700819150995596,290645,6.520651515491441,8.076638323648845,600x600,360000,dense,Learned,4658,32,31,44108,23.686988482441667,0.6210005155027424,22.081400096129716,0.9805200286192873,0.3123430081454271,0.3768970208451712,1840,4516,0.0,14,43726,24.931726674658425,0.738358305425287,0.9885408748337753,24.160251410458816,0.33823308187432155,0.31097214751060903,1439,21.347623163867134,0.20532917105877715,0.953075582460015,18.819972771660996,0.9970488358387826,0.30390224943576594,0.2554803008080988,0.6118753202508701,-2.3393124632895024,-0.35338659546918705,False,d2_d0002_p0099_t0000
d2_d0002_p0100_t0000.png,0.9767477596166718,21.775722675290904,1.0,0.9999999995165146,22.311193312167195,0.31259872647293957,52998,7,879,1479,35,2.333907715872104,125.57142857142857,5223,6095,10690.912952878354,4.141218948542284,0.07292614374245718,-0.0018127701537928864,0.3084709567198177,23358.77799987793,0.7068359144106868,7,879,-872,1479,35,2.333907715872104,125.57142857142857,8,231,5223,6095,3709,1.7540464237699989,4.141218948542284,10690.912952878354,0.07292614374245718,273750,5.1652892561983474,6.792709158836183,600x600,360000,dense,Learned,5423,8,37,51476,24.25633749689576,0.6606982865034903,22.07963945522795,0.9785605297704647,0.6915290432801823,0.4641966159436882,667,2729,0.0,20,52396,26.242267255667944,0.7922212145687199,0.9910406583084047,25.69372905749191,0.2607998345991195,0.6716886026323159,1094,20.77155798130434,0.2140949729632926,0.9251867969590069,17.079278130331886,0.9984320715665062,0.69828604425313,-0.30391677993704747,0.5358033835728264,-1.9451441847285658,-0.3480995600305507,False,d2_d0002_p0100_t0000
d2_d0002_p0101_t0000.png,0.978570118314011,22.307586715116805,1.0,0.9995873868141961,22.343255614740663,0.29439255717156054,46916,20,719,1253,67,2.294377763739735,35.95,4749,5448,9609.302592002805,3.9602237564309015,0.07317777872498529,-0.0008191472553314982,0.4972000229977577,23983.09874534607,0.5411825296134859,20,719,-699,1253,67,2.294377763739735,35.95,20,184,4749,5448,3429,1.7638220616744968,3.9602237564309015,9609.302592002805,0.07317777872498529,273719,5.834235655213573,7.673288430386222,600x600,360000,dense,Learned,4949,20,35,46241,24.495576043375,0.634275077738359,22.412656261841036,0.9793892655693425,0.5027999770022423,0.2739039093632333,1920,3377,0.0,17,45612,25.766538493554112,0.7449734346386977,0.9881045094776496,24.657793610316027,0.21958702817472364,0.48227299812073154,1075,21.641567483091386,0.21389142641110176,0.9406727630116801,18.227045470723098,0.9584521328408973,0.4818950323472608,-0.10506954672423063,0.7256834774509628,-2.1523204286343365,-0.33988252056679846,False,d2_d0002_p0101_t0000
d2_d0002_p0102_t0000.png,0.9824206049166471,21.37350950078244,1.0,0.9999015256338428,22.011212785725704,0.2716226288324928,43114,13,617,1033,32,2.2952823270593985,47.46153846153846,4091,4695,7998.179239100369,4.132804846682021,0.06710660932541562,0.002779139733021352,0.3067767747605882,21354.86626625061,0.7043191281155861,13,617,-604,1033,32,2.2952823270593985,47.46153846153846,14,161,4091,4695,3026,1.7035525535889884,4.132804846682021,7998.179239100369,0.06710660932541562,267491,6.20427239411792,8.349955930788143,600x600,360000,dense,Learned,4291,14,29,42125,23.472331015523366,0.6017265788836129,20.717205100065726,0.9796414651836257,0.6932232252394118,0.6312123395744198,292,1765,0.0,13,41402,24.851481162423497,0.7050546317169205,0.9917899848510521,24.435376590109257,0.2920261984369219,0.6655854686993189,1417,20.89786922783474,0.20087770855930417,0.9412403841661731,16.649058598541483,0.9481810828272742,0.7051470970649931,0.6563044007167136,0.368689186059423,-1.4611182297976626,-0.33010395005112014,False,d2_d0002_p0102_t0000
d2_d0002_p0103_t0000.png,0.9835159172347855,21.381310137412235,1.0,0.999999799509706,22.08357735013612,0.2604027597665037,37128,8,631,1068,27,2.391823899371069,78.875,3180,3803,7659.620125646279,4.046199269189775,0.06873124269416377,0.00466422663184507,0.3053635665494523,20747.74122238159,0.6907964935037764,8,631,-623,1068,27,2.391823899371069,78.875,8,161,3180,3803,2085,2.014099428253025,4.046199269189775,7659.620125646279,0.06873124269416377,267473,7.204077784960138,9.696186166774401,600x600,360000,sparse,Learned,3300,8,25,36467,23.214186444051673,0.5673536212583676,20.323215740389653,0.9788516906029404,0.6946364334505477,0.5720484313437342,263,1162,0.0,10,36248,24.358041487305606,0.6636651970077796,0.9910126029593902,23.761177109937535,0.24189125970213798,0.6622266204849084,1414,21.011017247475205,0.19995583514348397,0.9476676194108258,16.78140542930536,0.9641793511822084,0.6976999961409331,1.0580943970225825,0.4279513681659718,-1.1306090939155524,-0.30695086149186396,False,d2_d0002_p0103_t0000
d2_d0002_p0104_t0000.png,0.9740547508025882,24.556047392265548,1.0,0.9999999999999293,25.638336714898088,0.539113506357711,49279,5,898,1541,79,2.3185304084180487,179.6,5607,6500,11242.494376812881,4.229413676053546,0.060394101939154,-0.010267074759772288,0.31651606425702816,26088.192224502563,0.7079089496658364,5,898,-893,1541,79,2.3185304084180487,179.6,6,209,5607,6500,3987,1.7296145195096357,4.229413676053546,11242.494376812881,0.060394101939154,267922,5.436839221575113,7.305343046733903,600x600,360000,dense,Learned,5807,6,61,48362,29.564700770594676,0.7522976194226536,26.536685522379276,0.9843218255623605,0.6834839357429718,0.5270507183938158,438,1434,0.0,51,49200,31.597953634947906,0.8474276962941835,0.9920019640927742,29.429448537607236,0.4181163213897542,0.6785878741366078,1081,25.118986359497182,0.4778929093815503,0.9434496007442782,20.901959390785983,0.9999899707025168,0.6636722223488908,-1.9806381301137286,0.4729492816061135,-3.926364055696588,-0.21318411306494256,False,d2_d0002_p0104_t0000
d2_d0002_p0105_t0000.png,0.9916313548694529,22.198875516516225,1.0,0.9999952624953214,24.45324164069024,0.3296356584386245,22250,6,356,622,32,2.3475670307845085,59.333333333333336,2014,2364,4545.874600704642,4.064842288224202,0.058122518672030006,0.002897078974593126,0.2548052115583075,18995.351552963257,0.7672416726208703,6,356,-350,622,32,2.3475670307845085,59.333333333333336,6,88,2014,2364,1360,1.9229587989444559,4.064842288224202,4545.874600704642,0.058122518672030006,269034,12.09141573033708,16.179775280898877,600x600,360000,sparse,Learned,2134,6,22,21124,25.731496320761256,0.5175184969464715,21.147213526885192,0.9887342758948597,0.7451947884416925,0.5021519243419963,126,204,0.0,11,21086,26.07518759479506,0.5549099801791797,0.9907330212842406,21.80379120676125,0.6322441950032202,0.7360623781676413,2858,24.702728912724154,0.32788820538025104,0.9820434445474183,19.55530501651886,0.8272878654003194,0.7446515500896747,1.0516619896310324,0.49784333815332515,-1.278254680071015,-0.18788283850784693,False,d2_d0002_p0105_t0000
d2_d0002_p0106_t0000.png,0.9866428518463366,24.582229453436103,1.0,0.994724922484054,25.44915776112493,0.4591023424996251,31856,20,423,733,85,2.229302987197724,21.15,3515,3918,6623.981373047625,3.8247514454433285,0.06821827562757693,-0.0015930403687282046,0.6375826886422244,21864.47048187256,0.35863582718418757,20,423,-403,733,85,2.229302987197724,21.15,21,91,3515,3918,2697,1.6906537450351267,3.8247514454433285,6623.981373047625,0.06821827562757693,271383,8.519054495228529,11.300853842290307,600x600,360000,dense,Learned,3715,21,40,30951,28.27320496780738,0.6594227349009908,25.064991101865537,0.9882358922150648,0.36241731135777555,0.34369412023552304,904,1351,0.0,31,30462,28.977207057637337,0.7325310941282751,0.9914129995718934,26.22371951209935,0.3058774132461072,0.354224475081387,1815,26.239723402472457,0.44495990264652596,0.9745521879508008,22.16166470811713,0.8581993857847696,0.3564744408059055,-0.4827616484294346,0.6510308022485309,-2.824047206682451,-0.20032039240136568,False,d2_d0002_p0106_t0000
d2_d0002_p0107_t0000.png,0.9829418502655084,23.993803952290666,1.0,0.9999992369940442,25.346915315699555,0.47633382087624176,40208,10,614,1059,51,2.272809394760614,61.4,4428,5032,8603.398912984007,4.016570090897576,0.0656396170200184,-0.0038630756229686147,0.4846962914437529,23834.328651428223,0.5287704118632623,10,614,-604,1059,51,2.272809394760614,61.4,10,150,4428,5032,3318,1.709737462834647,4.016570090897576,8603.398912984007,0.0656396170200184,267255,6.646811579785117,8.953442101074414,600x600,360000,dense,Learned,4628,10,48,39658,28.25800257466807,0.6919966829158984,24.981931596641363,0.986804925888477,0.5153037085562471,0.3386446918364481,918,1569,0.0,36,39694,29.42840159789474,0.787344448319899,0.9914864944832478,26.73433589776578,0.31041123569110396,0.5111073611127852,1447,25.200344641706373,0.43491624669984513,0.9619623780475719,20.753847194072144,0.9379118419591225,0.4960259087026668,-0.9881276443506977,0.6613545451575962,-2.9110872589685144,-0.21566286203965668,False,d2_d0002_p0107_t0000
d2_d0002_p0108_t0000.png,0.9793401159845254,23.06012896716031,1.0,0.9999884901537389,23.44667541967044,0.33448853465198963,44070,13,736,1254,52,2.313054773760554,56.61538461538461,4619,5342,9135.37004569784,4.097054185947832,0.05925035958923282,-0.001785525273828581,0.4046061165076529,22817.334175109863,0.647263408383672,13,736,-723,1254,52,2.313054773760554,56.61538461538461,13,182,4619,5342,3313,1.7101029662481724,4.097054185947832,9135.37004569784,0.05925035958923282,285359,6.4751304742455185,8.168822328114363,600x600,360000,dense,Learned,4819,13,38,43308,25.731004085518382,0.6392093806223388,23.450422292224356,0.981125641258354,0.5953938834923471,0.1990103474510252,1531,1261,0.0,21,43096,26.685854611841595,0.7413092868962445,0.9874503816431023,24.87307750300659,0.18037773271730906,0.5790968963884465,1453,23.13891207949397,0.28310721432583896,0.9504689541509477,19.65645714629975,0.8995002460756566,0.5890251021599533,-0.39029332506404657,0.8009781427027137,-2.2843286658479407,-0.30472084597034915,False,d2_d0002_p0108_t0000
d2_d0002_p0109_t0000.png,0.986121075096834,23.220039669811477,1.0,0.9999939883913429,24.79383425639115,0.4398262881314305,38476,11,660,1137,49,2.3179813816756494,60.0,4082,4731,8219.77654661992,3.9194641356547635,0.06944172258684016,-0.002469748037874364,0.39672861828273487,21184.176206588745,0.7189871694517238,11,660,-649,1137,49,2.3179813816756494,60.0,11,160,4082,4731,2896,1.737428988928315,3.9194641356547635,8219.77654661992,0.06944172258684016,271662,7.060557230481339,9.356481962781993,600x600,360000,dense,Learned,4282,11,43,38399,27.476829889303488,0.6656741375632759,23.967075243485418,0.9885908231347084,0.6032713817172651,0.32368843737931907,917,1436,0.0,30,38472,28.450393773946963,0.7653983966772848,0.9919994865776285,25.44043899019745,0.29918795238866713,0.5913956161121035,1387,24.437708340129966,0.3940763243898412,0.9646740489472744,19.671045561758206,0.9895502421238718,0.5819515006903577,-0.7470355736739407,0.6763055510120238,-2.6829956329123377,-0.22584784943184538,False,d2_d0002_p0109_t0000
d2_d0002_p0110_t0000.png,0.9924482102554486,22.199047525470665,1.0,0.9987016572905097,24.2868947112674,0.33682431507613364,23400,12,317,566,44,2.2876001885902877,26.416666666666668,2121,2426,4767.306058209726,3.7362874437761104,0.06319024252205599,0.001921505066048601,0.34035783068635383,17550.60076713562,0.6823307725757356,12,317,-305,566,44,2.2876001885902877,26.416666666666668,12,77,2121,2426,1511,1.9650890594434334,3.7362874437761104,4767.306058209726,0.06319024252205599,266684,11.396752136752136,15.384615384615385,600x600,360000,sparse,Learned,2241,12,24,23162,25.796739810105805,0.5317524546034456,21.252816767608923,0.9905267051894,0.6596421693136462,0.8060880089423308,57,292,0.0,12,22026,26.17194339925451,0.5683513168933098,0.9927155376709713,22.07162696387656,0.8048871588439869,0.6530007271100173,2517,24.661580905534798,0.3286830122823979,0.984275936966658,19.415282917308836,0.9726307000445888,0.6537063553254764,0.9462307578617413,0.19261364834817896,-1.5098450988384045,-0.19492813952731192,False,d2_d0002_p0110_t0000
d2_d0002_p0113_t0000.png,0.9665640186409795,23.34566590798989,1.0,0.9999997347253148,23.130289612204564,0.4261638417034349,59222,15,1343,2244,91,2.474709562109026,89.53333333333333,5595,6923,15334.771347309694,4.055041938194534,0.08446141274334965,-0.009951708103282053,0.3618645474157801,24691.091537475586,0.683379573888918,15,1343,-1328,2244,91,2.474709562109026,89.53333333333333,16,303,5595,6923,3260,2.2150471395795455,4.055041938194534,15334.771347309694,0.08446141274334965,285533,4.821400830772348,6.078822059369829,600x600,360000,sparse,Learned,5715,16,52,59092,26.578233775923504,0.7307674864028633,24.766381932391003,0.9765157267442616,0.6381354525842199,0.31238902731034024,1763,3488,0.0,32,57566,28.43028422979424,0.8434059122781029,0.9865626552751169,27.100583272138397,0.28074359145219707,0.6270459327267263,1061,21.56317056450513,0.2945255296863455,0.9043716545876603,18.523086998209987,0.8933928451849628,0.6081121305504973,-1.4207160244011128,0.6876107074149745,-3.4479441637189403,-0.30460364469942836,False,d2_d0002_p0113_t0000
d2_d0002_p0114_t0000.png,0.9727820830905664,23.172217230928304,1.0,0.9999999993694599,24.1900957842353,0.4286462302544629,53308,9,1050,1766,64,2.363350785340314,116.66666666666667,5730,6771,11931.085563422746,4.223651363275438,0.06986587345100632,-0.0090938301897312,0.26639145216124327,26804.5551776886,0.7645359152430679,9,1050,-1041,1766,64,2.363350785340314,116.66666666666667,9,250,5730,6771,3900,1.7620861857070536,4.223651363275438,11931.085563422746,0.06986587345100632,272313,5.108295190215352,6.753207773692504,600x600,360000,dense,Learned,5930,9,53,53245,27.286545234155998,0.7080399128855559,24.71650133797045,0.9818759132802976,0.7336085478387567,0.6004119014925962,433,2113,0.0,34,52556,28.844536945266896,0.8278302485000565,0.9877885988012428,26.384434919160185,0.5381221762569134,0.7275473704563031,1079,23.025751479186916,0.3437506895290422,0.9278654899572948,19.06170603412083,0.9999999680789445,0.7159449578782443,-1.5442841070421451,0.3995880978768638,-3.096449449920698,-0.279393682631093,False,d2_d0002_p0114_t0000
d2_d0002_p0116_t0000.png,0.9654514994136295,23.059652369696195,1.0,0.9999995445591564,21.954112060818115,0.4088145103690938,78705,19,1332,2315,158,2.306310509739881,70.10526315789474,8573,9886,17830.980640042275,3.926316429141187,0.07675679791792284,-0.015819211538652733,0.48617233971214624,27822.410821914673,0.5847858777862556,19,1332,-1313,2315,158,2.306310509739881,70.10526315789474,20,278,8573,9886,6100,1.8036597855595327,3.926316429141187,17830.980640042275,0.07675679791792284,293617,3.7306016136204816,4.574042309891366,600x600,360000,dense,Learned,8773,20,60,78192,26.435568313406378,0.7950671259148029,25.435344500369176,0.9812707109522822,0.5138276602878538,0.334682224318573,3156,8654,0.0,43,78460,30.245903568444284,0.9189217261606764,0.9927215765789082,29.61941356197839,0.3280476234772238,0.5108456958813196,699,20.433493072547606,0.22616785773176257,0.898760337351765,18.214712556090195,0.9999993207130706,0.4607144606709159,-2.375692130672981,0.6653173202405834,-4.481456252588263,-0.3862526155457091,False,d2_d0002_p0116_t0000
d2_d0002_p0117_t0000.png,0.9693677284601401,23.10102260468364,1.0,0.9999999986887799,22.39829995983884,0.4008455752135287,72155,13,1270,2199,84,2.3196033562166285,97.6923076923077,7866,9123,16428.29320861052,3.870691580594177,0.07821803620235818,-0.012204950605450238,0.4334082533051816,26421.883583068848,0.6595810574919759,13,1270,-1257,2199,84,2.3196033562166285,97.6923076923077,13,290,7866,9123,5583,1.800755585729463,3.870691580594177,16428.29320861052,0.07821803620235818,290227,4.022271498856628,4.989259233594345,600x600,360000,dense,Learned,8066,13,57,70831,26.348204792703065,0.7668723160083968,25.096939592459297,0.9815726790655903,0.5665917466948184,0.24915872777624515,3344,5615,0.0,38,71254,29.63421342415029,0.898073956313837,0.9923959787364174,28.968060031138748,0.2273779278902719,0.5594460915146721,727,20.82206961984445,0.23860221401967205,0.9126971991310816,18.32758561623847,0.9999985442655382,0.503321893414492,-1.995916987775658,0.7508412709125347,-3.949904832864224,-0.3660267407948681,False,d2_d0002_p0117_t0000
d2_d0002_p0118_t0000.png,0.9865830769484728,21.93309500867748,1.0,0.999999999947173,23.293737109249516,0.3207271883344587,37199,4,598,1016,42,2.3220384928164814,149.5,3689,4283,7349.689846970688,3.98003202329389,0.06814072426985632,0.0009725495904973069,0.31081184482362845,20779.250621795654,0.7184211595498314,4,598,-594,1016,42,2.3220384928164814,149.5,5,129,3689,4283,2631,1.7160144401052186,3.98003202329389,7349.689846970688,0.06814072426985632,271259,7.292104626468453,9.677679507513643,600x600,360000,dense,Learned,3889,5,31,36131,25.11321404817408,0.5936444663479009,21.644219237037046,0.9856105273579755,0.6891881551763716,0.6262130379572066,231,1064,0.0,16,36494,26.093286818494793,0.677272221584802,0.9912825449231847,23.610686617075988,0.5204583960353137,0.6744426370682232,1454,22.792161683289727,0.2737897335914637,0.9624975863640803,17.96854362338773,0.9164328904849747,0.6635934664246824,0.2888757716404342,0.3737869619899664,-1.8194769389245629,-0.27291727801344223,False,d2_d0002_p0118_t0000
d2_d0002_p0121_t0000.png,0.9892133853771231,23.444231342221688,1.0,0.9997181117944932,25.41663131677604,0.39797543644843786,22750,10,347,590,33,2.3121815655396016,34.7,2159,2496,4905.791339583965,4.043718378485326,0.06144277969918946,0.001288038591467644,0.3628303873219926,19379.278421401978,0.6552789548022598,10,347,-337,590,33,2.3121815655396016,34.7,10,82,2159,2496,1536,1.965461273871798,4.043718378485326,4905.791339583965,0.06144277969918946,269865,11.862197802197802,15.824175824175825,600x600,360000,sparse,Learned,2279,10,27,21836,27.302621305776356,0.5683928701745272,23.03102828493333,0.9879253467856555,0.6371696126780074,0.3715029615992871,217,307,0.0,19,21618,27.729582096518914,0.6160611243847585,0.9908759709314332,24.090262638473206,0.35162830212003693,0.6212096014191474,2518,26.119403688552506,0.393523287655294,0.9796857107713868,21.260943190472616,0.617891730319668,0.6428492697712869,0.4132030572883565,0.6282151501952061,-1.885989989000315,-0.17041743372608936,False,d2_d0002_p0121_t0000
d2_d0002_p0122_t0000.png,0.9888123444601739,23.361993210593685,1.0,0.9999754794741165,25.555800415294172,0.4806073648226429,32853,10,538,936,42,2.3095866314863676,53.8,3411,3939,6644.943935413007,3.97025161476577,0.06828865790595971,-0.0016610417317213244,0.29207232267037553,19919.63505744934,0.7224927361987776,10,538,-528,936,42,2.3095866314863676,53.8,10,132,3411,3939,2433,1.6869621567435908,3.97025161476577,6644.943935413007,0.06828865790595971,269729,8.210178674702462,10.957903387818464,600x600,360000,dense,Learned,3611,10,41,32465,28.416200895576758,0.6651398897591682,23.964338450576477,0.9904733861918952,0.7079276773296245,0.7049602427223496,124,470,0.0,33,31504,29.46336235262435,0.7379450139389343,0.9943529585724121,26.10683254970845,0.6747030299191255,0.7003815292636879,1753,25.77532282778494,0.45399397910968864,0.9738713620443824,20.1231318727946,0.9437903408956697,0.6904974793113289,-0.6023452399827924,0.2950152367517669,-2.8604004802825855,-0.18453252493652528,False,d2_d0002_p0122_t0000
d2_d0002_p0123_t0000.png,0.9798059997080559,22.243989756097278,1.0,0.9999999792119781,23.865276476455936,0.4269423163766711,50717,8,969,1590,21,2.386176411492867,121.125,4977,5938,10270.984590655531,4.220031432988582,0.06916927318316855,-0.005594937596754335,0.2057403241291358,22736.912727355957,0.8384834238592968,8,969,-961,1590,21,2.386176411492867,121.125,9,240,4977,5938,3366,1.7297043770049385,4.220031432988582,10270.984590655531,0.06916927318316855,277513,5.471794467338368,7.098211645010549,600x600,360000,dense,Learned,5177,9,47,50692,26.686941460765937,0.6967588010516238,23.54659055969865,0.9854009373048103,0.7942596758708642,0.765936712944669,171,1095,0.0,30,50384,28.24660902496285,0.8112104661167067,0.9914395001349453,25.772373387219094,0.6834020000965687,0.789137792565397,1071,21.665828907473394,0.3302111695734146,0.9322941794768405,17.031905950181105,0.9996964608619211,0.7268475937560723,-1.302600803601372,0.2340632662673091,-2.821664984310001,-0.2698164846749527,False,d2_d0002_p0123_t0000
d2_d0002_p0132_t0000.png,0.9793188963882561,25.99851511572972,1.0,0.9999999998547406,25.287172460746064,0.6038615740786113,46914,8,825,1426,80,2.3069697538981777,103.125,5323,6140,11184.654105917654,3.960875970068091,0.08056628695753952,-0.008404936078490799,0.4142476790682369,24034.03663635254,0.621092389985546,8,825,-817,1426,80,2.3069697538981777,103.125,8,181,5323,6140,3817,1.8216049032438733,3.960875970068091,11184.654105917654,0.08056628695753952,261235,5.568380440806583,7.673615551860852,600x600,360000,dense,Learned,5523,8,66,46572,31.133544255563315,0.7906111319515179,28.175212498544205,0.9877238324667469,0.5857523209317631,0.7359301168533694,253,1446,0.0,62,46664,32.970549745305114,0.8610759948561608,0.9933332732961095,30.792762717597718,0.6283123740060892,0.5806518847886932,1091,26.011381266576464,0.5526165639736687,0.9564536686364125,22.041355162880865,0.9999539468450273,0.562075361093226,-2.176697382814485,0.26406988300137124,-5.8463717948172516,-0.1867495578729066,False,d2_d0002_p0132_t0000
d2_d0002_p0135_t0000.png,0.9783453238057805,21.9843692212358,1.0,0.9999570927860247,22.50795876018075,0.34863646087081906,51674,15,892,1499,54,2.3347328244274808,59.46666666666667,5240,6117,10627.027555471388,4.081129723559809,0.06855831955699958,-0.0037105624641451396,0.41585753424657534,23501.904010772705,0.6154119970604446,15,892,-877,1499,54,2.3347328244274808,59.46666666666667,17,230,5240,6117,3687,1.7372940257432055,4.081129723559809,10627.027555471388,0.06855831955699958,276171,5.344486589000271,6.96675310601076,600x600,360000,dense,Learned,5440,17,41,51468,25.182853968246196,0.674256931042257,22.70526367043097,0.9820558862699257,0.5841424657534247,0.39783533104094426,1052,3074,0.0,23,51482,26.895456310112408,0.7967878375056373,0.9901467411101368,25.18560048053839,0.3518550709490528,0.5753457475770445,1072,21.43843870452774,0.25782550627850637,0.9362055962247243,17.667310125827576,0.9999062613530831,0.5572682636512424,-0.7208944491951712,0.6021217617450805,-2.674895208065447,-0.32562047017143797,False,d2_d0002_p0135_t0000
d2_d0002_p0136_t0000.png,0.9789029754505282,21.432883470859643,1.0,0.9997895712909104,22.33533186894732,0.363000029071423,58403,20,896,1491,36,2.303009339328952,44.8,5782,6658,11555.556559447092,3.9801981359854244,0.0679976515851422,-0.004881260628955331,0.21499810959154142,22261.317014694214,0.8343523330461606,20,896,-876,1491,36,2.303009339328952,44.8,22,257,5782,6658,4255,1.7355897505927942,3.9801981359854244,11555.556559447092,0.0679976515851422,263027,4.503655634128384,6.164066914370837,600x600,360000,dense,Learned,5982,22,43,58353,24.843859570760756,0.7040220337450614,22.46679737419184,0.9837842360794835,0.7850018904084586,0.6249007817031058,425,2492,0.0,23,56758,26.881910371156525,0.8188202935835022,0.9925468759053213,25.76964503196423,0.4037559781980966,0.77862151795746,1081,20.157374118823718,0.2451570919795117,0.9239467814681276,16.177904834884874,0.9984755991725391,0.720337435218374,-1.0339139033321985,0.3748887895878046,-2.508527701813435,-0.34102200467363847,False,d2_d0002_p0136_t0000
d2_d0002_p0140_t0000.png,0.9748391164842628,24.243043980511686,1.0,1.0,24.197418520820708,0.5801578077981718,71150,7,1407,2343,51,2.3565970453387672,201.0,7852,9252,16681.75619540821,3.787607572483154,0.07845764970222564,-0.015005509241552861,0.238701097992704,26573.405265808105,0.801871016445451,7,1407,-1400,2343,51,2.3565970453387672,201.0,7,360,7852,9252,5458,1.8030432550159472,3.787607572483154,16681.75619540821,0.07845764970222564,276385,3.8845397048489105,5.0597329585383,600x600,360000,dense,Learned,8052,7,71,70773,30.18239878602057,0.8232313702191925,27.921836613124555,0.9898446257258157,0.761298902007296,0.6853805410581841,327,1691,0.0,65,70462,32.93900501789453,0.915609779842854,0.9947563323350826,30.966670120776318,0.6215699902243832,0.7608789083485549,720,20.704099953949733,0.37987803542299536,0.9097191048915817,17.426324054331022,0.9999992078946439,0.6657784237726099,-3.6787926326128684,0.31461945894181587,-5.984980265199862,-0.24307356242102063,False,d2_d0002_p0140_t0000
d2_d0002_p0141_t0000.png,0.9871879838590262,22.31129272218969,1.0,0.9999996636118045,24.370681987049526,0.44181999402097805,38158,8,636,1058,13,2.3374529822675982,79.5,3722,4350,7569.965363437844,4.19551937286089,0.0726414709743624,-0.0017600466518834512,0.18880288095635867,21688.11273574829,0.8628056628056628,8,636,-628,1058,13,2.3374529822675982,79.5,8,174,3722,4350,2651,1.7402219226293825,4.19551937286089,7569.965363437844,0.0726414709743624,275291,7.214502856543844,9.434456732533151,600x600,360000,dense,Learned,3922,8,40,37456,27.158786674958826,0.6573888277100418,22.880397704058645,0.9889480305109096,0.8111971190436413,0.9610621881580382,38,301,0.0,26,36472,28.171805271259608,0.7471525955511492,0.9929268973095925,24.627481981016853,0.848062452501279,0.8066462452427364,1434,23.547166024670773,0.3927711991087562,0.9613112962028131,17.92954448529645,0.9917537769864093,0.7703650327773774,-0.5691049818689535,0.038937475453766246,-2.7881046879093,-0.21556883368906377,False,d2_d0002_p0141_t0000
d2_d0002_p0142_t0000.png,0.9810263662308784,24.20441471922144,1.0,0.9999980768353268,25.220064411971318,0.5217413224869075,47295,12,858,1455,62,2.32835241606831,71.5,5153,5999,10600.079287299517,3.946025087952313,0.07004639577391775,-0.00653136718554137,0.29228297601240927,23029.877185821533,0.7320628939931889,12,858,-846,1455,62,2.32835241606831,71.5,13,216,5153,5999,3636,1.7669743769460404,3.946025087952313,10600.079287299517,0.07004639577391775,272381,5.759192303626176,7.611798287345385,600x600,360000,dense,Learned,5353,13,57,46466,29.167396552743845,0.7340347269489141,25.93513277740835,0.9875577334164197,0.7077170239875907,0.42186039837127587,466,982,0.0,44,46080,30.77612186095283,0.8267488325946294,0.9927446391845482,28.326532826844357,0.3701176494675643,0.7023027913884763,1094,23.88035091899189,0.44598226335954577,0.9491421417202529,19.31893183719779,0.9526841096126129,0.6585229343468527,-1.730718058186909,0.578137678464051,-3.9473321407725273,-0.21229340446200662,False,d2_d0002_p0142_t0000
d2_d0002_p0145_t0000.png,0.9753176331241474,24.35282122569822,1.0,0.9999999994432411,24.527358014260155,0.459049571446008,51440,9,865,1514,75,2.302901627742392,96.11111111111111,5652,6508,11933.633903382179,3.9518156047417436,0.07983153528335364,-0.007876878350112193,0.40052387981841797,23814.00227546692,0.6363636363636364,9,865,-856,1514,75,2.302901627742392,96.11111111111111,9,210,5652,6508,4063,1.8336868321115316,3.9518156047417436,11933.633903382179,0.07983153528335364,267171,5.193837480559876,6.998444790046657,600x600,360000,dense,Learned,5852,9,56,50326,28.275989110683362,0.7204509404076329,25.91634575033234,0.9831945114742596,0.599476120181582,0.38212016785864067,917,2252,0.0,40,50508,29.859178541629127,0.8302354849621416,0.9893311781334306,27.859978390625923,0.3163883575522932,0.594227818346048,1069,23.773775236147166,0.3822524157958688,0.942114365039375,20.09748082781803,0.9886948849907988,0.5609690914510674,-1.5635245246341185,0.6178798315846005,-3.748631096423207,-0.2614013689616249,False,d2_d0002_p0145_t0000
d2_d0002_p0147_t0000.png,0.9882004508772957,23.452787033782947,1.0,0.9946042456014781,23.172935220204003,0.41418099904963035,42994,27,492,863,91,2.21170043250626,18.22222222222222,4393,4858,8676.257881344165,3.4414593882802786,0.08482863487359418,-0.001945928770110128,0.48466456461321805,18543.073892593384,0.6308776425368353,27,492,-465,863,91,2.21170043250626,18.22222222222222,28,103,4393,4858,3439,1.7859732155916206,3.4414593882802786,8676.257881344165,0.08482863487359418,281305,6.542889705540308,8.373261385309577,600x600,360000,dense,Learned,4593,28,43,42228,27.045621383070817,0.6745537144502624,24.17920715152849,0.9901463796474058,0.515335435386782,0.34101987861905525,953,1711,0.0,29,42564,28.072313860199685,0.7775355574629559,0.9926646008127025,25.461686819024465,0.3143362923241425,0.5089292376570078,1417,23.492986668475137,0.366235355006899,0.9691189713933503,19.17989318889003,0.8383241965561414,0.48275173539740895,-0.726420117745544,0.6535843669824228,-3.872686162866813,-0.260372715400632,False,d2_d0002_p0147_t0000
d2_d0002_p0149_t0000.png,0.9853371909561709,23.536039905496917,1.0,0.9998915773653705,24.06897167258855,0.46287370509206577,48446,19,822,1420,75,2.312816517335411,43.26315789473684,5134,5937,10684.02250483754,3.5732141562970083,0.07801115544742362,-0.004272334643390829,0.3668312370702238,20136.66605949402,0.6961973014945788,19,822,-803,1420,75,2.312816517335411,43.26315789473684,19,187,5134,5937,3639,1.7995658589923036,3.5732141562970083,10684.02250483754,0.07801115544742362,277420,5.72637575857656,7.430954051934112,600x600,360000,dense,Learned,5334,19,52,48335,27.924348791698858,0.7146671876017469,24.954740862512807,0.9896095255995617,0.6331687629297762,0.38949536160101317,784,1900,0.0,36,47730,29.274495183760045,0.8172062210988636,0.9929028082842817,26.67384778494877,0.3722174919919663,0.6276205517487327,1085,22.851639674077056,0.37733216240526984,0.9547341885864332,18.313669338456297,0.9696295661420518,0.5836221685397193,-1.41870095701589,0.6103962157643573,-3.855377119110308,-0.2517934825096811,False,d2_d0002_p0149_t0000
d2_d0002_p0150_t0000.png,0.9857797391313483,23.902838167996844,1.0,0.9999998233135049,26.06333519208936,0.5155207749480006,39764,9,702,1187,41,2.3233784414372374,78.0,4286,4979,8666.575536493168,3.8340219143557315,0.06854207816208381,-0.0040170814433707625,0.25193818984547456,23292.034149169922,0.7835560123329908,9,702,-693,1187,41,2.3233784414372374,78.0,9,178,4286,4979,3058,1.7406257353872425,3.8340219143557315,8666.575536493168,0.06854207816208381,252646,6.3536364550850015,9.05341514938135,600x600,360000,dense,Learned,4486,9,52,39547,29.186993989042946,0.7075610915150344,25.26151217645889,0.9897968205747191,0.7480618101545254,0.698418289333806,140,657,0.0,42,39760,30.626646931157065,0.7949927587154948,0.994465428057267,27.871483110053568,0.6418628904162342,0.7436652501278411,1430,25.372245341097013,0.47423818217161096,0.964887298961852,20.043977635333423,0.9743409038078661,0.7215715520602044,-1.358674008462046,0.3015815339796989,-3.1236587969535847,-0.1920403165670338,False,d2_d0002_p0150_t0000
d2_d0002_p0151_t0000.png,0.9823787819714122,23.29339226310875,1.0,1.0,24.828640919993973,0.5217302461716248,53941,5,1121,1883,47,2.3932346723044398,224.2,5676,6792,12153.95771314892,3.9095910731506147,0.07241366722009573,-0.007814986015201919,0.20214562173675876,30119.57287788391,0.8343276482978867,5,1121,-1116,1883,47,2.3932346723044398,224.2,5,280,5676,6792,3746,1.7894519601219965,3.9095910731506147,12153.95771314892,0.07241366722009573,276966,5.13461003689216,6.673958584379229,600x600,360000,dense,Learned,5976,5,60,53777,28.83779789429157,0.7481477223278633,25.604067022738562,0.9901937679866141,0.7978543782632412,0.9421760911654866,85,1000,0.0,46,53582,30.87222293047967,0.8493555249012383,0.9948072536116306,28.48819393223088,0.8773322578593704,0.796353370801067,1096,22.33779906133574,0.4139663448949458,0.9394617712998546,17.60634019182868,0.9999739805615521,0.7418176154878282,-2.310674759629812,0.05782390883451338,-4.009156974297596,-0.22641747615623853,False,d2_d0002_p0151_t0000
d2_d0002_p0152_t0000.png,0.983475240791079,22.564961387658254,1.0,0.9999945589497852,24.283010707596773,0.44543139249321095,47759,13,820,1395,42,2.340506329113924,63.07692307692308,4740,5547,9892.02041279642,4.018265180899624,0.07365362527317078,-0.0046446809625662056,0.21661461398029547,27223.891973495483,0.8251357419231565,13,820,-807,1395,42,2.340506329113924,63.07692307692308,13,225,4740,5547,3303,1.7833099716596814,4.018265180899624,9892.02041279642,0.07365362527317078,278826,5.838187566741347,7.53784626981302,600x600,360000,dense,Learned,5040,13,48,47044,27.301614127017864,0.694128114782402,23.835507671528898,0.9881199217536452,0.7833853860197045,0.7766032566572778,134,812,0.0,31,47506,28.692958762708578,0.8040281369878961,0.9925197780177417,25.78846986873417,0.690411976101402,0.7796783713786665,1025,22.073358394424453,0.35097942988628666,0.9438612866592612,17.138687012858643,0.9938139254009387,0.7237049752207979,-1.2705462838706438,0.22339130229250737,-3.0186034194210905,-0.24869672228919104,False,d2_d0002_p0152_t0000
d2_d0002_p0153_t0000.png,0.9856658663598777,22.40910388883375,1.0,0.9999999999993989,24.391846527193643,0.4460091161951266,43213,5,786,1350,23,2.3644423705086326,157.2,4286,5067,8925.02842202308,4.08024431721273,0.06953547361805192,-0.003378278226285447,0.18865072355458934,24203.449964523315,0.8617755164859041,5,786,-781,1350,23,2.3644423705086326,157.2,5,219,4286,5067,2913,1.7614028857357344,4.08024431721273,8925.02842202308,0.06953547361805192,276263,6.393053016453382,8.330826371693703,600x600,360000,dense,Learned,4536,5,45,42730,27.380633409389482,0.6776670457931476,23.43093705715959,0.9890441445861632,0.8113492764454107,0.8647368763368501,75,548,0.0,29,40954,28.51872788072245,0.7748063280312428,0.9927519224305094,25.170766971522625,0.8777474958101824,0.8075304578002511,1351,23.233533169580145,0.38524427047194015,0.9555878052876108,17.783360050437473,0.9997743818674217,0.774515029639321,-1.0218331683258377,0.13526312366254878,-2.988786882195839,-0.231657929598021,False,d2_d0002_p0153_t0000
d2_d0002_p0154_t0000.png,0.988989964598582,21.680807576556795,1.0,0.9990572096917121,22.69604706322398,0.2787636283275089,26857,12,383,650,46,2.3377332726445155,31.916666666666668,2197,2568,5209.028063085423,3.965444864877311,0.07493616036622172,0.003998137335661789,0.3400323840365749,19399.0318775177,0.7262167843475449,12,383,-371,650,46,2.3377332726445155,31.916666666666668,12,89,2197,2568,1501,2.0284377192700416,3.965444864877311,5209.028063085423,0.07493616036622172,252866,9.415273485497263,13.40432661875861,600x600,360000,sparse,Learned,2317,12,22,26460,24.23958107005128,0.5203485764429723,20.465605300699835,0.9849918272629202,0.6599676159634251,0.3901620016334588,331,536,0.0,9,24904,24.722558156128596,0.5518138400042805,0.9900534842608132,21.979485435600495,0.3895485327745659,0.636852804017697,2150,22.879264825497934,0.25405376102726673,0.9722094790950426,18.308170325657493,0.9032659166403162,0.6649410882855872,1.21520227585696,0.6088952080582533,-1.5435340068273007,-0.24158494811546338,False,d2_d0002_p0154_t0000
d2_d0002_p0155_t0000.png,0.9915292396251653,23.529529771352284,1.0,0.9883602967772748,25.6047305193359,0.4326144501913916,22880,18,379,667,41,2.3477842003853566,21.055555555555557,2076,2437,4940.717313179262,3.8100909658479782,0.07520912524328763,0.0006376434713334378,0.36947996589940324,16690.97638130188,0.6614437263748323,18,379,-361,667,41,2.3477842003853566,21.055555555555557,18,92,2076,2437,1368,2.0273768211650856,3.8100909658479782,4940.717313179262,0.07520912524328763,267675,11.699082167832168,15.734265734265735,600x600,360000,sparse,Learned,2196,18,29,22475,27.821495015166747,0.5940301939092585,23.241032979855405,0.9908915961538318,0.6305200341005968,0.32828821775246075,270,254,0.0,22,22422,28.288391085044054,0.644000667038932,0.9926352401674471,24.30698219743078,0.3092477279781962,0.6198163885967655,2525,26.40995709221013,0.4335090411419335,0.9833572733941145,20.957835171135525,0.5090576499536068,0.6175398954949866,0.288496791496879,0.660072079024814,-2.216764495830848,-0.16141574371786688,False,d2_d0002_p0155_t0000
d2_d0002_p0156_t0000.png,0.9858427350664145,23.828632940967633,1.0,0.9994883627790209,24.226539221186407,0.4811269195070729,41453,18,580,1025,81,2.2608493850081226,32.22222222222222,4309,4871,8708.623988370786,3.7822448284118626,0.07933523768618263,-0.003278271995579507,0.45432868892929823,20269.016981124878,0.5814142194744977,18,580,-562,1025,81,2.2608493850081226,32.22222222222222,19,126,4309,4871,3203,1.787851362835294,3.7822448284118626,8708.623988370786,0.07933523768618263,269788,6.508286493136805,8.6845342918486,600x600,360000,dense,Learned,4509,19,48,40843,28.254961792985746,0.7024894862717661,24.877016616256856,0.989121007061994,0.5456713110707018,0.5018020607232868,512,1659,0.0,37,41054,29.60034232177374,0.7958672425822984,0.9932736136867388,26.92726047280097,0.4653295221831376,0.5401501883352127,1455,24.560914247452907,0.4351543855388599,0.9655432018587977,20.08094770688444,0.9012717956874609,0.5189929529438508,-1.048383675289223,0.49768630205573405,-4.028422571799339,-0.22136256676469318,False,d2_d0002_p0156_t0000
d2_d0002_p0157_t0000.png,0.9839894006561504,23.593385279278984,1.0,0.999800090752885,24.778149782974317,0.45005579900106313,41425,16,658,1110,44,2.290103931314957,41.125,4426,5068,8891.062909908476,3.6859315860018276,0.0738817767110413,-0.0033884773856367456,0.33335764400425927,20256.388902664185,0.6997410510281797,16,658,-642,1110,44,2.290103931314957,41.125,17,161,4426,5068,3272,1.754353376067161,3.6859315860018276,8891.062909908476,0.0738817767110413,273015,6.590585395292698,8.690404345202172,600x600,360000,dense,Learned,4626,17,46,40852,27.864919335086643,0.6802734018168689,24.532498779713308,0.9873778780417871,0.6666423559957407,0.5739160182487433,404,1804,0.0,32,40238,28.9274812990849,0.7779749741997422,0.9911869605831817,25.934760823259317,0.49252556468037634,0.6545937427037124,1442,24.60213060857602,0.3968950378515637,0.9606222461981879,19.997806971041125,0.9600829760613281,0.6466104983094063,-0.9391135004343241,0.42588407250414173,-3.086769552112326,-0.23021760281580578,False,d2_d0002_p0157_t0000
d2_d0002_p0158_t0000.png,0.9875877867645125,24.16829885214642,1.0,0.9980403707856738,25.209389358315747,0.4311156558760604,30859,16,395,678,35,2.2336621454993835,24.6875,3244,3623,6082.667673392263,3.8509936977623425,0.06621579602052034,-0.0009928208992012744,0.524796104322887,18436.13910675049,0.5069771918005966,16,395,-379,678,35,2.2336621454993835,24.6875,16,104,3244,3623,2531,1.6789035808424666,3.8509936977623425,6082.667673392263,0.06621579602052034,271577,8.800576817136006,11.665964548429956,600x600,360000,dense,Learned,3444,16,37,30714,27.85073601361708,0.6383028780301506,24.500544444339468,0.9885806076637138,0.4752038956771129,0.32698930994574116,674,922,0.0,27,30422,28.439043915532576,0.7158626863266171,0.9912878034560315,25.42855876124982,0.3179342468094247,0.4686602011494253,1807,25.78474021529557,0.41509798190288183,0.9741023743287904,21.4161614343433,0.9324429335031952,0.48491635226743224,-0.33224559219304695,0.6710510608399326,-2.6413466553013336,-0.20718722215409024,False,d2_d0002_p0158_t0000
d2_d0002_p0159_t0000.png,0.981056366575789,23.517924026233906,1.0,0.9999804003725586,24.27851630847644,0.3965703835331502,42661,13,609,1056,79,2.271835803876853,46.84615384615385,4385,4981,8662.44768621932,4.10128888662484,0.07545916803789895,-0.002860411407789254,0.411124045009968,20984.351634979248,0.6114856394684792,13,609,-596,1056,79,2.271835803876853,46.84615384615385,13,133,4385,4981,3250,1.73909811006208,4.10128888662484,8662.44768621932,0.07545916803789895,281926,6.608518318839221,8.438620754318933,600x600,360000,dense,Learned,4585,13,42,42269,26.818996152189886,0.6623507150143305,24.1481308827059,0.9839167779835782,0.588875954990032,0.310400610165941,900,1277,0.0,26,42196,27.724130923858574,0.7653706448863187,0.9879582929339086,25.205189805100257,0.29898747372241286,0.5776181895272419,1394,23.724796691658355,0.34047840708926463,0.9529625778727357,19.762963692571486,0.9676900792639328,0.5675863757619496,-0.6302068564719931,0.6895797902066176,-2.5404798437134453,-0.2657803314811803,False,d2_d0002_p0159_t0000
d2_d0002_p0160_t0000.png,0.9829686939629649,22.995871716455063,1.0,0.9995805098817004,24.54897482793553,0.4187140871053218,41194,16,606,1057,67,2.2915740054361255,37.875,4047,4637,8139.362333057537,4.1133213644414175,0.07368493315107444,-0.0027976907763578307,0.2931193112739461,22298.88081550598,0.7642210144927536,16,606,-590,1057,67,2.2915740054361255,37.875,17,142,4047,4637,2923,1.7553078139006866,4.1133213644414175,8139.362333057537,0.07368493315107444,257575,6.252730980239841,8.739136767490411,600x600,360000,dense,Learned,4247,17,42,40552,27.091510812254302,0.6597170950061761,23.690330132011006,0.9857663847393228,0.7068806887260539,0.5356621455574815,364,1299,0.0,27,40716,28.06084633722321,0.759187052313995,0.9896402935887632,25.002599047144138,0.5158326537567627,0.693860706208627,1446,23.858175513913352,0.36113861562566896,0.9541141478086903,19.019414718269875,0.9316422270822942,0.6802634242032664,-0.6944584155559426,0.46391836432421896,-2.5425359843187714,-0.24100300790085433,False,d2_d0002_p0160_t0000
d2_d0002_p0162_t0000.png,0.9693043784256969,22.306349237849105,1.0,0.9999999998771429,23.20629903637611,0.4572569965596756,68622,10,1293,2090,30,2.371776296725587,129.3,6902,8185,14640.663699571392,4.224443393923241,0.07580853759459015,-0.013801699695710323,0.21574936153954438,28295.72868347168,0.8230731994780486,10,1293,-1283,2090,30,2.371776296725587,129.3,10,347,6902,8185,4782,1.7887188392878277,4.224443393923241,14640.663699571392,0.07580853759459015,280589,4.088907347497887,5.246130978403428,600x600,360000,dense,Learned,7102,10,57,67260,26.82954656751596,0.7584891922661398,24.64905979363314,0.9831060781214073,0.7842506384604556,0.6613540118540038,500,3392,0.0,39,68312,29.59421670606453,0.8836817983130154,0.992165705500225,28.08876489165773,0.5317798739396018,0.7850166116271413,705,19.476708138344204,0.27198356757801107,0.8874339662388286,16.09093988435693,0.9999909553156127,0.6757563727193026,-2.342710555784034,0.33864598802313917,-3.6232475311398495,-0.30123219570646415,False,d2_d0002_p0162_t0000
d2_d0002_p0163_t0000.png,0.9775557677033475,21.844998411532266,1.0,0.9999999999934679,23.302958509471896,0.4275323677797397,59004,7,1080,1782,31,2.386040654794028,154.28571428571428,5559,6632,11738.305042981587,4.097192050291707,0.07956395588555149,-0.007328952932428079,0.17203609076750803,26359.60102081299,0.8629157600248679,7,1080,-1073,1782,31,2.386040654794028,154.28571428571428,7,296,5559,6632,3746,1.7699494938150202,4.097192050291707,11738.305042981587,0.07956395588555149,256829,4.35273879736967,6.101281269066504,600x600,360000,dense,Learned,5809,7,49,58752,26.17718961534831,0.7207831929975863,23.45479999756881,0.9848847206357756,0.827963909232492,0.7844090236251893,231,1896,0.0,30,58054,28.21651440216925,0.8387554326233984,0.9922526568594229,26.308180638067622,0.706346838896465,0.8249778883006679,1089,20.5027911231996,0.3013058390617883,0.9152097540966045,16.28235437455852,0.9998173611769754,0.7557569235997055,-1.6098015860365429,0.21559097636827862,-2.874231105876415,-0.2932508252178466,False,d2_d0002_p0163_t0000
d2_d0002_p0164_t0000.png,0.9810402610367696,21.840190206295897,1.0,0.9997483572160253,21.38584604646088,0.23905039992497107,41532,15,594,1031,78,2.273242095327985,39.6,4238,4817,7942.5297218507,3.879596986766129,0.0628759028673066,0.002914883577260774,0.5804432979841406,20068.812608718872,0.4619432011935209,15,594,-579,1031,78,2.273242095327985,39.6,16,118,4238,4817,3129,1.648854000799384,3.879596986766129,7942.5297218507,0.0628759028673066,257404,6.197727053838005,8.668015024559375,600x600,360000,dense,Learned,4438,16,28,40757,23.23104652896383,0.5851690688928883,21.197262350734597,0.9781253774595088,0.4195567020158594,0.2225552285913618,2456,2989,0.0,12,41432,24.663380273304625,0.7110700048379008,0.990269997058884,24.321220557958824,0.17164250554796712,0.39261822642994376,1450,21.287028330323405,0.18313318341930748,0.9527075206718382,18.46893077195661,0.9325251268476131,0.4403465843942457,0.6429278555613003,0.7771931286246635,-1.8452004825029498,-0.34611866896791726,False,d2_d0002_p0164_t0000
d2_d0002_p0165_t0000.png,0.977024147291357,21.636012919159032,1.0,0.9999988121116624,21.408818841578068,0.28665696759579745,50635,12,867,1466,57,2.3376110562685093,72.25,5065,5920,10153.829503937424,4.241356219473384,0.06556804126138677,-0.00014710437719778202,0.45987113792134227,23057.963848114014,0.5670507226615762,12,867,-855,1466,57,2.3376110562685093,72.25,12,200,5065,5920,3542,1.7151739026921018,4.241356219473384,10153.829503937424,0.06556804126138677,274644,5.423995260195517,7.10970672459761,600x600,360000,dense,Learned,5265,12,34,49859,23.623050877448218,0.644609768949867,21.623993335772003,0.9771712516685548,0.5401288620786577,0.3278990209834616,1598,3999,0.0,16,50486,25.50008643369042,0.7813602946473904,0.989607038201204,24.850887957479134,0.21483015205918432,0.5155105172975644,1064,20.725458826647888,0.19096441425232216,0.9304315534408056,17.600176822540586,0.9999931641745935,0.5408287690400991,0.012019583387029797,0.6720997911282008,-2.2142320358701504,-0.35795280135406954,False,d2_d0002_p0165_t0000
d2_d0002_p0166_t0000.png,0.9747103586900957,21.65662641794362,1.0,0.9999999718015832,21.986768332930524,0.3121598963412873,53088,8,926,1563,65,2.3475298126064734,115.75,5283,6201,10831.27193059087,4.186884712455355,0.07444247875642991,-0.002134198208666782,0.3602925437031752,24099.408626556396,0.7113262106134861,8,926,-918,1563,65,2.3475298126064734,115.75,10,202,5283,6201,3655,1.7466976182213556,4.186884712455355,10831.27193059087,0.07444247875642991,268404,5.055831826401446,6.78119349005425,600x600,360000,dense,Learned,5483,10,37,51848,24.147160993604153,0.66045538325686,21.96409945972105,0.9768445568987625,0.6397074562968248,0.2873109290177306,1783,3715,0.0,19,51988,26.146906824953344,0.792429278204413,0.9896920882829255,25.33520851518089,0.20212715573183337,0.6169965616578384,1045,20.933658418477098,0.20563160534290734,0.9230514070366451,17.52250834093851,0.9996622934832594,0.6445808449458085,-0.3074730417774312,0.7126890427838526,-2.1603926606736295,-0.3482954869155727,False,d2_d0002_p0166_t0000
d2_d0002_p0167_t0000.png,0.9826227559508415,22.987050077478553,1.0,0.999998820004579,23.262348596385355,0.38033299287114614,46931,11,698,1208,73,2.277016129032258,63.45454545454545,4960,5647,9929.176353834317,3.765645053478018,0.07399129993521958,-0.0031647152372600296,0.4856936117428158,22005.358695983887,0.5696015000173613,11,698,-687,1208,73,2.277016129032258,63.45454545454545,12,159,4960,5647,3679,1.7583099617202347,3.765645053478018,9929.176353834317,0.07399129993521958,278495,5.934137350578509,7.6708359080352,600x600,360000,dense,Learned,5160,12,43,46377,26.238109078910128,0.6723724933891471,23.71695757401173,0.9857874711881015,0.5143063882571842,0.36863261197807695,1357,3473,0.0,27,46644,27.523779887694356,0.7882871564158991,0.9903711277798527,25.291671517739516,0.3307937171721509,0.5039995020075322,1077,22.899635933522706,0.3057167338389242,0.9531746405326403,19.056837939988483,0.9999554990490785,0.4927246079717989,-0.7299074965331762,0.631366208026502,-2.975760482524773,-0.2920395005180009,False,d2_d0002_p0167_t0000
d2_d0002_p0168_t0000.png,0.9786238143454364,21.92626144513667,1.0,0.9999998095735869,22.656157215376673,0.311340882498711,47050,8,746,1281,65,2.3121167265806726,93.25,4729,5467,9480.865776331486,4.0958366618143325,0.0691002722991125,-0.0017691721396314586,0.37614707055826657,22147.30143547058,0.6430424355146591,8,746,-738,1281,65,2.3121167265806726,93.25,10,171,4729,5467,3383,1.734198971342849,4.0958366618143325,9480.865776331486,0.0691002722991125,254854,5.4166631243358125,7.651434643995749,600x600,360000,dense,Learned,4929,10,37,46957,24.787431241696524,0.6405734413809534,22.221241028011995,0.9803929864850679,0.6238529294417334,0.2907647375495912,1037,1869,0.0,19,46272,26.18678199234089,0.7511579233014041,0.9899338006741717,24.86863195373777,0.19988942938303922,0.6104872278621268,1084,21.746999823742463,0.2343489566557575,0.9401986188763328,17.8176619537374,0.9801919462050974,0.6191184922120216,-0.29497958287532455,0.7092350720239957,-2.1312740263198506,-0.3292325588822424,False,d2_d0002_p0168_t0000
d2_d0002_p0169_t0000.png,0.9776107556527289,22.84657737629219,1.0,0.9999999805613017,23.22116366679712,0.38756749548781094,50346,9,816,1411,78,2.304931040997544,90.66666666666667,5293,6100,10945.193811710229,3.97834357187425,0.07356817572940441,-0.005402795631076929,0.3938655016312753,22372.169971466064,0.6672127608234592,9,816,-807,1411,78,2.304931040997544,90.66666666666667,10,191,5293,6100,3804,1.7942940674934422,3.97834357187425,10945.193811710229,0.07356817572940441,276899,5.499920549795416,7.150518412584913,600x600,360000,dense,Learned,5493,10,46,49597,26.41440311653248,0.6834201821861094,23.903496764910255,0.9830135512838059,0.6061344983687247,0.40185011577113783,999,3060,0.0,29,50074,27.93664127560115,0.8103824139752962,0.9892059839602979,25.750395873198432,0.3564135289054762,0.5930408978335081,1081,23.024818118263063,0.3111989205291087,0.9448208249327372,19.373493497198243,0.9945509156429776,0.5937735588613173,-1.0569193886180663,0.5981498647901639,-3.1932394497353584,-0.2958526866982985,False,d2_d0002_p0169_t0000
d2_d0002_p0170_t0000.png,0.9827625080869969,23.782070677329624,1.0,0.999989758791309,24.902669252440745,0.40287098034954966,36469,11,541,952,63,2.271516393442623,49.18181818181818,3904,4434,7677.081020402895,4.0169319612752705,0.06901249807500016,-0.0021372643800560143,0.4004472447114129,20774.38998222351,0.6447447611752476,11,541,-530,952,63,2.271516393442623,49.18181818181818,11,123,3904,4434,2889,1.7314120479032145,4.0169319612752705,7677.081020402895,0.06901249807500016,273089,7.488250294770901,9.87139762538046,600x600,360000,dense,Learned,4104,11,40,35856,27.322470261395765,0.6411688341550358,24.24884766165329,0.984899772467053,0.5995527552885871,0.2650672701680553,1013,1331,0.0,27,36420,28.111270570829024,0.7373627911176618,0.9881034115223187,25.21756601105835,0.21037388575239735,0.5860323404795531,1453,25.009750224348906,0.36507789401407614,0.9630287890292747,20.864653084940585,0.8932750163995637,0.5995466688253865,-0.46677698432366554,0.7349224886232537,-2.4198010089550195,-0.23829785380548613,False,d2_d0002_p0170_t0000
d2_d0002_p0171_t0000.png,0.9782930464317429,21.664565449118363,1.0,0.999532107845298,21.655597005364996,0.31466236748748566,53598,22,749,1290,67,2.2781710350105224,34.04545454545455,5227,5954,10316.50527607882,4.143229071168478,0.06869192192979527,-0.0017051199990327781,0.4365093388489881,22051.85055732727,0.603217307200587,22,749,-727,1290,67,2.2781710350105224,34.04545454545455,22,186,5227,5954,3870,1.7327015915483095,4.143229071168478,10316.50527607882,0.06869192192979527,274732,5.125788275681929,6.716668532407926,600x600,360000,dense,Learned,5427,22,37,52276,24.10985399069938,0.6638003942723723,21.956170584806337,0.9799981664307756,0.5634906611510119,0.3377517443301514,1603,4150,0.0,19,52760,26.02118673005465,0.7894325906765082,0.9908092851105862,25.113322532645665,0.25937476428852135,0.5494891771332251,1088,20.710325592192234,0.21152648105893795,0.9314119550724069,17.249077190762684,0.9727624268951449,0.5499551431079556,-0.2916051356879734,0.6617803635151466,-2.4542569853343856,-0.3491380267848866,False,d2_d0002_p0171_t0000
d2_d0002_p0172_t0000.png,0.9843004870120337,21.428266404132398,1.0,0.9999038143874559,22.464133176573895,0.2795513799369684,40393,13,628,1032,35,2.3156274056966897,48.30769230769231,3897,4512,7438.890111543885,4.105051263252955,0.061166301220829666,0.002423138345385989,0.29565662129199777,22437.36720085144,0.7262370730501422,13,628,-615,1032,35,2.3156274056966897,48.30769230769231,13,147,3897,4512,2830,1.6486901842960644,4.105051263252955,7438.890111543885,0.061166301220829666,258680,6.404079914836729,8.912435322951996,600x600,360000,dense,Learned,4097,13,29,39412,23.95108916930164,0.5908351280184337,20.826458868180545,0.9818773486666477,0.7043433787080022,0.7638325722129393,168,1462,0.0,13,38580,25.175278659063682,0.6763956446682542,0.9918414752440016,24.085761015179497,0.4505539123034449,0.6886580627526017,1453,21.508841916143034,0.22058172102533363,0.9499862461931432,16.971272447346312,0.9599115359924228,0.6972869442326646,0.6018075359518527,0.23607124217451658,-1.4869559927277436,-0.31128374808146536,False,d2_d0002_p0172_t0000
d2_d0002_p0173_t0000.png,0.9762877678072256,21.550797414997195,1.0,0.9999999965456667,22.13396624228393,0.37913979823418986,63812,11,1172,1978,31,2.368220742150333,106.54545454545455,6306,7467,13491.773080413168,4.035478912022165,0.07493323784993368,-0.006895198939624869,0.24521068489454512,23672.433137893677,0.7961069811967428,11,1172,-1161,1978,31,2.368220742150333,106.54545454545455,11,300,6306,7467,4297,1.8068532316074393,4.035478912022165,13491.773080413168,0.07493323784993368,261059,4.091064376606281,5.64157211809691,600x600,360000,dense,Learned,6506,11,46,63276,25.08156455043752,0.7220697802990086,22.92421886087927,0.9831829667468505,0.7547893151054549,0.7288303933676921,463,4504,0.0,26,62482,27.530134608991244,0.8466610070873998,0.9924411808329515,26.42654883737958,0.504494522482914,0.751130365057799,716,19.24844107115304,0.21737025045535463,0.9040120354404938,15.4601927329629,0.9999615056853883,0.6786219114570572,-1.3734214458820766,0.27116960317797467,-2.947598308153591,-0.34292998206481873,False,d2_d0002_p0173_t0000
d2_d0002_p0175_t0000.png,0.9879554105498706,23.08739205413169,1.0,0.9990096973950748,24.647939834107532,0.38206864929165535,34862,16,569,933,30,2.3144725618424795,35.5625,3517,4070,6877.5225791757175,3.8979518679959684,0.06528465617742636,-0.00046876049790967045,0.27622692010120653,19841.586589813232,0.7668906014784191,16,569,-553,933,30,2.3144725618424795,35.5625,16,150,3517,4070,2554,1.689808987512456,3.8979518679959684,6877.5225791757175,0.06528465617742636,279496,8.017210716539498,10.326429923699157,600x600,360000,dense,Learned,3717,16,35,34124,26.772958116234605,0.6201815361407409,23.280861426774425,0.9884241710477802,0.7237730798987935,0.4722938510475735,204,374,0.0,22,34462,27.512175526264848,0.710639178118282,0.9914036061396152,24.278034060715473,0.3900673755650561,0.7128259557553432,1816,24.49179782815714,0.3577466946514451,0.9716633928372489,19.698727235680302,0.8731240516514257,0.706058339566193,-0.19346937264273478,0.5267158463475013,-2.1250182821270727,-0.23811288684908555,False,d2_d0002_p0175_t0000
d2_d0002_p0176_t0000.png,0.981978589299016,24.62891963918,1.0,0.9999533548301615,25.9844368303472,0.5777971784450194,46593,16,899,1518,70,2.3324548192771086,56.1875,5312,6195,10647.988566368833,3.907803962904825,0.07088794639464299,-0.007485330260839307,0.363322370359892,22974.64942932129,0.6662138967437611,16,899,-883,1518,70,2.3324548192771086,56.1875,17,212,5312,6195,3724,1.7188036426745141,3.907803962904825,10647.988566368833,0.07088794639464299,262673,5.637606507415277,7.7264825188333015,600x600,360000,dense,Learned,5512,17,62,46455,30.147938322654483,0.7662665960896032,26.739576417419798,0.9894639195598554,0.636677629640108,0.43616278257018803,582,1463,0.0,54,46096,32.06617632885349,0.8452065473802803,0.9946286679653819,29.694940406353446,0.382544005730878,0.6322989382296005,1091,24.86216151004558,0.5026924431569937,0.9522935209332943,20.128965341631382,0.9990491762256177,0.596450659969242,-2.1106567782397967,0.5637905722599734,-4.163501492307283,-0.1884694176445838,False,d2_d0002_p0176_t0000
d2_d0002_p0177_t0000.png,0.9895109614731985,22.89722514513995,1.0,0.9999748056019784,25.490889419572067,0.41873426046047,26678,9,522,894,35,2.42414220752377,58.0,2419,2932,5959.72654789528,3.9472092366898637,0.06417200338156624,0.0005268746113721301,0.28269563198224923,20268.898487091064,0.7481240344294857,9,522,-513,894,35,2.42414220752377,58.0,9,126,2419,2932,1490,2.032648890823773,3.9472092366898637,5959.72654789528,0.06417200338156624,270892,10.154134492840543,13.494264937401605,600x600,360000,sparse,Learned,2539,9,31,26274,27.290476087373214,0.5973207991114252,22.725405636881796,0.9889840868618264,0.7173043680177508,0.44320657334590974,205,343,0.0,20,25196,27.79804310725785,0.6538937311442415,0.99132330651629,23.788403104877087,0.4209503427087601,0.7085215685262153,2170,25.47930754542826,0.40299818244292324,0.9771060711382863,19.843381434078726,0.8733084643345587,0.704956370860261,0.17181950825815306,0.5567682322560686,-1.7995866678011474,-0.1785865386509552,False,d2_d0002_p0177_t0000
d2_d0002_p0178_t0000.png,0.9767022051477424,22.89947923071434,1.0,0.9999999199008024,24.25282200744299,0.5010970128435135,57993,12,1138,1868,36,2.386079204525973,94.83333333333333,5833,6959,12633.07668764437,4.194828183230376,0.0810517158025045,-0.009595436009973257,0.1679525079914438,24653.91445159912,0.8704381404270355,12,1138,-1126,1868,36,2.386079204525973,94.83333333333333,12,312,5833,6959,3929,1.8153580525426019,4.194828183230376,12633.07668764437,0.0810517158025045,279827,4.825185798286,6.20764575034918,600x600,360000,dense,Learned,6033,12,57,57038,27.96100383677894,0.7456728756075935,25.022982557972206,0.9862976411577157,0.8320474920085562,0.8091342487490549,173,1130,0.0,41,56670,29.911166318387018,0.8540915795586922,0.9923274220378444,27.577224171692464,0.794108956108663,0.8299281233821741,1090,21.420431084394753,0.373763200405607,0.9187797702405904,17.27910066042789,0.999102918315872,0.7656255096161164,-2.1235033272578647,0.19086567115174746,-3.708181829335949,-0.24457586276408005,False,d2_d0002_p0178_t0000
d2_d0002_p0179_t0000.png,0.9840365228583384,22.171413313729683,1.0,0.9999556471386286,24.371579519779267,0.38692500957782394,40191,12,719,1133,42,2.372105263157895,59.916666666666664,3800,4507,7691.215146799922,4.283146549431901,0.06579578068617202,-0.00118122571162671,0.17914361732672324,23000.16689300537,0.849737506512243,12,719,-707,1133,42,2.372105263157895,59.916666666666664,12,173,3800,4507,2625,1.7065043591745883,4.283146549431901,7691.215146799922,0.06579578068617202,273420,6.803015600507576,8.957229230424723,600x600,360000,dense,Learned,4000,12,37,38996,26.22037834572923,0.6339294859935722,22.49190132899063,0.9852177485699651,0.8208563826732768,0.6823335184558172,154,544,0.0,22,40040,27.23435560838961,0.7314456239000807,0.9901664597747889,24.135062820110917,0.6453942849121543,0.8120943727571199,1436,23.089221730419784,0.33362950022213167,0.9517718247270935,18.002034456097338,0.9919814686715357,0.8016409619179885,-0.3204880152609455,0.31762212868281137,-1.848798825949963,-0.2470044764157483,False,d2_d0002_p0179_t0000
d2_d0002_p0180_t0000.png,0.9797486320244715,23.160696981833652,1.0,0.99999999999077,24.642143099527196,0.4871364901331802,51634,7,933,1563,52,2.334598012646793,133.28571428571428,5535,6461,11063.939243716859,3.9851386434232854,0.06484863188176325,-0.007812984972017545,0.22407830255444727,23949.58806037903,0.8031358643710957,7,933,-926,1563,52,2.334598012646793,133.28571428571428,7,235,5535,6461,3920,1.7124190131119983,3.9851386434232854,11063.939243716859,0.06484863188176325,275748,5.34043459735833,6.972150133632877,600x600,360000,dense,Learned,5735,7,56,51411,28.192443984894137,0.7275106445164495,25.046565136115888,0.987561616996489,0.7759216974455527,0.7020050482426125,221,1072,0.0,38,50072,29.678829442768404,0.8295257624897204,0.9919966749582907,26.956338348839402,0.6809826547724986,0.7729198869996269,1096,22.957265923499314,0.3983946466324176,0.9395304152138904,18.355826194205335,0.9999965940954494,0.7364429463666105,-1.8858681542822353,0.2979949517481576,-3.5503008853669407,-0.2403741543832693,False,d2_d0002_p0180_t0000
d2_d0002_p0181_t0000.png,0.9888327053268984,22.409451143166947,1.0,0.9999965522122959,24.89025576834497,0.41788229079785877,36744,9,565,946,29,2.310614525139665,62.77777777777778,3580,4136,6965.787514439416,3.989319040189242,0.06215380433076457,-0.001242752879290765,0.20061741720996507,20310.20426750183,0.8356842703009654,9,565,-556,946,29,2.310614525139665,62.77777777777778,9,139,3580,4136,2605,1.684184602137186,3.989319040189242,6965.787514439416,0.06215380433076457,254747,6.933023078597866,9.797517962116263,600x600,360000,dense,Learned,3780,9,38,36388,27.05377622239887,0.6438170554736876,22.838627154707446,0.9900754582061891,0.7993825827900349,0.737759858303638,93,366,0.0,25,35934,28.029004455611158,0.731918464846042,0.9935606036439426,24.617664809977683,0.6631104004243529,0.792855601122383,1433,23.69056039067185,0.374031379743057,0.9658193865846227,17.900190306843463,0.96317353230688,0.7711508634060593,-0.42917601154049834,0.2622366939086579,-2.1635204540538986,-0.22593476467582885,False,d2_d0002_p0181_t0000
d2_d0002_p0183_t0000.png,0.9841084479451359,22.167453474565217,1.0,0.9989258122411886,22.90066682245392,0.35413903642395894,44112,21,621,1071,61,2.269239398698676,29.571428571428573,4457,5057,8664.367383691446,3.8649864631943407,0.06663441537054121,-0.0016830867807594574,0.3235997322197074,21221.457958221436,0.7424519751923658,21,621,-600,1071,61,2.269239398698676,29.571428571428573,21,161,4457,5057,3325,1.713341384949845,3.8649864631943407,8664.367383691446,0.06663441537054121,277257,6.285296517954298,8.161044613710555,600x600,360000,dense,Learned,4657,21,38,43601,25.652718059511205,0.6459584361045967,22.585140024937694,0.9857915347258953,0.6764002677802926,0.4969297696923376,353,1071,0.0,21,43584,26.835865575831342,0.7492865358896923,0.9913624502598204,24.546396937806946,0.4240875514834467,0.6661154396565432,1451,22.572725538378542,0.2999116931214453,0.956765905582934,18.182795939655698,0.8853747258299951,0.6545774594455152,-0.41768655037247626,0.501996042548851,-2.752051237057284,-0.29181939968063775,False,d2_d0002_p0183_t0000
d2_d0002_p0184_t0000.png,0.9794556324599897,21.586596463045893,1.0,0.9999833649725773,21.831228481692058,0.3050400257043897,50845,13,785,1349,64,2.3140764849471114,60.38461538461539,4916,5688,10148.479171644254,4.073491988917305,0.0757030962024311,-0.0006555261398767387,0.3732307614953365,23843.570470809937,0.6955264228823905,13,785,-772,1349,64,2.3140764849471114,60.38461538461539,15,184,4916,5688,3503,1.78419113425529,4.073491988917305,10148.479171644254,0.0757030962024311,270090,5.312026747959485,7.080342216540466,600x600,360000,dense,Learned,5116,15,35,50257,23.968195880658804,0.6523359623815993,21.6764383075286,0.9801111585998664,0.6267692385046635,0.28425747783406063,1725,3380,0.0,17,50208,25.69600569898959,0.7753602516043195,0.9907082285599501,24.879399849335076,0.20607856482322295,0.6010961486000546,1050,20.56557049463976,0.2024349323391219,0.930863444373695,16.78736119300891,0.9925321105542603,0.6074229079954929,-0.08984184448270582,0.7157258871385167,-2.136967398966746,-0.3472959366772096,False,d2_d0002_p0184_t0000
d2_d0002_p0185_t0000.png,0.9771521707128141,22.567497312568317,1.0,0.9999999774441803,23.38624277660978,0.38655827146165,54795,10,890,1564,63,2.303448275862069,89.0,5800,6680,11967.897850588704,3.9209512471330576,0.07271779323935826,-0.006386440438988283,0.3375941759078981,24785.79306602478,0.681853908053147,10,890,-880,1564,63,2.303448275862069,89.0,11,232,5800,6680,4173,1.7916014746389788,3.9209512471330576,11967.897850588704,0.07271779323935826,276189,5.040405146454969,6.569942513003011,600x600,360000,dense,Learned,6000,11,48,54369,26.212012327644757,0.6975916032203805,23.84253072320892,0.9835386111518024,0.6624058240921019,0.43350352694163197,886,3190,0.0,29,53874,27.95403029001026,0.8211580505686508,0.9895907204327032,25.91278167175082,0.37001051150188324,0.6531611165229522,1055,22.066728116710234,0.28338268541846867,0.9344192749783526,18.230142999052624,0.9980473569786689,0.6337768587611255,-1.275033410640603,0.5664964505025484,-2.825769551034977,-0.3110333317587305,False,d2_d0002_p0185_t0000
d2_d0002_p0187_t0000.png,0.9867401702071744,23.98723403775705,1.0,0.9999914601680707,26.103952269486005,0.5502739798803686,42999,12,869,1456,46,2.3670235546038545,72.41666666666667,4670,5527,9555.072144624482,3.762262338106331,0.07001293930323778,-0.004461540352465487,0.255574076213424,21484.463930130005,0.7686560755689137,12,869,-857,1456,46,2.3670235546038545,72.41666666666667,13,205,4670,5527,3168,1.7287990129589945,3.762262338106331,9555.072144624482,0.07001293930323778,267404,6.2188422986581084,8.372287727621572,600x600,360000,dense,Learned,4870,13,56,42111,29.596309461861168,0.7321193715260121,25.64661763022388,0.9912017105596399,0.744425923786576,0.6875433294578558,152,596,0.0,46,42664,31.2648825308056,0.818017461615426,0.9955129943945646,28.63086017909122,0.5852170883184187,0.7392851260088947,1430,24.981444616531117,0.49849042221940026,0.9638189932154339,19.591421636669356,0.8941606958065846,0.7074658952593225,-1.6593835924668277,0.31244813071021493,-3.492357192375163,-0.1818453916456435,False,d2_d0002_p0187_t0000
d2_d0002_p0188_t0000.png,0.9837904012018357,23.738483556605612,1.0,0.9999235268935468,25.665684427645328,0.5188443674179039,40832,14,762,1288,47,2.357894736842105,54.42857142857143,4180,4928,8377.067960542325,4.0977961555907605,0.06784723348555172,-0.004640756375528743,0.21552013868006292,23967.15497970581,0.8213573040413271,14,762,-748,1288,47,2.357894736842105,54.42857142857143,14,185,4180,4928,2845,1.699892037447698,4.0977961555907605,8377.067960542325,0.06784723348555172,269218,6.593309169278997,8.816614420062695,600x600,360000,dense,Learned,4380,14,51,39745,29.072733460395995,0.7103406352657369,25.116858346765202,0.9884311575773644,0.7844798613199371,0.7584700760239145,105,488,0.0,42,40388,30.597475636038137,0.7986718715158245,0.9937024156465427,27.7962080332982,0.6952646817976411,0.7795898196194712,1445,24.667445911665837,0.46532115140606856,0.9551388416942642,19.30108488839749,0.9430880532823532,0.7527682128147998,-1.3783747901595902,0.24145345086963232,-3.407049032750667,-0.19149626784783302,False,d2_d0002_p0188_t0000
d2_d0002_p0190_t0000.png,0.9854845150340781,23.182292740101126,1.0,0.9999345644222056,24.060865270185356,0.5254437058914043,50477,18,907,1520,43,2.336360196746122,50.388888888888886,5286,6175,10725.954395618473,3.891901875597665,0.06489419765908312,-0.005508259990359865,0.21670748453403932,21745.08237838745,0.8517916569924928,18,907,-889,1520,43,2.336360196746122,50.388888888888886,18,239,5286,6175,3723,1.7369966632580196,3.891901875597665,10725.954395618473,0.06489419765908312,268572,5.320680706064148,7.131961091190047,600x600,360000,dense,Learned,5486,18,56,49514,28.73478070541641,0.7411260893105341,25.12095894598721,0.9909927750244379,0.7832925154659607,0.8014346806286129,113,532,0.0,43,49342,30.625960727292288,0.8337039966475217,0.9953983083591952,28.14861515484469,0.7981034820053446,0.7828480617515182,1081,22.049054377187968,0.4296044332290489,0.9461912977530563,17.059823454109388,0.9789815139665344,0.7248982494961869,-1.9386662058860828,0.19849988379359274,-4.673915435231052,-0.21568238341912982,False,d2_d0002_p0190_t0000
d2_d0002_p0191_t0000.png,0.9855082744739128,23.594409278531074,1.0,0.999981879407124,25.098331121850954,0.53215955909899,42437,13,769,1305,39,2.342546443135478,59.15384615384615,4414,5170,8937.253818767495,3.938197093011029,0.07178512736919768,-0.004680754803830567,0.2532042198079043,22210.215091705322,0.8020401928168919,13,769,-756,1305,39,2.342546443135478,59.15384615384615,13,200,4414,5170,3070,1.728675786995625,3.938197093011029,8937.253818767495,0.07178512736919768,270923,6.384122346065933,8.483163277328746,600x600,360000,dense,Learned,4614,13,53,41807,29.162811876445367,0.7231680473046089,25.181189686625203,0.9901890292777433,0.7467957801920957,0.8032079077121612,107,607,0.0,43,42064,30.795342349433376,0.8091150758151614,0.9948660756608603,28.005415103991943,0.7829068101748748,0.7426894124702133,1453,24.511630344187452,0.47650372555882176,0.9596464258545433,19.177183440051028,0.9577154426195312,0.712914629559985,-1.5867804080941283,0.1967739716949628,-4.064480754594413,-0.1910084882056189,False,d2_d0002_p0191_t0000
d2_d0002_p0194_t0000.png,0.9823441519666213,23.220068735558055,1.0,0.9999673391463515,23.647826925442047,0.38115550169327145,44247,15,714,1238,66,2.304177545691906,47.6,4596,5295,9528.059951315676,3.8894947404131046,0.07865519702693695,-0.0027300761104248616,0.48045749573272156,19785.768747329712,0.5180798871276334,15,714,-699,1238,66,2.304177545691906,47.6,15,170,4596,5295,3292,1.7994447500123782,3.8894947404131046,9528.059951315676,0.07865519702693695,281153,6.354170904242095,8.136144823377856,600x600,360000,dense,Learned,4796,15,42,43940,26.44216086832907,0.6633263615429265,23.83974020093995,0.9850742280770461,0.5195425042672784,0.35605782125326335,1230,2664,0.0,26,43632,27.482910157461447,0.7732332107194004,0.9890680081951838,25.105449495151184,0.3495653700689224,0.5147510520850412,1414,23.45954229442059,0.32080212406787983,0.9558076475576798,19.624939753295948,0.9983713437652117,0.5025755283921344,-0.6196714653818951,0.6439095178930881,-2.7943339428870217,-0.282170859849655,False,d2_d0002_p0194_t0000
d2_d0002_p0197_t0000.png,0.992370341126204,21.906172895343403,1.0,0.9866530927579265,24.94458790090391,0.3470153325920268,23073,17,273,473,26,2.262564102564103,16.058823529411764,1950,2206,4429.110098716819,3.870332192457639,0.06321957872742598,0.0022193607510953006,0.22481463845996874,17887.646913528442,0.8071972965199885,17,273,-256,473,26,2.262564102564103,16.058823529411764,17,86,1950,2206,1451,2.0077561644228816,3.870332192457639,4429.110098716819,0.06321957872742598,249062,10.794521735361679,15.602652450916656,600x600,360000,sparse,Learned,2070,17,24,22935,25.940043371043924,0.5354571189192349,20.921396707897117,0.9901509803751087,0.7751853615400313,0.8261733897994047,33,117,0.3491792065663475,13,22628,26.50493959741538,0.5795648771146108,0.9937735386554961,22.49183912036303,0.7592975001235108,0.7656223424158928,2509,24.66337842736156,0.3359744460300389,0.982156773704249,18.69994109672873,0.8283594717457898,0.7694393305439331,0.9847761874462861,0.16047970295852176,-0.995455470140012,-0.18844178632720804,False,d2_d0002_p0197_t0000
d2_d0002_p0198_t0000.png,0.9801303796717378,21.99084760022719,1.0,0.9999510151749169,22.919981525925984,0.4385435218661903,53833,19,1002,1638,26,2.4107814458838277,52.73684210526316,4786,5769,12242.957094150848,3.885569641368936,0.0691090677728473,-0.005492646644360999,0.20472623462814754,21492.7179813385,0.8360763575390171,19,1002,-983,1638,26,2.4107814458838277,52.73684210526316,20,270,4786,5769,3122,2.122197450884136,3.885569641368936,12242.957094150848,0.0691090677728473,278082,5.165641892519458,6.68734790927498,600x600,360000,sparse,Learned,4906,20,46,53403,26.19450462332411,0.708707065642513,23.26219082996422,0.9856230263160988,0.7952737653718525,0.7591610781465769,193,1233,0.0,29,52434,27.96326700276582,0.8201255271284087,0.992064348548804,25.750977255491996,0.7794684004429718,0.7915562448859959,1075,20.588807743993925,0.32056410467930985,0.9273664722617029,16.335246443460818,0.9821008132477012,0.7270933368414129,-1.2713432297370275,0.24078993702834006,-3.274523097398127,-0.2701635437763227,False,d2_d0002_p0198_t0000
d2_d0002_p0200_t0000.png,0.985142815333185,25.021567899612798,1.0,0.9999998029877643,26.097107502410456,0.5637158567155593,42323,9,688,1204,56,2.2903570664956168,76.44444444444444,4677,5356,9430.353396256849,3.7761627480543805,0.0692446461930992,-0.004966381145504073,0.30639083634835085,21261.045932769775,0.7304315608035182,9,688,-679,1204,56,2.2903570664956168,76.44444444444444,10,179,4677,5356,3417,1.7607082517282897,3.7761627480543805,9430.353396256849,0.0692446461930992,264516,6.249935023509676,8.50601327883184,600x600,360000,dense,Learned,4877,10,59,41711,30.264995794829304,0.7489096664351284,26.74837867369195,0.9901091964786891,0.6936091636516492,0.4302791048190112,391,770,0.0,50,41994,31.770636235996434,0.8237463046285544,0.9944482860843485,29.279801228167383,0.3986041281346364,0.6863869965340026,1411,25.941104721439217,0.5260142897794836,0.9662448817680376,21.16121842398063,0.9692649917800248,0.656476381594865,-1.7268107740791514,0.569720698168753,-4.167888292418848,-0.185193809719569,False,d2_d0002_p0200_t0000
d2_d0002_p0201_t0000.png,0.9813316166011643,25.225537338248515,1.0,0.9999542092554546,26.577775337359512,0.5400844847786174,38967,14,667,1135,69,2.3133397312859887,47.642857142857146,4168,4821,8669.927916959636,4.0861622138295655,0.07954067296765346,-0.005572848041466627,0.4456174566833432,24545.799255371094,0.5702808907000436,14,667,-653,1135,69,2.3133397312859887,47.642857142857146,14,163,4168,4821,2964,1.798367126521381,4.0861622138295655,8669.927916959636,0.07954067296765346,262888,6.746426463417763,9.238586496266072,600x600,360000,dense,Learned,4368,14,56,38662,30.082603628596356,0.7274458939475963,26.753258788093955,0.9869044646426309,0.5543825433166568,0.33935615052392654,718,1200,0.0,46,37182,31.2972928278273,0.7963439117602676,0.9921597519046498,28.96611716147923,0.2964568692004983,0.5494875674441178,1452,26.597076351926336,0.5108258242485744,0.9620739578632601,21.85700504558907,0.9562822027472491,0.5302985634648371,-1.5277214498454406,0.6605980587315281,-3.5048282912368443,-0.18736140916897892,False,d2_d0002_p0201_t0000
d2_d0002_p0202_t0000.png,0.9853580181259793,24.441590584432973,1.0,0.9999999999999982,24.562335707157782,0.6387119022722562,55027,6,1038,1758,40,2.3406502723221654,173.0,6059,7091,12789.837005550053,3.6476419536877356,0.08119371130543247,-0.0076330561599445845,0.24122565233370086,22214.203119277954,0.8001844637807793,6,1038,-1032,1758,40,2.3406502723221654,173.0,6,274,6059,7091,4261,1.8036718383231811,3.6476419536877356,12789.837005550053,0.08119371130543247,268003,4.870390899013212,6.54224289894052,600x600,360000,dense,Learned,6259,6,68,53938,30.920353112193496,0.8118519473013888,27.45049362015017,0.9929910742859239,0.7587743476662991,0.9243576623280507,69,406,0.0,63,54900,33.18767227265721,0.8837157155081998,0.9966373236790586,30.696943920343408,0.9444152365442209,0.7598442880670759,1094,22.784388901901828,0.5311785908464124,0.9496596785836521,18.1255411298724,0.9999999369917395,0.6940090322444812,-3.0089030357171964,0.0756423376719475,-6.358017405035714,-0.1731400450291326,False,d2_d0002_p0202_t0000
d2_d0002_p0203_t0000.png,0.9881996039656469,24.991682586366927,1.0,0.9999999878020752,24.814960816905362,0.6666218516121897,48572,9,680,1226,66,2.2452933650155367,75.55555555555556,5471,6142,11049.309972109962,3.5431190387920712,0.0839461182712718,-0.005850324254642825,0.3325121459345495,22321.459531784058,0.6695506302207209,9,680,-671,1226,66,2.2452933650155367,75.55555555555556,10,173,5471,6142,4179,1.798975899073543,3.5431190387920712,11049.309972109962,0.0839461182712718,259270,5.337848966482747,7.411677509676357,600x600,360000,dense,Learned,5671,10,68,48220,31.578960756057498,0.8190494621690211,27.823751286231865,0.9940499282202897,0.6674878540654505,0.9589465891307333,59,481,0.0,67,48326,33.72577220846678,0.8752548139937723,0.9971672275068156,31.127034317764277,0.9387654360376952,0.6663082273268052,976,23.63784404535911,0.5646775915951091,0.9602780519457071,18.657460910565906,0.9999999991146163,0.6149550009574264,-2.832068699864937,0.041053398671341945,-6.763999939152136,-0.1524276105568314,False,d2_d0002_p0203_t0000
d2_d0002_p0204_t0000.png,0.9838729244015137,23.99999048698831,1.0,0.999837464705786,25.709725073616116,0.4601356535537526,34294,12,566,986,55,2.312729325430426,47.166666666666664,3543,4097,6999.788120930669,4.297193572341538,0.06748840908438658,-0.0022538361303929833,0.3418976062825644,21983.654022216797,0.6950791039623063,12,566,-554,986,55,2.312729325430426,47.166666666666664,13,131,3543,4097,2502,1.7085155286625968,4.297193572341538,6999.788120930669,0.06748840908438658,262908,7.666297311483058,10.497463113081006,600x600,360000,dense,Learned,3743,13,42,34054,28.289306753151237,0.6627029485891425,24.620414189232257,0.9861267605319067,0.6581023937174356,0.29953801304449845,527,594,0.0,32,34060,29.206773144967872,0.7464478304783146,0.9907291716522468,26.22113969336295,0.24260500401614926,0.6490081154192967,1742,25.65185822628116,0.43236984668703293,0.9641263365893146,20.689443717453614,0.9470097348557145,0.6474488005761666,-0.6204237022439472,0.7002994516612876,-2.5795816795351207,-0.2025672950353899,False,d2_d0002_p0204_t0000
d2_d0002_p0206_t0000.png,0.9879342571675277,24.370446274386055,1.0,0.9999998544141661,26.38507219265991,0.5532110545780426,36164,8,602,1051,38,2.3065806451612905,75.25,3875,4469,7896.227340108729,3.7493090115516416,0.07520777477906969,-0.0032804983660612574,0.3027570887233765,21633.745670318604,0.7186657616600407,8,602,-594,1051,38,2.3065806451612905,75.25,8,157,3875,4469,2786,1.7668890893060394,3.7493090115516416,7896.227340108729,0.07520777477906969,263519,7.2867769052096,9.954651034177635,600x600,360000,dense,Learned,4075,8,52,36008,29.88717187627134,0.7207857952993412,25.66779039561284,0.991214755533589,0.6972429112766235,0.5156866942757379,215,539,0.0,45,34592,31.24177244900003,0.7813044314585158,0.9953077914920716,28.556011842191957,0.44978960935446444,0.692574174442644,1404,26.020803920895812,0.5194712670900752,0.9714215469945457,20.335538196072676,0.9717790962438339,0.6654266491046954,-1.2973441212267858,0.4843131601384282,-3.50209968361143,-0.16757474072129852,False,d2_d0002_p0206_t0000
d2_d0002_p0207_t0000.png,0.9872745736987012,23.80164339650289,1.0,0.9982580102292996,25.930824791108872,0.5356221127179092,41622,21,679,1118,41,2.301351041905198,32.333333333333336,4367,5025,8594.400537321351,3.8509291347115377,0.0685737877634751,-0.0037787651300891234,0.25675698924731183,20685.032844543457,0.7840343034394672,21,679,-658,1118,41,2.301351041905198,32.333333333333336,22,171,4367,5025,3208,1.7103284651385577,3.8509291347115377,8594.400537321351,0.0685737877634751,267577,6.428739608860699,8.649272019605016,600x600,360000,dense,Learned,4567,22,53,41279,29.228391398087528,0.7220958221390176,25.235276502686478,0.9910533388287903,0.7432430107526882,0.4516723958923061,272,434,0.0,42,39510,30.640869650264353,0.7973112371440246,0.9950825287420935,27.90828314755428,0.366186162901451,0.7392148440855597,1406,24.36444113077672,0.475566661725696,0.962632081527451,18.928882807584515,0.9193101799402048,0.6970113529773264,-1.4336331061835885,0.5465856143369935,-3.2975666069786556,-0.1864737094211084,False,d2_d0002_p0207_t0000
d2_d0002_p0208_t0000.png,0.98665904322822,23.032760975395927,1.0,0.999999305448831,24.049707482485623,0.5107509646681628,49329,12,913,1544,37,2.3540275049115915,76.08333333333333,5090,5991,10616.441769033778,3.6597265850584257,0.07443978552355612,-0.0049244121202682845,0.22974876394158905,22175.86898803711,0.834562565572102,12,913,-901,1544,37,2.3540275049115915,76.08333333333333,12,232,5090,5991,3509,1.7720650590942353,3.6597265850584257,10616.441769033778,0.07443978552355612,274759,5.569928439660241,7.297938332421091,600x600,360000,dense,Learned,5290,12,55,48596,28.475850600787147,0.7313960091745618,24.88074198216525,0.9915834553484882,0.770251236058411,0.8784332356947226,96,829,0.0,42,49028,30.349126639028043,0.8324328845994969,0.9955488871306084,27.693941154622337,0.8512355809326646,0.7695159243018693,1014,21.805305730216862,0.40573876155776717,0.9522223921380015,16.889521717464074,0.9972153591249667,0.7046602372531875,-1.8479810067693236,0.12156606975410833,-4.426143118301525,-0.220645044506399,False,d2_d0002_p0208_t0000
d2_d0002_p0209_t0000.png,0.9861760692899835,23.702000227699294,1.0,0.9922041728301797,23.88914239903663,0.36313009433894944,35277,22,497,861,62,2.2472027062191,22.59090909090909,3843,4318,7152.4656078481785,3.8576959542175957,0.06558745011439474,-0.00038646417540566524,0.6151170471904546,21141.13998413086,0.443152564087069,22,497,-475,861,62,2.2472027062191,22.59090909090909,24,115,3843,4318,2920,1.65643020098382,3.8576959542175957,7152.4656078481785,0.06558745011439474,279789,7.931201632791904,10.204949400459222,600x600,360000,dense,Learned,4043,24,35,34352,26.423347355110877,0.6180119198863661,23.874408452056297,0.9865625334653891,0.38488295280954543,0.21359051175698385,2089,1634,0.0,23,35012,27.0584458690221,0.7162654716214474,0.9895137572451113,24.67166337770966,0.1985343230061165,0.38420391842419,1815,24.538470813399194,0.3382691469395355,0.9721818896681801,21.210420769370273,0.846064179309458,0.4096278405972115,-0.1724082243570031,0.7786136610731959,-2.534204956074248,-0.2548818255474166,False,d2_d0002_p0209_t0000
d2_d0002_p0210_t0000.png,0.9839708624828649,21.64035942851673,1.0,0.999999998486092,22.794363492029138,0.3209472975953925,44763,7,767,1288,32,2.3310104529616726,109.57142857142857,4592,5352,8801.024237940952,4.05421118214986,0.05556237751875079,-0.0004956550927034398,0.26845183757649527,21246.464729309082,0.7569459135462944,7,767,-760,1288,32,2.3310104529616726,109.57142857142857,7,186,4592,5352,3272,1.6444365168050932,4.05421118214986,8801.024237940952,0.05556237751875079,256125,5.721801487835936,8.042356410428255,600x600,360000,dense,Learned,4792,7,35,44524,24.825588503026616,0.6325325556079667,21.758130169075606,0.9844665175755684,0.7315481624235047,0.7005596360646059,250,1751,0.0,18,43734,26.17166078544205,0.7330351026749556,0.9918527977801711,24.272972347229256,0.5339741152769127,0.7196277382072302,1424,21.900968440631704,0.2595784858916178,0.950780775240303,17.37240801168333,0.9998177260895872,0.7251581570707394,-0.11777074055887482,0.2994403624214861,-2.0312250109974777,-0.31158525801257425,False,d2_d0002_p0210_t0000
d2_d0002_p0211_t0000.png,0.9808238851594316,22.169752713531032,1.0,0.9999993600131335,23.560654263374104,0.36509316539003084,47869,11,857,1449,37,2.3424408014571947,77.9090909090909,4941,5787,9823.444727626571,4.077753010439839,0.06593488772149636,-0.0033496643590885666,0.2791757479690905,22537.004470825195,0.7366063065875742,11,857,-846,1449,37,2.3424408014571947,77.9090909090909,11,208,4941,5787,3455,1.6975021129473635,4.077753010439839,9823.444727626571,0.06593488772149636,271963,5.681401324447973,7.52052476550586,600x600,360000,dense,Learned,5141,11,41,47229,25.867309309344066,0.6609636215694373,22.909717825595944,0.9841735495185202,0.7208242520309095,0.8129842610198443,192,1983,0.0,24,47448,27.288295583528374,0.7736506635585436,0.990882627900687,25.0537633453062,0.6553650234579931,0.7117148584619123,1078,22.01770185955292,0.28468873252848814,0.9412000043187777,17.501263744536942,0.9971865205785457,0.7008946928126817,-0.7399651120649118,0.18701509899328916,-2.3066550459699613,-0.2958704561794065,False,d2_d0002_p0211_t0000
d2_d0002_p0212_t0000.png,0.9821378054914462,25.17569870568834,1.0,0.9969442013166481,25.028520337789413,0.503910768156934,44207,28,836,1396,88,2.325281803542673,29.857142857142858,4968,5776,9969.592483849505,3.9594589050217337,0.06823696834593433,-0.005266334271298967,0.5493499184417121,24608.381509780884,0.46569406043492756,28,836,-808,1396,88,2.325281803542673,29.857142857142858,28,177,4968,5776,3484,1.7260374798908111,3.9594589050217337,9969.592483849505,0.06823696834593433,266786,6.03492659533558,8.143506684461737,600x600,360000,dense,Learned,5168,28,56,43306,29.25263867063443,0.7356449490571598,26.660723142213097,0.9874041397627452,0.45065008155828795,0.3600087745828633,984,1890,0.0,46,44088,30.87007258734639,0.8267157016649924,0.9927229185628047,28.927473728148264,0.2914345777218632,0.4439912944738834,1438,25.84114252222718,0.47500721950879515,0.9637703854803301,22.168192179622125,0.984582040106439,0.43772215776193896,-1.485024436524757,0.6369354267337848,-4.224118332845016,-0.2317341809002258,False,d2_d0002_p0212_t0000
d2_d0002_p0216_t0000.png,0.9893044477905907,22.998604614447267,1.0,0.9999999999960343,25.14998636004701,0.35466290472001055,22192,3,362,643,43,2.3362997658079627,120.66666666666667,2135,2494,4797.099997449072,3.952198467154134,0.059025470849956525,0.002018006387964233,0.3912896501211336,18365.42248725891,0.6187552492108083,3,362,-359,643,43,2.3362997658079627,120.66666666666667,3,78,2135,2494,1449,1.923456294085449,3.952198467154134,4797.099997449072,0.059025470849956525,263900,11.89167267483778,16.222062004325885,600x600,360000,sparse,Learned,2255,3,25,21748,26.47680602814756,0.5329997495690411,22.32507933602262,0.9872864414026264,0.6087103498788664,0.48220234047277766,164,333,0.0,14,20200,26.772342287899036,0.5714925701686039,0.9897893323853836,22.985627078383622,0.4906908095519382,0.600503863900133,2863,25.531731104709028,0.3501203534352887,0.9809172237927273,20.9616602573317,0.739431341675266,0.606029106029106,0.6735252784246484,0.5177976595232566,-1.3268196681005513,-0.1783368448490305,False,d2_d0002_p0216_t0000
d2_d0002_p0217_t0000.png,0.9802807838213357,24.667486753130184,1.0,0.9999904915847277,24.608193025436584,0.4818628668591458,54101,17,837,1500,123,2.265286315108379,49.23529411764706,6182,7002,12730.868004070555,3.7107224542706656,0.07902623463173707,-0.007133973006699046,0.45732737690589487,22677.273511886597,0.5851016679818825,17,837,-820,1500,123,2.265286315108379,49.23529411764706,18,180,6182,7002,4559,1.8181759503099366,3.7107224542706656,12730.868004070555,0.07902623463173707,275368,5.089887432764644,6.654220809227186,600x600,360000,dense,Learned,6382,18,60,53831,28.65917149680962,0.7484753406523389,26.44143036226799,0.9874147568280347,0.5426726230941051,0.26728875034056987,1674,2289,0.0,44,51990,30.36613131105512,0.8483019642695262,0.9920922828862181,28.43783156516252,0.24774477047410148,0.5358883130945935,1050,24.04911846079994,0.4016335927702264,0.951872809073672,20.54929127720014,0.9722633323698195,0.5018206561718406,-1.773943609137806,0.7327017412441579,-4.0509784713730355,-0.2666124737931931,False,d2_d0002_p0217_t0000
d2_d0002_p0235_t0000.png,0.9816648495120204,23.90363006973181,1.0,0.9977548882909869,24.467512355850545,0.3832590054496606,35594,20,534,922,63,2.2692509167103196,26.7,3818,4332,7407.020623824099,4.0667678845247215,0.06908728886417605,-0.0014091766358670377,0.6298556481409566,23316.02454185486,0.35545189985758807,20,534,-514,922,63,2.2692509167103196,26.7,20,122,3818,4332,2833,1.709838555822731,4.0667678845247215,7407.020623824099,0.06908728886417605,275681,7.74515367758611,10.114064168118222,600x600,360000,dense,Learned,4018,20,38,35443,26.898040512001753,0.6303936335045337,24.219969323319344,0.9830740261478874,0.3701443518590434,0.27528720386881134,1687,2384,0.0,25,35570,27.576062629121015,0.7273759883854405,0.9874861430735954,25.28058879524758,0.2386130609143956,0.3648457308439527,1816,24.963350673041983,0.35811772235120215,0.9635522875744854,21.435909351062673,0.9295838989121213,0.35360615450368627,-0.31633925358753245,0.7224676844221756,-2.430528156151208,-0.24713462805487313,False,d2_d0002_p0235_t0000
d2_d0002_p0238_t0000.png,0.9858246418048573,21.437680698366954,1.0,0.9999999943972036,21.766266376898862,0.2137133673046642,28854,5,433,756,33,2.326967150496562,86.6,2618,3046,5721.190401244712,4.13134400647865,0.05928604598296414,0.007635675722272306,0.38948043617703654,18659.475803375244,0.6044126288797479,5,433,-428,756,33,2.326967150496562,86.6,5,93,2618,3046,1829,1.8782634278544752,4.13134400647865,5721.190401244712,0.05928604598296414,261525,9.063734664171346,12.476606363069244,600x600,360000,sparse,Learned,2738,5,19,27681,22.52890981486097,0.49214029044351554,19.593338204578806,0.978188966082585,0.6105195638229635,0.48756657297035055,219,638,0.0,6,26638,23.295320340886008,0.5555191627576062,0.9904808268401488,22.789417828715692,0.1862407153296297,0.5687303252885625,2121,21.341798080141135,0.18184671089316115,0.9631739354324677,17.753645196602236,0.9663690226669831,0.6249110862717203,1.8443424937881474,0.512433421426853,-0.7626434379621081,-0.2784269231388513,False,d2_d0002_p0238_t0000
d2_d0002_p0239_t0000.png,0.9733321919394262,22.19866334519108,1.0,0.9999999999999223,22.652305119410833,0.3725340725557553,59995,7,931,1612,51,2.2938931297709924,133.0,6288,7212,12890.903889279805,3.910612727584123,0.07345124815097104,-0.007752809811033212,0.36125523012552296,23772.30954170227,0.6777903738842357,7,931,-924,1612,51,2.2938931297709924,133.0,7,221,6288,7212,4625,1.7874242774929892,3.910612727584123,12890.903889279805,0.07345124815097104,271948,4.532844403700309,6.000500041670139,600x600,360000,dense,Learned,6488,7,48,59261,25.63642208643854,0.7078658476909195,23.561934697291186,0.9810850017504594,0.638744769874477,0.5311433436252686,897,5143,0.0,28,58826,27.75689978162181,0.8379729438938057,0.9900609250815862,26.24680155134324,0.41703377558726673,0.6294219647177315,1062,21.557929221293527,0.2558091099856399,0.9241965491640093,18.021059745939244,0.999999682884571,0.6426499548898439,-1.3632713521001065,0.4688566563746537,-2.984116967027706,-0.3353317751351642,False,d2_d0002_p0239_t0000
d2_d0002_p0241_t0000.png,0.9809494360370342,21.515679317822737,1.0,0.9999757858026282,22.239642981026158,0.3219026028338915,47802,12,759,1279,64,2.3221216041397152,63.25,4638,5385,9200.871483338613,4.115182985952056,0.06499660313354,-0.0011552606938641796,0.2914827554716751,22565.38987159729,0.7502557690121633,12,759,-747,1279,64,2.3221216041397152,63.25,14,173,4638,5385,3295,1.7086112318177344,4.115182985952056,9200.871483338613,0.06499660313354,271157,5.672503242542153,7.531065645788879,600x600,360000,dense,Learned,4838,14,36,47795,24.569151978446456,0.6449719803835046,21.753829790537388,0.9821046967308984,0.7085172445283249,0.5750401556924043,401,1988,0.0,18,46948,26.11270822320791,0.752462951500069,0.9912312824238314,24.714608892793745,0.39808982683805016,0.6963331017609569,1095,21.099141769797114,0.2356041963031358,0.9375607439019464,16.854982635727847,0.9967565286263558,0.6855541807114107,-0.23815047271465062,0.42493563011022395,-2.329508997420298,-0.32306937754961307,False,d2_d0002_p0241_t0000
d2_d0002_p0244_t0000.png,0.98072941929454,21.68678217034975,1.0,0.9999680809546148,22.954412202988994,0.31352859960052576,42960,13,693,1152,35,2.3224276908487433,53.30769230769231,4218,4898,8327.66384824771,4.104635053841974,0.06640933074420269,-0.0001633163225751577,0.29965788928053083,21916.484594345093,0.7148683788693763,13,693,-680,1152,35,2.3224276908487433,53.30769230769231,13,174,4218,4898,3031,1.700217200540557,4.104635053841974,8327.66384824771,0.06640933074420269,262080,6.100558659217877,8.379888268156424,600x600,360000,dense,Learned,4418,13,34,42322,24.713414531949176,0.6182521767981675,21.667955745741637,0.9808927356171152,0.7003421107194692,0.5422106585506221,416,1930,0.0,17,41902,26.000985347593655,0.7183114657671228,0.9896747376565884,24.190511685074938,0.37688153983350337,0.6817199876555909,1455,22.200461203881467,0.24924616232139277,0.9443566684014553,17.815984960274534,0.9379614926226417,0.7109957887057731,0.018826424608114678,0.45775742240399264,-1.7590023289601824,-0.3047235771976417,False,d2_d0002_p0244_t0000
d2_d0002_p0246_t0000.png,0.9816648495120204,23.90363006973181,1.0,0.9977548882909869,24.467512355850545,0.3832590054496606,35594,20,534,922,63,2.2692509167103196,26.7,3818,4332,7407.020623824099,4.0667678845247215,0.06908728886417605,-0.0014091766358670377,0.6298556481409566,23298.026084899902,0.35545189985758807,20,534,-514,922,63,2.2692509167103196,26.7,20,122,3818,4332,2833,1.709838555822731,4.0667678845247215,7407.020623824099,0.06908728886417605,275681,7.74515367758611,10.114064168118222,600x600,360000,dense,Learned,4018,20,38,35443,26.898040512001753,0.6303936335045337,24.219969323319344,0.9830740261478874,0.3701443518590434,0.27528720386881134,1687,2384,0.0,25,35570,27.576062629121015,0.7273759883854405,0.9874861430735954,25.28058879524758,0.2386130609143956,0.3648457308439527,1816,24.963350673041983,0.35811772235120215,0.9635522875744854,21.435909351062673,0.9295838989121213,0.35360615450368627,-0.31633925358753245,0.7224676844221756,-2.430528156151208,-0.24713462805487313,False,d2_d0002_p0246_t0000
d2_d0002_p0247_t0000.png,0.9836542960849897,22.000737165415416,1.0,0.9982301174760755,23.628579099498573,0.31478840183431794,34622,17,580,971,46,2.3597444089456867,34.11764705882353,3130,3693,7378.751947339594,3.992860803969752,0.06693315102308613,0.0021888992346633662,0.3200700853656052,20131.904125213623,0.6931570597567425,17,580,-563,971,46,2.3597444089456867,34.11764705882353,19,138,3130,3693,2113,1.9980373537339764,3.992860803969752,7378.751947339594,0.06693315102308613,250416,7.232857720524522,10.398012824215817,600x600,360000,sparse,Learned,3250,19,29,34043,24.906916037152502,0.576384370421207,21.487764642476577,0.9814653968503263,0.6799299146343948,0.5587233753184537,240,896,0.0,14,34076,25.81125709689183,0.6514356517506219,0.9893240914244494,23.511015075833942,0.4803672211467278,0.660651435314223,1769,22.92814284540006,0.2705520941017284,0.9575786521829911,18.35656098499728,0.8693789042172904,0.6772225853088547,0.5129725229388384,0.43950674215762175,-1.278336937653929,-0.2615959685868891,False,d2_d0002_p0247_t0000
d2_d0002_p0248_t0000.png,0.981918782841193,21.840028628895993,1.0,0.9995023211435669,22.644507533087307,0.3113530364331085,43443,18,639,1084,52,2.292372881355932,35.5,4248,4869,8435.114641736582,4.039256381926788,0.07101092198818804,3.753554115948354e-05,0.354370952436446,22528.24640274048,0.6649561908751352,18,639,-621,1084,52,2.292372881355932,35.5,18,150,4248,4869,3112,1.7324121260498007,4.039256381926788,8435.114641736582,0.07101092198818804,268364,6.1773818566857726,8.286720530350115,600x600,360000,dense,Learned,4448,18,34,43228,24.661717830814574,0.6219648386455542,21.799319149460906,0.9818812473000336,0.645629047563554,0.46139830274149907,475,1557,0.0,17,42498,25.965871890053343,0.7169725242849572,0.9906098126086774,24.49008740618226,0.36153687519305755,0.6333817317845829,1450,21.88870131871648,0.24901890406120167,0.9478369466223328,17.63536471100899,0.8238032210252801,0.6431093158614548,0.04070947943508685,0.5381040184020678,-2.0172102977272672,-0.31061180221244566,False,d2_d0002_p0248_t0000
d2_d0002_p0249_t0000.png,0.981572005266333,22.44536744857225,1.0,0.9998197651796915,23.276175282462077,0.37257491760641887,42897,16,613,1068,68,2.2800844475721322,38.3125,4263,4860,8352.21305475888,4.106016009899196,0.06806508804401426,-0.0016013893785206124,0.4021250216250505,22187.354803085327,0.6519284142023161,16,613,-597,1068,68,2.2800844475721322,38.3125,16,131,4263,4860,3127,1.7185623569462587,4.106016009899196,8352.21305475888,0.06806508804401426,267058,6.225563559223255,8.392195258409679,600x600,360000,dense,Learned,4463,16,38,42163,25.914517385196408,0.6429369577184834,22.814614299057805,0.9831733946448536,0.5978749783749495,0.3523120140436179,803,1663,0.0,22,41238,26.91971531464158,0.7428492890670163,0.9883269703755396,24.381476822905324,0.3188555987649446,0.5899041423679271,1413,23.007916508661516,0.3145165056555797,0.9515596770370879,18.617619869409097,0.9188941348094151,0.5859947823699025,-0.36924685048555617,0.6475077511360736,-2.638342102734331,-0.2703620401120645,False,d2_d0002_p0249_t0000
d2_d0002_p0251_t0000.png,0.9859435777064854,23.7232575946603,1.0,0.9999951452626452,25.190415915968508,0.4158135473285357,33023,9,518,885,55,2.2896983494593055,57.55555555555556,3514,4023,6765.456561997727,4.104824249182633,0.06602668255409076,-0.0008895276646018191,0.3979363745283525,22258.93759727478,0.6492592737364656,9,518,-509,885,55,2.2896983494593055,57.55555555555556,9,111,3514,4023,2574,1.681694397712581,4.104824249182633,6765.456561997727,0.06602668255409076,274573,8.314598915907094,10.901492898888653,600x600,360000,dense,Learned,3714,9,37,32093,27.400190289797525,0.6272659345976822,23.986584419227487,0.9868331053710873,0.6020636254716475,0.3727244911155967,471,775,0.0,26,32476,28.130829787064275,0.7191044598321392,0.9904630028744287,25.130402856646533,0.3332141463498972,0.593702775259125,1814,25.419684488595216,0.3913263048021961,0.9701575654511381,20.934922861234714,0.9536097822656202,0.604898525462016,-0.26332682456718715,0.6272706541470485,-2.209774373829017,-0.2114523872691465,False,d2_d0002_p0251_t0000
d2_d0002_p0253_t0000.png,0.978326538560491,23.218594915194917,1.0,0.9999940809425326,24.214877205047898,0.44192470362939185,50856,14,867,1501,75,2.3149344655713495,61.92857142857143,5417,6270,11210.331769193923,4.027026969435384,0.0772793220083618,-0.006385972881948976,0.3562450315103056,23215.75975418091,0.6915406120513204,14,867,-853,1501,75,2.3149344655713495,61.92857142857143,15,208,5417,6270,3841,1.7879317016257839,4.027026969435384,11210.331769193923,0.0772793220083618,279415,5.494238634576058,7.078810759792355,600x600,360000,dense,Learned,5617,15,51,50222,27.29482615165162,0.706180035044011,24.58817240856768,0.98471251144244,0.6437549684896944,0.45086024051016516,870,2970,0.0,34,50824,28.809393360358158,0.8240297945037944,0.989988352858764,26.38756272610316,0.38967778523208985,0.6346842773918119,1091,22.986475424863503,0.351311012114501,0.9399174213993609,18.898428334643135,0.9920234556487562,0.6101435991445158,-1.3695774933727627,0.5491338404323675,-3.0799489466037215,-0.2642553314146191,False,d2_d0002_p0253_t0000
d2_d0002_p0257_t0000.png,0.9847374273409725,23.593512801265515,1.0,0.9993184296684903,25.287165754437826,0.4485665642374695,37689,18,662,1108,53,2.321598002496879,36.77777777777778,4005,4649,8174.6293603623035,3.8739630114273185,0.07287489176335038,-0.002477423886493635,0.41035509403819626,20385.616779327393,0.6045741889312977,18,662,-644,1108,53,2.321598002496879,36.77777777777778,18,169,4005,4649,2844,1.7583629512502137,3.8739630114273185,8174.6293603623035,0.07287489176335038,272466,7.229324206001751,9.55185863249224,600x600,360000,dense,Learned,4205,18,43,36929,27.834844823551368,0.6646983171573797,24.291781341173415,0.9872148512274661,0.5896449059618037,0.4306883272167288,547,1396,0.0,31,36730,28.853139147313843,0.7600436421424347,0.9914788298240079,25.91132656071317,0.38864792740924625,0.579360228198859,1402,24.93877189219475,0.40581739063279554,0.963872693112793,20.128128514505125,0.9457658472500838,0.5694198637104754,-0.6982685399079003,0.5686301024517615,-2.547679069113542,-0.2161317529199102,False,d2_d0002_p0257_t0000
d2_d0002_p0258_t0000.png,0.9731723501570927,21.948915417850223,1.0,0.9999945867811832,21.877525437294935,0.2839177012625063,48259,12,594,1036,47,2.249250535331906,49.5,4670,5252,8875.061387832724,4.40447838773564,0.06594270868761566,0.0006492614491577786,0.36080705201832197,22760.908126831055,0.6704363597567481,12,594,-582,1036,47,2.249250535331906,49.5,12,148,4670,5252,3587,1.6898441332506924,4.40447838773564,8875.061387832724,0.06594270868761566,278119,5.763049379390373,7.4597484407053605,600x600,360000,dense,Learned,4870,12,33,48046,23.707550960710986,0.6370245839618848,21.84262864996723,0.9725230887079349,0.639192947981678,0.22307026059777146,1717,2166,0.0,15,47374,25.286027846542424,0.765086686989,0.9876658305753597,24.992729436610333,0.1322770566782867,0.5929023478272358,1057,20.956572371984198,0.19537354825696993,0.9234820646439724,18.02519351211994,0.967863980585114,0.6435340833884845,0.10628676788299174,0.7769243261834118,-1.830025523416051,-0.35310688269937845,False,d2_d0002_p0258_t0000
d2_d0002_p0259_t0000.png,0.9877892108633365,22.349371020838525,1.0,0.9982356977631657,22.253915450569703,0.24703499426694345,26931,12,376,657,55,2.2629107981220655,31.333333333333332,2769,3133,4996.59802154884,3.913189289672317,0.054171294832490384,0.003949957121051395,0.708487038570604,20053.876161575317,0.2787584776571272,12,376,-364,657,55,2.2629107981220655,31.333333333333332,13,78,2769,3133,2057,1.5948286056651397,3.913189289672317,4996.59802154884,0.054171294832490384,272158,10.105751735917716,13.367494708700011,600x600,360000,dense,Learned,2969,13,21,25672,23.921587855964496,0.5087324983033485,21.3603082263338,0.9838392537422851,0.291512961429396,0.3172670974149905,993,1467,0.0,9,26726,24.50064377935825,0.5790907103440477,0.988945817016674,22.556719630961304,0.32691735544363143,0.28610088341291423,2127,22.732352769484923,0.23337126890903684,0.9726355353595122,19.701705784909244,0.8781949341872239,0.29454996896337676,0.9890627945047257,0.6809686003481752,-1.667672405394793,-0.2616975040364051,False,d2_d0002_p0259_t0000
d2_d0002_p0260_t0000.png,0.9814711822250713,23.97465025482512,1.0,0.9786109901820548,23.050463325261443,0.37324281453377095,45680,41,718,1199,74,2.281204569055036,17.51219512195122,4815,5492,9647.243717499745,3.8882119227049876,0.07582160720199496,-0.0028623951275348336,0.6318153611824104,22361.404418945312,0.3295876938904232,41,718,-677,1199,74,2.281204569055036,17.51219512195122,41,176,4815,5492,3542,1.7565993658957786,3.8882119227049876,9647.243717499745,0.07582160720199496,284651,6.231414185639229,7.880910683012259,600x600,360000,dense,Learned,5015,41,43,45086,26.478117182966958,0.674388821333502,24.66658418299579,0.9843335773526062,0.3681846388175895,0.315692297107374,1962,3232,0.0,28,44930,27.652076196560273,0.7885578684407576,0.9893504012772558,26.060488136662123,0.3122982239049369,0.3615613097110109,1070,23.296337866975932,0.3126986474617021,0.9571848679118,20.42163666153719,0.9897255519529897,0.36026409642590435,-0.6919339281706698,0.6629186930746808,-3.427653857705515,-0.301146006799731,False,d2_d0002_p0260_t0000
d2_d0002_p0261_t0000.png,0.9759125589562203,22.40614570646976,1.0,0.9999972184437924,23.111224871925774,0.42425102243089363,57594,15,1031,1742,66,2.3286962148172115,68.73333333333333,6182,7198,12630.329765378894,4.0078856597745816,0.06704775334912043,-0.008196416101746484,0.34040320621812004,22408.118963241577,0.7056767568459255,15,1031,-1016,1742,66,2.3286962148172115,68.73333333333333,16,250,6182,7198,4374,1.7546998840481456,4.0078856597745816,12630.329765378894,0.06704775334912043,279061,4.845313747959857,6.250651109490572,600x600,360000,dense,Learned,6382,16,51,57405,26.432763058888895,0.7205473421902653,23.992641565728317,0.9841089750579668,0.65959679378188,0.4846934682566242,902,3550,0.0,33,57214,28.444130967965506,0.8474830728667254,0.9908447338789271,26.38209875707398,0.4296184645629265,0.6525359722679474,1064,21.848111791915223,0.31333421117703036,0.9298072284765043,18.085284947996865,0.999892282661726,0.6112784179925496,-1.5864958592585552,0.5153037501871682,-3.321538186963121,-0.29629631975937165,False,d2_d0002_p0261_t0000
d2_d0002_p0262_t0000.png,0.9744143418918159,21.976325890437465,1.0,0.9985458494064564,21.322047824875376,0.294512608013135,52628,25,814,1411,137,2.2989768851837815,32.56,5278,6067,10837.193695567672,4.124703866259173,0.07308356321006834,-0.002026992019189211,0.5438205821536504,26969.099760055542,0.4822167727573133,25,814,-789,1411,137,2.2989768851837815,32.56,27,172,5278,6067,3730,1.7862524634197225,4.124703866259173,10837.193695567672,0.07308356321006834,277436,5.271642471688075,6.840465151630311,600x600,360000,dense,Learned,5478,27,37,52572,24.03682690390283,0.665156430438804,22.23474106389862,0.9764413339110051,0.45617941784634963,0.31711402385615417,2396,5699,0.0,18,51178,25.769854282801667,0.7868283490293344,0.9878683930705584,24.98900937211609,0.2722207887022413,0.44192373697208154,1071,21.094757825815012,0.20128524873353426,0.9302325346366828,18.501559873211335,0.9938419801128311,0.44541101479622475,-0.25841517346115594,0.6814318255503022,-2.714779079027455,-0.370643822425669,False,d2_d0002_p0262_t0000
d2_d0002_p0263_t0000.png,0.9739940798377041,22.20986409555835,1.0,0.9994014212010828,22.51159081024593,0.30748350596197604,47419,21,731,1277,80,2.3036134274107334,34.80952380952381,4677,5387,9504.418818933147,4.441393855419938,0.07244547727656729,-0.0013891215320132044,0.4163611685461672,25989.3581867218,0.6287054568061717,21,731,-710,1277,80,2.3036134274107334,34.80952380952381,21,167,4677,5387,3320,1.7643250081553774,4.441393855419938,9504.418818933147,0.07244547727656729,272437,5.745313060165756,7.591893544781628,600x600,360000,dense,Learned,4877,21,36,46648,24.688197929243326,0.6398523522832608,22.398904895883835,0.9753832013697173,0.5836388314538328,0.2825742696575273,1491,2702,0.0,19,47226,26.12283127283815,0.7565054479727568,0.9867906792767279,24.863118830047185,0.2071230588954055,0.5620644329257707,1094,21.902423714296233,0.22314530780730707,0.9288996664305199,18.554690902289884,0.9323654521516784,0.5784110390466713,-0.1890408003254862,0.7168271515435555,-2.1766071189973957,-0.3323688463212847,False,d2_d0002_p0263_t0000
d2_d0002_p0264_t0000.png,0.9763698150335041,21.874253750013985,1.0,0.9995621719088224,22.086639768518907,0.3008675016174282,46295,19,636,1102,90,2.2733717323881257,33.473684210526315,4514,5131,8899.364425098645,4.30107808902721,0.07147376259808308,0.00011412663625520736,0.44177128224345763,23835.501194000244,0.5913979911950017,19,636,-617,1102,90,2.2733717323881257,33.473684210526315,19,138,4514,5131,3322,1.7344307981092453,4.30107808902721,8899.364425098645,0.07147376259808308,271782,5.870655578356194,7.776217734096555,600x600,360000,dense,Learned,4714,19,34,45955,24.202365772083567,0.6330566202905938,21.81889118307946,0.9762556883972489,0.5582287177565424,0.3137188698752963,1325,2775,0.0,16,45080,25.639722495950423,0.741890257643681,0.9878127803029546,24.494296789565265,0.224504398078481,0.538027477919529,1073,21.444332755379165,0.21411281797407922,0.9315105078887792,18.0051519001779,0.9797850597846407,0.5634717035163288,0.055362566934523016,0.6858433020335261,-2.11572600356466,-0.33218911867316564,False,d2_d0002_p0264_t0000
d2_d0002_p0265_t0000.png,0.9790889743866494,22.735804407908567,1.0,0.9999999960385934,23.68255319935556,0.44382979855895033,50389,9,897,1504,54,2.3340857787810383,99.66666666666667,5316,6204,10869.360599954169,4.114928627503017,0.0711064060988098,-0.006412889072686556,0.28758855619461376,23325.969219207764,0.7482839303489018,9,897,-888,1504,54,2.3340857787810383,99.66666666666667,9,216,5316,6204,3758,1.7519923597604659,4.114928627503017,10869.360599954169,0.0711064060988098,271045,5.379050983349541,7.144416440096053,600x600,360000,dense,Learned,5516,9,50,50144,27.225706496078853,0.7055713856648513,24.145295041331316,0.985501863459336,0.7124114438053862,0.5642035691577912,431,1698,0.0,33,50126,28.790153261517286,0.8201539198834048,0.9910405599491889,26.19248464161558,0.5437760044521974,0.7068752623910306,1072,22.55229521928097,0.3538671951472347,0.939489614203256,18.183212035726836,0.9976184410863831,0.6648606194438437,-1.4094906334227488,0.4357964268808021,-3.5431532967232933,-0.261741587105901,False,d2_d0002_p0265_t0000
d2_d0002_p0266_t0000.png,0.9784091032873106,22.445901326928805,1.0,0.9999998134460669,23.411606162629912,0.4141839895072646,51515,9,847,1435,71,2.3171839515518546,94.11111111111111,5284,6122,10551.317844590616,4.135389090373965,0.06870129439524938,-0.005730331198171679,0.3110828772478499,25018.92900466919,0.7103726986977997,9,847,-838,1435,71,2.3171839515518546,94.11111111111111,11,206,5284,6122,3778,1.7235083052254827,4.135389090373965,10551.317844590616,0.06870129439524938,275928,5.356265165485781,6.988255847811317,600x600,360000,dense,Learned,5484,11,47,51012,26.540461284997217,0.6933958995020847,23.628684249462466,0.9841394344854822,0.6889171227521501,0.7140372403652078,301,1910,0.0,30,50840,28.066691377912626,0.8127512414304562,0.9896514393244337,25.45203190178824,0.6573149229320628,0.6826517937601987,1010,21.888849176605785,0.3117837782545898,0.9337337830048844,17.669507615083653,0.9957529831558867,0.6497287910055595,-1.1827829225336615,0.28596257308085915,-3.1288551223673053,-0.2792119099948201,False,d2_d0002_p0266_t0000
d2_d0002_p0267_t0000.png,0.9762902427742899,23.787255039215687,1.0,0.9999999996011757,24.758820529988775,0.48498498334441337,47982,8,853,1450,70,2.3269491197523697,106.625,5169,6014,10761.703745704655,4.202082933874974,0.07554624064656065,-0.008061515192371749,0.34695433493781225,23913.180589675903,0.6963780213399143,8,853,-845,1450,70,2.3269491197523697,106.625,8,203,5169,6014,3649,1.7894419264556767,4.202082933874974,10761.703745704655,0.07554624064656065,273785,5.705993914384561,7.502813555083156,600x600,360000,dense,Learned,5369,8,55,47840,28.3635128492403,0.7221758490371877,25.367607451127,0.9843517579666616,0.6530456650621878,0.5347490010783189,533,2147,0.0,41,47724,30.040107102919936,0.8263888711148081,0.99058761804608,27.549911327254453,0.44743964522088264,0.6459910423177156,1059,23.923000251720406,0.4042098193379713,0.9402988839450339,19.708185614481472,0.9965552677225691,0.6323489686321545,-1.5803524119113135,0.4652509985228568,-3.6046923192515266,-0.2371908656927743,False,d2_d0002_p0267_t0000
d2_d0002_p0268_t0000.png,0.9799450306507537,23.497233955835636,1.0,0.9999978748468055,25.002628407500712,0.5074951105297758,45404,12,764,1322,47,2.316099201345103,63.666666666666664,4758,5510,9703.231524190936,4.203524297202721,0.07114628346636256,-0.006315036599481738,0.28116320408843465,24920.825958251953,0.7516841998050257,12,764,-752,1322,47,2.316099201345103,63.666666666666664,12,196,4758,5510,3389,1.761022055207041,4.203524297202721,9703.231524190936,0.07114628346636256,273673,6.027508589551581,7.928816844330896,600x600,360000,dense,Learned,4958,12,53,44779,28.598564737193165,0.7173971548099011,25.046268091367384,0.9862600672502354,0.7188367959115654,0.626610847763017,261,1072,0.0,40,44182,30.217591868838905,0.8097432491761956,0.9922562629462027,27.59468702748526,0.5762940575576307,0.7149031668190508,1064,23.553431143358804,0.42373086336810745,0.9432125479930343,18.78435888707276,0.9883841486197861,0.6749489138498783,-1.5490341355317483,0.37338702708378846,-3.595936329692453,-0.20990204428012527,False,d2_d0002_p0268_t0000
d2_d0002_p0269_t0000.png,0.9740231036307284,22.199174718693953,1.0,0.9999999999999993,23.2326979617655,0.424439642615171,60591,5,979,1645,38,2.3117797695262485,195.8,6248,7222,12937.506918566418,4.1073643769520345,0.06960774254634866,-0.00939245225643115,0.2517368432734779,24871.660947799683,0.7725573151906695,5,979,-974,1645,38,2.3117797695262485,195.8,6,260,6248,7222,4565,1.7914022318701304,4.1073643769520345,12937.506918566418,0.06960774254634866,253936,4.1909854598867815,5.941476456899539,600x600,360000,dense,Learned,6448,6,52,59745,26.38794164610072,0.7241810441175704,23.98895830272545,0.9834155558871596,0.7482631567265221,0.7242033894041048,393,3216,0.0,33,60458,28.626975735510317,0.8521104035093109,0.9913504459576519,26.80767442021476,0.5976929067121721,0.7455025344833298,721,20.51653548203985,0.27633153683947737,0.9097842478005844,16.652037145661666,0.9999997982022745,0.6951270221570995,-1.7897835840314968,0.27579661059589455,-3.155243684335222,-0.2997414015023995,False,d2_d0002_p0269_t0000
d2_d0002_p0270_t0000.png,0.9813829562871147,22.542954057503106,1.0,0.9999999433288175,23.945114218424383,0.41834233832523593,49265,10,787,1334,48,2.3032195121951218,78.7,5125,5902,10281.841697246236,3.915347890923663,0.0669057606323623,-0.0051712272123108916,0.26646175839885633,23470.67379951477,0.7510144885073468,10,787,-777,1334,48,2.3032195121951218,78.7,10,201,5125,5902,3743,1.7420944929254598,3.915347890923663,10281.841697246236,0.0669057606323623,272236,5.525951486856795,7.307419060184715,600x600,360000,dense,Learned,5325,10,48,49226,26.89648178029476,0.689301511545175,23.809060987534725,0.9865541834994256,0.7335382416011437,0.6466554113846557,321,1831,0.0,30,48702,28.270113166219204,0.8024405403687442,0.9906248584740759,25.45524128417736,0.5948812842556284,0.7255024946543122,1071,22.571704674763318,0.33154705002697554,0.9440774726789636,17.9723561424218,0.9983772553965852,0.7005422587883321,-1.2661069300316186,0.3533445319441618,-2.951367561870377,-0.2709591732199391,False,d2_d0002_p0270_t0000
d2_d0002_p0271_t0000.png,0.9856588682313129,24.3015660222777,1.0,0.999997131777855,26.432400846786788,0.5996253486987162,40770,11,757,1270,49,2.339322265180805,68.81818181818181,4397,5143,8887.106632509856,3.956073377331414,0.06583747963291262,-0.005496692693342187,0.24681480053341043,22231.849431991577,0.7778073310614246,11,757,-746,1270,49,2.339322265180805,68.81818181818181,11,181,4397,5143,3078,1.7280005118626807,3.956073377331414,8887.106632509856,0.06583747963291262,262795,6.4457934755948,8.830022075055188,600x600,360000,dense,Learned,4597,11,59,40574,30.405848651636624,0.7567982954044783,26.152167750285034,0.9911555609246551,0.7531851994665896,0.7154137050593132,128,433,0.0,54,40474,32.28548654592885,0.8246056065263349,0.9960166658868737,29.65704589404475,0.6280596321847,0.7507705149608321,1449,25.86920055788479,0.5550788465084896,0.964647977708238,20.39147087470534,0.9183827208969014,0.7251736379070844,-1.8506017280073337,0.28458342671854175,-3.9734478048498367,-0.1571729467057621,False,d2_d0002_p0271_t0000
d2_d0002_p0272_t0000.png,0.9790638343939448,21.870659434274963,1.0,0.9999999999991978,22.97554447352968,0.4013811289371142,58457,7,1116,1877,25,2.374662162162162,159.42857142857142,5920,7029,12266.494726351291,3.9813060237145104,0.06870075940266569,-0.00649153752379239,0.2106119873817035,23592.92197227478,0.8234906058686933,7,1116,-1109,1877,25,2.374662162162162,159.42857142857142,7,283,5920,7029,4018,1.745126579364198,3.9813060237145104,12266.494726351291,0.06870075940266569,274993,4.704192825495664,6.15837282104795,600x600,360000,dense,Learned,6120,7,48,57521,25.958129232742447,0.7119837452802759,23.29508375429999,0.9855553719177372,0.7893880126182965,0.6880451319001921,339,2317,0.0,30,58128,28.12687152571712,0.8384242534438751,0.9927282774037294,26.272696567343765,0.6144294240161028,0.7862595419847328,1086,20.850974613988598,0.2874575030978153,0.9277650460616659,16.677661393956217,0.999995387159207,0.7414347199037009,-1.4244243200250288,0.31195486809900563,-2.9825847592127666,-0.31060261634316166,False,d2_d0002_p0272_t0000
d2_d0002_p0273_t0000.png,0.9845890072487222,22.30469630682328,1.0,0.9999946939700975,22.830584840067964,0.29207742449641494,33883,9,561,975,63,2.321303841676368,62.333333333333336,3436,3988,6760.694152050947,4.26305560915101,0.06546276869397823,0.0024191241168624034,0.5492605122067391,21437.81065940857,0.4524069284234527,9,561,-552,975,63,2.321303841676368,62.333333333333336,9,126,3436,3988,2398,1.6952593159606193,4.26305560915101,6760.694152050947,0.06546276869397823,250560,7.394858778738601,10.624797095888793,600x600,360000,dense,Learned,3636,9,28,33618,24.63537479912571,0.5724675435198013,21.82002903272752,0.9821698831318598,0.45073948779326095,0.30740222787908567,1262,1936,0.0,13,32034,25.26192268851996,0.6488879373691424,0.9877932671971995,23.105634719390252,0.2847173027264245,0.44766831608936875,1758,22.938478891255652,0.25742540213481446,0.9627121257618525,19.382593054334748,0.9882732456714857,0.4586899435907411,0.48466727409576293,0.6925924660910119,-1.8047899590577465,-0.2803901190233864,False,d2_d0002_p0273_t0000
d2_d0002_p0274_t0000.png,0.981316713356747,23.172034149652873,1.0,0.9998748355834984,22.787926924636764,0.32532560185522263,44351,15,703,1202,68,2.2885906040268456,46.86666666666667,4768,5456,9312.225171908309,3.828861119863171,0.06565716281622583,-0.0013526899749178867,0.6067411597001886,21243.252277374268,0.36930397274298854,15,703,-688,1202,68,2.2885906040268456,46.86666666666667,17,165,4768,5456,3498,1.70678613854622,3.828861119863171,9312.225171908309,0.06565716281622583,288004,6.493743094856937,8.117066131541566,600x600,360000,dense,Learned,4968,17,37,43009,25.40146753938457,0.6384564658366335,23.413929072942267,0.9826694033316649,0.39325884029981145,0.2784820759022226,2060,3057,0.0,21,44206,26.59319071279629,0.7595392692682997,0.9891710884307284,25.179957276717943,0.25347122554737345,0.3922305881911692,1432,22.949020614205594,0.2789963937103068,0.9579542821285831,19.95428432628037,0.9849471882228404,0.37528895557280806,-0.24189492328939366,0.7213927596812758,-2.613540614747805,-0.3131308639814109,False,d2_d0002_p0274_t0000
d2_d0002_p0275_t0000.png,0.9766679172027666,22.724437486136875,1.0,0.9999984848558878,23.50667969563293,0.350760960232314,44093,10,749,1268,89,2.324336186087338,74.9,4557,5296,9162.135136255276,4.238311036495831,0.07089255250721746,-0.00303644589693719,0.4293660592908545,24440.590381622314,0.6223490687888005,10,749,-739,1268,89,2.324336186087338,74.9,11,169,4557,5296,3200,1.730010410924312,4.238311036495831,9162.135136255276,0.07089255250721746,273623,6.205588188601365,8.164561268228518,600x600,360000,dense,Learned,4757,11,40,43407,25.955926366999634,0.6431830654486346,23.23801717776228,0.9797043630997038,0.5706339407091455,0.38063848610091355,1028,2723,0.0,22,42972,26.9506909311174,0.7497636357934719,0.9854882086135923,24.598406641267356,0.35339411135165,0.5591917828759934,1450,23.368847571376456,0.293673762612851,0.9452448347060599,19.59479115351541,0.9932204608671503,0.5688475129430272,-0.5135796916254058,0.6193599987549743,-2.449246671366705,-0.29242210521632056,False,d2_d0002_p0275_t0000
d2_d0002_p0276_t0000.png,0.9849788299790189,22.11123926964655,1.0,0.9999987875375005,23.852941210551755,0.292350678555175,28131,7,486,811,36,2.380460683081811,69.42857142857143,2518,2997,5874.097038856267,4.3743003619105405,0.0594519543399285,0.00453259402370354,0.30993427704752274,22228.535413742065,0.6922063203394745,7,486,-479,811,36,2.380460683081811,69.42857142857143,7,115,2518,2997,1671,1.9599923386240508,4.3743003619105405,5874.097038856267,0.0594519543399285,265699,9.44506060929224,12.797269915751306,600x600,360000,sparse,Learned,2638,7,24,27153,24.855615503875285,0.5327508809260584,21.17115954924992,0.9804462359553153,0.6900657229524773,0.534704631013232,181,518,0.0,11,27272,25.4535483637965,0.5798244010493885,0.987783499058462,22.797655965392664,0.4065921119475362,0.6662560647577868,2141,23.52026260321743,0.2657849536546553,0.9639859106703818,19.090730055597444,0.8976080690114072,0.7043730031948882,0.9400797203966285,0.46529415652426853,-1.0026742933235298,-0.2404002023708834,False,d2_d0002_p0276_t0000
d2_d0002_p0277_t0000.png,0.9869348467545837,22.19404022169721,1.0,0.9997859050412938,24.135408725008652,0.3119345168549258,27924,10,438,734,32,2.3375394321766563,43.8,2536,2964,5685.69664294002,3.9644786947721187,0.053031896734802415,0.003248423152941382,0.29466344864574956,20400.019884109497,0.7150044722719141,10,438,-428,734,32,2.3375394321766563,43.8,11,115,2536,2964,1770,1.9182512290620901,3.9644786947721187,5685.69664294002,0.053031896734802415,262886,9.414338919925513,12.89213579716373,600x600,360000,sparse,Learned,2656,11,25,27024,25.228354892874062,0.5429850643735953,21.30119504984966,0.9836864236016423,0.7053365513542504,0.7444113713994429,86,435,0.0,12,26374,25.77335963667658,0.5946696376220457,0.9890477985296843,22.618718061886906,0.6728489647868028,0.6828884143085958,2123,23.843748456620922,0.28810308643070953,0.9692896346361997,19.105519163292616,0.9966825916838619,0.7188510157420305,0.8928451718475507,0.2553745336418509,-1.09294616786541,-0.2310505475186695,False,d2_d0002_p0277_t0000
d2_d0002_p0278_t0000.png,0.9754038759630409,23.79513404684678,1.0,0.9999247950960961,23.485540276767512,0.3504163763695012,45387,15,645,1113,91,2.2518488906656007,43.0,5003,5633,9742.508539824723,4.010994302852378,0.06798783491584987,-0.004145012333833353,0.6040357504837373,22683.606386184692,0.4330217097745923,15,645,-630,1113,91,2.2518488906656007,43.0,17,145,5003,5633,3799,1.7295417255147512,4.010994302852378,9742.508539824723,0.06798783491584987,282676,6.228126996717122,7.93178663493952,600x600,360000,dense,Learned,5203,17,43,44799,26.38341975231662,0.6596947717036848,24.464879114555863,0.9795488882968743,0.3959642495162628,0.22712414441817264,2649,3082,0.0,27,44862,27.554039363541886,0.7752618942659741,0.9859118936789213,25.901921407886277,0.20469741295999067,0.3890182812990998,1036,23.760181170423703,0.29591739871883077,0.9485480183141681,20.97753002124771,0.9539345610570104,0.3812779238150085,-0.6697450677090835,0.7728006506779235,-2.8978794755491073,-0.30927839533418366,False,d2_d0002_p0278_t0000
d2_d0002_p0279_t0000.png,0.988782825339561,22.28424760327727,1.0,0.9983140979976757,24.576073797687492,0.3027860186932401,22756,9,306,516,30,2.293768545994065,34.0,2022,2319,4266.226895612487,4.177414524036393,0.05221524823028802,0.004024789900016534,0.30188046793818923,20887.296199798584,0.7011752506049084,9,306,-297,516,30,2.293768545994065,34.0,11,76,2022,2319,1476,1.8396838704668168,4.177414524036393,4266.226895612487,0.05221524823028802,260817,11.461460713657937,15.820003515556337,600x600,360000,sparse,Learned,2142,11,22,22210,25.311365428664164,0.5070178461044095,21.055215426962693,0.9847580354395444,0.6981195320618108,0.7740197543837085,52,246,0.0,10,21648,25.707806886446892,0.5335765027599358,0.9897881878642603,22.23352530454454,0.6934173925238465,0.6785366998625222,2498,24.30743886961528,0.29041471716627,0.9763512109664727,19.493213866213722,0.9796566255508393,0.6986051145798738,1.2290321763145755,0.22429434361396716,-0.7352916309766719,-0.20423182741116935,False,d2_d0002_p0279_t0000
d2_d0002_p0281_t0000.png,0.9734038551588694,22.934598657943287,1.0,0.9999909738497955,23.74358372456351,0.3563174897719971,44655,10,678,1187,79,2.28762109795479,67.8,4645,5313,9189.575708909091,4.392673557926174,0.06766731815378839,-0.0038817571651390548,0.41769902768866296,24920.783758163452,0.630048683128127,10,678,-668,1187,79,2.28762109795479,67.8,13,147,4645,5313,3379,1.7296396967643475,4.392673557926174,9189.575708909091,0.06766731815378839,275251,6.163945806740567,8.061807188444742,600x600,360000,dense,Learned,4845,13,41,44535,26.057803766516162,0.6499356921308281,23.50602110022017,0.9772856123240085,0.582300972311337,0.3767416241297169,1088,2946,0.0,23,43288,27.054198183116217,0.7537631494909297,0.9841705740169284,24.834179602143433,0.3165147641993665,0.569662095984329,1438,23.51246434210202,0.2948578986805956,0.9394595635266305,20.01576088879467,0.9810003236340787,0.5858428805237316,-0.5714224422768837,0.6232493497200786,-2.3142200419526517,-0.293618202358831,False,d2_d0002_p0281_t0000
d2_d0002_p0282_t0000.png,0.9817555234432273,22.26025549901836,1.0,0.999773722853941,23.7481991239183,0.354066422362998,41698,15,630,1099,55,2.2929966650786087,42.0,4198,4813,8286.47503142976,4.2985267367971804,0.0693346643863074,-0.001350744717090846,0.29592539776641935,23930.143356323242,0.7483404886291143,15,630,-615,1099,55,2.2929966650786087,42.0,16,158,4198,4813,3044,1.721686065121482,4.2985267367971804,8286.47503142976,0.0693346643863074,261727,6.276727900618734,8.633507602283084,600x600,360000,dense,Learned,4398,16,37,41212,25.719228747149888,0.6315894506932013,22.512156785675494,0.9831062681603181,0.7040746022335806,0.47510548310516554,509,1685,0.0,21,41120,26.773651170931323,0.7364854870214403,0.9884689177324604,24.02196385285623,0.4137136760986885,0.6893275439411661,1440,23.071302727119495,0.2955560603705402,0.950007840286104,18.65392144709001,0.9728125551869466,0.6993747802558968,-0.25190128665713374,0.5246682397487754,-1.971029623231587,-0.27752302833020326,False,d2_d0002_p0282_t0000
d2_d0002_p0283_t0000.png,0.9790359013188991,22.228447387109334,1.0,0.99999997130855,22.806596265683268,0.33977256610133416,46870,9,736,1294,83,2.307724867724868,81.77777777777777,4725,5452,9595.935059634663,4.197102612338999,0.0722076419621183,-0.002008507886323785,0.36842623717877676,24402.332305908203,0.7159652753823157,9,736,-727,1294,83,2.307724867724868,81.77777777777777,9,168,4725,5452,3348,1.7600761297935645,4.197102612338999,9595.935059634663,0.0722076419621183,273120,5.82718156603371,7.680819287390655,600x600,360000,dense,Learned,4925,9,38,45928,25.251928127786407,0.6470404268933614,22.615754337642944,0.9810444092052228,0.6315737628212232,0.2957873062331323,1467,2720,0.0,21,45582,26.51112838893773,0.7621990927637097,0.9879629915498713,24.523356005077794,0.2463677178762752,0.6107954889586084,1093,22.226864893701258,0.261017449017484,0.9420075291852505,18.42278511745965,0.9988197157739794,0.6219585056407493,-0.38730695053360975,0.7042126650754177,-2.4453318621031386,-0.3072678607920272,False,d2_d0002_p0283_t0000
d2_d0002_p0284_t0000.png,0.9745517836903305,21.984506421210238,1.0,0.9999999991769466,22.159708460355397,0.3627037585191286,61066,7,997,1710,74,2.316192909613542,142.42857142857142,6262,7252,12854.87521138555,4.055540875214351,0.07383043461421616,-0.007261241026021992,0.34480970323017657,25016.496419906616,0.7014582171275058,7,997,-990,1710,74,2.316192909613542,142.42857142857142,10,238,6262,7252,4478,1.7725972437100341,4.055540875214351,12854.87521138555,0.07383043461421616,275272,4.5077784691972616,5.895260865293289,600x600,360000,dense,Learned,6462,10,47,60987,25.31977774768926,0.7152026830309802,23.288811103099366,0.9818130247163525,0.6551902967698234,0.4186897632426606,1109,4027,0.0,27,59872,27.549379689769665,0.8390127870838686,0.9911360475061624,26.356077238181058,0.3298469911042976,0.6498157531091663,718,20.432019383144127,0.22732903910540805,0.9165873208437662,16.901082011799577,0.9996719098770476,0.6257498802108289,-1.3043046818891284,0.581310235934286,-3.1600692873338616,-0.3524989245118516,False,d2_d0002_p0284_t0000
d2_d0002_p0286_t0000.png,0.9913591443075684,22.1330586217276,1.0,0.9993090893168972,23.47185133887227,0.2429963383970618,18120,8,263,466,42,2.309842041312272,32.875,1646,1901,3524.6815998045704,3.8668326030090396,0.06132898937777484,0.004192189998496354,0.46464024940520143,18847.500801086426,0.5524275629087444,8,263,-255,466,42,2.309842041312272,32.875,8,54,1646,1901,1138,1.854119726356986,3.8668326030090396,3524.6815998045704,0.06132898937777484,262179,14.469039735099338,19.867549668874172,600x600,360000,sparse,Learned,1766,8,16,16691,24.158019292520223,0.4244451952193166,20.410939711990043,0.9871669543090721,0.5353597505947986,0.2647171324521993,224,177,0.0,6,17284,24.534082648813932,0.4505369150401771,0.9915681228623231,21.825334916995747,0.2586116999153285,0.5187420454078909,3138,23.68761071544837,0.24425387369706497,0.9852767653118277,20.206815089006813,0.8393857898897742,0.5321081714668453,1.7221189097375564,0.7345919568646979,-0.6861679536479528,-0.1814488568222548,False,d2_d0002_p0286_t0000
d2_d0002_p0287_t0000.png,0.9661579458555534,22.444368811735792,1.0,0.9999999958847713,22.17138665678387,0.4263985986467166,75303,14,1307,2252,97,2.3252421079109546,93.35714285714286,7951,9244,16637.102299751492,4.101568438619687,0.07501912258820771,-0.0153521571685854,0.36613862750652715,26152.11534500122,0.7083035043528216,14,1307,-1293,2252,97,2.3252421079109546,93.35714285714286,14,309,7951,9244,5602,1.7997730743997058,4.101568438619687,16637.102299751492,0.07501912258820771,283505,3.764856645817564,4.780686028445082,600x600,360000,dense,Learned,8151,14,58,74208,26.353989439446906,0.7767484201287903,24.80688661850174,0.9815101030241388,0.6338613724934729,0.3733225047512184,1980,6268,0.0,40,75236,29.86292385033677,0.9055667037504492,0.9927171829740042,28.97191868956916,0.33653050870256485,0.6320931215015314,729,20.055911360697223,0.24349685440240665,0.8935447276589633,17.281653569869373,0.9999729547724792,0.5790628155657949,-2.362517806765947,0.6266774911335529,-4.182602782663036,-0.3503498214820737,False,d2_d0002_p0287_t0000
d2_d0002_p0289_t0000.png,0.9757371354413445,22.61923155458126,1.0,0.9997884507300114,23.378097730783516,0.3730928071146523,48432,17,719,1229,69,2.2893652102225888,42.294117647058826,4852,5554,10017.977375249528,4.252341392997465,0.08068916767241076,-0.004121995857702787,0.390767547942655,24418.431758880615,0.6463485688075669,17,719,-702,1229,69,2.2893652102225888,42.294117647058826,19,185,4852,5554,3554,1.8037409750178872,4.252341392997465,10017.977375249528,0.08068916767241076,276794,5.7151057152296,7.433102081268583,600x600,360000,dense,Learned,5052,19,42,47633,25.893880338175435,0.6659099486412957,23.30174390053289,0.9798591312990473,0.609232452057345,0.39023289758854807,1041,2829,0.0,25,47386,27.241621339966976,0.7814779272540572,0.9874990894679583,25.244273800321814,0.3425624629778573,0.59592079069605,1090,22.438968008294925,0.2888636262383525,0.9338542905283996,18.60887119833667,0.9920248799045066,0.5909942488672011,-0.6825123459516327,0.6095555531414634,-2.5157826073919196,-0.2928171415266434,False,d2_d0002_p0289_t0000
d2_d0002_p0290_t0000.png,0.9734393072352765,22.536163345189323,1.0,0.9999800709747444,23.09479652920569,0.3977139982496174,56607,18,946,1596,68,2.3165614872931948,52.55555555555556,5863,6791,12002.499776985143,4.172158337464903,0.07186688537526237,-0.007439093586790513,0.34530386740331487,24747.620582580566,0.7126846953666545,18,946,-928,1596,68,2.3165614872931948,52.55555555555556,18,224,5863,6791,4199,1.7674127193321794,4.172158337464903,12002.499776985143,0.07186688537526237,278898,4.926917165721554,6.359637500662462,600x600,360000,dense,Learned,6063,18,48,55302,26.153901277390304,0.7037159664454566,23.785159253973006,0.980878400822067,0.6546961325966851,0.4069020644396716,1127,3519,0.0,30,55760,28.027013138512224,0.8307586150331834,0.9891061487719995,26.166820362930842,0.38403545151377416,0.647214798730583,1062,21.830404135014515,0.28797453822161473,0.9234334487132835,18.19178260886548,0.9907209861129352,0.6243171739089057,-1.2489959087836837,0.5930780065350728,-3.0591047481846125,-0.30600196819583925,False,d2_d0002_p0290_t0000
d2_d0002_p0292_t0000.png,0.9909321216128564,22.822549910806906,1.0,0.9999716654477769,25.9311287777428,0.4088983310630447,21618,7,339,601,34,2.3535676251331203,48.42857142857143,1878,2210,4556.014206589621,4.165859530401179,0.07112269679606695,0.001404022511707348,0.28842045740135713,19034.916877746582,0.7420231271329645,7,339,-332,601,34,2.3535676251331203,48.42857142857143,7,91,1878,2210,1243,2.061544889859581,4.165859530401179,4556.014206589621,0.07112269679606695,256457,11.863123323156628,16.65278934221482,600x600,360000,sparse,Learned,1998,7,27,21309,27.290149424118958,0.561888755075627,22.31404203560272,0.989528099101149,0.7115795425986429,0.6119322504912185,73,144,0.0,18,20844,27.754143033779947,0.6079656041224677,0.9924805306475454,23.559948381457218,0.6423624709271638,0.7069606299212599,2853,26.21246720408378,0.4032739966254989,0.9827951657612078,20.598528633362527,0.8996157543626746,0.7094634571668794,0.5085078752041845,0.38803941495655847,-1.359020646376159,-0.15299042401258228,False,d2_d0002_p0292_t0000
d2_d0002_p0293_t0000.png,0.9947686590969181,20.529967661231826,1.0,0.9999938249896541,17.099833996414663,0.08003223346745934,16555,4,234,417,36,2.3311735061195105,58.5,1389,1619,2861.062192033348,4.29255302755673,0.04582703399946144,0.016822114404985933,0.9309556983834479,18035.38990020752,0.037726666685864524,4,234,-230,417,36,2.3311735061195105,58.5,4,45,1389,1619,936,1.7671786238624918,4.29255302755673,2861.062192033348,0.04582703399946144,227987,13.77148897614014,21.745696164300817,600x600,360000,sparse,Learned,1509,4,7,14712,17.567254167758307,0.30540945937479097,17.15150929584594,0.9779465446919322,0.06904430161655205,0.24298038315585302,3966,1511,0.0,,,,,,,,,16911,18.030201240233175,0.36875699482062285,0.9829833362281261,18.08977196073412,0.07520373351899967,0.08890918006729907,3.3784583653858853,0.757013441833801,-0.4674201713436439,-0.2253772259073316,False,d2_d0002_p0293_t0000
d2_d0002_p0298_t0000.png,0.9847177762016842,22.736419336476175,1.0,0.9999811002835066,24.387387459667078,0.41131566857215873,37848,11,556,965,53,2.2892781316348194,50.54545454545455,3768,4313,7416.4901833313925,4.079888712258855,0.06922292269287737,-0.0017918520158988205,0.318360511238431,22268.28098297119,0.7213428357089272,11,556,-545,965,53,2.2892781316348194,50.54545454545455,11,139,3768,4313,2750,1.7195664695876054,4.079888712258855,7416.4901833313925,0.06922292269287737,272900,7.210420629887973,9.511731135066583,600x600,360000,dense,Learned,3968,11,40,37552,27.035347069327123,0.6435010210211805,23.238897425668277,0.986509628217583,0.681639488761569,0.597195661695108,230,833,0.0,26,37824,28.067943611308447,0.7460230555940245,0.9908847790491864,24.866876069000135,0.488411652922092,0.672639352910146,1381,24.185979429256726,0.3647018591468129,0.9609200059339811,19.149182167706748,0.9968126691244984,0.6642010335393657,-0.5024780891921026,0.40278543858839866,-2.6479596096600453,-0.23218535244902172,False,d2_d0002_p0298_t0000
d2_d0002_p0299_t0000.png,0.9829312736337943,24.79116753467047,1.0,0.999610477230193,26.22303815864602,0.5524806432133946,38402,17,638,1089,72,2.291480873034499,37.529411764705884,4261,4882,8231.475031429769,4.057617469842208,0.06537122094446644,-0.004988472084873741,0.4629903864828122,22387.56227493286,0.520848405507516,17,638,-621,1089,72,2.291480873034499,37.529411764705884,17,140,4261,4882,3100,1.68608665125557,4.057617469842208,8231.475031429769,0.06537122094446644,262890,6.845737201187438,9.37451174417999,600x600,360000,dense,Learned,4461,17,55,37755,29.79114731919642,0.7307585402591892,26.145522798428825,0.987919745718668,0.5370096135171878,0.45164481232712395,649,1770,0.0,47,37896,31.461003043498867,0.8066499952524291,0.993893610787889,29.02506546867351,0.38876672207469265,0.5310030285114444,1443,26.687600761458125,0.5171275188301588,0.9657396310075885,22.047816907272612,0.9944322776960683,0.5232764442613006,-1.3543552637583538,0.5479656649030691,-3.5681091605503994,-0.17827789704579455,False,d2_d0002_p0299_t0000
d2_d0002_p0300_t0000.png,0.9729582933720228,25.16627500815464,1.0,0.9999996945343708,24.760549614333996,0.5299572661716466,54654,12,875,1515,77,2.27713551701991,72.91666666666667,6228,7091,12867.919670396657,3.92712562012994,0.07899936691590653,-0.010949558581066943,0.5051664042180506,24905.65538406372,0.5179249300964761,12,875,-863,1515,77,2.27713551701991,72.91666666666667,14,210,6228,7091,4636,1.8146833550128711,3.92712562012994,12867.919670396657,0.07899936691590653,269546,4.931862260767739,6.586892084751345,600x600,360000,dense,Learned,6428,14,64,54104,29.55701220497197,0.7715452194282703,27.346532979894683,0.9839078519530897,0.4948335957819494,0.3125066590805161,1499,2980,0.0,51,53724,31.483544956168657,0.8627106107435124,0.9907280141330252,29.709238705466404,0.2920895935804616,0.49207154414658677,1034,24.675790403280402,0.4448856708670886,0.9400923718721124,21.326629310858067,0.9896147465966626,0.4542518111205755,-2.180257971740044,0.6874930354538547,-4.796462590637972,-0.24158795325662363,False,d2_d0002_p0300_t0000
d2_d0002_p0301_t0000.png,0.9801345382007499,22.218624604252124,1.0,0.9999961790061537,23.836273138100932,0.4053531778597809,46603,12,797,1330,36,2.331223628691983,66.41666666666667,4740,5525,9474.295011630167,4.141865053534005,0.06902825543069453,-0.004598563207963258,0.27055257444803993,21935.68730354309,0.8107360603884296,12,797,-785,1330,36,2.331223628691983,66.41666666666667,12,214,4740,5525,3374,1.7148045269918608,4.141865053534005,9474.295011630167,0.06902825543069453,272092,5.83850825054181,7.724824582108448,600x600,360000,dense,Learned,4940,12,44,46585,26.42959227045882,0.6714872619248091,23.197637772411465,0.9847331014087132,0.7294474255519601,0.4101905740383456,724,1723,0.0,27,46252,27.66905073752898,0.7887176135945374,0.9896920106011722,24.82165367614195,0.4338688443822363,0.7224825960642438,1072,22.85833120543451,0.32878607903852075,0.9451404535464586,18.34729777412818,0.9999162353937935,0.6820231596567274,-0.9790131681593408,0.5898056049678081,-2.5933191323578875,-0.2661340840650282,False,d2_d0002_p0301_t0000
d2_d0002_p0302_t0000.png,0.9857048763646272,22.997796238270084,1.0,0.99852459614905,23.24815639889596,0.3167926521767345,34372,17,487,843,63,2.267882587631804,28.647058823529413,3509,3979,6805.0967422698495,3.951340722983364,0.06920231342602803,0.001027066975131885,0.5935487541244737,20472.100973129272,0.4158089174934362,17,487,-470,843,63,2.267882587631804,28.647058823529413,17,117,3509,3979,2603,1.7102530138903793,3.951340722983364,6805.0967422698495,0.06920231342602803,282352,8.214593273594787,10.47364133597114,600x600,360000,dense,Learned,3709,17,30,33350,25.364680350213767,0.5845640859641602,22.766767147288142,0.9846778093894953,0.4064512458755262,0.3601641307041038,975,1826,0.0,16,33990,25.979621495171756,0.6783658866319244,0.9884604501074435,23.707183000536975,0.29211755003315665,0.4000227985180963,1769,23.62717940941807,0.28661461864797305,0.968816308261438,20.260984616430193,0.9875992707795566,0.3967807813083291,0.23102909098194147,0.6383604654449462,-2.116523951317806,-0.2677714337874257,False,d2_d0002_p0302_t0000
d2_d0002_p0303_t0000.png,0.9848052206083933,22.238737050353713,1.0,0.9988917798288798,23.88087375850642,0.3403466896030071,36306,16,600,999,38,2.335728657660247,37.5,3479,4063,6782.025104492666,4.26548366685063,0.062168361743196184,0.00017819933623031137,0.27563568153397244,22724.482774734497,0.7513419990240007,16,600,-584,999,38,2.335728657660247,37.5,16,142,3479,4063,2442,1.6692161221985324,4.26548366685063,6782.025104492666,0.062168361743196184,249374,6.868671844874125,9.91571641051066,600x600,360000,dense,Learned,3679,16,33,36181,25.76181107297895,0.6063753635814697,22.17373142879234,0.984627021272163,0.7243643184660276,0.5116042377002389,267,810,0.0,18,36006,26.653264492668885,0.6887545587223974,0.9900302954928876,23.872705836131644,0.43423214131187604,0.7066339781014315,1453,23.15675089698003,0.29520841887477567,0.9569239436172724,18.21530834745229,0.863629652701791,0.7123492177236355,0.06500562156137235,0.4872875421286409,-1.8809373144725292,-0.2660286739784626,False,d2_d0002_p0303_t0000
d2_d0002_p0304_t0000.png,0.976604145989795,22.556846128641183,1.0,0.9999991802658154,23.149276818748238,0.4228748599890856,57590,14,1114,1866,52,2.374914792092706,79.57142857142857,5868,6968,12506.542633034822,4.065519014303589,0.0788574566011407,-0.007613891754935653,0.3149336070305985,23755.662202835083,0.7425831936516123,14,1114,-1100,1866,52,2.374914792092706,79.57142857142857,14,262,5868,6968,3950,1.794853994407929,4.065519014303589,12506.542633034822,0.0788574566011407,280725,4.874544191699948,6.251085257857267,600x600,360000,dense,Learned,6068,14,51,56683,26.569660244686983,0.7199063009732354,24.068611505403762,0.9842180377447306,0.6850663929694015,0.4626529465055824,828,2973,0.0,33,56554,28.50689568854666,0.8426958120690785,0.990926348060964,26.475252737872083,0.4081196390880114,0.6780375867161024,1089,21.57313566635395,0.3101801095195253,0.9287398484639953,17.804890134665474,0.9936781917737683,0.6416459482557688,-1.511765376762579,0.5373462337602329,-3.420383425938745,-0.2970314409841498,False,d2_d0002_p0304_t0000
d2_d0002_p0305_t0000.png,0.9695661373991367,22.75983130159961,1.0,0.9999999999997738,22.742878237994468,0.42215953113035737,66432,8,1059,1850,81,2.299217081850534,132.375,7025,8076,14433.88996286756,4.102927302211205,0.07517979325026934,-0.012354787401215095,0.4077215810485848,25135.660409927368,0.6187120311143969,8,1059,-1051,1850,81,2.299217081850534,132.375,8,262,7025,8076,5094,1.7872573009988935,4.102927302211205,14433.88996286756,0.07517979325026934,281076,4.23103323699422,5.41907514450867,600x600,360000,dense,Learned,7225,8,56,64999,26.62386554641738,0.7496012731583124,24.748578559462032,0.9819209248003518,0.5922784189514152,0.4880971725266723,1212,5390,0.0,38,65446,29.244812579683,0.8795099936124062,0.9910528901160799,27.75941842257247,0.4136046851768824,0.5884146576812332,701,21.042082753882617,0.26587464069499606,0.9096617240096111,17.96761952989137,0.9999979700512266,0.5422758793550004,-1.9887472578624212,0.5119028274731016,-3.880987308422913,-0.327441742027955,False,d2_d0002_p0305_t0000
d2_d0002_p0306_t0000.png,0.9806081261276586,22.426734956236302,1.0,0.9999980251142314,23.816067340128036,0.45385710116907474,49819,12,841,1389,29,2.33603567085529,70.08333333333333,4934,5763,9952.09862328322,4.244602986927403,0.06735907598155183,-0.00554782182906266,0.24798324542351846,23485.33034324646,0.770267232602113,12,841,-829,1389,29,2.33603567085529,70.08333333333333,12,208,4934,5763,3516,1.7268954751488903,4.244602986927403,9952.09862328322,0.06735907598155183,271376,5.44723900519882,7.2261586944739955,600x600,360000,dense,Learned,5134,12,48,49050,27.07560354908938,0.7016234804952164,23.716169057162105,0.9861559479567212,0.7520167545764815,0.6731396365004252,270,1312,0.0,32,49014,28.735670985593202,0.8159694583301249,0.9920123505173403,26.05440610579114,0.6146576767304599,0.7501979568259408,1084,21.905345334465597,0.3567754444729438,0.9353316410669708,17.309303856946904,0.9989545766263174,0.7053794086213039,-1.2894341009258028,0.32685838861380623,-3.259536208961343,-0.24776637932614165,False,d2_d0002_p0306_t0000
d2_d0002_p0307_t0000.png,0.9745280433023596,23.116669165433397,1.0,0.9999956673592694,23.561610972497533,0.416278148449893,53492,15,1001,1667,69,2.3500798863838095,66.73333333333333,5633,6619,11561.504827618985,4.05154386219368,0.07042454702149817,-0.007491198692564871,0.425815140789927,23175.53210258484,0.6049373093111818,15,1001,-986,1667,69,2.3500798863838095,66.73333333333333,15,236,5633,6619,3897,1.7467147344944425,4.05154386219368,11561.504827618985,0.07042454702149817,282552,5.282135646451806,6.7299783145143195,600x600,360000,dense,Learned,5833,15,51,52990,26.984110169083593,0.7108141424786866,24.537100741851585,0.9820192419949245,0.574184859210073,0.36764748957850535,1064,2612,0.0,33,52924,28.59042540825946,0.8267376180728528,0.9890069738738196,26.524316068667737,0.3313119307417338,0.5693677741901885,1069,22.476563893202464,0.32416975587539,0.9308637844483456,18.74867566810086,0.9934331058193978,0.5412014623060962,-1.4204315764181885,0.632348177780764,-3.4224991965860596,-0.29453599402879355,False,d2_d0002_p0307_t0000
d2_d0002_p0308_t0000.png,0.9847634586903904,23.51608688527561,1.0,0.9999999966856357,25.246508594729768,0.5083755661629404,43925,8,823,1376,30,2.3376139188069596,102.875,4828,5643,9824.92495836691,3.7590742453673505,0.0670662980619456,-0.00485594705712622,0.22455412054120538,22084.21277999878,0.8173620762095601,8,823,-815,1376,30,2.3376139188069596,102.875,8,217,4828,5643,3422,1.7410818639671712,3.7590742453673505,9824.92495836691,0.0670662980619456,270903,6.167398975526465,8.19578827546955,600x600,360000,dense,Learned,5028,8,53,43542,28.736448968953106,0.7156825748097067,24.992050016364857,0.9896194057475166,0.7754458794587946,0.903028032135595,102,1171,0.0,40,42358,30.24695859015564,0.8048839202213081,0.9941508709294844,27.436009302833764,0.8651725408689929,0.7692967541320098,1451,24.490332704961965,0.45112993358896586,0.9591585948499712,19.410367496014786,0.9993062045165572,0.7478700043917436,-1.475963131089248,0.09697196455004065,-3.4899403742233375,-0.2073070086467662,False,d2_d0002_p0308_t0000
d2_d0002_p0309_t0000.png,0.9851544032761897,22.382968652273387,1.0,0.9999975514143847,24.43643169323808,0.4390288053000191,41309,9,670,1119,30,2.32641975308642,74.44444444444444,4050,4711,8138.095300784123,4.12972071212015,0.06776557513264654,-0.002688027915552671,0.23406944493206472,22261.303663253784,0.8159817695581755,9,670,-661,1119,30,2.32641975308642,74.44444444444444,10,173,4050,4711,2901,1.7274666314549088,4.12972071212015,8138.095300784123,0.06776557513264654,265176,6.419327507322859,8.71480791110896,600x600,360000,dense,Learned,4250,10,42,40707,27.142536508753686,0.668445071692849,23.169663798698956,0.9878424311917424,0.7659305550679353,0.767071745489251,121,673,0.0,28,39898,28.325717937636416,0.7638959604380338,0.9925398402006457,25.204867411447296,0.6832379822748469,0.7609292724314679,1449,23.187472950379103,0.38472786428315753,0.9538226090038445,17.754008639439817,0.9692310741727753,0.7291849545356676,-0.7866951464255685,0.2329258059251338,-2.706104815515605,-0.22941626639282986,False,d2_d0002_p0309_t0000
d2_d0002_p0310_t0000.png,0.9731345957224309,21.044135410326007,1.0,0.9999999999934325,19.99562664661988,0.31264074173058,70110,9,977,1688,86,2.2828755113968437,108.55555555555556,6844,7812,14015.658289999907,3.831243063782057,0.07269908264819924,-0.004729295277333345,0.44734216901809887,24089.635133743286,0.6553605548867364,9,977,-968,1688,86,2.2828755113968437,108.55555555555556,9,216,6844,7812,5070,1.7941190847413577,3.831243063782057,14015.658289999907,0.07269908264819924,271105,3.8668520895735274,5.134788189987163,600x600,360000,dense,Learned,7044,9,40,69182,23.039340674013964,0.7337402503210391,21.756757886887435,0.9778638909997642,0.5526578309819011,0.23386968811400188,3995,7989,0.0,20,69522,26.381345910687028,0.8766747310783847,0.9926270540377108,26.537936104889845,0.15587850526159464,0.5341885759196816,729,18.657721689886934,0.14344840728918465,0.9047328251023702,15.961646129558392,0.9999998107127246,0.5515963534165311,-0.7126224765614282,0.7661303118794306,-3.043714027394085,-0.4210995085904591,False,d2_d0002_p0310_t0000
d2_d0002_p0311_t0000.png,0.9782105580933178,21.164114320145238,1.0,0.999999947685905,21.094347395747796,0.28302291029925364,54874,9,756,1290,50,2.286536248561565,84.0,5214,5961,10237.451870301513,3.961600083133294,0.07053870639292732,-2.9408156443366806e-07,0.38072503419972636,23031.29506111145,0.662937524369395,9,756,-747,1290,50,2.286536248561565,84.0,10,179,5214,5961,3874,1.7174051116090134,3.961600083133294,10237.451870301513,0.07053870639292732,266195,4.8510223420927945,6.56048401793199,600x600,360000,dense,Learned,5416,10,34,53617,23.156942942173742,0.6593392985826441,21.089803230574816,0.9782108521748822,0.6192749658002736,0.3291607323421948,1369,3883,0.0,17,54764,25.545607121707175,0.8073688052300678,0.9922603943476613,25.528750766281778,0.15237203800043064,0.5928616220735786,1081,19.84922267239068,0.17582963499361504,0.9255027783448898,16.287311546621297,0.9846196824268213,0.6309555014666417,0.07431108957042198,0.6708392153437103,-2.0625955464259462,-0.3763163882833904,False,d2_d0002_p0311_t0000
d2_d0002_p0312_t0000.png,0.9781719780402246,21.69847395496552,1.0,0.9999977621612464,21.938018077139372,0.29475610846687145,48626,12,640,1134,62,2.257693885925318,53.333333333333336,4874,5502,9523.18332092097,3.993485994621726,0.07260349367819594,2.4860492648937083e-06,0.3902572523262179,23325.040340423584,0.6387304480771493,12,640,-628,1134,62,2.257693885925318,53.333333333333336,12,155,4874,5502,3678,1.7308584734498063,3.993485994621726,9523.18332092097,0.07260349367819594,250262,5.1466705054908894,7.403446715748776,600x600,360000,dense,Learned,5074,12,34,47740,24.000892166594387,0.638260169321321,21.63143681622508,0.9781694919909597,0.6097427476737821,0.533180495491844,651,3577,0.0,17,48368,25.7503340002928,0.7612877509645792,0.9904840020946943,25.07077826349437,0.24564668953699453,0.5859445554308859,1088,20.882237468238856,0.1995159347765944,0.9310080615379033,17.121335052624534,0.982888422537942,0.6177523356636128,0.06703713874044226,0.4668172666694024,-2.062874089455015,-0.34350406085444957,False,d2_d0002_p0312_t0000
d2_d0002_p0313_t0000.png,0.9738205554559493,22.608477318614987,1.0,0.9999999922701921,23.214084622580884,0.4074486855993528,58363,9,1133,1905,70,2.3702849612913854,125.88888888888889,6071,7195,13006.473824383282,4.128544844663668,0.07520861220026213,-0.00895265513232646,0.32212286784675337,25958.19401741028,0.7277744717097817,9,1133,-1124,1905,70,2.3702849612913854,125.88888888888889,11,263,6071,7195,4096,1.8077100520337568,4.128544844663668,13006.473824383282,0.07520861220026213,277047,4.7469629731165295,6.168291554580813,600x600,360000,dense,Learned,6271,11,52,58079,26.581971941761147,0.7175560711919335,24.23288997072015,0.9827732105882757,0.6778771321532466,0.537508435670515,701,3424,0.0,33,57440,28.512352654370666,0.8423700416192522,0.9902005787562692,26.660542779301668,0.44472716302926196,0.6740484060134343,1095,21.880728234942683,0.2985955777799609,0.9258641401215838,18.219603067821527,0.9924433955259745,0.6475555555555556,-1.624412652105164,0.4624915565996771,-3.3678873191802623,-0.3101073855925807,False,d2_d0002_p0313_t0000
d2_d0002_p0314_t0000.png,0.9795937069137305,22.430682963448238,1.0,0.997366019975122,22.21990558936318,0.3229131751945942,43648,26,684,1206,77,2.35,26.307692307692307,3760,4418,9739.53642262632,4.0826711248210135,0.08278913286364646,6.713350810083618e-05,0.46505740606518975,22697.455644607544,0.6169909943951131,26,684,-658,1206,77,2.35,26.307692307692307,27,159,3760,4418,2477,2.204512544732054,4.0826711248210135,9739.53642262632,0.08278913286364646,282627,6.475142045454546,8.247800586510264,600x600,360000,sparse,Learned,3880,27,34,43185,24.693666371486458,0.6299387611649347,22.408680307273222,0.9795265734056297,0.5349425939348103,0.3491857538180704,1322,2841,0.0,17,43226,25.833555476167966,0.735029257227315,0.9878035377096197,24.401579815903744,0.307951920805133,0.5231129192049071,1444,21.951204517488602,0.25632000148647294,0.9458736296467497,18.661431744347873,0.9522033631143134,0.5097482196365335,0.02200265617501529,0.6481802661570516,-2.4737607821232785,-0.3070255859703405,False,d2_d0002_p0314_t0000
d2_d0002_p0315_t0000.png,0.9789105437309195,23.08941199082563,1.0,0.9998605625907836,23.81200299412994,0.40211593244805116,42880,18,853,1448,54,2.422463951429294,47.388888888888886,3953,4788,10464.967200898525,4.00377002273244,0.08241744830365667,-0.0030160189921047964,0.37150014736221637,22476.52816772461,0.7206031802965088,18,853,-835,1448,54,2.422463951429294,47.388888888888886,19,208,3953,4788,2451,2.185665664348032,4.00377002273244,10464.967200898525,0.08241744830365667,263705,6.149836753731344,8.395522388059701,600x600,360000,sparse,Learned,4073,19,41,42625,26.517960640647324,0.6628343261653963,23.66896484660909,0.9819265627230243,0.6284998526377836,0.2755790779445345,1385,1986,0.0,26,42866,27.553562450394825,0.7666767613111827,0.9874923180495423,25.154897656117818,0.2596358764552953,0.6152515531733463,1454,23.40879763552573,0.3403343245826765,0.9481236842118784,19.464967174859513,0.934368774886954,0.6140444858507046,-0.5795528557834579,0.7242814846462491,-2.7059576465173834,-0.2607183937173451,False,d2_d0002_p0315_t0000
d2_d0002_p0316_t0000.png,0.9777719624874677,23.161622074150753,1.0,0.9998673264618541,23.754450989293083,0.44326332183240597,53846,21,911,1517,55,2.314765694076039,43.38095238095238,5655,6545,11613.434329772463,3.957914327415716,0.07238258084826549,-0.007703407584758404,0.30119598855201624,23074.799060821533,0.7786931188654406,21,911,-890,1517,55,2.314765694076039,43.38095238095238,21,221,5655,6545,4083,1.774397911347925,3.957914327415716,11613.434329772463,0.07238258084826549,271880,5.049214426326932,6.685733387809679,600x600,360000,dense,Learned,5855,21,54,53820,27.46429374792684,0.7203591091538499,24.810572863993574,0.9854753700722261,0.6988040114479838,0.5649398851008484,546,2665,0.0,36,53356,29.087068361965684,0.8328929241666891,0.9906734330397124,26.75212327520322,0.46122940386232913,0.6929238522354246,1096,22.68791010258596,0.3456277980153546,0.9365562710310492,18.69373151480235,0.9828465430723192,0.6573374322189488,-1.6489507898428215,0.4349274413610057,-3.709842758633755,-0.27709578732144396,False,d2_d0002_p0316_t0000
d2_d0002_p0317_t0000.png,0.9856118763248694,21.520305187637355,1.0,0.9994719132560671,22.743947383040787,0.3039077156632971,39874,16,601,1023,46,2.298469387755102,37.5625,3920,4505,7443.90792545189,4.038718818432215,0.062187437458702956,0.0012908680051653132,0.2974466319680169,21862.80345916748,0.7259682390122294,16,601,-585,1023,46,2.298469387755102,37.5625,16,146,3920,4505,2851,1.6523657992124,4.038718818432215,7443.90792545189,0.062187437458702956,266400,6.681045292671916,9.02843958469178,600x600,360000,dense,Learned,4120,16,31,39069,24.564094084179594,0.6009902499092707,21.101693506003976,0.984321008319704,0.7025533680319831,0.7268245525705892,195,1417,0.0,15,39432,25.810614534121996,0.6935082928016294,0.9920168483734724,23.83417194287276,0.5065003769094454,0.6881811032468262,1446,22.084479650523786,0.25022603489586553,0.9554262237456341,17.26763593391299,0.9079621667562986,0.7019064754738927,0.41861168163337936,0.2726473606854779,-1.8201467011388068,-0.29708253424597364,False,d2_d0002_p0317_t0000
d2_d0002_p0318_t0000.png,0.9799272949473035,24.372753279389574,1.0,0.9999900092026517,26.024991883975368,0.5718964955959204,42918,12,833,1355,54,2.355873428695275,69.41666666666667,4614,5435,9407.48745288013,4.25527961371934,0.06796197518116055,-0.007441046554630626,0.2956277796784126,25343.64938735962,0.7278158570678473,12,833,-821,1355,54,2.355873428695275,69.41666666666667,13,191,4614,5435,3205,1.7309084549917255,4.25527961371934,9407.48745288013,0.06796197518116055,267204,6.225919194743464,8.388088913742486,600x600,360000,dense,Learned,4814,13,58,42608,29.939834888066414,0.7516539482373579,26.14436493903923,0.9873683415019341,0.7043722203215874,0.506891982757513,370,1091,0.0,49,42446,31.7268169397968,0.8236207504666351,0.993960799355702,29.352718082289158,0.4465352548517949,0.6986853207762868,1450,25.434886981808575,0.5192453606093071,0.9516082950410304,20.490986419687168,0.9928564002394644,0.6690404360830216,-1.7716116596496576,0.49309802644513867,-3.914843004091047,-0.1797574526414375,False,d2_d0002_p0318_t0000
d2_d0002_p0319_t0000.png,0.9774818304956551,22.686660513228038,1.0,0.9999999989000488,23.1303642531067,0.44277761520984427,57753,9,961,1659,75,2.3085899513776336,106.77777777777777,6170,7122,12697.08415643627,3.8282332839803526,0.07612200985735645,-0.008032329758420387,0.3395603292511544,24882.10105895996,0.6949876095874722,9,961,-952,1659,75,2.3085899513776336,106.77777777777777,10,217,6170,7122,4436,1.7827975507492129,3.8282332839803526,12697.08415643627,0.07612200985735645,274493,4.7528786383391335,6.233442418575659,600x600,360000,dense,Learned,6370,10,53,57236,26.91100768461527,0.7246771415780997,24.37214291033762,0.9855141602540755,0.6604396707488456,0.9219508612493662,240,4311,0.0,35,57654,28.914348895734467,0.8487261242498173,0.9913291820174,26.677323652820558,0.8006114808314648,0.6563592657342657,1086,22.009722663242883,0.3293878497863878,0.9322207605488285,18.137015124738607,0.999999765700744,0.631541152642239,-1.6854823971095811,0.07804913765068255,-3.7806434315085724,-0.28189952636825544,False,d2_d0002_p0319_t0000
d2_d0002_p0320_t0000.png,0.9805311490385703,24.492523033970407,1.0,0.9998844092411256,25.35794807409999,0.5912973079670052,54300,21,975,1633,50,2.319490957803081,46.42857142857143,5972,6926,12365.34605454387,3.855755075163595,0.07496242270604042,-0.009172895305603168,0.267994452149792,23720.43466567993,0.7846752469320563,21,975,-954,1633,50,2.319490957803081,46.42857142857143,22,265,5972,6926,4289,1.785351726038628,3.855755075163595,12365.34605454387,0.07496242270604042,268798,4.9502394106814,6.629834254143646,600x600,360000,dense,Learned,6172,22,65,53499,30.123319027360914,0.7895083695540372,27.01045280964931,0.9897040443441735,0.732005547850208,0.5257357229017914,424,1316,0.0,57,53898,32.2871646511205,0.8725544872321029,0.9948099231646538,30.007902671107175,0.43733289535321307,0.7239770437220713,1090,23.159005276702686,0.47927717587060487,0.9420700481553623,18.934311827227248,0.9939184762644322,0.6642077607113985,-2.517929775678901,0.47414868633933427,-4.765370953260923,-0.19821106158703206,False,d2_d0002_p0320_t0000
d2_d0002_p0321_t0000.png,0.9784002522054006,24.743045804636957,1.0,0.9999992644642316,25.156231561021237,0.5798871704505495,56143,14,1071,1801,57,2.3345466054755497,76.5,6319,7376,13183.601609799458,3.8336257500859032,0.07374314318856715,-0.010649849956500979,0.3038243857755095,25138.032913208008,0.7385187276491624,14,1071,-1057,1801,57,2.3345466054755497,76.5,15,261,6319,7376,4461,1.7873646434109367,3.8336257500859032,13183.601609799458,0.07374314318856715,267685,4.767914076554512,6.4121974244340345,600x600,360000,dense,Learned,6519,15,67,55739,30.276314869459277,0.7922327118947777,27.467711173034864,0.9890501021619016,0.6961756142244905,0.3999228284593245,703,1573,0.0,58,55358,32.40217951718333,0.8755342957720247,0.9942237696525327,30.305208044879887,0.3821355277222228,0.6912995162766374,1067,23.669177107237736,0.47365670497771184,0.9397077083207392,19.746404010693293,0.9764720268139254,0.6311821952776006,-2.7246653683979076,0.6000764360049071,-5.120083308438041,-0.21234554144422824,False,d2_d0002_p0321_t0000
d2_d0002_p0322_t0000.png,0.9895559101676016,23.041710852075333,1.0,0.9999927704468836,24.16985250445002,0.5608346189817541,50989,15,941,1581,30,2.3498299962221383,62.733333333333334,5294,6220,11192.688593803075,3.492961005395342,0.08073158103691344,-0.00457914639943513,0.21157738689169536,20408.07604789734,0.848652554228351,15,941,-926,1581,30,2.3498299962221383,62.733333333333334,15,236,5294,6220,3683,1.7994676195824417,3.492961005395342,11192.688593803075,0.08073158103691344,260064,5.100394202671164,7.060346349212575,600x600,360000,dense,Learned,5494,15,59,50216,29.183171085470093,0.758697215299282,25.377680255405846,0.9941350565670367,0.7884226131083046,0.8526792147436482,70,328,0.0,48,50898,31.406056362567973,0.8490070403647543,0.9974133150478451,28.975472974513462,0.8537277568157101,0.7875730973350596,1067,21.75973389953193,0.44825772740498143,0.9586894383564535,16.640064598458554,0.9916637587791095,0.7016823755954191,-2.3359694033305125,0.14731355570323545,-5.013318581020073,-0.1978625963175279,False,d2_d0002_p0322_t0000
d2_d0002_p0323_t0000.png,0.9866242665099066,23.665999272111872,1.0,0.9999998996443494,24.565904874606304,0.5327562490231443,50003,11,796,1340,30,2.2890812005155587,72.36363636363636,5431,6216,10770.096531242232,3.5936094596885972,0.07132203155914965,-0.005339259950701836,0.2603012335582362,22736.908197402954,0.7841426293665749,11,796,-785,1340,30,2.2890812005155587,72.36363636363636,11,192,5431,6216,4061,1.732641012104569,3.5936094596885972,10770.096531242232,0.07132203155914965,268031,5.360298382097074,7.1995680259184445,600x600,360000,dense,Learned,5631,11,59,49997,29.12138892751674,0.7495854509560798,25.703935907213143,0.9919635264606085,0.7396987664417638,0.7714977336523939,153,967,0.0,45,49332,30.938856181564837,0.8395430723821748,0.9956661356123235,28.505641189633405,0.7459946629051741,0.7375224514232842,1013,22.581050538190222,0.43681773959026504,0.956801617987839,17.765168084588762,0.9978253968501081,0.6757835037625367,-2.0379366351012713,0.2285021659919555,-4.555484052910437,-0.21682920193293542,False,d2_d0002_p0323_t0000
d2_d0002_p0324_t0000.png,0.9862251489196415,22.793457747220636,1.0,0.999880476792449,23.205272374054783,0.3959064151109323,41677,15,491,887,76,2.236345580933466,32.733333333333334,4028,4504,8245.596964517932,3.8212200782623404,0.08911107257561064,-0.0014727052842625765,0.40103473762010344,20166.911125183105,0.6614889637111859,15,491,-476,887,76,2.236345580933466,32.733333333333334,15,103,4028,4504,3065,1.8307275676105437,3.8212200782623404,8245.596964517932,0.08911107257561064,272671,6.54248146459678,8.637857811262807,600x600,360000,dense,Learned,4228,15,39,41111,26.38287441796717,0.6524567344570605,23.22544073922808,0.9876978542039041,0.5989652623798966,0.504927739565461,485,1688,0.0,24,41488,27.318897598491347,0.7560613214031054,0.9908615101414945,24.480778070030695,0.4783076148865869,0.5913423993537095,1395,23.151750005385495,0.3394656417991632,0.96218010711767,18.651887221655823,0.9672875650609802,0.5697571127636354,-0.4319829920074447,0.49495273722698796,-3.177602043912387,-0.25655031934612826,False,d2_d0002_p0324_t0000
d2_d0002_p0325_t0000.png,0.9835447260038975,24.06586103877394,1.0,0.9991858234579348,23.96986146817472,0.464840247809546,48119,23,649,1117,94,2.242823894491854,28.217391304347824,5156,5782,10331.376171866263,3.6878534270359435,0.08085712387014314,-0.004809910499186332,0.46919884110382803,21586.324453353882,0.5430606022637097,23,649,-626,1117,94,2.242823894491854,28.217391304347824,24,142,5156,5782,3945,1.7868170480570817,3.6878534270359435,10331.376171866263,0.08085712387014314,277744,5.77202352501091,7.481452233005673,600x600,360000,dense,Learned,5356,24,53,47491,28.059895220824945,0.7153313504743049,25.440587413583703,0.9883546365030839,0.530801158896172,0.42081206352299294,842,2179,0.0,37,46060,29.30037897185105,0.8160051770673658,0.9919596176704026,26.970736645984235,0.3640919758917113,0.5239124643976805,1048,23.856193717567425,0.3915416157164338,0.958417755860634,19.952445655491474,0.9933512960186691,0.49347661482905236,-1.3747263748097645,0.5783737599349419,-4.090033752650225,-0.2504911026647588,False,d2_d0002_p0325_t0000
d2_d0002_p0326_t0000.png,0.987530761789131,21.925037280797127,1.0,0.9997539559566379,23.62835358719409,0.2828147031759881,25981,10,411,698,31,2.360773729194782,41.1,2223,2624,5080.006635060626,4.56873464310861,0.062414815638363375,0.004876964666243211,0.2552439952179111,22488.105297088623,0.7560325516772053,10,411,-401,698,31,2.360773729194782,41.1,10,93,2223,2624,1494,1.9359781383615315,4.56873464310861,5080.006635060626,0.062414815638363375,267586,10.299295639120896,13.856279588930372,600x600,360000,sparse,Learned,2343,10,22,25589,24.515393903499636,0.5163989616985994,20.738962696372056,0.9826537971228878,0.7447560047820889,0.5796715081703845,128,302,0.0,9,24438,24.966470672485237,0.5450737369483504,0.9888986530560226,22.106750409153854,0.5232910092733298,0.7265879037502709,2137,23.227612084321198,0.25862991017663245,0.9677762081675642,18.61224476115211,0.7824778393188704,0.7449623176011545,1.1860745844250715,0.42008244778625337,-0.8870403163055443,-0.23358425852261133,False,d2_d0002_p0326_t0000
d2_d0002_p0327_t0000.png,0.9808717701342414,23.724046941954697,1.0,0.9987963540057035,24.720958153086112,0.4714995548469412,48105,25,801,1354,82,2.3081810961080222,32.04,5036,5812,10234.18484299678,3.8813715587067548,0.07434943354584422,-0.005732563177062833,0.3669468498438254,22266.81876182556,0.6758795010980815,25,801,-776,1354,82,2.3081810961080222,32.04,25,182,5036,5812,3600,1.760871445801199,3.8813715587067548,10234.18484299678,0.07434943354584422,275940,5.736202057998129,7.483629560336763,600x600,360000,dense,Learned,5236,25,53,47656,28.12635690087619,0.7134302232710269,25.17827876528813,0.9866043333113043,0.6330531501561746,0.3562907198500881,866,1838,0.0,37,47348,29.514339393115062,0.8157319794823882,0.9915313852121056,27.009970072057385,0.30966632048063225,0.6258004453558443,1079,23.21162270526758,0.3863554664456856,0.9457973763209216,18.777313765521754,0.9531123047800115,0.5907674234614371,-1.4542318233334335,0.6425056341556155,-3.405398747790077,-0.24193066842408567,False,d2_d0002_p0327_t0000
d2_d0002_p0328_t0000.png,0.9749030246514417,22.32438601585148,1.0,0.9999991660920873,22.65402001309701,0.3691776831266784,58151,14,915,1593,80,2.3079815416168175,65.35714285714286,5851,6752,12124.580649478365,4.086482173865564,0.08141816542276543,-0.005931173809247681,0.3497016087182149,24034.019231796265,0.7107522311942202,14,915,-901,1593,80,2.3079815416168175,65.35714285714286,14,225,5851,6752,4178,1.795702110408472,4.086482173865564,12124.580649478365,0.08141816542276543,278423,4.787931419923991,6.19077917834603,600x600,360000,dense,Learned,6051,14,45,56876,25.440717724826488,0.7003873831411134,23.337983321119943,0.9808341984606894,0.6502983912817851,0.296127892756302,1778,3494,0.0,26,57412,27.42612201538918,0.8306431710997585,0.9897136494399893,25.953538758316476,0.2450578718417037,0.6343067780990816,1043,21.047252425840615,0.24856678870206877,0.9200661590588728,17.408865923706244,0.9952932140856686,0.6322065451695081,-1.013597305268462,0.7038712733357853,-2.7866977117294773,-0.33120970001443495,False,d2_d0002_p0328_t0000
d2_d0002_p0329_t0000.png,0.9756141486116912,23.254037802270627,1.0,0.9999999999994993,23.770165658615355,0.4085353860892577,54248,7,979,1677,67,2.3326488706365502,139.85714285714286,5844,6816,12264.310960167182,3.999373989815911,0.07111992558342657,-0.007105629407472613,0.3746335914599467,22699.607133865356,0.6645051471184242,7,979,-972,1677,67,2.3326488706365502,139.85714285714286,7,239,5844,6816,4100,1.7993413967380976,3.999373989815911,12264.310960167182,0.07111992558342657,282684,5.21095708597552,6.636189352602861,600x600,360000,dense,Learned,6044,7,51,53447,26.837354244228152,0.7056984814452386,24.603693525636015,0.9827197780191638,0.6253664085400533,0.35686160771071573,1247,3191,0.0,32,53096,28.458543248927825,0.8256997176954962,0.9891878697103837,26.485671265041347,0.29522090032813963,0.6127017460300278,1078,22.710776159623784,0.3108251336820173,0.9341590291588925,19.015388794179533,0.9999999135759635,0.6097065485682942,-1.3496557233653874,0.6431383922887836,-3.067188585612797,-0.2971630953559809,False,d2_d0002_p0329_t0000
d2_d0002_p0332_t0000.png,0.9786099361110998,23.081413154518128,1.0,0.9999999999834835,23.462862489073398,0.3399315934397255,44146,6,693,1187,51,2.2991508817766166,115.5,4593,5280,9179.720334123256,4.177283169967324,0.06940092642039519,-0.0023773447580596185,0.4380087740677553,22547.935485839844,0.6465392412395019,6,693,-687,1187,51,2.2991508817766166,115.5,6,160,4593,5280,3355,1.738583396614239,4.177283169967324,9179.720334123256,0.06940092642039519,269884,6.113441761427989,8.154759208082272,600x600,360000,dense,Learned,4793,6,39,43694,25.78289873295735,0.6429311048091623,23.50075092779276,0.9809872808691594,0.5619912259322447,0.22347464276828566,2013,2450,0.0,23,43756,26.881134141301217,0.7560253021693194,0.9879811934538102,25.193502822999406,0.186521830041408,0.5392637236175539,1455,23.293150404459517,0.28269451835420717,0.9497392585827837,19.934855950386886,0.9949414058318495,0.5659590104666737,-0.4193377732746342,0.7765253572151979,-2.3200362438839512,-0.30299951136943676,False,d2_d0002_p0332_t0000
d2_d0002_p0333_t0000.png,0.9803963388874002,22.15872460679918,1.0,0.9999986290409136,22.989179645120423,0.3503136786120811,48613,12,809,1373,62,2.3219551605736215,67.41666666666667,4951,5748,9984.787873377067,4.017158096714517,0.06905963257441575,-0.002710390420570974,0.2947178540938008,24044.394731521606,0.7585865406257033,12,809,-797,1373,62,2.3219551605736215,67.41666666666667,12,186,4951,5748,3516,1.737089052431611,4.017158096714517,9984.787873377067,0.06905963257441575,271212,5.579001501655935,7.405426531997614,600x600,360000,dense,Learned,5151,12,40,48215,25.3495839366056,0.6620043780599061,22.673454919919777,0.9831067293079712,0.7052821459061992,0.399510983945083,915,2746,0.0,22,47514,26.69944679713805,0.7758884362734305,0.9894766735806387,24.650641741421786,0.3186182373003046,0.687964923711788,1092,21.863898955936627,0.2659664920280544,0.9400545714210173,17.775172513704028,0.9926716141588422,0.6918556687946593,-0.514730313120598,0.6004876450958306,-2.360404291485178,-0.31169069944782496,False,d2_d0002_p0333_t0000
d2_d0002_p0334_t0000.png,0.9725256810696499,23.839003018569013,1.0,1.0,24.93672399585181,0.4479942402415813,48513,4,1014,1696,50,2.3804143126177024,253.5,5310,6320,11212.15663123459,4.197864314840787,0.07822257996489067,-0.008273815100946491,0.3727407512002259,23163.864612579346,0.656350593766954,4,1014,-1010,1696,50,2.3804143126177024,253.5,4,229,5310,6320,3564,1.774075416334545,4.197864314840787,11212.15663123459,0.07822257996489067,274330,5.654772947457382,7.4206913610784735,600x600,360000,dense,Learned,5510,4,52,47733,27.81007709762395,0.699816191713644,25.174802453019662,0.9807994961705964,0.6272592487997741,0.4808942546964968,772,2861,0.0,36,48502,29.185157086704365,0.817787952781721,0.9859761856897323,26.557098036160802,0.4302101994327323,0.6151428005914611,1095,24.159151777082425,0.3617733511691707,0.932548147296095,20.278087931401892,0.9999222663425231,0.6199495089916256,-1.3357994344506494,0.5191057453035032,-2.873353101772139,-0.25182195147206266,False,d2_d0002_p0334_t0000
d2_d0002_p0335_t0000.png,0.9768949705274805,23.5850510968014,1.0,0.9999982491070016,24.78678753436717,0.5340216057330329,51866,13,988,1610,26,2.374064837905237,76.0,5213,6188,10942.007352935907,4.296471246300058,0.07478219797395533,-0.008983766589231834,0.17218560032831454,25090.848445892334,0.8709822217990397,13,988,-975,1610,26,2.374064837905237,76.0,13,244,5213,6188,3577,1.7682623388713083,4.296471246300058,10942.007352935907,0.07478219797395533,274992,5.301970462345275,6.940963251455674,600x600,360000,dense,Learned,5413,13,57,50725,28.716957540028872,0.7462801536074678,25.48734590016249,0.9858787371167124,0.8278143996716855,0.823498557441851,122,614,0.0,44,51270,30.649619859775655,0.846684507745293,0.9925112625736353,28.245146049990524,0.7483632717634743,0.8239215836820352,1094,22.252159921786202,0.4242343629985413,0.9303065280590966,17.919293971818643,0.9846674579477037,0.7538915913829048,-1.902294803361091,0.17649969166515067,-3.930170005661701,-0.21225854787443488,False,d2_d0002_p0335_t0000
d2_d0002_p0336_t0000.png,0.977805514118433,24.87280600302473,1.0,0.999999997410152,25.16110367205385,0.6225118135480586,64085,11,1262,2082,63,2.3539397368793322,114.72727272727273,7069,8320,14984.259587276829,3.8567551205461443,0.07824901704371778,-0.01251397583754943,0.22783850956778273,25626.34587287903,0.8024526340356014,11,1262,-1251,2082,63,2.3539397368793322,114.72727272727273,12,307,7069,8320,4924,1.8009927388553202,3.8567551205461443,14984.259587276829,0.07824901704371778,268578,4.190965124444098,5.617539205742373,600x600,360000,dense,Learned,7269,12,71,64019,30.84166934217221,0.8255897993681658,28.252503315100014,0.9903194899559824,0.7721614904322173,0.654107728681716,258,950,0.0,68,63596,33.426937611561954,0.9079103540059742,0.9951523551103671,31.368551245746673,0.5796229257307309,0.7718604721519114,707,20.813020841908,0.4353280829037095,0.916668656204076,17.264319756935752,0.9997871664174047,0.6463065519297947,-3.379697312075283,0.34589226872843604,-5.680565670118359,-0.20307798582010717,False,d2_d0002_p0336_t0000
d2_d0002_p0337_t0000.png,0.9921139934624742,23.427798847017584,1.0,0.9973627010221143,27.011238478682795,0.46938988087043804,19796,10,248,409,22,2.280494991160872,24.8,1697,1935,3581.2429996245683,4.189514659683214,0.05537887817102934,0.0008485025384378231,0.29755893853688165,18938.137531280518,0.7266301326344214,10,248,-238,409,22,2.280494991160872,24.8,10,63,1697,1935,1266,1.8507715760333945,4.189514659683214,3581.2429996245683,0.05537887817102934,264532,13.362901596282077,18.185492018589613,600x600,360000,sparse,Learned,1817,10,28,19253,28.500207180420254,0.593456276401105,23.133512176896343,0.9912654909240364,0.7024410614631184,0.4381039194076246,73,34,0.0,24,18794,29.074270208154033,0.6336726747466713,0.9943922155082768,24.974678627323634,0.33604996916016827,0.700178172030782,3254,27.507414845522604,0.4703129709704068,0.9862967417887892,21.549855016910193,0.6854309663722545,0.6965077920600614,0.29428667012124166,0.5592587816144897,-1.488968701737459,-0.12406639553066695,False,d2_d0002_p0337_t0000
d2_d0002_p0338_t0000.png,0.9824882441057432,26.487779153639085,1.0,0.9931533787734833,26.908676352129703,0.6129373549187509,41069,30,667,1105,66,2.2785308264101443,22.233333333333334,4574,5211,9204.146740994494,4.124385947815236,0.07317487100563926,-0.005589793850768632,0.4193209466932095,21493.38126182556,0.6107044337252847,30,667,-637,1105,66,2.2785308264101443,22.233333333333334,30,163,4574,5211,3403,1.7662918328524997,4.124385947815236,9204.146740994494,0.07317487100563926,255419,6.219265139156055,8.765735713068251,600x600,360000,dense,Learned,4774,30,62,40328,31.27133437995937,0.7803321748308704,28.24156236102789,0.9880780379565118,0.5806790533067905,0.2800147765465353,732,627,0.0,58,40012,32.663313948289485,0.8399464490617343,0.9928404080048829,30.47345443624709,0.2289744188704098,0.5733241852487135,1405,26.53484521384194,0.5645107876472515,0.960764742782818,22.23812082084869,0.8651559513709288,0.5418804103879449,-1.7537832073888033,0.713138602226948,-4.362658027829667,-0.16739481991211946,False,d2_d0002_p0338_t0000
d2_d0002_p0339_t0000.png,0.9871816075007733,24.03123261423829,1.0,0.998046240863797,26.283164028050145,0.5621253699829426,38434,20,717,1198,53,2.3621719927253833,35.85,3849,4546,7965.185709548379,3.938492709334778,0.07094814768662996,-0.0038041651170600543,0.2109604281357298,23040.504455566406,0.827017786641703,20,717,-697,1198,53,2.3621719927253833,35.85,20,177,3849,4546,2598,1.752130600428585,3.938492709334778,7965.185709548379,0.07094814768662996,265106,6.8976947494406,9.366706561898319,600x600,360000,dense,Learned,4049,20,53,38111,29.850245901660188,0.7303965412241429,25.51457804529806,0.9909857726178334,0.7890395718642702,0.5889370893847126,111,152,0.0,46,38102,31.35936283782865,0.8023857728353835,0.9955304921817386,28.62898750134077,0.5513209100190043,0.7855790379649995,1413,24.98539715849205,0.5126380985965041,0.9644468191974579,19.322989413322382,0.8901425242795628,0.7413133682121594,-1.4833454310597673,0.40910915147908444,-3.567081873610043,-0.16827117124120028,False,d2_d0002_p0339_t0000
d2_d0002_p0340_t0000.png,0.9872313859167245,24.67793470499757,1.0,0.9999561928838988,26.551129179529266,0.5853249369948753,40733,13,636,1059,57,2.2864367816091953,48.92307692307692,4350,4973,8589.739966693473,3.768095351717938,0.06668190554100324,-0.00418522457815329,0.2463940833172681,22662.78624534607,0.7863024368532324,13,636,-623,1059,57,2.2864367816091953,48.92307692307692,14,154,4350,4973,3234,1.7272752798498685,3.768095351717938,8589.739966693473,0.06668190554100324,262557,6.445805612157219,8.838042864507893,600x600,360000,dense,Learned,4550,14,57,39694,30.347919875663052,0.7488307820377166,26.33482476448097,0.9914166104948778,0.7536059166827319,0.6171655664919105,131,239,0.0,50,38758,31.829992235397402,0.8123426720294994,0.9955976613459393,29.324788504260106,0.5163437986131811,0.7509677193351199,1452,25.450476401774843,0.5397368118572151,0.9655680523292989,20.111294686931494,0.9021969973040403,0.7183376866921171,-1.656890059483402,0.38279062639198835,-3.7967906961337867,-0.16350584504284127,False,d2_d0002_p0340_t0000
d2_d0002_p0341_t0000.png,0.965105685663428,23.95990084353752,1.0,0.9999997844342782,23.67577706086083,0.5237515737894969,62263,14,939,1632,88,2.2899686520376177,67.07142857142857,6380,7305,13175.717164502912,4.622604625426863,0.07304460234876618,-0.016730203701656565,0.2380777729894279,32037.70089149475,0.8200088339222615,14,939,-925,1632,88,2.2899686520376177,67.07142857142857,14,219,6380,7305,4660,1.80365738049316,4.622604625426863,13175.717164502912,0.07304460234876618,280223,4.500634405666286,5.781925059826864,600x600,360000,dense,Learned,6680,14,63,62206,28.583123916276456,0.7816165109982697,26.372440186400205,0.9818358893650846,0.7619222270105721,0.5755118917331239,505,1673,0.0,47,61650,30.80082427275295,0.8840449873989212,0.9900991097509513,29.037202793611456,0.5144389389320072,0.7590935268897807,722,21.31768493550694,0.4060949983574619,0.9065810901656154,18.3504457129052,0.9999953678989394,0.672866452068776,-2.4125393428626865,0.4244878927011543,-4.907346855415625,-0.2578649372087728,False,d2_d0002_p0341_t0000
d2_d0002_p0343_t0000.png,0.9772741747494984,26.7556360478822,1.0,0.9999136412131493,26.590536989518668,0.646231275934134,47927,20,822,1430,87,2.2848011363636362,41.1,5632,6434,11492.03679018743,4.014912062536248,0.07306316734945412,-0.01006848830935525,0.4867382868998813,24394.785404205322,0.5287622033494722,20,822,-802,1430,87,2.2848011363636362,41.1,20,194,5632,6434,4115,1.7861418697835219,4.014912062536248,11492.03679018743,0.07306316734945412,253841,5.296409122206689,7.511423623427295,600x600,360000,dense,Learned,5832,20,70,47747,32.1739351874581,0.8190719949031102,29.299554724245613,0.9873426630588537,0.5132617131001187,0.4645363234080052,675,1969,0.0,70,45406,33.95640546621629,0.8712610052889642,0.9929099071754948,31.89963013258199,0.40392593581885106,0.5072187577949613,1093,26.560871815475355,0.572911788786784,0.9486229548730603,22.60953064918165,0.8410107865370701,0.465326200698268,-2.5439186763634147,0.5353773178051441,-5.583398197939431,-0.17284071896897624,False,d2_d0002_p0343_t0000
d2_d0002_p0344_t0000.png,0.9782403321568532,25.215209102401673,1.0,0.9999963196400571,25.56425510816061,0.5622043303803625,51659,16,893,1535,89,2.29936849291688,55.8125,5859,6736,12127.585996698643,3.786135910374859,0.07481724149468526,-0.009259716855089306,0.32030968671227944,24338.8888835907,0.7205682062555255,16,893,-877,1535,89,2.29936849291688,55.8125,16,206,5859,6736,4235,1.8004135980846716,3.786135910374859,12127.585996698643,0.07481724149468526,266685,5.162411196500126,6.9687760119243505,600x600,360000,dense,Learned,6059,16,65,51110,30.266465952530957,0.7728423026716869,27.425738594139073,0.9875000490119425,0.6796903132877206,0.5684058771966732,445,1894,0.0,55,51232,32.11355388025283,0.8596960086899549,0.9929259317346315,29.93831509525432,0.4805660790742644,0.6743514879281303,1073,24.82365386100802,0.483820335304478,0.9461551315294598,20.744439039457955,0.9975852363065152,0.6483449449385174,-2.2105294917374003,0.43159044244338385,-4.702210844370349,-0.2106379722913243,False,d2_d0002_p0344_t0000
d2_d0002_p0345_t0000.png,0.9808432471836348,24.65529856562114,1.0,0.9999796548227975,25.264369320673985,0.5444387399157471,44110,15,723,1257,79,2.292199752373091,48.2,4846,5554,9900.888378440433,3.9390728841918192,0.0736367385540547,-0.006636870594340927,0.33317683483910265,23963.14787864685,0.7006007966216846,15,723,-708,1257,79,2.292199752373091,48.2,15,167,4846,5554,3510,1.7826590526539952,3.9390728841918192,9900.888378440433,0.0736367385540547,266170,6.034232600317388,8.161414645205168,600x600,360000,dense,Learned,5046,15,58,43722,29.647245738589795,0.7420321254795587,26.290831958695257,0.9874801177779757,0.6668231651608973,0.6222357096948432,264,885,0.0,47,43880,31.256043148670535,0.8278882094869509,0.9929571241454646,28.77653462458086,0.5685064831686488,0.6625137830952713,1445,25.844505951135478,0.5038272071339945,0.958171444287088,21.485157033039243,0.8959582442645408,0.6438884481601269,-1.635533393074116,0.3777439451279543,-4.38287641791581,-0.19759338556381156,False,d2_d0002_p0345_t0000
d2_d0002_p0346_t0000.png,0.9883221078383684,23.662919680653225,1.0,0.9999996571593243,24.649145522295534,0.4864051869139137,41773,10,630,1107,79,2.274579273693534,63.0,4516,5136,8971.178566873512,3.504051553215782,0.07065864765469408,-0.003177891518231113,0.34949187142202043,19167.009115219116,0.7225544955760961,10,630,-620,1107,79,2.274579273693534,63.0,10,138,4516,5136,3330,1.746724798846069,3.504051553215782,8971.178566873512,0.07065864765469408,263439,6.3064419601177795,8.618006846527662,600x600,360000,dense,Learned,4716,10,51,41442,28.54411553074808,0.701796896331337,24.974267816663158,0.9914999993565995,0.6505081285779796,0.8016637410178569,163,1349,0.0,37,41658,29.818023079921968,0.7984292283759633,0.9946997063756616,26.920766922334657,0.7324534043478742,0.646246636903882,1452,24.83430335061346,0.4484638406547935,0.9706189188673957,19.833825059195004,0.9986121507051641,0.6274165449027762,-1.3113481360099328,0.1983359161414674,-3.894970008452546,-0.2153917094174233,False,d2_d0002_p0346_t0000
d2_d0002_p0347_t0000.png,0.9872436387070238,23.381561854823744,1.0,0.9999966585005317,24.094142238220453,0.4466359084325717,39973,10,460,853,74,2.214848412508952,46.0,4189,4639,8180.628074373933,3.6313100208328914,0.07734212412561024,-0.002469973479092613,0.3840663104534868,20546.048402786255,0.6711083288618613,10,460,-450,853,74,2.214848412508952,46.0,11,96,4189,4639,3262,1.7634464484530872,3.6313100208328914,8180.628074373933,0.07734212412561024,273797,6.849548445200511,9.006079103394791,600x600,360000,dense,Learned,4389,11,44,39331,27.630505509216384,0.6713909973414276,24.216439679618702,0.9897136121861164,0.6159336895465132,0.7748343485329978,185,1191,0.0,30,39038,28.571396130049685,0.7711493828075878,0.9921841651203426,25.365271286221763,0.7395141170975563,0.6110087960417812,1434,24.85816976100765,0.4093099778202872,0.9714720289820886,20.327508353246373,0.9952465703452126,0.6004114032543052,-0.8348778247949582,0.22516230996753384,-3.536363270995931,-0.22475508890885587,False,d2_d0002_p0347_t0000
d2_d0002_p0348_t0000.png,0.9887910402895278,23.388531170138233,1.0,0.9999997914020544,25.434904595902932,0.44256787133022063,32557,7,493,862,47,2.290496114763897,70.42857142857143,3346,3832,6628.681958742125,3.7946080576853345,0.07191698848074618,-0.001038824584053799,0.32656614992567423,19511.033535003662,0.7330441917711874,7,493,-486,862,47,2.290496114763897,70.42857142857143,7,115,3346,3832,2437,1.7298230581268605,3.7946080576853345,6628.681958742125,0.07191698848074618,270072,8.295358908990385,11.057529870688331,600x600,360000,dense,Learned,3546,7,38,31881,27.942367040482598,0.6395577946145387,23.789493691237553,0.9898298648735816,0.6734338500743258,0.7542036748472453,123,666,0.0,29,32028,28.873535437175523,0.7270767556150863,0.9932539259777967,25.5027015437317,0.7612601831291967,0.6653651911895769,1770,25.49789682523077,0.4167555199941733,0.9746751355948063,19.95017256374745,0.9130326242663942,0.6558622384209017,-0.40096252109931996,0.24579611655480915,-2.507462444579666,-0.19698992328431802,False,d2_d0002_p0348_t0000
d2_d0002_p0349_t0000.png,0.9811221273304955,23.134473919861275,1.0,0.9999833427777475,24.06781596850305,0.41944779758800477,48306,13,725,1254,68,2.283721856943614,55.76923076923077,5019,5731,10075.155405745212,3.874060003969816,0.07239814662334115,-0.004943733604668377,0.3432888598746039,21160.28881072998,0.6924158321135089,13,725,-712,1254,68,2.283721856943614,55.76923076923077,15,170,5019,5731,3697,1.7580100167065167,3.874060003969816,10075.155405745212,0.07239814662334115,271822,5.627085662236575,7.452490373866601,600x600,360000,dense,Learned,5219,15,48,47995,27.149777060797334,0.6895466342376143,24.343299495216094,0.9860658609351639,0.6567111401253961,0.48770098760985436,581,2187,0.0,30,46688,28.30963633956648,0.7961614004368021,0.9898399615294964,25.638671296140323,0.46323054068744096,0.6476823523041101,1083,22.739913617402145,0.3362344801434174,0.9449522884907746,18.275508953498797,0.978430404857642,0.6255846289975983,-1.208825575354819,0.5122823551678931,-3.081961092294282,-0.27009883664960954,False,d2_d0002_p0349_t0000
d2_d0002_p0350_t0000.png,0.9800929769557238,21.87933495306748,1.0,0.9998017303039729,23.40966473824587,0.37502685062628693,47824,17,804,1314,28,2.3493895671476137,47.294117647058826,4505,5292,9149.111683143768,4.387404493195367,0.06729393341129683,-0.0028236842247221228,0.20956172829943143,23201.160430908203,0.8089529904325262,17,804,-787,1314,28,2.3493895671476137,47.294117647058826,17,203,4505,5292,3163,1.7288570829825496,4.387404493195367,9149.111683143768,0.06729393341129683,271901,5.685450819672131,7.527601204416193,600x600,360000,dense,Learned,4705,17,40,47370,25.60429805214975,0.6620474590336611,22.48343957474274,0.982916661180446,0.7904382717005686,0.7889231502355591,197,1670,0.0,22,46448,26.97493311713178,0.7643679577789181,0.9899858386644039,24.676856364307064,0.7199388348619269,0.7792751719341627,1065,21.260653338867268,0.2773020900678663,0.9264106442604864,16.508543068777776,0.9767709804938347,0.750885311587353,-0.6041046216752584,0.21087858006841376,-2.194633313903882,-0.2870206084073742,False,d2_d0002_p0350_t0000
d2_d0002_p0351_t0000.png,0.9718766769578312,22.79121528631468,1.0,0.9999753729879509,22.591351298712475,0.4395759842722423,70139,24,1188,2060,107,2.318293683347006,49.5,7314,8478,15704.617018377248,3.806893440227806,0.08443531154992473,-0.012032183414239173,0.37187116025978584,25271.56090736389,0.6592852947654357,24,1188,-1164,2060,107,2.318293683347006,49.5,24,283,7314,8478,5147,1.852396440006681,3.806893440227806,15704.617018377248,0.08443531154992473,286219,4.0807396740757635,5.1326651363720615,600x600,360000,dense,Learned,7514,24,58,69384,26.79183652925053,0.7669725336822865,25.056093082719094,0.9839088603720704,0.6281288397402142,0.38511505466845575,1462,4563,0.0,39,69454,29.694622680691623,0.8896910978400083,0.9924963583787089,28.54265251839218,0.337408952474632,0.627693159310482,730,20.207600439590156,0.2588580642138034,0.9053746981578441,17.03997768351447,0.9901668898384735,0.5635921308100774,-2.264877796404413,0.6148603183194952,-4.200485230538057,-0.32739654941004415,False,d2_d0002_p0351_t0000
d2_d0002_p0352_t0000.png,0.9851291973533609,21.717258344618475,1.0,0.99999837318898,22.82022380349124,0.29374499725047903,39827,9,667,1088,35,2.3457698370993167,74.11111111111111,3806,4464,7637.268970669097,4.081716991667364,0.0760366518274996,0.0012046293251506413,0.2911231990017742,22060.21809577942,0.72180237858865,9,667,-658,1088,35,2.3457698370993167,74.11111111111111,9,172,3806,4464,2683,1.7108577443255002,4.081716991667364,7637.268970669097,0.0760366518274996,255204,6.407813794661913,9.039094081904237,600x600,360000,dense,Learned,4006,9,31,39745,24.494364994161852,0.5992729361363196,21.41201470641529,0.9839245680282103,0.7088768009982258,0.5623636835237711,267,1151,0.0,15,39822,25.63407766890674,0.688991908832702,0.991545509563602,23.938360871896368,0.42152537386918254,0.6907398772052538,1448,21.881288513094308,0.23688407126890806,0.9537720928436572,17.28908399083484,0.9899481642553665,0.6971351634378039,0.30524363820318356,0.4376346896652089,-1.674141190670614,-0.30552793888584057,False,d2_d0002_p0352_t0000
d2_d0002_p0353_t0000.png,0.9736546965576597,22.678129316627157,1.0,0.9999657235706706,23.410698049601258,0.3819398843087637,56324,18,1039,1768,76,2.343020325886108,57.72222222222222,5953,6974,12203.885693226648,3.9783798675666873,0.07378929039505092,-0.007063663902040829,0.3455609663621607,23762.993335723877,0.6807504783064865,18,1039,-1021,1768,76,2.343020325886108,57.72222222222222,19,259,5953,6974,4109,1.74991191471556,3.9783798675666873,12203.885693226648,0.07378929039505092,279066,4.954655209147077,6.391591506285065,600x600,360000,dense,Learned,6153,19,48,55729,26.146979787360188,0.7024328332258939,23.932404951057862,0.9807183604597005,0.6544390336378393,0.4737092216574442,852,3505,0.0,29,55740,28.092242155490244,0.8278369825253764,0.9891775887322758,26.416842744579302,0.3635705062038669,0.6438964241676942,1066,21.87042407988244,0.2730952395579959,0.9219825005620165,18.137953045408043,0.9887293756768327,0.625523239421346,-1.254275634430705,0.5262565019132264,-2.7362817377589295,-0.3204929489171302,False,d2_d0002_p0353_t0000
d2_d0002_p0354_t0000.png,0.9737066545869931,22.134319950425414,1.0,0.9999999999999984,23.14288230680265,0.3981030753813385,59397,5,1170,1945,37,2.379293504802214,234.0,6143,7308,12947.862870690755,4.2522834118891675,0.06762816721257031,-0.008394072138795838,0.24362861970787708,25347.135066986084,0.7896142468772082,5,1170,-1165,1945,37,2.379293504802214,234.0,6,296,6143,7308,4161,1.7717382143801834,4.2522834118891675,12947.862870690755,0.06762816721257031,269230,4.532720507769753,6.060912167281176,600x600,360000,dense,Learned,6343,6,49,58770,26.002751403128283,0.7111570933397541,23.606136972587784,0.982100726725789,0.7563713802921229,0.644018973817595,483,3166,0.0,31,59182,28.182203861291843,0.8426772354331995,0.9906312174254698,26.393773440862237,0.5460043550990625,0.7520524883538582,1088,21.313987164143022,0.2833002903965135,0.9147879027036573,17.40189302771521,0.9999056867518586,0.7373449779796752,-1.4718170221623694,0.35598102618240346,-2.8598690963256317,-0.3130540179584156,False,d2_d0002_p0354_t0000
d2_d0002_p0355_t0000.png,0.9743768469156892,21.44298347391978,1.0,0.9999999612940588,22.168701515481423,0.3526366178133026,59583,10,985,1633,34,2.346420323325635,98.5,5629,6604,11823.883073226227,4.380019819933433,0.07516329862090454,-0.004751832493428143,0.23016747329463172,25272.912979125977,0.7998732146553509,10,985,-975,1633,34,2.346420323325635,98.5,11,271,5629,6604,3962,1.7904123369512286,4.380019819933433,11823.883073226227,0.07516329862090454,274673,4.609922293271571,6.041991843311012,600x600,360000,dense,Learned,5829,11,41,59152,24.412872679962643,0.6981088593822291,22.247085776313128,0.9791286794091173,0.7698325267053683,0.6816490661023615,426,3128,0.0,22,58650,26.706961357263552,0.8254601131168757,0.99140359259776,26.06337630584008,0.434032763749181,0.7606421555973497,1094,20.051860291269517,0.22738099282250365,0.9038092609748766,16.265969763808176,0.9971724179542582,0.7531670558507338,-0.8041023023933462,0.31835089519169724,-2.2441711644812194,-0.34547224156892653,False,d2_d0002_p0355_t0000
d2_d0002_p0356_t0000.png,0.9816600695686175,21.20923019080163,1.0,0.99998604956685,22.169005700199662,0.2835881529609811,42561,11,624,1002,26,2.3176988857216894,56.72727272727273,3859,4472,7629.240969934649,4.373098758935743,0.07049176262380272,0.0029849093111561364,0.2525648267944677,23092.719316482544,0.7595888455315504,11,624,-613,1002,26,2.3176988857216894,56.72727272727273,11,160,3859,4472,2831,1.70600200579933,4.373098758935743,7629.240969934649,0.07049176262380272,252551,5.933859636756655,8.458447874814972,600x600,360000,dense,Learned,4059,11,29,41479,23.585272703431194,0.5991943524186671,20.577322746981498,0.9786751602574614,0.7474351732055323,0.5958213537552788,295,1434,0.0,13,41084,24.977818321144,0.6984396490480903,0.9910881756271626,24.129626990951962,0.34213036855388357,0.7222052287816902,1455,21.0072057554532,0.21611270550880637,0.9381341467463912,16.719192618441937,0.9506466681159127,0.7562988629834062,0.6319074438201326,0.4041646958115712,-1.4162670032315319,-0.31560619945768603,False,d2_d0002_p0356_t0000
d2_d0002_p0357_t0000.png,0.9668006373060987,22.673405561427245,1.0,0.9999999999999841,23.257474243002314,0.4427622099077796,69743,8,1352,2315,67,2.360418342719228,169.0,7458,8802,15780.706196683535,4.1201790322979965,0.07145152864920311,-0.014865492167554395,0.300052447069865,24505.025386810303,0.7347897447506933,8,1352,-1344,2315,67,2.360418342719228,169.0,8,324,7458,8802,5076,1.7928546008501467,4.1201790322979965,15780.706196683535,0.07145152864920311,279170,4.002838994594439,5.161808353526519,600x600,360000,dense,Learned,7658,8,58,68941,26.849948985254866,0.7612399029816097,25.016651072239835,0.9816661294736531,0.699947552930135,0.6419480983248718,763,5802,0.0,39,69312,29.667956311935228,0.8869020080599959,0.9911023569778072,28.273796206538997,0.553995234046887,0.7016010716336034,727,20.67647101028745,0.2679966588123085,0.8889775653197279,17.415866686427982,0.9999886290016047,0.6632768730172969,-2.34324551081259,0.35805190167511236,-3.592474742252552,-0.3184776930738301,False,d2_d0002_p0357_t0000
d2_d0002_p0358_t0000.png,0.9726114752068008,23.3188006548015,1.0,1.0,23.94208701576801,0.5059468817400823,66491,5,1274,2190,54,2.3405797101449277,254.8,7452,8721,15573.401722900544,3.898535943053707,0.07264865965636724,-0.01362493188374947,0.2748559077809798,26962.539196014404,0.7557130254133584,5,1274,-1269,2190,54,2.3405797101449277,254.8,5,317,7452,8721,5208,1.7857357783396393,3.898535943053707,15573.401722900544,0.07264865965636724,277813,4.178204569039419,5.4142665924711615,600x600,360000,dense,Learned,7652,5,63,65303,28.263035897103368,0.773796793479966,26.010149471823055,0.9862364070905503,0.7251440922190202,0.6831762521194935,559,4367,0.0,47,65294,30.72924405262907,0.8903916172505063,0.9924020253445297,28.73076506744016,0.623713102133892,0.7242688878288629,734,21.43242097535531,0.3381688054083993,0.9138009562045749,18.0567953089228,0.9999999721565105,0.6634823088129406,-2.691348817021556,0.3168237478805065,-4.320948881335358,-0.2678499117398837,False,d2_d0002_p0358_t0000
d2_d0002_p0359_t0000.png,0.983346632255656,26.342027554305048,1.0,0.9999569917090066,26.54576722413594,0.6589534470291672,44791,17,809,1378,78,2.308711752095108,47.588235294117645,5131,5923,10525.039748780204,3.91733369509441,0.07349785672844102,-0.007061812944570645,0.30258833467523727,25103.577852249146,0.7286108813592587,17,809,-792,1378,78,2.308711752095108,47.588235294117645,17,185,5131,5923,3675,1.7769778404153316,3.91733369509441,10525.039748780204,0.07349785672844102,253690,5.663861043513206,8.037328927686366,600x600,360000,dense,Learned,5331,17,68,44034,32.13352356695164,0.8148241147799782,28.690056687640244,0.9904084452002266,0.6974116653247627,0.529365488083072,294,653,0.0,71,44762,34.188309893034955,0.873576814536222,0.995343680176688,31.84944796384596,0.4401764478165856,0.6933787820959951,1430,26.836016980471395,0.6089982261155172,0.960757053775447,22.214031973061058,0.9756851174786181,0.6649834023300821,-2.3480291333351957,0.4705915036259346,-5.587756342815698,-0.15587066775081093,False,d2_d0002_p0359_t0000
d2_d0002_p0360_t0000.png,0.9715922388393011,25.586957291084875,1.0,0.9999995792012353,24.161747753839066,0.5797108502916065,67496,17,1120,1905,118,2.28263933376041,65.88235294117646,7805,8908,16131.483637533798,3.9695231949038265,0.07687668427782311,-0.015185825065472391,0.37151839044325685,27879.886150360107,0.6678448261070982,17,1120,-1103,1905,118,2.28263933376041,65.88235294117646,18,248,7805,8908,5782,1.81089847749587,3.9695231949038265,16131.483637533798,0.07687668427782311,267669,3.965701671210146,5.333649401446012,600x600,360000,dense,Learned,8005,18,72,67172,30.66994110251862,0.8306903883610144,28.747966204598615,0.9867780639047735,0.6284816095567431,0.3098516527516665,1355,2247,0.0,69,66776,33.40289265234143,0.9142508878870437,0.9937530436159986,31.85983405759272,0.27745717924597,0.6280238694550958,725,21.794438534978518,0.4302114425330517,0.9168730628658186,18.93033829975614,0.9997878746815839,0.5522954805491991,-3.16100891351374,0.6901479264495688,-6.508193348679555,-0.25097953806940787,False,d2_d0002_p0360_t0000
d2_d0002_p0369_t0000.png,0.9840783208688884,24.04506562813363,1.0,0.9997219689549809,24.40698059715067,0.4096013415871609,41516,17,678,1145,63,2.2935168738898755,39.88235294117647,4504,5165,9030.640233494143,3.8219315946684427,0.06896057137763734,-0.0028891602749241407,0.42438816331333096,21509.70458984375,0.6513833011360616,17,678,-661,1145,63,2.2935168738898755,39.88235294117647,18,163,4504,5165,3296,1.7484298612766744,3.8219315946684427,9030.640233494143,0.06896057137763734,274878,6.621013585123808,8.671355621928894,600x600,360000,dense,Learned,4704,18,44,40968,27.461269844876043,0.6701168849451141,24.82999768874616,0.9869674811438125,0.575611836686669,0.20167164530722126,1360,1018,0.0,29,40092,28.26758887013229,0.761685768867607,0.989520978367235,25.743773472237343,0.17367542512533507,0.5649376059828688,1430,24.46313902068033,0.3709303559742121,0.9649913100329653,20.56461445934755,0.8373458371143918,0.5617295493448022,-0.7849320606125296,0.7980503236477596,-3.0542892477253716,-0.26051554335795324,False,d2_d0002_p0369_t0000
d2_d0002_p0370_t0000.png,0.9852630825356753,25.200519773859202,1.0,0.991356673355185,24.465455019658716,0.47128158613957294,40334,27,465,817,90,2.192063144047358,17.22222222222222,4561,4999,8676.93352630331,3.5794730082699875,0.07005750138136851,-0.0034583462943863497,0.5845452782625558,21115.9884929657,0.43831687527517454,27,465,-438,817,90,2.192063144047358,17.22222222222222,31,102,4561,4999,3654,1.735733852031053,3.5794730082699875,8676.93352630331,0.07005750138136851,269185,6.673897952099965,8.925472306242872,600x600,360000,dense,Learned,4761,31,51,39507,28.78631948954569,0.7016815134176191,26.355955166795564,0.9887214288300616,0.41545472173744424,0.249024302236871,1288,1339,0.0,38,40092,29.851429560425995,0.7932657573428318,0.9918447393718646,27.601507255927224,0.19927471364050364,0.40830350063669785,1428,25.981806627868288,0.44673368690353754,0.9727657253651678,22.483126031967803,0.8361119044997256,0.39338621464015355,-1.1554353929363614,0.742332371118314,-4.320864469886974,-0.23039992727804615,False,d2_d0002_p0370_t0000
d2_d0002_p0371_t0000.png,0.988927276581816,22.87274496021276,1.0,0.9999999999938218,23.52056304209645,0.45022580092514114,44793,6,629,1086,67,2.2566426364572605,104.83333333333333,4855,5478,9197.999851323328,3.470640912262222,0.06385428094510197,-0.002899193680746537,0.36379958246346555,18822.62372970581,0.6961698508641375,6,629,-623,1086,67,2.2566426364572605,104.83333333333333,6,129,4855,5478,3702,1.6790799290476854,3.470640912262222,9197.999851323328,0.06385428094510197,274550,6.129305918335454,8.036970062286517,600x600,360000,dense,Learned,5055,6,48,44531,27.555932956087194,0.693287778903617,24.097869091793115,0.9918264702625625,0.6362004175365344,0.6738461578149342,259,1473,0.0,32,42976,28.82264404746067,0.7914587621483741,0.9947440926436705,25.945513842281454,0.6008068360858196,0.6334298199226251,1456,23.860178656692064,0.4049846050710057,0.9713892035842477,18.93041520825473,0.999509458168887,0.6170576088107593,-1.2251241315803547,0.32615384217888765,-4.035369913990742,-0.2430619779784759,False,d2_d0002_p0371_t0000
d2_d0002_p0372_t0000.png,0.987005725375817,23.271249199093475,1.0,0.99999999976525,23.02033803484644,0.46629950297232875,49539,8,605,1056,56,2.2223463687150837,75.625,5370,5967,10413.210096166153,3.4192178797455473,0.06731927278027654,-0.004164679936022209,0.39503466679373855,19172.963619232178,0.6843418505085762,8,605,-597,1056,56,2.2223463687150837,75.625,8,132,5370,5967,4258,1.7451332488965958,3.4192178797455473,10413.210096166153,0.06731927278027654,274868,5.5485173297805765,7.267001756192091,600x600,360000,dense,Learned,5570,8,53,49193,27.841824371186682,0.7162300843566374,24.836079566163626,0.9911704053118392,0.6049653332062614,0.6333341542852584,345,1780,0.0,36,48884,29.27532491500707,0.823544292436362,0.9941655994712316,26.596714632302042,0.5701317264824912,0.6011143730153975,1077,23.091717717471237,0.3954213740202245,0.9642432353438963,18.612917782399315,0.9992198310038363,0.5663712863552153,-1.5648303670701509,0.3666658454799916,-4.821486336340243,-0.24993058138430863,False,d2_d0002_p0372_t0000
d2_d0002_p0373_t0000.png,0.985842542221731,24.854492551742972,1.0,0.9999999998904894,24.41779084997971,0.5679866497827318,48428,8,654,1124,60,2.2375,81.75,5440,6086,11004.282389467364,3.4556774951736715,0.07828837744168249,-0.005311265118727371,0.4511466281491716,20048.391103744507,0.5809490037898096,8,654,-646,1124,60,2.2375,81.75,8,146,5440,6086,4256,1.8081305273524693,3.4556774951736715,11004.282389467364,0.07828837744168249,266218,5.497191707276782,7.433716032047576,600x600,360000,dense,Learned,5640,8,62,48177,29.93023909424304,0.7709425175524453,26.84097867874254,0.9911538073404583,0.5488533718508284,0.6349146148675557,383,2058,0.0,53,47390,31.802440279050348,0.8481844099999016,0.9952876578833646,29.618469219886713,0.5393650360424891,0.5451312996099184,1093,24.322315866148536,0.4989325057510821,0.9629269005685852,19.940082943560753,0.9981352259473416,0.5104609123417034,-1.9864861269995693,0.36508538502293364,-5.512448244263329,-0.20295586776971342,False,d2_d0002_p0373_t0000
d2_d0002_p0374_t0000.png,0.9796589867982445,24.685541342791883,1.0,0.9986725774230966,23.719042988338725,0.4994781234944278,55147,30,769,1364,111,2.2490731378496798,25.633333333333333,5934,6673,12428.820863993169,3.659311320470727,0.08880335717961718,-0.007298485144638933,0.4964520083050522,23196.96545600891,0.5539839518746609,30,769,-739,1364,111,2.2490731378496798,25.633333333333333,31,162,5934,6673,4459,1.8625537035805209,3.659311320470727,12428.820863993169,0.08880335717961718,275471,4.995212794893648,6.528006963207427,600x600,360000,dense,Learned,6134,31,60,54276,28.76975358015407,0.7605741899982905,26.582867373498026,0.9869574719428834,0.5035479916949478,0.4156028454247007,1175,3314,0.0,45,54354,30.6224174237234,0.8594224047108456,0.992167819109518,28.802373990712702,0.3660312826657228,0.49904375251644073,1054,23.192140233759055,0.4062993586246778,0.9447469459725596,19.72564379138306,0.9571608566586496,0.4557830181908081,-1.897326030706143,0.5830697319983958,-5.050710591815346,-0.26109606650386274,False,d2_d0002_p0374_t0000
d2_d0002_p0375_t0000.png,0.9895040426252537,22.924482792166128,1.0,0.9997112646403717,23.483276925600528,0.4549920226377917,43262,18,560,971,65,2.2417484388938447,31.11111111111111,4484,5026,8772.237441376557,3.4632053302665784,0.0706342211868799,-0.0023947650768540996,0.36963621389827617,19535.55178642273,0.6777067537262201,18,560,-542,971,65,2.2417484388938447,31.11111111111111,18,132,4484,5026,3448,1.7453715561831389,3.4632053302665784,8772.237441376557,0.0706342211868799,275882,6.377005223984097,8.321390596828625,600x600,360000,dense,Learned,4684,18,46,43125,27.58634273269594,0.6908218229030503,23.977572544925266,0.9918988077021078,0.6303637861017238,0.7821998141526174,158,1091,0.0,32,42182,28.850436527862826,0.7868026090246989,0.9948541175476294,25.907189283376916,0.7773180106445405,0.6270488310655342,1447,23.538354862686308,0.40871825273431334,0.970775282626239,18.60977881896616,0.9491563478963521,0.5998218911917098,-1.0530897527591385,0.21751145048775433,-4.103065807095412,-0.23582980026525857,False,d2_d0002_p0375_t0000
d2_d0002_p0376_t0000.png,0.9870466432881532,22.65161853732782,1.0,0.9997121126143859,23.50586550592673,0.4194408213805464,42285,17,615,1060,48,2.2809490251350715,36.1764705882353,4257,4855,8433.828278448043,3.797602956301174,0.07250533958747074,-0.002468970061314635,0.2717875343632944,19791.494846343994,0.8076632759426332,17,615,-598,1060,48,2.2809490251350715,36.1764705882353,17,155,4257,4855,3149,1.7371427967966977,3.797602956301174,8433.828278448043,0.07250533958747074,251964,5.95870876197233,8.513657325292657,600x600,360000,dense,Learned,4457,17,43,42214,26.984473252057587,0.668036937407493,23.442380181229417,0.9895156133494678,0.7282124656367056,0.7498693286020283,149,865,0.0,26,41120,27.92436225101095,0.763979592391115,0.9923705945460318,24.72717847834226,0.7331442744627944,0.7208297875756652,1444,23.420825541796255,0.3725151066027257,0.9641565182199737,18.424966491922763,0.8735396029914664,0.696380615234375,-0.7907616439015968,0.2498427840123576,-3.478607746130855,-0.24859611602694665,False,d2_d0002_p0376_t0000
d2_d0002_p0377_t0000.png,0.9864071289729135,22.647746387573942,1.0,0.999910186726141,22.29231448030021,0.43448521431718123,50228,18,699,1209,65,2.273110086224183,38.833333333333336,4987,5668,10135.059951315718,3.519220749505278,0.0782592410824773,-0.0037939488434181046,0.34638094523255525,19976.643800735474,0.7582056413327685,18,699,-681,1209,65,2.273110086224183,38.833333333333336,18,163,4987,5668,3713,1.7881192574656921,3.519220749505278,10135.059951315718,0.0782592410824773,280710,5.588715457513738,7.167317034323485,600x600,360000,dense,Learned,5187,18,48,49146,27.057502134585498,0.7040577662893881,23.983276247516105,0.9902010778163316,0.6536190547674448,0.8067531674833703,169,1353,0.0,32,49230,28.56018239140257,0.8132077932733712,0.9938081352484899,25.924247127990554,0.7721698604327315,0.6505504128096072,1002,21.48712702572709,0.34246455099086376,0.9540195643193135,16.981696638826296,0.9707316923928639,0.6023346303501945,-1.335529859942163,0.19315701924277062,-4.765187654285288,-0.26957255197220686,False,d2_d0002_p0377_t0000
d2_d0002_p0378_t0000.png,0.9820564888520927,23.85788652917267,1.0,0.9999999996477453,23.34920650968361,0.5182231817310643,53227,9,901,1568,68,2.3127081507449607,100.11111111111111,5705,6597,12077.43080121434,3.7148594846441285,0.0834699151747699,-0.007007786903372448,0.32554682068559815,22314.197540283203,0.7367220135500404,9,901,-892,1568,68,2.3127081507449607,100.11111111111111,9,207,5705,6597,4069,1.830745914993788,3.7148594846441285,12077.43080121434,0.0834699151747699,269961,5.071880812369662,6.763484697615872,600x600,360000,dense,Learned,5905,9,59,52440,28.76155152354385,0.7514691541790304,25.844732322808362,0.9890642757554652,0.6744531793144019,0.8591727045723475,181,1689,0.0,45,53176,30.81332065854732,0.855830390742016,0.9941419124101256,28.56961371680322,0.805825880644458,0.6705623215679566,1068,22.664698201912415,0.4247170221083982,0.9475553061178318,18.507792589265627,0.9988801331162634,0.6259520313264807,-1.9868457936356911,0.14082729507539782,-5.412345013860239,-0.23324597244796608,False,d2_d0002_p0378_t0000
d2_d0002_p0379_t0000.png,0.9678080042315518,24.08448278665837,1.0,0.9999999982360571,23.08587579627558,0.5337950042220521,73927,14,1208,2090,89,2.29510627780524,86.28571428571429,8092,9286,17246.476974794623,4.0099103396415,0.07843529802107937,-0.01857832929351655,0.28909635554101965,25981.019496917725,0.7484051193119846,14,1208,-1194,2090,89,2.29510627780524,86.28571428571429,14,301,8092,9286,5913,1.8572557586467762,4.0099103396415,17246.476974794623,0.07843529802107937,281898,3.813194096879354,4.869668727257971,600x600,360000,dense,Learned,8292,14,69,73427,29.147184465596347,0.8128621440066154,27.426528298086193,0.9863863335250683,0.7109036444589804,0.7072607232067207,406,2113,0.0,59,73884,32.18226226605678,0.9190933562358913,0.9934104484455709,30.615448781431034,0.6666326213766405,0.7104282085938777,729,21.05954222332645,0.36837383168406396,0.9087028062856933,18.29231227525272,0.9999999999999993,0.6474479455811434,-3.3420455114278234,0.2927392750293364,-6.061308669320766,-0.2790671397845633,False,d2_d0002_p0379_t0000
d2_d0002_p0380_t0000.png,0.9817096166947921,25.644453742153598,1.0,0.9999761364387114,24.82115013288191,0.5251976900760937,51937,18,794,1392,88,2.2539267015706805,44.111111111111114,6112,6888,12226.001350191678,3.7746249022869227,0.07357695076237042,-0.006845037552423161,0.47655147935456277,22623.82960319519,0.5448520082564812,18,794,-776,1392,88,2.2539267015706805,44.111111111111114,19,186,6112,6888,4632,1.7749711600161662,3.7746249022869227,12226.001350191678,0.07357695076237042,267631,5.152993049271233,6.931474671236305,600x600,360000,dense,Learned,6312,19,63,51027,29.788307380465806,0.7659852545393402,27.574435069667768,0.9885546542472152,0.5234485206454372,0.32025677379260475,1245,1995,0.0,51,49802,31.509840467774136,0.8538208376702393,0.9930457094516787,29.672166888681254,0.2710372595671927,0.5178912149025636,1085,24.950549181277317,0.46403279417336446,0.9580938287744764,21.466892934773316,0.9885297666078908,0.4919804711636367,-1.9299813275141702,0.6797193626461067,-4.967157247583895,-0.24078756446324645,False,d2_d0002_p0380_t0000
d2_d0002_p0385_t0000.png,0.9933727678098923,23.69326806162523,1.0,0.9806710990801291,26.39624090812612,0.4121186901094837,15046,13,231,389,30,2.3120973514674303,17.76923076923077,1397,1615,3118.7922061357463,4.096679616588819,0.05879611366028041,0.0015147964902314515,0.6841667698512373,18155.447006225586,0.7344309234073013,13,231,-218,389,30,2.3120973514674303,17.76923076923077,13,55,1397,1615,978,1.9311406849137993,4.096679616588819,3118.7922061357463,0.05879611366028041,265545,17.648876777881163,23.926625016615713,600x600,360000,sparse,Learned,1517,13,22,14793,27.528272600959873,0.5294175953041138,23.002705329206556,0.9918579713196608,0.3158332301487627,0.345721529463037,720,826,0.0,17,14768,27.769814399567238,0.5623136565079149,0.9933999071285411,23.764733025522588,0.3551452354168765,0.286204683991017,18172,28.67584530602805,0.5595061710313279,0.9973832443074448,28.17941126660876,0.2074848932156389,0.3585600032895413,0.6905627324186732,0.634949569617092,-1.1320316928337526,-0.1172989051946301,False,d2_d0002_p0385_t0000
d2_d0002_p0386_t0000.png,0.9804864858758574,24.80492155078293,1.0,0.9998937176966359,25.467344480152143,0.48741969607691654,43670,17,698,1220,69,2.283101226356267,41.05882352941177,4811,5492,9576.568097231819,4.093844828425264,0.07043357065189412,-0.005299632001090182,0.4598638684061259,22384.201288223267,0.5507126842698326,17,698,-681,1220,69,2.283101226356267,41.05882352941177,17,169,4811,5492,3522,1.7437305348200445,4.093844828425264,9576.568097231819,0.07043357065189412,271244,6.211220517517747,8.2436455232425,600x600,360000,dense,Learned,5011,17,54,43662,28.848698431468293,0.7129475181911221,26.123318410079573,0.9857861178769476,0.5401361315938741,0.40288579143476744,657,1441,0.0,40,43604,30.137481220672633,0.8119945530282744,0.9906894952252686,27.767938233946374,0.3373123072608456,0.5336605732340329,1380,25.310695611847343,0.4413808134670004,0.9574168704522515,21.35878699534875,0.9844789103231663,0.5180942949881718,-1.3183968592966444,0.5970079262618685,-3.38135395131615,-0.22552782211420558,False,d2_d0002_p0386_t0000
d2_d0002_p0387_t0000.png,0.9755169023741118,25.031881884453654,1.0,0.9999913269853546,25.244975547777784,0.5464870047413163,52370,17,975,1669,87,2.3240317943514293,57.35294117647059,5913,6871,12321.521205009965,4.201304453995432,0.07419846997353319,-0.010061752902135512,0.46672440151642347,24680.124521255493,0.5361829936406716,17,975,-958,1669,87,2.3240317943514293,57.35294117647059,17,224,5913,6871,4157,1.7932646201440317,4.201304453995432,12321.521205009965,0.07419846997353319,270396,5.163185029597098,6.87416459805232,600x600,360000,dense,Learned,6113,17,63,51815,29.719976448807124,0.7739220187746996,27.176429521491187,0.9855786552762473,0.5332755984835765,0.31594565485742077,1418,2391,0.0,52,50978,31.68036162104468,0.8588203549213346,0.9922760007840176,29.812089612099484,0.2963068358503729,0.5253026634382567,1047,24.569213021988894,0.4696638969394701,0.9402726586994384,20.81783859616767,0.9999942280466546,0.48918543546592375,-2.144547637037533,0.6840456721279339,-4.47500090102934,-0.2274350140333833,False,d2_d0002_p0387_t0000
d2_d0002_p0390_t0000.png,0.9839457248265276,25.750156831335733,1.0,0.9918705179384331,25.951119978624753,0.5381730065742811,40997,30,706,1184,85,2.293976951511198,23.533333333333335,4599,5275,9150.907701917413,3.8987926002117987,0.07439679901538032,-0.004705715288011891,0.6002706444136816,22471.142768859863,0.36764518729054424,30,706,-676,1184,85,2.293976951511198,23.533333333333335,31,161,4599,5275,3330,1.7347692325909545,3.8987926002117987,9150.907701917413,0.07439679901538032,263326,6.423055345513086,8.781130326609263,600x600,360000,dense,Learned,4799,31,57,40255,29.95515340183424,0.7437302023058006,27.163805249215503,0.9886514401145395,0.39972935558631845,0.5134963406924169,783,2312,0.0,48,40786,31.377609635182825,0.8235075018588082,0.9932484591523052,29.184992217899467,0.4348096848974353,0.3961912888337277,1449,26.65948344726636,0.5118781347643471,0.9678978503910777,22.811541340411612,0.9994185583878062,0.37706966113777163,-1.4136484178797701,0.47837417724601616,-4.0040334232094885,-0.20555719573151943,False,d2_d0002_p0390_t0000
d2_d0002_p0393_t0000.png,0.9795454017762552,24.850659436980926,1.0,0.9999469757872695,24.724203226119997,0.5485020689074792,54506,18,986,1698,77,2.316857610474632,54.77777777777778,6110,7078,12767.181817568819,3.8228464041911248,0.07573185621854672,-0.00865434909048024,0.37409021731253045,22649.458408355713,0.6648552957389833,18,986,-968,1698,77,2.316857610474632,54.77777777777778,21,236,6110,7078,4335,1.8037838114677107,3.8228464041911248,12767.181817568819,0.07573185621854672,269754,4.9490698271749896,6.604777455692951,600x600,360000,dense,Learned,6310,21,64,54175,29.73981482781361,0.7789224896932243,27.140504726216367,0.9881997508667354,0.6259097826874696,0.39127003110996206,862,1908,0.0,52,54410,31.669858540985246,0.8675459540824323,0.9936312946943976,29.72840139775972,0.3449779056728214,0.620800395256917,1094,23.608128275497645,0.45985269211946095,0.9433401862900104,19.711323858092303,0.9925616863153114,0.5791007372439316,-2.2898452892354406,0.6086769446773075,-5.015611601693614,-0.2304204207857451,False,d2_d0002_p0393_t0000
d2_d0002_p0395_t0000.png,0.9806379645275678,23.322348437563647,1.0,0.9999999994831835,24.16190449756556,0.3462886680311195,38052,6,598,1016,42,2.2942345924453282,99.66666666666667,4024,4616,7929.698336133104,4.291736876632774,0.06439825359559569,-0.0012526950388868086,0.4167880501528004,22560.365676879883,0.5940862161340303,6,598,-592,1016,42,2.2942345924453282,99.66666666666667,6,146,4024,4616,2966,1.7178722565279583,4.291736876632774,7929.698336133104,0.06439825359559569,278506,7.319089666771786,9.460737937559129,600x600,360000,dense,Learned,4224,6,37,37682,26.301427252329308,0.6178425738802866,23.550976503165664,0.9818906595664546,0.5832119498471996,0.49544661777884047,539,1846,0.0,20,36852,26.94051486813911,0.7073285347258893,0.9850540601246878,24.2926705714914,0.47870883787451834,0.5750852511878094,1453,24.24404858164017,0.3064519522115613,0.9573597255121382,20.552249892609037,0.9956095929466436,0.5840264405020418,-0.22862806560201676,0.504553381704343,-2.1395227547637496,-0.2715539058491671,False,d2_d0002_p0395_t0000
d2_d0002_p0396_t0000.png,0.9791371141825914,23.69279414558063,1.0,0.9999988513498377,24.003192442690935,0.41371614354900177,48367,12,684,1197,81,2.255464740543623,57.0,5261,5933,10765.018556589475,3.802250921148421,0.07454705946355364,-0.004895235586974467,0.44696305861735,20617.82145500183,0.597129956404401,12,684,-672,1197,81,2.255464740543623,57.0,13,152,5261,5933,3983,1.8144309045321532,3.802250921148421,10765.018556589475,0.07454705946355364,278684,5.76186242686129,7.443091363946492,600x600,360000,dense,Learned,5461,13,48,47273,27.19140584734037,0.6882942636511106,24.713917140267245,0.9840323497695659,0.55303694138265,0.3581144073256215,1124,2445,0.0,31,46840,28.3583864525216,0.7999225427287993,0.988287641469849,25.987366452364363,0.32996635432147936,0.5439195360306878,1056,23.417644455761057,0.33549399163572363,0.9483532030340074,19.61007072868515,0.9793904351945212,0.5254280574740723,-1.021122994686614,0.6418844440242162,-3.188213404649435,-0.2745781201021088,False,d2_d0002_p0396_t0000
d2_d0002_p0400_t0000.png,0.9808765934880511,23.777959517617184,1.0,0.9999904216000522,24.114672615984958,0.4846064063123459,49102,14,879,1506,63,2.3282732447817835,62.785714285714285,5270,6135,10873.586566663913,3.8662295178398915,0.07295859175468866,-0.006421671765033499,0.45921343265029024,22620.476245880127,0.5527056434063543,14,879,-865,1506,63,2.3282732447817835,62.785714285714285,15,209,5270,6135,3701,1.772385748437435,3.8662295178398915,10873.586566663913,0.07295859175468866,269374,5.486008716549224,7.331676917437171,600x600,360000,dense,Learned,5470,15,55,48856,28.222287424233855,0.7286498150340233,25.394293527167875,0.9872982652530846,0.5407865673497098,0.4798083889204242,801,2898,0.0,40,48674,29.874613563333334,0.8321755044310907,0.9923106915664696,27.50156656545301,0.43202145950368454,0.5346624806745645,1082,23.563683586915772,0.40383150097418036,0.9496041590576569,19.434693917136332,0.9999075542792966,0.5032793397184093,-1.616334009550691,0.520182032679628,-4.107614808248897,-0.24404340872167735,False,d2_d0002_p0400_t0000
d2_d0002_p0401_t0000.png,0.9847061036386399,22.86518791092613,1.0,0.9992534141916233,23.960205551085515,0.29942489303707537,30201,13,545,915,53,2.366265060240964,41.92307692307692,2905,3437,6664.543393682525,3.7550965941916643,0.06574772740200369,0.002163404607895547,0.41501523517148164,18302.629470825195,0.5958595211821714,13,545,-532,915,53,2.366265060240964,41.92307692307692,15,117,2905,3437,1937,1.939058304824706,3.7550965941916643,6664.543393682525,0.06574772740200369,267229,8.848349392404225,11.920135094864408,600x600,360000,sparse,Learned,3025,15,27,29568,25.32802891443803,0.5551872916987322,22.285734726553493,0.9825426990307443,0.5849847648285184,0.4007652837724507,314,714,0.0,13,28932,25.86975859592706,0.6128589103534803,0.9882541310991545,23.530655731002923,0.33373475084756554,0.5651677699155444,1796,23.783737258948445,0.2716288994039463,0.9669189617441313,19.82685821822042,0.8586960599318411,0.5874560692078941,0.5794531843726389,0.5984881304191726,-1.3678233633525139,-0.2557623986616568,False,d2_d0002_p0401_t0000
d2_d0002_p0402_t0000.png,0.9781738713897785,23.58466973532618,1.0,0.999999930898701,23.210015633239625,0.4607829369496281,58709,13,771,1358,85,2.2443190975020144,59.30769230769231,6205,6963,12997.163477323204,3.719032433972447,0.09251770507916318,-0.007219966882712758,0.5125194150353034,20204.517602920532,0.500056239173959,13,771,-758,1358,85,2.2443190975020144,59.30769230769231,13,162,6205,6963,4762,1.8666039749135142,3.719032433972447,12997.163477323204,0.09251770507916318,282449,4.811000017033163,6.131938885009113,600x600,360000,dense,Learned,6405,13,55,57637,27.218718033204617,0.7408338380930515,25.182627968518204,0.9853938382724913,0.48748058496469654,0.6085937098766614,874,4992,0.0,38,57482,29.304289745792577,0.8587729402617382,0.9914077416213539,27.580437992697078,0.5706762541935329,0.4816431475723511,1069,22.299979403627532,0.33655043755242936,0.9380425080054782,18.944581893479253,0.9966482104091721,0.4384216247256917,-1.5979582331920241,0.3914062210220396,-4.008702399964992,-0.2800509011434234,False,d2_d0002_p0402_t0000
d2_d0002_p0403_t0000.png,0.9848466657097934,22.042442509543534,1.0,0.9983523760391566,21.62368906832631,0.25119645665832163,37788,19,469,810,69,2.236096537250787,24.68421052631579,3812,4262,7265.890111543865,3.684647602743517,0.06896496802548595,0.0027165286644915687,0.6326845519901806,18369.958877563477,0.3933863711460743,19,469,-450,810,69,2.236096537250787,24.68421052631579,19,99,3812,4262,2933,1.704807628236472,3.684647602743517,7265.890111543865,0.06896496802548595,273482,7.237271091351752,9.526833915528739,600x600,360000,dense,Learned,4012,19,27,37351,23.576257834078838,0.5745043559377943,21.37643575961464,0.9821301370453018,0.3673154480098194,0.36907607834991774,1193,2991,0.0,11,37120,24.597696023564822,0.6665302168433702,0.9903457192276751,23.649359206239197,0.26120772498913014,0.3515381393400661,1455,21.630586344772723,0.20156366567565576,0.9620955770201849,18.525679920113976,0.9964011569390983,0.36708613582121935,0.6660067499288935,0.6292762976892389,-1.9525687657525275,-0.3233078992794726,False,d2_d0002_p0403_t0000
d2_d0002_p0404_t0000.png,0.9867212239373773,21.954608395496496,1.0,1.0,21.81740518031278,0.21860117825501776,27571,2,322,592,60,2.2531645569620253,161.0,2528,2848,5396.66348931011,3.7494707948799375,0.06900747503904694,0.004854505306226109,0.5541663967523914,15380.805969238281,0.4986309628475973,2,322,-320,592,60,2.2531645569620253,161.0,2,46,2528,2848,1876,1.8948958881004743,3.7494707948799375,5396.66348931011,0.06900747503904694,264901,9.607957636647201,13.057197780276377,600x600,360000,sparse,Learned,2648,2,20,27563,23.07976739926127,0.501241453718844,20.50690733943506,0.9818667186311512,0.44583360324760857,0.42251258408730785,408,1194,0.0,7,26828,23.786455535367747,0.5561307347344414,0.9910893376884078,23.19555109768883,0.1964490236614398,0.41696360397047594,2120,21.879131935875463,0.19283546951467503,0.9705411980539351,18.656315802587255,0.9982098476400381,0.4532169213179503,1.4477010560614367,0.5774874159126921,-1.2623622189484927,-0.2826402754638262,False,d2_d0002_p0404_t0000
d2_d0002_p0405_t0000.png,0.9835980424310693,21.529395566390377,1.0,0.9999999999990208,21.33644597208065,0.26353180334245274,43907,3,543,953,77,2.250057883769391,181.0,4319,4859,8386.810804233679,3.703743651360929,0.07402975272267161,0.0020838732949753913,0.46904547982715095,19534.173011779785,0.5912377235356218,3,543,-540,953,77,2.250057883769391,181.0,5,91,4319,4859,3289,1.726036386958967,3.703743651360929,8386.810804233679,0.07402975272267161,256146,5.833830596488031,8.199148199603707,600x600,360000,dense,Learned,4519,5,29,42745,23.306846608399596,0.6034774312947887,20.948467963058878,0.9815141691360939,0.530954520172849,0.37589876472070305,1012,3025,0.0,13,42824,24.833239664739057,0.7206873377933812,0.9919409740184346,24.307950222049293,0.1941956887082381,0.5026086477706042,1456,20.93085419617635,0.1935878942833024,0.9534979897091295,17.33642350152925,0.9995938909705167,0.5290723126517293,0.5809276033314994,0.6241012352783177,-1.9704006363189457,-0.33994562795233596,False,d2_d0002_p0405_t0000
d2_d0002_p0409_t0000.png,0.9723593012742315,23.151198028753818,1.0,0.9999998098370718,23.628892559918228,0.42818622099809134,56100,12,872,1553,89,2.2894161198048124,72.66666666666667,5943,6803,12254.18474830911,4.211055854043635,0.07608727741542402,-0.008643348632249581,0.38389118202624506,23636.497735977173,0.6599251593929352,12,872,-860,1553,89,2.2894161198048124,72.66666666666667,13,194,5943,6803,4301,1.8012913050578874,4.211055854043635,12254.18474830911,0.07608727741542402,279424,4.980819964349376,6.4171122994652405,600x600,360000,dense,Learned,6143,13,52,55555,26.854797110465487,0.7174358068478862,24.601319219788426,0.9810026499064811,0.6161088179737549,0.28028052204708964,1826,3041,0.0,34,55434,28.70703410763946,0.8421082237888948,0.9887351716223945,26.851177448713024,0.26303067066527475,0.6064741320659837,1031,22.459433820522516,0.32058012753562015,0.9237023088198435,18.917579273768055,0.9981612451836052,0.5802042669512549,-1.450121191034608,0.7197192877899822,-3.225904550547259,-0.2892495858497949,False,d2_d0002_p0409_t0000
d2_d0002_p0410_t0000.png,0.9815332247234729,22.95395534336341,1.0,0.9999414131330512,23.18507022133673,0.3528110833258001,45668,13,598,1064,76,2.24375,46.0,4800,5385,9430.035676338079,3.906009763876597,0.07509220202833702,-0.002279170747321757,0.4838709677419355,22840.654611587524,0.5471550395066487,13,598,-585,1064,76,2.24375,46.0,16,137,4800,5385,3660,1.751167256515868,3.906009763876597,9430.035676338079,0.07509220202833702,281762,6.169790663046334,7.882981518787773,600x600,360000,dense,Learned,5000,16,40,44971,25.786553227054164,0.6548712317625033,23.421771999222752,0.9838123954707947,0.5161290322580645,0.29168009048978516,1494,2542,0.0,23,44786,26.92384813163735,0.764375481636522,0.9890643425811935,25.031940863503678,0.2630500459991477,0.5055089309756754,1096,22.75618404761898,0.27840276736460545,0.9529810599284586,19.21209614032562,0.9555474670028598,0.48717537672330874,-0.46781665585934107,0.708261322643266,-2.6014830057174336,-0.3020601484367032,False,d2_d0002_p0410_t0000
d2_d0002_p0411_t0000.png,0.9603601242914208,22.990763528686394,1.0,1.0,23.20427833410355,0.4453120152627344,69795,5,1159,1999,68,2.3208675100792435,231.8,7193,8347,15261.749919284923,4.432876111717627,0.07646344989631391,-0.01674769879665572,0.3250172886192739,27131.399393081665,0.6957922893634114,5,1159,-1154,1999,68,2.3208675100792435,231.8,5,275,7193,8347,5126,1.8284113956253008,4.432876111717627,15261.749919284923,0.07646344989631391,282385,4.0459201948563654,5.157962604771115,600x600,360000,dense,Learned,7393,5,58,68974,26.808051738055397,0.7619586338274693,25.13746800337166,0.9771078230880765,0.6749827113807261,0.4183291457801672,1405,5040,0.0,39,68928,29.60287754533944,0.8881750670585723,0.9886273643814603,28.29792079764838,0.36976885190275577,0.6716001603821279,692,20.540543445542472,0.2709758321595075,0.8771722690406605,17.630061675045916,0.9969185436140544,0.6209974408588728,-2.146704474685265,0.5816708542198328,-3.6037734039518483,-0.3166466185647349,False,d2_d0002_p0411_t0000
