filename	gt_iou	seg_iou	seg_f1	seg_precision	seg_recall	gt_fg_ssim	gt_fg_psnr	ng_fg_ssim	ng_fg_psnr	ng_iou	ng_topo_q	topo_preservation	ng_psnr	ng_ssim	ng_bytes	graph_n_components	graph_n_cycles	graph_n_junctions	graph_n_endpoints	graph_mean_degree	graph_complexity	n_nodes	n_edges	total_edge_length	mean_width_px	mean_curvature	delta_gt_iou	delta_gt_fg_psnr	delta_gt_fg_ssim	delta_fg_ssim	delta_iou	total_time_ms	self_iou	ng_recon_iou	ng_n_components	ng_n_cycles	ng_euler_characteristic	ng_n_junctions	ng_n_endpoints	ng_mean_degree	ng_graph_complexity	ng_seg_beta_0	ng_seg_beta_1	graph_n_nodes	graph_n_edges	graph_n_sampled	graph_mean_edge_length	graph_mean_width	graph_total_edge_length	graph_mean_curvature	png_bytes	ng_vs_png	ng_vs_raw	image_shape	image_pixels	image_type	segmenter	n_points	n_structures	webp_quality	webp_bytes	webp_psnr	webp_ssim	webp_fg_ssim	webp_fg_psnr	webp_topo_q	webp_iou	gt_available	pre_gt_iou	pre_ng_psnr	pre_ng_ssim	pre_ng_fg_psnr	gt_topology_q	recon_topology_q	stem	jpeg_quality	jpeg_bytes	jpeg_psnr	jpeg_ssim	jpeg_fg_psnr	jpeg_fg_ssim	jpeg_iou	jpeg_topo_q	jpeg_beta_0	jpeg_beta_1	jpeg_betti_preservation	jp2_bytes	jp2_psnr	jp2_ssim	jp2_fg_ssim	jp2_fg_psnr	jp2_topo_q	jp2_iou	delta_fg_psnr	delta_topo_q	delta_psnr	delta_ssim	jpeg_gt_iou	jpeg_gt_fg_psnr	jpeg_gt_fg_ssim
M1_001_y0x0.png	0.244553	0.004227	0.008419	0.117647	0.004366	0.957411	18.638254	0.999893	28.393404	0.009101	0.193459	1.189015	20.665241	0.600489	1230	4	1	3	9	1.666667	0.250000	18	15	44.970563	2.656017	0.000000						5089.641094	0.009101	0.009101	4	1	3	3	9	1.666667	0.250000	4	1	18	15	6	2.998038	2.656017	44.970563	0.000000	35816	29.118699	53.281301	256x256	65536	sparse	Frangi	144	4	2	1224	31.121850	0.863977	0.999699	23.480322	0.111812	0.063961	True	0.244966	20.664751	0.600436	28.384218	0.688003	0.818046	M1_001_y0x0																									
M1_001_y0x256.png	0.028807	0.058623	0.110753	0.105774	0.116225	0.984876	21.613285	0.998864	31.033607	0.391057	0.182756	0.177777	23.861072	0.707210	4410	33	0	4	70	1.359223	0.000000	103	70	340.592929	4.104092	0.000000	-0.020132	-14.400758	-0.013588	-0.000343	0.037779	1905.454636	0.391057	0.391057	33	0	33	4	70	1.359223	0.000000	33	0	103	70	29	4.865613	4.104092	340.592929	0.000000	37087	8.409751	14.860771	256x256	65536	sparse	Otsu	332	33	72	4352	38.751883	0.955724	0.999373	33.790717	0.073844	0.346959	True	0.028807	23.861182	0.707277	31.035662	0.437662	0.077806	M1_001_y0x256	32	4358	37.007421	0.939414	32.081498	0.999208	0.353278	0.077369	76	0	0.348485	474	22.649601	0.638784	0.975956	15.218343	0.169575	0.396385	-1.047891	0.105387	-13.146349	-0.232204	0.048939	36.014043	0.998464
M1_001_y0x512.png	0.137699	0.056586	0.107112	0.057062	0.871667	0.995941	21.756261	0.986946	34.824539	0.234156	0.767764	0.629690	31.803282	0.912421	14586	36	23	111	141	1.959877	0.638889	648	635	2970.123159	3.463592	0.000000	0.048967	-23.900949	-0.003983	-0.011661	-0.267117	8221.374989	0.234156	0.234156	36	23	13	111	141	1.959877	0.638889	36	22	648	635	396	4.677359	3.463592	2970.123159	0.000000	29783	2.041889	4.493076	256x256	65536	sparse	Learned	1949	36	100	13722	49.986445	0.992537	0.999144	49.148386	0.371020	0.487649	True	0.137886	31.807570	0.913143	34.834125	0.299216	0.188413	M1_001_y0x512	95	12887	48.159793	0.991060	46.159401	0.998607	0.501272	0.343783	95	32	0.000000	245	22.989600	0.533716	0.891966	19.705985	0.997342	0.318393	-11.334862	0.423981	-16.356511	-0.078639	0.088732	45.657209	0.999924
M1_001_y256x0.png	0.253056	0.011606	0.022945	0.272358	0.011977	0.967568	16.703380	0.999921	26.187936	0.011569	0.197481	1.327131	21.527348	0.722114	1093	3	0	0	6	1.454545	0.000000	11	8	35.798990	3.014032	0.000000						792.361021	0.011569	0.011569	3	0	3	0	6	1.454545	0.000000	3	0	11	8	5	4.474874	3.014032	35.798990	0.000000	32062	29.333943	59.959744	256x256	65536	sparse	Frangi	145	3	5	1088	33.388202	0.901589	0.999916	25.287138	0.194059	0.054769	True	0.252974	21.527380	0.723130	26.182972	0.708291	0.939995	M1_001_y256x0																									
M1_001_y256x512.png	0.417799	0.347729	0.516022	0.405647	0.708913	0.988092	30.078091	0.990999	34.381985	0.555389	0.665969	0.481906	28.903185	0.772402	8879	23	4	34	75	1.872910	0.173913	299	280	1402.200144	6.196652	0.000000	0.047964	-10.656130	-0.009810	-0.006172	0.006341	4409.472704	0.555389	0.555389	23	4	19	34	75	1.872910	0.173913	23	4	299	280	190	5.007858	6.196652	1402.200144	0.000000	36877	4.153283	7.381011	256x256	65536	sparse	Otsu	842	23	90	8440	42.679968	0.975212	0.997198	41.057263	0.357393	0.545281	True	0.418813	28.897183	0.772469	34.388008	0.891632	0.429683	M1_001_y256x512	83	8750	42.520737	0.974978	40.581524	0.997171	0.549048	0.331545	122	41	0.000000	243	22.339629	0.592707	0.892973	18.689278	0.985154	0.423356	-6.199539	0.334424	-13.617552	-0.202576	0.369835	40.734220	0.997902
M1_001_y256x768.png	0.476426	0.377363	0.547950	0.450096	0.700173	0.990957	28.198256	0.992646	33.761738	0.594308	0.818310	0.619730	30.605983	0.848823	7941	11	0	22	44	1.896714	0.000000	213	202	1043.808225	7.076792	0.000000	-0.021808	-12.880070	-0.007837	-0.005352	-0.004054	6608.605385	0.594308	0.594308	11	0	11	22	44	1.896714	0.000000	11	0	213	202	147	5.167367	7.076792	1043.808225	0.000000	32108	4.043319	8.252865	256x256	65536	sparse	Otsu	882	11	93	7710	45.365836	0.983537	0.998539	42.604645	0.536110	0.599398	True	0.476838	30.609499	0.851687	33.776196	0.967752	0.599744	M1_001_y256x768	88	7926	44.336081	0.980278	40.570884	0.997997	0.598362	0.558232	33	23	0.000000	272	22.754851	0.546652	0.897453	17.310971	0.999823	0.538155	-6.809145	0.260079	-13.730098	-0.131454	0.498234	41.078326	0.998794
M1_001_y512x512.png	0.057283	0.145628	0.254232	0.271543	0.238996	0.984288	26.669663	0.998160	31.713089	0.232603	0.271578	0.106721	28.774291	0.717853	5266	32	0	8	72	1.564626	0.000000	147	115	532.989899	4.413495	0.000000	-0.015814	-10.976026	-0.013778	-0.001081	-0.016100	2227.352142	0.232603	0.232603	32	0	32	8	72	1.564626	0.000000	32	0	147	115	67	4.634695	4.413495	532.989899	0.000000	37273	7.078048	12.445120	256x256	65536	sparse	Meijering	430	32	81	5012	40.044033	0.956844	0.999315	36.648654	0.086818	0.247442	True	0.057150	28.775028	0.717966	31.722907	0.717155	0.076535	M1_001_y512x512	55	5260	39.472455	0.955613	34.869741	0.999241	0.248703	0.081340	62	2	0.000000	410	24.569490	0.649133	0.970628	17.289504	0.309841	0.391419	-3.156652	0.190239	-10.698164	-0.237759	0.073096	37.645689	0.998066
M1_002_y256x512.png	0.166714	0.008879	0.017601	0.084095	0.009829	0.981512	21.298888	0.999788	26.755676	0.019406	0.222755	1.748088	21.668471	0.703284	1427	5	0	1	11	1.500000	0.000000	20	15	63.384776	3.390552	0.000000	0.099898	-3.339605	-0.004526	0.001005	-0.106992	941.222906	0.019406	0.019406	5	0	5	1	11	1.500000	0.000000	5	0	20	15	8	4.225652	3.390552	63.384776	0.000000	30535	21.398038	45.925718	256x256	65536	sparse	Frangi	162	5	15	1418	34.879415	0.923258	0.999802	26.636698	0.154308	0.141136	True	0.166863	21.668183	0.706847	26.739228	0.572050	0.999995	M1_002_y256x512	3	1366	27.072349	0.776278	19.657378	0.998783	0.126397	0.235956	46	5	0.000000								7.098297	-0.013201	-5.403878	-0.072994	0.066817	24.638493	0.986038
M1_002_y256x768.png	0.285592	0.000286	0.000572	0.007246	0.000298	0.963303	23.075018	0.999905	27.263209	0.014226	0.202814	1.283817	19.461322	0.610423	1388	3	0	0	6	1.454545	0.000000	11	8	34.313708	4.315912	0.000000	0.258797	-1.537974	0.000989	0.000479	-0.074742	854.514122	0.014226	0.014226	3	0	3	0	6	1.454545	0.000000	3	0	11	8	5	4.289214	4.315912	34.313708	0.000000	34434	24.808357	47.216138	256x256	65536	dense	Frangi	228	3	4	1370	31.794749	0.882518	0.999856	24.107068	0.117164	0.111517	True	0.285625	19.461614	0.610006	27.268071	0.776423	0.996785	M1_002_y256x768	2	1383	25.018069	0.672876	18.782832	0.999427	0.088968	0.201621	58	3	0.000000								8.480377	0.001192	-5.556746	-0.062453	0.026795	24.612992	0.962314
M1_002_y768x256.png	0.191652	0.081912	0.151422	0.082626	0.904580	0.999446	34.327270	0.993006	35.484445	0.248196	0.833928	0.374734	31.964910	0.887601	12822	30	10	95	139	1.940030	0.333333	667	647	3054.632827	3.031903	0.000000	-0.012858	-10.930760	-0.000511	-0.006091	0.003639	3082.083225	0.248196	0.248196	30	10	20	95	139	1.940030	0.333333	30	9	667	647	433	4.721225	3.031903	3054.632827	0.000000	31302	2.441273	5.111215	256x256	65536	sparse	Learned	1534	30	98	12392	49.107017	0.992339	0.999348	47.879555	0.181500	0.267337	True	0.193516	31.966042	0.889697	35.490822	0.614032	0.230098	M1_002_y768x256	94	12181	47.697018	0.991360	45.572754	0.999096	0.244557	0.166787	73	6	0.116667	244	20.971054	0.467057	0.883664	16.568107	0.999999	0.328343	-10.088309	0.667141	-15.732108	-0.103760	0.204510	45.258030	0.999957
M1_002_y768x768.png	0.009554	0.042043	0.080694	0.069702	0.095800	0.991754	28.811286	0.996974	32.844880	0.276731	0.201363	0.165700	30.222108	0.784260	4232	33	3	10	73	1.523810	0.090909	126	96	386.462987	4.218080	0.000000	-0.039388	-11.514030	-0.007205	-0.001857	0.025138	2036.365032	0.276731	0.276731	33	3	30	10	73	1.523810	0.090909	33	2	126	96	43	4.025656	4.218080	386.462987	0.000000	34321	8.109877	15.485822	256x256	65536	sparse	Meijering	319	33	82	4194	41.445604	0.964371	0.999018	37.395374	0.242821	0.231665	True	0.009539	30.225681	0.784361	32.853245	0.474112	0.078561	M1_002_y768x768	50	4232	40.558754	0.957604	36.181038	0.998830	0.251593	0.241043	148	37	0.000000	473	27.900329	0.742140	0.974069	20.956663	0.494939	0.207486	-3.336158	-0.039681	-10.336646	-0.173343	0.048942	40.325316	0.998958
M1_003_y256x256.png	0.190191	0.118495	0.211883	0.121430	0.830606	0.999242	30.824917	0.997097	34.590767	0.371117	0.717101	1.361219	33.238163	0.950834	6289	15	4	31	53	1.909465	0.266667	243	232	1071.862048	3.359814	0.000000	-0.037863	-12.790046	-0.000708	-0.002433	0.018484	3418.659210	0.371117	0.371117	15	4	11	31	53	1.909465	0.266667	15	4	243	232	159	4.620095	3.359814	1071.862048	0.000000	22795	3.624583	10.420735	256x256	65536	sparse	Learned	884	15	98	6106	50.853186	0.990890	0.999665	47.227586	0.233191	0.356406	True	0.191053	33.250355	0.956884	34.581347	0.340320	0.463250	M1_003_y256x256	93	5945	49.229449	0.991222	44.106780	0.999531	0.352633	0.251736	26	2	0.383333	334	26.405454	0.567293	0.962637	18.849749	0.510318	0.322028	-9.516013	0.465365	-15.991286	-0.040388	0.228054	43.614963	0.999950
M1_003_y256x512.png	0.182971	0.003197	0.006373	0.221154	0.003233	0.971156	21.426694	0.999965	25.218173	0.002904	0.147856	1.806521	19.586948	0.569690	865	2	0	0	4	1.333333	0.000000	6	4	16.071068	2.290536	0.000000						541.929483	0.002904	0.002904	2	0	2	0	4	1.333333	0.000000	2	0	6	4	2	4.017767	2.290536	16.071068	0.000000	35895	41.497110	75.764162	256x256	65536	sparse	Frangi	100	2									True	0.183055	19.587607	0.569997	25.219929	0.553550	1.000000	M1_003_y256x512																									
M1_003_y512x256.png	0.104257	0.132224	0.233566	0.133697	0.923107	0.999123	36.033450	0.990440	35.265968	0.631038	0.841183	1.800715	31.234547	0.859236	8691	13	3	33	54	1.928315	0.230769	279	269	1350.271211	7.292311	0.000000	0.004965	-7.195580	-0.000691	-0.007258	0.019178	4869.312525	0.631038	0.631038	13	3	10	33	54	1.928315	0.230769	13	3	279	269	192	5.019596	7.292311	1350.271211	0.000000	31825	3.661834	7.540674	256x256	65536	sparse	Otsu	867	13	94	8070	46.206664	0.987903	0.998087	43.968431	0.664101	0.612929	True	0.104500	31.223280	0.859684	35.287171	0.509338	0.917173	M1_003_y512x256	89	8487	45.578071	0.987543	42.670650	0.997698	0.611860	0.668458	50	52	0.000000	250	21.410974	0.423506	0.852759	17.882995	1.000000	0.511357	-7.404681	0.172725	-14.343524	-0.128307	0.099292	43.229030	0.999814
M1_003_y512x768.png	0.132394	0.116737	0.209068	0.120063	0.808203	0.997342	33.395273	0.984408	36.226105	0.675780	0.983050	2.700612	33.384018	0.875894	10254	8	6	49	54	1.988889	0.750000	360	358	1850.432683	8.075897	0.000000	-0.003031	-9.589673	-0.002315	-0.011694	-0.022219	6243.333578	0.675780	0.675780	8	6	2	49	54	1.988889	0.750000	8	6	360	358	257	5.168806	8.075897	1850.432683	0.000000	32222	3.142383	6.391262	256x256	65536	sparse	Otsu	1172	8	95	9330	46.834619	0.987209	0.997131	44.964659	0.747375	0.691125	True	0.132535	33.392551	0.878055	36.238734	0.370044	0.999345	M1_003_y512x768	92	9723	45.895596	0.986248	43.434155	0.996103	0.697999	0.724068	50	88	0.000000	249	22.030331	0.430726	0.835524	18.984967	0.999158	0.595693	-7.208051	0.258982	-12.511578	-0.110354	0.135425	42.984946	0.999657
M1_003_y768x512.png	0.271672	0.001674	0.003343	0.085106	0.001705	0.980957	22.750211	0.999975	29.036797	0.004612	0.355964	1.329971	24.008486	0.705815	907	1	0	0	2	1.600000	0.000000	5	4	22.242641	3.394789	0.000000						723.714352	0.004612	0.004612	1	0	1	0	2	1.600000	0.000000	1	0	5	4	3	5.560660	3.394789	22.242641	0.000000	35502	39.142227	72.255788	256x256	65536	dense	Frangi	136	1	2	874	33.153776	0.875533	0.999924	24.673105	0.571268	0.004423	True	0.271588	24.009382	0.705804	29.021609	0.554028	0.736842	M1_003_y768x512																									
M1_003_y768x768.png	0.314772	0.119976	0.214248	0.193486	0.240000	0.985602	25.280875	0.997534	32.843706	0.386570	0.247735	0.561124	28.286452	0.808388	5727	30	0	6	66	1.527559	0.000000	127	97	452.918831	4.710189	0.000000	-0.055450	-15.196765	-0.013241	-0.001749	0.006209	2864.908218	0.386570	0.386570	30	0	30	6	66	1.527559	0.000000	30	0	127	97	55	4.669266	4.710189	452.918831	0.000000	32515	5.677493	11.443339	256x256	65536	dense	Meijering	681	30	90	5722	43.994641	0.981822	0.999504	40.473687	0.236128	0.380238	True	0.319145	28.289035	0.809448	32.850325	0.481077	0.269944	M1_003_y768x768	76	5712	43.165076	0.980862	38.151967	0.999283	0.380361	0.251986	60	7	0.000000	344	24.086750	0.563901	0.956062	17.012930	0.460354	0.284019	-5.308261	-0.004251	-14.878624	-0.172474	0.370222	40.477640	0.998843
M1_004_y256x256.png	0.102969	0.109759	0.197806	0.115389	0.692255	0.997855	28.251137	0.993698	34.862136	0.517406	0.988040	1.063661	32.102560	0.889144	13525	13	29	139	110	2.045911	2.230769	697	713	3248.466304	3.183091	0.000000	-0.006855	-15.027714	-0.002007	-0.005212	-0.030571	2661.723614	0.517406	0.517406	13	29	-16	139	110	2.045911	2.230769	13	28	697	713	448	4.556054	3.183091	3248.466304	0.000000	31137	2.302181	4.845545	256x256	65536	sparse	Learned	1638	13	98	13130	48.897191	0.992618	0.999461	47.406361	0.860124	0.547142	True	0.102922	32.103098	0.890161	34.880425	0.869971	0.925354	M1_004_y256x256	94	12241	46.233425	0.989356	43.887138	0.998910	0.547976	0.859218	37	118	0.000000	247	21.815663	0.398623	0.936417	19.089265	0.999771	0.409930	-9.025002	0.128822	-14.130865	-0.100212	0.109824	43.278851	0.999863
M1_004_y256x512.png	0.108271	0.111693	0.200942	0.111884	0.984937	0.999347	34.117573	0.989201	34.157504	0.668947	0.833373	0.926745	30.006911	0.833519	9384	15	3	39	63	1.921053	0.200000	304	292	1518.810317	7.013483	0.000000	-0.001539	-6.395866	-0.000464	-0.007630	-0.015630	5139.389753	0.668947	0.668947	15	3	12	39	63	1.921053	0.200000	15	3	304	292	202	5.201405	7.013483	1518.810317	0.000000	32505	3.463875	6.983802	256x256	65536	sparse	Otsu	948	15	94	9332	45.447875	0.987051	0.998084	43.277274	0.573692	0.679369	True	0.108333	30.010651	0.834685	34.171602	0.851425	0.789054	M1_004_y256x512	89	9015	43.685688	0.983182	40.636749	0.996831	0.684577	0.609372	48	52	0.000000	247	20.797596	0.392410	0.868754	17.362811	0.980937	0.521749	-6.479245	0.224001	-13.678777	-0.149663	0.109810	40.513439	0.999811
M1_004_y512x0.png	0.069536	0.000000	0.000000	0.000000	0.000000	0.994530	17.476260	0.999995	29.629811	0.003703	0.213372	1.557128	28.544771	0.830411	522	1	0	0	2	1.333333	0.000000	3	2	12.656854	2.401835	0.000000						610.951185	0.003703	0.003703	1	0	1	0	2	1.333333	0.000000	1	0	3	2	1	6.328427	2.401835	12.656854	0.000000	25868	49.555556	125.547893	256x256	65536	dense	Frangi	56	1	3	502	36.266210	0.906886	0.999986	22.900294	0.969953	0.003737	True	0.069562	28.545928	0.833030	29.597464	0.510808	0.795394	M1_004_y512x0																									
M1_004_y768x0.png	0.079733	0.055066	0.104385	0.055066	1.000000	0.999887	36.592969	0.989307	35.170343	0.609246	0.783846	1.467506	29.840996	0.855034	10546	17	2	39	72	1.900990	0.117647	303	288	1458.383910	6.714032	0.000000	0.028019	-5.737057	-0.000085	-0.008719	-0.100992	12826.056719	0.609246	0.609246	17	2	15	39	72	1.900990	0.117647	17	1	303	288	192	5.063833	6.714032	1458.383910	0.000000	32084	3.042291	6.214299	256x256	65536	sparse	Otsu	1412	17	96	9502	47.119865	0.988314	0.998557	45.360250	0.618235	0.708378	True	0.079665	29.837458	0.855508	35.168299	0.387374	0.568473	M1_004_y768x0	92	9629	46.394035	0.987884	43.927321	0.998026	0.710238	0.704127	46	51	0.000000	248	21.642789	0.475033	0.878851	17.676250	0.956717	0.483835	-8.756978	0.079719	-16.553040	-0.132849	0.051715	42.330026	0.999972
M1_004_y768x512.png	0.134748	0.023364	0.045662	0.527778	0.023863	0.981964	19.350328	0.999889	24.465959	0.006093	0.118973	1.441915	22.547888	0.674027	947	3	0	0	6	1.000000	0.000000	6	3	17.242641	3.183162	0.000000						491.028309	0.006093	0.006093	3	0	3	0	6	1.000000	0.000000	3	0	6	3	0	5.747547	3.183162	17.242641	0.000000	32414	34.228089	69.203801	256x256	65536	sparse	Frangi	127	3	1	878	31.505104	0.854036	0.999879	23.527004	0.686273	0.011981	True	0.134999	22.547269	0.675532	24.461810	0.672994	0.970401	M1_004_y768x512																									
M1_004_y768x768.png	0.255550	0.167678	0.287199	0.170256	0.917175	0.997938	31.746848	0.988090	34.551557	0.518983	0.728651	0.599281	29.724158	0.785581	12396	23	3	52	93	1.890110	0.130435	364	344	1684.035713	6.377987	0.000000	0.003117	-10.511403	-0.001860	-0.009407	-0.046655	13950.763464	0.518983	0.518983	23	3	20	52	93	1.890110	0.130435	23	3	364	344	219	4.895453	6.377987	1684.035713	0.000000	35507	2.864392	5.286867	256x256	65536	sparse	Otsu	1507	23	94	11168	45.269208	0.987024	0.998006	43.798745	0.264034	0.534165	True	0.255431	29.723808	0.786612	34.558729	0.640060	0.383576	M1_004_y768x768	91	11802	44.579772	0.985990	42.534780	0.997497	0.565638	0.297972	119	32	0.000000	247	21.467771	0.496341	0.848591	18.025954	1.000000	0.454003	-7.983223	0.430679	-14.855614	-0.200410	0.252433	42.258251	0.999798
M1_005_y256x512.png	0.118229	0.000000	0.000000	0.000000	0.000000	0.983102	22.027370	0.999984	24.479254	0.001656	0.130642	1.548376	26.023342	0.726243	544	1	0	0	2	1.000000	0.000000	2	1	6.414214	3.352061	0.000000						484.619617	0.001656	0.001656	1	0	1	0	2	1.000000	0.000000	1	0	2	1	0	6.414214	3.352061	6.414214	0.000000	31883	58.608456	120.470588	256x256	65536	sparse	Frangi	64	1									True	0.118270	26.028122	0.727320	24.575278	0.645838	1.000000	M1_005_y256x512																									
M1_005_y512x0.png	0.093696	0.093612	0.171198	0.094776	0.884011	0.999098	31.366567	0.992767	35.338775	0.584801	0.931110	1.719930	32.379182	0.901372	12965	21	30	120	107	2.025899	1.428571	695	704	3177.093721	3.159492	0.000000	0.013774	-12.550695	-0.000847	-0.006112	0.019499	2591.622353	0.584801	0.584801	21	30	-9	120	107	2.025899	1.428571	21	29	695	704	468	4.512917	3.159492	3177.093721	0.000000	32111	2.476745	5.054840	256x256	65536	sparse	Learned	1604	21	97	12080	47.660471	0.988064	0.999217	46.825812	0.675700	0.559139	True	0.093658	32.368647	0.901646	35.355350	0.475046	0.817046	M1_005_y512x0	94	11736	46.869372	0.988205	44.784682	0.998879	0.565302	0.809671	40	103	0.000000	245	21.721555	0.555395	0.927448	18.867317	0.999633	0.366538	-9.445907	0.121439	-14.490190	-0.086833	0.079922	43.917262	0.999944
M1_005_y512x768.png	0.265918	0.232600	0.377414	0.235068	0.956815	0.996137	32.719147	0.983940	35.894589	0.726453	0.994822	1.198752	31.788599	0.869100	11915	6	7	48	46	2.005731	1.166667	349	350	1825.214429	8.023710	0.000000	0.048343	-10.037304	-0.003264	-0.012265	0.010939	16547.815323	0.726453	0.726453	6	7	-1	48	46	2.005731	1.166667	6	7	349	350	255	5.214898	8.023710	1825.214429	0.000000	33111	2.778934	5.500294	256x256	65536	sparse	Otsu	1573	6	96	10956	47.033825	0.988043	0.997570	45.558760	0.735726	0.714975	True	0.265710	31.789530	0.870325	35.896530	0.718401	0.861185	M1_005_y512x768	93	11123	45.715407	0.986008	43.626113	0.996205	0.715514	0.798005	41	92	0.000000	249	22.978230	0.478434	0.850200	20.380330	0.904948	0.586288	-7.731524	0.196817	-13.926807	-0.116908	0.217575	42.756451	0.999401
M1_005_y768x0.png	0.053012	0.050000	0.095238	0.051059	0.706872	0.999448	27.051819	0.996211	34.593892	0.481894	0.644590	1.942326	32.725016	0.926834	8535	28	8	51	92	1.894459	0.285714	379	359	1688.420490	3.008331	0.000000	0.012213	-16.481762	-0.000536	-0.003275	0.032432	2845.505238	0.481894	0.481894	28	8	20	51	92	1.894459	0.285714	29	8	379	359	236	4.703121	3.008331	1688.420490	0.000000	28157	3.299004	7.678500	256x256	65536	sparse	Learned	1055	29	97	7436	48.725745	0.989555	0.999606	46.633969	0.648269	0.463185	True	0.052988	32.737485	0.928421	34.610705	0.327762	0.636621	M1_005_y768x0	93	8527	47.813650	0.990208	44.311566	0.999486	0.449462	0.795131	26	55	0.000000	249	22.929614	0.544155	0.947548	16.562061	0.998338	0.317559	-9.717674	-0.150541	-15.088634	-0.063374	0.040799	43.533581	0.999984
M1_005_y768x256.png	0.406572	0.272239	0.427969	0.303250	0.726940	0.982793	23.316948	0.989654	33.720937	0.499183	0.517240	0.420269	27.048949	0.739773	11145	34	4	34	95	1.806452	0.117647	310	280	1366.472222	5.799457	0.000000	0.046900	-18.844542	-0.016415	-0.007976	-0.017565	11782.859564	0.499183	0.499183	34	4	30	34	95	1.806452	0.117647	34	4	310	280	181	4.880258	5.799457	1366.472222	0.000000	36943	3.314760	5.880305	256x256	65536	sparse	Otsu	1340	34	92	10084	43.895280	0.981927	0.997944	42.622350	0.233433	0.530931	True	0.406311	27.044457	0.739674	33.730600	0.817316	0.343493	M1_005_y768x256	87	10609	43.534893	0.980678	41.915681	0.997630	0.516747	0.219797	139	27	0.000000	247	21.693323	0.549270	0.894261	18.112061	0.627679	0.349968	-8.194744	0.297443	-16.485944	-0.240905	0.359672	42.161490	0.999209
M1_005_y768x512.png	0.486010	0.000000	0.000000	0.000000	0.000000	0.932750	19.380050	0.999978	27.922108	0.002499	0.113080	0.755049	20.943989	0.539855	594	1	0	0	2	1.000000	0.000000	2	1	5.414214	3.098713	0.000000						486.531496	0.002499	0.002499	1	0	1	0	2	1.000000	0.000000	1	0	2	1	0	5.414214	3.098713	5.414214	0.000000	38542	64.885522	110.329966	256x256	65536	dense	Frangi	55	1									True	0.486244	20.942837	0.539967	27.920582	0.928161	0.700807	M1_005_y768x512																									
M1_005_y768x768.png	0.052495	0.000000	0.000000	0.000000	0.000000	0.992192	20.226229	0.999953	22.227378	0.001646	0.113080	1.670813	22.950035	0.680676	556	1	0	0	2	1.000000	0.000000	2	1	5.414214	3.098713	0.000000						466.617346	0.001646	0.001646	1	0	1	0	2	1.000000	0.000000	1	0	2	1	0	5.414214	3.098713	5.414214	0.000000	33245	59.793165	117.870504	256x256	65536	sparse	Frangi	55	1									True	0.051710	22.949187	0.681995	22.204246	0.598280	0.999614	M1_005_y768x768																									
M1_006_y0x512.png	0.190105	0.133183	0.235060	0.144452	0.630617	0.997434	25.221531	0.995281	35.570819	0.660156	0.995204	1.756606	36.594440	0.971166	5409	3	8	33	26	2.052356	2.666667	191	196	910.281313	3.685443	0.000000	0.015317	-21.290691	-0.002455	-0.004115	-0.052887	5171.699286	0.660156	0.660156	3	8	-5	33	26	2.052356	2.666667	3	10	191	196	132	4.644292	3.685443	910.281313	0.000000	12625	2.334073	12.116103	256x256	65536	sparse	Learned	906	3	100	3276	54.673844	0.995449	0.999581	49.410604	0.755857	0.708585	True	0.190204	36.614673	0.973772	35.578184	0.493383	0.866680	M1_006_y0x512	96	4953	53.989581	0.996281	47.435651	0.999396	0.713043	0.797294	10	17	0.000000	407	39.376252	0.936839	0.992072	31.592033	0.988086	0.577958	-11.864832	0.197910	-17.395141	-0.025115	0.174788	46.512222	0.999889
M1_006_y0x768.png	0.031181	0.046732	0.089291	0.061496	0.162934	0.993390	26.016072	0.998114	31.945760	0.314455	0.238380	0.270465	27.972508	0.766938	4189	26	0	6	58	1.527273	0.000000	110	84	371.906638	4.477951	0.000000	-0.000715	-12.299270	-0.005995	-0.001109	-0.007656	2230.900526	0.314455	0.314455	26	0	26	6	58	1.527273	0.000000	26	0	110	84	46	4.427460	4.477951	371.906638	0.000000	33329	7.956314	15.644784	256x256	65536	sparse	Meijering	353	26	82	4076	41.791218	0.972613	0.999484	36.979878	0.095163	0.318238	True	0.030866	27.974297	0.767132	31.964170	0.396159	0.107147	M1_006_y0x768	46	4185	40.291745	0.964749	34.194458	0.999223	0.322110	0.097900	33	1	0.365385	462	25.688774	0.697082	0.976707	18.458970	0.165525	0.376179	-2.248699	0.140480	-12.319237	-0.197812	0.031896	38.315342	0.999385
M1_006_y256x512.png	0.198655	0.003666	0.007305	0.240964	0.003709	0.968544	21.884428	0.999972	26.146842	0.004244	0.095163	1.251689	23.242524	0.631234	638	1	0	0	2	1.333333	0.000000	3	2	4.828427	3.944432	0.000000						492.656231	0.004244	0.004244	1	0	1	0	2	1.333333	0.000000	1	0	3	2	1	2.414214	3.944432	4.828427	0.000000	34311	53.778997	102.721003	256x256	65536	sparse	Frangi	79	1									True	0.198254	23.241557	0.631638	26.211673	0.612706	0.766918	M1_006_y256x512																									
M1_006_y512x512.png	0.295355	0.195591	0.327186	0.201013	0.878801	0.992372	25.818416	0.986728	35.820605	0.442049	0.544727	0.846636	30.027949	0.794988	11322	35	1	40	108	1.800587	0.028571	341	307	1527.325035	6.226903	0.000000	0.033680	-17.398833	-0.007016	-0.010699	-0.045796	12508.404016	0.442049	0.442049	35	1	34	40	108	1.800587	0.028571	35	1	341	307	193	4.975000	6.226903	1527.325035	0.000000	34063	3.008567	5.788377	256x256	65536	sparse	Otsu	1400	35	95	11268	46.334253	0.988303	0.997912	45.158208	0.289736	0.496241	True	0.295067	30.027125	0.794879	35.819944	0.366307	0.310129	M1_006_y512x512	91	11018	45.769010	0.987322	43.929653	0.997428	0.487845	0.274692	138	27	0.000000	249	22.987999	0.571566	0.849340	19.696999	0.787752	0.359348	-8.109048	0.270034	-15.741061	-0.192334	0.261675	43.217249	0.999388
M1_006_y768x512.png	0.186368	0.136288	0.239883	0.145895	0.674240	0.993302	30.488536	0.992009	35.988033	0.452430	0.851463	1.064847	33.480462	0.899692	11756	26	18	97	117	1.974194	0.692308	620	612	2844.934342	3.344921	0.000000	-0.015427	-14.146657	-0.006230	-0.006954	0.004135	2832.134485	0.452430	0.452430	26	18	8	97	117	1.974194	0.692308	26	17	620	612	406	4.648586	3.344921	2844.934342	0.000000	30662	2.608200	5.574685	256x256	65536	sparse	Learned	1367	26	97	10938	48.345915	0.991020	0.999131	46.939843	0.436030	0.448553	True	0.186579	33.485378	0.900161	36.016650	0.453379	0.482779	M1_006_y768x512	94	11575	47.627297	0.990389	45.499563	0.998962	0.448296	0.448093	64	24	0.063348	247	23.280097	0.548973	0.903459	19.538887	0.931437	0.311073	-9.511530	0.403371	-14.146835	-0.090697	0.201795	44.635193	0.999532
M1_006_y768x768.png	0.216796	0.205399	0.340799	0.258106	0.501459	0.987961	29.963944	0.993444	35.131728	0.475310	0.567992	0.504464	30.328661	0.822210	14515	58	19	88	169	1.878505	0.327586	642	603	2710.116016	3.443461	0.000000	-0.014613	-14.376690	-0.011089	-0.005476	-0.031549	3434.976101	0.475310	0.475310	58	19	39	88	169	1.878505	0.327586	58	17	642	603	385	4.494388	3.443461	2710.116016	0.000000	35220	2.426455	4.515053	256x256	65536	dense	Learned	1861	58	96	13636	46.522849	0.988661	0.999224	45.736700	0.315764	0.503882	True	0.216911	30.306598	0.822519	35.163005	0.706242	0.356274	M1_006_y768x768	93	12986	45.205558	0.984282	44.031206	0.998920	0.506859	0.358068	110	42	0.000000	248	22.243281	0.594575	0.931984	18.894135	0.999590	0.289153	-8.899479	0.209924	-14.876897	-0.162072	0.231409	44.340634	0.999050
M1_007_y512x0.png	0.018507	0.034384	0.066481	0.035054	0.642473	0.999425	25.946646	0.996162	32.602751	0.308977	0.575991	1.754946	28.529727	0.829653	12162	49	6	76	163	1.846429	0.122449	560	517	2371.895670	2.947169	0.000000	-0.000203	-14.190938	-0.000555	-0.003247	-0.000255	2298.391104	0.308977	0.308977	49	6	43	76	163	1.846429	0.122449	50	6	560	517	321	4.587806	2.947169	2371.895670	0.000000	34744	2.856767	5.388587	256x256	65536	sparse	Learned	1247	50	95	11850	45.888077	0.987540	0.999632	44.562516	0.995058	0.309233	True	0.018510	28.529982	0.830161	32.612222	0.565402	0.992250	M1_007_y512x0	91	11586	43.632157	0.983489	41.542284	0.999409	0.309232	0.997634	3	11	0.113333	250	20.006913	0.425338	0.942713	15.242831	0.999969	0.295134	-8.939533	-0.421644	-15.102430	-0.153836	0.018710	40.137583	0.999980
M1_007_y512x256.png	0.156380	0.165867	0.284538	0.169883	0.875235	0.997565	34.319317	0.984003	34.428027	0.704813	0.998864	1.107745	29.159683	0.874149	9436	4	4	39	42	2.000000	1.000000	290	290	1550.751442	8.839179	0.000000	-0.002243	-7.418968	-0.001910	-0.011500	-0.016015	5929.235697	0.704813	0.704813	4	4	0	39	42	2.000000	1.000000	4	3	290	290	209	5.347419	8.839179	1550.751442	0.000000	32283	3.421259	6.945316	256x256	65536	sparse	Otsu	929	4	94	9166	45.738189	0.986521	0.997105	43.822705	0.839815	0.716250	True	0.153007	29.161002	0.875119	34.460522	0.902509	0.999750	M1_007_y512x256	90	9348	44.335196	0.985281	41.624455	0.995503	0.720828	0.868150	23	64	0.000000	247	21.062168	0.415440	0.840361	18.181893	0.925230	0.616282	-7.196428	0.130714	-15.175513	-0.111132	0.158623	41.738285	0.999475
M1_007_y512x512.png	0.236635	0.253654	0.404663	0.280244	0.727768	0.989122	27.306947	0.991749	33.127375	0.441007	0.970169	0.649511	28.462253	0.834362	16125	18	31	143	125	2.033419	1.722222	778	791	3597.367891	3.266992	0.000000	-0.011566	-15.307910	-0.010264	-0.007146	-0.013893	3348.779678	0.441007	0.441007	18	31	-13	143	125	2.033419	1.722222	18	26	778	791	510	4.547873	3.266992	3597.367891	0.000000	35496	2.201302	4.064248	256x256	65536	sparse	Learned	1819	18	97	15932	47.553395	0.992142	0.999443	46.646734	0.719729	0.454430	True	0.236395	28.461761	0.835189	33.141326	0.989642	0.642783	M1_007_y512x512	94	15888	44.687707	0.987831	43.108598	0.998895	0.454900	0.711635	34	38	0.324786	249	20.295460	0.382954	0.922604	17.661725	0.999977	0.374595	-9.981223	0.258534	-16.225455	-0.153469	0.248201	42.614857	0.999385
M1_007_y512x768.png	0.171201	0.138187	0.242819	0.146899	0.699696	0.997254	27.583210	0.994403	34.119656	0.503470	0.985752	2.119653	32.276302	0.903192	9913	9	19	88	75	2.044150	2.111111	453	463	2183.581961	3.198499	0.000000	-0.021494	-15.034039	-0.002554	-0.004608	-0.029294	2409.029484	0.503470	0.503470	9	19	-10	88	75	2.044150	2.111111	9	20	453	463	290	4.716160	3.198499	2183.581961	0.000000	29150	2.940583	6.611117	256x256	65536	sparse	Learned	1199	9	96	8078	47.974028	0.987744	0.999342	45.541273	0.650869	0.531141	True	0.171310	32.274066	0.906519	34.123965	0.459359	0.973682	M1_007_y512x768	93	8960	46.532149	0.987768	43.140550	0.999012	0.532764	0.753063	29	49	0.000000	246	21.359533	0.349848	0.935374	16.322219	0.978290	0.360917	-9.020894	0.232689	-14.255847	-0.084576	0.192695	42.617249	0.999808
M1_007_y768x0.png	0.133954	0.211487	0.349136	0.226298	0.763666	0.996166	27.432667	0.994115	33.362505	0.403023	0.549034	1.406381	28.694358	0.802900	7502	22	0	21	65	1.789474	0.000000	209	187	955.896536	5.281950	0.000000	0.000400	-13.703691	-0.003460	-0.004569	0.002026	5460.241079	0.403023	0.403023	22	0	22	21	65	1.789474	0.000000	22	0	209	187	123	5.111746	5.281950	955.896536	0.000000	30710	4.093575	8.735804	256x256	65536	sparse	Meijering	866	22	92	6510	44.534777	0.982216	0.998844	41.842997	0.716099	0.400314	True	0.134070	28.692360	0.804412	33.369292	0.680181	0.956593	M1_007_y768x0	87	7196	44.427452	0.981128	41.264075	0.998685	0.400997	0.655670	26	15	0.000000	279	25.419385	0.516416	0.945530	21.020829	0.990245	0.357340	-7.901570	-0.106636	-15.733094	-0.178227	0.133554	41.136358	0.999625
M1_007_y768x256.png	0.058155	0.061140	0.115235	0.062225	0.778137	0.998897	28.687448	0.991543	34.376427	0.464751	0.996817	2.009489	29.924395	0.854400	13877	9	23	119	93	2.041543	2.555556	674	688	3246.780013	3.404818	0.000000	-0.002702	-14.778305	-0.001016	-0.006982	-0.007405	2948.967457	0.464751	0.464751	9	23	-14	119	93	2.041543	2.555556	10	22	674	688	462	4.719157	3.404818	3246.780013	0.000000	32162	2.317648	4.722635	256x256	65536	sparse	Learned	1631	10	97	13166	47.871633	0.990770	0.999101	46.708723	0.853191	0.472868	True	0.058127	29.940380	0.855676	34.405565	0.485212	0.975028	M1_007_y768x256	94	13239	45.906819	0.987360	44.059869	0.998525	0.472155	0.791888	31	55	0.000000	248	22.493922	0.458134	0.931650	20.171576	0.889933	0.254791	-9.683441	0.204930	-15.982425	-0.132959	0.060857	43.465753	0.999913
M1_007_y768x512.png	0.219965	0.236029	0.381916	0.366098	0.399162	0.979754	24.572353	0.996387	31.485035	0.228461	0.355335	0.955566	25.703290	0.647097	8832	41	1	18	99	1.674797	0.024390	246	206	980.364574	4.749597	0.000000	-0.034051	-13.574007	-0.018509	-0.002415	-0.045198	4524.724245	0.228461	0.228461	41	1	40	18	99	1.674797	0.024390	41	0	246	206	129	4.759051	4.749597	980.364574	0.000000	40482	4.583560	7.420290	256x256	65536	sparse	Meijering	866	41	85	8792	40.357228	0.974099	0.999076	39.002340	0.874945	0.266814	True	0.220020	25.699291	0.647126	31.494677	0.872938	0.834149	M1_007_y768x512	75	8824	39.549885	0.973167	36.594173	0.998802	0.273659	0.887871	37	107	0.000000	250	18.258951	0.390552	0.917390	12.749419	0.999775	0.212005	-5.109139	-0.532536	-13.846595	-0.326071	0.254016	38.146360	0.998263
M1_008_y0x768.png	0.358471	0.191310	0.321177	0.196844	0.871892	0.998118	30.425420	0.990972	35.675350	0.382038	0.984477	0.526410	34.470225	0.919787	10908	11	21	93	77	2.037175	1.909091	538	548	2632.512986	3.259827	0.000000	-0.064617	-13.237525	-0.001715	-0.007550	0.000169	2764.478445	0.382038	0.382038	11	21	-10	93	77	2.037175	1.909091	11	21	538	548	368	4.803856	3.259827	2632.512986	0.000000	25246	2.314448	6.008067	256x256	65536	sparse	Learned	1358	11	98	10136	49.945594	0.993246	0.999177	47.730821	0.287117	0.390045	True	0.358462	34.475311	0.920345	35.670139	0.668458	0.351883	M1_008_y0x768	94	9549	47.621930	0.990175	44.574195	0.998521	0.381869	0.306446	54	7	0.000000	249	22.311736	0.562120	0.877551	17.839563	0.841183	0.255884	-8.898845	0.678032	-13.151705	-0.070387	0.423087	43.662945	0.999833
M1_008_y256x256.png	0.103219	0.144295	0.252199	0.154016	0.695706	0.998131	25.841814	0.997422	32.540417	0.210809	0.259182	0.392058	28.655608	0.719491	5447	34	0	5	73	1.540541	0.000000	148	114	540.617316	4.758060	0.000000	-0.010709	-11.597648	-0.001697	-0.001568	-0.002753	2331.981659	0.210809	0.210809	34	0	34	5	73	1.540541	0.000000	34	0	148	114	70	4.742257	4.758060	540.617316	0.000000	36272	6.659078	12.031577	256x256	65536	sparse	Meijering	450	34	84	5116	41.101340	0.967451	0.999174	38.137869	0.072613	0.212985	True	0.103183	28.662667	0.719805	32.553327	0.190388	0.074643	M1_008_y256x256	60	5345	40.467086	0.965561	36.251271	0.998990	0.213562	0.074385	37	0	0.955882	403	23.899318	0.613962	0.958722	17.156578	0.171385	0.313928	-3.710854	0.184796	-11.811478	-0.246070	0.113928	37.439462	0.999828
M1_008_y512x0.png	0.025424	0.000815	0.001629	0.011236	0.000878	0.988946	15.774679	0.999979	27.878070	0.001964	0.164730	5.663005	27.445892	0.735145	664	1	0	0	2	1.333333	0.000000	3	2	9.656854	3.495276	0.000000						542.285204	0.001964	0.001964	1	0	1	0	2	1.333333	0.000000	1	0	3	2	1	4.828427	3.495276	9.656854	0.000000	31672	47.698795	98.698795	256x256	65536	dense	Frangi	84	1	1	630	33.599344	0.868777	0.999952	22.837740	1.000000	0.002002	True	0.025428	27.450820	0.736689	27.869517	0.176439	0.999175	M1_008_y512x0																									
M1_008_y512x256.png	0.152130	0.002904	0.005791	0.450980	0.002914	0.962309	18.297211	0.999996	27.045152	0.001056	0.130642	2.234293	22.971616	0.546664	560	1	0	1	3	1.500000	0.000000	4	3	6.828427	3.252513	0.000000						488.353252	0.001056	0.001056	1	0	1	1	3	1.500000	0.000000	1	0	4	3	0	2.276142	3.252513	6.828427	0.000000	38782	69.253571	117.028571	256x256	65536	sparse	Frangi	51	1									True	0.152156	22.971489	0.546685	26.926554	0.447301	0.999401	M1_008_y512x256																									
M1_008_y512x512.png	0.192489	0.000000	0.000000	0.000000	0.000000	0.951231	17.518071	0.999984	26.077706	0.001088	0.113080	1.339479	21.178953	0.573626	573	1	0	0	2	1.000000	0.000000	2	1	5.414214	3.098713	0.000000						486.676931	0.001088	0.001088	1	0	1	0	2	1.000000	0.000000	1	0	2	1	0	5.414214	3.098713	5.414214	0.000000	38504	67.197208	114.373473	256x256	65536	dense	Frangi	55	1									True	0.192665	21.179698	0.573749	26.048326	0.746528	0.999958	M1_008_y512x512																									
M1_008_y512x768.png	0.305440	0.239278	0.386157	0.266719	0.699315	0.998854	32.002358	0.997733	35.081118	0.441929	0.940095	1.072721	39.899272	0.969079	3528	4	5	31	29	2.013986	1.250000	143	144	664.239682	3.093580	0.000000	-0.095157	-10.194977	-0.000966	-0.001880	-0.025542	1769.773245	0.441929	0.441929	4	5	-1	31	29	2.013986	1.250000	4	6	143	144	83	4.612776	3.093580	664.239682	0.000000	21477	6.087585	18.575964	256x256	65536	sparse	Learned	457	4	97	3100	50.395549	0.985669	0.999751	46.376703	0.350791	0.469697	True	0.292596	39.956548	0.975804	35.095921	0.363646	0.390090	M1_008_y512x768	90	3339	49.380103	0.986557	42.817416	0.999613	0.467470	0.432350	16	6	0.000000	597	41.399955	0.858033	0.997092	33.800935	0.311564	0.453068	-7.736298	0.507745	-9.480830	-0.017477	0.400597	42.197336	0.999820
M1_008_y768x0.png	0.095138	0.085747	0.157949	0.087555	0.805888	0.997011	30.355370	0.990912	35.426622	0.558279	0.923136	2.482042	30.952624	0.835034	22366	35	39	202	200	2.007188	1.114286	1113	1117	5116.776188	2.989793	0.000000	0.013042	-15.548331	-0.002881	-0.008203	0.010506	3123.391151	0.558279	0.558279	35	39	-4	202	200	2.007188	1.114286	35	42	1113	1117	711	4.580820	2.989793	5116.776188	0.000000	36840	1.647143	2.930162	256x256	65536	dense	Learned	3026	35	100	20658	49.180399	0.994149	0.999539	49.199738	0.524267	0.546939	True	0.095443	30.957421	0.835094	35.436062	0.221978	0.550958	M1_008_y768x0	96	21106	46.698036	0.989837	46.272247	0.999116	0.547774	0.525009	139	194	0.000000	245	23.297654	0.553695	0.899571	20.803241	0.981830	0.375124	-10.845625	0.398126	-15.745412	-0.154803	0.082096	45.903701	0.999892
M1_008_y768x256.png	0.305769	0.272041	0.427724	0.302978	0.727093	0.987062	30.383264	0.990268	35.306907	0.496242	0.925912	0.846714	30.591652	0.841658	21088	31	35	181	177	2.007775	1.129032	1029	1033	4768.751801	3.182144	0.000000	-0.001997	-14.670904	-0.012074	-0.008493	-0.022427	3433.018446	0.496242	0.496242	31	35	-4	181	177	2.007775	1.129032	32	35	1029	1033	671	4.616410	3.182144	4768.751801	0.000000	37238	1.765838	3.107739	256x256	65536	dense	Learned	2784	32	100	21048	49.227828	0.994257	0.999505	49.270921	0.419464	0.517533	True	0.305697	30.592780	0.841618	35.312939	0.474310	0.401605	M1_008_y768x256	95	18845	45.857109	0.988265	45.193021	0.998761	0.518669	0.400350	142	110	0.000000	248	21.937752	0.536175	0.894639	19.999585	0.773012	0.241080	-9.886114	0.525562	-15.265457	-0.146607	0.307766	45.054168	0.999136
M1_008_y768x512.png	0.129143	0.000000	0.000000	0.000000	0.000000	0.989115	18.433387	0.999994	25.583920	0.002415	0.147856	2.684268	27.530860	0.880170	395	1	0	0	2	1.333333	0.000000	3	2	7.414214	2.209055	0.000000						522.391558	0.002415	0.002415	1	0	1	0	2	1.333333	0.000000	1	0	3	2	1	3.707107	2.209055	7.414214	0.000000	25002	63.296203	165.913924	256x256	65536	sparse	Frangi	32	1									True	0.129608	27.534573	0.882653	25.567233	0.372150	0.998951	M1_008_y768x512																									
M1_009_y256x0.png	0.024182	0.000000	0.000000	0.000000	0.000000	0.932460	20.776086	0.999658	25.510985	0.148685	0.183994	0.569426	16.819609	0.432479	1700	6	0	1	13	1.400000	0.000000	20	14	62.870058	3.961371	0.000000	-0.004706	-3.093997	-0.009928	0.001465	0.055996	879.329920	0.148685	0.148685	6	0	6	1	13	1.400000	0.000000	6	0	20	14	6	4.490718	3.961371	62.870058	0.000000	40058	23.563529	38.550588	256x256	65536	sparse	Frangi	154	6									True	0.028310	16.819833	0.432552	25.513648	0.536361	0.305418	M1_009_y256x0	2	1645	22.874107	0.614017	18.287344	0.998193	0.092689	0.164056	124	3	0.000000	5571	36.559074	0.955120	0.999945	33.113595	0.091462	0.097222	7.223641	0.019938	-6.054498	-0.181538	0.028888	23.870083	0.942389
M1_009_y256x512.png	0.182268	0.137697	0.242062	0.143662	0.768312	0.998008	30.455550	0.993745	33.950157	0.397568	0.509648	0.576171	31.790615	0.853151	6090	19	1	17	53	1.783133	0.052632	166	148	757.168614	6.354034	0.000000	0.045436	-9.510000	-0.001742	-0.004487	0.138543	3674.626589	0.397568	0.397568	19	1	18	17	53	1.783133	0.052632	19	2	166	148	96	5.116004	6.354034	757.168614	0.000000	30443	4.998851	10.761248	256x256	65536	sparse	Otsu	556	19	91	5630	44.818376	0.982381	0.998366	41.523171	0.109822	0.253575	True	0.181635	31.801195	0.854234	33.970749	0.433059	0.249516	M1_009_y256x512	80	6089	44.121343	0.981893	39.719112	0.998232	0.259025	0.111008	60	1	0.000000	342	23.866196	0.547155	0.920751	17.873127	0.785114	0.351240	-5.768955	0.398640	-12.330727	-0.128741	0.136832	39.965550	0.999751
M1_009_y512x256.png	0.048442	0.115023	0.206316	0.185772	0.231969	0.990702	26.234830	0.998457	31.553955	0.361792	0.224618	0.157401	27.340568	0.784009	4113	25	0	4	54	1.479167	0.000000	96	71	334.007143	4.573009	0.000000	-0.013933	-10.646677	-0.008082	-0.000846	-0.003627	2037.494421	0.361792	0.361792	25	0	25	4	54	1.479167	0.000000	25	0	96	71	38	4.704326	4.573009	334.007143	0.000000	32450	7.889618	15.933868	256x256	65536	sparse	Meijering	336	25	81	4010	41.411746	0.971184	0.999504	36.067866	0.070374	0.362933	True	0.048452	27.345493	0.784361	31.578975	0.554251	0.087240	M1_009_y512x256	43	4082	39.660375	0.959844	33.604433	0.999303	0.365420	0.082406	70	1	0.000000	462	24.347067	0.681909	0.969419	15.761900	0.205048	0.482949	-2.050478	0.142213	-12.319807	-0.175835	0.062375	36.881507	0.998784
M1_009_y512x768.png	0.018104	0.096778	0.176477	0.148486	0.217471	0.981689	21.949215	0.997265	31.780132	0.289436	0.218345	0.164649	25.517337	0.714350	5324	41	0	4	86	1.445946	0.000000	148	107	514.948268	3.940425	0.000000	-0.019193	-16.587320	-0.017010	-0.001655	0.004441	2011.857748	0.289436	0.289436	41	0	41	4	86	1.445946	0.000000	41	0	148	107	58	4.812601	3.940425	514.948268	0.000000	35540	6.675432	12.309542	256x256	65536	sparse	Otsu	421	41	81	5254	40.703362	0.968846	0.999159	36.847709	0.066714	0.278290	True	0.018114	25.518342	0.714314	31.790061	0.485898	0.080003	M1_009_y512x768	48	5246	39.378309	0.960221	35.107843	0.998920	0.284995	0.076393	113	1	0.000000	410	22.358973	0.573911	0.949778	16.037123	0.289976	0.266695	-3.327710	0.141951	-13.860973	-0.245870	0.037297	38.536535	0.998699
M1_009_y768x512.png	0.028419	0.036740	0.070876	0.042515	0.212880	0.996511	26.426972	0.997366	30.821429	0.343528	0.376385	0.271328	25.446357	0.732774	4702	18	2	13	45	1.724138	0.111111	116	100	467.404112	5.096676	0.000000	0.002025	-10.982839	-0.003137	-0.001487	0.006533	2385.038853	0.343528	0.343528	18	2	16	13	45	1.724138	0.111111	18	2	116	100	58	4.674041	5.096676	467.404112	0.000000	34210	7.275627	13.937899	256x256	65536	sparse	Otsu	369	18	79	4606	40.377691	0.968481	0.999106	35.623920	0.084200	0.322445	True	0.027862	25.445086	0.733088	30.842905	0.360243	0.097744	M1_009_y768x512	43	4697	38.861697	0.956151	33.636370	0.998853	0.336995	0.080456	98	0	0.000000	404	22.608630	0.563213	0.950394	15.997918	0.218458	0.382400	-2.814940	0.295929	-13.415340	-0.223377	0.026394	37.409811	0.999648
M1_010_y0x0.png	0.009238	0.113663	0.204124	0.242937	0.176005	0.984995	25.190274	0.997834	30.653319	0.375567	0.212248	0.092256	27.153151	0.724698	5124	28	0	6	62	1.490909	0.000000	110	82	347.835570	4.561257	0.000000	-0.003013	-13.025780	-0.013748	-0.001221	-0.001724	2667.702436	0.375567	0.375567	28	0	28	6	62	1.490909	0.000000	28	0	110	82	42	4.241897	4.561257	347.835570	0.000000	32537	6.349922	12.790008	256x256	65536	dense	Meijering	547	28	85	5116	42.209523	0.978021	0.999654	38.301789	0.064493	0.368757	True	0.009355	27.158980	0.725232	30.662463	0.939536	0.086678	M1_010_y0x0	55	5059	39.779857	0.962163	33.326104	0.999055	0.377291	0.072166	51	0	0.589286	403	23.374412	0.583539	0.969077	15.199360	0.880838	0.222098	-2.672785	0.140082	-12.626707	-0.237465	0.012252	38.216054	0.998744
M1_010_y256x0.png	0.189843	0.211648	0.349355	0.221562	0.825470	0.998171	31.180783	0.995289	34.383884	0.578769	0.998864	1.204733	36.023213	0.953144	8789	4	18	68	41	2.084084	4.500000	333	347	1588.947402	3.174462	0.000000	-0.000979	-13.740367	-0.001700	-0.004197	-0.019993	2839.385748	0.578769	0.578769	4	18	-14	68	41	2.084084	4.500000	4	22	333	347	224	4.579099	3.174462	1588.947402	0.000000	21709	2.470019	7.456593	256x256	65536	dense	Learned	1296	4	100	7156	51.880694	0.993798	0.999733	49.084357	0.911669	0.600318	True	0.189764	36.027904	0.955562	34.392722	0.783464	0.943865	M1_010_y256x0	95	8089	50.236199	0.993741	45.602048	0.999487	0.598763	0.979584	7	34	0.352273	244	23.743336	0.301928	0.956951	20.218829	0.943301	0.400041	-11.218163	0.019280	-14.212986	-0.040597	0.190822	44.921149	0.999871
M1_010_y256x512.png	0.094874	0.158737	0.273983	0.158845	0.995757	0.999292	36.014059	0.991659	35.293167	0.560331	0.955131	1.553880	33.938679	0.893321	6267	5	0	15	26	1.941860	0.000000	172	167	893.021428	8.107231	0.000000	0.000937	-5.287217	-0.000477	-0.005936	0.000752	4472.987890	0.560331	0.560331	5	0	5	15	26	1.941860	0.000000	5	0	172	167	131	5.347434	8.107231	893.021428	0.000000	28227	4.504069	10.457316	256x256	65536	sparse	Otsu	631	5	94	6216	46.590321	0.987061	0.998227	43.278049	0.757560	0.558918	True	0.094870	33.958140	0.895026	35.314476	0.639405	0.993559	M1_010_y256x512	87	6164	45.538491	0.984189	41.670697	0.997595	0.559579	0.754181	19	24	0.000000	344	27.981991	0.672959	0.931017	22.929739	1.000000	0.538326	-6.377530	0.200950	-11.599813	-0.090868	0.093937	41.301276	0.999768
M1_010_y512x256.png	0.102443	0.107017	0.193343	0.110713	0.762246	0.997827	28.457921	0.993871	34.444112	0.520777	0.962680	1.259277	30.631529	0.883135	13798	17	31	133	107	2.040462	1.823529	692	706	3215.000359	3.139637	0.000000	-0.019775	-15.409953	-0.002067	-0.005365	-0.029660	3041.094065	0.520777	0.520777	17	31	-14	133	107	2.040462	1.823529	17	30	692	706	452	4.553825	3.139637	3215.000359	0.000000	31218	2.262502	4.749674	256x256	65536	sparse	Learned	1619	17	99	13788	49.682967	0.993491	0.999649	48.455395	0.582575	0.549676	True	0.100324	30.630762	0.884424	34.458734	0.601481	0.757431	M1_010_y512x256	94	12600	46.942143	0.992326	44.354854	0.999236	0.550436	0.645296	51	55	0.000000	250	21.474880	0.364471	0.916163	18.653412	0.999990	0.427205	-9.910742	0.317385	-16.310613	-0.109191	0.122218	43.867875	0.999894
M1_010_y512x768.png	0.109094	0.166548	0.285539	0.170639	0.874147	0.996464	30.223720	0.992602	35.145405	0.444939	0.959563	1.279271	33.505027	0.911361	11501	15	28	124	101	2.042208	1.866667	616	629	2758.140403	3.157419	0.000000	-0.005232	-13.508911	-0.003302	-0.006352	-0.015608	2740.815878	0.444939	0.444939	15	28	-13	124	101	2.042208	1.866667	15	29	616	629	391	4.384961	3.157419	2758.140403	0.000000	28007	2.435180	5.698287	256x256	65536	sparse	Learned	1390	15	99	11306	50.463955	0.993019	0.999496	48.627103	0.987136	0.460393	True	0.109012	33.504684	0.913718	35.152258	0.774176	0.990381	M1_010_y512x768	94	10023	47.605869	0.990538	44.601146	0.998953	0.460547	0.961355	15	80	0.120690	246	23.246560	0.368559	0.942323	20.781334	0.995913	0.376354	-9.455741	-0.001792	-14.100841	-0.079177	0.114326	43.732632	0.999766
M1_010_y768x512.png	0.307431	0.293406	0.453695	0.310194	0.844269	0.992970	27.315769	0.988270	33.909475	0.650621	0.901009	0.798389	28.956386	0.822621	9837	11	3	35	51	1.944251	0.272727	287	279	1469.035713	8.191523	0.000000	0.018694	-13.860250	-0.006283	-0.008664	0.014151	5293.572903	0.650621	0.650621	11	3	8	35	51	1.944251	0.272727	11	3	287	279	201	5.265361	8.191523	1469.035713	0.000000	32943	3.348887	6.662194	256x256	65536	sparse	Otsu	909	11	92	9062	44.438935	0.987068	0.997528	42.322567	0.658734	0.634494	True	0.307027	28.957376	0.823159	33.950006	0.932409	0.744426	M1_010_y768x512	87	9644	43.662533	0.985912	40.975959	0.996933	0.636470	0.670764	51	72	0.000000	250	20.566248	0.397471	0.831420	17.803838	0.999858	0.521007	-7.066483	0.230245	-14.706147	-0.163291	0.288736	41.176020	0.999253
M1_010_y768x768.png	0.434227	0.322894	0.488163	0.382591	0.674200	0.983419	29.254424	0.990549	35.008000	0.421133	0.904767	0.337922	29.822374	0.831119	18826	28	22	142	157	1.985663	0.785714	837	831	3748.990258	3.362860	0.000000	-0.087673	-14.989981	-0.015461	-0.008117	-0.042789	4862.859249	0.421133	0.421133	28	22	6	142	157	1.985663	0.785714	28	23	837	831	538	4.511420	3.362860	3748.990258	0.000000	36394	1.933178	3.481143	256x256	65536	dense	Learned	2561	28	98	17800	47.994016	0.993035	0.999253	47.527738	0.365245	0.464007	True	0.433826	29.829368	0.831250	35.030863	0.967742	0.327021	M1_010_y768x768	94	16920	45.551059	0.988138	44.619582	0.998666	0.463922	0.375967	116	59	0.000000	245	20.597015	0.492858	0.889715	18.106160	0.734197	0.241403	-9.611582	0.528800	-15.728685	-0.157019	0.521900	44.244405	0.998879
M1_011_y0x768.png	0.493386	0.199938	0.333247	0.376654	0.298812	0.987153	27.879136	0.998021	32.532680	0.433321	0.341700	0.618254	26.860051	0.758506	4991	21	0	7	49	1.631579	0.000000	114	93	464.391919	4.642143	0.000000	0.081201	-10.611152	-0.010814	-0.001108	-0.004912	2410.611868	0.433321	0.433321	21	0	21	7	49	1.631579	0.000000	21	0	114	93	58	4.993461	4.642143	464.391919	0.000000	32419	6.495492	13.130836	256x256	65536	dense	Otsu	553	21	85	4932	42.486818	0.977402	0.999359	38.121772	0.290907	0.436777	True	0.493567	26.859850	0.758471	32.546088	1.000000	0.618254	M1_011_y0x768	57	4911	40.993094	0.971149	35.804649	0.999129	0.438233	0.298437	72	35	0.000000	395	23.633162	0.632620	0.962487	16.868932	0.412484	0.367539	-3.271969	0.043264	-14.133043	-0.212643	0.412185	38.490289	0.997967
M1_011_y256x512.png	0.131386	0.241658	0.389251	0.352174	0.435052	0.988444	25.684140	0.996441	32.228643	0.440862	0.395991	0.264706	25.461037	0.751310	6108	24	0	16	64	1.709091	0.000000	165	141	656.801082	5.468854	0.000000	-0.001097	-12.303869	-0.010253	-0.001930	0.015870	3528.033018	0.440862	0.440862	24	0	24	16	64	1.709091	0.000000	24	0	165	141	85	4.658164	5.468854	656.801082	0.000000	37369	6.118042	10.729535	256x256	65536	sparse	Otsu	536	24	84	6064	40.816921	0.964950	0.998630	38.000302	0.113417	0.388451	True	0.130903	25.461297	0.751336	32.256207	0.688719	0.182308	M1_011_y256x512	62	6061	39.810744	0.961558	36.110268	0.998371	0.424992	0.128652	105	1	0.000000	341	21.540769	0.610933	0.942045	16.005289	0.674083	0.426255	-3.881625	0.267339	-14.349707	-0.210249	0.132483	37.988009	0.998697
M1_011_y256x768.png	0.031225	0.104974	0.190002	0.321459	0.134855	0.961870	23.656736	0.997895	30.814746	0.321459	0.187028	0.085148	26.112453	0.737642	4426	34	0	1	69	1.392857	0.000000	112	78	357.764502	4.289541	0.000000	-0.027379	-12.735415	-0.033255	-0.001009	-0.012187	1890.067577	0.321459	0.321459	34	0	34	1	69	1.392857	0.000000	34	0	112	78	42	4.586724	4.289541	357.764502	0.000000	35801	8.088793	14.807049	256x256	65536	sparse	Meijering	330	34	78	4368	40.005719	0.963925	0.999333	35.373063	0.071753	0.322611	True	0.031392	26.113963	0.737645	30.820165	0.963280	0.082022	M1_011_y256x768	38	4422	38.215594	0.951314	32.461499	0.998904	0.333646	0.070923	87	0	0.220588	472	23.735073	0.650739	0.971060	16.426753	0.266859	0.389074	-1.646753	0.116106	-12.103141	-0.213672	0.058604	36.392152	0.995125
M1_011_y512x512.png	0.069189	0.177179	0.301023	0.227322	0.445439	0.995479	25.617444	0.998366	30.674762	0.307276	0.301054	0.173659	23.989112	0.717112	4545	22	1	9	52	1.647059	0.045455	119	98	422.119841	4.588078	0.000000	0.005875	-9.428452	-0.003811	-0.000601	0.019883	2473.810911	0.307276	0.307276	22	1	21	9	52	1.647059	0.045455	22	0	119	98	58	4.307345	4.588078	422.119841	0.000000	36589	8.050385	14.419362	256x256	65536	sparse	Otsu	374	22	76	4416	39.462421	0.957463	0.999333	35.359857	0.067389	0.284405	True	0.068829	23.986050	0.717045	30.683466	0.494395	0.085856	M1_011_y512x512	35	4482	37.448131	0.943147	32.184766	0.998967	0.287393	0.062555	87	0	0.000000	463	22.475147	0.631114	0.971452	15.336192	0.242054	0.429223	-1.510003	0.238499	-13.459018	-0.226035	0.063314	35.045896	0.999290
M1_011_y512x768.png	0.050895	0.171193	0.292340	0.269640	0.319212	0.984412	25.946286	0.997517	31.530429	0.277215	0.246960	0.131058	28.816359	0.795532	5131	33	2	10	74	1.544118	0.060606	136	105	490.090404	4.391191	0.000000	-0.028878	-12.394016	-0.014133	-0.001689	-0.014492	2733.749866	0.277215	0.277215	33	2	31	10	74	1.544118	0.060606	33	2	136	105	52	4.667528	4.391191	490.090404	0.000000	32636	6.360553	12.772559	256x256	65536	sparse	Meijering	478	33	87	4992	43.034929	0.977625	0.999446	38.838486	0.081488	0.291792	True	0.053114	28.814415	0.796638	31.532799	0.629850	0.082547	M1_011_y512x768	64	5118	41.558281	0.972643	35.756882	0.999206	0.291706	0.077452	65	0	0.015152	402	23.514055	0.602425	0.951270	15.460027	0.586942	0.346045	-4.226453	0.169508	-12.741923	-0.177110	0.079773	38.340301	0.998545
M1_011_y768x768.png	0.048854	0.106028	0.191728	0.266148	0.149832	0.980018	25.307387	0.998836	30.631545	0.402493	0.189416	0.110398	30.879564	0.858112	3254	24	0	2	50	1.376623	0.000000	77	53	264.450793	4.222430	0.000000	-0.029243	-10.964048	-0.017420	-0.000587	-0.012972	1725.519657	0.402493	0.402493	24	0	24	2	50	1.376623	0.000000	24	0	77	53	25	4.989638	4.222430	264.450793	0.000000	28073	8.627228	20.140135	256x256	65536	sparse	Meijering	267	24	83	3134	43.048787	0.973177	0.999732	36.484198	0.092279	0.408788	True	0.048882	30.885107	0.860236	30.634120	0.951394	0.105032	M1_011_y768x768	42	3241	40.588493	0.961623	32.228924	0.999422	0.415466	0.089920	45	0	0.562500	667	30.277555	0.797543	0.992188	20.720407	0.176832	0.541687	-1.597380	0.099496	-9.708928	-0.103510	0.078097	36.271435	0.997439
M1_012_y0x512.png	0.429982	0.190357	0.319831	0.195763	0.873309	0.994122	29.659715	0.987677	35.592002	0.361818	0.940965	0.500921	31.628868	0.865446	19429	27	55	183	134	2.061606	2.037037	909	937	4342.198410	3.383071	0.000000	-0.006070	-15.563216	-0.005647	-0.010975	-0.033241	3565.893650	0.361818	0.361818	27	55	-28	183	134	2.061606	2.037037	27	55	909	937	592	4.634150	3.383071	4342.198410	0.000000	34569	1.779248	3.373102	256x256	65536	dense	Learned	2681	27	100	18270	49.311639	0.993332	0.999276	49.245268	0.298111	0.396492	True	0.430212	31.634480	0.865732	35.603727	0.685617	0.343440	M1_012_y0x512	96	19058	47.348124	0.990789	46.207908	0.998652	0.395058	0.289795	109	37	0.000000	249	22.408076	0.566275	0.854385	20.178319	0.994483	0.337715	-10.615905	0.651170	-15.719256	-0.125344	0.436052	45.222932	0.999769
M1_012_y0x768.png	0.063285	0.092503	0.169342	0.094081	0.846512	0.999316	30.317513	0.996593	32.610070	0.189937	0.324932	0.459820	29.145401	0.748139	6259	34	0	11	80	1.626374	0.000000	182	148	732.411255	4.494414	0.000000	0.009107	-8.715368	-0.000618	-0.002330	0.009242	2626.152039	0.189937	0.189937	34	0	34	11	80	1.626374	0.000000	34	0	182	148	91	4.948725	4.494414	732.411255	0.000000	35841	5.726314	10.470682	256x256	65536	sparse	Meijering	568	34	86	5786	41.885112	0.970946	0.999099	38.960859	0.076499	0.178553	True	0.059145	29.155154	0.748365	32.656649	0.200685	0.092279	M1_012_y0x768	68	6222	41.218150	0.970287	36.790704	0.998923	0.180695	0.071368	47	0	0.808824	337	22.939407	0.600352	0.944345	16.790408	0.293483	0.353440	-4.180635	0.253564	-12.072749	-0.222148	0.054178	39.032881	0.999934
M1_012_y256x768.png	0.072732	0.056437	0.106845	0.057080	0.833658	0.998923	27.892882	0.992598	35.661640	0.475027	0.997328	1.244437	33.538973	0.916502	13197	7	33	118	72	2.088737	4.714286	586	612	2718.885569	3.301726	0.000000	-0.008289	-15.237683	-0.001028	-0.006335	0.000418	3276.364803	0.475027	0.475027	7	33	-26	118	72	2.088737	4.714286	8	32	586	612	396	4.442623	3.301726	2718.885569	0.000000	29004	2.197772	4.965977	256x256	65536	dense	Learned	1905	8	100	12048	50.590407	0.993108	0.999525	49.178788	0.476405	0.473510	True	0.072660	33.543051	0.918476	35.674702	0.470065	0.584966	M1_012_y256x768	95	11725	47.909504	0.991408	44.854323	0.998933	0.474609	0.530042	45	38	0.000000	246	23.891166	0.416567	0.936363	21.989784	0.759492	0.323214	-9.192683	0.467287	-14.370531	-0.074906	0.081021	43.130565	0.999950
M1_012_y512x256.png	0.150343	0.132102	0.233374	0.132102	1.000000	0.999456	34.673005	0.989449	35.082110	0.735206	0.850974	1.448921	32.863403	0.889843	7706	11	6	26	40	1.958333	0.545455	240	235	1192.915872	8.131917	0.000000	0.003461	-6.455595	-0.000410	-0.007994	-0.018296	5985.843182	0.735206	0.735206	11	6	5	26	40	1.958333	0.545455	11	6	240	235	174	5.076238	8.131917	1192.915872	0.000000	29571	3.837399	8.504542	256x256	65536	sparse	Otsu	817	11	95	7364	46.928807	0.987985	0.998167	44.098410	0.613353	0.754584	True	0.147348	32.860420	0.891182	35.091537	0.503415	0.729408	M1_012_y512x256	89	7230	45.999939	0.985773	42.442391	0.997443	0.753503	0.598882	40	35	0.000000	278	24.544945	0.536327	0.884149	20.200010	0.938579	0.630139	-7.360280	0.252092	-13.136536	-0.095930	0.146882	41.128600	0.999866
M1_012_y512x512.png	0.171948	0.000000	0.000000	0.000000	0.000000	0.981421	19.584741	0.999983	28.690728	0.006968	0.197481	1.491767	22.613312	0.594139	970	2	0	0	4	1.333333	0.000000	6	4	22.071068	2.696315	0.000000						677.912235	0.006968	0.006968	2	0	2	0	4	1.333333	0.000000	2	0	6	4	2	5.517767	2.696315	22.071068	0.000000	39382	40.600000	67.562887	256x256	65536	sparse	Frangi	123	2									True	0.171227	22.610996	0.594072	28.709932	0.531348	0.792647	M1_012_y512x512																									
M1_012_y768x256.png	0.361032	0.064748	0.121621	0.066027	0.769656	0.997113	26.485879	0.992309	35.373399	0.152236	0.838830	0.449147	31.835637	0.874134	16407	32	29	135	142	1.991914	0.906250	742	739	3507.485640	2.994156	0.000000	-0.005963	-17.565319	-0.002801	-0.006848	0.004506	2860.414028	0.152236	0.152236	32	29	3	135	142	1.991914	0.906250	34	29	742	739	465	4.746259	2.994156	3507.485640	0.000000	33333	2.031633	3.994393	256x256	65536	dense	Learned	2251	34	99	16292	49.263893	0.993107	0.999524	48.799204	0.185530	0.148490	True	0.361922	31.849169	0.874753	35.395155	0.397499	0.178536	M1_012_y768x256	95	15500	47.381957	0.990747	45.995961	0.999157	0.147730	0.193740	43	6	0.471095	243	20.957574	0.518808	0.890752	18.527161	0.295312	0.096963	-10.622562	0.645090	-15.546320	-0.116613	0.366995	44.051198	0.999913
M1_012_y768x512.png	0.435624	0.210558	0.347869	0.233360	0.683030	0.988273	26.633497	0.991669	33.765424	0.371980	0.956123	0.484761	28.505222	0.800129	18839	22	36	154	132	2.033294	1.636364	841	855	3912.576044	3.334010	0.000000	-0.013666	-16.526819	-0.011303	-0.007198	-0.006319	3009.933710	0.371980	0.371980	22	36	-14	154	132	2.033294	1.636364	22	35	841	855	555	4.576112	3.334010	3912.576044	0.000000	37967	2.015341	3.478741	256x256	65536	dense	Learned	2337	22	97	17828	47.030121	0.992098	0.999364	46.681821	0.518091	0.374884	True	0.433644	28.495409	0.800138	33.769953	0.873674	0.423523	M1_012_y768x512	94	17740	44.929919	0.988201	43.921183	0.998867	0.378299	0.478699	56	47	0.055844	247	19.655029	0.482147	0.891527	17.389656	0.851920	0.280178	-10.155759	0.477423	-16.424697	-0.188072	0.449290	43.160316	0.999576
M1_013_y0x512.png	0.049491	0.063384	0.119212	0.063705	0.926471	0.999456	32.522348	0.993506	36.339810	0.417001	0.912139	1.005852	33.151038	0.905140	11311	20	17	95	102	1.990000	0.850000	600	597	2766.826694	3.195503	0.000000	0.003228	-10.379269	-0.000478	-0.005330	-0.008656	2426.747084	0.417001	0.417001	20	17	3	95	102	1.990000	0.850000	20	16	600	597	403	4.634551	3.195503	2766.826694	0.000000	29435	2.602334	5.794006	256x256	65536	sparse	Learned	1430	20	98	11282	49.154905	0.991322	0.999304	47.610961	0.484891	0.414625	True	0.047669	33.160396	0.906381	36.362121	0.565402	0.568710	M1_013_y0x512	94	10644	47.174127	0.987950	44.950545	0.998836	0.425657	0.511623	60	45	0.000000	248	24.233158	0.545765	0.932818	21.380019	0.939190	0.311715	-8.610735	0.400517	-14.023088	-0.082810	0.046262	42.901617	0.999934
M1_013_y0x768.png	0.114034	0.272941	0.428835	0.273263	0.995708	0.999710	35.805869	0.998160	35.994827	0.400605	0.433846	1.513120	37.501358	0.947625	2517	9	0	8	26	1.750000	0.000000	72	63	281.379726	6.632990	0.000000	0.002230	-3.485763	-0.000160	-0.001109	0.003273	2535.553694	0.400605	0.400605	9	0	9	8	26	1.750000	0.000000	9	0	72	63	38	4.466345	6.632990	281.379726	0.000000	21205	8.424712	26.037346	256x256	65536	sparse	Otsu	294	9	93	2466	48.605968	0.986713	0.999528	42.891287	0.586960	0.407294	True	0.109712	37.535400	0.950134	36.024944	0.653544	0.988891	M1_013_y0x768	75	2509	47.633202	0.985445	40.625602	0.999269	0.397332	0.697878	13	15	0.000000	3545	48.268618	0.983829	0.999666	44.215821	0.524718	0.408761	-4.630775	-0.264032	-10.131845	-0.037820	0.111804	39.291632	0.999869
M1_013_y256x256.png	0.348701	0.227804	0.371075	0.235501	0.874531	0.995148	28.381389	0.993260	34.252751	0.453579	0.736877	0.942967	30.009961	0.885597	14610	35	16	95	136	1.938312	0.457143	616	597	2772.400287	3.204428	0.000000	-0.060206	-15.170091	-0.004638	-0.005845	-0.003225	2654.138088	0.453579	0.453579	35	16	19	95	136	1.938312	0.457143	37	14	616	597	385	4.643887	3.204428	2772.400287	0.000000	32001	2.190349	4.485695	256x256	65536	dense	Learned	1832	37	98	13734	48.652945	0.992838	0.999502	47.462849	0.293225	0.457713	True	0.348402	30.019162	0.886709	34.272966	0.439034	0.413995	M1_013_y256x256	94	13223	46.664811	0.990998	44.272268	0.999105	0.456804	0.302734	68	6	0.295367	247	19.360292	0.434966	0.872164	14.962680	0.987723	0.351097	-10.019517	0.434143	-16.654850	-0.105400	0.408908	43.551480	0.999786
M1_013_y256x768.png	0.169508	0.143724	0.251326	0.155110	0.661916	0.997690	29.332374	0.996317	34.810667	0.506728	0.942156	1.132088	36.063667	0.953736	6104	8	14	57	46	2.041522	1.750000	289	295	1313.584920	3.442489	0.000000	-0.016337	-13.533151	-0.002105	-0.002996	-0.042288	2430.955648	0.506728	0.506728	8	14	-6	57	46	2.041522	1.750000	8	13	289	295	186	4.452830	3.442489	1313.584920	0.000000	22700	3.718873	10.736566	256x256	65536	sparse	Learned	773	8	98	6076	50.874323	0.990892	0.999597	47.090460	0.785619	0.547750	True	0.169689	36.086664	0.959455	34.806227	0.732865	0.829667	M1_013_y256x768	93	5669	48.914539	0.990535	43.269439	0.999313	0.549016	0.858907	12	39	0.000000	340	29.969982	0.599798	0.974688	23.195889	0.988125	0.456432	-8.458772	0.083249	-12.850872	-0.036799	0.185844	42.865525	0.999796
M1_013_y512x256.png	0.296493	0.272247	0.427978	0.293860	0.787309	0.993429	27.224545	0.994622	32.865479	0.565632	0.437067	0.510869	25.832713	0.688329	9287	37	2	24	96	1.745455	0.054054	275	240	1176.359523	5.083360	0.000000	-0.023991	-12.793644	-0.006086	-0.003832	-0.015585	4070.819139	0.565632	0.565632	37	2	35	24	96	1.745455	0.054054	37	2	275	240	155	4.901498	5.083360	1176.359523	0.000000	38945	4.193496	7.056746	256x256	65536	sparse	Meijering	830	37	88	8984	41.929795	0.982637	0.998698	40.039934	0.234116	0.586139	True	0.295635	25.828099	0.688265	32.875901	0.562495	0.287361	M1_013_y512x256	76	9013	41.225252	0.982051	38.326451	0.998454	0.581217	0.233710	113	15	0.000000	248	18.640356	0.396433	0.864010	14.155064	0.973616	0.291570	-5.460971	0.203357	-15.392539	-0.293722	0.320485	40.018189	0.999515
M1_013_y512x512.png	0.260607	0.259923	0.412601	0.319952	0.580776	0.981127	26.695430	0.990669	32.932414	0.589469	0.769307	0.409197	24.965788	0.679499	11891	21	2	42	80	1.890805	0.095238	348	329	1701.182900	6.433704	0.000000	0.001000	-12.945845	-0.017381	-0.006442	0.003097	4630.421162	0.589469	0.589469	21	2	19	42	80	1.890805	0.095238	21	2	348	329	226	5.170769	6.433704	1701.182900	0.000000	40763	3.428055	5.511395	256x256	65536	sparse	Otsu	1082	21	89	11430	41.760493	0.984627	0.997741	40.475999	0.286102	0.589677	True	0.259994	24.962201	0.679390	32.966020	0.901424	0.368860	M1_013_y512x512	82	11490	40.935109	0.983087	39.060659	0.997111	0.586372	0.307115	119	26	0.000000	249	18.365397	0.361552	0.813403	15.407483	0.960836	0.421696	-6.128245	0.462192	-15.969321	-0.303588	0.259607	39.641275	0.998509
M1_013_y512x768.png	0.292821	0.283613	0.441899	0.322820	0.700168	0.994572	30.752976	0.991983	33.806456	0.721601	0.735145	1.015684	27.908377	0.847335	8321	14	2	23	50	1.896552	0.142857	232	220	1064.531096	7.766654	0.000000	0.010631	-9.937937	-0.004576	-0.005553	-0.005472	5779.917717	0.721601	0.721601	14	2	12	23	50	1.896552	0.142857	14	2	232	220	159	4.838778	7.766654	1064.531096	0.000000	34725	4.173176	7.875976	256x256	65536	sparse	Otsu	766	14	91	7632	43.444060	0.981431	0.997890	40.972044	0.478699	0.722901	True	0.293066	27.914878	0.848119	33.822691	0.725364	0.736741	M1_013_y512x768	84	8144	43.001380	0.980866	39.945105	0.997536	0.727073	0.513820	51	25	0.000000	249	19.859768	0.514502	0.865671	15.913057	0.992403	0.490677	-6.138649	0.221325	-15.093003	-0.133531	0.282189	40.690913	0.999148
M1_013_y768x768.png	0.344447	0.225503	0.368016	0.256949	0.648209	0.990019	26.837350	0.993306	33.003826	0.527374	0.615147	0.434947	28.923077	0.862221	14985	46	18	84	146	1.904437	0.391304	586	558	2553.625684	3.396622	0.000000	-0.034852	-15.760227	-0.009481	-0.005851	-0.008162	3546.735287	0.527374	0.527374	46	18	28	84	146	1.904437	0.391304	47	18	586	558	356	4.576390	3.396622	2553.625684	0.000000	35089	2.341608	4.373440	256x256	65536	dense	Learned	1750	47	96	13484	46.615306	0.990267	0.999465	45.421459	0.355620	0.534724	True	0.343307	28.927936	0.862062	33.026594	0.963702	0.419159	M1_013_y768x768	93	14537	45.329353	0.989841	42.947690	0.999157	0.535537	0.351483	75	37	0.174350	248	18.531337	0.438370	0.872065	14.727117	0.773271	0.340592	-9.943864	0.263664	-16.406275	-0.127620	0.379299	42.597577	0.999500
M1_014_y256x768.png	0.172702	0.090247	0.165554	0.091931	0.831301	0.998563	31.435944	0.991726	35.507064	0.388334	0.923149	1.132999	33.353639	0.928172	14461	17	30	100	78	2.050584	1.764706	514	527	2479.535280	3.169073	0.000000	0.039236	-15.697604	-0.001382	-0.007490	-0.123693	6678.855419	0.388334	0.388334	17	30	-13	100	78	2.050584	1.764706	17	30	514	527	336	4.705001	3.169073	2479.535280	0.000000	25527	1.765231	4.531913	256x256	65536	dense	Learned	2467	17	100	10202	50.580960	0.991278	0.999302	49.294808	0.593590	0.514402	True	0.172785	33.347030	0.930695	35.507682	0.386498	0.437902	M1_014_y256x768	97	13384	50.312952	0.992525	48.263955	0.999216	0.512027	0.532172	58	81	0.000000	250	25.899766	0.607072	0.955854	20.516598	0.958414	0.349646	-12.756892	0.390976	-16.959313	-0.064353	0.133466	47.133548	0.999945
M1_014_y512x0.png	0.047208	0.000000	0.000000	0.000000	0.000000	0.993531	20.095229	0.999986	30.200135	0.005378	0.288230	2.363752	26.803365	0.820923	735	1	0	0	2	1.500000	0.000000	4	3	18.071068	2.651566	0.000000						656.395197	0.005378	0.005378	1	0	1	0	2	1.500000	0.000000	1	0	4	3	2	6.023689	2.651566	18.071068	0.000000	24322	33.091156	89.164626	256x256	65536	sparse	Frangi	114	1	10	730	36.637295	0.911863	0.999959	25.621207	0.971642	0.007722	True	0.045404	26.802257	0.822119	30.196303	0.423050	0.999986	M1_014_y512x0																									
M1_014_y512x256.png	0.261224	0.202914	0.337371	0.214129	0.794842	0.993357	30.710348	0.989881	35.259858	0.272735	0.878383	0.491757	31.359831	0.870326	18104	32	33	146	150	2.002361	1.031250	847	848	3826.605481	3.227037	0.000000	-0.005567	-14.914550	-0.006291	-0.008956	-0.009608	2984.953403	0.272735	0.272735	32	33	-1	146	150	2.002361	1.031250	32	31	847	848	551	4.512506	3.227037	3826.605481	0.000000	34581	1.910130	3.619973	256x256	65536	dense	Learned	2350	32	99	17590	48.894978	0.993182	0.999324	48.722168	0.220668	0.282550	True	0.260886	31.370313	0.870619	35.268343	0.550671	0.270797	M1_014_y512x256	95	16803	47.250665	0.991420	45.825891	0.998836	0.282343	0.223189	86	13	0.000000	243	20.748683	0.547402	0.851712	17.833518	0.919862	0.322181	-10.566033	0.655194	-15.890834	-0.121095	0.266791	45.624899	0.999648
M1_014_y768x256.png	0.059278	0.227898	0.371201	0.282347	0.541659	0.985343	25.214054	0.994746	33.113470	0.176235	0.385840	0.245718	26.741205	0.759319	6906	32	0	14	79	1.687805	0.000000	205	173	864.222438	5.126579	0.000000	-0.009103	-13.880943	-0.013479	-0.003436	-0.000320	3482.279301	0.176235	0.176235	32	0	32	14	79	1.687805	0.000000	32	0	205	173	112	4.995505	5.126579	864.222438	0.000000	34895	5.052853	9.489719	256x256	65536	sparse	Otsu	613	32	87	6722	42.505504	0.977305	0.998470	40.009317	0.071057	0.182528	True	0.059536	26.743363	0.759409	33.136542	0.320399	0.078728	M1_014_y768x256	69	6781	41.315628	0.974277	37.885683	0.998182	0.176555	0.075124	84	2	0.000000	277	20.993479	0.570378	0.905822	15.559732	0.979467	0.219393	-4.772213	0.310716	-14.574423	-0.214958	0.068381	39.094997	0.998823
M1_014_y768x512.png	0.164732	0.234226	0.379552	0.291173	0.544960	0.985580	28.027704	0.990858	34.635743	0.368234	0.543965	0.349257	29.746726	0.806615	8187	27	3	33	83	1.822222	0.111111	270	246	1178.560533	6.450786	0.000000	-0.004212	-14.660169	-0.013119	-0.006454	-0.006750	4283.890724	0.368234	0.368234	27	3	24	33	83	1.822222	0.111111	27	3	270	246	154	4.790896	6.450786	1178.560533	0.000000	35130	4.290949	8.004886	256x256	65536	sparse	Otsu	751	27	90	7894	43.626751	0.979208	0.997447	41.814231	0.156232	0.444745	True	0.163095	29.758904	0.806711	34.665756	0.588971	0.205702	M1_014_y768x512	81	8141	43.208657	0.978376	40.861944	0.997312	0.374984	0.135679	148	17	0.000000	279	23.078108	0.623234	0.884354	18.253060	0.995954	0.295398	-6.226201	0.408286	-13.461931	-0.171761	0.168944	42.687873	0.998699
M1_014_y768x768.png	0.004498	0.161473	0.278049	0.394724	0.214612	0.969726	27.982897	0.997616	33.820168	0.185820	0.215277	0.061199	29.635639	0.769575	4842	33	1	4	69	1.479675	0.030303	123	91	429.960461	4.497614	0.000000	-0.001609	-11.657892	-0.026643	-0.001274	-0.000883	2840.112686	0.185820	0.185820	33	1	32	4	69	1.479675	0.030303	33	0	123	91	50	4.724840	4.497614	429.960461	0.000000	33820	6.984717	13.534903	256x256	65536	sparse	Meijering	470	33	84	4606	41.763934	0.967688	0.999222	38.652904	0.048418	0.184550	True	0.004499	29.627395	0.769390	33.810085	0.821445	0.050271	M1_014_y768x768	56	4787	40.901893	0.959655	36.940934	0.998891	0.186704	0.059580	28	0	0.924242	391	25.397025	0.666539	0.968605	18.410486	0.098174	0.231563	-3.120766	0.155697	-11.266255	-0.190080	0.006107	39.640788	0.996370
M1_015_y256x256.png	0.192458	0.003719	0.007410	0.011394	0.005490	0.989445	19.704376	0.999684	26.571851	0.092556	0.408445	1.945007	22.994398	0.826376	1770	4	0	2	10	1.680000	0.000000	25	21	114.669048	4.442252	0.000000	0.046778	-9.534429	-0.007753	0.000292	-0.143585	1249.349833	0.092556	0.092556	4	0	4	2	10	1.680000	0.000000	4	0	25	21	13	5.460431	4.442252	114.669048	0.000000	23936	13.523164	37.025989	256x256	65536	sparse	Frangi	193	4	54	1752	39.990877	0.977221	0.999875	31.063544	0.297355	0.235575	True	0.192411	22.996375	0.828072	26.574033	0.513248	0.998271	M1_015_y256x256	9	1721	32.000606	0.624827	24.180459	0.999392	0.236141	0.312220	35	9	0.000000	5314	47.404267	0.986861	0.999993	43.611635	0.278055	0.238235	2.391392	0.096225	-9.006208	0.201550	0.145680	29.238804	0.997198
M1_015_y256x512.png	0.372735	0.079140	0.146672	0.132976	0.163513	0.982406	23.427924	0.998172	30.664738	0.420682	0.325196	0.651884	28.209516	0.840394	5136	24	2	14	61	1.676471	0.083333	136	114	504.989899	5.026607	0.000000	0.064362	-15.389017	-0.016528	-0.001272	-0.028141	2747.697115	0.420682	0.420682	24	2	22	14	61	1.676471	0.083333	24	0	136	114	61	4.429736	5.026607	504.989899	0.000000	27988	5.449377	12.760125	256x256	65536	sparse	Meijering	424	24	90	5132	44.581644	0.986519	0.999768	39.904954	0.305803	0.447761	True	0.374245	28.202797	0.841477	30.663896	0.828935	0.540370	M1_015_y256x512	70	5125	42.002894	0.978661	35.023369	0.999443	0.448823	0.294339	58	19	0.000000	398	22.566307	0.593740	0.953968	14.310305	0.730000	0.342026	-4.358632	0.030857	-13.793378	-0.138267	0.308373	38.816941	0.998934
M1_015_y512x256.png	0.348189	0.132123	0.233407	0.194554	0.291651	0.983731	26.110040	0.997085	31.875612	0.438920	0.318414	0.190602	28.014737	0.732656	6902	36	1	17	87	1.646465	0.027778	198	163	746.126984	4.453718	0.000000	-0.041597	-13.283112	-0.014983	-0.002208	0.019272	3523.920536	0.438920	0.438920	36	1	35	17	87	1.646465	0.027778	36	1	198	163	94	4.577466	4.453718	746.126984	0.000000	34610	5.014489	9.495219	256x256	65536	sparse	Meijering	663	36	89	6664	42.923047	0.981450	0.999502	39.732506	0.199550	0.416399	True	0.346743	28.017135	0.733281	31.889695	0.998355	0.190288	M1_015_y512x256	73	6883	41.830744	0.980282	36.984748	0.999293	0.419649	0.193598	87	14	0.000000	276	19.774809	0.431242	0.908818	12.901885	0.652282	0.265049	-5.109136	0.124817	-13.816006	-0.247627	0.389786	39.393152	0.998714
M1_015_y512x512.png	0.255609	0.270872	0.426277	0.338567	0.575323	0.983470	27.445185	0.991582	33.503652	0.661360	0.616801	0.565267	24.909124	0.678166	9883	25	2	33	80	1.848684	0.080000	304	281	1322.874242	6.557480	0.000000	-0.022586	-12.665114	-0.014789	-0.005430	0.015413	4806.520700	0.661360	0.661360	25	2	23	33	80	1.848684	0.080000	25	2	304	281	191	4.707738	6.557480	1322.874242	0.000000	40208	4.068400	6.631185	256x256	65536	sparse	Otsu	886	25	88	9738	41.269980	0.978182	0.997301	40.098986	0.277525	0.656370	True	0.256059	24.911835	0.678266	33.541898	0.888456	0.502215	M1_015_y512x512	78	9755	40.719208	0.976424	39.354664	0.997011	0.645947	0.289481	125	38	0.000000	244	20.043793	0.424571	0.867047	17.133443	0.925230	0.433808	-5.851013	0.327319	-15.810084	-0.298259	0.278195	40.110299	0.998259
M1_015_y512x768.png	0.068246	0.054385	0.103159	0.094622	0.113390	0.978150	26.506883	0.997614	30.138271	0.490895	0.353482	0.207311	24.542977	0.745586	6836	26	0	9	61	1.660131	0.000000	153	127	616.801082	4.971648	0.000000	-0.052974	-12.435448	-0.019772	-0.001558	0.042111	4086.230993	0.490895	0.490895	26	0	26	9	61	1.660131	0.000000	26	0	153	127	83	4.856701	4.971648	616.801082	0.000000	34799	5.090550	9.586893	256x256	65536	sparse	Meijering	681	26	86	6804	41.960273	0.981759	0.999606	38.303667	0.146184	0.451035	True	0.067931	24.542594	0.746804	30.156797	0.839586	0.174056	M1_015_y512x768	67	6821	39.739168	0.966825	34.266238	0.999172	0.448785	0.138594	111	6	0.000000	278	17.809501	0.361451	0.906982	10.924960	0.990596	0.267262	-4.127968	0.214888	-15.196190	-0.221239	0.121220	38.942331	0.997922
M1_015_y768x512.png	0.276019	0.061419	0.115730	0.113024	0.118569	0.976150	23.819239	0.997700	30.994854	0.370023	0.248207	0.318943	25.694837	0.694959	6150	34	5	10	72	1.615894	0.147059	151	122	519.102597	4.223663	0.000000	0.013747	-15.000348	-0.021998	-0.001478	0.006825	2485.947371	0.370023	0.370023	34	5	29	10	72	1.615894	0.147059	34	3	151	122	69	4.254939	4.223663	519.102597	0.000000	35263	5.733821	10.656260	256x256	65536	dense	Meijering	613	34	84	6054	41.166052	0.974256	0.999474	37.719185	0.154373	0.363573	True	0.273885	25.694628	0.695342	30.998427	0.728556	0.232368	M1_015_y768x512	60	6100	39.817462	0.967741	34.866268	0.999179	0.363198	0.153576	98	3	0.058824	335	20.807386	0.502722	0.939855	13.280765	0.983386	0.159681	-3.871413	0.094631	-14.122625	-0.272782	0.262272	38.819588	0.998149
M1_015_y768x768.png	0.419955	0.053047	0.100750	0.126284	0.083805	0.977101	24.324531	0.998646	30.601740	0.254097	0.288941	0.996432	28.331194	0.857741	4180	20	0	9	49	1.607843	0.000000	102	82	362.835570	4.858964	0.000000	-0.056390	-14.947986	-0.020764	-0.000872	-0.044939	2479.408503	0.254097	0.254097	20	0	20	9	49	1.607843	0.000000	20	0	102	82	44	4.424824	4.858964	362.835570	0.000000	26318	6.296172	15.678469	256x256	65536	sparse	Meijering	380	20	88	4132	44.514759	0.983430	0.999775	39.119876	0.697016	0.299346	True	0.419929	28.335729	0.860734	30.612626	0.997187	0.993629	M1_015_y768x768	64	4115	42.112573	0.971245	34.379754	0.999518	0.299036	0.661676	32	51	0.000000	461	25.265528	0.589236	0.976323	16.341495	0.853843	0.284780	-3.778015	-0.372734	-13.781379	-0.113504	0.476345	39.272517	0.997865
M1_016_y0x512.png	0.044831	0.039054	0.075172	0.039054	1.000000	0.999860	35.897434	0.989171	35.344431	0.675655	0.985736	3.022761	32.683194	0.869451	8610	6	6	41	42	2.000000	1.000000	272	272	1428.915872	7.399046	0.000000	0.002704	-6.437190	-0.000104	-0.008453	-0.038005	4762.999058	0.675655	0.675655	6	6	0	41	42	2.000000	1.000000	6	6	272	272	189	5.253367	7.399046	1428.915872	0.000000	29488	3.424855	7.611614	256x256	65536	sparse	Otsu	874	6	95	8086	47.175137	0.988511	0.998239	44.791718	0.553455	0.715711	True	0.044919	32.689217	0.870687	35.363577	0.304645	0.920870	M1_016_y0x512	89	8090	46.038449	0.986436	42.806568	0.997623	0.713660	0.686905	48	67	0.000000	247	21.562611	0.451802	0.856013	17.778085	0.999708	0.521904	-7.462137	0.298830	-13.355256	-0.116985	0.042127	42.334624	0.999964
M1_016_y256x256.png	0.283436	0.267950	0.422651	0.280889	0.853306	0.999442	29.774056	0.998548	32.804089	0.799844	0.875900	1.974942	36.118551	0.966751	3205	3	2	9	11	1.971831	0.666667	71	70	357.977705	7.769624	0.000000	-0.001311	-10.358882	-0.000511	-0.001071	-0.007057	2866.820812	0.799844	0.799844	3	2	1	9	11	1.971831	0.666667	3	2	71	70	51	5.113967	7.769624	357.977705	0.000000	19623	6.122621	20.448050	256x256	65536	sparse	Otsu	352	3	96	3092	50.814535	0.990455	0.999886	45.424287	0.654697	0.807564	True	0.283289	36.151364	0.969950	32.841915	0.425928	0.841183	M1_016_y256x256	87	3110	48.236518	0.987743	39.639503	0.999618	0.806901	0.567209	8	6	0.000000	662	38.525927	0.923401	0.996594	28.556247	0.752580	0.798946	-6.835413	0.308691	-12.117967	-0.020992	0.284746	40.132938	0.999952
M1_016_y256x768.png	0.166340	0.000000	0.000000	0.000000	0.000000	0.983154	22.752507	0.999980	25.070989	0.003050	0.130642	1.945311	20.411666	0.536382	647	1	0	0	2	1.000000	0.000000	2	1	6.414214	3.352061	0.000000						504.318237	0.003050	0.003050	1	0	1	0	2	1.000000	0.000000	1	0	2	1	0	6.414214	3.352061	6.414214	0.000000	37807	58.434312	101.292117	256x256	65536	dense	Frangi	66	1									True	0.166376	20.410374	0.536149	25.074022	0.483518	0.940592	M1_016_y256x768																									
M1_016_y512x256.png	0.177595	0.133831	0.236068	0.178880	0.347005	0.993655	25.115825	0.997110	32.903710	0.568444	0.398117	0.915081	28.001468	0.744369	6132	26	1	12	63	1.700599	0.038462	167	142	741.281313	4.902877	0.000000	0.005966	-13.970059	-0.005862	-0.001699	0.062666	2465.675592	0.568444	0.568444	26	1	25	12	63	1.700599	0.038462	26	0	167	142	92	5.220291	4.902877	741.281313	0.000000	35485	5.786856	10.687541	256x256	65536	sparse	Meijering	551	26	87	6084	41.837242	0.976962	0.999047	39.310561	0.376010	0.509723	True	0.177526	28.000399	0.744758	32.985507	0.622372	0.569521	M1_016_y512x256	68	6059	41.270895	0.976172	37.961052	0.998810	0.505778	0.392061	69	15	0.000000	338	23.002420	0.587430	0.964841	18.084616	0.942156	0.317040	-5.057342	0.006056	-13.269427	-0.231802	0.171629	39.085883	0.999517
M1_016_y512x768.png	0.195312	0.000000	0.000000	0.000000	0.000000	0.994350	21.581289	0.999964	22.171546	0.007255	0.113080	1.083820	22.915790	0.661291	560	1	0	0	2	1.000000	0.000000	2	1	5.414214	3.098713	0.000000						482.400417	0.007255	0.007255	1	0	1	0	2	1.000000	0.000000	1	0	2	1	0	5.414214	3.098713	5.414214	0.000000	33782	60.325000	117.028571	256x256	65536	dense	Frangi	56	1									True	0.192110	22.918690	0.661180	22.142800	0.529989	0.574413	M1_016_y512x768																									
M1_016_y768x0.png	0.456524	0.249651	0.399553	0.324425	0.519961	0.988303	27.206191	0.995064	33.265808	0.461835	0.406246	0.384502	28.905007	0.749619	7679	31	2	20	79	1.732719	0.064516	217	188	883.210245	4.785219	0.000000	0.022106	-13.632745	-0.010777	-0.003760	0.034549	3179.183245	0.461835	0.461835	31	2	29	20	79	1.732719	0.064516	31	1	217	188	118	4.697927	4.785219	883.210245	0.000000	34492	4.491731	8.534445	256x256	65536	dense	Meijering	819	31	90	7456	43.546108	0.982335	0.998937	40.957248	0.260366	0.430687	True	0.457445	28.898820	0.749839	33.269083	0.976364	0.375414	M1_016_y768x0	79	7622	43.178361	0.981605	40.113535	0.998824	0.427286	0.298345	102	26	0.000000	276	23.225114	0.554958	0.929779	17.803509	0.875070	0.276663	-6.847727	0.107901	-14.273354	-0.231986	0.434418	40.838936	0.999080
M1_016_y768x256.png	0.201431	0.209715	0.346718	0.296349	0.417716	0.991278	24.705056	0.997586	32.835530	0.506415	0.290680	0.259650	27.692059	0.697305	5403	29	0	6	64	1.579710	0.000000	138	109	529.060967	4.661691	0.000000	-0.098869	-13.697818	-0.007559	-0.001242	0.030011	2908.624172	0.506415	0.506415	29	0	29	6	64	1.579710	0.000000	29	0	138	109	68	4.853770	4.661691	529.060967	0.000000	36725	6.797150	12.129558	256x256	65536	sparse	Meijering	504	29	80	5156	40.107750	0.963186	0.998943	36.948754	0.135387	0.479815	True	0.201614	27.696191	0.697207	32.861713	0.683011	0.177344	M1_016_y768x256	51	5282	39.437362	0.958951	35.838904	0.998828	0.476404	0.142392	97	4	0.000000	404	24.687595	0.618983	0.964871	18.562385	0.354490	0.396633	-3.003374	0.148288	-11.745303	-0.261646	0.300300	38.402874	0.998837
M1_016_y768x512.png	0.229075	0.103884	0.188215	0.109164	0.682295	0.997121	27.544856	0.991241	35.315359	0.344397	0.883695	0.401179	32.175053	0.888601	15132	26	26	119	124	2.000000	1.000000	672	672	3169.762769	3.202661	0.000000	-0.070277	-17.221253	-0.002733	-0.007803	0.031227	2822.819948	0.344397	0.344397	26	26	0	119	124	2.000000	1.000000	26	26	672	672	429	4.716909	3.202661	3169.762769	0.000000	30303	2.002577	4.330954	256x256	65536	dense	Learned	1996	26	100	14162	50.301248	0.994135	0.999451	49.220825	0.277430	0.328678	True	0.228704	32.176240	0.888779	35.329536	0.834701	0.334865	M1_016_y768x512	95	13434	48.271971	0.992560	46.012015	0.999045	0.313171	0.254109	85	18	0.000000	249	22.958710	0.484403	0.896760	19.793227	0.764647	0.235909	-10.696656	0.629585	-16.096918	-0.103959	0.299353	44.766108	0.999854
M1_017_y0x512.png	0.412689	0.396794	0.568149	0.413757	0.906351	0.993715	30.375050	0.986996	33.387806	0.649866	0.934125	0.790915	28.855037	0.826278	11163	11	2	42	60	1.948424	0.181818	349	340	1712.746391	8.060185	0.000000	-0.039163	-9.890359	-0.005145	-0.009567	-0.028406	5636.550665	0.649866	0.649866	11	2	9	42	60	1.948424	0.181818	11	2	349	340	247	5.037489	8.060185	1712.746391	0.000000	36025	3.227179	5.870823	256x256	65536	sparse	Otsu	1030	11	93	10906	44.732686	0.988548	0.997793	42.837142	0.547592	0.683349	True	0.412600	28.866197	0.827200	33.404386	0.962839	0.761524	M1_017_y0x512	88	10993	42.974553	0.985272	40.392137	0.996563	0.678272	0.532949	76	59	0.000000	249	19.459665	0.365363	0.789543	16.738649	0.999364	0.566838	-7.004331	0.401177	-14.119516	-0.158993	0.451852	40.265409	0.998860
M1_017_y0x768.png	0.221139	0.164081	0.281906	0.178645	0.668057	0.998916	24.188662	0.997108	32.318071	0.496923	0.835001	1.565814	34.398257	0.958750	5876	11	12	49	49	2.007634	1.090909	262	263	1111.778787	3.075878	0.000000	0.002421	-17.829987	-0.001021	-0.002546	-0.021036	2364.192486	0.496923	0.496923	11	12	-1	49	49	2.007634	1.090909	11	12	262	263	164	4.227296	3.075878	1111.778787	0.000000	21616	3.678693	11.153165	256x256	65536	sparse	Learned	728	11	98	5822	51.602833	0.992387	0.999813	47.229081	0.904494	0.518950	True	0.221022	34.400224	0.962818	32.312460	0.630646	0.987475	M1_017_y0x768	93	5670	49.131896	0.992279	42.728357	0.999654	0.517958	0.985079	4	23	0.223485	344	27.903359	0.613494	0.976125	19.478970	0.999771	0.459110	-10.410286	-0.150078	-14.733639	-0.033529	0.218717	42.018649	0.999937
M1_017_y256x512.png	0.110568	0.070263	0.131300	0.070948	0.879098	0.998860	32.038229	0.992143	33.831748	0.451815	0.978734	0.701829	31.023445	0.883815	14192	14	28	121	99	2.040230	2.000000	696	710	3303.000359	3.085104	0.000000	-0.013033	-9.961410	-0.001005	-0.006567	-0.019100	2632.983208	0.451815	0.451815	14	28	-14	121	99	2.040230	2.000000	15	28	696	710	476	4.652113	3.085104	3303.000359	0.000000	34377	2.422280	4.617813	256x256	65536	sparse	Learned	1665	15	97	13558	47.808909	0.991623	0.999361	46.565272	0.364406	0.511553	True	0.107017	31.024714	0.885201	33.845851	0.609372	0.427675	M1_017_y256x512	93	12670	45.452951	0.989217	42.833513	0.998710	0.470915	0.336494	92	27	0.000000	247	19.539893	0.387155	0.881447	16.080965	0.939995	0.378996	-9.001765	0.642240	-14.429506	-0.105402	0.123601	41.999638	0.999866
M1_017_y512x256.png	0.197324	0.010390	0.020566	0.400000	0.010554	0.979957	19.872841	0.999953	26.187467	0.005206	0.113080	0.942265	25.149595	0.789153	653	1	0	0	2	1.000000	0.000000	2	1	6.242641	3.441647	0.000000						513.616085	0.005206	0.005206	1	0	1	0	2	1.000000	0.000000	1	0	2	1	0	6.242641	3.441647	6.242641	0.000000	28413	43.511485	100.361409	256x256	65536	dense	Frangi	93	1	1	624	32.973465	0.902319	0.999873	21.628506	0.967721	0.005567	True	0.197406	25.150864	0.790587	26.194862	0.999884	0.942156	M1_017_y512x256																									
M1_017_y512x512.png	0.206615	0.000000	0.000000	0.000000	0.000000	0.973499	18.674864	0.999908	25.244252	0.008068	0.181269	0.627722	19.043087	0.484413	1022	2	0	0	4	1.428571	0.000000	7	5	19.656854	3.167266	0.000000						705.507517	0.008068	0.008068	2	0	2	0	4	1.428571	0.000000	2	0	7	5	3	3.931371	3.167266	19.656854	0.000000	40479	39.607632	64.125245	256x256	65536	sparse	Frangi	132	2									True	0.207010	19.044054	0.484423	25.254550	0.975276	0.612203	M1_017_y512x512																									
M1_017_y768x512.png	0.286521	0.004086	0.008138	0.754717	0.004091	0.946878	17.796214	0.999979	23.429148	0.001816	0.197481	1.227177	18.677468	0.479965	564	1	0	0	2	1.500000	0.000000	4	3	11.656854	2.394642	0.000000						489.183187	0.001816	0.001816	1	0	1	0	2	1.500000	0.000000	1	0	4	3	2	3.885618	2.394642	11.656854	0.000000	40623	72.026596	116.198582	256x256	65536	sparse	Frangi	49	1									True	0.286295	18.679606	0.480016	23.463900	0.803416	0.985934	M1_017_y768x512																									
M1_018_y256x256.png	0.059777	0.000000	0.000000	0.000000	0.000000	0.992322	25.292997	0.999992	28.314245	0.002144	0.164730	1.986434	20.498855	0.617637	736	2	0	1	5	1.333333	0.000000	6	4	18.485281	2.395650	0.000000						600.418806	0.002144	0.002144	2	0	2	1	5	1.333333	0.000000	2	0	6	4	0	4.621320	2.395650	18.485281	0.000000	32311	43.900815	89.043478	256x256	65536	sparse	Frangi	83	2									True	0.059901	20.499032	0.617865	28.288916	0.503415	1.000000	M1_018_y256x256																									
M1_018_y256x768.png	0.570611	0.357230	0.526410	0.377498	0.869339	0.987747	24.125414	0.984423	35.444953	0.559674	0.818530	0.489732	29.926133	0.896489	10184	15	6	34	55	1.936620	0.400000	284	275	1444.869191	7.307881	0.000000	0.047010	-21.040193	-0.011444	-0.013352	-0.004372	13574.764013	0.559674	0.559674	15	6	9	34	55	1.936620	0.400000	15	6	284	275	195	5.254070	7.307881	1444.869191	0.000000	26441	2.596328	6.435192	256x256	65536	sparse	Otsu	1396	15	98	9166	49.846001	0.992463	0.998487	47.607782	0.405479	0.562740	True	0.571229	29.929672	0.897724	35.451764	0.931265	0.456071	M1_018_y256x768	94	9221	48.834946	0.992067	45.846180	0.997774	0.564046	0.387279	65	32	0.000000	249	24.985261	0.421136	0.889568	23.828571	0.865564	0.553682	-10.401227	0.431251	-18.908813	-0.095578	0.523601	45.165607	0.999191
M1_018_y512x256.png	0.240483	0.286263	0.445108	0.333527	0.668882	0.993996	30.575128	0.994101	34.865002	0.536228	0.515675	0.471061	28.811751	0.773501	7361	24	0	22	70	1.779817	0.000000	218	194	961.151370	5.980975	0.000000	-0.044841	-11.541394	-0.005334	-0.004048	-0.055270	5464.734316	0.536228	0.536228	24	0	24	22	70	1.779817	0.000000	24	0	218	194	126	4.954389	5.980975	961.151370	0.000000	34825	4.731015	8.903138	256x256	65536	sparse	Otsu	744	24	89	7010	43.329390	0.979969	0.998120	41.185439	0.231514	0.596049	True	0.238988	28.811767	0.773539	34.881524	0.688437	0.324296	M1_018_y512x256	77	7354	43.351360	0.980661	40.952143	0.998149	0.591498	0.207809	105	20	0.000000	279	21.963333	0.577520	0.907342	17.045575	0.785142	0.315114	-6.087141	0.307867	-14.539609	-0.207160	0.285324	42.116522	0.999330
M1_018_y512x768.png	0.003394	0.126588	0.224728	0.309137	0.176527	0.981319	28.019937	0.997765	33.163194	0.182739	0.200582	0.086268	28.913902	0.730694	5073	31	0	6	68	1.465517	0.000000	116	85	359.906638	4.288124	0.000000	-0.000314	-12.705479	-0.016602	-0.001380	-0.002516	3091.360331	0.182739	0.182739	31	0	31	6	68	1.465517	0.000000	31	0	116	85	42	4.234196	4.288124	359.906638	0.000000	32745	6.454760	12.918589	256x256	65536	dense	Meijering	650	31	85	4904	42.353135	0.973297	0.999388	39.174077	0.047819	0.181685	True	0.003394	28.915155	0.730746	33.162708	0.739077	0.063759	M1_018_y512x768	57	5025	41.326113	0.966450	37.108765	0.999145	0.185255	0.065740	20	0	0.822581	410	26.014910	0.654455	0.975046	18.602647	0.076884	0.187526	-3.945571	0.134842	-12.412211	-0.235755	0.003708	40.725417	0.997922
M1_018_y768x256.png	0.239625	0.142905	0.250073	0.147700	0.814867	0.995390	22.453210	0.992478	35.678353	0.581889	0.773724	0.446733	32.886946	0.908903	7414	10	1	21	39	1.897143	0.100000	175	166	839.624458	8.109320	0.000000	0.036738	-22.712770	-0.004499	-0.006513	-0.035145	12666.371346	0.581889	0.581889	10	1	9	21	39	1.897143	0.100000	10	1	175	166	115	5.057979	8.109320	839.624458	0.000000	22487	3.033046	8.839493	256x256	65536	sparse	Otsu	1058	10	98	7342	50.644211	0.993940	0.999313	47.383134	0.389994	0.619058	True	0.233251	32.894938	0.909725	35.689996	0.809861	0.361792	M1_018_y768x256	93	7289	49.939358	0.994039	45.562081	0.998991	0.617034	0.342484	56	12	0.000000	278	28.634009	0.643376	0.924235	22.989539	0.999424	0.531617	-9.883728	0.431240	-17.052412	-0.085136	0.202887	45.165980	0.999888
M1_018_y768x768.png	0.008772	0.016949	0.033333	0.022449	0.064706	0.995587	20.864914	0.998349	31.214663	0.570771	0.526688	0.441095	28.779152	0.873268	2966	5	0	3	13	1.782609	0.000000	46	41	201.882251	7.203974	0.000000	0.008772	-18.064569	-0.004047	-0.000857	-0.000496	2265.332460	0.570771	0.570771	5	0	5	3	13	1.782609	0.000000	5	0	46	41	30	4.923957	7.203974	201.882251	0.000000	21064	7.101821	22.095752	256x256	65536	sparse	Otsu	320	5	87	2932	45.906184	0.986663	0.999811	39.563814	0.100714	0.566176	True	0.009043	28.777280	0.875134	31.223147	0.368716	0.162639	M1_018_y768x768	48	2959	42.317367	0.944274	34.073951	0.999206	0.571267	0.106671	25	0	0.000000	3191	45.786047	0.981488	0.999840	40.750722	0.102372	0.566742	-2.859288	0.420017	-13.538215	-0.071006	0.000000	38.929483	0.999634
M1_019_y256x0.png	0.174994	0.116964	0.209432	0.119845	0.829502	0.998381	28.682415	0.993918	35.181117	0.427131	0.992659	1.380983	32.818615	0.938300	11048	7	18	66	49	2.055276	2.571429	398	409	1957.545381	3.092258	0.000000	-0.025725	-17.021972	-0.001580	-0.005408	-0.028232	4703.602552	0.427131	0.427131	7	18	-11	66	49	2.055276	2.571429	7	20	398	409	283	4.786175	3.092258	1957.545381	0.000000	23410	2.118936	5.931933	256x256	65536	dense	Learned	1787	7	100	8064	51.434700	0.993213	0.999503	49.076527	0.841394	0.463151	True	0.175149	32.828188	0.941483	35.193738	0.595053	0.821758	M1_019_y256x0	96	10149	50.595547	0.993770	46.933414	0.999326	0.455363	0.790111	17	41	0.000000	250	23.669916	0.458660	0.944367	17.750609	0.990905	0.322745	-11.752297	0.202548	-17.776932	-0.055470	0.200720	45.704387	0.999961
M1_019_y256x256.png	0.370583	0.414612	0.586185	0.437337	0.888629	0.989259	28.833728	0.986096	33.930786	0.344861	0.768740	0.337249	27.088535	0.739494	11124	19	3	44	77	1.905045	0.157895	337	321	1570.337229	6.568588	0.000000	-0.050531	-12.954937	-0.009672	-0.010844	-0.068075	8072.016001	0.344861	0.344861	19	3	16	44	77	1.905045	0.157895	19	4	337	321	216	4.892016	6.568588	1570.337229	0.000000	37196	3.343761	5.891406	256x256	65536	sparse	Otsu	1145	19	92	10558	43.895455	0.984541	0.997459	42.874045	0.222361	0.441863	True	0.369924	27.100069	0.739623	33.955952	0.736773	0.248476	M1_019_y256x256	87	11114	43.402189	0.983782	41.614926	0.996939	0.412936	0.212585	120	21	0.000000	248	19.847308	0.465791	0.840290	16.275029	0.996375	0.313300	-7.684140	0.556154	-16.313654	-0.244288	0.421114	41.788664	0.998931
M1_019_y256x512.png	0.445955	0.274818	0.431148	0.313876	0.688325	0.980853	28.068421	0.988577	34.070710	0.366663	0.885649	0.331582	29.351012	0.804686	19305	32	38	162	155	2.013777	1.187500	871	877	4070.914139	3.243501	0.000000	-0.020027	-15.298123	-0.017977	-0.009937	-0.023721	2908.360481	0.366663	0.366663	32	38	-6	162	155	2.013777	1.187500	33	40	871	877	554	4.641863	3.243501	4070.914139	0.000000	37807	1.958405	3.394768	256x256	65536	dense	Learned	2441	33	97	18274	47.191440	0.992023	0.999210	46.904140	0.282087	0.404443	True	0.446044	29.348705	0.804773	34.092013	0.904948	0.300065	M1_019_y256x512	94	17579	44.706161	0.986179	43.895218	0.998513	0.390384	0.276914	123	44	0.000000	249	20.030218	0.491695	0.867605	17.342110	0.914565	0.269894	-9.824508	0.608735	-15.355149	-0.181494	0.465981	43.366544	0.998830
M1_019_y256x768.png	0.447915	0.359017	0.528348	0.476998	0.592088	0.984804	29.827470	0.993807	34.582170	0.460479	0.418914	0.685903	29.465961	0.749292	7554	35	0	17	87	1.718876	0.000000	249	214	1035.950360	4.868976	0.000000	-0.036263	-11.046499	-0.013129	-0.004168	-0.000104	3808.206081	0.460479	0.460479	35	0	35	17	87	1.718876	0.000000	35	0	249	214	145	4.840890	4.868976	1035.950360	0.000000	35339	4.678184	8.675669	256x256	65536	sparse	Meijering	800	35	89	6906	42.660480	0.976946	0.997969	40.534433	0.502278	0.461600	True	0.448543	29.468837	0.749349	34.613303	0.806724	0.553335	M1_019_y256x768	78	7461	42.701195	0.977295	40.300947	0.997974	0.460583	0.497276	70	48	0.000000	279	24.161603	0.577839	0.932374	19.730289	1.000000	0.319908	-5.718777	-0.078362	-13.235234	-0.228003	0.484178	40.873969	0.997934
M1_019_y512x0.png	0.000892	0.064463	0.121119	0.065152	0.859056	0.999085	30.926580	0.991000	35.657842	0.043200	0.999362	0.110805	31.647011	0.882337	13174	7	40	151	91	2.092567	5.714286	713	746	3379.899854	3.282836	0.000000	-0.000416	-14.255570	-0.000864	-0.007895	-0.000823	2860.830069	0.043200	0.043200	7	40	-33	151	91	2.092567	5.714286	8	39	713	746	471	4.530697	3.282836	3379.899854	0.000000	29750	2.258236	4.974647	256x256	65536	sparse	Learned	1573	8	99	12928	49.946802	0.993525	0.999373	48.745949	0.052947	0.044134	True	0.000891	31.658551	0.884496	35.674303	0.415584	0.046049	M1_019_y512x0	95	13115	48.183004	0.992450	46.019664	0.998895	0.044023	0.053704	25	0	0.000000	249	21.396525	0.407299	0.900527	18.938782	0.932119	0.338169	-10.361822	0.945658	-16.535993	-0.110113	0.001307	45.182150	0.999949
M1_019_y512x512.png	0.136413	0.000000	0.000000	0.000000	0.000000	0.975155	19.543775	0.999959	28.713346	0.014181	0.164730	1.021521	22.577861	0.532133	1103	2	0	0	4	1.200000	0.000000	5	3	17.242641	3.659630	0.000000						619.714499	0.014181	0.014181	2	0	2	0	4	1.200000	0.000000	2	0	5	3	1	5.747547	3.659630	17.242641	0.000000	39128	35.474161	59.416138	256x256	65536	dense	Frangi	176	2									True	0.136256	22.576403	0.532111	28.715039	0.742311	0.758286	M1_019_y512x512																									
M1_019_y512x768.png	0.250708	0.226405	0.369218	0.251054	0.697523	0.981124	29.084204	0.990211	34.269683	0.351565	0.888017	0.332542	29.334576	0.805017	19972	33	33	150	156	2.000000	1.000000	910	910	4200.458295	3.210074	0.000000	-0.001602	-15.638408	-0.018080	-0.008627	-0.000803	2978.773832	0.351565	0.351565	33	33	0	150	156	2.000000	1.000000	34	31	910	910	604	4.615888	3.210074	4200.458295	0.000000	38055	1.905418	3.281394	256x256	65536	dense	Learned	2540	34	97	17886	47.110477	0.992288	0.999232	46.792299	0.311865	0.352210	True	0.250799	29.340233	0.805246	34.289584	0.876724	0.291548	M1_019_y512x768	95	19714	45.464735	0.989149	44.702770	0.998838	0.352367	0.318157	115	47	0.000000	245	21.330436	0.492632	0.899453	19.415052	0.927681	0.237031	-10.433086	0.569860	-16.130160	-0.184132	0.252310	44.722612	0.999204
M1_019_y768x512.png	0.135514	0.063520	0.119452	0.064399	0.823109	0.998624	29.854965	0.989680	35.801738	0.150784	0.986231	0.344901	30.723438	0.889378	15552	15	28	138	117	2.033810	1.866667	769	782	3635.799349	3.396898	0.000000	0.052372	-15.196255	-0.001301	-0.008895	-0.343888	6214.411497	0.150784	0.150784	15	28	-13	138	117	2.033810	1.866667	15	27	769	782	514	4.649360	3.396898	3635.799349	0.000000	31454	2.022505	4.213992	256x256	65536	sparse	Learned	2010	15	99	15110	49.563919	0.993291	0.999160	48.781491	0.440747	0.503221	True	0.134553	30.722096	0.890325	35.807980	0.552166	0.190443	M1_019_y768x512	95	14741	47.609041	0.991045	46.011138	0.998575	0.494672	0.455733	89	49	0.000000	247	21.055666	0.513685	0.896342	18.098044	0.999509	0.379512	-10.209401	0.530498	-16.885603	-0.101668	0.083142	45.051220	0.999925
M1_020_y256x512.png	0.026684	0.000000	0.000000	0.000000	0.000000	0.995911	22.066008	0.999980	23.993419	0.002429	0.213372	1.715637	22.049552	0.554553	691	1	0	0	2	1.500000	0.000000	4	3	11.828427	2.510855	0.000000						577.559710	0.002429	0.002429	1	0	1	0	2	1.500000	0.000000	1	0	4	3	2	3.942809	2.510855	11.828427	0.000000	38361	55.515195	94.842258	256x256	65536	sparse	Frangi	71	1									True	0.026704	22.049127	0.554737	23.996845	0.385328	0.661083	M1_020_y256x512																									
M1_020_y256x768.png	0.228487	0.200906	0.334591	0.209027	0.837951	0.992001	28.799910	0.986153	34.578715	0.570789	0.958622	1.042975	31.995747	0.882948	8849	8	5	38	46	1.979239	0.625000	289	286	1451.668181	7.959471	0.000000	-0.035965	-11.458865	-0.007042	-0.009989	0.010082	5104.218245	0.570789	0.570789	8	5	3	38	46	1.979239	0.625000	8	3	289	286	205	5.075763	7.959471	1451.668181	0.000000	31602	3.571251	7.406035	256x256	65536	sparse	Otsu	904	8	94	7904	46.165292	0.987011	0.997130	43.536977	0.579355	0.599599	True	0.221605	31.976882	0.884380	34.599649	0.810494	0.845325	M1_020_y256x768	89	8250	44.636278	0.984720	41.239446	0.996142	0.560707	0.677451	40	64	0.000000	247	20.555883	0.361765	0.851828	16.941968	0.757074	0.474002	-6.660731	0.281171	-12.640531	-0.101772	0.264452	40.258775	0.999043
M1_020_y512x512.png	0.233158	0.019963	0.039145	0.169255	0.022132	0.983384	18.886680	0.999804	26.930080	0.035208	0.222755	1.482393	20.224666	0.532481	1559	5	0	0	10	1.473684	0.000000	19	14	65.041631	3.571365	0.000000	0.130687	-3.953730	-0.004855	0.000859	-0.037067	941.978931	0.035208	0.035208	5	0	5	0	10	1.473684	0.000000	5	0	19	14	9	4.645831	3.571365	65.041631	0.000000	40655	26.077614	42.037203	256x256	65536	sparse	Frangi	165	5	2	1530	30.223466	0.827294	0.999527	22.522959	0.203256	0.066421	True	0.233504	20.227432	0.532544	26.936860	0.510164	0.756263	M1_020_y512x512	3	1478	24.345520	0.606565	19.022903	0.998945	0.072275	0.183555	93	3	0.000000	6158	38.444377	0.955490	0.999977	35.787612	0.128504	0.071830	7.907177	0.039200	-4.120855	-0.074084	0.102472	22.840411	0.988238
M1_020_y768x256.png	0.034966	0.028689	0.055777	0.028973	0.744884	0.999285	31.500912	0.991774	35.686221	0.454400	0.975947	2.565517	33.183017	0.894980	13570	16	37	134	101	2.058496	2.312500	718	739	3381.703894	3.282882	0.000000	-0.000413	-13.465354	-0.000676	-0.007086	-0.008196	2842.791080	0.454400	0.454400	16	37	-21	134	101	2.058496	2.312500	16	35	718	739	483	4.576054	3.282882	3381.703894	0.000000	31681	2.334635	4.829477	256x256	65536	sparse	Learned	1643	16	98	12824	48.574661	0.991257	0.999217	47.706310	0.565959	0.459496	True	0.034144	33.178831	0.894978	35.694250	0.238146	0.610967	M1_020_y768x256	94	12484	47.356932	0.989765	45.559426	0.998860	0.462596	0.588156	45	38	0.050893	246	22.165245	0.578779	0.883597	18.212608	0.989642	0.336918	-9.873205	0.387791	-14.173915	-0.094785	0.035379	44.966266	0.999961
M1_020_y768x512.png	0.046057	0.098200	0.178838	0.119872	0.351975	0.992397	23.895863	0.996823	31.770414	0.292141	0.246014	0.213903	27.303812	0.729175	6096	42	0	10	94	1.543478	0.000000	184	142	627.215295	4.406796	0.000000	-0.005142	-12.884989	-0.006944	-0.002045	-0.013616	2361.938715	0.292141	0.292141	42	0	42	10	94	1.543478	0.000000	42	0	184	142	80	4.417009	4.406796	627.215295	0.000000	37091	6.084482	10.750656	256x256	65536	sparse	Meijering	474	42	83	5840	40.749742	0.967515	0.999141	37.810750	0.103270	0.297718	True	0.047291	27.306595	0.729186	31.788713	0.512029	0.109525	M1_020_y768x512	59	6065	39.690657	0.964212	35.486186	0.998868	0.305757	0.096884	84	1	0.000000	335	21.766180	0.569660	0.938677	15.292681	0.828599	0.235346	-3.715771	0.149129	-12.386845	-0.235036	0.051198	36.780852	0.999341
M1_020_y768x768.png	0.164447	0.005093	0.010133	0.526316	0.005116	0.968681	19.892553	0.999993	25.738002	0.001598	0.197481	1.434693	22.189301	0.699985	530	1	0	0	2	1.500000	0.000000	4	3	11.656854	2.656788	0.000000						509.652138	0.001598	0.001598	1	0	1	0	2	1.500000	0.000000	1	0	4	3	2	3.885618	2.656788	11.656854	0.000000	32234	60.818868	123.652830	256x256	65536	sparse	Frangi	57	1									True	0.164331	22.189455	0.701348	25.700514	0.696993	0.999971	M1_020_y768x768																									
M1_021_y256x0.png	0.077547	0.000000	0.000000	0.000000	0.000000	0.989336	24.740966	0.999992	24.265729	0.001075	0.113080	1.690263	24.847484	0.755090	474	1	0	0	2	1.333333	0.000000	3	2	5.414214	2.534183	0.000000						476.209641	0.001075	0.001075	1	0	1	0	2	1.333333	0.000000	1	0	3	2	1	2.707107	2.534183	5.414214	0.000000	28295	59.694093	138.261603	256x256	65536	sparse	Frangi	41	1									True	0.077561	24.846449	0.755770	24.214410	0.591619	0.999992	M1_021_y256x0																									
M1_021_y512x0.png	0.291529	0.000000	0.000000	0.000000	0.000000	0.972156	23.010087	0.999879	24.296186	0.015092	0.130642	0.607277	20.706765	0.534698	1184	5	0	0	10	1.230769	0.000000	13	8	32.899495	2.920920	0.000000						644.342661	0.015092	0.015092	5	0	5	0	10	1.230769	0.000000	5	0	13	8	3	4.112437	2.920920	32.899495	0.000000	36754	31.042230	55.351351	256x256	65536	sparse	Frangi	137	5									True	0.292562	20.707735	0.534742	24.296009	0.809317	0.491480	M1_021_y512x0																									
M1_021_y512x512.png	0.211274	0.084461	0.155766	0.093566	0.464644	0.991993	26.506441	0.992088	35.415540	0.204196	0.660263	0.518654	31.591387	0.884120	12903	48	13	81	152	1.891473	0.270833	645	610	2921.164789	3.028448	0.000000	-0.001171	-17.761648	-0.007679	-0.006740	0.003982	2925.729513	0.204196	0.204196	48	13	35	81	152	1.891473	0.270833	48	13	645	610	412	4.788795	3.028448	2921.164789	0.000000	33397	2.588313	5.079129	256x256	65536	sparse	Learned	1501	48	96	11086	46.822491	0.988327	0.998948	45.842279	0.142425	0.203786	True	0.211022	31.591554	0.884228	35.435829	0.373433	0.193683	M1_021_y512x512	93	12394	46.492432	0.988229	44.880399	0.998828	0.200214	0.139837	79	2	0.254006	248	21.600125	0.607067	0.887278	17.653348	0.847749	0.253216	-9.464858	0.520426	-14.901045	-0.104109	0.212445	44.268089	0.999673
M1_021_y512x768.png	0.131999	0.009629	0.019074	0.555556	0.009703	0.986358	22.020863	0.999992	23.573998	0.002305	0.228948	1.600795	24.709687	0.783663	491	1	0	0	2	1.500000	0.000000	4	3	13.656854	2.414987	0.000000						495.658398	0.002305	0.002305	1	0	1	0	2	1.500000	0.000000	1	0	4	3	2	4.552285	2.414987	13.656854	0.000000	26794	54.570265	133.474542	256x256	65536	sparse	Frangi	60	1									True	0.131883	24.710214	0.786002	23.581941	0.624689	0.999999	M1_021_y512x768																									
M1_021_y768x512.png	0.274260	0.019084	0.037452	0.518006	0.019429	0.946295	18.895468	0.999852	26.587351	0.016703	0.130642	0.952339	19.901202	0.565990	1245	5	0	0	10	1.166667	0.000000	12	7	33.313708	3.337070	0.000000						601.145983	0.016703	0.016703	5	0	5	0	10	1.166667	0.000000	5	0	12	7	2	4.759101	3.337070	33.313708	0.000000	36451	29.277912	52.639357	256x256	65536	sparse	Frangi	136	5									True	0.276991	19.900315	0.566335	26.580842	0.794847	0.756964	M1_021_y768x512																									
M2_001_y256x0.png	0.000000	0.078805	0.146097	0.079246	0.934126	0.999135	37.790328	0.987678	38.504915	0.009354	0.978763	0.125010	36.254879	0.957162	9655	10	10	75	80	2.000000	1.000000	461	461	2199.765727	3.260474	0.000000	0.000000	-8.840204	-0.000723	-0.010609	0.001282	7237.237453	0.009354	0.009354	10	10	0	75	80	2.000000	1.000000	10	10	461	461	306	4.771726	3.260474	2199.765727	0.000000	21037	2.178871	6.787778	256x256	65536	sparse	Learned	1614	10	100	6346	51.199412	0.990279	0.998318	49.058473	0.026314	0.007994	True	0.000000	36.275997	0.961113	38.507012	0.678042	0.084762	M2_001_y256x0	96	8008	51.015826	0.991674	48.507709	0.998286	0.008072	0.026314	3	0	0.150000	246	28.418722	0.522748	0.937735	24.286054	0.802101	0.143706	-10.002794	0.952449	-14.760946	-0.034512	0.000000	46.630532	0.999858
M2_001_y256x256.png	0.005863	0.061728	0.116279	0.195707	0.082711	0.981827	28.833091	0.998623	32.930032	0.305556	0.156897	0.097595	32.226009	0.839957	2780	15	0	0	30	1.333333	0.000000	45	30	126.669048	4.799422	0.000000	-0.000004	-10.660528	-0.015416	-0.000619	0.004968	1658.907413	0.305556	0.305556	15	0	15	0	30	1.333333	0.000000	15	0	45	30	15	4.222302	4.799422	126.669048	0.000000	29905	10.757194	23.574101	256x256	65536	dense	Meijering	348	15	82	2698	42.868041	0.968823	0.999594	37.335794	0.062412	0.304238	True	0.005863	32.226014	0.840131	32.951361	0.692721	0.067606	M2_001_y256x256	37	2733	40.965971	0.955771	34.358496	0.999241	0.300588	0.079189	8	0	0.766667	3347	43.396794	0.971412	0.999749	41.174130	0.070146	0.303234	-1.428463	0.077709	-8.739962	-0.115814	0.005866	39.493619	0.997243
M2_001_y256x512.png	0.386455	0.000000	0.000000	0.000000	0.000000	0.969226	23.355526	0.999954	21.512768	0.003858	0.113080	0.749139	23.911340	0.725525	533	1	0	0	2	1.000000	0.000000	2	1	5.414214	3.098713	0.000000						468.456745	0.003858	0.003858	1	0	1	0	2	1.000000	0.000000	1	0	2	1	0	5.414214	3.098713	5.414214	0.000000	32431	60.846154	122.956848	256x256	65536	sparse	Frangi	54	1									True	0.385784	23.914040	0.725866	21.485463	0.864935	0.647956	M2_001_y256x512																									
M2_001_y512x0.png	0.015454	0.032153	0.062303	0.267213	0.035262	0.973535	29.900945	0.999584	31.621977	0.500820	0.145011	0.057902	31.668958	0.863069	1472	6	0	0	12	1.333333	0.000000	18	12	47.213203	5.785468	0.000000	-0.000797	-3.495332	-0.010758	0.000776	-0.001138	908.725977	0.500820	0.500820	6	0	6	0	12	1.333333	0.000000	6	0	18	12	6	3.934434	5.785468	47.213203	0.000000	28578	19.414402	44.521739	256x256	65536	sparse	Meijering	148	6	65	1466	41.890511	0.962124	0.999779	33.226268	0.064493	0.483846	True	0.015557	31.677584	0.863711	31.638406	0.896969	0.051936	M2_001_y512x0	10	1442	35.554262	0.878473	26.556608	0.998809	0.501958	0.070709	9	0	0.750000								5.065369	0.074302	-3.885304	-0.015404	0.016251	33.396277	0.984293
M2_002_y0x0.png	0.145619	0.131876	0.233022	0.133504	0.915361	0.999208	33.172929	0.992628	37.956886	0.505579	0.806428	2.157207	35.533261	0.955106	8371	19	9	58	80	1.947781	0.473684	383	373	1734.810317	3.378304	0.000000	0.069653	-12.964588	-0.000685	-0.006034	0.120663	5395.118952	0.505579	0.505579	19	9	10	58	80	1.947781	0.473684	19	8	383	373	245	4.650966	3.378304	1734.810317	0.000000	23043	2.752718	7.828933	256x256	65536	sparse	Learned	1341	19	100	7426	50.434683	0.989995	0.999035	49.095339	0.522886	0.383211	True	0.144962	35.561977	0.957087	37.973726	0.375890	0.810872	M2_002_y0x0	95	7606	49.577212	0.989255	47.029354	0.998663	0.384916	0.746175	36	126	0.000000	250	34.292273	0.803408	0.982078	29.451294	0.975276	0.345157	-9.072468	0.060253	-14.043952	-0.034149	0.075967	46.137517	0.999893
M2_002_y0x256.png	0.275723	0.011929	0.023576	0.246725	0.012379	0.971256	20.026059	0.999867	28.164785	0.017229	0.142156	1.044036	22.216613	0.682485	1350	6	0	0	12	1.200000	0.000000	15	9	44.142136	3.316734	0.000000	-0.008688	-2.910887	-0.003087	0.000754	0.000809	771.137476	0.017229	0.017229	6	0	6	0	12	1.200000	0.000000	6	0	15	9	3	4.904682	3.316734	44.142136	0.000000	35212	26.082963	48.545185	256x256	65536	sparse	Frangi	146	6	7	1330	32.917707	0.909994	0.999787	26.097790	0.686961	0.026531	True	0.275187	22.216687	0.682456	28.163378	0.928898	0.969803	M2_002_y0x256	2	1305	24.820785	0.585688	20.224280	0.999114	0.016420	0.997149	10	87	0.000000								7.940504	-0.854992	-2.604173	0.096797	0.284411	22.936946	0.974343
M2_002_y0x512.png	0.179359	0.168411	0.288273	0.281860	0.294984	0.984565	24.911241	0.997826	31.587086	0.635629	0.333245	0.381029	27.616536	0.885437	13169	72	8	43	175	1.713004	0.111111	446	382	1656.520995	3.118442	0.000000	0.004073	-15.986025	-0.014642	-0.001801	-0.012769	3656.350613	0.635629	0.635629	72	8	64	43	175	1.713004	0.111111	75	8	446	382	228	4.336442	3.118442	1656.520995	0.000000	37147	2.820791	4.976536	256x256	65536	dense	Learned	1490	75	93	12060	44.219771	0.986437	0.999774	42.486965	0.215067	0.647682	True	0.179149	27.620328	0.885649	31.594463	0.931044	0.354755	M2_002_y0x512	90	12805	42.825700	0.986064	39.641010	0.999627	0.648398	0.225238	100	10	0.708333	245	16.235766	0.364564	0.890555	10.829827	0.999988	0.318442	-8.053923	0.108007	-15.209164	-0.100628	0.175285	40.897266	0.999207
M2_002_y256x0.png	0.192841	0.000204	0.000407	0.003125	0.000218	0.990543	27.893984	0.999813	27.392173	0.019437	0.168896	1.226064	26.897142	0.776250	1245	4	0	1	9	1.466667	0.000000	15	11	37.142136	3.100866	0.000000	0.072606	-0.134457	0.000606	0.000643	0.011330	695.533991	0.019437	0.019437	4	0	4	1	9	1.466667	0.000000	4	0	15	11	5	3.376558	3.100866	37.142136	0.000000	31379	25.204016	52.639357	256x256	65536	sparse	Frangi	138	4	24	1228	37.203665	0.938326	0.999777	28.079803	0.099113	0.084333	True	0.193562	26.899999	0.776579	27.401115	0.555636	0.681245	M2_002_y256x0	2	1211	25.699569	0.475264	19.493951	0.999170	0.008107	0.999996	4	31	0.000000								7.898222	-0.831100	1.197574	0.300987	0.120235	28.028441	0.989937
M2_002_y256x512.png	0.309298	0.033556	0.064933	0.427205	0.035137	0.947775	18.395744	0.999585	27.383474	0.037535	0.215990	1.096427	19.070346	0.580851	1815	6	0	0	12	1.478261	0.000000	23	17	74.041631	4.453026	0.000000	0.190576	-6.322224	-0.023282	0.001235	-0.048381	1063.133240	0.037535	0.037535	6	0	6	0	12	1.478261	0.000000	6	0	23	17	11	4.355390	4.453026	74.041631	0.000000	39088	21.536088	36.107989	256x256	65536	sparse	Frangi	169	6	4	1764	31.131400	0.902061	0.999108	24.890517	0.124625	0.094190	True	0.308861	19.070234	0.580829	27.390568	0.854163	0.936527	M2_002_y256x512	4	1758	26.108011	0.759721	21.642725	0.998350	0.085916	0.160263	135	2	0.000000	5261	38.827339	0.961875	0.999931	36.497909	0.090214	0.090808	5.740749	0.055727	-7.037665	-0.178870	0.118722	24.717967	0.971057
M2_002_y512x0.png	0.447441	0.076031	0.141317	0.288354	0.093592	0.974612	25.698700	0.999036	32.030065	0.173164	0.201791	0.819982	28.321493	0.824597	3930	26	0	3	55	1.380952	0.000000	84	58	302.622366	3.999589	0.000000	0.038651	-12.933593	-0.022450	-0.000539	-0.052674	1905.613184	0.173164	0.173164	26	0	26	3	55	1.380952	0.000000	26	0	84	58	26	5.217627	3.999589	302.622366	0.000000	32736	8.329771	16.675827	256x256	65536	dense	Meijering	415	26	84	3854	42.237497	0.974116	0.999716	36.980310	0.566959	0.204287	True	0.446917	28.330414	0.825016	32.050628	0.958746	0.786154	M2_002_y512x0	51	3900	41.002211	0.967893	34.750109	0.999575	0.225838	0.483330	57	54	0.000000	531	27.057279	0.787470	0.985553	18.371034	0.705948	0.212297	-2.720044	-0.281539	-12.680717	-0.143296	0.408790	38.632292	0.997063
M2_003_y0x256.png	0.295222	0.203692	0.338445	0.315228	0.365353	0.994437	31.312612	0.997489	34.777930	0.399852	0.273219	0.990238	34.668765	0.876764	4145	23	1	5	50	1.603604	0.043478	111	89	389.149278	4.727733	0.000000	-0.047304	-9.508265	-0.004861	-0.001702	0.009876	2417.656898	0.399852	0.399852	23	1	22	5	50	1.603604	0.043478	23	0	111	89	56	4.372464	4.727733	389.149278	0.000000	30461	7.348854	15.810856	256x256	65536	dense	Meijering	484	23	89	3904	43.821763	0.969497	0.999257	40.245556	0.418393	0.386582	True	0.294842	34.665917	0.876990	34.780111	0.734640	0.727468	M2_003_y0x256	72	4029	43.668482	0.969386	39.363507	0.999192	0.389975	0.449399	43	23	0.000000	468	33.084548	0.862343	0.987989	25.880572	0.866160	0.348247	-4.585577	-0.176179	-8.999718	-0.092622	0.342526	40.820877	0.999299
M2_003_y256x256.png	0.285896	0.000000	0.000000	0.000000	0.000000	0.976116	22.730976	0.999957	32.261812	0.008743	0.316139	1.298904	25.531918	0.800880	1154	1	0	0	2	1.666667	0.000000	6	5	20.071068	4.488738	0.000000						782.497883	0.008743	0.008743	1	0	1	0	2	1.666667	0.000000	1	0	6	5	4	4.014214	4.488738	20.071068	0.000000	32844	28.461005	56.790295	256x256	65536	dense	Frangi	200	1	28	1142	37.703421	0.934951	0.999904	28.731629	0.644477	0.015638	True	0.286504	25.533157	0.800998	32.253802	0.769844	0.999954	M2_003_y256x256																									
M2_003_y512x0.png	0.213491	0.336053	0.503053	0.447755	0.573934	0.987020	31.756885	0.993246	35.103505	0.382002	0.404051	0.829506	31.712296	0.865329	6669	25	0	16	66	1.710983	0.000000	173	148	707.742207	5.072615	0.000000	-0.039201	-11.077175	-0.011994	-0.005092	0.012771	7946.048021	0.382002	0.382002	25	0	25	16	66	1.710983	0.000000	25	0	173	148	91	4.782042	5.072615	707.742207	0.000000	31709	4.754686	9.826961	256x256	65536	sparse	Otsu	940	25	93	6484	44.882485	0.975396	0.998598	43.283610	0.460532	0.388861	True	0.212573	31.712540	0.865484	35.101707	0.662898	0.549877	M2_003_y512x0	86	6471	44.789205	0.975437	42.180900	0.998338	0.369231	0.480148	76	64	0.000000	273	27.426050	0.756280	0.949940	22.345002	0.989580	0.170701	-7.077395	-0.076097	-13.076909	-0.110108	0.252692	42.834060	0.999014
M2_003_y512x512.png	0.277917	0.079635	0.147523	0.566707	0.084799	0.992498	26.882481	0.999781	31.273613	0.043088	0.295312	1.349756	33.443146	0.926572	1319	4	1	2	9	1.684211	0.250000	19	16	72.213203	4.480142	0.000000	0.018780	-5.364948	-0.001597	0.000238	0.003924	821.145773	0.043088	0.043088	4	1	3	2	9	1.684211	0.250000	4	0	19	16	8	4.513325	4.480142	72.213203	0.000000	29214	22.148597	49.686126	256x256	65536	sparse	Meijering	161	4	79	1286	43.051873	0.964402	0.999903	34.328913	0.942502	0.042209	True	0.277909	33.455091	0.927010	31.282516	0.739761	0.998497	M2_003_y512x512	10	1308	35.966826	0.857034	27.486728	0.999542	0.039164	0.999306	3	21	0.000000								3.786885	-0.703994	-2.523679	0.069538	0.259137	32.247430	0.994095
M2_004_y0x0.png	0.168999	0.163097	0.280453	0.163636	0.980198	0.999387	39.051548	0.994372	38.531800	0.802015	0.678348	1.283935	40.221574	0.957864	4516	7	0	9	23	1.849462	0.000000	93	86	449.646753	6.770210	0.000000	0.121139	-6.476652	-0.000484	-0.004384	0.515326	7385.570049	0.802015	0.802015	7	0	7	9	23	1.849462	0.000000	7	0	93	86	61	5.228451	6.770210	449.646753	0.000000	20305	4.496236	14.511957	256x256	65536	sparse	Otsu	810	7	97	3636	49.665382	0.984872	0.998955	46.897418	0.786955	0.286567	True	0.169202	40.258542	0.962253	38.549105	0.574007	0.736988	M2_004_y0x0	92	4046	49.846591	0.986439	46.044969	0.998756	0.286689	0.847845	35	141	0.000000	465	42.049726	0.916039	0.992249	36.803498	0.994636	0.293636	-7.513169	-0.169497	-9.625017	-0.028575	0.047860	45.528200	0.999871
M2_004_y0x512.png	0.026988	0.050646	0.096408	0.170240	0.067245	0.977536	26.693653	0.998909	32.444233	0.423969	0.167420	0.088250	27.759308	0.801381	4307	31	0	3	65	1.318681	0.000000	91	60	284.480231	4.098997	0.000000	-0.030131	-12.653516	-0.019467	-0.000589	0.022411	1631.702423	0.423969	0.423969	31	0	31	3	65	1.318681	0.000000	31	0	91	60	23	4.741337	4.098997	284.480231	0.000000	33731	7.831669	15.216160	256x256	65536	dense	Meijering	402	31	82	4160	41.617835	0.968497	0.999624	36.661597	0.072066	0.402220	True	0.026991	27.764453	0.801429	32.458648	0.860742	0.075960	M2_004_y0x512	47	4261	40.305314	0.960192	34.785986	0.999498	0.401558	0.068832	76	0	0.274194	463	24.753497	0.696539	0.975323	17.062954	0.416377	0.241563	-2.341753	0.098588	-12.546006	-0.158812	0.057119	39.347169	0.997003
M2_004_y256x256.png	0.328831	0.031846	0.061726	0.547748	0.032706	0.952370	19.491989	0.999869	27.997996	0.055027	0.213372	0.703256	21.667228	0.749707	1623	4	0	1	9	1.500000	0.000000	16	12	48.970563	3.993969	0.000000	0.243552	-8.945302	-0.020573	0.000216	-0.142358	969.037294	0.055027	0.055027	4	0	4	1	9	1.500000	0.000000	4	0	16	12	6	4.080880	3.993969	48.970563	0.000000	32341	19.926679	40.379544	256x256	65536	dense	Frangi	238	4	31	1620	37.299187	0.948486	0.999897	28.645352	0.110198	0.202779	True	0.330253	21.666085	0.749921	27.997237	0.811582	0.570749	M2_004_y256x256	6	1565	30.948103	0.836689	22.776676	0.999654	0.197385	0.126076	42	0	0.000000	5561	44.156549	0.978581	0.999996	42.615864	0.099329	0.205062	5.221320	0.087296	-9.280876	-0.086983	0.085279	28.437291	0.972942
M2_004_y256x512.png	0.116706	0.171302	0.292499	0.396482	0.231725	0.979831	24.996942	0.998552	31.631564	0.602327	0.474328	0.357900	26.214163	0.841445	4479	13	0	13	39	1.769912	0.000000	113	100	466.717821	5.262748	0.000000	-0.021338	-13.565887	-0.017928	-0.000829	0.045505	2615.608692	0.602327	0.602327	13	0	13	13	39	1.769912	0.000000	13	1	113	100	61	4.667178	5.262748	466.717821	0.000000	33841	7.555481	14.631837	256x256	65536	sparse	Otsu	390	13	86	4364	42.506793	0.973424	0.999568	37.907612	0.134526	0.551379	True	0.116722	26.215665	0.841513	31.630757	0.752029	0.269151	M2_004_y256x512	58	4451	41.073848	0.968632	35.464422	0.999381	0.556822	0.130642	67	1	0.000000	474	24.796178	0.783871	0.979137	17.869002	0.421010	0.508910	-3.832858	0.343686	-14.859685	-0.127187	0.138044	38.562830	0.997760
M2_004_y512x512.png	0.044883	0.133060	0.234869	0.341512	0.178979	0.980395	27.671559	0.998220	33.587571	0.242868	0.207688	0.161043	32.198941	0.873693	3501	24	0	3	51	1.483871	0.000000	93	69	298.722871	4.552661	0.000000	-0.003247	-13.271922	-0.017681	-0.001154	-0.010100	1812.011242	0.242868	0.242868	24	0	24	3	51	1.483871	0.000000	25	0	93	69	39	4.329317	4.552661	298.722871	0.000000	30102	8.598115	18.719223	256x256	65536	sparse	Meijering	301	25	87	3472	44.131067	0.975984	0.999545	39.186667	0.073564	0.247022	True	0.044641	32.209571	0.873868	33.639255	0.603865	0.097248	M2_004_y512x512	56	3466	42.756191	0.970097	36.882830	0.999374	0.252968	0.069651	41	0	0.680000	599	31.602239	0.857848	0.989496	23.775515	0.117503	0.351712	-3.295259	0.138037	-10.557250	-0.096404	0.048130	40.943481	0.998076
M2_005_y256x256.png	0.368362	0.022134	0.043310	0.276408	0.023496	0.972281	17.584498	0.999832	27.188460	0.034460	0.223791	1.068429	23.334374	0.767065	1128	3	0	2	8	1.538462	0.000000	13	10	38.727922	5.836785	0.000000						744.215727	0.034460	0.034460	3	0	3	2	8	1.538462	0.000000	3	0	13	10	3	3.872792	5.836785	38.727922	0.000000	34434	30.526596	58.099291	256x256	65536	sparse	Frangi	134	3	11	1110	34.251695	0.922427	0.999716	25.186491	0.604569	0.048213	True	0.364379	23.332188	0.767636	27.192815	0.935798	0.999833	M2_005_y256x256																									
M2_005_y256x512.png	0.319518	0.000000	0.000000	0.000000	0.000000	0.969636	21.011726	0.999993	30.846087	0.004206	0.302324	0.907270	23.135319	0.659641	731	1	0	1	3	1.600000	0.000000	5	4	19.071068	2.827345	0.000000						656.735182	0.004206	0.004206	1	0	1	1	3	1.600000	0.000000	1	0	5	4	1	4.767767	2.827345	19.071068	0.000000	38417	52.554036	89.652531	256x256	65536	dense	Frangi	89	1									True	0.318961	23.137077	0.659826	30.820442	0.980079	0.889197	M2_005_y256x512																									
M2_006_y0x256.png	0.035141	0.383385	0.554271	0.443569	0.738606	0.990648	31.523567	0.990446	35.291444	0.057431	0.775810	0.148112	31.659326	0.851317	15710	38	16	94	142	1.937053	0.421053	699	677	3201.047040	3.383423	0.000000	-0.362720	-10.895606	-0.007997	-0.007376	-0.286472	3229.733467	0.057431	0.057431	38	16	22	94	142	1.937053	0.421053	38	13	699	677	463	4.728282	3.383423	3201.047040	0.000000	36602	2.329854	4.171610	256x256	65536	dense	Learned	2077	38	96	15620	46.202709	0.987820	0.998922	45.720672	0.359148	0.356900	True	0.035373	31.656344	0.851336	35.295943	0.705531	0.104498	M2_006_y0x256	93	14234	43.750461	0.978352	42.686206	0.997822	0.343903	0.331522	109	70	0.000000	250	21.161582	0.577577	0.891722	18.312531	0.694763	0.138989	-7.394762	0.444288	-12.091135	-0.127035	0.397861	42.419173	0.998645
M2_006_y512x512.png	0.318375	0.267742	0.422392	0.337178	0.565245	0.993101	31.597449	0.991615	34.614732	0.568578	0.712922	0.988523	32.554010	0.885878	7176	15	0	22	52	1.859813	0.000000	214	199	1044.021428	6.385983	0.000000	-0.017925	-9.966823	-0.005949	-0.005450	-0.020853	4380.020380	0.568578	0.568578	15	0	15	22	52	1.859813	0.000000	15	0	214	199	140	5.246339	6.385983	1044.021428	0.000000	32133	4.477843	9.132664	256x256	65536	sparse	Otsu	773	15	92	6436	44.563420	0.980203	0.997689	41.700531	0.676627	0.592434	True	0.318954	32.569571	0.887209	34.734083	0.881055	0.870943	M2_006_y512x512	87	6992	44.012087	0.978516	40.377582	0.997066	0.589431	0.681870	34	42	0.000000	279	24.957386	0.533257	0.908587	20.091724	0.986963	0.490157	-5.762849	0.031052	-11.458077	-0.092638	0.336300	41.564272	0.999050
M2_007_y0x0.png	0.126036	0.129209	0.228849	0.131119	0.898684	0.999628	37.771056	0.994471	38.783794	0.473967	0.976007	1.291939	41.943549	0.973936	4575	4	11	38	25	2.072917	2.750000	192	199	852.239682	3.754697	0.000000	0.007914	-7.189566	-0.000299	-0.004600	-0.005072	4325.317860	0.473967	0.473967	4	11	-7	38	25	2.072917	2.750000	4	11	192	199	129	4.282611	3.754697	852.239682	0.000000	18567	4.058361	14.324809	256x256	65536	sparse	Learned	805	4	100	4008	52.096871	0.990869	0.999333	49.243142	0.455484	0.480248	True	0.125371	41.992718	0.979811	38.786708	0.772362	0.997845	M2_007_y0x0	94	4016	51.454029	0.991372	47.278140	0.999072	0.479040	0.544450	16	18	0.000000	465	46.031169	0.939540	0.996836	41.448544	0.997666	0.475333	-8.494346	0.431557	-9.510480	-0.017436	0.118122	44.960623	0.999927
M2_007_y0x256.png	0.399695	0.391197	0.562389	0.426922	0.823784	0.991956	34.919270	0.985325	36.421032	0.693808	0.764647	1.134567	30.849101	0.873442	8805	15	2	28	54	1.898833	0.133333	257	244	1220.702669	6.670524	0.000000	0.029908	-8.702827	-0.007090	-0.010986	0.005252	10293.484449	0.693808	0.693808	15	2	13	28	54	1.898833	0.133333	15	2	257	244	175	5.002880	6.670524	1220.702669	0.000000	30633	3.479046	7.443044	256x256	65536	sparse	Otsu	1269	15	94	7304	45.522760	0.978779	0.996769	44.268807	0.473258	0.645037	True	0.399599	30.848004	0.873484	36.425540	0.581048	0.659238	M2_007_y0x256	91	8416	45.613113	0.978870	43.927614	0.996311	0.688556	0.450944	90	51	0.000000	250	29.299907	0.768444	0.941103	27.079204	0.996586	0.313876	-7.506582	0.313702	-14.764012	-0.105428	0.369787	43.622097	0.999045
M2_007_y256x256.png	0.198910	0.000000	0.000000	0.000000	0.000000	0.985418	24.215371	0.999924	25.721701	0.002488	0.113080	1.204402	29.923117	0.803654	572	1	0	0	2	1.000000	0.000000	2	1	5.414214	3.098713	0.000000						491.212845	0.002488	0.002488	1	0	1	0	2	1.000000	0.000000	1	0	2	1	0	5.414214	3.098713	5.414214	0.000000	31497	55.064685	114.573427	256x256	65536	dense	Frangi	56	1	3	566	35.153521	0.882846	0.999957	25.996325	0.664343	0.002464	True	0.200381	29.923311	0.803706	25.739789	0.619832	0.746528	M2_007_y256x256																									
M2_007_y512x0.png	0.088648	0.074074	0.137931	0.074729	0.894244	0.997616	21.711162	0.992200	37.466646	0.600609	0.997867	0.753128	35.890684	0.958040	7530	4	13	51	36	2.062500	3.250000	288	297	1392.572727	3.799044	0.000000	0.041741	-22.957002	-0.002334	-0.006579	0.122896	7102.558613	0.600609	0.600609	4	13	-9	51	36	2.062500	3.250000	4	13	288	297	201	4.688797	3.799044	1392.572727	0.000000	22239	2.953386	8.703320	256x256	65536	sparse	Learned	1287	4	100	6300	50.565842	0.989936	0.999158	49.266546	0.698806	0.490501	True	0.089166	35.891172	0.960228	37.456983	0.937961	0.706405	M2_007_y512x0	95	6822	50.093409	0.989924	47.264649	0.998779	0.477713	0.864665	17	74	0.000000	272	37.817015	0.832583	0.988089	33.623832	0.997120	0.417649	-9.798003	0.133202	-14.202725	-0.031884	0.046907	44.668164	0.999950
M2_007_y512x512.png	0.494991	0.012349	0.024396	0.333333	0.012661	0.950970	20.973349	0.999874	29.158983	0.023126	0.316139	0.879363	22.663110	0.725620	1153	2	0	1	5	1.600000	0.000000	10	8	39.727922	4.598816	0.000000						766.000032	0.023126	0.023126	2	0	2	1	5	1.600000	0.000000	2	0	10	8	4	4.965990	4.598816	39.727922	0.000000	35241	30.564614	56.839549	256x256	65536	sparse	Frangi	141	2	7	1122	33.930480	0.904460	0.999717	25.460831	0.462056	0.046061	True	0.494924	22.664264	0.725838	29.158105	0.996531	0.876313	M2_007_y512x512																									
M2_008_y0x0.png	0.380225	0.024671	0.048153	0.563218	0.025152	0.938690	17.810025	0.999852	27.290746	0.030817	0.171385	1.106908	19.647380	0.623938	1703	5	0	1	11	1.285714	0.000000	14	9	48.627417	3.866519	0.000000	0.118225	-6.501026	-0.030584	0.000434	-0.011756	932.590246	0.030817	0.030817	5	0	5	1	11	1.285714	0.000000	5	0	14	9	2	5.403046	3.866519	48.627417	0.000000	39512	23.201409	38.482678	256x256	65536	dense	Frangi	236	5	7	1686	32.288025	0.903614	0.999795	25.724737	0.389845	0.035064	True	0.380488	19.648481	0.624079	27.322012	0.798708	0.884097	M2_008_y0x0	4	1644	26.430594	0.755442	21.282969	0.999419	0.042573	0.461703	61	53	0.000000	5565	38.950893	0.950164	0.999983	37.123270	0.301907	0.036503	6.007777	-0.290317	-6.783214	-0.131504	0.262000	24.311051	0.969275
M2_008_y256x0.png	0.431678	0.009687	0.019188	0.497238	0.009783	0.959279	21.310728	0.999980	29.480675	0.012483	0.205466	1.039638	22.520536	0.676277	1093	2	0	0	4	1.500000	0.000000	8	6	24.313708	3.151058	0.000000						775.790691	0.012483	0.012483	2	0	2	0	4	1.500000	0.000000	2	0	8	6	4	4.052285	3.151058	24.313708	0.000000	37161	33.999085	59.959744	256x256	65536	dense	Frangi	174	2	2	1052	32.024902	0.874271	0.999920	23.246933	0.414331	0.013157	True	0.432459	22.523771	0.676417	29.477115	0.813626	0.845876	M2_008_y256x0																									
M2_008_y256x256.png	0.495210	0.014766	0.029102	0.465517	0.015020	0.939262	21.039729	0.999910	29.984961	0.030830	0.186709	0.603040	20.590439	0.595288	1370	3	0	1	7	1.400000	0.000000	10	7	30.899495	4.482071	0.000000						737.056255	0.030830	0.030830	3	0	3	1	7	1.400000	0.000000	3	0	10	7	2	4.414214	4.482071	30.899495	0.000000	38963	28.440146	47.836496	256x256	65536	dense	Frangi	220	3	2	1366	31.057007	0.875391	0.999657	24.138202	0.361390	0.029350	True	0.495353	20.589945	0.595292	29.988492	0.962539	0.580450	M2_008_y256x256																									
M2_008_y512x0.png	0.224186	0.000000	0.000000	0.000000	0.000000	0.986215	20.740446	0.999996	32.733118	0.004634	0.197481	1.223766	23.657824	0.752104	599	1	0	0	2	1.333333	0.000000	3	2	11.242641	2.676115	0.000000						620.732069	0.004634	0.004634	1	0	1	0	2	1.333333	0.000000	1	0	3	2	1	5.621320	2.676115	11.242641	0.000000	34515	57.621035	109.409015	256x256	65536	dense	Frangi	53	1									True	0.223614	23.657205	0.752071	32.771254	0.552302	0.675888	M2_008_y512x0																									
M2_008_y512x256.png	0.252809	0.148053	0.257920	0.272543	0.244786	0.985676	26.448166	0.998024	32.987629	0.253546	0.199947	0.614561	29.830709	0.822103	4349	26	0	3	55	1.463918	0.000000	97	71	310.391919	4.552779	0.000000	-0.095872	-12.797258	-0.012843	-0.001179	-0.035868	2311.791420	0.253546	0.253546	26	0	26	3	55	1.463918	0.000000	26	0	97	71	39	4.371717	4.552779	310.391919	0.000000	34518	7.936997	15.069211	256x256	65536	dense	Meijering	513	26	85	4252	41.757666	0.963939	0.999298	37.813715	0.398646	0.283662	True	0.252695	29.836566	0.822310	32.980792	0.860543	0.528857	M2_008_y512x256	62	4347	41.225320	0.961517	36.257784	0.999203	0.289415	0.326993	65	20	0.000000	474	27.663421	0.771553	0.977663	20.074704	0.692721	0.238440	-3.270154	-0.127047	-11.394611	-0.139414	0.348682	39.245423	0.998519
M2_009_y0x256.png	0.190549	0.264002	0.417724	0.319896	0.601746	0.997469	27.332336	0.998340	32.059895	0.372075	0.696387	1.620338	34.891710	0.919023	2986	5	2	10	17	1.923077	0.400000	78	75	340.391919	4.961585	0.000000	0.000799	-9.420398	-0.002166	-0.000900	0.019268	2232.324600	0.372075	0.372075	5	2	3	10	17	1.923077	0.400000	5	1	78	75	51	4.538559	4.961585	340.391919	0.000000	30100	10.080375	21.947756	256x256	65536	sparse	Meijering	328	5	89	2780	43.887166	0.967923	0.999529	38.805901	0.428505	0.358718	True	0.190409	34.892405	0.920976	32.067267	0.451188	0.731078	M2_009_y0x256	73	2965	43.064485	0.969126	36.112335	0.999240	0.352807	0.675252	17	20	0.000000	3081	43.053972	0.948664	0.999691	40.578601	0.653214	0.353002	-4.052440	0.021135	-8.172775	-0.050103	0.189750	36.752733	0.999635
M2_009_y0x512.png	0.211114	0.158504	0.273636	0.170069	0.699784	0.996702	28.585745	0.992921	33.460112	0.475657	0.883710	0.721496	30.039123	0.856784	14840	23	15	110	130	1.975078	0.652174	642	634	2927.052091	3.232091	0.000000	-0.012628	-11.645653	-0.002883	-0.005125	-0.017402	2635.845423	0.475657	0.475657	23	15	8	110	130	1.975078	0.652174	24	14	642	634	402	4.616801	3.232091	2927.052091	0.000000	38953	2.624865	4.416173	256x256	65536	dense	Learned	1910	24	94	14506	44.834943	0.984009	0.999125	43.985710	0.464896	0.493057	True	0.210935	30.045574	0.857142	33.466337	0.837511	0.604261	M2_009_y0x512	92	13991	42.042854	0.972888	40.375459	0.998046	0.493059	0.452093	97	120	0.000000	245	21.126498	0.481597	0.928100	17.459984	0.936708	0.375676	-6.915347	0.431617	-12.003730	-0.116104	0.223742	40.231398	0.999585
M2_009_y256x512.png	0.455561	0.396210	0.567551	0.495114	0.664815	0.989454	28.707193	0.990943	32.619338	0.574092	0.840023	0.404464	30.515654	0.828719	7942	11	0	24	46	1.904348	0.000000	230	219	1117.121933	6.616377	0.000000	-0.002550	-8.288306	-0.007978	-0.004625	0.004069	4142.497778	0.574092	0.574092	11	0	11	24	46	1.904348	0.000000	11	0	230	219	160	5.101013	6.616377	1117.121933	0.000000	39164	4.931252	8.251826	256x256	65536	sparse	Otsu	806	11	87	7534	40.718210	0.961138	0.996925	38.689068	0.374856	0.569433	True	0.455959	30.529508	0.829143	32.674216	0.984258	0.398097	M2_009_y256x512	82	7913	39.648206	0.954421	36.789283	0.995568	0.570023	0.377200	68	29	0.000000	274	22.703031	0.559577	0.904165	18.073505	0.831362	0.462220	-4.169946	0.462824	-9.132551	-0.125701	0.458111	36.995499	0.997432
M2_009_y512x512.png	0.040152	0.000000	0.000000	0.000000	0.000000	0.995970	22.826333	0.999920	27.912843	0.010903	0.173041	1.339999	25.125509	0.746779	1091	4	0	0	8	1.272727	0.000000	11	7	39.798990	3.216254	0.000000						804.962873	0.010903	0.010903	4	0	4	0	8	1.272727	0.000000	4	0	11	7	3	5.685570	3.216254	39.798990	0.000000	35693	32.715857	60.069661	256x256	65536	sparse	Frangi	144	4	12	1086	34.368348	0.896893	0.999880	25.311961	0.974487	0.011449	True	0.040177	25.128774	0.747783	27.918221	0.743339	0.996073	M2_009_y512x512																									
M2_010_y0x512.png	0.230879	0.159766	0.275515	0.165803	0.814409	0.998167	34.933836	0.993476	37.266094	0.445757	0.649444	0.771680	36.822146	0.931857	8940	34	5	64	122	1.875536	0.147059	466	437	2021.410388	3.133798	0.000000	-0.025152	-9.413031	-0.001584	-0.005080	-0.009387	2254.467249	0.445757	0.445757	34	5	29	64	122	1.875536	0.147059	34	5	466	437	280	4.625653	3.133798	2021.410388	0.000000	25821	2.888255	7.330649	256x256	65536	sparse	Learned	1089	34	96	7796	48.025401	0.988707	0.998815	45.751313	0.257851	0.471753	True	0.231659	36.825111	0.932043	37.270377	0.462951	0.357250	M2_010_y0x512	93	8342	47.427651	0.987712	44.453212	0.998556	0.455144	0.246275	66	8	0.229412	249	25.819570	0.603055	0.925611	20.281866	0.999982	0.322045	-7.187119	0.403169	-10.605505	-0.055855	0.256031	44.346867	0.999752
M2_010_y256x512.png	0.094330	0.167393	0.286782	0.335319	0.250519	0.984546	27.470690	0.998046	33.689593	0.430333	0.190948	0.205647	30.255121	0.812039	4899	37	1	6	78	1.424000	0.027027	125	89	404.877200	4.101813	0.000000	-0.305001	-12.733849	-0.013665	-0.001340	0.066610	2282.635689	0.430333	0.430333	37	1	36	6	78	1.424000	0.027027	37	1	125	89	41	4.549182	4.101813	404.877200	0.000000	34878	7.119412	13.377424	256x256	65536	dense	Meijering	534	37	85	4656	41.778859	0.962815	0.999364	38.354430	0.235132	0.355968	True	0.094828	30.260419	0.812089	33.700582	0.600542	0.123500	M2_010_y256x512	66	4882	41.696569	0.962091	38.080144	0.999386	0.363723	0.192581	92	7	0.000000	405	26.976622	0.741950	0.973420	19.839658	0.450502	0.255772	-4.390551	-0.001634	-11.441448	-0.150053	0.399331	40.204539	0.998212
M2_010_y512x0.png	0.278017	0.218008	0.357975	0.228457	0.826591	0.996046	31.533933	0.990896	37.406528	0.485206	0.961552	0.741866	37.752456	0.945103	9408	13	12	92	96	1.996198	0.923077	526	525	2390.623592	3.387824	0.000000	-0.002153	-13.948320	-0.003573	-0.007432	-0.018226	2596.586943	0.485206	0.485206	13	12	1	92	96	1.996198	0.923077	13	13	526	525	338	4.553569	3.387824	2390.623592	0.000000	23510	2.498937	6.965986	256x256	65536	sparse	Learned	1249	13	100	9330	51.264236	0.992982	0.999015	49.277586	0.551895	0.504318	True	0.277727	37.758418	0.945965	37.409654	0.868226	0.644107	M2_010_y512x0	95	8961	49.199342	0.990817	46.161590	0.998328	0.503432	0.577501	51	71	0.000000	245	25.687639	0.529689	0.930824	22.756490	0.826804	0.256177	-8.755062	0.384051	-11.446886	-0.045714	0.280170	45.482253	0.999620
M2_010_y512x512.png	0.061467	0.127730	0.226526	0.232520	0.220833	0.988405	27.526361	0.998568	32.366720	0.423087	0.186709	0.260614	29.054805	0.810907	3698	26	0	5	57	1.415730	0.000000	89	63	286.793939	3.895218	0.000000	-0.006565	-11.346059	-0.010168	-0.000825	-0.023055	1847.593069	0.423087	0.423087	26	0	26	5	57	1.415730	0.000000	27	1	89	63	27	4.552285	3.895218	286.793939	0.000000	32745	8.854786	17.722012	256x256	65536	sparse	Meijering	305	27	83	3686	42.111745	0.970167	0.999550	37.192728	0.076297	0.433620	True	0.061101	29.060884	0.811196	32.395166	0.490844	0.127921	M2_010_y512x512	44	3660	40.665862	0.960125	35.362489	0.999393	0.446143	0.083781	64	0	0.000000	535	27.940024	0.775128	0.984104	19.739690	0.157389	0.505500	-2.995769	0.102928	-11.611057	-0.149218	0.068032	38.872421	0.998574
M2_011_y0x256.png	0.154535	0.088183	0.162075	0.106866	0.335289	0.997477	24.518298	0.998948	31.845335	0.635670	0.269250	0.619086	30.976384	0.870623	3839	19	0	5	43	1.552941	0.000000	85	66	313.793939	4.440488	0.000000	-0.027823	-12.694525	-0.002287	-0.000637	0.083279	1905.138731	0.635670	0.635670	19	0	19	5	43	1.552941	0.000000	19	0	85	66	37	4.754454	4.440488	313.793939	0.000000	26300	6.850742	17.071112	256x256	65536	dense	Meijering	430	19	87	3486	43.196471	0.971700	0.999712	37.841642	0.308229	0.549259	True	0.154336	30.981525	0.875936	31.841728	0.836346	0.517770	M2_011_y0x256	69	3770	42.237548	0.947032	35.379078	0.999585	0.552390	0.278793	41	4	0.000000	534	30.005806	0.760108	0.990975	20.907043	0.406708	0.459456	-3.533744	-0.009543	-11.261164	-0.076410	0.182358	37.212823	0.999764
M2_011_y256x0.png	0.133971	0.000000	0.000000	0.000000	0.000000	0.989038	23.388931	0.999978	28.032199	0.002179	0.113080	1.753877	25.315421	0.784386	505	1	0	0	2	1.000000	0.000000	2	1	5.414214	3.098713	0.000000						464.094162	0.002179	0.002179	1	0	1	0	2	1.000000	0.000000	1	0	2	1	0	5.414214	3.098713	5.414214	0.000000	29773	58.956436	129.774257	256x256	65536	sparse	Frangi	53	1									True	0.133863	25.316406	0.789793	28.030421	0.569008	0.997971	M2_011_y256x0																									
M2_011_y512x0.png	0.396638	0.460973	0.631050	0.481617	0.914926	0.997242	32.788045	0.993426	34.379127	0.745913	0.972676	1.073316	34.369841	0.923174	4950	3	1	14	18	1.963964	0.333333	111	109	617.114790	8.374308	0.000000	-0.017012	-7.444093	-0.002173	-0.004120	-0.002983	5244.931459	0.745913	0.745913	3	1	2	14	18	1.963964	0.333333	3	1	111	109	79	5.661604	8.374308	617.114790	0.000000	24419	4.933131	13.239596	256x256	65536	sparse	Otsu	603	3	93	4518	46.896668	0.982676	0.998428	42.360386	0.659676	0.731407	True	0.396326	34.388019	0.928069	34.386362	0.923973	0.991715	M2_011_y512x0	87	4699	45.465883	0.976716	40.051196	0.997546	0.748896	0.697901	20	29	0.000000	409	31.529028	0.734248	0.964736	24.235490	0.999690	0.717466	-5.672069	0.274775	-11.096043	-0.053541	0.413650	40.232138	0.999415
M2_011_y512x512.png	0.192286	0.005470	0.010880	0.763158	0.005479	0.975411	20.368691	0.999996	27.133044	0.002169	0.164730	1.012097	22.935678	0.577688	538	1	0	0	2	1.333333	0.000000	3	2	8.414214	2.307722	0.000000						553.220749	0.002169	0.002169	1	0	1	0	2	1.333333	0.000000	1	0	3	2	1	4.207107	2.307722	8.414214	0.000000	38364	71.308550	121.814126	256x256	65536	sparse	Frangi	38	1									True	0.205982	22.935647	0.577756	27.164787	0.668237	0.676320	M2_011_y512x512																									
M2_012_y0x0.png	0.088825	0.255541	0.407062	0.285664	0.707895	0.997959	33.339023	0.997126	35.251412	0.216591	0.265330	2.097711	40.119584	0.956200	2131	12	2	4	26	1.649123	0.166667	57	47	206.965512	4.695413	0.000000	-0.007240	-9.803840	-0.001840	-0.002136	-0.006621	1787.150145	0.216591	0.216591	12	2	10	4	26	1.649123	0.166667	12	2	57	47	27	4.403522	4.695413	206.965512	0.000000	15148	7.108400	30.753637	256x256	65536	sparse	Meijering	247	12	93	2006	49.576195	0.990147	0.999424	43.628040	0.551232	0.233711	True	0.088614	40.125714	0.956111	35.250403	0.402499	0.844327	M2_012_y0x0	72	2098	48.599688	0.988101	41.901240	0.999262	0.223212	0.496386	37	14	0.000000	4170	50.986821	0.992586	0.999743	47.020440	0.426189	0.219452	-6.649827	-0.231057	-8.480104	-0.031901	0.096065	43.142863	0.999798
M2_012_y0x256.png	0.009982	0.025910	0.050512	0.100788	0.033701	0.972500	28.917419	0.998339	33.248987	0.295058	0.204243	0.087486	29.566815	0.776510	3773	26	0	3	56	1.428571	0.000000	91	65	309.764502	4.480377	0.000000	-0.017110	-10.627092	-0.022705	-0.000694	-0.076073	2176.927090	0.295058	0.295058	26	0	26	3	56	1.428571	0.000000	26	0	91	65	32	4.765608	4.480377	309.764502	0.000000	33912	8.988073	17.369732	256x256	65536	sparse	Meijering	349	26	81	3732	41.226442	0.965896	0.999271	36.528405	0.079833	0.360797	True	0.009980	29.570622	0.776758	33.264079	0.924342	0.080867	M2_012_y0x256	41	3758	40.080620	0.955831	35.475686	0.999033	0.371132	0.076416	79	0	0.000000	537	28.098655	0.755330	0.981997	20.592541	0.222814	0.365586	-2.226699	0.127827	-10.513806	-0.179321	0.027092	39.544511	0.995205
M2_012_y256x0.png	0.503137	0.264440	0.418272	0.273207	0.891784	0.997266	33.905887	0.994285	37.921666	0.415013	0.965757	0.454533	41.379771	0.976120	5613	7	17	58	40	2.069930	2.428571	286	296	1321.962554	3.608626	0.000000	-0.020877	-11.762083	-0.002358	-0.004780	-0.017392	2633.079290	0.415013	0.415013	7	17	-10	58	40	2.069930	2.428571	7	19	286	296	188	4.466090	3.608626	1321.962554	0.000000	14137	2.518617	11.675753	256x256	65536	sparse	Learned	797	7	100	4702	53.935524	0.996043	0.999382	49.311064	0.332113	0.430209	True	0.502192	41.392264	0.976674	37.928375	0.896688	0.407574	M2_012_y256x0	95	5069	52.576432	0.995812	46.735384	0.999065	0.432405	0.343579	21	1	0.000000	343	34.432222	0.913915	0.974107	27.293595	0.452285	0.367414	-8.813718	0.622179	-11.196660	-0.019691	0.524014	45.667969	0.999624
M2_012_y256x256.png	0.081907	0.069249	0.129528	0.122723	0.137132	0.993963	31.088489	0.998651	33.100854	0.344915	0.219640	0.123715	29.429181	0.823237	3290	20	0	4	44	1.493671	0.000000	79	59	256.994949	4.645280	0.000000	0.002507	-7.200157	-0.004621	-0.000485	-0.031522	1856.847525	0.344915	0.344915	20	0	20	4	44	1.493671	0.000000	20	0	79	59	31	4.355847	4.645280	256.994949	0.000000	32861	9.988146	19.919757	256x256	65536	sparse	Meijering	263	20	81	3160	41.719206	0.967029	0.999379	36.505516	0.073858	0.373018	True	0.081967	29.432823	0.823220	33.123718	0.621458	0.076884	M2_012_y256x256	38	3246	40.016376	0.954394	34.633085	0.999136	0.376437	0.067606	56	0	0.100000	596	29.495200	0.817008	0.987699	21.980151	0.098580	0.387243	-1.532231	0.152034	-10.587195	-0.131158	0.079400	38.288646	0.998584
M2_012_y256x512.png	0.036670	0.057391	0.108553	0.133032	0.091682	0.971078	25.460172	0.997577	32.351295	0.404112	0.256483	0.104582	26.889058	0.753667	5710	33	0	7	73	1.551020	0.000000	147	114	520.203102	4.465986	0.000000	-0.029238	-14.525797	-0.025981	-0.001657	-0.009465	2943.025827	0.404112	0.404112	33	0	33	7	73	1.551020	0.000000	33	1	147	114	67	4.563185	4.465986	520.203102	0.000000	35800	6.269702	11.477408	256x256	65536	sparse	Meijering	496	33	85	5598	41.740135	0.974453	0.999422	38.197321	0.091298	0.412654	True	0.036760	26.886453	0.753385	32.361491	0.914944	0.095687	M2_012_y256x512	60	5627	40.772949	0.969553	36.761428	0.999234	0.413577	0.097655	116	2	0.000000	341	21.898101	0.554044	0.929545	15.367426	0.500349	0.253614	-4.410133	0.158828	-13.883891	-0.215886	0.065908	39.985968	0.997059
M2_012_y512x512.png	0.062476	0.135512	0.238680	0.153553	0.535613	0.998101	33.647018	0.998389	34.650143	0.452148	0.232294	0.292528	31.041762	0.869423	3385	23	0	3	49	1.510638	0.000000	94	71	317.865007	4.423783	0.000000	0.001209	-7.832780	-0.001727	-0.001063	0.002748	2353.419781	0.452148	0.452148	23	0	23	3	49	1.510638	0.000000	23	0	94	71	42	4.476972	4.423783	317.865007	0.000000	24371	7.199705	19.360709	256x256	65536	sparse	Otsu	353	23	89	3280	45.742355	0.985199	0.999597	40.294460	0.106271	0.443991	True	0.063548	31.044244	0.869544	34.659121	0.466342	0.136418	M2_012_y512x512	62	3341	44.101513	0.951643	38.446597	0.999452	0.449400	0.108372	68	3	0.000000	594	32.168832	0.862496	0.988675	24.359587	0.207324	0.526199	-3.796454	0.123922	-13.059751	-0.082220	0.061266	41.479798	0.999828
M2_013_y0x256.png	0.225211	0.133156	0.235019	0.260104	0.214347	0.985250	25.226943	0.997764	31.264635	0.187264	0.301423	1.347796	27.881401	0.796857	6277	31	0	6	68	1.589404	0.000000	151	120	591.688384	4.406915	0.000000	-0.130837	-12.697143	-0.013396	-0.001433	-0.218979	2575.401783	0.187264	0.187264	31	0	31	6	68	1.589404	0.000000	31	0	151	120	77	4.930737	4.406915	591.688384	0.000000	35903	5.719771	10.440656	256x256	65536	dense	Meijering	670	31	87	6102	41.177732	0.968111	0.999427	38.024177	0.443080	0.390930	True	0.225282	27.884215	0.797643	31.295086	0.738980	0.995994	M2_013_y0x256	75	6181	40.490687	0.966063	36.096199	0.999197	0.406244	0.372476	77	24	0.000000	339	22.532420	0.554859	0.960601	15.665503	0.980272	0.236124	-4.831563	-0.071054	-12.609286	-0.169206	0.356048	37.924086	0.998646
M2_013_y0x512.png	0.417241	0.413871	0.585444	0.465024	0.790023	0.994033	31.692517	0.990564	33.894317	0.732007	0.960178	1.209465	31.196870	0.861281	7256	6	2	27	36	1.962791	0.333333	215	211	1108.631601	7.479501	0.000000	-0.036286	-7.089937	-0.004672	-0.005293	-0.011432	5199.055195	0.732007	0.732007	6	2	4	27	36	1.962791	0.333333	6	1	215	211	152	5.254178	7.479501	1108.631601	0.000000	33006	4.548787	9.031974	256x256	65536	sparse	Otsu	766	6	90	6598	42.904429	0.973649	0.996905	39.961976	0.753239	0.734385	True	0.413871	31.196808	0.864827	33.912511	0.809623	0.979211	M2_013_y0x512	85	7242	42.061473	0.966720	38.333784	0.995857	0.743439	0.824480	21	40	0.000000	275	22.566107	0.465606	0.895164	17.718607	0.996339	0.606100	-4.439466	0.135698	-10.864603	-0.105439	0.453528	38.782453	0.998705
M2_013_y256x0.png	0.194094	0.230562	0.374727	0.353487	0.398683	0.989033	23.769069	0.997424	31.627331	0.219235	0.341757	1.444566	29.708694	0.849614	6198	22	0	9	54	1.656250	0.000000	128	106	501.203102	4.937897	0.000000	-0.006085	-15.806137	-0.010349	-0.002005	-0.005925	4445.999146	0.219235	0.219235	22	0	22	9	54	1.656250	0.000000	22	0	128	106	65	4.728331	4.937897	501.203102	0.000000	31526	5.086480	10.573733	256x256	65536	dense	Meijering	852	22	91	5982	43.814791	0.976109	0.999606	40.383992	0.964524	0.224372	True	0.194057	29.716621	0.850552	31.640480	0.692248	0.999998	M2_013_y256x0	84	6109	42.973279	0.973900	38.287641	0.999429	0.225160	0.959694	16	107	0.000000	336	25.259899	0.594408	0.965426	17.727793	1.000000	0.228298	-6.660310	-0.617936	-13.264585	-0.124286	0.200178	39.575206	0.999382
M2_013_y256x256.png	0.152340	0.134346	0.236870	0.254718	0.221360	0.971385	23.743716	0.996036	31.234432	0.590181	0.368716	0.531404	25.161009	0.750030	8305	37	1	21	94	1.690987	0.027027	233	197	920.867099	4.972340	0.000000	-0.039371	-13.937991	-0.025964	-0.002358	0.046561	4468.632698	0.590181	0.590181	37	1	36	21	94	1.690987	0.027027	37	1	233	197	118	4.674452	4.972340	920.867099	0.000000	40271	4.849007	7.891150	256x256	65536	sparse	Meijering	791	37	86	8204	40.044187	0.968557	0.998851	37.957788	0.259182	0.543654	True	0.152250	25.162936	0.750199	31.272708	0.772362	0.410436	M2_013_y256x256	76	8258	39.119014	0.964962	36.155898	0.998394	0.543619	0.269381	88	16	0.000000	249	18.020609	0.475389	0.913087	12.851663	0.999725	0.282217	-4.921466	0.099335	-13.958005	-0.214932	0.191711	37.681707	0.997349
M2_013_y512x512.png	0.493823	0.462593	0.632566	0.542630	0.758237	0.985499	29.057987	0.988679	33.255195	0.656782	0.926873	0.975048	30.882195	0.882252	9248	9	5	40	48	1.970260	0.555556	269	265	1327.087445	7.936343	0.000000	-0.010283	-10.075663	-0.011129	-0.006905	-0.020465	5776.789665	0.656782	0.656782	9	5	4	40	48	1.970260	0.555556	9	6	269	265	181	5.007877	7.936343	1327.087445	0.000000	34478	3.728157	7.086505	256x256	65536	sparse	Otsu	905	9	91	8588	43.409221	0.978014	0.997343	40.957142	0.780265	0.672802	True	0.493604	30.881136	0.883602	33.262807	0.999943	0.974992	M2_013_y512x512	87	8832	42.043881	0.974208	38.707193	0.995583	0.677247	0.758631	28	55	0.000000	247	21.290048	0.404845	0.855711	17.416557	0.999805	0.617877	-5.451998	0.168242	-11.161686	-0.091956	0.504106	39.133650	0.996628
M2_014_y0x0.png	0.305960	0.283528	0.441794	0.311557	0.759122	0.994210	33.368242	0.993112	36.057595	0.693304	0.564919	0.540858	34.210553	0.869901	5841	18	2	16	48	1.823204	0.111111	181	165	815.842712	5.620070	0.000000	0.084850	-9.526775	-0.005335	-0.004678	0.193893	4035.192728	0.693304	0.693304	18	2	16	16	48	1.823204	0.111111	18	2	181	165	117	4.944501	5.620070	815.842712	0.000000	31076	5.320322	11.219997	256x256	65536	sparse	Otsu	689	18	92	5576	44.862425	0.977363	0.997881	42.382863	0.460897	0.498884	True	0.306075	34.209017	0.869754	36.053564	0.999818	0.540760	M2_014_y0x0	83	5773	44.689117	0.976352	41.933689	0.997790	0.499411	0.487130	75	49	0.000000	342	29.403989	0.737034	0.945820	24.387452	0.900105	0.355845	-5.876094	0.077788	-10.478564	-0.106451	0.221110	42.895017	0.999545
M2_014_y0x256.png	0.100411	0.091736	0.168055	0.131621	0.232380	0.997152	29.401944	0.998600	33.742165	0.373532	0.223421	0.178765	32.995084	0.865351	2853	14	0	5	33	1.508772	0.000000	57	43	185.367532	4.613733	0.000000	0.017028	-9.072441	-0.002542	-0.000718	0.237621	1986.718416	0.373532	0.373532	14	0	14	5	33	1.508772	0.000000	14	0	57	43	19	4.310873	4.613733	185.367532	0.000000	30036	10.527865	22.970908	256x256	65536	sparse	Meijering	340	14	85	2792	43.259798	0.967444	0.999469	38.182782	0.562775	0.139020	True	0.099686	32.994117	0.865590	33.740712	0.628423	0.112340	M2_014_y0x256	51	2807	42.211049	0.959037	36.251920	0.999318	0.135910	0.668365	43	57	0.000000	3218	43.132481	0.961916	0.999614	40.433937	0.575044	0.143355	-2.509755	-0.444944	-9.215966	-0.093686	0.083383	38.474386	0.999694
M2_014_y0x512.png	0.069675	0.076005	0.141272	0.162112	0.125180	0.993211	23.198231	0.999344	31.466915	0.382371	0.155686	0.198625	31.897492	0.911515	1923	13	0	1	27	1.277778	0.000000	36	23	106.526912	4.122092	0.000000	-0.024503	-11.912182	-0.005577	-0.000154	-0.029259	1078.245163	0.382371	0.382371	13	0	13	1	27	1.277778	0.000000	13	0	36	23	8	4.631605	4.122092	106.526912	0.000000	21737	11.303692	34.080083	256x256	65536	sparse	Meijering	179	13	85	1914	44.765324	0.978398	0.999865	37.290928	0.062151	0.395750	True	0.069675	31.900548	0.912259	31.492029	0.420158	0.083454	M2_014_y0x512	27	1917	40.760280	0.920811	31.208193	0.999498	0.411631	0.064493	24	0	0.576923	4806	46.959971	0.983504	0.999963	44.127730	0.060587	0.393207	0.258722	0.091193	-8.862788	-0.009295	0.094179	35.110413	0.998788
M2_014_y256x0.png	0.482980	0.098968	0.180110	0.283372	0.132006	0.976127	25.923596	0.998029	32.675628	0.253085	0.195819	0.274166	30.593310	0.829024	4990	29	0	5	63	1.431373	0.000000	102	73	325.521861	4.355959	0.000000	-0.040227	-14.475191	-0.020897	-0.001457	0.006676	3101.308346	0.253085	0.253085	29	0	29	5	63	1.431373	0.000000	29	0	102	73	34	4.459204	4.355959	325.521861	0.000000	32448	6.502605	13.133467	256x256	65536	dense	Meijering	632	29	89	4986	43.469404	0.972970	0.999600	39.803797	0.279916	0.241195	True	0.484926	30.592616	0.829568	32.677893	0.953777	0.261493	M2_014_y256x0	72	4863	42.626370	0.969457	37.785621	0.999485	0.246408	0.273148	62	11	0.000000	402	26.288821	0.718427	0.969965	17.676131	0.548775	0.234622	-5.109993	-0.077329	-12.033060	-0.140433	0.523207	40.398787	0.997024
M2_014_y256x256.png	0.468790	0.022203	0.043441	0.374302	0.023058	0.952183	16.248854	0.999860	28.202376	0.035437	0.244216	1.125290	21.009786	0.667250	1409	4	0	1	9	1.529412	0.000000	17	13	58.213203	3.273788	0.000000	0.161346	-5.372879	-0.017361	0.000914	-0.012955	924.403906	0.035437	0.035437	4	0	4	1	9	1.529412	0.000000	4	0	17	13	7	4.477939	3.273788	58.213203	0.000000	37579	26.670688	46.512420	256x256	65536	sparse	Frangi	159	4	6	1376	32.696984	0.893234	0.999762	25.422129	0.401218	0.040926	True	0.469550	21.010538	0.667235	28.205007	0.771557	0.868226	M2_014_y256x256	2	1341	25.016213	0.681064	18.253342	0.998945	0.048393	0.524738	36	27	0.000000								9.949034	-0.280522	-4.006427	-0.013814	0.307445	21.621734	0.969544
M2_014_y256x512.png	0.501067	0.022589	0.044180	0.703325	0.022806	0.924215	16.385969	0.999864	27.820771	0.034288	0.302324	1.050279	20.233758	0.658511	1450	2	0	0	4	1.500000	0.000000	8	6	36.071068	4.245658	0.000000	0.207593	-6.230052	-0.031111	0.000641	-0.009259	818.239212	0.034288	0.034288	2	0	2	0	4	1.500000	0.000000	2	0	8	6	4	6.011845	4.245658	36.071068	0.000000	37553	25.898621	45.197241	256x256	65536	dense	Frangi	232	2	6	1426	32.430337	0.892058	0.999762	24.825628	0.232855	0.051119	True	0.501877	20.235304	0.658508	27.823500	0.887281	0.931892	M2_014_y256x512	3	1414	25.588287	0.720515	19.195215	0.999223	0.043548	0.335064	62	26	0.000000								8.625556	-0.032740	-5.354529	-0.062004	0.293474	22.616021	0.955327
M2_014_y512x0.png	0.089359	0.061859	0.116510	0.062156	0.928251	0.999684	37.075832	0.993206	38.258903	0.341668	0.951973	1.047063	40.211395	0.965108	7540	10	7	59	65	1.983333	0.700000	360	357	1712.994083	3.189850	0.000000	0.002966	-8.382026	-0.000265	-0.005393	-0.048731	4055.868626	0.341668	0.341668	10	7	3	59	65	1.983333	0.700000	10	7	360	357	236	4.798303	3.189850	1712.994083	0.000000	19478	2.583289	8.691777	256x256	65536	sparse	Learned	1179	10	100	7182	52.034559	0.993658	0.999073	49.044725	0.360965	0.352274	True	0.089359	40.232483	0.966243	38.262963	0.479691	0.502267	M2_014_y512x0	95	6921	50.169671	0.991483	46.474153	0.998599	0.390399	0.364422	59	43	0.000000	275	31.711279	0.796797	0.965847	25.381904	0.999989	0.331901	-8.215250	0.587551	-9.958276	-0.026375	0.086393	45.457858	0.999950
M2_014_y512x512.png	0.144475	0.213305	0.351609	0.248813	0.599143	0.996507	32.560494	0.996788	34.391608	0.492470	0.423050	0.310937	31.069628	0.867899	4993	20	1	11	50	1.739726	0.050000	146	127	610.357431	4.847127	0.000000	-0.029787	-9.251423	-0.003066	-0.002251	-0.035152	2798.544168	0.492470	0.492470	20	1	19	11	50	1.739726	0.050000	20	0	146	127	85	4.805964	4.847127	610.357431	0.000000	28660	5.740036	13.125576	256x256	65536	sparse	Otsu	491	20	91	4822	44.957468	0.981970	0.999195	41.280034	0.160670	0.530180	True	0.143274	31.075538	0.867853	34.436394	0.595862	0.185276	M2_014_y512x512	76	4848	44.331105	0.980772	39.591079	0.999039	0.527622	0.152854	68	3	0.000000	407	26.948217	0.701831	0.962800	20.695248	0.484148	0.463706	-5.199471	0.270196	-13.261477	-0.112873	0.174262	41.811916	0.999574
M2_015_y0x512.png	0.091615	0.121921	0.217343	0.301068	0.170053	0.983025	24.597363	0.998891	30.497010	0.594230	0.278457	0.190575	25.856918	0.793949	4524	22	1	9	51	1.596154	0.045455	104	83	387.705627	4.430705	0.000000	-0.015604	-11.875197	-0.014755	-0.000583	0.053521	2733.785391	0.594230	0.594230	22	1	21	9	51	1.596154	0.045455	22	1	104	83	44	4.671152	4.430705	387.705627	0.000000	36768	8.127321	14.486295	256x256	65536	sparse	Meijering	392	22	81	4406	40.068977	0.955452	0.999682	35.866263	0.136521	0.534974	True	0.091615	25.859285	0.794022	30.489998	0.904472	0.172370	M2_015_y0x512	51	4513	38.850874	0.950883	32.863333	0.999473	0.540709	0.135842	60	3	0.000000	464	23.238107	0.709029	0.974658	15.392269	0.366284	0.515830	-2.366322	0.142615	-12.993956	-0.156934	0.107219	36.472561	0.997780
M2_015_y256x256.png	0.361199	0.011018	0.021797	0.897436	0.011032	0.971336	18.896281	0.999987	24.800979	0.005280	0.228948	0.841853	22.671613	0.747091	678	1	0	0	2	1.500000	0.000000	4	3	12.414214	2.563083	0.000000						617.384434	0.005280	0.005280	1	0	1	0	2	1.500000	0.000000	1	0	4	3	2	4.138071	2.563083	12.414214	0.000000	32480	47.905605	96.660767	256x256	65536	dense	Frangi	76	1									True	0.361699	22.673684	0.747416	24.818919	0.790187	0.665221	M2_015_y256x256																									
M2_015_y256x512.png	0.038885	0.064832	0.121769	0.065256	0.908913	0.999139	29.300495	0.991092	36.018870	0.106804	0.484055	0.114647	35.036020	0.909950	10170	56	11	58	153	1.825243	0.196429	515	470	2115.008368	3.286356	0.000000	0.010629	-14.029423	-0.000779	-0.006845	0.004509	2538.079500	0.106804	0.106804	56	11	45	58	153	1.825243	0.196429	57	9	515	470	304	4.500018	3.286356	2115.008368	0.000000	33515	3.295477	6.444051	256x256	65536	sparse	Learned	1146	57	94	9894	45.360931	0.980505	0.998181	44.178792	0.060743	0.109857	True	0.039246	35.033050	0.910078	36.011769	0.675888	0.077489	M2_015_y256x512	91	10020	44.917474	0.977697	43.483393	0.997938	0.102294	0.066224	54	1	0.529240	248	23.996568	0.709226	0.907045	18.740323	0.695779	0.195713	-7.464524	0.417831	-9.881454	-0.067746	0.028256	43.329917	0.999918
M2_015_y512x512.png	0.460765	0.312340	0.476005	0.485742	0.466651	0.987917	28.613521	0.996095	33.864352	0.463507	0.631554	0.905086	30.401776	0.876665	5349	13	1	20	44	1.846154	0.076923	156	144	718.185858	5.768692	0.000000	-0.029188	-11.939877	-0.010617	-0.002558	-0.034751	3368.779182	0.463507	0.463507	13	1	12	20	44	1.846154	0.076923	13	1	156	144	92	4.987402	5.768692	718.185858	0.000000	29469	5.509254	12.252010	256x256	65536	sparse	Otsu	530	13	90	4834	44.082269	0.977978	0.998748	40.411394	0.559568	0.495146	True	0.460919	30.397355	0.876254	33.883499	0.986656	0.893008	M2_015_y512x512	79	5347	43.758226	0.978537	39.261874	0.998654	0.498258	0.501923	40	26	0.000000	404	26.698904	0.725370	0.958794	20.086164	0.969975	0.457845	-5.397522	0.129631	-13.356450	-0.101871	0.489954	40.553397	0.998535
M2_016_y0x256.png	0.226532	0.159263	0.274765	0.160913	0.939490	0.997256	31.199202	0.989175	37.595999	0.397620	0.972840	0.889986	36.954449	0.952392	9630	10	11	68	69	2.004640	1.100000	431	432	2051.599205	3.470703	0.000000	0.226532	-16.130907	-0.002601	-0.009570	0.366295	6644.628763	0.397620	0.397620	10	11	-1	68	69	2.004640	1.100000	10	11	431	432	294	4.749072	3.470703	2051.599205	0.000000	19051	1.978297	6.805400	256x256	65536	sparse	Learned	1533	10	100	6606	51.943213	0.993306	0.998809	49.217127	0.046173	0.031325	True	0.226421	36.949582	0.953475	37.593920	0.637598	0.567453	M2_016_y0x256	96	8254	51.488206	0.993597	48.265533	0.998745	0.031325	0.046173	11	0	0.450000	246	25.791281	0.602719	0.934260	21.227634	0.987222	0.285424	-10.669533	0.926667	-14.533756	-0.041205	0.000000	47.330109	0.999857
M2_016_y0x512.png	0.012834	0.056403	0.106783	0.176437	0.076559	0.992109	30.027343	0.999523	33.199458	0.371264	0.154928	0.152781	34.051298	0.900125	2239	12	0	0	24	1.368421	0.000000	38	26	104.325902	4.628973	0.000000	-0.002517	-9.215827	-0.006662	-0.000191	-0.007054	1265.159607	0.371264	0.371264	12	0	12	0	24	1.368421	0.000000	12	0	38	26	14	4.012535	4.628973	104.325902	0.000000	23331	10.420277	29.270210	256x256	65536	dense	Meijering	276	12	86	2212	45.183011	0.978915	0.999872	38.125815	0.087084	0.385849	True	0.012399	34.058456	0.900832	33.209524	0.632733	0.096669	M2_016_y0x512	37	2228	42.135875	0.932092	34.087087	0.999714	0.378319	0.084625	19	0	0.708333	4265	46.829656	0.982357	0.999952	43.084767	0.076884	0.383131	-0.887629	0.070303	-8.084578	-0.031967	0.015352	39.243170	0.998771
M2_016_y256x256.png	0.049342	0.000000	0.000000	0.000000	0.000000	0.994724	26.769041	0.999970	29.625139	0.005460	0.130642	0.692114	22.201680	0.650401	825	2	0	0	4	1.200000	0.000000	5	3	14.071068	2.554842	0.000000						564.182758	0.005460	0.005460	2	0	2	0	4	1.200000	0.000000	2	0	5	3	1	4.690356	2.554842	14.071068	0.000000	33453	40.549091	79.437576	256x256	65536	sparse	Frangi	95	2									True	0.048788	22.200370	0.650727	29.581824	0.749259	0.518573	M2_016_y256x256																									
M2_016_y512x0.png	0.064104	0.000000	0.000000	0.000000	0.000000	0.993337	21.344089	0.999989	28.384232	0.000975	0.130642	2.056855	29.145999	0.870360	500	1	0	0	2	1.500000	0.000000	4	3	7.656854	2.877971	0.000000						524.135828	0.000975	0.000975	1	0	1	0	2	1.500000	0.000000	1	0	4	3	2	2.552285	2.877971	7.656854	0.000000	27653	55.306000	131.072000	256x256	65536	sparse	Frangi	39	1	2	494	36.064692	0.901429	0.999993	25.147472	1.000000	0.001006	True	0.064078	29.151025	0.870665	28.418730	0.485212	0.998011	M2_016_y512x0																									
M2_016_y512x256.png	0.149326	0.192813	0.323291	0.371280	0.286288	0.980797	28.707960	0.995700	34.792050	0.487398	0.320193	0.191463	29.671166	0.793766	6280	37	0	18	92	1.631841	0.000000	201	164	776.411255	5.072312	0.000000	-0.248383	-13.372093	-0.017121	-0.002988	0.007951	3574.754715	0.487398	0.487398	37	0	37	18	92	1.631841	0.000000	37	0	201	164	91	4.734215	5.072312	776.411255	0.000000	34385	5.475318	10.435669	256x256	65536	sparse	Otsu	558	37	88	6168	43.079991	0.976792	0.998721	40.613850	0.261260	0.467724	True	0.149008	29.673401	0.793926	34.798551	0.987613	0.189091	M2_016_y512x256	72	6244	42.776983	0.975441	40.126158	0.998688	0.479447	0.257164	125	27	0.000000	343	24.843403	0.648042	0.935074	19.658212	0.673720	0.300681	-5.334108	0.063029	-13.105817	-0.181675	0.397708	42.080053	0.997917
M2_016_y512x512.png	0.047804	0.000000	0.000000	0.000000	0.000000	0.995178	20.909409	0.999722	30.318550	0.033835	0.251736	2.346223	20.825964	0.668609	1352	4	0	2	10	1.636364	0.000000	22	18	63.526912	3.895028	0.000000	0.034000	-3.136054	-0.000228	0.003331	-0.007289	915.829659	0.033835	0.033835	4	0	4	2	10	1.636364	0.000000	4	0	22	18	10	3.529273	3.895028	63.526912	0.000000	34048	25.183432	48.473373	256x256	65536	sparse	Frangi	156	4	7	1342	33.284413	0.912938	0.999049	26.715736	0.106606	0.053210	True	0.047763	20.826199	0.668739	30.319830	0.298827	0.701114	M2_016_y512x512	2	1335	24.995636	0.546744	19.897215	0.996391	0.041124	0.184394	68	0	0.000000								10.421335	0.067343	-4.169673	0.121865	0.013804	24.045463	0.995406
M2_017_y256x256.png	0.405015	0.009190	0.018213	0.045007	0.011416	0.962095	18.694176	0.999303	29.469712	0.076685	0.239161	0.361726	19.701736	0.531937	2133	9	0	1	19	1.526316	0.000000	38	29	130.154329	4.051710	0.000000	0.063644	-8.638661	-0.022199	0.001710	0.009515	1235.521793	0.076685	0.076685	9	0	9	1	19	1.526316	0.000000	9	0	38	29	18	4.488080	4.051710	130.154329	0.000000	40060	18.781060	30.724801	256x256	65536	sparse	Frangi	204	9	8	2086	31.617507	0.897388	0.998220	26.239621	0.219984	0.063932	True	0.405089	19.702672	0.531889	29.476872	0.978363	0.353899	M2_017_y256x256	6	2090	27.908734	0.769968	24.483658	0.997593	0.067170	0.234575	142	23	0.000000	4360	36.580743	0.948746	0.999622	33.137530	0.185039	0.065446	4.986054	0.004586	-8.206998	-0.238031	0.341372	27.332837	0.984294
M2_017_y256x512.png	0.472788	0.319653	0.484451	0.436488	0.544255	0.983023	25.164133	0.996123	31.747086	0.582278	0.705261	0.821952	28.579667	0.884675	6562	12	3	24	43	1.894118	0.250000	170	161	822.411255	6.309006	0.000000	-0.024888	-13.481949	-0.015063	-0.002586	-0.037194	3968.574047	0.582278	0.582278	12	3	9	24	43	1.894118	0.250000	12	2	170	161	103	5.108144	6.309006	822.411255	0.000000	31081	4.736513	9.987199	256x256	65536	sparse	Otsu	620	12	91	6366	44.406121	0.980912	0.999193	40.589501	0.622581	0.617472	True	0.473269	28.583699	0.887187	31.781407	0.998761	0.820934	M2_017_y256x512	82	6292	42.538053	0.971605	37.363548	0.998709	0.619472	0.648079	23	25	0.000000	273	20.486655	0.404138	0.910348	14.039025	0.980291	0.501910	-5.616463	0.057183	-13.958386	-0.086930	0.497675	38.646082	0.998085
M2_017_y512x256.png	0.256406	0.052070	0.098986	0.083853	0.120783	0.990792	23.117780	0.998161	31.567429	0.369869	0.265942	0.250826	27.083206	0.781918	5325	24	0	9	57	1.571429	0.000000	112	88	398.362482	4.947164	0.000000	-0.061793	-14.499609	-0.008493	-0.001207	0.036386	2794.457197	0.369869	0.369869	24	0	24	9	57	1.571429	0.000000	24	0	112	88	46	4.526846	4.947164	398.362482	0.000000	36929	6.935023	12.307230	256x256	65536	dense	Meijering	580	24	84	5072	40.787402	0.960070	0.999507	37.473727	0.187312	0.333371	True	0.258146	27.086461	0.782076	31.567504	0.596132	0.149525	M2_017_y512x256	62	5216	40.089423	0.958678	35.198211	0.999368	0.333483	0.173755	81	6	0.000000	406	23.670878	0.694669	0.962378	16.046672	0.389937	0.307444	-3.630782	0.092186	-13.006217	-0.176761	0.318199	37.617389	0.999285
M2_018_y0x0.png	0.376141	0.072012	0.134350	0.159983	0.115796	0.991594	27.225782	0.999013	31.870001	0.274499	0.232026	0.625812	33.606269	0.902855	2922	15	1	4	32	1.540984	0.066667	61	47	210.509668	3.995978	0.000000	-0.105341	-12.051520	-0.007472	-0.000717	-0.037479	1591.285944	0.274499	0.274499	15	1	14	4	32	1.540984	0.066667	15	1	61	47	25	4.478929	3.995978	210.509668	0.000000	23005	7.873032	22.428474	256x256	65536	dense	Meijering	352	15	90	2820	46.132500	0.981572	0.999845	40.036642	0.290861	0.308816	True	0.374816	33.604268	0.905146	31.879901	0.831362	0.520277	M2_018_y0x0	64	2893	44.169359	0.949212	36.232753	0.999730	0.311978	0.292488	30	8	0.000000	3010	45.285044	0.971153	0.999870	41.254396	0.289178	0.305672	-4.362752	-0.060461	-10.563090	-0.046357	0.481481	39.277302	0.999066
M2_018_y0x256.png	0.377222	0.418996	0.590552	0.451009	0.855132	0.995993	34.081931	0.991643	35.070511	0.703596	0.999610	1.020243	35.331263	0.935175	6220	2	3	20	18	2.012987	1.500000	154	155	878.783838	8.939204	0.000000	-0.032559	-8.034805	-0.003106	-0.005650	-0.062593	5213.755369	0.703596	0.703596	2	3	-1	20	18	2.012987	1.500000	2	3	154	155	116	5.669573	8.939204	878.783838	0.000000	25310	4.069132	10.536334	256x256	65536	sparse	Otsu	701	2	95	5996	47.475198	0.985305	0.998113	43.888616	0.995954	0.763710	True	0.377410	35.331268	0.939400	35.106087	0.980159	1.000000	M2_018_y0x256	89	5795	45.959918	0.979549	41.604691	0.997293	0.766189	0.993676	6	37	0.000000	344	25.214419	0.540832	0.918852	19.319634	0.981500	0.658200	-6.534180	0.005935	-10.628655	-0.044374	0.409780	42.116736	0.999099
M2_018_y0x512.png	0.447487	0.491187	0.658786	0.527852	0.876106	0.995759	27.659790	0.996293	34.169608	0.751419	0.736654	1.061314	34.378573	0.944432	4365	7	1	7	20	1.893805	0.142857	113	107	530.416306	7.010262	0.000000	-0.042619	-14.225728	-0.003688	-0.002673	-0.054558	3425.396919	0.751419	0.751419	7	1	6	7	20	1.893805	0.142857	7	0	113	107	86	4.957162	7.010262	530.416306	0.000000	20076	4.599313	15.013975	256x256	65536	sparse	Otsu	470	7	95	4152	49.007440	0.989232	0.999328	43.870735	0.653544	0.809724	True	0.448334	34.398373	0.947824	34.180935	0.825978	0.876622	M2_018_y0x512	87	4194	47.391337	0.985314	40.968005	0.998966	0.805977	0.783464	10	11	0.000000	474	30.725251	0.764967	0.977017	22.738523	0.859142	0.716449	-6.798397	-0.046811	-13.012764	-0.040883	0.490106	41.885519	0.999447
M2_018_y256x0.png	0.081170	0.154025	0.266935	0.223673	0.330946	0.993254	30.885540	0.997409	32.751973	0.428426	0.286390	0.158566	28.232879	0.809735	5583	31	0	9	71	1.592105	0.000000	152	121	560.759451	4.533189	0.000000	-0.002717	-9.511132	-0.005863	-0.001777	-0.001446	2939.786434	0.428426	0.428426	31	0	31	9	71	1.592105	0.000000	31	0	152	121	72	4.634376	4.533189	560.759451	0.000000	33590	6.016479	11.738492	256x256	65536	sparse	Otsu	488	31	87	5150	42.736110	0.974987	0.999300	38.925343	0.106918	0.417599	True	0.081016	28.227763	0.809978	32.759246	0.768794	0.121905	M2_018_y256x0	69	5510	42.170729	0.972003	37.425955	0.999186	0.429871	0.108165	76	2	0.000000	337	22.337801	0.619414	0.934100	15.315072	0.436227	0.368304	-4.673982	0.178226	-13.937850	-0.162268	0.083887	40.396673	0.999117
M2_018_y256x256.png	0.430011	0.186516	0.314392	0.444195	0.243296	0.985835	28.295114	0.998349	33.480824	0.242168	0.244216	0.788084	32.403408	0.875472	4392	26	0	6	58	1.514019	0.000000	107	81	388.119841	4.175329	0.000000	-0.012311	-11.985020	-0.012762	-0.001149	-0.014144	2169.450045	0.242168	0.242168	26	0	26	6	58	1.514019	0.000000	26	0	107	81	43	4.791603	4.175329	388.119841	0.000000	32213	7.334472	14.921676	256x256	65536	dense	Meijering	476	26	89	4338	43.299963	0.969301	0.999579	39.961718	0.628986	0.252699	True	0.429903	32.409705	0.875601	33.493780	0.730972	0.576068	M2_018_y256x256	73	4352	42.973603	0.968603	38.302183	0.999498	0.256312	0.616882	34	43	0.000000	467	30.206704	0.849310	0.987942	22.180354	0.767048	0.242352	-4.821358	-0.372666	-10.570195	-0.093132	0.442322	40.280133	0.998597
M2_018_y512x256.png	0.043330	0.067776	0.126948	0.167172	0.102326	0.983928	26.924103	0.998560	32.112271	0.437194	0.148888	0.108067	30.004844	0.836348	4240	33	1	2	67	1.304348	0.030303	92	60	262.409163	4.383660	0.000000	-0.047812	-12.077748	-0.014220	-0.000925	-0.002863	1793.401480	0.437194	0.437194	33	1	32	2	67	1.304348	0.030303	33	0	92	60	23	4.373486	4.383660	262.409163	0.000000	32253	7.606840	15.456604	256x256	65536	dense	Meijering	399	33	85	4118	42.721191	0.972886	0.999670	38.094101	0.105823	0.439406	True	0.043335	30.007865	0.836740	32.125096	0.853393	0.092223	M2_018_y512x256	57	4212	41.504588	0.968460	35.274166	0.999484	0.440057	0.113408	54	0	0.681818	472	26.123770	0.716482	0.976210	17.834516	0.405479	0.289226	-3.161894	0.035480	-11.499744	-0.132112	0.091142	39.001851	0.998147
M2_018_y512x512.png	0.350055	0.332502	0.499065	0.384782	0.709914	0.998545	33.363462	0.998609	34.165300	0.684339	0.418914	0.862527	38.895570	0.959647	2179	7	0	5	19	1.725490	0.000000	51	44	207.438600	6.048970	0.000000	-0.037866	-6.698865	-0.000969	-0.000679	-0.019406	1759.032249	0.684339	0.684339	7	0	7	5	19	1.725490	0.000000	7	0	51	44	27	4.714514	6.048970	207.438600	0.000000	18530	8.503901	30.076182	256x256	65536	sparse	Otsu	238	7	92	2068	48.666643	0.986578	0.999597	41.655253	0.351115	0.718558	True	0.349467	38.899158	0.963063	34.165669	0.748421	0.645534	M2_018_y512x512	67	2158	46.626774	0.978733	37.295876	0.999288	0.703745	0.403778	14	3	0.000000	4198	49.426739	0.984703	0.999836	45.830093	0.322327	0.694763	-3.130576	0.015136	-7.731204	-0.019086	0.387921	40.062327	0.999514
M2_019_y0x512.png	0.080267	0.016715	0.032881	0.255556	0.017571	0.997532	24.151276	0.999955	27.878284	0.005519	0.130642	1.536837	30.015430	0.858568	768	2	0	0	4	1.333333	0.000000	6	4	13.656854	2.249421	0.000000						591.894150	0.005519	0.005519	2	0	2	0	4	1.333333	0.000000	2	0	6	4	2	3.414214	2.249421	13.656854	0.000000	33954	44.210938	85.333333	256x256	65536	dense	Frangi	89	2	24	764	38.255463	0.923599	0.999984	31.347644	0.824480	0.006881	True	0.080282	30.023821	0.858667	27.887841	0.624689	0.960045	M2_019_y0x512																									
M2_019_y256x256.png	0.415371	0.066514	0.124731	0.960843	0.066695	0.974692	22.826432	0.999884	28.868044	0.028832	0.244216	1.113816	29.733940	0.883541	972	2	0	0	4	1.500000	0.000000	8	6	29.313708	3.888879	0.000000						771.825790	0.028832	0.028832	2	0	2	0	4	1.500000	0.000000	2	0	8	6	4	4.885618	3.888879	29.313708	0.000000	31947	32.867284	67.423868	256x256	65536	sparse	Frangi	140	2	54	962	40.085347	0.945468	0.999931	31.630480	0.972310	0.031416	True	0.415696	29.737819	0.883956	28.871912	0.891391	0.992845	M2_019_y256x256																									
M2_019_y512x256.png	0.333971	0.219001	0.359313	0.298808	0.450541	0.990406	27.542276	0.995765	33.524310	0.323963	0.750675	0.838471	33.126593	0.898664	7790	20	14	59	72	1.965517	0.700000	348	342	1567.981890	3.382331	0.000000	-0.004859	-12.110890	-0.008587	-0.003122	0.000619	2791.271448	0.323963	0.323963	20	14	6	59	72	1.965517	0.700000	20	14	348	342	217	4.584742	3.382331	1567.981890	0.000000	32407	4.160077	8.412837	256x256	65536	sparse	Learned	909	20	93	7700	44.914851	0.977136	0.999262	42.989372	0.823011	0.322619	True	0.334166	33.136819	0.899271	33.552925	0.876003	0.734504	M2_019_y512x256	89	7695	43.451747	0.973521	40.349520	0.998886	0.323343	0.924226	7	14	0.675000	277	26.370051	0.712620	0.976317	20.491501	0.958414	0.308883	-6.825210	-0.173551	-10.325153	-0.074856	0.338830	39.653166	0.998993
M2_019_y512x512.png	0.475389	0.461191	0.631254	0.718156	0.563113	0.992180	25.767614	0.997800	32.846553	0.372969	0.799110	1.021110	34.044956	0.920677	2857	4	0	11	19	1.900000	0.000000	80	76	364.634560	6.254458	0.000000	0.006295	-11.134475	-0.006369	-0.000967	0.006085	2416.175127	0.372969	0.372969	4	0	4	11	19	1.900000	0.000000	4	0	80	76	50	4.797823	6.254458	364.634560	0.000000	30460	10.661533	22.938747	256x256	65536	sparse	Meijering	327	4	88	2812	43.469835	0.967259	0.999227	38.697201	0.982636	0.370048	True	0.474354	34.060283	0.921994	32.855846	0.956063	0.976246	M2_019_y512x512	70	2845	42.669572	0.964653	36.178896	0.998767	0.366884	0.784390	7	9	0.000000	3149	42.839709	0.952801	0.999489	40.377286	0.733532	0.366463	-3.332343	0.014720	-8.624616	-0.043976	0.469094	36.902089	0.998548
M2_020_y256x256.png	0.279953	0.360778	0.530253	0.404728	0.768646	0.992186	26.863482	0.989242	31.600562	0.519310	0.862482	1.045230	29.459359	0.810358	7830	10	3	29	43	1.943089	0.300000	246	239	1120.033621	6.794538	0.000000	0.004959	-9.234033	-0.005789	-0.005652	0.002657	4575.605392	0.519310	0.519310	10	3	7	29	43	1.943089	0.300000	10	3	246	239	174	4.686333	6.794538	1120.033621	0.000000	38262	4.886590	8.369860	256x256	65536	sparse	Otsu	732	10	87	7678	40.220441	0.956310	0.996658	38.051953	0.702615	0.513558	True	0.279562	29.460728	0.810536	31.636673	0.949928	0.992893	M2_020_y256x256	81	7598	39.085985	0.948172	36.095737	0.994894	0.516653	0.772806	41	117	0.000000	278	21.847112	0.651935	0.911241	16.414489	0.997779	0.476655	-4.495175	0.089676	-9.626626	-0.137814	0.274994	36.097514	0.997974
M2_020_y256x512.png	0.546923	0.524281	0.687906	0.592427	0.820072	0.988200	27.380422	0.986634	32.324679	0.638209	0.952844	0.557562	29.557309	0.837107	8132	7	6	31	34	1.991561	0.857143	237	236	1214.045815	7.530930	0.000000	-0.001139	-8.919009	-0.008618	-0.006681	0.001722	6114.478111	0.638209	0.638209	7	6	1	31	34	1.991561	0.857143	7	5	237	236	172	5.144262	7.530930	1214.045815	0.000000	37774	4.645106	8.059026	256x256	65536	sparse	Otsu	870	7	88	7574	41.070430	0.963423	0.996177	38.616637	0.536714	0.632026	True	0.546842	29.566194	0.837610	32.361396	1.000000	0.557562	M2_020_y256x512	84	8068	39.634131	0.955756	36.321820	0.993315	0.636487	0.556622	39	44	0.000000	276	23.895014	0.615979	0.899209	19.662253	0.914565	0.580955	-3.997141	0.396221	-10.076822	-0.118650	0.548062	36.299430	0.996818
M2_020_y512x512.png	0.453730	0.453513	0.624024	0.518341	0.783838	0.994209	28.999158	0.992827	32.778736	0.670672	0.943640	0.958194	33.160461	0.896456	5765	5	2	20	27	1.962025	0.400000	158	155	818.967604	7.386992	0.000000	0.019804	-7.279498	-0.004151	-0.003441	0.024202	4477.102280	0.670672	0.670672	5	2	3	20	27	1.962025	0.400000	5	2	158	155	111	5.283662	7.386992	818.967604	0.000000	35061	6.081700	11.367910	256x256	65536	sparse	Otsu	640	5	89	5740	42.017416	0.961670	0.997768	38.748683	0.703925	0.636774	True	0.453952	33.168089	0.897090	32.815321	0.999057	0.957290	M2_020_y512x512	82	5604	40.740584	0.956098	36.282819	0.996269	0.646471	0.899518	9	27	0.000000	342	27.877706	0.703097	0.950708	21.501259	0.999976	0.623693	-3.504083	0.044122	-7.580122	-0.059642	0.433926	36.278656	0.998360
