filename,gt_iou,seg_iou,seg_f1,seg_precision,seg_recall,gt_fg_ssim,gt_fg_psnr,ng_fg_ssim,ng_fg_psnr,ng_iou,ng_topo_q,topo_preservation,ng_psnr,ng_ssim,ng_bytes,graph_n_components,graph_n_cycles,graph_n_junctions,graph_n_endpoints,graph_mean_degree,graph_complexity,n_nodes,n_edges,total_edge_length,mean_width_px,mean_curvature,delta_gt_iou,delta_gt_fg_psnr,delta_gt_fg_ssim,delta_fg_ssim,delta_iou,total_time_ms,self_iou,ng_recon_iou,ng_n_components,ng_n_cycles,ng_euler_characteristic,ng_n_junctions,ng_n_endpoints,ng_mean_degree,ng_graph_complexity,ng_seg_beta_0,ng_seg_beta_1,graph_n_nodes,graph_n_edges,graph_n_sampled,graph_mean_edge_length,graph_mean_width,graph_total_edge_length,graph_mean_curvature,png_bytes,ng_vs_png,ng_vs_raw,image_shape,image_pixels,image_type,segmenter,n_points,n_structures,webp_quality,webp_bytes,webp_psnr,webp_ssim,webp_fg_ssim,webp_fg_psnr,webp_topo_q,webp_iou,gt_available,pre_gt_iou,pre_ng_psnr,pre_ng_ssim,pre_ng_fg_psnr,gt_topology_q,recon_topology_q,stem,jpeg_quality,jpeg_bytes,jpeg_psnr,jpeg_ssim,jpeg_fg_psnr,jpeg_fg_ssim,jpeg_iou,jpeg_topo_q,jpeg_beta_0,jpeg_beta_1,jpeg_betti_preservation,jp2_bytes,jp2_psnr,jp2_ssim,jp2_fg_ssim,jp2_fg_psnr,jp2_topo_q,jp2_iou,delta_fg_psnr,delta_topo_q,delta_psnr,delta_ssim,jpeg_gt_iou,jpeg_gt_fg_psnr,jpeg_gt_fg_ssim
M1_001_y0x0.png,0.2445528455284553,0.00422727837871441,0.00841896743840535,0.11764705882352941,0.004365690806368772,0.9574109472758607,18.638254193585844,0.9998927599090447,28.393404021077938,0.009100782742219392,0.19345855982267313,1.189014694719847,20.665240938541572,0.6004891794015388,1230,4,1,3,9,1.6666666666666667,0.25,18,15,44.97056274847713,2.6560165180836197,0.0,,,,,,5089.641094207764,0.009100782742219392,0.009100782742219392,4,1,3,3,9,1.6666666666666667,0.25,4,1,18,15,6,2.998037516565142,2.6560165180836197,44.97056274847713,0.0,35816,29.11869918699187,53.28130081300813,256x256,65536,sparse,Frangi,144,4,2,1224,31.121850366005248,0.8639768471712349,0.9996990018963856,23.480321543770874,0.11181162863556227,0.06396103896103895,True,0.24496583637612523,20.664750859313838,0.6004361001617787,28.384217527086353,0.6880030618248223,0.818045750521961,M1_001_y0x0,,,,,,,,,,,,,,,,,,,,,,,,,
M1_001_y0x256.png,0.02880658436213992,0.05862295081967213,0.11075322101090188,0.10577378135352579,0.11622464898595944,0.9848760668258668,21.61328534898687,0.9988644967858524,31.033607137923976,0.3910574875798439,0.1827564958370722,0.17777716548861172,23.861071886959998,0.7072097678200675,4410,33,0,4,70,1.3592233009708738,0.0,103,70,340.59292911256347,4.1040918008987965,0.0,-0.02013199933580207,-14.400757850598573,-0.013588177376983146,-0.0003433152051609545,0.03777944650559428,1905.4546356201172,0.3910574875798439,0.3910574875798439,33,0,33,4,70,1.3592233009708738,0.0,33,0,103,70,29,4.865613273036619,4.1040918008987965,340.59292911256347,0.0,37087,8.409750566893424,14.86077097505669,256x256,65536,sparse,Otsu,332,33,72,4352,38.7518825373559,0.9557236894401365,0.9993725399029123,33.79071748591705,0.07384375620324946,0.3469591226321037,True,0.02880658436213992,23.861182236773377,0.7072768817464663,31.03566169381893,0.4376619929873736,0.07780630855539195,M1_001_y0x256,32,4358,37.00742129361099,0.9394137293909753,32.08149824425747,0.9992078119910134,0.3532780410742496,0.07736937648896691,76,0,0.3484848484848485,474,22.649601101484397,0.6387842354464424,0.9759563167654872,15.21834312597358,0.1695754324582538,0.3963846710050615,-1.0478911063334913,0.1053871193481053,-13.146349406650991,-0.23220396157090784,0.04893858369794199,36.014043199585444,0.99846424420285
M1_001_y0x512.png,0.13769878391019644,0.05658642142277522,0.10711177103066918,0.05706180786645573,0.8716666666666667,0.9959406342963942,21.756260657042805,0.9869461492338817,34.82453944157906,0.23415567843470864,0.7677637252702412,0.6296899083915422,31.80328209488454,0.9124210356212142,14586,36,23,111,141,1.9598765432098766,0.6388888888888888,648,635,2970.1231585774626,3.4635922272286126,0.0,0.04896706875186177,-23.900948726946933,-0.0039831400227865466,-0.011660505706907132,-0.2671167107206207,8221.374988555908,0.23415567843470864,0.23415567843470864,36,23,13,111,141,1.9598765432098766,0.6388888888888888,36,22,648,635,396,4.677359304846415,3.4635922272286126,2970.1231585774626,0.0,29783,2.0418894830659537,4.493075551899081,256x256,65536,sparse,Learned,1949,36,100,13722,49.98644490773203,0.9925367161722386,0.9991441494604615,49.148386174903216,0.3710200595574177,0.4876491262808772,True,0.13788587464920488,31.807569841820378,0.9131426861852513,34.83412465751525,0.2992159894074672,0.18841328895927267,M1_001_y0x512,95,12887,48.15979302923417,0.9910600560822658,46.15940095929248,0.9986066549407888,0.5012723891553293,0.3437826101018462,95,32,0.0,245,22.989599536521258,0.5337162068329394,0.891965765551083,19.70598517433882,0.9973415180112236,0.318393144732444,-11.33486151771342,0.423981115168395,-16.356510934349632,-0.07863902046105153,0.08873171515833467,45.65720938398974,0.9999237743191808
M1_001_y256x0.png,0.2530558925072315,0.011605750909405854,0.022945205479452058,0.27235772357723576,0.011977118341079729,0.9675680908295718,16.70338043440674,0.9999211738703361,26.187935919207845,0.011568848758465011,0.1974812020375215,1.327130790971957,21.52734787803899,0.7221140491136853,1093,3,0,0,6,1.4545454545454546,0.0,11,8,35.79898987322333,3.0140323682264847,0.0,,,,,,792.3610210418701,0.011568848758465011,0.011568848758465011,3,0,3,0,6,1.4545454545454546,0.0,3,0,11,8,5,4.474873734152917,3.0140323682264847,35.79898987322333,0.0,32062,29.333943275388837,59.95974382433669,256x256,65536,sparse,Frangi,145,3,5,1088,33.388202464378466,0.9015894072434281,0.9999158565526978,25.287138290313287,0.19405895221065983,0.054769392033542974,True,0.252974385293706,21.52737987351506,0.7231299156516514,26.182972408057708,0.7082914232788756,0.9399953568147473,M1_001_y256x0,,,,,,,,,,,,,,,,,,,,,,,,,
M1_001_y256x512.png,0.41779900443966095,0.3477287268074216,0.5160218371706623,0.40564746859062073,0.7089130434782609,0.9880919951927564,30.078090841997632,0.9909992035195044,34.381985004051224,0.5553886385133255,0.6659690879133631,0.4819059484075858,28.90318497833883,0.77240193350756,8879,23,4,34,75,1.8729096989966556,0.17391304347826086,299,280,1402.2001435750014,6.19665209138261,0.0,0.04796396064835473,-10.656129554431015,-0.009809963958472334,-0.006172166274447499,0.006340882747223553,4409.472703933716,0.5553886385133255,0.5553886385133255,23,4,19,34,75,1.8729096989966556,0.17391304347826086,23,4,299,280,190,5.007857655624998,6.19665209138261,1402.2001435750014,0.0,36877,4.153283027367947,7.38101137515486,256x256,65536,sparse,Otsu,842,23,90,8440,42.679967631599325,0.9752120381118986,0.9971982994240268,41.057263323329295,0.3573931819276064,0.5452806993580112,True,0.41881261346063337,28.8971827940443,0.7724688266084404,34.38800754965639,0.8916319767781041,0.4296827533997828,M1_001_y256x512,83,8750,42.52073729060518,0.9749783546631308,40.58152420945186,0.9971713697939519,0.549047755766102,0.3315454583299877,122,41,0.0,243,22.339629377713948,0.5927065101286474,0.8929734097489719,18.68927756170034,0.9851536316619132,0.42335647202939974,-6.199539205400633,0.33442362958337535,-13.617552312266351,-0.20257642115557073,0.3698350437913062,40.73422039642865,0.9979019591512287
M1_001_y256x768.png,0.4764259226558361,0.3773631686605095,0.5479501372575493,0.45009611119325743,0.7001725129384704,0.9909567483024619,28.19825598870858,0.992645613965468,33.76173807238288,0.5943079464904333,0.8183102188612361,0.6197298128280346,30.605983044991127,0.8488232173203009,7941,11,0,22,44,1.8967136150234742,0.0,213,202,1043.8082245892142,7.076792382084407,0.0,-0.02180813900235007,-12.880069824335003,-0.007837496346047246,-0.005351824146129891,-0.004054025566737063,6608.60538482666,0.5943079464904333,0.5943079464904333,11,0,11,22,44,1.8967136150234742,0.0,11,0,213,202,147,5.167367448461449,7.076792382084407,1043.8082245892142,0.0,32108,4.043319481173656,8.25286487847878,256x256,65536,sparse,Otsu,882,11,93,7710,45.36583635872955,0.9835374844191086,0.9985388813462021,42.60464492246636,0.5361101318752891,0.5993975903614458,True,0.476837953970216,30.60949889751967,0.8516867153381668,33.776196357184816,0.967751563395192,0.5997444952469402,M1_001_y256x768,88,7926,44.336080843314456,0.9802775385352983,40.57088354510821,0.9979974381115979,0.5983619720571703,0.5582316798886464,33,23,0.0,272,22.754850982827833,0.5466521288001712,0.897453145094732,17.310970539694303,0.9998231130977574,0.5381545649211602,-6.809145472725326,0.2600785389725897,-13.730097798323328,-0.13145432121499745,0.4982340616581862,41.078325813043584,0.9987942446485092
M1_001_y512x512.png,0.057282526949110055,0.1456276753734603,0.2542321183468049,0.27154259651409024,0.23899641577060932,0.9842883502073367,26.669663489555848,0.9981603257678269,31.713089085967823,0.23260340632603407,0.27157819783958637,0.1067206038739111,28.774291117794263,0.717853462772679,5266,32,0,8,72,1.564625850340136,0.0,147,115,532.9898987322339,4.413495365926635,0.0,-0.015813671559629705,-10.976025980622818,-0.013777766897355659,-0.0010807765574460948,-0.016099627788098925,2227.3521423339844,0.23260340632603407,0.23260340632603407,32,0,32,8,72,1.564625850340136,0.0,32,0,147,115,67,4.634694771584638,4.413495365926635,532.9898987322339,0.0,37273,7.078047854158754,12.445119635396885,256x256,65536,sparse,Meijering,430,32,81,5012,40.044032675493845,0.9568440733648707,0.9993145422906119,36.64865360586015,0.08681763171699186,0.24744215331339525,True,0.057150018799348286,28.775027699090998,0.7179657506352235,31.722907038059965,0.7171552569062589,0.0765352420883858,M1_001_y512x512,55,5260,39.47245503245177,0.9556127375270309,34.86974143393981,0.999241102325273,0.248703034114133,0.0813395565079047,62,2,0.0,410,24.5694904222113,0.6491329501168045,0.9706282173070669,17.289503748176497,0.30984104153314185,0.3914187944195841,-3.156652347971985,0.19023864133168167,-10.698163914657506,-0.23775927475435188,0.07309619850873976,37.64568947017867,0.9980661171046924
M1_002_y256x512.png,0.16671422456841203,0.008878594865856012,0.017600918308781327,0.08409506398537477,0.009829059829059829,0.9815120721931215,21.298888016916678,0.9997877119350277,26.755675558459057,0.019405700424499697,0.22275526193105388,1.7480881829242805,21.66847127346632,0.7032838700372492,1427,5,0,1,11,1.5,0.0,20,15,63.384776310850235,3.3905519668923483,0.0,0.09989760641546151,-3.3396053698211148,-0.004526301802548538,0.0010049743367865904,-0.10699154807077114,941.2229061126709,0.019405700424499697,0.019405700424499697,5,0,5,1,11,1.5,0.0,5,0,20,15,8,4.225651754056682,3.3905519668923483,63.384776310850235,0.0,30535,21.39803784162579,45.92571829011913,256x256,65536,sparse,Frangi,162,5,15,1418,34.87941536727805,0.9232582246997931,0.9998016452260039,26.636698397734587,0.15430795614414272,0.14113597246127366,True,0.16686301810003212,21.668182680533903,0.706847012205346,26.739227802369857,0.572050465329246,0.9999946584783906,M1_002_y256x512,3,1366,27.072349110978436,0.7762775880579795,19.657378297730034,0.9987827375982411,0.12639724849527084,0.23595640871124257,46,5,0.0,,,,,,,,7.098297260729023,-0.013201146780188688,-5.403877837512116,-0.07299371802073029,0.06681661815295052,24.638493386737792,0.9860383739956701
M1_002_y256x768.png,0.2855924139515044,0.00028598665395614874,0.0005718097779472029,0.007246376811594203,0.0002976485762476436,0.9633034177165238,23.075018350791755,0.9999051633992019,27.263208546145556,0.014225826403683596,0.20281353317080053,1.2838170185727509,19.461322381715433,0.6104229519873439,1388,3,0,0,6,1.4545454545454546,0.0,11,8,34.31370849898476,4.315911606225101,0.0,0.2587970527183416,-1.5379739999486723,0.0009894359444448941,0.0004785412825341062,-0.07474214512656552,854.5141220092773,0.014225826403683596,0.014225826403683596,3,0,3,0,6,1.4545454545454546,0.0,3,0,11,8,5,4.289213562373095,4.315911606225101,34.31370849898476,0.0,34434,24.80835734870317,47.216138328530256,256x256,65536,dense,Frangi,228,3,4,1370,31.794749214937553,0.8825184529535625,0.999855752665293,24.107068204092744,0.11716361024798638,0.11151736745886655,True,0.2856252664720737,19.461614202382428,0.6100055998776508,27.268070549054325,0.7764231329732973,0.9967852317246931,M1_002_y256x768,2,1383,25.018068695310053,0.672876327099747,18.782831635400075,0.9994266221166678,0.08896797153024912,0.20162144458288345,58,3,0.0,,,,,,,,8.48037691074548,0.001192088587917084,-5.556746313594619,-0.06245337511240312,0.02679536123316286,24.612992350740427,0.9623139817720789
M1_002_y768x256.png,0.19165217391304348,0.08191244239631336,0.1514215738473006,0.08262638001162115,0.9045801526717557,0.9994464680915695,34.327270381415914,0.993005742789261,35.48444527470815,0.2481962481962482,0.8339279142423384,0.3747337221337693,31.964910176186162,0.8876005013504522,12822,30,10,95,139,1.9400299850074962,0.3333333333333333,667,647,3054.632826569338,3.0319034266590585,0.0,-0.012857630008525134,-10.930759654296843,-0.0005105477859137508,-0.00609066906268807,0.0036387943364687425,3082.083225250244,0.2481962481962482,0.2481962481962482,30,10,20,95,139,1.9400299850074962,0.3333333333333333,30,9,667,647,433,4.721225388824346,3.0319034266590585,3054.632826569338,0.0,31302,2.441272812353767,5.11121509904851,256x256,65536,sparse,Learned,1534,30,98,12392,49.10701681210138,0.9923390165847056,0.9993475655619701,47.87955463545671,0.18149984282334608,0.267337426102774,True,0.1935158743490677,31.966041824490983,0.8896973187124195,35.490822027930015,0.6140316856257579,0.23009837906261277,M1_002_y768x256,94,12181,47.69701771010617,0.9913602010032126,45.57275443196317,0.9990964118519491,0.24455745385977945,0.16678682186239036,73,6,0.1166666666666667,244,20.97105385994951,0.4670570866013185,0.8836642044340722,16.568106618708136,0.9999988548787141,0.3283429267212752,-10.088309157255019,0.667141092379948,-15.732107533920004,-0.10375969965276044,0.20450980392156862,45.25803003571276,0.9999570158774832
M1_002_y768x768.png,0.009554140127388535,0.042043127334056137,0.08069364161849711,0.06970241661673657,0.09580016469942355,0.9917536658853546,28.811285634284896,0.9969735442572718,32.844879782229626,0.2767308073794882,0.2013627847685825,0.16570040957019827,30.2221079626071,0.7842603987821798,4232,33,3,10,73,1.5238095238095237,0.09090909090909091,126,96,386.4629867976523,4.218079577629289,0.0,-0.03938826143460301,-11.51403039663997,-0.007204521300216649,-0.001856514256304953,0.025137766640603687,2036.365032196045,0.2767308073794882,0.2767308073794882,33,3,30,10,73,1.5238095238095237,0.09090909090909091,33,2,126,96,43,4.025656112475542,4.218079577629289,386.4629867976523,0.0,34321,8.109877126654064,15.485822306238186,256x256,65536,sparse,Meijering,319,33,82,4194,41.44560449748869,0.964371468973277,0.9990177915163199,37.3953735074475,0.24282132905575837,0.23166517342890056,True,0.009538950715421303,30.225680696008624,0.7843610652945874,32.85324543432932,0.47411181593561924,0.07856052208260256,M1_002_y768x768,50,4232,40.55875439353503,0.9576035049756672,36.181037576518555,0.9988300585135768,0.2515930407388845,0.24104349645486056,148,37,0.0,473,27.900329095580993,0.7421402849252252,0.9740691855178314,20.956663242031325,0.4949394334202233,0.2074860842894468,-3.33615779428893,-0.03968071168627807,-10.336646430927932,-0.17334310619348736,0.04894240156199154,40.32531603092487,0.9989581871855713
M1_003_y256x256.png,0.19019085663559698,0.1184951256350405,0.21188313282592683,0.12142957647389897,0.8306063522617901,0.9992423838363803,30.824916955051734,0.9970973313986359,34.59076706032363,0.3711167086481948,0.717101376585802,1.3612189568724287,33.238163124902435,0.9508335733107984,6289,15,4,31,53,1.9094650205761317,0.26666666666666666,243,232,1071.862048458377,3.3598141701950786,0.0,-0.03786316423610345,-12.79004626847302,-0.0007081028881243956,-0.002433287330420031,0.01848371563368645,3418.659210205078,0.3711167086481948,0.3711167086481948,15,4,11,31,53,1.9094650205761317,0.26666666666666666,15,4,243,232,159,4.6200950364585145,3.3598141701950786,1071.862048458377,0.0,22795,3.624582604547623,10.420734615996183,256x256,65536,sparse,Learned,884,15,98,6106,50.85318564082869,0.9908895693167299,0.9996645746760324,47.22758623288024,0.23319077807699728,0.35640648011782033,True,0.1910525178301275,33.2503554150404,0.9568837729199683,34.58134653665983,0.34031972951561096,0.463249667214347,M1_003_y256x256,93,5945,49.22944908923134,0.991221730135814,44.106780293912635,0.9995306187290559,0.35263299301450834,0.25173643242143473,26,2,0.3833333333333333,334,26.405454310184375,0.5672931195376547,0.9626369218437172,18.84974868604283,0.5103184514142638,0.32202805242584503,-9.516013233589007,0.46536494416436724,-15.991285964328902,-0.04038815682501562,0.22805402087170043,43.614963223524754,0.9999504867245047
M1_003_y256x512.png,0.18297051529346928,0.0031966643502432243,0.006372956497644777,0.22115384615384615,0.0032330615687377003,0.9711563705894083,21.426694421836473,0.9999649387824843,25.21817269709188,0.002903730176457449,0.14785621103378865,1.8065205161283766,19.586947634736436,0.5696895918695921,865,2,0,0,4,1.3333333333333333,0.0,6,4,16.071067811865476,2.290535844034619,0.0,,,,,,541.9294834136963,0.002903730176457449,0.002903730176457449,2,0,2,0,4,1.3333333333333333,0.0,2,0,6,4,2,4.017766952966369,2.290535844034619,16.071067811865476,0.0,35895,41.49710982658959,75.76416184971099,256x256,65536,sparse,Frangi,100,2,,,,,,,,,True,0.18305468189593335,19.5876068597209,0.5699965503851896,25.219929276926152,0.5535503144835818,0.9999999998239054,M1_003_y256x512,,,,,,,,,,,,,,,,,,,,,,,,,
M1_003_y512x256.png,0.10425688749654473,0.13222436698081072,0.23356566213709068,0.13369690011481056,0.9231074118113357,0.9991233468518562,36.0334497500675,0.9904404265522578,35.26596817304213,0.6310378110705442,0.8411825738930794,1.8007152557464856,31.23454710692545,0.8592363230245592,8691,13,3,33,54,1.92831541218638,0.23076923076923078,279,269,1350.271211386868,7.292311178239776,0.0,0.004965215590764932,-7.19558033688255,-0.0006911187887189696,-0.007257693185546699,0.01917765586163933,4869.312524795532,0.6310378110705442,0.6310378110705442,13,3,10,33,54,1.92831541218638,0.23076923076923078,13,3,279,269,192,5.01959558136381,7.292311178239776,1350.271211386868,0.0,31825,3.6618340812334598,7.5406742607294905,256x256,65536,sparse,Otsu,867,13,94,8070,46.20666431610543,0.9879033333340441,0.9980874930904041,43.96843136357773,0.6641005420959848,0.6129285322036557,True,0.10450034618047542,31.223280210415744,0.8596840491047105,35.28717077411115,0.5093381083007599,0.917172901950234,M1_003_y512x256,89,8487,45.578071194532406,0.9875432562334592,42.67064963719787,0.9976981197378045,0.6118601552089049,0.6684577412151202,50,52,0.0,250,21.410973874961087,0.4235064947624936,0.8527590899582632,17.882994649201645,0.9999997119120438,0.5113567432769428,-7.404681464155736,0.17272483267795913,-14.343524087606955,-0.12830693320889996,0.0992916719057798,43.22903008695005,0.9998144656405752
M1_003_y512x768.png,0.13239368750752922,0.11673699015471167,0.20906801007556675,0.12006312190417744,0.8082030097373857,0.9973419244267545,33.39527298538412,0.9844082684651214,36.22610450079977,0.675780287835603,0.9830502128032754,2.700611880546867,33.38401808135628,0.8758939153707397,10254,8,6,49,54,1.988888888888889,0.75,360,358,1850.4326829943557,8.075896922042972,0.0,-0.003031074241417575,-9.589672979320106,-0.0023152419818206482,-0.011694443187281856,-0.0222188484822321,6243.333578109741,0.675780287835603,0.675780287835603,8,6,2,49,54,1.988888888888889,0.75,8,6,360,358,257,5.168806377079195,8.075896922042972,1850.4326829943557,0.0,32222,3.1423834601131264,6.391261946557441,256x256,65536,sparse,Otsu,1172,8,95,9330,46.834618946197146,0.9872089000477988,0.99713122509959,44.964658972764596,0.7473749882138869,0.6911246045885904,True,0.13253496222472272,33.39255075219132,0.8780550674528628,36.23873412022832,0.3700439747088282,0.9993451544234458,M1_003_y512x768,92,9723,45.89559577018291,0.9862478322113668,43.434155104701915,0.9961027116524033,0.6979991363178351,0.7240677736163723,50,88,0.0,249,22.030330737577387,0.4307258451882467,0.8355235998814697,18.98496743718979,0.9991582268516215,0.5956927817183939,-7.208050603902144,0.2589824391869031,-12.511577688826627,-0.11035391684062712,0.1354247617489468,42.984945964704224,0.9996571664085752
M1_003_y768x512.png,0.2716721073630758,0.0016743407283382169,0.0033430839949853738,0.0851063829787234,0.0017050298380221654,0.9809566574144666,22.750210835888275,0.9999752645351259,29.036797171670315,0.0046117057617854704,0.3559635789168587,1.3299712220053728,24.008485537254344,0.7058153952118278,907,1,0,0,2,1.6,0.0,5,4,22.242640687119287,3.3947885310649872,0.0,,,,,,723.7143516540527,0.0046117057617854704,0.0046117057617854704,1,0,1,0,2,1.6,0.0,1,0,5,4,3,5.560660171779822,3.3947885310649872,22.242640687119287,0.0,35502,39.14222712238148,72.25578831312018,256x256,65536,dense,Frangi,136,1,2,874,33.153775843621844,0.8755327241023713,0.9999240149470316,24.67310499840122,0.5712679198410469,0.004423200399514875,True,0.2715876715876716,24.009381990340223,0.7058036854962364,29.02160917149174,0.5540283972708355,0.7368418245439713,M1_003_y768x512,,,,,,,,,,,,,,,,,,,,,,,,,
M1_003_y768x768.png,0.3147715593758759,0.11997612415439714,0.21424764611831584,0.19348628268891385,0.24,0.9856023800754881,25.280875051269657,0.9975337597831473,32.84370565672224,0.38656987295825773,0.24773503247929873,0.5611243391576017,28.286451662724737,0.8083875521587844,5727,30,0,6,66,1.5275590551181102,0.0,127,97,452.9188309203682,4.710188533076494,0.0,-0.055450358700182334,-15.196765253549199,-0.013240574602851773,-0.0017488404033740856,0.006209006152563645,2864.908218383789,0.38656987295825773,0.38656987295825773,30,0,30,6,66,1.5275590551181102,0.0,30,0,127,97,55,4.669266298148122,4.710188533076494,452.9188309203682,0.0,32515,5.677492579011699,11.443338571678016,256x256,65536,dense,Meijering,681,30,90,5722,43.99464058214956,0.9818216906056453,0.9995041237094063,40.47368663712963,0.23612784385750007,0.38023843930635837,True,0.3191450156624286,28.289034736364354,0.8094480799583034,32.85032515419544,0.4810771198410596,0.26994408095465694,M1_003_y768x768,76,5712,43.165076095937216,0.9808620510759124,38.15196711188734,0.9992826001865214,0.3803608668056941,0.251985812045048,60,7,0.0,344,24.086749628346084,0.5639013523971496,0.9560621472177009,17.012930010882354,0.46035410540002375,0.2840187917250474,-5.308261455165095,-0.004250779565749263,-14.87862443321248,-0.17247449891712796,0.37022191807605825,40.477640304818856,0.9988429546783398
M1_004_y256x256.png,0.10296924708377518,0.10975873634101482,0.19780648306117474,0.11538898999090082,0.6922552030023883,0.9978551860055432,28.251137041802387,0.993698131749019,34.862136341204156,0.5174056915949702,0.9880395971289174,1.0636605316710066,32.102560342644274,0.8891443421272859,13525,13,29,139,110,2.0459110473457676,2.230769230769231,697,713,3248.466304327962,3.1830906195832065,0.0,-0.00685452494472126,-15.027714170174384,-0.002007398915577663,-0.005212349582250031,-0.030570661292706025,2661.7236137390137,0.5174056915949702,0.5174056915949702,13,29,-16,139,110,2.0459110473457676,2.230769230769231,13,28,697,713,448,4.556053722760141,3.1830906195832065,3248.466304327962,0.0,31137,2.302181146025878,4.84554528650647,256x256,65536,sparse,Learned,1638,13,98,13130,48.897190683180554,0.9926175386424938,0.9994611110907046,47.40636099326079,0.8601241450324242,0.5471421592574499,True,0.10292195173656503,32.10309822291294,0.8901614746016974,34.88042460612804,0.8699712891215741,0.9253541239255645,M1_004_y256x256,94,12241,46.23342488449996,0.9893559164877161,43.88713793614295,0.998910481331269,0.5479763528876762,0.8592176981913529,37,118,0.0,247,21.81566272871653,0.3986225384063121,0.9364169961605512,19.089264723102744,0.9997705900545445,0.4099301193680833,-9.025001594938793,0.12882189893756457,-14.130864541855686,-0.10021157436043027,0.10982377202849644,43.27885121197677,0.9998625849211209
M1_004_y256x512.png,0.10827051815929577,0.11169274851223275,0.2009417596034696,0.11188386598222663,0.9849368318756074,0.9993470852255056,34.117572970355084,0.9892014929319237,34.1575043085796,0.668946894689469,0.8333734169744563,0.9267451415732434,30.00691140432773,0.8335190693287721,9384,15,3,39,63,1.9210526315789473,0.2,304,292,1518.8103166302685,7.013482705259707,0.0,-0.001539066778658879,-6.395865796401239,-0.00046389963098003584,-0.007629560348650699,-0.01562976434943264,5139.389753341675,0.668946894689469,0.668946894689469,15,3,12,39,63,1.9210526315789473,0.2,15,3,304,292,202,5.201405193939267,7.013482705259707,1518.8103166302685,0.0,32505,3.463874680306905,6.983802216538789,256x256,65536,sparse,Otsu,948,15,94,9332,45.44787463830572,0.9870514172080153,0.9980841899582755,43.27727439454124,0.5736917456358719,0.6793694946685211,True,0.10833333333333334,30.01065063099763,0.8346854764446201,34.17160218420233,0.8514251885322328,0.7890541568853295,M1_004_y256x512,89,9015,43.68568792784829,0.98318157836125,40.63674911900554,0.9968310532805744,0.6845766590389016,0.6093721646414789,48,52,0.0,247,20.79759580318744,0.3924104219058506,0.8687537497290309,17.362811264778685,0.9809368857083883,0.521748653029042,-6.479244810425946,0.2240012523329774,-13.678776523520561,-0.1496625090324779,0.10980958493795465,40.51343876675632,0.9998109848564857
M1_004_y512x0.png,0.06953578954089777,0.0,0.0,0.0,0.0,0.9945298754504849,17.476260224567312,0.999994627119453,29.629810904841655,0.003703467211544601,0.21337213893344664,1.5571284633913478,28.544770514011823,0.83041148109027,522,1,0,0,2,1.3333333333333333,0.0,3,2,12.656854249492381,2.401834749513202,0.0,,,,,,610.9511852264404,0.003703467211544601,0.003703467211544601,1,0,1,0,2,1.3333333333333333,0.0,1,0,3,2,1,6.328427124746191,2.401834749513202,12.656854249492381,0.0,25868,49.55555555555556,125.5478927203065,256x256,65536,dense,Frangi,56,1,3,502,36.266209668836666,0.9068861397121931,0.9999862962628815,22.900294295000798,0.9699532266558268,0.003737214791502754,True,0.06956244011497924,28.54592775097341,0.8330304618757688,29.597464076860863,0.5108078882036684,0.7953935020467575,M1_004_y512x0,,,,,,,,,,,,,,,,,,,,,,,,,
M1_004_y768x0.png,0.07973308238514842,0.05506646971935007,0.10438483507868063,0.05506646971935007,1.0,0.9998872976494441,36.59296873587837,0.9893068072282002,35.17034255001313,0.6092458241943648,0.7838461174818264,1.467506137644025,29.840995863603474,0.8550341383880795,10546,17,2,39,72,1.900990099009901,0.11764705882352941,303,288,1458.3839097590756,6.714031747070801,0.0,0.028018511305357055,-5.737056864190407,-8.491000444443841e-05,-0.00871908164135593,-0.10099201470159291,12826.056718826294,0.6092458241943648,0.6092458241943648,17,2,15,39,72,1.900990099009901,0.11764705882352941,17,1,303,288,192,5.063833019996782,6.714031747070801,1458.3839097590756,0.0,32084,3.0422909159871043,6.214299260383084,256x256,65536,sparse,Otsu,1412,17,96,9502,47.11986518522326,0.9883138100817447,0.9985568738030467,45.36024982425868,0.6182352965349482,0.7083781405807019,True,0.07966492862637832,29.83745784983784,0.8555082493233249,35.16829914715671,0.3873736058155839,0.5684731440956665,M1_004_y768x0,92,9629,46.39403541071681,0.9878835655401865,43.927320854171924,0.9980258888695561,0.7102378388959577,0.7041273302456733,46,51,0.0,248,21.642789459300435,0.47503271507378414,0.878850755744063,17.67625033947067,0.9567172020980341,0.4838350420911265,-8.756978304158793,0.07971878723615311,-16.553039547113336,-0.132849427152107,0.05171457107979137,42.33002560006878,0.9999722076538885
M1_004_y768x512.png,0.13474817221770918,0.02336448598130841,0.045662100456621,0.5277777777777778,0.023863350916855063,0.9819642518286266,19.350327891967467,0.9998885479909243,24.46595932437272,0.006092607636068237,0.1189727005768918,1.4419149127039443,22.547888362496398,0.674026840007744,947,3,0,0,6,1.0,0.0,6,3,17.242640687119284,3.183161990510093,0.0,,,,,,491.0283088684082,0.006092607636068237,0.006092607636068237,3,0,3,0,6,1.0,0.0,3,0,6,3,0,5.747546895706428,3.183161990510093,17.242640687119284,0.0,32414,34.22808870116156,69.20380147835269,256x256,65536,sparse,Frangi,127,3,1,878,31.505104254244422,0.8540358064257628,0.9998785195815088,23.527004403847126,0.6862725831301544,0.011980830670926517,True,0.13499949133575231,22.547269383651827,0.6755323640721743,24.46181027914319,0.6729943329404706,0.970400564832108,M1_004_y768x512,,,,,,,,,,,,,,,,,,,,,,,,,
M1_004_y768x768.png,0.25555023159239737,0.1676777481193885,0.2871986699916874,0.17025575321539446,0.9171754711972392,0.9979378825455445,31.746847932684503,0.9880899920388662,34.551557391361484,0.5189825718323128,0.7286505556195534,0.5992812166329061,29.724158034284493,0.7855806920281135,12396,23,3,52,93,1.89010989010989,0.13043478260869565,364,344,1684.035713374686,6.3779869428198515,0.0,0.003117094953574484,-10.511403382900973,-0.0018599078596863716,-0.009407200418045436,-0.046655229444242385,13950.763463973999,0.5189825718323128,0.5189825718323128,23,3,20,52,93,1.89010989010989,0.13043478260869565,23,3,364,344,219,4.89545265515896,6.3779869428198515,1684.035713374686,0.0,35507,2.8643917392707325,5.286866731203614,256x256,65536,sparse,Otsu,1507,23,94,11168,45.269208078003096,0.9870240955328689,0.9980056327870236,43.79874457759226,0.26403405269438485,0.5341650671785029,True,0.25543130990415336,29.72380844003141,0.7866121803818718,34.558729228088986,0.6400600913272412,0.3835759902487581,M1_004_y768x768,91,11802,44.57977164042408,0.9859902657563498,42.53477998788583,0.9974971924569116,0.5656378012765552,0.2979716650575701,119,32,0.0,247,21.46777090540184,0.4963408559903338,0.8485914780557048,18.02595440308812,0.9999999965330826,0.45400289084720474,-7.983222596524342,0.4306788905619833,-14.855613606139585,-0.2004095737282363,0.2524331366388229,42.258251315585476,0.9997977904052309
M1_005_y256x512.png,0.11822857859741563,0.0,0.0,0.0,0.0,0.9831019136676177,22.027370104494057,0.9999839857244357,24.47925358454477,0.0016560030109145653,0.13064176460119425,1.5483762290147247,26.02334226956778,0.7262434097377128,544,1,0,0,2,1.0,0.0,2,1,6.414213562373095,3.3520608842372894,0.0,,,,,,484.6196174621582,0.0016560030109145653,0.0016560030109145653,1,0,1,0,2,1.0,0.0,1,0,2,1,0,6.414213562373095,3.3520608842372894,6.414213562373095,0.0,31883,58.60845588235294,120.47058823529412,256x256,65536,sparse,Frangi,64,1,,,,,,,,,True,0.11827012374187394,26.028122491729096,0.727320459661689,24.575277657783886,0.6458377012964297,0.999999744488904,M1_005_y256x512,,,,,,,,,,,,,,,,,,,,,,,,,
M1_005_y512x0.png,0.09369580740589616,0.09361189232623543,0.17119764878765614,0.09477598930792028,0.884010840108401,0.999097670844858,31.366566866725076,0.992767195510924,35.33877460796734,0.5848008611410118,0.9311095760400641,1.719929878423917,32.37918205993013,0.9013719088663151,12965,21,30,120,107,2.0258992805755396,1.4285714285714286,695,704,3177.0937213259363,3.159492388588456,0.0,0.013773780115447817,-12.550694751324546,-0.000846617009926387,-0.006111588359040576,0.019499019792243222,2591.6223526000977,0.5848008611410118,0.5848008611410118,21,30,-9,120,107,2.0258992805755396,1.4285714285714286,21,29,695,704,468,4.512917217792543,3.159492388588456,3177.0937213259363,0.0,32111,2.4767450829155417,5.054839953721558,256x256,65536,sparse,Learned,1604,21,97,12080,47.66047097421836,0.9880643100138252,0.9992171704682214,46.825811847682424,0.6757002240435097,0.5591385509907428,True,0.09365759151626389,32.368647126736036,0.9016464939121002,35.355350191708446,0.4750458977219104,0.8170456331146259,M1_005_y512x0,94,11736,46.86937216830276,0.9882051906295383,44.78468209631125,0.9988787838699645,0.5653018413487686,0.8096707858171901,40,103,0.0,245,21.721554575482802,0.5553946979298041,0.9274482722774768,18.867316948713828,0.999632945419405,0.3665381455028127,-9.445907488343913,0.12143879022287396,-14.49019010837263,-0.08683328176322314,0.07992202729044834,43.91726161804962,0.9999442878547844
M1_005_y512x768.png,0.2659183278498161,0.23260033697671403,0.377414040867828,0.23506811037373385,0.9568153545406077,0.9961371504254338,32.71914707361746,0.9839402728788058,35.89458852674192,0.7264525872347191,0.9948219841329295,1.1987522207950856,31.78859919258513,0.8690996262426104,11915,6,7,48,46,2.005730659025788,1.1666666666666667,349,350,1825.2144289248763,8.023709550110224,0.0,0.04834332203541189,-10.037303932166708,-0.0032640923406984657,-0.012264781527790647,0.01093868709025625,16547.815322875977,0.7264525872347191,0.7264525872347191,6,7,-1,48,46,2.005730659025788,1.1666666666666667,6,7,349,350,255,5.214898368356778,8.023709550110224,1825.2144289248763,0.0,33111,2.7789341166596726,5.500293747377255,256x256,65536,sparse,Otsu,1573,6,96,10956,47.03382537504221,0.9880425078632862,0.9975703038631475,45.558759778340814,0.735726104519679,0.7149746550267531,True,0.2657095901005414,31.789530002562074,0.8703254984527994,35.89653035427428,0.71840142843335,0.8611853077568401,M1_005_y512x768,93,11123,45.71540659123164,0.9860081241965144,43.626113009196885,0.9962050544065965,0.7155139001444628,0.7980049718740978,41,92,0.0,249,22.978229647314862,0.4784344160885465,0.8501998305511855,20.38032956196181,0.9049482057513649,0.5862878977699825,-7.731524482454965,0.19681701225883175,-13.92680739864651,-0.11690849795390401,0.21757500581440423,42.756451005784164,0.9994012427661323
M1_005_y768x0.png,0.05301150462440785,0.05,0.09523809523809523,0.05105865667105663,0.7068723702664796,0.9994477905107243,27.051819069763575,0.9962108637264839,34.59389233938851,0.4818937939859245,0.6445898337652254,1.942325611650051,32.72501611913945,0.9268341630153414,8535,28,8,51,92,1.8944591029023747,0.2857142857142857,379,359,1688.420489685536,3.008331140751125,0.0,0.012212694828115794,-16.481761575313307,-0.0005357574267604859,-0.0032753564925348533,0.0324317703467662,2845.5052375793457,0.4818937939859245,0.4818937939859245,28,8,20,51,92,1.8944591029023747,0.2857142857142857,29,8,379,359,236,4.703121141185326,3.008331140751125,1688.420489685536,0.0,28157,3.29900410076157,7.678500292911541,256x256,65536,sparse,Learned,1055,29,97,7436,48.72574454638246,0.9895548956894742,0.9996055414317812,46.63396875664962,0.6482691015820958,0.46318502745713325,True,0.05298759864712514,32.73748495572425,0.9284212867852657,34.61070506258957,0.32776201522506565,0.6366205566976789,M1_005_y768x0,93,8527,47.81365014338483,0.9902083803181065,44.3115661657903,0.9994862202190188,0.4494620236391583,0.7951310178005612,26,55,0.0,249,22.929614055683693,0.5441553939258585,0.9475476343355765,16.562061092789495,0.998338442726826,0.3175593283932089,-9.717673826401793,-0.15054118403533578,-15.08863402424538,-0.06337421730276516,0.04079880979629206,43.53358064507688,0.9999835479374848
M1_005_y768x256.png,0.4065718906954967,0.27223935137604205,0.4279687640247734,0.3032500159002735,0.7269400823296234,0.9827933036512301,23.316948182126012,0.9896540400280883,33.72093744881849,0.49918291117077157,0.5172398314613131,0.4202692676616423,27.04894881474186,0.7397725167640888,11145,34,4,34,95,1.8064516129032258,0.11764705882352941,310,280,1366.472221513644,5.799456569937578,0.0,0.04690030286783775,-18.844541555331908,-0.016415212051778205,-0.007976209163779946,-0.017564566954402616,11782.859563827515,0.49918291117077157,0.49918291117077157,34,4,30,34,95,1.8064516129032258,0.11764705882352941,34,4,310,280,181,4.880257933977291,5.799456569937578,1366.472221513644,0.0,36943,3.314759982054733,5.8803050695379095,256x256,65536,sparse,Otsu,1340,34,92,10084,43.89528011453738,0.9819273932165519,0.9979443903411248,42.622350450438795,0.23343312199881805,0.5309312273774268,True,0.40631113379263417,27.0444567014342,0.7396742225813089,33.73060029010653,0.8173164759472653,0.34349299679415146,M1_005_y768x256,87,10609,43.53489298354575,0.9806778155774519,41.91568124190647,0.9976302491918683,0.5167474781251742,0.21979723569917609,139,27,0.0,247,21.69332274425273,0.5492703665034977,0.8942612286284689,18.112061142497474,0.6276794119468447,0.34996801023672425,-8.19474379308798,0.29744259576213705,-16.485944168803893,-0.2409052988133631,0.35967158782765896,42.16148973745792,0.9992085157030083
M1_005_y768x512.png,0.486009885230795,0.0,0.0,0.0,0.0,0.9327495531748599,19.380050425672984,0.9999783235128575,27.922108420027413,0.0024994420888194598,0.11307956328284252,0.7550487142272169,20.943988985492567,0.5398550292859493,594,1,0,0,2,1.0,0.0,2,1,5.414213562373095,3.098712543646495,0.0,,,,,,486.53149604797363,0.0024994420888194598,0.0024994420888194598,1,0,1,0,2,1.0,0.0,1,0,2,1,0,5.414213562373095,3.098712543646495,5.414213562373095,0.0,38542,64.88552188552188,110.32996632996633,256x256,65536,dense,Frangi,55,1,,,,,,,,,True,0.48624391880556955,20.942836510356614,0.5399673203550645,27.92058229843861,0.9281613993106868,0.7008070711448684,M1_005_y768x512,,,,,,,,,,,,,,,,,,,,,,,,,
M1_005_y768x768.png,0.05249502724206521,0.0,0.0,0.0,0.0,0.9921920087679773,20.226228926316438,0.9999533711843256,22.227377957961394,0.0016456390565002743,0.11307956328284252,1.6708131524961773,22.950034599801068,0.6806755718418787,556,1,0,0,2,1.0,0.0,2,1,5.414213562373095,3.098712543646495,0.0,,,,,,466.6173458099365,0.0016456390565002743,0.0016456390565002743,1,0,1,0,2,1.0,0.0,1,0,2,1,0,5.414213562373095,3.098712543646495,5.414213562373095,0.0,33245,59.7931654676259,117.87050359712231,256x256,65536,sparse,Frangi,55,1,,,,,,,,,True,0.05171008627715482,22.9491867295545,0.6819954501772617,22.204245783608073,0.598280019902414,0.999614126128628,M1_005_y768x768,,,,,,,,,,,,,,,,,,,,,,,,,
M1_006_y0x512.png,0.19010499522748966,0.13318320733472735,0.23506032647267566,0.14445219818562458,0.6306169078446306,0.9974344456481997,25.22153089597179,0.9952812171491404,35.57081885066829,0.66015625,0.9952041292897036,1.7566060914611947,36.59444023969323,0.9711660007216731,5409,3,8,33,26,2.0523560209424083,2.6666666666666665,191,196,910.281312654633,3.685443098074201,0.0,0.015317149621138726,-21.29069101057904,-0.002454999258038937,-0.004115125156394561,-0.052887228260869557,5171.699285507202,0.66015625,0.66015625,3,8,-5,33,26,2.0523560209424083,2.6666666666666665,3,10,191,196,132,4.644292411503223,3.685443098074201,910.281312654633,0.0,12625,2.334072841560362,12.116102791643558,256x256,65536,sparse,Learned,906,3,100,3276,54.67384354961447,0.9954490634941466,0.9995811627096423,49.410603877892704,0.7558567168465629,0.7085849304279338,True,0.19020356234096691,36.614672622396455,0.9737715192400208,35.57818408139796,0.49338300763441045,0.8666795966340506,M1_006_y0x512,96,4953,53.989581167510785,0.9962814793169958,47.435651149104146,0.999396342305535,0.7130434782608696,0.7972942786055038,10,17,0.0,407,39.376252019815986,0.9368385993214331,0.9920721095606039,31.59203292915724,0.9880855103272104,0.5779582366589328,-11.864832298435857,0.19790985068419975,-17.395140927817557,-0.025115478595322704,0.17478784560635094,46.51222190655083,0.9998894449062387
M1_006_y0x768.png,0.031181102362204723,0.046731973663080136,0.08929119361767412,0.06149619611158073,0.1629339305711086,0.9933901899153024,26.01607154047421,0.9981139015107356,31.945759729331154,0.3144547759932375,0.238380119545474,0.2704646202296916,27.972507880597416,0.7669376708403844,4189,26,0,6,58,1.5272727272727273,0.0,110,84,371.9066376115483,4.477950879613215,0.0,-0.0007149401658519787,-12.299270107055715,-0.0059945627031708915,-0.001109304688826307,-0.007655673606433988,2230.900526046753,0.3144547759932375,0.3144547759932375,26,0,26,6,58,1.5272727272727273,0.0,26,0,110,84,46,4.42745997156605,4.477950879613215,371.9066376115483,0.0,33329,7.95631415612318,15.644783957985199,256x256,65536,sparse,Meijering,353,26,82,4076,41.791217981547234,0.9726127165845285,0.9994843797938189,36.97987772928803,0.09516258196404048,0.31823795800741045,True,0.030866141732283466,27.974296857369545,0.7671315618935216,31.96416972334095,0.3961590505468965,0.10714700715672154,M1_006_y0x768,46,4185,40.291744709380445,0.9647491899170781,34.19445830283734,0.999223206199562,0.3221104495996715,0.0979003632853026,33,1,0.3653846153846154,462,25.688774439975994,0.6970822912491905,0.9767071056951913,18.458969802097045,0.1655249053410428,0.3761787617876179,-2.2486985735061857,0.1404797562601714,-12.31923682878303,-0.1978115190766937,0.0318960425280567,38.31534164752993,0.9993847526184733
M1_006_y256x512.png,0.1986548162382897,0.0036656891495601175,0.007304601899196494,0.24096385542168675,0.0037085110328203227,0.96854382085728,21.884427912124277,0.9999715522607767,26.146841649884458,0.0042440047041979855,0.09516258196404048,1.2516893486801965,23.242524277110668,0.6312344147739108,638,1,0,0,2,1.3333333333333333,0.0,3,2,4.82842712474619,3.9444324705335827,0.0,,,,,,492.6562309265137,0.0042440047041979855,0.0042440047041979855,1,0,1,0,2,1.3333333333333333,0.0,1,0,3,2,1,2.414213562373095,3.9444324705335827,4.82842712474619,0.0,34311,53.77899686520376,102.72100313479623,256x256,65536,sparse,Frangi,79,1,,,,,,,,,True,0.1982535265329623,23.24155736610585,0.6316378370155628,26.21167298606428,0.6127060945474498,0.7669176924164844,M1_006_y256x512,,,,,,,,,,,,,,,,,,,,,,,,,
M1_006_y512x512.png,0.29535488062368037,0.1955905041556761,0.3271864463222745,0.20101273592143623,0.8788014311270125,0.9923721549787682,25.81841597630325,0.9867284176598453,35.82060480092379,0.4420485175202156,0.5447265915734633,0.8466358854224693,30.0279488035672,0.7949877174598524,11322,35,1,40,108,1.8005865102639296,0.02857142857142857,341,307,1527.3250352560306,6.226902503846983,0.0,0.03368032806247895,-17.398833348775845,-0.007015631516107845,-0.01069929129672198,-0.04579646714713248,12508.404016494751,0.4420485175202156,0.4420485175202156,35,1,34,40,108,1.8005865102639296,0.02857142857142857,35,1,341,307,193,4.97500011484048,6.226902503846983,1527.3250352560306,0.0,34063,3.0085673909203323,5.788376611906024,256x256,65536,sparse,Otsu,1400,35,95,11268,46.33425287931529,0.9883028338692054,0.9979115021990939,45.15820751684937,0.28973646751346926,0.4962409320729831,True,0.2950673373357131,30.0271250836839,0.7948793472832398,35.81994397587827,0.36630687784958593,0.3101285478645245,M1_006_y512x512,91,11018,45.769009714101976,0.9873220979365862,43.929652624727936,0.9974277089565673,0.4878449846673481,0.27469238697703513,138,27,0.0,249,22.98799910906622,0.5715658425176634,0.8493400436866393,19.6969992212715,0.7877520261732569,0.3593483556638246,-8.109047823804147,0.27003420459642813,-15.741060910534777,-0.1923343804767338,0.2616745525612014,43.217249325079095,0.999387786494876
M1_006_y768x512.png,0.18636755823986195,0.13628838451268357,0.23988344221459795,0.14589526640750058,0.6742404227212682,0.9933020430509956,30.488535738075512,0.9920085283300715,35.988033216446034,0.4524303787552387,0.8514632797540387,1.0648466595371793,33.48046185172768,0.8996921879521099,11756,26,18,97,117,1.9741935483870967,0.6923076923076923,620,612,2844.93434175951,3.3449211083251082,0.0,-0.015427413609182039,-14.14665708451497,-0.0062300757912696625,-0.0069539177245465655,0.004134690870228441,2832.134485244751,0.4524303787552387,0.4524303787552387,26,18,8,97,117,1.9741935483870967,0.6923076923076923,26,17,620,612,406,4.6485855257508435,3.3449211083251082,2844.93434175951,0.0,30662,2.6082000680503574,5.574685267097652,256x256,65536,sparse,Learned,1367,26,97,10938,48.34591510691457,0.9910196364994166,0.9991307352893117,46.939843371195835,0.43602966319715564,0.448553252616458,True,0.1865792949304074,33.48537839156869,0.9001607699783897,36.01665024391369,0.45337922580540235,0.4827793541024352,M1_006_y768x512,94,11575,47.627296856417814,0.9903889440027508,45.49956311522604,0.998962446054618,0.4482956878850103,0.4480925997789925,64,24,0.06334841628959276,247,23.280096500897653,0.5489731350412377,0.903459175733747,19.538887360595467,0.9314368458457221,0.3110733446632677,-9.511529898780005,0.40337067997504616,-14.146835004690132,-0.09069675605064087,0.201794971849044,44.63519282259048,0.9995321188422652
M1_006_y768x768.png,0.21679623343917662,0.20539942465147157,0.3407989425760024,0.2581057783215617,0.5014586709886548,0.9879613139840201,29.963944046806176,0.9934441718581717,35.131727829221376,0.47530981887511914,0.5679916424858481,0.5044640958210442,30.328661122207947,0.8222098722560142,14515,58,19,88,169,1.8785046728971964,0.3275862068965517,642,603,2710.1160159025303,3.4434609262076625,0.0,-0.014612674991333813,-14.376690421853567,-0.011088862323127668,-0.005476037683257218,-0.03154907147000974,3434.976100921631,0.47530981887511914,0.47530981887511914,58,19,39,88,169,1.8785046728971964,0.3275862068965517,58,17,642,603,385,4.494388086073859,3.4434609262076625,2710.1160159025303,0.0,35220,2.4264553909748536,4.515053393041681,256x256,65536,dense,Learned,1861,58,96,13636,46.52284926484641,0.9886610963521083,0.9992239275479642,45.73670014985883,0.31576376952587537,0.5038824303575345,True,0.21691096040253774,30.306598037764978,0.8225187779468072,35.16300502412605,0.7062422996764672,0.35627388313686403,M1_006_y768x768,93,12986,45.20555783950225,0.9842816777337169,44.03120641894235,0.9989202095414289,0.5068588903451289,0.35806788918174304,110,42,0.0,248,22.24328078837065,0.5945746481185142,0.9319844672856868,18.89413467766427,0.9995902650210202,0.289153066722283,-8.899478589720971,0.20992375330410507,-14.8768967172943,-0.16207180547770272,0.23140890843051043,44.340634468659744,0.9990501763071478
M1_007_y512x0.png,0.01850718874273478,0.03438354193641203,0.06648122392211403,0.035054268113816366,0.6424731182795699,0.9994253246202878,25.946645596188446,0.9961620602048269,32.60275104788814,0.3089765183790746,0.5759907466289527,1.7549458297414775,28.52972666791313,0.829652723489455,12162,49,6,76,163,1.8464285714285715,0.12244897959183673,560,517,2371.895669792002,2.947168733896413,0.0,-0.00020313534680748563,-14.190937832747352,-0.0005551379848668381,-0.0032466214229515122,-0.00025532450014381647,2298.391103744507,0.3089765183790746,0.3089765183790746,49,6,43,76,163,1.8464285714285715,0.12244897959183673,50,6,560,517,321,4.587805937702136,2.947168733896413,2371.895669792002,0.0,34744,2.856766979115277,5.388587403387601,256x256,65536,sparse,Learned,1247,50,95,11850,45.888076751004164,0.9875399887106154,0.9996323857927731,44.56251582431566,0.9950580732823202,0.30923284118116523,True,0.018509547969303725,28.529981721295332,0.83016143646837,32.612221628125255,0.5654017914929217,0.9922495161088634,M1_007_y512x0,91,11586,43.63215683504979,0.9834886534464964,41.54228401653202,0.9994086816277784,0.3092318428792184,0.9976342653396879,3,11,0.11333333333333329,250,20.00691266548734,0.4253378644281568,0.9427127187046713,15.242831090521031,0.9999689527400545,0.2951341405803227,-8.939532968643881,-0.42164351871073524,-15.10243016713666,-0.15383592995704143,0.018710324089542266,40.1375834289358,0.9999804626051546
M1_007_y512x256.png,0.1563795063630029,0.16586666666666666,0.2845379688929552,0.16988346686088857,0.875234521575985,0.9975654396274289,34.31931699300568,0.9840031302198187,34.428027431375796,0.7048130193905817,0.9988637251016802,1.107745152830243,29.159683230678223,0.8741487667411338,9436,4,4,39,42,2.0,1.0,290,290,1550.7514421272224,8.83917903517659,0.0,-0.0022432458894177387,-7.418967742578822,-0.0019096422635681565,-0.011499971741017356,-0.016015307699671966,5929.2356967926025,0.7048130193905817,0.7048130193905817,4,4,0,39,42,2.0,1.0,4,3,290,290,209,5.347418765955932,8.83917903517659,1550.7514421272224,0.0,32283,3.4212590080542604,6.9453158117846545,256x256,65536,sparse,Otsu,929,4,94,9166,45.73818925485991,0.9865205759106531,0.9971053973333802,43.822704933629105,0.8398154308551105,0.716250477546626,True,0.15300703315630831,29.16100180511151,0.875119150702117,34.46052198705961,0.9025094666950014,0.9997504871147955,M1_007_y512x256,90,9348,44.33519585439676,0.9852805345562007,41.62445505330605,0.995503101960836,0.7208283270902537,0.8681495504354172,23,64,0.0,247,21.06216826237318,0.4154399510272909,0.8403607868963298,18.181892931165482,0.925229610399658,0.6162821709561275,-7.196427621930255,0.130714174666263,-15.175512623718536,-0.11113176781506684,0.15862275225242065,41.7382847355845,0.9994750818909971
M1_007_y512x512.png,0.23663524380327078,0.25365358293964413,0.40466295696273863,0.2802439024390244,0.7277679250063339,0.9891217279171889,27.306947165151296,0.9917490538079897,33.12737465601307,0.4410074646904033,0.9701694493858203,0.6495105779610618,28.462252842558318,0.8343615815740528,16125,18,31,143,125,2.033419023136247,1.7222222222222223,778,791,3597.3678913056274,3.2669915301284664,0.0,-0.011566195045650096,-15.307910222610577,-0.010263621246337173,-0.007146220972169992,-0.013892611630370089,3348.7796783447266,0.4410074646904033,0.4410074646904033,18,31,-13,143,125,2.033419023136247,1.7222222222222223,18,26,778,791,510,4.547873440335835,3.2669915301284664,3597.3678913056274,0.0,35496,2.2013023255813953,4.064248062015504,256x256,65536,sparse,Learned,1819,18,97,15932,47.55339476794031,0.9921415640457447,0.9994432499559625,46.64673351157901,0.7197294801761884,0.4544296992162078,True,0.23639537683602216,28.461761483127002,0.8351886001351536,33.141326225542315,0.9896420402823863,0.6427829735583772,M1_007_y512x512,94,15888,44.687707352389516,0.9878305065809773,43.108598113856345,0.9988952747801597,0.4549000763207734,0.7116353378498035,34,38,0.32478632478632474,249,20.295459579267646,0.3829544574033064,0.9226036027782567,17.661724641556937,0.9999769996241301,0.37459544895757546,-9.981223457843278,0.2585341115360168,-16.2254545098312,-0.15346892500692444,0.24820143884892087,42.61485738776187,0.9993853491635261
M1_007_y512x768.png,0.17120136698212407,0.13818699857539177,0.24281949934123848,0.1468994101705723,0.6996962794229309,0.9972535153636183,27.58320980832589,0.994403101840832,34.11965551595077,0.5034695869023095,0.9857516064379661,2.11965308431855,32.276302222929075,0.9031919552217104,9913,9,19,88,75,2.0441501103752757,2.111111111111111,453,463,2183.581961293022,3.19849937645172,0.0,-0.02149384712366939,-15.034038742613305,-0.002554265234146147,-0.004608434054559685,-0.02929411374589319,2409.029483795166,0.5034695869023095,0.5034695869023095,9,19,-10,88,75,2.0441501103752757,2.111111111111111,9,20,453,463,290,4.716159743613433,3.19849937645172,2183.581961293022,0.0,29150,2.940583072732775,6.61111671542419,256x256,65536,sparse,Learned,1199,9,96,8078,47.974027885144245,0.987743503663531,0.9993419471250529,45.541272584241895,0.6508688684700795,0.5311407407407407,True,0.17131029044552504,32.27406615582799,0.9065185435838744,34.12396549142206,0.4593591046906834,0.9736819430674147,M1_007_y512x768,93,8960,46.53214898515526,0.9877680063936068,43.14054994793495,0.9990115358953917,0.5327637006482027,0.7530626676321426,29,49,0.0,246,21.359533232394675,0.3498480078708611,0.9353741247473101,16.322219224139243,0.9782903843701515,0.36091682817898374,-9.020894431984182,0.23268893880582353,-14.255846762226184,-0.08457605117189648,0.19269521410579346,42.617248550939195,0.9998077805977644
M1_007_y768x0.png,0.13395396948538918,0.21148708815672307,0.34913634693127527,0.22629823725583612,0.7636655948553055,0.9961658680371756,27.4326667482825,0.9941153360885384,33.36250512162153,0.4030229846768821,0.5490341380026776,1.4063806410504638,28.694357740130805,0.8029003913785686,7502,22,0,21,65,1.7894736842105263,0.0,209,187,955.8965363437827,5.281949534353819,0.0,0.00039969557646260534,-13.703691496519085,-0.0034595995896768983,-0.004569483225455029,0.0020258928613440808,5460.241079330444,0.4030229846768821,0.4030229846768821,22,0,22,21,65,1.7894736842105263,0.0,22,0,209,187,123,5.111746183656585,5.281949534353819,955.8965363437827,0.0,30710,4.093575046654226,8.735803785657158,256x256,65536,sparse,Meijering,866,22,92,6510,44.534777184124266,0.9822157101545907,0.9988435942005633,41.84299704324063,0.7160992105523232,0.40031423137352184,True,0.134069536709516,28.692360199588492,0.804412452863553,33.36929241266706,0.680180978183696,0.956593360128318,M1_007_y768x0,87,7196,44.42745167044155,0.9811275540141294,41.26407480255143,0.9986848193139934,0.400997091815538,0.6556696787517606,26,15,0.0,279,25.419384636449042,0.5164157502421008,0.9455300613332182,21.02082946841548,0.9902452408976571,0.35733975230034554,-7.901569680929896,-0.10663554074908299,-15.733093930310744,-0.17822716263556082,0.13355427390892657,41.136358244801585,0.9996254676268524
M1_007_y768x256.png,0.05815528137225399,0.0611404757064444,0.11523540399444418,0.0622252107794962,0.7781371280724451,0.9988972566440144,28.68744787216581,0.9915434463227727,34.37642724789393,0.46475054229934926,0.9968172192034903,2.009488873783183,29.92439479091177,0.8544002581661888,13877,9,23,119,93,2.0415430267062313,2.5555555555555554,674,688,3246.78001282695,3.4048183129595118,0.0,-0.0027016024715046313,-14.77830513614926,-0.0010158786786637064,-0.006981829725339894,-0.0074048998215136,2948.967456817627,0.46475054229934926,0.46475054229934926,9,23,-14,119,93,2.0415430267062313,2.5555555555555554,10,22,674,688,462,4.7191569953880315,3.4048183129595118,3246.78001282695,0.0,32162,2.3176479066080566,4.722634575196368,256x256,65536,sparse,Learned,1631,10,97,13166,47.87163259067839,0.990770412056305,0.9991007777861461,46.70872262210784,0.8531906818463634,0.4728677159755664,True,0.05812685641237734,29.94037988899354,0.8556762340524898,34.40556520618702,0.4852119415431638,0.9750279979577239,M1_007_y768x256,94,13239,45.90681934200583,0.9873596106179976,44.059868641209015,0.9985252760481126,0.47215544212086286,0.791887695468257,31,55,0.0,248,22.493921556464965,0.45813403925423746,0.9316501787742866,20.17157574373782,0.889933072530327,0.2547908044377978,-9.683441393315086,0.20492952373523332,-15.982424551094063,-0.1329593524518088,0.06085688384375862,43.46575300831507,0.9999131353226781
M1_007_y768x512.png,0.21996472202260403,0.23602949648577026,0.381915637380564,0.3660977571262622,0.3991621200311769,0.9797537602496823,24.572353202540565,0.996387270469232,31.485034729424683,0.2284611070365417,0.3553349440998995,0.9555656697485704,25.703289877417372,0.6470968542974083,8832,41,1,18,99,1.6747967479674797,0.024390243902439025,246,206,980.364573775318,4.7495971866962545,0.0,-0.03405107610070618,-13.574006885744954,-0.01850873986802004,-0.0024145349424387064,-0.04519753259167969,4524.724245071411,0.2284611070365417,0.2284611070365417,41,1,40,18,99,1.6747967479674797,0.024390243902439025,41,0,246,206,129,4.759051329006392,4.7495971866962545,980.364573775318,0.0,40482,4.583559782608695,7.420289855072464,256x256,65536,sparse,Meijering,866,41,85,8792,40.35722843381489,0.9740992600921452,0.9990756224811556,39.002339861540754,0.874944795103286,0.2668138412568025,True,0.22002003746134077,25.699290825977616,0.6471263359509474,31.494677490395468,0.8729375934523189,0.8341491961359704,M1_007_y768x512,75,8824,39.54988470700417,0.9731674114767019,36.59417348813805,0.9988018054116707,0.2736586396282214,0.8878713165777397,37,107,0.0,250,18.258951057694098,0.39055179932392353,0.9173902467114734,12.749418683732454,0.9997751326758212,0.2120050547598989,-5.109138758713364,-0.5325363724778401,-13.846594829586795,-0.3260705571792937,0.2540157981233102,38.14636008828552,0.9982625001177023
M1_008_y0x768.png,0.3584707120308664,0.19131048645873444,0.32117653396541507,0.19684363444268357,0.8718923661889442,0.9981182135516699,30.425420086137752,0.9909718581757611,35.6753496091565,0.38203777159434016,0.9844773424571464,0.5264104020929866,34.47022510644824,0.9197874654287884,10908,11,21,93,77,2.037174721189591,1.9090909090909092,538,548,2632.5129855222017,3.259827185395144,0.0,-0.064616682469542,-13.23752478687415,-0.0017145814727711484,-0.007549599312822064,0.0001686127158354589,2764.4784450531006,0.38203777159434016,0.38203777159434016,11,21,-10,93,77,2.037174721189591,1.9090909090909092,11,21,538,548,368,4.803855812996728,3.259827185395144,2632.5129855222017,0.0,25246,2.3144481114778146,6.008067473414008,256x256,65536,sparse,Learned,1358,11,98,10136,49.94559362382794,0.9932463756784141,0.9991774047871044,47.73082081889247,0.28711666679510817,0.3900445765230312,True,0.35846189808321643,34.475310634774885,0.9203448231960607,35.67013898682458,0.6684577412151202,0.3518831083352211,M1_008_y0x768,94,9549,47.62192991662726,0.9901748068905164,44.57419507596967,0.9985214574885831,0.3818691588785047,0.30644582630971584,54,7,0.0,249,22.311736062105666,0.5621202296889285,0.8775505812169644,17.83956341080572,0.8411825738930794,0.25588366890380315,-8.898845466813171,0.6780315161474305,-13.15170481017902,-0.07038734146172798,0.4230873945004084,43.6629448730119,0.999832795024441
M1_008_y256x256.png,0.10321903428971309,0.14429530201342283,0.25219941348973607,0.15401570464251274,0.6957062850031114,0.9981305722332277,25.841814371035653,0.9974216119180216,32.540416772511605,0.21080858085808582,0.2591817793182821,0.3920579623820071,28.655608364888657,0.7194908899178459,5447,34,0,5,73,1.5405405405405406,0.0,148,114,540.6173157302032,4.758059940128202,0.0,-0.010709413087848563,-11.597647524039537,-0.0016970730994149141,-0.001568053617388654,-0.0027530629775306126,2331.981658935547,0.21080858085808582,0.21080858085808582,34,0,34,5,73,1.5405405405405406,0.0,34,0,148,114,70,4.742257155528095,4.758059940128202,540.6173157302032,0.0,36272,6.659078391775289,12.031577014870571,256x256,65536,sparse,Meijering,450,34,84,5116,41.101339761985,0.9674505759313466,0.9991739414400997,38.13786910621365,0.07261326947798208,0.21298452266812765,True,0.10318293109478839,28.66266727138443,0.7198047503074285,32.553327113843174,0.19038787173769833,0.07464308105572892,M1_008_y256x256,60,5345,40.467086382227365,0.9655609753090333,36.25127070742858,0.9989896655354102,0.21356164383561643,0.07438537003092793,37,0,0.9558823529411765,403,23.899318494028414,0.6139616133696568,0.9587219721083043,17.156578490404122,0.1713852927673194,0.313928475396612,-3.710853934916976,0.1847964092873542,-11.811478017338708,-0.24607008539118735,0.11392844737756165,37.43946189507519,0.9998276453326426
M1_008_y512x0.png,0.025423539653132744,0.0008149959250203749,0.0016286644951140068,0.011235955056179775,0.000877963125548727,0.9889456912203609,15.774679471402195,0.9999792254078386,27.878070276761623,0.0019641980268738004,0.164729788588728,5.663005040052208,27.44589207782392,0.7351454887618758,664,1,0,0,2,1.3333333333333333,0.0,3,2,9.65685424949238,3.4952763451470275,0.0,,,,,,542.2852039337158,0.0019641980268738004,0.0019641980268738004,1,0,1,0,2,1.3333333333333333,0.0,1,0,3,2,1,4.82842712474619,3.4952763451470275,9.65685424949238,0.0,31672,47.69879518072289,98.6987951807229,256x256,65536,dense,Frangi,84,1,1,630,33.59934352012632,0.8687769856118344,0.9999516121111687,22.837740358357948,0.9999999994153455,0.0020022046748104654,True,0.025427512613296423,27.450819937243956,0.7366892344316334,27.869516933664578,0.17643899096150595,0.9991748950767341,M1_008_y512x0,,,,,,,,,,,,,,,,,,,,,,,,,
M1_008_y512x256.png,0.15212977584545026,0.0029036737785633126,0.005790533736153071,0.45098039215686275,0.002913974407703028,0.9623090496964273,18.297210925702302,0.9999955706460719,27.045152312890366,0.00105620676800729,0.13064176460119425,2.234293090597413,22.971616402787816,0.5466644354810924,560,1,0,1,3,1.5,0.0,4,3,6.82842712474619,3.252512733141581,0.0,,,,,,488.3532524108887,0.00105620676800729,0.00105620676800729,1,0,1,1,3,1.5,0.0,1,0,4,3,0,2.2761423749153966,3.252512733141581,6.82842712474619,0.0,38782,69.25357142857143,117.02857142857142,256x256,65536,sparse,Frangi,51,1,,,,,,,,,True,0.1521560743445616,22.97148884644542,0.5466850741808206,26.926554313215917,0.44730069437186615,0.9994008508544857,M1_008_y512x256,,,,,,,,,,,,,,,,,,,,,,,,,
M1_008_y512x512.png,0.19248888468451425,0.0,0.0,0.0,0.0,0.9512313612959413,17.518071025546668,0.999984059950334,26.0777055921854,0.0010879731251550839,0.11307956328284252,1.3394792171262182,21.17895287897399,0.5736262061436883,573,1,0,0,2,1.0,0.0,2,1,5.414213562373095,3.098712543646495,0.0,,,,,,486.6769313812256,0.0010879731251550839,0.0010879731251550839,1,0,1,0,2,1.0,0.0,1,0,2,1,0,5.414213562373095,3.098712543646495,5.414213562373095,0.0,38504,67.19720767888307,114.37347294938918,256x256,65536,dense,Frangi,55,1,,,,,,,,,True,0.192665240358218,21.179698195982457,0.5737491507313127,26.04832602470879,0.7465275144231567,0.9999580905827115,M1_008_y512x512,,,,,,,,,,,,,,,,,,,,,,,,,
M1_008_y512x768.png,0.3054402447017697,0.23927818139207874,0.3861573373676248,0.2667189132706374,0.6993150684931507,0.9988542070564708,32.00235845883076,0.9977333031626995,35.081118091132396,0.44192879363982024,0.9400952812598878,1.0727205309015237,39.8992723790927,0.9690794939555201,3528,4,5,31,29,2.013986013986014,1.25,143,144,664.2396820942896,3.093579748844198,0.0,-0.09515677022360342,-10.194977456815323,-0.0009660690523087823,-0.001879582645534894,-0.025541586738479505,1769.773244857788,0.44192879363982024,0.44192879363982024,4,5,-1,31,29,2.013986013986014,1.25,4,6,143,144,83,4.612775570099229,3.093579748844198,664.2396820942896,0.0,21477,6.087585034013605,18.575963718820862,256x256,65536,sparse,Learned,457,4,97,3100,50.3955487184028,0.9856690599257115,0.9997507542610515,46.376703481980414,0.35079062331485267,0.4696969696969697,True,0.29259645464025025,39.95654825459945,0.9758035172058057,35.09592137192175,0.36364583027491293,0.39009034811263,M1_008_y512x768,90,3339,49.38010261822237,0.986556634234113,42.81741613104292,0.9996128858082344,0.46747038037829974,0.432349859579497,16,6,0.0,597,41.39995525928269,0.8580331214537295,0.9970920242652709,33.80093487373494,0.31156428397872993,0.453068206115031,-7.736298039910523,0.5077454216803908,-9.480830239129666,-0.01747714027859293,0.40059701492537314,42.197335915646086,0.9998202761087795
M1_008_y768x0.png,0.09513788416852996,0.08574654864677814,0.15794947495554734,0.08755486126608644,0.8058883943854844,0.9970109363241779,30.355370373299486,0.9909123415294008,35.42662238165741,0.5582794740361043,0.9231357412130549,2.482041789344645,30.9526240953168,0.8350337080578825,22366,35,39,202,200,2.0071877807726866,1.1142857142857143,1113,1117,5116.776187682327,2.989793055194452,0.0,0.013041527627445315,-15.548330845338,-0.002880574429961258,-0.00820329294198796,0.010505832504346668,3123.3911514282227,0.5582794740361043,0.5582794740361043,35,39,-4,202,200,2.0071877807726866,1.1142857142857143,35,42,1113,1117,711,4.580820221738906,2.989793055194452,5116.776187682327,0.0,36840,1.647142984887776,2.9301618528123043,256x256,65536,dense,Learned,3026,35,100,20658,49.18039875824181,0.9941485178886316,0.9995390344135314,49.19973843472374,0.5242670210403593,0.5469393633875846,True,0.09544278257818326,30.957421419425057,0.8350936871064061,35.43606160079915,0.22197762844104274,0.5509577500902865,M1_008_y768x0,96,21106,46.698036185006146,0.9898366214184783,46.27224717724953,0.9991156344713887,0.5477736415317577,0.5250094793413221,139,194,0.0,245,23.297653815724225,0.5536949131926046,0.8995707062883143,20.803241432906127,0.9818303016817449,0.37512397955291066,-10.845624795592123,0.3981262618717327,-15.745412089689346,-0.15480291336059582,0.08209635654108464,45.90370121863749,0.9998915107541392
M1_008_y768x256.png,0.30576869742072665,0.27204148986327203,0.4277242401779095,0.30297802115370187,0.7270927092709271,0.9870622005762157,30.383263962139054,0.9902681979202101,35.306907091919854,0.4962423993987839,0.92591187381957,0.8467143651832089,30.591652158313124,0.8416576234131781,21088,31,35,181,177,2.007774538386783,1.1290322580645162,1029,1033,4768.751801064687,3.182144088112872,0.0,-0.001997018909942583,-14.670904287062278,-0.012073852680674735,-0.00849295867888522,-0.02242706794924254,3433.018445968628,0.4962423993987839,0.4962423993987839,31,35,-4,181,177,2.007774538386783,1.1290322580645162,32,35,1029,1033,671,4.616410262405343,3.182144088112872,4768.751801064687,0.0,37238,1.7658383915022762,3.1077389984825494,256x256,65536,dense,Learned,2784,32,100,21048,49.22782787104734,0.9942566555809679,0.9995045795827137,49.27092131917044,0.4194636241830553,0.5175328347891661,True,0.3056968463886063,30.592780042883746,0.8416179789724011,35.312938973403114,0.474309939370681,0.40160503921433244,M1_008_y768x256,95,18845,45.857109336292964,0.9882647741185863,45.19302120275172,0.9987611565990954,0.5186694673480264,0.4003495942765638,142,110,0.0,248,21.93775247052554,0.5361750152176845,0.8946385325870688,19.999585313710362,0.773011776762405,0.24107957136342908,-9.886114110831869,0.5255622795430062,-15.26545717797984,-0.1466071507054082,0.30776571633066924,45.05416824920133,0.9991360532568905
M1_008_y768x512.png,0.12914319162947246,0.0,0.0,0.0,0.0,0.9891146727563083,18.43338671696261,0.9999944959618752,25.583919812220056,0.0024145752542620914,0.14785621103378865,2.684267520123212,27.530860253454556,0.8801698157476112,395,1,0,0,2,1.3333333333333333,0.0,3,2,7.414213562373095,2.2090545813242595,0.0,,,,,,522.3915576934814,0.0024145752542620914,0.0024145752542620914,1,0,1,0,2,1.3333333333333333,0.0,1,0,3,2,1,3.7071067811865475,2.2090545813242595,7.414213562373095,0.0,25002,63.29620253164557,165.91392405063291,256x256,65536,sparse,Frangi,32,1,,,,,,,,,True,0.12960787193420473,27.534572713051023,0.8826530892251379,25.567233019574363,0.37215034588710405,0.9989510860673723,M1_008_y768x512,,,,,,,,,,,,,,,,,,,,,,,,,
M1_009_y256x0.png,0.024181988158304767,0.0,0.0,0.0,0.0,0.932460414991397,20.776085907154055,0.9996577753524092,25.510984846688324,0.14868479714667857,0.18399380597777903,0.5694255963515722,16.819608603653926,0.43247923312312947,1700,6,0,1,13,1.4,0.0,20,14,62.870057685088796,3.961371365388235,0.0,-0.004706021339123012,-3.0939973054687755,-0.009928353677260082,0.001464687301334977,0.05599570824726281,879.3299198150635,0.14868479714667857,0.14868479714667857,6,0,6,1,13,1.4,0.0,6,0,20,14,6,4.490718406077771,3.961371365388235,62.870057685088796,0.0,40058,23.563529411764705,38.550588235294114,256x256,65536,sparse,Frangi,154,6,,,,,,,,,True,0.02830999754360108,16.819832946899485,0.432551622969925,25.51364759429052,0.5363608153969496,0.30541757716702356,M1_009_y256x0,2,1645,22.874106505630568,0.6140169651868312,18.28734429270663,0.9981930880510742,0.09268908889941575,0.16405591189157276,124,3,0.0,5571,36.559074438207126,0.9551203103319746,0.9999454737984352,33.11359521010383,0.09146182057641694,0.09722222222222222,7.223640553981692,0.019937894086206276,-6.054497901976642,-0.18153773206370177,0.02888800949742778,23.87008321262283,0.9423887686686571
M1_009_y256x512.png,0.1822678146180619,0.1376966762871241,0.2420621931260229,0.14366197183098592,0.7683116883116883,0.998008259088158,30.455549946186284,0.9937447635812949,33.95015699398489,0.3975676440086735,0.5096479021818885,0.576171097932961,31.79061518764702,0.8531513613688927,6090,19,1,17,53,1.783132530120482,0.05263157894736842,166,148,757.168614282424,6.354033872413348,0.0,0.04543579928137367,-9.509999970343085,-0.0017424481512925416,-0.00448719460510838,0.13854306643570885,3674.626588821411,0.3975676440086735,0.3975676440086735,19,1,18,17,53,1.783132530120482,0.05263157894736842,19,2,166,148,96,5.116004150556916,6.354033872413348,757.168614282424,0.0,30443,4.998850574712644,10.761247947454844,256x256,65536,sparse,Otsu,556,19,91,5630,44.81837603766464,0.9823806726555229,0.9983656900415879,41.52317133633655,0.1098215523116105,0.2535751991553892,True,0.18163489736070382,31.80119479005431,0.8542340600797359,33.97074904182182,0.43305897896307466,0.24951606737888177,M1_009_y256x512,80,6089,44.12134257069362,0.9818927841990712,39.71911190056156,0.9982319581864033,0.25902457757296465,0.11100766599035528,60,1,0.0,342,23.86619560488857,0.5471549262973684,0.9207507655489964,17.873127359257612,0.7851138785438031,0.3512398507790213,-5.768954906576667,0.3986402361915332,-12.3307273830466,-0.12874142283017853,0.13683201533668823,39.96554991652937,0.9997507072394506
M1_009_y512x256.png,0.04844221105527638,0.11502347417840375,0.20631578947368423,0.18577163247100803,0.23196881091617932,0.9907023719416724,26.234830036889733,0.9984566277239344,31.55395450040568,0.3617922425323228,0.22461841262727167,0.1574011036164687,27.340567841764162,0.784009060396651,4113,25,0,4,54,1.4791666666666667,0.0,96,71,334.00714267493663,4.573009339473629,0.0,-0.013933128926591251,-10.646676911432607,-0.008081830264309975,-0.0008464478472967052,-0.0036273732411858384,2037.494421005249,0.3617922425323228,0.3617922425323228,25,0,25,4,54,1.4791666666666667,0.0,25,0,96,71,38,4.704325953168119,4.573009339473629,334.00714267493663,0.0,32450,7.889618283491369,15.933868222708485,256x256,65536,sparse,Meijering,336,25,81,4010,41.41174581834978,0.9711838860835676,0.999504318371708,36.06786606732424,0.07037404528792857,0.3629327902240326,True,0.04845195014073181,27.345492546608348,0.7843614656982227,31.57897469219661,0.5542513273350398,0.08723977060342791,M1_009_y512x256,43,4082,39.660374539274045,0.9598439832441428,33.60443262923657,0.9993030755712311,0.3654196157735086,0.08240576877984906,70,1,0.0,462,24.347067496522005,0.6819087375051233,0.9694194996229971,15.761900395032173,0.2050481118508869,0.4829486737857389,-2.050478128830889,0.1422126438474226,-12.319806697509883,-0.1758349228474918,0.06237533998186763,36.88150694832234,0.9987842022059824
M1_009_y512x768.png,0.018103770063456513,0.09677795937427038,0.17647684938797234,0.14848647680458535,0.21747114375655824,0.9816889911108749,21.949215421444134,0.997264888567982,31.780132127423798,0.2894361170592434,0.21834472732761634,0.16464934537861456,25.51733655975353,0.7143504633079524,5324,41,0,4,86,1.445945945945946,0.0,148,107,514.9482681718913,3.940424666401911,0.0,-0.01919335852580691,-16.587319941853313,-0.01700971875112789,-0.0016551304841486703,0.004441459755015031,2011.8577480316162,0.2894361170592434,0.2894361170592434,41,0,41,4,86,1.445945945945946,0.0,41,0,148,107,58,4.8126006371204735,3.940424666401911,514.9482681718913,0.0,35540,6.675432006010518,12.30954169797145,256x256,65536,sparse,Otsu,421,41,81,5254,40.70336152444853,0.9688464082131648,0.9991592012010034,36.84770928903636,0.06671389846052245,0.27829028290282903,True,0.018113912231559292,25.518341813114425,0.714313991065658,31.790061444177297,0.48589786823502623,0.08000276592576139,M1_009_y512x768,48,5246,39.37830936898836,0.9602206068130296,35.10784256251605,0.9989200190521307,0.28499465730422835,0.076393373189521,113,1,0.0,410,22.35897290649282,0.5739110732789431,0.9497781623225399,16.037123054554844,0.28997573988244707,0.2666953528399312,-3.32771043509225,0.14195135413809534,-13.86097280923483,-0.2458701435050772,0.03729712858926342,38.536535363297446,0.9986987098620028
M1_009_y768x512.png,0.02841858910063524,0.036739734485952455,0.07087552114353783,0.042515183994283674,0.21288014311270126,0.9965114619763049,26.426972185068042,0.997365593237547,30.8214293368751,0.3435277382645804,0.37638508357382683,0.2713284532304935,25.446356567387845,0.7327742547474003,4702,18,2,13,45,1.7241379310344827,0.1111111111111111,116,100,467.40411229460676,5.0966764210724875,0.0,0.002024903851498585,-10.982839170490916,-0.0031369117681177006,-0.0014871385172642304,0.006532534798697642,2385.0388526916504,0.3435277382645804,0.3435277382645804,18,2,16,13,45,1.7241379310344827,0.1111111111111111,18,2,116,100,58,4.674041122946064,5.0966764210724875,467.40411229460676,0.0,34210,7.275627392598894,13.937898766482348,256x256,65536,sparse,Otsu,369,18,79,4606,40.3776912769065,0.9684805788225326,0.9991055318808372,35.62391961395662,0.08419973486502752,0.3224445139105971,True,0.027861698556562606,25.44508587602815,0.7330877708530751,30.842904850075683,0.36024287488827555,0.097744142030742,M1_009_y768x512,43,4697,38.86169699721317,0.9561512691797035,33.63636963791719,0.9988527317548113,0.33699520346588274,0.08045615359261793,98,0,0.0,404,22.60863001636755,0.5632130269845761,0.9503942776283141,15.997918465147603,0.21845807715702004,0.38239978762941335,-2.8149403010420926,0.2959289299812089,-13.415340429825328,-0.22337701443230318,0.026393685249136656,37.40981135555896,0.9996483737444226
M1_010_y0x0.png,0.009238422361719768,0.11366267850250869,0.20412406861895688,0.24293668797690246,0.17600478111459733,0.9849954007153316,25.19027413408921,0.9978343372655276,30.653318974889068,0.37556654305727233,0.21224758178235192,0.09225602769083499,27.153150595503114,0.724698310461326,5124,28,0,6,62,1.490909090909091,0.0,110,82,347.83556979968284,4.561256827750764,0.0,-0.0030130801810449095,-13.02577985572481,-0.013748169824847722,-0.0012205836636388634,-0.001724293596114146,2667.7024364471436,0.37556654305727233,0.37556654305727233,28,0,28,6,62,1.490909090909091,0.0,28,0,110,82,42,4.241897192679056,4.561256827750764,347.83556979968284,0.0,32537,6.34992193598751,12.790007806401249,256x256,65536,dense,Meijering,547,28,85,5116,42.20952349684598,0.9780210680823574,0.9996539173514974,38.30178907450434,0.06449301496838222,0.36875749101078703,True,0.009354647720544701,27.15897996909572,0.7252315139058084,30.662463075846098,0.9395364325179594,0.08667789913492518,M1_010_y0x0,55,5059,39.77985740113094,0.9621633237913794,33.326104246212154,0.9990549209291665,0.3772908366533865,0.0721655539689533,51,0,0.5892857142857143,403,23.374411774370962,0.5835387035296116,0.9690767904159372,15.199359588534014,0.8808381620781527,0.2220982708787587,-2.672785271323086,0.14008202781339862,-12.626706805627826,-0.23746501333005332,0.012251502542764678,38.21605398981402,0.9987435705401794
M1_010_y256x0.png,0.18984319032078326,0.2116475752060807,0.34935500971903166,0.22156225484702455,0.8254697286012526,0.998171035833429,31.180782512910827,0.9952891749650308,34.383884260089445,0.5787693891053444,0.9988637251016802,1.2047328739680743,36.02321270776544,0.9531439971458162,8789,4,18,68,41,2.084084084084084,4.5,333,347,1588.947401620118,3.174462287119093,0.0,-0.0009788368140930537,-13.74036689970973,-0.001699731453527198,-0.004197433934853834,-0.019993282331745688,2839.385747909546,0.5787693891053444,0.5787693891053444,4,18,-14,68,41,2.084084084084084,4.5,4,22,333,347,224,4.579099140115601,3.174462287119093,1588.947401620118,0.0,21709,2.470019342359768,7.456593469109114,256x256,65536,dense,Learned,1296,4,100,7156,51.88069392954327,0.993797856048486,0.9997332211563476,49.08435676676913,0.9116692216716148,0.600317748524739,True,0.1897635914988458,36.02790364213377,0.9555623134659986,34.3927224786152,0.783464332683993,0.9438652371658662,M1_010_y256x0,95,8089,50.23619894577436,0.9937407430478248,45.60204762193429,0.9994866088998846,0.59876267143709,0.9795838407465924,7,34,0.3522727272727273,244,23.743335827432013,0.30192780060582197,0.9569512334733996,20.218829170154763,0.9433010734201531,0.40004096681687834,-11.218163361844844,0.019279884355087762,-14.212986238008924,-0.04059674590200857,0.1908220271348763,44.92114941262056,0.9998707672869562
M1_010_y256x512.png,0.094873859366613,0.15873731679819617,0.2739832652266978,0.1588447653429603,0.9957567185289957,0.9992915141391865,36.01405928886513,0.9916586784983786,35.293166823111434,0.5603308678716793,0.955130634502442,1.5538796954548535,33.938678724250266,0.8933206516149742,6267,5,0,15,26,1.941860465116279,0.0,172,167,893.0214280248102,8.107231199542792,0.0,0.0009370153965523181,-5.287217122104202,-0.0004767034929835656,-0.005936269167348129,0.0007516825480258227,4472.98789024353,0.5603308678716793,0.5603308678716793,5,0,5,15,26,1.941860465116279,0.0,5,0,172,167,131,5.347433700747361,8.107231199542792,893.0214280248102,0.0,28227,4.50406893250359,10.457316100207436,256x256,65536,sparse,Otsu,631,5,94,6216,46.59032109591499,0.9870609850011901,0.9982269272122443,43.27804924615691,0.757559752250667,0.5589180270927405,True,0.09486961578029253,33.958139563852384,0.8950256508499783,35.3144755756327,0.6394050598269216,0.9935585396361494,M1_010_y256x512,87,6164,45.53849132137194,0.9841885888133142,41.67069659749963,0.9975949476657268,0.5595791853236535,0.754180535036859,19,24,0.0,344,27.981991121365954,0.6729593320289923,0.9310166578771628,22.929738788027297,0.9999999909454641,0.5383261046936059,-6.377529774388194,0.20095009946558295,-11.599812597121677,-0.09086793719833997,0.09393684397006068,41.30127641096933,0.99976821763217
M1_010_y512x256.png,0.10244283420835684,0.10701705339670115,0.19334309813626951,0.11071263304025913,0.7622461170848268,0.9978268731703008,28.457921238602918,0.9938712686169267,34.44411222716342,0.5207765667574932,0.9626803504747532,1.259277382472402,30.631529486737033,0.8831348894874482,13798,17,31,133,107,2.040462427745665,1.8235294117647058,692,706,3215.000358937488,3.13963706407777,0.0,-0.019775390595055814,-15.409953317846263,-0.0020673613842054905,-0.005365202612529263,-0.029659615168482922,3041.0940647125244,0.5207765667574932,0.5207765667574932,17,31,-14,133,107,2.040462427745665,1.8235294117647058,17,30,692,706,452,4.553824871016287,3.13963706407777,3215.000358937488,0.0,31218,2.262501811856791,4.749673865777649,256x256,65536,sparse,Learned,1619,17,99,13788,49.68296734669796,0.9934912560098229,0.999648915576197,48.45539531242571,0.5825751678480937,0.5496764370003807,True,0.10032362459546926,30.630761699330797,0.884424194660206,34.45873431863103,0.6014809589154859,0.7574313675500834,M1_010_y512x256,94,12600,46.94214278609213,0.9923257985784102,44.354853968342674,0.9992364712294559,0.5504361819259761,0.6452956268883525,51,55,0.0,250,21.47488048604343,0.3644710237874146,0.9161625785941072,18.653411813488766,0.9999900704956941,0.4272050003156765,-9.910741741179251,0.3173847235864007,-16.310613299355094,-0.10919090909096196,0.12221822480341266,43.86787455644918,0.9998942345545063
M1_010_y512x768.png,0.10909361512129781,0.16654753395282346,0.2855392156862745,0.17063914780292944,0.8741473396998636,0.9964637837803636,30.223720242144974,0.9926018029123794,35.145405043455206,0.4449387825487153,0.9595625927343625,1.2792706910829141,33.5050274104666,0.9113612022037832,11501,15,28,124,101,2.042207792207792,1.8666666666666667,616,629,2758.1404025201687,3.1574193398106303,0.0,-0.005232205669468776,-13.508911493936484,-0.003302209410023016,-0.006351590001566265,-0.015607853948788608,2740.8158779144287,0.4449387825487153,0.4449387825487153,15,28,-13,124,101,2.042207792207792,1.8666666666666667,15,29,616,629,391,4.384960894308707,3.1574193398106303,2758.1404025201687,0.0,28007,2.435179549604382,5.69828710546909,256x256,65536,sparse,Learned,1390,15,99,11306,50.46395536699883,0.9930192631198753,0.9994963756575731,48.627103200809785,0.9871361385032127,0.4603926635799146,True,0.10901249256395003,33.50468381971381,0.9137182995351739,35.152257622154636,0.7741761481035242,0.9903808560043039,M1_010_y512x768,94,10023,47.60586877713309,0.9905383158669013,44.60114647516988,0.9989533929139457,0.4605466364975039,0.961354824354599,15,80,0.12068965517241381,246,23.246560454534904,0.36855902653551614,0.9423231053398323,20.7813337492898,0.995913228561536,0.37635416666666666,-9.45574143171467,-0.0017922316202364508,-14.100841366666486,-0.07917711366311808,0.11432582079076659,43.73263173608146,0.9997659931903866
M1_010_y768x512.png,0.30743089228728915,0.29340592861464004,0.4536950420954163,0.31019384040145626,0.8442688805570434,0.9929699383686141,27.315769414435557,0.988269761021923,33.90947526668674,0.6506207716898372,0.9010090921265583,0.7983894363179341,28.95638586579489,0.8226209427441104,9837,11,3,35,51,1.9442508710801394,0.2727272727272727,287,279,1469.0357133746854,8.19152272290627,0.0,0.018694405015407256,-13.8602502583676,-0.006282977574555759,-0.008663670031493154,0.014150684400077829,5293.572902679443,0.6506207716898372,0.6506207716898372,11,3,8,35,51,1.9442508710801394,0.2727272727272727,11,3,287,279,201,5.26536097983757,8.19152272290627,1469.0357133746854,0.0,32943,3.3488868557487037,6.662193758259632,256x256,65536,sparse,Otsu,909,11,92,9062,44.438935037904486,0.987068269725357,0.9975281465971805,42.32256677346023,0.6587344410817286,0.6344941723300116,True,0.3070269822877007,28.957375753329483,0.8231591991278054,33.95000583341258,0.9324093564330628,0.7444257805001607,M1_010_y768x512,87,9644,43.66253322676294,0.9859121121541992,40.97595874381036,0.9969334310534161,0.6364700872897594,0.6707639776163261,51,72,0.0,250,20.56624827151186,0.3974714495825581,0.8314195963724738,17.803837918796678,0.999858044935837,0.5210067887793006,-7.066483477123619,0.23024511451023222,-14.70614736096805,-0.1632911694100888,0.2887364872718819,41.17601967280316,0.9992529159431699
M1_010_y768x768.png,0.43422740199631965,0.3228938069555514,0.4881628521621773,0.38259144997796385,0.6742000621310966,0.9834185229583039,29.254424160774548,0.9905494513753671,35.008000332101346,0.42113261878099506,0.9047669821756108,0.33792191280964134,29.822374233634275,0.8311189380636553,18826,28,22,142,157,1.985663082437276,0.7857142857142857,837,831,3748.9902576697054,3.362860114887122,0.0,-0.08767259800368038,-14.989980760067532,-0.015460590806264385,-0.008116646544020334,-0.04278940624082628,4862.85924911499,0.42113261878099506,0.42113261878099506,28,22,6,142,157,1.985663082437276,0.7857142857142857,28,23,837,831,538,4.5114202860044905,3.362860114887122,3748.9902576697054,0.0,36394,1.933177520450441,3.481143099968129,256x256,65536,dense,Learned,2561,28,98,17800,47.99401639619287,0.9930346281019976,0.9992526454679561,47.52773825584518,0.3652449668155534,0.4640069699059789,True,0.43382557815547507,29.829367861983236,0.8312502179038049,35.03086282132935,0.9677423482397739,0.32702134542407846,M1_010_y768x768,94,16920,45.55105913795211,0.9881383366852112,44.61958235475919,0.9986660979193874,0.46392202502182134,0.37596681075713667,116,59,0.0,245,20.597014603121,0.4928576900073951,0.8897148321020358,18.106160026099882,0.7341970409110734,0.24140319939538984,-9.611582022657842,0.5288001714184741,-15.728684904317834,-0.1570193986215559,0.5219,44.24440492084208,0.9988791137645683
M1_011_y0x768.png,0.4933860003674444,0.19993803573272745,0.33324726740683364,0.37665369649805447,0.298811544991511,0.9871528228810121,27.87913630308449,0.9980205992816753,32.53267950344499,0.4333205226748655,0.3417004697541097,0.6182540767650558,26.860050574915846,0.7585056347704585,4991,21,0,7,49,1.631578947368421,0.0,114,93,464.391918985787,4.642142621111783,0.0,0.08120061910989818,-10.611152304743658,-0.010814432497479598,-0.0011082306607631542,-0.004912025815954957,2410.611867904663,0.4333205226748655,0.4333205226748655,21,0,21,7,49,1.631578947368421,0.0,21,0,114,93,58,4.993461494470824,4.642142621111783,464.391918985787,0.0,32419,6.495491885393709,13.130835503907033,256x256,65536,dense,Otsu,553,21,85,4932,42.48681834804255,0.9774017166818151,0.9993586263079607,38.12177224515472,0.29090666357273587,0.43677685950413225,True,0.49356735894137105,26.85985014327479,0.7584710390615964,32.54608770663691,0.9999999913004975,0.618254071386553,M1_011_y0x768,57,4911,40.9930935212489,0.9711486007570593,35.80464883187962,0.9991288299424385,0.43823254849082044,0.2984369077638259,72,35,0.0,395,23.633162201731697,0.6326204166856854,0.9624873463660287,16.868931550975915,0.41248403087968866,0.3675391721764333,-3.271969328434629,0.043263561990283805,-14.133042946333056,-0.21264296598660082,0.4121853812575462,38.49028860782815,0.9979672553784917
M1_011_y256x512.png,0.13138605064415815,0.2416580667354661,0.3892505887242,0.3521744579521243,0.4350518656138721,0.9884441776285817,25.684139997155153,0.9964408843868219,32.22864325668032,0.44086153846153847,0.395991293651336,0.26470633064089216,25.461037345912246,0.7513096446068838,6108,24,0,16,64,1.709090909090909,0.0,165,141,656.8010819142771,5.468853772089079,0.0,-0.0010968742252673302,-12.303868819920421,-0.010252613972174252,-0.0019298316819261752,0.015869891284792714,3528.0330181121826,0.44086153846153847,0.44086153846153847,24,0,24,16,64,1.709090909090909,0.0,24,0,165,141,85,4.658163701519691,5.468853772089079,656.8010819142771,0.0,37369,6.118041912246235,10.729535036018337,256x256,65536,sparse,Otsu,536,24,84,6064,40.816920936730796,0.9649496522989656,0.9986301884877834,38.00030225599897,0.11341737338605828,0.3884511481314723,True,0.13090343371485721,25.461296826225585,0.7513359528241301,32.256207411028754,0.6887188710549865,0.18230824520010325,M1_011_y256x512,62,6061,39.81074402152467,0.9615584403429159,36.11026811049101,0.998370716068748,0.42499164717674576,0.12865238735526785,105,1,0.0,341,21.540769071379493,0.6109326016152934,0.9420448046784425,16.00528897867893,0.6740825371493913,0.4262551279546786,-3.881624853810692,0.26733890629606816,-14.349706675612424,-0.21024879573603217,0.13248292486942548,37.988008817075574,0.998696791600756
M1_011_y256x768.png,0.03122458936412425,0.10497353023126219,0.190001891193343,0.3214590443686007,0.13485458612975393,0.9618698848778094,23.65673646924708,0.9978951455103146,30.81474649637674,0.3214590443686007,0.18702817329114163,0.08514818703609478,26.112453283691384,0.737641966754293,4426,34,0,1,69,1.3928571428571428,0.0,112,78,357.76450198781737,4.289540858688404,0.0,-0.027379193031392912,-12.735415253248192,-0.033255482215528875,-0.001008841676157668,-0.012186691338990696,1890.0675773620605,0.3214590443686007,0.3214590443686007,34,0,34,1,69,1.3928571428571428,0.0,34,0,112,78,42,4.5867243844591945,4.289540858688404,357.76450198781737,0.0,35801,8.088793492995933,14.807049254405785,256x256,65536,sparse,Meijering,330,34,78,4368,40.00571937981151,0.9639245420288923,0.9993328797497457,35.37306300590308,0.07175338383671048,0.3226111636707663,True,0.03139232270657124,26.11396250309052,0.7376445740488593,30.820165206523814,0.9632803940480857,0.08202157916060948,M1_011_y256x768,38,4422,38.21559424722929,0.9513143685553156,32.46149908633303,0.9989039871864722,0.3336457357075914,0.07092259084381869,87,0,0.22058823529411764,472,23.73507337054068,0.6507385220961297,0.9710603355883322,16.42675265534329,0.26685858301570875,0.38907442748091603,-1.6467525899562894,0.11610558244732294,-12.103140963537907,-0.21367240180102254,0.05860378239551716,36.39215172249527,0.9951253670933383
M1_011_y512x512.png,0.06918949449308105,0.1771787046456426,0.3010226127034423,0.22732216663041113,0.4454390451832907,0.9954790263968515,25.61744399028809,0.9983660438839989,30.674762266722745,0.3072758770030316,0.3010540176347035,0.1736591351007378,23.98911226055057,0.7171123002150359,4545,22,1,9,52,1.6470588235294117,0.045454545454545456,119,98,422.1198410471448,4.588078299822673,0.0,0.0058752087787953405,-9.428452391597215,-0.00381058040239457,-0.0006007245290182706,0.019883113108962236,2473.810911178589,0.3072758770030316,0.3072758770030316,22,1,21,9,52,1.6470588235294117,0.045454545454545456,22,0,119,98,58,4.307345316807597,4.588078299822673,422.1198410471448,0.0,36589,8.050385038503851,14.419361936193619,256x256,65536,sparse,Otsu,374,22,76,4416,39.4624212910522,0.9574630968638467,0.9993333498198793,35.35985695962319,0.0673893191065641,0.2844053851907255,True,0.0688293370944993,23.986050458645757,0.717044803025056,30.683465898555884,0.4943952290603085,0.08585624787654433,M1_011_y512x512,35,4482,37.44813059324376,0.9431472700618824,32.18476558651651,0.9989667684130171,0.28739276389406937,0.06255547961945473,87,0,0.0,463,22.475147053543726,0.6311142118538854,0.971452252695074,15.336192331367158,0.24205378865419724,0.4292230933713471,-1.5100033197937677,0.23849853801524878,-13.45901833269319,-0.22603496984684646,0.06331428571428571,35.045896381885306,0.999289606799246
M1_011_y512x768.png,0.05089494163424124,0.17119306773750395,0.29233961923666874,0.26964047936085217,0.3192118226600985,0.9844123598552302,25.94628562193175,0.997517336760978,31.530429009451957,0.27721455875020773,0.24695957219272724,0.13105813271643785,28.816358804373984,0.7955320693004682,5131,33,2,10,74,1.5441176470588236,0.06060606060606061,136,105,490.09040379562214,4.391191084217889,0.0,-0.02887798934872858,-12.394015530712515,-0.014132680615099646,-0.0016886577080725829,-0.014491677400472858,2733.7498664855957,0.27721455875020773,0.27721455875020773,33,2,31,10,74,1.5441176470588236,0.06060606060606061,33,2,136,105,52,4.667527655196396,4.391191084217889,490.09040379562214,0.0,32636,6.3605534983434024,12.772558955369323,256x256,65536,sparse,Meijering,478,33,87,4992,43.03492874723392,0.9776251787049552,0.9994456032634684,38.83848568724914,0.08148771559854262,0.2917918709473351,True,0.05311383755241497,28.814414670327643,0.79663766725406,31.532799040975192,0.6298497052691016,0.08254692626456717,M1_011_y512x768,64,5118,41.55828141999056,0.9726425627149858,35.75688249064042,0.9992059944690506,0.2917062361506806,0.07745155045572882,65,0,0.015151515151515138,402,23.514055381623123,0.6024248259996774,0.9512699117403519,15.460027317210251,0.5869417548998705,0.3460449978774586,-4.226453481188464,0.16950802173699842,-12.741922615616573,-0.17711049341451768,0.07977293098296982,38.340301152644265,0.9985450404703299
M1_011_y768x768.png,0.04885386819484241,0.106028115320467,0.19172770357604482,0.2661483253588517,0.14983164983164984,0.9800184339188733,25.30738674215946,0.9988355366755561,30.631544574707355,0.402493321460374,0.18941575402981292,0.11039845337028933,30.879564489649447,0.8581123536921261,3254,24,0,2,50,1.3766233766233766,0.0,77,53,264.45079348883246,4.2224304769278005,0.0,-0.02924270283384898,-10.96404812214432,-0.01742045219061139,-0.0005869445566690779,-0.012972310468672588,1725.5196571350098,0.402493321460374,0.402493321460374,24,0,24,2,50,1.3766233766233766,0.0,24,0,77,53,25,4.989637612996837,4.2224304769278005,264.45079348883246,0.0,28073,8.627228027043639,20.14013521819299,256x256,65536,sparse,Meijering,267,24,83,3134,43.04878715716511,0.9731771880469267,0.9997323418403705,36.48419833461774,0.09227896868195917,0.40878754171301446,True,0.048881880733944956,30.885107326499536,0.8602356981574172,30.634119779765363,0.9513935966217144,0.1050323816134342,M1_011_y768x768,42,3241,40.58849270146514,0.961622703949139,32.22892446675382,0.9994224812322252,0.41546563192904656,0.08991950034305596,45,0,0.5625,667,30.277555231508607,0.7975431918942536,0.9921880609117566,20.720407357186804,0.1768316926988167,0.5416874687968047,-1.5973798920464617,0.09949625368675696,-9.708928211815696,-0.10351035025701283,0.07809657102869139,36.27143486430378,0.9974388861094847
M1_012_y0x512.png,0.42998227399341604,0.19035664474995018,0.31983128012854845,0.19576264240636013,0.873308957952468,0.9941215694358672,29.659715381262313,0.9876770538006975,35.59200242465359,0.36181762964087766,0.9409652856700614,0.5009207322212527,31.628867829476143,0.8654458179179545,19429,27,55,183,134,2.0616061606160616,2.037037037037037,909,937,4342.198410471416,3.38307073198418,0.0,-0.006069665241074329,-15.563216225750214,-0.005646989147233938,-0.010974870795140812,-0.0332407361178772,3565.8936500549316,0.36181762964087766,0.36181762964087766,27,55,-28,183,134,2.0616061606160616,2.037037037037037,27,55,909,937,592,4.634149851090123,3.38307073198418,4342.198410471416,0.0,34569,1.7792475165988986,3.3731020639250606,256x256,65536,dense,Learned,2681,27,100,18270,49.311639345623405,0.9933324397509152,0.9992761143095965,49.24526797188993,0.2981114038721454,0.39649204682456346,True,0.4302119395423457,31.634480191442314,0.8657322716106137,35.603726777604585,0.6856168635599647,0.3434397013176962,M1_012_y0x512,96,19058,47.34812364908092,0.9907893310011439,46.207907652664765,0.9986519245958383,0.39505836575875486,0.28979515385510113,109,37,0.0,249,22.40807621738756,0.5662751206283377,0.8543845814204393,20.178318589219625,0.9944834355792392,0.3377150702538486,-10.615905228011172,0.6511701318149603,-15.719255819604776,-0.12534351308318936,0.43605193923449037,45.22293160701253,0.9997685585831011
M1_012_y0x768.png,0.06328545780969479,0.09250317662007623,0.16934170737380785,0.09408115792194366,0.8465116279069768,0.9993162584442622,30.317513124310224,0.9965929784404599,32.61006971622193,0.18993694505211683,0.3249315436725867,0.4598202679209539,29.145401479462507,0.7481391732326339,6259,34,0,11,80,1.6263736263736264,0.0,182,148,732.4112549695438,4.4944143215888,0.0,0.009107312722458794,-8.715367564261129,-0.0006178236606704246,-0.0023304427301640285,0.009241964357136145,2626.1520385742188,0.18993694505211683,0.18993694505211683,34,0,34,11,80,1.6263736263736264,0.0,34,0,182,148,91,4.948724695740154,4.4944143215888,732.4112549695438,0.0,35841,5.726314107684933,10.470682217606646,256x256,65536,sparse,Meijering,568,34,86,5786,41.885111877660286,0.9709460530639916,0.9990994044108182,38.96085908848215,0.07649894165961191,0.17855303810504636,True,0.059144676979071886,29.155153512992584,0.7483652042696735,32.65664894422496,0.20068486563063492,0.09227896868195917,M1_012_y0x768,68,6222,41.218150306117785,0.9702873942145417,36.790704239319815,0.9989234211706239,0.1806949806949807,0.07136782326233615,47,0,0.8088235294117647,337,22.939406587634743,0.6003521074611794,0.9443452633827586,16.790407851931487,0.2934825708184875,0.353440150801131,-4.180634523097886,0.25356372041025055,-12.072748826655278,-0.22214822098190778,0.05417814508723599,39.03288068857135,0.9999340821049326
M1_012_y256x768.png,0.0727324182821565,0.056437273625288116,0.10684453310061089,0.05708005861196217,0.8336575875486382,0.9989227449825273,27.8928817857244,0.9925981965279624,35.66164006904099,0.47502656748140276,0.9973281923148005,1.2444369102650752,33.53897294154824,0.9165019089670133,13197,7,33,118,72,2.0887372013651877,4.714285714285714,586,612,2718.885568524231,3.301725863372106,0.0,-0.008289019296658123,-15.237683274586004,-0.001027532697117861,-0.006334794702523183,0.0004178162837023547,3276.364803314209,0.47502656748140276,0.47502656748140276,7,33,-26,118,72,2.0887372013651877,4.714285714285714,8,32,586,612,396,4.4426234779807805,3.301725863372106,2718.885568524231,0.0,29004,2.197772220959309,4.9659771160112145,256x256,65536,dense,Learned,1905,8,100,12048,50.590407014030944,0.9931083586584847,0.9995251548015142,49.178788271766635,0.4764051271135591,0.4735104627016666,True,0.07266044670624823,33.54305114750089,0.9184755208914578,35.67470242177255,0.4700645116824316,0.5849656285433464,M1_012_y256x768,95,11725,47.909504433099805,0.991408213692684,44.85432263089911,0.9989329912304856,0.4746087511977004,0.5300416057699061,45,38,0.0,246,23.891165596338947,0.41656708839602047,0.9363631038254638,21.98978423951614,0.7594915367916579,0.3232141248536168,-9.19268256185812,0.4672865865448944,-14.370531491551567,-0.07490630472567061,0.08102143757881462,43.1305650603104,0.9999502776796452
M1_012_y512x256.png,0.1503433321286592,0.13210182187519837,0.23337445329146572,0.13210182187519837,1.0,0.9994557847503778,34.67300529023946,0.9894488722863791,35.082110236717114,0.7352061462670811,0.8509742789795721,1.448920606223827,32.86340307939058,0.889843403681674,7706,11,6,26,40,1.9583333333333333,0.5454545454545454,240,235,1192.915872327539,8.131916869360383,0.0,0.003461049803964611,-6.455594586541189,-0.00041016693904116774,-0.007993941334090371,-0.018296403706539843,5985.843181610107,0.7352061462670811,0.7352061462670811,11,6,5,26,40,1.9583333333333333,0.5454545454545454,11,6,240,235,174,5.076237754585266,8.131916869360383,1192.915872327539,0.0,29571,3.837399429016351,8.504541915390604,256x256,65536,sparse,Otsu,817,11,95,7364,46.928807043178146,0.9879852819836207,0.9981673449518736,44.098409714521544,0.613353292122023,0.7545843341730623,True,0.14734829710401473,32.86042040255091,0.8911821353910904,35.091537458264426,0.5034146962085904,0.7294079268125344,M1_012_y512x256,89,7230,45.99993904990743,0.9857734571257782,42.442390600764895,0.9974428136204695,0.753502549973621,0.5988821481634654,40,35,0.0,278,24.544945402711285,0.5363273956133865,0.8841491135430106,20.20001013753772,0.9385787860849999,0.6301392391185177,-7.360280364047782,0.2520921308161067,-13.136535970516853,-0.09593005344410421,0.14688228232469458,41.12859987678065,0.9998659516894189
M1_012_y512x512.png,0.17194847679411163,0.0,0.0,0.0,0.0,0.9814207057731187,19.584740828362268,0.999983136071277,28.69072787009849,0.006968249508288845,0.1974812020375215,1.491766571774896,22.613312035726892,0.5941387260781937,970,2,0,0,4,1.3333333333333333,0.0,6,4,22.071067811865476,2.696315099133385,0.0,,,,,,677.9122352600098,0.006968249508288845,0.006968249508288845,2,0,2,0,4,1.3333333333333333,0.0,2,0,6,4,2,5.517766952966369,2.696315099133385,22.071067811865476,0.0,39382,40.6,67.56288659793815,256x256,65536,sparse,Frangi,123,2,,,,,,,,,True,0.1712272820093935,22.610996104682215,0.5940722196394395,28.709932060589377,0.5313479749835617,0.792647147060761,M1_012_y512x512,,,,,,,,,,,,,,,,,,,,,,,,,
M1_012_y768x256.png,0.3610322580645161,0.06474782968168664,0.12162096578500363,0.06602729620066396,0.7696560196560197,0.9971125920096566,26.485878727834788,0.9923086891837618,35.37339944699225,0.15223591728634003,0.8388297658519811,0.4491467851692938,31.83563713762912,0.874133787132489,16407,32,29,135,142,1.9919137466307277,0.90625,742,739,3507.4856403117165,2.9941563211105704,0.0,-0.005962815827109502,-17.565318828948072,-0.002800673236153073,-0.006848392060296193,0.004506309725214069,2860.4140281677246,0.15223591728634003,0.15223591728634003,32,29,3,135,142,1.9919137466307277,0.90625,34,29,742,739,465,4.7462593238318505,2.9941563211105704,3507.4856403117165,0.0,33333,2.0316328396416163,3.994392637288962,256x256,65536,dense,Learned,2251,34,99,16292,49.2638932853516,0.9931072960718987,0.99952434832809,48.79920365525794,0.18552976158297818,0.14849044978434997,True,0.3619219839834668,31.849169106677394,0.8747534282536457,35.39515504991079,0.39749942946195704,0.17853559084946646,M1_012_y768x256,95,15500,47.38195694004535,0.9907467355417784,45.995961282918856,0.999157081244058,0.14772960756112596,0.19373986242059205,43,6,0.4710953346855984,243,20.957573710877263,0.51880808966511,0.8907517986542975,18.527160519157103,0.29531191028128656,0.09696334080183058,-10.622561835926604,0.6450899034313891,-15.546319802416228,-0.11661294840928937,0.3669950738916256,44.05119755678286,0.9999132652458097
M1_012_y768x512.png,0.43562426919579056,0.2105575091864554,0.34786865983419285,0.2333596076370643,0.6830299923096642,0.9882728361878391,26.633497067511275,0.9916693034890681,33.765424311203304,0.3719796054090002,0.9561229395450954,0.4847608347694169,28.505222425570174,0.8001292506470813,18839,22,36,154,132,2.0332936979785967,1.6363636363636365,841,855,3912.5760441073303,3.334010205145978,0.0,-0.013666053384854604,-16.526818932439074,-0.011303197737061677,-0.007197732764129494,-0.006319299244385068,3009.9337100982666,0.3719796054090002,0.3719796054090002,22,36,-14,154,132,2.0332936979785967,1.6363636363636365,22,35,841,855,555,4.576112332289308,3.334010205145978,3912.5760441073303,0.0,37967,2.0153405170125804,3.478740909814746,256x256,65536,dense,Learned,2337,22,97,17828,47.0301206685599,0.9920976341071454,0.9993639488992447,46.68182082478481,0.5180910099097975,0.37488447746848547,True,0.4336441435687827,28.495409355825792,0.8001377446978927,33.76995270402234,0.8736739339495296,0.42352290553765437,M1_012_y768x512,94,17740,44.92991912567774,0.98820092073789,43.92118332572514,0.9988670362531976,0.3782989046533853,0.47869947047387484,56,47,0.05584415584415581,247,19.65502891668867,0.4821472833807394,0.8915265238525346,17.38965622554182,0.8519196134045375,0.2801776721198661,-10.155759014521834,0.4774234690712206,-16.424696700107567,-0.18807167009080872,0.44929032258064516,43.16031599995035,0.9995760339249008
M1_013_y0x512.png,0.049490538573508006,0.06338426711941143,0.11921234699308143,0.06370473361562283,0.9264705882352942,0.9994564681744041,32.52234830619178,0.9935061125192928,36.33980963921273,0.4170008620366553,0.9121390651264508,1.0058518751424224,33.15103839405935,0.9051401231089106,11311,20,17,95,102,1.99,0.85,600,597,2766.8266940211824,3.195502890990604,0.0,0.003228101291426193,-10.379268700304593,-0.00047783861287575835,-0.005330078765387047,-0.008655959851367856,2426.7470836639404,0.4170008620366553,0.4170008620366553,20,17,3,95,102,1.99,0.85,20,16,600,597,403,4.634550576249902,3.195502890990604,2766.8266940211824,0.0,29435,2.6023340111395985,5.794005835027849,256x256,65536,sparse,Learned,1430,20,98,11282,49.15490515512582,0.9913220305265231,0.9993037197626793,47.61096075275943,0.4848909346578295,0.41462518823226946,True,0.04766912022432527,33.16039649562799,0.9063810823955011,36.36212051410843,0.5654017914929217,0.5687104521820402,M1_013_y0x512,94,10644,47.174126614432446,0.9879496400373421,44.95054503285546,0.9988361912846798,0.4256568218880232,0.5116225293338128,60,45,0.0,248,24.23315787928592,0.5457650379639869,0.9328181173506381,21.380019032544656,0.9391899373747821,0.3117148504237714,-8.610735393642727,0.400516535792638,-14.023088220373097,-0.08280951692843153,0.04626243728208181,42.90161700649637,0.9999343067872799
M1_013_y0x768.png,0.11403401443778294,0.27294117647058824,0.4288354898336414,0.27326266195524146,0.9957081545064378,0.9997095417593959,35.80586907079569,0.9981599917069003,35.99482686976807,0.4006053268765133,0.43384585048280244,1.513120335384168,37.50135756793967,0.9476249890269072,2517,9,0,8,26,1.75,0.0,72,63,281.3797256769669,6.632990422315331,0.0,0.002229791789030544,-3.4857626113998776,-0.0001596280106328507,-0.0011087772274329666,0.00327326398942418,2535.5536937713623,0.4006053268765133,0.4006053268765133,9,0,9,8,26,1.75,0.0,9,0,72,63,38,4.4663448520153475,6.632990422315331,281.3797256769669,0.0,21205,8.42471195868097,26.037346046881208,256x256,65536,sparse,Otsu,294,9,93,2466,48.60596776291851,0.9867133185199308,0.9995284641523524,42.89128715316011,0.5869598710922801,0.40729408885081386,True,0.10971159505591524,37.53539950109949,0.9501340482428677,36.02494365816591,0.6535441896699425,0.9888910034617577,M1_013_y0x768,75,2509,47.63320225127816,0.9854447165615215,40.62560154499744,0.9992687689343333,0.3973320628870891,0.697877609431657,13,15,0.0,3545,48.2686180483153,0.983829101330828,0.9996658197943595,44.21582097141412,0.5247176135710678,0.4087609203888274,-4.630774675229368,-0.26403175894885456,-10.131844683338493,-0.03781972753461438,0.1118042226487524,39.291631682195565,0.9998691697700287
M1_013_y256x256.png,0.3487014118877462,0.22780367109730135,0.37107507732683476,0.23550056510618048,0.8745305942125028,0.995147861336897,28.381389040078563,0.9932602306843857,34.25275091109778,0.4535790961931193,0.7368773840568497,0.9429666902055758,30.009960843754907,0.8855973901508424,14610,35,16,95,136,1.9383116883116882,0.45714285714285713,616,597,2772.400287149993,3.204427625724312,0.0,-0.060206307446758256,-15.170090889259566,-0.004638052627084832,-0.005844605803316694,-0.0032249058303757128,2654.1380882263184,0.4535790961931193,0.4535790961931193,35,16,19,95,136,1.9383116883116882,0.45714285714285713,37,14,616,597,385,4.643886578140702,3.204427625724312,2772.400287149993,0.0,32001,2.190349075975359,4.485694729637235,256x256,65536,dense,Learned,1832,37,98,13734,48.65294468986637,0.9928376391812077,0.999501659776116,47.46284910720779,0.2932245361251785,0.4577128406855858,True,0.3484017071683651,30.0191620874075,0.8867085680783843,34.27296635913434,0.43903414402159,0.4139945736752768,M1_013_y256x256,94,13223,46.664811308497825,0.9909975606082805,44.27226768425791,0.9991048364877024,0.456804002023495,0.3027339510862518,68,6,0.29536679536679533,247,19.360291620888898,0.4349655275825087,0.8721641269189185,14.962680339295195,0.9877226600969315,0.3510966415352981,-10.019516773160134,0.4341434329705979,-16.654850464742918,-0.1054001704574381,0.4089077193345045,43.55147992933813,0.9997859139639819
M1_013_y256x768.png,0.16950794265788455,0.14372369398365933,0.25132590107154457,0.15511022044088177,0.6619156214367161,0.9976903910312045,29.332374189875573,0.996317371631837,34.810666689454955,0.5067275958365067,0.9421556791251615,1.1320875645942632,36.06366684948736,0.9537356486009867,6104,8,14,57,46,2.041522491349481,1.75,289,295,1313.5849198858523,3.4424890922188607,0.0,-0.016336515913846744,-13.533150560593803,-0.0021053841674227858,-0.0029957072556808795,-0.04228842247012943,2430.955648422241,0.5067275958365067,0.5067275958365067,8,14,-6,57,46,2.041522491349481,1.75,8,13,289,295,186,4.452830236901185,3.4424890922188607,1313.5849198858523,0.0,22700,3.718872870249017,10.73656618610747,256x256,65536,sparse,Learned,773,8,98,6076,50.87432286424295,0.9908920403235376,0.9995968611664661,47.090459838724556,0.785618898573022,0.5477497255762898,True,0.1696887423640066,36.08666357670488,0.9594552902764988,34.8062274885153,0.7328646980341497,0.8296670111745905,M1_013_y256x768,93,5669,48.914538879334955,0.9905349727696054,43.26943877474929,0.9993130788875179,0.5490160183066362,0.8589066192986585,12,39,0.0,340,29.969982346040375,0.5997984825040708,0.9746877195854906,23.19588876345901,0.988125159174662,0.45643153526970953,-8.458772085294335,0.08324905982650299,-12.850872029847594,-0.03679932416861875,0.1858444585717313,42.865524750469376,0.9997957751986273
M1_013_y512x256.png,0.2964930924548353,0.2722470540430719,0.4279782816991376,0.29385964912280704,0.7873090481786134,0.9934292632133046,27.22454475517667,0.9946220622149312,32.86547910524013,0.565632118451025,0.4370669613500632,0.510868971274053,25.832713346692138,0.6883285077435407,9287,37,2,24,96,1.7454545454545454,0.05405405405405406,275,240,1176.3595231414356,5.083360002479856,0.0,-0.023991489042962055,-12.79364438708431,-0.0060857040742019475,-0.0038319363129645234,-0.015585159035885976,4070.819139480591,0.565632118451025,0.565632118451025,37,2,35,24,96,1.7454545454545454,0.05405405405405406,37,2,275,240,155,4.901498013089307,5.083360002479856,1176.3595231414356,0.0,38945,4.1934962851297515,7.056745989016905,256x256,65536,sparse,Meijering,830,37,88,8984,41.929794595927696,0.9826366496657603,0.9986976043106475,40.03993412078108,0.23411567924048637,0.5861393891934221,True,0.2956345373768592,25.828098681191356,0.688264774023064,32.87590077743857,0.5624947908674507,0.2873611351574681,M1_013_y512x256,76,9013,41.22525229266824,0.9820508844058556,38.3264505049417,0.9984539985278957,0.581217277486911,0.2337100762114669,113,15,0.0,248,18.64035591736188,0.39643260413156756,0.864010169771393,14.155063931612826,0.9736160656125759,0.2915702321586218,-5.46097139970157,0.2033568851385963,-15.3925389459761,-0.29372237666231493,0.32048458149779735,40.01818914226098,0.9995149672875066
M1_013_y512x512.png,0.26060689909610774,0.25992263056092846,0.4126009395437379,0.31995238095238093,0.5807762122914686,0.9811273793003564,26.695430021685624,0.9906687908177113,32.932413725972516,0.5894686783969565,0.7693068177450372,0.40919699090935985,24.965787857405303,0.679498923688401,11891,21,2,42,80,1.8908045977011494,0.09523809523809523,348,329,1701.1828996322997,6.433704275257114,0.0,0.0009995382106933737,-12.945845454440551,-0.017381229021250832,-0.006441843100730371,0.0030967170249951437,4630.421161651611,0.5894686783969565,0.5894686783969565,21,2,19,42,80,1.8908045977011494,0.09523809523809523,21,2,348,329,226,5.170768691891478,6.433704275257114,1701.1828996322997,0.0,40763,3.428054831385081,5.51139517281978,256x256,65536,sparse,Otsu,1082,21,89,11430,41.7604931422812,0.9846269380100678,0.9977408831727614,40.47599853083864,0.28610181537358215,0.5896765084506458,True,0.25999354511503525,24.962200828362576,0.6793896173920031,32.96602006289277,0.9014235684543394,0.368859811746293,M1_013_y512x512,82,11490,40.93510928209976,0.9830873272786539,39.060659025527826,0.9971106339184417,0.5863719613719613,0.3071146657341246,119,26,0.0,249,18.365396948255594,0.361551930386844,0.8134028307195706,15.407482686914303,0.9608361049010129,0.4216959006375318,-6.12824529955531,0.46219215201091257,-15.969321424694456,-0.30358840359025285,0.25960736088541436,39.641275476126175,0.9985086083216073
M1_013_y512x768.png,0.29282060328100196,0.28361344537815125,0.44189852700491,0.3228203968202676,0.7001682085786375,0.9945724868768954,30.752976299906486,0.9919831631934103,33.80645618449483,0.7216009083167755,0.7351446440378622,1.0156843597671432,27.908377469097307,0.8473352133278821,8321,14,2,23,50,1.896551724137931,0.14285714285714285,232,220,1064.5310960166887,7.76665430069296,0.0,0.010631106198479012,-9.937936892207539,-0.004575596478775146,-0.005552908680599211,-0.00547188693283962,5779.9177169799805,0.7216009083167755,0.7216009083167755,14,2,12,23,50,1.896551724137931,0.14285714285714285,14,2,232,220,159,4.83877770916676,7.76665430069296,1064.5310960166887,0.0,34725,4.17317630092537,7.8759764451388055,256x256,65536,sparse,Otsu,766,14,91,7632,43.44405960641262,0.9814311786944371,0.9978897079335272,40.97204420963809,0.47869947047387484,0.722901254422644,True,0.29306592954184557,27.91487804761619,0.8481187521082422,33.82269114159393,0.725363724772873,0.7367405903942459,M1_013_y512x768,84,8144,43.00138002822237,0.9808658444541283,39.94510537195557,0.9975360718740095,0.7270727952496151,0.5138200570322105,51,25,0.0,249,19.85976754158463,0.5145016252610239,0.8656709404973446,15.913057224212082,0.9924029859724224,0.4906767080632898,-6.138649187460743,0.22132458700565172,-15.093002559125065,-0.1335306311262462,0.28218949708252294,40.690913192114024,0.9991480833556705
M1_013_y768x768.png,0.34444736151220795,0.22550251256281406,0.36801640184520756,0.25694858642490753,0.6482094492928077,0.990018748103148,26.8373502078458,0.9933063643210394,33.00382611131183,0.5273743574387383,0.6151469158072331,0.43494685346225964,28.9230772466426,0.8622206107496201,14985,46,18,84,146,1.9044368600682593,0.391304347826087,586,558,2553.6256838944128,3.396622207409896,0.0,-0.034851536376518666,-15.76022685480794,-0.009481118970493085,-0.005850651707490551,-0.00816242188531735,3546.7352867126465,0.5273743574387383,0.5273743574387383,46,18,28,84,146,1.9044368600682593,0.391304347826087,47,18,586,558,356,4.57639011450612,3.396622207409896,2553.6256838944128,0.0,35089,2.341608274941608,4.37344010677344,256x256,65536,dense,Learned,1750,47,96,13484,46.615305531448,0.9902673800083734,0.9994653282834582,45.42145900513036,0.3556200012130374,0.5347242921013413,True,0.34330708661417325,28.92793569202817,0.8620623507189326,33.02659400015833,0.9637022673102672,0.41915926884104615,M1_013_y768x768,93,14537,45.32935269150844,0.989840635049928,42.94768984817061,0.9991570160285299,0.5355367793240556,0.35148274411993075,75,37,0.1743498817966903,248,18.53133664025917,0.4383699603282048,0.8720646540085693,14.727116796335867,0.7732710436939246,0.3405918247931121,-9.94386373685878,0.2636641716873024,-16.40627544486584,-0.12762002430030794,0.3792988978887266,42.59757706265374,0.9994998670736411
M1_014_y256x768.png,0.17270228277757857,0.09024713150926743,0.16555353167375025,0.09193077095976623,0.8313008130081301,0.9985631232821219,31.435944084795857,0.9917259517945121,35.50706363880687,0.38833397362018185,0.9231486584903603,1.1329990568516612,33.35363886375716,0.928172277961341,14461,17,30,100,78,2.0505836575875485,1.7647058823529411,514,527,2479.5352800987916,3.1690726827713886,0.0,0.039236147319411246,-15.697604061355669,-0.001381998797182038,-0.007489987934182762,-0.12369330474311635,6678.855419158936,0.38833397362018185,0.38833397362018185,17,30,-13,100,78,2.0505836575875485,1.7647058823529411,17,30,514,527,336,4.705000531496762,3.1690726827713886,2479.5352800987916,0.0,25527,1.7652306202890533,4.5319134223082775,256x256,65536,dense,Learned,2467,17,100,10202,50.580960374960064,0.9912777938835052,0.9993017194048924,49.29480817520145,0.5935897480831732,0.5144020230679085,True,0.17278488580652876,33.34702981848325,0.9306953082169951,35.507682351778676,0.38649779982570287,0.43790164267776355,M1_014_y256x768,97,13384,50.31295193985323,0.9925252049593297,48.26395517067421,0.9992159397286948,0.5120272783632982,0.5321722808975318,58,81,0.0,250,25.899766124333556,0.6070719886211696,0.9558537742721812,20.516597585102367,0.9584143448788268,0.3496462868664776,-12.756891531867339,0.39097637759282855,-16.959313076096066,-0.06435292699798867,0.13346613545816732,47.133548146151526,0.999945122079304
M1_014_y512x0.png,0.04720765195927183,0.0,0.0,0.0,0.0,0.993531275426264,20.095229156654014,0.9999861547634422,30.200135400748458,0.005377528981354961,0.28822967723739024,2.3637520849447733,26.80336548691043,0.8209231013086239,735,1,0,0,2,1.5,0.0,4,3,18.071067811865476,2.6515658547480903,0.0,,,,,,656.3951969146729,0.005377528981354961,0.005377528981354961,1,0,1,0,2,1.5,0.0,1,0,4,3,2,6.0236892706218255,2.6515658547480903,18.071067811865476,0.0,24322,33.09115646258503,89.16462585034013,256x256,65536,sparse,Frangi,114,1,10,730,36.637294840234574,0.9118632097410678,0.9999588807713544,25.621207256857307,0.971642313104348,0.007721518987341772,True,0.045404442937086655,26.802256657453075,0.822119176053253,30.196302531143786,0.42305018961951335,0.9999857677494064,M1_014_y512x0,,,,,,,,,,,,,,,,,,,,,,,,,
M1_014_y512x256.png,0.26122409823484266,0.20291394104154278,0.3373706698682863,0.2141288269308351,0.7948419301164725,0.9933565229421003,30.710348488612773,0.9898805714450001,35.259857617439316,0.2727351313969571,0.8783825723221258,0.4917573400800022,31.359831360850706,0.8703256660497032,18104,32,33,146,150,2.002361275088548,1.03125,847,848,3826.605481358857,3.22703729674704,0.0,-0.005567130007855747,-14.914550373711364,-0.006291020531967617,-0.008955527436682376,-0.009607986901513654,2984.9534034729004,0.2727351313969571,0.2727351313969571,32,33,-1,146,150,2.002361275088548,1.03125,32,31,847,848,551,4.512506463866606,3.22703729674704,3826.605481358857,0.0,34581,1.9101303579319486,3.6199734865223157,256x256,65536,dense,Learned,2350,32,99,17590,48.89497763707216,0.9931820191970467,0.9993244950563426,48.722168192372656,0.22066803533062496,0.2825504240453487,True,0.2608862459236524,31.370312875745864,0.8706185130459624,35.268342607812315,0.5506710358827784,0.27079652386481456,M1_014_y512x256,95,16803,47.25066547222465,0.9914201797061178,45.82589071698112,0.9988360988816825,0.28234311829847075,0.22318895190663124,86,13,0.0,243,20.748682658335564,0.5474019763309854,0.8517123692881616,17.833518407455543,0.91986158885799,0.32218051248571894,-10.566033099541805,0.6551936204154946,-15.890834111373941,-0.12109451365641466,0.2667912282426984,45.62489886232414,0.9996475434740679
M1_014_y768x256.png,0.059278350515463915,0.22789831606217617,0.3712006329531219,0.2823470411233701,0.5416586492207043,0.9853434817927894,25.214054382186735,0.9947464604788891,33.11347001840213,0.17623524704940988,0.3858401237762622,0.24571844503383442,26.741204812960696,0.7593191642181064,6906,32,0,14,79,1.6878048780487804,0.0,205,173,864.2224381515873,5.126578956986876,0.0,-0.009102548043451036,-13.880942604611793,-0.013479210497626237,-0.0034359603407514427,-0.00031950304597355705,3482.2793006896973,0.17623524704940988,0.17623524704940988,32,0,32,14,79,1.6878048780487804,0.0,32,0,205,173,112,4.995505422841537,5.126578956986876,864.2224381515873,0.0,34895,5.05285259194903,9.48971908485375,256x256,65536,sparse,Otsu,613,32,87,6722,42.50550448483307,0.9773048576597932,0.9984696513508705,40.009316546193034,0.07105696917838844,0.182528341430885,True,0.05953643387365551,26.743362626078614,0.759408900293613,33.13654186222513,0.3203993957100403,0.0787280413036513,M1_014_y768x256,69,6781,41.315628182934645,0.9742767594529428,37.885683437957944,0.9981824208196406,0.17655475009538343,0.07512366111189095,84,2,0.0,277,20.993478977268474,0.570377697175079,0.9058224156318716,15.559731603747899,0.9794668430185681,0.21939311747753856,-4.772213419555811,0.31071646266437125,-14.57442336997395,-0.21495759523483637,0.06838089855891495,39.09499698679853,0.9988226922904156
M1_014_y768x512.png,0.16473199044042336,0.2342262070501754,0.3795515047601859,0.2911734164070613,0.5449598341539259,0.9855803122923914,28.027704317918946,0.9908579990194173,34.63574263040804,0.3682337139019476,0.5439647570053028,0.3492573461438467,29.74672577460721,0.8066151307659152,8187,27,3,33,83,1.8222222222222222,0.1111111111111111,270,246,1178.5605332682119,6.450786293103442,0.0,-0.004212108938458636,-14.660168616730878,-0.013118841194997066,-0.0064544054258037775,-0.00674979315703117,4283.890724182129,0.3682337139019476,0.3682337139019476,27,3,24,33,83,1.8222222222222222,0.1111111111111111,27,3,270,246,154,4.790896476700041,6.450786293103442,1178.5605332682119,0.0,35130,4.290949065591792,8.004885794552338,256x256,65536,sparse,Otsu,751,27,90,7894,43.626750571688795,0.9792084993695221,0.9974467613919615,41.81423095813099,0.1562322911765841,0.44474497681607417,True,0.1630945265135343,29.7589039269841,0.8067109927247064,34.66575574307892,0.588970754092168,0.20570236253057073,M1_014_y768x512,81,8141,43.20865715799415,0.9783761684533873,40.861943927614135,0.9973124044452211,0.37498350705897876,0.13567879205398126,148,17,0.0,279,23.078107644315832,0.623233680617015,0.884353799511868,18.253059729978126,0.9959538926167778,0.295397851651988,-6.226201297206096,0.4082859649513215,-13.461931383386943,-0.17176103768747208,0.168944099378882,42.687872934649825,0.9986991534873885
M1_014_y768x768.png,0.004498241596466836,0.16147308781869688,0.2780487804878049,0.3947238252267106,0.21461228148812192,0.9697260902098584,27.982896763131173,0.9976161344331052,33.820167825542704,0.18582028029678482,0.2152768059462441,0.06119867735624545,29.635638524540436,0.7695748476201487,4842,33,1,4,69,1.4796747967479675,0.030303030303030304,123,91,429.96046148071076,4.497614200062283,0.0,-0.0016092502602106885,-11.657891586953724,-0.026643433229769142,-0.0012743947392269694,-0.0008834113072661298,2840.1126861572266,0.18582028029678482,0.18582028029678482,33,1,32,4,69,1.4796747967479675,0.030303030303030304,33,0,123,91,50,4.724840236051763,4.497614200062283,429.96046148071076,0.0,33820,6.984717059066502,13.53490293267245,256x256,65536,sparse,Meijering,470,33,84,4606,41.763933692238815,0.9676881104682864,0.9992221829232953,38.65290368183219,0.04841820305489808,0.18455005716152212,True,0.0044986095206936035,29.627395286360564,0.7693900522821062,33.81008546738482,0.8214447394673132,0.050271331576645206,M1_014_y768x768,56,4787,40.90189324028026,0.9596548167675959,36.940933518992246,0.9988905291723321,0.18670369160405095,0.05957988379410184,28,0,0.9242424242424242,391,25.39702496012213,0.66653945127801,0.9686050871627792,18.410486335469948,0.09817368539704707,0.23156342182890854,-3.120765693449542,0.15569692215214226,-11.266254715739823,-0.19007996914744718,0.0061074918566775245,39.6407883500849,0.9963695234396276
M1_015_y256x256.png,0.19245773732119636,0.0037185354691075517,0.007409518381305215,0.011393514460999123,0.005489864864864865,0.9894450252699492,19.70437566639292,0.9996837526349177,26.57185058471025,0.09255647651552089,0.408444635633185,1.9450073475827836,22.99439803206521,0.8263764203903384,1770,4,0,2,10,1.68,0.0,25,21,114.66904755831213,4.442252013183775,0.0,0.046777837913975245,-9.5344286183382,-0.007753257484740872,0.0002920548073384044,-0.1435846321957822,1249.34983253479,0.09255647651552089,0.09255647651552089,4,0,4,2,10,1.68,0.0,4,0,25,21,13,5.460430836110102,4.442252013183775,114.66904755831213,0.0,23936,13.523163841807909,37.02598870056497,256x256,65536,sparse,Frangi,193,4,54,1752,39.990876671159185,0.9772213343089303,0.9998751212454668,31.06354352895727,0.2973548119914542,0.23557463042441584,True,0.19241082310879987,22.996375071223074,0.8280717995724329,26.574032821552088,0.5132477440400283,0.9982706332881428,M1_015_y256x256,9,1721,32.00060589223264,0.6248267581046618,24.180458537472166,0.9993916978275793,0.2361411087113031,0.3122196249249557,35,9,0.0,5314,47.404267355248855,0.9868613139184322,0.999992814836792,43.61163482955022,0.2780550948178222,0.23823529411764705,2.391392047238085,0.09622501070822931,-9.006207860167432,0.2015496622856766,0.14567989940722112,29.23880428473112,0.99719828275469
M1_015_y256x512.png,0.37273459524768426,0.07913965215601523,0.14667175281327485,0.13297596403250908,0.16351265149904318,0.9824063928163865,23.427924123467516,0.9981718663231869,30.664737681930234,0.4206816645746838,0.3251962244989649,0.651884225543378,28.20951578385828,0.840393747299113,5136,24,2,14,61,1.6764705882352942,0.08333333333333333,136,114,504.9898987322338,5.026607130008752,0.0,0.06436155236136704,-15.389016666589509,-0.016527799457191517,-0.0012715013316170198,-0.028140851220835983,2747.697114944458,0.4206816645746838,0.4206816645746838,24,2,22,14,61,1.6764705882352942,0.08333333333333333,24,0,136,114,61,4.4297359537915195,5.026607130008752,504.9898987322338,0.0,27988,5.4493769470404985,12.7601246105919,256x256,65536,sparse,Meijering,424,24,90,5132,44.581644368799324,0.9865194442585054,0.9997678967168497,39.904953684600585,0.30580334912202123,0.44776119402985076,True,0.37424486508256144,28.202796628478115,0.8414773121463495,30.66389641129614,0.8289354461314169,0.5403699413268332,M1_015_y256x512,70,5125,42.0028939251013,0.978660874302762,35.023369245621176,0.9994433676548039,0.4488225157955198,0.29433925606745714,58,19,0.0,398,22.56630714672403,0.5937404569568078,0.9539676464257463,14.310304756374643,0.7300000036043842,0.3420258765167259,-4.358631563690942,0.03085696843150776,-13.793378141243018,-0.13826712700364907,0.30837304288631723,38.816940790057025,0.998934192273578
M1_015_y512x256.png,0.3481887784253228,0.13212283490921262,0.23340724316334074,0.19455396747166093,0.291651274473587,0.9837313441961744,26.110039583632982,0.9970848812242301,31.875611670487544,0.43892031358539246,0.31841433380615214,0.1906017656104079,28.014737449030832,0.7326557405771356,6902,36,1,17,87,1.6464646464646464,0.027777777777777776,198,163,746.1269837220821,4.453718411903342,0.0,-0.041596762145095056,-13.283112377530017,-0.014982744291970107,-0.0022079120370581684,0.019271647352471166,3523.9205360412598,0.43892031358539246,0.43892031358539246,36,1,35,17,87,1.6464646464646464,0.027777777777777776,36,1,198,163,94,4.577466157804177,4.453718411903342,746.1269837220821,0.0,34610,5.014488554042306,9.49521877716604,256x256,65536,sparse,Meijering,663,36,89,6664,42.923047471091316,0.9814503518522087,0.9995022318307507,39.73250569520945,0.19954954830854443,0.4163990007137759,True,0.34674285714285713,28.01713534585248,0.7332812335720255,31.889695063335367,0.9983549754979294,0.19028822103584087,M1_015_y512x256,73,6883,41.83074385375495,0.9802823988955189,36.98474801738043,0.9992927932612883,0.4196486662329213,0.19359760670452464,87,14,0.0,276,19.774808715820786,0.4312418612272101,0.9088181317831613,12.901884895616348,0.6522820569636923,0.26504927163667524,-5.109136346892889,0.1248167271016275,-13.81600640472412,-0.24762665831838337,0.38978554057041787,39.393151961163,0.9987140884881445
M1_015_y512x512.png,0.2556093963973454,0.27087206929390956,0.4262774764487582,0.33856705588935493,0.5753226738586015,0.9834698502249656,27.445185210293744,0.9915815980647866,33.50365151892226,0.6613601153907794,0.6168006771577044,0.565266903059149,24.909123579525023,0.6781658338626696,9883,25,2,33,80,1.8486842105263157,0.08,304,281,1322.874241767197,6.5574800094348396,0.0,-0.022586092324459073,-12.665113800832287,-0.014788758598931584,-0.005429530001323846,0.015412825485259796,4806.520700454712,0.6613601153907794,0.6613601153907794,25,2,23,33,80,1.8486842105263157,0.08,25,2,304,281,191,4.707737515185747,6.5574800094348396,1322.874241767197,0.0,40208,4.068400283314783,6.631184862895882,256x256,65536,sparse,Otsu,886,25,88,9738,41.269979876629776,0.9781815936305112,0.9973009881123317,40.09898610258976,0.27752500151559056,0.6563697082801296,True,0.256059009483667,24.91183500607668,0.6782663558245292,33.54189782780989,0.8884556861419498,0.5022145942107512,M1_015_y512x512,78,9755,40.7192077624483,0.9764244512544417,39.35466438035109,0.9970111280661105,0.6459472899055196,0.2894812912620275,125,38,0.0,244,20.0437931169345,0.4245706374819398,0.8670470055142453,17.133442859511078,0.925229610399658,0.4338084918042795,-5.851012861428828,0.3273193858956769,-15.810084182923276,-0.29825861739177206,0.2781954887218045,40.11029901112603,0.9982586088238972
M1_015_y512x768.png,0.06824568446407066,0.054384877595289746,0.10315944158706834,0.09462191670036393,0.11339040542723308,0.9781498420013853,26.506882765197787,0.9976136179474341,30.13827057469254,0.49089539118422704,0.3534817460628159,0.20731136174683576,24.54297717998296,0.7455858199664117,6836,26,0,9,61,1.6601307189542485,0.0,153,127,616.8010819142771,4.971648114045906,0.0,-0.05297445130248141,-12.435447854084181,-0.019772209059420787,-0.0015579727518656439,0.042110849318446886,4086.230993270874,0.49089539118422704,0.49089539118422704,26,0,26,9,61,1.6601307189542485,0.0,26,0,153,127,83,4.8567014323958775,4.971648114045906,616.8010819142771,0.0,34799,5.0905500292568755,9.586892919836162,256x256,65536,sparse,Meijering,681,26,86,6804,41.960272645967045,0.9817593702946118,0.9996063704365084,38.3036665859843,0.14618370168014716,0.45103548756374234,True,0.06793096528195866,24.542594029217856,0.7468035226567604,30.156796914417665,0.8395864322248272,0.17405580656869635,M1_015_y512x768,67,6821,39.73916754730187,0.9668252412125174,34.26623828528643,0.9991715906992997,0.44878454186578015,0.13859386924541472,111,6,0.0,278,17.809501191888124,0.36145126915338344,0.9069821335924542,10.924960444250251,0.9905964374485048,0.2672616958331244,-4.127967710593886,0.21488787681740118,-15.19619036731891,-0.22123942124610574,0.12122013576655206,38.94233061928197,0.9979220510608061
M1_015_y768x512.png,0.27601892285298396,0.06141899046946699,0.11572996341868973,0.11302370899642741,0.11856899488926746,0.976150364962648,23.819239382380154,0.9977004662489568,30.994854094542813,0.3700229709035222,0.24820689382027306,0.318942752612172,25.69483721050735,0.6949590989450378,6150,34,5,10,72,1.6158940397350994,0.14705882352941177,151,122,519.1025971044418,4.22366256139907,0.0,0.013747233355267063,-15.00034821991413,-0.021998464902961645,-0.0014784606434229408,0.00682538417652373,2485.947370529175,0.3700229709035222,0.3700229709035222,34,5,29,10,72,1.6158940397350994,0.14705882352941177,34,3,151,122,69,4.254939320528209,4.22366256139907,519.1025971044418,0.0,35263,5.733821138211382,10.656260162601626,256x256,65536,dense,Meijering,613,34,84,6054,41.166052125091525,0.9742561948343015,0.999474206455605,37.719185469695304,0.15437287546572576,0.3635726444377691,True,0.27388535031847133,25.694627655444172,0.6953421264112387,30.998426791943352,0.7285561567878803,0.23236770607847168,M1_015_y768x512,60,6100,39.81746175398249,0.9677407332938259,34.86626752043985,0.9991789268923797,0.3631975867269985,0.15357585694160691,98,3,0.05882352941176472,335,20.807386000560008,0.5027223308424932,0.9398551255636697,13.280765105266859,0.9833858410769387,0.1596812703161407,-3.8714134258970354,0.09463103687866614,-14.12262454347514,-0.2727816343487881,0.2622716894977169,38.819587602294284,0.9981488298656096
M1_015_y768x768.png,0.4199547317550621,0.053046989720998534,0.10074952065539482,0.1262835918724055,0.08380455270407423,0.977100852629583,24.324530841959522,0.9986463103873243,30.601739760598793,0.25409688456690077,0.2889410917935902,0.9964324496086527,28.33119438908931,0.8577410276813021,4180,20,0,9,49,1.607843137254902,0.0,102,82,362.8355697996828,4.858963726784187,0.0,-0.05639024674037291,-14.947986351774063,-0.020764241725248822,-0.0008715539534912553,-0.04493896960604288,2479.4085025787354,0.25409688456690077,0.25409688456690077,20,0,20,9,49,1.607843137254902,0.0,20,0,102,82,44,4.424824021947349,4.858963726784187,362.8355697996828,0.0,26318,6.296172248803828,15.678468899521532,256x256,65536,sparse,Meijering,380,20,88,4132,44.514758586123975,0.9834301550085847,0.9997751389323983,39.119875708962034,0.6970156345788154,0.2993456094962715,True,0.4199290433080499,28.335728840503997,0.8607335938902609,30.612626245180703,0.9971865205785457,0.9936290074168095,M1_015_y768x768,64,4115,42.11257342562501,0.9712451968934503,34.37975436930888,0.9995178643408156,0.29903585417294365,0.66167557277712,32,51,0.0,461,25.265528454905862,0.5892357953739582,0.9763228515677933,16.341495395513345,0.8538434429284576,0.2847796143250689,-3.778014608710084,-0.3727344809835298,-13.7813790365357,-0.11350416921214823,0.476344978495435,39.272517193733584,0.9978650943548318
M1_016_y0x512.png,0.044831394971087,0.039053656327824315,0.07517158731888006,0.039053656327824315,1.0,0.9998598987020005,35.89743383826596,0.9891705302082245,35.34443131433064,0.6756551269704496,0.9857357660910008,3.0227612292375836,32.68319353202576,0.8694506406828212,8610,6,6,41,42,2.0,1.0,272,272,1428.9158723275395,7.399045532825642,0.0,0.002704280983664077,-6.437190468319692,-0.00010431355449014301,-0.008452718746105203,-0.038005030065990875,4762.999057769775,0.6756551269704496,0.6756551269704496,6,6,0,41,42,2.0,1.0,6,6,272,272,189,5.25336717767477,7.399045532825642,1428.9158723275395,0.0,29488,3.424854819976771,7.611614401858304,256x256,65536,sparse,Otsu,874,6,95,8086,47.17513689219818,0.988511019177534,0.9982392008750539,44.79171827348213,0.5534554984988302,0.71571072319202,True,0.04491895058915435,32.689216771671596,0.8706872086686481,35.36357690427448,0.3046453900060073,0.9208702735761217,M1_016_y0x512,89,8090,46.03844907590269,0.9864360895780766,42.806568320480054,0.9976232489543297,0.7136601570364405,0.6869054320344334,48,67,0.0,247,21.562610502020057,0.45180164829972586,0.8560128125443491,17.778084898899312,0.9997083628017644,0.5219038042567454,-7.462137006149412,0.29883033405656734,-13.355255543876929,-0.11698544889525542,0.04212711398742292,42.33462430658565,0.9999642122564907
M1_016_y256x256.png,0.28343558282208586,0.2679498269896194,0.42265052021149585,0.2808886873724779,0.8533057851239669,0.9994417252715317,29.774056121849426,0.9985477055616692,32.80408940924771,0.7998440849736893,0.8758998858149283,1.9749419848915475,36.118551265137086,0.9667508994601246,3205,3,2,9,11,1.971830985915493,0.6666666666666666,71,70,357.9777054234138,7.769623996254423,0.0,-0.0013108758106384344,-10.358881508602607,-0.0005105144245854953,-0.0010706533886417624,-0.007056522750286343,2866.820812225342,0.7998440849736893,0.7998440849736893,3,2,1,9,11,1.971830985915493,0.6666666666666666,3,2,71,70,51,5.113967220334479,7.769623996254423,357.9777054234138,0.0,19623,6.122620904836193,20.44804992199688,256x256,65536,sparse,Otsu,352,3,96,3092,50.81453533161354,0.9904551780102405,0.999885889578476,45.424287134731614,0.654697119753376,0.8075641779345483,True,0.28328901615872365,36.151363758315725,0.969950263973757,32.84191455507865,0.42592773880356405,0.8411825738930794,M1_016_y256x256,87,3110,48.236518364174124,0.987742657394184,39.639502874183,0.9996183589503109,0.8069006077239756,0.5672088500420127,8,6,0.0,662,38.52592657358957,0.9234009700012779,0.9965939677064778,28.55624748180552,0.7525796746719823,0.7989459301190709,-6.835413464935293,0.30869103577291557,-12.117967099037038,-0.020991757934059385,0.2847464586327243,40.132937630452034,0.9999522396961172
M1_016_y256x768.png,0.1663403385110734,0.0,0.0,0.0,0.0,0.983154008096222,22.752506571444833,0.9999800899698238,25.070988931199572,0.0030500485234992375,0.13064176460119425,1.9453111794748326,20.41166550334042,0.536382160339924,647,1,0,0,2,1.0,0.0,2,1,6.414213562373095,3.3520608842372894,0.0,,,,,,504.3182373046875,0.0030500485234992375,0.0030500485234992375,1,0,1,0,2,1.0,0.0,1,0,2,1,0,6.414213562373095,3.3520608842372894,6.414213562373095,0.0,37807,58.43431221020093,101.29211746522411,256x256,65536,dense,Frangi,66,1,,,,,,,,,True,0.1663755458515284,20.410373676718883,0.5361493990923294,25.074021876525137,0.48351771321449466,0.9405924129902624,M1_016_y256x768,,,,,,,,,,,,,,,,,,,,,,,,,
M1_016_y512x256.png,0.17759525124240752,0.13383066690634549,0.2360681728101467,0.17888034598750602,0.347005360055931,0.9936548859292561,25.115824516831964,0.9971104555006416,32.90370978530157,0.5684437504647185,0.3981170619763076,0.9150813600467541,28.00146786661752,0.7443693424309761,6132,26,1,12,63,1.7005988023952097,0.038461538461538464,167,142,741.2813126546325,4.902877481196069,0.0,0.005965780132655141,-13.970058912954414,-0.005861969559483815,-0.0016992891993227177,0.06266603039201013,2465.6755924224854,0.5684437504647185,0.5684437504647185,26,1,25,12,63,1.7005988023952097,0.038461538461538464,26,0,167,142,92,5.220290934187546,4.902877481196069,741.2813126546325,0.0,35485,5.786855838225701,10.68754076973255,256x256,65536,sparse,Meijering,551,26,87,6084,41.83724215082556,0.9769618171032413,0.9990472103303577,39.310561039035136,0.3760104275824333,0.5097227696754697,True,0.17752622860298178,28.00039873280563,0.7447577173140159,32.98550686946092,0.6223721733042389,0.5695211748024971,M1_016_y512x256,68,6059,41.270894711165276,0.9761717246960979,37.96105219291476,0.9988097446999643,0.5057777200727084,0.39206126045539924,69,15,0.0,338,23.00242036694136,0.5874299013649934,0.9648408912150873,18.084616467355676,0.9421556791251615,0.31704,-5.057342407613184,0.006055801520908344,-13.269426844547755,-0.23180238226512184,0.17162947110975238,39.08588342978638,0.9995168554887399
M1_016_y512x768.png,0.1953115510749423,0.0,0.0,0.0,0.0,0.9943497050735971,21.581289007738135,0.9999637265679366,22.171545911266204,0.007254677357770141,0.11307956328284252,1.083819681409876,22.91579035724552,0.661290993733303,560,1,0,0,2,1.0,0.0,2,1,5.414213562373095,3.098712543646495,0.0,,,,,,482.40041732788086,0.007254677357770141,0.007254677357770141,1,0,1,0,2,1.0,0.0,1,0,2,1,0,5.414213562373095,3.098712543646495,5.414213562373095,0.0,33782,60.325,117.02857142857142,256x256,65536,dense,Frangi,56,1,,,,,,,,,True,0.19210957621166003,22.918690026190696,0.6611796042172492,22.14279967093372,0.529989385269462,0.5744129266933643,M1_016_y512x768,,,,,,,,,,,,,,,,,,,,,,,,,
M1_016_y768x0.png,0.45652366995292654,0.24965078379636815,0.3995528783456499,0.3244251714400968,0.5199612089865848,0.9883033731538866,27.206190535806613,0.9950638335988867,33.265808365932806,0.4618345558864115,0.40624608061205847,0.3845022127051306,28.905006536537034,0.7496194831345908,7679,31,2,20,79,1.7327188940092166,0.06451612903225806,217,188,883.2102448427675,4.785218661027736,0.0,0.022105715460420505,-13.63274516834305,-0.010776800080262605,-0.0037601392487780494,0.03454897018498421,3179.1832447052,0.4618345558864115,0.4618345558864115,31,2,29,20,79,1.7327188940092166,0.06451612903225806,31,1,217,188,118,4.697926834270032,4.785218661027736,883.2102448427675,0.0,34492,4.491730694100794,8.534444589139211,256x256,65536,dense,Meijering,819,31,90,7456,43.54610807742694,0.9823349791897203,0.9989367457352974,40.95724775927132,0.2603661407295801,0.43068668070366095,True,0.4574449182658138,28.89882010102831,0.7498388262172693,33.26908293903443,0.9763643709523215,0.37541426103762054,M1_016_y768x0,79,7622,43.178360905840016,0.9816052259827638,40.11353514854576,0.9988239728476648,0.4272855857014273,0.29834519417584804,102,26,0.0,276,23.22511379107283,0.554958489470207,0.9297794532589647,17.803509019115985,0.8750697878014175,0.27666294154802973,-6.847726782612952,0.10790088643621043,-14.273354369302982,-0.23198574284817297,0.43441795449250603,40.83893570414966,0.9990801732341492
M1_016_y768x256.png,0.2014311814859927,0.2097149828102473,0.3467180051338467,0.2963485347124275,0.4177159266622487,0.9912777836162097,24.70505618916804,0.9975856865246441,32.835529688356,0.5064152110063379,0.29067983083014626,0.2596504937659484,27.69205928853086,0.6973048908244662,5403,29,0,6,64,1.5797101449275361,0.0,138,109,529.0609665440993,4.661690508431475,0.0,-0.09886872723743928,-13.697817668280479,-0.007558885338182608,-0.0012419921601460882,0.030010716624315426,2908.6241722106934,0.5064152110063379,0.5064152110063379,29,0,29,6,64,1.5797101449275361,0.0,29,0,138,109,68,4.853770335266961,4.661690508431475,529.0609665440993,0.0,36725,6.797149731630576,12.129557653155654,256x256,65536,sparse,Meijering,504,29,80,5156,40.10775043364152,0.9631858181694951,0.9989433483805331,36.9487540571115,0.13538735726114237,0.4798150231221097,True,0.20161413126237246,27.696190935867207,0.6972067021850875,32.861712680627264,0.6830112164610966,0.1773441996018048,M1_016_y768x256,51,5282,39.43736179068193,0.958951087759254,35.83890381169949,0.9988276786847902,0.4764044943820225,0.14239207467345272,97,4,0.0,404,24.687595186514425,0.6189828317936136,0.9648714245233247,18.562385476866254,0.35448981200526675,0.3966326248964946,-3.003374123343491,0.14828775615669354,-11.745302502151073,-0.26164619693478774,0.300299908723432,38.40287385744852,0.9988366689543923
M1_016_y768x512.png,0.22907525457405414,0.10388365031165095,0.18821485449543943,0.10916419414432066,0.6822953114065781,0.9971211123769578,27.544855593479184,0.9912413106148514,35.315358515720774,0.3443974058728157,0.883694910842669,0.40117909563631193,32.1750528554717,0.8886006021334806,15132,26,26,119,124,2.0,1.0,672,672,3169.7627688842476,3.2026609721153236,0.0,-0.07027749623500734,-17.221252640736353,-0.0027329374741664747,-0.007803435231550471,0.031226863613482703,2822.819948196411,0.3443974058728157,0.3443974058728157,26,26,0,119,124,2.0,1.0,26,26,672,672,429,4.716908882268248,3.2026609721153236,3169.7627688842476,0.0,30303,2.002577319587629,4.330954269098599,256x256,65536,dense,Learned,1996,26,100,14162,50.301248388031404,0.9941347270474475,0.9994506131864958,49.22082451751881,0.2774301434988181,0.32867770578353733,True,0.2287036271998678,32.176240414429195,0.8887789548187074,35.32953625390692,0.8347011117784134,0.334864637149888,M1_016_y768x512,95,13434,48.271971171820624,0.9925599026246172,46.012014710486575,0.9990447458464019,0.313170542259333,0.2541094986532054,85,18,0.0,249,22.9587096780455,0.4844033622464902,0.8967603766312916,19.793226880217787,0.7646465063284503,0.2359093313799699,-10.6966561947658,0.6295854121894636,-16.096918316348926,-0.10395930049113666,0.2993527508090615,44.76610823421554,0.9998540498511242
M1_017_y0x512.png,0.4126887973507794,0.3967935871743487,0.5681492109038737,0.41375707444492815,0.9063513255769597,0.9937152906581626,30.375050489566856,0.9869963999149368,33.38780626800023,0.6498661753971289,0.9341252455735971,0.790915499246984,28.855036514130926,0.826278374927365,11163,11,2,42,60,1.9484240687679084,0.18181818181818182,349,340,1712.7463914933403,8.060184889008179,0.0,-0.039163054501072436,-9.89035897052651,-0.005144603018513272,-0.009567012567381572,-0.028405667821637337,5636.550664901733,0.6498661753971289,0.6498661753971289,11,2,9,42,60,1.9484240687679084,0.18181818181818182,11,2,349,340,247,5.037489386745109,8.060184889008179,1712.7463914933403,0.0,36025,3.227179073725701,5.870823255397295,256x256,65536,sparse,Otsu,1030,11,93,10906,44.73268643478757,0.9885482364875601,0.9977934421494536,42.837141521083765,0.5475919458362425,0.6833491982133705,True,0.41260039552811073,28.866197412276115,0.8271997075654948,33.40438638051195,0.96283916890595,0.7615244219698006,M1_017_y0x512,88,10993,42.97455255299218,0.985271683172701,40.39213711650173,0.9965634124823184,0.6782718432187662,0.5329485188935512,76,59,0.0,249,19.459665486398066,0.3653628758700685,0.7895430282996252,16.738649248047142,0.9993638015404614,0.5668382000957396,-7.004330848501496,0.4011767266800459,-14.119516038861253,-0.15899330824533597,0.45185185185185184,40.265409460093366,0.9988598936766758
M1_017_y0x768.png,0.22113863995782815,0.1640807962529274,0.28190619891864704,0.17864541832669323,0.668057210965435,0.9989161499883715,24.188661913936645,0.9971083212783315,32.31807099206345,0.49692257855523164,0.8350013821557543,1.5658142508399775,34.398257456325815,0.9587503089663436,5876,11,12,49,49,2.0076335877862594,1.0909090909090908,262,263,1111.778787337692,3.075878101158298,0.0,0.002421225984939712,-17.829986668413962,-0.0010211822196068976,-0.0025455642262891542,-0.021035627800885026,2364.192485809326,0.49692257855523164,0.49692257855523164,11,12,-1,49,49,2.0076335877862594,1.0909090909090908,11,12,262,263,164,4.2272957693448285,3.075878101158298,1111.778787337692,0.0,21616,3.678692988427502,11.153165418652144,256x256,65536,sparse,Learned,728,11,98,5822,51.602833257293305,0.9923872046540733,0.9998128288633983,47.229080561826144,0.9044944987623136,0.5189501197996079,True,0.22102212855637512,34.400224367963716,0.9628181936631918,32.31245953412951,0.630646094100368,0.9874746413789256,M1_017_y0x768,93,5670,49.13189623295223,0.9922788576178867,42.728356619798916,0.9996538855046206,0.5179582063561167,0.9850792139309321,4,23,0.2234848484848485,344,27.90335855625978,0.6134939825896462,0.9761247391924138,19.478969857881737,0.9997705900545445,0.4591097308488613,-10.410285627735469,-0.15007783177517786,-14.733638776626414,-0.03352854865154309,0.21871741397288844,42.01864858235061,0.9999373322079784
M1_017_y256x512.png,0.11056826947801492,0.07026259758694109,0.13129973474801063,0.07094818081587652,0.8790983606557377,0.9988603143120149,32.03822852577878,0.9921425443312492,33.831747781305836,0.45181519768752143,0.9787344453248021,0.7018293887025233,31.02344493022921,0.8838150083672535,14192,14,28,121,99,2.0402298850574714,2.0,696,710,3303.0003589374837,3.08510361297467,0.0,-0.013032656805273393,-9.9614095306505,-0.0010053503848304057,-0.006567306171529452,-0.0190999368299814,2632.9832077026367,0.45181519768752143,0.45181519768752143,14,28,-14,121,99,2.0402298850574714,2.0,15,28,696,710,476,4.652113181602111,3.08510361297467,3303.0003589374837,0.0,34377,2.4222801578354,4.617812852311161,256x256,65536,sparse,Learned,1665,15,97,13558,47.80890944088097,0.9916227865820729,0.999360675535569,46.56527202648939,0.3644063762875662,0.511553338762215,True,0.10701711291247032,31.02471391123023,0.8852008625922022,33.84585140882689,0.6093721646414789,0.42767529380266256,M1_017_y256x512,93,12670,45.45295101243332,0.9892172792263456,42.833512679941165,0.9987098505027786,0.47091513451750283,0.33649400597660817,92,27,0.0,247,19.539893428758514,0.3871547108042036,0.8814467281758429,16.080964945870512,0.9399953568147473,0.37899636363636363,-9.00176489863533,0.642240439348194,-14.429506082204107,-0.10540227085909215,0.12360092628328831,41.999638056429276,0.9998656646968453
M1_017_y512x256.png,0.197323892330921,0.01038961038961039,0.02056555269922879,0.4,0.010554089709762533,0.9799565521663572,19.872841262931694,0.9999534456158756,26.187466886994045,0.005206435153850159,0.11307956328284252,0.9422651919905075,25.14959498503298,0.7891527371684462,653,1,0,0,2,1.0,0.0,2,1,6.242640687119285,3.4416474501291914,0.0,,,,,,513.6160850524902,0.005206435153850159,0.005206435153850159,1,0,1,0,2,1.0,0.0,1,0,2,1,0,6.242640687119285,3.4416474501291914,6.242640687119285,0.0,28413,43.511485451761104,100.3614088820827,256x256,65536,dense,Frangi,93,1,1,624,32.973465108301035,0.9023186178850773,0.9998729867650976,21.628505707739304,0.9677208359686401,0.005566998830930246,True,0.1974061149018178,25.150863649300103,0.7905868575218561,26.19486173139798,0.9998837770234146,0.9421556791251615,M1_017_y512x256,,,,,,,,,,,,,,,,,,,,,,,,,
M1_017_y512x512.png,0.20661489790048893,0.0,0.0,0.0,0.0,0.9734991047355461,18.674864067090944,0.9999075152722889,25.244252065113383,0.00806751892764056,0.18126924692201818,0.6277222975374086,19.04308672986977,0.4844129245824164,1022,2,0,0,4,1.4285714285714286,0.0,7,5,19.656854249492383,3.167265550295512,0.0,,,,,,705.5075168609619,0.00806751892764056,0.00806751892764056,2,0,2,0,4,1.4285714285714286,0.0,2,0,7,5,3,3.9313708498984767,3.167265550295512,19.656854249492383,0.0,40479,39.60763209393346,64.1252446183953,256x256,65536,sparse,Frangi,132,2,,,,,,,,,True,0.20700966850828728,19.04405424059118,0.484422890785033,25.254549696890614,0.9752764735296606,0.6122027886982202,M1_017_y512x512,,,,,,,,,,,,,,,,,,,,,,,,,
M1_017_y768x512.png,0.2865207487372487,0.0040858018386108275,0.008138351983723296,0.7547169811320755,0.004091234530019434,0.9468778566135184,17.796214352934967,0.9999790123719953,23.42914826506387,0.0018155037166444012,0.1974812020375215,1.2271771814516583,18.67746776232603,0.4799649020801,564,1,0,0,2,1.5,0.0,4,3,11.65685424949238,2.394641583164533,0.0,,,,,,489.1831874847412,0.0018155037166444012,0.0018155037166444012,1,0,1,0,2,1.5,0.0,1,0,4,3,2,3.8856180831641267,2.394641583164533,11.65685424949238,0.0,40623,72.02659574468085,116.19858156028369,256x256,65536,sparse,Frangi,49,1,,,,,,,,,True,0.28629538990673986,18.679606219935252,0.48001563497018546,23.463900001359754,0.8034162375845832,0.9859340739715448,M1_017_y768x512,,,,,,,,,,,,,,,,,,,,,,,,,
M1_018_y256x256.png,0.05977685278687717,0.0,0.0,0.0,0.0,0.9923220576170092,25.29299660338601,0.9999920640970675,28.31424485489952,0.0021435434991499743,0.164729788588728,1.986433861901892,20.498854915582715,0.6176371312809585,736,2,0,1,5,1.3333333333333333,0.0,6,4,18.48528137423857,2.395649556098161,0.0,,,,,,600.4188060760498,0.0021435434991499743,0.0021435434991499743,2,0,2,1,5,1.3333333333333333,0.0,2,0,6,4,0,4.621320343559643,2.395649556098161,18.48528137423857,0.0,32311,43.900815217391305,89.04347826086956,256x256,65536,sparse,Frangi,83,2,,,,,,,,,True,0.05990123456790124,20.49903241791263,0.617864756784933,28.288916244806952,0.5034146962085904,0.9999999991277979,M1_018_y256x256,,,,,,,,,,,,,,,,,,,,,,,,,
M1_018_y256x768.png,0.5706111070354339,0.3572300183038438,0.5264104293099573,0.377498388136686,0.8693392724573126,0.9877468058661346,24.125413763140607,0.9844225358100847,35.444953418265335,0.5596737962691669,0.818530315480142,0.48973244033313684,29.926133185484176,0.8964892056673189,10184,15,6,34,55,1.9366197183098592,0.4,284,275,1444.8691911333128,7.307880712607856,0.0,0.04701016561283977,-21.04019285854948,-0.011444391835958134,-0.013351603346446361,-0.004371874696487366,13574.764013290405,0.5596737962691669,0.5596737962691669,15,6,9,34,55,1.9366197183098592,0.4,15,6,284,275,195,5.254069785939315,7.307880712607856,1444.8691911333128,0.0,26441,2.5963275726630006,6.435192458758838,256x256,65536,sparse,Otsu,1396,15,98,9166,49.846000741967735,0.992462632009987,0.9984866974078302,47.6077821186259,0.40547945202980573,0.562739751351851,True,0.5712292553972683,29.929672005632987,0.8977244842980314,35.45176370559548,0.9312652235218182,0.45607079051272414,M1_018_y256x768,94,9221,48.83494627558228,0.9920668057590355,45.84618002946967,0.997774139156531,0.5640456709656543,0.38727934835070577,65,32,0.0,249,24.98526072526342,0.42113561606927147,0.8895680647395678,23.828570567322103,0.8655639512063261,0.5536815607300188,-10.401226611204336,0.4312509671294362,-18.908813090098107,-0.09557760009171656,0.5236009414225942,45.16560662169009,0.9991911977020927
M1_018_y512x256.png,0.24048309178743962,0.2862627986348123,0.4451077943615257,0.33352663408168337,0.6688818740654594,0.9939964276481743,30.57512803033451,0.9941005761688148,34.86500175751922,0.5362283483776531,0.5156754310446374,0.4710610653490035,28.811750947147043,0.7735011304454168,7361,24,0,22,70,1.7798165137614679,0.0,218,194,961.1513703397217,5.980975369378019,0.0,-0.04484114029447164,-11.541393727100193,-0.0053339128769858135,-0.004048260379176716,-0.055269993497535364,5464.734315872192,0.5362283483776531,0.5362283483776531,24,0,24,22,70,1.7798165137614679,0.0,24,0,218,194,126,4.954388506905775,5.980975369378019,961.1513703397217,0.0,34825,4.731014807770683,8.903138160576008,256x256,65536,sparse,Otsu,744,24,89,7010,43.32938971575275,0.9799687417398574,0.9981197158678349,41.18543853278722,0.23151430728480504,0.596049457177322,True,0.23898763523956723,28.811766840037905,0.773538644729771,34.88152422907036,0.6884370411702505,0.324295886039374,M1_018_y512x256,77,7354,43.351359536198714,0.9806611703533712,40.95214295552891,0.9981488365479915,0.5914983418751885,0.20780870397879925,105,20,0.0,279,21.96333272849598,0.5775202070643082,0.9073424299220151,17.045575380736274,0.7851419663970349,0.3151143335192415,-6.0871411980096966,0.3078667270658382,-14.53960858905167,-0.2071600399079544,0.28532423208191127,42.116521757434704,0.9993303405251601
M1_018_y512x768.png,0.003393912853076418,0.12658774734295342,0.22472771897530294,0.30913694872335934,0.17652729244487286,0.9813193321734265,28.019937361121265,0.9977648026961368,33.16319389981146,0.18273897446718718,0.20058172153962772,0.08626842392578278,28.9139018821248,0.7306942035873997,5073,31,0,6,68,1.4655172413793103,0.0,116,85,359.9066376115484,4.2881243269048435,0.0,-0.0003142341640464965,-12.705479486662398,-0.01660241800721629,-0.00137983993719204,-0.0025162240205254816,3091.360330581665,0.18273897446718718,0.18273897446718718,31,0,31,6,68,1.4655172413793103,0.0,31,0,116,85,42,4.234195736606448,4.2881243269048435,359.9066376115484,0.0,32745,6.454760496747487,12.91858860634733,256x256,65536,dense,Meijering,650,31,85,4904,42.35313547940216,0.9732966726540957,0.9993877419013405,39.17407676813472,0.04781887030149512,0.18168452005881117,True,0.003393912853076418,28.915155476028396,0.7307459331517091,33.16270799559171,0.7390768636472044,0.06375899618685499,M1_018_y512x768,57,5025,41.32611280401814,0.9664495311337732,37.108764740771,0.9991446426333288,0.18525519848771266,0.06573952642278647,20,0,0.8225806451612903,410,26.014910039668486,0.6544551057896594,0.9750459580545693,18.60264726826739,0.07688365361336424,0.18752633796881585,-3.9455708409595402,0.13484219511684126,-12.412210921893337,-0.23575532754637352,0.0037081470171229144,40.72541684778366,0.9979217501806428
M1_018_y768x256.png,0.23962547682348861,0.1429045918790999,0.25007265329845974,0.14769996567112942,0.8148674242424242,0.9953896608492313,22.45321007874906,0.9924784500495877,35.67835328169599,0.5818891491022639,0.7737240484507784,0.4467333455621692,32.88694629591969,0.90890292843349,7414,10,1,21,39,1.8971428571428572,0.1,175,166,839.6244584051401,8.109319696832946,0.0,0.03673823530963766,-22.712769850797443,-0.004498608152841754,-0.0065130103400653505,-0.03514471161043764,12666.37134552002,0.5818891491022639,0.5818891491022639,10,1,9,21,39,1.8971428571428572,0.1,10,1,175,166,115,5.057978665091201,8.109319696832946,839.6244584051401,0.0,22487,3.0330455894254116,8.839492851362287,256x256,65536,sparse,Otsu,1058,10,98,7342,50.6442113952182,0.9939400934803737,0.9993131572032973,47.38313368177308,0.3899935293729513,0.6190581799364234,True,0.23325089928057555,32.89493805949875,0.9097249781027434,35.68999619157407,0.8098610198984795,0.36179192285963824,M1_018_y768x256,93,7289,49.93935823895346,0.9940385707631959,45.562081055750625,0.998991460389653,0.6170338607127015,0.3424836933740326,56,12,0.0,278,28.634008815490823,0.6433763049516467,0.9242346075267743,22.989538617670814,0.9994243438285128,0.5316172759391449,-9.883727774054634,0.43124035507674574,-17.052411943033768,-0.08513564232970594,0.20288724151385096,45.1659799295465,0.9998882690020731
M1_018_y768x768.png,0.008771929824561403,0.01694915254237288,0.033333333333333326,0.022448979591836733,0.06470588235294118,0.995587138257595,20.864914000197242,0.9983488909847834,31.214662560907023,0.570771001150748,0.5266877687902607,0.4410951634837263,28.77915188304594,0.8732680768263871,2966,5,0,3,13,1.7826086956521738,0.0,46,41,201.8822509939086,7.203974065454027,0.0,0.008771929824561403,-18.06456861729095,-0.004047222696692443,-0.0008566678918384696,-0.0004959671750438543,2265.3324604034424,0.570771001150748,0.570771001150748,5,0,5,3,13,1.7826086956521738,0.0,5,0,46,41,30,4.923957341314843,7.203974065454027,201.8822509939086,0.0,21064,7.101820633850304,22.09575185434929,256x256,65536,sparse,Otsu,320,5,87,2932,45.90618401960243,0.9866633755695482,0.9998105481245718,39.56381408650968,0.10071371430332399,0.5661764705882353,True,0.00904271905207359,28.777280117680725,0.8751337691399805,31.223147015386708,0.36871635449307405,0.16263900066424608,M1_018_y768x768,48,2959,42.317366893398926,0.9442744315000602,34.07395061755637,0.9992055588766219,0.5712669683257918,0.10667069188775713,25,0,0.0,3191,45.7860469384902,0.9814877256133114,0.9998397698790918,40.75072202343024,0.10237240356956512,0.5667420814479638,-2.8592880566493477,0.42001707690250356,-13.538215010352985,-0.07100635467367311,0.0,38.92948261748819,0.9996343609542875
M1_019_y256x0.png,0.174994269997708,0.11696380334954079,0.2094316807738815,0.11984500415167451,0.8295019157088123,0.998380548215128,28.68241514561192,0.9939180357613371,35.18111681443752,0.42713053647127613,0.9926590404372896,1.3809826940733247,32.8186150746094,0.9383004144348105,11048,7,18,66,49,2.0552763819095476,2.5714285714285716,398,409,1957.545381366564,3.09225795061309,0.0,-0.025725339357213606,-17.021971602306714,-0.001580083329550952,-0.005408244994873579,-0.028232190232914012,4703.60255241394,0.42713053647127613,0.42713053647127613,7,18,-11,66,49,2.0552763819095476,2.5714285714285716,7,20,398,409,283,4.786174526568606,3.09225795061309,1957.545381366564,0.0,23410,2.118935553946416,5.93193338160753,256x256,65536,dense,Learned,1787,7,100,8064,51.43470013306236,0.993212529044275,0.9995029660934514,49.0765271247393,0.8413941893528982,0.46315062183325656,True,0.17514901421366347,32.828188336156344,0.9414832802061861,35.1937377569488,0.5950533706734951,0.8217584069500959,M1_019_y256x0,96,10149,50.59554714729821,0.9937702176096336,46.9334136971544,0.9993262807562107,0.45536272670419015,0.7901110023406555,17,41,0.0,250,23.66991554744377,0.45866045975925057,0.9443666882983048,17.75060860721244,0.9909047228983042,0.32274484536082476,-11.752296882716877,0.20254803809663413,-17.776932072688815,-0.055469803174823085,0.2007196093549216,45.70438674791863,0.999960631544679
M1_019_y256x256.png,0.3705831431494452,0.4146121752323156,0.5861849381640246,0.4373374674934987,0.8886292043491515,0.9892587334850359,28.833727642678305,0.9860957769051998,33.93078600702003,0.3448612262816448,0.7687395064986046,0.337249298156298,27.08853495798789,0.739493946175735,11124,19,3,44,77,1.9050445103857567,0.15789473684210525,337,321,1570.3372285648504,6.5685877839679305,0.0,-0.05053131247055337,-12.954936571703222,-0.009672289350289298,-0.010843699617083424,-0.06807504987098606,8072.016000747681,0.3448612262816448,0.3448612262816448,19,3,16,44,77,1.9050445103857567,0.15789473684210525,19,4,337,321,216,4.892016288364009,6.5685877839679305,1570.3372285648504,0.0,37196,3.3437612369651206,5.891405969075872,256x256,65536,sparse,Otsu,1145,19,92,10558,43.895455042330696,0.9845412562142538,0.9974589837357382,42.87404538679659,0.22236073913382037,0.441862652869238,True,0.36992445703493865,27.100068642614943,0.7396233618096305,33.9559517740575,0.7367725632796109,0.24847602986686546,M1_019_y256x256,87,11114,43.4021887707613,0.9837815719096272,41.61492572815832,0.9969394765222832,0.41293627615263084,0.21258511762731214,120,21,0.0,248,19.847307963138853,0.4657907680991997,0.8402901445756208,16.275029298995463,0.9963753588910342,0.3132998471281939,-7.684139721138287,0.5561543888712924,-16.31365381277341,-0.24428762573389218,0.42111445561999855,41.78866421438153,0.9989310228353252
M1_019_y256x512.png,0.4459549071618037,0.27481759893875746,0.4311481096080471,0.31387567863305416,0.6883248730964467,0.9808528395831746,28.06842088043804,0.9885766164915399,34.070709956294046,0.3666627316727659,0.8856492555758181,0.33158241329561244,29.351011696652016,0.8046857447841287,19305,32,38,162,155,2.013777267508611,1.1875,871,877,4070.914139223954,3.243500635484319,0.0,-0.020026554468816127,-15.298123387080025,-0.01797737013584344,-0.009936608220341925,-0.02372084892528159,2908.360481262207,0.3666627316727659,0.3666627316727659,32,38,-6,162,155,2.013777267508611,1.1875,33,40,871,877,554,4.641863328647642,3.243500635484319,4070.914139223954,0.0,37807,1.9584045584045584,3.394768194768195,256x256,65536,dense,Learned,2441,33,97,18274,47.19144013673615,0.9920233764784308,0.9992104247616299,46.90413983372477,0.2820873734692959,0.4044429306690887,True,0.4460436426344764,29.34870499383527,0.8047726288606714,34.0920132249972,0.9049482057513649,0.300064909970572,M1_019_y256x512,94,17579,44.70616113876324,0.9861793833361201,43.89521810845035,0.9985132247118819,0.3903835805980475,0.2769143812134005,123,44,0.0,249,20.030218365584062,0.49169509068900813,0.8676052683067805,17.34211027734509,0.9145650490326788,0.2698943612899629,-9.824508152156305,0.6087348743624176,-15.355149442111227,-0.1814936385519914,0.4659814616306198,43.366544267518066,0.998830209719018
M1_019_y256x768.png,0.4479150234001157,0.3590173447675543,0.5283484366845377,0.4769982009766127,0.5920884729902169,0.9848041965139213,29.827469897891085,0.9938067398832167,34.58216959776968,0.46047924731709705,0.41891436633217993,0.6859034244770118,29.46596058789192,0.7492922548898276,7554,35,0,17,87,1.7188755020080322,0.0,249,214,1035.950360212946,4.868976033982473,0.0,-0.036263419381818374,-11.046499303084694,-0.013129398655166158,-0.004167659668047663,-0.00010396032493409368,3808.206081390381,0.46047924731709705,0.46047924731709705,35,0,35,17,87,1.7188755020080322,0.0,35,0,249,214,145,4.8408895337053455,4.868976033982473,1035.950360212946,0.0,35339,4.678183743711941,8.67566851998941,256x256,65536,sparse,Meijering,800,35,89,6906,42.66047966354846,0.9769463071659542,0.9979685174306672,40.53443251867659,0.5022783458943028,0.4616004431686559,True,0.4485425655056298,29.468837486426057,0.7493489561989632,34.61330333318467,0.8067240587215473,0.5533347944851033,M1_019_y256x768,78,7461,42.701194567578476,0.9772950983396297,40.30094659401314,0.9979743995512643,0.46058320764203114,0.497276160109132,70,48,0.0,279,24.161602748052807,0.5778391378936496,0.9323735731173484,19.73028894593836,0.9999999317439663,0.31990794016110474,-5.718776996243463,-0.07836179377695207,-13.235233979686555,-0.22800284344980204,0.48417844278193406,40.87396920097578,0.9979335951690874
M1_019_y512x0.png,0.0008916629514043691,0.06446324695928081,0.12111878384420487,0.06515232495991448,0.8590556730091614,0.9990847796616029,30.92657997096593,0.9910003088178266,35.657841628215614,0.04319965824745021,0.9993622090545347,0.11080515534316505,31.647010977387385,0.8823372545666323,13174,7,40,151,91,2.0925666199158486,5.714285714285714,713,746,3379.8998538740934,3.2828357747875017,0.0,-0.0004155265910792909,-14.255570490729827,-0.0008644426515024284,-0.00789512645341195,-0.000823152603692999,2860.830068588257,0.04319965824745021,0.04319965824745021,7,40,-33,151,91,2.0925666199158486,5.714285714285714,8,39,713,746,471,4.530696855059129,3.2828357747875017,3379.8998538740934,0.0,29750,2.2582359192348567,4.974647032032792,256x256,65536,sparse,Learned,1573,8,99,12928,49.946801507250825,0.9935246650312165,0.999373443269439,48.745948665571966,0.052946790556338885,0.044134107989979215,True,0.0008908685968819599,31.6585514001817,0.8844961233574163,35.67430256651158,0.4155843717880138,0.04604889087416253,M1_019_y512x0,95,13115,48.18300397452389,0.9924502068835228,46.01966386369158,0.9988954352712386,0.04402281085114321,0.05370413014766584,25,0,0.0,249,21.3965252488161,0.40729942719597634,0.9005266863640582,18.938781725213264,0.9321190606282386,0.33816869051526094,-10.361822235475962,0.9456580789068688,-16.535992997136507,-0.11011295231689056,0.00130718954248366,45.182150461695755,0.9999492223131053
M1_019_y512x512.png,0.13641310920304753,0.0,0.0,0.0,0.0,0.9751550341365806,19.54377543174952,0.9999587183183345,28.713346099829277,0.014181152790484904,0.164729788588728,1.0215212618929526,22.577860653050237,0.5321333462853212,1103,2,0,0,4,1.2,0.0,5,3,17.242640687119284,3.6596297407150273,0.0,,,,,,619.7144985198975,0.014181152790484904,0.014181152790484904,2,0,2,0,4,1.2,0.0,2,0,5,3,1,5.747546895706428,3.6596297407150273,17.242640687119284,0.0,39128,35.47416137805984,59.41613780598368,256x256,65536,dense,Frangi,176,2,,,,,,,,,True,0.1362564257635319,22.5764029322001,0.5321106993840563,28.715039055736213,0.7423105239119594,0.7582859831029636,M1_019_y512x512,,,,,,,,,,,,,,,,,,,,,,,,,
M1_019_y512x768.png,0.2507079964986355,0.22640543899407853,0.3692179303767286,0.2510538261997406,0.6975225225225226,0.9811241225044772,29.0842041688257,0.9902114964062612,34.26968346432231,0.3515646074993256,0.8880173986345751,0.3325422733543022,29.334575514242268,0.8050166680628548,19972,33,33,150,156,2.0,1.0,910,910,4200.458295101242,3.2100741636223367,0.0,-0.0016019573022884592,-15.63840813841179,-0.018080079532577398,-0.00862698299149478,-0.000802700455374894,2978.773832321167,0.3515646074993256,0.3515646074993256,33,33,0,150,156,2.0,1.0,34,31,910,910,604,4.615888236375019,3.2100741636223367,4200.458295101242,0.0,38055,1.9054175846184658,3.281393951532145,256x256,65536,dense,Learned,2540,34,97,17886,47.11047673166991,0.9922876637966197,0.9992317158231457,46.79229892465663,0.31186517370996236,0.35221027479091993,True,0.25079855744461615,29.34023269682939,0.8052459005209047,34.289584239923414,0.8767244682473805,0.29154794777632564,M1_019_y512x768,95,19714,45.46473532087538,0.9891488201678675,44.70276987943684,0.9988384793977559,0.3523673079547005,0.3181574560304651,115,47,0.0,245,21.330436407828334,0.4926319671282738,0.8994525643261186,19.41505248646184,0.9276808753392369,0.23703126353165324,-10.43308641511453,0.56985994260411,-16.13015980663311,-0.18413215210501277,0.25230995380092397,44.72261230723749,0.9992042020370546
M1_019_y768x512.png,0.13551401869158877,0.06351978673530358,0.11945200743333764,0.06439888164026095,0.8231089934484812,0.998623842314748,29.854965019080524,0.9896803702897867,35.80173752980838,0.15078402300399874,0.9862309689207631,0.3449008066928984,30.723438358196795,0.8893775415099552,15552,15,28,138,117,2.033810143042913,1.8666666666666667,769,782,3635.7993488107,3.396897925686833,0.0,0.052371747664679155,-15.196255326024215,-0.0013010640441084576,-0.008894640736382686,-0.34388818931527243,6214.411497116089,0.15078402300399874,0.15078402300399874,15,28,-13,138,117,2.033810143042913,1.8666666666666667,15,27,769,782,514,4.649359781087879,3.396897925686833,3635.7993488107,0.0,31454,2.022505144032922,4.2139917695473255,256x256,65536,sparse,Learned,2010,15,99,15110,49.56391878381197,0.993290782554134,0.9991600786021417,48.781491392110006,0.4407472974413045,0.5032207690806169,True,0.13455349959774737,30.722095797591837,0.8903248093409953,35.80797951684056,0.5521663055958053,0.19044260422863069,M1_019_y768x512,95,14741,47.60904099683923,0.9910451919940781,46.011138100240494,0.9985750110261694,0.49467221231927117,0.45573259889230133,89,49,0.0,247,21.05566646244496,0.5136845069830513,0.8963424477661541,18.098043735710196,0.999509458168887,0.37951191381163335,-10.209400570432116,0.5304983700284618,-16.885602638642432,-0.10166765048412296,0.08314227102690962,45.05122034510474,0.9999249063588564
M1_020_y256x512.png,0.02668352408836838,0.0,0.0,0.0,0.0,0.9959113222440551,22.066007699993584,0.9999796055855972,23.993419062235695,0.0024287187676747513,0.21337213893344664,1.7156365407382423,22.049551749474382,0.554552872927853,691,1,0,0,2,1.5,0.0,4,3,11.828427124746192,2.510855084657669,0.0,,,,,,577.5597095489502,0.0024287187676747513,0.0024287187676747513,1,0,1,0,2,1.5,0.0,1,0,4,3,2,3.942809041582064,2.510855084657669,11.828427124746192,0.0,38361,55.515195369030394,94.84225759768451,256x256,65536,sparse,Frangi,71,1,,,,,,,,,True,0.02670395897845703,22.04912746022616,0.5547374073317208,23.996844987847954,0.38532811057020366,0.6610829866678671,M1_020_y256x512,,,,,,,,,,,,,,,,,,,,,,,,,
M1_020_y256x768.png,0.22848679098679098,0.20090588827377956,0.33459056240046936,0.20902712325897999,0.837951301427372,0.9920013497365061,28.799909896861177,0.9861534383873911,34.57871483572681,0.5707887435592549,0.9586217541990296,1.04297522417839,31.995746852019366,0.8829478121475719,8849,8,5,38,46,1.9792387543252594,0.625,289,286,1451.6681810065375,7.9594714624999465,0.0,-0.035964733819763395,-11.458865458583741,-0.007041816784853827,-0.00998892205229518,0.010081776346140159,5104.218244552612,0.5707887435592549,0.5707887435592549,8,5,3,38,46,1.9792387543252594,0.625,8,3,289,286,205,5.075762870652219,7.9594714624999465,1451.6681810065375,0.0,31602,3.571250988812295,7.406034580178551,256x256,65536,sparse,Otsu,904,8,94,7904,46.16529153325371,0.9870114125186918,0.9971302365565876,43.536976641867895,0.5793545292384208,0.5995994325294167,True,0.22160534487625858,31.9768822244594,0.884380183878772,34.59964917558,0.8104937613438706,0.84532491243281,M1_020_y256x768,89,8250,44.63627814201928,0.9847195808644218,41.239446230383514,0.9961423604396863,0.5607069672131147,0.677450930231605,40,64,0.0,247,20.555882539888394,0.3617647343766363,0.8518281381609094,16.941968223386045,0.7570743865512575,0.4740021410001529,-6.6607313946567075,0.28117082396742465,-12.640531289999913,-0.1017717687168499,0.26445152480655437,40.25877535544492,0.9990431665213599
M1_020_y512x512.png,0.2331584841162256,0.019963369963369962,0.03914526845035015,0.16925465838509315,0.022131979695431472,0.983383775950024,18.886680476775073,0.9998040766439766,26.930080156393252,0.035207763125155514,0.22275526193105388,1.4823931003729443,20.22466561278437,0.5324814791562055,1559,5,0,0,10,1.4736842105263157,0.0,19,14,65.04163056034261,3.5713651259740193,0.0,0.13068680543445424,-3.9537301080638656,-0.00485452479379056,0.0008587526679454394,-0.03706731616043954,941.978931427002,0.035207763125155514,0.035207763125155514,5,0,5,0,10,1.4736842105263157,0.0,5,0,19,14,9,4.645830754310187,3.5713651259740193,65.04163056034261,0.0,40655,26.077613855035278,42.03720333547145,256x256,65536,sparse,Frangi,165,5,2,1530,30.223466100346958,0.8272941125280256,0.9995272440911417,22.5229589865973,0.2032562915414371,0.06642066420664207,True,0.2335043339819565,20.2274320648807,0.5325436610197326,26.936860238061055,0.5101637907169381,0.7562632834188957,M1_020_y512x512,3,1478,24.34552022894033,0.606565092188334,19.022902946267116,0.9989453239760312,0.07227507928559505,0.18355497501549822,93,3,0.0,6158,38.4443768574066,0.9554904558581839,0.9999769994086459,35.787611893400644,0.12850387435537203,0.07182999648753073,7.907177210126136,0.03920028691555566,-4.12085461615596,-0.07408361303212851,0.10247167868177137,22.84041058483894,0.9882383007438146
M1_020_y768x256.png,0.03496591769755112,0.028688524590163935,0.05577689243027889,0.028973202440965774,0.7448840381991815,0.9992851235019594,31.500912058485987,0.9917737436496558,35.686221248818406,0.4543998651382333,0.9759471070335667,2.56551692324924,33.183016525287165,0.8949802636077636,13570,16,37,134,101,2.0584958217270195,2.3125,718,739,3381.703894381204,3.282882274716214,0.0,-0.00041284315391754145,-13.465353557976535,-0.0006763507634659494,-0.007085889296183812,-0.00819637184146943,2842.7910804748535,0.4543998651382333,0.4543998651382333,16,37,-21,134,101,2.0584958217270195,2.3125,16,35,718,739,483,4.576053984277695,3.282882274716214,3381.703894381204,0.0,31681,2.334635224760501,4.829476787030214,256x256,65536,sparse,Learned,1643,16,98,12824,48.574660620515395,0.9912568601505133,0.999216607382844,47.706309594323756,0.5659586116710356,0.45949628406275805,True,0.034144259496372176,33.178830884092115,0.894978219311734,35.694250051616685,0.23814573891016244,0.6109669233737167,M1_020_y768x256,94,12484,47.356931578606556,0.9897648231197134,45.55942612138522,0.9988596329458396,0.46259623697970276,0.5881561931544951,45,38,0.050892857142857184,246,22.16524487620513,0.5787792958919782,0.8835970842563903,18.212608196395262,0.9896420402823863,0.3369181133814718,-9.873204872566816,0.3877909138790716,-14.17391505331939,-0.09478455951194975,0.03537876085146866,44.96626561646252,0.9999614742654254
M1_020_y768x512.png,0.04605691940039105,0.09819967266775777,0.17883755588673622,0.11987213638785296,0.35197497066875244,0.9923971118991843,23.89586302874494,0.9968230701115941,31.77041415797579,0.29214077798359356,0.2460136030979957,0.21390332140342452,27.303811895583845,0.729175486366616,6096,42,0,10,94,1.5434782608695652,0.0,184,142,627.2152954766503,4.40679604938579,0.0,-0.005141546563175586,-12.884989222159604,-0.006943800698992475,-0.0020452417830227887,-0.01361641851202594,2361.938714981079,0.29214077798359356,0.29214077798359356,42,0,42,10,94,1.5434782608695652,0.0,42,0,184,142,80,4.417009123074997,4.40679604938579,627.2152954766503,0.0,37091,6.084481627296588,10.750656167979002,256x256,65536,sparse,Meijering,474,42,83,5840,40.74974228607508,0.9675152250125744,0.9991410437582268,37.8107503164035,0.10326958250176455,0.29771758214196137,True,0.04729148753224419,27.306595061410377,0.7291856588691963,31.788713200515364,0.5120293410309519,0.10952477670252736,M1_020_y768x512,59,6065,39.69065734159657,0.9642119569182062,35.48618551505244,0.9988683118946169,0.3057571964956195,0.09688444142117636,84,1,0.0,335,21.76618008319703,0.5696600733708378,0.9386767795963104,15.292681140352641,0.8285990962365337,0.23534572801336953,-3.715771357076651,0.14912916167681933,-12.386845446012725,-0.23503647055159016,0.051198465963566635,36.780852250904545,0.9993409125981768
M1_020_y768x768.png,0.16444656327995738,0.005092514004413512,0.010133423408208076,0.5263157894736842,0.005115961800818554,0.9686809147901986,19.892552786034283,0.9999933827596637,25.738001824557738,0.0015984744384306907,0.1974812020375215,1.4346931267794794,22.18930058884897,0.6999854109003825,530,1,0,0,2,1.5,0.0,4,3,11.65685424949238,2.65678829451402,0.0,,,,,,509.65213775634766,0.0015984744384306907,0.0015984744384306907,1,0,1,0,2,1.5,0.0,1,0,4,3,2,3.8856180831641267,2.65678829451402,11.65685424949238,0.0,32234,60.8188679245283,123.65283018867925,256x256,65536,sparse,Frangi,57,1,,,,,,,,,True,0.16433135298733326,22.189455166850387,0.7013481205836848,25.700514248527217,0.6969931904612345,0.9999713397668338,M1_020_y768x768,,,,,,,,,,,,,,,,,,,,,,,,,
M1_021_y256x0.png,0.077547363031234,0.0,0.0,0.0,0.0,0.9893364133575144,24.74096600716132,0.9999916743841054,24.265729193518585,0.001075268817204301,0.11307956328284252,1.6902628384148046,24.847483776497576,0.755089552915622,474,1,0,0,2,1.3333333333333333,0.0,3,2,5.414213562373095,2.534183065096537,0.0,,,,,,476.2096405029297,0.001075268817204301,0.001075268817204301,1,0,1,0,2,1.3333333333333333,0.0,1,0,3,2,1,2.7071067811865475,2.534183065096537,5.414213562373095,0.0,28295,59.69409282700422,138.26160337552741,256x256,65536,sparse,Frangi,41,1,,,,,,,,,True,0.07756126289913708,24.846448532349573,0.7557699689207596,24.214409864208477,0.591619342535566,0.9999921891752664,M1_021_y256x0,,,,,,,,,,,,,,,,,,,,,,,,,
M1_021_y512x0.png,0.2915291529152915,0.0,0.0,0.0,0.0,0.9721556560519352,23.01008664091369,0.99987947653743,24.296185594046374,0.015091902049445065,0.13064176460119425,0.6072770423394882,20.70676478187755,0.5346980515150761,1184,5,0,0,10,1.2307692307692308,0.0,13,8,32.89949493661167,2.920919837095799,0.0,,,,,,644.3426609039307,0.015091902049445065,0.015091902049445065,5,0,5,0,10,1.2307692307692308,0.0,5,0,13,8,3,4.112436867076458,2.920919837095799,32.89949493661167,0.0,36754,31.04222972972973,55.351351351351354,256x256,65536,sparse,Frangi,137,5,,,,,,,,,True,0.2925621576064054,20.707735495221606,0.5347418259319605,24.296009350606546,0.8093169888524986,0.4914796273054459,M1_021_y512x0,,,,,,,,,,,,,,,,,,,,,,,,,
M1_021_y512x512.png,0.21127413127413128,0.0844608659450458,0.1557656317481645,0.09356624005534417,0.46464357286000574,0.9919933476702132,26.506441310730303,0.9920881727059814,35.41554010699636,0.2041960370760948,0.6602629467365024,0.5186537539384208,31.591387120792316,0.8841197593052113,12903,48,13,81,152,1.8914728682170543,0.2708333333333333,645,610,2921.1647891378034,3.0284482561717603,0.0,-0.001171177427861908,-17.761647992550373,-0.007679386837593061,-0.006739603433568497,0.0039822656989570715,2925.729513168335,0.2041960370760948,0.2041960370760948,48,13,35,81,152,1.8914728682170543,0.2708333333333333,48,13,645,610,412,4.788794736291502,3.0284482561717603,2921.1647891378034,0.0,33397,2.5883127954739207,5.079128884755483,256x256,65536,sparse,Learned,1501,48,96,11086,46.822491304863945,0.9883269427524932,0.9989476239714227,45.84227911467974,0.1424253589925042,0.20378587878447452,True,0.21102192034578574,31.591553683285216,0.8842280487797783,35.43582850402558,0.3734332712858762,0.19368256799792438,M1_021_y512x512,93,12394,46.49243249761958,0.9882290306723649,44.88039858685482,0.9988277761395499,0.20021377137713772,0.13983660310528234,79,2,0.25400641025641024,248,21.600125270422048,0.6070669905992767,0.8872777178923529,17.65334758275176,0.8477486068802578,0.25321569387887016,-9.464858479858457,0.5204263436312201,-14.901045376827266,-0.10410927136715364,0.21244530870199319,44.268089303280675,0.9996727345078062
M1_021_y512x768.png,0.13199882895410964,0.009628610729023384,0.01907356948228883,0.5555555555555556,0.009703354588300527,0.9863584847139566,22.020863362702265,0.9999921771271819,23.573997962552966,0.002305496596647881,0.22894841419643375,1.6007945707167675,24.709687142834508,0.7836630504193719,491,1,0,0,2,1.5,0.0,4,3,13.656854249492381,2.414986513058345,0.0,,,,,,495.65839767456055,0.002305496596647881,0.002305496596647881,1,0,1,0,2,1.5,0.0,1,0,4,3,2,4.552284749830794,2.414986513058345,13.656854249492381,0.0,26794,54.57026476578412,133.47454175152748,256x256,65536,sparse,Frangi,60,1,,,,,,,,,True,0.13188299817184643,24.710214419999474,0.7860016102899292,23.581941169031666,0.6246889011486004,0.999998601345703,M1_021_y512x768,,,,,,,,,,,,,,,,,,,,,,,,,
M1_021_y768x512.png,0.27426039144885317,0.019083579957138483,0.03745243340676947,0.518005540166205,0.019428571428571427,0.9462950781264107,18.895467751744984,0.9998523483978805,26.587350528660465,0.016703214668968413,0.13064176460119425,0.9523389930380083,19.90120168089564,0.5659895498992421,1245,5,0,0,10,1.1666666666666667,0.0,12,7,33.31370849898476,3.3370699296394988,0.0,,,,,,601.1459827423096,0.016703214668968413,0.016703214668968413,5,0,5,0,10,1.1666666666666667,0.0,5,0,12,7,2,4.75910121414068,3.3370699296394988,33.31370849898476,0.0,36451,29.277911646586347,52.63935742971888,256x256,65536,sparse,Frangi,136,5,,,,,,,,,True,0.27699066012347634,19.90031479286001,0.5663349052316585,26.580841902522643,0.7948471565820229,0.7569639407184477,M1_021_y768x512,,,,,,,,,,,,,,,,,,,,,,,,,
M2_001_y256x0.png,0.0,0.07880518678604508,0.1460971596193747,0.07924557590810308,0.9341262580054894,0.9991347914624045,37.79032812054821,0.9876778362862079,38.50491509756946,0.00935374149659864,0.9787627805033855,0.12501039709598777,36.2548794401675,0.9571616219982195,9655,10,10,75,80,2.0,1.0,461,461,2199.7657274770954,3.260474313441906,0.0,0.0,-8.840204147630743,-0.0007230117916445788,-0.01060862916677685,0.0012817141758907843,7237.237453460693,0.00935374149659864,0.00935374149659864,10,10,0,75,80,2.0,1.0,10,10,461,461,306,4.7717260899720015,3.260474313441906,2199.7657274770954,0.0,21037,2.178871051268773,6.787778353184878,256x256,65536,sparse,Learned,1614,10,100,6346,51.19941153914837,0.9902785859702963,0.998317803990789,49.058472554555465,0.026314250646854886,0.007994411673393357,True,0.0,36.27599704718651,0.9611129377148959,38.50701219697511,0.6780417284623241,0.08476226572272505,M2_001_y256x0,96,8008,51.01582578864205,0.9916741060120106,48.50770873052076,0.9982864654529847,0.008072027320707855,0.026314250646854886,3,0,0.15000000000000002,246,28.41872173143967,0.522748018163908,0.9377350966065968,24.286054033115626,0.8021013009163853,0.1437056791320686,-10.002793632951303,0.9524485298565306,-14.760946348474548,-0.034512484013791034,0.0,46.63053226817895,0.999857803254049
M2_001_y256x256.png,0.005862779274282998,0.06172839506172839,0.11627906976744187,0.19570707070707072,0.08271077908217717,0.9818272566263729,28.83309076246978,0.9986228943363255,32.93003248558377,0.3055555555555556,0.15689743917526577,0.09759507014051949,32.22600897772264,0.8399568760342079,2780,15,0,0,30,1.3333333333333333,0.0,45,30,126.6690475583121,4.799422256912925,0.0,-3.71826813019404e-06,-10.66052835322234,-0.015416098182866933,-0.0006185028622619493,0.004967814161768835,1658.907413482666,0.3055555555555556,0.3055555555555556,15,0,15,0,30,1.3333333333333333,0.0,15,0,45,30,15,4.22230158527707,4.799422256912925,126.6690475583121,0.0,29905,10.757194244604317,23.57410071942446,256x256,65536,dense,Meijering,348,15,82,2698,42.86804121618388,0.9688232147221171,0.9995939738745542,37.335793607828776,0.06241179895142723,0.3042383550146874,True,0.005862779274282998,32.22601351615379,0.8401314632739524,32.951360519157056,0.6927212613988687,0.06760618009405173,M2_001_y256x256,37,2733,40.96597093809165,0.9557712327802705,34.3584956070366,0.9992413971985874,0.30058774139378674,0.07918856214319547,8,0,0.7666666666666666,3347,43.39679380755942,0.9714121708630797,0.9997492019561881,41.17412992081977,0.07014560790003455,0.30323393532129356,-1.428463121452829,0.0777088770320703,-8.739961960369008,-0.11581435674606266,0.005866497542413192,39.49361911569212,0.9972433548092399
M2_001_y256x512.png,0.3864548996104285,0.0,0.0,0.0,0.0,0.9692260230447423,23.355525572785176,0.9999544031872495,21.512768195757403,0.0038576069301570113,0.11307956328284252,0.7491386351216206,23.91134009983439,0.7255246141533367,533,1,0,0,2,1.0,0.0,2,1,5.414213562373095,3.098712543646495,0.0,,,,,,468.4567451477051,0.0038576069301570113,0.0038576069301570113,1,0,1,0,2,1.0,0.0,1,0,2,1,0,5.414213562373095,3.098712543646495,5.414213562373095,0.0,32431,60.84615384615385,122.95684803001876,256x256,65536,sparse,Frangi,54,1,,,,,,,,,True,0.385783754577655,23.914039787354223,0.7258663859345594,21.485463124798304,0.8649351168396509,0.6479563128980155,M2_001_y256x512,,,,,,,,,,,,,,,,,,,,,,,,,
M2_001_y512x0.png,0.015454358128992375,0.03215307229509814,0.062302914476827516,0.26721311475409837,0.03526230394808004,0.9735352025204549,29.900945352283532,0.9995842031032525,31.621976586195228,0.5008196721311475,0.1450109923405405,0.05790172249732384,31.668957581406726,0.8630687405152752,1472,6,0,0,12,1.3333333333333333,0.0,18,12,47.21320343559643,5.785467620249148,0.0,-0.0007966639478678029,-3.4953320083903243,-0.010757573908973694,0.0007756782284068509,-0.0011380412596120326,908.7259769439697,0.5008196721311475,0.5008196721311475,6,0,6,0,12,1.3333333333333333,0.0,6,0,18,12,6,3.9344336196330354,5.785467620249148,47.21320343559643,0.0,28578,19.414402173913043,44.52173913043478,256x256,65536,sparse,Meijering,148,6,65,1466,41.890510702543665,0.9621241303425486,0.9997794092283084,33.2262678832826,0.06449301496838222,0.4838455476753349,True,0.015557387183185658,31.67758392204187,0.8637112250759115,31.638406413803256,0.8969691965382358,0.05193606150660446,M2_001_y512x0,10,1442,35.55426170407331,0.8784727261100885,26.55660752891651,0.9988085248748456,0.5019577133907596,0.07070898527879643,9,0,0.75,,,,,,,,5.065369057278719,0.07430200706174406,-3.885304122666586,-0.015403985594813374,0.01625102207686018,33.39627736067386,0.9842927764294286
M2_002_y0x0.png,0.14561939124803405,0.13187607262216602,0.23302210517915567,0.13350402340892464,0.9153605015673981,0.9992077797811143,33.172928915439726,0.9926283756407749,37.95688624004935,0.5055790422066672,0.8064279071743464,2.1572068767395827,35.53326071441076,0.9551062408808164,8371,19,9,58,80,1.947780678851175,0.47368421052631576,383,373,1734.8103166302692,3.3783038477582146,0.0,0.06965254041930477,-12.964588061450414,-0.0006847849699526121,-0.006034308106924846,0.12066339836748602,5395.118951797485,0.5055790422066672,0.5055790422066672,19,9,10,58,80,1.947780678851175,0.47368421052631576,19,8,383,373,245,4.65096599632779,3.3783038477582146,1734.8103166302692,0.0,23043,2.7527177159240233,7.828933221837295,256x256,65536,sparse,Learned,1341,19,100,7426,50.434683198924674,0.9899947776994332,0.9990349474637839,49.0953392157157,0.5228860844789656,0.3832107312851579,True,0.14496223982317186,35.56197715317271,0.9570874996548694,37.97372593917466,0.37588995464672925,0.8108723950612542,M2_002_y0x0,95,7606,49.57721239282133,0.9892548167018619,47.02935410499129,0.9986626837476997,0.38491564383918114,0.7461752247153004,36,126,0.0,250,34.29227262058628,0.8034083834442908,0.9820782110720355,29.451293733737067,0.9752764735296606,0.3451565454927506,-9.072467864941942,0.060252682459046025,-14.043951678410572,-0.03414857582104547,0.07596685082872928,46.13751697689014,0.9998925647510669
M2_002_y0x256.png,0.2757234149493789,0.011928639290615434,0.023576048403922387,0.24672489082969432,0.012379491673970202,0.9712563448582164,20.02605935475222,0.9998671040218852,28.164784829614096,0.017228974970653944,0.14215627376063322,1.0440359142206632,22.216612657552055,0.6824846806109977,1350,6,0,0,12,1.2,0.0,15,9,44.142135623730944,3.31673448893759,0.0,-0.008687802678321754,-2.9108866029412326,-0.003087006751327781,0.0007535796961334329,0.0008092264913465569,771.1374759674072,0.017228974970653944,0.017228974970653944,6,0,6,0,12,1.2,0.0,6,0,15,9,3,4.904681735970105,3.31673448893759,44.142135623730944,0.0,35212,26.082962962962963,48.54518518518518,256x256,65536,sparse,Frangi,146,6,7,1330,32.91770692707653,0.9099942005962971,0.9997865195984518,26.097790073284862,0.6869613367870688,0.026530853961861896,True,0.27518726927350273,22.216686789690986,0.6824561945422727,28.163378105191974,0.9288977547305983,0.9698026165776815,M2_002_y0x256,2,1305,24.820785314794556,0.5856879319310258,20.224280430744592,0.9991135243257517,0.016419748479307387,0.9971487563173204,10,87,0.0,,,,,,,,7.940504398869503,-0.8549924825566871,-2.6041726572425006,0.0967967486799719,0.28441121762770066,22.936945957693453,0.9743433516095442
M2_002_y0x512.png,0.17935852026761118,0.16841051314142677,0.2882728480226231,0.28186007540846253,0.2949842160645388,0.9845647582359329,24.911240972034303,0.9978263584464342,31.58708622222392,0.6356294219730343,0.3332454776949946,0.38102914861650233,27.61653638058718,0.8854368567620681,13169,72,8,43,175,1.7130044843049328,0.1111111111111111,446,382,1656.5209947489247,3.1184423435975526,0.0,0.004073463256208887,-15.986025412601965,-0.014642371571701451,-0.0018006526984768456,-0.01276895926024646,3656.350612640381,0.6356294219730343,0.6356294219730343,72,8,64,43,175,1.7130044843049328,0.1111111111111111,75,8,446,382,228,4.336442394630683,3.1184423435975526,1656.5209947489247,0.0,37147,2.8207912521831573,4.9765358037816085,256x256,65536,dense,Learned,1490,75,93,12060,44.21977083936399,0.9864367583341719,0.9997738342874295,42.48696472032162,0.21506695885722737,0.6476823945125754,True,0.17914925006147037,27.620327547987994,0.8856485051590836,31.594463068647507,0.9310439348597398,0.3547548778241649,M2_002_y0x512,90,12805,42.8257003708659,0.9860644388689453,39.64100969215944,0.999627011144911,0.6483983812332808,0.22523846984121454,100,10,0.7083333333333334,245,16.23576558161448,0.36456447795825525,0.8905554374601025,10.829827451191235,0.9999883476187535,0.3184418787899551,-8.053923469935523,0.10800700785378003,-15.209163990278721,-0.10062758210687728,0.1752850570114023,40.89726638463627,0.9992071298076344
M2_002_y256x0.png,0.19284113621222215,0.0002035002035002035,0.0004069175991861648,0.003125,0.0002176278563656148,0.9905428899478286,27.89398400511211,0.9998130340603966,27.39217345763023,0.01943673145577152,0.16889571614787435,1.226064065285061,26.89714235827846,0.7762502664609313,1245,4,0,1,9,1.4666666666666666,0.0,15,11,37.14213562373095,3.1008662042794404,0.0,0.07260607049351396,-0.13445694967255406,0.000605873044565941,0.0006427079844315564,0.011329899679089811,695.5339908599854,0.01943673145577152,0.01943673145577152,4,0,4,1,9,1.4666666666666666,0.0,4,0,15,11,5,3.376557783975541,3.1008662042794404,37.14213562373095,0.0,31379,25.20401606425703,52.63935742971888,256x256,65536,sparse,Frangi,138,4,24,1228,37.203665036297465,0.938326491921169,0.9997767871687006,28.079803204588423,0.09911259870584466,0.0843328335832084,True,0.19356212729706707,26.899999407539976,0.7765794187051505,27.40111479850402,0.5556359460152389,0.6812452667899545,M2_002_y256x0,2,1211,25.699568537021825,0.4752637042944873,19.49395120196166,0.999170326075965,0.008106831776681709,0.9999960230684367,4,31,0.0,,,,,,,,7.898222255668568,-0.8311003069205624,1.1975738212566363,0.30098656216644404,0.12023506571870819,28.028440954784664,0.9899370169032626
M2_002_y256x512.png,0.309297703180212,0.0335559265442404,0.0649329672104668,0.42720510095642933,0.03513678874224281,0.9477745862502791,18.395743715447328,0.9995850867306124,27.383474050806033,0.037535176295315345,0.2159898665005685,1.0964272030124211,19.070346299778418,0.5808512452525064,1815,6,0,0,12,1.4782608695652173,0.0,23,17,74.0416305603426,4.453026306678543,0.0,0.19057568938377,-6.322223777584298,-0.02328239756556505,0.0012352532076802536,-0.048381082541008744,1063.1332397460938,0.037535176295315345,0.037535176295315345,6,0,6,0,12,1.4782608695652173,0.0,6,0,23,17,11,4.35539003296133,4.453026306678543,74.0416305603426,0.0,39088,21.536088154269972,36.10798898071625,256x256,65536,sparse,Frangi,169,6,4,1764,31.131399514591873,0.9020606046177111,0.999107730145083,24.890517087841072,0.12462546856133161,0.09418999838161515,True,0.3088608526133814,19.07023401148107,0.580828962059608,27.390567711059024,0.8541626264501835,0.9365271394365182,M2_002_y256x512,4,1758,26.10801142071378,0.7597214963217626,21.642725391532704,0.9983498335229322,0.08591625883632409,0.16026311358218615,135,2,0.0,5261,38.827338936253334,0.9618752643840995,0.9999313433227855,36.4979094441965,0.09021362024019897,0.09080771068981998,5.740748659273329,0.05572675291838236,-7.037665120935362,-0.17887025106925614,0.11872201379644197,24.717967493031626,0.9710569838158442
M2_002_y512x0.png,0.44744121715076074,0.07603062881893417,0.1413168487636573,0.2883543561161631,0.09359230695991622,0.9746122103853169,25.698699947944622,0.9990359086643464,32.03006476607696,0.17316428948758583,0.20179084380894352,0.8199819613782013,28.321493443301765,0.8245969264533254,3930,26,0,3,55,1.380952380952381,0.0,84,58,302.62236636408636,3.999589038754582,0.0,0.038651400895936716,-12.933592546585519,-0.022450293304769553,-0.0005394788382728777,-0.05267404443405202,1905.6131839752197,0.17316428948758583,0.17316428948758583,26,0,26,3,55,1.380952380952381,0.0,26,0,84,58,26,5.217627006277348,3.999589038754582,302.62236636408636,0.0,32736,8.329770992366413,16.675826972010178,256x256,65536,dense,Meijering,415,26,84,3854,42.23749656958782,0.9741155733191684,0.9997164636717553,36.980310488559304,0.5669590908011065,0.20428743578359865,True,0.4469166255550074,28.330413521212776,0.8250155909542138,32.05062755300283,0.958745702920389,0.7861541819435829,M2_002_y512x0,51,3900,41.00221066390041,0.9678930375271054,34.75010904107552,0.9995753875026193,0.22583833392163785,0.48332998504143176,57,54,0.0,531,27.057279382159702,0.7874701637831755,0.9855533199225412,18.371034490729105,0.7059483950483216,0.2122969837587007,-2.720044274998557,-0.28153914123248824,-12.680717220598641,-0.14329611107378004,0.408789816254824,38.63229249453014,0.9970625036900864
M2_003_y0x256.png,0.295221843003413,0.20369166774990252,0.3384449244060475,0.3152283242808288,0.3653532291909536,0.9944372957218605,31.312611698602545,0.9974893670224455,34.77793009975338,0.3998517008063769,0.27321925436493655,0.9902381124558655,34.66876460755468,0.876763821527914,4145,23,1,5,50,1.6036036036036037,0.043478260869565216,111,89,389.14927829866764,4.727733225381275,0.0,-0.04730369088702341,-9.508265459239723,-0.0048612736866332495,-0.0017022939790249936,0.009876487366553166,2417.656898498535,0.3998517008063769,0.3998517008063769,23,1,22,5,50,1.6036036036036037,0.043478260869565216,23,0,111,89,56,4.372463801108622,4.727733225381275,389.14927829866764,0.0,30461,7.348854041013269,15.810856453558504,256x256,65536,dense,Meijering,484,23,89,3904,43.82176298601354,0.9694966047246901,0.9992569629729297,40.245555590984274,0.41839327175108476,0.3865817562113194,True,0.29484184040258804,34.66591657939064,0.8769902069101204,34.78011116707667,0.7346396768771213,0.7274682069659875,M2_003_y0x256,72,4029,43.66848228859883,0.9693862922658075,39.363507107518785,0.9991916610014705,0.3899752134398237,0.44939862337322767,43,23,0.0,468,33.08454838174431,0.8623432176928617,0.9879891690654168,25.880571917555088,0.8661601189579486,0.3482469698202229,-4.5855770077654086,-0.17617936900829112,-8.999717681044153,-0.09262247073789354,0.3425255338904364,40.82087715784227,0.9992985694084937
M2_003_y256x256.png,0.28589585733010286,0.0,0.0,0.0,0.0,0.9761159494728869,22.730976205847583,0.9999568976660558,32.261812316879045,0.008743124538215253,0.31613859078764417,1.298903501002537,25.531918439920048,0.8008798241817072,1154,1,0,0,2,1.6666666666666667,0.0,6,5,20.071067811865476,4.488737614949544,0.0,,,,,,782.4978828430176,0.008743124538215253,0.008743124538215253,1,0,1,0,2,1.6666666666666667,0.0,1,0,6,5,4,4.0142135623730955,4.488737614949544,20.071067811865476,0.0,32844,28.461005199306758,56.79029462738301,256x256,65536,dense,Frangi,200,1,28,1142,37.70342110581594,0.9349509731808516,0.9999041069668105,28.731628770828813,0.6444774737141821,0.01563773808641518,True,0.2865041167813532,25.533157199251313,0.8009975164201709,32.25380178139027,0.7698444743270163,0.9999536829308192,M2_003_y256x256,,,,,,,,,,,,,,,,,,,,,,,,,
M2_003_y512x0.png,0.21349107288218375,0.3360529852178921,0.5030533802715712,0.4477554674510807,0.5739344262295082,0.9870199501664139,31.756884752217964,0.9932462418422378,35.103504593872984,0.3820018365472911,0.4040508891249014,0.8295058465153856,31.712296341668484,0.8653292121368599,6669,25,0,16,66,1.7109826589595376,0.0,173,148,707.7422074112317,5.072615185183926,0.0,-0.039201420286117145,-11.077175479719841,-0.011994042947156225,-0.005091904072369369,0.012771067316521834,7946.048021316528,0.3820018365472911,0.3820018365472911,25,0,25,16,66,1.7109826589595376,0.0,25,0,173,148,91,4.782041941967775,5.072615185183926,707.7422074112317,0.0,31709,4.754685859949018,9.826960563802668,256x256,65536,sparse,Otsu,940,25,93,6484,44.88248510821861,0.975396116538665,0.9985977064061223,43.28360961217034,0.4605319498018625,0.3888611388611389,True,0.21257290991574854,31.712540020254373,0.8654838309514616,35.10170697278603,0.6628975608402483,0.5498774023577745,M2_003_y512x0,86,6471,44.78920497614942,0.975436887352503,42.180899637618566,0.9983381459146071,0.36923076923076925,0.48014768965547094,76,64,0.0,273,27.426050069749905,0.7562796648067069,0.9499400227922643,22.345002156629352,0.9895797057073592,0.1707009512322158,-7.077395043745582,-0.07609680053056955,-13.076908634480937,-0.11010767521564313,0.2526924931683009,42.834060231937805,0.9990139931135701
M2_003_y512x512.png,0.2779173207744636,0.07963536291709666,0.14752270192767244,0.5667074663402693,0.0847985347985348,0.9924984909350307,26.882481281597354,0.9997807700924397,31.273613187570838,0.04308844470228364,0.29531191028128656,1.349756082984903,33.44314648901189,0.9265723265535711,1319,4,1,2,9,1.6842105263157894,0.25,19,16,72.21320343559641,4.480141887330173,0.0,0.018780313503127977,-5.36494845267676,-0.0015968299332940195,0.0002382794050875825,0.003924454481297107,821.14577293396,0.04308844470228364,0.04308844470228364,4,1,3,2,9,1.6842105263157894,0.25,4,0,19,16,8,4.513325214724777,4.480141887330173,72.21320343559641,0.0,29214,22.148597422289612,49.68612585291888,256x256,65536,sparse,Meijering,161,4,79,1286,43.05187281857056,0.9644018574862517,0.9999030434676989,34.328912685625006,0.9425017059319105,0.04220913411861955,True,0.2779087432552779,33.45509137762173,0.9270095457976826,31.28251620842141,0.7397607415103538,0.9984965608070224,M2_003_y512x512,10,1308,35.96682562086392,0.8570338405561166,27.486727822745628,0.9995424906873521,0.03916399022098653,0.9993062045165572,3,21,0.0,,,,,,,,3.78688536482521,-0.7039942942352706,-2.5236791318520346,0.06953848599745449,0.25913700727133565,32.247429734274114,0.9940953208683247
M2_004_y0x0.png,0.1689994815966822,0.1630971993410214,0.2804532577903683,0.16363636363636364,0.9801980198019802,0.9993867757654753,39.051548275636804,0.9943719700646482,38.5317997570005,0.8020149595481606,0.6783482094211188,1.283934609117613,40.221573691723535,0.9578640123145303,4516,7,0,9,23,1.8494623655913978,0.0,93,86,449.6467529817259,6.770210191882661,0.0,0.12113898782802372,-6.476651778487948,-0.00048411012450455537,-0.00438356244450866,0.5153258632111469,7385.570049285889,0.8020149595481606,0.8020149595481606,7,0,7,9,23,1.8494623655913978,0.0,7,0,93,86,61,5.228450616066579,6.770210191882661,449.6467529817259,0.0,20305,4.496235606731621,14.511957484499558,256x256,65536,sparse,Otsu,810,7,97,3636,49.66538187069815,0.9848721722836787,0.9989551401675326,46.89741767192508,0.7869546020356297,0.2865671641791045,True,0.16920152091254753,40.25854201030867,0.9622526936995738,38.5491052246499,0.5740074125998693,0.7369879829270256,M2_004_y0x0,92,4046,49.84659094964506,0.9864392329063435,46.04496880732778,0.9987555325091568,0.28668909633701367,0.8478452437498273,35,141,0.0,465,42.04972637823679,0.9160390234036989,0.9922492516766234,36.80349776655586,0.9946357569325426,0.2936356986100951,-7.513169050327278,-0.16949703432870844,-9.625017257921527,-0.028575220591813166,0.04786049376865849,45.52820005412475,0.9998708858899799
M2_004_y0x512.png,0.026988254281359276,0.05064555794651091,0.09640845585546047,0.17024024799793336,0.06724489795918367,0.9775363129138963,26.693653106439974,0.9989085842556982,32.44423283465812,0.42396907216494845,0.1674198674559484,0.08824950524451025,27.759307632222594,0.8013807934184202,4307,31,0,3,65,1.3186813186813187,0.0,91,60,284.48023074035535,4.098997044646468,0.0,-0.03013060334148827,-12.653515541528911,-0.019466588219343883,-0.0005892775390923255,0.022410849381204523,1631.7024230957031,0.42396907216494845,0.42396907216494845,31,0,31,3,65,1.3186813186813187,0.0,31,0,91,60,23,4.741337179005922,4.098997044646468,284.48023074035535,0.0,33731,7.831669375435338,15.216159739958208,256x256,65536,dense,Meijering,402,31,82,4160,41.617835318763596,0.9684972982203328,0.9996242392546375,36.66159692604327,0.07206586186138497,0.4022203245089667,True,0.02699067431850789,27.764453430433804,0.8014288158434166,32.45864822415169,0.8607422256300808,0.07596007555491324,M2_004_y0x512,47,4261,40.3053137109538,0.9601924403724936,34.78598562671091,0.9994978617947905,0.4015582227837439,0.06883220729388495,76,0,0.27419354838709675,463,24.75349744224069,0.6965389262064229,0.9753226260479292,17.062954379664017,0.4163769693277466,0.24156292725048573,-2.3417527920527874,0.09858766016206344,-12.546006078731203,-0.15881164695407346,0.057118857622847546,39.347168647968886,0.9970029011332402
M2_004_y256x256.png,0.328830990743915,0.03184579928765975,0.0617258883248731,0.5477477477477477,0.03270575578267886,0.9523697848518962,19.491989448105716,0.9998694714906918,27.99799633979464,0.055026769779892924,0.21337213893344664,0.7032555599108572,21.66722771612958,0.7497066317643661,1623,4,0,1,9,1.5,0.0,16,12,48.97056274847714,3.993968861964014,0.0,0.24355246382119572,-8.945301793906538,-0.020572714517812396,0.00021557740183963947,-0.14235778273338864,969.0372943878174,0.055026769779892924,0.055026769779892924,4,0,4,1,9,1.5,0.0,4,0,16,12,6,4.080880229039762,3.993968861964014,48.97056274847714,0.0,32341,19.92667898952557,40.37954405422058,256x256,65536,dense,Frangi,238,4,31,1620,37.29918685219566,0.9484856095835285,0.9998974111427074,28.645352340214004,0.11019839492976247,0.20277898393399912,True,0.3302526186075169,21.666084573645282,0.7499214061777448,27.997237150330058,0.8115817228535969,0.5707493589188244,M2_004_y256x256,6,1565,30.948103299398497,0.8366892140381172,22.776676253800858,0.9996538940888522,0.19738455251328157,0.12607603594678873,42,0,0.0,5561,44.15654897180055,0.9785808732396939,0.9999958342725622,42.61586403738978,0.09932913215061245,0.20506220506220507,5.221320085993781,0.08729610298665791,-9.280875583268916,-0.08698258227375111,0.08527852692271924,28.437291242012254,0.9729424993697086
M2_004_y256x512.png,0.1167058398119689,0.1713020963835296,0.29249857387336,0.39648173207036536,0.2317252287877076,0.9798314170012647,24.996942429361212,0.9985518587315407,31.631563880275525,0.6023272995936461,0.4743275206840565,0.35789962819165994,26.214163201814248,0.8414453792485441,4479,13,0,13,39,1.7699115044247788,0.0,113,100,466.71782079359156,5.262748401704038,0.0,-0.02133782530750848,-13.565887358466746,-0.017928189646274184,-0.0008292258739834857,0.04550541747055914,2615.6086921691895,0.6023272995936461,0.6023272995936461,13,0,13,13,39,1.7699115044247788,0.0,13,1,113,100,61,4.667178207935912,5.262748401704038,466.71782079359156,0.0,33841,7.555481134181737,14.631837463719581,256x256,65536,sparse,Otsu,390,13,86,4364,42.50679302286737,0.973423826008613,0.9995682060095267,37.907611516838685,0.1345257115237498,0.5513788575180565,True,0.11672237781190713,26.215665200091294,0.8415128682919771,31.630756743537457,0.7520292403596448,0.2691509855139733,M2_004_y256x512,58,4451,41.073848037719046,0.9686323365888666,35.464421819664686,0.9993810846055242,0.5568218821230869,0.13064176460119425,67,1,0.0,474,24.79617803468274,0.783871258661078,0.9791365695494767,17.869001945092442,0.42101029848075333,0.5089102494869856,-3.832857939389161,0.3436857560828622,-14.859684835904797,-0.12718695734032248,0.13804366511947738,38.56282978782796,0.9977596066475389
M2_004_y512x512.png,0.044882651826760225,0.1330601892498293,0.23486870426173048,0.3415122684026039,0.1789791365962472,0.9803945397348569,27.671558976387395,0.9982203039114369,33.58757105938403,0.24286777474572066,0.2076879799168534,0.16104307198075035,32.19894071232008,0.8736932159111712,3501,24,0,3,51,1.4838709677419355,0.0,93,69,298.72287142747473,4.5526606668891265,0.0,-0.003246964565901199,-13.271921653848928,-0.017681207969369672,-0.0011539484614483397,-0.010100483068672367,1812.0112419128418,0.24286777474572066,0.24286777474572066,24,0,24,3,51,1.4838709677419355,0.0,25,0,93,69,39,4.329316977209777,4.5526606668891265,298.72287142747473,0.0,30102,8.598114824335903,18.71922307912025,256x256,65536,sparse,Meijering,301,25,87,3472,44.131067149076884,0.9759841527589238,0.9995451070063277,39.18666668016688,0.07356394774478625,0.24702163870654023,True,0.04464069683038955,32.20957081166085,0.8738677660878623,33.63925478689292,0.6038649141444447,0.09724826083521343,M2_004_y512x512,56,3466,42.75619068690684,0.9700971846392507,36.882830050129776,0.9993742523728852,0.252968257814393,0.06965065348015298,41,0,0.6799999999999999,599,31.602239262426917,0.8578477298867203,0.989495947267921,23.7755147783503,0.11750309741540466,0.35171241195044933,-3.2952589907457437,0.1380373264367004,-10.55724997458676,-0.09640396872807944,0.048129616392661424,40.94348063023632,0.9980757477042266
M2_005_y256x256.png,0.36836198239707013,0.022134498801635417,0.0433103448275862,0.2764084507042254,0.023495959293624663,0.9722809878213979,17.58449801789619,0.9998318464483589,27.188460374807242,0.03445974640538737,0.22379089767122484,1.068429157794047,23.334374325346367,0.7670649567128442,1128,3,0,2,8,1.5384615384615385,0.0,13,10,38.72792206135786,5.836784554648603,0.0,,,,,,744.215726852417,0.03445974640538737,0.03445974640538737,3,0,3,2,8,1.5384615384615385,0.0,3,0,13,10,3,3.872792206135786,5.836784554648603,38.72792206135786,0.0,34434,30.52659574468085,58.09929078014184,256x256,65536,sparse,Frangi,134,3,11,1110,34.2516950210167,0.9224265859986482,0.9997162003052134,25.186490672109244,0.6045685286766229,0.04821322468381292,True,0.3643792743711603,23.332188465653942,0.7676359764522643,27.19281513645051,0.9357975743130577,0.9998334141890124,M2_005_y256x256,,,,,,,,,,,,,,,,,,,,,,,,,
M2_005_y256x512.png,0.319517641804377,0.0,0.0,0.0,0.0,0.9696359859281322,21.011725681558065,0.9999932521585408,30.846086765281978,0.004205628383517516,0.302323673928969,0.9072702252761923,23.13531921169588,0.6596409190376498,731,1,0,1,3,1.6,0.0,5,4,19.071067811865476,2.827345445950826,0.0,,,,,,656.7351818084717,0.004205628383517516,0.004205628383517516,1,0,1,1,3,1.6,0.0,1,0,5,4,1,4.767766952966369,2.827345445950826,19.071067811865476,0.0,38417,52.55403556771546,89.65253077975376,256x256,65536,dense,Frangi,89,1,,,,,,,,,True,0.3189612934835865,23.137076782739566,0.6598259981722164,30.82044205292481,0.9800793819360442,0.8891968416376661,M2_005_y256x512,,,,,,,,,,,,,,,,,,,,,,,,,
M2_006_y0x256.png,0.03514132925897632,0.38338482373354776,0.554270680372002,0.4435685256818293,0.738605788830004,0.9906480864071526,31.52356652816168,0.9904458151251564,35.29144428598428,0.057430951337132836,0.7758104002960233,0.14811203606487064,31.659325601341376,0.8513168484788293,15710,38,16,94,142,1.9370529327610873,0.42105263157894735,699,677,3201.0470401317084,3.3834227810433983,0.0,-0.3627196880371039,-10.895605974010081,-0.007997349433489842,-0.007375972728560276,-0.2864717648806192,3229.733467102051,0.057430951337132836,0.057430951337132836,38,16,22,94,142,1.9370529327610873,0.42105263157894735,38,13,699,677,463,4.728282186309785,3.3834227810433983,3201.0470401317084,0.0,36602,2.3298535964353912,4.171610439210694,256x256,65536,dense,Learned,2077,38,96,15620,46.20270905078247,0.9878197942908999,0.99892188731577,45.72067197486113,0.35914833772968746,0.3569000933706816,True,0.03537321414928566,31.656344147214984,0.8513361370688146,35.29594307543767,0.7055307351463187,0.10449759368886624,M2_006_y0x256,93,14234,43.75046050551823,0.9783522580217646,42.68620610199786,0.9978217878537167,0.34390271621775204,0.33152233497252726,109,70,0.0,250,21.161582220612637,0.5775765476391362,0.89172208579879,18.31253061533729,0.694762973055465,0.13898874648327603,-7.394761816013585,0.4442880653234961,-12.091134904176851,-0.12703540954293535,0.39786101729608025,42.41917250217176,0.9986454358406425
M2_006_y512x512.png,0.31837516944795025,0.2677423268227587,0.4223923444976077,0.3371782140401803,0.5652452298629786,0.9931007836027418,31.597448982527915,0.9916153999312343,34.614732391841386,0.5685778527262507,0.7129216201542983,0.9885231104447899,32.5540096469217,0.8858781141679912,7176,15,0,22,52,1.8598130841121496,0.0,214,199,1044.021428024811,6.385982834531512,0.0,-0.017925329427135372,-9.966823285899608,-0.00594890077657273,-0.005450139188146075,-0.020853239751690067,4380.020380020142,0.5685778527262507,0.5685778527262507,15,0,15,22,52,1.8598130841121496,0.0,15,0,214,199,140,5.246338834295525,6.385982834531512,1044.021428024811,0.0,32133,4.477842809364549,9.132664437012263,256x256,65536,sparse,Otsu,773,15,92,6436,44.56341962254043,0.9802031067120357,0.997688640350381,41.70053136435635,0.6766265295423822,0.5924342913289118,True,0.31895424836601305,32.56957088429418,0.8872085891654654,34.73408300626367,0.8810546231228843,0.8709428565211957,M2_006_y512x512,87,6992,44.01208703819868,0.9785159267455278,40.37758183672842,0.9970655391193803,0.5894310924779408,0.6818696637168583,34,42,0.0,279,24.957385770727342,0.5332568633915021,0.9085865727622728,20.09172382212988,0.9869634717965623,0.49015704490157047,-5.762849444887031,0.031051956437439965,-11.45807739127698,-0.09263781257753656,0.3363004988750856,41.56427226842752,0.9990496843793145
M2_007_y0x0.png,0.12603648424543948,0.129209231933409,0.22884905344278772,0.13111921674025726,0.8986842105263158,0.999627750253321,37.77105617220481,0.9944713663315372,38.7837935190553,0.4739672131147541,0.9760071641632908,1.2919391085948857,41.94354861248148,0.9739360739217264,4575,4,11,38,25,2.0729166666666665,2.75,192,199,852.2396820942903,3.754697489461531,0.0,0.007914009890450352,-7.189566425993178,-0.00029929137845674525,-0.0046003875402054195,-0.005072421031587393,4325.317859649658,0.4739672131147541,0.4739672131147541,4,11,-7,38,25,2.0729166666666665,2.75,4,11,192,199,129,4.282611467810498,3.754697489461531,852.2396820942903,0.0,18567,4.0583606557377045,14.324808743169399,256x256,65536,sparse,Learned,805,4,100,4008,52.096871163421326,0.99086949784559,0.9993330744465423,49.24314194863139,0.45548355925384476,0.48024816409217524,True,0.1253711646321346,41.992717851906804,0.9798112978702485,38.786708350850674,0.7723623116161873,0.9978450763817024,M2_007_y0x0,94,4016,51.45402867126229,0.9913724454445708,47.27813966528632,0.9990717538717426,0.4790396341463415,0.5444500916465058,16,18,0.0,465,46.0311691847765,0.939540113765156,0.9968363790362278,41.448544226493034,0.9976655991124709,0.4753329105897273,-8.494346146231017,0.431557072516785,-9.510480058780814,-0.017436371522844385,0.11812247435498913,44.960622598197986,0.9999270416317777
M2_007_y0x256.png,0.39969541741658593,0.39119656569321,0.5623886305358773,0.4269218079841636,0.8237840590781768,0.9919556631430997,34.919269676111846,0.9853247453012254,36.42103220269018,0.6938084687346134,0.7646465063284503,1.13456657136224,30.849100818327617,0.8734421504874446,8805,15,2,28,54,1.8988326848249026,0.13333333333333333,257,244,1220.7026688919432,6.670524112104479,0.0,0.02990838377104149,-8.702827483779835,-0.007089749058245776,-0.010986072075625186,0.005252459252593988,10293.484449386597,0.6938084687346134,0.6938084687346134,15,2,13,28,54,1.8988326848249026,0.13333333333333333,15,2,257,244,175,5.002879790540742,6.670524112104479,1220.7026688919432,0.0,30633,3.479045996592845,7.443043725156161,256x256,65536,sparse,Otsu,1269,15,94,7304,45.52275982311804,0.9787786847109287,0.9967689251934615,44.26880718269136,0.4732575071680305,0.6450372946506201,True,0.39959881026492355,30.84800409785831,0.87348425483055,36.42553980893378,0.581048450752361,0.6592381485654476,M2_007_y0x256,91,8416,45.613113317123535,0.9788702630266043,43.92761378096048,0.9963108173768506,0.6885560094820194,0.45094439341161563,90,51,0.0,250,29.299906800126948,0.7684437585972705,0.9411032322214816,27.07920380282785,0.9965864415566046,0.3138759172781855,-7.5065815782703,0.3137021129168347,-14.764012498795918,-0.10542811253915974,0.36978703364554444,43.62209715989168,0.9990454122013455
M2_007_y256x256.png,0.19891043239533288,0.0,0.0,0.0,0.0,0.9854175408441861,24.215371089986046,0.9999240874060428,25.721701158477742,0.0024881051115282203,0.11307956328284252,1.2044023711591325,29.923117079127465,0.8036535558849299,572,1,0,0,2,1.0,0.0,2,1,5.414213562373095,3.098712543646495,0.0,,,,,,491.2128448486328,0.0024881051115282203,0.0024881051115282203,1,0,1,0,2,1.0,0.0,1,0,2,1,0,5.414213562373095,3.098712543646495,5.414213562373095,0.0,31497,55.06468531468531,114.57342657342657,256x256,65536,dense,Frangi,56,1,3,566,35.153521003184565,0.882845851573336,0.9999570806620924,25.996325104281993,0.6643434004080772,0.002463586463240697,True,0.20038134858727683,29.923311168859282,0.8037055730944389,25.739789134417048,0.6198323187496625,0.7465275144231567,M2_007_y256x256,,,,,,,,,,,,,,,,,,,,,,,,,
M2_007_y512x0.png,0.08864826273203237,0.07407407407407407,0.1379310344827586,0.07472871685870902,0.8942436412315931,0.9976158633323824,21.71116249405336,0.992199785084217,37.46664622439329,0.6006091932804135,0.9978665182299623,0.753128415857562,35.89068403595506,0.9580398699812823,7530,4,13,51,36,2.0625,3.25,288,297,1392.5727265770327,3.7990442559750495,0.0,0.0417408843960826,-22.95700187063718,-0.002334480270143824,-0.006579416430299689,0.12289613016380824,7102.558612823486,0.6006091932804135,0.6006091932804135,4,13,-9,51,36,2.0625,3.25,4,13,288,297,201,4.688797059181919,3.7990442559750495,1392.5727265770327,0.0,22239,2.953386454183267,8.70332005312085,256x256,65536,sparse,Learned,1287,4,100,6300,50.56584192496466,0.9899359029594993,0.9991576596503812,49.26654629860671,0.6988057880877979,0.49050118735158105,True,0.08916586768935762,35.891171501120226,0.9602283100930417,37.45698330684894,0.9379614926226417,0.7064054530742845,M2_007_y512x0,95,6822,50.09340926622737,0.9899241390640254,47.264649408331785,0.9987792015145167,0.4777130631166053,0.8646647167633873,17,74,0.0,272,37.817014870921206,0.8325828857957027,0.9880890744513248,33.623831994221085,0.9971201008419117,0.41764873327640195,-9.798003183938498,0.133201801466575,-14.202725230272307,-0.03188426908274311,0.04690737833594977,44.66816436469054,0.9999503436025262
M2_007_y512x512.png,0.4949905619282707,0.012348769294952024,0.0243962746229292,0.3333333333333333,0.012661476601933442,0.9509696641949152,20.97334877443156,0.999874094185768,29.1589829442764,0.023126204489817177,0.31613859078764417,0.8793630356940265,22.66311024749848,0.7256197048909977,1153,2,0,1,5,1.6,0.0,10,8,39.72792206135786,4.598815534285136,0.0,,,,,,766.0000324249268,0.023126204489817177,0.023126204489817177,2,0,2,1,5,1.6,0.0,2,0,10,8,4,4.9659902576697315,4.598815534285136,39.72792206135786,0.0,35241,30.564614050303557,56.839549002601906,256x256,65536,sparse,Frangi,141,2,7,1122,33.9304796990329,0.9044602107409436,0.9997166737427475,25.460831466794108,0.4620555624053255,0.0460608586911213,True,0.49492410325824227,22.664263623995605,0.7258379856023329,29.15810455418955,0.9965313853463558,0.8763128641825452,M2_007_y512x512,,,,,,,,,,,,,,,,,,,,,,,,,
M2_008_y0x0.png,0.38022519692649687,0.024670638583536124,0.04815330439767423,0.5632183908045977,0.02515185216870562,0.938690484038669,17.810025255625952,0.9998524555933774,27.290745653463183,0.030816640986132512,0.1713852927673194,1.1069083034571545,19.647380068943377,0.6239381492306236,1703,5,0,1,11,1.2857142857142858,0.0,14,9,48.62741699796952,3.866518790665127,0.0,0.118224875847672,-6.501025738517651,-0.030584439704338995,0.00043356175947550923,-0.011756203081379455,932.5902462005615,0.030816640986132512,0.030816640986132512,5,0,5,1,11,1.2857142857142858,0.0,5,0,14,9,2,5.403046333107724,3.866518790665127,48.62741699796952,0.0,39512,23.201409277745157,38.482677627715795,256x256,65536,dense,Frangi,236,5,7,1686,32.28802533906898,0.9036137940798177,0.9997951776467244,25.72473738322475,0.3898451814965842,0.03506396804982062,True,0.3804878048780488,19.648481206535884,0.6240786535413448,27.32201213351821,0.798708263932851,0.8840968093871212,M2_008_y0x0,4,1644,26.430593817258853,0.7554418828212618,21.2829688657407,0.9994188938339019,0.04257284406751197,0.4617026962732742,61,53,0.0,5565,38.95089306503418,0.9501643396338505,0.9999833708200923,37.12327008778094,0.30190702638920053,0.0365025466893039,6.007776787722484,-0.2903174035059548,-6.783213748315475,-0.13150373359063816,0.26200032107882487,24.311050994143603,0.9692749237430079
M2_008_y256x0.png,0.43167814425516493,0.009686793671294802,0.01918771985929005,0.4972375690607735,0.009782608695652175,0.9592794611983838,21.31072805710309,0.9999798909426234,29.4806754354924,0.012482758620689656,0.20546639749666606,1.039637761421752,22.52053584134092,0.676277482064314,1093,2,0,0,4,1.5,0.0,8,6,24.313708498984766,3.151058258116245,0.0,,,,,,775.7906913757324,0.012482758620689656,0.012482758620689656,2,0,2,0,4,1.5,0.0,2,0,8,6,4,4.052284749830794,3.151058258116245,24.313708498984766,0.0,37161,33.99908508691674,59.95974382433669,256x256,65536,dense,Frangi,174,2,2,1052,32.02490174710421,0.8742705208428584,0.9999195691114717,23.246932718037137,0.41433070985520626,0.01315693828596351,True,0.43245858023944855,22.523770861802724,0.6764170646754092,29.477114722533795,0.81362602396059,0.8458763381848686,M2_008_y256x0,,,,,,,,,,,,,,,,,,,,,,,,,
M2_008_y256x256.png,0.495209893746734,0.014765625,0.029101547463238127,0.46551724137931033,0.015020265437495033,0.9392618147349158,21.039728963673852,0.9999102883544054,29.984960815669666,0.030829979497304275,0.18670929828965577,0.6030402474514797,20.590439336406185,0.5952879222518205,1370,3,0,1,7,1.4,0.0,10,7,30.899494936611667,4.482071187496185,0.0,,,,,,737.0562553405762,0.030829979497304275,0.030829979497304275,3,0,3,1,7,1.4,0.0,3,0,10,7,2,4.414213562373095,4.482071187496185,30.899494936611667,0.0,38963,28.44014598540146,47.83649635036496,256x256,65536,dense,Frangi,220,3,2,1366,31.057007148002263,0.8753905218995109,0.9996574736597275,24.138202227550906,0.36139012701446993,0.029350104821802937,True,0.4953526199604973,20.58994523469931,0.5952923808984376,29.988492223658504,0.9625386088026026,0.5804495208339244,M2_008_y256x256,,,,,,,,,,,,,,,,,,,,,,,,,
M2_008_y512x0.png,0.22418597245442243,0.0,0.0,0.0,0.0,0.9862154007452989,20.74044632799699,0.9999959581699392,32.73311781828619,0.004633602196670671,0.1974812020375215,1.2237655828819256,23.657823994774493,0.752104082563821,599,1,0,0,2,1.3333333333333333,0.0,3,2,11.242640687119286,2.6761146068573,0.0,,,,,,620.7320690155029,0.004633602196670671,0.004633602196670671,1,0,1,0,2,1.3333333333333333,0.0,1,0,3,2,1,5.621320343559643,2.6761146068573,11.242640687119286,0.0,34515,57.62103505843072,109.40901502504174,256x256,65536,dense,Frangi,53,1,,,,,,,,,True,0.22361388113282807,23.657205367797758,0.7520709928227722,32.77125401334737,0.5523019922163106,0.675888169431442,M2_008_y512x0,,,,,,,,,,,,,,,,,,,,,,,,,
M2_008_y512x256.png,0.2528093667990041,0.14805290227773696,0.25792,0.27254283137962126,0.24478639400688398,0.9856759173382632,26.448165781288623,0.9980241563124495,32.98762938851577,0.2535464673725002,0.19994669563440237,0.6145613023131954,29.83070879072733,0.8221031559781551,4349,26,0,3,55,1.4639175257731958,0.0,97,71,310.3919189857868,4.552778659310088,0.0,-0.09587246779832342,-12.797257712121876,-0.012842687472710779,-0.0011792156119296848,-0.035868450001327434,2311.79141998291,0.2535464673725002,0.2535464673725002,26,0,26,3,55,1.4639175257731958,0.0,26,0,97,71,39,4.371717168813897,4.552778659310088,310.3919189857868,0.0,34518,7.936997010807082,15.069211312945505,256x256,65536,dense,Meijering,513,26,85,4252,41.75766628611284,0.9639388824439156,0.9992983981804602,37.813714633467285,0.3986459573183786,0.28366201972118327,True,0.2526946914578281,29.836566147011144,0.8223097701305131,32.980791560566026,0.8605431437849491,0.5288565151411697,M2_008_y512x256,62,4347,41.225319857800564,0.9615167740412308,36.25778385902337,0.9992033719243791,0.28941491737382763,0.3269933040626136,65,20,0.0,474,27.663420911034272,0.7715525300009946,0.9776632747399167,20.074704296810584,0.6927212613988687,0.23844043887147334,-3.270154470507599,-0.12704660842821125,-11.394611067073235,-0.13941361806307573,0.34868183459732754,39.2454234934105,0.998518604810974
M2_009_y0x256.png,0.19054878048780488,0.2640019147917664,0.4177239159250142,0.3198955916473318,0.601745771958538,0.9974692196562711,27.332335617334532,0.9983399531438015,32.059895022765886,0.3720752241417013,0.6963865704243268,1.6203384327958255,34.891710299885005,0.9190233050877906,2986,5,2,10,17,1.9230769230769231,0.4,78,75,340.39191898578684,4.961584757578337,0.0,0.0007988064241053194,-9.420397848710184,-0.002165874019203873,-0.0009001358333655674,0.01926786192476404,2232.3246002197266,0.3720752241417013,0.3720752241417013,5,2,3,10,17,1.9230769230769231,0.4,5,1,78,75,51,4.538558919810489,4.961584757578337,340.39191898578684,0.0,30100,10.080375083724045,21.94775619557937,256x256,65536,sparse,Meijering,328,5,89,2780,43.887166214851845,0.9679227534674302,0.9995285383204072,38.80590116347672,0.42850526020622604,0.358718487394958,True,0.19040871934604905,34.89240454148227,0.9209761570473315,32.06726689505008,0.4511883639059735,0.7310778464671177,M2_009_y0x256,73,2965,43.0644850863971,0.9691263448993622,36.11233515321891,0.9992400889771671,0.35280736221693726,0.6752520325784005,17,20,0.0,3081,43.05397232130368,0.9486637210265247,0.9996913109986552,40.57860082822256,0.6532140745826338,0.3530019634184148,-4.0524401304530215,0.021134537845926338,-8.172774786512093,-0.050103039811571604,0.18974997406369956,36.75273346604472,0.999635093675475
M2_009_y0x512.png,0.21111357832796715,0.1585041039299886,0.2736358091305776,0.17006882071620202,0.6997840172786177,0.9967020987921041,28.585744803076114,0.9929207155477593,33.460112013576676,0.475657336726039,0.8837098207957487,0.7214963136515578,30.039123435760004,0.8567843458795147,14840,23,15,110,130,1.9750778816199377,0.6521739130434783,642,634,2927.052090765597,3.2320914059161923,0.0,-0.01262848322552576,-11.645652767512306,-0.002882832463781515,-0.005124870625913491,-0.0174016729958692,2635.845422744751,0.475657336726039,0.475657336726039,23,15,8,110,130,1.9750778816199377,0.6521739130434783,24,14,642,634,402,4.616801404993073,3.2320914059161923,2927.052090765597,0.0,38953,2.624865229110512,4.416172506738545,256x256,65536,dense,Learned,1910,24,94,14506,44.83494302314213,0.984009149625123,0.9991248098069394,43.98570979862218,0.46489597816375083,0.49305710586239226,True,0.2109353316680544,30.045574335872196,0.8571420596782449,33.46633678066946,0.8375106563892818,0.6042608512287633,M2_009_y0x512,92,13991,42.04285355669793,0.9728880814311606,40.37545885878061,0.9980455861736728,0.4930590097219082,0.4520928740201272,97,120,0.0,245,21.126498412442118,0.48159700931897303,0.9280998642180087,17.45998392238957,0.9367082316403592,0.37567552192957504,-6.915346845203935,0.43161694677562146,-12.003730120937924,-0.11610373555164588,0.2237420615534929,40.23139757058842,0.9995849312558857
M2_009_y256x512.png,0.4555606198723792,0.3962102619713487,0.5675509953807791,0.49511447115041723,0.6648151695077571,0.9894540519678763,28.70719347013585,0.9909433118640194,32.619337611935904,0.5740920881971465,0.840023327735896,0.4044644031128267,30.51565424586653,0.8287191539031397,7942,11,0,24,46,1.9043478260869566,0.0,230,219,1117.1219330881995,6.616376700058651,0.0,-0.0025502976979978054,-8.28830569662344,-0.007978051559734634,-0.00462452629456378,0.0040686938968488295,4142.497777938843,0.5740920881971465,0.5740920881971465,11,0,11,24,46,1.9043478260869566,0.0,11,0,230,219,160,5.101013393096793,6.616376700058651,1117.1219330881995,0.0,39164,4.931251573910854,8.251825736590279,256x256,65536,sparse,Otsu,806,11,87,7534,40.718209664914255,0.9611381397827902,0.9969252122325617,38.68906840484279,0.3748556696044245,0.5694328607172644,True,0.4559594348222425,30.52950795501706,0.8291430717802667,32.67421617139949,0.9842580880316419,0.3980973600846901,M2_009_y256x512,82,7913,39.64820563677495,0.954420568453861,36.78928315672847,0.9955678381585832,0.5700233943002977,0.37719973390391737,68,29,0.0,274,22.70303052136454,0.5595768413881638,0.9041647612035497,18.07350519693135,0.8313618527314045,0.4622202416320063,-4.169945544792569,0.4628235938319787,-9.132551390908418,-0.12570141455072137,0.45811091757037703,36.99549916675929,0.9974321035276109
M2_009_y512x512.png,0.040152301834544823,0.0,0.0,0.0,0.0,0.9959696881847359,22.82633283784407,0.9999196184517251,27.912843216761697,0.010903426791277258,0.1730408660566377,1.33999853940098,25.12550925681067,0.7467786847410188,1091,4,0,0,8,1.2727272727272727,0.0,11,7,39.79898987322333,3.216254255162689,0.0,,,,,,804.9628734588623,0.010903426791277258,0.010903426791277258,4,0,4,0,8,1.2727272727272727,0.0,4,0,11,7,3,5.685569981889047,3.216254255162689,39.79898987322333,0.0,35693,32.71585701191567,60.06966086159487,256x256,65536,sparse,Frangi,144,4,12,1086,34.36834814936596,0.8968932859434171,0.9998798044415869,25.311960576933174,0.9744871090874707,0.01144871701679145,True,0.040177334441673596,25.1287743886261,0.7477825501649603,27.918220656201083,0.7433392230464442,0.9960734731616944,M2_009_y512x512,,,,,,,,,,,,,,,,,,,,,,,,,
M2_010_y0x512.png,0.23087919942816298,0.15976649512251326,0.27551493476389166,0.16580310880829016,0.8144087705559906,0.9981671303286815,34.93383588260735,0.993476086686879,37.26609363580235,0.44575656256669277,0.6494441684780998,0.7716800780029484,36.82214555295114,0.9318569505255909,8940,34,5,64,122,1.8755364806866952,0.14705882352941177,466,437,2021.4103884177707,3.1337975557960256,0.0,-0.025151928976506255,-9.413031405877483,-0.0015844069450577924,-0.005079657630252088,-0.009387287740237171,2254.467248916626,0.44575656256669277,0.44575656256669277,34,5,29,64,122,1.8755364806866952,0.14705882352941177,34,5,466,437,280,4.6256530627408825,3.1337975557960256,2021.4103884177707,0.0,25821,2.888255033557047,7.330648769574944,256x256,65536,sparse,Learned,1089,34,96,7796,48.02540145368035,0.9887065383622675,0.9988149083443325,45.75131321655881,0.25785091157765794,0.47175305765870706,True,0.2316593105093642,36.82511096438212,0.9320431258936666,37.27037650801007,0.4629513897378388,0.3572503645444688,M2_010_y0x512,93,8342,47.427651029104105,0.9877123847750913,44.45321234812705,0.9985557443171311,0.45514385030692994,0.2462746787175828,66,8,0.22941176470588243,249,25.819570424886322,0.6030552733413344,0.9256107530079482,20.28186602726176,0.9999815417660042,0.3220450076469303,-7.187118712324704,0.40316948976051703,-10.605505476152963,-0.055855434249500346,0.25603112840466924,44.34686728848483,0.9997515372737393
M2_010_y256x512.png,0.09433046011897535,0.1673934588701685,0.28678156040410896,0.3353186420488386,0.2505191337881934,0.9845463429142172,27.470690256975175,0.9980457299395397,33.68959259748322,0.4303326810176125,0.19094784206301763,0.2056469359071113,30.25512126975732,0.8120385507999182,4899,37,1,6,78,1.424,0.02702702702702703,125,89,404.87720036002554,4.1018126544604225,0.0,-0.30500064355995443,-12.733849014371529,-0.013665375581566108,-0.00134025880295352,0.06661008405302565,2282.6356887817383,0.4303326810176125,0.4303326810176125,37,1,36,6,78,1.424,0.02702702702702703,37,1,125,89,41,4.549182026517137,4.1018126544604225,404.87720036002554,0.0,34878,7.119412124923453,13.377423964074302,256x256,65536,dense,Meijering,534,37,85,4656,41.77885896910249,0.9628145642947431,0.9993643931533448,38.35442985000949,0.23513195333421189,0.3559679037111334,True,0.09482758620689655,30.26041936432254,0.8120885220473656,33.70058186680228,0.6005421630214767,0.1234996557083956,M2_010_y256x512,66,4882,41.696569035630546,0.9620911164380483,38.080143702197404,0.9993859887424932,0.36372259696458686,0.1925814077174799,92,7,0.0,405,26.976621961612665,0.741950492884545,0.9734199406972989,19.839658042083126,0.4505019204230598,0.25577170539701766,-4.390551104714184,-0.0016335656544622656,-11.441447765873225,-0.1500525656381302,0.39933110367892977,40.204539271346704,0.9982117184957833
M2_010_y512x0.png,0.2780170891886166,0.21800793702426646,0.3579745753658797,0.22845650395418599,0.8265910212136162,0.9960464616658513,31.53393284004261,0.990896083728352,37.40652813763091,0.4852058762673288,0.9615524974552115,0.7418655649621283,37.75245590319807,0.9451027124450632,9408,13,12,92,96,1.9961977186311788,0.9230769230769231,526,525,2390.6235918533594,3.3878235771226834,0.0,-0.002152882482771512,-13.948319937479702,-0.0035730543142924454,-0.007431994120059238,-0.018226498097288935,2596.5869426727295,0.4852058762673288,0.4852058762673288,13,12,1,92,96,1.9961977186311788,0.9230769230769231,13,13,526,525,338,4.553568746387357,3.3878235771226834,2390.6235918533594,0.0,23510,2.4989370748299318,6.965986394557823,256x256,65536,sparse,Learned,1249,13,100,9330,51.26423584437393,0.9929824522587597,0.9990149526457038,49.277586203584384,0.5518948089721665,0.5043181465584113,True,0.2777268560953254,37.758418364670895,0.9459647545690767,37.40965438394803,0.8682259633278386,0.6441069447989951,M2_010_y512x0,95,8961,49.19934219364846,0.9908167672143428,46.16159010585393,0.9983280778484113,0.5034323743646177,0.5775011809982649,51,71,0.0,245,25.6876385860021,0.5296894321054519,0.9308244609020351,22.756490071324784,0.8268043386887114,0.2561774124169574,-8.755061968223025,0.3840513164569467,-11.446886290450394,-0.04571405476927959,0.28016997167138813,45.48225277752231,0.9996195159801438
M2_010_y512x512.png,0.06146664073137522,0.1277300798312999,0.22652597836249502,0.23251987935289278,0.22083333333333333,0.9884054989503469,27.526361256391993,0.9985683635284549,32.36672004458396,0.42308732089753986,0.18670929828965577,0.2606141266743445,29.054804697480417,0.8109070417851854,3698,26,0,5,57,1.4157303370786516,0.0,89,63,286.7939392393401,3.895217992683475,0.0,-0.0065652926250982305,-11.346059278757274,-0.010168484400531308,-0.00082462017771745,-0.023055328301877898,1847.593069076538,0.42308732089753986,0.42308732089753986,26,0,26,5,57,1.4157303370786516,0.0,27,1,89,63,27,4.552284749830795,3.895217992683475,286.7939392393401,0.0,32745,8.854786371011357,17.72201189832342,256x256,65536,sparse,Meijering,305,27,83,3686,42.11174470159911,0.9701671265617002,0.9995498637882405,37.19272788874346,0.07629736189195047,0.4336196319018405,True,0.06110138159174937,29.06088424720856,0.8111957899269189,32.395166050301,0.4908435793924508,0.12792077077707287,M2_010_y512x512,44,3660,40.66586178784357,0.9601251067750072,35.362488647514645,0.9993929837061724,0.44614264919941776,0.08378112834912232,64,0,0.0,535,27.9400243784545,0.7751275489389318,0.9841042419501569,19.73969022293761,0.15738910558576857,0.5055,-2.9957686029306885,0.10292816994053344,-11.61105709036315,-0.14921806498982182,0.06803193335647345,38.87242053514927,0.9985739833508782
M2_011_y0x256.png,0.15453460620525059,0.08818342151675485,0.1620745542949757,0.10686615014694095,0.3352891869237217,0.9974774220785252,24.51829783434702,0.998947707460556,31.84533473364614,0.6356695379796398,0.26925024519255036,0.6190855397498458,30.976383810179925,0.8706227938909812,3839,19,0,5,43,1.5529411764705883,0.0,85,66,313.79393923934015,4.440487503702679,0.0,-0.027823472397369514,-12.694524689167775,-0.0022866964270219503,-0.0006373903507675971,0.08327906654868855,1905.1387310028076,0.6356695379796398,0.6356695379796398,19,0,19,5,43,1.5529411764705883,0.0,19,0,85,66,37,4.754453624838486,4.440487503702679,313.79393923934015,0.0,26300,6.850742380828341,17.071112268820006,256x256,65536,dense,Meijering,430,19,87,3486,43.19647073353625,0.9716997324028596,0.9997118472048071,37.84164201769396,0.30822879040188356,0.5492590783260055,True,0.15433571996817821,30.981525442273643,0.8759355976979357,31.84172778627586,0.836345863197296,0.5177696301350487,M2_011_y0x256,69,3770,42.23754774925891,0.9470323432789292,35.37907831775085,0.9995850978113235,0.5523904714309512,0.27879313460468036,41,4,0.0,534,30.005806119772103,0.7601078039501775,0.9909745690780939,20.907042826069947,0.4067082229621787,0.45945597524816295,-3.5337435841047125,-0.009542889412129996,-11.261163939078983,-0.07640954938794797,0.1823580786026201,37.212822523514795,0.9997641185055471
M2_011_y256x0.png,0.13397056012234754,0.0,0.0,0.0,0.0,0.9890376170297636,23.388931250194524,0.9999780582853997,28.03219857604869,0.002179315618428599,0.11307956328284252,1.753876706222535,25.31542070390912,0.7843859126024246,505,1,0,0,2,1.0,0.0,2,1,5.414213562373095,3.098712543646495,0.0,,,,,,464.0941619873047,0.002179315618428599,0.002179315618428599,1,0,1,0,2,1.0,0.0,1,0,2,1,0,5.414213562373095,3.098712543646495,5.414213562373095,0.0,29773,58.956435643564355,129.77425742574258,256x256,65536,sparse,Frangi,53,1,,,,,,,,,True,0.13386308068459657,25.316406397428423,0.7897931985178261,28.030421360280656,0.5690083948449909,0.9979705693637043,M2_011_y256x0,,,,,,,,,,,,,,,,,,,,,,,,,
M2_011_y512x0.png,0.39663805436337624,0.46097347073010303,0.6310497486305995,0.4816172259764059,0.9149260226283725,0.9972418014493653,32.78804528149579,0.9934262659953618,34.3791265323566,0.7459125055236412,0.9726762775527075,1.0733162230416833,34.369840613789954,0.923174283124886,4950,3,1,14,18,1.9639639639639639,0.3333333333333333,111,109,617.1147904132615,8.374308245794532,0.0,-0.01701185084561535,-7.444092782141418,-0.002172848824016471,-0.004119507365197506,-0.0029830590637417442,5244.93145942688,0.7459125055236412,0.7459125055236412,3,1,2,14,18,1.9639639639639639,0.3333333333333333,3,1,111,109,79,5.661603581773039,8.374308245794532,617.1147904132615,0.0,24419,4.933131313131313,13.23959595959596,256x256,65536,sparse,Otsu,603,3,93,4518,46.89666808361336,0.9826756203525299,0.9984284920046359,42.360385745581944,0.6596759894164301,0.7314070781330142,True,0.396325693391599,34.388019239963164,0.9280694112636662,34.38636227987865,0.9239729945289252,0.9917152046802999,M2_011_y512x0,87,4699,45.4658832231701,0.9767155113100567,40.05119560770103,0.9975457733605593,0.7488955645873829,0.6979008487217166,20,29,0.0,409,31.5290282129936,0.7342483592913803,0.9647362994713349,24.235489812043166,0.9996903289645813,0.7174661849953793,-5.672069075344432,0.2747754288309908,-11.096042609380149,-0.05354122818517071,0.4136499052089916,40.23213806363721,0.9994146502733817
M2_011_y512x512.png,0.19228557988815137,0.005469634100339495,0.010879759894954044,0.7631578947368421,0.005478934441715474,0.9754109443975714,20.368690503253745,0.9999958496830021,27.133044444930086,0.002169073577258976,0.164729788588728,1.0120965998290063,22.93567834835558,0.5776878125136315,538,1,0,0,2,1.3333333333333333,0.0,3,2,8.414213562373096,2.307721551259359,0.0,,,,,,553.2207489013672,0.002169073577258976,0.002169073577258976,1,0,1,0,2,1.3333333333333333,0.0,1,0,3,2,1,4.207106781186548,2.307721551259359,8.414213562373096,0.0,38364,71.3085501858736,121.81412639405204,256x256,65536,sparse,Frangi,38,1,,,,,,,,,True,0.20598158632126723,22.935646924898258,0.5777558902953372,27.164786660335267,0.6682366393501643,0.6763200305674633,M2_011_y512x512,,,,,,,,,,,,,,,,,,,,,,,,,
M2_012_y0x0.png,0.08882475549142216,0.25554148195060167,0.4070617906683481,0.2856637168141593,0.7078947368421052,0.9979585274537487,33.3390227652708,0.9971261475087161,35.25141245846963,0.21659096342338036,0.2653296129395083,2.0977108496127475,40.11958442764416,0.9561999844463558,2131,12,2,4,26,1.6491228070175439,0.16666666666666666,57,47,206.96551211459388,4.695412890676567,0.0,-0.007239961791800226,-9.80384040958402,-0.0018398754352738633,-0.0021355675170473543,-0.006621092192305278,1787.1501445770264,0.21659096342338036,0.21659096342338036,12,2,10,4,26,1.6491228070175439,0.16666666666666666,12,2,57,47,27,4.40352153435306,4.695412890676567,206.96551211459388,0.0,15148,7.108399812294698,30.753636790239323,256x256,65536,sparse,Meijering,247,12,93,2006,49.57619547209912,0.9901466746971399,0.9994235484761418,43.628039958578,0.5512323461958919,0.23371066940012478,True,0.08861366360367559,40.125713977338975,0.956110993292764,35.25040267005424,0.40249940538176254,0.8443273696320027,M2_012_y0x0,72,2098,48.599688253610566,0.9881010397941594,41.90123993156709,0.9992617150257634,0.22321205561568563,0.4963863870718991,37,14,0.0,4170,50.986821380331364,0.9925862668887114,0.9997431925263004,47.0204398336699,0.42618862144447034,0.21945239068246833,-6.64982747309746,-0.23105677413239079,-8.480103825966403,-0.03190105534780363,0.09606471728322238,43.14286317485482,0.9997984028890226
M2_012_y0x256.png,0.009982384028185555,0.02591023515687358,0.05051170028128553,0.10078815380941007,0.0337006867912474,0.9725000003491808,28.91741947459334,0.9983388381358413,33.24898651951615,0.2950584865122941,0.20424309734936819,0.08748585191384242,29.566814667173695,0.7765102349798955,3773,26,0,3,56,1.4285714285714286,0.0,91,65,309.7645019878173,4.480376513905078,0.0,-0.01710968775892852,-10.627091872201621,-0.02270485960992774,-0.0006939448045316654,-0.0760733930308004,2176.927089691162,0.2950584865122941,0.2950584865122941,26,0,26,3,56,1.4285714285714286,0.0,26,0,91,65,32,4.765607722889494,4.480376513905078,309.7645019878173,0.0,33912,8.988073151338458,17.369732308507817,256x256,65536,sparse,Meijering,349,26,81,3732,41.22644159257507,0.9658961342662163,0.9992706654069963,36.52840485253642,0.07983290460352344,0.3607966457023061,True,0.009980186394657664,29.57062158209179,0.7767579142631088,33.26407871249449,0.92434248174055,0.08086688947522735,M2_012_y0x256,41,3758,40.080620446663985,0.9558312437674533,35.47568589400808,0.999032782940373,0.3711318795430945,0.07641613458238927,79,0,0.0,537,28.098654977227618,0.7553298434338017,0.9819972560996535,20.592540657197095,0.2228139196977571,0.3655857740585774,-2.226699374491929,0.1278269627669789,-10.51380577949029,-0.17932100878755786,0.027092071787114074,39.54451134679496,0.9952048599591086
M2_012_y256x0.png,0.5031367628607277,0.26444021868314715,0.41827239402199456,0.27320726915520627,0.8917835671342685,0.9972661509495498,33.90588666451735,0.9942849942144802,37.921665856047,0.4150132275132275,0.9657574314440637,0.4545328399133419,41.37977144118048,0.9761204792999957,5613,7,17,58,40,2.06993006993007,2.4285714285714284,286,296,1321.9625535217663,3.608625847146201,0.0,-0.020876959266201922,-11.762082823987214,-0.0023582876378273054,-0.004780388904563226,-0.017391892630495842,2633.0792903900146,0.4150132275132275,0.4150132275132275,7,17,-10,58,40,2.06993006993007,2.4285714285714284,7,19,286,296,188,4.466089707843795,3.608625847146201,1321.9625535217663,0.0,14137,2.518617495100659,11.67575271690718,256x256,65536,sparse,Learned,797,7,100,4702,53.93552365459489,0.9960432048077672,0.9993818019139461,49.311063546124466,0.33211305490349863,0.43020903573836816,True,0.5021916092673764,41.39226420761361,0.9766742566087995,37.928374796080206,0.8966878199168998,0.4075740613025318,M2_012_y256x0,95,5069,52.57643151809088,0.9958119009476071,46.73538369599136,0.9990653831190435,0.43240512014372334,0.34357864117511483,21,1,0.0,343,34.43222234884433,0.913914840895418,0.9741073245549152,27.293594722945915,0.4522848902862725,0.36741372471241573,-8.81371783994436,0.6221787902689488,-11.196660076910398,-0.019691421647611396,0.5240137221269296,45.66796948850456,0.9996244385873772
M2_012_y256x256.png,0.08190709046454768,0.06924901185770752,0.1295283158361674,0.12272345194732417,0.13713212273011896,0.9939633215549427,31.08848901484354,0.9986512151782448,33.100853928486146,0.3449145418884842,0.21964005672196574,0.12371493884286008,29.429181158633767,0.8232366477750259,3290,20,0,4,44,1.4936708860759493,0.0,79,59,256.9949493661167,4.64527983368461,0.0,0.002507002242227427,-7.200156546855766,-0.004621039736442345,-0.00048516895584449493,-0.03152223972071122,1856.8475246429443,0.3449145418884842,0.3449145418884842,20,0,20,4,44,1.4936708860759493,0.0,20,0,79,59,31,4.355846599425706,4.64527983368461,256.9949493661167,0.0,32861,9.988145896656535,19.919756838905776,256x256,65536,sparse,Meijering,263,20,81,3160,41.71920577661929,0.9670294174567218,0.9993789005423566,36.505516077310084,0.07385759654183399,0.3730179360540681,True,0.08196721311475409,29.432823352026215,0.823220299633082,33.12371812296615,0.6214581224585991,0.07688365361336424,M2_012_y256x256,38,3246,40.016375840331044,0.9543944471817969,34.63308479497188,0.9991363841340893,0.3764367816091954,0.06760618009405173,56,0,0.09999999999999998,596,29.495199991762885,0.8170076814003293,0.9876989508858388,21.980151218096875,0.09857982198761572,0.38724312783560183,-1.5322308664857331,0.152033876627914,-10.587194681697277,-0.13115779940677097,0.07940008822232025,38.288645561699305,0.9985843612913851
M2_012_y256x512.png,0.03667030292858941,0.05739141725637863,0.10855283354822866,0.13303235515425132,0.09168222360506119,0.971077860866321,25.460171534496236,0.9975770859782033,32.351295138612066,0.40411164465786314,0.25648299096539595,0.10458233730584299,26.88905841968282,0.7536668004120296,5710,33,0,7,73,1.5510204081632653,0.0,147,114,520.2031021678301,4.465985561938023,0.0,-0.029237926119571385,-14.525796891200063,-0.025980788522973253,-0.0016569974158499035,-0.009465445600382816,2943.025827407837,0.40411164465786314,0.40411164465786314,33,0,33,7,73,1.5510204081632653,0.0,33,1,147,114,67,4.563185106735348,4.465985561938023,520.2031021678301,0.0,35800,6.26970227670753,11.477408056042032,256x256,65536,sparse,Meijering,496,33,85,5598,41.740135086531765,0.974453035309901,0.9994221943815215,38.197320554833944,0.09129766703442621,0.41265368852459017,True,0.036760386067981536,26.88645292769734,0.7533845957424834,32.361490691397634,0.9149439173725713,0.09568697338258758,M2_012_y256x512,60,5627,40.77294927356502,0.9695527533141545,36.76142787758372,0.9992340833940532,0.41357709025824596,0.09765524544891635,116,2,0.0,341,21.898101176400353,0.5540436172264652,0.9295452988400607,15.367426481850101,0.5003493645306434,0.25361418567878924,-4.4101327389716545,0.1588277455164796,-13.8838908538822,-0.21588595290212487,0.0659082290481608,39.9859684256963,0.9970586493892942
M2_012_y512x512.png,0.06247559547051933,0.1355117731859683,0.23867964451967838,0.1535529539885652,0.5356125356125356,0.9981011820158877,33.6470179373624,0.9983887880063267,34.65014288713169,0.4521479064709081,0.23229353512399809,0.2925282833885625,31.041761897252833,0.8694229915662883,3385,23,0,3,49,1.5106382978723405,0.0,94,71,317.8650070512057,4.423782941651724,0.0,0.0012092535069202492,-7.83277977102523,-0.0017268087697979162,-0.001063014671425111,0.0027482495240813143,2353.419780731201,0.4521479064709081,0.4521479064709081,23,0,23,3,49,1.5106382978723405,0.0,23,0,94,71,42,4.47697193029867,4.423782941651724,317.8650070512057,0.0,24371,7.199704579025111,19.360709010339733,256x256,65536,sparse,Otsu,353,23,89,3280,45.74235485622181,0.9851987322366508,0.9995969925647944,40.29446015967439,0.1062712318538348,0.4439914163090129,True,0.0635477582846004,31.04424385058424,0.8695437983607065,34.65912138201801,0.46634194949700947,0.1364182099584359,M2_012_y512x512,62,3341,44.101512997229975,0.9516434745746067,38.44659715128377,0.9994518026777518,0.44939965694682676,0.10837165102257584,68,3,0.0,594,32.16883238815561,0.8624961712068527,0.9886750666293856,24.359587498107405,0.20732376985725443,0.5261992619926199,-3.796454264152075,0.12392188410142224,-13.059751099977142,-0.08222048300831841,0.06126634196359908,41.47979770838763,0.9998279907856856
M2_013_y0x256.png,0.22521116159785912,0.13315649867374005,0.23501872659176032,0.2601036269430052,0.2143467122117848,0.9852498563025064,25.22694251393461,0.9977640046314769,31.264635285346138,0.18726434855467114,0.3014228653696276,1.3477959832719582,27.8814006788988,0.7968574332544878,6277,31,0,6,68,1.5894039735099337,0.0,151,120,591.6883835420689,4.406914883351384,0.0,-0.13083695466275028,-12.697143250851433,-0.013396438385775311,-0.0014333956360221833,-0.21897930283017344,2575.401782989502,0.18726434855467114,0.18726434855467114,31,0,31,6,68,1.5894039735099337,0.0,31,0,151,120,77,4.930736529517236,4.406914883351384,591.6883835420689,0.0,35903,5.719770591046679,10.440656364505337,256x256,65536,dense,Meijering,670,31,87,6102,41.17773154103118,0.9681106083867088,0.9994266078771916,38.0241765587205,0.44307980919487644,0.3909301130524152,True,0.2252822299651568,27.884215163520718,0.7976428712566087,31.295086115057185,0.7389799082499104,0.9959941520579095,M2_013_y0x256,75,6181,40.49068686569956,0.9660629808527116,36.09619874764875,0.999197400267499,0.4062436513848446,0.3724764168504888,77,24,0.0,339,22.532420356603183,0.554858721640757,0.9606013358399331,15.665503275521584,0.9802719596197835,0.23612374886260237,-4.831563462302611,-0.07105355148086123,-12.609286186800759,-0.16920554759822382,0.3560481162606094,37.92408576478604,0.9986462946882817
M2_013_y0x512.png,0.41724137931034483,0.41387108933283073,0.5854438816315648,0.46502435236817957,0.7900227845065355,0.994032723944624,31.692516749570842,0.9905639301730516,33.894317289137256,0.7320067264573991,0.9601779035407665,1.2094651507840914,31.1968701563501,0.8612813416641458,7256,6,2,27,36,1.9627906976744185,0.3333333333333333,215,211,1108.6316010800772,7.479501050532899,0.0,-0.03628631748265809,-7.089936623593275,-0.004672012459045249,-0.005293258003351786,-0.01143185412193315,5199.055194854736,0.7320067264573991,0.7320067264573991,6,2,4,27,36,1.9627906976744185,0.3333333333333333,6,1,215,211,152,5.254178204170975,7.479501050532899,1108.6316010800772,0.0,33006,4.548787210584344,9.031973539140022,256x256,65536,sparse,Otsu,766,6,90,6598,42.9044289840763,0.9736488813015125,0.9969049511165597,39.961976442964925,0.7532385832709274,0.7343845089903182,True,0.41387136056681056,31.196808425304194,0.8648273636486753,33.91251121267305,0.8096231975653608,0.9792110427216874,M2_013_y0x512,85,7242,42.06147287313072,0.9667204813725211,38.33378350941003,0.9958571881764033,0.7434385805793322,0.8244795993830032,21,40,0.0,275,22.566106942323284,0.4656060733504467,0.8951642413281925,17.718606621228716,0.996338930642269,0.6061000289100896,-4.439466220272777,0.1356983041577633,-10.864602716780617,-0.10543913970837526,0.4535276967930029,38.78245337316412,0.9987047364036693
M2_013_y256x0.png,0.1940936247447629,0.23056240197176786,0.37472687545520755,0.35348677430436276,0.3986826811313444,0.9890329198272692,23.769069275158724,0.9974241526075132,31.627331228717402,0.21923455109295817,0.341757462917162,1.4445658799014485,29.708694305597547,0.8496139791564804,6198,22,0,9,54,1.65625,0.0,128,106,501.20310216782985,4.937897250304619,0.0,-0.006084794307288921,-15.80613679841667,-0.010348691034899549,-0.0020050043333181833,-0.005925363619195351,4445.9991455078125,0.21923455109295817,0.21923455109295817,22,0,22,9,54,1.65625,0.0,22,0,128,106,65,4.728331152526695,4.937897250304619,501.20310216782985,0.0,31526,5.0864795095192,10.573733462407228,256x256,65536,dense,Meijering,852,22,91,5982,43.814790783361715,0.9761094473310671,0.9996056867122267,40.383991909113234,0.9645236459981636,0.22437234453456933,True,0.19405693546557787,29.716620891360286,0.8505518253276069,31.64047991865204,0.6922481610479108,0.9999980738743348,M2_013_y256x0,84,6109,42.973279178475636,0.9738996102149874,38.287641303895484,0.9994291569408313,0.22515991471215352,0.9596938009790876,16,107,0.0,336,25.259899211644573,0.594407810363494,0.9654262021831868,17.72779292308421,0.9999999997933511,0.22829772135929985,-6.6603100751780815,-0.6179363380619256,-13.264584872878089,-0.12428563105850698,0.20017841905205183,39.575206073575394,0.9993816108621687
M2_013_y256x256.png,0.1523401353918083,0.13434647504369782,0.23687026494885075,0.254717849581147,0.22136,0.9713849586387927,23.743716355377256,0.9960364939052639,31.23443244280374,0.5901805054151624,0.36871635449307405,0.5314035261213922,25.16100908042045,0.7500302961585623,8305,37,1,21,94,1.6909871244635193,0.02702702702702703,233,197,920.86709909226,4.972339659471653,0.0,-0.03937068086774442,-13.937991098438292,-0.02596445627232835,-0.002357838465455453,0.04656113633817949,4468.632698059082,0.5901805054151624,0.5901805054151624,37,1,36,21,94,1.6909871244635193,0.02702702702702703,37,1,233,197,118,4.674452279656134,4.972339659471653,920.86709909226,0.0,40271,4.849006622516557,7.891149909692956,256x256,65536,sparse,Meijering,791,37,86,8204,40.04418710357238,0.968557412940159,0.998850547307634,37.95778782218837,0.2591817793182821,0.5436544242582669,True,0.152250146113384,25.162935682035762,0.7501990720173473,31.272707505648043,0.7723623116161873,0.4104360558361114,M2_013_y256x256,76,8258,39.119014363902714,0.9649621356980983,36.15589803865228,0.9983943323707194,0.5436193690769829,0.26938134881713793,88,16,0.0,249,18.020609046912394,0.47538948150425714,0.9130865344054475,12.851662614616249,0.9997253464300279,0.2822170900692841,-4.921465595848542,0.09933500567593612,-13.958005283482265,-0.21493183953953598,0.19171081625955272,37.68170745381555,0.9973494149111211
M2_013_y512x512.png,0.49382268904181253,0.46259345447343664,0.6325660121868653,0.542629806016959,0.75823729913975,0.9854992070333543,29.05798675345817,0.9886786232459855,33.25519477898525,0.656782334384858,0.9268728487862808,0.975048198797858,30.8821951216407,0.8822517118036916,9248,9,5,40,48,1.970260223048327,0.5555555555555556,269,265,1327.087445202794,7.936343412459223,0.0,-0.01028315037424582,-10.075663107229257,-0.011128615706816336,-0.006904720705097178,-0.020464833735099663,5776.789665222168,0.656782334384858,0.656782334384858,9,5,4,40,48,1.970260223048327,0.5555555555555556,9,6,269,265,181,5.007877151708645,7.936343412459223,1327.087445202794,0.0,34478,3.728157439446367,7.086505190311419,256x256,65536,sparse,Otsu,905,9,91,8588,43.40922119438892,0.9780140456073602,0.9973425937737845,40.95714190118838,0.7802650723369785,0.672801553272389,True,0.49360418342719226,30.881136356075363,0.8836018874656208,33.262807470310875,0.9999426688623105,0.9749922981753189,M2_013_y512x512,87,8832,42.04388133942122,0.9742077104162835,38.7071932537353,0.9955833439510827,0.6772471681199577,0.7586310423118409,28,55,0.0,247,21.290048289713994,0.4048453697367257,0.8557105967213775,17.416557128619733,0.999804509739853,0.6178767174712816,-5.451998474750049,0.16824180647443998,-11.16168621778052,-0.09195599861259196,0.5041058394160584,39.13364986068743,0.9966278227401706
M2_014_y0x0.png,0.305959805959806,0.283527552834288,0.44179426021389556,0.31155724362452525,0.7591221575885775,0.9942098668119669,33.36824164254332,0.9931119182702972,36.057594964139156,0.6933036617438803,0.5649186362246945,0.5408583494307013,34.21055275566413,0.8699007705328073,5841,18,2,16,48,1.8232044198895028,0.1111111111111111,181,165,815.84271247462,5.6200704619213955,0.0,0.08484998360463841,-9.526775406549142,-0.00533480477306203,-0.004678253825849743,0.1938931453562358,4035.1927280426025,0.6933036617438803,0.6933036617438803,18,2,16,16,48,1.8232044198895028,0.1111111111111111,18,2,181,165,117,4.944501287724964,5.6200704619213955,815.84271247462,0.0,31076,5.320321862694744,11.219996575928779,256x256,65536,sparse,Otsu,689,18,92,5576,44.86242528124262,0.9773632665218115,0.9978812049787598,42.38286272351558,0.46089744780888364,0.4988843217850851,True,0.3060753060753061,34.2090171349937,0.8697536408831262,36.05356391640082,0.9998177260895872,0.5407597650643712,M2_014_y0x0,83,5773,44.689117170554475,0.9763519721709375,41.93368901151088,0.997790172096147,0.49941051638764444,0.4871302339209037,75,49,0.0,342,29.403988866080514,0.7370342993669947,0.9458204429104053,24.38745237125797,0.9001050718250925,0.3558453656264555,-5.876094047371723,0.0777884023037908,-10.478564414890343,-0.10645120163813016,0.22110982235516757,42.89501704909246,0.9995446715850289
M2_014_y0x256.png,0.10041077133728891,0.09173553719008265,0.16805450416351247,0.13162055335968378,0.23237962316817865,0.9971517036976555,29.401944463161094,0.9986004580533718,33.74216492757009,0.3735317149569303,0.2234211862696256,0.1787650987318895,32.995083508709044,0.8653508756574019,2853,14,0,5,33,1.5087719298245614,0.0,57,43,185.36753236814718,4.613732786833891,0.0,0.01702801721559516,-9.07244119845464,-0.002542455834946722,-0.0007178230598905433,0.23762134423895753,1986.7184162139893,0.3735317149569303,0.3735317149569303,14,0,14,5,33,1.5087719298245614,0.0,14,0,57,43,19,4.310872845770864,4.613732786833891,185.36753236814718,0.0,30036,10.527865404837014,22.970907816333686,256x256,65536,sparse,Meijering,340,14,85,2792,43.25979805172342,0.9674443806174907,0.9994692731393348,38.182782454984114,0.5627751530553109,0.1390195961641551,True,0.09968567579703637,32.99411654446449,0.8655899800836497,33.740711766440484,0.6284233089779543,0.1123401548748647,M2_014_y0x256,51,2807,42.21104928825852,0.9590372284778415,36.251919573664175,0.9993182811132624,0.1359103707179728,0.6683652048826182,43,57,0.0,3218,43.132480999296305,0.9619163990559009,0.9996142034872912,40.43393693674641,0.57504382404277,0.143355336903724,-2.5097546460940876,-0.4449440186129926,-9.215965779549478,-0.09368635282043958,0.08338275412169376,38.474385661615734,0.9996941595326022
M2_014_y0x512.png,0.06967537608867776,0.07600465928945836,0.1412719891745602,0.16211180124223604,0.1251798561151079,0.9932110150266367,23.19823129643178,0.9993438303722288,31.466914998266798,0.3823711980136561,0.15568596079878405,0.198624816974011,31.897492055534627,0.9115153286274118,1923,13,0,1,27,1.2777777777777777,0.0,36,23,106.52691193458116,4.12209249430548,0.0,-0.024503341004388612,-11.912181793384725,-0.005576792489844662,-0.0001544427897409717,-0.029259360709262938,1078.2451629638672,0.3823711980136561,0.3823711980136561,13,0,13,1,27,1.2777777777777777,0.0,13,0,36,23,8,4.63160486672092,4.12209249430548,106.52691193458116,0.0,21737,11.303692147685908,34.08008320332814,256x256,65536,sparse,Meijering,179,13,85,1914,44.76532441405563,0.978398166481649,0.9998648115551089,37.29092821338957,0.06215132160873549,0.3957495692130959,True,0.06967537608867776,31.900547516481804,0.9122587466479728,31.492028515955795,0.42015821666015374,0.08345384888424989,M2_014_y0x512,27,1917,40.76027996112426,0.9208107714331665,31.208192939549853,0.9994982731619698,0.41163055872291904,0.06449301496838222,24,0,0.5769230769230769,4806,46.9599708467026,0.9835040178333425,0.9999633303137568,44.12773032508193,0.06058693718652419,0.39320667818077143,0.25872205871694476,0.09119294583040183,-8.862787905589634,-0.009295442805754672,0.09417871709306637,35.110413089816504,0.9987878075164813
M2_014_y256x0.png,0.4829800899165061,0.09896757541538957,0.18011009174311926,0.2833718244803695,0.13200645508337816,0.9761271717913387,25.92359604665696,0.9980286698768006,32.675628335469135,0.2530847017348548,0.19581909949407705,0.2741658920917703,30.593310021756896,0.8290238407571452,4990,29,0,5,63,1.4313725490196079,0.0,102,73,325.521861300698,4.355959107499793,0.0,-0.0402273495157478,-14.475191412555859,-0.02089693673690196,-0.0014567902369698738,0.0066762638370552185,3101.3083457946777,0.2530847017348548,0.2530847017348548,29,0,29,5,63,1.4313725490196079,0.0,29,0,102,73,34,4.459203579461615,4.355959107499793,325.521861300698,0.0,32448,6.502605210420842,13.133466933867735,256x256,65536,dense,Meijering,632,29,89,4986,43.46940444109711,0.9729701545478904,0.999599891853638,39.80379742473947,0.27991577653183153,0.24119475138121546,True,0.48492623476587554,30.59261609146368,0.8295682926372858,32.6778926783317,0.9537773672407442,0.26149322274649867,M2_014_y256x0,72,4863,42.6263701645301,0.9694565129545305,37.78562126684867,0.9994854601137705,0.2464084378977996,0.2731478979138434,62,11,0.0,402,26.288821058716124,0.7184267788072397,0.9699650268108494,17.676131020557907,0.5487751358874647,0.23462157809983897,-5.109992931379537,-0.07732879841976636,-12.033060142773206,-0.1404326721973853,0.5232074394322539,40.39878745921282,0.9970241085282406
M2_014_y256x256.png,0.46879038511243215,0.022202584778526456,0.0434406743030041,0.3743016759776536,0.023058391648502926,0.9521828990042078,16.24885438452917,0.999859792900616,28.20237632243891,0.035437273180103895,0.24421625854427453,1.1252900823522902,21.0097855651091,0.6672496081119482,1409,4,0,1,9,1.5294117647058822,0.0,17,13,58.21320343559643,3.2737876523553937,0.0,0.1613455665565025,-5.3728794830152005,-0.01736100860527101,0.0009143315763445736,-0.012955281811435869,924.4039058685303,0.035437273180103895,0.035437273180103895,4,0,4,1,9,1.5294117647058822,0.0,4,0,17,13,7,4.477938725815109,3.2737876523553937,58.21320343559643,0.0,37579,26.67068843151171,46.51242015613911,256x256,65536,sparse,Frangi,159,4,6,1376,32.696984488456245,0.8932339333098691,0.9997616675918574,25.422129314724813,0.4012176741717425,0.04092555994729908,True,0.4695500387897595,21.010537798455864,0.6672353987864417,28.205007427503794,0.7715574649986353,0.8682259633278386,M2_014_y256x256,2,1341,25.01621282666136,0.6810635312622482,18.25334227527921,0.9989454613242714,0.048392554991539764,0.5247379243501689,36,27,0.0,,,,,,,,9.9490340471597,-0.2805216658058943,-4.006427261552258,-0.013813923150299945,0.30744481855592964,21.62173386754437,0.9695439076094788
M2_014_y256x512.png,0.501066649427888,0.022589124363397405,0.04418025544220419,0.7033248081841432,0.022806435561452978,0.9242152979707075,16.385969269323212,0.9998637454260749,27.82077088769073,0.03428827215756491,0.302323673928969,1.0502788066939648,20.23375811221225,0.6585114344724584,1450,2,0,0,4,1.5,0.0,8,6,36.071067811865476,4.24565786421299,0.0,0.20759271389267114,-6.2300520997657,-0.03111143859049781,0.0006405776011831898,-0.009259470551184597,818.2392120361328,0.03428827215756491,0.03428827215756491,2,0,2,0,4,1.5,0.0,2,0,8,6,4,6.011844635310912,4.24565786421299,36.071067811865476,0.0,37553,25.89862068965517,45.19724137931034,256x256,65536,dense,Frangi,232,2,6,1426,32.43033681792169,0.8920575451386531,0.9997623281945909,24.82562793607346,0.2328549369690729,0.051118707271597265,True,0.5018772656654583,20.235303788124973,0.6585076614056264,27.82349988231244,0.8872809842064866,0.9318924132946353,M2_014_y256x512,3,1414,25.588287363551665,0.7205151474010284,19.195214993839702,0.9992231678248917,0.043547742708749504,0.33506402165684657,62,26,0.0,,,,,,,,8.625555893851029,-0.032740347727877595,-5.3545292513394145,-0.06200371292856999,0.2934739355352169,22.616021369088912,0.9553267365612053
M2_014_y512x0.png,0.08935860058309038,0.061858750871600754,0.11651031894934334,0.06215594034631168,0.9282511210762332,0.9996840786602427,37.075832011488515,0.9932058708614396,38.25890302347201,0.3416679980827608,0.9519733877579594,1.0470634335630074,40.21139530723755,0.9651078398875474,7540,10,7,59,65,1.9833333333333334,0.7,360,357,1712.9940828143435,3.189850132753137,0.0,0.0029660723693142738,-8.382026328027827,-0.0002654785004564397,-0.005392993681112679,-0.048731121967521995,4055.868625640869,0.3416679980827608,0.3416679980827608,10,7,3,59,65,1.9833333333333334,0.7,10,7,360,357,236,4.798302752981343,3.189850132753137,1712.9940828143435,0.0,19478,2.583289124668435,8.691777188328912,256x256,65536,sparse,Learned,1179,10,100,7182,52.03455863395102,0.9936582699142007,0.9990731662952334,49.04472466749935,0.3609653560368713,0.3522736617054519,True,0.08935860058309038,40.23248319102747,0.9662426231687098,38.26296259959368,0.4796914787936931,0.5022674068366408,M2_014_y512x0,95,6921,50.169671425077155,0.9914827747733596,46.47415309528099,0.9985988645425523,0.3903991200502828,0.36442192442996446,59,43,0.0,275,31.711279312446653,0.7967969148348507,0.965846854193525,25.381904061572087,0.9999892434963971,0.33190054782975137,-8.215250071808981,0.5875514633279949,-9.958276117839603,-0.026374934885812107,0.0863925282137761,45.45785833951634,0.9999495571606991
M2_014_y512x512.png,0.14447488584474885,0.21330450267107606,0.3516091833525527,0.24881305637982196,0.5991425509110396,0.9965071618653222,32.56049381132524,0.9967882434901812,34.391608088246045,0.4924696593069162,0.42305018961951335,0.3109372389873669,31.069628146499653,0.8678991984353503,4993,20,1,11,50,1.7397260273972603,0.05,146,127,610.3574311003808,4.847126815930271,0.0,-0.0297870369410195,-9.251422583613262,-0.0030664437185559112,-0.0022511430223073337,-0.03515212468159101,2798.54416847229,0.4924696593069162,0.4924696593069162,20,1,19,11,50,1.7397260273972603,0.05,20,0,146,127,85,4.805964024412446,4.847126815930271,610.3574311003808,0.0,28660,5.740036050470659,13.12557580612858,256x256,65536,sparse,Otsu,491,20,91,4822,44.957468425225564,0.9819698008930852,0.9991952292441698,41.28003413115978,0.1606701600533308,0.5301802978834597,True,0.14327432013141084,31.07553811722743,0.8678526501502423,34.43639426174599,0.5958624545785485,0.1852758264428892,M2_014_y512x512,76,4848,44.33110512484552,0.9807718285905718,39.59107888979547,0.9990393865124886,0.5276217839885072,0.1528541074503189,68,3,0.0,407,26.94821731686369,0.7018313288145703,0.9627998527848111,20.69524772670883,0.4841480554663409,0.4637056423677931,-5.199470801549424,0.27019608216919444,-13.261476978345868,-0.11287263015522142,0.17426192278576835,41.8119163949385,0.9995736055838781
M2_015_y0x512.png,0.09161505947114912,0.12192107354109649,0.21734340572867483,0.3010682363200349,0.17005294914419405,0.9830252113458336,24.59736327657137,0.9988906987558782,30.497010356039528,0.5942303642872183,0.27845723946502265,0.19057542204342856,25.856917934180853,0.7939491051380377,4524,22,1,9,51,1.5961538461538463,0.045454545454545456,104,83,387.70562748477164,4.430705382046318,0.0,-0.015604117338290632,-11.875197325844148,-0.014754950939844247,-0.0005825920691241437,0.05352093587332385,2733.785390853882,0.5942303642872183,0.5942303642872183,22,1,21,9,51,1.5961538461538463,0.045454545454545456,22,1,104,83,44,4.67115213837074,4.430705382046318,387.70562748477164,0.0,36768,8.127320954907162,14.48629531388152,256x256,65536,sparse,Meijering,392,22,81,4406,40.06897694751662,0.9554518511396207,0.9996818099324625,35.86626292063633,0.1365210111951506,0.5349740932642487,True,0.09161505947114912,25.85928533697156,0.7940217104856333,30.48999813622588,0.90447175664997,0.17237008674992926,M2_015_y0x512,51,4513,38.850873677579486,0.9508829161340453,32.863332518304645,0.9994732908250024,0.5407094284138945,0.1358422968153573,60,3,0.0,464,23.238106717620404,0.7090289609810113,0.9746582855132285,15.392268513816356,0.36628366522217226,0.5158302225909028,-2.366322162265117,0.14261494264966534,-12.993955743398633,-0.15693381099600756,0.10721917680943975,36.47256060241552,0.9977801622856779
M2_015_y256x256.png,0.36119883983242024,0.011018416496143555,0.02179666822357154,0.8974358974358975,0.01103230890464933,0.9713364634950516,18.896281471478098,0.9999873914990159,24.800979112190586,0.0052795451468796535,0.22894841419643375,0.8418531044199256,22.671613038815195,0.7470911508783595,678,1,0,0,2,1.5,0.0,4,3,12.414213562373096,2.563082939386368,0.0,,,,,,617.3844337463379,0.0052795451468796535,0.0052795451468796535,1,0,1,0,2,1.5,0.0,1,0,4,3,2,4.138071187457698,2.563082939386368,12.414213562373096,0.0,32480,47.905604719764014,96.66076696165192,256x256,65536,dense,Frangi,76,1,,,,,,,,,True,0.36169938016528924,22.673683928167222,0.7474162003503556,24.818918991712017,0.7901869665083601,0.6652213508272267,M2_015_y256x256,,,,,,,,,,,,,,,,,,,,,,,,,
M2_015_y256x512.png,0.038884524744697564,0.06483163336593545,0.12176879674583388,0.06525560790380423,0.9089128305582762,0.9991388469331773,29.300494608652087,0.9910923729462797,36.01886950466577,0.10680357641799386,0.484054627299784,0.11464733500214996,35.036020297591925,0.9099503676264034,10170,56,11,58,153,1.825242718446602,0.19642857142857142,515,470,2115.008368164216,3.2863555107416698,0.0,0.010628996489169307,-14.029422727106926,-0.0007786678862605756,-0.006845303070553865,0.004509322576697283,2538.0795001983643,0.10680357641799386,0.10680357641799386,56,11,45,58,153,1.825242718446602,0.19642857142857142,57,9,515,470,304,4.500017804604707,3.2863555107416698,2115.008368164216,0.0,33515,3.2954768928220255,6.444051130776795,256x256,65536,sparse,Learned,1146,57,94,9894,45.360930778428035,0.9805049056058953,0.9981806998221396,44.17879152542693,0.06074349298364767,0.10985698261357263,True,0.03924646781789639,35.03305049539953,0.9100778991194538,36.011769037407554,0.675888169431442,0.07748877738479643,M2_015_y256x512,91,10020,44.9174743779644,0.9776966384658012,43.48339301459161,0.9979376760168336,0.10229425384129658,0.06622383220784611,54,1,0.5292397660818714,248,23.996568031445516,0.7092257266963735,0.907044924012027,18.74032295514436,0.6957787359332959,0.19571251654780714,-7.46452350992584,0.4178307950919379,-9.881454080372478,-0.06774627083939788,0.028255528255528257,43.32991733575901,0.9999175148194379
M2_015_y512x512.png,0.46076518242564013,0.3123404255319149,0.47600518806744485,0.48574178799181805,0.46665125419026704,0.9879174044902991,28.613520642470434,0.996095202831199,33.8643523559077,0.46350693818706074,0.6315541548738917,0.9050855952188317,30.401775591107647,0.8766653077912392,5349,13,1,20,44,1.8461538461538463,0.07692307692307693,156,144,718.1858582251277,5.768691565417813,0.0,-0.029188449722736987,-11.939876631758715,-0.010617469396166257,-0.0025584606214003047,-0.034751359545440064,3368.779182434082,0.46350693818706074,0.46350693818706074,13,1,12,20,44,1.8461538461538463,0.07692307692307693,13,1,156,144,92,4.987401793230046,5.768691565417813,718.1858582251277,0.0,29469,5.509254066180595,12.25200972144326,256x256,65536,sparse,Otsu,530,13,90,4834,44.08226920810946,0.9779775291464902,0.998748359428995,40.41139437935235,0.5595683454940007,0.49514563106796117,True,0.46091947222057866,30.397354876739115,0.8762542107791231,33.88349858820261,0.9866557095420063,0.8930078701468855,M2_015_y512x512,79,5347,43.75822589627514,0.9785367738453257,39.261873877285545,0.9986536634525993,0.4982582977325008,0.5019227034270384,40,26,0.0,404,26.698904384283836,0.725370087479101,0.9587940587408256,20.086163609860023,0.9699746809736185,0.4578446423088732,-5.397521521377847,0.12963145144685329,-13.356450305167495,-0.10187146605408648,0.4899536321483771,40.55339727422915,0.9985348738864653
M2_016_y0x256.png,0.22653236176596656,0.15926268702761068,0.2747654846650256,0.16091327047455778,0.9394904458598726,0.9972563308977769,31.19920230211695,0.989175425393972,37.595999389596145,0.39762010253813534,0.9728397290425674,0.8899862942230963,36.9544493027366,0.9523920845934893,9630,10,11,68,69,2.0046403712296983,1.1,431,432,2051.5992052357265,3.470702961741928,0.0,0.22653236176596656,-16.13090655611976,-0.002601035050328715,-0.009569755133902902,0.36629461356439574,6644.6287631988525,0.39762010253813534,0.39762010253813534,10,11,-1,68,69,2.0046403712296983,1.1,10,11,431,432,294,4.74907223434195,3.470702961741928,2051.5992052357265,0.0,19051,1.9782969885773625,6.80539979231568,256x256,65536,sparse,Learned,1533,10,100,6606,51.94321302895545,0.9933058523009882,0.9988087792645819,49.21712667723255,0.04617277258415342,0.03132548897373958,True,0.2264211540520287,36.94958230403091,0.953474501467467,37.59391993558917,0.6375975701675096,0.5674530986790325,M2_016_y0x256,96,8254,51.488205558980425,0.9935972668118705,48.26553265050414,0.9987451805278749,0.03132548897373958,0.04617277258415342,11,0,0.44999999999999996,246,25.791280982073665,0.6027185237528702,0.9342596885635613,21.227633642960633,0.9872216123504642,0.28542406179536983,-10.669533260907997,0.926666956458414,-14.533756256243826,-0.04120518221838121,0.0,47.33010885823671,0.9998573659481056
M2_016_y0x512.png,0.012834457254731346,0.05640271908873783,0.10678260869565218,0.1764367816091954,0.07655860349127182,0.9921088553649602,30.02734285323198,0.9995234352339962,33.19945805000494,0.37126436781609196,0.15492790296801873,0.1527806526907755,34.0512979095436,0.9001252927011015,2239,12,0,0,24,1.368421052631579,0.0,38,26,104.3259018078045,4.628972704473295,0.0,-0.0025173551120063944,-9.21582727250064,-0.006662340251610388,-0.00019061858568436563,-0.007054216254704482,1265.1596069335938,0.37126436781609196,0.37126436781609196,12,0,12,0,24,1.368421052631579,0.0,12,0,38,26,14,4.0125346849155585,4.628972704473295,104.3259018078045,0.0,23331,10.420276909334524,29.270209915140686,256x256,65536,dense,Meijering,276,12,86,2212,45.18301139257951,0.9789146435236055,0.9998719071237143,38.12581458478866,0.08708372987735324,0.38584853510226647,True,0.012399390907113336,34.058456122824865,0.9008321629296138,33.20952356679905,0.6327331805705811,0.0966693883066837,M2_016_y0x512,37,2228,42.13587546635823,0.9320919477300948,34.087087381429335,0.9997140538196806,0.37831858407079644,0.08462462563962825,19,0,0.7083333333333333,4265,46.82965577671066,0.9823571277058817,0.9999521827563704,43.0847671407361,0.07688365361336424,0.38313120176405735,-0.8876293314243924,0.07030327732839048,-8.08457755681463,-0.03196665502899332,0.01535181236673774,39.24317012573262,0.9987711956165706
M2_016_y256x256.png,0.04934245696567946,0.0,0.0,0.0,0.0,0.9947236432493504,26.769041261247196,0.9999703891263593,29.625139102819148,0.0054597200441424175,0.13064176460119425,0.6921143730367728,22.201679589473194,0.6504007249497235,825,2,0,0,4,1.2,0.0,5,3,14.071067811865476,2.554841802517573,0.0,,,,,,564.1827583312988,0.0054597200441424175,0.0054597200441424175,2,0,2,0,4,1.2,0.0,2,0,5,3,1,4.6903559372884915,2.554841802517573,14.071067811865476,0.0,33453,40.54909090909091,79.43757575757576,256x256,65536,sparse,Frangi,95,2,,,,,,,,,True,0.048788316482105604,22.20036950501397,0.6507274004672473,29.58182448067177,0.749258646010142,0.5185726780256907,M2_016_y256x256,,,,,,,,,,,,,,,,,,,,,,,,,
M2_016_y512x0.png,0.06410434944065357,0.0,0.0,0.0,0.0,0.9933365466047694,21.34408854970947,0.9999890746024104,28.384232474920942,0.000974794596852806,0.13064176460119425,2.0568553024657024,29.14599903731892,0.8703601504254384,500,1,0,0,2,1.5,0.0,4,3,7.65685424949238,2.877971490224202,0.0,,,,,,524.1358280181885,0.000974794596852806,0.000974794596852806,1,0,1,0,2,1.5,0.0,1,0,4,3,2,2.5522847498307932,2.877971490224202,7.65685424949238,0.0,27653,55.306,131.072,256x256,65536,sparse,Frangi,39,1,2,494,36.0646923003127,0.9014286063334513,0.9999930911623733,25.147472108723946,0.9999999991101783,0.0010060121200507796,True,0.06407757980697847,29.15102495330631,0.8706650128051012,28.41873008528564,0.4852119415431638,0.9980107547827348,M2_016_y512x0,,,,,,,,,,,,,,,,,,,,,,,,,
M2_016_y512x256.png,0.14932582008452405,0.1928129829984544,0.32329122125040494,0.3712797619047619,0.2862880091795754,0.98079675050935,28.707959819850682,0.9957000484880627,34.79204990710105,0.4873975728658853,0.320192728973831,0.1914631009201295,29.671166061476416,0.7937660743738425,6280,37,0,18,92,1.6318407960199004,0.0,201,164,776.4112549695441,5.07231152232889,0.0,-0.2483825824395543,-13.37209303695585,-0.01712063285540033,-0.0029880422609318558,0.007950932549679768,3574.7547149658203,0.4873975728658853,0.4873975728658853,37,0,37,18,92,1.6318407960199004,0.0,37,0,201,164,91,4.734214969326481,5.07231152232889,776.4112549695441,0.0,34385,5.475318471337579,10.435668789808917,256x256,65536,sparse,Otsu,558,37,88,6168,43.07999141122593,0.9767916301311166,0.9987213234470168,40.6138501396111,0.2612604954157999,0.46772446313643024,True,0.14900751072961374,29.673401161704113,0.7939260771645491,34.798551115309024,0.9876130417156425,0.18909145547603812,M2_016_y512x256,72,6244,42.77698304452903,0.9754406560351453,40.126157875402875,0.9986880907489946,0.47944664031620554,0.25716401083691454,125,27,0.0,343,24.84340259405455,0.6480418668349924,0.9350736664559908,19.658211804740283,0.6737202053769605,0.300681125649758,-5.334107968301822,0.06302871813691646,-13.105816983052616,-0.1816745816613028,0.39770840252407835,42.08005285680653,0.9979173833647503
M2_016_y512x512.png,0.04780420860018298,0.0,0.0,0.0,0.0,0.9951776956381515,20.90940945155967,0.9997224982897882,30.31854983175503,0.03383545770567787,0.25173643242143473,2.34622312656099,20.825963664706574,0.6686085337473904,1352,4,0,2,10,1.6363636363636365,0.0,22,18,63.52691193458119,3.895027913469257,0.0,0.034000180539535775,-3.1360537449360137,-0.00022783324937547533,0.003331134047689588,-0.007288956661839048,915.8296585083008,0.03383545770567787,0.03383545770567787,4,0,4,2,10,1.6363636363636365,0.0,4,0,22,18,10,3.5292728852545103,3.895027913469257,63.52691193458119,0.0,34048,25.183431952662723,48.47337278106509,256x256,65536,sparse,Frangi,156,4,7,1342,33.28441274583204,0.9129377770492412,0.9990489659593972,26.715736235057193,0.10660572012094971,0.05321046373365042,True,0.047763240587327886,20.826198872521378,0.6687387606090617,30.319829885596974,0.29882655679142767,0.7011137783746386,M2_016_y512x512,2,1335,24.9956363414816,0.5467440267489917,19.897215253953505,0.9963913642420986,0.04112441436751692,0.18439371099012225,68,0,0.0,,,,,,,,10.421334577801524,0.06734272143131248,-4.169672676775026,0.12186450699839868,0.013804028060647205,24.045463196495685,0.995405528887527
M2_017_y256x256.png,0.4050151385761975,0.009190120620333142,0.01821286283437678,0.0450070323488045,0.011416339636104174,0.9620952481670398,18.694175646333708,0.9993032606454341,29.46971199653379,0.07668498026773969,0.23916086768870704,0.3617261645030973,19.701735873146625,0.5319365665334503,2133,9,0,1,19,1.5263157894736843,0.0,38,29,130.15432893255073,4.051710342942623,0.0,0.06364350813306713,-8.638661032893904,-0.022199188061695185,0.0017098109451133547,0.00951480511106284,1235.5217933654785,0.07668498026773969,0.07668498026773969,9,0,9,1,19,1.5263157894736843,0.0,9,0,38,29,18,4.48808030801899,4.051710342942623,130.15432893255073,0.0,40060,18.781059540553212,30.724800750117208,256x256,65536,sparse,Frangi,204,9,8,2086,31.61750696340492,0.8973883101430041,0.9982197646587786,26.239621485968804,0.2199836258138369,0.06393206216952411,True,0.40508882165852145,19.702672371536757,0.531888868042218,29.47687195764884,0.9783626292805069,0.3538993613828034,M2_017_y256x256,6,2090,27.908734305987068,0.7699677912210591,24.48365806824192,0.9975934497003207,0.06717017515667685,0.2345749233029344,142,23,0.0,4360,36.58074306206269,0.9487464088561968,0.9996216925652556,33.13752961654979,0.18503929743495318,0.06544607725046174,4.98605392829187,0.0045859443857726445,-8.206998432840443,-0.23803122468760873,0.34137163044313035,27.33283667922761,0.984294436228735
M2_017_y256x512.png,0.4727875372886974,0.31965344277245783,0.48445058742225294,0.4364881693648817,0.5442546583850931,0.9830226587478437,25.16413295746669,0.9961230793345603,31.747085578636227,0.5822784810126582,0.7052614735400002,0.821952370584667,28.57966664932061,0.8846747325376834,6562,12,3,24,43,1.8941176470588235,0.25,170,161,822.4112549695435,6.309006432354951,0.0,-0.0248875571605906,-13.481948681517018,-0.01506257594841609,-0.0025860231808050305,-0.037193727227796236,3968.574047088623,0.5822784810126582,0.5822784810126582,12,3,9,24,43,1.8941176470588235,0.25,12,2,170,161,103,5.1081444408046135,6.309006432354951,822.4112549695435,0.0,31081,4.7365132581530025,9.987199024687595,256x256,65536,sparse,Otsu,620,12,91,6366,44.40612131403852,0.9809117005206284,0.9991927752208116,40.58950129824754,0.6225812631165005,0.6174718254253104,True,0.4732687715574423,28.583698906638038,0.8871865916847159,31.781407014636386,0.9987608546034903,0.8209338520885068,M2_017_y256x512,82,6292,42.53805256736385,0.9716048295249368,37.3635484788426,0.9987091025153654,0.6194722082404545,0.6480787415829583,23,25,0.0,273,20.48665466702595,0.4041376595617291,0.9103481099040279,14.03902474296312,0.980290739285552,0.5019102469065404,-5.6164629002063755,0.05718273195704193,-13.958385918043238,-0.0869300969872534,0.497675094449288,38.64608163898371,0.9980852346962598
M2_017_y512x256.png,0.2564062254362522,0.05206989562565967,0.09898562033218147,0.08385269121813031,0.12078346028291621,0.9907917060124061,23.117779929782053,0.9981611081835459,31.56742918440692,0.36986887115165334,0.26594158323901895,0.25082615408815995,27.083205807141617,0.7819175945837638,5325,24,0,9,57,1.5714285714285714,0.0,112,88,398.36248173426384,4.94716405866334,0.0,-0.06179313147693111,-14.49960857414144,-0.00849326036810849,-0.0012069607453720765,0.0363857250842376,2794.457197189331,0.36986887115165334,0.36986887115165334,24,0,24,9,57,1.5714285714285714,0.0,24,0,112,88,46,4.526846383343906,4.94716405866334,398.36248173426384,0.0,36929,6.935023474178403,12.307230046948357,256x256,65536,dense,Meijering,580,24,84,5072,40.787402331714944,0.9600696028150164,0.9995066118590097,37.47372663439311,0.18731151277653957,0.3333706606942889,True,0.258145757909649,27.086461295019006,0.7820756156406241,31.56750441102279,0.5961317898204401,0.1495254441703523,M2_017_y512x256,62,5216,40.08942301750808,0.95867846164036,35.19821125741725,0.9993680689289179,0.33348314606741575,0.1737552133852599,81,6,0.0,406,23.670877723490563,0.6946692693722909,0.9623779943914265,16.046671742484637,0.3899373049874777,0.30744418979713095,-3.63078207301033,0.09218636985375905,-13.006217210366465,-0.17676086705659622,0.3181993569131833,37.61738850392349,0.9992849663805146
M2_018_y0x0.png,0.3761406333870102,0.07201216036481095,0.13434952144629564,0.15998311523849726,0.11579590589673083,0.991594335409511,27.225782174493606,0.9990128471455391,31.87000068707213,0.274499114079324,0.23202646034329377,0.6258123736923437,33.60626933767279,0.9028552108768894,2922,15,1,4,32,1.540983606557377,0.06666666666666667,61,47,210.50966799187816,3.995977674149735,0.0,-0.10534084809447125,-12.051519810306555,-0.007471992556227103,-0.000717153570186535,-0.03747860179811335,1591.2859439849854,0.274499114079324,0.274499114079324,15,1,14,4,32,1.540983606557377,0.06666666666666667,15,1,61,47,25,4.478929106210173,3.995977674149735,210.50966799187816,0.0,23005,7.8730321697467485,22.428473648186174,256x256,65536,dense,Meijering,352,15,90,2820,46.13249985896084,0.9815717504521704,0.9998446553811119,40.03664202676084,0.29086098781273184,0.3088160353320876,True,0.3748163973828281,33.604268457910784,0.9051459264661164,31.879900626540856,0.8313618527314045,0.5202765344551049,M2_018_y0x0,64,2893,44.16935947894886,0.9492124448426431,36.23275299075355,0.9997300007157256,0.31197771587743733,0.2924875128934983,30,8,0.0,3010,45.285043779163196,0.9711525392627762,0.9998698050345804,41.254396127709626,0.28917807193077516,0.3056717416764263,-4.362752303681422,-0.06046105255020451,-10.56309014127607,-0.04635723396575375,0.48148148148148145,39.27730198480016,0.9990663279657381
M2_018_y0x256.png,0.3772216377830685,0.4189956175012573,0.5905523770948307,0.4510092026912072,0.8551319648093841,0.9959934182484462,34.08193068436009,0.9916430495782735,35.07051072475472,0.7035957774356719,0.9996102480317473,1.0202427216625125,35.331263301612374,0.9351745894751676,6220,2,3,20,18,2.012987012987013,1.5,154,155,878.7838379715738,8.939203973679389,0.0,-0.03255872867731252,-8.034805074032036,-0.0031055979141504375,-0.005649677275417875,-0.0625934377785794,5213.755369186401,0.7035957774356719,0.7035957774356719,2,3,-1,20,18,2.012987012987013,1.5,2,3,154,155,116,5.669573148203699,8.939203973679389,878.7838379715738,0.0,25310,4.069131832797428,10.536334405144695,256x256,65536,sparse,Otsu,701,2,95,5996,47.475198375256326,0.9853045026703041,0.9981125897689676,43.88861597105128,0.9959538926167778,0.7637095321040303,True,0.3774097052958121,35.33126792966764,0.9394004688967399,35.10608650752272,0.9801589052556298,0.9999999891597524,M2_018_y0x256,89,5795,45.959917952994694,0.9795485547708869,41.604690708637534,0.9972927268536914,0.7661892152142513,0.993675557138163,6,37,0.0,344,25.214418667982223,0.5408318019814456,0.9188515064933882,19.31963411624419,0.9815002858801808,0.6581997670678277,-6.534179983882815,0.005934690893584227,-10.62865465138232,-0.04437396529571924,0.409780366460381,42.116735758392124,0.9990990161625967
M2_018_y0x512.png,0.44748653500897667,0.491186839012926,0.6587864460204886,0.5278518310649642,0.8761061946902655,0.9957588918702848,27.65979040601564,0.9962926253971365,34.1696079998471,0.7514193476566848,0.7366537872704713,1.0613140880431502,34.378573148329735,0.9444315608704333,4365,7,1,7,20,1.8938053097345133,0.14285714285714285,113,107,530.4163056034265,7.010261909966556,0.0,-0.0426190859695349,-14.225728110292732,-0.0036882157570006235,-0.0026732138788164717,-0.05455793865532954,3425.3969192504883,0.7514193476566848,0.7514193476566848,7,1,6,7,20,1.8938053097345133,0.14285714285714285,7,0,113,107,86,4.957161734611461,7.010261909966556,530.4163056034265,0.0,20076,4.599312714776632,15.01397479954181,256x256,65536,sparse,Otsu,470,7,95,4152,49.00744049513393,0.9892318324117314,0.9993276481948975,43.87073544948902,0.6535441896699425,0.8097243952340836,True,0.4483338943116796,34.398372784417276,0.9478240270001256,34.180934508124274,0.8259776306540925,0.87662169582169,M2_018_y0x512,87,4194,47.39133683351091,0.9853144869724285,40.968005472604894,0.998965839275953,0.8059772863120144,0.783464332683993,10,11,0.0,474,30.725250547158048,0.76496705979475,0.977016696490716,22.738522996324193,0.8591415790789549,0.7164488017429194,-6.798397472757792,-0.0468105454135217,-13.012763685181177,-0.040882926101995176,0.49010562097851157,41.88551851630837,0.9994471076272854
M2_018_y256x0.png,0.081169757489301,0.15402484597515403,0.2669350603885874,0.2236726312701672,0.3309461805555556,0.9932539029082131,30.88554021216534,0.9974087489123082,32.75197263215327,0.42842550707719246,0.28639047845900256,0.15856605684926242,28.232878840264707,0.8097350233709599,5583,31,0,9,71,1.5921052631578947,0.0,152,121,560.7594513539343,4.533188543540916,0.0,-0.0027171775113502966,-9.511132388385313,-0.005862856036286557,-0.0017774348105616955,-0.0014455044638801984,2939.786434173584,0.42842550707719246,0.42842550707719246,31,0,31,9,71,1.5921052631578947,0.0,31,0,152,121,72,4.6343756310242465,4.533188543540916,560.7594513539343,0.0,33590,6.016478595737059,11.738491850259717,256x256,65536,sparse,Otsu,488,31,87,5150,42.73610968703814,0.9749874051963626,0.9993000334409514,38.92534320915474,0.10691804113852665,0.4175989085948158,True,0.08101554699757524,28.22776289639229,0.809977828270307,32.75924600826526,0.7687935961939495,0.1219045690794387,M2_018_y256x0,69,5510,42.17072863997152,0.9720025464336927,37.42595481551044,0.9991861837228699,0.42987101154107266,0.10816459253785138,76,2,0.0,337,22.337801099761077,0.6194138689228722,0.9340996295965502,15.31507194977766,0.4362269196649081,0.3683040516314091,-4.673982183357168,0.17822588592115118,-13.937849799706814,-0.16226752306273273,0.0838869350006513,40.39667260055065,0.9991167589444997
M2_018_y256x256.png,0.4300110036485782,0.18651579443658653,0.31439243423666857,0.4441949247698181,0.24329643296432965,0.9858351341497819,28.295113517291362,0.9983488158325483,33.48082435746903,0.24216810497694763,0.24421625854427453,0.7880842818611986,32.403407821921036,0.8754715182037159,4392,26,0,6,58,1.514018691588785,0.0,107,81,388.1198410471446,4.175328869742538,0.0,-0.012310773695171806,-11.985019688122343,-0.012762159435182774,-0.0011487345478832234,-0.01414367491350127,2169.450044631958,0.24216810497694763,0.24216810497694763,26,0,26,6,58,1.514018691588785,0.0,26,0,107,81,43,4.791602975890672,4.175328869742538,388.1198410471446,0.0,32213,7.334471766848816,14.92167577413479,256x256,65536,dense,Meijering,476,26,89,4338,43.29996339905733,0.9693008404388994,0.9995785296675829,39.96171764029721,0.6289858776683263,0.2526988460106713,True,0.429902755267423,32.40970495299787,0.8756006222542227,33.49377960520747,0.730972366117996,0.576067832212482,M2_018_y256x256,73,4352,42.973602539809974,0.9686030457247559,38.30218263322473,0.9994975503804315,0.2563117798904489,0.6168818166580559,34,43,0.0,467,30.206703945905428,0.8493099921653501,0.9879424274922055,22.18035380889524,0.7670480516455147,0.24235235360219753,-4.821358275755699,-0.3726655581137813,-10.570194717888938,-0.09313152752103993,0.44232177734375,40.280133205413705,0.9985972935849646
M2_018_y512x256.png,0.043330201972757165,0.06777578221003876,0.12694759206798867,0.1671718349265563,0.10232624518338804,0.9839277129843846,26.92410265931152,0.9985596666686398,32.11227125379166,0.4371941272430669,0.1488884868480781,0.10806651338474123,30.004843855270277,0.8363476839907221,4240,33,1,2,67,1.3043478260869565,0.030303030303030304,92,60,262.4091629284899,4.383660099930481,0.0,-0.04781185930857988,-12.077748209688497,-0.0142195551046993,-0.0009245484491330336,-0.0028628644117265067,1793.4014797210693,0.4371941272430669,0.4371941272430669,33,1,32,2,67,1.3043478260869565,0.030303030303030304,33,0,92,60,23,4.3734860488081635,4.383660099930481,262.4091629284899,0.0,32253,7.60683962264151,15.456603773584906,256x256,65536,dense,Meijering,399,33,85,4118,42.72119068206918,0.9728860101446551,0.9996700139578225,38.094101311997775,0.10582328168686184,0.43940626270841804,True,0.04333529066353494,30.007864557514836,0.8367401155902513,32.12509616148799,0.8533930378696499,0.0922232101493855,M2_018_y512x256,57,4212,41.504588323183135,0.9684597480004673,35.274165606536755,0.9994842151177729,0.4400569916547934,0.11340799150968217,54,0,0.6818181818181819,472,26.123769794578806,0.7164816212064972,0.9762102765474598,17.834516463691727,0.40547945202980573,0.2892255892255892,-3.161894352745094,0.03548049533839592,-11.499744467912858,-0.13211206400974518,0.09114206128133705,39.001850869000016,0.9981472680890839
M2_018_y512x512.png,0.3500548245614035,0.33250233717669053,0.499064546304958,0.3847818247385503,0.709913506320692,0.9985446486203553,33.363462298280766,0.9986090838339711,34.16530010510054,0.6843393148450244,0.41891436633217993,0.8625273983172645,38.895570153270384,0.9596466492503831,2179,7,0,5,19,1.7254901960784315,0.0,51,44,207.43860018001263,6.04896996843455,0.0,-0.037866197505959986,-6.69886469648327,-0.0009690801623519762,-0.0006789568472073126,-0.019406108979250436,1759.0322494506836,0.6843393148450244,0.6843393148450244,7,0,7,5,19,1.7254901960784315,0.0,7,0,51,44,27,4.714513640454832,6.04896996843455,207.43860018001263,0.0,18530,8.503900871959614,30.076181734740707,256x256,65536,sparse,Otsu,238,7,92,2068,48.666642599411176,0.986577655476913,0.9995973023821846,41.65525289021729,0.35111514686554657,0.7185576077396658,True,0.3494667760459393,38.899157791925106,0.9630626698086908,34.16566907848819,0.7484214469402435,0.6455340034742109,M2_018_y512x512,67,2158,46.62677369662223,0.9787328432395167,37.295875619158366,0.9992880406811784,0.7037454238242749,0.4037783929655534,14,3,0.0,4198,49.42673883466214,0.9847030429372277,0.9998361530838301,45.83009323316876,0.3223273393919238,0.6947633716045926,-3.130575514057824,0.015135973366626532,-7.731203543351846,-0.019086193989133582,0.3879210220673635,40.062326994764035,0.9995137287827073
M2_019_y0x512.png,0.0802673534461614,0.016715116279069766,0.032880629020729094,0.25555555555555554,0.01757066462948816,0.9975317203095789,24.151276127583643,0.9999546561610579,27.87828403785128,0.005518763796909493,0.13064176460119425,1.5368368798839462,30.01542995305694,0.8585680609237778,768,2,0,0,4,1.3333333333333333,0.0,6,4,13.65685424949238,2.2494211660491095,0.0,,,,,,591.8941497802734,0.005518763796909493,0.005518763796909493,2,0,2,0,4,1.3333333333333333,0.0,2,0,6,4,2,3.414213562373095,2.2494211660491095,13.65685424949238,0.0,33954,44.2109375,85.33333333333333,256x256,65536,dense,Frangi,89,2,24,764,38.25546324977423,0.9235986948716846,0.9999844791395198,31.347643557745634,0.8244795993830032,0.006881260035170885,True,0.0802821220484514,30.023821197083393,0.8586672313265767,27.8878414385987,0.6246889011486004,0.9600449417393461,M2_019_y0x512,,,,,,,,,,,,,,,,,,,,,,,,,
M2_019_y256x256.png,0.4153712548849327,0.06651376146788991,0.12473118279569893,0.9608433734939759,0.06669454317374034,0.9746915395601542,22.826431542762528,0.9998836566007654,28.8680438029723,0.02883195831524099,0.24421625854427453,1.113815960491704,29.7339395892797,0.8835411241574261,972,2,0,0,4,1.5,0.0,8,6,29.313708498984763,3.888878518201056,0.0,,,,,,771.8257904052734,0.02883195831524099,0.02883195831524099,2,0,2,0,4,1.5,0.0,2,0,8,6,4,4.885618083164127,3.888878518201056,29.313708498984763,0.0,31947,32.867283950617285,67.42386831275721,256x256,65536,sparse,Frangi,140,2,54,962,40.08534688244567,0.94546772840698,0.9999306083302958,31.63048009670326,0.9723095216474466,0.03141559424678274,True,0.41569615852598646,29.737819254062213,0.8839561871116907,28.871911867909702,0.891390891175042,0.9928454016276854,M2_019_y256x256,,,,,,,,,,,,,,,,,,,,,,,,,
M2_019_y512x256.png,0.3339707835325365,0.21900123685837972,0.35931257530598004,0.2988081426009915,0.4505407124681934,0.9904060251018647,27.542275855746034,0.9957645135132126,33.5243099290641,0.3239627672014594,0.7506754954845248,0.8384712634309968,33.12659338868199,0.8986642790366781,7790,20,14,59,72,1.9655172413793103,0.7,348,342,1567.9818895055228,3.3823310423887762,0.0,-0.0048588317277286075,-12.110890461381913,-0.008587257440174967,-0.003121620515887158,0.0006193652758411106,2791.271448135376,0.3239627672014594,0.3239627672014594,20,14,6,59,72,1.9655172413793103,0.7,20,14,348,342,217,4.584742366975203,3.3823310423887762,1567.9818895055228,0.0,32407,4.1600770218228496,8.412836970474968,256x256,65536,sparse,Learned,909,20,93,7700,44.91485065270069,0.9771355343991494,0.9992623227556379,42.98937213428876,0.823010817955128,0.3226187662491137,True,0.3341660465610715,33.136818914520575,0.8992706069098081,33.55292544048808,0.8760032594983987,0.7345035597612937,M2_019_y512x256,89,7695,43.451746814958405,0.9735205076761394,40.3495201449935,0.9988861340290998,0.3233434019256183,0.9242259959771545,7,14,0.675,277,26.37005138983422,0.7126204799234054,0.9763170812490326,20.491501253958017,0.9584143448788268,0.3088832247710752,-6.8252102159293955,-0.17355050049262966,-10.325153426276415,-0.07485622863946129,0.3388296152602651,39.65316631712795,0.9989932825420397
M2_019_y512x512.png,0.47538910505836574,0.4611910337905654,0.6312535775615341,0.7181557697317009,0.5631127450980392,0.9921798499965754,25.76761401878546,0.9978002357972973,32.846552527502794,0.37296876520385325,0.7991104450897679,1.0211103547474059,34.04495587904514,0.920677258239589,2857,4,0,11,19,1.9,0.0,80,76,364.63455967290616,6.254458104166246,0.0,0.006294711191571267,-11.13447501361501,-0.006368542180599679,-0.0009672387476521438,0.006085026456486842,2416.175127029419,0.37296876520385325,0.37296876520385325,4,0,4,11,19,1.9,0.0,4,0,80,76,50,4.797823153590868,6.254458104166246,364.63455967290616,0.0,30460,10.661533076653832,22.938746937346867,256x256,65536,sparse,Meijering,327,4,88,2812,43.46983490782392,0.9672593914003813,0.9992269818723416,38.69720123479923,0.9826356032591239,0.370048309178744,True,0.47435399261705846,34.06028345888147,0.9219941738622631,32.85584615318569,0.9560630663765926,0.976245896868695,M2_019_y512x512,70,2845,42.669571961364376,0.964653454935096,36.17889591289441,0.9987674745449494,0.3668837387473664,0.7843903569317185,7,9,0.0,3149,42.83970937750961,0.9528007698212441,0.999489271801187,40.37728579381554,0.7335317021864759,0.3664625980485938,-3.332343385391617,0.014720088158049371,-8.624616082319235,-0.04397619669550701,0.46909439386679447,36.90208903240047,0.9985483921771751
M2_020_y256x256.png,0.2799527437161364,0.36077824155109733,0.53025280759907,0.4047277395967072,0.7686460126219162,0.9921858507717919,26.86348158949549,0.9892420156535814,31.6005624336254,0.5193098443924857,0.8624819365557193,1.0452300993495354,29.459359224228365,0.810357643102251,7830,10,3,29,43,1.943089430894309,0.3,246,239,1120.0336213336311,6.794538079378896,0.0,0.004958766361282119,-9.234032592685413,-0.005788628063399082,-0.005652380505192456,0.00265713807841772,4575.605392456055,0.5193098443924857,0.5193098443924857,10,3,7,29,43,1.943089430894309,0.3,10,3,246,239,174,4.686333143655352,6.794538079378896,1120.0336213336311,0.0,38262,4.886590038314176,8.369859514687102,256x256,65536,sparse,Otsu,732,10,87,7678,40.22044149650697,0.9563103146304628,0.996657860650842,38.051952860267974,0.7026148778869952,0.5135583185316756,True,0.2795620140839337,29.460728056184422,0.8105356664046488,31.63667276011295,0.9499276196980093,0.992892940311818,M2_020_y256x256,81,7598,39.08598491990296,0.9481716237517683,36.095737465860026,0.9948943961587738,0.516652706314068,0.772806049659523,41,117,0.0,278,21.847111713575064,0.6519352508240599,0.9112406806409445,16.414488917755122,0.9977794491872017,0.47665451755227317,-4.495175032234627,0.08967588689619621,-9.626625695674598,-0.13781398064951733,0.27499397735485426,36.0975141821809,0.997974478835191
M2_020_y256x512.png,0.5469230368401855,0.524280684715309,0.6879056986977818,0.5924274641607792,0.8200721610330421,0.9882001705497662,27.38042173673501,0.9866339201634227,32.32467898671558,0.6382090132090132,0.9528436081194427,0.557561851122697,29.557308903089098,0.8371065390532993,8132,7,6,31,34,1.9915611814345993,0.8571428571428571,237,236,1214.045814642451,7.530929773192056,0.0,-0.001139342547495037,-8.919008587899619,-0.008617870410344786,-0.006680908587735068,0.0017218710450151997,6114.47811126709,0.6382090132090132,0.6382090132090132,7,6,1,31,34,1.9915611814345993,0.8571428571428571,7,5,237,236,172,5.144261926451055,7.530929773192056,1214.045814642451,0.0,37774,4.6451057550418104,8.059026069847516,256x256,65536,sparse,Otsu,870,7,88,7574,41.07043029618174,0.9634231129550287,0.9961773756186699,38.61663745033709,0.536714490938577,0.6320263622904627,True,0.5468424343476449,29.56619361297909,0.8376096298451059,32.361396247525974,0.9999999560406283,0.5575618266126283,M2_020_y256x512,84,8068,39.63413117067969,0.9557562843605272,36.32182035204092,0.9933148287511577,0.636487142163998,0.5566223253078513,39,44,0.0,276,23.895014487661527,0.6159788808154212,0.8992085686369031,19.662253047188905,0.9145650490326788,0.5809545351730377,-3.9971413653253407,0.3962212828115914,-10.07682226759059,-0.11864974530722783,0.5480623793876805,36.29943032463463,0.996818040960111
M2_020_y512x512.png,0.4537296690970275,0.4535133202217057,0.6240236176886648,0.518340655972208,0.7838380716934487,0.9942089288768634,28.999158118742628,0.9928274311777393,32.778735805575906,0.6706724090025007,0.9436402484370571,0.958193851629555,33.16046114131802,0.8964564062787734,5765,5,2,20,27,1.9620253164556962,0.4,158,155,818.967604155648,7.386992418794166,0.0,0.019804090820125075,-7.279497624326893,-0.00415082076863349,-0.0034410837696621233,0.024201703143672426,4477.102279663086,0.6706724090025007,0.6706724090025007,5,2,3,20,27,1.9620253164556962,0.4,5,2,158,155,111,5.283661962294495,7.386992418794166,818.967604155648,0.0,35061,6.081699913269731,11.367909800520382,256x256,65536,sparse,Otsu,640,5,89,5740,42.01741610331159,0.9616695725712933,0.9977676871070148,38.748682996674766,0.7039251121437969,0.6367739403453689,True,0.45395244441327065,33.16808902957571,0.897090201788294,32.81532131441868,0.9990572096917121,0.9572904757527775,M2_020_y512x512,82,5604,40.74058353806816,0.9560980050351806,36.28281922073436,0.9962685149474014,0.6464707058588283,0.8995181111105263,9,27,0.0,342,27.877706195629916,0.7030971665722631,0.9507084016783851,21.50125878354441,0.9999755773603171,0.6236929271936091,-3.504083415158455,0.04412213732653081,-7.580122396750141,-0.05964159875640718,0.4339255782769024,36.27865574306952,0.9983597496454969
