filename	ng_fg_ssim	ng_fg_psnr	ng_iou	ng_topo_q	ng_psnr	ng_ssim	ng_bytes	graph_n_components	graph_n_cycles	graph_n_junctions	graph_n_endpoints	graph_mean_degree	graph_complexity	n_nodes	n_edges	total_edge_length	mean_width_px	mean_curvature	delta_fg_ssim	delta_iou	total_time_ms	self_iou	ng_recon_iou	ng_n_components	ng_n_cycles	ng_euler_characteristic	ng_n_junctions	ng_n_endpoints	ng_mean_degree	ng_graph_complexity	ng_seg_beta_0	ng_seg_beta_1	graph_n_nodes	graph_n_edges	graph_n_sampled	graph_mean_edge_length	graph_mean_width	graph_total_edge_length	graph_mean_curvature	png_bytes	ng_vs_png	ng_vs_raw	image_shape	image_pixels	image_type	segmenter	n_points	n_structures	jpeg_quality	jpeg_bytes	jpeg_psnr	jpeg_ssim	jpeg_fg_psnr	jpeg_fg_ssim	jpeg_iou	jpeg_topo_q	jpeg_beta_0	jpeg_beta_1	jpeg_betti_preservation	webp_quality	webp_bytes	webp_psnr	webp_ssim	webp_fg_ssim	webp_fg_psnr	webp_topo_q	webp_iou	jp2_bytes	jp2_psnr	jp2_ssim	jp2_fg_ssim	jp2_fg_psnr	jp2_topo_q	jp2_iou	delta_fg_psnr	delta_topo_q	delta_psnr	delta_ssim	gt_available	stem
d1_d0001_p0004_t0000.png	0.977041	22.259054	0.379683	0.999994	21.610352	0.257941	46780	11	120	332	140	2.133989	10.909091	1627	1736	7594.865725	4.110553	0.000000	0.001143	0.018391	28689.820528	0.379683	0.379683	11	120	-109	332	140	2.133989	10.909091	11	129	1627	1736	1155	4.374923	4.110553	7594.865725	0.000000	270816	5.789141	7.695596	600x600	360000	dense	Learned	4376	11	32	45763	23.643242	0.620859	22.049707	0.975898	0.361292	0.242727	2773	4169	0.000000	15	46078	25.196157	0.756649	0.987970	24.765247	0.185560	0.341460	1093	21.238924	0.185701	0.940067	18.711639	0.992259	0.367846	0.209348	0.757268	-2.032889	-0.362918	False	d1_d0001_p0004_t0000
d1_d0001_p0006_t0000.png	0.971459	22.609685	0.584554	0.999702	22.493905	0.332566	60803	23	189	475	170	2.148479	8.217391	2236	2402	10674.420341	4.065939	0.000000	-0.007631	0.078392	26460.741520	0.584554	0.584554	23	189	-166	475	170	2.148479	8.217391	23	194	2236	2402	1591	4.443972	4.065939	10674.420341	0.000000	279098	4.590201	5.920760	600x600	360000	dense	Learned	5917	23	47	59791	25.345004	0.706668	23.766529	0.979090	0.506163	0.251883	3005	5113	0.000000	28	60420	27.827482	0.850855	0.990432	27.087967	0.214312	0.489419	706	21.328102	0.212520	0.921933	18.337808	0.999990	0.449435	-1.156843	0.747819	-2.851099	-0.374102	False	d1_d0001_p0006_t0000
d1_d0001_p0007_t0000.png	0.976498	22.357165	0.420132	0.999437	21.948885	0.302314	49505	22	157	421	166	2.136709	7.136364	1975	2110	9366.409014	4.157673	0.000000	-0.001279	0.006963	23841.226339	0.420132	0.420132	22	157	-135	421	166	2.136709	7.136364	22	159	1975	2110	1388	4.439056	4.157673	9366.409014	0.000000	281114	5.678497	7.271993	600x600	360000	sparse	Learned	3992	22	36	48721	24.303954	0.650239	22.530935	0.977776	0.413169	0.257120	3152	5008	0.000000	19	48466	25.836165	0.779999	0.988072	25.091900	0.223032	0.402228	1093	21.574642	0.217903	0.935988	18.744132	0.999766	0.401501	-0.173770	0.742317	-2.355069	-0.347925	False	d1_d0001_p0007_t0000
d1_d0001_p0008_t0000.png	0.970127	21.814004	0.555477	0.999973	20.806435	0.333198	77688	23	201	606	272	2.121460	8.739130	2931	3109	13926.611609	3.782481	0.000000	-0.010751	0.086979	23157.950878	0.555477	0.555477	23	201	-178	606	272	2.121460	8.739130	23	203	2931	3109	2053	4.479451	3.782481	13926.611609	0.000000	274593	3.534561	4.633920	600x600	360000	dense	Learned	7328	23	51	76355	24.634493	0.768497	23.563017	0.980877	0.468498	0.271393	4166	9313	0.000000	31	77056	28.612106	0.908260	0.993322	28.247442	0.246061	0.466487	671	19.853121	0.162289	0.910988	17.567357	0.996602	0.422176	-1.749013	0.728581	-3.828058	-0.435299	False	d1_d0001_p0008_t0000
d1_d0001_p0009_t0000.png	0.986161	24.091643	0.463818	0.999991	25.471633	0.413768	33307	9	100	269	95	2.147368	11.111111	1235	1326	5984.670632	3.973140	0.000000	-0.001706	0.036502	20323.230505	0.463818	0.463818	9	100	-91	269	95	2.147368	11.111111	9	100	1235	1326	871	4.513326	3.973140	5984.670632	0.000000	272870	8.192572	10.808539	600x600	360000	dense	Learned	3536	9	40	32987	27.744567	0.635126	24.560109	0.987867	0.427316	0.260906	1279	1407	0.000000	28	32646	28.403689	0.725203	0.990092	25.392823	0.253984	0.423897	1738	25.897232	0.390098	0.973141	21.773076	0.911704	0.435854	-0.468465	0.739085	-2.272935	-0.221358	False	d1_d0001_p0009_t0000
d1_d0001_p0010_t0000.png	0.972582	24.207682	0.517887	0.998046	23.318361	0.406574	66777	36	185	523	245	2.111236	5.138889	2679	2828	12820.416516	3.814372	0.000000	-0.010876	0.067503	23212.962627	0.517887	0.517887	36	185	-149	523	245	2.111236	5.138889	36	189	2679	2828	1911	4.533386	3.814372	12820.416516	0.000000	267192	4.001258	5.391078	600x600	360000	dense	Learned	6917	36	61	65733	27.598117	0.763663	26.245816	0.983457	0.450384	0.192918	3873	4336	0.000000	45	66234	30.433726	0.888078	0.992398	29.500462	0.182483	0.439799	700	22.647769	0.293995	0.933097	20.089685	0.969090	0.418522	-2.038134	0.805128	-4.279756	-0.357089	False	d1_d0001_p0010_t0000
d1_d0001_p0011_t0000.png	0.985860	23.689417	0.302020	0.990970	24.291546	0.388155	38207	25	107	280	126	2.115007	4.280000	1426	1508	6717.910314	3.795096	0.000000	-0.001544	-0.026567	23575.580597	0.302020	0.302020	25	107	-82	280	126	2.115007	4.280000	25	108	1426	1508	1020	4.454848	3.795096	6717.910314	0.000000	279656	7.319496	9.422357	600x600	360000	dense	Learned	3857	25	40	37672	26.897645	0.647488	24.142383	0.987404	0.328586	0.390292	1355	3277	0.000000	26	36518	27.550849	0.738733	0.990458	25.092657	0.346183	0.328295	1447	24.550252	0.355004	0.969597	20.751770	0.969706	0.309522	-0.452966	0.600678	-2.606098	-0.259333	False	d1_d0001_p0011_t0000
d1_d0001_p0013_t0000.png	0.978050	25.036331	0.472665	1.000000	24.802583	0.500218	57235	13	147	463	210	2.113800	11.307692	2355	2489	11559.157498	3.603662	0.000000	-0.009284	0.013298	21271.699429	0.472665	0.472665	13	147	-134	463	210	2.113800	11.307692	13	149	2355	2489	1682	4.644097	3.603662	11559.157498	0.000000	271903	4.750642	6.289858	600x600	360000	dense	Learned	6099	13	65	56223	29.508748	0.765417	27.318875	0.987334	0.459367	0.247645	1865	2780	0.000000	53	56520	31.629413	0.869390	0.992812	29.770318	0.237309	0.462634	1096	25.194444	0.446191	0.955629	21.849296	0.875624	0.410149	-2.282544	0.752355	-4.706165	-0.265200	False	d1_d0001_p0013_t0000
d1_d0001_p0014_t0000.png	0.965058	24.359834	0.633468	1.000000	22.913916	0.484933	77532	20	283	736	247	2.147092	14.150000	3576	3839	17377.266730	3.985849	0.000000	-0.017985	0.084827	25573.215485	0.633468	0.633468	20	283	-263	736	247	2.147092	14.150000	20	289	3576	3839	2593	4.526509	3.985849	17377.266730	0.000000	286148	3.690708	4.643244	600x600	360000	sparse	Learned	6625	20	67	75568	28.362939	0.812982	27.166354	0.983044	0.548640	0.354432	2500	6661	0.000000	59	77124	32.080480	0.923681	0.993270	31.239068	0.336170	0.544004	719	21.727193	0.325584	0.907220	19.454652	0.999987	0.482139	-2.806521	0.645568	-5.449024	-0.328050	False	d1_d0001_p0014_t0000
d1_d0001_p0015_t0000.png	0.973316	21.896009	0.578415	0.999999	21.118094	0.329801	72949	17	219	585	201	2.147877	12.882353	2732	2934	13165.335347	3.795777	0.000000	-0.009329	0.101468	22552.172184	0.578415	0.578415	17	219	-202	585	201	2.147877	12.882353	17	215	2732	2934	1946	4.487163	3.795777	13165.335347	0.000000	280805	3.849333	4.934955	600x600	360000	dense	Learned	7002	17	50	72679	24.746699	0.755966	23.554882	0.982645	0.476947	0.260409	4257	8642	0.000000	29	71658	28.144877	0.891190	0.993144	27.684222	0.233438	0.473330	710	20.218062	0.174500	0.921424	17.679216	0.999954	0.442568	-1.658873	0.739589	-3.628605	-0.426165	False	d1_d0001_p0015_t0000
d1_d0001_p0016_t0000.png	0.978007	23.699077	0.482446	0.998782	23.759599	0.382732	48798	23	136	364	155	2.121310	5.913043	1863	1976	8800.070919	3.964635	0.000000	-0.005717	0.042385	23890.232801	0.482446	0.482446	23	136	-113	364	155	2.121310	5.913043	23	146	1863	1976	1344	4.453477	3.964635	8800.070919	0.000000	278661	5.710500	7.377352	600x600	360000	dense	Learned	4872	23	48	47896	26.920084	0.685916	24.791279	0.983724	0.440061	0.229284	2386	2955	0.000000	32	48108	28.364944	0.805543	0.989866	26.662939	0.199824	0.431827	1077	23.867394	0.320440	0.951468	20.574092	0.949299	0.425488	-1.092203	0.769497	-3.160485	-0.303185	False	d1_d0001_p0016_t0000
d1_d0001_p0017_t0000.png	0.986170	22.677248	0.402036	0.998985	22.795478	0.312974	41645	18	102	278	119	2.115305	5.666667	1457	1541	7071.390545	3.778397	0.000000	-0.000454	0.002397	21436.224937	0.402036	0.402036	18	102	-84	278	119	2.115305	5.666667	18	101	1457	1541	1060	4.588832	3.778397	7071.390545	0.000000	279864	6.720231	8.644495	600x600	360000	dense	Learned	4100	18	35	40807	25.227099	0.623233	22.780292	0.986625	0.399639	0.252101	2258	2966	0.000000	19	40350	26.191938	0.732971	0.991085	24.386773	0.227230	0.396870	1456	23.011561	0.266629	0.967138	19.589689	0.989438	0.384604	-0.103044	0.746885	-2.431621	-0.310259	False	d1_d0001_p0017_t0000
d1_d0001_p0018_t0000.png	0.972868	22.866029	0.552523	0.999948	22.147864	0.403306	72290	24	172	543	270	2.105714	7.166667	2800	2948	13569.018680	3.687402	0.000000	-0.011660	0.046407	23375.236034	0.552523	0.552523	24	172	-148	543	270	2.105714	7.166667	24	178	2800	2948	1987	4.602788	3.687402	13569.018680	0.000000	283235	3.918038	4.979942	600x600	360000	dense	Learned	6926	24	58	71239	26.540400	0.766548	25.099018	0.984528	0.506116	0.330782	2467	6700	0.000000	40	72124	29.810538	0.898427	0.993116	28.788703	0.316864	0.503711	730	20.856438	0.250442	0.919632	17.971365	0.997861	0.450109	-2.232989	0.669165	-4.392535	-0.363242	False	d1_d0001_p0018_t0000
d1_d0001_p0019_t0000.png	0.971178	22.753552	0.477457	1.000000	22.311625	0.363966	66941	14	189	558	227	2.135031	13.500000	2592	2767	12361.181884	4.000184	0.000000	-0.011179	-0.001438	22437.663555	0.477457	0.477457	14	189	-175	558	227	2.135031	13.500000	14	191	2592	2767	1807	4.467359	4.000184	12361.181884	0.000000	282523	4.220478	5.377870	600x600	360000	dense	Learned	6430	14	55	66927	26.147053	0.744354	24.606048	0.982357	0.478895	0.332877	2531	6945	0.000000	34	65178	28.647310	0.870878	0.991073	27.625597	0.311556	0.473151	711	21.487010	0.241537	0.923851	18.692031	0.999950	0.449882	-1.852496	0.667123	-3.835429	-0.380388	False	d1_d0001_p0019_t0000
d1_d0001_p0020_t0000.png	0.977966	22.879333	0.503026	0.999976	22.506214	0.346337	56793	17	131	405	199	2.107750	7.705882	2116	2230	10262.163415	3.678758	0.000000	-0.005696	0.035388	21733.659983	0.503026	0.503026	17	131	-114	405	199	2.107750	7.705882	17	132	2116	2230	1512	4.601867	3.678758	10262.163415	0.000000	280259	4.934745	6.338809	600x600	360000	dense	Learned	5582	17	48	55623	25.956270	0.696980	24.050139	0.983662	0.467638	0.336730	1763	4310	0.000000	29	55340	27.882116	0.829536	0.991137	26.558903	0.288351	0.459976	1062	22.483482	0.266946	0.947261	19.367863	0.999861	0.453591	-1.170807	0.663247	-3.450056	-0.350643	False	d1_d0001_p0020_t0000
d1_d0001_p0021_t0000.png	0.990326	22.867341	0.630057	0.999954	24.102381	0.314463	27194	9	85	236	94	2.141264	9.444444	1076	1152	5135.614716	3.649177	0.000000	0.001532	0.041631	17775.783539	0.630057	0.630057	9	85	-76	236	94	2.141264	9.444444	9	83	1076	1152	746	4.457999	3.649177	5135.614716	0.000000	274138	10.080827	13.238214	600x600	360000	sparse	Learned	2391	9	26	26291	25.633612	0.542131	22.298181	0.988794	0.588426	0.319698	571	776	0.000000	14	26106	25.985675	0.603598	0.990416	22.801943	0.275222	0.574238	2136	24.420686	0.300934	0.980993	20.422999	0.865820	0.593329	0.569160	0.680256	-1.531231	-0.227668	False	d1_d0001_p0021_t0000
d1_d0001_p0022_t0000.png	0.970982	23.329122	0.407892	0.999991	22.586297	0.396192	68595	19	191	543	222	2.129323	10.052632	2660	2832	12743.649055	4.003014	0.000000	-0.012216	-0.028703	24072.073460	0.407892	0.407892	19	191	-172	543	222	2.129323	10.052632	19	195	2660	2832	1895	4.499876	4.003014	12743.649055	0.000000	288693	4.208660	5.248196	600x600	360000	dense	Learned	6797	19	59	68237	26.913141	0.763040	25.487027	0.983198	0.436595	0.281609	2940	5886	0.000000	41	67420	29.932462	0.889876	0.992383	29.000037	0.277017	0.430754	693	21.711393	0.264353	0.924481	19.075372	0.999958	0.388632	-2.157905	0.718382	-4.326844	-0.366848	False	d1_d0001_p0022_t0000
d1_d0001_p0023_t0000.png	0.965678	23.255736	0.577265	1.000000	23.316651	0.429843	73282	9	251	670	206	2.167416	27.888889	2891	3133	13940.092706	4.128304	0.000000	-0.017307	0.016829	23757.636547	0.577265	0.577265	9	251	-242	670	206	2.167416	27.888889	9	250	2891	3133	2015	4.449439	4.128304	13940.092706	0.000000	255837	3.491130	4.912530	600x600	360000	dense	Learned	7292	9	63	72240	27.554283	0.777913	25.976176	0.982985	0.560436	0.370607	2034	6480	0.000000	47	72984	30.711876	0.904882	0.992161	29.434453	0.341305	0.558480	728	21.833289	0.288020	0.908030	18.940173	0.999999	0.521836	-2.720440	0.629393	-4.237632	-0.348070	False	d1_d0001_p0023_t0000
d1_d0001_p0024_t0000.png	0.975624	21.907955	0.485668	0.999909	21.012888	0.300211	64418	22	158	472	214	2.113855	7.181818	2389	2525	11571.616301	3.681708	0.000000	-0.005171	0.064654	20099.720716	0.485668	0.485668	22	158	-136	472	214	2.113855	7.181818	22	155	2389	2525	1703	4.582818	3.681708	11571.616301	0.000000	277655	4.310208	5.588500	600x600	360000	dense	Learned	6200	22	43	63512	24.178601	0.713824	22.841376	0.980795	0.421014	0.262504	3404	6529	0.000000	23	63274	26.934035	0.854629	0.991872	26.591542	0.215905	0.411622	681	20.252948	0.164824	0.931111	17.608307	0.999223	0.376645	-0.933422	0.737405	-3.165713	-0.413613	False	d1_d0001_p0024_t0000
d1_d0001_p0025_t0000.png	0.973211	22.098158	0.496834	1.000000	21.369369	0.306570	64505	4	168	492	182	2.138397	42.000000	2370	2534	11573.833688	3.841363	0.000000	-0.006279	0.067030	23233.005762	0.496834	0.496834	4	168	-164	492	182	2.138397	42.000000	4	176	2370	2534	1696	4.567417	3.841363	11573.833688	0.000000	274224	4.251205	5.580963	600x600	360000	dense	Learned	6118	4	44	63465	24.441870	0.715639	23.073512	0.979490	0.429804	0.237979	4103	6933	0.000000	25	63602	27.042180	0.854822	0.990589	26.508403	0.226762	0.417633	699	20.573920	0.175303	0.922711	17.921373	0.997839	0.408641	-0.975354	0.762021	-3.072501	-0.409069	False	d1_d0001_p0025_t0000
d1_d0001_p0026_t0000.png	0.983362	21.501021	0.574857	1.000000	21.017177	0.219785	43162	6	105	315	132	2.132265	17.500000	1497	1596	7078.295090	3.868105	0.000000	0.003842	0.090309	21000.494003	0.574857	0.574857	6	105	-99	315	132	2.132265	17.500000	6	107	1497	1596	1050	4.435022	3.868105	7078.295090	0.000000	268039	6.210069	8.340670	600x600	360000	dense	Learned	4058	6	27	41619	22.738963	0.583841	20.658621	0.979520	0.484548	0.164278	2888	2459	0.000000	11	42782	24.263038	0.721162	0.991732	24.334451	0.108898	0.434329	1455	20.796061	0.161587	0.954032	17.862754	0.895588	0.528577	0.842399	0.835722	-1.721786	-0.364056	False	d1_d0001_p0026_t0000
d1_d0001_p0027_t0000.png	0.971798	21.533625	0.587630	0.999989	19.827999	0.293779	70108	21	229	631	235	2.146119	10.904762	2847	3055	13639.754611	3.875838	0.000000	-0.004412	0.128283	22133.327484	0.587630	0.587630	21	229	-208	631	235	2.146119	10.904762	21	234	2847	3055	1981	4.464731	3.875838	13639.754611	0.000000	283083	4.037813	5.134935	600x600	360000	sparse	Learned	5526	21	40	69545	22.977441	0.735658	22.125527	0.976211	0.459347	0.196351	6110	8284	0.000000	20	69774	26.341764	0.882606	0.991307	26.454965	0.171472	0.445942	704	19.056918	0.134055	0.910067	17.104849	0.999676	0.469013	-0.591902	0.803638	-3.149442	-0.441879	False	d1_d0001_p0027_t0000
d1_d0001_p0029_t0000.png	0.984261	24.418356	0.523779	1.000000	25.392527	0.503361	44102	8	123	332	116	2.133799	15.375000	1719	1834	8459.823228	3.677552	0.000000	-0.004989	0.020327	20219.685316	0.523779	0.523779	8	123	-115	332	116	2.133799	15.375000	8	122	1719	1834	1271	4.612772	3.677552	8459.823228	0.000000	269646	6.114144	8.162895	600x600	360000	dense	Learned	4725	8	56	43502	29.106797	0.722636	25.941186	0.989250	0.503452	0.327138	988	1816	0.000000	44	43584	30.795145	0.818496	0.993736	28.368414	0.294323	0.497333	1440	25.903737	0.460896	0.967356	21.627513	0.951935	0.500658	-1.522830	0.672862	-3.714270	-0.219275	False	d1_d0001_p0029_t0000
d1_d0001_p0032_t0000.png	0.983577	22.498163	0.206679	0.998805	21.824692	0.266606	37891	18	110	304	134	2.126460	6.111111	1455	1547	6883.827053	3.800790	0.000000	0.002203	-0.021250	19641.921282	0.206679	0.206679	18	110	-92	304	134	2.126460	6.111111	18	115	1455	1547	1017	4.449791	3.800790	6883.827053	0.000000	275486	7.270486	9.500937	600x600	360000	sparse	Learned	3098	18	28	37396	23.843858	0.585599	22.024693	0.981375	0.227929	0.430548	1986	5887	0.000000	12	35924	24.584073	0.682673	0.988428	23.748163	0.442996	0.227353	1426	21.913145	0.218464	0.960472	19.281917	0.999990	0.204863	0.473469	0.568257	-2.019166	-0.318993	False	d1_d0001_p0032_t0000
d1_d0001_p0033_t0000.png	0.980888	20.930259	0.576056	1.000000	20.386830	0.239244	53639	7	128	374	145	2.136878	18.285714	1768	1889	8729.658798	3.738776	0.000000	0.001591	0.072013	19429.911375	0.576056	0.576056	7	128	-121	374	145	2.136878	18.285714	7	133	1768	1889	1249	4.621312	3.738776	8729.658798	0.000000	262187	4.887992	6.711535	600x600	360000	dense	Learned	4822	7	31	53079	22.333046	0.645623	20.528766	0.979297	0.504043	0.163586	3989	4451	0.000000	12	52858	24.460687	0.795667	0.992259	24.640520	0.099854	0.450189	1084	19.590974	0.136658	0.937367	16.492020	0.997509	0.562160	0.401493	0.836414	-1.946216	-0.406379	False	d1_d0001_p0033_t0000
d1_d0001_p0037_t0000.png	0.979669	23.078259	0.446560	0.998950	23.223351	0.412604	55803	25	142	392	171	2.116883	5.680000	2002	2119	9829.099490	3.782278	0.000000	-0.006386	0.003884	21161.812067	0.446560	0.446560	25	142	-117	392	171	2.116883	5.680000	25	147	2002	2119	1439	4.638556	3.782278	9829.099490	0.000000	275250	4.932531	6.451266	600x600	360000	dense	Learned	5443	25	52	54800	26.822087	0.718541	24.581564	0.986054	0.442676	0.362674	1688	4603	0.000000	35	55110	28.784332	0.841489	0.991980	27.095385	0.331859	0.436544	1081	22.699901	0.322691	0.945317	19.080229	0.963335	0.406584	-1.503305	0.636276	-3.598736	-0.305937	False	d1_d0001_p0037_t0000
d1_d0001_p0038_t0000.png	0.977749	22.641079	0.658709	1.000000	23.586014	0.396177	55736	7	159	435	149	2.147358	22.714286	2063	2215	9835.440544	3.943576	0.000000	-0.007594	0.050234	22719.362020	0.658709	0.658709	7	159	-152	435	149	2.147358	22.714286	7	169	2063	2215	1479	4.440379	3.943576	9835.440544	0.000000	275728	4.947036	6.459021	600x600	360000	dense	Learned	5393	7	52	55414	26.754850	0.706871	24.247783	0.985343	0.608476	0.315079	1498	3572	0.000000	33	54880	28.567087	0.833813	0.991166	26.462617	0.273618	0.602375	1076	22.603741	0.304297	0.938381	18.493302	0.997265	0.599887	-1.606704	0.684921	-3.168836	-0.310694	False	d1_d0001_p0038_t0000
d1_d0001_p0039_t0000.png	0.979935	21.300580	0.653968	0.999749	21.646373	0.268113	51510	18	178	409	106	2.178971	9.888889	1788	1948	8548.164282	3.939161	0.000000	0.000059	0.032448	22343.932629	0.653968	0.653968	18	178	-160	409	106	2.178971	9.888889	18	181	1788	1948	1273	4.388175	3.939161	8548.164282	0.000000	257703	5.002970	6.988934	600x600	360000	dense	Learned	4797	18	34	50551	23.482644	0.640967	21.232024	0.979876	0.621520	0.288973	1512	3641	0.000000	17	51184	25.517983	0.787479	0.992014	25.190043	0.126809	0.578282	1056	20.647052	0.173622	0.934269	16.894272	0.997892	0.675074	0.068556	0.710776	-1.836271	-0.372854	False	d1_d0001_p0039_t0000
d1_d0001_p0040_t0000.png	0.976918	21.526576	0.424193	0.999946	20.442406	0.265598	59237	18	102	339	188	2.083458	5.666667	2013	2097	10040.045666	3.570999	0.000000	-0.002016	0.036810	19683.444738	0.424193	0.424193	18	102	-84	339	188	2.083458	5.666667	18	101	2013	2097	1486	4.787814	3.570999	10040.045666	0.000000	270452	4.565592	6.077283	600x600	360000	dense	Learned	5510	18	37	59027	23.252495	0.684950	21.818785	0.978934	0.387382	0.314127	2689	6711	0.000000	17	56306	25.558636	0.812548	0.990944	25.526936	0.227528	0.374720	1088	20.091770	0.156461	0.934342	17.547024	0.999705	0.384560	-0.292209	0.685819	-2.810090	-0.419352	False	d1_d0001_p0040_t0000
d1_d0001_p0041_t0000.png	0.984776	20.896038	0.518401	0.999990	19.640139	0.184963	38880	10	111	294	105	2.149963	11.100000	1347	1448	6514.930517	4.001408	0.000000	0.009391	0.118984	22533.680916	0.518401	0.518401	10	111	-101	294	105	2.149963	11.100000	10	115	1347	1448	948	4.499261	4.001408	6514.930517	0.000000	261843	6.734645	9.259259	600x600	360000	sparse	Learned	3075	10	20	37068	20.876619	0.539351	18.997633	0.975384	0.399417	0.126599	4630	2387	0.000000	5	37580	22.117957	0.677805	0.989596	22.369791	0.096864	0.339069	1450	19.228742	0.122239	0.949835	16.648894	0.874167	0.446162	1.898405	0.873391	-1.236480	-0.354388	False	d1_d0001_p0041_t0000
d1_d0001_p0043_t0000.png	0.975062	21.223387	0.537609	0.999995	20.296920	0.269789	65562	16	179	508	198	2.139316	11.187500	2340	2503	11100.954396	3.783005	0.000000	-0.003074	0.105431	22515.092373	0.537609	0.537609	16	179	-163	508	198	2.139316	11.187500	16	184	2340	2503	1634	4.435060	3.783005	11100.954396	0.000000	269478	4.110277	5.490986	600x600	360000	dense	Learned	6056	16	38	64885	23.017935	0.712354	21.693496	0.978137	0.432178	0.197609	5259	7015	0.000000	18	64162	25.860150	0.853542	0.991745	25.913746	0.167088	0.411919	708	19.267660	0.129067	0.916128	16.643670	0.986675	0.439765	-0.470110	0.802385	-2.721015	-0.442565	False	d1_d0001_p0043_t0000
d1_d0001_p0044_t0000.png	0.981521	24.158676	0.313114	0.989098	23.958626	0.397889	47530	33	138	347	156	2.117581	4.181818	1786	1891	8545.497326	3.733918	0.000000	-0.003862	-0.009949	20633.831024	0.313114	0.313114	33	138	-105	347	156	2.117581	4.181818	33	142	1786	1891	1283	4.519036	3.733918	8545.497326	0.000000	266245	5.601620	7.574164	600x600	360000	dense	Learned	4825	33	48	46424	27.228730	0.687962	25.174356	0.985383	0.323063	0.399344	1198	3277	0.000000	33	47414	28.651506	0.808683	0.990258	26.779449	0.354385	0.321131	1092	23.928725	0.337696	0.957415	20.538394	0.975766	0.300402	-1.015680	0.589754	-3.270104	-0.290074	False	d1_d0001_p0044_t0000
d1_d0001_p0045_t0000.png	0.975609	23.237667	0.573937	0.999819	23.772417	0.412916	57345	21	187	467	156	2.155068	8.904762	2141	2307	10278.239533	3.934840	0.000000	-0.008761	0.041993	21686.876059	0.573937	0.573937	21	187	-166	467	156	2.155068	8.904762	21	195	2141	2307	1518	4.455240	3.934840	10278.239533	0.000000	270188	4.711623	6.277792	600x600	360000	dense	Learned	5763	21	55	56245	27.258614	0.723017	24.977539	0.984370	0.531944	0.248567	2103	3390	0.000000	37	56230	29.149280	0.845801	0.990578	27.187312	0.212064	0.526374	1085	22.905269	0.320845	0.935151	19.128089	0.959401	0.510501	-1.739871	0.751252	-3.486196	-0.310101	False	d1_d0001_p0045_t0000
d1_d0001_p0047_t0000.png	0.971147	22.594216	0.455824	1.000000	22.134256	0.350483	66801	14	222	563	175	2.160866	15.857143	2586	2794	12419.272288	3.847339	0.000000	-0.010268	0.020345	22580.221653	0.455824	0.455824	14	222	-208	563	175	2.160866	15.857143	14	223	2586	2794	1848	4.444979	3.847339	12419.272288	0.000000	254478	3.809494	5.389141	600x600	360000	dense	Learned	6556	14	53	66405	25.805480	0.738901	24.300969	0.981416	0.435479	0.295281	2919	7007	0.000000	33	66670	28.474615	0.874347	0.990773	27.505249	0.258522	0.430470	692	21.398569	0.218398	0.922660	18.645799	0.997290	0.402702	-1.706753	0.704719	-3.671224	-0.388418	False	d1_d0001_p0047_t0000
d1_d0001_p0048_t0000.png	0.987110	22.221214	0.345862	0.997463	21.489709	0.230617	38834	19	99	280	130	2.117045	5.210526	1367	1447	6484.229073	3.477057	0.000000	0.002001	0.029343	19164.783239	0.345862	0.345862	19	99	-80	280	130	2.117045	5.210526	19	101	1367	1447	957	4.481153	3.477057	6484.229073	0.000000	282249	7.268090	9.270227	600x600	360000	dense	Learned	3900	19	27	38720	23.303878	0.578293	21.535500	0.985109	0.316518	0.213441	2727	2917	0.000000	11	38218	24.403779	0.692549	0.991735	23.908223	0.180160	0.302065	1412	21.452684	0.188059	0.969224	18.796851	0.972494	0.324002	0.685714	0.784022	-1.814169	-0.347675	False	d1_d0001_p0048_t0000
d1_d0001_p0049_t0000.png	0.970401	23.653671	0.562242	0.999998	23.092320	0.411918	71255	18	262	604	149	2.176110	14.555556	2771	3015	13324.919041	3.957707	0.000000	-0.013220	0.059424	24124.668360	0.562242	0.562242	18	262	-244	604	149	2.176110	14.555556	18	273	2771	3015	2018	4.419542	3.957707	13324.919041	0.000000	289287	4.059884	5.052277	600x600	360000	dense	Learned	7273	18	61	70139	27.278970	0.774200	25.927619	0.983621	0.502818	0.305706	2770	6172	0.000000	45	70544	30.423461	0.900296	0.992627	29.413975	0.275367	0.497775	704	21.590651	0.273275	0.921307	19.103462	0.985178	0.449077	-2.273949	0.694292	-4.186650	-0.362282	False	d1_d0001_p0049_t0000
d1_d0001_p0052_t0000.png	0.981071	22.800985	0.272271	0.998790	21.840254	0.274115	47278	21	149	376	145	2.149620	7.095238	1711	1839	8142.585638	3.766088	0.000000	-0.000658	0.000894	21184.054852	0.272271	0.272271	21	149	-128	376	145	2.149620	7.095238	21	153	1711	1839	1190	4.427725	3.766088	8142.585638	0.000000	290465	6.143767	7.614535	600x600	360000	dense	Learned	4589	21	35	46571	24.312721	0.635658	22.931080	0.981729	0.271376	0.267764	2887	4560	0.000000	18	46900	25.737005	0.770135	0.989941	25.123251	0.247929	0.263958	1087	21.796448	0.208428	0.954829	19.423521	0.986468	0.252897	-0.130096	0.731026	-2.472467	-0.361543	False	d1_d0001_p0052_t0000
d1_d0001_p0053_t0000.png	0.982856	22.601420	0.342182	0.999995	22.984118	0.322741	42400	10	134	332	102	2.166443	13.400000	1490	1614	7039.758077	4.004058	0.000000	-0.001265	-0.020448	22733.592272	0.342182	0.342182	10	134	-124	332	102	2.166443	13.400000	10	141	1490	1614	1056	4.361684	4.004058	7039.758077	0.000000	277540	6.545755	8.490566	600x600	360000	dense	Learned	4205	10	37	42388	25.404560	0.634931	22.866732	0.984121	0.362630	0.373434	1413	3525	0.000000	20	40688	26.306210	0.736052	0.989153	24.393409	0.381352	0.360967	1443	22.960720	0.275293	0.957531	19.376535	0.996730	0.347246	-0.265312	0.626561	-2.420443	-0.312190	False	d1_d0001_p0053_t0000
d1_d0001_p0054_t0000.png	0.982061	22.393017	0.411042	0.999994	22.144968	0.316789	51363	13	120	346	136	2.117389	9.230769	1823	1930	8985.315652	3.702703	0.000000	-0.002442	0.001456	19517.796516	0.411042	0.411042	13	120	-107	346	136	2.117389	9.230769	13	120	1823	1930	1341	4.655604	3.702703	8985.315652	0.000000	276463	5.382532	7.008936	600x600	360000	dense	Learned	4995	13	40	50970	24.904388	0.668549	22.928547	0.984504	0.409586	0.380376	1635	4874	0.000000	22	50324	26.596213	0.793038	0.990862	25.249004	0.320694	0.401838	1044	21.694697	0.228514	0.950860	18.379346	0.999976	0.392814	-0.535530	0.619618	-2.759420	-0.351760	False	d1_d0001_p0054_t0000
d1_d0001_p0055_t0000.png	0.980050	22.235209	0.548501	0.999999	21.380621	0.344126	65643	15	172	469	174	2.130345	11.466667	2409	2566	11882.657065	3.632392	0.000000	-0.005847	0.092021	21352.941990	0.548501	0.548501	15	172	-157	469	174	2.130345	11.466667	15	174	2409	2566	1766	4.630809	3.632392	11882.657065	0.000000	281289	4.285133	5.484210	600x600	360000	dense	Learned	6361	15	48	65345	25.051893	0.734526	23.567184	0.985897	0.456480	0.228198	4195	6416	0.000000	28	64254	27.735330	0.867540	0.993481	26.995558	0.209560	0.443838	726	20.469720	0.206405	0.937677	17.500121	0.999538	0.439710	-1.331975	0.771801	-3.671271	-0.390400	False	d1_d0001_p0055_t0000
d1_d0001_p0056_t0000.png	0.991519	22.006120	0.380074	0.999997	23.290552	0.306279	31244	7	71	204	82	2.121789	10.142857	1051	1115	5212.741700	3.695730	0.000000	0.001404	-0.013089	20082.129002	0.380074	0.380074	7	71	-64	204	82	2.121789	10.142857	7	72	1051	1115	765	4.675105	3.695730	5212.741700	0.000000	268434	8.591538	11.522212	600x600	360000	dense	Learned	3159	7	28	31115	24.955426	0.563221	21.408207	0.990116	0.393163	0.362163	914	1920	0.000000	14	30330	25.525698	0.640553	0.992768	22.543416	0.374879	0.398091	1807	23.343708	0.275653	0.979732	18.938508	0.999604	0.389354	0.597913	0.637835	-1.664874	-0.256941	False	d1_d0001_p0056_t0000
d1_d0001_p0057_t0000.png	0.974145	22.520651	0.668987	1.000000	22.937095	0.396222	63721	14	208	506	138	2.162207	14.857143	2392	2586	11757.880369	3.850540	0.000000	-0.010254	0.065181	23462.027788	0.668987	0.668987	14	208	-194	506	138	2.162207	14.857143	14	213	2392	2586	1748	4.546744	3.850540	11757.880369	0.000000	263836	4.140487	5.649629	600x600	360000	dense	Learned	6207	14	55	62779	26.572511	0.733041	24.501636	0.984399	0.603806	0.331477	1937	5348	0.000000	35	61604	28.764298	0.859056	0.991424	27.137812	0.298415	0.595564	722	21.449545	0.263398	0.924339	17.932813	0.999983	0.572009	-1.980985	0.668522	-3.635415	-0.336819	False	d1_d0001_p0057_t0000
d1_d0001_p0058_t0000.png	0.970253	22.642728	0.590930	1.000000	22.799811	0.429539	74735	11	244	612	165	2.165190	22.181818	2821	3054	13938.106991	3.809044	0.000000	-0.014600	0.028621	21585.558414	0.590930	0.590930	11	244	-233	612	165	2.165190	22.181818	11	247	2821	3054	2044	4.563886	3.809044	13938.106991	0.000000	279796	3.743842	4.817020	600x600	360000	dense	Learned	7375	11	61	73670	27.021791	0.777810	25.415448	0.984853	0.562309	0.405970	1840	6976	0.000000	44	74522	30.404638	0.907336	0.993457	29.165066	0.383638	0.560324	730	20.809956	0.261960	0.909791	17.694430	0.999391	0.509035	-2.772721	0.594030	-4.221981	-0.348271	False	d1_d0001_p0058_t0000
d1_d0001_p0059_t0000.png	0.975050	23.181973	0.391361	0.999975	22.552985	0.413854	60899	21	214	539	169	2.148519	10.190476	2599	2792	12720.610383	3.692519	0.000000	-0.008459	-0.017331	20587.955952	0.391361	0.391361	21	214	-193	539	169	2.148519	10.190476	21	222	2599	2792	1891	4.556093	3.692519	12720.610383	0.000000	287845	4.726596	5.911427	600x600	360000	sparse	Learned	5075	21	54	60531	26.603648	0.740497	24.852096	0.983509	0.408691	0.413927	1786	5874	0.000000	37	60868	29.144754	0.868204	0.991642	27.852611	0.415785	0.406160	682	21.506718	0.275919	0.932318	18.629446	0.996813	0.359423	-1.670123	0.586048	-4.050663	-0.326643	False	d1_d0001_p0059_t0000
d1_d0001_p0060_t0000.png	0.964154	22.695827	0.703546	0.999994	23.549648	0.422625	66013	17	233	517	116	2.177340	13.705882	2436	2652	11796.583905	4.317871	0.000000	-0.015920	0.019388	22753.612041	0.703546	0.703546	17	233	-216	517	116	2.177340	13.705882	17	239	2436	2652	1803	4.448184	4.317871	11796.583905	0.000000	270269	4.094178	5.453471	600x600	360000	dense	Learned	6301	17	58	65645	27.023771	0.746691	24.990660	0.980075	0.684158	0.533907	890	4976	0.000000	39	65604	29.623746	0.875811	0.989726	27.974705	0.447943	0.679838	731	21.420351	0.276287	0.894281	17.971124	0.970548	0.642273	-2.294833	0.466087	-3.474123	-0.324066	False	d1_d0001_p0060_t0000
d1_d0001_p0061_t0000.png	0.965663	21.962750	0.667846	1.000000	21.989370	0.408950	83629	6	310	717	141	2.190357	51.666667	3194	3498	15337.542633	3.825313	0.000000	-0.017628	0.066621	22835.877419	0.667846	0.667846	6	310	-304	717	141	2.190357	51.666667	6	323	3194	3498	2336	4.384661	3.825313	15337.542633	0.000000	265913	3.179675	4.304727	600x600	360000	dense	Learned	8144	6	60	82770	26.178390	0.801814	24.936520	0.983291	0.601225	0.407328	2139	8637	0.000000	41	82138	30.091203	0.921930	0.993950	29.403716	0.375652	0.605830	686	19.503797	0.209855	0.883130	16.706030	1.000000	0.541873	-2.973770	0.592672	-4.189020	-0.392865	False	d1_d0001_p0061_t0000
d1_d0001_p0062_t0000.png	0.974235	20.910776	0.705345	0.999996	20.777608	0.284871	60056	13	185	405	90	2.181148	14.230769	1899	2071	9297.409014	4.500556	0.000000	-0.000830	0.043673	25078.428745	0.705345	0.705345	13	185	-172	405	90	2.181148	14.230769	13	188	1899	2071	1404	4.489333	4.500556	9297.409014	0.000000	255690	4.257526	5.994405	600x600	360000	dense	Learned	5159	13	35	58551	22.880026	0.678365	21.004261	0.975065	0.661671	0.267319	2039	4434	0.000000	17	58540	25.493254	0.828576	0.991333	25.597771	0.126943	0.631385	709	19.270255	0.156581	0.903110	16.026735	0.976049	0.666541	-0.093485	0.732678	-2.102417	-0.393494	False	d1_d0001_p0062_t0000
d1_d0001_p0063_t0000.png	0.980120	21.241787	0.668366	0.998983	21.714638	0.257472	40860	17	108	276	107	2.128622	6.352941	1415	1506	6668.915365	4.211694	0.000000	0.004638	0.008177	21068.960667	0.668366	0.668366	17	108	-91	276	107	2.128622	6.352941	17	113	1415	1506	1032	4.428231	4.211694	6668.915365	0.000000	257734	6.307734	8.810573	600x600	360000	sparse	Learned	3083	17	27	39683	23.097327	0.578807	20.366302	0.975482	0.660189	0.333007	832	1869	0.000000	11	39044	24.438287	0.693305	0.989586	23.875776	0.151322	0.613928	1441	21.097944	0.193652	0.940099	17.372934	0.891752	0.699892	0.875486	0.665976	-1.382689	-0.321335	False	d1_d0001_p0063_t0000
d1_d0001_p0064_t0000.png	0.991519	22.006120	0.380074	0.999997	23.290552	0.306279	31244	7	71	204	82	2.121789	10.142857	1051	1115	5212.741700	3.695730	0.000000	0.001404	-0.013089	20206.789494	0.380074	0.380074	7	71	-64	204	82	2.121789	10.142857	7	72	1051	1115	765	4.675105	3.695730	5212.741700	0.000000	268434	8.591538	11.522212	600x600	360000	dense	Learned	3159	7	28	31115	24.955426	0.563221	21.408207	0.990116	0.393163	0.362163	914	1920	0.000000	14	30330	25.525698	0.640553	0.992768	22.543416	0.374879	0.398091	1807	23.343708	0.275653	0.979732	18.938508	0.999604	0.389354	0.597913	0.637835	-1.664874	-0.256941	False	d1_d0001_p0064_t0000
d1_d0001_p0065_t0000.png	0.974145	22.520651	0.668987	1.000000	22.937095	0.396222	63721	14	208	506	138	2.162207	14.857143	2392	2586	11757.880369	3.850540	0.000000	-0.010254	0.065181	23506.178617	0.668987	0.668987	14	208	-194	506	138	2.162207	14.857143	14	213	2392	2586	1748	4.546744	3.850540	11757.880369	0.000000	263836	4.140487	5.649629	600x600	360000	dense	Learned	6207	14	55	62779	26.572511	0.733041	24.501636	0.984399	0.603806	0.331477	1937	5348	0.000000	35	61604	28.764298	0.859056	0.991424	27.137812	0.298415	0.595564	722	21.449545	0.263398	0.924339	17.932813	0.999983	0.572009	-1.980985	0.668522	-3.635415	-0.336819	False	d1_d0001_p0065_t0000
d1_d0001_p0066_t0000.png	0.991808	26.384968	0.048187	1.000000	24.451187	0.300364	12898	2	43	110	36	2.172996	21.500000	474	515	2248.633693	4.284126	0.000000	0.011141	0.048088	18322.130919	0.048187	0.048187	2	43	-41	110	36	2.172996	21.500000	2	45	474	515	328	4.366279	4.284126	2248.633693	0.000000	248628	19.276477	27.911304	600x600	360000	sparse	Learned	1304	2	19	12852	26.745994	0.441677	26.365129	0.980666	0.000099	0.363168	16	16	0.000000	10	12200	26.985595	0.455965	0.984278	27.032994	0.327762	0.000495	21365	27.649959	0.563440	0.984193	27.665865	0.243901	0.000989	0.019839	0.636832	-2.294807	-0.141312	False	d1_d0001_p0066_t0000
d1_d0001_p0067_t0000.png	0.981299	21.576529	0.401644	0.999244	20.289365	0.242221	54652	22	147	414	180	2.128866	6.681818	1940	2065	8993.958221	3.786220	0.000000	0.001113	0.053284	22113.869429	0.401644	0.401644	22	147	-125	414	180	2.128866	6.681818	22	146	1940	2065	1346	4.355428	3.786220	8993.958221	0.000000	279583	5.115696	6.587133	600x600	360000	dense	Learned	5103	22	32	53355	22.654056	0.655511	21.304068	0.980186	0.348360	0.203569	5074	5997	0.000000	13	52514	24.599835	0.795600	0.991138	24.621835	0.188609	0.330994	1048	19.864629	0.151280	0.942569	17.383585	0.982267	0.344825	0.272461	0.795674	-2.364690	-0.413289	False	d1_d0001_p0067_t0000
d1_d0001_p0068_t0000.png	0.980148	21.602866	0.519351	0.999991	21.544788	0.312319	57968	15	144	417	178	2.123860	9.600000	2083	2212	9984.881236	3.645338	0.000000	-0.003817	0.046384	19164.697409	0.519351	0.519351	15	144	-129	417	178	2.123860	9.600000	15	146	2083	2212	1488	4.513961	3.645338	9984.881236	0.000000	267241	4.610147	6.210323	600x600	360000	dense	Learned	5496	15	41	57592	24.415201	0.687642	22.365341	0.983965	0.472967	0.301172	2474	5884	0.000000	22	56728	26.617750	0.822993	0.991963	25.461512	0.255982	0.465656	1095	20.928374	0.206838	0.942185	17.589522	0.991305	0.466058	-0.762475	0.698819	-2.870413	-0.375323	False	d1_d0001_p0068_t0000
d1_d0001_p0069_t0000.png	0.970023	21.282119	0.687649	1.000000	21.284671	0.367284	82080	6	293	687	139	2.195039	48.833333	2943	3230	14469.089748	3.875955	0.000000	-0.013145	0.039384	21909.685850	0.687649	0.687649	6	293	-287	687	139	2.195039	48.833333	6	300	2943	3230	2117	4.479594	3.875955	14469.089748	0.000000	270288	3.292982	4.385965	600x600	360000	dense	Learned	7610	6	54	82000	24.979072	0.789844	23.696575	0.983168	0.648265	0.407910	1767	7800	0.000000	33	81526	28.925705	0.912756	0.994629	28.687186	0.301589	0.655056	727	18.676254	0.171060	0.881903	15.511002	1.000000	0.636614	-2.414456	0.592090	-3.694401	-0.422560	False	d1_d0001_p0069_t0000
d1_d0001_p0070_t0000.png	0.968450	21.781333	0.626109	1.000000	21.020219	0.363394	76034	18	237	662	237	2.139891	13.166667	3131	3350	15204.528348	3.650150	0.000000	-0.011638	0.066615	21751.210451	0.626109	0.626109	18	237	-219	662	237	2.139891	13.166667	18	246	3131	3350	2232	4.538665	3.650150	15204.528348	0.000000	274404	3.608964	4.734724	600x600	360000	sparse	Learned	6044	18	51	75336	24.796617	0.770091	23.602724	0.980087	0.559494	0.246973	4007	7932	0.000000	29	74288	28.171691	0.895458	0.992376	27.905416	0.204655	0.554454	681	19.196006	0.172072	0.893179	16.538648	0.997608	0.533683	-1.821391	0.753027	-3.776398	-0.406698	False	d1_d0001_p0070_t0000
d1_d0001_p0071_t0000.png	0.964707	21.409960	0.693027	1.000000	21.451374	0.397802	78846	12	331	743	134	2.201516	27.583333	3166	3485	15343.724307	3.986679	0.000000	-0.014828	0.031228	22322.520256	0.693027	0.693027	12	331	-319	743	134	2.201516	27.583333	12	342	3166	3485	2289	4.402790	3.986679	15343.724307	0.000000	270652	3.432666	4.565863	600x600	360000	sparse	Learned	6208	12	53	78758	25.050755	0.780131	23.626928	0.979536	0.661799	0.404423	1813	7405	0.000000	32	77404	28.573190	0.901512	0.992487	28.147127	0.297829	0.669315	709	18.668526	0.184309	0.861850	15.693772	0.999941	0.638746	-2.216968	0.595577	-3.599381	-0.382329	False	d1_d0001_p0071_t0000
d1_d0001_p0072_t0000.png	0.961678	21.510529	0.672378	1.000000	21.175812	0.426839	90036	19	374	830	161	2.191375	19.684211	3710	4065	18081.923584	3.800004	0.000000	-0.019389	0.031316	23220.605373	0.672378	0.672378	19	374	-355	830	161	2.191375	19.684211	19	387	3710	4065	2719	4.448198	3.800004	18081.923584	0.000000	265975	2.954096	3.998401	600x600	360000	sparse	Learned	7158	19	58	89426	25.436118	0.820006	24.419160	0.981067	0.641062	0.357764	2522	8892	0.000000	39	88776	29.904876	0.932292	0.994252	29.732287	0.310596	0.650135	370	16.888481	0.138336	0.834608	14.540629	0.999998	0.520203	-2.908631	0.642236	-4.260306	-0.393167	False	d1_d0001_p0072_t0000
d2_d0002_p0000_t0000.png	0.982650	23.428230	0.586161	0.999380	24.603355	0.393630	40742	17	120	316	125	2.135171	7.058824	1524	1627	7190.628135	3.953922	0.000000	-0.002988	0.059027	22293.833971	0.586161	0.586161	17	120	-103	316	125	2.135171	7.058824	17	124	1524	1627	1083	4.419562	3.953922	7190.628135	0.000000	273183	6.705194	8.836091	600x600	360000	dense	Learned	4049	17	43	40049	27.190742	0.657271	24.123652	0.985638	0.527134	0.325839	896	1673	0.000000	29	40302	28.228225	0.763848	0.990112	25.543707	0.287968	0.518821	1405	24.678146	0.354611	0.962789	20.546372	0.957173	0.525919	-0.695423	0.673541	-2.587387	-0.263641	False	d2_d0002_p0000_t0000
d2_d0002_p0001_t0000.png	0.978361	23.069337	0.645306	0.999999	24.271210	0.395896	51127	11	186	431	107	2.185775	16.909091	1884	2059	8920.060818	4.045696	0.000000	-0.006190	0.027877	23097.323418	0.645306	0.645306	11	186	-175	431	107	2.185775	16.909091	11	197	1884	2059	1346	4.332230	4.045696	8920.060818	0.000000	274782	5.374499	7.041289	600x600	360000	dense	Learned	5030	11	50	51066	27.058653	0.698751	24.425301	0.984551	0.617429	0.345481	794	1785	0.000000	31	49312	28.381722	0.805831	0.989642	26.091802	0.331052	0.612180	1048	23.001802	0.319177	0.942579	18.829557	0.906908	0.587336	-1.355964	0.654519	-2.787444	-0.302855	False	d2_d0002_p0001_t0000
d2_d0002_p0002_t0000.png	0.974838	22.563785	0.581138	0.999429	23.056838	0.327632	46636	18	131	332	119	2.139851	7.277778	1616	1729	7721.914498	4.302327	0.000000	-0.002769	0.029096	22915.518999	0.581138	0.581138	18	131	-113	332	119	2.139851	7.277778	18	132	1616	1729	1165	4.466116	4.302327	7721.914498	0.000000	273359	5.861545	7.719358	600x600	360000	dense	Learned	4376	18	39	45905	25.455986	0.646652	22.983040	0.977607	0.552042	0.340598	1213	2940	0.000000	22	46040	26.843520	0.768543	0.986800	24.977198	0.263982	0.528791	1090	22.758364	0.254358	0.937220	19.311567	0.984517	0.563440	-0.419255	0.658831	-2.399148	-0.319019	False	d2_d0002_p0002_t0000
d2_d0002_p0003_t0000.png	0.976642	22.432605	0.606153	0.999877	23.239103	0.352776	45598	14	112	287	99	2.131279	8.000000	1493	1591	7229.782464	4.420524	0.000000	-0.003070	0.010570	22888.085604	0.606153	0.606153	14	112	-98	287	99	2.131279	8.000000	14	117	1493	1591	1107	4.544175	4.420524	7229.782464	0.000000	264281	5.795890	7.895083	600x600	360000	dense	Learned	4285	14	40	45082	25.718472	0.650285	22.923794	0.979712	0.595583	0.427727	763	2384	0.000000	23	44834	27.015534	0.767043	0.987301	24.768430	0.369781	0.581820	1076	22.912034	0.279723	0.938076	19.086121	0.999801	0.596286	-0.491189	0.572150	-2.479369	-0.297508	False	d2_d0002_p0003_t0000
d2_d0002_p0004_t0000.png	0.989836	21.533462	0.675153	0.977629	22.615278	0.232924	25220	18	59	165	89	2.094470	3.277778	868	909	3900.279580	3.972278	0.000000	0.004922	0.020401	20406.245470	0.675153	0.675153	18	59	-41	165	89	2.094470	3.277778	18	66	868	909	614	4.290737	3.972278	3900.279580	0.000000	243570	9.657811	14.274385	600x600	360000	sparse	Learned	2047	18	19	24456	23.565514	0.491750	19.914691	0.984914	0.654753	0.279113	253	189	0.000000	7	23928	24.135226	0.518212	0.991958	22.445255	0.189128	0.627262	2517	22.482153	0.222315	0.975212	18.225944	0.575425	0.651739	1.618771	0.698516	-0.950235	-0.258827	False	d2_d0002_p0004_t0000
d2_d0002_p0005_t0000.png	0.980986	22.435015	0.719551	0.999289	23.054179	0.348349	50432	23	203	433	94	2.179283	8.826087	2008	2188	9550.173516	3.748698	0.000000	-0.002582	0.029004	19688.699007	0.719551	0.719551	23	203	-180	433	94	2.179283	8.826087	23	218	2008	2188	1481	4.364796	3.748698	9550.173516	0.000000	283156	5.614610	7.138325	600x600	360000	sparse	Learned	4161	23	40	49417	25.343410	0.670255	22.997870	0.983569	0.690547	0.289225	900	1431	0.000000	22	49404	26.739616	0.775780	0.990866	25.257288	0.231944	0.678062	1088	21.300800	0.256062	0.938970	17.221199	0.894249	0.655581	-0.562856	0.710063	-2.289231	-0.321907	False	d2_d0002_p0005_t0000
d2_d0002_p0006_t0000.png	0.978090	22.704671	0.644654	1.000000	23.157553	0.423681	65205	12	243	571	131	2.190045	20.250000	2431	2662	11687.517887	3.778123	0.000000	-0.009419	0.022962	21542.160988	0.644654	0.644654	12	243	-231	571	131	2.190045	20.250000	12	254	2431	2662	1729	4.390503	3.778123	11687.517887	0.000000	280069	4.295207	5.521049	600x600	360000	dense	Learned	6389	12	58	64812	27.159820	0.751822	25.008287	0.987509	0.621692	0.564824	728	3888	0.000000	41	65156	29.764503	0.878577	0.994094	28.165161	0.510460	0.618110	713	20.727658	0.280715	0.924728	16.804461	0.999999	0.553673	-2.303616	0.435176	-4.002267	-0.328141	False	d2_d0002_p0006_t0000
d2_d0002_p0007_t0000.png	0.970409	23.579739	0.573937	0.999997	23.635726	0.423076	59993	17	225	551	161	2.163715	13.235294	2541	2749	12448.998118	3.982082	0.000000	-0.010197	0.023676	22379.039764	0.573937	0.573937	17	225	-208	551	161	2.163715	13.235294	17	236	2541	2749	1829	4.528555	3.982082	12448.998118	0.000000	283817	4.730835	6.000700	600x600	360000	sparse	Learned	5130	17	55	59261	27.048872	0.736606	25.224924	0.980606	0.550261	0.288878	2086	4080	0.000000	38	59414	29.300789	0.860331	0.989601	27.897236	0.260602	0.541503	1087	22.406825	0.314648	0.920962	19.266768	0.995304	0.525521	-1.645185	0.711120	-3.413145	-0.313530	False	d2_d0002_p0007_t0000
d2_d0002_p0008_t0000.png	0.973277	21.849527	0.785353	0.999641	22.265364	0.386928	65724	27	274	610	135	2.190073	10.148148	2599	2846	12315.845881	3.998475	0.000000	-0.008823	0.042963	22043.400764	0.785353	0.785353	27	274	-247	610	135	2.190073	10.148148	27	289	2599	2846	1854	4.327423	3.998475	12315.845881	0.000000	276439	4.206059	5.477451	600x600	360000	sparse	Learned	5138	27	49	65695	25.399499	0.737483	23.436049	0.982099	0.742390	0.428431	1047	3752	0.000000	29	65648	28.142424	0.865880	0.992574	27.312233	0.304094	0.736961	730	19.418405	0.223518	0.899479	15.947223	0.992725	0.652108	-1.586522	0.571211	-3.134135	-0.350554	False	d2_d0002_p0008_t0000
d2_d0002_p0009_t0000.png	0.979569	22.173169	0.787522	0.998563	22.847006	0.398396	63405	30	236	490	102	2.177510	7.866667	2321	2527	11180.851799	3.747548	0.000000	-0.007780	0.052294	21853.828907	0.787522	0.787522	30	236	-206	490	102	2.177510	7.866667	30	248	2321	2527	1729	4.424556	3.747548	11180.851799	0.000000	274298	4.326126	5.677786	600x600	360000	dense	Learned	5996	30	53	63252	26.288068	0.736488	24.061918	0.987349	0.735228	0.605627	547	3327	0.000000	33	62326	28.523778	0.857997	0.993370	26.917031	0.455367	0.730471	732	20.128529	0.252995	0.922814	16.092987	0.984211	0.640143	-1.888750	0.392937	-3.441062	-0.338091	False	d2_d0002_p0009_t0000
d2_d0002_p0010_t0000.png	0.987315	21.723172	0.777817	0.993431	23.334093	0.307705	40527	22	148	282	50	2.189616	6.727273	1329	1455	6374.643287	3.929974	0.000000	0.000721	0.023878	20708.131313	0.777817	0.777817	22	148	-126	282	50	2.189616	6.727273	22	150	1329	1455	997	4.381198	3.929974	6374.643287	0.000000	251372	6.202581	8.882967	600x600	360000	dense	Learned	3785	22	32	39248	24.912851	0.608313	21.481569	0.986594	0.753938	0.720313	142	959	0.000000	17	40082	26.148319	0.702393	0.993237	24.205802	0.581854	0.740674	1449	22.214562	0.257467	0.959490	17.195463	0.916570	0.737141	0.241603	0.273118	-1.578758	-0.300608	False	d2_d0002_p0010_t0000
d2_d0002_p0011_t0000.png	0.983633	24.051051	0.741982	1.000000	24.425039	0.530347	62814	8	251	582	124	2.189474	31.375000	2565	2808	12309.769763	3.481065	0.000000	-0.008385	0.048410	20240.323067	0.741982	0.741982	8	251	-243	582	124	2.189474	31.375000	8	258	2565	2808	1859	4.383821	3.481065	12309.769763	0.000000	265289	4.223406	5.731206	600x600	360000	dense	Learned	6435	8	67	62266	29.629522	0.785994	27.016939	0.992018	0.693571	0.850457	234	2838	0.000000	56	62520	32.003303	0.886197	0.995863	29.933949	0.824590	0.691287	732	21.748882	0.382177	0.939782	17.534277	0.999494	0.616840	-2.965889	0.149543	-5.204484	-0.255647	False	d2_d0002_p0011_t0000
d2_d0002_p0012_t0000.png	0.975974	25.632844	0.596847	0.999995	25.489573	0.605423	69351	21	258	604	154	2.161279	12.285714	2939	3176	14511.175967	3.621824	0.000000	-0.013916	0.011875	23329.103231	0.596847	0.596847	21	258	-237	604	154	2.161279	12.285714	21	261	2939	3176	2181	4.569010	3.621824	14511.175967	0.000000	265510	3.828496	5.190985	600x600	360000	dense	Learned	7531	21	75	68518	31.424210	0.834711	29.305961	0.989889	0.584971	0.445067	1008	3550	0.000000	74	69218	34.266915	0.919863	0.995105	32.465857	0.490530	0.593219	675	23.339410	0.443154	0.927883	19.940987	0.926691	0.479131	-3.673117	0.554927	-5.934637	-0.229288	False	d2_d0002_p0012_t0000
d2_d0002_p0013_t0000.png	0.974933	24.603343	0.490936	0.999931	24.395834	0.473922	56986	21	167	460	181	2.124786	7.952381	2340	2486	11433.699562	3.781894	0.000000	-0.010372	0.032364	22512.902260	0.490936	0.490936	21	167	-146	460	181	2.124786	7.952381	21	167	2340	2486	1699	4.599236	3.781894	11433.699562	0.000000	273245	4.794950	6.317341	600x600	360000	dense	Learned	6015	21	63	56584	28.890517	0.755832	26.734983	0.985305	0.458572	0.291224	1618	3204	0.000000	48	55324	31.003457	0.860844	0.991528	29.162472	0.260621	0.460861	1081	24.935717	0.401108	0.949188	21.835695	0.843928	0.431830	-2.131640	0.708708	-4.494684	-0.281910	False	d2_d0002_p0013_t0000
d2_d0002_p0014_t0000.png	0.968925	24.783809	0.439655	0.999999	24.224097	0.507280	71720	19	235	607	204	2.143522	12.368421	3010	3226	14669.824812	3.749481	0.000000	-0.017248	0.015996	24052.343130	0.439655	0.439655	19	235	-216	607	204	2.143522	12.368421	19	242	3010	3226	2199	4.547373	3.749481	14669.824812	0.000000	275774	3.845148	5.019520	600x600	360000	dense	Learned	7697	19	71	70903	29.862189	0.809988	28.218860	0.986173	0.423659	0.257752	1857	3179	0.000000	65	71418	32.887017	0.914883	0.993307	31.297866	0.247746	0.424249	733	23.778920	0.387127	0.929572	20.997518	0.860013	0.379487	-3.435050	0.742246	-5.638091	-0.302708	False	d2_d0002_p0014_t0000
d2_d0002_p0015_t0000.png	0.987502	23.776453	0.725554	0.987007	25.155993	0.424300	36272	24	121	262	78	2.153846	5.041667	1261	1358	6015.589463	3.950693	0.000000	-0.001776	0.035777	24357.995749	0.725554	0.725554	24	121	-97	262	78	2.153846	5.041667	24	128	1261	1358	921	4.429742	3.950693	6015.589463	0.000000	273895	7.551141	9.925011	600x600	360000	dense	Learned	3575	24	41	35894	27.792214	0.655838	24.355411	0.989277	0.689777	0.417146	330	524	0.000000	29	35568	28.534647	0.744717	0.991550	25.314226	0.362864	0.682219	1445	25.000294	0.392553	0.970411	20.342928	0.788282	0.661283	-0.578958	0.569861	-2.636221	-0.231538	False	d2_d0002_p0015_t0000
d2_d0002_p0016_t0000.png	0.988889	21.782102	0.816709	0.996477	23.562831	0.308474	27613	14	95	204	51	2.168399	6.785714	962	1043	4558.678641	4.388033	0.000000	0.003948	0.098506	22896.035671	0.816709	0.816709	14	95	-81	204	51	2.168399	6.785714	14	96	962	1043	707	4.370737	4.388033	4558.678641	0.000000	265265	9.606526	13.037337	600x600	360000	sparse	Learned	2208	14	24	26893	24.918130	0.541614	20.784129	0.984940	0.718203	0.304817	486	474	0.000000	12	26860	25.537499	0.602078	0.990642	22.394756	0.306724	0.698706	2154	23.524271	0.287561	0.970330	18.676962	0.678294	0.732330	0.997973	0.691660	-1.355299	-0.233141	False	d2_d0002_p0016_t0000
d2_d0002_p0017_t0000.png	0.989014	21.716557	0.762937	0.985620	22.779595	0.323904	33910	21	116	231	59	2.172570	5.523810	1101	1196	5134.680733	3.995644	0.000000	0.001645	0.047971	21965.033531	0.762937	0.762937	21	116	-95	231	59	2.172570	5.523810	21	118	1101	1196	811	4.293211	3.995644	5134.680733	0.000000	270435	7.975081	10.616337	600x600	360000	dense	Learned	3104	21	29	32940	25.345049	0.591253	21.216703	0.987369	0.714965	0.519088	169	401	0.000000	15	32784	26.179748	0.657378	0.992445	23.151710	0.467728	0.703325	1807	23.149526	0.297558	0.967629	17.941725	0.613666	0.697840	0.499854	0.466532	-2.565454	-0.267349	False	d2_d0002_p0017_t0000
d2_d0002_p0018_t0000.png	0.974412	25.618476	0.480705	0.999811	25.488744	0.545271	52006	20	159	400	137	2.137148	7.950000	2027	2166	9857.969548	4.068287	0.000000	-0.010806	0.015905	23260.018826	0.480705	0.480705	20	159	-139	400	137	2.137148	7.950000	20	166	2027	2166	1490	4.551232	4.068287	9857.969548	0.000000	266369	5.121890	6.922278	600x600	360000	dense	Learned	5562	20	66	51299	30.340397	0.776046	27.815946	0.985218	0.464800	0.406048	961	2522	0.000000	59	51918	32.434878	0.865860	0.991994	30.441491	0.371390	0.456028	1037	26.058744	0.483475	0.948004	22.575515	0.887369	0.419932	-2.197470	0.593763	-4.851653	-0.230775	False	d2_d0002_p0018_t0000
d2_d0002_p0019_t0000.png	0.977725	24.760213	0.664085	0.999998	25.030019	0.544361	58840	15	216	521	146	2.168553	14.400000	2385	2586	11350.054901	3.649001	0.000000	-0.011357	0.038246	23362.218380	0.664085	0.664085	15	216	-201	521	146	2.168553	14.400000	15	230	2385	2586	1718	4.389039	3.649001	11350.054901	0.000000	269387	4.578297	6.118287	600x600	360000	dense	Learned	6134	15	68	58517	30.144112	0.789659	27.585533	0.989082	0.625838	0.582296	493	2649	0.000000	59	58776	32.383212	0.883023	0.994133	30.317704	0.543055	0.621506	1034	24.390862	0.459236	0.946511	20.555178	0.972319	0.583933	-2.825320	0.417702	-5.114093	-0.245298	False	d2_d0002_p0019_t0000
d2_d0002_p0020_t0000.png	0.978603	25.533075	0.603446	1.000000	25.587325	0.594558	60505	13	240	556	126	2.179447	18.461538	2530	2757	12132.767671	3.772183	0.000000	-0.011311	0.020203	22169.666529	0.603446	0.603446	13	240	-227	556	126	2.179447	18.461538	13	246	2530	2757	1848	4.400714	3.772183	12132.767671	0.000000	262870	4.344600	5.949921	600x600	360000	dense	Learned	6457	13	72	60024	31.253778	0.815245	28.683030	0.989915	0.583244	0.556417	589	2865	0.000000	70	60368	33.707930	0.897850	0.994876	31.680905	0.540653	0.581266	713	23.842144	0.468782	0.940733	19.960870	0.969285	0.506547	-3.149955	0.443583	-5.666453	-0.220686	False	d2_d0002_p0020_t0000
d2_d0002_p0021_t0000.png	0.981610	25.196732	0.706864	0.999988	25.894126	0.586175	53002	16	214	476	102	2.181402	13.375000	2183	2381	10475.089389	3.792082	0.000000	-0.008709	0.043541	22224.175215	0.706864	0.706864	16	214	-198	476	102	2.181402	13.375000	16	220	2183	2381	1605	4.399450	3.792082	10475.089389	0.000000	263286	4.967473	6.792197	600x600	360000	dense	Learned	5645	16	68	52682	30.918798	0.790053	27.839305	0.990319	0.663323	0.538442	432	1730	0.000000	63	52290	33.027632	0.870395	0.995117	30.939873	0.482302	0.659072	1085	25.019368	0.510165	0.954464	20.683163	0.943818	0.615103	-2.642573	0.461546	-5.024672	-0.203878	False	d2_d0002_p0021_t0000
d2_d0002_p0022_t0000.png	0.970610	24.982826	0.495951	0.999960	23.332301	0.439659	66813	26	246	639	218	2.141616	9.461538	3107	3327	15000.498910	3.708941	0.000000	-0.011941	0.018768	21854.713440	0.495951	0.495951	26	246	-220	639	218	2.141616	9.461538	26	256	3107	3327	2250	4.508716	3.708941	15000.498910	0.000000	281282	4.209989	5.388173	600x600	360000	sparse	Learned	5994	26	64	66439	28.277718	0.775415	27.130245	0.982550	0.477184	0.266737	2230	3692	0.000000	50	66732	31.047623	0.894556	0.991493	30.070212	0.234356	0.472358	736	22.600077	0.319905	0.929886	20.237712	0.988553	0.430834	-2.147420	0.733222	-4.945417	-0.335756	False	d2_d0002_p0022_t0000
d2_d0002_p0025_t0000.png	0.980096	24.924474	0.410225	0.998470	24.911980	0.456434	45077	23	117	326	158	2.107613	5.086957	1747	1841	8511.928784	3.907664	0.000000	-0.005537	0.017385	21507.513762	0.410225	0.410225	23	117	-94	326	158	2.107613	5.086957	23	117	1747	1841	1263	4.623535	3.907664	8511.928784	0.000000	273359	6.064268	7.986334	600x600	360000	dense	Learned	4606	23	55	44946	28.693638	0.710753	26.273753	0.985633	0.392840	0.253967	1477	1821	0.000000	41	44504	30.101434	0.811542	0.990676	28.092847	0.245280	0.389528	1064	25.246010	0.406450	0.956549	21.554462	0.770881	0.366511	-1.349279	0.744503	-3.781658	-0.254319	False	d2_d0002_p0025_t0000
d2_d0002_p0027_t0000.png	0.979482	21.598149	0.689144	0.999999	21.587370	0.319840	60027	13	218	502	120	2.195331	16.769231	2099	2304	10093.452737	3.976949	0.000000	-0.004194	0.062574	22353.140116	0.689144	0.689144	13	218	-205	502	120	2.195331	16.769231	13	228	2099	2304	1477	4.380839	3.976949	10093.452737	0.000000	278081	4.632599	5.997301	600x600	360000	dense	Learned	5585	13	42	58911	24.500917	0.700603	22.439015	0.983676	0.626570	0.310200	1751	4178	0.000000	23	59806	26.931876	0.837078	0.993005	26.090242	0.228104	0.610084	727	20.109230	0.202854	0.929280	16.597512	0.998210	0.580358	-0.840866	0.689799	-2.913547	-0.380764	False	d2_d0002_p0027_t0000
d2_d0002_p0028_t0000.png	0.989695	21.939795	0.740028	0.999993	23.566479	0.305685	31188	8	114	262	63	2.186128	14.250000	1139	1245	5396.377126	3.815499	0.000000	0.001924	0.026513	19349.998474	0.740028	0.740028	8	114	-106	262	63	2.186128	14.250000	8	118	1139	1245	814	4.334439	3.815499	5396.377126	0.000000	269451	8.639573	11.542901	600x600	360000	sparse	Learned	2723	8	27	30180	25.175881	0.562051	21.287445	0.987771	0.713515	0.771127	85	528	0.000000	13	29560	25.860453	0.617188	0.992528	22.975223	0.670704	0.700746	1815	23.445653	0.279440	0.973500	18.514749	0.984006	0.707565	0.652350	0.228866	-1.609402	-0.256365	False	d2_d0002_p0028_t0000
d2_d0002_p0029_t0000.png	0.990941	21.946764	0.765565	0.996794	23.898478	0.319648	29879	15	104	228	61	2.172481	6.933333	1032	1121	4948.330445	3.912488	0.000000	0.001687	0.037636	20323.097467	0.765565	0.765565	15	104	-89	228	61	2.172481	6.933333	15	108	1032	1121	743	4.414211	3.912488	4948.330445	0.000000	263950	8.833964	12.048596	600x600	360000	sparse	Learned	2377	15	27	29360	25.484983	0.562555	21.305121	0.989254	0.727929	0.794969	74	420	0.000000	14	29684	26.198447	0.623175	0.993337	23.046848	0.764546	0.717552	2173	23.708015	0.299104	0.976812	18.369178	0.804536	0.716392	0.641643	0.201825	-1.586505	-0.242906	False	d2_d0002_p0029_t0000
d2_d0002_p0031_t0000.png	0.971984	23.821264	0.629369	1.000000	23.599958	0.472238	70539	12	229	576	169	2.158336	19.083333	2741	2958	13369.404323	3.926103	0.000000	-0.014082	0.061768	24375.859022	0.629369	0.629369	12	229	-217	576	169	2.158336	19.083333	12	236	2741	2958	1996	4.519745	3.926103	13369.404323	0.000000	281636	3.992628	5.103560	600x600	360000	dense	Learned	7147	12	65	68988	28.360549	0.783492	26.596982	0.986066	0.567601	0.297471	2288	4875	0.000000	52	69754	31.266426	0.902253	0.993437	29.817209	0.285156	0.561953	730	21.742508	0.331399	0.920644	18.597627	1.000000	0.516668	-2.775717	0.702529	-4.760591	-0.311254	False	d2_d0002_p0031_t0000
d2_d0002_p0032_t0000.png	0.986654	22.661506	0.710233	1.000000	23.409013	0.418953	46968	7	130	349	111	2.151571	18.571429	1623	1746	8019.287081	3.728524	0.000000	-0.003585	0.049817	20840.996742	0.710233	0.710233	7	130	-123	349	111	2.151571	18.571429	7	136	1623	1746	1163	4.592948	3.728524	8019.287081	0.000000	271121	5.772462	7.664793	600x600	360000	dense	Learned	4461	7	47	46831	27.171227	0.687103	23.892745	0.990238	0.660416	0.884745	132	1417	0.000000	30	45606	28.399475	0.793605	0.993264	25.502207	0.857717	0.657763	1090	22.804346	0.353166	0.959474	17.896751	0.999408	0.619716	-1.231239	0.115255	-3.762213	-0.268150	False	d2_d0002_p0032_t0000
d2_d0002_p0033_t0000.png	0.976322	23.564399	0.558647	0.998847	23.780967	0.411924	59323	28	208	479	143	2.158033	7.428571	2278	2458	10787.212188	3.825370	0.000000	-0.008660	0.024824	21871.764421	0.558647	0.558647	28	208	-180	479	143	2.158033	7.428571	28	219	2278	2458	1656	4.388614	3.825370	10787.212188	0.000000	284662	4.798510	6.068473	600x600	360000	dense	Learned	6038	28	56	58107	27.280832	0.729842	25.306255	0.984982	0.533823	0.375286	1235	3280	0.000000	39	59260	29.470090	0.858863	0.991548	27.797682	0.332058	0.528951	1087	22.972384	0.318833	0.940405	19.572570	0.991455	0.514079	-1.741856	0.623560	-3.499865	-0.317918	False	d2_d0002_p0033_t0000
d2_d0002_p0034_t0000.png	0.977472	21.213666	0.689788	0.999953	20.886995	0.301338	65156	19	188	473	154	2.151502	9.894737	2231	2400	10784.567527	3.826834	0.000000	-0.004420	0.065543	21157.567739	0.689788	0.689788	19	188	-169	473	154	2.151502	9.894737	19	199	2231	2400	1604	4.493570	3.826834	10784.567527	0.000000	273237	4.193582	5.525201	600x600	360000	dense	Learned	5921	19	41	65130	23.718813	0.719113	22.086452	0.981892	0.624244	0.345826	1643	5430	0.000000	21	64164	26.490124	0.856348	0.993423	26.451630	0.185426	0.611817	734	19.356965	0.164847	0.917944	15.929684	0.998992	0.607687	-0.872786	0.654127	-2.831818	-0.417775	False	d2_d0002_p0034_t0000
d2_d0002_p0035_t0000.png	0.977220	23.863703	0.670369	0.999949	23.414297	0.417529	60302	20	185	489	169	2.140545	9.250000	2348	2513	11348.985925	3.803582	0.000000	-0.008427	0.083008	24613.338470	0.670369	0.670369	20	185	-165	489	169	2.140545	9.250000	20	191	2348	2513	1690	4.516111	3.803582	11348.985925	0.000000	282696	4.688004	5.969951	600x600	360000	dense	Learned	6043	20	58	59809	27.585310	0.739116	25.723437	0.985647	0.587361	0.283384	1910	3627	0.000000	40	59988	29.772568	0.864459	0.991789	28.130780	0.242242	0.576613	719	22.015092	0.305037	0.935535	18.600994	0.992474	0.543045	-1.859734	0.716565	-4.171012	-0.321587	False	d2_d0002_p0035_t0000
d2_d0002_p0036_t0000.png	0.965359	24.023520	0.776964	1.000000	24.598381	0.482550	70530	10	308	679	133	2.205943	30.800000	2894	3192	13433.638954	4.033137	0.000000	-0.018291	0.039666	24391.593218	0.776964	0.776964	10	308	-298	679	133	2.205943	30.800000	10	329	2894	3192	2082	4.208534	4.033137	13433.638954	0.000000	278618	3.950347	5.104211	600x600	360000	dense	Learned	7186	10	67	68976	28.846950	0.782430	26.981573	0.983651	0.737298	0.598871	628	3837	0.000000	55	70396	31.763412	0.905438	0.991667	29.955637	0.517540	0.737122	726	22.315089	0.343946	0.904268	19.005924	0.999160	0.679273	-2.958053	0.401129	-4.248569	-0.299879	False	d2_d0002_p0036_t0000
d2_d0002_p0038_t0000.png	0.983308	21.936917	0.823476	0.999987	23.477871	0.374771	52646	14	223	476	76	2.217369	15.928571	1923	2132	9012.566302	3.933802	0.000000	-0.004257	0.025745	21964.190006	0.823476	0.823476	14	223	-209	476	76	2.217369	15.928571	14	233	1923	2132	1371	4.227283	3.933802	9012.566302	0.000000	269467	5.118471	6.838126	600x600	360000	dense	Learned	5079	14	45	52016	26.016305	0.683837	23.084657	0.987565	0.797731	0.787616	203	1707	0.000000	27	52314	27.737566	0.806254	0.992757	25.386675	0.676320	0.792520	1093	21.670897	0.287618	0.941707	16.947486	0.995506	0.759368	-1.147739	0.212371	-2.538434	-0.309067	False	d2_d0002_p0038_t0000
d2_d0002_p0041_t0000.png	0.986204	23.021946	0.764911	0.999998	25.373377	0.422361	39652	9	130	287	54	2.178203	14.444444	1358	1479	6763.883835	3.923460	0.000000	-0.002694	0.036447	24067.121983	0.764911	0.764911	9	130	-121	287	54	2.178203	14.444444	9	135	1358	1479	1017	4.573282	3.923460	6763.883835	0.000000	247674	6.246192	9.078987	600x600	360000	dense	Learned	4104	9	44	39634	27.567483	0.659492	23.834264	0.988898	0.728463	0.477519	312	881	0.000000	30	39570	28.684015	0.764500	0.992832	25.596815	0.460642	0.719515	1447	24.730115	0.383415	0.966074	19.528327	0.989726	0.713496	-0.812319	0.522479	-2.194105	-0.237131	False	d2_d0002_p0041_t0000
d2_d0002_p0043_t0000.png	0.964276	23.244428	0.754022	1.000000	23.067743	0.464376	87796	12	373	841	159	2.203667	31.083333	3545	3906	16867.477841	3.990409	0.000000	-0.021990	0.047602	22130.252838	0.754022	0.754022	12	373	-361	841	159	2.203667	31.083333	12	387	3545	3906	2545	4.318351	3.990409	16867.477841	0.000000	287935	3.279591	4.100415	600x600	360000	dense	Learned	8875	12	69	86787	28.227903	0.828493	27.097060	0.986266	0.706420	0.410097	1480	5148	0.000000	61	86784	32.293538	0.938319	0.994640	31.310489	0.373692	0.713302	725	20.416690	0.273053	0.888359	17.861941	1.000000	0.639093	-3.852632	0.589903	-5.160160	-0.364117	False	d2_d0002_p0043_t0000
d2_d0002_p0046_t0000.png	0.975350	23.433510	0.761397	0.999996	23.391317	0.436047	68959	18	263	608	141	2.185395	14.611111	2643	2888	12910.326112	3.900380	0.000000	-0.011554	0.049843	22094.031572	0.761397	0.761397	18	263	-245	608	141	2.185395	14.611111	18	269	2643	2888	1894	4.470335	3.900380	12910.326112	0.000000	286543	4.155266	5.220493	600x600	360000	dense	Learned	6826	18	62	68902	27.685887	0.771249	25.948917	0.986904	0.711555	0.394140	994	2696	0.000000	44	68426	30.413144	0.891408	0.993616	29.083657	0.326608	0.709589	734	20.859134	0.287790	0.918547	17.486709	0.998011	0.637641	-2.515407	0.605856	-4.294570	-0.335202	False	d2_d0002_p0046_t0000
d2_d0002_p0047_t0000.png	0.977061	24.123935	0.665358	0.999999	23.866847	0.435202	62902	15	237	545	121	2.181447	15.800000	2447	2669	11984.760528	3.901265	0.000000	-0.009692	0.051824	21959.419012	0.665358	0.665358	15	237	-222	545	121	2.181447	15.800000	15	242	2447	2669	1781	4.490356	3.901265	11984.760528	0.000000	282161	4.485724	5.723188	600x600	360000	dense	Learned	6518	15	61	62232	28.003204	0.754417	26.252266	0.986752	0.613533	0.303121	1451	2671	0.000000	44	62244	30.388305	0.876340	0.992738	28.920311	0.271379	0.605100	736	22.190797	0.314820	0.933754	18.819913	0.991189	0.548468	-2.128332	0.696878	-4.136357	-0.319215	False	d2_d0002_p0047_t0000
d2_d0002_p0049_t0000.png	0.984695	22.466506	0.814968	0.999686	24.569977	0.399430	43348	15	154	332	65	2.191065	10.266667	1455	1594	6957.549924	4.155132	0.000000	-0.003073	0.020774	21818.022013	0.814968	0.814968	15	154	-139	332	65	2.191065	10.266667	15	162	1455	1594	1058	4.364837	4.155132	6957.549924	0.000000	274252	6.326751	8.304881	600x600	360000	dense	Learned	4021	15	43	42891	26.910512	0.660755	23.341762	0.987768	0.794194	0.778945	122	838	0.000000	26	41990	27.964478	0.759501	0.991511	24.851182	0.706696	0.787683	1446	23.192331	0.345075	0.953314	17.885522	0.940534	0.772998	-0.875255	0.220741	-2.340536	-0.261325	False	d2_d0002_p0049_t0000
d2_d0002_p0050_t0000.png	0.991701	22.701188	0.727447	0.984969	25.327962	0.358154	23856	17	79	174	56	2.145369	4.647059	853	915	4047.912047	3.843553	0.000000	0.001482	0.014682	19386.519432	0.727447	0.727447	17	79	-62	174	56	2.145369	4.647059	17	81	853	915	623	4.423948	3.843553	4047.912047	0.000000	268240	11.244131	15.090543	600x600	360000	sparse	Learned	2094	17	26	22889	26.643692	0.547599	22.044995	0.990219	0.712764	0.604612	71	157	0.000000	16	23214	27.181237	0.603754	0.992970	23.361378	0.678824	0.701136	2529	25.425179	0.353249	0.982952	19.932430	0.707080	0.711133	0.656193	0.380357	-1.315729	-0.189446	False	d2_d0002_p0050_t0000
d2_d0002_p0051_t0000.png	0.978191	23.088920	0.734937	0.999997	23.882361	0.415472	56231	14	211	485	121	2.186288	15.071429	2115	2312	10086.962405	3.879527	0.000000	-0.007910	0.041650	23954.206705	0.734937	0.734937	14	211	-197	485	121	2.186288	15.071429	14	217	2115	2312	1509	4.362873	3.879527	10086.962405	0.000000	273462	4.863189	6.402163	600x600	360000	dense	Learned	5491	14	55	55154	27.441176	0.717532	24.897735	0.986101	0.693287	0.373229	814	2070	0.000000	37	55946	29.240339	0.840601	0.991259	26.907649	0.336228	0.685293	1078	22.720298	0.332242	0.939230	18.589076	0.958926	0.654454	-1.808815	0.626767	-3.558815	-0.302060	False	d2_d0002_p0051_t0000
d2_d0002_p0052_t0000.png	0.963574	24.633524	0.578462	0.999996	24.273275	0.517170	75518	21	272	678	206	2.160949	12.952381	3119	3370	14956.959805	3.904192	0.000000	-0.021755	0.024127	23698.474646	0.578462	0.578462	21	272	-251	678	206	2.160949	12.952381	21	286	3119	3370	2235	4.438267	3.904192	14956.959805	0.000000	276454	3.660770	4.767075	600x600	360000	dense	Learned	7815	21	72	74206	29.951538	0.816719	28.312451	0.985329	0.554335	0.504012	1031	5174	0.000000	66	75178	33.051284	0.922537	0.992446	31.337805	0.479883	0.552658	694	22.777632	0.358213	0.905000	20.113558	0.914615	0.467800	-3.678926	0.495985	-5.678263	-0.299549	False	d2_d0002_p0052_t0000
d2_d0002_p0053_t0000.png	0.977246	22.815441	0.759985	0.999979	24.192157	0.413307	53863	15	181	430	109	2.175290	12.066667	1894	2060	9279.759303	4.177755	0.000000	-0.007587	0.033913	23296.595573	0.759985	0.759985	15	181	-166	430	109	2.175290	12.066667	15	186	1894	2060	1355	4.504738	4.177755	9279.759303	0.000000	275018	5.105880	6.683623	600x600	360000	dense	Learned	5140	15	52	53560	27.125491	0.707823	24.400799	0.984833	0.726073	0.333533	805	1572	0.000000	34	53440	28.791306	0.825838	0.990476	26.464173	0.316625	0.719214	1092	22.434081	0.323332	0.932009	18.092341	0.939959	0.685095	-1.585358	0.666446	-2.933333	-0.294515	False	d2_d0002_p0053_t0000
d2_d0002_p0054_t0000.png	0.986983	21.809445	0.870819	0.999967	23.749120	0.359516	41398	11	157	335	66	2.209319	14.272727	1395	1541	6521.045307	4.077358	0.000000	-0.000956	0.050278	21925.921917	0.870819	0.870819	11	157	-146	335	66	2.209319	14.272727	11	166	1395	1541	994	4.231697	4.077358	6521.045307	0.000000	273854	6.615150	8.696072	600x600	360000	dense	Learned	3741	11	37	40756	25.940652	0.637198	22.118651	0.987939	0.820541	0.627916	176	657	0.000000	21	40778	27.043617	0.728045	0.992661	24.130032	0.579178	0.814115	1410	22.611613	0.309203	0.957781	17.330219	0.912287	0.791353	-0.309206	0.372051	-2.191532	-0.277682	False	d2_d0002_p0054_t0000
d2_d0002_p0056_t0000.png	0.974616	21.275886	0.759126	1.000000	21.501704	0.329361	67485	11	251	562	120	2.203304	22.818182	2361	2601	11013.949345	3.974899	0.000000	-0.006652	0.045888	21462.465525	0.759126	0.759126	11	251	-240	562	120	2.203304	22.818182	11	273	2361	2601	1679	4.234506	3.974899	11013.949345	0.000000	259749	3.848989	5.334519	600x600	360000	dense	Learned	6123	11	44	66677	24.264968	0.727645	22.523571	0.981268	0.713238	0.396798	1152	3970	0.000000	25	66616	27.195408	0.863658	0.993403	27.020018	0.245420	0.708651	731	19.293277	0.187729	0.903814	15.776356	0.999460	0.685716	-1.247684	0.603202	-2.763264	-0.398284	False	d2_d0002_p0056_t0000
d2_d0002_p0058_t0000.png	0.982062	22.439934	0.743646	1.000000	23.192642	0.382969	54366	6	184	457	125	2.177203	30.666667	2009	2187	9682.305551	3.780479	0.000000	-0.005073	0.052373	22252.297640	0.743646	0.743646	6	184	-178	457	125	2.177203	30.666667	6	195	2009	2187	1427	4.427209	3.780479	9682.305551	0.000000	276647	5.088603	6.621786	600x600	360000	dense	Learned	5255	6	48	53144	26.388140	0.694025	23.745584	0.987134	0.691273	0.781259	305	3091	0.000000	29	52934	28.037775	0.816997	0.991879	25.714087	0.688099	0.684591	1088	22.202622	0.297820	0.945705	17.893716	1.000000	0.660884	-1.305650	0.218741	-3.195498	-0.311056	False	d2_d0002_p0058_t0000
d2_d0002_p0063_t0000.png	0.974496	24.511205	0.725891	1.000000	25.018877	0.540584	61899	7	254	582	117	2.198553	36.285714	2488	2735	11974.291624	3.866644	0.000000	-0.013121	0.031816	24457.076311	0.725891	0.725891	7	254	-247	582	117	2.198553	36.285714	7	262	2488	2735	1789	4.378169	3.866644	11974.291624	0.000000	271961	4.393625	5.815926	600x600	360000	dense	Learned	6396	7	68	60828	29.965472	0.785872	27.438904	0.987617	0.694075	0.670360	445	2889	0.000000	57	60954	32.170328	0.886347	0.992871	29.946630	0.615952	0.689718	736	22.978888	0.406666	0.929057	19.113231	0.999877	0.626790	-2.927699	0.329640	-4.946595	-0.245288	False	d2_d0002_p0063_t0000
d2_d0002_p0065_t0000.png	0.986729	22.408618	0.898207	0.999999	24.845570	0.437864	39645	8	164	336	47	2.226415	20.500000	1378	1534	6423.473806	4.115683	0.000000	-0.002876	0.053996	23040.289640	0.898207	0.898207	8	164	-156	336	47	2.226415	20.500000	8	171	1378	1534	995	4.187401	4.115683	6423.473806	0.000000	274904	6.934140	9.080590	600x600	360000	dense	Learned	3659	8	43	39484	27.515151	0.662440	23.376484	0.989606	0.844211	0.942867	42	305	0.000000	29	38826	28.589354	0.758412	0.993268	25.129502	0.822444	0.838391	1401	23.841590	0.392492	0.960829	18.078446	0.995595	0.804272	-0.967866	0.057131	-2.669581	-0.224575	False	d2_d0002_p0065_t0000
d2_d0002_p0066_t0000.png	0.988494	21.907006	0.756444	0.985778	23.144507	0.267104	29350	20	99	211	70	2.151341	4.950000	1044	1123	4854.820777	4.047812	0.000000	0.003930	0.034777	22185.844183	0.756444	0.756444	20	99	-79	211	70	2.151341	4.950000	20	102	1044	1123	763	4.323082	4.047812	4854.820777	0.000000	269503	9.182385	12.265758	600x600	360000	sparse	Learned	2354	20	23	28056	24.295761	0.529084	20.837876	0.984564	0.721667	0.352045	333	473	0.000000	10	28396	24.924352	0.586050	0.990724	22.651675	0.262989	0.688347	2169	22.936632	0.244325	0.970717	18.765572	0.675023	0.723978	1.069130	0.633734	-1.151254	-0.261980	False	d2_d0002_p0066_t0000
d2_d0002_p0067_t0000.png	0.978999	22.800638	0.759231	0.999981	23.146624	0.419196	64018	19	248	569	137	2.187321	13.052632	2445	2674	11857.093573	3.789180	0.000000	-0.008729	0.041668	22072.477818	0.759231	0.759231	19	248	-229	569	137	2.187321	13.052632	19	250	2445	2674	1739	4.434216	3.789180	11857.093573	0.000000	281462	4.396607	5.623418	600x600	360000	dense	Learned	6168	19	57	63621	27.047975	0.747916	24.893236	0.987728	0.717563	0.440045	797	2619	0.000000	38	62770	29.354085	0.867694	0.993411	27.702741	0.373447	0.713664	736	20.622880	0.278842	0.925491	16.761009	0.987992	0.632345	-2.092598	0.559935	-3.901352	-0.328720	False	d2_d0002_p0067_t0000
d2_d0002_p0068_t0000.png	0.972046	23.060349	0.775403	1.000000	23.212286	0.492341	81566	15	350	779	150	2.208463	23.333333	3214	3549	15226.605692	3.779609	0.000000	-0.016629	0.031670	23185.257673	0.775403	0.775403	15	350	-335	779	150	2.208463	23.333333	15	366	3214	3549	2285	4.290393	3.779609	15226.605692	0.000000	286368	3.510875	4.413604	600x600	360000	dense	Learned	7959	15	68	80960	28.461934	0.813664	26.838750	0.988675	0.743732	0.757950	374	3069	0.000000	56	80852	31.899129	0.925296	0.995148	30.524105	0.697581	0.746203	729	19.700364	0.302026	0.894332	16.553599	0.999841	0.662042	-3.778401	0.242050	-5.249648	-0.321323	False	d2_d0002_p0068_t0000
d2_d0002_p0071_t0000.png	0.980764	24.725957	0.668583	1.000000	26.035214	0.534386	47049	10	132	370	134	2.135030	13.200000	1807	1929	8684.970414	3.952888	0.000000	-0.007342	0.031949	24069.483042	0.668583	0.668583	10	132	-122	370	134	2.135030	13.200000	10	135	1807	1929	1303	4.502317	3.952888	8684.970414	0.000000	267763	5.691152	7.651597	600x600	360000	dense	Learned	4865	10	61	46292	29.852575	0.747501	26.707965	0.988106	0.636633	0.406934	490	1091	0.000000	50	45408	31.633281	0.833970	0.993810	29.493199	0.342040	0.631286	1090	25.291290	0.482468	0.955627	20.685545	0.971439	0.602997	-1.982008	0.593066	-3.817361	-0.213115	False	d2_d0002_p0071_t0000
d2_d0002_p0073_t0000.png	0.975815	23.476822	0.802033	1.000000	23.386482	0.507643	74051	12	289	658	139	2.196106	24.083333	2825	3102	13945.259228	3.835767	0.000000	-0.013942	0.052371	24275.105953	0.802033	0.802033	12	289	-277	658	139	2.196106	24.083333	12	296	2825	3102	2028	4.495570	3.835767	13945.259228	0.000000	273770	3.697047	4.861514	600x600	360000	dense	Learned	7342	12	68	74025	28.949601	0.806254	26.977249	0.989757	0.749663	0.631787	441	2219	0.000000	57	73972	31.890259	0.914364	0.995018	30.183902	0.585606	0.749485	723	20.122318	0.328979	0.910429	16.758407	0.999401	0.651819	-3.500426	0.368213	-5.563119	-0.298611	False	d2_d0002_p0073_t0000
d2_d0002_p0074_t0000.png	0.987138	22.485461	0.856307	0.998850	24.207359	0.406990	42056	18	157	303	46	2.197023	8.722222	1411	1550	6954.170199	3.887185	0.000000	-0.002263	0.053139	23052.726746	0.856307	0.856307	18	157	-139	303	46	2.197023	8.722222	18	160	1411	1550	1062	4.486561	3.887185	6954.170199	0.000000	268485	6.383988	8.560015	600x600	360000	dense	Learned	3912	18	42	41424	26.939900	0.659481	23.218608	0.989401	0.803168	0.826863	98	706	0.000000	26	41222	27.976392	0.764634	0.992475	24.691236	0.733034	0.794860	1429	23.400924	0.363499	0.962883	18.158447	0.866535	0.774724	-0.733147	0.171987	-2.732542	-0.252492	False	d2_d0002_p0074_t0000
d2_d0002_p0075_t0000.png	0.983541	23.538715	0.800454	1.000000	24.624416	0.515057	57917	10	241	536	90	2.206619	24.100000	2236	2467	10736.689460	3.620444	0.000000	-0.007912	0.046273	19705.447912	0.800454	0.800454	10	241	-231	536	90	2.206619	24.100000	10	254	2236	2467	1610	4.352124	3.620444	10736.689460	0.000000	263636	4.551962	6.215792	600x600	360000	dense	Learned	5857	10	63	56970	29.181952	0.758627	26.157472	0.991454	0.754181	0.845609	150	1420	0.000000	51	57506	31.540865	0.867756	0.995805	29.382217	0.762769	0.752113	1071	22.714089	0.412833	0.948511	18.081523	0.999827	0.697611	-2.618757	0.154391	-4.557536	-0.243569	False	d2_d0002_p0075_t0000
d2_d0002_p0076_t0000.png	0.992451	22.786214	0.778916	0.999986	26.061552	0.472028	31778	8	126	263	34	2.211849	15.750000	1114	1232	5277.209737	3.757558	0.000000	-0.000966	-0.005786	19543.236256	0.778916	0.778916	8	126	-118	263	34	2.211849	15.750000	8	130	1114	1232	817	4.283449	3.757558	5277.209737	0.000000	266713	8.393008	11.328592	600x600	360000	dense	Learned	3242	8	40	31173	28.350815	0.649530	23.321987	0.993417	0.784702	0.860116	49	296	0.000000	33	31716	29.617966	0.737906	0.996569	26.018538	0.852904	0.776722	1807	25.844591	0.452102	0.981171	19.349727	0.983885	0.764830	-0.535773	0.139871	-2.289264	-0.177503	False	d2_d0002_p0076_t0000
d2_d0002_p0077_t0000.png	0.982135	22.379359	0.715425	1.000000	23.597088	0.362298	47867	4	178	436	112	2.194958	44.500000	1785	1959	8474.139895	3.952842	0.000000	-0.004165	0.033695	23381.098986	0.715425	0.715425	4	178	-174	436	112	2.194958	44.500000	4	182	1785	1959	1237	4.325748	3.952842	8474.139895	0.000000	276412	5.774584	7.520839	600x600	360000	dense	Learned	4657	4	44	47715	26.308802	0.666529	23.410752	0.986299	0.681730	0.425969	491	1430	0.000000	26	47108	27.601978	0.776469	0.991210	25.259480	0.370979	0.675931	1068	22.573645	0.293649	0.949573	18.046206	0.967613	0.654266	-1.031393	0.574031	-2.711714	-0.304231	False	d2_d0002_p0077_t0000
d2_d0002_p0078_t0000.png	0.981046	22.504236	0.620020	0.998371	22.625094	0.344228	53234	25	167	416	148	2.148303	6.680000	1915	2057	9237.239533	3.837669	0.000000	-0.003672	0.098308	21024.122953	0.620020	0.620020	25	167	-142	416	148	2.148303	6.680000	25	172	1915	2057	1351	4.490637	3.837669	9237.239533	0.000000	283020	5.316527	6.762595	600x600	360000	dense	Learned	5044	25	43	52029	25.476071	0.680212	23.291522	0.984717	0.521713	0.235263	2415	3314	0.000000	26	52662	27.212657	0.812612	0.991532	25.772862	0.204649	0.507073	1095	21.929958	0.262028	0.947301	18.408559	0.939819	0.500986	-0.787286	0.763108	-2.850977	-0.335985	False	d2_d0002_p0078_t0000
d2_d0002_p0079_t0000.png	0.982781	22.133543	0.474658	0.999996	22.300497	0.299876	46071	11	133	358	135	2.149053	12.090909	1637	1759	7867.086071	3.970796	0.000000	-0.001322	-0.003990	22482.702732	0.474658	0.474658	11	133	-122	358	135	2.149053	12.090909	11	133	1637	1759	1144	4.472476	3.970796	7867.086071	0.000000	277685	6.027327	7.814026	600x600	360000	dense	Learned	4423	11	37	46045	24.868020	0.636803	22.397808	0.984103	0.478648	0.418800	1060	3351	0.000000	19	45254	26.159286	0.754108	0.990623	24.430607	0.354468	0.471598	1068	22.287187	0.234316	0.954951	18.823865	0.999223	0.458555	-0.264266	0.581196	-2.567523	-0.336928	False	d2_d0002_p0079_t0000
d2_d0002_p0080_t0000.png	0.974598	22.077362	0.596641	1.000000	21.838038	0.358587	65695	9	221	559	154	2.173699	24.555556	2441	2653	11812.237800	3.853556	0.000000	-0.008118	0.029939	21025.032282	0.596641	0.596641	9	221	-212	559	154	2.173699	24.555556	9	232	2441	2653	1728	4.452408	3.853556	11812.237800	0.000000	280864	4.275272	5.479869	600x600	360000	dense	Learned	6291	9	49	65059	25.359702	0.731649	23.561847	0.982716	0.566702	0.503935	1202	5946	0.000000	29	63530	27.982852	0.861467	0.992141	26.986610	0.396419	0.560669	723	20.390862	0.220214	0.919807	17.197202	1.000000	0.517521	-1.484485	0.496065	-3.521664	-0.373061	False	d2_d0002_p0080_t0000
d2_d0002_p0081_t0000.png	0.982401	21.428390	0.776778	0.999891	22.723370	0.301659	45656	13	138	307	69	2.174948	10.615385	1429	1554	6891.552016	4.213699	0.000000	0.000130	0.024784	22679.777145	0.776778	0.776778	13	138	-125	307	69	2.174948	10.615385	13	145	1429	1554	1053	4.434718	4.213699	6891.552016	0.000000	268796	5.887419	7.885053	600x600	360000	dense	Learned	4115	13	34	44580	24.441360	0.626348	21.406268	0.982271	0.751994	0.486850	384	1336	0.000000	17	44844	25.959416	0.740059	0.991957	24.711229	0.326218	0.736892	1092	21.307104	0.227919	0.940722	16.744449	0.993746	0.715093	0.022122	0.513040	-1.717990	-0.324690	False	d2_d0002_p0081_t0000
d2_d0002_p0082_t0000.png	0.989517	21.773728	0.720501	0.999994	23.377682	0.265802	28611	7	111	239	47	2.198095	15.857143	1050	1154	4845.323302	3.798815	0.000000	0.003397	0.023207	19164.518833	0.720501	0.720501	7	111	-104	239	47	2.198095	15.857143	7	115	1050	1154	764	4.198720	3.798815	4845.323302	0.000000	246000	8.598092	12.582573	600x600	360000	sparse	Learned	2458	7	23	27671	24.364420	0.522671	20.541087	0.986120	0.697294	0.836792	55	386	0.000000	10	27164	25.073091	0.570205	0.992890	22.970387	0.565783	0.676770	2173	23.033935	0.245627	0.975259	18.321808	0.986157	0.696844	1.232641	0.163203	-0.986738	-0.256869	False	d2_d0002_p0082_t0000
d2_d0002_p0083_t0000.png	0.981909	22.706298	0.748780	1.000000	23.857293	0.416373	53099	8	198	469	115	2.190381	24.750000	1996	2186	9567.151222	3.827111	0.000000	-0.006222	0.042562	22295.103550	0.748780	0.748780	8	198	-190	469	115	2.190381	24.750000	8	208	1996	2186	1412	4.376556	3.827111	9567.151222	0.000000	274989	5.178798	6.779789	600x600	360000	dense	Learned	5184	8	52	52952	27.186294	0.706761	24.337621	0.988131	0.706218	0.765575	275	2456	0.000000	34	52238	28.820776	0.825525	0.992421	26.290032	0.650921	0.701130	1065	22.700648	0.333447	0.945881	18.220530	0.966060	0.674201	-1.631323	0.234425	-3.329001	-0.290388	False	d2_d0002_p0083_t0000
d2_d0002_p0084_t0000.png	0.974906	23.041418	0.650946	0.999994	22.238356	0.361165	68078	18	236	591	165	2.167563	13.111111	2602	2820	12580.879503	3.911848	0.000000	-0.009211	0.144918	23557.589293	0.650946	0.650946	18	236	-218	591	165	2.167563	13.111111	18	240	2602	2820	1846	4.461305	3.911848	12580.879503	0.000000	292887	4.302227	5.288052	600x600	360000	dense	Learned	6692	18	55	67862	26.093956	0.752553	24.787779	0.984117	0.506027	0.247059	3354	5642	0.000000	35	67448	29.044528	0.884703	0.993138	28.374123	0.224625	0.495549	733	21.086730	0.233896	0.929150	18.427719	0.999990	0.448287	-1.746361	0.752935	-3.855600	-0.391388	False	d2_d0002_p0084_t0000
d2_d0002_p0088_t0000.png	0.980320	23.805345	0.471785	0.999997	23.583351	0.399540	51659	13	180	425	117	2.170844	13.846154	1955	2122	9571.295449	3.743718	0.000000	-0.005830	0.008343	22912.150860	0.471785	0.471785	13	180	-167	425	117	2.170844	13.846154	13	187	1955	2122	1413	4.510507	3.743718	9571.295449	0.000000	280659	5.432916	6.968776	600x600	360000	dense	Learned	5179	13	53	51177	27.495910	0.704588	25.219994	0.986150	0.463442	0.467004	777	2817	0.000000	35	49776	28.849763	0.818968	0.990577	26.668273	0.419624	0.459182	1057	23.665859	0.336014	0.954529	20.077026	0.982265	0.439639	-1.414649	0.532993	-3.912559	-0.305048	False	d2_d0002_p0088_t0000
d2_d0002_p0091_t0000.png	0.983431	22.666992	0.696452	1.000000	23.094228	0.422064	57428	11	164	429	142	2.146341	14.909091	2091	2244	10060.189894	3.688592	0.000000	-0.006025	0.061744	20237.330198	0.696452	0.696452	11	164	-153	429	142	2.146341	14.909091	11	168	2091	2244	1520	4.483151	3.688592	10060.189894	0.000000	266391	4.638695	6.268719	600x600	360000	dense	Learned	5480	11	54	57195	27.077257	0.723527	24.496750	0.989456	0.634708	0.672016	430	3070	0.000000	35	56578	28.974198	0.844465	0.993741	26.767058	0.608117	0.632600	1061	21.882319	0.323231	0.946185	17.508765	0.998383	0.590400	-1.829758	0.327984	-3.983028	-0.301463	False	d2_d0002_p0091_t0000
d2_d0002_p0092_t0000.png	0.986573	22.039956	0.749643	0.999996	22.701576	0.334217	44845	10	128	327	103	2.157965	12.800000	1494	1612	7256.618034	3.798175	0.000000	-0.001054	0.085443	20255.307436	0.749643	0.749643	10	128	-118	327	103	2.157965	12.800000	10	132	1494	1612	1064	4.501624	3.798175	7256.618034	0.000000	271751	6.059784	8.027651	600x600	360000	dense	Learned	4141	10	37	43501	25.450989	0.637148	22.354645	0.987627	0.664201	0.504496	413	1525	0.000000	20	42336	26.586752	0.737517	0.992124	24.243855	0.445309	0.653202	1447	22.312478	0.279155	0.960990	17.665546	0.939569	0.634704	-0.314689	0.495501	-2.749413	-0.302931	False	d2_d0002_p0092_t0000
d2_d0002_p0093_t0000.png	0.989364	22.639671	0.684861	0.999998	23.922193	0.397904	40012	9	105	281	101	2.140556	11.666667	1366	1462	6759.557067	3.595112	0.000000	-0.001728	0.061035	18553.297043	0.684861	0.684861	9	105	-96	281	101	2.140556	11.666667	9	109	1366	1462	984	4.623500	3.595112	6759.557067	0.000000	269038	6.723933	8.997301	600x600	360000	dense	Learned	3914	9	41	39978	26.973908	0.650780	23.354478	0.991092	0.623826	0.873565	137	1527	0.000000	27	39708	28.056881	0.755586	0.993882	24.908178	0.805506	0.619139	1443	23.956687	0.353371	0.971884	18.821515	0.998551	0.602870	-0.714807	0.126432	-3.051715	-0.252876	False	d2_d0002_p0093_t0000
d2_d0002_p0094_t0000.png	0.977313	24.025220	0.555050	0.999957	24.398522	0.456465	58057	19	203	500	156	2.160909	10.684211	2287	2471	10931.728999	3.794702	0.000000	-0.009411	0.020596	22916.468143	0.555050	0.555050	19	203	-184	500	156	2.160909	10.684211	19	204	2287	2471	1631	4.424010	3.794702	10931.728999	0.000000	277593	4.781387	6.200803	600x600	360000	dense	Learned	5946	19	61	57337	28.443495	0.745554	26.152850	0.986725	0.534454	0.368564	1327	3775	0.000000	45	57592	30.609769	0.863603	0.992581	28.741102	0.329833	0.530285	1091	23.791082	0.377638	0.944665	20.109108	0.997835	0.503888	-2.127630	0.631392	-4.044973	-0.289089	False	d2_d0002_p0094_t0000
d2_d0002_p0095_t0000.png	0.978138	22.132381	0.738153	0.999981	21.866309	0.383479	65830	19	190	485	159	2.144793	10.000000	2362	2533	11723.280297	3.726227	0.000000	-0.008042	0.073237	19851.813793	0.738153	0.738153	19	190	-171	485	159	2.144793	10.000000	19	193	2362	2533	1718	4.628220	3.726227	11723.280297	0.000000	277781	4.219672	5.468631	600x600	360000	dense	Learned	6216	19	52	65120	25.849414	0.737732	23.932596	0.986180	0.664916	0.595541	638	3885	0.000000	32	65782	28.537829	0.871541	0.993566	27.263925	0.460591	0.661255	701	20.076444	0.242539	0.926649	16.419746	0.999327	0.598598	-1.800215	0.404440	-3.983105	-0.354253	False	d2_d0002_p0095_t0000
d2_d0002_p0096_t0000.png	0.985478	22.423672	0.747439	0.999999	23.046373	0.407958	56880	13	197	470	116	2.175489	15.153846	2097	2281	10189.635636	3.456192	0.000000	-0.004843	0.050626	18753.349304	0.747439	0.747439	13	197	-184	470	116	2.175489	15.153846	13	200	2097	2281	1511	4.467179	3.456192	10189.635636	0.000000	278212	4.891210	6.329114	600x600	360000	dense	Learned	5475	13	51	55614	26.697541	0.712114	24.053402	0.990321	0.696813	0.791749	273	2813	0.000000	33	55992	28.620031	0.838326	0.994299	26.400383	0.684054	0.691563	991	21.416257	0.301531	0.948797	16.889445	0.999221	0.643836	-1.629730	0.208250	-3.651168	-0.304156	False	d2_d0002_p0096_t0000
d2_d0002_p0097_t0000.png	0.978230	21.847648	0.735221	0.999991	22.202117	0.319746	55493	14	167	422	131	2.156282	11.928571	1958	2111	9330.943069	4.062499	0.000000	-0.004200	0.065001	22938.733339	0.735221	0.735221	14	167	-153	422	131	2.156282	11.928571	14	169	1958	2111	1405	4.420153	4.062499	9330.943069	0.000000	274405	4.944858	6.487305	600x600	360000	dense	Learned	5092	14	42	55101	24.877886	0.681210	22.662321	0.982430	0.670220	0.393217	1009	3351	0.000000	23	55108	26.868958	0.810282	0.991747	25.805770	0.247971	0.653449	1074	21.287143	0.227089	0.935175	17.635212	0.995637	0.663777	-0.814673	0.606774	-2.675768	-0.361464	False	d2_d0002_p0097_t0000
d2_d0002_p0098_t0000.png	0.977139	22.118198	0.694437	1.000000	22.711018	0.331469	58117	10	214	483	103	2.191190	21.400000	2134	2338	10079.146171	3.918174	0.000000	-0.005350	0.049624	22567.521334	0.694437	0.694437	10	214	-204	483	103	2.191190	21.400000	10	224	2134	2338	1548	4.311012	3.918174	10079.146171	0.000000	272843	4.694719	6.194401	600x600	360000	dense	Learned	5601	10	45	57540	25.262382	0.695633	23.170647	0.982489	0.644814	0.251729	1948	3503	0.000000	26	57856	27.389759	0.828357	0.991431	26.212480	0.194966	0.625114	1062	21.457221	0.231509	0.930154	17.721803	0.994849	0.651830	-1.052449	0.748271	-2.551364	-0.364164	False	d2_d0002_p0098_t0000
d2_d0002_p0099_t0000.png	0.981799	22.332100	0.289775	0.988772	21.348114	0.267608	49204	32	131	359	177	2.112436	4.093750	1761	1860	8253.070919	3.743160	0.000000	0.000005	-0.023384	22573.025465	0.289775	0.289775	32	131	-99	359	177	2.112436	4.093750	32	134	1761	1860	1225	4.437135	3.743160	8253.070919	0.000000	290645	5.906938	7.316478	600x600	360000	dense	Learned	4658	32	34	48095	23.880957	0.642271	22.332811	0.981794	0.313159	0.368414	2007	5183	0.000000	16	48334	25.416330	0.772329	0.989954	24.709669	0.320920	0.309783	1062	21.170446	0.196218	0.950966	18.513548	0.999851	0.302363	-0.000711	0.620358	-2.532844	-0.374663	False	d2_d0002_p0099_t0000
d2_d0002_p0100_t0000.png	0.976737	21.771931	0.706903	1.000000	22.308618	0.312561	58392	8	221	481	83	2.206196	27.625000	2066	2279	9846.026330	4.081246	0.000000	-0.004488	0.021449	22632.747173	0.706903	0.706903	8	221	-213	481	83	2.206196	27.625000	8	231	2066	2279	1502	4.320327	4.081246	9846.026330	0.000000	273750	4.688142	6.165228	600x600	360000	dense	Learned	5423	8	42	58012	24.592806	0.691388	22.629058	0.981225	0.685454	0.435973	784	3147	0.000000	23	57864	26.831681	0.825416	0.992275	26.355026	0.237440	0.672079	1094	20.771558	0.214095	0.925187	17.079278	0.998432	0.698286	-0.857127	0.564027	-2.284188	-0.378827	False	d2_d0002_p0100_t0000
d2_d0002_p0101_t0000.png	0.978561	22.305016	0.540727	0.999587	22.342583	0.294377	51842	20	181	421	114	2.173398	9.050000	1857	2018	8957.308509	3.886632	0.000000	-0.002698	0.041352	24087.841988	0.540727	0.540727	20	181	-161	421	114	2.173398	9.050000	20	184	1857	2018	1322	4.438706	3.886632	8957.308509	0.000000	273719	5.279870	6.944177	600x600	360000	dense	Learned	4949	20	39	51050	24.742895	0.658696	22.784980	0.981259	0.499375	0.257805	2187	3768	0.000000	21	51498	26.473640	0.786176	0.990233	25.558035	0.201439	0.482671	1075	21.641567	0.213891	0.940673	18.227045	0.958452	0.481895	-0.479963	0.741782	-2.400312	-0.364319	False	d2_d0002_p0101_t0000
d2_d0002_p0102_t0000.png	0.982409	21.368172	0.704637	0.999902	22.008525	0.271597	46984	14	149	337	79	2.175097	10.642857	1542	1677	7398.172291	4.043110	0.000000	0.001081	0.015727	21144.931316	0.704637	0.704637	14	149	-135	337	79	2.175097	10.642857	14	161	1542	1677	1126	4.411552	4.043110	7398.172291	0.000000	267491	5.693236	7.662183	600x600	360000	dense	Learned	4291	14	32	46237	23.680889	0.624757	21.071749	0.981328	0.688910	0.576767	359	1952	0.000000	15	46394	25.302865	0.746963	0.992805	25.013825	0.239643	0.663742	1085	20.636794	0.192591	0.939047	16.332082	0.956544	0.686626	0.296423	0.423134	-1.672364	-0.353160	False	d2_d0002_p0102_t0000
d2_d0002_p0103_t0000.png	0.983508	21.376847	0.691057	1.000000	22.082247	0.260385	41127	8	153	350	75	2.195946	19.125000	1480	1625	7067.780372	3.940196	0.000000	0.002916	0.003608	21099.903822	0.691057	0.691057	8	153	-145	350	75	2.195946	19.125000	8	161	1480	1625	1055	4.349403	3.940196	7067.780372	0.000000	267473	6.503586	8.753374	600x600	360000	sparse	Learned	3300	8	28	40753	23.425367	0.592583	20.670370	0.980592	0.687449	0.549550	305	1369	0.000000	12	40134	24.704076	0.699239	0.991914	24.256204	0.218883	0.660184	1414	21.011017	0.199956	0.947668	16.781405	0.964179	0.697700	0.706476	0.450450	-1.343121	-0.332198	False	d2_d0002_p0103_t0000
d2_d0002_p0104_t0000.png	0.974049	24.551427	0.707674	1.000000	25.637262	0.539085	55170	6	201	497	132	2.179641	33.500000	2171	2366	10351.594872	4.166182	0.000000	-0.012520	0.026402	24900.000811	0.707674	0.707674	6	201	-195	497	132	2.179641	33.500000	6	209	2171	2366	1542	4.375146	4.166182	10351.594872	0.000000	267922	4.856299	6.525285	600x600	360000	dense	Learned	5807	6	66	54285	29.983265	0.771244	27.155597	0.986568	0.681272	0.499811	509	1756	0.000000	55	53902	32.059171	0.865220	0.992878	29.918352	0.425898	0.679358	1081	25.118986	0.477893	0.943450	20.901959	0.999990	0.663672	-2.604170	0.500189	-4.346003	-0.232159	False	d2_d0002_p0104_t0000
d2_d0002_p0105_t0000.png	0.991625	22.193372	0.767676	0.999995	24.451628	0.329622	24522	6	86	205	51	2.178571	14.333333	896	976	4206.149637	4.071433	0.000000	0.002091	0.026094	20097.641468	0.767676	0.767676	6	86	-80	205	51	2.178571	14.333333	6	88	896	976	640	4.309580	4.071433	4206.149637	0.000000	269034	10.971128	14.680695	600x600	360000	sparse	Learned	2134	6	25	24520	25.908752	0.543338	21.385207	0.989533	0.741582	0.520022	127	268	0.000000	13	23580	26.297770	0.584377	0.991762	22.285302	0.610604	0.730128	2518	24.604771	0.323999	0.980629	19.266247	0.814727	0.745811	0.808165	0.479973	-1.457124	-0.213716	False	d2_d0002_p0105_t0000
d2_d0002_p0106_t0000.png	0.986630	24.576280	0.358271	0.994725	25.448630	0.459085	35078	21	89	252	131	2.103659	4.238095	1312	1380	6272.447327	3.738340	0.000000	-0.002335	-0.005233	25170.250416	0.358271	0.358271	21	89	-68	252	131	2.103659	4.238095	21	91	1312	1380	929	4.545252	3.738340	6272.447327	0.000000	271383	7.736559	10.262843	600x600	360000	dense	Learned	3715	21	44	34572	28.462015	0.675892	25.322406	0.988964	0.363505	0.323494	1032	1628	0.000000	34	34116	29.395857	0.757921	0.992441	26.761801	0.288493	0.358080	1815	26.239723	0.444960	0.974552	22.161665	0.858199	0.356474	-0.746126	0.671231	-3.013385	-0.216808	False	d2_d0002_p0106_t0000
d2_d0002_p0107_t0000.png	0.982931	23.989321	0.528558	0.999999	25.346110	0.476278	44291	10	147	356	95	2.164862	14.700000	1662	1799	8081.684051	3.953166	0.000000	-0.005025	0.014097	23935.469389	0.528558	0.528558	10	147	-137	356	95	2.164862	14.700000	10	150	1662	1799	1211	4.492320	3.953166	8081.684051	0.000000	267255	6.034070	8.128062	600x600	360000	dense	Learned	4628	10	53	43780	28.495853	0.707265	25.335167	0.987957	0.514460	0.324253	1012	1735	0.000000	40	44014	30.050299	0.810095	0.993018	27.626256	0.296680	0.511167	1447	25.200345	0.434916	0.961962	20.753847	0.937912	0.496026	-1.345845	0.675746	-3.149743	-0.230986	False	d2_d0002_p0107_t0000
d2_d0002_p0108_t0000.png	0.979327	23.054075	0.646949	0.999988	23.445649	0.334479	48691	13	173	404	101	2.182129	13.307692	1757	1917	8441.056634	3.988011	0.000000	-0.003741	0.054570	23316.030741	0.646949	0.646949	13	173	-160	404	101	2.182129	13.307692	13	182	1757	1917	1252	4.403264	3.988011	8441.056634	0.000000	285359	5.860611	7.393563	600x600	360000	dense	Learned	4819	13	43	48302	25.980184	0.664160	23.825348	0.983069	0.592380	0.188300	1760	1494	0.000000	25	48488	27.331820	0.779458	0.989454	25.690438	0.163399	0.577952	1096	22.802831	0.273625	0.948113	19.229658	0.910380	0.574161	-0.771273	0.811688	-2.534535	-0.329680	False	d2_d0002_p0108_t0000
d2_d0002_p0109_t0000.png	0.986115	23.214660	0.718216	0.999994	24.793073	0.439816	42670	11	155	359	84	2.183556	14.090909	1569	1713	7594.723589	3.836675	0.000000	-0.003354	0.116994	21862.639427	0.718216	0.718216	11	155	-144	359	84	2.183556	14.090909	11	160	1569	1713	1126	4.433581	3.836675	7594.723589	0.000000	271662	6.366581	8.436841	600x600	360000	dense	Learned	4282	11	47	42064	27.685697	0.681719	24.268417	0.989470	0.601222	0.321973	985	1653	0.000000	33	42528	28.903545	0.789856	0.993159	26.095083	0.296099	0.589018	1387	24.437708	0.394076	0.964674	19.671046	0.989550	0.581952	-1.053757	0.678021	-2.892623	-0.241903	False	d2_d0002_p0109_t0000
d2_d0002_p0110_t0000.png	0.992443	22.193658	0.682358	0.998702	24.285506	0.336810	25768	12	77	192	71	2.139635	6.416667	931	996	4498.392278	3.699584	0.000000	0.001465	0.023623	18025.139570	0.682358	0.682358	12	77	-65	192	71	2.139635	6.416667	12	77	931	996	668	4.516458	3.699584	4498.392278	0.000000	266684	10.349426	13.970817	600x600	360000	sparse	Learned	2241	12	26	25484	25.913269	0.548127	21.433616	0.990977	0.658735	0.829995	57	345	0.000000	14	25704	26.461790	0.606069	0.993580	22.598532	0.788646	0.651664	2135	24.547011	0.324313	0.983009	19.082745	0.973864	0.652348	0.760043	0.168706	-1.627763	-0.211318	False	d2_d0002_p0110_t0000
d2_d0002_p0113_t0000.png	0.966549	23.340672	0.683459	1.000000	23.131844	0.426174	67611	16	288	685	177	2.182550	18.000000	2980	3252	13999.327338	3.926574	0.000000	-0.013205	0.049000	22679.004908	0.683459	0.683459	16	288	-272	685	177	2.182550	18.000000	16	303	2980	3252	2118	4.304836	3.926574	13999.327338	0.000000	285533	4.223174	5.324577	600x600	360000	sparse	Learned	5715	16	58	66762	27.014992	0.758843	25.368115	0.979754	0.634459	0.290613	2051	3986	0.000000	40	67322	29.751287	0.883963	0.990502	28.652243	0.265370	0.628108	711	20.799804	0.267699	0.895422	17.718427	0.949067	0.578095	-2.027443	0.709386	-3.883148	-0.332669	False	d2_d0002_p0113_t0000
d2_d0002_p0114_t0000.png	0.972768	23.167378	0.764373	1.000000	24.190693	0.428666	59582	9	249	566	114	2.207792	27.666667	2310	2550	10919.052809	4.171178	0.000000	-0.011355	0.033195	26059.521198	0.764373	0.764373	9	249	-240	566	114	2.207792	27.666667	9	250	2310	2550	1630	4.281981	4.171178	10919.052809	0.000000	272313	4.570390	6.042093	600x600	360000	dense	Learned	5930	9	58	59204	27.637328	0.730816	25.255307	0.984123	0.731178	0.562754	507	2357	0.000000	40	59394	29.712035	0.857786	0.990576	27.539992	0.495217	0.728518	1079	23.025751	0.343751	0.927865	19.061706	1.000000	0.715945	-2.087928	0.437246	-3.446636	-0.302150	False	d2_d0002_p0114_t0000
d2_d0002_p0116_t0000.png	0.965429	23.055180	0.584163	1.000000	21.954744	0.408757	87226	20	276	741	260	2.148492	13.800000	3448	3704	16617.988376	3.854225	0.000000	-0.018961	0.073309	24584.781885	0.584163	0.584163	20	276	-256	741	260	2.148492	13.800000	20	278	3448	3704	2447	4.486498	3.854225	16617.988376	0.000000	293617	3.366164	4.127210	600x600	360000	dense	Learned	8773	20	65	87040	27.058285	0.823290	26.201505	0.984390	0.510854	0.330191	3333	9459	0.000000	51	86076	31.199949	0.935503	0.994099	30.544040	0.330102	0.511362	699	20.433493	0.226168	0.898760	18.214713	0.999999	0.460714	-3.146325	0.669809	-5.103541	-0.414533	False	d2_d0002_p0116_t0000
d2_d0002_p0117_t0000.png	0.969349	23.096190	0.659181	1.000000	22.395433	0.400767	79624	13	284	699	177	2.174445	21.846154	3107	3378	15274.684769	3.777752	0.000000	-0.014876	0.096358	23918.392420	0.659181	0.659181	13	284	-271	699	177	2.174445	21.846154	13	290	3107	3378	2231	4.521813	3.777752	15274.684769	0.000000	290227	3.644969	4.521250	600x600	360000	dense	Learned	8066	13	62	78342	26.853227	0.793793	25.756946	0.984225	0.562822	0.244918	3597	6237	0.000000	46	79088	30.622493	0.919559	0.993980	29.962499	0.220291	0.558274	727	20.822070	0.238602	0.912697	18.327586	0.999999	0.503322	-2.660756	0.755082	-4.457794	-0.393025	False	d2_d0002_p0117_t0000
d2_d0002_p0118_t0000.png	0.986578	21.929460	0.718694	1.000000	23.292477	0.320694	40696	5	121	312	92	2.168482	24.200000	1377	1493	6783.152955	3.918819	0.000000	-0.000052	0.030779	20770.965576	0.718694	0.718694	5	121	-116	312	92	2.168482	24.200000	5	129	1377	1493	973	4.543304	3.918819	6783.152955	0.000000	271259	6.665495	8.846078	600x600	360000	dense	Learned	3889	5	34	39411	25.290670	0.611085	21.915187	0.986630	0.687915	0.631390	242	1225	0.000000	19	40508	26.495257	0.713458	0.992272	24.185801	0.462333	0.677131	1454	22.792162	0.273790	0.962498	17.968544	0.916433	0.663593	0.014273	0.368610	-1.998193	-0.290391	False	d2_d0002_p0118_t0000
d2_d0002_p0121_t0000.png	0.989208	23.437994	0.654987	0.999718	25.412142	0.397936	25013	10	80	193	60	2.147368	8.000000	950	1020	4596.451152	3.980159	0.000000	0.000637	0.019386	19609.289169	0.654987	0.654987	10	80	-70	193	60	2.147368	8.000000	10	82	950	1020	697	4.506325	3.980159	4596.451152	0.000000	269865	10.788990	14.392516	600x600	360000	sparse	Learned	2279	10	30	24693	27.449840	0.586536	23.228839	0.988570	0.635601	0.391180	223	363	0.000000	21	24068	27.958588	0.640659	0.991798	24.504393	0.341237	0.621842	2518	26.119404	0.393523	0.979686	21.260943	0.617892	0.642849	0.209155	0.608538	-2.037698	-0.188600	False	d2_d0002_p0121_t0000
d2_d0002_p0122_t0000.png	0.988805	23.356150	0.722543	0.999975	25.554964	0.480578	36114	10	127	312	88	2.179586	12.700000	1303	1420	6165.898121	3.891747	0.000000	-0.002337	0.017397	20047.829866	0.722543	0.722543	10	127	-117	312	88	2.179586	12.700000	10	132	1303	1420	903	4.342182	3.891747	6165.898121	0.000000	269729	7.468821	9.968433	600x600	360000	dense	Learned	3611	10	45	35419	28.589584	0.677376	24.241615	0.991143	0.705146	0.658943	149	561	0.000000	36	34958	29.800147	0.762535	0.994840	26.518069	0.677418	0.701002	1383	25.428395	0.444605	0.972358	19.749124	0.947435	0.684816	-0.885465	0.341033	-3.034619	-0.196798	False	d2_d0002_p0122_t0000
d2_d0002_p0123_t0000.png	0.979789	22.238128	0.838581	1.000000	23.862869	0.426899	55748	9	224	470	65	2.222337	24.888889	1934	2149	9218.256777	4.088812	0.000000	-0.007303	0.046540	22162.283421	0.838581	0.838581	9	224	-215	470	65	2.222337	24.888889	9	240	1934	2149	1399	4.289556	4.088812	9218.256777	0.000000	277513	4.977990	6.457631	600x600	360000	dense	Learned	5177	9	52	55259	26.979348	0.713584	24.048357	0.987093	0.792041	0.725122	203	1267	0.000000	34	55040	28.767132	0.833891	0.992637	26.425589	0.627121	0.788313	1071	21.665829	0.330211	0.932294	17.031906	0.999696	0.726848	-1.810230	0.274878	-3.116478	-0.286685	False	d2_d0002_p0123_t0000
d2_d0002_p0132_t0000.png	0.979299	25.988640	0.620950	1.000000	25.282685	0.603863	52911	8	170	470	166	2.148624	21.250000	2180	2342	10466.866084	3.849274	0.000000	-0.009823	0.036604	23334.332705	0.620950	0.620950	8	170	-162	470	166	2.148624	21.250000	8	181	2180	2342	1544	4.469200	3.849274	10466.866084	0.000000	261235	4.937253	6.803878	600x600	360000	dense	Learned	5523	8	70	52264	31.499308	0.804724	28.670731	0.989122	0.584345	0.694582	303	1660	0.000000	68	51344	33.563759	0.877600	0.994290	31.481357	0.608949	0.581023	1091	26.011381	0.552617	0.956454	22.041355	0.999954	0.562075	-2.682091	0.305418	-6.216624	-0.200861	False	d2_d0002_p0132_t0000
d2_d0002_p0135_t0000.png	0.978343	21.982481	0.615211	0.999957	22.509115	0.348655	57128	17	220	494	118	2.196041	12.941176	2071	2274	9794.085204	3.971615	0.000000	-0.005251	0.032618	22808.789492	0.615211	0.615211	17	220	-203	494	118	2.196041	12.941176	17	230	2071	2274	1459	4.306986	3.971615	9794.085204	0.000000	276171	4.834249	6.301638	600x600	360000	dense	Learned	5440	17	45	55730	25.433493	0.692918	23.090443	0.983594	0.582593	0.378556	1156	3293	0.000000	27	56850	27.559654	0.828279	0.991858	26.003007	0.325613	0.574627	1072	21.438439	0.257826	0.936206	17.667310	0.999906	0.557268	-1.107961	0.621401	-2.924378	-0.344263	False	d2_d0002_p0135_t0000
d2_d0002_p0136_t0000.png	0.978892	21.428309	0.834292	0.999790	22.334043	0.362999	63719	22	241	495	83	2.198459	10.954545	2207	2426	10647.329937	3.917073	0.000000	-0.006660	0.052058	20952.790022	0.834292	0.834292	22	241	-219	495	83	2.198459	10.954545	22	257	2207	2426	1629	4.388842	3.917073	10647.329937	0.000000	263027	4.127921	5.649806	600x600	360000	dense	Learned	5982	22	47	63237	25.152034	0.724102	22.952560	0.985552	0.782234	0.593516	476	2653	0.000000	27	62658	27.578009	0.849276	0.993831	26.617699	0.398005	0.779149	728	19.465078	0.227150	0.918518	15.515196	0.999801	0.680796	-1.524251	0.406274	-2.817991	-0.361103	False	d2_d0002_p0136_t0000
d2_d0002_p0140_t0000.png	0.974802	24.234524	0.801955	1.000000	24.195426	0.580109	78995	7	335	758	144	2.204553	47.857143	3207	3535	15302.655331	3.696681	0.000000	-0.016949	0.041275	23860.707521	0.801955	0.801955	7	335	-328	758	144	2.204553	47.857143	7	360	3207	3535	2305	4.328898	3.696681	15302.655331	0.000000	276385	3.498766	4.557250	600x600	360000	dense	Learned	8052	7	75	78529	30.804199	0.840950	28.837914	0.991751	0.760681	0.677736	344	1802	0.000000	73	78862	33.904230	0.933493	0.995784	31.927576	0.655045	0.761623	720	20.704100	0.379878	0.909719	17.426324	0.999999	0.665778	-4.603390	0.322264	-6.608772	-0.260840	False	d2_d0002_p0140_t0000
d2_d0002_p0141_t0000.png	0.987181	22.306643	0.862815	1.000000	24.368180	0.441780	41775	8	166	337	41	2.220979	20.750000	1430	1588	6933.569260	4.133163	0.000000	-0.002999	0.052589	22508.984566	0.862815	0.862815	8	166	-158	337	41	2.220979	20.750000	8	174	1430	1588	1052	4.366227	4.133163	6933.569260	0.000000	275291	6.589850	8.617594	600x600	360000	dense	Learned	3922	8	44	41431	27.398317	0.673552	23.297293	0.990180	0.810226	0.922331	51	348	0.000000	30	41280	28.654798	0.776378	0.993891	25.301671	0.836612	0.807729	1434	23.547166	0.392771	0.961311	17.929544	0.991754	0.770365	-0.990650	0.077669	-3.030137	-0.231772	False	d2_d0002_p0141_t0000
d2_d0002_p0142_t0000.png	0.981016	24.199016	0.732266	0.999998	25.215920	0.521642	52679	13	209	471	106	2.191406	16.076923	2048	2244	9747.450645	3.880609	0.000000	-0.007992	0.025395	22514.187574	0.732266	0.732266	13	209	-196	471	106	2.191406	16.076923	13	216	2048	2244	1471	4.343784	3.880609	9747.450645	0.000000	272381	5.170580	6.833843	600x600	360000	dense	Learned	5353	13	62	51547	29.502492	0.750801	26.460798	0.989008	0.706871	0.403460	525	1136	0.000000	49	50942	31.409917	0.846519	0.994085	29.229198	0.351643	0.702822	1094	23.880351	0.445982	0.949142	19.318932	0.952684	0.658523	-2.261782	0.596538	-4.286572	-0.229158	False	d2_d0002_p0142_t0000
d2_d0002_p0145_t0000.png	0.975303	24.346731	0.636183	1.000000	24.523533	0.458998	57783	9	208	500	124	2.174103	23.111111	2286	2485	11135.975824	3.887365	0.000000	-0.010171	0.038687	23262.738705	0.636183	0.636183	9	208	-199	500	124	2.174103	23.111111	9	210	2286	2485	1662	4.481278	3.887365	11135.975824	0.000000	267171	4.623696	6.230206	600x600	360000	dense	Learned	5852	9	62	57244	28.681969	0.745474	26.531783	0.985474	0.597496	0.354351	1072	2597	0.000000	45	56800	30.643498	0.858416	0.991480	28.863017	0.294185	0.593617	1069	23.773775	0.382252	0.942114	20.097481	0.988695	0.560969	-2.185052	0.645649	-4.158436	-0.286477	False	d2_d0002_p0145_t0000
d2_d0002_p0147_t0000.png	0.988194	23.450029	0.631236	0.994604	23.174063	0.414190	47202	28	103	299	161	2.087464	3.678571	1715	1790	8337.460746	3.369179	0.000000	-0.002749	0.117013	17425.736189	0.631236	0.631236	28	103	-75	299	161	2.087464	3.678571	28	103	1715	1790	1255	4.657799	3.369179	8337.460746	0.000000	281305	5.959599	7.626795	600x600	360000	dense	Learned	4593	28	48	46923	27.297212	0.693592	24.563042	0.990943	0.514223	0.319483	1077	1921	0.000000	31	45342	28.374729	0.794392	0.993345	25.886186	0.301279	0.506269	1087	22.967465	0.350570	0.965636	18.429448	0.900274	0.468539	-1.113012	0.675121	-4.123149	-0.279401	False	d2_d0002_p0147_t0000
d2_d0002_p0149_t0000.png	0.985329	23.530951	0.696094	0.999892	24.069868	0.462908	53835	19	182	454	139	2.157336	9.578947	2072	2235	9936.678134	3.511868	0.000000	-0.005384	0.063260	19311.243296	0.696094	0.696094	19	182	-163	454	139	2.157336	9.578947	19	187	2072	2235	1479	4.445941	3.511868	9936.678134	0.000000	277420	5.153153	6.687099	600x600	360000	dense	Learned	5334	19	57	53224	28.225286	0.731741	25.425386	0.990713	0.632835	0.379774	850	2175	0.000000	41	52960	29.982847	0.842837	0.994235	27.602440	0.361214	0.628112	1085	22.851640	0.377332	0.954734	18.313669	0.969630	0.583622	-1.894435	0.620118	-4.155419	-0.268833	False	d2_d0002_p0149_t0000
d2_d0002_p0150_t0000.png	0.985769	23.898127	0.783596	1.000000	26.062228	0.515455	44109	9	167	383	80	2.189904	18.555556	1664	1822	7987.167240	3.773992	0.000000	-0.005077	0.035835	23433.797598	0.783596	0.783596	9	167	-158	383	80	2.189904	18.555556	9	178	1664	1822	1201	4.383736	3.773992	7987.167240	0.000000	252646	5.727765	8.161600	600x600	360000	dense	Learned	4486	9	57	43767	29.443497	0.722117	25.687804	0.990846	0.747761	0.673802	159	758	0.000000	45	43646	31.071094	0.813303	0.995284	28.611237	0.644967	0.744190	1430	25.372245	0.474238	0.964887	20.043978	0.974341	0.721572	-1.789677	0.326198	-3.381269	-0.206662	False	d2_d0002_p0150_t0000
d2_d0002_p0151_t0000.png	0.982367	23.287593	0.834244	1.000000	24.824151	0.521690	60109	5	274	606	96	2.232097	54.800000	2318	2587	11060.527989	3.858868	0.000000	-0.009121	0.037084	28913.563013	0.834244	0.834244	5	274	-269	606	96	2.232097	54.800000	5	280	2318	2587	1616	4.275426	3.858868	11060.527989	0.000000	276966	4.607729	5.989120	600x600	360000	dense	Learned	5976	5	64	58771	29.195778	0.763529	26.176222	0.991487	0.797160	0.929934	95	1115	0.000000	51	58830	31.495189	0.869353	0.995717	29.303921	0.900975	0.796851	732	21.045720	0.375855	0.931284	16.474350	1.000000	0.712334	-2.888629	0.070066	-4.371627	-0.241839	False	d2_d0002_p0151_t0000
d2_d0002_p0152_t0000.png	0.983464	22.558229	0.825131	0.999995	24.283353	0.445446	52688	13	212	461	88	2.210359	16.307692	1892	2091	9093.676042	3.932319	0.000000	-0.006294	0.042256	27529.005766	0.825131	0.825131	13	212	-199	461	88	2.210359	16.307692	13	225	1892	2091	1343	4.348960	3.932319	9093.676042	0.000000	278826	5.292021	6.832675	600x600	360000	dense	Learned	5040	13	54	52309	27.646469	0.713902	24.442089	0.989758	0.782874	0.735026	160	932	0.000000	36	52318	29.308862	0.827915	0.993758	26.627265	0.651152	0.779249	1025	22.073358	0.350979	0.943861	17.138687	0.993814	0.723705	-1.883860	0.264968	-3.363116	-0.268457	False	d2_d0002_p0152_t0000
d2_d0002_p0153_t0000.png	0.985651	22.402945	0.861874	1.000000	24.388694	0.445989	47388	5	210	440	47	2.243323	42.000000	1685	1890	8143.796749	4.034744	0.000000	-0.004613	0.052117	24464.421511	0.861874	0.861874	5	210	-205	440	47	2.243323	42.000000	5	219	1685	1890	1198	4.308887	4.034744	8143.796749	0.000000	276263	5.829809	7.596860	600x600	360000	dense	Learned	4536	5	50	46930	27.657726	0.694259	23.898875	0.990263	0.809757	0.868369	80	634	0.000000	33	46114	29.099205	0.803268	0.994064	26.024143	0.841447	0.807242	1072	22.548058	0.369334	0.951556	17.152895	0.999955	0.762456	-1.495931	0.131631	-3.269032	-0.248270	False	d2_d0002_p0153_t0000
d2_d0002_p0154_t0000.png	0.988975	21.672042	0.726721	0.999057	22.694174	0.278718	29657	12	86	222	84	2.141762	7.166667	1044	1118	4883.959954	3.904847	0.000000	0.003319	0.068537	20233.012438	0.726721	0.726721	12	86	-74	222	84	2.141762	7.166667	12	89	1044	1118	738	4.368479	3.904847	4883.959954	0.000000	252866	8.526351	12.138787	600x600	360000	sparse	Learned	2317	12	24	29158	24.370557	0.539176	20.641078	0.985656	0.658184	0.336494	413	584	0.000000	10	27128	24.924748	0.578542	0.990809	22.312845	0.334811	0.635767	2150	22.879265	0.254054	0.972209	18.308170	0.903266	0.664941	1.030963	0.662563	-1.676383	-0.260458	False	d2_d0002_p0154_t0000
d2_d0002_p0155_t0000.png	0.991525	23.526205	0.661543	0.988360	25.602680	0.432533	25422	18	91	212	68	2.152880	5.055556	955	1028	4611.264428	3.724534	0.000000	0.000220	0.032097	17644.414186	0.661543	0.661543	18	91	-73	212	68	2.152880	5.055556	18	92	955	1028	675	4.485666	3.724534	4611.264428	0.000000	267675	10.529266	14.160963	600x600	360000	sparse	Learned	2196	18	32	25071	27.968938	0.609924	23.453270	0.991305	0.629447	0.321411	292	292	0.000000	24	24434	28.492694	0.665870	0.993228	24.620813	0.288654	0.617724	2525	26.409957	0.433509	0.983357	20.957835	0.509058	0.617540	0.072936	0.666949	-2.366258	-0.177391	False	d2_d0002_p0155_t0000
d2_d0002_p0156_t0000.png	0.985834	23.823111	0.581970	0.999488	24.226278	0.481107	45847	19	125	347	147	2.124194	6.578947	1707	1813	8242.134844	3.730425	0.000000	-0.004414	0.036452	20244.723082	0.581970	0.581970	19	125	-106	347	147	2.124194	6.578947	19	126	1707	1813	1213	4.546131	3.730425	8242.134844	0.000000	269788	5.884529	7.852204	600x600	360000	dense	Learned	4509	19	54	45679	28.555089	0.720403	25.330628	0.990249	0.545518	0.484662	573	1894	0.000000	39	45584	30.015943	0.816878	0.994089	27.434395	0.443925	0.539386	1089	24.064726	0.421743	0.963079	19.520721	0.957786	0.509956	-1.507517	0.514827	-4.328811	-0.239296	False	d2_d0002_p0156_t0000
d2_d0002_p0157_t0000.png	0.983975	23.587150	0.699953	0.999800	24.776292	0.450061	45505	17	157	361	97	2.165582	9.235294	1691	1831	8299.051583	3.638997	0.000000	-0.004437	0.034750	20157.782793	0.699953	0.699953	17	157	-140	361	97	2.165582	9.235294	17	161	1691	1831	1233	4.532524	3.638997	8299.051583	0.000000	273015	5.999670	7.911219	600x600	360000	dense	Learned	4626	17	51	44279	28.074986	0.694915	24.842498	0.988412	0.665202	0.552150	461	2129	0.000000	36	44408	29.404612	0.802249	0.992322	26.559594	0.458937	0.654068	1084	24.094390	0.379294	0.956114	19.330922	0.996928	0.627442	-1.255347	0.447650	-3.298694	-0.244854	False	d2_d0002_p0157_t0000
d2_d0002_p0158_t0000.png	0.987579	24.162909	0.507522	0.998040	25.210230	0.431146	33748	16	99	223	67	2.141156	6.187500	1176	1259	5707.587371	3.754139	0.000000	-0.001567	0.033422	19170.448542	0.507522	0.507522	16	99	-83	223	67	2.141156	6.187500	16	104	1176	1259	886	4.533429	3.754139	5707.587371	0.000000	271577	8.047203	10.667299	600x600	360000	dense	Learned	3444	16	40	33104	27.975360	0.649809	24.672665	0.989147	0.474100	0.302711	757	1034	0.000000	28	31924	28.560825	0.725900	0.991500	25.557982	0.312642	0.468106	1807	25.784740	0.415098	0.974102	21.416161	0.932443	0.484916	-0.509756	0.695330	-2.765131	-0.218663	False	d2_d0002_p0158_t0000
d2_d0002_p0159_t0000.png	0.981047	23.512749	0.611028	0.999980	24.277000	0.396550	47047	13	124	334	130	2.130742	9.538462	1698	1809	8080.850573	3.950271	0.000000	-0.004443	0.024375	21235.349894	0.611028	0.611028	13	124	-111	334	130	2.130742	9.538462	13	133	1698	1809	1234	4.467026	3.950271	8080.850573	0.000000	281926	5.992433	7.651923	600x600	360000	dense	Learned	4585	13	47	46998	27.076443	0.683719	24.549261	0.985490	0.586653	0.308364	966	1470	0.000000	30	46554	28.188022	0.794123	0.989184	25.694832	0.286348	0.576432	1043	23.265117	0.327537	0.949418	19.165483	0.965463	0.550011	-1.036512	0.691616	-2.799442	-0.287169	False	d2_d0002_p0159_t0000
d2_d0002_p0160_t0000.png	0.982955	22.990624	0.764506	0.999581	24.546065	0.418683	45234	17	136	337	113	2.149123	8.000000	1596	1715	7584.434267	4.006689	0.000000	-0.004340	0.059505	22665.610075	0.764506	0.764506	17	136	-119	337	113	2.149123	8.000000	17	142	1596	1715	1146	4.422411	4.006689	7584.434267	0.000000	257575	5.694279	7.958615	600x600	360000	dense	Learned	4247	17	47	45135	27.362937	0.679905	24.132484	0.987296	0.705001	0.530975	393	1529	0.000000	30	43742	28.422097	0.778850	0.990682	25.500660	0.501230	0.694157	1057	23.325837	0.347145	0.950547	18.413697	0.932727	0.658491	-1.141860	0.468605	-2.816872	-0.261222	False	d2_d0002_p0160_t0000
d2_d0002_p0162_t0000.png	0.969284	22.301832	0.823126	1.000000	23.206248	0.457259	76219	10	321	670	97	2.217255	32.100000	2863	3174	13303.273514	4.081307	0.000000	-0.016648	0.041543	26661.382198	0.823126	0.823126	10	321	-311	670	97	2.217255	32.100000	10	347	2863	3174	2096	4.191328	4.081307	13303.273514	0.000000	280589	3.681352	4.723232	600x600	360000	dense	Learned	7102	10	62	74369	27.335056	0.782295	25.412667	0.985932	0.781583	0.626073	574	3635	0.000000	45	74806	30.495099	0.904035	0.993820	29.119910	0.543681	0.785889	705	19.476708	0.271984	0.887434	16.090940	0.999991	0.675756	-3.110835	0.373927	-4.128808	-0.325037	False	d2_d0002_p0162_t0000
d2_d0002_p0163_t0000.png	0.977537	21.839934	0.862920	1.000000	23.303737	0.427543	65214	7	261	576	104	2.218966	37.285714	2320	2574	10602.591047	3.940092	0.000000	-0.009576	0.036296	24939.047337	0.862920	0.862920	7	261	-254	576	104	2.218966	37.285714	7	296	2320	2574	1640	4.119111	3.940092	10602.591047	0.000000	256829	3.938249	5.520287	600x600	360000	dense	Learned	5809	7	55	64911	26.603119	0.744475	24.138577	0.987113	0.826624	0.744534	270	2014	0.000000	35	64522	29.000958	0.866612	0.993812	27.306670	0.652818	0.825129	736	19.616037	0.273642	0.908162	15.542202	0.999978	0.697588	-2.298644	0.255466	-3.299381	-0.316933	False	d2_d0002_p0163_t0000
d2_d0002_p0164_t0000.png	0.981033	21.837549	0.461721	0.999748	21.386313	0.239053	45495	16	115	337	154	2.124842	7.187500	1586	1685	7449.986433	3.803532	0.000000	0.001192	0.048081	19749.847412	0.461721	0.461721	16	115	-99	337	154	2.124842	7.187500	16	118	1586	1685	1095	4.421357	3.803532	7449.986433	0.000000	257404	5.657853	7.912957	600x600	360000	dense	Learned	4438	16	31	44849	23.430409	0.609397	21.502619	0.979841	0.413639	0.215124	2736	3527	0.000000	13	42334	24.768771	0.719817	0.990589	24.459434	0.166845	0.392338	1072	21.161268	0.173814	0.950982	18.261937	0.968496	0.428070	0.334930	0.784624	-2.044096	-0.370345	False	d2_d0002_p0164_t0000
d2_d0002_p0165_t0000.png	0.977014	21.632637	0.567244	0.999999	21.407813	0.286650	55930	12	197	450	104	2.192608	16.416667	1921	2106	9321.644512	4.143051	0.000000	-0.002573	0.032346	22779.642105	0.567244	0.567244	12	197	-185	450	104	2.192608	16.416667	12	200	1921	2106	1367	4.426232	4.143051	9321.644512	0.000000	274644	4.910495	6.436617	600x600	360000	dense	Learned	5265	12	38	55819	23.935176	0.674579	22.054972	0.979587	0.534898	0.300165	1910	4577	0.000000	19	53510	25.940666	0.801959	0.990636	25.363605	0.209141	0.518984	1064	20.725459	0.190964	0.930432	17.600177	0.999993	0.540829	-0.422335	0.699834	-2.527362	-0.387929	False	d2_d0002_p0165_t0000
d2_d0002_p0166_t0000.png	0.974699	21.653929	0.711301	1.000000	21.986947	0.312146	58802	10	193	486	141	2.175120	19.300000	2090	2273	9967.334988	4.085138	0.000000	-0.005143	0.077769	23769.374609	0.711301	0.711301	10	193	-183	486	141	2.175120	19.300000	10	202	2090	2273	1463	4.385101	4.085138	9967.334988	0.000000	268404	4.564539	6.122241	600x600	360000	dense	Learned	5483	10	42	58239	24.503313	0.690870	22.522500	0.979842	0.633532	0.267015	2049	4190	0.000000	23	58656	26.897280	0.832194	0.991551	26.206161	0.188800	0.613039	1045	20.933658	0.205632	0.923051	17.522508	0.999662	0.644581	-0.868571	0.732985	-2.516367	-0.378725	False	d2_d0002_p0166_t0000
d2_d0002_p0167_t0000.png	0.982611	22.981203	0.569758	0.999999	23.261029	0.380288	51721	12	151	405	138	2.146239	12.583333	1901	2040	9300.271929	3.673080	0.000000	-0.004647	0.055447	21499.326229	0.569758	0.569758	12	151	-139	405	138	2.146239	12.583333	12	159	1901	2040	1358	4.558957	3.673080	9300.271929	0.000000	278495	5.384563	6.960422	600x600	360000	dense	Learned	5160	12	48	51457	26.522444	0.694499	24.144352	0.987257	0.514311	0.351146	1527	3949	0.000000	30	50936	28.008902	0.813483	0.991778	25.923293	0.310999	0.501922	1077	22.899636	0.305717	0.953175	19.056838	0.999955	0.492725	-1.163149	0.648853	-3.261415	-0.314211	False	d2_d0002_p0167_t0000
d2_d0002_p0168_t0000.png	0.978615	21.921188	0.642890	1.000000	22.653360	0.311317	51957	10	169	427	129	2.173961	16.900000	1828	1987	8848.745017	4.004594	0.000000	-0.003102	0.021084	21897.220850	0.642890	0.642890	10	169	-159	427	129	2.173961	16.900000	10	171	1828	1987	1272	4.453319	4.004594	8848.745017	0.000000	254854	4.905095	6.928807	600x600	360000	dense	Learned	4929	10	40	50386	24.972538	0.657577	22.521972	0.981717	0.621806	0.277260	1139	2015	0.000000	22	50760	26.720191	0.782342	0.991263	25.554555	0.192655	0.611430	1084	21.747000	0.234349	0.940199	17.817662	0.980192	0.619118	-0.600784	0.722740	-2.319178	-0.346260	False	d2_d0002_p0168_t0000
d2_d0002_p0169_t0000.png	0.977592	22.840634	0.667192	1.000000	23.219107	0.387510	55867	10	187	454	129	2.168813	18.700000	2097	2274	10153.004035	3.886573	0.000000	-0.007437	0.065135	21407.114983	0.667192	0.667192	10	187	-177	454	129	2.168813	18.700000	10	191	2097	2274	1514	4.464821	3.886573	10153.004035	0.000000	276899	4.956396	6.443876	600x600	360000	dense	Learned	5493	10	52	55210	26.749404	0.706997	24.405540	0.985029	0.602057	0.391595	1115	3479	0.000000	34	55752	28.612495	0.838886	0.990997	26.556929	0.321280	0.592963	1081	23.024818	0.311199	0.944821	19.373493	0.994551	0.593774	-1.564906	0.608405	-3.530297	-0.319487	False	d2_d0002_p0169_t0000
d2_d0002_p0170_t0000.png	0.982754	23.779497	0.644542	0.999990	24.903635	0.402893	40089	11	120	313	104	2.150761	10.909091	1446	1555	7198.064643	3.980452	0.000000	-0.003308	0.049162	21367.428303	0.644542	0.644542	11	120	-109	313	104	2.150761	10.909091	11	123	1446	1555	1029	4.628980	3.980452	7198.064643	0.000000	273089	6.812068	8.980019	600x600	360000	dense	Learned	4104	11	44	39693	27.523148	0.659006	24.551589	0.986062	0.595380	0.244680	1174	1513	0.000000	29	38954	28.366111	0.756232	0.988881	25.496004	0.202826	0.585062	1453	25.009750	0.365078	0.963029	20.864653	0.893275	0.599547	-0.772092	0.755310	-2.619513	-0.256113	False	d2_d0002_p0170_t0000
d2_d0002_p0171_t0000.png	0.978281	21.660655	0.603446	0.999532	21.653748	0.314628	58707	22	180	425	126	2.160243	8.181818	1972	2130	9625.617167	4.018369	0.000000	-0.003961	0.043549	22014.082432	0.603446	0.603446	22	180	-158	425	126	2.160243	8.181818	22	186	1972	2130	1421	4.519069	4.018369	9625.617167	0.000000	274732	4.679715	6.132148	600x600	360000	dense	Learned	5427	22	41	57844	24.421962	0.689914	22.417752	0.982241	0.559897	0.319585	1833	4747	0.000000	22	58634	26.708309	0.823795	0.992307	25.918640	0.243623	0.549785	1088	20.710326	0.211526	0.931412	17.249077	0.972762	0.549955	-0.757097	0.679947	-2.768214	-0.375286	False	d2_d0002_p0171_t0000
d2_d0002_p0172_t0000.png	0.984293	21.424547	0.726351	0.999904	22.463236	0.279528	43847	13	141	305	66	2.182727	10.846154	1401	1529	6815.494008	3.984826	0.000000	0.000946	0.024654	22367.388964	0.726351	0.726351	13	141	-128	305	66	2.182727	10.846154	13	147	1401	1529	1030	4.457485	3.984826	6815.494008	0.000000	258680	5.899605	8.210368	600x600	360000	dense	Learned	4097	13	32	43241	24.155681	0.612311	21.179176	0.983347	0.701697	0.722660	199	1617	0.000000	15	41480	25.433818	0.701774	0.992434	24.390661	0.437445	0.688761	1453	21.508842	0.220582	0.949986	16.971272	0.959912	0.697287	0.245371	0.277243	-1.692445	-0.332783	False	d2_d0002_p0172_t0000
d2_d0002_p0173_t0000.png	0.976268	21.545422	0.796130	1.000000	22.131465	0.379098	70433	11	294	616	74	2.228687	26.727273	2475	2758	12348.461105	3.980709	0.000000	-0.009357	0.045075	22350.168943	0.796130	0.796130	11	294	-283	616	74	2.228687	26.727273	11	300	2475	2758	1785	4.477325	3.980709	12348.461105	0.000000	261059	3.706487	5.111240	600x600	360000	dense	Learned	6506	11	52	69968	25.512818	0.748616	23.601501	0.985626	0.751055	0.673697	563	4778	0.000000	31	69526	28.380384	0.877138	0.993992	27.406880	0.479936	0.750743	716	19.248441	0.217370	0.904012	15.460193	0.999962	0.678622	-2.056079	0.326303	-3.381353	-0.369519	False	d2_d0002_p0173_t0000
d2_d0002_p0175_t0000.png	0.987940	23.080350	0.766679	0.999010	24.647127	0.382019	38120	16	141	300	69	2.187266	8.812500	1335	1460	6329.180300	3.819048	0.000000	-0.001356	0.045099	20582.798004	0.766679	0.766679	16	141	-125	300	69	2.187266	8.812500	16	150	1335	1460	966	4.335055	3.819048	6329.180300	0.000000	279496	7.332004	9.443861	600x600	360000	dense	Learned	3717	16	39	37817	26.962145	0.637752	23.579411	0.989296	0.721579	0.453607	240	483	0.000000	24	37764	27.763944	0.733055	0.992123	24.596546	0.373237	0.712417	1409	24.135424	0.347742	0.969286	19.201145	0.896306	0.694848	-0.499061	0.545403	-2.315019	-0.255733	False	d2_d0002_p0175_t0000
d2_d0002_p0176_t0000.png	0.981962	24.620325	0.666197	0.999953	25.980862	0.577776	52162	17	207	474	114	2.185547	12.176471	2048	2238	9768.033473	3.853050	0.000000	-0.008780	0.030941	22234.493017	0.666197	0.666197	17	207	-190	474	114	2.185547	12.176471	17	212	2048	2238	1460	4.364626	3.853050	9768.033473	0.000000	262673	5.035716	6.901576	600x600	360000	dense	Learned	5512	17	66	51274	30.489252	0.780076	27.251585	0.990742	0.635256	0.428938	622	1649	0.000000	58	52104	32.566217	0.866337	0.995189	30.191491	0.388784	0.632740	1091	24.862162	0.502692	0.952294	20.128965	0.999049	0.596451	-2.631260	0.571016	-4.508390	-0.202301	False	d2_d0002_p0176_t0000
d2_d0002_p0177_t0000.png	0.989507	22.891928	0.747883	0.999975	25.491497	0.418731	29693	9	121	280	70	2.192771	13.444444	1162	1274	5460.881743	3.853678	0.000000	-0.000167	0.031815	21156.216145	0.747883	0.747883	9	121	-112	280	70	2.192771	13.444444	9	126	1162	1274	812	4.286406	3.853678	5460.881743	0.000000	270892	9.123093	12.124070	600x600	360000	sparse	Learned	2539	9	34	28931	27.440215	0.612876	22.956208	0.989674	0.716068	0.453171	210	397	0.000000	23	28708	28.097546	0.686253	0.992115	24.178128	0.422525	0.709615	2170	25.479308	0.402998	0.977106	19.843381	0.873308	0.704956	-0.064280	0.546804	-1.948718	-0.194144	False	d2_d0002_p0177_t0000
d2_d0002_p0178_t0000.png	0.976692	22.893882	0.870512	1.000000	24.248775	0.501073	64800	12	298	615	79	2.231955	24.833333	2466	2752	11500.877411	4.118172	0.000000	-0.012083	0.040930	23319.869757	0.870512	0.870512	12	298	-286	615	79	2.231955	24.833333	12	312	2466	2752	1772	4.179098	4.118172	11500.877411	0.000000	279827	4.318318	5.555556	600x600	360000	dense	Learned	6033	12	63	64622	28.481831	0.769134	25.855993	0.988774	0.829582	0.801308	190	1305	0.000000	47	64358	30.910377	0.880623	0.994284	28.889654	0.724754	0.831236	720	20.287889	0.342095	0.908428	16.162223	0.999961	0.724193	-2.962112	0.198692	-4.233056	-0.268061	False	d2_d0002_p0178_t0000
d2_d0002_p0179_t0000.png	0.984021	22.164725	0.849434	0.999956	24.369575	0.386895	44270	12	151	356	108	2.181699	12.583333	1530	1669	6978.936793	4.094877	0.000000	-0.002909	0.029440	24197.141409	0.849434	0.849434	12	151	-139	356	108	2.181699	12.583333	12	173	1530	1669	1066	4.181508	4.094877	6978.936793	0.000000	273420	6.176192	8.131918	600x600	360000	dense	Learned	4000	12	42	43792	26.493192	0.654700	22.961954	0.986930	0.819994	0.642852	177	595	0.000000	25	43764	27.615827	0.758391	0.991425	24.692783	0.608643	0.810806	1436	23.089222	0.333630	0.951772	18.002034	0.991981	0.801641	-0.797229	0.357104	-2.123617	-0.267806	False	d2_d0002_p0179_t0000
d2_d0002_p0180_t0000.png	0.979733	23.155835	0.803169	1.000000	24.643356	0.487144	57153	7	216	498	111	2.191304	30.857143	2185	2394	10135.043574	3.887356	0.000000	-0.009541	0.028991	23378.498077	0.803169	0.803169	7	216	-209	498	111	2.191304	30.857143	7	235	2185	2394	1576	4.233519	3.887356	10135.043574	0.000000	275748	4.824734	6.298882	600x600	360000	dense	Learned	5735	7	61	57137	28.575507	0.746418	25.678162	0.989274	0.774178	0.705832	233	1259	0.000000	45	56898	30.722170	0.859081	0.994325	28.509109	0.636279	0.774406	1096	22.957266	0.398395	0.939530	18.355826	0.999997	0.736443	-2.522327	0.294168	-3.932151	-0.259274	False	d2_d0002_p0180_t0000
d2_d0002_p0181_t0000.png	0.988828	22.404353	0.835821	0.999997	24.889853	0.417873	39840	9	134	296	62	2.186706	14.888889	1339	1464	6418.486866	3.904401	0.000000	-0.002122	0.036512	20626.433849	0.835821	0.835821	9	134	-125	296	62	2.186706	14.888889	9	139	1339	1464	981	4.384212	3.904401	6418.486866	0.000000	254747	6.394252	9.036145	600x600	360000	dense	Learned	3780	9	42	39498	27.246822	0.657133	23.194720	0.990950	0.799309	0.720010	100	393	0.000000	28	39756	28.397915	0.757651	0.994189	25.100938	0.718934	0.794286	1433	23.690560	0.374031	0.965819	17.900190	0.963174	0.771151	-0.790367	0.279987	-2.356969	-0.239259	False	d2_d0002_p0181_t0000
d2_d0002_p0183_t0000.png	0.984103	22.164602	0.742726	0.998926	22.900130	0.354136	48445	21	157	371	113	2.161905	7.476190	1680	1816	8141.853532	3.771859	0.000000	-0.002893	0.068388	20642.198801	0.742726	0.742726	21	157	-136	371	113	2.161905	7.476190	21	161	1680	1816	1196	4.483400	3.771859	8141.853532	0.000000	277257	5.723129	7.431107	600x600	360000	dense	Learned	4657	21	42	47542	25.868231	0.663903	22.953297	0.986996	0.674338	0.488689	386	1234	0.000000	25	48184	27.348802	0.780334	0.992520	25.214274	0.371785	0.667813	1082	22.128931	0.287405	0.953889	17.666339	0.905922	0.641024	-0.788695	0.510237	-2.968101	-0.309767	False	d2_d0002_p0183_t0000
d2_d0002_p0184_t0000.png	0.979446	21.582699	0.696090	0.999983	21.831449	0.305044	56086	15	181	433	127	2.169734	12.066667	1956	2122	9439.060818	4.027107	0.000000	-0.002750	0.074387	23128.314972	0.696090	0.696090	15	181	-166	433	127	2.169734	12.066667	15	184	1956	2122	1396	4.448191	4.027107	9439.060818	0.000000	270090	4.815640	6.418714	600x600	360000	dense	Learned	5116	15	39	55444	24.244200	0.677248	22.109504	0.982196	0.621704	0.277107	1878	3855	0.000000	20	54824	26.271525	0.805881	0.991993	25.559849	0.195408	0.601666	1050	20.565570	0.202435	0.930863	16.787361	0.992532	0.607423	-0.526806	0.722876	-2.412751	-0.372205	False	d2_d0002_p0184_t0000
d2_d0002_p0185_t0000.png	0.977135	22.562376	0.681725	1.000000	23.383950	0.386523	60836	11	227	524	112	2.188976	20.636364	2286	2502	11138.795016	3.856924	0.000000	-0.008604	0.022684	23426.786184	0.681725	0.681725	11	227	-216	524	112	2.188976	20.636364	11	232	2286	2502	1650	4.451956	3.856924	11138.795016	0.000000	276189	4.539894	5.917549	600x600	360000	dense	Learned	6000	11	54	60651	26.585480	0.723230	24.446825	0.985739	0.659041	0.425592	967	3639	0.000000	34	59974	28.667657	0.850267	0.991388	26.772088	0.357013	0.653023	721	21.453075	0.260030	0.927605	17.493179	0.999783	0.617726	-1.884450	0.574408	-3.201529	-0.336707	False	d2_d0002_p0185_t0000
d2_d0002_p0187_t0000.png	0.986732	23.982784	0.768717	0.999991	26.100577	0.550205	47809	13	198	458	109	2.199139	15.230769	1858	2043	8733.271929	3.678949	0.000000	-0.005768	0.025928	20969.787359	0.768717	0.768717	13	198	-185	458	109	2.199139	15.230769	13	205	1858	2043	1291	4.274729	3.678949	8733.271929	0.000000	267404	5.593173	7.529963	600x600	360000	dense	Learned	4870	13	62	47792	29.983646	0.749640	26.300963	0.992500	0.742789	0.649354	173	680	0.000000	52	46972	31.872826	0.836788	0.996363	29.552968	0.556486	0.740893	1083	24.205527	0.479819	0.959645	18.764624	0.934323	0.688027	-2.318180	0.350638	-3.883068	-0.199435	False	d2_d0002_p0187_t0000
d2_d0002_p0188_t0000.png	0.983775	23.731547	0.821172	0.999924	25.662513	0.518738	45258	14	173	402	99	2.194258	12.357143	1637	1796	7639.321569	3.972716	0.000000	-0.006128	0.038477	23834.405661	0.821172	0.821172	14	173	-159	402	99	2.194258	12.357143	14	185	1637	1796	1136	4.253520	3.972716	7639.321569	0.000000	269218	5.948517	7.954395	600x600	360000	dense	Learned	4380	14	57	45039	29.403094	0.728119	25.648666	0.989903	0.782695	0.766734	113	581	0.000000	44	43478	30.899008	0.812843	0.994314	28.275511	0.675286	0.779891	1083	23.921927	0.446540	0.950302	18.459304	0.932715	0.734691	-1.917119	0.233190	-3.740581	-0.209380	False	d2_d0002_p0188_t0000
d2_d0002_p0190_t0000.png	0.985462	23.174645	0.851809	0.999935	24.057047	0.525371	55736	18	235	491	81	2.212745	13.055556	2040	2257	9850.171424	3.828365	0.000000	-0.006784	0.068259	21212.247372	0.851809	0.851809	18	235	-217	491	81	2.212745	13.055556	18	239	2040	2257	1468	4.364276	3.828365	9850.171424	0.000000	268572	4.818645	6.459021	600x600	360000	dense	Learned	5486	18	61	54825	29.117145	0.756727	25.755132	0.992246	0.783551	0.802101	114	601	0.000000	47	53796	31.202834	0.850994	0.996147	28.959541	0.724907	0.784532	1081	22.049054	0.429604	0.946191	17.059823	0.978982	0.724898	-2.580487	0.197833	-5.060098	-0.231357	False	d2_d0002_p0190_t0000
d2_d0002_p0191_t0000.png	0.985496	23.588262	0.802224	0.999982	25.093742	0.532107	46986	13	194	422	85	2.206739	14.923077	1751	1932	8201.063776	3.837564	0.000000	-0.005824	0.055763	23273.210526	0.802224	0.802224	13	194	-181	422	85	2.206739	14.923077	13	200	1751	1932	1244	4.244857	3.837564	8201.063776	0.000000	270923	5.766037	7.661857	600x600	360000	dense	Learned	4614	13	58	46342	29.467578	0.737850	25.660203	0.991320	0.746461	0.812182	114	731	0.000000	47	46414	31.320965	0.829254	0.995695	28.782330	0.746672	0.743005	1088	23.748149	0.456805	0.954784	18.373615	0.927750	0.696051	-2.071941	0.187800	-4.373836	-0.205743	False	d2_d0002_p0191_t0000
d2_d0002_p0194_t0000.png	0.982336	23.215183	0.517692	0.999967	23.645615	0.381138	49029	15	169	407	119	2.166486	11.266667	1850	2004	8901.379577	3.838748	0.000000	-0.004305	-0.001343	20204.870701	0.517692	0.517692	15	169	-154	407	119	2.166486	11.266667	15	170	1850	2004	1324	4.441806	3.838748	8901.379577	0.000000	281153	5.734422	7.342593	600x600	360000	dense	Learned	4796	15	47	48927	26.719838	0.685933	24.249948	0.986641	0.519036	0.341875	1378	3135	0.000000	29	47622	27.971713	0.799957	0.990597	25.712724	0.321014	0.512904	1090	23.140082	0.311554	0.953705	19.240932	0.999146	0.491463	-1.034765	0.658093	-3.074223	-0.304795	False	d2_d0002_p0194_t0000
d2_d0002_p0197_t0000.png	0.992363	21.901780	0.807146	0.986653	24.943121	0.347005	25012	17	84	165	35	2.159714	4.941176	839	906	4173.137444	3.880556	0.000000	0.001955	0.033289	19104.475260	0.807146	0.807146	17	84	-67	165	35	2.159714	4.941176	17	86	839	906	639	4.606112	3.880556	4173.137444	0.000000	249062	9.957700	14.393091	600x600	360000	sparse	Learned	2070	17	25	23987	25.994842	0.542895	21.003502	0.990408	0.773857	0.813413	35	119	0.278728	14	24428	26.636546	0.597958	0.994034	22.679010	0.763454	0.765326	2509	24.663378	0.335974	0.982157	18.699941	0.828359	0.769439	0.898278	0.173240	-1.051721	-0.195890	False	d2_d0002_p0197_t0000
d2_d0002_p0198_t0000.png	0.980121	21.986517	0.835904	0.999951	22.918582	0.438508	59688	20	254	524	72	2.198980	12.700000	2352	2586	11234.452737	3.792271	0.000000	-0.007397	0.042194	20706.686735	0.835904	0.835904	20	254	-234	524	72	2.198980	12.700000	20	270	2352	2586	1756	4.344336	3.792271	11234.452737	0.000000	278082	4.658926	6.031363	600x600	360000	sparse	Learned	4906	20	52	59066	26.570764	0.729531	23.858573	0.987519	0.793711	0.782474	195	1405	0.000000	34	59282	28.773296	0.849519	0.993737	26.823274	0.739718	0.792552	1075	20.588808	0.320564	0.927366	16.335246	0.982101	0.727093	-1.872056	0.217477	-3.652182	-0.291023	False	d2_d0002_p0198_t0000
d2_d0002_p0200_t0000.png	0.985133	25.013810	0.730102	1.000000	26.089480	0.563528	47004	10	172	412	105	2.177049	17.200000	1830	1992	8787.210963	3.682819	0.000000	-0.006126	0.039377	20931.665897	0.730102	0.730102	10	172	-162	412	105	2.177049	17.200000	10	179	1830	1992	1313	4.411250	3.682819	8787.210963	0.000000	264516	5.627521	7.658923	600x600	360000	dense	Learned	4877	10	64	46816	30.584089	0.764409	27.242187	0.991258	0.690725	0.432326	422	936	0.000000	57	46186	32.338381	0.843662	0.995314	30.024113	0.381878	0.684534	1093	25.298235	0.511626	0.963944	20.523653	0.981709	0.649455	-2.228376	0.567673	-4.494609	-0.200881	False	d2_d0002_p0200_t0000
d2_d0002_p0201_t0000.png	0.981317	25.217906	0.570933	0.999954	26.573818	0.540016	43877	14	155	388	131	2.161976	11.071429	1741	1882	8081.745017	3.927739	0.000000	-0.006850	0.015497	25137.340784	0.570933	0.570933	14	155	-141	388	131	2.161976	11.071429	14	163	1741	1882	1222	4.294232	3.927739	8081.745017	0.000000	262888	5.991476	8.204754	600x600	360000	dense	Learned	4368	14	61	43397	30.355572	0.743398	27.157586	0.988167	0.555436	0.330732	802	1515	0.000000	52	43566	31.932007	0.826025	0.993492	29.803801	0.281334	0.550338	1452	26.597076	0.510826	0.962074	21.857005	0.956282	0.530299	-1.939681	0.669222	-3.781754	-0.203382	False	d2_d0002_p0201_t0000
d2_d0002_p0202_t0000.png	0.985347	24.433802	0.800262	1.000000	24.556254	0.638577	61263	6	257	585	111	2.205317	42.833333	2445	2696	11799.573803	3.549089	0.000000	-0.008801	0.041898	20238.530874	0.800262	0.800262	6	257	-251	585	111	2.205317	42.833333	6	274	2445	2696	1749	4.376697	3.549089	11799.573803	0.000000	268003	4.374631	5.876304	600x600	360000	dense	Learned	6259	6	72	59911	31.420273	0.825175	28.183572	0.994148	0.758364	0.921982	74	468	0.000000	71	60690	33.947571	0.899350	0.997287	31.657869	0.875670	0.758176	733	21.529024	0.480672	0.942734	17.113800	1.000000	0.675375	-3.749769	0.078018	-6.864019	-0.186598	False	d2_d0002_p0202_t0000
d2_d0002_p0203_t0000.png	0.988188	24.984362	0.669781	1.000000	24.812449	0.666452	53775	10	169	440	138	2.147838	16.900000	2151	2310	10519.836647	3.478726	0.000000	-0.006515	0.002809	20943.285227	0.669781	0.669781	10	169	-159	440	138	2.147838	16.900000	10	173	2151	2310	1573	4.554042	3.478726	10519.836647	0.000000	259270	4.821385	6.694561	600x600	360000	dense	Learned	5671	10	71	52450	31.921257	0.827529	28.327097	0.994702	0.666972	0.962285	61	566	0.000000	73	53686	34.300836	0.890667	0.997584	31.791496	0.952135	0.666743	976	23.637844	0.564678	0.960278	18.657461	1.000000	0.614955	-3.342735	0.037715	-7.108809	-0.161077	False	d2_d0002_p0203_t0000
d2_d0002_p0204_t0000.png	0.983862	23.995806	0.695470	0.999837	25.708197	0.460114	38126	13	131	321	96	2.170397	10.076923	1385	1503	6504.459521	4.205129	0.000000	-0.003415	0.039094	22419.950724	0.695470	0.695470	13	131	-118	321	96	2.170397	10.076923	13	131	1385	1503	968	4.327651	4.205129	6504.459521	0.000000	262908	6.895767	9.442375	600x600	360000	dense	Learned	3743	13	47	37923	28.513803	0.679832	24.972526	0.987277	0.656376	0.292892	563	701	0.000000	35	37230	29.539339	0.767749	0.991627	26.646933	0.238075	0.644762	1419	25.383576	0.425127	0.961822	20.295805	0.963011	0.639085	-0.976721	0.706945	-2.805606	-0.219718	False	d2_d0002_p0204_t0000
d2_d0002_p0206_t0000.png	0.987927	24.365026	0.718626	1.000000	26.382161	0.553128	40132	8	153	348	74	2.189542	19.125000	1530	1675	7331.228207	3.741800	0.000000	-0.004169	0.023583	21890.520334	0.718626	0.718626	8	153	-145	348	74	2.189542	19.125000	8	157	1530	1675	1108	4.376853	3.741800	7331.228207	0.000000	263519	6.566306	8.970398	600x600	360000	dense	Learned	4075	8	57	39856	30.131033	0.733302	26.101813	0.992096	0.695043	0.482017	256	663	0.000000	48	39966	31.651806	0.809296	0.995796	29.020994	0.439804	0.692862	1404	26.020804	0.519471	0.971422	20.335538	0.971779	0.665427	-1.736788	0.517983	-3.748871	-0.180173	False	d2_d0002_p0206_t0000
d2_d0002_p0207_t0000.png	0.987266	23.796833	0.783969	0.998258	25.927366	0.535611	45607	22	165	354	86	2.174390	7.500000	1640	1783	7957.581454	3.793242	0.000000	-0.004555	0.042034	20579.584360	0.783969	0.783969	22	165	-143	354	86	2.174390	7.500000	22	171	1640	1783	1200	4.463029	3.793242	7957.581454	0.000000	267577	5.867016	7.893525	600x600	360000	dense	Learned	4567	22	57	44628	29.454965	0.733499	25.612618	0.991821	0.741935	0.402847	335	494	0.000000	44	42724	30.951458	0.812430	0.995582	28.396212	0.364319	0.738723	1069	23.519331	0.454212	0.957209	17.934753	0.932794	0.676487	-1.815785	0.595411	-3.527599	-0.197888	False	d2_d0002_p0207_t0000
d2_d0002_p0208_t0000.png	0.986643	23.024877	0.834416	0.999999	24.050413	0.510806	54613	12	227	495	86	2.210372	18.916667	2044	2259	9762.558293	3.586794	0.000000	-0.006077	0.065476	21560.081959	0.834416	0.834416	12	227	-215	495	86	2.210372	18.916667	12	232	2044	2259	1463	4.321628	3.586794	9762.558293	0.000000	274759	5.031018	6.591837	600x600	360000	dense	Learned	5290	12	60	53810	28.841679	0.747851	25.485881	0.992721	0.768940	0.869351	105	958	0.000000	47	54126	31.060577	0.852054	0.996461	28.732085	0.850920	0.768886	1014	21.805306	0.405739	0.952222	16.889522	0.997215	0.704660	-2.461004	0.130649	-4.791266	-0.237045	False	d2_d0002_p0208_t0000
d2_d0002_p0209_t0000.png	0.986172	23.700160	0.443211	0.992204	23.890882	0.363102	38711	24	115	271	100	2.132847	4.791667	1370	1461	6663.425033	3.765004	0.000000	-0.001275	0.060205	21020.647287	0.443211	0.443211	24	115	-91	271	100	2.132847	4.791667	24	115	1370	1461	999	4.560866	3.765004	6663.425033	0.000000	279789	7.227636	9.299682	600x600	360000	dense	Learned	4043	24	39	38235	26.607019	0.638145	24.124674	0.987447	0.383007	0.208768	2320	1912	0.000000	25	37750	27.321283	0.737421	0.990379	25.008047	0.200652	0.381719	1447	24.392066	0.330815	0.971087	20.934844	0.911992	0.403076	-0.424514	0.783436	-2.716137	-0.275042	False	d2_d0002_p0209_t0000
d2_d0002_p0210_t0000.png	0.983958	21.635208	0.756831	1.000000	22.792064	0.320919	48947	7	180	398	69	2.208058	25.714286	1663	1836	8044.378352	3.985436	0.000000	-0.001713	0.027347	20521.382093	0.756831	0.756831	7	180	-173	398	69	2.208058	25.714286	7	186	1663	1836	1196	4.381470	3.985436	8044.378352	0.000000	256125	5.232701	7.354894	600x600	360000	dense	Learned	4792	7	38	48060	25.025550	0.650436	22.082097	0.985671	0.729484	0.674514	279	1925	0.000000	21	48536	26.643354	0.769169	0.992936	24.884788	0.491964	0.716130	1032	21.508490	0.246466	0.946809	16.852695	0.999537	0.709910	-0.446889	0.325486	-2.233487	-0.329518	False	d2_d0002_p0210_t0000
d2_d0002_p0211_t0000.png	0.980812	22.164640	0.736499	0.999999	23.559566	0.365083	52829	11	204	446	76	2.207862	18.545455	1857	2050	8990.017095	4.025686	0.000000	-0.005178	0.018716	22117.542744	0.736499	0.736499	11	204	-193	446	76	2.207862	18.545455	11	208	1857	2050	1335	4.385374	4.025686	8990.017095	0.000000	271963	5.147987	6.814439	600x600	360000	dense	Learned	5141	11	46	52588	26.172135	0.684128	23.434523	0.985990	0.717782	0.769367	231	2163	0.000000	28	52748	27.875447	0.806359	0.992159	25.739381	0.641059	0.711686	1078	22.017702	0.284689	0.941200	17.501264	0.997187	0.700895	-1.269883	0.230633	-2.612569	-0.319046	False	d2_d0002_p0211_t0000
d2_d0002_p0212_t0000.png	0.982120	25.166703	0.465963	0.996944	25.027318	0.503889	49505	28	173	427	165	2.149331	6.178571	1942	2087	9223.183618	3.855605	0.000000	-0.006551	0.016906	23868.659973	0.465963	0.465963	28	173	-145	427	165	2.149331	6.178571	28	177	1942	2087	1350	4.419350	3.855605	9223.183618	0.000000	266786	5.389072	7.271993	600x600	360000	dense	Learned	5168	28	61	48508	29.548889	0.753507	27.075157	0.988671	0.449057	0.341973	1114	2214	0.000000	51	49278	31.485663	0.849471	0.993859	29.669306	0.287251	0.443046	1093	25.369161	0.459938	0.960686	21.539082	0.995145	0.431457	-1.908454	0.654971	-4.521570	-0.249618	False	d2_d0002_p0212_t0000
d2_d0002_p0216_t0000.png	0.989301	22.994083	0.618571	1.000000	25.147823	0.354639	24802	3	73	207	78	2.147992	24.333333	946	1016	4468.375034	3.797607	0.000000	0.001545	0.011418	19372.644186	0.618571	0.618571	3	73	-70	207	78	2.147992	24.333333	3	78	946	1016	661	4.398007	3.797607	4468.375034	0.000000	263900	10.640271	14.514958	600x600	360000	sparse	Learned	2255	3	27	23899	26.587183	0.548671	22.482362	0.987756	0.607153	0.482257	174	373	0.000000	16	23944	27.074876	0.611837	0.990966	23.487100	0.445827	0.594774	2534	25.465242	0.347072	0.979983	20.742980	0.776870	0.606067	0.511722	0.517743	-1.439359	-0.194031	False	d2_d0002_p0216_t0000
d2_d0002_p0217_t0000.png	0.980265	24.661648	0.585161	0.999990	24.607183	0.481834	60703	18	175	489	195	2.127642	9.722222	2460	2617	11953.426617	3.684183	0.000000	-0.008392	0.044128	20646.192312	0.585161	0.585161	18	175	-157	489	195	2.127642	9.722222	18	180	2460	2617	1776	4.567607	3.684183	11953.426617	0.000000	275368	4.536316	5.930514	600x600	360000	dense	Learned	6382	18	64	59223	28.974277	0.766355	26.864855	0.988657	0.541033	0.260313	1833	2597	0.000000	51	60628	31.349615	0.880957	0.993772	29.503652	0.234355	0.535057	717	23.340277	0.376865	0.946431	19.682150	0.987490	0.483986	-2.203206	0.739678	-4.367095	-0.284521	False	d2_d0002_p0217_t0000
d2_d0002_p0235_t0000.png	0.981660	23.899439	0.355022	0.997755	24.463800	0.383226	39178	20	118	298	111	2.136300	5.900000	1438	1536	6948.081887	3.961019	0.000000	-0.002479	-0.014988	23492.043495	0.355022	0.355022	20	118	-98	298	111	2.136300	5.900000	20	122	1438	1536	1029	4.523491	3.961019	6948.081887	0.000000	275681	7.036628	9.188830	600x600	360000	dense	Learned	4018	20	42	38885	27.072568	0.647778	24.497221	0.984139	0.370010	0.256702	1921	2689	0.000000	28	38752	27.899726	0.750428	0.988657	25.693790	0.233738	0.364250	1429	24.829002	0.353561	0.962707	21.235862	0.948676	0.349806	-0.597782	0.741053	-2.608768	-0.264552	False	d2_d0002_p0235_t0000
d2_d0002_p0238_t0000.png	0.985823	21.435382	0.604326	1.000000	21.765769	0.213705	31460	5	92	240	74	2.160517	18.400000	1084	1171	5333.097905	4.086521	0.000000	0.006494	-0.000614	19438.841581	0.604326	0.604326	5	92	-87	240	74	2.160517	18.400000	5	93	1084	1171	770	4.554311	4.086521	5333.097905	0.000000	261525	8.312937	11.443102	600x600	360000	sparse	Learned	2738	5	21	30801	22.675149	0.514309	19.785300	0.979329	0.604940	0.466562	252	774	0.000000	7	29470	23.528496	0.591087	0.991341	23.193629	0.175191	0.567518	1803	21.288018	0.177777	0.961963	17.594181	0.946983	0.623787	1.650082	0.533438	-0.909380	-0.300604	False	d2_d0002_p0238_t0000
d2_d0002_p0239_t0000.png	0.973322	22.195260	0.677594	1.000000	22.652355	0.372520	66112	7	216	513	112	2.175115	30.857143	2387	2596	12024.079287	3.898365	0.000000	-0.010412	0.042057	21974.386454	0.677594	0.677594	7	216	-209	513	112	2.175115	30.857143	7	221	2387	2596	1762	4.631772	3.898365	12024.079287	0.000000	271948	4.113444	5.445305	600x600	360000	dense	Learned	6488	7	54	65946	26.066690	0.735888	24.206792	0.983733	0.635537	0.511768	988	5518	0.000000	33	65696	28.714022	0.870098	0.992429	27.449425	0.378591	0.628708	732	21.176753	0.239595	0.919724	17.611006	1.000000	0.623924	-2.011532	0.488232	-3.414335	-0.363368	False	d2_d0002_p0239_t0000
d2_d0002_p0241_t0000.png	0.980941	21.511531	0.750402	0.999976	22.238277	0.321901	52395	14	162	400	130	2.168182	11.571429	1760	1908	8468.399780	4.029914	0.000000	-0.002875	0.043904	22640.084982	0.750402	0.750402	14	162	-148	400	130	2.168182	11.571429	14	173	1760	1908	1230	4.438365	4.029914	8468.399780	0.000000	271157	5.175246	6.870885	600x600	360000	dense	Learned	4838	14	40	52025	24.814889	0.665964	22.182492	0.983816	0.706498	0.560396	436	2190	0.000000	22	52028	26.698138	0.786811	0.992432	25.402779	0.380188	0.698543	1095	21.099142	0.235604	0.937561	16.854983	0.996757	0.685554	-0.670961	0.439580	-2.576612	-0.344063	False	d2_d0002_p0241_t0000
d2_d0002_p0244_t0000.png	0.980716	21.682597	0.714927	0.999968	22.953724	0.313509	47079	13	169	372	80	2.191411	13.000000	1630	1786	7698.811901	4.049563	0.000000	-0.001752	0.017559	22113.107204	0.714927	0.714927	13	169	-156	372	80	2.191411	13.000000	13	174	1630	1786	1178	4.310645	4.049563	7698.811901	0.000000	262080	5.566813	7.646721	600x600	360000	dense	Learned	4418	13	37	45833	24.909821	0.636714	21.998927	0.982468	0.697368	0.507850	477	2087	0.000000	20	46974	26.489116	0.758450	0.991102	24.815034	0.328004	0.680074	1093	21.950091	0.241678	0.942207	17.550017	0.949386	0.697671	-0.316329	0.492118	-1.956097	-0.323205	False	d2_d0002_p0244_t0000
d2_d0002_p0246_t0000.png	0.981660	23.899439	0.355022	0.997755	24.463800	0.383226	39178	20	118	298	111	2.136300	5.900000	1438	1536	6948.081887	3.961019	0.000000	-0.002479	-0.014988	23696.488857	0.355022	0.355022	20	118	-98	298	111	2.136300	5.900000	20	122	1438	1536	1029	4.523491	3.961019	6948.081887	0.000000	275681	7.036628	9.188830	600x600	360000	dense	Learned	4018	20	42	38885	27.072568	0.647778	24.497221	0.984139	0.370010	0.256702	1921	2689	0.000000	28	38752	27.899726	0.750428	0.988657	25.693790	0.233738	0.364250	1429	24.829002	0.353561	0.962707	21.235862	0.948676	0.349806	-0.597782	0.741053	-2.608768	-0.264552	False	d2_d0002_p0246_t0000
d2_d0002_p0247_t0000.png	0.983644	21.994628	0.693111	0.998230	23.623934	0.314756	38252	19	136	313	91	2.164211	7.157895	1425	1542	6848.631093	3.963068	0.000000	0.000810	0.015696	20431.193352	0.693111	0.693111	19	136	-117	313	91	2.164211	7.157895	19	138	1425	1542	1021	4.441395	3.963068	6848.631093	0.000000	250416	6.546481	9.411273	600x600	360000	sparse	Learned	3250	19	32	37378	25.088281	0.595552	21.790226	0.982834	0.677415	0.519752	281	998	0.000000	16	36856	26.078835	0.677180	0.990386	23.976981	0.445084	0.660584	1417	22.759616	0.263657	0.955193	18.069280	0.866011	0.671553	0.204402	0.478478	-1.464347	-0.280796	False	d2_d0002_p0247_t0000
d2_d0002_p0248_t0000.png	0.981908	21.836308	0.665055	0.999502	22.644688	0.311336	47682	18	146	341	97	2.155152	8.111111	1650	1778	7843.689101	3.998063	0.000000	-0.001302	0.023164	22421.803236	0.665055	0.665055	18	146	-128	341	97	2.155152	8.111111	18	150	1650	1778	1212	4.411524	3.998063	7843.689101	0.000000	268364	5.628204	7.550019	600x600	360000	dense	Learned	4448	18	37	46796	24.857292	0.639930	22.118207	0.983210	0.641891	0.435161	535	1702	0.000000	19	46538	26.400872	0.752265	0.991790	25.067320	0.336268	0.632307	1096	21.562283	0.238750	0.945092	17.226379	0.861931	0.630889	-0.281899	0.564341	-2.212604	-0.328594	False	d2_d0002_p0248_t0000
d2_d0002_p0249_t0000.png	0.981562	22.441401	0.651711	0.999820	23.275925	0.372561	47094	16	130	334	122	2.140915	8.125000	1618	1732	7815.314426	3.959708	0.000000	-0.003444	0.055868	21808.219194	0.651711	0.651711	16	130	-114	334	122	2.140915	8.125000	16	131	1618	1732	1162	4.512306	3.959708	7815.314426	0.000000	267058	5.670744	7.644286	600x600	360000	dense	Learned	4463	16	43	46851	26.194319	0.664758	23.275195	0.985006	0.595844	0.324971	937	1837	0.000000	26	46710	27.556873	0.782212	0.990441	25.229027	0.299134	0.588742	1074	22.683648	0.305718	0.949449	18.252020	0.903856	0.574204	-0.833794	0.674849	-2.918394	-0.292197	False	d2_d0002_p0249_t0000
d2_d0002_p0251_t0000.png	0.985931	23.714289	0.649440	0.999995	25.186540	0.415763	36184	9	112	275	88	2.158584	12.444444	1299	1402	6262.611757	4.000989	0.000000	-0.001856	0.049619	22862.796307	0.649440	0.649440	9	112	-103	275	88	2.158584	12.444444	9	111	1299	1402	936	4.466913	4.000989	6262.611757	0.000000	274573	7.588243	9.949149	600x600	360000	dense	Learned	3714	9	41	35869	27.597113	0.645444	24.290581	0.987787	0.599821	0.358169	519	880	0.000000	29	35584	28.467111	0.742241	0.991401	25.592213	0.305452	0.593267	1451	25.231351	0.385059	0.969141	20.695284	0.988824	0.598068	-0.576292	0.641827	-2.410573	-0.229681	False	d2_d0002_p0251_t0000
d2_d0002_p0253_t0000.png	0.978310	23.213936	0.691142	0.999994	24.213209	0.441891	56613	15	202	493	139	2.172112	13.466667	2173	2360	10412.160456	3.948445	0.000000	-0.008123	0.051648	22427.089214	0.691142	0.691142	15	202	-187	493	139	2.172112	13.466667	15	208	2173	2360	1541	4.411932	3.948445	10412.160456	0.000000	279415	4.935527	6.358963	600x600	360000	dense	Learned	5617	15	56	55670	27.618935	0.726416	25.073985	0.986434	0.639493	0.425518	987	3275	0.000000	38	54534	29.308016	0.841487	0.991354	27.030803	0.381318	0.632400	1091	22.986475	0.351311	0.939917	18.898428	0.992023	0.610144	-1.860049	0.574477	-3.405727	-0.284526	False	d2_d0002_p0253_t0000
d2_d0002_p0257_t0000.png	0.984736	23.590903	0.604711	0.999318	25.286549	0.448548	41878	18	156	361	108	2.174684	8.666667	1580	1718	7554.890112	3.769696	0.000000	-0.003702	0.017842	20300.687551	0.604711	0.604711	18	156	-138	361	108	2.174684	8.666667	18	169	1580	1718	1111	4.397491	3.769696	7554.890112	0.000000	272466	6.506185	8.596399	600x600	360000	dense	Learned	4205	18	48	41185	28.074234	0.682440	24.686859	0.988438	0.586869	0.426674	600	1623	0.000000	34	40926	29.323652	0.786782	0.992566	26.522594	0.353108	0.577695	1402	24.938772	0.405817	0.963873	20.128129	0.945766	0.569420	-1.095956	0.572645	-2.787685	-0.233892	False	d2_d0002_p0257_t0000
d2_d0002_p0258_t0000.png	0.973162	21.944459	0.670721	0.999995	21.876910	0.283902	52653	12	143	335	82	2.153846	11.916667	1703	1834	8308.441410	4.293341	0.000000	-0.001604	0.040214	22769.866467	0.670721	0.670721	12	143	-131	335	82	2.153846	11.916667	12	148	1703	1834	1286	4.530230	4.293341	8308.441410	0.000000	278119	5.282111	6.837217	600x600	360000	dense	Learned	4870	12	36	52363	23.918416	0.659524	22.146563	0.974767	0.630507	0.207831	2003	2517	0.000000	18	50838	25.731511	0.788954	0.988786	25.465651	0.131882	0.593723	1057	20.956572	0.195374	0.923482	18.025194	0.967864	0.643534	-0.202104	0.792164	-2.041505	-0.375622	False	d2_d0002_p0258_t0000
d2_d0002_p0259_t0000.png	0.987784	22.347138	0.278692	0.998236	22.253803	0.247023	29485	13	78	215	95	2.129870	6.000000	1001	1066	4665.357790	3.923228	0.000000	0.003186	-0.011137	20518.476963	0.278692	0.278692	13	78	-65	215	95	2.129870	6.000000	13	78	1001	1066	691	4.376508	3.923228	4665.357790	0.000000	272158	9.230388	12.209598	600x600	360000	dense	Learned	2969	13	23	28341	24.051245	0.528036	21.507053	0.984598	0.289829	0.302425	1097	1639	0.000000	10	29194	24.729415	0.605230	0.989831	22.866280	0.319228	0.285464	2127	22.732353	0.233371	0.972636	19.701706	0.878195	0.294550	0.840085	0.695810	-1.797442	-0.281012	False	d2_d0002_p0259_t0000
d2_d0002_p0260_t0000.png	0.981456	23.967376	0.334509	0.978611	23.048807	0.373217	50629	41	169	386	139	2.133821	4.121951	1913	2041	9027.835421	3.820987	0.000000	-0.004294	-0.033034	21598.397255	0.334509	0.334509	41	169	-128	386	139	2.133821	4.121951	41	176	1913	2041	1388	4.423241	3.820987	9027.835421	0.000000	284651	5.622292	7.110549	600x600	360000	dense	Learned	5015	41	48	50286	26.726966	0.697163	24.991847	0.985750	0.367543	0.300517	2219	3764	0.000000	31	48990	28.126430	0.811475	0.990735	26.652609	0.304836	0.361525	1070	23.296338	0.312699	0.957185	20.421637	0.989726	0.360264	-1.024472	0.678094	-3.678159	-0.323946	False	d2_d0002_p0260_t0000
d2_d0002_p0261_t0000.png	0.975900	22.400983	0.707380	0.999997	23.111582	0.424245	63477	16	242	546	113	2.189757	15.125000	2382	2608	11595.170558	3.961417	0.000000	-0.010280	0.050742	21167.827129	0.707380	0.707380	16	242	-226	546	113	2.189757	15.125000	16	250	2382	2608	1723	4.446001	3.961417	11595.170558	0.000000	279061	4.396254	5.671346	600x600	360000	dense	Learned	6382	16	56	63447	26.823257	0.742406	24.574551	0.986180	0.656638	0.479099	966	3966	0.000000	38	63358	29.281670	0.873719	0.992661	27.374961	0.416165	0.652336	710	21.069872	0.284784	0.923116	17.323444	0.999991	0.588255	-2.173568	0.520899	-3.711675	-0.318161	False	d2_d0002_p0261_t0000
d2_d0002_p0262_t0000.png	0.974408	21.974076	0.486017	0.998546	21.321446	0.294492	58787	27	164	466	218	2.126793	6.074074	2161	2298	10100.082246	3.980299	0.000000	-0.004628	0.034161	27437.666416	0.486017	0.486017	27	164	-137	466	218	2.126793	6.074074	27	172	2161	2298	1477	4.395162	3.980299	10100.082246	0.000000	277436	4.719343	6.123803	600x600	360000	dense	Learned	5478	27	41	58174	24.342129	0.692133	22.664372	0.979036	0.451856	0.302875	2680	6384	0.000000	22	58164	26.627494	0.828631	0.990374	26.017464	0.253277	0.439201	1071	21.094758	0.201285	0.930233	18.501560	0.993842	0.445411	-0.690296	0.695671	-3.020684	-0.397641	False	d2_d0002_p0262_t0000
d2_d0002_p0263_t0000.png	0.973985	22.206358	0.629146	0.999401	22.508713	0.307445	52629	21	165	422	149	2.153110	7.857143	1881	2025	8885.289173	4.281212	0.000000	-0.004317	0.051441	28896.086454	0.629146	0.629146	21	165	-144	422	149	2.153110	7.857143	21	167	1881	2025	1310	4.387797	4.281212	8885.289173	0.000000	272437	5.176557	6.840335	600x600	360000	dense	Learned	4877	21	41	52490	25.005898	0.669593	22.885538	0.978302	0.577705	0.255308	1791	3078	0.000000	22	51518	26.674944	0.787514	0.988567	25.547260	0.199330	0.561981	1094	21.902424	0.223145	0.928900	18.554691	0.932365	0.578411	-0.679180	0.744093	-2.497185	-0.362148	False	d2_d0002_p0263_t0000
d2_d0002_p0264_t0000.png	0.976362	21.871224	0.591227	0.999562	22.086164	0.300867	51195	19	132	368	163	2.124449	6.947368	1816	1929	8374.051583	4.151767	0.000000	-0.001764	0.035882	24655.089378	0.591227	0.591227	19	132	-113	368	163	2.124449	6.947368	19	138	1816	1929	1285	4.341136	4.151767	8374.051583	0.000000	271782	5.308761	7.031937	600x600	360000	dense	Learned	4714	19	37	49806	24.408017	0.652662	22.131768	0.978126	0.555345	0.296791	1509	3172	0.000000	20	50616	26.266358	0.781042	0.989562	25.191297	0.209576	0.537337	1073	21.444333	0.214113	0.931511	18.005152	0.979785	0.563472	-0.260544	0.702771	-2.321853	-0.351795	False	d2_d0002_p0264_t0000
d2_d0002_p0265_t0000.png	0.979081	22.731450	0.748035	1.000000	23.683065	0.443800	55821	9	211	479	105	2.194699	23.444444	2075	2277	9995.719764	4.049155	0.000000	-0.008128	0.038875	27257.791996	0.748035	0.748035	9	211	-202	479	105	2.194699	23.444444	9	216	2075	2277	1491	4.389864	4.049155	9995.719764	0.000000	271045	4.855610	6.449186	600x600	360000	dense	Learned	5516	9	55	54818	27.546908	0.723586	24.650529	0.987209	0.709160	0.547371	481	1952	0.000000	37	53816	29.291265	0.838084	0.992263	26.861026	0.503154	0.706775	1072	22.552295	0.353867	0.939490	18.183212	0.997618	0.664861	-1.919079	0.452629	-3.863843	-0.279786	False	d2_d0002_p0265_t0000
d2_d0002_p0266_t0000.png	0.978390	22.439924	0.710427	1.000000	23.410008	0.414134	56950	11	196	472	132	2.178313	17.818182	2075	2260	9748.842564	4.067668	0.000000	-0.007858	0.023737	32529.423714	0.710427	0.710427	11	196	-185	472	132	2.178313	17.818182	11	206	2075	2260	1471	4.313647	4.067668	9748.842564	0.000000	275928	4.845092	6.321335	600x600	360000	dense	Learned	5484	11	53	56752	26.899051	0.714975	24.215037	0.986249	0.686689	0.660973	358	2117	0.000000	34	55726	28.719610	0.837481	0.991628	26.350355	0.588188	0.681118	1010	21.888849	0.311784	0.933734	17.669508	0.995753	0.649729	-1.775113	0.339027	-3.489044	-0.300841	False	d2_d0002_p0266_t0000
d2_d0002_p0267_t0000.png	0.976281	23.783428	0.696112	1.000000	24.756492	0.484916	53739	8	197	467	116	2.182785	24.625000	2068	2257	9950.903530	4.149274	0.000000	-0.010008	0.045792	27560.773611	0.696112	0.696112	8	197	-189	467	116	2.182785	24.625000	8	203	2068	2257	1485	4.408907	4.149274	9950.903530	0.000000	273785	5.094717	6.699045	600x600	360000	dense	Learned	5369	8	60	53205	28.718151	0.741151	25.914978	0.986289	0.650320	0.523709	591	2511	0.000000	45	52382	30.711741	0.845581	0.992502	28.553596	0.432610	0.645646	1059	23.923000	0.404210	0.940299	19.708186	0.996555	0.632349	-2.131551	0.476291	-3.961660	-0.256235	False	d2_d0002_p0267_t0000
d2_d0002_p0268_t0000.png	0.979930	23.491761	0.751994	0.999998	25.001893	0.507504	50364	12	196	433	85	2.199674	16.333333	1843	2027	9002.911540	4.115407	0.000000	-0.007939	0.032734	28918.189049	0.751994	0.751994	12	196	-184	433	85	2.199674	16.333333	12	196	1843	2027	1325	4.441496	4.115407	9002.911540	0.000000	273673	5.433901	7.147963	600x600	360000	dense	Learned	4958	12	58	49569	28.918437	0.734084	25.536807	0.987869	0.719260	0.617867	272	1119	0.000000	44	48512	30.731858	0.830797	0.993453	28.312034	0.544556	0.715533	1064	23.553431	0.423731	0.943213	18.784359	0.988384	0.674949	-2.045046	0.382131	-3.916544	-0.226580	False	d2_d0002_p0268_t0000
d2_d0002_p0269_t0000.png	0.974010	22.194958	0.772496	1.000000	23.230519	0.424404	66840	6	249	550	86	2.200661	41.500000	2422	2665	11990.363559	4.037992	0.000000	-0.011650	0.028577	30511.029005	0.772496	0.772496	6	249	-243	550	86	2.200661	41.500000	6	260	2422	2665	1786	4.499198	4.037992	11990.363559	0.000000	253936	3.799162	5.385996	600x600	360000	dense	Learned	6448	6	57	65864	26.794244	0.747816	24.610192	0.985660	0.743919	0.704362	435	3554	0.000000	38	66258	29.430517	0.877247	0.993054	27.758315	0.597653	0.747578	721	20.516535	0.276332	0.909784	16.652037	1.000000	0.695127	-2.415234	0.295638	-3.563724	-0.323412	False	d2_d0002_p0269_t0000
d2_d0002_p0270_t0000.png	0.981374	22.538949	0.751194	1.000000	23.942368	0.418304	54123	10	192	434	90	2.185430	19.200000	1963	2145	9518.681092	3.874639	0.000000	-0.006643	0.019625	28715.927362	0.751194	0.751194	10	192	-182	434	90	2.185430	19.200000	10	201	1963	2145	1439	4.437614	3.874639	9518.681092	0.000000	272236	5.029950	6.651516	600x600	360000	dense	Learned	5325	10	53	53806	27.191825	0.706812	24.303295	0.988017	0.731569	0.602717	380	1999	0.000000	34	54054	28.952827	0.831414	0.992358	26.324611	0.572207	0.725962	1071	22.571705	0.331547	0.944077	17.972356	0.998377	0.700542	-1.764346	0.397283	-3.249457	-0.288508	False	d2_d0002_p0270_t0000
d2_d0002_p0271_t0000.png	0.985642	24.293423	0.778149	0.999997	26.426258	0.599506	45313	11	170	390	95	2.183074	15.454545	1737	1896	8126.673950	3.864220	0.000000	-0.006460	0.024926	25829.568148	0.778149	0.778149	11	170	-159	390	95	2.183074	15.454545	11	181	1737	1896	1252	4.286220	3.864220	8126.673950	0.000000	262795	5.799550	7.944740	600x600	360000	dense	Learned	4597	11	63	44609	30.691862	0.768376	26.616927	0.992101	0.753223	0.661751	151	496	0.000000	59	44794	32.707578	0.842391	0.996478	30.215128	0.621964	0.750939	1066	24.900997	0.532624	0.960067	19.357262	0.972050	0.707295	-2.323504	0.338246	-4.265603	-0.168870	False	d2_d0002_p0271_t0000
d2_d0002_p0272_t0000.png	0.979052	21.866803	0.823297	1.000000	22.976180	0.401375	64337	7	278	583	70	2.235755	39.714286	2299	2570	11169.680226	3.925781	0.000000	-0.008679	0.036410	28335.489988	0.823297	0.823297	7	278	-271	583	70	2.235755	39.714286	7	283	2299	2570	1646	4.346179	3.925781	11169.680226	0.000000	274993	4.274259	5.595536	600x600	360000	dense	Learned	6120	7	54	64006	26.376836	0.737071	23.989276	0.987730	0.786887	0.691063	353	2601	0.000000	35	64268	29.006958	0.866387	0.994391	27.430057	0.577725	0.787342	729	20.060102	0.262534	0.921012	15.876868	1.000000	0.701091	-2.122473	0.308937	-3.400655	-0.335696	False	d2_d0002_p0272_t0000
d2_d0002_p0273_t0000.png	0.984585	22.301397	0.452510	0.999995	22.830504	0.292058	37614	9	121	315	110	2.165436	13.444444	1354	1466	6256.949853	4.165595	0.000000	0.001211	0.004294	28378.690720	0.452510	0.452510	9	121	-112	315	110	2.165436	13.444444	9	126	1354	1466	929	4.268042	4.165595	6256.949853	0.000000	250560	6.661349	9.570904	600x600	360000	dense	Learned	3636	9	31	37059	24.799036	0.592767	22.048219	0.983374	0.448216	0.289533	1451	2249	0.000000	16	36868	25.680257	0.693855	0.989330	23.656673	0.253140	0.443875	1449	22.851070	0.252720	0.961465	19.186330	0.985524	0.456039	0.253178	0.710461	-1.968532	-0.300709	False	d2_d0002_p0273_t0000
d2_d0002_p0274_t0000.png	0.981306	23.167607	0.369594	0.999875	22.786509	0.325295	48813	17	163	389	114	2.163585	9.588235	1785	1931	8671.399780	3.771829	0.000000	-0.002983	-0.022537	25926.268578	0.369594	0.369594	17	163	-146	389	114	2.163585	9.588235	17	165	1785	1931	1282	4.490627	3.771829	8671.399780	0.000000	288004	5.900150	7.375085	600x600	360000	dense	Learned	4968	17	42	48564	25.673043	0.665224	23.801004	0.984289	0.392131	0.266208	2317	3620	0.000000	24	47828	27.030201	0.784759	0.990308	25.688110	0.246932	0.390015	1088	22.681034	0.268823	0.956018	19.566799	0.990884	0.364011	-0.633397	0.733667	-2.886533	-0.339929	False	d2_d0002_p0274_t0000
d2_d0002_p0275_t0000.png	0.976661	22.721280	0.621338	0.999998	23.506606	0.350745	49074	11	157	415	150	2.159737	14.272727	1828	1974	8444.620126	4.075907	0.000000	-0.005290	0.055385	30668.017626	0.621338	0.621338	11	157	-146	415	150	2.159737	14.272727	11	169	1828	1974	1263	4.277923	4.075907	8444.620126	0.000000	273623	5.575722	7.335860	600x600	360000	dense	Learned	4757	11	45	48613	26.247107	0.667831	23.689291	0.981952	0.565953	0.373224	1108	3104	0.000000	27	48930	27.641585	0.789295	0.988007	25.438957	0.314186	0.555569	1064	23.039723	0.283904	0.942671	19.197257	0.993010	0.548198	-0.968011	0.626774	-2.740501	-0.317086	False	d2_d0002_p0275_t0000
d2_d0002_p0276_t0000.png	0.984965	22.103664	0.692415	0.999999	23.851743	0.292336	31022	7	111	254	63	2.186213	15.857143	1117	1221	5382.708078	4.288807	0.000000	0.003199	0.004794	30078.651905	0.692415	0.692415	7	111	-104	254	63	2.186213	15.857143	7	115	1117	1221	800	4.408442	4.288807	5382.708078	0.000000	265699	8.564857	11.604668	600x600	360000	sparse	Learned	2638	7	27	30629	25.033526	0.555346	21.438312	0.981766	0.687622	0.497186	215	597	0.000000	13	30794	25.773025	0.616061	0.989271	23.335993	0.373458	0.660129	1794	23.432500	0.261788	0.962458	18.907719	0.898124	0.703755	0.665352	0.502813	-1.181783	-0.263010	False	d2_d0002_p0276_t0000
d2_d0002_p0277_t0000.png	0.986931	22.191634	0.715276	0.999786	24.132283	0.311886	30711	11	106	241	63	2.171790	9.636364	1106	1201	5251.595380	3.919863	0.000000	0.002086	0.012910	28993.199110	0.715276	0.715276	11	106	-95	241	63	2.171790	9.636364	11	115	1106	1201	802	4.372686	3.919863	5251.595380	0.000000	262886	8.559995	11.722184	600x600	360000	sparse	Learned	2656	11	28	30588	25.415346	0.565459	21.605593	0.984845	0.702366	0.671557	112	526	0.000000	14	29728	26.070117	0.626134	0.990523	23.212294	0.580602	0.681059	1804	23.748608	0.284470	0.968123	18.889015	0.998259	0.716381	0.586041	0.328229	-1.283063	-0.253573	False	d2_d0002_p0277_t0000
d2_d0002_p0278_t0000.png	0.975399	23.792588	0.433412	0.999925	23.485310	0.350396	50255	17	142	372	139	2.132696	8.352941	1884	2009	9138.904397	3.924597	0.000000	-0.005883	0.037678	29865.520716	0.433412	0.433412	17	142	-125	372	139	2.132696	8.352941	17	145	1884	2009	1373	4.548982	3.924597	9138.904397	0.000000	282676	5.624833	7.163466	600x600	360000	dense	Learned	5203	17	48	49909	26.646157	0.683213	24.812033	0.981282	0.395733	0.218440	2921	3501	0.000000	31	50194	28.220934	0.810645	0.988476	26.731786	0.200420	0.387319	1036	23.760181	0.295917	0.948548	20.977530	0.953935	0.381278	-1.019445	0.781485	-3.160846	-0.332817	False	d2_d0002_p0278_t0000
d2_d0002_p0279_t0000.png	0.988780	22.279720	0.701155	0.998314	24.576310	0.302787	24785	11	71	167	58	2.142012	6.454545	845	905	3979.355698	4.089559	0.000000	0.003241	0.006254	29564.023733	0.701155	0.701155	11	71	-60	167	58	2.142012	6.454545	11	76	845	905	620	4.397078	4.089559	3979.355698	0.000000	260817	10.523179	14.524914	600x600	360000	sparse	Learned	2142	11	24	24668	25.435009	0.525361	21.239942	0.985539	0.694900	0.766640	58	283	0.000000	12	24632	25.949054	0.569262	0.990814	22.678880	0.659229	0.677208	2498	24.307439	0.290415	0.976351	19.493214	0.979657	0.698605	1.039778	0.231674	-0.858699	-0.222573	False	d2_d0002_p0279_t0000
d2_d0002_p0281_t0000.png	0.973396	22.931507	0.630274	0.999991	23.740375	0.356280	49594	13	141	391	151	2.141358	10.846154	1811	1939	8586.453603	4.244519	0.000000	-0.005708	0.051208	31511.189222	0.630274	0.630274	13	141	-128	391	151	2.141358	10.846154	13	147	1811	1939	1269	4.428290	4.244519	8586.453603	0.000000	275251	5.550087	7.258943	600x600	360000	dense	Learned	4845	13	45	48382	26.260760	0.667894	23.808193	0.979104	0.579066	0.362128	1204	3319	0.000000	28	48754	27.715297	0.792218	0.986789	25.648625	0.291392	0.565209	1057	23.274495	0.283530	0.936720	19.687153	0.999232	0.575762	-0.876686	0.637863	-2.520386	-0.311613	False	d2_d0002_p0281_t0000
d2_d0002_p0282_t0000.png	0.981743	22.255292	0.748698	0.999774	23.746711	0.354034	45814	16	155	357	92	2.174953	9.687500	1589	1728	7711.676908	4.257311	0.000000	-0.003030	0.049137	27256.904125	0.748698	0.748698	16	155	-139	357	92	2.174953	9.687500	16	158	1589	1728	1140	4.462776	4.257311	7711.676908	0.000000	261727	5.712817	7.857860	600x600	360000	dense	Learned	4398	16	41	45648	25.968453	0.652891	22.910133	0.984772	0.699561	0.449238	592	1947	0.000000	23	44176	27.140151	0.759839	0.989907	24.574338	0.379480	0.686269	1067	22.743044	0.284523	0.946750	18.190434	0.986157	0.686337	-0.654841	0.550536	-2.221742	-0.298857	False	d2_d0002_p0282_t0000
d2_d0002_p0283_t0000.png	0.979032	22.225456	0.715807	1.000000	22.805505	0.339773	51837	9	158	428	151	2.159358	17.555556	1870	2019	8925.029289	4.077963	0.000000	-0.004198	0.089576	31738.086462	0.715807	0.715807	9	158	-149	428	151	2.159358	17.555556	9	168	1870	2019	1291	4.420520	4.077963	8925.029289	0.000000	273120	5.268823	6.944846	600x600	360000	dense	Learned	4925	9	43	51176	25.549997	0.672768	23.069205	0.983230	0.626232	0.278612	1727	3191	0.000000	26	51574	27.254104	0.803696	0.990057	25.365383	0.226457	0.607761	1093	22.226865	0.261017	0.942008	18.422785	0.998820	0.621959	-0.843748	0.721388	-2.744492	-0.332994	False	d2_d0002_p0283_t0000
d2_d0002_p0284_t0000.png	0.974542	21.980518	0.701223	1.000000	22.158511	0.362686	67443	10	231	553	144	2.179092	23.100000	2468	2689	11907.966589	3.995665	0.000000	-0.009468	0.049589	30981.679678	0.701223	0.701223	10	231	-221	553	144	2.179092	23.100000	10	238	2468	2689	1771	4.428400	3.995665	11907.966589	0.000000	275272	4.081550	5.337841	600x600	360000	dense	Learned	6462	10	52	66666	25.665791	0.737584	23.819142	0.984010	0.651635	0.397525	1246	4406	0.000000	32	66864	28.521299	0.871234	0.993201	27.569044	0.310279	0.650430	718	20.432019	0.227329	0.916587	16.901082	0.999672	0.625750	-1.838624	0.602475	-3.507281	-0.374898	False	d2_d0002_p0284_t0000
d2_d0002_p0286_t0000.png	0.991357	22.129343	0.552534	0.999309	23.471798	0.242994	20000	8	52	156	72	2.119891	6.500000	734	778	3314.265294	3.822190	0.000000	0.003654	0.020192	26407.735825	0.552534	0.552534	8	52	-44	156	72	2.119891	6.500000	8	54	734	778	506	4.259981	3.822190	3314.265294	0.000000	262179	13.108950	18.000000	600x600	360000	sparse	Learned	1766	8	18	19653	24.302127	0.454941	20.587137	0.987703	0.532341	0.263084	231	198	0.000000	7	19426	24.687489	0.479553	0.992199	22.164163	0.242548	0.514601	3138	23.687611	0.244254	0.985277	20.206815	0.839386	0.532108	1.542206	0.736225	-0.830329	-0.211947	False	d2_d0002_p0286_t0000
d2_d0002_p0287_t0000.png	0.966146	22.440223	0.708481	1.000000	22.170897	0.426386	83261	14	301	728	185	2.180674	21.500000	3177	3464	15439.138521	4.014564	0.000000	-0.018396	0.077773	30706.196547	0.708481	0.708481	14	301	-287	728	185	2.180674	21.500000	14	309	3177	3464	2264	4.457026	4.014564	15439.138521	0.000000	283505	3.405016	4.323753	600x600	360000	dense	Learned	8151	14	63	81951	26.938089	0.803417	25.583903	0.984542	0.630708	0.362611	2130	6769	0.000000	48	83176	30.843010	0.925721	0.994179	29.941799	0.328954	0.631043	729	20.055911	0.243497	0.893545	17.281654	0.999973	0.579063	-3.143680	0.637389	-4.767191	-0.377031	False	d2_d0002_p0287_t0000
d2_d0002_p0289_t0000.png	0.975729	22.616105	0.646111	0.999788	23.377400	0.373095	53681	19	178	425	123	2.165971	9.368421	1916	2075	9349.668032	4.160517	0.000000	-0.006407	0.041543	33547.489882	0.646111	0.646111	19	178	-159	425	123	2.165971	9.368421	19	185	1916	2075	1368	4.505864	4.160517	9349.668032	0.000000	276794	5.156275	6.706283	600x600	360000	dense	Learned	5052	19	47	52903	26.206308	0.690162	23.771297	0.982136	0.604568	0.366517	1196	3205	0.000000	29	52706	27.874256	0.814915	0.989669	26.063052	0.298268	0.593875	1090	22.438968	0.288864	0.933854	18.608871	0.992025	0.590994	-1.155192	0.633272	-2.828908	-0.317067	False	d2_d0002_p0289_t0000
d2_d0002_p0290_t0000.png	0.973429	22.532846	0.712590	0.999980	23.095367	0.397710	62775	18	213	510	138	2.168831	11.833333	2310	2505	11122.118826	4.073669	0.000000	-0.010572	0.062059	34635.471344	0.712590	0.712590	18	213	-195	510	138	2.168831	11.833333	18	224	2310	2505	1662	4.439968	4.073669	11122.118826	0.000000	278898	4.442820	5.734767	600x600	360000	dense	Learned	6063	18	55	62722	26.627098	0.733728	24.492009	0.984000	0.650532	0.390424	1278	4058	0.000000	35	62474	28.963346	0.862039	0.991742	27.372241	0.343295	0.644347	734	21.267705	0.270122	0.917760	17.567916	0.999596	0.599137	-1.959163	0.609556	-3.531731	-0.336019	False	d2_d0002_p0290_t0000
d2_d0002_p0292_t0000.png	0.990924	22.817001	0.741892	0.999972	25.926493	0.408840	23895	7	88	211	53	2.180804	12.571429	896	977	4255.624817	4.023964	0.000000	0.000972	0.029476	25625.543594	0.741892	0.741892	7	88	-81	211	53	2.180804	12.571429	7	91	896	977	632	4.355808	4.023964	4255.624817	0.000000	256457	10.732664	15.065913	600x600	360000	sparse	Learned	1998	7	29	23304	27.391126	0.575112	22.451835	0.989951	0.712415	0.671239	66	153	0.000000	21	23738	28.044216	0.639838	0.993416	24.131223	0.622791	0.705897	2513	26.120915	0.400657	0.981866	20.388486	0.896244	0.710430	0.365166	0.328733	-1.464633	-0.166271	False	d2_d0002_p0292_t0000
d2_d0002_p0293_t0000.png	0.994766	20.526013	0.037753	0.999994	17.099808	0.080036	18024	4	45	137	59	2.141136	11.250000	581	622	2674.172798	3.939184	0.000000	0.015650	-0.029693	22558.960915	0.037753	0.037753	4	45	-41	137	59	2.141136	11.250000	4	45	581	622	385	4.299313	3.939184	2674.172798	0.000000	227987	12.649079	19.973369	600x600	360000	sparse	Learned	1509	4	8	17884	17.701313	0.347160	17.297770	0.979116	0.067446	0.222066	4623	1556	0.000000									3135	17.202201	0.113251	0.974030	16.810917	0.072252	0.067727	3.228243	0.777928	-0.601505	-0.267125	False	d2_d0002_p0293_t0000
d2_d0002_p0298_t0000.png	0.984712	22.732168	0.721385	0.999981	24.383834	0.411266	41626	11	136	323	90	2.173370	12.363636	1442	1567	6890.432175	3.984082	0.000000	-0.003057	0.041674	27286.693811	0.721385	0.721385	11	136	-125	323	90	2.173370	12.363636	11	139	1442	1567	1029	4.397213	3.984082	6890.432175	0.000000	272900	6.555999	8.648441	600x600	360000	dense	Learned	3968	11	44	41517	27.267297	0.660602	23.626063	0.987769	0.679710	0.536455	296	956	0.000000	29	40768	28.424617	0.766409	0.991858	25.387646	0.505577	0.673624	1381	24.185979	0.364702	0.960920	19.149182	0.996813	0.664201	-0.893895	0.463526	-2.883463	-0.249336	False	d2_d0002_p0298_t0000
d2_d0002_p0299_t0000.png	0.982923	24.782336	0.525462	0.999610	26.224633	0.552437	42617	17	136	341	122	2.151015	8.000000	1576	1695	7635.907355	3.917521	0.000000	-0.006244	-0.010146	26152.514219	0.525462	0.525462	17	136	-119	341	122	2.151015	8.000000	17	140	1576	1695	1113	4.504960	3.917521	7635.907355	0.000000	262890	6.168665	8.447333	600x600	360000	dense	Learned	4461	17	60	42316	30.083561	0.746129	26.572622	0.989167	0.535608	0.443258	704	1987	0.000000	52	42364	31.977650	0.826766	0.994812	29.674350	0.403145	0.530197	1443	26.687601	0.517128	0.965740	22.047817	0.994432	0.523276	-1.790286	0.556352	-3.858927	-0.193693	False	d2_d0002_p0299_t0000
d2_d0002_p0300_t0000.png	0.972922	25.159740	0.517408	1.000000	24.760306	0.529941	61509	14	205	508	145	2.154343	14.642857	2475	2666	12088.710888	3.828367	0.000000	-0.012910	0.023986	26593.055010	0.517408	0.517408	14	205	-191	508	145	2.154343	14.642857	14	210	2475	2666	1822	4.534400	3.828367	12088.710888	0.000000	269546	4.382220	5.852802	600x600	360000	dense	Learned	6428	14	68	60241	29.952683	0.789320	27.879807	0.985832	0.493422	0.293519	1708	3342	0.000000	59	59824	32.271467	0.884867	0.992383	30.534999	0.286261	0.492592	716	23.991726	0.425368	0.934631	20.580958	0.990294	0.435624	-2.720067	0.706481	-5.192377	-0.259379	False	d2_d0002_p0300_t0000
d2_d0002_p0301_t0000.png	0.980118	22.212167	0.810883	0.999996	23.836763	0.405340	51454	12	197	451	101	2.194839	16.416667	1899	2084	8723.156272	4.037148	0.000000	-0.006372	0.085531	25781.766653	0.810883	0.810883	12	197	-185	451	101	2.194839	16.416667	12	214	1899	2084	1347	4.185776	4.037148	8723.156272	0.000000	272092	5.288063	6.996541	600x600	360000	dense	Learned	4940	12	49	51448	26.727482	0.691541	23.652181	0.986490	0.725351	0.394383	809	1993	0.000000	31	51002	28.262766	0.816357	0.991338	25.572277	0.373545	0.717370	1072	22.858331	0.328786	0.945140	18.347298	0.999916	0.682023	-1.440014	0.605613	-2.890719	-0.286201	False	d2_d0002_p0301_t0000
d2_d0002_p0302_t0000.png	0.985699	22.993535	0.415599	0.998525	23.246644	0.316768	37789	17	111	284	108	2.137931	6.529412	1363	1457	6371.069694	3.884299	0.000000	-0.000187	0.010390	25840.445042	0.415599	0.415599	17	111	-94	284	108	2.137931	6.529412	17	117	1363	1457	971	4.372731	3.884299	6371.069694	0.000000	282352	7.471804	9.526582	600x600	360000	dense	Learned	3709	17	34	37645	25.568246	0.609304	23.046561	0.985885	0.405209	0.326104	1169	2064	0.000000	19	36990	26.302154	0.707041	0.989601	24.107874	0.281928	0.399530	1407	23.506134	0.279332	0.967504	20.026735	0.969479	0.393196	-0.053026	0.672421	-2.321602	-0.292537	False	d2_d0002_p0302_t0000
d2_d0002_p0303_t0000.png	0.984798	22.233851	0.751203	0.998892	23.878366	0.340323	39719	16	133	306	84	2.178218	8.312500	1313	1430	6211.913273	4.122332	0.000000	-0.000965	0.029056	27817.298651	0.751203	0.751203	16	133	-117	306	84	2.178218	8.312500	16	142	1313	1430	923	4.343995	4.122332	6211.913273	0.000000	249374	6.278456	9.063672	600x600	360000	dense	Learned	3679	16	36	39354	25.935338	0.622502	22.466273	0.985763	0.722147	0.492869	296	914	0.000000	20	38468	26.875996	0.709064	0.990719	24.183696	0.421551	0.707738	1453	23.156751	0.295208	0.956924	18.215308	0.863630	0.712349	-0.232421	0.506022	-2.056973	-0.282179	False	d2_d0002_p0303_t0000
d2_d0002_p0304_t0000.png	0.976597	22.553779	0.742424	0.999999	23.146876	0.422823	63806	14	255	565	110	2.204151	18.214286	2361	2602	11419.757570	3.979435	0.000000	-0.009661	0.060086	27252.617836	0.742424	0.742424	14	255	-241	565	110	2.204151	18.214286	14	262	2361	2602	1686	4.388838	3.979435	11419.757570	0.000000	280725	4.399665	5.642103	600x600	360000	dense	Learned	6068	14	56	62579	26.941319	0.741309	24.621938	0.986258	0.682337	0.430416	955	3218	0.000000	38	62356	29.300603	0.867583	0.992658	27.429558	0.382856	0.677463	717	20.670684	0.285805	0.922671	16.928582	0.999329	0.602648	-2.068159	0.569584	-3.794443	-0.318486	False	d2_d0002_p0304_t0000
d2_d0002_p0305_t0000.png	0.969557	22.756277	0.618816	1.000000	22.741542	0.422148	73663	8	251	609	144	2.177049	31.375000	2745	2988	13432.342489	4.012389	0.000000	-0.015597	0.027740	27167.882442	0.618816	0.618816	8	251	-243	609	144	2.177049	31.375000	8	262	2745	2988	1992	4.495429	4.012389	13432.342489	0.000000	281076	3.815701	4.887121	600x600	360000	dense	Learned	7225	8	62	73501	27.221149	0.779822	25.557039	0.985154	0.591076	0.469734	1348	5993	0.000000	44	73492	30.403067	0.904623	0.993376	29.090988	0.414903	0.589311	701	21.042083	0.265875	0.909662	17.967620	0.999998	0.542276	-2.800762	0.530266	-4.479606	-0.357674	False	d2_d0002_p0305_t0000
d2_d0002_p0306_t0000.png	0.980598	22.422200	0.770513	0.999998	23.817011	0.453864	54610	12	196	425	78	2.192067	16.333333	1916	2100	9115.742059	4.121582	0.000000	-0.007482	0.018653	27097.079039	0.770513	0.770513	12	196	-184	425	78	2.192067	16.333333	12	208	1916	2100	1413	4.340830	4.121582	9115.742059	0.000000	271376	4.969346	6.592199	600x600	360000	dense	Learned	5134	12	54	54415	27.455667	0.721123	24.325983	0.988080	0.751860	0.659945	296	1553	0.000000	37	54594	29.398172	0.840639	0.993459	26.939954	0.616138	0.749222	1084	21.905345	0.356775	0.935332	17.309304	0.998955	0.705379	-1.903783	0.340053	-3.638657	-0.267259	False	d2_d0002_p0306_t0000
d2_d0002_p0307_t0000.png	0.974514	23.111963	0.604880	0.999996	23.562676	0.416281	59685	15	222	530	146	2.183105	14.800000	2261	2468	10600.626402	3.951304	0.000000	-0.009579	0.031651	26190.096617	0.604880	0.604880	15	222	-207	530	146	2.183105	14.800000	15	236	2261	2468	1585	4.295229	3.951304	10600.626402	0.000000	282552	4.734054	6.031666	600x600	360000	dense	Learned	5833	15	56	58550	27.320770	0.731031	25.026614	0.984093	0.573229	0.357338	1170	2934	0.000000	38	58382	29.346092	0.853377	0.991127	27.504004	0.318703	0.568312	1069	22.476564	0.324170	0.930864	18.748676	0.993433	0.541201	-1.914651	0.642657	-3.758093	-0.314750	False	d2_d0002_p0307_t0000
d2_d0002_p0308_t0000.png	0.984756	23.511523	0.817359	1.000000	25.243804	0.508341	48534	8	204	444	71	2.210413	25.500000	1863	2059	9001.509519	3.704476	0.000000	-0.006156	0.043325	24998.101234	0.817359	0.817359	8	204	-196	444	71	2.210413	25.500000	8	217	1863	2059	1348	4.371787	3.704476	9001.509519	0.000000	270903	5.581716	7.417481	600x600	360000	dense	Learned	5028	8	58	48318	29.043572	0.731846	25.505502	0.990913	0.774034	0.927461	99	1351	0.000000	44	48138	30.781835	0.831665	0.995029	28.156581	0.825785	0.770210	1083	23.803744	0.430338	0.954178	18.633266	0.999690	0.730451	-1.993979	0.072539	-3.799768	-0.223505	False	d2_d0002_p0308_t0000
d2_d0002_p0309_t0000.png	0.985147	22.379297	0.816110	0.999998	24.434485	0.439020	45281	10	162	349	65	2.194373	16.200000	1564	1716	7452.664715	3.991886	0.000000	-0.004143	0.053392	25174.370289	0.816110	0.816110	10	162	-152	349	65	2.194373	16.200000	10	173	1564	1716	1150	4.343045	3.991886	7452.664715	0.000000	265176	5.856231	7.950354	600x600	360000	dense	Learned	4250	10	47	45165	27.438783	0.686799	23.692409	0.989290	0.762717	0.765941	133	800	0.000000	31	44316	28.768438	0.789153	0.993556	25.814599	0.624477	0.759695	1088	22.481547	0.365329	0.949164	17.086330	0.967451	0.716262	-1.313112	0.234057	-3.004298	-0.247779	False	d2_d0002_p0309_t0000
d2_d0002_p0310_t0000.png	0.973115	21.040072	0.655098	1.000000	19.995146	0.312631	76762	9	211	543	159	2.152510	23.444444	2649	2851	13125.478349	3.769619	0.000000	-0.007476	0.108859	27184.425116	0.655098	0.655098	9	211	-202	543	159	2.152510	23.444444	9	216	2649	2851	1947	4.603816	3.769619	13125.478349	0.000000	271105	3.531761	4.689820	600x600	360000	dense	Learned	7044	9	44	75819	23.448181	0.761831	22.309538	0.980591	0.546239	0.215799	4557	8501	0.000000	23	74148	27.019320	0.893621	0.993635	27.200858	0.155067	0.534684	729	18.657722	0.143448	0.904733	15.961646	1.000000	0.551596	-1.269466	0.784201	-3.453035	-0.449200	False	d2_d0002_p0310_t0000
d2_d0002_p0311_t0000.png	0.978206	21.161825	0.662569	1.000000	21.093111	0.282991	58883	10	175	418	113	2.167173	17.500000	1974	2139	9582.416157	3.870107	0.000000	-0.001815	0.047929	27916.684389	0.662569	0.662569	10	175	-165	418	113	2.167173	17.500000	10	179	1974	2139	1443	4.479858	3.870107	9582.416157	0.000000	266195	4.520745	6.113819	600x600	360000	dense	Learned	5416	10	37	58226	23.399779	0.682090	21.464127	0.980021	0.614640	0.295486	1618	4173	0.000000	18	58748	25.954761	0.829887	0.992995	25.984935	0.143348	0.590674	1081	19.849223	0.175830	0.925503	16.287312	0.984620	0.630956	-0.302302	0.704514	-2.306668	-0.399098	False	d2_d0002_p0311_t0000
d2_d0002_p0312_t0000.png	0.978164	21.696068	0.638798	0.999998	21.937176	0.294753	53544	12	152	383	116	2.151926	12.666667	1843	1983	8960.006994	3.963765	0.000000	-0.002341	0.033676	28109.385014	0.638798	0.638798	12	152	-140	383	116	2.151926	12.666667	12	155	1843	1983	1344	4.518410	3.963765	8960.006994	0.000000	250262	4.673950	6.723442	600x600	360000	dense	Learned	5074	12	38	53202	24.298005	0.665717	22.111749	0.980505	0.605122	0.480179	803	3959	0.000000	20	53336	26.340019	0.795933	0.991819	25.768057	0.212942	0.587596	1088	20.882237	0.199516	0.931008	17.121335	0.982888	0.617752	-0.415681	0.519818	-2.360828	-0.370964	False	d2_d0002_p0312_t0000
d2_d0002_p0313_t0000.png	0.973810	22.604916	0.727638	1.000000	23.212786	0.407433	65039	11	255	582	120	2.198535	23.181818	2458	2702	11841.850932	4.069583	0.000000	-0.011260	0.050966	29287.480831	0.727638	0.727638	11	255	-244	582	120	2.198535	23.181818	11	263	2458	2702	1756	4.382624	4.069583	11841.850932	0.000000	277047	4.259706	5.535140	600x600	360000	dense	Learned	6271	11	57	63981	26.960058	0.741057	24.822356	0.985070	0.676672	0.506871	796	3743	0.000000	39	64734	29.493702	0.873562	0.992510	27.870802	0.409695	0.675397	723	21.154211	0.275297	0.919894	17.465199	0.997101	0.633124	-2.217439	0.493129	-3.747271	-0.333623	False	d2_d0002_p0313_t0000
d2_d0002_p0314_t0000.png	0.979589	22.426300	0.616819	0.997366	22.218372	0.322890	48680	27	156	394	144	2.135079	5.777778	1910	2039	9166.835421	3.986796	0.000000	-0.001846	0.081506	25236.385822	0.616819	0.616819	27	156	-129	394	144	2.135079	5.777778	27	159	1910	2039	1372	4.495751	3.986796	9166.835421	0.000000	282627	5.805813	7.395234	600x600	360000	sparse	Learned	3880	27	38	48348	24.945075	0.655209	22.779530	0.981435	0.535313	0.331068	1496	3271	0.000000	20	47304	26.285585	0.766631	0.989369	24.961785	0.287933	0.521394	1095	21.610789	0.245155	0.943210	18.218992	0.940851	0.495580	-0.353229	0.666298	-2.726703	-0.332320	False	d2_d0002_p0314_t0000
d2_d0002_p0315_t0000.png	0.978886	23.080552	0.720488	0.999861	23.810556	0.402075	48411	19	204	477	126	2.181818	10.736842	2035	2220	9728.075103	3.909085	0.000000	-0.005117	0.097500	27091.829062	0.720488	0.720488	19	204	-185	477	126	2.181818	10.736842	19	208	2035	2220	1432	4.382016	3.909085	9728.075103	0.000000	263705	5.447212	7.436326	600x600	360000	sparse	Learned	4073	19	47	48294	26.829615	0.688029	24.139032	0.984003	0.622988	0.261357	1612	2393	0.000000	30	48016	28.157729	0.799605	0.989472	25.885141	0.236193	0.612209	1082	22.956773	0.326496	0.945003	18.961689	0.921405	0.598375	-1.058480	0.738504	-3.019059	-0.285953	False	d2_d0002_p0315_t0000
d2_d0002_p0316_t0000.png	0.977765	23.158745	0.778383	0.999867	23.751552	0.443186	59382	21	216	475	106	2.176630	10.285714	2208	2403	10778.800067	3.887242	0.000000	-0.009157	0.080594	26723.165274	0.778383	0.778383	21	216	-195	475	106	2.176630	10.285714	21	221	2208	2403	1627	4.485560	3.887242	10778.800067	0.000000	271880	4.578492	6.062443	600x600	360000	dense	Learned	5855	21	58	58715	27.753214	0.737514	25.253900	0.986922	0.697789	0.544959	600	2866	0.000000	41	59230	29.840048	0.858886	0.992506	27.740598	0.415740	0.692270	1096	22.687910	0.345628	0.936556	18.693732	0.982847	0.657337	-2.095155	0.454909	-4.001662	-0.294327	False	d2_d0002_p0316_t0000
d2_d0002_p0317_t0000.png	0.985603	21.516780	0.725863	0.999472	22.741899	0.303875	43482	16	142	322	82	2.175732	8.875000	1434	1560	6879.601656	3.940837	0.000000	-0.000037	0.026393	26073.371410	0.725863	0.725863	16	142	-126	322	82	2.175732	8.875000	16	146	1434	1560	1030	4.410001	3.940837	6879.601656	0.000000	266400	6.126673	8.279288	600x600	360000	dense	Learned	4120	16	34	42559	24.758940	0.619704	21.432952	0.985641	0.699471	0.665839	243	1526	0.000000	17	42512	26.139325	0.721288	0.992811	24.307406	0.493162	0.688992	1446	22.084480	0.250226	0.955426	17.267636	0.907962	0.701906	0.083828	0.333633	-2.017041	-0.315830	False	d2_d0002_p0317_t0000
d2_d0002_p0318_t0000.png	0.979899	24.363053	0.728233	0.999990	26.021153	0.571799	47896	13	179	415	110	2.184035	13.769231	1804	1970	8545.210963	4.116481	0.000000	-0.009146	0.025025	28904.065609	0.728233	0.728233	13	179	-166	415	110	2.184035	13.769231	13	191	1804	1970	1279	4.337671	4.116481	8545.210963	0.000000	267204	5.578837	7.516285	600x600	360000	dense	Learned	4814	13	63	47557	30.287584	0.766288	26.696752	0.989045	0.703208	0.493259	410	1269	0.000000	57	47730	32.393281	0.847823	0.994939	30.153572	0.432539	0.698569	1084	24.677384	0.500916	0.947176	19.714333	0.992020	0.645949	-2.333699	0.506731	-4.266431	-0.194489	False	d2_d0002_p0318_t0000
d2_d0002_p0319_t0000.png	0.977474	22.683144	0.694833	1.000000	23.128416	0.442744	64194	10	209	524	147	2.165214	20.900000	2409	2608	11789.660023	3.754610	0.000000	-0.010064	0.037619	26868.891478	0.694833	0.694833	10	209	-199	524	147	2.165214	20.900000	10	217	2409	2608	1738	4.520575	3.754610	11789.660023	0.000000	274493	4.275992	5.608001	600x600	360000	dense	Learned	6370	10	58	63285	27.312442	0.746558	24.991329	0.987538	0.657214	0.900938	278	4731	0.000000	40	63772	29.723264	0.874406	0.993068	27.661113	0.772000	0.655845	733	21.206584	0.298951	0.924823	17.338135	1.000000	0.608017	-2.308185	0.099062	-4.184026	-0.303814	False	d2_d0002_p0319_t0000
d2_d0002_p0320_t0000.png	0.980504	24.482670	0.784341	0.999884	25.355500	0.591226	60555	22	250	539	115	2.190556	11.363636	2393	2621	11425.309735	3.801251	0.000000	-0.010639	0.054366	25726.856232	0.784341	0.784341	22	250	-228	539	115	2.190556	11.363636	22	265	2393	2621	1739	4.359141	3.801251	11425.309735	0.000000	268798	4.438907	5.945009	600x600	360000	dense	Learned	6172	22	69	58870	30.530813	0.803207	27.610747	0.991143	0.729975	0.494051	485	1470	0.000000	64	60258	33.075209	0.891866	0.995827	30.936220	0.417379	0.724509	735	21.990764	0.437800	0.932952	17.776045	0.998127	0.625642	-3.128078	0.505833	-5.175314	-0.211981	False	d2_d0002_p0320_t0000
d2_d0002_p0321_t0000.png	0.978385	24.737273	0.738307	0.999999	25.153504	0.579822	62823	15	249	555	119	2.186380	16.600000	2511	2745	12132.838739	3.745252	0.000000	-0.012330	0.043445	26775.995731	0.738307	0.738307	15	249	-234	555	119	2.186380	16.600000	15	261	2511	2745	1837	4.419978	3.745252	12132.838739	0.000000	267685	4.260939	5.730385	600x600	360000	dense	Learned	6519	15	71	62451	30.749685	0.809044	28.166114	0.990715	0.694862	0.400671	730	1789	0.000000	64	60314	33.035017	0.891581	0.995102	31.023000	0.376219	0.691343	730	22.670760	0.441543	0.931519	18.612829	0.978629	0.589588	-3.428842	0.599328	-5.596181	-0.229222	False	d2_d0002_p0321_t0000
d2_d0002_p0322_t0000.png	0.989546	23.033903	0.848415	0.999993	24.168935	0.560745	56134	15	229	484	69	2.202460	15.266667	2114	2328	10264.822361	3.441859	0.000000	-0.005566	0.060993	21233.270645	0.848415	0.848415	15	229	-214	484	69	2.202460	15.266667	15	236	2114	2328	1561	4.409288	3.441859	10264.822361	0.000000	260064	4.632914	6.413225	600x600	360000	dense	Learned	5494	15	64	55798	29.624267	0.774415	26.101513	0.995112	0.787422	0.885839	67	402	0.000000	54	56060	31.956179	0.869429	0.997778	29.611191	0.868394	0.787059	1067	21.759734	0.448258	0.958689	16.640065	0.991664	0.701682	-3.067610	0.114153	-5.455332	-0.213670	False	d2_d0002_p0322_t0000
d2_d0002_p0323_t0000.png	0.986613	23.659851	0.784388	1.000000	24.562373	0.532697	54849	11	184	423	94	2.169774	16.727273	2038	2211	10050.320702	3.504401	0.000000	-0.006330	0.045963	25314.654350	0.784388	0.784388	11	184	-173	423	94	2.169774	16.727273	11	192	2038	2211	1521	4.545600	3.504401	10050.320702	0.000000	268031	4.886707	6.563474	600x600	360000	dense	Learned	5631	11	63	54579	29.449123	0.763510	26.246499	0.992943	0.738424	0.765444	163	1022	0.000000	51	54766	31.615956	0.862687	0.996391	29.309856	0.706991	0.738265	1013	22.581051	0.436818	0.956802	17.765168	0.997825	0.675784	-2.586649	0.234556	-4.886751	-0.230813	False	d2_d0002_p0323_t0000
d2_d0002_p0324_t0000.png	0.986213	22.787045	0.664603	0.999880	23.207385	0.395904	45729	15	105	310	138	2.111732	7.000000	1611	1701	7902.889245	3.730609	0.000000	-0.002488	0.066525	23153.593302	0.664603	0.664603	15	105	-90	310	138	2.111732	7.000000	15	103	1611	1701	1163	4.646025	3.730609	7902.889245	0.000000	272671	5.962759	7.872466	600x600	360000	dense	Learned	4228	15	43	44727	26.592129	0.668886	23.554151	0.988701	0.598077	0.500825	523	1904	0.000000	26	43682	27.602340	0.773169	0.991521	24.826473	0.450652	0.591116	1081	22.722690	0.327837	0.959464	18.170645	0.988438	0.557692	-0.767106	0.499055	-3.384744	-0.272982	False	d2_d0002_p0324_t0000
d2_d0002_p0325_t0000.png	0.983532	24.060465	0.543326	0.999186	23.968755	0.464769	53116	24	137	367	158	2.112831	5.708333	2003	2116	9752.205046	3.618821	0.000000	-0.006036	0.012827	23783.684254	0.543326	0.543326	24	137	-113	367	158	2.112831	5.708333	24	142	2003	2116	1478	4.608793	3.618821	9752.205046	0.000000	277744	5.229008	6.777619	600x600	360000	dense	Learned	5356	24	58	52700	28.370420	0.734370	25.904498	0.989568	0.530499	0.389955	983	2469	0.000000	42	52744	30.061364	0.846361	0.993457	27.862362	0.339768	0.523048	1048	23.856194	0.391542	0.958418	19.952446	0.993351	0.493477	-1.844032	0.609231	-4.401665	-0.269602	False	d2_d0002_p0325_t0000
d2_d0002_p0326_t0000.png	0.987521	21.918140	0.756033	0.999754	23.626831	0.282785	28632	10	90	220	65	2.163099	9.000000	981	1061	4739.068468	4.507819	0.000000	0.003979	0.013506	27039.693356	0.756033	0.756033	10	90	-80	220	65	2.163099	9.000000	10	93	981	1061	696	4.466606	4.507819	4739.068468	0.000000	267586	9.345697	12.573345	600x600	360000	sparse	Learned	2343	10	24	28151	24.641884	0.534348	20.908942	0.983542	0.742527	0.614791	126	372	0.000000	10	26692	25.158793	0.572004	0.989906	22.481817	0.494072	0.723950	2137	23.227612	0.258630	0.967776	18.612245	0.782478	0.744962	1.009198	0.384963	-1.015052	-0.251563	False	d2_d0002_p0326_t0000
d2_d0002_p0327_t0000.png	0.980861	23.719352	0.675954	0.998796	24.719867	0.471475	53469	25	176	440	156	2.149431	7.040000	2021	2172	9548.681092	3.778592	0.000000	-0.007208	0.045264	24700.209856	0.675954	0.675954	25	176	-151	440	156	2.149431	7.040000	25	182	2021	2172	1425	4.396262	3.778592	9548.681092	0.000000	275940	5.160747	6.732873	600x600	360000	dense	Learned	5236	25	58	52778	28.438125	0.731529	25.656719	0.988069	0.630690	0.337209	988	2163	0.000000	42	52424	30.194848	0.841192	0.993082	27.927965	0.302638	0.624576	1079	23.211623	0.386355	0.945797	18.777314	0.953112	0.590767	-1.937366	0.661587	-3.718258	-0.260054	False	d2_d0002_p0327_t0000
d2_d0002_p0328_t0000.png	0.974892	22.319621	0.710772	0.999999	22.651762	0.369139	64664	14	217	539	166	2.169732	15.500000	2392	2595	11359.100715	3.992684	0.000000	-0.008821	0.066691	26021.546364	0.710772	0.710772	14	217	-203	539	166	2.169732	15.500000	14	225	2392	2595	1687	4.377303	3.992684	11359.100715	0.000000	278423	4.305688	5.567240	600x600	360000	dense	Learned	6051	14	52	64657	25.898532	0.732903	24.010584	0.983713	0.644081	0.280174	2049	4029	0.000000	31	63758	28.307772	0.861324	0.991924	27.052837	0.231118	0.634611	705	20.448819	0.226992	0.913525	16.725286	0.999042	0.597987	-1.690964	0.719825	-3.246769	-0.363764	False	d2_d0002_p0328_t0000
d2_d0002_p0329_t0000.png	0.975598	23.248702	0.664705	1.000000	23.769164	0.408524	60280	7	235	543	118	2.194125	33.571429	2349	2577	11326.888378	3.930078	0.000000	-0.009017	0.042379	24203.116655	0.664705	0.664705	7	235	-228	543	118	2.194125	33.571429	7	239	2349	2577	1688	4.395378	3.930078	11326.888378	0.000000	282684	4.689516	5.972130	600x600	360000	dense	Learned	6044	7	56	59268	27.165762	0.727831	25.088925	0.984615	0.622326	0.342587	1363	3463	0.000000	38	59456	29.350077	0.856196	0.991565	27.626658	0.286773	0.612657	706	21.990811	0.285497	0.927338	18.193251	1.000000	0.585734	-1.840223	0.657413	-3.396598	-0.319307	False	d2_d0002_p0329_t0000
d2_d0002_p0332_t0000.png	0.978598	23.075197	0.646342	1.000000	23.461819	0.339908	48750	6	154	383	106	2.168182	25.666667	1760	1908	8537.147038	4.067827	0.000000	-0.004017	0.089810	25602.243662	0.646342	0.646342	6	154	-148	383	106	2.168182	25.666667	6	160	1760	1908	1271	4.474396	4.067827	8537.147038	0.000000	269884	5.536082	7.384615	600x600	360000	dense	Learned	4793	6	43	47753	25.995470	0.663335	23.827809	0.982615	0.556532	0.208647	2331	2747	0.000000	26	47206	27.319596	0.781376	0.989251	25.714520	0.176007	0.537313	1070	23.013161	0.269101	0.946366	19.497799	0.999980	0.553116	-0.752612	0.791353	-2.533652	-0.323427	False	d2_d0002_p0332_t0000
d2_d0002_p0333_t0000.png	0.980389	22.154173	0.758518	0.999999	22.986759	0.350263	53355	12	178	436	126	2.173731	14.833333	1911	2077	9235.627268	3.949233	0.000000	-0.004430	0.056605	27591.698885	0.758518	0.758518	12	178	-166	436	126	2.173731	14.833333	12	186	1911	2077	1349	4.446619	3.949233	9235.627268	0.000000	271212	5.083160	6.747259	600x600	360000	dense	Learned	5151	12	44	53081	25.618010	0.683957	23.097496	0.984819	0.701913	0.380952	1030	3052	0.000000	26	52488	27.302709	0.807917	0.991013	25.353233	0.300245	0.688112	1092	21.863899	0.265966	0.940055	17.775173	0.992672	0.691856	-0.943323	0.619046	-2.631252	-0.333694	False	d2_d0002_p0333_t0000
d2_d0002_p0334_t0000.png	0.972516	23.835689	0.656277	1.000000	24.937313	0.448014	54437	4	223	522	109	2.203060	55.750000	2157	2376	10222.437585	4.140509	0.000000	-0.010773	0.033656	26033.157349	0.656277	0.656277	4	223	-219	522	109	2.203060	55.750000	4	229	2157	2376	1526	4.302373	4.140509	10222.437585	0.000000	274330	5.039403	6.613149	600x600	360000	dense	Learned	5510	4	58	54018	28.177926	0.723693	25.726590	0.983289	0.622621	0.460992	871	3280	0.000000	41	53706	29.918517	0.844182	0.988731	27.503237	0.412475	0.615120	1095	24.159152	0.361773	0.932548	20.278088	0.999922	0.619950	-1.890901	0.539008	-3.240613	-0.275679	False	d2_d0002_p0334_t0000
d2_d0002_p0335_t0000.png	0.976870	23.578150	0.870763	0.999998	24.786583	0.534058	57500	13	226	486	81	2.203244	17.384615	2096	2309	9945.187802	4.143908	0.000000	-0.010917	0.043586	28862.218142	0.870763	0.870763	13	226	-213	486	81	2.203244	17.384615	13	244	2096	2309	1529	4.307141	4.143908	9945.187802	0.000000	274992	4.782470	6.260870	600x600	360000	dense	Learned	5413	13	62	56116	29.083558	0.762440	26.070441	0.987786	0.827177	0.795089	139	720	0.000000	49	56454	31.317965	0.865565	0.993974	29.176681	0.727237	0.823259	1094	22.252160	0.424234	0.930307	17.919294	0.984667	0.753892	-2.492290	0.204909	-4.296975	-0.228382	False	d2_d0002_p0335_t0000
d2_d0002_p0336_t0000.png	0.977781	24.864528	0.802338	1.000000	25.156522	0.622362	71556	12	285	644	136	2.189715	23.750000	2878	3151	13683.325246	3.766656	0.000000	-0.014202	0.031797	26960.980177	0.802338	0.802338	12	285	-273	644	136	2.189715	23.750000	12	307	2878	3151	2098	4.342534	3.766656	13683.325246	0.000000	268578	3.753396	5.031025	600x600	360000	dense	Learned	7269	12	75	71213	31.392424	0.840377	29.065191	0.991982	0.770540	0.633052	284	1067	0.000000	75	70706	34.268779	0.923843	0.996108	32.311173	0.572705	0.771739	707	20.813021	0.435328	0.916669	17.264320	0.999787	0.646307	-4.200663	0.366948	-6.235902	-0.218015	False	d2_d0002_p0336_t0000
d2_d0002_p0337_t0000.png	0.992116	23.424002	0.726179	0.997363	27.006769	0.469344	21589	10	57	136	48	2.133523	5.700000	704	751	3349.240908	3.993580	0.000000	0.000348	0.023736	23813.708305	0.726179	0.726179	10	57	-47	136	48	2.133523	5.700000	10	63	704	751	520	4.459708	3.993580	3349.240908	0.000000	264532	12.253092	16.675159	600x600	360000	sparse	Learned	1817	10	31	21570	28.640073	0.607963	23.370561	0.991768	0.702443	0.399647	84	35	0.000000	26	20928	29.261176	0.653029	0.994799	25.314141	0.292634	0.700979	2842	27.397690	0.468007	0.985337	21.249900	0.767975	0.695522	0.053441	0.597715	-1.633303	-0.138619	False	d2_d0002_p0337_t0000
d2_d0002_p0338_t0000.png	0.982478	26.480129	0.610722	0.993153	26.902908	0.612813	45859	30	159	345	103	2.148446	5.300000	1738	1867	8567.958221	4.027078	0.000000	-0.006832	0.031519	24780.912399	0.610722	0.610722	30	159	-129	345	103	2.148446	5.300000	30	163	1738	1867	1290	4.589158	4.027078	8567.958221	0.000000	255419	5.569659	7.850149	600x600	360000	dense	Learned	4774	30	67	45743	31.587623	0.794877	28.713130	0.989310	0.579203	0.264294	826	745	0.000000	63	44522	33.157639	0.857490	0.993745	31.043825	0.222679	0.573166	1054	25.721582	0.543861	0.956622	21.297496	0.872194	0.515126	-2.233001	0.728859	-4.684715	-0.182064	False	d2_d0002_p0338_t0000
d2_d0002_p0339_t0000.png	0.987169	24.022838	0.827129	0.998046	26.277602	0.561991	42201	20	165	368	90	2.187946	8.250000	1543	1688	7219.480949	3.812593	0.000000	-0.004683	0.039597	27783.466101	0.827129	0.827129	20	165	-145	368	90	2.187946	8.250000	20	177	1543	1688	1085	4.276944	3.812593	7219.480949	0.000000	265106	6.281984	8.530604	600x600	360000	dense	Learned	4049	20	57	41302	30.062577	0.741024	25.889433	0.991853	0.787531	0.598541	117	190	0.000000	50	41488	31.741412	0.817516	0.996107	29.212287	0.507545	0.786129	1413	24.985397	0.512638	0.964447	19.322989	0.890143	0.741313	-1.866594	0.399505	-3.784975	-0.179034	False	d2_d0002_p0339_t0000
d2_d0002_p0340_t0000.png	0.987222	24.672170	0.786353	0.999956	26.546653	0.585257	44848	14	144	329	95	2.155502	10.285714	1672	1802	7943.343864	3.676263	0.000000	-0.005063	0.034478	25763.647556	0.786353	0.786353	14	144	-130	329	95	2.155502	10.285714	14	154	1672	1802	1248	4.408071	3.676263	7943.343864	0.000000	262557	5.854375	8.027114	600x600	360000	dense	Learned	4550	14	62	44143	30.635042	0.761841	26.813969	0.992285	0.751875	0.597100	150	294	0.000000	54	42414	32.205893	0.829110	0.996034	29.777115	0.532287	0.750661	1452	25.450476	0.539737	0.965568	20.111295	0.902197	0.718338	-2.141798	0.402856	-4.088389	-0.176584	False	d2_d0002_p0340_t0000
d2_d0002_p0341_t0000.png	0.965078	23.951997	0.819883	1.000000	23.673696	0.523701	68698	14	211	523	149	2.155363	15.071429	2536	2733	12276.892563	4.490837	0.000000	-0.019245	0.059573	34811.837673	0.819883	0.819883	14	211	-197	523	149	2.155363	15.071429	14	219	2536	2733	1864	4.492094	4.490837	12276.892563	0.000000	280223	4.079056	5.240327	600x600	360000	dense	Learned	6680	14	67	68069	29.004776	0.798736	26.967643	0.984323	0.760310	0.541828	588	1876	0.000000	55	68110	31.690464	0.904624	0.992029	30.003061	0.508356	0.758808	722	21.317685	0.406095	0.906581	18.350446	0.999995	0.672866	-3.015646	0.458172	-5.331080	-0.275034	False	d2_d0002_p0341_t0000
d2_d0002_p0343_t0000.png	0.977261	26.748753	0.528329	0.999914	26.590471	0.646207	53845	20	192	456	131	2.154607	9.600000	2225	2397	10698.378710	3.947557	0.000000	-0.011228	0.015237	26218.744993	0.528329	0.528329	20	192	-172	456	131	2.154607	9.600000	20	194	2225	2397	1638	4.463237	3.947557	10698.378710	0.000000	253841	4.714291	6.685858	600x600	360000	dense	Learned	5832	20	73	51920	32.470207	0.828296	29.722923	0.988489	0.513092	0.450026	728	2180	0.000000	76	52998	34.919346	0.894569	0.994636	33.063629	0.383883	0.506670	1093	26.560872	0.572912	0.948623	22.609531	0.841011	0.465326	-2.974170	0.549887	-5.879735	-0.182089	False	d2_d0002_p0343_t0000
d2_d0002_p0344_t0000.png	0.978233	25.211569	0.720789	0.999996	25.563977	0.562193	57652	16	201	500	156	2.157850	12.562500	2344	2529	11313.572578	3.712252	0.000000	-0.010825	0.042181	26089.496851	0.720789	0.720789	16	201	-185	500	156	2.157850	12.562500	16	206	2344	2529	1688	4.473536	3.712252	11313.572578	0.000000	266685	4.625772	6.244363	600x600	360000	dense	Learned	6059	16	69	56734	30.625674	0.788389	27.969603	0.989058	0.678608	0.559895	485	2157	0.000000	60	55910	32.621071	0.876552	0.993770	30.469811	0.497522	0.674739	1073	24.823654	0.483820	0.946155	20.744439	0.997585	0.648345	-2.758033	0.440101	-5.061697	-0.226196	False	d2_d0002_p0344_t0000
d2_d0002_p0345_t0000.png	0.980829	24.649678	0.700514	0.999980	25.259819	0.544331	49120	15	160	412	138	2.150571	10.666667	1926	2071	9242.266879	3.821598	0.000000	-0.008264	0.035375	26673.941612	0.700514	0.700514	15	160	-145	412	138	2.150571	10.666667	15	167	1926	2071	1376	4.462707	3.821598	9242.266879	0.000000	266170	5.418770	7.328990	600x600	360000	dense	Learned	5046	15	63	48949	29.979940	0.758258	26.794665	0.989093	0.665140	0.583098	310	1052	0.000000	53	48468	31.824745	0.847847	0.993986	29.451153	0.533211	0.660785	1082	25.221248	0.486163	0.954405	20.802691	0.926049	0.630130	-2.144987	0.416882	-4.720121	-0.213928	False	d2_d0002_p0345_t0000
d2_d0002_p0346_t0000.png	0.988317	23.659938	0.722378	1.000000	24.643516	0.486343	46146	10	132	366	137	2.138952	13.200000	1756	1878	8402.552016	3.436470	0.000000	-0.004087	0.072976	20354.092121	0.722378	0.722378	10	132	-122	366	137	2.138952	13.200000	10	138	1756	1878	1253	4.474202	3.436470	8402.552016	0.000000	263439	5.708815	7.801326	600x600	360000	dense	Learned	4716	10	56	46095	28.821739	0.717712	25.431960	0.992404	0.649402	0.807814	170	1542	0.000000	41	45072	30.280830	0.815627	0.995390	27.582140	0.715070	0.646596	1063	24.145314	0.428856	0.966923	19.058849	0.994968	0.609494	-1.772022	0.192185	-4.178224	-0.231369	False	d2_d0002_p0346_t0000
d2_d0002_p0347_t0000.png	0.987235	23.377609	0.671124	0.999997	24.091495	0.446592	43768	11	95	299	136	2.105000	8.636364	1600	1684	7828.343864	3.543897	0.000000	-0.003393	0.055885	22774.415731	0.671124	0.671124	11	95	-84	299	136	2.105000	8.636364	11	96	1600	1684	1165	4.648660	3.543897	7828.343864	0.000000	273797	6.255643	8.225187	600x600	360000	dense	Learned	4389	11	49	43646	27.876982	0.688454	24.589769	0.990628	0.615239	0.750596	212	1313	0.000000	33	41670	28.984837	0.787450	0.993368	26.030932	0.713712	0.611095	1434	24.858170	0.409310	0.971472	20.327508	0.995247	0.600411	-1.212160	0.249401	-3.785487	-0.241862	False	d2_d0002_p0347_t0000
d2_d0002_p0348_t0000.png	0.988785	23.384114	0.732988	1.000000	25.434511	0.442562	35663	7	114	283	80	2.167449	16.285714	1278	1385	6184.334629	3.721908	0.000000	-0.001901	0.061224	21820.490122	0.732988	0.732988	7	114	-107	283	80	2.167449	16.285714	7	115	1278	1385	915	4.465224	3.721908	6184.334629	0.000000	270072	7.572891	10.094496	600x600	360000	dense	Learned	3546	7	43	35610	28.160990	0.656584	24.141846	0.990687	0.671764	0.759740	126	777	0.000000	31	34876	29.149646	0.746281	0.993815	25.897961	0.697213	0.665118	1770	25.497897	0.416756	0.974675	19.950173	0.913033	0.655862	-0.757732	0.240260	-2.726479	-0.214021	False	d2_d0002_p0348_t0000
d2_d0002_p0349_t0000.png	0.981113	23.131464	0.692922	0.999983	24.066793	0.419437	53220	15	167	416	131	2.156218	11.133333	1946	2098	9428.989750	3.820063	0.000000	-0.006308	0.039467	22878.306866	0.692922	0.692922	15	167	-152	416	131	2.156218	11.133333	15	170	1946	2098	1399	4.494275	3.820063	9428.989750	0.000000	271822	5.107516	6.764374	600x600	360000	dense	Learned	5219	15	53	52504	27.418537	0.707032	24.782083	0.987421	0.653455	0.471639	632	2424	0.000000	35	52366	28.982198	0.826212	0.991733	26.529054	0.449909	0.647750	1083	22.739914	0.336234	0.944952	18.275509	0.978430	0.625585	-1.650619	0.528345	-3.351745	-0.287595	False	d2_d0002_p0349_t0000
d2_d0002_p0350_t0000.png	0.980077	21.872748	0.808688	0.999802	23.408339	0.375009	52410	17	194	399	65	2.204743	11.411765	1729	1906	8327.867817	4.276679	0.000000	-0.004734	0.020768	25289.004087	0.808688	0.808688	17	194	-177	399	65	2.204743	11.411765	17	203	1729	1906	1265	4.369291	4.276679	8327.867817	0.000000	271901	5.187960	6.868918	600x600	360000	dense	Learned	4705	17	44	52014	25.878119	0.681717	22.943533	0.984810	0.787920	0.776166	216	1843	0.000000	26	51902	27.629961	0.800456	0.991677	25.541578	0.690715	0.782086	1065	21.260653	0.277302	0.926411	16.508543	0.976771	0.750885	-1.070785	0.223635	-2.469780	-0.306708	False	d2_d0002_p0350_t0000
d2_d0002_p0351_t0000.png	0.971865	22.787288	0.659248	0.999975	22.587175	0.439480	78022	24	276	686	204	2.165626	11.500000	3043	3295	14674.702013	3.728715	0.000000	-0.014595	0.033007	25586.862564	0.659248	0.659248	24	276	-252	686	204	2.165626	11.500000	24	283	3043	3295	2153	4.453627	3.728715	14674.702013	0.000000	286219	3.668440	4.614083	600x600	360000	dense	Learned	7514	24	63	76822	27.314224	0.792201	25.820677	0.986460	0.626241	0.371962	1583	4875	0.000000	47	77206	30.740780	0.913312	0.994194	29.651524	0.335191	0.628554	730	20.207600	0.258858	0.905375	17.039978	0.990167	0.563592	-3.033388	0.628013	-4.727049	-0.352722	False	d2_d0002_p0351_t0000
d2_d0002_p0352_t0000.png	0.985127	21.714536	0.721582	0.999998	22.819972	0.293750	43726	9	162	365	89	2.202381	18.000000	1512	1665	7019.701295	3.981912	0.000000	-0.000058	0.017774	24804.327011	0.721582	0.721582	9	162	-153	365	89	2.202381	18.000000	9	172	1512	1665	1058	4.216037	3.981912	7019.701295	0.000000	255204	5.836436	8.233088	600x600	360000	dense	Learned	4006	9	34	43287	24.678156	0.618573	21.720368	0.985186	0.703808	0.576658	282	1387	0.000000	17	42970	25.963330	0.717204	0.992420	24.431454	0.386774	0.691624	1448	21.881289	0.236884	0.953772	17.289084	0.989948	0.697135	-0.005832	0.423341	-1.858184	-0.324823	False	d2_d0002_p0352_t0000
d2_d0002_p0353_t0000.png	0.973649	22.675972	0.680510	0.999966	23.409654	0.381936	62926	19	248	571	145	2.193412	13.052632	2368	2597	11231.665074	3.889823	0.000000	-0.009571	0.029651	25042.468309	0.680510	0.680510	19	248	-229	571	145	2.193412	13.052632	19	259	2368	2597	1652	4.324861	3.889823	11231.665074	0.000000	279066	4.434828	5.721006	600x600	360000	dense	Learned	6153	19	54	62040	26.519752	0.728504	24.512191	0.983220	0.650859	0.443045	979	3788	0.000000	35	62660	29.001053	0.859968	0.991695	27.608590	0.346531	0.645246	732	21.292357	0.251018	0.914703	17.409928	0.997967	0.605765	-1.836218	0.556921	-3.110098	-0.346568	False	d2_d0002_p0353_t0000
d2_d0002_p0354_t0000.png	0.973697	22.131094	0.789447	1.000000	23.139094	0.398049	65979	6	281	610	93	2.226151	46.833333	2432	2707	11752.576762	4.170896	0.000000	-0.011058	0.035319	26717.120886	0.789447	0.789447	6	281	-275	610	93	2.226151	46.833333	6	296	2432	2707	1729	4.341550	4.170896	11752.576762	0.000000	269230	4.080541	5.456282	600x600	360000	dense	Learned	6343	6	55	65084	26.419469	0.737546	24.278216	0.984755	0.754128	0.630203	527	3510	0.000000	35	65240	28.938707	0.869086	0.992499	27.364253	0.493252	0.750742	723	20.631747	0.259108	0.906257	16.606825	1.000000	0.712187	-2.147121	0.369797	-3.280375	-0.339497	False	d2_d0002_p0354_t0000
d2_d0002_p0355_t0000.png	0.974357	21.437573	0.800106	1.000000	22.167231	0.352603	65771	11	260	552	81	2.215958	23.636364	2306	2555	10839.072145	4.280853	0.000000	-0.007576	0.035481	26603.217602	0.800106	0.800106	11	260	-249	552	81	2.215958	23.636364	11	271	2306	2555	1673	4.242298	4.280853	10839.072145	0.000000	274673	4.176202	5.473537	600x600	360000	dense	Learned	5829	11	46	65661	24.791058	0.725190	22.846834	0.981932	0.764625	0.633483	512	3455	0.000000	26	64534	27.454982	0.855170	0.992947	26.975443	0.418997	0.762432	723	19.314993	0.208882	0.897345	15.565752	0.999014	0.716663	-1.409261	0.366517	-2.623827	-0.372587	False	d2_d0002_p0355_t0000
d2_d0002_p0356_t0000.png	0.981653	21.205834	0.759632	0.999986	22.168366	0.283589	46438	11	147	328	76	2.181092	13.363636	1502	1638	7046.378352	4.234343	0.000000	0.000982	0.019202	26170.723438	0.759632	0.759632	11	147	-136	328	76	2.181092	13.363636	11	160	1502	1638	1098	4.301818	4.234343	7046.378352	0.000000	252551	5.438456	7.752272	600x600	360000	dense	Learned	4059	11	32	45510	23.795901	0.621023	20.950102	0.980671	0.740431	0.619968	304	1729	0.000000	15	45224	25.350004	0.735867	0.992064	24.647442	0.310783	0.720636	1061	20.657451	0.205098	0.934333	16.253097	0.942596	0.735356	0.255733	0.380018	-1.627535	-0.337433	False	d2_d0002_p0356_t0000
d2_d0002_p0357_t0000.png	0.966786	22.669970	0.734756	1.000000	23.255391	0.442727	77376	8	316	722	130	2.206850	39.500000	2978	3286	14443.747468	4.056260	0.000000	-0.017802	0.037048	24373.555183	0.734756	0.734756	8	316	-308	722	130	2.206850	39.500000	8	324	2978	3286	2126	4.395541	4.056260	14443.747468	0.000000	279170	3.607966	4.652605	600x600	360000	dense	Learned	7658	8	63	76487	27.374914	0.787371	25.774806	0.984587	0.697708	0.615754	839	6170	0.000000	47	77004	30.780303	0.911285	0.993366	29.547145	0.548809	0.702490	727	20.676471	0.267997	0.888978	17.415867	0.999989	0.663277	-3.104836	0.384246	-4.119523	-0.344644	False	d2_d0002_p0357_t0000
d2_d0002_p0358_t0000.png	0.972593	23.313943	0.755463	1.000000	23.940759	0.505916	73651	5	306	686	114	2.206660	61.200000	2913	3214	14326.580080	3.829533	0.000000	-0.016140	0.032941	27442.416668	0.755463	0.755463	5	306	-301	686	114	2.206660	61.200000	5	317	2913	3214	2113	4.457554	3.829533	14326.580080	0.000000	277813	3.772019	4.887917	600x600	360000	dense	Learned	7652	5	68	73463	28.856045	0.798167	26.864667	0.988733	0.722522	0.661091	613	4718	0.000000	56	73246	31.821287	0.914330	0.994152	29.851988	0.607658	0.725155	734	21.432421	0.338169	0.913801	18.056795	1.000000	0.663482	-3.550723	0.338909	-4.915286	-0.292250	False	d2_d0002_p0358_t0000
d2_d0002_p0359_t0000.png	0.983332	26.332571	0.728392	0.999957	26.539592	0.658767	50403	17	180	447	148	2.160829	10.588235	2027	2190	9785.636503	3.828540	0.000000	-0.008261	0.032349	26792.911053	0.728392	0.728392	17	180	-163	447	148	2.160829	10.588235	17	185	2027	2190	1432	4.468327	3.828540	9785.636503	0.000000	253690	5.033232	7.142432	600x600	360000	dense	Learned	5331	17	72	49488	32.494961	0.827059	29.236623	0.991593	0.696042	0.496652	346	827	0.000000	75	48760	34.585451	0.885871	0.995750	32.242975	0.419725	0.694039	1089	25.991113	0.586831	0.956086	21.282067	0.976634	0.655927	-2.904053	0.503305	-5.955369	-0.168292	False	d2_d0002_p0359_t0000
d2_d0002_p0360_t0000.png	0.971568	25.579558	0.667639	1.000000	24.160271	0.579702	74801	18	243	600	184	2.146867	13.500000	3064	3289	15036.344582	3.903997	0.000000	-0.016947	0.039347	28315.033436	0.667639	0.667639	18	243	-225	600	184	2.146867	13.500000	18	248	3064	3289	2280	4.571707	3.903997	15036.344582	0.000000	267669	3.578415	4.812770	600x600	360000	dense	Learned	8005	18	75	73162	31.097502	0.844145	29.320904	0.988515	0.628292	0.305273	1459	2498	0.000000	75	72622	34.125960	0.927631	0.994722	32.587610	0.277616	0.627891	725	21.794439	0.430211	0.916873	18.930338	0.999788	0.552295	-3.741347	0.694727	-6.937231	-0.264443	False	d2_d0002_p0360_t0000
d2_d0002_p0369_t0000.png	0.984067	24.040741	0.651400	0.999722	24.405721	0.409610	45997	18	162	372	107	2.167247	9.000000	1722	1866	8397.299274	3.725734	0.000000	-0.004092	0.079030	21864.344835	0.651400	0.651400	18	162	-144	372	107	2.167247	9.000000	18	163	1722	1866	1243	4.500160	3.725734	8397.299274	0.000000	274878	5.975998	7.826597	600x600	360000	dense	Learned	4704	18	50	45882	27.714009	0.691266	25.224476	0.988160	0.572370	0.188899	1600	1297	0.000000	32	45244	28.752772	0.793154	0.990889	26.320720	0.160565	0.558386	1057	23.921003	0.356613	0.962099	19.900625	0.899581	0.536892	-1.183735	0.810823	-3.308289	-0.281657	False	d2_d0002_p0369_t0000
d2_d0002_p0370_t0000.png	0.985257	25.196837	0.438679	0.991357	24.464159	0.471210	44570	31	99	282	156	2.079347	3.193548	1714	1782	8311.316518	3.509500	0.000000	-0.004343	0.022648	20599.537373	0.438679	0.438679	31	99	-68	282	156	2.079347	3.193548	31	102	1714	1782	1276	4.664038	3.509500	8311.316518	0.000000	269185	6.039601	8.077182	600x600	360000	dense	Learned	4761	31	56	44109	29.028995	0.719098	26.698041	0.989601	0.416031	0.231019	1458	1520	0.000000	42	43504	30.283534	0.811340	0.992844	28.219119	0.190521	0.408688	1428	25.981807	0.446734	0.972766	22.483126	0.836112	0.393386	-1.501203	0.760338	-4.564836	-0.247888	False	d2_d0002_p0370_t0000
d2_d0002_p0371_t0000.png	0.988923	22.869706	0.696169	1.000000	23.516552	0.450184	48767	6	127	345	123	2.136723	21.166667	1770	1891	8652.059592	3.410972	0.000000	-0.003536	0.060333	17714.882135	0.696169	0.696169	6	127	-121	345	123	2.136723	21.166667	6	129	1770	1891	1302	4.575388	3.410972	8652.059592	0.000000	274550	5.629832	7.382041	600x600	360000	dense	Learned	5055	6	52	47943	27.779112	0.706167	24.430699	0.992459	0.635836	0.667081	278	1605	0.000000	37	48584	29.482240	0.820572	0.995634	26.782147	0.586140	0.632349	1017	23.146085	0.384737	0.967740	18.116285	0.998891	0.602092	-1.560993	0.332919	-4.262560	-0.255983	False	d2_d0002_p0371_t0000
d2_d0002_p0372_t0000.png	0.986999	23.267535	0.684162	1.000000	23.015811	0.466201	53884	8	131	344	112	2.124683	16.375000	1973	2096	9909.323661	3.354121	0.000000	-0.004927	0.080701	18914.133072	0.684162	0.684162	8	131	-123	344	112	2.124683	16.375000	8	132	1973	2096	1517	4.727731	3.354121	9909.323661	0.000000	274868	5.101106	6.681018	600x600	360000	dense	Learned	5570	8	57	53135	28.108203	0.730754	25.226799	0.991925	0.603461	0.609822	382	1976	0.000000	41	53644	29.939487	0.845760	0.995248	27.522757	0.544573	0.600749	1077	23.091718	0.395421	0.964243	18.612918	0.999220	0.566371	-1.959264	0.390178	-5.092392	-0.264553	False	d2_d0002_p0372_t0000
d2_d0002_p0373_t0000.png	0.985837	24.849677	0.580769	1.000000	24.420221	0.567999	53498	8	143	368	116	2.127599	17.875000	2116	2251	10441.856849	3.432713	0.000000	-0.006278	0.032376	20281.397820	0.580769	0.580769	8	143	-135	368	116	2.127599	17.875000	8	146	2116	2251	1632	4.638764	3.432713	10441.856849	0.000000	266218	4.976223	6.729224	600x600	360000	dense	Learned	5640	8	66	52914	30.270111	0.784118	27.339204	0.992115	0.548394	0.618851	425	2298	0.000000	57	53370	32.279298	0.870638	0.995686	30.039804	0.541236	0.545257	1093	24.322316	0.498933	0.962927	19.940083	0.998135	0.510461	-2.489527	0.381149	-5.849889	-0.216119	False	d2_d0002_p0373_t0000
d2_d0002_p0374_t0000.png	0.979632	24.676485	0.554459	0.998673	23.718122	0.499542	61439	31	159	441	200	2.106934	5.129032	2394	2522	11817.249994	3.558757	0.000000	-0.009027	0.052288	22216.260433	0.554459	0.554459	31	159	-128	441	200	2.106934	5.129032	31	162	2394	2522	1753	4.685666	3.558757	11817.249994	0.000000	275471	4.483650	5.859470	600x600	360000	dense	Learned	6134	31	65	61089	29.182723	0.780578	27.155568	0.988659	0.502171	0.405850	1283	3902	0.000000	51	61146	31.379806	0.883120	0.993510	29.609574	0.362396	0.498151	690	22.154695	0.368119	0.935953	18.550660	0.991323	0.431685	-2.479084	0.592823	-5.464601	-0.281036	False	d2_d0002_p0374_t0000
d2_d0002_p0375_t0000.png	0.989497	22.919276	0.677589	0.999711	23.482565	0.454979	47306	18	129	326	121	2.128398	7.166667	1729	1840	8299.020054	3.423064	0.000000	-0.003148	0.046830	18471.476316	0.677589	0.677589	18	129	-111	326	121	2.128398	7.166667	18	132	1729	1840	1282	4.510337	3.423064	8299.020054	0.000000	275882	5.831861	7.610028	600x600	360000	dense	Learned	4684	18	51	46647	27.822046	0.704662	24.387325	0.992645	0.630759	0.777051	172	1226	0.000000	36	46504	29.334812	0.811072	0.995530	26.531325	0.728294	0.627172	1078	22.855292	0.389385	0.966964	17.844406	0.957619	0.580444	-1.468049	0.222660	-4.339481	-0.249684	False	d2_d0002_p0375_t0000
d2_d0002_p0376_t0000.png	0.987038	22.647192	0.808044	0.999712	23.505758	0.419420	46060	17	149	342	86	2.163873	8.764706	1611	1743	7862.959087	3.747727	0.000000	-0.003364	0.081818	19417.731762	0.808044	0.808044	17	149	-132	342	86	2.163873	8.764706	17	155	1611	1743	1183	4.511164	3.747727	7862.959087	0.000000	251964	5.470343	7.815892	600x600	360000	dense	Learned	4457	17	47	45971	27.208282	0.683899	23.805793	0.990402	0.726226	0.765911	151	961	0.000000	30	45898	28.446233	0.795199	0.993456	25.394607	0.713595	0.721817	1095	22.848032	0.358044	0.960962	17.848817	0.888185	0.684324	-1.158601	0.233801	-3.702524	-0.264479	False	d2_d0002_p0376_t0000
d2_d0002_p0377_t0000.png	0.986396	22.642685	0.758445	0.999910	22.288898	0.434397	55080	18	158	400	130	2.140492	8.777778	1993	2133	9537.379577	3.412780	0.000000	-0.005064	0.106392	19252.570152	0.758445	0.758445	18	158	-140	400	130	2.140492	8.777778	18	163	1993	2133	1463	4.471345	3.412780	9537.379577	0.000000	280710	5.096405	6.535948	600x600	360000	dense	Learned	5187	18	54	54626	27.421958	0.724157	24.556918	0.991461	0.652053	0.781244	197	1589	0.000000	37	54336	29.208890	0.838669	0.994916	26.787396	0.711991	0.650844	1002	21.487127	0.342465	0.954020	16.981697	0.970732	0.602335	-1.914233	0.218666	-5.133061	-0.289760	False	d2_d0002_p0377_t0000
d2_d0002_p0378_t0000.png	0.982042	23.851932	0.736681	1.000000	23.346145	0.518160	59207	9	204	502	131	2.168467	22.666667	2315	2510	11262.861033	3.654447	0.000000	-0.008594	0.063234	20662.971020	0.736681	0.736681	9	204	-195	502	131	2.168467	22.666667	9	207	2315	2510	1682	4.487196	3.654447	11262.861033	0.000000	269961	4.559613	6.080362	600x600	360000	dense	Learned	5905	9	64	58541	29.178088	0.770290	26.462990	0.990636	0.673447	0.853052	198	1942	0.000000	50	58590	31.398748	0.875640	0.995012	29.231352	0.754903	0.670641	1068	22.664698	0.424717	0.947555	18.507793	0.998880	0.625952	-2.611058	0.146948	-5.831943	-0.252129	False	d2_d0002_p0378_t0000
d2_d0002_p0379_t0000.png	0.967785	24.078107	0.748429	1.000000	23.081109	0.533673	81429	14	293	686	157	2.172702	20.928571	3231	3510	16116.265504	3.957848	0.000000	-0.020404	0.038540	23285.092115	0.748429	0.748429	14	293	-279	686	157	2.172702	20.928571	14	301	3231	3510	2388	4.591529	3.957848	16116.265504	0.000000	281898	3.461887	4.421029	600x600	360000	dense	Learned	8292	14	72	79498	29.617603	0.829301	28.055074	0.988189	0.709888	0.715718	407	2238	0.000000	67	81052	33.119260	0.935080	0.994635	31.545804	0.668989	0.711313	729	21.059542	0.368374	0.908703	18.292312	1.000000	0.647448	-3.976967	0.284282	-6.536494	-0.295628	False	d2_d0002_p0379_t0000
d2_d0002_p0380_t0000.png	0.981697	25.639287	0.544811	0.999976	24.822579	0.525197	58180	19	185	463	147	2.140381	9.736842	2365	2531	11517.067094	3.725360	0.000000	-0.008356	0.023287	22222.531080	0.544811	0.544811	19	185	-166	463	147	2.140381	9.736842	19	186	2365	2531	1755	4.550402	3.725360	11517.067094	0.000000	267631	4.600052	6.187693	600x600	360000	dense	Learned	6312	19	68	57971	30.201738	0.786920	28.138585	0.990053	0.521523	0.291436	1484	2426	0.000000	59	57258	32.293363	0.880389	0.994249	30.481984	0.266094	0.517552	1085	24.950549	0.464033	0.958094	21.466893	0.988530	0.491980	-2.499298	0.708540	-5.379159	-0.261723	False	d2_d0002_p0380_t0000
d2_d0002_p0385_t0000.png	0.993366	23.685043	0.734705	0.980671	26.393622	0.412066	16730	13	53	124	49	2.129241	4.076923	619	659	2909.760677	4.059737	0.000000	0.001212	0.420941	20106.786013	0.734705	0.734705	13	53	-40	124	49	2.129241	4.076923	13	55	619	659	446	4.415418	4.059737	2909.760677	0.000000	265545	15.872385	21.518231	600x600	360000	sparse	Learned	1517	13	24	16557	27.636066	0.544536	23.133768	0.992154	0.313763	0.331354	792	916	0.000000	18	16276	27.849583	0.580057	0.993626	23.839089	0.325887	0.288803	16901	28.544245	0.551261	0.997247	27.898916	0.210417	0.370943	0.551275	0.649317	-1.242444	-0.132470	False	d2_d0002_p0385_t0000
d2_d0002_p0386_t0000.png	0.980468	24.796020	0.550517	0.999894	25.463692	0.487337	48551	17	165	397	116	2.158543	9.705882	1867	2015	8921.681092	4.022296	0.000000	-0.006396	0.010925	22779.849291	0.550517	0.550517	17	165	-148	397	116	2.158543	9.705882	17	169	1867	2015	1354	4.427633	4.022296	8921.681092	0.000000	271244	5.586785	7.414883	600x600	360000	dense	Learned	5011	17	58	47712	29.072393	0.726664	26.443733	0.986864	0.539591	0.389378	720	1581	0.000000	44	47986	30.668330	0.832837	0.992045	28.475724	0.338588	0.534296	1087	24.865577	0.428242	0.954479	20.764538	0.983964	0.507888	-1.647713	0.610515	-3.608701	-0.239327	False	d2_d0002_p0386_t0000
d2_d0002_p0387_t0000.png	0.975517	25.027205	0.540848	0.999991	25.242473	0.546357	59093	17	214	534	164	2.166105	12.588235	2372	2569	11403.098623	4.083706	0.000000	-0.012090	0.008968	23999.333620	0.540848	0.540848	17	214	-197	534	164	2.166105	12.588235	17	224	2372	2569	1674	4.438730	4.083706	11403.098623	0.000000	270396	4.575770	6.092092	600x600	360000	dense	Learned	6113	17	68	58517	30.178503	0.793412	27.815430	0.987607	0.531880	0.294366	1633	2784	0.000000	59	58250	32.394199	0.884189	0.993394	30.497414	0.281009	0.525543	1047	24.569213	0.469664	0.940273	20.817839	0.999994	0.489185	-2.788225	0.705625	-4.936029	-0.247055	False	d2_d0002_p0387_t0000
d2_d0002_p0390_t0000.png	0.983893	25.734121	0.367718	0.991871	25.946241	0.538083	45923	31	155	387	162	2.136039	5.000000	1823	1947	8545.342997	3.822750	0.000000	-0.005827	-0.032041	23055.338144	0.367718	0.367718	31	155	-124	387	162	2.136039	5.000000	31	161	1823	1947	1274	4.388979	3.822750	8545.342997	0.000000	263326	5.734077	7.839209	600x600	360000	dense	Learned	4799	31	62	45098	30.225001	0.759953	27.544466	0.989720	0.399759	0.493899	883	2705	0.000000	54	45400	31.918563	0.844234	0.994109	29.798185	0.417973	0.395622	1096	26.076952	0.492234	0.965054	22.141298	0.999851	0.371445	-1.810345	0.497971	-4.278760	-0.221870	False	d2_d0002_p0390_t0000
d2_d0002_p0393_t0000.png	0.979535	24.846063	0.664919	0.999947	24.724920	0.548481	61418	21	224	549	166	2.163183	10.666667	2488	2691	11864.608291	3.726997	0.000000	-0.010133	0.040297	21277.714968	0.664919	0.664919	21	224	-203	549	166	2.163183	10.666667	21	236	2488	2691	1773	4.408996	3.726997	11864.608291	0.000000	269754	4.392100	5.861474	600x600	360000	dense	Learned	6310	21	68	60231	30.118670	0.794836	27.698115	0.989668	0.624621	0.377367	961	2273	0.000000	60	61268	32.485047	0.890595	0.994753	30.581630	0.325120	0.621399	706	22.306792	0.415218	0.934560	18.387781	0.999358	0.546115	-2.852052	0.622580	-5.393750	-0.246354	False	d2_d0002_p0393_t0000
d2_d0002_p0395_t0000.png	0.980623	23.316282	0.594098	1.000000	24.159953	0.346272	41922	6	143	328	76	2.181939	23.833333	1506	1643	7351.799708	4.230876	0.000000	-0.002676	0.012348	23029.497385	0.594098	0.594098	6	143	-137	328	76	2.181939	23.833333	6	146	1506	1643	1102	4.474619	4.230876	7351.799708	0.000000	278506	6.643433	8.587377	600x600	360000	dense	Learned	4224	6	41	41831	26.509968	0.638681	23.854766	0.983299	0.581749	0.482194	585	2022	0.000000	23	40720	27.277292	0.736535	0.986324	24.674230	0.458832	0.574799	1453	24.244049	0.306452	0.957360	20.552250	0.995610	0.584026	-0.538484	0.517806	-2.350015	-0.292409	False	d2_d0002_p0395_t0000
d2_d0002_p0396_t0000.png	0.979126	23.687973	0.596934	0.999999	24.002942	0.413715	53517	13	151	395	136	2.136095	11.615385	2028	2166	10147.187802	3.793634	0.000000	-0.006596	0.047206	19781.378746	0.596934	0.596934	13	151	-138	395	136	2.136095	11.615385	13	152	2028	2166	1497	4.684759	3.793634	10147.187802	0.000000	278684	5.207392	6.726834	600x600	360000	dense	Learned	5461	13	54	52792	27.509865	0.710635	25.194780	0.985722	0.549729	0.331179	1295	2757	0.000000	36	52572	29.012016	0.829862	0.990250	26.770137	0.312549	0.542769	1056	23.417644	0.335494	0.948353	19.610071	0.979390	0.525428	-1.506807	0.668819	-3.506923	-0.296920	False	d2_d0002_p0396_t0000
d2_d0002_p0400_t0000.png	0.980868	23.773189	0.552439	0.999990	24.112420	0.484563	54610	15	199	472	117	2.179250	13.266667	2053	2237	10011.638595	3.763082	0.000000	-0.007963	0.012603	22456.074715	0.552439	0.552439	15	199	-184	472	117	2.179250	13.266667	15	209	2053	2237	1464	4.475475	3.763082	10011.638595	0.000000	269374	4.932686	6.592199	600x600	360000	dense	Learned	5470	15	60	54409	28.574740	0.747507	25.907882	0.988831	0.539836	0.483272	835	3257	0.000000	46	54392	30.665231	0.857279	0.993833	28.505386	0.419160	0.535425	1082	23.563684	0.403832	0.949604	19.434694	0.999908	0.503279	-2.134693	0.516718	-4.462319	-0.262944	False	d2_d0002_p0400_t0000
d2_d0002_p0401_t0000.png	0.984705	22.862029	0.595955	0.999253	23.958736	0.299408	33696	15	115	290	107	2.151286	7.666667	1322	1422	6168.695019	3.662467	0.000000	0.001128	0.012305	19262.558699	0.595955	0.595955	15	115	-100	290	107	2.151286	7.666667	15	117	1322	1422	925	4.338042	3.662467	6168.695019	0.000000	267229	7.930585	10.683761	600x600	360000	sparse	Learned	3025	15	30	32950	25.488991	0.575878	22.520880	0.983577	0.583650	0.401359	333	836	0.000000	15	32162	26.136795	0.640931	0.989383	23.982664	0.321583	0.564236	1796	23.783737	0.271629	0.966919	19.826858	0.858696	0.587456	0.341149	0.597894	-1.530255	-0.276470	False	d2_d0002_p0401_t0000
d2_d0002_p0402_t0000.png	0.978165	23.581392	0.500221	1.000000	23.209003	0.460782	65083	13	158	449	175	2.115907	12.153846	2502	2647	12367.335347	3.645522	0.000000	-0.009040	0.014314	19674.033642	0.500221	0.500221	13	158	-145	449	175	2.115907	12.153846	13	162	2502	2647	1878	4.672208	3.645522	12367.335347	0.000000	282449	4.339828	5.531398	600x600	360000	dense	Learned	6405	13	60	63826	27.627596	0.762032	25.754053	0.987206	0.485908	0.580522	979	5591	0.000000	43	63760	30.191742	0.882062	0.993186	28.614591	0.560998	0.483339	724	21.587763	0.302776	0.931705	18.204990	0.998410	0.415070	-2.172661	0.419478	-4.418593	-0.301250	False	d2_d0002_p0402_t0000
d2_d0002_p0403_t0000.png	0.984843	22.040125	0.393582	0.998352	21.623811	0.251204	41394	19	99	273	127	2.112123	5.210526	1427	1507	6907.211829	3.617841	0.000000	0.001450	0.028169	18761.886358	0.393582	0.393582	19	99	-80	273	127	2.112123	5.210526	19	99	1427	1507	1027	4.583419	3.617841	6907.211829	0.000000	273482	6.606803	8.696913	600x600	360000	dense	Learned	4012	19	30	41304	23.770682	0.597664	21.678626	0.983393	0.365413	0.348148	1363	3343	0.000000	13	40528	24.932677	0.697764	0.991253	24.098769	0.242400	0.350225	1455	21.630586	0.201564	0.962096	18.525680	0.996401	0.367086	0.361499	0.650204	-2.146871	-0.346460	False	d2_d0002_p0403_t0000
d2_d0002_p0404_t0000.png	0.986711	21.949968	0.498668	1.000000	21.816065	0.218581	30171	2	46	192	114	2.082090	23.000000	1072	1116	5178.306058	3.606432	0.000000	0.004336	0.054827	15825.492620	0.498668	0.498668	2	46	-44	192	114	2.082090	23.000000	2	46	1072	1116	766	4.640059	3.606432	5178.306058	0.000000	264901	8.779987	11.931988	600x600	360000	sparse	Learned	2648	2	21	29183	23.156820	0.513322	20.621454	0.982375	0.443842	0.409212	435	1275	0.000000	8	29802	24.039978	0.599177	0.991876	23.624386	0.170089	0.413296	1797	21.814519	0.188491	0.969757	18.494888	0.999051	0.449767	1.328514	0.590788	-1.340755	-0.294740	False	d2_d0002_p0404_t0000
d2_d0002_p0405_t0000.png	0.983595	21.526872	0.591345	1.000000	21.335735	0.263543	47892	5	91	299	140	2.108176	18.200000	1590	1676	7902.997759	3.620843	0.000000	0.000720	0.063954	18946.601391	0.591345	0.591345	5	91	-86	299	140	2.108176	18.200000	5	91	1590	1676	1151	4.715392	3.620843	7902.997759	0.000000	256146	5.348409	7.516913	600x600	360000	dense	Learned	4519	5	32	46834	23.519277	0.625941	21.277709	0.982875	0.527391	0.350263	1162	3355	0.000000	15	47606	25.287633	0.760155	0.992898	24.846635	0.178938	0.498620	1076	20.743702	0.184129	0.951232	17.042716	0.999873	0.518867	0.249163	0.649737	-2.183542	-0.362397	False	d2_d0002_p0405_t0000
d2_d0002_p0409_t0000.png	0.972344	23.145668	0.659586	1.000000	23.628503	0.428184	62511	13	196	512	161	2.154040	15.076923	2376	2559	11478.510745	4.148503	0.000000	-0.010925	0.047256	22877.946854	0.659586	0.659586	13	196	-183	512	161	2.154040	15.076923	13	194	2376	2559	1703	4.485545	4.148503	11478.510745	0.000000	279424	4.469997	5.758986	600x600	360000	dense	Learned	6143	13	57	61229	27.208296	0.738996	25.121517	0.983268	0.612331	0.267647	2017	3373	0.000000	39	61354	29.507114	0.867236	0.990918	27.792954	0.247389	0.605813	714	21.768496	0.296541	0.918432	18.265441	0.991990	0.549385	-1.975850	0.732353	-3.579793	-0.310812	False	d2_d0002_p0409_t0000
d2_d0002_p0410_t0000.png	0.981522	22.948308	0.547228	0.999941	23.186015	0.352800	50365	16	135	357	134	2.130411	8.437500	1825	1944	8927.249635	3.828739	0.000000	-0.003751	0.031723	22632.142305	0.547228	0.547228	16	135	-119	357	134	2.130411	8.437500	16	137	1825	1944	1334	4.592207	3.828739	8927.249635	0.000000	281762	5.594401	7.147821	600x600	360000	dense	Learned	5000	16	44	49721	26.038522	0.676606	23.787803	0.985273	0.515505	0.276124	1671	2853	0.000000	26	47992	27.359341	0.788093	0.990258	25.547523	0.254280	0.506157	1096	22.756184	0.278403	0.952981	19.212096	0.955547	0.487175	-0.839496	0.723817	-2.852507	-0.323806	False	d2_d0002_p0410_t0000
d2_d0002_p0411_t0000.png	0.960329	22.984471	0.695549	1.000000	23.203040	0.445281	77570	5	267	630	134	2.182706	53.400000	2868	3130	14143.165866	4.324147	0.000000	-0.020319	0.023516	24841.174126	0.695549	0.695549	5	267	-262	630	134	2.182706	53.400000	5	275	2868	3130	2104	4.518583	4.324147	14143.165866	0.000000	282385	3.640389	4.640969	600x600	360000	dense	Learned	7393	5	63	76665	27.320887	0.789044	25.848503	0.980648	0.672033	0.405969	1529	5480	0.000000	47	77280	30.754322	0.913715	0.991531	29.576018	0.363984	0.672097	692	20.540543	0.270976	0.877172	17.630062	0.996919	0.620997	-2.864032	0.594031	-4.117847	-0.343763	False	d2_d0002_p0411_t0000
