filename,gt_iou,seg_iou,seg_f1,seg_precision,seg_recall,gt_fg_ssim,gt_fg_psnr,ng_fg_ssim,ng_fg_psnr,ng_iou,ng_topo_q,topo_preservation,ng_psnr,ng_ssim,ng_bytes,graph_n_components,graph_n_cycles,graph_n_junctions,graph_n_endpoints,graph_mean_degree,graph_complexity,n_nodes,n_edges,total_edge_length,mean_width_px,mean_curvature,delta_gt_iou,delta_gt_fg_psnr,delta_gt_fg_ssim,delta_fg_ssim,delta_iou,total_time_ms,ng_n_components,ng_n_cycles,ng_euler_characteristic,ng_n_junctions,ng_n_endpoints,ng_mean_degree,ng_graph_complexity,ng_seg_beta_0,ng_seg_beta_1,graph_n_nodes,graph_n_edges,graph_n_sampled,graph_mean_edge_length,graph_mean_width,graph_total_edge_length,graph_mean_curvature,png_bytes,ng_vs_png,ng_vs_raw,image_shape,image_pixels,image_type,segmenter,n_points,n_structures,jpeg_quality,jpeg_bytes,jpeg_psnr,jpeg_ssim,jpeg_fg_psnr,jpeg_fg_ssim,jpeg_iou,jpeg_topo_q,jpeg_beta_0,jpeg_beta_1,jpeg_betti_preservation,webp_quality,webp_bytes,webp_psnr,webp_ssim,webp_fg_ssim,webp_fg_psnr,webp_topo_q,webp_iou,jp2_bytes,jp2_psnr,jp2_ssim,jp2_fg_ssim,jp2_fg_psnr,jp2_topo_q,jp2_iou,delta_fg_psnr,delta_topo_q,delta_psnr,delta_ssim,gt_available,gt_topology_q,recon_topology_q,jpeg_gt_iou,jpeg_gt_fg_psnr,jpeg_gt_fg_ssim,stem
7249.png,0.6045226130653266,0.606,0.7546699875466999,0.6092493297587132,0.9912758996728462,0.9989775365975738,28.050611308500155,0.9971042461048314,28.31860447346305,0.45105245573003677,0.2707870474747649,0.39961951936433665,30.476579751359615,0.5551922919006247,2602,4,21,45,21,2.096590909090909,5.25,352,369,696.3429368513893,4.020126632668755,0.03130173953354133,-0.005578397035683524,-0.2104735891741889,-6.431937556694578e-05,-0.0002828961376745154,-0.0022138759282546716,683.2296848297119,4,21,-17,45,21,2.096590909090909,5.25,4,0,352,369,286,1.887108229949561,4.020126632668755,696.3429368513893,0.03130173953354133,45624,17.534204458109148,25.186779400461184,256x256,65536,sparse,Meijering,352,4,29,2586,31.036036461134145,0.6184034832401416,28.670886711741517,0.9973871422425059,0.45326633165829144,0.306603883322179,13,4,0.0,35,2454,31.291314190670864,0.6620164800089317,0.9970852500354678,28.246941749516473,0.2910710719504892,0.42718446601941745,3640,31.45594488954145,0.6690719703249124,0.9980936613911384,30.14026367673094,0.3325466069461055,0.4368509212730318,-0.35228223827846605,-0.03581683584741413,-0.5594567097745298,-0.06321119133951691,True,0.6776121644545745,0.2707870474747649,0.6101010101010101,28.261084897674344,0.9990418559731408,7249
7250.png,0.6176927056389032,0.5045395590142672,0.6706896551724139,0.5079986940907607,0.9866835764109068,0.9989719511921065,27.987320301485532,0.9959892103501973,28.59813755433666,0.5006506180871828,0.46313037610854046,0.6230404124384593,31.27770399301642,0.5901636536119415,2471,6,18,39,25,2.0701754385964914,3.0,342,354,713.9898695521834,4.562803462931984,0.03306452861747851,0.0021069315803258215,-0.3578197194614745,-0.00018032213303531552,-0.0005056507547970268,0.008964931748741356,729.7344207763672,6,18,-12,39,25,2.0701754385964914,3.0,6,1,342,354,278,2.016920535458142,4.562803462931984,713.9898695521834,0.03306452861747851,44906,18.17320922703359,26.522055847834885,256x256,65536,sparse,Meijering,342,6,31,2469,31.722703161174984,0.6427845454608146,29.0346426825672,0.9964948611049943,0.49168568633844145,0.5067142541534744,9,7,0.0,40,2272,31.99915710499809,0.6769168021789304,0.996415083913895,29.02090667700309,0.5404465399532159,0.4768880208333333,3534,32.15719254359334,0.6944027406842085,0.997824944119614,31.22982675005105,0.29354798607043664,0.5042345276872964,-0.43650512823053944,-0.04358387804493391,-0.44499916815856366,-0.0526208918488732,True,0.7433392230464442,0.46313037610854046,0.6155857740585774,28.345140020947007,0.9991522733251418,7250
7251.png,0.7362569487337863,0.41904145077720206,0.5905979005020539,0.41931302657161373,0.9984567901234568,0.9994883944071575,27.48963182748005,0.9970325915583406,28.457583465155242,0.48947879572677244,0.7484214469402435,1.0326911479172916,31.545810841321533,0.611600857224281,2427,4,6,17,15,2.0129032258064514,1.5,310,312,539.0884339550615,4.95859932514929,0.018646231593406355,-0.00763785402137962,-0.12140338527949623,-3.487546410940734e-05,-0.00020256858859712956,0.006977175506422462,723.8903045654297,4,6,-2,17,15,2.0129032258064514,1.5,4,0,310,312,278,1.7278475447277601,4.95859932514929,539.0884339550615,0.018646231593406355,44830,18.4713638236506,27.00288421920066,256x256,65536,sparse,Otsu,310,4,30,2387,31.860479106431324,0.6541271176068617,28.761797817060106,0.9972351601469377,0.48250162022035,0.5740074125998693,6,1,0.25,41,2372,32.19708627137943,0.694537179265732,0.9971069005263735,28.80512238058156,0.7394602921400244,0.4776409591704472,3790,32.41558434595102,0.7089880208750731,0.9985087105303854,31.505306154966647,0.5573606726386489,0.47666882696046664,-0.30421435190486434,0.17441403434037417,-0.3146682651097912,-0.04252626038258067,True,0.7247292169102477,0.7484214469402435,0.743894802755166,27.611035212759546,0.9995232698712669,7251
7252.png,0.7857740585774059,0.49930907415937353,0.66605222734255,0.49953917050691243,0.9990783410138249,0.9994383780063487,27.648246698940127,0.9979781288365915,28.373621771404988,0.48341013824884793,0.4769090868974992,0.869607528528286,30.796057681815036,0.5544714051770705,1962,4,10,26,17,2.0456273764258555,2.5,263,269,506.1405732202101,4.441137306590497,0.03269429806931633,0.0003556658682095648,0.16102218869722051,2.8533641779127095e-05,2.925976100975891e-05,-0.009677419354838679,641.3202285766602,4,10,-6,26,17,2.0456273764258555,2.5,4,0,263,269,220,1.8815634692201109,4.441137306590497,506.1405732202101,0.03269429806931633,45467,23.173802242609582,33.4026503567788,256x256,65536,sparse,Meijering,263,4,23,1881,30.87988660244909,0.5882559265026728,28.31249232352876,0.9979488690755818,0.4930875576036866,0.5415939886947765,4,1,0.5,31,1888,31.26611239317134,0.6319967504346891,0.9977313891369501,27.89037563088305,0.6074141344684816,0.4963133640552995,4501,31.94985799145252,0.7086826645496144,0.9990393938964912,31.594455437682058,0.590164737988921,0.4815668202764977,0.061129447876226095,-0.06468490179727726,-0.08382892063405478,-0.03378452132560228,True,0.5484187650774077,0.4769090868974992,0.7854183927091963,27.487224510242907,0.9994098443645696,7252
7253.png,0.5408970976253298,0.32027318475916605,0.4851619929213178,0.32553891121666056,0.9519230769230769,0.9994603705742978,27.564320444589132,0.9969794565882774,28.670580947332866,0.29576951130561635,0.2825126771455566,0.48621191017676707,31.149056451377447,0.5818393539184133,2603,9,30,69,38,2.114441416893733,3.3333333333333335,367,388,708.2772538599572,3.8835387077253585,0.04046396246445044,0.0013022541630830498,-0.7033603151848169,-0.000171654862734405,-0.00048362537821033946,0.026861948280406278,724.266767501831,9,30,-21,69,38,2.114441416893733,3.3333333333333335,9,1,367,388,260,1.825456839845246,3.8835387077253585,708.2772538599572,0.04046396246445044,44924,17.258547829427584,25.17710334229735,256x256,65536,sparse,Meijering,367,9,32,2584,31.685228657797403,0.6402416915565041,29.25768186147595,0.9974630819664877,0.2689075630252101,0.3522728358590512,7,1,0.8888888888888888,43,2544,32.04470537266536,0.6861724668283277,0.9976255248251683,29.490494731401917,0.33965971929501715,0.2659846547314578,3539,32.08549482714108,0.6889265279031368,0.9983784300305721,31.351908179383926,0.2804224023717147,0.27584947022287176,-0.5871009141430861,-0.06976015871349461,-0.5361722064199554,-0.05840233763809077,True,0.581048450752361,0.2825126771455566,0.5395948434622467,28.26768075977395,0.9996320254370322,7253
7254.png,0.7674571805006588,0.44498438042346405,0.6159019937545039,0.45140845070422536,0.9690098261526833,0.9993291425330975,27.4725192136806,0.9973656438535549,28.25936917863953,0.4773126978543792,0.48462327601727084,0.7043151245888939,31.242518915675213,0.5921179300698298,2553,6,16,40,24,2.0578034682080926,2.6666666666666665,346,356,664.2224691449571,4.031546973079616,0.028322326825097454,-0.00817530951265677,-0.37215387294219937,-0.0001213889976410254,-0.00037871455084448336,0.0040732612346608965,690.0486946105957,6,16,-10,40,24,2.0578034682080926,2.6666666666666665,6,0,346,356,282,1.8657934526543705,4.031546973079616,664.2224691449571,0.028322326825097454,44986,17.62083822953388,25.670191931061495,256x256,65536,sparse,Meijering,346,6,31,2521,31.674614607764774,0.6430076866690744,28.75827423661077,0.9977443584043993,0.4732394366197183,0.599883690343695,5,2,0.0,40,2374,31.97268772198155,0.6821992639968464,0.9976233280753344,28.62792659383205,0.5536565993742872,0.46673706441393875,3646,32.098275270618096,0.6934093423795122,0.9985744632417529,30.98493841293611,0.3594669415386885,0.46004927842309046,-0.4989050579712391,-0.1152604143264242,-0.4320956920895611,-0.05088975659924455,True,0.6880773379673533,0.48462327601727084,0.7756324900133156,27.844673086622798,0.9994505315307385,7254
7255.png,0.7165582067968185,0.45481481481481484,0.6252545824847251,0.4571854058078928,0.9887278582930756,0.9992814431623681,27.41765373723252,0.9971215973264066,28.096333974697203,0.4198586835254742,0.3221904219945497,0.4943029745159222,30.56273455721181,0.5508115184697474,2420,7,22,55,30,2.0934579439252334,3.142857142857143,321,336,663.5314597754985,4.06856599477964,0.038177549873947315,-0.017942157900482814,-0.1568186287182307,-8.897612488001361e-05,-0.0002945125844626695,-0.0020163164745258255,678.4350872039795,7,22,-15,55,30,2.0934579439252334,3.142857142857143,7,0,321,336,236,1.9747960112365988,4.06856599477964,663.5314597754985,0.038177549873947315,45536,18.816528925619835,27.08099173553719,256x256,65536,sparse,Meijering,321,7,27,2322,31.00700772802011,0.6068573323929207,28.40308711344175,0.9974161099108693,0.421875,0.5954581148969812,4,0,0.7857142857142857,35,2382,31.323416709583803,0.6580995735692906,0.9972141710671297,28.04832241352432,0.39498377310685673,0.4064708069914466,3846,31.590696824855012,0.6796150582818479,0.9984530146414253,30.671618883908987,0.3494909052766835,0.4070631970260223,-0.306753138744547,-0.27326769290243147,-0.4442731708082981,-0.056045813923173315,True,0.6518075726938024,0.3221904219945497,0.7345003646973013,27.57447236595075,0.9993704192872481,7255
7256.png,0.49607329842931935,0.4887102946804439,0.6565552699228793,0.4965007776049767,0.9688922610015175,0.9989615985246294,28.255127964255642,0.9968507915176611,28.85715254730542,0.3683803633552377,0.2570621292009626,0.36785918717757576,31.519644737705505,0.6037609150993735,2021,4,15,35,18,2.08,3.75,275,286,519.6361175803169,4.992830541350624,0.030324532595235206,-0.0026021982594223725,-0.7327176947543244,-0.0002667591685153736,-0.0003363038294951215,0.0009620118777882714,670.5803871154785,4,15,-11,35,18,2.08,3.75,4,0,275,286,222,1.8169095020290789,4.992830541350624,519.6361175803169,0.030324532595235206,44562,22.049480455220188,32.42751113310243,256x256,65536,sparse,Meijering,275,4,27,1928,31.93036359945143,0.6371713154433382,29.31849275930494,0.9971870953471562,0.36741835147744945,0.3494909052766835,10,2,0.0,40,1998,32.278548176153194,0.6771779571620437,0.9970458492540936,29.30198785433069,0.35079062331485267,0.3655788655788656,4590,32.85591907367704,0.7411715920563807,0.9984849141592024,32.09827362102998,0.2577693522515767,0.3716504854368932,-0.46134021199952,-0.09242877607572086,-0.41071886174592365,-0.0334104003439647,True,0.6988057880877979,0.2570621292009626,0.4986754966887417,28.987845659009967,0.9992283576931448,7256
7257.png,0.6202985074626866,0.45179255134006263,0.6223927115799569,0.46724262059035276,0.9318018664752333,0.9990816064325208,27.391084045875814,0.9969395787393052,28.388369576907593,0.4718132854578097,0.30629902682382293,0.42184014035683814,30.254182294542993,0.532721835767184,2465,5,31,73,33,2.155688622754491,6.2,334,360,714.6224644230798,4.364319278808411,0.041322421961468465,0.005569353476076677,-0.7454286898776807,-0.00026124818604300604,-0.00016709545965643002,0.018249570555001926,692.5857067108154,5,31,-26,73,33,2.155688622754491,6.2,5,0,334,360,228,1.9850624011752178,4.364319278808411,714.6224644230798,0.041322421961468465,45763,18.565111561866125,26.58661257606491,256x256,65536,sparse,Meijering,334,5,27,2372,30.75527713757447,0.5961494593464635,28.620825718618605,0.9971066741989616,0.4535637149028078,0.44134447058534243,9,4,0.0,32,2300,30.99979423189651,0.6389167565928108,0.9966873212913544,28.111492518040055,0.25248432198190895,0.4304612084376117,3666,31.256735024845618,0.6614574830397082,0.9980014631323337,30.223813763058377,0.11878321196606756,0.46907034287734184,-0.2324561417110118,-0.1350454437615195,-0.5010948430314777,-0.06342762357927945,True,0.7261021356685544,0.30629902682382293,0.6147291539866099,28.136512735753495,0.9993428546185638,7257
7258.png,0.7474566128067026,0.46796302199553713,0.6375678610206297,0.4715708319948603,0.9839142091152815,0.999303045567921,27.068319179122117,0.9975700332379946,27.877662332270774,0.45591535748637385,0.4363565077761259,0.6634816652344844,30.035190113667213,0.5306317541626127,2523,5,14,35,22,2.0552147239263805,2.8,326,335,602.5309701302614,4.494724974310471,0.03516100049674369,-0.0074983421482522905,-0.29448458024580404,-0.00015792551808968547,-0.00025119827365582825,-0.0034486001107992825,679.8045635223389,5,14,-9,35,22,2.0552147239263805,2.8,5,0,326,335,269,1.798599910836598,4.494724974310471,602.5309701302614,0.03516100049674369,46114,18.277447483154972,25.975426080063418,256x256,65536,sparse,Meijering,326,5,26,2405,30.55181032763364,0.5937790781183482,28.153996176173564,0.9978212315116505,0.45936395759717313,0.421123814743799,9,1,0.09999999999999998,29,2504,30.772239447389826,0.6447305380605897,0.9974563385057635,27.478713513783568,0.5104583404430468,0.4384837777063926,3508,31.01528886094542,0.646784112345605,0.9986584157380273,30.320161678463727,0.6119676888501281,0.4516543527144234,-0.2763338439027905,0.015232693032326883,-0.5166202139664264,-0.06314732395573552,True,0.657676814056212,0.4363565077761259,0.7549549549549549,27.36280375936792,0.9994609710860107,7258
7259.png,0.6068037974683544,0.4688128772635815,0.6383561643835616,0.4691904953685058,0.998286203941731,0.9991454917131409,27.626048938538755,0.9973786587981349,28.371052258424655,0.34796616995569873,0.26655304377571065,0.49009505336163783,30.718616884252853,0.5539642400363064,2284,7,12,36,25,2.031847133757962,1.7142857142857142,314,319,581.1454418347466,4.183857696071552,0.034404167535335935,-0.018196202531645556,-0.1469087734284109,-6.060623312120761e-05,-0.00023229185815665243,-0.014498590414820822,679.6746253967285,7,12,-5,36,25,2.031847133757962,1.7142857142857142,7,0,314,319,253,1.8217725449365076,4.183857696071552,581.1454418347466,0.034404167535335935,45422,19.887040280210158,28.69352014010508,256x256,65536,sparse,Meijering,314,7,26,2091,31.093296795479013,0.6007698121951035,28.594854905801185,0.9976109506562916,0.36246476037051956,0.30387234438242117,9,1,0.3571428571428572,35,2138,31.35843692668295,0.6480530142644666,0.9974930926724584,28.44762947408161,0.324295886039374,0.3635265700483092,4098,31.78889567825745,0.6939676577045122,0.9985467131889133,31.02342569851553,0.22379089767122484,0.3568264196536448,-0.22380264737653022,-0.037319300606710515,-0.37467991122615985,-0.046805572158797104,True,0.5438802982143608,0.26655304377571065,0.625,27.772957711967166,0.9992060979462621,7259
7260.png,0.7228260869565217,0.49599125364431484,0.6630937880633373,0.4976234003656307,0.9934306569343065,0.9993063907198901,27.564213736040966,0.9975577039368166,28.327221236748535,0.4263254113345521,0.41725174762601036,0.7792674888411734,31.31716050932582,0.5934885842125562,2330,5,12,30,20,2.0445859872611467,2.4,314,321,542.1082068263381,4.41431777682274,0.033209257050605547,0.006204833550527145,-0.34658314402861023,-7.077599258975553e-05,-0.00029986397918446706,0.005850091407678226,609.5905303955078,5,12,-7,30,20,2.0445859872611467,2.4,5,0,314,321,264,1.6888106131661607,4.41431777682274,542.1082068263381,0.033209257050605547,44960,19.296137339055793,28.12703862660944,256x256,65536,sparse,Meijering,314,5,29,2239,31.69237179552595,0.6363798189638082,28.757605448602202,0.9978575679160011,0.42047531992687387,0.306118821350573,11,0,0.4,41,2276,32.03158349462119,0.6802171631720667,0.9978498921240926,28.898742416003422,0.43588660910201826,0.41352833638025593,3910,32.2480899605451,0.7047862884852661,0.9986256106792257,31.159913383978804,0.40942974009204713,0.4124314442413163,-0.43038421185366715,0.11113292627543736,-0.37521128620013044,-0.042891234751252005,True,0.5354409796390885,0.41725174762601036,0.7166212534059946,27.910796880069576,0.9993771667124799,7260
7261.png,0.6730158730158731,0.42833052276559863,0.5997638724911452,0.4322668481960517,0.9791827293754819,0.9993702271852508,27.133086059033946,0.9965092666584153,28.110246312926193,0.45343303874915025,0.34497175561422644,0.5646651457460011,30.42138273999965,0.5464432844010457,2533,4,29,66,29,2.1474926253687316,7.25,339,364,723.1305430202476,4.405676935626342,0.030246272026410413,0.0020975056689342964,-0.6429727016100486,-0.00014309564163528243,-0.00023864890072555767,0.007555875532319567,767.5044536590576,4,29,-25,66,29,2.1474926253687316,7.25,4,0,339,364,244,1.9866223709347424,4.405676935626342,723.1305430202476,0.030246272026410413,45701,18.042242400315832,25.872878010264508,256x256,65536,sparse,Meijering,339,4,27,2319,30.955035827212768,0.6046044587371738,28.525276668501924,0.9967479155591409,0.4458771632168307,0.5934303402594009,6,6,0.0,33,2426,31.205130941859395,0.6551394820603892,0.996388446534835,28.164295339287246,0.5005689429210745,0.44123641304347827,3550,31.3894566596706,0.6634770530998705,0.9977084590576959,30.281505503893015,0.41725174762601036,0.4563370710159701,-0.4150303555757304,-0.24845858464517445,-0.5336530872131178,-0.05816117433612811,True,0.6109315551227636,0.34497175561422644,0.6709183673469388,27.776058760643995,0.9995133228268861,7261
7262.png,0.6761793826441468,0.59415337889142,0.7454155751369373,0.6033153430994603,0.9750778816199377,0.9986979982634452,28.149965030028895,0.9970671155655845,28.70295428264496,0.4810417464572961,0.4566491309255002,0.6879488968858888,31.697059230644307,0.6114965211112493,2316,5,21,47,21,2.1015873015873017,4.2,315,331,611.7001856286757,4.261033760933649,0.03454492358138245,-0.011099769299316109,-0.514908117213146,-0.00020979873184212572,-0.0004050362109669914,-0.003549933049637688,670.3052520751953,5,21,-16,47,21,2.1015873015873017,4.2,5,1,315,331,247,1.8480368145881414,4.261033760933649,611.7001856286757,0.03454492358138245,44541,19.231865284974095,28.29706390328152,256x256,65536,sparse,Meijering,315,5,31,2259,32.104402487974085,0.6517837007341931,29.22885216739477,0.9974721517765515,0.48459167950693377,0.6814576991267811,5,10,0.0,42,2280,32.39685733100624,0.6948412417013409,0.9974495109072444,29.379253508833948,0.6271826533973348,0.4726502311248074,3839,32.646537517196805,0.7181474596453995,0.9983987574165664,31.71939694761825,0.39996616324787515,0.45573518090839105,-0.5258978847498099,-0.22480856820128092,-0.40734325732977794,-0.040287179622943814,True,0.6637835062932667,0.4566491309255002,0.6872791519434629,28.66487314724204,0.9989077969952873,7262
7263.png,0.6158940397350994,0.4781431334622824,0.646951059931955,0.4807467911318553,0.9888,0.9993577270373574,27.628592706781102,0.9978307962477707,28.271497185518363,0.36635586635586637,0.41530601236092834,0.7517330353088088,31.598495327573733,0.6077564689125435,2226,4,9,25,17,2.0338983050847457,2.25,295,300,528.4400696960182,4.50784016544536,0.023001505239158237,-0.0007358351729211954,-0.18851411177228883,-6.179000397399381e-05,-0.00029088146479494537,-0.0019833012831845798,640.3684616088867,4,9,-5,25,17,2.0338983050847457,2.25,4,0,295,300,253,1.7614668989867255,4.50784016544536,528.4400696960182,0.023001505239158237,44795,20.123539982030547,29.44115004492363,256x256,65536,sparse,Meijering,295,4,29,2211,31.926820461401967,0.6450057804226158,28.664683769273765,0.9981216777125657,0.36833916763905095,0.45337922580540235,5,0,0.875,43,2210,32.27573848554527,0.6831060699719256,0.998131139983055,29.02214056225826,0.4113950303216448,0.3566705562038118,3993,32.52755298471915,0.7153526167457565,0.998848983734208,31.483111651652642,0.38474242991946783,0.3609490470633995,-0.3931865837554014,-0.03807321344447401,-0.32832513382823336,-0.03724931151007227,True,0.5524647618955876,0.41530601236092834,0.6166298749080206,27.81710681855339,0.9994195170413314,7263
7264.png,0.6164495114006515,0.3643939393939394,0.5341476957245974,0.3660578386605784,0.9876796714579056,0.9995035979306374,27.133604099047837,0.9968911420882286,28.401372656812512,0.3820736802126852,0.3221904219945497,0.530429576316137,31.643864047078836,0.6075526817889367,2195,6,22,42,21,2.1049180327868853,3.6666666666666665,305,321,565.2354355281261,4.741304948681691,0.0258988342906572,-0.011890569571008425,-0.7786021503725493,-0.0001346645934001689,-0.0004917498893416417,-0.011992504648478786,728.9726734161377,6,22,-16,42,21,2.1049180327868853,3.6666666666666665,6,1,305,321,242,1.7608580546047519,4.741304948681691,565.2354355281261,0.0258988342906572,44597,20.31753986332574,29.856947608200457,256x256,65536,sparse,Meijering,305,6,29,2129,32.01541865080674,0.6474584498996893,28.997766852574003,0.9973828919775702,0.39406618486116396,0.3005773010572709,8,1,0.8333333333333334,40,1974,32.26315850994374,0.6773318608815234,0.9974565619938414,29.093876055878063,0.29531191028128656,0.36830102622576966,4154,32.68481360560254,0.7274832622900165,0.9985583524754783,31.791586468968408,0.2581227112773926,0.3853454821564161,-0.5963941957614907,0.02161312093727885,-0.37155460372790117,-0.039905768110752526,True,0.6074141344684816,0.3221904219945497,0.6283400809716599,27.912206249420386,0.9996382625240375,7264
7265.png,0.6679586563307494,0.4724328049620951,0.6417037210390827,0.47341160220994477,0.9956427015250545,0.9992333339072645,28.072410797209276,0.9967378185421263,28.377740262313026,0.4131633356305996,0.28346868942621073,0.5147695646853538,30.457256917246664,0.5458327096046428,2438,7,22,61,34,2.08955223880597,3.142857142857143,335,350,682.320399372564,4.03096953078882,0.04303923361608284,0.016570664077682817,-0.04422332151376551,-2.4465867598078006e-05,-0.0003464979374550037,0.005845420546029323,700.303316116333,7,22,-15,61,34,2.08955223880597,3.142857142857143,7,0,335,350,240,1.9494868553501783,4.03096953078882,682.320399372564,0.04303923361608284,45603,18.705086136177194,26.88105004101723,256x256,65536,sparse,Meijering,335,7,27,2265,30.994513049717845,0.6024713015651019,28.78566216046527,0.9970843164795813,0.40731791508457027,0.3381572392127773,11,4,0.0,34,2424,31.25943497176987,0.655785260641856,0.9967635638271934,28.357768566790934,0.22165720032208014,0.3591864874181317,3666,31.458335292325927,0.6699188242302283,0.9980478838470068,30.58757899922901,0.1674198674559484,0.3981417756366139,-0.4079218981522459,-0.054688549786566565,-0.5372561324711818,-0.05663859196045906,True,0.5506710358827784,0.28346868942621073,0.6513879922530665,28.11663411872304,0.9992577997748626,7265
7266.png,0.7753182069728832,0.5658554044380816,0.7227428571428571,0.5668698458228756,0.9968474148802018,0.9991956688382404,26.809083774995102,0.9973482119630546,27.692033689189294,0.5815704553603442,0.446464046015712,0.7629032967895656,31.086540059700717,0.5889832519179948,2315,4,8,20,14,2.0284697508896796,2.0,281,285,566.0560953772933,4.53958664967072,0.03303453711902869,-0.0006594466584016745,-0.017449198359905438,-3.7569211366883515e-05,-0.00011286220482265019,0.010397992111868093,677.6332855224609,4,8,-4,20,14,2.0284697508896796,2.0,4,0,281,285,247,1.9861617381659387,4.53958664967072,566.0560953772933,0.03303453711902869,45309,19.571922246220304,28.309287257019438,256x256,65536,sparse,Otsu,281,4,27,2181,31.367749068135915,0.6255067535635516,27.73509131123953,0.9974610741678772,0.5711724632484761,0.4157930543882642,8,5,0.0,35,2110,31.593606771229275,0.6663344181840618,0.9973142680535065,27.525491018561592,0.4890219125643831,0.5668698458228756,4025,32.04252569624103,0.6986741076925609,0.9987879435300966,31.27600369760828,0.47664747604368474,0.5668698458228756,-0.043057622050234556,0.030670991627447797,-0.2812090084351979,-0.03652350164555673,True,0.5852170883184187,0.446464046015712,0.7759776536312849,26.826532973355008,0.9992332380496073,7266
7267.png,0.7103973870440936,0.5595359945411122,0.7175672719317436,0.5616438356164384,0.9933373712901272,0.9989698451526542,28.072713892692676,0.9960936284094982,28.156161932945672,0.4983016304347826,0.44415885015668743,0.5964911678139256,30.796507946012078,0.5999898698668916,2516,4,12,27,15,2.0461095100864553,3.0,347,355,666.2789558097044,4.60423310689349,0.02697189806530193,-0.022128754948201435,-0.8067874088274749,-0.00021229805036715454,-0.0008591000842130825,-0.013851741698048592,820.8045959472656,4,12,-8,27,15,2.0461095100864553,3.0,4,1,347,355,305,1.8768421290414181,4.60423310689349,666.2789558097044,0.02697189806530193,44738,17.78139904610493,26.047694753577108,256x256,65536,sparse,Otsu,347,4,31,2504,31.834509504937746,0.6490623627463636,29.355118038304,0.9969527284937113,0.5121533721328312,0.5415939886947765,8,8,0.0,42,2418,32.20383532613582,0.6935840085587287,0.9968062557854621,29.143082339032567,0.42614849337157823,0.5397260273972603,3716,32.37435506736163,0.7080633911147547,0.9980956386995384,31.21926175364997,0.42797434005878343,0.5231085244779186,-1.1989561053583273,-0.09743513853808905,-1.038001558925668,-0.04907249287947202,True,0.7446193240119223,0.44415885015668743,0.732526141992295,28.87950130152015,0.9991821432030213,7267
7268.png,0.708876735380732,0.6041843370087645,0.7532604864293267,0.6172732524552282,0.9660940325497287,0.9978623538235373,27.798197917994084,0.9959636505397426,28.2808958657224,0.5242467718794835,0.4674081989931028,0.6700245671621262,30.764043693746306,0.5711247563315216,2767,5,22,58,32,2.092896174863388,4.4,366,383,772.2744639186585,4.398179939210089,0.0431056788190765,0.02680570414410388,-0.4371259466460806,-0.00022045361155553778,-0.0004993862187729903,0.02857702592105399,734.7686290740967,5,22,-17,58,32,2.092896174863388,4.4,5,0,366,383,276,2.016382412320253,4.398179939210089,772.2744639186585,0.0431056788190765,45398,16.406938923021322,23.684857246114927,256x256,65536,sparse,Meijering,366,5,31,2760,31.310979679622626,0.634809295610872,28.831437251488815,0.9964630367585156,0.49566974595842955,0.4822865283694343,12,11,0.0,41,2756,31.69272241388366,0.683391223996326,0.9964884279445556,28.967100511207285,0.38532811057020366,0.5238505747126436,3038,31.54940670683999,0.6572140097739367,0.9973053386820823,30.256149749466303,0.3322531563493568,0.49827288428324695,-0.5505413857664152,-0.01487832937633149,-0.5469359858763205,-0.06368453927935036,True,0.6975985984705002,0.4674081989931028,0.6820710312366282,28.235323864640165,0.9980828074350928,7268
7269.png,0.6575255102040817,0.36024844720496896,0.5296803652968036,0.366584226435834,0.9542203147353362,0.9992432415228221,27.3116405293096,0.996255370835114,28.335090650931125,0.32421340629274964,0.2530557331094696,0.34592870920131547,30.05752340573492,0.5372818784589923,3523,14,34,88,52,2.0785854616895874,2.4285714285714284,509,529,965.1772976863246,3.347162576461822,0.04475504482096346,0.015323675341696319,-1.2909823754860454,-0.0002553136058736083,-0.000925103485336809,0.020092527171870544,713.6960029602051,14,34,-20,88,52,2.0785854616895874,2.4285714285714284,14,1,509,529,369,1.8245317536603447,3.347162576461822,965.1772976863246,0.04475504482096346,45739,12.982969060459835,18.602327561737155,256x256,65536,sparse,Meijering,509,14,35,3435,31.074474480462314,0.6351828750428657,29.399232294129575,0.9971804743204508,0.3041208791208791,0.27830585097856153,13,1,0.9642857142857143,41,3388,31.48109493169955,0.6975556992668455,0.9969918700124727,29.17969801566244,0.382590155668766,0.26565934065934066,605,30.24541564560829,0.5380016323544353,0.9955756630769216,27.481812270407335,0.39195111664927873,0.33086012640835394,-1.0641416431984503,-0.025250117869091926,-1.0169510747273947,-0.09790099658387341,True,0.7315256767607634,0.2530557331094696,0.6422018348623854,28.602622904795645,0.9994985551286957,7269
7270.png,0.6379518072289156,0.5273684210526316,0.6905582356995177,0.5284810126582279,0.9960238568588469,0.9991200810901267,27.991363773424673,0.9973878127131988,28.541348422977624,0.42545710267229253,0.26777443725878536,0.4760478525424872,31.17885577409571,0.5880426655252154,2422,6,9,23,21,2.0186915887850465,1.5,321,324,614.9986634021936,4.224516616060726,0.028176097164823805,-0.011656862247303446,-0.1165909406888943,-7.11321900069839e-05,-0.00023210730791822787,-0.007383966244725759,629.9839019775391,6,9,-3,23,21,2.0186915887850465,1.5,6,0,321,324,277,1.8981440228462738,4.224516616060726,614.9986634021936,0.028176097164823805,45065,18.6065235342692,27.058629232039635,256x256,65536,sparse,Meijering,321,6,29,2402,31.55859073677624,0.636763020666043,28.85146111771538,0.997619920021117,0.4328410689170183,0.31114692375142317,11,0,0.5833333333333333,40,2384,31.91748868307669,0.680193313898327,0.997572579280389,28.775656546990554,0.2727329507727466,0.41561181434599154,3699,32.061184556589694,0.6943983646256545,0.9985696730222697,31.152694096042918,0.22650966582312504,0.4253075571177504,-0.31011269473775727,-0.04337248649263781,-0.37973496268053,-0.04872035514082751,True,0.5624947908674507,0.26777443725878536,0.6496086694762191,28.107954714113568,0.9991912132801337,7270
7272.png,0.6213408876298395,0.46756990487172095,0.6372029070909448,0.4702812409394027,0.9878197320341048,0.9988885116694375,28.802787059152735,0.994906527029247,29.22135268040316,0.5178105994787141,0.44010163343459796,0.7538153167416648,31.19677195479989,0.5896553635028666,2608,5,15,35,22,2.05420054200542,3.0,369,379,703.2002923552114,4.56758712914578,0.03793929818880499,-0.005489532776395745,-0.1221254002730987,-7.364564429845899e-05,-0.0005017381367408147,-0.002896032435563356,734.6231937408447,5,15,-10,35,22,2.05420054200542,3.0,5,0,369,379,312,1.8554097423620315,4.56758712914578,703.2002923552114,0.03793929818880499,44984,17.24846625766871,25.12883435582822,256x256,65536,sparse,Otsu,369,5,31,2503,31.690337864643872,0.6420193325956891,29.739612670414868,0.9954082651659878,0.5207066319142775,0.5254814393428724,11,11,0.0,40,2322,31.939057320157268,0.6760162207451011,0.9952120223290364,29.380241342636886,0.25600003092453827,0.4604088684134754,3658,32.113352570425775,0.6961984828568705,0.9969414622525476,31.376836628282405,0.11379597716690859,0.4869466515323496,-0.5182599900117069,-0.08537980590827443,-0.4935659098439835,-0.05236396909282248,True,0.5838321717007806,0.44010163343459796,0.6268304204062353,28.924912459425833,0.9989621573137359,7272
7273.png,0.6922615476904619,0.6150061500615006,0.7616146230007615,0.6221484861053505,0.981675392670157,0.9986549166065847,28.13411011973048,0.9966463873848339,28.32761465489146,0.5236528177704648,0.33218894683513633,0.6399893525848829,30.167280393967197,0.5213417041581583,2153,5,15,37,23,2.0694444444444446,3.0,288,298,645.0605177691112,4.363750620848602,0.03376504789185162,-0.017279515111470523,0.01043468388255775,-2.914087533290033e-05,-0.00010147161815066141,-0.01296282145171146,715.3193950653076,5,15,-10,37,23,2.0694444444444446,3.0,5,0,288,298,228,2.164632609963458,4.363750620848602,645.0605177691112,0.03376504789185162,45902,21.320018578727357,30.439386901997214,256x256,65536,sparse,Meijering,288,5,24,2032,30.577688002354748,0.5731169603360815,28.547739680849137,0.9967478590029846,0.5366156392221763,0.3995044211877341,12,11,0.0,29,2136,30.825422617843635,0.621109281718888,0.9961471274211668,27.97966876716599,0.0407165000989268,0.5406214900786223,4368,31.387798202590062,0.6880547373538327,0.9980820170107453,30.66568202920021,0.03164858823185157,0.46017699115044247,-0.22012502595767813,-0.06731547435259777,-0.4104076083875512,-0.05177525617792322,True,0.519053864714222,0.33218894683513633,0.7095410628019324,28.12367543584792,0.9986840574819176,7273
7274.png,0.6200177147918512,0.3097957770854967,0.47304439746300214,0.31044051335414496,0.9933407325194229,0.9996047030136498,27.929354240956812,0.996744568682692,28.43951008700994,0.3200554208520956,0.31750494679460994,0.6307025781842719,30.43047998589841,0.5423069111689545,2754,13,24,59,41,2.054726368159204,1.8461538461538463,402,413,774.1049300959695,3.828878611474488,0.04328652193089861,0.014612309386445754,-0.29184541798817065,-2.8685272321360422e-05,-0.0006383145804926826,0.014923659409654566,710.407018661499,13,24,-11,59,41,2.054726368159204,1.8461538461538463,13,1,402,413,302,1.8743460777142078,3.828878611474488,774.1049300959695,0.04328652193089861,45542,16.53667392883079,23.79665940450254,256x256,65536,sparse,Meijering,402,13,31,2699,31.130506983987395,0.6177366765608208,29.216003396174433,0.9973828832631847,0.30513176144244103,0.35273533292196535,8,3,0.0,37,2688,31.419778047408798,0.6663654946499677,0.9972675916495626,29.08580417173933,0.23249891405933698,0.30412192587461034,3260,31.363828449317502,0.652119423920353,0.9979787922735948,30.329352069046408,0.37966771440382163,0.29358752166377816,-0.7764933091644934,-0.035230386127355406,-0.7000269980889868,-0.0754297653918663,True,0.5034146962085904,0.31750494679460994,0.6054054054054054,28.221199658944983,0.9996333882859711,7274
7275.png,0.7122153209109731,0.5127314814814815,0.6778882938026013,0.5151162790697674,0.9910514541387024,0.9993245895453596,27.586051580995704,0.9977823311297511,28.268362932928397,0.4407436096049574,0.44804332013259274,0.742935222826765,31.05408969519372,0.5776169217189331,2241,5,13,27,19,2.0517799352750807,2.6,309,317,533.7415381772047,4.263675374506361,0.02181741761312665,0.009251847444398331,0.03298084567955328,-3.782195155921375e-05,-0.00020860508918352227,0.0027591134809263895,634.4923973083496,5,13,-8,27,19,2.0517799352750807,2.6,5,0,309,317,263,1.6837272497703597,4.263675374506361,533.7415381772047,0.02181741761312665,45202,20.17045961624275,29.24408746095493,256x256,65536,sparse,Meijering,309,5,27,2233,31.342595324038886,0.6208830393514259,28.37331599762655,0.9979909362189346,0.437984496124031,0.3995044211877341,8,0,0.7,35,2068,31.60275366021523,0.6558249016380719,0.9977399373441753,27.981335055702864,0.4543154872506372,0.436046511627907,4226,32.112694432563366,0.7085377392830768,0.9988392597834305,30.984744697840206,0.350082008457004,0.4317829457364341,-0.10495306469815091,0.04853889894485863,-0.28850562884516506,-0.04326611763249277,True,0.6030718511741175,0.44804332013259274,0.7029634734665747,27.55307073531615,0.9993624114969188,7275
7276.png,0.6905444126074498,0.49100780454699694,0.6586253982703687,0.4928474114441417,0.9924554183813443,0.9990769076368682,27.44607072074868,0.9962683821785738,28.22071459150541,0.5005083022704168,0.33943956917846785,0.5973004659995795,30.20793557938406,0.5352570982635874,2312,4,12,32,20,2.054607508532423,3.0,293,301,644.0983090941364,4.970663903923165,0.028206508222696155,-0.007102646216079589,0.0846567131921816,-2.0126940392772852e-05,-6.851854417466718e-05,0.014132280472051617,640.6056880950928,4,12,-8,32,20,2.054607508532423,3.0,4,0,293,301,241,2.1398614920070953,4.970663903923165,644.0983090941364,0.028206508222696155,45914,19.858996539792386,28.346020761245676,256x256,65536,sparse,Otsu,293,4,25,2188,30.660471691613573,0.5888519059241891,28.264672507030213,0.9963369007227485,0.48637602179836514,0.4344745613004628,10,8,0.0,30,2194,30.895927961419893,0.6339639038954622,0.9959790921044664,27.891134235171254,0.3345373242699944,0.48025867937372363,4018,31.34055500131346,0.6741486101114643,0.9979152870583269,30.779477696475652,0.23215444526752993,0.4935418082936778,-0.043957915524803326,-0.09503499212199495,-0.45253611222951307,-0.05359480766060176,True,0.5682894765709203,0.33943956917846785,0.6976470588235294,27.361414007556498,0.999097034577261,7276
7277.png,0.7005511328842621,0.4123904881101377,0.5839610101905184,0.41564175339009773,0.9813849590469099,0.9992421183159971,27.90781314155972,0.9964705816478789,28.69977149146446,0.449480642115203,0.34576306963448034,0.5324660861895776,30.462534925377653,0.5465692195146682,2722,6,41,81,32,2.1827676240208875,6.833333333333333,383,418,725.0892861500388,4.333176489598446,0.03559060601048439,0.011817841986744515,-0.46964775365316314,-0.0001225488289936516,-0.00046000813408131336,0.036361752175121,598.9763736724854,6,41,-35,81,32,2.1827676240208875,6.833333333333333,6,2,383,418,270,1.7346633639953044,4.333176489598446,725.0892861500388,0.03559060601048439,45572,16.74210139603233,24.076414401175604,256x256,65536,sparse,Meijering,383,6,30,2643,31.053059711821565,0.6174213006620859,29.1964808814473,0.9969305897819603,0.413118889940082,0.3873736058155839,12,6,0.0,36,2692,31.30827229993368,0.6681591538621601,0.9964017140427882,28.624180467139567,0.11344149775515688,0.41643323996265175,3529,31.408043206560144,0.6654073748368262,0.99757446142406,30.38523115181078,0.14520096878852218,0.4148471615720524,-0.49670938998283987,-0.04161053618110355,-0.5905247864439112,-0.0708520811474177,True,0.6493616750483071,0.34576306963448034,0.6887332908975176,28.377460895212884,0.9993646671449907,7277
7278.png,0.5613456464379947,0.5458447132266875,0.7062089853609289,0.5492736552807225,0.9886925795053003,0.9988967621945699,27.48996766921359,0.9973168814899557,28.28781634102484,0.372695174578266,0.3296799539643608,0.4905333265493259,31.699529204210542,0.615088806138244,2192,4,7,17,12,2.0203389830508476,1.75,295,298,537.5233303632268,4.4432663525565195,0.01616638359426598,0.020351022782080674,-0.48640894594780804,-0.00015916048268427296,-0.000250761330903293,0.02797589699679759,598.2356071472168,4,7,-3,17,12,2.0203389830508476,1.75,4,1,295,298,266,1.803769564977269,4.4432663525565195,537.5233303632268,0.01616638359426598,44626,20.358576642335766,29.8978102189781,256x256,65536,sparse,Otsu,295,4,29,2172,32.020749938586185,0.6512283154882712,28.734846784876268,0.997567642820859,0.3447192775814684,0.2804224023717147,11,1,0.125,42,2138,32.33668373212683,0.6871814069087024,0.9977621921899229,29.186551319222787,0.19426469812652036,0.32469572045543776,4220,32.77219911902574,0.7296550825734944,0.9987754740734994,32.01112401391404,0.21249762222406055,0.3619945033372595,-0.4470304438514283,0.04925755159264611,-0.32122073437564325,-0.03613950935002719,True,0.6720847211004115,0.3296799539643608,0.540994623655914,27.9763766151614,0.9990559226772542,7278
7279.png,0.6867749419953596,0.3408207343412527,0.5083762886597938,0.3409680207433016,0.9987341772151899,0.9995617771494351,27.889609227758644,0.9973373363307529,28.628500961315616,0.2863930885529158,0.3581067929792414,0.7842055721281217,30.881375378392324,0.5586138284732767,2314,9,29,72,40,2.1194029850746268,3.2222222222222223,335,355,708.8947822229338,3.608643321492779,0.05070069211965552,0.041235035892073224,-0.14308294780851227,-1.5131849673055697e-05,-0.0004737724081360639,0.021915992615145707,600.8827686309814,9,29,-20,72,40,2.1194029850746268,3.2222222222222223,9,0,335,355,223,1.996886710487133,3.608643321492779,708.8947822229338,0.05070069211965552,45232,19.547104580812444,28.32152117545376,256x256,65536,sparse,Meijering,335,9,28,2293,31.309969553842592,0.6112719176536503,29.221181331871982,0.997811108738889,0.2644770959377701,0.3494909052766835,6,1,0.33333333333333337,36,2146,31.650284195473848,0.6568079101166793,0.9978980384806435,29.262972438384903,0.22049089430066382,0.2510803802938634,3851,31.90007979154972,0.6906341987789274,0.9986169126175269,31.203826985984303,0.3069593799135585,0.27744165946413135,-0.5926803705563657,0.008615887702557945,-0.428594175450268,-0.052658089180373624,True,0.4566491309255002,0.3581067929792414,0.6455399061032864,28.032692175567156,0.9995769089991081,7279
7280.png,0.6122733612273361,0.5929260450160772,0.7444489301574485,0.5971502590673575,0.9882100750267953,0.9982905100980091,28.054840180952063,0.9958982013105644,28.53358762921005,0.5168175937904269,0.29319467174225056,0.39580265525485514,30.146075784779235,0.5308430702166103,2514,4,16,41,20,2.0687679083094554,4.0,349,361,757.8362160092006,4.609773112231476,0.029725094374835923,0.010566391099313344,-0.23718294785975758,-0.00010597984064442123,-0.00031060595606335895,0.027180288090945026,699.1956233978271,4,16,-12,41,20,2.0687679083094554,4.0,4,1,349,361,288,2.0992692964243758,4.609773112231476,757.8362160092006,0.029725094374835923,45914,18.26332537788385,26.068416865552905,256x256,65536,sparse,Otsu,349,4,27,2423,30.688344246593516,0.5959354642028116,28.86671598827991,0.9962088072666277,0.4896373056994819,0.3359071688529781,15,5,0.0,32,2508,30.947597495753136,0.6484313535017752,0.9956316302320101,28.294707229640043,0.2539778593027785,0.4533419438165967,3816,31.18803413350459,0.6654065876026329,0.9972672783563644,30.238829231693735,0.1790534681560404,0.4858338699291693,-0.3331283590698604,-0.042712497110727554,-0.542268461814281,-0.06509239398620137,True,0.7407597393541085,0.29319467174225056,0.6017069701280228,28.29202312881182,0.9983964899386535,7280
7281.png,0.6400580551523948,0.4065469904963041,0.578078078078078,0.40913921360255046,0.9846547314578005,0.9994076073302408,28.181137802492703,0.9967607984305722,28.82734341426839,0.3826025459688826,0.23224585001175058,0.35726709202725676,30.74161826407476,0.55885921516566,2477,5,24,48,20,2.105849582172702,4.8,359,378,647.1250785969928,4.466052784229055,0.027061121733109712,-0.019032853938514283,-0.4452121010813208,-0.00012704141545138992,-0.0004848170938613894,0.0223474981474161,643.904447555542,5,24,-19,48,20,2.105849582172702,4.8,5,2,359,378,291,1.7119711073994495,4.466052784229055,647.1250785969928,0.027061121733109712,45315,18.29430763019782,26.457811869196608,256x256,65536,sparse,Meijering,359,5,29,2462,31.24629008354235,0.6201539127778923,29.233253108444437,0.9972456155244336,0.3602550478214665,0.3009269249934744,10,1,0.25,36,2400,31.521947424651515,0.6644339184099383,0.9969227657379921,28.94707174711982,0.28952262932978035,0.37229897272405243,3700,31.719772073949585,0.6818651466829633,0.9979551097603767,30.83086308277935,0.18902966961416667,0.371994342291372,-0.40590969417604583,-0.06868107498172382,-0.504671819467589,-0.061294697612232385,True,0.6500622508888447,0.23224585001175058,0.6590909090909091,28.626349903574024,0.9995346487456922,7281
7283.png,0.6614607257694074,0.5544373284537969,0.7133608004708651,0.5607649599012955,0.9800539083557952,0.9984154422766717,28.21173003463988,0.9960717013241795,28.82800867603327,0.5401662049861495,0.36871635449307405,0.5594720624397909,31.67525611810628,0.6160337558545625,2461,6,8,23,21,2.012121212121212,1.3333333333333333,330,332,637.109282415704,4.630048500407826,0.02971384189746012,-0.000790929859731726,-0.5194430900132367,-0.0002434792728567281,-0.00053486243271339,0.02937705578762917,607.2194576263428,6,8,-2,23,21,2.012121212121212,1.3333333333333333,6,0,330,332,286,1.9190038626979002,4.630048500407826,637.109282415704,0.02971384189746012,44546,18.1007720438846,26.629825274278748,256x256,65536,sparse,Meijering,330,6,32,2456,32.09028782828593,0.660119215589566,29.341604153649513,0.9966065637568929,0.5107891491985204,0.4620555624053255,11,7,0.0,42,2300,32.3405113124015,0.6986925363938017,0.9962748834413123,29.116731384378056,0.4678921533450735,0.49645608628659477,3529,32.48965773119478,0.7063575705032432,0.9977885792176464,31.34164499871194,0.26550451363789895,0.4960049170251998,-0.5135954776162421,-0.09333920791225148,-0.415031710179651,-0.04408545973500344,True,0.6590433718622983,0.36871635449307405,0.6622516556291391,28.731173124653118,0.9986589215495284,7283
7284.png,0.7050147492625368,0.4036697247706422,0.5751633986928104,0.40635389730328775,0.9838998211091234,0.999353400222812,27.582074599919984,0.9968825220894486,28.197652302015946,0.43683241252302024,0.34295318018494325,0.5860272829188836,30.36827024496538,0.5395788083826264,2489,7,21,55,31,2.08187134502924,3.0,342,356,660.6570981227314,4.07479564104861,0.034009891541314535,-0.0147402277665597,-0.11580937434007055,-4.892475450068989e-05,-0.00040148514121296497,0.020658114147835582,639.9366855621338,7,21,-14,55,31,2.08187134502924,3.0,7,0,342,356,256,1.8557783655132873,4.07479564104861,660.6570981227314,0.034009891541314535,45705,18.36279630373644,26.33025311370028,256x256,65536,sparse,Meijering,342,7,28,2464,30.923594674079542,0.6054634453718208,28.65411665130257,0.9972840072306616,0.41617429837518466,0.4574247922770118,7,3,0.0,33,2402,31.162160184720662,0.649346762133935,0.9969700425460692,28.226571962599103,0.3307962235580296,0.4340456890198968,3757,31.429935236518517,0.6706900899015104,0.9982599237129958,30.505772291810057,0.2570621292009626,0.42320441988950275,-0.45646434928662316,-0.11447161209206858,-0.5553244291141617,-0.06588463698919445,True,0.5852170883184187,0.34295318018494325,0.7197549770290965,27.697883974260055,0.9994023249773127,7284
7285.png,0.5527597402597403,0.42269671807038356,0.594219010561423,0.4247119586809694,0.9888991674375578,0.9993743345679764,27.447912363887923,0.9974203663801895,28.097983525908226,0.32162588792423047,0.1665838837453547,0.3245681752716341,29.94787299560743,0.516537156514883,2424,9,34,66,28,2.1529051987767582,3.7777777777777777,327,352,744.9875011408632,3.6353711101257837,0.044682251008662154,-0.030642067464170974,0.07645911715307818,4.631837704049957e-06,-0.0002123467707059179,-0.013957908739788583,605.7422161102295,9,34,-25,66,28,2.1529051987767582,3.7777777777777777,9,4,327,352,233,2.1164417646047213,3.6353711101257837,744.9875011408632,0.044682251008662154,46024,18.986798679867988,27.036303630363037,256x256,65536,sparse,Meijering,327,9,26,2314,30.530330523489148,0.5820256332007083,28.430805596386676,0.9976327131508954,0.33558379666401905,0.24832749266601817,11,2,0.6388888888888888,32,2310,30.836009859449113,0.6313449410782657,0.997542532186318,28.3193752367591,0.2036307411636067,0.2995629717918157,3894,31.12376010084352,0.6617780604307352,0.9983149937485838,29.93371754989951,0.17521421338208354,0.3116315998412068,-0.3328220704784499,-0.08174360892066346,-0.5824575278817186,-0.06548847668582536,True,0.5132477440400283,0.1665838837453547,0.5834018077239113,27.371453246734845,0.9993697027302724,7285
7286.png,0.8006088280060882,0.48540896013152485,0.6535694521306032,0.4856085526315789,0.9991539763113367,0.9995549868423165,27.26926690044445,0.998283434273381,28.054751257765393,0.4868421052631579,0.622807646436843,1.0220480727131158,30.997679685565807,0.5741233257598847,2042,4,2,6,10,1.9846743295019158,0.5,261,259,432.5782927462533,4.685191739107914,0.017241627579053564,0.0054831615932930955,0.2286095625228164,1.9484742282971368e-05,-2.526235854372061e-05,0.0043102515845718226,539.5114421844482,4,2,2,6,10,1.9846743295019158,0.5,4,0,261,259,245,1.6701864584797408,4.685191739107914,432.5782927462533,0.017241627579053564,45428,22.246816846229187,32.09402546523017,256x256,65536,sparse,Meijering,261,4,25,2022,31.25315402464846,0.6111283183488598,27.92241550396239,0.9983086966319247,0.4825318536785861,0.5132477440400283,5,0,0.875,32,2028,31.44637224181566,0.6510125110671048,0.9981283882210173,27.522396839789206,0.622807646436843,0.4897203947368421,4696,32.18994606825901,0.7183181153661251,0.9992183403018142,31.53513636338753,0.5209738068112488,0.484375,0.13233575380300167,0.10955990239681479,-0.25547433908265305,-0.03700499258897516,True,0.6093721646414789,0.622807646436843,0.7951256664127951,27.040657337921633,0.9995355021000335,7286
7287.png,0.7525925925925926,0.4182522903453136,0.5898136645962733,0.4183997180119845,0.9991582491582491,0.9995024496855567,27.091739909743193,0.9975780774551567,28.124128998186755,0.4152273528375044,0.47270757595695145,0.8369143297495752,31.325297711009238,0.5961110831163429,2355,5,10,22,17,2.0323624595469254,2.0,309,314,507.6873527698054,4.783221942321382,0.018763516723144736,0.005559951643037686,-0.5217257771015085,-7.67508893143587e-05,-0.0003650088210376268,0.0038773352132533967,559.4465732574463,5,10,-5,22,17,2.0323624595469254,2.0,5,0,309,314,270,1.6168387030885503,4.783221942321382,507.6873527698054,0.018763516723144736,45068,19.13715498938429,27.828450106157113,256x256,65536,sparse,Meijering,309,5,29,2321,31.68219664105646,0.6403794303488959,28.665758016569363,0.9979430862761943,0.411350017624251,0.5266877687902607,5,2,0.0,39,2338,32.00230402729442,0.6825247517698732,0.9977914864140809,28.53859007969602,0.5665591761834957,0.4078251674303842,3658,32.18987013582109,0.6964112335575707,0.9987382327273507,31.248287109958707,0.4496180884775931,0.41910468805075785,-0.5416290183826078,-0.05398019283330924,-0.3568989300472225,-0.04426834723255302,True,0.5648219407336433,0.47270757595695145,0.7470326409495549,27.6134656868447,0.999579200574871,7287
7288.png,0.5565455791638109,0.34411845352344395,0.5120359037127703,0.3467808786957723,0.9781761496492596,0.9991055143188464,28.060850478337773,0.9959856180739186,28.570504919406577,0.2660071448200055,0.17990355790884227,0.2724142020456976,30.222555141803703,0.543914004638647,3570,19,48,115,65,2.111753371868979,2.526315789473684,519,548,1083.6765329865527,3.0048269961381004,0.0565836171497954,-0.0044128422597268235,-0.7513016594554642,-0.00021853374640357082,-0.0011416704888277396,0.008824824378016516,686.244010925293,19,48,-29,115,65,2.111753371868979,2.526315789473684,19,3,519,548,339,1.9775119215083026,3.0048269961381004,1083.6765329865527,0.0565836171497954,45565,12.763305322128852,18.357422969187674,256x256,65536,sparse,Meijering,519,19,37,3447,31.302861222962765,0.6424288735292246,29.741182375933395,0.9971272885627464,0.25718232044198897,0.20369880400351537,18,3,0.9736842105263158,43,3388,31.67951179261405,0.7005327005002802,0.9970501942071243,29.76157338031519,0.1827564958370722,0.23011049723756907,603,30.47240747670291,0.5447410539232624,0.9959046521341217,28.331341677294112,0.2641041413517583,0.21734327533830433,-1.1706774565268177,-0.023795246094673095,-1.080306081159062,-0.09851486889057759,True,0.6604044743550609,0.17990355790884227,0.5609584214235377,28.812152137793237,0.99932404806525,7288
7289.png,0.6354019746121298,0.40430031723651744,0.5758032128514056,0.40688187300461154,0.984549356223176,0.9994486365395316,27.745039575321165,0.9968028968482554,28.557184024936575,0.40786676116229625,0.3296799539643608,0.5127270961691561,31.36587075635819,0.5938563757817562,2379,6,18,45,26,2.071641791044776,3.0,335,347,609.4927854239703,4.495360544546327,0.02723934376827908,-0.004340698725968872,-0.43129524794400353,-8.647900694269683e-05,-0.0005091214116837994,0.007370131151654191,602.034330368042,6,18,-12,45,26,2.071641791044776,3.0,6,0,335,347,264,1.7564633585705167,4.495360544546327,609.4927854239703,0.02723934376827908,44915,18.879781420765028,27.547709121479613,256x256,65536,sparse,Meijering,335,6,30,2366,31.772022833022923,0.6425522732581572,29.09316884879186,0.9973120182599392,0.40049663001064206,0.40547945202980573,8,3,0.0,40,2216,32.07308531926239,0.6785175945948904,0.9970954274377867,28.891882307829277,0.42057224147892946,0.37446808510638296,3822,32.29423454225427,0.7031448652846486,0.9984740645579283,31.597377716599667,0.26379745418859957,0.39184397163120566,-0.5359848238552836,-0.07579949806544495,-0.40615207666473196,-0.04869589747640102,True,0.6429930394308526,0.3296799539643608,0.6397426733380986,28.17633482326517,0.9995351155464743,7289
7290.png,0.6009641135511515,0.4552058111380145,0.6256239600665557,0.46120821833793313,0.9722042663219134,0.9990198944405861,27.873119442733227,0.9962147860107158,28.571965205862725,0.4408700980392157,0.29952737976474764,0.5883957932702616,30.493667182874553,0.5531442395064355,2616,4,14,37,21,2.054054054054054,3.5,370,380,694.2729932297447,4.391697997338063,0.03220616200042698,0.0037568095769302534,-0.6625527836540783,-0.0002507757545543443,-0.0004240489083305876,0.0037149784806626562,627.4054050445557,4,14,-10,37,21,2.054054054054054,3.5,4,0,370,380,312,1.8270341927098506,4.391697997338063,694.2729932297447,0.03220616200042698,45600,17.431192660550458,25.051987767584098,256x256,65536,sparse,Meijering,370,4,29,2558,31.055912732832507,0.6171594947297037,29.012883718131015,0.9966388349190464,0.437155119558553,0.29671987802365907,15,0,0.0,34,2542,31.30655918708773,0.6635820119389194,0.9962037151138632,28.60337955368262,0.3440473461597102,0.41982864137086906,3666,31.51772038610142,0.6728033788811971,0.9975860735698796,30.660258274340432,0.2349591798886701,0.44250764525993885,-0.44091851226828993,0.0028075017410885694,-0.5622455499579537,-0.06401525522326812,True,0.5090576499536068,0.29952737976474764,0.5972073039742213,28.535672226387305,0.9992706701951405,7290
7291.png,0.6086387434554974,0.4103823219922834,0.5819447898532703,0.42207792207792205,0.9367493995196157,0.9993536735811328,27.222171208884557,0.9973881427908896,27.98416908022505,0.4273933309429903,0.35079062331485267,0.6063511487000909,29.935878293831934,0.5200899374804488,2478,5,25,49,22,2.116618075801749,5.0,343,363,723.8526837034179,4.355038276914257,0.030575507669335412,0.003079511159004955,-0.5101271327898402,-0.00016927245353903775,-0.0002249305864517881,0.002790156339815719,663.733959197998,5,25,-20,49,22,2.116618075801749,5.0,5,2,343,363,272,1.9940845281085846,4.355038276914257,723.8526837034179,0.030575507669335412,46045,18.581517352703795,26.447134786117836,256x256,65536,sparse,Meijering,343,5,26,2377,30.503247086838808,0.5866500802148791,28.32811302545284,0.9976130733773414,0.4246031746031746,0.38890325893794775,8,4,0.19999999999999996,30,2462,30.7643697379065,0.6387672999357514,0.9973334767023956,27.6742158481656,0.4088670243081043,0.38095238095238093,3649,31.000684677584104,0.6510788868566542,0.9983561540666417,29.898254336079745,0.2794152960312669,0.4004329004329004,-0.3439439452277888,-0.03811263562309508,-0.5673687930068745,-0.06656014273443023,True,0.5785271852240825,0.35079062331485267,0.6055592322964924,27.732298341674397,0.9995229460346718,7291
7292.png,0.6901554404145078,0.5342948717948718,0.6964696051806977,0.5363577863577863,0.9928528886241811,0.999131252670657,27.436402480318037,0.9973160944586412,27.866528131384314,0.503525641025641,0.4769090868974992,0.6934184017791866,30.781942142012078,0.5757412200472186,2565,4,17,38,17,2.079510703363914,4.25,327,340,613.6289036924242,4.604796436948514,0.03168200365180664,-0.00324825351689062,-0.47192818640818857,-8.443394910329083e-05,-0.0003226084237103466,0.011727635235998068,592.6692485809326,4,17,-13,38,17,2.079510703363914,4.25,4,1,327,340,272,1.804790893213008,4.604796436948514,613.6289036924242,0.03168200365180664,45523,17.74775828460039,25.55009746588694,256x256,65536,sparse,Meijering,327,4,29,2513,31.30337574913451,0.629609075887078,28.391341973270237,0.9976387028823516,0.49179800578964294,0.4678921533450735,11,11,0.0,37,2502,31.55160584031718,0.674142161571807,0.9973834274600596,28.096245420471107,0.5506710358827784,0.4948519948519948,3602,31.744215821252585,0.681451466296486,0.9984965251873015,30.691374842338934,0.37767058124129305,0.4893822393822394,-0.5248138418859227,0.009016933552425721,-0.5214336071224324,-0.053867855839859424,True,0.6877652592919895,0.4769090868974992,0.6934036939313984,27.908330666726226,0.9992156866197603,7292
7293.png,0.5827956989247312,0.42078537576167907,0.5923278532284965,0.4246668944311582,0.978740157480315,0.9991754621120256,28.272967571883164,0.9968220288026757,28.618837340609552,0.3173142467620995,0.3296799539643608,0.5517879840921295,30.279639914700475,0.5345622469265507,2697,10,29,68,39,2.1027027027027025,2.9,370,389,767.1818704913262,3.880399816422849,0.04796814472287517,0.003085553997194901,-0.4628793543644072,-0.00011018569432852399,-0.0004678013310204232,0.007310832627582642,626.509428024292,10,29,-19,68,39,2.1027027027027025,2.9,10,0,370,389,263,1.9721898984352824,3.880399816422849,767.1818704913262,0.04796814472287517,45685,16.939191694475344,24.299592139414163,256x256,65536,sparse,Meijering,370,10,29,2544,30.932302923395415,0.6050456053691278,29.21322586541382,0.9972898301336961,0.3100034141345169,0.3453381024975076,11,6,0.0,34,2498,31.17312810349278,0.6514741943893743,0.9969119946075643,28.720985807821904,0.18694500056353403,0.2926165362368152,3533,31.294244407922033,0.6579722191074571,0.9977953457367633,30.130173774629,0.1993310332527941,0.3152877085461355,-0.5943885248042662,-0.015658148533146843,-0.6526630086949403,-0.07048335844257703,True,0.597475775966364,0.3296799539643608,0.5797101449275363,28.73584692624757,0.9992856478063541,7293
7294.png,0.8202846975088968,0.5259048970901349,0.6893023255813954,0.5260915867944622,0.9993256911665542,0.9993055866415664,26.834008674854193,0.9972197695443493,27.532873431758922,0.5591359773371105,0.43305897896307466,0.7667176993878413,30.25829729231632,0.5423947309097301,2348,5,20,45,24,2.1013513513513513,4.0,296,311,627.3674077412469,4.2975655556530565,0.03133861435276934,-0.0028242959395844425,-0.37985267339545814,-6.0751293767258296e-05,-0.00031844064413910633,-0.0010344166990982062,582.7209949493408,5,20,-15,45,24,2.1013513513513513,4.0,5,0,296,311,227,2.0172585457917873,4.2975655556530565,627.3674077412469,0.03133861435276934,45967,19.577086882453152,27.911413969335605,256x256,65536,sparse,Otsu,296,5,26,2345,30.705014274096353,0.5990242891820555,28.012441431511025,0.9975382101884884,0.5601703940362087,0.5717293827873404,5,3,0.0,31,2330,30.955849830824008,0.6434560726017605,0.997206651330041,27.59583270314572,0.5148675503828364,0.549520766773163,3865,31.279104069674307,0.6682560546634937,0.9984588631471543,30.07483730561956,0.3907676491555776,0.5552005679801207,-0.47956799975210274,-0.13867040382426576,-0.44671698178003183,-0.05662955827232541,True,0.5648219407336433,0.43305897896307466,0.8231089934484812,27.21386134824965,0.9993663379353337,7294
7295.png,0.7186963979416809,0.5452348066298343,0.7056983240223464,0.54750346740638,0.9924575738529227,0.9991566209805397,27.650429500610333,0.9973354293268148,28.36334299234099,0.48805815160955346,0.39468118935377583,0.5196650261845431,31.42186849311556,0.6004451448101326,2462,4,10,26,16,2.036697247706422,2.5,327,333,617.4653575093394,4.582168072370943,0.028861601111861965,0.006851295435986171,-0.6800688603749698,-0.00013540948708112843,-0.00024294654919398972,-0.0025798511643716493,590.3952121734619,4,10,-6,26,16,2.036697247706422,2.5,4,1,327,333,285,1.8542503228508658,4.582168072370943,617.4653575093394,0.028861601111861965,44872,18.22583265637693,26.61900893582453,256x256,65536,sparse,Meijering,327,4,30,2390,31.781509196948154,0.6461924754655183,28.82571487216492,0.9975783758760088,0.4906380027739251,0.5551419337770589,6,5,0.0,41,2258,32.09679353779582,0.6838499900420658,0.9973948554993742,28.667108928274104,0.5740074125998693,0.4977469670710572,3572,32.22926109249636,0.6964509270145681,0.9984791172536159,31.059621825369526,0.4854406854000778,0.49636048526863086,-0.46237187982393024,-0.16046074442328306,-0.35964070383259283,-0.04574733065538572,True,0.7594915367916579,0.39468118935377583,0.7118451025056948,28.330498360985302,0.9992920304676208,7295
7296.png,0.657126168224299,0.6434573829531812,0.783053323593864,0.6439727673207849,0.9987577639751553,0.99891979300819,28.123597794814017,0.9975550722737175,28.475047683709747,0.49079263410728585,0.44010163343459796,0.709660452774439,31.451073747117704,0.5979696955205396,2277,4,6,19,16,2.012422360248447,1.5,322,324,609.0027634437423,4.183985216647201,0.02470903101619207,0.024781781953211235,-0.07903706797480936,-9.748019668331942e-05,-0.00023077003739802038,0.011817864383617427,593.3668613433838,4,6,-2,19,16,2.012422360248447,1.5,4,0,322,324,287,1.87963815877698,4.183985216647201,609.0027634437423,0.02470903101619207,44954,19.74264382960035,28.78173034694774,256x256,65536,sparse,Meijering,322,4,28,2199,31.731702665329145,0.6367349491044707,28.716063419535587,0.9977858423111156,0.4789747697236684,0.37569179302103917,9,0,0.375,41,2270,32.09554511196398,0.6806912863002266,0.9976759705188558,28.818054162871146,0.3269933040626136,0.4629555466559872,3792,32.29235098081665,0.7042629109432706,0.9985744375273015,30.9919269339731,0.32631996075113234,0.4641569883860633,-0.24101573582584024,0.0644098404135588,-0.2806289182114412,-0.038765253583931125,True,0.6201580371486213,0.44010163343459796,0.6323443862710878,28.202634862788827,0.9990172732048733,7296
7297.png,0.7117988394584139,0.5036258158085569,0.6698818422956353,0.5060109289617486,0.9907275320970043,0.9991305873887502,28.34880077065453,0.9966988416645745,28.931227667854117,0.45434703528555836,0.2871338032077275,0.4135862054030925,31.33599623290026,0.5892296404234881,2326,4,11,31,19,2.043343653250774,2.75,323,330,579.7576946656125,4.265813262100928,0.030221843492916397,-0.0014604681836500877,-0.2689325776385374,-9.825924807471687e-05,-0.00041951799027317715,0.010064442423213138,570.4643726348877,4,11,-7,31,19,2.043343653250774,2.75,4,0,323,330,273,1.7568414989867014,4.265813262100928,579.7576946656125,0.030221843492916397,44875,19.292777300085984,28.175408426483234,256x256,65536,sparse,Meijering,323,4,30,2315,31.752352195688296,0.6373366410973329,29.393797483794977,0.9971183596548476,0.4442825928623452,0.40017126795849167,9,2,0.0,40,2306,32.06622630151061,0.6801354832554323,0.9969749396085321,29.275914356375004,0.2181457653553308,0.4577439245556765,3826,32.290564944227256,0.7069683735078244,0.9979857592842419,31.239737637212354,0.12942785988500094,0.4449259660527266,-0.46256981594086,-0.11303746475076415,-0.4163559627880353,-0.04810700067384477,True,0.6942538205012883,0.2871338032077275,0.713259307642064,28.61773334829307,0.9992288466368249,7297
7298.png,0.3745130773511408,0.43335993615323226,0.6046770601336303,0.4408660351826793,0.9621972829297105,0.9987636871166358,28.50578210633129,0.9958246014662844,28.55469355829786,0.20539083557951482,0.10952477670252736,0.167585877793268,30.050053851742753,0.5344204136401907,3439,14,57,122,58,2.1709741550695827,4.071428571428571,503,546,1076.6126196063562,3.152634795096001,0.05152573453961621,0.0445985474366109,-0.9999178878473529,-0.00030607410792726775,-0.001123174896587309,0.03191316304906827,656.4970016479492,14,57,-43,122,58,2.1709741550695827,4.071428571428571,14,2,503,546,323,1.9718179846270212,3.152634795096001,1076.6126196063562,0.05152573453961621,45654,13.275370747310264,19.056702529805175,256x256,65536,sparse,Meijering,503,14,35,3328,31.12683301232201,0.6320469936201227,29.721512775574507,0.9969477763628717,0.17347767253044655,0.1366684872469437,23,1,0.4285714285714286,40,3214,31.480686463783712,0.684617395733495,0.9967898001403847,29.61185137776614,0.08092388779977655,0.1914513245571266,596,30.37158781000894,0.5322444421518514,0.9955443727785422,28.051167310213955,0.1872020524107244,0.17483085250338296,-1.1668192172766467,-0.027143710544416333,-1.0767791605792567,-0.09762657997993207,True,0.6535441896699425,0.10952477670252736,0.3299145299145299,29.50569999417864,0.999069761224563,7298
7299.png,0.773757838880849,0.6073074391046741,0.7556829817735,0.6087099967007589,0.9962203023758099,0.9988748279045588,27.200796088586074,0.9973122502287209,27.708593858206076,0.5817589576547231,0.6257596881497478,0.8305776034877135,30.47215158069775,0.5662988677853614,2554,4,19,44,19,2.091743119266055,4.75,327,342,631.9098151532588,4.159309789310537,0.03783795245333441,-0.009757553373371475,-0.35803902042375313,-0.00011742578628803901,-0.000287991638161067,0.009765547440555022,576.077938079834,4,19,-15,44,19,2.091743119266055,4.75,4,1,327,342,264,1.8476895179919814,4.159309789310537,631.9098151532588,0.03783795245333441,45638,17.86922474549726,25.660140955364135,256x256,65536,sparse,Meijering,327,4,28,2528,31.129884304597823,0.6246031429571139,28.207328538508,0.997600241866882,0.571993410214168,0.6693406761354322,6,8,0.0,34,2486,31.34764612136818,0.6700927902129585,0.9972451863172358,27.573321202481587,0.6660174946826554,0.5781507074695623,3648,31.601819240652993,0.6775058090621893,0.9984745794673979,30.287099448778612,0.6604044743550609,0.5715227422544495,-0.4987346803019257,-0.04358098798568444,-0.6577327239000716,-0.05830427517175252,True,0.7534030360583934,0.6257596881497478,0.7835153922542205,27.558835109009827,0.9989922536908469,7299
7300.png,0.7303443794671864,0.4974964234620887,0.6644375447814664,0.4983876746685776,0.9964183381088825,0.999297583233903,27.199356589150767,0.9977225500336678,28.086083058167706,0.4472182596291013,0.5000930677240176,0.8853995067444621,31.43772445480545,0.6046872686372006,2356,4,5,15,14,2.0063492063492063,1.25,315,316,511.2302925569966,4.4385738607436895,0.025025409410484152,-0.002770374631174244,-0.24855152852257234,-7.84439691390304e-05,-0.00024191392678907242,0.0004249955660414195,552.8714656829834,4,5,-1,15,14,2.0063492063492063,1.25,4,0,315,316,286,1.6178173815094803,4.4385738607436895,511.2302925569966,0.025025409410484152,44878,19.048387096774192,27.816638370118845,256x256,65536,sparse,Meijering,315,4,28,2297,31.751243178701692,0.6433638651403502,28.47346758142828,0.9979644639604569,0.44679326406305986,0.3934693402873666,8,1,0.0,41,2290,32.18212862402834,0.687594442913811,0.9980161584709389,28.876245153141802,0.4511883639059735,0.4367610175564314,3840,32.38919403786313,0.7083072710118252,0.9988148049955881,31.415224910299546,0.35079062331485267,0.4489430311716231,-0.38738452326057526,0.10662372743665105,-0.3135187238962409,-0.038676596503149585,True,0.5648219407336433,0.5000930677240176,0.7331147540983607,27.44790811767334,0.9993760272030421,7300
7301.png,0.6763779527559055,0.3486943164362519,0.5170842824601366,0.3502005553841407,0.9878154917319408,0.99920418550663,27.851352291568414,0.9960923630427762,28.442427554386967,0.2959778937672705,0.15710180290249787,0.26845047083966594,30.31628573731972,0.5418157919565991,3158,18,39,93,56,2.0905172413793105,2.1666666666666665,464,485,915.6400097904414,3.1322970942690453,0.04429512733774193,0.005100491405213847,-0.596735760440751,-0.00013036225598250795,-0.0010346564025333072,0.016743089694453483,646.0223197937012,18,39,-21,93,56,2.0905172413793105,2.1666666666666665,18,3,464,485,315,1.8879175459596682,3.1322970942690453,915.6400097904414,0.04429512733774193,45516,14.412919569347688,20.752374920835972,256x256,65536,sparse,Meijering,464,18,34,3020,31.22970843691112,0.6291244948029742,29.597264820192176,0.9971270194453095,0.27923480407281703,0.2751700343835558,11,5,0.4722222222222222,41,2964,31.5885924093389,0.6813027115213813,0.9971938727239901,29.691362537920448,0.10228889944418407,0.2852770125497398,672,30.522278771006718,0.5467184598495284,0.9960990096569057,28.396219093594052,0.37081713007363404,0.28509719222462204,-1.1548372658052095,-0.11806823148105794,-0.9134226995914005,-0.08730870284637504,True,0.5852170883184187,0.15710180290249787,0.6712774613506917,28.448088052009165,0.9993345477626125,7301
7302.png,0.7052083333333333,0.6067615658362989,0.7552602436323366,0.6113302258874148,0.9878331402085747,0.9987575066747856,28.22796484005005,0.9967014599533475,28.666538455306572,0.5544802867383513,0.42879093615118524,0.5950726679063536,31.608411142213026,0.6073541756694077,2340,4,14,34,19,2.059171597633136,3.5,338,348,754.3681749193773,4.932148993015289,0.030741839025517362,-0.00673669837914026,-0.3852550824021783,-0.0001208068073614843,-0.00026202809133002436,0.01199193966054557,753.8223266601562,4,14,-10,34,19,2.059171597633136,3.5,4,0,338,348,285,2.1677246405729194,4.932148993015289,754.3681749193773,0.030741839025517362,44678,19.093162393162395,28.006837606837607,256x256,65536,sparse,Otsu,338,4,30,2318,31.902176484835426,0.6482434460079437,29.098171733472014,0.9969634880446775,0.5424883470778057,0.5228860844789656,8,8,0.0,41,2144,32.208572691336485,0.6829242714955386,0.9966546477311986,28.908953180730794,0.5584658888611408,0.5175627240143369,3982,32.52523007358552,0.7179478518986013,0.9982502731443714,31.64281415075186,0.4213994044483075,0.5285048404446038,-0.4316332781654424,-0.09409514832778032,-0.2937653426224003,-0.040889270338535955,True,0.7205690317785927,0.42879093615118524,0.7119450317124736,28.613219922452227,0.9988783134821471,7302
7303.png,0.6612604263206673,0.5123042505592841,0.6775147928994082,0.5247780005729017,0.95565988523735,0.9986999805847462,27.84857010275832,0.9961633680536665,28.603088355344415,0.47063854047890535,0.26875008743111795,0.3694320725739747,30.61856673281725,0.5631189712084763,2736,7,26,61,33,2.1032608695652173,3.7142857142857144,368,387,755.962468123222,4.205154870515284,0.03724613274641709,-0.02721752531517907,-0.8163220555653901,-0.0002724077899205479,-0.0005717745639833849,0.010172101343524254,611.6056442260742,7,26,-19,61,33,2.1032608695652173,3.7142857142857144,7,0,368,387,274,1.9533913904992786,4.205154870515284,755.962468123222,0.03724613274641709,45395,16.591739766081872,23.953216374269005,256x256,65536,sparse,Meijering,368,7,31,2699,31.28444177408405,0.6302867943638075,29.192428190563287,0.9967351426176498,0.4604664391353811,0.5120293410309519,8,6,0.0,38,2648,31.599653457431067,0.6765474638786831,0.9964949919194878,28.93241522533223,0.2655957496462733,0.4587599544937429,3271,31.523044263460953,0.6630733308801883,0.9973755733383218,30.140697061012176,0.1792820373307037,0.44630206857466703,-0.5893398352188726,-0.24327925359983393,-0.6658750412668013,-0.06716782315533121,True,0.7274682069659875,0.26875008743111795,0.6884779516358464,28.66489215832371,0.9989723883746667,7303
7305.png,0.625,0.480719794344473,0.6493055555555556,0.4866171003717472,0.9754098360655737,0.9991811134591231,27.716778480210316,0.9972653399069463,28.37170388674597,0.44244207429201915,0.26736753226078414,0.4017782801990678,30.366020543841405,0.5403431145001424,2532,6,27,65,31,2.1193181818181817,4.5,352,373,705.5699859888666,3.853371170095422,0.03798448780638567,0.008104125736738688,-0.7036944496773927,-0.0001624571780255435,-0.00042509890251474225,0.023482966485327716,594.1305160522461,6,27,-21,65,31,2.1193181818181817,4.5,6,1,352,373,256,1.8916085415251078,3.853371170095422,705.5699859888666,0.03798448780638567,45648,18.028436018957347,25.88309636650869,256x256,65536,sparse,Meijering,352,6,28,2454,30.938705486249795,0.6061686798702179,28.902064040395153,0.9976904388094611,0.41895910780669143,0.34652731542633364,11,1,0.5833333333333333,33,2364,31.166541362613998,0.6478925228145656,0.9973960235725494,28.449968753836202,0.2728128658376876,0.3859583952451709,3635,31.380130114488157,0.6650090864408548,0.9982499085252504,30.285293490572673,0.34107321917720257,0.42724573125463994,-0.530360153649184,-0.0791597831655495,-0.5726849424083902,-0.06582556537007556,True,0.6654603930513924,0.26736753226078414,0.6168958742632613,28.42047292988771,0.9993435706371486,7305
7306.png,0.5694822888283378,0.5838257016248154,0.737234786663558,0.5939143501126972,0.9717271051014137,0.9985721812693982,27.875179666013494,0.9970187463177248,28.342791273686274,0.4668415136755339,0.27496725638358677,0.45474960615748505,30.59303812772418,0.5506126643942556,2250,4,18,36,18,2.094915254237288,4.5,295,309,673.4685677453306,4.784110517016912,0.02577254183113355,0.003859004918398301,-0.1686540588805343,-0.00019629404239840387,-0.00017134480133706997,0.007036855523768315,624.2818832397461,4,18,-14,36,18,2.094915254237288,4.5,4,0,295,309,241,2.1795099279784127,4.784110517016912,673.4685677453306,0.02577254183113355,45562,20.249777777777776,29.127111111111113,256x256,65536,sparse,Meijering,295,4,26,2245,30.963653462437264,0.60286223948525,28.530164772263873,0.9971900911190619,0.4598046581517656,0.35453079547803124,9,4,0.0,34,2198,31.241705673737037,0.6462759090100405,0.996950395597121,28.1950171158754,0.3607757837496701,0.4444861215303826,4238,31.725801508749374,0.6962393501290164,0.9984096761914691,31.10603861134627,0.27798855305048986,0.44540337711069417,-0.18737349857759966,-0.07956353909444447,-0.37061533471308294,-0.05224957509099437,True,0.6046563925739001,0.27496725638358677,0.5656232839099395,28.04383372489403,0.9987684753117966,7306
7307.png,0.7903846153846154,0.6253472222222223,0.7694936979277931,0.6286212914485165,0.9917400881057269,0.9989768450681628,27.78274192745691,0.9961411235932407,28.040876319647584,0.6567164179104478,0.631067971731117,0.8322295094375068,30.765751936862088,0.5752314345422459,2377,4,14,29,13,2.0636942675159236,3.5,314,324,601.6036851951693,4.432894301642278,0.02430184797950199,0.011505091339003015,-0.4476280435228901,-0.00011956907972254793,-0.0006519692988611325,0.03821729051079681,638.6499404907227,4,14,-10,29,13,2.0636942675159236,3.5,4,2,314,324,272,1.856801497515952,4.432894301642278,601.6036851951693,0.02430184797950199,45225,19.026083298275136,27.570887673538074,256x256,65536,sparse,Otsu,314,4,28,2356,31.34499913773456,0.6249518261821941,28.76406990960077,0.9967930928921018,0.618499127399651,0.6814576991267811,5,6,0.0,36,2374,31.598255848408535,0.67178529538407,0.9964349995069959,28.33109529950721,0.4140644360293101,0.6302228412256268,3932,31.91210055682623,0.6945721345756846,0.9980384789191132,30.910210084201584,0.37811494353498,0.6283924843423799,-0.7231935899531869,-0.05038972739566416,-0.579247200872473,-0.049720391639948236,True,0.7582859831029636,0.631067971731117,0.7788795240456123,28.2303699709798,0.9990964141478853,7307
7308.png,0.6407211961301671,0.5798833819241983,0.734083779295073,0.5822599531615925,0.9930104842735896,0.9985889109789098,27.997135995201777,0.9947052811651768,27.964917177554895,0.4931785195936139,0.3631683856282568,0.5510538473394098,30.53293920664723,0.5960913976510422,2814,4,22,42,19,2.09375,5.5,384,402,789.38770470905,4.979223879985511,0.029753675025811808,-0.010842011844459098,-0.717491634076243,-0.00028824885498246466,-0.001169772001033298,0.012499362684948834,794.8808670043945,4,22,-18,42,19,2.09375,5.5,4,2,384,402,323,1.963651006738926,4.979223879985511,789.38770470905,0.029753675025811808,45006,15.99360341151386,23.289267945984363,256x256,65536,sparse,Otsu,384,4,32,2644,31.767200914046853,0.6515454660821985,29.255770362221575,0.9958750531662101,0.4806791569086651,0.3745809246181817,15,13,0.0,41,2574,32.06475218220591,0.6911441845026969,0.9955044282320757,28.925602234434884,0.3587178288274335,0.4679543459174715,3127,32.021804969343435,0.6790014345197428,0.9970774988304648,31.049347176857218,0.30168913434006506,0.48332358104154477,-1.2908531846666804,-0.011412538989924892,-1.2342617073996216,-0.0554540684311563,True,0.6590433718622983,0.3631683856282568,0.6515632079746262,28.71462762927802,0.9988771598338922,7308
7309.png,0.6233062330623306,0.3986156351791531,0.5700145560407569,0.40057283142389527,0.987891019172553,0.9994903651512794,27.777953847176818,0.9974955696927034,28.522690901680082,0.32978723404255317,0.4428941381878261,0.7677965068027871,31.44338553554908,0.5944630295553465,2063,4,12,34,19,2.055944055944056,3.0,286,294,496.77039159324363,4.697597352358011,0.030551601691647775,0.002094111850209357,-0.10247925297176508,-2.763905906877362e-05,-0.00026120172789212415,-0.009001636661211176,565.1471614837646,4,12,-8,34,19,2.055944055944056,3.0,4,0,286,294,233,1.6896952095008264,4.697597352358011,496.77039159324363,0.030551601691647775,44795,21.713523994183227,31.767329132331557,256x256,65536,sparse,Meijering,286,4,27,2006,31.675079198348953,0.6279242326374874,28.82567357073254,0.9977567714205955,0.33878887070376434,0.29832553970433506,7,0,0.625,37,2062,32.00249149298025,0.6723926560779226,0.9977223400677508,28.715945468121898,0.3473189236693539,0.3334697217675941,4418,32.53509185479717,0.7255915586064839,0.9987660709721213,31.887197641193765,0.2960944622160564,0.3322422258592471,-0.30298266905245796,0.14456859848349102,-0.23169366279987358,-0.033461203082140956,True,0.5768379176822511,0.4428941381878261,0.6212121212121212,27.880433100148583,0.9995180042103482,7309
7310.png,0.69182156133829,0.6334239130434782,0.7755781068041923,0.6360163710777627,0.9936061381074168,0.9982684645959286,27.481638639937977,0.9947820634280503,27.71386232096041,0.5903549173665673,0.46473857148100983,0.5738497841756446,29.72939454233565,0.5514687942937515,3267,4,18,41,16,2.0615384615384613,4.5,455,469,898.3879799864079,4.369395132641216,0.02329965057625521,-0.02241064839953777,-1.3551281670785187,-0.00047232509759909114,-0.0014444209503799987,-0.017498914103299068,732.2056293487549,4,18,-14,41,16,2.0615384615384613,4.5,4,3,455,469,398,1.91553940295609,4.369395132641216,898.3879799864079,0.02329965057625521,45750,14.003673094582185,20.059993878175696,256x256,65536,sparse,Otsu,455,4,34,3216,31.12967676463928,0.6391949992640438,29.284495654746916,0.9962264843784303,0.6078538314698664,0.4040789331290786,17,14,0.0,39,3030,31.387562534198192,0.6858716852056188,0.9956019046093068,28.614632560413682,0.37624648708224795,0.5922805110084262,672,30.269482286257748,0.5511460878639189,0.99362397248693,26.98298307500511,0.5108078882036684,0.5970596242853253,-1.5706333337865068,0.06065963835193122,-1.4002822223036304,-0.08772620497029227,True,0.8098610198984795,0.46473857148100983,0.7142322097378278,28.836766807016495,0.9987407896935276,7310
7311.png,0.569937369519833,0.5467860048820179,0.7069963177275118,0.5481239804241436,0.9955555555555555,0.9992640194829767,27.808920439380387,0.9976683272381562,28.604429462817237,0.3694942903752039,0.2992159894074672,0.44199510869045133,31.746312130648874,0.6105301922517786,2143,4,7,16,13,2.0194805194805197,1.75,308,311,508.73333519947397,4.4671116734479925,0.023609119547167427,0.01920258995370283,-0.1443484414165077,-4.162577817334867e-05,-0.00015513126833455182,0.016313213703099516,559.283971786499,4,7,-3,16,13,2.0194805194805197,1.75,4,0,308,311,279,1.6357985054645452,4.4671116734479925,508.73333519947397,0.023609119547167427,44653,20.836677554829677,30.581427904806347,256x256,65536,sparse,Meijering,308,4,28,2074,31.97851320028289,0.6459191505150753,28.73512250730745,0.9978234585064908,0.3531810766721044,0.2340716616353513,12,0,0.0,41,2122,32.31327666939247,0.6882661329211697,0.9978391791278989,28.951796736157966,0.23202646034329377,0.3254486133768352,4191,32.733829359549574,0.7289201524294479,0.9988022099005615,31.955660814542505,0.2648585194083154,0.36174551386623166,-0.13069304449021502,0.06514432777211587,-0.23220106963401577,-0.03538895826329669,True,0.676966743577747,0.2992159894074672,0.5507347795661302,27.953268880796895,0.9993056452611501,7311
7312.png,0.6914433880726015,0.42134170262848175,0.5928788296991444,0.4221698113207547,0.995366079703429,0.9994480887644682,27.891301446153243,0.997513568830871,28.9573898415888,0.3440691280439906,0.45483493938916475,0.7302976159514575,31.542017906875483,0.5989010654092738,2309,6,24,52,28,2.108433734939759,4.0,332,350,627.9372842965162,4.061281524149768,0.029610796782116196,-0.021615031171384747,-0.39466700149564105,-5.66222537278227e-05,-0.00037373838286725025,-0.015600683276764116,576.4005184173584,6,24,-18,52,28,2.108433734939759,4.0,6,0,332,350,252,1.7941065265614722,4.061281524149768,627.9372842965162,0.029610796782116196,44712,19.364226938068427,28.382849718492853,256x256,65536,sparse,Meijering,332,6,30,2273,31.844554246691583,0.6407578244789545,29.43701022344927,0.9978873072137382,0.3596698113207547,0.40717565786179344,7,3,0.0,41,2052,32.20186026905386,0.6754457925189205,0.9978725176709269,29.49874443367166,0.5542513273350398,0.3443396226415094,3864,32.472566370719015,0.712091208389569,0.9986140390315014,31.666350180612394,0.3272379892793097,0.35088408644400787,-0.47962038186047096,0.04765928152737131,-0.3025363398161005,-0.04185675906968067,True,0.622807646436843,0.45483493938916475,0.7130584192439863,28.285968447648884,0.999504711018196,7312
7313.png,0.6961566352429297,0.45019011406844106,0.6208704771893027,0.45173597863410914,0.9924559932942163,0.9992140005544026,27.063946640801966,0.9969029007791902,27.7312403985116,0.4241965973534972,0.324295886039374,0.5464767539482687,30.617188606244945,0.5702294052266625,2287,6,26,53,27,2.1302931596091206,4.333333333333333,307,327,675.3054002181776,4.323461576859415,0.033590662549462476,-0.015381826295531864,-0.8477239732103641,-6.450785609624088e-05,-0.0005376024702137272,-0.0018704758172345404,614.5532131195068,6,26,-20,53,27,2.1302931596091206,4.333333333333333,6,1,307,327,227,2.0651541291075746,4.323461576859415,675.3054002181776,0.033590662549462476,45195,19.76169654569305,28.65588106689987,256x256,65536,sparse,Meijering,307,6,27,2232,31.34263836157478,0.6194310725744882,28.715374581271544,0.9974405032494039,0.4260670731707317,0.39195111664927873,8,1,0.8333333333333334,36,2142,31.62729432089696,0.6604541338000746,0.9972593778002015,28.479384444952665,0.5014243770087834,0.4070121951219512,4103,32.074517905134755,0.7040060144075582,0.9984621811947133,31.208802460678385,0.3649172667540719,0.4054157131960336,-0.984134182759945,-0.06765523060990475,-0.7254497553298371,-0.049201667347825606,True,0.5934303402594009,0.324295886039374,0.7115384615384616,27.91167061401233,0.9992785084104988,7313
7314.png,0.6740121580547113,0.3708609271523179,0.5410628019323671,0.37452229299363055,0.9743164871582436,0.9989795928330933,28.077872374350903,0.996552192092512,28.61310271797461,0.3138500635324015,0.26259306209027133,0.4503103398367233,30.39986043000232,0.5441398328378831,2864,13,29,71,42,2.0794044665012406,2.230769230769231,403,419,811.6139397311249,3.588034405601823,0.044158393142849375,-0.010929926887373709,-0.4697591486963688,-0.00014885802546216187,-0.0005884814623188239,0.003340509392274149,658.8973999023438,13,29,-16,71,42,2.0794044665012406,2.230769230769231,13,2,403,419,290,1.9370261091434924,3.588034405601823,811.6139397311249,0.044158393142849375,45589,15.917946927374302,22.88268156424581,256x256,65536,sparse,Meijering,403,13,32,2814,31.15525495070031,0.6226432041238084,29.304217025306052,0.9971406735548308,0.3105095541401274,0.34130850815196423,8,5,0.05769230769230771,37,2750,31.40753585911981,0.6714617349173104,0.9970993599996295,29.097864140185827,0.4638457252683116,0.30690862782553324,3187,31.305327100108265,0.6473685812711268,0.9974055505714454,29.940501538157797,0.3749977317172992,0.3037249283667622,-0.6911143073314427,-0.0787154460616929,-0.7553945206979904,-0.07850337128592522,True,0.5831379803214916,0.26259306209027133,0.684942084942085,28.547631523047272,0.9991284508585555,7314
7315.png,0.7338760175328741,0.49410131852879946,0.6614026939154668,0.49496002780674314,0.9965010496850945,0.9992929213870904,27.712650280005793,0.9972729743705587,28.479343988458474,0.4611919611919612,0.3520877445146494,0.5094001920882125,31.12522747542252,0.583361001260296,2443,6,18,38,24,2.072289156626506,3.0,332,344,643.4022335849506,4.311048950057432,0.03338607228807924,0.008460947290217624,-0.3179623221228205,-7.435112504849961e-05,-0.00030144576268420487,0.018717161052927478,612.1227741241455,6,18,-12,38,24,2.072289156626506,3.0,6,0,332,344,270,1.8703553301888067,4.311048950057432,643.4022335849506,0.03338607228807924,45077,18.45149406467458,26.82603356528858,256x256,65536,sparse,Meijering,332,6,29,2397,31.479598836585083,0.6329693333853129,28.829800134018416,0.9975744201332429,0.44247480013903373,0.5461552047176442,6,5,0.0,40,2426,31.86218590401016,0.6787914239080366,0.9976315197924559,28.93673204478988,0.30873413085047574,0.41904100069492706,3746,32.0498440128248,0.694598634595553,0.9984285568620677,30.88002044183871,0.37873651775253836,0.4337851929092805,-0.3504561455599422,-0.1940674602029948,-0.3543713611625634,-0.04960833212501692,True,0.6911810203119801,0.3520877445146494,0.7254150702426565,28.030612602128613,0.9993672725121389,7315
7316.png,0.6688409433015554,0.4714244270380041,0.6407728706624606,0.4909365558912387,0.9222474460839954,0.9983108213850059,28.0450141621249,0.9955973715893658,28.632594359553487,0.45535980889817856,0.31156428397872993,0.48294906036646973,30.171684555286507,0.5344155199787402,2818,10,32,76,43,2.11340206185567,3.2,388,410,846.051984074699,3.6729892320239665,0.04783611774884955,0.00708370612532383,-0.9938246090027896,-0.0004495884889342827,-0.0006933525826321452,0.007477561977181246,699.1970539093018,10,32,-22,76,43,2.11340206185567,3.2,10,0,388,410,269,2.063541424572433,3.6729892320239665,846.051984074699,0.04783611774884955,45652,16.20014194464159,23.256210078069554,256x256,65536,sparse,Meijering,388,10,30,2737,30.937235791273526,0.6120061474397218,29.39296303708486,0.9962907241719979,0.4478822469209973,0.2969877432354179,21,8,0.0,36,2790,31.251970984396095,0.6660245095578797,0.9959065631879127,29.03343394437615,0.04578393396262648,0.2972410924719257,3329,31.246019879031913,0.652539128940515,0.9968619748283727,30.222702617349743,0.04141558467127371,0.4479138627187079,-0.7603686775313747,0.01457654074331205,-0.7655512359870187,-0.07759062746098166,True,0.6451286679019725,0.31156428397872993,0.6617572371762316,29.03883877112769,0.9987604098739402,7316
7317.png,0.6655290102389079,0.49318801089918257,0.6605839416058394,0.49504273504273505,0.9924605894448252,0.9991726330360042,27.34162818515488,0.9971135724452375,28.101129671830126,0.49506634909833275,0.5519530006727572,0.7735903454484776,31.009442059522087,0.5796090263745513,2410,5,13,32,19,2.0498442367601246,2.6,321,329,600.3245853774655,4.449233326956491,0.045672057779055954,0.016530188095209453,-0.489999634712305,-9.96635103167609e-05,-0.0004302840356034121,0.03660481063679427,612.3323440551758,5,13,-8,32,19,2.0498442367601246,2.6,5,1,321,329,270,1.8246947883813514,4.449233326956491,600.3245853774655,0.045672057779055954,45223,18.76473029045643,27.19336099585062,256x256,65536,sparse,Meijering,321,5,29,2344,31.43619644212408,0.6289249952469443,28.656868602778776,0.9975438564808409,0.4584615384615385,0.36641659876042776,11,1,0.4,37,2406,31.675521354899292,0.6761325940669655,0.9972997035379731,28.20631831654233,0.4750458977219104,0.46308954203691044,3870,31.99252502271378,0.6961188288587515,0.9984532250145494,30.95509422651429,0.38972533572124624,0.460724043715847,-0.5557389309486496,0.18553640191232945,-0.4267543826019917,-0.04931596887239309,True,0.7134952031398099,0.5519530006727572,0.6489988221436984,27.831627819867187,0.999272296546321,7317
7318.png,0.6259284267386901,0.423246357167062,0.5947619047619048,0.4248299319727891,0.9912698412698413,0.9993543937986213,28.207068839444034,0.9966116734859755,28.61037425436191,0.38670284938941657,0.31613859078764417,0.42603252898876515,30.96943708970987,0.572419032660572,2555,6,21,55,32,2.085714285714286,3.5,350,365,726.6603909425017,4.159418283190046,0.03616174913468172,-0.023133421767216777,-0.26902987721351224,-5.8900109545234614e-05,-0.00044601109313768816,0.008131420817988011,634.8361968994141,6,21,-15,55,32,2.085714285714286,3.5,6,0,350,365,263,1.9908503861438358,4.159418283190046,726.6603909425017,0.03616174913468172,45226,17.700978473581213,25.650097847358122,256x256,65536,sparse,Meijering,350,6,30,2452,31.491336375384975,0.6296676809401368,29.155149794549335,0.9970576845791131,0.37857142857142856,0.6927212613988687,4,4,0.0,39,2472,31.748747019945093,0.6757233524041664,0.9970418810997218,29.076791893826268,0.2591817793182821,0.34758995247793617,3569,31.882536029219295,0.6835140908895698,0.9979328678414531,30.703926284421932,0.2474951416395239,0.38440677966101694,-0.5447755401874232,-0.3765826706112245,-0.5218992856751044,-0.05724864827956477,True,0.7420527055481743,0.31613859078764417,0.6490618485059069,28.476098716657546,0.9994132939081666,7318
7319.png,0.777073732718894,0.558687120941848,0.7168688487067979,0.5620961952620244,0.9892608970309539,0.9991173132951928,27.392030730517142,0.9969701209608065,27.83722753319494,0.5314285714285715,0.45255867938815,0.6717308992312824,30.218704960351552,0.535269045078819,2515,7,19,41,28,2.0725075528700905,2.7142857142857144,331,343,614.7758038454135,4.330264473609694,0.02549023544539669,0.017073732718894008,0.045557129755273706,-2.8795400127124005e-05,-0.00023088091613887585,0.025685570710696437,625.5631446838379,7,19,-12,41,28,2.0725075528700905,2.7142857142857144,7,0,331,343,262,1.792349282348142,4.330264473609694,614.7758038454135,0.02549023544539669,45926,18.260834990059642,26.058051689860836,256x256,65536,sparse,Meijering,331,7,27,2445,30.69136649438763,0.5987623388349594,27.9960039887427,0.9972010018769454,0.505743000717875,0.5276334472589853,6,7,0.0,32,2360,30.958173310495795,0.6442042830893276,0.9969199001445409,27.669436128485838,0.5785271852240825,0.517018989609459,3699,31.20314341883644,0.6636560844600928,0.9980166475676957,29.683454610474826,0.5988152896167687,0.5182926829268293,-0.1587764555477591,-0.07507476787083533,-0.472661534036078,-0.06349329375614043,True,0.6737202053769605,0.45255867938815,0.76,27.34647360076187,0.99914610869532,7319
7320.png,0.6442533229085223,0.44853778959361945,0.6192973256423702,0.45024780785360274,0.9916036943744753,0.9990646003660201,28.45350356701193,0.996971025162007,28.863343776100578,0.34104704097116845,0.2682436622108364,0.4812748286328153,30.7698172551122,0.5560975271296283,2390,9,15,42,31,2.0357142857142856,1.6666666666666667,336,342,667.3340209851276,3.9814266942086673,0.037159931936229636,0.010282031042493589,-0.19583213638174968,-5.0626345490356606e-05,-0.0005096140031493057,0.014446431215070887,646.5883255004883,9,15,-6,42,31,2.0357142857142856,1.6666666666666667,9,1,336,342,263,1.9512690672079718,3.9814266942086673,667.3340209851276,0.037159931936229636,45270,18.94142259414226,27.42092050209205,256x256,65536,sparse,Meijering,336,9,28,2347,31.2696972726831,0.6146342742985841,29.4980059688111,0.9974806391651563,0.32660060975609756,0.33561195088444595,9,4,0.0,36,2240,31.52006694738581,0.6550939335065287,0.997199722298503,29.055202569664583,0.22894841419643375,0.3285280728376328,3904,31.837483303448874,0.6914641931020993,0.9982230736307431,31.146637182855823,0.12697359182346835,0.3257661748013621,-0.6346621927105218,-0.06736828867360956,-0.4998800175708986,-0.05853674716895574,True,0.5573606726386489,0.2682436622108364,0.6339712918660287,28.649335703393678,0.9991152267115104,7320
7321.png,0.6389584376564847,0.5007355104442484,0.6673201333071948,0.5140440954394443,0.9508379888268157,0.9989390371639015,27.287685032728255,0.9956715649038357,28.220483495522096,0.445281881217968,0.3088050262782531,0.4481854584154985,29.93775208731335,0.5248393382201015,2695,5,25,57,28,2.105820105820106,5.0,378,398,807.6905307699838,4.620563312497719,0.03248263285009356,0.00011170017545292232,-0.6355949896076609,-0.00024268661806137182,-0.00026222834696654207,0.007347722353576613,739.9063110351562,5,25,-20,57,28,2.105820105820106,5.0,5,0,378,398,293,2.0293731928894023,4.620563312497719,807.6905307699838,0.03248263285009356,46114,17.110946196660482,24.317625231910945,256x256,65536,sparse,Otsu,378,5,28,2692,30.542316701876523,0.5997892301645242,28.60764446113794,0.9959337932508022,0.4379341588643914,0.348990321157688,13,3,0.0,30,2628,30.756917011332966,0.6462053051308935,0.9952968519379156,27.998383621491545,0.4113950303216448,0.40700483091787437,3494,30.93597771267585,0.6441014623753594,0.9968898665317302,30.030948159814514,0.24637255876695918,0.4227519613759807,-0.3871609656158448,-0.040185294879434896,-0.6045646145631736,-0.0749498919444227,True,0.6890117037040719,0.3088050262782531,0.6388467374810318,27.923280022335916,0.9991817237819629,7321
7322.png,0.72018779342723,0.617355107268652,0.7634131855078203,0.6213341927167257,0.9897330595482546,0.9986841968342194,27.76380732075384,0.997202751712817,28.12009163836681,0.551513200257566,0.6652213508272267,0.9196404058322688,30.146476954323237,0.5368285150203751,2537,4,11,25,16,2.0422960725075527,2.75,331,338,621.8792784299095,4.307771669053599,0.027135119957823438,0.004556908304819474,-0.2520864467727506,-0.00011774680176723784,-0.0001686281487699448,0.0054436126287000786,572.9076862335205,4,11,-7,25,16,2.0422960725075527,2.75,4,0,331,338,290,1.8398795219819764,4.307771669053599,621.8792784299095,0.027135119957823438,45955,18.113914071738275,25.83208513992905,256x256,65536,sparse,Meijering,331,4,27,2507,30.64137297799241,0.6001667335978675,28.2786684539778,0.997371379861587,0.5460695876288659,0.4475173967041721,12,6,0.0,30,2512,30.877461178487483,0.6512718565232486,0.9967402587154224,27.519215072954154,0.498980928177134,0.49420103092783507,3666,31.06220092989583,0.6557710507171685,0.998024597196009,29.711670522920812,0.4368930555625521,0.5247747747747747,-0.15857681561099213,0.21770395412305454,-0.49489602366917396,-0.06333821857749244,True,0.7233494163680265,0.6652213508272267,0.7156308851224106,28.01589376752659,0.9988019436359866,7322
7323.png,0.5669856459330144,0.4887687188019967,0.6566079910589551,0.4910154617634768,0.9907251264755481,0.9993330389017641,28.33882937757093,0.9976634340280639,29.043423507605667,0.32332081768877763,0.23174714645669892,0.36987177688072653,31.399756707777357,0.5886255321825493,2118,5,19,36,22,2.094915254237288,3.8,295,309,570.1521485640393,4.297747020802255,0.0289603951184099,-0.004557119854355696,-0.5251409040499304,-7.824790683452765e-05,-0.00037459858651722744,-0.002076007708047778,599.8218059539795,5,19,-14,36,22,2.094915254237288,3.8,5,0,295,309,237,1.8451525843496395,4.297747020802255,570.1521485640393,0.0289603951184099,44755,21.130783758262513,30.9423984891407,256x256,65536,sparse,Meijering,295,5,28,2100,31.773149433604274,0.6311394930194925,29.611706871592443,0.9980380326145811,0.3253968253968254,0.25323146402664287,10,1,0.0,38,2112,32.04925097090407,0.6719050369877627,0.997800720245674,29.390851188869473,0.22379089767122484,0.3132832080200501,4099,32.41545104383216,0.7139427037587939,0.9987480365543578,31.780404716871864,0.22452979252480532,0.3267864605098203,-0.5682833639867759,-0.021484317569943956,-0.3733927258269176,-0.04251396083694314,True,0.6265607730633391,0.23174714645669892,0.5715427657873701,28.863970281620862,0.9994112868085986,7323
7324.png,0.6570831155253528,0.48685819070904646,0.6548818088386434,0.48745410036719705,0.9974953036944271,0.999264858215198,27.919940253605347,0.9963892296403007,28.38184912404818,0.47501523461304085,0.34107321917720257,0.4572682686149107,30.25985286522825,0.5396434856426182,2596,4,20,49,24,2.090909090909091,5.0,352,368,714.5332059701602,4.347972290421074,0.032555174520404385,0.006654850000727519,-0.27993967208515613,-6.011675363515323e-05,-0.0002846713366715381,0.020747874564096214,616.1074638366699,4,20,-16,49,24,2.090909090909091,5.0,4,0,352,368,279,1.9416663205710833,4.347972290421074,714.5332059701602,0.032555174520404385,45795,17.64060092449923,25.244992295839754,256x256,65536,sparse,Meijering,352,4,28,2513,30.84453417327834,0.6058960993886923,28.82178693932177,0.9966739009769723,0.45426736004894464,0.5768379176822511,6,1,0.25,33,2506,31.07951933204678,0.6539347617792111,0.9962493653267117,28.185903604573618,0.18670929828965577,0.4474969474969475,3682,31.300180894872103,0.6639017212175746,0.9975201080806976,30.189751636928072,0.27120561416327427,0.44196701282834455,-0.4399378152735878,-0.23576469850504855,-0.5846813080500901,-0.06625261374607405,True,0.7458930404471997,0.34107321917720257,0.6504282655246253,28.199879925690503,0.9993249749688331,7324
7325.png,0.5828065739570164,0.5601741884402217,0.7180918548591729,0.5733387358184765,0.9606245756958588,0.9984256300301684,28.017007457310203,0.9970556416003878,28.694078061253197,0.41373737373737374,0.26115466289288447,0.400662210495008,31.134026790077098,0.5758938409961473,2213,4,17,42,20,2.080246913580247,4.25,324,337,670.2009943295503,4.185060214849166,0.037228940058896424,0.03163047732637436,-0.7039543028101072,-0.00031619528153259413,-0.00032874155893014567,0.022485854903837865,654.4821262359619,4,17,-13,42,20,2.080246913580247,4.25,4,1,324,337,262,1.9887269861410966,4.185060214849166,670.2009943295503,0.037228940058896424,45040,20.3524627202892,29.61409850881157,256x256,65536,sparse,Meijering,324,4,27,2021,31.50888337185915,0.6163732836671002,29.075075062227814,0.997384383159318,0.39125151883353587,0.39481568969999414,9,5,0.0,36,2022,31.732108104606862,0.6580861107966394,0.9973050171833947,28.968461640482765,0.21249762222406055,0.36591276252019383,4012,32.151079081307,0.7059459612090737,0.9983720932716497,31.257053557066673,0.13613732468199113,0.3788670148654078,-0.38099700097461664,-0.13366102680710967,-0.3748565817820513,-0.040479442670952936,True,0.6518075726938024,0.26115466289288447,0.551176096630642,28.72096176012031,0.998741825311701,7325
7326.png,0.5896193771626298,0.5370833333333334,0.6988343724586609,0.5529815529815529,0.9491899852724595,0.9988420396176668,27.46964103802483,0.9979673132091369,28.322603948469315,0.40162880411487356,0.41725174762601036,0.6803842480649832,31.401694884310523,0.5930502270636648,2060,4,13,33,18,2.066914498141264,3.25,269,278,476.376962763667,4.657026964492514,0.02490850721263752,-0.006786980819401989,-0.5336597820276836,-0.00023908147774509558,-4.528843489437495e-05,-0.006779604293534858,562.3433589935303,4,13,-9,33,18,2.066914498141264,3.25,4,0,269,278,218,1.7135861969916057,4.657026964492514,476.376962763667,0.02490850721263752,45006,21.84757281553398,31.813592233009707,256x256,65536,sparse,Meijering,269,4,26,1915,31.65719988159076,0.6231448091519585,28.40234049333423,0.9980126016440313,0.4084084084084084,0.4511883639059735,5,1,0.375,36,1906,31.912317409851486,0.6632621107406715,0.9979439120311494,28.228592532645397,0.611320429098247,0.4084084084084084,4509,32.53045745941583,0.7285660864637754,0.9989477765442081,31.4370244430105,0.3176565955115075,0.4024024024024024,-0.07973654486491455,-0.03393661627996314,-0.25550499728023723,-0.03009458208829363,True,0.6132589765454988,0.41725174762601036,0.5964063579820318,28.003300820052512,0.9990811210954119,7326
7327.png,0.6771799628942486,0.2882431529726119,0.4474980554835364,0.29086619480957193,0.9696629213483146,0.9996158805235179,27.076659225367415,0.9969869984262162,27.95607114302307,0.30808080808080807,0.3794461275922477,0.7191472215482942,30.09171365614458,0.5296506936664236,2968,12,31,81,47,2.091566265060241,2.5833333333333335,415,434,806.893962888918,3.5021579279957047,0.04647252175161227,-0.008108677701654576,-0.6930162800479849,-0.0001070772022037092,-0.0006815768169720071,-0.0019967112990368907,652.1704196929932,12,31,-19,81,47,2.091566265060241,2.5833333333333335,12,0,415,434,287,1.8592026794675491,3.5021579279957047,806.893962888918,0.04647252175161227,45833,15.442385444743936,22.080862533692724,256x256,65536,sparse,Meijering,415,12,31,2851,30.884351725452923,0.613084781925048,28.90639876633199,0.9976685752431882,0.31007751937984496,0.40942974009204713,6,2,0.0,36,2914,31.220548290619654,0.6703123622189039,0.9975915464940972,28.79038294538396,0.3969253460651243,0.29110512129380056,3211,31.060717473486832,0.6406363846241013,0.9980058198997962,29.84652467608713,0.34876771569607057,0.3142472212866285,-0.9503276233089188,-0.029983612499799417,-0.7926380693083424,-0.08343408825862442,True,0.5276334472589853,0.3794461275922477,0.6852886405959032,27.7696755054154,0.9997229577257216,7327
7328.png,0.729562527618206,0.6237431073629581,0.7682780663204156,0.632357777047024,0.9786259541984733,0.9985991028841771,27.99392240830164,0.9961276281605859,28.336337859805447,0.6382140512147079,0.5067142541534744,0.6770440053863558,30.251398575359026,0.5385981730396981,2532,4,16,42,21,2.0695652173913044,4.0,345,357,680.2872751097668,4.350788115418475,0.025501764508292037,0.00019852220548610688,-0.1027144232557724,-0.00011221348444845347,-0.00017717053578747421,0.024144360221939998,646.9042301177979,4,16,-12,42,21,2.0695652173913044,4.0,4,1,345,357,282,1.9055665969461217,4.350788115418475,680.2872751097668,0.025501764508292037,45834,18.101895734597157,25.88309636650869,256x256,65536,sparse,Otsu,345,4,27,2431,30.725538393932847,0.6008101949365219,28.516023013978845,0.9963047986963733,0.6140696909927679,0.5461552047176442,10,19,0.0,32,2524,31.010159848835976,0.6540939637364216,0.995299560478346,27.80030989786015,0.16814951854685756,0.6351526965562053,3654,31.210926575023656,0.6612168254397038,0.9975098523320776,30.199912903984377,0.2552494004493434,0.6134289439374185,-0.1796851541733986,-0.03944095056416985,-0.47413981857382126,-0.06221202189682373,True,0.7484214469402435,0.5067142541534744,0.7293640054127198,28.09663683155741,0.9987113163686255,7328
7329.png,0.6166580444904294,0.40455594002306805,0.576062410182714,0.4134983790156204,0.949255751014885,0.9990229973465733,27.52682058732848,0.9954542559708608,28.319606547017948,0.4719626168224299,0.36871635449307405,0.5167748190464342,30.1647044075817,0.5359375718108358,2855,10,38,93,48,2.1421319796954315,3.8,394,422,865.4009896413909,3.965365326344059,0.039865649900626854,-0.022200352875103024,-0.8906846064311544,-0.00029517283609115097,-0.0007300694309295697,0.03303131911250623,675.593376159668,10,38,-28,93,48,2.1421319796954315,3.8,10,1,394,422,253,2.0507132455957087,3.965365326344059,865.4009896413909,0.039865649900626854,45717,16.012959719789844,22.954816112084064,256x256,65536,sparse,Meijering,394,10,30,2746,30.90512309783542,0.612443459676589,29.132488966027772,0.9961843254017904,0.4389312977099237,0.6885967760854024,6,11,0.0,36,2818,31.259256557374755,0.6679095095386297,0.9958414486189923,28.796384263746763,0.15125797811979325,0.42598540145985403,3064,31.104026254445305,0.6368061815095688,0.9968259187580807,29.959225525525337,0.2047850767416245,0.4597432905484247,-0.8128824190098243,-0.3198804215923283,-0.7404186902537226,-0.07650588786575319,True,0.7134952031398099,0.36871635449307405,0.6388583973655324,28.417505193759634,0.9993181701826644,7329
7330.png,0.6964393482196741,0.5085348506401138,0.6742102781706742,0.509440684004275,0.9965156794425087,0.9992552674680681,27.030106644463512,0.9973150436201623,27.887357315198763,0.4886120996441281,0.3319106342518894,0.48020796940007704,30.908662905951637,0.5771912165355696,2405,4,12,30,19,2.051282051282051,3.0,312,320,575.1065077242988,4.567874748355303,0.02255063428862341,0.0025617971992659694,-0.13523008433496742,-7.010176176547311e-06,-0.00010179930110343349,0.024059196188481513,623.6069202423096,4,12,-8,30,19,2.051282051282051,3.0,4,0,312,320,263,1.797207836638431,4.567874748355303,575.1065077242988,0.02255063428862341,45471,18.90686070686071,27.24989604989605,256x256,65536,sparse,Otsu,312,4,28,2337,31.2965501697213,0.6249996742036964,28.079111619105376,0.9974168429212658,0.4645529034556466,0.44705680264722325,8,2,0.0,35,2190,31.550568759162893,0.6640105666953272,0.9972316690168399,27.989008151895007,0.38121660819385916,0.4538653366583541,3854,31.87688175684688,0.6904314843577605,0.9986408820113089,31.017856571053287,0.32872166957271787,0.473459209120057,-0.1917543039066132,-0.11514616839533387,-0.3878872637696631,-0.0478084576681268,True,0.6911810203119801,0.3319106342518894,0.6938775510204082,27.16533672879848,0.9992622776442447,7330
7331.png,0.6608328304164152,0.511231884057971,0.6765763605849917,0.5142128279883382,0.9887876664330764,0.9992838683620119,27.543068824417087,0.9975298411616409,28.225129192229872,0.47909850963286077,0.4146559913187361,0.5999238681808302,31.44802847439736,0.6026600252476103,2386,4,12,30,17,2.049689440993789,3.0,322,330,568.5474792332406,4.642309429482643,0.024826268108472143,-0.0007525354372434068,-0.13966266063389554,-7.121824856104464e-05,-0.000194337497178676,0.00767513868273334,600.2585887908936,4,12,-8,30,17,2.049689440993789,3.0,4,1,322,330,275,1.7228711491916353,4.642309429482643,568.5474792332406,0.024826268108472143,44825,18.78667225481978,27.466890192791283,256x256,65536,sparse,Meijering,322,4,29,2349,31.767955708621173,0.6464571316164338,28.476544296301185,0.9977241786588196,0.47142337095012743,0.4368930555625521,7,1,0.625,42,2314,32.18892024884515,0.6883447912089815,0.9978459376334643,28.837675825159547,0.4438218746290582,0.4551749271137026,3830,32.38598880356453,0.7080084207908725,0.9987538495330301,31.51180100874818,0.3538132088876157,0.463023679417122,-0.25141510407131307,-0.022237064243815996,-0.31992723422381175,-0.0437971063688235,True,0.6911810203119801,0.4146559913187361,0.6615853658536586,27.682731485050983,0.9993550866105729,7331
7332.png,0.6355810616929699,0.6751177109742846,0.8060540540540542,0.6875691626706013,0.9738766980146291,0.998167766672868,27.685601067787484,0.9970007670193486,27.955153964644545,0.5480910425844346,0.42879093615118524,0.6880640207911065,30.90357097010405,0.5789033012969967,2290,4,16,35,18,2.0827586206896553,4.0,290,302,618.7499173570384,4.400491519632011,0.03514029783063181,0.0008068994783025918,-0.09121886270479962,-4.1801766584415034e-05,-0.0001202453632437317,0.013061544059360886,578.6528587341309,4,16,-12,35,18,2.0827586206896553,4.0,4,0,290,302,237,2.048840785950453,4.400491519632011,618.7499173570384,0.03514029783063181,45319,19.78995633187773,28.618340611353712,256x256,65536,sparse,Otsu,290,4,26,2124,31.308316376061306,0.6193368153995363,28.195994075796204,0.9971210123825923,0.5350294985250738,0.5154062870843735,9,8,0.0,35,2204,31.56524199785629,0.6633223914524158,0.9969877257833218,28.032897668144937,0.49562964249152297,0.5178900774621911,4021,31.989762224335404,0.6989442247681464,0.9984662562534201,31.2457782198358,0.5943328252596534,0.5212098856510513,-0.24084011115165893,-0.08661535093318828,-0.4047454059572573,-0.04043351410253959,True,0.623184650257079,0.42879093615118524,0.6347741622146673,27.776819930492284,0.9982095684394524,7332
7333.png,0.6857659831121834,0.5494919081671058,0.7092543113917901,0.55895865237366,0.9700996677740864,0.9989147996577914,27.826052837896952,0.9975533232866509,28.327123229405178,0.4904507257448434,0.34497175561422644,0.5962930773609326,30.58840039965748,0.5532770009963279,2231,5,6,19,18,2.006802721088435,1.2,294,295,553.4477790279904,4.129177061878905,0.026885649831264898,0.001683358567833415,0.10219237555336491,-5.37356801904032e-05,-1.434340647510357e-05,0.005950151692030503,569.9784755706787,5,6,-1,19,18,2.006802721088435,1.2,5,0,294,295,257,1.876094166196575,4.129177061878905,553.4477790279904,0.026885649831264898,45542,20.41326759300762,29.375168086060064,256x256,65536,sparse,Meijering,294,5,25,2067,30.974362878078384,0.5978937610047831,28.314521638376334,0.997567666693126,0.4845005740528129,0.41725174762601036,9,4,0.0,31,2012,31.176178704791873,0.6387622250999224,0.9971865681058993,27.905945178009617,0.421123814743799,0.47380497131931165,4258,31.707940613354122,0.6969132931723057,0.9985688146451848,30.78426308997445,0.2948419615893155,0.4569789674952199,0.012601591028843728,-0.07227999201178392,-0.3859624784209039,-0.04461676000845516,True,0.5785271852240825,0.34497175561422644,0.68408262454435,27.723860462343588,0.9989685353379818,7333
7334.png,0.6268980477223427,0.5404745289602233,0.7016987542468857,0.5553961993546074,0.9526445264452644,0.9984681287871539,28.385645494451435,0.9961136294966298,28.61926887142751,0.47519489723600283,0.271426427488607,0.40287707763898556,30.52473148292925,0.5468220047552282,2534,7,22,53,29,2.0879765395894427,3.142857142857143,341,356,711.2030269983505,3.9989812279726404,0.031494381946560596,-0.03626566909181661,-0.4859256249649384,-0.00023493640148231076,-0.0005542433074561259,-0.01515535294269621,650.7508754730225,7,22,-15,53,29,2.0879765395894427,3.142857142857143,7,0,341,356,259,1.997761311793116,3.9989812279726404,711.2030269983505,0.031494381946560596,45459,17.939621152328336,25.86266771902131,256x256,65536,sparse,Meijering,341,7,29,2496,31.103346920648548,0.612362608513217,29.234663322348105,0.996667872804086,0.49035025017869904,0.46918054943798615,9,4,0.0,35,2512,31.38692713493792,0.6622910981157942,0.9962735067735887,28.832036855413776,0.08418525340541583,0.42952314165497896,3542,31.52910357178986,0.6688438593677418,0.9975178781194222,30.404058041064715,0.07283065333951333,0.4500693481276006,-0.6153944509205935,-0.19775412194937914,-0.5786154377192965,-0.06554060375798876,True,0.6737202053769605,0.271426427488607,0.6631637168141593,28.871571119416373,0.9987030651886362,7334
7335.png,0.7495120364346128,0.49652142072500915,0.6635674088573525,0.4985294117647059,0.991953182150695,0.9992279781906891,28.211907579608276,0.9971191292095192,28.65639263010079,0.47572106608251186,0.45528905436548717,0.7433476119916017,31.34552735037449,0.6002150539980015,2146,5,7,15,14,2.0141342756183747,1.4,283,285,513.8241368005617,4.335557530288561,0.025204193363943823,-0.02002704172169978,-0.16271249362412377,-7.538090611169945e-05,-0.00020656613971914428,0.00439753667074716,567.7986145019531,5,7,-2,15,14,2.0141342756183747,1.4,5,0,283,285,254,1.802891708072144,4.335557530288561,513.8241368005617,0.025204193363943823,44695,20.827120223671947,30.538676607642124,256x256,65536,sparse,Meijering,283,5,27,1985,31.82845466594664,0.6343104313590888,29.083608388430797,0.9973256953492383,0.4713235294117647,0.49193346071814303,7,0,0.8,38,2108,32.113634423185026,0.6778151180444568,0.9971623377829574,28.869403829769333,0.4566491309255002,0.4533431300514328,4398,32.599759968871695,0.7296986282891899,0.9985089063316643,31.713730094978914,0.23725639025304945,0.4682017543859649,-0.42721575833000713,-0.03664440635265587,-0.4829273155721516,-0.034095377361087364,True,0.6124847205006303,0.45528905436548717,0.7695390781563126,28.3746200732324,0.9993033590968008,7335
7336.png,0.5848871442590775,0.29350556153570145,0.4538141470180305,0.29403306973400434,0.9939246658566221,0.9996360104531354,27.927047776747074,0.996936534529713,28.430979292727308,0.2800859598853868,0.1921132032700088,0.3562294644413971,30.17068232745202,0.527245988854998,2731,9,40,91,43,2.1597938144329896,4.444444444444445,388,419,777.3719367138135,3.587559411513437,0.04000460567946366,0.01156738865826279,-0.3069766144705426,-5.232674879163124e-05,-0.0005385896172500626,0.02056043867762264,625.4613399505615,9,40,-31,91,43,2.1597938144329896,4.444444444444445,9,1,388,419,254,1.8553029515842758,3.587559411513437,777.3719367138135,0.04000460567946366,45738,16.747711461003295,23.997070670084216,256x256,65536,sparse,Meijering,388,9,30,2693,30.890137237285057,0.6070583759215171,29.11840293957198,0.997475124146963,0.2595255212077642,0.23048897629242415,10,0,0.4444444444444444,33,2636,31.160064432309582,0.6558912748722103,0.9971827243214753,28.673435356530526,0.2683843710533581,0.2271746944644141,3342,31.186571360520308,0.6473952106131963,0.997943646738108,29.944954232876576,0.20319305540444432,0.2666905958363245,-0.687423646844671,-0.03837577302241535,-0.7194549098330363,-0.07981238706651916,True,0.5392962190010342,0.1921132032700088,0.5733197556008147,28.234024391217616,0.9996883372019271,7336
7337.png,0.7668097281831188,0.5191368078175895,0.6834628785848297,0.5197717081125153,0.9976525821596244,0.9991200809921715,28.706626237669433,0.9969002299446906,29.283799057139937,0.48533007334963324,0.47270757595695145,0.8584209903089526,31.49676467493353,0.5911887208970039,1950,5,11,24,16,2.0424028268551235,2.2,283,289,500.431415659207,4.610705823864617,0.02025612009337486,0.007097497967291422,0.010481366968523531,-3.682674469174252e-05,-0.0001326225616961052,0.010380989846578259,570.8985328674316,5,11,-6,24,16,2.0424028268551235,2.2,5,1,283,289,243,1.7315965939764932,4.610705823864617,500.431415659207,0.02025612009337486,44742,22.944615384615386,33.60820512820513,256x256,65536,sparse,Meijering,283,5,26,1854,31.746386367226886,0.6214684681711844,29.372266536341634,0.9970328525063867,0.474949083503055,0.4666468098431882,7,5,0.0,36,1906,31.98197331582407,0.6642152892701431,0.9966639020708876,28.977921888676235,0.11357216001370152,0.47705314009661837,4832,32.746888564848135,0.7440083296630499,0.998471458901863,32.144731825010105,0.04424972692693252,0.46830723340790453,-0.08846747920169662,0.006060766113763272,-0.2496216922933563,-0.03027974727418048,True,0.5506710358827784,0.47270757595695145,0.7597122302158273,28.69614487070091,0.9991569077368633,7337
7339.png,0.7034193998604327,0.4588368580060423,0.6290447838467512,0.45953101361573373,0.9967186218211649,0.9994897664335013,27.348151948634552,0.9975501330549691,28.22512657403832,0.46107331821617537,0.49338300763441045,0.8989066613751925,31.277122917329535,0.5918222633344076,2176,4,10,27,17,2.0416666666666665,2.5,288,294,530.070715002529,4.704044186406666,0.027907370544683157,0.004181700622733486,-0.2680082037950591,-1.3185368874291115e-05,-0.00010029203794881258,-0.005265562267939616,612.0519638061523,4,10,-6,27,17,2.0416666666666665,2.5,4,0,288,294,244,1.8029616156548587,4.704044186406666,530.070715002529,0.027907370544683157,45061,20.708180147058822,30.11764705882353,256x256,65536,sparse,Otsu,288,4,26,2068,31.48033965451834,0.6239826633405793,28.392401482252584,0.9976504250929179,0.466338880484115,0.4950689195281103,6,2,0.0,36,2168,31.81295599982454,0.6745420318821587,0.9975299788195013,28.146980123239686,0.4620555624053255,0.4489409984871407,4322,32.37085289527231,0.719565137982624,0.9988598863450264,31.632169618097286,0.3363497498636806,0.44969742813918306,-0.16727490821426372,-0.0016859118936998208,-0.20321673718880362,-0.03216040000617171,True,0.5488701205969576,0.49338300763441045,0.6992376992376992,27.61616015242961,0.9995029518023756,7339
7340.png,0.39971243709561466,0.38636363636363635,0.5573770491803278,0.3946047678795483,0.9487179487179487,0.9990250931361093,28.54963877433976,0.995191907168408,29.00820473779957,0.19479297365119197,0.1706747471136283,0.27079342494369385,31.275774125098916,0.5878869474991064,2947,13,46,107,55,2.1486486486486487,3.5384615384615383,444,477,893.9369399367288,3.4183528855577245,0.0430633798849337,-0.02385899147581394,-0.9732695685356063,-0.0002653650711385014,-0.0012528013977787245,-0.014429109159347558,660.9253883361816,13,46,-33,107,55,2.1486486486486487,3.5384615384615383,13,1,444,477,282,1.874081635087477,3.4183528855577245,893.9369399367288,0.0430633798849337,44659,15.154054971157109,22.238208347472007,256x256,65536,sparse,Meijering,444,13,37,2930,32.02039128650556,0.6578066281714696,30.17137138386957,0.9964447085661867,0.20922208281053953,0.15577255266981238,15,1,0.9230769230769231,46,2856,32.33947725379451,0.7040196034417021,0.9964779601067945,30.17233039445798,0.12533388078002594,0.18005018820577165,3136,32.10934063943326,0.6793353376068457,0.997276432928781,31.128316986314108,0.13006199921060424,0.2300219366969602,-1.1631666460699996,0.014902194443815908,-0.7446171614066408,-0.0699196806723632,True,0.6302765554559411,0.1706747471136283,0.4235714285714286,29.522908342875365,0.9992904582072478,7340
7341.png,0.5807067812798472,0.443327239488117,0.6143128562381254,0.4455672944418925,0.9887869520897044,0.9994180337975918,28.526377979201463,0.9976220038317204,29.26083667184272,0.30839834786599357,0.23236770607847168,0.4346034273353303,31.85631629554509,0.6083772154728249,1957,5,22,44,18,2.119718309859155,4.4,284,301,543.0249040232258,4.347373675292646,0.028577129037580334,0.005298519992623429,-0.12622270085525855,-4.396010876650536e-05,-0.00033957741060530733,0.005688196281243896,604.6388149261475,5,22,-17,44,18,2.119718309859155,4.4,5,2,284,301,222,1.8040694485821436,4.347373675292646,543.0249040232258,0.028577129037580334,44390,22.68267756770567,33.48799182422075,256x256,65536,sparse,Meijering,284,5,28,1930,32.102465511654685,0.6406268084807415,29.625981960839205,0.9979615812423257,0.3027101515847497,0.2683843710533581,8,2,0.7,40,1916,32.35436030987738,0.6779446413116179,0.997755849935124,29.531318826414555,0.2786758556610579,0.27239320165365183,4728,33.05520161893981,0.7468577162131838,0.9989046208332993,32.79044921944441,0.1768910180065134,0.2910927456382002,-0.3651452889964837,-0.036016664974886425,-0.24614921610959684,-0.03224959300791663,True,0.5346660690256866,0.23236770607847168,0.5754082612872238,28.65260068005672,0.9994619939063583,7341
7342.png,0.6837394331178518,0.4811690268153058,0.6497152156224573,0.48262314898760955,0.9937772246421904,0.9990192968001018,28.16623365450826,0.9949377559341718,28.969582684516798,0.5306859205776173,0.4511883639059735,0.6123272985829928,31.606802634356992,0.609805445423023,2362,4,24,52,25,2.1286173633440515,6.0,311,331,888.3916652582424,5.9913440429129405,0.025916165713340534,0.001293673749015456,-0.4845690748497944,-0.00015932595674084116,-0.0003552467435404827,-0.014796098159161164,734.8823547363281,4,24,-20,52,25,2.1286173633440515,6.0,4,0,311,331,234,2.683962734919159,5.9913440429129405,888.3916652582424,0.025916165713340534,44647,18.902201524132092,27.745977984758678,256x256,65536,sparse,Otsu,311,4,30,2296,31.958496472200174,0.6519851488375814,29.418278977562426,0.9952930026777123,0.5454820187367785,0.5595683454940007,8,8,0.0,41,2110,32.22623976772472,0.6841136951290445,0.995130425285565,29.211187076154083,0.5519530006727572,0.5155636143850105,3908,32.54615366358156,0.7162509440092206,0.9974824149892283,31.79355592537312,0.40017126795849167,0.4947177784485361,-0.44869629304562864,-0.1083799815880272,-0.3516938378431824,-0.042179703414558456,True,0.7368418245439713,0.4511883639059735,0.6824457593688363,28.650802729358055,0.9991786227568427,7342
7343.png,0.7112328767123288,0.47003058103975537,0.639484085708342,0.4713278135541245,0.9941785252263907,0.9993822756104606,27.220061353095033,0.996088780670413,27.988002753428365,0.48313917841814835,0.45362211439247135,0.6201041587509757,30.225513580791482,0.5405235310942216,2460,4,6,16,14,2.0123076923076924,1.5,325,327,663.9846984419171,5.5228719641612125,0.01834969570071924,-0.008036226277704395,-0.07548892078591862,-4.7246177444559834e-05,-9.414514060335222e-05,0.00506496805322959,750.5059242248535,4,6,-2,16,14,2.0123076923076924,1.5,4,0,325,327,295,2.0305342459997444,5.5228719641612125,663.9846984419171,0.01834969570071924,45983,18.692276422764227,26.640650406504065,256x256,65536,sparse,Otsu,325,4,25,2259,30.618733352761787,0.5929931946950899,28.073030617628053,0.9961829258110163,0.47807421036491876,0.5132477440400283,7,1,0.125,30,2310,30.858300113907866,0.6422819337209137,0.9956238898324814,27.50466668674902,0.5595683454940007,0.46243483593989576,3535,31.12953796956439,0.6581063675319934,0.9975631679554896,30.203279509462817,0.4104132040775854,0.4863538791781662,-0.085027864199688,-0.05962562964755691,-0.3932197719703048,-0.052469663600868355,True,0.7315256767607634,0.45362211439247135,0.7192691029900332,27.295550273880952,0.9994295217879051,7343
7344.png,0.5287671232876713,0.3544093178036606,0.5233415233415233,0.3587066352307174,0.9673024523160763,0.9993787991411495,28.073101027075413,0.9958749095798546,29.044679470472264,0.3795423956931359,0.38669253151750504,0.5594663628682435,31.276900497559126,0.5890278701683954,2284,4,19,47,27,2.0958466453674123,4.75,313,328,620.6774422350671,4.771237487610156,0.02355930522465177,-0.019391516938957576,-0.421539666737079,-0.00011502271362362482,-0.0005449863147571898,0.014099485622405039,626.13844871521,4,19,-15,47,27,2.0958466453674123,4.75,4,0,313,328,239,1.8923092751069082,4.771237487610156,620.6774422350671,0.02355930522465177,44906,19.661120840630474,28.69352014010508,256x256,65536,sparse,Otsu,313,4,29,2209,31.717714678333536,0.6335297085076151,29.48738769632872,0.9964198958946118,0.3654429100707309,0.3451396900433503,12,2,0.0,39,2260,32.012318906589385,0.6760385096233247,0.9959980848561057,29.362129324396165,0.3702925924883901,0.3464646464646465,3852,32.27267434577401,0.7051413937253015,0.9976429727341151,31.583233181200093,0.35695364239749194,0.3511784511784512,-0.44270822585645675,0.04155284147415472,-0.44081418077441015,-0.044501838339219724,True,0.6911810203119801,0.38669253151750504,0.5481586402266289,28.494640693812492,0.9994938218547731,7344
7345.png,0.5993071593533488,0.38191438191438193,0.5527323355377654,0.38265060240963855,0.9949874686716792,0.9996330795973556,27.84254602588863,0.9983365211093161,28.920063954760778,0.28289156626506023,0.19602074966867378,0.36985787851017266,31.251531413584267,0.5757284955102273,1909,5,14,34,20,2.068441064638783,2.8,263,272,460.5026970233165,4.565670321649471,0.03909828799658176,-0.0020674110933865952,0.0792617135773277,1.5017355477819905e-05,-5.080418303160528e-05,-0.006265060240963849,598.3645915985107,5,14,-9,34,20,2.068441064638783,2.8,5,0,263,272,209,1.6930246214092504,4.565670321649471,460.5026970233165,0.03909828799658176,44971,23.557359874279726,34.33001571503405,256x256,65536,sparse,Meijering,263,5,24,1748,31.48080685033449,0.6055040159143559,28.92187940075712,0.9983873252923477,0.2891566265060241,0.41491608640829314,5,1,0.5,33,1882,31.694466897593934,0.6500968171523159,0.9982204095011552,28.490491784082586,0.31418190711572613,0.27518072289156625,4659,32.42923122789993,0.727432811958604,0.9990284550404658,31.465578695919394,0.31442679841570675,0.28289156626506023,-0.0018154459963426461,-0.21889533673961936,-0.22927543675022122,-0.029775520404128564,True,0.529989385269462,0.19602074966867378,0.6013745704467354,27.763284312311303,0.9996180622418778,7345
7346.png,0.625797306874557,0.409486931268151,0.5810439560439561,0.4129515131793036,0.9799227799227799,0.999283826633413,28.365741578371182,0.9964138976055025,28.565143877702738,0.3233669158271043,0.2689937967814926,0.3824792080772764,30.401636569800544,0.5440449573489253,2896,13,36,77,44,2.1097852028639617,2.769230769230769,419,442,881.5985088768211,3.540508899313169,0.043827222320615644,0.004617491664891116,-0.24022313372213588,-8.576877667976213e-05,-0.0006390930402317974,0.002937507889563651,659.8258018493652,13,36,-23,77,44,2.1097852028639617,2.769230769230769,13,1,419,442,298,1.99456676216475,3.540508899313169,881.5985088768211,0.043827222320615644,45551,15.728936464088397,22.629834254143645,256x256,65536,sparse,Meijering,419,13,32,2843,31.157963038158623,0.6235280027457418,29.26584129526549,0.9970529906457343,0.32042940793754066,0.276956371028945,14,3,0.0,38,2784,31.45024430962149,0.6706691687122983,0.9967585357362669,29.050998717805562,0.18860476435658857,0.2630039011703511,3123,31.30310196959916,0.6461899636810471,0.997588727001739,30.099317830072586,0.1921132032700088,0.3126421839454014,-0.7006974175627505,-0.007962574247452392,-0.756326468358079,-0.0794830453968165,True,0.7032899857059547,0.2689937967814926,0.6211798152096659,28.605964712093318,0.9993695954100927,7346
7347.png,0.7714285714285715,0.5134965473948525,0.6785566155122356,0.5146272412708399,0.995739500912964,0.999225991431125,28.400448058610934,0.9964447479820441,28.691201403135416,0.5115987460815047,0.3330231891415256,0.524403144849119,30.634192117038438,0.5566148489091952,2539,4,25,55,24,2.121037463976945,6.25,347,368,659.5603763331696,4.400813397138195,0.034326336301886265,-0.0018463464246596395,-0.08380900765767407,-2.033896316677719e-05,-0.0003465916398112112,0.010812829703007343,605.6637763977051,4,25,-21,55,24,2.121037463976945,6.25,4,1,347,368,268,1.7922836313401305,4.400813397138195,659.5603763331696,0.034326336301886265,45405,17.88302481291847,25.811736904293028,256x256,65536,sparse,Meijering,347,4,29,2491,31.171295300758718,0.6190990538404607,29.065867000369558,0.9967913396218553,0.5007859163784973,0.6406050418796497,6,6,0.0,35,2498,31.4105004522619,0.666967359868582,0.9963438985815656,28.606052756988806,0.13346763053146493,0.5121042830540037,3599,31.569859330799453,0.6740754228701904,0.9975613237415916,30.489792430850056,0.2721061122540537,0.4917057902973396,-0.3746655972341415,-0.3075818527381241,-0.53710318372028,-0.0624842049312655,True,0.6350518535455063,0.3330231891415256,0.7732749178532311,28.484257066268608,0.9992463303942918,7347
7348.png,0.7501683501683502,0.543451652386781,0.7042030134813639,0.544562551103843,0.9962602842183994,0.999343743808344,27.29663908173004,0.9978661879273333,27.877298865535288,0.5153248876174908,0.4605163805137008,0.8229850459234709,30.317462847596303,0.5363945544005074,2221,4,12,27,14,2.052980132450331,3.0,302,310,532.4890117028173,4.293947504845676,0.02458681966145946,0.009602312432501092,-0.05539179523159987,-9.23115453088652e-06,-7.462982658168471e-05,0.0059217805038358495,558.9470863342285,4,12,-8,27,14,2.052980132450331,3.0,4,1,302,310,261,1.7177064893639256,4.293947504845676,532.4890117028173,0.02458681966145946,45920,20.675371454299864,29.5074290859973,256x256,65536,sparse,Meijering,302,4,25,2185,30.676450108793397,0.5886627315071332,27.99814118221601,0.997940817753915,0.509403107113655,0.3995044211877341,8,4,0.0,30,2026,30.880116239512702,0.6262841431458107,0.9975942098155877,27.30717801636056,0.42592773880356405,0.5120457329522254,4159,31.388310264306163,0.6809532939784573,0.9988396987135301,30.588439479422675,0.37873651775253836,0.5055124540628828,-0.1208423166807222,0.0610119593259667,-0.35898726119709323,-0.05226817710662579,True,0.5595683454940007,0.4605163805137008,0.7405660377358491,27.35203087696164,0.9993529749628749,7348
7349.png,0.6403964134025484,0.5265280794291033,0.6898373983739837,0.5309762202753442,0.984338747099768,0.9989850280448694,27.964793462671132,0.9953003393581227,28.54933734653264,0.5433562071116657,0.4003616595556999,0.5821196318753389,30.960949868842647,0.5755365082916994,2304,5,13,35,21,2.050955414012739,2.6,314,322,659.6625972584729,5.268585321250235,0.02890465737177978,0.003944171687148779,-0.21745152686369806,-6.988990179090937e-05,-0.000447559880514814,0.03209212701154052,698.2073783874512,5,13,-8,35,21,2.050955414012739,2.6,5,0,314,322,258,2.0486416063927693,5.268585321250235,659.6625972584729,0.02890465737177978,45242,19.63628472222222,28.444444444444443,256x256,65536,sparse,Otsu,314,5,28,2276,31.348199343269375,0.6234754638578472,28.868432232439545,0.9957478992386375,0.5112640801001251,0.37588995464672925,14,9,0.0,34,2132,31.550979483597175,0.6596705159891356,0.9951180445640743,28.418111903827253,0.40655941639736104,0.5007819831091649,3865,31.932692840640293,0.6953607686003278,0.9975062026431109,31.159896557706364,0.21294681974344498,0.5056179775280899,-0.3190948859069067,0.02447170490897066,-0.38724947442672786,-0.0479389555661478,True,0.6877652592919895,0.4003616595556999,0.6364522417153996,28.18224498953483,0.9990549179466603,7349
7350.png,0.5931321540062435,0.39462809917355374,0.5659259259259258,0.40029940119760477,0.9653429602888086,0.9992339629732289,27.133036321294597,0.9963246662934869,27.846807151620006,0.49137931034482757,0.3370867295215346,0.5872515269354405,29.875484379000497,0.5260187265915662,2781,5,34,80,33,2.153034300791557,6.8,379,408,773.3617317346079,4.227178757612183,0.041558811977332175,-0.019629122121369247,-0.601321466410532,-0.00025235068247109194,-0.0005948281271905831,0.03213774569866451,649.2283344268799,5,34,-29,80,33,2.153034300791557,6.8,5,1,379,408,266,1.8954944405259948,4.227178757612183,773.3617317346079,0.041558811977332175,46000,16.540812657317513,23.565623876303487,256x256,65536,sparse,Meijering,379,5,29,2693,30.663767878806677,0.6042852634069035,28.57214092347014,0.9969194944206775,0.45924156464616306,0.40763741897732275,11,3,0.0,33,2774,30.914907625455147,0.6568066558663403,0.9963871683413321,27.93471610958076,0.35488928988954194,0.41450313339301703,3209,30.924741987949854,0.6357008898287008,0.9977519060461433,29.928513622246946,0.23202646034329377,0.4477211796246649,-0.7253337718501349,-0.07055068945578813,-0.7882834998061803,-0.07826653681533724,True,0.5740074125998693,0.3370867295215346,0.6127612761276128,27.73435778770513,0.9994863136557,7350
7351.png,0.6623735050597976,0.36042402826855124,0.5298701298701298,0.3605655930871956,0.998911860718172,0.9996704434314856,27.663981040426325,0.9974884835620056,28.37028288711537,0.3466666666666667,0.2217980640986711,0.3995339760943796,30.127190234625175,0.5212999727847881,2234,5,17,44,25,2.0784313725490198,3.4,306,318,600.8241111671449,4.464112545150558,0.040962887193660175,-0.009589111762632219,0.01974222661686653,-1.3170398469597444e-06,-0.0001891901105887106,0.004954176485991113,599.8725891113281,5,17,-12,44,25,2.0784313725490198,3.4,5,0,306,318,237,1.8893839973809559,4.464112545150558,600.8241111671449,0.040962887193660175,45962,20.573858549686662,29.335720680393912,256x256,65536,sparse,Meijering,306,5,24,2033,30.568098209268804,0.5744048654547842,28.61061060955674,0.9976776736725943,0.34171249018067557,0.42650152412428466,5,2,0.0,29,2198,30.831502808181828,0.625172210117828,0.9973720224999669,27.953636028447306,0.403096607325642,0.31343283582089554,4208,31.33829372280313,0.6816610837102408,0.9984882089010031,30.710213998586788,0.26855062843906385,0.34564021995286726,-0.24032772244137135,-0.20470346002561357,-0.4409079746436291,-0.05310489266999607,True,0.5551419337770589,0.2217980640986711,0.6719626168224299,27.64423881380946,0.9996717604713325,7351
7352.png,0.6864648772130212,0.5920398009950248,0.74375,0.5929474894595631,0.9974210186976145,0.9989245330937863,28.572410970666795,0.9963911804138543,28.537110112736336,0.5095972901768913,0.36871635449307405,0.628272920161971,31.024484934858442,0.5929291755876499,2354,4,25,52,20,2.132492113564669,6.25,317,338,636.783224160207,3.99922066456888,0.025584338610375117,-0.03286486545603928,-0.30404810163167895,-8.712880495254094e-05,-0.0007040212868772988,0.0034670219776575806,635.3156566619873,4,25,-21,52,20,2.132492113564669,6.25,4,2,317,338,245,1.88397403597694,3.99922066456888,636.783224160207,0.025584338610375117,44709,18.992778249787595,27.840271877655056,256x256,65536,sparse,Otsu,317,4,30,2288,31.838069904761007,0.6414453581774424,29.589408111071677,0.9970952017007316,0.5061302681992337,0.5104583404430468,7,3,0.375,41,2134,32.12284116328928,0.6774233158727592,0.9967706631604734,29.249088347132943,0.49338300763441045,0.5183908045977011,3682,32.33591931874309,0.7035364719919603,0.9980994703151798,31.714170287029148,0.2852264313766626,0.5049656226126814,-1.0522979983353409,-0.14174198594997278,-0.8135849699025641,-0.04851618258979251,True,0.5868729061217817,0.36871635449307405,0.7193297426690605,28.876459072298474,0.9990116618987388,7352
7353.png,0.6101278269419862,0.479749001711352,0.6484194294525829,0.4866898148148148,0.9711316397228638,0.9988324123429246,26.55041779875175,0.9965597376605789,28.226378892164256,0.4360815857512209,0.26801847177168736,0.3802922020681759,30.408842344943096,0.5586682426720206,2857,6,24,53,23,2.0920716112531967,4.0,391,409,745.987367039847,4.271769761734301,0.034598855537799914,-0.0032254366354925734,-1.7834514397713725,-0.0004463348562264713,-0.0006304008963236019,0.00031769686233201755,649.2488384246826,6,24,-18,53,23,2.0920716112531967,4.0,6,2,391,409,315,1.8239299927624568,4.271769761734301,745.987367039847,0.034598855537799914,45563,15.947847392369619,22.938746937346867,256x256,65536,sparse,Meijering,391,6,31,2834,31.163710680331146,0.6310674297126817,29.02855052750638,0.9971901385569025,0.4357638888888889,0.31774578489828176,17,7,0.0,38,2794,31.47456405069694,0.6789128602985098,0.996809483412321,28.475680828933278,0.3522728358590512,0.42869540063638994,3191,31.352943541878744,0.6553777405621066,0.997636324499317,29.801835417198227,0.23453571999035117,0.44026612669945037,-0.8021716353421233,-0.0497273131265944,-0.7548683353880499,-0.07239918704066106,True,0.7047698330759857,0.26801847177168736,0.6133532635774788,28.33386923852312,0.9992787471991511,7353
7354.png,0.6879868798687987,0.6924031007751938,0.8182484426529864,0.7064220183486238,0.9721375707444493,0.9976657103250264,27.650244313277437,0.9960046550245978,28.39957583905519,0.5517133956386293,0.5268455132417947,0.7928983923718212,30.179360583720474,0.535458122505005,2412,5,8,25,20,2.019047619047619,1.6,315,318,670.5879773174482,4.418298819708446,0.03674679486664723,-0.00789789379375272,-0.6780020758516692,-0.0002827340994195904,-8.548553881648768e-05,-0.014419183689048931,607.2835922241211,5,8,-3,25,20,2.019047619047619,1.6,5,1,315,318,270,2.108767224268702,4.418298819708446,670.5879773174482,0.03674679486664723,45823,18.99792703150912,27.170812603648425,256x256,65536,sparse,Meijering,315,5,26,2384,30.656009150183504,0.5953453128683288,28.579640053700523,0.9960901405634143,0.5661325793276782,0.4475173967041721,15,12,0.0,30,2168,30.897567941069322,0.6305599412199431,0.9953957630110092,27.93391873449864,0.12382330345373527,0.5340346534653465,3879,31.296539180460652,0.6701054835383602,0.99736077006024,30.405363781949806,0.09474162946265874,0.5639006662628709,-0.18006421464533418,0.07932811653762262,-0.4766485664630302,-0.059887190363323795,True,0.6644552672957573,0.5268455132417947,0.6958847736625514,28.328246389129106,0.997948444424446,7354
7355.png,0.7008718980549966,0.5016936394429808,0.6681704260651629,0.5062666160273452,0.9823139277818718,0.999313351322679,27.031657574748724,0.9977556785127265,27.84464044871765,0.4477781997721231,0.6171071140248879,0.9115767057676971,30.998622261996047,0.5767873622569006,2196,4,11,30,20,2.048611111111111,2.75,288,295,536.4158910398927,4.674469740854369,0.030720116287847644,-0.0007519179125270448,-0.1296362717784838,-8.599464102343468e-05,-0.0001251501104351238,0.009068522352768227,588.7730121612549,4,11,-7,30,20,2.048611111111111,2.75,4,0,288,295,238,1.8183589526776,4.674469740854369,536.4158910398927,0.030720116287847644,45359,20.655282331511838,29.84335154826958,256x256,65536,sparse,Meijering,288,4,26,2103,31.303609644820042,0.615926112116713,27.99622242154124,0.9978808286231616,0.43870967741935485,0.4511883639059735,6,0,0.75,35,2116,31.556956859548787,0.6587161663129973,0.9977551423142439,27.885563433146,0.6132589765454988,0.4328018223234624,3940,31.935954286901357,0.6938071308931802,0.9988388422435485,30.931237488072387,0.5180910099097975,0.4478178368121442,-0.15158197282358898,0.16591875011891444,-0.3049873828239953,-0.03913874985981236,True,0.676966743577747,0.6171071140248879,0.7016238159675237,27.161293846527208,0.9993993459637024,7355
7356.png,0.745685740236149,0.5804511278195489,0.7345385347288298,0.5837870538415003,0.9902514109799897,0.9989222846579556,27.116880719343953,0.9956852709638434,27.936995161876844,0.5595202398800599,0.3422227224282116,0.45543325037736837,30.3109008371026,0.5605715318234625,2702,4,24,53,23,2.113960113960114,6.0,351,371,694.2344641350451,4.164981943250042,0.033410254336947505,-0.015571295411130559,-0.8134410085703649,-0.00022158550874173955,-0.0005932669287534997,0.014642633352408119,679.4462203979492,4,24,-20,53,23,2.113960113960114,6.0,4,2,351,371,275,1.8712519248923014,4.164981943250042,694.2344641350451,0.033410254336947505,45575,16.867135455218357,24.25462620281273,256x256,65536,sparse,Otsu,351,4,29,2585,31.107006329214943,0.623790675778559,28.663657412372775,0.9962785378925969,0.5448776065276518,0.5584658888611408,8,3,0.25,35,2458,31.291751882063686,0.664236880423868,0.9958838487061088,28.13648231112575,0.5093381083007599,0.5416918429003021,3433,31.44330065763215,0.6639532762240309,0.9969947230820906,30.204937855888687,0.43163985324245946,0.5460864309459051,-0.7266622504959308,-0.21624316643292918,-0.7961054921123427,-0.06321914395509642,True,0.7514223481589203,0.3422227224282116,0.7612570356472795,27.93032172791432,0.9991438701666974,7356
7357.png,0.6232501521606817,0.47940463828314295,0.6481048198408985,0.4916577919772808,0.9505833905284832,0.9990303089367225,27.058688419470993,0.9970226829087291,28.02961037059681,0.423974540311174,0.28197435980964847,0.38981763644112105,30.22008927835772,0.5334844411813517,2488,4,34,69,29,2.1734104046242773,8.5,346,376,662.9148971078691,4.2435316333191935,0.03256884297296393,0.035197880847676055,-0.6911828379582055,-0.00024062515086875624,-0.0002696976580891519,0.035755945563125724,621.1106777191162,4,34,-30,69,29,2.1734104046242773,8.5,4,0,346,376,248,1.7630715348613513,4.2435316333191935,662.9148971078691,0.03256884297296393,45849,18.42805466237942,26.340836012861736,256x256,65536,sparse,Meijering,346,4,27,2413,30.735446404304025,0.5970954013394841,28.3629414118559,0.9972923805668182,0.38821859474804826,0.302323673928969,13,2,0.0,31,2430,31.00476201668796,0.6450447510445438,0.9970590682085642,27.912894848323614,0.2591817793182821,0.3654732364409784,3759,31.26849606982271,0.6628612969918173,0.9980167886773164,30.08802754939346,0.1910353024335002,0.40297450424929177,-0.33333104125908974,-0.020349314119320505,-0.5153571259463057,-0.06361096015813239,True,0.7233494163680265,0.28197435980964847,0.5880522713130056,27.7498712574292,0.9992709340875913,7357
7358.png,0.7152777777777778,0.2987106017191977,0.46001103143960287,0.2987106017191977,1.0,0.9996981524375121,27.60564626472393,0.9973389269179599,28.45619554818766,0.3200859291084855,0.320682503643579,0.6473132619785623,30.435254618662974,0.5416599228428632,2330,5,16,38,22,2.071197411003236,3.2,309,320,548.8880732834913,4.7167495303941,0.03540622154551487,-0.00042798762977691585,-0.2161619484820605,-2.4669347052252988e-05,-0.0003318620575365472,0.0006016884208063789,614.9351596832275,5,16,-11,38,22,2.071197411003236,3.2,5,0,309,320,249,1.7152752290109075,4.7167495303941,548.8880732834913,0.03540622154551487,45749,19.634763948497856,28.12703862660944,256x256,65536,sparse,Meijering,309,5,26,2228,30.886872251041282,0.5961344100762054,28.813708423199706,0.9976707889754964,0.3194842406876791,0.37767058124129305,7,1,0.30000000000000004,31,2270,31.120582512575353,0.6434399673584099,0.9972994922232727,28.28121269563065,0.39749942946195704,0.3166189111747851,4044,31.505659164715503,0.682355860110648,0.9983086092135949,30.411671639115095,0.3644937371043776,0.3255730659025788,-0.3575128750120449,-0.05698807759771407,-0.45161763237830854,-0.05447448723334214,True,0.4954054280664488,0.320682503643579,0.7157057654075547,27.82180821320599,0.9997228217845644,7358
7359.png,0.58137347130762,0.4243119266055046,0.5958132045088568,0.42744916820702406,0.9829968119022316,0.9993005690005465,27.2953208751966,0.9979696243919481,28.561335492590363,0.338865836791148,0.27385096292630906,0.5439868263457264,31.493328089069212,0.5928617665429678,1986,4,14,34,19,2.0732600732600734,3.5,273,283,477.1867994582422,4.591814978655441,0.03561248252504923,0.018516328450477126,-0.2831459871567219,-0.00011435011654936655,-9.439248076781315e-05,0.015390790580427138,574.2533206939697,4,14,-10,34,19,2.0732600732600734,3.5,4,0,273,283,220,1.686172436248204,4.591814978655441,477.1867994582422,0.03561248252504923,44780,22.547834843907353,32.99899295065458,256x256,65536,sparse,Meijering,273,4,26,1897,31.735410731331733,0.6254523941213176,28.60262860187273,0.998064016872716,0.3234750462107209,0.22430819795352397,10,1,0.0,37,1862,31.989016215566668,0.662029488020945,0.9979827063361206,28.536642137564026,0.3644937371043776,0.31746765249537895,4675,32.67163402297442,0.737368499096141,0.9989924069700821,31.843468519145638,0.27223550411003605,0.3299445471349353,-0.041293109282367624,0.04954276497278509,-0.2420826422625204,-0.03259062757834974,True,0.5034146962085904,0.27385096292630906,0.5628571428571428,27.578466862353324,0.9994149191170959,7359
7360.png,0.7583749109052031,0.4835294117647059,0.6518636003172086,0.4840989399293286,0.9975728155339806,0.9994306030546303,27.98718338281064,0.9975802769990281,28.266055843506624,0.47175691468640435,0.28442342787323505,0.5066986875549798,29.99488939896637,0.5192803889578396,2310,5,19,48,25,2.089171974522293,3.8,314,328,607.2033346633355,3.8834210334310106,0.036257715576821024,-0.003872927711511598,0.023840435493035272,1.4595358288627125e-07,-0.00024325395409519057,-0.00042176869917559534,584.219217300415,5,19,-14,48,25,2.089171974522293,3.8,5,1,314,328,241,1.8512296788516283,3.8834210334310106,607.2033346633355,0.036257715576821024,46026,19.924675324675324,28.37056277056277,256x256,65536,sparse,Meijering,314,5,25,2261,30.491457121524753,0.5803513451521652,28.63487319786824,0.9978235309531233,0.47217868338557994,0.4757120830414311,7,6,0.0,29,2158,30.710271537713062,0.6207428213936167,0.9972850365428317,27.733696985071916,0.26164706229958334,0.45735524256651017,4136,31.198143671929614,0.6725267519122986,0.9985643702860769,30.363381190350186,0.1695656913504756,0.4623447204968944,-0.36881735436161733,-0.19128865516819604,-0.4965677225583818,-0.061070956194325676,True,0.5613265533520322,0.28442342787323505,0.7622478386167147,27.963342947317607,0.9994304571010474,7360
7361.png,0.6296296296296297,0.5040137614678899,0.6702249332825008,0.5057537399309551,0.9932203389830508,0.9988847979193254,28.79630107627385,0.9962538654219495,29.161601038041532,0.4254524561907498,0.36787408157523405,0.6431656972634521,30.51234262771887,0.5536205976623951,2723,4,19,43,22,2.079575596816976,4.75,377,392,717.5667664110982,4.282180100916551,0.031048361599083807,0.021371824997202693,-0.2347440712525426,-8.25220486627698e-05,-0.0004476559131941782,0.01740647917925553,589.5628929138184,4,19,-15,43,22,2.079575596816976,4.75,4,0,377,392,312,1.830527465334431,4.282180100916551,717.5667664110982,0.031048361599083807,45509,16.71281674623577,24.067572530297465,256x256,65536,sparse,Meijering,377,4,29,2570,31.077955493516658,0.61749201545838,29.623308723002197,0.9967015213351437,0.40804597701149425,0.30085333448088303,19,2,0.0,36,2696,31.363313686116907,0.6723519046298329,0.9961538923641715,28.95572131933609,0.09559854313027871,0.38928067700987307,3552,31.47202596004437,0.6680148313005176,0.9971764731393195,30.56708218456686,0.09852316274768258,0.3979131415679639,-0.4617076849606647,0.06702074709435102,-0.5656128657977888,-0.06387141779598482,True,0.5719740389459022,0.36787408157523405,0.608257804632427,29.03104514752639,0.9989673199679882,7361
7362.png,0.6277777777777778,0.5753876608380073,0.7304712041884818,0.5856279382135662,0.9705063995548135,0.9983590019645908,27.90009406944442,0.9965956641948766,28.39696652862205,0.4729096989966555,0.3494909052766835,0.4969371274722025,30.347633222941614,0.5419192524100702,2659,7,21,58,30,2.0775623268698062,3.0,361,375,728.2805973754998,3.8520483508334595,0.03861771991183032,0.03602520045819013,-0.719897862491873,-0.0003113170591038106,-0.0005652228765313794,0.04227967218700407,626.6958713531494,7,21,-14,58,30,2.0775623268698062,3.0,7,0,361,375,273,1.9420815930013289,3.8520483508334595,728.2805973754998,0.03861771991183032,45668,17.174877773599096,24.646859721699887,256x256,65536,sparse,Meijering,361,7,30,2658,31.000049542754375,0.6144109030035022,29.079552925022284,0.9971608870714079,0.43063002680965146,0.4684723181212821,10,10,0.0,34,2630,31.217056336640393,0.6620697871477008,0.9964846852016754,28.40996320600056,0.24897458742406742,0.4193979933110368,3495,31.31442938310329,0.6578613015639679,0.9977307393823519,29.97663639868588,0.15329251654961162,0.43779108449767135,-0.6825863964002359,-0.11898141284459862,-0.6524163198127617,-0.07249165059343199,True,0.7032899857059547,0.3494909052766835,0.5917525773195876,28.619991931936294,0.9986703190236946,7362
7363.png,0.6550847457627119,0.34060057589469356,0.5081313286284137,0.34102141680395387,0.9963898916967509,0.9996693786506271,27.638865098080952,0.9972674491350997,28.14299006155549,0.45491803278688525,0.30580334912202123,0.559920232345159,30.118332923047817,0.5212904185595836,2140,5,13,28,16,2.054054054054054,2.6,296,304,513.1888062641951,4.5852548238393425,0.0183128237506108,-0.02512726837156365,0.19599072294402475,2.391565330794876e-05,-0.000245538303474957,0.014407534639499509,608.3133220672607,5,13,-8,28,16,2.054054054054054,2.6,5,1,296,304,252,1.6881210732374825,4.5852548238393425,513.1888062641951,0.0183128237506108,45936,21.465420560747663,30.624299065420562,256x256,65536,sparse,Meijering,296,5,24,2038,30.566731292863004,0.5745904417501221,28.4918172650816,0.9975129874385746,0.44051049814738574,0.38890325893794775,8,3,0.0,28,1924,30.764401334184143,0.6115114710010449,0.9970349124199772,27.90722320029969,0.23279405002414422,0.43097781429745274,4275,31.332781416543977,0.6829737303662753,0.9985535618814804,30.78064492549433,0.20165735285579844,0.44198441984419845,-0.34882720352610974,-0.08309990981592652,-0.44839836981518744,-0.053300023190538504,True,0.5461552047176442,0.30580334912202123,0.6802120141342756,27.442874375136928,0.9996454629973192,7363
7364.png,0.7590520078999342,0.47443689667500893,0.6435499515033948,0.47511636233440746,0.9969947407963937,0.9994368891749584,26.8525583306019,0.9974568105276876,27.66179760695629,0.4764285714285714,0.5682894765709203,0.9969765717551123,30.450229601648523,0.5592220757043339,2451,5,18,42,24,2.0844155844155843,3.6,308,321,630.5610729119546,4.45027712181017,0.03435359722059964,-0.013159080944421198,-0.2161242336797926,-4.436763942416988e-05,-0.0002905718447002714,0.003102398854278543,644.4530487060547,5,18,-13,42,24,2.0844155844155843,3.6,5,1,308,321,242,1.9643647131213497,4.45027712181017,630.5610729119546,0.03435359722059964,45664,18.63076295389637,26.738474092207262,256x256,65536,sparse,Otsu,308,5,27,2441,30.975338699916275,0.6141026544120087,28.17479721846596,0.9977473823723879,0.4733261725742929,0.5542513273350398,5,3,0.0,33,2172,31.230904370115,0.6495309734345406,0.9974733058598438,27.860776503126644,0.5542513273350398,0.4597207303974221,3727,31.54071283607123,0.6749351493535345,0.9984925469453931,30.180707370705775,0.4757120830414311,0.4797708557107053,-0.5129996115096702,0.014038149235880537,-0.5251090982677518,-0.05488057870767482,True,0.5700128695807603,0.5682894765709203,0.7722110888443554,27.068682564281694,0.9994812568143826,7364
7365.png,0.7247046738572163,0.4816084788029925,0.6501157163896486,0.4831144465290807,0.9935691318327974,0.9993880770538659,27.139350882399068,0.9965217359001376,27.740978163871134,0.5560049782202863,0.427751429497231,0.6659907740278866,29.853775040701727,0.5314401062288083,2588,5,19,35,20,2.084592145015106,3.8,331,345,616.8069449820358,5.024426329892208,0.023328755697673603,-0.005095955733549706,0.053967269326822276,-1.4885938219633132e-05,-0.00019133440047847117,0.011289531065814762,681.7243099212646,5,19,-14,35,20,2.084592145015106,3.8,5,0,331,345,276,1.7878462173392309,5.024426329892208,616.8069449820358,0.023328755697673603,46168,17.839258114374033,25.323029366306027,256x256,65536,sparse,Otsu,331,5,26,2418,30.51516897463305,0.5943258440386463,27.93722423271354,0.9967130703006161,0.5447154471544715,0.502171679826038,8,3,0.0,31,2492,30.74911011132972,0.6468864311181892,0.996224709776603,27.29361094688852,0.49842393093394444,0.5165728580362726,3603,31.009398605246027,0.6541969534751869,0.9981607589187997,30.168072391803786,0.34130850815196423,0.5398562050640825,-0.19624606884240592,-0.07442025032880706,-0.661393933931322,-0.06288573780983797,True,0.6422783110195458,0.427751429497231,0.729800629590766,27.085383613072246,0.9994029629920855,7365
7367.png,0.6552604698672114,0.3855250709555345,0.5565039262546945,0.3881876637294594,0.9825195901145268,0.999128580430065,27.843271361452064,0.995932503641154,28.231905872045544,0.3715302491103203,0.2696896617486426,0.39283937808471897,29.73317298191162,0.5284026451038613,3931,17,44,112,67,2.096947935368043,2.588235294117647,557,584,1136.3006571085793,3.1371817558843316,0.05619910556623234,0.029131951545384505,-0.8623836056946281,-0.00020069008497580754,-0.0011459940798072,0.03740307597385922,717.1773910522461,17,44,-27,112,67,2.096947935368043,2.588235294117647,17,1,557,584,378,1.9457203032681099,3.1371817558843316,1136.3006571085793,0.05619910556623234,45973,11.694988552531163,16.671584838463495,256x256,65536,sparse,Meijering,557,17,38,3894,30.971592229183592,0.6429679186417904,29.440737253990644,0.9970784977209612,0.33412717313646106,0.2481836181316054,19,1,0.9411764705882353,41,3866,31.38935702211772,0.7085414502541633,0.9968994193509404,29.150436781381227,0.22735148362590407,0.3428977946407399,538,29.94738241748656,0.5247625432976246,0.9949386775502861,26.958430162122532,0.31613859078764417,0.31232159847764035,-1.2088313819450995,0.02150604361703723,-1.238419247271974,-0.11456527353792911,True,0.6865138191173947,0.2696896617486426,0.6261285183218269,28.705654967146693,0.9993292705150408,7367
7368.png,0.6253326237360298,0.5222591362126245,0.6861632474901789,0.5236508994003998,0.9949367088607595,0.9989614061467628,27.754920381180884,0.9962602560032467,28.492909521128173,0.48506967485069674,0.374516775782361,0.561385913023244,31.705264699631826,0.6149754783565573,2056,4,5,13,13,2.007936507936508,1.25,252,253,653.5948181808096,6.447062516969348,0.017418975825515173,-0.01462464122123508,-0.07927194841451168,-5.537017914114539e-05,-2.4672055111696345e-05,-0.011266101298537112,743.8418865203857,4,5,-1,13,13,2.007936507936508,1.25,4,0,252,253,226,2.583378727987386,6.447062516969348,653.5948181808096,0.017418975825515173,44651,21.717412451361866,31.875486381322958,256x256,65536,sparse,Otsu,252,4,26,1927,31.859776870319024,0.6403484570937713,28.558103921580198,0.9962849280583584,0.49633577614923385,0.36146030006785623,14,11,0.0,39,2008,32.19371060641192,0.6841418338770091,0.996345504135277,28.877139791648144,0.4390827103914986,0.5048285048285048,4378,32.77971715124883,0.732284384402703,0.9983490789448958,32.186752948331865,0.3098933243222889,0.49067288474350435,-0.06519440045202529,0.013056475714504745,-0.15451217068719814,-0.025372978737214003,True,0.6671289163019205,0.374516775782361,0.6399572649572649,27.834192329595396,0.9990167763259039,7368
7369.png,0.6386326641345632,0.5460164835164835,0.7063527321190581,0.5494125777470629,0.9888059701492538,0.9987961629764526,28.170733597169793,0.9967992190561973,28.546157274554844,0.4843157531885557,0.3188685728204529,0.5080118397247294,31.027420347701185,0.5763074313340063,2255,5,11,25,18,2.040268456375839,2.2,298,304,577.5539945779212,4.813662262570938,0.03185005843704208,-0.0003326633282876301,-0.08993094458132944,-1.7906966545244707e-05,-0.0001694837800516602,0.014477766287487093,636.1792087554932,5,11,-6,25,18,2.040268456375839,2.2,5,0,298,304,255,1.8998486663747378,4.813662262570938,577.5539945779212,0.03185005843704208,45195,20.042128603104214,29.062527716186253,256x256,65536,sparse,Meijering,298,5,27,2254,31.32415347585794,0.621446293366161,28.753050395475093,0.9969687028362489,0.4698379869010686,0.3337923339467175,13,4,0.0,35,2084,31.594919016940175,0.6566387644564763,0.9967412671831644,28.46473263634108,0.39548774327919767,0.47190623922785246,4235,32.09247016500054,0.7088635984717967,0.998402431706058,31.45469301430202,0.3149482318029678,0.45545235638114895,-0.20689312092024892,-0.01492376112626459,-0.296733128156756,-0.04513886203215467,True,0.6276794119468447,0.3188685728204529,0.6389653274628508,28.260664541751122,0.9988140699429978,7369
7370.png,0.6087142246903033,0.7107248278123975,0.8309049079754601,0.7206518124376455,0.980986871887732,0.9976412092896334,26.73743286403257,0.9965588872950791,27.949699002686472,0.5102581072137657,0.35497199108936595,0.46304742968022267,30.87833806852172,0.5802804049825673,2376,4,4,13,13,2.0,1.0,296,296,601.1967400521355,4.672887417512971,0.021754192192418708,-0.003391487159653983,-1.2291476618541068,-0.0006165681580483362,-0.00027555814213109375,-0.012854629733357603,637.6464366912842,4,4,0,13,13,2.0,1.0,4,0,296,296,270,2.0310700677436984,4.672887417512971,601.1967400521355,0.021754192192418708,45339,19.082070707070706,27.58249158249158,256x256,65536,sparse,Otsu,296,4,27,2343,31.270762253040544,0.6269403872790954,28.270149614120186,0.9968344454372102,0.5231127369471233,0.46444112140335037,9,3,0.0,37,2344,31.599271978940486,0.6716813161454377,0.9966155211996682,28.125463064000794,0.36871635449307405,0.5231127369471233,3837,31.884595956601764,0.6902235912976964,0.998188674232765,30.917493353586018,0.3420138710956043,0.4951779181908879,-0.32045061143371356,-0.10946913031398442,-0.39242418451882344,-0.046659982296528124,True,0.7665996360988487,0.35497199108936595,0.6121057118499573,27.966580525886677,0.9982577774476817,7370
7371.png,0.7477328936521023,0.4946091644204852,0.6618575293056809,0.49527665317139,0.9972826086956522,0.9995065887253675,27.241954358390554,0.9980382242255884,27.93695242326052,0.4570400359874044,0.23314270075660026,0.42687993951670256,30.49638012538136,0.5410618887213355,2014,4,13,35,20,2.0676691729323307,3.25,266,275,532.5723195324814,4.327943897785101,0.028473752790238373,0.007782114324784817,0.4136724531865319,3.2039168116893e-05,-7.328125904337845e-05,-0.00044984255510571725,579.2715549468994,4,13,-9,35,20,2.0676691729323307,3.25,4,0,266,275,211,1.936626616481748,4.327943897785101,532.5723195324814,0.028473752790238373,45680,22.681231380337636,32.540218470705064,256x256,65536,sparse,Meijering,266,4,24,1969,30.797352243052956,0.5850241428581193,27.82025513332112,0.9981115054846318,0.4574898785425101,0.34107321917720257,7,1,0.125,29,1828,30.96131433365087,0.6203763309905598,0.9979097056649517,27.376532612426736,0.4015027407342352,0.4336482231219073,4428,31.668488161879132,0.6965087693194956,0.9991213663463518,31.228683330391984,0.27094054983237614,0.452991452991453,0.11669728993940254,-0.1079305184206023,-0.30097211767159493,-0.043962254136783785,True,0.5461552047176442,0.23314270075660026,0.7399507793273175,26.828281905204022,0.9994745495572506,7371
7372.png,0.6167133520074697,0.5261619409529378,0.6895230798697568,0.5347593582887701,0.9703504043126685,0.9989257511325581,27.901847417328938,0.9957727194742905,28.49176633433053,0.4746516454195079,0.3288415300010088,0.4747097401586205,30.604986579388083,0.558730106198898,2728,4,27,52,24,2.1201044386422976,6.75,383,406,820.6071841570965,5.0528558318359735,0.027528099904767612,-0.013020168329136217,-0.5250613196276603,-0.00023510173561946957,-0.0005119709302724429,-0.00989975089659434,721.2460041046143,4,27,-23,52,24,2.1201044386422976,6.75,4,0,383,406,307,2.021199960978067,5.0528558318359735,820.6071841570965,0.027528099904767612,45531,16.69024926686217,24.023460410557185,256x256,65536,sparse,Otsu,383,4,30,2633,31.138492062981058,0.6243608646663633,28.921269268383693,0.9962846904045629,0.4845513963161022,0.39236555413182095,11,4,0.0,36,2480,31.360106509656003,0.6646668383597684,0.9957049456728193,28.501839932969467,0.3934693402873666,0.4572192513368984,3469,31.473957292093324,0.6672311835830551,0.9972863708892399,30.25308067754636,0.3084977602358697,0.4572192513368984,-0.4295029340531613,-0.06352402413081215,-0.5335054835929753,-0.06563075846746536,True,0.6927212613988687,0.3288415300010088,0.6297335203366059,28.426908736956598,0.9991608528681776,7372
7373.png,0.7527412280701754,0.5959671396564601,0.7468413664014973,0.600451467268623,0.9876237623762376,0.9988569331038769,28.279307745483912,0.9964087385746175,28.846742686303777,0.5894263217097863,0.4679996390222466,0.6848475569822403,31.011791523796877,0.5747301903318923,2228,4,15,38,22,2.0694006309148265,3.75,317,328,709.0860445923228,4.094457035561089,0.029703276333740977,0.009505446733897083,-0.23655070430987024,-0.00012721269785020972,-0.00027443722022657546,0.010854893138357635,654.3071269989014,4,15,-11,38,22,2.0694006309148265,3.75,4,0,317,328,257,2.1618476969278086,4.094457035561089,709.0860445923228,0.029703276333740977,45132,20.25673249551167,29.414721723518852,256x256,65536,sparse,Otsu,317,4,27,2180,31.378415022719718,0.6192177735975138,29.163352374224555,0.9966831757948441,0.5785714285714286,0.57562715432305,7,8,0.0,35,2100,31.63697007327648,0.6567312301550943,0.9964679974188431,28.74162504510497,0.198669238530921,0.5490122996645546,4121,32.12030474809431,0.7073514548274387,0.9980696779930015,31.5438362025302,0.06483313748237063,0.5633001422475107,-0.3166096879207778,-0.10762751530080339,-0.3666234989228414,-0.04448758326562152,True,0.6833632306209467,0.4679996390222466,0.7432357813362783,28.515858449793782,0.9989841458017271,7373
7374.png,0.7489214840379638,0.42261427425821974,0.5941375422773393,0.4229534510433387,0.9981060606060606,0.9994518277202507,28.136208723800664,0.9972211746568609,28.73776465835782,0.3852,0.35309482453564767,0.6386093585159399,31.092467082047506,0.57321338102194,2256,7,28,63,30,2.130434782608696,4.0,322,343,653.5671752150009,4.076037411363969,0.03783192925037781,-0.019435159318679562,0.015305277858541189,3.615077561747171e-07,-0.00029875433627668535,-0.0028417335473515104,677.3490905761719,7,28,-21,63,30,2.130434782608696,4.0,7,1,322,343,229,1.9054436595189495,4.076037411363969,653.5671752150009,0.03783192925037781,45073,19.979166666666668,29.04964539007092,256x256,65536,sparse,Meijering,322,7,28,2192,31.487454785842736,0.6203596774768231,29.100099803093876,0.9975199289931376,0.3880417335473515,0.5093381083007599,5,5,0.0,35,2052,31.696936562525888,0.6577077393568281,0.997359811865315,28.765137741802306,0.26164706229958334,0.3899119295436349,4065,32.16210561267194,0.7063346452503144,0.9985050547962753,31.35906383592047,0.3898192169093202,0.3744987971130714,-0.36233514473605766,-0.1562432837651122,-0.3949877037952305,-0.04714629645488311,True,0.5529120734406436,0.35309482453564767,0.7683566433566433,28.120903445942123,0.9994514662124945,7374
7375.png,0.7284190106692532,0.35333333333333333,0.5221674876847291,0.35333333333333333,1.0,0.9996602738621003,27.268983145995183,0.997701738194051,28.310347954163326,0.34443573667711597,0.4684723181212821,0.8339293331510191,30.861796105255888,0.5648991977232297,2324,7,15,33,26,2.051282051282051,2.142857142857143,312,320,539.6900496418546,4.248441674388372,0.029319336512393778,0.0023106362850167095,-0.29209549133312507,-2.3912536671333307e-05,-0.00032051017472967125,0.010710246481037522,585.0255489349365,7,15,-8,33,26,2.051282051282051,2.142857142857143,7,0,312,320,253,1.6865314051307927,4.248441674388372,539.6900496418546,0.029319336512393778,45342,19.510327022375215,28.199655765920827,256x256,65536,sparse,Meijering,312,7,27,2194,31.269888403774303,0.6130791710794423,28.661409390359882,0.9980222483687806,0.33372549019607844,0.37915055537949294,6,0,0.9285714285714286,35,2180,31.51904893638253,0.6557753251715737,0.9978213014308701,28.27675022136191,0.32631996075113234,0.3415686274509804,3945,31.87433902789866,0.6912176495171417,0.9987402212622878,31.086606601769873,0.30541757716702356,0.33137254901960783,-0.35106143619655583,0.08932176274178916,-0.4080922985184152,-0.0481799733562126,True,0.5617650075350508,0.4684723181212821,0.7261083743842365,27.561078637328308,0.9996841863987717,7375
7376.png,0.6822351959966639,0.6101251091067792,0.7578604987350922,0.6158590308370044,0.9849694692343823,0.9986296874451867,27.902751981904466,0.99612564224141,28.363098362332956,0.5530856975723896,0.5498533309870139,0.8413407076034212,31.338478770433582,0.6101967354967033,2686,4,6,17,13,2.0117994100294987,1.5,339,341,644.7598667676691,4.425900682235538,0.03149717794285624,0.0036487424838326232,-0.5178960980453056,-0.00017175149705850323,-0.0003497940845420544,0.006536505208219245,632.3807239532471,4,6,-2,17,13,2.0117994100294987,1.5,4,1,339,341,309,1.890791398145654,4.425900682235538,644.7598667676691,0.03149717794285624,45065,16.777736411020104,24.399106478034252,256x256,65536,sparse,Otsu,339,4,31,2606,31.754096381205954,0.6554202324050109,28.88118329056386,0.996475436325952,0.5465491923641703,0.5108078882036684,12,12,0.0,42,2594,32.14885038631166,0.7020994539535201,0.9962889413664738,28.872928826579933,0.5821894892178737,0.5739870816206694,3553,32.20616525401214,0.6962910990206898,0.997540888713525,30.995121128834782,0.4627723436950688,0.5256975036710719,-0.5180849282309055,0.03904544278334554,-0.41561761077237236,-0.045223496908307625,True,0.6535441896699425,0.5498533309870139,0.6785864535128313,28.42064807994977,0.9988014389422452,7376
7377.png,0.546875,0.5654923215898826,0.7224466243508366,0.575015309246785,0.9715468184169684,0.9982653746705827,26.803263321075462,0.9952038793005249,28.450180403511602,0.4007308160779537,0.2281363536229002,0.29159316674452346,30.548063606563858,0.5631379961253772,2501,4,29,64,25,2.1497005988023954,7.25,334,359,733.8664166778644,4.658089375424528,0.03244055109422479,0.010219513655965518,-1.938265619503543,-0.0006499447332133368,-0.000773420524332491,0.010651207994671397,675.1224994659424,4,29,-25,64,25,2.1497005988023954,7.25,4,1,334,359,245,2.0441961467349947,4.658089375424528,733.8664166778644,0.03244055109422479,45302,18.11355457816873,26.20391843262695,256x256,65536,sparse,Otsu,334,4,29,2471,31.256315819049906,0.6207054966627928,29.399951537503178,0.9959772998248574,0.3900796080832823,0.3494909052766835,10,5,0.0,37,2420,31.56405848205307,0.665672934492802,0.9957864180829249,29.14031594431149,0.23279405002414422,0.3880048959608323,3813,31.802233889009113,0.6879264085656579,0.9972559504723216,31.095310099978096,0.2190155189855575,0.37522935779816513,-0.9497711339915753,-0.12135455165378328,-0.7082522124860482,-0.05756750053741566,True,0.7823789431347671,0.2281363536229002,0.5366554863440345,28.741528940579006,0.9989153194037961,7377
7378.png,0.5429808286951144,0.5300222386953298,0.6928294573643411,0.541051835035944,0.9629629629629629,0.9985244747367904,28.210585728675927,0.9967646734185269,28.548379445414035,0.37797057714070165,0.28704240424679206,0.4451832329284269,30.769156062411863,0.5577652463005183,2298,6,21,42,24,2.0943396226415096,3.5,318,333,627.9409550152884,4.131182334333096,0.041674382746606085,-0.0007691713048855187,-0.3222902095563782,-0.00016931827007393707,-0.00033239685032981914,0.005807188335860525,614.4883632659912,6,21,-15,42,24,2.0943396226415096,3.5,6,1,318,333,252,1.8857085736194805,4.131182334333096,627.9409550152884,0.041674382746606085,45306,19.715404699738905,28.51871192341166,256x256,65536,sparse,Meijering,318,6,27,2199,31.18914359757408,0.6094602286830599,28.93535300026261,0.9970970702688567,0.3721633888048411,0.32158765673589595,10,3,0.0,34,2162,31.469676615534667,0.6513144997379151,0.9966973493112028,28.580516591874883,0.5017566499874784,0.3498487140695915,3997,31.84287928777897,0.6928064687169717,0.9982148048936642,31.188321624977803,0.21622740933574525,0.3640483383685801,-0.38697355484857354,-0.034545252489103895,-0.41998753516221754,-0.051694982382541665,True,0.6447736190750484,0.28704240424679206,0.54375,28.532875938232305,0.9986937930068643,7378
7379.png,0.5596967782691092,0.4962121212121212,0.6632911392405063,0.49753133308013675,0.9946848899012908,0.9989680693819875,27.793050556888986,0.9964329492327153,28.50969010178352,0.43100189035916825,0.21041674655709097,0.38086908174038153,31.58995044723391,0.6134670522458612,2220,4,9,20,15,2.033557046979866,2.25,298,303,647.3337005262246,4.761055386706486,0.025750611682770645,-0.0020356069926877884,-0.7228393998575129,-0.0002608016073126773,-0.0006104774483045583,0.013607283446900875,673.4170913696289,4,9,-5,20,15,2.033557046979866,2.25,4,0,298,303,263,2.1364148532218596,4.761055386706486,647.3337005262246,0.025750611682770645,44554,20.06936936936937,29.52072072072072,256x256,65536,sparse,Otsu,298,4,30,2214,32.111716527761786,0.6540248175575977,29.257293581835672,0.9970434266810199,0.4173946069122674,0.26711701680152544,13,3,0.0,43,2140,32.35469505183763,0.6878784322715271,0.996940271301306,29.288726940949118,0.2281363536229002,0.42840865932396505,4109,32.74891090684332,0.7276511777072038,0.9982058498246016,31.7184506888422,0.22684267607929187,0.4352449677174326,-0.7476034800521525,-0.05670027024443447,-0.5217660805278754,-0.04055776531173649,True,0.5524647618955876,0.21041674655709097,0.561732385261797,28.5158899567465,0.9992288709893001,7379
7380.png,0.8463751438434983,0.5788123167155426,0.7332249825864872,0.5788123167155426,1.0,0.9989895235859857,27.662782801293947,0.9973901470283026,28.293982454161547,0.5957524716221164,0.6216743703119232,0.9462441854944441,31.256799711608714,0.5912506029208202,2472,4,13,31,17,2.0532544378698225,3.25,338,347,676.9909056289478,4.249902563687613,0.03381472909860872,0.005870267194043377,-0.20783243472738633,-5.029419835600457e-05,-0.00019245721688232464,-0.0002182243485795432,605.7262420654297,4,13,-9,31,17,2.0532544378698225,3.25,4,1,338,347,290,1.9509824369710285,4.249902563687613,676.9909056289478,0.03381472909860872,45080,18.236245954692556,26.511326860841425,256x256,65536,sparse,Meijering,338,4,29,2448,31.579825684702875,0.640731281066449,28.533048254488488,0.997582604245185,0.595970695970696,0.7247292169102477,4,5,0.0,40,2366,31.93812569965818,0.6813817569813924,0.9976273594529238,28.538273381219614,0.7355227387001761,0.5870282154635398,3742,32.10506598933177,0.6972281873369621,0.9986283240032827,31.04036197584361,0.6776121644545745,0.5835777126099707,-0.2390658003269408,-0.10305484659832453,-0.32302597309416115,-0.04948067814562884,True,0.6569914825812934,0.6216743703119232,0.840504876649455,27.870615236021333,0.9990398177843417,7380
7381.png,0.7713583282114321,0.5595975232198143,0.7176178660049628,0.560899922420481,0.9958677685950413,0.9989022742197035,28.057431370016303,0.9969426954445523,28.7525571826022,0.5510835913312694,0.502171679826038,0.9568989174780352,31.801692664323298,0.6140415887641963,2228,4,16,37,21,2.080267558528428,4.0,299,311,576.7699151259338,4.4372828748313875,0.024110288415160823,0.003378340719249473,-0.38478150025536806,-7.890809302579793e-05,-0.00022365502460830466,0.017724398158267096,573.153018951416,4,16,-12,37,21,2.080267558528428,4.0,4,0,299,311,241,1.8545656434917455,4.4372828748313875,576.7699151259338,0.024110288415160823,44482,19.96499102333932,29.414721723518852,256x256,65536,sparse,Meijering,299,4,30,2163,32.11831585305694,0.6510761862389476,29.165699636818484,0.9971663504691606,0.5333591931730023,0.44428516333642853,8,7,0.0,42,2168,32.375374571667805,0.6919318929134672,0.9969870525266018,28.999943799473712,0.458005811540813,0.5242154203796978,4109,32.729358267575115,0.727388401698664,0.9983130841521191,31.589180133412718,0.38595822008898817,0.5195357833655706,-0.4131424542162847,0.05788651648960952,-0.3166231887336437,-0.03703459747475124,True,0.5247907283138555,0.502171679826038,0.7679799874921827,28.44221287027167,0.9989811823127293,7381
7382.png,0.7773826458036984,0.45866364665911663,0.6288819875776398,0.45918367346938777,0.9975369458128078,0.9995332772173349,26.980539766096978,0.9978551017160413,27.91544955701656,0.48188679245283017,0.5196946989102006,0.7809551166932717,30.76079286635942,0.5636272571403271,2200,4,7,21,16,2.021276595744681,1.75,282,285,516.9534468608634,4.6959269976785,0.02589436220307336,0.0014460463800672896,0.2864717403088477,5.052685086825992e-05,-2.0102477725658652e-05,0.011165220862350389,604.0968894958496,4,7,-3,21,16,2.021276595744681,1.75,4,0,282,285,245,1.8138717433714486,4.6959269976785,516.9534468608634,0.02589436220307336,45575,20.71590909090909,29.78909090909091,256x256,65536,sparse,Meijering,282,4,26,2174,31.067915669382515,0.6098824739024513,27.821668661620134,0.997875204193767,0.4707215715904798,0.64654531804122,4,0,1.0,32,2154,31.3253729396904,0.6529856779390569,0.9976968189957848,27.584128883766486,0.5415939886947765,0.46447467876039306,4174,31.81504354528822,0.6970678169319803,0.9988962277681153,31.008558303989325,0.48462327601727084,0.47261050245561015,0.09378089539642787,-0.12685061913101936,-0.3071228030230948,-0.046255216762124185,True,0.6654603930513924,0.5196946989102006,0.7759365994236311,26.69406802578813,0.9994827503664666,7382
7383.png,0.7225641025641025,0.5078078078078078,0.6735710017924716,0.511958825310324,0.9842840512223515,0.9990821748355804,27.40597698418653,0.9964380974278614,28.095228539961752,0.4941069809610154,0.403096607325642,0.5755990322050685,30.67231496362043,0.5653571217084008,2402,4,15,39,20,2.074576271186441,3.75,295,306,635.8255175362505,5.180877012721563,0.03114159362686222,-0.00484862844205769,-0.0260618161161581,-4.5642221549235806e-05,-0.00010122897574349476,-0.004530621218821085,642.0743465423584,4,15,-11,39,20,2.074576271186441,3.75,4,0,295,306,236,2.0778611684191164,5.180877012721563,635.8255175362505,0.03114159362686222,45588,18.979184013322232,27.283930058284763,256x256,65536,sparse,Otsu,295,4,27,2362,31.05231818131572,0.6175051367185437,28.304121155108252,0.9965393264036049,0.4986376021798365,0.4160850848473713,10,5,0.0,34,2348,31.341962305041765,0.6618412697293571,0.9962822593840074,28.058914300146427,0.6001503456551527,0.48864668483197093,3810,31.644199392420752,0.6806464163238145,0.9979084328291303,30.646083255376784,0.4220878048376686,0.49742658189524674,-0.2088926151464996,-0.01298847752172927,-0.38000321769528966,-0.05214801501014288,True,0.7003080004867537,0.403096607325642,0.7274127310061602,27.43203880030269,0.9991278170571296,7383
7384.png,0.550778816199377,0.4806098773616175,0.6492052831878218,0.48494983277591974,0.9817197020988491,0.9990733890128531,27.635318157795826,0.9970745391136575,28.555876841938076,0.335781041388518,0.20966163701850182,0.3893237465385643,30.80234288291615,0.5661867804103176,2353,6,13,34,24,2.043076923076923,2.1666666666666665,325,332,619.0547289150992,4.65530570763808,0.02543240777037486,-0.016822429906542036,-0.6140881006853505,-0.0002137297354178891,-0.00028719580785552257,-0.011710597407468604,598.757266998291,6,13,-7,34,24,2.043076923076923,2.1666666666666665,6,0,325,332,267,1.8646226774551147,4.65530570763808,619.0547289150992,0.02543240777037486,45358,19.276668083297917,27.852103697407564,256x256,65536,sparse,Meijering,325,6,27,2174,31.24145745574049,0.6119415055140078,28.90962701303507,0.997361734921513,0.3474916387959866,0.23611141632266386,15,0,0.25,34,2158,31.462847429854083,0.6540878112171055,0.9970399254618214,28.357896603654822,0.31202308817102065,0.3331103678929766,3850,31.800453297963884,0.6900703798385665,0.9982880413340404,30.961227749052984,0.22894841419643375,0.34013377926421406,-0.35375017109699414,-0.026449779304162035,-0.43911457282434085,-0.045754725103690275,True,0.538527739144044,0.20966163701850182,0.567601246105919,28.249406258481176,0.999287118748271,7384
7385.png,0.7594405594405594,0.6080700656865812,0.7562730986189458,0.6107445805843544,0.992849846782431,0.9989205893097862,27.564773906056075,0.9968928050811293,27.904714765070043,0.5685597740822089,0.33218894683513633,0.43533092785739813,30.1813980022677,0.5404332943656635,2700,5,22,49,22,2.0934065934065935,4.4,364,381,735.9072210736067,3.85436443902634,0.04599102461880709,-0.004246852819618341,-0.20648167826692543,-7.50259870349046e-05,-0.0003241733509035116,0.0005848918216123655,595.7334041595459,5,22,-17,49,22,2.0934065934065935,4.4,5,2,364,381,293,1.9315150159412202,3.85436443902634,735.9072210736067,0.04599102461880709,45918,17.006666666666668,24.27259259259259,256x256,65536,sparse,Meijering,364,5,28,2678,30.715131437906113,0.6086150681087359,28.25382653685238,0.9972169784320328,0.5679748822605966,0.5078092276120174,9,10,0.0,33,2588,31.01548971821149,0.6573432325509744,0.9968817358462684,27.765510493920388,0.3296799539643608,0.5714732561776665,3486,31.141556862634374,0.6528846253435513,0.9982438232616682,30.332835593072964,0.3757784964730182,0.5602503912363067,-0.34911177178233643,-0.17562028077688108,-0.533733435638414,-0.06818177374307244,True,0.7630722413178782,0.33218894683513633,0.7636874122601778,27.771255584323,0.9989956152968211,7385
7386.png,0.7144571085782844,0.5134240529606473,0.6784933171324423,0.5164631890492046,0.9886685552407932,0.9989508951722056,28.28601073194653,0.997098874271391,28.869624113130858,0.5349611542730299,0.567054254169408,0.9402764414645004,30.99344483887929,0.5710364035140372,2070,5,9,20,16,2.028169014084507,1.8,284,288,547.9670590886169,4.609525562172204,0.016969053410653842,0.012493991386136827,-0.04369646978569719,-4.982457747526592e-05,-6.708389889231725e-05,2.5849282272116803e-05,580.0082683563232,5,9,-4,20,16,2.028169014084507,1.8,5,0,284,288,248,1.9026633996132505,4.609525562172204,547.9670590886169,0.016969053410653842,45158,21.815458937198066,31.65990338164251,256x256,65536,sparse,Meijering,284,5,25,1931,31.32443411577105,0.6081135782702627,28.925528409106143,0.9971659581702833,0.5349353049907578,0.48055793741295183,8,3,0.0,32,1934,31.54861179752332,0.6481335927453071,0.9967428549380905,28.486416043061187,0.21419973260884972,0.5139911634756995,4160,32.059772737179586,0.7060549281277401,0.9983233966176279,31.208952072612746,0.07946476414218118,0.49838998211091234,-0.05590429597528512,0.08649631675645619,-0.33098927689175994,-0.03707717475622552,True,0.6030718511741175,0.567054254169408,0.7019631171921475,28.329707201732226,0.9990007197496809,7386
7387.png,0.697228144989339,0.32056526589810336,0.4854970430864545,0.32104283054003724,0.9953810623556582,0.9996106247603503,27.118453770914005,0.997364549398036,28.11081003514697,0.2699180938198064,0.38121660819385916,0.753554199170942,30.110412872324922,0.5254537000119143,2816,13,31,65,44,2.08955223880597,2.3846153846153846,402,420,766.3776459479117,3.319865111391343,0.04687711398110625,-0.0025581797969856934,-0.5797256234955661,-5.531640138056737e-05,-0.0006747892108311948,-0.00010052815412281424,604.9594879150391,13,31,-18,65,44,2.08955223880597,2.3846153846153846,13,0,402,420,293,1.8247086808283564,3.319865111391343,766.3776459479117,0.04687711398110625,45901,16.300071022727273,23.272727272727273,256x256,65536,sparse,Meijering,402,13,30,2701,30.826562775796713,0.6044404402738481,28.97996079147226,0.9980393386088672,0.27001862197392923,0.4113950303216448,4,0,0.6538461538461539,35,2674,31.11057801346447,0.6578662940475324,0.9978343777411005,28.427871731888068,0.37624648708224795,0.2610800744878957,3214,31.010273018059284,0.6383224877919739,0.9982098195334851,29.532837121091976,0.37873651775253836,0.27262569832402234,-0.8691507563252898,-0.030178422127785653,-0.7161499034717913,-0.07898674026193386,True,0.5058914257438583,0.38121660819385916,0.6997863247863247,27.69817939440957,0.9996659411617309,7387
7389.png,0.7384333486028402,0.624,0.7684729064039408,0.6276150627615062,0.9908536585365854,0.9987721192090391,27.685707678793108,0.9970224289896413,28.1134309201302,0.57888,0.6535441896699425,0.8499486065246036,30.360440510877083,0.5486893379177793,2492,4,16,35,18,2.0714285714285716,4.0,336,348,620.2162688878187,4.276108772981734,0.029946989413193337,-0.003082225548717288,-0.28493837254094956,-0.00012673679849373176,-0.0002632456596041166,0.008140450160771695,570.1980590820312,4,16,-12,35,18,2.0714285714285716,4.0,4,1,336,348,283,1.7822306577236144,4.276108772981734,620.2162688878187,0.029946989413193337,45752,18.359550561797754,26.298555377207062,256x256,65536,sparse,Meijering,336,4,27,2459,30.81668723709832,0.6077036835722158,28.330879668598136,0.9972856746492454,0.5707395498392283,0.5344074783510534,9,8,0.0,32,2480,31.05036561387932,0.6563573840324137,0.9967576264377069,27.648894324499125,0.3363497498636806,0.5678537054860443,3726,31.349603564507046,0.6685116049695157,0.998155186030225,30.43635527557131,0.4222253865999427,0.5502085338466474,-0.2174487484679375,0.11913671131888914,-0.45624672622123796,-0.05901434565443653,True,0.7689220085226698,0.6535441896699425,0.7415155741515574,27.970646051334057,0.9988988560075328,7389
7390.png,0.7405498281786942,0.4768649669499528,0.6457800511508952,0.4773156899810964,0.9980237154150198,0.9993181533148254,27.363346368346917,0.9973226213897803,28.222745144957177,0.4782745591939547,0.4831486655083008,0.6116859472780226,31.510502293522986,0.6130978477217802,2659,4,13,35,20,2.0507042253521126,3.25,355,364,604.9258536396807,4.312882696406942,0.027351527485952574,-0.010748498422575303,-0.5636915405551655,-9.912952243107398e-05,-0.00045423162072344425,0.0003287494901109689,595.2372550964355,4,13,-9,35,20,2.0507042253521126,3.25,4,0,355,364,300,1.6618842132958225,4.312882696406942,604.9258536396807,0.027351527485952574,44856,16.869499811959383,24.646859721699887,256x256,65536,sparse,Meijering,355,4,32,2585,31.96240501380371,0.6611997418634179,28.89201972578708,0.9977768530105038,0.4779458097038437,0.6345649314743228,6,1,0.25,41,2410,32.210288020869996,0.6988394991083687,0.9975063409030626,28.571656826079806,0.7094559270255955,0.46141732283464565,3335,32.264450917432306,0.6941613164516366,0.9984815023633229,30.86071370895946,0.6660174946826554,0.4721259842519685,-0.669274580829903,-0.15141626596602198,-0.4519027202807244,-0.04810189414163768,True,0.7898639287992353,0.4831486655083008,0.7512983266012695,27.927037908902083,0.9994172828372565,7390
7391.png,0.7140077821011673,0.6404802744425386,0.7808448347971559,0.6437931034482759,0.9920297555791711,0.9988234222510278,27.864649890777006,0.9970189948793511,28.250846615689174,0.5624355005159959,0.4810771198410596,0.6650687882718864,31.009503149595155,0.5797172658987612,2337,4,14,33,17,2.0643086816720255,3.5,311,321,620.0364355855226,4.821905527850823,0.023467974891951047,-0.005384970102554454,0.005630265166015391,-3.0998956102257225e-05,-0.000109225336775709,0.0007113625849614058,636.0471248626709,4,14,-10,33,17,2.0643086816720255,3.5,4,1,311,321,261,1.9315776809517802,4.821905527850823,620.0364355855226,0.023467974891951047,45285,19.377406931964057,28.042789901583227,256x256,65536,sparse,Otsu,311,4,28,2304,31.337442233516505,0.6238034927892817,28.39318893382321,0.9971282202161268,0.5617241379310345,0.5595683454940007,7,5,0.0,37,2336,31.623123483177203,0.6717131831360572,0.9969322448956858,28.10888967868037,0.46692380448258863,0.5444827586206896,3925,31.96678669642992,0.6946409946024535,0.9985114717499213,31.165793619584893,0.560545995823545,0.5582758620689655,-0.14234231813403753,-0.07849122565294109,-0.3279390839213505,-0.04408622689052055,True,0.7233494163680265,0.4810771198410596,0.7193927522037218,27.85901962561099,0.9988544212071301,7391
7392.png,0.5960170697012802,0.44518388791593694,0.6160930683470673,0.4497523000707714,0.9776923076923076,0.999095500248278,27.780596004228432,0.9973949049250919,28.517415902977614,0.3312146892655367,0.21337213893344664,0.3615467431357314,30.583947514271145,0.5499498351799476,2424,5,25,59,29,2.1173020527859236,5.0,341,361,647.1648192574385,4.137367470173542,0.03635198182482112,0.019930113179541076,-0.6323838754353837,-0.00020464289203836472,-0.0003423777863273969,0.021589777729797144,590.3534889221191,5,25,-20,59,29,2.1173020527859236,5.0,5,0,341,361,253,1.7927003303530107,4.137367470173542,647.1648192574385,0.03635198182482112,45490,18.766501650165015,27.036303630363037,256x256,65536,sparse,Meijering,341,5,27,2322,31.043224931675457,0.6068283828463485,28.97644675122223,0.9977372827114193,0.30962491153573957,0.36871635449307405,8,3,0.0,34,2340,31.326484858193524,0.6542480743485872,0.9974462596154824,28.47389097147067,0.47270757595695145,0.3099787685774947,3850,31.620960374078393,0.6794622182965423,0.998462514342995,30.858108596017992,0.18593436676015807,0.328384588193708,-0.45903084824461615,-0.1553442155596274,-0.45927741740431216,-0.05687854766640099,True,0.590164737988921,0.21337213893344664,0.5760869565217391,28.412979879663816,0.9993001431403163,7392
7393.png,0.6112814224402208,0.42795165788658196,0.5993923611111112,0.4300840859545313,0.9885468861846815,0.9994194079915348,27.34963668285733,0.9949718609687216,27.88872599800344,0.3756580984825023,0.2985077691437199,0.4767069566148783,29.89029355587837,0.5250925906854632,2455,4,23,59,29,2.121405750798722,5.75,313,332,726.9982618338004,4.626117309061483,0.04035133165728613,-0.017003934255649056,-0.1058762207483035,-5.9583370532134694e-05,-0.0005301425912782598,0.0008137647340589749,636.2977027893066,4,23,-19,59,29,2.121405750798722,5.75,4,0,313,332,225,2.1897538007042154,4.626117309061483,726.9982618338004,0.04035133165728613,46097,18.776782077393076,26.6949083503055,256x256,65536,sparse,Otsu,313,4,26,2363,30.557852751868012,0.589704713462866,28.48225060904435,0.9955020035599998,0.37484433374844334,0.34876771569607057,9,1,0.0,31,2444,30.80357226363033,0.6426618875444474,0.9952526743892116,27.91028880997232,0.29210149172250977,0.36779819370912487,3779,31.1180294587848,0.6635343777758144,0.9970724821014318,30.353914678434926,0.15005245669527156,0.3833696667704765,-0.5935246110409089,-0.050259946552350665,-0.667559195989643,-0.0646121227774028,True,0.6261871470545335,0.2985077691437199,0.6282853566958698,27.455512903605634,0.999478991362067,7393
7394.png,0.6451977401129944,0.27895302975977054,0.4362209139332773,0.27915321133835663,0.9974358974358974,0.9995935677840659,28.243097654012608,0.9970705247419176,28.51144752458194,0.23988542785535266,0.24146295105021143,0.49976946701524716,30.15929010850215,0.5272964928019229,2907,14,44,93,48,2.143198090692124,3.142857142857143,419,449,863.9711110892753,3.240563039278927,0.047799843973376686,0.027207085907386852,-0.2756862071963404,-2.862302525064031e-05,-0.0006786126664758418,0.02280613112051233,654.5886993408203,14,44,-30,93,48,2.143198090692124,3.142857142857143,14,2,419,449,278,1.924211828706622,3.240563039278927,863.9711110892753,0.047799843973376686,45734,15.732370141038873,22.54420364637083,256x256,65536,sparse,Meijering,419,14,32,2875,30.98673823930961,0.6140526192985143,29.430701958991147,0.9977491374083934,0.21707929673484033,0.3122196249249557,7,2,0.75,37,2818,31.276208656766865,0.6634576834457976,0.9975364587090414,29.020174068444792,0.18941575402981292,0.21753130590339892,3191,31.148573096193125,0.6390429985798995,0.9978763673116836,29.93132874977594,0.16374653948335505,0.23057644110275688,-0.9192544344092077,-0.07075667387474427,-0.8274481308074577,-0.08675612649659137,True,0.4831486655083008,0.24146295105021143,0.6179906542056075,28.51878386120895,0.9996221908093166,7394
7395.png,0.562369337979094,0.42705217680292457,0.5985095482068001,0.4294786096256685,0.9869431643625192,0.9992444299737324,27.863774459413687,0.9966957363238758,28.4525056743807,0.3111037012337446,0.17977929145827443,0.3192796978332738,30.500583190869982,0.5504109227031999,2666,9,25,54,33,2.0886426592797784,2.7777777777777777,361,377,688.8542102525353,3.9076701204532402,0.03670903233115137,0.0029877497851376056,-0.4268055500714212,-0.00010968803545752248,-0.0005768275389556043,0.004619744014493277,610.7258796691895,9,25,-16,54,33,2.0886426592797784,2.7777777777777777,9,0,361,377,274,1.8271994966910714,3.9076701204532402,688.8542102525353,0.03670903233115137,45568,17.092273068267065,24.582145536384097,256x256,65536,sparse,Meijering,361,9,29,2525,31.085744991778455,0.6146946706996268,29.107112881907966,0.9972725638628314,0.3064839572192513,0.24529517876270823,14,3,0.0,36,2630,31.37877898557891,0.6681687983430252,0.9969365240701265,28.709230344061346,0.3281886975241448,0.28609625668449196,3536,31.48114223046636,0.6651937502221767,0.9978034119527458,30.347283634274657,0.22379089767122484,0.2857620320855615,-0.6546072075272669,-0.0655158873044338,-0.5851618009084731,-0.06428374799642689,True,0.5630777424255589,0.17977929145827443,0.5593815881939564,28.290580009485108,0.9993541180091899,7395
7396.png,0.7914285714285715,0.4510910458991723,0.6217267306196526,0.4519411986430456,0.9958471760797342,0.9994944033345278,27.72169093715105,0.9972320104330333,28.29244096962419,0.4903954802259887,0.4831486655083008,0.7373251999543889,30.4669355123103,0.5428387962138821,2245,4,23,51,24,2.12751677852349,5.75,298,317,599.4727213886187,4.390540873844351,0.02743821436273179,-0.018586156111929264,-0.007105582826426371,-2.5977698184354026e-05,-0.00023187952039738224,0.01772303393876673,582.7229022979736,4,23,-19,51,24,2.12751677852349,5.75,4,0,298,317,223,1.8910811400271854,4.390540873844351,599.4727213886187,0.02743821436273179,45694,20.353674832962138,29.191982182628063,256x256,65536,sparse,Meijering,298,4,26,2234,30.871107105101373,0.5977425908328516,28.461032379228467,0.9974638899534307,0.472672446287222,0.5717293827873404,5,1,0.375,30,2088,31.029690413071247,0.6349544028050478,0.9970796571100008,27.88063382096884,0.3127107212090279,0.48439262880782247,4195,31.577427569864156,0.6896695222309145,0.9983665194833438,30.590243615205978,0.3072893206928937,0.4787514103046258,-0.1685914096042751,-0.0885807172790396,-0.40417159279107295,-0.05490379461896955,True,0.6552721452327799,0.4831486655083008,0.8100147275405007,27.728796519977475,0.9995203810327121,7396
7397.png,0.6870123910050482,0.5588235294117647,0.7169811320754716,0.5642490005711023,0.9830845771144279,0.9983889843473718,27.958395994927404,0.9960408951367103,28.778842990526165,0.46651532349602726,0.27321925436493655,0.3361904813940116,30.907704901254625,0.5772775391301761,2840,5,21,51,23,2.081841432225064,4.2,391,407,770.7292480528791,4.1118338455629475,0.032489558836258675,5.98783263944247e-05,-0.8845015496538444,-0.0003937001747092994,-0.000702376393620141,-0.003518923079315228,634.3023777008057,5,21,-16,51,23,2.081841432225064,4.2,5,2,391,407,317,1.8936836561495753,4.1118338455629475,770.7292480528791,0.032489558836258675,45222,15.923239436619719,23.07605633802817,256x256,65536,sparse,Meijering,391,5,32,2706,31.52084652338128,0.6406652541725698,29.446974527315817,0.9967432715303305,0.4700342465753425,0.35676812149934034,16,6,0.0,40,2804,31.84338560258212,0.6923548316003676,0.9963646020778146,29.116709006490517,0.22361243828533917,0.44892167990919407,3283,31.750970162941616,0.6722571038613544,0.9974772873993063,30.847613503151514,0.21337213893344664,0.44501278772378516,-0.6681315367896516,-0.08354886713440379,-0.6131416221266548,-0.06338771504239371,True,0.812691820518043,0.27321925436493655,0.6869525126786538,28.84289754458125,0.9987826845220811,7397
7398.png,0.5692208628461043,0.44155038759689924,0.6126048612604861,0.4444444444444444,0.9854671280276817,0.9992821504947365,27.694609877639223,0.9974999879093709,28.50492484176254,0.3067580193086266,0.19667828184637348,0.33218595127274786,29.944360134907054,0.5269389417591279,2897,6,41,88,40,2.1794871794871793,6.833333333333333,390,425,830.1295848338887,3.679179415030357,0.04527984968995807,0.014610006076974158,-0.546656226603389,-0.00011900958106192405,-0.00035851614940685117,0.015871627298639113,616.1022186279297,6,41,-35,88,40,2.1794871794871793,6.833333333333333,6,0,390,425,262,1.953246081962087,3.679179415030357,830.1295848338887,0.04527984968995807,46042,15.89299275112185,22.62202278218847,256x256,65536,sparse,Meijering,390,6,30,2861,30.70599255712455,0.609243798742931,29.00780002382477,0.9978585040587777,0.2908863920099875,0.24421625854427453,14,0,0.33333333333333337,32,2668,30.921515152405536,0.6532572630794985,0.9974713905473108,28.288649892182942,0.2612953819358087,0.30087390761548066,3096,30.87279380464303,0.6298442025080507,0.9981481673227441,30.018196546282336,0.22165720032208014,0.29609984399375977,-0.5028751820622297,-0.04753797669790105,-0.7616324222174953,-0.08230485698380308,True,0.5920728468281516,0.19667828184637348,0.5546108567691301,28.241266104242612,0.9994011600757984,7398
7399.png,0.7004429678848284,0.5118323191345504,0.6771019677996423,0.5244198129546241,0.955205047318612,0.9991324610726822,28.183608844758513,0.9965174095118812,28.60875479162854,0.5022329096530402,0.31718987637478047,0.5139948465445631,30.1352909487266,0.5280252842788595,2471,5,32,59,27,2.1626506024096384,6.4,332,359,702.966510578488,4.392778440771333,0.02995548554992143,-0.007772329565596481,-0.11980407263108717,-8.728440001537496e-05,-0.00027050225732661026,0.010010303361992878,606.626033782959,5,32,-27,59,27,2.1626506024096384,6.4,5,1,332,359,246,1.9581239848982919,4.392778440771333,702.966510578488,0.02995548554992143,45873,18.56454876568191,26.522055847834885,256x256,65536,sparse,Meijering,332,5,27,2399,30.701492601825514,0.5939532081562258,28.791437656027043,0.9967879117692078,0.49222260629104736,0.30580334912202123,12,4,0.0,31,2258,30.88748854651566,0.6341714298893306,0.9960108499440163,27.97787694763524,0.16151102489024438,0.483837689133425,3651,31.16051039401539,0.6554508955143122,0.9976771900442846,30.088533236722345,0.12248977094442326,0.4928131416837782,-0.182682864398501,0.011386527252759238,-0.5662016530989149,-0.06592792387736623,True,0.6171071140248879,0.31718987637478047,0.7082152974504249,28.3034129173896,0.9992197454726975,7399
7400.png,0.637883008356546,0.379375,0.5500679655641143,0.3827238335435057,0.9774557165861514,0.9992842960857469,27.646691145685324,0.9966462803482512,28.407081502374663,0.349936948297604,0.3559635789168587,0.6014922184568963,30.68198193207561,0.5612000565130927,2761,8,32,73,39,2.1266490765171504,4.0,379,403,744.8450093623607,4.012921517002237,0.04334271193540884,0.0017699828568905618,-0.6310556558796385,-0.00018626197449023163,-0.0005981197701964147,-0.006508056429783304,661.4274978637695,8,32,-24,73,39,2.1266490765171504,4.0,8,0,379,403,267,1.8482506435790547,4.012921517002237,744.8450093623607,0.04334271193540884,45448,16.460702643969576,23.73632741760232,256x256,65536,sparse,Meijering,379,8,31,2662,31.30036237334428,0.6280304871809369,29.066029915225823,0.9972444001184476,0.3564450047273873,0.4122352942326326,7,0,0.9375,38,2636,31.59072034363887,0.6779003431935103,0.9971840111374493,28.90635366611739,0.35309482453564767,0.36085723290261584,3351,31.56319077540089,0.665808536269651,0.9978814769788332,30.366553843069,0.30485607160112127,0.33921815889029006,-0.65894841285116,-0.05627171531577391,-0.6183804412686698,-0.06683043066784422,True,0.5918008047220773,0.3559635789168587,0.6361130254996554,28.277746801564962,0.9994705580602371,7400
7401.png,0.6108452950558214,0.5175284837861525,0.6820675714698239,0.519806338028169,0.9916036943744753,0.9990932306044787,27.91243254175494,0.9972033930862256,28.516214823874947,0.36427628684557856,0.4566491309255002,0.8693678853830775,31.38674272131105,0.5875116310871152,1991,7,6,16,19,1.9927007299270072,0.8571428571428571,274,273,510.1500318716676,4.357793654403547,0.028418619202392546,-0.007249180524642962,-0.36590542237795276,-0.0001274066367895621,-0.00034652951538083343,-0.001040614562872133,591.991662979126,7,6,1,16,19,1.9927007299270072,0.8571428571428571,7,0,274,273,239,1.8686814354273518,4.357793654403547,510.1500318716676,0.028418619202392546,44823,22.512807634354594,32.91612255148167,256x256,65536,sparse,Meijering,274,7,26,1947,31.595261854964964,0.6202566389360881,28.908859733506155,0.9975499226016065,0.3653169014084507,0.48829142221345756,4,3,0.0,36,1808,31.883697959731396,0.6563269716273846,0.9974458999300205,28.57410815768379,0.31613859078764417,0.3501979762428509,4506,32.48767123308265,0.7263854576892016,0.9986375359805413,31.58040895901697,0.302323673928969,0.3587147887323944,-0.39264490963120835,-0.03164229128795737,-0.20851913365391184,-0.03274500784897283,True,0.5252657000600875,0.4566491309255002,0.6180944755804644,28.27833796413289,0.9992206372412683,7401
7402.png,0.6078058067586863,0.5023201856148491,0.6687258687258688,0.5064327485380117,0.9840909090909091,0.9990681794522589,27.793341744784833,0.995135221740594,28.494933891300004,0.4705195563339171,0.35695364239749194,0.5238089508048582,30.575786645954363,0.5582087083172868,2566,4,25,57,27,2.1242603550295858,6.25,338,359,785.3690494604069,5.0383320828161295,0.031078839696600576,-0.004802470430919081,-0.2772283271616196,-0.0001426784020590599,-0.0005083316500573698,0.005743175158822111,737.8511428833008,4,25,-21,57,27,2.1242603550295858,6.25,4,0,338,359,254,2.1876575193883165,5.0383320828161295,785.3690494604069,0.031078839696600576,45479,17.72369446609509,25.540140296180827,256x256,65536,sparse,Otsu,338,4,29,2500,31.12741429724876,0.6199782407894003,28.898742277476316,0.9956435533906514,0.464776381175095,0.28287133113601437,16,5,0.0,35,2536,31.344896347817933,0.6662159945929498,0.9950498977144854,28.381298902710924,0.29619222008518387,0.4614035087719298,3579,31.534056931683814,0.6698180642820882,0.9972256422381937,30.68046682030893,0.31352843589988866,0.46859479988314345,-0.403808386176312,0.07408231126147757,-0.5516276512943961,-0.061769532472113586,True,0.6814576991267811,0.35695364239749194,0.6126082771896054,28.070570071946452,0.999210857854318,7402
7403.png,0.6269503546099291,0.4490606936416185,0.619795562203939,0.4526584122359796,0.9826086956521739,0.9991974382557095,27.39441825463564,0.9969902861312682,27.806284494286896,0.3702359346642468,0.1666928199083595,0.2944449851515199,29.93369547104521,0.5186766015002788,2627,10,28,63,37,2.097560975609756,2.8,369,387,748.8817859043337,3.570552331322254,0.04597851111802799,-0.0030569287112653942,-0.3640421083367755,-6.967233405275053e-05,-0.0005031081701482032,0.01590235855354033,606.7426204681396,10,28,-18,63,37,2.097560975609756,2.8,10,2,369,387,269,1.9350950540163618,3.570552331322254,748.8817859043337,0.04597851111802799,46000,17.510468214693567,24.947087933003427,256x256,65536,sparse,Meijering,369,10,28,2618,30.59358032779648,0.5947375376030846,28.52493191080182,0.9974933943014164,0.3543335761107065,0.26736753226078414,9,0,0.44999999999999996,31,2578,30.868875788662493,0.644388182888721,0.9972228125092484,27.94200232499088,0.37588995464672925,0.3311499272197962,3207,30.90420182911643,0.6294972774117615,0.9980688135428113,29.639523010930183,0.21449509072128647,0.34559359067734885,-0.7186474165149228,-0.10067471235242464,-0.6598848567512725,-0.07606093610280573,True,0.5661255185670091,0.1666928199083595,0.6300072833211945,27.758460362972414,0.9992671105897623,7403
7404.png,0.7468123861566485,0.6588862954318107,0.7943718592964824,0.6650959272972063,0.9860279441117764,0.9987857711931539,27.338777753267163,0.997054869875056,27.694798898946907,0.6090452261306533,0.6048822386731127,0.8123375517762252,30.191455262404446,0.5405696249735948,2470,4,12,28,16,2.050955414012739,3.0,314,322,622.6369102315117,4.293936186535343,0.03628971109571527,-0.016782083889434474,-0.08963728805565196,-6.334629827853266e-05,-0.00018013267929462007,-0.0034673873910420205,576.5523910522461,4,12,-8,28,16,2.050955414012739,3.0,4,0,314,322,270,1.933655000718977,4.293936186535343,622.6369102315117,0.03628971109571527,45952,18.60404858299595,26.532793522267205,256x256,65536,sparse,Meijering,314,4,25,2268,30.618615838255764,0.593416216174626,27.77225769534929,0.9972350025543506,0.6125126135216953,0.5067142541534744,9,6,0.0,29,2262,30.82377392422213,0.6390776557583966,0.9966602223695319,27.107385745441526,0.5442059816719829,0.5976470588235294,3637,31.122010028315778,0.6582622922738284,0.9981187312773818,29.520704560642365,0.4903341683087524,0.5952300974135035,-0.07745879640238229,0.09816798451963837,-0.4271605758513175,-0.05284659120103119,True,0.7446193240119223,0.6048822386731127,0.7635944700460829,27.428415041322815,0.9988491174914325,7404
7405.png,0.7293986636971047,0.46581434130072263,0.6355707243079256,0.46633277685030605,0.9976190476190476,0.9995616560660747,27.074681975742095,0.9984969690055417,28.1706475834301,0.39677239844184753,0.2939011237856156,0.7043736196619698,31.56330572844931,0.5917078965077357,1732,4,10,24,16,2.0508474576271185,2.5,236,242,405.86036944759724,4.897601617089773,0.018548237802287083,0.007485426767182557,0.07307881059285037,2.2297400215975927e-05,4.7652714844970134e-05,0.0027824151363383676,580.0631046295166,4,10,-6,24,16,2.0508474576271185,2.5,4,0,236,242,196,1.6771089646594912,4.897601617089773,405.86036944759724,0.018548237802287083,44743,25.83314087759815,37.838337182448036,256x256,65536,sparse,Meijering,236,4,22,1572,31.667160981064253,0.6098173687395713,28.01542628506032,0.9984493162906968,0.39398998330550916,0.324295886039374,5,0,0.875,35,1728,31.967673182966795,0.6571171179547961,0.9983536524616413,28.073828898777453,0.38121660819385916,0.3884251530328325,5318,32.918848353209135,0.753108624705559,0.9993987747380447,32.64533385277247,0.1974812020375215,0.38564273789649417,0.15522129836977783,-0.030394762253758367,-0.10385525261494166,-0.018109472231835566,True,0.41725174762601036,0.2939011237856156,0.7219132369299222,27.001603165149245,0.9995393586658587,7405
7406.png,0.572639225181598,0.4861712762412529,0.6542600896860986,0.4910804442948502,0.9798522498321021,0.9991781552554643,27.459894308029607,0.996689185650045,28.32799126689472,0.37235116044399597,0.4530146904576581,0.6126288257434587,31.224142293395598,0.5894811441178295,2284,4,12,29,17,2.0524590163934424,3.0,305,313,579.8729982051726,5.294561864899808,0.025952598736801155,0.002687886982084664,-0.1426551176719535,-0.0001066781807069761,-0.00027294569267999336,0.004798147990276669,662.5056266784668,4,12,-8,29,17,2.0524590163934424,3.0,4,0,305,313,259,1.8526293872369708,5.294561864899808,579.8729982051726,0.025952598736801155,45000,19.702276707530647,28.69352014010508,256x256,65536,sparse,Otsu,305,4,28,2210,31.60875701386953,0.6326903104578717,28.60246690122257,0.996962131342725,0.3675530124537193,0.6339553651959846,4,3,0.0,39,2254,31.870375654585565,0.6745609257382351,0.9970883505520952,28.816830880475553,0.38121660819385916,0.35947492426792327,3954,32.2237493938676,0.7049345747687901,0.9983346310311709,31.57987851624037,0.2777134486731929,0.3614944463143723,-0.2744756343278496,-0.18094067473832653,-0.3846147204739303,-0.04320916634004224,True,0.7394602921400244,0.4530146904576581,0.5699513381995134,27.60254942570156,0.9992848334361712,7406
7407.png,0.672645739910314,0.5246607083747103,0.6882327399044723,0.5293921175684703,0.9832506203473945,0.9990280899839519,28.144261744864643,0.9970363272000553,28.65899056407883,0.4538794538794539,0.3344508949337005,0.465964343179171,30.431418384384376,0.5480635932997291,2411,4,13,32,17,2.054711246200608,3.25,329,338,606.8329816204388,4.268733564481185,0.03150049483136603,0.0038992850039044624,-0.14878530572032744,-9.80406847013171e-05,-0.00021133068236922625,0.00965767699234632,593.0702686309814,4,13,-9,32,17,2.054711246200608,3.25,4,1,329,338,280,1.7953638509480407,4.268733564481185,606.8329816204388,0.03150049483136603,45588,18.90833678971381,27.182082123600164,256x256,65536,sparse,Meijering,329,4,27,2304,30.981264667761327,0.6046987699625195,28.91199364247813,0.9972476578824245,0.44422177688710757,0.31418190711572613,14,5,0.0,33,2388,31.231137101278247,0.6551172834950525,0.9969337142470956,28.44837677260786,0.2943044935982442,0.4385204931689437,3923,31.528535514626434,0.6817691716156151,0.9981687932802767,30.63593962707872,0.1563351834036164,0.44971788914702954,-0.25300307839929914,0.02026898781797437,-0.5498462833769509,-0.05663517666279039,True,0.7177607038594767,0.3344508949337005,0.6687464549064095,28.29304705058497,0.9991261306686532,7407
7408.png,0.6646174863387978,0.47253169419900115,0.6417949386903209,0.47674418604651164,0.9816440542697525,0.999213884164374,27.166805636623366,0.9970103517329051,28.05990225273589,0.44936465152098576,0.3616629789107606,0.67939163949273,31.09697524074148,0.5780764912464397,2080,5,6,14,14,2.007142857142857,1.2,280,281,499.069383968143,4.692673543947084,0.027009655549795314,-0.014878664815855758,-0.44636141911171734,-0.00013692686872357474,-0.0003850607328990119,0.007585154422339702,585.808277130127,5,6,-1,14,14,2.007142857142857,1.2,5,0,280,281,252,1.7760476297798669,4.692673543947084,499.069383968143,0.027009655549795314,45139,21.701442307692307,31.50769230769231,256x256,65536,sparse,Meijering,280,5,26,2004,31.38394354475927,0.6157511355076914,28.453020786811194,0.9973954124658041,0.44177949709864606,0.3444116630922144,9,3,0.0,35,2080,31.64941845985851,0.6607225382249016,0.9972018428280989,28.215091716192386,0.3251962244989649,0.43183578621223856,4516,32.265195985745756,0.7199446467664364,0.99857399955246,31.318321097491864,0.2644544845294521,0.4320030995738086,-0.39311853407530606,0.01725131581854622,-0.2869683040177904,-0.03767464426125178,True,0.5323335729900908,0.3616629789107606,0.6794961511546536,27.613167055735083,0.9993508110330975,7408
7410.png,0.7077012835472579,0.4875886524822695,0.6555423122765197,0.4879347054648687,0.9985475671750181,0.9990457724477544,28.03328447511886,0.9962825097323945,28.819924559122796,0.5461946902654867,0.42240877800084686,0.6497974269745365,31.743885814047506,0.6140858318881316,2110,4,15,39,21,2.0814814814814815,3.75,270,281,638.5632967404393,5.025969891194944,0.027471353614725063,-0.006499899884694793,0.10706864966557816,-9.3189190516485e-06,-0.0003175983064708232,0.007351128718839028,644.6468830108643,4,15,-11,39,21,2.0814814814814815,3.75,4,0,270,281,210,2.2724672481866146,5.025969891194944,638.5632967404393,0.027471353614725063,44568,21.12227488151659,31.059715639810427,256x256,65536,sparse,Otsu,270,4,27,2100,31.895083701771657,0.646896480590689,28.980091028027918,0.9966001080388653,0.5388435615466477,0.5216918074659159,8,11,0.0,40,1958,32.27871350869289,0.6802718380091477,0.9966351045716065,29.127016010889694,0.5907108208687815,0.5248403122782115,4430,32.80421527245662,0.7375826500616718,0.9981578350562494,31.97344554994162,0.3339002130924704,0.5460339943342776,-0.1601664689051212,-0.09928302946506906,-0.15119788772415177,-0.032810648702557454,True,0.6500622508888447,0.42240877800084686,0.7142011834319527,27.926215825453284,0.999055091366806,7410
7411.png,0.5981818181818181,0.4633585277686494,0.6332809342016618,0.46750663129973474,0.9812108559498957,0.9991771919883751,27.891157771636927,0.9970567512803871,28.285610833602966,0.38958470665787737,0.38234064674335466,0.5789492070245915,30.727560743994232,0.568046281701096,2502,5,14,32,22,2.052023121387283,2.8,346,355,620.793572093844,4.263690891293432,0.027591281618555535,-0.010753310337153654,-0.22841766770963545,-9.93445022442474e-05,-0.00035905274618175387,-0.005640757533104057,576.7035484313965,5,14,-9,32,22,2.052023121387283,2.8,5,0,346,355,292,1.7487142875882893,4.263690891293432,620.793572093844,0.027591281618555535,45411,18.149880095923262,26.193445243804955,256x256,65536,sparse,Meijering,346,5,28,2400,31.240624740525238,0.6209720587301919,28.806345217101985,0.9974158040265688,0.3952254641909814,0.4081159024577764,9,1,0.09999999999999998,36,2456,31.52832396130446,0.6706353691718892,0.9971720636554793,28.330935756248195,0.2902604043108745,0.3483592973152138,3808,31.81621852102274,0.6877858776141026,0.9983892137110199,30.98033433261576,0.25648299096539595,0.40450182058920886,-0.5207343834990183,-0.02577525571442174,-0.513063996531006,-0.052925777029095955,True,0.6604044743550609,0.38234064674335466,0.6089351285189718,28.119575439346562,0.9992765364906193,7411
7412.png,0.7283950617283951,0.4963705496024888,0.6634326634326634,0.4970578054690204,0.9972222222222222,0.9991713286164909,28.194732733069085,0.9974177109102028,28.701066267645064,0.47024221453287196,0.5824426309918799,0.9028317294998618,30.90621733389665,0.5721797614719922,2559,5,12,35,23,2.0381471389645776,2.4,367,374,622.699504784845,4.169446882175165,0.027615474497595573,-0.005607447681893474,-0.23984121814825343,-9.352328983625036e-05,-0.00032294033635482666,0.011952148766170678,616.6276931762695,5,12,-7,35,23,2.0381471389645776,2.4,5,0,367,374,309,1.6649719379273906,4.169446882175165,622.699504784845,0.027615474497595573,45246,17.681125439624854,25.610003907776477,256x256,65536,sparse,Meijering,367,5,29,2453,31.369240641969043,0.6274066108605308,29.044413306012235,0.9977406512465576,0.4582900657667013,0.6422783110195458,5,3,0.0,38,2480,31.698584790978423,0.6750907304926357,0.9975173321434996,28.752438787701525,0.29707143018928184,0.45473393227366965,3683,31.802287904478433,0.6853510315994392,0.9984210408163392,30.952595569532974,0.44898872100865916,0.44582900657667013,-0.3433470383671704,-0.05983568002766593,-0.463023308072394,-0.05522684938853861,True,0.6451286679019725,0.5824426309918799,0.7340025094102886,28.434573951217338,0.9992648519063272,7412
7413.png,0.5248756218905473,0.5054290718038529,0.6714751046998604,0.5157255182273052,0.962,0.9986697260351056,27.85674786419301,0.996840594812136,28.57087727149517,0.3388075687254552,0.19464377847797065,0.3279976861191286,30.87005622844155,0.5671956988749788,2238,5,10,26,19,2.0328947368421053,2.0,304,309,569.266524815386,4.464666218741944,0.02760902699335754,0.011039143903125881,-0.41664833398534995,-0.00027528049876113236,-0.000334372957809137,0.014647454358049927,583.1265449523926,5,10,-5,26,19,2.0328947368421053,2.0,5,0,304,309,259,1.8422864880756802,4.464666218741944,569.266524815386,0.02760902699335754,45267,20.226541554959784,29.283288650580875,256x256,65536,sparse,Meijering,304,5,27,2173,31.311863215507977,0.6152466604697158,28.916337464511457,0.9971749677699452,0.32416011436740527,0.2910710719504892,10,1,0.0,33,2088,31.500412690683337,0.6514721447296887,0.9966439017682281,28.42514509079265,0.32631996075113234,0.32535714285714284,4260,32.005927103095,0.7037496485498296,0.9982885383179008,31.190744897009964,0.15392126568729547,0.3492857142857143,-0.3454601930162866,-0.09642729347251855,-0.4418069870664283,-0.048050961594736985,True,0.5934303402594009,0.19464377847797065,0.5138364779874214,28.27339619817836,0.9989450065338668,7413
7414.png,0.539485766758494,0.5288683602771362,0.6918429003021148,0.5367711690594784,0.9729155602761551,0.9981326964209047,28.521458890532287,0.9953474717885317,29.076952552195753,0.4252772913018097,0.33249642059378093,0.4974082879036901,31.622012835548073,0.6127115125265723,2683,6,27,61,30,2.111111111111111,4.5,378,399,738.6892815677444,4.1911178824132085,0.04526726257417347,0.016306958811474148,-0.913662732292778,-0.0004475807981858537,-0.0009424222576932539,0.03353981693907898,607.496976852417,6,27,-21,61,30,2.111111111111111,4.5,6,0,378,399,287,1.8513515828765486,4.1911178824132085,738.6892815677444,0.04526726257417347,44497,16.584793142005218,24.42638837122624,256x256,65536,sparse,Meijering,378,6,34,2660,32.174446284620714,0.6659078771217277,29.95437720240456,0.9962898940462249,0.3917374743627307,0.25465869908751937,23,11,0.0,46,2672,32.49340002072544,0.7093905211176104,0.9963041144427887,29.849592388009714,0.17908305128181312,0.35099531615925056,3509,32.52328372349905,0.7087100743378931,0.9972719492907718,31.299530745872364,0.12448340842995909,0.41963509991311904,-0.877424650208809,0.07783772150626156,-0.552433449072641,-0.05319636459515542,True,0.6684577412151202,0.33249642059378093,0.5231788079470199,29.435121622825065,0.9985802772190906,7414
7415.png,0.6678726483357453,0.47555729370355887,0.6445799098860323,0.4757433489827856,0.9991783073130649,0.9992842904012108,27.82432149209274,0.997204337618579,28.301578034921295,0.4201091192517537,0.2958537696084562,0.44684272409381476,30.747226753540996,0.5588788426261446,2262,4,18,34,20,2.088050314465409,4.5,318,332,588.9046597554178,4.3237690655690315,0.02851717446341913,-0.025052224020199243,-0.03300279270208861,-3.0085424352566115e-05,-0.00030873941948661443,-0.011815763377354294,599.9391078948975,4,18,-14,34,20,2.088050314465409,4.5,4,0,318,332,264,1.7738092161307735,4.3237690655690315,588.9046597554178,0.02851717446341913,45384,20.06366047745358,28.97259062776304,256x256,65536,sparse,Meijering,318,4,27,2212,31.164053089457457,0.6112737418915541,28.711461043691205,0.9975130770380656,0.431924882629108,0.34652731542633364,11,5,0.0,33,1990,31.381130080503446,0.6439822212627406,0.9974004374688491,28.401134109805728,0.424490762678842,0.4114196323816973,4049,31.849994917119638,0.6951365294522431,0.9985840235223551,31.234845881108903,0.330636870355677,0.4138335287221571,-0.4098830087699099,-0.05067354581787742,-0.41682633591646123,-0.05239489926540952,True,0.6620982141052869,0.2958537696084562,0.6929248723559446,27.857324284794828,0.9993143758255634,7415
7416.png,0.6592442645074224,0.5489787411421425,0.7088266953713671,0.5503552026744672,0.9954648526077098,0.9991311601363841,27.584124940219557,0.9972742386344433,28.300586465672293,0.4747179272879231,0.3858401237762622,0.714840833161739,31.69099914909259,0.6084362593425182,2068,4,9,19,14,2.035335689045936,2.25,283,288,588.4556151692314,4.937469978214574,0.021036590249604158,-0.00651844735698448,-0.22464660349398358,-6.67505492174536e-05,-0.0002313364322521494,0.0008357709987463213,661.9551181793213,4,9,-5,19,14,2.035335689045936,2.25,4,0,283,288,250,2.043248663782051,4.937469978214574,588.4556151692314,0.021036590249604158,44738,21.63346228239845,31.690522243713733,256x256,65536,sparse,Otsu,283,4,27,1986,31.871496701217424,0.639533089424803,28.601101107076996,0.9975055750666955,0.4738821562891768,0.38121660819385916,9,7,0.0,40,2044,32.17869555573166,0.6800708046642359,0.9974008621416496,28.7567523074825,0.33089761038859733,0.4609277058086084,4275,32.67360275385552,0.7267074961202838,0.9987402539395676,31.793418715012503,0.3092656693626453,0.47889678228165483,-0.3005146414047033,0.004623515582403037,-0.18049755212483376,-0.03109683008228481,True,0.5397566925069074,0.3858401237762622,0.6657627118644068,27.80877154371354,0.9991979106856016,7416
7417.png,0.725,0.44802578565672846,0.6188091263216472,0.45295315682281057,0.9762949956101844,0.9992979612057663,28.225437107590047,0.9973459070679902,28.58108725193672,0.40447154471544716,0.3734332712858762,0.6292790340356388,30.79257873995767,0.557429685532978,2198,8,21,51,32,2.0869565217391304,2.625,299,312,616.0060024509264,3.9725374150834356,0.03683054881729389,-0.013287560581583202,-0.1728712380777253,-0.00010046481820380482,-0.00036967246183594593,-0.008155746526915364,606.2653064727783,8,21,-13,51,32,2.0869565217391304,2.625,8,0,299,312,216,1.9743782129837342,3.9725374150834356,616.0060024509264,0.03683054881729389,45297,20.60828025477707,29.816196542311193,256x256,65536,sparse,Meijering,299,8,27,2188,31.20622460189242,0.6093281182006474,29.111195910905522,0.9977155795298261,0.4126272912423625,0.5228860844789656,5,1,0.3125,34,2190,31.479373893675316,0.6539641861966717,0.9975568612995823,28.729738653820526,0.23955094157521895,0.40430719219829336,3957,31.847863994593453,0.6928503796841057,0.9985590535073369,31.184912442347713,0.2415440736691331,0.4047039740470397,-0.5301086589688033,-0.14945281319308934,-0.41364586193475006,-0.05189843266766936,True,0.5934303402594009,0.3734332712858762,0.7382875605815832,28.398308345667772,0.9993984260239701,7417
7418.png,0.6221889055472264,0.5535491905354919,0.712625250501002,0.5575415490749451,0.9872293170460855,0.9990528725636317,28.176470448951537,0.9965327752591413,28.42898730557767,0.4526645768025078,0.35713349034978115,0.4740271451761194,31.06109001615608,0.5831338212860507,2600,4,19,44,19,2.0831024930747923,4.75,361,376,656.3012221803912,4.506493953126289,0.024112693421265062,0.00410590159465718,-0.20592640618475855,-5.153583710926224e-05,-0.0003814588327432089,-0.008632822131995455,630.0697326660156,4,19,-15,44,19,2.0831024930747923,4.75,4,1,361,376,298,1.7454819738840157,4.506493953126289,656.3012221803912,0.024112693421265062,45154,17.366923076923076,25.206153846153846,256x256,65536,sparse,Meijering,361,4,31,2589,31.535055247763026,0.6398794140946332,28.840605609159347,0.9969142340918845,0.4612973989345033,0.39103835892710315,10,4,0.0,41,2574,31.875652585302934,0.6872623715010793,0.9970893576634001,29.00958829619636,0.4376076581879558,0.44151771715271243,3632,31.95790297605638,0.6896281538391238,0.9979926100152678,30.766376330606356,0.3006801497739362,0.45391849529780565,-0.41161830358167606,-0.033904868577322,-0.4739652316069467,-0.05674559280858249,True,0.7534030360583934,0.35713349034978115,0.6180830039525692,28.382396855136296,0.999104408400741,7418
7419.png,0.5899419729206963,0.3756813417190776,0.5461749466626028,0.3771043771043771,0.9900552486187846,0.9995423998972347,27.855846698150366,0.9977052738832631,28.762958190798823,0.30992430613961314,0.26246699884792346,0.5133358559451718,31.248810543828256,0.580832099778581,2190,6,20,46,28,2.090909090909091,3.3333333333333335,308,322,545.0038048498179,4.291075514895575,0.03146019505174015,-0.006193292779786863,-0.3857721681568833,-3.572596494183511e-05,-0.00014851160177298262,-0.004469633254326255,592.0374393463135,6,20,-14,46,28,2.090909090909091,3.3333333333333335,6,0,308,322,234,1.6925584001547112,4.291075514895575,545.0038048498179,0.03146019505174015,44959,20.52922374429224,29.92511415525114,256x256,65536,sparse,Meijering,308,6,27,2026,31.557038538812975,0.6200876150580699,29.022952077797157,0.9978537854850361,0.3143939393939394,0.2960944622160564,9,1,0.25,36,1936,31.780385032591695,0.6558987359257494,0.9976500588803588,28.583101298826282,0.24146295105021143,0.30248212031973076,4218,32.31422116036252,0.7134745066774267,0.9987553422325968,31.44426234806425,0.1838506344378319,0.3106060606060606,-0.25999388699833403,-0.03362746336813294,-0.3082279949847191,-0.039255515279488895,True,0.5112968358009204,0.26246699884792346,0.5961352657004831,28.24161886630725,0.9995781258621765,7419
7420.png,0.7604832977967306,0.4337436640115858,0.6050505050505051,0.4340579710144927,0.9983333333333333,0.9995151783890007,27.308902530666565,0.9972099979979804,27.945917318027963,0.45792704947634527,0.2762674300339062,0.5509652954688058,30.411010469389236,0.5436960798479975,2430,4,14,42,25,2.06269592476489,3.5,319,329,612.6676281450383,4.4255156954254105,0.032590904233858985,0.008863427386363476,-0.18694122192706786,-1.7389942206347264e-05,-0.00026515489406431225,0.011711910034114204,586.9348049163818,4,14,-10,42,25,2.06269592476489,3.5,4,0,319,329,252,1.8622116356992013,4.4255156954254105,612.6676281450383,0.032590904233858985,45714,18.812345679012346,26.96954732510288,256x256,65536,sparse,Meijering,319,4,27,2399,30.84445247417545,0.6035201490646361,28.328299081590472,0.9974751528920447,0.44621513944223107,0.4796914787936931,6,2,0.0,32,2404,31.082264269717665,0.6509799866054693,0.9971087728967459,27.665116864942295,0.4543154872506372,0.44710144927536233,3748,31.373519887591613,0.6651065281283052,0.9982973144835119,30.362607835154115,0.4666468098431882,0.447463768115942,-0.38238176356250975,-0.20342404875978692,-0.4334420047862153,-0.05982406921663863,True,0.5014243770087834,0.2762674300339062,0.7516198704103672,27.495843752593633,0.9995325683312071,7420
7421.png,0.517607332368548,0.5864120225422668,0.7392934675350306,0.5908517350157728,0.9873484449130205,0.9982482633657166,27.943137454169,0.9963010602634397,28.169993464612855,0.3852664576802508,0.19025385588097954,0.3339391517515311,30.0521560375223,0.5302259133470474,2548,6,16,43,27,2.059171597633136,2.6666666666666665,338,348,663.8102202743707,4.2443763338602505,0.03467560378133184,0.03129573455869228,-0.5291579265222879,-0.00022788621169589351,-0.0005086606081519118,0.04173333465185963,626.6779899597168,6,16,-10,43,27,2.059171597633136,2.6666666666666665,6,0,338,348,268,1.9075006329723259,4.2443763338602505,663.8102202743707,0.03467560378133184,45898,18.013343799058084,25.72056514913658,256x256,65536,sparse,Meijering,338,6,27,2448,30.696110765781736,0.5964753507574824,28.778131522528135,0.9968097208715916,0.3435331230283912,0.2467313435453431,18,5,0.0,31,2324,30.906757763891473,0.6390167558448009,0.9963231588429385,28.26934764617143,0.17694877801364683,0.30715862503941976,3649,31.14346600208329,0.6555059112353213,0.9974020979911867,30.03743729075436,0.1987642054378339,0.32682004412228177,-0.60813805791528,-0.05647748766436356,-0.6439547282594376,-0.06624943741043499,True,0.569726115919881,0.19025385588097954,0.48631159780985567,28.47229538069129,0.9984761495774125,7421
7422.png,0.6173526140155728,0.5775613275613276,0.7322204436313744,0.5881704628949302,0.9697153240460327,0.9990889329926302,27.774182985707867,0.9973428393864467,28.246989496682616,0.4580432392817882,0.28555552763028547,0.4323949014869317,29.99270388930033,0.5219338760315864,2470,4,15,34,19,2.065671641791045,3.75,335,346,650.4311681972231,4.030814320649673,0.02366786787283284,0.0037799836173675327,-0.267164533114844,-0.00011224292788969414,-0.00011032623969808864,0.007639124660186458,596.3799953460693,4,15,-11,34,19,2.065671641791045,3.75,4,0,335,346,282,1.8798588676220298,4.030814320649673,650.4311681972231,0.02366786787283284,46042,18.640485829959513,26.532793522267205,256x256,65536,sparse,Meijering,335,4,26,2379,30.505561525080132,0.5865565869020061,28.29687082221338,0.9974531656261448,0.45040411462160174,0.3182395458429622,13,8,0.0,28,2192,30.67499747471748,0.6222616276068883,0.9968645272591552,27.59206309668532,0.20898982231942254,0.39720998531571217,3796,31.060985499155862,0.6607498172919164,0.998190683244177,29.836371521031097,0.20678951726142325,0.42103334554781974,-0.04988132553076241,-0.032684018212676746,-0.5128576357798025,-0.06462271087041971,True,0.6604044743550609,0.28555552763028547,0.6135726303982053,28.04134751882271,0.9992011759205199,7422
7423.png,0.7149377593360996,0.6889726672950047,0.8158482142857144,0.6942070275403609,0.9891745602165088,0.9984985989731019,27.597015815091,0.9970223789607324,27.999700031853884,0.6055045871559633,0.6592706005297518,0.8346635116405257,31.105472912570228,0.595843841560107,2633,4,9,20,14,2.0291545189504374,2.25,343,348,584.4651950504954,4.351428398585528,0.02591594858693271,0.004786752624690194,-0.3493504378173249,-0.0001706236117799964,-0.00038954621826692293,0.016710665028707883,601.8640995025635,4,9,-5,20,14,2.0291545189504374,2.25,4,0,343,348,309,1.6794976869267075,4.351428398585528,584.4651950504954,0.02591594858693271,45168,17.154576528674514,24.89023927079377,256x256,65536,sparse,Otsu,343,4,30,2605,31.538093687912102,0.6453498606090347,28.49587016582468,0.9974119251789993,0.5887939221272555,0.6978001322194727,6,11,0.0,39,2442,31.825224832965667,0.6851250438178504,0.9972061978199357,28.348433238638194,0.6132589765454988,0.5824628046850269,3478,31.944960633857207,0.6846079819557932,0.998298638396295,30.61924615014176,0.5833695060137769,0.5751820196264641,-0.49617013397079646,-0.03852953168972084,-0.43262077534187426,-0.04950601904892771,True,0.7898639287992353,0.6592706005297518,0.7101510067114094,27.946366252908327,0.9986692225848819,7423
7424.png,0.615568862275449,0.44876008365700626,0.6195091771499278,0.45377643504531723,0.9759584145549057,0.9991570759201547,27.714681455183797,0.996509124857755,28.03376879184571,0.3444645006016847,0.2521764580292023,0.34929291802401957,30.00747820544327,0.5323711229623305,3150,13,35,77,47,2.1018518518518516,2.6923076923076925,432,454,855.9344808002161,3.44172003865242,0.04329356222627782,-0.02694321501923691,-0.6325933101623598,-0.00020334114711684226,-0.0007782940067699862,-0.012333082479886293,660.0742340087891,13,35,-22,77,47,2.1018518518518516,2.6923076923076925,13,1,432,454,308,1.885318239648049,3.44172003865242,855.9344808002161,0.04329356222627782,45852,14.556190476190476,20.805079365079365,256x256,65536,sparse,Meijering,432,13,33,3125,30.95809834013274,0.6247304195157175,28.98080866922415,0.997287418864525,0.356797583081571,0.458005811540813,8,8,0.0,38,3092,31.27016146278267,0.6788417758256567,0.9970761853838743,28.676102881332856,0.3644937371043776,0.3388704318936877,671,30.226759091957675,0.5339954140886543,0.9957750349780108,27.24577048448756,0.45483493938916475,0.3528700906344411,-0.9470398773784403,-0.2058293535116107,-0.9506201346894692,-0.09235929655338704,True,0.7219626995468058,0.2521764580292023,0.642512077294686,28.347274765346157,0.9993604170672715,7424
7425.png,0.5060544904137235,0.508545630441793,0.6742197520307824,0.5135135135135135,0.9813316739265713,0.9988563099876698,28.098230314937474,0.995356482528206,28.63933442305379,0.4412050534499514,0.2806977860643455,0.43801227968080286,30.579293495473525,0.5545821720861133,2438,4,21,50,24,2.1055900621118013,5.25,322,339,803.342649237612,4.898716376805157,0.03843103179897046,0.005027796368548998,-0.4869964067956367,-0.0002029903401283839,-0.0005125369987557526,0.013284454686528058,675.325870513916,4,21,-17,50,24,2.1055900621118013,5.25,4,0,322,339,248,2.369742328134546,4.898716376805157,803.342649237612,0.03843103179897046,45477,18.65340442986054,26.88105004101723,256x256,65536,sparse,Otsu,322,4,28,2372,31.15333929388371,0.6134933130100171,29.13948614516189,0.9958690195269617,0.42792059876342337,0.3127107212090279,16,8,0.0,33,2280,31.358665446036294,0.6531786125465712,0.9954216542861988,28.751684410723755,0.24589391321858955,0.39720234222511386,3692,31.641799684773297,0.6786499437774761,0.9972662571334473,30.813575448217524,0.2554684125340906,0.4131989596879064,-0.5001517221081002,-0.0320129351446824,-0.5740457984101859,-0.058911140923903815,True,0.6408445586705953,0.2806977860643455,0.5010266940451745,28.58522672173311,0.9990593003277982,7425
7426.png,0.6273611906124785,0.534147146156384,0.6963440860215053,0.5384103757898238,0.985392574558734,0.9989223622757148,27.42265474556475,0.9974615171955344,28.013998900355123,0.3981389165835826,0.35079062331485267,0.49165099046379296,30.867741187612793,0.5734629144080463,2559,4,11,34,22,2.0421686746987953,2.75,332,339,614.813439934062,4.2803101133869355,0.03644124255496835,0.0028643533496838236,-0.2571342983608602,-0.00012663807701707164,-0.00028314432550480273,0.0050561097994122894,607.4061393737793,4,11,-7,34,22,2.0421686746987953,2.75,4,0,332,339,276,1.8136089673571103,4.2803101133869355,614.813439934062,0.03644124255496835,45353,17.722938647909338,25.610003907776477,256x256,65536,sparse,Meijering,332,4,29,2483,31.329348944148073,0.628535537025246,28.436526712970014,0.9977446615210392,0.3930828067841703,0.365904405254568,9,2,0.0,40,2554,31.702439627407372,0.6771373871771134,0.9977796876348101,28.709658569503276,0.48462327601727084,0.3934153641503159,3680,31.7914258028091,0.6820666314509268,0.9985530118182748,30.7018315165239,0.3127107212090279,0.39873628200864647,-0.4225278126148915,-0.015113781939715354,-0.46160775653527963,-0.055072622617199696,True,0.7134952031398099,0.35079062331485267,0.6244968372627947,27.67978904392561,0.9990490003527319,7426
7427.png,0.6519043401240036,0.4379280821917808,0.6091098541232509,0.4381156316916488,0.9990234375,0.9995624469954647,27.307203527921583,0.9979217174348558,28.20823663659192,0.3601713062098501,0.4078527843925187,0.728870365303556,30.81919586823105,0.5586505756330296,2150,4,14,38,22,2.06872852233677,3.5,291,301,532.3430536871932,4.3578114398975965,0.03951621920175394,-0.02216315543549907,0.05505947446589943,5.353842860711389e-06,-0.00012782212009176952,-0.008565310492505362,566.3204193115234,4,14,-10,38,22,2.06872852233677,3.5,4,0,291,301,231,1.7685815737116026,4.3578114398975965,532.3430536871932,0.03951621920175394,45477,21.152093023255812,30.48186046511628,256x256,65536,sparse,Meijering,291,4,26,2107,31.130492440563046,0.6053078505090778,28.31474175526783,0.9980495395549476,0.36873661670235547,0.33349943104264,7,1,0.125,33,2146,31.397307140552506,0.6500245318478824,0.9979113843458505,27.991718367006865,0.30580334912202123,0.37044967880085655,4116,31.8327933431299,0.6942312666290451,0.9989045476331213,31.16913000477208,0.26655304377571065,0.3640256959314775,-0.1065051186759085,0.07435335334987869,-0.31129657233199737,-0.046657274876048205,True,0.5595683454940007,0.4078527843925187,0.6740674955595026,27.252144053455684,0.999557093152604,7427
7428.png,0.6236749116607774,0.3761904761904762,0.546712802768166,0.37965558670404487,0.976313079299691,0.999423246310107,27.44353188563235,0.997276425571346,28.111565494416734,0.33757455268389663,0.1820875684461406,0.35310499101590687,29.962921097385774,0.5149930080234878,2429,8,29,59,33,2.127659574468085,3.625,329,350,693.3431054227241,3.8469592796632948,0.04578557276341511,0.010655020159873185,-0.40993464356326115,-0.00011176884659691577,-0.00047397910456203896,0.011983843833275887,632.8709125518799,8,29,-21,59,33,2.127659574468085,3.625,8,1,329,350,237,1.980980301207779,3.8469592796632948,693.3431054227241,0.04578557276341511,45972,18.92630712227254,26.980650473445863,256x256,65536,sparse,Meijering,329,8,26,2304,30.55681458922927,0.581780867124067,28.76212065815374,0.997750404675908,0.32559070885062075,0.2340716616353513,12,1,0.75,29,2196,30.775458336845325,0.6215781207396963,0.9973863100009416,28.175927653528653,0.23916086768870704,0.290516206482593,3777,31.113840481282644,0.6596229896983553,0.9982613519871789,30.01396932872044,0.19647742631093923,0.31254996003197444,-0.6505551637370068,-0.05198409318921071,-0.5938934918434953,-0.06678785910057916,True,0.5156754310446374,0.1820875684461406,0.6130198915009042,27.85346652919561,0.999535015156704,7428
7429.png,0.7370892018779343,0.5246153846153846,0.688193743693239,0.5257477644156645,0.9959112149532711,0.9989293095203922,27.443244286391323,0.9960286237458689,28.20069674636096,0.6070660522273426,0.5721098986372082,0.7312439881688643,31.118939656833962,0.5908751336536752,2407,4,5,14,13,2.006734006734007,1.25,297,298,771.9451838457702,5.403555292071718,0.020762033598427362,0.0005223925579151967,-0.1505160549175848,-6.535799985107893e-05,-0.00020313028279206335,0.00885451969573603,726.5913486480713,4,5,-1,14,13,2.006734006734007,1.25,4,0,297,298,270,2.5904200800193604,5.403555292071718,771.9451838457702,0.020762033598427362,45235,18.79310344827586,27.22725384295804,256x256,65536,sparse,Otsu,297,4,28,2396,31.431455410418813,0.6356343067651236,28.37540156474976,0.9962317540286609,0.5982115325316065,0.7057522952856959,6,9,0.0,38,2398,31.783036192146533,0.6810666954947964,0.9961739513367537,28.318426373964407,0.6302765554559411,0.5694915254237288,3885,32.0666920894929,0.6983094577860426,0.9980129782112528,31.276438405186582,0.5148675503828364,0.5812519272278754,-0.17470481838880048,-0.13364239664848776,-0.31251575358485084,-0.04475917311144839,True,0.7823789431347671,0.5721098986372082,0.7365668093200191,27.593760341308908,0.9989946675202432,7429
7430.png,0.7059447983014862,0.4011599806669889,0.5726112452569853,0.4011599806669889,1.0,0.999591451963134,26.877328784135447,0.9980936643246068,27.652017130528975,0.3748792270531401,0.36871635449307405,0.8715664560384513,30.56132582057421,0.5425452279933884,2147,7,20,50,31,2.0921985815602837,2.857142857142857,282,295,574.2395458461624,4.195189317067464,0.039043920272015545,0.016179339879311305,0.052962473219952955,-1.2687479226114462e-06,-0.00022342235055283766,0.009968642229553792,614.6109104156494,7,20,-13,50,31,2.0921985815602837,2.857142857142857,7,0,282,295,201,1.9465747316819049,4.195189317067464,574.2395458461624,0.039043920272015545,45681,21.276665114112717,30.524452724732186,256x256,65536,sparse,Meijering,282,7,25,2067,30.8788958078243,0.590634808599182,27.987194120900458,0.9983170866751596,0.3649105848235863,0.41491608640829314,5,1,0.3571428571428572,32,2136,31.17469988393189,0.6392573284983418,0.9982037724769492,27.758002437228996,0.3082782008664601,0.3571773803769937,4274,31.702579895194138,0.6931553419209449,0.9991049855045364,31.09342383911802,0.5228860844789656,0.3600773320444659,-0.3351769903714832,-0.04619973191521909,-0.31756998725008856,-0.0480895806057936,True,0.42305018961951335,0.36871635449307405,0.6897654584221748,26.824366310915494,0.9995927207110566,7430
7431.png,0.6292217327459618,0.4494091580502216,0.6201273885350318,0.45275297619047616,0.9838318512530315,0.9993105615906308,27.768826945347328,0.9970633394558391,28.216405227526614,0.3577506474287828,0.21827323119772069,0.38885249574294073,30.240737075779677,0.5340458589780864,2458,8,26,60,32,2.1049562682215743,3.25,343,361,663.5141709624365,3.9156172793391146,0.03257421488491084,0.01060311412734316,-0.3786853913553614,-0.00010239692706415227,-0.0004571071642922586,0.01586076647640189,623.9733695983887,8,26,-18,60,32,2.1049562682215743,3.25,8,1,343,361,251,1.8379893932477422,3.9156172793391146,663.5141709624365,0.03257421488491084,45700,18.592351505288853,26.66232709519935,256x256,65536,sparse,Meijering,343,8,28,2447,30.891168137189126,0.601463632981445,28.927601683407577,0.9975204466201314,0.34188988095238093,0.22776126803229924,13,1,0.6875,31,2318,31.097477803933373,0.6416241852768578,0.9973170609324684,28.48781787714559,0.18637035655598555,0.3343239227340267,3798,31.394729483260623,0.6692837480077223,0.9982014123238561,30.50522361935188,0.17002826780150104,0.34879406307977734,-0.7111964558809625,-0.00948803683457855,-0.6504310614094493,-0.06741777400335858,True,0.5613265533520322,0.21827323119772069,0.6186186186186187,28.14751233670269,0.999412958517695,7431
7432.png,0.6240157480314961,0.5350933676754669,0.6971476510067114,0.5418976198239321,0.9770723104056437,0.9988699439942058,27.823813515889555,0.9962189788886167,28.290393739659105,0.5032216494845361,0.29978205077457054,0.43909356242044384,30.188534576412323,0.5421840796756616,2607,5,23,54,25,2.1052631578947367,4.6,342,360,745.1182453848442,3.8662333645318685,0.03800257695089992,-0.002803378787630706,-0.6212547376308137,-0.0002656151357627312,-0.000639595946319238,0.03729403292111905,636.0828876495361,5,23,-18,54,25,2.1052631578947367,4.6,5,3,342,360,263,2.0697729038467854,3.8662333645318685,745.1182453848442,0.03800257695089992,45665,17.516302263137707,25.138473341004985,256x256,65536,sparse,Otsu,342,5,29,2593,30.944482841057276,0.6116326055568719,29.117249221397792,0.9968585748349359,0.465927616563417,0.43069179650337197,12,7,0.0,32,2372,31.10387382214171,0.6484649713230867,0.9960104010283516,28.294718663064785,0.24146295105021143,0.42175324675324677,3671,31.370945126782537,0.6653959454358578,0.9975210966712668,30.44898183494076,0.19239662259589652,0.467940414507772,-0.8268554817386864,-0.13090974572880143,-0.7559482646449531,-0.06944852588121031,True,0.6827293233862564,0.29978205077457054,0.6268191268191268,28.44506825352037,0.9991355591299685,7432
7433.png,0.7094430992736077,0.4759253193580085,0.6449178872614293,0.47608125819134994,0.9993122420907841,0.9994241148445052,27.37526062981926,0.9972229698237326,28.14305414686875,0.4427406199021207,0.3235583520605724,0.594077615519925,31.085572908235946,0.5904089190467728,2423,5,11,28,19,2.0406779661016947,2.2,295,301,628.2281660373886,4.840060156078662,0.03353856976291002,-0.014419139348778476,0.2101148847565284,1.607326958852351e-05,-6.516683445323412e-05,0.0007353774381626543,699.4073390960693,5,11,-6,28,19,2.0406779661016947,2.2,5,1,295,301,248,2.0871367642438132,4.840060156078662,628.2281660373886,0.03353856976291002,45421,18.745769706974826,27.047461824184897,256x256,65536,sparse,Otsu,295,5,28,2350,31.410458147115282,0.6326983163764215,28.215015866704725,0.9972881366581858,0.44200524246395806,0.40992167697313475,8,1,0.7,38,2418,31.779517536363173,0.6833153463463248,0.9970937003287027,28.34376752628842,0.39195111664927873,0.4171035386631717,3896,32.050633227245115,0.6963694974806133,0.998457740614047,31.17226458406534,0.27798855305048986,0.42791612057667106,-0.07196171983597566,-0.08636332491256238,-0.32488523887933596,-0.04228939732964865,True,0.5446398645695487,0.3235583520605724,0.7238622386223862,27.16514574506273,0.9994080415749167,7433
7434.png,0.6167471819645732,0.4758986928104575,0.6448934403542762,0.4758986928104575,1.0,0.9994531522638818,26.911302965894848,0.997971070055157,27.915966833917732,0.3443627450980392,0.3346885486019716,0.5341677343853409,30.99177805712415,0.5724916154695247,2260,4,12,31,18,2.0526315789473686,3.0,304,312,547.7990922948956,4.433438506957732,0.024166550200890185,-0.0049607190729367145,-0.3754103484426494,-4.259948071705377e-05,-0.00017712635225541895,-0.009803921568627472,589.5817279815674,4,12,-8,31,18,2.0526315789473686,3.0,4,0,304,312,255,1.755766321457997,4.433438506957732,547.7990922948956,0.024166550200890185,45354,20.068141592920355,28.998230088495575,256x256,65536,sparse,Meijering,304,4,27,2213,31.287519513362028,0.6157569989873102,28.242886868171322,0.9981481964074124,0.3541666666666667,0.25783361186347964,11,0,0.125,35,2200,31.60035611362176,0.6619497624552906,0.9980832520224208,28.044384480821822,0.24798574568061726,0.35580065359477125,3841,31.890468178287282,0.690514416188667,0.9988600577513557,30.627875559086753,0.250488286642911,0.3459967320261438,-0.3269200342535896,0.07685493673849197,-0.2957414562378773,-0.04326538351778553,True,0.6265607730633391,0.3346885486019716,0.62170790103751,27.286713314337497,0.9994957517445988,7434
7435.png,0.6636999364272091,0.4209090909090909,0.5924504158669226,0.4287037037037037,0.9585921325051759,0.9988911845593303,27.9977939377713,0.9965341673729653,28.486100547166867,0.35547355473554737,0.2910710719504892,0.4716702584289934,30.41414228085867,0.5497043378108957,3083,14,39,101,56,2.1128668171557563,2.7857142857142856,443,468,900.5882774288054,3.1822447066382415,0.04882491686091196,0.008369655197647319,-0.7906746560999487,-0.00022794791304847628,-0.0009235792339229443,0.02152293745159678,665.0822162628174,14,39,-25,101,56,2.1128668171557563,2.7857142857142856,14,2,443,468,286,1.9243339261299217,3.1822447066382415,900.5882774288054,0.04882491686091196,45490,14.755108660395718,21.257216996432046,256x256,65536,sparse,Meijering,443,14,33,3040,31.250021710790286,0.6327628246913061,29.488440419258964,0.9974577466068882,0.3339506172839506,0.4607090188331985,8,5,0.0357142857142857,40,2868,31.57665095836775,0.6811910480151901,0.9973291690825762,29.279460933016864,0.3468836578793244,0.31113166820844895,667,30.58245763779949,0.5513827864066979,0.9965197869026052,28.152788350702323,0.49674922107127684,0.3308641975308642,-1.0023398720920973,-0.16963794688270928,-0.8358794299316159,-0.0830584868804104,True,0.6171071140248879,0.2910710719504892,0.6553302812295618,28.788468593871247,0.9991191324723788,7435
7436.png,0.6901748040988547,0.533763277693475,0.6960178085580014,0.5421965317919075,0.9716850828729282,0.998573847795548,28.332400397372673,0.9966764530202662,28.647570752270003,0.5108986615678777,0.33943956917846785,0.5180131211862894,30.17399312188975,0.5253648638536497,2331,7,20,52,31,2.0804953560371517,2.857142857142857,323,336,666.1034351717345,3.9879676564928177,0.036488876323300126,-0.02598240114132,-0.46672653657672925,-0.00018622522395461694,-0.00034051952941671626,0.012244297861610853,620.0623512268066,7,20,-13,52,31,2.0804953560371517,2.857142857142857,7,0,323,336,240,1.9824506999158729,3.9879676564928177,666.1034351717345,0.036488876323300126,45787,19.64264264264264,28.114972114972115,256x256,65536,sparse,Meijering,323,7,27,2331,30.747446550894182,0.590974804317114,29.202418662905494,0.9970169725496829,0.4986543637062668,0.4511883639059735,10,7,0.0,30,2324,30.961909489990006,0.6344708063264863,0.9964080616641405,28.560648582650188,0.03797705873510915,0.4709721745104775,4057,31.358786677647913,0.6787615642241424,0.9978330995581599,30.46630260963491,0.03123657253317147,0.450133968442989,-0.5548479106354911,-0.11174879472750565,-0.5734534290044309,-0.06560994046346436,True,0.6552721452327799,0.33943956917846785,0.7161572052401747,28.799126933949402,0.9987600730195026,7436
7437.png,0.6437797416723318,0.32192933258553,0.48705982180738233,0.32567375886524824,0.9655172413793104,0.9992769320633944,27.492989646686326,0.9957899579678462,28.41219204335278,0.34331732127719694,0.20788086718668797,0.3762789620706635,30.104085714439197,0.5351865190488716,3109,14,35,90,55,2.0988235294117645,2.5,425,446,886.9767581761055,3.6541279088749605,0.04924974120729792,-0.009504929860514988,-0.9236274480351092,-0.00021356257792526367,-0.000803713890792146,0.038069094326842357,636.4085674285889,14,35,-21,90,55,2.0988235294117645,2.5,14,0,425,446,280,1.9887371259553883,3.6541279088749605,886.9767581761055,0.04924974120729792,45736,14.710839498230943,21.07944676744934,256x256,65536,sparse,Meijering,425,14,32,3013,30.98367208713093,0.6215497710072645,29.31203005350676,0.9965936718586383,0.3052482269503546,0.3494909052766835,10,3,0.0,37,2932,31.329076290377728,0.6728520752267285,0.9965311155500979,29.080251015406155,0.1692153101773336,0.30014144271570015,655,30.37687313233343,0.5378334564650243,0.9951366078180233,27.81118117867972,0.3749977317172992,0.3357912648893931,-0.8998380101539816,-0.1416100380899955,-0.8795863726917332,-0.0863632519583929,True,0.5524647618955876,0.20788086718668797,0.6532846715328468,28.416617094721435,0.9994904946413197,7437
7438.png,0.6202209005947323,0.5606856510920653,0.7185119574844995,0.5683856502242153,0.9764082811747713,0.9983627811315083,28.08899417406307,0.995926297081278,28.65987594493605,0.48474671144696335,0.3225447395912914,0.5248504698611819,30.974605015623048,0.5853905129260888,2748,6,12,32,24,2.0318302387267906,2.0,377,383,709.9231719924412,4.660000403932931,0.03068759145274699,-0.001584891568811142,-0.6778289737475021,-0.00026814728878388205,-0.000529128567408943,1.7095307988823638e-05,640.7544612884521,6,12,-6,32,24,2.0318302387267906,2.0,6,0,377,383,321,1.8535853054632885,4.660000403932931,709.9231719924412,0.03068759145274699,45245,16.46470160116448,23.848617176128094,256x256,65536,sparse,Otsu,377,6,31,2655,31.50078990263161,0.6418675565911968,29.270989422207847,0.9964554256486869,0.48472961613897453,0.34119871708765503,15,5,0.0,40,2708,31.78609179417898,0.6881737713779122,0.9961004570831399,28.96608708052603,0.3531974997477906,0.4766040907817316,3350,31.82341773344644,0.6795557205765688,0.9973497315371435,30.626874309365533,0.3275598079819593,0.47225336322869954,-0.6111134772717968,-0.01865397749636366,-0.5261848870085615,-0.05647704366510797,True,0.6145459671144078,0.3225447395912914,0.6218057921635435,28.766823147810573,0.9986309284202922,7438
7439.png,0.7713841368584758,0.38351498637602177,0.5544066962087643,0.38416922552030025,0.995579133510168,0.9995322531796775,27.15495625698701,0.9973040780060274,28.094746392926314,0.38943781942078365,0.43305897896307466,0.6322559956426692,30.356311067118945,0.5424991054024311,2657,6,30,70,32,2.1337047353760448,5.0,359,383,689.470915804352,3.9747826860475675,0.03637164591220839,-0.0051783631415242,-0.34638859464765304,-5.4046956693865056e-05,-0.00048582839137301104,-0.0005314743356135132,612.5197410583496,6,30,-24,70,32,2.1337047353760448,5.0,6,0,359,383,257,1.8001851587580948,3.9747826860475675,689.470915804352,0.03637164591220839,45797,17.23635679337599,24.665412118931126,256x256,65536,sparse,Meijering,359,6,29,2589,30.940347782015294,0.6111471152391682,28.703151701731436,0.9977899063974004,0.38996929375639716,0.598280019902414,5,0,0.9166666666666666,33,2628,31.18158529356932,0.660901313861397,0.997623169640956,28.29911757961099,0.630646094100368,0.3855339474582054,3539,31.3087502743187,0.6580934194483452,0.9983557451669685,30.151910341205905,0.6246889011486004,0.3891541609822647,-0.6084053088051213,-0.16522104093933931,-0.5840367148963495,-0.06864800983673713,True,0.6849424630965867,0.43305897896307466,0.7765625,27.501344851634663,0.9995863001363714,7439
7440.png,0.7051282051282052,0.4758269720101781,0.6448275862068965,0.47719298245614034,0.9940199335548173,0.999153149062726,27.795315075314445,0.99656625812955,28.47886061006681,0.493312101910828,0.39447938278433403,0.6128250700442329,31.00731003022436,0.5815230774388197,2532,5,17,42,23,2.070381231671554,3.4,341,353,621.5204537985314,4.273271475719217,0.03878427416698774,-0.019971396465420344,-0.47214653426591724,-0.0001248398440923948,-0.0004400250153157037,0.007023836604705569,598.0391502380371,5,17,-12,42,23,2.070381231671554,3.4,5,0,341,353,276,1.7606811722337963,4.273271475719217,621.5204537985314,0.03878427416698774,45167,17.838467614533965,25.88309636650869,256x256,65536,sparse,Meijering,341,5,30,2497,31.49708111491394,0.6357132308359889,28.969212054264702,0.9970062831448657,0.48628826530612246,0.526451053500765,8,7,0.0,38,2430,31.731839326025334,0.6782219453610753,0.9966710922236945,28.595033094893022,0.4022277524677692,0.4805732484076433,3649,31.947707835788755,0.6902264253379836,0.9979163796355662,30.70353977024917,0.4461764201692413,0.46891934969716287,-0.49035144419789134,-0.131971670716431,-0.4897710846895791,-0.05419015339716915,True,0.6437063398138412,0.39447938278433403,0.7250996015936255,28.267461609580362,0.9992779889068184,7440
7441.png,0.6868300153139357,0.3795975017349063,0.5503018108651911,0.3805217391304348,0.9936421435059037,0.9995088221381164,27.700345665140848,0.9971332638649151,28.429345431444567,0.37946583420048563,0.2871338032077275,0.5052597576508077,30.222094948286777,0.532241516660666,2510,7,20,47,28,2.0773809523809526,2.857142857142857,336,349,643.6954942641405,4.045025268126102,0.043225613251161844,-0.02003899427072886,-0.4471755065849443,-6.638250057344752e-05,-0.0004791042132420431,0.019118008113529095,584.693431854248,7,20,-13,47,28,2.0773809523809526,2.857142857142857,7,0,336,349,261,1.844399697031917,4.045025268126102,643.6954942641405,0.043225613251161844,45784,18.240637450199202,26.10996015936255,256x256,65536,sparse,Meijering,336,7,27,2387,30.766426405862823,0.5962939029738542,29.02695415159147,0.9976123680781571,0.36034782608695654,0.3630799306503629,9,2,0.0,33,2496,31.076968096083583,0.6497161291070678,0.9971828845817975,28.35533291911956,0.24017464386414944,0.3564493758668516,3790,31.28350353859534,0.6690718776697132,0.9981780000052696,30.254388012228684,0.14838863450222717,0.3700760193503801,-0.5976087201469049,-0.0759461274426354,-0.5443314575760461,-0.06405238631318821,True,0.5682894765709203,0.2871338032077275,0.7068690095846646,28.147521171725792,0.9995752046386899,7441
7442.png,0.5941644562334217,0.5217057241644256,0.6856854329714718,0.5312989045383412,0.9665480427046264,0.998710389516318,27.794673149427922,0.9968272527135467,28.09704321059379,0.3741785852338616,0.23087363563142949,0.37647004685026497,30.698029550784433,0.5695330997453153,2316,5,31,62,26,2.1630094043887147,6.2,319,345,637.4720022092587,3.928762578665276,0.0343363943657304,-0.0013180899678103541,-0.719538531964897,-0.00025942621767782725,-0.0007092143958515873,0.012426532046532712,611.0663414001465,5,31,-26,62,26,2.1630094043887147,6.2,5,1,319,345,231,1.8477449339398766,3.928762578665276,637.4720022092587,0.0343363943657304,45042,19.44818652849741,28.29706390328152,256x256,65536,sparse,Meijering,319,5,29,2310,31.48826585614371,0.624750292636477,29.182669842786908,0.9975364671093983,0.3617520531873289,0.24769645379946814,13,3,0.0,37,2238,31.739021579579365,0.6653035995643017,0.9972859569746935,28.95988424811285,0.2637266620788592,0.36813400857031553,4022,32.095229759571254,0.7016104701951915,0.9984021349962277,31.40892133734379,0.2069096915635551,0.3607965638422491,-1.0856266321931187,-0.016822818168038656,-0.7902363053592758,-0.05521719289116167,True,0.6132589765454988,0.23087363563142949,0.5954825462012321,28.51421168139282,0.9989698157339958,7442
7443.png,0.5540380047505938,0.39452395768512755,0.5658188308790718,0.4027954256670902,0.9505247376311844,0.9990021475814821,28.37109342230143,0.9959100632497071,29.084301500503184,0.4044374009508716,0.3268009889629254,0.5308895412037453,31.17348427387156,0.5828674566198121,2493,7,20,46,31,2.074074074074074,2.857142857142857,351,364,726.3994478147227,4.306030430345454,0.035969211477795804,0.005271847288784159,-0.692782526604141,-0.0002425928450127124,-0.00048588114719350095,-0.007364629505981213,635.8675956726074,7,20,-13,46,31,2.074074074074074,2.857142857142857,7,0,351,364,274,1.9956028786118725,4.306030430345454,726.3994478147227,0.035969211477795804,44858,17.99358202968311,26.288006417970315,256x256,65536,sparse,Meijering,351,7,30,2414,31.646536401807083,0.6353838662072943,29.536795822077448,0.9963959443969006,0.4118020304568528,0.44122031111715365,10,6,0.0,40,2324,31.97109578869007,0.6751286985936342,0.9962873857271956,29.453164655931687,0.1332459311045111,0.39175582127123976,3562,32.096973565305056,0.6925829802654498,0.9976114238495137,31.205704941821818,0.09536589337045065,0.39273517541136294,-0.45249432157426384,-0.11441932215422823,-0.4730521279355244,-0.05251640958748216,True,0.6155724752496214,0.3268009889629254,0.5487661574618097,29.063875948905572,0.9992447404264948,7443
7444.png,0.6034390112842558,0.608869501999273,0.7568910980569363,0.6192236598890942,0.9732713538640325,0.998633856509469,27.363358207025854,0.997682037933868,27.817442916428003,0.4588235294117647,0.3581067929792414,0.5891789225291317,30.879042978659204,0.579165636460149,2552,5,15,34,19,2.0597014925373136,3.0,335,345,614.9791238677615,3.890081533389305,0.024879893531756844,-0.006795066015689799,-0.7422834261749145,-0.0003490465034692303,-0.0004102863909148935,0.0020607799660883885,573.4174251556396,5,15,-10,34,19,2.0597014925373136,3.0,5,1,335,345,282,1.782548185123943,3.890081533389305,614.9791238677615,0.024879893531756844,45281,17.74333855799373,25.68025078369906,256x256,65536,sparse,Meijering,335,5,30,2532,31.46386519876372,0.6350446755485327,28.584206154459526,0.9980923243247829,0.4567627494456763,0.4818549206648426,8,6,0.0,39,2542,31.74870281259231,0.6802829594573404,0.9980007366041319,28.451553883841207,0.5256046749117569,0.453638714444034,3592,31.861815076099106,0.6829123935666183,0.9987374061219976,30.679622569253745,0.28733940803160385,0.44308943089430897,-0.7667632380315226,-0.12374812768560117,-0.5848222201045168,-0.055879039088383764,True,0.6078065241064949,0.3581067929792414,0.6102340772999456,28.10564163320077,0.9989829030129382,7444
7445.png,0.6924342105263158,0.5269328263624842,0.6901846856194231,0.5286077558804831,0.9940227136879857,0.9991583917992186,27.555852753256872,0.9972844190983863,28.09182113485429,0.4467005076142132,0.32609536330722166,0.5457884259488033,30.167105275046357,0.536870490779918,2764,6,35,70,33,2.1550802139037435,5.833333333333333,374,403,738.3316782743553,3.8545632626921096,0.03541876298290286,-0.006959060295526398,-0.22828039652949883,-8.075085169656493e-05,-0.00037833397444952954,-0.0003919614038992991,586.8191719055176,6,35,-29,70,33,2.1550802139037435,5.833333333333333,6,1,374,403,271,1.8320885316981483,3.8545632626921096,738.3316782743553,0.03541876298290286,45938,16.620115774240233,23.710564399421127,256x256,65536,sparse,Meijering,374,6,29,2749,30.757401086518033,0.6107037036203382,28.555327408083173,0.9976627530728358,0.4470924690181125,0.3890421287796548,11,7,0.0,33,2594,31.038756633216913,0.6566352849567193,0.9973984409360473,28.0767101327746,0.4462882924201145,0.4199491740787802,3192,31.025411518332792,0.6380158434801669,0.9982094476293274,30.057092133721408,0.3064156054258804,0.4363694065376071,-0.4635062732288837,-0.06294676547243316,-0.5902958114716768,-0.07383321284042021,True,0.597475775966364,0.32609536330722166,0.6993932708218422,27.78413314978637,0.9992391426509152,7445
7446.png,0.6686909581646424,0.4242977015687705,0.5957991803278688,0.4242977015687705,1.0,0.9994893155333816,27.547617188662596,0.9973620458585515,28.294794372481334,0.4682856107285248,0.4674081989931028,0.8102938185325271,30.98516598410338,0.5814187907885585,2242,4,8,20,15,2.027491408934708,2.0,291,295,516.9667706310361,4.593855513739832,0.0229700295003613,-0.011084322734233987,-0.11001912729504326,-4.1805964402841234e-05,-0.00023724033906968867,0.019909105803315064,595.374345779419,4,8,-4,20,15,2.027491408934708,2.0,4,0,291,295,256,1.7524297309526635,4.593855513739832,516.9667706310361,0.0229700295003613,45109,20.119982158786797,29.231043710972347,256x256,65536,sparse,Meijering,291,4,27,2098,31.461714318455382,0.6226633539018656,28.624743551903226,0.9975992861976212,0.44837650492520975,0.39749942946195704,9,2,0.0,37,2216,31.7145752063945,0.6695428575865496,0.9973797379534538,28.46118065358931,0.55603076078622,0.42466253192265596,4078,32.140202250705165,0.7057856137250152,0.9986190735910675,31.3543213483058,0.4566491309255002,0.4568306010928962,-0.3299491794218916,0.06990876953114578,-0.47654833435200317,-0.04124456311330704,True,0.5768379176822511,0.4674081989931028,0.6797752808988764,27.65763631595764,0.9995311214977844,7446
7447.png,0.7669117647058824,0.4710200927357032,0.6403992645127398,0.47156673114119924,0.997545008183306,0.9995179483634758,27.426900151920577,0.9976787103990004,28.126907982394854,0.4563031709203403,0.486582880967408,0.7505425590968492,30.135744973127206,0.5256368876975308,2263,4,22,40,19,2.116883116883117,5.5,308,326,561.5949930978649,4.3314988311235005,0.027190506675334937,0.004653220872301467,0.34215773617677314,3.2007964692826185e-05,-7.280597241476894e-05,0.011987625676720792,589.4677639007568,4,22,-18,40,19,2.116883116883117,5.5,4,0,308,326,249,1.7226840279075584,4.3314988311235005,561.5949930978649,0.027190506675334937,46000,20.326999558108707,28.959787892178525,256x256,65536,sparse,Meijering,308,4,24,2075,30.52853573430047,0.577161225074409,28.037807293286043,0.9977515163714151,0.4443155452436195,0.4113950303216448,8,1,0.0,29,2050,30.768353896592252,0.6216194872111858,0.9975162719960987,27.657053043904373,0.3980013041272512,0.4418245071511403,4118,31.247243401568966,0.6743220039478511,0.9986819033876221,30.476611484206998,0.350082008457004,0.4430721729062138,0.08910068910881108,0.07518785064576317,-0.39279076117326284,-0.051524337376878226,True,0.6483081806219331,0.486582880967408,0.7622585438335809,27.084742415743804,0.999485940398783,7447
7448.png,0.7368012422360248,0.42804967129291455,0.5994884910485934,0.42946134115060464,0.9923793395427604,0.9994102792421315,28.187201179548957,0.9974324754718105,28.860932233848885,0.38290098648154913,0.3988368330643338,0.5809596572682133,30.926694654862978,0.5683538853057059,2667,6,32,75,34,2.134020618556701,5.333333333333333,388,414,747.923839708383,3.70083141111836,0.03925904024814726,0.011526516961299582,-0.4121824431058201,-7.62377283413107e-05,-0.0003886562551198569,0.010237007001886234,618.4933185577393,6,32,-26,75,34,2.134020618556701,5.333333333333333,6,2,388,414,279,1.8065793229671052,3.70083141111836,747.923839708383,0.03925904024814726,45212,16.952380952380953,24.572928383952007,256x256,65536,sparse,Meijering,388,6,31,2625,31.428938132775706,0.6308526767065559,29.41647765443353,0.9978211317269303,0.3726639794796629,0.4574247922770118,7,1,0.6666666666666667,39,2594,31.77652025064837,0.6755479720433528,0.9976964161851639,29.17306471050709,0.2922853375877995,0.37801314828341853,3527,31.850960884493308,0.681584762487773,0.9983491763415835,30.860985419411755,0.29012520294054533,0.3618421052631579,-0.5555454205846431,-0.05858795921267801,-0.502243477912728,-0.06249879140085002,True,0.6865138191173947,0.3988368330643338,0.7252747252747253,28.599383622654777,0.9994865169704729,7448
7449.png,0.6361815754339119,0.5048762190547637,0.67098703888335,0.5113981762917933,0.9753623188405797,0.9992567644833914,27.42307492727165,0.9976387827342064,28.04532779038272,0.39841389728096677,0.1829050720577633,0.2634556219304578,29.98684782866238,0.5208053696339253,2496,6,23,54,26,2.1008902077151337,3.8333333333333335,337,354,678.316368551717,3.8449220310686605,0.0362419366349066,0.014651446794778478,-0.16504073115762452,-9.23845991624983e-05,-9.451656220904603e-05,0.013301857782296034,593.6939716339111,6,23,-17,54,26,2.1008902077151337,3.8333333333333335,6,3,337,354,257,1.9161479337619085,3.8449220310686605,678.316368551717,0.0362419366349066,46071,18.457932692307693,26.256410256410255,256x256,65536,sparse,Meijering,337,6,26,2358,30.511156982180452,0.584806104310154,28.191100755686218,0.9977332992964154,0.38511203949867073,0.28227347483976906,12,2,0.33333333333333337,31,2458,30.813023487302637,0.6393615596129398,0.997567415647847,27.834869071866265,0.20873128001818397,0.36850094876660344,3681,31.033365828304365,0.6522647172060975,0.9984928732690159,29.827462213254492,0.15452539185534464,0.38992042440318303,-0.1457729653034967,-0.09936840278200576,-0.5243091535180717,-0.06400073467622869,True,0.6942538205012883,0.1829050720577633,0.6215301286391334,27.588115658429274,0.9993491490825539,7449
7450.png,0.6934594168636722,0.4087203119461184,0.5802717664821339,0.41075881724260777,0.9880034275921166,0.9993878272257107,27.3901878488231,0.9971936405582645,28.10615727115756,0.3479188900747065,0.2455891623289067,0.42419867164928554,30.249451022391685,0.5354721760790284,2716,11,26,68,42,2.0802139037433154,2.3636363636363638,374,389,722.9478088830308,3.689487544291797,0.043610116577116914,-0.006856040549577003,-0.5422829459424072,-0.00010485183044695034,-0.0005468460006995413,-0.004414562009369016,646.5470790863037,11,26,-15,68,42,2.0802139037433154,2.3636363636363638,11,0,374,389,264,1.858477657796989,3.689487544291797,722.9478088830308,0.043610116577116914,45725,16.83541973490427,24.12960235640648,256x256,65536,sparse,Meijering,374,11,29,2554,30.90009113564546,0.6056421089198979,28.818812766820653,0.9977404865589641,0.3523334520840755,0.31003272573090035,9,3,0.0,34,2550,31.16830280743468,0.6557231248275835,0.9975574625293845,28.499893248897834,0.31613859078764417,0.32407407407407407,3382,31.225115814307042,0.64913571340382,0.9982722573926172,30.28728126552529,0.26987932811252946,0.33986462415390095,-0.7126554956630926,-0.06444356340199364,-0.6506401132537754,-0.07016993284086948,True,0.5789484473726789,0.2455891623289067,0.7003154574132492,27.932470794765507,0.9994926790561577,7450
7451.png,0.70083523158694,0.3765530423701816,0.547095579726915,0.3772741781040536,0.9949494949494949,0.9995215461817893,26.923512407212364,0.9974778280263845,27.93116943676804,0.33450255102040816,0.28585315081796947,0.4912532494954827,29.96523720270817,0.5267202277042659,2885,8,27,73,37,2.0969387755102042,3.375,392,411,760.278532562885,3.707566187698014,0.051417448261757745,-0.00714955928758465,-0.5651070689029822,-6.900875490900571e-05,-0.000515045796779634,-0.0031929485008175273,613.2645606994629,8,27,-19,73,37,2.0969387755102042,3.375,8,1,392,411,282,1.8498261132916862,3.707566187698014,760.278532562885,0.051417448261757745,46083,15.973310225303292,22.716117850953207,256x256,65536,sparse,Meijering,392,8,30,2881,30.690846709155153,0.6091439449124024,28.66753875077905,0.9979928738231642,0.3376954995212257,0.4336660904749403,7,1,0.9375,32,2590,30.918649565072293,0.6507081175898669,0.9977584547699957,28.13196816749958,0.4384996363383531,0.3190810465858328,3213,30.924511240042627,0.6318777178950032,0.9983874087799334,29.876764144768448,0.377077604231577,0.3283343969368219,-0.7363693140110072,-0.14781293965697084,-0.7256095064469825,-0.08242371720813657,True,0.5818855165060807,0.28585315081796947,0.7079847908745247,27.488619476115346,0.9995905549366984,7451
7452.png,0.6094808126410836,0.5147435897435897,0.6796445196783749,0.5173969072164949,0.9901356350184957,0.9991821609361589,27.59940733215526,0.9971304479902123,27.860694901954155,0.38466453674121404,0.21050646682896113,0.2789521298122732,30.28293734020083,0.5487860340401083,2670,4,24,58,23,2.1129943502824857,6.0,354,374,707.2742239841161,4.07313487893444,0.04034310784402817,0.00023225772778878717,-0.4083043010679823,-0.00014334345383726355,-0.0004932941868103224,0.01030886663812125,605.6671142578125,4,24,-20,58,23,2.1129943502824857,6.0,4,2,354,374,273,1.891107550759665,4.07313487893444,707.2742239841161,0.04034310784402817,45685,17.11048689138577,24.545318352059926,256x256,65536,sparse,Meijering,354,4,28,2584,30.923563158745107,0.612669680378008,28.695861636736772,0.9976237421770227,0.3743556701030928,0.2554684125340906,16,3,0.0,35,2550,31.23886083389731,0.6638985543052446,0.9972366833098596,28.18716147323125,0.312398245979678,0.3447164948453608,3459,31.32055238804402,0.6595241267495116,0.9981712440449683,30.049176970223215,0.2565625072488381,0.3690821256038647,-0.8351667347826179,-0.04496194570512946,-0.6406258185442759,-0.06388364633789967,True,0.7546329435470737,0.21050646682896113,0.6092485549132948,28.00771163322324,0.9993255043899961,7452
7453.png,0.6868537666174298,0.4917081260364842,0.6592551417454141,0.4966499162479062,0.9801652892561984,0.9992610800450149,27.764902369760552,0.9972020179786479,28.784186794919748,0.44732441471571904,0.37410423327281905,0.6347804954743418,31.19090803218282,0.5782695076363176,1874,4,16,33,20,2.1012658227848102,4.0,237,249,558.4967066188171,5.265484387361551,0.03351025253265475,0.004666035649211087,-0.20064402250462976,-0.0001454009569094028,-0.0001530592520767593,0.0009257547492198537,659.9185466766357,4,16,-12,33,20,2.1012658227848102,4.0,4,0,237,249,184,2.2429586611197454,5.265484387361551,558.4967066188171,0.03351025253265475,45048,24.038420490928495,34.97118463180363,256x256,65536,sparse,Otsu,237,4,24,1814,31.43486888525797,0.6102856078780312,28.78110584363331,0.9973550772307247,0.4463986599664992,0.48829142221345756,6,7,0.0,32,1738,31.59761978333677,0.6438436288393498,0.9971298555616105,28.61314225705058,0.49135248131968623,0.43467336683417085,4685,32.41079869806402,0.7290633735287052,0.9986234491849383,31.74181577395811,0.2920156806421521,0.4463986599664992,0.0030809512864387045,-0.1141871889406385,-0.24396085307515136,-0.03201610024171364,True,0.5893442472476544,0.37410423327281905,0.6821877309682187,27.965546392265182,0.9994064810019243,7453
7455.png,0.6754221388367729,0.49457111834962,0.6618234653105703,0.4995887030435975,0.9800968262506724,0.9991569793464297,28.00561704662789,0.9963044928642995,28.22559481012553,0.4632814632814633,0.22538148953686576,0.349230947116782,30.10478511273923,0.5421189355689155,3081,6,36,87,38,2.1449275362318843,6.0,414,444,849.1385649449018,3.866458086863808,0.04406896120386,-0.011691508333935619,-0.4335548497115127,-0.00011522231373295444,-0.0006838665656576648,0.0013636550622851962,607.6879501342773,6,36,-30,87,38,2.1449275362318843,6.0,6,0,414,444,289,1.9124742453713952,3.866458086863808,849.1385649449018,0.04406896120386,45809,14.868224602401817,21.271015903927296,256x256,65536,sparse,Meijering,414,6,32,3077,30.930941463044284,0.6268431122029372,29.005419832482097,0.9969883594299571,0.4619178082191781,0.37410423327281905,14,4,0.0,36,2962,31.18705086001878,0.6784887550267813,0.9965353347855322,28.32129726059604,0.2524163629221786,0.45225718194254444,648,30.202736254249842,0.5417445123006619,0.9948763184348862,26.779184850583086,0.45528905436548717,0.4882256297918949,-0.7798250223565688,-0.1487227437359533,-0.8261563503050553,-0.08472417663402165,True,0.6453651699472635,0.22538148953686576,0.6871136471707086,28.439171896339403,0.9992722016601626,7455
7456.png,0.5469194312796208,0.3420324238829577,0.5097230406599883,0.3454472843450479,0.9719101123595506,0.9994299158489627,28.20124212909586,0.9969543790363844,29.10647842593076,0.29529130087789307,0.26246699884792346,0.5163057007257619,31.23882774474592,0.5780480105272308,2429,9,22,49,32,2.0728291316526612,2.4444444444444446,357,370,698.9174838521926,3.776701147148923,0.03744050321445163,0.043050959326042526,-0.44328923308762214,-8.75923288147229e-05,-0.0004739696194797638,0.029716221005688603,617.7804470062256,9,22,-13,49,32,2.0728291316526612,2.4444444444444446,9,0,357,370,276,1.8889661725734899,3.776701147148923,698.9174838521926,0.03744050321445163,44847,18.46315356113627,26.980650473445863,256x256,65536,sparse,Meijering,357,9,30,2377,31.683127495798086,0.6334810577273783,29.75081708304021,0.9974283486558642,0.26557507987220447,0.44678026191912623,5,2,0.0,43,2424,32.07132316403333,0.6812222077472655,0.9976055432237873,29.97493595863847,0.22894841419643375,0.27910685805422647,3740,32.19842679002319,0.6985928882540761,0.998180620664869,31.56910185185348,0.25298249968956743,0.2649640861931365,-0.6443386571094507,-0.18431326307120277,-0.4442997510521671,-0.05543304720014752,True,0.5083558025390349,0.26246699884792346,0.5038684719535783,28.644531362183482,0.9995175081777774,7456
7457.png,0.6409438775510204,0.5023576351106275,0.668759053597296,0.506028498355864,0.9857651245551602,0.9990661658095896,27.14250245279597,0.9965462027348853,28.17953474501685,0.4210334788937409,0.32294312550183535,0.5154218702886926,30.881014521754793,0.5679219737965379,2252,4,25,51,23,2.138157894736842,6.25,304,325,704.377949687567,4.778736177243684,0.02633551258524693,0.007351140845443305,-0.7910934403177876,-0.00020881791844018505,-0.0003780001963739066,0.014018498988735417,678.6413192749023,4,25,-21,51,23,2.138157894736842,6.25,4,1,304,325,230,2.167316768269433,4.778736177243684,704.377949687567,0.02633551258524693,45282,20.107460035523978,29.101243339253998,256x256,65536,sparse,Otsu,304,4,27,2201,31.268098926963212,0.6141694285806645,28.729523675733617,0.9969242029312592,0.40701497990500546,0.4511883639059735,6,8,0.0,36,2196,31.5772106907912,0.6586767750611975,0.9968050142136318,28.503389809852546,0.38121660819385916,0.40138787436084733,4257,32.04110525353712,0.7064513283336308,0.9981933634765447,31.217814312866807,0.32242211215739525,0.4130752373995617,-0.5499889307167685,-0.12824523840413815,-0.38708440520841947,-0.04624745478412662,True,0.6265607730633391,0.32294312550183535,0.6335927367055771,27.933595893113758,0.9992749837280298,7457
7458.png,0.6336971350613916,0.48786860768943635,0.6557952834922228,0.49190816710575835,0.9834462001504891,0.9992742278629545,28.036213478785193,0.9973232556205115,28.619966810152494,0.39333832335329344,0.3712364455329016,0.4951957197384022,30.965704820807467,0.5746617151104405,2241,4,20,49,22,2.1032258064516127,5.0,310,326,623.9128952998483,4.314678417098138,0.031862252646438,-0.03159212113695553,-0.2219233316101672,-8.284628467791766e-05,-0.00025959444252754427,-0.0149323533384359,606.9836616516113,4,20,-16,49,22,2.1032258064516127,5.0,4,1,310,326,239,1.9138432371160952,4.314678417098138,623.9128952998483,0.031862252646438,45093,20.12182061579652,29.24408746095493,256x256,65536,sparse,Meijering,310,4,28,2238,31.45843367339981,0.6235862166934886,28.9499199031983,0.997582850063039,0.40827067669172934,0.5034146962085904,7,3,0.0,36,2050,31.67907823046177,0.6576160337946305,0.9974750137298294,28.685048276532665,0.3879302858264987,0.4081172491544532,4135,32.114032364106016,0.70497540699786,0.9985321463845793,31.374151406060818,0.27895867241663386,0.39602102102102105,-0.32995309304580545,-0.13217825067568878,-0.492728852592343,-0.04892450158304806,True,0.7496762002083039,0.3712364455329016,0.6652892561983471,28.25813681039536,0.9993570741476324,7458
7459.png,0.6195732155997057,0.3981223922114047,0.5695100721213628,0.400629811056683,0.9845227858985383,0.9994216961642475,27.95700907055853,0.9973761984645519,28.710675062633534,0.35938590369853457,0.29999420588557435,0.44856322855737335,30.819835679530954,0.5644040277414871,2473,5,25,50,23,2.1142857142857143,5.0,350,370,697.2456018941187,4.157317251137325,0.03568622477535158,-0.007494453573226645,-0.23532080677752631,-5.788391856964559e-05,-0.00036331356530638903,0.009140977176491205,598.7162590026855,5,25,-20,50,23,2.1142857142857143,5.0,5,2,350,370,277,1.8844475726868035,4.157317251137325,697.2456018941187,0.03568622477535158,45336,18.332389809947433,26.500606550748078,256x256,65536,sparse,Meijering,350,5,29,2459,31.262584988337927,0.6189219843076414,29.161790398580038,0.9977395120298583,0.35024492652204336,0.4336660904749403,7,0,0.30000000000000004,36,2250,31.54009676565259,0.6601625815219359,0.9974145613521654,28.661508266568283,0.38890325893794775,0.314555633310007,3729,31.768436518385762,0.6829613690581956,0.9984415159834497,30.983617875383324,0.26016887873334404,0.3397480755773268,-0.4511153359465041,-0.13367188458936596,-0.44274930880697383,-0.054517956566154324,True,0.668789117758019,0.29999420588557435,0.6270676691729323,28.192329877336057,0.9994795800828171,7459
7460.png,0.6978807294233612,0.5779569892473119,0.7325383304940376,0.580492743840702,0.9924985574148875,0.9988159475824567,28.030198073796594,0.9965130224614577,28.708214455958597,0.5756656555443208,0.6071336158197971,0.9695721457644721,31.376971440382047,0.5991831963050998,2409,4,22,46,22,2.108433734939759,5.5,332,350,696.2953310868926,4.3702185990580595,0.032170531168810315,0.0021188727129676233,-0.5149308630404086,-0.00012286955619134066,-0.000356386981491541,0.026222523583470325,643.3537006378174,4,22,-18,46,22,2.108433734939759,5.5,4,0,332,350,264,1.9894152316768314,4.3702185990580595,696.2953310868926,0.032170531168810315,44854,18.61934412619344,27.204649232046492,256x256,65536,sparse,Otsu,332,4,30,2393,31.755328262286362,0.6441576341813419,29.203886038749218,0.9968694094429492,0.5494431319608505,0.4541737326046622,11,8,0.0,40,2402,32.06430627360795,0.6880993600644554,0.996469004770206,28.848632671197425,0.4674081989931028,0.5413153456998314,3860,32.29429330868709,0.7077124594342046,0.9981623630744577,31.358239688557358,0.39560626347423433,0.5352445193929174,-0.49567158279062085,0.15295988321513487,-0.3783568219043154,-0.04497443787624211,True,0.6261871470545335,0.6071336158197971,0.6957618567103936,28.545128936837003,0.9989388171386481,7460
7461.png,0.6950416849495392,0.5878900216249614,0.7404669260700389,0.5946875,0.9809278350515463,0.9984617325929497,27.981811014947425,0.9964178961260249,28.664374787534165,0.588034717916925,0.6587022446990063,0.8700627790350018,31.049879331437765,0.5831638060884908,2556,4,19,37,15,2.088495575221239,4.75,339,354,703.7769874080416,4.460495671691445,0.03365171175162658,0.0019811867288986873,-0.7565799476853066,-0.0002781409889850428,-0.0002874150433886946,0.00934976933481213,598.207950592041,4,19,-15,37,15,2.088495575221239,4.75,4,2,339,354,287,1.9880705858984178,4.460495671691445,703.7769874080416,0.03365171175162658,45107,17.647496087636934,25.640062597809077,256x256,65536,sparse,Meijering,339,4,31,2547,31.546804138933084,0.6378949770502472,29.16569644330496,0.9967053111694136,0.5786849485821128,0.6833632306209467,8,19,0.0,38,2350,31.759221593337813,0.674709557594155,0.9960852835761262,28.505526928665827,0.24421625854427453,0.5822470515207946,3420,31.929969421478745,0.6844668067810766,0.9978676297657997,30.971239987446225,0.22508350203891914,0.5809435707678076,-0.5013216557707949,-0.024660985921940437,-0.49692480749531853,-0.05473117096175639,True,0.7570743865512575,0.6587022446990063,0.6930604982206405,28.73839096263273,0.9987398735819347,7461
7462.png,0.6871479774705581,0.5092261904761904,0.6748175902188918,0.5127359904105484,0.9867358708189158,0.9991265709914587,27.38077529403899,0.9973148668559236,28.13076426318176,0.4603458556946929,0.41957808485925774,0.603562114660904,30.747388611556687,0.5736562095769944,2603,4,12,27,16,2.046376811594203,3.0,345,353,601.4263704405226,4.502300830509352,0.023105084523256072,0.017893319085464987,-0.3717670347265454,-0.00012300458321645724,-0.000134969678367014,0.014403956922605432,567.1100616455078,4,12,-8,27,16,2.046376811594203,3.0,4,0,345,353,302,1.7037574233442532,4.502300830509352,601.4263704405226,0.023105084523256072,45453,17.461774875144066,25.17710334229735,256x256,65536,sparse,Meijering,345,4,28,2551,31.16357479002875,0.6266898018576055,28.33657238269476,0.9974498365342906,0.44594189877208745,0.35273533292196535,12,1,0.0,37,2582,31.5462875953636,0.6782090712990998,0.997233770404714,28.039548225302568,0.38121660819385916,0.4364343404128029,3380,31.601023521306793,0.6683809283127001,0.9983138045911233,30.41703673845493,0.41192988259711893,0.4538922155688623,-0.2058081195130015,0.06684275193729239,-0.4161861784720635,-0.05303359228061111,True,0.6951696845568032,0.41957808485925774,0.6692546583850931,27.752542328765536,0.9992495755746752,7462
7463.png,0.5731625084288604,0.4119527005433046,0.5835219556360344,0.4143362262937962,0.9862280030604438,0.9990909433153847,27.88238832075517,0.9960115271507421,28.136783848097487,0.3145853193517636,0.21907231579154052,0.3213259037799404,30.040327462959628,0.5281295113391323,3070,11,38,78,41,2.1227272727272726,3.4545454545454546,440,467,867.5796132116591,3.4161779555407437,0.04014236719622404,-0.004662651485851765,-0.8348524017207417,-0.00022176014133967747,-0.0009969077563009021,0.021110552395800897,643.4183120727539,11,38,-27,78,41,2.1227272727272726,3.4545454545454546,11,3,440,467,321,1.8577721910313856,3.4161779555407437,867.5796132116591,0.04014236719622404,45761,14.90586319218241,21.347231270358307,256x256,65536,sparse,Meijering,440,11,33,3057,30.996498349083076,0.6208529400109922,29.286340452466014,0.997008434907043,0.2934747669559627,0.2689937967814926,15,4,0.6515151515151515,38,3032,31.305613408699557,0.6762530439520923,0.9968280032379572,29.252519041268087,0.13017171420150486,0.27982091461464664,3091,31.091279862493387,0.6326951663833734,0.9972758505000738,30.05508803588293,0.14335942044439265,0.3070539419087137,-1.1495566043685272,-0.04992148098995208,-0.9561708861234486,-0.0927234286718599,True,0.6817760822095809,0.21907231579154052,0.5778251599147122,28.71724072247591,0.9993127034567244,7463
7464.png,0.7298716452742123,0.44240348692403486,0.6134254262896611,0.44336973478939157,0.9950980392156863,0.9993509527655753,27.494760381294636,0.9966164423603954,28.3367903873555,0.4767985051385861,0.4857264722933681,0.7416495130318538,30.59627515320934,0.5580528078915423,2604,5,16,35,24,2.0599455040871937,3.2,367,378,661.7557202163753,4.676360586033855,0.026530204418248413,0.003451024301746042,-0.4774814823940865,-6.0362260512869526e-05,-0.00042999966820489455,0.006521505449821718,667.2172546386719,5,16,-11,35,24,2.0599455040871937,3.2,5,0,367,378,308,1.7506765085089258,4.676360586033855,661.7557202163753,0.026530204418248413,45564,17.497695852534562,25.167434715821813,256x256,65536,sparse,Meijering,367,5,29,2527,31.142996594164853,0.6200153553125771,28.866255428701223,0.9970464420286003,0.4702769996887644,0.6145459671144078,6,7,0.0,34,2354,31.322993782039475,0.6583869211460909,0.9965426772766264,28.153941688543057,0.5415939886947765,0.4572051042639278,3683,31.58094750711787,0.6764419700095442,0.9980788300811266,30.581026680336308,0.29196599578871385,0.4639751552795031,-0.5294650413457234,-0.12881949482103972,-0.5467214409555119,-0.0619625474210348,True,0.6549272449566163,0.4857264722933681,0.7264206209724663,27.972241863688723,0.9994113150260882,7464
7465.png,0.5397877984084881,0.4345905538566089,0.6058739933680719,0.4527433628318584,0.9155332856120257,0.9990073282009836,27.966956340435484,0.9961739129564307,28.82182449447634,0.326025459688826,0.2591817793182821,0.390461312854274,31.42477027204869,0.5945757368320793,2413,7,27,56,27,2.113960113960114,3.857142857142857,351,371,658.5851034134844,4.276640158433181,0.03338928399982725,0.002414061034750725,-0.8088972312319349,-0.000275652686126171,-0.0007307586031565227,0.012397141104755205,609.8494529724121,7,27,-20,56,27,2.113960113960114,3.857142857142857,7,1,351,371,268,1.775162003809927,4.276640158433181,658.5851034134844,0.03338928399982725,44692,18.52134272689598,27.159552424368005,256x256,65536,sparse,Meijering,351,7,30,2362,31.84298366169303,0.6441640332704163,29.562242695415843,0.9969046715595872,0.3136283185840708,0.25732741677921767,8,1,0.9285714285714286,43,2246,32.23427176089971,0.6817701454136844,0.9970150072802632,29.86148255969409,0.3296799539643608,0.3448763250883392,3943,32.470371673451076,0.7134012229895859,0.9978061757850355,31.570381577685357,0.3098933243222889,0.3248407643312102,-0.7404182009395051,0.001854362539064458,-0.41821338964433963,-0.049588296438336954,True,0.6637835062932667,0.2591817793182821,0.5373737373737374,28.77585357166742,0.9992829808871098,7465
7466.png,0.6968147856861974,0.7042930051035725,0.8264928659503259,0.7139379184418746,0.9811794228356336,0.9974437512424819,28.234479236232836,0.9956388816940536,28.586710969568294,0.5706964124208622,0.4117411667242976,0.524815695034735,30.85156575431217,0.5716485819521566,2680,5,17,41,24,2.0689655172413794,3.4,348,360,707.0151577273231,4.631314644183235,0.03465590314387025,-0.013909393182025775,-0.5285682937995446,-0.00030117679747143633,-0.00047011088536874635,-0.010036698757568518,665.7710075378418,5,17,-12,41,24,2.0689655172413794,3.4,5,0,348,360,283,1.9639309936870046,4.631314644183235,707.0151577273231,0.03465590314387025,45305,16.904850746268657,24.453731343283582,256x256,65536,sparse,Meijering,348,5,30,2579,31.345168607503652,0.6310948811166475,29.120836187733616,0.9961089925794223,0.5807331111784307,0.5034146962085904,12,15,0.0,41,2662,31.70887700297076,0.6811452325802883,0.9957731083233615,28.772760551837656,0.37984000499724146,0.5102843315184513,3495,31.722360720256752,0.6782012581507404,0.9970491541053128,30.432892046493443,0.17892667125586093,0.5574557455745575,-0.5341252181653218,-0.09167352948429275,-0.4936028531914829,-0.059446299164490846,True,0.7845443088302579,0.4117411667242976,0.7107241788682231,28.76304753003238,0.9977449280399533,7466
7467.png,0.5898617511520737,0.5185546875,0.6829581993569132,0.5253957783641161,0.9755052051439069,0.9988521267185111,27.65656537855431,0.9969196659277207,28.2730336089054,0.4776902887139108,0.2729961672191046,0.4195026870090866,30.410933784952782,0.5492782124602734,2418,5,15,36,21,2.0625,3.0,320,330,604.7420920286819,4.410490784794092,0.031249149897169027,0.0030848916479414568,-0.430076659220024,-0.00024294340387942537,-0.0003292957426451748,0.00454366597914968,583.6470127105713,5,15,-10,36,21,2.0625,3.0,5,0,320,330,263,1.8325517940263056,4.410490784794092,604.7420920286819,0.031249149897169027,45668,18.886683209263854,27.10339123242349,256x256,65536,sparse,Meijering,320,5,27,2351,30.94991783171354,0.6067101516625474,28.558655340198147,0.9972489616703659,0.4731466227347611,0.29765695999282116,15,4,0.0,33,2400,31.19690302465919,0.6561983134042921,0.9971029665351766,28.244020072443593,0.3082782008664601,0.4445541296479105,3851,31.497971683369236,0.6813561311023312,0.9982316908570807,30.54604886657208,0.30772899740253745,0.4514962183492272,-0.28562173129274626,-0.024660792773716578,-0.5389840467607598,-0.05743193920227396,True,0.6507614269779192,0.2729961672191046,0.5867768595041323,28.086642037774332,0.9990950701223905,7467
7468.png,0.6332350049164208,0.5080473732159125,0.6737817156665324,0.5131901840490798,0.9806565064478312,0.9990228257093642,27.527443995817222,0.9959989841040426,28.25666028285767,0.4920440636474908,0.2747047535828272,0.4639712073513817,30.254595506506075,0.5429001464646293,2503,4,13,33,21,2.0555555555555554,3.25,324,333,651.6316231234694,4.760291839087451,0.02660484702960981,0.004089276273204767,-0.22232697617439356,-7.75262239424146e-05,8.481923723047124e-06,0.020878419475711674,655.8895111083984,4,13,-9,33,21,2.0555555555555554,3.25,4,0,324,333,270,1.9568517210914955,4.760291839087451,651.6316231234694,0.02660484702960981,45873,18.327207351178586,26.18298042349181,256x256,65536,sparse,Otsu,324,4,26,2333,30.7247640210918,0.5993317058884405,28.43997624197246,0.9959905021803196,0.47116564417177914,0.388393799408408,12,3,0.0,31,2286,30.935250848454384,0.6428332558939843,0.9953849268907519,27.84287132968954,0.4524065912322697,0.4475460122699387,3762,31.262305590906156,0.6682471727684223,0.9970546426004575,29.933548008101567,0.25309567558516344,0.4707324547961998,-0.1833159591147897,-0.11368904582558081,-0.47016851458572617,-0.056431559423811284,True,0.5920728468281516,0.2747047535828272,0.629145728643216,27.749770971991616,0.9991003519333066,7468
7469.png,0.610223642172524,0.5790113452188006,0.7333846548627149,0.5837418300653595,0.9861973775017253,0.9985266820671334,28.152648570816915,0.9968677210390509,28.645870186796355,0.4375,0.3370867295215346,0.5462369852179988,31.39693501758596,0.5911012912045782,2096,5,9,21,17,2.0273972602739727,1.8,292,296,533.9666496228931,4.450984531885957,0.02147349120306943,-0.015261480725276777,-0.21608920389276776,-0.00015769066964665956,-0.0003376262452048362,0.0028594771241829964,566.5090084075928,5,9,-4,21,17,2.0273972602739727,1.8,5,0,292,296,254,1.8039413838611227,4.450984531885957,533.9666496228931,0.02147349120306943,44873,21.408874045801525,31.267175572519083,256x256,65536,sparse,Meijering,292,5,26,2009,31.608252235672488,0.6242078085050489,28.966113597893177,0.9972053472842557,0.434640522875817,0.41725174762601036,7,2,0.0,37,2064,31.933336981032987,0.6699105807721067,0.9969890898697256,28.693725229677028,0.40547945202980573,0.40302164148632097,4502,32.52496941620188,0.7274846354420483,0.9984868511351181,31.70616648862881,0.2973224312827796,0.4181298489179257,-0.320243411096822,-0.08016501810447574,-0.2113172180865277,-0.03310651730047065,True,0.6171071140248879,0.3370867295215346,0.6254851228978008,28.368737774709682,0.99868437273678,7469
7470.png,0.7802874743326489,0.5213402473075389,0.6853696906135291,0.5213402473075389,1.0,0.999493452586439,27.364660942858055,0.9976921802874988,27.978785443711796,0.5155502392344498,0.6186356265058105,1.0389238319690028,30.37295818949962,0.5402648255836034,2186,4,16,38,22,2.085714285714286,4.0,280,292,538.0312633592633,4.459937490735736,0.021061221930348255,-0.005819815901188852,0.2230605338077929,1.4635659272288493e-05,5.8222667460472444e-05,0.00099100509005412,597.9437828063965,4,16,-12,38,22,2.085714285714286,4.0,4,0,280,292,220,1.8425728197235027,4.459937490735736,538.0312633592633,0.021061221930348255,45942,21.016468435498627,29.979871912168345,256x256,65536,sparse,Otsu,280,4,24,2148,30.642442188840132,0.5880467378558688,27.903511986340206,0.9976339576200384,0.5145592341443956,0.6093721646414789,5,5,0.0,30,2050,30.91020613940332,0.6294369521377583,0.9973787379519021,27.337562213191955,0.37966771440382163,0.4970083765456721,4191,31.448145681271157,0.6832451016712761,0.9987293788213467,30.57275411752013,0.4660750537533823,0.49980055843637816,0.07527345737159052,0.00926346186433158,-0.2694839993405118,-0.04778191227226536,True,0.5954581148969812,0.6186356265058105,0.7861072902338377,27.141600409050262,0.9994788169271667,7470
7471.png,0.6705643111337062,0.4570278815751653,0.6273426711382917,0.4642335766423358,0.9671532846715328,0.9986086971189928,28.246256758416703,0.995536650086037,28.59104574430306,0.4665701881331404,0.29832553970433506,0.4445325030321371,30.156249542037553,0.5376182563918311,2998,8,28,67,37,2.0943396226415096,3.5,424,444,825.0621055704842,3.773242326839915,0.03247758594303977,-0.010186862575214062,-0.6106995840432816,-0.00021564801222062613,-0.0007439731047429454,0.012209723016861296,613.0554676055908,8,28,-20,67,37,2.0943396226415096,3.5,8,0,424,444,320,1.8582479855191039,3.773242326839915,825.0621055704842,0.03247758594303977,45676,15.23549032688459,21.859906604402934,256x256,65536,sparse,Meijering,424,8,32,2985,30.99765611161837,0.6221570309305843,29.382490914051893,0.9962806231907799,0.4543604651162791,0.32294312550183535,20,11,0.0,38,2948,31.353484912948172,0.6736293365087921,0.996030316720074,29.03899275625191,0.06824458734052019,0.440938285395141,3079,31.131685163129323,0.6413249213926824,0.9966564657496767,29.829048825987336,0.07730960900673667,0.44425675675675674,-0.7914451697488332,-0.024617585797500285,-0.8414065695808155,-0.08453877453875314,True,0.6710994981682316,0.29832553970433506,0.6807511737089202,28.856956342459984,0.9988243451312134,7471
7472.png,0.7116357504215851,0.4975157336866512,0.6644547666445477,0.49933510638297873,0.992729676140119,0.9992442973939281,27.25997388110914,0.9973157696877213,28.123932829481934,0.5093085106382979,0.4660750537533823,0.6519223788927313,30.548674550969764,0.5563959134960587,2491,4,17,39,21,2.079510703363914,4.25,327,340,657.9707079820154,4.816873582495827,0.031205660045332696,-0.008272977473452015,-0.24711039710646432,-0.00013347416954356817,-0.00011784738434428288,0.009973404255319118,642.9085731506348,4,17,-13,39,21,2.079510703363914,4.25,4,0,327,340,267,1.9352079646529827,4.816873582495827,657.9707079820154,0.031205660045332696,45705,18.34805299076676,26.309112806101968,256x256,65536,sparse,Otsu,327,4,27,2406,30.943930596835237,0.6122507042781345,28.291339474341463,0.9974336170720656,0.49933510638297873,0.4831486655083008,7,2,0.0,33,2376,31.199290646013743,0.657527873982131,0.9972476892417914,27.841920750017017,0.47795422323898396,0.5016622340425532,3712,31.449953998213186,0.6716406119383729,0.9983754784376153,30.228457444113822,0.44456295130198165,0.4943484042553192,-0.16740664485952905,-0.017073611754918505,-0.395256045865473,-0.05585479078207589,True,0.7149241517755465,0.4660750537533823,0.7199087278950371,27.507084278215604,0.9993777715634716,7472
7473.png,0.5307529162248145,0.5434714864443752,0.7042196648495861,0.551375276636105,0.9743016759776536,0.9981220799800451,28.34393100369363,0.9956220837571252,28.724194223217125,0.34300126103404793,0.18603127356716698,0.3109434836174384,30.937300886275345,0.57354047138448,3004,9,45,94,44,2.164383561643836,5.0,438,474,971.8081009618803,3.6548106553347686,0.041960666688559474,-0.004330104664312495,-0.6829242415336054,-0.0003457390965301288,-0.0009186758726207334,0.0028178908159006144,697.6413726806641,9,45,-36,94,44,2.164383561643836,5.0,9,1,438,474,300,2.0502280611010075,3.6548106553347686,971.8081009618803,0.041960666688559474,45081,15.00699067909454,21.81624500665779,256x256,65536,sparse,Meijering,438,9,34,2828,31.624333576676623,0.6423011792652663,29.592883151820963,0.996540759629746,0.3401833702181473,0.223565876915494,23,6,0.0,42,2744,31.88552874889143,0.687657140697601,0.9961954410819112,29.312670417917023,0.18467352788266822,0.30829914799621333,3049,31.718071889766932,0.6625652102307495,0.9969367098238837,30.26952192254601,0.18801698950004886,0.3446862188584043,-0.868688928603838,-0.037534603348327034,-0.6870326904012778,-0.06876070788078625,True,0.598280019902414,0.18603127356716698,0.535083020889127,29.026855245227235,0.9984678190765752,7473
7474.png,0.6511627906976745,0.4002302379125096,0.5716634694436833,0.4002302379125096,1.0,0.9995442977124448,27.38491247688048,0.9976696482450167,28.26333724788963,0.3626247122026094,0.38649779982570287,0.6383684340735183,30.883037644316342,0.5670255259202241,2283,5,17,47,27,2.07741935483871,3.4,310,322,595.3685051807015,4.12425346643694,0.032864434671724965,0.011859308110609756,0.24798831134403443,2.895593814211672e-05,-7.3225591586068e-05,0.004221028396009241,579.8478126525879,5,17,-12,47,27,2.07741935483871,3.4,5,0,310,322,236,1.848970512983543,4.12425346643694,595.3685051807015,0.032864434671724965,45362,19.8694699956198,28.706088480070083,256x256,65536,sparse,Meijering,310,5,27,2170,31.259065893603918,0.6132759443639257,28.304759521450254,0.9977428738366028,0.35840368380660015,0.33349943104264,7,1,0.30000000000000004,34,2118,31.523526207681556,0.6542425769416594,0.9976759371406462,28.210235220040296,0.35963329215675377,0.33154259401381425,3976,31.88158816192011,0.6922897574795878,0.9987332955060666,31.13943736740129,0.24097023456934907,0.35097813578826237,-0.04142227356062378,0.052998368783062855,-0.3760282492875753,-0.04625041844370159,True,0.605446289628399,0.38649779982570287,0.6393034825870647,27.136924165536445,0.9995153417743027,7474
7475.png,0.7786589762076424,0.5202312138728323,0.6844106463878328,0.5204460966542751,0.9992069785884219,0.9992855161692615,27.965797468715515,0.9978882514330475,28.740188491771473,0.49814126394052044,0.5470619872234423,0.9065293612881987,31.374815291941026,0.5896962534681058,2162,4,6,14,12,2.012987012987013,1.5,308,310,537.5256387555054,4.58006279886543,0.01923756896206527,-0.005440221458294925,-0.027782019285474746,-1.127036481329835e-05,-4.82461625299635e-05,0.008674101610904594,599.7998714447021,4,6,-2,14,12,2.012987012987013,1.5,4,0,308,310,282,1.7339536734048535,4.58006279886543,537.5256387555054,0.01923756896206527,45003,20.815448658649398,30.31267345050879,256x256,65536,sparse,Meijering,308,4,27,2138,31.52709976260576,0.6270666339934315,28.72957387650217,0.9979364975955775,0.48946716232961585,0.5524647618955876,5,3,0.0,36,2146,31.875145633755736,0.6728049616766043,0.9977135442213846,28.25922285522275,0.5434239503766853,0.4876135425268373,4302,32.377750822236216,0.7187051681048012,0.9989237206378903,31.685282968688835,0.5578030907201013,0.49153242461792646,0.010614615269304295,-0.0054027746721452274,-0.1522844706647355,-0.03737038052532571,True,0.6034685809250071,0.5470619872234423,0.7840991976659373,27.99357948800099,0.9992967865340748,7475
7476.png,0.6257505003335557,0.4514811031664964,0.622097114707952,0.4612173913043478,0.9553314121037464,0.998685061710243,28.339464919765565,0.9961998720200528,29.11666102397533,0.3591963976446138,0.3182395458429622,0.5222416846529195,31.391778603416064,0.5919248475964815,2690,14,35,76,45,2.1057934508816123,2.5,397,418,805.4096936628996,3.601403058025639,0.047432509481618645,0.03185219524881,-0.7278640474172171,-0.0003499775608386546,-0.0009615808400089687,0.024239875905483377,651.2670516967773,14,35,-21,76,45,2.1057934508816123,2.5,14,2,397,418,276,1.9268174489543008,3.601403058025639,805.4096936628996,0.047432509481618645,44713,16.62193308550186,24.36282527881041,256x256,65536,sparse,Meijering,397,14,34,2651,31.956148557464022,0.6496515545239324,30.007995883128082,0.9971614528600617,0.33495652173913043,0.47270757595695145,6,9,0.0,43,2468,32.29036289542816,0.6924360663545108,0.9971092295105447,29.983395551721262,0.20253376954256785,0.31121917332407084,3236,32.22141851413947,0.6869103369055144,0.9977889893093054,31.256056850095124,0.24522329869026038,0.31875,-0.891334859152753,-0.15446803011398924,-0.5643699540479581,-0.057726706927450966,True,0.6093721646414789,0.3182395458429622,0.5938983050847457,29.06732896718278,0.9990350392710816,7476
7477.png,0.7122215532811559,0.5452546720410407,0.7057149632440123,0.5468577728776185,0.9946524064171123,0.9992062863995321,26.795851761345695,0.9970396223493337,27.571085496428903,0.49430774880646344,0.430217175269077,0.6325039791878574,30.752092520718204,0.566366375166488,2297,4,10,28,18,2.04,2.5,300,306,576.6639493543096,5.001485482056935,0.02994709930779327,-0.006248261422968415,-0.17966989216187912,-5.8166386610492005e-05,-0.00018194209982480558,-0.012491222160093018,688.9472007751465,4,10,-6,28,18,2.04,2.5,4,0,300,306,254,1.8845227103081983,5.001485482056935,576.6639493543096,0.02994709930779327,45628,19.86417065737919,28.531127557683934,256x256,65536,sparse,Otsu,300,4,27,2197,31.124293445639594,0.6113211046166905,27.8356533628737,0.9972215644491585,0.5067989709665565,0.5400634191250032,6,3,0.0,34,2196,31.36514283701426,0.655846753090964,0.9971452894033285,27.787103315700023,0.6261871470545335,0.4862183020948181,4114,31.796316320481964,0.6901045196969475,0.9986202771808796,31.096799570269738,0.4218951353294804,0.47942689199118294,-0.26456786644479635,-0.10984624385592623,-0.37220092492139045,-0.04495472945020251,True,0.680180978183696,0.430217175269077,0.7184698147041243,26.975521653507574,0.9992644527861426,7477
7478.png,0.7039187227866474,0.4578220858895706,0.6280904786954234,0.4583493282149712,0.9974937343358395,0.9992380290534354,27.83403308162526,0.9968887251482215,28.7139184501655,0.4407364787111623,0.39649442457295947,0.5762352612051462,31.525888070998946,0.5987541274668731,2127,4,15,35,18,2.076655052264808,3.75,287,298,529.3630914283692,4.77306123768411,0.02613882299873025,0.011066635030100969,-0.31874027750764,-9.311595111272108e-05,-0.00033927026186542086,-0.017996726663117968,609.5783710479736,4,15,-11,35,18,2.076655052264808,3.75,4,0,287,298,234,1.7763862128468744,4.77306123768411,529.3630914283692,0.02613882299873025,44725,21.027268453220497,30.811471556182415,256x256,65536,sparse,Meijering,287,4,27,1981,31.835381836221227,0.6336198929725384,29.08716867539887,0.9972279954100869,0.45873320537428025,0.6046563925739001,5,4,0.0,39,2052,32.094894619562574,0.6746721929681613,0.9969811227230972,28.94953388034034,0.29413645085433004,0.45475460122699385,4350,32.61248856160657,0.7287294774020975,0.9984213998328708,31.6624594643582,0.374516775782361,0.43924875431199695,-0.37325022523337026,-0.20816196800094067,-0.3094937652222818,-0.034865765505665336,True,0.6880773379673533,0.39649442457295947,0.6928520877565464,28.1527733591329,0.9993311450045481,7478
7479.png,0.7472118959107806,0.3450628366247756,0.5130806193272824,0.3451867816091954,0.998960498960499,0.9995637236693278,28.01888858671709,0.9971912042644488,28.747420423471276,0.32688172043010755,0.3462302148701527,0.6651947092245343,30.80263109098857,0.5624122649688287,2771,11,38,83,43,2.1374045801526718,3.4545454545454546,393,420,740.7924967914457,3.5503791506963833,0.03837864079195593,-0.016320867621982926,-0.47055413228799736,-3.850252119630415e-05,-0.0006443701072750274,0.005401835372636277,614.4392490386963,11,38,-27,83,43,2.1374045801526718,3.4545454545454546,11,3,393,420,267,1.7637916590272469,3.5503791506963833,740.7924967914457,0.03837864079195593,45248,16.32912306026705,23.650667629014794,256x256,65536,sparse,Meijering,393,11,32,2716,31.43188478235727,0.6298585751537132,29.62156105132745,0.9978355743717239,0.32147988505747127,0.4344745613004628,6,3,0.7727272727272727,41,2590,31.779899827504977,0.675536877287307,0.9977472968200874,29.383353656780784,0.6171071140248879,0.30926724137931033,3259,31.685091953728044,0.6651214348623732,0.9981347339069356,30.42945467631677,0.41891436633217993,0.3267504488330341,-0.8741406278561747,-0.0882443464303101,-0.6292536913686995,-0.06744631018488456,True,0.5204945410251058,0.3462302148701527,0.7635327635327636,28.489442719005087,0.9996022261905241,7479
7480.png,0.6123759486281378,0.5181695827725438,0.6826241134751774,0.5295735900962861,0.9600997506234414,0.9989262352123602,27.868547058819097,0.9969088210200634,28.426736155281773,0.3948542024013722,0.1910353024335002,0.3620606377891957,30.15637924323655,0.5309892220958697,2637,6,29,61,34,2.117948717948718,4.833333333333333,390,413,778.2961912974398,4.011929832972013,0.03665670722662815,0.026189407896142547,-0.4435227870513714,-0.0001843726313777161,-0.00044006020339559804,0.02337653917113164,648.4014987945557,6,29,-23,61,34,2.117948717948718,4.833333333333333,6,0,390,413,295,1.884494409921157,4.011929832972013,778.2961912974398,0.03665670722662815,45767,17.355707243079255,24.852483883200605,256x256,65536,sparse,Meijering,390,6,28,2563,30.789879422081295,0.6022014836250387,28.875246326582573,0.997348881223459,0.37147766323024056,0.18860476435658857,20,3,0.0,31,2364,31.048098673312516,0.6404465115369061,0.997064200569602,28.50116333690142,0.11813322727265341,0.35440874914559123,3550,31.23019272312279,0.6545840121637145,0.9979857713181532,30.23513710610488,0.09987117886336838,0.3748723186925434,-0.44851017130079995,0.002430538076911626,-0.633500178844745,-0.07121226152916893,True,0.5276334472589853,0.1910353024335002,0.5861865407319953,28.312069845870468,0.999110607843738,7480
7481.png,0.5950520833333334,0.5108177484415108,0.6762135922330096,0.5142118863049095,0.9872430900070872,0.9988833431085048,27.922932131399122,0.9969967570388553,28.520010272861143,0.38353636028054633,0.366186162901451,0.54753606656911,30.99607212602319,0.5741018579675048,2416,5,26,60,24,2.125,5.2,336,357,675.9062435249457,3.843651228007816,0.04304650040325295,-0.00969099967061915,-0.581114707518104,-0.00012803445694287152,-0.0004374895132357448,0.005676581682760362,594.003438949585,5,26,-21,60,24,2.125,5.2,5,1,336,357,252,1.8932947997897605,3.843651228007816,675.9062435249457,0.04304650040325295,45169,18.695778145695364,27.125827814569536,256x256,65536,sparse,Meijering,336,5,30,2410,31.508796823412048,0.6294377038242288,29.139905742985384,0.997434246552091,0.37785977859778597,0.3455761180911414,10,3,0.0,38,2372,31.75154976992944,0.6687564985559837,0.997300260980303,28.827100158423924,0.3845826020024342,0.36974169741697416,3795,31.98549575273126,0.6928967450847918,0.9982514892796255,31.152854537644195,0.25830971559234295,0.3674898636196093,-0.6198954701242414,0.02061004481030959,-0.5127246973888582,-0.05533584585672402,True,0.668789117758019,0.366186162901451,0.6047430830039525,28.504046838917226,0.9990113775654477,7481
7482.png,0.6485915492957747,0.4507190459487899,0.6213733075435204,0.45103545103545106,0.9984459984459985,0.999282020951225,27.443327770632806,0.9969777478777461,28.685529248903016,0.36995436995437,0.2910710719504892,0.5137522860563781,31.741116987670775,0.6152223854427393,2166,4,15,31,18,2.07773851590106,3.75,283,294,548.8926007410855,4.864474385029014,0.035792774559158226,0.003316514034843787,-0.3130870265890451,-8.635654758870626e-05,-0.0002158312758696601,0.0028080028080028074,603.3165454864502,4,15,-11,31,18,2.07773851590106,3.75,4,0,283,294,234,1.8669816351737583,4.864474385029014,548.8926007410855,0.035792774559158226,44612,20.596491228070175,30.25669436749769,256x256,65536,sparse,Otsu,283,4,29,2134,32.01201925771106,0.6499439710970695,28.89162356769784,0.9971935791536157,0.36714636714636717,0.2924875128934983,10,1,0.0,43,2082,32.34170637596296,0.686488726426539,0.9975652376845042,29.38035357782268,0.36024287488827555,0.3502983502983503,4153,32.746727431991815,0.7280763829891731,0.9984864471139514,31.842271929520116,0.310415934426556,0.35275535275535275,-0.20609431879482543,-0.0014164409430090785,-0.2709022700402848,-0.034721585654330145,True,0.5665591761834957,0.2910710719504892,0.6452750352609309,27.75641479722185,0.9993683774988137,7482
7483.png,0.5790155440414507,0.5342685370741483,0.6964472309299896,0.5551853394418992,0.9341275402943238,0.9987582051187381,27.038577586853183,0.9977288895199744,27.772290621614616,0.4193011647254576,0.2120599993524208,0.4163442630670022,30.292951292688382,0.5336574225650386,2224,4,11,27,16,2.045016077170418,2.75,311,318,586.0968880955319,4.529211581711601,0.01685156965004992,0.005096886843258375,-0.5200818097815016,-0.0002208444751522487,-0.00011965414987635814,-0.001181766165466669,628.3764839172363,4,11,-7,27,16,2.045016077170418,2.75,4,0,311,318,268,1.8430719751431788,4.529211581711601,586.0968880955319,0.01685156965004992,45843,20.612859712230215,29.467625899280577,256x256,65536,sparse,Meijering,311,4,25,2165,30.680713179177623,0.5866490377059688,27.86375778463034,0.9978485436698508,0.42048293089092426,0.22430819795352397,10,0,0.25,30,2192,30.93387330050892,0.6343095219589466,0.9975641683530251,27.461671646604234,0.3005773010572709,0.3935860058309038,4091,31.376921694497142,0.678398061441972,0.9987804632377334,30.46498435637527,0.21442027716743295,0.4219075385256143,-0.0914671630157251,-0.012248198601103155,-0.3877618864892405,-0.052991615140930204,True,0.5093381083007599,0.2120599993524208,0.5739186571981924,27.558659396634685,0.9989790495938904,7483
7484.png,0.6268053148469093,0.6411620294599017,0.7813512839690852,0.6499377851513894,0.979375,0.9985987808110823,28.325817999906118,0.9971695521902678,28.817009095024247,0.5043550394027374,0.3712364455329016,0.5855876705422872,31.82026672733896,0.6133949257936557,2140,4,3,9,11,1.9932885906040267,0.75,298,297,587.0927410881118,4.5448234985338765,0.016643470772853674,0.02074470878630319,-0.08871961506491388,-0.00016073708103458983,-0.00011540727503622783,0.02611218818019284,627.6679039001465,4,3,1,9,11,1.9932885906040267,0.75,4,0,298,297,278,1.9767432359869057,4.5448234985338765,587.0927410881118,0.016643470772853674,44506,20.79719626168224,30.624299065420562,256x256,65536,sparse,Meijering,298,4,29,2118,32.053451386323495,0.6487036978024989,28.869308930285214,0.997284959465304,0.47824285122254456,0.276956371028945,14,7,0.0,41,1956,32.30950596172515,0.6787926681923389,0.9972584921484176,28.893718627798776,0.2894149730877452,0.4458730817088345,4256,32.804866485235664,0.7309624214476352,0.9985655929086915,31.77201507599569,0.3706557804476618,0.48177299088649544,-0.0522998352609676,0.09428007450395659,-0.2331846589845341,-0.03530877200884319,True,0.6339553651959846,0.3712364455329016,0.6060606060606061,28.41453761497103,0.9987595178921169,7484
7485.png,0.5874460948730235,0.49213483146067416,0.6596385542168675,0.5004284490145673,0.9674213141910547,0.9985014687556296,27.904611078663685,0.9959356766041556,28.546937573360513,0.42454441913439633,0.2223109951594544,0.36024701402241266,29.80926484014904,0.5212433042121045,2937,8,28,53,27,2.0956937799043063,3.5,418,438,784.2220537628124,3.788956049811897,0.032165010768947476,0.03298576958963262,-0.700426116512304,-0.0002966657661157557,-0.0006323135579979766,0.04409414840199394,614.4413948059082,8,28,-20,53,27,2.0956937799043063,3.5,8,2,418,438,338,1.7904613099607545,3.788956049811897,784.2220537628124,0.032165010768947476,46012,15.666326183180116,22.31392577459993,256x256,65536,sparse,Meijering,418,8,30,2909,30.644242129285928,0.6066149341898173,29.14737831280988,0.9965679901621536,0.3804502707324024,0.23426802834068872,26,6,0.0,32,2832,30.904395103629263,0.6567319628623367,0.9960697176621759,28.60751030859634,0.036676508529712604,0.40779576020059266,2953,30.807343412293292,0.6234527225267301,0.9969120621260429,29.83147611453216,0.07366722359911937,0.3894444444444444,-0.6004407394493683,-0.011957033181234311,-0.8349772891368872,-0.08537162997771275,True,0.6171071140248879,0.2223109951594544,0.5544603252833908,28.60503719517599,0.9987981345217454,7485
7486.png,0.43441466854724964,0.41252779836916237,0.5840986617685647,0.4231939163498099,0.9424216765453006,0.9991373609322207,27.604842804157904,0.996980825417835,28.18979396914419,0.32081911262798635,0.220225107258049,0.3661381195759396,30.03312589139093,0.5212241214327004,2415,10,15,41,32,2.0307692307692307,1.5,325,330,644.5912884693535,3.89982290157905,0.040339620723965464,0.027229039804734678,-0.29924367226990967,-0.00015799530638782588,-0.00032739964972805513,0.05503964494737801,612.8871440887451,10,15,-5,41,32,2.0307692307692307,1.5,10,0,325,330,252,1.9533069347556125,3.89982290157905,644.5912884693535,0.040339620723965464,45932,19.019461697722566,27.137060041407867,256x256,65536,sparse,Meijering,325,10,26,2279,30.61988163681007,0.5843525605442677,28.59618337519756,0.997308225067563,0.26577946768060834,0.20319305540444432,14,3,0.0,30,2220,30.849903687376454,0.6269031786933275,0.9969612311005289,28.22763456561014,0.19162342650614472,0.24287343215507412,3818,31.18869602602932,0.66536446139405,0.9981134837302613,30.290192838915967,0.1918789992430272,0.3041002277904328,-0.4063894060533677,0.01703205185360468,-0.5867557454191399,-0.06312843911156729,True,0.6014809589154859,0.220225107258049,0.40718562874251496,27.904086476427814,0.9992953562386085,7486
7487.png,0.6597789524267179,0.5498248965297676,0.709531635168447,0.5553054662379421,0.9823663253697383,0.9989886605012593,28.018641573323507,0.9962189073070862,28.368253454431958,0.544344473007712,0.38649779982570287,0.5199480773282891,29.987402650685784,0.5239123389481033,2600,5,14,33,22,2.047872340425532,2.8,376,385,751.7073246389971,4.440841091123033,0.020850160908591438,-0.0006616606001019765,-0.16505268639679826,-5.6818767611321874e-05,-0.0001883937106245126,-0.004675134835425254,691.4386749267578,5,14,-9,33,22,2.047872340425532,2.8,5,0,376,385,321,1.9524865575038843,4.440841091123033,751.7073246389971,0.020850160908591438,46018,17.69923076923077,25.206153846153846,256x256,65536,sparse,Meijering,376,5,27,2541,30.51106297763145,0.5931971176571691,28.65627725912605,0.9964073010177107,0.5490196078431373,0.4539255733602906,12,13,0.0,29,2498,30.766518808607792,0.6396187176426797,0.9952874409342555,27.738869233519047,0.11001593787225461,0.515802781289507,3687,31.034022664619947,0.6545819828253796,0.9972538202488443,29.8446190385495,0.12203182006550983,0.5303030303030303,-0.2880238046940917,-0.06742777353458773,-0.5236603269456666,-0.0692847787090658,True,0.7433392230464442,0.38649779982570287,0.6604406130268199,28.183694259720305,0.9990454792688707,7487
7488.png,0.573734001112966,0.4993493819128172,0.666088088522456,0.507270323859881,0.9696778269109286,0.9990824834990318,27.770743664160868,0.9969457195963354,28.178334848254995,0.4067852437417655,0.3652635810597181,0.4816963377920187,30.41227135959955,0.5479447618393982,2728,6,26,65,29,2.1066666666666665,4.333333333333333,375,395,708.4484751700276,3.925024324417114,0.040821664891195666,0.005095608255823114,-0.5237942243744556,-0.0001565492306001559,-0.0005481264111372175,0.002361341463785971,611.5155220031738,6,26,-20,65,29,2.1066666666666665,4.333333333333333,6,1,375,395,281,1.79354044346842,3.925024324417114,708.4484751700276,0.040821664891195666,45655,16.735703812316714,24.023460410557185,256x256,65536,sparse,Meijering,375,6,30,2721,31.031942592837126,0.619332664552988,28.83064123436909,0.9974938460074726,0.40442390227797953,0.3378794846834038,13,3,0.0,35,2522,31.243371678549423,0.6605934878009315,0.9971404234575946,28.274894698821296,0.42497015393584336,0.38507265521796563,3414,31.32428895493114,0.6568781962743834,0.9980465331418205,30.07407491285766,0.26525758290014634,0.39325842696629215,-0.6523063861140947,0.027384096376314337,-0.6196712332375753,-0.07138790271358975,True,0.7582859831029636,0.3652635810597181,0.5686383928571429,28.294537888535324,0.999239032729632,7488
7489.png,0.5916666666666667,0.5919623461259956,0.743688878780987,0.6046597633136095,0.9657412876550502,0.9987330813178581,27.692300754849875,0.996802925165297,28.30850481423444,0.4334319526627219,0.3341338913173695,0.569346255095364,31.569869641728445,0.6079433475137817,2324,4,14,33,18,2.0615384615384613,3.5,325,335,615.5258434570546,4.526657313200143,0.02534268490322912,-0.008222345541990417,-0.7617351360330602,-0.000257576812650373,-0.00046269909635632267,-0.006656804733727817,593.5919284820557,4,14,-10,33,18,2.0615384615384613,3.5,4,0,325,335,274,1.837390577483742,4.526657313200143,615.5258434570546,0.02534268490322912,44729,19.24655765920826,28.199655765920827,256x256,65536,sparse,Meijering,325,4,30,2313,31.921181238234414,0.6493902271938065,28.92514805008347,0.9972656242616533,0.4400887573964497,0.37811494353498,8,2,0.0,40,2100,32.19715387905718,0.6820558964027631,0.9970065955018049,28.77848570253059,0.43528187799224083,0.41752958579881655,3955,32.522906582384294,0.7151679927055636,0.9983293084832496,31.54271931603234,0.3136472951436571,0.4326923076923077,-0.6166432358490326,-0.043981052217610506,-0.351311596505969,-0.041446879680024806,True,0.5868729061217817,0.3341338913173695,0.5998890122086571,28.454035890882935,0.9989906581305085,7489
7490.png,0.5388059701492537,0.49935539321014183,0.6660934365147607,0.5049978270317254,0.9781144781144782,0.9991278163532568,27.709536680235324,0.9977103318876083,28.305476228215518,0.3774403470715835,0.23592620876297532,0.41834543877798563,31.556993092834816,0.5992421980794508,1929,4,4,16,16,2.0,1.0,251,251,452.16187381049593,4.930677158899042,0.029397591108142954,0.008594489786715953,-0.10157486769335833,-5.487092461686771e-05,-0.0002090308210883629,0.0132508642380329,572.65305519104,4,4,0,16,16,2.0,1.0,4,0,251,251,219,1.8014417283286683,4.930677158899042,452.16187381049593,0.029397591108142954,44730,23.188180404354586,33.97407983411094,256x256,65536,sparse,Meijering,251,4,26,1887,31.760245527841093,0.6294042620817806,28.4169281403685,0.9979193627086966,0.3641894828335506,0.23023242986249204,12,1,0.0,35,1776,32.01166294541427,0.6618088067669009,0.9976627415434665,28.20905835646526,0.22190689591947144,0.33941764450239026,4855,32.7812018255341,0.7424115897723679,0.9989859580724558,31.999651818534037,0.18213061533603114,0.36332029552368533,-0.11145191215298311,0.005693778900483282,-0.2032524350062772,-0.03016206400232979,True,0.5639507136784644,0.23592620876297532,0.5302114803625377,27.811111547928682,0.9991826872778736,7490
7491.png,0.6687380497131931,0.5112456747404844,0.676588437321122,0.5127241179872759,0.9943914750420639,0.9991390028410309,27.216187222182704,0.99652176320249,27.644060118324262,0.4861910241657077,0.2850592133241737,0.43075911446922,29.96126852056646,0.5359400691696048,2925,6,21,51,32,2.0793650793650795,3.5,378,393,739.6747983914458,4.146464173755948,0.03925600316847328,-0.0033207738162187583,-0.433759755260283,-0.00010336030183277778,-0.0005855985186902224,0.015398658636500084,597.9089736938477,6,21,-15,51,32,2.0793650793650795,3.5,6,0,378,393,295,1.8821241689349726,4.146464173755948,739.6747983914458,0.03925600316847328,46031,15.737094017094018,22.405470085470085,256x256,65536,sparse,Meijering,378,6,30,2870,30.722789573803645,0.6154766472107482,28.37661842639511,0.9971073617211802,0.4707923655292076,0.31613859078764417,15,9,0.0,32,2710,30.90633460006197,0.6601630900939739,0.9965235174922844,27.511295095979982,0.45773474668601677,0.4658959537572254,3163,30.92533089200391,0.6352411908357827,0.9977056954541439,29.51992918487992,0.30772899740253745,0.47341040462427747,-0.7325583080708462,-0.031079377463470448,-0.7615210532371854,-0.07953657804114345,True,0.6617601433121683,0.2850592133241737,0.6720588235294118,27.649946977442987,0.9992423631428636,7491
7492.png,0.6798846431146359,0.48210695617209487,0.6505697232772654,0.4840532902704885,0.9917287014061208,0.9994337575086445,27.562610796231727,0.9975618020625693,28.279755175056792,0.45256358498183286,0.40942974009204713,0.7271282617713759,30.112570605335925,0.5234996669948104,2139,4,14,35,19,2.072463768115942,3.5,276,286,553.6343853327421,4.723874714495479,0.03320428218932448,-0.010297175067182307,0.24994223416183914,3.8757973556236e-05,4.5868692600148364e-05,0.0024222850222042625,635.8547210693359,4,14,-10,35,19,2.072463768115942,3.5,4,0,276,286,222,1.9357845641004945,4.723874714495479,553.6343853327421,0.03320428218932448,46049,21.528284244974287,30.638616175783078,256x256,65536,sparse,Otsu,276,4,23,2031,30.40137968979368,0.5717746775961132,28.17976797093995,0.9975159333699691,0.4501412999596286,0.3724927159526593,10,3,0.0,29,2118,30.694268875656867,0.6209578566751067,0.9971519123407886,27.680370537157607,0.5369869316887719,0.4315704481227291,4222,31.212827385111233,0.6744757682379503,0.9986202656381777,30.858307631432687,0.31528322953672205,0.44448930157448524,0.09998720411684303,0.03693702413938782,-0.28880908445775333,-0.04827501060130279,True,0.5630777424255589,0.40942974009204713,0.6901818181818182,27.312668562069888,0.9993949995350883,7492
7493.png,0.6392344497607656,0.2964158863416209,0.45728518057285183,0.2967992240543162,0.9956616052060737,0.9995564709403417,28.508967774064722,0.9961887780303128,28.92209984838172,0.2541168873103003,0.19633392732503807,0.36251127490945073,30.65127223132115,0.5546290189257292,2802,15,31,76,51,2.080402010050251,2.066666666666667,398,414,836.4671458987938,3.468678581355205,0.04886513958357618,0.023624693663204632,-0.30708063099046967,-4.2435997275602766e-05,-0.0008836751043691526,0.016806832347481038,650.5043506622314,15,31,-16,76,51,2.080402010050251,2.066666666666667,15,1,398,414,271,2.0204520432337962,3.468678581355205,836.4671458987938,0.04886513958357618,45271,16.15667380442541,23.38900785153462,256x256,65536,sparse,Meijering,398,15,32,2672,31.40187027974327,0.627263963616074,29.84062706819263,0.997072453134682,0.23731005496281926,0.41530601236092834,6,2,0.19999999999999996,40,2584,31.722083453809155,0.6718676862951896,0.9969786153466969,29.806106827135558,0.20124888898793813,0.24758220502901354,3296,31.634846091133504,0.6636491276873829,0.997497203152592,30.632780916199778,0.14475186550280272,0.24210186976144424,-0.9185272198109118,-0.21897208503589027,-0.7505980484221197,-0.0726349446903447,True,0.5415939886947765,0.19633392732503807,0.615609756097561,28.81604840505519,0.9995989069376173,7493
7494.png,0.7040481400437637,0.38217967599410896,0.5530101225359616,0.3842546890424482,0.9860671310956302,0.9991003904850503,27.521868907340227,0.9956263627083343,28.176125628370798,0.3743236596163306,0.2398851314438999,0.38681290425074544,29.734326901167073,0.5253201339399256,3805,19,51,120,71,2.116788321167883,2.6842105263157894,548,580,1094.8020132543902,3.1214666364401795,0.05503900229861561,0.0013454373410609621,-0.9348837432298183,-0.00022212190684811617,-0.001108536754988454,0.018044360331849918,657.839298248291,19,51,-32,120,71,2.116788321167883,2.6842105263157894,19,1,548,580,357,1.887589678024806,3.1214666364401795,1094.8020132543902,0.05503900229861561,45966,12.080420499342969,17.22365308804205,256x256,65536,sparse,Meijering,548,19,37,3685,30.9366756167981,0.6367813537614269,29.297609163778922,0.9967348994633227,0.35627929928448065,0.4242029361095355,10,5,0.0,40,3606,31.303458299114553,0.6972303772158449,0.9967083390208364,29.13720140533544,0.27661198254820907,0.35233415233415233,541,30.02488810126305,0.5247808538772545,0.9948886855743939,27.26074415286636,0.4530146904576581,0.3616181549087321,-1.1214835354081245,-0.18431780466563563,-1.2023487156310289,-0.11146121982150126,True,0.6201580371486213,0.2398851314438999,0.7027027027027027,28.456752650570046,0.9993225123918984,7494
7495.png,0.5047536732929991,0.37308282208588955,0.5434236246858419,0.388268156424581,0.9051162790697674,0.9991776381905668,28.788694264132854,0.9968443634113613,28.92839482882237,0.2632417363600159,0.17546952549476913,0.3019877692945662,30.37951516061352,0.5324896945084098,2569,12,31,79,45,2.1007957559681696,2.5833333333333335,377,396,780.7664121363747,3.3789357592003415,0.04845700633969492,0.024119870476097705,-0.82236228230094,-0.00018075080464785565,-0.0006784935592071273,0.023496614894464335,619.8654174804688,12,31,-19,79,45,2.1007957559681696,2.5833333333333335,12,0,377,396,253,1.9716323538797287,3.3789357592003415,780.7664121363747,0.04845700633969492,45486,17.705722070844686,25.510315297781236,256x256,65536,sparse,Meijering,377,12,30,2512,31.077241044615587,0.6059498708206065,29.756501397820752,0.9975228569705684,0.23974512146555157,0.15257721714634476,18,2,0.0,35,2526,31.325410275617912,0.6528202276846412,0.9973879711180306,29.617219479506815,0.06338442487606177,0.16690682036503363,3609,31.47643924155343,0.6669286854583071,0.9980001017195165,30.635821693628877,0.07773877702537468,0.1315334595439954,-0.8281065689983826,0.022892308348424373,-0.6977258840020681,-0.0734601763121967,True,0.581048450752361,0.17546952549476913,0.48063380281690143,29.611056546433794,0.9993583889952147,7495
7496.png,0.5910629654705484,0.4408008284432171,0.6118830857690466,0.4421745152354571,0.9930015552099534,0.9992590139167296,27.491635966432636,0.9966326350397041,27.95343260687783,0.35574614065180105,0.3623718483782268,0.6496411626375526,30.679822831539504,0.5733133841703778,2464,6,19,45,27,2.0825396825396827,3.1666666666666665,315,328,668.8219492961168,4.311436230417282,0.03370100382297092,-0.043791806313683956,-0.47088047177833303,-0.00012105723886401965,-0.0005576243946210369,-0.01752255740914077,615.4334545135498,6,19,-13,45,27,2.0825396825396827,3.1666666666666665,6,0,315,328,243,2.0390913088296223,4.311436230417282,668.8219492961168,0.03370100382297092,45157,18.326704545454547,26.5974025974026,256x256,65536,sparse,Meijering,315,6,30,2394,31.46042316021493,0.6266856859945878,28.954268614344535,0.9971902594343252,0.3732686980609418,0.3894122940947261,9,5,0.0,37,2428,31.703825913308528,0.6745799545207161,0.9971011985366482,28.680580269221586,0.3296799539643608,0.3407202216066482,3809,31.960275846935843,0.6917706733689798,0.9982285936163312,31.265796394875892,0.23218812196561156,0.3386426592797784,-1.000836007466706,-0.02704044571649933,-0.7806003286754262,-0.053372301824210044,True,0.5578030907201013,0.3623718483782268,0.6348547717842323,27.96251643821097,0.9993800711555936,7496
7497.png,0.6993970714900948,0.4102263856362217,0.5817879878217548,0.41248037676609106,0.9868544600938968,0.999525983071526,27.36813481626588,0.9978010914534,28.215495342142294,0.3531714956930305,0.302323673928969,0.5287880648272031,30.143128774246478,0.5277220278934591,2467,7,18,45,26,2.0635838150289016,2.5714285714285716,346,357,656.8614004950872,3.7517107452960374,0.0365440240210078,-0.002509340988241404,-0.20630167403429311,-4.042666875714307e-05,-0.00029644542495443904,0.00034575001014197637,590.853214263916,7,18,-11,45,26,2.0635838150289016,2.5714285714285716,7,1,346,357,275,1.8399479005464592,3.7517107452960374,656.8614004950872,0.0365440240210078,45898,18.604783137413865,26.565058775841102,256x256,65536,sparse,Meijering,346,7,27,2383,30.712762652986324,0.5937234505294802,28.53443754770563,0.9980975368783545,0.35282574568288855,0.5132477440400283,5,0,0.3571428571428572,31,2274,30.928814246479828,0.6376666283952798,0.997768537122433,27.94888230120946,0.4037783929655534,0.3593566104354649,3758,31.19322344863018,0.6603826225893061,0.9985926081854013,30.02106537785201,0.41891436633217993,0.35464888191447624,-0.3189422055633351,-0.2109240701110593,-0.5696338787398467,-0.06600142263602105,True,0.5717293827873404,0.302323673928969,0.7019064124783362,27.574436490300172,0.9995664097402831,7497
7498.png,0.7138945927446955,0.518956379942927,0.6833064949006978,0.5208674304418985,0.9929797191887676,0.9992550125302456,27.19299775652169,0.997683681343449,27.856840273274358,0.49938650306748467,0.38121660819385916,0.6867011569458434,30.245450215156552,0.5304292828161851,2074,4,10,30,19,2.0446096654275094,2.5,269,275,577.2743342733941,4.643607457774279,0.03281988183439969,0.014448609365194098,0.2835091363690836,2.9132956756217077e-05,6.117951426132251e-06,0.01984476820660086,598.4251499176025,4,10,-6,30,19,2.0446096654275094,2.5,4,0,269,275,220,2.0991793973577932,4.643607457774279,577.2743342733941,0.03281988183439969,45952,22.15621986499518,31.59884281581485,256x256,65536,sparse,Meijering,269,4,23,1982,30.522469567120574,0.5751903561780255,27.679751570310213,0.9976775633920228,0.4795417348608838,0.3873736058155839,8,4,0.0,30,2062,30.822636961399805,0.6250763602718726,0.9974285541023753,27.266273214508804,0.5717293827873404,0.4867075664621677,4422,31.433451003508914,0.689751397097633,0.9988217807644311,30.673904533100878,0.3559635789168587,0.49795584627964024,0.17708870296414503,-0.006156997621724725,-0.2770193519640216,-0.04476107336184043,True,0.5551419337770589,0.38121660819385916,0.6994459833795014,26.909488620152608,0.9992258795734894,7498
7499.png,0.5097014925373134,0.45665698880132727,0.626993166287016,0.4647530603630224,0.963254593175853,0.9993672972439578,27.89768773866388,0.9972843549183324,28.69549136204245,0.37030788696752426,0.25512991215916725,0.4270129809807222,30.724965415213017,0.5524070992931053,2074,4,20,48,25,2.1142857142857143,5.0,280,296,611.1940657044095,4.55934028838362,0.03935846465205606,0.01669993732736008,-0.365907782188291,-0.00010863066113697695,-0.00016229462101413628,0.04232139477672647,641.8740749359131,4,20,-16,48,25,2.1142857142857143,5.0,4,0,280,296,207,2.064844816568949,4.55934028838362,611.1940657044095,0.03935846465205606,45449,21.913693346190936,31.59884281581485,256x256,65536,sparse,Otsu,280,4,25,2027,31.043210677618646,0.5964956403568425,28.95684150093902,0.9974466495393466,0.3279864921907978,0.29531191028128656,8,3,0.0,33,2056,31.3355221416479,0.6419369665693659,0.9972498112246461,28.698076442491228,0.3092656693626453,0.28619670747150694,4422,31.914204646556627,0.7072828685199173,0.9986214184697121,31.361841772664924,0.25600003092453827,0.33642887294216967,-0.2613501388965709,-0.04018199812211931,-0.3182452624056289,-0.044088541063737274,True,0.597475775966364,0.25512991215916725,0.49300155520995337,28.26359552085217,0.9994759279050948,7499
7500.png,0.6955445544554455,0.49429037520391517,0.6615720524017468,0.49493629532832406,0.9973666886109283,0.9992821221375044,27.486685381685582,0.9967661576519318,28.29679271604139,0.6216127979105452,0.6132589765454988,0.8738338546868486,30.828488707253975,0.5711073048173455,2225,4,7,16,13,2.0216606498194944,1.75,277,280,693.2647284827787,5.576626592594794,0.020621067463582794,-0.0006073695825354886,0.08080339302378903,1.7480066981212516e-05,3.4384620195782034e-05,0.009594509210349322,699.7408866882324,4,7,-3,16,13,2.0216606498194944,1.75,4,0,277,280,248,2.475945458867065,5.576626592594794,693.2647284827787,0.020621067463582794,45542,20.468314606741572,29.45438202247191,256x256,65536,sparse,Otsu,277,4,25,2103,31.071670547157638,0.6104662557639792,28.258905015379796,0.996731773031736,0.6120182887001959,0.5864004909715401,7,8,0.0,32,2034,31.309608556324143,0.6517519924998872,0.9962700244872836,27.78395968110557,0.5363250117609503,0.6114920013059092,4181,31.83223853370581,0.7002354675138778,0.9981164518953219,30.717333670110413,0.6682366393501643,0.5998039856256125,0.03788770066159586,0.026858485573958646,-0.24318183990366293,-0.039358950946633664,True,0.7018027205701126,0.6132589765454988,0.696151924037981,27.405881988661793,0.9992646420705232,7500
7501.png,0.7569965870307167,0.5030864197530864,0.6694045174537988,0.5079859758472925,0.9811888638073739,0.9993853698456554,27.085380799360955,0.9978632621280161,27.808603080254365,0.48500194779898714,0.40547945202980573,0.7223592926584964,30.82420328340463,0.5668307045203946,2121,5,9,23,17,2.029739776951673,1.8,269,273,496.5629929939661,4.668764439657275,0.03370059019151771,-0.0055382319107875055,-0.19440509869399492,-8.314474829940188e-05,-0.000210932184132262,0.01675107128944292,596.7361927032471,5,9,-4,23,17,2.029739776951673,1.8,5,0,269,273,229,1.8189120622489579,4.668764439657275,496.5629929939661,0.03370059019151771,45442,21.424799622819425,30.8986327204149,256x256,65536,sparse,Meijering,269,5,25,2041,31.08648178182936,0.6035519816822499,28.078018933734295,0.9980741943121484,0.4682508765095442,0.4602594223763874,6,3,0.0,32,1950,31.36309887073869,0.6466889540672739,0.9978478966458637,27.674846400210736,0.45845728522436724,0.46396571873782627,4133,31.86535253031201,0.695800182755424,0.9988733588109566,30.876759396249728,0.3009269249934744,0.4659135177249708,-0.2694158534799307,-0.05477997034658166,-0.26227849842473105,-0.03672127716185525,True,0.5613265533520322,0.40547945202980573,0.7625348189415042,27.27978589805495,0.9994685145939548,7501
7502.png,0.6803482587064676,0.4475008386447501,0.6183082271147161,0.4490070683271626,0.9925595238095238,0.9994094462632601,27.861534575620198,0.9971692083653789,28.189966062243215,0.4521972492452197,0.35488928988954194,0.5169441313589281,30.243455036988728,0.5393928803495229,2485,4,25,60,25,2.128440366972477,6.25,327,348,646.4151253450084,4.32028356786897,0.03505331785719328,-0.010353828580059843,0.09208097669350224,-3.0647102480352295e-05,-0.00022935924098477223,0.004873115956764651,583.1828117370605,4,25,-21,60,25,2.128440366972477,6.25,4,2,327,348,242,1.8575147280028947,4.32028356786897,646.4151253450084,0.03505331785719328,45835,18.44466800804829,26.372635814889335,256x256,65536,sparse,Meijering,327,4,27,2465,30.747371499871964,0.6025990121576552,28.575031888523444,0.9973985676063637,0.44732413328845505,0.48462327601727084,7,2,0.625,32,2436,31.066980062840564,0.6505013708954511,0.9969737349473613,28.02531231016615,0.530772083864004,0.43943472409152085,3634,31.269339607097145,0.6627252807601063,0.9980766915122673,29.97251009150398,0.31025172819669167,0.4281386738471895,-0.3850658262802291,-0.1297339861277289,-0.503916462883236,-0.06320613180813228,True,0.6865138191173947,0.35488928988954194,0.6907020872865275,27.769453598926695,0.9994400933657405,7502
7503.png,0.6047540077390824,0.5295708009462656,0.6924436588599204,0.5414651002073255,0.960171568627451,0.9989645423519211,27.641167288611157,0.9965644410638799,28.477695695726112,0.4391845196959226,0.3573931819276064,0.47833528104657125,31.452421662862818,0.6041956885904352,2525,4,21,48,21,2.096045197740113,5.25,354,371,769.7206091895821,4.33327644086827,0.03477893442524744,0.007655793453368087,-0.4792437925224746,-0.00015079239725757088,-0.0003619935666829832,0.01416724257083618,672.8742122650146,4,21,-17,48,21,2.096045197740113,5.25,4,1,354,371,285,2.0747186231525094,4.33327644086827,769.7206091895821,0.03477893442524744,44876,17.772673267326734,25.954851485148517,256x256,65536,sparse,Otsu,354,4,30,2443,31.78173498635552,0.6487248003031646,28.868527912971828,0.9969264346305629,0.4250172771250864,0.40547945202980573,8,0,0.0,41,2494,32.196366314894824,0.6971351364215047,0.9968087977771277,28.748999754302112,0.44428516333642853,0.43020041465100206,3423,32.25821898299912,0.6944217155787686,0.9978676623511191,31.220734502956425,0.2973224312827796,0.4229440221147201,-0.39083221724571615,-0.04808627010219935,-0.3293133234927019,-0.04452911171272944,True,0.7471604041952535,0.3573931819276064,0.5970982142857143,28.120411081133632,0.9991153347491787,7503
7504.png,0.7498272287491361,0.41000994365263504,0.5815702867889045,0.4102819237147595,0.9983857949959645,0.9995245237849328,27.273539586004357,0.9972202867479697,28.194368932265803,0.42838196286472147,0.43163985324245946,0.645405018983331,31.047259719557868,0.5818948395584057,2410,4,11,30,18,2.043887147335423,2.75,319,326,561.4126709598219,4.724494130260145,0.020940238441238726,0.003132726313506362,-0.12417924957085447,-3.00677458118237e-05,-0.00018421966330095518,0.006823090559580525,603.743314743042,4,11,-7,30,18,2.043887147335423,2.75,4,0,319,326,271,1.7221247575454635,4.724494130260145,561.4126709598219,0.020940238441238726,45265,18.782157676348547,27.19336099585062,256x256,65536,sparse,Meijering,319,4,28,2380,31.36680383196409,0.6290363811041413,28.486995374106996,0.9974045064112707,0.42155887230514094,0.6753475326416503,4,0,1.0,37,2392,31.689628018361606,0.6760992875345649,0.9973642480554337,28.376737037321227,0.5446398645695487,0.4041777188328912,3859,32.01384500702405,0.6950948868675504,0.9985796235236724,31.201852346117068,0.4140644360293101,0.41824212271973465,-0.29262644184119324,-0.2437076793991908,-0.3195441124062235,-0.04714154154573558,True,0.668789117758019,0.43163985324245946,0.7466945024356297,27.397718835575212,0.9995545915307447,7504
7505.png,0.7871443624868283,0.49061743341404357,0.658274111675127,0.49151000606428136,0.9963122311001844,0.9989839870089655,27.220441272319107,0.9969641614783499,28.05179895502161,0.5319213313161876,0.4356044818806416,0.7784651962327841,30.518234539990242,0.5588362417196497,2646,5,17,43,25,2.0710059171597632,3.4,338,350,627.6259639162623,4.5234253339513515,0.029438134808811033,-0.013067614195736654,-0.19061489501560303,-8.484781965056865e-05,-0.00019105617921688633,-0.0038362444413881924,579.986572265625,5,17,-12,43,25,2.0710059171597632,3.4,5,0,338,350,270,1.7932170397607465,4.5234253339513515,627.6259639162623,0.029438134808811033,45699,17.27097505668934,24.767951625094483,256x256,65536,sparse,Meijering,338,5,28,2556,30.963570763755328,0.618617952116796,28.276329158679147,0.9971552176575668,0.5357575757575758,0.5296535434725775,7,2,0.0,33,2424,31.17183318087458,0.6596647979431901,0.9967001230975345,27.67501207320855,0.6246889011486004,0.5453720508166969,3452,31.348955619876413,0.6617603374671867,0.9978637084921674,29.77803301538224,0.38121660819385916,0.5233333333333333,-0.22453020365753673,-0.09404906159193593,-0.44533622376508575,-0.059781710397146304,True,0.5595683454940007,0.4356044818806416,0.8002119766825649,27.41105616733471,0.9990688348286161,7505
7506.png,0.6153144940747494,0.3410033949453037,0.5085794655414909,0.34957463263727767,0.932920536635707,0.9993064318586581,27.572958682994454,0.9970494123892365,28.29251018120243,0.3039630627164294,0.26987932811252946,0.5469976143007058,30.26555440631093,0.5315279029500578,2510,12,25,65,42,2.074712643678161,2.0833333333333335,348,361,714.2512150927483,3.6521883932338364,0.03964916970083667,-0.00035714771629535846,-0.9094566972823657,-0.000256807083252375,-0.0006011497549195388,0.008912792028107686,632.239818572998,12,25,-13,65,42,2.074712643678161,2.0833333333333335,12,0,348,361,241,1.978535221863565,3.6521883932338364,714.2512150927483,0.03964916970083667,45696,18.20557768924303,26.10996015936255,256x256,65536,sparse,Meijering,348,12,29,2503,30.93946835534858,0.6030258908611104,29.15219491119229,0.997650562144156,0.29505027068832174,0.45337922580540235,5,4,0.0,34,2438,31.175831330344067,0.6462465745761555,0.997595196873968,28.962072719642865,0.35853457917268017,0.2672080433101315,3661,31.39524236292104,0.6666462607404668,0.9983065254244252,30.622046207753236,0.32463365364741537,0.28963650425367365,-0.8596847299898585,-0.1834998976928729,-0.6739139490376509,-0.07149798791105255,True,0.49338300763441045,0.26987932811252946,0.6156716417910447,28.48241538027682,0.9995632389419105,7506
7507.png,0.5595621377978107,0.5032774945375091,0.6695736434108526,0.5084621044885945,0.9801418439716312,0.9986026698086988,28.723973893218428,0.9965782921430054,29.294766881219545,0.3688073394495413,0.3961590505468965,0.6360857205485028,31.683944886593526,0.604405995513261,2254,6,23,49,26,2.107255520504732,3.8333333333333335,317,334,614.6444355361916,4.73107602430819,0.03327870107273532,0.0031518813875542895,-0.22433214282265013,-0.00010433671447385162,-0.00036456101540194297,-0.0057327635673828925,658.6740016937256,6,23,-17,49,26,2.107255520504732,3.8333333333333335,6,1,317,334,242,1.840252801006559,4.73107602430819,614.6444355361916,0.03327870107273532,44599,19.786601597160605,29.075421472937002,256x256,65536,sparse,Meijering,317,6,30,2226,32.00885234246617,0.6464940163223982,29.632105294516762,0.9969428531584074,0.3745401030169242,0.41725174762601036,8,3,0.0,41,2022,32.27439798097471,0.6799820476568399,0.9965284004538444,29.296487421115188,0.446464046015712,0.3773446119897021,4164,32.69700914130172,0.7291024317317752,0.998007056994152,31.65104721049302,0.2806532458486294,0.35724797645327444,-0.3373384132972177,-0.021092697079113876,-0.32490745587264414,-0.042088020809137205,True,0.622807646436843,0.3961590505468965,0.5564102564102564,28.948306036041078,0.9987070065231727,7507
7508.png,0.6990788126919141,0.4141702330004755,0.585743106926698,0.4145644930985245,0.997709049255441,0.9995970188712171,27.23304506340892,0.9978037193221007,28.448707046402095,0.37458353165159447,0.4555613417607829,0.8793075599595882,31.69625479386458,0.6058664325117504,1810,4,7,19,15,2.024489795918367,1.75,245,248,466.29791841192326,4.774584828104292,0.022352106338636626,-0.011258955987717423,0.3659324807381772,3.659217068163745e-05,4.051038437224985e-05,-0.005235602094240843,624.2952346801758,4,7,-3,19,15,2.024489795918367,1.75,4,0,245,248,211,1.880233541983561,4.774584828104292,466.29791841192326,0.022352106338636626,44662,24.67513812154696,36.20773480662984,256x256,65536,sparse,Otsu,245,4,25,1806,31.82310137448399,0.6309806325121748,28.191124701892207,0.9977632089377284,0.3798191337458353,0.3934693402873666,6,1,0.25,35,1648,32.08525432755499,0.6617055649382129,0.9976438506433534,28.177563844316293,0.36871635449307405,0.37363160399809614,5225,33.097455671761594,0.7544248735246729,0.9991778381250361,33.26377840431803,0.2500076763911101,0.37648738695859113,0.2575823445098884,0.062092001473416314,-0.1268465806194108,-0.025114200000424414,True,0.5180910099097975,0.4555613417607829,0.7103377686796315,26.867112582670742,0.9995604267005355,7508
7509.png,0.5074862096138691,0.40951029098651526,0.581067472306143,0.41451149425287354,0.9713804713804713,0.9991884727502279,27.70702618521359,0.9969770509429797,28.331863440409094,0.2586083213773314,0.19926259708319194,0.4005924313993716,30.288422647676114,0.5339165171841848,2550,8,32,73,39,2.13953488372093,4.0,344,368,729.9113213251396,4.006777285836463,0.03744402171813839,-0.011238889987724487,-0.4320837495804781,-0.00015451998265103573,-0.0004770685659788443,0.0007060225267567222,617.0682907104492,8,32,-24,73,39,2.13953488372093,4.0,8,1,344,368,232,1.983454677513962,4.006777285836463,729.9113213251396,0.03744402171813839,45742,17.938039215686274,25.700392156862744,256x256,65536,sparse,Meijering,344,8,29,2543,30.920978419406335,0.6043723592517393,28.90227813146534,0.9974541195089586,0.2579022988505747,0.2905982950903464,6,2,0.375,35,2540,31.190443692660637,0.6536468967871518,0.9972190337913318,28.560596178373014,0.2683843710533581,0.2542190305206463,3615,31.317212375363475,0.660152052630178,0.9981145379576889,30.2790910870907,0.17657739294572572,0.26436781609195403,-0.5704146910562464,-0.09133569800715446,-0.632555771730221,-0.07045584206755451,True,0.49741977497457157,0.19926259708319194,0.5187250996015936,28.139109934794067,0.999342992732879,7509
7510.png,0.582089552238806,0.44048903272204243,0.6115826260609086,0.4448075526506899,0.9784345047923323,0.9993141955190387,27.568190417822557,0.9971952894692132,28.111089982596013,0.31231884057971016,0.3084977602358697,0.4659395746184755,30.16273369797464,0.5311565389475102,2608,8,26,59,35,2.100558659217877,3.25,358,376,683.1563879713509,3.781743340319095,0.03460400454279228,0.0027065575059240787,-0.0945958689003561,-6.578586574923495e-05,-0.00034886760010277573,0.00476618988980454,622.178316116333,8,26,-18,59,35,2.100558659217877,3.25,8,0,358,376,264,1.8169052871578442,3.781743340319095,683.1563879713509,0.03460400454279228,45829,17.572469325153374,25.12883435582822,256x256,65536,sparse,Meijering,358,8,28,2572,30.775206147003423,0.6014842127129497,28.501950798161765,0.997544157069316,0.3075526506899056,0.3346885486019716,8,2,0.0,33,2560,31.059787318539428,0.6522833819468891,0.9974913159809963,28.19386450095827,0.47481253293256387,0.2915758896151053,3676,31.247145615729796,0.658245231190851,0.9983550450481307,30.49312638384352,0.2972311685296489,0.3104575163398693,-0.3908608155657518,-0.02619078836610189,-0.6124724490287825,-0.07032767376543947,True,0.6620982141052869,0.3084977602358697,0.5793829947328819,27.662786286722913,0.9993799813847879,7510
7511.png,0.7388465723612623,0.4178082191780822,0.5893719806763285,0.41824894514767935,0.9974842767295597,0.9995424980189401,27.199556811756004,0.9981665601140675,28.51936696020225,0.42352320675105487,0.4674081989931028,1.0175224442494493,31.35546386635952,0.5813066981972459,1771,5,13,30,20,2.065040650406504,2.6,246,254,477.6606469474133,4.6088176544119674,0.019345261615994102,-0.002627575053479214,-0.31364077695948467,-3.5195429595513694e-05,-1.2803825596097163e-05,0.007911392405063333,580.8007717132568,5,13,-8,30,20,2.065040650406504,2.6,5,0,246,254,196,1.8805537281394205,4.6088176544119674,477.6606469474133,0.019345261615994102,44941,25.37605872388481,37.00508187464709,256x256,65536,sparse,Meijering,246,5,24,1712,31.50276864237169,0.6081944688662022,28.51611705393315,0.9981793639396636,0.41561181434599154,0.5180910099097975,4,5,0.0,33,1610,31.73715420616047,0.642838351211833,0.99810304786511,28.241932268380378,0.4539255733602906,0.4098101265822785,5354,32.750784427996265,0.7492745066056448,0.9991697157578776,31.982009361328632,0.43823219154052084,0.41486557722720085,0.003249906269100933,-0.05068281091669469,-0.14730477601217018,-0.026887770668956312,True,0.4593591046906834,0.4674081989931028,0.7414741474147415,27.51319758871549,0.9995776934485356,7511
7512.png,0.626633478531425,0.5378271782000718,0.6994637444625786,0.5403458213256485,0.991407799074686,0.9991605239735774,27.772078910071343,0.9972989549540678,28.31471337668086,0.3966138328530259,0.37966771440382163,0.5480815092020239,30.975704123601094,0.5750171637113767,2482,6,16,39,24,2.058651026392962,2.6666666666666665,341,351,597.1009807865479,4.082878682620365,0.033684386529308025,-0.014899277958068113,-0.31039837203091736,-0.0001024700870629891,-0.0003772658758006697,-0.015129682997118143,604.7632694244385,6,16,-10,39,24,2.058651026392962,2.6666666666666665,6,0,341,351,278,1.701142395403268,4.082878682620365,597.1009807865479,0.033684386529308025,45234,18.22481869460113,26.404512489927477,256x256,65536,sparse,Meijering,341,6,30,2479,31.465384444855232,0.631168835308769,28.811874434839922,0.9976762208298685,0.41174351585014407,0.26115466289288447,15,3,0.0,37,2334,31.68676274246588,0.6716567371024607,0.9974957666853653,28.551613283700252,0.5000930677240176,0.39121037463976943,3726,31.917845276423307,0.688261833663856,0.9984769966992237,30.995601636188518,0.2357718348285095,0.401657060518732,-0.49716105815906175,0.11851305151093716,-0.48968032125413785,-0.056151671597392316,True,0.6927212613988687,0.37966771440382163,0.6415327564894932,28.08247728210226,0.9992629940606403,7512
7513.png,0.7163865546218487,0.4252023935234073,0.59669054087429,0.42595204513399154,0.9958779884583677,0.9993799772191565,27.498474923098463,0.9972154604880621,28.44758922020766,0.43653032440056416,0.4801867748259607,0.7059691320804284,31.73599208999932,0.6165470643547154,2329,4,19,36,19,2.0955414012738856,4.75,314,329,559.1464776000539,4.639691680859608,0.03283111912697976,0.0022031735330235724,-0.40892569591590444,-0.00010336886126971478,-0.00044840144965785367,0.020451339915373734,596.6348648071289,4,19,-15,36,19,2.0955414012738856,4.75,4,0,314,329,259,1.6995333665655112,4.639691680859608,559.1464776000539,0.03283111912697976,44682,19.185057964791756,28.139115500214686,256x256,65536,sparse,Meijering,314,4,31,2322,32.11101224122277,0.6587981163672146,28.959512815343565,0.9976638619377199,0.41607898448519043,0.598280019902414,5,2,0.0,41,2326,32.38027469994425,0.6993050543515261,0.9975766436355237,28.935467886241327,0.4593591046906834,0.42791681353542477,3845,32.629754146406846,0.7179987641964344,0.9985631359742565,31.547392574140588,0.42993221262198655,0.41361071932299015,-0.5119235951359045,-0.11809324507645325,-0.37502015122344545,-0.042251052012499235,True,0.680180978183696,0.4801867748259607,0.7141833810888252,27.907400619014368,0.9994833460804262,7513
7514.png,0.628361858190709,0.5245235863792564,0.6881147540983606,0.5417876734430461,0.9427288040426727,0.9984265985356009,27.573152950288033,0.9962121346802394,28.27708319573613,0.4840357598978289,0.30655750075979105,0.4457298425852048,30.219887237762922,0.5395496984361408,2788,8,32,76,33,2.1266490765171504,4.0,379,403,767.2787452757082,3.686867517657519,0.042260443392679425,0.010597387132824765,-1.3851822494077055,-0.00046169448497834775,-0.0006700788803134516,0.02062112575148739,640.52414894104,8,32,-24,76,33,2.1266490765171504,4.0,8,1,379,403,270,1.9039174820737135,3.686867517657519,767.2787452757082,0.042260443392679425,45593,16.353299856527975,23.506456241033,256x256,65536,sparse,Meijering,379,8,31,2786,31.032619896510184,0.6184039688796938,29.141177843883845,0.9968822135605528,0.4634146341463415,0.2767497576201575,25,13,0.0,36,2724,31.291672298529356,0.6648169545456131,0.9965511087232838,28.561926026633422,0.04117121535883206,0.47191011235955055,3319,31.29539782244681,0.6536442483285322,0.9975271984551827,29.989914190628003,0.05910305229041679,0.4667268894911171,-0.8640946481477165,0.029807743139633525,-0.8127326587472616,-0.07885427044355309,True,0.6877652592919895,0.30655750075979105,0.6177644710578842,28.95833519969574,0.9988882930205792,7514
7515.png,0.5446247464503042,0.5573003675242232,0.7157262390045055,0.5640852215082854,0.9788732394366197,0.9984782299244572,28.284494751837247,0.9959082919245956,28.893599083020305,0.45040485829959515,0.21155474768608062,0.31477392811385413,31.140170551519304,0.580053664297141,2112,4,17,36,19,2.0912280701754384,4.25,285,298,583.3139953882937,5.14188097443497,0.029784412086976603,0.0045425265119691804,-0.29765812861917595,-0.0001553483037264325,-0.00031184286534990946,0.013137357454143683,639.6527290344238,4,17,-13,36,19,2.0912280701754384,4.25,4,0,285,298,230,1.9574295147258163,5.14188097443497,583.3139953882937,0.029784412086976603,45073,21.341382575757574,31.03030303030303,256x256,65536,sparse,Otsu,285,4,27,2065,31.48429234102066,0.6207474965276191,29.126679727572167,0.9962201347899455,0.43726750084545146,0.34704691655666964,16,12,0.0,34,1918,31.642294990086594,0.653281295414338,0.9957221233904339,28.772654926877898,0.37151583391064846,0.43137254901960786,4362,32.255389861964964,0.7186412875485751,0.997736740977526,31.43712849282985,0.16690591469816896,0.43122049898853676,-0.23308064455186184,-0.135492168870589,-0.3441217895013544,-0.040693832230478066,True,0.6720847211004115,0.21155474768608062,0.540082219938335,28.582152880456423,0.9986335782281837,7515
7516.png,0.6604673342870768,0.5613238157040883,0.7190357439733998,0.5737976782752903,0.9627156371730662,0.9985656793602425,27.800984704926858,0.995463881096321,28.47853513800979,0.5573227302849569,0.4659536933842613,0.6611430732649192,30.81074545016911,0.5650830554164613,2252,4,16,36,20,2.079734219269103,4.0,301,313,640.0180145521276,5.053899724618145,0.03134693572383288,0.023251144751045283,-0.4231844909635676,-0.00023376290996490745,-0.000414348208861548,0.05317679330319902,638.3106708526611,4,16,-12,36,20,2.079734219269103,4.0,4,0,301,313,245,2.04478598898443,5.053899724618145,640.0180145521276,0.03134693572383288,45398,20.158969804618117,29.101243339253998,256x256,65536,sparse,Otsu,301,4,27,2175,31.18254859722828,0.6098758927951735,28.790612060639358,0.9958782293051825,0.5041459369817579,0.504516993877097,9,13,0.0,35,2244,31.426068488320198,0.6564364565268729,0.9952893857073839,28.345054529311188,0.374516775782361,0.5348760330578513,4042,31.788523363425377,0.6922177244847726,0.9975608460360524,31.080312072997387,0.2766384797924857,0.5097649784839458,-0.31207692262956854,-0.03856330049283574,-0.3718031470591683,-0.0447928373787122,True,0.7047698330759857,0.4659536933842613,0.6372161895360315,28.224169195890425,0.9987994422702074,7516
7517.png,0.5125272331154684,0.670299727520436,0.8026101141924958,0.6737089201877934,0.992507204610951,0.9984053847889583,27.588939327764518,0.9965985887014449,27.720834400640438,0.4049199531433034,0.25041480150023177,0.37259409958051853,31.39912957963487,0.613389458339533,2456,4,19,40,17,2.08955223880597,4.75,335,350,687.8457954284817,4.451207843111522,0.018904393098207684,-0.026440933734147354,-0.7706926896294632,-0.00031134317642267373,-0.000793857173350565,-0.013311658750280286,718.1217670440674,4,19,-15,40,17,2.08955223880597,4.75,4,1,335,350,278,1.9652737012242292,4.451207843111522,687.8457954284817,0.018904393098207684,44550,18.139250814332247,26.684039087947884,256x256,65536,sparse,Otsu,335,4,32,2447,32.046445330631606,0.6572991288805865,28.796600131172102,0.9973924458747955,0.4182316118935837,0.2563984955954052,16,4,0.0,43,2328,32.34327058899928,0.6970658740705578,0.9970210285850978,28.879059156760164,0.27385096292630906,0.39280125195618154,3672,32.484831342009755,0.7060132956194389,0.998376508996143,31.41101819073681,0.22473118720163066,0.42331768388106417,-1.0757657305316641,-0.0059836940951734086,-0.6473157509967358,-0.04390967054105355,True,0.6720847211004115,0.25041480150023177,0.5389681668496158,28.35963201739398,0.998716727965381,7517
7518.png,0.6297770700636943,0.4595852729581041,0.6297477529718759,0.4609507640067912,0.9935956084172004,0.999493049413284,27.09340064739299,0.997956239057561,27.798218301618498,0.4007617435463394,0.18243802724170044,0.34576660784006735,30.682843667284196,0.5548978871801751,2119,4,15,36,20,2.078291814946619,3.75,281,292,517.5272904878241,4.606338425038972,0.030048450900712675,-0.0126765215424397,0.02789314055984704,-1.1357697580094417e-05,-0.00019754040191544142,0.0009315228332664183,592.1149253845215,4,15,-11,36,20,2.078291814946619,3.75,4,0,281,292,225,1.7723537345473412,4.606338425038972,517.5272904878241,0.030048450900712675,45463,21.45493157149599,30.92779613025012,256x256,65536,sparse,Meijering,281,4,25,2090,31.000302302458415,0.6001016460507459,28.07820074113102,0.9981537794594765,0.399830220713073,0.3644937371043776,6,3,0.0,31,1952,31.248588180176316,0.6376028099605622,0.9979591581429883,27.855732743036032,0.4015027407342352,0.3769100169779287,4187,31.781673545898464,0.6955687427455844,0.998987644489701,31.154654912636545,0.32669412349588467,0.3938879456706282,-0.2799824395125228,-0.18205570986267716,-0.31745863517421924,-0.04520375887057082,True,0.5276334472589853,0.18243802724170044,0.642453591606134,27.065507506833143,0.9995044071108641,7518
7519.png,0.685064935064935,0.42618065107748737,0.5976531104324063,0.4289340101522843,0.9851616322204557,0.9986679642117587,27.977076754189405,0.9947968247597617,28.359722012120073,0.39385602934433744,0.16972640501806735,0.25806961928805466,29.845744875482726,0.5337605766931773,3986,17,57,136,72,2.1413427561837457,3.3529411764705883,566,606,1180.85069107153,3.324163698686728,0.0497992113170215,-0.005537474573619194,-0.9229238484812754,-0.00032220415985761974,-0.0014055195206489346,0.021736213676134652,771.8460559844971,17,57,-40,136,72,2.1413427561837457,3.3529411764705883,17,1,566,606,358,1.9485985001180333,3.324163698686728,1180.85069107153,0.0497992113170215,45778,11.48469643753136,16.44154540893126,256x256,65536,sparse,Meijering,566,17,40,3942,31.15109502245621,0.6486134745614919,29.664104969087642,0.9962023442804107,0.3721198156682028,0.32361984396071086,20,11,0.0,43,3910,31.56102372685035,0.7125081623933127,0.9960312058283108,29.488305520823253,0.08564164428304288,0.37717514124293783,539,30.120712769551716,0.5300147654115376,0.9929920083049472,27.29612302041354,0.43163985324245946,0.37580496780128797,-1.3043829569675687,-0.1538934389426435,-1.3053501469734847,-0.11485289786831454,True,0.657676814056212,0.16972640501806735,0.6906024096385542,28.90000060267068,0.9989901683716164,7519
7520.png,0.6791237113402062,0.5162028211971026,0.680915262760875,0.5187739463601533,0.9904901243599122,0.9993838344619294,27.231838426545583,0.9972579138004182,27.89504235241698,0.4747126436781609,0.38890325893794775,0.5677896756170406,30.045562811688875,0.5235386555081506,2181,4,14,37,20,2.06993006993007,3.5,286,296,625.306065691065,4.807360290230571,0.040366410599899635,0.002461390610088876,-0.010465181298275894,-1.208244649775203e-05,-3.222780310574436e-05,0.013026819923371624,682.8598976135254,4,14,-10,37,20,2.06993006993007,3.5,4,0,286,296,229,2.1125204921995393,4.807360290230571,625.306065691065,0.040366410599899635,46056,21.11691884456671,30.048601558917927,256x256,65536,sparse,Otsu,286,4,23,2063,30.3774133572527,0.5721619193335629,27.90555607429033,0.9972901416035239,0.4616858237547893,0.5164819663601022,6,2,0.0,29,2000,30.637665269624854,0.6177783464042882,0.9970380845579022,27.5255329121227,0.39042909270369075,0.44329501915708813,4226,31.210327271649582,0.6751438540216305,0.9984860981453852,30.76088903203975,0.3958906171441353,0.45938697318007665,-0.010513721873351756,-0.1275787074221545,-0.33185054556382454,-0.048623263825412266,True,0.6849424630965867,0.38890325893794775,0.6766623207301173,27.24230360784386,0.9993959169084271,7520
7521.png,0.7678571428571429,0.5281735751295337,0.6912481457936004,0.5288586251621271,0.9975535168195718,0.9990249509775452,27.193941056194575,0.9962789110941624,27.929411133269618,0.5897767712714332,0.5276334472589853,0.7721127266088701,30.9188350889014,0.577071516615518,2333,4,12,31,19,2.0549828178694156,3.0,291,299,624.6196899606109,5.308288945365198,0.029447995098589523,-0.005322532365486743,-0.2129356066846526,-5.465019138906069e-05,-0.0002940375517460625,0.022331894488035076,644.2313194274902,4,12,-8,31,19,2.0549828178694156,3.0,4,0,291,299,241,2.089029063413412,5.308288945365198,624.6196899606109,0.029447995098589523,45379,19.450921560222888,28.09087012430347,256x256,65536,sparse,Otsu,291,4,27,2294,31.207451766086635,0.6205610121422116,28.23096153208331,0.9965729486459085,0.5674448767833982,0.57562715432305,7,7,0.0,35,2230,31.486639561625847,0.6646232241309619,0.996317942513612,27.89308972650188,0.6321205588285577,0.5567444876783398,4075,31.888961198510515,0.6958432965728906,0.998359737671714,31.257503885800062,0.41725174762601036,0.5457198443579766,-0.30155039881369206,-0.047993707064064695,-0.2886166771852352,-0.04348949552669357,True,0.6833632306209467,0.5276334472589853,0.7731796752226296,27.406876662879228,0.9990796011689342,7521
7522.png,0.5883940620782726,0.30994303469704815,0.47321605060288596,0.31450341565948503,0.9553072625698324,0.9989647286111322,26.760816259215225,0.9956480699196193,28.210598168286435,0.2791970802919708,0.21268781721837227,0.31569161132605333,29.826930035475065,0.5280437568906148,3765,20,51,120,69,2.1148148148148147,2.55,540,571,1093.0075456670556,2.998265532211021,0.049452728183884194,0.0038222290987962593,-2.068830832355644,-0.00044586274430380435,-0.0014637093765436093,0.020132445504792706,699.1567611694336,20,51,-31,120,69,2.1148148148148147,2.55,20,3,540,571,351,1.914198854057886,2.998265532211021,1093.0075456670556,0.049452728183884194,45790,12.162018592297477,17.4066401062417,256x256,65536,sparse,Meijering,540,20,38,3739,31.135213678109995,0.6408185326283072,29.77429770608911,0.9971117792961629,0.2590646347871781,0.43163985324245946,8,5,0.3666666666666667,41,3724,31.544124599974687,0.7040643715073726,0.9970742351815043,29.684846858395744,0.10042543532336023,0.24152321335419927,541,30.205056176643758,0.5287219647658519,0.9953225561742893,27.639346804497094,0.47059418229130545,0.25735294117647056,-1.5636995378026768,-0.2189520360240872,-1.3082836426349296,-0.11277477573769246,True,0.6737202053769605,0.21268781721837227,0.5845718329794763,28.82964709157087,0.999410591355436,7522
7523.png,0.7667953667953668,0.4716069271043093,0.6409414340448822,0.4725585149313963,0.9957482993197279,0.9994688329561993,27.1506718597809,0.9978780791628251,28.230955875895063,0.4487489911218725,0.5053970700329431,0.8430543565158294,31.180385211997,0.5812205014094626,2180,4,11,29,18,2.04778156996587,2.75,293,300,511.0621459134868,4.623648488887747,0.025973088251573052,0.003900832538245913,-0.14931856599442384,-3.115366026562594e-05,-0.00018104605725244305,-0.0008071025020177092,583.2340717315674,4,11,-7,29,18,2.04778156996587,2.75,4,0,293,300,246,1.7035404863782881,4.623648488887747,511.0621459134868,0.025973088251573052,45123,20.69862385321101,30.06238532110092,256x256,65536,sparse,Meijering,293,4,27,2086,31.484808735480346,0.6220265370747181,28.41463488078075,0.9980591252200776,0.4495560936238902,0.3986459573183786,7,1,0.125,35,1972,31.680275507343225,0.6578576193664165,0.997925269350342,28.2393735669466,0.40942974009204713,0.4281678773204197,4132,32.17798705509359,0.7065738186844918,0.9989056653504887,31.27074908823542,0.4304206328011876,0.4426957223567393,-0.18367900488568623,0.1067511127145645,-0.3044235234833472,-0.040806035665255536,True,0.5994833739091812,0.5053970700329431,0.7628945342571208,27.299990425775324,0.9994999866164649,7523
7524.png,0.7447916666666666,0.5327604726100966,0.6951646811492642,0.5387400434467777,0.9795918367346939,0.999015967272847,28.061991405259874,0.996955564077641,28.571636435398258,0.5349675558759913,0.3188685728204529,0.5464245406567865,30.240965679771286,0.5328347175894517,2328,5,13,34,22,2.049079754601227,2.6,326,334,642.5617960532578,4.205243333717065,0.03193111132359862,0.018206442699243763,-0.26984141758085656,-0.00016532887593745382,-0.00015961823868870795,0.010899513892639878,599.7178554534912,5,13,-8,34,22,2.049079754601227,2.6,5,0,326,334,270,1.9238377127343027,4.205243333717065,642.5617960532578,0.03193111132359862,45763,19.657646048109967,28.151202749140893,256x256,65536,sparse,Meijering,326,5,25,2160,30.72431728401871,0.5868022138045914,28.8332488885746,0.9971151823163297,0.5240680419833514,0.4996763049867655,8,6,0.0,32,2284,30.988292600117838,0.6395317387480843,0.9966269647030042,28.09701887882698,0.06542142616246871,0.5040223854494579,4024,31.37832963585096,0.6795082582913735,0.9980640357587296,30.498774402364536,0.0441390794811215,0.5193569553805775,-0.26161245317634396,-0.18080773216631263,-0.4833516042474244,-0.05396749621513974,True,0.5835546339796198,0.3188685728204529,0.7265852239674229,28.33183282284073,0.9991812961487845,7524
7525.png,0.5680289705121573,0.5184039591710485,0.6828274597677735,0.5392535392535392,0.9305941143808995,0.9981163052200539,27.509318896790692,0.9962251008673088,28.309539054112058,0.3899391220762576,0.21468209343657474,0.3072128152000969,30.357973383911506,0.5446252928057665,2736,10,24,61,35,2.0748663101604277,2.4,374,388,778.0564430667823,3.737510901402662,0.0481278700239266,0.020372309111420073,-0.964879830131661,-0.0004435330663116188,-0.0005636555807789767,0.02466581017915148,635.1020336151123,10,24,-14,61,35,2.0748663101604277,2.4,10,2,374,388,278,2.005300110996858,3.737510901402662,778.0564430667823,0.0481278700239266,45639,16.68092105263158,23.953216374269005,256x256,65536,sparse,Meijering,374,10,30,2658,31.048875813854654,0.6163908459687083,28.973129234536717,0.9967887564480877,0.3652733118971061,0.2907373798276539,17,7,0.0,36,2710,31.33667409489732,0.6676190160992541,0.9966132852300822,28.73329885306573,0.24873738405311396,0.3309791332263242,3352,31.348257727580954,0.6566764776058583,0.9975630642053589,30.04329475336833,0.21631646934254278,0.4005126561999359,-0.6635901804246593,-0.07605528639107917,-0.6909024299431472,-0.07176555316294175,True,0.6988057880877979,0.21468209343657474,0.5476566614007372,28.474198726922353,0.9985598382863655,7525
7526.png,0.6858661940629154,0.4590863453815261,0.6292792017890934,0.47078507078507076,0.9486514522821576,0.9979815241611449,27.462551192998156,0.9953178468589908,28.501097787246717,0.4702730288338862,0.3409790800558794,0.5262377621275641,30.20519376358653,0.5473146925721819,3299,15,29,75,50,2.062222222222222,1.9333333333333333,450,464,927.9573976883707,3.453879073990716,0.051386095204847465,-0.004192285469248325,-1.3941440880236229,-0.0006283072412511803,-0.0009570284407897089,0.0070207881168567465,656.8312644958496,15,29,-14,75,50,2.062222222222222,1.9333333333333333,15,1,450,464,325,1.9999081846732074,3.453879073990716,927.9573976883707,0.051386095204847465,45573,13.814186117005153,19.865413761745984,256x256,65536,sparse,Meijering,450,15,35,3296,31.218718307700723,0.6395615881528786,29.40533382753799,0.9962748752997805,0.4632522407170295,0.31678957732505186,21,14,0.0,40,3208,31.519288957250808,0.6916951127751683,0.9960055630088498,29.108659932666892,0.11002833742449891,0.4753240279162512,606,30.386660949599474,0.5455831740031198,0.9938930528060153,27.574236340082315,0.5090576499536068,0.47213031305675746,-0.9042360402912735,0.02418950273082754,-1.013524544114194,-0.09224689558069665,True,0.6479563128980155,0.3409790800558794,0.6900584795321637,28.85669528102178,0.9986098314023961,7526
7527.png,0.7308730873087309,0.3180338541666667,0.48258829340577925,0.31876019575856446,0.9928861788617886,0.9995905801636846,27.777623751087084,0.9971892899824516,28.662825279348514,0.3042345276872964,0.3630799306503629,0.5996897443590055,30.492677048228582,0.5494088831408804,2783,13,23,63,43,2.05089058524173,1.7692307692307692,393,403,754.1936607650729,3.647664267294886,0.04588986650527813,-0.0020348434114149105,-0.44231545181598975,-5.162429689842263e-05,-0.0005510740613364762,0.005050188372451414,644.775390625,13,23,-10,63,43,2.05089058524173,1.7692307692307692,13,0,393,403,287,1.8714482897396312,3.647664267294886,754.1936607650729,0.04588986650527813,45502,16.3499820337765,23.548688465684513,256x256,65536,sparse,Meijering,393,13,31,2762,31.166645349352766,0.6226126883573688,29.32998230954142,0.9977403640437881,0.299184339314845,0.5323335729900908,5,1,0.1923076923076923,38,2690,31.47950140765245,0.6716797684937413,0.9976710766865913,29.085616094508232,0.4709470018835131,0.2799347471451876,3323,31.4076979219986,0.6568157521515662,0.9980740445318432,30.06247753152396,0.4848686350814204,0.2975530179445351,-0.6671570301929073,-0.16925364233972784,-0.6739683011241837,-0.0732038052164884,True,0.605446289628399,0.3630799306503629,0.7329079307201458,28.219939202903074,0.999642204460583,7527
7528.png,0.6666666666666666,0.6119452786119453,0.7592630925274271,0.6164705882352941,0.9881465517241379,0.9986752139260786,27.304727975350964,0.9965900281557767,27.480512349676673,0.5470881863560733,0.39996616324787515,0.6056381789939792,30.14755229817981,0.5504036033663129,2511,4,25,56,21,2.1359223300970873,6.25,309,330,724.3393659897523,4.453121991219258,0.03714271042646464,-0.006401024163866231,-0.7416112128975705,-0.0002341161892694954,-0.0005281901273758161,-0.00047483885401078396,677.3395538330078,4,25,-21,56,21,2.1359223300970873,6.25,4,3,309,330,232,2.1949677757265196,4.453121991219258,724.3393659897523,0.03714271042646464,45699,18.19952210274791,26.099561927518916,256x256,65536,sparse,Otsu,309,4,27,2391,30.913838373028995,0.608080713452842,28.37924382461221,0.9971182182831525,0.547563025210084,0.43293011408783966,11,4,0.0,34,2350,31.117056633868504,0.6539576901666735,0.9968431241719102,27.988761831479216,0.49450757319292926,0.5127688172043011,3765,31.42642089800586,0.6738810719156484,0.9982247734648851,30.466200224236545,0.44010163343459796,0.5300840336134454,-0.8987314749355377,-0.032963950839964506,-0.7662860748491838,-0.05767711008652909,True,0.6604044743550609,0.39996616324787515,0.6730676908305329,28.046339188248535,0.9989093301153481,7528
7529.png,0.696969696969697,0.42214285714285715,0.5936715218483174,0.42259563818376833,0.9974683544303797,0.9994144958153907,28.059802510836636,0.9973424166757369,28.848519650831168,0.3571683947086164,0.313397666957699,0.5548610001775585,30.922570429507385,0.5684537860003912,2647,7,28,65,31,2.112,4.0,375,396,719.7954454912721,3.7301720714569093,0.047769230967874034,-0.007923269391159282,-0.40564328009069683,-6.980247424226427e-05,-0.0005507165084096544,-0.015955265048352874,603.2178401947021,7,28,-21,65,31,2.112,4.0,7,1,375,396,279,1.817665266392096,3.7301720714569093,719.7954454912721,0.047769230967874034,45218,17.082735171892708,24.758594635436342,256x256,65536,sparse,Meijering,375,7,31,2647,31.42229708976684,0.6297566089308468,29.4935355727142,0.9978931331841465,0.37312365975696926,0.39649442457295947,8,2,0.4285714285714286,40,2512,31.806727185154475,0.6745385826972213,0.9978145760911407,29.441424974875158,0.25323146402664287,0.34605779521940777,3450,31.79841746807874,0.6777516442184968,0.9983180209571391,30.705745743997007,0.24959547946627614,0.3565559128260093,-0.6450159218830329,-0.08309675761526047,-0.499726660259455,-0.061302822930455636,True,0.5648219407336433,0.313397666957699,0.7048929663608563,28.465445790927333,0.9994842982896329,7529
7530.png,0.7801872843765402,0.5774099318403116,0.7320987654320988,0.5783485045513654,0.9971973094170403,0.9991426420339538,27.564305322196233,0.9969028501903594,28.24023824441017,0.5906584495621148,0.6523874100739411,0.8901880685806228,31.13120250582092,0.5919042104581184,2523,4,10,27,18,2.03680981595092,2.5,326,332,594.0882411068259,4.360749850975224,0.02563915621378606,-0.008083093357058257,-0.34501745037809073,-5.274777312413992e-05,-0.0001956828221496565,0.0009315314866921165,612.931489944458,4,10,-6,27,18,2.03680981595092,2.5,4,0,326,332,281,1.789422412972364,4.360749850975224,594.0882411068259,0.02563915621378606,45182,17.908045977011493,25.975426080063418,256x256,65536,sparse,Otsu,326,4,29,2504,31.479452694005765,0.6398869856388679,28.56914116938851,0.9970985330125091,0.5897269180754227,0.6014809589154859,6,4,0.0,40,2464,31.84559382511307,0.6824521429504865,0.9969387519452233,28.599845560347052,0.6724124724763104,0.5871261378413524,3632,31.95512054484238,0.6893704153292597,0.9981855670478154,30.90989067702017,0.5228860844789656,0.5957101072473188,-0.3289029249783404,0.05090645115845516,-0.34825018818484565,-0.04798277518074956,True,0.7328646980341497,0.6523874100739411,0.7882703777335984,27.909322772574324,0.9991953898070779,7530
7531.png,0.457327839905827,0.4579928081072246,0.6282511210762332,0.46981891348088534,0.9479025710419485,0.9988645021508543,28.783817490636643,0.9956494386220683,28.891015973997053,0.32050431320504313,0.1876516976067557,0.26406913882847155,31.06363086237485,0.5801049540300222,2495,5,29,60,23,2.1352112676056336,5.8,355,379,677.350206335184,4.254810746958558,0.035707591749558704,0.012198370115444723,-0.7706421882750689,-0.0002411365428925949,-0.0007810709767156476,0.03052777951412794,674.9069690704346,5,29,-24,60,23,2.1352112676056336,5.8,5,1,355,379,272,1.7872037106469196,4.254810746958558,677.350206335184,0.035707591749558704,44797,17.954709418837677,26.26693386773547,256x256,65536,sparse,Meijering,355,5,30,2428,31.698406981210265,0.6366162017168937,29.853999833252182,0.996430509598784,0.2899765336909152,0.24118706923875854,15,4,0.0,41,2322,32.02181957926071,0.6764101917087019,0.996172627774081,29.6139146340543,0.13423167649726508,0.2913752913752914,3781,32.2118140809509,0.7011781883050446,0.997557132998017,31.480048381585295,0.10489985412187453,0.3129973474801061,-0.9629838592551287,-0.05353537163200284,-0.6347761188354148,-0.056511247686871546,True,0.7106157820609493,0.1876516976067557,0.44512946979038226,29.554459678911712,0.9991056386937469,7531
7532.png,0.6092767295597484,0.34362332397879636,0.5114875841262473,0.3456712672521957,0.9830508474576272,0.9993410116029293,27.587489402608636,0.9963991255658344,28.420898360596503,0.28763693270735524,0.2939011237856156,0.5408321138254802,30.610490756557,0.557671388997326,3086,13,54,116,52,2.184684684684685,4.153846153846154,444,485,892.0959201796128,3.492512989151585,0.0471181686954012,-0.0013856290832241491,-0.8954671830782708,-0.0001779813353184334,-0.0008844760598605284,0.013797534965824476,650.8269309997559,13,54,-41,116,52,2.184684684684685,4.153846153846154,13,3,444,485,276,1.8393730312981653,3.492512989151585,892.0959201796128,0.0471181686954012,45336,14.690861957226183,21.23655217109527,256x256,65536,sparse,Meijering,444,13,34,2947,31.416461134558045,0.6372226777779568,29.42424268570845,0.997283601625695,0.27383939774153077,0.33135366107384057,8,0,0.3076923076923077,42,3034,31.80225086522708,0.694148970123681,0.9973021995083967,29.482206615075185,0.29413645085433004,0.273126371903418,3093,31.52287494440362,0.6560249183443309,0.9976652557835421,30.233886460141044,0.23662050566314685,0.26474278544542035,-1.0033443251119465,-0.03745253728822495,-0.8059703780010459,-0.07955128878063078,True,0.5434239503766853,0.2939011237856156,0.6106623586429726,28.482956585686907,0.9995189929382478,7532
7533.png,0.613013698630137,0.5314358538657604,0.6940360610263524,0.5348439504061565,0.9881516587677726,0.9987493537663535,28.04149327309314,0.9973637096900367,28.646379058047103,0.46495726495726497,0.48166983580189315,0.8856173635693115,31.71004741791172,0.6054859656163218,2077,4,18,37,18,2.0982456140350876,4.5,285,299,569.8101991988083,4.638071965334708,0.028298326399131973,-0.007699607268354058,-0.4987833222163367,-0.00015029615808392904,-0.0002719102508875748,-0.0034188034188034067,619.2350387573242,4,18,-14,37,18,2.0982456140350876,4.5,4,1,285,299,230,1.9057197297618986,4.638071965334708,569.8101991988083,0.028298326399131973,44605,21.47568608570053,31.553201733269137,256x256,65536,sparse,Meijering,285,4,28,2062,31.973162847393453,0.640295567505098,29.11699624655651,0.9976356199409243,0.4683760683760684,0.35853457917268017,10,4,0.0,40,2056,32.21858268272871,0.6813825975317147,0.997506562873583,28.921539286025457,0.3033961968937162,0.4250320375907732,4495,32.774042178937975,0.7361591748599546,0.9988090711393663,32.07221406663555,0.5095833779240939,0.45776450511945393,-0.4706171885094079,0.12313525662921299,-0.26311542948173283,-0.03480960188877613,True,0.5438802982143608,0.48166983580189315,0.620713305898491,28.540276595309475,0.9988996499244375,7533
7534.png,0.7158792650918635,0.5056310679611651,0.6716533402115037,0.5062208398133748,0.9977011494252873,0.9994184999151007,27.49655319224404,0.9976558205012195,28.274687970047175,0.5058184639255237,0.3743028988057413,0.617422518572344,31.31102886673302,0.5951521000335508,2225,4,11,29,18,2.0481099656357387,2.75,291,298,542.9629247895624,4.626211721462892,0.032152305734101966,-0.004310436805155415,-0.13313558250012036,-5.450434451981234e-05,-0.00015246473773034008,0.026036193318991763,657.7494144439697,4,11,-7,29,18,2.0481099656357387,2.75,4,0,291,298,244,1.8220232375488652,4.626211721462892,542.9629247895624,0.032152305734101966,45081,20.26112359550562,29.45438202247191,256x256,65536,sparse,Otsu,291,4,27,2214,31.505680786039086,0.6323912373764315,28.408372008323024,0.9978082852389498,0.4797822706065319,0.42879093615118524,8,1,0.0,38,2186,31.883120886371348,0.6767232901083984,0.9976091315244304,28.233230457444314,0.5212930511800946,0.48250388802488337,3985,32.250300030539684,0.7061888726103404,0.9988717017857429,31.400207371724107,0.3766999610811098,0.48055987558320373,-0.13368403827584885,-0.05448803734544394,-0.1946519193060645,-0.03723913734288076,True,0.6062346084675301,0.3743028988057413,0.7201897018970189,27.62968877474416,0.9994730042596205,7534
7535.png,0.5359361135758651,0.5291217257318952,0.6920596533655784,0.535057650358367,0.9794637763833428,0.9981356893369879,27.73471106888859,0.9956202980774801,28.94625368506682,0.5058175137783221,0.2980639973850805,0.47486661456775986,31.088992667002536,0.5947709703660238,2506,5,20,43,22,2.087719298245614,4.0,342,357,688.3884177945474,4.587959099582761,0.032248141890052165,0.030265036071139173,-1.4400015234626267,-0.0006857472720057656,-0.000711551248463671,0.060161954762439185,656.064510345459,5,20,-15,43,22,2.087719298245614,4.0,5,2,342,357,277,1.9282588733740789,4.587959099582761,688.3884177945474,0.032248141890052165,44815,17.883080606544294,26.151636073423784,256x256,65536,sparse,Otsu,342,5,31,2437,31.827659789363544,0.647399228355527,29.76587403420988,0.9963318493259438,0.4456555590158829,0.3367400175678886,17,8,0.0,41,2436,32.10727894477178,0.688769904566296,0.996023005574383,29.40142746878489,0.3296799539643608,0.40261763789342475,3467,32.193413376244116,0.6942867227577671,0.9973453533859244,31.32666026102641,0.21765115570258475,0.4435809760646565,-0.819620349143058,-0.038676020182808135,-0.738667122361008,-0.05262825798950321,True,0.6276794119468447,0.2980639973850805,0.505671077504726,29.174712592351217,0.9988214366089937,7535
7536.png,0.6519637462235649,0.441046658259773,0.6121198862393349,0.44160353535353536,0.9971489665003563,0.9991067964871405,27.35705463396329,0.9957103639032208,28.356983859666762,0.40725680325304975,0.1982104330622536,0.330414772484799,30.294753744979385,0.5502916833567058,2697,4,34,76,26,2.1662049861495847,8.5,361,391,767.4798306745281,4.191818583374869,0.03764282389788035,-0.008661253776435118,-1.0979823572971767,-0.00026513140598827256,-0.0006148188239901708,0.011423469919716434,647.322416305542,4,34,-30,76,26,2.1662049861495847,8.5,4,3,361,391,259,1.9628640170704008,4.191818583374869,767.4798306745281,0.03764282389788035,45567,16.89543937708565,24.299592139414163,256x256,65536,sparse,Otsu,361,4,29,2566,31.053062309348842,0.6161053393980794,29.16836761657251,0.9963251827272109,0.3958333333333333,0.2849369907778134,13,5,0.0,36,2686,31.376521508200806,0.6714284979238159,0.9960054122597163,28.72021208670195,0.30553629905765545,0.39299242424242425,3464,31.417889017748834,0.6643424034521973,0.9970851950109441,30.129354373410738,0.3129750124108429,0.38908172925213,-0.811383756905748,-0.08672655771555982,-0.7583085643694574,-0.06581365604137368,True,0.599883690343695,0.1982104330622536,0.660625,28.455036991260467,0.9993719278931288,7536
7537.png,0.7034183919114106,0.5830575777630708,0.7366220735785953,0.5867465867465868,0.9893318360471645,0.9984213564820036,27.719454295669777,0.9961501983125564,28.213013848290778,0.5787728026533997,0.42783812725791703,0.6335080926177522,30.175889702656434,0.5316259078067522,2327,4,27,54,25,2.1533333333333333,6.75,300,323,690.2935851592702,5.20422483086586,0.032510425275008394,-0.02208136430506913,0.09632681613452831,-5.728121454873225e-05,-6.479154626282124e-05,-0.006114014923164879,664.086103439331,4,27,-23,54,25,2.1533333333333333,6.75,4,0,300,323,221,2.1371318425983574,5.20422483086586,690.2935851592702,0.032510425275008394,45907,19.727975934679844,28.163300386764075,256x256,65536,sparse,Otsu,300,4,25,2241,30.56466605617613,0.5876437089589723,28.209844840967172,0.9962149898588192,0.5848868175765646,0.7371048511841883,5,9,0.0,28,2268,30.793854027663148,0.6324673800976095,0.9952840043151037,27.42949578024842,0.21187237225468902,0.5647565419012918,4079,31.283444648821728,0.6749323721359999,0.9977618888819084,30.489448036840606,0.2309356594501425,0.5686858656074147,0.0031690073236063654,-0.3092667239262713,-0.3887763535196953,-0.056017801152220104,True,0.6753475326416503,0.42783812725791703,0.7254997562164798,27.62312747953525,0.9984786376965523,7537
7538.png,0.766213389121339,0.5795960287572749,0.7338534893801474,0.5835918648741814,0.9883245767659078,0.9990050978241121,26.957264160305357,0.9972279546873185,27.779744627032926,0.5714285714285714,0.6877652592919895,0.918954503647332,31.60929875216143,0.6175278598484835,2308,4,4,10,12,2.0,1.0,295,295,578.9773605048076,5.1584773661726615,0.026841825872989784,0.02619238071797758,-0.35103199250260886,-0.00011478539821074829,-0.00020969814492421968,0.019894617619540034,644.0908908843994,4,4,0,10,12,2.0,1.0,4,0,295,295,273,1.962635120355277,5.1584773661726615,578.9773605048076,0.026841825872989784,44863,19.438041594454074,28.395147313691506,256x256,65536,sparse,Otsu,295,4,29,2306,31.88693539465926,0.6545175489547497,28.054602480174175,0.9974376528322427,0.5515339538090314,0.64654531804122,6,11,0.0,41,2182,32.20216315437181,0.6885382481555901,0.997515382317446,28.38729515794015,0.6780417284623241,0.551878662530162,4084,32.60875191447296,0.7215499799822017,0.9987870347713026,31.443046149270266,0.5546473723313332,0.5546363322992072,-0.2748578531412491,0.041219941250769554,-0.27763664249783204,-0.03698968910626621,True,0.7484214469402435,0.6877652592919895,0.7400210084033614,27.308296152807966,0.9991198832223228,7538
7540.png,0.7296650717703349,0.46473196291817814,0.6345624656026417,0.4651068979427188,0.9982683982683983,0.9993850247028938,27.816480281702635,0.9974456231199544,28.241264368901362,0.4011231448054553,0.28822967723739024,0.48906844952415435,30.97705354273158,0.5774641830161785,2193,4,28,63,25,2.1589403973509933,7.0,302,326,597.5685982076178,4.436063507929543,0.03198927284204339,-0.028058505465437422,-0.27606386614623446,-5.759838593355493e-05,-0.0004438796068994,-0.005089037526129991,619.7800636291504,4,28,-24,63,25,2.1589403973509933,7.0,4,1,302,326,214,1.833032509839316,4.436063507929543,597.5685982076178,0.03198927284204339,45064,20.54901960784314,29.884176926584587,256x256,65536,sparse,Meijering,302,4,27,2055,31.502094559902602,0.6175903639737417,29.115501672154632,0.9978895027268538,0.4062121823315853,0.46634194949700947,5,1,0.875,37,2186,31.777123224867285,0.6663878799733634,0.9977045692522738,28.839768905839055,0.3541208436312029,0.3949173053650666,4034,32.14433297270698,0.7032472134161496,0.9986708542088516,31.339611711466123,0.4139122252069497,0.3850806451612903,-0.8742373032532704,-0.17811227225961923,-0.5250410171710236,-0.04012618095756315,True,0.5893442472476544,0.28822967723739024,0.7577235772357723,28.09254414784887,0.9994426230888274,7540
7541.png,0.6825318940137389,0.5334389857369255,0.6957420421661844,0.5672396359959555,0.8995189738107964,0.9985588863900491,27.793515248544324,0.9965231801797151,28.35270122213044,0.5174379610999329,0.39245761298262105,0.5088780960086843,30.32949545684213,0.5408471738328952,2626,7,31,70,31,2.130434782608696,4.428571428571429,368,392,770.7999179752466,3.9740306984471236,0.03976223467892366,-0.0027270701296873145,-0.6852537460936254,-0.00027616705888966475,-0.0004707183408432236,0.009020452682424462,663.2237434387207,7,31,-24,70,31,2.130434782608696,4.428571428571429,7,1,368,392,267,1.9663263213654214,3.9740306984471236,770.7999179752466,0.03976223467892366,45639,17.37966488956588,24.956587966488957,256x256,65536,sparse,Meijering,368,7,29,2540,30.951329658952837,0.6094812015708326,28.932886159438947,0.9969938985205583,0.5084175084175084,0.5046546089313777,8,7,0.0,33,2392,31.14463443813608,0.6509910487646487,0.9964731696813152,28.213885249670405,0.13201335238177814,0.5178036605657238,3514,31.333208068961117,0.6620172769954135,0.9976794339147008,30.014186229462723,0.1482348574567801,0.5066533599467731,-0.5801849373085055,-0.11219699594875665,-0.6218342021107048,-0.06863402773793748,True,0.7712212729547776,0.39245761298262105,0.6852589641434262,28.47876899463795,0.9988350534489387,7541
7542.png,0.6752285589899869,0.6762129380053908,0.8068341708542713,0.6856850017082337,0.97998046875,0.9982925362562963,27.900133569938067,0.9966103005954325,28.382215525791885,0.6040040719375637,0.597475775966364,0.8123144867312053,31.234670891086406,0.5941067372270057,2379,4,6,18,15,2.0123456790123457,1.5,324,326,640.2988270883374,4.265803744027644,0.028969881151677035,-0.006246341054437776,-0.4071625641939072,-0.00025096033529448114,-0.0002898040091887655,0.010563689293217937,584.9876403808594,4,6,-2,18,15,2.0123456790123457,1.5,4,0,324,326,291,1.964106831559314,4.265803744027644,640.2988270883374,0.028969881151677035,45017,18.92265657839428,27.547709121479613,256x256,65536,sparse,Otsu,324,4,29,2321,31.649284368228322,0.638013035820996,28.711799992661437,0.9969001046046213,0.5934403826443457,0.5103184514142638,10,12,0.0,40,2296,31.933760098067523,0.6779189872428273,0.9967314369559858,28.633453936695176,0.4803217737150016,0.5548343013324223,3693,32.12616715769098,0.6952673759238389,0.9981717503348992,31.182459151794774,0.3385582345114958,0.5759644930010243,-0.32958446686955156,0.08715732455210023,-0.4146134771419163,-0.04390629859399031,True,0.7355227387001761,0.597475775966364,0.6814749000444247,28.307296134131974,0.9985434965915908,7542
7543.png,0.727032967032967,0.5866868381240544,0.7395118230358505,0.5907982937233395,0.9882772680937818,0.9989445723555705,27.864416261271778,0.9964825055680923,28.171117233843795,0.5949559404436342,0.5250018855073084,0.7605932237303507,29.833872313380198,0.5276841442877397,2858,5,14,33,20,2.045,2.8,400,409,794.8403107163309,4.030684192478657,0.027632118255880227,-0.0193699106648747,-0.11908025768082808,-4.50560204110495e-05,-0.00029122194584341177,0.01030307808066222,649.0786075592041,5,14,-9,33,20,2.045,2.8,5,0,400,409,347,1.9433748428272113,4.030684192478657,794.8403107163309,0.027632118255880227,46151,16.148005598320506,22.93072078376487,256x256,65536,sparse,Otsu,400,5,28,2770,30.517188989575025,0.6043071452358776,28.49472361736451,0.9967737275139357,0.584652862362972,0.47795422323898396,10,5,0.0,31,2828,30.815965307666197,0.6599527296914456,0.9962256161866486,27.885841872484885,0.4522848902862725,0.5564687975646879,3173,30.751516984668186,0.6311986039386562,0.9972969299815243,29.31364058974419,0.3899935293729513,0.5871085436302828,-0.32360638352071547,0.047047662268324464,-0.6833166761948277,-0.0766230009481379,True,0.6902531722967792,0.5250018855073084,0.7464028776978417,27.983496518952606,0.9989896283759816,7543
7544.png,0.7304243873281531,0.5794852384557153,0.7337646776899113,0.5801439939370974,0.9980443285528031,0.9992408196890017,27.463194778351042,0.9975638728183035,27.980732986517808,0.5117157974300831,0.44134447058534243,0.7224123011564797,30.967464022803988,0.5747366150141654,2145,4,6,15,13,2.0144927536231885,1.5,276,278,505.5577146503403,4.585352998712788,0.027378029502519937,-0.00018294881135383356,0.07279880765044666,2.231389862461519e-05,-4.448757500907785e-05,0.0024319778014358917,563.2131099700928,4,6,-2,15,13,2.0144927536231885,1.5,4,0,276,278,248,1.8185529303969061,4.585352998712788,505.5577146503403,0.027378029502519937,45348,21.141258741258742,30.552913752913753,256x256,65536,sparse,Meijering,276,4,25,2022,31.252978587984362,0.6115917120414884,27.99952443727586,0.9976083603933126,0.5092838196286472,0.5187789598144248,7,4,0.0,35,2132,31.520913061394765,0.6595020753946661,0.9974120345143499,27.703418032173587,0.5668480404339246,0.5007575757575757,4381,32.0600396701655,0.7087673368200684,0.9988195792670986,31.223338313980285,0.486582880967408,0.49166666666666664,-0.018791450758051553,-0.07743448922908236,-0.28551456518037455,-0.036855097027323036,True,0.6109315551227636,0.44134447058534243,0.7306073361395069,27.390395970700595,0.9992185057903771,7544
7545.png,0.7254476397178513,0.5737538148524923,0.729153199741435,0.5782638414217361,0.9865889212827988,0.9987578858465916,27.492261840893363,0.9970223343067615,27.924597171335694,0.49659168370824813,0.5252657000600875,0.7484520715926914,30.42852159318962,0.5490038208876727,2644,6,18,41,25,2.0655737704918034,3.0,366,378,740.3451909648903,4.143295795865398,0.02773986017229532,-0.01629244838787558,-0.532081411644338,-0.0001792514161403913,-0.0005268076539344246,0.002739224691854669,659.3742370605469,6,18,-12,41,25,2.0655737704918034,3.0,6,0,366,378,300,1.9585851612827754,4.143295795865398,740.3451909648903,0.02773986017229532,45659,17.26891074130106,24.786686838124055,256x256,65536,sparse,Meijering,366,6,29,2635,30.956821501330616,0.6155638248049365,28.600417692082075,0.9975491419606959,0.49385245901639346,0.4356044818806416,10,8,0.0,35,2528,31.249258008099517,0.6642742772177996,0.9972428939362685,28.156214120734326,0.45845728522436724,0.5061349693251533,3392,31.315684751286202,0.6576785844887135,0.9982449021693386,30.161329889895544,0.49674922107127684,0.48343013324222756,-0.675820520746381,0.08966121817944595,-0.5282999081409976,-0.0665600039172638,True,0.7018027205701126,0.5252657000600875,0.7417400881057269,28.0243432525377,0.998937137262732,7545
7546.png,0.7022180273714016,0.5495930057280676,0.7093385214007782,0.5527592480291086,0.989685124864278,0.9992284406238837,27.87391242763997,0.9970475714642955,28.285398434401422,0.5323849878934624,0.5415939886947765,0.7524966026988297,30.214666411375966,0.5434763314496701,2767,4,17,42,22,2.068062827225131,4.25,382,395,708.1322885877737,4.242677944180853,0.03026026380743292,0.007536166022873547,-0.09200212224687476,-4.18572993816646e-05,-0.00020014991099182033,0.013340247869278676,620.980978012085,4,17,-13,42,22,2.068062827225131,4.25,4,0,382,395,318,1.7927399711082843,4.242677944180853,708.1322885877737,0.03026026380743292,45895,16.586555836646188,23.684857246114927,256x256,65536,sparse,Meijering,382,4,29,2679,30.831953302885648,0.6133098860434925,28.59499702793793,0.9972477213752873,0.5190447400241838,0.43258633120299617,12,7,0.0,32,2570,31.055275967319027,0.6572463738754206,0.9968613222797936,28.06243425999092,0.5240773795284902,0.50650923402967,3357,31.154663280165437,0.6514691609122941,0.9979885104003504,30.065466297210573,0.34368282677267803,0.5114734299516909,-0.30959859353650643,0.10900765749178032,-0.6172868915096821,-0.06983355459382234,True,0.7197294801761884,0.5415939886947765,0.694681861348528,27.965914549886843,0.9992702979232654,7546
7547.png,0.7479591836734694,0.3563074352548037,0.525408068986757,0.3563074352548037,1.0,0.9996867084238298,27.872084774778074,0.997426053051547,28.715104130255117,0.3580968280467446,0.3873736058155839,0.7511965521236019,31.461984349384046,0.5927533225320032,2049,5,9,30,23,2.0290909090909093,1.8,275,279,553.7904343609711,4.461917712905191,0.03219128764192562,-0.010055294092818134,0.00757642038480455,1.7033649657771655e-05,-0.0002818111441866833,0.004295658456101303,588.4153842926025,5,9,-4,30,23,2.0290909090909093,1.8,5,0,275,279,222,1.98491195111459,4.461917712905191,553.7904343609711,0.03219128764192562,44832,21.879941434846266,31.98438262567106,256x256,65536,sparse,Meijering,275,5,26,1924,31.76352833027552,0.6273683580375011,29.035328213195722,0.9977078641957337,0.3538011695906433,0.49338300763441045,4,0,0.9,37,1970,32.02255500859835,0.6664543866138539,0.9976179383234796,28.94039426255915,0.48829142221345756,0.3429406850459482,4348,32.55226830683994,0.725263612728497,0.9987147499145308,31.61786959724487,0.26855062843906385,0.3609022556390977,-0.3202240829406051,-0.10600940181882657,-0.3015439808914735,-0.03461503550549794,True,0.5156754310446374,0.3873736058155839,0.7580144777662875,27.86450835439327,0.999669674774172,7547
7549.png,0.6317280453257791,0.36109303838646717,0.5305927342256214,0.361328125,0.9982014388489209,0.9995437853659135,27.86225464213192,0.9965719552114282,28.40472053495752,0.384865215979214,0.28911883430190255,0.5126668471010096,30.281273870739923,0.5370359193810871,2420,5,30,56,26,2.1492537313432836,6.0,335,360,679.4349408224451,4.633413620493306,0.03846013324745899,0.00699456984603497,-0.14666549588531197,-3.1843015859234214e-05,-0.0002840793593338331,0.002703757645880711,635.8599662780762,5,30,-25,56,26,2.1492537313432836,6.0,5,1,335,360,253,1.887319280062345,4.633413620493306,679.4349408224451,0.03846013324745899,45772,18.91404958677686,27.08099173553719,256x256,65536,sparse,Meijering,335,5,26,2257,30.778116357879185,0.5946744239105608,28.736228612861687,0.996856034570762,0.3821614583333333,0.36871635449307405,11,1,0.4,31,2352,31.06047158099013,0.6437963751867547,0.99643359710489,28.224909251358483,0.3296799539643608,0.3356119791666667,3856,31.366780098991498,0.6721537477666989,0.9977115795966542,30.383353591761782,0.20301791375340839,0.3728483273790192,-0.3315080779041679,-0.0795975201911715,-0.4968424871392614,-0.05763850452947372,True,0.5639507136784644,0.28911883430190255,0.6247334754797441,28.00892013801723,0.9995756283817727,7549
7550.png,0.6979228486646885,0.437914691943128,0.6090969017798286,0.43846883897500794,0.9971223021582734,0.9994026315242147,27.86653893371789,0.9967954723668079,28.45858781015799,0.46027742749054223,0.42993221262198655,0.629725716905748,31.509245003171284,0.6107983817772701,2500,5,11,28,18,2.0346820809248554,2.2,346,352,559.3246179483914,4.641189586220449,0.02321286850041078,-0.020319174213096036,-0.49486318064684554,-6.470801454294683e-05,-0.0005347166281685078,-0.0028671470111977237,576.1961936950684,5,11,-6,28,18,2.0346820809248554,2.2,5,1,346,352,300,1.5889903918988368,4.641189586220449,559.3246179483914,0.02321286850041078,44775,17.91,26.2144,256x256,65536,sparse,Meijering,346,5,32,2499,32.01520307166089,0.6592295107679923,29.209822353331457,0.9973301889949764,0.46314457450173996,0.46681610144314944,9,0,0.09999999999999998,42,2208,32.22114657466318,0.6877713374979868,0.9972414227840616,29.051758271376706,0.43334237861777525,0.4498576399873458,3651,32.421140461329855,0.7070305955815906,0.998306071503331,31.244882706006432,0.38474242991946783,0.4484503478810879,-0.7512345431734673,-0.03688388882116289,-0.5059580684896083,-0.048431128990722216,True,0.6827293233862564,0.42993221262198655,0.7182420228777845,28.361402114364736,0.9994673395387577,7550
7551.png,0.719193427931292,0.4045107311749727,0.5760165760165761,0.40465793304221254,0.9991015274034142,0.999485522985888,27.536397316091236,0.9971703903202972,28.62769054561411,0.4311159578335151,0.3345373242699944,0.6580771235404683,31.191860905467315,0.5874235384271377,2258,6,13,31,23,2.0454545454545454,2.1666666666666665,308,315,551.0372541520078,4.555142396069193,0.03052932693057128,-0.0022677592833197924,-0.26729214439967564,-5.530028728784053e-05,-0.00038126845834052236,0.012993687091157002,702.8281688690186,6,13,-7,31,23,2.0454545454545454,2.1666666666666665,6,0,308,315,254,1.7493246163555785,4.555142396069193,551.0372541520078,0.03052932693057128,44979,19.91984056687334,29.023914968999115,256x256,65536,sparse,Otsu,308,6,28,2243,31.573037878194064,0.6315208052305565,29.023107541209384,0.9975516587786377,0.4181222707423581,0.2917796465322,12,2,0.0,38,2256,31.837848947485238,0.67646012084302,0.9973705831849525,28.749858043828432,0.3724927159526593,0.4219716260458348,3932,32.188619972560886,0.7034651653711954,0.9984990026985247,31.486799598121916,0.2851726869826413,0.423216885007278,-0.3954169955952729,0.042757677737794375,-0.3811769727267489,-0.044097266803418855,True,0.5083558025390349,0.3345373242699944,0.7214611872146118,27.80368946049091,0.9995408232731758,7551
7552.png,0.5551537070524413,0.5558802045288532,0.7145539906103286,0.5626617375231053,0.9787781350482315,0.9990773427327129,27.634314897642817,0.9976345578345481,28.217312344493717,0.37841832963784183,0.18489997600567198,0.33577211067449664,30.922374729574088,0.5737403085923718,2264,6,10,23,19,2.027027027027027,1.6666666666666667,296,300,525.7422432429058,4.399620548696132,0.023102073480664245,0.027847881809722863,-0.156023340108014,-0.00013925107507595236,-0.00023954547840687734,0.022780621689597824,582.181453704834,6,10,-4,23,19,2.027027027027027,1.6666666666666667,6,0,296,300,254,1.7524741441430172,4.399620548696132,525.7422432429058,0.023102073480664245,45332,20.02296819787986,28.946996466431095,256x256,65536,sparse,Meijering,296,6,27,2245,31.25482714887298,0.6170021333772627,28.41326205697623,0.997874103312955,0.355637707948244,0.17934055345934952,17,2,0.0,35,2190,31.51992955981319,0.6592742960799162,0.9976215755278274,28.01760901897542,0.23603306475765973,0.34232902033271717,3954,31.930287304148386,0.693329095420833,0.9988392351821336,31.45553180375254,0.18941575402981292,0.3656192236598891,-0.1959497124825127,0.005559422546322468,-0.33245241929889247,-0.043261824784890934,True,0.5506710358827784,0.18489997600567198,0.5273058252427184,27.79033823775083,0.9992165938077888,7552
7553.png,0.7440729483282674,0.49466069583189803,0.6619036644388108,0.4987843001042028,0.9835616438356164,0.9992766351494973,27.97338152242149,0.9970240161083551,28.72862705057409,0.4888888888888889,0.5988152896167687,0.9048826764024273,31.36885505794943,0.5937390597873009,2310,4,9,28,19,2.031347962382445,2.25,319,324,658.6516978807913,4.903606520924822,0.03179329184763269,0.012975387352657686,-0.29731662372492806,-6.727945116213885e-05,-0.00013340809033279832,0.01246725227307749,671.7917919158936,4,9,-5,28,19,2.031347962382445,2.25,4,0,319,324,272,2.0328756107431794,4.903606520924822,658.6516978807913,0.03179329184763269,45002,19.481385281385283,28.37056277056277,256x256,65536,sparse,Meijering,319,4,29,2286,31.73052148876046,0.6389367954749049,29.03332654419799,0.9971574241986879,0.4764216366158114,0.4844391800292359,8,4,0.0,38,2226,31.93812251497359,0.6779012375199867,0.9969815691467151,28.657733298174456,0.43258633120299617,0.4785615491009682,3900,32.23645263592727,0.7050856251030791,0.9983435337468277,31.24880685923668,0.4015027407342352,0.47156726768377255,-0.30469949362390025,0.11437610958753275,-0.3616664308110309,-0.04519773568760399,True,0.6617601433121683,0.5988152896167687,0.7310975609756097,28.27069814614642,0.9993439146006594,7553
7554.png,0.6821322803553801,0.5856945404284727,0.7387230333405972,0.5881332408049965,0.9929701230228472,0.9988396392068635,27.569439681373638,0.9965871876040205,28.14983659117904,0.5869113573407202,0.37258924810907945,0.6161999652778701,30.33756716476023,0.5418096521265497,2221,5,11,23,17,2.042105263157895,2.2,285,291,633.2963962340657,5.83638233845694,0.020473639543362548,0.01076841523207861,-0.09193652947984532,-4.8387004203398476e-05,5.765237771959697e-05,0.02688359883967928,746.4084625244141,5,11,-6,23,17,2.042105263157895,2.2,5,0,285,291,245,2.176276275718436,5.83638233845694,633.2963962340657,0.020473639543362548,45795,20.619090499774877,29.5074290859973,256x256,65536,sparse,Otsu,285,5,25,2221,30.687769899003428,0.5934828957062535,28.133637543602184,0.9965295352263009,0.5600277585010409,0.5012027385936768,9,11,0.0,30,1980,30.889020288258983,0.6268129599013684,0.9959805000358487,27.64245965026238,0.4067991419378705,0.5705372616984402,4179,31.43198823474784,0.684947001073049,0.9979884048989415,30.510472072119796,0.27496725638358677,0.5673243336794739,0.016199047576854753,-0.12861349048459736,-0.35020273424319726,-0.05167324357970371,True,0.6046563925739001,0.37258924810907945,0.6713638651233015,27.661376210853483,0.9988880262110669,7554
7555.png,0.7887887887887888,0.6882668711656442,0.8153531682943448,0.6890595009596929,0.9983314794215795,0.9988410086422989,27.61780981451356,0.9972715656570426,28.067369126439836,0.6759755164498852,0.6221784683448042,0.9083660334504157,31.504382702834086,0.6071653110915636,2205,4,6,16,13,2.014336917562724,1.5,279,281,546.6842041931367,4.396904756945949,0.024991055530561475,0.0014470166368900639,-0.14722436687294405,-3.34011552842739e-05,-7.794494081758696e-05,0.011100276526660569,574.8350620269775,4,6,-2,16,13,2.014336917562724,1.5,4,0,279,281,250,1.945495388587673,4.396904756945949,546.6842041931367,0.024991055530561475,44951,20.3859410430839,29.72154195011338,256x256,65536,sparse,Otsu,279,4,27,2060,31.758356785993357,0.6389880535893172,28.21680799375081,0.9973495105978601,0.6648752399232246,0.6067592791314017,6,5,0.0,38,2080,32.02202249986022,0.6783809514991721,0.9972575565863167,28.20600624830165,0.6852573631572181,0.6698656429942419,4252,32.53768328192662,0.7227224691166017,0.998780712903605,31.627374074261123,0.47270757595695145,0.6472168905950096,-0.14943886731097322,0.015419189213402462,-0.25397408315927095,-0.03182274249775363,True,0.6849424630965867,0.6221784683448042,0.7873417721518987,27.765034181386504,0.9988744097975831,7555
7556.png,0.6493011435832274,0.5622047244094488,0.7197580645161291,0.5655445544554455,0.9896049896049897,0.9990618712306749,28.53180701527161,0.9971212422596366,28.97892370811882,0.453180561043066,0.25231179845811,0.3830437811448537,31.660006989161623,0.6053845210217192,2265,4,22,38,14,2.1074626865671644,5.5,335,353,625.6914396100696,4.349282932637343,0.03129893531889733,0.0029206182789353052,-0.4936474016054859,-0.0001698816159302341,-0.00036118224165859747,0.007416507203002631,645.6000804901123,4,22,-18,38,14,2.1074626865671644,5.5,4,2,335,353,283,1.7724969960625165,4.349282932637343,625.6914396100696,0.03129893531889733,44536,19.662693156732892,28.93421633554084,256x256,65536,sparse,Meijering,335,4,30,2236,31.99694689945646,0.6475861870048893,29.4137336169856,0.9974824245012952,0.44576405384006335,0.28704240424679206,12,3,0.0,41,2012,32.27660771154275,0.6798019846218699,0.9973596143106525,29.223373805887878,0.25023840776095874,0.42003167062549485,4134,32.65138571919818,0.7254826807079181,0.9985096369190314,31.7218388727836,0.1713852927673194,0.42117740023706046,-0.4348099088667787,-0.034730605788682034,-0.33693991029483783,-0.0422016659831701,True,0.6587022446990063,0.25231179845811,0.6463805253042921,29.025454416877096,0.9992317528466051,7556
7557.png,0.693732970027248,0.5419979260283443,0.7029813943062093,0.5435008665511265,0.9949238578680203,0.9991987211954999,27.64503363062513,0.9973116765688762,28.208603699216095,0.5289027345102112,0.4129981295645073,0.5347207176646133,31.07542776739126,0.5844466377649477,2472,4,21,44,20,2.102719033232628,5.25,331,348,627.5616950083769,4.420416529084981,0.028221092127069032,0.010575660410794385,-0.28670323957662447,-7.984059669174925e-05,-0.0003420895622116005,0.026130731738208457,605.0851345062256,4,21,-17,44,20,2.102719033232628,5.25,4,0,331,348,267,1.8033382040470565,4.420416529084981,627.5616950083769,0.028221092127069032,45237,18.299757281553397,26.511326860841425,256x256,65536,sparse,Meijering,331,4,29,2462,31.426681331569853,0.6347525417924585,28.63113966607947,0.9976537661310878,0.5027720027720027,0.43220792930384666,10,3,0.0,38,2442,31.76301594570846,0.6788871743247958,0.997550943013661,28.52435669865271,0.49450757319292926,0.4755801870453758,3689,31.96448075548284,0.6909030738290813,0.9984715673509986,30.694401879814354,0.5831379803214916,0.5124653739612188,-0.422535966863375,-0.01920979973933934,-0.35125356417859166,-0.050305904027510895,True,0.7723623116161873,0.4129981295645073,0.6831573096164536,27.931736870201753,0.9992785617921917,7557
7558.png,0.7097661623108665,0.44082332761578047,0.611904761904762,0.4412774725274725,0.9976708074534162,0.999501741168826,27.196898761369642,0.9977953763298519,28.083609425039434,0.39748384903094186,0.41870679868528227,0.5978894977556409,30.524757537856104,0.5542109343798136,2431,4,18,42,20,2.0864197530864197,4.5,324,338,587.9851948621701,4.414466673209343,0.03140112277217586,-0.012887330984828638,-0.12062189441362747,-3.0111033009316834e-05,-0.00025255070012697445,0.0034509272202422614,567.1207904815674,4,18,-14,42,20,2.0864197530864197,4.5,4,1,324,338,262,1.73960116823127,4.414466673209343,587.9851948621701,0.03140112277217586,45658,18.781571369806663,26.95845331139449,256x256,65536,sparse,Meijering,324,4,27,2382,30.977763258671803,0.6107023009750885,28.41613668141276,0.9980479270299789,0.3940329218106996,0.4384996363383531,7,2,0.125,33,2234,31.201410793563674,0.6506845901593558,0.9977318729458818,27.93628814178044,0.4950689195281103,0.3803638860281497,3678,31.492549095939655,0.6689239494031534,0.9986486329868821,30.361213765970056,0.48609367936644843,0.3892318244170096,-0.33252725637332503,-0.019792837653070827,-0.4530057208156997,-0.05649136659527487,True,0.7003080004867537,0.41870679868528227,0.7226534932956952,27.31752065578327,0.9995318522018353,7558
7559.png,0.6750681198910081,0.5061491160645657,0.6721102322020923,0.5094777562862669,0.987256371814093,0.9993313309591122,27.094079315233316,0.9977062416574578,27.863475461652428,0.432985708767864,0.4384996363383531,0.6657023562121385,30.943220225944614,0.5736808478802351,2187,4,9,24,16,2.034843205574913,2.25,287,292,565.7859855484935,4.463799998735301,0.02719746470325969,-0.0007749633849726267,-0.19211384783369567,-8.202017467240363e-05,-0.00018622972815574013,0.0070669466788891855,593.3871269226074,4,9,-5,24,16,2.034843205574913,2.25,4,0,287,292,247,1.9376232381797696,4.463799998735301,565.7859855484935,0.02719746470325969,45403,20.76040237768633,29.966163694558755,256x256,65536,sparse,Meijering,287,4,26,2176,31.209833076929364,0.6159861102762355,28.138824878855164,0.9978924713856135,0.42591876208897483,0.35111514686554657,8,0,0.5,34,2006,31.468834707062157,0.651835159103649,0.9976953205546927,27.882343769735982,0.37655828588251095,0.42707930367504837,3981,31.928130926733434,0.6936552679628923,0.9988543628197798,31.251841505255662,0.2846619136474401,0.42127659574468085,-0.27534941720273665,0.08738448947280653,-0.2666128509847496,-0.04230526239600041,True,0.6587022446990063,0.4384996363383531,0.6758430832759807,27.28619316306701,0.9994133511337846,7559
7560.png,0.6893787575150301,0.5658914728682171,0.7227722772277229,0.5665849673202614,0.9978417266187051,0.999223057944758,27.6175578487689,0.9973653480401493,28.228756843493912,0.46288743882544864,0.48999427780337823,0.9270060157519742,31.164261295145167,0.5811263535959408,2022,5,7,21,18,2.0149812734082397,1.4,267,269,485.1957731073707,4.565056569120857,0.02796464432354005,0.028556100738226342,-0.09738787760516132,-2.4299208755906854e-05,-0.00023270227135396837,0.024570445361396354,582.5507640838623,5,7,-2,21,18,2.0149812734082397,1.4,5,0,267,269,228,1.8037017587634587,4.565056569120857,485.1957731073707,0.02796464432354005,45173,22.340751730959447,32.41147378832839,256x256,65536,sparse,Meijering,267,5,26,2000,31.42796249575298,0.6166059589566953,28.45468155512451,0.9975980503115033,0.4383169934640523,0.3995044211877341,8,7,0.0,36,1966,31.673337988943867,0.6563460761878952,0.9974114807245072,28.20879636332005,0.3363497498636806,0.4178921568627451,4457,32.277256732307464,0.7173597681491137,0.9987638165832956,31.473706436883507,0.3219752101919423,0.4411764705882353,-0.22592471163059713,0.09048985661564413,-0.2637012006078123,-0.03547960536075456,True,0.5285772362608692,0.48999427780337823,0.6608226567768037,27.71494572637406,0.9992473571535139,7560
7561.png,0.6238334529791816,0.448005698005698,0.6187899655681259,0.45008944543828266,0.989771833202203,0.9992019730776321,27.97106535851043,0.9975722778678198,28.795233376589255,0.3535931355023239,0.29531191028128656,0.4922819457086618,31.43190900116121,0.5967264962667229,2255,4,10,23,15,2.0396039603960396,2.5,303,309,516.4109122631949,4.566809367031941,0.022934041033022566,0.0030937865542359777,-0.2791823035322558,-0.00012807508087953057,-0.00028055582178454497,0.008691525484434803,555.1197528839111,4,10,-6,23,15,2.0396039603960396,2.5,4,0,303,309,265,1.6712327257708557,4.566809367031941,516.4109122631949,0.022934041033022566,44906,19.913968957871397,29.062527716186253,256x256,65536,sparse,Meijering,303,4,28,2238,31.746401602962173,0.6382151134724965,29.208821821020756,0.9978528336896043,0.3449016100178891,0.254936414280572,14,0,0.0,40,2184,32.07514398839167,0.6776821976947948,0.9975855195010895,28.872610807694098,0.3616629789107606,0.3373881932021467,4216,32.433219808343885,0.7180107030323961,0.9986660288591015,31.569632938227397,0.218598882835919,0.3397711015736767,-0.41358844443150033,0.04037549600071455,-0.31449260180096417,-0.04148861720577357,True,0.599883690343695,0.29531191028128656,0.6207396664249456,28.250247662042685,0.9993300481585117,7561
7562.png,0.6437578814627994,0.4870274277242402,0.6550348953140578,0.49158249158249157,0.9813293502613891,0.9991972325553541,27.39290325440475,0.997025394015488,28.09476352698517,0.4699738903394256,0.31841433380615214,0.4821504792454803,30.18826336674217,0.5287126210318281,2257,5,17,41,26,2.078688524590164,3.4,305,317,614.0959718350915,4.484162828961357,0.03231355974105341,-0.01312987363924134,-0.2342385381542833,-0.0001294794164743429,-0.00019078193061938808,-0.0004823549859296894,623.7025260925293,5,17,-12,41,26,2.078688524590164,3.4,5,0,305,317,238,1.9372112676185826,4.484162828961357,614.0959718350915,0.03231355974105341,45901,20.337173238812582,29.03677447939743,256x256,65536,sparse,Meijering,305,5,25,2193,30.59118465267035,0.5848170039977468,28.261930672948438,0.9972161759461073,0.4704562453253553,0.365904405254568,9,3,0.0,30,2216,30.865906628864998,0.6325640905225194,0.996759956317769,27.713362820543203,0.23131723440661445,0.44456886898096304,4174,31.348791563397484,0.6810503602094989,0.9983947790744102,30.52361237056843,0.198669238530921,0.44973938942665675,-0.1671671459632691,-0.04749007144841588,-0.4029212859281799,-0.05610438296591869,True,0.6604044743550609,0.31841433380615214,0.6568877551020408,27.627141792559033,0.9993267119718284,7562
7563.png,0.566158781074579,0.4358589647411853,0.6071055381400209,0.43849056603773584,0.9864176570458404,0.9993476423751428,28.36223451949563,0.9975095384115611,29.03447156534673,0.2919652961146737,0.20281353317080053,0.3246632568593618,30.867712505527415,0.5617402573309851,2522,6,26,60,32,2.108991825613079,4.333333333333333,367,387,686.7952540326552,3.9779078135373482,0.036346477714659466,0.03282544774124563,0.12359404694312204,-3.287094727055795e-05,-0.0001925416873940211,0.016116239510900132,613.2252216339111,6,26,-20,60,32,2.108991825613079,4.333333333333333,6,0,367,387,275,1.7746647391024644,3.9779078135373482,686.7952540326552,0.036346477714659466,45288,17.957176843774782,25.985725614591594,256x256,65536,sparse,Meijering,367,6,29,2423,31.28702193931805,0.6171330353646414,29.115829721011313,0.9977020800989551,0.27584905660377357,0.28027701847532505,9,0,0.75,38,2426,31.638643254853562,0.6682732395422136,0.9976079140082864,28.90813317034194,0.26588597064638964,0.26998491704374056,3600,31.787111318763905,0.6820613309362282,0.9984176127790125,30.96991931584398,0.17120113570457407,0.27132075471698114,-0.08135815566458149,-0.07746348530452452,-0.4193094337906338,-0.055392778033656276,True,0.6246889011486004,0.20281353317080053,0.5333333333333333,28.238640472552508,0.9993805133224134,7563
7564.png,0.6355748373101953,0.46153846153846156,0.631578947368421,0.4657970092268533,0.9805760214333556,0.9989855168732088,27.69896145105587,0.996281419057358,28.566078797345106,0.4770496992719215,0.43293011408783966,0.721369432213244,31.192873736976413,0.5883259209559237,2359,5,16,40,24,2.069182389937107,3.2,318,329,644.325124704946,4.767999861600264,0.03505976536037019,-0.010976886827735788,-0.2681426989150104,-0.00017900560668926424,-0.0002923276768836969,-0.019293702953833702,624.866247177124,5,16,-11,40,24,2.069182389937107,3.2,5,0,318,329,254,1.9584350294983124,4.767999861600264,644.325124704946,0.03505976536037019,44995,19.07376006782535,27.781263247138618,256x256,65536,sparse,Meijering,318,5,28,2281,31.52412545616523,0.6336741128195488,28.81085964946869,0.9965737467342417,0.4963434022257552,0.581048450752361,8,14,0.0,38,2254,31.83740239914069,0.6742827093794201,0.9964981013780698,28.9269736354113,0.5110795861204792,0.4672600127145582,3705,32.092217729840215,0.6959051002446172,0.9981024291275156,31.34852050385097,0.3392927616602762,0.46202732761360027,-0.2447808521235828,-0.14811833666452134,-0.3312517191888169,-0.04534819186362504,True,0.6001503456551527,0.43293011408783966,0.646551724137931,27.96710414997088,0.9991645224798981,7564
7565.png,0.6640726329442282,0.45822192513368987,0.6284666513866606,0.4608403361344538,0.9877521613832853,0.9992479264554316,27.7029857393703,0.9971069466143401,28.427135329307447,0.3880347593582888,0.2838360471780049,0.4380481238133705,31.205894486265034,0.5888644580948932,2501,7,19,48,28,2.070588235294118,2.7142857142857144,340,352,638.4440033450761,4.108130370168125,0.03531998602715977,0.009405966277561628,-0.42375217336160986,-0.0001007852339836024,-0.0004925824183271699,0.020303666921314023,605.736255645752,7,19,-12,48,28,2.070588235294118,2.7142857142857144,7,1,340,352,264,1.8137613731394173,4.108130370168125,638.4440033450761,0.03531998602715977,45014,17.9984006397441,26.20391843262695,256x256,65536,sparse,Meijering,340,7,30,2487,31.639746183446693,0.6401208888449073,29.06937346893196,0.9975995290326672,0.36773109243697477,0.24320787478254924,15,1,0.4285714285714286,41,2356,31.948022231598575,0.6777104823378647,0.997482769492752,28.970450939050394,0.23375245833162916,0.3467741935483871,3623,32.12927272053775,0.6936001074129555,0.9983524963841287,31.272618759722942,0.2542264919086078,0.35798319327731093,-0.6422381396245136,0.040628172395455686,-0.43385169718165884,-0.05125643075001407,True,0.6479563128980155,0.2838360471780049,0.6546666666666666,28.126737912731908,0.9993487116894152,7565
7566.png,0.6631736526946108,0.5319148936170213,0.6944444444444444,0.5323772272924815,0.9983700081499592,0.999273886772343,28.208226991753016,0.9976701929001873,28.63538263683242,0.4317984361424848,0.34295318018494325,0.6785816549403199,30.746085097925317,0.5537040628193829,1995,5,8,19,17,2.0228136882129277,1.6,263,266,540.2722381569924,4.346479309829015,0.029355166781494958,-0.004248871870770943,0.35512160106275203,6.922828486799482e-06,-8.42664108461344e-05,0.006331247963432207,602.8330326080322,5,8,-3,19,17,2.0228136882129277,1.6,5,0,263,266,227,2.03109863968794,4.346479309829015,540.2722381569924,0.029355166781494958,45376,22.74486215538847,32.85012531328321,256x256,65536,sparse,Meijering,263,5,24,1987,30.99576513090744,0.5946364864844108,28.562013903015018,0.9977544593110335,0.4254671881790526,0.41433070985520626,8,6,0.0,31,1930,31.274340041185273,0.6360348764857819,0.997477858705728,28.082192599289733,0.31202308817102065,0.3876575401999131,4432,31.91931633536622,0.708577283055736,0.9986943560288329,30.980981474643976,0.302323673928969,0.4171006944444444,0.07336873381740361,-0.071377529670263,-0.24968003298212338,-0.04093242366502792,True,0.5053970700329431,0.34295318018494325,0.6674225245653818,27.853105390690263,0.9992669639438562,7566
7567.png,0.7088825214899713,0.5153310104529617,0.6801563577833984,0.5158702476456226,0.9979757085020243,0.9993735847908801,27.676348624186904,0.9967695110969065,28.357626448055985,0.5231949773282176,0.6308922479772252,0.8624334975784463,30.319122657467766,0.541154409171016,2479,4,20,43,21,2.0987654320987654,5.0,324,340,634.7354626687031,4.768381612536348,0.025923435702328638,-0.005237176360115781,0.12427382185869362,9.914608989358697e-07,-4.1142454756171176e-05,0.011161492849668608,712.0485305786133,4,20,-16,43,21,2.0987654320987654,5.0,4,0,324,340,260,1.8668690078491241,4.768381612536348,634.7354626687031,0.025923435702328638,45858,18.498588140379184,26.43646631706333,256x256,65536,sparse,Otsu,324,4,26,2302,30.745783627439728,0.5973955418676146,28.439170977788322,0.9968106535516627,0.512033484478549,0.39236555413182095,11,5,0.0,31,2238,30.971028880421496,0.6387160535741891,0.9964423869180015,27.93401275818743,0.4607090188331985,0.48587373561213815,3712,31.290229070927822,0.668753931972648,0.9979548069342565,30.5022994399135,0.23296081579894146,0.5059192200557103,-0.08154452973233717,0.23852669384540426,-0.42666096997196234,-0.056241132696598584,True,0.7315256767607634,0.6308922479772252,0.7141196978500871,27.55207480232821,0.9993725933299812,7567
7568.png,0.5038484310242747,0.49425675675675673,0.6615419398598238,0.5079861111111111,0.948152948801037,0.9983479872372357,27.57623930318514,0.9967175021878919,28.186048683954994,0.34245152354570635,0.3053073172382397,0.4962830695290474,30.018114002534556,0.5219145903977132,2826,10,25,63,38,2.075566750629723,2.5,397,412,802.8648643650722,3.6764529201786225,0.04053468067451342,-0.005494546673133427,-0.881766530911051,-0.0003898393570236358,-0.0005620623223144827,0.009233890779305809,656.3644409179688,10,25,-15,63,38,2.075566750629723,2.5,10,0,397,412,296,1.948701127099686,3.6764529201786225,802.8648643650722,0.04053468067451342,45914,16.24699221514508,23.19037508846426,256x256,65536,sparse,Meijering,397,10,30,2777,30.734117512775292,0.604585911039555,28.873565496262916,0.9972795645102064,0.33321763276640054,0.2565625072488381,17,4,0.0,32,2580,30.956209260068288,0.6445868142857663,0.996937630006208,28.45033806879876,0.2248251534838983,0.28591256072172105,3101,30.973602781877247,0.6323786923486902,0.997811703597842,30.12184367669836,0.1845376288127073,0.32329525787469715,-0.6875168123079227,0.04874480998940156,-0.7160035102407356,-0.0826713206418418,True,0.6151878554470214,0.3053073172382397,0.5093429776974081,28.45800583409619,0.9987378265942594,7568
7569.png,0.7713638936049801,0.5384882108183079,0.7000225377507325,0.543006993006993,0.9847812301838935,0.9990438159412265,27.14351359535503,0.9970802266176056,27.870212817042347,0.5338894681960376,0.47270757595695145,0.6510207761910914,30.987381350859064,0.581732094963703,2446,5,12,33,21,2.0428134556574924,2.4,327,334,635.8842445558345,4.212790737822879,0.02738581975045534,0.007338445369005631,-0.4308699351097758,-0.00012474268305728842,-0.0004149061349466576,0.022026244190454847,609.1349124908447,5,12,-7,33,21,2.0428134556574924,2.4,5,0,327,334,273,1.9038450435803396,4.212790737822879,635.8842445558345,0.02738581975045534,45147,18.457481602616518,26.793131643499592,256x256,65536,sparse,Meijering,327,5,28,2408,31.38083174721548,0.6301678039032799,28.404341749417597,0.9974951327525523,0.5118632240055827,0.4991399566067851,7,4,0.0,37,2310,31.691321614634358,0.674430943917519,0.9973251870617887,28.20319892726654,0.7341970409110734,0.5217997907220091,3780,31.992113876642172,0.6930180134596979,0.9985539904952744,30.996485649647486,0.49842393093394444,0.5183374083129584,-0.5341289323752498,-0.026432380649833664,-0.39345039635641754,-0.04843570893957683,True,0.7261021356685544,0.47270757595695145,0.7640254482359745,27.574383530464807,0.9991685586242838,7569
7570.png,0.6671220400728597,0.580964153275649,0.7349491790461298,0.5864004990642545,0.9842931937172775,0.9986319554353825,28.277678910853208,0.9964203046315937,28.67215018938808,0.5304106205619018,0.4925379419546849,0.7060477802486772,31.582368585574173,0.6170977210746201,2620,4,28,56,22,2.137142857142857,7.0,350,374,709.3483785973464,4.212409546375275,0.04123409475084469,-0.006972667448031711,-0.6300556961766652,-0.0002591844789057163,-0.0006005471812065011,0.005208380362772935,598.8984107971191,4,28,-24,56,22,2.137142857142857,7.0,4,1,350,374,272,1.896653418709479,4.212409546375275,709.3483785973464,0.04123409475084469,44492,16.981679389312976,25.013740458015267,256x256,65536,sparse,Meijering,350,4,32,2471,32.12382490034035,0.6641040425587341,29.384455638059755,0.9970208518128002,0.5252022401991289,0.42783812725791703,12,6,0.0,44,2620,32.45508999008669,0.7094326714817721,0.9968694914365613,29.368268546125837,0.3414053674256443,0.49424214130096483,3496,32.52149487140263,0.7081905040398591,0.9979728330497036,31.346960456024387,0.328401937104159,0.5003113325031133,-0.7123054486716747,0.06469981469676789,-0.5414563147661795,-0.04700632148411399,True,0.6975985984705002,0.4925379419546849,0.6740947075208914,28.907734607029873,0.9988911399142882,7570
7571.png,0.6940726577437859,0.49927797833935017,0.6660245605586324,0.500542888165038,0.9949640287769784,0.9993160270203599,27.612888080180234,0.9972195092209063,28.160243320015347,0.4541847041847042,0.3698631001275111,0.6249790422323048,30.562464196197112,0.5522667439249778,2502,5,29,59,22,2.1363636363636362,5.8,352,376,700.9780628629177,4.424839257855307,0.03422616325348601,0.012903826574954702,-0.24747160052370631,-6.142503484674045e-05,-0.00039136060409972195,0.020236097597661096,657.1602821350098,5,29,-24,59,22,2.1363636363636362,5.8,5,2,352,376,271,1.864303358677968,4.424839257855307,700.9780628629177,0.03422616325348601,45556,18.20783373301359,26.193445243804955,256x256,65536,sparse,Meijering,352,5,28,2475,31.023543245423042,0.6129118460656848,28.565803051786425,0.997610869825006,0.4339486065870431,0.4511883639059735,8,2,0.7,35,2424,31.314393520772427,0.6601725338221597,0.9972818001822781,28.207186061039238,0.4566491309255002,0.4281577994933044,3736,31.536374595855637,0.6748912920715824,0.9983705809997448,30.48853640932255,0.45447137484070665,0.4399421128798842,-0.40555973177107774,-0.08132526377846239,-0.4610790492259298,-0.06064510214070706,True,0.5918008047220773,0.3698631001275111,0.6811688311688312,27.86035968070394,0.9993774520552067,7571
7573.png,0.7701593433124094,0.5758609990691902,0.7308525300255956,0.5812715314751018,0.9840933191940615,0.9986094578534658,28.314644819121963,0.9965824710693921,28.888031228103785,0.5560075093867334,0.6435026852551167,0.9130678628035666,31.18595181689909,0.5907953157578153,2456,5,8,21,17,2.0181268882175227,1.6,331,334,624.5196205295018,4.286659637606756,0.031078225019634188,0.005625879707133463,-0.3024075571703264,-0.00014471594710441238,-0.00032418130437850134,0.01641439514573184,686.7513656616211,5,8,-3,21,17,2.0181268882175227,1.6,5,0,331,334,293,1.8698192231422173,4.286659637606756,624.5196205295018,0.031078225019634188,45062,18.34771986970684,26.684039087947884,256x256,65536,sparse,Meijering,331,5,29,2387,31.546993311102604,0.6347111981273478,29.22720789283373,0.9969066523737706,0.5395931142410015,0.6331701428264764,7,7,0.0,40,2366,31.899936154588243,0.67994919216562,0.9967574634642339,28.987310740248272,0.40547945202980573,0.5322932917316693,3647,32.037996904273854,0.6922109219596833,0.9980950607043191,31.14450526112926,0.2917796465322,0.5251013408169629,-0.3391766647299441,0.010332542428640235,-0.36104149420351206,-0.04391588236953248,True,0.7047698330759857,0.6435026852551167,0.764533463605276,28.61705237629229,0.9987541738005702,7573
7574.png,0.7114041892940264,0.4918966272448533,0.6594245449207282,0.4960247349823322,0.9833625218914186,0.9992930068482273,27.508238783743423,0.9981082212840912,28.222324374610167,0.4693156732891832,0.5768379176822511,0.9496616640095374,30.68653684235569,0.5504914785008463,2095,4,17,41,21,2.0952380952380953,4.25,273,286,520.0607848950939,4.691642397489304,0.023411282516296143,0.007178837181350373,-0.26143805855797453,-9.078838565923508e-05,-6.200284732882366e-05,0.01236203090507726,613.8591766357422,4,17,-13,41,21,2.0952380952380953,4.25,4,0,273,286,211,1.818394352780047,4.691642397489304,520.0607848950939,0.023411282516296143,45592,21.762291169451075,31.282100238663485,256x256,65536,sparse,Meijering,273,4,25,2050,30.98816336867534,0.5955144311283214,28.25905385599102,0.99817022413142,0.45695364238410596,0.5665591761834957,5,3,0.0,31,2038,31.19003083679175,0.6375101113765653,0.9978336157773465,27.72695058693969,0.40717565786179344,0.4469964664310954,4267,31.73495331810606,0.6954144716001989,0.9990076443150707,31.112272090460024,0.5506710358827784,0.4651060070671378,-0.036729481380852746,0.010278741498755406,-0.3016265263196516,-0.04502295262747502,True,0.6074141344684816,0.5768379176822511,0.704225352112676,27.769676842301397,0.9993837952338865,7574
7575.png,0.691618682021753,0.49174917491749176,0.6592920353982301,0.49428676741614447,0.9896678966789668,0.9992854290668239,28.063803459962273,0.9970771180485288,28.562170857828946,0.46970253396988615,0.3898192169093202,0.5627360363129701,30.951034107950246,0.569495363840613,2397,5,19,41,22,2.0823529411764707,3.8,340,354,587.5065057550283,4.327849516447853,0.026013094958351315,0.005496762436798419,-0.42738030856230225,-0.00010540335337949625,-0.0004105529969511412,0.011875646308744325,639.0645503997803,5,19,-14,41,22,2.0823529411764707,3.8,5,1,340,354,277,1.659622897613071,4.327849516447853,587.5065057550283,0.026013094958351315,45250,18.877763871506048,27.34084272006675,256x256,65536,sparse,Meijering,340,5,29,2339,31.407010253310123,0.6232039915804282,29.127001441838605,0.99748767104548,0.4578268876611418,0.5034146962085904,6,2,0.4,37,2354,31.636506570387084,0.6661214779348473,0.9972354131303898,28.751113025193945,0.31613859078764417,0.4766801322071245,3762,31.866679035664617,0.6888698632326778,0.9983772925007851,31.101235341588055,0.31522616742829523,0.4474264705882353,-0.564830584009659,-0.11359547929927016,-0.45597614535987674,-0.05370862773981522,True,0.6927212613988687,0.3898192169093202,0.6861219195849546,28.491183768524575,0.9993908324202034,7575
7576.png,0.753329473074696,0.5415643633812697,0.7026166097838453,0.5423252546540218,0.9974160206718347,0.9991801367760359,28.155709961690235,0.9971521626154385,28.5787321047236,0.5118798043326345,0.46681610144314944,0.7700254900049179,30.379432705025856,0.5437353834882948,2436,5,14,40,24,2.0545454545454547,2.8,330,339,644.6202588227698,4.12983690030647,0.032605443100027325,-0.003619078078467841,0.01901076134976165,-5.083017183826755e-06,-0.0002741375099913901,0.012055427795929163,597.6862907409668,5,14,-9,40,24,2.0545454545454547,2.8,5,0,330,339,266,1.9015346867928284,4.12983690030647,644.6202588227698,0.032605443100027325,45632,18.732348111658457,26.90311986863711,256x256,65536,sparse,Meijering,330,5,27,2385,30.873725881234634,0.6035190018582869,28.90491430792205,0.9974263001254299,0.4998243765367053,0.48055793741295183,8,7,0.0,31,2230,31.078242873568577,0.6420950734286124,0.9968769357237531,28.213875627796575,0.207355893876222,0.4853146853146853,3669,31.362906382867774,0.6649573280466227,0.9981314534457646,30.197768220889458,0.2203334018058566,0.4891835310537334,-0.32618220319844937,-0.013741835969802385,-0.4942931762087781,-0.05978361836999213,True,0.6062346084675301,0.46681610144314944,0.7569485511531638,28.136699200340473,0.9991852197932197,7576
7577.png,0.7501692620176033,0.5023201856148491,0.6687258687258687,0.5027089783281734,0.9984627209838586,0.9993420393434863,27.704649025949053,0.9975262878132513,28.12822900723774,0.49285989965264376,0.6140316856257579,0.9346113334883002,30.49101279065072,0.5480375063665757,2333,4,6,18,15,2.012539184952978,1.5,319,321,567.060405999747,4.348421695464084,0.02392070138256073,0.0036414842398254654,0.017923223536975286,-2.341975170461197e-05,-0.00024734821002680984,0.023614251683591547,589.698076248169,4,6,-2,18,15,2.012539184952978,1.5,4,0,319,321,286,1.7665433208714836,4.348421695464084,567.060405999747,0.02392070138256073,45652,19.5679382768967,28.09087012430347,256x256,65536,sparse,Meijering,319,4,27,2311,30.959521727292916,0.6050671013877795,28.421052040401133,0.9977736360232781,0.4692456479690522,0.4681685012207898,7,2,0.0,31,2118,31.094280045862213,0.6425633233826605,0.9973155621936871,27.770917796848348,0.4574247922770118,0.4618955512572534,4145,31.60435325176477,0.6894412596561664,0.9986833757878447,30.68342445717791,0.4687380155323333,0.46847195357833654,-0.2928230331633941,0.14586318440496815,-0.46850893664219484,-0.05702959502120386,True,0.6569914825812934,0.6140316856257579,0.7465277777777778,27.686725802412077,0.9993654590951909,7577
7578.png,0.5932977913175933,0.4660529344073648,0.6357927786499216,0.4700193423597679,0.9822150363783346,0.9993467456252318,27.55556478893983,0.9975703008902191,28.169561495719805,0.32921174652241114,0.2340716616353513,0.4236861385189838,30.327753915271394,0.5361222357374599,2350,7,22,45,28,2.0940438871473352,3.142857142857143,319,334,642.6897078695564,4.201742718959677,0.03793416567947045,-0.007309649836544918,-0.33867278147918967,-6.630290010312123e-05,-0.00018853898623449883,-0.007732160634261964,614.2704486846924,7,22,-15,45,28,2.0940438871473352,3.142857142857143,7,0,319,334,246,1.9242206822441785,4.201742718959677,642.6897078695564,0.03793416567947045,45729,19.459148936170212,27.887659574468085,256x256,65536,sparse,Meijering,319,7,26,2214,30.7924362048321,0.5930696294804976,28.412054183635874,0.9977588398764536,0.3369439071566731,0.3494909052766835,8,2,0.0,32,2252,31.05285191467302,0.63940542864559,0.9976098017195321,28.07022524005896,0.4872669809581094,0.29930394431554525,3853,31.416905973632858,0.6708686397223966,0.9985866497667013,30.695220773762216,0.2542264919086078,0.29903288201160544,-0.24249268791606937,-0.11541924364133216,-0.4646822895607059,-0.0569473937430377,True,0.5524647618955876,0.2340716616353513,0.6006074411541382,27.89423757041902,0.999413048525335,7578
7579.png,0.5443786982248521,0.3148273527420447,0.47888774459320294,0.3157894736842105,0.9904153354632588,0.9994899657396109,27.95032315738578,0.9968519410867124,28.39954141054838,0.21084745762711865,0.15577255266981238,0.3277093990449704,29.864074475172465,0.5141986827768692,3068,18,39,94,62,2.094170403587444,2.1666666666666665,446,467,910.6929894980674,3.132194558868494,0.05584693055349152,0.052086817443762645,-0.6902716191184126,-9.425542054852798e-05,-0.0009092389785397836,0.036653909240021876,649.9810218811035,18,39,-21,94,62,2.094170403587444,2.1666666666666665,18,1,446,467,290,1.9500920545997102,3.132194558868494,910.6929894980674,0.05584693055349152,45930,14.970664928292047,21.36114732724902,256x256,65536,sparse,Meijering,446,18,32,2975,30.79630664483632,0.608693898581447,29.58154981047468,0.9977611800652522,0.17419354838709677,0.2922853375877995,7,1,0.6944444444444444,36,3046,31.118182388754114,0.6678942992969736,0.99765916770052,29.470147826077966,0.18424104311996325,0.1866304716661011,3077,30.871984007451175,0.6255817292209569,0.9977736367149931,29.697597876386382,0.1502874327459256,0.1772495755517827,-1.1820083999262998,-0.13651278491798713,-0.9322321696638554,-0.09449521580457776,True,0.4753374578934072,0.15577255266981238,0.49229188078108943,28.640594776504194,0.9995842211601594,7579
7581.png,0.7215536105032823,0.6434916956353804,0.7830787309048178,0.6474931986008551,0.990487514863258,0.9987094593771046,27.92309990877591,0.9969264549966752,28.327176447932736,0.5687645687645687,0.6671289163019205,1.0679378408601252,31.296103733347124,0.591509608033308,2178,4,14,29,17,2.0714285714285716,3.5,280,290,604.4792847913474,4.353366583585739,0.023582027871254845,-0.006569669628803565,-0.1495604325579123,-7.669729793446933e-05,-0.0002506335917381586,0.002110857143892475,596.1410999298096,4,14,-10,29,17,2.0714285714285716,3.5,4,0,280,290,234,2.0844113268667113,4.353366583585739,604.4792847913474,0.023582027871254845,45011,20.666207529843895,30.089990817263544,256x256,65536,sparse,Otsu,280,4,27,2174,31.49131482535697,0.6271599316600054,28.601695745567596,0.9971770885884134,0.5666537116206762,0.5415939886947765,6,7,0.0,36,2152,31.827102531014305,0.6746179770271257,0.996852100009544,28.11913907819377,0.41433070985520626,0.5530509133307423,4324,32.36511825074831,0.7173637256762007,0.9984139549936967,31.562260607622804,0.5108078882036684,0.5530509133307423,-0.2745192976348605,0.12553492760714402,-0.19521109200984554,-0.0356503236266974,True,0.6246889011486004,0.6671289163019205,0.7281232801320858,28.072660341333822,0.9987861566750391,7581
7582.png,0.5922222222222222,0.5044074436826641,0.6705729166666667,0.5168952827032453,0.9542927733168622,0.9986910947270544,27.32703265846499,0.9968758064769956,28.154387722452746,0.4091816367265469,0.2495324176132494,0.34903341423495676,29.87088317827821,0.5200563786654621,2692,10,16,43,34,2.0331491712707184,1.6,362,368,710.0532379279578,3.7110395322847105,0.03709819385489687,0.0034801199821302697,-1.0144100597385233,-0.00033603815702831774,-0.00047234199409307287,0.026366524723872187,616.2481307983398,10,16,-6,43,34,2.0331491712707184,1.6,10,1,362,368,285,1.929492494369446,3.7110395322847105,710.0532379279578,0.03709819385489687,46045,17.10438335809807,24.344725111441306,256x256,65536,sparse,Meijering,362,10,28,2649,30.58826514115173,0.597237394224302,28.80354435517956,0.9973481484710887,0.3828151120026747,0.31841433380615214,12,1,0.9,31,2632,30.83972891900609,0.6457327153142955,0.9968893837624243,28.20353496082008,0.28227347483976906,0.35659432387312184,3392,30.943449340329927,0.6406762807966871,0.9978771845512331,29.88604603164637,0.21187237225468902,0.36870203536870205,-0.6491566327268146,-0.06888191619290274,-0.717381962873521,-0.07718101555883994,True,0.7149241517755465,0.2495324176132494,0.5887421022400919,28.341442718203513,0.9990271328840827,7582
7583.png,0.5203389830508475,0.47996357012750457,0.6486153846153846,0.4840783833435395,0.9825978868862648,0.9989921817238123,28.12640046963744,0.9955232277321501,28.885292999633904,0.33047735618115054,0.3296799539643608,0.46584215958058955,31.172266105266168,0.584053603824297,2417,4,30,60,25,2.1533923303834808,7.5,339,365,639.3728264548898,5.353682512378974,0.028568744051459732,0.012986041874376908,-0.21474034399852826,-0.00011832644162257377,-0.00021720118822743384,0.007146064080721881,701.174259185791,4,30,-26,60,25,2.1533923303834808,7.5,4,0,339,365,254,1.7517063738490102,5.353682512378974,639.3728264548898,0.028568744051459732,45025,18.628465039304924,27.114604882085228,256x256,65536,sparse,Otsu,339,4,29,2337,31.52457856607262,0.6309861509154868,29.152395531538566,0.9957404289203775,0.32333129210042866,0.4037783929655534,7,3,0.0,39,2408,31.877057605485547,0.6769643117348967,0.9957641281440809,29.18505550052542,0.2467313435453431,0.30159216166564606,3649,32.0699917577003,0.6933427755512086,0.9973802347903505,31.33788241798097,0.21187237225468902,0.3205756276791182,-0.26710253190466204,-0.07409843900119262,-0.35231246080645207,-0.04693254709118977,True,0.7077074223191406,0.3296799539643608,0.5073529411764706,28.341140813635967,0.9991105081654349,7583
7584.png,0.7374156720290607,0.5910013531799729,0.7429300446523496,0.5924042048151916,0.9960091220068416,0.9988674084733569,28.027759629433902,0.9971952717226995,28.466387115373614,0.5384354893328818,0.4522848902862725,0.6862748486616654,31.47800813258015,0.605925270639444,2461,4,7,18,14,2.018018018018018,1.75,333,336,646.492576413479,4.321290671646416,0.02570143912235856,0.004082338695727383,-0.30581127656793683,-0.00010824347375681942,-0.00039593622537492656,0.005215150349830888,628.3841133117676,4,7,-3,18,14,2.018018018018018,1.75,4,0,333,336,301,1.9240850488496355,4.321290671646416,646.492576413479,0.02570143912235856,44835,18.21820398212109,26.629825274278748,256x256,65536,sparse,Meijering,333,4,30,2457,31.76905521817971,0.6488485796980439,28.95935247427741,0.9975912079480744,0.5332203389830509,0.5228860844789656,8,5,0.0,41,2260,32.154483684958215,0.6881088999212479,0.9973869249641996,28.82165342606485,0.6082544891929943,0.5235353877412801,3510,32.21934030900313,0.6969589235811031,0.9984288607862513,30.981034437847185,0.4659536933842613,0.5152232746955345,-0.49296535890379545,-0.07060119419269306,-0.2910470855995584,-0.04292330905859987,True,0.6590433718622983,0.4522848902862725,0.7333333333333333,28.33357090600184,0.9989756519471137,7584
7585.png,0.5630498533724341,0.5405052264808362,0.7017246253887476,0.5491150442477876,0.9718089271730619,0.9988945889443697,27.446441484904337,0.9978641560379371,28.204162432024972,0.37770897832817335,0.3236949931363503,0.5717724824623611,30.94180893088458,0.5651414446002498,2048,4,17,38,20,2.0948905109489053,4.25,274,287,530.9023144485518,4.501680450282827,0.027466213366174917,-0.021732755323218056,-0.09563900999267361,-8.903039468410867e-05,-1.5945066432765387e-05,-0.024945888928463833,578.4268379211426,4,17,-13,38,20,2.0948905109489053,4.25,4,0,274,287,216,1.849833848252792,4.501680450282827,530.9023144485518,0.027466213366174917,45324,22.130859375,32.0,256x256,65536,sparse,Meijering,274,4,25,1974,31.159740972323494,0.6017004858077193,28.214799195475372,0.9978801011043699,0.4026548672566372,0.324295886039374,10,2,0.0,32,1914,31.44299802304742,0.6424099163429734,0.9975975743384481,27.83303450067345,0.5247907283138555,0.4248452696728559,4669,32.12786354777065,0.7176967243111643,0.998922292315869,31.312390204786375,0.2946709934634927,0.3730088495575221,-0.010636763450399656,-0.0006008929030236754,-0.21793204143891387,-0.036559041207469445,True,0.5661255185670091,0.3236949931363503,0.5847826086956521,27.54208049489701,0.9989836193390538,7585
7586.png,0.7121473805411629,0.487572875115066,0.6555280528052806,0.4922552664188352,0.9808641975308642,0.9988286013302193,27.331407698913857,0.9966659279447838,27.98404577561181,0.4146341463414634,0.2821025672265367,0.4167155475550156,29.972514805806313,0.5273048545278091,2976,9,36,85,41,2.1285714285714286,4.0,420,447,862.7469208988455,3.5889948314144497,0.046850270278151,0.0063327576280943765,-0.3065694595938879,-0.0001323839829313611,-0.0005413735386252672,0.0007770476714974439,648.8652229309082,9,36,-27,85,41,2.1285714285714286,4.0,9,1,420,447,294,1.930082597089135,3.5889948314144497,862.7469208988455,0.046850270278151,45976,15.448924731182796,22.021505376344088,256x256,65536,sparse,Meijering,420,9,30,2857,30.678498910436,0.6089525657810198,28.541543036907434,0.9972073014834091,0.41385709866996595,0.38121660819385916,10,2,0.4444444444444444,34,2944,31.010799036452426,0.6681912082892023,0.9969328690067181,28.153438269095012,0.39468118935377583,0.40216383307573417,3193,30.89533426357508,0.6340118549891182,0.9977813936725399,29.567899284826446,0.3845826020024342,0.4174397031539889,-0.557497261295623,-0.09911404096732246,-0.7059841046296889,-0.08164771125321069,True,0.676966743577747,0.2821025672265367,0.7058146229130685,27.637977158507745,0.9989609853131507,7586
7587.png,0.7195704057279236,0.5802662490211433,0.7343904856293361,0.5904382470119522,0.9711664482306684,0.9991567525361078,27.301227459947896,0.997692755346464,28.109964586303683,0.5377883850437549,0.48166983580189315,0.6806058840296918,30.806654156805642,0.562853952345881,2167,4,10,26,17,2.0424028268551235,2.5,283,289,584.4162827352139,4.919800350185839,0.029556261430392947,0.01714616330368124,-0.12486408788902281,-7.465921279448118e-05,-4.085141642629075e-06,0.02663300655769918,641.5932178497314,4,10,-6,26,17,2.0424028268551235,2.5,4,0,283,289,240,2.02220167036406,4.919800350185839,584.4162827352139,0.029556261430392947,45448,20.972773419473928,30.242731887401938,256x256,65536,sparse,Otsu,283,4,26,2149,31.093393799618912,0.6083526439533489,28.10265722102657,0.9976968404881066,0.5111553784860557,0.5260562649062812,6,8,0.0,32,2142,31.33324962825494,0.650516951952644,0.9973914982655181,27.591345931710176,0.4015027407342352,0.50199203187251,4113,31.831133788220423,0.6963707814728958,0.9988433399726341,31.145119617637178,0.41957808485925774,0.5131474103585657,0.007307365277114286,-0.04438642910438806,-0.28673964281327,-0.04549869160746789,True,0.7077074223191406,0.48166983580189315,0.7024242424242424,27.42609154783692,0.9992314117489023,7587
7588.png,0.6861861861861862,0.40220661985957873,0.5736766809728182,0.403420523138833,0.9925742574257426,0.9994198261881724,27.828506232293556,0.9973207936431738,28.42677380798971,0.343593174974908,0.3148940753724496,0.46187316274267576,30.516059443360078,0.5520171125694581,2705,8,21,56,34,2.068783068783069,2.625,378,391,707.9050582730727,3.733053704102834,0.04006476244615551,-0.0014083675203190316,-0.38203644126963354,-0.00010412042929786036,-0.0004375574817525596,0.0018762064973761317,590.2929306030273,8,21,-13,56,34,2.068783068783069,2.625,8,0,378,391,288,1.810498870263609,3.733053704102834,707.9050582730727,0.04006476244615551,45555,16.841035120147875,24.227726432532346,256x256,65536,sparse,Meijering,378,8,30,2688,31.09520188138669,0.6206455708562457,28.95059874152363,0.9977583511249264,0.34171696847753186,0.4666468098431882,7,1,0.4375,37,2704,31.408230658247447,0.6746837364585346,0.9975300540499391,28.564543119844544,0.3885976341675914,0.3520938023450586,3434,31.456047491614406,0.659358628695447,0.9982713725214184,30.434470041980756,0.37984000499724146,0.3426081126382836,-0.5238249335339198,-0.15175273447073856,-0.5791424380266115,-0.06862845828678765,True,0.6817760822095809,0.3148940753724496,0.6875945537065052,28.21054267356319,0.9995239466174702,7588
7589.png,0.7013142174432497,0.6007266855066613,0.7505674653215638,0.6080915406620352,0.9802371541501976,0.998620658360495,27.976295219904806,0.9961786663818825,28.067273855634312,0.5384928716904277,0.5835546339796198,0.9258707609034852,30.908157572346788,0.5868773247047995,2109,4,13,30,16,2.0620689655172413,3.25,290,299,648.0930857340743,4.720933083419142,0.025221383712914387,-0.007399981216104301,-0.3369548183614164,-0.00022568583406756826,-0.0006831707724095359,0.012951392327943068,664.3166542053223,4,13,-9,30,16,2.0620689655172413,3.25,4,1,290,299,244,2.167535403792889,4.720933083419142,648.0930857340743,0.025221383712914387,44778,21.23186344238976,31.07444286391655,256x256,65536,sparse,Otsu,290,4,27,2092,31.59193761457575,0.6278910754410557,28.88775721206564,0.996861837154292,0.5255414793624846,0.7047698330759857,4,9,0.0,38,2108,31.963152871201576,0.6697670823290138,0.9968265673304815,28.94387336354484,0.3546742171427054,0.5422276621787026,4464,32.505959966565335,0.7274273016917018,0.9983736424198023,31.75585724091601,0.36579600358037345,0.5210289914250714,-0.8204833564313283,-0.12121519909636591,-0.6837800422289604,-0.04101375073625624,True,0.6302765554559411,0.5835546339796198,0.708714198659354,28.313250038266222,0.9988463441945625,7589
7590.png,0.6271797955502104,0.5926216640502355,0.7442089699359291,0.5970739422696718,0.9875735775016351,0.999004228212568,27.546949848452854,0.9975656261507142,28.20669486683603,0.4654013444049031,0.421123814743799,0.7077076368245111,31.335482526383313,0.5927480585840299,2158,4,4,11,12,2.0,1.0,283,283,509.630505694797,4.41104105251838,0.02022001077944672,-0.0003897328657508359,-0.17059832367411687,-0.00010405107701283445,-0.00013162684007894665,0.006112806855495978,560.0008964538574,4,4,0,11,12,2.0,1.0,4,0,283,283,260,1.8008145077554656,4.41104105251838,509.630505694797,0.02022001077944672,45078,20.888785912882298,30.368860055607044,256x256,65536,sparse,Meijering,283,4,27,2131,31.507839135741524,0.6274766329733017,28.284507359288135,0.9976972529907931,0.4592885375494071,0.40547945202980573,7,0,0.625,37,2126,31.85135107763031,0.6708377188412443,0.9976241400684348,28.19324332614776,0.4543154872506372,0.4586793198892843,4323,32.38602057940116,0.7185581060526415,0.9987633065630755,31.37644881464125,0.2526711775434951,0.4689600632661131,-0.07781249245210375,0.015644362713993276,-0.17235660935821073,-0.034728574389271794,True,0.5950533706734951,0.421123814743799,0.6275695284159613,27.71754817212697,0.9991082792895808,7590
7591.png,0.5177383592017738,0.5295717199184229,0.6924444444444444,0.5324675324675324,0.9898348157560356,0.9988200053310063,27.942438704657178,0.9967030583539093,28.191485214683315,0.3925774599931903,0.25098779459733056,0.42887981162430994,30.23054683279653,0.533930648528255,2602,5,20,48,26,2.0813008130081303,4.0,369,384,747.7072775507678,4.353580378581515,0.03245973443149028,0.00964232346754712,-0.44281495664956694,-0.0001578950080450836,-0.0004103031297081339,0.010244581412017062,656.2013626098633,5,20,-15,48,26,2.0813008130081303,4.0,5,0,369,384,295,1.9471543686217867,4.353580378581515,747.7072775507678,0.03245973443149028,45848,17.620292083013066,25.186779400461184,256x256,65536,sparse,Meijering,369,5,28,2589,30.765673883028214,0.6037779626679625,28.7260847411111,0.9971133614836174,0.38233287858117326,0.2683843710533581,16,4,0.0,33,2568,31.068503458468335,0.6504679900195636,0.9968237650719038,28.281733045529084,0.2729427090895812,0.3615568453397064,3510,31.182121773828037,0.6526206142144028,0.997903920410318,30.127937433703607,0.24923805888692374,0.3733788395904437,-0.5345995264277867,-0.017396576456027546,-0.5351270502316829,-0.06984731413970746,True,0.5852170883184187,0.25098779459733056,0.5080960357342267,28.385253661306745,0.9989779003390514,7591
7592.png,0.6833022388059702,0.5303398058252428,0.6931007137192704,0.5348837209302325,0.9842342342342343,0.9989350179286786,27.35389664694218,0.9962077121887135,28.25446690026688,0.557557251908397,0.5112968358009204,0.8285382297185766,31.238531547608073,0.595300015780132,2447,4,13,32,18,2.0552147239263805,3.25,326,335,627.7201493531458,5.258829572815105,0.02180242430432883,0.005581547540206566,-0.3911707223217604,-0.00015984201296670442,-0.00024495627360132666,0.0018656974408327587,713.2284641265869,4,13,-9,32,18,2.0552147239263805,3.25,4,0,326,335,276,1.8737914906064028,5.258829572815105,627.7201493531458,0.02180242430432883,45031,18.40253371475276,26.78218226399673,256x256,65536,sparse,Otsu,326,4,29,2350,31.613279018348422,0.6397392750402647,28.564053507004953,0.9964526684623148,0.5556915544675642,0.6203750276956185,7,11,0.0,38,2198,31.84360372561207,0.6712368247861126,0.9962072672037411,28.47718008473706,0.6637835062932667,0.5368614255123891,3741,32.127915115100805,0.6972807242962482,0.9980592323831937,31.22805636972627,0.4392395883906459,0.5325787702661364,-0.3095866067380726,-0.10907819189469803,-0.3747474707403491,-0.0444392592601327,True,0.6171071140248879,0.5112968358009204,0.6777206912657636,27.74506736926394,0.9990948599416453,7592
7593.png,0.6387468030690537,0.44519621109607577,0.6161048689138577,0.4485344239945467,0.9835575485799701,0.9992959810225882,27.611572628249966,0.996801411007861,28.313746803678338,0.41366417403127126,0.24986343322901816,0.4121563331077969,30.887792666492206,0.5705921787181043,2388,5,13,30,22,2.049382716049383,2.6,324,332,549.7126969130625,4.6177369326721,0.033590975457536185,-0.0031886808019140345,-0.14886872752257574,-8.675881870945368e-05,-0.00035394716868530907,0.0022803976168199735,607.7680587768555,5,13,-8,30,22,2.049382716049383,2.6,5,0,324,332,272,1.6557611352803059,4.6177369326721,549.7126969130625,0.033590975457536185,45366,18.997487437185928,27.44388609715243,256x256,65536,sparse,Meijering,324,5,28,2335,31.328692943217508,0.6232468670700687,28.776740772255604,0.9971553581765463,0.4113837764144513,0.3198585892553041,11,2,0.0,35,2174,31.520615094751875,0.6588311497840853,0.9969807444150224,28.337532986944257,0.4772079106043674,0.39263803680981596,3946,31.91769312634754,0.6942302216001663,0.9983772032967229,31.350146601173336,0.3541208436312029,0.4004771642808453,-0.4629939685772655,-0.06999515602628592,-0.4409002767253014,-0.05265468835196441,True,0.6062346084675301,0.24986343322901816,0.6419354838709678,27.760441355772542,0.9993827398412977,7593
7594.png,0.6484194294525829,0.44856129286558927,0.6193197278911565,0.4499802293396599,0.9930191972076788,0.9994192907217807,27.859516794838704,0.9974855078559628,28.594765393549633,0.39114974318451207,0.4796914787936931,0.7502153313011617,31.06909845927877,0.5734064073757312,2048,4,6,17,15,2.0142857142857142,1.5,280,282,536.5650999637489,4.634947041102818,0.01963043313785312,0.01847373511588779,-0.17326402030960253,-5.046539893838187e-05,-0.00020422183316237685,0.013530130689454745,611.3386154174805,4,6,-2,17,15,2.0142857142857142,1.5,4,0,280,282,248,1.9027131204388237,4.634947041102818,536.5650999637489,0.01963043313785312,45166,22.0537109375,32.0,256x256,65536,sparse,Meijering,280,4,26,1953,31.403184970643416,0.6107041564815937,28.865316481441514,0.9976897296891252,0.3776196124950573,0.36871635449307405,8,0,0.5,33,1946,31.626937087023485,0.6532350277574169,0.9974633594233058,28.51071293084587,0.28822967723739024,0.3368920521945433,4464,32.269022912386106,0.7192569436589061,0.9987305577944781,31.62121383318705,0.2563984955954052,0.3696682464454976,-0.27055108789188154,0.11097512430061907,-0.33408651136464584,-0.03729774910586248,True,0.6394050598269216,0.4796914787936931,0.6299456943366951,28.032780815148307,0.9994697561207191,7594
7595.png,0.5734265734265734,0.4426419466975666,0.6136546184738956,0.44556765163297046,0.9853826311263972,0.9992421720057567,27.929210632412605,0.9973258697737001,28.675451690602316,0.33514774494556765,0.33965971929501715,0.718540883562969,31.266807339374154,0.5846387181037251,2312,6,16,35,24,2.0604229607250755,2.6666666666666665,331,341,598.6088944323891,4.602742591293197,0.029269480624046492,0.007209285559801049,-0.44693901830794047,-8.216818653417057e-05,-0.00032690914195854237,0.019440124416796267,642.1420574188232,6,16,-10,35,24,2.0604229607250755,2.6666666666666665,6,0,331,341,272,1.7554513033207875,4.602742591293197,598.6088944323891,0.029269480624046492,44864,19.40484429065744,28.346020761245676,256x256,65536,sparse,Meijering,331,6,28,2210,31.585797406255175,0.6276188829505474,29.060465796814295,0.9976527789156586,0.3157076205287714,0.24146295105021143,11,1,0.08333333333333326,40,2250,31.98667912149453,0.6747888104310714,0.9975907105763874,29.120616656773578,0.24421625854427453,0.2951010886469673,3987,32.23255375035675,0.7044415183806751,0.9985351708145835,31.547536357271877,0.20312609402420767,0.3106531881804043,-0.3850141062119796,0.09819676824480572,-0.31899006688102105,-0.04298016484682221,True,0.47270757595695145,0.33965971929501715,0.5662172878667724,28.376149650720546,0.9993243401922909,7595
7596.png,0.564228367528992,0.6143599740090968,0.7611189374119542,0.6238865061035962,0.9757481940144479,0.9979927166201626,27.557486660393934,0.9959882159274991,28.56430860491026,0.49934810951760106,0.3846447622365107,0.5352650553613123,30.87137790599527,0.5746394648923626,2515,5,24,46,20,2.112094395280236,4.8,339,358,715.3553389762867,4.540113465272571,0.03613776449656128,0.018476733542063917,-1.4427276634601753,-0.0006298335957136691,-0.0006996050087039185,0.04636229625465155,689.5124912261963,5,24,-19,46,20,2.112094395280236,4.8,5,3,339,358,273,1.998199270883478,4.540113465272571,715.3553389762867,0.03613776449656128,45162,17.957057654075548,26.058051689860836,256x256,65536,sparse,Otsu,339,5,30,2451,31.47139381421428,0.6298502552122024,29.388203172940102,0.996687820936203,0.4529858132629495,0.32444602582632653,18,6,0.0,39,2500,31.719893216655844,0.678254211719202,0.9965175812597132,29.08790237217461,0.1969632809209566,0.43261012491781725,3808,31.942113163861954,0.6947335136892278,0.9976584767471709,31.16971114030054,0.14852429707479253,0.44612352168199737,-0.8238945680298428,0.06019873641018414,-0.6000159082190102,-0.055210790319839775,True,0.7186061529401905,0.3846447622365107,0.545751633986928,29.00021432385411,0.9986225502158763,7596
7597.png,0.7188434695912264,0.6386834319526628,0.7795080117354999,0.645607476635514,0.9834851936218679,0.9987052753995564,27.936928315832738,0.9967086260189133,28.223012479733683,0.6162102146558105,0.4314212111421518,0.6200551825767668,30.947991264707,0.5859807750204136,2299,4,27,54,17,2.1508196721311474,6.75,305,328,670.5706893148199,4.299324837278148,0.03588960591744137,-0.009271875413922936,-0.4247693651154165,-0.0001417126938544344,-0.00039211805755146045,0.018079373534315213,667.9551601409912,4,27,-23,54,17,2.1508196721311474,6.75,4,3,305,328,234,2.0444228332768857,4.299324837278148,670.5706893148199,0.03588960591744137,44922,19.539799913005655,28.506307090039147,256x256,65536,sparse,Otsu,305,4,28,2258,31.576281750288572,0.6325152039371624,28.909265212008187,0.9971007440764648,0.5981308411214953,0.8001123859248556,4,15,0.0,38,2248,31.87748940690344,0.676416906395029,0.9968953454786211,28.753862783910126,0.4160850848473713,0.6022388059701492,4022,32.23550955869558,0.7066079563775025,0.9984771229132353,31.73113780473601,0.40126798990011325,0.5592841163310962,-0.6862527322745038,-0.36869117478270375,-0.628290485581573,-0.04653442891674886,True,0.6957787359332959,0.4314212111421518,0.7281153450051493,28.361697680948154,0.9988469880934109,7597
7598.png,0.5196662693682956,0.5773786778754298,0.7320736434108527,0.595116187475384,0.9509125235997483,0.9984401287723784,28.989895852620158,0.9966672968646922,29.35310934721274,0.3757861635220126,0.21424568449722525,0.3929335493567126,31.551587148980897,0.595448915911953,1961,5,7,17,17,2.0149812734082397,1.4,267,269,579.7002227386537,4.7899116099104,0.026255096201203535,-0.008078000836770682,-0.3110689915611893,-0.00018406113108770938,-0.00027232768748319813,0.004526321002327582,624.0694522857666,5,7,-2,17,17,2.0149812734082397,1.4,5,0,267,269,233,2.1550194153853277,4.7899116099104,579.7002227386537,0.026255096201203535,44671,22.77970423253442,33.419683834778176,256x256,65536,sparse,Meijering,267,5,27,1940,31.86086546291197,0.6300740441644123,29.609243287896405,0.9969396245521754,0.371259842519685,0.20192727815716127,18,5,0.0,37,1756,32.06398334633367,0.659774974425254,0.9968338066772293,29.519067859258104,0.16007648464942437,0.36324281778827233,4745,32.76996147996702,0.7411146259384622,0.9981555223180746,31.9748953727564,0.13747809805714972,0.35215686274509805,-0.25613394068366446,0.012318406340063981,-0.30927831393107397,-0.034625128252459225,True,0.5452466068320598,0.21424568449722525,0.5277442702050663,29.300964844181348,0.9986241899034661,7598
7599.png,0.7398202009518773,0.5269872423945045,0.6902313624678662,0.5285433070866141,0.9944444444444445,0.9992298087459615,27.56498186883345,0.9969020258677406,28.371126422253987,0.5468852459016393,0.3934693402873666,0.5874594631662656,31.34448030799472,0.6027273547297283,2487,4,8,19,13,2.0237388724035608,2.0,337,341,582.6598705817769,4.376429005617204,0.023760866105149523,0.006127478579909584,-0.3691467513038127,-9.254177348361203e-05,-0.00040399813750136015,0.0237629107097731,642.139196395874,4,8,-4,19,13,2.0237388724035608,2.0,4,1,337,341,305,1.7086799723805741,4.376429005617204,582.6598705817769,0.023760866105149523,45000,18.094089264173704,26.351427422597506,256x256,65536,sparse,Otsu,337,4,30,2452,31.739377505675638,0.6479870480896309,28.855698932730252,0.9973060240052419,0.5231223351918662,0.5768379176822511,7,2,0.125,40,2300,32.049257505360025,0.6864575342717604,0.9971531789702808,28.653071233513273,0.5164819663601022,0.4996719160104987,3589,32.155583431852136,0.6955131705123384,0.9981856090182921,30.96408947565856,0.5099918882062322,0.5108267716535433,-0.4845725104762657,-0.18336857739488455,-0.394897197680919,-0.04525969335990265,True,0.6697812614451066,0.3934693402873666,0.7336927223719677,27.934128620137262,0.9993223505194451,7599
7601.png,0.6621212121212121,0.5807189542483661,0.7347529460409344,0.5864686468646865,0.9833978970669618,0.9985069687246068,29.13770632219765,0.9957496149419057,29.43416204958465,0.4834045349983569,0.33965971929501715,0.5917340296296628,31.679779846291225,0.6095264651021841,2247,6,8,23,20,2.012158054711246,1.3333333333333333,329,331,612.2793559532453,4.298242372944725,0.031848047419869414,-0.005226769483284599,-0.34878768331960686,-0.00022790461165800302,-0.0005133217102647469,0.003364944104262524,611.299991607666,6,8,-2,23,20,2.012158054711246,1.3333333333333333,6,0,329,331,286,1.8497865738768702,4.298242372944725,612.2793559532453,0.031848047419869414,44485,19.797507788161994,29.165999109924343,256x256,65536,sparse,Meijering,329,6,30,2183,32.11259000171864,0.6502272429213594,29.93408314538214,0.9962629366521705,0.48003959089409437,0.3981170619763076,13,12,0.0,42,2224,32.36492148747927,0.6895778917283645,0.9960634409030984,29.75019269267953,0.17994049835801917,0.4680573663624511,4110,32.729564612560594,0.7310582946101292,0.9974225571413394,31.67411709046588,0.05814358246698914,0.47376591120769945,-0.49992109579748956,-0.058457342681290436,-0.4328101554274113,-0.04070077781917525,True,0.5740074125998693,0.33965971929501715,0.6673479816044967,29.486494005517258,0.9987348733362648,7601
7602.png,0.5053968253968254,0.4456589631480325,0.616547850507669,0.4525848398350777,0.9668021680216802,0.998537597315099,27.699754023001088,0.996361968985628,28.14725499633555,0.2773745661091827,0.22894841419643375,0.45124410923538827,30.282942842359574,0.5430960156083006,3059,13,38,84,44,2.1187648456057007,2.923076923076923,421,446,847.9955028441682,3.5121694865532556,0.0422241000108377,0.017069977147798177,-0.8898997074536545,-0.0002730131194993435,-0.0007866859632935652,0.01802136382636721,637.1235847473145,13,38,-25,84,44,2.1187648456057007,2.923076923076923,13,3,421,446,293,1.9013352081707766,3.5121694865532556,847.9955028441682,0.0422241000108377,45596,14.905524681268389,21.423994769532527,256x256,65536,sparse,Meijering,421,13,33,3004,31.177738223970408,0.6283043458318806,29.198922788600523,0.9971486549489216,0.2593532022828155,0.24798574568061726,12,5,0.6282051282051282,38,2828,31.467134235295845,0.6740647583037339,0.9971250528702343,29.126396038175105,0.2628766256083722,0.25641838351822505,664,30.45101737982459,0.545086651604312,0.9960569271678659,27.73869440119537,0.28664620664889784,0.2702188392007612,-1.051667792264972,-0.019037331484183517,-0.8947953816108338,-0.08520833022357999,True,0.5073715301998645,0.22894841419643375,0.4883268482490272,28.589653730454742,0.9988106104345983,7602
7603.png,0.7294847328244275,0.5768053855569155,0.731612652823598,0.5785758133824432,0.9947229551451188,0.9991449658294751,27.581784826543853,0.9967178815870673,27.801355750392243,0.5165703861356036,0.4434509655895351,0.6531912317711678,30.06249910340131,0.5427362471146588,2591,4,15,41,22,2.066666666666667,3.75,330,341,653.8155710131323,4.458100435589299,0.037740309760105104,-0.024677852875866324,-0.03923566853682203,-3.5914789778379586e-05,-0.00025111118854470593,-0.00030077950856821634,615.9188747406006,4,15,-11,41,22,2.066666666666667,3.75,4,0,330,341,267,1.9173477155810303,4.458100435589299,653.8155710131323,0.037740309760105104,45932,17.72751833269008,25.293708992666925,256x256,65536,sparse,Meijering,330,4,28,2585,30.79052000488765,0.6099963880898421,28.14700318884764,0.996968992775612,0.5168711656441718,0.5288128887247132,8,5,0.0,32,2526,30.99354444029663,0.6543302011603443,0.9965413893299647,27.579870302902087,0.5323335729900908,0.5007671064743786,3448,31.169578000525313,0.6572579850406819,0.9977469877168061,29.7901579280977,0.526451053500765,0.5079754601226993,-0.3456474384553978,-0.0853619231351781,-0.7280209014863388,-0.06726014097518329,True,0.6788991401294393,0.4434509655895351,0.7541625857002938,27.621020495080675,0.9991808806192535,7603
7604.png,0.6644736842105263,0.5435699226985242,0.7043022991122241,0.5452943249911879,0.9942159383033419,0.9992042305628054,27.882126183701402,0.9974561834259149,28.464188658960097,0.42997888810696694,0.38121660819385916,0.6147088086556562,31.594867204183434,0.6092997675390898,2574,4,11,26,16,2.036745406824147,2.75,381,388,684.986125504537,4.530503813363123,0.017664869528270562,0.0066105389524231395,-0.32699981682880974,-8.420999684566333e-05,-0.0003937308024355435,0.004881954726635607,672.4808216094971,4,11,-7,26,16,2.036745406824147,2.75,4,0,381,388,339,1.7654281585168445,4.530503813363123,684.986125504537,0.017664869528270562,44731,17.37801087801088,25.46076146076146,256x256,65536,sparse,Meijering,381,4,32,2496,31.985225313710455,0.6564201900393788,28.890107023467415,0.9978499142283505,0.42509693338033133,0.3127107212090279,12,0,0.0,43,2396,32.28120459177245,0.6964942045444924,0.9977218523727509,28.939137479915985,0.37624648708224795,0.40183292210081073,3667,32.454089259485386,0.7068925090240498,0.998636893974154,31.382292531239273,0.33965971929501715,0.39725061684878393,-0.4259183645073179,0.06850588698483129,-0.3903581095270212,-0.04712042250028903,True,0.6201580371486213,0.38121660819385916,0.6578631452581032,28.209126000530212,0.999288440559651,7604
7605.png,0.623942745608328,0.38655980271270035,0.5575811471765229,0.3877551020408163,0.9920886075949367,0.9993407191971692,28.743451109796943,0.9955488686181938,28.916283068388378,0.37120049124961624,0.2921729930110988,0.4295518433804125,30.633986699567153,0.555680052906213,2784,10,32,72,41,2.112531969309463,3.2,391,413,786.5672986294685,3.7894690210557047,0.04473496382885324,0.01518666499679222,-0.4706813930168998,-9.839672952727252e-05,-0.0008256533299592084,0.04662552988949259,651.691198348999,10,32,-22,72,41,2.112531969309463,3.2,10,1,391,413,278,1.9045213041875702,3.7894690210557047,786.5672986294685,0.04473496382885324,45255,16.255387931034484,23.54022988505747,256x256,65536,sparse,Meijering,391,10,32,2717,31.384620561418508,0.628405054287828,29.807986159774686,0.996374521948153,0.32457496136012365,0.29832553970433506,14,2,0.30000000000000004,41,2740,31.71294357744928,0.6789974652097335,0.9963237472259723,29.72132470030362,0.15611883135541182,0.32351135666052794,3324,31.623653690723806,0.6654653703098823,0.9972237610826534,30.75094998563671,0.1050921104957665,0.3428396197485434,-0.891703091386308,-0.006152546693236283,-0.7506338618513553,-0.07272500138161497,True,0.680180978183696,0.2921729930110988,0.6087560806115357,29.214132502813843,0.9994391159266964,7605
7606.png,0.7467581998474447,0.4428789032749429,0.6138822908419108,0.4440626193203513,0.994017094017094,0.9995678230377583,27.579885086301687,0.9981406965801826,28.185742057570433,0.4260106788710908,0.4496180884775931,0.6843590828773937,30.43709932071085,0.5435260061071621,2384,4,14,33,17,2.064516129032258,3.5,310,320,566.4042663717598,4.250910334817825,0.02635695879321933,-0.008234119661003847,-0.17311333913216131,-3.193714094185118e-05,-0.00021599237438940655,0.00027566550721142,574.8858451843262,4,14,-10,33,17,2.064516129032258,3.5,4,1,310,320,260,1.770013332411746,4.250910334817825,566.4042663717598,0.02635695879321933,45744,19.187919463087248,27.48993288590604,256x256,65536,sparse,Meijering,310,4,26,2284,30.868909399322703,0.5990342766233869,28.474812580604336,0.998356688954572,0.42573501336387937,0.6171071140248879,4,1,1.0,31,2372,31.085480667733222,0.6498994827682463,0.9980652519877181,27.74819456982457,0.486582880967408,0.41809851088201605,3902,31.41759097368622,0.6732250083765392,0.9989202724896146,30.33312569732128,0.5734390436549086,0.41886216113020236,-0.289070523033903,-0.16748902554729483,-0.4318100786118535,-0.05550827051622487,True,0.6569914825812934,0.4496180884775931,0.7549923195084486,27.752998425433848,0.9995997601787001,7606
7607.png,0.6482903000697837,0.3967977723633832,0.5681535011213555,0.3976281827694454,0.9947643979057592,0.9995184939461588,27.17105845857928,0.9968886595151863,28.19260075110133,0.41869353717859625,0.36364583027491293,0.6379607368205062,30.581961524601162,0.5570939801953113,2286,4,15,36,19,2.0733333333333333,3.75,300,311,593.4896394091566,4.603225849866867,0.028060656147832083,-0.021960595987563947,-0.22342519822103313,-2.6272808040905815e-05,-0.00019816532369121287,0.0057183017408564685,616.6701316833496,4,15,-11,36,19,2.0733333333333333,3.75,4,1,300,311,245,1.9083268148204369,4.603225849866867,593.4896394091566,0.028060656147832083,45532,19.917760279965005,28.668416447944008,256x256,65536,sparse,Otsu,300,4,26,2161,31.047701723623547,0.6061498329198266,28.543453667676513,0.9970868248388776,0.4129752354377398,0.44010163343459796,8,3,0.0,33,2230,31.281050018060416,0.6518701454873542,0.9968439074203228,28.13516843863613,0.40100378514889456,0.3882106731775375,4008,31.69409054761106,0.6896042684244228,0.998152948467802,30.787581106576507,0.30132628120940674,0.4072524407252441,-0.3508529165751817,-0.07645580315968503,-0.4657401990223846,-0.04905585272451529,True,0.5700128695807603,0.36364583027491293,0.6702508960573477,27.394483656800315,0.9995447667541997,7607
7608.png,0.6629160806375997,0.6063522617901829,0.7549430796884362,0.6118484946584655,0.9854014598540146,0.998367988821114,27.816740794178408,0.9969310005151208,28.439626816994878,0.50976,0.5151908642326568,0.6720468416270234,30.59500241842389,0.5599144959637768,2656,4,18,44,21,2.075880758807588,4.5,369,383,728.6085639597093,4.240607202537661,0.029534343502985907,0.0018909355699013863,-0.48119655912436343,-0.00025723121718523867,-0.0003264067856114661,0.020109288486416577,627.0368099212646,4,18,-14,44,21,2.075880758807588,4.5,4,1,369,383,304,1.9023722296598111,4.240607202537661,728.6085639597093,0.029534343502985907,45544,17.147590361445783,24.674698795180724,256x256,65536,sparse,Meijering,369,4,29,2537,31.156916047744588,0.6219297660033605,28.821687460949885,0.9972574073007323,0.4896507115135834,0.4475173967041721,12,8,0.0,35,2422,31.357028453954005,0.6638663272802438,0.9969172136829458,28.26460842520481,0.3995044211877341,0.46862871927554983,3523,31.519608523692888,0.6689793542632766,0.9979320460238199,30.312192631949372,0.34804372212490053,0.4961190168175938,-0.3820606439550076,0.06767346752848469,-0.5619136293206992,-0.062015270039583625,True,0.7665996360988487,0.5151908642326568,0.6610251450676983,28.29793735330277,0.9986252200382992,7608
7609.png,0.6874585268745853,0.5423993747557639,0.7033189764378008,0.5436741088915001,0.9956958393113343,0.9992597897465568,27.730756059925543,0.997479060341794,28.180427442574242,0.4500587544065805,0.4709470018835131,0.7206046803374597,31.255370476436383,0.5878736324282807,2143,4,11,29,17,2.0489510489510487,2.75,286,293,524.8349579884969,4.486262195593827,0.026140676725834568,-0.0141329850617542,-0.012825616337650558,-3.864766495920158e-05,-0.00015027475453721628,-0.009009009009009028,559.5705509185791,4,11,-7,29,17,2.0489510489510487,2.75,4,0,286,293,240,1.7912455904044233,4.486262195593827,524.8349579884969,0.026140676725834568,45039,21.016798880074663,30.581427904806347,256x256,65536,sparse,Meijering,286,4,27,2064,31.519061949222035,0.6237006156539977,28.361399739733095,0.9976293350963312,0.4590677634155895,0.3701176494675643,9,3,0.0,36,1932,31.746165455071438,0.6598499131762006,0.9973570685740357,27.98007722334658,0.44169905992882275,0.45436741088915,4338,32.32310664621123,0.7175078342940827,0.9986968608439866,31.305192236594532,0.24923805888692374,0.44770857814336074,-0.18097229715885277,0.10082935241594881,-0.2636914727856521,-0.03582698322571698,True,0.6535441896699425,0.4709470018835131,0.7015915119363395,27.743581676263194,0.999298437411516,7609
7610.png,0.7617789520035226,0.670815591221749,0.8029798078808077,0.6770247933884298,0.9865125240847784,0.998439158146006,27.426861080937556,0.9969448638781726,27.88565269035331,0.6347424042272127,0.7956661289190579,1.1697859164538011,30.120332802596245,0.5364059645277878,2447,5,9,22,18,2.0253164556962027,1.8,316,320,610.8534179707308,4.526837878966633,0.029284656226481326,0.0030050737272010464,0.01891779099321056,-5.0469320763135705e-05,-8.81024079812942e-05,0.012263065384237493,585.620641708374,5,9,-4,22,18,2.0253164556962027,1.8,5,0,316,320,276,1.9089169311585317,4.526837878966633,610.8534179707308,0.029284656226481326,46046,18.817327339599508,26.78218226399673,256x256,65536,sparse,Otsu,316,5,25,2324,30.531915251520747,0.5925545161591027,27.931192814482667,0.9970329662861539,0.6224793388429752,0.6515587749714039,7,9,0.0,30,2334,30.79730448776552,0.6406332240416404,0.9964584070774033,27.281278957599508,0.505616844714937,0.5951751487111698,3776,31.10240365071475,0.660552051092532,0.9980142856731642,29.6412113773087,0.6339553651959846,0.6098447307565246,-0.045540124129356485,0.14410735394765395,-0.41158244892450213,-0.056148551631314936,True,0.680180978183696,0.7956661289190579,0.7587738782763216,27.407943289944345,0.9984896274667692,7610
7611.png,0.7048808172531215,0.5086321381142098,0.6742957746478874,0.5111778445111779,0.9903038138332256,0.9992737926116576,27.824500704707376,0.9969293399836896,28.11861606060313,0.4782608695652174,0.3887857290333072,0.5095005531348481,30.001131586051315,0.5263021687481952,2590,5,30,64,29,2.1400560224089635,6.0,357,382,752.3960260957006,4.131092116612346,0.03583885472774354,-0.01945597628782436,-0.11961523287154563,-4.193500414972906e-05,-0.00042263996301972195,-0.0017391304347825765,605.9885025024414,5,30,-25,64,29,2.1400560224089635,6.0,5,1,357,382,264,1.969623104962563,4.131092116612346,752.3960260957006,0.03583885472774354,45954,17.742857142857144,25.303474903474903,256x256,65536,sparse,Meijering,357,5,28,2582,30.663506656399413,0.599261121233372,28.589940600124102,0.9973519799467093,0.48,0.36677095188387276,13,7,0.0,32,2494,30.889900815372343,0.6460262208990138,0.9970138510917583,28.092671857634933,0.28403045443903485,0.4449251247920133,3530,31.064265599314442,0.6513982278085316,0.9982792062301575,30.361093118340875,0.20334481370216584,0.45719973457199736,-0.4713245395209711,0.02201477714943445,-0.662375070348098,-0.07295895248517681,True,0.7630722413178782,0.3887857290333072,0.7243367935409458,27.94411593757892,0.9993157276158073,7611
7612.png,0.6954703832752613,0.40060954961056555,0.5720502901353964,0.4012890094979647,0.9957912457912458,0.9995040654415264,27.13500188092388,0.9974538893503607,28.073036032092254,0.41895093062605754,0.29150720169867983,0.5053537445491845,30.643247265480653,0.5587244132269541,2375,4,14,33,20,2.0632911392405062,3.5,316,326,604.224279968053,4.733916719125796,0.030359640794546613,-0.009494155731830878,0.06471574614432285,8.220120116697593e-06,-0.0001862167452187924,0.006467891277346538,594.0799713134766,4,14,-10,33,20,2.0632911392405062,3.5,4,0,316,326,263,1.853448711558442,4.733916719125796,604.224279968053,0.030359640794546613,45579,19.191157894736843,27.594105263157896,256x256,65536,sparse,Meijering,316,4,26,2180,31.036059747479566,0.6071720259667021,28.235623232603174,0.9976401060955795,0.412483039348711,0.463590352910799,7,3,0.0,32,2238,31.293809210852032,0.6534291763765318,0.997470392088522,27.961362716599155,0.44010163343459796,0.41044776119402987,3857,31.641137878455826,0.6819262671048415,0.9985608885714405,30.584737761239452,0.5215209526034587,0.40963038318073924,-0.16258720051092013,-0.17208315121211915,-0.39281248199891294,-0.04844761273974796,True,0.5768379176822511,0.29150720169867983,0.7049645390070922,27.070286134779558,0.9994958453214097,7612
7613.png,0.7067627494456763,0.5358677685950414,0.6978045630650022,0.5383593490534706,0.9914373088685016,0.9992279450298448,27.284661811829146,0.9967071492159545,27.662070428223263,0.4737016209063844,0.4376076581879558,0.6626358166566263,30.10804101993291,0.549666504688206,2547,4,24,49,21,2.121212121212121,6.0,330,350,667.2689879021634,4.4225582783872435,0.03211726170579034,-0.021479810913672348,-0.2593282305419251,-9.350761720361422e-05,-0.0004861703128611339,-0.005541155579832813,701.9145488739014,4,24,-20,49,21,2.121212121212121,6.0,4,1,330,350,260,1.9064828225776072,4.4225582783872435,667.2689879021634,0.03211726170579034,45741,17.958775029446407,25.73066352571653,256x256,65536,sparse,Otsu,330,4,27,2366,30.91999961945377,0.6071411412770651,28.293676605858433,0.9971933195288156,0.4792427764862172,0.39709762849615793,10,4,0.0,34,2514,31.19241602308759,0.6621463391771205,0.9970185250316348,28.022544868985744,0.5934303402594009,0.4609764197940883,3583,31.359921123609706,0.6639064612738342,0.9980426934912685,30.181996050933016,0.42240877800084686,0.4742610428429093,-0.6316061776351702,0.040510029691797844,-0.8119585995208602,-0.057474636588859096,True,0.6604044743550609,0.4376076581879558,0.7282425603593486,27.54399004237107,0.9993214526470484,7613
7614.png,0.6044260027662517,0.45690259285213736,0.6272246272246272,0.45931666079605493,0.9886277482941622,0.9993508735493642,27.327883808576292,0.9973893532162696,28.169517303266936,0.35116115411681914,0.2843366860620645,0.5471225445599471,31.194350029144648,0.5882392936653542,2461,5,17,40,22,2.0701754385964914,3.4,342,354,625.6739225205354,4.562782916409231,0.02529732249462668,-0.002441551543489018,-0.4530097146093439,-8.07219178046159e-05,-0.00035287854372190175,0.008082605332035753,623.7237453460693,5,17,-12,40,22,2.0701754385964914,3.4,5,0,342,354,280,1.767440459097554,4.562782916409231,625.6739225205354,0.02529732249462668,45088,18.321007720438846,26.629825274278748,256x256,65536,sparse,Meijering,342,5,29,2358,31.56358370525202,0.635394276126065,28.67217897751712,0.9977422317599915,0.3430785487847834,0.3445937456731595,8,1,0.19999999999999996,41,2394,31.954880763523725,0.6825031342614019,0.9977028677734253,28.806287566072992,0.38430280323571486,0.3462486791123635,3735,32.11071896027833,0.6946474963243059,0.9986379996340543,31.319124299392207,0.22379089767122484,0.3415492957746479,-0.5026616742501844,-0.060257059611094954,-0.369233676107374,-0.047154982460710815,True,0.5196946989102006,0.2843366860620645,0.6068675543097407,27.780893523185636,0.9994315954671689,7614
7616.png,0.6784586228679722,0.4742836149889787,0.6434089210067281,0.4751564225248436,0.996141975308642,0.9991447543011258,28.006327319020016,0.9965702965805588,28.65011602068476,0.49541620828749544,0.6479563128980155,1.0599291010997451,31.473307228426783,0.5988783233672332,2199,5,20,47,24,2.1013513513513513,4.0,296,311,585.6330767925849,4.506829470798776,0.023838541707615103,0.010531716755810883,-0.3028462000107197,-6.748389890920414e-05,-0.0003838335147695604,-0.0018233942152649507,569.0643787384033,5,20,-15,47,24,2.1013513513513513,4.0,5,0,296,311,225,1.883064555603164,4.506829470798776,585.6330767925849,0.023838541707615103,44702,20.328331059572534,29.80263756252842,256x256,65536,sparse,Meijering,296,5,27,2026,31.832704755357657,0.6357789538273444,29.089566192504787,0.9969541300953284,0.4972396025027604,0.43384585048280244,9,4,0.0,40,2124,32.14375026118146,0.6758718289805091,0.996764846561275,29.114373663707937,0.538527739144044,0.4830757910228109,4032,32.48196803996095,0.7171813736534425,0.9982517358331977,31.56598069481609,0.27038486430273745,0.47318148420279205,-0.43945017182002744,0.21411046241521303,-0.35939752693087357,-0.03690063046011116,True,0.611320429098247,0.6479563128980155,0.6679269061121613,28.309173519030736,0.999212238200035,7616
7617.png,0.8019607843137255,0.4301994301994302,0.6015936254980079,0.4301994301994302,1.0,0.9995920823041441,27.25699582564923,0.9981328876113487,27.961434586494413,0.4418604651162791,0.49338300763441045,1.0678001690229708,30.10555775214013,0.5176400044829317,2004,6,19,46,26,2.099236641221374,3.1666666666666665,262,275,547.0711894023685,4.097087930177004,0.038717992555090154,0.0007796819515207831,0.5074757442462072,4.111929568306749e-05,-2.1281729662314675e-05,0.003114026369840317,584.648847579956,6,19,-13,46,26,2.099236641221374,3.1666666666666665,6,0,262,275,190,1.9893497796449728,4.097087930177004,547.0711894023685,0.038717992555090154,45997,22.952594810379242,32.70259481037924,256x256,65536,sparse,Meijering,262,6,23,1976,30.428932234746657,0.5672044545514897,27.798514102284166,0.998154169341011,0.43874643874643876,0.5506710358827784,4,3,0.0,27,1822,30.62295893627992,0.6069802926640468,0.997797773802548,27.09513773810256,0.37081713007363404,0.4409112482202183,4572,31.38557949852384,0.6915491238261465,0.9990572881041384,30.61554158457229,0.4363565077761259,0.4435483870967742,0.16292048421024674,-0.057288028248367984,-0.32337448260652835,-0.04956445006855803,True,0.4620555624053255,0.49338300763441045,0.8011811023622047,26.749520081403023,0.999550963008461,7617
7619.png,0.6400832177531207,0.5178781925343812,0.6823712140823195,0.5191020086648287,0.9954682779456193,0.9993153981931627,27.827604832063383,0.9974913844585861,28.44147894800244,0.4083398898505114,0.22067984330124113,0.35540959072396877,31.452260998764338,0.5970708698346414,2134,4,16,32,18,2.0833333333333335,4.0,288,300,536.9029158511305,4.6516786341865854,0.028989380411058297,0.012438647936477532,-0.2434856633544591,-5.264511111624515e-05,-0.0002488870194271575,0.02078573467130701,559.3938827514648,4,16,-12,32,18,2.0833333333333335,4.0,4,0,288,300,238,1.7896763861704328,4.6516786341865854,536.9029158511305,0.028989380411058297,44901,21.040768509840674,30.710402999062794,256x256,65536,sparse,Meijering,288,4,27,2080,31.679184741720498,0.6332261559908628,28.79824789168959,0.9977402714780133,0.3875541551792044,0.2217980640986711,13,1,0.0,38,2018,31.994187739650318,0.6709688514982022,0.9976623827480565,28.6850051241901,0.3281886975241448,0.367073651043718,4184,32.433824837007236,0.7178931257483868,0.9986709798237705,31.350976932018398,0.20745025065322198,0.3977944072469476,-0.3567689436871504,-0.0011182207974299585,-0.2269237429561599,-0.03615528615622143,True,0.6209169618966012,0.22067984330124113,0.6276445698166432,28.07109049541784,0.999368043304279,7619
7620.png,0.6663361427863164,0.5045072115384616,0.670661074495706,0.5077109162382825,0.9876470588235294,0.9986569897509632,26.0082072614377,0.9955224753082493,28.506665162124577,0.4901019796040792,0.36781387623993744,0.5428088448441584,30.99602990003075,0.593486685399168,2466,4,19,40,20,2.0923076923076924,4.75,325,340,603.9030393152228,4.723732100266677,0.026085792689614827,0.002746399196572824,-2.7059039053119136,-0.000575268818038932,-0.0007261621054817091,0.023213561097880198,657.609224319458,4,19,-15,40,20,2.0923076923076924,4.75,4,0,325,340,265,1.7761854097506518,4.723732100266677,603.9030393152228,0.026085792689614827,44953,18.22911597729116,26.575831305758314,256x256,65536,sparse,Otsu,325,4,30,2398,31.717475544724756,0.6435421645169469,29.425462112361977,0.996248637413731,0.466888418506199,0.32294312550183535,14,1,0.0,39,2296,31.953196273358195,0.6799496681621937,0.9959018686372634,28.9034219411042,0.37442928949336207,0.4463259752041125,3616,32.129783596196674,0.6955164413355022,0.9975082353788043,31.21744048394583,0.28822967723739024,0.46539740102750077,-0.9187969502374003,0.044870750738102094,-0.7214456446940076,-0.050055479117778856,True,0.6776121644545745,0.36781387623993744,0.6635897435897435,28.714111166749614,0.9992322585690021,7620
7621.png,0.6319648093841642,0.503197442046363,0.6695027918106887,0.5036,0.9984139571768438,0.999402498678406,27.49528457940177,0.9977879754180486,27.997043007334565,0.38544582167133146,0.24653817297159597,0.3995062888898297,30.069877626935476,0.5220193743253134,2269,4,12,32,19,2.0517799352750807,3.0,309,317,592.4087233853528,4.229228589141253,0.03754483488401141,-0.016862170087976525,0.17622311246683964,2.1436995230939004e-05,-0.000123714859854962,-0.009754178328668539,589.5144939422607,4,12,-8,32,19,2.0517799352750807,3.0,4,0,309,317,258,1.8687972346541066,4.229228589141253,592.4087233853528,0.03754483488401141,46110,20.32172763331864,28.88320846187748,256x256,65536,sparse,Meijering,309,4,24,2160,30.426550331598335,0.5758841037104682,28.07092091316068,0.9979116902779036,0.3952,0.32158765673589595,10,1,0.0,28,2068,30.672517213269046,0.6177958678320364,0.9974462756628685,27.27687020095885,0.33561195088444595,0.37664934026389446,3975,31.119160740626803,0.6616772846947611,0.9985268641906601,30.055236862615505,0.2972311685296489,0.3728,-0.07387790582611586,-0.07504948376429998,-0.3566727046628593,-0.05386472938515474,True,0.6171071140248879,0.24653817297159597,0.6488269794721407,27.31906146693493,0.9993810616831751,7621
7622.png,0.7291011942174733,0.5086638428956488,0.6743236345074017,0.5246227164416203,0.9435714285714286,0.9988729050328912,27.585644332871272,0.9975028969116874,28.11227584560255,0.5268350434096291,0.4081159024577764,0.6117496820855486,30.17763999771663,0.5291418926675733,2171,5,14,39,25,2.0598006644518274,2.8,301,310,597.588362591978,4.406290849577945,0.02876101494451963,-0.01671605159977252,-0.06676649533230616,-7.211186804156888e-05,-0.00014492044170344442,0.007199977959410853,626.5702247619629,5,14,-9,39,25,2.0598006644518274,2.8,5,0,301,310,237,1.9277043954579913,4.406290849577945,597.588362591978,0.02876101494451963,45905,21.14463380930447,30.187010594196224,256x256,65536,sparse,Meijering,301,5,24,2092,30.572125971003636,0.5806926762660601,28.1884115266018,0.9976478173533908,0.5196350654502182,0.569726115919881,6,5,0.0,29,2118,30.82111121366904,0.6261823502159065,0.997035318433338,27.454919420628457,0.3986459573183786,0.5259200633161852,4390,31.444431816774735,0.6904156594224011,0.9987526299586362,30.879721978339152,0.2973814773370046,0.5158227848101266,-0.07613568099925061,-0.16161021346210458,-0.39448597328700785,-0.05155078359848686,True,0.6671289163019205,0.4081159024577764,0.7458172458172458,27.65241082820358,0.9989450169009327,7622
7623.png,0.8016806722689076,0.4119460500963391,0.5835152838427948,0.4119460500963391,1.0,0.9995727449989807,27.302100321091235,0.997916994523726,28.212541004969385,0.4131690412013862,0.47795422323898396,0.8541480716122964,31.458458337489947,0.599194182446979,2132,4,6,21,17,2.0136986301369864,1.5,292,294,497.75614305934533,4.534917433376181,0.0293593285881845,-0.008004969192434763,-0.12806531284049427,-1.1884411867613132e-05,-0.00022854042375786143,0.004305842742812038,547.2609996795654,4,6,-2,21,17,2.0136986301369864,1.5,4,0,292,294,254,1.69304810564403,4.534917433376181,497.75614305934533,0.0293593285881845,44908,21.063789868667918,30.73921200750469,256x256,65536,sparse,Meijering,292,4,27,2109,31.686588421522636,0.6342593355021137,28.520407915042874,0.9981455349474838,0.40886319845857416,0.5452466068320598,5,2,0.0,38,2082,32.05836137657943,0.6762498710666145,0.9981247053598389,28.556105617706248,0.47270757595695145,0.4096339113680154,4190,32.464175257606755,0.7190206393630941,0.998926551443815,31.340973466257765,0.5648219407336433,0.4007707129094412,-0.3078669100734892,-0.06729238359307588,-0.22813008403268853,-0.03506515305513469,True,0.5595683454940007,0.47795422323898396,0.8096856414613424,27.43016563393173,0.9995846294108484,7623
7624.png,0.5057324840764331,0.39516616314199393,0.5664789952360328,0.40333024976873266,0.9512727272727273,0.9989137009116195,27.976374174539586,0.9965692555324649,28.640012344330977,0.29696598222494636,0.2234211862696256,0.41534892845958093,30.47382090886519,0.5530661011346232,3054,14,38,99,60,2.1116279069767443,2.7142857142857144,430,454,896.3034210891893,3.4767217181449714,0.050356857851560015,0.00573248407643312,-0.8483655821497535,-0.0002604276479636347,-0.0008556773666520412,0.017372887280433402,639.1842365264893,14,38,-24,99,60,2.1116279069767443,2.7142857142857144,14,0,430,454,271,1.9742366103286066,3.4767217181449714,896.3034210891893,0.050356857851560015,45465,14.887033398821218,21.459070072036674,256x256,65536,sparse,Meijering,430,14,33,2985,31.306219123690973,0.632967121045584,29.64618745518059,0.9974249328991169,0.27959309494451295,0.2756640681930842,8,0,0.7857142857142857,40,2738,31.614997787585576,0.6751747346779676,0.9972731277666048,29.440187858920595,0.1925273979785601,0.26331998768093623,660,30.637291132243703,0.5558676851128962,0.9962131310500115,27.958140161132476,0.26655304377571065,0.29244992295839756,-1.0061751108496146,-0.052242881923458606,-0.8323982148257834,-0.07990101991096077,True,0.5379120324163,0.2234211862696256,0.5,28.82473975668934,0.9991741285595831,7624
7625.png,0.670534813319879,0.5931389365351629,0.7446167097329888,0.6066666666666667,0.9637681159420289,0.9987841727683995,28.192308809256605,0.9968005964542928,28.50480888574989,0.5242582897033159,0.2799402271939051,0.4230237043179715,30.33605089421186,0.5429865141089645,2322,5,16,37,20,2.070063694267516,3.2,314,325,643.6617167044758,4.138535090312836,0.026090268678993913,0.011935431239549432,-0.38945784219814783,-0.00013054764866748947,-0.00023876186996973914,0.02513456029567479,602.410078048706,5,16,-11,37,20,2.070063694267516,3.2,5,0,314,325,257,1.9804975898599224,4.138535090312836,643.6617167044758,0.026090268678993913,45622,19.647717484926787,28.223944875107666,256x256,65536,sparse,Meijering,314,5,26,2245,30.88644227110767,0.5981956846849946,28.83754668330948,0.9970393583242625,0.4991237294076411,0.3469841295877826,13,9,0.0,30,2086,31.050099540675816,0.633788687608731,0.9965717307824767,28.24609025821783,0.12826755150386604,0.49739854318418314,4027,31.5124780979882,0.6823987079980569,0.9981131993475725,30.637862382525334,0.10736743747107969,0.4808087731322824,-0.33273779755959154,-0.06704390239387747,-0.55039137689581,-0.05520917057603014,True,0.6617601433121683,0.2799402271939051,0.6585993820803295,28.581766651454753,0.998914720417067,7625
7626.png,0.685986793837124,0.4845814977973568,0.6528189910979229,0.4849699398797595,0.9983498349834984,0.9994666845879252,27.408611486695186,0.9974913697964795,28.208725732862398,0.43527054108216434,0.3455761180911414,0.6062602031166591,30.610147019582197,0.5531636914984329,2246,4,12,30,19,2.051282051282051,3.0,312,320,543.0163499189968,4.340650038841443,0.024947694721518934,0.019565045122943325,0.039596341912545796,3.765435324099009e-06,-0.0001078450125281405,0.012024048096192397,620.7358837127686,4,12,-8,30,19,2.051282051282051,3.0,4,0,312,320,263,1.6969260934968624,4.340650038841443,543.0163499189968,0.024947694721518934,45616,20.309884238646482,29.178984861976847,256x256,65536,sparse,Otsu,312,4,25,2064,30.96965395353575,0.5974574031331101,28.357508730250814,0.9975992148090076,0.42324649298597194,0.4088670243081043,7,1,0.125,31,2218,31.203739042397448,0.6477361730307338,0.997296444138773,27.86964039393974,0.4088670243081043,0.4036072144288577,4258,31.714904933401407,0.6962188448201325,0.9986204286149191,30.9059151750094,0.408444635633185,0.4216432865731463,-0.14878299738841605,-0.06329090621696287,-0.35950693395355415,-0.04429371163467721,True,0.5700128695807603,0.3455761180911414,0.6664217487141807,27.36901514478264,0.9994629191526011,7626
7627.png,0.7834061135371179,0.4620431115276476,0.632051282051282,0.4624765478424015,0.9979757085020243,0.9995768836484044,27.25237621162718,0.9982194671886667,28.371233924012998,0.4936708860759494,0.4810771198410596,0.9037136567188009,30.849202206193365,0.5594615885616653,2014,4,16,42,21,2.08955223880597,4.0,268,280,546.1311215856869,4.458146973777173,0.03664477458695415,-0.026969557303669234,0.4106252378777313,1.3110704923491312e-05,0.00010129235376055146,0.007742180635048834,634.8788738250732,4,16,-12,42,21,2.08955223880597,4.0,4,0,268,280,205,1.950468291377451,4.458146973777173,546.1311215856869,0.03664477458695415,45429,22.556603773584907,32.540218470705064,256x256,65536,sparse,Otsu,268,4,24,1867,31.102006960495054,0.5960187036228332,28.01586089379108,0.9981181748349062,0.48592870544090055,0.5252657000600875,4,2,0.0,32,1906,31.327443494054407,0.639503663440865,0.9979460766257712,27.491776411287468,0.5228860844789656,0.4803001876172608,4480,31.962816559648974,0.7075579263658326,0.9991482270979797,31.50087891469136,0.4155843717880138,0.47889305816135086,0.35537303022191935,-0.04418858021902794,-0.2528047543016889,-0.03655711506116788,True,0.5323335729900908,0.4810771198410596,0.8103756708407871,26.84175097374945,0.9995637729434809,7627
7628.png,0.647780925401322,0.35271317829457366,0.5214899713467048,0.35312378734963135,0.9967141292442497,0.9995499158480722,28.140052771843532,0.9968474448636904,28.96095016599702,0.32029434546862895,0.19624560751934916,0.4061805848369409,31.544711789165838,0.5970844198625707,2064,6,12,34,24,2.0425531914893615,2.0,282,288,573.5943981750921,4.425870521271483,0.03296801349211028,0.0069763277001726465,-0.07247545737181937,-8.988146577015854e-07,-0.0002517004508463261,0.009855851095326662,597.5754261016846,6,12,-6,34,24,2.0425531914893615,2.0,6,0,282,288,224,1.9916472158857346,4.425870521271483,573.5943981750921,0.03296801349211028,44661,21.638081395348838,31.751937984496124,256x256,65536,sparse,Meijering,282,6,27,1933,31.87080835997297,0.6311675846589705,29.345768451519593,0.9970991453145367,0.3104384943733023,0.2917796465322,8,0,0.8333333333333334,39,2006,32.14736299687274,0.6741979147230576,0.9972006066861274,29.33990937542027,0.2618707717169598,0.31640170608763085,4489,32.717849055525114,0.7323913192659511,0.998384056627215,32.044016004696594,0.3296799539643608,0.3084982537834691,-0.3848182855225737,-0.09553403901285085,-0.32609657080713106,-0.034083164796399834,True,0.4831486655083008,0.19624560751934916,0.6408045977011494,28.21252822921535,0.9995508146627299,7628
7629.png,0.6529466791393826,0.41409691629955947,0.5856697819314641,0.41409691629955947,1.0,0.9995849692006957,27.13099178178773,0.9981650434058222,28.099300745038647,0.3494553376906318,0.302323673928969,0.5890404340586652,31.20948222493532,0.5889491734556793,2077,5,16,27,15,2.0785714285714287,3.2,280,291,454.73051576758405,4.509679116095815,0.02305046244436888,-0.015003272737421969,-0.3514498350793147,-1.7412702160601867e-05,-0.00029053202498996455,0.00011613064217363966,562.7701282501221,5,16,-11,27,15,2.0785714285714287,3.2,5,1,280,291,238,1.5626478205071601,4.509679116095815,454.73051576758405,0.02305046244436888,44875,21.605681271064036,31.553201733269137,256x256,65536,sparse,Meijering,280,5,26,1959,31.582005071735427,0.621852174391752,28.654372317091138,0.9984555754308122,0.34933920704845817,0.3873736058155839,6,0,0.4,36,2042,31.905590513203098,0.6677181008721816,0.9982811850970335,28.52605392353723,0.3873736058155839,0.34008810572687226,4518,32.52385405222425,0.7295863053979149,0.9990975276009795,31.620971125421367,0.37231340254223544,0.3585903083700441,-0.5550715720524906,-0.08504993188661492,-0.3725228468001056,-0.03290300093607268,True,0.5132477440400283,0.302323673928969,0.6679499518768046,27.482441616867046,0.9996023819028563,7629
7630.png,0.7094430992736077,0.42061386888973096,0.5921579087756735,0.42301829268292684,0.9866666666666667,0.9993687209772395,27.779616999675003,0.9971734023459659,28.56890432606742,0.3779047619047619,0.43823219154052084,0.8705192654108352,31.627264885500942,0.6058623948165743,2265,6,18,41,24,2.0752351097178683,3.0,319,331,553.8010921125348,4.328900126080528,0.03638596805487823,-0.00803495339997573,-0.4508779959387148,-9.953883958113696e-05,-0.0005314067242102594,-0.012952380952380937,579.434871673584,6,18,-12,41,24,2.0752351097178683,3.0,6,0,319,331,254,1.6731150819109784,4.328900126080528,553.8010921125348,0.03638596805487823,44569,19.677262693156734,28.93421633554084,256x256,65536,sparse,Meijering,319,6,30,2235,31.99904083533521,0.6484626324261126,29.19029530639474,0.9977048090701761,0.39085714285714285,0.43258633120299617,6,1,0.5,41,2060,32.27718958773037,0.6803297952948842,0.9976729269984584,29.118584259384388,0.320682503643579,0.3935238095238095,3841,32.561686213020586,0.7136786471390473,0.9985686228880508,31.420084583480005,0.29765695999282116,0.369002284843869,-0.6213909803273232,0.005645860337524677,-0.3717759498342694,-0.04260023760953824,True,0.5034146962085904,0.43823219154052084,0.7174780526735834,28.230494995613718,0.9994682598168206,7630
7631.png,0.6707712248865846,0.3892557022809124,0.5603802117087925,0.3941051352172592,0.9693572496263079,0.9992224598344537,27.416999457809773,0.996626983550495,28.342474641399257,0.3713680387409201,0.29832553970433506,0.44388085361601953,30.498433704978538,0.5560014683409985,3111,12,35,92,51,2.107476635514019,2.9166666666666665,428,451,875.5158273157201,3.6071038402129556,0.047043029333523376,0.015804337469366048,-1.0708836286153236,-0.00027020457587445534,-0.0008466027218566596,0.01858772880473053,643.6617374420166,12,35,-23,92,51,2.107476635514019,2.9166666666666665,12,0,428,451,285,1.9412767789705498,3.6071038402129556,875.5158273157201,0.047043029333523376,45445,14.607843137254902,21.065895210543232,256x256,65536,sparse,Meijering,428,12,34,3091,31.30573316837249,0.6389627790159087,29.36471716853668,0.9974735862723516,0.3527803099361896,0.3743028988057413,9,3,0.0,39,2964,31.62100330005667,0.6854897968003479,0.9974048332167098,29.17011234834034,0.4387001363768085,0.35733819507748404,666,30.60465660964258,0.5562345836325076,0.9961511237995057,27.754819801623402,0.5017566499874784,0.3745443499392467,-1.022242527137422,-0.07597735910140624,-0.807299463393953,-0.0829613106749102,True,0.6720847211004115,0.29832553970433506,0.6549668874172185,28.487883086425096,0.9994926644103281,7631
7632.png,0.5371716042481833,0.6372549019607843,0.7784431137724551,0.6489616613418531,0.9724715739078397,0.9985170620463666,28.159119250132086,0.9970568401819877,28.48820247461765,0.4223898372369988,0.4113950303216448,0.6245538612209096,31.43548004744144,0.5993474080647354,2134,4,7,18,14,2.020408163265306,1.75,294,297,571.3720841928579,4.307267058868797,0.027038460396884366,-0.005249210231454637,-0.37673168142718794,-0.00017833973361569555,-0.00031722062692907116,0.0012321526062602506,605.8948040008545,4,7,-3,18,14,2.020408163265306,1.75,4,0,294,297,262,1.9238117312890803,4.307267058868797,571.3720841928579,0.027038460396884366,44633,20.91518275538894,30.710402999062794,256x256,65536,sparse,Meijering,294,4,27,1978,31.86275237738757,0.6344247850628846,28.922775637151968,0.9973740608089168,0.42115768463073855,0.2830342964049105,11,1,0.0,40,2086,32.20216146221639,0.6783030436051879,0.9973547878874613,29.034705086656963,0.3136472951436571,0.40718562874251496,4280,32.63676006559867,0.7276362887367934,0.9985484838005294,31.750698236287462,0.19455763951644822,0.4054269752593775,-0.434573162534317,0.1283607339167343,-0.4272723299461276,-0.03507737699814917,True,0.6587022446990063,0.4113950303216448,0.542420814479638,28.535850931559274,0.9986954017799823,7632
7633.png,0.5713159968479118,0.3797513321492007,0.5504634397528322,0.380562477750089,0.9944186046511628,0.9995433892287825,27.878286055095614,0.9970678881017571,28.420536634042797,0.32621842760583425,0.32022947431967896,0.5272012226055558,30.582329963108712,0.5498982757166071,2454,4,30,61,30,2.1533923303834808,7.5,339,365,681.7400694051217,4.410701855797331,0.03516274104111713,-0.013059003152088189,0.0997873228378019,-1.5016214690688479e-05,-0.0002657354279691493,-0.013048215327594037,620.8813190460205,4,30,-26,61,30,2.1533923303834808,7.5,4,0,339,365,248,1.8677810120688236,4.410701855797331,681.7400694051217,0.03516274104111713,45636,18.596577017114914,26.705786471067643,256x256,65536,sparse,Meijering,339,4,28,2439,31.038159912972304,0.6112369073755606,28.73200505491688,0.9973336235297262,0.3392666429334283,0.3106457574757776,10,0,0.25,33,2312,31.272276886410108,0.65021661334781,0.9969521500688205,28.281983145086315,0.5093381083007599,0.33380782918149465,3762,31.54874572809525,0.6741171943628419,0.9983467783612475,30.73674484486083,0.19893900145093446,0.3349946600213599,-0.3114684208740819,0.009583716843901358,-0.4558299498635918,-0.06133863165895348,True,0.6074141344684816,0.32022947431967896,0.584375,27.778498732257813,0.9995584054434732,7633
7634.png,0.6694966646452395,0.5779852197588486,0.7325610056692137,0.5836606441476826,0.9834546657842489,0.9989651968048505,28.247305985203614,0.9972115150101256,28.627219966224132,0.4843260188087774,0.3885976341675914,0.5686545847871961,30.874938834325523,0.5636553365609198,2196,5,17,40,22,2.080808080808081,3.4,297,309,633.9928967348941,4.1761534266198925,0.03775743277275772,0.01362869398509281,-0.2936206754596924,-0.00010420150213141799,-0.00027186331811024367,0.01551472026032702,634.2570781707764,5,17,-12,40,22,2.080808080808081,3.4,5,0,297,309,235,2.051756947362113,4.1761534266198925,633.9928967348941,0.03775743277275772,45270,20.614754098360656,29.84335154826958,256x256,65536,sparse,Meijering,297,5,27,2143,31.2809364120173,0.6114221337666946,28.94360015432978,0.9974833783282359,0.4688112985484504,0.37846033928086964,9,6,0.0,33,2010,31.496649564230918,0.6469360525639968,0.9972498669137838,28.554320765678675,0.240849744091718,0.4524833789597184,3928,31.897695401842853,0.6944757322234898,0.9984742603939362,31.06514752394748,0.09356440030432434,0.4746153846153846,-0.31638018810564716,0.01013729488672177,-0.40599757769177813,-0.047766797205774814,True,0.6833632306209467,0.3885976341675914,0.6558679706601467,28.540926660663306,0.9990693983069819,7634
7635.png,0.72484366117112,0.6607294317217981,0.7957099080694586,0.6680960548885078,0.9835858585858586,0.9989096614014008,27.89894189085446,0.9973828792354558,28.176828778973668,0.6176218990590248,0.5034146962085904,0.7702840973352213,30.272125002700815,0.5335474992276775,2255,4,15,35,17,2.070063694267516,3.75,314,325,598.7719949350405,3.831321853361312,0.027809040564646993,-0.002323968886683514,-0.10487387995663511,-6.912545307247164e-05,-0.00012853947456836767,0.01625027454123651,568.0763721466064,4,15,-11,35,17,2.070063694267516,3.75,4,1,314,325,262,1.8423753690308913,3.831321853361312,598.7719949350405,0.027809040564646993,45839,20.327716186252772,29.062527716186253,256x256,65536,sparse,Otsu,314,4,25,2164,30.70467983816709,0.5872027965851098,28.324144677363833,0.9975114187100241,0.6013716245177883,0.6724124724763104,5,11,0.0,29,2126,30.905666662734102,0.6296108223840176,0.99677846346956,27.461122880302213,0.20205394631368334,0.5898637137989778,4171,31.424175306525445,0.6822914444782798,0.9986474560709605,30.787046490283238,0.24205378865419724,0.5720969800085071,-0.1473158983901648,-0.16899777626772006,-0.4325548354662736,-0.05365529735743224,True,0.6535441896699425,0.5034146962085904,0.7271676300578035,28.003815770811094,0.9989787868544733,7635
7636.png,0.6459363957597173,0.41747249083027677,0.5890378734415432,0.4190093708165997,0.9912905779889153,0.999276816841473,28.01970607708517,0.9967139367297471,28.793291962894468,0.356760374832664,0.45845728522436724,0.6924309346520353,31.096657898348795,0.5789837675933308,2608,8,34,72,35,2.143646408839779,4.25,362,388,772.3795346081179,3.9927749508652237,0.04956056756438349,-0.007690915762331052,-0.6508635719759575,-0.00014521533893918637,-0.0007359322168769555,0.0013386880856760541,624.9587535858154,8,34,-26,72,35,2.143646408839779,4.25,8,0,362,388,255,1.990668903629166,3.9927749508652237,772.3795346081179,0.04956056756438349,45075,17.283358895705522,25.12883435582822,256x256,65536,sparse,Meijering,362,8,32,2600,31.660399706098744,0.6393436609716799,29.731246795763685,0.997449868946624,0.35542168674698793,0.5116225293338128,6,4,0.0,40,2394,31.902955108355037,0.6754106981439494,0.997214795788707,29.345562582900993,0.4255175407065437,0.33366800535475233,3638,32.04538919419585,0.6919052131242622,0.9982442531001463,31.444381365927278,0.3453381024975076,0.33668005354752345,-0.9379548328692167,-0.053165244109445564,-0.563741807749949,-0.06035989337834913,True,0.6620982141052869,0.45845728522436724,0.6536273115220483,28.67056964906113,0.9994220321804121,7636
7637.png,0.4549019607843137,0.5623678646934461,0.719891745602165,0.5809974517655624,0.946058091286307,0.9982573912158965,28.00652173491605,0.9970129330134897,28.595249561782214,0.3307860262008734,0.20048501186636292,0.34258229273933694,30.88639037786311,0.5672612175972527,2324,6,15,28,20,2.0564263322884013,2.5,319,328,605.901113553256,4.50549498919783,0.02477762425126993,-0.023187926856135743,-0.520676729777179,-0.00029816724918985127,-0.00042013100703897077,-0.012372634643376956,606.2648296356201,6,15,-9,28,20,2.0564263322884013,2.5,6,0,319,328,271,1.8472594925404124,4.50549498919783,605.901113553256,0.02477762425126993,45305,19.494406196213426,28.199655765920827,256x256,65536,sparse,Meijering,319,6,28,2251,31.33474602776023,0.6157974888270252,29.017705006307857,0.9974330640205287,0.34315866084425034,0.31750494679460994,10,2,0.0,35,2284,31.584951769285375,0.6607328794370049,0.997078891938815,28.63147122119834,0.24723335529380375,0.3117497271735176,3899,31.890649303010235,0.6921167682489274,0.9983392239740908,31.070847130355425,0.14480739929288722,0.33757730083666787,-0.4224554445256423,-0.11701993492824703,-0.4483556498971204,-0.048536271229772554,True,0.5852170883184187,0.20048501186636292,0.47808988764044946,28.527198464693228,0.9985555584650864,7637
7638.png,0.6762874929258631,0.3359710603662672,0.5029615840243696,0.34004576659038904,0.9655620532813515,0.999201469087927,27.439232792540697,0.9955421714320623,28.230295742358322,0.32290477277917334,0.31613859078764417,0.5187939474945377,29.549734454383717,0.5217657944108477,4333,23,60,143,85,2.115625,2.608695652173913,640,677,1286.343199824983,3.058720222488046,0.054806440176405485,0.005173803830735513,-1.1322158495912689,-0.00024701079287303696,-0.0014655165425436767,0.01700628169549706,698.1041431427002,23,60,-37,143,85,2.115625,2.608695652173913,23,1,640,677,412,1.9000638106720535,3.058720222488046,1286.343199824983,0.054806440176405485,46015,10.619663051003924,15.124855758135242,256x256,65536,sparse,Meijering,640,23,42,4317,31.024570179955013,0.6511902664461505,29.663456241294938,0.9970076879746059,0.3058984910836763,0.3296799539643608,13,5,0.0,41,4028,31.359061203115502,0.7104577058878927,0.9968586969820058,29.390153732977584,0.2500717755597912,0.29469593049839965,464,29.741965047909265,0.5161795078588094,0.9938651495565558,26.34557116919412,0.5470619872234423,0.3609022556390977,-1.4331604989366156,-0.013541363176716614,-1.474835725571296,-0.12942447203530283,True,0.6093721646414789,0.31613859078764417,0.6711136890951276,28.571448642131966,0.9994484798808,7638
7639.png,0.7075812274368231,0.5855055857920367,0.7385727190605239,0.588879285508499,0.9903100775193798,0.9980437872152079,28.275393615622324,0.9949522986948192,28.713819781561337,0.6252510760401722,0.8060199577091081,1.1342556386398635,31.252095820634803,0.5951696591432002,2477,4,6,14,12,2.011904761904762,1.5,336,338,735.4816698144394,5.028239946989786,0.014100516065013084,-0.006993671348602071,-0.5094469211390269,-0.00019687622051101084,-0.0005533798186081462,0.0016539537380139135,639.742374420166,4,6,-2,14,12,2.011904761904762,1.5,4,0,336,338,310,2.1759812716403504,5.028239946989786,735.4816698144394,0.014100516065013084,44890,18.122729107791685,26.457811869196608,256x256,65536,sparse,Otsu,336,4,30,2421,31.70957640627673,0.6431293367230843,29.377222454606176,0.9955056785134273,0.6235971223021582,0.6526769665669173,8,18,0.0,41,2330,31.990271452934145,0.6817225912956558,0.9952248480018554,29.19800333490069,0.365098693044295,0.6425507577923935,3618,32.098561103337744,0.6961005643643497,0.9971180378968697,31.14222979901647,0.2932362473034431,0.5855958845384396,-0.663402673044839,0.15334299114219074,-0.4574805856419282,-0.047959677579884064,True,0.7106157820609493,0.8060199577091081,0.7145748987854251,28.78484053676135,0.9982406634357189,7639
7640.png,0.6902439024390243,0.3624194348041646,0.5320232896652111,0.36404382470119523,0.9878378378378379,0.9996280457172153,26.820379285607547,0.9984203577740093,28.03501009220995,0.3197414221780209,0.24421625854427453,0.5001444781422248,31.22915339486905,0.5779237824464482,1815,4,9,22,15,2.0416666666666665,2.25,240,245,432.05518558143945,4.8862904265522955,0.025030412561049997,-0.00492338380632884,0.05995022482357015,-5.128261865816608e-05,-2.3662917370104175e-05,0.006992418193957128,602.3068428039551,4,9,-5,22,15,2.0416666666666665,2.25,4,0,240,245,203,1.763490553393629,4.8862904265522955,432.05518558143945,0.025030412561049997,45086,24.84077134986226,36.10798898071625,256x256,65536,sparse,Meijering,240,4,24,1760,31.46474041380795,0.6074609594757358,28.016480902376077,0.9984440206913794,0.31274900398406374,0.35079062331485267,5,1,0.375,34,1764,31.688868671448375,0.6449249573866145,0.9984646470421885,28.25030653780089,0.3494909052766835,0.3097609561752988,5262,32.658870258800874,0.7455322654666342,0.999286953732234,32.22915086985686,0.41491608640829314,0.301792828685259,0.01852918983387397,-0.10657436477057813,-0.23558701893889733,-0.029537177029287598,True,0.48829142221345756,0.24421625854427453,0.6951672862453532,26.760429060783977,0.9996793283358735,7640
7641.png,0.6701502286087524,0.5001812250815513,0.6668277361681566,0.5043859649122807,0.9836065573770492,0.9991172861611668,27.663857264800807,0.9969942441754351,28.386622791509026,0.42178362573099415,0.26801847177168736,0.4632772298640988,30.943819607400012,0.5718114295552843,2277,6,20,47,26,2.089171974522293,3.3333333333333335,314,328,584.763104702196,4.509320258714591,0.03390614246163578,0.012375342466917627,-0.3526617763103239,-0.00017914730521051414,-0.00022583884689564293,0.003289473684210509,577.8017044067383,6,20,-14,47,26,2.089171974522293,3.3333333333333335,6,0,314,328,241,1.7828143436042536,4.509320258714591,584.763104702196,0.03390614246163578,45261,19.877470355731226,28.78173034694774,256x256,65536,sparse,Meijering,314,6,27,2218,31.306768470106242,0.6174409312597967,28.7957420302933,0.9972200830223308,0.41849415204678364,0.39173391755055176,7,1,0.41666666666666663,36,2188,31.620374254893658,0.6629103481701376,0.9970215476732419,28.47957431752825,0.30387234438242117,0.4088417975886007,3860,31.925886698311984,0.6922837890348486,0.9984098870448843,31.176806190033503,0.23347069788557806,0.41109894121942314,-0.4091192387842746,-0.1237154457788644,-0.3629488627062294,-0.04562950170451241,True,0.5785271852240825,0.26801847177168736,0.6577748861418348,28.01651904111113,0.9992964334663773,7641
7642.png,0.7294727744165946,0.47560975609756095,0.6446280991735538,0.47583294228061945,0.9990147783251232,0.9995329286402157,27.74179682602652,0.9980017991416764,28.083801473277582,0.45382462686567165,0.4831486655083008,0.8534302900375498,30.038969758386926,0.5182294221957277,1985,4,18,36,19,2.1076923076923078,4.5,260,274,526.1057100979663,4.496190761602842,0.02617972854506623,-0.008811929385350581,0.18075479939760086,-1.7582912315017296e-06,-7.769816049663092e-05,0.007555269756333305,588.5298252105713,4,18,-14,36,19,2.1076923076923078,4.5,4,0,260,274,205,1.9200938324743277,4.496190761602842,526.1057100979663,0.02617972854506623,46029,23.188413098236776,33.015617128463475,256x256,65536,sparse,Meijering,260,4,23,1984,30.433275428094042,0.5678238600377596,28.18661424146478,0.998079497302173,0.44626935710933835,0.47621116717027334,6,4,0.0,27,1784,30.637983960952468,0.6025906323140776,0.9977572007289813,27.49957897310992,0.31613859078764417,0.41952135147817926,4721,31.445668470999045,0.6994177352038021,0.9989576578763618,30.890775901244268,0.38245293823532,0.4333958724202627,-0.10281276818719931,0.006937498338027481,-0.39430566970711567,-0.04959443784203199,True,0.5661255185670091,0.4831486655083008,0.7382847038019452,27.561042026628918,0.9995346869314472,7642
7643.png,0.6670113753877973,0.36134453781512604,0.5308641975308643,0.3627161535217208,0.9896432681242808,0.9996564079772776,27.670617352449327,0.9980593023197979,28.34948258597917,0.3133698861239983,0.42650152412428466,0.7340205856706721,30.181497615913994,0.5220807200674882,2225,5,20,44,24,2.0961538461538463,4.0,312,327,566.1159072346455,4.316546466488105,0.03168181083997759,0.02098454360245161,0.2345531191748762,1.2104324847661552e-05,-0.0001753956605958784,0.007169970476592125,601.4142036437988,5,20,-15,44,24,2.0961538461538463,4.0,5,0,312,327,244,1.7312413065279653,4.316546466488105,566.1159072346455,0.03168181083997759,45951,20.652134831460675,29.45438202247191,256x256,65536,sparse,Meijering,312,5,24,2025,30.58023930956683,0.5734970214082533,28.49366205697021,0.9982346979803938,0.3061999156474062,0.42879093615118524,5,1,0.5,29,2124,30.84505658872384,0.622154469097406,0.9981342116375055,28.147412150292006,0.4511883639059735,0.2969211303247575,4136,31.300120403733214,0.6779862180992519,0.9988278644646837,30.397857294629084,0.38532811057020366,0.30409110080134966,-0.14417947099103756,-0.0022894120269005835,-0.3987416936528376,-0.051416301340765136,True,0.581048450752361,0.42650152412428466,0.6460268317853457,27.43606423327445,0.99964430365243,7643
7644.png,0.6451265481960151,0.6541841803591899,0.790944790944791,0.6592221794378129,0.9884526558891455,0.9986872000749096,27.713417699807117,0.9972327407906926,28.04989802389344,0.5013404825737265,0.2850592133241737,0.4305391666240676,30.103523303427973,0.5261782406057143,2324,4,12,28,16,2.0516129032258066,3.0,310,318,608.0116564875525,4.198104186211863,0.02822330700419205,0.0013427644122313565,0.015510664334378532,-3.398199535431523e-05,-5.4027823556679344e-05,0.0001875233116204189,628.9494037628174,4,12,-8,28,16,2.0516129032258066,3.0,4,0,310,318,266,1.9119863411558227,4.198104186211863,608.0116564875525,0.02822330700419205,45945,19.769793459552496,28.199655765920827,256x256,65536,sparse,Meijering,310,4,24,2096,30.52697985290242,0.5775823562986536,28.021958219267958,0.9972867686142493,0.5011529592621061,0.42566673755268425,11,7,0.0,31,2212,30.81429807244781,0.6300344530447907,0.9969804763963047,27.72517012212508,0.3629512469313644,0.4504227517294389,4103,31.23875645910853,0.6731569303816473,0.9984724288258457,30.55705967173054,0.26388110881561155,0.4845005740528129,0.027939804625482623,-0.14060752422851053,-0.423456549474448,-0.051404115692939345,True,0.6620982141052869,0.2850592133241737,0.6437837837837838,27.69790703547274,0.998721182070264,7644
7645.png,0.7726130653266332,0.5352003111629716,0.6972384089181657,0.535616971584274,0.9985486211901307,0.9994589704273757,26.958651823865146,0.9975845058295878,27.526351367931206,0.5542215336948102,0.64654531804122,0.9193154049992976,30.805212464119975,0.5729182004916105,2244,4,15,34,16,2.078853046594982,3.75,279,290,585.5558565063421,4.8818935984779,0.026516008952760725,-0.0062209017202615735,0.14111967106727263,1.0397600317069156e-05,-9.288108911598147e-05,-0.002026033451939524,685.9197616577148,4,15,-11,34,16,2.078853046594982,3.75,4,2,279,290,229,2.0191581258839353,4.8818935984779,585.5558565063421,0.026516008952760725,45554,20.30035650623886,29.204991087344027,256x256,65536,sparse,Otsu,279,4,26,2210,31.127531884797094,0.6148275857811843,27.688965488014293,0.9976773869187038,0.5562475671467497,0.6849424630965867,4,4,0.5,33,2044,31.408380061626854,0.6535807054319922,0.9974967587010066,27.498716536155353,0.6394050598269216,0.5527442584663294,4088,31.896433514886876,0.695878286960172,0.9988307307505863,31.213620341063532,0.5838321717007806,0.5453483845854418,-0.16261412008308795,-0.03839714505536673,-0.3223194206771183,-0.041909385289573886,True,0.7032899857059547,0.64654531804122,0.7788339670468948,26.817532152797874,0.9994485728270587,7645
7646.png,0.7226890756302521,0.5321221695629279,0.6946210689121843,0.5340909090909091,0.9931203931203931,0.9989776798132742,27.592660799777843,0.9945020800261993,28.213988694052887,0.5902285263987391,0.4627723436950688,0.5538697737465432,30.50795170963176,0.561803503262382,2764,4,22,52,23,2.1043478260869564,5.5,345,363,760.8330153162077,5.558351435177568,0.024767378798612644,-0.002238098735124483,-0.36059222302852945,-0.00014624859092371434,-0.0002913618065023549,0.0326175327412338,744.5740699768066,4,22,-18,52,23,2.1043478260869564,5.5,4,1,345,363,270,2.095958719879356,5.558351435177568,760.8330153162077,0.024767378798612644,45672,16.523878437047756,23.710564399421127,256x256,65536,sparse,Otsu,345,4,30,2716,31.091497368357004,0.6271869559448535,28.705138948802748,0.9947934418327017,0.5576109936575053,0.6218634858439442,8,8,0.0,35,2476,31.286677920076418,0.663778216379906,0.99388198869193,28.23892149951292,0.5617650075350508,0.5467758985200846,3080,31.30818965840004,0.6485889490229032,0.9956744028111566,29.697715143585622,0.5452466068320598,0.5487193028782678,-0.4911502547498614,-0.15909114214887543,-0.5835456587252423,-0.06538345268247148,True,0.8355255434228451,0.4627723436950688,0.7249271743653766,27.953253022806372,0.999123928404198,7646
7647.png,0.6473087818696884,0.49227013832384053,0.6597600872410033,0.49529267294310275,0.9877551020408163,0.9994262608124598,28.080297504223918,0.9975555731060699,28.21269065940138,0.4377281947261663,0.30359102385457903,0.523243611826868,30.75097541735415,0.5771388770325104,2234,4,22,43,18,2.118811881188119,5.5,303,321,574.5064231571962,4.00852637873231,0.028968637020267526,0.00487119009288961,-0.0001725821261153726,-1.6509496457706163e-05,-0.00038868005191317057,0.023483413719207646,620.8486557006836,4,22,-18,43,18,2.118811881188119,5.5,4,2,303,321,242,1.7897396360037243,4.00852637873231,574.5064231571962,0.028968637020267526,45181,20.224261414503133,29.335720680393912,256x256,65536,sparse,Otsu,303,4,28,2217,31.461567349594564,0.6246592318377123,28.79055534676848,0.9979442531579831,0.41424478100695866,0.3147694993341297,10,2,0.25,35,2034,31.633043749165644,0.6580147195242768,0.9976602158466868,28.278232342387714,0.41919100790451513,0.3888661481784691,4103,32.13637545233095,0.705956315107068,0.9988300561560399,31.521232900141797,0.32294312550183535,0.4150634465820712,-0.5778646873670965,-0.011178475479550642,-0.710591932240412,-0.04752035480520189,True,0.5802097091918857,0.30359102385457903,0.6424375917767988,28.080470086350033,0.9994427703089175,7647
7648.png,0.6776536312849162,0.5843681519357194,0.7376671277086216,0.5914972273567468,0.9797917942437232,0.9989587697837313,28.00766947835514,0.9971891974419116,28.426203197955555,0.5009208103130756,0.38635171048238215,0.6475133005377844,30.010111709345786,0.5222539206183905,2358,5,23,52,27,2.1142857142857143,4.6,315,333,660.789544397821,4.245861881498307,0.04529861810327858,0.034715134701772676,0.17241830529319913,-9.394255038985833e-06,-0.00011484711240505874,0.03807422990642123,620.9805011749268,5,23,-18,52,27,2.1142857142857143,4.6,5,0,315,333,236,1.9843529861796383,4.245861881498307,660.789544397821,0.04529861810327858,46062,19.53435114503817,27.793044953350297,256x256,65536,sparse,Otsu,315,5,25,2279,30.47608927330275,0.5825094842110587,28.531400997312737,0.9973040445543166,0.46284658040665433,0.32294312550183535,12,2,0.0,29,2310,30.722743835054143,0.6301654577921714,0.9968337544735844,27.872764627018313,0.3127107212090279,0.4634416543574594,3946,31.125283739625388,0.6651216904588658,0.9981572689475805,30.256604847164358,0.3188685728204529,0.4558877814691768,-0.10519779935718176,0.0634085849805468,-0.4659775639569652,-0.06025556359266826,True,0.5966699219328813,0.38635171048238215,0.6429384965831435,27.83525117306194,0.9989681640387703,7648
7649.png,0.6930909090909091,0.48454788248760017,0.6527884862503213,0.48659003831417624,0.9914129586260734,0.9993133939421419,27.03393483869528,0.997594246343005,27.72974814623126,0.3990053557765876,0.37984000499724146,0.5957362806408593,30.006953876627364,0.520552389208391,2612,5,36,62,23,2.162303664921466,7.2,382,413,737.6834854672544,3.9288746343233196,0.0297529447990077,0.002116179849031785,-0.19186807559338348,-1.7256791172814978e-05,-0.0002839953100990389,-0.007508054185098256,640.5925750732422,5,36,-31,62,23,2.162303664921466,7.2,5,3,382,413,297,1.7861585604533963,3.9288746343233196,737.6834854672544,0.0297529447990077,46092,17.64624808575804,25.090352220520675,256x256,65536,sparse,Meijering,382,5,27,2541,30.50872269108645,0.5921719498497923,28.180456165010327,0.997878241653104,0.40651340996168583,0.6014809589154859,5,2,0.8333333333333334,30,2390,30.785533534231632,0.635736287666834,0.9975670330665076,27.733943181883987,0.598280019902414,0.4191570881226054,3657,31.017708779092107,0.6513209573803984,0.9985352153275737,29.866232632175745,0.3898192169093202,0.4036767522022214,-0.45070801877906774,-0.22164095391824445,-0.501768814459087,-0.07161956064140129,True,0.6375975701675096,0.37984000499724146,0.6909747292418773,27.225802914288664,0.9993306507333147,7649
7650.png,0.7988922028121006,0.6546518792359828,0.7912865388195867,0.6570810142238713,0.9943846513804399,0.9983386755659731,28.006741001016092,0.9956583314712251,28.439189563278223,0.6416666666666667,0.4831486655083008,0.7408487669422972,31.119561966772025,0.5885400672328726,2421,4,9,24,17,2.03257328990228,2.25,307,312,617.0238932623271,4.867105392369075,0.025914948550312185,-0.013742090269119878,-0.3088719240874731,-0.0001351939942163538,-0.000406629937717895,-0.0013008758371972906,600.1007556915283,4,9,-5,24,17,2.03257328990228,2.25,4,0,307,312,266,1.9776406835330964,4.867105392369075,617.0238932623271,0.025914948550312185,45140,18.645187938868236,27.0698058653449,256x256,65536,sparse,Otsu,307,4,28,2361,31.46843024880793,0.6344134336180605,28.82846978867037,0.996064961408943,0.642967542503864,0.5736522708218472,8,10,0.0,40,2414,31.840133752826688,0.6798910227060576,0.9959757504710655,28.95808419911967,0.4709470018835131,0.6207960506016662,3812,32.037056850883914,0.6962847489372976,0.9976081439162152,31.101747397212527,0.48789764879864816,0.6218721037998146,-0.38928022539214524,-0.0905036053135464,-0.34886828203590525,-0.04587336638518791,True,0.6521555910829127,0.4831486655083008,0.8126342930812205,28.315612925103565,0.9984738695601895,7650
7651.png,0.4839764551994768,0.5165945165945166,0.6812559467174121,0.5243500549249359,0.9721656483367278,0.9987048151305239,27.869427831412935,0.9971063326485399,28.369251103770242,0.29099560761347,0.25173643242143473,0.43324516586435774,30.6414440064298,0.553941519399129,2578,11,21,60,39,2.0576368876080693,1.9090909090909092,347,357,718.524529786251,3.765045725303012,0.05113361619612373,-0.03747998173160255,-0.7067158294447466,-0.0002521684128157231,-0.0005582824116385776,-0.025988286969253316,617.2688007354736,11,21,-10,60,39,2.0576368876080693,1.9090909090909092,11,1,347,357,248,2.012673752902659,3.765045725303012,718.524529786251,0.05113361619612373,45398,17.60977501939488,25.421256788207913,256x256,65536,sparse,Meijering,347,11,30,2562,31.20927835311953,0.6191692538029412,29.095731364250227,0.9976646150601785,0.3169838945827233,0.20485498267303381,13,1,0.9090909090909091,35,2354,31.414454982259542,0.6573327865326604,0.997273899175241,28.481945829018297,0.27707113075078493,0.29769315269132185,3634,31.61267768365082,0.672567245492662,0.9982307810912872,30.49655109106339,0.20433053835830717,0.305382643720249,-0.7264802604799847,0.046881449748400916,-0.5678343466897289,-0.06522773440381224,True,0.581048450752361,0.25173643242143473,0.5214564369310793,28.57614366085768,0.9989569835433396,7651
7652.png,0.5523698069046226,0.5648885350318471,0.7219537013482575,0.5731017770597738,0.9752577319587629,0.9987924482482654,27.98431013127137,0.9972566463224308,28.356097658528185,0.4808544941555824,0.43163985324245946,0.6731713566047862,30.140669297773343,0.525033973688736,2119,4,9,23,16,2.0341296928327646,2.25,293,298,579.530812794301,4.517366679862091,0.025385272964609858,-0.00641879167019932,-0.027404439809551207,-4.173095645121361e-05,-7.370960613695132e-05,0.008318145205663152,659.0859889984131,4,9,-5,23,16,2.0341296928327646,2.25,4,0,293,298,254,1.9447342711218136,4.517366679862091,579.530812794301,0.025385272964609858,45955,21.687116564417177,30.92779613025012,256x256,65536,sparse,Otsu,293,4,24,2053,30.550382588631887,0.5762347925105171,28.45738076663769,0.9973303559285678,0.47253634894991925,0.421123814743799,9,8,0.0,30,2114,30.803843274724954,0.6224249324434641,0.9970767254117613,27.91897743816942,0.3701176494675643,0.4352561516740621,4404,31.3676638907117,0.6905065422331013,0.9984105046918048,30.711355635573987,0.18477058478060926,0.46562123039806996,-0.1012831081095058,0.010516038498660452,-0.40971329085854435,-0.05120081882178107,True,0.6412035345940483,0.43163985324245946,0.5587885985748219,28.011714571080923,0.9988341792047166,7652
7653.png,0.6321353065539113,0.5645782289114456,0.7217002237136466,0.5703677510608204,0.9823386114494519,0.9989348440563014,27.8777437545375,0.9961250898225924,28.233722812064933,0.49754730203223546,0.4758618581916646,0.7063197071927061,29.88292218550911,0.5183742562324849,2274,4,17,44,25,2.0866666666666664,4.25,300,313,653.7723862625198,4.480519404411316,0.04003660045680393,0.018750350801698845,-0.2065739439023737,-0.00010902600748974312,-0.00030994866424916,0.046698645738034616,615.6063079833984,4,17,-13,44,25,2.0866666666666664,4.25,4,0,300,313,231,2.0887296685703474,4.480519404411316,653.7723862625198,0.04003660045680393,45998,20.22779243623571,28.819700967458225,256x256,65536,sparse,Otsu,300,4,25,2247,30.481197120772208,0.5797309299308914,28.674561447668978,0.9964350384868416,0.45084865629420084,0.36641659876042776,11,5,0.0,31,2250,30.76828699772658,0.6276289632565204,0.9962844479598091,28.315167634916207,0.14347501866020207,0.4977248862443122,4011,31.17703256237672,0.671471815661526,0.9976648861850712,30.622676613974065,0.12747470713057618,0.4856943475226797,-0.44083863560404524,0.10944525943123684,-0.5982749352630989,-0.06135667369840647,True,0.6737202053769605,0.4758618581916646,0.6133849557522124,28.084317698439875,0.9990438700637911,7653
7654.png,0.5706914344685242,0.3986394557823129,0.5700389105058365,0.3990013617793917,0.9977298524404086,0.9995222972933108,28.15012460346995,0.9974384618505228,28.892952030829345,0.2897959183673469,0.21686050509344446,0.4110059857274362,31.416920793945188,0.5862321047846454,2006,4,13,29,15,2.0636042402826855,3.25,283,292,533.1463906784163,4.40949170749516,0.026307672787469746,0.0029831011351908465,0.061753741560526265,-1.2784247869546128e-05,-0.00025229498495615843,0.0065458048857309215,585.6623649597168,4,13,-9,29,15,2.0636042402826855,3.25,4,1,283,292,239,1.8258438036932054,4.40949170749516,533.1463906784163,0.026307672787469746,44844,22.35493519441675,32.66999002991027,256x256,65536,sparse,Meijering,283,4,26,1921,31.639729830707672,0.6208207385417611,29.080210040196338,0.9976907568354789,0.283250113481616,0.18126924692201818,9,0,0.0,37,1860,31.95540030644746,0.6598045012098795,0.9975721700973473,28.85301932680672,0.22508350203891914,0.2755333635950976,4407,32.502591257743426,0.7239905340352095,0.9986128713323441,31.616677156100963,0.17113029516747502,0.2923286427598729,-0.18725800936699244,0.03559125817142628,-0.22280903676248442,-0.03458863375711574,True,0.5276334472589853,0.21686050509344446,0.5677083333333334,28.088370861909425,0.9995350815411803,7654
7655.png,0.7148403796376186,0.7028432732316228,0.82549378945225,0.7084935337294652,0.988780487804878,0.9979569941954752,28.771632493744676,0.9954883816973741,28.872568273029486,0.6458046767537826,0.6410041478442985,0.9020404049924685,31.24205542301968,0.5969164024427733,2546,4,11,30,19,2.0380434782608696,2.75,368,375,890.6192399812963,5.418727024417857,0.023996289934097,-0.00020386814999207026,-0.4073451386573339,-0.00025640662927273183,-0.0005838014665973112,0.008710719366426645,835.9787464141846,4,11,-7,30,19,2.0380434782608696,2.75,4,0,368,375,319,2.3749846399501204,5.418727024417857,890.6192399812963,0.023996289934097,44696,17.555380989787903,25.74076983503535,256x256,65536,sparse,Otsu,368,4,31,2463,31.82125330623357,0.6464912927287222,29.571373511836796,0.9960721831639714,0.637093957387356,0.5533589378977357,10,17,0.0,41,2344,32.17545355446725,0.6870055131882318,0.9954057336774939,29.233704642859415,0.17027973628380633,0.6760854583046175,3364,32.23897931841282,0.6934812916471336,0.9974255332205383,31.458380177489357,0.08619752836636918,0.6460973982655104,-0.69880523880731,0.08764520994656277,-0.5791978832138902,-0.04957489028594886,True,0.7106157820609493,0.6410041478442985,0.7150442477876107,29.17897763240201,0.998213400824748,7655
7656.png,0.5981900452488688,0.3997534921939195,0.5711769885529792,0.40173410404624277,0.9878172588832488,0.9995302215167643,27.65082349597258,0.9977938864455587,28.521141207424886,0.32136963696369636,0.18879198780743112,0.31182285041882873,30.92857388405443,0.5641157500757107,2100,4,15,40,22,2.078291814946619,3.75,281,292,566.5071732259555,4.688244999091396,0.026967195895075277,0.007784141189828175,-0.2741380751009963,-2.075879987795126e-05,-0.00019254818865210854,0.016249901208122475,638.0033493041992,4,15,-11,40,22,2.078291814946619,3.75,4,0,281,292,219,1.9400930589929943,4.688244999091396,566.5071732259555,0.026967195895075277,45358,21.599047619047617,31.207619047619048,256x256,65536,sparse,Meijering,281,4,26,2098,31.17661964314621,0.6067548930063595,28.849924936915965,0.9979864346342108,0.3051197357555739,0.23731417167113078,11,0,0.125,33,2010,31.501089391937587,0.6480015550108115,0.9975776079466881,28.289136800493104,0.5009255520148639,0.2671345995045417,4276,32.00779398084413,0.7038002204574871,0.9987392897412338,31.237341007812937,0.22067984330124113,0.310074318744839,-0.3287837294910787,-0.048522183863699664,-0.24804575909178084,-0.042639142930648855,True,0.605446289628399,0.18879198780743112,0.5904059040590406,27.924961571073577,0.9995509803166422,7656
7657.png,0.5904887714663144,0.49658886894075405,0.6636276391554702,0.4987378290659935,0.9913978494623656,0.9993667313653037,27.944845641111296,0.9975767679640538,28.43285409800744,0.36530833032816445,0.29295903069483864,0.4592123745385114,30.35100320974214,0.5390062288517864,2337,4,15,38,20,2.070287539936102,3.75,313,324,569.7318814238829,4.359881898846489,0.024878151697453384,0.018398824376367306,0.02958041007683576,-1.4126140146508703e-05,-0.00012164315344176391,0.01117922827262896,574.8844146728516,4,15,-11,38,20,2.070287539936102,3.75,4,0,313,324,255,1.7584317327897585,4.359881898846489,569.7318814238829,0.024878151697453384,45769,19.584510055626872,28.042789901583227,256x256,65536,sparse,Meijering,313,4,26,2275,30.777103412491847,0.5956608692650273,28.459619392074096,0.9976984111174956,0.3541291020555355,0.2846619136474401,12,2,0.0,32,2302,31.039397454493418,0.6416301316099086,0.9973890057741976,28.074784912441938,0.38669253151750504,0.3720259552992069,4084,31.45317412533377,0.6809116676878142,0.9984331413809029,30.50303619313995,0.20705387669331632,0.3434234234234234,-0.02676529406665651,0.00829711704739855,-0.4261002027497085,-0.056654640413240864,True,0.6379597914565125,0.29295903069483864,0.5720899470899471,27.91526523103446,0.9993808575054502,7657
7658.png,0.5758730158730159,0.5968089693833549,0.7475020253848231,0.6088869335679719,0.9678321678321679,0.9987030377253988,27.72564698527735,0.9974797425605435,27.893006153897225,0.45386969829470925,0.29012520294054533,0.4589713131276789,30.20097399995132,0.5267867387371021,2098,4,12,31,19,2.0567375886524824,3.0,282,290,638.3470520776765,4.395416119419936,0.026748534903645958,0.007691197691197638,-0.012235959947169306,-7.797121031116738e-05,-0.00012993290570406657,0.02052170005449805,606.9810390472412,4,12,-8,31,19,2.0567375886524824,3.0,4,0,282,290,232,2.2011967313023284,4.395416119419936,638.3470520776765,0.026748534903645958,45909,21.88226882745472,31.237368922783602,256x256,65536,sparse,Meijering,282,4,24,2062,30.596330383402197,0.5782929259888135,28.11249983662838,0.9976096754662476,0.4333479982402112,0.37569179302103917,9,5,0.0,29,2098,30.86367052197412,0.6239741475542404,0.9973102254130909,27.567054560618832,0.35453079547803124,0.41072999120492526,4361,31.440432869869284,0.6878021627693887,0.9986295496854515,30.60972737146242,0.2357718348285095,0.4167032967032967,-0.2194936827311551,-0.08556659008049383,-0.39535638345087776,-0.05150618725171141,True,0.6321205588285577,0.29012520294054533,0.5681818181818182,27.73788294522452,0.99878100893571,7658
7659.png,0.5167464114832536,0.46812799193751575,0.6377209541788227,0.48060010346611487,0.9474757776644569,0.9982402622138471,27.832313378288074,0.9957578815600467,28.510714716683523,0.30261806981519507,0.2146297371642808,0.31321040634340247,30.084064602154793,0.5417130126906746,3783,17,48,105,60,2.1101243339253997,2.823529411764706,563,594,1131.5094310803158,3.1460519906259132,0.04529261505005789,0.03971806348716367,-1.4894219199952765,-0.000635649303884045,-0.0012476094114588498,0.02850376932385812,687.0725154876709,17,48,-31,105,60,2.1101243339253997,2.823529411764706,17,2,563,594,398,1.9048980321217384,3.1460519906259132,1131.5094310803158,0.04529261505005789,45633,12.06264869151467,17.323817076394395,256x256,65536,sparse,Meijering,563,17,38,3672,31.26995530164351,0.6461351393975057,29.83633486075255,0.9970054909715056,0.27411430049133695,0.2246528732653572,18,1,0.7205882352941176,42,3692,31.62368331316634,0.7079546094595135,0.996711341755726,29.430114759314463,0.11642913742032168,0.2547655847501288,536,30.288483774316607,0.5373007265630878,0.9947692136028032,27.213506446768267,0.24421625854427453,0.2717166494312306,-1.3256201440690276,-0.010023136101076413,-1.1858906994887164,-0.10442212670683104,True,0.6852573631572181,0.2146297371642808,0.47702834799608995,29.32173529828335,0.9988759115177311,7659
7660.png,0.5852534562211982,0.3621659634317862,0.5317501290655653,0.3635721849629368,0.989433237271854,0.9993838736059891,27.453550486730837,0.9964183341178177,28.37334896634907,0.35250789196773064,0.19658901891873004,0.30574050862625424,30.850525917235714,0.566222635901056,2553,8,29,68,33,2.121739130434783,3.625,345,366,717.0672274973736,3.835819337333458,0.033154090768673095,0.00013865020377934467,-0.6532477426135941,-0.000128632305858023,-0.0005755551601202002,0.014236287029459005,602.4837493896484,8,29,-21,68,33,2.121739130434783,3.625,8,2,345,366,244,1.9592000751294327,3.835819337333458,717.0672274973736,0.033154090768673095,45223,17.71367019193106,25.670191931061495,256x256,65536,sparse,Meijering,345,8,30,2507,31.410775445760272,0.6270477638453495,29.175774673536424,0.9969938892779379,0.33827160493827163,0.3106457574757776,10,1,0.625,39,2522,31.759015307395494,0.672772210718595,0.9970573512145593,29.20616426715986,0.27780099325236296,0.3014472290857748,3660,31.857223814956175,0.6845344551808497,0.997963438411462,30.853846845521296,0.17113029516747502,0.3273431994362227,-0.8024257071873535,-0.11405673855704757,-0.5602495285245581,-0.06082512794429351,True,0.6429930394308526,0.19658901891873004,0.5851148060174188,28.10679822934443,0.9995125059118471,7660
7661.png,0.7135537959944108,0.5733333333333334,0.7288135593220338,0.5744274809160306,0.9966887417218543,0.9990477028811464,27.68909009763859,0.9969252382554745,27.922464260526084,0.576281849638251,0.5154062870843735,0.7820521517847286,30.39755310227259,0.5570488616740121,2540,5,15,33,17,2.062111801242236,3.0,322,332,653.7504762198469,4.4544021602002735,0.03061990818201192,-0.02109111763322835,-0.3332123527655888,-7.455074136941686e-05,-0.0003342200243808824,0.0038088680743603165,618.8080310821533,5,15,-10,33,17,2.062111801242236,3.0,5,2,322,332,272,1.969127940421222,4.4544021602002735,653.7504762198469,0.03061990818201192,45624,17.96220472440945,25.801574803149606,256x256,65536,sparse,Meijering,322,5,27,2415,30.956967588244503,0.613463872132948,28.462194318500366,0.9972594582798554,0.5724729815638907,0.6581329408187211,6,6,0.0,33,2442,31.210263979267623,0.6619777167599414,0.9967514308204183,27.83299144643111,0.5099918882062322,0.5769961977186312,3655,31.442392817137147,0.6693218835547213,0.997961511674761,30.104437039087646,0.49741977497457157,0.5720177664974619,-0.5397300579742819,-0.14272665373434756,-0.5594144859719137,-0.05641501045893582,True,0.6590433718622983,0.5154062870843735,0.7346449136276392,28.02230245040418,0.9991222536225158,7661
7662.png,0.6858006042296072,0.4592476489028213,0.6294307196562835,0.4639746634996041,0.9782971619365609,0.9992438104256669,27.351813490733434,0.9973226861632022,28.223457213616626,0.40878512069647804,0.302323673928969,0.5601110243299116,30.961928859584532,0.5704935550175193,2208,6,13,32,23,2.046511627906977,2.1666666666666665,301,308,589.6532779146738,4.181601665740789,0.024263763951852306,-0.007364328905608231,-0.16152717023794594,-9.750650971662722e-05,-0.00010471230363451323,-0.01916420630273019,571.8083381652832,6,13,-7,32,23,2.046511627906977,2.1666666666666665,6,0,301,308,246,1.9144586945281603,4.181601665740789,589.6532779146738,0.024263763951852306,45292,20.51268115942029,29.681159420289855,256x256,65536,sparse,Meijering,301,6,26,2103,31.23505751854755,0.6104185054123457,28.398446073359494,0.9974273984668367,0.42794932699920823,0.3749977317172992,8,4,0.0,36,2130,31.563997123361442,0.656992874611161,0.9972912737336086,27.997376565959886,0.34031972951561096,0.4006334125098971,3951,31.930055247506562,0.6940578645292863,0.9985686233188892,30.994009689303468,0.28822967723739024,0.41330166270783847,-0.17498885974286793,-0.07267405778833025,-0.2731286589630173,-0.03992495039482635,True,0.5397566925069074,0.302323673928969,0.6931649331352154,27.51334066097138,0.9993413169353835,7662
7663.png,0.5859375,0.5912653975363942,0.7431386347642506,0.5962732919254659,0.9859943977591037,0.9984795197854642,28.079378788300087,0.9956201991941261,28.209436708018213,0.52046783625731,0.36328209540643375,0.4971570101626243,29.93509030497905,0.5395369692130613,2719,5,17,42,22,2.067415730337079,3.4,356,368,711.7571871183654,4.223187106044105,0.029795203884446134,-0.032623255013763286,-0.5890311277863134,-0.0002676625585560366,-0.00062975690638023,-0.026797240881540008,613.6016845703125,5,17,-12,42,22,2.067415730337079,3.4,5,2,356,368,292,1.93412279108251,4.223187106044105,711.7571871183654,0.029795203884446134,45763,16.830820154468555,24.102979036410446,256x256,65536,sparse,Meijering,356,5,29,2622,30.878384276915718,0.611249681439057,29.03300002138772,0.9962499561005064,0.54726507713885,0.49103937113032126,13,7,0.0,33,2540,31.071814027014142,0.6545019312021335,0.9954829657175998,28.273679267194574,0.06483943488111676,0.5288153681963714,3431,31.213383910056912,0.6557313775561198,0.9971258451211157,30.132438049248744,0.10787671439971203,0.537513691128149,-0.8235633133695082,-0.1277572757238875,-0.9432939719366686,-0.07171271222599573,True,0.73071904444755,0.36328209540643375,0.6185607550137633,28.6684099160864,0.9987471823440203,7663
7664.png,0.6044657097288676,0.5368852459016393,0.6986666666666667,0.5411503018748014,0.9855324074074074,0.9984034562502277,28.490274413160336,0.9962481502692483,28.848270687841755,0.4010104199557941,0.243095749125266,0.3525001390904166,30.51640639389841,0.5493890703784357,2556,4,21,56,28,2.096590909090909,5.25,352,369,702.9528997613054,4.1503238972615115,0.03637488484532527,0.002529184715419519,-0.37514576700631963,-0.00014669386289944963,-0.0004602315792859857,0.004694129069798547,617.5937652587891,4,21,-17,56,28,2.096590909090909,5.25,4,0,352,369,268,1.9050214085672197,4.1503238972615115,702.9528997613054,0.03637488484532527,45461,17.78599374021909,25.640062597809077,256x256,65536,sparse,Meijering,352,4,29,2529,31.104303537266837,0.6150697310891073,29.43693881907332,0.9967083818485343,0.39631629088599557,0.4581289780414667,11,6,0.0,34,2522,31.365155396777162,0.6601051730037486,0.9960450909897905,28.834260825737374,0.11742568201104309,0.3518923991241789,3615,31.5276357598042,0.672290409898554,0.9974131203559924,30.713973636222875,0.06760618009405173,0.3961690483429614,-0.5886681312315645,-0.2150332289162007,-0.5878971433684264,-0.06568066071067169,True,0.689633058734515,0.243095749125266,0.6019365250134481,28.865420180166655,0.9985501501131272,7664
7665.png,0.6966947504860661,0.4848041010618821,0.6530209617755857,0.4858715596330275,0.9954887218045113,0.9990447369276781,28.06105949610869,0.9967557085952911,28.26983555473356,0.46033478893740903,0.27895867241663386,0.4425972535418767,30.50844432673078,0.553492588822085,2354,4,28,65,30,2.151898734177215,7.0,316,340,685.8872804688386,3.9635349489465543,0.0443198459720497,-0.019214340423024834,-0.3466366887092178,-0.00011445474677096446,-0.0005169035125363042,0.006923196861106762,600.8133888244629,4,28,-24,65,30,2.151898734177215,7.0,4,0,316,340,221,2.017315530790698,3.9635349489465543,685.8872804688386,0.0443198459720497,45399,19.28589634664401,27.840271877655056,256x256,65536,sparse,Meijering,316,4,27,2329,31.074210841462545,0.6092414140941039,29.029790336405163,0.9972726121078274,0.45341159207630227,0.4367321448779953,10,13,0.0,35,2318,31.412946390290383,0.65676898737365,0.9967872051645843,28.421860878636977,0.17597003718711546,0.4596656976744186,3928,31.724100478748326,0.6879775114431382,0.9979878745653306,30.694066501036414,0.11629887167184205,0.4546440187929165,-0.7599547816716026,-0.15777347246136142,-0.5657665147317665,-0.055748825272018965,True,0.6302765554559411,0.27895867241663386,0.7159090909090909,28.407696184817908,0.9991591916744491,7665
7666.png,0.6962348436502872,0.47533632286995514,0.6443768996960486,0.47566448049706594,0.9985507246376811,0.9993090455533244,26.785469543936962,0.9964620874447435,27.662135227774563,0.4411460131170176,0.40717565786179344,0.6618720676238358,30.15593538297051,0.5322081426422831,2322,4,24,51,22,2.134228187919463,6.0,298,318,615.4175208693198,5.030520783574789,0.03208454835643682,0.011692256899498599,-0.16700327466951848,-4.5970553805618763e-05,-0.00024182792738469683,-0.004142216085605777,640.3722763061523,4,24,-20,51,22,2.134228187919463,6.0,4,0,298,318,225,1.9352752228594918,5.030520783574789,615.4175208693198,0.03208454835643682,46090,19.849267872523686,28.223944875107666,256x256,65536,sparse,Otsu,298,4,25,2274,30.537436370231074,0.5884829292417004,27.90522597919319,0.9967039153721282,0.4452882292026234,0.35126260393868414,11,2,0.0,31,2228,30.82703741625942,0.6336194917887372,0.9962046977870738,27.503420033079035,0.2462289970108006,0.4173282706247843,3956,31.19561844207619,0.6653806954626807,0.9977219742613137,30.0850788293136,0.28273340851525197,0.43769416637901276,-0.24309075141862735,0.0559130539231093,-0.38150098726056214,-0.056274786599417315,True,0.6151878554470214,0.40717565786179344,0.6845425867507886,26.95247281860648,0.9993550161071301,7666
7667.png,0.6604717655468192,0.40179186767746383,0.5732546705998033,0.4042995839112344,0.9847972972972973,0.9993978076379323,27.354173461711433,0.9969565394971415,28.17772091059507,0.3891574585635359,0.19587455833344036,0.3522728815515105,30.402833438469813,0.5457343389569114,2476,8,20,53,33,2.0738461538461537,2.5,325,337,622.4736891594015,4.274892316231361,0.03249997391728312,-0.00938117562965135,-0.23048666304868703,-0.00010360598818681677,-0.0003439930449680162,0.01225038505452064,629.5866966247559,8,20,-12,53,33,2.0738461538461537,2.5,8,0,325,337,239,1.8471029351910992,4.274892316231361,622.4736891594015,0.03249997391728312,45640,18.432956381260098,26.468497576736674,256x256,65536,sparse,Meijering,325,8,27,2289,30.970331805626042,0.6039146941567539,28.55348238570942,0.9973005325421095,0.37690707350901526,0.29978205077457054,11,1,0.3125,34,2454,31.24070339409171,0.6570498794485429,0.997034044968362,28.23270270026141,0.35309482453564767,0.3776005547850208,3708,31.451435643450356,0.6724680870950053,0.9981702022525952,30.28897491892758,0.1928822529946107,0.3740034662045061,-0.37576147511434854,-0.10390749244113018,-0.5674983671562295,-0.05818035519984255,True,0.55603076078622,0.19587455833344036,0.6698529411764705,27.58466012476012,0.9995014136261191,7667
7668.png,0.7506437768240344,0.7111111111111111,0.8311688311688312,0.7149627623561273,0.9924812030075187,0.9985882270881872,27.163075672229056,0.9967356606132681,27.63896861370342,0.6459731543624161,0.5546473723313332,0.7139514805173861,30.307959706986203,0.5485912541129712,2494,4,16,31,14,2.073394495412844,4.0,327,339,777.0833766424508,4.7204666793893235,0.021473906120989313,-0.017370282929919934,-0.43580582741752494,-0.00018614423774110378,-0.000240209705948069,0.0046871983556479035,712.4514579772949,4,16,-12,31,14,2.073394495412844,4.0,4,2,327,339,282,2.2922813470278744,4.7204666793893235,777.0833766424508,0.021473906120989313,45853,18.38532477947073,26.27746591820369,256x256,65536,sparse,Otsu,327,4,27,2476,30.790675274870388,0.6084005842424876,27.98990286687649,0.9969758703192162,0.6412859560067682,0.6014809589154859,7,11,0.0,31,2292,30.95171282153086,0.6466271774813537,0.9963026508772334,27.21128981691919,0.4370392981132005,0.6255924170616114,3761,31.31991566825524,0.6666120123470107,0.9981413655636373,30.058128892375876,0.5883163234964615,0.6194989844278944,-0.35093425317307236,-0.04683358658415271,-0.4827155678841848,-0.05980933012951639,True,0.7768698398515702,0.5546473723313332,0.7680140597539543,27.59888149964658,0.9987743713259283,7668
7669.png,0.5821799307958477,0.38347227256252264,0.5543620644485198,0.3845874227553617,0.9924953095684803,0.9995592885212269,27.518464577908794,0.9976014054281073,28.155381690636542,0.27735368956743,0.302323673928969,0.5601110243299116,30.447749111375273,0.5453785331167068,2778,10,31,78,41,2.108527131782946,3.1,387,408,762.0437832605924,3.5175711261517626,0.0403106568393415,-0.0018755284762492774,-0.30948676990690416,-4.466764577082394e-05,-0.0004959230824034266,0.00036350418029806875,641.9224739074707,10,31,-21,78,41,2.108527131782946,3.1,10,1,387,408,268,1.867754370736742,3.5175711261517626,762.0437832605924,0.0403106568393415,45651,16.43304535637149,23.591072714182864,256x256,65536,sparse,Meijering,387,10,31,2756,31.105642891712453,0.6193944741011149,28.826800495518174,0.9980973285105107,0.27699018538713194,0.26655304377571065,8,0,0.4,37,2744,31.376820944823457,0.6709390052490789,0.9980699485416101,28.608985228660437,0.31808969191364855,0.27553616866593966,3202,31.29996917957207,0.6466945569934445,0.9984722571192607,29.956897143253688,0.3485609424689444,0.2846237731733915,-0.6714188048816325,0.03577063015325832,-0.6578937803371794,-0.07401594098440811,True,0.5397566925069074,0.302323673928969,0.584055459272097,27.8279513478157,0.9996039561669977,7669
7670.png,0.6220125786163522,0.4400819392284056,0.611190137505927,0.4417409184372858,0.9915384615384616,0.9994708657289536,27.622989989460983,0.9969065057135653,28.141022634437785,0.43732876712328766,0.35126260393868414,0.4874794619908335,30.037104126340743,0.525910593412584,2483,5,20,49,26,2.09009009009009,4.0,333,348,687.6011006378587,4.1568388326748,0.03740714257484244,0.013647559604945347,0.029174812535170958,-2.828032980906059e-06,-0.00022100782879930225,0.01404109589041097,605.849027633667,5,20,-15,49,26,2.09009009009009,4.0,5,0,333,348,258,1.975865231717981,4.1568388326748,687.6011006378587,0.03740714257484244,45997,18.524768425291985,26.393878372935966,256x256,65536,sparse,Meijering,333,5,26,2320,30.583137110967794,0.5881295757655504,28.31870859200081,0.9971275135423646,0.4232876712328767,0.47402416060053354,8,2,0.0,29,2210,30.78235964316471,0.6280092648580131,0.9967750191628719,27.89571222666922,0.5725850680512734,0.405201916495551,3738,31.120950560926662,0.6621623643217232,0.9980945495036625,30.030524787537768,0.24290070841234013,0.40997608472839087,-0.17768595756302474,-0.1227615566618494,-0.5460329846270504,-0.06221898235296641,True,0.7205690317785927,0.35126260393868414,0.6083650190114068,27.593815176925812,0.9994736937619345,7670
7671.png,0.6289808917197452,0.5342774380431284,0.696454793371093,0.5408927989573151,0.9776207302709069,0.9989167708664438,28.11459751933112,0.9966585090218757,28.61222240111391,0.4396887159533074,0.22817697695629657,0.38898395802928615,30.640947067968337,0.5615397914194324,2579,5,19,43,24,2.081159420289855,3.8,345,359,702.544589918017,4.165021400175233,0.040032026067921334,0.015567587466746358,-0.454187940644605,-0.00019262956032195522,-0.0003272342038229681,0.028805692167057806,615.9036159515381,5,19,-14,43,24,2.081159420289855,3.8,5,0,345,359,278,1.9569487184345848,4.165021400175233,702.544589918017,0.040032026067921334,45365,17.590151221403644,25.411399767351686,256x256,65536,sparse,Meijering,345,5,29,2535,31.23025765945822,0.6232419798362041,29.051512557843033,0.9969857432256987,0.4108830237862496,0.2922853375877995,14,3,0.0,37,2524,31.515853296267636,0.6712022488800811,0.9966595894227267,28.599587988963812,0.29952737976474764,0.41945981125935566,3670,31.668847333517874,0.6774967753805858,0.9978781603162643,30.64763477714362,0.18969521765261577,0.4382716049382716,-0.43929015672912186,-0.06410836063150294,-0.589310591489884,-0.061702188416771664,True,0.5865973962327706,0.22817697695629657,0.6134133042529989,28.568785459975725,0.9991094004267658,7671
7672.png,0.6799637352674524,0.3862324814509481,0.5572405590246804,0.3863917525773196,0.9989339019189766,0.9995620554678717,28.249204775099553,0.9975047315564136,29.05255651749016,0.37335526315789475,0.37767058124129305,0.7255995048429841,31.56064630311547,0.5967126895375867,2067,6,10,31,25,2.027586206896552,1.6666666666666667,290,294,528.7044118150584,4.598457154323315,0.02792485615643391,-0.008360181870024075,0.09425815677919402,2.1867179464729603e-05,-0.00016719361370987063,0.020777943570265855,637.9709243774414,6,10,-4,31,25,2.027586206896552,1.6666666666666667,6,0,290,294,234,1.7983143259015577,4.598457154323315,528.7044118150584,0.02792485615643391,44671,21.61151427189163,31.70585389453314,256x256,65536,sparse,Meijering,290,6,27,1880,31.882751410997862,0.6298179225975735,29.363864767320536,0.9976719251701235,0.3525773195876289,0.5180910099097975,4,0,0.8333333333333334,40,2034,32.17859120871243,0.6769178086972609,0.9976942294554126,29.374273082456238,0.4419648542299529,0.3492783505154639,4232,32.62896251009167,0.7259469444957245,0.998573032652723,31.771449770867996,0.3516556589984903,0.3668590272052762,-0.3113082498303754,-0.14042042866850446,-0.3221051078823933,-0.033105233059986805,True,0.5204945410251058,0.37767058124129305,0.6883239171374764,28.15494661832036,0.999540188288407,7672
7673.png,0.5289855072463768,0.38966760112134563,0.560806916426513,0.39076305220883534,0.9928571428571429,0.999350627156206,27.694764321373704,0.9974643592632778,28.44960624271186,0.28330658105939005,0.19602074966867378,0.37835196117917985,30.322210569506506,0.5327152588725409,2569,11,24,62,39,2.0724233983286906,2.1818181818181817,359,372,702.5269637501623,3.7325187436717466,0.03617047527716505,0.005262879509150498,-0.42183717414111044,-8.45791286355757e-05,-0.00045998332776131523,0.006198147324450287,639.789342880249,11,24,-13,62,39,2.0724233983286906,2.1818181818181817,11,0,359,372,258,1.888513343414411,3.7325187436717466,702.5269637501623,0.03617047527716505,45690,17.785130400934214,25.510315297781236,256x256,65536,sparse,Meijering,359,11,29,2534,30.931785063504375,0.6036360663299086,29.130204875870497,0.9979243425910391,0.27710843373493976,0.22379089767122484,9,1,0.40909090909090906,35,2526,31.212058069757134,0.6537576225619348,0.9977170978239672,28.71622812780702,0.27798855305048986,0.2718875502008032,3610,31.332011331926772,0.6605989527190724,0.9984447039646213,30.358311932193324,0.20015181120932435,0.28032128514056226,-0.6805986331586382,-0.027770148002551065,-0.6095744939978687,-0.07092080745736773,True,0.5180910099097975,0.19602074966867378,0.5237226277372263,28.116601495514814,0.9994352062848416,7673
7674.png,0.640625,0.5063199711087035,0.6722608487173339,0.5128017556693489,0.9756437021572721,0.9992217118137502,27.672386686633676,0.9969833478398816,28.05542472948575,0.4632994186046512,0.36871635449307405,0.661015259017436,30.020839538696116,0.5247861775054138,2328,5,11,28,21,2.038961038961039,2.2,308,314,592.5798504602103,4.271940475547469,0.03523219702686973,-0.009130501222493925,-0.05995843371113452,-2.118951783469658e-05,-0.00014221550019843932,0.003306725875385552,610.2592945098877,5,11,-6,28,21,2.038961038961039,2.2,5,0,308,314,259,1.8871969759879272,4.271940475547469,592.5798504602103,0.03523219702686973,45959,19.741838487972508,28.151202749140893,256x256,65536,sparse,Meijering,308,5,26,2304,30.601334737501954,0.5877773622411187,28.289400554323247,0.9971255633400801,0.45999269272926563,0.2678462205598151,17,5,0.0,30,2284,30.797833498720504,0.6320312370942058,0.9965499272118659,27.564779862223077,0.16339228653416005,0.45759009828904257,4038,31.24399727372721,0.6712222957214162,0.998363320341946,30.546602392635435,0.1497907023449926,0.46579804560260585,-0.23397582483749702,0.10087013393325894,-0.5804951988058384,-0.06299118473570486,True,0.5578030907201013,0.36871635449307405,0.6497555012224939,27.73234512034481,0.9992429013315849,7674
7675.png,0.7274559193954659,0.5145228215767634,0.6794520547945205,0.5152864351439597,0.9971280873061459,0.9990427016948902,27.855321729901824,0.9965449638494621,28.460314597343487,0.5001483239394838,0.4511883639059735,0.6560208702173226,31.148636876721238,0.5903631226968011,2528,5,15,34,20,2.057471264367816,3.0,348,358,686.029043648409,4.77257993474774,0.027383998691032547,-0.008796626429381282,-0.2586516332352602,-9.636043719996046e-05,-0.0003692992182517951,0.005636309700385644,681.2613010406494,5,15,-10,34,20,2.057471264367816,3.0,5,0,348,358,294,1.9162822448279544,4.77257993474774,686.029043648409,0.027383998691032547,45070,17.828322784810126,25.924050632911392,256x256,65536,sparse,Meijering,348,5,29,2407,31.510454525991793,0.6376319788498022,28.851837097891384,0.9969142630677139,0.4945120142390982,0.73071904444755,5,6,0.0,38,2322,31.80984897877007,0.677255138239646,0.9967219597555512,28.625461657785905,0.6115979582338287,0.5127520759193357,3638,32.01193179653108,0.6923362643078724,0.9979711443973001,30.707836611905893,0.4164186551982816,0.49777777777777776,-0.3915225005478966,-0.2795306805415765,-0.3618176492705558,-0.047268856153001026,True,0.6877652592919895,0.4511883639059735,0.7362525458248472,28.113973363137085,0.9991390621320901,7675
7676.png,0.7822944896115628,0.6125039669946049,0.7596929738240504,0.6160229811682094,0.9907597535934292,0.9988012397953536,27.443462288030464,0.9964409869205471,28.078056341457163,0.629406160685932,0.581048450752361,0.7662655827748085,29.94413843991301,0.5284051481951798,2547,4,17,45,24,2.0804953560371517,4.25,323,336,683.5555470922826,4.223848041366129,0.03267380467658772,-0.0014275039869739992,-0.023795024438133083,-7.486022747471566e-06,-8.546504460116289e-05,0.006041973006391643,609.8425388336182,4,17,-13,45,24,2.0804953560371517,4.25,4,0,323,336,254,2.0343915092032177,4.223848041366129,683.5555470922826,0.03267380467658772,46134,18.113074204946997,25.73066352571653,256x256,65536,sparse,Otsu,323,4,26,2469,30.463568684424512,0.5923602529811948,28.19363464085917,0.9965264519651482,0.6233641876795404,0.5661255185670091,8,6,0.0,29,2412,30.675134382599836,0.6394713926793163,0.9959279291707291,27.43100895282388,0.3589292056879616,0.6158497772119669,3571,30.93320364146869,0.6510748423556831,0.9977828419079804,29.8747753418018,0.28585315081796947,0.6013320647002854,-0.11557829940200648,0.0149229321853519,-0.5194302445115007,-0.06395510478601496,True,0.7582859831029636,0.581048450752361,0.7837219935985368,27.467257312468597,0.9988087258181011,7676
7677.png,0.5282599020916778,0.5606557377049181,0.7184873949579832,0.5750535004585754,0.9572519083969465,0.9978615879660155,28.047978945619903,0.9955973127704603,28.572248593813548,0.44072948328267475,0.20418385765789449,0.3060635698265665,30.682380939596882,0.5606129020963158,2675,6,26,45,24,2.111731843575419,4.333333333333333,358,378,705.9473765106835,4.388212537965295,0.03349794198193183,0.015720002410875233,-0.786087980197923,-0.0003450048386669513,-0.00048168571156825823,0.02740022617475668,630.9840679168701,6,26,-20,45,24,2.111731843575419,4.333333333333333,6,0,358,378,289,1.8675856521446614,4.388212537965295,705.9473765106835,0.03349794198193183,45365,16.958878504672896,24.499439252336447,256x256,65536,sparse,Meijering,358,6,31,2669,31.292959535333065,0.62826244139452,29.0833720403285,0.9960789984820285,0.41332925710791807,0.29531191028128656,18,10,0.0,38,2650,31.58575042210353,0.6743155440249486,0.9956046381367362,28.902656048084225,0.16201640641851178,0.4231470230862697,3505,31.613072161637767,0.6706732116512497,0.9970438081610171,30.547272068183986,0.12965702817397218,0.4119257681776696,-0.5111234465149508,-0.09112805262339208,-0.6105785957361825,-0.06764953929820428,True,0.6671289163019205,0.20418385765789449,0.5125398996808026,28.834066925817826,0.9982065928046825,7677
7678.png,0.7366548042704626,0.492827868852459,0.6602608098833218,0.49333333333333335,0.9979253112033195,0.9992994221019337,26.866086923685092,0.9965420498897133,27.65533713995154,0.49541907024092297,0.5754250238931116,0.8097554802740893,30.569993969347763,0.567759387519797,2474,4,20,45,17,2.099378881987578,5.0,322,338,611.238436568046,4.346227960186716,0.02719540471942859,-0.03262341904847632,-0.2562941370318228,-8.258667994232027e-05,-0.00029208578957540254,0.009265224087076807,608.5898876190186,4,20,-16,45,17,2.099378881987578,5.0,4,3,322,338,260,1.8083977413255776,4.346227960186716,611.238436568046,0.02719540471942859,45598,18.430881164106708,26.489894907033143,256x256,65536,sparse,Otsu,322,4,28,2469,31.15782998852863,0.6224277661816467,28.20761780772137,0.9968341356792887,0.48615384615384616,0.6261871470545335,5,1,0.5416666666666667,34,2266,31.44098809846501,0.6615059299611089,0.9965691424432981,28.033390010779833,0.5076529517687872,0.46308954203691044,3771,31.722881968490718,0.6840812325251778,0.9981389554180752,30.659834165444792,0.5175552578914723,0.4765811965811966,-0.5522806677698284,-0.050762123161421924,-0.587836019180866,-0.054668378661849704,True,0.7106157820609493,0.5754250238931116,0.7692782233189389,27.122381060716915,0.999382008781876,7678
7679.png,0.5996321275291232,0.5428679817905918,0.7037128104253749,0.5451428571428572,0.992371705963939,0.9988751544940297,27.746724144358677,0.9964367959118938,28.30594150028499,0.44072948328267475,0.34652731542633364,0.5650586924602875,31.057413575028974,0.5762676471121211,2057,4,12,29,17,2.0592592592592593,3.0,270,278,619.7285216791303,5.113403493386728,0.028976483393837293,-0.039104970224367985,-0.09959662776102007,-2.7834884136823668e-05,-0.00020789216483385609,-0.03812765957446812,639.2421722412109,4,12,-8,29,17,2.0592592592592593,3.0,4,0,270,278,224,2.2292392866155746,5.113403493386728,619.7285216791303,0.028976483393837293,45197,21.972289742343218,31.859990277102575,256x256,65536,sparse,Otsu,270,4,26,2038,31.369711404102937,0.6151603208029444,28.519224320133056,0.9966446880767277,0.47885714285714287,0.5174020765172682,7,9,0.0,34,1982,31.58709260705518,0.6523947031909149,0.9962980524697194,28.401250272814515,0.5360599789083533,0.4076190476190476,4202,32.12811972699379,0.707643001107695,0.9982898616386136,31.621754981411097,0.33551966835815283,0.4540952380952381,-0.21328281984806452,-0.17087476109093458,-0.3122978290739624,-0.038892673690823276,True,0.6132589765454988,0.34652731542633364,0.6387370977534912,27.846320772119697,0.9989029893781666,7679
7680.png,0.6611479028697572,0.5208399618199173,0.6849372384937238,0.5228361545832002,0.9927228623408126,0.9990859570037735,28.003919563628994,0.9968560326424957,28.609081841841615,0.4264845982851699,0.5144631048459205,0.6513313066821727,31.190627426684614,0.5923166268189455,2589,5,22,49,21,2.0952380952380953,4.4,357,374,660.4971064881735,4.2456811886875565,0.02866416121804217,-0.020077281475109454,-0.6764045691147089,-0.00017829640606537023,-0.0005296361122673066,0.006490986020717626,612.6303672790527,5,22,-17,49,21,2.0952380952380953,4.4,5,2,357,374,287,1.7660350440860229,4.2456811886875565,660.4971064881735,0.02866416121804217,44924,17.35187331015836,25.31324835843955,256x256,65536,sparse,Meijering,357,5,31,2527,31.737747177490235,0.6454381089806515,29.300748837367134,0.997385668754763,0.41999361226445225,0.42879093615118524,10,0,0.0,41,2322,31.990190874812285,0.6801750498267899,0.9970868798506172,28.952055119925827,0.4522848902862725,0.39635899073778347,3468,32.08973870535522,0.6891747141140551,0.9981745752632217,31.186587435266002,0.43163985324245946,0.40932311621966794,-0.6916669955255195,0.08567216869473526,-0.5471197508056207,-0.05312148216170598,True,0.7898639287992353,0.5144631048459205,0.6812251843448667,28.680324132743703,0.9992642534098388,7680
7681.png,0.7273519163763066,0.46657754010695185,0.6362807657247037,0.46657754010695185,1.0,0.9995586438501044,27.30576638352019,0.9980971339053626,28.169467890996135,0.41396176078257,0.3623718483782268,0.6214169898150802,30.64386137036213,0.5487127427988643,2011,4,16,36,18,2.0919540229885056,4.0,261,273,539.7978121336581,5.20300807898072,0.03563037458257366,0.014059127497071167,-0.07630023839933742,-9.03191505452483e-06,-0.0001334299833148922,0.0017514221016430853,646.2128162384033,4,16,-12,36,18,2.0919540229885056,4.0,4,1,261,273,207,1.97728136312695,5.20300807898072,539.7978121336581,0.03563037458257366,45567,22.658876181004477,32.58876181004475,256x256,65536,sparse,Meijering,261,4,25,2011,30.99945555120664,0.5949188320752092,28.291350476932507,0.9982305638886775,0.41221033868092694,0.35111514686554657,8,1,0.5,31,1846,31.150885138078145,0.6276555843132747,0.9979538691917696,27.71063531397596,0.44010163343459796,0.410427807486631,4585,31.86692652778978,0.7080493197463851,0.9990728868305049,31.26433737958459,0.48142295313725825,0.4215686274509804,-0.12188258593637258,0.011256701512680212,-0.3555941808445091,-0.04620608927634495,True,0.5831379803214916,0.3623718483782268,0.7132927888792354,27.382066621919527,0.9995676757651589,7681
7682.png,0.6549295774647887,0.49609375,0.6631853785900783,0.508469356328919,0.9532332563510393,0.9986116009500238,27.41192497147341,0.9961355626855715,28.176602684724323,0.46538578835010674,0.25440403589255467,0.3821057915989962,29.875124874549424,0.5242451775779543,3045,11,29,71,42,2.0808988764044942,2.6363636363636362,445,463,857.1086983733043,3.4153509860628106,0.03922805309306803,-0.015628798169729063,-1.3609387478280546,-0.00042742905807358067,-0.0009764943640828694,-0.009299697995398037,670.5467700958252,11,29,-18,71,42,2.0808988764044942,2.6363636363636362,11,0,445,463,332,1.8512066919509773,3.4153509860628106,857.1086983733043,0.03922805309306803,45882,15.067980295566503,21.52249589490969,256x256,65536,sparse,Meijering,445,11,31,2951,30.76883438236112,0.6119399517866536,29.3228788792197,0.9971120570496543,0.4746854863455048,0.2474951416395239,23,7,0.0,37,3042,31.162049646465825,0.669967639273738,0.9967670011026163,28.913562440865064,0.0378661443563888,0.4402730375426621,3083,30.89723463303295,0.631478912987893,0.9974178339463539,29.72136994544646,0.07354837071509734,0.4702558001189768,-1.1462761944953783,0.006908894253030762,-0.8937095078116961,-0.08769477420869931,True,0.6657947654442802,0.25440403589255467,0.6705583756345178,28.772863719301466,0.9990390300080974,7682
7684.png,0.5639880952380952,0.40363232023721274,0.5751254290995511,0.4042316258351893,0.9963403476669717,0.9990296074168278,28.708340916808552,0.9966667536673697,29.07193256321705,0.37198962578732864,0.2851726869826413,0.5116483831422495,30.70831490737819,0.5520326176856089,2390,9,23,56,36,2.0843373493975905,2.5555555555555554,332,346,718.1334056526493,4.036932732326439,0.04563886364428736,0.02857301526855982,-0.33633727251343615,-9.567195057746947e-05,-0.00048474432207756823,0.03037241510483607,645.1332569122314,9,23,-14,56,36,2.0843373493975905,2.5555555555555554,9,0,332,346,240,2.0755300741406013,4.036932732326439,718.1334056526493,0.04563886364428736,45331,18.966945606694562,27.42092050209205,256x256,65536,sparse,Meijering,332,9,29,2386,31.23625221642008,0.6125437472164412,29.62833577783342,0.9971514979894472,0.34161721068249257,0.31727741052293634,12,4,0.0,33,2144,31.412602126558816,0.6469908076126888,0.9965148610769297,28.957226342564482,0.12853167283149114,0.30976058931860034,3936,31.778263427829508,0.6910071521176008,0.9979923306612362,31.18253760857708,0.04849347803331272,0.37430747922437674,-0.5564032146163704,-0.03210472354029503,-0.5279373090418922,-0.060511129530832375,True,0.5573606726386489,0.2851726869826413,0.5354150799695354,29.04467818932199,0.9991252793674053,7684
7685.png,0.6671232876712329,0.5485197368421053,0.7084439723844927,0.5505571605447792,0.9932985852568875,0.9993390889317157,27.083025687419443,0.9977748853456343,27.67639586010827,0.4490721649484536,0.2850592133241737,0.4445689986794088,30.43264490290533,0.5429430068067064,2204,4,5,15,14,2.006622516556291,1.25,302,303,559.2325927097108,4.409492317019709,0.016843984418474713,0.01250202290403346,-0.022235394696249244,-3.5881205363685886e-05,-4.7451574878398795e-05,0.020677612740446993,608.0770492553711,4,5,-1,15,14,2.006622516556291,1.25,4,0,302,303,273,1.8456521211541597,4.409492317019709,559.2325927097108,0.016843984418474713,45699,20.734573502722323,29.73502722323049,256x256,65536,sparse,Meijering,302,4,24,2015,30.769580152896012,0.5869567277617367,27.716306490750764,0.9978223369205127,0.4283945522080066,0.25588192631821827,9,2,0.0,29,1984,30.950701700679918,0.6274281251385255,0.9974689320456611,27.22178197596253,0.3958906171441353,0.4164259182831201,4245,31.546099908833497,0.6880693049304867,0.9988248362457515,30.635533134082785,0.23789174515985922,0.4325216673545192,-0.03991063064249545,0.029177287005955455,-0.33693524999068103,-0.04401372095503031,True,0.6412035345940483,0.2850592133241737,0.6546212647671994,27.105261082115693,0.9993749701370794,7685
7687.png,0.654911838790932,0.37117212249208026,0.5413939160569888,0.37353878852284805,0.9832167832167832,0.9989305710679273,28.173565491766905,0.9955644827147997,28.404169656423864,0.31131078224101477,0.19162342650614472,0.28795617065574325,30.055958736285717,0.5354466882456196,3473,18,43,106,61,2.1004016064257027,2.388888888888889,498,523,1058.5155792068056,3.0782846621720186,0.052426356339342894,-0.005674480427309114,-0.8149904437224258,-0.00020817642860859742,-0.0012281700639615867,0.01436523111219673,685.133695602417,18,43,-25,106,61,2.1004016064257027,2.388888888888889,18,3,498,523,331,2.023930361772089,3.0782846621720186,1058.5155792068056,0.052426356339342894,45652,13.144831557731068,18.8701410883962,256x256,65536,sparse,Meijering,498,18,35,3354,31.104091959674545,0.6327048165271758,29.607086315370804,0.9967926527787613,0.29694555112881804,0.310415934426556,12,5,0.5,40,3278,31.494099974940962,0.6897350905917985,0.9967117136706043,29.48535864709242,0.1818987976430656,0.2961100820322837,606,30.34110367484592,0.5372632997112464,0.995328244038453,28.018997140311924,0.39519981175012175,0.29891160074329703,-1.2029166589469398,-0.1187925079204113,-1.0481332233888274,-0.09725812828155622,True,0.6654603930513924,0.19162342650614472,0.6605863192182411,28.98855593548933,0.9991387474965359,7687
7688.png,0.7601410934744268,0.4179766223297058,0.5895395110858442,0.4179766223297058,1.0,0.9995409152925256,27.62364968283096,0.9979642528370896,28.547813972468894,0.38653768641676745,0.4831486655083008,0.7493306971854641,31.295176704347117,0.5870567999148727,2166,5,14,28,18,2.0604026845637584,2.8,298,307,508.8759927401209,4.43399666299756,0.01833808103978695,-0.0015535225891213367,-0.3280507236560837,-3.097410559971259e-05,-0.00025416359068786143,0.0,594.902753829956,5,14,-9,28,18,2.0604026845637584,2.8,5,0,298,307,252,1.6575765235834534,4.43399666299756,508.8759927401209,0.01833808103978695,44985,20.76869806094183,30.25669436749769,256x256,65536,sparse,Meijering,298,5,27,2070,31.59158915796807,0.6256870309540498,28.869752481480226,0.9982184164277774,0.38653768641676745,0.5360599789083533,5,1,0.5,36,2128,31.85057228697268,0.6699220716053766,0.9980611410927773,28.57825697452249,0.48999427780337823,0.3893591293833132,4252,32.340189889436616,0.7173976034448613,0.9989361784305422,31.452341982398583,0.4620555624053255,0.3897621926642483,-0.32193850901133203,-0.052911313400052506,-0.2964124536209525,-0.038630231039177065,True,0.6447736190750484,0.4831486655083008,0.7616946160635482,27.951700406487042,0.9995718893981254,7688
7689.png,0.5577395577395577,0.5634011090573013,0.7207377630645543,0.5648628613787992,0.9954278249510125,0.9989077940207941,27.508280649363833,0.9975737957949832,28.20429881874345,0.37249814677538917,0.2725294909757163,0.4064928534398386,31.18142634836683,0.5860654033742638,2410,5,13,31,19,2.0498442367601246,2.6,321,329,530.1830624730153,4.351922839230094,0.018909651884524533,-0.0001551791025474758,-0.16479771269520072,-6.429310080058315e-05,-0.000142411103752349,0.007412898443291349,611.8960380554199,5,13,-8,31,19,2.0498442367601246,2.6,5,0,321,329,271,1.6114986701307428,4.351922839230094,530.1830624730153,0.018909651884524533,45219,18.763070539419086,27.19336099585062,256x256,65536,sparse,Meijering,321,5,29,2368,31.490134047284183,0.6312017497010655,28.423841121178196,0.9977162068987355,0.3650852483320978,0.3176565955115075,9,0,0.6,39,2344,31.857003443929305,0.6761315240636963,0.997548216070774,28.3939461141334,0.2791128893613103,0.3535952557449963,3782,32.059646645707765,0.6923131324272026,0.9986545389264737,31.14361540866375,0.3098933243222889,0.35322461082283174,-0.21954230243474626,-0.04512710453579116,-0.3087076989173525,-0.045136346326801635,True,0.670441038924811,0.2725294909757163,0.5578947368421052,27.673078362059034,0.9989720871215947,7689
7690.png,0.5540386803185438,0.5698035160289555,0.7259552042160738,0.5717744725008648,0.9939867708959711,0.9986374984778003,28.534606023376654,0.9965064096310339,28.947427233711554,0.36976824628156346,0.2872121358483598,0.4597682707668886,31.523597651943767,0.6015584863856751,2349,5,11,30,20,2.036144578313253,2.2,332,338,635.4756657378553,4.223255712224777,0.029647776843276595,0.02059196830040322,-0.26983719909627624,-0.0001085761591651524,-0.0004810836167420396,0.009339328951919745,612.6501560211182,5,11,-6,30,20,2.036144578313253,2.2,5,0,332,338,282,1.880105519934479,4.223255712224777,635.4756657378553,0.029647776843276595,44656,19.01064282673478,27.89953171562367,256x256,65536,sparse,Meijering,332,5,29,2259,31.865800395904742,0.6421982389616128,29.414678522679335,0.9969874932477759,0.3604289173296437,0.30580334912202123,12,6,0.0,42,2176,32.23481559829919,0.6821663729286359,0.9970052004856623,29.449523539110437,0.2526711775434951,0.3313732272570045,3666,32.39902049334152,0.7049203088670285,0.9979372733552434,31.35538425457166,0.22424074355971924,0.3692573402417962,-0.46725128896778045,-0.018591213273661422,-0.34220274396097494,-0.04063975257593766,True,0.6246889011486004,0.2872121358483598,0.5334467120181405,28.80444322247293,0.9987460746369654,7690
7691.png,0.43668931439159975,0.4998281196287384,0.6665138666055467,0.503288335064036,0.9864314789687924,0.9987145366744473,28.14840440128973,0.9966163137565817,28.69729055877885,0.2944636678200692,0.20745025065322198,0.313322474270008,31.505814982419285,0.6014483353689183,2293,4,19,42,21,2.0961538461538463,4.75,312,327,608.9842886065167,4.506746440743789,0.0317725440230675,-0.0009665459575274316,-0.155514861758963,-9.489710724230882e-05,-0.00034259411800263706,0.006474744317127024,623.2991218566895,4,19,-15,42,21,2.0961538461538463,4.75,4,0,312,327,249,1.8623372740260427,4.506746440743789,608.9842886065167,0.0317725440230675,44749,19.515481901439163,28.580898386393372,256x256,65536,sparse,Meijering,312,4,28,2217,31.811531350371883,0.6401738026585284,29.07025920478032,0.9969589078745843,0.2879889235029422,0.17449891880925095,17,1,0.0,40,2166,32.16304294426369,0.6792626346230312,0.9967694790159733,29.08287506132654,0.1996184012999166,0.27102803738317754,3972,32.47289053814328,0.714099393181686,0.9981758544896226,31.551036564248918,0.15994315287490457,0.2866043613707165,-0.37296864600147117,0.03295133184397103,-0.3057163679525985,-0.03872546728961013,True,0.6620982141052869,0.20745025065322198,0.4376558603491272,28.303919263048694,0.9988094337816896,7691
7692.png,0.6469760900140648,0.5142594296228151,0.6792223572296476,0.5229186155285314,0.9688041594454073,0.9988963156508496,27.304724520187676,0.996727334319096,27.932881922230184,0.5313075506445673,0.4551652423542837,0.6795729718867146,30.356938571386,0.5508037467204646,2586,5,20,42,21,2.0859598853868193,4.0,349,364,622.6580026503158,4.640898274487274,0.026738711502092796,0.0019070094995340403,-0.5817394036138737,-0.0001597597426230557,-0.0003302625244961943,-0.0022954362876045353,610.602617263794,5,20,-15,42,21,2.0859598853868193,4.0,5,1,349,364,286,1.710598908379985,4.640898274487274,622.6580026503158,0.026738711502092796,45708,17.675174013921115,25.34261407579273,256x256,65536,sparse,Meijering,349,5,28,2585,30.90264214250294,0.6145812561623142,28.395406776286155,0.9970575968435922,0.5336029869321718,0.6429930394308526,6,5,0.0,32,2348,31.111625738385467,0.6509943276605771,0.9965761133072236,27.864211210480917,0.5381430186487215,0.5121268656716418,3685,31.39262098993092,0.6673312326345744,0.9981101354349248,30.362061988147207,0.46945269475402396,0.49828820417055714,-0.462524854055971,-0.18782779707656894,-0.5457035711169418,-0.06377750944184957,True,0.6697812614451066,0.4551652423542837,0.6450690805145307,27.88646392380155,0.9990560753934726,7692
7693.png,0.5142857142857142,0.5366766467065869,0.6984900146127617,0.5526011560693641,0.9490403706154864,0.9988815109803112,28.044926863244804,0.9976213682282101,28.645795000285332,0.3316698656429942,0.18535268358858548,0.26999119089384266,30.510065240337134,0.5442460329023353,2353,5,26,62,28,2.127659574468085,5.2,329,350,651.149401327206,4.188164399749964,0.03590741431721947,0.0033882783882783762,-0.4354575093500941,-0.00016477780893986438,-0.00021329959453042502,0.005658304949352599,612.3371124267578,5,26,-21,62,28,2.127659574468085,5.2,5,1,329,350,239,1.8604268609348706,4.188164399749964,651.149401327206,0.03590741431721947,45578,19.370165745856355,27.852103697407564,256x256,65536,sparse,Meijering,329,5,27,2258,31.008984606474975,0.6012557422013843,28.972283043714313,0.9978346678227406,0.3260115606936416,0.22637395386028736,12,0,0.0,33,2338,31.264272658390972,0.6503775243998354,0.9975823585589322,28.556382491755784,0.3873736058155839,0.31059730250481693,3898,31.548863648648332,0.6802158679947038,0.9984251659281241,30.523325806156944,0.17892667125586093,0.33807692307692305,-0.32648804342898075,-0.04102127027170188,-0.4989193661378408,-0.05700970929904903,True,0.6865138191173947,0.18535268358858548,0.5108974358974359,28.480384372594898,0.9990462887892511,7693
7694.png,0.7399670148433205,0.5937616041589305,0.7451071761416589,0.59575260804769,0.9944029850746269,0.9989553381446918,27.699243073116936,0.996796288441811,28.23885961414586,0.5771662328002976,0.7543874537661878,1.1039333402247937,30.979074496003225,0.5737226486898448,2199,4,17,38,18,2.0905923344947737,4.25,287,300,602.4630090080733,4.714274510689314,0.02817028043098322,0.009667347806694537,0.10669854090069109,-8.235316384386238e-08,-2.4715578128553517e-05,0.014573088239939858,622.873067855835,4,17,-13,38,18,2.0905923344947737,4.25,4,1,287,300,231,2.0082100300269086,4.714274510689314,602.4630090080733,0.02817028043098322,45325,20.611641655297863,29.80263756252842,256x256,65536,sparse,Otsu,287,4,26,2174,31.202867819325416,0.6149565253356698,28.300176611573278,0.9968210040199396,0.5625931445603577,0.6406050418796497,6,12,0.0,35,2118,31.535849130876894,0.6568704269261048,0.9965248446940043,28.101052048643915,0.5961317898204401,0.5570044709388972,3948,31.92027247379054,0.6940765379482889,0.9982861582663956,31.0651392303022,0.680180978183696,0.5648286140089419,-0.061316997427418585,0.11378241188653804,-0.22379332332219093,-0.04123387664582501,True,0.6833632306209467,0.7543874537661878,0.730299667036626,27.592544532216245,0.9989554204978557,7694
7695.png,0.5152354570637119,0.4369127516778524,0.6081270434376459,0.4439140811455847,0.9651593773165308,0.9991417832313079,27.743516847193717,0.9971102270143554,28.42380794496533,0.2851788756388416,0.19057290479100364,0.31354205200603114,30.609973448477813,0.5555196115267121,2583,8,21,55,33,2.0742857142857143,2.625,350,363,656.2858711608427,3.9627223386083332,0.04038031995260927,0.009672174727133331,-0.4410926130379309,-0.0001911477140259521,-0.0003613370275499239,0.006965442294143309,624.086856842041,8,21,-13,55,33,2.0742857142857143,2.625,8,0,350,363,262,1.8079500582943289,3.9627223386083332,656.2858711608427,0.04038031995260927,45453,17.59698025551684,25.372048006194348,256x256,65536,sparse,Meijering,350,8,29,2465,31.185587079116587,0.6173315353134137,28.88753482918425,0.9974715640419053,0.2782134333446983,0.218598882835919,12,0,0.75,37,2576,31.483403138914806,0.6701985490396974,0.9971958215687408,28.64199753521914,0.2169943636513454,0.26014319809069214,3630,31.61087122544094,0.6742667677122549,0.9982520427717273,30.754697386721222,0.15143664184334782,0.2635526764405046,-0.4637268842189215,-0.028025978044915356,-0.5756136306387738,-0.06181192378670153,True,0.6078065241064949,0.19057290479100364,0.5055632823365785,28.18460946023165,0.9993329309453338,7695
7696.png,0.6749471458773785,0.4938036224976168,0.6611359285258456,0.4987163029525032,0.9804416403785489,0.9990514584537414,27.841243473342328,0.9964829393150486,28.413094686936518,0.4854614412136536,0.5242473215443494,0.9295977624088054,30.89158412702546,0.5819721640098793,2479,4,20,44,20,2.0941176470588236,5.0,340,356,617.780354088717,4.438702124357223,0.025297294621023692,-0.025107290704004193,-0.4926979764871362,-0.00018318429650310275,-0.0004810293321326764,0.0018784000915624266,601.0243892669678,4,20,-16,44,20,2.0941176470588236,5.0,4,1,340,356,276,1.73533807328291,4.438702124357223,617.780354088717,0.025297294621023692,45166,18.219443323920935,26.43646631706333,256x256,65536,sparse,Meijering,340,4,30,2472,31.525618146989295,0.6360289844467051,29.047949875471552,0.9969639686471813,0.48358304112209116,0.3538132088876157,12,6,0.0,38,2474,31.8129173223869,0.6815341926368877,0.9967265009272469,28.702543463067357,0.3754783178283918,0.4811410459587956,3742,32.01499398632109,0.6943827683596298,0.9979685762864777,30.93205211221031,0.31156428397872993,0.46860057379662096,-0.6348551885350346,0.1704341126567337,-0.6340340199638348,-0.0540568204368258,True,0.5639507136784644,0.5242473215443494,0.7000544365813827,28.333941449829464,0.9992346427502445,7696
7697.png,0.49666059502125076,0.4783471074380165,0.6471377459749552,0.48769801145938657,0.9614617940199336,0.9988508190660805,28.08476300740788,0.9968255817685872,28.734337084130427,0.31822759315206445,0.26996782222452187,0.4385638297343411,30.623833062045573,0.558879017900956,2612,5,26,66,31,2.1163434903047094,5.2,361,382,713.1894335723033,3.857662390473807,0.03578752401546977,-0.010104472629425765,-0.6439213418512253,-0.00024569385113870634,-0.0005249923688808167,-0.00027594577614586946,594.6502685546875,5,26,-21,66,31,2.1163434903047094,5.2,5,0,361,382,264,1.8669880460007906,3.857662390473807,713.1894335723033,0.03578752401546977,45344,17.35987748851455,25.090352220520675,256x256,65536,sparse,Meijering,361,5,30,2527,31.306535781061378,0.6236449731240348,29.39093842524345,0.997350574137468,0.3185035389282103,0.2177301768473383,18,0,0.0,38,2602,31.61441838437803,0.6733657555408088,0.9970383800887058,29.056555946734484,0.23076052049605444,0.29952830188679247,3647,31.706243544214267,0.6808398346641255,0.9979979534299346,30.809252035357883,0.1508941535821553,0.302020202020202,-0.6566013411130243,0.05223764537718356,-0.6827027190158041,-0.06476595522307882,True,0.6155724752496214,0.26996782222452187,0.5067650676506765,28.728684349259105,0.9990965129172192,7697
7698.png,0.5882088208820883,0.5656626506024096,0.7225856098499424,0.586875,0.93993993993994,0.9980984936961967,28.335816534560866,0.9958915779574425,28.800103812692278,0.4729140722291407,0.5506710358827784,0.7119233384162692,31.280909676492954,0.5934081901894952,2753,6,23,58,30,2.0860759493670886,3.8333333333333335,395,412,817.1220412384029,4.036613394037078,0.037499421906718546,-0.02114468668324876,-0.8123374822033078,-0.0004565346153823091,-0.0006513920296106201,0.000874084725235702,632.8730583190918,6,23,-17,58,30,2.0860759493670886,3.8333333333333335,6,0,395,412,307,1.9833059253359258,4.036613394037078,817.1220412384029,0.037499421906718546,44788,16.26879767526335,23.805303305484927,256x256,65536,sparse,Meijering,395,6,33,2694,31.841899541538183,0.6509925563113386,29.54998298104154,0.9965429699870532,0.472039987503905,0.4537155043393608,13,12,0.0,44,2636,32.187093607993766,0.6973499307311954,0.9962922793668176,29.438156301420904,0.2808099492036684,0.4852621780949426,3256,32.07331528973932,0.6835180121751859,0.9972725573012401,30.624683223971555,0.2815553893316952,0.44797507788161994,-0.7498791683492634,0.09695553154341763,-0.5609898650452294,-0.05758436612184337,True,0.7734976593235312,0.5506710358827784,0.609353507565337,29.148154016764174,0.998555028311579,7698
7699.png,0.6856959589480436,0.3978895096213532,0.569271758436945,0.40815027061445397,0.9405722670579604,0.9991661055869507,27.795505469175442,0.9967700363485696,28.87628216209697,0.4022915340547422,0.3894122940947261,0.6750809580261198,30.73614665252777,0.5621463623372016,2408,5,12,33,23,2.042042042042042,2.4,333,340,582.2246463243795,4.6235099003479645,0.034937185409806504,-0.0025242715257079995,-0.6392795918093306,-0.00024875698272275315,-9.718301736683088e-05,-0.0033117769926949148,624.962568283081,5,12,-7,33,23,2.042042042042042,2.4,5,0,333,340,277,1.712425430365819,4.6235099003479645,582.2246463243795,0.034937185409806504,45441,18.870847176079735,27.21594684385382,256x256,65536,sparse,Meijering,333,5,27,2256,31.160892493155874,0.6134814371604054,29.049334578886334,0.9968672193659365,0.40560331104743713,0.4146559913187361,9,0,0.6,34,2198,31.413395102838123,0.6549355821678076,0.9966255307570955,28.55481763177775,0.36641659876042776,0.37492043284532145,3930,31.773003802116314,0.6901906226532816,0.9980869146501402,31.06998416846463,0.20650207008836308,0.37666878575969487,-0.17305241678936412,-0.025243697224009987,-0.4247458406281055,-0.051335074823203763,True,0.5768379176822511,0.3894122940947261,0.6882202304737516,28.434785060984773,0.9994148625696735,7699
7700.png,0.5371196754563895,0.5653710247349824,0.7223476297968398,0.5749032614704257,0.9715086408220458,0.9981462769510521,27.30494842328989,0.9947718920766013,27.653860583676728,0.44313510550835844,0.2581227112773926,0.37530641129375086,29.645329109520638,0.5365409059430895,2875,4,30,61,21,2.1405405405405404,7.5,370,396,738.3119028027064,4.412268266162357,0.032968177488739245,0.01813233368423761,-1.0656917567332336,-0.00046222744786428294,-0.0012116753167276118,0.039873635082708914,666.6092872619629,4,30,-26,61,21,2.1405405405405404,7.5,4,4,370,396,288,1.864423996976527,4.412268266162357,738.3119028027064,0.032968177488739245,45947,15.981565217391305,22.79513043478261,256x256,65536,sparse,Otsu,370,4,30,2872,30.801330019815836,0.6167542176100367,28.97625688320783,0.9959835673933289,0.4032614704256495,0.23325423552467406,25,5,0.0,33,2674,31.025256658539696,0.6590494441893574,0.9953210407627614,28.341315791267228,0.3132014668352898,0.35129906025428415,3173,31.015463966760805,0.638705183682177,0.9966176458664073,30.004459493684838,0.17521421338208354,0.3895172413793103,-1.3223962995311034,0.024868475752718555,-1.156000910295198,-0.08021331166694723,True,0.6877652592919895,0.2581227112773926,0.5189873417721519,28.370640180023123,0.9986085043989164,7700
7701.png,0.5736074270557029,0.48968470221876215,0.657434021426705,0.4912143693869582,0.9936808846761453,0.9991682696176218,27.62888560795396,0.9971721543204188,28.293736496227368,0.4261275272161742,0.3296799539643608,0.5929167542784822,31.606589701048037,0.6062285057091538,2189,5,11,25,17,2.04040404040404,2.2,297,303,590.7422968591849,4.418152814360981,0.030324423886193594,-0.019953941153552646,-0.3458906752326314,-0.00013673614533304956,-0.00040671395735703,-0.004503805597543653,602.7252674102783,5,11,-6,25,17,2.04040404040404,2.2,5,0,297,303,255,1.949644544089716,4.418152814360981,590.7422968591849,0.030324423886193594,44668,20.405664687071724,29.938784833257195,256x256,65536,sparse,Meijering,297,5,28,2121,31.935274749529476,0.644531114332881,28.69060426169429,0.9975788682777759,0.43063133281371785,0.45483493938916475,6,4,0.0,42,2100,32.24408664589841,0.6818625918651895,0.9976480723737924,28.913664691175157,0.3644937371043776,0.4224037339556593,4275,32.66268604355086,0.7281890515180629,0.998675592463638,31.62741350861083,0.23527217602631467,0.43391812865497076,-0.39686776546692215,-0.12515498542480397,-0.3286850484814394,-0.03830260862372725,True,0.55603076078622,0.3296799539643608,0.5935613682092555,27.974776283186593,0.9993050057629549,7701
7702.png,0.7036802030456852,0.375740567508575,0.5462375339981868,0.375740567508575,1.0,0.9995361851264929,27.149616665677282,0.996843772543411,28.419507854391647,0.4610349127182045,0.5104583404430468,0.8578362304969357,31.632202516050157,0.6190564970989596,2544,5,10,20,16,2.028985507246377,2.0,345,350,583.3157985642515,5.077086942092232,0.02334983748436155,0.0026558752607940272,-0.2523602208063416,-3.6090609505379234e-05,-0.0003333254284907383,0.008275324317830346,652.0421504974365,5,10,-5,20,16,2.028985507246377,2.0,5,0,345,350,309,1.6666165673264297,5.077086942092232,583.3157985642515,0.02334983748436155,44749,17.59001572327044,25.761006289308177,256x256,65536,sparse,Otsu,345,5,32,2514,32.02550284605954,0.6638981752559951,28.915666420682314,0.9971770979719018,0.45275958840037417,0.504831486412472,7,3,0.0,41,2308,32.27534093718117,0.6991008187136051,0.9970218265590715,28.89386680728684,0.6631104004243529,0.44434050514499535,3412,32.39338294949163,0.7009934192272513,0.9982415765856397,31.213779217345458,0.3296799539643608,0.4583723105706268,-0.4961585662906671,0.005626854030574835,-0.3933003300093816,-0.04484167815703555,True,0.5950533706734951,0.5104583404430468,0.7010243277848912,27.401976886483624,0.9995722757359983,7702
7703.png,0.6985962014863749,0.373062349293834,0.5434019066733567,0.3744813278008299,0.9899451553930531,0.999299707281952,27.768641715852795,0.9968960360538821,28.051671623564296,0.32885211995863495,0.31738084550334256,0.5208325288209907,30.1577320243183,0.5296709790290693,2754,8,58,117,43,2.2604166666666665,7.25,384,434,812.2180021583115,3.7539683434491358,0.049894020895687924,0.011408181519652838,-0.3353692633700547,-8.930112749916397e-05,-0.0007122420232189564,0.00634952749406531,628.577470779419,8,58,-50,117,43,2.2604166666666665,7.25,8,3,384,434,224,1.8714700510560125,3.7539683434491358,812.2180021583115,0.049894020895687924,45799,16.629992737835874,23.79665940450254,256x256,65536,sparse,Meijering,384,8,30,2749,30.874020000394506,0.6096776099320794,28.960134194205608,0.9976082780771011,0.32250259246456964,0.40547945202980573,8,3,1.0,35,2638,31.172105483055915,0.658880042939976,0.997312538088715,28.550748976465567,0.3350211211775981,0.3175698998964446,3263,31.122943048602227,0.6427595369648171,0.9977763529976315,29.70307603761581,0.33211305490349863,0.3237832240248533,-0.9084625706413121,-0.08809860652646317,-0.716287976076206,-0.08000663090301008,True,0.6093721646414789,0.31738084550334256,0.6871880199667221,28.10401097922285,0.9993890084094512,7703
7704.png,0.5719717544812601,0.47581120943952804,0.6448131121327203,0.49342306515754053,0.9302191464821222,0.9986908929066183,28.46664307810078,0.9963807972374441,28.846111486901165,0.3511287370347773,0.32294312550183535,0.41106842781967307,30.93869856867704,0.5732328242372826,2783,7,39,87,37,2.1588089330024816,5.571428571428571,403,435,874.0404428973867,3.801001668272184,0.040888156284303,0.005600073065330946,-1.1103944091536313,-0.0004362331003058273,-0.0009132510172332742,0.015246204150103082,631.4258575439453,7,39,-32,87,37,2.1588089330024816,5.571428571428571,7,2,403,435,279,2.0092883744767467,3.801001668272184,874.0404428973867,0.040888156284303,45142,16.220625224577795,23.548688465684513,256x256,65536,sparse,Meijering,403,7,33,2775,31.611905083397055,0.6403714931980838,29.877001183232856,0.9972940482546774,0.33588253288467423,0.3218137564982635,12,5,0.0,42,2624,31.879655342400667,0.6827688107277053,0.9970867460031195,29.528935574793735,0.2805968242827812,0.31591811793461655,3022,31.76419987501262,0.6649725837796173,0.9977842594775785,30.841868135493577,0.21408693021642322,0.3191684500152858,-1.0308896963316911,0.0011293690035718562,-0.6732065147200146,-0.06713866896080123,True,0.785618898573022,0.32294312550183535,0.5663716814159292,29.57703748725441,0.9991271260069241,7704
7705.png,0.6764199655765921,0.49720302731161564,0.6641758241758242,0.5003311258278146,0.9875816993464053,0.9993110502415169,27.327925162466563,0.9967970971801826,28.03952068342754,0.460443561734525,0.44428516333642853,0.635777738121151,30.727023177688125,0.5650300323868694,2455,4,22,51,24,2.1139240506329116,5.5,316,334,632.687915998424,4.8965902690646015,0.030829705590050986,-0.006788343713655998,-0.0730070056966845,-3.422576312150927e-05,-0.00017554351836290838,0.0011720385557170698,641.963005065918,4,22,-18,51,24,2.1139240506329116,5.5,4,0,316,334,241,1.8942751976000693,4.8965902690646015,632.687915998424,0.030829705590050986,45616,18.580855397148675,26.6949083503055,256x256,65536,sparse,Otsu,316,4,27,2338,31.08634436034794,0.6161442770324034,28.267001929215386,0.9969726406985455,0.45927152317880793,0.48166983580189315,7,3,0.0,34,2346,31.377855139412972,0.6609353188373365,0.9966780118808071,28.040151830460005,0.4566491309255002,0.4672185430463576,3723,31.62683036725143,0.6772776343299648,0.9979148764654799,30.59378113964099,0.36179192285963824,0.4427152317880795,-0.22748124578784612,-0.03738467246546462,-0.3593211826598157,-0.051114244645533935,True,0.6988057880877979,0.44428516333642853,0.6832083092902481,27.400932168163248,0.9993452760046384,7705
7706.png,0.6445201590005678,0.489159891598916,0.656960873521383,0.4950291395269112,0.9763353617308993,0.9992200084555937,28.00043604542791,0.9973180618645971,28.72864850304126,0.48120300751879697,0.4225254513106206,0.570394729712273,30.248499907748293,0.534625177411501,2367,4,21,44,22,2.1049382716049383,5.25,324,341,616.6713510193092,4.575086125621089,0.028026401054060616,0.029587766290397277,-0.17947661237573698,-0.00011442466278721586,-0.0001252709105513672,0.04749283280142802,604.7251224517822,4,21,-17,44,22,2.1049382716049383,5.25,4,0,324,341,258,1.8084203842208448,4.575086125621089,616.6713510193092,0.028026401054060616,45788,19.34431770173215,27.68736797634136,256x256,65536,sparse,Meijering,324,4,25,2169,30.70871636576401,0.5882326898697344,28.81541953870578,0.9974433327751485,0.43371017471736895,0.36677095188387276,13,7,0.0,30,2204,30.944857799177047,0.6341800207571059,0.9969753490972556,28.169987439436746,0.22119921692859512,0.44872231686541736,3909,31.317060554886524,0.6725420969314131,0.9981495839815595,30.404479197914448,0.12038930555362282,0.4576156703816278,-0.08677103566451905,0.05575449942674782,-0.4602164580157151,-0.053607512458233475,True,0.7407597393541085,0.4225254513106206,0.6149323927101705,28.179912657803648,0.9993344331183809,7706
7707.png,0.5656482246077622,0.3751728907330567,0.5456374151370379,0.3766053453661923,0.989963503649635,0.999260776415182,28.258594681855925,0.9962500187000727,29.17485344271611,0.2763522884882108,0.2689937967814926,0.5452027990814249,31.740967465662685,0.6094692245965607,2515,9,27,65,37,2.096774193548387,3.0,372,390,712.556102221437,4.045972525753001,0.038459065771708816,0.010552947060123441,-0.8403185346462791,-0.00017378054308292423,-0.0007838936834049237,0.005265860164712033,623.9402294158936,9,27,-18,65,37,2.096774193548387,3.0,9,1,372,390,270,1.8270669287729118,4.045972525753001,712.556102221437,0.038459065771708816,44404,17.655666003976144,26.058051689860836,256x256,65536,sparse,Meijering,372,9,32,2359,32.217544983217145,0.6577519054629883,29.985859105062346,0.9970339123834776,0.2710864283234988,0.2792767087244591,8,1,0.9444444444444444,45,2462,32.5296964890025,0.7011382953297409,0.9970693220487868,30.12184906601661,0.3315924206995575,0.2533842415827838,3807,32.74053410489135,0.7202065676905651,0.9979680131574584,31.784251019511444,0.22538148953686576,0.26449149600833044,-0.8110056623462363,-0.010282911942966488,-0.47657751755446043,-0.04828268086642762,True,0.49338300763441045,0.2689937967814926,0.5550952775476388,29.098913216502204,0.9994345569582649,7707
7708.png,0.6340014847809948,0.4219167621229477,0.5934479054779807,0.4254909510974201,0.9804791481810116,0.9993879210876853,27.976625302409545,0.9974240845816945,28.696160645142168,0.41192307692307695,0.1984837238283187,0.36281761201450446,31.75513721818684,0.6133678538673315,2150,6,8,19,17,2.0133779264214047,1.3333333333333333,299,301,524.7450213810152,4.4713903458222095,0.02233619916283573,-0.003929549701763846,-0.4273295054650461,-9.32277700496087e-05,-0.0003960235287010505,0.0045299309854566205,603.1382083892822,6,8,-2,19,17,2.0133779264214047,1.3333333333333333,6,0,299,301,263,1.743338941465165,4.4713903458222095,524.7450213810152,0.02233619916283573,44555,20.72325581395349,30.48186046511628,256x256,65536,sparse,Meijering,299,6,29,2093,32.06094703745539,0.6486278684689176,29.210886807082087,0.9978201081103956,0.4073931459376203,0.4155843717880138,7,1,0.41666666666666663,41,1988,32.34623102754588,0.6832278457531966,0.9977271495081677,29.197568623812394,0.29413645085433004,0.4058529072006161,4382,32.83953300591218,0.7364710927449932,0.9987648369009454,31.965035505985444,0.2591817793182821,0.39245863793766833,-0.5147261619399188,-0.21710064795969508,-0.30580981926855344,-0.03526001460158612,True,0.5470619872234423,0.1984837238283187,0.6379310344827587,28.40395480787459,0.9994811488577349,7708
7709.png,0.7434402332361516,0.4777733279935923,0.6466124661246613,0.4779647435897436,0.9991624790619765,0.9995065986672602,26.800292058338655,0.9976886819189861,27.426448526470793,0.4664549424374752,0.4271565765668772,0.8518863385044297,30.958884586283904,0.5906844938011226,2212,4,18,40,19,2.099290780141844,4.5,282,296,556.0474576329844,4.492641581711194,0.028128533341555354,-0.005258651522212721,-0.39166253652510363,-3.623914438299902e-05,-0.00024635333094191747,0.002512634745167497,610.3296279907227,4,18,-14,40,19,2.099290780141844,4.5,4,1,282,296,223,1.8785387082195393,4.492641581711194,556.0474576329844,0.028128533341555354,45036,20.359855334538878,29.62748643761302,256x256,65536,sparse,Otsu,282,4,27,2188,31.47560461006304,0.6295362085995164,28.137803894146373,0.997935035249928,0.4639423076923077,0.35780105675876583,7,0,0.125,37,1970,31.82277108309907,0.664549099782896,0.9979448073513497,28.200682875305922,0.4638457252683116,0.46113782051282054,3987,32.22365756311841,0.7044737792620341,0.9988397582963767,31.262601099232015,0.2939011237856156,0.4543269230769231,-0.7113553676755799,0.06935551980811139,-0.5167200237791363,-0.03885171479839378,True,0.5014243770087834,0.4271565765668772,0.7486988847583643,27.19195459486376,0.9995428378116432,7709
7710.png,0.6087463556851312,0.5114122681883024,0.676734308636149,0.5201305767138193,0.9682646860229575,0.998945055014213,27.73080461721176,0.9962418737280645,28.537443721326422,0.46089790007241127,0.3219752101919423,0.4875424420865372,30.66612229916727,0.5549218555084038,2185,4,16,37,21,2.083044982698962,4.0,289,301,625.7791167327213,4.638107658670023,0.030720689701467376,0.005073369903140779,-0.33948641367296517,-0.00014820754223010546,-0.0002781781984382281,0.01673546352418792,608.0822944641113,4,16,-12,37,21,2.083044982698962,4.0,4,0,289,301,231,2.0790003878163468,4.638107658670023,625.7791167327213,0.030720689701467376,45445,20.79862700228833,29.99359267734554,256x256,65536,sparse,Otsu,289,4,26,2133,31.077975087007033,0.6030506882223935,28.837337170215037,0.9965200519265027,0.44416243654822335,0.38121660819385916,11,7,0.0,32,2142,31.282831147047204,0.6435932511596772,0.9960129825474859,28.24049088029851,0.2851726869826413,0.43012309920347574,4109,31.774757836584094,0.6953463810055225,0.9978999684653581,31.24656019749095,0.2035462412688548,0.4446454413892909,-0.29989344888861424,-0.059241398001916856,-0.41185278783976287,-0.04812883271398971,True,0.6604044743550609,0.3219752101919423,0.6036729857819905,28.070291030884725,0.9990932625564432,7710
7711.png,0.7064280980781975,0.5119760479041916,0.6772277227722772,0.5146726862302483,0.9898697539797395,0.9992981238485352,27.908453783873707,0.9974756175020161,28.51675634779754,0.44232209737827716,0.38121660819385916,0.5182934369473734,31.49062283784561,0.6002304576106833,2290,4,18,38,19,2.086687306501548,4.5,323,337,590.8235205949625,4.360187437881257,0.02337856321631242,-0.01005983757863893,-0.34527983261432027,-7.603198234129582e-05,-0.0003018534140581952,-0.001244494043844746,575.4773616790771,4,18,-14,38,19,2.086687306501548,4.5,4,2,323,337,266,1.7531855210532987,4.360187437881257,590.8235205949625,0.02337856321631242,44772,19.55109170305677,28.618340611353712,256x256,65536,sparse,Meijering,323,4,29,2262,31.797339789978988,0.6412202982906241,28.96545219307277,0.9977774709160743,0.4435665914221219,0.4527541592363178,7,2,0.625,40,2150,32.18110464924497,0.6817559008122308,0.9977121089733312,28.90588437789086,0.630646094100368,0.4488721804511278,4106,32.52638590388554,0.7194310822875629,0.9987805162235042,31.679376473987695,0.39468118935377583,0.4330323551542513,-0.4486958452752319,-0.07153755104245862,-0.30671695213337813,-0.040989840679940825,True,0.7355227387001761,0.38121660819385916,0.7164879356568364,28.253733616488027,0.9993741558308765,7711
7712.png,0.690734055354994,0.4394375199744327,0.6105683836589698,0.4436915133914166,0.9786476868327402,0.99929035045826,27.984332605781756,0.9964709504535935,28.22434384426007,0.4454428754813864,0.216143578907389,0.38872593775525094,30.364762722827408,0.5456087507553568,2782,9,26,78,43,2.0906666666666665,2.888888888888889,375,392,807.9119670509081,3.954289018948873,0.04405423703032062,-0.006217164157201083,-0.44886399248214204,-0.00011026953227977199,-0.0005881967216890827,0.0031104012545822846,655.0931930541992,9,26,-17,78,43,2.0906666666666665,2.888888888888889,9,0,375,392,254,2.06099991594619,3.954289018948873,807.9119670509081,0.04405423703032062,45606,16.393242271746946,23.557153127246586,256x256,65536,sparse,Meijering,375,9,31,2757,31.090717804413984,0.6209547476310634,28.984333031619542,0.9970591471752825,0.4423324742268041,0.37984000499724146,9,3,0.0,35,2502,31.269717750611964,0.6600703255224285,0.996787766681561,28.48738419417906,0.34295318018494325,0.4302288108282307,3300,31.292307635323283,0.655483919102477,0.997481159878016,29.59002719442452,0.18806365384936496,0.44233858014776745,-0.7599891873594729,-0.16369642608985246,-0.7259550815865765,-0.07534599687570664,True,0.55603076078622,0.216143578907389,0.6969512195121951,28.433196598263898,0.9994006199905398,7712
7713.png,0.7055408970976254,0.6377079482439926,0.7787810383747179,0.6429370108087962,0.9874069834001145,0.9987513377583742,27.850655812217447,0.9969263873182088,28.201006097927994,0.5505952380952381,0.5132477440400283,0.7674283722806198,30.635842476149143,0.5536173181108661,2186,4,11,27,17,2.0492957746478875,2.75,284,291,618.4432542911891,4.544178610536414,0.024868302985106294,0.001486131431485238,0.010017594400103746,-5.7655946664514346e-05,-0.00012607829484956312,-0.0032222665602553713,620.8088397979736,4,11,-7,27,17,2.0492957746478875,2.75,4,0,284,291,240,2.1252345508288255,4.544178610536414,618.4432542911891,0.024868302985106294,45601,20.860475754803293,29.979871912168345,256x256,65536,sparse,Meijering,284,4,25,2072,30.956093680635405,0.5976546591381277,28.2021721228076,0.9970524656130584,0.5538175046554935,0.48999427780337823,9,13,0.0,30,1962,31.107905880091774,0.6325557714604532,0.9962014437543095,27.451560585348478,0.6155724752496214,0.5495160089352197,4147,31.65302707920985,0.6901788611398327,0.9983427556858229,30.799558082489597,0.3720742382862381,0.5525826830174656,-0.0011660248796054873,0.023253466236650033,-0.32025120448626154,-0.044037341027261534,True,0.668789117758019,0.5132477440400283,0.7040547656661401,27.840638217817343,0.9988089937050387,7713
7714.png,0.5495702005730659,0.5470420527441198,0.7072103202027182,0.5539516420064958,0.9777070063694268,0.9987204824387507,28.159882720405864,0.9968879554645362,28.445290507945362,0.4072072072072072,0.309796799156256,0.464373214211048,30.37108959604001,0.5405655173958833,2414,4,16,34,18,2.0743034055727554,4.0,323,335,653.0758358745945,4.2461438300808885,0.024656087658398978,0.008022922636103158,-0.26617879128511035,-0.00020295326721575524,-0.000302920912978788,0.003020992844161352,588.1597995758057,4,16,-12,34,18,2.0743034055727554,4.0,4,0,323,335,271,1.9494801070883385,4.2461438300808885,653.0758358745945,0.024656087658398978,45700,18.931234465617234,27.148301574150786,256x256,65536,sparse,Meijering,323,4,27,2371,30.86947210530144,0.6013502954697363,28.804099977815895,0.997190876377515,0.40418621436304586,0.3198585892553041,11,2,0.0,31,2176,31.06838094154184,0.6377302576321201,0.9964876231467085,28.195590121024424,0.5342005023501717,0.37639841212558645,3811,31.42406355253129,0.6728326645868614,0.9980227275945002,30.464190736533755,0.26698435629266537,0.4099423631123919,-0.35880946987053264,-0.010061790099048062,-0.4983825092614289,-0.06078477807385296,True,0.6671289163019205,0.309796799156256,0.5415472779369628,28.426061511690975,0.9989234357059664,7714
7715.png,0.7133695115934879,0.5200120373156786,0.684220946347258,0.5284403669724771,0.970241437394722,0.9988418884729098,28.157360838286177,0.9967407210443262,28.997592013333914,0.5165036674816625,0.4511883639059735,0.6572167250559303,31.412420668853265,0.6034181360127147,2614,5,17,38,19,2.0646900269541777,3.4,371,383,685.5120025014905,4.384476011654116,0.03096313308933087,-0.013814001654794739,-0.6893347205548963,-0.00022815928029928934,-0.0003362487045716067,-0.013896576942413197,637.6643180847168,5,17,-12,38,19,2.0646900269541777,3.4,5,2,371,383,314,1.7898485704999718,4.384476011654116,685.5120025014905,0.03096313308933087,44757,17.12203519510329,25.07115531752104,256x256,65536,sparse,Meijering,371,5,31,2542,31.822040809633172,0.6518614752286536,29.462314196136855,0.9970769697488978,0.5304002444240757,0.5446398645695487,9,13,0.0,39,2372,32.134447490097536,0.692878957810401,0.9968195063042407,29.04056231409717,0.38121660819385916,0.5258988421694089,3486,32.25175977232209,0.6979461004094085,0.9980116932394424,31.272948102840555,0.3261734926488179,0.5147820786345626,-0.46472218280294086,-0.09345150066357522,-0.40962014077990716,-0.04844333921593891,True,0.6865138191173947,0.4511883639059735,0.7271835132482827,28.846695558841073,0.9990700477532091,7715
7716.png,0.6101426307448494,0.41246056782334384,0.584031267448353,0.4147501982553529,0.9867924528301887,0.9994711178285539,27.88396721903798,0.997365860486757,28.767470121564656,0.3848592944906857,0.26987932811252946,0.4307312869157982,31.47366290959237,0.5943940447059132,2132,4,17,39,18,2.0860927152317883,4.25,302,315,557.1775509521354,4.703125184734925,0.03274288467170737,-0.0038367179445866206,-0.19187455456615155,-3.836563219072886e-05,-0.00031027087360757655,-0.0005491115362770693,614.1765117645264,4,17,-13,39,18,2.0860927152317883,4.25,4,1,302,315,245,1.7688176220702694,4.703125184734925,557.1775509521354,0.03274288467170737,44784,21.00562851782364,30.73921200750469,256x256,65536,sparse,Meijering,302,4,28,2131,31.760198146440164,0.6339615039882945,29.153050700057477,0.9976761313603646,0.38540840602696275,0.43204567982053965,7,2,0.125,38,2086,32.040293314746684,0.673674958594341,0.9974782579735807,28.821587860524104,0.3363497498636806,0.37272006344171293,4108,32.460186890862026,0.7179169091569786,0.9986246401250869,31.692599531405577,0.2047437658024791,0.36594059405940593,-0.3855805784928208,-0.1621663517080102,-0.2865352368477936,-0.03956745928238137,True,0.6265607730633391,0.26987932811252946,0.613979348689436,28.075841773604132,0.9995094834607446,7716
7717.png,0.7767100056529113,0.54630593132154,0.7065948855989233,0.5474452554744526,0.9962049335863378,0.9993281293497992,27.44718808335388,0.9974640457639767,28.14697897887822,0.5423905489923558,0.4605163805137008,0.7697338456811846,31.639675663688145,0.6182691994189911,2342,4,13,32,18,2.061224489795918,3.25,294,303,541.0504443616167,4.713829679554012,0.02607196403821944,-0.007792256790527641,-0.017256731439022843,6.213184488013113e-07,-0.00012212293603497404,-0.004707122192906588,624.1936683654785,4,13,-9,32,18,2.061224489795918,3.25,4,0,294,303,244,1.7856450308964225,4.713829679554012,541.0504443616167,0.02607196403821944,44802,19.129803586678054,27.982920580700256,256x256,65536,sparse,Otsu,294,4,29,2284,31.915088383213174,0.6552313840442009,28.29421313428439,0.9975861687000117,0.5470976711852624,0.6753475326416503,4,1,0.5,41,2134,32.194131154298454,0.6870826010983201,0.9976107673093406,28.466572106294542,0.5768379176822511,0.532499131039277,3767,32.46873582421566,0.7079555379616634,0.9986900920091633,31.300909520224987,0.44010163343459796,0.5165102537365311,-0.14723415540617069,-0.21483115212794945,-0.2754127195250291,-0.03696218462520984,True,0.598280019902414,0.4605163805137008,0.7845022624434389,27.464444814792902,0.9993275080313504,7717
7718.png,0.7643362136684996,0.4321626617375231,0.6035105833763551,0.4326424870466321,0.9974402730375427,0.9994614271148904,27.539555532893708,0.997920186538215,28.420828142588917,0.39696633370329265,0.4605163805137008,0.7803183600616036,31.507084863916567,0.6013481615019426,2252,5,13,31,19,2.0535117056856187,2.6,299,307,495.082774680322,4.58316247837998,0.027826817774911822,-0.0009699087804799778,-0.36452281340711323,-8.720943378726087e-05,-0.0004059133290562622,-0.0016273006416370195,605.2689552307129,5,13,-8,31,19,2.0535117056856187,2.6,5,0,299,307,249,1.6126474745287345,4.58316247837998,495.082774680322,0.027826817774911822,44872,19.925399644760212,29.101243339253998,256x256,65536,sparse,Meijering,299,5,28,2229,31.772154637858772,0.6389877995689138,29.052288050922858,0.9983260998672713,0.39859363434492967,0.49674922107127684,6,1,0.4,40,2192,32.14164880809486,0.6829021495281274,0.9981748924967844,28.854824505517612,0.4831486655083008,0.38712065136935603,4093,32.459881626316374,0.7161363908532213,0.9989956153983556,31.710473552077993,0.42592773880356405,0.3997039230199852,-0.631459908333941,-0.03623284055757603,-0.265069773942205,-0.03763963806697124,True,0.590164737988921,0.4605163805137008,0.7653061224489796,27.90407834630082,0.9995486365486776,7718
7719.png,0.6060013046314416,0.5007204610951008,0.6673067690830533,0.504720406681191,0.9844192634560907,0.9989488760835207,28.161958664861633,0.9967590987516202,28.724069649393876,0.37378114842903576,0.26655304377571065,0.4719240251706347,31.347781699086397,0.5931149581084436,2326,5,21,45,24,2.0987654320987654,4.2,324,340,629.5150087875996,4.26517214966409,0.034360021206856085,-0.010753312782806335,-0.5733342492906957,-0.00014902306139985555,-0.0005581811064752085,-0.0029883615528153995,624.5746612548828,5,21,-16,45,24,2.0987654320987654,4.2,5,0,324,340,255,1.85151473172823,4.26517214966409,629.5150087875996,0.034360021206856085,44794,19.257953568357696,28.175408426483234,256x256,65536,sparse,Meijering,324,5,29,2269,31.78810031712882,0.6391080760676882,29.356998126829343,0.9973172798580954,0.37676950998185116,0.37846033928086964,9,1,0.09999999999999998,41,2208,32.133844448616195,0.6793500324200922,0.997121530052803,29.184498248565333,0.312398245979678,0.359840232389252,4069,32.461433311119805,0.7173319264073035,0.9983844082900382,31.59755722268062,0.2333418586049142,0.37948532076839436,-0.6329284774354669,-0.11190729550515899,-0.4403186180424221,-0.045993117959244545,True,0.5648219407336433,0.26655304377571065,0.616754617414248,28.73529291415233,0.9990978991449205,7719
7720.png,0.5768,0.45965770171149145,0.6298157453936347,0.46210569438754606,0.9886064855390009,0.9991637665563142,27.56397343313715,0.9971234812249284,28.469092737930627,0.340024580090127,0.25512991215916725,0.46142944676818676,30.912102942374467,0.56349678405621,2177,5,25,50,25,2.136986301369863,5.0,292,312,606.1780931051925,4.374481177085067,0.03536629942943838,-0.004946031746031809,-0.2630789827724378,-0.00012343329164477002,-0.0002919367037620413,-0.008460268394721526,586.3020420074463,5,25,-20,50,25,2.136986301369863,5.0,5,0,292,312,217,1.942878503542281,4.374481177085067,606.1780931051925,0.03536629942943838,45278,20.798346348185575,30.1038125861277,256x256,65536,sparse,Meijering,292,5,27,2115,31.285036323085222,0.6092565684688575,28.787577930618987,0.9974154179286905,0.3484848484848485,0.24146295105021143,11,3,0.0,34,1970,31.474672818274346,0.6472419339690665,0.9970265384423893,28.26400345886723,0.3729109147269438,0.33265055305202784,4181,32.00365525412303,0.7010731251534473,0.9985111819474014,31.33796905951973,0.19121505239333525,0.33742833742833744,-0.3184851926883603,0.013666961108955822,-0.3729333807107551,-0.0457597844126475,True,0.5529120734406436,0.25512991215916725,0.5817460317460318,27.827052415909588,0.999287199847959,7720
7721.png,0.7173745173745174,0.38966480446927376,0.5608040201005026,0.38980090813831647,0.999104744852283,0.9995749966882943,27.41731585310167,0.9972760573839732,28.152929768390575,0.3861731843575419,0.37966771440382163,0.5872252165618749,30.47886446367036,0.5477873093835076,2396,5,19,54,30,2.088607594936709,3.8,316,330,636.9359927728104,4.371956824879103,0.044709028783729926,0.004098790744509584,-0.34482659974302976,-4.5275927426091656e-05,-0.00029385085384558973,0.014535042548250943,636.7025375366211,5,19,-14,54,30,2.088607594936709,3.8,5,0,316,330,232,1.9301090690085134,4.371956824879103,636.9359927728104,0.044709028783729926,45769,19.102253756260435,27.352253756260435,256x256,65536,sparse,Meijering,316,5,27,2357,30.95880489187642,0.6048337127344731,28.527323832362974,0.9975699082378188,0.37163814180929094,0.4796914787936931,6,2,0.0,33,2374,31.175636278412245,0.6532179098957666,0.9972530237395127,28.12056130982686,0.6074141344684816,0.36465246245197347,3847,31.48220587210183,0.6735308385442899,0.9985341711031313,30.538229382486406,0.48166983580189315,0.3709395738735592,-0.3743940639723995,-0.10002376438987148,-0.47994042820606,-0.05704640335096545,True,0.64654531804122,0.37966771440382163,0.7132757266300078,27.7621424528447,0.9996202726157204,7721
7722.png,0.7686989314896292,0.516012954300108,0.6807500593401375,0.5165706051873199,0.9979123173277662,0.9993222370479063,26.924698896627625,0.9976367020158633,27.88945635707548,0.49549873964710117,0.5285772362608692,0.8937842878029559,31.032549551883484,0.580041359416196,2064,4,8,22,16,2.031496062992126,2.0,254,258,492.2866690166411,5.588212545462481,0.018185156832351546,-0.0013137749906757534,-0.4027726974380528,-6.58122293615282e-05,-0.0001471154621041082,0.009547731001568027,612.0660305023193,4,8,-4,22,16,2.031496062992126,2.0,4,0,254,258,216,1.9080878644055839,5.588212545462481,492.2866690166411,0.018185156832351546,45259,21.92781007751938,31.751937984496124,256x256,65536,sparse,Otsu,254,4,26,2050,31.319359132840333,0.6148566159339638,28.17728125691222,0.9977838174779674,0.48595100864553314,0.5893442472476544,4,2,0.0,33,2030,31.502421505640466,0.6589503921741515,0.9975050352431838,27.79461091722635,0.4656299308560623,0.4827089337175792,4315,32.11964057500224,0.7077855495939764,0.9989380411422943,31.575205566492784,0.43305897896307466,0.4888328530259366,-0.287824899836739,-0.060767010986785275,-0.2868095809568487,-0.034815256517767845,True,0.5913924013591516,0.5285772362608692,0.770012706480305,27.327471594065678,0.9993880492772679,7722
7723.png,0.6928895612708018,0.5812831644958997,0.7352043929225137,0.5895303326810176,0.9764991896272285,0.9989792244760678,27.81086945833383,0.9978140314368401,28.252428794720394,0.4904645476772616,0.38298203749904003,0.801294389457761,30.30472522595128,0.5258921511394877,2030,5,17,33,20,2.0833333333333335,3.4,288,300,602.6945658334982,4.430763512849808,0.023774007139507662,0.013773707612265262,-0.009288426626383739,-5.870238860328225e-05,-5.4171616153286806e-05,0.01711491442542784,659.4786643981934,5,17,-12,33,20,2.0833333333333335,3.4,5,0,288,300,235,2.0089818861116586,4.430763512849808,602.6945658334982,0.023774007139507662,45900,22.610837438423644,32.28374384236453,256x256,65536,sparse,Meijering,288,5,23,1939,30.57494390567235,0.571278940188347,28.286719605201746,0.9978682030529934,0.47334963325183377,0.40717565786179344,7,7,0.0,29,1864,30.84017903122309,0.6158539962387157,0.997549012392614,27.641887584108183,0.31309244254261226,0.45432340009770394,4578,31.53867606848582,0.6978153021363988,0.9988001764740801,30.9270256893966,0.21914704213799407,0.48128342245989303,-0.03429081048135174,-0.02419362036275341,-0.2702186797210686,-0.04538678904885929,True,0.47795422323898396,0.38298203749904003,0.6791158536585366,27.820157884960214,0.9990379268646711,7723
7724.png,0.6559926806953339,0.4399633363886343,0.611075747931254,0.44300876788186433,0.9846153846153847,0.9994260028700908,27.8668753677566,0.9978643137033127,28.372320692009254,0.38532533456391327,0.25648299096539595,0.4398324232353954,30.599467467731017,0.5429699784780203,2175,7,15,43,24,2.051948051948052,2.142857142857143,308,316,638.7753547919118,4.394092065560353,0.027763665502061236,0.02402921037569916,-0.021893257885164275,-5.019728072497287e-05,-0.000162727527827089,0.010613751730503052,696.6485977172852,7,15,-8,43,24,2.051948051948052,2.142857142857143,7,1,308,316,241,2.021440996176933,4.394092065560353,638.7753547919118,0.027763665502061236,45571,20.952183908045978,30.131494252873562,256x256,65536,sparse,Meijering,308,7,25,2055,30.91714761906566,0.5904015384458979,28.57899153395314,0.9980270412311398,0.3747115828334102,0.35111514686554657,8,2,0.4285714285714286,33,2134,31.19474884636457,0.6399459626109112,0.9978769404417626,28.15510135658303,0.3178461090235478,0.3582295988934993,4201,31.6899212670615,0.6926059278195155,0.9988470393473433,30.931062401667862,0.20671993434267855,0.37667127708621484,-0.20667084194388607,-0.09463215590015062,-0.3176801513346419,-0.04743155996787762,True,0.5831379803214916,0.25648299096539595,0.6319634703196347,27.888768625641763,0.9994762001508157,7724
7725.png,0.7050889025137952,0.443267776096823,0.6142557651991615,0.44569516276239735,0.987862440997977,0.9992802890515454,27.477877230330385,0.9965009001038879,28.03318364283671,0.39361702127659576,0.31114692375142317,0.525762927776931,30.36124963802097,0.5483853160570419,3076,8,40,91,39,2.1431767337807606,5.0,447,479,869.8584446198951,3.8572691606995244,0.03555496075833996,-0.0039681694465025785,-0.7855109519592816,-0.0001652217273543366,-0.0008239512713598129,0.007059843661023968,671.4577674865723,8,40,-32,91,39,2.1431767337807606,5.0,8,1,447,479,317,1.815988402129213,3.8572691606995244,869.8584446198951,0.03555496075833996,45622,14.831599479843954,21.30559167750325,256x256,65536,sparse,Meijering,447,8,33,3072,31.14168808910907,0.6322365454625696,29.001197126340088,0.9973248513752477,0.3865571776155718,0.45587236069447545,7,1,0.9375,41,3008,31.499004914048236,0.6850330954241319,0.9972177229130976,28.930894972644246,0.3296799539643608,0.38838199513381993,671,30.43090577280315,0.5491550178831788,0.9956130049450296,27.12663679353911,0.5132477440400283,0.3920316301703163,-0.9680134835033769,-0.1447254369430523,-0.7804384510881022,-0.0838512294055277,True,0.5918008047220773,0.31114692375142317,0.7090570719602978,28.263388182289667,0.9994455107788998,7725
7726.png,0.6302583025830258,0.4563706563706564,0.6267232237539767,0.46171875,0.9752475247524752,0.9992846484631116,27.398205467838462,0.9976833296370837,28.338021795764163,0.3889105818039828,0.29671987802365907,0.5370838078533184,31.444167001734677,0.5965058741928883,2216,4,23,42,18,2.127946127946128,5.75,297,316,584.281792790767,4.721607974081328,0.021444785135976824,0.011739784064507375,-0.321506269263665,-7.858636888502524e-05,-0.00024362331063210174,0.008832456803982813,608.5562705993652,4,23,-19,42,18,2.127946127946128,5.75,4,1,297,316,237,1.8489930151606522,4.721607974081328,584.281792790767,0.021444785135976824,44852,20.240072202166065,29.574007220216608,256x256,65536,sparse,Meijering,297,4,28,2189,31.732343489343357,0.6369876149439978,28.7410158257898,0.9979269529477158,0.380078125,0.36871635449307405,8,3,0.0,39,2166,32.025520717842554,0.6771792411754295,0.9979236246333196,28.74981045915172,0.29476963397889533,0.3873486919172198,4157,32.41856960762316,0.7140753761932188,0.9987967506866319,31.491219144524006,0.23347069788557806,0.36953125,-0.40299403002563494,-0.07199647646941498,-0.28817648760868053,-0.04048174075110955,True,0.5524647618955876,0.29671987802365907,0.6185185185185185,27.719711737102127,0.9993632348319966,7726
7727.png,0.5532359081419624,0.42896742896742895,0.600387972841901,0.43792005659709937,0.9545104086353122,0.9988927115580528,27.52099541287989,0.9967851834613964,28.218298322489822,0.3204633204633205,0.24320787478254924,0.3654731030157143,30.70351474034905,0.5713488317972799,2534,6,34,77,31,2.159090909090909,5.666666666666667,352,380,705.009098467864,3.860982268710028,0.03658599979656609,-0.0034355409254693825,-1.2919685194444988,-0.00040716805162843706,-0.0007511010258431927,0.0116553968694047,626.9974708557129,6,34,-28,77,31,2.159090909090909,5.666666666666667,6,2,352,380,244,1.855287101231217,3.860982268710028,705.009098467864,0.03658599979656609,45114,17.803472770323598,25.86266771902131,256x256,65536,sparse,Meijering,352,6,31,2508,31.541112456772993,0.6313903766000266,29.51374609807396,0.9975362844872396,0.3088079235939158,0.38298203749904003,7,1,0.6666666666666667,38,2306,31.779612722175855,0.6672005756791527,0.9972351713896165,29.016316242426313,0.3473189236693539,0.3022269353128314,3617,31.922670881288504,0.6858958035702585,0.9981793143011705,31.050435397005206,0.18941575402981292,0.307773851590106,-1.2954477755841367,-0.1397741627164908,-0.837597716423943,-0.060041544802746705,True,0.6654603930513924,0.24320787478254924,0.5566714490674318,28.81296393232439,0.9992998796096813,7727
7728.png,0.4760504201680672,0.5694091037602488,0.7256350207169879,0.5995832092884787,0.9187956204379562,0.9978710369704408,27.77396692164016,0.9961082003140911,28.426031989557753,0.3862559241706161,0.1663986595842647,0.22738455869190133,30.04464517668623,0.5292021055688467,2774,4,27,66,32,2.1213720316622693,6.75,379,402,815.3773569624656,4.144232668474041,0.04391548668525703,0.017246572405624716,-1.001773222631929,-0.0006285045624048191,-0.0004847553538583904,0.005769565926250719,643.6669826507568,4,27,-23,66,32,2.1213720316622693,6.75,4,0,379,402,281,2.028301882991203,4.144232668474041,815.3773569624656,0.04391548668525703,45877,16.53821196827686,23.62509012256669,256x256,65536,sparse,Meijering,379,4,29,2707,30.745512585280323,0.6057501911653664,28.984473759640483,0.9965929556679495,0.3804863582443654,0.1987642054378339,25,4,0.0,32,2676,30.982643275969238,0.6529617891130107,0.9961781920060971,28.382502831133117,0.11458793100863207,0.35157399235069137,3210,30.99371098473846,0.6362066947669205,0.997034628053292,29.779743595342048,0.15454369197348428,0.360937963787474,-0.5584417700827302,-0.03236554585356921,-0.7008674085940925,-0.07654808559651971,True,0.7317940168915755,0.1663986595842647,0.4588038477624425,28.77574014427209,0.9984995415328456,7728
7729.png,0.5951859956236324,0.43795066413662237,0.6091316970176829,0.445387881126978,0.9632721202003339,0.9991289968108045,28.28673496697355,0.9969647050190564,28.993269599515695,0.37480798771121354,0.20248130293312883,0.348979515036286,31.019038254969182,0.5702369627727982,2431,6,26,56,25,2.115606936416185,4.333333333333333,346,366,695.9171707558962,3.8896206762060266,0.03619568104240001,0.006862642330219271,-0.5619658464246129,-0.00019793733809414515,-0.0004636324697425698,0.018712308698867863,640.4139995574951,6,26,-20,56,25,2.115606936416185,4.333333333333333,6,1,346,366,265,1.9014130348521705,3.8896206762060266,695.9171707558962,0.03619568104240001,45015,18.517071164129987,26.95845331139449,256x256,65536,sparse,Meijering,346,6,30,2395,31.55853091435879,0.6275583874711722,29.624007927840907,0.997428337488799,0.3560956790123457,0.28172953661254607,11,4,0.0,39,2342,31.78683757674445,0.6704611782574258,0.9972880509195854,29.370881479569768,0.22217210972275936,0.35772044666923375,3544,31.946177675593415,0.6854984731900445,0.9982247051228768,31.240111669796647,0.13331260193013073,0.3622468475353458,-0.6307383283252115,-0.07924823367941725,-0.5394926593896088,-0.05732142469837398,True,0.5802097091918857,0.20248130293312883,0.5883233532934131,28.848700813398164,0.9993269341488986,7729
7730.png,0.6991368680641183,0.5661354581673307,0.7229712541338081,0.5672654690618762,0.9964936886395512,0.9990427183457906,27.45778124452829,0.997066494641245,27.960437082801867,0.5242448330683624,0.547665502141123,0.8614058685992714,31.040663598749674,0.6007500587461654,2177,4,13,31,17,2.0642857142857145,3.25,280,289,571.42735321091,4.411125616090638,0.03348910473297051,-0.00878392401508954,-0.6659624450114201,-0.0001924171095619709,-0.0005704131923751632,-0.008290097071358082,623.2163906097412,4,13,-9,31,17,2.0642857142857145,3.25,4,1,280,289,232,1.9772572775463984,4.411125616090638,571.42735321091,0.03348910473297051,44758,20.559485530546624,30.1038125861277,256x256,65536,sparse,Otsu,280,4,27,1991,31.817695819021218,0.6354056637519128,28.788117878917806,0.9976369078336201,0.5325349301397205,0.5369869316887719,6,4,0.0,39,2094,32.09287442180003,0.6788848024635131,0.9975657751369431,28.695404312296596,0.6132589765454988,0.5289190267251695,4396,32.617689895443014,0.7294839735586154,0.9987456712114662,31.829428880688113,0.44233675368020875,0.5101715197447148,-0.8276807961159385,0.0106785704523511,-0.7770322202715434,-0.03465560500574738,True,0.6357810204284766,0.547665502141123,0.7079207920792079,28.12374368953971,0.9992351354553526,7730
7731.png,0.6141131595677051,0.3976289650752964,0.5690050435580009,0.40122858066602,0.9779353821907013,0.9992988529540656,27.306763688252957,0.9965215494523688,28.1422256489278,0.4078735075830913,0.3594669415386885,0.496001724714799,30.811889878093762,0.5693041343550882,2827,8,21,54,32,2.065989847715736,2.625,394,407,764.1943082444915,4.175929433198145,0.02874222192803333,-0.009446379484791767,-0.608530537419405,-0.00017638656009699716,-0.0005834293772736254,-0.0017611513241185262,661.7772579193115,8,21,-13,54,32,2.065989847715736,2.625,8,0,394,407,308,1.8776272929840045,4.175929433198145,764.1943082444915,0.02874222192803333,45339,16.03784931022285,23.182171913689423,256x256,65536,sparse,Meijering,394,8,32,2789,31.377845342097693,0.6357717893011936,28.76610824433431,0.9971049788296424,0.40963465890720985,0.34652731542633364,11,3,0.0,40,2626,31.699942714103404,0.6763228397278868,0.9970804764228961,28.776229425539217,0.3276142543761661,0.3818299385709667,3317,31.663864983380794,0.6685359528406348,0.9980227357281483,30.441842364442312,0.2846619136474401,0.3957322987390883,-0.6238825954065099,0.012939626112354885,-0.565955464003931,-0.0664676549461054,True,0.7247292169102477,0.3594669415386885,0.6235595390524968,27.915294225672362,0.9994752395141626,7731
7732.png,0.7100353000504287,0.5689873417721519,0.7252924566357402,0.57536,0.9809056192034915,0.9987890133667919,27.46301031710552,0.9969396293702216,28.090634340648943,0.4890302066772655,0.3001170031476249,0.44808211340535037,29.945331987657127,0.5269545740014774,2836,5,36,85,38,2.155388471177945,7.2,399,430,823.583638760589,3.561173138164339,0.049978052451755864,0.016536848038044782,-0.7972434714044248,-0.00029045279030615045,-0.000467809041871714,0.027688353642121744,619.4689273834229,5,36,-31,85,38,2.155388471177945,7.2,5,0,399,430,276,1.9153107878153182,3.561173138164339,823.583638760589,0.049978052451755864,45966,16.208039492242595,23.108603667136812,256x256,65536,sparse,Meijering,399,5,29,2709,30.685288301101824,0.6040318613361467,28.717216041113446,0.9974074384120933,0.46134185303514375,0.39042909270369075,12,8,0.0,31,2544,30.880827692277744,0.6462873435735293,0.9969111257020851,27.990816248457094,0.2159898665005685,0.44529262086513993,3042,30.892517184078784,0.630109284231786,0.9979587287557928,29.87248312348936,0.15655147998404828,0.4625158831003812,-0.6265817004645022,-0.09031208955606584,-0.7399563134446971,-0.07707728733466934,True,0.6697812614451066,0.3001170031476249,0.6934984520123839,28.260253788509946,0.9990794661570981,7732
7733.png,0.5308381655245124,0.4458634092171016,0.6167434715821812,0.4539287733182589,0.9616766467065868,0.9982639376269525,28.139501833892364,0.9952206592744314,28.29132716148935,0.3340788370142578,0.16180122084481563,0.24823464412375656,30.008295188349223,0.528442060848134,3365,14,45,109,58,2.128898128898129,3.2142857142857144,481,512,1038.4389143998949,3.2489941591036793,0.04900292304284335,0.03447148022546259,-1.053650941489348,-0.0003971232927970636,-0.0012763206482441225,0.05162962708197788,667.6778793334961,14,45,-31,109,58,2.128898128898129,3.2142857142857144,14,1,481,512,314,2.0282010046872894,3.2489941591036793,1038.4389143998949,0.04900292304284335,45710,13.583952451708766,19.475780089153044,256x256,65536,sparse,Meijering,481,14,35,3301,31.05648330205518,0.6278928776171621,29.503380150744366,0.9964969799226755,0.2824492099322799,0.2181457653553308,23,7,0.0,39,3236,31.40726388892262,0.6830255185689228,0.9963753279830745,29.35097642089367,0.06215169680816368,0.21319311663479923,560,30.290519801143375,0.5284152879795019,0.9948212290113324,27.942343250543153,0.21074567104866437,0.23516110797060485,-1.2120529892550174,-0.05634454451051518,-1.048188113705958,-0.099450816769028,True,0.6518075726938024,0.16180122084481563,0.49636668529904976,29.193152775381712,0.9986610609197496,7733
7734.png,0.6207650273224044,0.4445451798126322,0.6154811715481172,0.4468408262454435,0.9885752688172043,0.9992826638127612,27.622418397312348,0.9958507154695136,28.43923389982553,0.4437046004842615,0.4310712088208781,0.5657959072286477,30.97745169270855,0.582657766463308,2507,4,23,46,23,2.115501519756839,5.75,329,348,669.5785835318468,5.226462123241831,0.0248713567848315,0.0017174082747852815,-0.23625960603427743,-0.00012173398709369732,-0.00037421962767214545,0.007495608989729341,673.839807510376,4,23,-19,46,23,2.115501519756839,5.75,4,0,329,348,260,1.924076389459326,5.226462123241831,669.5785835318468,0.0248713567848315,45183,18.02273633825289,26.141204627044274,256x256,65536,sparse,Otsu,329,4,30,2473,31.460575796485195,0.6347253663061142,28.821693775034014,0.9962249350971858,0.4362089914945322,0.44010163343459796,10,5,0.0,39,2450,31.7561924667134,0.6785400609211819,0.9959716481146554,28.667561588153614,0.4193669839650065,0.4330397813543881,3786,31.98641182906696,0.6932530838365213,0.9977820383244684,31.26895474302241,0.30723110726553116,0.4322600243013366,-0.38245987520848246,-0.009030424613719834,-0.48312410377664605,-0.05206759984280618,True,0.761884635985313,0.4310712088208781,0.6190476190476191,27.858678003346625,0.9994043977998549,7734
7735.png,0.6529271206690561,0.4474815724815725,0.618289836622109,0.46445648708957604,0.924492385786802,0.9986823580412884,27.813047853190646,0.9963786641123883,28.724787019309595,0.37266095781795117,0.2925963525959382,0.4448938237481028,30.892061910020594,0.5726201826020413,2881,10,39,86,42,2.138095238095238,3.9,420,449,822.5913200000657,3.548437853370394,0.04090917721881111,0.005371296891144239,-1.2542549061366408,-0.00045799317381911564,-0.0008144934846713303,0.006100448263811065,610.4545593261719,10,39,-29,86,42,2.138095238095238,3.9,10,2,420,449,292,1.83205193763934,3.548437853370394,822.5913200000657,0.04090917721881111,45155,15.673377299548768,22.74765706351961,256x256,65536,sparse,Meijering,420,10,34,2849,31.608912001404008,0.6422108916120864,29.641407678508326,0.9971931575970596,0.3665605095541401,0.35853457917268017,10,6,0.0,42,2622,31.88164946051336,0.682796142917065,0.9970628291074615,29.56791282106599,0.3013928183950896,0.36063492063492064,3191,31.800976290146288,0.6694096039389638,0.9977341394239686,30.79498646289002,0.42305018961951335,0.35489009238611025,-0.9166206591987311,-0.06593822657674198,-0.7168500913834137,-0.06959070901004516,True,0.657676814056212,0.2925963525959382,0.6475558237779119,29.067302759327287,0.9991403512151075,7735
7736.png,0.6507791017415215,0.39700526102792394,0.5683661645422943,0.3974878444084279,0.9969512195121951,0.9996087553060687,27.578908094026865,0.9979468987067007,28.249062904385866,0.3310372771474878,0.3541208436312029,0.6072676717712187,30.466120963559995,0.5414252622945968,2221,5,21,46,24,2.1066666666666665,4.2,300,316,559.5678544442292,4.355849099556605,0.028784360617702044,-0.0028572618948421447,0.28535874224270685,1.6999939103756745e-05,-0.0001608885845033603,-0.007293354943273933,586.8327617645264,5,21,-16,46,24,2.1066666666666665,4.2,5,0,300,316,230,1.7707843495070514,4.355849099556605,559.5678544442292,0.028784360617702044,45697,20.574966231427286,29.5074290859973,256x256,65536,sparse,Meijering,300,5,25,2211,30.759365845176987,0.5926337846001261,28.228232013669704,0.9981077872912041,0.33833063209076175,0.28965179529082274,10,0,0.5,30,2026,31.02702367860769,0.6306649084336292,0.9977738525974174,27.682633929451125,0.43785755480317756,0.3160453808752026,4219,31.583343164641352,0.6887274263445179,0.9988143828251923,30.65297883107506,0.25794605279775995,0.32698541329011344,0.020830890716162287,0.06446904834038014,-0.29324488161699236,-0.0512085223055293,True,0.5831379803214916,0.3541208436312029,0.6536363636363637,27.293549351784158,0.999591755366965,7736
7737.png,0.5941265060240963,0.38167680865449627,0.552483484218253,0.3836221542643561,0.9868881118881119,0.9993274344867819,27.93502507611288,0.9963544987577407,28.60820112992931,0.3252115059221658,0.16711286888547916,0.2628465832038452,30.799582642738844,0.5622929708203045,2607,6,27,64,31,2.116022099447514,4.5,362,383,709.6741400347233,4.051611962239386,0.046202776464428774,0.013926966499921312,-0.632230083132054,-0.0001515674231802322,-0.0005366952609968667,0.014749549400426665,641.9186592102051,6,27,-21,64,31,2.116022099447514,4.5,6,1,362,383,267,1.8529350914744693,4.051611962239386,709.6741400347233,0.046202776464428774,45277,17.367472190257,25.138473341004985,256x256,65536,sparse,Meijering,362,6,31,2582,31.366470186195343,0.6243679883892143,29.38678738066114,0.9968911940187376,0.31046195652173914,0.3400264731210242,9,6,0.0,39,2596,31.75139723427489,0.6771820070990757,0.9967505806747671,29.280678348144875,0.2825126771455566,0.30129076086956524,3676,31.821961742803833,0.6828338443088924,0.9978470123979938,31.109257248403857,0.21572848622844354,0.30970149253731344,-0.7785862507318306,-0.17291360423554503,-0.5668875434564988,-0.06207501756890976,True,0.6357810204284766,0.16711286888547916,0.580199539524175,28.567255159244933,0.9994790019099621,7737
7738.png,0.5888212506917543,0.46593915343915343,0.6356868937514099,0.4677954847277556,0.9915552427867699,0.9993414305466077,27.99688771834026,0.9965649056860281,28.547379107344323,0.4774834437086093,0.28822967723739024,0.40316119762013747,30.900194962027776,0.5704485546354686,2269,4,21,46,19,2.1129568106312293,5.25,301,318,630.2998735623967,5.138952963375966,0.021956582156705307,-0.00667170705472464,-0.02028615910519349,-4.087511564065949e-05,-0.00023631995207140655,0.009023948356683686,652.0123481750488,4,21,-17,46,19,2.1129568106312293,5.25,4,1,301,318,236,1.9820750740955835,5.138952963375966,630.2998735623967,0.021956582156705307,45320,19.97355663287792,28.88320846187748,256x256,65536,sparse,Otsu,301,4,27,2259,31.225546884344876,0.6176062466604154,28.82563601874383,0.9968012256380995,0.4684594953519256,0.42592773880356405,8,2,0.0,34,2122,31.46366390997434,0.6546413920187364,0.9964494364985139,28.361968940486083,0.34414672539652336,0.4618447246184472,3975,31.86863272748301,0.6938151650879502,0.9982496543757459,31.44429045955897,0.3359592525227013,0.45750332005312083,-0.2782569113995059,-0.1376980615661738,-0.3253519223171004,-0.047157692024946796,True,0.7149241517755465,0.28822967723739024,0.5954929577464789,28.017173877445455,0.9993823056622484,7738
7739.png,0.700596421471173,0.5782500690035882,0.732773697096887,0.5856863293262511,0.978514712751051,0.998622946407403,28.01438756833778,0.9959344687372019,28.46714217366026,0.5786128764852169,0.49626970631103673,0.5894116754620288,30.333192224441966,0.5518691105065613,2792,4,17,40,21,2.0691489361702127,4.25,376,389,681.6947526877179,4.35370331907526,0.032842901569858356,-0.012411708610127858,-0.5244197564600697,-0.00020042968748068546,-0.0005072560380761093,0.0047967204963589305,603.5499572753906,4,17,-13,40,21,2.0691489361702127,4.25,4,0,376,389,315,1.752428670148372,4.35370331907526,681.6947526877179,0.032842901569858356,45658,16.353151862464184,23.472779369627506,256x256,65536,sparse,Meijering,376,4,30,2747,31.00308491444176,0.6229384228139281,28.93880872409452,0.996441724775278,0.5738161559888579,0.6046563925739001,10,18,0.0,34,2532,31.17651541731304,0.6627173504910994,0.9957819639223854,28.23878415970068,0.201882939552109,0.584462261542715,3033,31.199750057829604,0.6461123254893051,0.9973493180177404,29.997282710331802,0.24421625854427453,0.5526970954356847,-0.47166655043426076,-0.10838668626286341,-0.669892689999795,-0.0710693123073668,True,0.8419746791103522,0.49626970631103673,0.7130081300813008,28.53880732479785,0.9988233760948837,7739
7740.png,0.5836758661186142,0.523371104815864,0.6871222687122268,0.5272921869425615,0.9859906604402935,0.9988190223907558,28.107417109515076,0.9968799063201484,28.5687429212895,0.4223249200142197,0.24923805888692374,0.41437398007796983,31.42058078060108,0.6010049020211948,2393,4,25,49,22,2.1280487804878048,6.25,328,349,596.4128178234565,4.510430784850586,0.027852178695405124,0.0038188935322017725,-0.36001202632547447,-0.00011725256405004103,-0.00041771650901667456,0.011839898616216815,638.582706451416,4,25,-21,49,22,2.1280487804878048,6.25,4,0,328,349,257,1.7089192487778095,4.510430784850586,596.4128178234565,0.027852178695405124,44778,18.712076890931886,27.386544086920185,256x256,65536,sparse,Meijering,328,4,30,2385,31.801110519535154,0.6459351774974857,29.074394473105723,0.9972976228291651,0.41048502139800286,0.3363497498636806,10,2,0.0,43,2350,32.223921156592425,0.6873394375045792,0.9974060359802637,29.238376392102452,0.2683843710533581,0.4114081996434938,3694,32.35894729275938,0.7050131240435059,0.9983782109124343,31.25294092349549,0.22558871760156418,0.4234748483767392,-0.505651551816225,-0.08711169097675686,-0.38052973893407227,-0.044930275476290915,True,0.6014809589154859,0.24923805888692374,0.5798569725864124,28.46742913584055,0.9989362749548059,7740
7741.png,0.5958583834335337,0.4873039581777446,0.6552849610846097,0.4945054945054945,0.9709821428571429,0.9990089409698459,28.07601967795952,0.9967386631218251,28.2832738134077,0.3802922442862495,0.25256737466534307,0.4711550658560222,30.424219720565713,0.5467004547493738,2357,6,25,59,26,2.117283950617284,4.166666666666667,324,343,663.7926017334398,4.047268416042681,0.04489850045825674,-0.011849806518290151,-0.5499328508002002,-0.00020291991972654078,-0.0006278360706979402,0.004913456407461658,634.7928047180176,6,25,-19,59,26,2.117283950617284,4.166666666666667,6,1,324,343,239,1.9352553986397627,4.047268416042681,663.7926017334398,0.04489850045825674,45445,19.280865507000424,27.804836656767076,256x256,65536,sparse,Meijering,324,6,27,2273,31.063115980663184,0.6044404916870846,29.178722665580356,0.9973664991925231,0.37537878787878787,0.366186162901451,10,6,0.0,33,2210,31.31408042761644,0.6451654937747755,0.9971044354504567,28.79119958572153,0.10203038505724937,0.3801869158878505,3923,31.659372160625445,0.6846617835245747,0.9981925369495712,30.995112015785544,0.08571266826892587,0.3575398295665061,-0.895448852172656,-0.11361878823610794,-0.6388962600974715,-0.05774003693771079,True,0.5360599789083533,0.25256737466534307,0.6077081899518239,28.62595252875972,0.9992118608895725,7741
7743.png,0.6049879324215608,0.42513661202185793,0.5966257668711656,0.426691042047532,0.9915038232795242,0.9989588341885625,28.68519728582454,0.9964785024013507,29.269975160505787,0.2971887550200803,0.2632116055500686,0.5011018338337314,31.624761850257357,0.6023625399459287,2644,11,36,75,46,2.1278772378516626,3.272727272727273,391,416,781.4428595825866,3.569363193133908,0.04160314968128917,-0.019911665972013548,-0.7457663711338363,-0.00016083168917835344,-0.000934966792842773,-0.012134828160906885,634.6285343170166,11,36,-25,75,46,2.1278772378516626,3.272727272727273,11,0,391,416,270,1.878468412458137,3.569363193133908,781.4428595825866,0.04160314968128917,44499,16.830181543116492,24.786686838124055,256x256,65536,sparse,Meijering,391,11,34,2509,32.167964318855155,0.6563483702895512,30.348179707255554,0.9974134691941935,0.3093235831809872,0.31309244254261226,9,6,0.0,45,2576,32.471878495561,0.7011540682236435,0.9973050322271669,30.184738103114096,0.3669101078108187,0.29213893967093235,3444,32.46522865400803,0.7023022638559089,0.9978906601666635,31.573345873723326,0.32158765673589595,0.2847222222222222,-1.0782045467497667,-0.04988083699254364,-0.5432024685977979,-0.053985830343622476,True,0.5252657000600875,0.2632116055500686,0.6248995983935743,29.430963656958376,0.9991196658777408,7743
7744.png,0.7279411764705882,0.47638159925903056,0.6453366792137181,0.4772656974945871,0.9961265332472563,0.9993517241904375,27.173553925774637,0.9975021115356496,27.939762846031144,0.4649149922720247,0.44010163343459796,0.6519804768540363,30.95276407142552,0.5862567975716505,2592,5,8,20,16,2.018292682926829,1.6,328,331,587.1495590163879,4.498689464679578,0.025201623795607146,-0.002280792795205766,-0.31571626665777686,-8.33737233394416e-05,-0.00040473567063137317,0.0037334271622195825,579.9133777618408,5,8,-3,20,16,2.018292682926829,1.6,5,1,328,331,292,1.7738657372096287,4.498689464679578,587.1495590163879,0.025201623795607146,45356,17.498456790123456,25.28395061728395,256x256,65536,sparse,Meijering,328,5,30,2564,31.404922549617286,0.6369522082903334,28.45382445371456,0.997906847206281,0.4611815651098051,0.47138769573400274,8,2,0.19999999999999996,37,2490,31.61974678061526,0.6810726718083462,0.9976581366993287,28.0062934853739,0.53099547253683,0.4503557067738942,3551,31.864330129153196,0.6826513817183733,0.9986756925492961,30.855949532054968,0.5180910099097975,0.46458397772966287,-0.5140616076834164,-0.03128606229940478,-0.452158478191766,-0.05069541071868289,True,0.6750227177939361,0.44010163343459796,0.730221969265794,27.489270192432414,0.9994350979137769,7744
7745.png,0.5815842924847664,0.45154019534184825,0.6221532091097309,0.459480122324159,0.9631410256410257,0.9992795536229058,27.88202366797976,0.9971458741196917,28.20962739480666,0.4062262718299165,0.3345373242699944,0.5052684286757436,30.54435854605814,0.5490847689718856,2239,4,23,53,24,2.1241830065359477,5.75,306,325,644.3161251789079,4.466665685176849,0.029695436879790624,0.0007831875123907039,-0.07520206184589284,-8.643570258548561e-05,-0.00035239091409078327,0.008824666938819836,626.3535022735596,4,23,-19,53,24,2.1241830065359477,5.75,4,1,306,325,229,1.982511154396637,4.466665685176849,644.3161251789079,0.029695436879790624,45474,20.309959803483697,29.270209915140686,256x256,65536,sparse,Meijering,306,4,26,2218,30.980193003215454,0.601353007820352,28.711501045631085,0.9974982650337825,0.39740160489109666,0.5180910099097975,6,5,0.0,32,2038,31.203632819118283,0.6375375118632395,0.9970571255478757,28.123223355627328,0.5470619872234423,0.3622468475353458,4179,31.729489360964735,0.6945438822681446,0.9984365693112334,30.938422295323743,0.20433053835830717,0.38534910339565054,-0.5018736508244253,-0.18355368563980312,-0.4358344571573127,-0.05226823884846632,True,0.6620982141052869,0.3345373242699944,0.5808011049723757,27.95722572982565,0.9993659893254913,7745
7746.png,0.6833948339483394,0.42316602316602314,0.5946825827455235,0.4238205723124517,0.9963636363636363,0.9995525201995081,27.07276175157149,0.9965331712082195,28.2259744641212,0.4550019312475859,0.27385096292630906,0.617028989738712,31.673139606317896,0.609560357758421,1986,4,5,12,12,2.0081967213114753,1.25,244,245,590.1438181554249,5.71093686682279,0.02098586447421636,-0.0003787509573209835,-0.18455213231139567,-8.617244236841515e-06,-9.7666201038904e-05,0.01764694284851398,704.573392868042,4,5,-1,12,12,2.0081967213114753,1.25,4,0,244,245,220,2.4087502781854053,5.71093686682279,590.1438181554249,0.02098586447421636,44716,22.51560926485398,32.99899295065458,256x256,65536,sparse,Otsu,244,4,27,1969,31.851497799319123,0.6387466625285286,28.354469225425266,0.9966308374092584,0.43735498839907194,0.25670826501579624,12,0,0.0,38,1908,32.13016138329799,0.6760394073366216,0.9963933981234165,28.437008491898467,0.2632116055500686,0.42691415313225056,4574,32.817070957897464,0.7397734353948118,0.9984173557028388,31.96832753676056,0.306603883322179,0.4358081979891725,-0.128494761304065,0.017142697910512816,-0.1783581930012268,-0.02918630477010764,True,0.4438218746290582,0.27385096292630906,0.6837735849056604,27.257313883882887,0.999561137443745,7746
7747.png,0.6332346410066617,0.5278855480116392,0.6910014283447071,0.5318837038846812,0.9859601449275363,0.9987082689118154,28.140601987529198,0.9941955591019632,28.66061706376364,0.5293831957260806,0.26103151174105577,0.3442388723485236,30.339544387300368,0.552067287389285,2964,4,28,64,26,2.122137404580153,7.0,393,417,916.2166046244192,4.972079684109482,0.03972984087697294,0.0022227133421753864,-0.6460405458762537,-0.00020685280930432537,-0.0006894668922657887,0.033170149061042764,776.9932746887207,4,28,-24,64,26,2.122137404580153,7.0,4,1,393,417,303,2.19716212140148,4.972079684109482,916.2166046244192,0.03972984087697294,45722,15.425775978407557,22.110661268556004,256x256,65536,sparse,Otsu,393,4,31,2868,31.034603297544386,0.6263514287159693,29.27014269786362,0.994885025994229,0.49621304666503785,0.3475364477720996,20,11,0.0,37,2836,31.25874042265024,0.674175794833569,0.9939474148083122,28.8108011961358,0.2511606236252303,0.4482926829268293,3062,31.170205063315485,0.6444711068832436,0.9957349924003137,30.326995301600206,0.27798855305048986,0.48158087338375216,-0.6095256340999775,-0.08650493603104381,-0.6950589102440183,-0.07428414132668426,True,0.7582859831029636,0.26103151174105577,0.6310119276644863,28.786642533405452,0.9989151217211197,7747
7748.png,0.6938174681059862,0.3131531531531532,0.47694840834248076,0.31360519667989895,0.995418098510882,0.9996127779328189,27.41567110281535,0.9973214402714271,28.362603076190936,0.3064167267483778,0.2913860814667667,0.6191875982147055,30.38519686060134,0.539928896715627,2629,10,30,81,45,2.111731843575419,3.0,358,378,728.7014664285243,3.7751159727906383,0.05131695896052863,-0.010070866889028696,-0.2998943308771551,-3.348122477819793e-05,-0.00045928952156693015,0.00472058817024712,605.5147647857666,10,30,-20,81,45,2.111731843575419,3.0,10,0,358,378,232,1.9277816572183135,3.7751159727906383,728.7014664285243,0.05131695896052863,45657,17.366679345758843,24.92810954735641,256x256,65536,sparse,Meijering,358,10,30,2612,31.012840694143648,0.6114628592837286,28.92720122806287,0.997780729792994,0.30169613857813066,0.33349943104264,7,0,0.85,36,2572,31.263169736745688,0.6609704057541288,0.9975860328399622,28.397724736260802,0.26655304377571065,0.2775171418260556,3548,31.370541299009783,0.6614462126820998,0.9983040579462913,30.188698851699808,0.24923805888692374,0.2952002887044388,-0.5645981518719339,-0.042113349575873316,-0.627643833542308,-0.07153396256810152,True,0.47059418229130545,0.2913860814667667,0.7038883349950149,27.715565433692504,0.9996462591575971,7748
7749.png,0.7438215792646172,0.5112634671890304,0.676604018146468,0.5117647058823529,0.9980879541108987,0.99919391985263,27.68020741981665,0.9972819146486661,28.55809271038947,0.4326797385620915,0.5215209526034587,0.7696452040869761,31.37984018730485,0.6009202582872517,2500,5,10,27,20,2.029673590504451,2.0,337,342,568.7027135672317,4.495016097314988,0.0316386582961698,-0.010637398143230614,-0.51900273627151,-9.411983182472383e-05,-0.00039464409461587024,-0.01848001315303427,589.3673896789551,5,10,-5,27,20,2.029673590504451,2.0,5,0,337,342,290,1.6628734314831317,4.495016097314988,568.7027135672317,0.0316386582961698,44896,17.9584,26.2144,256x256,65536,sparse,Meijering,337,5,31,2464,31.784711281154312,0.6477819685059129,29.04796889053214,0.997676558743282,0.4511597517151258,0.4620555624053255,9,3,0.0,40,2460,32.10746603009217,0.6921022112729905,0.9975552349220471,28.936142819673925,0.45362211439247135,0.4297385620915033,3586,32.18098003721415,0.6954580355986059,0.998454427737489,31.24590744653414,0.4796914787936931,0.4316993464052288,-0.4898761801426694,0.05946539019813313,-0.4048710938494615,-0.046861710218661146,True,0.6776121644545745,0.5215209526034587,0.7544589774078478,28.19921015608816,0.9992880396844547,7749
7750.png,0.7625698324022346,0.5605214152700186,0.7183770883054893,0.5611483967188665,0.9980106100795756,0.9991687984796018,27.620742597823423,0.9972703421518043,27.92755305728948,0.6051167964404894,0.5608249256803639,0.9556156364185391,30.35127712911901,0.5541343661582,2341,4,17,39,19,2.084967320261438,4.25,306,319,559.1682090280718,4.405125781211978,0.027801935062019046,-0.005959243994572705,0.01710287951549816,-2.4965190017045558e-05,-0.00022356170376647277,0.011378443850105557,621.8011379241943,4,17,-13,39,19,2.084967320261438,4.25,4,0,306,319,248,1.7528783982071188,4.405125781211978,559.1682090280718,0.027801935062019046,45562,19.462622810764632,27.994873985476293,256x256,65536,sparse,Otsu,306,4,26,2318,30.92685711779545,0.6075536417322933,28.279979763769816,0.9974939038555708,0.5937383525903839,0.6171071140248879,6,8,0.0,32,2110,31.15912739632433,0.6454898960710195,0.9971095010373755,27.793733214522355,0.5796496154913181,0.5898583146905294,3869,31.52729532148628,0.6802048485927621,0.9986898824663968,30.96156242408616,0.5053970700329431,0.5764354958985831,-0.3524267064803368,-0.05628218834452403,-0.5755799886764414,-0.05341927557409332,True,0.5868729061217817,0.5608249256803639,0.7685290763968073,27.603639718307925,0.9991937636696189,7750
7752.png,0.7263088137839628,0.4963942307692308,0.6634538152610442,0.49659318637274547,0.9991935483870967,0.9993969696474637,27.345766153631082,0.997271849884192,27.969446568969158,0.5446178471388555,0.6067592791314017,0.9410423459970654,30.068136258858384,0.5220617997097851,2168,4,11,30,20,2.051282051282051,2.75,273,280,578.1311150703326,4.771586046550737,0.03559977537856837,0.012499607646537902,0.18641563341622458,2.7980026857221674e-05,3.0957090949579325e-05,0.011952516477532926,697.6807117462158,4,11,-7,30,20,2.051282051282051,2.75,4,0,273,280,223,2.064753982394042,4.771586046550737,578.1311150703326,0.03559977537856837,46193,21.306734317343174,30.228782287822877,256x256,65536,sparse,Otsu,273,4,23,2076,30.37216845879417,0.5718617032283508,27.842663312634635,0.9972408927932425,0.5326653306613226,0.6261871470545335,5,10,0.0,28,2108,30.64902037510241,0.6198039031932385,0.9966766437330385,27.26794728564566,0.6109315551227636,0.5294589178356713,4269,31.1892588480144,0.6756157032620106,0.9983896269289627,30.10949922148938,0.3655520320517718,0.5266533066132264,0.12678325633452303,-0.01942786792313178,-0.30403219993578645,-0.04979990351856578,True,0.6447736190750484,0.6067592791314017,0.7138092061374249,27.159350520214858,0.9993689896206065,7752
7753.png,0.5262039660056658,0.4910612400152149,0.6586734693877551,0.497495183044316,0.9743396226415094,0.999058538150955,28.70429158901338,0.9972383082985691,29.317044981147102,0.3193374422187982,0.29882655679142767,0.5975418898554673,31.79666720816776,0.6110766642441539,2200,5,21,50,27,2.104575163398693,4.2,306,322,586.9792826783173,4.413623052095276,0.03129052683226486,0.005400522677114883,-0.14371321355543998,-0.00012144607026387533,-0.00030342187576537505,0.012979060715907986,596.2560176849365,5,21,-16,50,27,2.104575163398693,4.2,5,0,306,322,229,1.8229170269512938,4.413623052095276,586.9792826783173,0.03129052683226486,44491,20.223181818181818,29.78909090909091,256x256,65536,sparse,Meijering,306,5,30,2175,32.15396152823507,0.6519481492206567,29.581299416938222,0.9975417301743345,0.3063583815028902,0.28822967723739024,8,4,0.0,42,2182,32.390213497906515,0.6883464027513638,0.9974026242976487,29.411768837661178,0.23314270075660026,0.30096339113680154,4062,32.73929879653842,0.7264846323456662,0.9984677682811247,31.886531925041,0.19084493540353575,0.3113680154142582,-0.26425443579111985,0.01059687955403743,-0.3572943200673109,-0.040871484976502837,True,0.5000930677240176,0.29882655679142767,0.5208034433285509,28.84800480256882,0.9991799842212189,7753
7754.png,0.721881390593047,0.4557054320087495,0.6260956674179814,0.4570383912248629,0.9936406995230525,0.9993593746433365,27.614302448680924,0.9973640206375377,28.21964551071759,0.46308479532163743,0.4128647048871784,0.7867225593213247,30.692320363557272,0.5575829325977605,2322,5,25,56,27,2.132013201320132,5.0,303,323,646.7854028451508,4.5023579243386145,0.02879108259641322,-3.261772872831248e-05,0.006883636016432604,-3.9886661589827455e-05,-0.00016128040239438146,0.016245189914257108,618.8077926635742,5,25,-20,56,27,2.132013201320132,5.0,5,0,303,323,220,2.0024315877558814,4.5023579243386145,646.7854028451508,0.02879108259641322,45564,19.622739018087856,28.223944875107666,256x256,65536,sparse,Meijering,303,5,26,2187,31.057021447412794,0.6056461409462722,28.374410808858844,0.9975253010399321,0.4468396054073803,0.4384996363383531,7,3,0.0,33,2276,31.318098560770053,0.6534795541639219,0.9972873999836109,27.941745770188213,0.5132477440400283,0.4439166971136281,4135,31.757415777898643,0.6951927695359835,0.9985319727676641,30.827262655978412,0.39786447069316067,0.4534501642935378,-0.15476529814125328,-0.02563493145117468,-0.3647010838555218,-0.04806320834851174,True,0.5247907283138555,0.4128647048871784,0.7219140083217753,27.60741881266449,0.9993992613049263,7754
7755.png,0.7486583184257602,0.37554759060135406,0.5460335842501448,0.37735094037615047,0.987434554973822,0.999584939113464,27.109411728805462,0.9976189615011544,28.073392986331882,0.3996,0.4872669809581094,0.8541910181008538,30.20979441282105,0.5278277498134795,2198,6,13,30,22,2.0463576158940397,2.1666666666666665,302,309,571.5131127895968,4.451946422753744,0.03299729226641928,-0.00022461276280094644,0.12988418765414877,-1.9484306102990345e-06,-0.00024434871998224583,-0.0013603841536614647,651.7472267150879,6,13,-7,30,22,2.0463576158940397,2.1666666666666665,6,0,302,309,250,1.8495569993190801,4.451946422753744,571.5131127895968,0.03299729226641928,45904,20.884440400363967,29.816196542311193,256x256,65536,sparse,Meijering,302,6,25,2190,30.602067508824852,0.5839944182191804,28.306064232823502,0.9978633102211366,0.4009603841536615,0.5014243770087834,5,3,0.0,29,2106,30.86316575391354,0.6262268313557627,0.9973941692138832,27.568284647685836,0.4555613417607829,0.4172,4257,31.38198317467439,0.6811561575054966,0.9987408670393656,30.56922050005733,0.3718648948103592,0.3828,-0.23267124649161985,-0.01415739605067401,-0.39227309600380167,-0.05616666840570095,True,0.5704426417892609,0.4872669809581094,0.7488829311885612,26.979527541151313,0.9995868875440743,7755
7756.png,0.6905702992659515,0.5532926001357773,0.7124125874125874,0.5563139931740614,0.9902794653705954,0.9990655245789164,28.276004929058743,0.9970384640094325,28.364183108488774,0.4536187563710499,0.2990327539501263,0.411059550213591,30.24485233502751,0.5371036728633329,2741,8,29,67,35,2.1102362204724407,3.625,381,402,760.0686194192278,3.6509883047088865,0.039812109646398065,0.017958101337297805,-0.2726560120774195,-7.08427815894197e-05,-0.0005020610401379466,0.025193398497839303,601.254940032959,8,29,-21,67,35,2.1102362204724407,3.625,8,1,381,402,279,1.8907179587542942,3.6509883047088865,760.0686194192278,0.039812109646398065,45763,16.69573148485954,23.90952207223641,256x256,65536,sparse,Meijering,381,8,29,2564,30.90548588533271,0.6077691699017357,29.04849775132203,0.9975405250495705,0.4284253578732106,0.398958267902207,11,9,0.0,34,2688,31.165537618655925,0.6621924725671138,0.9972580251320754,28.54792139921061,0.26246699884792346,0.4491180461329715,3277,31.18865046744069,0.6515394588758804,0.9978658128326273,29.69647729234255,0.20895466553026953,0.4246854811288677,-0.6843146428332574,-0.09992551395208071,-0.6606335503051994,-0.07066549703840275,True,0.7274682069659875,0.2990327539501263,0.6726121979286537,28.548660941136163,0.9991363673605058,7756
7757.png,0.7708674304418985,0.5577635567531155,0.7161081081081081,0.5585160202360877,0.9975903614457832,0.9991497271433998,27.8527985424741,0.9971201675119707,28.441617886486913,0.5349072512647555,0.6067592791314017,0.805358155053113,30.834113595767455,0.5685768385827578,2364,4,5,15,13,2.006172839506173,1.25,324,325,514.7202684420796,4.52632976130203,0.021780869750560674,-0.00043548324694153706,-0.16110349343729524,-6.14384554227243e-05,-0.000225817347311974,0.010151441227705948,543.7538623809814,4,5,-1,15,13,2.006172839506173,1.25,4,0,324,325,296,1.5837546721294735,4.52632976130203,514.7202684420796,0.021780869750560674,45388,19.199661590524535,27.722504230118442,256x256,65536,sparse,Meijering,324,4,27,2249,31.218204269820355,0.6158498724082295,28.735038694311022,0.9973459848592827,0.5247558100370495,0.7689220085226698,4,5,0.0,33,2312,31.432591992374668,0.6625830122266199,0.9970065698274844,28.106556788224086,0.37162325791963213,0.535594358629953,3924,31.775293080811778,0.6912164720953764,0.9981893795416492,30.389241902617314,0.4598994753556295,0.5265814266487214,-0.2934208078241092,-0.16216272939126808,-0.3840906740528993,-0.047273033825471766,True,0.7534030360583934,0.6067592791314017,0.7713029136888401,28.013902035911396,0.9992111655988225,7757
7758.png,0.7285803627267042,0.5685814771395076,0.7249626307922272,0.5688037529319782,0.9993131868131868,0.9990185428109314,27.578800018112503,0.9972926651726582,28.149472009157993,0.5107463853067604,0.514636479918227,0.9567298162238178,31.525007048472705,0.6031643703897605,2140,4,10,27,18,2.044280442804428,2.5,271,277,533.340541327078,4.531337550205498,0.026962159761126366,0.013398430480782042,0.07474585354920293,1.011042715992616e-06,-9.564423834940161e-05,0.011723329425556817,557.6515197753906,4,10,-6,27,18,2.044280442804428,2.5,4,0,271,277,226,1.9254171167042489,4.531337550205498,533.340541327078,0.026962159761126366,44793,20.931308411214953,30.624299065420562,256x256,65536,sparse,Meijering,271,4,27,2012,31.777427045121986,0.6362144078299451,28.19470077221323,0.9973883094110076,0.4990230558812036,0.47270757595695145,8,7,0.0,39,2124,32.0737916958976,0.6810163333413844,0.9973414306290291,28.395481160418633,0.5947833162458036,0.49765807962529274,4093,32.48742546936766,0.7175384902976009,0.9986291148856726,31.362688155856425,0.6333447821267588,0.5113369820172009,-0.045228763055238375,0.041928903961275577,-0.25241999664928017,-0.03305003744018464,True,0.5379120324163,0.514636479918227,0.7151819322459222,27.5040541645633,0.9990175317682154,7758
7759.png,0.6397326852976913,0.5076388888888889,0.6734223859972363,0.515878616796048,0.9694960212201591,0.9987962398010283,27.843781659919284,0.9971295757711874,28.51907689639979,0.4177527298344488,0.4184160794108629,0.615154044043057,30.75586167312327,0.5611102620043709,2487,5,12,28,19,2.039772727272727,2.4,352,359,649.3924772195877,4.340308496559208,0.030287089947401317,0.039855234317299204,-0.5012756892496917,-0.00023087161759771657,-0.0003665102981348367,0.028550189255761416,638.2818222045898,5,12,-7,28,19,2.039772727272727,2.4,5,0,352,359,305,1.8088926942049768,4.340308496559208,649.3924772195877,0.030287089947401317,45367,18.241656614394852,26.351427422597506,256x256,65536,sparse,Meijering,352,5,28,2440,31.201800540387133,0.6181785710427468,28.947284780782752,0.9974960860693223,0.38920254057868736,0.3296799539643608,12,5,0.0,35,2270,31.440515226660672,0.6587363053919745,0.9969689681836532,28.224880531041755,0.31499787143688673,0.3595624558927311,3763,31.69802124945234,0.6815896926079076,0.9983026678583862,30.611702618388147,0.302323673928969,0.39950634696755993,-0.42820788438296375,0.08873612544650211,-0.44593886726386245,-0.0570683090383759,True,0.680180978183696,0.4184160794108629,0.5998774509803921,28.345057349168975,0.999027111418626,7759
7760.png,0.6594788858939802,0.47244465379180406,0.6417146513115803,0.4735599622285175,0.9950396825396826,0.9994877755465456,27.689959271821255,0.9981035390748015,28.457367446236127,0.39612842304060436,0.44898872100865916,0.8087818514336369,31.442075441710244,0.5899907992945046,1907,4,14,31,17,2.0784313725490198,3.5,255,265,497.178533061781,4.567474955203487,0.0346002162592222,-0.027007600592506287,-0.1039347526758867,-2.2836208248833145e-05,-0.00017185817995357677,-0.011803588290840383,600.8505821228027,4,14,-10,31,17,2.0784313725490198,3.5,4,0,255,265,207,1.8761454077803041,4.567474955203487,497.178533061781,0.0346002162592222,44874,23.531200839014158,34.36601992658626,256x256,65536,sparse,Meijering,255,4,25,1775,31.674617604964098,0.6170340382726028,28.72407765515249,0.9982753972547551,0.40793201133144474,0.42879093615118524,5,3,0.0,35,1864,31.91623212303275,0.6619856769351622,0.9981206988974446,28.29987572135453,0.4356044818806416,0.4112370160528801,4991,32.75298915378609,0.7448151444400418,0.9991493641411857,32.15265061643091,0.3251962244989649,0.39565627950897075,-0.2667102089163649,0.02019778485747392,-0.23254216325385357,-0.02704323897809824,True,0.5551419337770589,0.44898872100865916,0.6864864864864865,27.793894024497142,0.9995106117547944,7760
7761.png,0.7531857813547954,0.5191472562179235,0.6834719334719335,0.5228628230616302,0.986496624156039,0.9990000681955414,28.819297990408653,0.9965960630522345,29.365646506606062,0.5087440381558028,0.4539255733602906,0.6982801612301406,31.715972023434105,0.6043562137471614,1964,4,12,26,15,2.0588235294117645,3.0,272,280,520.8780888234251,4.85717223540825,0.025970067136244276,0.02529462489221035,-0.22251448599196166,-8.783570827097797e-05,-0.00022312668853163853,0.029411764705882304,585.8139991760254,4,12,-8,26,15,2.0588235294117645,3.0,4,0,272,280,231,1.8602788886550878,4.85717223540825,520.8780888234251,0.025970067136244276,44466,22.640529531568227,33.36863543788187,256x256,65536,sparse,Meijering,272,4,27,1916,31.937456967138232,0.6362704110923839,29.621699470273263,0.9968191897407661,0.4793322734499205,0.45528905436548717,8,6,0.0,39,1928,32.2582909774143,0.6738669236651033,0.9968789300570633,29.49469005251851,0.2166429361283465,0.49546708711076076,4800,32.94371475947931,0.7466991795619449,0.9984328689356962,32.521972561934085,0.08222223158049691,0.48447681103871215,-0.25605296366720154,-0.0013634810051965651,-0.22148494370412664,-0.031914197345222495,True,0.6500622508888447,0.4539255733602906,0.7278911564625851,29.041812476400615,0.9990879039038124,7761
7762.png,0.6597061098221191,0.40583456425406206,0.5773574993433149,0.4067357512953368,0.9945701357466064,0.9995183822821994,27.66482599509057,0.9973170438454263,28.130224182558834,0.3811808118081181,0.31202308817102065,0.645811756186378,30.87076318782095,0.5694829857155218,2185,6,17,37,21,2.076923076923077,2.8333333333333335,286,297,589.832298294171,4.640561937452196,0.03950195136798957,-0.010083117344157233,0.3597642758611066,1.9998214575434048e-05,-0.00027950493032868895,3.4785930114411556e-05,592.93532371521,6,17,-11,37,21,2.076923076923077,2.8333333333333335,6,1,286,297,228,1.9859673343238053,4.640561937452196,589.832298294171,0.03950195136798957,45308,20.73592677345538,29.99359267734554,256x256,65536,sparse,Meijering,286,6,26,2127,31.197822734595363,0.6097153662731783,28.455975131975325,0.997596548775755,0.38114602587800367,0.4363565077761259,6,1,1.0,33,1992,31.514309073891333,0.6506928225786007,0.9974380800236594,28.304392697872768,0.39548774327919767,0.3527017024426351,3943,31.946042077390718,0.6960437187278758,0.9986108362406871,31.128167950739567,0.3520877445146494,0.3752775721687639,-0.3257509494164914,-0.12433341960510524,-0.3270595467744144,-0.040232380557656544,True,0.4831486655083008,0.31202308817102065,0.6697892271662763,27.305061719229464,0.9994983840676239,7762
7763.png,0.6464510332434861,0.45971443141254464,0.6298689956331878,0.47372569626904887,0.9395518499218343,0.9987546310948585,27.279477756163203,0.9960513814575063,28.118573813922993,0.4473409801876955,0.26721951075048067,0.340604740539002,30.099504462994528,0.5449540317194155,3401,12,42,100,52,2.1293103448275863,3.5,464,494,941.8603797414918,3.6060999128325233,0.04608829444408039,0.006992078019605441,-1.0530105589385848,-0.00041067429749452877,-0.0009238611890214354,0.030608748349248094,621.9546794891357,12,42,-30,100,52,2.1293103448275863,3.5,12,0,464,494,312,1.9065999589908695,3.6060999128325233,941.8603797414918,0.04608829444408039,45745,13.45045574830932,19.269626580417523,256x256,65536,sparse,Meijering,464,12,35,3396,31.090787238886662,0.6389203384456511,29.07066242062332,0.9969752426465277,0.41673223183844743,0.3705174478359421,14,6,0.0,41,3184,31.435100043866008,0.6904405150449983,0.996974576004338,28.946805710600238,0.22558871760156418,0.3931287699973774,604,30.26079011074188,0.5442833273015677,0.9952855204741515,27.1831722166398,0.5050672248101071,0.402205303229194,-0.9520886067003289,-0.10329793708546142,-0.9912827758921345,-0.09396630672623563,True,0.7845443088302579,0.26721951075048067,0.6394589552238806,28.332488315101788,0.999165305392353,7763
7764.png,0.48294346978557506,0.6156136288455177,0.7620802620802621,0.6280796490043874,0.9687662675689744,0.9983627182030053,27.930438401349917,0.997095227044452,28.255265533606018,0.3782051282051282,0.21946662413166318,0.32265916156272156,30.27055469601111,0.5402555678465789,2479,5,8,23,19,2.0181268882175227,1.6,331,334,597.6104322747528,4.199142658818524,0.031154790275574402,0.0020237046192345676,-0.38151674902059796,-0.0002321962049333104,-0.00018487969096647738,0.0049347940843046945,574.1894245147705,5,8,-3,23,19,2.0181268882175227,1.6,5,0,331,334,289,1.7892527912417728,4.199142658818524,597.6104322747528,0.031154790275574402,45848,18.494554255748287,26.43646631706333,256x256,65536,sparse,Meijering,331,5,26,2334,30.743048571678813,0.5972839499587891,28.497994604850124,0.9972801067354184,0.3732703341208235,0.2728128658376876,14,1,0.0,31,2356,31.01532619909324,0.6444187243911703,0.9969092289970026,28.055924021132093,0.31202308817102065,0.33648329395882554,3538,31.225963130501864,0.6564866753066189,0.9977857353672821,29.95423755572184,0.35361736503667873,0.36483293958825513,-0.24272907124410636,-0.05334624170602442,-0.47249387566770196,-0.057028382112210174,True,0.680180978183696,0.21946662413166318,0.4809197651663405,28.311955150370515,0.9985949144079386,7764
7765.png,0.7006854531607006,0.4217142857142857,0.5932475884244373,0.4217142857142857,1.0,0.9995982298260997,27.067110121922106,0.9978846184188899,28.126632292101668,0.4284082254379284,0.5994833739091812,0.9901512061080139,30.847329892561728,0.5667126332329055,2243,4,20,50,24,2.103559870550162,5.0,309,325,574.5824436660065,4.795160021210951,0.03170112146643186,-0.0006518425302354247,-0.029890417321723817,-7.4731109496184445e-06,-7.439173166090551e-05,-0.022258441228738268,627.2614002227783,4,20,-16,50,24,2.103559870550162,5.0,4,0,309,325,235,1.7679459805107864,4.795160021210951,574.5824436660065,0.03170112146643186,45446,20.26125724476148,29.218011591618367,256x256,65536,sparse,Otsu,309,4,27,2196,31.19465089356186,0.6136532480808325,28.246590139493296,0.9979590101505508,0.45066666666666666,0.4602594223763874,6,0,0.75,33,2038,31.375193881433326,0.6491901645254716,0.9977945528840426,27.89292689509754,0.5918008047220773,0.4438095238095238,4083,31.850294515678563,0.69576771554408,0.9988808708952714,31.116192871670346,0.26655304377571065,0.4419047619047619,-0.11995784739162829,0.13922395153279377,-0.3473210010001324,-0.046940614847927,True,0.605446289628399,0.5994833739091812,0.7013372956909361,27.09700053924383,0.9996057029370493,7765
7766.png,0.6643211920529801,0.5180912427897221,0.6825561312607944,0.5213720316622691,0.988,0.9986015176677564,27.80267926453905,0.9946995615922745,28.298872273833897,0.5231979030144168,0.46122731863102295,0.6121920095305734,30.688832815097733,0.5729232500846949,2597,4,12,29,16,2.0474777448071215,3.0,337,345,647.2426470683142,5.350816160705747,0.028428237003508678,0.002743583910486458,-0.22476429435395673,-0.00011268457407231924,-0.0004493229145627886,0.01752657618772202,633.5430145263672,4,12,-8,29,16,2.0474777448071215,3.0,4,1,337,345,292,1.8760656436762693,5.350816160705747,647.2426470683142,0.028428237003508678,45415,17.48748556026184,25.235271467077396,256x256,65536,sparse,Otsu,337,4,29,2569,31.199030065590435,0.6284543335345588,28.77961437473088,0.9951488845068373,0.5056713268266948,0.36364583027491293,15,9,0.0,37,2550,31.514582053609015,0.6776650512162408,0.9946572986886931,28.441996114156932,0.461158240782362,0.49485895069865543,3338,31.631170937500904,0.6722885389375888,0.9968864291602718,30.738024172692263,0.3463723232893583,0.4948562384595094,-0.48074210089698255,0.09758148835611002,-0.5101972504927019,-0.055531083449863905,True,0.7534030360583934,0.46122731863102295,0.6615776081424937,28.027443558893008,0.9987142022418287,7766
7767.png,0.7066508313539193,0.28786644951140067,0.44704394562124566,0.28786644951140067,1.0,0.9997672562562211,27.182367563300506,0.997764893112297,28.094471549520165,0.2945956928078017,0.33349943104264,0.6865992488900496,30.046959780455197,0.5171818481462525,2318,7,18,43,26,2.0709677419354837,2.5714285714285716,310,321,551.963122502781,4.332524322309801,0.03394835708612797,-0.015968216265128343,0.438141128000499,4.129662796481526e-05,-0.00011484774294012734,-0.006707238788289549,599.3249416351318,7,18,-11,43,26,2.0709677419354837,2.5714285714285716,7,1,310,321,241,1.71951128505539,4.332524322309801,551.963122502781,0.03394835708612797,46077,19.8779119930975,28.272648835202762,256x256,65536,sparse,Meijering,310,7,26,2317,30.532935956659188,0.5822579033234133,28.352599752050583,0.9978797408552371,0.30130293159609123,0.40547945202980573,5,0,0.3571428571428572,29,2200,30.743274713971363,0.620828120966307,0.9976791926111199,27.74639492684852,0.46473857148100983,0.2903094462540717,4047,31.193393805088828,0.66881541665948,0.9986773264396542,30.435761447246428,0.2767497576201575,0.2943811074918567,-0.25812820253041835,-0.07198002098716572,-0.4859761762039909,-0.06507605517716086,True,0.4857264722933681,0.33349943104264,0.7226190476190476,26.744226435300007,0.9997259596282563,7767
7768.png,0.7949604743083004,0.6398319915995799,0.7803628601921024,0.6416286416286416,0.9956427015250545,0.9988688870297603,27.13478159835793,0.9970293676282072,27.56736884784077,0.6137547759638764,0.7008070711448684,0.9395543772934253,30.316514679229982,0.570079776178668,2428,4,8,22,15,2.026058631921824,2.0,307,311,578.1361818863274,4.275052103235201,0.020355318871638748,-0.00921447598991032,-0.70289171190743,-0.0001601014864103245,-0.0004133043705767392,-0.013654968165110581,582.4277400970459,4,8,-4,22,15,2.026058631921824,2.0,4,1,307,311,270,1.8589587842004076,4.275052103235201,578.1361818863274,0.020355318871638748,45388,18.693574958813837,26.99176276771005,256x256,65536,sparse,Meijering,307,4,27,2240,31.216547889766968,0.617320283957924,28.327825893878504,0.9974426719987839,0.627409744128987,0.8209338520885068,4,15,0.0,35,2420,31.495858499336688,0.6719188637664449,0.9971937397526041,27.88196060443628,0.5461552047176442,0.615546218487395,3751,31.752147761363606,0.683984489986593,0.998477685078316,30.7356660746608,0.7534030360583934,0.6124166958961768,-0.760457046037736,-0.12012678094363838,-0.9000332105369857,-0.047240507779256036,True,0.7458930404471997,0.7008070711448684,0.8041749502982107,27.83767331026536,0.9990289885161706,7768
7769.png,0.4788004136504654,0.5229671011793917,0.6867739963317709,0.5290423861852434,0.978513356562137,0.9976303516339778,26.569350917421414,0.9950154264625385,28.714207021595502,0.3509375,0.2146297371642808,0.33269291513936233,31.21255360901651,0.5936094410602801,2543,4,25,56,21,2.1196581196581197,6.25,351,372,663.5726461249903,4.459168477955028,0.03123326636421567,0.02630697533025539,-2.6248852404410385,-0.000959638652425765,-0.0008921474731767853,0.022837029042386214,598.7389087677002,4,25,-21,56,21,2.1196581196581197,6.25,4,2,351,372,274,1.7837974358198632,4.459168477955028,663.5726461249903,0.03123326636421567,44780,17.609123082972868,25.771136453008257,256x256,65536,sparse,Meijering,351,4,32,2492,31.851177827550305,0.6460504597851842,29.638528910573246,0.9959075739357153,0.3281004709576138,0.18441216341235678,26,4,0.0,42,2284,32.1314963833257,0.6812918098652342,0.9953428431714411,29.33351795777586,0.19916893810874858,0.2949482271728899,3405,32.18723019998276,0.6913182676750903,0.9970414103015294,31.2803220265261,0.17751790981320859,0.3599624060150376,-0.9243218889777438,0.03021757375192402,-0.6386242185337956,-0.05244101872490403,True,0.6451286679019725,0.2146297371642808,0.45249343832021,29.194236157862452,0.9985899902864036,7769
7770.png,0.5738705738705738,0.5324923547400612,0.6949363931154902,0.5351517479830964,0.9907539118065434,0.9991196448204406,28.254956215303018,0.9969752925969596,28.648285639934503,0.44802454929037205,0.2591817793182821,0.4064974388942384,31.275973398958282,0.585873225192776,2128,4,15,34,18,2.076923076923077,3.75,286,297,557.5175592132636,4.614524669997342,0.029945810245223917,0.012697040786928349,-0.11858852755148774,-4.037090449116043e-05,-0.0002371063680205454,0.02735608982052956,559.7734451293945,4,15,-11,34,18,2.076923076923077,3.75,4,0,286,297,234,1.8771634990345543,4.614524669997342,557.5175592132636,0.029945810245223917,44921,21.109492481203006,30.796992481203006,256x256,65536,sparse,Meijering,286,4,27,2022,31.56299213294608,0.6234457317110391,28.931929259614844,0.9972123989649802,0.4206684594698425,0.33265254352124274,9,2,0.0,35,1960,31.76796183325161,0.6588674887979923,0.9968819871138015,28.424159900937337,0.3607757837496701,0.39147137917787167,4279,32.3387385417563,0.717544764904138,0.9983850832882406,31.521107090391105,0.30145103323457134,0.4298885900883596,-0.28364361968034046,-0.07347076420296061,-0.28701873398779654,-0.03757250651826316,True,0.6375975701675096,0.2591817793182821,0.5611735330836455,28.373544742854506,0.9991600157249317,7770
7771.png,0.5640465793304221,0.4506991753316601,0.6213544241225901,0.4546112115732369,0.9812646370023419,0.999267776057343,27.977524948405947,0.9973384699994634,28.413995957223893,0.31107903284012994,0.2311482745731166,0.3745675091403895,30.202575694257888,0.5299714669411807,2646,9,33,75,39,2.129380053908356,3.6666666666666665,371,395,712.8775111287291,3.71158842899086,0.039546398815570954,0.10077821351333066,-0.25911396627698835,-6.11531286935918e-05,-0.0004366515791867087,0.06840272180938853,612.637996673584,9,33,-24,75,39,2.129380053908356,3.6666666666666665,9,1,371,395,257,1.8047531927309557,3.71158842899086,712.8775111287291,0.039546398815570954,45766,17.296296296296298,24.767951625094483,256x256,65536,sparse,Meijering,371,9,29,2642,30.825780040559536,0.6036637149583733,29.022032533794658,0.9977751215786501,0.24267631103074142,0.164729788588728,15,0,0.16666666666666674,34,2570,31.14434926299524,0.6532477524136323,0.9976236171635438,28.70440006574343,0.24723335529380375,0.22929475587703435,3501,31.20563132777022,0.6516984543932463,0.9982089741151221,30.18240754136763,0.15385016364655302,0.23616636528028934,-0.6080365765707647,0.0664184859843886,-0.6232043463016481,-0.07369224801719265,True,0.6171071140248879,0.2311482745731166,0.46326836581709147,28.236638914682935,0.9993289291860366,7771
7772.png,0.6734417344173442,0.5368903709879116,0.6986710062381338,0.5446088794926004,0.9742813918305597,0.9991566062610613,27.153391530032494,0.9975740399597338,27.95263279173342,0.4735738255033557,0.32407061379143154,0.5370132332236592,30.24632694450039,0.5308882984652195,2401,6,26,55,28,2.1169590643274856,4.333333333333333,342,362,740.292755693405,3.806683284148835,0.033443015065328006,0.01689001027941317,-0.8519112845518286,-0.0001841647877607322,-0.00033149118598052585,0.018759636314166495,647.3581790924072,6,26,-20,55,28,2.1169590643274856,4.333333333333333,6,1,342,362,259,2.0450076124127157,3.806683284148835,740.292755693405,0.033443015065328006,45771,19.063306955435234,27.295293627655145,256x256,65536,sparse,Meijering,342,6,27,2370,30.760829980157773,0.594896669730105,28.507901332115004,0.9979055311457143,0.4548141891891892,0.2933874105480163,11,1,0.5833333333333333,31,2196,30.977054892342068,0.6331035339974106,0.9975164562637205,27.826441090847965,0.20811043366321835,0.4633220910623946,3935,31.36523494278569,0.6716997514002262,0.9986653680072415,30.56198297704663,0.19468497211605384,0.4533221194280908,-0.5552685403815829,0.030683203243415225,-0.5145030356573841,-0.06400837126488557,True,0.6034685809250071,0.32407061379143154,0.6565517241379311,28.005302814584322,0.999340771048822,7772
7773.png,0.5314043754410727,0.453880960668291,0.6243715585348336,0.4573833742546475,0.9834087481146304,0.9991956005775671,28.73650501102358,0.9969955028447912,29.370674387466135,0.29422066549912435,0.27385096292630906,0.45172439696005334,31.400445960171975,0.591080808312075,2203,5,14,37,23,2.0580645161290323,2.8,310,319,563.4443559596475,4.470610320183539,0.03733569639875751,-0.041342253373689575,-0.23110911055664474,-6.524080970282675e-05,-0.00033324158247682867,-0.017950502512099786,599.1530418395996,5,14,-9,37,23,2.0580645161290323,2.8,5,0,310,319,250,1.766283247522403,4.470610320183539,563.4443559596475,0.03733569639875751,44787,20.33000453926464,29.748524738992284,256x256,65536,sparse,Meijering,310,5,29,2176,31.775556893066277,0.6326885286473665,29.711974872594613,0.997328744427268,0.31217116801122413,0.3363497498636806,10,3,0.0,39,2130,32.03228477986903,0.6711717155471756,0.9971113875279638,29.38663425791674,0.3673119420671995,0.2917251051893408,4113,32.39293558607396,0.7155554991485722,0.9981991853018217,31.55020422013819,0.20898982231942254,0.29292221443587946,-0.3413004851284782,-0.06249878693737154,-0.37511093289430164,-0.041607720335291476,True,0.6062346084675301,0.27385096292630906,0.5727466288147622,28.967614121580226,0.9992608413872699,7773
7774.png,0.6981020166073547,0.4578720787207872,0.6281375237291711,0.461848635235732,0.981542518127884,0.9991863058325323,28.0227442533816,0.996634312089006,28.465156923450543,0.4144227793252863,0.24840341534736698,0.3414629161367337,29.985099511075806,0.5259279806800079,2663,6,19,47,28,2.0698924731182795,3.1666666666666665,372,385,712.9681393063663,4.033301366272793,0.032585366231490664,-0.0029849399143844213,-0.18395438171624434,-6.388252573430453e-05,-0.0004503347423764348,0.01163208165086771,620.8689212799072,6,19,-13,47,28,2.0698924731182795,3.1666666666666665,6,0,372,385,297,1.8518652968996485,4.033301366272793,712.9681393063663,0.032585366231490664,45927,17.246338715734133,24.609838527975967,256x256,65536,sparse,Meijering,372,6,29,2655,30.710836865518758,0.6026087170101102,28.94175961288137,0.9970846468313824,0.4027906976744186,0.4042892210996788,10,6,0.0,33,2642,30.967282304047927,0.6523588611931027,0.9966522987968842,28.395256681131016,0.12170941507848154,0.38190184049079756,3534,31.094131888560472,0.6562270238391215,0.9979986629380797,30.453538055026858,0.14215627376063322,0.39767156862745096,-0.47660268943082684,-0.1558858057523118,-0.725737354442952,-0.0766807363301023,True,0.7274682069659875,0.24840341534736698,0.7010869565217391,28.206698635097844,0.9992501883582666,7774
7775.png,0.7212622088655146,0.5058721183123097,0.6718659734257655,0.5127865961199295,0.974036850921273,0.9992876415951826,27.631395891809216,0.9978279765602175,28.17659621987977,0.47912087912087914,0.388248161547305,0.621506418368315,31.427021708084087,0.594318116258286,1992,4,6,14,12,2.015151515151515,1.5,264,266,467.21461560881136,4.636667308030707,0.018439994802978144,-0.009798397195091457,-0.1432669300193865,-7.854211711721959e-05,-0.0002681271653344197,-0.0019196852530185549,575.6614208221436,4,6,-2,14,12,2.015151515151515,1.5,4,0,264,266,238,1.7564459233413943,4.636667308030707,467.21461560881136,0.018439994802978144,44850,22.515060240963855,32.899598393574294,256x256,65536,sparse,Meijering,264,4,26,1931,31.71074736587171,0.6256928887144232,28.453702280041327,0.9980961037255519,0.4810405643738977,0.5893442472476544,4,4,0.0,36,1826,31.902465491067737,0.6594828673938582,0.997829294695001,27.974596984519682,0.605446289628399,0.4673721340388007,4429,32.53572768951943,0.726779287780809,0.9989833195721513,31.517067757451503,0.5578030907201013,0.4708994708994709,-0.27710606016155737,-0.20109608570034943,-0.28372565778762393,-0.03137477245613718,True,0.6246889011486004,0.388248161547305,0.7310606060606061,27.774662821828603,0.9993661837122998,7775
7776.png,0.6557811120917917,0.5203698353077145,0.6845305967312809,0.5353745541022592,0.9488935721812434,0.9982546441656402,27.998118782117047,0.9957299944928383,28.35842951307162,0.5288602402578377,0.3660527143627085,0.46918297174302054,30.0855690427527,0.5321373354512156,2770,8,32,79,39,2.129380053908356,4.0,371,395,773.9101895193545,3.9754191138994983,0.03660422867085165,0.02840983837905453,-0.5927011318924578,-0.00033071327073330714,-0.0005086675815362263,0.030042972369014542,623.652458190918,8,32,-24,79,39,2.129380053908356,4.0,8,1,371,395,253,1.9592663025806394,3.9754191138994983,773.9101895193545,0.03660422867085165,45757,16.518772563176896,23.659205776173284,256x256,65536,sparse,Meijering,371,8,29,2666,30.794661622878458,0.606743988478863,28.891747051274137,0.9962386620743745,0.4988172678888232,0.42082687903076144,13,6,0.0,34,2628,31.107243035065906,0.6579479973789117,0.9958156990770772,28.574629567879057,0.05266939864316844,0.5066413662239089,3334,31.134774276644485,0.6457607021372154,0.9971770637348862,29.976617473509656,0.09915408598612396,0.4873052510098096,-0.5333175382025175,-0.05477416466805296,-0.709092580125759,-0.07460665302764746,True,0.7801918151522382,0.3660527143627085,0.6273712737127372,28.590819914009504,0.9985853574363736,7776
7777.png,0.6691588785046729,0.615234375,0.7617896009673519,0.6208935611038108,0.9854014598540146,0.998514065600391,28.443185806051957,0.9968312200934466,28.507067146159986,0.530791788856305,0.29952737976474764,0.4727470249207413,29.877094149354477,0.5223393278057236,2655,7,15,35,22,2.0470588235294116,2.142857142857143,340,348,694.4620880373669,3.869800100256415,0.031949928632793036,0.0273319554277498,-0.257637360276572,-0.0001125664471995913,-0.0003210803786154459,0.041451021391562426,610.8429431915283,7,15,-8,35,22,2.0470588235294116,2.142857142857143,7,2,340,348,283,1.99558071275105,3.869800100256415,694.4620880373669,0.031949928632793036,46056,17.34689265536723,24.683992467043314,256x256,65536,sparse,Meijering,340,7,27,2560,30.531327821213598,0.593374101430196,28.94093382047773,0.997152300472062,0.48934076746474253,0.5440875782388708,11,15,0.0,31,2632,30.84164716640668,0.6469990526866721,0.9963160469572424,28.236179718485175,0.06244289588849172,0.5367462311557789,3510,30.95961197559786,0.6435323325514912,0.9973754008813493,29.576006060326044,0.140046699525191,0.5111254434053532,-0.43386667431774484,-0.24456019847412314,-0.6542336718591208,-0.07103477362447241,True,0.6335891374778405,0.29952737976474764,0.6418269230769231,28.70082316632853,0.9986266320475906,7777
7778.png,0.5823569951757409,0.4170117871933737,0.5885791366906474,0.41807729160012774,0.9939255884586181,0.9992197366415266,28.0334215558714,0.9967109653279392,28.530524127682817,0.30352045670789723,0.20467146649490608,0.30527884573286046,30.599590533661136,0.5589070633907736,2753,7,30,79,39,2.118556701030928,4.285714285714286,388,411,760.4270740216468,3.880068201686918,0.03597898938640532,0.012456852522388595,-0.5003779237509534,-9.973437650434569e-05,-0.0006596100838761609,0.021182545497421323,620.5360889434814,7,30,-23,79,39,2.118556701030928,4.285714285714286,7,0,388,411,270,1.8501875280332007,3.880068201686918,760.4270740216468,0.03597898938640532,45358,16.47584453323647,23.805303305484927,256x256,65536,sparse,Meijering,388,7,31,2662,31.321314917214526,0.6273692491063528,29.37739921957105,0.9973705754118154,0.2823379112104759,0.24421625854427453,15,4,0.0,39,2646,31.66844775692855,0.6767096493836189,0.9970915186427463,29.169588379528722,0.2791128893613103,0.2376237623762376,3282,31.57261481572753,0.6613650898890538,0.9977891491829306,30.40670096296441,0.23509221889713594,0.28137975087831363,-0.8468750918882328,-0.03954479204936845,-0.72172438355339,-0.06846218571557927,True,0.670441038924811,0.20467146649490608,0.5699001426533523,28.533799479622353,0.999319471018031,7778
7779.png,0.5130378096479792,0.47943098808150714,0.6481288981288982,0.48825371965544245,0.9636785162287481,0.9990890085701565,28.157295570488422,0.9964886928557923,28.496813065186508,0.39501363459291,0.23380286769588643,0.346196375044648,30.09114167681808,0.5201521306193876,2189,4,22,50,25,2.120401337792642,5.5,299,317,638.6305914896387,4.428043629413464,0.03994237167482187,0.024990000883038932,-0.12614863887695904,-7.969663080586997e-05,-7.588446492312606e-05,0.025295324733755065,665.0400161743164,4,22,-18,50,25,2.120401337792642,5.5,4,0,299,317,224,2.014607544131349,4.428043629413464,638.6305914896387,0.03994237167482187,45875,20.957058017359525,29.938784833257195,256x256,65536,sparse,Meijering,299,4,24,1998,30.578077995637322,0.5723563265148466,28.683890474672964,0.9965645773207155,0.36971830985915494,0.22784612476887312,14,1,0.0,29,2070,30.828469048798745,0.6180001954036113,0.9960752646066018,28.211278646536112,0.15914271763564924,0.3112065599375244,4122,31.310030182322986,0.6797740988400447,0.9978613706276065,30.429667982896067,0.08389019553209587,0.3605100463678516,-0.1870774094864558,0.005956742927013314,-0.48693631881924304,-0.052204195895458994,True,0.6753475326416503,0.23380286769588643,0.48804780876494025,28.28344420936538,0.9991687052009623,7779
7780.png,0.666444740346205,0.39063462723351816,0.561807709348693,0.3908754623921085,0.9984251968503937,0.9994202773995577,27.228155292682565,0.9954903319491017,28.527778981142895,0.37584511370620777,0.24986343322901816,0.36648899799950607,30.711923955098662,0.5618106302664403,2531,4,27,65,27,2.131054131054131,6.75,351,374,759.5220210655725,5.032569658382665,0.027511813111097006,0.003893300016986956,-0.34408134363514975,-2.6626093776349613e-05,-0.00029300657867747937,0.02011145156070837,693.2053565979004,4,27,-23,65,27,2.131054131054131,6.75,4,1,351,374,259,2.0308075429560724,5.032569658382665,759.5220210655725,0.027511813111097006,45465,17.963255630185696,25.893322797313314,256x256,65536,sparse,Otsu,351,4,28,2440,31.162286707863046,0.6190595145623354,28.810203080700898,0.9957833385277792,0.3557336621454994,0.28932386660323484,13,1,0.0,36,2486,31.471862909101485,0.668312938775492,0.9952589006141338,28.699369926642465,0.35853457917268017,0.36035758323057954,3665,31.664386732869705,0.6771491124368175,0.9973819834183665,30.93084289630343,0.19091544693367257,0.3778120184899846,-0.2824240995580034,-0.039460433374216675,-0.4503627527643843,-0.05724888429589514,True,0.6817760822095809,0.24986343322901816,0.6625514403292181,27.572236636317715,0.9994469034933341,7780
7781.png,0.5171198388721048,0.6380819040952047,0.7790598290598292,0.6453097345132743,0.9827493261455525,0.9980573450705539,28.280647942492774,0.9961533771998188,28.478110496532224,0.4014778325123153,0.20148378124062305,0.2829593548362777,30.750319336274664,0.5608410107527396,2255,4,10,23,15,2.038961038961039,2.5,308,314,620.8064372236091,4.550219360497091,0.019498478042740238,0.009014469064607344,-0.11521741844212485,-0.00013799412584325488,-0.0002993902071265486,0.004804088704813525,612.7374172210693,4,10,-6,23,15,2.038961038961039,2.5,4,0,308,314,270,1.977090564406397,4.550219360497091,620.8064372236091,0.019498478042740238,45362,20.11618625277162,29.062527716186253,256x256,65536,sparse,Meijering,308,4,27,2228,31.16226939395219,0.6119929673506606,28.71182130701639,0.9964527674069453,0.39667374380750176,0.21750140953703612,19,3,0.0,33,1980,31.363542462229038,0.642891764903233,0.9962401455638719,28.329908753933744,0.2948419615893155,0.3741159830268741,4088,31.842683009301847,0.6953397395731141,0.9978433801798327,31.21734379008167,0.169933947472925,0.3955461293743372,-0.23371081048416542,-0.016017628296413067,-0.4119500576775259,-0.05115195659792093,True,0.7120590918692298,0.20148378124062305,0.5081053698074974,28.3958653609349,0.9981953391963971,7781
7782.png,0.7193849533223503,0.5898997134670487,0.7420590223023203,0.5976052249637155,0.9786096256684492,0.9986718488290691,27.917084654820247,0.9970549074657946,28.41373401714798,0.519884309472162,0.4078527843925187,0.5861817318194379,30.91769621602538,0.5705606847773355,2201,4,11,27,16,2.048611111111111,2.75,288,295,558.200140880553,4.631562965611617,0.02201369760067215,-0.02055995025891688,-0.18763141431348984,-0.00012320084061179237,-0.00018007137347519908,-0.013642330614826004,584.4833850860596,4,11,-7,27,16,2.048611111111111,2.75,4,1,288,295,245,1.8922038673917028,4.631562965611617,558.200140880553,0.02201369760067215,45293,20.578373466606088,29.775556565197636,256x256,65536,sparse,Meijering,288,4,26,2101,31.204354919695167,0.610805037738842,28.589113956662587,0.9972349788392698,0.533526640086988,0.543119464859708,6,4,0.0,33,2018,31.484236401973572,0.6523267228452074,0.9966897437242647,28.03041169002047,0.47869947047387484,0.5233611010503441,3935,31.918775726702172,0.6944693210103553,0.9984766917954597,31.25005546750586,0.4036473408489176,0.5090514120202752,-0.17537993951460606,-0.13526668046718926,-0.2866587036697865,-0.040244352961506524,True,0.6957787359332959,0.4078527843925187,0.7399449035812672,28.104716069133737,0.9987950496696809,7782
7783.png,0.5570279223852342,0.5058924978442081,0.6718839473181905,0.5085235481074833,0.9898762654668166,0.9987856650868797,27.931236342484077,0.9942064407338493,28.30128114543655,0.4290229885057471,0.42057224147892946,0.7363501173011241,30.64192152827185,0.5761314757748501,2763,4,23,54,21,2.103542234332425,5.75,367,386,732.3404283516439,5.0073921125006615,0.041513938254361706,-0.022618095313880815,-0.7790959373736825,-0.00023182322812964617,-0.0009889165061998106,0.014402936497656949,728.5919189453125,4,23,-19,54,21,2.103542234332425,5.75,4,2,367,386,292,1.897254995729645,5.0073921125006615,732.3404283516439,0.041513938254361706,45221,16.36663047412233,23.719145855953673,256x256,65536,sparse,Otsu,367,4,32,2705,31.50743679684584,0.6397754539045571,29.406588875879663,0.9951953572400491,0.41462005200809016,0.293744195488403,18,6,0.0,40,2742,31.827178587132487,0.6883072438485166,0.9949463649447344,29.27669800311601,0.24277529855813162,0.4083164885937049,3329,31.751899096761463,0.6725134982329863,0.996340004094408,30.628245643727908,0.21284754551435858,0.42304360381172396,-1.105307730443112,0.12682804599052644,-0.86551526857399,-0.06364397812970701,True,0.5711579744434807,0.42057224147892946,0.5796460176991151,28.71033227985776,0.9990174883150094,7783
7784.png,0.719280205655527,0.45955349376630905,0.6297179181565355,0.4598201334493763,0.9987397605545053,0.999441153164001,26.884040102511058,0.9963383513945817,27.62890789700272,0.5057870370370371,0.35397887656805993,0.49414513330540344,29.91274193553568,0.5288756756376997,2653,4,15,40,22,2.065281899109792,3.75,337,348,727.7567991245706,5.011028764863396,0.030288283035478356,-0.008757669147208436,-0.09973736513907383,-1.9054272506591197e-05,-0.00014066489039099572,0.013184774199787308,673.3157634735107,4,15,-11,40,22,2.065281899109792,3.75,4,0,337,348,275,2.0912551698981865,5.011028764863396,727.7567991245706,0.030288283035478356,46218,17.421032793064455,24.702600829249906,256x256,65536,sparse,Otsu,337,4,26,2496,30.410185654590922,0.5932365835686403,27.842845512589797,0.9964790162849727,0.4926022628372498,0.4908435793924508,8,3,0.0,30,2500,30.65657931251146,0.6441458417081628,0.9960689743093933,27.260240020649288,0.6671289163019205,0.4972439802727009,3423,30.841266170418187,0.6360383786363886,0.9976860665180183,29.81595413073117,0.676966743577747,0.48360893530606325,-0.2139376155870778,-0.1368647028243909,-0.49744371905524076,-0.06436090793094063,True,0.7163459735002295,0.35397887656805993,0.7280378748027354,26.983777467650132,0.9994602074365075,7784
7785.png,0.5478097032501178,0.562978222483814,0.7203916399924685,0.5729260257562144,0.9700811359026369,0.9985284993962675,27.552390915317403,0.9969922262515568,28.138277108049692,0.39144736842105265,0.2297596204191008,0.32710721073713483,30.332929758585564,0.5494512203576508,2736,5,13,36,22,2.0427807486631018,2.6,374,382,693.2010564989671,4.463981059783283,0.025008418640709226,-0.011416346773478248,-0.5256588529446162,-0.0002660746425136029,-0.00040161593048393396,-0.007474464463044395,628.0019283294678,5,13,-8,36,22,2.0427807486631018,2.6,5,0,374,382,316,1.8146624515679735,4.463981059783283,693.2010564989671,0.025008418640709226,45829,16.75036549707602,23.953216374269005,256x256,65536,sparse,Meijering,374,5,29,2678,30.893583703228717,0.6162022995498797,28.55820680245458,0.9973938421820407,0.39892183288409705,0.31508568659330294,13,1,0.0,33,2586,31.11646091914801,0.6621509919358013,0.996928500995958,27.90239256377886,0.3898192169093202,0.4073630649506136,3292,31.137396785974115,0.6490261356839767,0.9977433433318081,29.447794428250795,0.3378794846834038,0.4029940119760479,-0.4199296944048889,-0.08532606617420213,-0.5606539446431533,-0.06675107919222889,True,0.7023985191318112,0.2297596204191008,0.559226050023596,28.07804976826202,0.9987945740387811,7785
7786.png,0.6001461988304093,0.4328635014836795,0.6041936318923117,0.4328635014836795,1.0,0.9994263119994565,27.974185282580557,0.9973718294469454,28.725583941629225,0.37908011869436203,0.3236949931363503,0.5730921017620263,31.32745376009046,0.5905856792396179,2212,4,16,36,18,2.08,4.0,300,312,548.3041804328908,4.505697861115138,0.030039887390866066,0.010964912280701733,-0.3335571227606309,-6.131585466806477e-05,-0.0002972435424355435,0.005563798219584581,594.1424369812012,4,16,-12,36,18,2.08,4.0,4,0,300,312,246,1.7573851936951603,4.505697861115138,548.3041804328908,0.030039887390866066,44875,20.287070524412297,29.62748643761302,256x256,65536,sparse,Meijering,300,4,28,2203,31.695555485324554,0.6336365305103926,29.20863926306091,0.9976690729893809,0.37351632047477745,0.3221904219945497,9,3,0.0,40,2190,31.993981276552063,0.6757092024630246,0.9975665118798356,28.96343379397303,0.26259306209027133,0.3566926214312199,4245,32.3957885388674,0.7194372519461082,0.9985473538592596,31.3320043867771,0.23076052049605444,0.36869436201780414,-0.48305532143168506,0.0015045711418005814,-0.36810172523409435,-0.04305085127077468,True,0.5648219407336433,0.3236949931363503,0.5891812865497076,28.307742405341187,0.9994876278541246,7786
7787.png,0.6619552414605419,0.46938775510204084,0.638888888888889,0.47026022304832715,0.9960629921259843,0.9992837491309167,27.589587116819835,0.9972018127061533,28.142337419051557,0.3990726429675425,0.2805968242827812,0.39982293607359787,30.542805734311674,0.559859134223074,2831,8,19,46,29,2.057742782152231,2.375,381,392,686.3556292211658,3.9984844078229167,0.03988428257772639,-0.002313343671352608,-0.4841994294166909,-9.265124852697593e-05,-0.0004467334071646123,0.011216385222808933,583.3182334899902,8,19,-11,46,29,2.057742782152231,2.375,8,1,381,392,306,1.7509072174009288,3.9984844078229167,686.3556292211658,0.03988428257772639,45566,16.095372659837512,23.14941716707877,256x256,65536,sparse,Meijering,381,8,31,2812,31.168810972358195,0.6293156989687181,28.82696985901439,0.9976485461133179,0.3878562577447336,0.2932956367200459,14,1,0.625,37,2710,31.437941605260544,0.6767236417226915,0.9974132716968525,28.44642261230409,0.3674525237926366,0.3869268897149938,3318,31.414668118412234,0.6596967515341251,0.9980873445045535,29.96721996216349,0.31808969191364855,0.3986988847583643,-0.684632439962833,-0.012698812437264673,-0.6260052380465204,-0.0694565647456441,True,0.7018027205701126,0.2805968242827812,0.6642685851318945,28.073786546236526,0.9993764003794436,7787
7788.png,0.5655220742817099,0.3703577512776831,0.5405271009448035,0.3754749568221071,0.9645075421472937,0.9992274195768671,28.82709518422952,0.9963031115461467,28.935599083152788,0.3752577319587629,0.1837845467933834,0.3025687687597265,30.452201888950515,0.5403924602129303,2606,9,35,83,41,2.143646408839779,3.888888888888889,362,388,776.5200497236551,4.015133660142593,0.03675239015341162,-0.010012192483212723,-0.6264670175036393,-0.00016942659873342425,-0.0006631918886730315,0.02696639609407525,633.5816383361816,9,35,-26,83,41,2.143646408839779,3.888888888888889,9,1,362,388,238,2.001340334339313,4.015133660142593,776.5200497236551,0.03675239015341162,45522,17.46815042210284,25.148119723714505,256x256,65536,sparse,Meijering,362,9,30,2585,31.097393829404602,0.6120464990530454,29.74583623015495,0.9969663034348197,0.34829133586468763,0.24118706923875854,15,3,0.0,35,2508,31.33519782004692,0.654339211488301,0.9965105343279683,29.247369095668596,0.06215990992727238,0.3530201342281879,3597,31.50391395823827,0.66907135512454,0.9975728155882622,30.92625413537027,0.042925338019580206,0.3801999355046759,-0.8102371470021623,-0.05740252244537514,-0.6451919404540867,-0.07165403884011512,True,0.6074141344684816,0.1837845467933834,0.5755342667649226,29.45356220173316,0.9993968461756005,7788
7789.png,0.6165718927701056,0.3352326685660019,0.5021337126600285,0.33672496025437204,0.9869524697110904,0.9995010307619221,27.299329137072817,0.9968985333708705,28.098321751175,0.2895238095238095,0.22508350203891914,0.37298296738814013,30.178360367534815,0.5358646402890892,3109,14,35,90,51,2.0988235294117645,2.5,425,446,840.4889521882816,3.4985300078111536,0.04173295690072152,0.0016958597122543884,-0.4991861402205444,-9.975269387840768e-05,-0.0007653566311569548,0.009396623514270563,636.8074417114258,14,35,-21,90,51,2.0988235294117645,2.5,14,1,425,446,284,1.8845043771037655,3.4985300078111536,840.4889521882816,0.04173295690072152,45811,14.734963010614345,21.07944676744934,256x256,65536,sparse,Meijering,425,14,32,3025,30.974137130922976,0.621903441261653,28.982001437463566,0.9976638900020275,0.28012718600953895,0.37915055537949294,6,1,0.7142857142857143,38,2940,31.345468668560578,0.6751446223137039,0.9976190031050257,28.842710854552706,0.35757165903188115,0.2756756756756757,668,30.356528083134016,0.537454898143631,0.996769314262572,27.640978956125885,0.43334237861777525,0.2944356120826709,-0.8836796862885663,-0.1540670533405738,-0.7957767633881616,-0.08603880097256378,True,0.6034685809250071,0.22508350203891914,0.6148760330578512,27.79851527729336,0.9996007834558005,7789
7790.png,0.627521613832853,0.45178236397748595,0.6223830447143965,0.4529721595184349,0.9942196531791907,0.9994538159538175,27.22556459145224,0.9973553120839196,28.03723062986382,0.3942814145974417,0.3385582345114958,0.5049783871441447,30.878497582868647,0.5675222488371099,2136,4,7,22,16,2.020979020979021,1.75,286,289,491.79769909844896,4.9077404074735576,0.02127349095399422,0.009728019526803133,0.08469735068896256,1.382818404294106e-05,-5.4885091675838105e-05,-0.005267118133935267,596.318244934082,4,7,-3,22,16,2.020979020979021,1.75,4,0,286,289,248,1.7017221422091653,4.9077404074735576,491.79769909844896,0.02127349095399422,45369,21.240168539325843,30.681647940074907,256x256,65536,sparse,Meijering,286,4,25,2056,31.1200403906319,0.6055050919392444,28.055628043324226,0.9974101971755954,0.39954853273137697,0.3607757837496701,8,1,0.0,33,2114,31.448893957149416,0.6516364529620524,0.9974846835496042,28.10222266103354,0.37151583391064846,0.4103046257991726,4402,31.983052754171233,0.7048686975120935,0.9987236684469303,31.324897724650455,0.3319106342518894,0.4091763820985333,-0.018397413460405687,-0.022217549238174317,-0.24154280776325265,-0.03798284310213451,True,0.670441038924811,0.3385582345114958,0.6177935943060499,27.140867240763278,0.9994399877697746,7790
7791.png,0.6276595744680851,0.6934087882822902,0.818950265382347,0.7075407608695652,0.9720018665422305,0.9981250009012845,28.27050406302954,0.9961687636381227,28.400563675580358,0.514218009478673,0.32730993858791135,0.43095929675605893,30.10276231871365,0.5261288787477733,2335,4,13,29,16,2.055045871559633,3.25,327,336,657.5868284023993,4.273783825588518,0.023333262270523906,0.034272621831802685,-0.2479605425030904,-0.0001734818869052468,-0.0002897205055427676,0.03588354773188901,590.4884338378906,4,13,-9,29,16,2.055045871559633,3.25,4,1,327,336,282,1.9571036559595183,4.273783825588518,657.5868284023993,0.023333262270523906,45899,19.65695931477516,28.06680942184154,256x256,65536,sparse,Meijering,327,4,26,2315,30.613143185924756,0.5876681286476955,28.649884661683384,0.9964584841436654,0.478334461746784,0.23314270075660026,22,9,0.0,30,2168,30.813453633333676,0.6256585272086932,0.9959920112717532,28.089182194128735,0.114376546385765,0.4427994616419919,4033,31.232878921647355,0.67414205474672,0.99765284417877,30.209528574194877,0.05475662896860933,0.4793814432989691,-0.2493209861030259,0.09416723783131109,-0.5103808672111043,-0.06153924989992221,True,0.7594915367916579,0.32730993858791135,0.5933869526362824,28.518464605532632,0.9982984827881898,7791
7792.png,0.6801261829652997,0.47113249444855665,0.6405031446540881,0.4727070181953212,0.9929797191887676,0.9993428937851729,27.8770720614715,0.9969604060056583,28.37105974765177,0.4961439588688946,0.2857131082948018,0.4190717682099214,30.440052645240854,0.545880146588702,2352,4,17,38,18,2.0825396825396827,4.25,315,328,593.4245998354911,4.355492221741449,0.03192425540233668,-0.029275526436409738,-0.12723441412585146,-6.710862417824703e-05,-0.00016315141481737516,0.008384314951980665,591.8655395507812,4,17,-13,38,18,2.0825396825396827,4.25,4,1,315,328,259,1.8092213409618603,4.355492221741449,593.4245998354911,0.03192425540233668,45662,19.414115646258505,27.86394557823129,256x256,65536,sparse,Meijering,315,4,27,2295,30.970659302152765,0.6028955058142461,28.59400862028413,0.9971235574204756,0.48775964391691395,0.5269581556616313,7,5,0.0,33,2228,31.167666684764793,0.6459427937306179,0.9968785973890913,28.278942708366746,0.34075936979955623,0.446421950315165,3860,31.533878477842137,0.6777533749045352,0.9981519291981465,30.777103796282045,0.26948097184057507,0.46131062569418735,-0.22294887263235807,-0.2412450473668295,-0.5306066569119103,-0.05701535922554413,True,0.6817760822095809,0.2857131082948018,0.7094017094017094,28.004306475597353,0.9994100024093512,7792
7793.png,0.652972027972028,0.42074198988195616,0.5922848664688427,0.42074198988195616,1.0,0.9995693247836509,27.255171250762164,0.9978498933393221,28.205112448073827,0.37647554806070826,0.3212483657485856,0.6592861373797941,30.886016132382558,0.563450891484058,2083,6,14,34,21,2.058181818181818,2.3333333333333335,275,283,502.56783878386517,4.42645252791318,0.035898470426142026,-0.004170829170829116,0.03119522570700184,-9.088271417212468e-06,-0.00013705951453124587,-0.009696458684654297,573.5652446746826,6,14,-8,34,21,2.058181818181818,2.3333333333333335,6,0,275,283,220,1.775858087575494,4.42645252791318,502.56783878386517,0.035898470426142026,45314,21.754200672107537,31.462313970235236,256x256,65536,sparse,Meijering,275,6,25,2036,31.14136732028195,0.6044217334664389,28.292100195184066,0.9979869528538533,0.38617200674536256,0.31442679841570675,8,1,0.33333333333333337,32,1876,31.399564198028806,0.6423934333420862,0.9978474801062734,27.996036735877603,0.3559635789168587,0.37647554806070826,4303,31.968394688933017,0.702634636759804,0.9989572918813017,31.35082013628121,0.24421625854427453,0.3752107925801012,-0.08698774711023916,0.006821567332878864,-0.25535118789939304,-0.04097084198238088,True,0.4872669809581094,0.3212483657485856,0.6571428571428571,27.223976025055162,0.9995784130550681,7793
7794.png,0.566068515497553,0.49154013015184383,0.6591041303083187,0.4926086956521739,0.9956063268892794,0.9993292530310149,27.592294874737405,0.9975250751703576,28.327359431779023,0.34,0.22754522698405988,0.38882191160530793,31.586133877442148,0.600835313337069,1950,4,8,20,14,2.029304029304029,2.0,273,277,480.6073214757461,4.677510140143035,0.0254548175629535,0.02577246286597401,-0.17325114451789858,-5.8958869247116574e-05,-0.00010137758393746754,0.02043478260869569,602.3149490356445,4,8,-4,20,14,2.029304029304029,2.0,4,0,273,277,239,1.7350444818618975,4.677510140143035,480.6073214757461,0.0254548175629535,44745,22.946153846153845,33.60820512820513,256x256,65536,sparse,Meijering,273,4,26,1893,31.782507674301627,0.6298931618038719,28.577294035002506,0.9976264527542951,0.31956521739130433,0.22430819795352397,10,0,0.25,37,1896,32.074052920077776,0.6680366053129568,0.9975526231670045,28.56786623015317,0.2683843710533581,0.3130434782608696,4770,32.792546941793944,0.7411936338144283,0.998752833478537,31.957745429772633,0.27263970543032323,0.33956521739130435,-0.24993460322348326,0.0032370290305359095,-0.1963737968594792,-0.029057848466802927,True,0.5852170883184187,0.22754522698405988,0.540296052631579,27.765546019255304,0.9993882119002621,7794
7795.png,0.5114045618247299,0.18468127991937516,0.31178222033177366,0.18594622019279552,0.9644736842105263,0.999619688946017,27.818742147114758,0.9958309777129272,28.450173927542203,0.1251583481124905,0.18489997600567198,0.3978580375122304,29.690253205070082,0.5174122634706251,4117,28,71,173,99,2.1400651465798046,2.5357142857142856,614,657,1339.2778947802365,2.6960086416732216,0.06584052290505962,0.025480449217630763,-1.0021692176509482,-0.00010390314397568101,-0.0015407497965620465,0.00998838362745752,729.9456596374512,28,71,-43,173,99,2.1400651465798046,2.5357142857142856,28,2,614,657,342,2.0384747256928972,2.6960086416732216,1339.2778947802365,0.06584052290505962,45867,11.140879281029877,15.91838717512752,256x256,65536,sparse,Meijering,614,28,41,4089,31.133806955997887,0.6444029714550182,29.996554337549334,0.9973717275094892,0.11516996448503297,0.24421625854427453,6,1,0.3571428571428572,44,3982,31.59611097379856,0.7117584564484849,0.9975171731553416,30.285025073001567,0.3188685728204529,0.1156773211567732,463,30.111905174267513,0.5159874482532121,0.9961334562767035,28.240407178214898,0.2917796465322,0.11694571283612379,-1.5463804100071314,-0.05931628253860255,-1.443553750927805,-0.12699070798439316,True,0.46473857148100983,0.18489997600567198,0.48592411260709917,28.820911364765706,0.9997235920899927,7795
7796.png,0.7810077519379846,0.4842832469775475,0.6525482895043053,0.48461804355340476,0.9985754985754985,0.9992389310993293,27.452576925460242,0.9973587301736264,28.26606599594011,0.467680608365019,0.5536565993742872,0.9109092736182608,31.199241800588233,0.5883350064756505,2343,4,11,25,16,2.0443037974683542,2.75,316,323,520.2716121851944,4.607058323259595,0.024923423951763383,0.0017197260480169563,-0.2576122814378401,-8.280417154538089e-05,-0.00031880558294150596,0.0027652955409609437,605.08131980896,4,11,-7,25,16,2.0443037974683542,2.75,4,0,316,323,275,1.6107480253411566,4.607058323259595,520.2716121851944,0.024923423951763383,45180,19.282970550576184,27.970977379428085,256x256,65536,sparse,Meijering,316,4,28,2290,31.49355947601287,0.631458449690848,28.600990130553953,0.9976775357565679,0.46491531282405807,0.6216743703119232,5,2,0.0,38,2342,31.8180923283343,0.6785526759353969,0.9975429820322723,28.55799419870739,0.5580977904154747,0.455928102315935,3727,32.06917275979562,0.694100833960078,0.9986798378980668,31.253421464765125,0.4246215453705462,0.44644091223220456,-0.33492413461384274,-0.06801777093763595,-0.2943176754246366,-0.043123443215197454,True,0.6078065241064949,0.5536565993742872,0.7792880258899676,27.710189206898082,0.9993217352708746,7796
7797.png,0.6475216365066876,0.37285662167092304,0.543183630082381,0.3732651570489408,0.9970731707317073,0.9994476583938483,27.888491134854494,0.9969735271660412,28.7106886736086,0.3853711790393013,0.35713349034978115,0.6594118431972648,31.103120779712018,0.5811925340886412,2145,5,13,32,20,2.0551724137931036,2.6,290,298,517.233061771441,4.609268199164292,0.02750601728285815,-0.008374970924653335,-0.45176139221974054,-7.34421075635483e-05,-0.0002410541096928842,0.011010331705480991,597.4867343902588,5,13,-8,32,20,2.0551724137931036,2.6,5,0,290,298,238,1.7356814153404034,4.609268199164292,517.233061771441,0.02750601728285815,45007,20.982284382284384,30.552913752913753,256x256,65536,sparse,Meijering,290,5,27,2080,31.56119161986507,0.6244349455114884,29.11684933741038,0.997214581275734,0.3743608473338203,0.37984000499724146,9,1,0.09999999999999998,36,2004,31.74344382541114,0.6598713398600529,0.9969881222814106,28.707280179641636,0.30348549934896296,0.38453119299525723,4346,32.3080440232646,0.7175245449958956,0.9983923954088926,31.61740037355434,0.21610348292432446,0.3733138899015676,-0.40616066380177784,-0.02270651464746032,-0.4580708401530522,-0.04324241142284713,True,0.5415939886947765,0.35713349034978115,0.6558966074313409,28.340252527074234,0.9995211005014119,7797
7798.png,0.7132406730065838,0.4680933852140078,0.6376888417704744,0.4680933852140078,1.0,0.9993910661199856,27.821847444233832,0.997089114810096,28.356722955372557,0.4415079673532841,0.24723335529380375,0.3877576811167122,30.786216726959672,0.5586090467028197,2174,4,21,40,19,2.114864864864865,5.25,296,313,576.5295389385168,4.527934030906574,0.029594982042981926,-0.012163144908247325,-0.20022089958617073,-1.7260083402192983e-05,-0.00028234902427870523,-0.004795534592241191,606.6224575042725,4,21,-17,40,19,2.114864864864865,5.25,4,0,296,313,237,1.841947408749252,4.527934030906574,576.5295389385168,0.029594982042981926,45324,20.84820607175713,30.145354185832566,256x256,65536,sparse,Meijering,296,4,26,2105,31.149770795368532,0.6057572301724562,28.787371688641205,0.9973714638343747,0.4463035019455253,0.4602594223763874,6,2,0.0,33,2174,31.41363782202744,0.6536638708471031,0.9969875507202368,28.194794644010095,0.44169905992882275,0.4466926070038911,4399,31.96664885040451,0.7075317279756269,0.9985715308432344,31.346328413523263,0.3082782008664601,0.4200700116686114,-0.4306487332686473,-0.21302606708258365,-0.3635540684088596,-0.04714818346963645,True,0.6375975701675096,0.24723335529380375,0.7254038179148311,28.022068343820003,0.9994083262033878,7798
7799.png,0.7286245353159851,0.6243585357509408,0.7687447346251053,0.6286600068894247,0.989159891598916,0.9988363979722383,27.922266896676213,0.9967534801516491,28.463946578875536,0.6413603572655445,0.526451053500765,0.6953755969726256,30.91346900056545,0.573430867158434,2373,4,11,26,15,2.0451612903225804,2.75,310,317,679.627960806244,4.704421364876532,0.025515109353069332,-0.014989466576162402,-0.009913064318844533,-6.529708556157754e-05,-9.868069465146512e-05,0.007188810589692007,710.5984687805176,4,11,-7,26,15,2.0451612903225804,2.75,4,0,310,317,269,2.1439367848777375,4.704421364876532,679.627960806244,0.025515109353069332,45293,19.086809945217023,27.617361989043406,256x256,65536,sparse,Otsu,310,4,27,2311,31.20774649860013,0.6193151068083157,28.565714877264227,0.9968521608463006,0.6341715466758525,0.6284233089779543,6,6,0.0,34,2206,31.478318107170157,0.6625443095866446,0.9962926208882013,27.89655644994367,0.57562715432305,0.6288269693842449,3862,31.828918928748063,0.6912355472817281,0.9982671074175417,31.026420388381283,0.37141606660137483,0.6165749656121046,-0.10176829838869139,-0.10197225547718924,-0.2942774980346812,-0.04588423964988164,True,0.7570743865512575,0.526451053500765,0.7436140018921475,27.932179960995057,0.9989016950577999,7799
7800.png,0.6738636363636363,0.4921483461409957,0.6596506941334528,0.5044520547945206,0.9527813712807245,0.9989339440247799,27.754052466378283,0.9967518806637898,28.264632414255463,0.4649033570701933,0.24421625854427453,0.3525462146940729,30.300088620293437,0.5398750131124568,2694,7,30,73,32,2.1220159151193636,4.285714285714286,377,400,752.5022833788269,3.810935794516647,0.03812029242582067,-0.027566637772239666,-0.5907711798184074,-0.00019874782044515538,-0.0005253916534239123,0.018596927521629725,623.9454746246338,7,30,-23,73,32,2.1220159151193636,4.285714285714286,7,1,377,400,272,1.881255708447062,3.810935794516647,752.5022833788269,0.03812029242582067,45644,16.942835931700074,24.326651818856718,256x256,65536,sparse,Meijering,377,7,30,2636,30.993801946322574,0.6139095804534773,28.9817778496724,0.9972772723172137,0.4463064295485636,0.46473857148100983,8,5,0.0,36,2586,31.249086804928044,0.6610963675715953,0.9970374692036087,28.68944302593202,0.26508468199093116,0.42550289805659736,3510,31.330407888883375,0.6626009732068796,0.9979452727415137,30.09604537322192,0.16795684269211375,0.4481468888133288,-0.7171454354169384,-0.2205223129367353,-0.6937133260291368,-0.07403456734102054,True,0.6927212613988687,0.24421625854427453,0.701430274135876,28.34482364619669,0.999132691845225,7800
7801.png,0.6401960784313725,0.4588921282798834,0.6290967226219025,0.46104276508494435,0.989937106918239,0.9993439612841735,27.622997771767814,0.9966432883169954,28.37008212474089,0.5112540192926045,0.34704691655666964,0.5083228516322664,30.05454890094109,0.5366496912132775,2720,5,26,55,26,2.115702479338843,5.2,363,384,708.7637982767594,4.436015018746873,0.03267204459808718,0.012734938534999407,-0.2700028569739743,-5.4163872767243326e-05,-0.00019174148530798352,0.05694821964409835,656.7716598510742,5,26,-21,55,26,2.115702479338843,5.2,5,1,363,384,282,1.8457390580123907,4.436015018746873,708.7637982767594,0.03267204459808718,46045,16.928308823529413,24.094117647058823,256x256,65536,sparse,Otsu,363,5,28,2695,30.671284750320606,0.607765658130459,28.638905057443246,0.9968350298023034,0.45430579964850615,0.42879093615118524,10,6,0.0,31,2572,30.87459957313539,0.6527788221559399,0.9961427163997548,27.808148158958318,0.5480960918257352,0.4800820152314001,3479,31.01295393324737,0.6486892200988794,0.9976797006171664,29.94978601609722,0.362796792148979,0.46953719976567077,-0.26882293270235635,-0.0817440195945156,-0.6167358493795163,-0.07111596691718147,True,0.6827293233862564,0.34704691655666964,0.6274611398963731,27.893000628741788,0.9993981251569407,7801
7802.png,0.6890173410404624,0.566949465142014,0.7236346516007534,0.5707389528406981,0.9884244372990354,0.9991677189225189,28.021922002006058,0.9971762013018588,28.423430063562606,0.5037037037037037,0.35126260393868414,0.5374733789861726,30.512792226534255,0.5471553664917663,2196,5,13,27,17,2.0524590163934424,2.6,305,313,548.3479492097391,4.497323124525977,0.029790459954191897,-0.005134705743163326,-0.0015475868076961774,-4.564749810331836e-05,-0.00016211794619824804,0.006486635058063572,597.3026752471924,5,13,-8,27,17,2.0524590163934424,2.6,5,0,305,313,261,1.751910380861783,4.497323124525977,548.3479492097391,0.029790459954191897,45620,20.774134790528233,29.84335154826958,256x256,65536,sparse,Meijering,305,5,25,2119,30.866619490015577,0.5949174525843253,28.527118671408232,0.997338319248057,0.4972170686456401,0.5754250238931116,6,8,0.0,32,2166,31.1324377253804,0.6438898936315524,0.9970593610894671,28.17283928294904,0.38245293823532,0.4833086053412463,4262,31.665615857624203,0.6960383354328032,0.9983999376796159,30.934574123410066,0.15188313662817998,0.49374079528718706,-0.10368860784562628,-0.22416241995442743,-0.3538272634813211,-0.04776208609255894,True,0.6535441896699425,0.35126260393868414,0.6941520467836257,28.023469588813754,0.9992133664206222,7802
7803.png,0.6856540084388185,0.44878754976474844,0.6195353484886335,0.4522246535375638,0.9833465503568596,0.9993046845069044,27.454372699276497,0.9971231861981239,28.183778107406535,0.41378053226394457,0.3701176494675643,0.5590071708133443,30.811003137949843,0.5641119423075689,2285,4,15,35,19,2.0735785953177257,3.75,299,310,629.8474064290966,4.838429155955745,0.026482797331352306,-0.01042442293373047,-0.051103101882620905,-0.0001255054448484616,-0.00017856717483899498,-0.00963303447566155,622.5905418395996,4,15,-11,35,19,2.0735785953177257,3.75,4,0,299,310,245,2.031765827190632,4.838429155955745,629.8474064290966,0.026482797331352306,45412,19.873960612691466,28.680962800875275,256x256,65536,sparse,Meijering,299,4,27,2232,31.207257980264767,0.6144832179983715,28.29124597927121,0.9973017533729629,0.4234135667396061,0.41891436633217993,7,1,0.125,35,2274,31.462001136090013,0.6575998010762676,0.9970962160097074,28.065378631296834,0.5913924013591516,0.4215900802334063,4042,31.84204905926404,0.6944553120412332,0.9984757289034909,30.91893519049846,0.32601367294588246,0.41523878964637256,-0.10746787186467444,-0.04879671686461562,-0.39625484231492436,-0.050371275690802575,True,0.6620982141052869,0.3701176494675643,0.696078431372549,27.50547580115912,0.9994301899517528,7803
7804.png,0.690920798454604,0.48744998181156785,0.6554169723648813,0.4878048780487805,0.9985096870342772,0.9992423386694682,27.857215403562133,0.9971031758401571,28.439130289715123,0.465285350781534,0.45483493938916475,0.6852157896014575,30.605079472891887,0.5521804612847707,2284,4,17,37,19,2.082802547770701,4.25,314,327,574.0886277933157,4.54918470010636,0.038197613488778474,-0.007035778812318094,-0.13357506484080162,-2.4032195543144397e-05,-0.0002026061964963688,-0.01307041495145983,573.0409622192383,4,17,-13,37,19,2.082802547770701,4.25,4,0,314,327,258,1.7556227149642647,4.54918470010636,574.0886277933157,0.038197613488778474,45559,19.947022767075307,28.69352014010508,256x256,65536,sparse,Meijering,314,4,26,2245,30.971598602325162,0.6035868586220271,28.67329370938849,0.9973057820366534,0.4783557657329938,0.4376076581879558,9,4,0.0,31,2044,31.205364986157136,0.6382656382570184,0.9969837513447795,28.343228630848355,0.31508568659330294,0.4617059891107078,4055,31.666597014613423,0.6897827110780593,0.9982641129410534,30.834385904085284,0.19690776955175548,0.45852951829047445,-0.23416341967336507,0.017227281201208977,-0.366519129433275,-0.05140639733725638,True,0.6637835062932667,0.45483493938916475,0.6979565772669221,27.990790468402935,0.9992663708650114,7804
7805.png,0.62997542997543,0.5338434373160683,0.696085955487337,0.5477053140096618,0.9547368421052631,0.997838808555123,27.81427648089379,0.9962977482862675,28.695068028904416,0.4205467107239411,0.3080456502553929,0.42934488779683877,31.004367227353214,0.580659121890391,2856,5,36,79,32,2.1546134663341645,7.2,401,432,815.1048675166431,4.019238653622958,0.04658001603603825,0.01573210653329349,-1.1197467862403627,-0.0006206311676962839,-0.0007164685322093023,0.008710961931670591,680.3417205810547,5,36,-31,79,32,2.1546134663341645,7.2,5,1,401,432,290,1.886816822955188,4.019238653622958,815.1048675166431,0.04658001603603825,45099,15.790966386554622,22.946778711484594,256x256,65536,sparse,Meijering,401,5,33,2782,31.610745702301752,0.6438493124851609,29.484159664473406,0.9970142168184768,0.41183574879227053,0.39548774327919767,12,4,0.0,42,2772,31.943246507478584,0.6951442441273238,0.9968984079727115,29.267293004880734,0.31461720896901235,0.3928248417244498,3223,31.823000578675178,0.6725524213468759,0.9977019035286725,30.693831762459922,0.27936250400931406,0.4101868595539482,-0.7890916355689903,-0.08744209302380479,-0.6063784749485386,-0.06319019059476982,True,0.7174783233966364,0.3080456502553929,0.6142433234421365,28.93402326713415,0.9984594397228193,7805
7806.png,0.4666666666666667,0.45409143296196697,0.6245706737120211,0.4593859308200544,0.9752475247524752,0.9993215124554679,27.79104009726051,0.997628663416903,28.411344772144474,0.33010085337470907,0.18989242808015327,0.3282342350197454,30.3303473188638,0.5353959007012146,2282,5,22,53,27,2.1039755351681957,4.4,327,344,636.8765533309993,3.9720591182737905,0.025654765141606077,0.02007168458781361,-0.3432765539479412,-0.00011862469290768729,-0.00022066077735694023,0.01684784132651629,599.2939472198486,5,22,-17,53,27,2.1039755351681957,4.4,5,0,327,344,247,1.8513853294505764,3.9720591182737905,636.8765533309993,0.025654765141606077,45696,20.024539877300615,28.718667835232253,256x256,65536,sparse,Meijering,327,5,26,2192,30.810934812382374,0.5924952117547226,28.769579009410077,0.99784932419426,0.3132530120481928,0.2756640681930842,8,1,0.19999999999999996,31,2142,31.035058547356606,0.6325824516735652,0.9976009278418211,28.26710774523875,0.2963178888251258,0.2883793237465993,4142,31.52278088111298,0.6870625071573311,0.9986884340930747,30.878469526590205,0.19265161497731853,0.3238834951456311,-0.3582342372656022,-0.08577164011293092,-0.48058749351857344,-0.05709931105350807,True,0.5785271852240825,0.18989242808015327,0.44659498207885306,28.13431665120845,0.9994401371483755,7806
7807.png,0.5636833046471601,0.6588342996643272,0.7943340691685062,0.6659469463294263,0.9840474020054695,0.9978913774379751,28.37630470880945,0.9960232794977519,28.642912401221793,0.44017225469086435,0.40547945202980573,0.5939095306741415,31.233584869191823,0.5924852436519227,2489,5,13,35,22,2.0476190476190474,2.6,336,344,648.450972231937,4.388811270750704,0.038906546689228404,0.0002601943083243574,-0.3229187808505536,-0.00014511544322004521,-0.00036334742752464066,0.007239784755619205,584.3949317932129,5,13,-8,35,22,2.0476190476190474,2.6,5,0,336,344,279,1.8850318960230699,4.388811270750704,648.450972231937,0.038906546689228404,44988,18.0747288067497,26.33025311370028,256x256,65536,sparse,Meijering,336,5,30,2362,31.69971209345388,0.6395919369757679,29.061676528436998,0.9963866269252766,0.43293246993524515,0.3559635789168587,14,4,0.0,40,2310,31.962797342632566,0.6782844191126431,0.9962496775363164,29.052259021082833,0.29882655679142767,0.39222941720629045,3594,32.10759682904107,0.6927624648409217,0.9977003534743909,31.090971924162687,0.22894841419643375,0.4090628853267571,-0.41876412721520495,0.04951587311294703,-0.4661272242620562,-0.047106693323845206,True,0.6827293233862564,0.40547945202980573,0.5634231103388357,28.699223489660003,0.9980364928811951,7807
7808.png,0.7974137931034483,0.4842962388522683,0.6525600835945664,0.48448409619860355,0.9992,0.9994491174787349,26.959607689655147,0.9978027823516799,27.828274360903524,0.4856477889837083,0.5379120324163,0.9736585380950724,30.26312929132578,0.5363232967641977,2408,6,20,44,24,2.088050314465409,3.3333333333333335,318,332,584.9159637118071,4.113560210983708,0.03128933739373246,0.007449635397355103,-0.20401405696023645,-2.766066298931502e-05,-0.00015377600507959777,0.0019394879751745697,570.7709789276123,6,20,-14,44,24,2.088050314465409,3.3333333333333335,6,0,318,332,250,1.7617950714211026,4.113560210983708,584.9159637118071,0.03128933739373246,45863,19.04609634551495,27.21594684385382,256x256,65536,sparse,Meijering,318,6,26,2407,30.63640725743503,0.5958119938618874,28.019671535317894,0.9979565583567594,0.48370830100853374,0.5542513273350398,5,2,0.0,31,2252,30.950187984165712,0.6404718031274342,0.9977762446877093,27.563647008085205,0.49338300763441045,0.4705197827773468,3792,31.233626210241358,0.6622453527796655,0.9987245694401655,29.998146732930564,0.42160601062199166,0.4716834755624515,-0.19139717441436943,-0.016339294918739755,-0.3732779661092529,-0.05948869709768978,True,0.5524647618955876,0.5379120324163,0.7899641577060932,27.163621746615384,0.9994767781417242,7808
7809.png,0.6831875607385811,0.5389937106918239,0.7004495300367798,0.5491829541813521,0.9667230682459109,0.9988156216354874,27.60240619875256,0.9963276491069917,28.05605285099918,0.5368891727882465,0.538527739144044,0.726485820198958,31.379271742254122,0.6135890060527278,2461,4,23,46,17,2.1176470588235294,5.75,323,342,637.5610705398548,4.570393680788046,0.023975210583706736,0.001017018102922207,-0.7681346351562901,-0.0003152967403854401,-0.0007672171280224127,-0.0025550942190993853,601.5808582305908,4,23,-19,46,17,2.1176470588235294,5.75,4,2,323,342,260,1.864213656549279,4.570393680788046,637.5610705398548,0.023975210583706736,44752,18.18447785453068,26.629825274278748,256x256,65536,sparse,Meijering,323,4,31,2420,32.035319021124806,0.6597988971710416,28.90678714869479,0.9970948662350141,0.5394442670073459,0.6455340034742109,7,12,0.0,43,2420,32.32471639053325,0.7017782522901848,0.9970618852583062,29.028260468957058,0.4600958398416116,0.5318471337579618,3671,32.47892627048994,0.7082455619441116,0.9982645989555804,31.366636794528844,0.6237494495763043,0.5308405241291148,-0.8507342976956096,-0.10700626433016691,-0.6560472788706839,-0.04620989111831375,True,0.7412777017403599,0.538527739144044,0.6821705426356589,28.37054083390885,0.9991309183758729,7809
7810.png,0.5778508771929824,0.5552094150224991,0.7139995548631204,0.5755292429135271,0.94021101992966,0.9985373710557643,27.99347899210413,0.996324917956475,28.562501305471546,0.4154451197711834,0.2729427090895812,0.3905844996453989,30.901429604280438,0.569381566970408,2511,5,21,47,21,2.086720867208672,4.2,369,385,761.9003316775123,4.084552033806881,0.03398013773150635,-0.002615271530657992,-0.6278636933671109,-0.0002795929203390779,-0.00047643052767554206,0.005685521636988933,676.9142150878906,5,21,-16,47,21,2.086720867208672,4.2,5,1,369,385,301,1.9789619004610666,4.084552033806881,761.9003316775123,0.03398013773150635,45204,18.002389486260455,26.099561927518916,256x256,65536,sparse,Meijering,369,5,30,2461,31.407965691309762,0.6268739917701521,29.07498434649131,0.9968013484841506,0.4097595981341945,0.3127107212090279,12,3,0.0,38,2394,31.73510679690761,0.6679160419079389,0.9967069211512929,28.882819563101975,0.2702111257309432,0.36877909058360187,3763,31.899208572195008,0.6886211967740942,0.9977525669975819,30.92216689779349,0.17560331268813212,0.3881932021466905,-0.5124830410197632,-0.039768012119446694,-0.5065360870293247,-0.057492424799744146,True,0.6988057880877979,0.2729427090895812,0.5804661487236404,28.62134268547124,0.9988169639761034,7810
7811.png,0.6617008069522036,0.4980392156862745,0.6649214659685864,0.5050614605929139,0.9728412256267409,0.9988997551226075,28.148902496624636,0.9968860757233553,28.983987472530394,0.4450054093040029,0.29707143018928184,0.48139362427978905,31.72665797335064,0.6114131377543813,2262,4,15,34,18,2.0718954248366015,3.75,306,317,600.8545741795829,4.46355995944902,0.0312504915604644,0.009473084179926317,-0.8723293408442458,-0.00023440317870737637,-0.0005352034259755722,-0.0006035534715663204,597.5155830383301,4,15,-11,34,18,2.0718954248366015,3.75,4,0,306,317,254,1.895440297096473,4.46355995944902,600.8545741795829,0.0312504915604644,44528,19.68523430592396,28.97259062776304,256x256,65536,sparse,Meijering,306,4,31,2262,32.137647342750306,0.652426178991642,29.716358318620678,0.9974212791493309,0.4456089627755692,0.4300588802778097,9,4,0.0,41,2254,32.35078841499436,0.6926366541467144,0.996973368971868,29.235376362551104,0.39709762849615793,0.434971098265896,4083,32.734556179588964,0.7263068250746927,0.9983446597492589,31.832935077659368,0.3045233872674846,0.44805194805194803,-0.7323708460902836,-0.13298745008852786,-0.41098936939966535,-0.04101304123726068,True,0.6171071140248879,0.29707143018928184,0.6522277227722773,29.021231837468882,0.9991341583013149,7811
7812.png,0.5963904840032814,0.36957276832233416,0.5396905909206188,0.3770375620127569,0.9491525423728814,0.9991601067332295,26.935999664157894,0.9967914668804921,28.48296642806502,0.29097345132743363,0.23151430728480504,0.4289234584744724,30.79520930368634,0.56261905263752,2613,11,28,62,37,2.092643051771117,2.5454545454545454,367,384,678.649308636999,3.8020447011864476,0.03630845080776606,0.03973208863520861,-1.1622284249548542,-0.00028178184387439575,-0.0005605368416281564,0.021306548421692995,603.9204597473145,11,28,-17,62,37,2.092643051771117,2.5454545454545454,11,1,367,384,268,1.767315907908847,3.8020447011864476,678.649308636999,0.03630845080776606,45260,17.32108687332568,25.08075009567547,256x256,65536,sparse,Meijering,367,11,30,2515,31.331287078383326,0.6230848944872045,29.14163628793183,0.9973520037221203,0.26966690290574064,0.22585803120775172,10,1,0.9545454545454546,40,2606,31.761625929082356,0.6774672052836129,0.9970394686053604,29.131393168518578,0.31613859078764417,0.25903614457831325,3610,31.808902931064893,0.681008469680659,0.9980676685219682,30.96447092644069,0.218598882835919,0.277462792345854,-0.6586698598668121,0.005656276077053324,-0.5360777746969845,-0.06046584184968451,True,0.5397566925069074,0.23151430728480504,0.5566583953680728,28.098228089112748,0.9994418885771039,7812
7813.png,0.5837349397590361,0.46024844720496894,0.630370055295619,0.47002854424357754,0.9567462879276953,0.9987144705813917,27.991530942391183,0.9965883892942613,28.465632274764086,0.33786346396965866,0.218598882835919,0.3260523597816848,30.11437371517042,0.5315111042952501,2994,11,35,79,44,2.117359413202934,3.1818181818181817,409,433,853.5132590794681,3.5287859264970702,0.046796855929878846,-0.012126289699271875,-0.8795570568804045,-0.0002872159744284897,-0.000667361493843166,-0.002447351127074615,639.0302181243896,11,35,-24,79,44,2.117359413202934,3.1818181818181817,11,1,409,433,286,1.9711622611535022,3.5287859264970702,853.5132590794681,0.046796855929878846,45839,15.310287241148965,21.889111556446228,256x256,65536,sparse,Meijering,409,11,32,2952,30.95222164263423,0.6178056255062622,29.34161195810441,0.9972557507881045,0.3403108150967333,0.29531191028128656,12,2,0.4545454545454546,36,2906,31.22731620610148,0.6706410804043135,0.9971302037652203,28.97285560307646,0.1584417111882268,0.34625078764965345,3097,31.066628285224652,0.6336510930499039,0.9974816325227909,29.896367416836597,0.2702111257309432,0.34400760938490804,-0.8759796833403222,-0.07671302744536757,-0.8378479274638089,-0.08629452121101211,True,0.670441038924811,0.218598882835919,0.595861229458308,28.871087999271587,0.9990016865558202,7813
7814.png,0.5747711088504578,0.4110207768744354,0.5825864276568502,0.41139240506329117,0.9978070175438597,0.9995538325702658,27.083640318635197,0.9979265375209032,28.041267367394735,0.2875226039783002,0.3385582345114958,0.6725235418459334,31.066662384206857,0.5707855814956404,2074,6,10,31,25,2.0278745644599305,1.6666666666666667,287,291,515.7521327173026,4.233409224486932,0.034022852716726275,-0.013881373419045717,-0.1758823221451209,-1.8237091514938797e-05,-0.0002551894955243883,-0.009041591320072317,566.9636726379395,6,10,-4,31,25,2.0278745644599305,1.6666666666666667,6,0,287,291,231,1.7723440986848864,4.233409224486932,515.7521327173026,0.034022852716726275,45252,21.81870781099325,31.59884281581485,256x256,65536,sparse,Meijering,287,6,26,1984,31.35797156468969,0.6080048902444667,28.318944192191104,0.9981817270164276,0.2965641952983725,0.34295318018494325,6,2,0.0,34,2036,31.618924097934308,0.6541401050606953,0.9981106419663519,28.220967672944862,0.3122196249249557,0.2780289330922242,4207,32.09694218382603,0.7040398663568723,0.9990167028431433,31.54043190035783,0.31954936379541243,0.28164556962025317,-0.27767682479636946,-0.004394945673447448,-0.29130918048283405,-0.037219308748826285,True,0.5034146962085904,0.3385582345114958,0.5886524822695035,27.259522640780318,0.9995720696617807,7814
7815.png,0.6962809917355371,0.6153846153846154,0.761904761904762,0.6225117625769092,0.9817351598173516,0.998945578668491,27.184292009767,0.9977701045886315,27.82880840755517,0.5488640461593941,0.42369088895439,0.6567540864867749,30.613742360968065,0.5655667940191762,2475,4,29,60,26,2.159235668789809,7.25,314,339,675.7226024682025,4.213562475268248,0.02960716006764319,-0.003356501791133004,-0.19112530846787834,-0.00014109327009059758,-0.000128216407529802,-0.0048818821793681355,579.8218250274658,4,29,-25,60,26,2.159235668789809,7.25,4,0,314,339,228,1.9932820131805356,4.213562475268248,675.7226024682025,0.02960716006764319,45618,18.43151515151515,26.47919191919192,256x256,65536,sparse,Otsu,314,4,27,2353,31.076426167785375,0.6175908966558519,28.033505638869475,0.9978983209961613,0.5537459283387622,0.44149963112577373,8,3,0.0,33,2294,31.333334133378848,0.6592537822957198,0.9977459148437426,27.678763470828606,0.49626970631103673,0.5421643141512849,3768,31.6496404651032,0.6794797875554915,0.9987296336388141,30.342642149708176,0.48055793741295183,0.5465074194715889,-0.20469723131430584,-0.01780874217138373,-0.46268380681731003,-0.05202410263667567,True,0.6451286679019725,0.42369088895439,0.6996374935266702,27.375417318234877,0.9990866719385816,7815
7816.png,0.6299052774018945,0.410201912858661,0.5817633760361718,0.4107839659453707,0.9965576592082617,0.9994831506220748,27.681960633890238,0.997314916184571,28.197876704824914,0.44031172511512573,0.3473189236693539,0.5510579771099116,30.074303186962513,0.525681887955529,2448,8,20,56,33,2.0725075528700905,2.5,331,343,660.7460361042699,4.007312214986795,0.04588167025624416,-0.027034224377464944,-0.16479653298041796,-3.6497723513218006e-05,-0.00032601673212628857,0.026689873394657504,614.9075031280518,8,20,-12,56,33,2.0725075528700905,2.5,8,0,331,343,242,1.9263732831028224,4.007312214986795,660.7460361042699,0.04588167025624416,45989,18.786356209150327,26.77124183006536,256x256,65536,sparse,Meijering,331,8,26,2316,30.60944072744565,0.5878439676815841,28.573784502530053,0.9976409329166973,0.4136218517204682,0.5751418795380754,5,2,0.0,31,2412,30.866643129649766,0.6388981689611117,0.997384660663337,28.20946596170794,0.3188685728204529,0.39759036144578314,3784,31.155701748609317,0.6619551399717821,0.9984514984389117,30.388573733296155,0.26736753226078414,0.40134608572440666,-0.37590779770513905,-0.22782295586872148,-0.535137540483138,-0.06216207972605514,True,0.6302765554559411,0.3473189236693539,0.6569395017793594,27.846757166870656,0.999519648345588,7816
7817.png,0.6975397973950795,0.46296985485671754,0.6329178326125667,0.46539468761690983,0.9888712241653418,0.9994914074862571,27.07095626527018,0.997983772193072,27.727968539471238,0.40388204553938034,0.4475173967041721,0.7274483602719809,30.483125265178952,0.548789900376913,2430,6,22,45,25,2.1,3.6666666666666665,320,336,553.1618083982537,4.402005423977971,0.024175607976380093,-0.0014397944416552066,-0.11842569958239935,-2.856649414773038e-05,-0.00019374109541248075,0.0024604218955344703,573.519229888916,6,22,-16,45,25,2.1,3.6666666666666665,6,0,320,336,250,1.6463149059471813,4.402005423977971,553.1618083982537,0.024175607976380093,45848,18.867489711934155,26.96954732510288,256x256,65536,sparse,Meijering,320,6,27,2356,30.93014600195258,0.6053124639612985,28.04782943287424,0.9981775132884845,0.40142162364384587,0.37410423327281905,7,0,0.9166666666666666,33,2280,31.145016469529757,0.6498199996888753,0.9980484681060837,27.81254197883382,0.5073715301998645,0.38645716423494203,3705,31.41814752750423,0.6665638623733591,0.9987440366581303,30.22592743330748,0.45483493938916475,0.39454001495886315,-0.3198608934030034,0.07341316343135307,-0.4470207367736272,-0.056522563584385455,True,0.6151878554470214,0.4475173967041721,0.6989795918367347,27.18938196485258,0.9995199739804048,7817
7818.png,0.6948748510131109,0.5738993710691824,0.7292707292707293,0.5793650793650794,0.9838274932614556,0.9991299186024657,28.025645135796054,0.9968854992979781,28.54504772029277,0.5354174910961614,0.4146559913187361,0.7252661902685014,30.53223831949712,0.5473746870905315,2265,4,15,33,16,2.0718954248366015,3.75,306,317,756.1195612469646,4.567726501062805,0.021525883997452543,0.005824639276873711,0.2386339244405633,-1.14966919553261e-05,5.298546423182504e-05,0.016369872048542344,677.3185729980469,4,15,-11,33,16,2.0718954248366015,3.75,4,1,306,317,257,2.385235208980959,4.567726501062805,756.1195612469646,0.021525883997452543,45638,20.14922737306843,28.93421633554084,256x256,65536,sparse,Otsu,306,4,25,2123,30.849557906235763,0.5946160018771353,28.48515829364677,0.9968325138337463,0.5190476190476191,0.4015027407342352,9,4,0.0,32,2144,31.102726809264013,0.6418460966161579,0.9963228051342132,27.834598827935096,0.4159553115586172,0.5206349206349207,4019,31.55092850504893,0.6823391535505988,0.9981648971515449,30.877489787236367,0.4242029361095355,0.5115079365079365,0.059889426646002164,0.013153250584500897,-0.31731958673864114,-0.04724131478660376,True,0.5717293827873404,0.4146559913187361,0.6890502117362372,27.78701121135549,0.999141415294421,7818
7819.png,0.7142857142857143,0.4389850986709625,0.6101315421214665,0.43933897621926643,0.9981684981684982,0.99953112471737,27.520314166677828,0.9976730703709763,28.38409490565949,0.42506043513295727,0.4709470018835131,0.7516381844030715,30.818807031594098,0.5600357888515464,2147,4,11,26,16,2.0472972972972974,2.75,296,303,518.8516581499189,4.574039094351433,0.020780537410428755,0.00970306289455225,-0.011784272874734825,3.22051175150051e-06,-0.0002171897264635625,0.025624723726266396,597.3713397979736,4,11,-7,26,16,2.0472972972972974,2.75,4,0,296,303,254,1.7123817100657366,4.574039094351433,518.8516581499189,0.020780537410428755,45422,21.156031672100607,30.524452724732186,256x256,65536,sparse,Meijering,296,4,26,2119,31.139081534342377,0.6065094968645793,28.668665753277878,0.9978902600974399,0.3994357114066909,0.40249940538176254,8,3,0.0,32,1884,31.347111036577214,0.6377518181823818,0.9975322433930767,28.12915846762211,0.3655520320517718,0.39685737308622077,4048,31.847288544039355,0.6950444202081025,0.9987576280617939,31.060150286584644,0.23814573891016244,0.4179766223297058,-0.2845708476183866,0.06844759650175058,-0.32027450274827984,-0.046473708013032966,True,0.6265607730633391,0.4709470018835131,0.704582651391162,27.532098439552563,0.9995279042056185,7819
7820.png,0.7564018384766907,0.49550197912918315,0.6626564003849855,0.49819102749638206,0.9892241379310345,0.9990385978757806,28.37050657486634,0.9972633884216849,28.960657989215925,0.45995670995670995,0.5480960918257352,0.7843325014887719,31.508453085779074,0.6003641219480743,2427,4,32,66,27,2.1671641791044776,8.0,335,363,666.5094505577413,4.312602048133736,0.03511741232720065,0.0010685051433574344,-0.30286707576036065,-0.00010683528482602345,-0.00033407992535439135,0.01096973455873601,653.0246734619141,4,32,-28,66,27,2.1671641791044776,8.0,4,1,335,363,242,1.8361141888642973,4.312602048133736,666.5094505577413,0.03511741232720065,44712,18.42274412855377,27.00288421920066,256x256,65536,sparse,Meijering,335,4,30,2372,31.82421648728688,0.6454804293214732,29.339218017996455,0.9975974683470393,0.44898697539797394,0.7458930404471997,4,3,0.0,41,2404,32.20207347104281,0.6913242932821136,0.9974829590135317,29.079955421531864,0.4310712088208781,0.4478150957024196,3773,32.38197279766498,0.7083509011406453,0.9984089939865536,31.119224072177488,0.4370392981132005,0.4604835799350415,-0.3785600287805302,-0.19779694862146457,-0.31576340150780524,-0.04511630737339889,True,0.6988057880877979,0.5480960918257352,0.7553333333333333,28.6733736506267,0.9991454331606067,7820
7821.png,0.6244925575101489,0.3347772277227723,0.5016226240148355,0.3368617683686177,0.9818511796733213,0.9992418630666967,28.241333699862704,0.9958725956305473,28.607584914577583,0.39357429718875503,0.31079893028761796,0.6223121746494831,30.184797090490754,0.5319296439209232,2877,11,31,77,46,2.096852300242131,2.8181818181818183,413,433,849.2059060194077,3.726822738497367,0.04330463320390386,0.008787206571997386,-0.44706218107731743,-0.00012368798515005608,-0.0007555875701121817,0.014532008631541082,641.6671276092529,11,31,-20,77,46,2.096852300242131,2.8181818181818183,11,1,413,433,290,1.9612145635552096,3.726822738497367,849.2059060194077,0.04330463320390386,45664,15.872088981578033,22.77928397636427,256x256,65536,sparse,Meijering,413,11,31,2811,30.959900528536885,0.6131786922387198,29.500780481643826,0.9966281832006595,0.37904228855721395,0.3219752101919423,14,6,0.0,38,2874,31.373521285813442,0.6704321372487124,0.9962786480477781,29.206305438996814,0.062293409128862276,0.34861828120255084,3089,31.173114751805173,0.6417569873824336,0.9970528882606919,30.150746448334182,0.09173238734984968,0.3753056234718826,-0.8931955670662433,-0.011176279904324349,-0.7751034380461306,-0.08124904831779656,True,0.49942608058837235,0.31079893028761796,0.6157053509381515,28.68839588094002,0.9993655510518468,7821
7822.png,0.6641221374045801,0.44879751745539176,0.6195448460508702,0.4501945525291829,0.9931330472103004,0.9994082207173366,27.635939840681566,0.9973547250217284,28.609869346561055,0.3943990665110852,0.4122352942326326,0.6680125457377358,31.773703984343065,0.6138606061487945,2277,4,13,34,19,2.0580645161290323,3.25,310,319,555.2423102775479,4.431454999985234,0.026057768609913178,0.023255264339564707,-0.24782307808932558,-2.2300145888776157e-06,-0.0002321590699390086,0.02280373577178557,564.7408962249756,4,13,-9,34,19,2.0580645161290323,3.25,4,0,310,319,257,1.7405715055722482,4.431454999985234,555.2423102775479,0.026057768609913178,44591,19.58322353974528,28.78173034694774,256x256,65536,sparse,Meijering,310,4,30,2236,32.110185471716015,0.6534684633180942,28.970485708023173,0.9975868840916674,0.3715953307392996,0.3311679001807648,9,6,0.0,42,2046,32.358149132248656,0.684970886867629,0.997691109993517,29.207323528516156,0.43823219154052084,0.36614785992217896,4116,32.75644252822055,0.7259393669900018,0.9986572859077889,31.8158131951894,0.29413645085433004,0.3649805447470817,-0.3606163614621174,0.0810673940518678,-0.33648148737295,-0.03960785716929971,True,0.6171071140248879,0.4122352942326326,0.6408668730650154,27.88376291877089,0.9994104507319255,7822
7823.png,0.7101077475628528,0.5422622747047856,0.7032037074350191,0.549433249370277,0.9764969222160045,0.9986852227457561,27.746563388011115,0.9964654753790938,28.32902441639718,0.48071495766698025,0.49796774536367927,0.8235549172711648,30.50277996221343,0.5532320361636874,2699,7,28,57,31,2.1163434903047094,4.0,361,382,709.1705750218532,4.066720604896545,0.03748950017785875,0.012433328958201595,-0.3629302574537334,-0.0001375526315832154,-0.0004050837991409484,0.01044128670126776,599.9531745910645,7,28,-21,57,31,2.1163434903047094,4.0,7,1,361,382,273,1.8564674738791924,4.066720604896545,709.1705750218532,0.03748950017785875,45584,16.889218228973693,24.281585772508336,256x256,65536,sparse,Meijering,361,7,29,2565,31.044855386139837,0.6174149525470808,28.688401637219894,0.9968705591782347,0.4702736709657125,0.5585885201924281,9,16,0.0,36,2614,31.344465767851815,0.6690284706241558,0.9964583116905615,28.32710587822367,0.24618529887446172,0.4482758620689655,3477,31.431679302040664,0.6617583800155059,0.9977219323827528,30.230084523878176,0.24068102528901025,0.485142320925868,-0.35937722082271506,-0.060620774828748836,-0.5420754239264056,-0.06418291638339335,True,0.6046563925739001,0.49796774536367927,0.6976744186046512,28.10949364546485,0.9988227753773393,7823
7824.png,0.720440881763527,0.2979256080114449,0.4590796362634335,0.2986733596271065,0.9916666666666667,0.9996074145063134,27.93282160905043,0.9970125765822381,28.676543746252495,0.313507703332139,0.28680471210171765,0.5510234776657988,30.814681337495983,0.5608032012800944,2630,9,39,94,47,2.157068062827225,4.333333333333333,382,412,780.4168179824621,3.5953428579874687,0.04792388041996674,-0.0032433287627887664,-0.32366038847467493,-6.21223864384346e-05,-0.0005750802905717389,0.004077800141031096,598.4187126159668,9,39,-30,94,47,2.157068062827225,4.333333333333333,9,1,382,412,241,1.894215577627331,3.5953428579874687,780.4168179824621,0.04792388041996674,45236,17.2,24.918631178707223,256x256,65536,sparse,Meijering,382,9,30,2584,31.34934354077845,0.6256731887291362,29.39991833000995,0.9975876568728098,0.3094299031911079,0.44233675368020875,5,0,0.2777777777777778,40,2586,31.77945919770267,0.6767622543395162,0.9976088052408805,29.412764229557755,0.37081713007363404,0.29042667622803875,3516,31.76145469268839,0.6779182198082963,0.9980003657867953,30.491130626353918,0.35963329215675377,0.3133739691645751,-0.7233745837574546,-0.1555320415784911,-0.5346622032824655,-0.06486998744904182,True,0.5204945410251058,0.28680471210171765,0.7236842105263158,28.256481997525103,0.9996695368927518,7824
7825.png,0.6509505703422053,0.26914600550964185,0.424137182548296,0.2693686242073339,0.996938775510204,0.9995255296839164,28.361655485691717,0.995794749855761,28.641513253243826,0.32362637362637364,0.22430819795352397,0.37928826518232855,30.078318987374235,0.5348642837354775,3425,18,50,117,67,2.1282565130260522,2.7777777777777777,499,531,1019.1577305617063,3.2766950323968707,0.048443411866379786,-0.03619575140395481,-0.4720923215017301,-4.8742093498366224e-05,-0.0010216809977189323,0.019134778145524944,675.4717826843262,18,50,-32,117,67,2.1282565130260522,2.7777777777777777,18,1,499,531,315,1.919317760003209,3.2766950323968707,1019.1577305617063,0.048443411866379786,45669,13.334014598540145,19.134598540145987,256x256,65536,sparse,Meijering,499,18,35,3331,31.11156781734242,0.6316681035663971,29.711670611771677,0.9968164308534799,0.3044915954808487,0.37984000499724146,9,1,0.75,40,3232,31.46432777005792,0.6860660088167841,0.9964986774406366,29.463428073381905,0.18835778039791418,0.27782357790601814,606,30.373753147894647,0.5369438495839842,0.9953372036198556,28.10455243259298,0.4598994753556295,0.31063947078280046,-1.070157358527851,-0.1555318070437175,-1.0332488299681835,-0.09680381983091968,True,0.5913924013591516,0.22430819795352397,0.6871463217461601,28.833747807193447,0.9995742717774148,7825
7826.png,0.718187461204221,0.48825797406239047,0.6561469618464437,0.4887719298245614,0.9978510028653295,0.9992226601176719,27.877650243988775,0.9970277330858457,28.33444323677895,0.4746769123297241,0.37915055537949294,0.5391098452779842,30.23546159247536,0.534042628911235,2461,4,27,56,26,2.136498516320475,6.75,337,360,714.6570527866378,4.222018981192162,0.0388527396601344,-0.007972332610212018,-0.05205855927030001,1.2588230397958533e-05,-0.0002220663526453226,0.025010128745016957,624.8061656951904,4,27,-23,56,26,2.136498516320475,6.75,4,0,337,360,255,1.9851584799628788,4.222018981192162,714.6570527866378,0.0388527396601344,45839,18.626168224299064,26.629825274278748,256x256,65536,sparse,Meijering,337,4,27,2401,30.741345022443713,0.5977065492421689,28.650433697483187,0.997249799438491,0.44966678358470713,0.458005811540813,8,2,0.0,31,2456,31.00862335407782,0.6468186650241963,0.9968812801921607,28.131748492437833,0.40547945202980573,0.4337771548703574,3731,31.25764435051351,0.663617647258531,0.9979634123067173,30.049144182181756,0.28585315081796947,0.4569327731092437,-0.31599046070423853,-0.07885525616132005,-0.5058834299683532,-0.06366392033093393,True,0.7032899857059547,0.37915055537949294,0.726159793814433,27.929708803259075,0.999210071887274,7826
7827.png,0.7009213323883771,0.42452830188679247,0.5960264900662252,0.42499091899745733,0.9974424552429667,0.9994739119644018,27.53691112767994,0.9973315335876739,28.464551023843075,0.44569560479476933,0.5415939886947765,0.9416702347075772,31.36553879860381,0.59481102356421,2313,4,9,20,14,2.0308641975308643,2.25,324,329,577.2651487325577,4.769444035895077,0.040249414505142946,-0.005546329303165232,-0.08725720975288453,-9.337443988122196e-06,-0.00018209985999972922,-0.00036324010170724064,611.5343570709229,4,9,-5,20,14,2.0308641975308643,2.25,4,0,324,329,290,1.754605315296525,4.769444035895077,577.2651487325577,0.040249414505142946,44902,19.412883700821443,28.333765672287072,256x256,65536,sparse,Meijering,324,4,29,2293,31.69460239157199,0.639301050083714,28.720081155738857,0.9975136334476736,0.44605884489647657,0.5000930677240176,6,0,0.75,40,2274,32.03754070043948,0.6808373104340943,0.9974615780469116,28.770492752418907,0.29999420588557435,0.4384308027606248,3901,32.29736755606021,0.7064895202945286,0.9986470249546993,31.555598365454678,0.4011399051834982,0.43137254901960786,-0.25553013189578166,0.04150092097075886,-0.3290635929681791,-0.044490026519503956,True,0.5751418795380754,0.5415939886947765,0.7064676616915423,27.624168337432824,0.99948324940839,7827
7828.png,0.6446540880503144,0.4578550344375205,0.6281214848143982,0.46087817761637506,0.9858757062146892,0.9992693649764965,27.501433743445,0.9969239200592847,28.14537636177024,0.3944591029023747,0.2572036276998775,0.4346118248701368,30.596318823065953,0.5579622820848186,2720,8,21,53,33,2.0675324675324673,2.625,385,398,694.3419968928671,4.161487227291256,0.03384469377281978,-0.0027410834871697265,-0.2957571250430533,-6.577102222238285e-05,-0.0004749962574581712,0.005882014754471088,625.9348392486572,8,21,-13,53,33,2.0675324675324673,2.625,8,0,385,398,299,1.7445778816403652,4.161487227291256,694.3419968928671,0.03384469377281978,45552,16.74705882352941,24.094117647058823,256x256,65536,sparse,Meijering,385,8,30,2623,31.157869902989642,0.6233508873515319,28.694180033222768,0.9973989163167428,0.3885770881479036,0.302323673928969,13,6,0.0,37,2660,31.480437102258094,0.6728753225101913,0.9970817409702977,28.372883581432884,0.36024287488827555,0.3579676674364896,3520,31.523668051302224,0.6673383030805279,0.9980446004052762,30.159004111544437,0.23527217602631467,0.37380402507423294,-0.5488036714525286,-0.04512004622909149,-0.5615510799236887,-0.0653886052667133,True,0.5918008047220773,0.2572036276998775,0.6473951715374842,27.79719086848805,0.9993351359987189,7828
7829.png,0.7987206823027718,0.6982189973614775,0.8222955913769664,0.6996034368803701,0.9971738106453132,0.9983845189254252,27.784959228322357,0.9965596884292603,27.913038622503407,0.6812212738017072,0.8083338073526087,1.111160322351245,30.83339446506317,0.5856120328306316,2434,4,6,16,13,2.0125786163522013,1.5,318,320,613.6138922965567,4.392373640207374,0.020034360122925216,-0.01571230738794982,-0.16205800025086958,-3.075270599961488e-05,-0.0002584117930487517,-0.013094654816931284,598.7274646759033,4,6,-2,16,13,2.0125786163522013,1.5,4,1,318,320,289,1.9175434134267377,4.392373640207374,613.6138922965567,0.020034360122925216,45275,18.601068200493014,26.925225965488906,256x256,65536,sparse,Otsu,318,4,28,2413,31.348058946114158,0.632378790682203,28.36029558938879,0.9968181002223091,0.6943159286186384,0.7172899128156853,6,20,0.0,38,2402,31.68959944646999,0.6775405476865388,0.9965546952845871,28.102479022156185,0.6225381270817016,0.691545574636724,3752,31.933559669070487,0.6923610649069558,0.9981840238394846,30.781637214411916,0.740389131467724,0.6785596299966964,-0.44725696688538363,0.09104389453692341,-0.514664481050989,-0.04676675785157147,True,0.7274682069659875,0.8083338073526087,0.8144329896907216,27.947017228573227,0.9984152716314248,7829
7830.png,0.5426241660489252,0.4565537555228277,0.6268958543983822,0.45790251107828656,0.9935897435897436,0.9992638595020349,28.02429392093318,0.99697528781632,28.7687743929905,0.30616008852821835,0.24421625854427453,0.41266631710472895,31.204579874048047,0.5817078652945498,2336,5,24,62,30,2.1158536585365852,4.8,328,347,672.6849298797829,4.112371875745494,0.03877041782416077,0.005766384961806814,-0.32462401615035574,-9.535321790943296e-05,-0.0003322828628659069,0.004830694141216896,584.8045349121094,5,24,-19,62,30,2.1158536585365852,4.8,5,0,328,347,236,1.9385732849561428,4.112371875745494,672.6849298797829,0.03877041782416077,44924,19.231164383561644,28.054794520547944,256x256,65536,sparse,Meijering,328,5,29,2272,31.58529675753909,0.6287511243684694,29.245159724827545,0.997307570679186,0.30132939438700146,0.2400825382389351,11,1,0.0,39,2270,31.918959621217432,0.6732728405018857,0.9972325106659697,29.01189387193847,0.1950081106235414,0.2555391432791728,3970,32.21687426194977,0.7053698507241932,0.9982427665597724,31.308912753926407,0.13713756167862456,0.3076070901033973,-0.4763853318370437,0.004133720305339428,-0.3807168834910435,-0.0470432590739196,True,0.5918008047220773,0.24421625854427453,0.5368577810871183,28.348917937083534,0.9993592127199443,7830
7831.png,0.6657584014532243,0.49841772151898733,0.665258711721225,0.507110276361685,0.9667519181585678,0.9981494116474648,28.20235639155911,0.995313636356146,28.551629432997586,0.44220572640509015,0.3029300852997888,0.41720037776898655,30.113611030438218,0.5365435637370116,3386,15,45,106,59,2.12396694214876,3.0,484,514,1003.4955804338059,3.4441362543046967,0.04706251861915844,0.0013128993113871168,-0.9792271535727828,-0.00043877143732229396,-0.0010947484083658754,0.03187382062350558,677.7698993682861,15,45,-30,106,59,2.12396694214876,3.0,15,1,484,514,319,1.9523260319723799,3.4441362543046967,1003.4955804338059,0.04706251861915844,45698,13.496160661547549,19.354991139988186,256x256,65536,sparse,Meijering,484,15,35,3361,31.096060951203977,0.6333828947072916,29.6630757170007,0.9964083847645119,0.41033190578158457,0.40802194514429135,14,11,0.0,40,3046,31.387712631040486,0.6800866222099057,0.9960289311130687,29.29841825927209,0.08383523416517413,0.43563843563843563,602,30.32798744841523,0.535355913038889,0.9940654307145255,27.793664648745487,0.43305897896307466,0.4216996258685195,-1.1114462840031152,-0.10509185984450253,-0.9824499207657595,-0.09683933097027997,True,0.7261021356685544,0.3029300852997888,0.6644455021418372,29.181583545131893,0.9985881830847871,7831
7832.png,0.6316622691292876,0.5496105655265832,0.7093531468531468,0.564914723285764,0.9530240751614797,0.9982552706354608,28.34897826635608,0.9959829366512509,28.87563666990175,0.4691485694588073,0.3305173305525042,0.5621300098463727,31.48585573780016,0.609721338191289,2304,5,19,40,22,2.0912052117263844,3.8,307,321,619.1431171812886,4.331020316782526,0.03685432770183385,0.010287403393519634,-1.0789412384648074,-0.0005089000622832129,-0.0008075085077964284,0.011598117127561647,599.0114212036133,5,19,-14,40,22,2.0912052117263844,3.8,5,0,307,321,245,1.9287947575741047,4.331020316782526,619.1431171812886,0.03685432770183385,44473,19.30251736111111,28.444444444444443,256x256,65536,sparse,Meijering,307,5,31,2292,32.14847765550877,0.65344003574219,29.91297647711385,0.9967904451590474,0.45755045233124564,0.394401746959424,13,15,0.0,42,2162,32.35494568705467,0.6883394181644564,0.9962167711070751,29.434280366835136,0.20738192445391546,0.47564766839378236,4038,32.722224380979526,0.7264897048931139,0.9978980479754237,31.805339297680764,0.11123469564423705,0.4595701125895599,-1.0373398072121027,-0.06388441640691978,-0.6626219177086092,-0.043718697550900965,True,0.5879731107806055,0.3305173305525042,0.621374865735768,29.42791950482089,0.998764170697744,7832
7834.png,0.6394523326572008,0.5537137392413134,0.712761592121461,0.5615906886517944,0.9752947782144863,0.998910503625849,27.822747107912456,0.9960083350048672,28.493095258200402,0.4670755326016785,0.32657901863651817,0.43858520468814644,30.58370225805796,0.5569704283703908,2545,4,26,53,26,2.1260744985673354,6.5,349,371,676.6834819587874,4.222490771110556,0.039838531825707284,0.022442023378850262,-0.7040245032287658,-0.00023199658833972236,-0.0003973995929530405,0.0286662212534729,617.3276901245117,4,26,-22,53,26,2.1260744985673354,6.5,4,0,349,371,270,1.8239446953067,4.222490771110556,676.6834819587874,0.039838531825707284,45472,17.867190569744597,25.750884086444007,256x256,65536,sparse,Otsu,349,4,29,2486,31.158714845152016,0.6184289392748485,29.081793294406964,0.9964057345978202,0.4384093113482056,0.36871635449307405,11,7,0.0,33,2290,31.335950449591024,0.6559461805786413,0.9959635497792924,28.54679781767144,0.3961590505468965,0.42372333548804136,3646,31.581592869600673,0.6748808356764561,0.9974132610979725,30.68854426513825,0.2753780896753242,0.4486765655261459,-0.5886980362065621,-0.04213733585655588,-0.5750125870940543,-0.06145851090445775,True,0.7446193240119223,0.32657901863651817,0.6170103092783505,28.52677161114122,0.9991425002141887,7834
7835.png,0.6037234042553191,0.4559889540904384,0.6263632053105738,0.4582032604925425,0.9895131086142323,0.9993242954420146,28.167633575334293,0.9953997342180594,28.957721838330315,0.37214137214137216,0.3572503645444688,0.5651617552299251,30.938422496924105,0.5706868444616213,2242,4,15,35,19,2.0716612377850163,3.75,307,318,658.4731516116434,4.643580086844752,0.019176922581090133,0.03600794597898538,-0.18795482306467903,-6.394384124308594e-05,8.811693665089493e-05,0.04019548244314114,673.0673313140869,4,15,-11,35,19,2.0716612377850163,3.75,4,0,307,318,253,2.070670288086927,4.643580086844752,658.4731516116434,0.019176922581090133,45256,20.185548617305976,29.231043710972347,256x256,65536,sparse,Otsu,307,4,27,2207,31.303018050685,0.615603530650582,29.236610780654853,0.9953116172814085,0.331945889698231,0.33368983257511364,10,1,0.0,34,2122,31.566950628375917,0.6569133697084029,0.995290315697302,28.744207784187047,0.2985077691437199,0.32778355879292403,4207,32.03944729907572,0.7061192496030709,0.9972620610953703,31.33008153759175,0.20612823302897965,0.3666319805757891,-0.27888894232453865,0.023560531969355147,-0.36459555376089625,-0.04491668618896072,True,0.6321205588285577,0.3572503645444688,0.5677154582763337,28.35558839839897,0.9993882392832577,7835
7836.png,0.7018696311268318,0.5260967018892091,0.6894670583298365,0.5277867009315772,0.9939503932244405,0.9992491918465014,27.668077491619087,0.9968397894224192,28.512343889667132,0.5464445868033312,0.6308922479772252,0.9456826597690217,31.06342658150733,0.586270773367912,2421,4,10,22,14,2.0365853658536586,2.5,328,334,560.7257043224711,4.716686154284129,0.017665919663036343,-0.01447900218931053,-0.16410288785115057,-4.7033045204369905e-05,-0.00018768805640156927,0.008378412694754256,641.6912078857422,4,10,-6,22,14,2.0365853658536586,2.5,4,0,328,334,292,1.6788194740193727,4.716686154284129,560.7257043224711,0.017665919663036343,45168,18.656753407682775,27.0698058653449,256x256,65536,sparse,Otsu,328,4,28,2364,31.379459397960268,0.6306833017176992,28.738514501233453,0.9970274774788208,0.5380661741085769,0.49112636551159305,9,1,0.0,38,2378,31.75260241198852,0.6769689624818612,0.9969868181329121,28.76970803983303,0.6441810814626581,0.5059428204304529,3879,32.02056979741359,0.6987052218810139,0.9982062201906146,31.215765663943905,0.42438007718301607,0.5237636480411046,-0.2261706115663209,0.13976588246563215,-0.3160328164529389,-0.04441252834978715,True,0.6671289163019205,0.6308922479772252,0.7163486333161423,27.832180379470238,0.9992962248917058,7836
7837.png,0.6615946439440049,0.43874172185430466,0.6098964326812428,0.44597778525748905,0.9643377001455604,0.9992696270560296,26.657580589316964,0.9967575038530875,27.617701500064527,0.4495812395309883,0.31508568659330294,0.5630870458105302,30.102247385923498,0.5332797470380202,2728,6,24,55,32,2.0980926430517712,4.0,367,385,761.8441256400623,4.321393607422832,0.03471716294577689,-0.018281517046707108,-0.8481968714078754,-0.0002167607375103131,-0.0006388627394581237,-0.0006206447220399869,650.1584053039551,6,24,-18,55,32,2.0980926430517712,4.0,6,0,367,385,280,1.978815910753402,4.321393607422832,761.8441256400623,0.03471716294577689,45922,16.83357771260997,24.023460410557185,256x256,65536,sparse,Meijering,367,6,28,2651,30.720275860605177,0.6052993371458435,28.287598665093547,0.9973963665925456,0.45020188425302826,0.38245293823532,10,4,0.0,34,2696,31.059694964375154,0.6604573486673723,0.997154750430783,28.039846136659786,0.49674922107127684,0.4160780356542213,3549,31.13671750867791,0.653215318600807,0.9981912587342592,29.845992111611487,0.29794954196734647,0.43495798319327733,-0.6698971650290204,-0.06736725164201707,-0.6180284746816795,-0.07201959010782333,True,0.5595683454940007,0.31508568659330294,0.679876160990712,27.50577746072484,0.9994863877935399,7837
7838.png,0.5504284772577456,0.432840616966581,0.6041713388652165,0.4374797012016889,0.9760869565217392,0.9987681933581645,27.882087550375836,0.9967773392205374,28.44579681769194,0.3139798897178073,0.2192497791890743,0.3303031441884116,30.424015964941557,0.5463926191304562,2740,10,20,59,39,2.0539083557951483,2.0,371,381,739.5669209090127,3.7190741869317234,0.042753321955048794,0.004193338552329506,-0.41889587740702083,-0.0001448985486648402,-0.000552539579009359,0.0018655668857189833,636.4548206329346,10,20,-10,59,39,2.0539083557951483,2.0,10,1,371,381,273,1.9411205273202405,3.7190741869317234,739.5669209090127,0.042753321955048794,45687,16.674087591240877,23.91824817518248,256x256,65536,sparse,Meijering,371,10,30,2675,31.055360430842867,0.6171653681731563,29.11189193052519,0.9973298787995467,0.31211432283208834,0.2959522447121894,11,1,0.95,36,2688,31.30613101444174,0.6661835786687355,0.996872930905451,28.50746866116161,0.19184386278351162,0.3029220779220779,3200,31.290152258567005,0.6487448265170731,0.9978435519046969,29.863450181157113,0.21254367364814475,0.31645569620253167,-0.6660951128332506,-0.0767024655231151,-0.6313444659013108,-0.07077274904270003,True,0.6637835062932667,0.2192497791890743,0.5462351387054161,28.300983427782857,0.9989130919068293,7838
7839.png,0.6096385542168675,0.5617798967024236,0.7194098193843806,0.5699314792422411,0.9751724137931035,0.9986614253785341,27.854985700616815,0.9968249821068275,28.559785719802193,0.48714859437751,0.41491608640829314,0.7635218987324457,31.48373087776523,0.5991036739406936,2090,4,13,33,22,2.064516129032258,3.25,279,288,584.9558853922322,4.489010616869909,0.03341529389077,0.022177739169845556,-0.3604103441326174,-0.00014787577077435277,-0.00033056291440047847,0.05103412440572447,636.056661605835,4,13,-9,33,22,2.064516129032258,3.25,4,0,279,288,224,2.0310968242785807,4.489010616869909,584.9558853922322,0.03341529389077,44749,21.411004784688995,31.356937799043063,256x256,65536,sparse,Otsu,279,4,27,1966,31.80581270829474,0.6319496928610095,28.94677677881374,0.9971555450212279,0.43611446997178555,0.3182395458429622,13,5,0.0,38,2048,32.08138674960014,0.6751426720906029,0.9970674251870633,28.775856856965202,0.35853457917268017,0.40548166062071744,4423,32.593181884734655,0.7289430918553687,0.9983935384188573,31.70300549421656,0.2544524496430073,0.42351046698872785,-0.38699105901154596,0.09667654056533093,-0.32208183052951256,-0.03284601892031591,True,0.5434239503766853,0.41491608640829314,0.587460815047022,28.215396044749433,0.9988093011493084,7839
7840.png,0.5496264674493063,0.3326645264847512,0.49924721469436917,0.33413945989520355,0.986904761904762,0.9995785679803472,28.274511695636914,0.997012015562636,29.028726258238148,0.2461724415793715,0.2357718348285095,0.41646565486979104,31.36394700970547,0.5857869300972752,2203,7,18,47,29,2.0694006309148265,2.5714285714285716,317,328,590.6037601101103,4.205848012436828,0.03387867203008501,0.0016221524547000987,0.04556328647211316,9.287922898559842e-06,-0.0005269778383424351,0.006349789422982921,598.04368019104,7,18,-11,47,29,2.0694006309148265,2.5714285714285716,7,0,317,328,241,1.800621219847894,4.205848012436828,590.6037601101103,0.03387867203008501,44784,20.3286427598729,29.748524738992284,256x256,65536,sparse,Meijering,317,7,29,2149,31.785346139659385,0.631228368960272,29.580881340463115,0.9975389934009784,0.23982265215638857,0.23065995974327203,9,1,0.3571428571428572,41,2200,32.10389128050868,0.6746054336776128,0.9974161987861895,29.49937381993721,0.23662050566314685,0.2184602982668279,4099,32.43449599985198,0.7154555467453301,0.9984621123691855,31.884038581857155,0.15677910068702927,0.2494961708988311,-0.5521550822249672,0.005111875085237472,-0.42139912995391526,-0.045441438862996786,True,0.5661255185670091,0.2357718348285095,0.5480043149946062,28.2289484091648,0.9995692800574486,7840
7841.png,0.5720430107526882,0.4494931842013282,0.6202073788280685,0.45106980007015085,0.9922839506172839,0.9993113031259525,28.174776743147,0.9971338219461308,28.8793094092704,0.312784588441331,0.24522329869026038,0.36486962281891133,31.13009420392039,0.5802047256607872,2410,4,28,63,29,2.1407624633431084,7.0,341,365,646.0750015409737,4.232095718733376,0.036881681174274636,0.00308994216063041,-0.25361305477120055,-3.1741251791839176e-05,-0.00047643431958299676,0.0051732240077989045,628.995418548584,4,28,-24,63,29,2.1407624633431084,7.0,4,0,341,365,249,1.7700684973725267,4.232095718733376,646.0750015409737,0.036881681174274636,45046,18.691286307053943,27.19336099585062,256x256,65536,sparse,Meijering,341,4,29,2371,31.503241138606796,0.6284710166339953,29.4157376789939,0.9976102562657138,0.3076113644335321,0.302323673928969,11,1,0.0,40,2370,31.887437428905816,0.6742063333473721,0.9974607859650291,29.30450621743095,0.25689882820792853,0.2717391304347826,3684,32.059304415879865,0.6925648796289007,0.998323997109554,31.251408954667728,0.19893900145093446,0.31837307152875177,-0.5364282697234977,-0.05710037523870859,-0.3731469346864067,-0.048266290973208115,True,0.6720847211004115,0.24522329869026038,0.5689530685920577,28.4283897979182,0.9993430443777443,7841
7842.png,0.7217888715548622,0.4996998799519808,0.6663998399039424,0.5050045495905369,0.9794117647058823,0.9988382178635004,28.033231310599373,0.9964251193618805,28.423040448595764,0.48098974049487025,0.2474951416395239,0.42092935391372593,29.981267635469354,0.5304004337402427,2807,8,29,74,41,2.1068702290076335,3.625,393,414,786.2574783883085,3.526371143246425,0.047230646856707276,-0.0026460046561174178,-0.5688504954041527,-0.00019701420800388725,-0.0007348414025205585,0.02614125564638542,594.4950580596924,8,29,-21,74,41,2.1068702290076335,3.625,8,0,393,414,278,1.8991726531118513,3.526371143246425,786.2574783883085,0.047230646856707276,45864,16.33915211970075,23.347345920912005,256x256,65536,sparse,Meijering,393,8,30,2768,30.807847870748468,0.6100912966903537,29.229135406183772,0.997159960764401,0.45484848484848484,0.36188117648890894,13,3,0.0,33,2596,31.02832520204863,0.6533727021439615,0.9966230158612696,28.50805698773335,0.08950441951235089,0.43989314336598395,3269,31.038509392104885,0.6416068186294164,0.997572199434161,29.940616435172977,0.10467762369286171,0.44358440011908307,-0.8060949575880088,-0.11438603484938503,-0.8265802352791134,-0.07969086295011096,True,0.5879731107806055,0.2474951416395239,0.7244348762109796,28.602081806003525,0.9990352320715042,7842
7843.png,0.742142398973701,0.4906315058986815,0.6582867783985102,0.4911427579020493,0.9978828510938603,0.9990703035595255,28.180847754373847,0.9969785932817198,28.995085597137006,0.45069444444444445,0.5934303402594009,1.0111735165641784,31.74705643912748,0.6139323880186817,2245,5,5,11,13,2.0,1.0,301,301,522.9779673042947,4.63881943471408,0.017760834118032927,-0.002457346896692858,0.009923922200339774,-2.8585532036662364e-05,-0.0002325107940718274,-0.01092417313110261,544.4118976593018,5,5,0,11,13,2.0,1.0,5,0,301,301,277,1.737468329914598,4.63881943471408,522.9779673042947,0.017760834118032927,44494,19.81915367483296,29.191982182628063,256x256,65536,sparse,Meijering,301,5,30,2229,32.08553436259423,0.653902842425795,29.222058668235093,0.9972111040757916,0.46161861757554706,0.6750227177939361,5,8,0.0,42,2220,32.34155260666164,0.6925967417236762,0.997034990308915,29.115506901252367,0.5389670273172871,0.46877168632893823,4170,32.724458545014635,0.7287218042588963,0.9982971064662006,31.608948341050564,0.3623718483782268,0.4500346981263012,-0.22697307109808662,-0.08159237753453519,-0.3384779234667512,-0.03997045440711333,True,0.5868729061217817,0.5934303402594009,0.7445997458703939,28.170923832173507,0.9990988890915622,7843
7844.png,0.6854005167958657,0.5576923076923077,0.7160493827160495,0.5637910085054678,0.9809725158562368,0.9990792518228268,28.076017114401694,0.9972454656532346,28.296131142462308,0.480777013354917,0.4380619330758565,0.6323783569039619,30.175951347621375,0.52424062795436,2130,4,14,33,19,2.0696864111498257,3.5,287,297,551.4484891221164,4.6314121061085824,0.026981783766422685,0.02984496124031011,0.25178971300798025,1.1362014510019058e-05,-0.00010441359414703477,0.02958219764005271,597.1083641052246,4,14,-10,33,19,2.0696864111498257,3.5,4,0,287,297,235,1.8567289196030832,4.6314121061085824,551.4484891221164,0.026981783766422685,45957,21.57605633802817,30.76807511737089,256x256,65536,sparse,Meijering,287,4,24,2051,30.554927761638467,0.5748358103096426,28.293147286125098,0.9973498792473816,0.4511948157148643,0.4097875530225752,11,7,0.0,29,2116,30.81535293009761,0.6236018535616344,0.9968884404887209,27.771070542911446,0.21533625242127752,0.4913689281413087,4310,31.35981379846293,0.6875313768531772,0.9984336438095082,30.69337608426956,0.1234172223328156,0.4655035685963521,0.002983856337209545,0.02827438005328131,-0.37897641401709237,-0.0505951823552826,True,0.6927212613988687,0.4380619330758565,0.6555555555555556,27.824227401393713,0.9990678898083167,7844
7845.png,0.5660189337319382,0.5461654135338346,0.7064773390390975,0.5506367495451789,0.9853499728703201,0.9984168520087207,28.26773077027181,0.9959754805290724,28.971511952584805,0.3937556835404668,0.2851726869826413,0.48054955676514,31.55992866396285,0.6094159468669256,2583,6,12,29,22,2.033426183844011,2.0,359,365,667.8351694084399,4.593447300384968,0.027196627289068062,-0.007481066268061776,-0.5764030171172507,-0.0003147385764865618,-0.0006604951601947295,-0.0016354626087144997,617.7370548248291,6,12,-6,29,22,2.033426183844011,2.0,6,0,359,365,308,1.8296853956395582,4.593447300384968,667.8351694084399,0.027196627289068062,44652,17.286875725900117,25.372048006194348,256x256,65536,sparse,Meijering,359,6,32,2527,32.02889818004109,0.6594597242896871,29.494491445204844,0.9966359756892671,0.3953911461491813,0.3013928183950896,15,2,0.0,43,2530,32.348715645916414,0.702486030912621,0.9968179447774332,29.627224779118222,0.29671987802365907,0.3873901182176417,3653,32.45496802491451,0.7095068302976225,0.9977442418934569,31.30529744209727,0.20829895635399243,0.39545454545454545,-0.5229794926200384,-0.01622013141244827,-0.4689695160782392,-0.05004377742276156,True,0.5934303402594009,0.2851726869826413,0.5735,28.84413378738906,0.9987315905852072,7845
7846.png,0.536144578313253,0.4225402504472272,0.5940643863179075,0.42867513611615243,0.9672399672399672,0.9992110593478233,27.878767880088272,0.99702788332068,28.399509258615495,0.29071867100036114,0.1803590405086778,0.26212030328084307,29.875913551032678,0.5149657246763318,2481,4,26,54,24,2.1264367816091956,6.5,348,370,645.0082078408402,4.035149138891834,0.033435486828060634,-0.023242394866823557,-0.41633800515434416,-0.00017812773993164388,-0.0005367148704708002,-0.00474412391796919,617.5236701965332,4,26,-22,54,24,2.1264367816091956,6.5,4,1,348,370,270,1.743265426596863,4.035149138891834,645.0082078408402,0.033435486828060634,45971,18.529222087867794,26.41515517936316,256x256,65536,sparse,Meijering,348,4,27,2480,30.56167500408062,0.58840926863104,29.17379128533593,0.9975645981911508,0.29546279491833033,0.28693437218460716,11,1,0.125,30,2464,30.8296297450496,0.6349297125812483,0.9969934759664136,28.412894605369562,0.31099034844211915,0.2424791591156216,3789,31.124840059998526,0.6607256945356945,0.9980569045532947,30.2104477556828,0.1223666029708651,0.30356499819949584,-0.7742820267204351,-0.10657533167592936,-0.6857614530479417,-0.0734435439547082,True,0.6880773379673533,0.1803590405086778,0.5593869731800766,28.295105885242616,0.9993891870877549,7846
7847.png,0.6898184688239937,0.4158050221565731,0.5873761085028691,0.4175009269558769,0.990325417766051,0.9995504780311151,27.50212284943688,0.9978563028176436,28.330496994047824,0.37175685693106003,0.3283379723379902,0.5831130367959764,30.37299083556811,0.5392191562902127,2237,4,15,36,19,2.072607260726073,3.75,303,314,537.6863430731032,4.639798345738905,0.02672019641734851,5.215133809521877e-05,0.26051503651671126,8.007375278396012e-06,2.240304687695094e-05,0.015805800201360354,582.3218822479248,4,15,-11,36,19,2.072607260726073,3.75,4,0,303,314,248,1.7123768887678432,4.639798345738905,537.6863430731032,0.02672019641734851,45828,20.486365668305766,29.296379079123827,256x256,65536,sparse,Meijering,303,4,25,2175,30.716643234603808,0.5900581229604598,28.160858710076354,0.9978338997707666,0.3559510567296997,0.42057224147892946,7,0,0.625,29,2088,30.958657472310787,0.630577918596501,0.9975929169178611,27.742880074553998,0.39519981175012175,0.3307378568780126,4109,31.440854609917107,0.6822387437151602,0.9986520871794129,30.661565222557723,0.41433070985520626,0.35446792732665927,0.1696382839714694,-0.09223426914093924,-0.34365239903569744,-0.05083896667024712,True,0.5630777424255589,0.3283379723379902,0.6897663174858985,27.24160781292017,0.9995424706558367,7847
7848.png,0.5710503089143866,0.5963133640552996,0.7471131639722864,0.6037325038880249,0.9798081776880363,0.9987256698562608,27.67823844177179,0.9966025371998876,28.060793976487986,0.48789571694599626,0.3289347399821102,0.4204289275273225,30.17154721469685,0.5447912559068074,2718,4,19,43,19,2.0854700854700856,4.75,351,366,655.3278747791801,4.438221081029996,0.026451455631860167,0.006354888727636898,-0.4238752509300383,-0.00016353720518824666,-0.00043833025039419216,0.009513135297473718,633.7001323699951,4,19,-15,43,19,2.0854700854700856,4.75,4,1,351,366,289,1.7905133190687943,4.438221081029996,655.3278747791801,0.026451455631860167,45876,16.87858719646799,24.111846946284032,256x256,65536,sparse,Otsu,351,4,29,2707,30.833521141875984,0.6140732522636897,28.67369856239278,0.9970408674502818,0.47838258164852254,0.3055991436077182,17,7,0.0,32,2510,31.01457048598602,0.654815784059269,0.9964508628271085,27.931717417232036,0.3648195542020304,0.46766169154228854,3403,31.13352513702495,0.6496905497714817,0.9977525751704048,29.8443850260603,0.28551299990790335,0.4858475894245723,-0.6129045859047935,0.023335596374391976,-0.6619739271791332,-0.06928199635688226,True,0.7823789431347671,0.3289347399821102,0.5646954201867497,28.102113692701828,0.998889207061449,7848
7849.png,0.614065180102916,0.2893136403127715,0.44878706199460916,0.29313380281690143,0.9568965517241379,0.9992742983130477,27.371554112945606,0.9959145706076997,28.59404696088059,0.2415204678362573,0.15484504870101,0.40185245886128645,31.091284979276075,0.585285391977787,3330,19,67,138,70,2.200836820083682,3.526315789473684,478,526,1017.4866158699115,3.35484947644517,0.04618282453968363,-0.004518890693544164,-1.074688399701941,-0.00024378118918932934,-0.001178582858597399,0.011180092249402834,698.845624923706,19,67,-48,138,70,2.200836820083682,3.526315789473684,19,5,478,526,270,1.9343852012735911,3.35484947644517,1017.4866158699115,0.04618282453968363,44905,13.484984984984985,19.68048048048048,256x256,65536,sparse,Meijering,478,19,39,3321,31.997069569476302,0.6655488929266624,29.894048864611126,0.9970931534662971,0.23034037558685447,0.2357718348285095,9,1,0.33684210526315783,47,3122,32.31571818259664,0.7136122650631067,0.9971726576112125,30.034317480107482,0.22508350203891914,0.2244718309859155,603,31.207614606692196,0.5870637471876796,0.9958099156661655,28.07851496718355,0.29999420588557435,0.24119718309859156,-1.3000019037305357,-0.08092678612749948,-0.9057845902002271,-0.08026350094887547,True,0.38532811057020366,0.15484504870101,0.6185840707964602,28.446242512647547,0.999518079502237,7849
7850.png,0.7470892626131953,0.5516686771210294,0.711065042757191,0.5550161812297735,0.989185291997116,0.9988514098784865,28.022071308316892,0.9973405520422436,28.638841054272625,0.5290791599353797,0.424490762678842,0.8208648877792172,31.17669895306703,0.5788743863624017,2114,4,10,26,16,2.0433212996389893,2.5,277,283,533.3289852994188,4.604551501222466,0.030969141573918522,0.009416678786765331,-0.21504265902112962,-8.374887965933997e-05,-0.00012661559044524484,0.021598367375735505,561.1493587493896,4,10,-6,26,16,2.0433212996389893,2.5,4,0,277,283,235,1.8845547183725022,4.604551501222466,533.3289852994188,0.030969141573918522,45139,21.352412488174078,31.000946073793756,256x256,65536,sparse,Meijering,277,4,26,2040,31.426306255572317,0.6184396478593871,28.7792460820031,0.9974671676326888,0.5074807925596442,0.6030718511741175,5,8,0.0,33,1876,31.610518293148896,0.6499312116588932,0.9969742859021199,28.11022695713797,0.386147126957183,0.5272507064997981,4509,32.28126145889612,0.7201247085294982,0.9986292688224988,31.2755239533854,0.302323673928969,0.5004038772213247,-0.14040502773047692,-0.17858108849527554,-0.24960730250528584,-0.03956526149698536,True,0.5171262274687702,0.424490762678842,0.73767258382643,28.237113967338022,0.9989351587581459,7850
7851.png,0.7177865612648221,0.41936685288640596,0.590921018105484,0.42014925373134326,0.995579133510168,0.9995033234222573,28.07286608235152,0.9977704870658063,28.877075667018467,0.3841576794347341,0.40100378514889456,0.5776040020339369,31.177502516058695,0.5821019195541204,2334,5,10,29,20,2.0304878048780486,2.0,328,333,562.0165609185599,4.153537983937961,0.023365773864321857,0.014410355477040726,-0.10744637447503891,1.5694662514054158e-07,-0.00023169172710202357,0.015500963016823688,573.6122131347656,5,10,-5,29,20,2.0304878048780486,2.0,5,0,328,333,279,1.6877374201758528,4.153537983937961,562.0165609185599,0.023365773864321857,45036,19.295629820051413,28.07883461868038,256x256,65536,sparse,Meijering,328,5,28,2294,31.485289324373472,0.6273106788780873,29.209462862094902,0.9980021787929083,0.3686567164179104,0.38890325893794775,8,0,0.7,38,2276,31.820264478617716,0.6716788407040091,0.9979512890268374,29.008761560073843,0.3546742171427054,0.3604477611940298,4117,32.199833680752086,0.7073961626886754,0.9987520351489737,31.569499646484218,0.2925963525959382,0.3867959716523685,-0.33238719507643566,0.012100526210946816,-0.307786808314777,-0.04520875932396695,True,0.6942538205012883,0.40100378514889456,0.7033762057877814,28.18031245682656,0.9995031664756322,7851
7853.png,0.718944099378882,0.4150397686189443,0.5866121614716403,0.4153400868306802,0.9982608695652174,0.9995035776375624,27.84296856834797,0.997576969297891,28.64104167018184,0.3839479392624729,0.35338227406456035,0.7162433010388786,30.12519364532182,0.5249409980922322,2400,5,19,46,27,2.0864197530864197,3.8,324,338,595.6110798113505,4.337129809974153,0.03663661108124201,0.011740381330857308,-0.08836822354271234,-2.0243567366295956e-05,-0.00026344973974579133,0.0026165354998100576,595.3209400177002,5,19,-14,46,27,2.0864197530864197,3.8,5,0,324,338,251,1.7621629580217428,4.337129809974153,595.6110798113505,0.03663661108124201,45963,19.15125,27.30666666666667,256x256,65536,sparse,Meijering,324,5,26,2321,30.620621071464047,0.5876007129320189,28.862031982116164,0.9978404190376368,0.38133140376266283,0.3098933243222889,11,3,0.0,29,2358,30.838319528662463,0.6343142912831577,0.9972287859513067,27.942107295273036,0.30348549934896296,0.3598265895953757,3949,31.214638710982364,0.6698984242741561,0.9985306280468046,30.6379944426167,0.24337603212553416,0.3880274071402813,-0.22099031193432594,0.043488949742271465,-0.49542742614222846,-0.06265971483978672,True,0.49338300763441045,0.35338227406456035,0.7072037180480247,27.931336791890683,0.9995238212049287,7853
7854.png,0.7616045845272207,0.6124090386824971,0.7596199524940618,0.6138195777351247,0.9962616822429906,0.9990323456640744,27.25802488059161,0.9974843236829506,27.83167505486844,0.5621165644171779,0.5104583404430468,0.9425110896692824,30.598413581434567,0.5546476195364693,2337,4,14,37,21,2.0647249190938513,3.5,309,319,658.5620487521892,4.518956650036438,0.025051071714539012,-0.002557265183761981,-0.1527663949636917,-2.6737012998934162e-05,-0.00014537761688360185,0.006646314897024386,637.2616291046143,4,14,-10,37,21,2.0647249190938513,3.5,4,0,309,319,251,2.06445783307896,4.518956650036438,658.5620487521892,0.025051071714539012,45767,19.583654257595207,28.042789901583227,256x256,65536,sparse,Otsu,309,4,26,2325,30.920814640855095,0.6062189715910677,28.064574863248502,0.9976297012998342,0.5554702495201536,0.6124847205006303,5,5,0.0,31,2100,31.10767439890433,0.6410367066628296,0.9971498204095122,27.300511855719233,0.5104583404430468,0.5523992322456814,4019,31.57583639818228,0.68455335438494,0.9985613708177429,30.29368766478113,0.4133537804899683,0.5466410748560461,-0.2328998083800613,-0.10202638005758347,-0.3224010594205282,-0.051571352054598396,True,0.5415939886947765,0.5104583404430468,0.7641618497109827,27.4107912755553,0.9990590826770733,7854
7855.png,0.6664823008849557,0.4912333736396614,0.658828299209406,0.49407114624505927,0.9884428223844283,0.9992642317347995,27.63924414199741,0.9972491119313727,28.01476294530896,0.4136570561456753,0.4500896422783984,0.6667770290003737,29.92033294031372,0.5276783991680769,2690,4,28,64,27,2.1329639889196677,7.0,361,385,695.6605239989267,4.088203233034657,0.03701861316845125,0.011465389949217308,0.04413153813698756,-3.3917845259301416e-05,-0.0002524606090413828,0.020832489408065036,601.3469696044922,4,28,-24,64,27,2.1329639889196677,7.0,4,0,361,385,270,1.8069104519452603,4.088203233034657,695.6605239989267,0.03701861316845125,46118,17.144237918215612,24.36282527881041,256x256,65536,sparse,Meijering,361,4,27,2637,30.480284117257938,0.5981259608348445,28.21878538930853,0.997501572540414,0.39282456673761024,0.39125975926681,11,3,0.0,30,2632,30.766608781590694,0.6483553443809055,0.9969844221624873,27.409220431683448,0.4921148806552552,0.3945288753799392,3390,30.89746143008112,0.64077552634815,0.9981730457360767,29.9303454605335,0.37215034588710405,0.38480243161094224,-0.2040224439995697,0.058829883011588424,-0.5599511769442174,-0.07044756166676758,True,0.6750227177939361,0.4500896422783984,0.6550169109357384,27.59511260386042,0.9992981495800588,7855
7856.png,0.7020117351215424,0.6721101504963176,0.8039065492148602,0.6994335221592802,0.945069788383611,0.997513625997247,28.70224098416572,0.9961394693842539,29.318651128346737,0.5966358839050132,0.6311997096437569,0.8067698078819984,31.741491915140724,0.6135092267106814,2349,4,14,30,15,2.059880239520958,3.5,334,344,628.0894701964053,4.395439290357921,0.03320903297830082,0.010323864044358255,-0.6757083764686875,-0.000395893060146868,-0.0003502422545991202,0.0201069582851785,575.4387378692627,4,14,-10,30,15,2.059880239520958,3.5,4,1,334,344,289,1.8258414831290823,4.395439290357921,628.0894701964053,0.03320903297830082,44447,18.921668795232012,27.89953171562367,256x256,65536,sparse,Meijering,334,4,31,2320,32.15912560536594,0.6565859692084757,29.681829030106872,0.996489711638853,0.5765289256198347,0.44804332013259274,14,19,0.0,42,2202,32.366632923602666,0.6922457985569532,0.996127010472623,29.362725083488982,0.14069930308456347,0.5810766721044046,3780,32.644174457463976,0.7185018379116327,0.9976823361347003,31.5108768393695,0.09276645646926573,0.5569417786308382,-0.3631779017601353,0.1831563895111642,-0.41763369022521246,-0.04307674249779425,True,0.7823789431347671,0.6311997096437569,0.6916878710771841,29.377949360634407,0.9979095190573939,7856
7857.png,0.7366812227074235,0.629449345908123,0.7725914861837191,0.6313701556301495,0.9951899951899952,0.9985550667868469,28.32123011639711,0.9963415201435433,28.57039256224794,0.5724703737465816,0.4139122252069497,0.682168760236317,30.356624512757282,0.5480646747727742,2585,5,9,23,18,2.0242424242424244,1.8,330,334,641.1594207482026,4.348374588923021,0.031912937213820304,0.023215439042964414,-0.28214513049532286,-9.86792607600151e-05,-0.00032621383757946987,0.02493838105919588,578.1939029693604,5,9,-4,23,18,2.0242424242424244,1.8,5,0,330,334,289,1.9196389842760537,4.348374588923021,641.1594207482026,0.031912937213820304,45719,17.686266924564798,25.352417794970986,256x256,65536,sparse,Meijering,330,5,28,2535,30.902319734928042,0.6112797032428096,29.00973328625026,0.9966677339811227,0.5475319926873857,0.6447736190750484,8,15,0.0,33,2582,31.130836207259023,0.6592091051464406,0.995876409167991,28.207683728221433,0.29937989632066975,0.5278030993618961,3687,31.32472583460742,0.6668241078750303,0.9975306075706122,30.206587467076602,0.20266988302850442,0.5765629719118092,-0.4393407240023208,-0.23086139386809867,-0.5456952221707603,-0.06321502847003535,True,0.6067592791314017,0.4139122252069497,0.7134657836644591,28.603375246892433,0.9986537460476069,7857
7858.png,0.641726618705036,0.44169478815148105,0.6127438231469441,0.45099540581929554,0.9553933495539335,0.9991950274087454,27.321529763064582,0.9974312454902708,28.167432459507552,0.3951981707317073,0.3701176494675643,0.6416319699556265,30.177576770110225,0.5268936988889027,2445,5,27,64,27,2.128654970760234,5.4,342,364,663.7347418888173,4.268983972002888,0.034071915211566536,0.009992301361862577,-0.5810749334724079,-0.0002197893940838469,-0.0002189534428289619,0.020772443319762468,611.2961769104004,5,27,-22,64,27,2.128654970760234,5.4,5,2,342,364,251,1.8234470931011433,4.268983972002888,663.7347418888173,0.034071915211566536,45909,18.776687116564418,26.804089979550103,256x256,65536,sparse,Meijering,342,5,27,2367,30.712533290607524,0.5925839066797094,28.50054061942446,0.9976501989330998,0.37442572741194485,0.5506710358827784,5,2,1.0,32,2364,30.969206781977686,0.6422629042103718,0.9975250314165582,28.132749391146948,0.35917572396768127,0.3597397627248374,3651,31.162429217290004,0.6580970933023432,0.9982285644938144,29.96478749466325,0.3296799539643608,0.3856159143075746,-0.33310815991690745,-0.18055338641521412,-0.5349565204972997,-0.0656902077908067,True,0.5768379176822511,0.3701176494675643,0.6317343173431734,27.90260469653699,0.9994148168028293,7858
7859.png,0.6596233348644924,0.6292323164599397,0.7724279835390947,0.6436899862825789,0.9655349794238683,0.9985073713135503,28.001034286371194,0.9964422332444911,28.13040332124665,0.5568760611205433,0.4419648542299529,0.7331778637584304,30.665747631908317,0.5766542121480573,2468,4,22,47,19,2.1142857142857143,5.5,315,333,634.6985209650524,4.203505836971223,0.03934943020655327,0.018500060233364368,-0.5434325669272013,-0.00030466075583357455,-0.0005260009164522739,0.04110102682699057,646.5756893157959,4,22,-18,47,19,2.1142857142857143,5.5,4,1,315,333,249,1.9060015644596136,4.203505836971223,634.6985209650524,0.03934943020655327,45187,18.309157212317665,26.554294975688816,256x256,65536,sparse,Otsu,315,4,29,2425,31.416246498348887,0.6304004170650723,28.92182976350171,0.9969682341609434,0.5157750342935528,0.3971903755725851,13,11,0.0,38,2448,31.71023059381325,0.6757622655167256,0.9965372174487034,28.47617013232953,0.2948972659333059,0.5267306374228924,3728,31.923775355474966,0.6907324939508076,0.9979495773096203,30.957986323633897,0.31613859078764417,0.5225872689938398,-0.7914264422550588,0.04477447865736783,-0.7504988664405694,-0.053746204917014984,True,0.6028071441823737,0.4419648542299529,0.6411232746311281,28.544466853298395,0.9988120320693838,7859
7860.png,0.7082664526484751,0.6196816208393633,0.7651894210150108,0.6297058823529412,0.9749544626593807,0.9985173717615415,28.18810121264997,0.9961152874904343,28.8343320028891,0.6028764308776049,0.5114745137354106,0.6890303953121285,31.350790203770572,0.6006488388799035,2655,4,27,62,27,2.124661246612466,6.75,369,392,745.7382001421017,4.785197761000656,0.03692534065551575,-0.006366705032919362,-0.5819711650073671,-0.0002877115282231557,-0.0003647214439521651,0.004641136759957809,732.1341037750244,4,27,-23,62,27,2.124661246612466,6.75,4,0,369,392,280,1.9023933677094391,4.785197761000656,745.7382001421017,0.03692534065551575,44896,16.909981167608287,24.683992467043314,256x256,65536,sparse,Otsu,369,4,31,2546,31.7710926498385,0.6502265866312235,29.30619443293606,0.9964800089343865,0.5982352941176471,0.622807646436843,8,11,0.0,42,2638,32.123424399411896,0.7004005938532705,0.9962561585578855,29.14732738286029,0.43123373668470033,0.5877862595419847,3451,32.14170053936969,0.6938146286550267,0.9976055173315443,31.131381150336303,0.3042238352386818,0.5976539589442815,-0.4718624300469614,-0.11133313270143241,-0.42030244606792877,-0.049577747751319956,True,0.7423105239119594,0.5114745137354106,0.7146331576813945,28.770072377657335,0.9988050832897647,7860
7861.png,0.553763440860215,0.4379038047379756,0.6090863704443334,0.4567577686259828,0.9138576779026217,0.9990858111750965,28.36786718089001,0.9971282418494878,29.192359669546697,0.3652694610778443,0.22008584930811248,0.30723401463781935,31.418248884577174,0.5943784759189493,2262,6,27,64,29,2.130434782608696,4.5,322,343,679.6943843906339,4.167369224269938,0.03031349395787261,0.010270521102966224,-0.3876823779609353,-0.00016455509350021824,-0.00038248792656769837,0.008099861676870879,646.7046737670898,6,27,-21,64,29,2.130434782608696,4.5,6,1,322,343,229,1.9816162810222535,4.167369224269938,679.6943843906339,0.03031349395787261,44726,19.772767462422635,28.97259062776304,256x256,65536,sparse,Meijering,322,6,29,2216,31.80591928436685,0.6385658510921859,29.591872595529797,0.9975107297760555,0.3571695994009734,0.2653296129395083,12,1,0.5,39,2084,32.11360292108632,0.6733094074375853,0.9974611157064656,29.424643872489117,0.20745025065322198,0.32747005988023953,4035,32.42180432681601,0.7153228106992499,0.9983711946272473,31.489990352852768,0.20329653010653848,0.34678624813153963,-0.3995129259830996,-0.04524376363139582,-0.3876703997896769,-0.044187375173236565,True,0.7163459735002295,0.22008584930811248,0.5434929197572488,28.755549558850944,0.9992503662685968,7861
7862.png,0.5347593582887701,0.4016750418760469,0.5731357552581262,0.40506756756756757,0.9795751633986928,0.9993208875619917,27.928925103031123,0.9966736564176345,28.539213107228395,0.25924680564895763,0.18941575402981292,0.30886747895121897,30.542283821805132,0.5512811826021103,2848,13,35,87,50,2.107317073170732,2.6923076923076925,410,432,874.5702519570438,3.4848747829111613,0.043304620644924366,0.005801829331241071,-0.7605610391262978,-0.00013591332012419244,-0.0007374040780636637,0.0038414002435522288,631.0999393463135,13,35,-22,87,50,2.107317073170732,2.6923076923076925,13,1,410,432,273,2.024468175826485,3.4848747829111613,874.5702519570438,0.043304620644924366,45370,15.930477528089888,23.01123595505618,256x256,65536,sparse,Meijering,410,13,32,2811,31.274103616779705,0.6267716840114225,29.398560124802287,0.9974110604956982,0.2554054054054054,0.23202646034329377,10,1,0.8846153846153846,39,2682,31.633878018774325,0.6733008549057806,0.9974245558838037,29.44984239046864,0.3559635789168587,0.2533783783783784,3336,31.539695785636177,0.6627605496215941,0.997830899560319,30.25993431827544,0.18941575402981292,0.24822695035460993,-0.8593470175738922,-0.04261070631348085,-0.7318197949745731,-0.07549050140931213,True,0.6132589765454988,0.18941575402981292,0.528957528957529,28.68948614215742,0.9994568008821159,7862
7863.png,0.6623207301173403,0.5026061057334326,0.6689791873141724,0.5077096652877021,0.9803921568627451,0.9992927845566734,27.751223761328202,0.9974241483298105,28.266640658443578,0.4346686634219393,0.258193362892855,0.41633478472678215,30.201383339544435,0.5296311927217348,2392,4,27,61,26,2.14375,6.75,320,343,704.143300724873,4.475623843446374,0.038019700305769795,0.011758188754004695,-0.11238136187158432,-0.00010257364855836837,-0.00018184038889723642,0.014585925550559098,627.0351409912109,4,27,-23,61,26,2.14375,6.75,4,0,320,343,233,2.0528959204806756,4.475623843446374,704.143300724873,0.038019700305769795,45890,19.184782608695652,27.39799331103679,256x256,65536,sparse,Meijering,320,4,26,2358,30.635423288025812,0.5911892524751553,28.523693954421528,0.9976059887187078,0.42008273787138023,0.34031972951561096,10,4,0.0,30,2256,30.889940843574188,0.6349352691702501,0.9972273319263381,27.869416952376756,0.3147694993341297,0.4042073628850488,3884,31.24219808256729,0.6640439064733574,0.998409552217235,30.62504376443231,0.3473189236693539,0.4143501126972201,-0.25705329597795057,-0.08212636662275596,-0.4340399484813773,-0.061558059753420546,True,0.6201580371486213,0.258193362892855,0.6505625413633356,27.863605123199786,0.9993953582052317,7863
7864.png,0.6494688922610015,0.6062313556513093,0.7548493602971523,0.6131411330874958,0.9817498658078369,0.9984089012237988,28.552534957578533,0.9967920288182973,29.012196690702826,0.46668898560428523,0.3802639010812122,0.48403099998219723,31.102657945693895,0.5816517213868437,2508,5,20,51,25,2.086705202312139,4.0,346,361,679.7716855209809,4.049083141922262,0.035668005955170716,0.012920668910747612,-0.4735770748637371,-0.00026602950505882905,-0.00030315101394762234,0.01043689039811696,607.586145401001,5,20,-15,51,25,2.086705202312139,4.0,5,0,346,361,270,1.8830240596149017,4.049083141922262,679.7716855209809,0.035668005955170716,44974,17.932216905901118,26.130781499202552,256x256,65536,sparse,Meijering,346,5,30,2453,31.572178621458207,0.6351260250735858,29.391717560625025,0.9970951798322449,0.4562520952061683,0.34576306963448034,14,5,0.0,41,2474,31.896556532734706,0.6793820623322809,0.9969864008272803,29.2295943198674,0.16823932211812453,0.4504324683965403,3585,32.02334577465588,0.6909429060258915,0.998021923768145,31.110521159506618,0.15794916598017372,0.4417137163732979,-0.37952086992219947,0.03450083144673188,-0.46952067576431133,-0.05347430368674211,True,0.785618898573022,0.3802639010812122,0.6365482233502539,29.02611203244227,0.9986749307288576,7864
7865.png,0.6963097398669087,0.5393217893217893,0.700726505741739,0.539906103286385,0.9979973297730307,0.9990624296382307,28.017136429717453,0.9969878413878569,28.425642797458718,0.47058823529411764,0.4160850848473713,0.631674004750813,30.91380829773978,0.5709443491432638,2433,5,11,28,21,2.035608308605341,2.2,337,343,626.0808151070758,3.9557716789868183,0.028011976295537,0.03512753389494039,-0.17700969739216177,-4.917609892829411e-05,-0.00031586482581924535,0.029189028658704708,561.0952377319336,5,11,-6,28,21,2.035608308605341,2.2,5,0,337,343,288,1.8253084988544452,3.9557716789868183,626.0808151070758,0.028011976295537,45314,18.624743115495274,26.936292642827784,256x256,65536,sparse,Meijering,337,5,29,2422,31.380019488136202,0.6267409586252227,28.908354375689687,0.9973037062136761,0.44139920663541293,0.45528905436548717,8,5,0.0,37,2366,31.63290422505205,0.6694442237597792,0.9971132182628244,28.513739601883866,0.24421625854427453,0.4231601731601732,3816,31.87402835198875,0.6912985917616581,0.9982126097823262,30.641088328700185,0.3519880580381194,0.4335740072202166,-0.482711578230969,-0.03920396951811589,-0.46621119039642167,-0.05579660948195897,True,0.6587022446990063,0.4160850848473713,0.6611822059719683,28.194146127109615,0.999111605737159,7865
7866.png,0.695447409733124,0.5369083085071168,0.6986861942709455,0.5453934095494284,0.9718394248052726,0.9986860293900336,27.482948499439868,0.9966979316200292,28.181649735754768,0.5272177419354839,0.3378794846834038,0.6006802021443494,30.121672274288812,0.5324853522302486,2356,6,7,20,20,2.0064516129032257,1.1666666666666667,310,311,599.0241487718126,4.394347236617919,0.027492883953200428,0.00489704628556431,-0.14268371275747427,-8.468195901967235e-05,-7.255230571501237e-05,-0.004347066660889576,584.2385292053223,6,7,-1,20,20,2.0064516129032257,1.1666666666666667,6,0,310,311,270,1.9261226648611316,4.394347236617919,599.0241487718126,0.027492883953200428,45963,19.50891341256367,27.816638370118845,256x256,65536,sparse,Meijering,310,6,25,2249,30.571687686563504,0.5889291960479085,28.345980604637493,0.9967704839257442,0.5315648085963735,0.3755656574104006,11,3,0.0,30,2264,30.840289093231277,0.6356020180520957,0.9960955374356695,27.65032155691301,0.17990355790884227,0.5195456064149683,3931,31.22883739875824,0.6673007798199676,0.997986556452873,30.304255983314437,0.17595440079658442,0.5232363757940488,-0.1643308688827254,-0.037686172726996814,-0.45001541227469133,-0.05644384381765988,True,0.5624947908674507,0.3378794846834038,0.6905503634475597,27.625632212197342,0.9987707113490533,7866
7867.png,0.7736784140969163,0.5901756902115454,0.7422773393461105,0.5918734268248831,0.9951632406287787,0.9989254499145398,27.888196379199968,0.9973241234623604,28.410036264060384,0.5617816091954023,0.43334237861777525,0.682373220703816,31.125299447297962,0.5840876941591858,2362,4,2,7,11,1.9874608150470219,0.5,319,317,610.4193829542543,4.45536410958042,0.01934561873161218,0.0025341354899510726,0.010773433786649633,-2.6931709283917193e-05,-0.0001337664483396228,0.0055473296409647155,615.1406764984131,4,2,2,7,11,1.9874608150470219,0.5,4,0,319,317,301,1.9256131954392843,4.45536410958042,610.4193829542543,0.01934561873161218,45195,19.1342082980525,27.745977984758678,256x256,65536,sparse,Meijering,319,4,27,2202,31.432834369398392,0.6261760671258891,28.559032136088444,0.9974578899107001,0.5562342795544376,0.5695211748024971,7,8,0.0,37,2284,31.70188463370996,0.6714864502760473,0.9973368700958969,28.349476320221886,0.4242029361095355,0.5549568965517241,3914,32.023256461215034,0.6976191083617732,0.9985898013682785,31.0653411762623,0.40180958372124,0.550251256281407,-0.14899587202805975,-0.13617879618472184,-0.3075349221004302,-0.042088372966703314,True,0.6350518535455063,0.43334237861777525,0.7711442786069652,27.87742294541332,0.9989523816238237,7867
7868.png,0.7986906710310966,0.4068939677781941,0.5784287616511318,0.4068939677781941,1.0,0.999559921085455,27.426237403584906,0.9977459412153494,28.37898511646501,0.41557469112691875,0.40547945202980573,0.6832806220399216,31.227255165192016,0.5856471109365703,2396,5,18,43,22,2.082802547770701,3.6,314,327,597.7519626090626,4.317687601040882,0.031232968075995363,-0.010793521980550613,0.0030896973333724986,-7.3128675098788065e-06,-0.00027128120003250267,0.0075567068631495204,622.0836639404297,5,18,-13,43,22,2.082802547770701,3.6,5,0,314,327,249,1.8279876532387211,4.317687601040882,597.7519626090626,0.031232968075995363,45115,18.829298831385643,27.352253756260435,256x256,65536,sparse,Meijering,314,5,29,2333,31.569084071366987,0.6323928990585254,28.730470739054464,0.9980172224153819,0.40801798426376923,0.5285772362608692,5,0,1.0,41,2310,31.902882451979465,0.6748074504913866,0.9979451174875674,28.561990044128585,0.4674081989931028,0.41288872236792806,3643,32.085086315198296,0.6915322534937344,0.998739998914466,30.992729951080705,0.6321205588285577,0.4050206069689022,-0.35148562258945404,-0.12309778423106343,-0.3418289061749711,-0.04674578812195507,True,0.5934303402594009,0.40547945202980573,0.8094841930116472,27.423147706251534,0.9995672339529649,7868
7869.png,0.7185061315496098,0.46502953061858876,0.6348398047952472,0.4683782091421415,0.9848584595128373,0.9992621186018628,27.510837895345865,0.9972033324113918,28.206233778783144,0.48362956033676335,0.4151288055165082,0.836498380290669,30.38763216819977,0.552901852321903,2642,5,14,32,20,2.052325581395349,2.8,344,353,656.5932763398727,4.525592613012292,0.034145163239070145,-0.023593191249487222,-0.25612659022832673,-7.951349736612379e-05,-0.00021243031652617983,-0.0068242737790426,617.0380115509033,5,14,-9,32,20,2.052325581395349,2.8,5,0,344,353,292,1.8600376100279643,4.525592613012292,656.5932763398727,0.034145163239070145,45825,17.344814534443604,24.80545041635125,256x256,65536,sparse,Meijering,344,5,28,2625,30.897368704994797,0.6153022830219192,28.504957772341122,0.997415762727918,0.49045383411580595,0.39786447069316067,11,4,0.0,33,2454,31.138269541786997,0.6593511006865035,0.9968263520525205,27.733807323295885,0.41725174762601036,0.47966207759699625,3522,31.314694221791868,0.6622989518572818,0.9981752284351866,30.08149298868556,0.32810087331321347,0.48592870544090055,-0.29872399355797796,0.01726433482334755,-0.5097365367950282,-0.06240043070001622,True,0.49626970631103673,0.4151288055165082,0.7420993227990971,27.766964485574192,0.9993416320992289,7869
7870.png,0.616729088639201,0.4651006711409396,0.6349060925332112,0.46776915288558896,0.9878831076265147,0.9991606287926,27.870553719777845,0.996638701626757,28.481189205593317,0.39683608212722987,0.36179192285963824,0.5436716093660854,31.14021837381461,0.5840783181388557,2535,7,26,64,37,2.1091954022988504,3.7142857142857144,348,367,726.6862042542689,4.303668281127667,0.03890638872272312,0.011869753600837751,-0.47734793533128084,-8.079748504186135e-05,-0.0005114254575157018,0.025080099653350507,650.7234573364258,7,26,-19,64,37,2.1091954022988504,3.7142857142857144,7,0,348,367,247,1.9800714012377856,4.303668281127667,726.6862042542689,0.03890638872272312,44983,17.744773175542406,25.852465483234713,256x256,65536,sparse,Meijering,348,7,31,2529,31.62219355477003,0.6378383963086465,29.087134075179364,0.9971501270842728,0.37175598247387937,0.4566491309255002,8,5,0.0,41,2424,31.962105586667743,0.6808508463099489,0.9969339551587988,29.02883279288735,0.3885976341675914,0.3621329733378333,3484,32.03577499163073,0.6872003875031105,0.9981025329391244,30.952010000847743,0.3315924206995575,0.3841483979763912,-0.6059448695860468,-0.09485720806586195,-0.4819751809554198,-0.05376007816979078,True,0.6654603930513924,0.36179192285963824,0.6048593350383632,28.347901655109126,0.9992414262776419,7870
7871.png,0.5359712230215827,0.5054139015019211,0.671461716937355,0.5133025895707698,0.9704896042924211,0.9990383176914933,27.8416883644622,0.996962676227774,28.6614079792584,0.37894363700815314,0.30359102385457903,0.40428957221291856,31.46336379432253,0.6019354953907574,2411,4,17,36,23,2.0724233983286906,4.25,359,372,731.509863235947,4.638769088681362,0.026222208089772762,-0.004666946755659929,-0.6803990718341204,-0.0002734738584572183,-0.00036080369313729044,8.588603262993377e-05,701.2608051300049,4,17,-13,36,23,2.0724233983286906,4.25,4,0,359,372,300,1.966424363537489,4.638769088681362,731.509863235947,0.026222208089772762,44814,18.58730817088345,27.182082123600164,256x256,65536,sparse,Otsu,359,4,30,2381,31.79285311080147,0.6448326306658309,29.172393502632787,0.9973234799209113,0.3788577509755232,0.34786259800386077,8,0,0.5,42,2252,32.13888958740759,0.6831567383768808,0.9971295220223697,28.9899604873669,0.2804224023717147,0.36005675771550194,3711,32.37738787108795,0.7062348547348045,0.9982821278749281,31.39366247683755,0.23746823405386697,0.37956722241929763,-0.5109855233743872,-0.044271574149281734,-0.3294893164789414,-0.04289713527507344,True,0.7509246953683317,0.30359102385457903,0.5406381697772427,28.52208743629632,0.9993117915499505,7871
7872.png,0.7427385892116183,0.4237683089214381,0.5952770633621697,0.4246164109406271,0.9953088350273651,0.9993982227447796,28.144170900119683,0.9974061643347822,29.082161521574996,0.4041073203047367,0.5201519147738873,0.8909271191044779,31.299438278742745,0.594418709459395,2338,5,15,35,19,2.0623052959501558,3.0,321,331,563.1024350129135,4.529599385469502,0.030174816549387064,-0.00921592393692472,-0.14436913533965878,-2.2297705828844272e-05,-0.00021213689304599992,0.008510255594930127,576.6077041625977,5,15,-10,35,19,2.0623052959501558,3.0,5,1,321,331,267,1.7012158157489812,4.529599385469502,563.1024350129135,0.030174816549387064,44865,19.189478186484173,28.030795551753634,256x256,65536,sparse,Meijering,321,5,29,2279,31.756247439596677,0.6385552287635552,29.38419099096299,0.9976183012278282,0.39559706470980655,0.4539255733602906,8,1,0.7,40,2302,32.07098165468561,0.6826497514240851,0.9974817110279132,29.168601513796464,0.4159553115586172,0.3722481654436291,3883,32.27104938825234,0.7064865312741886,0.9983585582810895,31.334234133301536,0.32294312550183535,0.38433333333333336,-0.3020294693879926,0.06622634141359673,-0.45680916085393264,-0.04413651930416018,True,0.5838321717007806,0.5201519147738873,0.751954513148543,28.28854003545934,0.9994205204506085,7872
7873.png,0.5918518518518519,0.43544690603514136,0.6067056945183608,0.4371165644171779,0.991304347826087,0.9993646366103189,27.224794903212665,0.9973779807419489,27.84815783700727,0.38040566398775355,0.20942915037126442,0.33228135896592836,30.238318109501975,0.5341800228772577,2335,6,24,56,29,2.1150159744408947,4.0,313,331,594.7365653009153,4.454482732870328,0.03294681768424642,-0.0043887496519074976,0.08806505665184972,-2.3157619721048128e-05,-0.0002225298643558915,0.007322841901863997,604.292631149292,6,24,-18,56,29,2.1150159744408947,4.0,6,0,313,331,228,1.7967872063471733,4.454482732870328,594.7365653009153,0.03294681768424642,45854,19.637687366167025,28.06680942184154,256x256,65536,sparse,Meijering,313,6,25,2146,30.689122901406453,0.5874637069966457,28.086337000023228,0.9976005106063048,0.37308282208588955,0.2764867097080249,11,2,0.0,31,2250,30.9495056596475,0.637000473211416,0.9972626897914973,27.69571928040705,0.28822967723739024,0.34930981595092025,3969,31.324176977026845,0.6711833912066351,0.9983999387905698,30.1803509722715,0.2805230355577095,0.3744729781525489,-0.23817916301595687,-0.0670575593367605,-0.45080479190447775,-0.053283684119388,True,0.6302765554559411,0.20942915037126442,0.5962406015037593,27.136729846560815,0.99938779423004,7873
7874.png,0.6292559899117276,0.5422153369481022,0.7031642390758412,0.5584363781412046,0.9491525423728814,0.9985654927816675,27.505620395237877,0.9973183100870265,28.218720042550057,0.4412116381028298,0.2959522447121894,0.4681895574803744,30.368914746973484,0.5376488703377764,2265,6,14,38,26,2.050156739811912,2.3333333333333335,319,327,664.8823475640993,4.154280446539852,0.03269827870928619,0.004099544354781437,-0.45108605639362054,-0.000150881748127496,-0.00028540180245673064,-0.005181347150259086,646.2907791137695,6,14,-8,38,26,2.050156739811912,2.3333333333333335,6,0,319,327,255,2.0332793503489226,4.154280446539852,664.8823475640993,0.03269827870928619,45790,20.216335540838852,28.93421633554084,256x256,65536,sparse,Meijering,319,6,26,2254,30.79059702788601,0.5939063357336617,28.552781113696124,0.9976037118894833,0.4463929852530889,0.37151583391064846,9,0,0.75,31,2228,31.010930229449897,0.6372777198916889,0.9970542716260152,27.756459165439725,0.3934693402873666,0.4346613545816733,3981,31.435019207861757,0.6787463957789331,0.9984104836773638,30.56252252468745,0.29909618702967666,0.4252690314866481,-0.334061071146067,-0.07556358919845907,-0.4216822809125276,-0.056257465395885276,True,0.6321205588285577,0.2959522447121894,0.6251564455569462,27.956706451631497,0.998716374529795,7874
7875.png,0.7840490797546013,0.5077628793225123,0.6735314767142523,0.5095609065155807,0.9930986887508627,0.9992509999133597,27.40311739696635,0.9972825239326665,28.042698735218753,0.5155697098372257,0.490479766317101,0.73338478945551,30.826833922420104,0.5689180461372401,2343,5,9,23,18,2.0257234726688105,1.8,311,315,557.4792567153818,4.554766995730508,0.03117932166245034,0.009279848985370487,-0.06215071073908618,-3.68608491968514e-05,-0.00024512166993884144,0.007959090368199195,616.0492897033691,5,9,-4,23,18,2.0257234726688105,1.8,5,0,311,315,270,1.769775418144067,4.554766995730508,557.4792567153818,0.03117932166245034,45510,19.42381562099872,27.970977379428085,256x256,65536,sparse,Meijering,311,5,27,2209,31.199022006651337,0.6147785818910323,28.257382454527807,0.9975276456026053,0.5076106194690265,0.6062346084675301,5,3,0.0,33,2182,31.437877745468327,0.6590285569727893,0.9972760206761812,27.89559767838202,0.6988057880877979,0.5123937677053825,3921,31.7810745469898,0.6876642712574629,0.9985810935621958,30.87500711580853,0.5991971884078908,0.5010623229461756,-0.21468371930905406,-0.11575484215042908,-0.37218808423123306,-0.04586053575379223,True,0.668789117758019,0.490479766317101,0.7747692307692308,27.465268107705437,0.9992878607625566,7875
7876.png,0.5325936199722607,0.4392423159399571,0.6103799354358084,0.4469090909090909,0.9624119028974158,0.9990830616522026,28.476668961232935,0.9966826143313202,29.233780298535713,0.333454018826937,0.19837239439226295,0.3175538960713411,31.741516929043733,0.6109261496053272,2417,5,29,62,29,2.1375358166189113,5.8,349,373,696.4467258505423,3.9559322920091513,0.041440525812038366,0.01589141670289329,-0.712917824961874,-0.00020573737927320757,-0.0005872585108441797,0.02229444049178614,612.1225357055664,5,29,-24,62,29,2.1375358166189113,5.8,5,1,349,373,258,1.8671493990631118,3.9559322920091513,696.4467258505423,0.041440525812038366,44410,18.374017376913528,27.114604882085228,256x256,65536,sparse,Meijering,349,5,32,2367,32.201933027286344,0.6586019610149911,29.95642407853,0.9972698728421644,0.31115957833515084,0.2604154480099372,12,0,0.0,44,2346,32.48951309647845,0.6950687935957107,0.9972484038161761,30.03312577515251,0.23347069788557806,0.33478735005452565,3702,32.64260104683846,0.7170420765832084,0.998143401700147,31.551488019030685,0.1819808772579682,0.32183073011260444,-0.7226437799942858,-0.06204305361767426,-0.46041609824261087,-0.047675811409663926,True,0.6246889011486004,0.19837239439226295,0.5167022032693674,29.18958678619481,0.9992887990314758,7876
7877.png,0.6382608695652174,0.5435446906035142,0.7042811185350161,0.5473076923076923,0.9875086745315753,0.9990185545077616,28.19198396662589,0.9971900506429847,28.68146326130261,0.5256508422664625,0.39468118935377583,0.6262031895955008,30.979531942925792,0.5721935068327021,2221,4,22,47,20,2.120401337792642,5.5,299,317,623.2385044252952,4.687745871751205,0.029521668243332116,-0.006249516191459081,0.10245406190624351,-4.5492312939821034e-05,-0.00015263747024074625,0.014112380728001028,682.0163726806641,4,22,-18,47,20,2.120401337792642,5.5,4,1,299,317,232,1.9660520644331048,4.687745871751205,623.2385044252952,0.029521668243332116,45275,20.384961728950923,29.5074290859973,256x256,65536,sparse,Otsu,299,4,27,2183,31.30906436105623,0.6174074835562957,28.75067043234285,0.9973426881132255,0.5115384615384615,0.5090576499536068,7,7,0.0,36,2156,31.567912668260114,0.6594561125180975,0.9969125476910518,28.244493819713696,0.382590155668766,0.5161538461538462,4227,32.04260398902595,0.7055682674932304,0.9984615488824459,31.26557526154955,0.25695598763806016,0.5038402457757296,-0.06920717104024021,-0.11437646059983098,-0.3295324181304373,-0.04521397672359362,True,0.6302765554559411,0.39468118935377583,0.6445103857566765,28.089529904719647,0.9990640468207014,7877
7878.png,0.6759189797449362,0.41774815854086284,0.5893122216724395,0.41848208011243854,0.995819397993311,0.9995380196595974,27.309913786589743,0.9977203070877364,28.11588930420489,0.3604203152364273,0.32158765673589595,0.5575008973543956,30.050553445189614,0.5258978893721632,2590,5,31,59,25,2.151603498542274,6.2,343,369,641.6101066253697,4.262732070667056,0.03816760446359536,0.01075720397367963,-0.12357173420507195,-1.862439897304391e-05,-0.00023624297293556307,0.003076675039659915,603.2044887542725,5,31,-26,59,25,2.151603498542274,6.2,5,2,343,369,259,1.7387807767625156,4.262732070667056,641.6101066253697,0.03816760446359536,46028,17.771428571428572,25.303474903474903,256x256,65536,sparse,Meijering,343,5,27,2531,30.570801952244523,0.5945659512598337,28.503853160903063,0.997956550060672,0.3573436401967674,0.4222253865999427,7,2,0.8,30,2510,30.841997266863046,0.6434358233081341,0.9976723575746742,27.78148786290492,0.4020724667828306,0.359451862262825,3656,31.053753306779367,0.6531815534783387,0.9984653316124513,29.846025335809095,0.3444116630922144,0.3527758257203092,-0.38796385669817113,-0.10063772986404673,-0.5202485070549088,-0.0686680618876705,True,0.5768379176822511,0.32158765673589595,0.6651617757712566,27.433485520794815,0.9995566440585705,7878
7879.png,0.7995769434161819,0.5721464465183058,0.7278538812785389,0.5725574712643678,0.9987468671679198,0.9991650214859322,27.304554138251124,0.9972003065693452,27.82802500714887,0.6478822684852835,0.6321205588285577,1.1791974474867992,30.119117460086215,0.5310892302283232,2326,4,19,42,20,2.1038062283737022,4.75,289,304,637.5983765977776,4.50440782659194,0.03211204347591841,-0.007345717481600733,0.17836293382999457,2.424568454295617e-05,5.930985474433825e-05,0.021086291473789265,624.4468688964844,4,19,-15,42,20,2.1038062283737022,4.75,4,0,289,304,227,2.097363080913739,4.50440782659194,637.5983765977776,0.03211204347591841,46082,19.811693895098884,28.175408426483234,256x256,65536,sparse,Otsu,289,4,24,2178,30.473107448396473,0.5813462471074771,27.754707129058467,0.9971409967146009,0.6267959770114943,0.6216743703119232,5,8,0.0,29,2150,30.702630632021393,0.6284146430451344,0.9966837912526589,27.174188654482524,0.4543154872506372,0.6274228284278536,4078,31.161771315610665,0.6683261892514032,0.998406758710619,30.31332721651991,0.5240773795284902,0.6285919540229885,0.07331787809040335,0.01044618851663448,-0.3539899883102571,-0.05025701687915385,True,0.5360599789083533,0.6321205588285577,0.8069226608977826,27.12619120442113,0.9991407758013893,7879
7881.png,0.5198647506339814,0.35962797106441613,0.5290093742082594,0.3613707165109034,0.9867674858223062,0.9994415824951994,27.746605335396733,0.9965002096469355,28.40332888286545,0.24965564738292012,0.14785621103378865,0.24915512572066603,30.66862600752684,0.556072975328535,2635,8,26,61,34,2.097560975609756,3.25,369,387,726.4165374882117,3.9883870635898457,0.03560898205757774,0.012065790495333184,-0.5435216147054227,-7.719985850174194e-05,-0.0006823582463958422,0.013587803838441048,624.8681545257568,8,26,-18,61,34,2.097560975609756,3.25,8,2,369,387,274,1.877045316507003,3.9883870635898457,726.4165374882117,0.03560898205757774,45339,17.206451612903226,24.87134724857685,256x256,65536,sparse,Meijering,369,8,31,2623,31.32645996138003,0.6250360213036704,29.240881511198605,0.9971825678933314,0.23606784354447907,0.21907231579154052,11,1,0.5625,38,2530,31.591620032741133,0.6700496457110732,0.9971380737829615,29.052658348466665,0.20117660054859998,0.22568362755278643,3527,31.6889498626009,0.6727240538404365,0.9979151874592053,30.822371763328967,0.12482668095705252,0.23226029768085843,-0.8375526283331567,-0.07121610475775186,-0.6578339538531921,-0.06896304597513547,True,0.5934303402594009,0.14785621103378865,0.5077989601386482,28.290126950102156,0.9995187823537012,7881
7882.png,0.6241997439180538,0.425,0.5964912280701755,0.42677824267782427,0.9902912621359223,0.9993988695778505,27.760211364164654,0.99682242932516,28.071209433914657,0.44405957741600277,0.3559635789168587,0.6302226476090855,29.948386193691668,0.520959570346828,2442,5,16,42,22,2.06508875739645,3.2,338,349,677.155862980014,4.533538282975643,0.03438895358950926,-0.013742807852153316,-0.13237617247089162,-4.942049222922407e-05,-0.00034087591098375114,0.02106306173656025,646.5094089508057,5,16,-11,42,22,2.06508875739645,3.2,5,1,338,349,274,1.9402746790258256,4.533538282975643,677.155862980014,0.03438895358950926,46036,18.85176085176085,26.83701883701884,256x256,65536,sparse,Meijering,338,5,26,2381,30.511233792285882,0.5864316399897462,28.493995336245696,0.9971633052361437,0.4229965156794425,0.3283379723379902,10,1,0.5,30,2398,30.765727369845845,0.6374661422539312,0.9966715600509557,27.827014152649244,0.22791965973146044,0.4140570633263744,3686,31.030863519902155,0.6538453946359897,0.9980706331205697,29.907713671890676,0.29655438087841113,0.43795620437956206,-0.4227859023310394,0.027625606578868478,-0.5628475985942138,-0.06547206964291818,True,0.5648219407336433,0.3559635789168587,0.6379425517702071,27.892587536635546,0.9994482900700797,7882
7883.png,0.6663907284768212,0.43086816720257237,0.602247191011236,0.43418388011340625,0.9825847846012832,0.9995312547530798,26.78902044801415,0.9980367198416005,27.782636064613236,0.3734305386796274,0.3516556589984903,0.7472588319861755,30.40893245813286,0.5425208034570874,2252,8,9,33,27,2.0069204152249136,1.125,289,290,553.0376954663221,4.246458348105936,0.03820243556545063,0.006075898319406137,-0.1457954432544959,-5.4320490267656396e-05,-0.00018178374182009627,0.003645200486026734,601.8078327178955,8,9,-1,33,27,2.0069204152249136,1.125,8,0,289,290,229,1.9070265360907637,4.246458348105936,553.0376954663221,0.03820243556545063,45795,20.33525754884547,29.101243339253998,256x256,65536,sparse,Meijering,289,8,26,2237,30.851981432568223,0.5968477354849315,28.015224204911107,0.9982185035834206,0.36978533819360065,0.31808969191364855,7,1,0.4375,30,2100,31.015731789311893,0.6340442620279166,0.9980051472078805,27.568070445065374,0.44233675368020875,0.3616848926690968,4276,31.586120436058245,0.6895193681616034,0.9990634407614959,31.05210225485047,0.2628766256083722,0.3738355609558526,-0.2325881402978709,0.03356596708484172,-0.4430489744353636,-0.05432693202784411,True,0.47059418229130545,0.3516556589984903,0.6603148301574151,26.934815891268645,0.9995855752433475,7883
7884.png,0.5945186226282502,0.49270216962524654,0.6601479915433404,0.49563492063492065,0.9881329113924051,0.999027454367728,28.023433505899774,0.9969660754871157,28.80178122732556,0.3982546608488695,0.2398851314438999,0.41895107789017444,31.54766445771742,0.5979204499898536,2115,5,17,40,22,2.08135593220339,3.4,295,307,545.7849971392565,4.616782341569157,0.03154684215009227,0.005574611288774567,-0.45554666720407155,-0.00012538103640080678,-0.0003028880491583452,0.010159422753631409,613.3792400360107,5,17,-12,40,22,2.08135593220339,3.4,5,0,295,307,233,1.7778012936132115,4.616782341569157,545.7849971392565,0.03154684215009227,44707,21.13806146572104,30.98628841607565,256x256,65536,sparse,Meijering,295,5,27,1942,31.84824923038886,0.6317030247747744,29.234185634183913,0.997268963536274,0.3880952380952381,0.2751700343835558,11,3,0.0,39,2106,32.16580413366223,0.6772263597388714,0.9972037417739309,29.161650238910255,0.42305018961951335,0.3496031746031746,4291,32.615039135165674,0.7270376458772663,0.9983626465665508,31.64770699053562,0.237824890626384,0.38412698412698415,-0.43240440685835324,-0.035284902939655916,-0.30058477267143857,-0.03378257478492075,True,0.5725850680512734,0.2398851314438999,0.5889440113394756,28.478980173103846,0.9991528354041288,7884
7885.png,0.5401588702559577,0.3432377049180328,0.5110602593440122,0.34932221063607927,0.9517045454545454,0.9993060422510989,27.83555194321988,0.9966475064586713,28.584001049340614,0.2369060006937218,0.2542264919086078,0.45979551563527143,30.65927208689299,0.5555346360273379,2756,13,43,98,53,2.1538461538461537,3.3076923076923075,390,420,831.000279771519,3.6624761248246216,0.04553906126789404,-0.01835176804191463,-0.8626866797727395,-0.0002209420002954321,-0.0008219735004998396,-0.007098170317748481,648.6506462097168,13,43,-30,98,53,2.1538461538461537,3.3076923076923075,13,1,390,420,239,1.9785720946940881,3.6624761248246216,831.000279771519,0.04553906126789404,45294,16.43468795355588,23.779390420899855,256x256,65536,sparse,Meijering,390,13,32,2705,31.392342930643142,0.6277312968997997,29.58648718218879,0.9974694799591711,0.2440041710114703,0.2774726463579278,8,1,0.8076923076923077,40,2588,31.708339309412995,0.6718142912463925,0.9973887489004342,29.542200497454605,0.3958906171441353,0.2440041710114703,3300,31.610478423939856,0.6618949583505552,0.9979128289474268,30.63361236123213,0.26246699884792346,0.24435175530066042,-1.0024861328481762,-0.02324615444931999,-0.7330708437501521,-0.0721966608724618,True,0.5529120734406436,0.2542264919086078,0.5585106382978723,28.69823862299262,0.9995269842513943,7885
7886.png,0.5317997293640054,0.4586233565351895,0.6288441145281017,0.4654631083202512,0.9689542483660131,0.9992556021300979,27.396468947091286,0.9969201490783284,28.176406962836012,0.39774055317491236,0.17828662452036714,0.2933279217139979,30.406592259998042,0.5498275705232181,2396,4,23,59,25,2.1151515151515152,5.75,330,349,624.7996950189754,3.8298029386635983,0.03654903289314282,0.01816988718323065,-0.6283423686541134,-0.00019549346573133342,-0.0004397390342048002,0.05001684830835035,653.4955501556396,4,23,-19,59,25,2.1151515151515152,5.75,4,1,330,349,246,1.7902570057850262,3.8298029386635983,624.7996950189754,0.03654903289314282,45575,19.02128547579299,27.352253756260435,256x256,65536,sparse,Otsu,330,4,27,2320,31.021576492308146,0.6070876640255161,28.81106272166436,0.9973598881125332,0.347723704866562,0.2753018096700971,10,2,0.0,33,2264,31.290087792098472,0.6510713321392192,0.9969432329228478,28.310293420903207,0.31156428397872993,0.34654631083202514,3799,31.57756532300762,0.6789970063472598,0.9982797161525737,30.675637400771215,0.17701295104561987,0.3807843137254902,-0.6346557588283481,-0.09701518514972995,-0.6149842323101034,-0.05726009350229799,True,0.6078065241064949,0.17828662452036714,0.5136298421807748,28.0248113157454,0.9994510955958292,7886
7887.png,0.8029891304347826,0.5162977867203219,0.6809978768577496,0.5165056360708534,0.9992211838006231,0.9995838697553648,27.42498681509398,0.9980845626682939,27.733766584843313,0.5275465715418153,0.7120590918692298,1.0167798902401635,29.986842341030574,0.5306308704929764,2270,4,12,25,14,2.0555555555555554,3.0,288,296,571.357194308952,4.245538122124142,0.028993736617060877,-0.018114992556132803,-0.03646486531112103,-6.810555753578029e-06,-0.00012790510023763524,-0.004659547620825655,562.7813339233398,4,12,-8,25,14,2.0555555555555554,3.0,4,1,288,296,249,1.9302607915842946,4.245538122124142,571.357194308952,0.028993736617060877,46048,20.28546255506608,28.8704845814978,256x256,65536,sparse,Meijering,288,4,25,2255,30.57206784054965,0.587544972322037,27.994409863264927,0.9982124677685316,0.5322061191626409,0.680180978183696,4,3,0.0,29,2042,30.792816610561605,0.625029261532351,0.9977637887115399,27.12393559669984,0.5751418795380754,0.5108608205953339,4070,31.272648455168103,0.6731803155072439,0.9989881845060886,30.418225620050126,0.6246889011486004,0.5201288244766505,-0.2606432784216146,0.03187811368553373,-0.5852254995190762,-0.05691410182906054,True,0.7003080004867537,0.7120590918692298,0.8211041229909154,27.4614516804051,0.9995906803111184,7887
7888.png,0.6686046511627907,0.4833906071019473,0.6517374517374518,0.4845005740528129,0.9952830188679245,0.9994625650982758,27.41258810759282,0.9975236345072138,27.971646367120385,0.3908221797323136,0.28172953661254607,0.44439964085712974,30.241215063497737,0.5329753789229508,2413,6,20,49,28,2.085889570552147,3.3333333333333335,326,340,601.1041083028747,4.045442134324758,0.03216407561249678,0.038073677711463194,0.1871598873941771,9.198181747938072e-06,-0.00016112470979467997,0.031465118882715415,604.2194366455078,6,20,-14,49,28,2.085889570552147,3.3333333333333335,6,0,326,340,249,1.7679532597143337,4.045442134324758,601.1041083028747,0.03216407561249678,45886,19.01616245337754,27.159552424368005,256x256,65536,sparse,Meijering,326,6,26,2371,30.64461568380354,0.5932044239167613,28.154285304094003,0.9976847592170085,0.3593570608495982,0.2524163629221786,11,2,0.0,29,2148,30.93411465577821,0.6315581697421668,0.9976142308513887,27.91986046648677,0.3669101078108187,0.3478760045924225,3801,31.278573259044165,0.6640854430288028,0.9985070748684309,30.351286026705505,0.2653296129395083,0.36739380022962115,-0.18263893697361766,0.029313173690367456,-0.4034006203058027,-0.06022904499381054,True,0.6339553651959846,0.28172953661254607,0.6305309734513275,27.225428220198644,0.9994533669165279,7888
7889.png,0.7001934235976789,0.5723705901747445,0.7280352275110087,0.5750248426631335,0.992,0.9988310220840937,28.17810908142501,0.9965415989514176,28.413202709372698,0.5714285714285714,0.6661764961104142,0.8993152039975528,30.96065051055717,0.5818333539677443,2380,4,8,16,11,2.0254777070063694,2.0,314,318,587.422323183892,4.550212370362251,0.02768726362060174,-0.0017344063578327296,-0.17151569522041044,-6.885009180468415e-05,-0.00028772896232098777,0.010646855628637653,579.8220634460449,4,8,-4,16,11,2.0254777070063694,2.0,4,1,314,318,287,1.8472400100122364,4.550212370362251,587.422323183892,0.02768726362060174,45128,18.961344537815126,27.536134453781514,256x256,65536,sparse,Meijering,314,4,28,2368,31.417596623620433,0.6296001134157094,28.867423457785996,0.9968293279137386,0.5607817157999337,0.6875570333972647,6,8,0.0,38,2368,31.76434827134291,0.6740938947516036,0.9965686883510021,28.647924751465624,0.4318981400577169,0.5520317145688801,3756,31.996370719539637,0.6926256265289061,0.9980478387027871,31.032258256939663,0.3328643662322014,0.5766567754698319,-0.45422074841329874,-0.02138053728685052,-0.45694611306326394,-0.04776675944796516,True,0.7407597393541085,0.6661764961104142,0.7019278299555116,28.34962477664542,0.9988998721758984,7889
7890.png,0.8081096516276414,0.6485148514851485,0.7867867867867867,0.6487825010317788,0.9993642720915448,0.9990401464278867,27.975874681630284,0.9974817963835584,28.398342273417775,0.6540362438220758,0.7407597393541085,1.1275028048212938,31.65209264765349,0.6093962770210358,2125,4,7,21,16,2.0220588235294117,1.75,272,275,529.3213251068836,4.590763981727993,0.024077724941785544,-0.002046147564510936,-0.2628019512445121,-6.501518443979837e-05,-0.0002320138471515465,0.008555434907507098,565.9434795379639,4,7,-3,21,16,2.0220588235294117,1.75,4,0,272,275,235,1.9248048185704845,4.590763981727993,529.3213251068836,0.024077724941785544,44746,21.056941176470588,30.840470588235295,256x256,65536,sparse,Otsu,272,4,28,2098,31.925540558242812,0.6432014323598699,28.787382502613987,0.9977138102307099,0.6454808089145687,0.7018027205701126,4,3,0.0,41,2116,32.22265775395967,0.6805188699975183,0.9977366405782808,28.886581344229572,0.7247292169102477,0.636401155592241,4271,32.630329293471945,0.7260356055250563,0.9988824196883588,31.761080048283596,0.6394050598269216,0.608085808580858,-0.38904022919621184,0.038957018783995934,-0.27344791058932216,-0.0338051553388341,True,0.6569914825812934,0.7407597393541085,0.8101557991921523,28.238676632874796,0.9991051616123265,7890
7891.png,0.6319807151466452,0.581596752368065,0.7354551676933607,0.5858778625954199,0.9875919117647058,0.9987534254758323,27.866768274950388,0.9957219856982584,28.428827924900716,0.5104704922491161,0.3619966626569967,0.5500357757608528,31.12872672652309,0.5971778053101756,2820,5,16,33,20,2.0585106382978724,3.2,376,387,689.6532157888248,4.827582897975089,0.027264728364042555,-0.011050079018670833,-0.46789054161037313,-0.00015468045842981226,-0.0006568822859782664,-0.0017977738359438167,695.082426071167,5,16,-11,33,20,2.0585106382978724,3.2,5,0,376,387,323,1.782049653201094,4.827582897975089,689.6532157888248,0.027264728364042555,45190,16.02482269503546,23.23971631205674,256x256,65536,sparse,Otsu,376,5,32,2774,31.645236750285754,0.6541287683984335,28.91410901415103,0.9963788679842367,0.5122682660850599,0.4570669324189969,13,10,0.0,40,2624,31.89040360521265,0.6934521224191392,0.9959963360168387,28.664743626296215,0.3657386069564551,0.4765539803707743,3308,31.867286826347303,0.6805074665704455,0.9970409577063077,30.09734586118059,0.34603790135921986,0.5009534186870063,-0.4852810892503143,-0.09507026976200017,-0.5165100237626632,-0.05695096308825787,True,0.6581329408187211,0.3619966626569967,0.643030794165316,28.33465881656076,0.9989081059342622,7891
7892.png,0.5601851851851852,0.6031582560933745,0.7524625267665952,0.6126220362622036,0.9750277469478358,0.998786177861542,27.392010404351794,0.997306164242486,27.784478037268045,0.4232638888888889,0.2300491300490617,0.42596688074482314,30.293230853101335,0.5429236328167015,2400,5,13,28,20,2.052805280528053,2.6,303,311,622.0287472806966,4.345330757276453,0.030482787923020678,0.006792234106805406,-0.04428471485070773,-5.565926713968494e-05,-0.0001201675646207434,0.021938923756392392,564.5740032196045,5,13,-8,28,20,2.052805280528053,2.6,5,0,303,311,255,2.00009243498616,4.345330757276453,622.0287472806966,0.030482787923020678,45915,19.13125,27.30666666666667,256x256,65536,sparse,Meijering,303,5,26,2335,30.724153532073018,0.5983783759089742,27.953777613926135,0.9974263318071067,0.4013249651324965,0.21041674655709097,16,2,0.0,32,2336,30.97239149409279,0.64342654350892,0.9971147604619277,27.63529865488951,0.3607757837496701,0.4006276150627615,3873,31.32631473281255,0.6666965925552335,0.9984718362524044,30.46193782955513,0.31156428397872993,0.414430115022656,-0.1692995766580907,0.019632383491970717,-0.4309226789716831,-0.05545474309227272,True,0.5400634191250032,0.2300491300490617,0.5533929510783798,27.4362951192025,0.9988418371286817,7892
7893.png,0.5916503587736465,0.508529945553539,0.6742059672762273,0.5133748625870282,0.9817799579537492,0.9988925137837199,27.678414684251837,0.997537921208259,28.420820615163866,0.3701940681069205,0.31499787143688673,0.5293607043690298,30.88914778072955,0.5666933144756465,2183,5,13,31,21,2.0547945205479454,2.6,292,300,517.0493166629288,4.744025654172244,0.02654481733167299,0.02586088508943596,-0.11564409889096794,-3.359208555675508e-05,-0.00017537953079949098,0.020981902478485193,596.1313247680664,5,13,-8,31,21,2.0547945205479454,2.6,5,0,292,300,240,1.723497722209761,4.744025654172244,517.0493166629288,0.02654481733167299,45354,20.775996335318368,30.021071919377004,256x256,65536,sparse,Meijering,292,5,26,2157,31.144997897782112,0.6107767927548977,28.66553572638618,0.9977133007390585,0.3492121656284353,0.3148940753724496,11,3,0.0,34,2136,31.49337117968601,0.6544960001263188,0.9973762324573018,28.312536225058686,0.276956371028945,0.3614060783595752,4367,32.00326568268446,0.707125600733127,0.9987121281807048,31.38682758109729,0.24840341534736698,0.357744415964848,-0.24471511122231604,0.00010379606443711165,-0.2558501170525602,-0.04408347827925119,True,0.5950533706734951,0.31499787143688673,0.5657894736842105,27.794058783142805,0.9989261058692767,7893
7894.png,0.5889610389610389,0.5246570263255469,0.6882295719844358,0.5283793876026885,0.9867503486750349,0.9990229632479148,28.145554347870814,0.9974173357652005,28.833407589859167,0.3782673637042569,0.4566491309255002,0.6682377840413803,31.671321055622442,0.6090034937688565,2255,5,11,28,19,2.0392156862745097,2.2,306,312,578.2327439745362,4.309029064926446,0.029060398362967057,0.023829460013670478,-0.35907300247637863,-7.461044427303776e-05,-0.00017763400407766472,0.025392083644510843,597.0101356506348,5,11,-6,28,19,2.0392156862745097,2.2,5,0,306,312,259,1.8533100768414594,4.309029064926446,578.2327439745362,0.029060398362967057,44634,19.793348115299334,29.062527716186253,256x256,65536,sparse,Meijering,306,5,29,2161,32.006517493259395,0.6469987653312311,29.198748520901752,0.9975949697692782,0.35287528005974605,0.5053970700329431,5,2,0.0,40,2036,32.25794815755518,0.6800211587506152,0.9974684673604352,29.065477807174496,0.4419648542299529,0.3491411501120239,4225,32.69539372762481,0.7278086497060372,0.9986141828608656,31.882354605043737,0.31156428397872993,0.3643150429264651,-0.365340931042585,-0.048747939107442906,-0.3351964376369523,-0.03799527156237459,True,0.6833632306209467,0.4566491309255002,0.5651315789473684,28.504627350347192,0.9990975736921879,7894
7895.png,0.7074370006146281,0.5167498218104063,0.6813909774436091,0.5189692197566214,0.9917920656634747,0.9991705387193331,27.53424586746716,0.9965042230848288,28.360019932655582,0.4621131270010672,0.36109531596808375,0.6297013082098195,31.419067363885524,0.6088852835749432,2139,5,13,28,18,2.0577617328519855,2.6,277,285,597.9260740576882,4.944080553760598,0.030049494486017903,-0.01371084717077431,-0.29326337295648486,-6.368294153136222e-05,-0.0001866328734579925,-0.002095892326062332,607.3627471923828,5,13,-8,28,18,2.0577617328519855,2.6,5,0,277,285,231,2.097986224763816,4.944080553760598,597.9260740576882,0.030049494486017903,44649,20.873772791023843,30.638616175783078,256x256,65536,sparse,Otsu,277,5,27,2044,31.848916845398577,0.642620748454562,28.636973402681335,0.9966908559582868,0.46420901932712955,0.3644937371043776,9,3,0.0,41,2064,32.208240551663906,0.6794728433228604,0.9967099424307897,28.852553126223533,0.30348549934896296,0.44810307802433785,4302,32.705640544153205,0.7309919116197501,0.9983265295388247,31.80512935261313,0.2575336860691625,0.4663564781675018,-0.2769534700257523,-0.00339842113629385,-0.42984948151305247,-0.03373546487961876,True,0.5734390436549086,0.36109531596808375,0.7211478477854024,27.827509240423645,0.9992342216608645,7895
7896.png,0.7701080432172869,0.5183374083129584,0.682769726247987,0.5218002812939522,0.9873586161011311,0.9990238948381874,28.257040758948673,0.9966768398848032,28.704025930631246,0.5084388185654009,0.4620555624053255,0.7986756270171751,30.95287747255654,0.5706984675087986,2253,6,18,42,24,2.0764331210191083,3.0,314,326,585.8375294897228,4.41748045546234,0.032309601201925026,-0.0006002400960384291,-0.026618670231268737,-5.676626499362403e-05,-0.0002948612714865906,0.0012382565703182857,578.0856609344482,6,18,-12,42,24,2.0764331210191083,3.0,6,0,314,326,248,1.7970476364715398,4.41748045546234,585.8375294897228,0.032309601201925026,45192,20.058588548601865,29.08832667554372,256x256,65536,sparse,Meijering,314,6,27,2185,31.31401698417658,0.6178328159156227,28.992404375936054,0.9969717011562897,0.5072005619950826,0.4660750537533823,8,4,0.0,34,2076,31.538262149077532,0.6547030476266369,0.9964151544377077,28.378635244261396,0.21667729314085704,0.4770738536926846,4210,32.06270990277939,0.7074274381637345,0.9982465172822818,31.265993385353575,0.14436302798529033,0.4881615598885794,-0.28837844530480794,-0.004019491348056792,-0.36113951162003843,-0.04713434840682407,True,0.5785271852240825,0.4620555624053255,0.7707082833133253,28.28365942917994,0.9990806611031811,7896
7897.png,0.6646942800788954,0.6504237288135594,0.7881899871630296,0.6587982832618026,0.9808306709265175,0.9980831945997481,27.577473508568534,0.9964400683345938,28.086079215610553,0.534119328331547,0.5875805172998421,0.8092257114198275,30.671265902934767,0.5575963789021934,2209,4,8,19,14,2.027491408934708,2.0,291,295,592.3359158457649,4.458832069360923,0.03002160055111795,0.012067917343513868,-0.3642257308708494,-0.0002762092852762743,-0.0003579794557048155,0.015733037721050724,565.657377243042,4,8,-4,19,14,2.027491408934708,2.0,4,0,291,295,258,2.0079183587992007,4.458832069360923,592.3359158457649,0.03002160055111795,45474,20.585785423268447,29.667722951561792,256x256,65536,sparse,Meijering,291,4,26,2155,31.062591397394847,0.6054308575284407,28.401128211681872,0.9967980477902986,0.5183862906104962,0.6209169618966012,6,11,0.0,31,2154,31.26176592773455,0.6469259824320157,0.9960609327491554,27.825831408053205,0.3674525237926366,0.5140819964349376,4229,31.79589097339152,0.6979207468992269,0.9982901406092927,31.094968815684247,0.31678957732505186,0.5017818959372773,-0.31504899607131875,-0.03333644459675911,-0.39132549446008014,-0.047834478626247345,True,0.7261021356685544,0.5875805172998421,0.6526263627353815,27.941699239439384,0.9983594038850244,7897
7898.png,0.6923641703377387,0.4342857142857143,0.6055776892430279,0.43599856579419144,0.9910350448247759,0.9993175935970943,27.596227780994603,0.9975767478452003,28.602911177556912,0.38552490146900753,0.4681685012207898,0.6435587105220103,31.617702324069622,0.6081420334607702,2289,4,12,33,20,2.0516129032258066,3.0,310,318,550.0202099010282,4.401829771841726,0.027373892998825214,-0.0028739249003565392,-0.5284568359550867,-0.0001120106210055205,-0.00030446293449115647,-0.0042205269999777695,567.286491394043,4,12,-8,33,20,2.0516129032258066,3.0,4,0,310,318,257,1.7296233015755573,4.401829771841726,550.0202099010282,0.027373892998825214,44706,19.530799475753604,28.630843162953255,256x256,65536,sparse,Meijering,310,4,30,2268,31.948981518862276,0.6477720565172939,29.178785689467354,0.9978812107796915,0.3897454284689853,0.4681685012207898,7,2,0.0,40,2278,32.279888239830996,0.6903133660239634,0.9977511345666059,29.003407635473874,0.598280019902414,0.35532448906418074,3919,32.56404158516248,0.716871002129367,0.9986613199495872,31.610945510119567,0.37873651775253836,0.3675152384367157,-0.5758745119104418,0.0,-0.33127919479265344,-0.03963002305652363,True,0.7274682069659875,0.4681685012207898,0.6952380952380952,28.12468461694969,0.9994296042180998,7898
7899.png,0.6959199384141648,0.45298804780876495,0.6235261859062243,0.4571773220747889,0.9801724137931035,0.9992683592703291,28.352970141033083,0.9972678104701458,28.647454991978183,0.4159647011632571,0.24529517876270823,0.5212456676969001,30.10998143334365,0.5209675426549569,2273,8,25,55,34,2.1055900621118013,3.125,322,339,687.4768136209511,3.8695055520312387,0.04462907231181477,-0.01792143017059422,0.04370873076925008,-2.9903768706596168e-05,-0.0002139490491657181,-0.0015383096757633496,602.4620532989502,8,25,-17,55,34,2.1055900621118013,3.125,8,0,322,339,233,2.0279552024216816,3.8695055520312387,687.4768136209511,0.04462907231181477,45874,20.18213814342279,28.832380114386275,256x256,65536,sparse,Meijering,322,8,26,2262,30.64502119232358,0.5840595037221419,28.836532175444383,0.9974817595193115,0.41750301083902047,0.2933874105480163,11,4,0.0,28,2044,30.820210055210385,0.6182237360026359,0.9970806693509966,28.238295477456916,0.12287968883583145,0.3947473139673697,3998,31.266477978141044,0.6711225628411813,0.9982666603850192,30.489153493709882,0.09274646212126203,0.41922773837667454,-0.18907718346619973,-0.04809223178530808,-0.5350397589799307,-0.06309196106718495,True,0.47059418229130545,0.24529517876270823,0.713841368584759,28.309261410263833,0.9992982630390357,7899
7900.png,0.5570258349086327,0.4899156582324899,0.657642136352449,0.4915378955114054,0.9933085501858736,0.9991571298124773,28.559140886272772,0.9964417606938009,28.695122121888332,0.40857456943935505,0.42369088895439,0.6722301270557218,31.359728149452778,0.5910275891408636,2451,5,33,68,27,2.160919540229885,6.6,348,376,696.6413111256304,4.359058196517243,0.030914759271973118,-0.02253432033069458,-0.307855695362818,-8.004685045792659e-05,-0.0005847395546703105,0.0049689770920408605,651.2057781219482,5,33,-28,68,27,2.160919540229885,6.6,5,1,348,376,253,1.852769444483056,4.359058196517243,696.6413111256304,0.030914759271973118,44802,18.27906976744186,26.738474092207262,256x256,65536,sparse,Meijering,348,5,31,2356,31.79646119458134,0.6393936073261584,29.407139525411793,0.9970265002484712,0.4036055923473142,0.44488025323490854,7,1,0.8,40,2218,32.08440444941334,0.6764541980295722,0.9967541068903482,29.155888042266174,0.3734332712858762,0.3968370724531078,3731,32.294986466911794,0.7028852849241023,0.9980069392866657,31.190436567967055,0.2619546452727224,0.39058477381390216,-0.7120174035234612,-0.02118936428051854,-0.4367330451285625,-0.048366018185294735,True,0.6302765554559411,0.42369088895439,0.5795601552393272,28.86699658163559,0.9992371766629352,7900
7901.png,0.5050266114725015,0.5665236051502146,0.7232876712328767,0.5685570710696339,0.9937264742785445,0.9988948496062938,27.93803834853795,0.9968512936992098,28.276159758413407,0.3403873744619799,0.18562418744089992,0.2803574809391979,30.629307488239764,0.5547953168646157,2407,4,24,52,26,2.121580547112462,6.0,329,349,659.6372503055572,4.305227093421217,0.029421315505278576,-0.005862146620494335,-0.14607303523328952,-8.640737151277555e-05,-0.0003368280572209059,-0.008858856693798989,605.44753074646,4,24,-20,52,26,2.121580547112462,6.0,4,0,329,349,251,1.8900780811047444,4.305227093421217,659.6372503055572,0.029421315505278576,45469,18.89031990029082,27.22725384295804,256x256,65536,sparse,Meijering,329,4,27,2363,31.03576220912732,0.6103439795746356,28.63678093809929,0.9971881217564307,0.3492462311557789,0.20546639749666606,14,1,0.0,35,2356,31.36827273654759,0.6572884191383523,0.9969407834702372,28.308367332693905,0.35917572396768127,0.3377602297200287,3898,31.681986475660054,0.6853598886267409,0.9982023789110165,30.845896550883026,0.19647742631093923,0.3334529791816224,-0.36062117968588225,-0.01984221005576614,-0.40645472088755596,-0.0555486627100199,True,0.6620982141052869,0.18562418744089992,0.5108887580929958,28.08411138377124,0.9989812569778066,7901
7902.png,0.7015957446808511,0.5611940298507463,0.7189292543021032,0.5645645645645646,0.9894736842105263,0.9990058400314216,27.81959265094519,0.9971256033290188,28.474911983287527,0.4913563829787234,0.31711483817235864,0.5538300872071674,31.190901103903315,0.5919085441170647,2582,5,16,31,18,2.0602739726027397,3.2,365,376,671.1430976238121,4.175571647735492,0.025430148867148606,0.001811727402233343,-0.3205417973290352,-8.386959704653751e-05,-0.0002981418276386538,0.011543236498910259,638.9627456665039,5,16,-11,31,18,2.0602739726027397,3.2,5,1,365,376,316,1.784955046871837,4.175571647735492,671.1430976238121,0.025430148867148606,45058,17.450813323005423,25.381874515879165,256x256,65536,sparse,Meijering,365,5,30,2471,31.601643875161418,0.6409878378496726,28.83562566823022,0.9974237451566574,0.47981314647981316,0.3519880580381194,13,4,0.0,40,2360,31.913593421390125,0.6798644987944484,0.9973355882375537,28.76008135916839,0.31808969191364855,0.4554851617205735,3638,32.05104177965697,0.6906084230146594,0.9983958814321408,31.06474478066962,0.34107321917720257,0.4701368034701368,-0.36071368494269507,-0.03487321986576075,-0.41074277125810355,-0.04907929373260789,True,0.5725850680512734,0.31711483817235864,0.6997840172786177,28.140134448274225,0.9990897096284681,7902
7903.png,0.5068296189791517,0.37356668678334337,0.5439367311072055,0.3819808701018204,0.9443173150266971,0.9990708698133046,28.15360400279234,0.9957444303537062,29.07585776160545,0.24106041923551172,0.24832749266601817,0.3642361460689688,31.40724991193689,0.5966404847800956,2889,13,43,92,51,2.1452784503631963,3.3076923076923075,413,443,849.9859820760353,3.661544899963582,0.059234631991448856,-0.0018534490382144941,-0.5924908898051164,-0.00019063509614414276,-0.0009280716009171242,0.002245238735665983,633.9657306671143,13,43,-30,92,51,2.1452784503631963,3.3076923076923075,13,2,413,443,270,1.9187042484786307,3.661544899963582,849.9859820760353,0.059234631991448856,44666,15.460713049498096,22.684665974385602,256x256,65536,sparse,Meijering,413,13,35,2798,32.060121554737876,0.6588384758413784,29.91007948768658,0.9966725019546233,0.23881518049984574,0.2900068806144488,8,0,0.3076923076923077,45,2884,32.414599784131674,0.7101439996483477,0.9968901676850382,30.141334822841316,0.2256368161874559,0.23696390003085469,3205,32.261670915366906,0.6880153974454403,0.9973548131900113,31.17630024252923,0.1572720681674673,0.23542116630669546,-0.8342217260811289,-0.041679387948430624,-0.6528716428009851,-0.062197991061282876,True,0.6817760822095809,0.24832749266601817,0.5086830680173662,28.746094892597455,0.9992615049094488,7903
7904.png,0.6378073770491803,0.4105834464043419,0.5821469796075414,0.4227437831796591,0.9345274861025324,0.9990926010648936,27.648129469275638,0.9964777361322522,28.30215094645196,0.42144432194046305,0.1827564958370722,0.2904743378639421,29.809469467051937,0.5251999349696398,3516,12,41,96,52,2.1153081510934393,3.4166666666666665,503,532,1019.2312186605735,3.4404721075213454,0.04415262824790083,-0.009764908820977913,-0.9562541952256005,-0.0002581241504239218,-0.000781836073128428,0.02999419620701793,690.840482711792,12,41,-29,96,52,2.1153081510934393,3.4166666666666665,12,2,503,532,355,1.915848155377013,3.4404721075213454,1019.2312186605735,0.04415262824790083,45949,13.068543799772469,18.639362912400454,256x256,65536,sparse,Meijering,503,12,35,3481,30.89115312232768,0.6299748512863376,29.27770020321084,0.9972595722053806,0.3914501257334451,0.33889734845714903,13,3,0.7083333333333333,39,3506,31.273398519843155,0.6916092847125586,0.99713254846536,28.959540187929914,0.20248130293312883,0.3877153974430239,594,30.073148636398166,0.5251934486404413,0.9955650756398755,27.288782669528224,0.5452466068320598,0.4064768285873814,-0.9755492567588817,-0.15614085262007682,-1.081683655275743,-0.10477491631669777,True,0.6291657197018043,0.1827564958370722,0.6475722858701582,28.60438366450124,0.9993507252153175,7904
7905.png,0.7489583333333333,0.4940119760479042,0.6613226452905812,0.4941599281221923,0.9993943064809206,0.9992349190225357,27.893772768759177,0.9958062806038186,28.628093585716393,0.5094226742446903,0.4370392981132005,0.5791415572966412,30.697155601531627,0.5658598886149873,2540,4,13,35,21,2.052325581395349,3.25,344,353,696.2020396792653,4.739512840675753,0.03414046919439478,-0.014283192090395525,-0.19480690551358393,-3.36869947339391e-05,-8.280936666238414e-05,0.006877001887697243,687.8471374511719,4,13,-9,35,21,2.052325581395349,3.25,4,0,344,353,288,1.9722437384681695,4.739512840675753,696.2020396792653,0.03414046919439478,45446,17.89212598425197,25.801574803149606,256x256,65536,sparse,Otsu,344,4,28,2484,31.14789339613829,0.6218714995892602,28.834151423682076,0.995889089970481,0.5025456723569931,0.5768379176822511,7,3,0.0,35,2392,31.392967886829283,0.6642845574251067,0.9956967050394598,28.40558988484314,0.3840659510760023,0.46510931416591794,3682,31.628708721864427,0.6790466584693379,0.9968506781664446,30.405187990816582,0.43069179650337197,0.48967375037413946,-0.2060578379656839,-0.1397986195690506,-0.4507377946066633,-0.056011610974272985,True,0.7546329435470737,0.4370392981132005,0.7632415254237288,28.08857967427276,0.9992686060172696,7905
7906.png,0.8110599078341014,0.5028121484814398,0.6691616766467064,0.5037565740045079,0.9962852897473997,0.9993662975543947,26.939855306882446,0.9976834846846601,27.82196624201196,0.5266516516516516,0.4304206328011876,0.7790915592957482,30.74990338491287,0.5630244175884459,2262,5,9,24,19,2.028169014084507,1.8,284,288,589.5262648986263,4.4417180750571505,0.027570722357105223,0.003291639236339683,-0.2269620465876443,-4.3609639413300094e-05,-0.00016378633983882285,0.0013042990418130618,605.5648326873779,5,9,-4,24,19,2.028169014084507,1.8,5,0,284,288,241,2.0469661975646716,4.4417180750571505,589.5262648986263,0.027570722357105223,45534,20.129973474801062,28.97259062776304,256x256,65536,sparse,Meijering,284,5,26,2183,31.07897708532251,0.6094137428396642,28.074187377109837,0.9978472710244989,0.5253473526098386,0.4674081989931028,6,3,0.0,33,2216,31.337780590377477,0.6539893303231918,0.9976337150067998,27.643287197738026,0.5734390436549086,0.5093843843843844,4049,31.768653972129343,0.6906957385801901,0.9988105047055499,30.688461730532694,0.44010163343459796,0.5167104769057455,-0.25222113509787647,-0.03698756619191523,-0.3290737004096407,-0.046389325251218305,True,0.5524647618955876,0.4304206328011876,0.8077682685977617,27.16681735347009,0.999409907193808,7906
7907.png,0.6016109045848823,0.5411631419939577,0.7022788532222494,0.5442461071021648,0.9896408839779005,0.9990883248552449,27.909413263102742,0.9969100974886098,28.631252826223115,0.43182681352069885,0.3223273393919238,0.5724384309765836,31.252726405823196,0.5856396169027027,2188,5,12,26,19,2.049122807017544,2.4,285,292,539.135278359306,4.872127097949647,0.020939046772986566,-0.004430630972071747,-0.13433019061029228,-6.260008404224138e-05,-0.00015303075258488175,0.01253323205469048,608.1211566925049,5,12,-7,26,19,2.049122807017544,2.4,5,0,285,292,240,1.8463536930113191,4.872127097949647,539.135278359306,0.020939046772986566,45010,20.571297989031077,29.952468007312614,256x256,65536,sparse,Otsu,285,5,27,2074,31.52122985417861,0.6236362844013812,28.892608016534425,0.9970631282411947,0.41929358146600837,0.27830585097856153,13,4,0.0,36,2178,31.774556945318622,0.6693330387816464,0.9966833567947488,28.457339887344787,0.40100378514889456,0.3949867071781238,3959,32.20189749404378,0.7034527929665206,0.9983956716715432,31.587001568651438,0.2361713268032949,0.4305239179954442,-0.2613551903113098,0.044021488413362286,-0.26850344835541406,-0.03799666749867847,True,0.5630777424255589,0.3223273393919238,0.6060415355569541,28.043743453713034,0.9991509249392871,7907
7908.png,0.6657718120805369,0.40085942295887045,0.572304995617879,0.40559006211180126,0.9717261904761905,0.9992843024501276,27.02045286522022,0.9975000737175107,28.161746370259657,0.34964385258593994,0.35126260393868414,0.5297196420292851,29.911242424918598,0.5247972045335795,2732,6,24,58,30,2.1002785515320332,4.0,359,377,674.5270421685145,4.0444142695588985,0.04292341672570932,0.007629147208396914,-0.5203772409460115,-0.0001500436071297795,-0.00030866601345092004,0.001817765629418211,595.6385135650635,6,24,-18,58,30,2.1002785515320332,4.0,6,0,359,377,271,1.7891963983249684,4.0444142695588985,674.5270421685145,0.04292341672570932,46205,16.912518301610543,23.988286969253295,256x256,65536,sparse,Meijering,359,6,28,2716,30.556484422102564,0.6012140083881421,28.489921028641113,0.9978087397309616,0.34782608695652173,0.5196946989102006,6,1,0.5,31,2518,30.768339300388217,0.6442344600349617,0.9974508534559846,27.813821708739287,0.49626970631103673,0.3406832298136646,3336,30.899573341309996,0.6394741694320853,0.9984180069703057,30.043683566779265,0.4700645116824316,0.3518633540372671,-0.32817465838145665,-0.16843209497151646,-0.645241997183966,-0.07641680385456262,True,0.6631104004243529,0.35126260393868414,0.65814266487214,27.540830106166233,0.9994343460572573,7908
7909.png,0.5834808259587021,0.5322230267921796,0.6947069943289225,0.5450500556173526,0.9576547231270358,0.999066343852029,27.92246720621,0.9972329724323087,28.399742429665906,0.42602892102335926,0.3827616345856836,0.5397354724601238,30.767907320663824,0.5612996081077972,2301,4,16,35,17,2.0754716981132075,4.0,318,330,636.1314218840201,4.276249052968415,0.03136151195121746,-0.012150815127484393,-0.3064524358495291,-0.00013902110231411857,-0.00022770672091854127,-0.0070448646644419854,599.8086929321289,4,16,-12,35,17,2.0754716981132075,4.0,4,1,318,330,266,1.9276709754061192,4.276249052968415,636.1314218840201,0.03136151195121746,45408,19.734028683181226,28.481529769665364,256x256,65536,sparse,Meijering,318,4,27,2236,31.162823473338904,0.6123079585408214,28.66276306806215,0.9974606791532272,0.43307378568780125,0.302323673928969,11,3,0.0,34,2202,31.44372125526715,0.6550775202938246,0.9972674558775201,28.353855722023532,0.31862084362617304,0.40081572117167225,4065,31.842913559533855,0.6953257758078069,0.9985608039356284,31.106555754864967,0.2418258006242282,0.41185185185185186,-0.26302063839624523,0.0804379606567146,-0.39491615267507996,-0.05100835043302421,True,0.7091652376321484,0.3827616345856836,0.5956316410861865,28.22891964205953,0.9992053649543431,7909
7910.png,0.6117179741807348,0.6704953338119167,0.802750322303395,0.6829981718464351,0.9734236581552892,0.9984495713293307,27.958544455479664,0.9973307235106136,28.235659607360862,0.47978142076502733,0.47059418229130545,0.6793413289221066,31.12735385841856,0.5840633984937853,2225,4,11,27,17,2.0489510489510487,2.75,286,293,533.3464480309018,4.796101797710765,0.030585948315750844,-0.021896304450896298,-0.16235794272751036,-0.00015912270478091184,-0.00019641118509561295,-0.021131321111569956,556.3709735870361,4,11,-7,27,17,2.0489510489510487,2.75,4,0,286,293,242,1.820295044474066,4.796101797710765,533.3464480309018,0.030585948315750844,45150,20.292134831460675,29.45438202247191,256x256,65536,sparse,Meijering,286,4,27,2133,31.46957654995441,0.6240467253280481,28.47372302192392,0.9975271346957092,0.5009127418765973,0.4363565077761259,9,6,0.0,36,2222,31.68604145984716,0.6692837635399248,0.9972372264362024,28.0081392680438,0.4022277524677692,0.4791970802919708,4159,32.18973514809829,0.7083874882787363,0.9986230844661071,31.364987554096494,0.29345502574240057,0.4925209777453484,-0.23806341456305802,0.03423767451517956,-0.34222269153585216,-0.039983326834262756,True,0.6927212613988687,0.47059418229130545,0.6336142786316311,28.120902398207175,0.9986086940341116,7910
7911.png,0.6695059625212947,0.3994535519125683,0.5708707536118703,0.40476190476190477,0.9682119205298013,0.9987091121586238,27.854598069515855,0.9945881710002038,28.268762882600544,0.38023542294004925,0.286329090053385,0.5687738006256859,30.396640611434115,0.5611966821790386,3300,13,45,96,56,2.1350210970464136,3.4615384615384617,474,506,941.7323473374319,3.3817512903535416,0.04596173241073293,-0.032734603516441196,-1.166076576496632,-0.0004026594170487563,-0.001598410994470112,0.00015243538818204838,652.0295143127441,13,45,-32,96,56,2.1350210970464136,3.4615384615384617,13,1,474,506,322,1.8611311212202164,3.3817512903535416,941.7323473374319,0.04596173241073293,45270,13.718181818181819,19.85939393939394,256x256,65536,sparse,Meijering,474,13,37,3266,31.557495095847724,0.648563932362664,29.75437050688828,0.9961865819946739,0.3800829875518672,0.32478712855786784,11,4,0.0,42,2942,31.82079296192057,0.6912104372062681,0.9958831198559386,29.373510961606545,0.3170497983931966,0.3894098179812466,589,30.796069155267123,0.562699087773595,0.9938572978455895,27.671274096400225,0.38121660819385916,0.3959138597459967,-1.4856076242877343,-0.03845803850448282,-1.1608544844136084,-0.08736725018362534,True,0.5034146962085904,0.286329090053385,0.7022405660377359,29.020674646012488,0.9991117715756725,7911
7912.png,0.6060254924681344,0.40920363736566545,0.5807587016034415,0.4129588431590656,0.9782608695652174,0.9988057168046173,27.927722182302496,0.9952678482166731,28.486954478573573,0.34349030470914127,0.2614009036295174,0.37406802875060763,30.478586546782815,0.5536626067475121,3343,14,52,129,66,2.156378600823045,3.7142857142857144,486,524,1031.1813288939452,3.4683504006499617,0.052088438824734073,-0.0009247771543940964,-0.9761891820919573,-0.00032885900397983114,-0.0011646572795422916,0.02016531165937757,661.4303588867188,14,52,-38,129,66,2.156378600823045,3.7142857142857144,14,1,486,524,291,1.9679032994159207,3.4683504006499617,1031.1813288939452,0.052088438824734073,45423,13.587496260843555,19.6039485492073,256x256,65536,sparse,Meijering,486,14,36,3287,31.420778704123855,0.6441952906241301,29.586662293163176,0.9964325054962154,0.3233249930497637,0.29578154577853943,15,5,0.0,42,3104,31.72122449472821,0.6927505954740867,0.9962755501561914,29.545702624686037,0.1124977853852197,0.35192307692307695,562,30.581890131914875,0.5513712694768133,0.9938894056042155,27.546758731298002,0.42879093615118524,0.36186770428015563,-1.0997078145896033,-0.034380642149022034,-0.9421921573410401,-0.09053268387661795,True,0.6988057880877979,0.2614009036295174,0.6069502696225285,28.903911364394453,0.9991345758085971,7912
7914.png,0.6719768283852281,0.4654779969650986,0.6352575718353611,0.4679633867276888,0.9887187751813054,0.9992502826067519,27.49507920882774,0.997297671837483,28.2533943836285,0.40304182509505704,0.27798855305048986,0.4463473668650274,31.29916830443728,0.5902867298010561,2308,5,20,44,22,2.096774193548387,4.0,310,325,578.6927218385562,4.283822772195262,0.02940190928770724,-0.009808102119526874,-0.3971171655061596,-7.03432450801511e-05,-0.0003949637247385729,6.813085182411083e-05,583.1983089447021,5,20,-15,44,22,2.096774193548387,4.0,5,1,310,325,244,1.7805929902724789,4.283822772195262,578.6927218385562,0.02940190928770724,44891,19.450173310225303,28.395147313691506,256x256,65536,sparse,Meijering,310,5,29,2223,31.715296705827214,0.634499744256854,28.798781047445342,0.9976926355622215,0.4029736942432329,0.3873736058155839,8,3,0.0,41,2306,32.06083401567008,0.6822882626297583,0.9977857207893035,28.982395757763634,0.5768379176822511,0.3919176515440336,3873,32.26802635003614,0.7055460076650772,0.9986187381940165,31.25770487390217,0.4475173967041721,0.4092987804878049,-0.5453866638168421,-0.10938505276509403,-0.41612840138993334,-0.04421301445579784,True,0.622807646436843,0.27798855305048986,0.681784930504755,27.8921963743339,0.999320625851832,7914
7915.png,0.550755939524838,0.35140866404119964,0.5200627661959202,0.3559374041116907,0.9650582362728786,0.9992640755177064,27.969317087810545,0.9961992663533986,28.887083775477343,0.28973966309341503,0.19569584393442785,0.2994378146537567,30.941237084800974,0.5731144333905412,3020,10,37,85,43,2.125290023201856,3.7,431,458,834.1964667154433,3.6054349540281185,0.05024953565255974,0.060883471407808754,-0.9258827918843835,-0.00019099080497297916,-0.0008585224478830922,0.049175072728272345,613.9459609985352,10,37,-27,85,43,2.125290023201856,3.7,10,1,431,458,303,1.8213896653175572,3.6054349540281185,834.1964667154433,0.05024953565255974,45099,14.933443708609271,21.70066225165563,256x256,65536,sparse,Meijering,431,10,35,3001,31.683825767810614,0.6478063760416525,29.898070686907452,0.9970577888012817,0.2405645903651427,0.18126924692201818,16,3,0.0,42,2702,31.918312854286704,0.6864463645226295,0.996774437969885,29.620379095361233,0.14215627376063322,0.20773243326173674,3040,31.784886511275268,0.66714290813118,0.9975130429750105,30.66401266601867,0.16154173820959805,0.2401840490797546,-1.010986911430109,0.01442659701240967,-0.7425886830096395,-0.07469194265111123,True,0.6535441896699425,0.19569584393442785,0.4898724681170293,28.89519987969493,0.9994550663226793,7915
7916.png,0.5767356881851401,0.5718105423987777,0.7275820170109355,0.5740030674846626,0.993364299933643,0.9990572151369976,27.415463524271356,0.9974169019929521,28.074705846247916,0.4148773006134969,0.16806419617332824,0.2628446453314288,31.21624135078559,0.5865132183868438,2275,4,7,20,15,2.01980198019802,1.75,303,306,526.3938026314938,4.461414629083262,0.02377872462776521,-0.013839587212656768,-0.19824685812118048,-5.72682833712701e-05,-0.00023372070966509728,-0.0038343558282208923,564.3057823181152,4,7,-3,20,15,2.01980198019802,1.75,4,0,303,306,268,1.7202411850702384,4.461414629083262,526.3938026314938,0.02377872462776521,45079,19.814945054945056,28.807032967032967,256x256,65536,sparse,Meijering,303,4,27,2153,31.487506460140434,0.6265249937377683,28.372610504631815,0.9976506227026172,0.4187116564417178,0.23367877714108365,13,1,0.0,38,2194,31.77155695031366,0.6682599320382673,0.9976660615921568,28.423952197556922,0.17212151191676217,0.4052914110429448,3787,32.07421229097389,0.6939425928979677,0.9986675213328472,31.175577267872203,0.14259608083955877,0.41411042944785276,-0.29790465838389935,-0.06561458096775541,-0.27126510935484305,-0.04001177535092448,True,0.6394050598269216,0.16806419617332824,0.5905752753977969,27.613710382392537,0.9991144834203689,7916
7917.png,0.5781342840166369,0.4652931854199683,0.6350854423534501,0.4709656721206288,0.9747675962815405,0.9991202724183056,27.81344779751365,0.9958405490084838,28.634419960050664,0.36500319897632755,0.29765695999282116,0.4687128434174262,30.568291714414745,0.5555408193375949,2555,5,24,57,30,2.1085714285714285,4.8,350,369,744.3607772734995,4.259501784529005,0.040330210752249,-0.012284877660009741,-0.45630298744778486,-0.0001894934507787882,-0.0005491066328404681,-0.003941298938334004,614.9396896362305,5,24,-19,57,30,2.1085714285714285,4.8,5,1,350,369,263,2.017237878789969,4.259501784529005,744.3607772734995,0.040330210752249,45484,17.801956947162427,25.650097847358122,256x256,65536,sparse,Otsu,350,5,29,2506,31.158233141443944,0.6179282652479741,29.2138428450512,0.9963896556413243,0.36894449791466155,0.3468836578793244,10,3,0.0,34,2336,31.34106152261041,0.6564435590314538,0.9956690696275293,28.47313100164844,0.21074567104866437,0.37696503047802377,3562,31.525861427478365,0.6683846562808778,0.9971563536453955,30.476463181855195,0.2831274027879489,0.35471456061577933,-0.5794228850005361,-0.049226697886503246,-0.5899414270291992,-0.06238744591037915,True,0.6350518535455063,0.29765695999282116,0.5904191616766467,28.269750784961435,0.9993097658690844,7917
7918.png,0.5895287958115183,0.38909952606635073,0.5602183555100648,0.3913250714966635,0.985594237695078,0.9995409625341557,27.663970692060808,0.99767486979838,28.611079162508023,0.3265014299332698,0.29295903069483864,0.5681074044993232,31.40552081682233,0.5859994167959239,1949,6,21,50,27,2.10989010989011,3.5,273,288,556.8056182733886,4.283694934058976,0.033606370165717915,0.0017821706817156002,-0.19938689114649577,-6.088532106951483e-05,-0.0003491996412948728,-0.005243088655862704,596.9972610473633,6,21,-15,50,27,2.10989010989011,3.5,6,0,273,288,196,1.9333528412270407,4.283694934058976,556.8056182733886,0.033606370165717915,44828,23.000513083632633,33.62544894817855,256x256,65536,sparse,Meijering,273,6,25,1781,31.682810682513626,0.6169547996781631,29.010448253815568,0.9980240694396749,0.3317445185891325,0.302323673928969,6,1,0.5,36,1862,31.94247178491811,0.6586098832811109,0.9979219654526074,28.85340190648973,0.4511883639059735,0.3088655862726406,4825,32.65809961024412,0.7408789880485717,0.9987779687564333,31.598816475813557,0.1940344551499833,0.3260247855100095,-0.3993690913075447,-0.009364643234130332,-0.2772898656912943,-0.030955382882239202,True,0.5156754310446374,0.29295903069483864,0.5877466251298027,27.863357583207303,0.9996018478552252,7918
7919.png,0.7123867069486405,0.4796057104010877,0.6482885366413967,0.48173438033458515,0.9908707865168539,0.9992777639944178,27.32404588780779,0.9969803378173714,28.100565807297443,0.4793726559836345,0.4438218746290582,0.6337523979742868,31.004348389857462,0.5778885636044412,2396,4,10,23,15,2.036697247706422,2.5,327,333,599.1716098631983,4.7000343679288115,0.021486144567985484,1.620115948752776e-05,-0.2122617235123272,-6.812630397157182e-05,-0.0002771828646281893,0.007680977948163803,620.6855773925781,4,10,-6,23,15,2.036697247706422,2.5,4,0,327,333,289,1.799314143733326,4.7000343679288115,599.1716098631983,0.021486144567985484,45202,18.86560934891486,27.352253756260435,256x256,65536,sparse,Meijering,327,4,29,2360,31.392458084350064,0.6279425546664587,28.38599644817139,0.9972575206819996,0.4716916780354707,0.408444635633185,8,1,0.0,37,2298,31.662356896791902,0.6704331472215944,0.9971866899992077,28.253848082421662,0.44981461834928504,0.4486873508353222,3882,32.001657655949586,0.6974802684244513,0.9985098267556638,31.157533707235068,0.30154804718716377,0.47137014314928427,-0.28543064087394754,0.035377238995873195,-0.38810969449260213,-0.05005399106201747,True,0.7003080004867537,0.4438218746290582,0.712370505789153,27.53630761132012,0.9993458902983894,7919
7920.png,0.8187869822485208,0.4888977002379064,0.6567243675099866,0.4888977002379064,1.0,0.9994700274610282,27.30970665470096,0.9979756042185777,27.919687810158056,0.48553309552120494,0.5524647618955876,0.8870552008413906,30.383305612734585,0.5401373804053979,2209,4,9,23,16,2.0343642611683848,2.25,291,296,498.3695511625545,4.451794319546099,0.02505425210161222,0.01072126156144082,0.13880739701425426,7.446698323976264e-06,-0.00014263644469225678,0.015061434799841456,561.1543655395508,4,9,-5,23,16,2.0343642611683848,2.25,4,0,291,296,252,1.6836809160897095,4.451794319546099,498.3695511625545,0.02505425210161222,45838,20.750565866908104,29.667722951561792,256x256,65536,sparse,Meijering,291,4,25,2207,30.72285096077719,0.5924889706477331,28.012591476123593,0.9981182406632699,0.4704716607213635,0.680180978183696,4,7,0.0,31,2018,30.958665097338013,0.6304519651855964,0.9978385657169282,27.533269163219543,0.5470619872234423,0.4863258026159334,4276,31.51346424540114,0.6901689162885613,0.9989575391548977,30.75945122760693,0.6880773379673533,0.469678953626635,-0.09290366596553667,-0.12771621628810848,-0.3395453480426056,-0.052351590242335155,True,0.622807646436843,0.5524647618955876,0.8080657206870799,27.170899257686706,0.9994625807627042,7920
7921.png,0.563323782234957,0.51138353765324,0.6767091541135575,0.5214285714285715,0.9636963696369637,0.9985318144667054,28.33092332407743,0.9963973726045493,28.347462593892516,0.41902404526166903,0.22666042897130312,0.3672951159045655,30.08051583832126,0.5245668524845076,2710,11,25,57,39,2.0748663101604277,2.272727272727273,374,388,768.8700521578795,3.4763830167087004,0.03996739944469021,0.024908058589930282,-0.2331569330047394,-0.0001587132388517487,-0.0006121568350577755,0.039566128000613376,621.6022968292236,11,25,-14,57,39,2.0748663101604277,2.272727272727273,11,1,374,388,278,1.9816238457677269,3.4763830167087004,768.8700521578795,0.03996739944469021,45809,16.903690036900368,24.183025830258302,256x256,65536,sparse,Meijering,374,11,30,2683,30.828857557637615,0.6043350754471828,29.025493339949282,0.9970095294396071,0.37945791726105566,0.26925024519255036,19,5,0.0,33,2706,31.092824914354317,0.6545307227583159,0.9968786550249197,28.726563796961642,0.03921056084767671,0.4319306930693069,3421,31.140348174917666,0.6481579270585391,0.9975582206086936,29.97149382062538,0.06419598147824934,0.37873070325900515,-0.6780307460567663,-0.042589816221247245,-0.748341719316354,-0.07976822296267516,True,0.6171071140248879,0.22666042897130312,0.5384157236450268,28.564080257082168,0.9986905277055571,7921
7922.png,0.6482213438735178,0.4877843302443134,0.6557191392978483,0.4896405919661734,0.9922879177377892,0.9993631036102472,27.88938935798091,0.9973939764491123,28.61772812581655,0.3875739644970414,0.20485498267303381,0.3329958172275322,31.700444301741765,0.6062678562443817,1997,4,13,32,18,2.0654545454545454,3.25,275,284,555.678133599464,4.489032816019925,0.03407323387574822,0.005251359671306077,-0.08448446596254655,-1.9868111384546694e-05,-0.0001841882848739873,0.0015274528691344158,590.4941558837891,4,13,-9,32,18,2.0654545454545454,3.25,4,0,275,284,225,1.9566131464769836,4.489032816019925,555.678133599464,0.03407323387574822,44728,22.397596394591886,32.817225838758134,256x256,65536,sparse,Meijering,275,4,27,1939,31.896173296305736,0.6375205419330631,28.842516252929546,0.9975781647339863,0.386046511627907,0.2562125719798204,10,1,0.0,39,1958,32.203070244579564,0.6751442544835871,0.9975865170736918,28.804199988921248,0.24832749266601817,0.37463002114164906,4714,32.88867569611051,0.7440004594817411,0.9987675081767898,32.08794927703891,0.1767080845742196,0.39154334038054966,-0.22478812711299412,-0.05135758930678658,-0.19572899456397153,-0.031252685688681336,True,0.6151878554470214,0.20485498267303381,0.6429699842022117,27.973873823943457,0.9993829717216317,7922
7923.png,0.7141009055627425,0.45790629575402636,0.6281697213155912,0.45840967387321363,0.9976076555023924,0.9993549134588688,27.783591325442238,0.9971898581861023,28.242855407092588,0.5093304061470911,0.502171679826038,0.7990977938783851,30.497706276517178,0.5473133010348123,2370,5,15,36,22,2.061349693251534,3.0,326,336,601.2862016504641,4.300322484750689,0.02776194952154965,0.013569697063406494,-0.09415363058916171,-2.313841859380439e-05,-0.00027520409661252465,0.03148346363519072,591.4371013641357,5,15,-10,36,22,2.061349693251534,3.0,5,0,326,336,268,1.7895422668168546,4.300322484750689,601.2862016504641,0.02776194952154965,45672,19.270886075949367,27.652320675105486,256x256,65536,sparse,Meijering,326,5,27,2286,30.98067323972814,0.6041523361525839,28.512811466100743,0.9974650622827148,0.4778469425119004,0.5595683454940007,7,10,0.0,31,2230,31.139064312696114,0.6450827263095031,0.9969780252955593,27.861471088065464,0.39211999566037214,0.46249542627149653,3793,31.499305719593103,0.6741998673329196,0.9984237210505925,30.604759813568492,0.24205378865419724,0.47508184794470715,-0.26995605900815534,-0.05739666566796264,-0.4829669632109628,-0.05683903511777155,True,0.6284233089779543,0.502171679826038,0.700531208499336,27.8777449560314,0.9993780518774626,7923
7924.png,0.5917201998572448,0.5233567589913187,0.6871099050203527,0.5308176100628931,0.9738461538461538,0.9992025105044398,26.746263351593434,0.9979795683829497,27.666742353059675,0.3876098786102972,0.3749977317172992,0.6234573616319418,30.123439299005042,0.5250955980431369,2144,4,14,31,19,2.072992700729927,3.5,274,284,545.6231823064286,4.362362060233624,0.026817629033102613,-0.0016706047404563273,-0.3086838682326771,-0.00010252859958903571,-0.00012764746817839345,0.0027042182329387043,575.0892162322998,4,14,-10,31,19,2.072992700729927,3.5,4,0,274,284,224,1.9212083884029152,4.362362060233624,545.6231823064286,0.026817629033102613,46154,21.52705223880597,30.567164179104477,256x256,65536,sparse,Meijering,274,4,24,2095,30.51184832203941,0.5765228696847613,27.795992832366572,0.998107215851128,0.3849056603773585,0.3958906171441353,5,0,0.875,29,2102,30.74705436309792,0.6206411145556626,0.9978157297470553,27.30329604863201,0.3005773010572709,0.38113207547169814,4364,31.305328476546723,0.6826800316310347,0.9988798887729081,30.399074605951416,0.27707113075078493,0.38616352201257864,-0.12925047930689715,-0.020892885426836094,-0.38840902303436664,-0.05142727164162442,True,0.6014809589154859,0.3749977317172992,0.5933908045977011,27.05494721982611,0.9993050391040288,7924
7925.png,0.5989501312335958,0.4306768558951965,0.6020602823349867,0.43351648351648353,0.9850187265917603,0.9990742910322463,28.01253953001014,0.9960966486162899,28.365272703727477,0.3883123975969416,0.28426439318734065,0.44558355713663805,30.271011060962493,0.5483323464718243,3149,11,39,97,49,2.132701421800948,3.5454545454545454,422,450,889.2484630567526,3.6072252711978567,0.052468957205318384,-0.01063522148584417,-0.5926190173770358,-0.0001537512682322495,-0.0008453487135718918,0.00840572727028771,623.8889694213867,11,39,-28,97,49,2.132701421800948,3.5454545454545454,11,1,422,450,276,1.9761076956816683,3.6072252711978567,889.2484630567526,0.052468957205318384,45614,14.48523340743093,20.81168624960305,256x256,65536,sparse,Meijering,422,11,34,3129,31.178647199523233,0.6352456696563749,29.342209625253197,0.9969419973298618,0.3799066703266539,0.42305018961951335,10,4,0.0,39,2966,31.457930384991514,0.6827612711969442,0.9967544028386679,28.989232593563877,0.23869961330312617,0.37328579264947886,642,30.375398415906165,0.5471660388205212,0.995008963748327,27.335721251190716,0.365904405254568,0.39204389574759946,-0.97693692152572,-0.1387857964321727,-0.9076361385607399,-0.08691332318455058,True,0.6379597914565125,0.28426439318734065,0.6095853527194399,28.605158547387177,0.9992280423004786,7925
7926.png,0.7419804741980475,0.4920245398773006,0.6595394736842105,0.49363972096840375,0.9933938893476466,0.9993196445217263,27.48954364067717,0.9972927824134131,27.951575109447333,0.5237315875613748,0.4857264722933681,0.8849570309367292,30.625365794970193,0.5552163774244361,2163,4,13,30,16,2.0618556701030926,3.25,291,300,504.75468487103586,4.382869320227108,0.023295207440758598,0.015538842693124777,-0.046523225053448414,-1.9963172920633987e-05,-0.0002482609877063613,0.013267902702942314,594.2263603210449,4,13,-9,30,16,2.0618556701030926,3.25,4,1,291,300,245,1.682515616236785,4.382869320227108,504.75468487103586,0.023295207440758598,45476,21.024503005085528,30.298659269533054,256x256,65536,sparse,Meijering,291,4,26,2138,31.072792425123694,0.6041906840862182,28.242777619514317,0.9975410434011195,0.5104636848584325,0.6062346084675301,5,7,0.0,32,2112,31.31171433883563,0.6457645665874368,0.9972241963169556,27.824542322719125,0.32022947431967896,0.5141335518230233,4134,31.776635315600604,0.6956319196037861,0.9986351801319714,30.87421375961226,0.31099034844211915,0.5130932896890343,-0.2912025100669844,-0.120508136174162,-0.44742663015350104,-0.04897430666178215,True,0.5488701205969576,0.4857264722933681,0.7264416315049227,27.536066865730618,0.9993396076946469,7926
7927.png,0.6006845407872219,0.5780433159073936,0.7326076668244201,0.5906142693628386,0.9644859813084112,0.9988974366047586,27.69942015566478,0.9972296603276546,28.382013967314098,0.4565548780487805,0.26588597064638964,0.38729878881130403,30.246806087380342,0.5325196772141091,2388,4,29,55,23,2.154320987654321,7.25,324,349,680.7480585484373,4.068390603418703,0.035587694314438846,-0.004502779097504295,-0.23115430011630522,-0.00013817672436389206,-0.0001381029813736223,0.006345034477624412,608.4437370300293,4,29,-25,55,23,2.154320987654321,7.25,4,2,324,349,246,1.9505675030041152,4.068390603418703,680.7480585484373,0.035587694314438846,45866,19.206867671691793,27.44388609715243,256x256,65536,sparse,Otsu,324,4,26,2350,30.664987520414858,0.5926219726813037,28.561563160000013,0.9973677633090282,0.45020984357115607,0.28965179529082274,10,3,0.0,31,2230,30.969167290406077,0.6362805408282343,0.9970842314220748,28.160365096143703,0.36713617097291873,0.4340701219512195,3885,31.313870791952297,0.6680477963198622,0.998391488740848,30.64108934201983,0.18593436676015807,0.432977913175933,-0.17954919268591496,-0.02376582464443311,-0.4181814330345155,-0.06010229546719459,True,0.6865138191173947,0.26588597064638964,0.6051873198847262,27.930574455781084,0.9990356133291225,7927
7928.png,0.5771762984637894,0.2610710607621009,0.4140465496120866,0.26565365470264607,0.9380203515263644,0.9994039303177337,27.445637585882462,0.995753261237339,28.369429796022892,0.2779519331243469,0.24510489305848338,0.4422269843484195,29.72054679806144,0.5181708157629662,3694,21,57,135,80,2.1340782122905027,2.7142857142857144,537,573,1134.5417303504064,3.0277451529849175,0.06519042108333693,-0.00241242963979027,-0.9520927931902179,-0.00019252787530066318,-0.0012312998269438102,0.017799981329743808,672.8355884552002,21,57,-36,135,80,2.1340782122905027,2.7142857142857144,21,2,537,573,322,1.9800030198087315,3.0277451529849175,1134.5417303504064,0.06519042108333693,45993,12.450730914997292,17.74120194910666,256x256,65536,sparse,Meijering,537,21,37,3632,30.908641782780983,0.6304155151578165,29.539359261597653,0.9969845610642828,0.2601519517946031,0.3284600816054771,11,3,0.5119047619047619,40,3412,31.25581364200263,0.6864409521267094,0.9968618629153133,29.376627361574826,0.15769483631876113,0.25508607198748046,539,29.982333309305282,0.5165588675092048,0.9952768938882797,27.69676383039632,0.3485609424689444,0.2638197537332984,-1.1699294655747607,-0.08335518854699375,-1.188094984719541,-0.11224469939485027,True,0.5542513273350398,0.24510489305848338,0.5795887281035796,28.39773037907268,0.9995964581930343,7928
7929.png,0.6916724019270475,0.48358315488936476,0.6519124368535001,0.4844476224526278,0.9963235294117647,0.9993752881740318,27.799918197510788,0.9977469325175718,28.580389231132397,0.3900785153461813,0.3376757239478778,0.555564493889363,30.781797820289086,0.5625185636045029,2385,4,17,42,23,2.0783132530120483,4.25,332,345,600.4941108358762,4.325316389282066,0.03600069110955917,-0.0007947715352883966,0.11090810092848713,-1.559334938872059e-05,-0.00014083753110494257,0.0007327877809328309,573.5311508178711,4,17,-13,42,23,2.0783132530120483,4.25,4,0,332,345,267,1.7405626401039866,4.325316389282066,600.4941108358762,0.03600069110955917,45402,19.036477987421385,27.478406708595386,256x256,65536,sparse,Meijering,332,4,27,2274,31.15408897148715,0.613982114590079,28.65065548278043,0.9978877700486768,0.3893457275652485,0.34876771569607057,9,0,0.375,33,2204,31.3988989121342,0.6547328080531842,0.9977041541718835,28.23036272724384,0.37151583391064846,0.3707543796925277,3811,31.742206177639915,0.6832948388531048,0.9986968976029607,30.974205420309634,0.29476963397889533,0.35645334286735786,-0.07026625164803235,-0.011091991748192753,-0.37229115119806266,-0.05146355098557609,True,0.6078065241064949,0.3376757239478778,0.6924671734623359,27.6890100965823,0.9993908815234205,7929
7930.png,0.6576802507836991,0.4438131313131313,0.614779186707477,0.4460659898477157,0.9887482419127989,0.9993514828937791,28.178623487228187,0.9971677444627877,28.755619297566533,0.38373932299905095,0.34194156095458095,0.5660076049833511,31.3639845122375,0.6002274819718053,2511,5,10,26,20,2.03003003003003,2.0,333,338,550.0102213186613,4.606528308298495,0.029454917781400105,-0.00622281044079076,-0.1814429315597863,-5.782312790847399e-05,-0.00027989189104871137,0.007153028582807308,594.4311618804932,5,10,-5,26,20,2.03003003003003,2.0,5,0,333,338,287,1.6272491754989957,4.606528308298495,550.0102213186613,0.029454917781400105,44935,17.8952608522501,26.099561927518916,256x256,65536,sparse,Meijering,333,5,31,2489,31.804493852788443,0.6500549712716448,29.128016308035996,0.9974476363538364,0.37658629441624364,0.3473189236693539,12,2,0.0,40,2282,32.089946473433955,0.6841987286672939,0.9974163964578309,29.101609147866426,0.3124815865957836,0.3745639073897875,3507,32.20243898451894,0.6972326486598577,0.9983063107154351,31.04037587258331,0.2778739389627951,0.3691722169362512,-0.37239701046946294,-0.00537736271477296,-0.4405093405509426,-0.04982748929983949,True,0.6041289161912216,0.34194156095458095,0.6639030612244898,28.360066418787973,0.9994093060216875,7930
7931.png,0.7124631992149166,0.5871499176276771,0.7398795931077435,0.590066225165563,0.991652754590985,0.9989715628617816,27.89482548907968,0.9972203357361673,28.15780328590504,0.553394858272907,0.4988797019785042,0.6449660137495484,30.055404811170497,0.5333896569928871,2920,5,25,58,28,2.095923261390887,5.0,417,437,799.2875372384806,3.6972552063367923,0.03534235281722374,0.00227526647505516,-0.3270725503314935,-0.00011122251915929304,-0.0003675356710646227,0.009020064475480427,650.0632762908936,5,25,-20,58,28,2.095923261390887,5.0,5,0,417,437,331,1.8290332659919417,3.6972552063367923,799.2875372384806,0.03534235281722374,45923,15.727054794520548,22.443835616438356,256x256,65536,sparse,Meijering,417,5,30,2803,30.769602053476955,0.6126172182676997,28.58681290765543,0.9975878714072319,0.5443747937974266,0.5266877687902607,10,8,0.0,33,2602,30.977555203964013,0.655690538829448,0.997138994297232,27.962780024246094,0.3078828183112696,0.5456936226166995,3145,30.943154280476875,0.6364986549428878,0.9979321911435445,29.335553647314306,0.39427750893482305,0.5600526488976637,-0.4290096217503887,-0.027808066811756516,-0.714197242306458,-0.07922756127481256,True,0.7734976593235312,0.4988797019785042,0.7101879327398615,28.221898039411172,0.9990827853809409,7931
7932.png,0.7534246575342466,0.6194623248769405,0.7650222118307225,0.6204019719378081,0.9975609756097561,0.9987478120520104,27.90703102506738,0.9971633184612102,28.368303630218,0.5366314199395771,0.5573606726386489,0.7941842576299425,30.231233769315754,0.5305909071979182,2124,4,6,18,16,2.0141843971631204,1.5,282,284,603.3967824282352,4.33178310952288,0.03131656916489965,0.00012574760883066194,0.16831248997648984,3.970711375866909e-05,3.652559320843629e-05,0.0014041472123043075,585.4148864746094,4,6,-2,18,16,2.0141843971631204,1.5,4,0,282,284,248,2.1246365578458954,4.33178310952288,603.3967824282352,0.03131656916489965,45911,21.615348399246706,30.854990583804142,256x256,65536,sparse,Meijering,282,4,24,2095,30.579669764188175,0.5808313514351543,28.274374729372177,0.9971267928680018,0.5352272727272728,0.7197294801761884,5,12,0.0,28,1872,30.779423418686438,0.6139163331141533,0.9966827659861685,27.627506165589466,0.38121660819385916,0.5357277882797732,4238,31.37198211610876,0.6833238761419085,0.9983866372200011,30.66303333741792,0.2311482745731166,0.5259398496240602,0.09392890084582461,-0.16236880753753957,-0.34843599487242116,-0.05024044423723606,True,0.7018027205701126,0.5573606726386489,0.7532989099254159,27.73871853509089,0.9987081049382517,7932
7933.png,0.7233938205002453,0.5023513139695712,0.6687534524028724,0.5061315496098104,0.9853499728703201,0.9988284700617307,28.148008138835028,0.996320057979544,28.37494105527056,0.446767537826685,0.2715235641556868,0.34514765664224917,29.94688984910139,0.5323050789767467,3408,13,38,91,51,2.107296137339056,2.923076923076923,466,491,952.6093874974409,3.2149677724285697,0.04473259517875402,0.015145347995153657,-0.4785023833435176,-0.0001404947744407803,-0.0007226003064518816,0.026550328135791113,614.8548126220703,13,38,-25,91,51,2.107296137339056,2.923076923076923,13,2,466,491,324,1.9401413187320526,3.2149677724285697,952.6093874974409,0.04473259517875402,45902,13.468896713615024,19.230046948356808,256x256,65536,sparse,Meijering,466,13,34,3309,30.91020111245554,0.6284792598191199,29.264387538658298,0.9970426582859959,0.4202172096908939,0.37873651775253836,15,8,0.0,38,3350,31.286209220584546,0.686406215456206,0.9967543801392205,28.880222130725272,0.2041410706936132,0.428927680798005,602,30.126668587159028,0.5295254623306475,0.9952133010590076,27.26496364887111,0.6291657197018043,0.4290089086859688,-0.8894464833877365,-0.10721295359685157,-0.9633112633541501,-0.09617418084237317,True,0.7866881287770848,0.2715235641556868,0.7082484725050916,28.626510522178545,0.9989689648361715,7933
7934.png,0.61441647597254,0.5015458605290278,0.6680393502630977,0.5027548209366391,0.9952283571915473,0.9991845587772311,27.927542227629335,0.9969560746436894,28.241605997462408,0.45706465959630516,0.3778322042552549,0.5395229013414671,30.527692926783395,0.5606083492751037,2441,4,23,51,22,2.1202531645569622,5.75,316,335,648.9905512382047,4.39966179449347,0.03510027596092908,0.006662770157260689,-0.5173178996108696,-0.00012379992510258564,-0.00039003375832358245,-0.007835546873068533,614.8052215576172,4,23,-19,51,22,2.1202531645569622,5.75,4,1,316,335,243,1.937285227576726,4.39966179449347,648.9905512382047,0.03510027596092908,45386,18.593199508398197,26.8480131093814,256x256,65536,sparse,Meijering,316,4,27,2287,31.142597504739747,0.6136981058702163,28.835910641768937,0.997346108402013,0.4649002064693737,0.44134447058534243,9,7,0.0,33,2200,31.392459488682405,0.6538490942439344,0.9970009664535169,28.308543068740644,0.44981461834928504,0.4389404884760922,3768,31.697230305152843,0.6813976595196233,0.9982260004004645,30.85652821870934,0.2678853721214989,0.46288659793814435,-0.5943046443065292,-0.06351226633008755,-0.6149045779563522,-0.053089756595112614,True,0.7003080004867537,0.3778322042552549,0.6077537058152793,28.444860127240204,0.9993083587023337,7934
7935.png,0.670995670995671,0.5307351077313055,0.6934382115504036,0.5384120861459338,0.9738372093023255,0.9986902236134901,27.341511411047964,0.9969895535735941,28.497757807824293,0.4360371914075024,0.3341338913173695,0.5213961588602952,31.32868783599026,0.5983567139060937,2538,6,16,35,21,2.0606060606060606,2.6666666666666665,330,340,601.8715884897263,4.458772032549887,0.033003217673040916,0.013342885706325469,-1.179747364674892,-0.0004128046540509134,-0.00046040512102085707,0.003700322233603337,575.0794410705566,6,16,-10,35,21,2.0606060606060606,2.6666666666666665,6,1,330,340,274,1.7702105543815438,4.458772032549887,601.8715884897263,0.033003217673040916,44905,17.693065405831362,25.821907013396377,256x256,65536,sparse,Meijering,330,6,31,2531,31.792007755254183,0.649621155397927,29.162633491180014,0.997449958694615,0.4323368691738991,0.3802639010812122,13,9,0.0,40,2264,32.045544252238486,0.6808616738751911,0.9972523200265753,28.93872779697563,0.4184160794108629,0.40070694087403597,3603,32.208987901651085,0.6968284138580445,0.998258739737501,31.076037428832322,0.22443746914763296,0.3981362467866324,-0.6648756833557208,-0.04613000976384274,-0.4633199192639239,-0.05126444149183329,True,0.6408445586705953,0.3341338913173695,0.6576527852893456,28.521258775722856,0.999103028267541,7935
7936.png,0.6481927710843374,0.43700412567438907,0.6082155477031803,0.4383954154727794,0.992790194664744,0.9993328642784639,27.697804772097243,0.9970167918186891,28.141655756608287,0.4186413902053712,0.3735537533023715,0.5042846330013624,30.148409789689183,0.5394063653417022,2734,5,32,66,31,2.149171270718232,6.4,362,389,708.0736722319546,3.9977813007423233,0.03508374403870068,-0.01393594178694979,-0.23215356296441314,-4.505492462314464e-05,-0.00045416102807604997,0.007325433434869022,613.5389804840088,5,32,-27,66,31,2.149171270718232,6.4,5,1,362,389,265,1.8202408026528347,3.9977813007423233,708.0736722319546,0.03508374403870068,45796,16.750548646671543,23.970738844184346,256x256,65536,sparse,Meijering,362,5,29,2618,30.884785246655795,0.6102938289378327,28.767785504098292,0.9974709528467651,0.4113159567705022,0.4773738500060515,9,2,0.09999999999999998,34,2734,31.153986614257192,0.6646272529752069,0.9972690953759452,28.299300107451995,0.48829142221345756,0.40966921119592875,3191,31.16229070339074,0.6465414011530487,0.9980418486751246,30.112908561099797,0.36188117648890894,0.4232602478551001,-0.6261297474900047,-0.10382009670367998,-0.7363754569666128,-0.07088746359613052,True,0.7407597393541085,0.3735537533023715,0.6621287128712872,27.929958335061656,0.999377919203087,7936
7937.png,0.6414058209774849,0.42494158878504673,0.5964336954293913,0.4330357142857143,0.9578670177748518,0.9990169723941229,27.929937709571597,0.995648920196137,28.499585983796454,0.4332344213649852,0.33173930732226053,0.44941727387040387,30.466058268874143,0.5498077939125166,3027,10,24,68,40,2.0629213483146067,2.4,445,459,951.5518930204629,3.9836606915077466,0.03940431799079118,-0.0031491817864730542,-0.8825592648016496,-0.0002902788898253572,-0.0008955607756967465,0.002880991011554812,703.920841217041,10,24,-14,68,40,2.0629213483146067,2.4,10,0,445,459,337,2.073097806144794,3.9836606915077466,951.5518930204629,0.03940431799079118,45466,15.020151965642551,21.650479022134125,256x256,65536,sparse,Meijering,445,10,33,3017,31.225594183035422,0.6325636238045186,29.395763846942664,0.9965444809718338,0.4303534303534304,0.4376076581879558,9,6,0.0,41,2934,31.587136668297525,0.6831961506283161,0.9963511076958378,29.265728497457925,0.21337213893344664,0.4216583062850398,662,30.562946355582405,0.5528178247965453,0.9952931588020878,28.2092938781587,0.4113950303216448,0.4415161385845425,-0.8961778631462103,-0.10586835086569524,-0.7595359141612796,-0.08275582989200203,True,0.7381543314196741,0.33173930732226053,0.6445550027639579,28.812496974373246,0.9993072512839483,7937
7938.png,0.6490218642117376,0.5700833031510323,0.7261822376009226,0.579102281089036,0.9734075448361162,0.9989689392766553,27.71946431581464,0.997501030292228,28.378587145377487,0.4589922765722692,0.424490762678842,0.6609140545397054,31.3413231738533,0.5920445644730141,2274,4,8,18,14,2.026578073089701,2.0,301,305,580.0881821816229,4.8788116322799375,0.021505598387133923,3.0509744878837175e-05,-0.42567827263845714,-0.00015517145725374437,-0.0002487938658285449,0.002374629513445692,629.9657821655273,4,8,-4,18,14,2.026578073089701,2.0,4,0,301,305,269,1.901928466169253,4.8788116322799375,580.0881821816229,0.021505598387133923,45035,19.804309586631486,28.819700967458225,256x256,65536,sparse,Meijering,301,4,28,2201,31.660835889014027,0.633906672490958,28.643713187670908,0.9977498241580566,0.4566176470588235,0.4067991419378705,9,8,0.0,38,2172,31.894051125691867,0.6740236584192836,0.9975719243369974,28.488151790165528,0.5005689429210745,0.4561145795078957,3958,32.25757451473026,0.7068346527534398,0.9987166199281485,31.337574400326353,0.32003522642110616,0.47240618101545256,-0.26512604229342074,0.017691620740971525,-0.31951271516072666,-0.04186210801794388,True,0.6422783110195458,0.424490762678842,0.6489913544668587,28.145142588453098,0.999124110733909,7938
7939.png,0.7226242161119151,0.5456204379562044,0.706021251475797,0.5486238532110091,0.9900662251655629,0.9987740254961398,25.57053090661536,0.9972208422139879,27.84352858196415,0.5244013337374962,0.8379742490661193,1.2012269676335299,30.188676894191012,0.5529734290144956,2718,4,15,31,14,2.061797752808989,3.75,356,367,669.1892832319354,4.468244446797318,0.024131804257710613,0.012436283372053603,-2.014835457087898,-0.00040007112617057583,-0.00028661188878265076,0.021497023129119608,597.1529483795166,4,15,-11,31,14,2.061797752808989,3.75,4,2,356,367,311,1.8234040415039077,4.468244446797318,669.1892832319354,0.024131804257710613,45825,16.8598233995585,24.111846946284032,256x256,65536,sparse,Meijering,356,4,29,2710,30.901000245979837,0.6194154986708644,28.304993442137068,0.9975074541027705,0.5029043106083766,0.5302504297585735,9,7,0.0,33,2490,31.11754038270633,0.660839813558364,0.9969856804635285,27.621392081286746,0.5957469702114468,0.5120758177927239,3349,31.268760851906556,0.6550666864213596,0.9983417469297866,30.13293119074674,0.6652213508272267,0.5132905591200734,-0.4614648601729172,0.3077238193075458,-0.7123233517888252,-0.06644206965636879,True,0.6975985984705002,0.8379742490661193,0.7101879327398615,27.58536636370326,0.9991740966223104,7939
7940.png,0.6153395784543325,0.4739803094233474,0.6431297709923665,0.4786931818181818,0.9796511627906976,0.9993288166483363,27.77533624460434,0.9960193891644019,28.312767139674847,0.4868980169971671,0.29240427123383705,0.44185838961277984,30.167314026434063,0.5296981321804829,2294,5,24,48,23,2.1198738170347005,4.8,317,336,671.6996842798123,4.479995189028959,0.03239206643267626,0.010153956769005434,-0.19467376710581163,-6.662487070863143e-05,-0.0003764549302237574,0.008204835178985292,661.4589691162109,5,24,-19,48,23,2.1198738170347005,4.8,5,1,317,336,246,1.9991062032137226,4.479995189028959,671.6996842798123,0.03239206643267626,45894,20.006102877070617,28.568439407149086,256x256,65536,sparse,Otsu,317,5,25,2198,30.60536299601418,0.5855385460542036,28.715449306706596,0.9963958440946257,0.4786931818181818,0.4000500781958891,11,3,0.0,29,2134,30.85544241507321,0.62804128652421,0.9952112627632824,27.946937414506078,0.21100871198239035,0.4715447154471545,4025,31.30242928816507,0.6738638236146157,0.9976347781419279,30.509279152827506,0.17551802586089182,0.45630725863284005,-0.40268216703174886,-0.10764580696205206,-0.43804896958011597,-0.05584041387372074,True,0.6617601433121683,0.29240427123383705,0.6051856216853271,27.97001001171015,0.9993954415190449,7940
7941.png,0.6432506887052342,0.3368916797488226,0.5039924847346171,0.33699748743718594,0.9990689013035382,0.9995618742612653,27.71315117287611,0.9963493431028708,28.778885897553895,0.410288582183187,0.28415077534381183,0.49260072306885894,30.781537760259706,0.5662009430036669,2611,6,17,44,26,2.0616246498599438,2.8333333333333335,357,368,654.2008763810361,4.334811099437105,0.030990282384330766,-0.00928579496398052,-0.3491292991480641,-3.348322615659427e-05,-0.0004110682920130948,0.0016256819948630707,587.550163269043,6,17,-11,44,26,2.0616246498599438,2.8333333333333335,6,0,357,368,287,1.7777197727745502,4.334811099437105,654.2008763810361,0.030990282384330766,45388,17.38337801608579,25.099961700497893,256x256,65536,sparse,Meijering,357,6,30,2607,31.302862598619924,0.6284346643485533,29.230067103750173,0.9967604113948839,0.4086629001883239,0.4344745613004628,8,1,0.33333333333333337,37,2468,31.571225879629772,0.6696993943912657,0.9964458343844775,28.750908411184742,0.2711227919137087,0.4007514088916719,3651,31.763041945857395,0.6807365475434436,0.9978036611316796,30.996842784317007,0.34048462896994136,0.40069030436146846,-0.4511812061962779,-0.15032378595665097,-0.5213248383602185,-0.06223372134488647,True,0.5768379176822511,0.28415077534381183,0.6525364836692147,28.062280472024174,0.9995953574874219,7941
7942.png,0.5460805084745762,0.4389714993804213,0.6101184068891281,0.44129554655870445,0.9881450488145049,0.9990280675074625,28.158079136498962,0.9951440484084343,28.81579326659672,0.4538699690402477,0.31954936379541243,0.450599305829435,30.986804263723183,0.5755352088328544,2279,4,20,43,22,2.1066666666666665,5.0,300,316,667.0403086624758,5.3199121920267745,0.03545761857106539,-0.019916232427107605,-0.24515266205963115,-0.00012499856248726626,-0.00039595346371734674,0.0030605045321530078,637.6602649688721,4,20,-16,43,22,2.1066666666666665,5.0,4,0,300,316,235,2.1108870527293506,5.3199121920267745,667.0403086624758,0.03545761857106539,45153,19.812637121544537,28.75647213690215,256x256,65536,sparse,Otsu,300,4,28,2243,31.415355589068984,0.6230157402492696,29.218988019297882,0.9955400018721516,0.45080946450809467,0.31442679841570675,16,5,0.0,35,2036,31.60425003452901,0.6556945902916047,0.9951455358384511,28.847176849208957,0.2806532458486294,0.44606776499844575,4123,32.10125182676443,0.706455323145072,0.9974295319344615,31.613732542704795,0.16965092216935507,0.4341614906832298,-0.403194752701161,0.005122565379705679,-0.42855132534580065,-0.047480531416415284,True,0.7091652376321484,0.31954936379541243,0.5659967409016838,28.403231798558593,0.9991530660699498,7942
7943.png,0.5287356321839081,0.5761494252873564,0.731084776663628,0.5832727272727273,0.9792429792429792,0.998518123028379,28.211009922736206,0.9966598905843451,28.547552969496156,0.3641952983725136,0.2696896617486426,0.4897473158658222,30.97787326407415,0.5735635972479524,2584,8,18,45,31,2.0533333333333332,2.25,375,385,759.730847782837,3.9709681180318195,0.02484660684903539,-0.005998751937516311,-0.677316476135637,-0.0002940332573603266,-0.0006246105694539539,0.00432615987742091,642.3735618591309,8,18,-10,45,31,2.0533333333333332,2.25,8,0,375,385,299,1.973326877358014,3.9709681180318195,759.730847782837,0.02484660684903539,45135,17.467105263157894,25.362229102167184,256x256,65536,sparse,Meijering,375,8,31,2499,31.54364472685235,0.6301280657940903,29.353740242998295,0.9972845011537991,0.35986913849509267,0.28704240424679206,12,5,0.0,41,2572,31.84667574964408,0.6804187681399293,0.9971516690216173,29.154852556193653,0.29999420588557435,0.3260632497273719,3587,31.930516194078614,0.6845231150703638,0.9981211217429428,30.980134295390126,0.2851726869826413,0.3404796511627907,-0.8061872735021396,-0.017352742498149443,-0.5657714627781978,-0.05656446854613795,True,0.5506710358827784,0.2696896617486426,0.5347343841214244,28.888326398871843,0.9988121562857393,7943
7944.png,0.7456968350916158,0.5751104565537555,0.7302477793361384,0.5757464061924069,0.9980830670926517,0.9989396341409343,28.122576942056416,0.9968942395856002,28.36948647420762,0.574468085106383,0.41725174762601036,0.6699528337732483,30.523122050063773,0.5474508543820548,2406,4,14,37,20,2.0589970501474926,3.5,339,349,663.1260357339638,4.388021082301407,0.030453888451764534,-0.018348108728608925,0.028580512570155037,6.5129182199585856e-06,-0.0001426585812579484,-0.0037431773154057435,609.5256805419922,4,14,-10,37,20,2.0589970501474926,3.5,4,1,339,349,282,1.9000746009569127,4.388021082301407,663.1260357339638,0.030453888451764534,45607,18.955527847049044,27.238570241064007,256x256,65536,sparse,Meijering,339,4,27,2306,30.972387669508535,0.603825946600173,28.597869114091658,0.9970368981668581,0.5782112624217888,0.7230726274129828,5,15,0.0,33,2394,31.209154492431136,0.6534639750182081,0.9966204557122897,28.005291968240638,0.2823438367362041,0.5622475211164157,3884,31.504867898329376,0.6802612366988003,0.9981587011818528,30.534194761930546,0.28822967723739024,0.5483516483516484,-0.22838263988403895,-0.3058208797869725,-0.4492656194447626,-0.056375092218118206,True,0.622807646436843,0.41725174762601036,0.7640449438202247,28.09399642948626,0.9989331212227144,7944
7945.png,0.7912,0.3928041543026706,0.5640479360852197,0.3928041543026706,1.0,0.9996394322021315,26.75354656773301,0.9980232138516263,27.916737649692806,0.43768545994065283,0.5506710358827784,0.889589807014762,30.816547315845195,0.567642803938363,2395,4,16,38,20,2.0759493670886076,4.0,316,328,555.7804462320813,4.3993158646022215,0.027181398921212793,0.005485714285714316,-0.11589082445652465,-2.5674632294636623e-06,-0.0001445853361206062,0.014465875370919867,580.6403160095215,4,16,-12,38,20,2.0759493670886076,4.0,4,0,316,328,258,1.6944525799758559,4.3993158646022215,555.7804462320813,0.027181398921212793,45509,19.001670146137787,27.363674321503133,256x256,65536,sparse,Meijering,316,4,27,2264,31.179744907401407,0.615185564535547,28.12365716422773,0.9981677991877469,0.42321958456973297,0.5342005023501717,5,2,0.0,34,2176,31.42262373929941,0.6562965360264692,0.998052836879457,27.861226849191887,0.5717293827873404,0.43397626112759646,3907,31.786937536717904,0.6868844171384894,0.9989873684466645,31.082732525186945,0.39042909270369075,0.4287833827893175,-0.20691951453492408,0.016470533532606746,-0.36319759155621156,-0.047542760597183986,True,0.6190168002606627,0.5506710358827784,0.7857142857142857,26.869437392189536,0.9996419996653609,7945
7946.png,0.6428895956383462,0.499297950014041,0.666042330024349,0.5015514809590973,0.9910813823857302,0.9988601195846751,27.350982188925986,0.9955549759212545,28.019198284630072,0.5067377877596856,0.4007042121544616,0.5815637238094908,30.01673067789898,0.5521926236314912,2748,4,27,55,23,2.1288515406162465,6.75,357,380,713.4977239683657,4.588158360716341,0.03121105154163729,0.013590801533835295,-0.49640338115033344,-0.00014234581269034763,-0.0005132950161789163,-0.01625233917966562,602.5886535644531,4,27,-23,55,23,2.1288515406162465,6.75,4,1,357,380,279,1.8776255893904328,4.588158360716341,713.4977239683657,0.03121105154163729,45737,16.643740902474526,23.848617176128094,256x256,65536,sparse,Otsu,357,4,29,2696,30.910879803041162,0.6196863290069643,28.596171631146817,0.9960682709374334,0.5229901269393512,0.5702039325104837,9,9,0.0,33,2458,31.12859163757374,0.6577060336485598,0.9955976453035248,28.147041871868073,0.2618707717169598,0.5085988159007612,3319,31.230360477308388,0.6527263206551189,0.9969285233649526,30.01946081666877,0.44408665830668914,0.5035241048773611,-0.5769733465167448,-0.16949972035602212,-0.8941491251421816,-0.06749370537547306,True,0.6890117037040719,0.4007042121544616,0.629298794104511,27.84738557007632,0.9990024653973655,7946
7947.png,0.7666666666666667,0.4931506849315068,0.6605504587155963,0.49424860853432284,0.9955156950672646,0.9993787338582317,27.959870730893577,0.9975806121864946,28.491236015488766,0.4769627718392923,0.4356044818806416,0.631646752375794,30.040726874473922,0.5211047325170338,2461,4,17,36,18,2.0728291316526612,4.25,357,370,701.2500290354883,4.334679688726153,0.025782376064975993,0.00443840579710153,-0.23037986588430925,-3.800111637330961e-05,-0.0003028675167354722,0.011458320800716626,645.1051235198975,4,17,-13,36,18,2.0728291316526612,4.25,4,1,357,370,303,1.895270348744559,4.334679688726153,701.2500290354883,0.025782376064975993,46018,18.698902885006095,26.629825274278748,256x256,65536,sparse,Meijering,357,4,26,2361,30.534808641140874,0.5855054315554931,28.88921952799638,0.9978834797032301,0.4655044510385757,0.6617601433121683,5,5,0.0,30,2408,30.799940385299486,0.6378103195124334,0.9974161325971826,28.103030076342755,0.1310874750427996,0.45491202346041054,3761,31.069473288865133,0.6591909891819304,0.9982789555231696,29.7720515510847,0.12446194942699262,0.46639883126369613,-0.397983512507615,-0.22615566143152666,-0.4940817666669517,-0.06440069903845924,True,0.689633058734515,0.4356044818806416,0.7622282608695652,28.190250596777886,0.999416734974605,7947
7948.png,0.4332874828060523,0.3996212121212121,0.571041948579161,0.40486088903102013,0.9686304514154552,0.999008508435058,28.469275312366932,0.995701043131891,28.886337034916668,0.2468859789204727,0.1400741298149918,0.23135682258613596,31.130917475217778,0.5802592892914148,2952,10,48,105,48,2.177985948477752,4.8,427,465,885.6589634840034,3.6676576536768213,0.044255053357923735,0.03342902562275435,-0.7853725097485125,-0.00020854997317210078,-0.0010101662357998586,0.03230331182741225,641.1960124969482,10,48,-38,105,48,2.177985948477752,4.8,10,2,427,465,274,1.9046429322236589,3.6676576536768213,885.6589634840034,0.044255053357923735,44853,15.19410569105691,22.200542005420054,256x256,65536,sparse,Meijering,427,10,35,2860,31.87108274260865,0.6518132101832481,29.92661907849306,0.9967112093676909,0.21458266709306045,0.1594930018556875,16,2,0.7,45,2780,32.20052038187263,0.6984847452767549,0.9967556251010319,30.082544576509914,0.25689882820792853,0.22627037392138064,3142,31.982423719475538,0.6759582622936472,0.9973091766924513,30.80360086055436,0.13891772135147473,0.2246724193032918,-1.0402820435763935,-0.0194188720406957,-0.7401652673908714,-0.07155392089183332,True,0.605446289628399,0.1400741298149918,0.39985845718329793,29.254647822115444,0.99921705840823,7948
7949.png,0.5852090032154341,0.6077940650697176,0.756059595285746,0.6146059291395517,0.9820912767186597,0.9978782755519252,28.48333548169949,0.9960897427626948,28.771742219340876,0.4352983465132998,0.34295318018494325,0.49955757718884,31.266963161532,0.5932696008763274,2415,5,21,47,22,2.0972644376899696,4.2,329,345,709.8687680397536,4.031208128189968,0.031904955630285496,0.011205726317564113,-0.6271185359718174,-0.00031841148383326967,-0.0006778205953148486,0.019685769715323653,570.9984302520752,5,21,-16,47,22,2.0972644376899696,4.2,5,2,329,345,260,2.057590631999282,4.031208128189968,709.8687680397536,0.031904955630285496,44728,18.520910973084884,27.137060041407867,256x256,65536,sparse,Meijering,329,5,31,2374,31.872541181250263,0.6427055194040746,29.629158363626402,0.9967675633580096,0.41561257679797614,0.26956691020035584,17,7,0.0,43,2242,32.19923332908214,0.6808615828242023,0.9965483838926769,29.61092851713659,0.2778739389627951,0.4189823168531216,3718,32.35362607102541,0.7039882046015573,0.9977718278604811,31.36542138025832,0.12939893674209035,0.40136543298598637,-0.8574161442855264,0.07338626998458742,-0.6055780197182621,-0.0494359185277472,True,0.6865138191173947,0.34295318018494325,0.57400327689787,29.11045401767131,0.9981966870357585,7949
7950.png,0.6733416770963705,0.538804307463795,0.7002895752895754,0.5398065476190477,0.9965659340659341,0.9988059794108182,28.356899597517618,0.9968283050538909,28.757105236077173,0.4482758620689655,0.4475173967041721,0.6998965519999311,31.331866995983845,0.5897951035437411,2255,5,7,17,15,2.01294498381877,1.4,309,311,569.1925476290432,4.330009823092365,0.021546805405901696,-0.004527695129374565,-0.21031958224972414,-0.00010246609168618193,-0.0003945104786506892,0.006104050986778853,562.4127388000488,5,7,-2,17,15,2.01294498381877,1.4,5,0,309,311,277,1.830201117778271,4.330009823092365,569.1925476290432,0.021546805405901696,44859,19.893126385809314,29.062527716186253,256x256,65536,sparse,Meijering,309,5,29,2216,31.723222935046756,0.6342411250990415,29.13370161861692,0.9972228155325416,0.44217181108218667,0.5192942776736165,8,11,0.0,39,2186,31.995712321794954,0.6754514933091407,0.9971013469140803,29.119091859831336,0.41725174762601036,0.4461367013372957,4201,32.389906044545434,0.717276446090772,0.9982826044284375,31.4859788420032,0.3363497498636806,0.43608743979251574,-0.3765963825397485,-0.07177688096944435,-0.3913559390629118,-0.04444602155530042,True,0.6394050598269216,0.4475173967041721,0.6778693722257451,28.567219179767342,0.9989084455025043,7950
7951.png,0.4651898734177215,0.39770047169811323,0.5690782535330099,0.41443932411674345,0.9078061911170928,0.9988750173589386,27.13127114491583,0.9966838001774603,27.9593866621283,0.2504592774035517,0.1332459311045111,0.21700171867958337,29.82466480487901,0.5224522891031635,3377,14,46,111,62,2.129817444219067,3.2857142857142856,493,525,1027.9209831671417,2.914854791536776,0.05053097286123484,0.01807760865458069,-1.268595944562243,-0.0004418181435308366,-0.0009803546660522855,0.021887848832123163,630.1469802856445,14,46,-32,111,62,2.129817444219067,3.2857142857142856,14,1,493,525,320,1.95794472984217,2.914854791536776,1027.9209831671417,0.05053097286123484,45971,13.612970091797454,19.406573882143913,256x256,65536,sparse,Meijering,493,14,34,3306,30.856429114154864,0.6229739757470365,28.999732531184428,0.9976641548435126,0.22857142857142856,0.22551389164071622,9,0,0.3214285714285714,40,3300,31.28571864781309,0.683165954457222,0.9976909588012006,29.127258195451677,0.29765695999282116,0.23195084485407066,604,30.108583153688265,0.5231559304861779,0.996471686395304,27.176758399872135,0.24421625854427453,0.24423963133640553,-1.0403458690561287,-0.09226796053620512,-1.0317643092758537,-0.10052168664387295,True,0.6140316856257579,0.1332459311045111,0.4471122647631408,28.39986708947807,0.9993168355024694,7951
7952.png,0.6335470085470085,0.3549586776859504,0.5239402256785606,0.3549586776859504,1.0,0.9996202199208378,27.596375326422653,0.9978200572452383,28.82654649362735,0.2768595041322314,0.2756640681930842,0.4888087939370064,31.583418882795982,0.5991864054356298,2159,6,18,43,27,2.080808080808081,3.0,297,309,581.9927949542521,4.242261601216866,0.04244992367236981,-0.005814693580651009,-0.2439465947352133,-8.835212111035773e-06,-0.0002171438301484807,-0.0049586776859503745,570.0078010559082,6,18,-12,43,27,2.080808080808081,3.0,6,0,297,309,227,1.8834718283309102,4.242261601216866,581.9927949542521,0.04244992367236981,44691,20.699861046780917,30.35479388605836,256x256,65536,sparse,Meijering,297,6,27,1975,31.904147794337913,0.6352139940137146,29.134045358601796,0.9980372010753867,0.2818181818181818,0.386147126957183,5,0,0.9166666666666666,40,2002,32.21550597220639,0.6731787806100948,0.9980522139803096,29.33396950149198,0.24253487160303355,0.278099173553719,4265,32.637854300601504,0.7256668625485124,0.9987278077219075,31.66097723688601,0.17185865162746894,0.26611570247933886,-0.3074988649744448,-0.11048305876409881,-0.32072891154193073,-0.036027588578084746,True,0.5639507136784644,0.2756640681930842,0.6393617021276595,27.840321921157866,0.9996290551329489,7952
7953.png,0.7804545454545454,0.5607911576497964,0.7185985836749906,0.5634132086499123,0.9917695473251029,0.9989561809892408,27.470381760324255,0.99709721065366,28.235180397523546,0.5642215134821688,0.6660174946826554,0.9022740453229072,30.647614337394632,0.5703325037238612,2670,5,5,11,13,2.0,1.0,353,353,623.5824513417572,4.280233958625253,0.021140320892627545,0.0027784246860184103,-0.5294909865702202,-0.0001523604816594526,-0.0003326782538483064,0.01572266821657986,545.3224182128906,5,5,0,11,13,2.0,1.0,5,0,353,353,329,1.7665225250474665,4.280233958625253,623.5824513417572,0.021140320892627545,45478,17.03295880149813,24.545318352059926,256x256,65536,sparse,Meijering,353,5,29,2654,31.156421243035723,0.6302891717612646,28.688588030794993,0.9974298889075083,0.5484988452655889,0.6435026852551167,7,7,0.0,37,2666,31.43810764511501,0.6809931691207406,0.9972360395776415,28.387552412732262,0.728375133891478,0.536486876261898,3498,31.528676072873854,0.6686880116089916,0.9980890326325776,30.175212968216695,0.5595683454940007,0.55577976362064,-0.4534076332714463,0.022514809427538696,-0.5088069056410909,-0.059956668037403404,True,0.7381543314196741,0.6660174946826554,0.777676120768527,27.999872746894475,0.9991085414709002,7953
7954.png,0.6204986149584487,0.41321465251626155,0.5847868217054263,0.41491921622550704,0.9901558654634947,0.9992230294575258,27.24941583323233,0.996957697543125,28.55832015307667,0.37168141592920356,0.3849181926864713,0.6132401116878886,30.925791308856173,0.5826244884144395,2418,5,18,41,19,2.0787878787878786,3.6,330,343,651.2347889659766,4.197219088944522,0.042172675088452405,-0.011557134170471106,-1.247073675206476,-0.0002264947483688884,-0.0005054982237258088,-0.014361897924354383,586.5437984466553,5,18,-13,41,19,2.0787878787878786,3.6,5,2,330,343,270,1.8986436996092575,4.197219088944522,651.2347889659766,0.042172675088452405,45006,18.612903225806452,27.10339123242349,256x256,65536,sparse,Meijering,330,5,29,2319,31.585044252809496,0.6324516160267709,29.26161355511144,0.9974631957668508,0.38604331385355795,0.3674525237926366,10,2,0.5,40,2346,31.887440576639023,0.678201821146253,0.9974457340496111,29.21271040518109,0.26379745418859957,0.3727709190672154,3902,32.18280916186121,0.7034289778327784,0.9983637261587577,31.31587263935001,0.23942778195796044,0.37306767433871524,-0.7032934020347668,0.017465668893834718,-0.659252943953323,-0.049827127612331434,True,0.6276794119468447,0.3849181926864713,0.6320557491289198,28.496489508438806,0.9994495242058947,7954
7955.png,0.708,0.39068514241724406,0.5618599501799059,0.39098613251155623,0.9980334316617503,0.9995231889112794,27.48291364851738,0.996399775717018,27.876732755166103,0.4279123414071511,0.4674081989931028,0.784955628783341,31.38665452427751,0.6112247181966093,2186,4,20,46,21,2.1073825503355703,5.0,298,314,766.2603855474115,4.923770659721938,0.02883073331145983,-0.005469387755102084,-0.3567269636073078,-5.721960007931681e-05,-0.000814943057237838,0.011117272069708917,759.3622207641602,4,20,-16,46,21,2.1073825503355703,5.0,4,1,298,314,231,2.440319699195576,4.923770659721938,766.2603855474115,0.02883073331145983,44535,20.372827081427264,29.979871912168345,256x256,65536,sparse,Otsu,298,4,29,2155,32.05209111836089,0.650783992034173,29.04042179416734,0.9972147187742558,0.4167950693374422,0.4831486655083008,5,2,0.375,41,1952,32.28304884463429,0.6789094873157188,0.997100117154077,28.90131502311446,0.49338300763441045,0.41448382126348227,4123,32.73918390199461,0.7262034284254671,0.998389093988205,31.731053112035475,0.32554218900074194,0.4225731895223421,-1.1636890390012375,-0.015740466515198004,-0.6654365940833813,-0.039559273837563746,True,0.5954581148969812,0.4674081989931028,0.713469387755102,27.839640612124686,0.9995804085113588,7955
7956.png,0.48674521354933725,0.3074215312408331,0.47027148306035443,0.31699939503932245,0.9105125977410947,0.9988647953734655,27.46998174377346,0.9959174288637602,28.462856517462527,0.25533834586466164,0.15429629134584966,0.2961689999162509,30.10892065395487,0.5315998703296831,3060,17,28,77,56,2.05188679245283,1.6470588235294117,424,435,901.5364754788736,3.337359946291402,0.0438088511294097,0.021214617112466583,-1.347542320299052,-0.00040889500770624476,-0.001028172703538055,0.03157058051842637,629.08935546875,17,28,-11,77,56,2.05188679245283,1.6470588235294117,17,0,424,435,291,2.0724976447790144,3.337359946291402,901.5364754788736,0.0438088511294097,45664,14.922875816993464,21.416993464052286,256x256,65536,sparse,Meijering,424,17,33,3054,31.06659180621363,0.6228234002089693,29.669195613609357,0.9969456015672983,0.22376776534623527,0.19855051406836766,15,2,0.0,37,2828,31.356773556668813,0.6676870113909591,0.9965742666426746,29.23047018035139,0.149477797202336,0.21760096443640747,659,30.4176505683092,0.5363850307993505,0.995824010724505,28.356292516997037,0.28822967723739024,0.22769882068339886,-1.2063390961468308,-0.044254222722518,-0.9576711522587615,-0.09122352987928617,True,0.5209738068112488,0.15429629134584966,0.46553059643687067,28.81752406407251,0.9992736903811718,7956
7957.png,0.47421093148575827,0.37587006960556846,0.5463743676222598,0.37699468085106386,0.9921259842519685,0.9993505644574512,28.083399015546764,0.9966191532336626,28.317260009057257,0.2479366127434797,0.15710180290249787,0.2940877109088091,30.464783589304037,0.5571999146458256,2736,9,24,65,38,2.0826446280991737,2.6666666666666665,363,378,735.4549438278779,3.9044720272715754,0.03975553982348484,-0.006771635867649006,-0.48871392661607516,-9.701054099531259e-05,-0.000672535918779249,0.006580229764756279,662.4231338500977,9,24,-15,65,38,2.0826446280991737,2.6666666666666665,9,1,363,378,260,1.9456479995446463,3.9044720272715754,735.4549438278779,0.03975553982348484,45339,16.57127192982456,23.953216374269005,256x256,65536,sparse,Meijering,363,9,31,2639,31.333192830653026,0.6257353810815542,29.374784910490387,0.9972916891524418,0.24135638297872342,0.24169277593830296,12,2,0.33333333333333337,39,2572,31.643776781059355,0.6705800575930463,0.9970323705015409,29.061095103842952,0.29295903069483864,0.21575797872340424,3321,31.6079467405266,0.6643402175247146,0.9978151305769847,30.467619642464303,0.21140310901892334,0.24601063829787234,-1.0575249014331298,-0.0845909730358051,-0.8684092413489886,-0.06853546643572861,True,0.5342005023501717,0.15710180290249787,0.4809825673534073,28.57211294216284,0.9994475749984465,7957
7958.png,0.7186505410566518,0.5752577319587628,0.7303664921465969,0.577639751552795,0.9928825622775801,0.9989722333508637,27.569545521173314,0.9974077601600195,27.976460863472834,0.5273775216138329,0.6890117037040719,1.2943232188680642,31.045170862034034,0.5797950079406748,2162,4,17,31,16,2.091872791519435,4.25,283,296,526.4989335652518,4.328791149934695,0.022492457151634632,-0.0019946202336708074,-0.12370681781899506,-5.3044718776318334e-05,-0.00023483759258313697,0.004810233829153798,573.2073783874512,4,17,-13,31,16,2.091872791519435,4.25,4,0,283,296,236,1.7787126133961195,4.328791149934695,526.4989335652518,0.022492457151634632,45141,20.87927844588344,30.31267345050879,256x256,65536,sparse,Meijering,283,4,27,2119,31.436590816036105,0.6205244092218849,28.333906317461526,0.9976425977526027,0.5225672877846791,0.5201519147738873,7,5,0.0,34,2126,31.619431597791518,0.6611009309221185,0.9971915506408152,27.949866162500726,0.47664747604368474,0.5403392635498552,4214,32.1330449647072,0.7064255162667933,0.9987578950517078,31.373816989448798,0.498980928177134,0.5037251655629139,-0.3574454539886922,0.1688597889301846,-0.3914199540020711,-0.040729401281210054,True,0.5323335729900908,0.6890117037040719,0.7206451612903226,27.69325233899231,0.99902527806964,7958
7960.png,0.5381222432262129,0.5949470252648736,0.746039856923863,0.6080799666805498,0.9649702577660277,0.9990866050968342,27.096536069951608,0.9979165976284728,27.7344180664411,0.3859283930058285,0.2591817793182821,0.3749839357586737,30.204609228025593,0.5299596230736832,2237,4,16,34,19,2.080808080808081,4.0,297,309,575.6052569410596,4.215502331152508,0.026279385584579283,0.019368269926785087,0.005374097186987115,-9.757550250888425e-05,-6.91095346615489e-05,0.021080412997498632,566.4281845092773,4,16,-12,34,19,2.080808080808081,4.0,4,0,297,309,244,1.8628001842752704,4.215502331152508,575.6052569410596,0.026279385584579283,45919,20.527045149754134,29.296379079123827,256x256,65536,sparse,Meijering,297,4,25,2234,30.56017793132589,0.5858186316744054,27.64741791290678,0.9979857071631344,0.36484798000832985,0.2357718348285095,9,2,0.0,32,2214,30.898846276720136,0.6341643841917243,0.9979933873705082,27.621586230692152,0.2357718348285095,0.35943356934610576,4241,31.36902413645737,0.680946773795355,0.998854653228406,30.60969489694014,0.19172840365988253,0.37359433569346107,0.08700015353432278,0.023409944489772627,-0.3555687033002961,-0.05585900860072224,True,0.6911810203119801,0.2591817793182821,0.5187539732994279,27.09116197276462,0.9991841805993431,7960
7961.png,0.6027644230769231,0.4363863707408565,0.6076169749727964,0.44065656565656564,0.9782761037140855,0.999333126166476,27.446742189284148,0.9968635196303701,28.100104445526025,0.3879093198992443,0.2533973941528289,0.38855358693170033,30.255018453961846,0.5395647530493697,2866,5,38,84,36,2.1654135338345863,7.6,399,432,748.2624423409329,4.082185625432428,0.03808256862888853,0.023849127525430114,-0.4759671047114864,-0.0001322231023130893,-0.00042002454394240996,0.020916577709279016,594.2368507385254,5,38,-33,84,36,2.1654135338345863,7.6,5,0,399,432,279,1.7320889869003036,4.082185625432428,748.2624423409329,0.03808256862888853,45855,15.999651081646894,22.866713189113746,256x256,65536,sparse,Meijering,399,5,30,2816,30.87016438346889,0.6164459109130223,28.614840775850112,0.9972835441743125,0.3669927421899653,0.2932956367200459,14,2,0.0,35,2648,31.1324760844185,0.6612242073894413,0.9971027618444785,28.27025749971736,0.3885976341675914,0.3529040404040404,3188,31.100177662896744,0.6392805334686206,0.9978807077199926,29.7652409709432,0.25023840776095874,0.37117628508356987,-0.5147363303240873,-0.03989824256721697,-0.6151459295070438,-0.07688115786365257,True,0.6521555910829127,0.2533973941528289,0.578915295551493,27.922709293995634,0.999465349268789,7961
7962.png,0.5779092702169625,0.5589723627870767,0.7171036204744071,0.5649095200629426,0.9815447710184553,0.9987184421078746,28.47768937059066,0.9971808195446014,29.012916328816583,0.3680692095949666,0.24529517876270823,0.4425703045983498,31.591893960280984,0.5996687643251944,2074,5,15,32,20,2.07168458781362,3.0,279,289,582.4188253843255,4.764289326137966,0.035169046139225814,0.021410249968758732,-0.11544137485632078,-8.807825510459555e-05,-0.00014022419944836884,0.006149461365226205,613.548994064331,5,15,-10,32,20,2.07168458781362,3.0,5,0,279,289,227,2.015290053232959,4.764289326137966,582.4188253843255,0.035169046139225814,44684,21.54484088717454,31.59884281581485,256x256,65536,sparse,Meijering,279,5,27,2013,31.863874588390615,0.6360248541845615,29.107085270472073,0.9973210437440497,0.3619197482297404,0.34818858520126805,10,3,0.0,40,2044,32.17763537205173,0.6749274957756581,0.9972530444925211,29.16516419795488,0.42305018961951335,0.36649626425481713,4318,32.626344043652395,0.7274952581686924,0.9984825632231135,31.854840823922288,0.22353211817626217,0.35074626865671643,-0.09416894165548939,-0.10289340643855982,-0.2719806281096311,-0.036356089859367,True,0.5542513273350398,0.24529517876270823,0.5564990202482037,28.59313074544698,0.9988065203629792,7962
7963.png,0.6125743415463042,0.2782071097372488,0.43530834340991537,0.27906976744186046,0.989010989010989,0.9995279832747177,27.393342048646296,0.9963577198328378,28.02699117857256,0.29471419791026426,0.18515869684907782,0.31981897125615405,29.896638407761348,0.5233189855738144,3255,15,39,99,57,2.1030042918454934,2.6,466,490,997.4519054437663,3.0929580159453365,0.05842744163291129,-0.02788502241129298,-0.3544048814535863,-0.00010357904778546256,-0.0009592717229391923,0.001471792454591614,649.2063999176025,15,39,-24,99,57,2.1030042918454934,2.6,15,2,466,490,310,2.035616133558701,3.0929580159453365,997.4519054437663,0.05842744163291129,45842,14.083563748079877,20.13394777265745,256x256,65536,sparse,Meijering,466,15,34,3234,30.92195365958088,0.6224508809942182,29.140543277358226,0.997316991555777,0.29324240545567265,0.33265254352124274,9,2,0.8,39,3200,31.314622493052333,0.6803252737315073,0.997453717973913,29.226099503939295,0.1950700306949985,0.2694684796044499,666,30.272949274405278,0.5308651970447644,0.9965127824032023,28.091885273126046,0.4015027407342352,0.29845201238390096,-1.113552098785668,-0.14749384667216492,-1.0253152518195314,-0.09913189542040379,True,0.5789484473726789,0.18515869684907782,0.6404593639575972,27.747746930099883,0.9996315623225032,7963
7964.png,0.7454434993924666,0.4994757077944775,0.6662004662004661,0.5012276394247632,0.9930507296733843,0.9986911919767139,28.436069686202067,0.996146437576489,28.865583207485187,0.49407252440725247,0.3421313581283971,0.5412438392486918,30.889251930526353,0.5654261159199302,2650,9,29,72,35,2.1055408970976255,3.2222222222222223,379,399,744.0307977692585,3.7973626657022965,0.03498268224040667,-0.007922473679748854,-0.426077543076822,-0.00013882950424071172,-0.0005589966707227889,0.0012278472693816322,610.5649471282959,9,29,-20,72,35,2.1055408970976255,3.2222222222222223,9,2,379,399,272,1.864738841526959,3.7973626657022965,744.0307977692585,0.03498268224040667,45179,17.04867924528302,24.730566037735848,256x256,65536,sparse,Meijering,379,9,31,2577,31.42584630092803,0.6256387159719042,29.529304444952707,0.9967054342472118,0.49284467713787083,0.7094559270255955,5,10,0.0,42,2642,31.8405883670059,0.6803946544274418,0.9965550319381381,29.330833060512486,0.09242288766767637,0.48033898305084743,3536,31.814014348176478,0.6791334933686028,0.9976306242475343,30.908788338331927,0.08172120598860866,0.45280483708431307,-0.6637212374675201,-0.36732456889719833,-0.5365943704016765,-0.06021260005197404,True,0.6321205588285577,0.3421313581283971,0.7533659730722154,28.86214722927889,0.9988300214809546,7964
7965.png,0.7931034482758621,0.5529051987767584,0.7120913745569123,0.554601226993865,0.9944994499449945,0.999009871629449,28.149281280752852,0.9968124654574217,28.744416087246183,0.5405819295558959,0.47376110692289464,0.6722210354196807,31.55946742275279,0.611328685650986,2625,5,17,40,22,2.0670391061452515,3.4,358,370,629.3679091933215,4.397590301223308,0.02405313872143614,-0.004078232650157054,-0.6481921798605512,-0.00013561277546514372,-0.000443040210943102,0.0028518682062026457,569.0913200378418,5,17,-12,40,22,2.0670391061452515,3.4,5,1,358,370,296,1.7009943491711363,4.397590301223308,629.3679091933215,0.02405313872143614,44675,17.01904761904762,24.96609523809524,256x256,65536,sparse,Meijering,358,5,32,2573,32.00672455320317,0.6607888836458335,29.39522633048911,0.9972555056683649,0.5377300613496933,0.5154062870843735,9,6,0.0,42,2440,32.278417292356224,0.699229512836234,0.9972352971035828,29.235827414626755,0.4822080809915056,0.5243491577335375,3436,32.35304087167762,0.7005013007083277,0.9981314007896043,31.177759880044164,0.6555182914949116,0.5211397058823529,-0.6508102432429261,-0.04164518016147889,-0.4472571304503816,-0.04946019799484758,True,0.7047698330759857,0.47376110692289464,0.7971816809260192,28.797473460613404,0.9991454844049141,7965
7966.png,0.6776212832550861,0.45278637770897834,0.6233351092168354,0.45348837209302323,0.9965928449744463,0.9992789135757071,28.33706792356111,0.9975548244380147,29.023568184091758,0.37171561051004637,0.4273611269747848,0.6574156957898175,30.9333114909172,0.5653495232365683,2357,6,17,38,25,2.066465256797583,2.8333333333333335,331,342,587.7489952279233,4.034936926156012,0.03246398166309857,-0.00738669122657265,-0.0014560529869989125,-2.6348173743584447e-05,-0.00024631656559348514,0.007762122137953353,609.8031997680664,6,17,-11,38,25,2.066465256797583,2.8333333333333335,6,1,331,342,268,1.7185643135319357,4.034936926156012,587.7489952279233,0.03246398166309857,45202,19.177768349596946,27.804836656767076,256x256,65536,sparse,Meijering,331,6,28,2321,31.33465040903876,0.6183537956792592,29.271605880027813,0.9978011410036082,0.363953488372093,0.40100378514889456,8,0,0.33333333333333337,37,2346,31.665820745574173,0.6635243194585957,0.9975615324148321,28.912568229283316,0.21254367364814475,0.3764932562620424,3878,31.94052283713141,0.6949224674262457,0.9986388872169809,31.45269173223219,0.2641041413517583,0.38098918083462135,-0.2480376959360555,0.026357341825890224,-0.4013389181215601,-0.0530042724426909,True,0.6500622508888447,0.4273611269747848,0.6850079744816587,28.33852397654811,0.9993052617494507,7966
7967.png,0.5568243610657966,0.5132605304212169,0.6783505154639177,0.5190911959608709,0.9785841760856633,0.9988079297716916,28.19728028833171,0.9961603238046214,28.78963290261366,0.37212235887732575,0.2282137295585155,0.401580073126755,30.899420738354628,0.5706911665746995,2650,5,30,65,29,2.132275132275132,6.0,378,403,778.428213211473,4.26463721984278,0.036954030357839875,-0.01274085632550781,-0.49977888276590576,-0.00013766037452567215,-0.00036218604852877867,-0.007448889546381676,633.2228183746338,5,30,-25,65,29,2.132275132275132,6.0,5,1,378,403,284,1.9315836556115915,4.26463721984278,778.428213211473,0.036954030357839875,45205,17.058490566037737,24.730566037735848,256x256,65536,sparse,Meijering,378,5,30,2510,31.398375756757794,0.6291302081162463,29.267890191229483,0.9965225098531502,0.37957124842370743,0.24421625854427453,20,2,0.0,40,2560,31.76837526577556,0.6760730437817665,0.9963572615983594,29.169599015397818,0.2948972659333059,0.3646095717884131,3426,31.738367603393385,0.6736651402921211,0.9973150039157267,30.630315399035748,0.15982606362188834,0.39040451552210725,-0.47825728861582206,-0.016002528985759046,-0.4989550184031657,-0.05843904154154678,True,0.5682894765709203,0.2282137295585155,0.5695652173913044,28.697059171097617,0.9989455901462173,7967
7969.png,0.6213208901651113,0.6989155251141552,0.8227784310431716,0.7154542798714578,0.9679841897233201,0.9980029813153494,27.590614879110078,0.9962809524984556,28.09796266131577,0.5726744186046512,0.26367741137899325,0.3829199039791772,30.325623605250897,0.5551571547966249,2905,4,18,40,19,2.0707070707070705,4.5,396,410,742.0289656473234,4.011322334258243,0.024807163835860405,0.014835997018464275,-0.7863792902555673,-0.00040045008315547914,-0.0006044079662956836,0.03805566312700004,589.7364616394043,4,18,-14,40,19,2.0707070707070705,4.5,4,1,396,410,337,1.8098267454812724,4.011322334258243,742.0289656473234,0.024807163835860405,45751,15.749053356282271,22.559724612736662,256x256,65536,sparse,Otsu,396,4,31,2903,31.02671772228267,0.6286360924077261,28.74271900146315,0.9968853604647513,0.5346187554776511,0.2473588059467433,24,4,0.0,37,2874,31.282317679820846,0.6787672940233319,0.9962754238109672,28.145940817922547,0.30379092118166984,0.5218786464410735,3101,31.178300964344253,0.6445913236742028,0.9975405139100717,29.968400293916837,0.2591817793182821,0.5405957943925234,-0.6447563401473815,0.016318605432249944,-0.7010941170317722,-0.07347893761110125,True,0.6885967760854024,0.26367741137899325,0.606484893146647,28.376994169365645,0.9984034313985048,7969
7970.png,0.5074766355140187,0.340014064697609,0.5074783521385463,0.34560400285918513,0.9545903257650543,0.9992951063033267,28.06669756438703,0.9969003883826214,29.221358201852212,0.21400500178635226,0.14541803304109135,0.28773026529736834,31.202806026245618,0.5801252617562669,2673,10,32,71,40,2.1142857142857143,3.2,385,407,711.5516303964865,3.64323719229017,0.03745527226801473,0.016297434028410496,-0.9765573389281919,-0.00024394783264725106,-0.0005515960557916921,0.0020679038592614774,615.4403686523438,10,32,-22,71,40,2.1142857142857143,3.2,10,1,385,407,274,1.7482841041682669,3.64323719229017,711.5516303964865,0.03745527226801473,44848,16.778151889263,24.517770295548072,256x256,65536,sparse,Meijering,385,10,32,2611,31.734625104415915,0.6408525364345417,29.966921636686273,0.9974519844384131,0.21193709792709078,0.19602074966867378,11,0,0.44999999999999996,42,2594,32.08735173459962,0.689645933192409,0.9973186559791141,29.706312730776364,0.24723335529380375,0.2076483202287348,3483,32.089008298070986,0.6879653501826644,0.9979946466142848,31.34746197577516,0.17540023430824703,0.20729092208720515,-0.745563434834061,-0.05060271662758242,-0.5318190781702974,-0.06072727467827477,True,0.5053970700329431,0.14541803304109135,0.4911792014856082,29.043254903315223,0.999539054135974,7970
7971.png,0.5089988751406074,0.49738048461034706,0.6643341351410453,0.5059960026648901,0.9669000636537237,0.9988236369637882,27.720196228590414,0.9965945288399451,28.439485317936025,0.3704197201865423,0.34586690852488455,0.5385000592279989,31.247859144861593,0.5912600136141383,2389,5,6,16,16,2.0060975609756095,1.2,328,329,535.4186022476749,4.666693675808791,0.02054054830721802,-0.005764356057164188,-0.5583356703695692,-0.00027163388163220503,-0.0005161582221981931,-0.009693349317947242,570.9812641143799,5,6,-1,16,16,2.0060975609756095,1.2,5,0,328,329,296,1.6274121648865472,4.666693675808791,535.4186022476749,0.02054054830721802,44976,18.82628714943491,27.432398493093345,256x256,65536,sparse,Meijering,328,5,29,2314,31.659149657365106,0.6380648489468572,28.88547978901324,0.9971106870621433,0.38011306950448953,0.33368983257511364,10,1,0.0,40,2368,32.01221362219511,0.6831700997419201,0.9973353180154506,29.004979339097417,0.24042787677503152,0.35728542914171657,3685,32.11488308511232,0.6955184872836843,0.9981953459731203,31.106549911810376,0.19675130777406769,0.37192282102461743,-0.44599447107721346,0.01217707594977091,-0.4112905125035127,-0.04680483533271895,True,0.6422783110195458,0.34586690852488455,0.5147632311977716,28.278531898959983,0.9990952708454204,7971
7972.png,0.5379270411117545,0.4769133459835547,0.6458244111349036,0.49329407916257767,0.9349039057656541,0.9989700670593565,27.011675897813134,0.9972924731072632,28.04641322849335,0.3376835236541599,0.20499888729979276,0.2670077792847484,30.270144289678925,0.5428695584950709,2963,6,28,77,34,2.1037735849056602,4.666666666666667,424,446,787.7498098254226,3.8413517070266434,0.03655201595148007,-0.00286549968078631,-1.2055209304313976,-0.0003809030876910091,-0.0004947669849818537,0.00042477324526224436,633.803129196167,6,28,-22,77,34,2.1037735849056602,4.666666666666667,6,1,424,446,313,1.7662551789807637,3.8413517070266434,787.7498098254226,0.03655201595148007,45787,15.452919338508268,22.118123523455957,256x256,65536,sparse,Meijering,424,6,31,2870,30.97979582643582,0.6209895664676895,28.74097042364461,0.9977872400922451,0.33725875040889763,0.39649442457295947,8,3,0.0,37,2920,31.278669019052174,0.6755222706852783,0.9975238882038004,28.23991970983926,0.3136472951436571,0.32940791625776905,716,30.35914972258769,0.5439263699673638,0.9965675015040888,26.969557781842116,0.31461720896901235,0.3366045142296369,-0.6945571951512619,-0.1914955372731667,-0.7096515367568941,-0.07812000797261864,True,0.7677637252702412,0.20499888729979276,0.5407925407925408,28.217196828244532,0.9993509701470475,7972
7973.png,0.6777623670827554,0.6300675675675675,0.7730569948186529,0.6354344122657581,0.9867724867724867,0.9977409137012718,26.435635916406547,0.996047404762104,28.397315108039702,0.5833333333333334,0.4924610479389149,0.7223208041310113,30.983864572579645,0.5831968400364773,2364,4,13,26,16,2.0580645161290323,3.25,310,319,618.747415630734,4.409337614428613,0.022717477639564623,-0.01273578789879437,-2.0316641658177197,-0.0006283426476364484,-0.0003507089970182786,-0.021436683702441783,616.7981624603271,4,13,-9,26,16,2.0580645161290323,3.25,4,1,310,319,268,1.9396470709427376,4.409337614428613,618.747415630734,0.022717477639564623,45140,19.094754653130288,27.722504230118442,256x256,65536,sparse,Otsu,310,4,28,2306,31.410728907174963,0.6267023823267284,28.906139733376165,0.9963981137591222,0.6047700170357752,0.5354409796390885,9,9,0.0,37,2150,31.694965235152264,0.6653294720125177,0.996521551030739,28.902461923711748,0.5096948235825338,0.5592239618788292,3768,32.01540568333759,0.6944981379273012,0.9979146013605931,31.22591457667845,0.40267511500985,0.5772634445200817,-0.5088246253364623,-0.04297993170017367,-0.4268643345953187,-0.043505542290251054,True,0.6817760822095809,0.4924610479389149,0.6904981549815498,28.467300082224266,0.9983692563489083,7973
7974.png,0.5382022471910113,0.48525721455457965,0.6534318901795143,0.49157928185573563,0.9741813602015114,0.9990554810780297,28.04036822809504,0.9963418067692753,28.29415308433748,0.3559482486588829,0.21693960609786245,0.33054704615233865,30.49855770524658,0.5543807529215419,2824,5,42,83,30,2.1878172588832485,8.4,394,431,776.6574799275043,3.8491803979510584,0.03464870975929656,0.0033865655058152866,-0.6289518303943424,-0.00022553307612138696,-0.0007342220861464854,0.027063596609311902,615.8432960510254,5,42,-37,83,30,2.1878172588832485,8.4,5,3,394,431,281,1.8019895125928134,3.8491803979510584,776.6574799275043,0.03464870975929656,45415,16.081798866855525,23.206798866855525,256x256,65536,sparse,Meijering,394,5,31,2740,31.204865975894638,0.6258631870581022,29.227479783249215,0.9970760288554218,0.328884652049571,0.34295318018494325,10,2,0.33333333333333337,39,2758,31.58389642219116,0.6777011857496038,0.9968005244781734,28.96659032361881,0.34414672539652336,0.32147395171537485,3222,31.458567703376552,0.6568731158298746,0.9978043347536923,30.358639341095643,0.2521764580292023,0.34306569343065696,-0.9333266989117348,-0.1260135740870808,-0.7063082706480586,-0.0714824341365603,True,0.6563047790718477,0.21693960609786245,0.534815681685196,28.669320058489383,0.999281014154151,7974
7975.png,0.5951327433628318,0.458476846536548,0.6287063762791918,0.4692518605562084,0.9523052464228935,0.9990306335604984,28.5243076874689,0.9964374196561249,29.20298357693678,0.354484919702311,0.22791965973146044,0.3442384451065996,31.37291892258833,0.5854827463368166,2161,8,11,34,29,2.01840490797546,1.375,326,329,606.3036989390291,4.074713487566615,0.0305006000669231,-0.0010211027910143056,-0.35963622869340384,-0.0001551388195851766,-0.0005844068302974792,0.0024880520437361997,591.7456150054932,8,11,-3,34,29,2.01840490797546,1.375,8,0,326,329,263,1.842868385832913,4.074713487566615,606.3036989390291,0.0305006000669231,44706,20.687644608977326,30.326700601573346,256x256,65536,sparse,Meijering,326,8,29,2100,31.803765102120742,0.6289563339486033,29.745963001852644,0.9970218264864223,0.3519968676585748,0.3376757239478778,10,7,0.0,39,2082,32.03181615907636,0.6670374715542379,0.9968884461231259,29.628246697762233,0.1240215537653806,0.32657833203429465,4332,32.523249105316616,0.7237122240411306,0.9981447643491363,31.82111414522755,0.03333522519118881,0.37159015302727877,-0.5429794249158633,-0.10975606421641737,-0.4308461795324128,-0.04347358761178666,True,0.6620982141052869,0.22791965973146044,0.5961538461538461,28.883943916162305,0.9991857723800835,7975
7976.png,0.6803140773976444,0.5340086830680174,0.6962264150943396,0.5382932166301969,0.9853137516688919,0.9991450664813227,28.02591861345947,0.9966392271374371,28.541077045727764,0.5356754798985874,0.47387803590654354,0.7462036891332159,30.782633344033275,0.5660952426155461,2271,5,14,35,20,2.0580645161290323,2.8,310,319,624.2215490467518,4.675135744002557,0.03288104075357864,0.008611578850288182,-0.3196911710869337,-0.00010122020084391004,-0.00043067500541238424,0.03330581165214197,693.1447982788086,5,14,-9,35,20,2.0580645161290323,2.8,5,1,310,319,255,1.9568073637829173,4.675135744002557,624.2215490467518,0.03288104075357864,45320,19.95596653456627,28.857771906649052,256x256,65536,sparse,Otsu,310,5,27,2186,31.278690907350473,0.6152731383240267,29.083798063061504,0.9970699021428495,0.5023696682464455,0.5095833779240939,8,9,0.0,34,2182,31.5150067228333,0.6576191750073955,0.9966866253846078,28.529993913127733,0.3873736058155839,0.5120262390670554,3945,31.864316039547553,0.6958574539774357,0.9981054987305965,31.010240912436675,0.20347757850250814,0.5043509789702683,-0.54272101733374,-0.03570534201755038,-0.49605756331719775,-0.049177895708480635,True,0.6350518535455063,0.47387803590654354,0.6717024985473562,28.345609784546404,0.9992462866821666,7976
7977.png,0.638116846284742,0.5039447731755424,0.6701639344262296,0.5077840344484928,0.9852185089974294,0.9991361146409291,27.741417076648634,0.9969648778262672,28.419260765791783,0.4373967624710935,0.4475173967041721,0.5719957069794067,30.894979927456294,0.5736122046740235,2426,4,16,36,19,2.072948328267477,4.0,329,341,594.7558167103297,4.453184039759418,0.029517758304353242,-0.009475221703926562,-0.32156493519497786,-0.00016596687468950488,-0.00021647898277299404,-0.0104336449485819,567.7177906036377,4,16,-12,36,19,2.072948328267477,4.0,4,0,329,341,274,1.7441519551622544,4.453184039759418,594.7558167103297,0.029517758304353242,45314,18.67848309975268,27.01401483924155,256x256,65536,sparse,Meijering,329,4,29,2393,31.355316889859996,0.6256114390158644,28.742809732937765,0.9971813568090402,0.4478304074196754,0.6437063398138412,5,2,0.0,36,2390,31.568295789062724,0.6711096493289461,0.9967543223740265,28.189954476170627,0.4185453059230718,0.42356055592322966,3926,31.901363264489525,0.6953041019925226,0.9982900247235762,30.9531286386766,0.38595822008898817,0.4415756372062231,-0.3235489671459817,-0.19618894310966906,-0.4603369624037015,-0.05199923434184084,True,0.7823789431347671,0.4475173967041721,0.6475920679886685,28.062982011843612,0.9993020815156186,7977
7978.png,0.7445482866043613,0.6032489846922836,0.7525331254871395,0.6049498746867168,0.9953608247422681,0.9987233317080401,27.817359144569267,0.9963644341944041,28.371062486360074,0.6177666562402252,0.5650394753750843,0.9252747668074676,31.269721080042014,0.6023250842397321,2603,6,5,14,17,1.9941520467836258,0.8333333333333334,342,341,693.4955587200427,4.3003496785610045,0.01834019805133131,0.006114938001521186,-0.2648701865552674,-0.00010029336124395272,-0.0003506087841798067,0.03662630536303224,650.9652137756348,6,5,1,14,17,1.9941520467836258,0.8333333333333334,6,0,342,341,311,2.0337113158945495,4.3003496785610045,693.4955587200427,0.01834019805133131,45048,17.30618517095659,25.17710334229735,256x256,65536,sparse,Otsu,342,6,30,2526,31.672190550978883,0.6488875689783775,28.715779572927808,0.9967150429785839,0.581140350877193,0.47747942038242086,11,14,0.0,40,2400,31.97562116734261,0.6897303103166422,0.9964023864879819,28.34704171711866,0.5692477681268975,0.5768869401816473,3581,32.10337186271306,0.6944720080658386,0.9980100363399173,30.91441206366371,0.35021329175956595,0.5840901973066082,-0.3447170865677336,0.0875600549926634,-0.40246947093686813,-0.04656248473864544,True,0.6106720896806412,0.5650394753750843,0.7384333486028402,28.082229331124534,0.998823625069284,7978
7979.png,0.6676616915422886,0.2909280500521376,0.4507269789983845,0.2909280500521376,1.0,0.999657119452871,27.585035289554035,0.9969620535036589,28.463610029449363,0.2880415944540728,0.24832749266601817,0.47709912994849296,30.025079668580616,0.5211048045311178,2768,11,22,60,42,2.0572916666666665,2.0,384,395,713.6107271967791,3.781954025539259,0.04583334496048204,-0.003796214001859255,-0.45961399526102653,-5.0032873527783295e-05,-0.0004773896159677715,0.013102421704681066,643.3725357055664,11,22,-11,60,42,2.0572916666666665,2.0,11,0,384,395,282,1.8066094359412082,3.781954025539259,713.6107271967791,0.04583334496048204,45909,16.585621387283236,23.67630057803468,256x256,65536,sparse,Meijering,384,11,29,2619,30.7275767503819,0.5982459091066809,29.083988426543645,0.9974394431196266,0.2749391727493917,0.5108078882036684,4,1,0.18181818181818188,33,2710,31.028013988839547,0.6533316385825438,0.9972108812375448,28.66842968068069,0.3296799539643608,0.27042057698992006,3340,31.016808396575154,0.6374145580686321,0.9978873936676331,30.1252668752211,0.31309244254261226,0.27847222222222223,-0.6203783970942816,-0.26248039553765024,-0.7024970818012832,-0.077141104575563,True,0.5204945410251058,0.24832749266601817,0.6714579055441479,28.044649284815062,0.9997071523263987,7979
7980.png,0.7411347517730497,0.5503258508327299,0.7099486221391872,0.5515239477503628,0.9960681520314548,0.9990227112385272,27.798934863376555,0.9973956042267468,28.265000115903906,0.514140681653372,0.6345649314743228,1.0905322670420714,30.532257283051926,0.5507283133510188,2293,5,10,28,20,2.0350877192982457,2.0,285,290,587.0963572938957,4.427187018227159,0.028242296027511524,0.002390675943665821,0.2521327673369491,3.281602914750881e-05,-6.177966596421225e-05,0.003440645382062568,567.2464370727539,5,10,-5,28,20,2.0350877192982457,2.0,5,0,285,290,237,2.0244701975651545,4.427187018227159,587.0963572938957,0.028242296027511524,45698,19.929350196249455,28.580898386393372,256x256,65536,sparse,Meijering,285,5,25,2188,30.839045183936726,0.597653193092376,28.247907025953914,0.997457383892711,0.5107000362713094,0.6106720896806412,6,6,0.0,31,2140,31.080245918126845,0.6419752510373293,0.9969729593520265,27.690440719594797,0.5570443887454478,0.5311820159535896,4112,31.565906953786698,0.6844475113679463,0.9985580219946435,30.81966646270753,0.4821139284471685,0.4960116026105874,0.01709308994999148,0.023892841793681563,-0.30678790088479957,-0.04692487974135717,True,0.5818855165060807,0.6345649314743228,0.7387440758293838,27.546802096039606,0.9989898952093796,7980
7981.png,0.6177072671443193,0.46946778711484594,0.6389630194433854,0.4773568783822273,0.9659942363112392,0.998850793344482,27.027384025450758,0.9965377965560113,28.053339963165275,0.3993764172335601,0.33729714477781514,0.4386623624232896,29.92865112101979,0.5299183832310211,3087,8,33,79,40,2.1182033096926713,4.125,423,448,866.689220803466,3.8934168418248496,0.03940251616078665,0.023436433810986035,-1.1665040655490273,-0.0003452319312962082,-0.0005556030845893511,0.02209851290554188,641.2796974182129,8,33,-25,79,40,2.1182033096926713,4.125,8,1,423,448,304,1.9345741535791603,3.8934168418248496,866.689220803466,0.03940251616078665,46095,14.931972789115646,21.229672821509556,256x256,65536,sparse,Meijering,423,8,31,3079,30.707324863015103,0.6169443533255761,28.750508485652574,0.9970933996406006,0.3772779043280182,0.2533973941528289,18,1,0.375,34,3066,30.98846534121964,0.6727973032561995,0.9965365062900347,28.111525241996688,0.3378794846834038,0.33864995727712904,669,30.016768677407146,0.5285949083755298,0.9951889171037415,26.796251368467527,0.4574247922770118,0.38536029621190543,-0.6971685224872992,0.08389975062498622,-0.7786737419953127,-0.08702597009455493,True,0.7689220085226698,0.33729714477781514,0.5942708333333333,28.193888090999785,0.9991960252757782,7981
7982.png,0.67550894509562,0.47021630615640597,0.6396559529198732,0.4721015703307718,0.991578947368421,0.9992187994762978,27.731075138837923,0.9973740337046835,28.264519848750158,0.42895263509006004,0.5204945410251058,0.8332060007278584,30.00003951124757,0.5247655504384234,2452,4,21,52,24,2.104294478527607,5.25,326,343,631.7133587782524,4.353799527773828,0.03343455997183703,-0.0024571565992952404,0.1544840734821129,-1.2192515734366083e-05,-5.10721429503036e-05,0.011979698237403857,580.6365013122559,4,21,-17,52,24,2.104294478527607,5.25,4,0,326,343,250,1.8417299089744932,4.353799527773828,631.7133587782524,0.03343455997183703,46059,18.784257748776508,26.72756933115824,256x256,65536,sparse,Meijering,326,4,26,2405,30.50076690232625,0.5893161416532819,28.266034211686613,0.9974251058476338,0.4169729368526562,0.41957808485925774,10,5,0.0,30,2422,30.740437300003126,0.639507885499503,0.9969262345165704,27.638558604155968,0.3570360789537026,0.4164164164164164,3683,31.016079468221328,0.653481001054405,0.9982376094262934,30.087976710955942,0.4339602135062529,0.41836393989983306,-0.0015143629364544609,0.1009164561658481,-0.50072739107868,-0.06455059121485851,True,0.6246889011486004,0.5204945410251058,0.6779661016949152,27.57659106535581,0.9992309919920321,7982
7983.png,0.59921875,0.3939288206559665,0.565206508135169,0.3992220650636492,0.9674378748928878,0.9992183156482314,27.846123393992013,0.9971019329049733,28.36566463979315,0.30793650793650795,0.21238823929795314,0.4047103499338741,30.377200984936728,0.5390761360483255,2604,7,26,73,36,2.105849582172702,3.7142857142857144,359,378,683.8033694248761,4.0362976723062625,0.04567329058828411,-0.002362277667984136,-0.4820558879287411,-0.00014924507646851826,-0.0004982580568274608,0.0041882759704541805,616.7409420013428,7,26,-19,73,36,2.105849582172702,3.7142857142857144,7,1,359,378,250,1.809003622817129,4.0362976723062625,683.8033694248761,0.04567329058828411,45667,17.537250384024578,25.167434715821813,256x256,65536,sparse,Meijering,359,7,29,2528,30.980800971145214,0.6079521970718688,29.029414615251742,0.9976001909618007,0.30374823196605377,0.2702111257309432,12,2,0.1428571428571428,34,2564,31.22950553974668,0.6573883918106566,0.9971315147090807,28.459552374699232,0.2945284883611313,0.26343705799151346,3599,31.374558890519616,0.6618873979671024,0.9981523087665669,30.390592300063584,0.22894841419643375,0.2939929328621908,-0.6637499754585932,-0.05782288643299005,-0.6035999862084864,-0.06887606102354327,True,0.5247907283138555,0.21238823929795314,0.6015810276679842,28.328179281920754,0.9993675607246999,7983
7984.png,0.665314401622718,0.32374392220421394,0.4891337618610346,0.32453290008123475,0.9925465838509316,0.9996257255128917,27.792881441724077,0.9970623673458668,28.746647770248174,0.33833671399594323,0.3212483657485856,0.5881997699072871,30.996125033113046,0.5660515643635188,2098,6,12,35,25,2.041522491349481,2.0,289,295,593.383859464495,4.492074726774618,0.03688640640501645,0.013184584178498993,0.06264388291640444,-1.5317150988791717e-05,-0.0003888913211529399,0.0036494678545947457,607.485294342041,6,12,-6,35,25,2.041522491349481,2.0,6,0,289,295,229,2.011470710049132,4.492074726774618,593.383859464495,0.03688640640501645,45219,21.55338417540515,31.237368922783602,256x256,65536,sparse,Meijering,289,6,26,2022,31.28166463721827,0.6064086145161797,29.203078296549208,0.9974512586670198,0.3346872461413485,0.32631996075113234,8,1,0.33333333333333337,34,2072,31.615935047231236,0.6522145773805096,0.9970684391618565,28.786270373094112,0.4456727152654929,0.31681559707554835,4469,32.17781709944576,0.7154223393282088,0.9985672792937961,31.601933272903587,0.22894841419643375,0.3334685598377282,-0.456430526301034,-0.005071595002546725,-0.2855396041052245,-0.04035705015266089,True,0.5461552047176442,0.3212483657485856,0.652129817444219,27.730237558807673,0.9996410426638805,7984
7985.png,0.7213930348258707,0.37536764705882353,0.5458433573910718,0.38196782641227084,0.9559925093632958,0.9994430199461993,27.025680549957013,0.997844491114983,28.26666693611351,0.3771043771043771,0.4475173967041721,0.7947701764527404,30.837844764984055,0.5665698619144919,2235,5,9,26,19,2.0277777777777777,1.8,288,292,497.9086392275073,4.615675306568543,0.031331572184376974,0.0054557928770681,-0.23180288005667293,-0.0001474002228766258,-0.00022412900602142294,-0.0007482229704451893,574.4936466217041,5,9,-4,26,19,2.0277777777777777,1.8,5,0,288,292,243,1.705166572696941,4.615675306568543,497.9086392275073,0.031331572184376974,45445,20.333333333333332,29.322595078299777,256x256,65536,sparse,Meijering,288,5,27,2204,31.20929854813192,0.613087582094079,28.342942755303127,0.9980686201210044,0.3778526000748223,0.4238738151902911,7,2,0.0,34,2200,31.48310056487748,0.6590685072546745,0.9979249188043963,28.138707059120623,0.4530146904576581,0.3855646970830217,4058,31.82410791017642,0.6949749851412764,0.998877976279395,31.01221079992067,0.43528187799224083,0.37186681631126073,-0.07627581918961823,0.023643581513881018,-0.3714537831478637,-0.04651772017958711,True,0.5630777424255589,0.4475173967041721,0.7159372419488026,27.257483430013686,0.999590420169076,7985
7986.png,0.6579601990049752,0.5093606499470152,0.6749356424058038,0.5109851169383416,0.9937973811164714,0.999035934128387,28.101151963032372,0.9965744887692083,28.416187524161224,0.4214788732394366,0.2641041413517583,0.383829152304227,31.00047108738528,0.5844625399989505,2371,4,23,52,24,2.119496855345912,5.75,318,337,614.1609951401781,4.23944028743408,0.03896881174188694,-0.03132325058284979,-0.3132045510157049,-9.187096195750755e-05,-0.0004907970282959084,-0.008358121799542817,583.2805633544922,4,23,-19,52,24,2.119496855345912,5.75,4,1,318,337,242,1.8224361873595756,4.23944028743408,614.1609951401781,0.03896881174188694,45063,19.005904681568957,27.64065795023197,256x256,65536,sparse,Meijering,318,4,29,2323,31.603533479638727,0.6340749054174061,29.102482261898825,0.9970652857975042,0.42983699503897943,0.377077604231577,9,5,0.0,39,2348,31.95044559852947,0.6766702722551959,0.9969831836132942,28.94141353401732,0.3044670710917404,0.42720510095642933,3634,32.06537357972856,0.6932107897943466,0.9980844125636831,31.049372248865573,0.22894841419643375,0.4150743099787686,-0.686294737737601,-0.11297346287981869,-0.6030623922534488,-0.049612365418455595,True,0.6880773379673533,0.2641041413517583,0.689283449587825,28.414356514048077,0.9991278050903445,7986
7987.png,0.5877403846153846,0.5470773538676934,0.707239819004525,0.5480364656381487,0.9968112244897959,0.999014861159954,28.06142059702156,0.9969929960646267,28.47285256308527,0.3708100558659218,0.3046453900060073,0.4112607284402863,31.466745486512764,0.6076946916786794,2365,4,19,43,21,2.0961538461538463,4.75,312,327,680.826446279273,4.541664895720971,0.02857474679689964,-0.014662017787017811,-0.30633950609361094,-0.00010786691863440279,-0.0005092768403740511,-0.013913139649144757,630.8555603027344,4,19,-15,43,21,2.0961538461538463,4.75,4,1,312,327,248,2.0820380620161227,4.541664895720971,680.826446279273,0.02857474679689964,44712,18.90570824524313,27.710782241014797,256x256,65536,sparse,Meijering,312,4,30,2287,31.932696021345777,0.6494466725245073,29.04339741975223,0.9975022729050007,0.38472319551506656,0.3323558787310711,10,3,0.0,42,2328,32.28527333144021,0.6924775921865567,0.9974529888841112,29.07240974917045,0.31114692375142317,0.3695652173913043,3674,32.42754485366775,0.7051283039848993,0.998348363910175,31.23487592974925,0.36641659876042776,0.3704481792717087,-0.5705448566669631,-0.027710488725063764,-0.46595053483301285,-0.041751980845827874,True,0.7407597393541085,0.3046453900060073,0.6024024024024024,28.36776010311517,0.9991227280785884,7987
7988.png,0.7669337217771304,0.4348294434470377,0.6061061061061062,0.4357682619647355,0.9950698438783895,0.9993306128121705,27.53929122792243,0.997071149700114,28.36093674966923,0.43092931467527806,0.3381572392127773,0.5567161184167737,30.796521044757107,0.5624217606096374,2521,8,21,50,25,2.078078078078078,2.625,333,346,679.4710835847352,3.999853746311085,0.03647717455815861,-0.0009365803599367117,-0.22035873365154757,-8.421548381842836e-05,-0.00037746684649131446,0.007645089019510887,626.1429786682129,8,21,-13,50,25,2.078078078078078,2.625,8,1,333,346,258,1.9637892589154164,3.999853746311085,679.4710835847352,0.03647717455815861,45295,17.967076556921857,25.996033320111067,256x256,65536,sparse,Meijering,333,8,29,2503,31.269085709711035,0.6234710226271991,28.78590995606102,0.9974486165466053,0.4232842256557672,0.5885221138828294,5,4,0.0,37,2476,31.590191201805684,0.6705142460229564,0.9972827148701376,28.53093747735883,0.4159553115586172,0.4197486535008977,3567,31.720768573127664,0.6772022872603038,0.9983618982213649,30.626016680373915,0.3698631001275111,0.4139417894358606,-0.42497320639179037,-0.2503648746700521,-0.47256466495392857,-0.06104926201756167,True,0.6074141344684816,0.3381572392127773,0.7678703021370671,27.759649961573977,0.9994148282959889,7988
7989.png,0.8145065398335315,0.5411722402013665,0.7022865142323846,0.5417566594672426,0.9980106100795756,0.999339412241391,27.23361827179709,0.9978191397747813,28.054831891649265,0.5557955363570914,0.6276794119468447,0.916397282640561,30.459013453608566,0.5484093873425453,2340,4,4,8,10,2.0,1.0,303,303,506.56303601581584,4.528643073421894,0.020623865050726435,-0.004377070617774925,-0.16532751247937583,-2.462707995432023e-05,6.579805981266063e-05,-0.003959683225341903,540.7483577728271,4,4,0,8,10,2.0,1.0,4,0,303,303,285,1.6718252013723278,4.528643073421894,506.56303601581584,0.020623865050726435,45761,19.555982905982905,28.006837606837607,256x256,65536,sparse,Meijering,303,4,26,2325,30.822500250274167,0.602563757828532,27.91904462019572,0.9977533417149687,0.5597552195824333,0.7433392230464442,4,9,0.0,31,2250,31.01644520496462,0.6461551535907931,0.997503801521675,27.499140419999097,0.6291657197018043,0.5633549316054716,3992,31.432077517559183,0.6788624021759787,0.9987344723447579,30.424668895649276,0.5545059681008434,0.5521958243340532,0.13578727145354463,-0.11565981109959944,-0.363486796665601,-0.0541543704859867,True,0.6849424630965867,0.6276794119468447,0.8188836104513064,27.398945784276467,0.9993640393213453,7989
7990.png,0.745799853907962,0.4618533680684779,0.6318737270875764,0.46254193067461796,0.9967871485943776,0.9993113125238143,27.791385914681367,0.997176431826019,28.366496553081255,0.4235775381182596,0.36871635449307405,0.605075807343459,30.772976649702628,0.5591472746105727,2402,5,28,54,23,2.1419753086419755,5.6,324,347,662.941021042287,4.245029829902413,0.04373783678094878,-0.00585821536248754,-0.22386610775375715,-3.608154250245299e-05,-0.0004280689962790074,0.0016617721846032274,617.647647857666,5,28,-23,54,23,2.1419753086419755,5.6,5,1,324,347,247,1.9104928560296424,4.245029829902413,662.941021042287,0.04373783678094878,45401,18.901332223147378,27.283930058284763,256x256,65536,sparse,Meijering,324,5,27,2234,31.180322619074175,0.6115490485749789,28.937546600443632,0.997604500822298,0.4219157659336564,0.6046563925739001,5,6,0.0,34,2382,31.480554615676017,0.6634978347285793,0.9972553838137465,28.4377665975059,0.6785778786656087,0.41520685799478196,3897,31.797961079615046,0.688370843542873,0.9985332683980569,31.108464241086576,0.40903589531843754,0.40775251584047706,-0.5710500473623767,-0.2359400380808261,-0.40734596937154777,-0.05240177396440626,True,0.6093721646414789,0.36871635449307405,0.7516580692704495,28.015252022435124,0.9993473940663168,7990
7991.png,0.6911496350364964,0.457519934011548,0.627806074325599,0.45764576457645767,0.9993993993993994,0.9992426693556399,27.759179075657347,0.9944316385470784,28.334895083631146,0.5513661202185792,0.6385024446776644,0.803094990680862,30.167466933873662,0.5468174979718226,2575,4,13,31,16,2.054380664652568,3.25,331,340,711.0477676903123,5.042753597760849,0.029995709832147048,-0.005510847338271674,-0.0378458832308759,-5.0698720621911164e-05,-0.000469458155199165,0.004087395644637448,670.0892448425293,4,13,-9,31,16,2.054380664652568,3.25,4,1,331,340,284,2.091316963795033,5.042753597760849,711.0477676903123,0.029995709832147048,45787,17.78135922330097,25.45087378640777,256x256,65536,sparse,Otsu,331,4,28,2550,30.859838985132555,0.6113873676511599,28.769405914806477,0.9949010967022776,0.5472787245739418,0.4707866584999497,11,9,0.0,31,2384,31.016478689444895,0.6498821272205254,0.9940817291463557,28.026036086979815,0.42688372902574556,0.5244505494505495,3644,31.298641382603964,0.6672225105129496,0.9966131362438858,30.145178348833994,0.22718399486068153,0.5523001095290252,-0.43451083117533074,0.16771578617771465,-0.6923720512588929,-0.06456986967933731,True,0.7950522068832027,0.6385024446776644,0.6966604823747681,27.797024958888223,0.9992933680762618,7991
7992.png,0.6526631657914479,0.4253541590991646,0.5968399592252803,0.4294096076274294,0.9782790309106099,0.9993185781477607,27.883489810118313,0.9970201842643056,28.63278398696469,0.3569611050527081,0.34163777157517283,0.6163950444969453,30.967302547831615,0.5710130091548127,2564,7,38,74,33,2.1671159029649596,5.428571428571429,371,402,683.0957651982087,4.238437511850239,0.03705798136461858,-0.002561853277964765,-0.291218398931413,-0.00011383773781903361,-0.00045119373303526,0.0011531167786150154,648.7522125244141,7,38,-31,74,33,2.1671159029649596,5.428571428571429,7,1,371,402,264,1.6992431970104658,4.238437511850239,683.0957651982087,0.03705798136461858,45194,17.626365054602186,25.5600624024961,256x256,65536,sparse,Meijering,371,7,31,2443,31.51599344465056,0.6291325903094022,29.18061616252811,0.9974713779973409,0.3558079882740931,0.38121660819385916,8,3,0.0,40,2456,31.81402518056021,0.6743052952720107,0.997281955525435,29.09562580818553,0.38121660819385916,0.3181984621017942,3567,31.89387616384151,0.6830432440145072,0.9982537505404947,31.002121984534007,0.26550451363789895,0.34433443344334436,-0.5478321755634212,-0.03957883661868633,-0.5486908968189468,-0.058119581154589484,True,0.5542513273350398,0.34163777157517283,0.6552250190694127,28.174708209049726,0.9994324158855797,7992
7993.png,0.6769859813084113,0.5672345052555273,0.7238667900092507,0.5720029239766082,0.9855163727959698,0.9991803899298923,27.782325080130533,0.9977649006955476,28.33956549720096,0.4667883211678832,0.34295318018494325,0.5203802888053329,31.49384585156913,0.6042668095562267,2443,5,11,25,17,2.034782608695652,2.2,345,351,602.9767368136386,4.36970553709113,0.017689331204533074,0.003841104983322907,-0.4648324310136758,-0.00012326838306997434,-0.0003206403743060138,0.008820484910573245,630.3415298461914,5,11,-6,25,17,2.034782608695652,2.2,5,0,345,351,303,1.7178824410644948,4.36970553709113,602.9767368136386,0.017689331204533074,44824,18.34793286942284,26.82603356528858,256x256,65536,sparse,Meijering,345,5,30,2437,31.773761139186547,0.6479856383574172,28.883289108428443,0.9980855410698536,0.45796783625730997,0.3701176494675643,9,0,0.6,41,2436,32.17977451624671,0.6938404217321403,0.9979375674231985,28.758624428434494,0.3330231891415256,0.4574351479722324,3773,32.35486681427283,0.7071877613053228,0.9987550161350385,31.105188261670502,0.31841433380615214,0.45633905736207525,-0.543723611227481,-0.027164469282621062,-0.2799152876174169,-0.04371882880119049,True,0.6590433718622983,0.34295318018494325,0.6731448763250883,28.24715751114421,0.9993036583129623,7993
7994.png,0.6565217391304348,0.5171288743882545,0.6817204301075269,0.5198851988519885,0.9898516783762685,0.9992550197811592,27.778735132805494,0.9975945767237825,28.493626386219844,0.41205412054120544,0.4368930555625521,0.6423188380380739,31.5405389949862,0.5993132712433173,2039,4,4,10,12,2.0,1.0,272,272,492.60779844305813,4.727185013977921,0.018978512183165437,-0.006497954523832172,-0.07686963508599476,-5.720299284561747e-05,-0.00010511450062344885,0.0024600246002460247,579.5977115631104,4,4,0,10,12,2.0,1.0,4,0,272,272,250,1.8110580825112423,4.727185013977921,492.60779844305813,0.018978512183165437,44777,21.960274644433547,32.14124570868073,256x256,65536,sparse,Meijering,272,4,27,2023,31.785922665433333,0.6334615913584314,28.596894289248933,0.9976996912244059,0.4095940959409594,0.45587236069447545,7,6,0.0,37,1974,32.007329613045634,0.6706688302475263,0.9973805845267321,28.317932955984773,0.4155843717880138,0.3915539155391554,4662,32.70282543321197,0.7348267475776413,0.9988320893026419,31.96388082515819,0.41491608640829314,0.4162228594838181,-0.10326790302908861,-0.018979305131923363,-0.24538367044713283,-0.03414832011511404,True,0.680180978183696,0.4368930555625521,0.6630196936542669,27.85560476789149,0.9993122227740048,7994
7995.png,0.5380658436213992,0.5033783783783784,0.6696629213483146,0.5258261148540263,0.921822272215973,0.998216926153903,27.64146565556492,0.996445969833634,28.209303372331025,0.37472213401079707,0.28680471210171765,0.4591160681330767,30.127364535944867,0.531348740594744,2903,8,33,74,38,2.125,4.125,400,425,827.5822038282447,3.629268438220024,0.045131899216928444,0.0516658436213992,-1.17167705679773,-0.0005594998904009385,-0.0007253704865776145,0.0518622430200949,623.6836910247803,8,33,-25,74,38,2.125,4.125,8,2,400,425,288,1.9472522443017477,3.629268438220024,827.5822038282447,0.045131899216928444,45823,15.784705477092663,22.575266965208407,256x256,65536,sparse,Meijering,400,8,31,2841,30.905750777006872,0.6134499144812022,29.108498505781842,0.9971713403202116,0.32285989099070217,0.30046072089270326,15,8,0.0,37,2896,31.21903674488516,0.6695265594535031,0.9968972930174366,28.732713325681303,0.1910353024335002,0.30418129588254067,3043,31.022575878489032,0.6304211875985806,0.9975622469488526,29.728522683192317,0.18562418744089992,0.3318428617055254,-0.8991951334508173,-0.013656008790985608,-0.7783862410620053,-0.08210117388645821,True,0.6246889011486004,0.28680471210171765,0.4864,28.81314271236265,0.9987764260443039,7995
7996.png,0.7356064840693125,0.5444915254237288,0.7050754458161865,0.5446838572942423,0.9993519118600129,0.9991205786056069,27.864046315695585,0.9966863140962973,28.63185209460549,0.5473758365621698,0.6132589765454988,0.852733511534507,31.613871078179642,0.6098199511415032,2247,4,10,23,15,2.0392156862745097,2.5,306,312,559.1580031750095,4.89378011772056,0.029281743986303947,-0.009992607356014038,-0.43727758016504836,-0.00011057966300520583,-0.0003618101492884884,0.007121599274034218,647.148847579956,4,10,-6,23,15,2.0392156862745097,2.5,4,0,306,312,268,1.7921730870993873,4.89378011772056,559.1580031750095,0.029281743986303947,44624,19.859368046283933,29.165999109924343,256x256,65536,sparse,Otsu,306,4,29,2226,31.97175848840672,0.6498239088643003,29.105429895785694,0.9970481242455858,0.5402542372881356,0.4818549206648426,8,2,0.0,42,2096,32.24242623365888,0.6843189141353131,0.9969207795610907,29.022117799956536,0.5108078882036684,0.5158898305084746,4250,32.674125258540954,0.7298642416226997,0.9983740821222413,31.665357172309847,0.32810087331321347,0.5084745762711864,-0.4735778011802019,0.13140405588065618,-0.3578874102270788,-0.04000395772279708,True,0.7191683782216203,0.6132589765454988,0.7455990914253265,28.301323895860634,0.9992311582686121,7996
7997.png,0.6944248412138321,0.418280665987088,0.5898418782942022,0.41856511390683443,0.9983779399837794,0.9995150219348209,27.591877059014777,0.9974628262174554,28.361385496209014,0.39524617996604416,0.4081159024577764,0.582766300219493,30.750422652640253,0.563395871374022,2385,4,12,31,19,2.052980132450331,3.0,302,310,556.006888504874,4.680250571263547,0.033439325078256185,0.010475977577468432,-0.15465567298836547,-3.3171994735958776e-05,-0.00021907933607256957,0.008302963373048589,579.6136856079102,4,12,-8,31,19,2.052980132450331,3.0,4,0,302,310,252,1.7935706080802367,4.680250571263547,556.006888504874,0.033439325078256185,45430,19.048218029350103,27.478406708595386,256x256,65536,sparse,Meijering,302,4,27,2306,31.133579382448247,0.6153507627288058,28.567068104285077,0.997681905553528,0.3869432165929956,0.42879093615118524,8,0,0.5,32,2144,31.334879066005335,0.6521406697192287,0.9971234162534413,27.817879868205374,0.306118821350573,0.3458007480448827,3852,31.710759454843046,0.6841845654371819,0.998483043962739,30.749680603064252,0.25732741677921767,0.38354301258075485,-0.20568260807606364,-0.02067503369340884,-0.3831567298079932,-0.051954891354783816,True,0.7003080004867537,0.4081159024577764,0.6839488636363636,27.746532732003143,0.9995481939295568,7997
7998.png,0.6350526899611758,0.5532585844428872,0.7123843898037446,0.5637272402713317,0.9675245098039216,0.9988511354522382,27.356224996625826,0.9974271891163888,28.114276706972248,0.46616809116809116,0.2728821184574307,0.4411031417617001,30.54318903343762,0.5538111289081573,2374,5,13,37,24,2.049689440993789,2.6,322,330,631.7128562088288,4.16018289438686,0.03404716194548466,-0.008238309486643058,-0.48151188179824445,-0.00020755523655557884,-0.00014640257671161283,-0.011550268903210092,595.1497554779053,5,13,-8,37,24,2.049689440993789,2.6,5,0,322,330,261,1.914281382450993,4.16018289438686,631.7128562088288,0.03404716194548466,45625,19.218618365627634,27.605728727885424,256x256,65536,sparse,Meijering,322,5,26,2300,30.94066669726344,0.605669778278814,28.444240578964365,0.9975735916931004,0.47771836007130125,0.45528905436548717,8,5,0.0,33,2360,31.216021972875577,0.6549932215854384,0.9972500155403793,27.859513729166405,0.5536565993742872,0.46754636233951496,3943,31.590967298559267,0.6835129014204134,0.9985251482563163,30.722865650703643,0.31977614287553413,0.4714896650035638,-0.32996387199211696,-0.18240693590805646,-0.39747766382581773,-0.05185864937065665,True,0.6186356265058105,0.2728821184574307,0.6432909994478189,27.83773687842407,0.9990586906887938,7998
7999.png,0.6820208023774146,0.5013309671694764,0.6678486997635933,0.502371072910492,0.9958871915393654,0.9991454308207741,27.999783461892044,0.9965042069906378,28.616064259630623,0.5002960331557135,0.44233675368020875,0.5744077296045362,31.409519012513208,0.6060536350455873,2725,4,16,39,21,2.062015503875969,4.0,387,399,685.7218628602118,4.499696062824831,0.024156961503595094,0.00889611285928249,-0.2983782895579914,-9.01612855033207e-05,-0.0004996949715264654,0.006962699822380125,607.4728965759277,4,16,-12,39,21,2.062015503875969,4.0,4,0,387,399,327,1.7186011600506532,4.499696062824831,685.7218628602118,0.024156961503595094,44873,16.46715596330275,24.049908256880734,256x256,65536,sparse,Meijering,387,4,32,2661,31.86028203093828,0.6589072733740227,29.125545899629863,0.9970039019621643,0.49333333333333335,0.6246889011486004,6,2,0.0,42,2494,32.183282569134526,0.6992824133036647,0.9968157659168705,28.9653592910041,0.421123814743799,0.4819312796208531,3455,32.23231519152324,0.6971401891142703,0.9979895327074455,31.092591409192387,0.39173391755055176,0.46947243627741553,-0.5094816399992403,-0.18235214746839168,-0.4507630184250715,-0.05285363832843537,True,0.7700745148132762,0.44233675368020875,0.6731246895181321,28.298161751450035,0.9992355921062774,7999
