filename	gt_iou	seg_iou	seg_f1	seg_precision	seg_recall	gt_fg_ssim	gt_fg_psnr	ng_fg_ssim	ng_fg_psnr	ng_iou	ng_topo_q	topo_preservation	ng_psnr	ng_ssim	ng_bytes	graph_n_components	graph_n_cycles	graph_n_junctions	graph_n_endpoints	graph_mean_degree	graph_complexity	n_nodes	n_edges	total_edge_length	mean_width_px	mean_curvature	delta_gt_iou	delta_gt_fg_psnr	delta_gt_fg_ssim	delta_fg_ssim	delta_iou	total_time_ms	ng_n_components	ng_n_cycles	ng_euler_characteristic	ng_n_junctions	ng_n_endpoints	ng_mean_degree	ng_graph_complexity	ng_seg_beta_0	ng_seg_beta_1	graph_n_nodes	graph_n_edges	graph_n_sampled	graph_mean_edge_length	graph_mean_width	graph_total_edge_length	graph_mean_curvature	png_bytes	ng_vs_png	ng_vs_raw	image_shape	image_pixels	image_type	segmenter	n_points	n_structures	jpeg_quality	jpeg_bytes	jpeg_psnr	jpeg_ssim	jpeg_fg_psnr	jpeg_fg_ssim	jpeg_iou	jpeg_topo_q	jpeg_beta_0	jpeg_beta_1	jpeg_betti_preservation	webp_quality	webp_bytes	webp_psnr	webp_ssim	webp_fg_ssim	webp_fg_psnr	webp_topo_q	webp_iou	jp2_bytes	jp2_psnr	jp2_ssim	jp2_fg_ssim	jp2_fg_psnr	jp2_topo_q	jp2_iou	delta_fg_psnr	delta_topo_q	delta_psnr	delta_ssim	gt_available	gt_topology_q	recon_topology_q	jpeg_gt_iou	jpeg_gt_fg_psnr	jpeg_gt_fg_ssim	stem
7249.png	0.604523	0.606000	0.754670	0.609249	0.991276	0.998978	28.050611	0.997104	28.318604	0.451052	0.270787	0.399620	30.476580	0.555192	2602	4	21	45	21	2.096591	5.250000	352	369	696.342937	4.020127	0.031302	-0.005578	-0.210474	-0.000064	-0.000283	-0.002214	683.229685	4	21	-17	45	21	2.096591	5.250000	4	0	352	369	286	1.887108	4.020127	696.342937	0.031302	45624	17.534204	25.186779	256x256	65536	sparse	Meijering	352	4	29	2586	31.036036	0.618403	28.670887	0.997387	0.453266	0.306604	13	4	0.000000	35	2454	31.291314	0.662016	0.997085	28.246942	0.291071	0.427184	3640	31.455945	0.669072	0.998094	30.140264	0.332547	0.436851	-0.352282	-0.035817	-0.559457	-0.063211	True	0.677612	0.270787	0.610101	28.261085	0.999042	7249
7250.png	0.617693	0.504540	0.670690	0.507999	0.986684	0.998972	27.987320	0.995989	28.598138	0.500651	0.463130	0.623040	31.277704	0.590164	2471	6	18	39	25	2.070175	3.000000	342	354	713.989870	4.562803	0.033065	0.002107	-0.357820	-0.000180	-0.000506	0.008965	729.734421	6	18	-12	39	25	2.070175	3.000000	6	1	342	354	278	2.016921	4.562803	713.989870	0.033065	44906	18.173209	26.522056	256x256	65536	sparse	Meijering	342	6	31	2469	31.722703	0.642785	29.034643	0.996495	0.491686	0.506714	9	7	0.000000	40	2272	31.999157	0.676917	0.996415	29.020907	0.540447	0.476888	3534	32.157193	0.694403	0.997825	31.229827	0.293548	0.504235	-0.436505	-0.043584	-0.444999	-0.052621	True	0.743339	0.463130	0.615586	28.345140	0.999152	7250
7251.png	0.736257	0.419041	0.590598	0.419313	0.998457	0.999488	27.489632	0.997033	28.457583	0.489479	0.748421	1.032691	31.545811	0.611601	2427	4	6	17	15	2.012903	1.500000	310	312	539.088434	4.958599	0.018646	-0.007638	-0.121403	-0.000035	-0.000203	0.006977	723.890305	4	6	-2	17	15	2.012903	1.500000	4	0	310	312	278	1.727848	4.958599	539.088434	0.018646	44830	18.471364	27.002884	256x256	65536	sparse	Otsu	310	4	30	2387	31.860479	0.654127	28.761798	0.997235	0.482502	0.574007	6	1	0.250000	41	2372	32.197086	0.694537	0.997107	28.805122	0.739460	0.477641	3790	32.415584	0.708988	0.998509	31.505306	0.557361	0.476669	-0.304214	0.174414	-0.314668	-0.042526	True	0.724729	0.748421	0.743895	27.611035	0.999523	7251
7252.png	0.785774	0.499309	0.666052	0.499539	0.999078	0.999438	27.648247	0.997978	28.373622	0.483410	0.476909	0.869608	30.796058	0.554471	1962	4	10	26	17	2.045627	2.500000	263	269	506.140573	4.441137	0.032694	0.000356	0.161022	0.000029	0.000029	-0.009677	641.320229	4	10	-6	26	17	2.045627	2.500000	4	0	263	269	220	1.881563	4.441137	506.140573	0.032694	45467	23.173802	33.402650	256x256	65536	sparse	Meijering	263	4	23	1881	30.879887	0.588256	28.312492	0.997949	0.493088	0.541594	4	1	0.500000	31	1888	31.266112	0.631997	0.997731	27.890376	0.607414	0.496313	4501	31.949858	0.708683	0.999039	31.594455	0.590165	0.481567	0.061129	-0.064685	-0.083829	-0.033785	True	0.548419	0.476909	0.785418	27.487225	0.999410	7252
7253.png	0.540897	0.320273	0.485162	0.325539	0.951923	0.999460	27.564320	0.996979	28.670581	0.295770	0.282513	0.486212	31.149056	0.581839	2603	9	30	69	38	2.114441	3.333333	367	388	708.277254	3.883539	0.040464	0.001302	-0.703360	-0.000172	-0.000484	0.026862	724.266768	9	30	-21	69	38	2.114441	3.333333	9	1	367	388	260	1.825457	3.883539	708.277254	0.040464	44924	17.258548	25.177103	256x256	65536	sparse	Meijering	367	9	32	2584	31.685229	0.640242	29.257682	0.997463	0.268908	0.352273	7	1	0.888889	43	2544	32.044705	0.686172	0.997626	29.490495	0.339660	0.265985	3539	32.085495	0.688927	0.998378	31.351908	0.280422	0.275849	-0.587101	-0.069760	-0.536172	-0.058402	True	0.581048	0.282513	0.539595	28.267681	0.999632	7253
7254.png	0.767457	0.444984	0.615902	0.451408	0.969010	0.999329	27.472519	0.997366	28.259369	0.477313	0.484623	0.704315	31.242519	0.592118	2553	6	16	40	24	2.057803	2.666667	346	356	664.222469	4.031547	0.028322	-0.008175	-0.372154	-0.000121	-0.000379	0.004073	690.048695	6	16	-10	40	24	2.057803	2.666667	6	0	346	356	282	1.865793	4.031547	664.222469	0.028322	44986	17.620838	25.670192	256x256	65536	sparse	Meijering	346	6	31	2521	31.674615	0.643008	28.758274	0.997744	0.473239	0.599884	5	2	0.000000	40	2374	31.972688	0.682199	0.997623	28.627927	0.553657	0.466737	3646	32.098275	0.693409	0.998574	30.984938	0.359467	0.460049	-0.498905	-0.115260	-0.432096	-0.050890	True	0.688077	0.484623	0.775632	27.844673	0.999451	7254
7255.png	0.716558	0.454815	0.625255	0.457185	0.988728	0.999281	27.417654	0.997122	28.096334	0.419859	0.322190	0.494303	30.562735	0.550812	2420	7	22	55	30	2.093458	3.142857	321	336	663.531460	4.068566	0.038178	-0.017942	-0.156819	-0.000089	-0.000295	-0.002016	678.435087	7	22	-15	55	30	2.093458	3.142857	7	0	321	336	236	1.974796	4.068566	663.531460	0.038178	45536	18.816529	27.080992	256x256	65536	sparse	Meijering	321	7	27	2322	31.007008	0.606857	28.403087	0.997416	0.421875	0.595458	4	0	0.785714	35	2382	31.323417	0.658100	0.997214	28.048322	0.394984	0.406471	3846	31.590697	0.679615	0.998453	30.671619	0.349491	0.407063	-0.306753	-0.273268	-0.444273	-0.056046	True	0.651808	0.322190	0.734500	27.574472	0.999370	7255
7256.png	0.496073	0.488710	0.656555	0.496501	0.968892	0.998962	28.255128	0.996851	28.857153	0.368380	0.257062	0.367859	31.519645	0.603761	2021	4	15	35	18	2.080000	3.750000	275	286	519.636118	4.992831	0.030325	-0.002602	-0.732718	-0.000267	-0.000336	0.000962	670.580387	4	15	-11	35	18	2.080000	3.750000	4	0	275	286	222	1.816910	4.992831	519.636118	0.030325	44562	22.049480	32.427511	256x256	65536	sparse	Meijering	275	4	27	1928	31.930364	0.637171	29.318493	0.997187	0.367418	0.349491	10	2	0.000000	40	1998	32.278548	0.677178	0.997046	29.301988	0.350791	0.365579	4590	32.855919	0.741172	0.998485	32.098274	0.257769	0.371650	-0.461340	-0.092429	-0.410719	-0.033410	True	0.698806	0.257062	0.498675	28.987846	0.999228	7256
7257.png	0.620299	0.451793	0.622393	0.467243	0.931802	0.999082	27.391084	0.996940	28.388370	0.471813	0.306299	0.421840	30.254182	0.532722	2465	5	31	73	33	2.155689	6.200000	334	360	714.622464	4.364319	0.041322	0.005569	-0.745429	-0.000261	-0.000167	0.018250	692.585707	5	31	-26	73	33	2.155689	6.200000	5	0	334	360	228	1.985062	4.364319	714.622464	0.041322	45763	18.565112	26.586613	256x256	65536	sparse	Meijering	334	5	27	2372	30.755277	0.596149	28.620826	0.997107	0.453564	0.441344	9	4	0.000000	32	2300	30.999794	0.638917	0.996687	28.111493	0.252484	0.430461	3666	31.256735	0.661457	0.998001	30.223814	0.118783	0.469070	-0.232456	-0.135045	-0.501095	-0.063428	True	0.726102	0.306299	0.614729	28.136513	0.999343	7257
7258.png	0.747457	0.467963	0.637568	0.471571	0.983914	0.999303	27.068319	0.997570	27.877662	0.455915	0.436357	0.663482	30.035190	0.530632	2523	5	14	35	22	2.055215	2.800000	326	335	602.530970	4.494725	0.035161	-0.007498	-0.294485	-0.000158	-0.000251	-0.003449	679.804564	5	14	-9	35	22	2.055215	2.800000	5	0	326	335	269	1.798600	4.494725	602.530970	0.035161	46114	18.277447	25.975426	256x256	65536	sparse	Meijering	326	5	26	2405	30.551810	0.593779	28.153996	0.997821	0.459364	0.421124	9	1	0.100000	29	2504	30.772239	0.644731	0.997456	27.478714	0.510458	0.438484	3508	31.015289	0.646784	0.998658	30.320162	0.611968	0.451654	-0.276334	0.015233	-0.516620	-0.063147	True	0.657677	0.436357	0.754955	27.362804	0.999461	7258
7259.png	0.606804	0.468813	0.638356	0.469190	0.998286	0.999145	27.626049	0.997379	28.371052	0.347966	0.266553	0.490095	30.718617	0.553964	2284	7	12	36	25	2.031847	1.714286	314	319	581.145442	4.183858	0.034404	-0.018196	-0.146909	-0.000061	-0.000232	-0.014499	679.674625	7	12	-5	36	25	2.031847	1.714286	7	0	314	319	253	1.821773	4.183858	581.145442	0.034404	45422	19.887040	28.693520	256x256	65536	sparse	Meijering	314	7	26	2091	31.093297	0.600770	28.594855	0.997611	0.362465	0.303872	9	1	0.357143	35	2138	31.358437	0.648053	0.997493	28.447629	0.324296	0.363527	4098	31.788896	0.693968	0.998547	31.023426	0.223791	0.356826	-0.223803	-0.037319	-0.374680	-0.046806	True	0.543880	0.266553	0.625000	27.772958	0.999206	7259
7260.png	0.722826	0.495991	0.663094	0.497623	0.993431	0.999306	27.564214	0.997558	28.327221	0.426325	0.417252	0.779267	31.317161	0.593489	2330	5	12	30	20	2.044586	2.400000	314	321	542.108207	4.414318	0.033209	0.006205	-0.346583	-0.000071	-0.000300	0.005850	609.590530	5	12	-7	30	20	2.044586	2.400000	5	0	314	321	264	1.688811	4.414318	542.108207	0.033209	44960	19.296137	28.127039	256x256	65536	sparse	Meijering	314	5	29	2239	31.692372	0.636380	28.757605	0.997858	0.420475	0.306119	11	0	0.400000	41	2276	32.031583	0.680217	0.997850	28.898742	0.435887	0.413528	3910	32.248090	0.704786	0.998626	31.159913	0.409430	0.412431	-0.430384	0.111133	-0.375211	-0.042891	True	0.535441	0.417252	0.716621	27.910797	0.999377	7260
7261.png	0.673016	0.428331	0.599764	0.432267	0.979183	0.999370	27.133086	0.996509	28.110246	0.453433	0.344972	0.564665	30.421383	0.546443	2533	4	29	66	29	2.147493	7.250000	339	364	723.130543	4.405677	0.030246	0.002098	-0.642973	-0.000143	-0.000239	0.007556	767.504454	4	29	-25	66	29	2.147493	7.250000	4	0	339	364	244	1.986622	4.405677	723.130543	0.030246	45701	18.042242	25.872878	256x256	65536	sparse	Meijering	339	4	27	2319	30.955036	0.604604	28.525277	0.996748	0.445877	0.593430	6	6	0.000000	33	2426	31.205131	0.655139	0.996388	28.164295	0.500569	0.441236	3550	31.389457	0.663477	0.997708	30.281506	0.417252	0.456337	-0.415030	-0.248459	-0.533653	-0.058161	True	0.610932	0.344972	0.670918	27.776059	0.999513	7261
7262.png	0.676179	0.594153	0.745416	0.603315	0.975078	0.998698	28.149965	0.997067	28.702954	0.481042	0.456649	0.687949	31.697059	0.611497	2316	5	21	47	21	2.101587	4.200000	315	331	611.700186	4.261034	0.034545	-0.011100	-0.514908	-0.000210	-0.000405	-0.003550	670.305252	5	21	-16	47	21	2.101587	4.200000	5	1	315	331	247	1.848037	4.261034	611.700186	0.034545	44541	19.231865	28.297064	256x256	65536	sparse	Meijering	315	5	31	2259	32.104402	0.651784	29.228852	0.997472	0.484592	0.681458	5	10	0.000000	42	2280	32.396857	0.694841	0.997450	29.379254	0.627183	0.472650	3839	32.646538	0.718147	0.998399	31.719397	0.399966	0.455735	-0.525898	-0.224809	-0.407343	-0.040287	True	0.663784	0.456649	0.687279	28.664873	0.998908	7262
7263.png	0.615894	0.478143	0.646951	0.480747	0.988800	0.999358	27.628593	0.997831	28.271497	0.366356	0.415306	0.751733	31.598495	0.607756	2226	4	9	25	17	2.033898	2.250000	295	300	528.440070	4.507840	0.023002	-0.000736	-0.188514	-0.000062	-0.000291	-0.001983	640.368462	4	9	-5	25	17	2.033898	2.250000	4	0	295	300	253	1.761467	4.507840	528.440070	0.023002	44795	20.123540	29.441150	256x256	65536	sparse	Meijering	295	4	29	2211	31.926820	0.645006	28.664684	0.998122	0.368339	0.453379	5	0	0.875000	43	2210	32.275738	0.683106	0.998131	29.022141	0.411395	0.356671	3993	32.527553	0.715353	0.998849	31.483112	0.384742	0.360949	-0.393187	-0.038073	-0.328325	-0.037249	True	0.552465	0.415306	0.616630	27.817107	0.999420	7263
7264.png	0.616450	0.364394	0.534148	0.366058	0.987680	0.999504	27.133604	0.996891	28.401373	0.382074	0.322190	0.530430	31.643864	0.607553	2195	6	22	42	21	2.104918	3.666667	305	321	565.235436	4.741305	0.025899	-0.011891	-0.778602	-0.000135	-0.000492	-0.011993	728.972673	6	22	-16	42	21	2.104918	3.666667	6	1	305	321	242	1.760858	4.741305	565.235436	0.025899	44597	20.317540	29.856948	256x256	65536	sparse	Meijering	305	6	29	2129	32.015419	0.647458	28.997767	0.997383	0.394066	0.300577	8	1	0.833333	40	1974	32.263159	0.677332	0.997457	29.093876	0.295312	0.368301	4154	32.684814	0.727483	0.998558	31.791586	0.258123	0.385345	-0.596394	0.021613	-0.371555	-0.039906	True	0.607414	0.322190	0.628340	27.912206	0.999638	7264
7265.png	0.667959	0.472433	0.641704	0.473412	0.995643	0.999233	28.072411	0.996738	28.377740	0.413163	0.283469	0.514770	30.457257	0.545833	2438	7	22	61	34	2.089552	3.142857	335	350	682.320399	4.030970	0.043039	0.016571	-0.044223	-0.000024	-0.000346	0.005845	700.303316	7	22	-15	61	34	2.089552	3.142857	7	0	335	350	240	1.949487	4.030970	682.320399	0.043039	45603	18.705086	26.881050	256x256	65536	sparse	Meijering	335	7	27	2265	30.994513	0.602471	28.785662	0.997084	0.407318	0.338157	11	4	0.000000	34	2424	31.259435	0.655785	0.996764	28.357769	0.221657	0.359186	3666	31.458335	0.669919	0.998048	30.587579	0.167420	0.398142	-0.407922	-0.054689	-0.537256	-0.056639	True	0.550671	0.283469	0.651388	28.116634	0.999258	7265
7266.png	0.775318	0.565855	0.722743	0.566870	0.996847	0.999196	26.809084	0.997348	27.692034	0.581570	0.446464	0.762903	31.086540	0.588983	2315	4	8	20	14	2.028470	2.000000	281	285	566.056095	4.539587	0.033035	-0.000659	-0.017449	-0.000038	-0.000113	0.010398	677.633286	4	8	-4	20	14	2.028470	2.000000	4	0	281	285	247	1.986162	4.539587	566.056095	0.033035	45309	19.571922	28.309287	256x256	65536	sparse	Otsu	281	4	27	2181	31.367749	0.625507	27.735091	0.997461	0.571172	0.415793	8	5	0.000000	35	2110	31.593607	0.666334	0.997314	27.525491	0.489022	0.566870	4025	32.042526	0.698674	0.998788	31.276004	0.476647	0.566870	-0.043058	0.030671	-0.281209	-0.036524	True	0.585217	0.446464	0.775978	26.826533	0.999233	7266
7267.png	0.710397	0.559536	0.717567	0.561644	0.993337	0.998970	28.072714	0.996094	28.156162	0.498302	0.444159	0.596491	30.796508	0.599990	2516	4	12	27	15	2.046110	3.000000	347	355	666.278956	4.604233	0.026972	-0.022129	-0.806787	-0.000212	-0.000859	-0.013852	820.804596	4	12	-8	27	15	2.046110	3.000000	4	1	347	355	305	1.876842	4.604233	666.278956	0.026972	44738	17.781399	26.047695	256x256	65536	sparse	Otsu	347	4	31	2504	31.834510	0.649062	29.355118	0.996953	0.512153	0.541594	8	8	0.000000	42	2418	32.203835	0.693584	0.996806	29.143082	0.426148	0.539726	3716	32.374355	0.708063	0.998096	31.219262	0.427974	0.523109	-1.198956	-0.097435	-1.038002	-0.049072	True	0.744619	0.444159	0.732526	28.879501	0.999182	7267
7268.png	0.708877	0.604184	0.753260	0.617273	0.966094	0.997862	27.798198	0.995964	28.280896	0.524247	0.467408	0.670025	30.764044	0.571125	2767	5	22	58	32	2.092896	4.400000	366	383	772.274464	4.398180	0.043106	0.026806	-0.437126	-0.000220	-0.000499	0.028577	734.768629	5	22	-17	58	32	2.092896	4.400000	5	0	366	383	276	2.016382	4.398180	772.274464	0.043106	45398	16.406939	23.684857	256x256	65536	sparse	Meijering	366	5	31	2760	31.310980	0.634809	28.831437	0.996463	0.495670	0.482287	12	11	0.000000	41	2756	31.692722	0.683391	0.996488	28.967101	0.385328	0.523851	3038	31.549407	0.657214	0.997305	30.256150	0.332253	0.498273	-0.550541	-0.014878	-0.546936	-0.063685	True	0.697599	0.467408	0.682071	28.235324	0.998083	7268
7269.png	0.657526	0.360248	0.529680	0.366584	0.954220	0.999243	27.311641	0.996255	28.335091	0.324213	0.253056	0.345929	30.057523	0.537282	3523	14	34	88	52	2.078585	2.428571	509	529	965.177298	3.347163	0.044755	0.015324	-1.290982	-0.000255	-0.000925	0.020093	713.696003	14	34	-20	88	52	2.078585	2.428571	14	1	509	529	369	1.824532	3.347163	965.177298	0.044755	45739	12.982969	18.602328	256x256	65536	sparse	Meijering	509	14	35	3435	31.074474	0.635183	29.399232	0.997180	0.304121	0.278306	13	1	0.964286	41	3388	31.481095	0.697556	0.996992	29.179698	0.382590	0.265659	605	30.245416	0.538002	0.995576	27.481812	0.391951	0.330860	-1.064142	-0.025250	-1.016951	-0.097901	True	0.731526	0.253056	0.642202	28.602623	0.999499	7269
7270.png	0.637952	0.527368	0.690558	0.528481	0.996024	0.999120	27.991364	0.997388	28.541348	0.425457	0.267774	0.476048	31.178856	0.588043	2422	6	9	23	21	2.018692	1.500000	321	324	614.998663	4.224517	0.028176	-0.011657	-0.116591	-0.000071	-0.000232	-0.007384	629.983902	6	9	-3	23	21	2.018692	1.500000	6	0	321	324	277	1.898144	4.224517	614.998663	0.028176	45065	18.606524	27.058629	256x256	65536	sparse	Meijering	321	6	29	2402	31.558591	0.636763	28.851461	0.997620	0.432841	0.311147	11	0	0.583333	40	2384	31.917489	0.680193	0.997573	28.775657	0.272733	0.415612	3699	32.061185	0.694398	0.998570	31.152694	0.226510	0.425308	-0.310113	-0.043372	-0.379735	-0.048720	True	0.562495	0.267774	0.649609	28.107955	0.999191	7270
7272.png	0.621341	0.467570	0.637203	0.470281	0.987820	0.998889	28.802787	0.994907	29.221353	0.517811	0.440102	0.753815	31.196772	0.589655	2608	5	15	35	22	2.054201	3.000000	369	379	703.200292	4.567587	0.037939	-0.005490	-0.122125	-0.000074	-0.000502	-0.002896	734.623194	5	15	-10	35	22	2.054201	3.000000	5	0	369	379	312	1.855410	4.567587	703.200292	0.037939	44984	17.248466	25.128834	256x256	65536	sparse	Otsu	369	5	31	2503	31.690338	0.642019	29.739613	0.995408	0.520707	0.525481	11	11	0.000000	40	2322	31.939057	0.676016	0.995212	29.380241	0.256000	0.460409	3658	32.113353	0.696198	0.996941	31.376837	0.113796	0.486947	-0.518260	-0.085380	-0.493566	-0.052364	True	0.583832	0.440102	0.626830	28.924912	0.998962	7272
7273.png	0.692262	0.615006	0.761615	0.622148	0.981675	0.998655	28.134110	0.996646	28.327615	0.523653	0.332189	0.639989	30.167280	0.521342	2153	5	15	37	23	2.069444	3.000000	288	298	645.060518	4.363751	0.033765	-0.017280	0.010435	-0.000029	-0.000101	-0.012963	715.319395	5	15	-10	37	23	2.069444	3.000000	5	0	288	298	228	2.164633	4.363751	645.060518	0.033765	45902	21.320019	30.439387	256x256	65536	sparse	Meijering	288	5	24	2032	30.577688	0.573117	28.547740	0.996748	0.536616	0.399504	12	11	0.000000	29	2136	30.825423	0.621109	0.996147	27.979669	0.040717	0.540621	4368	31.387798	0.688055	0.998082	30.665682	0.031649	0.460177	-0.220125	-0.067315	-0.410408	-0.051775	True	0.519054	0.332189	0.709541	28.123675	0.998684	7273
7274.png	0.620018	0.309796	0.473044	0.310441	0.993341	0.999605	27.929354	0.996745	28.439510	0.320055	0.317505	0.630703	30.430480	0.542307	2754	13	24	59	41	2.054726	1.846154	402	413	774.104930	3.828879	0.043287	0.014612	-0.291845	-0.000029	-0.000638	0.014924	710.407019	13	24	-11	59	41	2.054726	1.846154	13	1	402	413	302	1.874346	3.828879	774.104930	0.043287	45542	16.536674	23.796659	256x256	65536	sparse	Meijering	402	13	31	2699	31.130507	0.617737	29.216003	0.997383	0.305132	0.352735	8	3	0.000000	37	2688	31.419778	0.666365	0.997268	29.085804	0.232499	0.304122	3260	31.363828	0.652119	0.997979	30.329352	0.379668	0.293588	-0.776493	-0.035230	-0.700027	-0.075430	True	0.503415	0.317505	0.605405	28.221200	0.999633	7274
7275.png	0.712215	0.512731	0.677888	0.515116	0.991051	0.999325	27.586052	0.997782	28.268363	0.440744	0.448043	0.742935	31.054090	0.577617	2241	5	13	27	19	2.051780	2.600000	309	317	533.741538	4.263675	0.021817	0.009252	0.032981	-0.000038	-0.000209	0.002759	634.492397	5	13	-8	27	19	2.051780	2.600000	5	0	309	317	263	1.683727	4.263675	533.741538	0.021817	45202	20.170460	29.244087	256x256	65536	sparse	Meijering	309	5	27	2233	31.342595	0.620883	28.373316	0.997991	0.437984	0.399504	8	0	0.700000	35	2068	31.602754	0.655825	0.997740	27.981335	0.454315	0.436047	4226	32.112694	0.708538	0.998839	30.984745	0.350082	0.431783	-0.104953	0.048539	-0.288506	-0.043266	True	0.603072	0.448043	0.702963	27.553071	0.999362	7275
7276.png	0.690544	0.491008	0.658625	0.492847	0.992455	0.999077	27.446071	0.996268	28.220715	0.500508	0.339440	0.597300	30.207936	0.535257	2312	4	12	32	20	2.054608	3.000000	293	301	644.098309	4.970664	0.028207	-0.007103	0.084657	-0.000020	-0.000069	0.014132	640.605688	4	12	-8	32	20	2.054608	3.000000	4	0	293	301	241	2.139861	4.970664	644.098309	0.028207	45914	19.858997	28.346021	256x256	65536	sparse	Otsu	293	4	25	2188	30.660472	0.588852	28.264673	0.996337	0.486376	0.434475	10	8	0.000000	30	2194	30.895928	0.633964	0.995979	27.891134	0.334537	0.480259	4018	31.340555	0.674149	0.997915	30.779478	0.232154	0.493542	-0.043958	-0.095035	-0.452536	-0.053595	True	0.568289	0.339440	0.697647	27.361414	0.999097	7276
7277.png	0.700551	0.412390	0.583961	0.415642	0.981385	0.999242	27.907813	0.996471	28.699771	0.449481	0.345763	0.532466	30.462535	0.546569	2722	6	41	81	32	2.182768	6.833333	383	418	725.089286	4.333176	0.035591	0.011818	-0.469648	-0.000123	-0.000460	0.036362	598.976374	6	41	-35	81	32	2.182768	6.833333	6	2	383	418	270	1.734663	4.333176	725.089286	0.035591	45572	16.742101	24.076414	256x256	65536	sparse	Meijering	383	6	30	2643	31.053060	0.617421	29.196481	0.996931	0.413119	0.387374	12	6	0.000000	36	2692	31.308272	0.668159	0.996402	28.624180	0.113441	0.416433	3529	31.408043	0.665407	0.997574	30.385231	0.145201	0.414847	-0.496709	-0.041611	-0.590525	-0.070852	True	0.649362	0.345763	0.688733	28.377461	0.999365	7277
7278.png	0.561346	0.545845	0.706209	0.549274	0.988693	0.998897	27.489968	0.997317	28.287816	0.372695	0.329680	0.490533	31.699529	0.615089	2192	4	7	17	12	2.020339	1.750000	295	298	537.523330	4.443266	0.016166	0.020351	-0.486409	-0.000159	-0.000251	0.027976	598.235607	4	7	-3	17	12	2.020339	1.750000	4	1	295	298	266	1.803770	4.443266	537.523330	0.016166	44626	20.358577	29.897810	256x256	65536	sparse	Otsu	295	4	29	2172	32.020750	0.651228	28.734847	0.997568	0.344719	0.280422	11	1	0.125000	42	2138	32.336684	0.687181	0.997762	29.186551	0.194265	0.324696	4220	32.772199	0.729655	0.998775	32.011124	0.212498	0.361995	-0.447030	0.049258	-0.321221	-0.036140	True	0.672085	0.329680	0.540995	27.976377	0.999056	7278
7279.png	0.686775	0.340821	0.508376	0.340968	0.998734	0.999562	27.889609	0.997337	28.628501	0.286393	0.358107	0.784206	30.881375	0.558614	2314	9	29	72	40	2.119403	3.222222	335	355	708.894782	3.608643	0.050701	0.041235	-0.143083	-0.000015	-0.000474	0.021916	600.882769	9	29	-20	72	40	2.119403	3.222222	9	0	335	355	223	1.996887	3.608643	708.894782	0.050701	45232	19.547105	28.321521	256x256	65536	sparse	Meijering	335	9	28	2293	31.309970	0.611272	29.221181	0.997811	0.264477	0.349491	6	1	0.333333	36	2146	31.650284	0.656808	0.997898	29.262972	0.220491	0.251080	3851	31.900080	0.690634	0.998617	31.203827	0.306959	0.277442	-0.592680	0.008616	-0.428594	-0.052658	True	0.456649	0.358107	0.645540	28.032692	0.999577	7279
7280.png	0.612273	0.592926	0.744449	0.597150	0.988210	0.998291	28.054840	0.995898	28.533588	0.516818	0.293195	0.395803	30.146076	0.530843	2514	4	16	41	20	2.068768	4.000000	349	361	757.836216	4.609773	0.029725	0.010566	-0.237183	-0.000106	-0.000311	0.027180	699.195623	4	16	-12	41	20	2.068768	4.000000	4	1	349	361	288	2.099269	4.609773	757.836216	0.029725	45914	18.263325	26.068417	256x256	65536	sparse	Otsu	349	4	27	2423	30.688344	0.595935	28.866716	0.996209	0.489637	0.335907	15	5	0.000000	32	2508	30.947597	0.648431	0.995632	28.294707	0.253978	0.453342	3816	31.188034	0.665407	0.997267	30.238829	0.179053	0.485834	-0.333128	-0.042712	-0.542268	-0.065092	True	0.740760	0.293195	0.601707	28.292023	0.998396	7280
7281.png	0.640058	0.406547	0.578078	0.409139	0.984655	0.999408	28.181138	0.996761	28.827343	0.382603	0.232246	0.357267	30.741618	0.558859	2477	5	24	48	20	2.105850	4.800000	359	378	647.125079	4.466053	0.027061	-0.019033	-0.445212	-0.000127	-0.000485	0.022347	643.904448	5	24	-19	48	20	2.105850	4.800000	5	2	359	378	291	1.711971	4.466053	647.125079	0.027061	45315	18.294308	26.457812	256x256	65536	sparse	Meijering	359	5	29	2462	31.246290	0.620154	29.233253	0.997246	0.360255	0.300927	10	1	0.250000	36	2400	31.521947	0.664434	0.996923	28.947072	0.289523	0.372299	3700	31.719772	0.681865	0.997955	30.830863	0.189030	0.371994	-0.405910	-0.068681	-0.504672	-0.061295	True	0.650062	0.232246	0.659091	28.626350	0.999535	7281
7283.png	0.661461	0.554437	0.713361	0.560765	0.980054	0.998415	28.211730	0.996072	28.828009	0.540166	0.368716	0.559472	31.675256	0.616034	2461	6	8	23	21	2.012121	1.333333	330	332	637.109282	4.630049	0.029714	-0.000791	-0.519443	-0.000243	-0.000535	0.029377	607.219458	6	8	-2	23	21	2.012121	1.333333	6	0	330	332	286	1.919004	4.630049	637.109282	0.029714	44546	18.100772	26.629825	256x256	65536	sparse	Meijering	330	6	32	2456	32.090288	0.660119	29.341604	0.996607	0.510789	0.462056	11	7	0.000000	42	2300	32.340511	0.698693	0.996275	29.116731	0.467892	0.496456	3529	32.489658	0.706358	0.997789	31.341645	0.265505	0.496005	-0.513595	-0.093339	-0.415032	-0.044085	True	0.659043	0.368716	0.662252	28.731173	0.998659	7283
7284.png	0.705015	0.403670	0.575163	0.406354	0.983900	0.999353	27.582075	0.996883	28.197652	0.436832	0.342953	0.586027	30.368270	0.539579	2489	7	21	55	31	2.081871	3.000000	342	356	660.657098	4.074796	0.034010	-0.014740	-0.115809	-0.000049	-0.000401	0.020658	639.936686	7	21	-14	55	31	2.081871	3.000000	7	0	342	356	256	1.855778	4.074796	660.657098	0.034010	45705	18.362796	26.330253	256x256	65536	sparse	Meijering	342	7	28	2464	30.923595	0.605463	28.654117	0.997284	0.416174	0.457425	7	3	0.000000	33	2402	31.162160	0.649347	0.996970	28.226572	0.330796	0.434046	3757	31.429935	0.670690	0.998260	30.505772	0.257062	0.423204	-0.456464	-0.114472	-0.555324	-0.065885	True	0.585217	0.342953	0.719755	27.697884	0.999402	7284
7285.png	0.552760	0.422697	0.594219	0.424712	0.988899	0.999374	27.447912	0.997420	28.097984	0.321626	0.166584	0.324568	29.947873	0.516537	2424	9	34	66	28	2.152905	3.777778	327	352	744.987501	3.635371	0.044682	-0.030642	0.076459	0.000005	-0.000212	-0.013958	605.742216	9	34	-25	66	28	2.152905	3.777778	9	4	327	352	233	2.116442	3.635371	744.987501	0.044682	46024	18.986799	27.036304	256x256	65536	sparse	Meijering	327	9	26	2314	30.530331	0.582026	28.430806	0.997633	0.335584	0.248327	11	2	0.638889	32	2310	30.836010	0.631345	0.997543	28.319375	0.203631	0.299563	3894	31.123760	0.661778	0.998315	29.933718	0.175214	0.311632	-0.332822	-0.081744	-0.582458	-0.065488	True	0.513248	0.166584	0.583402	27.371453	0.999370	7285
7286.png	0.800609	0.485409	0.653569	0.485609	0.999154	0.999555	27.269267	0.998283	28.054751	0.486842	0.622808	1.022048	30.997680	0.574123	2042	4	2	6	10	1.984674	0.500000	261	259	432.578293	4.685192	0.017242	0.005483	0.228610	0.000019	-0.000025	0.004310	539.511442	4	2	2	6	10	1.984674	0.500000	4	0	261	259	245	1.670186	4.685192	432.578293	0.017242	45428	22.246817	32.094025	256x256	65536	sparse	Meijering	261	4	25	2022	31.253154	0.611128	27.922416	0.998309	0.482532	0.513248	5	0	0.875000	32	2028	31.446372	0.651013	0.998128	27.522397	0.622808	0.489720	4696	32.189946	0.718318	0.999218	31.535136	0.520974	0.484375	0.132336	0.109560	-0.255474	-0.037005	True	0.609372	0.622808	0.795126	27.040657	0.999536	7286
7287.png	0.752593	0.418252	0.589814	0.418400	0.999158	0.999502	27.091740	0.997578	28.124129	0.415227	0.472708	0.836914	31.325298	0.596111	2355	5	10	22	17	2.032362	2.000000	309	314	507.687353	4.783222	0.018764	0.005560	-0.521726	-0.000077	-0.000365	0.003877	559.446573	5	10	-5	22	17	2.032362	2.000000	5	0	309	314	270	1.616839	4.783222	507.687353	0.018764	45068	19.137155	27.828450	256x256	65536	sparse	Meijering	309	5	29	2321	31.682197	0.640379	28.665758	0.997943	0.411350	0.526688	5	2	0.000000	39	2338	32.002304	0.682525	0.997791	28.538590	0.566559	0.407825	3658	32.189870	0.696411	0.998738	31.248287	0.449618	0.419105	-0.541629	-0.053980	-0.356899	-0.044268	True	0.564822	0.472708	0.747033	27.613466	0.999579	7287
7288.png	0.556546	0.344118	0.512036	0.346781	0.978176	0.999106	28.060850	0.995986	28.570505	0.266007	0.179904	0.272414	30.222555	0.543914	3570	19	48	115	65	2.111753	2.526316	519	548	1083.676533	3.004827	0.056584	-0.004413	-0.751302	-0.000219	-0.001142	0.008825	686.244011	19	48	-29	115	65	2.111753	2.526316	19	3	519	548	339	1.977512	3.004827	1083.676533	0.056584	45565	12.763305	18.357423	256x256	65536	sparse	Meijering	519	19	37	3447	31.302861	0.642429	29.741182	0.997127	0.257182	0.203699	18	3	0.973684	43	3388	31.679512	0.700533	0.997050	29.761573	0.182756	0.230110	603	30.472407	0.544741	0.995905	28.331342	0.264104	0.217343	-1.170677	-0.023795	-1.080306	-0.098515	True	0.660404	0.179904	0.560958	28.812152	0.999324	7288
7289.png	0.635402	0.404300	0.575803	0.406882	0.984549	0.999449	27.745040	0.996803	28.557184	0.407867	0.329680	0.512727	31.365871	0.593856	2379	6	18	45	26	2.071642	3.000000	335	347	609.492785	4.495361	0.027239	-0.004341	-0.431295	-0.000086	-0.000509	0.007370	602.034330	6	18	-12	45	26	2.071642	3.000000	6	0	335	347	264	1.756463	4.495361	609.492785	0.027239	44915	18.879781	27.547709	256x256	65536	sparse	Meijering	335	6	30	2366	31.772023	0.642552	29.093169	0.997312	0.400497	0.405479	8	3	0.000000	40	2216	32.073085	0.678518	0.997095	28.891882	0.420572	0.374468	3822	32.294235	0.703145	0.998474	31.597378	0.263797	0.391844	-0.535985	-0.075799	-0.406152	-0.048696	True	0.642993	0.329680	0.639743	28.176335	0.999535	7289
7290.png	0.600964	0.455206	0.625624	0.461208	0.972204	0.999020	27.873119	0.996215	28.571965	0.440870	0.299527	0.588396	30.493667	0.553144	2616	4	14	37	21	2.054054	3.500000	370	380	694.272993	4.391698	0.032206	0.003757	-0.662553	-0.000251	-0.000424	0.003715	627.405405	4	14	-10	37	21	2.054054	3.500000	4	0	370	380	312	1.827034	4.391698	694.272993	0.032206	45600	17.431193	25.051988	256x256	65536	sparse	Meijering	370	4	29	2558	31.055913	0.617159	29.012884	0.996639	0.437155	0.296720	15	0	0.000000	34	2542	31.306559	0.663582	0.996204	28.603380	0.344047	0.419829	3666	31.517720	0.672803	0.997586	30.660258	0.234959	0.442508	-0.440919	0.002808	-0.562246	-0.064015	True	0.509058	0.299527	0.597207	28.535672	0.999271	7290
7291.png	0.608639	0.410382	0.581945	0.422078	0.936749	0.999354	27.222171	0.997388	27.984169	0.427393	0.350791	0.606351	29.935878	0.520090	2478	5	25	49	22	2.116618	5.000000	343	363	723.852684	4.355038	0.030576	0.003080	-0.510127	-0.000169	-0.000225	0.002790	663.733959	5	25	-20	49	22	2.116618	5.000000	5	2	343	363	272	1.994085	4.355038	723.852684	0.030576	46045	18.581517	26.447135	256x256	65536	sparse	Meijering	343	5	26	2377	30.503247	0.586650	28.328113	0.997613	0.424603	0.388903	8	4	0.200000	30	2462	30.764370	0.638767	0.997333	27.674216	0.408867	0.380952	3649	31.000685	0.651079	0.998356	29.898254	0.279415	0.400433	-0.343944	-0.038113	-0.567369	-0.066560	True	0.578527	0.350791	0.605559	27.732298	0.999523	7291
7292.png	0.690155	0.534295	0.696470	0.536358	0.992853	0.999131	27.436402	0.997316	27.866528	0.503526	0.476909	0.693418	30.781942	0.575741	2565	4	17	38	17	2.079511	4.250000	327	340	613.628904	4.604796	0.031682	-0.003248	-0.471928	-0.000084	-0.000323	0.011728	592.669249	4	17	-13	38	17	2.079511	4.250000	4	1	327	340	272	1.804791	4.604796	613.628904	0.031682	45523	17.747758	25.550097	256x256	65536	sparse	Meijering	327	4	29	2513	31.303376	0.629609	28.391342	0.997639	0.491798	0.467892	11	11	0.000000	37	2502	31.551606	0.674142	0.997383	28.096245	0.550671	0.494852	3602	31.744216	0.681451	0.998497	30.691375	0.377671	0.489382	-0.524814	0.009017	-0.521434	-0.053868	True	0.687765	0.476909	0.693404	27.908331	0.999216	7292
7293.png	0.582796	0.420785	0.592328	0.424667	0.978740	0.999175	28.272968	0.996822	28.618837	0.317314	0.329680	0.551788	30.279640	0.534562	2697	10	29	68	39	2.102703	2.900000	370	389	767.181870	3.880400	0.047968	0.003086	-0.462879	-0.000110	-0.000468	0.007311	626.509428	10	29	-19	68	39	2.102703	2.900000	10	0	370	389	263	1.972190	3.880400	767.181870	0.047968	45685	16.939192	24.299592	256x256	65536	sparse	Meijering	370	10	29	2544	30.932303	0.605046	29.213226	0.997290	0.310003	0.345338	11	6	0.000000	34	2498	31.173128	0.651474	0.996912	28.720986	0.186945	0.292617	3533	31.294244	0.657972	0.997795	30.130174	0.199331	0.315288	-0.594389	-0.015658	-0.652663	-0.070483	True	0.597476	0.329680	0.579710	28.735847	0.999286	7293
7294.png	0.820285	0.525905	0.689302	0.526092	0.999326	0.999306	26.834009	0.997220	27.532873	0.559136	0.433059	0.766718	30.258297	0.542395	2348	5	20	45	24	2.101351	4.000000	296	311	627.367408	4.297566	0.031339	-0.002824	-0.379853	-0.000061	-0.000318	-0.001034	582.720995	5	20	-15	45	24	2.101351	4.000000	5	0	296	311	227	2.017259	4.297566	627.367408	0.031339	45967	19.577087	27.911414	256x256	65536	sparse	Otsu	296	5	26	2345	30.705014	0.599024	28.012441	0.997538	0.560170	0.571729	5	3	0.000000	31	2330	30.955850	0.643456	0.997207	27.595833	0.514868	0.549521	3865	31.279104	0.668256	0.998459	30.074837	0.390768	0.555201	-0.479568	-0.138670	-0.446717	-0.056630	True	0.564822	0.433059	0.823109	27.213861	0.999366	7294
7295.png	0.718696	0.545235	0.705698	0.547503	0.992458	0.999157	27.650430	0.997335	28.363343	0.488058	0.394681	0.519665	31.421868	0.600445	2462	4	10	26	16	2.036697	2.500000	327	333	617.465358	4.582168	0.028862	0.006851	-0.680069	-0.000135	-0.000243	-0.002580	590.395212	4	10	-6	26	16	2.036697	2.500000	4	1	327	333	285	1.854250	4.582168	617.465358	0.028862	44872	18.225833	26.619009	256x256	65536	sparse	Meijering	327	4	30	2390	31.781509	0.646192	28.825715	0.997578	0.490638	0.555142	6	5	0.000000	41	2258	32.096794	0.683850	0.997395	28.667109	0.574007	0.497747	3572	32.229261	0.696451	0.998479	31.059622	0.485441	0.496360	-0.462372	-0.160461	-0.359641	-0.045747	True	0.759492	0.394681	0.711845	28.330498	0.999292	7295
7296.png	0.657126	0.643457	0.783053	0.643973	0.998758	0.998920	28.123598	0.997555	28.475048	0.490793	0.440102	0.709660	31.451074	0.597970	2277	4	6	19	16	2.012422	1.500000	322	324	609.002763	4.183985	0.024709	0.024782	-0.079037	-0.000097	-0.000231	0.011818	593.366861	4	6	-2	19	16	2.012422	1.500000	4	0	322	324	287	1.879638	4.183985	609.002763	0.024709	44954	19.742644	28.781730	256x256	65536	sparse	Meijering	322	4	28	2199	31.731703	0.636735	28.716063	0.997786	0.478975	0.375692	9	0	0.375000	41	2270	32.095545	0.680691	0.997676	28.818054	0.326993	0.462956	3792	32.292351	0.704263	0.998574	30.991927	0.326320	0.464157	-0.241016	0.064410	-0.280629	-0.038765	True	0.620158	0.440102	0.632344	28.202635	0.999017	7296
7297.png	0.711799	0.503626	0.669882	0.506011	0.990728	0.999131	28.348801	0.996699	28.931228	0.454347	0.287134	0.413586	31.335996	0.589230	2326	4	11	31	19	2.043344	2.750000	323	330	579.757695	4.265813	0.030222	-0.001460	-0.268933	-0.000098	-0.000420	0.010064	570.464373	4	11	-7	31	19	2.043344	2.750000	4	0	323	330	273	1.756841	4.265813	579.757695	0.030222	44875	19.292777	28.175408	256x256	65536	sparse	Meijering	323	4	30	2315	31.752352	0.637337	29.393797	0.997118	0.444283	0.400171	9	2	0.000000	40	2306	32.066226	0.680135	0.996975	29.275914	0.218146	0.457744	3826	32.290565	0.706968	0.997986	31.239738	0.129428	0.444926	-0.462570	-0.113037	-0.416356	-0.048107	True	0.694254	0.287134	0.713259	28.617733	0.999229	7297
7298.png	0.374513	0.433360	0.604677	0.440866	0.962197	0.998764	28.505782	0.995825	28.554694	0.205391	0.109525	0.167586	30.050054	0.534420	3439	14	57	122	58	2.170974	4.071429	503	546	1076.612620	3.152635	0.051526	0.044599	-0.999918	-0.000306	-0.001123	0.031913	656.497002	14	57	-43	122	58	2.170974	4.071429	14	2	503	546	323	1.971818	3.152635	1076.612620	0.051526	45654	13.275371	19.056703	256x256	65536	sparse	Meijering	503	14	35	3328	31.126833	0.632047	29.721513	0.996948	0.173478	0.136668	23	1	0.428571	40	3214	31.480686	0.684617	0.996790	29.611851	0.080924	0.191451	596	30.371588	0.532244	0.995544	28.051167	0.187202	0.174831	-1.166819	-0.027144	-1.076779	-0.097627	True	0.653544	0.109525	0.329915	29.505700	0.999070	7298
7299.png	0.773758	0.607307	0.755683	0.608710	0.996220	0.998875	27.200796	0.997312	27.708594	0.581759	0.625760	0.830578	30.472152	0.566299	2554	4	19	44	19	2.091743	4.750000	327	342	631.909815	4.159310	0.037838	-0.009758	-0.358039	-0.000117	-0.000288	0.009766	576.077938	4	19	-15	44	19	2.091743	4.750000	4	1	327	342	264	1.847690	4.159310	631.909815	0.037838	45638	17.869225	25.660141	256x256	65536	sparse	Meijering	327	4	28	2528	31.129884	0.624603	28.207329	0.997600	0.571993	0.669341	6	8	0.000000	34	2486	31.347646	0.670093	0.997245	27.573321	0.666017	0.578151	3648	31.601819	0.677506	0.998475	30.287099	0.660404	0.571523	-0.498735	-0.043581	-0.657733	-0.058304	True	0.753403	0.625760	0.783515	27.558835	0.998992	7299
7300.png	0.730344	0.497496	0.664438	0.498388	0.996418	0.999298	27.199357	0.997723	28.086083	0.447218	0.500093	0.885400	31.437724	0.604687	2356	4	5	15	14	2.006349	1.250000	315	316	511.230293	4.438574	0.025025	-0.002770	-0.248552	-0.000078	-0.000242	0.000425	552.871466	4	5	-1	15	14	2.006349	1.250000	4	0	315	316	286	1.617817	4.438574	511.230293	0.025025	44878	19.048387	27.816638	256x256	65536	sparse	Meijering	315	4	28	2297	31.751243	0.643364	28.473468	0.997964	0.446793	0.393469	8	1	0.000000	41	2290	32.182129	0.687594	0.998016	28.876245	0.451188	0.436761	3840	32.389194	0.708307	0.998815	31.415225	0.350791	0.448943	-0.387385	0.106624	-0.313519	-0.038677	True	0.564822	0.500093	0.733115	27.447908	0.999376	7300
7301.png	0.676378	0.348694	0.517084	0.350201	0.987815	0.999204	27.851352	0.996092	28.442428	0.295978	0.157102	0.268450	30.316286	0.541816	3158	18	39	93	56	2.090517	2.166667	464	485	915.640010	3.132297	0.044295	0.005100	-0.596736	-0.000130	-0.001035	0.016743	646.022320	18	39	-21	93	56	2.090517	2.166667	18	3	464	485	315	1.887918	3.132297	915.640010	0.044295	45516	14.412920	20.752375	256x256	65536	sparse	Meijering	464	18	34	3020	31.229708	0.629124	29.597265	0.997127	0.279235	0.275170	11	5	0.472222	41	2964	31.588592	0.681303	0.997194	29.691363	0.102289	0.285277	672	30.522279	0.546718	0.996099	28.396219	0.370817	0.285097	-1.154837	-0.118068	-0.913423	-0.087309	True	0.585217	0.157102	0.671277	28.448088	0.999335	7301
7302.png	0.705208	0.606762	0.755260	0.611330	0.987833	0.998758	28.227965	0.996701	28.666538	0.554480	0.428791	0.595073	31.608411	0.607354	2340	4	14	34	19	2.059172	3.500000	338	348	754.368175	4.932149	0.030742	-0.006737	-0.385255	-0.000121	-0.000262	0.011992	753.822327	4	14	-10	34	19	2.059172	3.500000	4	0	338	348	285	2.167725	4.932149	754.368175	0.030742	44678	19.093162	28.006838	256x256	65536	sparse	Otsu	338	4	30	2318	31.902176	0.648243	29.098172	0.996963	0.542488	0.522886	8	8	0.000000	41	2144	32.208573	0.682924	0.996655	28.908953	0.558466	0.517563	3982	32.525230	0.717948	0.998250	31.642814	0.421399	0.528505	-0.431633	-0.094095	-0.293765	-0.040889	True	0.720569	0.428791	0.711945	28.613220	0.998878	7302
7303.png	0.661260	0.512304	0.677515	0.524778	0.955660	0.998700	27.848570	0.996163	28.603088	0.470639	0.268750	0.369432	30.618567	0.563119	2736	7	26	61	33	2.103261	3.714286	368	387	755.962468	4.205155	0.037246	-0.027218	-0.816322	-0.000272	-0.000572	0.010172	611.605644	7	26	-19	61	33	2.103261	3.714286	7	0	368	387	274	1.953391	4.205155	755.962468	0.037246	45395	16.591740	23.953216	256x256	65536	sparse	Meijering	368	7	31	2699	31.284442	0.630287	29.192428	0.996735	0.460466	0.512029	8	6	0.000000	38	2648	31.599653	0.676547	0.996495	28.932415	0.265596	0.458760	3271	31.523044	0.663073	0.997376	30.140697	0.179282	0.446302	-0.589340	-0.243279	-0.665875	-0.067168	True	0.727468	0.268750	0.688478	28.664892	0.998972	7303
7305.png	0.625000	0.480720	0.649306	0.486617	0.975410	0.999181	27.716778	0.997265	28.371704	0.442442	0.267368	0.401778	30.366021	0.540343	2532	6	27	65	31	2.119318	4.500000	352	373	705.569986	3.853371	0.037984	0.008104	-0.703694	-0.000162	-0.000425	0.023483	594.130516	6	27	-21	65	31	2.119318	4.500000	6	1	352	373	256	1.891609	3.853371	705.569986	0.037984	45648	18.028436	25.883096	256x256	65536	sparse	Meijering	352	6	28	2454	30.938705	0.606169	28.902064	0.997690	0.418959	0.346527	11	1	0.583333	33	2364	31.166541	0.647893	0.997396	28.449969	0.272813	0.385958	3635	31.380130	0.665009	0.998250	30.285293	0.341073	0.427246	-0.530360	-0.079160	-0.572685	-0.065826	True	0.665460	0.267368	0.616896	28.420473	0.999344	7305
7306.png	0.569482	0.583826	0.737235	0.593914	0.971727	0.998572	27.875180	0.997019	28.342791	0.466842	0.274967	0.454750	30.593038	0.550613	2250	4	18	36	18	2.094915	4.500000	295	309	673.468568	4.784111	0.025773	0.003859	-0.168654	-0.000196	-0.000171	0.007037	624.281883	4	18	-14	36	18	2.094915	4.500000	4	0	295	309	241	2.179510	4.784111	673.468568	0.025773	45562	20.249778	29.127111	256x256	65536	sparse	Meijering	295	4	26	2245	30.963653	0.602862	28.530165	0.997190	0.459805	0.354531	9	4	0.000000	34	2198	31.241706	0.646276	0.996950	28.195017	0.360776	0.444486	4238	31.725802	0.696239	0.998410	31.106039	0.277989	0.445403	-0.187373	-0.079564	-0.370615	-0.052250	True	0.604656	0.274967	0.565623	28.043834	0.998768	7306
7307.png	0.790385	0.625347	0.769494	0.628621	0.991740	0.998977	27.782742	0.996141	28.040876	0.656716	0.631068	0.832230	30.765752	0.575231	2377	4	14	29	13	2.063694	3.500000	314	324	601.603685	4.432894	0.024302	0.011505	-0.447628	-0.000120	-0.000652	0.038217	638.649940	4	14	-10	29	13	2.063694	3.500000	4	2	314	324	272	1.856801	4.432894	601.603685	0.024302	45225	19.026083	27.570888	256x256	65536	sparse	Otsu	314	4	28	2356	31.344999	0.624952	28.764070	0.996793	0.618499	0.681458	5	6	0.000000	36	2374	31.598256	0.671785	0.996435	28.331095	0.414064	0.630223	3932	31.912101	0.694572	0.998038	30.910210	0.378115	0.628392	-0.723194	-0.050390	-0.579247	-0.049720	True	0.758286	0.631068	0.778880	28.230370	0.999096	7307
7308.png	0.640721	0.579883	0.734084	0.582260	0.993010	0.998589	27.997136	0.994705	27.964917	0.493179	0.363168	0.551054	30.532939	0.596091	2814	4	22	42	19	2.093750	5.500000	384	402	789.387705	4.979224	0.029754	-0.010842	-0.717492	-0.000288	-0.001170	0.012499	794.880867	4	22	-18	42	19	2.093750	5.500000	4	2	384	402	323	1.963651	4.979224	789.387705	0.029754	45006	15.993603	23.289268	256x256	65536	sparse	Otsu	384	4	32	2644	31.767201	0.651545	29.255770	0.995875	0.480679	0.374581	15	13	0.000000	41	2574	32.064752	0.691144	0.995504	28.925602	0.358718	0.467954	3127	32.021805	0.679001	0.997077	31.049347	0.301689	0.483324	-1.290853	-0.011413	-1.234262	-0.055454	True	0.659043	0.363168	0.651563	28.714628	0.998877	7308
7309.png	0.623306	0.398616	0.570015	0.400573	0.987891	0.999490	27.777954	0.997496	28.522691	0.329787	0.442894	0.767797	31.443386	0.594463	2063	4	12	34	19	2.055944	3.000000	286	294	496.770392	4.697597	0.030552	0.002094	-0.102479	-0.000028	-0.000261	-0.009002	565.147161	4	12	-8	34	19	2.055944	3.000000	4	0	286	294	233	1.689695	4.697597	496.770392	0.030552	44795	21.713524	31.767329	256x256	65536	sparse	Meijering	286	4	27	2006	31.675079	0.627924	28.825674	0.997757	0.338789	0.298326	7	0	0.625000	37	2062	32.002491	0.672393	0.997722	28.715945	0.347319	0.333470	4418	32.535092	0.725592	0.998766	31.887198	0.296094	0.332242	-0.302983	0.144569	-0.231694	-0.033461	True	0.576838	0.442894	0.621212	27.880433	0.999518	7309
7310.png	0.691822	0.633424	0.775578	0.636016	0.993606	0.998268	27.481639	0.994782	27.713862	0.590355	0.464739	0.573850	29.729395	0.551469	3267	4	18	41	16	2.061538	4.500000	455	469	898.387980	4.369395	0.023300	-0.022411	-1.355128	-0.000472	-0.001444	-0.017499	732.205629	4	18	-14	41	16	2.061538	4.500000	4	3	455	469	398	1.915539	4.369395	898.387980	0.023300	45750	14.003673	20.059994	256x256	65536	sparse	Otsu	455	4	34	3216	31.129677	0.639195	29.284496	0.996226	0.607854	0.404079	17	14	0.000000	39	3030	31.387563	0.685872	0.995602	28.614633	0.376246	0.592281	672	30.269482	0.551146	0.993624	26.982983	0.510808	0.597060	-1.570633	0.060660	-1.400282	-0.087726	True	0.809861	0.464739	0.714232	28.836767	0.998741	7310
7311.png	0.569937	0.546786	0.706996	0.548124	0.995556	0.999264	27.808920	0.997668	28.604429	0.369494	0.299216	0.441995	31.746312	0.610530	2143	4	7	16	13	2.019481	1.750000	308	311	508.733335	4.467112	0.023609	0.019203	-0.144348	-0.000042	-0.000155	0.016313	559.283972	4	7	-3	16	13	2.019481	1.750000	4	0	308	311	279	1.635799	4.467112	508.733335	0.023609	44653	20.836678	30.581428	256x256	65536	sparse	Meijering	308	4	28	2074	31.978513	0.645919	28.735123	0.997823	0.353181	0.234072	12	0	0.000000	41	2122	32.313277	0.688266	0.997839	28.951797	0.232026	0.325449	4191	32.733829	0.728920	0.998802	31.955661	0.264859	0.361746	-0.130693	0.065144	-0.232201	-0.035389	True	0.676967	0.299216	0.550735	27.953269	0.999306	7311
7312.png	0.691443	0.421342	0.592879	0.422170	0.995366	0.999448	27.891301	0.997514	28.957390	0.344069	0.454835	0.730298	31.542018	0.598901	2309	6	24	52	28	2.108434	4.000000	332	350	627.937284	4.061282	0.029611	-0.021615	-0.394667	-0.000057	-0.000374	-0.015601	576.400518	6	24	-18	52	28	2.108434	4.000000	6	0	332	350	252	1.794107	4.061282	627.937284	0.029611	44712	19.364227	28.382850	256x256	65536	sparse	Meijering	332	6	30	2273	31.844554	0.640758	29.437010	0.997887	0.359670	0.407176	7	3	0.000000	41	2052	32.201860	0.675446	0.997873	29.498744	0.554251	0.344340	3864	32.472566	0.712091	0.998614	31.666350	0.327238	0.350884	-0.479620	0.047659	-0.302536	-0.041857	True	0.622808	0.454835	0.713058	28.285968	0.999505	7312
7313.png	0.696157	0.450190	0.620870	0.451736	0.992456	0.999214	27.063947	0.996903	27.731240	0.424197	0.324296	0.546477	30.617189	0.570229	2287	6	26	53	27	2.130293	4.333333	307	327	675.305400	4.323462	0.033591	-0.015382	-0.847724	-0.000065	-0.000538	-0.001870	614.553213	6	26	-20	53	27	2.130293	4.333333	6	1	307	327	227	2.065154	4.323462	675.305400	0.033591	45195	19.761697	28.655881	256x256	65536	sparse	Meijering	307	6	27	2232	31.342638	0.619431	28.715375	0.997441	0.426067	0.391951	8	1	0.833333	36	2142	31.627294	0.660454	0.997259	28.479384	0.501424	0.407012	4103	32.074518	0.704006	0.998462	31.208802	0.364917	0.405416	-0.984134	-0.067655	-0.725450	-0.049202	True	0.593430	0.324296	0.711538	27.911671	0.999279	7313
7314.png	0.674012	0.370861	0.541063	0.374522	0.974316	0.998980	28.077872	0.996552	28.613103	0.313850	0.262593	0.450310	30.399860	0.544140	2864	13	29	71	42	2.079404	2.230769	403	419	811.613940	3.588034	0.044158	-0.010930	-0.469759	-0.000149	-0.000588	0.003341	658.897400	13	29	-16	71	42	2.079404	2.230769	13	2	403	419	290	1.937026	3.588034	811.613940	0.044158	45589	15.917947	22.882682	256x256	65536	sparse	Meijering	403	13	32	2814	31.155255	0.622643	29.304217	0.997141	0.310510	0.341309	8	5	0.057692	37	2750	31.407536	0.671462	0.997099	29.097864	0.463846	0.306909	3187	31.305327	0.647369	0.997406	29.940502	0.374998	0.303725	-0.691114	-0.078715	-0.755395	-0.078503	True	0.583138	0.262593	0.684942	28.547632	0.999128	7314
7315.png	0.733876	0.494101	0.661403	0.494960	0.996501	0.999293	27.712650	0.997273	28.479344	0.461192	0.352088	0.509400	31.125227	0.583361	2443	6	18	38	24	2.072289	3.000000	332	344	643.402234	4.311049	0.033386	0.008461	-0.317962	-0.000074	-0.000301	0.018717	612.122774	6	18	-12	38	24	2.072289	3.000000	6	0	332	344	270	1.870355	4.311049	643.402234	0.033386	45077	18.451494	26.826034	256x256	65536	sparse	Meijering	332	6	29	2397	31.479599	0.632969	28.829800	0.997574	0.442475	0.546155	6	5	0.000000	40	2426	31.862186	0.678791	0.997632	28.936732	0.308734	0.419041	3746	32.049844	0.694599	0.998429	30.880020	0.378737	0.433785	-0.350456	-0.194067	-0.354371	-0.049608	True	0.691181	0.352088	0.725415	28.030613	0.999367	7315
7316.png	0.668841	0.471424	0.640773	0.490937	0.922247	0.998311	28.045014	0.995597	28.632594	0.455360	0.311564	0.482949	30.171685	0.534416	2818	10	32	76	43	2.113402	3.200000	388	410	846.051984	3.672989	0.047836	0.007084	-0.993825	-0.000450	-0.000693	0.007478	699.197054	10	32	-22	76	43	2.113402	3.200000	10	0	388	410	269	2.063541	3.672989	846.051984	0.047836	45652	16.200142	23.256210	256x256	65536	sparse	Meijering	388	10	30	2737	30.937236	0.612006	29.392963	0.996291	0.447882	0.296988	21	8	0.000000	36	2790	31.251971	0.666025	0.995907	29.033434	0.045784	0.297241	3329	31.246020	0.652539	0.996862	30.222703	0.041416	0.447914	-0.760369	0.014577	-0.765551	-0.077591	True	0.645129	0.311564	0.661757	29.038839	0.998760	7316
7317.png	0.665529	0.493188	0.660584	0.495043	0.992461	0.999173	27.341628	0.997114	28.101130	0.495066	0.551953	0.773590	31.009442	0.579609	2410	5	13	32	19	2.049844	2.600000	321	329	600.324585	4.449233	0.045672	0.016530	-0.490000	-0.000100	-0.000430	0.036605	612.332344	5	13	-8	32	19	2.049844	2.600000	5	1	321	329	270	1.824695	4.449233	600.324585	0.045672	45223	18.764730	27.193361	256x256	65536	sparse	Meijering	321	5	29	2344	31.436196	0.628925	28.656869	0.997544	0.458462	0.366417	11	1	0.400000	37	2406	31.675521	0.676133	0.997300	28.206318	0.475046	0.463090	3870	31.992525	0.696119	0.998453	30.955094	0.389725	0.460724	-0.555739	0.185536	-0.426754	-0.049316	True	0.713495	0.551953	0.648999	27.831628	0.999272	7317
7318.png	0.625928	0.423246	0.594762	0.424830	0.991270	0.999354	28.207069	0.996612	28.610374	0.386703	0.316139	0.426033	30.969437	0.572419	2555	6	21	55	32	2.085714	3.500000	350	365	726.660391	4.159418	0.036162	-0.023133	-0.269030	-0.000059	-0.000446	0.008131	634.836197	6	21	-15	55	32	2.085714	3.500000	6	0	350	365	263	1.990850	4.159418	726.660391	0.036162	45226	17.700978	25.650098	256x256	65536	sparse	Meijering	350	6	30	2452	31.491336	0.629668	29.155150	0.997058	0.378571	0.692721	4	4	0.000000	39	2472	31.748747	0.675723	0.997042	29.076792	0.259182	0.347590	3569	31.882536	0.683514	0.997933	30.703926	0.247495	0.384407	-0.544776	-0.376583	-0.521899	-0.057249	True	0.742053	0.316139	0.649062	28.476099	0.999413	7318
7319.png	0.777074	0.558687	0.716869	0.562096	0.989261	0.999117	27.392031	0.996970	27.837228	0.531429	0.452559	0.671731	30.218705	0.535269	2515	7	19	41	28	2.072508	2.714286	331	343	614.775804	4.330264	0.025490	0.017074	0.045557	-0.000029	-0.000231	0.025686	625.563145	7	19	-12	41	28	2.072508	2.714286	7	0	331	343	262	1.792349	4.330264	614.775804	0.025490	45926	18.260835	26.058052	256x256	65536	sparse	Meijering	331	7	27	2445	30.691366	0.598762	27.996004	0.997201	0.505743	0.527633	6	7	0.000000	32	2360	30.958173	0.644204	0.996920	27.669436	0.578527	0.517019	3699	31.203143	0.663656	0.998017	29.683455	0.598815	0.518293	-0.158776	-0.075075	-0.472662	-0.063493	True	0.673720	0.452559	0.760000	27.346474	0.999146	7319
7320.png	0.644253	0.448538	0.619297	0.450248	0.991604	0.999065	28.453504	0.996971	28.863344	0.341047	0.268244	0.481275	30.769817	0.556098	2390	9	15	42	31	2.035714	1.666667	336	342	667.334021	3.981427	0.037160	0.010282	-0.195832	-0.000051	-0.000510	0.014446	646.588326	9	15	-6	42	31	2.035714	1.666667	9	1	336	342	263	1.951269	3.981427	667.334021	0.037160	45270	18.941423	27.420921	256x256	65536	sparse	Meijering	336	9	28	2347	31.269697	0.614634	29.498006	0.997481	0.326601	0.335612	9	4	0.000000	36	2240	31.520067	0.655094	0.997200	29.055203	0.228948	0.328528	3904	31.837483	0.691464	0.998223	31.146637	0.126974	0.325766	-0.634662	-0.067368	-0.499880	-0.058537	True	0.557361	0.268244	0.633971	28.649336	0.999115	7320
7321.png	0.638958	0.500736	0.667320	0.514044	0.950838	0.998939	27.287685	0.995672	28.220483	0.445282	0.308805	0.448185	29.937752	0.524839	2695	5	25	57	28	2.105820	5.000000	378	398	807.690531	4.620563	0.032483	0.000112	-0.635595	-0.000243	-0.000262	0.007348	739.906311	5	25	-20	57	28	2.105820	5.000000	5	0	378	398	293	2.029373	4.620563	807.690531	0.032483	46114	17.110946	24.317625	256x256	65536	sparse	Otsu	378	5	28	2692	30.542317	0.599789	28.607644	0.995934	0.437934	0.348990	13	3	0.000000	30	2628	30.756917	0.646205	0.995297	27.998384	0.411395	0.407005	3494	30.935978	0.644101	0.996890	30.030948	0.246373	0.422752	-0.387161	-0.040185	-0.604565	-0.074950	True	0.689012	0.308805	0.638847	27.923280	0.999182	7321
7322.png	0.720188	0.617355	0.763413	0.621334	0.989733	0.998684	27.763807	0.997203	28.120092	0.551513	0.665221	0.919640	30.146477	0.536829	2537	4	11	25	16	2.042296	2.750000	331	338	621.879278	4.307772	0.027135	0.004557	-0.252086	-0.000118	-0.000169	0.005444	572.907686	4	11	-7	25	16	2.042296	2.750000	4	0	331	338	290	1.839880	4.307772	621.879278	0.027135	45955	18.113914	25.832085	256x256	65536	sparse	Meijering	331	4	27	2507	30.641373	0.600167	28.278668	0.997371	0.546070	0.447517	12	6	0.000000	30	2512	30.877461	0.651272	0.996740	27.519215	0.498981	0.494201	3666	31.062201	0.655771	0.998025	29.711671	0.436893	0.524775	-0.158577	0.217704	-0.494896	-0.063338	True	0.723349	0.665221	0.715631	28.015894	0.998802	7322
7323.png	0.566986	0.488769	0.656608	0.491015	0.990725	0.999333	28.338829	0.997663	29.043424	0.323321	0.231747	0.369872	31.399757	0.588626	2118	5	19	36	22	2.094915	3.800000	295	309	570.152149	4.297747	0.028960	-0.004557	-0.525141	-0.000078	-0.000375	-0.002076	599.821806	5	19	-14	36	22	2.094915	3.800000	5	0	295	309	237	1.845153	4.297747	570.152149	0.028960	44755	21.130784	30.942398	256x256	65536	sparse	Meijering	295	5	28	2100	31.773149	0.631139	29.611707	0.998038	0.325397	0.253231	10	1	0.000000	38	2112	32.049251	0.671905	0.997801	29.390851	0.223791	0.313283	4099	32.415451	0.713943	0.998748	31.780405	0.224530	0.326786	-0.568283	-0.021484	-0.373393	-0.042514	True	0.626561	0.231747	0.571543	28.863970	0.999411	7323
7324.png	0.657083	0.486858	0.654882	0.487454	0.997495	0.999265	27.919940	0.996389	28.381849	0.475015	0.341073	0.457268	30.259853	0.539643	2596	4	20	49	24	2.090909	5.000000	352	368	714.533206	4.347972	0.032555	0.006655	-0.279940	-0.000060	-0.000285	0.020748	616.107464	4	20	-16	49	24	2.090909	5.000000	4	0	352	368	279	1.941666	4.347972	714.533206	0.032555	45795	17.640601	25.244992	256x256	65536	sparse	Meijering	352	4	28	2513	30.844534	0.605896	28.821787	0.996674	0.454267	0.576838	6	1	0.250000	33	2506	31.079519	0.653935	0.996249	28.185904	0.186709	0.447497	3682	31.300181	0.663902	0.997520	30.189752	0.271206	0.441967	-0.439938	-0.235765	-0.584681	-0.066253	True	0.745893	0.341073	0.650428	28.199880	0.999325	7324
7325.png	0.582807	0.560174	0.718092	0.573339	0.960625	0.998426	28.017007	0.997056	28.694078	0.413737	0.261155	0.400662	31.134027	0.575894	2213	4	17	42	20	2.080247	4.250000	324	337	670.200994	4.185060	0.037229	0.031630	-0.703954	-0.000316	-0.000329	0.022486	654.482126	4	17	-13	42	20	2.080247	4.250000	4	1	324	337	262	1.988727	4.185060	670.200994	0.037229	45040	20.352463	29.614099	256x256	65536	sparse	Meijering	324	4	27	2021	31.508883	0.616373	29.075075	0.997384	0.391252	0.394816	9	5	0.000000	36	2022	31.732108	0.658086	0.997305	28.968462	0.212498	0.365913	4012	32.151079	0.705946	0.998372	31.257054	0.136137	0.378867	-0.380997	-0.133661	-0.374857	-0.040479	True	0.651808	0.261155	0.551176	28.720962	0.998742	7325
7326.png	0.589619	0.537083	0.698834	0.552982	0.949190	0.998842	27.469641	0.997967	28.322604	0.401629	0.417252	0.680384	31.401695	0.593050	2060	4	13	33	18	2.066914	3.250000	269	278	476.376963	4.657027	0.024909	-0.006787	-0.533660	-0.000239	-0.000045	-0.006780	562.343359	4	13	-9	33	18	2.066914	3.250000	4	0	269	278	218	1.713586	4.657027	476.376963	0.024909	45006	21.847573	31.813592	256x256	65536	sparse	Meijering	269	4	26	1915	31.657200	0.623145	28.402340	0.998013	0.408408	0.451188	5	1	0.375000	36	1906	31.912317	0.663262	0.997944	28.228593	0.611320	0.408408	4509	32.530457	0.728566	0.998948	31.437024	0.317657	0.402402	-0.079737	-0.033937	-0.255505	-0.030095	True	0.613259	0.417252	0.596406	28.003301	0.999081	7326
7327.png	0.677180	0.288243	0.447498	0.290866	0.969663	0.999616	27.076659	0.996987	27.956071	0.308081	0.379446	0.719147	30.091714	0.529651	2968	12	31	81	47	2.091566	2.583333	415	434	806.893963	3.502158	0.046473	-0.008109	-0.693016	-0.000107	-0.000682	-0.001997	652.170420	12	31	-19	81	47	2.091566	2.583333	12	0	415	434	287	1.859203	3.502158	806.893963	0.046473	45833	15.442385	22.080863	256x256	65536	sparse	Meijering	415	12	31	2851	30.884352	0.613085	28.906399	0.997669	0.310078	0.409430	6	2	0.000000	36	2914	31.220548	0.670312	0.997592	28.790383	0.396925	0.291105	3211	31.060717	0.640636	0.998006	29.846525	0.348768	0.314247	-0.950328	-0.029984	-0.792638	-0.083434	True	0.527633	0.379446	0.685289	27.769676	0.999723	7327
7328.png	0.729563	0.623743	0.768278	0.632358	0.978626	0.998599	27.993922	0.996128	28.336338	0.638214	0.506714	0.677044	30.251399	0.538598	2532	4	16	42	21	2.069565	4.000000	345	357	680.287275	4.350788	0.025502	0.000199	-0.102714	-0.000112	-0.000177	0.024144	646.904230	4	16	-12	42	21	2.069565	4.000000	4	1	345	357	282	1.905567	4.350788	680.287275	0.025502	45834	18.101896	25.883096	256x256	65536	sparse	Otsu	345	4	27	2431	30.725538	0.600810	28.516023	0.996305	0.614070	0.546155	10	19	0.000000	32	2524	31.010160	0.654094	0.995300	27.800310	0.168150	0.635153	3654	31.210927	0.661217	0.997510	30.199913	0.255249	0.613429	-0.179685	-0.039441	-0.474140	-0.062212	True	0.748421	0.506714	0.729364	28.096637	0.998711	7328
7329.png	0.616658	0.404556	0.576062	0.413498	0.949256	0.999023	27.526821	0.995454	28.319607	0.471963	0.368716	0.516775	30.164704	0.535938	2855	10	38	93	48	2.142132	3.800000	394	422	865.400990	3.965365	0.039866	-0.022200	-0.890685	-0.000295	-0.000730	0.033031	675.593376	10	38	-28	93	48	2.142132	3.800000	10	1	394	422	253	2.050713	3.965365	865.400990	0.039866	45717	16.012960	22.954816	256x256	65536	sparse	Meijering	394	10	30	2746	30.905123	0.612443	29.132489	0.996184	0.438931	0.688597	6	11	0.000000	36	2818	31.259257	0.667910	0.995841	28.796384	0.151258	0.425985	3064	31.104026	0.636806	0.996826	29.959226	0.204785	0.459743	-0.812882	-0.319880	-0.740419	-0.076506	True	0.713495	0.368716	0.638858	28.417505	0.999318	7329
7330.png	0.696439	0.508535	0.674210	0.509441	0.996516	0.999255	27.030107	0.997315	27.887357	0.488612	0.331911	0.480208	30.908663	0.577191	2405	4	12	30	19	2.051282	3.000000	312	320	575.106508	4.567875	0.022551	0.002562	-0.135230	-0.000007	-0.000102	0.024059	623.606920	4	12	-8	30	19	2.051282	3.000000	4	0	312	320	263	1.797208	4.567875	575.106508	0.022551	45471	18.906861	27.249896	256x256	65536	sparse	Otsu	312	4	28	2337	31.296550	0.625000	28.079112	0.997417	0.464553	0.447057	8	2	0.000000	35	2190	31.550569	0.664011	0.997232	27.989008	0.381217	0.453865	3854	31.876882	0.690431	0.998641	31.017857	0.328722	0.473459	-0.191754	-0.115146	-0.387887	-0.047808	True	0.691181	0.331911	0.693878	27.165337	0.999262	7330
7331.png	0.660833	0.511232	0.676576	0.514213	0.988788	0.999284	27.543069	0.997530	28.225129	0.479099	0.414656	0.599924	31.448028	0.602660	2386	4	12	30	17	2.049689	3.000000	322	330	568.547479	4.642309	0.024826	-0.000753	-0.139663	-0.000071	-0.000194	0.007675	600.258589	4	12	-8	30	17	2.049689	3.000000	4	1	322	330	275	1.722871	4.642309	568.547479	0.024826	44825	18.786672	27.466890	256x256	65536	sparse	Meijering	322	4	29	2349	31.767956	0.646457	28.476544	0.997724	0.471423	0.436893	7	1	0.625000	42	2314	32.188920	0.688345	0.997846	28.837676	0.443822	0.455175	3830	32.385989	0.708008	0.998754	31.511801	0.353813	0.463024	-0.251415	-0.022237	-0.319927	-0.043797	True	0.691181	0.414656	0.661585	27.682731	0.999355	7331
7332.png	0.635581	0.675118	0.806054	0.687569	0.973877	0.998168	27.685601	0.997001	27.955154	0.548091	0.428791	0.688064	30.903571	0.578903	2290	4	16	35	18	2.082759	4.000000	290	302	618.749917	4.400492	0.035140	0.000807	-0.091219	-0.000042	-0.000120	0.013062	578.652859	4	16	-12	35	18	2.082759	4.000000	4	0	290	302	237	2.048841	4.400492	618.749917	0.035140	45319	19.789956	28.618341	256x256	65536	sparse	Otsu	290	4	26	2124	31.308316	0.619337	28.195994	0.997121	0.535029	0.515406	9	8	0.000000	35	2204	31.565242	0.663322	0.996988	28.032898	0.495630	0.517890	4021	31.989762	0.698944	0.998466	31.245778	0.594333	0.521210	-0.240840	-0.086615	-0.404745	-0.040434	True	0.623185	0.428791	0.634774	27.776820	0.998210	7332
7333.png	0.685766	0.549492	0.709254	0.558959	0.970100	0.998915	27.826053	0.997553	28.327123	0.490451	0.344972	0.596293	30.588400	0.553277	2231	5	6	19	18	2.006803	1.200000	294	295	553.447779	4.129177	0.026886	0.001683	0.102192	-0.000054	-0.000014	0.005950	569.978476	5	6	-1	19	18	2.006803	1.200000	5	0	294	295	257	1.876094	4.129177	553.447779	0.026886	45542	20.413268	29.375168	256x256	65536	sparse	Meijering	294	5	25	2067	30.974363	0.597894	28.314522	0.997568	0.484501	0.417252	9	4	0.000000	31	2012	31.176179	0.638762	0.997187	27.905945	0.421124	0.473805	4258	31.707941	0.696913	0.998569	30.784263	0.294842	0.456979	0.012602	-0.072280	-0.385962	-0.044617	True	0.578527	0.344972	0.684083	27.723860	0.998969	7333
7334.png	0.626898	0.540475	0.701699	0.555396	0.952645	0.998468	28.385645	0.996114	28.619269	0.475195	0.271426	0.402877	30.524731	0.546822	2534	7	22	53	29	2.087977	3.142857	341	356	711.203027	3.998981	0.031494	-0.036266	-0.485926	-0.000235	-0.000554	-0.015155	650.750875	7	22	-15	53	29	2.087977	3.142857	7	0	341	356	259	1.997761	3.998981	711.203027	0.031494	45459	17.939621	25.862668	256x256	65536	sparse	Meijering	341	7	29	2496	31.103347	0.612363	29.234663	0.996668	0.490350	0.469181	9	4	0.000000	35	2512	31.386927	0.662291	0.996274	28.832037	0.084185	0.429523	3542	31.529104	0.668844	0.997518	30.404058	0.072831	0.450069	-0.615394	-0.197754	-0.578615	-0.065541	True	0.673720	0.271426	0.663164	28.871571	0.998703	7334
7335.png	0.749512	0.496521	0.663567	0.498529	0.991953	0.999228	28.211908	0.997119	28.656393	0.475721	0.455289	0.743348	31.345527	0.600215	2146	5	7	15	14	2.014134	1.400000	283	285	513.824137	4.335558	0.025204	-0.020027	-0.162712	-0.000075	-0.000207	0.004398	567.798615	5	7	-2	15	14	2.014134	1.400000	5	0	283	285	254	1.802892	4.335558	513.824137	0.025204	44695	20.827120	30.538677	256x256	65536	sparse	Meijering	283	5	27	1985	31.828455	0.634310	29.083608	0.997326	0.471324	0.491933	7	0	0.800000	38	2108	32.113634	0.677815	0.997162	28.869404	0.456649	0.453343	4398	32.599760	0.729699	0.998509	31.713730	0.237256	0.468202	-0.427216	-0.036644	-0.482927	-0.034095	True	0.612485	0.455289	0.769539	28.374620	0.999303	7335
7336.png	0.584887	0.293506	0.453814	0.294033	0.993925	0.999636	27.927048	0.996937	28.430979	0.280086	0.192113	0.356229	30.170682	0.527246	2731	9	40	91	43	2.159794	4.444444	388	419	777.371937	3.587559	0.040005	0.011567	-0.306977	-0.000052	-0.000539	0.020560	625.461340	9	40	-31	91	43	2.159794	4.444444	9	1	388	419	254	1.855303	3.587559	777.371937	0.040005	45738	16.747711	23.997071	256x256	65536	sparse	Meijering	388	9	30	2693	30.890137	0.607058	29.118403	0.997475	0.259526	0.230489	10	0	0.444444	33	2636	31.160064	0.655891	0.997183	28.673435	0.268384	0.227175	3342	31.186571	0.647395	0.997944	29.944954	0.203193	0.266691	-0.687424	-0.038376	-0.719455	-0.079812	True	0.539296	0.192113	0.573320	28.234024	0.999688	7336
7337.png	0.766810	0.519137	0.683463	0.519772	0.997653	0.999120	28.706626	0.996900	29.283799	0.485330	0.472708	0.858421	31.496765	0.591189	1950	5	11	24	16	2.042403	2.200000	283	289	500.431416	4.610706	0.020256	0.007097	0.010481	-0.000037	-0.000133	0.010381	570.898533	5	11	-6	24	16	2.042403	2.200000	5	1	283	289	243	1.731597	4.610706	500.431416	0.020256	44742	22.944615	33.608205	256x256	65536	sparse	Meijering	283	5	26	1854	31.746386	0.621468	29.372267	0.997033	0.474949	0.466647	7	5	0.000000	36	1906	31.981973	0.664215	0.996664	28.977922	0.113572	0.477053	4832	32.746889	0.744008	0.998471	32.144732	0.044250	0.468307	-0.088467	0.006061	-0.249622	-0.030280	True	0.550671	0.472708	0.759712	28.696145	0.999157	7337
7339.png	0.703419	0.458837	0.629045	0.459531	0.996719	0.999490	27.348152	0.997550	28.225127	0.461073	0.493383	0.898907	31.277123	0.591822	2176	4	10	27	17	2.041667	2.500000	288	294	530.070715	4.704044	0.027907	0.004182	-0.268008	-0.000013	-0.000100	-0.005266	612.051964	4	10	-6	27	17	2.041667	2.500000	4	0	288	294	244	1.802962	4.704044	530.070715	0.027907	45061	20.708180	30.117647	256x256	65536	sparse	Otsu	288	4	26	2068	31.480340	0.623983	28.392401	0.997650	0.466339	0.495069	6	2	0.000000	36	2168	31.812956	0.674542	0.997530	28.146980	0.462056	0.448941	4322	32.370853	0.719565	0.998860	31.632170	0.336350	0.449697	-0.167275	-0.001686	-0.203217	-0.032160	True	0.548870	0.493383	0.699238	27.616160	0.999503	7339
7340.png	0.399712	0.386364	0.557377	0.394605	0.948718	0.999025	28.549639	0.995192	29.008205	0.194793	0.170675	0.270793	31.275774	0.587887	2947	13	46	107	55	2.148649	3.538462	444	477	893.936940	3.418353	0.043063	-0.023859	-0.973270	-0.000265	-0.001253	-0.014429	660.925388	13	46	-33	107	55	2.148649	3.538462	13	1	444	477	282	1.874082	3.418353	893.936940	0.043063	44659	15.154055	22.238208	256x256	65536	sparse	Meijering	444	13	37	2930	32.020391	0.657807	30.171371	0.996445	0.209222	0.155773	15	1	0.923077	46	2856	32.339477	0.704020	0.996478	30.172330	0.125334	0.180050	3136	32.109341	0.679335	0.997276	31.128317	0.130062	0.230022	-1.163167	0.014902	-0.744617	-0.069920	True	0.630277	0.170675	0.423571	29.522908	0.999290	7340
7341.png	0.580707	0.443327	0.614313	0.445567	0.988787	0.999418	28.526378	0.997622	29.260837	0.308398	0.232368	0.434603	31.856316	0.608377	1957	5	22	44	18	2.119718	4.400000	284	301	543.024904	4.347374	0.028577	0.005299	-0.126223	-0.000044	-0.000340	0.005688	604.638815	5	22	-17	44	18	2.119718	4.400000	5	2	284	301	222	1.804069	4.347374	543.024904	0.028577	44390	22.682678	33.487992	256x256	65536	sparse	Meijering	284	5	28	1930	32.102466	0.640627	29.625982	0.997962	0.302710	0.268384	8	2	0.700000	40	1916	32.354360	0.677945	0.997756	29.531319	0.278676	0.272393	4728	33.055202	0.746858	0.998905	32.790449	0.176891	0.291093	-0.365145	-0.036017	-0.246149	-0.032250	True	0.534666	0.232368	0.575408	28.652601	0.999462	7341
7342.png	0.683739	0.481169	0.649715	0.482623	0.993777	0.999019	28.166234	0.994938	28.969583	0.530686	0.451188	0.612327	31.606803	0.609805	2362	4	24	52	25	2.128617	6.000000	311	331	888.391665	5.991344	0.025916	0.001294	-0.484569	-0.000159	-0.000355	-0.014796	734.882355	4	24	-20	52	25	2.128617	6.000000	4	0	311	331	234	2.683963	5.991344	888.391665	0.025916	44647	18.902202	27.745978	256x256	65536	sparse	Otsu	311	4	30	2296	31.958496	0.651985	29.418279	0.995293	0.545482	0.559568	8	8	0.000000	41	2110	32.226240	0.684114	0.995130	29.211187	0.551953	0.515564	3908	32.546154	0.716251	0.997482	31.793556	0.400171	0.494718	-0.448696	-0.108380	-0.351694	-0.042180	True	0.736842	0.451188	0.682446	28.650803	0.999179	7342
7343.png	0.711233	0.470031	0.639484	0.471328	0.994179	0.999382	27.220061	0.996089	27.988003	0.483139	0.453622	0.620104	30.225514	0.540524	2460	4	6	16	14	2.012308	1.500000	325	327	663.984698	5.522872	0.018350	-0.008036	-0.075489	-0.000047	-0.000094	0.005065	750.505924	4	6	-2	16	14	2.012308	1.500000	4	0	325	327	295	2.030534	5.522872	663.984698	0.018350	45983	18.692276	26.640650	256x256	65536	sparse	Otsu	325	4	25	2259	30.618733	0.592993	28.073031	0.996183	0.478074	0.513248	7	1	0.125000	30	2310	30.858300	0.642282	0.995624	27.504667	0.559568	0.462435	3535	31.129538	0.658106	0.997563	30.203280	0.410413	0.486354	-0.085028	-0.059626	-0.393220	-0.052470	True	0.731526	0.453622	0.719269	27.295550	0.999430	7343
7344.png	0.528767	0.354409	0.523342	0.358707	0.967302	0.999379	28.073101	0.995875	29.044679	0.379542	0.386693	0.559466	31.276900	0.589028	2284	4	19	47	27	2.095847	4.750000	313	328	620.677442	4.771237	0.023559	-0.019392	-0.421540	-0.000115	-0.000545	0.014099	626.138449	4	19	-15	47	27	2.095847	4.750000	4	0	313	328	239	1.892309	4.771237	620.677442	0.023559	44906	19.661121	28.693520	256x256	65536	sparse	Otsu	313	4	29	2209	31.717715	0.633530	29.487388	0.996420	0.365443	0.345140	12	2	0.000000	39	2260	32.012319	0.676039	0.995998	29.362129	0.370293	0.346465	3852	32.272674	0.705141	0.997643	31.583233	0.356954	0.351178	-0.442708	0.041553	-0.440814	-0.044502	True	0.691181	0.386693	0.548159	28.494641	0.999494	7344
7345.png	0.599307	0.381914	0.552732	0.382651	0.994987	0.999633	27.842546	0.998337	28.920064	0.282892	0.196021	0.369858	31.251531	0.575728	1909	5	14	34	20	2.068441	2.800000	263	272	460.502697	4.565670	0.039098	-0.002067	0.079262	0.000015	-0.000051	-0.006265	598.364592	5	14	-9	34	20	2.068441	2.800000	5	0	263	272	209	1.693025	4.565670	460.502697	0.039098	44971	23.557360	34.330016	256x256	65536	sparse	Meijering	263	5	24	1748	31.480807	0.605504	28.921879	0.998387	0.289157	0.414916	5	1	0.500000	33	1882	31.694467	0.650097	0.998220	28.490492	0.314182	0.275181	4659	32.429231	0.727433	0.999028	31.465579	0.314427	0.282892	-0.001815	-0.218895	-0.229275	-0.029776	True	0.529989	0.196021	0.601375	27.763284	0.999618	7345
7346.png	0.625797	0.409487	0.581044	0.412952	0.979923	0.999284	28.365742	0.996414	28.565144	0.323367	0.268994	0.382479	30.401637	0.544045	2896	13	36	77	44	2.109785	2.769231	419	442	881.598509	3.540509	0.043827	0.004617	-0.240223	-0.000086	-0.000639	0.002938	659.825802	13	36	-23	77	44	2.109785	2.769231	13	1	419	442	298	1.994567	3.540509	881.598509	0.043827	45551	15.728936	22.629834	256x256	65536	sparse	Meijering	419	13	32	2843	31.157963	0.623528	29.265841	0.997053	0.320429	0.276956	14	3	0.000000	38	2784	31.450244	0.670669	0.996759	29.050999	0.188605	0.263004	3123	31.303102	0.646190	0.997589	30.099318	0.192113	0.312642	-0.700697	-0.007963	-0.756326	-0.079483	True	0.703290	0.268994	0.621180	28.605965	0.999370	7346
7347.png	0.771429	0.513497	0.678557	0.514627	0.995740	0.999226	28.400448	0.996445	28.691201	0.511599	0.333023	0.524403	30.634192	0.556615	2539	4	25	55	24	2.121037	6.250000	347	368	659.560376	4.400813	0.034326	-0.001846	-0.083809	-0.000020	-0.000347	0.010813	605.663776	4	25	-21	55	24	2.121037	6.250000	4	1	347	368	268	1.792284	4.400813	659.560376	0.034326	45405	17.883025	25.811737	256x256	65536	sparse	Meijering	347	4	29	2491	31.171295	0.619099	29.065867	0.996791	0.500786	0.640605	6	6	0.000000	35	2498	31.410500	0.666967	0.996344	28.606053	0.133468	0.512104	3599	31.569859	0.674075	0.997561	30.489792	0.272106	0.491706	-0.374666	-0.307582	-0.537103	-0.062484	True	0.635052	0.333023	0.773275	28.484257	0.999246	7347
7348.png	0.750168	0.543452	0.704203	0.544563	0.996260	0.999344	27.296639	0.997866	27.877299	0.515325	0.460516	0.822985	30.317463	0.536395	2221	4	12	27	14	2.052980	3.000000	302	310	532.489012	4.293948	0.024587	0.009602	-0.055392	-0.000009	-0.000075	0.005922	558.947086	4	12	-8	27	14	2.052980	3.000000	4	1	302	310	261	1.717706	4.293948	532.489012	0.024587	45920	20.675371	29.507429	256x256	65536	sparse	Meijering	302	4	25	2185	30.676450	0.588663	27.998141	0.997941	0.509403	0.399504	8	4	0.000000	30	2026	30.880116	0.626284	0.997594	27.307178	0.425928	0.512046	4159	31.388310	0.680953	0.998840	30.588439	0.378737	0.505512	-0.120842	0.061012	-0.358987	-0.052268	True	0.559568	0.460516	0.740566	27.352031	0.999353	7348
7349.png	0.640396	0.526528	0.689837	0.530976	0.984339	0.998985	27.964793	0.995300	28.549337	0.543356	0.400362	0.582120	30.960950	0.575537	2304	5	13	35	21	2.050955	2.600000	314	322	659.662597	5.268585	0.028905	0.003944	-0.217452	-0.000070	-0.000448	0.032092	698.207378	5	13	-8	35	21	2.050955	2.600000	5	0	314	322	258	2.048642	5.268585	659.662597	0.028905	45242	19.636285	28.444444	256x256	65536	sparse	Otsu	314	5	28	2276	31.348199	0.623475	28.868432	0.995748	0.511264	0.375890	14	9	0.000000	34	2132	31.550979	0.659671	0.995118	28.418112	0.406559	0.500782	3865	31.932693	0.695361	0.997506	31.159897	0.212947	0.505618	-0.319095	0.024472	-0.387249	-0.047939	True	0.687765	0.400362	0.636452	28.182245	0.999055	7349
7350.png	0.593132	0.394628	0.565926	0.400299	0.965343	0.999234	27.133036	0.996325	27.846807	0.491379	0.337087	0.587252	29.875484	0.526019	2781	5	34	80	33	2.153034	6.800000	379	408	773.361732	4.227179	0.041559	-0.019629	-0.601321	-0.000252	-0.000595	0.032138	649.228334	5	34	-29	80	33	2.153034	6.800000	5	1	379	408	266	1.895494	4.227179	773.361732	0.041559	46000	16.540813	23.565624	256x256	65536	sparse	Meijering	379	5	29	2693	30.663768	0.604285	28.572141	0.996919	0.459242	0.407637	11	3	0.000000	33	2774	30.914908	0.656807	0.996387	27.934716	0.354889	0.414503	3209	30.924742	0.635701	0.997752	29.928514	0.232026	0.447721	-0.725334	-0.070551	-0.788283	-0.078267	True	0.574007	0.337087	0.612761	27.734358	0.999486	7350
7351.png	0.662374	0.360424	0.529870	0.360566	0.998912	0.999670	27.663981	0.997488	28.370283	0.346667	0.221798	0.399534	30.127190	0.521300	2234	5	17	44	25	2.078431	3.400000	306	318	600.824111	4.464113	0.040963	-0.009589	0.019742	-0.000001	-0.000189	0.004954	599.872589	5	17	-12	44	25	2.078431	3.400000	5	0	306	318	237	1.889384	4.464113	600.824111	0.040963	45962	20.573859	29.335721	256x256	65536	sparse	Meijering	306	5	24	2033	30.568098	0.574405	28.610611	0.997678	0.341712	0.426502	5	2	0.000000	29	2198	30.831503	0.625172	0.997372	27.953636	0.403097	0.313433	4208	31.338294	0.681661	0.998488	30.710214	0.268551	0.345640	-0.240328	-0.204703	-0.440908	-0.053105	True	0.555142	0.221798	0.671963	27.644239	0.999672	7351
7352.png	0.686465	0.592040	0.743750	0.592947	0.997421	0.998925	28.572411	0.996391	28.537110	0.509597	0.368716	0.628273	31.024485	0.592929	2354	4	25	52	20	2.132492	6.250000	317	338	636.783224	3.999221	0.025584	-0.032865	-0.304048	-0.000087	-0.000704	0.003467	635.315657	4	25	-21	52	20	2.132492	6.250000	4	2	317	338	245	1.883974	3.999221	636.783224	0.025584	44709	18.992778	27.840272	256x256	65536	sparse	Otsu	317	4	30	2288	31.838070	0.641445	29.589408	0.997095	0.506130	0.510458	7	3	0.375000	41	2134	32.122841	0.677423	0.996771	29.249088	0.493383	0.518391	3682	32.335919	0.703536	0.998099	31.714170	0.285226	0.504966	-1.052298	-0.141742	-0.813585	-0.048516	True	0.586873	0.368716	0.719330	28.876459	0.999012	7352
7353.png	0.610128	0.479749	0.648419	0.486690	0.971132	0.998832	26.550418	0.996560	28.226379	0.436082	0.268018	0.380292	30.408842	0.558668	2857	6	24	53	23	2.092072	4.000000	391	409	745.987367	4.271770	0.034599	-0.003225	-1.783451	-0.000446	-0.000630	0.000318	649.248838	6	24	-18	53	23	2.092072	4.000000	6	2	391	409	315	1.823930	4.271770	745.987367	0.034599	45563	15.947847	22.938747	256x256	65536	sparse	Meijering	391	6	31	2834	31.163711	0.631067	29.028551	0.997190	0.435764	0.317746	17	7	0.000000	38	2794	31.474564	0.678913	0.996809	28.475681	0.352273	0.428695	3191	31.352944	0.655378	0.997636	29.801835	0.234536	0.440266	-0.802172	-0.049727	-0.754868	-0.072399	True	0.704770	0.268018	0.613353	28.333869	0.999279	7353
7354.png	0.687987	0.692403	0.818248	0.706422	0.972138	0.997666	27.650244	0.996005	28.399576	0.551713	0.526846	0.792898	30.179361	0.535458	2412	5	8	25	20	2.019048	1.600000	315	318	670.587977	4.418299	0.036747	-0.007898	-0.678002	-0.000283	-0.000085	-0.014419	607.283592	5	8	-3	25	20	2.019048	1.600000	5	1	315	318	270	2.108767	4.418299	670.587977	0.036747	45823	18.997927	27.170813	256x256	65536	sparse	Meijering	315	5	26	2384	30.656009	0.595345	28.579640	0.996090	0.566133	0.447517	15	12	0.000000	30	2168	30.897568	0.630560	0.995396	27.933919	0.123823	0.534035	3879	31.296539	0.670105	0.997361	30.405364	0.094742	0.563901	-0.180064	0.079328	-0.476649	-0.059887	True	0.664455	0.526846	0.695885	28.328246	0.997948	7354
7355.png	0.700872	0.501694	0.668170	0.506267	0.982314	0.999313	27.031658	0.997756	27.844640	0.447778	0.617107	0.911577	30.998622	0.576787	2196	4	11	30	20	2.048611	2.750000	288	295	536.415891	4.674470	0.030720	-0.000752	-0.129636	-0.000086	-0.000125	0.009069	588.773012	4	11	-7	30	20	2.048611	2.750000	4	0	288	295	238	1.818359	4.674470	536.415891	0.030720	45359	20.655282	29.843352	256x256	65536	sparse	Meijering	288	4	26	2103	31.303610	0.615926	27.996222	0.997881	0.438710	0.451188	6	0	0.750000	35	2116	31.556957	0.658716	0.997755	27.885563	0.613259	0.432802	3940	31.935954	0.693807	0.998839	30.931237	0.518091	0.447818	-0.151582	0.165919	-0.304987	-0.039139	True	0.676967	0.617107	0.701624	27.161294	0.999399	7355
7356.png	0.745686	0.580451	0.734539	0.583787	0.990251	0.998922	27.116881	0.995685	27.936995	0.559520	0.342223	0.455433	30.310901	0.560572	2702	4	24	53	23	2.113960	6.000000	351	371	694.234464	4.164982	0.033410	-0.015571	-0.813441	-0.000222	-0.000593	0.014643	679.446220	4	24	-20	53	23	2.113960	6.000000	4	2	351	371	275	1.871252	4.164982	694.234464	0.033410	45575	16.867135	24.254626	256x256	65536	sparse	Otsu	351	4	29	2585	31.107006	0.623791	28.663657	0.996279	0.544878	0.558466	8	3	0.250000	35	2458	31.291752	0.664237	0.995884	28.136482	0.509338	0.541692	3433	31.443301	0.663953	0.996995	30.204938	0.431640	0.546086	-0.726662	-0.216243	-0.796105	-0.063219	True	0.751422	0.342223	0.761257	27.930322	0.999144	7356
7357.png	0.623250	0.479405	0.648105	0.491658	0.950583	0.999030	27.058688	0.997023	28.029610	0.423975	0.281974	0.389818	30.220089	0.533484	2488	4	34	69	29	2.173410	8.500000	346	376	662.914897	4.243532	0.032569	0.035198	-0.691183	-0.000241	-0.000270	0.035756	621.110678	4	34	-30	69	29	2.173410	8.500000	4	0	346	376	248	1.763072	4.243532	662.914897	0.032569	45849	18.428055	26.340836	256x256	65536	sparse	Meijering	346	4	27	2413	30.735446	0.597095	28.362941	0.997292	0.388219	0.302324	13	2	0.000000	31	2430	31.004762	0.645045	0.997059	27.912895	0.259182	0.365473	3759	31.268496	0.662861	0.998017	30.088028	0.191035	0.402975	-0.333331	-0.020349	-0.515357	-0.063611	True	0.723349	0.281974	0.588052	27.749871	0.999271	7357
7358.png	0.715278	0.298711	0.460011	0.298711	1.000000	0.999698	27.605646	0.997339	28.456196	0.320086	0.320683	0.647313	30.435255	0.541660	2330	5	16	38	22	2.071197	3.200000	309	320	548.888073	4.716750	0.035406	-0.000428	-0.216162	-0.000025	-0.000332	0.000602	614.935160	5	16	-11	38	22	2.071197	3.200000	5	0	309	320	249	1.715275	4.716750	548.888073	0.035406	45749	19.634764	28.127039	256x256	65536	sparse	Meijering	309	5	26	2228	30.886872	0.596134	28.813708	0.997671	0.319484	0.377671	7	1	0.300000	31	2270	31.120583	0.643440	0.997299	28.281213	0.397499	0.316619	4044	31.505659	0.682356	0.998309	30.411672	0.364494	0.325573	-0.357513	-0.056988	-0.451618	-0.054474	True	0.495405	0.320683	0.715706	27.821808	0.999723	7358
7359.png	0.581373	0.424312	0.595813	0.427449	0.982997	0.999301	27.295321	0.997970	28.561335	0.338866	0.273851	0.543987	31.493328	0.592862	1986	4	14	34	19	2.073260	3.500000	273	283	477.186799	4.591815	0.035612	0.018516	-0.283146	-0.000114	-0.000094	0.015391	574.253321	4	14	-10	34	19	2.073260	3.500000	4	0	273	283	220	1.686172	4.591815	477.186799	0.035612	44780	22.547835	32.998993	256x256	65536	sparse	Meijering	273	4	26	1897	31.735411	0.625452	28.602629	0.998064	0.323475	0.224308	10	1	0.000000	37	1862	31.989016	0.662029	0.997983	28.536642	0.364494	0.317468	4675	32.671634	0.737368	0.998992	31.843469	0.272236	0.329945	-0.041293	0.049543	-0.242083	-0.032591	True	0.503415	0.273851	0.562857	27.578467	0.999415	7359
7360.png	0.758375	0.483529	0.651864	0.484099	0.997573	0.999431	27.987183	0.997580	28.266056	0.471757	0.284423	0.506699	29.994889	0.519280	2310	5	19	48	25	2.089172	3.800000	314	328	607.203335	3.883421	0.036258	-0.003873	0.023840	0.000000	-0.000243	-0.000422	584.219217	5	19	-14	48	25	2.089172	3.800000	5	1	314	328	241	1.851230	3.883421	607.203335	0.036258	46026	19.924675	28.370563	256x256	65536	sparse	Meijering	314	5	25	2261	30.491457	0.580351	28.634873	0.997824	0.472179	0.475712	7	6	0.000000	29	2158	30.710272	0.620743	0.997285	27.733697	0.261647	0.457355	4136	31.198144	0.672527	0.998564	30.363381	0.169566	0.462345	-0.368817	-0.191289	-0.496568	-0.061071	True	0.561327	0.284423	0.762248	27.963343	0.999430	7360
7361.png	0.629630	0.504014	0.670225	0.505754	0.993220	0.998885	28.796301	0.996254	29.161601	0.425452	0.367874	0.643166	30.512343	0.553621	2723	4	19	43	22	2.079576	4.750000	377	392	717.566766	4.282180	0.031048	0.021372	-0.234744	-0.000083	-0.000448	0.017406	589.562893	4	19	-15	43	22	2.079576	4.750000	4	0	377	392	312	1.830527	4.282180	717.566766	0.031048	45509	16.712817	24.067573	256x256	65536	sparse	Meijering	377	4	29	2570	31.077955	0.617492	29.623309	0.996702	0.408046	0.300853	19	2	0.000000	36	2696	31.363314	0.672352	0.996154	28.955721	0.095599	0.389281	3552	31.472026	0.668015	0.997176	30.567082	0.098523	0.397913	-0.461708	0.067021	-0.565613	-0.063871	True	0.571974	0.367874	0.608258	29.031045	0.998967	7361
7362.png	0.627778	0.575388	0.730471	0.585628	0.970506	0.998359	27.900094	0.996596	28.396967	0.472910	0.349491	0.496937	30.347633	0.541919	2659	7	21	58	30	2.077562	3.000000	361	375	728.280597	3.852048	0.038618	0.036025	-0.719898	-0.000311	-0.000565	0.042280	626.695871	7	21	-14	58	30	2.077562	3.000000	7	0	361	375	273	1.942082	3.852048	728.280597	0.038618	45668	17.174878	24.646860	256x256	65536	sparse	Meijering	361	7	30	2658	31.000050	0.614411	29.079553	0.997161	0.430630	0.468472	10	10	0.000000	34	2630	31.217056	0.662070	0.996485	28.409963	0.248975	0.419398	3495	31.314429	0.657861	0.997731	29.976636	0.153293	0.437791	-0.682586	-0.118981	-0.652416	-0.072492	True	0.703290	0.349491	0.591753	28.619992	0.998670	7362
7363.png	0.655085	0.340601	0.508131	0.341021	0.996390	0.999669	27.638865	0.997267	28.142990	0.454918	0.305803	0.559920	30.118333	0.521290	2140	5	13	28	16	2.054054	2.600000	296	304	513.188806	4.585255	0.018313	-0.025127	0.195991	0.000024	-0.000246	0.014408	608.313322	5	13	-8	28	16	2.054054	2.600000	5	1	296	304	252	1.688121	4.585255	513.188806	0.018313	45936	21.465421	30.624299	256x256	65536	sparse	Meijering	296	5	24	2038	30.566731	0.574590	28.491817	0.997513	0.440510	0.388903	8	3	0.000000	28	1924	30.764401	0.611511	0.997035	27.907223	0.232794	0.430978	4275	31.332781	0.682974	0.998554	30.780645	0.201657	0.441984	-0.348827	-0.083100	-0.448398	-0.053300	True	0.546155	0.305803	0.680212	27.442874	0.999645	7363
7364.png	0.759052	0.474437	0.643550	0.475116	0.996995	0.999437	26.852558	0.997457	27.661798	0.476429	0.568289	0.996977	30.450230	0.559222	2451	5	18	42	24	2.084416	3.600000	308	321	630.561073	4.450277	0.034354	-0.013159	-0.216124	-0.000044	-0.000291	0.003102	644.453049	5	18	-13	42	24	2.084416	3.600000	5	1	308	321	242	1.964365	4.450277	630.561073	0.034354	45664	18.630763	26.738474	256x256	65536	sparse	Otsu	308	5	27	2441	30.975339	0.614103	28.174797	0.997747	0.473326	0.554251	5	3	0.000000	33	2172	31.230904	0.649531	0.997473	27.860777	0.554251	0.459721	3727	31.540713	0.674935	0.998493	30.180707	0.475712	0.479771	-0.513000	0.014038	-0.525109	-0.054881	True	0.570013	0.568289	0.772211	27.068683	0.999481	7364
7365.png	0.724705	0.481608	0.650116	0.483114	0.993569	0.999388	27.139351	0.996522	27.740978	0.556005	0.427751	0.665991	29.853775	0.531440	2588	5	19	35	20	2.084592	3.800000	331	345	616.806945	5.024426	0.023329	-0.005096	0.053967	-0.000015	-0.000191	0.011290	681.724310	5	19	-14	35	20	2.084592	3.800000	5	0	331	345	276	1.787846	5.024426	616.806945	0.023329	46168	17.839258	25.323029	256x256	65536	sparse	Otsu	331	5	26	2418	30.515169	0.594326	27.937224	0.996713	0.544715	0.502172	8	3	0.000000	31	2492	30.749110	0.646886	0.996225	27.293611	0.498424	0.516573	3603	31.009399	0.654197	0.998161	30.168072	0.341309	0.539856	-0.196246	-0.074420	-0.661394	-0.062886	True	0.642278	0.427751	0.729801	27.085384	0.999403	7365
7367.png	0.655260	0.385525	0.556504	0.388188	0.982520	0.999129	27.843271	0.995933	28.231906	0.371530	0.269690	0.392839	29.733173	0.528403	3931	17	44	112	67	2.096948	2.588235	557	584	1136.300657	3.137182	0.056199	0.029132	-0.862384	-0.000201	-0.001146	0.037403	717.177391	17	44	-27	112	67	2.096948	2.588235	17	1	557	584	378	1.945720	3.137182	1136.300657	0.056199	45973	11.694989	16.671585	256x256	65536	sparse	Meijering	557	17	38	3894	30.971592	0.642968	29.440737	0.997078	0.334127	0.248184	19	1	0.941176	41	3866	31.389357	0.708541	0.996899	29.150437	0.227351	0.342898	538	29.947382	0.524763	0.994939	26.958430	0.316139	0.312322	-1.208831	0.021506	-1.238419	-0.114565	True	0.686514	0.269690	0.626129	28.705655	0.999329	7367
7368.png	0.625333	0.522259	0.686163	0.523651	0.994937	0.998961	27.754920	0.996260	28.492910	0.485070	0.374517	0.561386	31.705265	0.614975	2056	4	5	13	13	2.007937	1.250000	252	253	653.594818	6.447063	0.017419	-0.014625	-0.079272	-0.000055	-0.000025	-0.011266	743.841887	4	5	-1	13	13	2.007937	1.250000	4	0	252	253	226	2.583379	6.447063	653.594818	0.017419	44651	21.717412	31.875486	256x256	65536	sparse	Otsu	252	4	26	1927	31.859777	0.640348	28.558104	0.996285	0.496336	0.361460	14	11	0.000000	39	2008	32.193711	0.684142	0.996346	28.877140	0.439083	0.504829	4378	32.779717	0.732284	0.998349	32.186753	0.309893	0.490673	-0.065194	0.013056	-0.154512	-0.025373	True	0.667129	0.374517	0.639957	27.834192	0.999017	7368
7369.png	0.638633	0.546016	0.706353	0.549413	0.988806	0.998796	28.170734	0.996799	28.546157	0.484316	0.318869	0.508012	31.027420	0.576307	2255	5	11	25	18	2.040268	2.200000	298	304	577.553995	4.813662	0.031850	-0.000333	-0.089931	-0.000018	-0.000169	0.014478	636.179209	5	11	-6	25	18	2.040268	2.200000	5	0	298	304	255	1.899849	4.813662	577.553995	0.031850	45195	20.042129	29.062528	256x256	65536	sparse	Meijering	298	5	27	2254	31.324153	0.621446	28.753050	0.996969	0.469838	0.333792	13	4	0.000000	35	2084	31.594919	0.656639	0.996741	28.464733	0.395488	0.471906	4235	32.092470	0.708864	0.998402	31.454693	0.314948	0.455452	-0.206893	-0.014924	-0.296733	-0.045139	True	0.627679	0.318869	0.638965	28.260665	0.998814	7369
7370.png	0.608714	0.710725	0.830905	0.720652	0.980987	0.997641	26.737433	0.996559	27.949699	0.510258	0.354972	0.463047	30.878338	0.580280	2376	4	4	13	13	2.000000	1.000000	296	296	601.196740	4.672887	0.021754	-0.003391	-1.229148	-0.000617	-0.000276	-0.012855	637.646437	4	4	0	13	13	2.000000	1.000000	4	0	296	296	270	2.031070	4.672887	601.196740	0.021754	45339	19.082071	27.582492	256x256	65536	sparse	Otsu	296	4	27	2343	31.270762	0.626940	28.270150	0.996834	0.523113	0.464441	9	3	0.000000	37	2344	31.599272	0.671681	0.996616	28.125463	0.368716	0.523113	3837	31.884596	0.690224	0.998189	30.917493	0.342014	0.495178	-0.320451	-0.109469	-0.392424	-0.046660	True	0.766600	0.354972	0.612106	27.966581	0.998258	7370
7371.png	0.747733	0.494609	0.661858	0.495277	0.997283	0.999507	27.241954	0.998038	27.936952	0.457040	0.233143	0.426880	30.496380	0.541062	2014	4	13	35	20	2.067669	3.250000	266	275	532.572320	4.327944	0.028474	0.007782	0.413672	0.000032	-0.000073	-0.000450	579.271555	4	13	-9	35	20	2.067669	3.250000	4	0	266	275	211	1.936627	4.327944	532.572320	0.028474	45680	22.681231	32.540218	256x256	65536	sparse	Meijering	266	4	24	1969	30.797352	0.585024	27.820255	0.998112	0.457490	0.341073	7	1	0.125000	29	1828	30.961314	0.620376	0.997910	27.376533	0.401503	0.433648	4428	31.668488	0.696509	0.999121	31.228683	0.270941	0.452991	0.116697	-0.107931	-0.300972	-0.043962	True	0.546155	0.233143	0.739951	26.828282	0.999475	7371
7372.png	0.616713	0.526162	0.689523	0.534759	0.970350	0.998926	27.901847	0.995773	28.491766	0.474652	0.328842	0.474710	30.604987	0.558730	2728	4	27	52	24	2.120104	6.750000	383	406	820.607184	5.052856	0.027528	-0.013020	-0.525061	-0.000235	-0.000512	-0.009900	721.246004	4	27	-23	52	24	2.120104	6.750000	4	0	383	406	307	2.021200	5.052856	820.607184	0.027528	45531	16.690249	24.023460	256x256	65536	sparse	Otsu	383	4	30	2633	31.138492	0.624361	28.921269	0.996285	0.484551	0.392366	11	4	0.000000	36	2480	31.360107	0.664667	0.995705	28.501840	0.393469	0.457219	3469	31.473957	0.667231	0.997286	30.253081	0.308498	0.457219	-0.429503	-0.063524	-0.533505	-0.065631	True	0.692721	0.328842	0.629734	28.426909	0.999161	7372
7373.png	0.752741	0.595967	0.746841	0.600451	0.987624	0.998857	28.279308	0.996409	28.846743	0.589426	0.468000	0.684848	31.011792	0.574730	2228	4	15	38	22	2.069401	3.750000	317	328	709.086045	4.094457	0.029703	0.009505	-0.236551	-0.000127	-0.000274	0.010855	654.307127	4	15	-11	38	22	2.069401	3.750000	4	0	317	328	257	2.161848	4.094457	709.086045	0.029703	45132	20.256732	29.414722	256x256	65536	sparse	Otsu	317	4	27	2180	31.378415	0.619218	29.163352	0.996683	0.578571	0.575627	7	8	0.000000	35	2100	31.636970	0.656731	0.996468	28.741625	0.198669	0.549012	4121	32.120305	0.707351	0.998070	31.543836	0.064833	0.563300	-0.316610	-0.107628	-0.366623	-0.044488	True	0.683363	0.468000	0.743236	28.515858	0.998984	7373
7374.png	0.748921	0.422614	0.594138	0.422953	0.998106	0.999452	28.136209	0.997221	28.737765	0.385200	0.353095	0.638609	31.092467	0.573213	2256	7	28	63	30	2.130435	4.000000	322	343	653.567175	4.076037	0.037832	-0.019435	0.015305	0.000000	-0.000299	-0.002842	677.349091	7	28	-21	63	30	2.130435	4.000000	7	1	322	343	229	1.905444	4.076037	653.567175	0.037832	45073	19.979167	29.049645	256x256	65536	sparse	Meijering	322	7	28	2192	31.487455	0.620360	29.100100	0.997520	0.388042	0.509338	5	5	0.000000	35	2052	31.696937	0.657708	0.997360	28.765138	0.261647	0.389912	4065	32.162106	0.706335	0.998505	31.359064	0.389819	0.374499	-0.362335	-0.156243	-0.394988	-0.047146	True	0.552912	0.353095	0.768357	28.120903	0.999451	7374
7375.png	0.728419	0.353333	0.522167	0.353333	1.000000	0.999660	27.268983	0.997702	28.310348	0.344436	0.468472	0.833929	30.861796	0.564899	2324	7	15	33	26	2.051282	2.142857	312	320	539.690050	4.248442	0.029319	0.002311	-0.292095	-0.000024	-0.000321	0.010710	585.025549	7	15	-8	33	26	2.051282	2.142857	7	0	312	320	253	1.686531	4.248442	539.690050	0.029319	45342	19.510327	28.199656	256x256	65536	sparse	Meijering	312	7	27	2194	31.269888	0.613079	28.661409	0.998022	0.333725	0.379151	6	0	0.928571	35	2180	31.519049	0.655775	0.997821	28.276750	0.326320	0.341569	3945	31.874339	0.691218	0.998740	31.086607	0.305418	0.331373	-0.351061	0.089322	-0.408092	-0.048180	True	0.561765	0.468472	0.726108	27.561079	0.999684	7375
7376.png	0.682235	0.610125	0.757860	0.615859	0.984969	0.998630	27.902752	0.996126	28.363098	0.553086	0.549853	0.841341	31.338479	0.610197	2686	4	6	17	13	2.011799	1.500000	339	341	644.759867	4.425901	0.031497	0.003649	-0.517896	-0.000172	-0.000350	0.006537	632.380724	4	6	-2	17	13	2.011799	1.500000	4	1	339	341	309	1.890791	4.425901	644.759867	0.031497	45065	16.777736	24.399106	256x256	65536	sparse	Otsu	339	4	31	2606	31.754096	0.655420	28.881183	0.996475	0.546549	0.510808	12	12	0.000000	42	2594	32.148850	0.702099	0.996289	28.872929	0.582189	0.573987	3553	32.206165	0.696291	0.997541	30.995121	0.462772	0.525698	-0.518085	0.039045	-0.415618	-0.045223	True	0.653544	0.549853	0.678586	28.420648	0.998801	7376
7377.png	0.546875	0.565492	0.722447	0.575015	0.971547	0.998265	26.803263	0.995204	28.450180	0.400731	0.228136	0.291593	30.548064	0.563138	2501	4	29	64	25	2.149701	7.250000	334	359	733.866417	4.658089	0.032441	0.010220	-1.938266	-0.000650	-0.000773	0.010651	675.122499	4	29	-25	64	25	2.149701	7.250000	4	1	334	359	245	2.044196	4.658089	733.866417	0.032441	45302	18.113555	26.203918	256x256	65536	sparse	Otsu	334	4	29	2471	31.256316	0.620705	29.399952	0.995977	0.390080	0.349491	10	5	0.000000	37	2420	31.564058	0.665673	0.995786	29.140316	0.232794	0.388005	3813	31.802234	0.687926	0.997256	31.095310	0.219016	0.375229	-0.949771	-0.121355	-0.708252	-0.057568	True	0.782379	0.228136	0.536655	28.741529	0.998915	7377
7378.png	0.542981	0.530022	0.692829	0.541052	0.962963	0.998524	28.210586	0.996765	28.548379	0.377971	0.287042	0.445183	30.769156	0.557765	2298	6	21	42	24	2.094340	3.500000	318	333	627.940955	4.131182	0.041674	-0.000769	-0.322290	-0.000169	-0.000332	0.005807	614.488363	6	21	-15	42	24	2.094340	3.500000	6	1	318	333	252	1.885709	4.131182	627.940955	0.041674	45306	19.715405	28.518712	256x256	65536	sparse	Meijering	318	6	27	2199	31.189144	0.609460	28.935353	0.997097	0.372163	0.321588	10	3	0.000000	34	2162	31.469677	0.651314	0.996697	28.580517	0.501757	0.349849	3997	31.842879	0.692806	0.998215	31.188322	0.216227	0.364048	-0.386974	-0.034545	-0.419988	-0.051695	True	0.644774	0.287042	0.543750	28.532876	0.998694	7378
7379.png	0.559697	0.496212	0.663291	0.497531	0.994685	0.998968	27.793051	0.996433	28.509690	0.431002	0.210417	0.380869	31.589950	0.613467	2220	4	9	20	15	2.033557	2.250000	298	303	647.333701	4.761055	0.025751	-0.002036	-0.722839	-0.000261	-0.000610	0.013607	673.417091	4	9	-5	20	15	2.033557	2.250000	4	0	298	303	263	2.136415	4.761055	647.333701	0.025751	44554	20.069369	29.520721	256x256	65536	sparse	Otsu	298	4	30	2214	32.111717	0.654025	29.257294	0.997043	0.417395	0.267117	13	3	0.000000	43	2140	32.354695	0.687878	0.996940	29.288727	0.228136	0.428409	4109	32.748911	0.727651	0.998206	31.718451	0.226843	0.435245	-0.747603	-0.056700	-0.521766	-0.040558	True	0.552465	0.210417	0.561732	28.515890	0.999229	7379
7380.png	0.846375	0.578812	0.733225	0.578812	1.000000	0.998990	27.662783	0.997390	28.293982	0.595752	0.621674	0.946244	31.256800	0.591251	2472	4	13	31	17	2.053254	3.250000	338	347	676.990906	4.249903	0.033815	0.005870	-0.207832	-0.000050	-0.000192	-0.000218	605.726242	4	13	-9	31	17	2.053254	3.250000	4	1	338	347	290	1.950982	4.249903	676.990906	0.033815	45080	18.236246	26.511327	256x256	65536	sparse	Meijering	338	4	29	2448	31.579826	0.640731	28.533048	0.997583	0.595971	0.724729	4	5	0.000000	40	2366	31.938126	0.681382	0.997627	28.538273	0.735523	0.587028	3742	32.105066	0.697228	0.998628	31.040362	0.677612	0.583578	-0.239066	-0.103055	-0.323026	-0.049481	True	0.656991	0.621674	0.840505	27.870615	0.999040	7380
7381.png	0.771358	0.559598	0.717618	0.560900	0.995868	0.998902	28.057431	0.996943	28.752557	0.551084	0.502172	0.956899	31.801693	0.614042	2228	4	16	37	21	2.080268	4.000000	299	311	576.769915	4.437283	0.024110	0.003378	-0.384782	-0.000079	-0.000224	0.017724	573.153019	4	16	-12	37	21	2.080268	4.000000	4	0	299	311	241	1.854566	4.437283	576.769915	0.024110	44482	19.964991	29.414722	256x256	65536	sparse	Meijering	299	4	30	2163	32.118316	0.651076	29.165700	0.997166	0.533359	0.444285	8	7	0.000000	42	2168	32.375375	0.691932	0.996987	28.999944	0.458006	0.524215	4109	32.729358	0.727388	0.998313	31.589180	0.385958	0.519536	-0.413142	0.057887	-0.316623	-0.037035	True	0.524791	0.502172	0.767980	28.442213	0.998981	7381
7382.png	0.777383	0.458664	0.628882	0.459184	0.997537	0.999533	26.980540	0.997855	27.915450	0.481887	0.519695	0.780955	30.760793	0.563627	2200	4	7	21	16	2.021277	1.750000	282	285	516.953447	4.695927	0.025894	0.001446	0.286472	0.000051	-0.000020	0.011165	604.096889	4	7	-3	21	16	2.021277	1.750000	4	0	282	285	245	1.813872	4.695927	516.953447	0.025894	45575	20.715909	29.789091	256x256	65536	sparse	Meijering	282	4	26	2174	31.067916	0.609882	27.821669	0.997875	0.470722	0.646545	4	0	1.000000	32	2154	31.325373	0.652986	0.997697	27.584129	0.541594	0.464475	4174	31.815044	0.697068	0.998896	31.008558	0.484623	0.472611	0.093781	-0.126851	-0.307123	-0.046255	True	0.665460	0.519695	0.775937	26.694068	0.999483	7382
7383.png	0.722564	0.507808	0.673571	0.511959	0.984284	0.999082	27.405977	0.996438	28.095229	0.494107	0.403097	0.575599	30.672315	0.565357	2402	4	15	39	20	2.074576	3.750000	295	306	635.825518	5.180877	0.031142	-0.004849	-0.026062	-0.000046	-0.000101	-0.004531	642.074347	4	15	-11	39	20	2.074576	3.750000	4	0	295	306	236	2.077861	5.180877	635.825518	0.031142	45588	18.979184	27.283930	256x256	65536	sparse	Otsu	295	4	27	2362	31.052318	0.617505	28.304121	0.996539	0.498638	0.416085	10	5	0.000000	34	2348	31.341962	0.661841	0.996282	28.058914	0.600150	0.488647	3810	31.644199	0.680646	0.997908	30.646083	0.422088	0.497427	-0.208893	-0.012988	-0.380003	-0.052148	True	0.700308	0.403097	0.727413	27.432039	0.999128	7383
7384.png	0.550779	0.480610	0.649205	0.484950	0.981720	0.999073	27.635318	0.997075	28.555877	0.335781	0.209662	0.389324	30.802343	0.566187	2353	6	13	34	24	2.043077	2.166667	325	332	619.054729	4.655306	0.025432	-0.016822	-0.614088	-0.000214	-0.000287	-0.011711	598.757267	6	13	-7	34	24	2.043077	2.166667	6	0	325	332	267	1.864623	4.655306	619.054729	0.025432	45358	19.276668	27.852104	256x256	65536	sparse	Meijering	325	6	27	2174	31.241457	0.611942	28.909627	0.997362	0.347492	0.236111	15	0	0.250000	34	2158	31.462847	0.654088	0.997040	28.357897	0.312023	0.333110	3850	31.800453	0.690070	0.998288	30.961228	0.228948	0.340134	-0.353750	-0.026450	-0.439115	-0.045755	True	0.538528	0.209662	0.567601	28.249406	0.999287	7384
7385.png	0.759441	0.608070	0.756273	0.610745	0.992850	0.998921	27.564774	0.996893	27.904715	0.568560	0.332189	0.435331	30.181398	0.540433	2700	5	22	49	22	2.093407	4.400000	364	381	735.907221	3.854364	0.045991	-0.004247	-0.206482	-0.000075	-0.000324	0.000585	595.733404	5	22	-17	49	22	2.093407	4.400000	5	2	364	381	293	1.931515	3.854364	735.907221	0.045991	45918	17.006667	24.272593	256x256	65536	sparse	Meijering	364	5	28	2678	30.715131	0.608615	28.253827	0.997217	0.567975	0.507809	9	10	0.000000	33	2588	31.015490	0.657343	0.996882	27.765510	0.329680	0.571473	3486	31.141557	0.652885	0.998244	30.332836	0.375778	0.560250	-0.349112	-0.175620	-0.533733	-0.068182	True	0.763072	0.332189	0.763687	27.771256	0.998996	7385
7386.png	0.714457	0.513424	0.678493	0.516463	0.988669	0.998951	28.286011	0.997099	28.869624	0.534961	0.567054	0.940276	30.993445	0.571036	2070	5	9	20	16	2.028169	1.800000	284	288	547.967059	4.609526	0.016969	0.012494	-0.043696	-0.000050	-0.000067	0.000026	580.008268	5	9	-4	20	16	2.028169	1.800000	5	0	284	288	248	1.902663	4.609526	547.967059	0.016969	45158	21.815459	31.659903	256x256	65536	sparse	Meijering	284	5	25	1931	31.324434	0.608114	28.925528	0.997166	0.534935	0.480558	8	3	0.000000	32	1934	31.548612	0.648134	0.996743	28.486416	0.214200	0.513991	4160	32.059773	0.706055	0.998323	31.208952	0.079465	0.498390	-0.055904	0.086496	-0.330989	-0.037077	True	0.603072	0.567054	0.701963	28.329707	0.999001	7386
7387.png	0.697228	0.320565	0.485497	0.321043	0.995381	0.999611	27.118454	0.997365	28.110810	0.269918	0.381217	0.753554	30.110413	0.525454	2816	13	31	65	44	2.089552	2.384615	402	420	766.377646	3.319865	0.046877	-0.002558	-0.579726	-0.000055	-0.000675	-0.000101	604.959488	13	31	-18	65	44	2.089552	2.384615	13	0	402	420	293	1.824709	3.319865	766.377646	0.046877	45901	16.300071	23.272727	256x256	65536	sparse	Meijering	402	13	30	2701	30.826563	0.604440	28.979961	0.998039	0.270019	0.411395	4	0	0.653846	35	2674	31.110578	0.657866	0.997834	28.427872	0.376246	0.261080	3214	31.010273	0.638322	0.998210	29.532837	0.378737	0.272626	-0.869151	-0.030178	-0.716150	-0.078987	True	0.505891	0.381217	0.699786	27.698179	0.999666	7387
7389.png	0.738433	0.624000	0.768473	0.627615	0.990854	0.998772	27.685708	0.997022	28.113431	0.578880	0.653544	0.849949	30.360441	0.548689	2492	4	16	35	18	2.071429	4.000000	336	348	620.216269	4.276109	0.029947	-0.003082	-0.284938	-0.000127	-0.000263	0.008140	570.198059	4	16	-12	35	18	2.071429	4.000000	4	1	336	348	283	1.782231	4.276109	620.216269	0.029947	45752	18.359551	26.298555	256x256	65536	sparse	Meijering	336	4	27	2459	30.816687	0.607704	28.330880	0.997286	0.570740	0.534407	9	8	0.000000	32	2480	31.050366	0.656357	0.996758	27.648894	0.336350	0.567854	3726	31.349604	0.668512	0.998155	30.436355	0.422225	0.550209	-0.217449	0.119137	-0.456247	-0.059014	True	0.768922	0.653544	0.741516	27.970646	0.998899	7389
7390.png	0.740550	0.476865	0.645780	0.477316	0.998024	0.999318	27.363346	0.997323	28.222745	0.478275	0.483149	0.611686	31.510502	0.613098	2659	4	13	35	20	2.050704	3.250000	355	364	604.925854	4.312883	0.027352	-0.010748	-0.563692	-0.000099	-0.000454	0.000329	595.237255	4	13	-9	35	20	2.050704	3.250000	4	0	355	364	300	1.661884	4.312883	604.925854	0.027352	44856	16.869500	24.646860	256x256	65536	sparse	Meijering	355	4	32	2585	31.962405	0.661200	28.892020	0.997777	0.477946	0.634565	6	1	0.250000	41	2410	32.210288	0.698839	0.997506	28.571657	0.709456	0.461417	3335	32.264451	0.694161	0.998482	30.860714	0.666017	0.472126	-0.669275	-0.151416	-0.451903	-0.048102	True	0.789864	0.483149	0.751298	27.927038	0.999417	7390
7391.png	0.714008	0.640480	0.780845	0.643793	0.992030	0.998823	27.864650	0.997019	28.250847	0.562436	0.481077	0.665069	31.009503	0.579717	2337	4	14	33	17	2.064309	3.500000	311	321	620.036436	4.821906	0.023468	-0.005385	0.005630	-0.000031	-0.000109	0.000711	636.047125	4	14	-10	33	17	2.064309	3.500000	4	1	311	321	261	1.931578	4.821906	620.036436	0.023468	45285	19.377407	28.042790	256x256	65536	sparse	Otsu	311	4	28	2304	31.337442	0.623803	28.393189	0.997128	0.561724	0.559568	7	5	0.000000	37	2336	31.623123	0.671713	0.996932	28.108890	0.466924	0.544483	3925	31.966787	0.694641	0.998511	31.165794	0.560546	0.558276	-0.142342	-0.078491	-0.327939	-0.044086	True	0.723349	0.481077	0.719393	27.859020	0.998854	7391
7392.png	0.596017	0.445184	0.616093	0.449752	0.977692	0.999096	27.780596	0.997395	28.517416	0.331215	0.213372	0.361547	30.583948	0.549950	2424	5	25	59	29	2.117302	5.000000	341	361	647.164819	4.137367	0.036352	0.019930	-0.632384	-0.000205	-0.000342	0.021590	590.353489	5	25	-20	59	29	2.117302	5.000000	5	0	341	361	253	1.792700	4.137367	647.164819	0.036352	45490	18.766502	27.036304	256x256	65536	sparse	Meijering	341	5	27	2322	31.043225	0.606828	28.976447	0.997737	0.309625	0.368716	8	3	0.000000	34	2340	31.326485	0.654248	0.997446	28.473891	0.472708	0.309979	3850	31.620960	0.679462	0.998463	30.858109	0.185934	0.328385	-0.459031	-0.155344	-0.459277	-0.056879	True	0.590165	0.213372	0.576087	28.412980	0.999300	7392
7393.png	0.611281	0.427952	0.599392	0.430084	0.988547	0.999419	27.349637	0.994972	27.888726	0.375658	0.298508	0.476707	29.890294	0.525093	2455	4	23	59	29	2.121406	5.750000	313	332	726.998262	4.626117	0.040351	-0.017004	-0.105876	-0.000060	-0.000530	0.000814	636.297703	4	23	-19	59	29	2.121406	5.750000	4	0	313	332	225	2.189754	4.626117	726.998262	0.040351	46097	18.776782	26.694908	256x256	65536	sparse	Otsu	313	4	26	2363	30.557853	0.589705	28.482251	0.995502	0.374844	0.348768	9	1	0.000000	31	2444	30.803572	0.642662	0.995253	27.910289	0.292101	0.367798	3779	31.118029	0.663534	0.997072	30.353915	0.150052	0.383370	-0.593525	-0.050260	-0.667559	-0.064612	True	0.626187	0.298508	0.628285	27.455513	0.999479	7393
7394.png	0.645198	0.278953	0.436221	0.279153	0.997436	0.999594	28.243098	0.997071	28.511448	0.239885	0.241463	0.499769	30.159290	0.527296	2907	14	44	93	48	2.143198	3.142857	419	449	863.971111	3.240563	0.047800	0.027207	-0.275686	-0.000029	-0.000679	0.022806	654.588699	14	44	-30	93	48	2.143198	3.142857	14	2	419	449	278	1.924212	3.240563	863.971111	0.047800	45734	15.732370	22.544204	256x256	65536	sparse	Meijering	419	14	32	2875	30.986738	0.614053	29.430702	0.997749	0.217079	0.312220	7	2	0.750000	37	2818	31.276209	0.663458	0.997536	29.020174	0.189416	0.217531	3191	31.148573	0.639043	0.997876	29.931329	0.163747	0.230576	-0.919254	-0.070757	-0.827448	-0.086756	True	0.483149	0.241463	0.617991	28.518784	0.999622	7394
7395.png	0.562369	0.427052	0.598510	0.429479	0.986943	0.999244	27.863774	0.996696	28.452506	0.311104	0.179779	0.319280	30.500583	0.550411	2666	9	25	54	33	2.088643	2.777778	361	377	688.854210	3.907670	0.036709	0.002988	-0.426806	-0.000110	-0.000577	0.004620	610.725880	9	25	-16	54	33	2.088643	2.777778	9	0	361	377	274	1.827199	3.907670	688.854210	0.036709	45568	17.092273	24.582146	256x256	65536	sparse	Meijering	361	9	29	2525	31.085745	0.614695	29.107113	0.997273	0.306484	0.245295	14	3	0.000000	36	2630	31.378779	0.668169	0.996937	28.709230	0.328189	0.286096	3536	31.481142	0.665194	0.997803	30.347284	0.223791	0.285762	-0.654607	-0.065516	-0.585162	-0.064284	True	0.563078	0.179779	0.559382	28.290580	0.999354	7395
7396.png	0.791429	0.451091	0.621727	0.451941	0.995847	0.999494	27.721691	0.997232	28.292441	0.490395	0.483149	0.737325	30.466936	0.542839	2245	4	23	51	24	2.127517	5.750000	298	317	599.472721	4.390541	0.027438	-0.018586	-0.007106	-0.000026	-0.000232	0.017723	582.722902	4	23	-19	51	24	2.127517	5.750000	4	0	298	317	223	1.891081	4.390541	599.472721	0.027438	45694	20.353675	29.191982	256x256	65536	sparse	Meijering	298	4	26	2234	30.871107	0.597743	28.461032	0.997464	0.472672	0.571729	5	1	0.375000	30	2088	31.029690	0.634954	0.997080	27.880634	0.312711	0.484393	4195	31.577428	0.689670	0.998367	30.590244	0.307289	0.478751	-0.168591	-0.088581	-0.404172	-0.054904	True	0.655272	0.483149	0.810015	27.728797	0.999520	7396
7397.png	0.687012	0.558824	0.716981	0.564249	0.983085	0.998389	27.958396	0.996041	28.778843	0.466515	0.273219	0.336190	30.907705	0.577278	2840	5	21	51	23	2.081841	4.200000	391	407	770.729248	4.111834	0.032490	0.000060	-0.884502	-0.000394	-0.000702	-0.003519	634.302378	5	21	-16	51	23	2.081841	4.200000	5	2	391	407	317	1.893684	4.111834	770.729248	0.032490	45222	15.923239	23.076056	256x256	65536	sparse	Meijering	391	5	32	2706	31.520847	0.640665	29.446975	0.996743	0.470034	0.356768	16	6	0.000000	40	2804	31.843386	0.692355	0.996365	29.116709	0.223612	0.448922	3283	31.750970	0.672257	0.997477	30.847614	0.213372	0.445013	-0.668132	-0.083549	-0.613142	-0.063388	True	0.812692	0.273219	0.686953	28.842898	0.998783	7397
7398.png	0.569221	0.441550	0.612605	0.444444	0.985467	0.999282	27.694610	0.997500	28.504925	0.306758	0.196678	0.332186	29.944360	0.526939	2897	6	41	88	40	2.179487	6.833333	390	425	830.129585	3.679179	0.045280	0.014610	-0.546656	-0.000119	-0.000359	0.015872	616.102219	6	41	-35	88	40	2.179487	6.833333	6	0	390	425	262	1.953246	3.679179	830.129585	0.045280	46042	15.892993	22.622023	256x256	65536	sparse	Meijering	390	6	30	2861	30.705993	0.609244	29.007800	0.997859	0.290886	0.244216	14	0	0.333333	32	2668	30.921515	0.653257	0.997471	28.288650	0.261295	0.300874	3096	30.872794	0.629844	0.998148	30.018197	0.221657	0.296100	-0.502875	-0.047538	-0.761632	-0.082305	True	0.592073	0.196678	0.554611	28.241266	0.999401	7398
7399.png	0.700443	0.511832	0.677102	0.524420	0.955205	0.999132	28.183609	0.996517	28.608755	0.502233	0.317190	0.513995	30.135291	0.528025	2471	5	32	59	27	2.162651	6.400000	332	359	702.966511	4.392778	0.029955	-0.007772	-0.119804	-0.000087	-0.000271	0.010010	606.626034	5	32	-27	59	27	2.162651	6.400000	5	1	332	359	246	1.958124	4.392778	702.966511	0.029955	45873	18.564549	26.522056	256x256	65536	sparse	Meijering	332	5	27	2399	30.701493	0.593953	28.791438	0.996788	0.492223	0.305803	12	4	0.000000	31	2258	30.887489	0.634171	0.996011	27.977877	0.161511	0.483838	3651	31.160510	0.655451	0.997677	30.088533	0.122490	0.492813	-0.182683	0.011387	-0.566202	-0.065928	True	0.617107	0.317190	0.708215	28.303413	0.999220	7399
7400.png	0.637883	0.379375	0.550068	0.382724	0.977456	0.999284	27.646691	0.996646	28.407082	0.349937	0.355964	0.601492	30.681982	0.561200	2761	8	32	73	39	2.126649	4.000000	379	403	744.845009	4.012922	0.043343	0.001770	-0.631056	-0.000186	-0.000598	-0.006508	661.427498	8	32	-24	73	39	2.126649	4.000000	8	0	379	403	267	1.848251	4.012922	744.845009	0.043343	45448	16.460703	23.736327	256x256	65536	sparse	Meijering	379	8	31	2662	31.300362	0.628030	29.066030	0.997244	0.356445	0.412235	7	0	0.937500	38	2636	31.590720	0.677900	0.997184	28.906354	0.353095	0.360857	3351	31.563191	0.665809	0.997881	30.366554	0.304856	0.339218	-0.658948	-0.056272	-0.618380	-0.066830	True	0.591801	0.355964	0.636113	28.277747	0.999471	7400
7401.png	0.610845	0.517528	0.682068	0.519806	0.991604	0.999093	27.912433	0.997203	28.516215	0.364276	0.456649	0.869368	31.386743	0.587512	1991	7	6	16	19	1.992701	0.857143	274	273	510.150032	4.357794	0.028419	-0.007249	-0.365905	-0.000127	-0.000347	-0.001041	591.991663	7	6	1	16	19	1.992701	0.857143	7	0	274	273	239	1.868681	4.357794	510.150032	0.028419	44823	22.512808	32.916123	256x256	65536	sparse	Meijering	274	7	26	1947	31.595262	0.620257	28.908860	0.997550	0.365317	0.488291	4	3	0.000000	36	1808	31.883698	0.656327	0.997446	28.574108	0.316139	0.350198	4506	32.487671	0.726385	0.998638	31.580409	0.302324	0.358715	-0.392645	-0.031642	-0.208519	-0.032745	True	0.525266	0.456649	0.618094	28.278338	0.999221	7401
7402.png	0.607806	0.502320	0.668726	0.506433	0.984091	0.999068	27.793342	0.995135	28.494934	0.470520	0.356954	0.523809	30.575787	0.558209	2566	4	25	57	27	2.124260	6.250000	338	359	785.369049	5.038332	0.031079	-0.004802	-0.277228	-0.000143	-0.000508	0.005743	737.851143	4	25	-21	57	27	2.124260	6.250000	4	0	338	359	254	2.187658	5.038332	785.369049	0.031079	45479	17.723694	25.540140	256x256	65536	sparse	Otsu	338	4	29	2500	31.127414	0.619978	28.898742	0.995644	0.464776	0.282871	16	5	0.000000	35	2536	31.344896	0.666216	0.995050	28.381299	0.296192	0.461404	3579	31.534057	0.669818	0.997226	30.680467	0.313528	0.468595	-0.403808	0.074082	-0.551628	-0.061770	True	0.681458	0.356954	0.612608	28.070570	0.999211	7402
7403.png	0.626950	0.449061	0.619796	0.452658	0.982609	0.999197	27.394418	0.996990	27.806284	0.370236	0.166693	0.294445	29.933695	0.518677	2627	10	28	63	37	2.097561	2.800000	369	387	748.881786	3.570552	0.045979	-0.003057	-0.364042	-0.000070	-0.000503	0.015902	606.742620	10	28	-18	63	37	2.097561	2.800000	10	2	369	387	269	1.935095	3.570552	748.881786	0.045979	46000	17.510468	24.947088	256x256	65536	sparse	Meijering	369	10	28	2618	30.593580	0.594738	28.524932	0.997493	0.354334	0.267368	9	0	0.450000	31	2578	30.868876	0.644388	0.997223	27.942002	0.375890	0.331150	3207	30.904202	0.629497	0.998069	29.639523	0.214495	0.345594	-0.718647	-0.100675	-0.659885	-0.076061	True	0.566126	0.166693	0.630007	27.758460	0.999267	7403
7404.png	0.746812	0.658886	0.794372	0.665096	0.986028	0.998786	27.338778	0.997055	27.694799	0.609045	0.604882	0.812338	30.191455	0.540570	2470	4	12	28	16	2.050955	3.000000	314	322	622.636910	4.293936	0.036290	-0.016782	-0.089637	-0.000063	-0.000180	-0.003467	576.552391	4	12	-8	28	16	2.050955	3.000000	4	0	314	322	270	1.933655	4.293936	622.636910	0.036290	45952	18.604049	26.532794	256x256	65536	sparse	Meijering	314	4	25	2268	30.618616	0.593416	27.772258	0.997235	0.612513	0.506714	9	6	0.000000	29	2262	30.823774	0.639078	0.996660	27.107386	0.544206	0.597647	3637	31.122010	0.658262	0.998119	29.520705	0.490334	0.595230	-0.077459	0.098168	-0.427161	-0.052847	True	0.744619	0.604882	0.763594	27.428415	0.998849	7404
7405.png	0.729399	0.465814	0.635571	0.466333	0.997619	0.999562	27.074682	0.998497	28.170648	0.396772	0.293901	0.704374	31.563306	0.591708	1732	4	10	24	16	2.050847	2.500000	236	242	405.860369	4.897602	0.018548	0.007485	0.073079	0.000022	0.000048	0.002782	580.063105	4	10	-6	24	16	2.050847	2.500000	4	0	236	242	196	1.677109	4.897602	405.860369	0.018548	44743	25.833141	37.838337	256x256	65536	sparse	Meijering	236	4	22	1572	31.667161	0.609817	28.015426	0.998449	0.393990	0.324296	5	0	0.875000	35	1728	31.967673	0.657117	0.998354	28.073829	0.381217	0.388425	5318	32.918848	0.753109	0.999399	32.645334	0.197481	0.385643	0.155221	-0.030395	-0.103855	-0.018109	True	0.417252	0.293901	0.721913	27.001603	0.999539	7405
7406.png	0.572639	0.486171	0.654260	0.491080	0.979852	0.999178	27.459894	0.996689	28.327991	0.372351	0.453015	0.612629	31.224142	0.589481	2284	4	12	29	17	2.052459	3.000000	305	313	579.872998	5.294562	0.025953	0.002688	-0.142655	-0.000107	-0.000273	0.004798	662.505627	4	12	-8	29	17	2.052459	3.000000	4	0	305	313	259	1.852629	5.294562	579.872998	0.025953	45000	19.702277	28.693520	256x256	65536	sparse	Otsu	305	4	28	2210	31.608757	0.632690	28.602467	0.996962	0.367553	0.633955	4	3	0.000000	39	2254	31.870376	0.674561	0.997088	28.816831	0.381217	0.359475	3954	32.223749	0.704935	0.998335	31.579879	0.277713	0.361494	-0.274476	-0.180941	-0.384615	-0.043209	True	0.739460	0.453015	0.569951	27.602549	0.999285	7406
7407.png	0.672646	0.524661	0.688233	0.529392	0.983251	0.999028	28.144262	0.997036	28.658991	0.453879	0.334451	0.465964	30.431418	0.548064	2411	4	13	32	17	2.054711	3.250000	329	338	606.832982	4.268734	0.031500	0.003899	-0.148785	-0.000098	-0.000211	0.009658	593.070269	4	13	-9	32	17	2.054711	3.250000	4	1	329	338	280	1.795364	4.268734	606.832982	0.031500	45588	18.908337	27.182082	256x256	65536	sparse	Meijering	329	4	27	2304	30.981265	0.604699	28.911994	0.997248	0.444222	0.314182	14	5	0.000000	33	2388	31.231137	0.655117	0.996934	28.448377	0.294304	0.438520	3923	31.528536	0.681769	0.998169	30.635940	0.156335	0.449718	-0.253003	0.020269	-0.549846	-0.056635	True	0.717761	0.334451	0.668746	28.293047	0.999126	7407
7408.png	0.664617	0.472532	0.641795	0.476744	0.981644	0.999214	27.166806	0.997010	28.059902	0.449365	0.361663	0.679392	31.096975	0.578076	2080	5	6	14	14	2.007143	1.200000	280	281	499.069384	4.692674	0.027010	-0.014879	-0.446361	-0.000137	-0.000385	0.007585	585.808277	5	6	-1	14	14	2.007143	1.200000	5	0	280	281	252	1.776048	4.692674	499.069384	0.027010	45139	21.701442	31.507692	256x256	65536	sparse	Meijering	280	5	26	2004	31.383944	0.615751	28.453021	0.997395	0.441779	0.344412	9	3	0.000000	35	2080	31.649418	0.660723	0.997202	28.215092	0.325196	0.431836	4516	32.265196	0.719945	0.998574	31.318321	0.264454	0.432003	-0.393119	0.017251	-0.286968	-0.037675	True	0.532334	0.361663	0.679496	27.613167	0.999351	7408
7410.png	0.707701	0.487589	0.655542	0.487935	0.998548	0.999046	28.033284	0.996283	28.819925	0.546195	0.422409	0.649797	31.743886	0.614086	2110	4	15	39	21	2.081481	3.750000	270	281	638.563297	5.025970	0.027471	-0.006500	0.107069	-0.000009	-0.000318	0.007351	644.646883	4	15	-11	39	21	2.081481	3.750000	4	0	270	281	210	2.272467	5.025970	638.563297	0.027471	44568	21.122275	31.059716	256x256	65536	sparse	Otsu	270	4	27	2100	31.895084	0.646896	28.980091	0.996600	0.538844	0.521692	8	11	0.000000	40	1958	32.278714	0.680272	0.996635	29.127016	0.590711	0.524840	4430	32.804215	0.737583	0.998158	31.973446	0.333900	0.546034	-0.160166	-0.099283	-0.151198	-0.032811	True	0.650062	0.422409	0.714201	27.926216	0.999055	7410
7411.png	0.598182	0.463359	0.633281	0.467507	0.981211	0.999177	27.891158	0.997057	28.285611	0.389585	0.382341	0.578949	30.727561	0.568046	2502	5	14	32	22	2.052023	2.800000	346	355	620.793572	4.263691	0.027591	-0.010753	-0.228418	-0.000099	-0.000359	-0.005641	576.703548	5	14	-9	32	22	2.052023	2.800000	5	0	346	355	292	1.748714	4.263691	620.793572	0.027591	45411	18.149880	26.193445	256x256	65536	sparse	Meijering	346	5	28	2400	31.240625	0.620972	28.806345	0.997416	0.395225	0.408116	9	1	0.100000	36	2456	31.528324	0.670635	0.997172	28.330936	0.290260	0.348359	3808	31.816219	0.687786	0.998389	30.980334	0.256483	0.404502	-0.520734	-0.025775	-0.513064	-0.052926	True	0.660404	0.382341	0.608935	28.119575	0.999277	7411
7412.png	0.728395	0.496371	0.663433	0.497058	0.997222	0.999171	28.194733	0.997418	28.701066	0.470242	0.582443	0.902832	30.906217	0.572180	2559	5	12	35	23	2.038147	2.400000	367	374	622.699505	4.169447	0.027615	-0.005607	-0.239841	-0.000094	-0.000323	0.011952	616.627693	5	12	-7	35	23	2.038147	2.400000	5	0	367	374	309	1.664972	4.169447	622.699505	0.027615	45246	17.681125	25.610004	256x256	65536	sparse	Meijering	367	5	29	2453	31.369241	0.627407	29.044413	0.997741	0.458290	0.642278	5	3	0.000000	38	2480	31.698585	0.675091	0.997517	28.752439	0.297071	0.454734	3683	31.802288	0.685351	0.998421	30.952596	0.448989	0.445829	-0.343347	-0.059836	-0.463023	-0.055227	True	0.645129	0.582443	0.734003	28.434574	0.999265	7412
7413.png	0.524876	0.505429	0.671475	0.515726	0.962000	0.998670	27.856748	0.996841	28.570877	0.338808	0.194644	0.327998	30.870056	0.567196	2238	5	10	26	19	2.032895	2.000000	304	309	569.266525	4.464666	0.027609	0.011039	-0.416648	-0.000275	-0.000334	0.014647	583.126545	5	10	-5	26	19	2.032895	2.000000	5	0	304	309	259	1.842286	4.464666	569.266525	0.027609	45267	20.226542	29.283289	256x256	65536	sparse	Meijering	304	5	27	2173	31.311863	0.615247	28.916337	0.997175	0.324160	0.291071	10	1	0.000000	33	2088	31.500413	0.651472	0.996644	28.425145	0.326320	0.325357	4260	32.005927	0.703750	0.998289	31.190745	0.153921	0.349286	-0.345460	-0.096427	-0.441807	-0.048051	True	0.593430	0.194644	0.513836	28.273396	0.998945	7413
7414.png	0.539486	0.528868	0.691843	0.536771	0.972916	0.998133	28.521459	0.995347	29.076953	0.425277	0.332496	0.497408	31.622013	0.612712	2683	6	27	61	30	2.111111	4.500000	378	399	738.689282	4.191118	0.045267	0.016307	-0.913663	-0.000448	-0.000942	0.033540	607.496977	6	27	-21	61	30	2.111111	4.500000	6	0	378	399	287	1.851352	4.191118	738.689282	0.045267	44497	16.584793	24.426388	256x256	65536	sparse	Meijering	378	6	34	2660	32.174446	0.665908	29.954377	0.996290	0.391737	0.254659	23	11	0.000000	46	2672	32.493400	0.709391	0.996304	29.849592	0.179083	0.350995	3509	32.523284	0.708710	0.997272	31.299531	0.124483	0.419635	-0.877425	0.077838	-0.552433	-0.053196	True	0.668458	0.332496	0.523179	29.435122	0.998580	7414
7415.png	0.667873	0.475557	0.644580	0.475743	0.999178	0.999284	27.824321	0.997204	28.301578	0.420109	0.295854	0.446843	30.747227	0.558879	2262	4	18	34	20	2.088050	4.500000	318	332	588.904660	4.323769	0.028517	-0.025052	-0.033003	-0.000030	-0.000309	-0.011816	599.939108	4	18	-14	34	20	2.088050	4.500000	4	0	318	332	264	1.773809	4.323769	588.904660	0.028517	45384	20.063660	28.972591	256x256	65536	sparse	Meijering	318	4	27	2212	31.164053	0.611274	28.711461	0.997513	0.431925	0.346527	11	5	0.000000	33	1990	31.381130	0.643982	0.997400	28.401134	0.424491	0.411420	4049	31.849995	0.695137	0.998584	31.234846	0.330637	0.413834	-0.409883	-0.050674	-0.416826	-0.052395	True	0.662098	0.295854	0.692925	27.857324	0.999314	7415
7416.png	0.659244	0.548979	0.708827	0.550355	0.995465	0.999131	27.584125	0.997274	28.300586	0.474718	0.385840	0.714841	31.690999	0.608436	2068	4	9	19	14	2.035336	2.250000	283	288	588.455615	4.937470	0.021037	-0.006518	-0.224647	-0.000067	-0.000231	0.000836	661.955118	4	9	-5	19	14	2.035336	2.250000	4	0	283	288	250	2.043249	4.937470	588.455615	0.021037	44738	21.633462	31.690522	256x256	65536	sparse	Otsu	283	4	27	1986	31.871497	0.639533	28.601101	0.997506	0.473882	0.381217	9	7	0.000000	40	2044	32.178696	0.680071	0.997401	28.756752	0.330898	0.460928	4275	32.673603	0.726707	0.998740	31.793419	0.309266	0.478897	-0.300515	0.004624	-0.180498	-0.031097	True	0.539757	0.385840	0.665763	27.808772	0.999198	7416
7417.png	0.725000	0.448026	0.618809	0.452953	0.976295	0.999298	28.225437	0.997346	28.581087	0.404472	0.373433	0.629279	30.792579	0.557430	2198	8	21	51	32	2.086957	2.625000	299	312	616.006002	3.972537	0.036831	-0.013288	-0.172871	-0.000100	-0.000370	-0.008156	606.265306	8	21	-13	51	32	2.086957	2.625000	8	0	299	312	216	1.974378	3.972537	616.006002	0.036831	45297	20.608280	29.816197	256x256	65536	sparse	Meijering	299	8	27	2188	31.206225	0.609328	29.111196	0.997716	0.412627	0.522886	5	1	0.312500	34	2190	31.479374	0.653964	0.997557	28.729739	0.239551	0.404307	3957	31.847864	0.692850	0.998559	31.184912	0.241544	0.404704	-0.530109	-0.149453	-0.413646	-0.051898	True	0.593430	0.373433	0.738288	28.398308	0.999398	7417
7418.png	0.622189	0.553549	0.712625	0.557542	0.987229	0.999053	28.176470	0.996533	28.428987	0.452665	0.357133	0.474027	31.061090	0.583134	2600	4	19	44	19	2.083102	4.750000	361	376	656.301222	4.506494	0.024113	0.004106	-0.205926	-0.000052	-0.000381	-0.008633	630.069733	4	19	-15	44	19	2.083102	4.750000	4	1	361	376	298	1.745482	4.506494	656.301222	0.024113	45154	17.366923	25.206154	256x256	65536	sparse	Meijering	361	4	31	2589	31.535055	0.639879	28.840606	0.996914	0.461297	0.391038	10	4	0.000000	41	2574	31.875653	0.687262	0.997089	29.009588	0.437608	0.441518	3632	31.957903	0.689628	0.997993	30.766376	0.300680	0.453918	-0.411618	-0.033905	-0.473965	-0.056746	True	0.753403	0.357133	0.618083	28.382397	0.999104	7418
7419.png	0.589942	0.375681	0.546175	0.377104	0.990055	0.999542	27.855847	0.997705	28.762958	0.309924	0.262467	0.513336	31.248811	0.580832	2190	6	20	46	28	2.090909	3.333333	308	322	545.003805	4.291076	0.031460	-0.006193	-0.385772	-0.000036	-0.000149	-0.004470	592.037439	6	20	-14	46	28	2.090909	3.333333	6	0	308	322	234	1.692558	4.291076	545.003805	0.031460	44959	20.529224	29.925114	256x256	65536	sparse	Meijering	308	6	27	2026	31.557039	0.620088	29.022952	0.997854	0.314394	0.296094	9	1	0.250000	36	1936	31.780385	0.655899	0.997650	28.583101	0.241463	0.302482	4218	32.314221	0.713475	0.998755	31.444262	0.183851	0.310606	-0.259994	-0.033627	-0.308228	-0.039256	True	0.511297	0.262467	0.596135	28.241619	0.999578	7419
7420.png	0.760483	0.433744	0.605051	0.434058	0.998333	0.999515	27.308903	0.997210	27.945917	0.457927	0.276267	0.550965	30.411010	0.543696	2430	4	14	42	25	2.062696	3.500000	319	329	612.667628	4.425516	0.032591	0.008863	-0.186941	-0.000017	-0.000265	0.011712	586.934805	4	14	-10	42	25	2.062696	3.500000	4	0	319	329	252	1.862212	4.425516	612.667628	0.032591	45714	18.812346	26.969547	256x256	65536	sparse	Meijering	319	4	27	2399	30.844452	0.603520	28.328299	0.997475	0.446215	0.479691	6	2	0.000000	32	2404	31.082264	0.650980	0.997109	27.665117	0.454315	0.447101	3748	31.373520	0.665107	0.998297	30.362608	0.466647	0.447464	-0.382382	-0.203424	-0.433442	-0.059824	True	0.501424	0.276267	0.751620	27.495844	0.999533	7420
7421.png	0.517607	0.586412	0.739293	0.590852	0.987348	0.998248	27.943137	0.996301	28.169993	0.385266	0.190254	0.333939	30.052156	0.530226	2548	6	16	43	27	2.059172	2.666667	338	348	663.810220	4.244376	0.034676	0.031296	-0.529158	-0.000228	-0.000509	0.041733	626.677990	6	16	-10	43	27	2.059172	2.666667	6	0	338	348	268	1.907501	4.244376	663.810220	0.034676	45898	18.013344	25.720565	256x256	65536	sparse	Meijering	338	6	27	2448	30.696111	0.596475	28.778132	0.996810	0.343533	0.246731	18	5	0.000000	31	2324	30.906758	0.639017	0.996323	28.269348	0.176949	0.307159	3649	31.143466	0.655506	0.997402	30.037437	0.198764	0.326820	-0.608138	-0.056477	-0.643955	-0.066249	True	0.569726	0.190254	0.486312	28.472295	0.998476	7421
7422.png	0.617353	0.577561	0.732220	0.588170	0.969715	0.999089	27.774183	0.997343	28.246989	0.458043	0.285556	0.432395	29.992704	0.521934	2470	4	15	34	19	2.065672	3.750000	335	346	650.431168	4.030814	0.023668	0.003780	-0.267165	-0.000112	-0.000110	0.007639	596.379995	4	15	-11	34	19	2.065672	3.750000	4	0	335	346	282	1.879859	4.030814	650.431168	0.023668	46042	18.640486	26.532794	256x256	65536	sparse	Meijering	335	4	26	2379	30.505562	0.586557	28.296871	0.997453	0.450404	0.318240	13	8	0.000000	28	2192	30.674997	0.622262	0.996865	27.592063	0.208990	0.397210	3796	31.060985	0.660750	0.998191	29.836372	0.206790	0.421033	-0.049881	-0.032684	-0.512858	-0.064623	True	0.660404	0.285556	0.613573	28.041348	0.999201	7422
7423.png	0.714938	0.688973	0.815848	0.694207	0.989175	0.998499	27.597016	0.997022	27.999700	0.605505	0.659271	0.834664	31.105473	0.595844	2633	4	9	20	14	2.029155	2.250000	343	348	584.465195	4.351428	0.025916	0.004787	-0.349350	-0.000171	-0.000390	0.016711	601.864100	4	9	-5	20	14	2.029155	2.250000	4	0	343	348	309	1.679498	4.351428	584.465195	0.025916	45168	17.154577	24.890239	256x256	65536	sparse	Otsu	343	4	30	2605	31.538094	0.645350	28.495870	0.997412	0.588794	0.697800	6	11	0.000000	39	2442	31.825225	0.685125	0.997206	28.348433	0.613259	0.582463	3478	31.944961	0.684608	0.998299	30.619246	0.583370	0.575182	-0.496170	-0.038530	-0.432621	-0.049506	True	0.789864	0.659271	0.710151	27.946366	0.998669	7423
7424.png	0.615569	0.448760	0.619509	0.453776	0.975958	0.999157	27.714681	0.996509	28.033769	0.344465	0.252176	0.349293	30.007478	0.532371	3150	13	35	77	47	2.101852	2.692308	432	454	855.934481	3.441720	0.043294	-0.026943	-0.632593	-0.000203	-0.000778	-0.012333	660.074234	13	35	-22	77	47	2.101852	2.692308	13	1	432	454	308	1.885318	3.441720	855.934481	0.043294	45852	14.556190	20.805079	256x256	65536	sparse	Meijering	432	13	33	3125	30.958098	0.624730	28.980809	0.997287	0.356798	0.458006	8	8	0.000000	38	3092	31.270161	0.678842	0.997076	28.676103	0.364494	0.338870	671	30.226759	0.533995	0.995775	27.245770	0.454835	0.352870	-0.947040	-0.205829	-0.950620	-0.092359	True	0.721963	0.252176	0.642512	28.347275	0.999360	7424
7425.png	0.506054	0.508546	0.674220	0.513514	0.981332	0.998856	28.098230	0.995356	28.639334	0.441205	0.280698	0.438012	30.579293	0.554582	2438	4	21	50	24	2.105590	5.250000	322	339	803.342649	4.898716	0.038431	0.005028	-0.486996	-0.000203	-0.000513	0.013284	675.325871	4	21	-17	50	24	2.105590	5.250000	4	0	322	339	248	2.369742	4.898716	803.342649	0.038431	45477	18.653404	26.881050	256x256	65536	sparse	Otsu	322	4	28	2372	31.153339	0.613493	29.139486	0.995869	0.427921	0.312711	16	8	0.000000	33	2280	31.358665	0.653179	0.995422	28.751684	0.245894	0.397202	3692	31.641800	0.678650	0.997266	30.813575	0.255468	0.413199	-0.500152	-0.032013	-0.574046	-0.058911	True	0.640845	0.280698	0.501027	28.585227	0.999059	7425
7426.png	0.627361	0.534147	0.696344	0.538410	0.985393	0.998922	27.422655	0.997462	28.013999	0.398139	0.350791	0.491651	30.867741	0.573463	2559	4	11	34	22	2.042169	2.750000	332	339	614.813440	4.280310	0.036441	0.002864	-0.257134	-0.000127	-0.000283	0.005056	607.406139	4	11	-7	34	22	2.042169	2.750000	4	0	332	339	276	1.813609	4.280310	614.813440	0.036441	45353	17.722939	25.610004	256x256	65536	sparse	Meijering	332	4	29	2483	31.329349	0.628536	28.436527	0.997745	0.393083	0.365904	9	2	0.000000	40	2554	31.702440	0.677137	0.997780	28.709659	0.484623	0.393415	3680	31.791426	0.682067	0.998553	30.701832	0.312711	0.398736	-0.422528	-0.015114	-0.461608	-0.055073	True	0.713495	0.350791	0.624497	27.679789	0.999049	7426
7427.png	0.651904	0.437928	0.609110	0.438116	0.999023	0.999562	27.307204	0.997922	28.208237	0.360171	0.407853	0.728870	30.819196	0.558651	2150	4	14	38	22	2.068729	3.500000	291	301	532.343054	4.357811	0.039516	-0.022163	0.055059	0.000005	-0.000128	-0.008565	566.320419	4	14	-10	38	22	2.068729	3.500000	4	0	291	301	231	1.768582	4.357811	532.343054	0.039516	45477	21.152093	30.481860	256x256	65536	sparse	Meijering	291	4	26	2107	31.130492	0.605308	28.314742	0.998050	0.368737	0.333499	7	1	0.125000	33	2146	31.397307	0.650025	0.997911	27.991718	0.305803	0.370450	4116	31.832793	0.694231	0.998905	31.169130	0.266553	0.364026	-0.106505	0.074353	-0.311297	-0.046657	True	0.559568	0.407853	0.674067	27.252144	0.999557	7427
7428.png	0.623675	0.376190	0.546713	0.379656	0.976313	0.999423	27.443532	0.997276	28.111565	0.337575	0.182088	0.353105	29.962921	0.514993	2429	8	29	59	33	2.127660	3.625000	329	350	693.343105	3.846959	0.045786	0.010655	-0.409935	-0.000112	-0.000474	0.011984	632.870913	8	29	-21	59	33	2.127660	3.625000	8	1	329	350	237	1.980980	3.846959	693.343105	0.045786	45972	18.926307	26.980650	256x256	65536	sparse	Meijering	329	8	26	2304	30.556815	0.581781	28.762121	0.997750	0.325591	0.234072	12	1	0.750000	29	2196	30.775458	0.621578	0.997386	28.175928	0.239161	0.290516	3777	31.113840	0.659623	0.998261	30.013969	0.196477	0.312550	-0.650555	-0.051984	-0.593893	-0.066788	True	0.515675	0.182088	0.613020	27.853467	0.999535	7428
7429.png	0.737089	0.524615	0.688194	0.525748	0.995911	0.998929	27.443244	0.996029	28.200697	0.607066	0.572110	0.731244	31.118940	0.590875	2407	4	5	14	13	2.006734	1.250000	297	298	771.945184	5.403555	0.020762	0.000522	-0.150516	-0.000065	-0.000203	0.008855	726.591349	4	5	-1	14	13	2.006734	1.250000	4	0	297	298	270	2.590420	5.403555	771.945184	0.020762	45235	18.793103	27.227254	256x256	65536	sparse	Otsu	297	4	28	2396	31.431455	0.635634	28.375402	0.996232	0.598212	0.705752	6	9	0.000000	38	2398	31.783036	0.681067	0.996174	28.318426	0.630277	0.569492	3885	32.066692	0.698309	0.998013	31.276438	0.514868	0.581252	-0.174705	-0.133642	-0.312516	-0.044759	True	0.782379	0.572110	0.736567	27.593760	0.998995	7429
7430.png	0.705945	0.401160	0.572611	0.401160	1.000000	0.999591	26.877329	0.998094	27.652017	0.374879	0.368716	0.871566	30.561326	0.542545	2147	7	20	50	31	2.092199	2.857143	282	295	574.239546	4.195189	0.039044	0.016179	0.052962	-0.000001	-0.000223	0.009969	614.610910	7	20	-13	50	31	2.092199	2.857143	7	0	282	295	201	1.946575	4.195189	574.239546	0.039044	45681	21.276665	30.524453	256x256	65536	sparse	Meijering	282	7	25	2067	30.878896	0.590635	27.987194	0.998317	0.364911	0.414916	5	1	0.357143	32	2136	31.174700	0.639257	0.998204	27.758002	0.308278	0.357177	4274	31.702580	0.693155	0.999105	31.093424	0.522886	0.360077	-0.335177	-0.046200	-0.317570	-0.048090	True	0.423050	0.368716	0.689765	26.824366	0.999593	7430
7431.png	0.629222	0.449409	0.620127	0.452753	0.983832	0.999311	27.768827	0.997063	28.216405	0.357751	0.218273	0.388852	30.240737	0.534046	2458	8	26	60	32	2.104956	3.250000	343	361	663.514171	3.915617	0.032574	0.010603	-0.378685	-0.000102	-0.000457	0.015861	623.973370	8	26	-18	60	32	2.104956	3.250000	8	1	343	361	251	1.837989	3.915617	663.514171	0.032574	45700	18.592352	26.662327	256x256	65536	sparse	Meijering	343	8	28	2447	30.891168	0.601464	28.927602	0.997520	0.341890	0.227761	13	1	0.687500	31	2318	31.097478	0.641624	0.997317	28.487818	0.186370	0.334324	3798	31.394729	0.669284	0.998201	30.505224	0.170028	0.348794	-0.711196	-0.009488	-0.650431	-0.067418	True	0.561327	0.218273	0.618619	28.147512	0.999413	7431
7432.png	0.624016	0.535093	0.697148	0.541898	0.977072	0.998870	27.823814	0.996219	28.290394	0.503222	0.299782	0.439094	30.188535	0.542184	2607	5	23	54	25	2.105263	4.600000	342	360	745.118245	3.866233	0.038003	-0.002803	-0.621255	-0.000266	-0.000640	0.037294	636.082888	5	23	-18	54	25	2.105263	4.600000	5	3	342	360	263	2.069773	3.866233	745.118245	0.038003	45665	17.516302	25.138473	256x256	65536	sparse	Otsu	342	5	29	2593	30.944483	0.611633	29.117249	0.996859	0.465928	0.430692	12	7	0.000000	32	2372	31.103874	0.648465	0.996010	28.294719	0.241463	0.421753	3671	31.370945	0.665396	0.997521	30.448982	0.192397	0.467940	-0.826855	-0.130910	-0.755948	-0.069449	True	0.682729	0.299782	0.626819	28.445068	0.999136	7432
7433.png	0.709443	0.475925	0.644918	0.476081	0.999312	0.999424	27.375261	0.997223	28.143054	0.442741	0.323558	0.594078	31.085573	0.590409	2423	5	11	28	19	2.040678	2.200000	295	301	628.228166	4.840060	0.033539	-0.014419	0.210115	0.000016	-0.000065	0.000735	699.407339	5	11	-6	28	19	2.040678	2.200000	5	1	295	301	248	2.087137	4.840060	628.228166	0.033539	45421	18.745770	27.047462	256x256	65536	sparse	Otsu	295	5	28	2350	31.410458	0.632698	28.215016	0.997288	0.442005	0.409922	8	1	0.700000	38	2418	31.779518	0.683315	0.997094	28.343768	0.391951	0.417104	3896	32.050633	0.696369	0.998458	31.172265	0.277989	0.427916	-0.071962	-0.086363	-0.324885	-0.042289	True	0.544640	0.323558	0.723862	27.165146	0.999408	7433
7434.png	0.616747	0.475899	0.644893	0.475899	1.000000	0.999453	26.911303	0.997971	27.915967	0.344363	0.334689	0.534168	30.991778	0.572492	2260	4	12	31	18	2.052632	3.000000	304	312	547.799092	4.433439	0.024167	-0.004961	-0.375410	-0.000043	-0.000177	-0.009804	589.581728	4	12	-8	31	18	2.052632	3.000000	4	0	304	312	255	1.755766	4.433439	547.799092	0.024167	45354	20.068142	28.998230	256x256	65536	sparse	Meijering	304	4	27	2213	31.287520	0.615757	28.242887	0.998148	0.354167	0.257834	11	0	0.125000	35	2200	31.600356	0.661950	0.998083	28.044384	0.247986	0.355801	3841	31.890468	0.690514	0.998860	30.627876	0.250488	0.345997	-0.326920	0.076855	-0.295741	-0.043265	True	0.626561	0.334689	0.621708	27.286713	0.999496	7434
7435.png	0.663700	0.420909	0.592450	0.428704	0.958592	0.998891	27.997794	0.996534	28.486101	0.355474	0.291071	0.471670	30.414142	0.549704	3083	14	39	101	56	2.112867	2.785714	443	468	900.588277	3.182245	0.048825	0.008370	-0.790675	-0.000228	-0.000924	0.021523	665.082216	14	39	-25	101	56	2.112867	2.785714	14	2	443	468	286	1.924334	3.182245	900.588277	0.048825	45490	14.755109	21.257217	256x256	65536	sparse	Meijering	443	14	33	3040	31.250022	0.632763	29.488440	0.997458	0.333951	0.460709	8	5	0.035714	40	2868	31.576651	0.681191	0.997329	29.279461	0.346884	0.311132	667	30.582458	0.551383	0.996520	28.152788	0.496749	0.330864	-1.002340	-0.169638	-0.835879	-0.083058	True	0.617107	0.291071	0.655330	28.788469	0.999119	7435
7436.png	0.690175	0.533763	0.696018	0.542197	0.971685	0.998574	28.332400	0.996676	28.647571	0.510899	0.339440	0.518013	30.173993	0.525365	2331	7	20	52	31	2.080495	2.857143	323	336	666.103435	3.987968	0.036489	-0.025982	-0.466727	-0.000186	-0.000341	0.012244	620.062351	7	20	-13	52	31	2.080495	2.857143	7	0	323	336	240	1.982451	3.987968	666.103435	0.036489	45787	19.642643	28.114972	256x256	65536	sparse	Meijering	323	7	27	2331	30.747447	0.590975	29.202419	0.997017	0.498654	0.451188	10	7	0.000000	30	2324	30.961909	0.634471	0.996408	28.560649	0.037977	0.470972	4057	31.358787	0.678762	0.997833	30.466303	0.031237	0.450134	-0.554848	-0.111749	-0.573453	-0.065610	True	0.655272	0.339440	0.716157	28.799127	0.998760	7436
7437.png	0.643780	0.321929	0.487060	0.325674	0.965517	0.999277	27.492990	0.995790	28.412192	0.343317	0.207881	0.376279	30.104086	0.535187	3109	14	35	90	55	2.098824	2.500000	425	446	886.976758	3.654128	0.049250	-0.009505	-0.923627	-0.000214	-0.000804	0.038069	636.408567	14	35	-21	90	55	2.098824	2.500000	14	0	425	446	280	1.988737	3.654128	886.976758	0.049250	45736	14.710839	21.079447	256x256	65536	sparse	Meijering	425	14	32	3013	30.983672	0.621550	29.312030	0.996594	0.305248	0.349491	10	3	0.000000	37	2932	31.329076	0.672852	0.996531	29.080251	0.169215	0.300141	655	30.376873	0.537833	0.995137	27.811181	0.374998	0.335791	-0.899838	-0.141610	-0.879586	-0.086363	True	0.552465	0.207881	0.653285	28.416617	0.999490	7437
7438.png	0.620221	0.560686	0.718512	0.568386	0.976408	0.998363	28.088994	0.995926	28.659876	0.484747	0.322545	0.524850	30.974605	0.585391	2748	6	12	32	24	2.031830	2.000000	377	383	709.923172	4.660000	0.030688	-0.001585	-0.677829	-0.000268	-0.000529	0.000017	640.754461	6	12	-6	32	24	2.031830	2.000000	6	0	377	383	321	1.853585	4.660000	709.923172	0.030688	45245	16.464702	23.848617	256x256	65536	sparse	Otsu	377	6	31	2655	31.500790	0.641868	29.270989	0.996455	0.484730	0.341199	15	5	0.000000	40	2708	31.786092	0.688174	0.996100	28.966087	0.353197	0.476604	3350	31.823418	0.679556	0.997350	30.626874	0.327560	0.472253	-0.611113	-0.018654	-0.526185	-0.056477	True	0.614546	0.322545	0.621806	28.766823	0.998631	7438
7439.png	0.771384	0.383515	0.554407	0.384169	0.995579	0.999532	27.154956	0.997304	28.094746	0.389438	0.433059	0.632256	30.356311	0.542499	2657	6	30	70	32	2.133705	5.000000	359	383	689.470916	3.974783	0.036372	-0.005178	-0.346389	-0.000054	-0.000486	-0.000531	612.519741	6	30	-24	70	32	2.133705	5.000000	6	0	359	383	257	1.800185	3.974783	689.470916	0.036372	45797	17.236357	24.665412	256x256	65536	sparse	Meijering	359	6	29	2589	30.940348	0.611147	28.703152	0.997790	0.389969	0.598280	5	0	0.916667	33	2628	31.181585	0.660901	0.997623	28.299118	0.630646	0.385534	3539	31.308750	0.658093	0.998356	30.151910	0.624689	0.389154	-0.608405	-0.165221	-0.584037	-0.068648	True	0.684942	0.433059	0.776563	27.501345	0.999586	7439
7440.png	0.705128	0.475827	0.644828	0.477193	0.994020	0.999153	27.795315	0.996566	28.478861	0.493312	0.394479	0.612825	31.007310	0.581523	2532	5	17	42	23	2.070381	3.400000	341	353	621.520454	4.273271	0.038784	-0.019971	-0.472147	-0.000125	-0.000440	0.007024	598.039150	5	17	-12	42	23	2.070381	3.400000	5	0	341	353	276	1.760681	4.273271	621.520454	0.038784	45167	17.838468	25.883096	256x256	65536	sparse	Meijering	341	5	30	2497	31.497081	0.635713	28.969212	0.997006	0.486288	0.526451	8	7	0.000000	38	2430	31.731839	0.678222	0.996671	28.595033	0.402228	0.480573	3649	31.947708	0.690226	0.997916	30.703540	0.446176	0.468919	-0.490351	-0.131972	-0.489771	-0.054190	True	0.643706	0.394479	0.725100	28.267462	0.999278	7440
7441.png	0.686830	0.379598	0.550302	0.380522	0.993642	0.999509	27.700346	0.997133	28.429345	0.379466	0.287134	0.505260	30.222095	0.532242	2510	7	20	47	28	2.077381	2.857143	336	349	643.695494	4.045025	0.043226	-0.020039	-0.447176	-0.000066	-0.000479	0.019118	584.693432	7	20	-13	47	28	2.077381	2.857143	7	0	336	349	261	1.844400	4.045025	643.695494	0.043226	45784	18.240637	26.109960	256x256	65536	sparse	Meijering	336	7	27	2387	30.766426	0.596294	29.026954	0.997612	0.360348	0.363080	9	2	0.000000	33	2496	31.076968	0.649716	0.997183	28.355333	0.240175	0.356449	3790	31.283504	0.669072	0.998178	30.254388	0.148389	0.370076	-0.597609	-0.075946	-0.544331	-0.064052	True	0.568289	0.287134	0.706869	28.147521	0.999575	7441
7442.png	0.594164	0.521706	0.685685	0.531299	0.966548	0.998710	27.794673	0.996827	28.097043	0.374179	0.230874	0.376470	30.698030	0.569533	2316	5	31	62	26	2.163009	6.200000	319	345	637.472002	3.928763	0.034336	-0.001318	-0.719539	-0.000259	-0.000709	0.012427	611.066341	5	31	-26	62	26	2.163009	6.200000	5	1	319	345	231	1.847745	3.928763	637.472002	0.034336	45042	19.448187	28.297064	256x256	65536	sparse	Meijering	319	5	29	2310	31.488266	0.624750	29.182670	0.997536	0.361752	0.247696	13	3	0.000000	37	2238	31.739022	0.665304	0.997286	28.959884	0.263727	0.368134	4022	32.095230	0.701610	0.998402	31.408921	0.206910	0.360797	-1.085627	-0.016823	-0.790236	-0.055217	True	0.613259	0.230874	0.595483	28.514212	0.998970	7442
7443.png	0.554038	0.394524	0.565819	0.402795	0.950525	0.999002	28.371093	0.995910	29.084302	0.404437	0.326801	0.530890	31.173484	0.582867	2493	7	20	46	31	2.074074	2.857143	351	364	726.399448	4.306030	0.035969	0.005272	-0.692783	-0.000243	-0.000486	-0.007365	635.867596	7	20	-13	46	31	2.074074	2.857143	7	0	351	364	274	1.995603	4.306030	726.399448	0.035969	44858	17.993582	26.288006	256x256	65536	sparse	Meijering	351	7	30	2414	31.646536	0.635384	29.536796	0.996396	0.411802	0.441220	10	6	0.000000	40	2324	31.971096	0.675129	0.996287	29.453165	0.133246	0.391756	3562	32.096974	0.692583	0.997611	31.205705	0.095366	0.392735	-0.452494	-0.114419	-0.473052	-0.052516	True	0.615572	0.326801	0.548766	29.063876	0.999245	7443
7444.png	0.603439	0.608870	0.756891	0.619224	0.973271	0.998634	27.363358	0.997682	27.817443	0.458824	0.358107	0.589179	30.879043	0.579166	2552	5	15	34	19	2.059701	3.000000	335	345	614.979124	3.890082	0.024880	-0.006795	-0.742283	-0.000349	-0.000410	0.002061	573.417425	5	15	-10	34	19	2.059701	3.000000	5	1	335	345	282	1.782548	3.890082	614.979124	0.024880	45281	17.743339	25.680251	256x256	65536	sparse	Meijering	335	5	30	2532	31.463865	0.635045	28.584206	0.998092	0.456763	0.481855	8	6	0.000000	39	2542	31.748703	0.680283	0.998001	28.451554	0.525605	0.453639	3592	31.861815	0.682912	0.998737	30.679623	0.287339	0.443089	-0.766763	-0.123748	-0.584822	-0.055879	True	0.607807	0.358107	0.610234	28.105642	0.998983	7444
7445.png	0.692434	0.526933	0.690185	0.528608	0.994023	0.999158	27.555853	0.997284	28.091821	0.446701	0.326095	0.545788	30.167105	0.536870	2764	6	35	70	33	2.155080	5.833333	374	403	738.331678	3.854563	0.035419	-0.006959	-0.228280	-0.000081	-0.000378	-0.000392	586.819172	6	35	-29	70	33	2.155080	5.833333	6	1	374	403	271	1.832089	3.854563	738.331678	0.035419	45938	16.620116	23.710564	256x256	65536	sparse	Meijering	374	6	29	2749	30.757401	0.610704	28.555327	0.997663	0.447092	0.389042	11	7	0.000000	33	2594	31.038757	0.656635	0.997398	28.076710	0.446288	0.419949	3192	31.025412	0.638016	0.998209	30.057092	0.306416	0.436369	-0.463506	-0.062947	-0.590296	-0.073833	True	0.597476	0.326095	0.699393	27.784133	0.999239	7445
7446.png	0.668691	0.424298	0.595799	0.424298	1.000000	0.999489	27.547617	0.997362	28.294794	0.468286	0.467408	0.810294	30.985166	0.581419	2242	4	8	20	15	2.027491	2.000000	291	295	516.966771	4.593856	0.022970	-0.011084	-0.110019	-0.000042	-0.000237	0.019909	595.374346	4	8	-4	20	15	2.027491	2.000000	4	0	291	295	256	1.752430	4.593856	516.966771	0.022970	45109	20.119982	29.231044	256x256	65536	sparse	Meijering	291	4	27	2098	31.461714	0.622663	28.624744	0.997599	0.448377	0.397499	9	2	0.000000	37	2216	31.714575	0.669543	0.997380	28.461181	0.556031	0.424663	4078	32.140202	0.705786	0.998619	31.354321	0.456649	0.456831	-0.329949	0.069909	-0.476548	-0.041245	True	0.576838	0.467408	0.679775	27.657636	0.999531	7446
7447.png	0.766912	0.471020	0.640399	0.471567	0.997545	0.999518	27.426900	0.997679	28.126908	0.456303	0.486583	0.750543	30.135745	0.525637	2263	4	22	40	19	2.116883	5.500000	308	326	561.594993	4.331499	0.027191	0.004653	0.342158	0.000032	-0.000073	0.011988	589.467764	4	22	-18	40	19	2.116883	5.500000	4	0	308	326	249	1.722684	4.331499	561.594993	0.027191	46000	20.327000	28.959788	256x256	65536	sparse	Meijering	308	4	24	2075	30.528536	0.577161	28.037807	0.997752	0.444316	0.411395	8	1	0.000000	29	2050	30.768354	0.621619	0.997516	27.657053	0.398001	0.441825	4118	31.247243	0.674322	0.998682	30.476611	0.350082	0.443072	0.089101	0.075188	-0.392791	-0.051524	True	0.648308	0.486583	0.762259	27.084742	0.999486	7447
7448.png	0.736801	0.428050	0.599488	0.429461	0.992379	0.999410	28.187201	0.997432	28.860932	0.382901	0.398837	0.580960	30.926695	0.568354	2667	6	32	75	34	2.134021	5.333333	388	414	747.923840	3.700831	0.039259	0.011527	-0.412182	-0.000076	-0.000389	0.010237	618.493319	6	32	-26	75	34	2.134021	5.333333	6	2	388	414	279	1.806579	3.700831	747.923840	0.039259	45212	16.952381	24.572928	256x256	65536	sparse	Meijering	388	6	31	2625	31.428938	0.630853	29.416478	0.997821	0.372664	0.457425	7	1	0.666667	39	2594	31.776520	0.675548	0.997696	29.173065	0.292285	0.378013	3527	31.850961	0.681585	0.998349	30.860985	0.290125	0.361842	-0.555545	-0.058588	-0.502243	-0.062499	True	0.686514	0.398837	0.725275	28.599384	0.999487	7448
7449.png	0.636182	0.504876	0.670987	0.511398	0.975362	0.999257	27.423075	0.997639	28.045328	0.398414	0.182905	0.263456	29.986848	0.520805	2496	6	23	54	26	2.100890	3.833333	337	354	678.316369	3.844922	0.036242	0.014651	-0.165041	-0.000092	-0.000095	0.013302	593.693972	6	23	-17	54	26	2.100890	3.833333	6	3	337	354	257	1.916148	3.844922	678.316369	0.036242	46071	18.457933	26.256410	256x256	65536	sparse	Meijering	337	6	26	2358	30.511157	0.584806	28.191101	0.997733	0.385112	0.282273	12	2	0.333333	31	2458	30.813023	0.639362	0.997567	27.834869	0.208731	0.368501	3681	31.033366	0.652265	0.998493	29.827462	0.154525	0.389920	-0.145773	-0.099368	-0.524309	-0.064001	True	0.694254	0.182905	0.621530	27.588116	0.999349	7449
7450.png	0.693459	0.408720	0.580272	0.410759	0.988003	0.999388	27.390188	0.997194	28.106157	0.347919	0.245589	0.424199	30.249451	0.535472	2716	11	26	68	42	2.080214	2.363636	374	389	722.947809	3.689488	0.043610	-0.006856	-0.542283	-0.000105	-0.000547	-0.004415	646.547079	11	26	-15	68	42	2.080214	2.363636	11	0	374	389	264	1.858478	3.689488	722.947809	0.043610	45725	16.835420	24.129602	256x256	65536	sparse	Meijering	374	11	29	2554	30.900091	0.605642	28.818813	0.997740	0.352333	0.310033	9	3	0.000000	34	2550	31.168303	0.655723	0.997557	28.499893	0.316139	0.324074	3382	31.225116	0.649136	0.998272	30.287281	0.269879	0.339865	-0.712655	-0.064444	-0.650640	-0.070170	True	0.578948	0.245589	0.700315	27.932471	0.999493	7450
7451.png	0.700835	0.376553	0.547096	0.377274	0.994949	0.999522	26.923512	0.997478	27.931169	0.334503	0.285853	0.491253	29.965237	0.526720	2885	8	27	73	37	2.096939	3.375000	392	411	760.278533	3.707566	0.051417	-0.007150	-0.565107	-0.000069	-0.000515	-0.003193	613.264561	8	27	-19	73	37	2.096939	3.375000	8	1	392	411	282	1.849826	3.707566	760.278533	0.051417	46083	15.973310	22.716118	256x256	65536	sparse	Meijering	392	8	30	2881	30.690847	0.609144	28.667539	0.997993	0.337695	0.433666	7	1	0.937500	32	2590	30.918650	0.650708	0.997758	28.131968	0.438500	0.319081	3213	30.924511	0.631878	0.998387	29.876764	0.377078	0.328334	-0.736369	-0.147813	-0.725610	-0.082424	True	0.581886	0.285853	0.707985	27.488619	0.999591	7451
7452.png	0.609481	0.514744	0.679645	0.517397	0.990136	0.999182	27.599407	0.997130	27.860695	0.384665	0.210506	0.278952	30.282937	0.548786	2670	4	24	58	23	2.112994	6.000000	354	374	707.274224	4.073135	0.040343	0.000232	-0.408304	-0.000143	-0.000493	0.010309	605.667114	4	24	-20	58	23	2.112994	6.000000	4	2	354	374	273	1.891108	4.073135	707.274224	0.040343	45685	17.110487	24.545318	256x256	65536	sparse	Meijering	354	4	28	2584	30.923563	0.612670	28.695862	0.997624	0.374356	0.255468	16	3	0.000000	35	2550	31.238861	0.663899	0.997237	28.187161	0.312398	0.344716	3459	31.320552	0.659524	0.998171	30.049177	0.256563	0.369082	-0.835167	-0.044962	-0.640626	-0.063884	True	0.754633	0.210506	0.609249	28.007712	0.999326	7452
7453.png	0.686854	0.491708	0.659255	0.496650	0.980165	0.999261	27.764902	0.997202	28.784187	0.447324	0.374104	0.634780	31.190908	0.578270	1874	4	16	33	20	2.101266	4.000000	237	249	558.496707	5.265484	0.033510	0.004666	-0.200644	-0.000145	-0.000153	0.000926	659.918547	4	16	-12	33	20	2.101266	4.000000	4	0	237	249	184	2.242959	5.265484	558.496707	0.033510	45048	24.038420	34.971185	256x256	65536	sparse	Otsu	237	4	24	1814	31.434869	0.610286	28.781106	0.997355	0.446399	0.488291	6	7	0.000000	32	1738	31.597620	0.643844	0.997130	28.613142	0.491352	0.434673	4685	32.410799	0.729063	0.998623	31.741816	0.292016	0.446399	0.003081	-0.114187	-0.243961	-0.032016	True	0.589344	0.374104	0.682188	27.965546	0.999406	7453
7455.png	0.675422	0.494571	0.661823	0.499589	0.980097	0.999157	28.005617	0.996304	28.225595	0.463281	0.225381	0.349231	30.104785	0.542119	3081	6	36	87	38	2.144928	6.000000	414	444	849.138565	3.866458	0.044069	-0.011692	-0.433555	-0.000115	-0.000684	0.001364	607.687950	6	36	-30	87	38	2.144928	6.000000	6	0	414	444	289	1.912474	3.866458	849.138565	0.044069	45809	14.868225	21.271016	256x256	65536	sparse	Meijering	414	6	32	3077	30.930941	0.626843	29.005420	0.996988	0.461918	0.374104	14	4	0.000000	36	2962	31.187051	0.678489	0.996535	28.321297	0.252416	0.452257	648	30.202736	0.541745	0.994876	26.779185	0.455289	0.488226	-0.779825	-0.148723	-0.826156	-0.084724	True	0.645365	0.225381	0.687114	28.439172	0.999272	7455
7456.png	0.546919	0.342032	0.509723	0.345447	0.971910	0.999430	28.201242	0.996954	29.106478	0.295291	0.262467	0.516306	31.238828	0.578048	2429	9	22	49	32	2.072829	2.444444	357	370	698.917484	3.776701	0.037441	0.043051	-0.443289	-0.000088	-0.000474	0.029716	617.780447	9	22	-13	49	32	2.072829	2.444444	9	0	357	370	276	1.888966	3.776701	698.917484	0.037441	44847	18.463154	26.980650	256x256	65536	sparse	Meijering	357	9	30	2377	31.683127	0.633481	29.750817	0.997428	0.265575	0.446780	5	2	0.000000	43	2424	32.071323	0.681222	0.997606	29.974936	0.228948	0.279107	3740	32.198427	0.698593	0.998181	31.569102	0.252982	0.264964	-0.644339	-0.184313	-0.444300	-0.055433	True	0.508356	0.262467	0.503868	28.644531	0.999518	7456
7457.png	0.640944	0.502358	0.668759	0.506028	0.985765	0.999066	27.142502	0.996546	28.179535	0.421033	0.322943	0.515422	30.881015	0.567922	2252	4	25	51	23	2.138158	6.250000	304	325	704.377950	4.778736	0.026336	0.007351	-0.791093	-0.000209	-0.000378	0.014018	678.641319	4	25	-21	51	23	2.138158	6.250000	4	1	304	325	230	2.167317	4.778736	704.377950	0.026336	45282	20.107460	29.101243	256x256	65536	sparse	Otsu	304	4	27	2201	31.268099	0.614169	28.729524	0.996924	0.407015	0.451188	6	8	0.000000	36	2196	31.577211	0.658677	0.996805	28.503390	0.381217	0.401388	4257	32.041105	0.706451	0.998193	31.217814	0.322422	0.413075	-0.549989	-0.128245	-0.387084	-0.046247	True	0.626561	0.322943	0.633593	27.933596	0.999275	7457
7458.png	0.633697	0.487869	0.655795	0.491908	0.983446	0.999274	28.036213	0.997323	28.619967	0.393338	0.371236	0.495196	30.965705	0.574662	2241	4	20	49	22	2.103226	5.000000	310	326	623.912895	4.314678	0.031862	-0.031592	-0.221923	-0.000083	-0.000260	-0.014932	606.983662	4	20	-16	49	22	2.103226	5.000000	4	1	310	326	239	1.913843	4.314678	623.912895	0.031862	45093	20.121821	29.244087	256x256	65536	sparse	Meijering	310	4	28	2238	31.458434	0.623586	28.949920	0.997583	0.408271	0.503415	7	3	0.000000	36	2050	31.679078	0.657616	0.997475	28.685048	0.387930	0.408117	4135	32.114032	0.704975	0.998532	31.374151	0.278959	0.396021	-0.329953	-0.132178	-0.492729	-0.048925	True	0.749676	0.371236	0.665289	28.258137	0.999357	7458
7459.png	0.619573	0.398122	0.569510	0.400630	0.984523	0.999422	27.957009	0.997376	28.710675	0.359386	0.299994	0.448563	30.819836	0.564404	2473	5	25	50	23	2.114286	5.000000	350	370	697.245602	4.157317	0.035686	-0.007494	-0.235321	-0.000058	-0.000363	0.009141	598.716259	5	25	-20	50	23	2.114286	5.000000	5	2	350	370	277	1.884448	4.157317	697.245602	0.035686	45336	18.332390	26.500607	256x256	65536	sparse	Meijering	350	5	29	2459	31.262585	0.618922	29.161790	0.997740	0.350245	0.433666	7	0	0.300000	36	2250	31.540097	0.660163	0.997415	28.661508	0.388903	0.314556	3729	31.768437	0.682961	0.998442	30.983618	0.260169	0.339748	-0.451115	-0.133672	-0.442749	-0.054518	True	0.668789	0.299994	0.627068	28.192330	0.999480	7459
7460.png	0.697881	0.577957	0.732538	0.580493	0.992499	0.998816	28.030198	0.996513	28.708214	0.575666	0.607134	0.969572	31.376971	0.599183	2409	4	22	46	22	2.108434	5.500000	332	350	696.295331	4.370219	0.032171	0.002119	-0.514931	-0.000123	-0.000356	0.026223	643.353701	4	22	-18	46	22	2.108434	5.500000	4	0	332	350	264	1.989415	4.370219	696.295331	0.032171	44854	18.619344	27.204649	256x256	65536	sparse	Otsu	332	4	30	2393	31.755328	0.644158	29.203886	0.996869	0.549443	0.454174	11	8	0.000000	40	2402	32.064306	0.688099	0.996469	28.848633	0.467408	0.541315	3860	32.294293	0.707712	0.998162	31.358240	0.395606	0.535245	-0.495672	0.152960	-0.378357	-0.044974	True	0.626187	0.607134	0.695762	28.545129	0.998939	7460
7461.png	0.695042	0.587890	0.740467	0.594688	0.980928	0.998462	27.981811	0.996418	28.664375	0.588035	0.658702	0.870063	31.049879	0.583164	2556	4	19	37	15	2.088496	4.750000	339	354	703.776987	4.460496	0.033652	0.001981	-0.756580	-0.000278	-0.000287	0.009350	598.207951	4	19	-15	37	15	2.088496	4.750000	4	2	339	354	287	1.988071	4.460496	703.776987	0.033652	45107	17.647496	25.640063	256x256	65536	sparse	Meijering	339	4	31	2547	31.546804	0.637895	29.165696	0.996705	0.578685	0.683363	8	19	0.000000	38	2350	31.759222	0.674710	0.996085	28.505527	0.244216	0.582247	3420	31.929969	0.684467	0.997868	30.971240	0.225084	0.580944	-0.501322	-0.024661	-0.496925	-0.054731	True	0.757074	0.658702	0.693060	28.738391	0.998740	7461
7462.png	0.687148	0.509226	0.674818	0.512736	0.986736	0.999127	27.380775	0.997315	28.130764	0.460346	0.419578	0.603562	30.747389	0.573656	2603	4	12	27	16	2.046377	3.000000	345	353	601.426370	4.502301	0.023105	0.017893	-0.371767	-0.000123	-0.000135	0.014404	567.110062	4	12	-8	27	16	2.046377	3.000000	4	0	345	353	302	1.703757	4.502301	601.426370	0.023105	45453	17.461775	25.177103	256x256	65536	sparse	Meijering	345	4	28	2551	31.163575	0.626690	28.336572	0.997450	0.445942	0.352735	12	1	0.000000	37	2582	31.546288	0.678209	0.997234	28.039548	0.381217	0.436434	3380	31.601024	0.668381	0.998314	30.417037	0.411930	0.453892	-0.205808	0.066843	-0.416186	-0.053034	True	0.695170	0.419578	0.669255	27.752542	0.999250	7462
7463.png	0.573163	0.411953	0.583522	0.414336	0.986228	0.999091	27.882388	0.996012	28.136784	0.314585	0.219072	0.321326	30.040327	0.528130	3070	11	38	78	41	2.122727	3.454545	440	467	867.579613	3.416178	0.040142	-0.004663	-0.834852	-0.000222	-0.000997	0.021111	643.418312	11	38	-27	78	41	2.122727	3.454545	11	3	440	467	321	1.857772	3.416178	867.579613	0.040142	45761	14.905863	21.347231	256x256	65536	sparse	Meijering	440	11	33	3057	30.996498	0.620853	29.286340	0.997008	0.293475	0.268994	15	4	0.651515	38	3032	31.305613	0.676253	0.996828	29.252519	0.130172	0.279821	3091	31.091280	0.632695	0.997276	30.055088	0.143359	0.307054	-1.149557	-0.049921	-0.956171	-0.092723	True	0.681776	0.219072	0.577825	28.717241	0.999313	7463
7464.png	0.729872	0.442403	0.613425	0.443370	0.995098	0.999351	27.494760	0.996616	28.336790	0.476799	0.485726	0.741650	30.596275	0.558053	2604	5	16	35	24	2.059946	3.200000	367	378	661.755720	4.676361	0.026530	0.003451	-0.477481	-0.000060	-0.000430	0.006522	667.217255	5	16	-11	35	24	2.059946	3.200000	5	0	367	378	308	1.750677	4.676361	661.755720	0.026530	45564	17.497696	25.167435	256x256	65536	sparse	Meijering	367	5	29	2527	31.142997	0.620015	28.866255	0.997046	0.470277	0.614546	6	7	0.000000	34	2354	31.322994	0.658387	0.996543	28.153942	0.541594	0.457205	3683	31.580948	0.676442	0.998079	30.581027	0.291966	0.463975	-0.529465	-0.128819	-0.546721	-0.061963	True	0.654927	0.485726	0.726421	27.972242	0.999411	7464
7465.png	0.539788	0.434591	0.605874	0.452743	0.915533	0.999007	27.966956	0.996174	28.821824	0.326025	0.259182	0.390461	31.424770	0.594576	2413	7	27	56	27	2.113960	3.857143	351	371	658.585103	4.276640	0.033389	0.002414	-0.808897	-0.000276	-0.000731	0.012397	609.849453	7	27	-20	56	27	2.113960	3.857143	7	1	351	371	268	1.775162	4.276640	658.585103	0.033389	44692	18.521343	27.159552	256x256	65536	sparse	Meijering	351	7	30	2362	31.842984	0.644164	29.562243	0.996905	0.313628	0.257327	8	1	0.928571	43	2246	32.234272	0.681770	0.997015	29.861483	0.329680	0.344876	3943	32.470372	0.713401	0.997806	31.570382	0.309893	0.324841	-0.740418	0.001854	-0.418213	-0.049588	True	0.663784	0.259182	0.537374	28.775854	0.999283	7465
7466.png	0.696815	0.704293	0.826493	0.713938	0.981179	0.997444	28.234479	0.995639	28.586711	0.570696	0.411741	0.524816	30.851566	0.571649	2680	5	17	41	24	2.068966	3.400000	348	360	707.015158	4.631315	0.034656	-0.013909	-0.528568	-0.000301	-0.000470	-0.010037	665.771008	5	17	-12	41	24	2.068966	3.400000	5	0	348	360	283	1.963931	4.631315	707.015158	0.034656	45305	16.904851	24.453731	256x256	65536	sparse	Meijering	348	5	30	2579	31.345169	0.631095	29.120836	0.996109	0.580733	0.503415	12	15	0.000000	41	2662	31.708877	0.681145	0.995773	28.772761	0.379840	0.510284	3495	31.722361	0.678201	0.997049	30.432892	0.178927	0.557456	-0.534125	-0.091674	-0.493603	-0.059446	True	0.784544	0.411741	0.710724	28.763048	0.997745	7466
7467.png	0.589862	0.518555	0.682958	0.525396	0.975505	0.998852	27.656565	0.996920	28.273034	0.477690	0.272996	0.419503	30.410934	0.549278	2418	5	15	36	21	2.062500	3.000000	320	330	604.742092	4.410491	0.031249	0.003085	-0.430077	-0.000243	-0.000329	0.004544	583.647013	5	15	-10	36	21	2.062500	3.000000	5	0	320	330	263	1.832552	4.410491	604.742092	0.031249	45668	18.886683	27.103391	256x256	65536	sparse	Meijering	320	5	27	2351	30.949918	0.606710	28.558655	0.997249	0.473147	0.297657	15	4	0.000000	33	2400	31.196903	0.656198	0.997103	28.244020	0.308278	0.444554	3851	31.497972	0.681356	0.998232	30.546049	0.307729	0.451496	-0.285622	-0.024661	-0.538984	-0.057432	True	0.650761	0.272996	0.586777	28.086642	0.999095	7467
7468.png	0.633235	0.508047	0.673782	0.513190	0.980657	0.999023	27.527444	0.995999	28.256660	0.492044	0.274705	0.463971	30.254596	0.542900	2503	4	13	33	21	2.055556	3.250000	324	333	651.631623	4.760292	0.026605	0.004089	-0.222327	-0.000078	0.000008	0.020878	655.889511	4	13	-9	33	21	2.055556	3.250000	4	0	324	333	270	1.956852	4.760292	651.631623	0.026605	45873	18.327207	26.182980	256x256	65536	sparse	Otsu	324	4	26	2333	30.724764	0.599332	28.439976	0.995991	0.471166	0.388394	12	3	0.000000	31	2286	30.935251	0.642833	0.995385	27.842871	0.452407	0.447546	3762	31.262306	0.668247	0.997055	29.933548	0.253096	0.470732	-0.183316	-0.113689	-0.470169	-0.056432	True	0.592073	0.274705	0.629146	27.749771	0.999100	7468
7469.png	0.610224	0.579011	0.733385	0.583742	0.986197	0.998527	28.152649	0.996868	28.645870	0.437500	0.337087	0.546237	31.396935	0.591101	2096	5	9	21	17	2.027397	1.800000	292	296	533.966650	4.450985	0.021473	-0.015261	-0.216089	-0.000158	-0.000338	0.002859	566.509008	5	9	-4	21	17	2.027397	1.800000	5	0	292	296	254	1.803941	4.450985	533.966650	0.021473	44873	21.408874	31.267176	256x256	65536	sparse	Meijering	292	5	26	2009	31.608252	0.624208	28.966114	0.997205	0.434641	0.417252	7	2	0.000000	37	2064	31.933337	0.669911	0.996989	28.693725	0.405479	0.403022	4502	32.524969	0.727485	0.998487	31.706166	0.297322	0.418130	-0.320243	-0.080165	-0.211317	-0.033107	True	0.617107	0.337087	0.625485	28.368738	0.998684	7469
7470.png	0.780287	0.521340	0.685370	0.521340	1.000000	0.999493	27.364661	0.997692	27.978785	0.515550	0.618636	1.038924	30.372958	0.540265	2186	4	16	38	22	2.085714	4.000000	280	292	538.031263	4.459937	0.021061	-0.005820	0.223061	0.000015	0.000058	0.000991	597.943783	4	16	-12	38	22	2.085714	4.000000	4	0	280	292	220	1.842573	4.459937	538.031263	0.021061	45942	21.016468	29.979872	256x256	65536	sparse	Otsu	280	4	24	2148	30.642442	0.588047	27.903512	0.997634	0.514559	0.609372	5	5	0.000000	30	2050	30.910206	0.629437	0.997379	27.337562	0.379668	0.497008	4191	31.448146	0.683245	0.998729	30.572754	0.466075	0.499801	0.075273	0.009263	-0.269484	-0.047782	True	0.595458	0.618636	0.786107	27.141600	0.999479	7470
7471.png	0.670564	0.457028	0.627343	0.464234	0.967153	0.998609	28.246257	0.995537	28.591046	0.466570	0.298326	0.444533	30.156250	0.537618	2998	8	28	67	37	2.094340	3.500000	424	444	825.062106	3.773242	0.032478	-0.010187	-0.610700	-0.000216	-0.000744	0.012210	613.055468	8	28	-20	67	37	2.094340	3.500000	8	0	424	444	320	1.858248	3.773242	825.062106	0.032478	45676	15.235490	21.859907	256x256	65536	sparse	Meijering	424	8	32	2985	30.997656	0.622157	29.382491	0.996281	0.454360	0.322943	20	11	0.000000	38	2948	31.353485	0.673629	0.996030	29.038993	0.068245	0.440938	3079	31.131685	0.641325	0.996656	29.829049	0.077310	0.444257	-0.791445	-0.024618	-0.841407	-0.084539	True	0.671099	0.298326	0.680751	28.856956	0.998824	7471
7472.png	0.711636	0.497516	0.664455	0.499335	0.992730	0.999244	27.259974	0.997316	28.123933	0.509309	0.466075	0.651922	30.548675	0.556396	2491	4	17	39	21	2.079511	4.250000	327	340	657.970708	4.816874	0.031206	-0.008273	-0.247110	-0.000133	-0.000118	0.009973	642.908573	4	17	-13	39	21	2.079511	4.250000	4	0	327	340	267	1.935208	4.816874	657.970708	0.031206	45705	18.348053	26.309113	256x256	65536	sparse	Otsu	327	4	27	2406	30.943931	0.612251	28.291339	0.997434	0.499335	0.483149	7	2	0.000000	33	2376	31.199291	0.657528	0.997248	27.841921	0.477954	0.501662	3712	31.449954	0.671641	0.998375	30.228457	0.444563	0.494348	-0.167407	-0.017074	-0.395256	-0.055855	True	0.714924	0.466075	0.719909	27.507084	0.999378	7472
7473.png	0.530753	0.543471	0.704220	0.551375	0.974302	0.998122	28.343931	0.995622	28.724194	0.343001	0.186031	0.310943	30.937301	0.573540	3004	9	45	94	44	2.164384	5.000000	438	474	971.808101	3.654811	0.041961	-0.004330	-0.682924	-0.000346	-0.000919	0.002818	697.641373	9	45	-36	94	44	2.164384	5.000000	9	1	438	474	300	2.050228	3.654811	971.808101	0.041961	45081	15.006991	21.816245	256x256	65536	sparse	Meijering	438	9	34	2828	31.624334	0.642301	29.592883	0.996541	0.340183	0.223566	23	6	0.000000	42	2744	31.885529	0.687657	0.996195	29.312670	0.184674	0.308299	3049	31.718072	0.662565	0.996937	30.269522	0.188017	0.344686	-0.868689	-0.037535	-0.687033	-0.068761	True	0.598280	0.186031	0.535083	29.026855	0.998468	7473
7474.png	0.651163	0.400230	0.571663	0.400230	1.000000	0.999544	27.384912	0.997670	28.263337	0.362625	0.386498	0.638368	30.883038	0.567026	2283	5	17	47	27	2.077419	3.400000	310	322	595.368505	4.124253	0.032864	0.011859	0.247988	0.000029	-0.000073	0.004221	579.847813	5	17	-12	47	27	2.077419	3.400000	5	0	310	322	236	1.848971	4.124253	595.368505	0.032864	45362	19.869470	28.706088	256x256	65536	sparse	Meijering	310	5	27	2170	31.259066	0.613276	28.304760	0.997743	0.358404	0.333499	7	1	0.300000	34	2118	31.523526	0.654243	0.997676	28.210235	0.359633	0.331543	3976	31.881588	0.692290	0.998733	31.139437	0.240970	0.350978	-0.041422	0.052998	-0.376028	-0.046250	True	0.605446	0.386498	0.639303	27.136924	0.999515	7474
7475.png	0.778659	0.520231	0.684411	0.520446	0.999207	0.999286	27.965797	0.997888	28.740188	0.498141	0.547062	0.906529	31.374815	0.589696	2162	4	6	14	12	2.012987	1.500000	308	310	537.525639	4.580063	0.019238	-0.005440	-0.027782	-0.000011	-0.000048	0.008674	599.799871	4	6	-2	14	12	2.012987	1.500000	4	0	308	310	282	1.733954	4.580063	537.525639	0.019238	45003	20.815449	30.312673	256x256	65536	sparse	Meijering	308	4	27	2138	31.527100	0.627067	28.729574	0.997936	0.489467	0.552465	5	3	0.000000	36	2146	31.875146	0.672805	0.997714	28.259223	0.543424	0.487614	4302	32.377751	0.718705	0.998924	31.685283	0.557803	0.491532	0.010615	-0.005403	-0.152284	-0.037370	True	0.603469	0.547062	0.784099	27.993579	0.999297	7475
7476.png	0.625751	0.451481	0.622097	0.461217	0.955331	0.998685	28.339465	0.996200	29.116661	0.359196	0.318240	0.522242	31.391779	0.591925	2690	14	35	76	45	2.105793	2.500000	397	418	805.409694	3.601403	0.047433	0.031852	-0.727864	-0.000350	-0.000962	0.024240	651.267052	14	35	-21	76	45	2.105793	2.500000	14	2	397	418	276	1.926817	3.601403	805.409694	0.047433	44713	16.621933	24.362825	256x256	65536	sparse	Meijering	397	14	34	2651	31.956149	0.649652	30.007996	0.997161	0.334957	0.472708	6	9	0.000000	43	2468	32.290363	0.692436	0.997109	29.983396	0.202534	0.311219	3236	32.221419	0.686910	0.997789	31.256057	0.245223	0.318750	-0.891335	-0.154468	-0.564370	-0.057727	True	0.609372	0.318240	0.593898	29.067329	0.999035	7476
7477.png	0.712222	0.545255	0.705715	0.546858	0.994652	0.999206	26.795852	0.997040	27.571085	0.494308	0.430217	0.632504	30.752093	0.566366	2297	4	10	28	18	2.040000	2.500000	300	306	576.663949	5.001485	0.029947	-0.006248	-0.179670	-0.000058	-0.000182	-0.012491	688.947201	4	10	-6	28	18	2.040000	2.500000	4	0	300	306	254	1.884523	5.001485	576.663949	0.029947	45628	19.864171	28.531128	256x256	65536	sparse	Otsu	300	4	27	2197	31.124293	0.611321	27.835653	0.997222	0.506799	0.540063	6	3	0.000000	34	2196	31.365143	0.655847	0.997145	27.787103	0.626187	0.486218	4114	31.796316	0.690105	0.998620	31.096800	0.421895	0.479427	-0.264568	-0.109846	-0.372201	-0.044955	True	0.680181	0.430217	0.718470	26.975522	0.999264	7477
7478.png	0.703919	0.457822	0.628090	0.458349	0.997494	0.999238	27.834033	0.996889	28.713918	0.440736	0.396494	0.576235	31.525888	0.598754	2127	4	15	35	18	2.076655	3.750000	287	298	529.363091	4.773061	0.026139	0.011067	-0.318740	-0.000093	-0.000339	-0.017997	609.578371	4	15	-11	35	18	2.076655	3.750000	4	0	287	298	234	1.776386	4.773061	529.363091	0.026139	44725	21.027268	30.811472	256x256	65536	sparse	Meijering	287	4	27	1981	31.835382	0.633620	29.087169	0.997228	0.458733	0.604656	5	4	0.000000	39	2052	32.094895	0.674672	0.996981	28.949534	0.294136	0.454755	4350	32.612489	0.728729	0.998421	31.662459	0.374517	0.439249	-0.373250	-0.208162	-0.309494	-0.034866	True	0.688077	0.396494	0.692852	28.152773	0.999331	7478
7479.png	0.747212	0.345063	0.513081	0.345187	0.998960	0.999564	28.018889	0.997191	28.747420	0.326882	0.346230	0.665195	30.802631	0.562412	2771	11	38	83	43	2.137405	3.454545	393	420	740.792497	3.550379	0.038379	-0.016321	-0.470554	-0.000039	-0.000644	0.005402	614.439249	11	38	-27	83	43	2.137405	3.454545	11	3	393	420	267	1.763792	3.550379	740.792497	0.038379	45248	16.329123	23.650668	256x256	65536	sparse	Meijering	393	11	32	2716	31.431885	0.629859	29.621561	0.997836	0.321480	0.434475	6	3	0.772727	41	2590	31.779900	0.675537	0.997747	29.383354	0.617107	0.309267	3259	31.685092	0.665121	0.998135	30.429455	0.418914	0.326750	-0.874141	-0.088244	-0.629254	-0.067446	True	0.520495	0.346230	0.763533	28.489443	0.999602	7479
7480.png	0.612376	0.518170	0.682624	0.529574	0.960100	0.998926	27.868547	0.996909	28.426736	0.394854	0.191035	0.362061	30.156379	0.530989	2637	6	29	61	34	2.117949	4.833333	390	413	778.296191	4.011930	0.036657	0.026189	-0.443523	-0.000184	-0.000440	0.023377	648.401499	6	29	-23	61	34	2.117949	4.833333	6	0	390	413	295	1.884494	4.011930	778.296191	0.036657	45767	17.355707	24.852484	256x256	65536	sparse	Meijering	390	6	28	2563	30.789879	0.602201	28.875246	0.997349	0.371478	0.188605	20	3	0.000000	31	2364	31.048099	0.640447	0.997064	28.501163	0.118133	0.354409	3550	31.230193	0.654584	0.997986	30.235137	0.099871	0.374872	-0.448510	0.002431	-0.633500	-0.071212	True	0.527633	0.191035	0.586187	28.312070	0.999111	7480
7481.png	0.595052	0.510818	0.676214	0.514212	0.987243	0.998883	27.922932	0.996997	28.520010	0.383536	0.366186	0.547536	30.996072	0.574102	2416	5	26	60	24	2.125000	5.200000	336	357	675.906244	3.843651	0.043047	-0.009691	-0.581115	-0.000128	-0.000437	0.005677	594.003439	5	26	-21	60	24	2.125000	5.200000	5	1	336	357	252	1.893295	3.843651	675.906244	0.043047	45169	18.695778	27.125828	256x256	65536	sparse	Meijering	336	5	30	2410	31.508797	0.629438	29.139906	0.997434	0.377860	0.345576	10	3	0.000000	38	2372	31.751550	0.668756	0.997300	28.827100	0.384583	0.369742	3795	31.985496	0.692897	0.998251	31.152855	0.258310	0.367490	-0.619895	0.020610	-0.512725	-0.055336	True	0.668789	0.366186	0.604743	28.504047	0.999011	7481
7482.png	0.648592	0.450719	0.621373	0.451035	0.998446	0.999282	27.443328	0.996978	28.685529	0.369954	0.291071	0.513752	31.741117	0.615222	2166	4	15	31	18	2.077739	3.750000	283	294	548.892601	4.864474	0.035793	0.003317	-0.313087	-0.000086	-0.000216	0.002808	603.316545	4	15	-11	31	18	2.077739	3.750000	4	0	283	294	234	1.866982	4.864474	548.892601	0.035793	44612	20.596491	30.256694	256x256	65536	sparse	Otsu	283	4	29	2134	32.012019	0.649944	28.891624	0.997194	0.367146	0.292488	10	1	0.000000	43	2082	32.341706	0.686489	0.997565	29.380354	0.360243	0.350298	4153	32.746727	0.728076	0.998486	31.842272	0.310416	0.352755	-0.206094	-0.001416	-0.270902	-0.034722	True	0.566559	0.291071	0.645275	27.756415	0.999368	7482
7483.png	0.579016	0.534269	0.696447	0.555185	0.934128	0.998758	27.038578	0.997729	27.772291	0.419301	0.212060	0.416344	30.292951	0.533657	2224	4	11	27	16	2.045016	2.750000	311	318	586.096888	4.529212	0.016852	0.005097	-0.520082	-0.000221	-0.000120	-0.001182	628.376484	4	11	-7	27	16	2.045016	2.750000	4	0	311	318	268	1.843072	4.529212	586.096888	0.016852	45843	20.612860	29.467626	256x256	65536	sparse	Meijering	311	4	25	2165	30.680713	0.586649	27.863758	0.997849	0.420483	0.224308	10	0	0.250000	30	2192	30.933873	0.634310	0.997564	27.461672	0.300577	0.393586	4091	31.376922	0.678398	0.998780	30.464984	0.214420	0.421908	-0.091467	-0.012248	-0.387762	-0.052992	True	0.509338	0.212060	0.573919	27.558659	0.998979	7483
7484.png	0.626805	0.641162	0.781351	0.649938	0.979375	0.998599	28.325818	0.997170	28.817009	0.504355	0.371236	0.585588	31.820267	0.613395	2140	4	3	9	11	1.993289	0.750000	298	297	587.092741	4.544823	0.016643	0.020745	-0.088720	-0.000161	-0.000115	0.026112	627.667904	4	3	1	9	11	1.993289	0.750000	4	0	298	297	278	1.976743	4.544823	587.092741	0.016643	44506	20.797196	30.624299	256x256	65536	sparse	Meijering	298	4	29	2118	32.053451	0.648704	28.869309	0.997285	0.478243	0.276956	14	7	0.000000	41	1956	32.309506	0.678793	0.997258	28.893719	0.289415	0.445873	4256	32.804866	0.730962	0.998566	31.772015	0.370656	0.481773	-0.052300	0.094280	-0.233185	-0.035309	True	0.633955	0.371236	0.606061	28.414538	0.998760	7484
7485.png	0.587446	0.492135	0.659639	0.500428	0.967421	0.998501	27.904611	0.995936	28.546938	0.424544	0.222311	0.360247	29.809265	0.521243	2937	8	28	53	27	2.095694	3.500000	418	438	784.222054	3.788956	0.032165	0.032986	-0.700426	-0.000297	-0.000632	0.044094	614.441395	8	28	-20	53	27	2.095694	3.500000	8	2	418	438	338	1.790461	3.788956	784.222054	0.032165	46012	15.666326	22.313926	256x256	65536	sparse	Meijering	418	8	30	2909	30.644242	0.606615	29.147378	0.996568	0.380450	0.234268	26	6	0.000000	32	2832	30.904395	0.656732	0.996070	28.607510	0.036677	0.407796	2953	30.807343	0.623453	0.996912	29.831476	0.073667	0.389444	-0.600441	-0.011957	-0.834977	-0.085372	True	0.617107	0.222311	0.554460	28.605037	0.998798	7485
7486.png	0.434415	0.412528	0.584099	0.423194	0.942422	0.999137	27.604843	0.996981	28.189794	0.320819	0.220225	0.366138	30.033126	0.521224	2415	10	15	41	32	2.030769	1.500000	325	330	644.591288	3.899823	0.040340	0.027229	-0.299244	-0.000158	-0.000327	0.055040	612.887144	10	15	-5	41	32	2.030769	1.500000	10	0	325	330	252	1.953307	3.899823	644.591288	0.040340	45932	19.019462	27.137060	256x256	65536	sparse	Meijering	325	10	26	2279	30.619882	0.584353	28.596183	0.997308	0.265779	0.203193	14	3	0.000000	30	2220	30.849904	0.626903	0.996961	28.227635	0.191623	0.242873	3818	31.188696	0.665364	0.998113	30.290193	0.191879	0.304100	-0.406389	0.017032	-0.586756	-0.063128	True	0.601481	0.220225	0.407186	27.904086	0.999295	7486
7487.png	0.659779	0.549825	0.709532	0.555305	0.982366	0.998989	28.018642	0.996219	28.368253	0.544344	0.386498	0.519948	29.987403	0.523912	2600	5	14	33	22	2.047872	2.800000	376	385	751.707325	4.440841	0.020850	-0.000662	-0.165053	-0.000057	-0.000188	-0.004675	691.438675	5	14	-9	33	22	2.047872	2.800000	5	0	376	385	321	1.952487	4.440841	751.707325	0.020850	46018	17.699231	25.206154	256x256	65536	sparse	Meijering	376	5	27	2541	30.511063	0.593197	28.656277	0.996407	0.549020	0.453926	12	13	0.000000	29	2498	30.766519	0.639619	0.995287	27.738869	0.110016	0.515803	3687	31.034023	0.654582	0.997254	29.844619	0.122032	0.530303	-0.288024	-0.067428	-0.523660	-0.069285	True	0.743339	0.386498	0.660441	28.183694	0.999045	7487
7488.png	0.573734	0.499349	0.666088	0.507270	0.969678	0.999082	27.770744	0.996946	28.178335	0.406785	0.365264	0.481696	30.412271	0.547945	2728	6	26	65	29	2.106667	4.333333	375	395	708.448475	3.925024	0.040822	0.005096	-0.523794	-0.000157	-0.000548	0.002361	611.515522	6	26	-20	65	29	2.106667	4.333333	6	1	375	395	281	1.793540	3.925024	708.448475	0.040822	45655	16.735704	24.023460	256x256	65536	sparse	Meijering	375	6	30	2721	31.031943	0.619333	28.830641	0.997494	0.404424	0.337879	13	3	0.000000	35	2522	31.243372	0.660593	0.997140	28.274895	0.424970	0.385073	3414	31.324289	0.656878	0.998047	30.074075	0.265258	0.393258	-0.652306	0.027384	-0.619671	-0.071388	True	0.758286	0.365264	0.568638	28.294538	0.999239	7488
7489.png	0.591667	0.591962	0.743689	0.604660	0.965741	0.998733	27.692301	0.996803	28.308505	0.433432	0.334134	0.569346	31.569870	0.607943	2324	4	14	33	18	2.061538	3.500000	325	335	615.525843	4.526657	0.025343	-0.008222	-0.761735	-0.000258	-0.000463	-0.006657	593.591928	4	14	-10	33	18	2.061538	3.500000	4	0	325	335	274	1.837391	4.526657	615.525843	0.025343	44729	19.246558	28.199656	256x256	65536	sparse	Meijering	325	4	30	2313	31.921181	0.649390	28.925148	0.997266	0.440089	0.378115	8	2	0.000000	40	2100	32.197154	0.682056	0.997007	28.778486	0.435282	0.417530	3955	32.522907	0.715168	0.998329	31.542719	0.313647	0.432692	-0.616643	-0.043981	-0.351312	-0.041447	True	0.586873	0.334134	0.599889	28.454036	0.998991	7489
7490.png	0.538806	0.499355	0.666093	0.504998	0.978114	0.999128	27.709537	0.997710	28.305476	0.377440	0.235926	0.418345	31.556993	0.599242	1929	4	4	16	16	2.000000	1.000000	251	251	452.161874	4.930677	0.029398	0.008594	-0.101575	-0.000055	-0.000209	0.013251	572.653055	4	4	0	16	16	2.000000	1.000000	4	0	251	251	219	1.801442	4.930677	452.161874	0.029398	44730	23.188180	33.974080	256x256	65536	sparse	Meijering	251	4	26	1887	31.760246	0.629404	28.416928	0.997919	0.364189	0.230232	12	1	0.000000	35	1776	32.011663	0.661809	0.997663	28.209058	0.221907	0.339418	4855	32.781202	0.742412	0.998986	31.999652	0.182131	0.363320	-0.111452	0.005694	-0.203252	-0.030162	True	0.563951	0.235926	0.530211	27.811112	0.999183	7490
7491.png	0.668738	0.511246	0.676588	0.512724	0.994391	0.999139	27.216187	0.996522	27.644060	0.486191	0.285059	0.430759	29.961269	0.535940	2925	6	21	51	32	2.079365	3.500000	378	393	739.674798	4.146464	0.039256	-0.003321	-0.433760	-0.000103	-0.000586	0.015399	597.908974	6	21	-15	51	32	2.079365	3.500000	6	0	378	393	295	1.882124	4.146464	739.674798	0.039256	46031	15.737094	22.405470	256x256	65536	sparse	Meijering	378	6	30	2870	30.722790	0.615477	28.376618	0.997107	0.470792	0.316139	15	9	0.000000	32	2710	30.906335	0.660163	0.996524	27.511295	0.457735	0.465896	3163	30.925331	0.635241	0.997706	29.519929	0.307729	0.473410	-0.732558	-0.031079	-0.761521	-0.079537	True	0.661760	0.285059	0.672059	27.649947	0.999242	7491
7492.png	0.679885	0.482107	0.650570	0.484053	0.991729	0.999434	27.562611	0.997562	28.279755	0.452564	0.409430	0.727128	30.112571	0.523500	2139	4	14	35	19	2.072464	3.500000	276	286	553.634385	4.723875	0.033204	-0.010297	0.249942	0.000039	0.000046	0.002422	635.854721	4	14	-10	35	19	2.072464	3.500000	4	0	276	286	222	1.935785	4.723875	553.634385	0.033204	46049	21.528284	30.638616	256x256	65536	sparse	Otsu	276	4	23	2031	30.401380	0.571775	28.179768	0.997516	0.450141	0.372493	10	3	0.000000	29	2118	30.694269	0.620958	0.997152	27.680371	0.536987	0.431570	4222	31.212827	0.674476	0.998620	30.858308	0.315283	0.444489	0.099987	0.036937	-0.288809	-0.048275	True	0.563078	0.409430	0.690182	27.312669	0.999395	7492
7493.png	0.639234	0.296416	0.457285	0.296799	0.995662	0.999556	28.508968	0.996189	28.922100	0.254117	0.196334	0.362511	30.651272	0.554629	2802	15	31	76	51	2.080402	2.066667	398	414	836.467146	3.468679	0.048865	0.023625	-0.307081	-0.000042	-0.000884	0.016807	650.504351	15	31	-16	76	51	2.080402	2.066667	15	1	398	414	271	2.020452	3.468679	836.467146	0.048865	45271	16.156674	23.389008	256x256	65536	sparse	Meijering	398	15	32	2672	31.401870	0.627264	29.840627	0.997072	0.237310	0.415306	6	2	0.200000	40	2584	31.722083	0.671868	0.996979	29.806107	0.201249	0.247582	3296	31.634846	0.663649	0.997497	30.632781	0.144752	0.242102	-0.918527	-0.218972	-0.750598	-0.072635	True	0.541594	0.196334	0.615610	28.816048	0.999599	7493
7494.png	0.704048	0.382180	0.553010	0.384255	0.986067	0.999100	27.521869	0.995626	28.176126	0.374324	0.239885	0.386813	29.734327	0.525320	3805	19	51	120	71	2.116788	2.684211	548	580	1094.802013	3.121467	0.055039	0.001345	-0.934884	-0.000222	-0.001109	0.018044	657.839298	19	51	-32	120	71	2.116788	2.684211	19	1	548	580	357	1.887590	3.121467	1094.802013	0.055039	45966	12.080420	17.223653	256x256	65536	sparse	Meijering	548	19	37	3685	30.936676	0.636781	29.297609	0.996735	0.356279	0.424203	10	5	0.000000	40	3606	31.303458	0.697230	0.996708	29.137201	0.276612	0.352334	541	30.024888	0.524781	0.994889	27.260744	0.453015	0.361618	-1.121484	-0.184318	-1.202349	-0.111461	True	0.620158	0.239885	0.702703	28.456753	0.999323	7494
7495.png	0.504754	0.373083	0.543424	0.388268	0.905116	0.999178	28.788694	0.996844	28.928395	0.263242	0.175470	0.301988	30.379515	0.532490	2569	12	31	79	45	2.100796	2.583333	377	396	780.766412	3.378936	0.048457	0.024120	-0.822362	-0.000181	-0.000678	0.023497	619.865417	12	31	-19	79	45	2.100796	2.583333	12	0	377	396	253	1.971632	3.378936	780.766412	0.048457	45486	17.705722	25.510315	256x256	65536	sparse	Meijering	377	12	30	2512	31.077241	0.605950	29.756501	0.997523	0.239745	0.152577	18	2	0.000000	35	2526	31.325410	0.652820	0.997388	29.617219	0.063384	0.166907	3609	31.476439	0.666929	0.998000	30.635822	0.077739	0.131533	-0.828107	0.022892	-0.697726	-0.073460	True	0.581048	0.175470	0.480634	29.611057	0.999358	7495
7496.png	0.591063	0.440801	0.611883	0.442175	0.993002	0.999259	27.491636	0.996633	27.953433	0.355746	0.362372	0.649641	30.679823	0.573313	2464	6	19	45	27	2.082540	3.166667	315	328	668.821949	4.311436	0.033701	-0.043792	-0.470880	-0.000121	-0.000558	-0.017523	615.433455	6	19	-13	45	27	2.082540	3.166667	6	0	315	328	243	2.039091	4.311436	668.821949	0.033701	45157	18.326705	26.597403	256x256	65536	sparse	Meijering	315	6	30	2394	31.460423	0.626686	28.954269	0.997190	0.373269	0.389412	9	5	0.000000	37	2428	31.703826	0.674580	0.997101	28.680580	0.329680	0.340720	3809	31.960276	0.691771	0.998229	31.265796	0.232188	0.338643	-1.000836	-0.027040	-0.780600	-0.053372	True	0.557803	0.362372	0.634855	27.962516	0.999380	7496
7497.png	0.699397	0.410226	0.581788	0.412480	0.986854	0.999526	27.368135	0.997801	28.215495	0.353171	0.302324	0.528788	30.143129	0.527722	2467	7	18	45	26	2.063584	2.571429	346	357	656.861400	3.751711	0.036544	-0.002509	-0.206302	-0.000040	-0.000296	0.000346	590.853214	7	18	-11	45	26	2.063584	2.571429	7	1	346	357	275	1.839948	3.751711	656.861400	0.036544	45898	18.604783	26.565059	256x256	65536	sparse	Meijering	346	7	27	2383	30.712763	0.593723	28.534438	0.998098	0.352826	0.513248	5	0	0.357143	31	2274	30.928814	0.637667	0.997769	27.948882	0.403778	0.359357	3758	31.193223	0.660383	0.998593	30.021065	0.418914	0.354649	-0.318942	-0.210924	-0.569634	-0.066001	True	0.571729	0.302324	0.701906	27.574436	0.999566	7497
7498.png	0.713895	0.518956	0.683306	0.520867	0.992980	0.999255	27.192998	0.997684	27.856840	0.499387	0.381217	0.686701	30.245450	0.530429	2074	4	10	30	19	2.044610	2.500000	269	275	577.274334	4.643607	0.032820	0.014449	0.283509	0.000029	0.000006	0.019845	598.425150	4	10	-6	30	19	2.044610	2.500000	4	0	269	275	220	2.099179	4.643607	577.274334	0.032820	45952	22.156220	31.598843	256x256	65536	sparse	Meijering	269	4	23	1982	30.522470	0.575190	27.679752	0.997678	0.479542	0.387374	8	4	0.000000	30	2062	30.822637	0.625076	0.997429	27.266273	0.571729	0.486708	4422	31.433451	0.689751	0.998822	30.673905	0.355964	0.497956	0.177089	-0.006157	-0.277019	-0.044761	True	0.555142	0.381217	0.699446	26.909489	0.999226	7498
7499.png	0.509701	0.456657	0.626993	0.464753	0.963255	0.999367	27.897688	0.997284	28.695491	0.370308	0.255130	0.427013	30.724965	0.552407	2074	4	20	48	25	2.114286	5.000000	280	296	611.194066	4.559340	0.039358	0.016700	-0.365908	-0.000109	-0.000162	0.042321	641.874075	4	20	-16	48	25	2.114286	5.000000	4	0	280	296	207	2.064845	4.559340	611.194066	0.039358	45449	21.913693	31.598843	256x256	65536	sparse	Otsu	280	4	25	2027	31.043211	0.596496	28.956842	0.997447	0.327986	0.295312	8	3	0.000000	33	2056	31.335522	0.641937	0.997250	28.698076	0.309266	0.286197	4422	31.914205	0.707283	0.998621	31.361842	0.256000	0.336429	-0.261350	-0.040182	-0.318245	-0.044089	True	0.597476	0.255130	0.493002	28.263596	0.999476	7499
7500.png	0.695545	0.494290	0.661572	0.494936	0.997367	0.999282	27.486685	0.996766	28.296793	0.621613	0.613259	0.873834	30.828489	0.571107	2225	4	7	16	13	2.021661	1.750000	277	280	693.264728	5.576627	0.020621	-0.000607	0.080803	0.000017	0.000034	0.009595	699.740887	4	7	-3	16	13	2.021661	1.750000	4	0	277	280	248	2.475945	5.576627	693.264728	0.020621	45542	20.468315	29.454382	256x256	65536	sparse	Otsu	277	4	25	2103	31.071671	0.610466	28.258905	0.996732	0.612018	0.586400	7	8	0.000000	32	2034	31.309609	0.651752	0.996270	27.783960	0.536325	0.611492	4181	31.832239	0.700235	0.998116	30.717334	0.668237	0.599804	0.037888	0.026858	-0.243182	-0.039359	True	0.701803	0.613259	0.696152	27.405882	0.999265	7500
7501.png	0.756997	0.503086	0.669405	0.507986	0.981189	0.999385	27.085381	0.997863	27.808603	0.485002	0.405479	0.722359	30.824203	0.566831	2121	5	9	23	17	2.029740	1.800000	269	273	496.562993	4.668764	0.033701	-0.005538	-0.194405	-0.000083	-0.000211	0.016751	596.736193	5	9	-4	23	17	2.029740	1.800000	5	0	269	273	229	1.818912	4.668764	496.562993	0.033701	45442	21.424800	30.898633	256x256	65536	sparse	Meijering	269	5	25	2041	31.086482	0.603552	28.078019	0.998074	0.468251	0.460259	6	3	0.000000	32	1950	31.363099	0.646689	0.997848	27.674846	0.458457	0.463966	4133	31.865353	0.695800	0.998873	30.876759	0.300927	0.465914	-0.269416	-0.054780	-0.262278	-0.036721	True	0.561327	0.405479	0.762535	27.279786	0.999469	7501
7502.png	0.680348	0.447501	0.618308	0.449007	0.992560	0.999409	27.861535	0.997169	28.189966	0.452197	0.354889	0.516944	30.243455	0.539393	2485	4	25	60	25	2.128440	6.250000	327	348	646.415125	4.320284	0.035053	-0.010354	0.092081	-0.000031	-0.000229	0.004873	583.182812	4	25	-21	60	25	2.128440	6.250000	4	2	327	348	242	1.857515	4.320284	646.415125	0.035053	45835	18.444668	26.372636	256x256	65536	sparse	Meijering	327	4	27	2465	30.747371	0.602599	28.575032	0.997399	0.447324	0.484623	7	2	0.625000	32	2436	31.066980	0.650501	0.996974	28.025312	0.530772	0.439435	3634	31.269340	0.662725	0.998077	29.972510	0.310252	0.428139	-0.385066	-0.129734	-0.503916	-0.063206	True	0.686514	0.354889	0.690702	27.769454	0.999440	7502
7503.png	0.604754	0.529571	0.692444	0.541465	0.960172	0.998965	27.641167	0.996564	28.477696	0.439185	0.357393	0.478335	31.452422	0.604196	2525	4	21	48	21	2.096045	5.250000	354	371	769.720609	4.333276	0.034779	0.007656	-0.479244	-0.000151	-0.000362	0.014167	672.874212	4	21	-17	48	21	2.096045	5.250000	4	1	354	371	285	2.074719	4.333276	769.720609	0.034779	44876	17.772673	25.954851	256x256	65536	sparse	Otsu	354	4	30	2443	31.781735	0.648725	28.868528	0.996926	0.425017	0.405479	8	0	0.000000	41	2494	32.196366	0.697135	0.996809	28.749000	0.444285	0.430200	3423	32.258219	0.694422	0.997868	31.220735	0.297322	0.422944	-0.390832	-0.048086	-0.329313	-0.044529	True	0.747160	0.357393	0.597098	28.120411	0.999115	7503
7504.png	0.749827	0.410010	0.581570	0.410282	0.998386	0.999525	27.273540	0.997220	28.194369	0.428382	0.431640	0.645405	31.047260	0.581895	2410	4	11	30	18	2.043887	2.750000	319	326	561.412671	4.724494	0.020940	0.003133	-0.124179	-0.000030	-0.000184	0.006823	603.743315	4	11	-7	30	18	2.043887	2.750000	4	0	319	326	271	1.722125	4.724494	561.412671	0.020940	45265	18.782158	27.193361	256x256	65536	sparse	Meijering	319	4	28	2380	31.366804	0.629036	28.486995	0.997405	0.421559	0.675348	4	0	1.000000	37	2392	31.689628	0.676099	0.997364	28.376737	0.544640	0.404178	3859	32.013845	0.695095	0.998580	31.201852	0.414064	0.418242	-0.292626	-0.243708	-0.319544	-0.047142	True	0.668789	0.431640	0.746695	27.397719	0.999555	7504
7505.png	0.787144	0.490617	0.658274	0.491510	0.996312	0.998984	27.220441	0.996964	28.051799	0.531921	0.435604	0.778465	30.518235	0.558836	2646	5	17	43	25	2.071006	3.400000	338	350	627.625964	4.523425	0.029438	-0.013068	-0.190615	-0.000085	-0.000191	-0.003836	579.986572	5	17	-12	43	25	2.071006	3.400000	5	0	338	350	270	1.793217	4.523425	627.625964	0.029438	45699	17.270975	24.767952	256x256	65536	sparse	Meijering	338	5	28	2556	30.963571	0.618618	28.276329	0.997155	0.535758	0.529654	7	2	0.000000	33	2424	31.171833	0.659665	0.996700	27.675012	0.624689	0.545372	3452	31.348956	0.661760	0.997864	29.778033	0.381217	0.523333	-0.224530	-0.094049	-0.445336	-0.059782	True	0.559568	0.435604	0.800212	27.411056	0.999069	7505
7506.png	0.615314	0.341003	0.508579	0.349575	0.932921	0.999306	27.572959	0.997049	28.292510	0.303963	0.269879	0.546998	30.265554	0.531528	2510	12	25	65	42	2.074713	2.083333	348	361	714.251215	3.652188	0.039649	-0.000357	-0.909457	-0.000257	-0.000601	0.008913	632.239819	12	25	-13	65	42	2.074713	2.083333	12	0	348	361	241	1.978535	3.652188	714.251215	0.039649	45696	18.205578	26.109960	256x256	65536	sparse	Meijering	348	12	29	2503	30.939468	0.603026	29.152195	0.997651	0.295050	0.453379	5	4	0.000000	34	2438	31.175831	0.646247	0.997595	28.962073	0.358535	0.267208	3661	31.395242	0.666646	0.998307	30.622046	0.324634	0.289637	-0.859685	-0.183500	-0.673914	-0.071498	True	0.493383	0.269879	0.615672	28.482415	0.999563	7506
7507.png	0.559562	0.503277	0.669574	0.508462	0.980142	0.998603	28.723974	0.996578	29.294767	0.368807	0.396159	0.636086	31.683945	0.604406	2254	6	23	49	26	2.107256	3.833333	317	334	614.644436	4.731076	0.033279	0.003152	-0.224332	-0.000104	-0.000365	-0.005733	658.674002	6	23	-17	49	26	2.107256	3.833333	6	1	317	334	242	1.840253	4.731076	614.644436	0.033279	44599	19.786602	29.075421	256x256	65536	sparse	Meijering	317	6	30	2226	32.008852	0.646494	29.632105	0.996943	0.374540	0.417252	8	3	0.000000	41	2022	32.274398	0.679982	0.996528	29.296487	0.446464	0.377345	4164	32.697009	0.729102	0.998007	31.651047	0.280653	0.357248	-0.337338	-0.021093	-0.324907	-0.042088	True	0.622808	0.396159	0.556410	28.948306	0.998707	7507
7508.png	0.699079	0.414170	0.585743	0.414564	0.997709	0.999597	27.233045	0.997804	28.448707	0.374584	0.455561	0.879308	31.696255	0.605866	1810	4	7	19	15	2.024490	1.750000	245	248	466.297918	4.774585	0.022352	-0.011259	0.365932	0.000037	0.000041	-0.005236	624.295235	4	7	-3	19	15	2.024490	1.750000	4	0	245	248	211	1.880234	4.774585	466.297918	0.022352	44662	24.675138	36.207735	256x256	65536	sparse	Otsu	245	4	25	1806	31.823101	0.630981	28.191125	0.997763	0.379819	0.393469	6	1	0.250000	35	1648	32.085254	0.661706	0.997644	28.177564	0.368716	0.373632	5225	33.097456	0.754425	0.999178	33.263778	0.250008	0.376487	0.257582	0.062092	-0.126847	-0.025114	True	0.518091	0.455561	0.710338	26.867113	0.999560	7508
7509.png	0.507486	0.409510	0.581067	0.414511	0.971380	0.999188	27.707026	0.996977	28.331863	0.258608	0.199263	0.400592	30.288423	0.533917	2550	8	32	73	39	2.139535	4.000000	344	368	729.911321	4.006777	0.037444	-0.011239	-0.432084	-0.000155	-0.000477	0.000706	617.068291	8	32	-24	73	39	2.139535	4.000000	8	1	344	368	232	1.983455	4.006777	729.911321	0.037444	45742	17.938039	25.700392	256x256	65536	sparse	Meijering	344	8	29	2543	30.920978	0.604372	28.902278	0.997454	0.257902	0.290598	6	2	0.375000	35	2540	31.190444	0.653647	0.997219	28.560596	0.268384	0.254219	3615	31.317212	0.660152	0.998115	30.279091	0.176577	0.264368	-0.570415	-0.091336	-0.632556	-0.070456	True	0.497420	0.199263	0.518725	28.139110	0.999343	7509
7510.png	0.582090	0.440489	0.611583	0.444808	0.978435	0.999314	27.568190	0.997195	28.111090	0.312319	0.308498	0.465940	30.162734	0.531157	2608	8	26	59	35	2.100559	3.250000	358	376	683.156388	3.781743	0.034604	0.002707	-0.094596	-0.000066	-0.000349	0.004766	622.178316	8	26	-18	59	35	2.100559	3.250000	8	0	358	376	264	1.816905	3.781743	683.156388	0.034604	45829	17.572469	25.128834	256x256	65536	sparse	Meijering	358	8	28	2572	30.775206	0.601484	28.501951	0.997544	0.307553	0.334689	8	2	0.000000	33	2560	31.059787	0.652283	0.997491	28.193865	0.474813	0.291576	3676	31.247146	0.658245	0.998355	30.493126	0.297231	0.310458	-0.390861	-0.026191	-0.612472	-0.070328	True	0.662098	0.308498	0.579383	27.662786	0.999380	7510
7511.png	0.738847	0.417808	0.589372	0.418249	0.997484	0.999542	27.199557	0.998167	28.519367	0.423523	0.467408	1.017522	31.355464	0.581307	1771	5	13	30	20	2.065041	2.600000	246	254	477.660647	4.608818	0.019345	-0.002628	-0.313641	-0.000035	-0.000013	0.007911	580.800772	5	13	-8	30	20	2.065041	2.600000	5	0	246	254	196	1.880554	4.608818	477.660647	0.019345	44941	25.376059	37.005082	256x256	65536	sparse	Meijering	246	5	24	1712	31.502769	0.608194	28.516117	0.998179	0.415612	0.518091	4	5	0.000000	33	1610	31.737154	0.642838	0.998103	28.241932	0.453926	0.409810	5354	32.750784	0.749275	0.999170	31.982009	0.438232	0.414866	0.003250	-0.050683	-0.147305	-0.026888	True	0.459359	0.467408	0.741474	27.513198	0.999578	7511
7512.png	0.626633	0.537827	0.699464	0.540346	0.991408	0.999161	27.772079	0.997299	28.314713	0.396614	0.379668	0.548082	30.975704	0.575017	2482	6	16	39	24	2.058651	2.666667	341	351	597.100981	4.082879	0.033684	-0.014899	-0.310398	-0.000102	-0.000377	-0.015130	604.763269	6	16	-10	39	24	2.058651	2.666667	6	0	341	351	278	1.701142	4.082879	597.100981	0.033684	45234	18.224819	26.404512	256x256	65536	sparse	Meijering	341	6	30	2479	31.465384	0.631169	28.811874	0.997676	0.411744	0.261155	15	3	0.000000	37	2334	31.686763	0.671657	0.997496	28.551613	0.500093	0.391210	3726	31.917845	0.688262	0.998477	30.995602	0.235772	0.401657	-0.497161	0.118513	-0.489680	-0.056152	True	0.692721	0.379668	0.641533	28.082477	0.999263	7512
7513.png	0.716387	0.425202	0.596691	0.425952	0.995878	0.999380	27.498475	0.997215	28.447589	0.436530	0.480187	0.705969	31.735992	0.616547	2329	4	19	36	19	2.095541	4.750000	314	329	559.146478	4.639692	0.032831	0.002203	-0.408926	-0.000103	-0.000448	0.020451	596.634865	4	19	-15	36	19	2.095541	4.750000	4	0	314	329	259	1.699533	4.639692	559.146478	0.032831	44682	19.185058	28.139116	256x256	65536	sparse	Meijering	314	4	31	2322	32.111012	0.658798	28.959513	0.997664	0.416079	0.598280	5	2	0.000000	41	2326	32.380275	0.699305	0.997577	28.935468	0.459359	0.427917	3845	32.629754	0.717999	0.998563	31.547393	0.429932	0.413611	-0.511924	-0.118093	-0.375020	-0.042251	True	0.680181	0.480187	0.714183	27.907401	0.999483	7513
7514.png	0.628362	0.524524	0.688115	0.541788	0.942729	0.998427	27.573153	0.996212	28.277083	0.484036	0.306558	0.445730	30.219887	0.539550	2788	8	32	76	33	2.126649	4.000000	379	403	767.278745	3.686868	0.042260	0.010597	-1.385182	-0.000462	-0.000670	0.020621	640.524149	8	32	-24	76	33	2.126649	4.000000	8	1	379	403	270	1.903917	3.686868	767.278745	0.042260	45593	16.353300	23.506456	256x256	65536	sparse	Meijering	379	8	31	2786	31.032620	0.618404	29.141178	0.996882	0.463415	0.276750	25	13	0.000000	36	2724	31.291672	0.664817	0.996551	28.561926	0.041171	0.471910	3319	31.295398	0.653644	0.997527	29.989914	0.059103	0.466727	-0.864095	0.029808	-0.812733	-0.078854	True	0.687765	0.306558	0.617764	28.958335	0.998888	7514
7515.png	0.544625	0.557300	0.715726	0.564085	0.978873	0.998478	28.284495	0.995908	28.893599	0.450405	0.211555	0.314774	31.140171	0.580054	2112	4	17	36	19	2.091228	4.250000	285	298	583.313995	5.141881	0.029784	0.004543	-0.297658	-0.000155	-0.000312	0.013137	639.652729	4	17	-13	36	19	2.091228	4.250000	4	0	285	298	230	1.957430	5.141881	583.313995	0.029784	45073	21.341383	31.030303	256x256	65536	sparse	Otsu	285	4	27	2065	31.484292	0.620747	29.126680	0.996220	0.437268	0.347047	16	12	0.000000	34	1918	31.642295	0.653281	0.995722	28.772655	0.371516	0.431373	4362	32.255390	0.718641	0.997737	31.437128	0.166906	0.431220	-0.233081	-0.135492	-0.344122	-0.040694	True	0.672085	0.211555	0.540082	28.582153	0.998634	7515
7516.png	0.660467	0.561324	0.719036	0.573798	0.962716	0.998566	27.800985	0.995464	28.478535	0.557323	0.465954	0.661143	30.810745	0.565083	2252	4	16	36	20	2.079734	4.000000	301	313	640.018015	5.053900	0.031347	0.023251	-0.423184	-0.000234	-0.000414	0.053177	638.310671	4	16	-12	36	20	2.079734	4.000000	4	0	301	313	245	2.044786	5.053900	640.018015	0.031347	45398	20.158970	29.101243	256x256	65536	sparse	Otsu	301	4	27	2175	31.182549	0.609876	28.790612	0.995878	0.504146	0.504517	9	13	0.000000	35	2244	31.426068	0.656436	0.995289	28.345055	0.374517	0.534876	4042	31.788523	0.692218	0.997561	31.080312	0.276638	0.509765	-0.312077	-0.038563	-0.371803	-0.044793	True	0.704770	0.465954	0.637216	28.224169	0.998799	7516
7517.png	0.512527	0.670300	0.802610	0.673709	0.992507	0.998405	27.588939	0.996599	27.720834	0.404920	0.250415	0.372594	31.399130	0.613389	2456	4	19	40	17	2.089552	4.750000	335	350	687.845795	4.451208	0.018904	-0.026441	-0.770693	-0.000311	-0.000794	-0.013312	718.121767	4	19	-15	40	17	2.089552	4.750000	4	1	335	350	278	1.965274	4.451208	687.845795	0.018904	44550	18.139251	26.684039	256x256	65536	sparse	Otsu	335	4	32	2447	32.046445	0.657299	28.796600	0.997392	0.418232	0.256398	16	4	0.000000	43	2328	32.343271	0.697066	0.997021	28.879059	0.273851	0.392801	3672	32.484831	0.706013	0.998377	31.411018	0.224731	0.423318	-1.075766	-0.005984	-0.647316	-0.043910	True	0.672085	0.250415	0.538968	28.359632	0.998717	7517
7518.png	0.629777	0.459585	0.629748	0.460951	0.993596	0.999493	27.093401	0.997956	27.798218	0.400762	0.182438	0.345767	30.682844	0.554898	2119	4	15	36	20	2.078292	3.750000	281	292	517.527290	4.606338	0.030048	-0.012677	0.027893	-0.000011	-0.000198	0.000932	592.114925	4	15	-11	36	20	2.078292	3.750000	4	0	281	292	225	1.772354	4.606338	517.527290	0.030048	45463	21.454932	30.927796	256x256	65536	sparse	Meijering	281	4	25	2090	31.000302	0.600102	28.078201	0.998154	0.399830	0.364494	6	3	0.000000	31	1952	31.248588	0.637603	0.997959	27.855733	0.401503	0.376910	4187	31.781674	0.695569	0.998988	31.154655	0.326694	0.393888	-0.279982	-0.182056	-0.317459	-0.045204	True	0.527633	0.182438	0.642454	27.065508	0.999504	7518
7519.png	0.685065	0.426181	0.597653	0.428934	0.985162	0.998668	27.977077	0.994797	28.359722	0.393856	0.169726	0.258070	29.845745	0.533761	3986	17	57	136	72	2.141343	3.352941	566	606	1180.850691	3.324164	0.049799	-0.005537	-0.922924	-0.000322	-0.001406	0.021736	771.846056	17	57	-40	136	72	2.141343	3.352941	17	1	566	606	358	1.948599	3.324164	1180.850691	0.049799	45778	11.484696	16.441545	256x256	65536	sparse	Meijering	566	17	40	3942	31.151095	0.648613	29.664105	0.996202	0.372120	0.323620	20	11	0.000000	43	3910	31.561024	0.712508	0.996031	29.488306	0.085642	0.377175	539	30.120713	0.530015	0.992992	27.296123	0.431640	0.375805	-1.304383	-0.153893	-1.305350	-0.114853	True	0.657677	0.169726	0.690602	28.900001	0.998990	7519
7520.png	0.679124	0.516203	0.680915	0.518774	0.990490	0.999384	27.231838	0.997258	27.895042	0.474713	0.388903	0.567790	30.045563	0.523539	2181	4	14	37	20	2.069930	3.500000	286	296	625.306066	4.807360	0.040366	0.002461	-0.010465	-0.000012	-0.000032	0.013027	682.859898	4	14	-10	37	20	2.069930	3.500000	4	0	286	296	229	2.112520	4.807360	625.306066	0.040366	46056	21.116919	30.048602	256x256	65536	sparse	Otsu	286	4	23	2063	30.377413	0.572162	27.905556	0.997290	0.461686	0.516482	6	2	0.000000	29	2000	30.637665	0.617778	0.997038	27.525533	0.390429	0.443295	4226	31.210327	0.675144	0.998486	30.760889	0.395891	0.459387	-0.010514	-0.127579	-0.331851	-0.048623	True	0.684942	0.388903	0.676662	27.242304	0.999396	7520
7521.png	0.767857	0.528174	0.691248	0.528859	0.997554	0.999025	27.193941	0.996279	27.929411	0.589777	0.527633	0.772113	30.918835	0.577072	2333	4	12	31	19	2.054983	3.000000	291	299	624.619690	5.308289	0.029448	-0.005323	-0.212936	-0.000055	-0.000294	0.022332	644.231319	4	12	-8	31	19	2.054983	3.000000	4	0	291	299	241	2.089029	5.308289	624.619690	0.029448	45379	19.450922	28.090870	256x256	65536	sparse	Otsu	291	4	27	2294	31.207452	0.620561	28.230962	0.996573	0.567445	0.575627	7	7	0.000000	35	2230	31.486640	0.664623	0.996318	27.893090	0.632121	0.556744	4075	31.888961	0.695843	0.998360	31.257504	0.417252	0.545720	-0.301550	-0.047994	-0.288617	-0.043489	True	0.683363	0.527633	0.773180	27.406877	0.999080	7521
7522.png	0.588394	0.309943	0.473216	0.314503	0.955307	0.998965	26.760816	0.995648	28.210598	0.279197	0.212688	0.315692	29.826930	0.528044	3765	20	51	120	69	2.114815	2.550000	540	571	1093.007546	2.998266	0.049453	0.003822	-2.068831	-0.000446	-0.001464	0.020132	699.156761	20	51	-31	120	69	2.114815	2.550000	20	3	540	571	351	1.914199	2.998266	1093.007546	0.049453	45790	12.162019	17.406640	256x256	65536	sparse	Meijering	540	20	38	3739	31.135214	0.640819	29.774298	0.997112	0.259065	0.431640	8	5	0.366667	41	3724	31.544125	0.704064	0.997074	29.684847	0.100425	0.241523	541	30.205056	0.528722	0.995323	27.639347	0.470594	0.257353	-1.563700	-0.218952	-1.308284	-0.112775	True	0.673720	0.212688	0.584572	28.829647	0.999411	7522
7523.png	0.766795	0.471607	0.640941	0.472559	0.995748	0.999469	27.150672	0.997878	28.230956	0.448749	0.505397	0.843054	31.180385	0.581221	2180	4	11	29	18	2.047782	2.750000	293	300	511.062146	4.623648	0.025973	0.003901	-0.149319	-0.000031	-0.000181	-0.000807	583.234072	4	11	-7	29	18	2.047782	2.750000	4	0	293	300	246	1.703540	4.623648	511.062146	0.025973	45123	20.698624	30.062385	256x256	65536	sparse	Meijering	293	4	27	2086	31.484809	0.622027	28.414635	0.998059	0.449556	0.398646	7	1	0.125000	35	1972	31.680276	0.657858	0.997925	28.239374	0.409430	0.428168	4132	32.177987	0.706574	0.998906	31.270749	0.430421	0.442696	-0.183679	0.106751	-0.304424	-0.040806	True	0.599483	0.505397	0.762895	27.299990	0.999500	7523
7524.png	0.744792	0.532760	0.695165	0.538740	0.979592	0.999016	28.061991	0.996956	28.571636	0.534968	0.318869	0.546425	30.240966	0.532835	2328	5	13	34	22	2.049080	2.600000	326	334	642.561796	4.205243	0.031931	0.018206	-0.269841	-0.000165	-0.000160	0.010900	599.717855	5	13	-8	34	22	2.049080	2.600000	5	0	326	334	270	1.923838	4.205243	642.561796	0.031931	45763	19.657646	28.151203	256x256	65536	sparse	Meijering	326	5	25	2160	30.724317	0.586802	28.833249	0.997115	0.524068	0.499676	8	6	0.000000	32	2284	30.988293	0.639532	0.996627	28.097019	0.065421	0.504022	4024	31.378330	0.679508	0.998064	30.498774	0.044139	0.519357	-0.261612	-0.180808	-0.483352	-0.053967	True	0.583555	0.318869	0.726585	28.331833	0.999181	7524
7525.png	0.568029	0.518404	0.682827	0.539254	0.930594	0.998116	27.509319	0.996225	28.309539	0.389939	0.214682	0.307213	30.357973	0.544625	2736	10	24	61	35	2.074866	2.400000	374	388	778.056443	3.737511	0.048128	0.020372	-0.964880	-0.000444	-0.000564	0.024666	635.102034	10	24	-14	61	35	2.074866	2.400000	10	2	374	388	278	2.005300	3.737511	778.056443	0.048128	45639	16.680921	23.953216	256x256	65536	sparse	Meijering	374	10	30	2658	31.048876	0.616391	28.973129	0.996789	0.365273	0.290737	17	7	0.000000	36	2710	31.336674	0.667619	0.996613	28.733299	0.248737	0.330979	3352	31.348258	0.656676	0.997563	30.043295	0.216316	0.400513	-0.663590	-0.076055	-0.690902	-0.071766	True	0.698806	0.214682	0.547657	28.474199	0.998560	7525
7526.png	0.685866	0.459086	0.629279	0.470785	0.948651	0.997982	27.462551	0.995318	28.501098	0.470273	0.340979	0.526238	30.205194	0.547315	3299	15	29	75	50	2.062222	1.933333	450	464	927.957398	3.453879	0.051386	-0.004192	-1.394144	-0.000628	-0.000957	0.007021	656.831264	15	29	-14	75	50	2.062222	1.933333	15	1	450	464	325	1.999908	3.453879	927.957398	0.051386	45573	13.814186	19.865414	256x256	65536	sparse	Meijering	450	15	35	3296	31.218718	0.639562	29.405334	0.996275	0.463252	0.316790	21	14	0.000000	40	3208	31.519289	0.691695	0.996006	29.108660	0.110028	0.475324	606	30.386661	0.545583	0.993893	27.574236	0.509058	0.472130	-0.904236	0.024190	-1.013525	-0.092247	True	0.647956	0.340979	0.690058	28.856695	0.998610	7526
7527.png	0.730873	0.318034	0.482588	0.318760	0.992886	0.999591	27.777624	0.997189	28.662825	0.304235	0.363080	0.599690	30.492677	0.549409	2783	13	23	63	43	2.050891	1.769231	393	403	754.193661	3.647664	0.045890	-0.002035	-0.442315	-0.000052	-0.000551	0.005050	644.775391	13	23	-10	63	43	2.050891	1.769231	13	0	393	403	287	1.871448	3.647664	754.193661	0.045890	45502	16.349982	23.548688	256x256	65536	sparse	Meijering	393	13	31	2762	31.166645	0.622613	29.329982	0.997740	0.299184	0.532334	5	1	0.192308	38	2690	31.479501	0.671680	0.997671	29.085616	0.470947	0.279935	3323	31.407698	0.656816	0.998074	30.062478	0.484869	0.297553	-0.667157	-0.169254	-0.673968	-0.073204	True	0.605446	0.363080	0.732908	28.219939	0.999642	7527
7528.png	0.666667	0.611945	0.759263	0.616471	0.988147	0.998675	27.304728	0.996590	27.480512	0.547088	0.399966	0.605638	30.147552	0.550404	2511	4	25	56	21	2.135922	6.250000	309	330	724.339366	4.453122	0.037143	-0.006401	-0.741611	-0.000234	-0.000528	-0.000475	677.339554	4	25	-21	56	21	2.135922	6.250000	4	3	309	330	232	2.194968	4.453122	724.339366	0.037143	45699	18.199522	26.099562	256x256	65536	sparse	Otsu	309	4	27	2391	30.913838	0.608081	28.379244	0.997118	0.547563	0.432930	11	4	0.000000	34	2350	31.117057	0.653958	0.996843	27.988762	0.494508	0.512769	3765	31.426421	0.673881	0.998225	30.466200	0.440102	0.530084	-0.898731	-0.032964	-0.766286	-0.057677	True	0.660404	0.399966	0.673068	28.046339	0.998909	7528
7529.png	0.696970	0.422143	0.593672	0.422596	0.997468	0.999414	28.059803	0.997342	28.848520	0.357168	0.313398	0.554861	30.922570	0.568454	2647	7	28	65	31	2.112000	4.000000	375	396	719.795445	3.730172	0.047769	-0.007923	-0.405643	-0.000070	-0.000551	-0.015955	603.217840	7	28	-21	65	31	2.112000	4.000000	7	1	375	396	279	1.817665	3.730172	719.795445	0.047769	45218	17.082735	24.758595	256x256	65536	sparse	Meijering	375	7	31	2647	31.422297	0.629757	29.493536	0.997893	0.373124	0.396494	8	2	0.428571	40	2512	31.806727	0.674539	0.997815	29.441425	0.253231	0.346058	3450	31.798417	0.677752	0.998318	30.705746	0.249595	0.356556	-0.645016	-0.083097	-0.499727	-0.061303	True	0.564822	0.313398	0.704893	28.465446	0.999484	7529
7530.png	0.780187	0.577410	0.732099	0.578349	0.997197	0.999143	27.564305	0.996903	28.240238	0.590658	0.652387	0.890188	31.131203	0.591904	2523	4	10	27	18	2.036810	2.500000	326	332	594.088241	4.360750	0.025639	-0.008083	-0.345017	-0.000053	-0.000196	0.000932	612.931490	4	10	-6	27	18	2.036810	2.500000	4	0	326	332	281	1.789422	4.360750	594.088241	0.025639	45182	17.908046	25.975426	256x256	65536	sparse	Otsu	326	4	29	2504	31.479453	0.639887	28.569141	0.997099	0.589727	0.601481	6	4	0.000000	40	2464	31.845594	0.682452	0.996939	28.599846	0.672412	0.587126	3632	31.955121	0.689370	0.998186	30.909891	0.522886	0.595710	-0.328903	0.050906	-0.348250	-0.047983	True	0.732865	0.652387	0.788270	27.909323	0.999195	7530
7531.png	0.457328	0.457993	0.628251	0.469819	0.947903	0.998865	28.783817	0.995649	28.891016	0.320504	0.187652	0.264069	31.063631	0.580105	2495	5	29	60	23	2.135211	5.800000	355	379	677.350206	4.254811	0.035708	0.012198	-0.770642	-0.000241	-0.000781	0.030528	674.906969	5	29	-24	60	23	2.135211	5.800000	5	1	355	379	272	1.787204	4.254811	677.350206	0.035708	44797	17.954709	26.266934	256x256	65536	sparse	Meijering	355	5	30	2428	31.698407	0.636616	29.854000	0.996431	0.289977	0.241187	15	4	0.000000	41	2322	32.021820	0.676410	0.996173	29.613915	0.134232	0.291375	3781	32.211814	0.701178	0.997557	31.480048	0.104900	0.312997	-0.962984	-0.053535	-0.634776	-0.056511	True	0.710616	0.187652	0.445129	29.554460	0.999106	7531
7532.png	0.609277	0.343623	0.511488	0.345671	0.983051	0.999341	27.587489	0.996399	28.420898	0.287637	0.293901	0.540832	30.610491	0.557671	3086	13	54	116	52	2.184685	4.153846	444	485	892.095920	3.492513	0.047118	-0.001386	-0.895467	-0.000178	-0.000884	0.013798	650.826931	13	54	-41	116	52	2.184685	4.153846	13	3	444	485	276	1.839373	3.492513	892.095920	0.047118	45336	14.690862	21.236552	256x256	65536	sparse	Meijering	444	13	34	2947	31.416461	0.637223	29.424243	0.997284	0.273839	0.331354	8	0	0.307692	42	3034	31.802251	0.694149	0.997302	29.482207	0.294136	0.273126	3093	31.522875	0.656025	0.997665	30.233886	0.236621	0.264743	-1.003344	-0.037453	-0.805970	-0.079551	True	0.543424	0.293901	0.610662	28.482957	0.999519	7532
7533.png	0.613014	0.531436	0.694036	0.534844	0.988152	0.998749	28.041493	0.997364	28.646379	0.464957	0.481670	0.885617	31.710047	0.605486	2077	4	18	37	18	2.098246	4.500000	285	299	569.810199	4.638072	0.028298	-0.007700	-0.498783	-0.000150	-0.000272	-0.003419	619.235039	4	18	-14	37	18	2.098246	4.500000	4	1	285	299	230	1.905720	4.638072	569.810199	0.028298	44605	21.475686	31.553202	256x256	65536	sparse	Meijering	285	4	28	2062	31.973163	0.640296	29.116996	0.997636	0.468376	0.358535	10	4	0.000000	40	2056	32.218583	0.681383	0.997507	28.921539	0.303396	0.425032	4495	32.774042	0.736159	0.998809	32.072214	0.509583	0.457765	-0.470617	0.123135	-0.263115	-0.034810	True	0.543880	0.481670	0.620713	28.540277	0.998900	7533
7534.png	0.715879	0.505631	0.671653	0.506221	0.997701	0.999418	27.496553	0.997656	28.274688	0.505818	0.374303	0.617423	31.311029	0.595152	2225	4	11	29	18	2.048110	2.750000	291	298	542.962925	4.626212	0.032152	-0.004310	-0.133136	-0.000055	-0.000152	0.026036	657.749414	4	11	-7	29	18	2.048110	2.750000	4	0	291	298	244	1.822023	4.626212	542.962925	0.032152	45081	20.261124	29.454382	256x256	65536	sparse	Otsu	291	4	27	2214	31.505681	0.632391	28.408372	0.997808	0.479782	0.428791	8	1	0.000000	38	2186	31.883121	0.676723	0.997609	28.233230	0.521293	0.482504	3985	32.250300	0.706189	0.998872	31.400207	0.376700	0.480560	-0.133684	-0.054488	-0.194652	-0.037239	True	0.606235	0.374303	0.720190	27.629689	0.999473	7534
7535.png	0.535936	0.529122	0.692060	0.535058	0.979464	0.998136	27.734711	0.995620	28.946254	0.505818	0.298064	0.474867	31.088993	0.594771	2506	5	20	43	22	2.087719	4.000000	342	357	688.388418	4.587959	0.032248	0.030265	-1.440002	-0.000686	-0.000712	0.060162	656.064510	5	20	-15	43	22	2.087719	4.000000	5	2	342	357	277	1.928259	4.587959	688.388418	0.032248	44815	17.883081	26.151636	256x256	65536	sparse	Otsu	342	5	31	2437	31.827660	0.647399	29.765874	0.996332	0.445656	0.336740	17	8	0.000000	41	2436	32.107279	0.688770	0.996023	29.401427	0.329680	0.402618	3467	32.193413	0.694287	0.997345	31.326660	0.217651	0.443581	-0.819620	-0.038676	-0.738667	-0.052628	True	0.627679	0.298064	0.505671	29.174713	0.998821	7535
7536.png	0.651964	0.441047	0.612120	0.441604	0.997149	0.999107	27.357055	0.995710	28.356984	0.407257	0.198210	0.330415	30.294754	0.550292	2697	4	34	76	26	2.166205	8.500000	361	391	767.479831	4.191819	0.037643	-0.008661	-1.097982	-0.000265	-0.000615	0.011423	647.322416	4	34	-30	76	26	2.166205	8.500000	4	3	361	391	259	1.962864	4.191819	767.479831	0.037643	45567	16.895439	24.299592	256x256	65536	sparse	Otsu	361	4	29	2566	31.053062	0.616105	29.168368	0.996325	0.395833	0.284937	13	5	0.000000	36	2686	31.376522	0.671428	0.996005	28.720212	0.305536	0.392992	3464	31.417889	0.664342	0.997085	30.129354	0.312975	0.389082	-0.811384	-0.086727	-0.758309	-0.065814	True	0.599884	0.198210	0.660625	28.455037	0.999372	7536
7537.png	0.703418	0.583058	0.736622	0.586747	0.989332	0.998421	27.719454	0.996150	28.213014	0.578773	0.427838	0.633508	30.175890	0.531626	2327	4	27	54	25	2.153333	6.750000	300	323	690.293585	5.204225	0.032510	-0.022081	0.096327	-0.000057	-0.000065	-0.006114	664.086103	4	27	-23	54	25	2.153333	6.750000	4	0	300	323	221	2.137132	5.204225	690.293585	0.032510	45907	19.727976	28.163300	256x256	65536	sparse	Otsu	300	4	25	2241	30.564666	0.587644	28.209845	0.996215	0.584887	0.737105	5	9	0.000000	28	2268	30.793854	0.632467	0.995284	27.429496	0.211872	0.564757	4079	31.283445	0.674932	0.997762	30.489448	0.230936	0.568686	0.003169	-0.309267	-0.388776	-0.056018	True	0.675348	0.427838	0.725500	27.623127	0.998479	7537
7538.png	0.766213	0.579596	0.733853	0.583592	0.988325	0.999005	26.957264	0.997228	27.779745	0.571429	0.687765	0.918955	31.609299	0.617528	2308	4	4	10	12	2.000000	1.000000	295	295	578.977361	5.158477	0.026842	0.026192	-0.351032	-0.000115	-0.000210	0.019895	644.090891	4	4	0	10	12	2.000000	1.000000	4	0	295	295	273	1.962635	5.158477	578.977361	0.026842	44863	19.438042	28.395147	256x256	65536	sparse	Otsu	295	4	29	2306	31.886935	0.654518	28.054602	0.997438	0.551534	0.646545	6	11	0.000000	41	2182	32.202163	0.688538	0.997515	28.387295	0.678042	0.551879	4084	32.608752	0.721550	0.998787	31.443046	0.554647	0.554636	-0.274858	0.041220	-0.277637	-0.036990	True	0.748421	0.687765	0.740021	27.308296	0.999120	7538
7540.png	0.729665	0.464732	0.634562	0.465107	0.998268	0.999385	27.816480	0.997446	28.241264	0.401123	0.288230	0.489068	30.977054	0.577464	2193	4	28	63	25	2.158940	7.000000	302	326	597.568598	4.436064	0.031989	-0.028059	-0.276064	-0.000058	-0.000444	-0.005089	619.780064	4	28	-24	63	25	2.158940	7.000000	4	1	302	326	214	1.833033	4.436064	597.568598	0.031989	45064	20.549020	29.884177	256x256	65536	sparse	Meijering	302	4	27	2055	31.502095	0.617590	29.115502	0.997890	0.406212	0.466342	5	1	0.875000	37	2186	31.777123	0.666388	0.997705	28.839769	0.354121	0.394917	4034	32.144333	0.703247	0.998671	31.339612	0.413912	0.385081	-0.874237	-0.178112	-0.525041	-0.040126	True	0.589344	0.288230	0.757724	28.092544	0.999443	7540
7541.png	0.682532	0.533439	0.695742	0.567240	0.899519	0.998559	27.793515	0.996523	28.352701	0.517438	0.392458	0.508878	30.329495	0.540847	2626	7	31	70	31	2.130435	4.428571	368	392	770.799918	3.974031	0.039762	-0.002727	-0.685254	-0.000276	-0.000471	0.009020	663.223743	7	31	-24	70	31	2.130435	4.428571	7	1	368	392	267	1.966326	3.974031	770.799918	0.039762	45639	17.379665	24.956588	256x256	65536	sparse	Meijering	368	7	29	2540	30.951330	0.609481	28.932886	0.996994	0.508418	0.504655	8	7	0.000000	33	2392	31.144634	0.650991	0.996473	28.213885	0.132013	0.517804	3514	31.333208	0.662017	0.997679	30.014186	0.148235	0.506653	-0.580185	-0.112197	-0.621834	-0.068634	True	0.771221	0.392458	0.685259	28.478769	0.998835	7541
7542.png	0.675229	0.676213	0.806834	0.685685	0.979980	0.998293	27.900134	0.996610	28.382216	0.604004	0.597476	0.812314	31.234671	0.594107	2379	4	6	18	15	2.012346	1.500000	324	326	640.298827	4.265804	0.028970	-0.006246	-0.407163	-0.000251	-0.000290	0.010564	584.987640	4	6	-2	18	15	2.012346	1.500000	4	0	324	326	291	1.964107	4.265804	640.298827	0.028970	45017	18.922657	27.547709	256x256	65536	sparse	Otsu	324	4	29	2321	31.649284	0.638013	28.711800	0.996900	0.593440	0.510318	10	12	0.000000	40	2296	31.933760	0.677919	0.996731	28.633454	0.480322	0.554834	3693	32.126167	0.695267	0.998172	31.182459	0.338558	0.575964	-0.329584	0.087157	-0.414613	-0.043906	True	0.735523	0.597476	0.681475	28.307296	0.998543	7542
7543.png	0.727033	0.586687	0.739512	0.590798	0.988277	0.998945	27.864416	0.996483	28.171117	0.594956	0.525002	0.760593	29.833872	0.527684	2858	5	14	33	20	2.045000	2.800000	400	409	794.840311	4.030684	0.027632	-0.019370	-0.119080	-0.000045	-0.000291	0.010303	649.078608	5	14	-9	33	20	2.045000	2.800000	5	0	400	409	347	1.943375	4.030684	794.840311	0.027632	46151	16.148006	22.930721	256x256	65536	sparse	Otsu	400	5	28	2770	30.517189	0.604307	28.494724	0.996774	0.584653	0.477954	10	5	0.000000	31	2828	30.815965	0.659953	0.996226	27.885842	0.452285	0.556469	3173	30.751517	0.631199	0.997297	29.313641	0.389994	0.587109	-0.323606	0.047048	-0.683317	-0.076623	True	0.690253	0.525002	0.746403	27.983497	0.998990	7543
7544.png	0.730424	0.579485	0.733765	0.580144	0.998044	0.999241	27.463195	0.997564	27.980733	0.511716	0.441344	0.722412	30.967464	0.574737	2145	4	6	15	13	2.014493	1.500000	276	278	505.557715	4.585353	0.027378	-0.000183	0.072799	0.000022	-0.000044	0.002432	563.213110	4	6	-2	15	13	2.014493	1.500000	4	0	276	278	248	1.818553	4.585353	505.557715	0.027378	45348	21.141259	30.552914	256x256	65536	sparse	Meijering	276	4	25	2022	31.252979	0.611592	27.999524	0.997608	0.509284	0.518779	7	4	0.000000	35	2132	31.520913	0.659502	0.997412	27.703418	0.566848	0.500758	4381	32.060040	0.708767	0.998820	31.223338	0.486583	0.491667	-0.018791	-0.077434	-0.285515	-0.036855	True	0.610932	0.441344	0.730607	27.390396	0.999219	7544
7545.png	0.725448	0.573754	0.729153	0.578264	0.986589	0.998758	27.492262	0.997022	27.924597	0.496592	0.525266	0.748452	30.428522	0.549004	2644	6	18	41	25	2.065574	3.000000	366	378	740.345191	4.143296	0.027740	-0.016292	-0.532081	-0.000179	-0.000527	0.002739	659.374237	6	18	-12	41	25	2.065574	3.000000	6	0	366	378	300	1.958585	4.143296	740.345191	0.027740	45659	17.268911	24.786687	256x256	65536	sparse	Meijering	366	6	29	2635	30.956822	0.615564	28.600418	0.997549	0.493852	0.435604	10	8	0.000000	35	2528	31.249258	0.664274	0.997243	28.156214	0.458457	0.506135	3392	31.315685	0.657679	0.998245	30.161330	0.496749	0.483430	-0.675821	0.089661	-0.528300	-0.066560	True	0.701803	0.525266	0.741740	28.024343	0.998937	7545
7546.png	0.702218	0.549593	0.709339	0.552759	0.989685	0.999228	27.873912	0.997048	28.285398	0.532385	0.541594	0.752497	30.214666	0.543476	2767	4	17	42	22	2.068063	4.250000	382	395	708.132289	4.242678	0.030260	0.007536	-0.092002	-0.000042	-0.000200	0.013340	620.980978	4	17	-13	42	22	2.068063	4.250000	4	0	382	395	318	1.792740	4.242678	708.132289	0.030260	45895	16.586556	23.684857	256x256	65536	sparse	Meijering	382	4	29	2679	30.831953	0.613310	28.594997	0.997248	0.519045	0.432586	12	7	0.000000	32	2570	31.055276	0.657246	0.996861	28.062434	0.524077	0.506509	3357	31.154663	0.651469	0.997989	30.065466	0.343683	0.511473	-0.309599	0.109008	-0.617287	-0.069834	True	0.719729	0.541594	0.694682	27.965915	0.999270	7546
7547.png	0.747959	0.356307	0.525408	0.356307	1.000000	0.999687	27.872085	0.997426	28.715104	0.358097	0.387374	0.751197	31.461984	0.592753	2049	5	9	30	23	2.029091	1.800000	275	279	553.790434	4.461918	0.032191	-0.010055	0.007576	0.000017	-0.000282	0.004296	588.415384	5	9	-4	30	23	2.029091	1.800000	5	0	275	279	222	1.984912	4.461918	553.790434	0.032191	44832	21.879941	31.984383	256x256	65536	sparse	Meijering	275	5	26	1924	31.763528	0.627368	29.035328	0.997708	0.353801	0.493383	4	0	0.900000	37	1970	32.022555	0.666454	0.997618	28.940394	0.488291	0.342941	4348	32.552268	0.725264	0.998715	31.617870	0.268551	0.360902	-0.320224	-0.106009	-0.301544	-0.034615	True	0.515675	0.387374	0.758014	27.864508	0.999670	7547
7549.png	0.631728	0.361093	0.530593	0.361328	0.998201	0.999544	27.862255	0.996572	28.404721	0.384865	0.289119	0.512667	30.281274	0.537036	2420	5	30	56	26	2.149254	6.000000	335	360	679.434941	4.633414	0.038460	0.006995	-0.146665	-0.000032	-0.000284	0.002704	635.859966	5	30	-25	56	26	2.149254	6.000000	5	1	335	360	253	1.887319	4.633414	679.434941	0.038460	45772	18.914050	27.080992	256x256	65536	sparse	Meijering	335	5	26	2257	30.778116	0.594674	28.736229	0.996856	0.382161	0.368716	11	1	0.400000	31	2352	31.060472	0.643796	0.996434	28.224909	0.329680	0.335612	3856	31.366780	0.672154	0.997712	30.383354	0.203018	0.372848	-0.331508	-0.079598	-0.496842	-0.057639	True	0.563951	0.289119	0.624733	28.008920	0.999576	7549
7550.png	0.697923	0.437915	0.609097	0.438469	0.997122	0.999403	27.866539	0.996795	28.458588	0.460277	0.429932	0.629726	31.509245	0.610798	2500	5	11	28	18	2.034682	2.200000	346	352	559.324618	4.641190	0.023213	-0.020319	-0.494863	-0.000065	-0.000535	-0.002867	576.196194	5	11	-6	28	18	2.034682	2.200000	5	1	346	352	300	1.588990	4.641190	559.324618	0.023213	44775	17.910000	26.214400	256x256	65536	sparse	Meijering	346	5	32	2499	32.015203	0.659230	29.209822	0.997330	0.463145	0.466816	9	0	0.100000	42	2208	32.221147	0.687771	0.997241	29.051758	0.433342	0.449858	3651	32.421140	0.707031	0.998306	31.244883	0.384742	0.448450	-0.751235	-0.036884	-0.505958	-0.048431	True	0.682729	0.429932	0.718242	28.361402	0.999467	7550
7551.png	0.719193	0.404511	0.576017	0.404658	0.999102	0.999486	27.536397	0.997170	28.627691	0.431116	0.334537	0.658077	31.191861	0.587424	2258	6	13	31	23	2.045455	2.166667	308	315	551.037254	4.555142	0.030529	-0.002268	-0.267292	-0.000055	-0.000381	0.012994	702.828169	6	13	-7	31	23	2.045455	2.166667	6	0	308	315	254	1.749325	4.555142	551.037254	0.030529	44979	19.919841	29.023915	256x256	65536	sparse	Otsu	308	6	28	2243	31.573038	0.631521	29.023108	0.997552	0.418122	0.291780	12	2	0.000000	38	2256	31.837849	0.676460	0.997371	28.749858	0.372493	0.421972	3932	32.188620	0.703465	0.998499	31.486800	0.285173	0.423217	-0.395417	0.042758	-0.381177	-0.044097	True	0.508356	0.334537	0.721461	27.803689	0.999541	7551
7552.png	0.555154	0.555880	0.714554	0.562662	0.978778	0.999077	27.634315	0.997635	28.217312	0.378418	0.184900	0.335772	30.922375	0.573740	2264	6	10	23	19	2.027027	1.666667	296	300	525.742243	4.399621	0.023102	0.027848	-0.156023	-0.000139	-0.000240	0.022781	582.181454	6	10	-4	23	19	2.027027	1.666667	6	0	296	300	254	1.752474	4.399621	525.742243	0.023102	45332	20.022968	28.946996	256x256	65536	sparse	Meijering	296	6	27	2245	31.254827	0.617002	28.413262	0.997874	0.355638	0.179341	17	2	0.000000	35	2190	31.519930	0.659274	0.997622	28.017609	0.236033	0.342329	3954	31.930287	0.693329	0.998839	31.455532	0.189416	0.365619	-0.195950	0.005559	-0.332452	-0.043262	True	0.550671	0.184900	0.527306	27.790338	0.999217	7552
7553.png	0.744073	0.494661	0.661904	0.498784	0.983562	0.999277	27.973382	0.997024	28.728627	0.488889	0.598815	0.904883	31.368855	0.593739	2310	4	9	28	19	2.031348	2.250000	319	324	658.651698	4.903607	0.031793	0.012975	-0.297317	-0.000067	-0.000133	0.012467	671.791792	4	9	-5	28	19	2.031348	2.250000	4	0	319	324	272	2.032876	4.903607	658.651698	0.031793	45002	19.481385	28.370563	256x256	65536	sparse	Meijering	319	4	29	2286	31.730521	0.638937	29.033327	0.997157	0.476422	0.484439	8	4	0.000000	38	2226	31.938123	0.677901	0.996982	28.657733	0.432586	0.478562	3900	32.236453	0.705086	0.998344	31.248807	0.401503	0.471567	-0.304699	0.114376	-0.361666	-0.045198	True	0.661760	0.598815	0.731098	28.270698	0.999344	7553
7554.png	0.682132	0.585695	0.738723	0.588133	0.992970	0.998840	27.569440	0.996587	28.149837	0.586911	0.372589	0.616200	30.337567	0.541810	2221	5	11	23	17	2.042105	2.200000	285	291	633.296396	5.836382	0.020474	0.010768	-0.091937	-0.000048	0.000058	0.026884	746.408463	5	11	-6	23	17	2.042105	2.200000	5	0	285	291	245	2.176276	5.836382	633.296396	0.020474	45795	20.619090	29.507429	256x256	65536	sparse	Otsu	285	5	25	2221	30.687770	0.593483	28.133638	0.996530	0.560028	0.501203	9	11	0.000000	30	1980	30.889020	0.626813	0.995981	27.642460	0.406799	0.570537	4179	31.431988	0.684947	0.997988	30.510472	0.274967	0.567324	0.016199	-0.128613	-0.350203	-0.051673	True	0.604656	0.372589	0.671364	27.661376	0.998888	7554
7555.png	0.788789	0.688267	0.815353	0.689060	0.998331	0.998841	27.617810	0.997272	28.067369	0.675976	0.622178	0.908366	31.504383	0.607165	2205	4	6	16	13	2.014337	1.500000	279	281	546.684204	4.396905	0.024991	0.001447	-0.147224	-0.000033	-0.000078	0.011100	574.835062	4	6	-2	16	13	2.014337	1.500000	4	0	279	281	250	1.945495	4.396905	546.684204	0.024991	44951	20.385941	29.721542	256x256	65536	sparse	Otsu	279	4	27	2060	31.758357	0.638988	28.216808	0.997350	0.664875	0.606759	6	5	0.000000	38	2080	32.022022	0.678381	0.997258	28.206006	0.685257	0.669866	4252	32.537683	0.722722	0.998781	31.627374	0.472708	0.647217	-0.149439	0.015419	-0.253974	-0.031823	True	0.684942	0.622178	0.787342	27.765034	0.998874	7555
7556.png	0.649301	0.562205	0.719758	0.565545	0.989605	0.999062	28.531807	0.997121	28.978924	0.453181	0.252312	0.383044	31.660007	0.605385	2265	4	22	38	14	2.107463	5.500000	335	353	625.691440	4.349283	0.031299	0.002921	-0.493647	-0.000170	-0.000361	0.007417	645.600080	4	22	-18	38	14	2.107463	5.500000	4	2	335	353	283	1.772497	4.349283	625.691440	0.031299	44536	19.662693	28.934216	256x256	65536	sparse	Meijering	335	4	30	2236	31.996947	0.647586	29.413734	0.997482	0.445764	0.287042	12	3	0.000000	41	2012	32.276608	0.679802	0.997360	29.223374	0.250238	0.420032	4134	32.651386	0.725483	0.998510	31.721839	0.171385	0.421177	-0.434810	-0.034731	-0.336940	-0.042202	True	0.658702	0.252312	0.646381	29.025454	0.999232	7556
7557.png	0.693733	0.541998	0.702981	0.543501	0.994924	0.999199	27.645034	0.997312	28.208604	0.528903	0.412998	0.534721	31.075428	0.584447	2472	4	21	44	20	2.102719	5.250000	331	348	627.561695	4.420417	0.028221	0.010576	-0.286703	-0.000080	-0.000342	0.026131	605.085135	4	21	-17	44	20	2.102719	5.250000	4	0	331	348	267	1.803338	4.420417	627.561695	0.028221	45237	18.299757	26.511327	256x256	65536	sparse	Meijering	331	4	29	2462	31.426681	0.634753	28.631140	0.997654	0.502772	0.432208	10	3	0.000000	38	2442	31.763016	0.678887	0.997551	28.524357	0.494508	0.475580	3689	31.964481	0.690903	0.998472	30.694402	0.583138	0.512465	-0.422536	-0.019210	-0.351254	-0.050306	True	0.772362	0.412998	0.683157	27.931737	0.999279	7557
7558.png	0.709766	0.440823	0.611905	0.441277	0.997671	0.999502	27.196899	0.997795	28.083609	0.397484	0.418707	0.597889	30.524758	0.554211	2431	4	18	42	20	2.086420	4.500000	324	338	587.985195	4.414467	0.031401	-0.012887	-0.120622	-0.000030	-0.000253	0.003451	567.120790	4	18	-14	42	20	2.086420	4.500000	4	1	324	338	262	1.739601	4.414467	587.985195	0.031401	45658	18.781571	26.958453	256x256	65536	sparse	Meijering	324	4	27	2382	30.977763	0.610702	28.416137	0.998048	0.394033	0.438500	7	2	0.125000	33	2234	31.201411	0.650685	0.997732	27.936288	0.495069	0.380364	3678	31.492549	0.668924	0.998649	30.361214	0.486094	0.389232	-0.332527	-0.019793	-0.453006	-0.056491	True	0.700308	0.418707	0.722653	27.317521	0.999532	7558
7559.png	0.675068	0.506149	0.672110	0.509478	0.987256	0.999331	27.094079	0.997706	27.863475	0.432986	0.438500	0.665702	30.943220	0.573681	2187	4	9	24	16	2.034843	2.250000	287	292	565.785986	4.463800	0.027197	-0.000775	-0.192114	-0.000082	-0.000186	0.007067	593.387127	4	9	-5	24	16	2.034843	2.250000	4	0	287	292	247	1.937623	4.463800	565.785986	0.027197	45403	20.760402	29.966164	256x256	65536	sparse	Meijering	287	4	26	2176	31.209833	0.615986	28.138825	0.997892	0.425919	0.351115	8	0	0.500000	34	2006	31.468835	0.651835	0.997695	27.882344	0.376558	0.427079	3981	31.928131	0.693655	0.998854	31.251842	0.284662	0.421277	-0.275349	0.087384	-0.266613	-0.042305	True	0.658702	0.438500	0.675843	27.286193	0.999413	7559
7560.png	0.689379	0.565891	0.722772	0.566585	0.997842	0.999223	27.617558	0.997365	28.228757	0.462887	0.489994	0.927006	31.164261	0.581126	2022	5	7	21	18	2.014981	1.400000	267	269	485.195773	4.565057	0.027965	0.028556	-0.097388	-0.000024	-0.000233	0.024570	582.550764	5	7	-2	21	18	2.014981	1.400000	5	0	267	269	228	1.803702	4.565057	485.195773	0.027965	45173	22.340752	32.411474	256x256	65536	sparse	Meijering	267	5	26	2000	31.427962	0.616606	28.454682	0.997598	0.438317	0.399504	8	7	0.000000	36	1966	31.673338	0.656346	0.997411	28.208796	0.336350	0.417892	4457	32.277257	0.717360	0.998764	31.473706	0.321975	0.441176	-0.225925	0.090490	-0.263701	-0.035480	True	0.528577	0.489994	0.660823	27.714946	0.999247	7560
7561.png	0.623833	0.448006	0.618790	0.450089	0.989772	0.999202	27.971065	0.997572	28.795233	0.353593	0.295312	0.492282	31.431909	0.596726	2255	4	10	23	15	2.039604	2.500000	303	309	516.410912	4.566809	0.022934	0.003094	-0.279182	-0.000128	-0.000281	0.008692	555.119753	4	10	-6	23	15	2.039604	2.500000	4	0	303	309	265	1.671233	4.566809	516.410912	0.022934	44906	19.913969	29.062528	256x256	65536	sparse	Meijering	303	4	28	2238	31.746402	0.638215	29.208822	0.997853	0.344902	0.254936	14	0	0.000000	40	2184	32.075144	0.677682	0.997586	28.872611	0.361663	0.337388	4216	32.433220	0.718011	0.998666	31.569633	0.218599	0.339771	-0.413588	0.040375	-0.314493	-0.041489	True	0.599884	0.295312	0.620740	28.250248	0.999330	7561
7562.png	0.643758	0.487027	0.655035	0.491582	0.981329	0.999197	27.392903	0.997025	28.094764	0.469974	0.318414	0.482150	30.188263	0.528713	2257	5	17	41	26	2.078689	3.400000	305	317	614.095972	4.484163	0.032314	-0.013130	-0.234239	-0.000129	-0.000191	-0.000482	623.702526	5	17	-12	41	26	2.078689	3.400000	5	0	305	317	238	1.937211	4.484163	614.095972	0.032314	45901	20.337173	29.036774	256x256	65536	sparse	Meijering	305	5	25	2193	30.591185	0.584817	28.261931	0.997216	0.470456	0.365904	9	3	0.000000	30	2216	30.865907	0.632564	0.996760	27.713363	0.231317	0.444569	4174	31.348792	0.681050	0.998395	30.523612	0.198669	0.449739	-0.167167	-0.047490	-0.402921	-0.056104	True	0.660404	0.318414	0.656888	27.627142	0.999327	7562
7563.png	0.566159	0.435859	0.607106	0.438491	0.986418	0.999348	28.362235	0.997510	29.034472	0.291965	0.202814	0.324663	30.867713	0.561740	2522	6	26	60	32	2.108992	4.333333	367	387	686.795254	3.977908	0.036346	0.032825	0.123594	-0.000033	-0.000193	0.016116	613.225222	6	26	-20	60	32	2.108992	4.333333	6	0	367	387	275	1.774665	3.977908	686.795254	0.036346	45288	17.957177	25.985726	256x256	65536	sparse	Meijering	367	6	29	2423	31.287022	0.617133	29.115830	0.997702	0.275849	0.280277	9	0	0.750000	38	2426	31.638643	0.668273	0.997608	28.908133	0.265886	0.269985	3600	31.787111	0.682061	0.998418	30.969919	0.171201	0.271321	-0.081358	-0.077463	-0.419309	-0.055393	True	0.624689	0.202814	0.533333	28.238640	0.999381	7563
7564.png	0.635575	0.461538	0.631579	0.465797	0.980576	0.998986	27.698961	0.996281	28.566079	0.477050	0.432930	0.721369	31.192874	0.588326	2359	5	16	40	24	2.069182	3.200000	318	329	644.325125	4.768000	0.035060	-0.010977	-0.268143	-0.000179	-0.000292	-0.019294	624.866247	5	16	-11	40	24	2.069182	3.200000	5	0	318	329	254	1.958435	4.768000	644.325125	0.035060	44995	19.073760	27.781263	256x256	65536	sparse	Meijering	318	5	28	2281	31.524125	0.633674	28.810860	0.996574	0.496343	0.581048	8	14	0.000000	38	2254	31.837402	0.674283	0.996498	28.926974	0.511080	0.467260	3705	32.092218	0.695905	0.998102	31.348521	0.339293	0.462027	-0.244781	-0.148118	-0.331252	-0.045348	True	0.600150	0.432930	0.646552	27.967104	0.999165	7564
7565.png	0.664073	0.458222	0.628467	0.460840	0.987752	0.999248	27.702986	0.997107	28.427135	0.388035	0.283836	0.438048	31.205894	0.588864	2501	7	19	48	28	2.070588	2.714286	340	352	638.444003	4.108130	0.035320	0.009406	-0.423752	-0.000101	-0.000493	0.020304	605.736256	7	19	-12	48	28	2.070588	2.714286	7	1	340	352	264	1.813761	4.108130	638.444003	0.035320	45014	17.998401	26.203918	256x256	65536	sparse	Meijering	340	7	30	2487	31.639746	0.640121	29.069373	0.997600	0.367731	0.243208	15	1	0.428571	41	2356	31.948022	0.677710	0.997483	28.970451	0.233752	0.346774	3623	32.129273	0.693600	0.998352	31.272619	0.254226	0.357983	-0.642238	0.040628	-0.433852	-0.051256	True	0.647956	0.283836	0.654667	28.126738	0.999349	7565
7566.png	0.663174	0.531915	0.694444	0.532377	0.998370	0.999274	28.208227	0.997670	28.635383	0.431798	0.342953	0.678582	30.746085	0.553704	1995	5	8	19	17	2.022814	1.600000	263	266	540.272238	4.346479	0.029355	-0.004249	0.355122	0.000007	-0.000084	0.006331	602.833033	5	8	-3	19	17	2.022814	1.600000	5	0	263	266	227	2.031099	4.346479	540.272238	0.029355	45376	22.744862	32.850125	256x256	65536	sparse	Meijering	263	5	24	1987	30.995765	0.594636	28.562014	0.997754	0.425467	0.414331	8	6	0.000000	31	1930	31.274340	0.636035	0.997478	28.082193	0.312023	0.387658	4432	31.919316	0.708577	0.998694	30.980981	0.302324	0.417101	0.073369	-0.071378	-0.249680	-0.040932	True	0.505397	0.342953	0.667423	27.853105	0.999267	7566
7567.png	0.708883	0.515331	0.680156	0.515870	0.997976	0.999374	27.676349	0.996770	28.357626	0.523195	0.630892	0.862433	30.319123	0.541154	2479	4	20	43	21	2.098765	5.000000	324	340	634.735463	4.768382	0.025923	-0.005237	0.124274	0.000001	-0.000041	0.011161	712.048531	4	20	-16	43	21	2.098765	5.000000	4	0	324	340	260	1.866869	4.768382	634.735463	0.025923	45858	18.498588	26.436466	256x256	65536	sparse	Otsu	324	4	26	2302	30.745784	0.597396	28.439171	0.996811	0.512033	0.392366	11	5	0.000000	31	2238	30.971029	0.638716	0.996442	27.934013	0.460709	0.485874	3712	31.290229	0.668754	0.997955	30.502299	0.232961	0.505919	-0.081545	0.238527	-0.426661	-0.056241	True	0.731526	0.630892	0.714120	27.552075	0.999373	7567
7568.png	0.503848	0.494257	0.661542	0.507986	0.948153	0.998348	27.576239	0.996718	28.186049	0.342452	0.305307	0.496283	30.018114	0.521915	2826	10	25	63	38	2.075567	2.500000	397	412	802.864864	3.676453	0.040535	-0.005495	-0.881767	-0.000390	-0.000562	0.009234	656.364441	10	25	-15	63	38	2.075567	2.500000	10	0	397	412	296	1.948701	3.676453	802.864864	0.040535	45914	16.246992	23.190375	256x256	65536	sparse	Meijering	397	10	30	2777	30.734118	0.604586	28.873565	0.997280	0.333218	0.256563	17	4	0.000000	32	2580	30.956209	0.644587	0.996938	28.450338	0.224825	0.285913	3101	30.973603	0.632379	0.997812	30.121844	0.184538	0.323295	-0.687517	0.048745	-0.716004	-0.082671	True	0.615188	0.305307	0.509343	28.458006	0.998738	7568
7569.png	0.771364	0.538488	0.700023	0.543007	0.984781	0.999044	27.143514	0.997080	27.870213	0.533889	0.472708	0.651021	30.987381	0.581732	2446	5	12	33	21	2.042813	2.400000	327	334	635.884245	4.212791	0.027386	0.007338	-0.430870	-0.000125	-0.000415	0.022026	609.134912	5	12	-7	33	21	2.042813	2.400000	5	0	327	334	273	1.903845	4.212791	635.884245	0.027386	45147	18.457482	26.793132	256x256	65536	sparse	Meijering	327	5	28	2408	31.380832	0.630168	28.404342	0.997495	0.511863	0.499140	7	4	0.000000	37	2310	31.691322	0.674431	0.997325	28.203199	0.734197	0.521800	3780	31.992114	0.693018	0.998554	30.996486	0.498424	0.518337	-0.534129	-0.026432	-0.393450	-0.048436	True	0.726102	0.472708	0.764025	27.574384	0.999169	7569
7570.png	0.667122	0.580964	0.734949	0.586400	0.984293	0.998632	28.277679	0.996420	28.672150	0.530411	0.492538	0.706048	31.582369	0.617098	2620	4	28	56	22	2.137143	7.000000	350	374	709.348379	4.212410	0.041234	-0.006973	-0.630056	-0.000259	-0.000601	0.005208	598.898411	4	28	-24	56	22	2.137143	7.000000	4	1	350	374	272	1.896653	4.212410	709.348379	0.041234	44492	16.981679	25.013740	256x256	65536	sparse	Meijering	350	4	32	2471	32.123825	0.664104	29.384456	0.997021	0.525202	0.427838	12	6	0.000000	44	2620	32.455090	0.709433	0.996869	29.368269	0.341405	0.494242	3496	32.521495	0.708191	0.997973	31.346960	0.328402	0.500311	-0.712305	0.064700	-0.541456	-0.047006	True	0.697599	0.492538	0.674095	28.907735	0.998891	7570
7571.png	0.694073	0.499278	0.666025	0.500543	0.994964	0.999316	27.612888	0.997220	28.160243	0.454185	0.369863	0.624979	30.562464	0.552267	2502	5	29	59	22	2.136364	5.800000	352	376	700.978063	4.424839	0.034226	0.012904	-0.247472	-0.000061	-0.000391	0.020236	657.160282	5	29	-24	59	22	2.136364	5.800000	5	2	352	376	271	1.864303	4.424839	700.978063	0.034226	45556	18.207834	26.193445	256x256	65536	sparse	Meijering	352	5	28	2475	31.023543	0.612912	28.565803	0.997611	0.433949	0.451188	8	2	0.700000	35	2424	31.314394	0.660173	0.997282	28.207186	0.456649	0.428158	3736	31.536375	0.674891	0.998371	30.488536	0.454471	0.439942	-0.405560	-0.081325	-0.461079	-0.060645	True	0.591801	0.369863	0.681169	27.860360	0.999377	7571
7573.png	0.770159	0.575861	0.730853	0.581272	0.984093	0.998609	28.314645	0.996582	28.888031	0.556008	0.643503	0.913068	31.185952	0.590795	2456	5	8	21	17	2.018127	1.600000	331	334	624.519621	4.286660	0.031078	0.005626	-0.302408	-0.000145	-0.000324	0.016414	686.751366	5	8	-3	21	17	2.018127	1.600000	5	0	331	334	293	1.869819	4.286660	624.519621	0.031078	45062	18.347720	26.684039	256x256	65536	sparse	Meijering	331	5	29	2387	31.546993	0.634711	29.227208	0.996907	0.539593	0.633170	7	7	0.000000	40	2366	31.899936	0.679949	0.996757	28.987311	0.405479	0.532293	3647	32.037997	0.692211	0.998095	31.144505	0.291780	0.525101	-0.339177	0.010333	-0.361041	-0.043916	True	0.704770	0.643503	0.764533	28.617052	0.998754	7573
7574.png	0.711404	0.491897	0.659425	0.496025	0.983363	0.999293	27.508239	0.998108	28.222324	0.469316	0.576838	0.949662	30.686537	0.550491	2095	4	17	41	21	2.095238	4.250000	273	286	520.060785	4.691642	0.023411	0.007179	-0.261438	-0.000091	-0.000062	0.012362	613.859177	4	17	-13	41	21	2.095238	4.250000	4	0	273	286	211	1.818394	4.691642	520.060785	0.023411	45592	21.762291	31.282100	256x256	65536	sparse	Meijering	273	4	25	2050	30.988163	0.595514	28.259054	0.998170	0.456954	0.566559	5	3	0.000000	31	2038	31.190031	0.637510	0.997834	27.726951	0.407176	0.446996	4267	31.734953	0.695414	0.999008	31.112272	0.550671	0.465106	-0.036729	0.010279	-0.301627	-0.045023	True	0.607414	0.576838	0.704225	27.769677	0.999384	7574
7575.png	0.691619	0.491749	0.659292	0.494287	0.989668	0.999285	28.063803	0.997077	28.562171	0.469703	0.389819	0.562736	30.951034	0.569495	2397	5	19	41	22	2.082353	3.800000	340	354	587.506506	4.327850	0.026013	0.005497	-0.427380	-0.000105	-0.000411	0.011876	639.064550	5	19	-14	41	22	2.082353	3.800000	5	1	340	354	277	1.659623	4.327850	587.506506	0.026013	45250	18.877764	27.340843	256x256	65536	sparse	Meijering	340	5	29	2339	31.407010	0.623204	29.127001	0.997488	0.457827	0.503415	6	2	0.400000	37	2354	31.636507	0.666121	0.997235	28.751113	0.316139	0.476680	3762	31.866679	0.688870	0.998377	31.101235	0.315226	0.447426	-0.564831	-0.113595	-0.455976	-0.053709	True	0.692721	0.389819	0.686122	28.491184	0.999391	7575
7576.png	0.753329	0.541564	0.702617	0.542325	0.997416	0.999180	28.155710	0.997152	28.578732	0.511880	0.466816	0.770025	30.379433	0.543735	2436	5	14	40	24	2.054545	2.800000	330	339	644.620259	4.129837	0.032605	-0.003619	0.019011	-0.000005	-0.000274	0.012055	597.686291	5	14	-9	40	24	2.054545	2.800000	5	0	330	339	266	1.901535	4.129837	644.620259	0.032605	45632	18.732348	26.903120	256x256	65536	sparse	Meijering	330	5	27	2385	30.873726	0.603519	28.904914	0.997426	0.499824	0.480558	8	7	0.000000	31	2230	31.078243	0.642095	0.996877	28.213876	0.207356	0.485315	3669	31.362906	0.664957	0.998131	30.197768	0.220333	0.489184	-0.326182	-0.013742	-0.494293	-0.059784	True	0.606235	0.466816	0.756949	28.136699	0.999185	7576
7577.png	0.750169	0.502320	0.668726	0.502709	0.998463	0.999342	27.704649	0.997526	28.128229	0.492860	0.614032	0.934611	30.491013	0.548038	2333	4	6	18	15	2.012539	1.500000	319	321	567.060406	4.348422	0.023921	0.003641	0.017923	-0.000023	-0.000247	0.023614	589.698076	4	6	-2	18	15	2.012539	1.500000	4	0	319	321	286	1.766543	4.348422	567.060406	0.023921	45652	19.567938	28.090870	256x256	65536	sparse	Meijering	319	4	27	2311	30.959522	0.605067	28.421052	0.997774	0.469246	0.468169	7	2	0.000000	31	2118	31.094280	0.642563	0.997316	27.770918	0.457425	0.461896	4145	31.604353	0.689441	0.998683	30.683424	0.468738	0.468472	-0.292823	0.145863	-0.468509	-0.057030	True	0.656991	0.614032	0.746528	27.686726	0.999365	7577
7578.png	0.593298	0.466053	0.635793	0.470019	0.982215	0.999347	27.555565	0.997570	28.169561	0.329212	0.234072	0.423686	30.327754	0.536122	2350	7	22	45	28	2.094044	3.142857	319	334	642.689708	4.201743	0.037934	-0.007310	-0.338673	-0.000066	-0.000189	-0.007732	614.270449	7	22	-15	45	28	2.094044	3.142857	7	0	319	334	246	1.924221	4.201743	642.689708	0.037934	45729	19.459149	27.887660	256x256	65536	sparse	Meijering	319	7	26	2214	30.792436	0.593070	28.412054	0.997759	0.336944	0.349491	8	2	0.000000	32	2252	31.052852	0.639405	0.997610	28.070225	0.487267	0.299304	3853	31.416906	0.670869	0.998587	30.695221	0.254226	0.299033	-0.242493	-0.115419	-0.464682	-0.056947	True	0.552465	0.234072	0.600607	27.894238	0.999413	7578
7579.png	0.544379	0.314827	0.478888	0.315789	0.990415	0.999490	27.950323	0.996852	28.399541	0.210847	0.155773	0.327709	29.864074	0.514199	3068	18	39	94	62	2.094170	2.166667	446	467	910.692989	3.132195	0.055847	0.052087	-0.690272	-0.000094	-0.000909	0.036654	649.981022	18	39	-21	94	62	2.094170	2.166667	18	1	446	467	290	1.950092	3.132195	910.692989	0.055847	45930	14.970665	21.361147	256x256	65536	sparse	Meijering	446	18	32	2975	30.796307	0.608694	29.581550	0.997761	0.174194	0.292285	7	1	0.694444	36	3046	31.118182	0.667894	0.997659	29.470148	0.184241	0.186630	3077	30.871984	0.625582	0.997774	29.697598	0.150287	0.177250	-1.182008	-0.136513	-0.932232	-0.094495	True	0.475337	0.155773	0.492292	28.640595	0.999584	7579
7581.png	0.721554	0.643492	0.783079	0.647493	0.990488	0.998709	27.923100	0.996926	28.327176	0.568765	0.667129	1.067938	31.296104	0.591510	2178	4	14	29	17	2.071429	3.500000	280	290	604.479285	4.353367	0.023582	-0.006570	-0.149560	-0.000077	-0.000251	0.002111	596.141100	4	14	-10	29	17	2.071429	3.500000	4	0	280	290	234	2.084411	4.353367	604.479285	0.023582	45011	20.666208	30.089991	256x256	65536	sparse	Otsu	280	4	27	2174	31.491315	0.627160	28.601696	0.997177	0.566654	0.541594	6	7	0.000000	36	2152	31.827103	0.674618	0.996852	28.119139	0.414331	0.553051	4324	32.365118	0.717364	0.998414	31.562261	0.510808	0.553051	-0.274519	0.125535	-0.195211	-0.035650	True	0.624689	0.667129	0.728123	28.072660	0.998786	7581
7582.png	0.592222	0.504407	0.670573	0.516895	0.954293	0.998691	27.327033	0.996876	28.154388	0.409182	0.249532	0.349033	29.870883	0.520056	2692	10	16	43	34	2.033149	1.600000	362	368	710.053238	3.711040	0.037098	0.003480	-1.014410	-0.000336	-0.000472	0.026367	616.248131	10	16	-6	43	34	2.033149	1.600000	10	1	362	368	285	1.929492	3.711040	710.053238	0.037098	46045	17.104383	24.344725	256x256	65536	sparse	Meijering	362	10	28	2649	30.588265	0.597237	28.803544	0.997348	0.382815	0.318414	12	1	0.900000	31	2632	30.839729	0.645733	0.996889	28.203535	0.282273	0.356594	3392	30.943449	0.640676	0.997877	29.886046	0.211872	0.368702	-0.649157	-0.068882	-0.717382	-0.077181	True	0.714924	0.249532	0.588742	28.341443	0.999027	7582
7583.png	0.520339	0.479964	0.648615	0.484078	0.982598	0.998992	28.126400	0.995523	28.885293	0.330477	0.329680	0.465842	31.172266	0.584054	2417	4	30	60	25	2.153392	7.500000	339	365	639.372826	5.353683	0.028569	0.012986	-0.214740	-0.000118	-0.000217	0.007146	701.174259	4	30	-26	60	25	2.153392	7.500000	4	0	339	365	254	1.751706	5.353683	639.372826	0.028569	45025	18.628465	27.114605	256x256	65536	sparse	Otsu	339	4	29	2337	31.524579	0.630986	29.152396	0.995740	0.323331	0.403778	7	3	0.000000	39	2408	31.877058	0.676964	0.995764	29.185056	0.246731	0.301592	3649	32.069992	0.693343	0.997380	31.337882	0.211872	0.320576	-0.267103	-0.074098	-0.352312	-0.046933	True	0.707707	0.329680	0.507353	28.341141	0.999111	7583
7584.png	0.737416	0.591001	0.742930	0.592404	0.996009	0.998867	28.027760	0.997195	28.466387	0.538435	0.452285	0.686275	31.478008	0.605925	2461	4	7	18	14	2.018018	1.750000	333	336	646.492576	4.321291	0.025701	0.004082	-0.305811	-0.000108	-0.000396	0.005215	628.384113	4	7	-3	18	14	2.018018	1.750000	4	0	333	336	301	1.924085	4.321291	646.492576	0.025701	44835	18.218204	26.629825	256x256	65536	sparse	Meijering	333	4	30	2457	31.769055	0.648849	28.959352	0.997591	0.533220	0.522886	8	5	0.000000	41	2260	32.154484	0.688109	0.997387	28.821653	0.608254	0.523535	3510	32.219340	0.696959	0.998429	30.981034	0.465954	0.515223	-0.492965	-0.070601	-0.291047	-0.042923	True	0.659043	0.452285	0.733333	28.333571	0.998976	7584
7585.png	0.563050	0.540505	0.701725	0.549115	0.971809	0.998895	27.446441	0.997864	28.204162	0.377709	0.323695	0.571772	30.941809	0.565141	2048	4	17	38	20	2.094891	4.250000	274	287	530.902314	4.501680	0.027466	-0.021733	-0.095639	-0.000089	-0.000016	-0.024946	578.426838	4	17	-13	38	20	2.094891	4.250000	4	0	274	287	216	1.849834	4.501680	530.902314	0.027466	45324	22.130859	32.000000	256x256	65536	sparse	Meijering	274	4	25	1974	31.159741	0.601700	28.214799	0.997880	0.402655	0.324296	10	2	0.000000	32	1914	31.442998	0.642410	0.997598	27.833035	0.524791	0.424845	4669	32.127864	0.717697	0.998922	31.312390	0.294671	0.373009	-0.010637	-0.000601	-0.217932	-0.036559	True	0.566126	0.323695	0.584783	27.542080	0.998984	7585
7586.png	0.712147	0.487573	0.655528	0.492255	0.980864	0.998829	27.331408	0.996666	27.984046	0.414634	0.282103	0.416716	29.972515	0.527305	2976	9	36	85	41	2.128571	4.000000	420	447	862.746921	3.588995	0.046850	0.006333	-0.306569	-0.000132	-0.000541	0.000777	648.865223	9	36	-27	85	41	2.128571	4.000000	9	1	420	447	294	1.930083	3.588995	862.746921	0.046850	45976	15.448925	22.021505	256x256	65536	sparse	Meijering	420	9	30	2857	30.678499	0.608953	28.541543	0.997207	0.413857	0.381217	10	2	0.444444	34	2944	31.010799	0.668191	0.996933	28.153438	0.394681	0.402164	3193	30.895334	0.634012	0.997781	29.567899	0.384583	0.417440	-0.557497	-0.099114	-0.705984	-0.081648	True	0.676967	0.282103	0.705815	27.637977	0.998961	7586
7587.png	0.719570	0.580266	0.734390	0.590438	0.971166	0.999157	27.301227	0.997693	28.109965	0.537788	0.481670	0.680606	30.806654	0.562854	2167	4	10	26	17	2.042403	2.500000	283	289	584.416283	4.919800	0.029556	0.017146	-0.124864	-0.000075	-0.000004	0.026633	641.593218	4	10	-6	26	17	2.042403	2.500000	4	0	283	289	240	2.022202	4.919800	584.416283	0.029556	45448	20.972773	30.242732	256x256	65536	sparse	Otsu	283	4	26	2149	31.093394	0.608353	28.102657	0.997697	0.511155	0.526056	6	8	0.000000	32	2142	31.333250	0.650517	0.997391	27.591346	0.401503	0.501992	4113	31.831134	0.696371	0.998843	31.145120	0.419578	0.513147	0.007307	-0.044386	-0.286740	-0.045499	True	0.707707	0.481670	0.702424	27.426092	0.999231	7587
7588.png	0.686186	0.402207	0.573677	0.403421	0.992574	0.999420	27.828506	0.997321	28.426774	0.343593	0.314894	0.461873	30.516059	0.552017	2705	8	21	56	34	2.068783	2.625000	378	391	707.905058	3.733054	0.040065	-0.001408	-0.382036	-0.000104	-0.000438	0.001876	590.292931	8	21	-13	56	34	2.068783	2.625000	8	0	378	391	288	1.810499	3.733054	707.905058	0.040065	45555	16.841035	24.227726	256x256	65536	sparse	Meijering	378	8	30	2688	31.095202	0.620646	28.950599	0.997758	0.341717	0.466647	7	1	0.437500	37	2704	31.408231	0.674684	0.997530	28.564543	0.388598	0.352094	3434	31.456047	0.659359	0.998271	30.434470	0.379840	0.342608	-0.523825	-0.151753	-0.579142	-0.068628	True	0.681776	0.314894	0.687595	28.210543	0.999524	7588
7589.png	0.701314	0.600727	0.750567	0.608092	0.980237	0.998621	27.976295	0.996179	28.067274	0.538493	0.583555	0.925871	30.908158	0.586877	2109	4	13	30	16	2.062069	3.250000	290	299	648.093086	4.720933	0.025221	-0.007400	-0.336955	-0.000226	-0.000683	0.012951	664.316654	4	13	-9	30	16	2.062069	3.250000	4	1	290	299	244	2.167535	4.720933	648.093086	0.025221	44778	21.231863	31.074443	256x256	65536	sparse	Otsu	290	4	27	2092	31.591938	0.627891	28.887757	0.996862	0.525541	0.704770	4	9	0.000000	38	2108	31.963153	0.669767	0.996827	28.943873	0.354674	0.542228	4464	32.505960	0.727427	0.998374	31.755857	0.365796	0.521029	-0.820483	-0.121215	-0.683780	-0.041014	True	0.630277	0.583555	0.708714	28.313250	0.998846	7589
7590.png	0.627180	0.592622	0.744209	0.597074	0.987574	0.999004	27.546950	0.997566	28.206695	0.465401	0.421124	0.707708	31.335483	0.592748	2158	4	4	11	12	2.000000	1.000000	283	283	509.630506	4.411041	0.020220	-0.000390	-0.170598	-0.000104	-0.000132	0.006113	560.000896	4	4	0	11	12	2.000000	1.000000	4	0	283	283	260	1.800815	4.411041	509.630506	0.020220	45078	20.888786	30.368860	256x256	65536	sparse	Meijering	283	4	27	2131	31.507839	0.627477	28.284507	0.997697	0.459289	0.405479	7	0	0.625000	37	2126	31.851351	0.670838	0.997624	28.193243	0.454315	0.458679	4323	32.386021	0.718558	0.998763	31.376449	0.252671	0.468960	-0.077812	0.015644	-0.172357	-0.034729	True	0.595053	0.421124	0.627570	27.717548	0.999108	7590
7591.png	0.517738	0.529572	0.692444	0.532468	0.989835	0.998820	27.942439	0.996703	28.191485	0.392577	0.250988	0.428880	30.230547	0.533931	2602	5	20	48	26	2.081301	4.000000	369	384	747.707278	4.353580	0.032460	0.009642	-0.442815	-0.000158	-0.000410	0.010245	656.201363	5	20	-15	48	26	2.081301	4.000000	5	0	369	384	295	1.947154	4.353580	747.707278	0.032460	45848	17.620292	25.186779	256x256	65536	sparse	Meijering	369	5	28	2589	30.765674	0.603778	28.726085	0.997113	0.382333	0.268384	16	4	0.000000	33	2568	31.068503	0.650468	0.996824	28.281733	0.272943	0.361557	3510	31.182122	0.652621	0.997904	30.127937	0.249238	0.373379	-0.534600	-0.017397	-0.535127	-0.069847	True	0.585217	0.250988	0.508096	28.385254	0.998978	7591
7592.png	0.683302	0.530340	0.693101	0.534884	0.984234	0.998935	27.353897	0.996208	28.254467	0.557557	0.511297	0.828538	31.238532	0.595300	2447	4	13	32	18	2.055215	3.250000	326	335	627.720149	5.258830	0.021802	0.005582	-0.391171	-0.000160	-0.000245	0.001866	713.228464	4	13	-9	32	18	2.055215	3.250000	4	0	326	335	276	1.873791	5.258830	627.720149	0.021802	45031	18.402534	26.782182	256x256	65536	sparse	Otsu	326	4	29	2350	31.613279	0.639739	28.564054	0.996453	0.555692	0.620375	7	11	0.000000	38	2198	31.843604	0.671237	0.996207	28.477180	0.663784	0.536861	3741	32.127915	0.697281	0.998059	31.228056	0.439240	0.532579	-0.309587	-0.109078	-0.374747	-0.044439	True	0.617107	0.511297	0.677721	27.745067	0.999095	7592
7593.png	0.638747	0.445196	0.616105	0.448534	0.983558	0.999296	27.611573	0.996801	28.313747	0.413664	0.249863	0.412156	30.887793	0.570592	2388	5	13	30	22	2.049383	2.600000	324	332	549.712697	4.617737	0.033591	-0.003189	-0.148869	-0.000087	-0.000354	0.002280	607.768059	5	13	-8	30	22	2.049383	2.600000	5	0	324	332	272	1.655761	4.617737	549.712697	0.033591	45366	18.997487	27.443886	256x256	65536	sparse	Meijering	324	5	28	2335	31.328693	0.623247	28.776741	0.997155	0.411384	0.319859	11	2	0.000000	35	2174	31.520615	0.658831	0.996981	28.337533	0.477208	0.392638	3946	31.917693	0.694230	0.998377	31.350147	0.354121	0.400477	-0.462994	-0.069995	-0.440900	-0.052655	True	0.606235	0.249863	0.641935	27.760441	0.999383	7593
7594.png	0.648419	0.448561	0.619320	0.449980	0.993019	0.999419	27.859517	0.997486	28.594765	0.391150	0.479691	0.750215	31.069098	0.573406	2048	4	6	17	15	2.014286	1.500000	280	282	536.565100	4.634947	0.019630	0.018474	-0.173264	-0.000050	-0.000204	0.013530	611.338615	4	6	-2	17	15	2.014286	1.500000	4	0	280	282	248	1.902713	4.634947	536.565100	0.019630	45166	22.053711	32.000000	256x256	65536	sparse	Meijering	280	4	26	1953	31.403185	0.610704	28.865316	0.997690	0.377620	0.368716	8	0	0.500000	33	1946	31.626937	0.653235	0.997463	28.510713	0.288230	0.336892	4464	32.269023	0.719257	0.998731	31.621214	0.256398	0.369668	-0.270551	0.110975	-0.334087	-0.037298	True	0.639405	0.479691	0.629946	28.032781	0.999470	7594
7595.png	0.573427	0.442642	0.613655	0.445568	0.985383	0.999242	27.929211	0.997326	28.675452	0.335148	0.339660	0.718541	31.266807	0.584639	2312	6	16	35	24	2.060423	2.666667	331	341	598.608894	4.602743	0.029269	0.007209	-0.446939	-0.000082	-0.000327	0.019440	642.142057	6	16	-10	35	24	2.060423	2.666667	6	0	331	341	272	1.755451	4.602743	598.608894	0.029269	44864	19.404844	28.346021	256x256	65536	sparse	Meijering	331	6	28	2210	31.585797	0.627619	29.060466	0.997653	0.315708	0.241463	11	1	0.083333	40	2250	31.986679	0.674789	0.997591	29.120617	0.244216	0.295101	3987	32.232554	0.704442	0.998535	31.547536	0.203126	0.310653	-0.385014	0.098197	-0.318990	-0.042980	True	0.472708	0.339660	0.566217	28.376150	0.999324	7595
7596.png	0.564228	0.614360	0.761119	0.623887	0.975748	0.997993	27.557487	0.995988	28.564309	0.499348	0.384645	0.535265	30.871378	0.574639	2515	5	24	46	20	2.112094	4.800000	339	358	715.355339	4.540113	0.036138	0.018477	-1.442728	-0.000630	-0.000700	0.046362	689.512491	5	24	-19	46	20	2.112094	4.800000	5	3	339	358	273	1.998199	4.540113	715.355339	0.036138	45162	17.957058	26.058052	256x256	65536	sparse	Otsu	339	5	30	2451	31.471394	0.629850	29.388203	0.996688	0.452986	0.324446	18	6	0.000000	39	2500	31.719893	0.678254	0.996518	29.087902	0.196963	0.432610	3808	31.942113	0.694734	0.997658	31.169711	0.148524	0.446124	-0.823895	0.060199	-0.600016	-0.055211	True	0.718606	0.384645	0.545752	29.000214	0.998623	7596
7597.png	0.718843	0.638683	0.779508	0.645607	0.983485	0.998705	27.936928	0.996709	28.223012	0.616210	0.431421	0.620055	30.947991	0.585981	2299	4	27	54	17	2.150820	6.750000	305	328	670.570689	4.299325	0.035890	-0.009272	-0.424769	-0.000142	-0.000392	0.018079	667.955160	4	27	-23	54	17	2.150820	6.750000	4	3	305	328	234	2.044423	4.299325	670.570689	0.035890	44922	19.539800	28.506307	256x256	65536	sparse	Otsu	305	4	28	2258	31.576282	0.632515	28.909265	0.997101	0.598131	0.800112	4	15	0.000000	38	2248	31.877489	0.676417	0.996895	28.753863	0.416085	0.602239	4022	32.235510	0.706608	0.998477	31.731138	0.401268	0.559284	-0.686253	-0.368691	-0.628290	-0.046534	True	0.695779	0.431421	0.728115	28.361698	0.998847	7597
7598.png	0.519666	0.577379	0.732074	0.595116	0.950913	0.998440	28.989896	0.996667	29.353109	0.375786	0.214246	0.392934	31.551587	0.595449	1961	5	7	17	17	2.014981	1.400000	267	269	579.700223	4.789912	0.026255	-0.008078	-0.311069	-0.000184	-0.000272	0.004526	624.069452	5	7	-2	17	17	2.014981	1.400000	5	0	267	269	233	2.155019	4.789912	579.700223	0.026255	44671	22.779704	33.419684	256x256	65536	sparse	Meijering	267	5	27	1940	31.860865	0.630074	29.609243	0.996940	0.371260	0.201927	18	5	0.000000	37	1756	32.063983	0.659775	0.996834	29.519068	0.160076	0.363243	4745	32.769961	0.741115	0.998156	31.974895	0.137478	0.352157	-0.256134	0.012318	-0.309278	-0.034625	True	0.545247	0.214246	0.527744	29.300965	0.998624	7598
7599.png	0.739820	0.526987	0.690231	0.528543	0.994444	0.999230	27.564982	0.996902	28.371126	0.546885	0.393469	0.587459	31.344480	0.602727	2487	4	8	19	13	2.023739	2.000000	337	341	582.659871	4.376429	0.023761	0.006127	-0.369147	-0.000093	-0.000404	0.023763	642.139196	4	8	-4	19	13	2.023739	2.000000	4	1	337	341	305	1.708680	4.376429	582.659871	0.023761	45000	18.094089	26.351427	256x256	65536	sparse	Otsu	337	4	30	2452	31.739378	0.647987	28.855699	0.997306	0.523122	0.576838	7	2	0.125000	40	2300	32.049258	0.686458	0.997153	28.653071	0.516482	0.499672	3589	32.155583	0.695513	0.998186	30.964089	0.509992	0.510827	-0.484573	-0.183369	-0.394897	-0.045260	True	0.669781	0.393469	0.733693	27.934129	0.999322	7599
7601.png	0.662121	0.580719	0.734753	0.586469	0.983398	0.998507	29.137706	0.995750	29.434162	0.483405	0.339660	0.591734	31.679780	0.609526	2247	6	8	23	20	2.012158	1.333333	329	331	612.279356	4.298242	0.031848	-0.005227	-0.348788	-0.000228	-0.000513	0.003365	611.299992	6	8	-2	23	20	2.012158	1.333333	6	0	329	331	286	1.849787	4.298242	612.279356	0.031848	44485	19.797508	29.165999	256x256	65536	sparse	Meijering	329	6	30	2183	32.112590	0.650227	29.934083	0.996263	0.480040	0.398117	13	12	0.000000	42	2224	32.364921	0.689578	0.996063	29.750193	0.179940	0.468057	4110	32.729565	0.731058	0.997423	31.674117	0.058144	0.473766	-0.499921	-0.058457	-0.432810	-0.040701	True	0.574007	0.339660	0.667348	29.486494	0.998735	7601
7602.png	0.505397	0.445659	0.616548	0.452585	0.966802	0.998538	27.699754	0.996362	28.147255	0.277375	0.228948	0.451244	30.282943	0.543096	3059	13	38	84	44	2.118765	2.923077	421	446	847.995503	3.512169	0.042224	0.017070	-0.889900	-0.000273	-0.000787	0.018021	637.123585	13	38	-25	84	44	2.118765	2.923077	13	3	421	446	293	1.901335	3.512169	847.995503	0.042224	45596	14.905525	21.423995	256x256	65536	sparse	Meijering	421	13	33	3004	31.177738	0.628304	29.198923	0.997149	0.259353	0.247986	12	5	0.628205	38	2828	31.467134	0.674065	0.997125	29.126396	0.262877	0.256418	664	30.451017	0.545087	0.996057	27.738694	0.286646	0.270219	-1.051668	-0.019037	-0.894795	-0.085208	True	0.507372	0.228948	0.488327	28.589654	0.998811	7602
7603.png	0.729485	0.576805	0.731613	0.578576	0.994723	0.999145	27.581785	0.996718	27.801356	0.516570	0.443451	0.653191	30.062499	0.542736	2591	4	15	41	22	2.066667	3.750000	330	341	653.815571	4.458100	0.037740	-0.024678	-0.039236	-0.000036	-0.000251	-0.000301	615.918875	4	15	-11	41	22	2.066667	3.750000	4	0	330	341	267	1.917348	4.458100	653.815571	0.037740	45932	17.727518	25.293709	256x256	65536	sparse	Meijering	330	4	28	2585	30.790520	0.609996	28.147003	0.996969	0.516871	0.528813	8	5	0.000000	32	2526	30.993544	0.654330	0.996541	27.579870	0.532334	0.500767	3448	31.169578	0.657258	0.997747	29.790158	0.526451	0.507975	-0.345647	-0.085362	-0.728021	-0.067260	True	0.678899	0.443451	0.754163	27.621020	0.999181	7603
7604.png	0.664474	0.543570	0.704302	0.545294	0.994216	0.999204	27.882126	0.997456	28.464189	0.429979	0.381217	0.614709	31.594867	0.609300	2574	4	11	26	16	2.036745	2.750000	381	388	684.986126	4.530504	0.017665	0.006611	-0.327000	-0.000084	-0.000394	0.004882	672.480822	4	11	-7	26	16	2.036745	2.750000	4	0	381	388	339	1.765428	4.530504	684.986126	0.017665	44731	17.378011	25.460761	256x256	65536	sparse	Meijering	381	4	32	2496	31.985225	0.656420	28.890107	0.997850	0.425097	0.312711	12	0	0.000000	43	2396	32.281205	0.696494	0.997722	28.939137	0.376246	0.401833	3667	32.454089	0.706893	0.998637	31.382293	0.339660	0.397251	-0.425918	0.068506	-0.390358	-0.047120	True	0.620158	0.381217	0.657863	28.209126	0.999288	7604
7605.png	0.623943	0.386560	0.557581	0.387755	0.992089	0.999341	28.743451	0.995549	28.916283	0.371200	0.292173	0.429552	30.633987	0.555680	2784	10	32	72	41	2.112532	3.200000	391	413	786.567299	3.789469	0.044735	0.015187	-0.470681	-0.000098	-0.000826	0.046626	651.691198	10	32	-22	72	41	2.112532	3.200000	10	1	391	413	278	1.904521	3.789469	786.567299	0.044735	45255	16.255388	23.540230	256x256	65536	sparse	Meijering	391	10	32	2717	31.384621	0.628405	29.807986	0.996375	0.324575	0.298326	14	2	0.300000	41	2740	31.712944	0.678997	0.996324	29.721325	0.156119	0.323511	3324	31.623654	0.665465	0.997224	30.750950	0.105092	0.342840	-0.891703	-0.006153	-0.750634	-0.072725	True	0.680181	0.292173	0.608756	29.214133	0.999439	7605
7606.png	0.746758	0.442879	0.613882	0.444063	0.994017	0.999568	27.579885	0.998141	28.185742	0.426011	0.449618	0.684359	30.437099	0.543526	2384	4	14	33	17	2.064516	3.500000	310	320	566.404266	4.250910	0.026357	-0.008234	-0.173113	-0.000032	-0.000216	0.000276	574.885845	4	14	-10	33	17	2.064516	3.500000	4	1	310	320	260	1.770013	4.250910	566.404266	0.026357	45744	19.187919	27.489933	256x256	65536	sparse	Meijering	310	4	26	2284	30.868909	0.599034	28.474813	0.998357	0.425735	0.617107	4	1	1.000000	31	2372	31.085481	0.649899	0.998065	27.748195	0.486583	0.418099	3902	31.417591	0.673225	0.998920	30.333126	0.573439	0.418862	-0.289071	-0.167489	-0.431810	-0.055508	True	0.656991	0.449618	0.754992	27.752998	0.999600	7606
7607.png	0.648290	0.396798	0.568154	0.397628	0.994764	0.999518	27.171058	0.996889	28.192601	0.418694	0.363646	0.637961	30.581962	0.557094	2286	4	15	36	19	2.073333	3.750000	300	311	593.489639	4.603226	0.028061	-0.021961	-0.223425	-0.000026	-0.000198	0.005718	616.670132	4	15	-11	36	19	2.073333	3.750000	4	1	300	311	245	1.908327	4.603226	593.489639	0.028061	45532	19.917760	28.668416	256x256	65536	sparse	Otsu	300	4	26	2161	31.047702	0.606150	28.543454	0.997087	0.412975	0.440102	8	3	0.000000	33	2230	31.281050	0.651870	0.996844	28.135168	0.401004	0.388211	4008	31.694091	0.689604	0.998153	30.787581	0.301326	0.407252	-0.350853	-0.076456	-0.465740	-0.049056	True	0.570013	0.363646	0.670251	27.394484	0.999545	7607
7608.png	0.662916	0.606352	0.754943	0.611848	0.985401	0.998368	27.816741	0.996931	28.439627	0.509760	0.515191	0.672047	30.595002	0.559914	2656	4	18	44	21	2.075881	4.500000	369	383	728.608564	4.240607	0.029534	0.001891	-0.481197	-0.000257	-0.000326	0.020109	627.036810	4	18	-14	44	21	2.075881	4.500000	4	1	369	383	304	1.902372	4.240607	728.608564	0.029534	45544	17.147590	24.674699	256x256	65536	sparse	Meijering	369	4	29	2537	31.156916	0.621930	28.821687	0.997257	0.489651	0.447517	12	8	0.000000	35	2422	31.357028	0.663866	0.996917	28.264608	0.399504	0.468629	3523	31.519609	0.668979	0.997932	30.312193	0.348044	0.496119	-0.382061	0.067673	-0.561914	-0.062015	True	0.766600	0.515191	0.661025	28.297937	0.998625	7608
7609.png	0.687459	0.542399	0.703319	0.543674	0.995696	0.999260	27.730756	0.997479	28.180427	0.450059	0.470947	0.720605	31.255370	0.587874	2143	4	11	29	17	2.048951	2.750000	286	293	524.834958	4.486262	0.026141	-0.014133	-0.012826	-0.000039	-0.000150	-0.009009	559.570551	4	11	-7	29	17	2.048951	2.750000	4	0	286	293	240	1.791246	4.486262	524.834958	0.026141	45039	21.016799	30.581428	256x256	65536	sparse	Meijering	286	4	27	2064	31.519062	0.623701	28.361400	0.997629	0.459068	0.370118	9	3	0.000000	36	1932	31.746165	0.659850	0.997357	27.980077	0.441699	0.454367	4338	32.323107	0.717508	0.998697	31.305192	0.249238	0.447709	-0.180972	0.100829	-0.263691	-0.035827	True	0.653544	0.470947	0.701592	27.743582	0.999298	7609
7610.png	0.761779	0.670816	0.802980	0.677025	0.986513	0.998439	27.426861	0.996945	27.885653	0.634742	0.795666	1.169786	30.120333	0.536406	2447	5	9	22	18	2.025316	1.800000	316	320	610.853418	4.526838	0.029285	0.003005	0.018918	-0.000050	-0.000088	0.012263	585.620642	5	9	-4	22	18	2.025316	1.800000	5	0	316	320	276	1.908917	4.526838	610.853418	0.029285	46046	18.817327	26.782182	256x256	65536	sparse	Otsu	316	5	25	2324	30.531915	0.592555	27.931193	0.997033	0.622479	0.651559	7	9	0.000000	30	2334	30.797304	0.640633	0.996458	27.281279	0.505617	0.595175	3776	31.102404	0.660552	0.998014	29.641211	0.633955	0.609845	-0.045540	0.144107	-0.411582	-0.056149	True	0.680181	0.795666	0.758774	27.407943	0.998490	7610
7611.png	0.704881	0.508632	0.674296	0.511178	0.990304	0.999274	27.824501	0.996929	28.118616	0.478261	0.388786	0.509501	30.001132	0.526302	2590	5	30	64	29	2.140056	6.000000	357	382	752.396026	4.131092	0.035839	-0.019456	-0.119615	-0.000042	-0.000423	-0.001739	605.988503	5	30	-25	64	29	2.140056	6.000000	5	1	357	382	264	1.969623	4.131092	752.396026	0.035839	45954	17.742857	25.303475	256x256	65536	sparse	Meijering	357	5	28	2582	30.663507	0.599261	28.589941	0.997352	0.480000	0.366771	13	7	0.000000	32	2494	30.889901	0.646026	0.997014	28.092672	0.284030	0.444925	3530	31.064266	0.651398	0.998279	30.361093	0.203345	0.457200	-0.471325	0.022015	-0.662375	-0.072959	True	0.763072	0.388786	0.724337	27.944116	0.999316	7611
7612.png	0.695470	0.400610	0.572050	0.401289	0.995791	0.999504	27.135002	0.997454	28.073036	0.418951	0.291507	0.505354	30.643247	0.558724	2375	4	14	33	20	2.063291	3.500000	316	326	604.224280	4.733917	0.030360	-0.009494	0.064716	0.000008	-0.000186	0.006468	594.079971	4	14	-10	33	20	2.063291	3.500000	4	0	316	326	263	1.853449	4.733917	604.224280	0.030360	45579	19.191158	27.594105	256x256	65536	sparse	Meijering	316	4	26	2180	31.036060	0.607172	28.235623	0.997640	0.412483	0.463590	7	3	0.000000	32	2238	31.293809	0.653429	0.997470	27.961363	0.440102	0.410448	3857	31.641138	0.681926	0.998561	30.584738	0.521521	0.409630	-0.162587	-0.172083	-0.392812	-0.048448	True	0.576838	0.291507	0.704965	27.070286	0.999496	7612
7613.png	0.706763	0.535868	0.697805	0.538359	0.991437	0.999228	27.284662	0.996707	27.662070	0.473702	0.437608	0.662636	30.108041	0.549667	2547	4	24	49	21	2.121212	6.000000	330	350	667.268988	4.422558	0.032117	-0.021480	-0.259328	-0.000094	-0.000486	-0.005541	701.914549	4	24	-20	49	21	2.121212	6.000000	4	1	330	350	260	1.906483	4.422558	667.268988	0.032117	45741	17.958775	25.730664	256x256	65536	sparse	Otsu	330	4	27	2366	30.920000	0.607141	28.293677	0.997193	0.479243	0.397098	10	4	0.000000	34	2514	31.192416	0.662146	0.997019	28.022545	0.593430	0.460976	3583	31.359921	0.663906	0.998043	30.181996	0.422409	0.474261	-0.631606	0.040510	-0.811959	-0.057475	True	0.660404	0.437608	0.728243	27.543990	0.999321	7613
7614.png	0.604426	0.456903	0.627225	0.459317	0.988628	0.999351	27.327884	0.997389	28.169517	0.351161	0.284337	0.547123	31.194350	0.588239	2461	5	17	40	22	2.070175	3.400000	342	354	625.673923	4.562783	0.025297	-0.002442	-0.453010	-0.000081	-0.000353	0.008083	623.723745	5	17	-12	40	22	2.070175	3.400000	5	0	342	354	280	1.767440	4.562783	625.673923	0.025297	45088	18.321008	26.629825	256x256	65536	sparse	Meijering	342	5	29	2358	31.563584	0.635394	28.672179	0.997742	0.343079	0.344594	8	1	0.200000	41	2394	31.954881	0.682503	0.997703	28.806288	0.384303	0.346249	3735	32.110719	0.694647	0.998638	31.319124	0.223791	0.341549	-0.502662	-0.060257	-0.369234	-0.047155	True	0.519695	0.284337	0.606868	27.780894	0.999432	7614
7616.png	0.678459	0.474284	0.643409	0.475156	0.996142	0.999145	28.006327	0.996570	28.650116	0.495416	0.647956	1.059929	31.473307	0.598878	2199	5	20	47	24	2.101351	4.000000	296	311	585.633077	4.506829	0.023839	0.010532	-0.302846	-0.000067	-0.000384	-0.001823	569.064379	5	20	-15	47	24	2.101351	4.000000	5	0	296	311	225	1.883065	4.506829	585.633077	0.023839	44702	20.328331	29.802638	256x256	65536	sparse	Meijering	296	5	27	2026	31.832705	0.635779	29.089566	0.996954	0.497240	0.433846	9	4	0.000000	40	2124	32.143750	0.675872	0.996765	29.114374	0.538528	0.483076	4032	32.481968	0.717181	0.998252	31.565981	0.270385	0.473181	-0.439450	0.214110	-0.359398	-0.036901	True	0.611320	0.647956	0.667927	28.309174	0.999212	7616
7617.png	0.801961	0.430199	0.601594	0.430199	1.000000	0.999592	27.256996	0.998133	27.961435	0.441860	0.493383	1.067800	30.105558	0.517640	2004	6	19	46	26	2.099237	3.166667	262	275	547.071189	4.097088	0.038718	0.000780	0.507476	0.000041	-0.000021	0.003114	584.648848	6	19	-13	46	26	2.099237	3.166667	6	0	262	275	190	1.989350	4.097088	547.071189	0.038718	45997	22.952595	32.702595	256x256	65536	sparse	Meijering	262	6	23	1976	30.428932	0.567204	27.798514	0.998154	0.438746	0.550671	4	3	0.000000	27	1822	30.622959	0.606980	0.997798	27.095138	0.370817	0.440911	4572	31.385579	0.691549	0.999057	30.615542	0.436357	0.443548	0.162920	-0.057288	-0.323374	-0.049564	True	0.462056	0.493383	0.801181	26.749520	0.999551	7617
7619.png	0.640083	0.517878	0.682371	0.519102	0.995468	0.999315	27.827605	0.997491	28.441479	0.408340	0.220680	0.355410	31.452261	0.597071	2134	4	16	32	18	2.083333	4.000000	288	300	536.902916	4.651679	0.028989	0.012439	-0.243486	-0.000053	-0.000249	0.020786	559.393883	4	16	-12	32	18	2.083333	4.000000	4	0	288	300	238	1.789676	4.651679	536.902916	0.028989	44901	21.040769	30.710403	256x256	65536	sparse	Meijering	288	4	27	2080	31.679185	0.633226	28.798248	0.997740	0.387554	0.221798	13	1	0.000000	38	2018	31.994188	0.670969	0.997662	28.685005	0.328189	0.367074	4184	32.433825	0.717893	0.998671	31.350977	0.207450	0.397794	-0.356769	-0.001118	-0.226924	-0.036155	True	0.620917	0.220680	0.627645	28.071090	0.999368	7619
7620.png	0.666336	0.504507	0.670661	0.507711	0.987647	0.998657	26.008207	0.995522	28.506665	0.490102	0.367814	0.542809	30.996030	0.593487	2466	4	19	40	20	2.092308	4.750000	325	340	603.903039	4.723732	0.026086	0.002746	-2.705904	-0.000575	-0.000726	0.023214	657.609224	4	19	-15	40	20	2.092308	4.750000	4	0	325	340	265	1.776185	4.723732	603.903039	0.026086	44953	18.229116	26.575831	256x256	65536	sparse	Otsu	325	4	30	2398	31.717476	0.643542	29.425462	0.996249	0.466888	0.322943	14	1	0.000000	39	2296	31.953196	0.679950	0.995902	28.903422	0.374429	0.446326	3616	32.129784	0.695516	0.997508	31.217440	0.288230	0.465397	-0.918797	0.044871	-0.721446	-0.050055	True	0.677612	0.367814	0.663590	28.714111	0.999232	7620
7621.png	0.631965	0.503197	0.669503	0.503600	0.998414	0.999402	27.495285	0.997788	27.997043	0.385446	0.246538	0.399506	30.069878	0.522019	2269	4	12	32	19	2.051780	3.000000	309	317	592.408723	4.229229	0.037545	-0.016862	0.176223	0.000021	-0.000124	-0.009754	589.514494	4	12	-8	32	19	2.051780	3.000000	4	0	309	317	258	1.868797	4.229229	592.408723	0.037545	46110	20.321728	28.883208	256x256	65536	sparse	Meijering	309	4	24	2160	30.426550	0.575884	28.070921	0.997912	0.395200	0.321588	10	1	0.000000	28	2068	30.672517	0.617796	0.997446	27.276870	0.335612	0.376649	3975	31.119161	0.661677	0.998527	30.055237	0.297231	0.372800	-0.073878	-0.075049	-0.356673	-0.053865	True	0.617107	0.246538	0.648827	27.319061	0.999381	7621
7622.png	0.729101	0.508664	0.674324	0.524623	0.943571	0.998873	27.585644	0.997503	28.112276	0.526835	0.408116	0.611750	30.177640	0.529142	2171	5	14	39	25	2.059801	2.800000	301	310	597.588363	4.406291	0.028761	-0.016716	-0.066766	-0.000072	-0.000145	0.007200	626.570225	5	14	-9	39	25	2.059801	2.800000	5	0	301	310	237	1.927704	4.406291	597.588363	0.028761	45905	21.144634	30.187011	256x256	65536	sparse	Meijering	301	5	24	2092	30.572126	0.580693	28.188412	0.997648	0.519635	0.569726	6	5	0.000000	29	2118	30.821111	0.626182	0.997035	27.454919	0.398646	0.525920	4390	31.444432	0.690416	0.998753	30.879722	0.297381	0.515823	-0.076136	-0.161610	-0.394486	-0.051551	True	0.667129	0.408116	0.745817	27.652411	0.998945	7622
7623.png	0.801681	0.411946	0.583515	0.411946	1.000000	0.999573	27.302100	0.997917	28.212541	0.413169	0.477954	0.854148	31.458458	0.599194	2132	4	6	21	17	2.013699	1.500000	292	294	497.756143	4.534917	0.029359	-0.008005	-0.128065	-0.000012	-0.000229	0.004306	547.261000	4	6	-2	21	17	2.013699	1.500000	4	0	292	294	254	1.693048	4.534917	497.756143	0.029359	44908	21.063790	30.739212	256x256	65536	sparse	Meijering	292	4	27	2109	31.686588	0.634259	28.520408	0.998146	0.408863	0.545247	5	2	0.000000	38	2082	32.058361	0.676250	0.998125	28.556106	0.472708	0.409634	4190	32.464175	0.719021	0.998927	31.340973	0.564822	0.400771	-0.307867	-0.067292	-0.228130	-0.035065	True	0.559568	0.477954	0.809686	27.430166	0.999585	7623
7624.png	0.505732	0.395166	0.566479	0.403330	0.951273	0.998914	27.976374	0.996569	28.640012	0.296966	0.223421	0.415349	30.473821	0.553066	3054	14	38	99	60	2.111628	2.714286	430	454	896.303421	3.476722	0.050357	0.005732	-0.848366	-0.000260	-0.000856	0.017373	639.184237	14	38	-24	99	60	2.111628	2.714286	14	0	430	454	271	1.974237	3.476722	896.303421	0.050357	45465	14.887033	21.459070	256x256	65536	sparse	Meijering	430	14	33	2985	31.306219	0.632967	29.646187	0.997425	0.279593	0.275664	8	0	0.785714	40	2738	31.614998	0.675175	0.997273	29.440188	0.192527	0.263320	660	30.637291	0.555868	0.996213	27.958140	0.266553	0.292450	-1.006175	-0.052243	-0.832398	-0.079901	True	0.537912	0.223421	0.500000	28.824740	0.999174	7624
7625.png	0.670535	0.593139	0.744617	0.606667	0.963768	0.998784	28.192309	0.996801	28.504809	0.524258	0.279940	0.423024	30.336051	0.542987	2322	5	16	37	20	2.070064	3.200000	314	325	643.661717	4.138535	0.026090	0.011935	-0.389458	-0.000131	-0.000239	0.025135	602.410078	5	16	-11	37	20	2.070064	3.200000	5	0	314	325	257	1.980498	4.138535	643.661717	0.026090	45622	19.647717	28.223945	256x256	65536	sparse	Meijering	314	5	26	2245	30.886442	0.598196	28.837547	0.997039	0.499124	0.346984	13	9	0.000000	30	2086	31.050100	0.633789	0.996572	28.246090	0.128268	0.497399	4027	31.512478	0.682399	0.998113	30.637862	0.107367	0.480809	-0.332738	-0.067044	-0.550391	-0.055209	True	0.661760	0.279940	0.658599	28.581767	0.998915	7625
7626.png	0.685987	0.484581	0.652819	0.484970	0.998350	0.999467	27.408611	0.997491	28.208726	0.435271	0.345576	0.606260	30.610147	0.553164	2246	4	12	30	19	2.051282	3.000000	312	320	543.016350	4.340650	0.024948	0.019565	0.039596	0.000004	-0.000108	0.012024	620.735884	4	12	-8	30	19	2.051282	3.000000	4	0	312	320	263	1.696926	4.340650	543.016350	0.024948	45616	20.309884	29.178985	256x256	65536	sparse	Otsu	312	4	25	2064	30.969654	0.597457	28.357509	0.997599	0.423246	0.408867	7	1	0.125000	31	2218	31.203739	0.647736	0.997296	27.869640	0.408867	0.403607	4258	31.714905	0.696219	0.998620	30.905915	0.408445	0.421643	-0.148783	-0.063291	-0.359507	-0.044294	True	0.570013	0.345576	0.666422	27.369015	0.999463	7626
7627.png	0.783406	0.462043	0.632051	0.462477	0.997976	0.999577	27.252376	0.998219	28.371234	0.493671	0.481077	0.903714	30.849202	0.559462	2014	4	16	42	21	2.089552	4.000000	268	280	546.131122	4.458147	0.036645	-0.026970	0.410625	0.000013	0.000101	0.007742	634.878874	4	16	-12	42	21	2.089552	4.000000	4	0	268	280	205	1.950468	4.458147	546.131122	0.036645	45429	22.556604	32.540218	256x256	65536	sparse	Otsu	268	4	24	1867	31.102007	0.596019	28.015861	0.998118	0.485929	0.525266	4	2	0.000000	32	1906	31.327443	0.639504	0.997946	27.491776	0.522886	0.480300	4480	31.962817	0.707558	0.999148	31.500879	0.415584	0.478893	0.355373	-0.044189	-0.252805	-0.036557	True	0.532334	0.481077	0.810376	26.841751	0.999564	7627
7628.png	0.647781	0.352713	0.521490	0.353124	0.996714	0.999550	28.140053	0.996847	28.960950	0.320294	0.196246	0.406181	31.544712	0.597084	2064	6	12	34	24	2.042553	2.000000	282	288	573.594398	4.425871	0.032968	0.006976	-0.072475	-0.000001	-0.000252	0.009856	597.575426	6	12	-6	34	24	2.042553	2.000000	6	0	282	288	224	1.991647	4.425871	573.594398	0.032968	44661	21.638081	31.751938	256x256	65536	sparse	Meijering	282	6	27	1933	31.870808	0.631168	29.345768	0.997099	0.310438	0.291780	8	0	0.833333	39	2006	32.147363	0.674198	0.997201	29.339909	0.261871	0.316402	4489	32.717849	0.732391	0.998384	32.044016	0.329680	0.308498	-0.384818	-0.095534	-0.326097	-0.034083	True	0.483149	0.196246	0.640805	28.212528	0.999551	7628
7629.png	0.652947	0.414097	0.585670	0.414097	1.000000	0.999585	27.130992	0.998165	28.099301	0.349455	0.302324	0.589040	31.209482	0.588949	2077	5	16	27	15	2.078571	3.200000	280	291	454.730516	4.509679	0.023050	-0.015003	-0.351450	-0.000017	-0.000291	0.000116	562.770128	5	16	-11	27	15	2.078571	3.200000	5	1	280	291	238	1.562648	4.509679	454.730516	0.023050	44875	21.605681	31.553202	256x256	65536	sparse	Meijering	280	5	26	1959	31.582005	0.621852	28.654372	0.998456	0.349339	0.387374	6	0	0.400000	36	2042	31.905591	0.667718	0.998281	28.526054	0.387374	0.340088	4518	32.523854	0.729586	0.999098	31.620971	0.372313	0.358590	-0.555072	-0.085050	-0.372523	-0.032903	True	0.513248	0.302324	0.667950	27.482442	0.999602	7629
7630.png	0.709443	0.420614	0.592158	0.423018	0.986667	0.999369	27.779617	0.997173	28.568904	0.377905	0.438232	0.870519	31.627265	0.605862	2265	6	18	41	24	2.075235	3.000000	319	331	553.801092	4.328900	0.036386	-0.008035	-0.450878	-0.000100	-0.000531	-0.012952	579.434872	6	18	-12	41	24	2.075235	3.000000	6	0	319	331	254	1.673115	4.328900	553.801092	0.036386	44569	19.677263	28.934216	256x256	65536	sparse	Meijering	319	6	30	2235	31.999041	0.648463	29.190295	0.997705	0.390857	0.432586	6	1	0.500000	41	2060	32.277190	0.680330	0.997673	29.118584	0.320683	0.393524	3841	32.561686	0.713679	0.998569	31.420085	0.297657	0.369002	-0.621391	0.005646	-0.371776	-0.042600	True	0.503415	0.438232	0.717478	28.230495	0.999468	7630
7631.png	0.670771	0.389256	0.560380	0.394105	0.969357	0.999222	27.416999	0.996627	28.342475	0.371368	0.298326	0.443881	30.498434	0.556001	3111	12	35	92	51	2.107477	2.916667	428	451	875.515827	3.607104	0.047043	0.015804	-1.070884	-0.000270	-0.000847	0.018588	643.661737	12	35	-23	92	51	2.107477	2.916667	12	0	428	451	285	1.941277	3.607104	875.515827	0.047043	45445	14.607843	21.065895	256x256	65536	sparse	Meijering	428	12	34	3091	31.305733	0.638963	29.364717	0.997474	0.352780	0.374303	9	3	0.000000	39	2964	31.621003	0.685490	0.997405	29.170112	0.438700	0.357338	666	30.604657	0.556235	0.996151	27.754820	0.501757	0.374544	-1.022243	-0.075977	-0.807299	-0.082961	True	0.672085	0.298326	0.654967	28.487883	0.999493	7631
7632.png	0.537172	0.637255	0.778443	0.648962	0.972472	0.998517	28.159119	0.997057	28.488202	0.422390	0.411395	0.624554	31.435480	0.599347	2134	4	7	18	14	2.020408	1.750000	294	297	571.372084	4.307267	0.027038	-0.005249	-0.376732	-0.000178	-0.000317	0.001232	605.894804	4	7	-3	18	14	2.020408	1.750000	4	0	294	297	262	1.923812	4.307267	571.372084	0.027038	44633	20.915183	30.710403	256x256	65536	sparse	Meijering	294	4	27	1978	31.862752	0.634425	28.922776	0.997374	0.421158	0.283034	11	1	0.000000	40	2086	32.202161	0.678303	0.997355	29.034705	0.313647	0.407186	4280	32.636760	0.727636	0.998548	31.750698	0.194558	0.405427	-0.434573	0.128361	-0.427272	-0.035077	True	0.658702	0.411395	0.542421	28.535851	0.998695	7632
7633.png	0.571316	0.379751	0.550463	0.380562	0.994419	0.999543	27.878286	0.997068	28.420537	0.326218	0.320229	0.527201	30.582330	0.549898	2454	4	30	61	30	2.153392	7.500000	339	365	681.740069	4.410702	0.035163	-0.013059	0.099787	-0.000015	-0.000266	-0.013048	620.881319	4	30	-26	61	30	2.153392	7.500000	4	0	339	365	248	1.867781	4.410702	681.740069	0.035163	45636	18.596577	26.705786	256x256	65536	sparse	Meijering	339	4	28	2439	31.038160	0.611237	28.732005	0.997334	0.339267	0.310646	10	0	0.250000	33	2312	31.272277	0.650217	0.996952	28.281983	0.509338	0.333808	3762	31.548746	0.674117	0.998347	30.736745	0.198939	0.334995	-0.311468	0.009584	-0.455830	-0.061339	True	0.607414	0.320229	0.584375	27.778499	0.999558	7633
7634.png	0.669497	0.577985	0.732561	0.583661	0.983455	0.998965	28.247306	0.997212	28.627220	0.484326	0.388598	0.568655	30.874939	0.563655	2196	5	17	40	22	2.080808	3.400000	297	309	633.992897	4.176153	0.037757	0.013629	-0.293621	-0.000104	-0.000272	0.015515	634.257078	5	17	-12	40	22	2.080808	3.400000	5	0	297	309	235	2.051757	4.176153	633.992897	0.037757	45270	20.614754	29.843352	256x256	65536	sparse	Meijering	297	5	27	2143	31.280936	0.611422	28.943600	0.997483	0.468811	0.378460	9	6	0.000000	33	2010	31.496650	0.646936	0.997250	28.554321	0.240850	0.452483	3928	31.897695	0.694476	0.998474	31.065148	0.093564	0.474615	-0.316380	0.010137	-0.405998	-0.047767	True	0.683363	0.388598	0.655868	28.540927	0.999069	7634
7635.png	0.724844	0.660729	0.795710	0.668096	0.983586	0.998910	27.898942	0.997383	28.176829	0.617622	0.503415	0.770284	30.272125	0.533547	2255	4	15	35	17	2.070064	3.750000	314	325	598.771995	3.831322	0.027809	-0.002324	-0.104874	-0.000069	-0.000129	0.016250	568.076372	4	15	-11	35	17	2.070064	3.750000	4	1	314	325	262	1.842375	3.831322	598.771995	0.027809	45839	20.327716	29.062528	256x256	65536	sparse	Otsu	314	4	25	2164	30.704680	0.587203	28.324145	0.997511	0.601372	0.672412	5	11	0.000000	29	2126	30.905667	0.629611	0.996778	27.461123	0.202054	0.589864	4171	31.424175	0.682291	0.998647	30.787046	0.242054	0.572097	-0.147316	-0.168998	-0.432555	-0.053655	True	0.653544	0.503415	0.727168	28.003816	0.998979	7635
7636.png	0.645936	0.417472	0.589038	0.419009	0.991291	0.999277	28.019706	0.996714	28.793292	0.356760	0.458457	0.692431	31.096658	0.578984	2608	8	34	72	35	2.143646	4.250000	362	388	772.379535	3.992775	0.049561	-0.007691	-0.650864	-0.000145	-0.000736	0.001339	624.958754	8	34	-26	72	35	2.143646	4.250000	8	0	362	388	255	1.990669	3.992775	772.379535	0.049561	45075	17.283359	25.128834	256x256	65536	sparse	Meijering	362	8	32	2600	31.660400	0.639344	29.731247	0.997450	0.355422	0.511623	6	4	0.000000	40	2394	31.902955	0.675411	0.997215	29.345563	0.425518	0.333668	3638	32.045389	0.691905	0.998244	31.444381	0.345338	0.336680	-0.937955	-0.053165	-0.563742	-0.060360	True	0.662098	0.458457	0.653627	28.670570	0.999422	7636
7637.png	0.454902	0.562368	0.719892	0.580997	0.946058	0.998257	28.006522	0.997013	28.595250	0.330786	0.200485	0.342582	30.886390	0.567261	2324	6	15	28	20	2.056426	2.500000	319	328	605.901114	4.505495	0.024778	-0.023188	-0.520677	-0.000298	-0.000420	-0.012373	606.264830	6	15	-9	28	20	2.056426	2.500000	6	0	319	328	271	1.847259	4.505495	605.901114	0.024778	45305	19.494406	28.199656	256x256	65536	sparse	Meijering	319	6	28	2251	31.334746	0.615797	29.017705	0.997433	0.343159	0.317505	10	2	0.000000	35	2284	31.584952	0.660733	0.997079	28.631471	0.247233	0.311750	3899	31.890649	0.692117	0.998339	31.070847	0.144807	0.337577	-0.422455	-0.117020	-0.448356	-0.048536	True	0.585217	0.200485	0.478090	28.527198	0.998556	7637
7638.png	0.676287	0.335971	0.502962	0.340046	0.965562	0.999201	27.439233	0.995542	28.230296	0.322905	0.316139	0.518794	29.549734	0.521766	4333	23	60	143	85	2.115625	2.608696	640	677	1286.343200	3.058720	0.054806	0.005174	-1.132216	-0.000247	-0.001466	0.017006	698.104143	23	60	-37	143	85	2.115625	2.608696	23	1	640	677	412	1.900064	3.058720	1286.343200	0.054806	46015	10.619663	15.124856	256x256	65536	sparse	Meijering	640	23	42	4317	31.024570	0.651190	29.663456	0.997008	0.305898	0.329680	13	5	0.000000	41	4028	31.359061	0.710458	0.996859	29.390154	0.250072	0.294696	464	29.741965	0.516180	0.993865	26.345571	0.547062	0.360902	-1.433160	-0.013541	-1.474836	-0.129424	True	0.609372	0.316139	0.671114	28.571449	0.999448	7638
7639.png	0.707581	0.585506	0.738573	0.588879	0.990310	0.998044	28.275394	0.994952	28.713820	0.625251	0.806020	1.134256	31.252096	0.595170	2477	4	6	14	12	2.011905	1.500000	336	338	735.481670	5.028240	0.014101	-0.006994	-0.509447	-0.000197	-0.000553	0.001654	639.742374	4	6	-2	14	12	2.011905	1.500000	4	0	336	338	310	2.175981	5.028240	735.481670	0.014101	44890	18.122729	26.457812	256x256	65536	sparse	Otsu	336	4	30	2421	31.709576	0.643129	29.377222	0.995506	0.623597	0.652677	8	18	0.000000	41	2330	31.990271	0.681723	0.995225	29.198003	0.365099	0.642551	3618	32.098561	0.696101	0.997118	31.142230	0.293236	0.585596	-0.663403	0.153343	-0.457481	-0.047960	True	0.710616	0.806020	0.714575	28.784841	0.998241	7639
7640.png	0.690244	0.362419	0.532023	0.364044	0.987838	0.999628	26.820379	0.998420	28.035010	0.319741	0.244216	0.500144	31.229153	0.577924	1815	4	9	22	15	2.041667	2.250000	240	245	432.055186	4.886290	0.025030	-0.004923	0.059950	-0.000051	-0.000024	0.006992	602.306843	4	9	-5	22	15	2.041667	2.250000	4	0	240	245	203	1.763491	4.886290	432.055186	0.025030	45086	24.840771	36.107989	256x256	65536	sparse	Meijering	240	4	24	1760	31.464740	0.607461	28.016481	0.998444	0.312749	0.350791	5	1	0.375000	34	1764	31.688869	0.644925	0.998465	28.250307	0.349491	0.309761	5262	32.658870	0.745532	0.999287	32.229151	0.414916	0.301793	0.018529	-0.106574	-0.235587	-0.029537	True	0.488291	0.244216	0.695167	26.760429	0.999679	7640
7641.png	0.670150	0.500181	0.666828	0.504386	0.983607	0.999117	27.663857	0.996994	28.386623	0.421784	0.268018	0.463277	30.943820	0.571811	2277	6	20	47	26	2.089172	3.333333	314	328	584.763105	4.509320	0.033906	0.012375	-0.352662	-0.000179	-0.000226	0.003289	577.801704	6	20	-14	47	26	2.089172	3.333333	6	0	314	328	241	1.782814	4.509320	584.763105	0.033906	45261	19.877470	28.781730	256x256	65536	sparse	Meijering	314	6	27	2218	31.306768	0.617441	28.795742	0.997220	0.418494	0.391734	7	1	0.416667	36	2188	31.620374	0.662910	0.997022	28.479574	0.303872	0.408842	3860	31.925887	0.692284	0.998410	31.176806	0.233471	0.411099	-0.409119	-0.123715	-0.362949	-0.045630	True	0.578527	0.268018	0.657775	28.016519	0.999296	7641
7642.png	0.729473	0.475610	0.644628	0.475833	0.999015	0.999533	27.741797	0.998002	28.083801	0.453825	0.483149	0.853430	30.038970	0.518229	1985	4	18	36	19	2.107692	4.500000	260	274	526.105710	4.496191	0.026180	-0.008812	0.180755	-0.000002	-0.000078	0.007555	588.529825	4	18	-14	36	19	2.107692	4.500000	4	0	260	274	205	1.920094	4.496191	526.105710	0.026180	46029	23.188413	33.015617	256x256	65536	sparse	Meijering	260	4	23	1984	30.433275	0.567824	28.186614	0.998079	0.446269	0.476211	6	4	0.000000	27	1784	30.637984	0.602591	0.997757	27.499579	0.316139	0.419521	4721	31.445668	0.699418	0.998958	30.890776	0.382453	0.433396	-0.102813	0.006937	-0.394306	-0.049594	True	0.566126	0.483149	0.738285	27.561042	0.999535	7642
7643.png	0.667011	0.361345	0.530864	0.362716	0.989643	0.999656	27.670617	0.998059	28.349483	0.313370	0.426502	0.734021	30.181498	0.522081	2225	5	20	44	24	2.096154	4.000000	312	327	566.115907	4.316546	0.031682	0.020985	0.234553	0.000012	-0.000175	0.007170	601.414204	5	20	-15	44	24	2.096154	4.000000	5	0	312	327	244	1.731241	4.316546	566.115907	0.031682	45951	20.652135	29.454382	256x256	65536	sparse	Meijering	312	5	24	2025	30.580239	0.573497	28.493662	0.998235	0.306200	0.428791	5	1	0.500000	29	2124	30.845057	0.622154	0.998134	28.147412	0.451188	0.296921	4136	31.300120	0.677986	0.998828	30.397857	0.385328	0.304091	-0.144179	-0.002289	-0.398742	-0.051416	True	0.581048	0.426502	0.646027	27.436064	0.999644	7643
7644.png	0.645127	0.654184	0.790945	0.659222	0.988453	0.998687	27.713418	0.997233	28.049898	0.501340	0.285059	0.430539	30.103523	0.526178	2324	4	12	28	16	2.051613	3.000000	310	318	608.011656	4.198104	0.028223	0.001343	0.015511	-0.000034	-0.000054	0.000188	628.949404	4	12	-8	28	16	2.051613	3.000000	4	0	310	318	266	1.911986	4.198104	608.011656	0.028223	45945	19.769793	28.199656	256x256	65536	sparse	Meijering	310	4	24	2096	30.526980	0.577582	28.021958	0.997287	0.501153	0.425667	11	7	0.000000	31	2212	30.814298	0.630034	0.996980	27.725170	0.362951	0.450423	4103	31.238756	0.673157	0.998472	30.557060	0.263881	0.484501	0.027940	-0.140608	-0.423457	-0.051404	True	0.662098	0.285059	0.643784	27.697907	0.998721	7644
7645.png	0.772613	0.535200	0.697238	0.535617	0.998549	0.999459	26.958652	0.997585	27.526351	0.554222	0.646545	0.919315	30.805212	0.572918	2244	4	15	34	16	2.078853	3.750000	279	290	585.555857	4.881894	0.026516	-0.006221	0.141120	0.000010	-0.000093	-0.002026	685.919762	4	15	-11	34	16	2.078853	3.750000	4	2	279	290	229	2.019158	4.881894	585.555857	0.026516	45554	20.300357	29.204991	256x256	65536	sparse	Otsu	279	4	26	2210	31.127532	0.614828	27.688965	0.997677	0.556248	0.684942	4	4	0.500000	33	2044	31.408380	0.653581	0.997497	27.498717	0.639405	0.552744	4088	31.896434	0.695878	0.998831	31.213620	0.583832	0.545348	-0.162614	-0.038397	-0.322319	-0.041909	True	0.703290	0.646545	0.778834	26.817532	0.999449	7645
7646.png	0.722689	0.532122	0.694621	0.534091	0.993120	0.998978	27.592661	0.994502	28.213989	0.590229	0.462772	0.553870	30.507952	0.561804	2764	4	22	52	23	2.104348	5.500000	345	363	760.833015	5.558351	0.024767	-0.002238	-0.360592	-0.000146	-0.000291	0.032618	744.574070	4	22	-18	52	23	2.104348	5.500000	4	1	345	363	270	2.095959	5.558351	760.833015	0.024767	45672	16.523878	23.710564	256x256	65536	sparse	Otsu	345	4	30	2716	31.091497	0.627187	28.705139	0.994793	0.557611	0.621863	8	8	0.000000	35	2476	31.286678	0.663778	0.993882	28.238921	0.561765	0.546776	3080	31.308190	0.648589	0.995674	29.697715	0.545247	0.548719	-0.491150	-0.159091	-0.583546	-0.065383	True	0.835526	0.462772	0.724927	27.953253	0.999124	7646
7647.png	0.647309	0.492270	0.659760	0.495293	0.987755	0.999426	28.080298	0.997556	28.212691	0.437728	0.303591	0.523244	30.750975	0.577139	2234	4	22	43	18	2.118812	5.500000	303	321	574.506423	4.008526	0.028969	0.004871	-0.000173	-0.000017	-0.000389	0.023483	620.848656	4	22	-18	43	18	2.118812	5.500000	4	2	303	321	242	1.789740	4.008526	574.506423	0.028969	45181	20.224261	29.335721	256x256	65536	sparse	Otsu	303	4	28	2217	31.461567	0.624659	28.790555	0.997944	0.414245	0.314769	10	2	0.250000	35	2034	31.633044	0.658015	0.997660	28.278232	0.419191	0.388866	4103	32.136375	0.705956	0.998830	31.521233	0.322943	0.415063	-0.577865	-0.011178	-0.710592	-0.047520	True	0.580210	0.303591	0.642438	28.080470	0.999443	7647
7648.png	0.677654	0.584368	0.737667	0.591497	0.979792	0.998959	28.007669	0.997189	28.426203	0.500921	0.386352	0.647513	30.010112	0.522254	2358	5	23	52	27	2.114286	4.600000	315	333	660.789544	4.245862	0.045299	0.034715	0.172418	-0.000009	-0.000115	0.038074	620.980501	5	23	-18	52	27	2.114286	4.600000	5	0	315	333	236	1.984353	4.245862	660.789544	0.045299	46062	19.534351	27.793045	256x256	65536	sparse	Otsu	315	5	25	2279	30.476089	0.582509	28.531401	0.997304	0.462847	0.322943	12	2	0.000000	29	2310	30.722744	0.630165	0.996834	27.872765	0.312711	0.463442	3946	31.125284	0.665122	0.998157	30.256605	0.318869	0.455888	-0.105198	0.063409	-0.465978	-0.060256	True	0.596670	0.386352	0.642938	27.835251	0.998968	7648
7649.png	0.693091	0.484548	0.652788	0.486590	0.991413	0.999313	27.033935	0.997594	27.729748	0.399005	0.379840	0.595736	30.006954	0.520552	2612	5	36	62	23	2.162304	7.200000	382	413	737.683485	3.928875	0.029753	0.002116	-0.191868	-0.000017	-0.000284	-0.007508	640.592575	5	36	-31	62	23	2.162304	7.200000	5	3	382	413	297	1.786159	3.928875	737.683485	0.029753	46092	17.646248	25.090352	256x256	65536	sparse	Meijering	382	5	27	2541	30.508723	0.592172	28.180456	0.997878	0.406513	0.601481	5	2	0.833333	30	2390	30.785534	0.635736	0.997567	27.733943	0.598280	0.419157	3657	31.017709	0.651321	0.998535	29.866233	0.389819	0.403677	-0.450708	-0.221641	-0.501769	-0.071620	True	0.637598	0.379840	0.690975	27.225803	0.999331	7649
7650.png	0.798892	0.654652	0.791287	0.657081	0.994385	0.998339	28.006741	0.995658	28.439190	0.641667	0.483149	0.740849	31.119562	0.588540	2421	4	9	24	17	2.032573	2.250000	307	312	617.023893	4.867105	0.025915	-0.013742	-0.308872	-0.000135	-0.000407	-0.001301	600.100756	4	9	-5	24	17	2.032573	2.250000	4	0	307	312	266	1.977641	4.867105	617.023893	0.025915	45140	18.645188	27.069806	256x256	65536	sparse	Otsu	307	4	28	2361	31.468430	0.634413	28.828470	0.996065	0.642968	0.573652	8	10	0.000000	40	2414	31.840134	0.679891	0.995976	28.958084	0.470947	0.620796	3812	32.037057	0.696285	0.997608	31.101747	0.487898	0.621872	-0.389280	-0.090504	-0.348868	-0.045873	True	0.652156	0.483149	0.812634	28.315613	0.998474	7650
7651.png	0.483976	0.516595	0.681256	0.524350	0.972166	0.998705	27.869428	0.997106	28.369251	0.290996	0.251736	0.433245	30.641444	0.553942	2578	11	21	60	39	2.057637	1.909091	347	357	718.524530	3.765046	0.051134	-0.037480	-0.706716	-0.000252	-0.000558	-0.025988	617.268801	11	21	-10	60	39	2.057637	1.909091	11	1	347	357	248	2.012674	3.765046	718.524530	0.051134	45398	17.609775	25.421257	256x256	65536	sparse	Meijering	347	11	30	2562	31.209278	0.619169	29.095731	0.997665	0.316984	0.204855	13	1	0.909091	35	2354	31.414455	0.657333	0.997274	28.481946	0.277071	0.297693	3634	31.612678	0.672567	0.998231	30.496551	0.204331	0.305383	-0.726480	0.046881	-0.567834	-0.065228	True	0.581048	0.251736	0.521456	28.576144	0.998957	7651
7652.png	0.552370	0.564889	0.721954	0.573102	0.975258	0.998792	27.984310	0.997257	28.356098	0.480854	0.431640	0.673171	30.140669	0.525034	2119	4	9	23	16	2.034130	2.250000	293	298	579.530813	4.517367	0.025385	-0.006419	-0.027404	-0.000042	-0.000074	0.008318	659.085989	4	9	-5	23	16	2.034130	2.250000	4	0	293	298	254	1.944734	4.517367	579.530813	0.025385	45955	21.687117	30.927796	256x256	65536	sparse	Otsu	293	4	24	2053	30.550383	0.576235	28.457381	0.997330	0.472536	0.421124	9	8	0.000000	30	2114	30.803843	0.622425	0.997077	27.918977	0.370118	0.435256	4404	31.367664	0.690507	0.998411	30.711356	0.184771	0.465621	-0.101283	0.010516	-0.409713	-0.051201	True	0.641204	0.431640	0.558789	28.011715	0.998834	7652
7653.png	0.632135	0.564578	0.721700	0.570368	0.982339	0.998935	27.877744	0.996125	28.233723	0.497547	0.475862	0.706320	29.882922	0.518374	2274	4	17	44	25	2.086667	4.250000	300	313	653.772386	4.480519	0.040037	0.018750	-0.206574	-0.000109	-0.000310	0.046699	615.606308	4	17	-13	44	25	2.086667	4.250000	4	0	300	313	231	2.088730	4.480519	653.772386	0.040037	45998	20.227792	28.819701	256x256	65536	sparse	Otsu	300	4	25	2247	30.481197	0.579731	28.674561	0.996435	0.450849	0.366417	11	5	0.000000	31	2250	30.768287	0.627629	0.996284	28.315168	0.143475	0.497725	4011	31.177033	0.671472	0.997665	30.622677	0.127475	0.485694	-0.440839	0.109445	-0.598275	-0.061357	True	0.673720	0.475862	0.613385	28.084318	0.999044	7653
7654.png	0.570691	0.398639	0.570039	0.399001	0.997730	0.999522	28.150125	0.997438	28.892952	0.289796	0.216861	0.411006	31.416921	0.586232	2006	4	13	29	15	2.063604	3.250000	283	292	533.146391	4.409492	0.026308	0.002983	0.061754	-0.000013	-0.000252	0.006546	585.662365	4	13	-9	29	15	2.063604	3.250000	4	1	283	292	239	1.825844	4.409492	533.146391	0.026308	44844	22.354935	32.669990	256x256	65536	sparse	Meijering	283	4	26	1921	31.639730	0.620821	29.080210	0.997691	0.283250	0.181269	9	0	0.000000	37	1860	31.955400	0.659805	0.997572	28.853019	0.225084	0.275533	4407	32.502591	0.723991	0.998613	31.616677	0.171130	0.292329	-0.187258	0.035591	-0.222809	-0.034589	True	0.527633	0.216861	0.567708	28.088371	0.999535	7654
7655.png	0.714840	0.702843	0.825494	0.708494	0.988780	0.997957	28.771632	0.995488	28.872568	0.645805	0.641004	0.902040	31.242055	0.596916	2546	4	11	30	19	2.038043	2.750000	368	375	890.619240	5.418727	0.023996	-0.000204	-0.407345	-0.000256	-0.000584	0.008711	835.978746	4	11	-7	30	19	2.038043	2.750000	4	0	368	375	319	2.374985	5.418727	890.619240	0.023996	44696	17.555381	25.740770	256x256	65536	sparse	Otsu	368	4	31	2463	31.821253	0.646491	29.571374	0.996072	0.637094	0.553359	10	17	0.000000	41	2344	32.175454	0.687006	0.995406	29.233705	0.170280	0.676085	3364	32.238979	0.693481	0.997426	31.458380	0.086198	0.646097	-0.698805	0.087645	-0.579198	-0.049575	True	0.710616	0.641004	0.715044	29.178978	0.998213	7655
7656.png	0.598190	0.399753	0.571177	0.401734	0.987817	0.999530	27.650823	0.997794	28.521141	0.321370	0.188792	0.311823	30.928574	0.564116	2100	4	15	40	22	2.078292	3.750000	281	292	566.507173	4.688245	0.026967	0.007784	-0.274138	-0.000021	-0.000193	0.016250	638.003349	4	15	-11	40	22	2.078292	3.750000	4	0	281	292	219	1.940093	4.688245	566.507173	0.026967	45358	21.599048	31.207619	256x256	65536	sparse	Meijering	281	4	26	2098	31.176620	0.606755	28.849925	0.997986	0.305120	0.237314	11	0	0.125000	33	2010	31.501089	0.648002	0.997578	28.289137	0.500926	0.267135	4276	32.007794	0.703800	0.998739	31.237341	0.220680	0.310074	-0.328784	-0.048522	-0.248046	-0.042639	True	0.605446	0.188792	0.590406	27.924962	0.999551	7656
7657.png	0.590489	0.496589	0.663628	0.498738	0.991398	0.999367	27.944846	0.997577	28.432854	0.365308	0.292959	0.459212	30.351003	0.539006	2337	4	15	38	20	2.070288	3.750000	313	324	569.731881	4.359882	0.024878	0.018399	0.029580	-0.000014	-0.000122	0.011179	574.884415	4	15	-11	38	20	2.070288	3.750000	4	0	313	324	255	1.758432	4.359882	569.731881	0.024878	45769	19.584510	28.042790	256x256	65536	sparse	Meijering	313	4	26	2275	30.777103	0.595661	28.459619	0.997698	0.354129	0.284662	12	2	0.000000	32	2302	31.039397	0.641630	0.997389	28.074785	0.386693	0.372026	4084	31.453174	0.680912	0.998433	30.503036	0.207054	0.343423	-0.026765	0.008297	-0.426100	-0.056655	True	0.637960	0.292959	0.572090	27.915265	0.999381	7657
7658.png	0.575873	0.596809	0.747502	0.608887	0.967832	0.998703	27.725647	0.997480	27.893006	0.453870	0.290125	0.458971	30.200974	0.526787	2098	4	12	31	19	2.056738	3.000000	282	290	638.347052	4.395416	0.026749	0.007691	-0.012236	-0.000078	-0.000130	0.020522	606.981039	4	12	-8	31	19	2.056738	3.000000	4	0	282	290	232	2.201197	4.395416	638.347052	0.026749	45909	21.882269	31.237369	256x256	65536	sparse	Meijering	282	4	24	2062	30.596330	0.578293	28.112500	0.997610	0.433348	0.375692	9	5	0.000000	29	2098	30.863671	0.623974	0.997310	27.567055	0.354531	0.410730	4361	31.440433	0.687802	0.998630	30.609727	0.235772	0.416703	-0.219494	-0.085567	-0.395356	-0.051506	True	0.632121	0.290125	0.568182	27.737883	0.998781	7658
7659.png	0.516746	0.468128	0.637721	0.480600	0.947476	0.998240	27.832313	0.995758	28.510715	0.302618	0.214630	0.313210	30.084065	0.541713	3783	17	48	105	60	2.110124	2.823529	563	594	1131.509431	3.146052	0.045293	0.039718	-1.489422	-0.000636	-0.001248	0.028504	687.072515	17	48	-31	105	60	2.110124	2.823529	17	2	563	594	398	1.904898	3.146052	1131.509431	0.045293	45633	12.062649	17.323817	256x256	65536	sparse	Meijering	563	17	38	3672	31.269955	0.646135	29.836335	0.997005	0.274114	0.224653	18	1	0.720588	42	3692	31.623683	0.707955	0.996711	29.430115	0.116429	0.254766	536	30.288484	0.537301	0.994769	27.213506	0.244216	0.271717	-1.325620	-0.010023	-1.185891	-0.104422	True	0.685257	0.214630	0.477028	29.321735	0.998876	7659
7660.png	0.585253	0.362166	0.531750	0.363572	0.989433	0.999384	27.453550	0.996418	28.373349	0.352508	0.196589	0.305741	30.850526	0.566223	2553	8	29	68	33	2.121739	3.625000	345	366	717.067227	3.835819	0.033154	0.000139	-0.653248	-0.000129	-0.000576	0.014236	602.483749	8	29	-21	68	33	2.121739	3.625000	8	2	345	366	244	1.959200	3.835819	717.067227	0.033154	45223	17.713670	25.670192	256x256	65536	sparse	Meijering	345	8	30	2507	31.410775	0.627048	29.175775	0.996994	0.338272	0.310646	10	1	0.625000	39	2522	31.759015	0.672772	0.997057	29.206164	0.277801	0.301447	3660	31.857224	0.684534	0.997963	30.853847	0.171130	0.327343	-0.802426	-0.114057	-0.560250	-0.060825	True	0.642993	0.196589	0.585115	28.106798	0.999513	7660
7661.png	0.713554	0.573333	0.728814	0.574427	0.996689	0.999048	27.689090	0.996925	27.922464	0.576282	0.515406	0.782052	30.397553	0.557049	2540	5	15	33	17	2.062112	3.000000	322	332	653.750476	4.454402	0.030620	-0.021091	-0.333212	-0.000075	-0.000334	0.003809	618.808031	5	15	-10	33	17	2.062112	3.000000	5	2	322	332	272	1.969128	4.454402	653.750476	0.030620	45624	17.962205	25.801575	256x256	65536	sparse	Meijering	322	5	27	2415	30.956968	0.613464	28.462194	0.997259	0.572473	0.658133	6	6	0.000000	33	2442	31.210264	0.661978	0.996751	27.832991	0.509992	0.576996	3655	31.442393	0.669322	0.997962	30.104437	0.497420	0.572018	-0.539730	-0.142727	-0.559414	-0.056415	True	0.659043	0.515406	0.734645	28.022302	0.999122	7661
7662.png	0.685801	0.459248	0.629431	0.463975	0.978297	0.999244	27.351813	0.997323	28.223457	0.408785	0.302324	0.560111	30.961929	0.570494	2208	6	13	32	23	2.046512	2.166667	301	308	589.653278	4.181602	0.024264	-0.007364	-0.161527	-0.000098	-0.000105	-0.019164	571.808338	6	13	-7	32	23	2.046512	2.166667	6	0	301	308	246	1.914459	4.181602	589.653278	0.024264	45292	20.512681	29.681159	256x256	65536	sparse	Meijering	301	6	26	2103	31.235058	0.610419	28.398446	0.997427	0.427949	0.374998	8	4	0.000000	36	2130	31.563997	0.656993	0.997291	27.997377	0.340320	0.400633	3951	31.930055	0.694058	0.998569	30.994010	0.288230	0.413302	-0.174989	-0.072674	-0.273129	-0.039925	True	0.539757	0.302324	0.693165	27.513341	0.999341	7662
7663.png	0.585938	0.591265	0.743139	0.596273	0.985994	0.998480	28.079379	0.995620	28.209437	0.520468	0.363282	0.497157	29.935090	0.539537	2719	5	17	42	22	2.067416	3.400000	356	368	711.757187	4.223187	0.029795	-0.032623	-0.589031	-0.000268	-0.000630	-0.026797	613.601685	5	17	-12	42	22	2.067416	3.400000	5	2	356	368	292	1.934123	4.223187	711.757187	0.029795	45763	16.830820	24.102979	256x256	65536	sparse	Meijering	356	5	29	2622	30.878384	0.611250	29.033000	0.996250	0.547265	0.491039	13	7	0.000000	33	2540	31.071814	0.654502	0.995483	28.273679	0.064839	0.528815	3431	31.213384	0.655731	0.997126	30.132438	0.107877	0.537514	-0.823563	-0.127757	-0.943294	-0.071713	True	0.730719	0.363282	0.618561	28.668410	0.998747	7663
7664.png	0.604466	0.536885	0.698667	0.541150	0.985532	0.998403	28.490274	0.996248	28.848271	0.401010	0.243096	0.352500	30.516406	0.549389	2556	4	21	56	28	2.096591	5.250000	352	369	702.952900	4.150324	0.036375	0.002529	-0.375146	-0.000147	-0.000460	0.004694	617.593765	4	21	-17	56	28	2.096591	5.250000	4	0	352	369	268	1.905021	4.150324	702.952900	0.036375	45461	17.785994	25.640063	256x256	65536	sparse	Meijering	352	4	29	2529	31.104304	0.615070	29.436939	0.996708	0.396316	0.458129	11	6	0.000000	34	2522	31.365155	0.660105	0.996045	28.834261	0.117426	0.351892	3615	31.527636	0.672290	0.997413	30.713974	0.067606	0.396169	-0.588668	-0.215033	-0.587897	-0.065681	True	0.689633	0.243096	0.601937	28.865420	0.998550	7664
7665.png	0.696695	0.484804	0.653021	0.485872	0.995489	0.999045	28.061059	0.996756	28.269836	0.460335	0.278959	0.442597	30.508444	0.553493	2354	4	28	65	30	2.151899	7.000000	316	340	685.887280	3.963535	0.044320	-0.019214	-0.346637	-0.000114	-0.000517	0.006923	600.813389	4	28	-24	65	30	2.151899	7.000000	4	0	316	340	221	2.017316	3.963535	685.887280	0.044320	45399	19.285896	27.840272	256x256	65536	sparse	Meijering	316	4	27	2329	31.074211	0.609241	29.029790	0.997273	0.453412	0.436732	10	13	0.000000	35	2318	31.412946	0.656769	0.996787	28.421861	0.175970	0.459666	3928	31.724100	0.687978	0.997988	30.694067	0.116299	0.454644	-0.759955	-0.157773	-0.565767	-0.055749	True	0.630277	0.278959	0.715909	28.407696	0.999159	7665
7666.png	0.696235	0.475336	0.644377	0.475664	0.998551	0.999309	26.785470	0.996462	27.662135	0.441146	0.407176	0.661872	30.155935	0.532208	2322	4	24	51	22	2.134228	6.000000	298	318	615.417521	5.030521	0.032085	0.011692	-0.167003	-0.000046	-0.000242	-0.004142	640.372276	4	24	-20	51	22	2.134228	6.000000	4	0	298	318	225	1.935275	5.030521	615.417521	0.032085	46090	19.849268	28.223945	256x256	65536	sparse	Otsu	298	4	25	2274	30.537436	0.588483	27.905226	0.996704	0.445288	0.351263	11	2	0.000000	31	2228	30.827037	0.633619	0.996205	27.503420	0.246229	0.417328	3956	31.195618	0.665381	0.997722	30.085079	0.282733	0.437694	-0.243091	0.055913	-0.381501	-0.056275	True	0.615188	0.407176	0.684543	26.952473	0.999355	7666
7667.png	0.660472	0.401792	0.573255	0.404300	0.984797	0.999398	27.354173	0.996957	28.177721	0.389157	0.195875	0.352273	30.402833	0.545734	2476	8	20	53	33	2.073846	2.500000	325	337	622.473689	4.274892	0.032500	-0.009381	-0.230487	-0.000104	-0.000344	0.012250	629.586697	8	20	-12	53	33	2.073846	2.500000	8	0	325	337	239	1.847103	4.274892	622.473689	0.032500	45640	18.432956	26.468498	256x256	65536	sparse	Meijering	325	8	27	2289	30.970332	0.603915	28.553482	0.997301	0.376907	0.299782	11	1	0.312500	34	2454	31.240703	0.657050	0.997034	28.232703	0.353095	0.377601	3708	31.451436	0.672468	0.998170	30.288975	0.192882	0.374003	-0.375761	-0.103907	-0.567498	-0.058180	True	0.556031	0.195875	0.669853	27.584660	0.999501	7667
7668.png	0.750644	0.711111	0.831169	0.714963	0.992481	0.998588	27.163076	0.996736	27.638969	0.645973	0.554647	0.713951	30.307960	0.548591	2494	4	16	31	14	2.073394	4.000000	327	339	777.083377	4.720467	0.021474	-0.017370	-0.435806	-0.000186	-0.000240	0.004687	712.451458	4	16	-12	31	14	2.073394	4.000000	4	2	327	339	282	2.292281	4.720467	777.083377	0.021474	45853	18.385325	26.277466	256x256	65536	sparse	Otsu	327	4	27	2476	30.790675	0.608401	27.989903	0.996976	0.641286	0.601481	7	11	0.000000	31	2292	30.951713	0.646627	0.996303	27.211290	0.437039	0.625592	3761	31.319916	0.666612	0.998141	30.058129	0.588316	0.619499	-0.350934	-0.046834	-0.482716	-0.059809	True	0.776870	0.554647	0.768014	27.598881	0.998774	7668
7669.png	0.582180	0.383472	0.554362	0.384587	0.992495	0.999559	27.518465	0.997601	28.155382	0.277354	0.302324	0.560111	30.447749	0.545379	2778	10	31	78	41	2.108527	3.100000	387	408	762.043783	3.517571	0.040311	-0.001876	-0.309487	-0.000045	-0.000496	0.000364	641.922474	10	31	-21	78	41	2.108527	3.100000	10	1	387	408	268	1.867754	3.517571	762.043783	0.040311	45651	16.433045	23.591073	256x256	65536	sparse	Meijering	387	10	31	2756	31.105643	0.619394	28.826800	0.998097	0.276990	0.266553	8	0	0.400000	37	2744	31.376821	0.670939	0.998070	28.608985	0.318090	0.275536	3202	31.299969	0.646695	0.998472	29.956897	0.348561	0.284624	-0.671419	0.035771	-0.657894	-0.074016	True	0.539757	0.302324	0.584055	27.827951	0.999604	7669
7670.png	0.622013	0.440082	0.611190	0.441741	0.991538	0.999471	27.622990	0.996907	28.141023	0.437329	0.351263	0.487479	30.037104	0.525911	2483	5	20	49	26	2.090090	4.000000	333	348	687.601101	4.156839	0.037407	0.013648	0.029175	-0.000003	-0.000221	0.014041	605.849028	5	20	-15	49	26	2.090090	4.000000	5	0	333	348	258	1.975865	4.156839	687.601101	0.037407	45997	18.524768	26.393878	256x256	65536	sparse	Meijering	333	5	26	2320	30.583137	0.588130	28.318709	0.997128	0.423288	0.474024	8	2	0.000000	29	2210	30.782360	0.628009	0.996775	27.895712	0.572585	0.405202	3738	31.120951	0.662162	0.998095	30.030525	0.242901	0.409976	-0.177686	-0.122762	-0.546033	-0.062219	True	0.720569	0.351263	0.608365	27.593815	0.999474	7670
7671.png	0.628981	0.534277	0.696455	0.540893	0.977621	0.998917	28.114598	0.996659	28.612222	0.439689	0.228177	0.388984	30.640947	0.561540	2579	5	19	43	24	2.081159	3.800000	345	359	702.544590	4.165021	0.040032	0.015568	-0.454188	-0.000193	-0.000327	0.028806	615.903616	5	19	-14	43	24	2.081159	3.800000	5	0	345	359	278	1.956949	4.165021	702.544590	0.040032	45365	17.590151	25.411400	256x256	65536	sparse	Meijering	345	5	29	2535	31.230258	0.623242	29.051513	0.996986	0.410883	0.292285	14	3	0.000000	37	2524	31.515853	0.671202	0.996660	28.599588	0.299527	0.419460	3670	31.668847	0.677497	0.997878	30.647635	0.189695	0.438272	-0.439290	-0.064108	-0.589311	-0.061702	True	0.586597	0.228177	0.613413	28.568785	0.999109	7671
7672.png	0.679964	0.386232	0.557241	0.386392	0.998934	0.999562	28.249205	0.997505	29.052557	0.373355	0.377671	0.725600	31.560646	0.596713	2067	6	10	31	25	2.027586	1.666667	290	294	528.704412	4.598457	0.027925	-0.008360	0.094258	0.000022	-0.000167	0.020778	637.970924	6	10	-4	31	25	2.027586	1.666667	6	0	290	294	234	1.798314	4.598457	528.704412	0.027925	44671	21.611514	31.705854	256x256	65536	sparse	Meijering	290	6	27	1880	31.882751	0.629818	29.363865	0.997672	0.352577	0.518091	4	0	0.833333	40	2034	32.178591	0.676918	0.997694	29.374273	0.441965	0.349278	4232	32.628963	0.725947	0.998573	31.771450	0.351656	0.366859	-0.311308	-0.140420	-0.322105	-0.033105	True	0.520495	0.377671	0.688324	28.154947	0.999540	7672
7673.png	0.528986	0.389668	0.560807	0.390763	0.992857	0.999351	27.694764	0.997464	28.449606	0.283307	0.196021	0.378352	30.322211	0.532715	2569	11	24	62	39	2.072423	2.181818	359	372	702.526964	3.732519	0.036170	0.005263	-0.421837	-0.000085	-0.000460	0.006198	639.789343	11	24	-13	62	39	2.072423	2.181818	11	0	359	372	258	1.888513	3.732519	702.526964	0.036170	45690	17.785130	25.510315	256x256	65536	sparse	Meijering	359	11	29	2534	30.931785	0.603636	29.130205	0.997924	0.277108	0.223791	9	1	0.409091	35	2526	31.212058	0.653758	0.997717	28.716228	0.277989	0.271888	3610	31.332011	0.660599	0.998445	30.358312	0.200152	0.280321	-0.680599	-0.027770	-0.609574	-0.070921	True	0.518091	0.196021	0.523723	28.116601	0.999435	7673
7674.png	0.640625	0.506320	0.672261	0.512802	0.975644	0.999222	27.672387	0.996983	28.055425	0.463299	0.368716	0.661015	30.020840	0.524786	2328	5	11	28	21	2.038961	2.200000	308	314	592.579850	4.271940	0.035232	-0.009131	-0.059958	-0.000021	-0.000142	0.003307	610.259295	5	11	-6	28	21	2.038961	2.200000	5	0	308	314	259	1.887197	4.271940	592.579850	0.035232	45959	19.741838	28.151203	256x256	65536	sparse	Meijering	308	5	26	2304	30.601335	0.587777	28.289401	0.997126	0.459993	0.267846	17	5	0.000000	30	2284	30.797833	0.632031	0.996550	27.564780	0.163392	0.457590	4038	31.243997	0.671222	0.998363	30.546602	0.149791	0.465798	-0.233976	0.100870	-0.580495	-0.062991	True	0.557803	0.368716	0.649756	27.732345	0.999243	7674
7675.png	0.727456	0.514523	0.679452	0.515286	0.997128	0.999043	27.855322	0.996545	28.460315	0.500148	0.451188	0.656021	31.148637	0.590363	2528	5	15	34	20	2.057471	3.000000	348	358	686.029044	4.772580	0.027384	-0.008797	-0.258652	-0.000096	-0.000369	0.005636	681.261301	5	15	-10	34	20	2.057471	3.000000	5	0	348	358	294	1.916282	4.772580	686.029044	0.027384	45070	17.828323	25.924051	256x256	65536	sparse	Meijering	348	5	29	2407	31.510455	0.637632	28.851837	0.996914	0.494512	0.730719	5	6	0.000000	38	2322	31.809849	0.677255	0.996722	28.625462	0.611598	0.512752	3638	32.011932	0.692336	0.997971	30.707837	0.416419	0.497778	-0.391523	-0.279531	-0.361818	-0.047269	True	0.687765	0.451188	0.736253	28.113973	0.999139	7675
7676.png	0.782294	0.612504	0.759693	0.616023	0.990760	0.998801	27.443462	0.996441	28.078056	0.629406	0.581048	0.766266	29.944138	0.528405	2547	4	17	45	24	2.080495	4.250000	323	336	683.555547	4.223848	0.032674	-0.001428	-0.023795	-0.000007	-0.000085	0.006042	609.842539	4	17	-13	45	24	2.080495	4.250000	4	0	323	336	254	2.034392	4.223848	683.555547	0.032674	46134	18.113074	25.730664	256x256	65536	sparse	Otsu	323	4	26	2469	30.463569	0.592360	28.193635	0.996526	0.623364	0.566126	8	6	0.000000	29	2412	30.675134	0.639471	0.995928	27.431009	0.358929	0.615850	3571	30.933204	0.651075	0.997783	29.874775	0.285853	0.601332	-0.115578	0.014923	-0.519430	-0.063955	True	0.758286	0.581048	0.783722	27.467257	0.998809	7676
7677.png	0.528260	0.560656	0.718487	0.575054	0.957252	0.997862	28.047979	0.995597	28.572249	0.440729	0.204184	0.306064	30.682381	0.560613	2675	6	26	45	24	2.111732	4.333333	358	378	705.947377	4.388213	0.033498	0.015720	-0.786088	-0.000345	-0.000482	0.027400	630.984068	6	26	-20	45	24	2.111732	4.333333	6	0	358	378	289	1.867586	4.388213	705.947377	0.033498	45365	16.958879	24.499439	256x256	65536	sparse	Meijering	358	6	31	2669	31.292960	0.628262	29.083372	0.996079	0.413329	0.295312	18	10	0.000000	38	2650	31.585750	0.674316	0.995605	28.902656	0.162016	0.423147	3505	31.613072	0.670673	0.997044	30.547272	0.129657	0.411926	-0.511123	-0.091128	-0.610579	-0.067650	True	0.667129	0.204184	0.512540	28.834067	0.998207	7677
7678.png	0.736655	0.492828	0.660261	0.493333	0.997925	0.999299	26.866087	0.996542	27.655337	0.495419	0.575425	0.809755	30.569994	0.567759	2474	4	20	45	17	2.099379	5.000000	322	338	611.238437	4.346228	0.027195	-0.032623	-0.256294	-0.000083	-0.000292	0.009265	608.589888	4	20	-16	45	17	2.099379	5.000000	4	3	322	338	260	1.808398	4.346228	611.238437	0.027195	45598	18.430881	26.489895	256x256	65536	sparse	Otsu	322	4	28	2469	31.157830	0.622428	28.207618	0.996834	0.486154	0.626187	5	1	0.541667	34	2266	31.440988	0.661506	0.996569	28.033390	0.507653	0.463090	3771	31.722882	0.684081	0.998139	30.659834	0.517555	0.476581	-0.552281	-0.050762	-0.587836	-0.054668	True	0.710616	0.575425	0.769278	27.122381	0.999382	7678
7679.png	0.599632	0.542868	0.703713	0.545143	0.992372	0.998875	27.746724	0.996437	28.305942	0.440729	0.346527	0.565059	31.057414	0.576268	2057	4	12	29	17	2.059259	3.000000	270	278	619.728522	5.113403	0.028976	-0.039105	-0.099597	-0.000028	-0.000208	-0.038128	639.242172	4	12	-8	29	17	2.059259	3.000000	4	0	270	278	224	2.229239	5.113403	619.728522	0.028976	45197	21.972290	31.859990	256x256	65536	sparse	Otsu	270	4	26	2038	31.369711	0.615160	28.519224	0.996645	0.478857	0.517402	7	9	0.000000	34	1982	31.587093	0.652395	0.996298	28.401250	0.536060	0.407619	4202	32.128120	0.707643	0.998290	31.621755	0.335520	0.454095	-0.213283	-0.170875	-0.312298	-0.038893	True	0.613259	0.346527	0.638737	27.846321	0.998903	7679
7680.png	0.661148	0.520840	0.684937	0.522836	0.992723	0.999086	28.003920	0.996856	28.609082	0.426485	0.514463	0.651331	31.190627	0.592317	2589	5	22	49	21	2.095238	4.400000	357	374	660.497106	4.245681	0.028664	-0.020077	-0.676405	-0.000178	-0.000530	0.006491	612.630367	5	22	-17	49	21	2.095238	4.400000	5	2	357	374	287	1.766035	4.245681	660.497106	0.028664	44924	17.351873	25.313248	256x256	65536	sparse	Meijering	357	5	31	2527	31.737747	0.645438	29.300749	0.997386	0.419994	0.428791	10	0	0.000000	41	2322	31.990191	0.680175	0.997087	28.952055	0.452285	0.396359	3468	32.089739	0.689175	0.998175	31.186587	0.431640	0.409323	-0.691667	0.085672	-0.547120	-0.053121	True	0.789864	0.514463	0.681225	28.680324	0.999264	7680
7681.png	0.727352	0.466578	0.636281	0.466578	1.000000	0.999559	27.305766	0.998097	28.169468	0.413962	0.362372	0.621417	30.643861	0.548713	2011	4	16	36	18	2.091954	4.000000	261	273	539.797812	5.203008	0.035630	0.014059	-0.076300	-0.000009	-0.000133	0.001751	646.212816	4	16	-12	36	18	2.091954	4.000000	4	1	261	273	207	1.977281	5.203008	539.797812	0.035630	45567	22.658876	32.588762	256x256	65536	sparse	Meijering	261	4	25	2011	30.999456	0.594919	28.291350	0.998231	0.412210	0.351115	8	1	0.500000	31	1846	31.150885	0.627656	0.997954	27.710635	0.440102	0.410428	4585	31.866927	0.708049	0.999073	31.264337	0.481423	0.421569	-0.121883	0.011257	-0.355594	-0.046206	True	0.583138	0.362372	0.713293	27.382067	0.999568	7681
7682.png	0.654930	0.496094	0.663185	0.508469	0.953233	0.998612	27.411925	0.996136	28.176603	0.465386	0.254404	0.382106	29.875125	0.524245	3045	11	29	71	42	2.080899	2.636364	445	463	857.108698	3.415351	0.039228	-0.015629	-1.360939	-0.000427	-0.000976	-0.009300	670.546770	11	29	-18	71	42	2.080899	2.636364	11	0	445	463	332	1.851207	3.415351	857.108698	0.039228	45882	15.067980	21.522496	256x256	65536	sparse	Meijering	445	11	31	2951	30.768834	0.611940	29.322879	0.997112	0.474685	0.247495	23	7	0.000000	37	3042	31.162050	0.669968	0.996767	28.913562	0.037866	0.440273	3083	30.897235	0.631479	0.997418	29.721370	0.073548	0.470256	-1.146276	0.006909	-0.893710	-0.087695	True	0.665795	0.254404	0.670558	28.772864	0.999039	7682
7684.png	0.563988	0.403632	0.575125	0.404232	0.996340	0.999030	28.708341	0.996667	29.071933	0.371990	0.285173	0.511648	30.708315	0.552033	2390	9	23	56	36	2.084337	2.555556	332	346	718.133406	4.036933	0.045639	0.028573	-0.336337	-0.000096	-0.000485	0.030372	645.133257	9	23	-14	56	36	2.084337	2.555556	9	0	332	346	240	2.075530	4.036933	718.133406	0.045639	45331	18.966946	27.420921	256x256	65536	sparse	Meijering	332	9	29	2386	31.236252	0.612544	29.628336	0.997151	0.341617	0.317277	12	4	0.000000	33	2144	31.412602	0.646991	0.996515	28.957226	0.128532	0.309761	3936	31.778263	0.691007	0.997992	31.182538	0.048493	0.374307	-0.556403	-0.032105	-0.527937	-0.060511	True	0.557361	0.285173	0.535415	29.044678	0.999125	7684
7685.png	0.667123	0.548520	0.708444	0.550557	0.993299	0.999339	27.083026	0.997775	27.676396	0.449072	0.285059	0.444569	30.432645	0.542943	2204	4	5	15	14	2.006623	1.250000	302	303	559.232593	4.409492	0.016844	0.012502	-0.022235	-0.000036	-0.000047	0.020678	608.077049	4	5	-1	15	14	2.006623	1.250000	4	0	302	303	273	1.845652	4.409492	559.232593	0.016844	45699	20.734574	29.735027	256x256	65536	sparse	Meijering	302	4	24	2015	30.769580	0.586957	27.716306	0.997822	0.428395	0.255882	9	2	0.000000	29	1984	30.950702	0.627428	0.997469	27.221782	0.395891	0.416426	4245	31.546100	0.688069	0.998825	30.635533	0.237892	0.432522	-0.039911	0.029177	-0.336935	-0.044014	True	0.641204	0.285059	0.654621	27.105261	0.999375	7685
7687.png	0.654912	0.371172	0.541394	0.373539	0.983217	0.998931	28.173565	0.995564	28.404170	0.311311	0.191623	0.287956	30.055959	0.535447	3473	18	43	106	61	2.100402	2.388889	498	523	1058.515579	3.078285	0.052426	-0.005674	-0.814990	-0.000208	-0.001228	0.014365	685.133696	18	43	-25	106	61	2.100402	2.388889	18	3	498	523	331	2.023930	3.078285	1058.515579	0.052426	45652	13.144832	18.870141	256x256	65536	sparse	Meijering	498	18	35	3354	31.104092	0.632705	29.607086	0.996793	0.296946	0.310416	12	5	0.500000	40	3278	31.494100	0.689735	0.996712	29.485359	0.181899	0.296110	606	30.341104	0.537263	0.995328	28.018997	0.395200	0.298912	-1.202917	-0.118793	-1.048133	-0.097258	True	0.665460	0.191623	0.660586	28.988556	0.999139	7687
7688.png	0.760141	0.417977	0.589540	0.417977	1.000000	0.999541	27.623650	0.997964	28.547814	0.386538	0.483149	0.749331	31.295177	0.587057	2166	5	14	28	18	2.060403	2.800000	298	307	508.875993	4.433997	0.018338	-0.001554	-0.328051	-0.000031	-0.000254	0.000000	594.902754	5	14	-9	28	18	2.060403	2.800000	5	0	298	307	252	1.657577	4.433997	508.875993	0.018338	44985	20.768698	30.256694	256x256	65536	sparse	Meijering	298	5	27	2070	31.591589	0.625687	28.869752	0.998218	0.386538	0.536060	5	1	0.500000	36	2128	31.850572	0.669922	0.998061	28.578257	0.489994	0.389359	4252	32.340190	0.717398	0.998936	31.452342	0.462056	0.389762	-0.321939	-0.052911	-0.296412	-0.038630	True	0.644774	0.483149	0.761695	27.951700	0.999572	7688
7689.png	0.557740	0.563401	0.720738	0.564863	0.995428	0.998908	27.508281	0.997574	28.204299	0.372498	0.272529	0.406493	31.181426	0.586065	2410	5	13	31	19	2.049844	2.600000	321	329	530.183062	4.351923	0.018910	-0.000155	-0.164798	-0.000064	-0.000142	0.007413	611.896038	5	13	-8	31	19	2.049844	2.600000	5	0	321	329	271	1.611499	4.351923	530.183062	0.018910	45219	18.763071	27.193361	256x256	65536	sparse	Meijering	321	5	29	2368	31.490134	0.631202	28.423841	0.997716	0.365085	0.317657	9	0	0.600000	39	2344	31.857003	0.676132	0.997548	28.393946	0.279113	0.353595	3782	32.059647	0.692313	0.998655	31.143615	0.309893	0.353225	-0.219542	-0.045127	-0.308708	-0.045136	True	0.670441	0.272529	0.557895	27.673078	0.998972	7689
7690.png	0.554039	0.569804	0.725955	0.571774	0.993987	0.998637	28.534606	0.996506	28.947427	0.369768	0.287212	0.459768	31.523598	0.601558	2349	5	11	30	20	2.036145	2.200000	332	338	635.475666	4.223256	0.029648	0.020592	-0.269837	-0.000109	-0.000481	0.009339	612.650156	5	11	-6	30	20	2.036145	2.200000	5	0	332	338	282	1.880106	4.223256	635.475666	0.029648	44656	19.010643	27.899532	256x256	65536	sparse	Meijering	332	5	29	2259	31.865800	0.642198	29.414679	0.996987	0.360429	0.305803	12	6	0.000000	42	2176	32.234816	0.682166	0.997005	29.449524	0.252671	0.331373	3666	32.399020	0.704920	0.997937	31.355384	0.224241	0.369257	-0.467251	-0.018591	-0.342203	-0.040640	True	0.624689	0.287212	0.533447	28.804443	0.998746	7690
7691.png	0.436689	0.499828	0.666514	0.503288	0.986431	0.998715	28.148404	0.996616	28.697291	0.294464	0.207450	0.313322	31.505815	0.601448	2293	4	19	42	21	2.096154	4.750000	312	327	608.984289	4.506746	0.031773	-0.000967	-0.155515	-0.000095	-0.000343	0.006475	623.299122	4	19	-15	42	21	2.096154	4.750000	4	0	312	327	249	1.862337	4.506746	608.984289	0.031773	44749	19.515482	28.580898	256x256	65536	sparse	Meijering	312	4	28	2217	31.811531	0.640174	29.070259	0.996959	0.287989	0.174499	17	1	0.000000	40	2166	32.163043	0.679263	0.996769	29.082875	0.199618	0.271028	3972	32.472891	0.714099	0.998176	31.551037	0.159943	0.286604	-0.372969	0.032951	-0.305716	-0.038725	True	0.662098	0.207450	0.437656	28.303919	0.998809	7691
7692.png	0.646976	0.514259	0.679222	0.522919	0.968804	0.998896	27.304725	0.996727	27.932882	0.531308	0.455165	0.679573	30.356939	0.550804	2586	5	20	42	21	2.085960	4.000000	349	364	622.658003	4.640898	0.026739	0.001907	-0.581739	-0.000160	-0.000330	-0.002295	610.602617	5	20	-15	42	21	2.085960	4.000000	5	1	349	364	286	1.710599	4.640898	622.658003	0.026739	45708	17.675174	25.342614	256x256	65536	sparse	Meijering	349	5	28	2585	30.902642	0.614581	28.395407	0.997058	0.533603	0.642993	6	5	0.000000	32	2348	31.111626	0.650994	0.996576	27.864211	0.538143	0.512127	3685	31.392621	0.667331	0.998110	30.362062	0.469453	0.498288	-0.462525	-0.187828	-0.545704	-0.063778	True	0.669781	0.455165	0.645069	27.886464	0.999056	7692
7693.png	0.514286	0.536677	0.698490	0.552601	0.949040	0.998882	28.044927	0.997621	28.645795	0.331670	0.185353	0.269991	30.510065	0.544246	2353	5	26	62	28	2.127660	5.200000	329	350	651.149401	4.188164	0.035907	0.003388	-0.435458	-0.000165	-0.000213	0.005658	612.337112	5	26	-21	62	28	2.127660	5.200000	5	1	329	350	239	1.860427	4.188164	651.149401	0.035907	45578	19.370166	27.852104	256x256	65536	sparse	Meijering	329	5	27	2258	31.008985	0.601256	28.972283	0.997835	0.326012	0.226374	12	0	0.000000	33	2338	31.264273	0.650378	0.997582	28.556382	0.387374	0.310597	3898	31.548864	0.680216	0.998425	30.523326	0.178927	0.338077	-0.326488	-0.041021	-0.498919	-0.057010	True	0.686514	0.185353	0.510897	28.480384	0.999046	7693
7694.png	0.739967	0.593762	0.745107	0.595753	0.994403	0.998955	27.699243	0.996796	28.238860	0.577166	0.754387	1.103933	30.979074	0.573723	2199	4	17	38	18	2.090592	4.250000	287	300	602.463009	4.714275	0.028170	0.009667	0.106699	-0.000000	-0.000025	0.014573	622.873068	4	17	-13	38	18	2.090592	4.250000	4	1	287	300	231	2.008210	4.714275	602.463009	0.028170	45325	20.611642	29.802638	256x256	65536	sparse	Otsu	287	4	26	2174	31.202868	0.614957	28.300177	0.996821	0.562593	0.640605	6	12	0.000000	35	2118	31.535849	0.656870	0.996525	28.101052	0.596132	0.557004	3948	31.920272	0.694077	0.998286	31.065139	0.680181	0.564829	-0.061317	0.113782	-0.223793	-0.041234	True	0.683363	0.754387	0.730300	27.592545	0.998955	7694
7695.png	0.515235	0.436913	0.608127	0.443914	0.965159	0.999142	27.743517	0.997110	28.423808	0.285179	0.190573	0.313542	30.609973	0.555520	2583	8	21	55	33	2.074286	2.625000	350	363	656.285871	3.962722	0.040380	0.009672	-0.441093	-0.000191	-0.000361	0.006965	624.086857	8	21	-13	55	33	2.074286	2.625000	8	0	350	363	262	1.807950	3.962722	656.285871	0.040380	45453	17.596980	25.372048	256x256	65536	sparse	Meijering	350	8	29	2465	31.185587	0.617332	28.887535	0.997472	0.278213	0.218599	12	0	0.750000	37	2576	31.483403	0.670199	0.997196	28.641998	0.216994	0.260143	3630	31.610871	0.674267	0.998252	30.754697	0.151437	0.263553	-0.463727	-0.028026	-0.575614	-0.061812	True	0.607807	0.190573	0.505563	28.184609	0.999333	7695
7696.png	0.674947	0.493804	0.661136	0.498716	0.980442	0.999051	27.841243	0.996483	28.413095	0.485461	0.524247	0.929598	30.891584	0.581972	2479	4	20	44	20	2.094118	5.000000	340	356	617.780354	4.438702	0.025297	-0.025107	-0.492698	-0.000183	-0.000481	0.001878	601.024389	4	20	-16	44	20	2.094118	5.000000	4	1	340	356	276	1.735338	4.438702	617.780354	0.025297	45166	18.219443	26.436466	256x256	65536	sparse	Meijering	340	4	30	2472	31.525618	0.636029	29.047950	0.996964	0.483583	0.353813	12	6	0.000000	38	2474	31.812917	0.681534	0.996727	28.702543	0.375478	0.481141	3742	32.014994	0.694383	0.997969	30.932052	0.311564	0.468601	-0.634855	0.170434	-0.634034	-0.054057	True	0.563951	0.524247	0.700054	28.333941	0.999235	7696
7697.png	0.496661	0.478347	0.647138	0.487698	0.961462	0.998851	28.084763	0.996826	28.734337	0.318228	0.269968	0.438564	30.623833	0.558879	2612	5	26	66	31	2.116343	5.200000	361	382	713.189434	3.857662	0.035788	-0.010104	-0.643921	-0.000246	-0.000525	-0.000276	594.650269	5	26	-21	66	31	2.116343	5.200000	5	0	361	382	264	1.866988	3.857662	713.189434	0.035788	45344	17.359877	25.090352	256x256	65536	sparse	Meijering	361	5	30	2527	31.306536	0.623645	29.390938	0.997351	0.318504	0.217730	18	0	0.000000	38	2602	31.614418	0.673366	0.997038	29.056556	0.230761	0.299528	3647	31.706244	0.680840	0.997998	30.809252	0.150894	0.302020	-0.656601	0.052238	-0.682703	-0.064766	True	0.615572	0.269968	0.506765	28.728684	0.999097	7697
7698.png	0.588209	0.565663	0.722586	0.586875	0.939940	0.998098	28.335817	0.995892	28.800104	0.472914	0.550671	0.711923	31.280910	0.593408	2753	6	23	58	30	2.086076	3.833333	395	412	817.122041	4.036613	0.037499	-0.021145	-0.812337	-0.000457	-0.000651	0.000874	632.873058	6	23	-17	58	30	2.086076	3.833333	6	0	395	412	307	1.983306	4.036613	817.122041	0.037499	44788	16.268798	23.805303	256x256	65536	sparse	Meijering	395	6	33	2694	31.841900	0.650993	29.549983	0.996543	0.472040	0.453716	13	12	0.000000	44	2636	32.187094	0.697350	0.996292	29.438156	0.280810	0.485262	3256	32.073315	0.683518	0.997273	30.624683	0.281555	0.447975	-0.749879	0.096956	-0.560990	-0.057584	True	0.773498	0.550671	0.609354	29.148154	0.998555	7698
7699.png	0.685696	0.397890	0.569272	0.408150	0.940572	0.999166	27.795505	0.996770	28.876282	0.402292	0.389412	0.675081	30.736147	0.562146	2408	5	12	33	23	2.042042	2.400000	333	340	582.224646	4.623510	0.034937	-0.002524	-0.639280	-0.000249	-0.000097	-0.003312	624.962568	5	12	-7	33	23	2.042042	2.400000	5	0	333	340	277	1.712425	4.623510	582.224646	0.034937	45441	18.870847	27.215947	256x256	65536	sparse	Meijering	333	5	27	2256	31.160892	0.613481	29.049335	0.996867	0.405603	0.414656	9	0	0.600000	34	2198	31.413395	0.654936	0.996626	28.554818	0.366417	0.374920	3930	31.773004	0.690191	0.998087	31.069984	0.206502	0.376669	-0.173052	-0.025244	-0.424746	-0.051335	True	0.576838	0.389412	0.688220	28.434785	0.999415	7699
7700.png	0.537120	0.565371	0.722348	0.574903	0.971509	0.998146	27.304948	0.994772	27.653861	0.443135	0.258123	0.375306	29.645329	0.536541	2875	4	30	61	21	2.140541	7.500000	370	396	738.311903	4.412268	0.032968	0.018132	-1.065692	-0.000462	-0.001212	0.039874	666.609287	4	30	-26	61	21	2.140541	7.500000	4	4	370	396	288	1.864424	4.412268	738.311903	0.032968	45947	15.981565	22.795130	256x256	65536	sparse	Otsu	370	4	30	2872	30.801330	0.616754	28.976257	0.995984	0.403261	0.233254	25	5	0.000000	33	2674	31.025257	0.659049	0.995321	28.341316	0.313201	0.351299	3173	31.015464	0.638705	0.996618	30.004459	0.175214	0.389517	-1.322396	0.024868	-1.156001	-0.080213	True	0.687765	0.258123	0.518987	28.370640	0.998609	7700
7701.png	0.573607	0.489685	0.657434	0.491214	0.993681	0.999168	27.628886	0.997172	28.293736	0.426128	0.329680	0.592917	31.606590	0.606229	2189	5	11	25	17	2.040404	2.200000	297	303	590.742297	4.418153	0.030324	-0.019954	-0.345891	-0.000137	-0.000407	-0.004504	602.725267	5	11	-6	25	17	2.040404	2.200000	5	0	297	303	255	1.949645	4.418153	590.742297	0.030324	44668	20.405665	29.938785	256x256	65536	sparse	Meijering	297	5	28	2121	31.935275	0.644531	28.690604	0.997579	0.430631	0.454835	6	4	0.000000	42	2100	32.244087	0.681863	0.997648	28.913665	0.364494	0.422404	4275	32.662686	0.728189	0.998676	31.627414	0.235272	0.433918	-0.396868	-0.125155	-0.328685	-0.038303	True	0.556031	0.329680	0.593561	27.974776	0.999305	7701
7702.png	0.703680	0.375741	0.546238	0.375741	1.000000	0.999536	27.149617	0.996844	28.419508	0.461035	0.510458	0.857836	31.632203	0.619056	2544	5	10	20	16	2.028986	2.000000	345	350	583.315799	5.077087	0.023350	0.002656	-0.252360	-0.000036	-0.000333	0.008275	652.042150	5	10	-5	20	16	2.028986	2.000000	5	0	345	350	309	1.666617	5.077087	583.315799	0.023350	44749	17.590016	25.761006	256x256	65536	sparse	Otsu	345	5	32	2514	32.025503	0.663898	28.915666	0.997177	0.452760	0.504831	7	3	0.000000	41	2308	32.275341	0.699101	0.997022	28.893867	0.663110	0.444341	3412	32.393383	0.700993	0.998242	31.213779	0.329680	0.458372	-0.496159	0.005627	-0.393300	-0.044842	True	0.595053	0.510458	0.701024	27.401977	0.999572	7702
7703.png	0.698596	0.373062	0.543402	0.374481	0.989945	0.999300	27.768642	0.996896	28.051672	0.328852	0.317381	0.520833	30.157732	0.529671	2754	8	58	117	43	2.260417	7.250000	384	434	812.218002	3.753968	0.049894	0.011408	-0.335369	-0.000089	-0.000712	0.006350	628.577471	8	58	-50	117	43	2.260417	7.250000	8	3	384	434	224	1.871470	3.753968	812.218002	0.049894	45799	16.629993	23.796659	256x256	65536	sparse	Meijering	384	8	30	2749	30.874020	0.609678	28.960134	0.997608	0.322503	0.405479	8	3	1.000000	35	2638	31.172105	0.658880	0.997313	28.550749	0.335021	0.317570	3263	31.122943	0.642760	0.997776	29.703076	0.332113	0.323783	-0.908463	-0.088099	-0.716288	-0.080007	True	0.609372	0.317381	0.687188	28.104011	0.999389	7703
7704.png	0.571972	0.475811	0.644813	0.493423	0.930219	0.998691	28.466643	0.996381	28.846111	0.351129	0.322943	0.411068	30.938699	0.573233	2783	7	39	87	37	2.158809	5.571429	403	435	874.040443	3.801002	0.040888	0.005600	-1.110394	-0.000436	-0.000913	0.015246	631.425858	7	39	-32	87	37	2.158809	5.571429	7	2	403	435	279	2.009288	3.801002	874.040443	0.040888	45142	16.220625	23.548688	256x256	65536	sparse	Meijering	403	7	33	2775	31.611905	0.640371	29.877001	0.997294	0.335883	0.321814	12	5	0.000000	42	2624	31.879655	0.682769	0.997087	29.528936	0.280597	0.315918	3022	31.764200	0.664973	0.997784	30.841868	0.214087	0.319168	-1.030890	0.001129	-0.673207	-0.067139	True	0.785619	0.322943	0.566372	29.577037	0.999127	7704
7705.png	0.676420	0.497203	0.664176	0.500331	0.987582	0.999311	27.327925	0.996797	28.039521	0.460444	0.444285	0.635778	30.727023	0.565030	2455	4	22	51	24	2.113924	5.500000	316	334	632.687916	4.896590	0.030830	-0.006788	-0.073007	-0.000034	-0.000176	0.001172	641.963005	4	22	-18	51	24	2.113924	5.500000	4	0	316	334	241	1.894275	4.896590	632.687916	0.030830	45616	18.580855	26.694908	256x256	65536	sparse	Otsu	316	4	27	2338	31.086344	0.616144	28.267002	0.996973	0.459272	0.481670	7	3	0.000000	34	2346	31.377855	0.660935	0.996678	28.040152	0.456649	0.467219	3723	31.626830	0.677278	0.997915	30.593781	0.361792	0.442715	-0.227481	-0.037385	-0.359321	-0.051114	True	0.698806	0.444285	0.683208	27.400932	0.999345	7705
7706.png	0.644520	0.489160	0.656961	0.495029	0.976335	0.999220	28.000436	0.997318	28.728649	0.481203	0.422525	0.570395	30.248500	0.534625	2367	4	21	44	22	2.104938	5.250000	324	341	616.671351	4.575086	0.028026	0.029588	-0.179477	-0.000114	-0.000125	0.047493	604.725122	4	21	-17	44	22	2.104938	5.250000	4	0	324	341	258	1.808420	4.575086	616.671351	0.028026	45788	19.344318	27.687368	256x256	65536	sparse	Meijering	324	4	25	2169	30.708716	0.588233	28.815420	0.997443	0.433710	0.366771	13	7	0.000000	30	2204	30.944858	0.634180	0.996975	28.169987	0.221199	0.448722	3909	31.317061	0.672542	0.998150	30.404479	0.120389	0.457616	-0.086771	0.055754	-0.460216	-0.053608	True	0.740760	0.422525	0.614932	28.179913	0.999334	7706
7707.png	0.565648	0.375173	0.545637	0.376605	0.989964	0.999261	28.258595	0.996250	29.174853	0.276352	0.268994	0.545203	31.740967	0.609469	2515	9	27	65	37	2.096774	3.000000	372	390	712.556102	4.045973	0.038459	0.010553	-0.840319	-0.000174	-0.000784	0.005266	623.940229	9	27	-18	65	37	2.096774	3.000000	9	1	372	390	270	1.827067	4.045973	712.556102	0.038459	44404	17.655666	26.058052	256x256	65536	sparse	Meijering	372	9	32	2359	32.217545	0.657752	29.985859	0.997034	0.271086	0.279277	8	1	0.944444	45	2462	32.529696	0.701138	0.997069	30.121849	0.331592	0.253384	3807	32.740534	0.720207	0.997968	31.784251	0.225381	0.264491	-0.811006	-0.010283	-0.476578	-0.048283	True	0.493383	0.268994	0.555095	29.098913	0.999435	7707
7708.png	0.634001	0.421917	0.593448	0.425491	0.980479	0.999388	27.976625	0.997424	28.696161	0.411923	0.198484	0.362818	31.755137	0.613368	2150	6	8	19	17	2.013378	1.333333	299	301	524.745021	4.471390	0.022336	-0.003930	-0.427330	-0.000093	-0.000396	0.004530	603.138208	6	8	-2	19	17	2.013378	1.333333	6	0	299	301	263	1.743339	4.471390	524.745021	0.022336	44555	20.723256	30.481860	256x256	65536	sparse	Meijering	299	6	29	2093	32.060947	0.648628	29.210887	0.997820	0.407393	0.415584	7	1	0.416667	41	1988	32.346231	0.683228	0.997727	29.197569	0.294136	0.405853	4382	32.839533	0.736471	0.998765	31.965036	0.259182	0.392459	-0.514726	-0.217101	-0.305810	-0.035260	True	0.547062	0.198484	0.637931	28.403955	0.999481	7708
7709.png	0.743440	0.477773	0.646612	0.477965	0.999162	0.999507	26.800292	0.997689	27.426449	0.466455	0.427157	0.851886	30.958885	0.590684	2212	4	18	40	19	2.099291	4.500000	282	296	556.047458	4.492642	0.028129	-0.005259	-0.391663	-0.000036	-0.000246	0.002513	610.329628	4	18	-14	40	19	2.099291	4.500000	4	1	282	296	223	1.878539	4.492642	556.047458	0.028129	45036	20.359855	29.627486	256x256	65536	sparse	Otsu	282	4	27	2188	31.475605	0.629536	28.137804	0.997935	0.463942	0.357801	7	0	0.125000	37	1970	31.822771	0.664549	0.997945	28.200683	0.463846	0.461138	3987	32.223658	0.704474	0.998840	31.262601	0.293901	0.454327	-0.711355	0.069356	-0.516720	-0.038852	True	0.501424	0.427157	0.748699	27.191955	0.999543	7709
7710.png	0.608746	0.511412	0.676734	0.520131	0.968265	0.998945	27.730805	0.996242	28.537444	0.460898	0.321975	0.487542	30.666122	0.554922	2185	4	16	37	21	2.083045	4.000000	289	301	625.779117	4.638108	0.030721	0.005073	-0.339486	-0.000148	-0.000278	0.016735	608.082294	4	16	-12	37	21	2.083045	4.000000	4	0	289	301	231	2.079000	4.638108	625.779117	0.030721	45445	20.798627	29.993593	256x256	65536	sparse	Otsu	289	4	26	2133	31.077975	0.603051	28.837337	0.996520	0.444162	0.381217	11	7	0.000000	32	2142	31.282831	0.643593	0.996013	28.240491	0.285173	0.430123	4109	31.774758	0.695346	0.997900	31.246560	0.203546	0.444645	-0.299893	-0.059241	-0.411853	-0.048129	True	0.660404	0.321975	0.603673	28.070291	0.999093	7710
7711.png	0.706428	0.511976	0.677228	0.514673	0.989870	0.999298	27.908454	0.997476	28.516756	0.442322	0.381217	0.518293	31.490623	0.600230	2290	4	18	38	19	2.086687	4.500000	323	337	590.823521	4.360187	0.023379	-0.010060	-0.345280	-0.000076	-0.000302	-0.001244	575.477362	4	18	-14	38	19	2.086687	4.500000	4	2	323	337	266	1.753186	4.360187	590.823521	0.023379	44772	19.551092	28.618341	256x256	65536	sparse	Meijering	323	4	29	2262	31.797340	0.641220	28.965452	0.997777	0.443567	0.452754	7	2	0.625000	40	2150	32.181105	0.681756	0.997712	28.905884	0.630646	0.448872	4106	32.526386	0.719431	0.998781	31.679376	0.394681	0.433032	-0.448696	-0.071538	-0.306717	-0.040990	True	0.735523	0.381217	0.716488	28.253734	0.999374	7711
7712.png	0.690734	0.439438	0.610568	0.443692	0.978648	0.999290	27.984333	0.996471	28.224344	0.445443	0.216144	0.388726	30.364763	0.545609	2782	9	26	78	43	2.090667	2.888889	375	392	807.911967	3.954289	0.044054	-0.006217	-0.448864	-0.000110	-0.000588	0.003110	655.093193	9	26	-17	78	43	2.090667	2.888889	9	0	375	392	254	2.061000	3.954289	807.911967	0.044054	45606	16.393242	23.557153	256x256	65536	sparse	Meijering	375	9	31	2757	31.090718	0.620955	28.984333	0.997059	0.442332	0.379840	9	3	0.000000	35	2502	31.269718	0.660070	0.996788	28.487384	0.342953	0.430229	3300	31.292308	0.655484	0.997481	29.590027	0.188064	0.442339	-0.759989	-0.163696	-0.725955	-0.075346	True	0.556031	0.216144	0.696951	28.433197	0.999401	7712
7713.png	0.705541	0.637708	0.778781	0.642937	0.987407	0.998751	27.850656	0.996926	28.201006	0.550595	0.513248	0.767428	30.635842	0.553617	2186	4	11	27	17	2.049296	2.750000	284	291	618.443254	4.544179	0.024868	0.001486	0.010018	-0.000058	-0.000126	-0.003222	620.808840	4	11	-7	27	17	2.049296	2.750000	4	0	284	291	240	2.125235	4.544179	618.443254	0.024868	45601	20.860476	29.979872	256x256	65536	sparse	Meijering	284	4	25	2072	30.956094	0.597655	28.202172	0.997052	0.553818	0.489994	9	13	0.000000	30	1962	31.107906	0.632556	0.996201	27.451561	0.615572	0.549516	4147	31.653027	0.690179	0.998343	30.799558	0.372074	0.552583	-0.001166	0.023253	-0.320251	-0.044037	True	0.668789	0.513248	0.704055	27.840638	0.998809	7713
7714.png	0.549570	0.547042	0.707210	0.553952	0.977707	0.998720	28.159883	0.996888	28.445291	0.407207	0.309797	0.464373	30.371090	0.540566	2414	4	16	34	18	2.074303	4.000000	323	335	653.075836	4.246144	0.024656	0.008023	-0.266179	-0.000203	-0.000303	0.003021	588.159800	4	16	-12	34	18	2.074303	4.000000	4	0	323	335	271	1.949480	4.246144	653.075836	0.024656	45700	18.931234	27.148302	256x256	65536	sparse	Meijering	323	4	27	2371	30.869472	0.601350	28.804100	0.997191	0.404186	0.319859	11	2	0.000000	31	2176	31.068381	0.637730	0.996488	28.195590	0.534201	0.376398	3811	31.424064	0.672833	0.998023	30.464191	0.266984	0.409942	-0.358809	-0.010062	-0.498383	-0.060785	True	0.667129	0.309797	0.541547	28.426062	0.998923	7714
7715.png	0.713370	0.520012	0.684221	0.528440	0.970241	0.998842	28.157361	0.996741	28.997592	0.516504	0.451188	0.657217	31.412421	0.603418	2614	5	17	38	19	2.064690	3.400000	371	383	685.512003	4.384476	0.030963	-0.013814	-0.689335	-0.000228	-0.000336	-0.013897	637.664318	5	17	-12	38	19	2.064690	3.400000	5	2	371	383	314	1.789849	4.384476	685.512003	0.030963	44757	17.122035	25.071155	256x256	65536	sparse	Meijering	371	5	31	2542	31.822041	0.651861	29.462314	0.997077	0.530400	0.544640	9	13	0.000000	39	2372	32.134447	0.692879	0.996820	29.040562	0.381217	0.525899	3486	32.251760	0.697946	0.998012	31.272948	0.326173	0.514782	-0.464722	-0.093452	-0.409620	-0.048443	True	0.686514	0.451188	0.727184	28.846696	0.999070	7715
7716.png	0.610143	0.412461	0.584031	0.414750	0.986792	0.999471	27.883967	0.997366	28.767470	0.384859	0.269879	0.430731	31.473663	0.594394	2132	4	17	39	18	2.086093	4.250000	302	315	557.177551	4.703125	0.032743	-0.003837	-0.191875	-0.000038	-0.000310	-0.000549	614.176512	4	17	-13	39	18	2.086093	4.250000	4	1	302	315	245	1.768818	4.703125	557.177551	0.032743	44784	21.005629	30.739212	256x256	65536	sparse	Meijering	302	4	28	2131	31.760198	0.633962	29.153051	0.997676	0.385408	0.432046	7	2	0.125000	38	2086	32.040293	0.673675	0.997478	28.821588	0.336350	0.372720	4108	32.460187	0.717917	0.998625	31.692600	0.204744	0.365941	-0.385581	-0.162166	-0.286535	-0.039567	True	0.626561	0.269879	0.613979	28.075842	0.999509	7716
7717.png	0.776710	0.546306	0.706595	0.547445	0.996205	0.999328	27.447188	0.997464	28.146979	0.542391	0.460516	0.769734	31.639676	0.618269	2342	4	13	32	18	2.061224	3.250000	294	303	541.050444	4.713830	0.026072	-0.007792	-0.017257	0.000001	-0.000122	-0.004707	624.193668	4	13	-9	32	18	2.061224	3.250000	4	0	294	303	244	1.785645	4.713830	541.050444	0.026072	44802	19.129804	27.982921	256x256	65536	sparse	Otsu	294	4	29	2284	31.915088	0.655231	28.294213	0.997586	0.547098	0.675348	4	1	0.500000	41	2134	32.194131	0.687083	0.997611	28.466572	0.576838	0.532499	3767	32.468736	0.707956	0.998690	31.300910	0.440102	0.516510	-0.147234	-0.214831	-0.275413	-0.036962	True	0.598280	0.460516	0.784502	27.464445	0.999328	7717
7718.png	0.764336	0.432163	0.603511	0.432642	0.997440	0.999461	27.539556	0.997920	28.420828	0.396966	0.460516	0.780318	31.507085	0.601348	2252	5	13	31	19	2.053512	2.600000	299	307	495.082775	4.583162	0.027827	-0.000970	-0.364523	-0.000087	-0.000406	-0.001627	605.268955	5	13	-8	31	19	2.053512	2.600000	5	0	299	307	249	1.612647	4.583162	495.082775	0.027827	44872	19.925400	29.101243	256x256	65536	sparse	Meijering	299	5	28	2229	31.772155	0.638988	29.052288	0.998326	0.398594	0.496749	6	1	0.400000	40	2192	32.141649	0.682902	0.998175	28.854825	0.483149	0.387121	4093	32.459882	0.716136	0.998996	31.710474	0.425928	0.399704	-0.631460	-0.036233	-0.265070	-0.037640	True	0.590165	0.460516	0.765306	27.904078	0.999549	7718
7719.png	0.606001	0.500720	0.667307	0.504720	0.984419	0.998949	28.161959	0.996759	28.724070	0.373781	0.266553	0.471924	31.347782	0.593115	2326	5	21	45	24	2.098765	4.200000	324	340	629.515009	4.265172	0.034360	-0.010753	-0.573334	-0.000149	-0.000558	-0.002988	624.574661	5	21	-16	45	24	2.098765	4.200000	5	0	324	340	255	1.851515	4.265172	629.515009	0.034360	44794	19.257954	28.175408	256x256	65536	sparse	Meijering	324	5	29	2269	31.788100	0.639108	29.356998	0.997317	0.376770	0.378460	9	1	0.100000	41	2208	32.133844	0.679350	0.997122	29.184498	0.312398	0.359840	4069	32.461433	0.717332	0.998384	31.597557	0.233342	0.379485	-0.632928	-0.111907	-0.440319	-0.045993	True	0.564822	0.266553	0.616755	28.735293	0.999098	7719
7720.png	0.576800	0.459658	0.629816	0.462106	0.988606	0.999164	27.563973	0.997123	28.469093	0.340025	0.255130	0.461429	30.912103	0.563497	2177	5	25	50	25	2.136986	5.000000	292	312	606.178093	4.374481	0.035366	-0.004946	-0.263079	-0.000123	-0.000292	-0.008460	586.302042	5	25	-20	50	25	2.136986	5.000000	5	0	292	312	217	1.942879	4.374481	606.178093	0.035366	45278	20.798346	30.103813	256x256	65536	sparse	Meijering	292	5	27	2115	31.285036	0.609257	28.787578	0.997415	0.348485	0.241463	11	3	0.000000	34	1970	31.474673	0.647242	0.997027	28.264003	0.372911	0.332651	4181	32.003655	0.701073	0.998511	31.337969	0.191215	0.337428	-0.318485	0.013667	-0.372933	-0.045760	True	0.552912	0.255130	0.581746	27.827052	0.999287	7720
7721.png	0.717375	0.389665	0.560804	0.389801	0.999105	0.999575	27.417316	0.997276	28.152930	0.386173	0.379668	0.587225	30.478864	0.547787	2396	5	19	54	30	2.088608	3.800000	316	330	636.935993	4.371957	0.044709	0.004099	-0.344827	-0.000045	-0.000294	0.014535	636.702538	5	19	-14	54	30	2.088608	3.800000	5	0	316	330	232	1.930109	4.371957	636.935993	0.044709	45769	19.102254	27.352254	256x256	65536	sparse	Meijering	316	5	27	2357	30.958805	0.604834	28.527324	0.997570	0.371638	0.479691	6	2	0.000000	33	2374	31.175636	0.653218	0.997253	28.120561	0.607414	0.364652	3847	31.482206	0.673531	0.998534	30.538229	0.481670	0.370940	-0.374394	-0.100024	-0.479940	-0.057046	True	0.646545	0.379668	0.713276	27.762142	0.999620	7721
7722.png	0.768699	0.516013	0.680750	0.516571	0.997912	0.999322	26.924699	0.997637	27.889456	0.495499	0.528577	0.893784	31.032550	0.580041	2064	4	8	22	16	2.031496	2.000000	254	258	492.286669	5.588213	0.018185	-0.001314	-0.402773	-0.000066	-0.000147	0.009548	612.066031	4	8	-4	22	16	2.031496	2.000000	4	0	254	258	216	1.908088	5.588213	492.286669	0.018185	45259	21.927810	31.751938	256x256	65536	sparse	Otsu	254	4	26	2050	31.319359	0.614857	28.177281	0.997784	0.485951	0.589344	4	2	0.000000	33	2030	31.502422	0.658950	0.997505	27.794611	0.465630	0.482709	4315	32.119641	0.707786	0.998938	31.575206	0.433059	0.488833	-0.287825	-0.060767	-0.286810	-0.034815	True	0.591392	0.528577	0.770013	27.327472	0.999388	7722
7723.png	0.692890	0.581283	0.735204	0.589530	0.976499	0.998979	27.810869	0.997814	28.252429	0.490465	0.382982	0.801294	30.304725	0.525892	2030	5	17	33	20	2.083333	3.400000	288	300	602.694566	4.430764	0.023774	0.013774	-0.009288	-0.000059	-0.000054	0.017115	659.478664	5	17	-12	33	20	2.083333	3.400000	5	0	288	300	235	2.008982	4.430764	602.694566	0.023774	45900	22.610837	32.283744	256x256	65536	sparse	Meijering	288	5	23	1939	30.574944	0.571279	28.286720	0.997868	0.473350	0.407176	7	7	0.000000	29	1864	30.840179	0.615854	0.997549	27.641888	0.313092	0.454323	4578	31.538676	0.697815	0.998800	30.927026	0.219147	0.481283	-0.034291	-0.024194	-0.270219	-0.045387	True	0.477954	0.382982	0.679116	27.820158	0.999038	7723
7724.png	0.655993	0.439963	0.611076	0.443009	0.984615	0.999426	27.866875	0.997864	28.372321	0.385325	0.256483	0.439832	30.599467	0.542970	2175	7	15	43	24	2.051948	2.142857	308	316	638.775355	4.394092	0.027764	0.024029	-0.021893	-0.000050	-0.000163	0.010614	696.648598	7	15	-8	43	24	2.051948	2.142857	7	1	308	316	241	2.021441	4.394092	638.775355	0.027764	45571	20.952184	30.131494	256x256	65536	sparse	Meijering	308	7	25	2055	30.917148	0.590402	28.578992	0.998027	0.374712	0.351115	8	2	0.428571	33	2134	31.194749	0.639946	0.997877	28.155101	0.317846	0.358230	4201	31.689921	0.692606	0.998847	30.931062	0.206720	0.376671	-0.206671	-0.094632	-0.317680	-0.047432	True	0.583138	0.256483	0.631963	27.888769	0.999476	7724
7725.png	0.705089	0.443268	0.614256	0.445695	0.987862	0.999280	27.477877	0.996501	28.033184	0.393617	0.311147	0.525763	30.361250	0.548385	3076	8	40	91	39	2.143177	5.000000	447	479	869.858445	3.857269	0.035555	-0.003968	-0.785511	-0.000165	-0.000824	0.007060	671.457767	8	40	-32	91	39	2.143177	5.000000	8	1	447	479	317	1.815988	3.857269	869.858445	0.035555	45622	14.831599	21.305592	256x256	65536	sparse	Meijering	447	8	33	3072	31.141688	0.632237	29.001197	0.997325	0.386557	0.455872	7	1	0.937500	41	3008	31.499005	0.685033	0.997218	28.930895	0.329680	0.388382	671	30.430906	0.549155	0.995613	27.126637	0.513248	0.392032	-0.968013	-0.144725	-0.780438	-0.083851	True	0.591801	0.311147	0.709057	28.263388	0.999446	7725
7726.png	0.630258	0.456371	0.626723	0.461719	0.975248	0.999285	27.398205	0.997683	28.338022	0.388911	0.296720	0.537084	31.444167	0.596506	2216	4	23	42	18	2.127946	5.750000	297	316	584.281793	4.721608	0.021445	0.011740	-0.321506	-0.000079	-0.000244	0.008832	608.556271	4	23	-19	42	18	2.127946	5.750000	4	1	297	316	237	1.848993	4.721608	584.281793	0.021445	44852	20.240072	29.574007	256x256	65536	sparse	Meijering	297	4	28	2189	31.732343	0.636988	28.741016	0.997927	0.380078	0.368716	8	3	0.000000	39	2166	32.025521	0.677179	0.997924	28.749810	0.294770	0.387349	4157	32.418570	0.714075	0.998797	31.491219	0.233471	0.369531	-0.402994	-0.071996	-0.288176	-0.040482	True	0.552465	0.296720	0.618519	27.719712	0.999363	7726
7727.png	0.553236	0.428967	0.600388	0.437920	0.954510	0.998893	27.520995	0.996785	28.218298	0.320463	0.243208	0.365473	30.703515	0.571349	2534	6	34	77	31	2.159091	5.666667	352	380	705.009098	3.860982	0.036586	-0.003436	-1.291969	-0.000407	-0.000751	0.011655	626.997471	6	34	-28	77	31	2.159091	5.666667	6	2	352	380	244	1.855287	3.860982	705.009098	0.036586	45114	17.803473	25.862668	256x256	65536	sparse	Meijering	352	6	31	2508	31.541112	0.631390	29.513746	0.997536	0.308808	0.382982	7	1	0.666667	38	2306	31.779613	0.667201	0.997235	29.016316	0.347319	0.302227	3617	31.922671	0.685896	0.998179	31.050435	0.189416	0.307774	-1.295448	-0.139774	-0.837598	-0.060042	True	0.665460	0.243208	0.556671	28.812964	0.999300	7727
7728.png	0.476050	0.569409	0.725635	0.599583	0.918796	0.997871	27.773967	0.996108	28.426032	0.386256	0.166399	0.227385	30.044645	0.529202	2774	4	27	66	32	2.121372	6.750000	379	402	815.377357	4.144233	0.043915	0.017247	-1.001773	-0.000629	-0.000485	0.005770	643.666983	4	27	-23	66	32	2.121372	6.750000	4	0	379	402	281	2.028302	4.144233	815.377357	0.043915	45877	16.538212	23.625090	256x256	65536	sparse	Meijering	379	4	29	2707	30.745513	0.605750	28.984474	0.996593	0.380486	0.198764	25	4	0.000000	32	2676	30.982643	0.652962	0.996178	28.382503	0.114588	0.351574	3210	30.993711	0.636207	0.997035	29.779744	0.154544	0.360938	-0.558442	-0.032366	-0.700867	-0.076548	True	0.731794	0.166399	0.458804	28.775740	0.998500	7728
7729.png	0.595186	0.437951	0.609132	0.445388	0.963272	0.999129	28.286735	0.996965	28.993270	0.374808	0.202481	0.348980	31.019038	0.570237	2431	6	26	56	25	2.115607	4.333333	346	366	695.917171	3.889621	0.036196	0.006863	-0.561966	-0.000198	-0.000464	0.018712	640.414000	6	26	-20	56	25	2.115607	4.333333	6	1	346	366	265	1.901413	3.889621	695.917171	0.036196	45015	18.517071	26.958453	256x256	65536	sparse	Meijering	346	6	30	2395	31.558531	0.627558	29.624008	0.997428	0.356096	0.281730	11	4	0.000000	39	2342	31.786838	0.670461	0.997288	29.370881	0.222172	0.357720	3544	31.946178	0.685498	0.998225	31.240112	0.133313	0.362247	-0.630738	-0.079248	-0.539493	-0.057321	True	0.580210	0.202481	0.588323	28.848701	0.999327	7729
7730.png	0.699137	0.566135	0.722971	0.567265	0.996494	0.999043	27.457781	0.997066	27.960437	0.524245	0.547666	0.861406	31.040664	0.600750	2177	4	13	31	17	2.064286	3.250000	280	289	571.427353	4.411126	0.033489	-0.008784	-0.665962	-0.000192	-0.000570	-0.008290	623.216391	4	13	-9	31	17	2.064286	3.250000	4	1	280	289	232	1.977257	4.411126	571.427353	0.033489	44758	20.559486	30.103813	256x256	65536	sparse	Otsu	280	4	27	1991	31.817696	0.635406	28.788118	0.997637	0.532535	0.536987	6	4	0.000000	39	2094	32.092874	0.678885	0.997566	28.695404	0.613259	0.528919	4396	32.617690	0.729484	0.998746	31.829429	0.442337	0.510172	-0.827681	0.010679	-0.777032	-0.034656	True	0.635781	0.547666	0.707921	28.123744	0.999235	7730
7731.png	0.614113	0.397629	0.569005	0.401229	0.977935	0.999299	27.306764	0.996522	28.142226	0.407874	0.359467	0.496002	30.811890	0.569304	2827	8	21	54	32	2.065990	2.625000	394	407	764.194308	4.175929	0.028742	-0.009446	-0.608531	-0.000176	-0.000583	-0.001761	661.777258	8	21	-13	54	32	2.065990	2.625000	8	0	394	407	308	1.877627	4.175929	764.194308	0.028742	45339	16.037849	23.182172	256x256	65536	sparse	Meijering	394	8	32	2789	31.377845	0.635772	28.766108	0.997105	0.409635	0.346527	11	3	0.000000	40	2626	31.699943	0.676323	0.997080	28.776229	0.327614	0.381830	3317	31.663865	0.668536	0.998023	30.441842	0.284662	0.395732	-0.623883	0.012940	-0.565955	-0.066468	True	0.724729	0.359467	0.623560	27.915294	0.999475	7731
7732.png	0.710035	0.568987	0.725292	0.575360	0.980906	0.998789	27.463010	0.996940	28.090634	0.489030	0.300117	0.448082	29.945332	0.526955	2836	5	36	85	38	2.155388	7.200000	399	430	823.583639	3.561173	0.049978	0.016537	-0.797243	-0.000290	-0.000468	0.027688	619.468927	5	36	-31	85	38	2.155388	7.200000	5	0	399	430	276	1.915311	3.561173	823.583639	0.049978	45966	16.208039	23.108604	256x256	65536	sparse	Meijering	399	5	29	2709	30.685288	0.604032	28.717216	0.997407	0.461342	0.390429	12	8	0.000000	31	2544	30.880828	0.646287	0.996911	27.990816	0.215990	0.445293	3042	30.892517	0.630109	0.997959	29.872483	0.156551	0.462516	-0.626582	-0.090312	-0.739956	-0.077077	True	0.669781	0.300117	0.693498	28.260254	0.999079	7732
7733.png	0.530838	0.445863	0.616743	0.453929	0.961677	0.998264	28.139502	0.995221	28.291327	0.334079	0.161801	0.248235	30.008295	0.528442	3365	14	45	109	58	2.128898	3.214286	481	512	1038.438914	3.248994	0.049003	0.034471	-1.053651	-0.000397	-0.001276	0.051630	667.677879	14	45	-31	109	58	2.128898	3.214286	14	1	481	512	314	2.028201	3.248994	1038.438914	0.049003	45710	13.583952	19.475780	256x256	65536	sparse	Meijering	481	14	35	3301	31.056483	0.627893	29.503380	0.996497	0.282449	0.218146	23	7	0.000000	39	3236	31.407264	0.683026	0.996375	29.350976	0.062152	0.213193	560	30.290520	0.528415	0.994821	27.942343	0.210746	0.235161	-1.212053	-0.056345	-1.048188	-0.099451	True	0.651808	0.161801	0.496367	29.193153	0.998661	7733
7734.png	0.620765	0.444545	0.615481	0.446841	0.988575	0.999283	27.622418	0.995851	28.439234	0.443705	0.431071	0.565796	30.977452	0.582658	2507	4	23	46	23	2.115502	5.750000	329	348	669.578584	5.226462	0.024871	0.001717	-0.236260	-0.000122	-0.000374	0.007496	673.839808	4	23	-19	46	23	2.115502	5.750000	4	0	329	348	260	1.924076	5.226462	669.578584	0.024871	45183	18.022736	26.141205	256x256	65536	sparse	Otsu	329	4	30	2473	31.460576	0.634725	28.821694	0.996225	0.436209	0.440102	10	5	0.000000	39	2450	31.756192	0.678540	0.995972	28.667562	0.419367	0.433040	3786	31.986412	0.693253	0.997782	31.268955	0.307231	0.432260	-0.382460	-0.009030	-0.483124	-0.052068	True	0.761885	0.431071	0.619048	27.858678	0.999404	7734
7735.png	0.652927	0.447482	0.618290	0.464456	0.924492	0.998682	27.813048	0.996379	28.724787	0.372661	0.292596	0.444894	30.892062	0.572620	2881	10	39	86	42	2.138095	3.900000	420	449	822.591320	3.548438	0.040909	0.005371	-1.254255	-0.000458	-0.000814	0.006100	610.454559	10	39	-29	86	42	2.138095	3.900000	10	2	420	449	292	1.832052	3.548438	822.591320	0.040909	45155	15.673377	22.747657	256x256	65536	sparse	Meijering	420	10	34	2849	31.608912	0.642211	29.641408	0.997193	0.366561	0.358535	10	6	0.000000	42	2622	31.881649	0.682796	0.997063	29.567913	0.301393	0.360635	3191	31.800976	0.669410	0.997734	30.794986	0.423050	0.354890	-0.916621	-0.065938	-0.716850	-0.069591	True	0.657677	0.292596	0.647556	29.067303	0.999140	7735
7736.png	0.650779	0.397005	0.568366	0.397488	0.996951	0.999609	27.578908	0.997947	28.249063	0.331037	0.354121	0.607268	30.466121	0.541425	2221	5	21	46	24	2.106667	4.200000	300	316	559.567854	4.355849	0.028784	-0.002857	0.285359	0.000017	-0.000161	-0.007293	586.832762	5	21	-16	46	24	2.106667	4.200000	5	0	300	316	230	1.770784	4.355849	559.567854	0.028784	45697	20.574966	29.507429	256x256	65536	sparse	Meijering	300	5	25	2211	30.759366	0.592634	28.228232	0.998108	0.338331	0.289652	10	0	0.500000	30	2026	31.027024	0.630665	0.997774	27.682634	0.437858	0.316045	4219	31.583343	0.688727	0.998814	30.652979	0.257946	0.326985	0.020831	0.064469	-0.293245	-0.051209	True	0.583138	0.354121	0.653636	27.293549	0.999592	7736
7737.png	0.594127	0.381677	0.552483	0.383622	0.986888	0.999327	27.935025	0.996354	28.608201	0.325212	0.167113	0.262847	30.799583	0.562293	2607	6	27	64	31	2.116022	4.500000	362	383	709.674140	4.051612	0.046203	0.013927	-0.632230	-0.000152	-0.000537	0.014750	641.918659	6	27	-21	64	31	2.116022	4.500000	6	1	362	383	267	1.852935	4.051612	709.674140	0.046203	45277	17.367472	25.138473	256x256	65536	sparse	Meijering	362	6	31	2582	31.366470	0.624368	29.386787	0.996891	0.310462	0.340026	9	6	0.000000	39	2596	31.751397	0.677182	0.996751	29.280678	0.282513	0.301291	3676	31.821962	0.682834	0.997847	31.109257	0.215728	0.309701	-0.778586	-0.172914	-0.566888	-0.062075	True	0.635781	0.167113	0.580200	28.567255	0.999479	7737
7738.png	0.588821	0.465939	0.635687	0.467795	0.991555	0.999341	27.996888	0.996565	28.547379	0.477483	0.288230	0.403161	30.900195	0.570449	2269	4	21	46	19	2.112957	5.250000	301	318	630.299874	5.138953	0.021957	-0.006672	-0.020286	-0.000041	-0.000236	0.009024	652.012348	4	21	-17	46	19	2.112957	5.250000	4	1	301	318	236	1.982075	5.138953	630.299874	0.021957	45320	19.973557	28.883208	256x256	65536	sparse	Otsu	301	4	27	2259	31.225547	0.617606	28.825636	0.996801	0.468459	0.425928	8	2	0.000000	34	2122	31.463664	0.654641	0.996449	28.361969	0.344147	0.461845	3975	31.868633	0.693815	0.998250	31.444290	0.335959	0.457503	-0.278257	-0.137698	-0.325352	-0.047158	True	0.714924	0.288230	0.595493	28.017174	0.999382	7738
7739.png	0.700596	0.578250	0.732774	0.585686	0.978515	0.998623	28.014388	0.995934	28.467142	0.578613	0.496270	0.589412	30.333192	0.551869	2792	4	17	40	21	2.069149	4.250000	376	389	681.694753	4.353703	0.032843	-0.012412	-0.524420	-0.000200	-0.000507	0.004797	603.549957	4	17	-13	40	21	2.069149	4.250000	4	0	376	389	315	1.752429	4.353703	681.694753	0.032843	45658	16.353152	23.472779	256x256	65536	sparse	Meijering	376	4	30	2747	31.003085	0.622938	28.938809	0.996442	0.573816	0.604656	10	18	0.000000	34	2532	31.176515	0.662717	0.995782	28.238784	0.201883	0.584462	3033	31.199750	0.646112	0.997349	29.997283	0.244216	0.552697	-0.471667	-0.108387	-0.669893	-0.071069	True	0.841975	0.496270	0.713008	28.538807	0.998823	7739
7740.png	0.583676	0.523371	0.687122	0.527292	0.985991	0.998819	28.107417	0.996880	28.568743	0.422325	0.249238	0.414374	31.420581	0.601005	2393	4	25	49	22	2.128049	6.250000	328	349	596.412818	4.510431	0.027852	0.003819	-0.360012	-0.000117	-0.000418	0.011840	638.582706	4	25	-21	49	22	2.128049	6.250000	4	0	328	349	257	1.708919	4.510431	596.412818	0.027852	44778	18.712077	27.386544	256x256	65536	sparse	Meijering	328	4	30	2385	31.801111	0.645935	29.074394	0.997298	0.410485	0.336350	10	2	0.000000	43	2350	32.223921	0.687339	0.997406	29.238376	0.268384	0.411408	3694	32.358947	0.705013	0.998378	31.252941	0.225589	0.423475	-0.505652	-0.087112	-0.380530	-0.044930	True	0.601481	0.249238	0.579857	28.467429	0.998936	7740
7741.png	0.595858	0.487304	0.655285	0.494505	0.970982	0.999009	28.076020	0.996739	28.283274	0.380292	0.252567	0.471155	30.424220	0.546700	2357	6	25	59	26	2.117284	4.166667	324	343	663.792602	4.047268	0.044899	-0.011850	-0.549933	-0.000203	-0.000628	0.004913	634.792805	6	25	-19	59	26	2.117284	4.166667	6	1	324	343	239	1.935255	4.047268	663.792602	0.044899	45445	19.280866	27.804837	256x256	65536	sparse	Meijering	324	6	27	2273	31.063116	0.604440	29.178723	0.997366	0.375379	0.366186	10	6	0.000000	33	2210	31.314080	0.645165	0.997104	28.791200	0.102030	0.380187	3923	31.659372	0.684662	0.998193	30.995112	0.085713	0.357540	-0.895449	-0.113619	-0.638896	-0.057740	True	0.536060	0.252567	0.607708	28.625953	0.999212	7741
7743.png	0.604988	0.425137	0.596626	0.426691	0.991504	0.998959	28.685197	0.996479	29.269975	0.297189	0.263212	0.501102	31.624762	0.602363	2644	11	36	75	46	2.127877	3.272727	391	416	781.442860	3.569363	0.041603	-0.019912	-0.745766	-0.000161	-0.000935	-0.012135	634.628534	11	36	-25	75	46	2.127877	3.272727	11	0	391	416	270	1.878468	3.569363	781.442860	0.041603	44499	16.830182	24.786687	256x256	65536	sparse	Meijering	391	11	34	2509	32.167964	0.656348	30.348180	0.997413	0.309324	0.313092	9	6	0.000000	45	2576	32.471878	0.701154	0.997305	30.184738	0.366910	0.292139	3444	32.465229	0.702302	0.997891	31.573346	0.321588	0.284722	-1.078205	-0.049881	-0.543202	-0.053986	True	0.525266	0.263212	0.624900	29.430964	0.999120	7743
7744.png	0.727941	0.476382	0.645337	0.477266	0.996127	0.999352	27.173554	0.997502	27.939763	0.464915	0.440102	0.651980	30.952764	0.586257	2592	5	8	20	16	2.018293	1.600000	328	331	587.149559	4.498689	0.025202	-0.002281	-0.315716	-0.000083	-0.000405	0.003733	579.913378	5	8	-3	20	16	2.018293	1.600000	5	1	328	331	292	1.773866	4.498689	587.149559	0.025202	45356	17.498457	25.283951	256x256	65536	sparse	Meijering	328	5	30	2564	31.404923	0.636952	28.453824	0.997907	0.461182	0.471388	8	2	0.200000	37	2490	31.619747	0.681073	0.997658	28.006293	0.530995	0.450356	3551	31.864330	0.682651	0.998676	30.855950	0.518091	0.464584	-0.514062	-0.031286	-0.452158	-0.050695	True	0.675023	0.440102	0.730222	27.489270	0.999435	7744
7745.png	0.581584	0.451540	0.622153	0.459480	0.963141	0.999280	27.882024	0.997146	28.209627	0.406226	0.334537	0.505268	30.544359	0.549085	2239	4	23	53	24	2.124183	5.750000	306	325	644.316125	4.466666	0.029695	0.000783	-0.075202	-0.000086	-0.000352	0.008825	626.353502	4	23	-19	53	24	2.124183	5.750000	4	1	306	325	229	1.982511	4.466666	644.316125	0.029695	45474	20.309960	29.270210	256x256	65536	sparse	Meijering	306	4	26	2218	30.980193	0.601353	28.711501	0.997498	0.397402	0.518091	6	5	0.000000	32	2038	31.203633	0.637538	0.997057	28.123223	0.547062	0.362247	4179	31.729489	0.694544	0.998437	30.938422	0.204331	0.385349	-0.501874	-0.183554	-0.435834	-0.052268	True	0.662098	0.334537	0.580801	27.957226	0.999366	7745
7746.png	0.683395	0.423166	0.594683	0.423821	0.996364	0.999553	27.072762	0.996533	28.225974	0.455002	0.273851	0.617029	31.673140	0.609560	1986	4	5	12	12	2.008197	1.250000	244	245	590.143818	5.710937	0.020986	-0.000379	-0.184552	-0.000009	-0.000098	0.017647	704.573393	4	5	-1	12	12	2.008197	1.250000	4	0	244	245	220	2.408750	5.710937	590.143818	0.020986	44716	22.515609	32.998993	256x256	65536	sparse	Otsu	244	4	27	1969	31.851498	0.638747	28.354469	0.996631	0.437355	0.256708	12	0	0.000000	38	1908	32.130161	0.676039	0.996393	28.437008	0.263212	0.426914	4574	32.817071	0.739773	0.998417	31.968328	0.306604	0.435808	-0.128495	0.017143	-0.178358	-0.029186	True	0.443822	0.273851	0.683774	27.257314	0.999561	7746
7747.png	0.633235	0.527886	0.691001	0.531884	0.985960	0.998708	28.140602	0.994196	28.660617	0.529383	0.261032	0.344239	30.339544	0.552067	2964	4	28	64	26	2.122137	7.000000	393	417	916.216605	4.972080	0.039730	0.002223	-0.646041	-0.000207	-0.000689	0.033170	776.993275	4	28	-24	64	26	2.122137	7.000000	4	1	393	417	303	2.197162	4.972080	916.216605	0.039730	45722	15.425776	22.110661	256x256	65536	sparse	Otsu	393	4	31	2868	31.034603	0.626351	29.270143	0.994885	0.496213	0.347536	20	11	0.000000	37	2836	31.258740	0.674176	0.993947	28.810801	0.251161	0.448293	3062	31.170205	0.644471	0.995735	30.326995	0.277989	0.481581	-0.609526	-0.086505	-0.695059	-0.074284	True	0.758286	0.261032	0.631012	28.786643	0.998915	7747
7748.png	0.693817	0.313153	0.476948	0.313605	0.995418	0.999613	27.415671	0.997321	28.362603	0.306417	0.291386	0.619188	30.385197	0.539929	2629	10	30	81	45	2.111732	3.000000	358	378	728.701466	3.775116	0.051317	-0.010071	-0.299894	-0.000033	-0.000459	0.004721	605.514765	10	30	-20	81	45	2.111732	3.000000	10	0	358	378	232	1.927782	3.775116	728.701466	0.051317	45657	17.366679	24.928110	256x256	65536	sparse	Meijering	358	10	30	2612	31.012841	0.611463	28.927201	0.997781	0.301696	0.333499	7	0	0.850000	36	2572	31.263170	0.660970	0.997586	28.397725	0.266553	0.277517	3548	31.370541	0.661446	0.998304	30.188699	0.249238	0.295200	-0.564598	-0.042113	-0.627644	-0.071534	True	0.470594	0.291386	0.703888	27.715565	0.999646	7748
7749.png	0.743822	0.511263	0.676604	0.511765	0.998088	0.999194	27.680207	0.997282	28.558093	0.432680	0.521521	0.769645	31.379840	0.600920	2500	5	10	27	20	2.029674	2.000000	337	342	568.702714	4.495016	0.031639	-0.010637	-0.519003	-0.000094	-0.000395	-0.018480	589.367390	5	10	-5	27	20	2.029674	2.000000	5	0	337	342	290	1.662873	4.495016	568.702714	0.031639	44896	17.958400	26.214400	256x256	65536	sparse	Meijering	337	5	31	2464	31.784711	0.647782	29.047969	0.997677	0.451160	0.462056	9	3	0.000000	40	2460	32.107466	0.692102	0.997555	28.936143	0.453622	0.429739	3586	32.180980	0.695458	0.998454	31.245907	0.479691	0.431699	-0.489876	0.059465	-0.404871	-0.046862	True	0.677612	0.521521	0.754459	28.199210	0.999288	7749
7750.png	0.762570	0.560521	0.718377	0.561148	0.998011	0.999169	27.620743	0.997270	27.927553	0.605117	0.560825	0.955616	30.351277	0.554134	2341	4	17	39	19	2.084967	4.250000	306	319	559.168209	4.405126	0.027802	-0.005959	0.017103	-0.000025	-0.000224	0.011378	621.801138	4	17	-13	39	19	2.084967	4.250000	4	0	306	319	248	1.752878	4.405126	559.168209	0.027802	45562	19.462623	27.994874	256x256	65536	sparse	Otsu	306	4	26	2318	30.926857	0.607554	28.279980	0.997494	0.593738	0.617107	6	8	0.000000	32	2110	31.159127	0.645490	0.997110	27.793733	0.579650	0.589858	3869	31.527295	0.680205	0.998690	30.961562	0.505397	0.576435	-0.352427	-0.056282	-0.575580	-0.053419	True	0.586873	0.560825	0.768529	27.603640	0.999194	7750
7752.png	0.726309	0.496394	0.663454	0.496593	0.999194	0.999397	27.345766	0.997272	27.969447	0.544618	0.606759	0.941042	30.068136	0.522062	2168	4	11	30	20	2.051282	2.750000	273	280	578.131115	4.771586	0.035600	0.012500	0.186416	0.000028	0.000031	0.011953	697.680712	4	11	-7	30	20	2.051282	2.750000	4	0	273	280	223	2.064754	4.771586	578.131115	0.035600	46193	21.306734	30.228782	256x256	65536	sparse	Otsu	273	4	23	2076	30.372168	0.571862	27.842663	0.997241	0.532665	0.626187	5	10	0.000000	28	2108	30.649020	0.619804	0.996677	27.267947	0.610932	0.529459	4269	31.189259	0.675616	0.998390	30.109499	0.365552	0.526653	0.126783	-0.019428	-0.304032	-0.049800	True	0.644774	0.606759	0.713809	27.159351	0.999369	7752
7753.png	0.526204	0.491061	0.658673	0.497495	0.974340	0.999059	28.704292	0.997238	29.317045	0.319337	0.298827	0.597542	31.796667	0.611077	2200	5	21	50	27	2.104575	4.200000	306	322	586.979283	4.413623	0.031291	0.005401	-0.143713	-0.000121	-0.000303	0.012979	596.256018	5	21	-16	50	27	2.104575	4.200000	5	0	306	322	229	1.822917	4.413623	586.979283	0.031291	44491	20.223182	29.789091	256x256	65536	sparse	Meijering	306	5	30	2175	32.153962	0.651948	29.581299	0.997542	0.306358	0.288230	8	4	0.000000	42	2182	32.390213	0.688346	0.997403	29.411769	0.233143	0.300963	4062	32.739299	0.726485	0.998468	31.886532	0.190845	0.311368	-0.264254	0.010597	-0.357294	-0.040871	True	0.500093	0.298827	0.520803	28.848005	0.999180	7753
7754.png	0.721881	0.455705	0.626096	0.457038	0.993641	0.999359	27.614302	0.997364	28.219646	0.463085	0.412865	0.786723	30.692320	0.557583	2322	5	25	56	27	2.132013	5.000000	303	323	646.785403	4.502358	0.028791	-0.000033	0.006884	-0.000040	-0.000161	0.016245	618.807793	5	25	-20	56	27	2.132013	5.000000	5	0	303	323	220	2.002432	4.502358	646.785403	0.028791	45564	19.622739	28.223945	256x256	65536	sparse	Meijering	303	5	26	2187	31.057021	0.605646	28.374411	0.997525	0.446840	0.438500	7	3	0.000000	33	2276	31.318099	0.653480	0.997287	27.941746	0.513248	0.443917	4135	31.757416	0.695193	0.998532	30.827263	0.397864	0.453450	-0.154765	-0.025635	-0.364701	-0.048063	True	0.524791	0.412865	0.721914	27.607419	0.999399	7754
7755.png	0.748658	0.375548	0.546034	0.377351	0.987435	0.999585	27.109412	0.997619	28.073393	0.399600	0.487267	0.854191	30.209794	0.527828	2198	6	13	30	22	2.046358	2.166667	302	309	571.513113	4.451946	0.032997	-0.000225	0.129884	-0.000002	-0.000244	-0.001360	651.747227	6	13	-7	30	22	2.046358	2.166667	6	0	302	309	250	1.849557	4.451946	571.513113	0.032997	45904	20.884440	29.816197	256x256	65536	sparse	Meijering	302	6	25	2190	30.602068	0.583994	28.306064	0.997863	0.400960	0.501424	5	3	0.000000	29	2106	30.863166	0.626227	0.997394	27.568285	0.455561	0.417200	4257	31.381983	0.681156	0.998741	30.569221	0.371865	0.382800	-0.232671	-0.014157	-0.392273	-0.056167	True	0.570443	0.487267	0.748883	26.979528	0.999587	7755
7756.png	0.690570	0.553293	0.712413	0.556314	0.990279	0.999066	28.276005	0.997038	28.364183	0.453619	0.299033	0.411060	30.244852	0.537104	2741	8	29	67	35	2.110236	3.625000	381	402	760.068619	3.650988	0.039812	0.017958	-0.272656	-0.000071	-0.000502	0.025193	601.254940	8	29	-21	67	35	2.110236	3.625000	8	1	381	402	279	1.890718	3.650988	760.068619	0.039812	45763	16.695731	23.909522	256x256	65536	sparse	Meijering	381	8	29	2564	30.905486	0.607769	29.048498	0.997541	0.428425	0.398958	11	9	0.000000	34	2688	31.165538	0.662192	0.997258	28.547921	0.262467	0.449118	3277	31.188650	0.651539	0.997866	29.696477	0.208955	0.424685	-0.684315	-0.099926	-0.660634	-0.070665	True	0.727468	0.299033	0.672612	28.548661	0.999136	7756
7757.png	0.770867	0.557764	0.716108	0.558516	0.997590	0.999150	27.852799	0.997120	28.441618	0.534907	0.606759	0.805358	30.834114	0.568577	2364	4	5	15	13	2.006173	1.250000	324	325	514.720268	4.526330	0.021781	-0.000435	-0.161103	-0.000061	-0.000226	0.010151	543.753862	4	5	-1	15	13	2.006173	1.250000	4	0	324	325	296	1.583755	4.526330	514.720268	0.021781	45388	19.199662	27.722504	256x256	65536	sparse	Meijering	324	4	27	2249	31.218204	0.615850	28.735039	0.997346	0.524756	0.768922	4	5	0.000000	33	2312	31.432592	0.662583	0.997007	28.106557	0.371623	0.535594	3924	31.775293	0.691216	0.998189	30.389242	0.459899	0.526581	-0.293421	-0.162163	-0.384091	-0.047273	True	0.753403	0.606759	0.771303	28.013902	0.999211	7757
7758.png	0.728580	0.568581	0.724963	0.568804	0.999313	0.999019	27.578800	0.997293	28.149472	0.510746	0.514636	0.956730	31.525007	0.603164	2140	4	10	27	18	2.044280	2.500000	271	277	533.340541	4.531338	0.026962	0.013398	0.074746	0.000001	-0.000096	0.011723	557.651520	4	10	-6	27	18	2.044280	2.500000	4	0	271	277	226	1.925417	4.531338	533.340541	0.026962	44793	20.931308	30.624299	256x256	65536	sparse	Meijering	271	4	27	2012	31.777427	0.636214	28.194701	0.997388	0.499023	0.472708	8	7	0.000000	39	2124	32.073792	0.681016	0.997341	28.395481	0.594783	0.497658	4093	32.487425	0.717538	0.998629	31.362688	0.633345	0.511337	-0.045229	0.041929	-0.252420	-0.033050	True	0.537912	0.514636	0.715182	27.504054	0.999018	7758
7759.png	0.639733	0.507639	0.673422	0.515879	0.969496	0.998796	27.843782	0.997130	28.519077	0.417753	0.418416	0.615154	30.755862	0.561110	2487	5	12	28	19	2.039773	2.400000	352	359	649.392477	4.340308	0.030287	0.039855	-0.501276	-0.000231	-0.000367	0.028550	638.281822	5	12	-7	28	19	2.039773	2.400000	5	0	352	359	305	1.808893	4.340308	649.392477	0.030287	45367	18.241657	26.351427	256x256	65536	sparse	Meijering	352	5	28	2440	31.201801	0.618179	28.947285	0.997496	0.389203	0.329680	12	5	0.000000	35	2270	31.440515	0.658736	0.996969	28.224881	0.314998	0.359562	3763	31.698021	0.681590	0.998303	30.611703	0.302324	0.399506	-0.428208	0.088736	-0.445939	-0.057068	True	0.680181	0.418416	0.599877	28.345057	0.999027	7759
7760.png	0.659479	0.472445	0.641715	0.473560	0.995040	0.999488	27.689959	0.998104	28.457367	0.396128	0.448989	0.808782	31.442075	0.589991	1907	4	14	31	17	2.078431	3.500000	255	265	497.178533	4.567475	0.034600	-0.027008	-0.103935	-0.000023	-0.000172	-0.011804	600.850582	4	14	-10	31	17	2.078431	3.500000	4	0	255	265	207	1.876145	4.567475	497.178533	0.034600	44874	23.531201	34.366020	256x256	65536	sparse	Meijering	255	4	25	1775	31.674618	0.617034	28.724078	0.998275	0.407932	0.428791	5	3	0.000000	35	1864	31.916232	0.661986	0.998121	28.299876	0.435604	0.411237	4991	32.752989	0.744815	0.999149	32.152651	0.325196	0.395656	-0.266710	0.020198	-0.232542	-0.027043	True	0.555142	0.448989	0.686486	27.793894	0.999511	7760
7761.png	0.753186	0.519147	0.683472	0.522863	0.986497	0.999000	28.819298	0.996596	29.365647	0.508744	0.453926	0.698280	31.715972	0.604356	1964	4	12	26	15	2.058824	3.000000	272	280	520.878089	4.857172	0.025970	0.025295	-0.222514	-0.000088	-0.000223	0.029412	585.813999	4	12	-8	26	15	2.058824	3.000000	4	0	272	280	231	1.860279	4.857172	520.878089	0.025970	44466	22.640530	33.368635	256x256	65536	sparse	Meijering	272	4	27	1916	31.937457	0.636270	29.621699	0.996819	0.479332	0.455289	8	6	0.000000	39	1928	32.258291	0.673867	0.996879	29.494690	0.216643	0.495467	4800	32.943715	0.746699	0.998433	32.521973	0.082222	0.484477	-0.256053	-0.001363	-0.221485	-0.031914	True	0.650062	0.453926	0.727891	29.041812	0.999088	7761
7762.png	0.659706	0.405835	0.577357	0.406736	0.994570	0.999518	27.664826	0.997317	28.130224	0.381181	0.312023	0.645812	30.870763	0.569483	2185	6	17	37	21	2.076923	2.833333	286	297	589.832298	4.640562	0.039502	-0.010083	0.359764	0.000020	-0.000280	0.000035	592.935324	6	17	-11	37	21	2.076923	2.833333	6	1	286	297	228	1.985967	4.640562	589.832298	0.039502	45308	20.735927	29.993593	256x256	65536	sparse	Meijering	286	6	26	2127	31.197823	0.609715	28.455975	0.997597	0.381146	0.436357	6	1	1.000000	33	1992	31.514309	0.650693	0.997438	28.304393	0.395488	0.352702	3943	31.946042	0.696044	0.998611	31.128168	0.352088	0.375278	-0.325751	-0.124333	-0.327060	-0.040232	True	0.483149	0.312023	0.669789	27.305062	0.999498	7762
7763.png	0.646451	0.459714	0.629869	0.473726	0.939552	0.998755	27.279478	0.996051	28.118574	0.447341	0.267220	0.340605	30.099504	0.544954	3401	12	42	100	52	2.129310	3.500000	464	494	941.860380	3.606100	0.046088	0.006992	-1.053011	-0.000411	-0.000924	0.030609	621.954679	12	42	-30	100	52	2.129310	3.500000	12	0	464	494	312	1.906600	3.606100	941.860380	0.046088	45745	13.450456	19.269627	256x256	65536	sparse	Meijering	464	12	35	3396	31.090787	0.638920	29.070662	0.996975	0.416732	0.370517	14	6	0.000000	41	3184	31.435100	0.690441	0.996975	28.946806	0.225589	0.393129	604	30.260790	0.544283	0.995286	27.183172	0.505067	0.402205	-0.952089	-0.103298	-0.991283	-0.093966	True	0.784544	0.267220	0.639459	28.332488	0.999165	7763
7764.png	0.482943	0.615614	0.762080	0.628080	0.968766	0.998363	27.930438	0.997095	28.255266	0.378205	0.219467	0.322659	30.270555	0.540256	2479	5	8	23	19	2.018127	1.600000	331	334	597.610432	4.199143	0.031155	0.002024	-0.381517	-0.000232	-0.000185	0.004935	574.189425	5	8	-3	23	19	2.018127	1.600000	5	0	331	334	289	1.789253	4.199143	597.610432	0.031155	45848	18.494554	26.436466	256x256	65536	sparse	Meijering	331	5	26	2334	30.743049	0.597284	28.497995	0.997280	0.373270	0.272813	14	1	0.000000	31	2356	31.015326	0.644419	0.996909	28.055924	0.312023	0.336483	3538	31.225963	0.656487	0.997786	29.954238	0.353617	0.364833	-0.242729	-0.053346	-0.472494	-0.057028	True	0.680181	0.219467	0.480920	28.311955	0.998595	7764
7765.png	0.700685	0.421714	0.593248	0.421714	1.000000	0.999598	27.067110	0.997885	28.126632	0.428408	0.599483	0.990151	30.847330	0.566713	2243	4	20	50	24	2.103560	5.000000	309	325	574.582444	4.795160	0.031701	-0.000652	-0.029890	-0.000007	-0.000074	-0.022258	627.261400	4	20	-16	50	24	2.103560	5.000000	4	0	309	325	235	1.767946	4.795160	574.582444	0.031701	45446	20.261257	29.218012	256x256	65536	sparse	Otsu	309	4	27	2196	31.194651	0.613653	28.246590	0.997959	0.450667	0.460259	6	0	0.750000	33	2038	31.375194	0.649190	0.997795	27.892927	0.591801	0.443810	4083	31.850295	0.695768	0.998881	31.116193	0.266553	0.441905	-0.119958	0.139224	-0.347321	-0.046941	True	0.605446	0.599483	0.701337	27.097001	0.999606	7765
7766.png	0.664321	0.518091	0.682556	0.521372	0.988000	0.998602	27.802679	0.994700	28.298872	0.523198	0.461227	0.612192	30.688833	0.572923	2597	4	12	29	16	2.047478	3.000000	337	345	647.242647	5.350816	0.028428	0.002744	-0.224764	-0.000113	-0.000449	0.017527	633.543015	4	12	-8	29	16	2.047478	3.000000	4	1	337	345	292	1.876066	5.350816	647.242647	0.028428	45415	17.487486	25.235271	256x256	65536	sparse	Otsu	337	4	29	2569	31.199030	0.628454	28.779614	0.995149	0.505671	0.363646	15	9	0.000000	37	2550	31.514582	0.677665	0.994657	28.441996	0.461158	0.494859	3338	31.631171	0.672289	0.996886	30.738024	0.346372	0.494856	-0.480742	0.097581	-0.510197	-0.055531	True	0.753403	0.461227	0.661578	28.027444	0.998714	7766
7767.png	0.706651	0.287866	0.447044	0.287866	1.000000	0.999767	27.182368	0.997765	28.094472	0.294596	0.333499	0.686599	30.046960	0.517182	2318	7	18	43	26	2.070968	2.571429	310	321	551.963123	4.332524	0.033948	-0.015968	0.438141	0.000041	-0.000115	-0.006707	599.324942	7	18	-11	43	26	2.070968	2.571429	7	1	310	321	241	1.719511	4.332524	551.963123	0.033948	46077	19.877912	28.272649	256x256	65536	sparse	Meijering	310	7	26	2317	30.532936	0.582258	28.352600	0.997880	0.301303	0.405479	5	0	0.357143	29	2200	30.743275	0.620828	0.997679	27.746395	0.464739	0.290309	4047	31.193394	0.668815	0.998677	30.435761	0.276750	0.294381	-0.258128	-0.071980	-0.485976	-0.065076	True	0.485726	0.333499	0.722619	26.744226	0.999726	7767
7768.png	0.794960	0.639832	0.780363	0.641629	0.995643	0.998869	27.134782	0.997029	27.567369	0.613755	0.700807	0.939554	30.316515	0.570080	2428	4	8	22	15	2.026059	2.000000	307	311	578.136182	4.275052	0.020355	-0.009214	-0.702892	-0.000160	-0.000413	-0.013655	582.427740	4	8	-4	22	15	2.026059	2.000000	4	1	307	311	270	1.858959	4.275052	578.136182	0.020355	45388	18.693575	26.991763	256x256	65536	sparse	Meijering	307	4	27	2240	31.216548	0.617320	28.327826	0.997443	0.627410	0.820934	4	15	0.000000	35	2420	31.495858	0.671919	0.997194	27.881961	0.546155	0.615546	3751	31.752148	0.683984	0.998478	30.735666	0.753403	0.612417	-0.760457	-0.120127	-0.900033	-0.047241	True	0.745893	0.700807	0.804175	27.837673	0.999029	7768
7769.png	0.478800	0.522967	0.686774	0.529042	0.978513	0.997630	26.569351	0.995015	28.714207	0.350938	0.214630	0.332693	31.212554	0.593609	2543	4	25	56	21	2.119658	6.250000	351	372	663.572646	4.459168	0.031233	0.026307	-2.624885	-0.000960	-0.000892	0.022837	598.738909	4	25	-21	56	21	2.119658	6.250000	4	2	351	372	274	1.783797	4.459168	663.572646	0.031233	44780	17.609123	25.771136	256x256	65536	sparse	Meijering	351	4	32	2492	31.851178	0.646050	29.638529	0.995908	0.328100	0.184412	26	4	0.000000	42	2284	32.131496	0.681292	0.995343	29.333518	0.199169	0.294948	3405	32.187230	0.691318	0.997041	31.280322	0.177518	0.359962	-0.924322	0.030218	-0.638624	-0.052441	True	0.645129	0.214630	0.452493	29.194236	0.998590	7769
7770.png	0.573871	0.532492	0.694936	0.535152	0.990754	0.999120	28.254956	0.996975	28.648286	0.448025	0.259182	0.406497	31.275973	0.585873	2128	4	15	34	18	2.076923	3.750000	286	297	557.517559	4.614525	0.029946	0.012697	-0.118589	-0.000040	-0.000237	0.027356	559.773445	4	15	-11	34	18	2.076923	3.750000	4	0	286	297	234	1.877163	4.614525	557.517559	0.029946	44921	21.109492	30.796992	256x256	65536	sparse	Meijering	286	4	27	2022	31.562992	0.623446	28.931929	0.997212	0.420668	0.332653	9	2	0.000000	35	1960	31.767962	0.658867	0.996882	28.424160	0.360776	0.391471	4279	32.338739	0.717545	0.998385	31.521107	0.301451	0.429889	-0.283644	-0.073471	-0.287019	-0.037573	True	0.637598	0.259182	0.561174	28.373545	0.999160	7770
7771.png	0.564047	0.450699	0.621354	0.454611	0.981265	0.999268	27.977525	0.997338	28.413996	0.311079	0.231148	0.374568	30.202576	0.529971	2646	9	33	75	39	2.129380	3.666667	371	395	712.877511	3.711588	0.039546	0.100778	-0.259114	-0.000061	-0.000437	0.068403	612.637997	9	33	-24	75	39	2.129380	3.666667	9	1	371	395	257	1.804753	3.711588	712.877511	0.039546	45766	17.296296	24.767952	256x256	65536	sparse	Meijering	371	9	29	2642	30.825780	0.603664	29.022033	0.997775	0.242676	0.164730	15	0	0.166667	34	2570	31.144349	0.653248	0.997624	28.704400	0.247233	0.229295	3501	31.205631	0.651698	0.998209	30.182408	0.153850	0.236166	-0.608037	0.066418	-0.623204	-0.073692	True	0.617107	0.231148	0.463268	28.236639	0.999329	7771
7772.png	0.673442	0.536890	0.698671	0.544609	0.974281	0.999157	27.153392	0.997574	27.952633	0.473574	0.324071	0.537013	30.246327	0.530888	2401	6	26	55	28	2.116959	4.333333	342	362	740.292756	3.806683	0.033443	0.016890	-0.851911	-0.000184	-0.000331	0.018760	647.358179	6	26	-20	55	28	2.116959	4.333333	6	1	342	362	259	2.045008	3.806683	740.292756	0.033443	45771	19.063307	27.295294	256x256	65536	sparse	Meijering	342	6	27	2370	30.760830	0.594897	28.507901	0.997906	0.454814	0.293387	11	1	0.583333	31	2196	30.977055	0.633104	0.997516	27.826441	0.208110	0.463322	3935	31.365235	0.671700	0.998665	30.561983	0.194685	0.453322	-0.555269	0.030683	-0.514503	-0.064008	True	0.603469	0.324071	0.656552	28.005303	0.999341	7772
7773.png	0.531404	0.453881	0.624372	0.457383	0.983409	0.999196	28.736505	0.996996	29.370674	0.294221	0.273851	0.451724	31.400446	0.591081	2203	5	14	37	23	2.058065	2.800000	310	319	563.444356	4.470610	0.037336	-0.041342	-0.231109	-0.000065	-0.000333	-0.017951	599.153042	5	14	-9	37	23	2.058065	2.800000	5	0	310	319	250	1.766283	4.470610	563.444356	0.037336	44787	20.330005	29.748525	256x256	65536	sparse	Meijering	310	5	29	2176	31.775557	0.632689	29.711975	0.997329	0.312171	0.336350	10	3	0.000000	39	2130	32.032285	0.671172	0.997111	29.386634	0.367312	0.291725	4113	32.392936	0.715555	0.998199	31.550204	0.208990	0.292922	-0.341300	-0.062499	-0.375111	-0.041608	True	0.606235	0.273851	0.572747	28.967614	0.999261	7773
7774.png	0.698102	0.457872	0.628138	0.461849	0.981543	0.999186	28.022744	0.996634	28.465157	0.414423	0.248403	0.341463	29.985100	0.525928	2663	6	19	47	28	2.069892	3.166667	372	385	712.968139	4.033301	0.032585	-0.002985	-0.183954	-0.000064	-0.000450	0.011632	620.868921	6	19	-13	47	28	2.069892	3.166667	6	0	372	385	297	1.851865	4.033301	712.968139	0.032585	45927	17.246339	24.609839	256x256	65536	sparse	Meijering	372	6	29	2655	30.710837	0.602609	28.941760	0.997085	0.402791	0.404289	10	6	0.000000	33	2642	30.967282	0.652359	0.996652	28.395257	0.121709	0.381902	3534	31.094132	0.656227	0.997999	30.453538	0.142156	0.397672	-0.476603	-0.155886	-0.725737	-0.076681	True	0.727468	0.248403	0.701087	28.206699	0.999250	7774
7775.png	0.721262	0.505872	0.671866	0.512787	0.974037	0.999288	27.631396	0.997828	28.176596	0.479121	0.388248	0.621506	31.427022	0.594318	1992	4	6	14	12	2.015152	1.500000	264	266	467.214616	4.636667	0.018440	-0.009798	-0.143267	-0.000079	-0.000268	-0.001920	575.661421	4	6	-2	14	12	2.015152	1.500000	4	0	264	266	238	1.756446	4.636667	467.214616	0.018440	44850	22.515060	32.899598	256x256	65536	sparse	Meijering	264	4	26	1931	31.710747	0.625693	28.453702	0.998096	0.481041	0.589344	4	4	0.000000	36	1826	31.902465	0.659483	0.997829	27.974597	0.605446	0.467372	4429	32.535728	0.726779	0.998983	31.517068	0.557803	0.470899	-0.277106	-0.201096	-0.283726	-0.031375	True	0.624689	0.388248	0.731061	27.774663	0.999366	7775
7776.png	0.655781	0.520370	0.684531	0.535375	0.948894	0.998255	27.998119	0.995730	28.358430	0.528860	0.366053	0.469183	30.085569	0.532137	2770	8	32	79	39	2.129380	4.000000	371	395	773.910190	3.975419	0.036604	0.028410	-0.592701	-0.000331	-0.000509	0.030043	623.652458	8	32	-24	79	39	2.129380	4.000000	8	1	371	395	253	1.959266	3.975419	773.910190	0.036604	45757	16.518773	23.659206	256x256	65536	sparse	Meijering	371	8	29	2666	30.794662	0.606744	28.891747	0.996239	0.498817	0.420827	13	6	0.000000	34	2628	31.107243	0.657948	0.995816	28.574630	0.052669	0.506641	3334	31.134774	0.645761	0.997177	29.976617	0.099154	0.487305	-0.533318	-0.054774	-0.709093	-0.074607	True	0.780192	0.366053	0.627371	28.590820	0.998585	7776
7777.png	0.669159	0.615234	0.761790	0.620894	0.985401	0.998514	28.443186	0.996831	28.507067	0.530792	0.299527	0.472747	29.877094	0.522339	2655	7	15	35	22	2.047059	2.142857	340	348	694.462088	3.869800	0.031950	0.027332	-0.257637	-0.000113	-0.000321	0.041451	610.842943	7	15	-8	35	22	2.047059	2.142857	7	2	340	348	283	1.995581	3.869800	694.462088	0.031950	46056	17.346893	24.683992	256x256	65536	sparse	Meijering	340	7	27	2560	30.531328	0.593374	28.940934	0.997152	0.489341	0.544088	11	15	0.000000	31	2632	30.841647	0.646999	0.996316	28.236180	0.062443	0.536746	3510	30.959612	0.643532	0.997375	29.576006	0.140047	0.511125	-0.433867	-0.244560	-0.654234	-0.071035	True	0.633589	0.299527	0.641827	28.700823	0.998627	7777
7778.png	0.582357	0.417012	0.588579	0.418077	0.993926	0.999220	28.033422	0.996711	28.530524	0.303520	0.204671	0.305279	30.599591	0.558907	2753	7	30	79	39	2.118557	4.285714	388	411	760.427074	3.880068	0.035979	0.012457	-0.500378	-0.000100	-0.000660	0.021183	620.536089	7	30	-23	79	39	2.118557	4.285714	7	0	388	411	270	1.850188	3.880068	760.427074	0.035979	45358	16.475845	23.805303	256x256	65536	sparse	Meijering	388	7	31	2662	31.321315	0.627369	29.377399	0.997371	0.282338	0.244216	15	4	0.000000	39	2646	31.668448	0.676710	0.997092	29.169588	0.279113	0.237624	3282	31.572615	0.661365	0.997789	30.406701	0.235092	0.281380	-0.846875	-0.039545	-0.721724	-0.068462	True	0.670441	0.204671	0.569900	28.533799	0.999319	7778
7779.png	0.513038	0.479431	0.648129	0.488254	0.963679	0.999089	28.157296	0.996489	28.496813	0.395014	0.233803	0.346196	30.091142	0.520152	2189	4	22	50	25	2.120401	5.500000	299	317	638.630591	4.428044	0.039942	0.024990	-0.126149	-0.000080	-0.000076	0.025295	665.040016	4	22	-18	50	25	2.120401	5.500000	4	0	299	317	224	2.014608	4.428044	638.630591	0.039942	45875	20.957058	29.938785	256x256	65536	sparse	Meijering	299	4	24	1998	30.578078	0.572356	28.683890	0.996565	0.369718	0.227846	14	1	0.000000	29	2070	30.828469	0.618000	0.996075	28.211279	0.159143	0.311207	4122	31.310030	0.679774	0.997861	30.429668	0.083890	0.360510	-0.187077	0.005957	-0.486936	-0.052204	True	0.675348	0.233803	0.488048	28.283444	0.999169	7779
7780.png	0.666445	0.390635	0.561808	0.390875	0.998425	0.999420	27.228155	0.995490	28.527779	0.375845	0.249863	0.366489	30.711924	0.561811	2531	4	27	65	27	2.131054	6.750000	351	374	759.522021	5.032570	0.027512	0.003893	-0.344081	-0.000027	-0.000293	0.020111	693.205357	4	27	-23	65	27	2.131054	6.750000	4	1	351	374	259	2.030808	5.032570	759.522021	0.027512	45465	17.963256	25.893323	256x256	65536	sparse	Otsu	351	4	28	2440	31.162287	0.619060	28.810203	0.995783	0.355734	0.289324	13	1	0.000000	36	2486	31.471863	0.668313	0.995259	28.699370	0.358535	0.360358	3665	31.664387	0.677149	0.997382	30.930843	0.190915	0.377812	-0.282424	-0.039460	-0.450363	-0.057249	True	0.681776	0.249863	0.662551	27.572237	0.999447	7780
7781.png	0.517120	0.638082	0.779060	0.645310	0.982749	0.998057	28.280648	0.996153	28.478110	0.401478	0.201484	0.282959	30.750319	0.560841	2255	4	10	23	15	2.038961	2.500000	308	314	620.806437	4.550219	0.019498	0.009014	-0.115217	-0.000138	-0.000299	0.004804	612.737417	4	10	-6	23	15	2.038961	2.500000	4	0	308	314	270	1.977091	4.550219	620.806437	0.019498	45362	20.116186	29.062528	256x256	65536	sparse	Meijering	308	4	27	2228	31.162269	0.611993	28.711821	0.996453	0.396674	0.217501	19	3	0.000000	33	1980	31.363542	0.642892	0.996240	28.329909	0.294842	0.374116	4088	31.842683	0.695340	0.997843	31.217344	0.169934	0.395546	-0.233711	-0.016018	-0.411950	-0.051152	True	0.712059	0.201484	0.508105	28.395865	0.998195	7781
7782.png	0.719385	0.589900	0.742059	0.597605	0.978610	0.998672	27.917085	0.997055	28.413734	0.519884	0.407853	0.586182	30.917696	0.570561	2201	4	11	27	16	2.048611	2.750000	288	295	558.200141	4.631563	0.022014	-0.020560	-0.187631	-0.000123	-0.000180	-0.013642	584.483385	4	11	-7	27	16	2.048611	2.750000	4	1	288	295	245	1.892204	4.631563	558.200141	0.022014	45293	20.578373	29.775557	256x256	65536	sparse	Meijering	288	4	26	2101	31.204355	0.610805	28.589114	0.997235	0.533527	0.543119	6	4	0.000000	33	2018	31.484236	0.652327	0.996690	28.030412	0.478699	0.523361	3935	31.918776	0.694469	0.998477	31.250055	0.403647	0.509051	-0.175380	-0.135267	-0.286659	-0.040244	True	0.695779	0.407853	0.739945	28.104716	0.998795	7782
7783.png	0.557028	0.505892	0.671884	0.508524	0.989876	0.998786	27.931236	0.994206	28.301281	0.429023	0.420572	0.736350	30.641922	0.576131	2763	4	23	54	21	2.103542	5.750000	367	386	732.340428	5.007392	0.041514	-0.022618	-0.779096	-0.000232	-0.000989	0.014403	728.591919	4	23	-19	54	21	2.103542	5.750000	4	2	367	386	292	1.897255	5.007392	732.340428	0.041514	45221	16.366630	23.719146	256x256	65536	sparse	Otsu	367	4	32	2705	31.507437	0.639775	29.406589	0.995195	0.414620	0.293744	18	6	0.000000	40	2742	31.827179	0.688307	0.994946	29.276698	0.242775	0.408316	3329	31.751899	0.672513	0.996340	30.628246	0.212848	0.423044	-1.105308	0.126828	-0.865515	-0.063644	True	0.571158	0.420572	0.579646	28.710332	0.999017	7783
7784.png	0.719280	0.459553	0.629718	0.459820	0.998740	0.999441	26.884040	0.996338	27.628908	0.505787	0.353979	0.494145	29.912742	0.528876	2653	4	15	40	22	2.065282	3.750000	337	348	727.756799	5.011029	0.030288	-0.008758	-0.099737	-0.000019	-0.000141	0.013185	673.315763	4	15	-11	40	22	2.065282	3.750000	4	0	337	348	275	2.091255	5.011029	727.756799	0.030288	46218	17.421033	24.702601	256x256	65536	sparse	Otsu	337	4	26	2496	30.410186	0.593237	27.842846	0.996479	0.492602	0.490844	8	3	0.000000	30	2500	30.656579	0.644146	0.996069	27.260240	0.667129	0.497244	3423	30.841266	0.636038	0.997686	29.815954	0.676967	0.483609	-0.213938	-0.136865	-0.497444	-0.064361	True	0.716346	0.353979	0.728038	26.983777	0.999460	7784
7785.png	0.547810	0.562978	0.720392	0.572926	0.970081	0.998528	27.552391	0.996992	28.138277	0.391447	0.229760	0.327107	30.332930	0.549451	2736	5	13	36	22	2.042781	2.600000	374	382	693.201056	4.463981	0.025008	-0.011416	-0.525659	-0.000266	-0.000402	-0.007474	628.001928	5	13	-8	36	22	2.042781	2.600000	5	0	374	382	316	1.814662	4.463981	693.201056	0.025008	45829	16.750365	23.953216	256x256	65536	sparse	Meijering	374	5	29	2678	30.893584	0.616202	28.558207	0.997394	0.398922	0.315086	13	1	0.000000	33	2586	31.116461	0.662151	0.996929	27.902393	0.389819	0.407363	3292	31.137397	0.649026	0.997743	29.447794	0.337879	0.402994	-0.419930	-0.085326	-0.560654	-0.066751	True	0.702399	0.229760	0.559226	28.078050	0.998795	7785
7786.png	0.600146	0.432864	0.604194	0.432864	1.000000	0.999426	27.974185	0.997372	28.725584	0.379080	0.323695	0.573092	31.327454	0.590586	2212	4	16	36	18	2.080000	4.000000	300	312	548.304180	4.505698	0.030040	0.010965	-0.333557	-0.000061	-0.000297	0.005564	594.142437	4	16	-12	36	18	2.080000	4.000000	4	0	300	312	246	1.757385	4.505698	548.304180	0.030040	44875	20.287071	29.627486	256x256	65536	sparse	Meijering	300	4	28	2203	31.695555	0.633637	29.208639	0.997669	0.373516	0.322190	9	3	0.000000	40	2190	31.993981	0.675709	0.997567	28.963434	0.262593	0.356693	4245	32.395789	0.719437	0.998547	31.332004	0.230761	0.368694	-0.483055	0.001505	-0.368102	-0.043051	True	0.564822	0.323695	0.589181	28.307742	0.999488	7786
7787.png	0.661955	0.469388	0.638889	0.470260	0.996063	0.999284	27.589587	0.997202	28.142337	0.399073	0.280597	0.399823	30.542806	0.559859	2831	8	19	46	29	2.057743	2.375000	381	392	686.355629	3.998484	0.039884	-0.002313	-0.484199	-0.000093	-0.000447	0.011216	583.318233	8	19	-11	46	29	2.057743	2.375000	8	1	381	392	306	1.750907	3.998484	686.355629	0.039884	45566	16.095373	23.149417	256x256	65536	sparse	Meijering	381	8	31	2812	31.168811	0.629316	28.826970	0.997649	0.387856	0.293296	14	1	0.625000	37	2710	31.437942	0.676724	0.997413	28.446423	0.367453	0.386927	3318	31.414668	0.659697	0.998087	29.967220	0.318090	0.398699	-0.684632	-0.012699	-0.626005	-0.069457	True	0.701803	0.280597	0.664269	28.073787	0.999376	7787
7788.png	0.565522	0.370358	0.540527	0.375475	0.964508	0.999227	28.827095	0.996303	28.935599	0.375258	0.183785	0.302569	30.452202	0.540392	2606	9	35	83	41	2.143646	3.888889	362	388	776.520050	4.015134	0.036752	-0.010012	-0.626467	-0.000169	-0.000663	0.026966	633.581638	9	35	-26	83	41	2.143646	3.888889	9	1	362	388	238	2.001340	4.015134	776.520050	0.036752	45522	17.468150	25.148120	256x256	65536	sparse	Meijering	362	9	30	2585	31.097394	0.612046	29.745836	0.996966	0.348291	0.241187	15	3	0.000000	35	2508	31.335198	0.654339	0.996511	29.247369	0.062160	0.353020	3597	31.503914	0.669071	0.997573	30.926254	0.042925	0.380200	-0.810237	-0.057403	-0.645192	-0.071654	True	0.607414	0.183785	0.575534	29.453562	0.999397	7788
7789.png	0.616572	0.335233	0.502134	0.336725	0.986952	0.999501	27.299329	0.996899	28.098322	0.289524	0.225084	0.372983	30.178360	0.535865	3109	14	35	90	51	2.098824	2.500000	425	446	840.488952	3.498530	0.041733	0.001696	-0.499186	-0.000100	-0.000765	0.009397	636.807442	14	35	-21	90	51	2.098824	2.500000	14	1	425	446	284	1.884504	3.498530	840.488952	0.041733	45811	14.734963	21.079447	256x256	65536	sparse	Meijering	425	14	32	3025	30.974137	0.621903	28.982001	0.997664	0.280127	0.379151	6	1	0.714286	38	2940	31.345469	0.675145	0.997619	28.842711	0.357572	0.275676	668	30.356528	0.537455	0.996769	27.640979	0.433342	0.294436	-0.883680	-0.154067	-0.795777	-0.086039	True	0.603469	0.225084	0.614876	27.798515	0.999601	7789
7790.png	0.627522	0.451782	0.622383	0.452972	0.994220	0.999454	27.225565	0.997355	28.037231	0.394281	0.338558	0.504978	30.878498	0.567522	2136	4	7	22	16	2.020979	1.750000	286	289	491.797699	4.907740	0.021273	0.009728	0.084697	0.000014	-0.000055	-0.005267	596.318245	4	7	-3	22	16	2.020979	1.750000	4	0	286	289	248	1.701722	4.907740	491.797699	0.021273	45369	21.240169	30.681648	256x256	65536	sparse	Meijering	286	4	25	2056	31.120040	0.605505	28.055628	0.997410	0.399549	0.360776	8	1	0.000000	33	2114	31.448894	0.651636	0.997485	28.102223	0.371516	0.410305	4402	31.983053	0.704869	0.998724	31.324898	0.331911	0.409176	-0.018397	-0.022218	-0.241543	-0.037983	True	0.670441	0.338558	0.617794	27.140867	0.999440	7790
7791.png	0.627660	0.693409	0.818950	0.707541	0.972002	0.998125	28.270504	0.996169	28.400564	0.514218	0.327310	0.430959	30.102762	0.526129	2335	4	13	29	16	2.055046	3.250000	327	336	657.586828	4.273784	0.023333	0.034273	-0.247961	-0.000173	-0.000290	0.035884	590.488434	4	13	-9	29	16	2.055046	3.250000	4	1	327	336	282	1.957104	4.273784	657.586828	0.023333	45899	19.656959	28.066809	256x256	65536	sparse	Meijering	327	4	26	2315	30.613143	0.587668	28.649885	0.996458	0.478334	0.233143	22	9	0.000000	30	2168	30.813454	0.625659	0.995992	28.089182	0.114377	0.442799	4033	31.232879	0.674142	0.997653	30.209529	0.054757	0.479381	-0.249321	0.094167	-0.510381	-0.061539	True	0.759492	0.327310	0.593387	28.518465	0.998298	7791
7792.png	0.680126	0.471132	0.640503	0.472707	0.992980	0.999343	27.877072	0.996960	28.371060	0.496144	0.285713	0.419072	30.440053	0.545880	2352	4	17	38	18	2.082540	4.250000	315	328	593.424600	4.355492	0.031924	-0.029276	-0.127234	-0.000067	-0.000163	0.008384	591.865540	4	17	-13	38	18	2.082540	4.250000	4	1	315	328	259	1.809221	4.355492	593.424600	0.031924	45662	19.414116	27.863946	256x256	65536	sparse	Meijering	315	4	27	2295	30.970659	0.602896	28.594009	0.997124	0.487760	0.526958	7	5	0.000000	33	2228	31.167667	0.645943	0.996879	28.278943	0.340759	0.446422	3860	31.533878	0.677753	0.998152	30.777104	0.269481	0.461311	-0.222949	-0.241245	-0.530607	-0.057015	True	0.681776	0.285713	0.709402	28.004306	0.999410	7792
7793.png	0.652972	0.420742	0.592285	0.420742	1.000000	0.999569	27.255171	0.997850	28.205112	0.376476	0.321248	0.659286	30.886016	0.563451	2083	6	14	34	21	2.058182	2.333333	275	283	502.567839	4.426453	0.035898	-0.004171	0.031195	-0.000009	-0.000137	-0.009696	573.565245	6	14	-8	34	21	2.058182	2.333333	6	0	275	283	220	1.775858	4.426453	502.567839	0.035898	45314	21.754201	31.462314	256x256	65536	sparse	Meijering	275	6	25	2036	31.141367	0.604422	28.292100	0.997987	0.386172	0.314427	8	1	0.333333	32	1876	31.399564	0.642393	0.997847	27.996037	0.355964	0.376476	4303	31.968395	0.702635	0.998957	31.350820	0.244216	0.375211	-0.086988	0.006822	-0.255351	-0.040971	True	0.487267	0.321248	0.657143	27.223976	0.999578	7793
7794.png	0.566069	0.491540	0.659104	0.492609	0.995606	0.999329	27.592295	0.997525	28.327359	0.340000	0.227545	0.388822	31.586134	0.600835	1950	4	8	20	14	2.029304	2.000000	273	277	480.607321	4.677510	0.025455	0.025772	-0.173251	-0.000059	-0.000101	0.020435	602.314949	4	8	-4	20	14	2.029304	2.000000	4	0	273	277	239	1.735044	4.677510	480.607321	0.025455	44745	22.946154	33.608205	256x256	65536	sparse	Meijering	273	4	26	1893	31.782508	0.629893	28.577294	0.997626	0.319565	0.224308	10	0	0.250000	37	1896	32.074053	0.668037	0.997553	28.567866	0.268384	0.313043	4770	32.792547	0.741194	0.998753	31.957745	0.272640	0.339565	-0.249935	0.003237	-0.196374	-0.029058	True	0.585217	0.227545	0.540296	27.765546	0.999388	7794
7795.png	0.511405	0.184681	0.311782	0.185946	0.964474	0.999620	27.818742	0.995831	28.450174	0.125158	0.184900	0.397858	29.690253	0.517412	4117	28	71	173	99	2.140065	2.535714	614	657	1339.277895	2.696009	0.065841	0.025480	-1.002169	-0.000104	-0.001541	0.009988	729.945660	28	71	-43	173	99	2.140065	2.535714	28	2	614	657	342	2.038475	2.696009	1339.277895	0.065841	45867	11.140879	15.918387	256x256	65536	sparse	Meijering	614	28	41	4089	31.133807	0.644403	29.996554	0.997372	0.115170	0.244216	6	1	0.357143	44	3982	31.596111	0.711758	0.997517	30.285025	0.318869	0.115677	463	30.111905	0.515987	0.996133	28.240407	0.291780	0.116946	-1.546380	-0.059316	-1.443554	-0.126991	True	0.464739	0.184900	0.485924	28.820911	0.999724	7795
7796.png	0.781008	0.484283	0.652548	0.484618	0.998575	0.999239	27.452577	0.997359	28.266066	0.467681	0.553657	0.910909	31.199242	0.588335	2343	4	11	25	16	2.044304	2.750000	316	323	520.271612	4.607058	0.024923	0.001720	-0.257612	-0.000083	-0.000319	0.002765	605.081320	4	11	-7	25	16	2.044304	2.750000	4	0	316	323	275	1.610748	4.607058	520.271612	0.024923	45180	19.282971	27.970977	256x256	65536	sparse	Meijering	316	4	28	2290	31.493559	0.631458	28.600990	0.997678	0.464915	0.621674	5	2	0.000000	38	2342	31.818092	0.678553	0.997543	28.557994	0.558098	0.455928	3727	32.069173	0.694101	0.998680	31.253421	0.424622	0.446441	-0.334924	-0.068018	-0.294318	-0.043123	True	0.607807	0.553657	0.779288	27.710189	0.999322	7796
7797.png	0.647522	0.372857	0.543184	0.373265	0.997073	0.999448	27.888491	0.996974	28.710689	0.385371	0.357133	0.659412	31.103121	0.581193	2145	5	13	32	20	2.055172	2.600000	290	298	517.233062	4.609268	0.027506	-0.008375	-0.451761	-0.000073	-0.000241	0.011010	597.486734	5	13	-8	32	20	2.055172	2.600000	5	0	290	298	238	1.735681	4.609268	517.233062	0.027506	45007	20.982284	30.552914	256x256	65536	sparse	Meijering	290	5	27	2080	31.561192	0.624435	29.116849	0.997215	0.374361	0.379840	9	1	0.100000	36	2004	31.743444	0.659871	0.996988	28.707280	0.303485	0.384531	4346	32.308044	0.717525	0.998392	31.617400	0.216103	0.373314	-0.406161	-0.022707	-0.458071	-0.043242	True	0.541594	0.357133	0.655897	28.340253	0.999521	7797
7798.png	0.713241	0.468093	0.637689	0.468093	1.000000	0.999391	27.821847	0.997089	28.356723	0.441508	0.247233	0.387758	30.786217	0.558609	2174	4	21	40	19	2.114865	5.250000	296	313	576.529539	4.527934	0.029595	-0.012163	-0.200221	-0.000017	-0.000282	-0.004796	606.622458	4	21	-17	40	19	2.114865	5.250000	4	0	296	313	237	1.841947	4.527934	576.529539	0.029595	45324	20.848206	30.145354	256x256	65536	sparse	Meijering	296	4	26	2105	31.149771	0.605757	28.787372	0.997371	0.446304	0.460259	6	2	0.000000	33	2174	31.413638	0.653664	0.996988	28.194795	0.441699	0.446693	4399	31.966649	0.707532	0.998572	31.346328	0.308278	0.420070	-0.430649	-0.213026	-0.363554	-0.047148	True	0.637598	0.247233	0.725404	28.022068	0.999408	7798
7799.png	0.728625	0.624359	0.768745	0.628660	0.989160	0.998836	27.922267	0.996753	28.463947	0.641360	0.526451	0.695376	30.913469	0.573431	2373	4	11	26	15	2.045161	2.750000	310	317	679.627961	4.704421	0.025515	-0.014989	-0.009913	-0.000065	-0.000099	0.007189	710.598469	4	11	-7	26	15	2.045161	2.750000	4	0	310	317	269	2.143937	4.704421	679.627961	0.025515	45293	19.086810	27.617362	256x256	65536	sparse	Otsu	310	4	27	2311	31.207746	0.619315	28.565715	0.996852	0.634172	0.628423	6	6	0.000000	34	2206	31.478318	0.662544	0.996293	27.896556	0.575627	0.628827	3862	31.828919	0.691236	0.998267	31.026420	0.371416	0.616575	-0.101768	-0.101972	-0.294277	-0.045884	True	0.757074	0.526451	0.743614	27.932180	0.998902	7799
7800.png	0.673864	0.492148	0.659651	0.504452	0.952781	0.998934	27.754052	0.996752	28.264632	0.464903	0.244216	0.352546	30.300089	0.539875	2694	7	30	73	32	2.122016	4.285714	377	400	752.502283	3.810936	0.038120	-0.027567	-0.590771	-0.000199	-0.000525	0.018597	623.945475	7	30	-23	73	32	2.122016	4.285714	7	1	377	400	272	1.881256	3.810936	752.502283	0.038120	45644	16.942836	24.326652	256x256	65536	sparse	Meijering	377	7	30	2636	30.993802	0.613910	28.981778	0.997277	0.446306	0.464739	8	5	0.000000	36	2586	31.249087	0.661096	0.997037	28.689443	0.265085	0.425503	3510	31.330408	0.662601	0.997945	30.096045	0.167957	0.448147	-0.717145	-0.220522	-0.693713	-0.074035	True	0.692721	0.244216	0.701430	28.344824	0.999133	7800
7801.png	0.640196	0.458892	0.629097	0.461043	0.989937	0.999344	27.622998	0.996643	28.370082	0.511254	0.347047	0.508323	30.054549	0.536650	2720	5	26	55	26	2.115702	5.200000	363	384	708.763798	4.436015	0.032672	0.012735	-0.270003	-0.000054	-0.000192	0.056948	656.771660	5	26	-21	55	26	2.115702	5.200000	5	1	363	384	282	1.845739	4.436015	708.763798	0.032672	46045	16.928309	24.094118	256x256	65536	sparse	Otsu	363	5	28	2695	30.671285	0.607766	28.638905	0.996835	0.454306	0.428791	10	6	0.000000	31	2572	30.874600	0.652779	0.996143	27.808148	0.548096	0.480082	3479	31.012954	0.648689	0.997680	29.949786	0.362797	0.469537	-0.268823	-0.081744	-0.616736	-0.071116	True	0.682729	0.347047	0.627461	27.893001	0.999398	7801
7802.png	0.689017	0.566949	0.723635	0.570739	0.988424	0.999168	28.021922	0.997176	28.423430	0.503704	0.351263	0.537473	30.512792	0.547155	2196	5	13	27	17	2.052459	2.600000	305	313	548.347949	4.497323	0.029790	-0.005135	-0.001548	-0.000046	-0.000162	0.006487	597.302675	5	13	-8	27	17	2.052459	2.600000	5	0	305	313	261	1.751910	4.497323	548.347949	0.029790	45620	20.774135	29.843352	256x256	65536	sparse	Meijering	305	5	25	2119	30.866619	0.594917	28.527119	0.997338	0.497217	0.575425	6	8	0.000000	32	2166	31.132438	0.643890	0.997059	28.172839	0.382453	0.483309	4262	31.665616	0.696038	0.998400	30.934574	0.151883	0.493741	-0.103689	-0.224162	-0.353827	-0.047762	True	0.653544	0.351263	0.694152	28.023470	0.999213	7802
7803.png	0.685654	0.448788	0.619535	0.452225	0.983347	0.999305	27.454373	0.997123	28.183778	0.413781	0.370118	0.559007	30.811003	0.564112	2285	4	15	35	19	2.073579	3.750000	299	310	629.847406	4.838429	0.026483	-0.010424	-0.051103	-0.000126	-0.000179	-0.009633	622.590542	4	15	-11	35	19	2.073579	3.750000	4	0	299	310	245	2.031766	4.838429	629.847406	0.026483	45412	19.873961	28.680963	256x256	65536	sparse	Meijering	299	4	27	2232	31.207258	0.614483	28.291246	0.997302	0.423414	0.418914	7	1	0.125000	35	2274	31.462001	0.657600	0.997096	28.065379	0.591392	0.421590	4042	31.842049	0.694455	0.998476	30.918935	0.326014	0.415239	-0.107468	-0.048797	-0.396255	-0.050371	True	0.662098	0.370118	0.696078	27.505476	0.999430	7803
7804.png	0.690921	0.487450	0.655417	0.487805	0.998510	0.999242	27.857215	0.997103	28.439130	0.465285	0.454835	0.685216	30.605079	0.552180	2284	4	17	37	19	2.082803	4.250000	314	327	574.088628	4.549185	0.038198	-0.007036	-0.133575	-0.000024	-0.000203	-0.013070	573.040962	4	17	-13	37	19	2.082803	4.250000	4	0	314	327	258	1.755623	4.549185	574.088628	0.038198	45559	19.947023	28.693520	256x256	65536	sparse	Meijering	314	4	26	2245	30.971599	0.603587	28.673294	0.997306	0.478356	0.437608	9	4	0.000000	31	2044	31.205365	0.638266	0.996984	28.343229	0.315086	0.461706	4055	31.666597	0.689783	0.998264	30.834386	0.196908	0.458530	-0.234163	0.017227	-0.366519	-0.051406	True	0.663784	0.454835	0.697957	27.990790	0.999266	7804
7805.png	0.629975	0.533843	0.696086	0.547705	0.954737	0.997839	27.814276	0.996298	28.695068	0.420547	0.308046	0.429345	31.004367	0.580659	2856	5	36	79	32	2.154613	7.200000	401	432	815.104868	4.019239	0.046580	0.015732	-1.119747	-0.000621	-0.000716	0.008711	680.341721	5	36	-31	79	32	2.154613	7.200000	5	1	401	432	290	1.886817	4.019239	815.104868	0.046580	45099	15.790966	22.946779	256x256	65536	sparse	Meijering	401	5	33	2782	31.610746	0.643849	29.484160	0.997014	0.411836	0.395488	12	4	0.000000	42	2772	31.943247	0.695144	0.996898	29.267293	0.314617	0.392825	3223	31.823001	0.672552	0.997702	30.693832	0.279363	0.410187	-0.789092	-0.087442	-0.606378	-0.063190	True	0.717478	0.308046	0.614243	28.934023	0.998459	7805
7806.png	0.466667	0.454091	0.624571	0.459386	0.975248	0.999322	27.791040	0.997629	28.411345	0.330101	0.189892	0.328234	30.330347	0.535396	2282	5	22	53	27	2.103976	4.400000	327	344	636.876553	3.972059	0.025655	0.020072	-0.343277	-0.000119	-0.000221	0.016848	599.293947	5	22	-17	53	27	2.103976	4.400000	5	0	327	344	247	1.851385	3.972059	636.876553	0.025655	45696	20.024540	28.718668	256x256	65536	sparse	Meijering	327	5	26	2192	30.810935	0.592495	28.769579	0.997849	0.313253	0.275664	8	1	0.200000	31	2142	31.035059	0.632582	0.997601	28.267108	0.296318	0.288379	4142	31.522781	0.687063	0.998688	30.878470	0.192652	0.323883	-0.358234	-0.085772	-0.480587	-0.057099	True	0.578527	0.189892	0.446595	28.134317	0.999440	7806
7807.png	0.563683	0.658834	0.794334	0.665947	0.984047	0.997891	28.376305	0.996023	28.642912	0.440172	0.405479	0.593910	31.233585	0.592485	2489	5	13	35	22	2.047619	2.600000	336	344	648.450972	4.388811	0.038907	0.000260	-0.322919	-0.000145	-0.000363	0.007240	584.394932	5	13	-8	35	22	2.047619	2.600000	5	0	336	344	279	1.885032	4.388811	648.450972	0.038907	44988	18.074729	26.330253	256x256	65536	sparse	Meijering	336	5	30	2362	31.699712	0.639592	29.061677	0.996387	0.432932	0.355964	14	4	0.000000	40	2310	31.962797	0.678284	0.996250	29.052259	0.298827	0.392229	3594	32.107597	0.692762	0.997700	31.090972	0.228948	0.409063	-0.418764	0.049516	-0.466127	-0.047107	True	0.682729	0.405479	0.563423	28.699223	0.998036	7807
7808.png	0.797414	0.484296	0.652560	0.484484	0.999200	0.999449	26.959608	0.997803	27.828274	0.485648	0.537912	0.973659	30.263129	0.536323	2408	6	20	44	24	2.088050	3.333333	318	332	584.915964	4.113560	0.031289	0.007450	-0.204014	-0.000028	-0.000154	0.001939	570.770979	6	20	-14	44	24	2.088050	3.333333	6	0	318	332	250	1.761795	4.113560	584.915964	0.031289	45863	19.046096	27.215947	256x256	65536	sparse	Meijering	318	6	26	2407	30.636407	0.595812	28.019672	0.997957	0.483708	0.554251	5	2	0.000000	31	2252	30.950188	0.640472	0.997776	27.563647	0.493383	0.470520	3792	31.233626	0.662245	0.998725	29.998147	0.421606	0.471683	-0.191397	-0.016339	-0.373278	-0.059489	True	0.552465	0.537912	0.789964	27.163622	0.999477	7808
7809.png	0.683188	0.538994	0.700450	0.549183	0.966723	0.998816	27.602406	0.996328	28.056053	0.536889	0.538528	0.726486	31.379272	0.613589	2461	4	23	46	17	2.117647	5.750000	323	342	637.561071	4.570394	0.023975	0.001017	-0.768135	-0.000315	-0.000767	-0.002555	601.580858	4	23	-19	46	17	2.117647	5.750000	4	2	323	342	260	1.864214	4.570394	637.561071	0.023975	44752	18.184478	26.629825	256x256	65536	sparse	Meijering	323	4	31	2420	32.035319	0.659799	28.906787	0.997095	0.539444	0.645534	7	12	0.000000	43	2420	32.324716	0.701778	0.997062	29.028260	0.460096	0.531847	3671	32.478926	0.708246	0.998265	31.366637	0.623749	0.530841	-0.850734	-0.107006	-0.656047	-0.046210	True	0.741278	0.538528	0.682171	28.370541	0.999131	7809
7810.png	0.577851	0.555209	0.714000	0.575529	0.940211	0.998537	27.993479	0.996325	28.562501	0.415445	0.272943	0.390584	30.901430	0.569382	2511	5	21	47	21	2.086721	4.200000	369	385	761.900332	4.084552	0.033980	-0.002615	-0.627864	-0.000280	-0.000476	0.005686	676.914215	5	21	-16	47	21	2.086721	4.200000	5	1	369	385	301	1.978962	4.084552	761.900332	0.033980	45204	18.002389	26.099562	256x256	65536	sparse	Meijering	369	5	30	2461	31.407966	0.626874	29.074984	0.996801	0.409760	0.312711	12	3	0.000000	38	2394	31.735107	0.667916	0.996707	28.882820	0.270211	0.368779	3763	31.899209	0.688621	0.997753	30.922167	0.175603	0.388193	-0.512483	-0.039768	-0.506536	-0.057492	True	0.698806	0.272943	0.580466	28.621343	0.998817	7810
7811.png	0.661701	0.498039	0.664921	0.505061	0.972841	0.998900	28.148902	0.996886	28.983987	0.445005	0.297071	0.481394	31.726658	0.611413	2262	4	15	34	18	2.071895	3.750000	306	317	600.854574	4.463560	0.031250	0.009473	-0.872329	-0.000234	-0.000535	-0.000604	597.515583	4	15	-11	34	18	2.071895	3.750000	4	0	306	317	254	1.895440	4.463560	600.854574	0.031250	44528	19.685234	28.972591	256x256	65536	sparse	Meijering	306	4	31	2262	32.137647	0.652426	29.716358	0.997421	0.445609	0.430059	9	4	0.000000	41	2254	32.350788	0.692637	0.996973	29.235376	0.397098	0.434971	4083	32.734556	0.726307	0.998345	31.832935	0.304523	0.448052	-0.732371	-0.132987	-0.410989	-0.041013	True	0.617107	0.297071	0.652228	29.021232	0.999134	7811
7812.png	0.596390	0.369573	0.539691	0.377038	0.949153	0.999160	26.936000	0.996791	28.482966	0.290973	0.231514	0.428923	30.795209	0.562619	2613	11	28	62	37	2.092643	2.545455	367	384	678.649309	3.802045	0.036308	0.039732	-1.162228	-0.000282	-0.000561	0.021307	603.920460	11	28	-17	62	37	2.092643	2.545455	11	1	367	384	268	1.767316	3.802045	678.649309	0.036308	45260	17.321087	25.080750	256x256	65536	sparse	Meijering	367	11	30	2515	31.331287	0.623085	29.141636	0.997352	0.269667	0.225858	10	1	0.954545	40	2606	31.761626	0.677467	0.997039	29.131393	0.316139	0.259036	3610	31.808903	0.681008	0.998068	30.964471	0.218599	0.277463	-0.658670	0.005656	-0.536078	-0.060466	True	0.539757	0.231514	0.556658	28.098228	0.999442	7812
7813.png	0.583735	0.460248	0.630370	0.470029	0.956746	0.998714	27.991531	0.996588	28.465632	0.337863	0.218599	0.326052	30.114374	0.531511	2994	11	35	79	44	2.117359	3.181818	409	433	853.513259	3.528786	0.046797	-0.012126	-0.879557	-0.000287	-0.000667	-0.002447	639.030218	11	35	-24	79	44	2.117359	3.181818	11	1	409	433	286	1.971162	3.528786	853.513259	0.046797	45839	15.310287	21.889112	256x256	65536	sparse	Meijering	409	11	32	2952	30.952222	0.617806	29.341612	0.997256	0.340311	0.295312	12	2	0.454545	36	2906	31.227316	0.670641	0.997130	28.972856	0.158442	0.346251	3097	31.066628	0.633651	0.997482	29.896367	0.270211	0.344008	-0.875980	-0.076713	-0.837848	-0.086295	True	0.670441	0.218599	0.595861	28.871088	0.999002	7813
7814.png	0.574771	0.411021	0.582586	0.411392	0.997807	0.999554	27.083640	0.997927	28.041267	0.287523	0.338558	0.672524	31.066662	0.570786	2074	6	10	31	25	2.027875	1.666667	287	291	515.752133	4.233409	0.034023	-0.013881	-0.175882	-0.000018	-0.000255	-0.009042	566.963673	6	10	-4	31	25	2.027875	1.666667	6	0	287	291	231	1.772344	4.233409	515.752133	0.034023	45252	21.818708	31.598843	256x256	65536	sparse	Meijering	287	6	26	1984	31.357972	0.608005	28.318944	0.998182	0.296564	0.342953	6	2	0.000000	34	2036	31.618924	0.654140	0.998111	28.220968	0.312220	0.278029	4207	32.096942	0.704040	0.999017	31.540432	0.319549	0.281646	-0.277677	-0.004395	-0.291309	-0.037219	True	0.503415	0.338558	0.588652	27.259523	0.999572	7814
7815.png	0.696281	0.615385	0.761905	0.622512	0.981735	0.998946	27.184292	0.997770	27.828808	0.548864	0.423691	0.656754	30.613742	0.565567	2475	4	29	60	26	2.159236	7.250000	314	339	675.722602	4.213562	0.029607	-0.003357	-0.191125	-0.000141	-0.000128	-0.004882	579.821825	4	29	-25	60	26	2.159236	7.250000	4	0	314	339	228	1.993282	4.213562	675.722602	0.029607	45618	18.431515	26.479192	256x256	65536	sparse	Otsu	314	4	27	2353	31.076426	0.617591	28.033506	0.997898	0.553746	0.441500	8	3	0.000000	33	2294	31.333334	0.659254	0.997746	27.678763	0.496270	0.542164	3768	31.649640	0.679480	0.998730	30.342642	0.480558	0.546507	-0.204697	-0.017809	-0.462684	-0.052024	True	0.645129	0.423691	0.699637	27.375417	0.999087	7815
7816.png	0.629905	0.410202	0.581763	0.410784	0.996558	0.999483	27.681961	0.997315	28.197877	0.440312	0.347319	0.551058	30.074303	0.525682	2448	8	20	56	33	2.072508	2.500000	331	343	660.746036	4.007312	0.045882	-0.027034	-0.164797	-0.000036	-0.000326	0.026690	614.907503	8	20	-12	56	33	2.072508	2.500000	8	0	331	343	242	1.926373	4.007312	660.746036	0.045882	45989	18.786356	26.771242	256x256	65536	sparse	Meijering	331	8	26	2316	30.609441	0.587844	28.573785	0.997641	0.413622	0.575142	5	2	0.000000	31	2412	30.866643	0.638898	0.997385	28.209466	0.318869	0.397590	3784	31.155702	0.661955	0.998451	30.388574	0.267368	0.401346	-0.375908	-0.227823	-0.535138	-0.062162	True	0.630277	0.347319	0.656940	27.846757	0.999520	7816
7817.png	0.697540	0.462970	0.632918	0.465395	0.988871	0.999491	27.070956	0.997984	27.727969	0.403882	0.447517	0.727448	30.483125	0.548790	2430	6	22	45	25	2.100000	3.666667	320	336	553.161808	4.402005	0.024176	-0.001440	-0.118426	-0.000029	-0.000194	0.002460	573.519230	6	22	-16	45	25	2.100000	3.666667	6	0	320	336	250	1.646315	4.402005	553.161808	0.024176	45848	18.867490	26.969547	256x256	65536	sparse	Meijering	320	6	27	2356	30.930146	0.605312	28.047829	0.998178	0.401422	0.374104	7	0	0.916667	33	2280	31.145016	0.649820	0.998048	27.812542	0.507372	0.386457	3705	31.418148	0.666564	0.998744	30.225927	0.454835	0.394540	-0.319861	0.073413	-0.447021	-0.056523	True	0.615188	0.447517	0.698980	27.189382	0.999520	7817
7818.png	0.694875	0.573899	0.729271	0.579365	0.983827	0.999130	28.025645	0.996885	28.545048	0.535417	0.414656	0.725266	30.532238	0.547375	2265	4	15	33	16	2.071895	3.750000	306	317	756.119561	4.567727	0.021526	0.005825	0.238634	-0.000011	0.000053	0.016370	677.318573	4	15	-11	33	16	2.071895	3.750000	4	1	306	317	257	2.385235	4.567727	756.119561	0.021526	45638	20.149227	28.934216	256x256	65536	sparse	Otsu	306	4	25	2123	30.849558	0.594616	28.485158	0.996833	0.519048	0.401503	9	4	0.000000	32	2144	31.102727	0.641846	0.996323	27.834599	0.415955	0.520635	4019	31.550929	0.682339	0.998165	30.877490	0.424203	0.511508	0.059889	0.013153	-0.317320	-0.047241	True	0.571729	0.414656	0.689050	27.787011	0.999141	7818
7819.png	0.714286	0.438985	0.610132	0.439339	0.998168	0.999531	27.520314	0.997673	28.384095	0.425060	0.470947	0.751638	30.818807	0.560036	2147	4	11	26	16	2.047297	2.750000	296	303	518.851658	4.574039	0.020781	0.009703	-0.011784	0.000003	-0.000217	0.025625	597.371340	4	11	-7	26	16	2.047297	2.750000	4	0	296	303	254	1.712382	4.574039	518.851658	0.020781	45422	21.156032	30.524453	256x256	65536	sparse	Meijering	296	4	26	2119	31.139082	0.606509	28.668666	0.997890	0.399436	0.402499	8	3	0.000000	32	1884	31.347111	0.637752	0.997532	28.129158	0.365552	0.396857	4048	31.847289	0.695044	0.998758	31.060150	0.238146	0.417977	-0.284571	0.068448	-0.320275	-0.046474	True	0.626561	0.470947	0.704583	27.532098	0.999528	7819
7820.png	0.756402	0.495502	0.662656	0.498191	0.989224	0.999039	28.370507	0.997263	28.960658	0.459957	0.548096	0.784333	31.508453	0.600364	2427	4	32	66	27	2.167164	8.000000	335	363	666.509451	4.312602	0.035117	0.001069	-0.302867	-0.000107	-0.000334	0.010970	653.024673	4	32	-28	66	27	2.167164	8.000000	4	1	335	363	242	1.836114	4.312602	666.509451	0.035117	44712	18.422744	27.002884	256x256	65536	sparse	Meijering	335	4	30	2372	31.824216	0.645480	29.339218	0.997597	0.448987	0.745893	4	3	0.000000	41	2404	32.202073	0.691324	0.997483	29.079955	0.431071	0.447815	3773	32.381973	0.708351	0.998409	31.119224	0.437039	0.460484	-0.378560	-0.197797	-0.315763	-0.045116	True	0.698806	0.548096	0.755333	28.673374	0.999145	7820
7821.png	0.624493	0.334777	0.501623	0.336862	0.981851	0.999242	28.241334	0.995873	28.607585	0.393574	0.310799	0.622312	30.184797	0.531930	2877	11	31	77	46	2.096852	2.818182	413	433	849.205906	3.726823	0.043305	0.008787	-0.447062	-0.000124	-0.000756	0.014532	641.667128	11	31	-20	77	46	2.096852	2.818182	11	1	413	433	290	1.961215	3.726823	849.205906	0.043305	45664	15.872089	22.779284	256x256	65536	sparse	Meijering	413	11	31	2811	30.959901	0.613179	29.500780	0.996628	0.379042	0.321975	14	6	0.000000	38	2874	31.373521	0.670432	0.996279	29.206305	0.062293	0.348618	3089	31.173115	0.641757	0.997053	30.150746	0.091732	0.375306	-0.893196	-0.011176	-0.775103	-0.081249	True	0.499426	0.310799	0.615705	28.688396	0.999366	7821
7822.png	0.664122	0.448798	0.619545	0.450195	0.993133	0.999408	27.635940	0.997355	28.609869	0.394399	0.412235	0.668013	31.773704	0.613861	2277	4	13	34	19	2.058065	3.250000	310	319	555.242310	4.431455	0.026058	0.023255	-0.247823	-0.000002	-0.000232	0.022804	564.740896	4	13	-9	34	19	2.058065	3.250000	4	0	310	319	257	1.740572	4.431455	555.242310	0.026058	44591	19.583224	28.781730	256x256	65536	sparse	Meijering	310	4	30	2236	32.110185	0.653468	28.970486	0.997587	0.371595	0.331168	9	6	0.000000	42	2046	32.358149	0.684971	0.997691	29.207324	0.438232	0.366148	4116	32.756443	0.725939	0.998657	31.815813	0.294136	0.364981	-0.360616	0.081067	-0.336481	-0.039608	True	0.617107	0.412235	0.640867	27.883763	0.999410	7822
7823.png	0.710108	0.542262	0.703204	0.549433	0.976497	0.998685	27.746563	0.996465	28.329024	0.480715	0.497968	0.823555	30.502780	0.553232	2699	7	28	57	31	2.116343	4.000000	361	382	709.170575	4.066721	0.037490	0.012433	-0.362930	-0.000138	-0.000405	0.010441	599.953175	7	28	-21	57	31	2.116343	4.000000	7	1	361	382	273	1.856467	4.066721	709.170575	0.037490	45584	16.889218	24.281586	256x256	65536	sparse	Meijering	361	7	29	2565	31.044855	0.617415	28.688402	0.996871	0.470274	0.558589	9	16	0.000000	36	2614	31.344466	0.669028	0.996458	28.327106	0.246185	0.448276	3477	31.431679	0.661758	0.997722	30.230085	0.240681	0.485142	-0.359377	-0.060621	-0.542075	-0.064183	True	0.604656	0.497968	0.697674	28.109494	0.998823	7823
7824.png	0.720441	0.297926	0.459080	0.298673	0.991667	0.999607	27.932822	0.997013	28.676544	0.313508	0.286805	0.551023	30.814681	0.560803	2630	9	39	94	47	2.157068	4.333333	382	412	780.416818	3.595343	0.047924	-0.003243	-0.323660	-0.000062	-0.000575	0.004078	598.418713	9	39	-30	94	47	2.157068	4.333333	9	1	382	412	241	1.894216	3.595343	780.416818	0.047924	45236	17.200000	24.918631	256x256	65536	sparse	Meijering	382	9	30	2584	31.349344	0.625673	29.399918	0.997588	0.309430	0.442337	5	0	0.277778	40	2586	31.779459	0.676762	0.997609	29.412764	0.370817	0.290427	3516	31.761455	0.677918	0.998000	30.491131	0.359633	0.313374	-0.723375	-0.155532	-0.534662	-0.064870	True	0.520495	0.286805	0.723684	28.256482	0.999670	7824
7825.png	0.650951	0.269146	0.424137	0.269369	0.996939	0.999526	28.361655	0.995795	28.641513	0.323626	0.224308	0.379288	30.078319	0.534864	3425	18	50	117	67	2.128257	2.777778	499	531	1019.157731	3.276695	0.048443	-0.036196	-0.472092	-0.000049	-0.001022	0.019135	675.471783	18	50	-32	117	67	2.128257	2.777778	18	1	499	531	315	1.919318	3.276695	1019.157731	0.048443	45669	13.334015	19.134599	256x256	65536	sparse	Meijering	499	18	35	3331	31.111568	0.631668	29.711671	0.996816	0.304492	0.379840	9	1	0.750000	40	3232	31.464328	0.686066	0.996499	29.463428	0.188358	0.277824	606	30.373753	0.536944	0.995337	28.104552	0.459899	0.310639	-1.070157	-0.155532	-1.033249	-0.096804	True	0.591392	0.224308	0.687146	28.833748	0.999574	7825
7826.png	0.718187	0.488258	0.656147	0.488772	0.997851	0.999223	27.877650	0.997028	28.334443	0.474677	0.379151	0.539110	30.235462	0.534043	2461	4	27	56	26	2.136499	6.750000	337	360	714.657053	4.222019	0.038853	-0.007972	-0.052059	0.000013	-0.000222	0.025010	624.806166	4	27	-23	56	26	2.136499	6.750000	4	0	337	360	255	1.985158	4.222019	714.657053	0.038853	45839	18.626168	26.629825	256x256	65536	sparse	Meijering	337	4	27	2401	30.741345	0.597707	28.650434	0.997250	0.449667	0.458006	8	2	0.000000	31	2456	31.008623	0.646819	0.996881	28.131748	0.405479	0.433777	3731	31.257644	0.663618	0.997963	30.049144	0.285853	0.456933	-0.315990	-0.078855	-0.505883	-0.063664	True	0.703290	0.379151	0.726160	27.929709	0.999210	7826
7827.png	0.700921	0.424528	0.596026	0.424991	0.997442	0.999474	27.536911	0.997332	28.464551	0.445696	0.541594	0.941670	31.365539	0.594811	2313	4	9	20	14	2.030864	2.250000	324	329	577.265149	4.769444	0.040249	-0.005546	-0.087257	-0.000009	-0.000182	-0.000363	611.534357	4	9	-5	20	14	2.030864	2.250000	4	0	324	329	290	1.754605	4.769444	577.265149	0.040249	44902	19.412884	28.333766	256x256	65536	sparse	Meijering	324	4	29	2293	31.694602	0.639301	28.720081	0.997514	0.446059	0.500093	6	0	0.750000	40	2274	32.037541	0.680837	0.997462	28.770493	0.299994	0.438431	3901	32.297368	0.706490	0.998647	31.555598	0.401140	0.431373	-0.255530	0.041501	-0.329064	-0.044490	True	0.575142	0.541594	0.706468	27.624168	0.999483	7827
7828.png	0.644654	0.457855	0.628121	0.460878	0.985876	0.999269	27.501434	0.996924	28.145376	0.394459	0.257204	0.434612	30.596319	0.557962	2720	8	21	53	33	2.067532	2.625000	385	398	694.341997	4.161487	0.033845	-0.002741	-0.295757	-0.000066	-0.000475	0.005882	625.934839	8	21	-13	53	33	2.067532	2.625000	8	0	385	398	299	1.744578	4.161487	694.341997	0.033845	45552	16.747059	24.094118	256x256	65536	sparse	Meijering	385	8	30	2623	31.157870	0.623351	28.694180	0.997399	0.388577	0.302324	13	6	0.000000	37	2660	31.480437	0.672875	0.997082	28.372884	0.360243	0.357968	3520	31.523668	0.667338	0.998045	30.159004	0.235272	0.373804	-0.548804	-0.045120	-0.561551	-0.065389	True	0.591801	0.257204	0.647395	27.797191	0.999335	7828
7829.png	0.798721	0.698219	0.822296	0.699603	0.997174	0.998385	27.784959	0.996560	27.913039	0.681221	0.808334	1.111160	30.833394	0.585612	2434	4	6	16	13	2.012579	1.500000	318	320	613.613892	4.392374	0.020034	-0.015712	-0.162058	-0.000031	-0.000258	-0.013095	598.727465	4	6	-2	16	13	2.012579	1.500000	4	1	318	320	289	1.917543	4.392374	613.613892	0.020034	45275	18.601068	26.925226	256x256	65536	sparse	Otsu	318	4	28	2413	31.348059	0.632379	28.360296	0.996818	0.694316	0.717290	6	20	0.000000	38	2402	31.689599	0.677541	0.996555	28.102479	0.622538	0.691546	3752	31.933560	0.692361	0.998184	30.781637	0.740389	0.678560	-0.447257	0.091044	-0.514664	-0.046767	True	0.727468	0.808334	0.814433	27.947017	0.998415	7829
7830.png	0.542624	0.456554	0.626896	0.457903	0.993590	0.999264	28.024294	0.996975	28.768774	0.306160	0.244216	0.412666	31.204580	0.581708	2336	5	24	62	30	2.115854	4.800000	328	347	672.684930	4.112372	0.038770	0.005766	-0.324624	-0.000095	-0.000332	0.004831	584.804535	5	24	-19	62	30	2.115854	4.800000	5	0	328	347	236	1.938573	4.112372	672.684930	0.038770	44924	19.231164	28.054795	256x256	65536	sparse	Meijering	328	5	29	2272	31.585297	0.628751	29.245160	0.997308	0.301329	0.240083	11	1	0.000000	39	2270	31.918960	0.673273	0.997233	29.011894	0.195008	0.255539	3970	32.216874	0.705370	0.998243	31.308913	0.137138	0.307607	-0.476385	0.004134	-0.380717	-0.047043	True	0.591801	0.244216	0.536858	28.348918	0.999359	7830
7831.png	0.665758	0.498418	0.665259	0.507110	0.966752	0.998149	28.202356	0.995314	28.551629	0.442206	0.302930	0.417200	30.113611	0.536544	3386	15	45	106	59	2.123967	3.000000	484	514	1003.495580	3.444136	0.047063	0.001313	-0.979227	-0.000439	-0.001095	0.031874	677.769899	15	45	-30	106	59	2.123967	3.000000	15	1	484	514	319	1.952326	3.444136	1003.495580	0.047063	45698	13.496161	19.354991	256x256	65536	sparse	Meijering	484	15	35	3361	31.096061	0.633383	29.663076	0.996408	0.410332	0.408022	14	11	0.000000	40	3046	31.387713	0.680087	0.996029	29.298418	0.083835	0.435638	602	30.327987	0.535356	0.994065	27.793665	0.433059	0.421700	-1.111446	-0.105092	-0.982450	-0.096839	True	0.726102	0.302930	0.664446	29.181584	0.998588	7831
7832.png	0.631662	0.549611	0.709353	0.564915	0.953024	0.998255	28.348978	0.995983	28.875637	0.469149	0.330517	0.562130	31.485856	0.609721	2304	5	19	40	22	2.091205	3.800000	307	321	619.143117	4.331020	0.036854	0.010287	-1.078941	-0.000509	-0.000808	0.011598	599.011421	5	19	-14	40	22	2.091205	3.800000	5	0	307	321	245	1.928795	4.331020	619.143117	0.036854	44473	19.302517	28.444444	256x256	65536	sparse	Meijering	307	5	31	2292	32.148478	0.653440	29.912976	0.996790	0.457550	0.394402	13	15	0.000000	42	2162	32.354946	0.688339	0.996217	29.434280	0.207382	0.475648	4038	32.722224	0.726490	0.997898	31.805339	0.111235	0.459570	-1.037340	-0.063884	-0.662622	-0.043719	True	0.587973	0.330517	0.621375	29.427920	0.998764	7832
7834.png	0.639452	0.553714	0.712762	0.561591	0.975295	0.998911	27.822747	0.996008	28.493095	0.467076	0.326579	0.438585	30.583702	0.556970	2545	4	26	53	26	2.126074	6.500000	349	371	676.683482	4.222491	0.039839	0.022442	-0.704025	-0.000232	-0.000397	0.028666	617.327690	4	26	-22	53	26	2.126074	6.500000	4	0	349	371	270	1.823945	4.222491	676.683482	0.039839	45472	17.867191	25.750884	256x256	65536	sparse	Otsu	349	4	29	2486	31.158715	0.618429	29.081793	0.996406	0.438409	0.368716	11	7	0.000000	33	2290	31.335950	0.655946	0.995964	28.546798	0.396159	0.423723	3646	31.581593	0.674881	0.997413	30.688544	0.275378	0.448677	-0.588698	-0.042137	-0.575013	-0.061459	True	0.744619	0.326579	0.617010	28.526772	0.999143	7834
7835.png	0.603723	0.455989	0.626363	0.458203	0.989513	0.999324	28.167634	0.995400	28.957722	0.372141	0.357250	0.565162	30.938422	0.570687	2242	4	15	35	19	2.071661	3.750000	307	318	658.473152	4.643580	0.019177	0.036008	-0.187955	-0.000064	0.000088	0.040195	673.067331	4	15	-11	35	19	2.071661	3.750000	4	0	307	318	253	2.070670	4.643580	658.473152	0.019177	45256	20.185549	29.231044	256x256	65536	sparse	Otsu	307	4	27	2207	31.303018	0.615604	29.236611	0.995312	0.331946	0.333690	10	1	0.000000	34	2122	31.566951	0.656913	0.995290	28.744208	0.298508	0.327784	4207	32.039447	0.706119	0.997262	31.330082	0.206128	0.366632	-0.278889	0.023561	-0.364596	-0.044917	True	0.632121	0.357250	0.567715	28.355588	0.999388	7835
7836.png	0.701870	0.526097	0.689467	0.527787	0.993950	0.999249	27.668077	0.996840	28.512344	0.546445	0.630892	0.945683	31.063427	0.586271	2421	4	10	22	14	2.036585	2.500000	328	334	560.725704	4.716686	0.017666	-0.014479	-0.164103	-0.000047	-0.000188	0.008378	641.691208	4	10	-6	22	14	2.036585	2.500000	4	0	328	334	292	1.678819	4.716686	560.725704	0.017666	45168	18.656753	27.069806	256x256	65536	sparse	Otsu	328	4	28	2364	31.379459	0.630683	28.738515	0.997027	0.538066	0.491126	9	1	0.000000	38	2378	31.752602	0.676969	0.996987	28.769708	0.644181	0.505943	3879	32.020570	0.698705	0.998206	31.215766	0.424380	0.523764	-0.226171	0.139766	-0.316033	-0.044413	True	0.667129	0.630892	0.716349	27.832180	0.999296	7836
7837.png	0.661595	0.438742	0.609896	0.445978	0.964338	0.999270	26.657581	0.996758	27.617702	0.449581	0.315086	0.563087	30.102247	0.533280	2728	6	24	55	32	2.098093	4.000000	367	385	761.844126	4.321394	0.034717	-0.018282	-0.848197	-0.000217	-0.000639	-0.000621	650.158405	6	24	-18	55	32	2.098093	4.000000	6	0	367	385	280	1.978816	4.321394	761.844126	0.034717	45922	16.833578	24.023460	256x256	65536	sparse	Meijering	367	6	28	2651	30.720276	0.605299	28.287599	0.997396	0.450202	0.382453	10	4	0.000000	34	2696	31.059695	0.660457	0.997155	28.039846	0.496749	0.416078	3549	31.136718	0.653215	0.998191	29.845992	0.297950	0.434958	-0.669897	-0.067367	-0.618028	-0.072020	True	0.559568	0.315086	0.679876	27.505777	0.999486	7837
7838.png	0.550428	0.432841	0.604171	0.437480	0.976087	0.998768	27.882088	0.996777	28.445797	0.313980	0.219250	0.330303	30.424016	0.546393	2740	10	20	59	39	2.053908	2.000000	371	381	739.566921	3.719074	0.042753	0.004193	-0.418896	-0.000145	-0.000553	0.001866	636.454821	10	20	-10	59	39	2.053908	2.000000	10	1	371	381	273	1.941121	3.719074	739.566921	0.042753	45687	16.674088	23.918248	256x256	65536	sparse	Meijering	371	10	30	2675	31.055360	0.617165	29.111892	0.997330	0.312114	0.295952	11	1	0.950000	36	2688	31.306131	0.666184	0.996873	28.507469	0.191844	0.302922	3200	31.290152	0.648745	0.997844	29.863450	0.212544	0.316456	-0.666095	-0.076702	-0.631344	-0.070773	True	0.663784	0.219250	0.546235	28.300983	0.998913	7838
7839.png	0.609639	0.561780	0.719410	0.569931	0.975172	0.998661	27.854986	0.996825	28.559786	0.487149	0.414916	0.763522	31.483731	0.599104	2090	4	13	33	22	2.064516	3.250000	279	288	584.955885	4.489011	0.033415	0.022178	-0.360410	-0.000148	-0.000331	0.051034	636.056662	4	13	-9	33	22	2.064516	3.250000	4	0	279	288	224	2.031097	4.489011	584.955885	0.033415	44749	21.411005	31.356938	256x256	65536	sparse	Otsu	279	4	27	1966	31.805813	0.631950	28.946777	0.997156	0.436114	0.318240	13	5	0.000000	38	2048	32.081387	0.675143	0.997067	28.775857	0.358535	0.405482	4423	32.593182	0.728943	0.998394	31.703005	0.254452	0.423510	-0.386991	0.096677	-0.322082	-0.032846	True	0.543424	0.414916	0.587461	28.215396	0.998809	7839
7840.png	0.549626	0.332665	0.499247	0.334139	0.986905	0.999579	28.274512	0.997012	29.028726	0.246172	0.235772	0.416466	31.363947	0.585787	2203	7	18	47	29	2.069401	2.571429	317	328	590.603760	4.205848	0.033879	0.001622	0.045563	0.000009	-0.000527	0.006350	598.043680	7	18	-11	47	29	2.069401	2.571429	7	0	317	328	241	1.800621	4.205848	590.603760	0.033879	44784	20.328643	29.748525	256x256	65536	sparse	Meijering	317	7	29	2149	31.785346	0.631228	29.580881	0.997539	0.239823	0.230660	9	1	0.357143	41	2200	32.103891	0.674605	0.997416	29.499374	0.236621	0.218460	4099	32.434496	0.715456	0.998462	31.884039	0.156779	0.249496	-0.552155	0.005112	-0.421399	-0.045441	True	0.566126	0.235772	0.548004	28.228948	0.999569	7840
7841.png	0.572043	0.449493	0.620207	0.451070	0.992284	0.999311	28.174777	0.997134	28.879309	0.312785	0.245223	0.364870	31.130094	0.580205	2410	4	28	63	29	2.140762	7.000000	341	365	646.075002	4.232096	0.036882	0.003090	-0.253613	-0.000032	-0.000476	0.005173	628.995419	4	28	-24	63	29	2.140762	7.000000	4	0	341	365	249	1.770068	4.232096	646.075002	0.036882	45046	18.691286	27.193361	256x256	65536	sparse	Meijering	341	4	29	2371	31.503241	0.628471	29.415738	0.997610	0.307611	0.302324	11	1	0.000000	40	2370	31.887437	0.674206	0.997461	29.304506	0.256899	0.271739	3684	32.059304	0.692565	0.998324	31.251409	0.198939	0.318373	-0.536428	-0.057100	-0.373147	-0.048266	True	0.672085	0.245223	0.568953	28.428390	0.999343	7841
7842.png	0.721789	0.499700	0.666400	0.505005	0.979412	0.998838	28.033231	0.996425	28.423040	0.480990	0.247495	0.420929	29.981268	0.530400	2807	8	29	74	41	2.106870	3.625000	393	414	786.257478	3.526371	0.047231	-0.002646	-0.568850	-0.000197	-0.000735	0.026141	594.495058	8	29	-21	74	41	2.106870	3.625000	8	0	393	414	278	1.899173	3.526371	786.257478	0.047231	45864	16.339152	23.347346	256x256	65536	sparse	Meijering	393	8	30	2768	30.807848	0.610091	29.229135	0.997160	0.454848	0.361881	13	3	0.000000	33	2596	31.028325	0.653373	0.996623	28.508057	0.089504	0.439893	3269	31.038509	0.641607	0.997572	29.940616	0.104678	0.443584	-0.806095	-0.114386	-0.826580	-0.079691	True	0.587973	0.247495	0.724435	28.602082	0.999035	7842
7843.png	0.742142	0.490632	0.658287	0.491143	0.997883	0.999070	28.180848	0.996979	28.995086	0.450694	0.593430	1.011174	31.747056	0.613932	2245	5	5	11	13	2.000000	1.000000	301	301	522.977967	4.638819	0.017761	-0.002457	0.009924	-0.000029	-0.000233	-0.010924	544.411898	5	5	0	11	13	2.000000	1.000000	5	0	301	301	277	1.737468	4.638819	522.977967	0.017761	44494	19.819154	29.191982	256x256	65536	sparse	Meijering	301	5	30	2229	32.085534	0.653903	29.222059	0.997211	0.461619	0.675023	5	8	0.000000	42	2220	32.341553	0.692597	0.997035	29.115507	0.538967	0.468772	4170	32.724459	0.728722	0.998297	31.608948	0.362372	0.450035	-0.226973	-0.081592	-0.338478	-0.039970	True	0.586873	0.593430	0.744600	28.170924	0.999099	7843
7844.png	0.685401	0.557692	0.716049	0.563791	0.980973	0.999079	28.076017	0.997245	28.296131	0.480777	0.438062	0.632378	30.175951	0.524241	2130	4	14	33	19	2.069686	3.500000	287	297	551.448489	4.631412	0.026982	0.029845	0.251790	0.000011	-0.000104	0.029582	597.108364	4	14	-10	33	19	2.069686	3.500000	4	0	287	297	235	1.856729	4.631412	551.448489	0.026982	45957	21.576056	30.768075	256x256	65536	sparse	Meijering	287	4	24	2051	30.554928	0.574836	28.293147	0.997350	0.451195	0.409788	11	7	0.000000	29	2116	30.815353	0.623602	0.996888	27.771071	0.215336	0.491369	4310	31.359814	0.687531	0.998434	30.693376	0.123417	0.465504	0.002984	0.028274	-0.378976	-0.050595	True	0.692721	0.438062	0.655556	27.824227	0.999068	7844
7845.png	0.566019	0.546165	0.706477	0.550637	0.985350	0.998417	28.267731	0.995975	28.971512	0.393756	0.285173	0.480550	31.559929	0.609416	2583	6	12	29	22	2.033426	2.000000	359	365	667.835169	4.593447	0.027197	-0.007481	-0.576403	-0.000315	-0.000660	-0.001635	617.737055	6	12	-6	29	22	2.033426	2.000000	6	0	359	365	308	1.829685	4.593447	667.835169	0.027197	44652	17.286876	25.372048	256x256	65536	sparse	Meijering	359	6	32	2527	32.028898	0.659460	29.494491	0.996636	0.395391	0.301393	15	2	0.000000	43	2530	32.348716	0.702486	0.996818	29.627225	0.296720	0.387390	3653	32.454968	0.709507	0.997744	31.305297	0.208299	0.395455	-0.522979	-0.016220	-0.468970	-0.050044	True	0.593430	0.285173	0.573500	28.844134	0.998732	7845
7846.png	0.536145	0.422540	0.594064	0.428675	0.967240	0.999211	27.878768	0.997028	28.399509	0.290719	0.180359	0.262120	29.875914	0.514966	2481	4	26	54	24	2.126437	6.500000	348	370	645.008208	4.035149	0.033435	-0.023242	-0.416338	-0.000178	-0.000537	-0.004744	617.523670	4	26	-22	54	24	2.126437	6.500000	4	1	348	370	270	1.743265	4.035149	645.008208	0.033435	45971	18.529222	26.415155	256x256	65536	sparse	Meijering	348	4	27	2480	30.561675	0.588409	29.173791	0.997565	0.295463	0.286934	11	1	0.125000	30	2464	30.829630	0.634930	0.996993	28.412895	0.310990	0.242479	3789	31.124840	0.660726	0.998057	30.210448	0.122367	0.303565	-0.774282	-0.106575	-0.685761	-0.073444	True	0.688077	0.180359	0.559387	28.295106	0.999389	7846
7847.png	0.689818	0.415805	0.587376	0.417501	0.990325	0.999550	27.502123	0.997856	28.330497	0.371757	0.328338	0.583113	30.372991	0.539219	2237	4	15	36	19	2.072607	3.750000	303	314	537.686343	4.639798	0.026720	0.000052	0.260515	0.000008	0.000022	0.015806	582.321882	4	15	-11	36	19	2.072607	3.750000	4	0	303	314	248	1.712377	4.639798	537.686343	0.026720	45828	20.486366	29.296379	256x256	65536	sparse	Meijering	303	4	25	2175	30.716643	0.590058	28.160859	0.997834	0.355951	0.420572	7	0	0.625000	29	2088	30.958657	0.630578	0.997593	27.742880	0.395200	0.330738	4109	31.440855	0.682239	0.998652	30.661565	0.414331	0.354468	0.169638	-0.092234	-0.343652	-0.050839	True	0.563078	0.328338	0.689766	27.241608	0.999542	7847
7848.png	0.571050	0.596313	0.747113	0.603733	0.979808	0.998726	27.678238	0.996603	28.060794	0.487896	0.328935	0.420429	30.171547	0.544791	2718	4	19	43	19	2.085470	4.750000	351	366	655.327875	4.438221	0.026451	0.006355	-0.423875	-0.000164	-0.000438	0.009513	633.700132	4	19	-15	43	19	2.085470	4.750000	4	1	351	366	289	1.790513	4.438221	655.327875	0.026451	45876	16.878587	24.111847	256x256	65536	sparse	Otsu	351	4	29	2707	30.833521	0.614073	28.673699	0.997041	0.478383	0.305599	17	7	0.000000	32	2510	31.014570	0.654816	0.996451	27.931717	0.364820	0.467662	3403	31.133525	0.649691	0.997753	29.844385	0.285513	0.485848	-0.612905	0.023336	-0.661974	-0.069282	True	0.782379	0.328935	0.564695	28.102114	0.998889	7848
7849.png	0.614065	0.289314	0.448787	0.293134	0.956897	0.999274	27.371554	0.995915	28.594047	0.241520	0.154845	0.401852	31.091285	0.585285	3330	19	67	138	70	2.200837	3.526316	478	526	1017.486616	3.354849	0.046183	-0.004519	-1.074688	-0.000244	-0.001179	0.011180	698.845625	19	67	-48	138	70	2.200837	3.526316	19	5	478	526	270	1.934385	3.354849	1017.486616	0.046183	44905	13.484985	19.680480	256x256	65536	sparse	Meijering	478	19	39	3321	31.997070	0.665549	29.894049	0.997093	0.230340	0.235772	9	1	0.336842	47	3122	32.315718	0.713612	0.997173	30.034317	0.225084	0.224472	603	31.207615	0.587064	0.995810	28.078515	0.299994	0.241197	-1.300002	-0.080927	-0.905785	-0.080264	True	0.385328	0.154845	0.618584	28.446243	0.999518	7849
7850.png	0.747089	0.551669	0.711065	0.555016	0.989185	0.998851	28.022071	0.997341	28.638841	0.529079	0.424491	0.820865	31.176699	0.578874	2114	4	10	26	16	2.043321	2.500000	277	283	533.328985	4.604552	0.030969	0.009417	-0.215043	-0.000084	-0.000127	0.021598	561.149359	4	10	-6	26	16	2.043321	2.500000	4	0	277	283	235	1.884555	4.604552	533.328985	0.030969	45139	21.352412	31.000946	256x256	65536	sparse	Meijering	277	4	26	2040	31.426306	0.618440	28.779246	0.997467	0.507481	0.603072	5	8	0.000000	33	1876	31.610518	0.649931	0.996974	28.110227	0.386147	0.527251	4509	32.281261	0.720125	0.998629	31.275524	0.302324	0.500404	-0.140405	-0.178581	-0.249607	-0.039565	True	0.517126	0.424491	0.737673	28.237114	0.998935	7850
7851.png	0.717787	0.419367	0.590921	0.420149	0.995579	0.999503	28.072866	0.997770	28.877076	0.384158	0.401004	0.577604	31.177503	0.582102	2334	5	10	29	20	2.030488	2.000000	328	333	562.016561	4.153538	0.023366	0.014410	-0.107446	0.000000	-0.000232	0.015501	573.612213	5	10	-5	29	20	2.030488	2.000000	5	0	328	333	279	1.687737	4.153538	562.016561	0.023366	45036	19.295630	28.078835	256x256	65536	sparse	Meijering	328	5	28	2294	31.485289	0.627311	29.209463	0.998002	0.368657	0.388903	8	0	0.700000	38	2276	31.820264	0.671679	0.997951	29.008762	0.354674	0.360448	4117	32.199834	0.707396	0.998752	31.569500	0.292596	0.386796	-0.332387	0.012101	-0.307787	-0.045209	True	0.694254	0.401004	0.703376	28.180312	0.999503	7851
7853.png	0.718944	0.415040	0.586612	0.415340	0.998261	0.999504	27.842969	0.997577	28.641042	0.383948	0.353382	0.716243	30.125194	0.524941	2400	5	19	46	27	2.086420	3.800000	324	338	595.611080	4.337130	0.036637	0.011740	-0.088368	-0.000020	-0.000263	0.002617	595.320940	5	19	-14	46	27	2.086420	3.800000	5	0	324	338	251	1.762163	4.337130	595.611080	0.036637	45963	19.151250	27.306667	256x256	65536	sparse	Meijering	324	5	26	2321	30.620621	0.587601	28.862032	0.997840	0.381331	0.309893	11	3	0.000000	29	2358	30.838320	0.634314	0.997229	27.942107	0.303485	0.359827	3949	31.214639	0.669898	0.998531	30.637994	0.243376	0.388027	-0.220990	0.043489	-0.495427	-0.062660	True	0.493383	0.353382	0.707204	27.931337	0.999524	7853
7854.png	0.761605	0.612409	0.759620	0.613820	0.996262	0.999032	27.258025	0.997484	27.831675	0.562117	0.510458	0.942511	30.598414	0.554648	2337	4	14	37	21	2.064725	3.500000	309	319	658.562049	4.518957	0.025051	-0.002557	-0.152766	-0.000027	-0.000145	0.006646	637.261629	4	14	-10	37	21	2.064725	3.500000	4	0	309	319	251	2.064458	4.518957	658.562049	0.025051	45767	19.583654	28.042790	256x256	65536	sparse	Otsu	309	4	26	2325	30.920815	0.606219	28.064575	0.997630	0.555470	0.612485	5	5	0.000000	31	2100	31.107674	0.641037	0.997150	27.300512	0.510458	0.552399	4019	31.575836	0.684553	0.998561	30.293688	0.413354	0.546641	-0.232900	-0.102026	-0.322401	-0.051571	True	0.541594	0.510458	0.764162	27.410791	0.999059	7854
7855.png	0.666482	0.491233	0.658828	0.494071	0.988443	0.999264	27.639244	0.997249	28.014763	0.413657	0.450090	0.666777	29.920333	0.527678	2690	4	28	64	27	2.132964	7.000000	361	385	695.660524	4.088203	0.037019	0.011465	0.044132	-0.000034	-0.000252	0.020832	601.346970	4	28	-24	64	27	2.132964	7.000000	4	0	361	385	270	1.806910	4.088203	695.660524	0.037019	46118	17.144238	24.362825	256x256	65536	sparse	Meijering	361	4	27	2637	30.480284	0.598126	28.218785	0.997502	0.392825	0.391260	11	3	0.000000	30	2632	30.766609	0.648355	0.996984	27.409220	0.492115	0.394529	3390	30.897461	0.640776	0.998173	29.930345	0.372150	0.384802	-0.204022	0.058830	-0.559951	-0.070448	True	0.675023	0.450090	0.655017	27.595113	0.999298	7855
7856.png	0.702012	0.672110	0.803907	0.699434	0.945070	0.997514	28.702241	0.996139	29.318651	0.596636	0.631200	0.806770	31.741492	0.613509	2349	4	14	30	15	2.059880	3.500000	334	344	628.089470	4.395439	0.033209	0.010324	-0.675708	-0.000396	-0.000350	0.020107	575.438738	4	14	-10	30	15	2.059880	3.500000	4	1	334	344	289	1.825841	4.395439	628.089470	0.033209	44447	18.921669	27.899532	256x256	65536	sparse	Meijering	334	4	31	2320	32.159126	0.656586	29.681829	0.996490	0.576529	0.448043	14	19	0.000000	42	2202	32.366633	0.692246	0.996127	29.362725	0.140699	0.581077	3780	32.644174	0.718502	0.997682	31.510877	0.092766	0.556942	-0.363178	0.183156	-0.417634	-0.043077	True	0.782379	0.631200	0.691688	29.377949	0.997910	7856
7857.png	0.736681	0.629449	0.772591	0.631370	0.995190	0.998555	28.321230	0.996342	28.570393	0.572470	0.413912	0.682169	30.356625	0.548065	2585	5	9	23	18	2.024242	1.800000	330	334	641.159421	4.348375	0.031913	0.023215	-0.282145	-0.000099	-0.000326	0.024938	578.193903	5	9	-4	23	18	2.024242	1.800000	5	0	330	334	289	1.919639	4.348375	641.159421	0.031913	45719	17.686267	25.352418	256x256	65536	sparse	Meijering	330	5	28	2535	30.902320	0.611280	29.009733	0.996668	0.547532	0.644774	8	15	0.000000	33	2582	31.130836	0.659209	0.995876	28.207684	0.299380	0.527803	3687	31.324726	0.666824	0.997531	30.206587	0.202670	0.576563	-0.439341	-0.230861	-0.545695	-0.063215	True	0.606759	0.413912	0.713466	28.603375	0.998654	7857
7858.png	0.641727	0.441695	0.612744	0.450995	0.955393	0.999195	27.321530	0.997431	28.167432	0.395198	0.370118	0.641632	30.177577	0.526894	2445	5	27	64	27	2.128655	5.400000	342	364	663.734742	4.268984	0.034072	0.009992	-0.581075	-0.000220	-0.000219	0.020772	611.296177	5	27	-22	64	27	2.128655	5.400000	5	2	342	364	251	1.823447	4.268984	663.734742	0.034072	45909	18.776687	26.804090	256x256	65536	sparse	Meijering	342	5	27	2367	30.712533	0.592584	28.500541	0.997650	0.374426	0.550671	5	2	1.000000	32	2364	30.969207	0.642263	0.997525	28.132749	0.359176	0.359740	3651	31.162429	0.658097	0.998229	29.964787	0.329680	0.385616	-0.333108	-0.180553	-0.534957	-0.065690	True	0.576838	0.370118	0.631734	27.902605	0.999415	7858
7859.png	0.659623	0.629232	0.772428	0.643690	0.965535	0.998507	28.001034	0.996442	28.130403	0.556876	0.441965	0.733178	30.665748	0.576654	2468	4	22	47	19	2.114286	5.500000	315	333	634.698521	4.203506	0.039349	0.018500	-0.543433	-0.000305	-0.000526	0.041101	646.575689	4	22	-18	47	19	2.114286	5.500000	4	1	315	333	249	1.906002	4.203506	634.698521	0.039349	45187	18.309157	26.554295	256x256	65536	sparse	Otsu	315	4	29	2425	31.416246	0.630400	28.921830	0.996968	0.515775	0.397190	13	11	0.000000	38	2448	31.710231	0.675762	0.996537	28.476170	0.294897	0.526731	3728	31.923775	0.690732	0.997950	30.957986	0.316139	0.522587	-0.791426	0.044774	-0.750499	-0.053746	True	0.602807	0.441965	0.641123	28.544467	0.998812	7859
7860.png	0.708266	0.619682	0.765189	0.629706	0.974954	0.998517	28.188101	0.996115	28.834332	0.602876	0.511475	0.689030	31.350790	0.600649	2655	4	27	62	27	2.124661	6.750000	369	392	745.738200	4.785198	0.036925	-0.006367	-0.581971	-0.000288	-0.000365	0.004641	732.134104	4	27	-23	62	27	2.124661	6.750000	4	0	369	392	280	1.902393	4.785198	745.738200	0.036925	44896	16.909981	24.683992	256x256	65536	sparse	Otsu	369	4	31	2546	31.771093	0.650227	29.306194	0.996480	0.598235	0.622808	8	11	0.000000	42	2638	32.123424	0.700401	0.996256	29.147327	0.431234	0.587786	3451	32.141701	0.693815	0.997606	31.131381	0.304224	0.597654	-0.471862	-0.111333	-0.420302	-0.049578	True	0.742311	0.511475	0.714633	28.770072	0.998805	7860
7861.png	0.553763	0.437904	0.609086	0.456758	0.913858	0.999086	28.367867	0.997128	29.192360	0.365269	0.220086	0.307234	31.418249	0.594378	2262	6	27	64	29	2.130435	4.500000	322	343	679.694384	4.167369	0.030313	0.010271	-0.387682	-0.000165	-0.000382	0.008100	646.704674	6	27	-21	64	29	2.130435	4.500000	6	1	322	343	229	1.981616	4.167369	679.694384	0.030313	44726	19.772767	28.972591	256x256	65536	sparse	Meijering	322	6	29	2216	31.805919	0.638566	29.591873	0.997511	0.357170	0.265330	12	1	0.500000	39	2084	32.113603	0.673309	0.997461	29.424644	0.207450	0.327470	4035	32.421804	0.715323	0.998371	31.489990	0.203297	0.346786	-0.399513	-0.045244	-0.387670	-0.044187	True	0.716346	0.220086	0.543493	28.755550	0.999250	7861
7862.png	0.534759	0.401675	0.573136	0.405068	0.979575	0.999321	27.928925	0.996674	28.539213	0.259247	0.189416	0.308867	30.542284	0.551281	2848	13	35	87	50	2.107317	2.692308	410	432	874.570252	3.484875	0.043305	0.005802	-0.760561	-0.000136	-0.000737	0.003841	631.099939	13	35	-22	87	50	2.107317	2.692308	13	1	410	432	273	2.024468	3.484875	874.570252	0.043305	45370	15.930478	23.011236	256x256	65536	sparse	Meijering	410	13	32	2811	31.274104	0.626772	29.398560	0.997411	0.255405	0.232026	10	1	0.884615	39	2682	31.633878	0.673301	0.997425	29.449842	0.355964	0.253378	3336	31.539696	0.662761	0.997831	30.259934	0.189416	0.248227	-0.859347	-0.042611	-0.731820	-0.075491	True	0.613259	0.189416	0.528958	28.689486	0.999457	7862
7863.png	0.662321	0.502606	0.668979	0.507710	0.980392	0.999293	27.751224	0.997424	28.266641	0.434669	0.258193	0.416335	30.201383	0.529631	2392	4	27	61	26	2.143750	6.750000	320	343	704.143301	4.475624	0.038020	0.011758	-0.112381	-0.000103	-0.000182	0.014586	627.035141	4	27	-23	61	26	2.143750	6.750000	4	0	320	343	233	2.052896	4.475624	704.143301	0.038020	45890	19.184783	27.397993	256x256	65536	sparse	Meijering	320	4	26	2358	30.635423	0.591189	28.523694	0.997606	0.420083	0.340320	10	4	0.000000	30	2256	30.889941	0.634935	0.997227	27.869417	0.314769	0.404207	3884	31.242198	0.664044	0.998410	30.625044	0.347319	0.414350	-0.257053	-0.082126	-0.434040	-0.061558	True	0.620158	0.258193	0.650563	27.863605	0.999395	7863
7864.png	0.649469	0.606231	0.754849	0.613141	0.981750	0.998409	28.552535	0.996792	29.012197	0.466689	0.380264	0.484031	31.102658	0.581652	2508	5	20	51	25	2.086705	4.000000	346	361	679.771686	4.049083	0.035668	0.012921	-0.473577	-0.000266	-0.000303	0.010437	607.586145	5	20	-15	51	25	2.086705	4.000000	5	0	346	361	270	1.883024	4.049083	679.771686	0.035668	44974	17.932217	26.130781	256x256	65536	sparse	Meijering	346	5	30	2453	31.572179	0.635126	29.391718	0.997095	0.456252	0.345763	14	5	0.000000	41	2474	31.896557	0.679382	0.996986	29.229594	0.168239	0.450432	3585	32.023346	0.690943	0.998022	31.110521	0.157949	0.441714	-0.379521	0.034501	-0.469521	-0.053474	True	0.785619	0.380264	0.636548	29.026112	0.998675	7864
7865.png	0.696310	0.539322	0.700727	0.539906	0.997997	0.999062	28.017136	0.996988	28.425643	0.470588	0.416085	0.631674	30.913808	0.570944	2433	5	11	28	21	2.035608	2.200000	337	343	626.080815	3.955772	0.028012	0.035128	-0.177010	-0.000049	-0.000316	0.029189	561.095238	5	11	-6	28	21	2.035608	2.200000	5	0	337	343	288	1.825308	3.955772	626.080815	0.028012	45314	18.624743	26.936293	256x256	65536	sparse	Meijering	337	5	29	2422	31.380019	0.626741	28.908354	0.997304	0.441399	0.455289	8	5	0.000000	37	2366	31.632904	0.669444	0.997113	28.513740	0.244216	0.423160	3816	31.874028	0.691299	0.998213	30.641088	0.351988	0.433574	-0.482712	-0.039204	-0.466211	-0.055797	True	0.658702	0.416085	0.661182	28.194146	0.999112	7865
7866.png	0.695447	0.536908	0.698686	0.545393	0.971839	0.998686	27.482948	0.996698	28.181650	0.527218	0.337879	0.600680	30.121672	0.532485	2356	6	7	20	20	2.006452	1.166667	310	311	599.024149	4.394347	0.027493	0.004897	-0.142684	-0.000085	-0.000073	-0.004347	584.238529	6	7	-1	20	20	2.006452	1.166667	6	0	310	311	270	1.926123	4.394347	599.024149	0.027493	45963	19.508913	27.816638	256x256	65536	sparse	Meijering	310	6	25	2249	30.571688	0.588929	28.345981	0.996770	0.531565	0.375566	11	3	0.000000	30	2264	30.840289	0.635602	0.996096	27.650322	0.179904	0.519546	3931	31.228837	0.667301	0.997987	30.304256	0.175954	0.523236	-0.164331	-0.037686	-0.450015	-0.056444	True	0.562495	0.337879	0.690550	27.625632	0.998771	7866
7867.png	0.773678	0.590176	0.742277	0.591873	0.995163	0.998925	27.888196	0.997324	28.410036	0.561782	0.433342	0.682373	31.125299	0.584088	2362	4	2	7	11	1.987461	0.500000	319	317	610.419383	4.455364	0.019346	0.002534	0.010773	-0.000027	-0.000134	0.005547	615.140676	4	2	2	7	11	1.987461	0.500000	4	0	319	317	301	1.925613	4.455364	610.419383	0.019346	45195	19.134208	27.745978	256x256	65536	sparse	Meijering	319	4	27	2202	31.432834	0.626176	28.559032	0.997458	0.556234	0.569521	7	8	0.000000	37	2284	31.701885	0.671486	0.997337	28.349476	0.424203	0.554957	3914	32.023256	0.697619	0.998590	31.065341	0.401810	0.550251	-0.148996	-0.136179	-0.307535	-0.042088	True	0.635052	0.433342	0.771144	27.877423	0.998952	7867
7868.png	0.798691	0.406894	0.578429	0.406894	1.000000	0.999560	27.426237	0.997746	28.378985	0.415575	0.405479	0.683281	31.227255	0.585647	2396	5	18	43	22	2.082803	3.600000	314	327	597.751963	4.317688	0.031233	-0.010794	0.003090	-0.000007	-0.000271	0.007557	622.083664	5	18	-13	43	22	2.082803	3.600000	5	0	314	327	249	1.827988	4.317688	597.751963	0.031233	45115	18.829299	27.352254	256x256	65536	sparse	Meijering	314	5	29	2333	31.569084	0.632393	28.730471	0.998017	0.408018	0.528577	5	0	1.000000	41	2310	31.902882	0.674807	0.997945	28.561990	0.467408	0.412889	3643	32.085086	0.691532	0.998740	30.992730	0.632121	0.405021	-0.351486	-0.123098	-0.341829	-0.046746	True	0.593430	0.405479	0.809484	27.423148	0.999567	7868
7869.png	0.718506	0.465030	0.634840	0.468378	0.984858	0.999262	27.510838	0.997203	28.206234	0.483630	0.415129	0.836498	30.387632	0.552902	2642	5	14	32	20	2.052326	2.800000	344	353	656.593276	4.525593	0.034145	-0.023593	-0.256127	-0.000080	-0.000212	-0.006824	617.038012	5	14	-9	32	20	2.052326	2.800000	5	0	344	353	292	1.860038	4.525593	656.593276	0.034145	45825	17.344815	24.805450	256x256	65536	sparse	Meijering	344	5	28	2625	30.897369	0.615302	28.504958	0.997416	0.490454	0.397864	11	4	0.000000	33	2454	31.138270	0.659351	0.996826	27.733807	0.417252	0.479662	3522	31.314694	0.662299	0.998175	30.081493	0.328101	0.485929	-0.298724	0.017264	-0.509737	-0.062400	True	0.496270	0.415129	0.742099	27.766964	0.999342	7869
7870.png	0.616729	0.465101	0.634906	0.467769	0.987883	0.999161	27.870554	0.996639	28.481189	0.396836	0.361792	0.543672	31.140218	0.584078	2535	7	26	64	37	2.109195	3.714286	348	367	726.686204	4.303668	0.038906	0.011870	-0.477348	-0.000081	-0.000511	0.025080	650.723457	7	26	-19	64	37	2.109195	3.714286	7	0	348	367	247	1.980071	4.303668	726.686204	0.038906	44983	17.744773	25.852465	256x256	65536	sparse	Meijering	348	7	31	2529	31.622194	0.637838	29.087134	0.997150	0.371756	0.456649	8	5	0.000000	41	2424	31.962106	0.680851	0.996934	29.028833	0.388598	0.362133	3484	32.035775	0.687200	0.998103	30.952010	0.331592	0.384148	-0.605945	-0.094857	-0.481975	-0.053760	True	0.665460	0.361792	0.604859	28.347902	0.999241	7870
7871.png	0.535971	0.505414	0.671462	0.513303	0.970490	0.999038	27.841688	0.996963	28.661408	0.378944	0.303591	0.404290	31.463364	0.601935	2411	4	17	36	23	2.072423	4.250000	359	372	731.509863	4.638769	0.026222	-0.004667	-0.680399	-0.000273	-0.000361	0.000086	701.260805	4	17	-13	36	23	2.072423	4.250000	4	0	359	372	300	1.966424	4.638769	731.509863	0.026222	44814	18.587308	27.182082	256x256	65536	sparse	Otsu	359	4	30	2381	31.792853	0.644833	29.172394	0.997323	0.378858	0.347863	8	0	0.500000	42	2252	32.138890	0.683157	0.997130	28.989960	0.280422	0.360057	3711	32.377388	0.706235	0.998282	31.393662	0.237468	0.379567	-0.510986	-0.044272	-0.329489	-0.042897	True	0.750925	0.303591	0.540638	28.522087	0.999312	7871
7872.png	0.742739	0.423768	0.595277	0.424616	0.995309	0.999398	28.144171	0.997406	29.082162	0.404107	0.520152	0.890927	31.299438	0.594419	2338	5	15	35	19	2.062305	3.000000	321	331	563.102435	4.529599	0.030175	-0.009216	-0.144369	-0.000022	-0.000212	0.008510	576.607704	5	15	-10	35	19	2.062305	3.000000	5	1	321	331	267	1.701216	4.529599	563.102435	0.030175	44865	19.189478	28.030796	256x256	65536	sparse	Meijering	321	5	29	2279	31.756247	0.638555	29.384191	0.997618	0.395597	0.453926	8	1	0.700000	40	2302	32.070982	0.682650	0.997482	29.168602	0.415955	0.372248	3883	32.271049	0.706487	0.998359	31.334234	0.322943	0.384333	-0.302029	0.066226	-0.456809	-0.044137	True	0.583832	0.520152	0.751955	28.288540	0.999421	7872
7873.png	0.591852	0.435447	0.606706	0.437117	0.991304	0.999365	27.224795	0.997378	27.848158	0.380406	0.209429	0.332281	30.238318	0.534180	2335	6	24	56	29	2.115016	4.000000	313	331	594.736565	4.454483	0.032947	-0.004389	0.088065	-0.000023	-0.000223	0.007323	604.292631	6	24	-18	56	29	2.115016	4.000000	6	0	313	331	228	1.796787	4.454483	594.736565	0.032947	45854	19.637687	28.066809	256x256	65536	sparse	Meijering	313	6	25	2146	30.689123	0.587464	28.086337	0.997601	0.373083	0.276487	11	2	0.000000	31	2250	30.949506	0.637000	0.997263	27.695719	0.288230	0.349310	3969	31.324177	0.671183	0.998400	30.180351	0.280523	0.374473	-0.238179	-0.067058	-0.450805	-0.053284	True	0.630277	0.209429	0.596241	27.136730	0.999388	7873
7874.png	0.629256	0.542215	0.703164	0.558436	0.949153	0.998565	27.505620	0.997318	28.218720	0.441212	0.295952	0.468190	30.368915	0.537649	2265	6	14	38	26	2.050157	2.333333	319	327	664.882348	4.154280	0.032698	0.004100	-0.451086	-0.000151	-0.000285	-0.005181	646.290779	6	14	-8	38	26	2.050157	2.333333	6	0	319	327	255	2.033279	4.154280	664.882348	0.032698	45790	20.216336	28.934216	256x256	65536	sparse	Meijering	319	6	26	2254	30.790597	0.593906	28.552781	0.997604	0.446393	0.371516	9	0	0.750000	31	2228	31.010930	0.637278	0.997054	27.756459	0.393469	0.434661	3981	31.435019	0.678746	0.998410	30.562523	0.299096	0.425269	-0.334061	-0.075564	-0.421682	-0.056257	True	0.632121	0.295952	0.625156	27.956706	0.998716	7874
7875.png	0.784049	0.507763	0.673531	0.509561	0.993099	0.999251	27.403117	0.997283	28.042699	0.515570	0.490480	0.733385	30.826834	0.568918	2343	5	9	23	18	2.025723	1.800000	311	315	557.479257	4.554767	0.031179	0.009280	-0.062151	-0.000037	-0.000245	0.007959	616.049290	5	9	-4	23	18	2.025723	1.800000	5	0	311	315	270	1.769775	4.554767	557.479257	0.031179	45510	19.423816	27.970977	256x256	65536	sparse	Meijering	311	5	27	2209	31.199022	0.614779	28.257382	0.997528	0.507611	0.606235	5	3	0.000000	33	2182	31.437878	0.659029	0.997276	27.895598	0.698806	0.512394	3921	31.781075	0.687664	0.998581	30.875007	0.599197	0.501062	-0.214684	-0.115755	-0.372188	-0.045861	True	0.668789	0.490480	0.774769	27.465268	0.999288	7875
7876.png	0.532594	0.439242	0.610380	0.446909	0.962412	0.999083	28.476669	0.996683	29.233780	0.333454	0.198372	0.317554	31.741517	0.610926	2417	5	29	62	29	2.137536	5.800000	349	373	696.446726	3.955932	0.041441	0.015891	-0.712918	-0.000206	-0.000587	0.022294	612.122536	5	29	-24	62	29	2.137536	5.800000	5	1	349	373	258	1.867149	3.955932	696.446726	0.041441	44410	18.374017	27.114605	256x256	65536	sparse	Meijering	349	5	32	2367	32.201933	0.658602	29.956424	0.997270	0.311160	0.260415	12	0	0.000000	44	2346	32.489513	0.695069	0.997248	30.033126	0.233471	0.334787	3702	32.642601	0.717042	0.998143	31.551488	0.181981	0.321831	-0.722644	-0.062043	-0.460416	-0.047676	True	0.624689	0.198372	0.516702	29.189587	0.999289	7876
7877.png	0.638261	0.543545	0.704281	0.547308	0.987509	0.999019	28.191984	0.997190	28.681463	0.525651	0.394681	0.626203	30.979532	0.572194	2221	4	22	47	20	2.120401	5.500000	299	317	623.238504	4.687746	0.029522	-0.006250	0.102454	-0.000045	-0.000153	0.014112	682.016373	4	22	-18	47	20	2.120401	5.500000	4	1	299	317	232	1.966052	4.687746	623.238504	0.029522	45275	20.384962	29.507429	256x256	65536	sparse	Otsu	299	4	27	2183	31.309064	0.617407	28.750670	0.997343	0.511538	0.509058	7	7	0.000000	36	2156	31.567913	0.659456	0.996913	28.244494	0.382590	0.516154	4227	32.042604	0.705568	0.998462	31.265575	0.256956	0.503840	-0.069207	-0.114376	-0.329532	-0.045214	True	0.630277	0.394681	0.644510	28.089530	0.999064	7877
7878.png	0.675919	0.417748	0.589312	0.418482	0.995819	0.999538	27.309914	0.997720	28.115889	0.360420	0.321588	0.557501	30.050553	0.525898	2590	5	31	59	25	2.151603	6.200000	343	369	641.610107	4.262732	0.038168	0.010757	-0.123572	-0.000019	-0.000236	0.003077	603.204489	5	31	-26	59	25	2.151603	6.200000	5	2	343	369	259	1.738781	4.262732	641.610107	0.038168	46028	17.771429	25.303475	256x256	65536	sparse	Meijering	343	5	27	2531	30.570802	0.594566	28.503853	0.997957	0.357344	0.422225	7	2	0.800000	30	2510	30.841997	0.643436	0.997672	27.781488	0.402072	0.359452	3656	31.053753	0.653182	0.998465	29.846025	0.344412	0.352776	-0.387964	-0.100638	-0.520249	-0.068668	True	0.576838	0.321588	0.665162	27.433486	0.999557	7878
7879.png	0.799577	0.572146	0.727854	0.572557	0.998747	0.999165	27.304554	0.997200	27.828025	0.647882	0.632121	1.179197	30.119117	0.531089	2326	4	19	42	20	2.103806	4.750000	289	304	637.598377	4.504408	0.032112	-0.007346	0.178363	0.000024	0.000059	0.021086	624.446869	4	19	-15	42	20	2.103806	4.750000	4	0	289	304	227	2.097363	4.504408	637.598377	0.032112	46082	19.811694	28.175408	256x256	65536	sparse	Otsu	289	4	24	2178	30.473107	0.581346	27.754707	0.997141	0.626796	0.621674	5	8	0.000000	29	2150	30.702631	0.628415	0.996684	27.174189	0.454315	0.627423	4078	31.161771	0.668326	0.998407	30.313327	0.524077	0.628592	0.073318	0.010446	-0.353990	-0.050257	True	0.536060	0.632121	0.806923	27.126191	0.999141	7879
7881.png	0.519865	0.359628	0.529009	0.361371	0.986767	0.999442	27.746605	0.996500	28.403329	0.249656	0.147856	0.249155	30.668626	0.556073	2635	8	26	61	34	2.097561	3.250000	369	387	726.416537	3.988387	0.035609	0.012066	-0.543522	-0.000077	-0.000682	0.013588	624.868155	8	26	-18	61	34	2.097561	3.250000	8	2	369	387	274	1.877045	3.988387	726.416537	0.035609	45339	17.206452	24.871347	256x256	65536	sparse	Meijering	369	8	31	2623	31.326460	0.625036	29.240882	0.997183	0.236068	0.219072	11	1	0.562500	38	2530	31.591620	0.670050	0.997138	29.052658	0.201177	0.225684	3527	31.688950	0.672724	0.997915	30.822372	0.124827	0.232260	-0.837553	-0.071216	-0.657834	-0.068963	True	0.593430	0.147856	0.507799	28.290127	0.999519	7881
7882.png	0.624200	0.425000	0.596491	0.426778	0.990291	0.999399	27.760211	0.996822	28.071209	0.444060	0.355964	0.630223	29.948386	0.520960	2442	5	16	42	22	2.065089	3.200000	338	349	677.155863	4.533538	0.034389	-0.013743	-0.132376	-0.000049	-0.000341	0.021063	646.509409	5	16	-11	42	22	2.065089	3.200000	5	1	338	349	274	1.940275	4.533538	677.155863	0.034389	46036	18.851761	26.837019	256x256	65536	sparse	Meijering	338	5	26	2381	30.511234	0.586432	28.493995	0.997163	0.422997	0.328338	10	1	0.500000	30	2398	30.765727	0.637466	0.996672	27.827014	0.227920	0.414057	3686	31.030864	0.653845	0.998071	29.907714	0.296554	0.437956	-0.422786	0.027626	-0.562848	-0.065472	True	0.564822	0.355964	0.637943	27.892588	0.999448	7882
7883.png	0.666391	0.430868	0.602247	0.434184	0.982585	0.999531	26.789020	0.998037	27.782636	0.373431	0.351656	0.747259	30.408932	0.542521	2252	8	9	33	27	2.006920	1.125000	289	290	553.037695	4.246458	0.038202	0.006076	-0.145795	-0.000054	-0.000182	0.003645	601.807833	8	9	-1	33	27	2.006920	1.125000	8	0	289	290	229	1.907027	4.246458	553.037695	0.038202	45795	20.335258	29.101243	256x256	65536	sparse	Meijering	289	8	26	2237	30.851981	0.596848	28.015224	0.998219	0.369785	0.318090	7	1	0.437500	30	2100	31.015732	0.634044	0.998005	27.568070	0.442337	0.361685	4276	31.586120	0.689519	0.999063	31.052102	0.262877	0.373836	-0.232588	0.033566	-0.443049	-0.054327	True	0.470594	0.351656	0.660315	26.934816	0.999586	7883
7884.png	0.594519	0.492702	0.660148	0.495635	0.988133	0.999027	28.023434	0.996966	28.801781	0.398255	0.239885	0.418951	31.547664	0.597920	2115	5	17	40	22	2.081356	3.400000	295	307	545.784997	4.616782	0.031547	0.005575	-0.455547	-0.000125	-0.000303	0.010159	613.379240	5	17	-12	40	22	2.081356	3.400000	5	0	295	307	233	1.777801	4.616782	545.784997	0.031547	44707	21.138061	30.986288	256x256	65536	sparse	Meijering	295	5	27	1942	31.848249	0.631703	29.234186	0.997269	0.388095	0.275170	11	3	0.000000	39	2106	32.165804	0.677226	0.997204	29.161650	0.423050	0.349603	4291	32.615039	0.727038	0.998363	31.647707	0.237825	0.384127	-0.432404	-0.035285	-0.300585	-0.033783	True	0.572585	0.239885	0.588944	28.478980	0.999153	7884
7885.png	0.540159	0.343238	0.511060	0.349322	0.951705	0.999306	27.835552	0.996648	28.584001	0.236906	0.254226	0.459796	30.659272	0.555535	2756	13	43	98	53	2.153846	3.307692	390	420	831.000280	3.662476	0.045539	-0.018352	-0.862687	-0.000221	-0.000822	-0.007098	648.650646	13	43	-30	98	53	2.153846	3.307692	13	1	390	420	239	1.978572	3.662476	831.000280	0.045539	45294	16.434688	23.779390	256x256	65536	sparse	Meijering	390	13	32	2705	31.392343	0.627731	29.586487	0.997469	0.244004	0.277473	8	1	0.807692	40	2588	31.708339	0.671814	0.997389	29.542200	0.395891	0.244004	3300	31.610478	0.661895	0.997913	30.633612	0.262467	0.244352	-1.002486	-0.023246	-0.733071	-0.072197	True	0.552912	0.254226	0.558511	28.698239	0.999527	7885
7886.png	0.531800	0.458623	0.628844	0.465463	0.968954	0.999256	27.396469	0.996920	28.176407	0.397741	0.178287	0.293328	30.406592	0.549828	2396	4	23	59	25	2.115152	5.750000	330	349	624.799695	3.829803	0.036549	0.018170	-0.628342	-0.000195	-0.000440	0.050017	653.495550	4	23	-19	59	25	2.115152	5.750000	4	1	330	349	246	1.790257	3.829803	624.799695	0.036549	45575	19.021285	27.352254	256x256	65536	sparse	Otsu	330	4	27	2320	31.021576	0.607088	28.811063	0.997360	0.347724	0.275302	10	2	0.000000	33	2264	31.290088	0.651071	0.996943	28.310293	0.311564	0.346546	3799	31.577565	0.678997	0.998280	30.675637	0.177013	0.380784	-0.634656	-0.097015	-0.614984	-0.057260	True	0.607807	0.178287	0.513630	28.024811	0.999451	7886
7887.png	0.802989	0.516298	0.680998	0.516506	0.999221	0.999584	27.424987	0.998085	27.733767	0.527547	0.712059	1.016780	29.986842	0.530631	2270	4	12	25	14	2.055556	3.000000	288	296	571.357194	4.245538	0.028994	-0.018115	-0.036465	-0.000007	-0.000128	-0.004660	562.781334	4	12	-8	25	14	2.055556	3.000000	4	1	288	296	249	1.930261	4.245538	571.357194	0.028994	46048	20.285463	28.870485	256x256	65536	sparse	Meijering	288	4	25	2255	30.572068	0.587545	27.994410	0.998212	0.532206	0.680181	4	3	0.000000	29	2042	30.792817	0.625029	0.997764	27.123936	0.575142	0.510861	4070	31.272648	0.673180	0.998988	30.418226	0.624689	0.520129	-0.260643	0.031878	-0.585225	-0.056914	True	0.700308	0.712059	0.821104	27.461452	0.999591	7887
7888.png	0.668605	0.483391	0.651737	0.484501	0.995283	0.999463	27.412588	0.997524	27.971646	0.390822	0.281730	0.444400	30.241215	0.532975	2413	6	20	49	28	2.085890	3.333333	326	340	601.104108	4.045442	0.032164	0.038074	0.187160	0.000009	-0.000161	0.031465	604.219437	6	20	-14	49	28	2.085890	3.333333	6	0	326	340	249	1.767953	4.045442	601.104108	0.032164	45886	19.016162	27.159552	256x256	65536	sparse	Meijering	326	6	26	2371	30.644616	0.593204	28.154285	0.997685	0.359357	0.252416	11	2	0.000000	29	2148	30.934115	0.631558	0.997614	27.919860	0.366910	0.347876	3801	31.278573	0.664085	0.998507	30.351286	0.265330	0.367394	-0.182639	0.029313	-0.403401	-0.060229	True	0.633955	0.281730	0.630531	27.225428	0.999453	7888
7889.png	0.700193	0.572371	0.728035	0.575025	0.992000	0.998831	28.178109	0.996542	28.413203	0.571429	0.666176	0.899315	30.960651	0.581833	2380	4	8	16	11	2.025478	2.000000	314	318	587.422323	4.550212	0.027687	-0.001734	-0.171516	-0.000069	-0.000288	0.010647	579.822063	4	8	-4	16	11	2.025478	2.000000	4	1	314	318	287	1.847240	4.550212	587.422323	0.027687	45128	18.961345	27.536134	256x256	65536	sparse	Meijering	314	4	28	2368	31.417597	0.629600	28.867423	0.996829	0.560782	0.687557	6	8	0.000000	38	2368	31.764348	0.674094	0.996569	28.647925	0.431898	0.552032	3756	31.996371	0.692626	0.998048	31.032258	0.332864	0.576657	-0.454221	-0.021381	-0.456946	-0.047767	True	0.740760	0.666176	0.701928	28.349625	0.998900	7889
7890.png	0.808110	0.648515	0.786787	0.648783	0.999364	0.999040	27.975875	0.997482	28.398342	0.654036	0.740760	1.127503	31.652093	0.609396	2125	4	7	21	16	2.022059	1.750000	272	275	529.321325	4.590764	0.024078	-0.002046	-0.262802	-0.000065	-0.000232	0.008555	565.943480	4	7	-3	21	16	2.022059	1.750000	4	0	272	275	235	1.924805	4.590764	529.321325	0.024078	44746	21.056941	30.840471	256x256	65536	sparse	Otsu	272	4	28	2098	31.925541	0.643201	28.787383	0.997714	0.645481	0.701803	4	3	0.000000	41	2116	32.222658	0.680519	0.997737	28.886581	0.724729	0.636401	4271	32.630329	0.726036	0.998882	31.761080	0.639405	0.608086	-0.389040	0.038957	-0.273448	-0.033805	True	0.656991	0.740760	0.810156	28.238677	0.999105	7890
7891.png	0.631981	0.581597	0.735455	0.585878	0.987592	0.998753	27.866768	0.995722	28.428828	0.510470	0.361997	0.550036	31.128727	0.597178	2820	5	16	33	20	2.058511	3.200000	376	387	689.653216	4.827583	0.027265	-0.011050	-0.467891	-0.000155	-0.000657	-0.001798	695.082426	5	16	-11	33	20	2.058511	3.200000	5	0	376	387	323	1.782050	4.827583	689.653216	0.027265	45190	16.024823	23.239716	256x256	65536	sparse	Otsu	376	5	32	2774	31.645237	0.654129	28.914109	0.996379	0.512268	0.457067	13	10	0.000000	40	2624	31.890404	0.693452	0.995996	28.664744	0.365739	0.476554	3308	31.867287	0.680507	0.997041	30.097346	0.346038	0.500953	-0.485281	-0.095070	-0.516510	-0.056951	True	0.658133	0.361997	0.643031	28.334659	0.998908	7891
7892.png	0.560185	0.603158	0.752463	0.612622	0.975028	0.998786	27.392010	0.997306	27.784478	0.423264	0.230049	0.425967	30.293231	0.542924	2400	5	13	28	20	2.052805	2.600000	303	311	622.028747	4.345331	0.030483	0.006792	-0.044285	-0.000056	-0.000120	0.021939	564.574003	5	13	-8	28	20	2.052805	2.600000	5	0	303	311	255	2.000092	4.345331	622.028747	0.030483	45915	19.131250	27.306667	256x256	65536	sparse	Meijering	303	5	26	2335	30.724154	0.598378	27.953778	0.997426	0.401325	0.210417	16	2	0.000000	32	2336	30.972391	0.643427	0.997115	27.635299	0.360776	0.400628	3873	31.326315	0.666697	0.998472	30.461938	0.311564	0.414430	-0.169300	0.019632	-0.430923	-0.055455	True	0.540063	0.230049	0.553393	27.436295	0.998842	7892
7893.png	0.591650	0.508530	0.674206	0.513375	0.981780	0.998893	27.678415	0.997538	28.420821	0.370194	0.314998	0.529361	30.889148	0.566693	2183	5	13	31	21	2.054795	2.600000	292	300	517.049317	4.744026	0.026545	0.025861	-0.115644	-0.000034	-0.000175	0.020982	596.131325	5	13	-8	31	21	2.054795	2.600000	5	0	292	300	240	1.723498	4.744026	517.049317	0.026545	45354	20.775996	30.021072	256x256	65536	sparse	Meijering	292	5	26	2157	31.144998	0.610777	28.665536	0.997713	0.349212	0.314894	11	3	0.000000	34	2136	31.493371	0.654496	0.997376	28.312536	0.276956	0.361406	4367	32.003266	0.707126	0.998712	31.386828	0.248403	0.357744	-0.244715	0.000104	-0.255850	-0.044083	True	0.595053	0.314998	0.565789	27.794059	0.998926	7893
7894.png	0.588961	0.524657	0.688230	0.528379	0.986750	0.999023	28.145554	0.997417	28.833408	0.378267	0.456649	0.668238	31.671321	0.609003	2255	5	11	28	19	2.039216	2.200000	306	312	578.232744	4.309029	0.029060	0.023829	-0.359073	-0.000075	-0.000178	0.025392	597.010136	5	11	-6	28	19	2.039216	2.200000	5	0	306	312	259	1.853310	4.309029	578.232744	0.029060	44634	19.793348	29.062528	256x256	65536	sparse	Meijering	306	5	29	2161	32.006517	0.646999	29.198749	0.997595	0.352875	0.505397	5	2	0.000000	40	2036	32.257948	0.680021	0.997468	29.065478	0.441965	0.349141	4225	32.695394	0.727809	0.998614	31.882355	0.311564	0.364315	-0.365341	-0.048748	-0.335196	-0.037995	True	0.683363	0.456649	0.565132	28.504627	0.999098	7894
7895.png	0.707437	0.516750	0.681391	0.518969	0.991792	0.999171	27.534246	0.996504	28.360020	0.462113	0.361095	0.629701	31.419067	0.608885	2139	5	13	28	18	2.057762	2.600000	277	285	597.926074	4.944081	0.030049	-0.013711	-0.293263	-0.000064	-0.000187	-0.002096	607.362747	5	13	-8	28	18	2.057762	2.600000	5	0	277	285	231	2.097986	4.944081	597.926074	0.030049	44649	20.873773	30.638616	256x256	65536	sparse	Otsu	277	5	27	2044	31.848917	0.642621	28.636973	0.996691	0.464209	0.364494	9	3	0.000000	41	2064	32.208241	0.679473	0.996710	28.852553	0.303485	0.448103	4302	32.705641	0.730992	0.998327	31.805129	0.257534	0.466356	-0.276953	-0.003398	-0.429849	-0.033735	True	0.573439	0.361095	0.721148	27.827509	0.999234	7895
7896.png	0.770108	0.518337	0.682770	0.521800	0.987359	0.999024	28.257041	0.996677	28.704026	0.508439	0.462056	0.798676	30.952877	0.570698	2253	6	18	42	24	2.076433	3.000000	314	326	585.837529	4.417480	0.032310	-0.000600	-0.026619	-0.000057	-0.000295	0.001238	578.085661	6	18	-12	42	24	2.076433	3.000000	6	0	314	326	248	1.797048	4.417480	585.837529	0.032310	45192	20.058589	29.088327	256x256	65536	sparse	Meijering	314	6	27	2185	31.314017	0.617833	28.992404	0.996972	0.507201	0.466075	8	4	0.000000	34	2076	31.538262	0.654703	0.996415	28.378635	0.216677	0.477074	4210	32.062710	0.707427	0.998247	31.265993	0.144363	0.488162	-0.288378	-0.004019	-0.361140	-0.047134	True	0.578527	0.462056	0.770708	28.283659	0.999081	7896
7897.png	0.664694	0.650424	0.788190	0.658798	0.980831	0.998083	27.577474	0.996440	28.086079	0.534119	0.587581	0.809226	30.671266	0.557596	2209	4	8	19	14	2.027491	2.000000	291	295	592.335916	4.458832	0.030022	0.012068	-0.364226	-0.000276	-0.000358	0.015733	565.657377	4	8	-4	19	14	2.027491	2.000000	4	0	291	295	258	2.007918	4.458832	592.335916	0.030022	45474	20.585785	29.667723	256x256	65536	sparse	Meijering	291	4	26	2155	31.062591	0.605431	28.401128	0.996798	0.518386	0.620917	6	11	0.000000	31	2154	31.261766	0.646926	0.996061	27.825831	0.367453	0.514082	4229	31.795891	0.697921	0.998290	31.094969	0.316790	0.501782	-0.315049	-0.033336	-0.391325	-0.047834	True	0.726102	0.587581	0.652626	27.941699	0.998359	7897
7898.png	0.692364	0.434286	0.605578	0.435999	0.991035	0.999318	27.596228	0.997577	28.602911	0.385525	0.468169	0.643559	31.617702	0.608142	2289	4	12	33	20	2.051613	3.000000	310	318	550.020210	4.401830	0.027374	-0.002874	-0.528457	-0.000112	-0.000304	-0.004221	567.286491	4	12	-8	33	20	2.051613	3.000000	4	0	310	318	257	1.729623	4.401830	550.020210	0.027374	44706	19.530799	28.630843	256x256	65536	sparse	Meijering	310	4	30	2268	31.948982	0.647772	29.178786	0.997881	0.389745	0.468169	7	2	0.000000	40	2278	32.279888	0.690313	0.997751	29.003408	0.598280	0.355324	3919	32.564042	0.716871	0.998661	31.610946	0.378737	0.367515	-0.575875	0.000000	-0.331279	-0.039630	True	0.727468	0.468169	0.695238	28.124685	0.999430	7898
7899.png	0.695920	0.452988	0.623526	0.457177	0.980172	0.999268	28.352970	0.997268	28.647455	0.415965	0.245295	0.521246	30.109981	0.520968	2273	8	25	55	34	2.105590	3.125000	322	339	687.476814	3.869506	0.044629	-0.017921	0.043709	-0.000030	-0.000214	-0.001538	602.462053	8	25	-17	55	34	2.105590	3.125000	8	0	322	339	233	2.027955	3.869506	687.476814	0.044629	45874	20.182138	28.832380	256x256	65536	sparse	Meijering	322	8	26	2262	30.645021	0.584060	28.836532	0.997482	0.417503	0.293387	11	4	0.000000	28	2044	30.820210	0.618224	0.997081	28.238295	0.122880	0.394747	3998	31.266478	0.671123	0.998267	30.489153	0.092746	0.419228	-0.189077	-0.048092	-0.535040	-0.063092	True	0.470594	0.245295	0.713841	28.309261	0.999298	7899
7900.png	0.557026	0.489916	0.657642	0.491538	0.993309	0.999157	28.559141	0.996442	28.695122	0.408575	0.423691	0.672230	31.359728	0.591028	2451	5	33	68	27	2.160920	6.600000	348	376	696.641311	4.359058	0.030915	-0.022534	-0.307856	-0.000080	-0.000585	0.004969	651.205778	5	33	-28	68	27	2.160920	6.600000	5	1	348	376	253	1.852769	4.359058	696.641311	0.030915	44802	18.279070	26.738474	256x256	65536	sparse	Meijering	348	5	31	2356	31.796461	0.639394	29.407140	0.997027	0.403606	0.444880	7	1	0.800000	40	2218	32.084404	0.676454	0.996754	29.155888	0.373433	0.396837	3731	32.294986	0.702885	0.998007	31.190437	0.261955	0.390585	-0.712017	-0.021189	-0.436733	-0.048366	True	0.630277	0.423691	0.579560	28.866997	0.999237	7900
7901.png	0.505027	0.566524	0.723288	0.568557	0.993726	0.998895	27.938038	0.996851	28.276160	0.340387	0.185624	0.280357	30.629307	0.554795	2407	4	24	52	26	2.121581	6.000000	329	349	659.637250	4.305227	0.029421	-0.005862	-0.146073	-0.000086	-0.000337	-0.008859	605.447531	4	24	-20	52	26	2.121581	6.000000	4	0	329	349	251	1.890078	4.305227	659.637250	0.029421	45469	18.890320	27.227254	256x256	65536	sparse	Meijering	329	4	27	2363	31.035762	0.610344	28.636781	0.997188	0.349246	0.205466	14	1	0.000000	35	2356	31.368273	0.657288	0.996941	28.308367	0.359176	0.337760	3898	31.681986	0.685360	0.998202	30.845897	0.196477	0.333453	-0.360621	-0.019842	-0.406455	-0.055549	True	0.662098	0.185624	0.510889	28.084111	0.998981	7901
7902.png	0.701596	0.561194	0.718929	0.564565	0.989474	0.999006	27.819593	0.997126	28.474912	0.491356	0.317115	0.553830	31.190901	0.591909	2582	5	16	31	18	2.060274	3.200000	365	376	671.143098	4.175572	0.025430	0.001812	-0.320542	-0.000084	-0.000298	0.011543	638.962746	5	16	-11	31	18	2.060274	3.200000	5	1	365	376	316	1.784955	4.175572	671.143098	0.025430	45058	17.450813	25.381875	256x256	65536	sparse	Meijering	365	5	30	2471	31.601644	0.640988	28.835626	0.997424	0.479813	0.351988	13	4	0.000000	40	2360	31.913593	0.679864	0.997336	28.760081	0.318090	0.455485	3638	32.051042	0.690608	0.998396	31.064745	0.341073	0.470137	-0.360714	-0.034873	-0.410743	-0.049079	True	0.572585	0.317115	0.699784	28.140134	0.999090	7902
7903.png	0.506830	0.373567	0.543937	0.381981	0.944317	0.999071	28.153604	0.995744	29.075858	0.241060	0.248327	0.364236	31.407250	0.596640	2889	13	43	92	51	2.145278	3.307692	413	443	849.985982	3.661545	0.059235	-0.001853	-0.592491	-0.000191	-0.000928	0.002245	633.965731	13	43	-30	92	51	2.145278	3.307692	13	2	413	443	270	1.918704	3.661545	849.985982	0.059235	44666	15.460713	22.684666	256x256	65536	sparse	Meijering	413	13	35	2798	32.060122	0.658838	29.910079	0.996673	0.238815	0.290007	8	0	0.307692	45	2884	32.414600	0.710144	0.996890	30.141335	0.225637	0.236964	3205	32.261671	0.688015	0.997355	31.176300	0.157272	0.235421	-0.834222	-0.041679	-0.652872	-0.062198	True	0.681776	0.248327	0.508683	28.746095	0.999262	7903
7904.png	0.637807	0.410583	0.582147	0.422744	0.934527	0.999093	27.648129	0.996478	28.302151	0.421444	0.182756	0.290474	29.809469	0.525200	3516	12	41	96	52	2.115308	3.416667	503	532	1019.231219	3.440472	0.044153	-0.009765	-0.956254	-0.000258	-0.000782	0.029994	690.840483	12	41	-29	96	52	2.115308	3.416667	12	2	503	532	355	1.915848	3.440472	1019.231219	0.044153	45949	13.068544	18.639363	256x256	65536	sparse	Meijering	503	12	35	3481	30.891153	0.629975	29.277700	0.997260	0.391450	0.338897	13	3	0.708333	39	3506	31.273399	0.691609	0.997133	28.959540	0.202481	0.387715	594	30.073149	0.525193	0.995565	27.288783	0.545247	0.406477	-0.975549	-0.156141	-1.081684	-0.104775	True	0.629166	0.182756	0.647572	28.604384	0.999351	7904
7905.png	0.748958	0.494012	0.661323	0.494160	0.999394	0.999235	27.893773	0.995806	28.628094	0.509423	0.437039	0.579142	30.697156	0.565860	2540	4	13	35	21	2.052326	3.250000	344	353	696.202040	4.739513	0.034140	-0.014283	-0.194807	-0.000034	-0.000083	0.006877	687.847137	4	13	-9	35	21	2.052326	3.250000	4	0	344	353	288	1.972244	4.739513	696.202040	0.034140	45446	17.892126	25.801575	256x256	65536	sparse	Otsu	344	4	28	2484	31.147893	0.621871	28.834151	0.995889	0.502546	0.576838	7	3	0.000000	35	2392	31.392968	0.664285	0.995697	28.405590	0.384066	0.465109	3682	31.628709	0.679047	0.996851	30.405188	0.430692	0.489674	-0.206058	-0.139799	-0.450738	-0.056012	True	0.754633	0.437039	0.763242	28.088580	0.999269	7905
7906.png	0.811060	0.502812	0.669162	0.503757	0.996285	0.999366	26.939855	0.997683	27.821966	0.526652	0.430421	0.779092	30.749903	0.563024	2262	5	9	24	19	2.028169	1.800000	284	288	589.526265	4.441718	0.027571	0.003292	-0.226962	-0.000044	-0.000164	0.001304	605.564833	5	9	-4	24	19	2.028169	1.800000	5	0	284	288	241	2.046966	4.441718	589.526265	0.027571	45534	20.129973	28.972591	256x256	65536	sparse	Meijering	284	5	26	2183	31.078977	0.609414	28.074187	0.997847	0.525347	0.467408	6	3	0.000000	33	2216	31.337781	0.653989	0.997634	27.643287	0.573439	0.509384	4049	31.768654	0.690696	0.998811	30.688462	0.440102	0.516710	-0.252221	-0.036988	-0.329074	-0.046389	True	0.552465	0.430421	0.807768	27.166817	0.999410	7906
7907.png	0.601611	0.541163	0.702279	0.544246	0.989641	0.999088	27.909413	0.996910	28.631253	0.431827	0.322327	0.572438	31.252726	0.585640	2188	5	12	26	19	2.049123	2.400000	285	292	539.135278	4.872127	0.020939	-0.004431	-0.134330	-0.000063	-0.000153	0.012533	608.121157	5	12	-7	26	19	2.049123	2.400000	5	0	285	292	240	1.846354	4.872127	539.135278	0.020939	45010	20.571298	29.952468	256x256	65536	sparse	Otsu	285	5	27	2074	31.521230	0.623636	28.892608	0.997063	0.419294	0.278306	13	4	0.000000	36	2178	31.774557	0.669333	0.996683	28.457340	0.401004	0.394987	3959	32.201897	0.703453	0.998396	31.587002	0.236171	0.430524	-0.261355	0.044021	-0.268503	-0.037997	True	0.563078	0.322327	0.606042	28.043743	0.999151	7907
7908.png	0.665772	0.400859	0.572305	0.405590	0.971726	0.999284	27.020453	0.997500	28.161746	0.349644	0.351263	0.529720	29.911242	0.524797	2732	6	24	58	30	2.100279	4.000000	359	377	674.527042	4.044414	0.042923	0.007629	-0.520377	-0.000150	-0.000309	0.001818	595.638514	6	24	-18	58	30	2.100279	4.000000	6	0	359	377	271	1.789196	4.044414	674.527042	0.042923	46205	16.912518	23.988287	256x256	65536	sparse	Meijering	359	6	28	2716	30.556484	0.601214	28.489921	0.997809	0.347826	0.519695	6	1	0.500000	31	2518	30.768339	0.644234	0.997451	27.813822	0.496270	0.340683	3336	30.899573	0.639474	0.998418	30.043684	0.470065	0.351863	-0.328175	-0.168432	-0.645242	-0.076417	True	0.663110	0.351263	0.658143	27.540830	0.999434	7908
7909.png	0.583481	0.532223	0.694707	0.545050	0.957655	0.999066	27.922467	0.997233	28.399742	0.426029	0.382762	0.539735	30.767907	0.561300	2301	4	16	35	17	2.075472	4.000000	318	330	636.131422	4.276249	0.031362	-0.012151	-0.306452	-0.000139	-0.000228	-0.007045	599.808693	4	16	-12	35	17	2.075472	4.000000	4	1	318	330	266	1.927671	4.276249	636.131422	0.031362	45408	19.734029	28.481530	256x256	65536	sparse	Meijering	318	4	27	2236	31.162823	0.612308	28.662763	0.997461	0.433074	0.302324	11	3	0.000000	34	2202	31.443721	0.655078	0.997267	28.353856	0.318621	0.400816	4065	31.842914	0.695326	0.998561	31.106556	0.241826	0.411852	-0.263021	0.080438	-0.394916	-0.051008	True	0.709165	0.382762	0.595632	28.228920	0.999205	7909
7910.png	0.611718	0.670495	0.802750	0.682998	0.973424	0.998450	27.958544	0.997331	28.235660	0.479781	0.470594	0.679341	31.127354	0.584063	2225	4	11	27	17	2.048951	2.750000	286	293	533.346448	4.796102	0.030586	-0.021896	-0.162358	-0.000159	-0.000196	-0.021131	556.370974	4	11	-7	27	17	2.048951	2.750000	4	0	286	293	242	1.820295	4.796102	533.346448	0.030586	45150	20.292135	29.454382	256x256	65536	sparse	Meijering	286	4	27	2133	31.469577	0.624047	28.473723	0.997527	0.500913	0.436357	9	6	0.000000	36	2222	31.686041	0.669284	0.997237	28.008139	0.402228	0.479197	4159	32.189735	0.708387	0.998623	31.364988	0.293455	0.492521	-0.238063	0.034238	-0.342223	-0.039983	True	0.692721	0.470594	0.633614	28.120902	0.998609	7910
7911.png	0.669506	0.399454	0.570871	0.404762	0.968212	0.998709	27.854598	0.994588	28.268763	0.380235	0.286329	0.568774	30.396641	0.561197	3300	13	45	96	56	2.135021	3.461538	474	506	941.732347	3.381751	0.045962	-0.032735	-1.166077	-0.000403	-0.001598	0.000152	652.029514	13	45	-32	96	56	2.135021	3.461538	13	1	474	506	322	1.861131	3.381751	941.732347	0.045962	45270	13.718182	19.859394	256x256	65536	sparse	Meijering	474	13	37	3266	31.557495	0.648564	29.754371	0.996187	0.380083	0.324787	11	4	0.000000	42	2942	31.820793	0.691210	0.995883	29.373511	0.317050	0.389410	589	30.796069	0.562699	0.993857	27.671274	0.381217	0.395914	-1.485608	-0.038458	-1.160854	-0.087367	True	0.503415	0.286329	0.702241	29.020675	0.999112	7911
7912.png	0.606025	0.409204	0.580759	0.412959	0.978261	0.998806	27.927722	0.995268	28.486954	0.343490	0.261401	0.374068	30.478587	0.553663	3343	14	52	129	66	2.156379	3.714286	486	524	1031.181329	3.468350	0.052088	-0.000925	-0.976189	-0.000329	-0.001165	0.020165	661.430359	14	52	-38	129	66	2.156379	3.714286	14	1	486	524	291	1.967903	3.468350	1031.181329	0.052088	45423	13.587496	19.603949	256x256	65536	sparse	Meijering	486	14	36	3287	31.420779	0.644195	29.586662	0.996433	0.323325	0.295782	15	5	0.000000	42	3104	31.721224	0.692751	0.996276	29.545703	0.112498	0.351923	562	30.581890	0.551371	0.993889	27.546759	0.428791	0.361868	-1.099708	-0.034381	-0.942192	-0.090533	True	0.698806	0.261401	0.606950	28.903911	0.999135	7912
7914.png	0.671977	0.465478	0.635258	0.467963	0.988719	0.999250	27.495079	0.997298	28.253394	0.403042	0.277989	0.446347	31.299168	0.590287	2308	5	20	44	22	2.096774	4.000000	310	325	578.692722	4.283823	0.029402	-0.009808	-0.397117	-0.000070	-0.000395	0.000068	583.198309	5	20	-15	44	22	2.096774	4.000000	5	1	310	325	244	1.780593	4.283823	578.692722	0.029402	44891	19.450173	28.395147	256x256	65536	sparse	Meijering	310	5	29	2223	31.715297	0.634500	28.798781	0.997693	0.402974	0.387374	8	3	0.000000	41	2306	32.060834	0.682288	0.997786	28.982396	0.576838	0.391918	3873	32.268026	0.705546	0.998619	31.257705	0.447517	0.409299	-0.545387	-0.109385	-0.416128	-0.044213	True	0.622808	0.277989	0.681785	27.892196	0.999321	7914
7915.png	0.550756	0.351409	0.520063	0.355937	0.965058	0.999264	27.969317	0.996199	28.887084	0.289740	0.195696	0.299438	30.941237	0.573114	3020	10	37	85	43	2.125290	3.700000	431	458	834.196467	3.605435	0.050250	0.060883	-0.925883	-0.000191	-0.000859	0.049175	613.945961	10	37	-27	85	43	2.125290	3.700000	10	1	431	458	303	1.821390	3.605435	834.196467	0.050250	45099	14.933444	21.700662	256x256	65536	sparse	Meijering	431	10	35	3001	31.683826	0.647806	29.898071	0.997058	0.240565	0.181269	16	3	0.000000	42	2702	31.918313	0.686446	0.996774	29.620379	0.142156	0.207732	3040	31.784887	0.667143	0.997513	30.664013	0.161542	0.240184	-1.010987	0.014427	-0.742589	-0.074692	True	0.653544	0.195696	0.489872	28.895200	0.999455	7915
7916.png	0.576736	0.571811	0.727582	0.574003	0.993364	0.999057	27.415464	0.997417	28.074706	0.414877	0.168064	0.262845	31.216241	0.586513	2275	4	7	20	15	2.019802	1.750000	303	306	526.393803	4.461415	0.023779	-0.013840	-0.198247	-0.000057	-0.000234	-0.003834	564.305782	4	7	-3	20	15	2.019802	1.750000	4	0	303	306	268	1.720241	4.461415	526.393803	0.023779	45079	19.814945	28.807033	256x256	65536	sparse	Meijering	303	4	27	2153	31.487506	0.626525	28.372611	0.997651	0.418712	0.233679	13	1	0.000000	38	2194	31.771557	0.668260	0.997666	28.423952	0.172122	0.405291	3787	32.074212	0.693943	0.998668	31.175577	0.142596	0.414110	-0.297905	-0.065615	-0.271265	-0.040012	True	0.639405	0.168064	0.590575	27.613710	0.999114	7916
7917.png	0.578134	0.465293	0.635085	0.470966	0.974768	0.999120	27.813448	0.995841	28.634420	0.365003	0.297657	0.468713	30.568292	0.555541	2555	5	24	57	30	2.108571	4.800000	350	369	744.360777	4.259502	0.040330	-0.012285	-0.456303	-0.000189	-0.000549	-0.003941	614.939690	5	24	-19	57	30	2.108571	4.800000	5	1	350	369	263	2.017238	4.259502	744.360777	0.040330	45484	17.801957	25.650098	256x256	65536	sparse	Otsu	350	5	29	2506	31.158233	0.617928	29.213843	0.996390	0.368944	0.346884	10	3	0.000000	34	2336	31.341062	0.656444	0.995669	28.473131	0.210746	0.376965	3562	31.525861	0.668385	0.997156	30.476463	0.283127	0.354715	-0.579423	-0.049227	-0.589941	-0.062387	True	0.635052	0.297657	0.590419	28.269751	0.999310	7917
7918.png	0.589529	0.389100	0.560218	0.391325	0.985594	0.999541	27.663971	0.997675	28.611079	0.326501	0.292959	0.568107	31.405521	0.585999	1949	6	21	50	27	2.109890	3.500000	273	288	556.805618	4.283695	0.033606	0.001782	-0.199387	-0.000061	-0.000349	-0.005243	596.997261	6	21	-15	50	27	2.109890	3.500000	6	0	273	288	196	1.933353	4.283695	556.805618	0.033606	44828	23.000513	33.625449	256x256	65536	sparse	Meijering	273	6	25	1781	31.682811	0.616955	29.010448	0.998024	0.331745	0.302324	6	1	0.500000	36	1862	31.942472	0.658610	0.997922	28.853402	0.451188	0.308866	4825	32.658100	0.740879	0.998778	31.598816	0.194034	0.326025	-0.399369	-0.009365	-0.277290	-0.030955	True	0.515675	0.292959	0.587747	27.863358	0.999602	7918
7919.png	0.712387	0.479606	0.648289	0.481734	0.990871	0.999278	27.324046	0.996980	28.100566	0.479373	0.443822	0.633752	31.004348	0.577889	2396	4	10	23	15	2.036697	2.500000	327	333	599.171610	4.700034	0.021486	0.000016	-0.212262	-0.000068	-0.000277	0.007681	620.685577	4	10	-6	23	15	2.036697	2.500000	4	0	327	333	289	1.799314	4.700034	599.171610	0.021486	45202	18.865609	27.352254	256x256	65536	sparse	Meijering	327	4	29	2360	31.392458	0.627943	28.385996	0.997258	0.471692	0.408445	8	1	0.000000	37	2298	31.662357	0.670433	0.997187	28.253848	0.449815	0.448687	3882	32.001658	0.697480	0.998510	31.157534	0.301548	0.471370	-0.285431	0.035377	-0.388110	-0.050054	True	0.700308	0.443822	0.712371	27.536308	0.999346	7919
7920.png	0.818787	0.488898	0.656724	0.488898	1.000000	0.999470	27.309707	0.997976	27.919688	0.485533	0.552465	0.887055	30.383306	0.540137	2209	4	9	23	16	2.034364	2.250000	291	296	498.369551	4.451794	0.025054	0.010721	0.138807	0.000007	-0.000143	0.015061	561.154366	4	9	-5	23	16	2.034364	2.250000	4	0	291	296	252	1.683681	4.451794	498.369551	0.025054	45838	20.750566	29.667723	256x256	65536	sparse	Meijering	291	4	25	2207	30.722851	0.592489	28.012591	0.998118	0.470472	0.680181	4	7	0.000000	31	2018	30.958665	0.630452	0.997839	27.533269	0.547062	0.486326	4276	31.513464	0.690169	0.998958	30.759451	0.688077	0.469679	-0.092904	-0.127716	-0.339545	-0.052352	True	0.622808	0.552465	0.808066	27.170899	0.999463	7920
7921.png	0.563324	0.511384	0.676709	0.521429	0.963696	0.998532	28.330923	0.996397	28.347463	0.419024	0.226660	0.367295	30.080516	0.524567	2710	11	25	57	39	2.074866	2.272727	374	388	768.870052	3.476383	0.039967	0.024908	-0.233157	-0.000159	-0.000612	0.039566	621.602297	11	25	-14	57	39	2.074866	2.272727	11	1	374	388	278	1.981624	3.476383	768.870052	0.039967	45809	16.903690	24.183026	256x256	65536	sparse	Meijering	374	11	30	2683	30.828858	0.604335	29.025493	0.997010	0.379458	0.269250	19	5	0.000000	33	2706	31.092825	0.654531	0.996879	28.726564	0.039211	0.431931	3421	31.140348	0.648158	0.997558	29.971494	0.064196	0.378731	-0.678031	-0.042590	-0.748342	-0.079768	True	0.617107	0.226660	0.538416	28.564080	0.998691	7921
7922.png	0.648221	0.487784	0.655719	0.489641	0.992288	0.999363	27.889389	0.997394	28.617728	0.387574	0.204855	0.332996	31.700444	0.606268	1997	4	13	32	18	2.065455	3.250000	275	284	555.678134	4.489033	0.034073	0.005251	-0.084484	-0.000020	-0.000184	0.001527	590.494156	4	13	-9	32	18	2.065455	3.250000	4	0	275	284	225	1.956613	4.489033	555.678134	0.034073	44728	22.397596	32.817226	256x256	65536	sparse	Meijering	275	4	27	1939	31.896173	0.637521	28.842516	0.997578	0.386047	0.256213	10	1	0.000000	39	1958	32.203070	0.675144	0.997587	28.804200	0.248327	0.374630	4714	32.888676	0.744000	0.998768	32.087949	0.176708	0.391543	-0.224788	-0.051358	-0.195729	-0.031253	True	0.615188	0.204855	0.642970	27.973874	0.999383	7922
7923.png	0.714101	0.457906	0.628170	0.458410	0.997608	0.999355	27.783591	0.997190	28.242855	0.509330	0.502172	0.799098	30.497706	0.547313	2370	5	15	36	22	2.061350	3.000000	326	336	601.286202	4.300322	0.027762	0.013570	-0.094154	-0.000023	-0.000275	0.031483	591.437101	5	15	-10	36	22	2.061350	3.000000	5	0	326	336	268	1.789542	4.300322	601.286202	0.027762	45672	19.270886	27.652321	256x256	65536	sparse	Meijering	326	5	27	2286	30.980673	0.604152	28.512811	0.997465	0.477847	0.559568	7	10	0.000000	31	2230	31.139064	0.645083	0.996978	27.861471	0.392120	0.462495	3793	31.499306	0.674200	0.998424	30.604760	0.242054	0.475082	-0.269956	-0.057397	-0.482967	-0.056839	True	0.628423	0.502172	0.700531	27.877745	0.999378	7923
7924.png	0.591720	0.523357	0.687110	0.530818	0.973846	0.999203	26.746263	0.997980	27.666742	0.387610	0.374998	0.623457	30.123439	0.525096	2144	4	14	31	19	2.072993	3.500000	274	284	545.623182	4.362362	0.026818	-0.001671	-0.308684	-0.000103	-0.000128	0.002704	575.089216	4	14	-10	31	19	2.072993	3.500000	4	0	274	284	224	1.921208	4.362362	545.623182	0.026818	46154	21.527052	30.567164	256x256	65536	sparse	Meijering	274	4	24	2095	30.511848	0.576523	27.795993	0.998107	0.384906	0.395891	5	0	0.875000	29	2102	30.747054	0.620641	0.997816	27.303296	0.300577	0.381132	4364	31.305328	0.682680	0.998880	30.399075	0.277071	0.386164	-0.129250	-0.020893	-0.388409	-0.051427	True	0.601481	0.374998	0.593391	27.054947	0.999305	7924
7925.png	0.598950	0.430677	0.602060	0.433516	0.985019	0.999074	28.012540	0.996097	28.365273	0.388312	0.284264	0.445584	30.271011	0.548332	3149	11	39	97	49	2.132701	3.545455	422	450	889.248463	3.607225	0.052469	-0.010635	-0.592619	-0.000154	-0.000845	0.008406	623.888969	11	39	-28	97	49	2.132701	3.545455	11	1	422	450	276	1.976108	3.607225	889.248463	0.052469	45614	14.485233	20.811686	256x256	65536	sparse	Meijering	422	11	34	3129	31.178647	0.635246	29.342210	0.996942	0.379907	0.423050	10	4	0.000000	39	2966	31.457930	0.682761	0.996754	28.989233	0.238700	0.373286	642	30.375398	0.547166	0.995009	27.335721	0.365904	0.392044	-0.976937	-0.138786	-0.907636	-0.086913	True	0.637960	0.284264	0.609585	28.605159	0.999228	7925
7926.png	0.741980	0.492025	0.659539	0.493640	0.993394	0.999320	27.489544	0.997293	27.951575	0.523732	0.485726	0.884957	30.625366	0.555216	2163	4	13	30	16	2.061856	3.250000	291	300	504.754685	4.382869	0.023295	0.015539	-0.046523	-0.000020	-0.000248	0.013268	594.226360	4	13	-9	30	16	2.061856	3.250000	4	1	291	300	245	1.682516	4.382869	504.754685	0.023295	45476	21.024503	30.298659	256x256	65536	sparse	Meijering	291	4	26	2138	31.072792	0.604191	28.242778	0.997541	0.510464	0.606235	5	7	0.000000	32	2112	31.311714	0.645765	0.997224	27.824542	0.320229	0.514134	4134	31.776635	0.695632	0.998635	30.874214	0.310990	0.513093	-0.291203	-0.120508	-0.447427	-0.048974	True	0.548870	0.485726	0.726442	27.536067	0.999340	7926
7927.png	0.600685	0.578043	0.732608	0.590614	0.964486	0.998897	27.699420	0.997230	28.382014	0.456555	0.265886	0.387299	30.246806	0.532520	2388	4	29	55	23	2.154321	7.250000	324	349	680.748059	4.068391	0.035588	-0.004503	-0.231154	-0.000138	-0.000138	0.006345	608.443737	4	29	-25	55	23	2.154321	7.250000	4	2	324	349	246	1.950568	4.068391	680.748059	0.035588	45866	19.206868	27.443886	256x256	65536	sparse	Otsu	324	4	26	2350	30.664988	0.592622	28.561563	0.997368	0.450210	0.289652	10	3	0.000000	31	2230	30.969167	0.636281	0.997084	28.160365	0.367136	0.434070	3885	31.313871	0.668048	0.998391	30.641089	0.185934	0.432978	-0.179549	-0.023766	-0.418181	-0.060102	True	0.686514	0.265886	0.605187	27.930574	0.999036	7927
7928.png	0.577176	0.261071	0.414047	0.265654	0.938020	0.999404	27.445638	0.995753	28.369430	0.277952	0.245105	0.442227	29.720547	0.518171	3694	21	57	135	80	2.134078	2.714286	537	573	1134.541730	3.027745	0.065190	-0.002412	-0.952093	-0.000193	-0.001231	0.017800	672.835588	21	57	-36	135	80	2.134078	2.714286	21	2	537	573	322	1.980003	3.027745	1134.541730	0.065190	45993	12.450731	17.741202	256x256	65536	sparse	Meijering	537	21	37	3632	30.908642	0.630416	29.539359	0.996985	0.260152	0.328460	11	3	0.511905	40	3412	31.255814	0.686441	0.996862	29.376627	0.157695	0.255086	539	29.982333	0.516559	0.995277	27.696764	0.348561	0.263820	-1.169929	-0.083355	-1.188095	-0.112245	True	0.554251	0.245105	0.579589	28.397730	0.999596	7928
7929.png	0.691672	0.483583	0.651912	0.484448	0.996324	0.999375	27.799918	0.997747	28.580389	0.390079	0.337676	0.555564	30.781798	0.562519	2385	4	17	42	23	2.078313	4.250000	332	345	600.494111	4.325316	0.036001	-0.000795	0.110908	-0.000016	-0.000141	0.000733	573.531151	4	17	-13	42	23	2.078313	4.250000	4	0	332	345	267	1.740563	4.325316	600.494111	0.036001	45402	19.036478	27.478407	256x256	65536	sparse	Meijering	332	4	27	2274	31.154089	0.613982	28.650655	0.997888	0.389346	0.348768	9	0	0.375000	33	2204	31.398899	0.654733	0.997704	28.230363	0.371516	0.370754	3811	31.742206	0.683295	0.998697	30.974205	0.294770	0.356453	-0.070266	-0.011092	-0.372291	-0.051464	True	0.607807	0.337676	0.692467	27.689010	0.999391	7929
7930.png	0.657680	0.443813	0.614779	0.446066	0.988748	0.999351	28.178623	0.997168	28.755619	0.383739	0.341942	0.566008	31.363985	0.600227	2511	5	10	26	20	2.030030	2.000000	333	338	550.010221	4.606528	0.029455	-0.006223	-0.181443	-0.000058	-0.000280	0.007153	594.431162	5	10	-5	26	20	2.030030	2.000000	5	0	333	338	287	1.627249	4.606528	550.010221	0.029455	44935	17.895261	26.099562	256x256	65536	sparse	Meijering	333	5	31	2489	31.804494	0.650055	29.128016	0.997448	0.376586	0.347319	12	2	0.000000	40	2282	32.089946	0.684199	0.997416	29.101609	0.312482	0.374564	3507	32.202439	0.697233	0.998306	31.040376	0.277874	0.369172	-0.372397	-0.005377	-0.440509	-0.049827	True	0.604129	0.341942	0.663903	28.360066	0.999409	7930
7931.png	0.712463	0.587150	0.739880	0.590066	0.991653	0.998972	27.894825	0.997220	28.157803	0.553395	0.498880	0.644966	30.055405	0.533390	2920	5	25	58	28	2.095923	5.000000	417	437	799.287537	3.697255	0.035342	0.002275	-0.327073	-0.000111	-0.000368	0.009020	650.063276	5	25	-20	58	28	2.095923	5.000000	5	0	417	437	331	1.829033	3.697255	799.287537	0.035342	45923	15.727055	22.443836	256x256	65536	sparse	Meijering	417	5	30	2803	30.769602	0.612617	28.586813	0.997588	0.544375	0.526688	10	8	0.000000	33	2602	30.977555	0.655691	0.997139	27.962780	0.307883	0.545694	3145	30.943154	0.636499	0.997932	29.335554	0.394278	0.560053	-0.429010	-0.027808	-0.714197	-0.079228	True	0.773498	0.498880	0.710188	28.221898	0.999083	7931
7932.png	0.753425	0.619462	0.765022	0.620402	0.997561	0.998748	27.907031	0.997163	28.368304	0.536631	0.557361	0.794184	30.231234	0.530591	2124	4	6	18	16	2.014184	1.500000	282	284	603.396782	4.331783	0.031317	0.000126	0.168312	0.000040	0.000037	0.001404	585.414886	4	6	-2	18	16	2.014184	1.500000	4	0	282	284	248	2.124637	4.331783	603.396782	0.031317	45911	21.615348	30.854991	256x256	65536	sparse	Meijering	282	4	24	2095	30.579670	0.580831	28.274375	0.997127	0.535227	0.719729	5	12	0.000000	28	1872	30.779423	0.613916	0.996683	27.627506	0.381217	0.535728	4238	31.371982	0.683324	0.998387	30.663033	0.231148	0.525940	0.093929	-0.162369	-0.348436	-0.050240	True	0.701803	0.557361	0.753299	27.738719	0.998708	7932
7933.png	0.723394	0.502351	0.668753	0.506132	0.985350	0.998828	28.148008	0.996320	28.374941	0.446768	0.271524	0.345148	29.946890	0.532305	3408	13	38	91	51	2.107296	2.923077	466	491	952.609387	3.214968	0.044733	0.015145	-0.478502	-0.000140	-0.000723	0.026550	614.854813	13	38	-25	91	51	2.107296	2.923077	13	2	466	491	324	1.940141	3.214968	952.609387	0.044733	45902	13.468897	19.230047	256x256	65536	sparse	Meijering	466	13	34	3309	30.910201	0.628479	29.264388	0.997043	0.420217	0.378737	15	8	0.000000	38	3350	31.286209	0.686406	0.996754	28.880222	0.204141	0.428928	602	30.126669	0.529525	0.995213	27.264964	0.629166	0.429009	-0.889446	-0.107213	-0.963311	-0.096174	True	0.786688	0.271524	0.708248	28.626511	0.998969	7933
7934.png	0.614416	0.501546	0.668039	0.502755	0.995228	0.999185	27.927542	0.996956	28.241606	0.457065	0.377832	0.539523	30.527693	0.560608	2441	4	23	51	22	2.120253	5.750000	316	335	648.990551	4.399662	0.035100	0.006663	-0.517318	-0.000124	-0.000390	-0.007836	614.805222	4	23	-19	51	22	2.120253	5.750000	4	1	316	335	243	1.937285	4.399662	648.990551	0.035100	45386	18.593200	26.848013	256x256	65536	sparse	Meijering	316	4	27	2287	31.142598	0.613698	28.835911	0.997346	0.464900	0.441344	9	7	0.000000	33	2200	31.392459	0.653849	0.997001	28.308543	0.449815	0.438940	3768	31.697230	0.681398	0.998226	30.856528	0.267885	0.462887	-0.594305	-0.063512	-0.614905	-0.053090	True	0.700308	0.377832	0.607754	28.444860	0.999308	7934
7935.png	0.670996	0.530735	0.693438	0.538412	0.973837	0.998690	27.341511	0.996990	28.497758	0.436037	0.334134	0.521396	31.328688	0.598357	2538	6	16	35	21	2.060606	2.666667	330	340	601.871588	4.458772	0.033003	0.013343	-1.179747	-0.000413	-0.000460	0.003700	575.079441	6	16	-10	35	21	2.060606	2.666667	6	1	330	340	274	1.770211	4.458772	601.871588	0.033003	44905	17.693065	25.821907	256x256	65536	sparse	Meijering	330	6	31	2531	31.792008	0.649621	29.162633	0.997450	0.432337	0.380264	13	9	0.000000	40	2264	32.045544	0.680862	0.997252	28.938728	0.418416	0.400707	3603	32.208988	0.696828	0.998259	31.076037	0.224437	0.398136	-0.664876	-0.046130	-0.463320	-0.051264	True	0.640845	0.334134	0.657653	28.521259	0.999103	7935
7936.png	0.648193	0.437004	0.608216	0.438395	0.992790	0.999333	27.697805	0.997017	28.141656	0.418641	0.373554	0.504285	30.148410	0.539406	2734	5	32	66	31	2.149171	6.400000	362	389	708.073672	3.997781	0.035084	-0.013936	-0.232154	-0.000045	-0.000454	0.007325	613.538980	5	32	-27	66	31	2.149171	6.400000	5	1	362	389	265	1.820241	3.997781	708.073672	0.035084	45796	16.750549	23.970739	256x256	65536	sparse	Meijering	362	5	29	2618	30.884785	0.610294	28.767786	0.997471	0.411316	0.477374	9	2	0.100000	34	2734	31.153987	0.664627	0.997269	28.299300	0.488291	0.409669	3191	31.162291	0.646541	0.998042	30.112909	0.361881	0.423260	-0.626130	-0.103820	-0.736375	-0.070887	True	0.740760	0.373554	0.662129	27.929958	0.999378	7936
7937.png	0.641406	0.424942	0.596434	0.433036	0.957867	0.999017	27.929938	0.995649	28.499586	0.433234	0.331739	0.449417	30.466058	0.549808	3027	10	24	68	40	2.062921	2.400000	445	459	951.551893	3.983661	0.039404	-0.003149	-0.882559	-0.000290	-0.000896	0.002881	703.920841	10	24	-14	68	40	2.062921	2.400000	10	0	445	459	337	2.073098	3.983661	951.551893	0.039404	45466	15.020152	21.650479	256x256	65536	sparse	Meijering	445	10	33	3017	31.225594	0.632564	29.395764	0.996544	0.430353	0.437608	9	6	0.000000	41	2934	31.587137	0.683196	0.996351	29.265728	0.213372	0.421658	662	30.562946	0.552818	0.995293	28.209294	0.411395	0.441516	-0.896178	-0.105868	-0.759536	-0.082756	True	0.738154	0.331739	0.644555	28.812497	0.999307	7937
7938.png	0.649022	0.570083	0.726182	0.579102	0.973408	0.998969	27.719464	0.997501	28.378587	0.458992	0.424491	0.660914	31.341323	0.592045	2274	4	8	18	14	2.026578	2.000000	301	305	580.088182	4.878812	0.021506	0.000031	-0.425678	-0.000155	-0.000249	0.002375	629.965782	4	8	-4	18	14	2.026578	2.000000	4	0	301	305	269	1.901928	4.878812	580.088182	0.021506	45035	19.804310	28.819701	256x256	65536	sparse	Meijering	301	4	28	2201	31.660836	0.633907	28.643713	0.997750	0.456618	0.406799	9	8	0.000000	38	2172	31.894051	0.674024	0.997572	28.488152	0.500569	0.456115	3958	32.257575	0.706835	0.998717	31.337574	0.320035	0.472406	-0.265126	0.017692	-0.319513	-0.041862	True	0.642278	0.424491	0.648991	28.145143	0.999124	7938
7939.png	0.722624	0.545620	0.706021	0.548624	0.990066	0.998774	25.570531	0.997221	27.843529	0.524401	0.837974	1.201227	30.188677	0.552973	2718	4	15	31	14	2.061798	3.750000	356	367	669.189283	4.468244	0.024132	0.012436	-2.014835	-0.000400	-0.000287	0.021497	597.152948	4	15	-11	31	14	2.061798	3.750000	4	2	356	367	311	1.823404	4.468244	669.189283	0.024132	45825	16.859823	24.111847	256x256	65536	sparse	Meijering	356	4	29	2710	30.901000	0.619415	28.304993	0.997507	0.502904	0.530250	9	7	0.000000	33	2490	31.117540	0.660840	0.996986	27.621392	0.595747	0.512076	3349	31.268761	0.655067	0.998342	30.132931	0.665221	0.513291	-0.461465	0.307724	-0.712323	-0.066442	True	0.697599	0.837974	0.710188	27.585366	0.999174	7939
7940.png	0.615340	0.473980	0.643130	0.478693	0.979651	0.999329	27.775336	0.996019	28.312767	0.486898	0.292404	0.441858	30.167314	0.529698	2294	5	24	48	23	2.119874	4.800000	317	336	671.699684	4.479995	0.032392	0.010154	-0.194674	-0.000067	-0.000376	0.008205	661.458969	5	24	-19	48	23	2.119874	4.800000	5	1	317	336	246	1.999106	4.479995	671.699684	0.032392	45894	20.006103	28.568439	256x256	65536	sparse	Otsu	317	5	25	2198	30.605363	0.585539	28.715449	0.996396	0.478693	0.400050	11	3	0.000000	29	2134	30.855442	0.628041	0.995211	27.946937	0.211009	0.471545	4025	31.302429	0.673864	0.997635	30.509279	0.175518	0.456307	-0.402682	-0.107646	-0.438049	-0.055840	True	0.661760	0.292404	0.605186	27.970010	0.999395	7940
7941.png	0.643251	0.336892	0.503992	0.336997	0.999069	0.999562	27.713151	0.996349	28.778886	0.410289	0.284151	0.492601	30.781538	0.566201	2611	6	17	44	26	2.061625	2.833333	357	368	654.200876	4.334811	0.030990	-0.009286	-0.349129	-0.000033	-0.000411	0.001626	587.550163	6	17	-11	44	26	2.061625	2.833333	6	0	357	368	287	1.777720	4.334811	654.200876	0.030990	45388	17.383378	25.099962	256x256	65536	sparse	Meijering	357	6	30	2607	31.302863	0.628435	29.230067	0.996760	0.408663	0.434475	8	1	0.333333	37	2468	31.571226	0.669699	0.996446	28.750908	0.271123	0.400751	3651	31.763042	0.680737	0.997804	30.996843	0.340485	0.400690	-0.451181	-0.150324	-0.521325	-0.062234	True	0.576838	0.284151	0.652536	28.062280	0.999595	7941
7942.png	0.546081	0.438971	0.610118	0.441296	0.988145	0.999028	28.158079	0.995144	28.815793	0.453870	0.319549	0.450599	30.986804	0.575535	2279	4	20	43	22	2.106667	5.000000	300	316	667.040309	5.319912	0.035458	-0.019916	-0.245153	-0.000125	-0.000396	0.003061	637.660265	4	20	-16	43	22	2.106667	5.000000	4	0	300	316	235	2.110887	5.319912	667.040309	0.035458	45153	19.812637	28.756472	256x256	65536	sparse	Otsu	300	4	28	2243	31.415356	0.623016	29.218988	0.995540	0.450809	0.314427	16	5	0.000000	35	2036	31.604250	0.655695	0.995146	28.847177	0.280653	0.446068	4123	32.101252	0.706455	0.997430	31.613733	0.169651	0.434161	-0.403195	0.005123	-0.428551	-0.047481	True	0.709165	0.319549	0.565997	28.403232	0.999153	7942
7943.png	0.528736	0.576149	0.731085	0.583273	0.979243	0.998518	28.211010	0.996660	28.547553	0.364195	0.269690	0.489747	30.977873	0.573564	2584	8	18	45	31	2.053333	2.250000	375	385	759.730848	3.970968	0.024847	-0.005999	-0.677316	-0.000294	-0.000625	0.004326	642.373562	8	18	-10	45	31	2.053333	2.250000	8	0	375	385	299	1.973327	3.970968	759.730848	0.024847	45135	17.467105	25.362229	256x256	65536	sparse	Meijering	375	8	31	2499	31.543645	0.630128	29.353740	0.997285	0.359869	0.287042	12	5	0.000000	41	2572	31.846676	0.680419	0.997152	29.154853	0.299994	0.326063	3587	31.930516	0.684523	0.998121	30.980134	0.285173	0.340480	-0.806187	-0.017353	-0.565771	-0.056564	True	0.550671	0.269690	0.534734	28.888326	0.998812	7943
7944.png	0.745697	0.575110	0.730248	0.575746	0.998083	0.998940	28.122577	0.996894	28.369486	0.574468	0.417252	0.669953	30.523122	0.547451	2406	4	14	37	20	2.058997	3.500000	339	349	663.126036	4.388021	0.030454	-0.018348	0.028581	0.000007	-0.000143	-0.003743	609.525681	4	14	-10	37	20	2.058997	3.500000	4	1	339	349	282	1.900075	4.388021	663.126036	0.030454	45607	18.955528	27.238570	256x256	65536	sparse	Meijering	339	4	27	2306	30.972388	0.603826	28.597869	0.997037	0.578211	0.723073	5	15	0.000000	33	2394	31.209154	0.653464	0.996620	28.005292	0.282344	0.562248	3884	31.504868	0.680261	0.998159	30.534195	0.288230	0.548352	-0.228383	-0.305821	-0.449266	-0.056375	True	0.622808	0.417252	0.764045	28.093996	0.998933	7944
7945.png	0.791200	0.392804	0.564048	0.392804	1.000000	0.999639	26.753547	0.998023	27.916738	0.437685	0.550671	0.889590	30.816547	0.567643	2395	4	16	38	20	2.075949	4.000000	316	328	555.780446	4.399316	0.027181	0.005486	-0.115891	-0.000003	-0.000145	0.014466	580.640316	4	16	-12	38	20	2.075949	4.000000	4	0	316	328	258	1.694453	4.399316	555.780446	0.027181	45509	19.001670	27.363674	256x256	65536	sparse	Meijering	316	4	27	2264	31.179745	0.615186	28.123657	0.998168	0.423220	0.534201	5	2	0.000000	34	2176	31.422624	0.656297	0.998053	27.861227	0.571729	0.433976	3907	31.786938	0.686884	0.998987	31.082733	0.390429	0.428783	-0.206920	0.016471	-0.363198	-0.047543	True	0.619017	0.550671	0.785714	26.869437	0.999642	7945
7946.png	0.642890	0.499298	0.666042	0.501551	0.991081	0.998860	27.350982	0.995555	28.019198	0.506738	0.400704	0.581564	30.016731	0.552193	2748	4	27	55	23	2.128852	6.750000	357	380	713.497724	4.588158	0.031211	0.013591	-0.496403	-0.000142	-0.000513	-0.016252	602.588654	4	27	-23	55	23	2.128852	6.750000	4	1	357	380	279	1.877626	4.588158	713.497724	0.031211	45737	16.643741	23.848617	256x256	65536	sparse	Otsu	357	4	29	2696	30.910880	0.619686	28.596172	0.996068	0.522990	0.570204	9	9	0.000000	33	2458	31.128592	0.657706	0.995598	28.147042	0.261871	0.508599	3319	31.230360	0.652726	0.996929	30.019461	0.444087	0.503524	-0.576973	-0.169500	-0.894149	-0.067494	True	0.689012	0.400704	0.629299	27.847386	0.999002	7946
7947.png	0.766667	0.493151	0.660550	0.494249	0.995516	0.999379	27.959871	0.997581	28.491236	0.476963	0.435604	0.631647	30.040727	0.521105	2461	4	17	36	18	2.072829	4.250000	357	370	701.250029	4.334680	0.025782	0.004438	-0.230380	-0.000038	-0.000303	0.011458	645.105124	4	17	-13	36	18	2.072829	4.250000	4	1	357	370	303	1.895270	4.334680	701.250029	0.025782	46018	18.698903	26.629825	256x256	65536	sparse	Meijering	357	4	26	2361	30.534809	0.585505	28.889220	0.997883	0.465504	0.661760	5	5	0.000000	30	2408	30.799940	0.637810	0.997416	28.103030	0.131087	0.454912	3761	31.069473	0.659191	0.998279	29.772052	0.124462	0.466399	-0.397984	-0.226156	-0.494082	-0.064401	True	0.689633	0.435604	0.762228	28.190251	0.999417	7947
7948.png	0.433287	0.399621	0.571042	0.404861	0.968630	0.999009	28.469275	0.995701	28.886337	0.246886	0.140074	0.231357	31.130917	0.580259	2952	10	48	105	48	2.177986	4.800000	427	465	885.658963	3.667658	0.044255	0.033429	-0.785373	-0.000209	-0.001010	0.032303	641.196012	10	48	-38	105	48	2.177986	4.800000	10	2	427	465	274	1.904643	3.667658	885.658963	0.044255	44853	15.194106	22.200542	256x256	65536	sparse	Meijering	427	10	35	2860	31.871083	0.651813	29.926619	0.996711	0.214583	0.159493	16	2	0.700000	45	2780	32.200520	0.698485	0.996756	30.082545	0.256899	0.226270	3142	31.982424	0.675958	0.997309	30.803601	0.138918	0.224672	-1.040282	-0.019419	-0.740165	-0.071554	True	0.605446	0.140074	0.399858	29.254648	0.999217	7948
7949.png	0.585209	0.607794	0.756060	0.614606	0.982091	0.997878	28.483335	0.996090	28.771742	0.435298	0.342953	0.499558	31.266963	0.593270	2415	5	21	47	22	2.097264	4.200000	329	345	709.868768	4.031208	0.031905	0.011206	-0.627119	-0.000318	-0.000678	0.019686	570.998430	5	21	-16	47	22	2.097264	4.200000	5	2	329	345	260	2.057591	4.031208	709.868768	0.031905	44728	18.520911	27.137060	256x256	65536	sparse	Meijering	329	5	31	2374	31.872541	0.642706	29.629158	0.996768	0.415613	0.269567	17	7	0.000000	43	2242	32.199233	0.680862	0.996548	29.610929	0.277874	0.418982	3718	32.353626	0.703988	0.997772	31.365421	0.129399	0.401365	-0.857416	0.073386	-0.605578	-0.049436	True	0.686514	0.342953	0.574003	29.110454	0.998197	7949
7950.png	0.673342	0.538804	0.700290	0.539807	0.996566	0.998806	28.356900	0.996828	28.757105	0.448276	0.447517	0.699897	31.331867	0.589795	2255	5	7	17	15	2.012945	1.400000	309	311	569.192548	4.330010	0.021547	-0.004528	-0.210320	-0.000102	-0.000395	0.006104	562.412739	5	7	-2	17	15	2.012945	1.400000	5	0	309	311	277	1.830201	4.330010	569.192548	0.021547	44859	19.893126	29.062528	256x256	65536	sparse	Meijering	309	5	29	2216	31.723223	0.634241	29.133702	0.997223	0.442172	0.519294	8	11	0.000000	39	2186	31.995712	0.675451	0.997101	29.119092	0.417252	0.446137	4201	32.389906	0.717276	0.998283	31.485979	0.336350	0.436087	-0.376596	-0.071777	-0.391356	-0.044446	True	0.639405	0.447517	0.677869	28.567219	0.998908	7950
7951.png	0.465190	0.397700	0.569078	0.414439	0.907806	0.998875	27.131271	0.996684	27.959387	0.250459	0.133246	0.217002	29.824665	0.522452	3377	14	46	111	62	2.129817	3.285714	493	525	1027.920983	2.914855	0.050531	0.018078	-1.268596	-0.000442	-0.000980	0.021888	630.146980	14	46	-32	111	62	2.129817	3.285714	14	1	493	525	320	1.957945	2.914855	1027.920983	0.050531	45971	13.612970	19.406574	256x256	65536	sparse	Meijering	493	14	34	3306	30.856429	0.622974	28.999733	0.997664	0.228571	0.225514	9	0	0.321429	40	3300	31.285719	0.683166	0.997691	29.127258	0.297657	0.231951	604	30.108583	0.523156	0.996472	27.176758	0.244216	0.244240	-1.040346	-0.092268	-1.031764	-0.100522	True	0.614032	0.133246	0.447112	28.399867	0.999317	7951
7952.png	0.633547	0.354959	0.523940	0.354959	1.000000	0.999620	27.596375	0.997820	28.826546	0.276860	0.275664	0.488809	31.583419	0.599186	2159	6	18	43	27	2.080808	3.000000	297	309	581.992795	4.242262	0.042450	-0.005815	-0.243947	-0.000009	-0.000217	-0.004959	570.007801	6	18	-12	43	27	2.080808	3.000000	6	0	297	309	227	1.883472	4.242262	581.992795	0.042450	44691	20.699861	30.354794	256x256	65536	sparse	Meijering	297	6	27	1975	31.904148	0.635214	29.134045	0.998037	0.281818	0.386147	5	0	0.916667	40	2002	32.215506	0.673179	0.998052	29.333970	0.242535	0.278099	4265	32.637854	0.725667	0.998728	31.660977	0.171859	0.266116	-0.307499	-0.110483	-0.320729	-0.036028	True	0.563951	0.275664	0.639362	27.840322	0.999629	7952
7953.png	0.780455	0.560791	0.718599	0.563413	0.991770	0.998956	27.470382	0.997097	28.235180	0.564222	0.666017	0.902274	30.647614	0.570333	2670	5	5	11	13	2.000000	1.000000	353	353	623.582451	4.280234	0.021140	0.002778	-0.529491	-0.000152	-0.000333	0.015723	545.322418	5	5	0	11	13	2.000000	1.000000	5	0	353	353	329	1.766523	4.280234	623.582451	0.021140	45478	17.032959	24.545318	256x256	65536	sparse	Meijering	353	5	29	2654	31.156421	0.630289	28.688588	0.997430	0.548499	0.643503	7	7	0.000000	37	2666	31.438108	0.680993	0.997236	28.387552	0.728375	0.536487	3498	31.528676	0.668688	0.998089	30.175213	0.559568	0.555780	-0.453408	0.022515	-0.508807	-0.059957	True	0.738154	0.666017	0.777676	27.999873	0.999109	7953
7954.png	0.620499	0.413215	0.584787	0.414919	0.990156	0.999223	27.249416	0.996958	28.558320	0.371681	0.384918	0.613240	30.925791	0.582624	2418	5	18	41	19	2.078788	3.600000	330	343	651.234789	4.197219	0.042173	-0.011557	-1.247074	-0.000226	-0.000505	-0.014362	586.543798	5	18	-13	41	19	2.078788	3.600000	5	2	330	343	270	1.898644	4.197219	651.234789	0.042173	45006	18.612903	27.103391	256x256	65536	sparse	Meijering	330	5	29	2319	31.585044	0.632452	29.261614	0.997463	0.386043	0.367453	10	2	0.500000	40	2346	31.887441	0.678202	0.997446	29.212710	0.263797	0.372771	3902	32.182809	0.703429	0.998364	31.315873	0.239428	0.373068	-0.703293	0.017466	-0.659253	-0.049827	True	0.627679	0.384918	0.632056	28.496490	0.999450	7954
7955.png	0.708000	0.390685	0.561860	0.390986	0.998033	0.999523	27.482914	0.996400	27.876733	0.427912	0.467408	0.784956	31.386655	0.611225	2186	4	20	46	21	2.107383	5.000000	298	314	766.260386	4.923771	0.028831	-0.005469	-0.356727	-0.000057	-0.000815	0.011117	759.362221	4	20	-16	46	21	2.107383	5.000000	4	1	298	314	231	2.440320	4.923771	766.260386	0.028831	44535	20.372827	29.979872	256x256	65536	sparse	Otsu	298	4	29	2155	32.052091	0.650784	29.040422	0.997215	0.416795	0.483149	5	2	0.375000	41	1952	32.283049	0.678909	0.997100	28.901315	0.493383	0.414484	4123	32.739184	0.726203	0.998389	31.731053	0.325542	0.422573	-1.163689	-0.015740	-0.665437	-0.039559	True	0.595458	0.467408	0.713469	27.839641	0.999580	7955
7956.png	0.486745	0.307422	0.470271	0.316999	0.910513	0.998865	27.469982	0.995917	28.462857	0.255338	0.154296	0.296169	30.108921	0.531600	3060	17	28	77	56	2.051887	1.647059	424	435	901.536475	3.337360	0.043809	0.021215	-1.347542	-0.000409	-0.001028	0.031571	629.089355	17	28	-11	77	56	2.051887	1.647059	17	0	424	435	291	2.072498	3.337360	901.536475	0.043809	45664	14.922876	21.416993	256x256	65536	sparse	Meijering	424	17	33	3054	31.066592	0.622823	29.669196	0.996946	0.223768	0.198551	15	2	0.000000	37	2828	31.356774	0.667687	0.996574	29.230470	0.149478	0.217601	659	30.417651	0.536385	0.995824	28.356293	0.288230	0.227699	-1.206339	-0.044254	-0.957671	-0.091224	True	0.520974	0.154296	0.465531	28.817524	0.999274	7956
7957.png	0.474211	0.375870	0.546374	0.376995	0.992126	0.999351	28.083399	0.996619	28.317260	0.247937	0.157102	0.294088	30.464784	0.557200	2736	9	24	65	38	2.082645	2.666667	363	378	735.454944	3.904472	0.039756	-0.006772	-0.488714	-0.000097	-0.000673	0.006580	662.423134	9	24	-15	65	38	2.082645	2.666667	9	1	363	378	260	1.945648	3.904472	735.454944	0.039756	45339	16.571272	23.953216	256x256	65536	sparse	Meijering	363	9	31	2639	31.333193	0.625735	29.374785	0.997292	0.241356	0.241693	12	2	0.333333	39	2572	31.643777	0.670580	0.997032	29.061095	0.292959	0.215758	3321	31.607947	0.664340	0.997815	30.467620	0.211403	0.246011	-1.057525	-0.084591	-0.868409	-0.068535	True	0.534201	0.157102	0.480983	28.572113	0.999448	7957
7958.png	0.718651	0.575258	0.730366	0.577640	0.992883	0.998972	27.569546	0.997408	27.976461	0.527378	0.689012	1.294323	31.045171	0.579795	2162	4	17	31	16	2.091873	4.250000	283	296	526.498934	4.328791	0.022492	-0.001995	-0.123707	-0.000053	-0.000235	0.004810	573.207378	4	17	-13	31	16	2.091873	4.250000	4	0	283	296	236	1.778713	4.328791	526.498934	0.022492	45141	20.879278	30.312673	256x256	65536	sparse	Meijering	283	4	27	2119	31.436591	0.620524	28.333906	0.997643	0.522567	0.520152	7	5	0.000000	34	2126	31.619432	0.661101	0.997192	27.949866	0.476647	0.540339	4214	32.133045	0.706426	0.998758	31.373817	0.498981	0.503725	-0.357445	0.168860	-0.391420	-0.040729	True	0.532334	0.689012	0.720645	27.693252	0.999025	7958
7960.png	0.538122	0.594947	0.746040	0.608080	0.964970	0.999087	27.096536	0.997917	27.734418	0.385928	0.259182	0.374984	30.204609	0.529960	2237	4	16	34	19	2.080808	4.000000	297	309	575.605257	4.215502	0.026279	0.019368	0.005374	-0.000098	-0.000069	0.021080	566.428185	4	16	-12	34	19	2.080808	4.000000	4	0	297	309	244	1.862800	4.215502	575.605257	0.026279	45919	20.527045	29.296379	256x256	65536	sparse	Meijering	297	4	25	2234	30.560178	0.585819	27.647418	0.997986	0.364848	0.235772	9	2	0.000000	32	2214	30.898846	0.634164	0.997993	27.621586	0.235772	0.359434	4241	31.369024	0.680947	0.998855	30.609695	0.191728	0.373594	0.087000	0.023410	-0.355569	-0.055859	True	0.691181	0.259182	0.518754	27.091162	0.999184	7960
7961.png	0.602764	0.436386	0.607617	0.440657	0.978276	0.999333	27.446742	0.996864	28.100104	0.387909	0.253397	0.388554	30.255018	0.539565	2866	5	38	84	36	2.165414	7.600000	399	432	748.262442	4.082186	0.038083	0.023849	-0.475967	-0.000132	-0.000420	0.020917	594.236851	5	38	-33	84	36	2.165414	7.600000	5	0	399	432	279	1.732089	4.082186	748.262442	0.038083	45855	15.999651	22.866713	256x256	65536	sparse	Meijering	399	5	30	2816	30.870164	0.616446	28.614841	0.997284	0.366993	0.293296	14	2	0.000000	35	2648	31.132476	0.661224	0.997103	28.270257	0.388598	0.352904	3188	31.100178	0.639281	0.997881	29.765241	0.250238	0.371176	-0.514736	-0.039898	-0.615146	-0.076881	True	0.652156	0.253397	0.578915	27.922709	0.999465	7961
7962.png	0.577909	0.558972	0.717104	0.564910	0.981545	0.998718	28.477689	0.997181	29.012916	0.368069	0.245295	0.442570	31.591894	0.599669	2074	5	15	32	20	2.071685	3.000000	279	289	582.418825	4.764289	0.035169	0.021410	-0.115441	-0.000088	-0.000140	0.006149	613.548994	5	15	-10	32	20	2.071685	3.000000	5	0	279	289	227	2.015290	4.764289	582.418825	0.035169	44684	21.544841	31.598843	256x256	65536	sparse	Meijering	279	5	27	2013	31.863875	0.636025	29.107085	0.997321	0.361920	0.348189	10	3	0.000000	40	2044	32.177635	0.674927	0.997253	29.165164	0.423050	0.366496	4318	32.626344	0.727495	0.998483	31.854841	0.223532	0.350746	-0.094169	-0.102893	-0.271981	-0.036356	True	0.554251	0.245295	0.556499	28.593131	0.998807	7962
7963.png	0.612574	0.278207	0.435308	0.279070	0.989011	0.999528	27.393342	0.996358	28.026991	0.294714	0.185159	0.319819	29.896638	0.523319	3255	15	39	99	57	2.103004	2.600000	466	490	997.451905	3.092958	0.058427	-0.027885	-0.354405	-0.000104	-0.000959	0.001472	649.206400	15	39	-24	99	57	2.103004	2.600000	15	2	466	490	310	2.035616	3.092958	997.451905	0.058427	45842	14.083564	20.133948	256x256	65536	sparse	Meijering	466	15	34	3234	30.921954	0.622451	29.140543	0.997317	0.293242	0.332653	9	2	0.800000	39	3200	31.314622	0.680325	0.997454	29.226100	0.195070	0.269468	666	30.272949	0.530865	0.996513	28.091885	0.401503	0.298452	-1.113552	-0.147494	-1.025315	-0.099132	True	0.578948	0.185159	0.640459	27.747747	0.999632	7963
7964.png	0.745443	0.499476	0.666200	0.501228	0.993051	0.998691	28.436070	0.996146	28.865583	0.494073	0.342131	0.541244	30.889252	0.565426	2650	9	29	72	35	2.105541	3.222222	379	399	744.030798	3.797363	0.034983	-0.007922	-0.426078	-0.000139	-0.000559	0.001228	610.564947	9	29	-20	72	35	2.105541	3.222222	9	2	379	399	272	1.864739	3.797363	744.030798	0.034983	45179	17.048679	24.730566	256x256	65536	sparse	Meijering	379	9	31	2577	31.425846	0.625639	29.529304	0.996705	0.492845	0.709456	5	10	0.000000	42	2642	31.840588	0.680395	0.996555	29.330833	0.092423	0.480339	3536	31.814014	0.679133	0.997631	30.908788	0.081721	0.452805	-0.663721	-0.367325	-0.536594	-0.060213	True	0.632121	0.342131	0.753366	28.862147	0.998830	7964
7965.png	0.793103	0.552905	0.712091	0.554601	0.994499	0.999010	28.149281	0.996812	28.744416	0.540582	0.473761	0.672221	31.559467	0.611329	2625	5	17	40	22	2.067039	3.400000	358	370	629.367909	4.397590	0.024053	-0.004078	-0.648192	-0.000136	-0.000443	0.002852	569.091320	5	17	-12	40	22	2.067039	3.400000	5	1	358	370	296	1.700994	4.397590	629.367909	0.024053	44675	17.019048	24.966095	256x256	65536	sparse	Meijering	358	5	32	2573	32.006725	0.660789	29.395226	0.997256	0.537730	0.515406	9	6	0.000000	42	2440	32.278417	0.699230	0.997235	29.235827	0.482208	0.524349	3436	32.353041	0.700501	0.998131	31.177760	0.655518	0.521140	-0.650810	-0.041645	-0.447257	-0.049460	True	0.704770	0.473761	0.797182	28.797473	0.999145	7965
7966.png	0.677621	0.452786	0.623335	0.453488	0.996593	0.999279	28.337068	0.997555	29.023568	0.371716	0.427361	0.657416	30.933311	0.565350	2357	6	17	38	25	2.066465	2.833333	331	342	587.748995	4.034937	0.032464	-0.007387	-0.001456	-0.000026	-0.000246	0.007762	609.803200	6	17	-11	38	25	2.066465	2.833333	6	1	331	342	268	1.718564	4.034937	587.748995	0.032464	45202	19.177768	27.804837	256x256	65536	sparse	Meijering	331	6	28	2321	31.334650	0.618354	29.271606	0.997801	0.363953	0.401004	8	0	0.333333	37	2346	31.665821	0.663524	0.997562	28.912568	0.212544	0.376493	3878	31.940523	0.694922	0.998639	31.452692	0.264104	0.380989	-0.248038	0.026357	-0.401339	-0.053004	True	0.650062	0.427361	0.685008	28.338524	0.999305	7966
7967.png	0.556824	0.513261	0.678351	0.519091	0.978584	0.998808	28.197280	0.996160	28.789633	0.372122	0.228214	0.401580	30.899421	0.570691	2650	5	30	65	29	2.132275	6.000000	378	403	778.428213	4.264637	0.036954	-0.012741	-0.499779	-0.000138	-0.000362	-0.007449	633.222818	5	30	-25	65	29	2.132275	6.000000	5	1	378	403	284	1.931584	4.264637	778.428213	0.036954	45205	17.058491	24.730566	256x256	65536	sparse	Meijering	378	5	30	2510	31.398376	0.629130	29.267890	0.996523	0.379571	0.244216	20	2	0.000000	40	2560	31.768375	0.676073	0.996357	29.169599	0.294897	0.364610	3426	31.738368	0.673665	0.997315	30.630315	0.159826	0.390405	-0.478257	-0.016003	-0.498955	-0.058439	True	0.568289	0.228214	0.569565	28.697059	0.998946	7967
7969.png	0.621321	0.698916	0.822778	0.715454	0.967984	0.998003	27.590615	0.996281	28.097963	0.572674	0.263677	0.382920	30.325624	0.555157	2905	4	18	40	19	2.070707	4.500000	396	410	742.028966	4.011322	0.024807	0.014836	-0.786379	-0.000400	-0.000604	0.038056	589.736462	4	18	-14	40	19	2.070707	4.500000	4	1	396	410	337	1.809827	4.011322	742.028966	0.024807	45751	15.749053	22.559725	256x256	65536	sparse	Otsu	396	4	31	2903	31.026718	0.628636	28.742719	0.996885	0.534619	0.247359	24	4	0.000000	37	2874	31.282318	0.678767	0.996275	28.145941	0.303791	0.521879	3101	31.178301	0.644591	0.997541	29.968400	0.259182	0.540596	-0.644756	0.016319	-0.701094	-0.073479	True	0.688597	0.263677	0.606485	28.376994	0.998403	7969
7970.png	0.507477	0.340014	0.507478	0.345604	0.954590	0.999295	28.066698	0.996900	29.221358	0.214005	0.145418	0.287730	31.202806	0.580125	2673	10	32	71	40	2.114286	3.200000	385	407	711.551630	3.643237	0.037455	0.016297	-0.976557	-0.000244	-0.000552	0.002068	615.440369	10	32	-22	71	40	2.114286	3.200000	10	1	385	407	274	1.748284	3.643237	711.551630	0.037455	44848	16.778152	24.517770	256x256	65536	sparse	Meijering	385	10	32	2611	31.734625	0.640853	29.966922	0.997452	0.211937	0.196021	11	0	0.450000	42	2594	32.087352	0.689646	0.997319	29.706313	0.247233	0.207648	3483	32.089008	0.687965	0.997995	31.347462	0.175400	0.207291	-0.745563	-0.050603	-0.531819	-0.060727	True	0.505397	0.145418	0.491179	29.043255	0.999539	7970
7971.png	0.508999	0.497380	0.664334	0.505996	0.966900	0.998824	27.720196	0.996595	28.439485	0.370420	0.345867	0.538500	31.247859	0.591260	2389	5	6	16	16	2.006098	1.200000	328	329	535.418602	4.666694	0.020541	-0.005764	-0.558336	-0.000272	-0.000516	-0.009693	570.981264	5	6	-1	16	16	2.006098	1.200000	5	0	328	329	296	1.627412	4.666694	535.418602	0.020541	44976	18.826287	27.432398	256x256	65536	sparse	Meijering	328	5	29	2314	31.659150	0.638065	28.885480	0.997111	0.380113	0.333690	10	1	0.000000	40	2368	32.012214	0.683170	0.997335	29.004979	0.240428	0.357285	3685	32.114883	0.695518	0.998195	31.106550	0.196751	0.371923	-0.445994	0.012177	-0.411291	-0.046805	True	0.642278	0.345867	0.514763	28.278532	0.999095	7971
7972.png	0.537927	0.476913	0.645824	0.493294	0.934904	0.998970	27.011676	0.997292	28.046413	0.337684	0.204999	0.267008	30.270144	0.542870	2963	6	28	77	34	2.103774	4.666667	424	446	787.749810	3.841352	0.036552	-0.002865	-1.205521	-0.000381	-0.000495	0.000425	633.803129	6	28	-22	77	34	2.103774	4.666667	6	1	424	446	313	1.766255	3.841352	787.749810	0.036552	45787	15.452919	22.118124	256x256	65536	sparse	Meijering	424	6	31	2870	30.979796	0.620990	28.740970	0.997787	0.337259	0.396494	8	3	0.000000	37	2920	31.278669	0.675522	0.997524	28.239920	0.313647	0.329408	716	30.359150	0.543926	0.996568	26.969558	0.314617	0.336605	-0.694557	-0.191496	-0.709652	-0.078120	True	0.767764	0.204999	0.540793	28.217197	0.999351	7972
7973.png	0.677762	0.630068	0.773057	0.635434	0.986772	0.997741	26.435636	0.996047	28.397315	0.583333	0.492461	0.722321	30.983865	0.583197	2364	4	13	26	16	2.058065	3.250000	310	319	618.747416	4.409338	0.022717	-0.012736	-2.031664	-0.000628	-0.000351	-0.021437	616.798162	4	13	-9	26	16	2.058065	3.250000	4	1	310	319	268	1.939647	4.409338	618.747416	0.022717	45140	19.094755	27.722504	256x256	65536	sparse	Otsu	310	4	28	2306	31.410729	0.626702	28.906140	0.996398	0.604770	0.535441	9	9	0.000000	37	2150	31.694965	0.665329	0.996522	28.902462	0.509695	0.559224	3768	32.015406	0.694498	0.997915	31.225915	0.402675	0.577263	-0.508825	-0.042980	-0.426864	-0.043506	True	0.681776	0.492461	0.690498	28.467300	0.998369	7973
7974.png	0.538202	0.485257	0.653432	0.491579	0.974181	0.999055	28.040368	0.996342	28.294153	0.355948	0.216940	0.330547	30.498558	0.554381	2824	5	42	83	30	2.187817	8.400000	394	431	776.657480	3.849180	0.034649	0.003387	-0.628952	-0.000226	-0.000734	0.027064	615.843296	5	42	-37	83	30	2.187817	8.400000	5	3	394	431	281	1.801990	3.849180	776.657480	0.034649	45415	16.081799	23.206799	256x256	65536	sparse	Meijering	394	5	31	2740	31.204866	0.625863	29.227480	0.997076	0.328885	0.342953	10	2	0.333333	39	2758	31.583896	0.677701	0.996801	28.966590	0.344147	0.321474	3222	31.458568	0.656873	0.997804	30.358639	0.252176	0.343066	-0.933327	-0.126014	-0.706308	-0.071482	True	0.656305	0.216940	0.534816	28.669320	0.999281	7974
7975.png	0.595133	0.458477	0.628706	0.469252	0.952305	0.999031	28.524308	0.996437	29.202984	0.354485	0.227920	0.344238	31.372919	0.585483	2161	8	11	34	29	2.018405	1.375000	326	329	606.303699	4.074713	0.030501	-0.001021	-0.359636	-0.000155	-0.000584	0.002488	591.745615	8	11	-3	34	29	2.018405	1.375000	8	0	326	329	263	1.842868	4.074713	606.303699	0.030501	44706	20.687645	30.326701	256x256	65536	sparse	Meijering	326	8	29	2100	31.803765	0.628956	29.745963	0.997022	0.351997	0.337676	10	7	0.000000	39	2082	32.031816	0.667037	0.996888	29.628247	0.124022	0.326578	4332	32.523249	0.723712	0.998145	31.821114	0.033335	0.371590	-0.542979	-0.109756	-0.430846	-0.043474	True	0.662098	0.227920	0.596154	28.883944	0.999186	7975
7976.png	0.680314	0.534009	0.696226	0.538293	0.985314	0.999145	28.025919	0.996639	28.541077	0.535675	0.473878	0.746204	30.782633	0.566095	2271	5	14	35	20	2.058065	2.800000	310	319	624.221549	4.675136	0.032881	0.008612	-0.319691	-0.000101	-0.000431	0.033306	693.144798	5	14	-9	35	20	2.058065	2.800000	5	1	310	319	255	1.956807	4.675136	624.221549	0.032881	45320	19.955967	28.857772	256x256	65536	sparse	Otsu	310	5	27	2186	31.278691	0.615273	29.083798	0.997070	0.502370	0.509583	8	9	0.000000	34	2182	31.515007	0.657619	0.996687	28.529994	0.387374	0.512026	3945	31.864316	0.695857	0.998105	31.010241	0.203478	0.504351	-0.542721	-0.035705	-0.496058	-0.049178	True	0.635052	0.473878	0.671702	28.345610	0.999246	7976
7977.png	0.638117	0.503945	0.670164	0.507784	0.985219	0.999136	27.741417	0.996965	28.419261	0.437397	0.447517	0.571996	30.894980	0.573612	2426	4	16	36	19	2.072948	4.000000	329	341	594.755817	4.453184	0.029518	-0.009475	-0.321565	-0.000166	-0.000216	-0.010434	567.717791	4	16	-12	36	19	2.072948	4.000000	4	0	329	341	274	1.744152	4.453184	594.755817	0.029518	45314	18.678483	27.014015	256x256	65536	sparse	Meijering	329	4	29	2393	31.355317	0.625611	28.742810	0.997181	0.447830	0.643706	5	2	0.000000	36	2390	31.568296	0.671110	0.996754	28.189954	0.418545	0.423561	3926	31.901363	0.695304	0.998290	30.953129	0.385958	0.441576	-0.323549	-0.196189	-0.460337	-0.051999	True	0.782379	0.447517	0.647592	28.062982	0.999302	7977
7978.png	0.744548	0.603249	0.752533	0.604950	0.995361	0.998723	27.817359	0.996364	28.371062	0.617767	0.565039	0.925275	31.269721	0.602325	2603	6	5	14	17	1.994152	0.833333	342	341	693.495559	4.300350	0.018340	0.006115	-0.264870	-0.000100	-0.000351	0.036626	650.965214	6	5	1	14	17	1.994152	0.833333	6	0	342	341	311	2.033711	4.300350	693.495559	0.018340	45048	17.306185	25.177103	256x256	65536	sparse	Otsu	342	6	30	2526	31.672191	0.648888	28.715780	0.996715	0.581140	0.477479	11	14	0.000000	40	2400	31.975621	0.689730	0.996402	28.347042	0.569248	0.576887	3581	32.103372	0.694472	0.998010	30.914412	0.350213	0.584090	-0.344717	0.087560	-0.402469	-0.046562	True	0.610672	0.565039	0.738433	28.082229	0.998824	7978
7979.png	0.667662	0.290928	0.450727	0.290928	1.000000	0.999657	27.585035	0.996962	28.463610	0.288042	0.248327	0.477099	30.025080	0.521105	2768	11	22	60	42	2.057292	2.000000	384	395	713.610727	3.781954	0.045833	-0.003796	-0.459614	-0.000050	-0.000477	0.013102	643.372536	11	22	-11	60	42	2.057292	2.000000	11	0	384	395	282	1.806609	3.781954	713.610727	0.045833	45909	16.585621	23.676301	256x256	65536	sparse	Meijering	384	11	29	2619	30.727577	0.598246	29.083988	0.997439	0.274939	0.510808	4	1	0.181818	33	2710	31.028014	0.653332	0.997211	28.668430	0.329680	0.270421	3340	31.016808	0.637415	0.997887	30.125267	0.313092	0.278472	-0.620378	-0.262480	-0.702497	-0.077141	True	0.520495	0.248327	0.671458	28.044649	0.999707	7979
7980.png	0.741135	0.550326	0.709949	0.551524	0.996068	0.999023	27.798935	0.997396	28.265000	0.514141	0.634565	1.090532	30.532257	0.550728	2293	5	10	28	20	2.035088	2.000000	285	290	587.096357	4.427187	0.028242	0.002391	0.252133	0.000033	-0.000062	0.003441	567.246437	5	10	-5	28	20	2.035088	2.000000	5	0	285	290	237	2.024470	4.427187	587.096357	0.028242	45698	19.929350	28.580898	256x256	65536	sparse	Meijering	285	5	25	2188	30.839045	0.597653	28.247907	0.997457	0.510700	0.610672	6	6	0.000000	31	2140	31.080246	0.641975	0.996973	27.690441	0.557044	0.531182	4112	31.565907	0.684448	0.998558	30.819666	0.482114	0.496012	0.017093	0.023893	-0.306788	-0.046925	True	0.581886	0.634565	0.738744	27.546802	0.998990	7980
7981.png	0.617707	0.469468	0.638963	0.477357	0.965994	0.998851	27.027384	0.996538	28.053340	0.399376	0.337297	0.438662	29.928651	0.529918	3087	8	33	79	40	2.118203	4.125000	423	448	866.689221	3.893417	0.039403	0.023436	-1.166504	-0.000345	-0.000556	0.022099	641.279697	8	33	-25	79	40	2.118203	4.125000	8	1	423	448	304	1.934574	3.893417	866.689221	0.039403	46095	14.931973	21.229673	256x256	65536	sparse	Meijering	423	8	31	3079	30.707325	0.616944	28.750508	0.997093	0.377278	0.253397	18	1	0.375000	34	3066	30.988465	0.672797	0.996537	28.111525	0.337879	0.338650	669	30.016769	0.528595	0.995189	26.796251	0.457425	0.385360	-0.697169	0.083900	-0.778674	-0.087026	True	0.768922	0.337297	0.594271	28.193888	0.999196	7981
7982.png	0.675509	0.470216	0.639656	0.472102	0.991579	0.999219	27.731075	0.997374	28.264520	0.428953	0.520495	0.833206	30.000040	0.524766	2452	4	21	52	24	2.104294	5.250000	326	343	631.713359	4.353800	0.033435	-0.002457	0.154484	-0.000012	-0.000051	0.011980	580.636501	4	21	-17	52	24	2.104294	5.250000	4	0	326	343	250	1.841730	4.353800	631.713359	0.033435	46059	18.784258	26.727569	256x256	65536	sparse	Meijering	326	4	26	2405	30.500767	0.589316	28.266034	0.997425	0.416973	0.419578	10	5	0.000000	30	2422	30.740437	0.639508	0.996926	27.638559	0.357036	0.416416	3683	31.016079	0.653481	0.998238	30.087977	0.433960	0.418364	-0.001514	0.100916	-0.500727	-0.064551	True	0.624689	0.520495	0.677966	27.576591	0.999231	7982
7983.png	0.599219	0.393929	0.565207	0.399222	0.967438	0.999218	27.846123	0.997102	28.365665	0.307937	0.212388	0.404710	30.377201	0.539076	2604	7	26	73	36	2.105850	3.714286	359	378	683.803369	4.036298	0.045673	-0.002362	-0.482056	-0.000149	-0.000498	0.004188	616.740942	7	26	-19	73	36	2.105850	3.714286	7	1	359	378	250	1.809004	4.036298	683.803369	0.045673	45667	17.537250	25.167435	256x256	65536	sparse	Meijering	359	7	29	2528	30.980801	0.607952	29.029415	0.997600	0.303748	0.270211	12	2	0.142857	34	2564	31.229506	0.657388	0.997132	28.459552	0.294528	0.263437	3599	31.374559	0.661887	0.998152	30.390592	0.228948	0.293993	-0.663750	-0.057823	-0.603600	-0.068876	True	0.524791	0.212388	0.601581	28.328179	0.999368	7983
7984.png	0.665314	0.323744	0.489134	0.324533	0.992547	0.999626	27.792881	0.997062	28.746648	0.338337	0.321248	0.588200	30.996125	0.566052	2098	6	12	35	25	2.041522	2.000000	289	295	593.383859	4.492075	0.036886	0.013185	0.062644	-0.000015	-0.000389	0.003649	607.485294	6	12	-6	35	25	2.041522	2.000000	6	0	289	295	229	2.011471	4.492075	593.383859	0.036886	45219	21.553384	31.237369	256x256	65536	sparse	Meijering	289	6	26	2022	31.281665	0.606409	29.203078	0.997451	0.334687	0.326320	8	1	0.333333	34	2072	31.615935	0.652215	0.997068	28.786270	0.445673	0.316816	4469	32.177817	0.715422	0.998567	31.601933	0.228948	0.333469	-0.456431	-0.005072	-0.285540	-0.040357	True	0.546155	0.321248	0.652130	27.730238	0.999641	7984
7985.png	0.721393	0.375368	0.545843	0.381968	0.955993	0.999443	27.025681	0.997844	28.266667	0.377104	0.447517	0.794770	30.837845	0.566570	2235	5	9	26	19	2.027778	1.800000	288	292	497.908639	4.615675	0.031332	0.005456	-0.231803	-0.000147	-0.000224	-0.000748	574.493647	5	9	-4	26	19	2.027778	1.800000	5	0	288	292	243	1.705167	4.615675	497.908639	0.031332	45445	20.333333	29.322595	256x256	65536	sparse	Meijering	288	5	27	2204	31.209299	0.613088	28.342943	0.998069	0.377853	0.423874	7	2	0.000000	34	2200	31.483101	0.659069	0.997925	28.138707	0.453015	0.385565	4058	31.824108	0.694975	0.998878	31.012211	0.435282	0.371867	-0.076276	0.023644	-0.371454	-0.046518	True	0.563078	0.447517	0.715937	27.257483	0.999590	7985
7986.png	0.657960	0.509361	0.674936	0.510985	0.993797	0.999036	28.101152	0.996574	28.416188	0.421479	0.264104	0.383829	31.000471	0.584463	2371	4	23	52	24	2.119497	5.750000	318	337	614.160995	4.239440	0.038969	-0.031323	-0.313205	-0.000092	-0.000491	-0.008358	583.280563	4	23	-19	52	24	2.119497	5.750000	4	1	318	337	242	1.822436	4.239440	614.160995	0.038969	45063	19.005905	27.640658	256x256	65536	sparse	Meijering	318	4	29	2323	31.603533	0.634075	29.102482	0.997065	0.429837	0.377078	9	5	0.000000	39	2348	31.950446	0.676670	0.996983	28.941414	0.304467	0.427205	3634	32.065374	0.693211	0.998084	31.049372	0.228948	0.415074	-0.686295	-0.112973	-0.603062	-0.049612	True	0.688077	0.264104	0.689283	28.414357	0.999128	7986
7987.png	0.587740	0.547077	0.707240	0.548036	0.996811	0.999015	28.061421	0.996993	28.472853	0.370810	0.304645	0.411261	31.466745	0.607695	2365	4	19	43	21	2.096154	4.750000	312	327	680.826446	4.541665	0.028575	-0.014662	-0.306340	-0.000108	-0.000509	-0.013913	630.855560	4	19	-15	43	21	2.096154	4.750000	4	1	312	327	248	2.082038	4.541665	680.826446	0.028575	44712	18.905708	27.710782	256x256	65536	sparse	Meijering	312	4	30	2287	31.932696	0.649447	29.043397	0.997502	0.384723	0.332356	10	3	0.000000	42	2328	32.285273	0.692478	0.997453	29.072410	0.311147	0.369565	3674	32.427545	0.705128	0.998348	31.234876	0.366417	0.370448	-0.570545	-0.027710	-0.465951	-0.041752	True	0.740760	0.304645	0.602402	28.367760	0.999123	7987
7988.png	0.766934	0.434829	0.606106	0.435768	0.995070	0.999331	27.539291	0.997071	28.360937	0.430929	0.338157	0.556716	30.796521	0.562422	2521	8	21	50	25	2.078078	2.625000	333	346	679.471084	3.999854	0.036477	-0.000937	-0.220359	-0.000084	-0.000377	0.007645	626.142979	8	21	-13	50	25	2.078078	2.625000	8	1	333	346	258	1.963789	3.999854	679.471084	0.036477	45295	17.967077	25.996033	256x256	65536	sparse	Meijering	333	8	29	2503	31.269086	0.623471	28.785910	0.997449	0.423284	0.588522	5	4	0.000000	37	2476	31.590191	0.670514	0.997283	28.530937	0.415955	0.419749	3567	31.720769	0.677202	0.998362	30.626017	0.369863	0.413942	-0.424973	-0.250365	-0.472565	-0.061049	True	0.607414	0.338157	0.767870	27.759650	0.999415	7988
7989.png	0.814507	0.541172	0.702287	0.541757	0.998011	0.999339	27.233618	0.997819	28.054832	0.555796	0.627679	0.916397	30.459013	0.548409	2340	4	4	8	10	2.000000	1.000000	303	303	506.563036	4.528643	0.020624	-0.004377	-0.165328	-0.000025	0.000066	-0.003960	540.748358	4	4	0	8	10	2.000000	1.000000	4	0	303	303	285	1.671825	4.528643	506.563036	0.020624	45761	19.555983	28.006838	256x256	65536	sparse	Meijering	303	4	26	2325	30.822500	0.602564	27.919045	0.997753	0.559755	0.743339	4	9	0.000000	31	2250	31.016445	0.646155	0.997504	27.499140	0.629166	0.563355	3992	31.432078	0.678862	0.998734	30.424669	0.554506	0.552196	0.135787	-0.115660	-0.363487	-0.054154	True	0.684942	0.627679	0.818884	27.398946	0.999364	7989
7990.png	0.745800	0.461853	0.631874	0.462542	0.996787	0.999311	27.791386	0.997176	28.366497	0.423578	0.368716	0.605076	30.772977	0.559147	2402	5	28	54	23	2.141975	5.600000	324	347	662.941021	4.245030	0.043738	-0.005858	-0.223866	-0.000036	-0.000428	0.001662	617.647648	5	28	-23	54	23	2.141975	5.600000	5	1	324	347	247	1.910493	4.245030	662.941021	0.043738	45401	18.901332	27.283930	256x256	65536	sparse	Meijering	324	5	27	2234	31.180323	0.611549	28.937547	0.997605	0.421916	0.604656	5	6	0.000000	34	2382	31.480555	0.663498	0.997255	28.437767	0.678578	0.415207	3897	31.797961	0.688371	0.998533	31.108464	0.409036	0.407753	-0.571050	-0.235940	-0.407346	-0.052402	True	0.609372	0.368716	0.751658	28.015252	0.999347	7990
7991.png	0.691150	0.457520	0.627806	0.457646	0.999399	0.999243	27.759179	0.994432	28.334895	0.551366	0.638502	0.803095	30.167467	0.546817	2575	4	13	31	16	2.054381	3.250000	331	340	711.047768	5.042754	0.029996	-0.005511	-0.037846	-0.000051	-0.000469	0.004087	670.089245	4	13	-9	31	16	2.054381	3.250000	4	1	331	340	284	2.091317	5.042754	711.047768	0.029996	45787	17.781359	25.450874	256x256	65536	sparse	Otsu	331	4	28	2550	30.859839	0.611387	28.769406	0.994901	0.547279	0.470787	11	9	0.000000	31	2384	31.016479	0.649882	0.994082	28.026036	0.426884	0.524451	3644	31.298641	0.667223	0.996613	30.145178	0.227184	0.552300	-0.434511	0.167716	-0.692372	-0.064570	True	0.795052	0.638502	0.696660	27.797025	0.999293	7991
7992.png	0.652663	0.425354	0.596840	0.429410	0.978279	0.999319	27.883490	0.997020	28.632784	0.356961	0.341638	0.616395	30.967303	0.571013	2564	7	38	74	33	2.167116	5.428571	371	402	683.095765	4.238438	0.037058	-0.002562	-0.291218	-0.000114	-0.000451	0.001153	648.752213	7	38	-31	74	33	2.167116	5.428571	7	1	371	402	264	1.699243	4.238438	683.095765	0.037058	45194	17.626365	25.560062	256x256	65536	sparse	Meijering	371	7	31	2443	31.515993	0.629133	29.180616	0.997471	0.355808	0.381217	8	3	0.000000	40	2456	31.814025	0.674305	0.997282	29.095626	0.381217	0.318198	3567	31.893876	0.683043	0.998254	31.002122	0.265505	0.344334	-0.547832	-0.039579	-0.548691	-0.058120	True	0.554251	0.341638	0.655225	28.174708	0.999432	7992
7993.png	0.676986	0.567235	0.723867	0.572003	0.985516	0.999180	27.782325	0.997765	28.339565	0.466788	0.342953	0.520380	31.493846	0.604267	2443	5	11	25	17	2.034783	2.200000	345	351	602.976737	4.369706	0.017689	0.003841	-0.464832	-0.000123	-0.000321	0.008820	630.341530	5	11	-6	25	17	2.034783	2.200000	5	0	345	351	303	1.717882	4.369706	602.976737	0.017689	44824	18.347933	26.826034	256x256	65536	sparse	Meijering	345	5	30	2437	31.773761	0.647986	28.883289	0.998086	0.457968	0.370118	9	0	0.600000	41	2436	32.179775	0.693840	0.997938	28.758624	0.333023	0.457435	3773	32.354867	0.707188	0.998755	31.105188	0.318414	0.456339	-0.543724	-0.027164	-0.279915	-0.043719	True	0.659043	0.342953	0.673145	28.247158	0.999304	7993
7994.png	0.656522	0.517129	0.681720	0.519885	0.989852	0.999255	27.778735	0.997595	28.493626	0.412054	0.436893	0.642319	31.540539	0.599313	2039	4	4	10	12	2.000000	1.000000	272	272	492.607798	4.727185	0.018979	-0.006498	-0.076870	-0.000057	-0.000105	0.002460	579.597712	4	4	0	10	12	2.000000	1.000000	4	0	272	272	250	1.811058	4.727185	492.607798	0.018979	44777	21.960275	32.141246	256x256	65536	sparse	Meijering	272	4	27	2023	31.785923	0.633462	28.596894	0.997700	0.409594	0.455872	7	6	0.000000	37	1974	32.007330	0.670669	0.997381	28.317933	0.415584	0.391554	4662	32.702825	0.734827	0.998832	31.963881	0.414916	0.416223	-0.103268	-0.018979	-0.245384	-0.034148	True	0.680181	0.436893	0.663020	27.855605	0.999312	7994
7995.png	0.538066	0.503378	0.669663	0.525826	0.921822	0.998217	27.641466	0.996446	28.209303	0.374722	0.286805	0.459116	30.127365	0.531349	2903	8	33	74	38	2.125000	4.125000	400	425	827.582204	3.629268	0.045132	0.051666	-1.171677	-0.000559	-0.000725	0.051862	623.683691	8	33	-25	74	38	2.125000	4.125000	8	2	400	425	288	1.947252	3.629268	827.582204	0.045132	45823	15.784705	22.575267	256x256	65536	sparse	Meijering	400	8	31	2841	30.905751	0.613450	29.108499	0.997171	0.322860	0.300461	15	8	0.000000	37	2896	31.219037	0.669527	0.996897	28.732713	0.191035	0.304181	3043	31.022576	0.630421	0.997562	29.728523	0.185624	0.331843	-0.899195	-0.013656	-0.778386	-0.082101	True	0.624689	0.286805	0.486400	28.813143	0.998776	7995
7996.png	0.735606	0.544492	0.705075	0.544684	0.999352	0.999121	27.864046	0.996686	28.631852	0.547376	0.613259	0.852734	31.613871	0.609820	2247	4	10	23	15	2.039216	2.500000	306	312	559.158003	4.893780	0.029282	-0.009993	-0.437278	-0.000111	-0.000362	0.007122	647.148848	4	10	-6	23	15	2.039216	2.500000	4	0	306	312	268	1.792173	4.893780	559.158003	0.029282	44624	19.859368	29.165999	256x256	65536	sparse	Otsu	306	4	29	2226	31.971758	0.649824	29.105430	0.997048	0.540254	0.481855	8	2	0.000000	42	2096	32.242426	0.684319	0.996921	29.022118	0.510808	0.515890	4250	32.674125	0.729864	0.998374	31.665357	0.328101	0.508475	-0.473578	0.131404	-0.357887	-0.040004	True	0.719168	0.613259	0.745599	28.301324	0.999231	7996
7997.png	0.694425	0.418281	0.589842	0.418565	0.998378	0.999515	27.591877	0.997463	28.361385	0.395246	0.408116	0.582766	30.750423	0.563396	2385	4	12	31	19	2.052980	3.000000	302	310	556.006889	4.680251	0.033439	0.010476	-0.154656	-0.000033	-0.000219	0.008303	579.613686	4	12	-8	31	19	2.052980	3.000000	4	0	302	310	252	1.793571	4.680251	556.006889	0.033439	45430	19.048218	27.478407	256x256	65536	sparse	Meijering	302	4	27	2306	31.133579	0.615351	28.567068	0.997682	0.386943	0.428791	8	0	0.500000	32	2144	31.334879	0.652141	0.997123	27.817880	0.306119	0.345801	3852	31.710759	0.684185	0.998483	30.749681	0.257327	0.383543	-0.205683	-0.020675	-0.383157	-0.051955	True	0.700308	0.408116	0.683949	27.746533	0.999548	7997
7998.png	0.635053	0.553259	0.712384	0.563727	0.967525	0.998851	27.356225	0.997427	28.114277	0.466168	0.272882	0.441103	30.543189	0.553811	2374	5	13	37	24	2.049689	2.600000	322	330	631.712856	4.160183	0.034047	-0.008238	-0.481512	-0.000208	-0.000146	-0.011550	595.149755	5	13	-8	37	24	2.049689	2.600000	5	0	322	330	261	1.914281	4.160183	631.712856	0.034047	45625	19.218618	27.605729	256x256	65536	sparse	Meijering	322	5	26	2300	30.940667	0.605670	28.444241	0.997574	0.477718	0.455289	8	5	0.000000	33	2360	31.216022	0.654993	0.997250	27.859514	0.553657	0.467546	3943	31.590967	0.683513	0.998525	30.722866	0.319776	0.471490	-0.329964	-0.182407	-0.397478	-0.051859	True	0.618636	0.272882	0.643291	27.837737	0.999059	7998
7999.png	0.682021	0.501331	0.667849	0.502371	0.995887	0.999145	27.999783	0.996504	28.616064	0.500296	0.442337	0.574408	31.409519	0.606054	2725	4	16	39	21	2.062016	4.000000	387	399	685.721863	4.499696	0.024157	0.008896	-0.298378	-0.000090	-0.000500	0.006963	607.472897	4	16	-12	39	21	2.062016	4.000000	4	0	387	399	327	1.718601	4.499696	685.721863	0.024157	44873	16.467156	24.049908	256x256	65536	sparse	Meijering	387	4	32	2661	31.860282	0.658907	29.125546	0.997004	0.493333	0.624689	6	2	0.000000	42	2494	32.183283	0.699282	0.996816	28.965359	0.421124	0.481931	3455	32.232315	0.697140	0.997990	31.092591	0.391734	0.469472	-0.509482	-0.182352	-0.450763	-0.052854	True	0.770075	0.442337	0.673125	28.298162	0.999236	7999
