stem,w1_GRAPH,ks_GRAPH,w1_JPEG,ks_JPEG,w1_PRE,ks_PRE,w1_SEG,ks_SEG
7249,11.096123483117207,0.36363636363636365,25.304571675040357,0.6363636363636364,10.775646363450267,0.36363636363636365,19.413754413838237,0.45454545454545453
7250,6.218540358756923,0.4468864468864469,1.6382673650027177,0.13333333333333333,6.523438199211847,0.4468864468864469,4.642224281391706,0.37142857142857144
7251,5.6909415778944314,0.3181818181818182,7.080111582452335,0.2897727272727273,6.099273985872964,0.3181818181818182,4.980542024541294,0.3125
7252,11.758962932259548,0.5,10.549468486983917,0.37166666666666665,12.135407640085653,0.5,7.680753963192674,0.3333333333333333
7253,6.349047506410666,0.25,5.205939751330898,0.275,6.900423877302767,0.25,1.4053300858899116,0.125
7254,23.030248075431093,0.6428571428571429,13.851923562961153,0.5178571428571429,23.59253416847654,0.6428571428571429,13.379715512713009,0.5178571428571429
7255,5.597033869766419,0.3076923076923077,2.935703180748077,0.22435897435897437,5.8575652694341365,0.38461538461538464,6.635343047211915,0.38461538461538464
7256,10.950566191994104,0.4444444444444444,3.8722577945929375,0.3263888888888889,11.42673560372955,0.4444444444444444,9.362821062851802,0.34444444444444444
7257,15.023748607343752,0.46153846153846156,2.6053890526991372,0.23076923076923078,15.80733154812921,0.46153846153846156,4.4480640549155135,0.3076923076923077
7258,19.37852229293285,0.4666666666666667,12.338774314139737,0.3939393939393939,20.153718119239777,0.4666666666666667,20.439432404954054,0.4666666666666667
7259,14.215177481548842,0.5,21.060237040253497,0.6339869281045751,14.50550143149851,0.5,14.505501431498507,0.5
7260,15.726586038879033,0.5,7.2271655282523515,0.35714285714285715,16.11588331172044,0.5,12.617242569680243,0.42857142857142855
7261,5.170128287229834,0.2777777777777778,9.67918870802312,0.4,5.139650472165821,0.2777777777777778,7.352256690753663,0.2777777777777778
7262,13.491536199064672,0.4,6.763148143424277,0.23333333333333334,13.966373932579158,0.4,4.819142503119132,0.23030303030303031
7263,21.60408864988214,0.6875,14.046257210636103,0.5,21.955354121343586,0.6875,14.18534450716211,0.4375
7264,5.171904145637599,0.25,4.207106781186547,0.25,4.7588834764831835,0.25,4.8624368670764575,0.25
7265,2.283595152753506,0.2,23.671022295052698,0.6923076923076923,1.9656854249492284,0.2,1.9656854249492337,0.2
7266,22.980511347165592,0.5454545454545454,23.62765444998037,0.5454545454545454,23.710497162454992,0.5454545454545454,11.075207540863762,0.2597402597402597
7267,7.254442668311497,0.4,3.37959415460184,0.23333333333333334,7.757236648003572,0.45,1.9919531432703785,0.14705882352941177
7268,6.093656371714105,0.34782608695652173,2.701637491501473,0.2391304347826087,6.361725115155409,0.391304347826087,6.845783086169903,0.4985507246376812
7269,15.214450105054635,0.3333333333333333,5.34194724731538,0.21428571428571427,15.824945875942952,0.375,8.527771212991581,0.2727272727272727
7270,16.741836517225874,0.4,16.886669059583323,0.4666666666666667,17.045247703346018,0.4666666666666667,7.090128060534576,0.3
7272,3.9466208564662875,0.2,4.608013807772838,0.27380952380952384,4.332267914384516,0.21666666666666667,1.8047378541243642,0.16666666666666666
7273,15.981993119061883,0.6875,4.885885834979803,0.3695652173913043,16.810370657675275,0.6875,9.246511665209724,0.4017857142857143
7274,18.217188502371556,0.625,12.31685490210601,0.5704545454545454,18.71015510839148,0.625,6.2307960518083725,0.20833333333333334
7275,9.082142373693781,0.3076923076923077,3.551538864930692,0.1888111888111888,9.272004378168925,0.3076923076923077,7.221693734223284,0.3076923076923077
7276,14.971863834144743,0.45454545454545453,4.192063488382551,0.45454545454545453,15.431843314623702,0.5454545454545454,11.041849846124489,0.45454545454545453
7277,6.165359888184441,0.2777777777777778,2.7910808748670495,0.2857142857142857,6.479978350377178,0.2777777777777778,4.835127462305411,0.23333333333333334
7278,9.293041190292367,0.375,1.4023689270621822,0.08333333333333333,9.557488569873618,0.375,9.807488569873618,0.375
7279,9.437696618428092,0.3333333333333333,14.955788830543563,0.5333333333333333,9.602116395368014,0.3333333333333333,9.602116395368016,0.3333333333333333
7280,16.750222553066294,0.5,10.949267669681868,0.35909090909090907,17.657032816365792,0.5,10.009027607216478,0.32727272727272727
7281,17.862257415330983,0.5,8.842784990944521,0.3333333333333333,18.30677007226099,0.5,18.306770072260985,0.5
7283,8.82952133012117,0.3076923076923077,4.110566837272874,0.2,9.377926389040192,0.3076923076923077,4.61726656885183,0.16083916083916083
7284,14.765803852806604,0.5,16.06514549421001,0.5,15.347210186780872,0.5,15.347210186780865,0.5
7285,16.64532105033719,0.625,11.311307195096756,0.4142857142857143,16.994164850721752,0.625,6.788495064760464,0.2916666666666667
7286,26.60495093756156,0.625,26.91878605318049,0.625,27.06523266258722,0.625,27.06523266258722,0.625
7287,0.891010468145118,0.2,1.414213562373093,0.2,1.448528137423856,0.2,1.4485281374238552,0.2
7288,6.290034063641338,0.375,6.599963017589619,0.275,6.467766952966367,0.375,6.842766952966368,0.475
7289,9.038620018842833,0.42857142857142855,10.817658725097438,0.42857142857142855,9.342694801053748,0.42857142857142855,5.717679857903371,0.42857142857142855
7290,12.953975858065105,0.3333333333333333,8.521780154383205,0.3333333333333333,13.4498463084384,0.4444444444444444,6.990541464993749,0.3333333333333333
7291,9.895983733240042,0.2857142857142857,16.09721864348049,0.4835164835164835,9.60427918278492,0.2857142857142857,8.567223249782444,0.2857142857142857
7293,2.9857890372642317,0.3333333333333333,23.133655218506757,0.8461538461538461,2.471404520791031,0.3333333333333333,8.830161731427133,0.375
7294,21.580291355883396,0.6363636363636364,9.025254978995294,0.32954545454545453,22.171151763829013,0.7272727272727273,10.86671632178373,0.44155844155844154
7295,11.093563079623275,0.4789473684210526,4.409447605698855,0.19298245614035087,11.620242263183936,0.5263157894736842,8.205144167333462,0.35964912280701755
7296,18.213824819208792,0.5263157894736842,5.035083375680312,0.16917293233082706,18.751607360985254,0.5263157894736842,10.739568611347838,0.3684210526315789
7297,5.708011442785133,0.2,1.5000000000000004,0.1,6.078731957466682,0.25,1.6071067811865452,0.1
7298,11.808667901680286,0.2857142857142857,29.79649242448247,0.6536796536796536,11.607833427991286,0.2857142857142857,11.789011421044822,0.2698412698412698
7299,12.97285022884576,0.5,9.081801526280124,0.43356643356643354,13.506674528950153,0.5,3.8860071278512565,0.24866310160427807
7300,1.5338527636827597,0.2857142857142857,1.5469181606780296,0.2857142857142857,1.379550607070343,0.14285714285714285,1.379550607070342,0.2857142857142857
7301,8.447416708009431,0.35714285714285715,3.569705758486274,0.2857142857142857,8.703336934855413,0.35714285714285715,9.328336934855413,0.5714285714285714
7302,7.993057081385443,0.5281385281385281,2.484844474568425,0.2777777777777778,8.50560677371695,0.5281385281385281,3.319558679911466,0.2261904761904762
7303,7.308986514279181,0.2887700534759358,3.9258503380945253,0.14705882352941177,7.931247920390413,0.2887700534759358,3.238515100961638,0.11764705882352941
7305,3.3057246120311783,0.2857142857142857,3.353783580876087,0.27380952380952384,3.4506104612132447,0.2857142857142857,2.706200609213347,0.21428571428571427
7306,13.69969257994482,0.55,2.7392556509887904,0.25833333333333336,14.18319984622144,0.55,9.949747468305834,0.4
7307,8.014162084521692,0.36666666666666664,3.4787950903902245,0.175,8.467598598503587,0.36666666666666664,9.300931931836919,0.4
7308,6.09976644664008,0.2897727272727273,2.8731601717798214,0.125,6.81575412827858,0.29545454545454547,2.25,0.1875
7309,24.097711203617937,0.7,11.7868374140461,0.5,24.56040764008565,0.7,24.56040764008565,0.7
7310,13.940880801671486,0.42105263157894735,9.230683930820597,0.15384615384615385,14.708166618366942,0.42105263157894735,8.544578516118026,0.291497975708502
7311,20.528123332559723,0.6428571428571429,13.182108063106183,0.4642857142857143,21.054026651090755,0.6428571428571429,21.38735998442409,0.6428571428571429
7312,13.32982280159421,0.375,10.568825150650374,0.4166666666666667,13.718250352560275,0.375,8.347420629859343,0.2916666666666667
7313,14.607482096656074,0.5555555555555556,6.731123132380849,0.3333333333333333,14.988552179963333,0.6111111111111112,6.131912774734909,0.43333333333333335
7314,2.4054023560885422,0.2,2.8142135623730944,0.3,2.3242640687119276,0.3,2.707106781186547,0.3
7315,9.587935973023868,0.38461538461538464,4.317596542681301,0.38461538461538464,9.929032767031305,0.46153846153846156,3.6654648364159943,0.20279720279720279
7316,4.95397359971589,0.4,8.156529919877922,0.2571428571428571,4.940637540659894,0.4,7.256389211974884,0.30606060606060603
7317,8.059077117090487,0.35555555555555557,5.365071051523991,0.26666666666666666,8.420035266170325,0.35555555555555557,5.226495251213655,0.26666666666666666
7318,8.556482073101748,0.47368421052631576,2.154641145884316,0.16578947368421051,9.096190538725917,0.47368421052631576,7.777621447568235,0.39035087719298245
7319,22.938552997301414,0.8421052631578947,6.650397137590442,0.34210526315789475,23.40329800280578,0.8421052631578947,24.236631336139112,0.8421052631578947
7320,7.249421052545542,0.4166666666666667,7.248647309288931,0.2854609929078014,7.610697102349221,0.4166666666666667,2.953312029604782,0.2857142857142857
7321,9.413996683607973,0.4,7.007910951603476,0.2708333333333333,10.09514166728019,0.4,4.06680645340543,0.16964285714285715
7322,18.045211152236128,0.4666666666666667,8.428300858899108,0.4,18.74802307403552,0.4666666666666667,19.081356407368848,0.4666666666666667
7323,2.009873970034853,0.25,16.875542731273782,0.6217948717948718,1.6213203435596404,0.125,1.1213203435596428,0.125
7324,8.284243066040414,0.30952380952380953,4.098580337167541,0.18487394957983194,8.742503830431165,0.30952380952380953,6.857593275608227,0.24285714285714285
7325,13.596179278587492,0.5714285714285714,6.183249000717743,0.38961038961038963,13.975128829686359,0.5714285714285714,11.197952735031041,0.4642857142857143
7326,3.209927620489613,0.23214285714285715,1.3749999999999984,0.125,3.3172232497824505,0.23214285714285715,6.585533905932737,0.35
7327,11.94522262574209,0.375,7.353155273154228,0.375,12.558630944789018,0.425,7.865906080438342,0.375
7328,27.768164710810282,0.7058823529411765,22.981941854107824,0.5630252100840336,28.180873141032137,0.7058823529411765,22.832020673993828,0.5630252100840336
7329,5.314267187088689,0.3,6.485406785472563,0.30357142857142855,5.585816323927663,0.35714285714285715,3.2895940691405317,0.2857142857142857
7330,41.375291836951725,0.6666666666666666,16.84137290096989,0.44047619047619047,42.239345810511814,0.75,42.23934581051181,0.75
7331,3.835082963829688,0.375,3.2420787522427736,0.2980769230769231,3.99274590865852,0.375,3.196217669341807,0.2980769230769231
7332,15.08252933954293,0.5555555555555556,3.5059900582600103,0.2,15.651679485575292,0.5555555555555556,8.227268350748599,0.30303030303030304
7333,17.09703548716841,0.5454545454545454,6.39611409572373,0.36363636363636365,17.485485593178197,0.5454545454545454,11.32517755801964,0.5454545454545454
7334,13.466109845841556,0.5789473684210527,2.3898781855472233,0.2379862700228833,13.865203246586539,0.5789473684210527,7.721017069972127,0.3684210526315789
7335,6.2234714994803095,0.3,4.52593467038532,0.23636363636363636,6.180508652763322,0.3,3.3610061647150418,0.22727272727272727
7336,15.25310255742838,0.5,17.51358653657087,0.5238095238095238,15.62825877028341,0.5,15.62825877028341,0.5
7337,18.431338140663023,0.6666666666666666,7.37322455044969,0.38974358974358975,18.815432893255068,0.7333333333333333,11.199849079212662,0.48333333333333334
7339,5.635455617890045,0.25,5.637370300516683,0.30158730158730157,5.367730877010056,0.25,7.561696323046081,0.3333333333333333
7340,4.551738855314666,0.23863636363636365,9.408986893159563,0.4935064935064935,4.950946964865736,0.23863636363636365,3.957709850738345,0.23232323232323232
7341,19.778658182080203,0.5,4.429163056034262,0.225,20.585155108391483,0.625,7.456896338108073,0.375
7342,11.78112896928741,0.55,5.070829722700928,0.35,12.429646455628165,0.55,7.626615601575551,0.39615384615384613
7343,2.231848167167368,0.2,9.053808486126716,0.35714285714285715,1.9485281374238557,0.1,3.674841267448661,0.18181818181818182
7344,15.690056004650994,0.4,6.67193000900063,0.275,16.341329573769595,0.4,9.881118318204306,0.4
7345,6.5546836933619765,0.3333333333333333,5.849438258837926,0.2857142857142857,7.036760458079522,0.3333333333333333,7.286760458079524,0.3333333333333333
7346,6.802279066055941,0.4681818181818182,1.3199650340731157,0.17307692307692307,7.439700900838714,0.4681818181818182,5.73404595073311,0.3423076923076923
7347,17.61294872675206,0.4444444444444444,29.62214014805163,0.7647058823529411,17.103686307704056,0.4444444444444444,21.65045693450621,0.48484848484848486
7348,6.312289178410353,0.23809523809523808,7.090371971046851,0.23809523809523808,6.613440523519452,0.23809523809523808,6.689695134743371,0.23809523809523808
7349,7.149305227528391,0.4,3.602386360737626,0.20833333333333334,7.501550945164725,0.4,6.593220466259514,0.32857142857142857
7350,12.027446689730297,0.4,6.554924639311195,0.4,12.091343014669139,0.4,6.749803586460093,0.4
7351,6.8390209541464895,0.25,9.960250456328552,0.48214285714285715,7.16768277573498,0.25,7.5010161090683125,0.375
7352,13.300020446021463,0.42105263157894735,4.389581316203346,0.15970961887477314,13.971722383816862,0.42105263157894735,7.011034842609808,0.2850877192982456
7353,12.9904773157012,0.4,10.78643097041877,0.3333333333333333,13.337846714840659,0.4,9.21028859550338,0.18333333333333332
7354,2.6203192146512215,0.289002557544757,2.0545579998234365,0.13043478260869565,2.9239049226834424,0.289002557544757,1.6876058717883287,0.13949275362318841
7355,4.772962017020624,0.3333333333333333,3.107022603955158,0.16666666666666666,4.624873734152916,0.3333333333333333,3.4260581976840077,0.16666666666666666
7356,16.948654789074364,0.5241935483870968,14.065226979696591,0.4838709677419355,17.758326338155314,0.5241935483870968,14.220339327929004,0.45161290322580644
7357,11.386198298066025,0.5333333333333333,2.1550061835820036,0.1761904761904762,11.646995342516913,0.5333333333333333,6.956530670139207,0.3515151515151515
7358,2.07035382547002,0.4,2.682842712474617,0.2,1.3656854249492412,0.2,1.3656854249492396,0.2
7359,10.38049118254723,0.3333333333333333,11.801491090939079,0.5466666666666666,10.990187582825715,0.4166666666666667,10.990187582825714,0.4166666666666667
7360,10.046438297321801,0.36363636363636365,3.270051158952465,0.36363636363636365,10.578074805622482,0.4025974025974026,10.928724156271834,0.4025974025974026
7361,28.271629702627006,0.6794871794871795,5.230045708697769,0.11888111888111888,29.22210472697755,0.6794871794871795,20.457346606807448,0.4175824175824176
7362,13.364981340868383,0.47058823529411764,6.580711441469892,0.3212669683257919,13.647590391920154,0.47058823529411764,3.356421962709019,0.13445378151260504
7363,12.06422725244722,0.4166666666666667,19.09512791996478,0.5698924731182796,12.331896338108072,0.5,3.6903559372884924,0.3333333333333333
7364,6.826467332359485,0.3333333333333333,6.624721128577465,0.3333333333333333,6.797728984714159,0.3333333333333333,2.598308478983358,0.2222222222222222
7365,10.974455209537933,0.47368421052631576,2.394003947620371,0.3128654970760234,11.355358085032057,0.47368421052631576,6.25276389876256,0.291497975708502
7367,6.3637561879352,0.3465909090909091,1.6826569243363998,0.17083333333333334,6.988879863918286,0.3465909090909091,3.6837960616659706,0.20673076923076922
7368,14.398297120057999,0.35714285714285715,4.660273652353,0.2857142857142857,14.864831981308907,0.35714285714285715,6.48203153444615,0.21428571428571427
7369,3.7329683080354203,0.21428571428571427,6.521422381773018,0.38571428571428573,4.132734484605689,0.21428571428571427,2.498187656053599,0.20238095238095238
7370,15.179237561650167,0.5555555555555556,8.34362192883671,0.37777777777777777,15.735771995097279,0.5555555555555556,12.246109900481168,0.42592592592592593
7371,8.922978849728544,0.5,5.541579337762993,0.2620689655172414,9.099831645537222,0.5,9.433164978870558,0.5
7372,3.9583520366527907,0.25,6.378865711213548,0.32608695652173914,4.049263580621275,0.25,3.199773884313246,0.17857142857142858
7373,8.234684945780227,0.42857142857142855,3.9192898346491996,0.35714285714285715,8.65074668900269,0.42857142857142855,3.3179241367234673,0.2261904761904762
7374,3.6106778042669214,0.14285714285714285,4.935219538418534,0.2698412698412698,3.6141414104604737,0.23809523809523808,4.429224641543916,0.23214285714285715
7375,7.828145796156069,0.375,9.060449728701347,0.375,8.32474746830583,0.375,8.824747468305826,0.375
7376,11.446677241860812,0.3333333333333333,3.3696086300675976,0.14102564102564102,11.781135751879749,0.3333333333333333,7.8200517027971586,0.2708333333333333
7377,15.614066081763843,0.48,9.884884194358184,0.44,16.24444876303172,0.48,8.017544007200504,0.37333333333333335
7378,9.352781755924315,0.5,3.902687733391967,0.18733153638814015,9.89079183991003,0.5,10.140791839910031,0.5
7379,9.458611760467159,0.2857142857142857,12.390429332274692,0.38961038961038963,9.380131240823658,0.2857142857142857,8.259721932289896,0.3492063492063492
7381,13.806328732401406,0.5454545454545454,5.306783978754363,0.24025974025974026,14.32084480238424,0.5454545454545454,14.654178135717572,0.5454545454545454
7382,11.574609596263521,0.42857142857142855,17.773969271405896,0.5714285714285714,11.949875016072552,0.42857142857142855,7.060392696935278,0.3142857142857143
7383,4.23235707953151,0.2857142857142857,2.946338381537797,0.19642857142857142,4.676769078906401,0.2857142857142857,1.362219129418962,0.21428571428571427
7384,3.8701861580181016,0.25,3.271236166328254,0.25,4.193537751605325,0.25,4.526871084938657,0.25
7385,12.417971681395908,0.4222222222222222,8.053143551938925,0.3333333333333333,13.191383668807095,0.4222222222222222,8.302742134872704,0.26666666666666666
7386,14.575234635663,0.4666666666666667,4.639171473757399,0.18333333333333332,15.207272718438473,0.4666666666666667,5.497099563786721,0.26666666666666666
7387,12.776961865605276,0.4166666666666667,3.4473046801048475,0.23809523809523808,13.332912447176383,0.4166666666666667,13.332912447176382,0.4166666666666667
7389,15.234745219827118,0.4444444444444444,8.724394735744495,0.3333333333333333,15.958321297891981,0.5555555555555556,13.418726943880417,0.45555555555555555
7390,16.954035693922265,0.5,14.436809354968972,0.45555555555555555,17.646364426272548,0.5555555555555556,14.443318093164825,0.45555555555555555
7391,7.959659886871848,0.48188405797101447,3.621470290887494,0.3217391304347826,8.314769325392202,0.5217391304347826,4.061681513648721,0.3188405797101449
7392,30.572115397698322,0.8235294117647058,1.8841614071675605,0.24509803921568626,31.580673913733037,0.8235294117647058,11.431506937732234,0.3790849673202614
7393,12.618983071386191,0.36363636363636365,9.38965677061647,0.35064935064935066,13.158891317667608,0.36363636363636365,13.587462746239034,0.36363636363636365
7394,6.249206680736316,0.3333333333333333,11.288692841617138,0.5620300751879699,6.613452976144768,0.3333333333333333,6.946786309478102,0.375
7395,32.161677964424,0.5555555555555556,3.9888327707346294,0.3333333333333333,33.56546492399582,0.6388888888888888,19.418231508845164,0.5555555555555556
7396,8.885447685522918,0.41830065359477125,6.1970595273284275,0.4117647058823529,9.458326961629087,0.41830065359477125,6.7640333784341955,0.4117647058823529
7397,7.964037661011777,0.44,2.848261387742567,0.31238095238095237,8.494936707779909,0.44,4.833498634093765,0.3288888888888889
7398,10.913897956824002,0.35714285714285715,6.575333260105445,0.27380952380952384,11.66733719531715,0.35714285714285715,9.601567711133965,0.32857142857142857
7399,8.684639643113986,0.38461538461538464,7.992378389043206,0.28762541806020064,9.223878891304661,0.38461538461538464,3.672873050475722,0.20512820512820512
7400,8.900999554664295,0.45454545454545453,10.32517755801964,0.45454545454545453,9.430985171754893,0.45454545454545453,9.71669945746918,0.45454545454545453
7401,7.767429739058455,0.3333333333333333,3.542640687119285,0.2,8.157429047582482,0.3333333333333333,3.6495689014324215,0.25
7402,12.735587117801009,0.3076923076923077,6.008654881550473,0.24519230769230768,12.79523808589417,0.3076923076923077,13.191118594310069,0.3076923076923077
7403,20.92462747963943,0.625,11.141245428610212,0.4411764705882353,21.213834764831844,0.625,21.213834764831844,0.625
7404,11.198144682844948,0.5138888888888888,6.159666602592267,0.2916666666666667,11.605197303797848,0.5138888888888888,5.393634256306839,0.2916666666666667
7405,1.4492222471387208,0.25,15.543860018001263,0.7,1.353553390593274,0.25,9.242640687119286,0.5
7406,14.398799768007454,0.49230769230769234,7.9921210232937945,0.3487179487179487,15.072426454243452,0.49230769230769234,11.547755941904203,0.44871794871794873
7407,17.989750946509837,0.42857142857142855,4.646616673095685,0.20238095238095238,18.93626055273748,0.42857142857142855,14.932543538421172,0.375
7408,6.8257632144166855,0.3333333333333333,1.91984556315189,0.11904761904761904,7.123563004774741,0.3333333333333333,1.7133985930486655,0.12878787878787878
7410,15.85031643639298,0.48484848484848486,4.228362191337675,0.22727272727272727,16.233427338419077,0.48484848484848486,16.733427338419077,0.48484848484848486
7411,6.505084011066988,0.3090909090909091,8.538583227518068,0.4,6.782256323037221,0.3333333333333333,7.418619959400857,0.4
7412,13.188141635830048,0.5,4.36847834387446,0.2692307692307692,13.89459904411711,0.5,5.459444160519808,0.24675324675324675
7413,10.963338329699903,0.46153846153846156,7.3388447759725794,0.22672064777327935,11.400604149131194,0.46153846153846156,6.560997023196232,0.3076923076923077
7414,19.74513529562746,0.44761904761904764,6.8397608076861225,0.2606060606060606,20.416091514584227,0.44761904761904764,20.701805800298512,0.44761904761904764
7415,12.227437840840965,0.4,6.341049779960863,0.3,12.655466564147629,0.4,3.8656854249492376,0.2
7416,7.592428180526586,0.42857142857142855,5.8281067445726045,0.4166666666666667,7.628282251178892,0.42857142857142855,2.017248225444509,0.1978021978021978
7417,9.888152418087522,0.45454545454545453,6.037737049041946,0.2924901185770751,10.213153169985379,0.5454545454545454,4.84032122922603,0.29545454545454547
7418,8.54781968878434,0.3625,9.755229970555991,0.3875,8.864544545606753,0.3625,7.2061962918785305,0.29545454545454547
7419,4.142157094210908,0.2222222222222222,7.208747421182588,0.3247863247863248,4.2481676138556494,0.2222222222222222,1.73965047216582,0.2222222222222222
7420,11.33059646757676,0.37142857142857144,12.859929899158793,0.37142857142857144,11.867847858373812,0.37142857142857144,11.86784785837381,0.37142857142857144
7421,6.708103592528477,0.35714285714285715,6.1495778319234145,0.25,7.1165924515355306,0.35714285714285715,6.071982812738561,0.2857142857142857
7422,12.998772379075136,0.42857142857142855,5.6162440712835355,0.21428571428571427,13.488525555363935,0.42857142857142855,10.433857848932398,0.42857142857142855
7423,13.422277768514812,0.4,11.11780182031725,0.4166666666666667,14.167514421272195,0.4,6.844235720714733,0.32857142857142857
7424,10.426544332837729,0.64,4.707682376915538,0.2733333333333333,10.780427907882553,0.64,6.558687826368863,0.37333333333333335
7425,5.756092393699223,0.35294117647058826,6.946098112143856,0.30718954248366015,5.61171013414665,0.35294117647058826,5.401550796682587,0.3029411764705882
7426,9.739918748191554,0.3,6.486574669941302,0.3,10.304541322587013,0.3,6.651219330881975,0.3
7427,21.15159560108095,0.625,7.846702132246714,0.2916666666666667,21.665737725975568,0.625,21.665737725975564,0.625
7428,7.7873035470423,0.475,10.0587705017779,0.47368421052631576,8.035355339059326,0.475,4.748265393319057,0.375
7429,11.640137120520135,0.45,6.298645118787614,0.3357142857142857,12.12462120245875,0.45,10.591044528131915,0.4090909090909091
7430,26.284044177014373,0.625,4.728483242900449,0.3055555555555556,26.673565908655604,0.625,5.377242661215099,0.25
7431,12.948869169627454,0.5882352941176471,5.481374243138995,0.40941176470588236,13.300474729084902,0.5882352941176471,10.51073550150604,0.5294117647058824
7432,9.673134893728303,0.2857142857142857,5.4400905256624625,0.21428571428571427,10.50699511462009,0.31746031746031744,7.715330855041691,0.22857142857142856
7433,19.788829555524366,0.5,11.61273447853214,0.3333333333333333,20.354148613504645,0.5,20.354148613504638,0.5
7435,5.664647889297304,0.3076923076923077,3.220718724430397,0.25769230769230766,6.28723220890521,0.3076923076923077,2.010933509517765,0.23076923076923078
7436,8.762604272865822,0.3888888888888889,4.121328875035797,0.22297297297297297,9.034990777552169,0.3888888888888889,7.784556274847713,0.3625
7437,3.924762840512756,0.25,4.859029689286262,0.3181818181818182,4.341089461488296,0.25,4.729978350377182,0.25
7438,9.241907305739966,0.3888888888888889,8.874504221094995,0.35714285714285715,9.581227233812744,0.3888888888888889,7.182524218523384,0.3
7439,11.399489087870863,0.4166666666666667,1.0000000000000004,0.16666666666666666,11.889522771841001,0.5,4.282758535243229,0.21666666666666667
7440,13.300750547746452,0.36363636363636365,2.0285189544531557,0.2727272727272727,13.839147495290545,0.36363636363636365,14.124861781004832,0.45454545454545453
7441,6.412901685908146,0.38461538461538464,7.372939422598036,0.35123367198838895,6.7874711657864735,0.38461538461538464,3.6978243958423564,0.38461538461538464
7442,4.229741043271788,0.2,4.087496389367593,0.16666666666666666,4.482716446627534,0.25,3.8213203435596417,0.1
7443,7.164732521660415,0.38461538461538464,7.365515287202259,0.3111888111888112,7.377110539215362,0.38461538461538464,2.0965256919953106,0.15384615384615385
7444,14.625662677201612,0.46153846153846156,15.627949023219855,0.4725274725274725,15.277215628941669,0.5384615384615384,15.562929914655957,0.5384615384615384
7445,10.58829464239102,0.4666666666666667,11.613989089756055,0.4666666666666667,11.187954136972644,0.4666666666666667,11.743509692528196,0.4666666666666667
7446,5.880966113077154,0.3333333333333333,3.4016079135273127,0.16666666666666666,6.339454058625909,0.3333333333333333,2.426058197684007,0.16666666666666666
7447,9.575055821340108,0.5384615384615384,9.493436804644995,0.42735042735042733,9.949796032093172,0.5384615384615384,8.217294429729597,0.42735042735042733
7448,18.86907467448865,0.6470588235294118,7.442309060626301,0.39148073022312374,19.37858899803032,0.6470588235294118,15.525651462533581,0.5220588235294118
7449,6.137304081989407,0.2222222222222222,13.109195117477432,0.4444444444444444,6.62857256805555,0.23809523809523808,6.787302726785706,0.2222222222222222
7450,14.460252782046377,0.47619047619047616,7.84103071037345,0.22857142857142856,15.079528265658983,0.47619047619047616,9.34873221385061,0.2857142857142857
7451,6.63420237217581,0.3333333333333333,7.448602804299611,0.3333333333333333,7.089083572957453,0.3333333333333333,7.092354378682213,0.3333333333333333
7452,7.521216179036239,0.35294117647058826,5.655240835245305,0.3167420814479638,7.882858758704425,0.35294117647058826,6.62738696146766,0.30392156862745096
7453,9.275301615938023,0.36666666666666664,4.804583588198873,0.2571428571428571,9.666904755831213,0.36666666666666664,10.000238089164544,0.36666666666666664
7455,14.339756403467275,0.5,13.84526694716889,0.45,15.045331880577399,0.5,12.898520259680422,0.45
7456,13.055673277611133,0.5,14.18371812567059,0.6078431372549019,13.682996624407782,0.5,13.682996624407776,0.5
7457,15.602903786807671,0.6,4.672792206135785,0.3,15.88233764908628,0.6,5.327691193458117,0.275
7458,2.8950121058104927,0.17482517482517482,7.049490046843196,0.416289592760181,3.1031276786371604,0.1888111888111888,1.6076534566624359,0.15384615384615385
7459,8.56933432504706,0.2916666666666667,9.652666538517861,0.4166666666666667,9.172886595777811,0.375,9.422886595777804,0.4166666666666667
7460,10.803684325683989,0.38461538461538464,17.34783548466906,0.6923076923076923,10.558174040840482,0.38461538461538464,11.526739224795602,0.4423076923076923
7461,23.40901550151552,0.4166666666666667,8.273689270621821,0.16666666666666666,24.179106524888937,0.4166666666666667,24.179106524888937,0.4166666666666667
7462,25.44667239523566,0.6842105263157895,17.740869839061794,0.5146198830409356,26.379401407085115,0.6842105263157895,17.74086983906179,0.4619883040935672
7463,10.135300178174246,0.44642857142857145,6.711538854417951,0.24603174603174602,10.423750251828766,0.44642857142857145,4.006563078002628,0.23809523809523808
7464,7.366231775543634,0.4,2.716187668258246,0.29444444444444445,7.659594752831003,0.4,5.544902594917965,0.32857142857142857
7465,7.424056310790557,0.32142857142857145,20.820429147320915,0.6759259259259259,7.18092918492793,0.32142857142857145,6.423097038856279,0.25
7466,9.847563250348315,0.48148148148148145,4.576665989501016,0.30214424951267055,10.366382993518515,0.5185185185185185,6.132301065267545,0.32679738562091504
7467,5.698277380333212,0.23076923076923078,4.164779663363918,0.23076923076923078,6.187138414221982,0.23076923076923078,2.1197191681618475,0.15384615384615385
7468,2.9692253839538503,0.19480519480519481,3.0006422112874405,0.2692307692307692,3.082056179960772,0.19480519480519481,2.4809163049960707,0.14285714285714285
7469,6.645303524663185,0.3333333333333333,2.2581141500898902,0.20454545454545456,7.137860744379225,0.3333333333333333,7.903385036130496,0.4166666666666667
7470,16.510857524318297,0.4166666666666667,17.071067811865472,0.6666666666666666,17.174621202458745,0.5,17.174621202458745,0.5
7471,8.547209802715505,0.3333333333333333,4.3075132248138726,0.2222222222222222,9.02311447253172,0.3333333333333333,5.924383113294202,0.3333333333333333
7472,11.359430356611501,0.4513888888888889,9.564760094890541,0.3625,11.853886075895371,0.4513888888888889,9.712983399593902,0.4
7473,9.540921443158545,0.49038461538461536,3.5635309082926536,0.15384615384615385,9.8690760553757,0.49038461538461536,5.28115520425792,0.2517482517482518
7474,6.8261565813776075,0.3333333333333333,9.41645622358819,0.375,6.863148143424274,0.3333333333333333,6.863148143424276,0.3333333333333333
7475,29.114493311151307,0.7,14.137734478532135,0.5,29.54213562373094,0.7,13.89966329107444,0.5
7476,12.959017867891268,0.4230769230769231,5.117408977820755,0.22435897435897437,13.689406880818032,0.44871794871794873,6.514323449679808,0.2692307692307692
7477,6.983891888755758,0.375,4.759137503750262,0.2708333333333333,7.471777592640382,0.375,7.913198948877692,0.4375
7478,4.554374185644631,0.32085561497326204,2.2684508924350504,0.20392156862745098,4.896149033432973,0.32085561497326204,4.334578271785105,0.4117647058823529
7479,14.296421378976024,0.5714285714285714,14.789728911486272,0.5476190476190477,14.789728911486272,0.6428571428571429,15.123062244819604,0.6428571428571429
7480,7.937551634761914,0.35714285714285715,6.145301994276642,0.2357142857142857,8.1020603952112,0.35714285714285715,5.922964333043263,0.40476190476190477
7481,9.209654467196682,0.3076923076923077,14.52220873350462,0.46153846153846156,9.823332215828772,0.38461538461538464,5.244905091082581,0.18461538461538463
7482,20.655039759708377,0.5333333333333333,7.004569499661585,0.26666666666666666,21.363137219542974,0.5333333333333333,8.954022760648613,0.3111111111111111
7483,17.215249432891735,0.6363636363636364,9.21743126508092,0.35064935064935066,17.512821712888776,0.6363636363636364,8.853702139432393,0.45454545454545453
7484,24.189684474258957,0.6875,7.678363991822649,0.3875,24.75966087690037,0.6875,11.249684335382291,0.3125
7485,13.232757651069054,0.375,23.443635877308378,0.6195652173913043,12.766329957741103,0.375,13.855585608729893,0.2916666666666667
7486,5.040184290941808,0.3333333333333333,4.974667963657554,0.22745098039215686,5.431777293525801,0.3333333333333333,4.7716848112051995,0.2606060606060606
7487,27.519189721769266,0.6666666666666666,2.966650230039831,0.23333333333333334,28.53565013043568,0.6666666666666666,17.904430201324537,0.4166666666666667
7488,5.527687388125374,0.25,1.6187184335382299,0.1875,5.62428150238737,0.25,3.3078141080934995,0.25
7489,3.456286776234014,0.2857142857142857,16.697464427701227,0.6428571428571429,3.034662955302754,0.2857142857142857,13.597932000111237,0.45454545454545453
7490,4.566593867632494,0.2,3.921640578639201,0.3153846153846154,4.817462120245875,0.2,5.067462120245876,0.2
7491,21.023563812696096,0.5833333333333334,12.767479985132086,0.4356060606060606,21.667261889578032,0.5833333333333334,18.797506801187943,0.4861111111111111
7492,6.183381733913621,0.36666666666666664,3.354000891227036,0.19523809523809524,6.565517070486462,0.36666666666666664,5.958031829660435,0.30303030303030304
7493,14.230729256403057,0.4166666666666667,21.289544875669606,0.5815602836879432,14.473436738927656,0.4166666666666667,14.473436738927655,0.4166666666666667
7494,13.59376215370709,0.5,3.6523863607376237,0.15,14.144291116568834,0.5,8.768376618407355,0.4
7495,9.777048657663222,0.43333333333333335,10.547905871372441,0.3712793733681462,9.903181814316834,0.43333333333333335,7.454163056034262,0.4
7496,6.0900355462784646,0.2222222222222222,6.059702174962982,0.2777777777777778,5.893514506704734,0.2222222222222222,7.029132589868861,0.3333333333333333
7497,3.1500744035159784,0.16363636363636364,3.5578789880883694,0.2097902097902098,3.0622523918954774,0.16363636363636364,2.489525119168203,0.18181818181818182
7498,20.476924475691433,0.625,5.6772735430397665,0.26136363636363635,21.029698756654486,0.625,21.029698756654486,0.625
7499,22.936415686546404,0.5,17.35731332136873,0.4817073170731707,23.383252147247767,0.5,9.118359184731915,0.3333333333333333
7500,19.84457390223762,0.5,16.269291116568837,0.4583333333333333,20.399494936611656,0.5833333333333334,20.899494936611656,0.5833333333333334
7501,5.615222846900681,0.3333333333333333,4.4332210970248145,0.26666666666666666,5.667247300419991,0.3333333333333333,3.9647637055229477,0.20833333333333334
7502,27.834066462029416,0.6571428571428571,30.468256011227304,0.6571428571428571,28.26825601122731,0.6571428571428571,28.868256011227306,0.6571428571428571
7503,25.93595956257602,0.6111111111111112,6.6879136249476625,0.4017094017094017,26.931758036819645,0.6111111111111112,17.201680482623892,0.4027777777777778
7504,3.5019423041012057,0.23214285714285715,3.6981331148125864,0.2857142857142857,3.772099822379213,0.2857142857142857,4.022099822379214,0.35714285714285715
7505,15.396398150229837,0.5388888888888889,9.744638037905027,0.3333333333333333,15.944210343474328,0.5388888888888889,13.6095454429505,0.45
7506,4.232045331500851,0.3333333333333333,15.648459862204701,0.717948717948718,3.5522847498307932,0.3333333333333333,7.544417382415922,0.375
7507,8.172033545124913,0.46153846153846156,4.514861159204358,0.32793522267206476,8.778380342932445,0.46153846153846156,6.466976768289362,0.33653846153846156
7508,1.6133738268458169,0.25,22.561626970967627,0.7,1.042893218813452,0.25,1.0428932188134556,0.25
7509,13.016395554718528,0.4444444444444444,9.230796051808372,0.3333333333333333,13.577441068852218,0.5555555555555556,13.57744106885222,0.5555555555555556
7510,5.732213386810568,0.3333333333333333,7.333705179174796,0.22435897435897437,6.162578159510714,0.4166666666666667,4.88450303575796,0.3181818181818182
7511,12.843901265274202,0.5,8.209487725975563,0.35,13.351397897755389,0.5,4.415948169054037,0.25
7512,4.053716306548518,0.23333333333333334,4.3694420373561735,0.31666666666666665,4.443215485209387,0.31666666666666665,4.850322266395935,0.31666666666666665
7513,10.819383560862732,0.375,11.142556509887893,0.375,10.719967525565771,0.375,10.63663419223244,0.375
7514,8.480603826298257,0.45,5.3575132248138715,0.3333333333333333,8.665313848672797,0.45,6.928216858663884,0.37857142857142856
7515,13.108625910278148,0.42857142857142855,6.963756954252173,0.37142857142857144,13.363961030678924,0.42857142857142855,10.200273133511597,0.3392857142857143
7516,5.549268539937903,0.2857142857142857,2.5173314776513784,0.21428571428571427,5.7639311443781684,0.2857142857142857,1.6754174373368378,0.21428571428571427
7517,7.948815518781975,0.35947712418300654,5.468618187593988,0.3155080213903743,8.316553483623215,0.4117647058823529,9.205442372512106,0.477124183006536
7518,8.883416224348565,0.5,3.3624368670764566,0.125,9.324316369738256,0.5,3.2588834764831827,0.25
7519,2.3304511584949443,0.15384615384615385,7.905450099220822,0.3916083916083916,2.3350260814867188,0.15384615384615385,2.7489324135839057,0.13736263736263737
7520,7.857035710795457,0.42105263157894735,10.302320534322243,0.5263157894736842,8.43088540362889,0.42105263157894735,7.41599516033651,0.39035087719298245
7521,21.316694491924366,0.5208333333333334,2.2790610178208843,0.11607142857142858,21.982109772332365,0.5833333333333334,22.315443105665693,0.5833333333333334
7522,10.76707428713608,0.3076923076923077,8.189476593120073,0.2634445200816882,11.243823629298685,0.3076923076923077,5.398657450245508,0.3076923076923077
7523,2.6347656078839385,0.5,1.5784271247461898,0.5,2.4748737341529132,0.5,2.474873734152917,0.5
7524,19.02796455060801,0.5555555555555556,8.162260923041043,0.3333333333333333,19.291103078035796,0.5555555555555556,19.291103078035793,0.5555555555555556
7525,17.10373049103556,0.5882352941176471,4.023976159294993,0.2848297213622291,17.51901486457363,0.5882352941176471,11.644837724051117,0.4117647058823529
7526,7.134827817561438,0.3827751196172249,2.9092363247931403,0.3622291021671827,7.551886943731019,0.3827751196172249,1.6300861563051001,0.21052631578947367
7527,11.650621521778202,0.4666666666666667,8.090200533169003,0.3076923076923077,12.399663291074443,0.4666666666666667,2.5142135623730937,0.2
7528,7.389740848419758,0.3827751196172249,4.043949156327521,0.31203007518796994,8.045554998798663,0.4354066985645933,7.060206383813946,0.44298245614035087
7529,8.056987208854597,0.45454545454545453,7.631256867765382,0.26223776223776224,8.6021817133328,0.45454545454545453,9.218379403610259,0.45454545454545453
7530,7.810791281508097,0.15,9.024011537017756,0.25,8.085102807365157,0.15,8.327260094890537,0.15
7531,13.671775867919367,0.475,5.337250047328974,0.19047619047619047,14.35164320818474,0.475,11.68446848698392,0.37777777777777777
7532,13.641045042236494,0.5384615384615384,6.387094213339513,0.24825174825174826,14.15318965873821,0.5384615384615384,14.153189658738212,0.5384615384615384
7533,9.562432930382705,0.5,5.6169047558312135,0.35,10.01445165153764,0.5,10.347784984870977,0.5
7534,7.855252332049645,0.4,7.8887998974809594,0.4,8.249747468305832,0.4,8.449747468305834,0.4
7535,3.484061956304917,0.2,4.536802546695218,0.21666666666666667,3.5750420886156946,0.2,1.2702200572599387,0.16666666666666666
7536,1.843399318291725,0.125,14.951815943707532,0.4485294117647059,1.9016504294495513,0.125,6.462310601229374,0.275
7537,13.16723915522342,0.47619047619047616,6.257989757135299,0.42857142857142855,13.645282320386517,0.47619047619047616,12.06974620677523,0.42857142857142855
7538,11.540425941510195,0.4107142857142857,12.125472833190935,0.4107142857142857,12.104026223784208,0.4107142857142857,12.354026223784208,0.4107142857142857
7540,18.652500655698745,0.6458333333333334,6.957603628929678,0.4090909090909091,19.20474084527018,0.6458333333333334,15.53241727257409,0.5446428571428571
7541,10.54672186231432,0.34782608695652173,3.238474666020819,0.3438735177865613,11.147333578928738,0.34782608695652173,3.946076399814673,0.1636828644501279
7542,9.269161757024625,0.3333333333333333,5.5353306841190735,0.25,9.73130410634253,0.3333333333333333,10.272970773009195,0.3333333333333333
7543,13.417320354404495,0.5,,,13.67087754651126,0.5,8.719328098979215,0.3125
7544,9.632057962131544,0.5333333333333333,,,9.614129385141702,0.5333333333333333,7.899831645537219,0.4
7545,10.860564000137794,0.39285714285714285,5.818448770319974,0.2714285714285714,11.49285842477678,0.39285714285714285,12.117858424776779,0.39285714285714285
7546,12.675020661109468,0.5714285714285714,9.370024859483204,0.35714285714285715,13.309702193761499,0.5714285714285714,10.923404789408382,0.5047619047619047
7547,1.911596156685179,0.25,24.130290988420043,0.75,1.4999999999999964,0.25,14.050847754605531,0.5
7549,7.479017360855148,0.3333333333333333,6.690271408157592,0.28921568627450983,7.714763705522948,0.3333333333333333,3.571117121745979,0.16666666666666666
7550,10.016930964361658,0.375,4.284953272179416,0.16666666666666666,10.528385036130494,0.375,4.943706106068102,0.2
7551,8.161139824902188,0.35714285714285715,14.261592103616746,0.5333333333333333,8.818550808533352,0.35714285714285715,2.3899494936611654,0.2
7552,21.554087622377917,0.5714285714285714,23.81936540501418,0.5714285714285714,22.162270649146404,0.5714285714285714,22.162270649146407,0.5714285714285714
7553,2.663177525829646,0.23529411764705882,3.0805058979436626,0.23137254901960785,2.9916123063612527,0.23529411764705882,2.0285061157760613,0.20915032679738563
7554,5.857216715872202,0.3076923076923077,2.0933233411997243,0.23076923076923078,5.984537682555644,0.3076923076923077,4.793347019958671,0.2717948717948718
7555,9.535305460798085,0.42857142857142855,10.79231472159286,0.42857142857142855,10.076016536374862,0.42857142857142855,5.83966707566624,0.22857142857142856
7556,9.339209002974947,0.25,3.3927669529663658,0.25,9.741414134972498,0.25,10.241414134972493,0.25
7557,6.511417209948597,0.40714285714285714,7.399438899797744,0.36607142857142855,6.937022774877777,0.43333333333333335,5.168657376052242,0.30158730158730157
7558,13.195715195643535,0.5,3.414709164281936,0.2857142857142857,13.62708718668418,0.5,14.252087186684182,0.5
7559,4.2106509174434965,0.3076923076923077,3.0221064097751498,0.2153846153846154,4.475806967564914,0.3076923076923077,2.847960925469215,0.2153846153846154
7560,10.305201508256989,0.2857142857142857,4.863615745254711,0.2857142857142857,10.40481755092639,0.2857142857142857,8.354412600775515,0.3492063492063492
7561,7.934009982582875,0.32954545454545453,5.873558815973821,0.2727272727272727,8.36153826436533,0.32954545454545453,3.307706937350022,0.18181818181818182
7562,5.801198092199751,0.4354066985645933,6.76127330891855,0.4548872180451128,6.279008813144532,0.4354066985645933,4.172589209220304,0.31203007518796994
7563,1.0969575750679337,0.16666666666666666,19.819998105100954,0.572463768115942,1.0690355937288445,0.16666666666666666,1.097631072937819,0.16666666666666666
7564,11.310341637881457,0.4375,6.390927124746189,0.22916666666666666,11.890039275622176,0.4375,9.785165940288701,0.375
7565,9.871645374187347,0.35454545454545455,7.458044728018837,0.3230769230769231,10.461999860201308,0.35454545454545455,6.0481735675163115,0.2571428571428571
7566,12.119719339874228,0.2857142857142857,12.211822293899555,0.35714285714285715,12.266658413792602,0.2857142857142857,3.675417437336833,0.2857142857142857
7567,15.735756420186329,0.6666666666666666,8.846809796658198,0.3882783882783883,16.12930666199741,0.6666666666666666,16.922957455648202,0.6666666666666666
7568,13.416438681787577,0.6111111111111112,4.1594476491716,0.3888888888888889,13.881469449414324,0.6111111111111112,9.868867239266072,0.5
7569,10.157149732875563,0.6071428571428571,8.344707271986037,0.4642857142857143,10.583588428866776,0.6071428571428571,11.09549319077154,0.6071428571428571
7570,20.36653960697042,0.5592105263157895,6.902313950523112,0.2781954887218045,21.122371254769725,0.6118421052631579,11.316378749174511,0.37320574162679426
7571,8.079866477223511,0.4375,2.790373761613374,0.30357142857142855,8.552843609818364,0.4375,5.4561342563068385,0.2916666666666667
7574,19.151727977982986,0.7142857142857143,12.851705825303656,0.5,19.474738183822506,0.7142857142857143,14.433577258161097,0.6190476190476191
7575,10.369532180581782,0.38461538461538464,7.621281492529768,0.3076923076923077,10.982576444867114,0.38461538461538464,8.338375816407975,0.3076923076923077
7576,15.36434194387903,0.5384615384615384,8.574820234565486,0.3162393162393162,15.826721679863462,0.5384615384615384,16.255293108434895,0.5384615384615384
7577,10.576416365461673,0.44642857142857145,7.43917439158901,0.4,11.017894500733092,0.44642857142857145,7.19614305860587,0.4
7578,9.047665015541096,0.35833333333333334,5.492318420723349,0.4,9.63075396319268,0.35833333333333334,5.112801606644361,0.26666666666666666
7579,7.994157227956978,0.3333333333333333,16.81536216476584,0.6481481481481481,8.214045207910319,0.3333333333333333,9.659797974644665,0.5333333333333333
7581,12.480067033125586,0.375,11.64923984107822,0.48214285714285715,12.54594154601839,0.375,12.611422894540873,0.48214285714285715
7582,12.716760529159426,0.4027777777777778,7.015716322325411,0.37373737373737376,13.29550363917706,0.4583333333333333,8.650266148241675,0.3333333333333333
7583,8.12745979605682,0.35714285714285715,10.542729442532325,0.42857142857142855,8.578600627132682,0.35714285714285715,6.5880210229641,0.35714285714285715
7584,5.109874656906071,0.2727272727272727,5.838353953607775,0.25252525252525254,5.3617502547787455,0.2727272727272727,3.292109403236037,0.18181818181818182
7585,11.048869291474482,0.5333333333333333,4.747462718475042,0.3333333333333333,11.35962962018189,0.5333333333333333,11.859629620181888,0.5333333333333333
7586,7.373378455088513,0.42857142857142855,3.690501095726824,0.30952380952380953,7.806930409844593,0.42857142857142855,6.454126980077952,0.34285714285714286
7587,9.533468087653544,0.5263157894736842,4.693680085367924,0.31203007518796994,9.972504361815052,0.5263157894736842,8.703320970403539,0.4354066985645933
7588,4.498452001826837,0.23214285714285715,6.118309715562985,0.29545454545454547,4.411149761029276,0.23214285714285715,7.0741378028648425,0.275
7589,7.636951043221464,0.6058823529411764,4.726353165725257,0.47058823529411764,7.814351915701699,0.6058823529411764,3.0912316420075645,0.3058823529411765
7590,6.3393314017449365,0.3504273504273504,5.2904573181071815,0.3076923076923077,6.453199885620851,0.38461538461538464,3.439854588014122,0.15384615384615385
7591,3.8817838923311085,0.26153846153846155,6.034884051998729,0.24825174825174826,4.001694970081022,0.2846153846153846,4.189044286595881,0.22624434389140272
7592,22.212355841657203,0.6888888888888889,5.674609580008453,0.18888888888888888,23.21180213370415,0.7777777777777778,15.21472261395585,0.6111111111111112
7593,4.857899598071036,0.30158730158730157,2.479300944331639,0.2222222222222222,5.014391073199175,0.30158730158730157,6.984844108324357,0.24242424242424243
7594,24.797002471119736,0.625,7.327227628186286,0.42045454545454547,25.73680553784103,0.625,25.73680553784103,0.625
7595,9.808066092025797,0.42857142857142855,8.261313812058853,0.32142857142857145,10.029123885250174,0.42857142857142855,2.0448154998549644,0.14285714285714285
7596,16.052813070795175,0.6153846153846154,17.43897878974814,0.5923076923076923,16.546085570934686,0.6153846153846154,12.965002120081262,0.44871794871794873
7597,12.449019133119464,0.5217391304347826,8.260456853385868,0.4592391304347826,12.978850608538645,0.5217391304347826,10.790789638101828,0.44481605351170567
7598,4.237645850559453,0.23863636363636365,7.767208784955404,0.37549407114624506,4.445016722812355,0.23863636363636365,3.3021382651053686,0.18181818181818182
7599,4.033570257706708,0.42857142857142855,12.47740568063541,0.3142857142857143,3.7548958924945497,0.2857142857142857,6.522970773009187,0.30357142857142855
7601,9.666884077994098,0.2857142857142857,5.340355937288492,0.21666666666666667,10.189036277419326,0.2857142857142857,6.551345596729059,0.25
7602,4.433197412632797,0.45454545454545453,5.092155318089523,0.35454545454545455,4.536810380452363,0.45454545454545453,4.880244723886707,0.45454545454545453
7603,7.165506525787866,0.4444444444444444,2.717316013635077,0.16666666666666666,7.4545133815073275,0.4444444444444444,4.707457106659613,0.3
7604,7.479964482958546,0.2698412698412698,3.3951499095671145,0.2222222222222222,7.895029656379416,0.2698412698412698,7.895029656379418,0.2698412698412698
7605,8.060459909229218,0.5,5.277227923709397,0.24509803921568626,8.432127618998868,0.5,7.4713746360149695,0.4090909090909091
7606,1.85242949327159,0.5,2.097631072937815,0.3333333333333333,1.5976310729378178,0.3333333333333333,1.264297739604483,0.3333333333333333
7607,10.883668697652094,0.3888888888888889,6.262001685900239,0.36363636363636365,11.232431454670753,0.3888888888888889,6.9938122707185135,0.2698412698412698
7608,5.805375970424273,0.3333333333333333,3.7419920278903773,0.3333333333333333,6.312352961767418,0.3333333333333333,6.825455415606057,0.3333333333333333
7609,4.869761799606691,0.2,5.568986283848341,0.3,5.360660171779818,0.225,5.735660171779819,0.225
7610,7.276503459548746,0.42857142857142855,5.603287978967246,0.2857142857142857,7.835340646219327,0.42857142857142855,5.790670304802694,0.2857142857142857
7611,12.243975119954458,0.6,6.28732976317826,0.34352941176470586,12.783001433431002,0.6,7.363980754631129,0.3333333333333333
7612,12.240497032552693,0.5263157894736842,14.575784571070436,0.5263157894736842,12.698062911446916,0.5263157894736842,13.253618467002475,0.5263157894736842
7613,2.3383768615209464,0.25,0.9131974533047805,0.16666666666666666,1.9975468957064295,0.25,3.83630694478638,0.20238095238095238
7614,19.970032715863073,0.5,14.546803743153543,0.4,20.4651803615609,0.5,13.607751313978417,0.4
7616,4.362702589159255,0.25,5.9161870273311274,0.29545454545454547,4.3103522442315505,0.25,2.478553390593275,0.25
7617,2.60640241553174,0.25,17.563142397993936,0.6923076923076923,2.2248737341529123,0.25,2.224873734152914,0.25
7619,8.6843496941518,0.2916666666666667,2.4482233047033626,0.25,8.865906080438338,0.2916666666666667,9.11590608043834,0.2916666666666667
7620,11.359299428823764,0.4,8.931896338108073,0.31666666666666665,11.75035713374682,0.4,8.299747468305831,0.35
7621,11.032282472232117,0.5,8.909307353785948,0.375,11.295626323891103,0.5,3.9199326582148863,0.23333333333333334
7622,9.381407663111883,0.4,8.647761739970386,0.3333333333333333,9.759408964692781,0.4,7.781095073303721,0.3333333333333333
7623,6.3725859520208665,0.2698412698412698,7.977311659301218,0.3333333333333333,6.9934583885504775,0.3333333333333333,7.390283785375872,0.3333333333333333
7624,35.743669248051056,0.8666666666666667,1.8682278126795144,0.15416666666666667,36.81240559115303,0.9333333333333333,34.23849805590627,0.9333333333333333
7625,7.35361983138006,0.44047619047619047,5.16558922239908,0.2571428571428571,7.751656869415482,0.44047619047619047,6.920054543610194,0.36996336996337
7626,20.649454535740595,0.5454545454545454,4.457365864783618,0.1919191919191919,21.271824731144424,0.5454545454545454,10.08055976841337,0.2597402597402597
7627,17.3445517774244,0.625,4.107501602363577,0.3888888888888889,17.778174593052025,0.625,17.778174593052025,0.625
7628,7.435960546263239,0.4,26.658115421195404,0.76,7.216904755831212,0.2,1.8828427124746134,0.2
7629,5.034964531777197,0.31746031746031744,5.9835795573745045,0.3333333333333333,5.632117087156553,0.31746031746031744,6.06068851572798,0.31746031746031744
7630,6.6584888686733255,0.2857142857142857,5.453018274030592,0.18055555555555555,7.012248327980212,0.2857142857142857,5.818317096116216,0.2638888888888889
7631,7.332184228976455,0.35714285714285715,6.342712839031905,0.3,7.782556855782165,0.35714285714285715,6.230878165821243,0.2571428571428571
7632,5.2986707725032005,0.3333333333333333,6.715153725256308,0.34210526315789475,4.954653676892976,0.3333333333333333,4.986249396047684,0.2692307692307692
7633,1.959901663350618,0.16666666666666666,17.713948998966945,0.6228070175438597,1.7761423749153982,0.16666666666666666,1.7761423749153964,0.16666666666666666
7634,7.784115281823501,0.42105263157894735,2.36336368171086,0.22469635627530365,8.15230499834964,0.42105263157894735,7.302797392174278,0.39035087719298245
7635,25.853136762621798,0.625,7.675935486152365,0.22727272727272727,26.219038584874667,0.625,6.58167568261897,0.375
7636,2.519915902079372,0.2619047619047619,2.363388846172623,0.14583333333333334,2.7502702746787113,0.31746031746031744,1.8963413878674904,0.20833333333333334
7637,25.879224175953155,0.7333333333333333,2.9512354826377774,0.32857142857142857,26.401289065583736,0.7333333333333333,15.208113782767695,0.44761904761904764
7638,8.827341230194119,0.25,1.5214466094067227,0.25,9.229569499661583,0.25,9.229569499661585,0.25
7639,16.824869738544773,0.5,7.327996026178611,0.275,17.32000239291666,0.5,17.65333572624999,0.5
7640,5.507477914474621,0.3333333333333333,8.02736768290954,0.4485294117647059,5.733757210636099,0.3333333333333333,5.900423877302767,0.375
7641,4.752622293737561,0.3333333333333333,4.872371673971172,0.2619047619047619,4.753672435175544,0.3333333333333333,5.320410951603477,0.3333333333333333
7642,7.90508538332812,0.46153846153846156,3.5303151043374763,0.23856548856548856,8.150042809413868,0.46153846153846156,3.2627256071734663,0.2153846153846154
7643,9.242339400620724,0.3333333333333333,10.43128907331371,0.32323232323232326,9.334688145424415,0.3333333333333333,9.668021478757751,0.3333333333333333
7644,9.3421437873672,0.5,3.3050766667129166,0.34615384615384615,9.80964619924424,0.5,2.9325963704360043,0.25
7645,9.892318530477047,0.55,6.77765400887397,0.3923076923076923,10.499747468305829,0.55,3.96895141649746,0.25
7646,7.2261896343929255,0.4827586206896552,2.6282702008285983,0.1839080459770115,7.6690776160668115,0.5172413793103449,3.934316605330518,0.2563718140929535
7647,13.711311960526857,0.45454545454545453,8.481554171410641,0.36363636363636365,14.058885379939618,0.5454545454545454,9.964468424830239,0.44155844155844154
7648,9.629407461841744,0.4117647058823529,5.13344537529312,0.4117647058823529,10.086355143031497,0.4117647058823529,6.656544046544422,0.2620320855614973
7649,13.908771708797818,0.42857142857142855,5.942271037528425,0.35714285714285715,14.27012470932287,0.42857142857142855,11.564594923753619,0.42857142857142855
7650,15.809407644506047,0.6666666666666666,,,16.280687823939438,0.6666666666666666,5.759942278469902,0.3238095238095238
7651,11.455049248309434,0.45714285714285713,2.9986229216579545,0.12156862745098039,12.198261517192403,0.4666666666666667,8.268021478757749,0.3333333333333333
7652,35.564643177986696,0.8461538461538461,20.21912345237047,0.6025641025641025,36.08098981407772,0.8461538461538461,18.42940576331346,0.5256410256410257
7653,16.53681506091021,0.4696969696969697,12.180960698103314,0.3776223776223776,16.826489999384695,0.4696969696969697,17.088372897073516,0.5454545454545454
7654,6.241373768822191,0.3333333333333333,5.5483597829610805,0.3333333333333333,5.959439632292419,0.3333333333333333,7.097420629859345,0.3333333333333333
7655,5.6597653967165735,0.25,2.902200028754709,0.16666666666666666,5.65815094933199,0.25,2.6372715230844275,0.16666666666666666
7656,5.111000999943663,0.30158730158730157,8.579144212319157,0.42777777777777776,5.504972622588827,0.30158730158730157,3.3962361663282534,0.2222222222222222
7657,19.89722907978488,0.6666666666666666,21.67018053248352,0.7619047619047619,20.47649538222518,0.6666666666666666,20.476495382225178,0.6666666666666666
7658,9.660041861787265,0.55,4.773832970144352,0.3625,10.283080801639166,0.55,6.592724864350675,0.38333333333333336
7659,10.892486150919813,0.5909090909090909,3.0571851627442896,0.3090909090909091,11.486397734601978,0.5909090909090909,3.056222395737193,0.29797979797979796
7660,6.609234207988106,0.32857142857142857,3.834647119836754,0.23636363636363636,6.889805189835929,0.32857142857142857,5.0720562748477125,0.275
7661,17.909164326361783,0.506578947368421,12.281118318204305,0.37894736842105264,18.592268062862754,0.506578947368421,15.448632091754599,0.4152046783625731
7663,6.851853015083982,0.27941176470588236,2.17504509226588,0.13970588235294118,7.228765593169289,0.27941176470588236,2.1169157423318987,0.11764705882352941
7664,13.019771316470191,0.3333333333333333,8.679614510071819,0.3153153153153153,13.697729839327248,0.3333333333333333,7.750525488209593,0.23333333333333334
7665,2.0362019779378535,0.5,27.956475451951114,0.625,1.4393398282201737,0.5,19.298394650311952,0.5
7666,7.804729466562137,0.375,8.214255650988788,0.3333333333333333,8.324747468305832,0.375,5.7498737341529145,0.225
7667,11.956768279176854,0.2857142857142857,12.48591836214103,0.2857142857142857,12.366237881627983,0.2857142857142857,12.366237881627983,0.2857142857142857
7668,4.52468329648152,0.375,2.7215048187406254,0.23863636363636365,4.695382567867737,0.375,2.1553635450058146,0.25
7669,9.312598911606948,0.4083333333333333,4.590643336333544,0.23333333333333334,9.818723539743544,0.4083333333333333,3.2431605415560303,0.19487179487179487
7670,4.960155392764689,0.3090909090909091,4.058985087390018,0.18333333333333332,5.215949097455002,0.3090909090909091,2.8451703825087806,0.2
7671,10.006549965421577,0.5,18.013771631908295,0.4375,9.81397906865708,0.375,6.312902832994917,0.3888888888888889
7672,14.518636293006997,0.5,6.383308678393081,0.21666666666666667,15.13675323681471,0.5,10.68308080163916,0.4
7673,13.009870482985727,0.6666666666666666,4.560263130947665,0.2308259587020649,13.54088142549809,0.6666666666666666,9.639087296526014,0.5
7674,3.9810663520889196,0.18181818181818182,5.018329584815341,0.25668449197860965,4.310281018117083,0.2828282828282828,4.643614351450417,0.2828282828282828
7675,16.177214095456083,0.5555555555555556,10.426771677845386,0.35353535353535354,16.924142204050327,0.5555555555555556,11.235272996636725,0.37373737373737376
7676,14.287105796989144,0.45454545454545453,3.247914533111155,0.35909090909090907,14.727884024247798,0.45454545454545453,15.527884024247799,0.5
7677,3.513788688441675,0.2708333333333333,4.236180553784104,0.3,3.7715954151345676,0.3333333333333333,1.8710873606004108,0.21666666666666667
7678,14.57207031014738,0.5,10.738431203489837,0.4444444444444444,15.34617738510471,0.5,10.817034697737515,0.4444444444444444
7679,14.294730863472909,0.4888888888888889,11.982968565330642,0.5555555555555556,14.986150379647475,0.5555555555555556,10.021095870942599,0.3888888888888889
7680,5.643210250260681,0.125,1.4053300858899103,0.0625,5.901650429449552,0.1875,4.822794562845928,0.14903846153846154
7681,11.480695269807157,0.36363636363636365,5.860314178844598,0.20909090909090908,11.806923121772607,0.4090909090909091,4.5497106690637334,0.24242424242424243
7682,11.379393428135653,0.47368421052631576,4.398183588706694,0.3157894736842105,11.895646307181735,0.47368421052631576,10.305429202143083,0.4354066985645933
7684,26.922507357457526,0.6,9.685352679613658,0.31447963800904977,27.536500705120535,0.6,12.382099559921738,0.43333333333333335
7685,12.23261973890963,0.42857142857142855,3.8511379993115042,0.16883116883116883,12.551633673391038,0.42857142857142855,7.340932562602224,0.2777777777777778
7687,2.7359610565483092,0.23333333333333334,5.0174422757527894,0.2850877192982456,2.8782239029325263,0.23333333333333334,3.917276332107655,0.35
7688,9.944907458522263,0.3333333333333333,3.390028856716016,0.3,10.279132589868864,0.3333333333333333,2.958672036356104,0.125
7689,12.897085275911751,0.5,12.616897284256025,0.5,13.47425787905638,0.5,10.810044316683282,0.4107142857142857
7690,17.923430967255605,0.5446428571428571,3.4663582233137653,0.30416666666666664,18.57579106164792,0.5446428571428571,19.00436249021935,0.5446428571428571
7691,4.346115987947314,0.2,7.576955262170046,0.26666666666666666,4.480939751330897,0.3,4.982411613907041,0.3
7692,14.807084812326465,0.4375,10.213135815954152,0.4375,15.161260913887556,0.4375,13.172755223725407,0.3375
7693,7.8378002301669305,0.4375,3.281814455233219,0.17119565217391305,8.27772215814782,0.4375,7.017919369326616,0.35
7694,8.739003973941566,0.6,,,9.034062043356595,0.65,6.607716446627536,0.45
7695,3.1930455967506317,0.23333333333333334,4.341771681710376,0.28888888888888886,2.876142374915393,0.13333333333333333,2.148528137423857,0.1
7696,13.086496887195839,0.42857142857142855,15.150328529365698,0.5,13.719436702313715,0.42857142857142855,13.719436702313715,0.42857142857142855
7697,6.296316000841712,0.46153846153846156,5.27363162723442,0.1700404858299595,6.467838946814936,0.46153846153846156,3.1080161884095894,0.17582417582417584
7698,8.520502421693351,0.5,4.176305477549222,0.37575757575757573,9.026813021563326,0.5,7.945643934562709,0.4666666666666667
7699,7.126866978154905,0.25,7.798832970144347,0.325,6.776650429449548,0.25,9.26512806053457,0.325
7700,4.828690329176063,0.18181818181818182,9.725843656445393,0.32386363636363635,4.34536271574757,0.18181818181818182,6.35314227116281,0.2077922077922078
7702,1.7583619757078823,0.4,1.8343145750507577,0.4,1.7999999999999985,0.4,1.7999999999999972,0.4
7703,6.776837938606514,0.35714285714285715,3.445257331699095,0.2222222222222222,7.322263446102247,0.35714285714285715,4.792335854398791,0.25
7704,12.614656411409545,0.4513888888888889,15.74973393729157,0.4305555555555556,13.20493676028579,0.4513888888888889,7.989341051870744,0.2897727272727273
7705,11.880682176006294,0.46153846153846156,6.643905534814033,0.26153846153846155,12.491128307067545,0.46153846153846156,12.866128307067545,0.46153846153846156
7706,17.903163999876437,0.475,8.842466496993286,0.4785714285714286,18.56842891943368,0.475,19.068428919433675,0.525
7707,7.450710725189416,0.2857142857142857,14.066784887563976,0.5378151260504201,7.871704799767942,0.2857142857142857,3.4243661069253073,0.2857142857142857
7708,2.846907148174777,0.4,1.3597979746446638,0.2,2.945584412271564,0.4,13.453489992175477,0.5142857142857142
7709,2.13758982612246,0.2,1.365685424949239,0.2,1.8970562748477116,0.2,1.8970562748477129,0.2
7710,14.076704562303025,0.5625,4.706828098979214,0.2625,14.55196027987728,0.5625,6.9581736957082745,0.3625
7711,9.22386142521007,0.5294117647058824,9.567665574228736,0.5294117647058824,9.610923516614656,0.5294117647058824,10.19765978722678,0.5294117647058824
7712,5.258118888754735,0.3076923076923077,2.9677257084674853,0.21678321678321677,5.610352606577289,0.3076923076923077,6.14026713649182,0.3076923076923077
7713,9.278280663521787,0.46153846153846156,3.9072881637148997,0.2097902097902098,9.81991549410447,0.46153846153846156,3.831685484120194,0.27972027972027974
7714,13.816350617738369,0.4,7.996939721758096,0.4,14.019595949289334,0.4,6.064823227814081,0.4
7715,8.514126235498194,0.38461538461538464,5.220482545284156,0.23076923076923078,8.920535631555055,0.38461538461538464,4.567321564490077,0.23076923076923078
7716,5.75433149286038,0.38461538461538464,4.992555589535333,0.26153846153846155,6.046458475104124,0.38461538461538464,6.811289939841206,0.38461538461538464
7717,1.9596791123348647,0.42857142857142855,1.5815811159807802,0.14285714285714285,1.1284992766588096,0.2857142857142857,0.8427849909445218,0.14285714285714285
7718,4.269629607667769,0.25252525252525254,5.049387814836818,0.36363636363636365,4.429636915247653,0.25252525252525254,4.571051056661796,0.25252525252525254
7719,16.575464089967486,0.4444444444444444,10.678642729143284,0.29239766081871343,17.22177327698814,0.4444444444444444,6.593716068168352,0.2857142857142857
7720,21.166461898036417,0.5,4.536269837220808,0.3,21.963834764831837,0.5,0.948223304703365,0.125
7721,14.923787640528582,0.375,9.271744220862402,0.2916666666666667,15.569900782009817,0.425,9.185957783235498,0.2916666666666667
7722,8.391641047354092,0.5222222222222223,2.271665562827392,0.20833333333333334,8.823577034313304,0.5222222222222223,5.797297760440795,0.39316239316239315
7723,12.555918264587014,0.375,8.720798313968718,0.5294117647058824,12.821067811865472,0.375,4.349873734152916,0.375
7724,9.262465594685768,0.631578947368421,3.7181050135413596,0.2513157894736842,9.622282973203307,0.631578947368421,5.489675977027419,0.3588516746411483
7725,2.049120865042533,0.2857142857142857,20.207843122964196,0.6218487394957983,1.7489486695884713,0.2857142857142857,1.3203772410170416,0.2857142857142857
7726,3.1544411536983987,0.16923076923076924,3.6028072584570796,0.34615384615384615,3.625771449426494,0.16923076923076924,3.2672751476261057,0.15384615384615385
7727,7.508177865460389,0.36363636363636365,5.340346409159711,0.24025974025974026,7.881900164345865,0.36363636363636365,3.7743519595471855,0.18181818181818182
7728,9.847449752307275,0.47783251231527096,3.7872259283692085,0.27586206896551724,10.522164103039271,0.47783251231527096,6.359936386999069,0.2796934865900383
7729,11.386781142763237,0.5238095238095238,4.576625495490566,0.3284313725490196,11.954182980234767,0.5238095238095238,8.679019356511736,0.4166666666666667
7730,5.856821257453907,0.3076923076923077,2.4406093893352203,0.15384615384615385,6.32048383018189,0.3076923076923077,3.0516564220412823,0.17482517482517482
7731,11.61154340925189,0.42105263157894735,2.9418521797816712,0.30959752321981426,12.076873995052983,0.42105263157894735,12.85465177283076,0.42105263157894735
7732,14.729719331805661,0.6521739130434783,3.4864434832414553,0.16403162055335968,15.34357298679264,0.6521739130434783,13.533771073276261,0.6047430830039525
7733,3.94819478125945,0.23484848484848486,8.025780335504173,0.36891385767790263,3.8368025466952176,0.23484848484848486,4.308207067486249,0.3
7734,18.686968123272955,0.5,14.173149339882599,0.4,19.03944443027283,0.5,5.448086472453314,0.2
7735,6.98749135205078,0.4117647058823529,4.3024785661018194,0.35294117647058826,7.464168997956476,0.4117647058823529,6.647909277222533,0.334841628959276
7736,3.9793376317646736,0.5,1.7248737341529132,0.25,3.51776695296636,0.5,3.517766952966367,0.5
7737,10.757652103622005,0.5,11.678269292437335,0.4375,11.506363628633666,0.5,7.35318387753535,0.35714285714285715
7738,4.984492789130263,0.25,5.425272278898505,0.30952380952380953,5.302623452853561,0.25,4.18394299877432,0.23333333333333334
7739,4.724781051797312,0.3333333333333333,2.3980505801581002,0.19696969696969696,5.09063100886342,0.3333333333333333,4.0421747212008245,0.2777777777777778
7740,6.036973770166753,0.2727272727272727,1.5207201873961642,0.18181818181818182,6.43836005874841,0.36363636363636365,4.323181306728451,0.25252525252525254
7741,4.278716752482962,0.2222222222222222,12.001369358748136,0.3973429951690821,3.9697691179286503,0.2222222222222222,5.91891570494475,0.26262626262626265
7743,9.582337422086448,0.5,2.740372019966287,0.17933130699088146,9.910008240726974,0.5,6.934131562308637,0.373015873015873
7744,3.1913704518200965,0.15384615384615385,3.6811975871995988,0.20279720279720279,3.396045871838504,0.15384615384615385,3.736715303674435,0.20279720279720279
7745,5.659424754015482,0.35714285714285715,12.355820957059,0.42857142857142855,5.437762832602883,0.35714285714285715,5.0088834764831835,0.375
7746,12.479447685096638,0.5,12.308732555695851,0.5,12.968698884803294,0.5333333333333333,12.968698884803297,0.5333333333333333
7747,10.676704359278604,0.35,3.3380088676543354,0.3,11.396600521339883,0.35,9.710579136828622,0.35
7748,9.303730579802636,0.2857142857142857,15.570369615286335,0.608781127129751,9.88542567806381,0.2857142857142857,9.88542567806381,0.2857142857142857
7749,6.423397574600446,0.4090909090909091,6.015281381968542,0.3424242424242424,6.774250853638998,0.4090909090909091,6.262221781993155,0.3424242424242424
7750,13.918847044142206,0.5882352941176471,12.051028483904807,0.5294117647058824,14.27206783447997,0.5882352941176471,12.000505515915195,0.477124183006536
7752,15.375190506326174,0.5294117647058824,2.460388477100874,0.21176470588235294,16.094998594289862,0.5294117647058824,12.961423045354948,0.4117647058823529
7753,10.934346202505958,0.4,7.630571785686863,0.2875,11.269273682893397,0.4,4.87959415460184,0.4
7754,3.2441894088830514,0.4,19.42955746422023,0.5555555555555556,2.8769552621700405,0.4,2.876955262170043,0.4
7755,15.1913584703031,0.4166666666666667,12.510407640085653,0.3333333333333333,15.597210186780863,0.4166666666666667,2.447715250169203,0.16666666666666666
7756,9.452369752499477,0.4444444444444444,3.892907110688332,0.32037037037037036,9.895122515189057,0.4444444444444444,8.128346766040368,0.3492063492063492
7757,7.105728158476768,0.2,7.918376618407354,0.3,7.186574669941301,0.2,7.124442635585336,0.2
7758,15.428202679315177,0.4444444444444444,6.1401669708857005,0.2222222222222222,16.025202808822602,0.5555555555555556,16.025202808822602,0.5555555555555556
7759,6.116826495190671,0.3076923076923077,2.752825743680619,0.15384615384615385,6.4447749740813025,0.3076923076923077,2.2168165159670714,0.15384615384615385
7760,12.992186096648076,0.375,7.121320343559642,0.375,13.284976541518073,0.5,7.857530658489315,0.3333333333333333
7761,19.797415971466037,0.6333333333333333,2.7313708498984757,0.2,20.452354484532563,0.6333333333333333,12.527074306752318,0.475
7762,5.340928808532216,0.2857142857142857,7.135574560070697,0.2857142857142857,5.633455295747217,0.2857142857142857,3.2916615086203738,0.2857142857142857
7763,10.719583455891183,0.509090909090909,3.362183053462653,0.3047619047619048,11.252419643208924,0.509090909090909,6.327970516625269,0.34285714285714286
7764,15.323096631157275,0.5263157894736842,16.88088148846958,0.5263157894736842,16.023898120766162,0.5263157894736842,11.074015612061295,0.3827751196172249
7765,1.4638860255450148,0.16666666666666666,3.9924104968364738,0.23809523809523808,1.3451779686442469,0.16666666666666666,1.1785113019775793,0.16666666666666666
7766,14.309624672386136,0.375,3.0247468273460125,0.1875,14.782616331293612,0.375,6.134137503750262,0.10416666666666667
7767,1.5818077792060201,0.25,26.011721360609638,0.7916666666666666,1.4999999999999947,0.25,1.5,0.25
7768,6.214354537297774,0.46153846153846156,5.348883520320564,0.405982905982906,6.700935724904657,0.46153846153846156,5.512893311645552,0.38235294117647056
7769,23.949802235171475,0.5882352941176471,3.353867000464422,0.23109243697478993,24.619670781354493,0.5882352941176471,15.331033540242881,0.4117647058823529
7770,12.547510246934992,0.5,5.885533905932736,0.375,12.988225099390855,0.5,5.26274169979695,0.375
7771,13.92696121569595,0.5,6.781793341279283,0.32971014492753625,14.576990129520933,0.5,14.57699012952093,0.5
7772,10.084391043080021,0.5,2.0073914164371454,0.1978021978021978,10.570196861235495,0.5,8.6358057575247,0.375
7773,5.549918494519847,0.24444444444444444,2.563451979096162,0.2222222222222222,5.260508253943875,0.24444444444444444,6.0669647377679015,0.24242424242424243
7774,21.27868757524677,0.5,20.4816017177982,0.4375,21.939669639505514,0.5,21.939669639505507,0.5
7775,16.53037220323705,0.5476190476190477,4.506362321197834,0.24025974025974026,16.974017372680972,0.5476190476190477,7.48777800162557,0.3492063492063492
7776,5.559099216600437,0.2867132867132867,3.3311032385209947,0.18181818181818182,6.064524863703359,0.2867132867132867,4.227198523519334,0.30113636363636365
7777,12.244444276741145,0.4444444444444444,6.92510020086716,0.3333333333333333,12.419516586234478,0.4444444444444444,7.05111660492909,0.30158730158730157
7778,3.5710342009557445,0.2222222222222222,1.9428090415820642,0.3333333333333333,3.598139127471969,0.2222222222222222,4.085020040173433,0.17777777777777778
7779,10.337830843967176,0.39766081871345027,3.9548561250682512,0.24671052631578946,10.764325791222868,0.39766081871345027,4.512847091661609,0.242914979757085
7780,14.334595732127287,0.26666666666666666,4.96530358043342,0.2153846153846154,14.919021151199217,0.26666666666666666,8.62074554546954,0.43333333333333335
7781,6.4419246474812315,0.29411764705882354,2.7793121258399776,0.2773109243697479,6.783366125434999,0.29411764705882354,2.5551475502324057,0.1803921568627451
7782,15.875168043953288,0.56,6.131269837220809,0.4975,16.23246391493337,0.56,8.534430731127111,0.3
7783,15.804411525730446,0.6521739130434783,12.73399579362999,0.47035573122529645,16.510902665210644,0.6521739130434783,14.362893207722625,0.5521739130434783
7784,26.014842767252752,0.7,9.915432893255065,0.3,26.610764773832464,0.7,26.610764773832464,0.7
7785,4.294231983056531,0.2593984962406015,4.425452517347938,0.34035087719298246,4.499527224688702,0.2593984962406015,2.4902550478838914,0.17956656346749225
7786,6.070393384823596,0.2222222222222222,5.918461779528392,0.3162393162393162,6.301620508588146,0.2222222222222222,6.301620508588145,0.2222222222222222
7787,16.468968925195504,0.3333333333333333,2.8455844122715694,0.2,16.7805435201142,0.3333333333333333,17.17089945740269,0.3333333333333333
7788,8.002191967473909,0.35714285714285715,4.6242939550126865,0.2922077922077922,8.428083121241604,0.35714285714285715,8.910225978384464,0.42857142857142855
7789,2.6318699424148013,0.2222222222222222,8.05582239153674,0.5317460317460317,2.3872534860265104,0.2222222222222222,4.763513924027071,0.23232323232323232
7790,11.535518372857053,0.44047619047619047,3.489709866271533,0.32575757575757575,11.9534219666999,0.44047619047619047,8.69086399182265,0.3333333333333333
7791,8.441336877420492,0.36470588235294116,2.956206318458242,0.16470588235294117,8.761643318756342,0.36470588235294116,2.878794101320292,0.20784313725490197
7792,25.41592963188913,0.6923076923076923,3.870662669813222,0.1987179487179487,25.9723420864008,0.6923076923076923,19.325369988784473,0.5256410256410257
7793,15.030158099950835,0.5555555555555556,15.581141563104893,0.5555555555555556,15.17139489243795,0.5555555555555556,15.171394892437947,0.5555555555555556
7794,4.927266410086171,0.3333333333333333,7.935957783235502,0.3333333333333333,5.02409571424915,0.3,2.1045694996615865,0.16666666666666666
7795,1.824967562861136,0.16666666666666666,15.156507388575937,0.6695402298850575,1.9023689270621835,0.16666666666666666,1.7357022603955152,0.16666666666666666
7796,16.327440354568378,0.5494505494505495,9.672126015000101,0.4358974358974359,17.06737547037568,0.6263736263736264,17.353089756089968,0.6263736263736264
7797,17.048168137157678,0.4666666666666667,2.933300460079664,0.2222222222222222,17.57917907967004,0.4666666666666667,17.579179079670038,0.4666666666666667
7798,24.308984390239573,0.6666666666666666,3.7245347243459577,0.358974358974359,24.911746015549898,0.6666666666666666,18.720002392916655,0.5
7799,11.110207062938079,0.48333333333333334,3.559251353629139,0.3333333333333333,11.536346793187388,0.55,4.71123224419483,0.2982456140350877
7800,7.796435620240647,0.35714285714285715,4.229309246081851,0.35714285714285715,7.984433904504065,0.35714285714285715,6.306614097109316,0.35714285714285715
7801,21.484528819347535,0.5454545454545454,7.508907249676968,0.18181818181818182,22.415831459138964,0.5454545454545454,22.41583145913896,0.5454545454545454
7802,11.341088400419947,0.5083333333333333,8.38447656286182,0.4107142857142857,11.785898260944366,0.5083333333333333,6.729774784693768,0.3392857142857143
7803,4.370136649375704,0.23863636363636365,2.1702079220679487,0.14545454545454545,4.725485369029759,0.23863636363636365,5.452758096302488,0.23863636363636365
7804,16.827441031213148,0.425,4.874281502387369,0.2916666666666667,16.869038584874662,0.375,1.0643398282201764,0.375
7805,8.625255510713037,0.4642857142857143,5.383515422341067,0.38095238095238093,9.184212182845052,0.5,7.809146683441748,0.4180672268907563
7806,16.47650862538109,0.4666666666666667,8.7602859625428,0.3412698412698413,17.31142856333051,0.4666666666666667,3.165031263804284,0.2222222222222222
7807,3.6668927875655934,0.2692307692307692,2.4038705507838922,0.18333333333333332,3.6116706191609094,0.25,2.0258883476483174,0.1875
7808,7.48264391007306,0.38636363636363635,5.998113891142387,0.36363636363636365,7.723951358248005,0.38636363636363635,5.916834283119903,0.36363636363636365
7809,20.58413145886284,0.775,9.332485659759296,0.4144736842105263,21.139139597552333,0.775,13.184570097890747,0.5583333333333333
7810,10.69031339046535,0.4375,3.772555913896355,0.33223684210526316,11.138199447401995,0.4375,9.150483399593902,0.4375
7811,6.933097124236729,0.3333333333333333,4.161760458079522,0.23333333333333334,7.220745545469538,0.3333333333333333,3.0406978198106174,0.3333333333333333
7812,13.552900669223934,0.5625,1.8377750715749244,0.24583333333333332,13.848007489925322,0.5625,8.463791180643238,0.4513888888888889
7813,7.240892496868769,0.2916666666666667,3.8653980259041845,0.16666666666666666,7.786760458079521,0.2916666666666667,3.8002032218136597,0.23333333333333334
7814,13.67651452572908,0.6666666666666666,2.3165824894352745,0.3333333333333333,14.01979917110299,0.6666666666666666,14.019799171102992,0.6666666666666666
7815,10.035824623626835,0.5238095238095238,4.28297876342579,0.24761904761904763,10.608954847096927,0.5238095238095238,6.355557665447833,0.29304029304029305
7816,13.245382827457984,0.5,7.150266148241675,0.4,13.673843182554982,0.5,13.940509849221646,0.5
7817,11.4315602740262,0.44047619047619047,4.682961757056893,0.4166666666666667,11.985196342394094,0.44047619047619047,9.099155236540287,0.375
7818,7.628332336991107,0.3263888888888889,5.804019356511736,0.2916666666666667,7.874211354694548,0.3680555555555556,2.7321428571428577,0.16964285714285715
7819,11.680408517860474,0.4,5.858883476483184,0.275,11.953097637085447,0.4,5.516726188957803,0.275
7820,3.263620784522486,0.25,4.0687701821028215,0.3333333333333333,3.476420666473289,0.25,3.8097539998066225,0.25
7821,2.069491758195613,0.1111111111111111,10.67290714156135,0.4583333333333333,1.9507054651226694,0.1111111111111111,4.235984663982462,0.1919191919191919
7822,16.73678837120808,0.6666666666666666,7.071067811865472,0.16666666666666666,16.84822629584918,0.6666666666666666,7.071067811865471,0.3333333333333333
7823,3.38633327655446,0.18055555555555555,7.146844509326865,0.3504273504273504,3.624351650080195,0.18055555555555555,2.145967610998309,0.2222222222222222
7824,1.4417135899788127,0.16666666666666666,3.8316910530758928,0.19047619047619047,1.5690355937288492,0.16666666666666666,1.735702260395516,0.3333333333333333
7825,27.784649113668458,0.75,3.3978219672813514,0.20833333333333334,28.299410759380272,0.75,11.652974466066134,0.40476190476190477
7826,2.6339539608129052,0.15476190476190477,3.273846169507894,0.2222222222222222,2.850895001267521,0.20238095238095238,1.2907905579903909,0.14285714285714285
7827,16.08439132339754,0.5333333333333333,3.021227449490533,0.26666666666666666,16.577880149738327,0.5333333333333333,9.889860502253233,0.4222222222222222
7828,13.279385671507567,0.46153846153846156,5.791191582949527,0.2846153846153846,13.792359221379057,0.46153846153846156,10.503671324211728,0.33653846153846156
7829,10.57087276404081,0.5,17.495433918790773,0.7142857142857143,10.677690161848851,0.5,9.698786327785069,0.2857142857142857
7830,21.091790384947654,0.6181818181818182,12.184706988981631,0.35064935064935066,21.751745989462957,0.6181818181818182,9.016510062839606,0.3181818181818182
7831,5.319257833210159,0.37888198757763975,2.072976232401787,0.29446640316205536,5.843326929158488,0.37888198757763975,2.181568049866273,0.2242562929061785
7832,10.777917154563218,0.49206349206349204,2.6850576579890575,0.26330532212885155,11.194087123578877,0.49206349206349204,5.717945543766382,0.26373626373626374
7834,6.568594806594026,0.25,7.897506693313086,0.32857142857142857,6.59307178568686,0.325,2.238477631085024,0.2
7835,4.073762557620826,0.2222222222222222,13.364575247235068,0.42483660130718953,3.904681735970106,0.2222222222222222,3.7935706248589938,0.2222222222222222
7836,7.59875292089191,0.3333333333333333,3.100469520233904,0.15151515151515152,8.0366903103867,0.3333333333333333,5.443909327881765,0.2833333333333333
7837,7.802078447576026,0.375,10.024621202458743,0.4,7.7129202666703565,0.375,6.27401153701776,0.2
7838,15.12572210872824,0.5714285714285714,11.501491668779199,0.4603174603174603,15.574041423318517,0.5714285714285714,16.002612851889946,0.5714285714285714
7839,14.037806360307645,0.5,2.592903180913705,0.22857142857142856,14.496955945860522,0.5476190476190477,5.300696760503984,0.42857142857142855
7840,12.057887575240128,0.5,6.1033429475148,0.25,12.478910524340092,0.5,7.818825150650373,0.3333333333333333
7841,5.0680225716693315,0.25,9.799621202458749,0.2916666666666667,4.700273133511598,0.25,1.4142135623730954,0.25
7842,4.4308163038806905,0.31666666666666665,11.110234325245061,0.4420289855072464,4.60751322481387,0.31666666666666665,5.040846558147205,0.31666666666666665
7843,13.59229334352519,0.42857142857142855,14.218505625089877,0.40476190476190477,14.184656765647208,0.42857142857142855,1.4387239731236383,0.14285714285714285
7844,18.40962583699629,0.5,6.1888331332977575,0.24675324675324675,18.961181533552377,0.5,6.732908674731681,0.21428571428571427
7845,7.277885920374793,0.36666666666666664,4.027234614903357,0.2564102564102564,7.539865316429775,0.36666666666666664,7.7398653164297775,0.43333333333333335
7846,7.707310493352493,0.375,10.654134878959685,0.38571428571428573,8.202200572599406,0.375,8.743867239266068,0.375
7847,12.061018097995007,0.2857142857142857,8.92345289068346,0.37142857142857144,12.294737158286795,0.2857142857142857,12.294737158286793,0.2857142857142857
7849,6.005599225404309,0.2916666666666667,9.7175144212722,0.4375,6.282572747105011,0.4583333333333333,6.282572747105013,0.4583333333333333
7850,5.929712603412594,0.3333333333333333,4.518584654397559,0.25,6.027073452139229,0.3333333333333333,6.312787737853515,0.3333333333333333
7851,4.832753917387023,0.125,1.0821067811865446,0.25,4.8331581115980775,0.21428571428571427,1.1856601717798232,0.125
7853,12.458811536404093,0.4,10.095229842364024,0.4,12.679562278396775,0.4,5.57799602617861,0.275
7854,9.80696931072559,0.45454545454545453,,,9.722050366540143,0.45454545454545453,9.222474741033107,0.45454545454545453
7855,10.634827394637028,0.3888888888888889,14.523408679850526,0.4222222222222222,11.264386643039845,0.3888888888888889,7.5201147562993444,0.3888888888888889
7856,4.664767333935297,0.3,4.080193359837563,0.2,4.6613329701443496,0.3,3.879103533743124,0.19166666666666668
7857,10.936851142007667,0.375,4.889663951418048,0.24242424242424243,11.462818655763535,0.4583333333333333,1.7011844635310909,0.16666666666666666
7858,8.067940181245715,0.5,5.11552617797362,0.5,8.356110778362652,0.5,6.1984035380225,0.4230769230769231
7859,7.276980850232338,0.4375,6.181113211998992,0.3541666666666667,7.723437700318336,0.4375,5.807847818679935,0.3541666666666667
7860,7.9824719906545,0.41379310344827586,3.189084302762041,0.26489028213166144,8.54593039799098,0.41379310344827586,6.0929914870152375,0.30268199233716475
7861,19.649489311252914,0.5,7.798850403819792,0.31666666666666665,20.151948040905232,0.5,20.485281374238568,0.5
7862,8.250575698855512,0.27380952380952384,7.015096475778153,0.32566462167689164,8.559633746618923,0.27380952380952384,6.539721616907252,0.20833333333333334
7863,12.105119189562277,0.475,2.9120669267119883,0.3333333333333333,12.567412810365369,0.48333333333333334,13.19241281036537,0.48333333333333334
7864,7.004386522103406,0.42857142857142855,2.666068086518006,0.24603174603174602,7.5387065761053025,0.4642857142857143,4.339691126303781,0.2857142857142857
7865,26.993743796964665,0.5,9.870093791412856,0.375,27.488961030678922,0.5,27.48896103067892,0.5
7866,18.49511570474069,0.42857142857142855,13.578246744964636,0.5,19.30377761247063,0.42857142857142855,13.226180160097883,0.42857142857142855
7867,8.713651931151585,0.38461538461538464,4.345148945415911,0.2403846153846154,9.135973741076478,0.38461538461538464,5.665797597610647,0.24434389140271492
7868,1.8675113217233141,0.5,17.330459342882808,0.5,0.6642135623730931,0.25,0.6642135623730985,0.25
7869,7.830192114863016,0.2727272727272727,2.4298110964870787,0.18181818181818182,8.260603593980006,0.36363636363636365,3.7603144298498457,0.16083916083916083
7870,7.738647912376084,0.3888888888888889,5.819184399456691,0.4583333333333333,8.17208944013016,0.3888888888888889,3.4567475323802332,0.20833333333333334
7871,2.7552998016279333,0.2631578947368421,2.287128805654814,0.14035087719298245,2.7346149447861,0.2631578947368421,2.4175829486101494,0.2043343653250774
7872,16.82974119354284,0.5789473684210527,6.3459017555799,0.31983805668016196,17.28813984716888,0.5789473684210527,9.689117761277107,0.3827751196172249
7873,8.943715317406815,0.4107142857142857,1.0857864376269042,0.14285714285714285,9.47193748057582,0.4107142857142857,10.096937480575821,0.44642857142857145
7874,16.662677790837662,0.5833333333333334,4.795998442034356,0.3173076923076923,17.054316967967416,0.5833333333333334,10.738961030678928,0.4375
7875,11.273682687569229,0.3888888888888889,12.616414134972498,0.3888888888888889,11.771913572373794,0.3888888888888889,12.271913572373792,0.4444444444444444
7876,4.626176581450287,0.18461538461538463,2.1438505911606764,0.15384615384615385,4.9800090042820475,0.2,3.747016618817222,0.1888111888111888
7877,4.057660684949352,0.25,3.834250238583083,0.25,4.1119112018706945,0.25,5.4344931419241735,0.25
7878,9.140104050651583,0.46153846153846156,3.949402111802916,0.3076923076923077,9.50289085229219,0.46153846153846156,3.351085274187993,0.23076923076923078
7879,12.544710336705103,0.4444444444444444,,,12.572703214727847,0.4444444444444444,12.461592103616736,0.4444444444444444
7881,26.14602900657126,0.6,8.633274039586455,0.3565217391304348,26.963708498984758,0.6,11.752116395368013,0.43333333333333335
7882,10.044705345144804,0.5359477124183006,2.3075989860914876,0.23529411764705882,10.586239605655084,0.5359477124183006,10.808461827877307,0.5882352941176471
7883,8.36106458439707,0.3888888888888889,3.1765371960924256,0.3055555555555556,8.660802461262682,0.3888888888888889,5.729257421238211,0.2698412698412698
7884,7.468785266365971,0.3333333333333333,10.290737725975564,0.4375,7.604569499661586,0.3333333333333333,7.70812289025486,0.3333333333333333
7885,7.23076844567509,0.45454545454545453,5.40443083915217,0.3349282296650718,7.549583020533648,0.45454545454545453,8.158126713731946,0.45454545454545453
7886,13.74616667489845,0.2857142857142857,8.836790806247471,0.2698412698412698,13.918406504708107,0.3142857142857143,13.918406504708106,0.2857142857142857
7887,30.18358143632811,0.7142857142857143,8.286379951312085,0.25,30.77341439751629,0.7142857142857143,6.73932125731833,0.18681318681318682
7888,13.616579542736552,0.5,10.66438156284354,0.5,13.966736401368435,0.5,14.300069734701765,0.5
7889,10.155848760946984,0.3333333333333333,11.790737725975564,0.375,10.573520916159046,0.3333333333333333,10.948520916159046,0.375
7890,10.381832701154257,0.4725274725274725,4.899019605919388,0.29411764705882354,10.772992079106931,0.4725274725274725,2.655419324954739,0.21678321678321677
7891,3.2055909494573998,0.1875,4.1327421248545155,0.19407894736842105,3.134119893078654,0.1875,3.9657232541183096,0.23684210526315788
7892,8.352768248150703,0.5,1.5377595914809477,0.10526315789473684,8.833435941288771,0.5555555555555556,4.648197787497014,0.2905982905982906
7893,9.316625389819851,0.38461538461538464,2.1065212546807905,0.3076923076923077,9.762857966969687,0.38461538461538464,7.46213847230845,0.2905982905982906
7894,11.159784310062562,0.375,2.608584567923992,0.16071428571428573,11.935081674559223,0.375,9.311966597724792,0.30158730158730157
7895,6.173164124382035,0.3076923076923077,3.9523213789330316,0.28205128205128205,6.505879916804956,0.3076923076923077,4.759196355515423,0.3076923076923077
7896,13.805440965451076,0.46153846153846156,14.121889830077766,0.5384615384615384,14.356324618894678,0.46153846153846156,8.137646915773455,0.3504273504273504
7897,7.4229599465367615,0.35294117647058826,12.877875385544188,0.6470588235294118,7.695313421391639,0.39705882352941174,8.121784009626936,0.39705882352941174
7898,6.32065848325628,0.25,1.4733495705504525,0.125,5.99111652351681,0.125,7.363046532517443,0.2
7899,16.23351927509383,0.6363636363636364,5.783394432541751,0.2934609250398724,16.636974933338706,0.6363636363636364,8.751903069399761,0.45454545454545453
7900,10.70700097420407,0.4166666666666667,5.461482166521631,0.4166666666666667,10.931484913430621,0.4166666666666667,5.507078722109417,0.2222222222222222
7901,34.16084617325214,0.75,7.138393453853634,0.45,35.039598342205984,0.75,35.03959834220598,0.75
7902,9.8692494430883,0.5,13.260746343108423,0.5,10.230317053399952,0.5,10.230317053399952,0.5
7903,6.581891690058717,0.4,3.6820723450464334,0.4,6.861371176205292,0.4,4.304953101256798,0.32857142857142857
7904,13.897968791831005,0.45454545454545453,3.6754873384656177,0.17272727272727273,14.570336004253734,0.45454545454545453,14.934354669857923,0.45454545454545453
7906,5.937866237461396,0.2727272727272727,2.892422929467004,0.2727272727272727,6.062495076410357,0.2727272727272727,6.562495076410357,0.2727272727272727
7907,5.657705243670837,0.30158730158730157,3.046023729152566,0.1111111111111111,5.945178538386305,0.30158730158730157,2.0381273056119573,0.2222222222222222
7908,8.175515679671228,0.2727272727272727,5.8756402377986685,0.18181818181818182,8.43924881428025,0.2727272727272727,5.075506869762341,0.1717171717171717
7909,8.2231923028221,0.4,8.93790283299492,0.3333333333333333,8.706423150924802,0.4,4.855072799556985,0.21818181818181817
7910,10.695093925381103,0.5,5.862755099037414,0.34615384615384615,11.01229256325122,0.5,6.239913417704857,0.3
7911,6.292803862548732,0.3333333333333333,7.652188547280634,0.32142857142857145,6.253672435175547,0.3333333333333333,5.517766952966368,0.3333333333333333
7912,8.169311748230069,0.5,4.682580263619416,0.4090909090909091,8.53742620413013,0.5,6.46276753117035,0.46853146853146854
7914,6.939787293562959,0.3333333333333333,2.0892556509887896,0.3333333333333333,7.482530658489313,0.3333333333333333,8.024197325155981,0.375
7915,7.975622933540806,0.5,9.107107635799636,0.32142857142857145,8.397970773009195,0.5,5.196278254943947,0.38333333333333336
7916,13.080269226746067,0.5,5.534493141924171,0.25,13.665755159651006,0.5,0.9242640687119282,0.1
7917,2.4256869823032585,0.2222222222222222,15.401860700181807,0.5730994152046783,1.904681735970103,0.2222222222222222,1.4602372915256598,0.1111111111111111
7918,9.061556796267201,0.425,6.729022364009419,0.2980769230769231,9.32413780286484,0.425,5.941582489435277,0.2916666666666667
7919,17.87061694592294,0.5833333333333334,19.982828269944996,0.5833333333333334,18.401948040905232,0.5833333333333334,4.372311547377322,0.17857142857142858
7920,13.39636592430685,0.5,6.015751387206306,0.2857142857142857,13.941336825013591,0.5,6.1340981193129025,0.2857142857142857
7921,10.376661201032459,0.46153846153846156,6.289869168280231,0.248868778280543,10.894573674018233,0.46153846153846156,8.462193357875337,0.41346153846153844
7922,16.747714564454284,0.6,8.027772963601235,0.4444444444444444,17.658073580374353,0.6,14.23539956420775,0.45714285714285713
7923,4.071735883870579,0.5,36.449612986813534,0.8181818181818182,3.474873734152901,0.5,3.4748737341529043,0.5
7925,4.9579732018473015,0.2846153846153846,3.042192250181894,0.18461538461538463,5.072316566936738,0.2846153846153846,3.8826743926684335,0.2517482517482518
7926,18.660216688866562,0.5454545454545454,5.978557579394193,0.32323232323232326,18.952526552599206,0.5454545454545454,9.589215901418184,0.36363636363636365
7927,9.01004388326082,0.41830065359477125,4.263482266183358,0.27601809954751133,9.431652653919077,0.41830065359477125,3.9012477690378264,0.27601809954751133
7928,21.27159518304244,0.75,33.07079087554143,0.9523809523809523,20.681170619230627,0.75,27.691070204782122,0.8333333333333334
7929,6.097054874804086,0.2222222222222222,0.9014109302453434,0.1111111111111111,6.258046445031621,0.2222222222222222,1.391879103842354,0.1111111111111111
7930,17.584460901267093,0.4375,13.927243658263706,0.4513888888888889,18.317582106208434,0.4375,10.215128060534576,0.3625
7931,7.959120301451128,0.3333333333333333,5.193176088552992,0.2619047619047619,8.705528584167812,0.3333333333333333,7.851777692345241,0.2777777777777778
7932,4.2802180963736705,0.45,2.958346064237457,0.21470588235294116,4.667479553921317,0.45,3.0570226039551587,0.25
7933,4.248228245134124,0.3,1.482551643182106,0.11052631578947368,4.5737863277850765,0.3,1.0607133363470147,0.08947368421052632
7934,12.110099901546754,0.44047619047619047,2.595177968644242,0.25,12.439389638721446,0.44047619047619047,5.957445484209322,0.25
7935,6.399090012081318,0.275,7.340863991822647,0.4,6.662310601229372,0.375,7.062310601229372,0.375
7936,10.044092488557178,0.3888888888888889,7.7368975406399505,0.37142857142857144,10.352560172433217,0.3888888888888889,7.787281996848254,0.37142857142857144
7937,11.109722182242843,0.5416666666666666,6.491411131322312,0.2647058823529412,11.635788341083336,0.5416666666666666,9.10146542688138,0.4230769230769231
7939,16.309573194870673,0.4,17.814773917933575,0.4083333333333333,16.822557108117064,0.4,17.32255710811706,0.4666666666666667
7940,9.386570437103202,0.4375,6.282931995911321,0.3375,9.743161069123564,0.4375,10.243161069123566,0.4375
7941,12.029507101937694,0.2857142857142857,5.927955573474886,0.375,12.51483817096446,0.4,12.51483817096446,0.4
7942,5.0625631697092315,0.18181818181818182,3.9076222162739325,0.1893939393939394,5.168815860199067,0.25252525252525254,3.1700511589524663,0.18181818181818182
7943,8.077456575828402,0.4666666666666667,2.224078280573708,0.21666666666666667,8.567694398185274,0.4666666666666667,5.104200005454928,0.28484848484848485
7944,8.507747909883081,0.3333333333333333,6.434345888086204,0.20454545454545456,8.925339700071376,0.3333333333333333,4.841425732984724,0.21428571428571427
7945,1.2797575396570342,0.16666666666666666,0.6785113019775798,0.16666666666666666,0.8619288125422971,0.16666666666666666,0.8047378541243658,0.16666666666666666
7946,8.702756263318749,0.3076923076923077,4.438962550089187,0.20279720279720279,9.09677729243568,0.3076923076923077,9.541221736880125,0.3076923076923077
7947,14.746459939696164,0.4,3.8889898964132406,0.3,15.307751313978422,0.43333333333333335,5.891295090390225,0.225
7948,17.916271024966697,0.5833333333333334,10.458873483302114,0.3682795698924731,18.566533179554778,0.5833333333333334,6.753469213361886,0.20833333333333334
7949,14.041354461962301,0.47058823529411764,5.45363269794551,0.35294117647058826,14.48436305305454,0.47058823529411764,14.984363053054537,0.47058823529411764
7950,12.414571600207939,0.4583333333333333,5.310660171779817,0.375,12.619375293800228,0.4583333333333333,5.008883476483182,0.25
7951,9.613201952956386,0.5,5.654374913661081,0.2792207792207792,10.110679491677615,0.5,2.5132486536788075,0.17032967032967034
7952,22.092133674002955,0.75,21.374368670764582,0.625,22.72792206135786,0.75,22.72792206135785,0.75
7953,26.699845963487526,0.4666666666666667,8.612411555657586,0.3515151515151515,27.347732895967688,0.4666666666666667,14.986916777100946,0.37777777777777777
7954,15.881454819548008,0.5384615384615384,3.7282837506174324,0.3782051282051282,16.34977640235189,0.5384615384615384,16.481644534220024,0.5384615384615384
7955,21.75547322528331,0.4444444444444444,3.1190075346517188,0.2222222222222222,22.13635360146114,0.4444444444444444,5.343405709093744,0.23809523809523808
7956,5.13565488962094,0.36363636363636365,7.579092078495015,0.3730407523510972,5.4395021617414585,0.36363636363636365,5.800854319391724,0.36363636363636365
7957,19.88243262924942,0.5454545454545454,7.651808120966001,0.5454545454545454,20.53768593776418,0.5454545454545454,20.537685937764177,0.5454545454545454
7958,20.588454267617387,0.7619047619047619,4.7206435072561606,0.2619047619047619,21.083493080929706,0.7619047619047619,17.560795014125564,0.6190476190476191
7960,7.905498103608023,0.4,3.6707999615553595,0.2,8.311994289795507,0.45,3.669759197546794,0.1625
7961,22.303947968107956,0.45454545454545453,4.9657465160294,0.18831168831168832,23.1615625814038,0.45454545454545453,16.55728339861888,0.33766233766233766
7962,6.775885728655612,0.3076923076923077,2.4224865401924274,0.20673076923076922,7.2827318489866,0.3076923076923077,2.5679744483254052,0.16083916083916083
7963,9.46289500221019,0.4166666666666667,8.563546486423542,0.3684210526315789,10.054497347748967,0.4166666666666667,10.62592591917754,0.5238095238095238
7964,6.36166085659463,0.3888888888888889,3.394267401618537,0.28804347826086957,6.6929929211563195,0.3888888888888889,2.2087567121117977,0.16666666666666666
7965,18.547912149754318,0.5,15.139898980236516,0.4166666666666667,19.50488815542511,0.5625,15.492295966375833,0.4791666666666667
7966,7.185795669181654,0.3333333333333333,7.548492018561855,0.22580645161290322,7.517048455353738,0.4166666666666667,4.430592829994708,0.21666666666666667
7967,15.800029447523968,0.4166666666666667,7.85143898932247,0.4166666666666667,16.60123512864544,0.4166666666666667,11.756219929111136,0.2916666666666667
7969,8.148282181154528,0.3516483516483517,4.289115070732109,0.14285714285714285,8.945958674701634,0.3516483516483517,3.968560888631049,0.1746031746031746
7970,8.406954690768874,0.45454545454545453,7.590125275331673,0.36363636363636365,8.569609823601585,0.45454545454545453,8.945468596289302,0.45454545454545453
7971,5.307908393941583,0.2,4.1675777231466276,0.21818181818181817,5.366689911567254,0.2,6.43866522045148,0.24615384615384617
7972,9.42997702512575,0.3076923076923077,7.204350645400719,0.23846153846153847,9.797858306612536,0.3076923076923077,4.250527751971441,0.1888111888111888
7973,5.537467641773013,0.25,2.303508524568038,0.1282051282051282,5.936407725518185,0.2777777777777778,1.4950937914128566,0.16666666666666666
7974,8.529121471089024,0.2840909090909091,6.45152520463736,0.32727272727272727,9.35332381632585,0.2840909090909091,4.377268788401013,0.17272727272727273
7975,10.237972752491011,0.5,12.504099854278873,0.48148148148148145,10.408080801639166,0.5,8.964045207910319,0.5
7976,20.513382936183753,0.5555555555555556,2.9482687974559334,0.25555555555555554,21.246929026267516,0.5555555555555556,16.95906885163034,0.4583333333333333
7977,3.626322978517784,0.25,1.739359752420684,0.1619047619047619,3.7287145237912416,0.25,1.500773205727226,0.1111111111111111
7978,16.36111035134461,0.5294117647058824,11.582139876535527,0.34705882352941175,16.76683588837385,0.5294117647058824,6.384832562976817,0.23039215686274508
7979,1.696033229953212,0.25,31.70141978149244,0.8,1.7499999999999982,0.25,1.7499999999999982,0.25
7980,16.246923075718556,0.5333333333333333,9.81464325090101,0.3333333333333333,16.835303361657594,0.5333333333333333,9.971778091164689,0.3333333333333333
7981,11.622071987862954,0.5454545454545454,7.462450568296771,0.2922077922077922,12.348363496564945,0.5909090909090909,5.879370104085713,0.2818181818181818
7982,10.495594358999504,0.47058823529411764,5.7948463272923,0.4117647058823529,11.004042753068488,0.5294117647058824,7.542420764675681,0.4117647058823529
7983,4.159688841203797,0.25252525252525254,4.070216072877246,0.22077922077922077,4.318402639400986,0.25252525252525254,1.5454545454545443,0.18181818181818182
7984,14.820078031553804,0.5,4.929735447036097,0.3888888888888889,15.26396103067893,0.5,10.555466564147629,0.5
7985,11.30128877668858,0.3888888888888889,2.4300064094543106,0.2222222222222222,11.783758207684707,0.3888888888888889,7.045783222777166,0.2698412698412698
7986,15.993329094434204,0.7142857142857143,11.304285018448141,0.6142857142857143,16.603422821312986,0.7142857142857143,10.300676203723867,0.44155844155844154
7988,1.5731451635453202,0.25,8.5415713187296,0.35714285714285715,1.3321067811865466,0.125,0.9571067811865476,0.125
7989,19.910304583998933,0.4166666666666667,12.424621202458743,0.5,20.632744092713608,0.4166666666666667,3.1785113019775784,0.3333333333333333
7990,4.628160131031924,0.2857142857142857,1.9772314905094186,0.14285714285714285,4.643728093487124,0.2857142857142857,2.163162231961565,0.14285714285714285
7991,10.71585317510325,0.52,6.097914095495519,0.28705882352941176,11.10180518740651,0.52,4.789315854107302,0.32
7992,7.3931704936803735,0.3,4.560428890889028,0.3,7.548320266455747,0.3,5.35342712474619,0.3
7993,9.173168480320934,0.3504273504273504,6.386532657200667,0.2937062937062937,9.390603220947764,0.3504273504273504,9.619359648194061,0.38461538461538464
7994,13.163078483261575,0.6470588235294118,12.050981799754895,0.48366013071895425,13.527166615185497,0.6470588235294118,6.708918053171907,0.37433155080213903
7995,7.313783784768555,0.3444976076555024,2.905152424463398,0.20842105263157895,7.7708216772854755,0.3827751196172249,4.360826306257393,0.2593984962406015
7996,7.769182348294412,0.4166666666666667,7.504625617815846,0.3333333333333333,8.11410132606458,0.4166666666666667,6.328427124746185,0.31666666666666665
7997,9.710110451860372,0.47058823529411764,11.39010015311361,0.5294117647058824,10.206953135767762,0.47058823529411764,5.944397753882038,0.3936651583710407
7998,14.039261666945569,0.46153846153846156,2.3768842258932055,0.15384615384615385,14.730597965081992,0.46153846153846156,7.888360400889949,0.27350427350427353
7999,16.417559465801904,0.4083333333333333,10.76257334533417,0.3,17.309731231088715,0.4083333333333333,17.559731231088712,0.4083333333333333
