stem,segmenter,ref_s,graph_s,jpeg_s,ref_skeleton_skan_s,ref_descriptors_s,graph_decode_graph_s,graph_descriptors_s,jpeg_decode_s,jpeg_segment_s,jpeg_skeleton_skan_s,jpeg_descriptors_s
7249,Frangi,0.00510647299233824,0.0028002409962937236,0.16463343403302133,0.0036698440089821815,0.001381961046718061,0.00228485104162246,0.0005134009988978505,0.00012604903895407915,0.16124400100670755,0.003111944068223238,9.734195191413164e-05
7250,Learned,0.0049495239509269595,0.00538556301034987,0.29827179899439216,0.0036201439797878265,0.0012779630487784743,0.004465813981369138,0.0009174259612336755,0.00016872503329068422,0.2930792700499296,0.003734598052687943,0.001227412954904139
7251,Learned,0.004548134980723262,0.005305737955495715,0.2797977690352127,0.0033946799812838435,0.0011087850434705615,0.004414280992932618,0.0008881359826773405,0.0001691610086709261,0.27489464299287647,0.0036090259673073888,0.001073481049388647
7252,Learned,0.003952980972826481,0.003733703983016312,0.28613695909734815,0.0032066049752756953,0.0007045379607006907,0.0031181219965219498,0.0006134730065241456,0.0001516910269856453,0.2772230610717088,0.004816169035620987,0.0038664990570396185
7253,Learned,0.003933997009880841,0.004325630026869476,0.2814206819748506,0.0031341579742729664,0.0007613890338689089,0.0036448510363698006,0.0006771989865228534,0.00013818999286741018,0.276913552894257,0.0034615880576893687,0.0008600789587944746
7254,Learned,0.004754641908220947,0.005332921049557626,0.30025114899035543,0.0036296669859439135,0.001075071981176734,0.004485178040340543,0.0008447678992524743,0.00018575601279735565,0.29511597694363445,0.0038295660633593798,0.001062778988853097
7255,Learned,0.004326502094045281,0.004388012923300266,0.27877580595668405,0.0033583729527890682,0.0009274160256609321,0.003634713008068502,0.0007500479696318507,0.00015604996588081121,0.2742748740129173,0.0033921230351552367,0.0009036760311573744
7256,Learned,0.0054627410136163235,0.005725705064833164,0.2854994139634073,0.004233462968841195,0.0011507089948281646,0.004914216930046678,0.000807396019808948,0.00016259192489087582,0.2804627700243145,0.003740438027307391,0.001082369009964168
7257,Learned,0.004775854991748929,0.005480171064846218,0.28097424702718854,0.003639400936663151,0.0010961389634758234,0.004561154986731708,0.0009173499420285225,0.00016306200996041298,0.27583667600993067,0.0037632989697158337,0.0011577579425647855
7258,Learned,0.0045572470407933,0.00544800900388509,0.2742706920253113,0.003303961013443768,0.0012066710041835904,0.0045652680564671755,0.0008798739872872829,0.00017651391681283712,0.2691705010365695,0.003725184011273086,0.00114988605491817
7259,Learned,0.0038974719354882836,0.003975508967414498,0.28680729400366545,0.0031690079485997558,0.0006925510242581367,0.0033448180183768272,0.0006286499556154013,0.0001508170971646905,0.27354895300231874,0.006519688060507178,0.006471517961472273
7260,Learned,0.00432425900362432,0.0048913449281826615,0.2764981380896643,0.0032989128958433867,0.0009842670988291502,0.004091126029379666,0.0007984369294717908,0.00016948406118899584,0.27168394497130066,0.0035990780452266335,0.0009978279704228044
7261,Learned,0.006671042065136135,0.005286357016302645,0.28534042299725115,0.005586103070527315,0.001034448971040547,0.004405762068927288,0.0008786629186943173,0.00019589299336075783,0.27911547699477524,0.004596336046233773,0.0013386639766395092
7262,Learned,0.004474531044252217,0.004799586953595281,0.2773575800238177,0.003483300912193954,0.0009493700927123427,0.004024407942779362,0.000771480961702764,0.00015867897309362888,0.27274490310810506,0.0035064760595560074,0.0008974049706012011
7263,Learned,0.005947437020950019,0.004919358994811773,0.2851394899189472,0.004858772968873382,0.0010228559840470552,0.0041489891009405255,0.0007662619464099407,0.00017892092000693083,0.2805186799960211,0.003521171980537474,0.0008624889887869358
7264,Learned,0.004032716038636863,0.004175869980826974,0.28467677196022123,0.0031679560197517276,0.0008284649811685085,0.003502465086057782,0.0006713219918310642,0.00014303496573120356,0.2799653790425509,0.0037310670595616102,0.0007818540325388312
7265,Learned,0.004508370999246836,0.004948637099005282,0.2824642350897193,0.003608986036852002,0.0008634889964014292,0.004162698984146118,0.0007839549798518419,0.00016013102140277624,0.2775004890281707,0.003558140015229583,0.0011928060557693243
7266,Learned,0.004330107010900974,0.004911683965474367,0.2826000909553841,0.0033367829164490104,0.0009525060886517167,0.004139567958191037,0.0007691769860684872,0.00016835599672049284,0.2780650989152491,0.0034298269310966134,0.0008882660185918212
7267,Learned,0.004720653989352286,0.0051565340254455805,0.2766408239258453,0.003475376986898482,0.0011988070327788591,0.004273726022802293,0.0008809509454295039,0.0001650619087740779,0.2706748080672696,0.004290657001547515,0.0014112680219113827
7268,Learned,0.0051990990759804845,0.005614574998617172,0.2838653230573982,0.003840308985672891,0.0013126060366630554,0.004682408994995058,0.0009289680747315288,0.00017714907880872488,0.27811443200334907,0.004194215987809002,0.0013223979622125626
7269,Learned,0.004738939926028252,0.005273023038171232,0.28218991809990257,0.0035186150344088674,0.001174060977064073,0.004397352924570441,0.0008737039752304554,0.0001726360060274601,0.27620567800477147,0.004437875002622604,0.0012763950508087873
7270,Learned,0.004610987030901015,0.00529069104231894,0.2790152869420126,0.003529528039507568,0.001041378010995686,0.0044362269109115005,0.0008501580450683832,0.0001847470412030816,0.2742762939305976,0.003503532032482326,0.0010048099793493748
7272,Learned,0.00474201503675431,0.005530819995328784,0.2876661600312218,0.0035391829442232847,0.001160759013146162,0.004617521073669195,0.0009114439599215984,0.00017275603022426367,0.28161730396095663,0.004478657036088407,0.0013048619730398059
7273,Learned,0.004443304962478578,0.0035218700068071485,0.28203153191134334,0.003574351081624627,0.0008251609979197383,0.0029563800198957324,0.0005613609682768583,0.0001483409432694316,0.2744376539485529,0.004712071968242526,0.002656702999956906
7274,Learned,0.0038633709773421288,0.003550863009877503,0.2812055730028078,0.0031949239782989025,0.0006321340333670378,0.0029940289678052068,0.0005549900233745575,0.00013755797408521175,0.2748232929734513,0.00429067004006356,0.0018831059569492936
7275,Learned,0.0044126189313828945,0.005070529994554818,0.2833593840477988,0.003384176059626043,0.0009888189379125834,0.004233367973938584,0.0008354200981557369,0.00016523501835763454,0.2786250379867852,0.003525980981066823,0.0009942479664459825
7276,Learned,0.004369572037830949,0.0048108939081430435,0.28353238699492067,0.0034242209512740374,0.0009058699943125248,0.004052583011798561,0.0007552750175818801,0.00016787194181233644,0.2787379480432719,0.003620013943873346,0.0009570319671183825
7277,Learned,0.004697371972724795,0.005417098989710212,0.28273782995529473,0.0035294409608468413,0.0011259260354563594,0.004505050950683653,0.0009100770112127066,0.0001726549817249179,0.2768719280138612,0.004225773038342595,0.0013710539788007736
7278,Learned,0.004472986911423504,0.00494361890014261,0.28149968094658107,0.0034850870724767447,0.0009487830102443695,0.004149537067860365,0.0007897769100964069,0.0001657339744269848,0.27670555899385363,0.003578789997845888,0.001000346033833921
7279,Learned,0.003788587055169046,0.003168645082041621,0.28044621902517974,0.0031817640410736203,0.0005597500130534172,0.002668375032953918,0.0004983899416401982,0.0001267771003767848,0.273894821992144,0.004149453015998006,0.0021939079742878675
7280,Learned,0.0049651049776002765,0.005203160108067095,0.27738568489439785,0.003683262038975954,0.0012349769240245223,0.004349449998699129,0.0008508668979629874,0.00017568597104400396,0.2721794779645279,0.003863270045258105,0.0011175810359418392
7281,Learned,0.004003854002803564,0.004927998990751803,0.2789789349772036,0.003088281024247408,0.0008799040224403143,0.004117388976737857,0.000808655982837081,0.00015699397772550583,0.27365077601280063,0.00403240998275578,0.0010526159312576056
7283,Learned,0.004688331973738968,0.0055440779542550445,0.28088978794403374,0.003440854954533279,0.0012036820407956839,0.004634151002392173,0.0009065299527719617,0.00017773802392184734,0.2757994419662282,0.0036990289809182286,0.0011607309570536017
7284,Learned,0.003996424959041178,0.004066391033120453,0.2808527819579467,0.003183652996085584,0.0007758080027997494,0.0034159430069848895,0.0006486589554697275,0.00014638202264904976,0.27646165201440454,0.003416827996261418,0.0007808770751580596
7285,Learned,0.003941635019145906,0.0035310619277879596,0.2794339049141854,0.0032391350250691175,0.0006638619815930724,0.002966900006867945,0.000562343979254365,0.00014227395877242088,0.2737298789434135,0.004012895980849862,0.0014816450420767069
7286,Learned,0.0041191159980371594,0.004711798974312842,0.28236317995470017,0.0032505460549145937,0.0008303800132125616,0.003993156016804278,0.0007157550426200032,0.00015773100312799215,0.277866967022419,0.0034828700590878725,0.00080734898801893
7287,Learned,0.0043592340080067515,0.004970644018612802,0.27888925408478826,0.0034004420740529895,0.000922835897654295,0.004169145016930997,0.0007998170331120491,0.00019327003974467516,0.27411338803358376,0.00362743204459548,0.0009092369582504034
7288,Learned,0.004306811955757439,0.0050086360424757,0.2785746849840507,0.0033402389381080866,0.0009266220731660724,0.004205450066365302,0.0007990839658305049,0.0001648259349167347,0.2732042239513248,0.0038653300143778324,0.0012836219975724816
7289,Learned,0.004133893991820514,0.004547249060124159,0.27663748105987906,0.0031747750472277403,0.0009189869742840528,0.0038029459537938237,0.000742595992051065,0.00015370198525488377,0.27219301904551685,0.0033680530032142997,0.0008752549765631557
7290,Learned,0.004472158965654671,0.00500357907731086,0.2827844429994002,0.0034135240130126476,0.0010200730757787824,0.004199602990411222,0.0008017250802367926,0.00017041002865880728,0.2779083610512316,0.003609356004744768,0.0010478260228410363
7291,Learned,0.004162547993473709,0.004757372080348432,0.2868420670274645,0.003206763998605311,0.0009191300487145782,0.003989406977780163,0.0007661919808015227,0.00015643599908798933,0.2812219529878348,0.00420607510022819,0.0011654839618131518
7292,Frangi,0.004936964949592948,0.0016148330178111792,,0.0035538499942049384,0.0013353850226849318,0.0013732259394600987,0.00023817899636924267,,,,
7293,Learned,0.00422834197524935,0.00411040592007339,0.27998522704001516,0.0033863510470837355,0.0008036729414016008,0.0034445920027792454,0.0006640360224992037,0.00015138706658035517,0.2728340629255399,0.004461638978682458,0.0024659070186316967
7294,Learned,0.004543795948848128,0.004446550039574504,0.2805335770826787,0.003586944076232612,0.0009164779912680387,0.0037533759605139494,0.0006897019920870662,0.00016539404168725014,0.2759752180427313,0.003411476034671068,0.0009326459839940071
7295,Learned,0.004779767943546176,0.005804524989798665,0.2802135800011456,0.0034246889408677816,0.001306671998463571,0.004827211028896272,0.0009754749480634928,0.00017782999202609062,0.2751291210297495,0.003640314913354814,0.001214892021380365
7296,Learned,0.004477252019569278,0.004914625082165003,0.2760763359256089,0.0033903639996424317,0.0010451950365677476,0.004100083955563605,0.0008123330771923065,0.00016651698388159275,0.27116121898870915,0.00368768407497555,0.0010101789375767112
7297,Learned,0.004385893000289798,0.005094812018796802,0.2824781269300729,0.00334434793330729,0.0010011910926550627,0.004253088030964136,0.0008401169907301664,0.000167506979778409,0.27702250599395484,0.004064715001732111,0.0011370040010660887
7298,Learned,0.004650696995668113,0.005674193962477148,0.28244753601029515,0.003516266937367618,0.0010972550371661782,0.004789106082171202,0.0008817039197310805,0.0001682270085439086,0.2762184729799628,0.004037964972667396,0.0019612909527495503
7299,Learned,0.00493430404458195,0.0055543610360473394,0.27384930301923305,0.003632331034168601,0.0012544919736683369,0.004608683055266738,0.0009438230190426111,0.00018307205755263567,0.268555189948529,0.0038766919169574976,0.0011797420447692275
7300,Learned,0.004225342068821192,0.004886240931227803,0.27551497309468687,0.0032887179404497147,0.0009001240832731128,0.0040919960010796785,0.0007926039397716522,0.00015387008897960186,0.2709707400063053,0.0034517060266807675,0.0008936140220612288
7301,Learned,0.004197936039417982,0.0038524720584973693,0.2761986320838332,0.0033748820424079895,0.0007842469494789839,0.0032075010240077972,0.0006431689253076911,0.00014299806207418442,0.2712576090125367,0.003656943910755217,0.0010832810075953603
7302,Learned,0.004635569988749921,0.004892531898804009,0.2772075498942286,0.003423413960263133,0.0011594180250540376,0.0040714850183576345,0.0008191120577976108,0.00016895995941013098,0.27214938995894045,0.003693716018460691,0.0011416489724069834
7303,Learned,0.005179637926630676,0.006202928954735398,0.2788498450536281,0.0037064950447529554,0.001430128002539277,0.005158837069757283,0.0010424460051581264,0.00017927598673850298,0.2732216700678691,0.003984484006650746,0.0014135959791019559
7305,Learned,0.004228870035149157,0.0046657829079777,0.2835087119601667,0.003243749961256981,0.0009463799651712179,0.003889592015184462,0.0007743129972368479,0.00015186297241598368,0.27799519104883075,0.004199782037176192,0.001067227916792035
7306,Learned,0.004323333967477083,0.0045584909385070205,0.27699427702464163,0.0032472111051902175,0.0010323309106752276,0.0037989140255376697,0.0007562550017610192,0.00015628605615347624,0.27191877097357064,0.0036382130347192287,0.0012245760299265385
7307,Learned,0.004720411030575633,0.00553294806741178,0.2775415249634534,0.003446002956479788,0.0012300150701776147,0.00459016696549952,0.0009408760815858841,0.00018073106184601784,0.27235004596877843,0.0037043989868834615,0.001251820009201765
7308,Learned,0.004810835933312774,0.005458756000734866,0.2776877369033173,0.0035845210077241063,0.00117866403888911,0.004533667932264507,0.0009232400916516781,0.0001790189417079091,0.2723577710567042,0.0038493189495056868,0.0012464059982448816
7309,Learned,0.004065704997628927,0.003877224982716143,0.2720003839349374,0.00327028997708112,0.0007571789901703596,0.003280875040218234,0.0005944159347563982,0.00014834594912827015,0.26767477800603956,0.0033952159574255347,0.0007345470366999507
7310,Learned,0.005238268990069628,0.00658151600509882,0.2812311080051586,0.0036717590410262346,0.001516773016192019,0.005426528048701584,0.0011528999311849475,0.0002244529314339161,0.2757544870255515,0.0038295199628919363,0.0013673569774255157
7311,Learned,0.004424366052262485,0.004999423050321639,0.27561298105865717,0.0034072929993271828,0.0009774030186235905,0.004201577976346016,0.0007962050149217248,0.00016210507601499557,0.2710114059736952,0.0034049939131364226,0.0009855350945144892
7312,Learned,0.003941172035411,0.0044934810139238834,0.27498689002823085,0.0030672509456053376,0.0008373779710382223,0.0037581329233944416,0.0007336370181292295,0.0001542610116302967,0.2705681249499321,0.003326334059238434,0.0008916689548641443
7313,Learned,0.004321216023527086,0.0037045279750600457,0.2741470519686118,0.0034694019705057144,0.0008095710072666407,0.0031083530047908425,0.0005943230353295803,0.00013266096357256174,0.2696003830060363,0.003617834998294711,0.0007484150119125843
7314,Learned,0.004142242018133402,0.004182575037702918,0.27241622598376125,0.0033385000424459577,0.0007654309738427401,0.003487661015242338,0.0006932240212336183,0.0001492680748924613,0.26801873894874007,0.0034094220027327538,0.0007885450031608343
7315,Learned,0.004429143969900906,0.0052427309565246105,0.27596818294841796,0.0033502380829304457,0.0010339089203625917,0.00435654993634671,0.0008843090618029237,0.00015770900063216686,0.2712817309657112,0.0034652019385248423,0.0010132120223715901
7316,Learned,0.004698078031651676,0.004915357916615903,0.2778849189635366,0.003550566965714097,0.001103768008761108,0.004064018023200333,0.0008496940135955811,0.00016463000793009996,0.27176776994019747,0.00418277399148792,0.0017046149587258697
7317,Learned,0.004536348977126181,0.005201611085794866,0.2763530859956518,0.0034077439922839403,0.0010898649925366044,0.004359047976322472,0.0008407259592786431,0.0001717249397188425,0.27149488194845617,0.0036418309900909662,0.000994957983493805
7318,Learned,0.0045619329903274775,0.005254267016425729,0.2773673009360209,0.0033316939370706677,0.0011815490433946252,0.004372262046672404,0.0008803840028122067,0.00016514095477759838,0.2720626649679616,0.003739985986612737,0.0013406119542196393
7319,Learned,0.004348346963524818,0.0051416350761428475,0.27558854001108557,0.0033300070790573955,0.0009760039392858744,0.00434893392957747,0.0007905910024419427,0.0001546849962323904,0.2710393510060385,0.0034065881045535207,0.0009368848986923695
7320,Learned,0.004033019999042153,0.003650201950222254,0.277179554104805,0.003262246958911419,0.0007327289786189795,0.0030591919785365462,0.0005891220644116402,0.00014211807865649462,0.27110052295029163,0.004058683989569545,0.00180941098369658
7321,Learned,0.004863189999014139,0.005637150956317782,0.2813451290130615,0.0035428610863164067,0.0012738649966195226,0.004694142029620707,0.000941190985031426,0.00017423497047275305,0.2759937170194462,0.0038198709953576326,0.001301581971347332
7322,Learned,0.004554650979116559,0.005538686062209308,0.27730788197368383,0.0034406099002808332,0.0010763470781967044,0.0046484420308843255,0.0008881610119715333,0.00017803499940782785,0.27217603800818324,0.0038203999865800142,0.0010837839217856526
7323,Learned,0.004236374981701374,0.004611055017448962,0.2799913700437173,0.0033493010560050607,0.0008461070246994495,0.003837469033896923,0.0007718689739704132,0.00015515706036239862,0.2737099479418248,0.004168442916125059,0.0018926530610769987
7324,Learned,0.004654282005503774,0.0055668760323897,0.2765625989995897,0.0034196589840576053,0.0011900831013917923,0.004637251957319677,0.0009278800571337342,0.00018951192032545805,0.27124504710081965,0.003772083087824285,0.0012974009150639176
7325,Learned,0.004621671978384256,0.004682593978941441,0.2764358229469508,0.003648662008345127,0.000932827009819448,0.003929618978872895,0.0007510270224884152,0.00015696196351200342,0.27151714905630797,0.003721610992215574,0.0009892480447888374
7326,Learned,0.004431764013133943,0.0041921999072656035,0.27611470501869917,0.0035841750213876367,0.000810308032669127,0.003505090018734336,0.0006853899685665965,0.0001508620334789157,0.2712869809474796,0.0037916679866611958,0.0008364430395886302
7327,Learned,0.0038061538944020867,0.0037277699448168278,0.27355343708768487,0.003080987953580916,0.0006885650800541043,0.0031255849171429873,0.0006003320449963212,0.00014834210742264986,0.2692175399279222,0.0033741610823199153,0.0007665699813514948
7328,Learned,0.004768562037497759,0.005705385003238916,0.2769964709877968,0.0035016000038012862,0.0012245639227330685,0.004758158000186086,0.000945241074077785,0.00018089101649820805,0.2720686859684065,0.0036274869926273823,0.0010716170072555542
7329,Learned,0.004361349041573703,0.005311771994456649,0.27572459704242647,0.0032465120311826468,0.0010740889701992273,0.004436008050106466,0.000874015036970377,0.00016717100515961647,0.2703863480128348,0.003750171046704054,0.0013593349140137434
7330,Learned,0.004423953010700643,0.005232157069258392,0.2727828740607947,0.0033715490717440844,0.0010128559079021215,0.004389629932120442,0.0008406530832871795,0.00017030199524015188,0.2681062819901854,0.003427427029237151,0.0010306279873475432
7331,Learned,0.004355299985036254,0.004692352027632296,0.2759995929664001,0.003271845052950084,0.0010405810317024589,0.0039010019972920418,0.0007895560702309012,0.00015208602417260408,0.271286997012794,0.0035272230161353946,0.0009815669618546963
7332,Learned,0.004876623977907002,0.004994736053049564,0.27707328204996884,0.003753097029402852,0.0010797240538522601,0.004147441009990871,0.0008450159803032875,0.00017542007844895124,0.27191224694252014,0.003828187007457018,0.001103254035115242
7333,Learned,0.004530229954980314,0.004838429042138159,0.27667992503847927,0.0035643480950966477,0.0009272639872506261,0.004046260961331427,0.00079016899690032,0.00015623902436345816,0.2716329119866714,0.003881953889504075,0.0009587440872564912
7334,Learned,0.004510457976721227,0.004503285046666861,0.27673237200360745,0.003482865053229034,0.0009848580230027437,0.003759543993510306,0.0007415859727188945,0.00015466997865587473,0.2715473410207778,0.003813175018876791,0.001156831975094974
7335,Learned,0.004325031070038676,0.0049073658883571625,0.27834338997490704,0.003274091985076666,0.0010122929234057665,0.004083673004060984,0.0008218639995902777,0.00015517801512032747,0.27363395399879664,0.0034937160089612007,0.0010120559018105268
7336,Learned,0.003764493972994387,0.00403532397467643,0.2760962439933792,0.003029989078640938,0.0006987359374761581,0.003397200023755431,0.0006364159053191543,0.0001404000213369727,0.2709590879967436,0.0038541429676115513,0.0010860339971259236
7337,Learned,0.004317609942518175,0.004456917056813836,0.2751819009426981,0.0034024020424112678,0.0008745510131120682,0.003733742982149124,0.0007214350625872612,0.00014679902233183384,0.27052263892255723,0.0034212300088256598,0.0010383760090917349
7339,Learned,0.004193012951873243,0.004786418052390218,0.2760220189811662,0.003303566947579384,0.0008544720476493239,0.003999161068350077,0.0007854049326851964,0.00016359100118279457,0.27129465399775654,0.0035635799868032336,0.0009523170301690698
7340,Learned,0.004205573000945151,0.004412899957969785,0.27548111707437783,0.0032731809187680483,0.0008915200596675277,0.003685578005388379,0.0007255589589476585,0.00014794501475989819,0.2700479819905013,0.0038799099856987596,0.0013449860271066427
7341,Learned,0.0036532350350171328,0.0036753840977326035,0.2769889049232006,0.002936141099780798,0.0006817450048401952,0.0030921699944883585,0.0005815250333398581,0.00013158901128917933,0.27279315993655473,0.0032690759981051087,0.000748047954402864
7342,Learned,0.004691135021857917,0.005410538986325264,0.27573989995289594,0.0034329640911892056,0.0012120279716327786,0.004491446074098349,0.0009173799771815538,0.00016909698024392128,0.27065856102854013,0.0036777460481971502,0.001178318983875215
7343,Learned,0.004566836985759437,0.0056439959444105625,0.28149161604233086,0.0034031260292977095,0.0011254290584474802,0.004663449013605714,0.00097885902505368,0.00017921393737196922,0.27654880203772336,0.003572314977645874,0.0011409189319238067
7344,Learned,0.004335213918238878,0.005118462955579162,0.2761800200678408,0.003297623014077544,0.0010007750242948532,0.004302675952203572,0.0008137050317600369,0.00015818001702427864,0.27138953702524304,0.0035712120588868856,0.0010131669696420431
7345,Learned,0.003776505938731134,0.0036591519601643085,0.275380113045685,0.003060551011003554,0.000681472010910511,0.003069736994802952,0.0005876849172636867,0.00014434498734772205,0.2710302930790931,0.003390474943444133,0.0007606979925185442
7346,Learned,0.004516885033808649,0.004842706024646759,0.2731120949611068,0.0034031010000035167,0.0010693660005927086,0.004033908015117049,0.0008069979958236217,0.00015774497296661139,0.26767750503495336,0.003760589985176921,0.0014576689573004842
7347,Learned,0.004764567012898624,0.0058602329809218645,0.2787905769655481,0.0036427079467102885,0.0010852139675989747,0.004882345092482865,0.0009755119681358337,0.00017820403445512056,0.2735296959290281,0.003785510081797838,0.0012436319375410676
7348,Learned,0.004128664033487439,0.004759739967994392,0.2798407980008051,0.0032095990609377623,0.0008820389630272985,0.0039660269394516945,0.0007916550384834409,0.00016465492080897093,0.2753339040791616,0.0033788179280236363,0.0009166640229523182
7349,Learned,0.004907242953777313,0.006015385966747999,0.2771140719996765,0.003567942068912089,0.0012904939940199256,0.005029654013924301,0.0009838680271059275,0.00017685408238321543,0.2716926009161398,0.0037406570045277476,0.0014485999708995223
7350,Learned,0.004533777013421059,0.005707080010324717,0.27690870699007064,0.00341592391487211,0.0010780610609799623,0.004766727099195123,0.0009383149445056915,0.0001763979671522975,0.27203114598523825,0.0035150410840287805,0.0011369199492037296
7351,Learned,0.003957864013500512,0.0037477929145097733,0.27582462900318205,0.0032041060039773583,0.0007179960375651717,0.0031264990102499723,0.0006194779416546226,0.00013974204193800688,0.2708787259180099,0.003502169973216951,0.0012450959766283631
7352,Learned,0.0044861509231850505,0.004662785911932588,0.27557429496664554,0.003443863010033965,0.0009991470724344254,0.0038718219147995114,0.0007892880821600556,0.0001539289951324463,0.27014491497538984,0.003855661954730749,0.0013528990093618631
7353,Learned,0.0048821959644556046,0.0059708659537136555,0.27693416201509535,0.0034672298934310675,0.0013702909927815199,0.004962933016940951,0.001006089965812862,0.00018294795881956816,0.2716781160561368,0.003689600038342178,0.0013288619229570031
7354,Learned,0.0048603619216009974,0.005120214889757335,0.2765963430283591,0.0035883510718122125,0.001223422004841268,0.004215360968373716,0.0009029300417751074,0.00017055904027074575,0.2711823269492015,0.003932383959181607,0.0012511289678514004
7355,Learned,0.004256123094819486,0.005145409028045833,0.2782811620272696,0.0032479489454999566,0.0009685150580480695,0.004286539973691106,0.0008541709976270795,0.00016841792967170477,0.27358155709225684,0.003468817099928856,0.001012488966807723
7356,Learned,0.005236160010099411,0.006392232025973499,0.28120043699163944,0.003598882001824677,0.0015881239669397473,0.005319691961631179,0.001070682075805962,0.0001844180515035987,0.2757785610156134,0.0037862269673496485,0.001398509950377047
7357,Learned,0.004578422987833619,0.005552561953663826,0.2761912359856069,0.003429973963648081,0.0011068390449509025,0.004618523991666734,0.0009322399273514748,0.00017550901975482702,0.2711487569613382,0.0036904410226270556,0.0011248929658904672
7358,Learned,0.0037630030419677496,0.004043553024530411,0.27536457299720496,0.0029403429944068193,0.0007873550057411194,0.003397022024728358,0.0006446839543059468,0.0001467820256948471,0.2707981689600274,0.0035739759914577007,0.0008005669806152582
7359,Learned,0.0038170419866219163,0.003406606032513082,0.2747102009598166,0.0031689050374552608,0.0006134739378467202,0.002846049959771335,0.0005587850464507937,0.00013702898286283016,0.26895703095942736,0.0038782230112701654,0.0016805229242891073
7360,Learned,0.004051813040859997,0.0043488530209288,0.2760722480015829,0.003122136928141117,0.0008922230917960405,0.0036223679780960083,0.0007245769957080483,0.00015410094056278467,0.2716215839609504,0.003289405955001712,0.0009571410482749343
7361,Learned,0.0049387690378353,0.00592551298905164,0.27680378104560077,0.0035771020920947194,0.0013168319128453732,0.004935091943480074,0.0009886029874905944,0.00017846503760665655,0.2715924170333892,0.0036372949834913015,0.001343772979453206
7362,Learned,0.004725645063444972,0.005070080980658531,0.27778096008114517,0.003603160963393748,0.0010804020566865802,0.0042256980668753386,0.0008423489052802324,0.00017531204503029585,0.2724850910017267,0.003902534954249859,0.0011649070074781775
7363,Learned,0.003806212916970253,0.003754578996449709,0.2763832800555974,0.0030840709805488586,0.0006862679729238153,0.0031610559672117233,0.0005917689995840192,0.00014088908210396767,0.2711112629622221,0.003715155995450914,0.0013526330003514886
7364,Learned,0.004177619935944676,0.004744481993839145,0.277028217096813,0.0032330630347132683,0.0009071379899978638,0.003966658026911318,0.0007758080027997494,0.0001622970448806882,0.2725475679617375,0.0033613229170441628,0.0009088880615308881
7365,Learned,0.004446859937161207,0.005306953098624945,0.27646306005772203,0.003278080024756491,0.0011242630425840616,0.004402981023304164,0.0009017878910526633,0.00019451999105513096,0.27132667298428714,0.0036554799880832434,0.0012252370361238718
7367,Learned,0.004883725079707801,0.0051551180658861995,0.2770845890045166,0.0035629980266094208,0.0012743439292535186,0.004279404995031655,0.0008735319133847952,0.0001731270458549261,0.27182323194574565,0.0037603459786623716,0.0012720800004899502
7368,Learned,0.004464171011932194,0.004807485034689307,0.2767225840361789,0.0034652280155569315,0.000959402066655457,0.004023314919322729,0.0007822340121492743,0.00016647903248667717,0.2718976750038564,0.003626093966886401,0.0009823630098253489
7369,Learned,0.0046787119936198,0.005068717058748007,0.27648005599621683,0.0035828370600938797,0.0010561799863353372,0.004227477009408176,0.0008393640164285898,0.00016796402633190155,0.2711946750059724,0.004036140977405012,0.0010308310156688094
7370,Learned,0.005463944980874658,0.005347587983123958,0.27755397092550993,0.004077262012287974,0.0013375739799812436,0.00443199195433408,0.0009139240719377995,0.00018051103688776493,0.2724261119728908,0.003661400987766683,0.0012327220756560564
7371,Learned,0.003835126990452409,0.0034380960278213024,0.2763305309927091,0.00309355603531003,0.0007048629922792315,0.0028640161035582423,0.0005723659414798021,0.0001380699686706066,0.27074464794714004,0.0038247000193223357,0.001563178957439959
7372,Learned,0.004856746061705053,0.0057015890488401055,0.27688539400696754,0.0034059969475492835,0.0014056171057745814,0.004740764037705958,0.0009589479304850101,0.00018824799917638302,0.2713885150151327,0.00379437196534127,0.0014568830374628305
7373,Learned,0.004585401038639247,0.0049800509586930275,0.27666659897658974,0.0035307720536366105,0.0010125580010935664,0.0041635369416326284,0.0008140630088746548,0.0001708189956843853,0.2717455269303173,0.00361204007640481,0.0010868469253182411
7374,Learned,0.004003723035566509,0.003696444910019636,0.27539560105651617,0.003236795077100396,0.0007307559717446566,0.003096880973316729,0.0005978270201012492,0.00013477506581693888,0.27069197699893266,0.003636321984231472,0.0008834169711917639
7375,Learned,0.00413152389228344,0.0040487549267709255,0.27490044105798006,0.0033706730464473367,0.0007236889796331525,0.0033696419559419155,0.000677212025038898,0.00014539703261107206,0.27056226797867566,0.0033844029530882835,0.0007616300135850906
7376,Learned,0.004978775978088379,0.0064086379716172814,0.2747826339909807,0.0035451350267976522,0.0013926459942013025,0.00531303696334362,0.001093231956474483,0.00019298004917800426,0.2694991079624742,0.0036764360265806317,0.0013610470341518521
7377,Learned,0.005078076967038214,0.005773782031610608,0.2782171480357647,0.003654208965599537,0.0013752051163464785,0.004813081934116781,0.000958943972364068,0.00017148104961961508,0.2726020959671587,0.003918468952178955,0.001470737042836845
7378,Learned,0.004295579041354358,0.004500473965890706,0.27974981302395463,0.003352754982188344,0.000903185922652483,0.00376454193610698,0.0007339920848608017,0.00015782401897013187,0.2719305190257728,0.00466933602001518,0.002917954931035638
7379,Learned,0.0040401199366897345,0.004603629000484943,0.2756137989927083,0.0031528669642284513,0.0008517879759892821,0.003852967987768352,0.0007489740382879972,0.00015695299953222275,0.2711219429038465,0.0033793270122259855,0.0009040490258485079
7380,Frangi,0.00427685200702399,0.0013282590080052614,,0.003311233944259584,0.0009277540957555175,0.0011155330576002598,0.00021119194570928812,,,,
7381,Learned,0.004251621081493795,0.004429703927598894,0.27578933094628155,0.003392023965716362,0.0008193720132112503,0.003711575991474092,0.0007162470137700438,0.0001503459643572569,0.2711535260314122,0.0034992899745702744,0.0009356070077046752
7382,Learned,0.004236167995259166,0.005101145012304187,0.28020661894697696,0.003228858928196132,0.0009670970030128956,0.004253617022186518,0.0008457830408588052,0.00016628089360892773,0.2755772341042757,0.003474902012385428,0.0009388999314978719
7383,Learned,0.004373352974653244,0.005194408004172146,0.2799769149860367,0.0032924950355663896,0.0010411980329081416,0.004335215897299349,0.0008573980303481221,0.00016602303367108107,0.27494820894207805,0.0036481390707194805,0.001158842002041638
7384,Learned,0.004372766008600593,0.004960265941917896,0.2775163780897856,0.00331184605602175,0.001020230003632605,0.004131000023335218,0.0008273560088127851,0.00016309507191181183,0.2725246819900349,0.0036360779777169228,0.0011406400008127093
7385,Learned,0.0049405579920858145,0.006229483988136053,0.275555384112522,0.003628629958257079,0.0012687529670074582,0.005180555977858603,0.0010465640807524323,0.00017882906831800938,0.27021601202432066,0.0038382429629564285,0.0012721249368041754
7386,Learned,0.004412968992255628,0.00488056696485728,0.27217428002040833,0.003371027996763587,0.000998580944724381,0.00408043700736016,0.0007983909454196692,0.0001509069697931409,0.26740682404488325,0.003517578006722033,0.0010478539625182748
7387,Learned,0.0036090880166739225,0.0037917940644547343,0.2751142489723861,0.002947418950498104,0.0006268159486353397,0.003190013929270208,0.0006001200526952744,0.0001348849618807435,0.2708959149895236,0.003326676902361214,0.0007097200723364949
7389,Learned,0.00505424605216831,0.005766022019088268,0.2771541529800743,0.0036879610270261765,0.0013183950213715434,0.004814035026356578,0.0009501019958406687,0.0001800389727577567,0.27181199297774583,0.0038310250965878367,0.0012767629232257605
7390,Learned,0.004945261054672301,0.006089920992963016,0.27767079905606806,0.0035390739794820547,0.0013625810388475657,0.005064658005721867,0.0010236309608444571,0.0001800960162654519,0.2724966680398211,0.0036349580623209476,0.0013056480092927814
7391,Learned,0.004647625028155744,0.005361996009014547,0.27653155103325844,0.00346378399990499,0.0011362190125510097,0.004419618984684348,0.0009398679248988628,0.0001672740327194333,0.27153000701218843,0.0036099300486966968,0.001166431000456214
7392,Learned,0.004378419951535761,0.004784206976182759,0.27665305009577423,0.0033436549128964543,0.0009929750813171268,0.004018479026854038,0.0007639899849891663,0.0001546110725030303,0.27159225195646286,0.0037443269975483418,0.0011040299432352185
7393,Learned,0.004426098079420626,0.00544825301039964,0.27636169001925737,0.003334961016662419,0.0010512529406696558,0.004564354079775512,0.0008820629445835948,0.00017764803487807512,0.2715072740102187,0.003556050010956824,0.0010670110350474715
7394,Learned,0.003685425966978073,0.003393860999494791,0.2795543399406597,0.003044747980311513,0.000604395056143403,0.002841187990270555,0.0005509720649570227,0.0001246070023626089,0.26968884700909257,0.00537284801248461,0.004253786988556385
7395,Learned,0.004671973059885204,0.00459385197609663,0.2761769170174375,0.0037160220090299845,0.0009172880090773106,0.0038531250320374966,0.0007389549864456058,0.0001545250415802002,0.27145230199676007,0.0035123199922963977,0.0010093030286952853
7396,Learned,0.004300964996218681,0.004422753001563251,0.27591872797347605,0.0033148539951071143,0.0009437199914827943,0.003666414995677769,0.0007546339184045792,0.0001524980179965496,0.2713752069976181,0.00335771800018847,0.0009848079644143581
7397,Learned,0.005082243005745113,0.006500917952507734,0.2764849670929834,0.003575155045837164,0.0014607829507440329,0.005369779071770608,0.0011293858988210559,0.00021395203657448292,0.2708271520677954,0.003915076958946884,0.0014724299544468522
7398,Learned,0.0045049519976601005,0.005640515009872615,0.28133242204785347,0.003301650984212756,0.0011580570135265589,0.00469833507668227,0.0009403419680893421,0.0001821770565584302,0.2763694809982553,0.003491236944682896,0.0012359869433566928
7399,Learned,0.004487494006752968,0.005200129002332687,0.2814607210457325,0.003421638044528663,0.0010261960560455918,0.004349687020294368,0.0008486969163641334,0.000163846998475492,0.2759198209969327,0.003959827008657157,0.0013561130035668612
7400,Learned,0.004250907921232283,0.004792361985892057,0.2760259519563988,0.0032257629791274667,0.0009869600180536509,0.004003994050435722,0.0007866449886932969,0.00015805300790816545,0.271406018990092,0.0034870990784838796,0.000926701002754271
7401,Learned,0.003919927985407412,0.00368012604303658,0.274771242053248,0.0032017650082707405,0.0006802490679547191,0.0030843039276078343,0.0005939200054854155,0.00013679696712642908,0.27041079208720475,0.0034767119213938713,0.0006986550288274884
7402,Learned,0.004729809006676078,0.005527767003513873,0.27749545592814684,0.0034397629788145423,0.0012469090288504958,0.00460674602072686,0.000919253914617002,0.00017299491446465254,0.2721266800072044,0.003762257983908057,0.0013751690275967121
7403,Learned,0.003992912010289729,0.004012551042251289,0.2743021739879623,0.003214570926502347,0.0007406770018860698,0.0033857360249385238,0.0006251189624890685,0.00014810299035161734,0.2695190960075706,0.0034980870550498366,0.0010813180124387145
7404,Learned,0.004610060015693307,0.00545162707567215,0.2769888680195436,0.003367645083926618,0.0011946549639105797,0.004529780941084027,0.0009198919869959354,0.00017841497901827097,0.2719443190144375,0.0036025160225108266,0.0012102749897167087
7405,Learned,0.0035279790172353387,0.0029991971096023917,0.27811528905294836,0.0030034250812605023,0.0004902089713141322,0.0025195160415023565,0.0004779819864779711,0.00014953699428588152,0.27403026004321873,0.0032335740979760885,0.0006516369758173823
7406,Learned,0.005027169012464583,0.005393350962549448,0.2803910659858957,0.003638221067376435,0.0013383770128712058,0.004487843019887805,0.0009035749826580286,0.00017604196909815073,0.2753386970143765,0.0036025390727445483,0.0012140779290348291
7407,Learned,0.004739425959996879,0.005492824944667518,0.2770425119670108,0.0036173550179228187,0.0010814479319378734,0.004582509980536997,0.0009084889898076653,0.00017234892584383488,0.27202872303314507,0.0036378949880599976,0.001152422046288848
7408,Learned,0.004060511942952871,0.004235376021824777,0.27973135095089674,0.003184575936757028,0.0008359240600839257,0.003533525043167174,0.0006999539909884334,0.00015713705215603113,0.2751860310090706,0.0034051870461553335,0.0009315189672634006
7410,Learned,0.004395055002532899,0.004824324976652861,0.2763669970445335,0.0034155790926888585,0.0009402339346706867,0.004040117026306689,0.0007823989726603031,0.00015999400056898594,0.271724579972215,0.0034854609984904528,0.0009489939548075199
7411,Learned,0.004704587976448238,0.005595055059529841,0.27668447990436107,0.0034788839984685183,0.0011795690516009927,0.0046563270734623075,0.000936932978220284,0.00017467292491346598,0.2716781790368259,0.003539065015502274,0.0012399109546095133
7412,Learned,0.004596924060024321,0.005363855976611376,0.2708639890188351,0.0034045299980789423,0.001147274044342339,0.004457107046619058,0.0009049950167536736,0.0001722089946269989,0.26574371906463057,0.0037578539922833443,0.0011387589620426297
7413,Learned,0.004510052967816591,0.0047476820182055235,0.28082287800498307,0.0034644691040739417,0.0010047469986602664,0.0039636410074308515,0.0007820819737389684,0.0001687339972704649,0.2758174840128049,0.0037338410038501024,0.0010485040256753564
7414,Learned,0.004671636037528515,0.005807084962725639,0.27287486603017896,0.0034296170342713594,0.0011977669782936573,0.004837658954784274,0.000967727042734623,0.00016999104991555214,0.26784826593939215,0.0036733699962496758,0.0011318179313093424
7415,Learned,0.00430291099473834,0.004888379015028477,0.28108232095837593,0.003317439928650856,0.0009460070868954062,0.004081621067598462,0.0008049699245020747,0.00016310089267790318,0.27628896408714354,0.003563090111128986,0.0010156709467992187
7416,Learned,0.004312654957175255,0.004036684986203909,0.28105096297804266,0.0034118720795959234,0.0008612909587100148,0.0033837780356407166,0.000650523928925395,0.0001642389688640833,0.27633025497198105,0.0034922660561278462,0.0010083119850605726
7417,Learned,0.004191112006083131,0.003802199033088982,0.2762367270188406,0.0033537730341777205,0.0007989900186657906,0.0031734510557726026,0.000627066008746624,0.00014286302030086517,0.27112121996469796,0.003687497926875949,0.0012272900203242898
7418,Learned,0.004791034967638552,0.005662361043505371,0.2774755459977314,0.0034657209180295467,0.0012816890375688672,0.004698703996837139,0.0009617430623620749,0.00017577700782567263,0.27238887397106737,0.0037386679323390126,0.001122010056860745
7419,Learned,0.004067954025231302,0.00391615298576653,0.27835437399335206,0.003240505000576377,0.0007885639788582921,0.0032711010426282883,0.0006432929076254368,0.0001420000335201621,0.27403378498274833,0.0033222560305148363,0.0008058639941737056
7420,Learned,0.00423343398142606,0.004111282993108034,0.27595696097705513,0.0034369329223409295,0.0007605981081724167,0.003448431030847132,0.0006612270371988416,0.00015237799379974604,0.27139570901636034,0.003575362032279372,0.0007878069300204515
7421,Learned,0.004585559014230967,0.005189053947106004,0.27663320302963257,0.0034463449846953154,0.0010960859945043921,0.004298386047594249,0.0008889699820429087,0.00017253204714506865,0.2711343950359151,0.0038986699655652046,0.0013706720201298594
7422,Learned,0.004765045014210045,0.0054021410178393126,0.27806085196789354,0.003534558927640319,0.001183844986371696,0.004510737024247646,0.0008895109640434384,0.00017596199177205563,0.27285355294588953,0.003686926909722388,0.0012901420705020428
7423,Learned,0.0050866990350186825,0.006006209063343704,0.276667257072404,0.0035984329879283905,0.00144411891233176,0.00499241310171783,0.0010113539174199104,0.0001893660519272089,0.27129548299126327,0.003781666047871113,0.0013463119976222515
7424,Learned,0.004591082921251655,0.005205621011555195,0.27693942096084356,0.0033877609530463815,0.0011530941119417548,0.004321570973843336,0.0008823740063235164,0.00016477296594530344,0.2718467040685937,0.003690121928229928,0.0011788300471380353
7425,Learned,0.0047118429793044925,0.005151971010491252,0.27940729702822864,0.003561705001629889,0.0011068260064348578,0.0042568109929561615,0.0008934459183365107,0.00017026695422828197,0.27317722199950367,0.0042154870461672544,0.0017764789517968893
7426,Learned,0.004410370020195842,0.00542767602019012,0.2770856380229816,0.0033177880104631186,0.0010513529414311051,0.0045321909710764885,0.0008938609389588237,0.0001766430214047432,0.2722117779776454,0.0036117699928581715,0.0010381849715486169
7427,Learned,0.0038782760966569185,0.003973312908783555,0.27510824892669916,0.003102552960626781,0.0007383390329778194,0.0033431570045650005,0.00062837905716151,0.00014811300206929445,0.2709456729935482,0.0032423579832538962,0.0007274959934875369
7428,Learned,0.0037428679643198848,0.003489490016363561,0.27585684100631624,0.0030539330327883363,0.0006537520093843341,0.00291219400241971,0.0005756720202043653,0.00014385092072188854,0.2700897860340774,0.004003852023743093,0.0015532260295003653
7429,Learned,0.005091822007670999,0.005856049945577979,0.2763214230071753,0.003675348008982837,0.0013723609736189246,0.004864169051870704,0.000990027911029756,0.00018284993711858988,0.27069204510189593,0.004133590962737799,0.0012591549893841147
7430,Learned,0.003551583969965577,0.002475945046171546,0.27331942797172815,0.0029815429588779807,0.0005337590118870139,0.0020700119202956557,0.000404293998144567,0.0001263690646737814,0.2693753339117393,0.0031914999708533287,0.0005780160427093506
7431,Learned,0.0041519260266795754,0.004161690012551844,0.2720224939985201,0.0031828979263082147,0.0009258090285584331,0.0034855339908972383,0.0006744340062141418,0.0001487520057708025,0.266332000028342,0.00397326797246933,0.0015075140399858356
7432,Learned,0.004768570070154965,0.005702793947421014,0.28191896493081003,0.0034756060922518373,0.001249913009814918,0.004762793076224625,0.0009381698910146952,0.00017713697161525488,0.2765728459926322,0.003768357099033892,0.0013475879095494747
7433,Learned,0.004526762990280986,0.0052484479965642095,0.27354981005191803,0.003470573923550546,0.001016915077343583,0.004404288018122315,0.0008424139814451337,0.0001733599929139018,0.26878830802161247,0.003525631967931986,0.001012156018987298
7434,Frangi,0.004145812941715121,0.0014072699705138803,,0.003256371943280101,0.0008530949708074331,0.0011970020132139325,0.0002085960004478693,,,,
7435,Learned,0.004770383005961776,0.004832250997424126,0.27033824590034783,0.0036189910024404526,0.0011057869996875525,0.0039826929569244385,0.0008477279916405678,0.00015493796672672033,0.265317767043598,0.00369666307233274,0.0011130119673907757
7436,Learned,0.004404330044053495,0.0046663309913128614,0.28227985091507435,0.0034210350131615996,0.0009420029819011688,0.0038853430887684226,0.0007793159456923604,0.0001502439845353365,0.27605776104610413,0.004269216908141971,0.0017398310592398047
7437,Learned,0.004071838920935988,0.004248867044225335,0.2805413819150999,0.0031560040079057217,0.0008776289178058505,0.003557868069037795,0.0006892719538882375,0.00015074096154421568,0.274935811990872,0.00407653592992574,0.0013131860177963972
7438,Learned,0.0049635739997029305,0.005609447020106018,0.2770777059486136,0.0036607219371944666,0.0012584560317918658,0.004673495073802769,0.0009342049015685916,0.00017953396309167147,0.27176939602941275,0.003834988921880722,0.0012412939686328173
7439,Learned,0.004346917034126818,0.005164464935660362,0.28093265800271183,0.0032776780426502228,0.0010290730278939009,0.0043228669092059135,0.0008394380565732718,0.0001648380421102047,0.2760449469788,0.0036241390043869615,0.001048182020895183
7440,Learned,0.004619990941137075,0.005573809030465782,0.28050320490729064,0.0034682219848036766,0.0011094730580225587,0.004679366014897823,0.0008925170404836535,0.00017199001740664244,0.2754753479966894,0.0036540160654112697,0.0011519439285621047
7441,Learned,0.004180777934379876,0.004495476023294032,0.28000831697136164,0.0032272060634568334,0.0009138599270954728,0.0037381279980763793,0.0007555120391771197,0.00015573389828205109,0.27216238202527165,0.0048026819713413715,0.002815303043462336
7442,Learned,0.004386629909276962,0.004183165030553937,0.27148882497567683,0.003494812990538776,0.0008535620290786028,0.003504485939629376,0.0006770279724150896,0.00014996295794844627,0.266636461019516,0.003730676951818168,0.0009192179422825575
7443,Learned,0.004531778977252543,0.004953902098350227,0.2812683379743248,0.0034327940084040165,0.0010591919999569654,0.004105872940272093,0.0008462680270895362,0.00015693600289523602,0.27614683099091053,0.003704030066728592,0.0012034568935632706
7444,Learned,0.004500816925428808,0.005054777022451162,0.28873891092371196,0.003453233977779746,0.0010079860221594572,0.0042288650292903185,0.0008239969611167908,0.00017051503527909517,0.28391924290917814,0.0036572080571204424,0.0009442019509151578
7445,Learned,0.004645357956178486,0.005437690997496247,0.27619366405997425,0.003381956019438803,0.0012184360530227423,0.00453025393653661,0.0009056139970198274,0.00017581903375685215,0.2711693609599024,0.003677960019558668,0.0011224749032408
7446,Learned,0.00437839503865689,0.004529074998572469,0.2815980139421299,0.0033677900210022926,0.0009702770039439201,0.0037599910283461213,0.0007670969935134053,0.00015818793326616287,0.2767122760415077,0.003665502998046577,0.0010114340111613274
7447,Learned,0.0041596099035814404,0.004841307993046939,0.2761934340232983,0.0031998909544199705,0.0009206000249832869,0.004034564015455544,0.000804741051979363,0.00015787407755851746,0.2714992519468069,0.0034941909834742546,0.0009947329526767135
7448,Learned,0.004433489986695349,0.0049770299810916185,0.28241737897042185,0.003354211919941008,0.0010373990517109632,0.004175731912255287,0.0007995690684765577,0.00016012298874557018,0.2762765509542078,0.0039991060039028525,0.0019178020302206278
7449,Learned,0.0043168889824301004,0.005031308042816818,0.27139095205347985,0.0032782319467514753,0.0010004270588979125,0.004230667022056878,0.0007989149307832122,0.00016218610107898712,0.26629850699100643,0.0036242440110072494,0.0012488049687817693
7450,Learned,0.004079408012330532,0.003897206042893231,0.2794528609374538,0.0032518700463697314,0.0007874369621276855,0.003264948958531022,0.0006302810506895185,0.00014182203449308872,0.2748256989289075,0.003568110056221485,0.0008682089392095804
7451,Learned,0.0041340310126543045,0.00488487898837775,0.2792663989821449,0.003169362898916006,0.0009276220807805657,0.004073850926943123,0.0008093190845102072,0.0001614919165149331,0.2747469909954816,0.003389029996469617,0.0009211309952661395
7452,Learned,0.004876605002209544,0.005796094075776637,0.2827887950697914,0.003545754007063806,0.0012883099261671305,0.0047464880626648664,0.0010472479043528438,0.00017192005179822445,0.27760405000299215,0.003718383959494531,0.0012442889856174588
7453,Learned,0.004273607977665961,0.0037677549989894032,0.27944463095627725,0.00345864100381732,0.0007779839215800166,0.0031505459919571877,0.0006150000263005495,0.00014163798186928034,0.2747032420011237,0.003666404983960092,0.0008757279720157385
7455,Learned,0.004977943026460707,0.006220683921128511,0.2730927050579339,0.0035406709648668766,0.0013922160724177957,0.005169857060536742,0.0010484079830348492,0.00018628605175763369,0.26754156895913184,0.003911294974386692,0.0013981739757582545
7456,Learned,0.003905904944986105,0.0036317029735073447,0.27927832200657576,0.003218750935047865,0.0006499940063804388,0.0030526809860020876,0.0005772680742666125,0.0001340559683740139,0.2745205480605364,0.0037045429926365614,0.0008648099610581994
7457,Learned,0.004269592929631472,0.004137599957175553,0.2675081080524251,0.003343309974297881,0.0008875139756128192,0.003470882074907422,0.0006648009875789285,0.0001481620129197836,0.26285886706318706,0.003568969084881246,0.0008818089263513684
7458,Learned,0.004753560060635209,0.0057447709841653705,0.28282172000035644,0.003502884996123612,0.0012072550598531961,0.004761560005135834,0.0009814079385250807,0.00016786705236881971,0.27768790593836457,0.0036914099473506212,0.0012186610838398337
7459,Learned,0.004315867903642356,0.005006573046557605,0.280174876912497,0.003331947955302894,0.0009463410824537277,0.004215163993649185,0.0007896720198914409,0.00016073696315288544,0.27562195900827646,0.0034156229812651873,0.0009296679636463523
7460,Frangi,0.004480576026253402,0.0022384030744433403,0.15988234092947096,0.003381744958460331,0.0010601410176604986,0.0018181619234383106,0.0004183240234851837,0.00010289100464433432,0.15697750798426569,0.0026654070243239403,0.00010139495134353638
7461,Learned,0.0049039729638025165,0.00599244493059814,0.2768597659887746,0.003568648942746222,0.0012947800569236279,0.005023534991778433,0.0009670780273154378,0.0001781380269676447,0.27169492200482637,0.003732490004040301,0.0012036829721182585
7462,Learned,0.005098544992506504,0.005952939973212779,0.2813889019889757,0.003738278988748789,0.0013120700605213642,0.004971482907421887,0.0009794700890779495,0.00018838804680854082,0.27627420995850116,0.003619004972279072,0.0012523930054157972
7463,Learned,0.004242356983013451,0.004856460960581899,0.2771975899813697,0.0032044609542936087,0.0009988979436457157,0.00405452901031822,0.0008001320529729128,0.00016015092842280865,0.2717350219609216,0.0038092279573902488,0.0014345049858093262
7464,Learned,0.004575062892399728,0.0055776339722797275,0.27612614107783884,0.0033162280451506376,0.0012117360020056367,0.004636346944607794,0.0009395560482516885,0.00017474801279604435,0.2710510690230876,0.0035952350590378046,0.001248028944246471
7465,Learned,0.004312774981372058,0.004876991966739297,0.28213534597307444,0.003339938004501164,0.0009355000220239162,0.004071055096574128,0.0008041159017011523,0.00015723996330052614,0.2772405360592529,0.003575862036086619,0.0011040429817512631
7466,Learned,0.005237253033556044,0.005601951968856156,0.27558012201916426,0.003825872903689742,0.0013650220353156328,0.0046541469637304544,0.000945457024499774,0.00017825700342655182,0.2699667550623417,0.00403668696526438,0.0013394840061664581
7467,Learned,0.004526965087279677,0.005364032927900553,0.28972080699168146,0.003332023974508047,0.0011548280017450452,0.004439417039975524,0.0009224580135196447,0.00016851897817105055,0.28474589297547936,0.003645343007519841,0.0011112290667369962
7468,Learned,0.004834349034354091,0.005262539954856038,0.2766089530196041,0.0036203230265527964,0.00116433494258672,0.004378976067528129,0.0008815609617158771,0.00017067405860871077,0.2715505179949105,0.0036715620663017035,0.0011655869893729687
7469,Learned,0.004282935056835413,0.0042727700201794505,0.2751824869774282,0.003398883971385658,0.0008453450864180923,0.0035643719602376223,0.000706134014762938,0.00015152501873672009,0.2704831619048491,0.0036106760380789638,0.0008873939514160156
7470,Learned,0.003896730951964855,0.004648167989216745,0.27653589006513357,0.003072672989219427,0.0007873200811445713,0.0038948649307712913,0.0007515749894082546,0.00015810795594006777,0.2721693880157545,0.0033548770006746054,0.0008086590096354485
7471,Learned,0.004682992002926767,0.005913870991207659,0.27639896993059665,0.0034482580376788974,0.0011929419124498963,0.004911641008220613,0.0009999190224334598,0.00017407000996172428,0.2710827050032094,0.0037168299313634634,0.001366904005408287
7472,Learned,0.004425129969604313,0.005165272043086588,0.27134934696368873,0.0033031830098479986,0.0010797269642353058,0.004321714979596436,0.000841842032968998,0.0001715109683573246,0.2665622460190207,0.003506551031023264,0.0010593909537419677
7473,Learned,0.00478295492939651,0.00448535499162972,0.28082854801323265,0.0037532909773290157,0.0009898710995912552,0.0037543049547821283,0.0007290670182555914,0.0001596770016476512,0.27559873298741877,0.0039327440317720175,0.001084596966393292
7474,Learned,0.004021850996650755,0.004141567042097449,0.2794288150034845,0.003172177937813103,0.000812507001683116,0.0034730120096355677,0.0006666779518127441,0.00014493800699710846,0.2748524110065773,0.003548760083504021,0.0008345239330083132
7475,Learned,0.004117686068639159,0.004667936940677464,0.27507682191208005,0.0032609470654278994,0.0008182029705494642,0.003913798020221293,0.0007522220257669687,0.0001602359116077423,0.2705633310833946,0.0034709650790318847,0.0008359759813174605
7476,Learned,0.004081311984919012,0.0038661970756947994,0.27851677499711514,0.0032022360246628523,0.0008400019723922014,0.0032592189963907003,0.0006052680546417832,0.0001448630355298519,0.27372236095834523,0.0036347530549392104,0.0009647789411246777
7477,Learned,0.004451998043805361,0.004783050972037017,0.27999689301941544,0.00340615794993937,0.001002629054710269,0.003981097950600088,0.0008002429967746139,0.00016542698722332716,0.2750275069847703,0.0037506900262087584,0.0010008980752900243
7478,Learned,0.0043329260079190135,0.004344586981460452,0.27888638200238347,0.003260783036239445,0.0010291358921676874,0.0036126619670540094,0.0007302130106836557,0.0001541459932923317,0.2740155119681731,0.0036360840313136578,0.0010279970010742545
7479,Learned,0.0037953340215608478,0.0036074359668418765,0.2782478400040418,0.003076169057749212,0.0006748889572918415,0.003021053969860077,0.0005846089916303754,0.00013732293155044317,0.274137401022017,0.003282177960500121,0.0006432710215449333
7480,Learned,0.004408635897561908,0.0051707959501072764,0.27738584799226373,0.0033664460061118007,0.0010009000543504953,0.004308670060709119,0.0008600549772381783,0.000161315081641078,0.2724240949610248,0.003637067973613739,0.0011080930707976222
7481,Learned,0.004540602909401059,0.004946757107973099,0.27539349091239274,0.003517207922413945,0.0009830379858613014,0.004104821011424065,0.0008402899838984013,0.00016549101565033197,0.2706649089232087,0.003592111053876579,0.0009220469510182738
7482,Learned,0.004298906889744103,0.004474704037420452,0.27723637502640486,0.003315804060548544,0.0009392600040882826,0.0037393459351733327,0.0007334679830819368,0.00017406698316335678,0.2727130799321458,0.003396026906557381,0.000904587097465992
7483,Learned,0.004076112061738968,0.004200745956040919,0.2696904669282958,0.003226656001061201,0.0008122300496324897,0.003541321028023958,0.0006578359752893448,0.0001485929824411869,0.2650916649727151,0.0036406939616426826,0.0007627020822837949
7484,Learned,0.004226570017635822,0.004177978029474616,0.2693429959472269,0.003286760998889804,0.0008984430460259318,0.0034968380350619555,0.000679412973113358,0.00015849992632865906,0.2645495270844549,0.0037033800035715103,0.0008819520007818937
7485,Learned,0.004688061075285077,0.006276770029217005,0.2802389260614291,0.0034034060081467032,0.0012454648967832327,0.005235700984485447,0.0010394350392743945,0.00017743604257702827,0.27423073002137244,0.004004361922852695,0.0017682220786809921
7486,Learned,0.004122736980207264,0.004083273932337761,0.27354903193190694,0.003255199990235269,0.0008273470448330045,0.003378315013833344,0.0007031339919194579,0.00015248090494424105,0.26856089709326625,0.003737656050361693,0.0010447700042277575
7487,Learned,0.0047713289968669415,0.005148636060766876,0.2725265979534015,0.003470798023045063,0.0012529249070212245,0.004312735982239246,0.0008339029736816883,0.00017377594485878944,0.26676391100045294,0.0041143340058624744,0.0014178950805217028
7488,Learned,0.005057381931692362,0.00563276803586632,0.28121235803700984,0.003750512027181685,0.001252849935553968,0.004677944001741707,0.0009529070230200887,0.00017306499648839235,0.27585282805375755,0.003847380052320659,0.0012828679755330086
7489,Learned,0.00427160004619509,0.005004685022868216,0.2824899139814079,0.00329456792678684,0.0009346470469608903,0.004172808025032282,0.00083019002340734,0.000169305014424026,0.27746717899572104,0.0037018880248069763,0.0011004129191860557
7490,Learned,0.00412017700728029,0.003628959064371884,0.28345842694398016,0.003336826921440661,0.000746529083698988,0.003017431008629501,0.0006097650621086359,0.00014547794125974178,0.27891748200636357,0.003502439009025693,0.0008421280654147267
7491,Learned,0.0048828780418261886,0.005332754924893379,0.27924507099669427,0.0035980319371446967,0.0012344419956207275,0.004438738920725882,0.0008921120315790176,0.00017873605247586966,0.27420104993507266,0.0037271500332280993,0.001089161029085517
7492,Learned,0.004256470943801105,0.004467032034881413,0.2768864040262997,0.003301803022623062,0.0009137879824265838,0.003706399933435023,0.0007586909923702478,0.00016320403665304184,0.2718698319513351,0.0037536799209192395,0.0010443920036777854
7493,Learned,0.003753687022253871,0.003970734076574445,0.2799895979696885,0.0030253679724410176,0.0006922690663486719,0.0033271429128944874,0.0006418670527637005,0.0001420000335201621,0.27364464791025966,0.004212997038848698,0.0019204469863325357
7494,Learned,0.004495828063227236,0.005218051956035197,0.2800600639311597,0.0033847809536382556,0.0010666490998119116,0.004344254964962602,0.0008716260781511664,0.000160295981913805,0.2749157779617235,0.0037933900021016598,0.0011337649775668979
7495,Learned,0.004427380044944584,0.00380304001737386,0.2921303639886901,0.0036259019980207086,0.000764563912525773,0.0031851939857006073,0.0006160771008580923,0.00013543700333684683,0.2646482120035216,0.01126010506413877,0.0158785548992455
7496,Learned,0.004172452026978135,0.004287544987164438,0.2860638559795916,0.003281048033386469,0.0008552760118618608,0.003557172021828592,0.000728328013792634,0.0001522520324215293,0.2814139670226723,0.0034807779593393207,0.0009673840831965208
7497,Learned,0.004129205015487969,0.004280664026737213,0.27965082903392613,0.0031798790441825986,0.0009112959960475564,0.0035616339882835746,0.0007173289777711034,0.0001551150344312191,0.27482762397266924,0.003629246959462762,0.000984693062491715
7498,Learned,0.00394962599966675,0.003901093965396285,0.2780934569891542,0.003216482000425458,0.0006978829624131322,0.0032892159651964903,0.0006101799663156271,0.00015265797264873981,0.27348115493077785,0.003626469988375902,0.0007840819889679551
7499,Learned,0.003977568936534226,0.004313273006118834,0.4191775650251657,0.0031600510701537132,0.000781235983595252,0.0036161310272291303,0.0006953569827601314,0.00014430808369070292,0.275615465012379,0.006993765011429787,0.13628550001885742
7500,Learned,0.004436885938048363,0.005273754009976983,0.28067691810429096,0.0033753629541024566,0.0010184909915551543,0.0044064950197935104,0.0008656090358272195,0.00016624107956886292,0.27591703191865236,0.003534993971697986,0.0010108089772984385
7501,Learned,0.004236351000145078,0.004584438051097095,0.2850184999406338,0.0033335998887196183,0.0008594110840931535,0.0038330410607159138,0.0007493329467251897,0.0001525200204923749,0.28038918098900467,0.0035491971066221595,0.0008792729349806905
7502,Learned,0.004477742011658847,0.004982191952876747,0.26770686893723905,0.0034535550512373447,0.0009853799128904939,0.004167145933024585,0.0008133749943226576,0.00016491895075887442,0.26296059403102845,0.0036161280004307628,0.0009200230706483126
7503,Learned,0.004734498914331198,0.005079229944385588,0.2617485950468108,0.003508956986479461,0.0011796669568866491,0.004244549083523452,0.0008328139083459973,0.00016825401689857244,0.25652761303354055,0.003807314089499414,0.001191084971651435
7504,Learned,0.004062229068949819,0.005056132096797228,0.2808116440428421,0.0031034619314596057,0.0009220220381394029,0.004223539959639311,0.0008303100476041436,0.00016354606486856937,0.2763639419572428,0.0033238669857382774,0.0009133059065788984
7505,Learned,0.004540263093076646,0.005142637994140387,0.2739370570052415,0.003427696065045893,0.0010691368952393532,0.004286468029022217,0.0008538659894838929,0.00018244597595185041,0.2689542999723926,0.0036671520210802555,0.0010837570298463106
7506,Learned,0.0037660569651052356,0.0031040699686855078,0.2801088889827952,0.0031244090059772134,0.0006044559413567185,0.002579974941909313,0.0005223980406299233,0.0001273138914257288,0.2749530361033976,0.003888641018420458,0.0010814890265464783
7507,Learned,0.004420942044816911,0.004095959011465311,0.27434175298549235,0.003527316963300109,0.0008542799623683095,0.003435201942920685,0.0006590280681848526,0.00015789689496159554,0.2693041200982407,0.0038539019878953695,0.0009733139304444194
7508,Learned,0.0037769570481032133,0.0036791489692404866,0.2688908660784364,0.003120601992122829,0.0006224559620022774,0.0030956699047237635,0.0005817339988425374,0.0001363570336252451,0.264583206968382,0.0033746040426194668,0.0007492619333788753
7509,Learned,0.004016214981675148,0.0037681791000068188,0.26967115595471114,0.0032257919665426016,0.000750822015106678,0.003165929112583399,0.0006005699979141355,0.00014937296509742737,0.26474956003949046,0.0037412289530038834,0.0009793690405786037
7510,Learned,0.004190680920146406,0.004622120992280543,0.271049631992355,0.0032329700188711286,0.0009191499557346106,0.0038509879959747195,0.0007693229708820581,0.00015509699005633593,0.2653849170310423,0.0038800890324637294,0.0015711990417912602
7511,Learned,0.0036328170681372285,0.0029595759697258472,0.2854089089669287,0.003035921952687204,0.0005615460686385632,0.002483367919921875,0.00047458603512495756,0.00012613402213901281,0.27007616695482284,0.007527085021138191,0.007560348021797836
7512,Learned,0.004380519967526197,0.00501085992436856,0.2713385740062222,0.0033459659898653626,0.0009974919958040118,0.004159958916716278,0.0008491080952808261,0.00016488495748490095,0.26648923999164253,0.0036397159565240145,0.0009942679898813367
7513,Learned,0.0042034059297293425,0.005123907001689076,0.2772315079346299,0.0032193170627579093,0.0009484989568591118,0.004285987000912428,0.0008360210340470076,0.00016650091856718063,0.27255760703701526,0.0034953270805999637,0.0009650168940424919
7514,Learned,0.00490257004275918,0.005831587011925876,0.2686501779826358,0.003620572038926184,0.0012372690252959728,0.004848351934924722,0.0009814240038394928,0.00017611298244446516,0.26350982405710965,0.0037265929859131575,0.0011848090216517448
7515,Learned,0.004550473997369409,0.004695688956417143,0.26756509905681014,0.0035601650597527623,0.000951469992287457,0.003915705950930715,0.0007780810119584203,0.0001559730153530836,0.2626711140619591,0.003748722025193274,0.0009393120417371392
7516,Learned,0.00457788398489356,0.005052822991274297,0.28086919302586466,0.003506739973090589,0.0010316750267520547,0.004214329062961042,0.0008365939138457179,0.00016087107360363007,0.27559853298589587,0.0038990050088614225,0.001157394959591329
7517,Learned,0.004720545024611056,0.004457941045984626,0.26767333305906504,0.003719880012795329,0.000960433972068131,0.0037339499685913324,0.0007222939748317003,0.000159702030941844,0.2628571360837668,0.0037389500066637993,0.0008684400236234069
7518,Learned,0.003992956015281379,0.003533212933689356,0.2786983900004998,0.0032989339670166373,0.0006576080340892076,0.0029743040213361382,0.0005571970250457525,0.00013717496767640114,0.2745646389666945,0.003320779069326818,0.0006286459974944592
7519,Learned,0.004733111010864377,0.005657506990246475,0.2733405929757282,0.0035437640035524964,0.0011481399415060878,0.004691423964686692,0.0009642019867897034,0.00019583397079259157,0.267921818071045,0.0038079399382695556,0.0013572589959949255
7520,Learned,0.004398224991746247,0.0048649030504748225,0.2770381219452247,0.0033445899607613683,0.001009581028483808,0.004052917007356882,0.0008102289866656065,0.00018157903105020523,0.2723585079656914,0.003429017961025238,0.0010199180105701089
7521,Learned,0.004485407960601151,0.004769743885844946,0.2805404799291864,0.0034487739903852344,0.0009962311014533043,0.003995471983216703,0.0007725059986114502,0.00016658194363117218,0.2756703019840643,0.00367134902626276,0.0009795220103114843
7522,Learned,0.004885946051217616,0.004730124957859516,0.29672183201182634,0.0038569620810449123,0.0009881309233605862,0.003942338051274419,0.0007856149459257722,0.0001611149637028575,0.2848726699594408,0.006131113972514868,0.005448266980238259
7523,Learned,0.0039779250510036945,0.004463458084501326,0.2800103049958125,0.003180593019351363,0.0007626590086147189,0.003739780979231,0.0007215880323201418,0.00015520898159593344,0.27574220404494554,0.0032910590525716543,0.0007775479461997747
7524,Learned,0.004301393055357039,0.004774532979354262,0.27991087490227073,0.0033432500204071403,0.0009191329590976238,0.0040094919968396425,0.0007630770560353994,0.00016156199853867292,0.275321026914753,0.003465709974989295,0.000916198012419045
7525,Learned,0.004696054966188967,0.005082145915366709,0.27860364003572613,0.0035928309662267566,0.001061032060533762,0.0042453339556232095,0.0008350310381501913,0.00016619008965790272,0.27305027400143445,0.004052361007779837,0.001275466987863183
7526,Learned,0.004953989060595632,0.005177265033125877,0.2820347819942981,0.003778952988795936,0.0011323340004310012,0.004304668051190674,0.0008708490058779716,0.00017050490714609623,0.27663168602157384,0.003950963960960507,0.0012235649628564715
7527,Learned,0.0039805370615795255,0.004319304949603975,0.27845114399679005,0.0031378649873659015,0.0008043439593166113,0.003613575012423098,0.0007025670493021607,0.0001505119726061821,0.27197754802182317,0.00415425596293062,0.002102366997860372
7528,Learned,0.005058710929006338,0.005131735932081938,0.2812541569583118,0.003809835994616151,0.001201657927595079,0.004253654973581433,0.0008762730285525322,0.0001699640415608883,0.27590097300708294,0.004054785938933492,0.0010768180945888162
7529,Learned,0.004107696004211903,0.004808282013982534,0.277618924039416,0.003196073928847909,0.000873118988238275,0.0040010008960962296,0.0008051000768318772,0.00015678501222282648,0.27187225909437984,0.0038687969790771604,0.001658730092458427
7530,Learned,0.004894215962849557,0.005657008965499699,0.27744485600851476,0.0036726270336657763,0.0011722350027412176,0.004712017951533198,0.0009430149802938104,0.00018673611339181662,0.2724056029692292,0.003670305944979191,0.001132221077568829
7531,Learned,0.004599675070494413,0.005508936010301113,0.2803307119756937,0.0034816169645637274,0.0010752980597317219,0.004613699042238295,0.000893488060683012,0.00016068690456449986,0.27503996808081865,0.003839617012999952,0.0012308459263294935
7532,Learned,0.0041457489132881165,0.004614294972270727,0.2801821129396558,0.0032402389915660024,0.000866058049723506,0.0038797000888735056,0.0007328139618039131,0.0001489430433139205,0.2752100609941408,0.00365471001714468,0.0011109990300610662
7533,Learned,0.004157723975367844,0.0036459710681810975,0.28136191004887223,0.0034184050746262074,0.0007017939351499081,0.0030411119805648923,0.0006031770026311278,0.00014135008677840233,0.27588318299967796,0.004140507080592215,0.001142218941822648
7534,Learned,0.004355965065769851,0.005088999052532017,0.2708979840390384,0.0033134029945358634,0.0010010020341724157,0.004270044970326126,0.0008170509245246649,0.00016699102707207203,0.26621038606390357,0.003509275964461267,0.0009620710043236613
7535,Learned,0.004651742987334728,0.005459470092318952,0.28154340595938265,0.0035430470015853643,0.001069646910764277,0.004530395031906664,0.0009273570030927658,0.00017065799329429865,0.2763888200279325,0.0038595739752054214,0.0010744549799710512
7536,Learned,0.00421520508825779,0.005252419970929623,0.28063911700155586,0.0032228289637714624,0.0009575460571795702,0.004380057915113866,0.000870663090609014,0.00017027405556291342,0.27161739591974765,0.007618031930178404,0.001173411961644888
7537,Learned,0.004583833971992135,0.004440510994754732,0.2843761920230463,0.003532003960572183,0.0010066870599985123,0.003704551956616342,0.0007339450530707836,0.00016681395936757326,0.2792939580976963,0.0038638729602098465,0.0010009700199589133
7538,Learned,0.004747709026560187,0.005545102059841156,0.2823209590278566,0.003521805047057569,0.001183070009574294,0.004638882004655898,0.0009044790640473366,0.00017526804003864527,0.27730592095758766,0.0037454060511663556,0.00104742799885571
7540,Learned,0.004081854014657438,0.004070088034495711,0.28084039594978094,0.0032428010599687696,0.0007980719674378633,0.003412249032407999,0.0006560259498655796,0.00015680294018238783,0.2763224489754066,0.0034614780452102423,0.0008492609485983849
7541,Learned,0.004921672982163727,0.00551414699293673,0.27711351204197854,0.0035424540983512998,0.001332965912297368,0.00459097302518785,0.0009213569574058056,0.0001706499606370926,0.27169210906140506,0.003850025008432567,0.0013408840168267488
7542,Learned,0.004564094007946551,0.005768244038335979,0.28158621094189584,0.0034049630630761385,0.0011192209785804152,0.004827509983442724,0.0009387689642608166,0.00018201698549091816,0.2764691049233079,0.0037237509386613965,0.0011596240801736712
7543,Frangi,0.0048407829599455,0.001766144996508956,0.15499224502127618,0.0035597539972513914,0.001238055992871523,0.001467933994717896,0.000296451966278255,0.000104698003269732,0.15458699001464993,,
7544,Frangi,0.004351787036284804,0.001887655002065003,0.15596373798325658,0.0032637129770591855,0.001047315075993538,0.0015887280460447073,0.00029721891041845083,0.00011058803647756577,0.15556170290801674,,
7545,Learned,0.004686138941906393,0.005114267929457128,0.2811140480916947,0.003592945053242147,0.00105325598269701,0.004256856977008283,0.000855635036714375,0.00017134007066488266,0.2761510849231854,0.0037678659427911043,0.0009757200023159385
7546,Learned,0.004967635963112116,0.00643077096901834,0.28786941699218005,0.0035147039452567697,0.0014045879943296313,0.005334489978849888,0.001094477018341422,0.00018546893261373043,0.2825664540287107,0.0036908260080963373,0.0013709189370274544
7547,Learned,0.0037571380380541086,0.003734908066689968,0.2678563370136544,0.0030734409810975194,0.0006447200430557132,0.003151831100694835,0.00058135692961514,0.00012999598402529955,0.26341552298981696,0.003425818053074181,0.0008363309316337109
7549,Learned,0.004416560987010598,0.004880315973423421,0.277058326988481,0.003282255958765745,0.0010936249746009707,0.0040811640210449696,0.0007971059530973434,0.00016018596943467855,0.27201378799509257,0.003678614040836692,0.0011508929310366511
7550,Learned,0.004577695042826235,0.006114690098911524,0.281119093997404,0.003311773994937539,0.0012256039772182703,0.005105722928419709,0.0010072690201923251,0.0001757279969751835,0.2760816300287843,0.0035326580982655287,0.0012777289375662804
7551,Learned,0.004162694909609854,0.004723564023151994,0.279181724996306,0.0032175470842048526,0.0009036289993673563,0.003936772001907229,0.000784486997872591,0.00015755393542349339,0.27452483400702477,0.003533956944011152,0.0009178699692711234
7552,Learned,0.004469890962354839,0.005044196965172887,0.279126484063454,0.0033857449889183044,0.0010437669698148966,0.004240534966811538,0.0008019009837880731,0.00016386806964874268,0.2743014139123261,0.0036374880000948906,0.0009776350343599916
7553,Learned,0.004551243968307972,0.005620919982902706,0.2731818240135908,0.00332169106695801,0.001186458976007998,0.004648473928682506,0.0009706850396469235,0.00017004692927002907,0.26807727001141757,0.0036923099542036653,0.0011862270766869187
7554,Learned,0.004540138994343579,0.0049143999349325895,0.27147070597857237,0.0034905970096588135,0.0010106689296662807,0.004096406977623701,0.0008161250734701753,0.0001679119886830449,0.26653172296937555,0.003664055955596268,0.0010508940322324634
7555,Learned,0.004648188943974674,0.004682510974816978,0.28123717999551445,0.003611939959228039,0.000997997005470097,0.003891934989951551,0.0007888670079410076,0.00016779301222413778,0.27657208999153227,0.003531554015353322,0.0009183629881590605
7556,Learned,0.004213073989376426,0.004908293019980192,0.2803777199005708,0.003227061009965837,0.0009484559996053576,0.004122019978240132,0.0007843839703127742,0.00016587297432124615,0.2756882809335366,0.0034935619914904237,0.000981735996901989
7557,Learned,0.004982569953426719,0.005422106012701988,0.2739844840252772,0.0036068850895389915,0.0013253949582576752,0.004474296001717448,0.0009459609864279628,0.00017386407125741243,0.26887855294626206,0.003654903033748269,0.0012216879986226559
7558,Learned,0.00442938192281872,0.005289040971547365,0.28031379298772663,0.003360445029102266,0.0010287739569321275,0.004400019068270922,0.0008873969782143831,0.0036552370293065906,0.2720457169925794,0.00349027500487864,0.0010714720701798797
7559,Learned,0.004195444053038955,0.004785637021996081,0.27787360502406955,0.0032189009943977,0.0009382700081914663,0.003982388065196574,0.0008014459162950516,0.00016649405006319284,0.2732401529792696,0.0034133009612560272,0.0010039029875770211
7560,Learned,0.004056190024130046,0.004293719073757529,0.2801014940487221,0.0032087250147014856,0.000811824924312532,0.0035937869688495994,0.0006982050836086273,0.00015726301353424788,0.2755642520496622,0.0034282460110262036,0.0009007350308820605
7561,Learned,0.004437763011083007,0.0050075569888576865,0.28196376899722964,0.0034016899298876524,0.0009979100432246923,0.004194127977825701,0.0008114990778267384,0.00017062900587916374,0.2771860510110855,0.003552014008164406,0.0010063189547508955
7562,Learned,0.004377583973109722,0.0045658290619030595,0.28098231100011617,0.003347288933582604,0.0009867980843409896,0.00378725107293576,0.0007768119685351849,0.00015796907246112823,0.2759497449733317,0.0037748150061815977,0.0010469019180163741
7563,Learned,0.004238262074068189,0.004869853029958904,0.28258992708288133,0.0033488899935036898,0.0008526210440322757,0.004083052044734359,0.0007850209949538112,0.00015545007772743702,0.2767427219077945,0.004006883944384754,0.001626966055482626
7564,Learned,0.004774539964273572,0.005563506041653454,0.28157113504130393,0.0035394789883866906,0.0011893849587067962,0.0046357299434021115,0.0009260600199922919,0.00017074705101549625,0.2763492219382897,0.0037463080370798707,0.0012477720156311989
7565,Learned,0.004611275042407215,0.005433127982541919,0.27694290201179683,0.0034014859702438116,0.0011659730225801468,0.004534740000963211,0.0008961790008470416,0.00016311102081090212,0.2718068879330531,0.0038036640034988523,0.00111707195173949
7566,Learned,0.004022674052976072,0.003990080906078219,0.28163099102675915,0.0032146910671144724,0.0007696539396420121,0.003337180009111762,0.0006511519895866513,0.0001511910231783986,0.27699416398536414,0.0034413470420986414,0.0009917810093611479
7567,Learned,0.004650925053283572,0.00554510997608304,0.2805493220221251,0.0034211480524390936,0.0011820069048553705,0.00461708998773247,0.0009262580424547195,0.00017044798005372286,0.27562643599230796,0.0035364640643820167,0.0011595840333029628
7568,Learned,0.004373747971840203,0.00417284807190299,0.2749537710333243,0.0034672569017857313,0.0008624690817669034,0.0034750020131468773,0.0006955349817872047,0.00271839601919055,0.2673410540446639,0.003760193008929491,0.0010782399913296103
7569,Learned,0.0048325409879907966,0.004893437027931213,0.2822915150318295,0.003607326070778072,0.0011766779934987426,0.004057434038259089,0.0008342739893123507,0.0001636879751458764,0.2773911169497296,0.0036367459688335657,0.0010487319668754935
7570,Learned,0.00499577505979687,0.00582456705160439,0.2737142469268292,0.0036364629631862044,0.001313871005550027,0.004862520028837025,0.000960333039984107,0.00017360900528728962,0.26826263091061264,0.003843281068839133,0.0013813679106533527
7571,Learned,0.0043690899619832635,0.005138011067174375,0.280884443083778,0.003316385089419782,0.0010094708995893598,0.004266059026122093,0.0008699609898030758,0.00017295707948505878,0.27611448301468045,0.003517927951179445,0.0010278209811076522
7573,Frangi,0.005189575022086501,0.001513330964371562,,0.0037970509147271514,0.0013457350432872772,0.001264331047423184,0.00024720991495996714,,,,
7574,Learned,0.004300581989809871,0.0038478480419144034,0.27125435089692473,0.00338656606618315,0.0008729139808565378,0.003227486042305827,0.0006178939947858453,0.00014964200090616941,0.2666145859984681,0.0036506630713120103,0.000791850034147501
7575,Learned,0.0045170909725129604,0.00513582001440227,0.2833832979667932,0.003431780030950904,0.0010420270264148712,0.00427794991992414,0.0008556400425732136,0.00016728602349758148,0.27824768295977265,0.00380192999728024,0.0011155980173498392
7576,Learned,0.0044698750134557486,0.00520104996394366,0.2837074630660936,0.0034074849681928754,0.001022657030262053,0.004343377077020705,0.0008558789268136024,0.00016560906078666449,0.2789319430012256,0.0035615250235423446,0.001000202028080821
7577,Learned,0.0042354639153927565,0.004858121974393725,0.28570482903160155,0.003228449961170554,0.000965935061685741,0.004053191049024463,0.0008032619953155518,0.0001614750362932682,0.2791498809820041,0.004230508930049837,0.0021087370114400983
7578,Learned,0.004239214933477342,0.00434633600525558,0.28171490400563926,0.003315794048830867,0.0008820269722491503,0.003629412967711687,0.0007152269827201962,0.00015110999811440706,0.2766230310080573,0.0037233440671116114,0.001164517947472632
7579,Learned,0.003722495981492102,0.0033607539953663945,0.28548570291604847,0.003084326977841556,0.0006023680325597525,0.0028070759726688266,0.0005518480902537704,0.000139363924972713,0.27818154299166054,0.004439629963599145,0.0026354689616709948
7581,Learned,0.004259357927367091,0.004444472026079893,0.2786620849510655,0.0033680290216580033,0.0008539080154150724,0.0036972789093852043,0.0007455720333382487,0.00015746697317808867,0.2738238200545311,0.003663994953967631,0.0009675560286268592
7582,Learned,0.004633034928701818,0.0050472699804231524,0.2808367020916194,0.003465945948846638,0.0011220250744372606,0.004202003008686006,0.000843412009999156,0.00016901199705898762,0.27598964609205723,0.003637312911450863,0.0009909900836646557
7583,Learned,0.004564978997223079,0.005491220043040812,0.2862385989865288,0.0034519589971750975,0.0010717459954321384,0.004603315959684551,0.0008858999935910106,0.00016904494259506464,0.28119252109900117,0.003767146961763501,0.0010576170170679688
7584,Learned,0.004843803006224334,0.0055109739769250154,0.2929341499693692,0.003595625050365925,0.0012049509678035975,0.00458884600084275,0.0009203481022268534,0.00017481402028352022,0.28736538300290704,0.004034833051264286,0.0012726850109174848
7585,Learned,0.0041397190652787685,0.003869697917252779,0.2759592130314559,0.0033516399562358856,0.0007493429584428668,0.00324685696978122,0.0006190130952745676,0.0001543150283396244,0.2713696339633316,0.003585641970857978,0.0007993840845301747
7586,Learned,0.004510995000600815,0.0050420541083440185,0.27187086397316307,0.0034818690037354827,0.0009902489837259054,0.004216906032525003,0.0008233520202338696,0.0001604519784450531,0.2669705030275509,0.003697973908856511,0.0009918410796672106
7587,Learned,0.004600498010404408,0.005020831013098359,0.2708838019752875,0.0034587819827720523,0.001093951053917408,0.004173730034381151,0.000845090951770544,0.00016912398859858513,0.26581393298693,0.003761442960239947,0.0010873789433389902
7588,Learned,0.004293864010833204,0.005281516001559794,0.27845488395541906,0.0032569669419899583,0.001001026015728712,0.004422439029440284,0.0008573899976909161,0.00016547203995287418,0.2734602229902521,0.003559904987923801,0.0012090570526197553
7589,Learned,0.004336912999860942,0.004318173974752426,0.2724389750510454,0.0033841899130493402,0.0009082360193133354,0.003580411081202328,0.0007358898874372244,0.00015265308320522308,0.2673726709326729,0.0037335429806262255,0.0011265320936217904
7590,Learned,0.004424075013957918,0.0048054729122668505,0.2807131230365485,0.0033998260041698813,0.0009848630288615823,0.003984336042776704,0.0008192359237000346,0.00016130402218550444,0.27588496601674706,0.0036496910033747554,0.0009663999080657959
7591,Learned,0.004489611019380391,0.004748570965602994,0.2722464440157637,0.0034734770888462663,0.000977315939962864,0.003927552024833858,0.0008191439555957913,0.0001609079772606492,0.2671313900500536,0.0036391799803823233,0.0012529880041256547
7592,Learned,0.004701202968135476,0.005440615001134574,0.28139862697571516,0.003643214935436845,0.001020785071887076,0.00456120097078383,0.0008777379989624023,0.0001720750005915761,0.27632154698949307,0.0037714859936386347,0.0010833620326593518
7593,Learned,0.0043326959712430835,0.004975778982043266,0.2805136890383437,0.003286261926405132,0.0010021920315921307,0.004157735034823418,0.0008161909645423293,0.0001659509725868702,0.27591465099249035,0.0034212180180475116,0.0009636710165068507
7594,Learned,0.004229116952046752,0.004697596887126565,0.27847424196079373,0.0032795999431982636,0.0009109110105782747,0.003940774942748249,0.0007550270529463887,0.00016278098337352276,0.27374590700492263,0.0035222310107201338,0.0009927770588546991
7595,Learned,0.0042056500678882,0.003956113941967487,0.28178796195425093,0.003425630973652005,0.0007401719922199845,0.0033038320252671838,0.0006495370762422681,0.00014812301378697157,0.27730121999047697,0.003400599933229387,0.0008890150347724557
7596,Learned,0.005154854967258871,0.006096882978454232,0.2829720100853592,0.003638769965618849,0.0014578299596905708,0.005113966995850205,0.0009809969924390316,0.00017623405437916517,0.277477607014589,0.004030160955153406,0.0012350010219961405
7597,Learned,0.004876424907706678,0.005040029063820839,0.26979840896092355,0.003758298000320792,0.001073249033652246,0.004203457967378199,0.0008347700349986553,0.0001705640461295843,0.26477790297940373,0.003704985952936113,0.0010921310167759657
7598,Learned,0.004444632912054658,0.004154234076850116,0.2882597930729389,0.0035457490012049675,0.0008608850184828043,0.003460453008301556,0.0006919800071045756,0.000153619097545743,0.28227652492932975,0.004446282051503658,0.0013041830388829112
7599,Learned,0.004977111937478185,0.006309892982244492,0.2852245339890942,0.003728260053321719,0.0012045049807056785,0.005297027062624693,0.0010107139823958278,0.0002067789901047945,0.2798269389895722,0.0038024989189580083,0.001335744047537446
7601,Learned,0.004839538945816457,0.005690707010217011,0.2830750129651278,0.0036962060257792473,0.0011025819694623351,0.004772333079017699,0.0009165569208562374,0.00019517296459525824,0.2779645880218595,0.003736011916771531,0.001126902992837131
7602,Learned,0.004543808056041598,0.004067996051162481,0.2564707309938967,0.0036929480265825987,0.0008078309474512935,0.003397656953893602,0.0006683389656245708,0.00016315700486302376,0.2518149960087612,0.0035927300341427326,0.0008500880794599652
7603,Learned,0.005022840923629701,0.005763080902397633,0.2832835470326245,0.0036897689569741488,0.0012852600775659084,0.004768574959598482,0.0009924870682880282,0.00019402103498578072,0.2777443639934063,0.0039251899579539895,0.001359767047688365
7604,Learned,0.004382046987302601,0.005352790001779795,0.28056910599116236,0.003321985946968198,0.0010226060403510928,0.0044669139897450805,0.000884185079485178,0.00016826903447508812,0.27559991797897965,0.003663431038148701,0.0010852450504899025
7605,Learned,0.004326336085796356,0.004764950950630009,0.27369686297606677,0.0032615390373393893,0.0010208269814029336,0.003965568961575627,0.0007973250467330217,0.00015319697558879852,0.2680372149916366,0.003963046940043569,0.0014817450428381562
7606,Learned,0.004181953030638397,0.004992655012756586,0.2804989580763504,0.0032312620896846056,0.0009094129782170057,0.004158640978857875,0.0008271059487015009,0.00017266906797885895,0.27576608501840383,0.0035548938903957605,0.0009574710857123137
7607,Learned,0.004231221973896027,0.004829537007026374,0.2811019360087812,0.0032754220301285386,0.0009172999998554587,0.004036015016026795,0.0007917570183053613,0.00016202102415263653,0.2764809300424531,0.0034331019269302487,0.0009762240806594491
7608,Learned,0.004976848955266178,0.005884964019060135,0.27871760295238346,0.003683418035507202,0.001252742949873209,0.004894622950814664,0.0009885249892249703,0.00017533800564706326,0.27328633493743837,0.003771316958591342,0.0014307250967249274
7609,Learned,0.004152504960075021,0.004625728004612029,0.28252470400184393,0.0031977680046111345,0.0009164370130747557,0.0038609419716522098,0.000763037009164691,0.00015485601034015417,0.278026829008013,0.003376070992089808,0.0009188849944621325
7610,Learned,0.005215562996454537,0.005475973943248391,0.2859132669400424,0.0038619069382548332,0.0013007529778406024,0.004517790977843106,0.0009561310289427638,0.00019562395755201578,0.2807000690372661,0.0038328670198097825,0.0011316839372739196
7611,Learned,0.004835137049667537,0.005522047984413803,0.2809430650668219,0.0034613240277394652,0.0013252130011096597,0.0045763610396534204,0.0009438989218324423,0.00017328700050711632,0.2757039130665362,0.003763724002055824,0.0012451789807528257
7612,Learned,0.004319852101616561,0.004736718023195863,0.27719047002028674,0.0033078690757974982,0.0009685489349067211,0.003952289931476116,0.0007824699860066175,0.00016190903261303902,0.2726495050592348,0.0033627920784056187,0.0009680959628894925
7613,Learned,0.004664420033805072,0.005667613004334271,0.27959220006596297,0.0034546649549156427,0.001167561043985188,0.004689180990681052,0.0009767180308699608,0.0001687409821897745,0.2745242420351133,0.0036339510697871447,0.0012100059539079666
7614,Learned,0.004213599022477865,0.004823169088922441,0.2810518420301378,0.0032338049495592713,0.0009413720108568668,0.00406663806643337,0.0007547569693997502,0.00015849003102630377,0.2764799389988184,0.0034506380325183272,0.000916830962523818
7616,Learned,0.004078408004716039,0.0044979790691286325,0.2814134660875425,0.0032122350530698895,0.0008240519091486931,0.0037561809876933694,0.0007400410249829292,0.000158625072799623,0.2767249000025913,0.0035359519533813,0.0009431269718334079
7617,Learned,0.0037293439963832498,0.003254679962992668,0.27365972800180316,0.0031243469566106796,0.0005691180704161525,0.002729290979914367,0.0005235540447756648,0.00014177290722727776,0.268976895022206,0.003532272996380925,0.0009581641061231494
7619,Learned,0.004430665983818471,0.004282739944756031,0.2818380300886929,0.003529865061864257,0.0008535219822078943,0.003570726024918258,0.0007099419599398971,0.00016731000505387783,0.2771507650613785,0.0035420709755271673,0.0009284340776503086
7620,Learned,0.004684392944909632,0.005309992004185915,0.2731187470490113,0.0033704129746183753,0.001265280065126717,0.004404434002935886,0.0009038849966600537,0.00017562205903232098,0.2681153699522838,0.003581895027309656,0.0011932509951293468
7621,Learned,0.00412682699970901,0.004341211984865367,0.2815909470664337,0.003241043072193861,0.0008464789716526866,0.0036219280445948243,0.0007170949829742312,0.00015833007637411356,0.2771501699462533,0.0033788139699026942,0.0008552459767088294
7622,Learned,0.004554728977382183,0.004291833029128611,0.27274348796345294,0.0035458420170471072,0.000969060929492116,0.0035825810628011823,0.0007073800079524517,0.0001516409683972597,0.2680278670741245,0.0035956340143457055,0.000920120975933969
7623,Learned,0.004036091035231948,0.0047196060186252,0.28122551494743675,0.0031004089396446943,0.0008979890262708068,0.003961578011512756,0.0007560020312666893,0.00016257492825388908,0.2766915410757065,0.0034038879675790668,0.000919629936106503
7624,Learned,0.004363897955045104,0.004445040947757661,0.28248199401423335,0.0034590280847623944,0.0008593769744038582,0.003740604966878891,0.0007026620442047715,0.0001526540145277977,0.27777239098213613,0.0034953259164467454,0.0010023080976679921
7625,Learned,0.0048357280902564526,0.005056606023572385,0.2832018790068105,0.003554269904270768,0.0012321401154622436,0.004195997025817633,0.0008588959462940693,0.00016836600843816996,0.27789240004494786,0.003907190985046327,0.001179034006781876
7626,Learned,0.004065002081915736,0.004599232110194862,0.28085889003705233,0.0030815170612186193,0.000946348998695612,0.0038417710456997156,0.0007555769989266992,0.0001552939647808671,0.2764008700614795,0.0033497860422357917,0.0008981779683381319
7627,Learned,0.0037882380420342088,0.0037519749021157622,0.27978960995096713,0.003069308935664594,0.0006836389657109976,0.0031490629771724343,0.000601212028414011,0.00014284695498645306,0.2755680070258677,0.0032528849551454186,0.0007778479484841228
7628,Learned,0.003885291051119566,0.003955222084186971,0.2762462589889765,0.0031206279527395964,0.0007289140485227108,0.0033386689610779285,0.0006147570675238967,0.0001356499269604683,0.2710768129909411,0.0038395400624722242,0.0011372549924999475
7629,Learned,0.003974676947109401,0.004204213968478143,0.2804519450291991,0.003147649927996099,0.0007906020618975163,0.003530401038005948,0.0006717679789289832,0.0001513280440121889,0.2761602969840169,0.003282097983174026,0.0008101819548755884
7630,Learned,0.004030119976960123,0.004302002023905516,0.28049291495699435,0.0032283590408042073,0.0007666739402338862,0.003602055017836392,0.0006980939069762826,0.0001498489873483777,0.27604761894326657,0.0034401309676468372,0.0008074699435383081
7631,Learned,0.004353144904598594,0.00507280498277396,0.27206658595241606,0.003322147997096181,0.00098992302082479,0.004230077029205859,0.000840898952446878,0.00016626890283077955,0.2670232200762257,0.003855728078633547,0.0009692079620435834
7632,Learned,0.004513450083322823,0.004767038975842297,0.28825994895305485,0.0035139740211889148,0.0009569190442562103,0.00396355299744755,0.0008016740903258324,0.0001733569661155343,0.2830029510660097,0.0038320099702104926,0.0011914389906451106
7633,Learned,0.004341320018284023,0.00437860400415957,0.2769888300681487,0.0034622580278664827,0.0008359759813174605,0.003671203041449189,0.0007054869784042239,0.00015894207172095776,0.27145381190348417,0.0038307139184325933,0.0014872030587866902
7634,Learned,0.004495622008107603,0.00498412805609405,0.2815254870802164,0.0034122109645977616,0.0010408309753984213,0.004157159011811018,0.0008250739192590117,0.00016519404016435146,0.2758699579862878,0.003920077928341925,0.0015119389863684773
7635,Learned,0.004275372019037604,0.004967040033079684,0.280925992061384,0.003324471996165812,0.0009138210443779826,0.0041385130025446415,0.0008269019890576601,0.00016303197480738163,0.27626360103022307,0.0034696380607783794,0.0009795998921617866
7636,Learned,0.004382272949442267,0.004307053051888943,0.27752568991854787,0.0033468370093032718,0.0009928420186042786,0.0035711280070245266,0.0007341590244323015,0.00015589594841003418,0.27279615798033774,0.003520979080349207,0.0009989129612222314
7637,Learned,0.004367711953818798,0.00484511605463922,0.2822034730343148,0.0033661150373518467,0.0009601189522072673,0.004070008988492191,0.0007732979720458388,0.00016855902504175901,0.27712698094546795,0.0037699990207329392,0.0010838019661605358
7638,Learned,0.0044422519858926535,0.005271613015793264,0.27843687403947115,0.0033935910323634744,0.0010104799875989556,0.004430406028404832,0.0008393509779125452,0.00016886810772120953,0.2735991779481992,0.003557028016075492,0.001063272007741034
7639,Learned,0.004892303957603872,0.0054230589885264635,0.27356545394286513,0.0037977210013195872,0.0010562270181253552,0.004538965062238276,0.0008821249939501286,0.00017628399655222893,0.26828135491814464,0.00393988995347172,0.0011186710326001048
7640,Learned,0.003967483062297106,0.0032943258993327618,0.2832418370526284,0.00330679293256253,0.0006230460712686181,0.0027537139831110835,0.0005388850113376975,0.00013515306636691093,0.2772524319589138,0.004051206982694566,0.0017401999793946743
7641,Learned,0.00433955795597285,0.004578665015287697,0.28083091997541487,0.0033477479591965675,0.0009529870003461838,0.0038043889217078686,0.000772568047977984,0.00015175598673522472,0.2760184200014919,0.003595910035073757,0.0010141190141439438
7642,Learned,0.003964054048992693,0.003635561093688011,0.28263051400426775,0.003150710021145642,0.0007746699266135693,0.0030323530081659555,0.0006012980593368411,0.0001707839546725154,0.2670690460363403,0.007279730984009802,0.007993521052412689
7643,Learned,0.004031044081784785,0.004196704947389662,0.28161076502874494,0.0032210079953074455,0.000768003985285759,0.0035202319268137217,0.0006747250445187092,0.0001570630120113492,0.27551854494959116,0.004135102033615112,0.001732929958961904
7644,Learned,0.004500468960031867,0.004735074006021023,0.2777942990651354,0.003507751040160656,0.0009534819982945919,0.003959654015488923,0.0007736739935353398,0.0001594950444996357,0.2729245079681277,0.0036797940265387297,0.0009795079240575433
7645,Learned,0.004323427099734545,0.004856176907196641,0.275905315997079,0.003229751018807292,0.0010514489840716124,0.004013428930193186,0.000840574037283659,0.00016921001952141523,0.2712917160242796,0.0033812059555202723,0.001012610038742423
7646,Learned,0.0053783380426466465,0.006875774008221924,0.2785334860673174,0.003776676021516323,0.0015529879601672292,0.005639702081680298,0.0012342259287834167,0.00019392103422433138,0.2728728229412809,0.0038481559604406357,0.0015591500559821725
7647,Learned,0.004188301973044872,0.004865569062530994,0.2813344820169732,0.0032365060178563,0.0009141099872067571,0.004079513950273395,0.0007842379854992032,0.00015348498709499836,0.27663979306817055,0.003577106981538236,0.0009158760076388717
7648,Learned,0.004440297023393214,0.004851264995522797,0.28159886901266873,0.003414236009120941,0.0009827249450609088,0.004034173907712102,0.0008151220390573144,0.00016324606258422136,0.276176213985309,0.0038238629931584,0.001376196974888444
7649,Learned,0.004222242976538837,0.0050067020347341895,0.28780587401706725,0.003290895954705775,0.000891581061296165,0.004177333903498948,0.0008277570595964789,0.00016066303942352533,0.28241649304982275,0.004113042959943414,0.0010385890491306782
7650,Frangi,0.004972608992829919,0.002347343019209802,0.15898379997815937,0.0037523970240727067,0.0011703020427376032,0.0019685360603034496,0.00037518690805882215,0.00011431693565100431,0.15857397601939738,,
7651,Learned,0.0044505930272862315,0.003948827972635627,0.2820499149383977,0.003605321981012821,0.0008051320910453796,0.0032899240031838417,0.0006571650737896562,0.00015129696112126112,0.27711555000860244,0.0037501329788938165,0.0009787189774215221
7652,Learned,0.004434232949279249,0.00459520798176527,0.2714711239095777,0.003504571970552206,0.00089003995526582,0.003875007969327271,0.0007184980204328895,0.0001640579430386424,0.2669071729760617,0.0034908580128103495,0.0008612349629402161
7653,Learned,0.004303858964703977,0.004891601973213255,0.2829936259659007,0.003305966965854168,0.0009592530550435185,0.0040950210532173514,0.0007948939455673099,0.0001703309826552868,0.2774994330247864,0.0038937849458307028,0.0013685489539057016
7654,Learned,0.003913858090527356,0.0037881199968978763,0.2681005320046097,0.003204663982614875,0.0006739720702171326,0.003174379002302885,0.0006120998878031969,0.00013559195213019848,0.2635926119983196,0.003394693019799888,0.0009280670201405883
7655,Learned,0.0048300729831680655,0.005099860951304436,0.27309462800621986,0.0037318880204111338,0.0010554350446909666,0.004269407014362514,0.0008286460069939494,0.00016878906171768904,0.26788935891818255,0.003909457009285688,0.001065846998244524
7656,Learned,0.004136348958127201,0.00414449698291719,0.2731206329772249,0.0032791030826047063,0.0008192099630832672,0.003466174937784672,0.0006766370497643948,0.00015305704437196255,0.2679437129991129,0.0037249139277264476,0.001236502081155777
7657,Learned,0.004490802995860577,0.005305223981849849,0.2824774879263714,0.0033452248899266124,0.0010985380504280329,0.004444289021193981,0.0008592909434810281,0.00016866193618625402,0.27740583301056176,0.003793557989411056,0.0010593710467219353
7658,Learned,0.004212391912005842,0.004117253934964538,0.2774453070014715,0.003277573036029935,0.0008906209841370583,0.0034261419204995036,0.0006892490200698376,0.00015379302203655243,0.27247039193753153,0.00376609293743968,0.0010022370843216777
7659,Learned,0.0049574419390410185,0.0051851170137524605,0.27881680603604764,0.003592988010495901,0.0013155279448255897,0.004288697964511812,0.0008942129788920283,0.000179206021130085,0.27321166591718793,0.004056748002767563,0.0013102400116622448
7660,Learned,0.003988316049799323,0.004582079942338169,0.27027677395381033,0.0030642899218946695,0.0008862350368872285,0.0038298009894788265,0.0007506540277972817,0.0001494820462539792,0.2656992329284549,0.0034609200665727258,0.00091806601267308
7661,Learned,0.004630913957953453,0.005408388911746442,0.2817579710390419,0.003427115036174655,0.0011600219877436757,0.00451289804186672,0.0008937460370361805,0.00018443900626152754,0.27278426894918084,0.007643416989594698,0.0010946110123768449
7662,Frangi,0.00419571902602911,0.001996680977754295,,0.0033076509134843946,0.0008504419820383191,0.0016722860746085644,0.0003227469278499484,,,,
7663,Learned,0.005340239964425564,0.006459621014073491,0.2717312870081514,0.0037181919906288385,0.0015743690310046077,0.005371131002902985,0.0010866119991987944,0.000185779994353652,0.2662055999971926,0.0038362150080502033,0.0014496640069410205
7664,Learned,0.0046789380721747875,0.005161443958058953,0.28180709294974804,0.0036336081102490425,0.0010060119675472379,0.0043214180041104555,0.0008383759995922446,0.00016892002895474434,0.2744627739302814,0.004868171992711723,0.0022275339579209685
7665,Learned,0.004248707904480398,0.004597207996994257,0.2825101889902726,0.0033697769977152348,0.0008430390153080225,0.003858980955556035,0.0007365819765254855,0.00016329390928149223,0.27768214407842606,0.0037169220158830285,0.000900684972293675
7666,Learned,0.004302991088479757,0.0046115149743855,0.2831728879828006,0.003436111961491406,0.0008293000282719731,0.0038510019658133388,0.0007588670123368502,0.00016110006254166365,0.2782855739351362,0.003729271935299039,0.0009458949789404869
7667,Learned,0.004103224957361817,0.004614562029018998,0.280798691092059,0.003214324009604752,0.0008535709930583835,0.0038626700406894088,0.0007501019863411784,0.00016092602163553238,0.27467996207997203,0.0050627830205485225,0.0008489750325679779
7668,Learned,0.005209677037782967,0.005752163007855415,0.28156541800126433,0.003795320983044803,0.0013658290263265371,0.004718606942333281,0.0010317610576748848,0.00018872099462896585,0.27613800403196365,0.0038056570338085294,0.0013692700304090977
7669,Learned,0.004177695955149829,0.004410500987432897,0.28036951506510377,0.0032781679183244705,0.0008596261031925678,0.0036484659649431705,0.0007603060221299529,0.00015881506260484457,0.27591351396404207,0.003355746972374618,0.0008912020130082965
7670,Learned,0.004529810044914484,0.005353877088055015,0.2775891999481246,0.0033484939485788345,0.0011379100615158677,0.004463043995201588,0.000888954964466393,0.00016686203889548779,0.27282134792767465,0.003469377988949418,0.0010813759872689843
7671,Learned,0.004569043987430632,0.005676973960362375,0.2825456019490957,0.0034386320039629936,0.0010920939967036247,0.004781430005095899,0.000893773976713419,0.00016517098993062973,0.27703830297105014,0.003909153980202973,0.0013763040769845247
7672,Learned,0.0038115520728752017,0.003608953906223178,0.2806922240415588,0.003105949959717691,0.0006669370923191309,0.003021658048965037,0.000585183035582304,0.00013265106827020645,0.2758276939857751,0.0035941749811172485,0.001080789021216333
7673,Learned,0.003894925001077354,0.0032002439256757498,0.2932337330421433,0.0031737840035930276,0.0006826349999755621,0.0026687480276450515,0.0005296219605952501,0.00013292802032083273,0.2751198790501803,0.008013849961571395,0.009815877070650458
7674,Learned,0.004259527078829706,0.004604365094564855,0.27642484300304204,0.0033333220053464174,0.0008887229487299919,0.0038290900411084294,0.0007735969265922904,0.00015747896395623684,0.27121309807989746,0.0037392040248960257,0.0012562049087136984
7675,Learned,0.004985142033547163,0.00595974107272923,0.2828019510488957,0.0036832570331171155,0.0012568339006975293,0.00496790197212249,0.00098995806183666,0.00017830601427704096,0.2776490830583498,0.003728650975972414,0.0011931209592148662
7676,Learned,0.0047528559807688,0.005661616916768253,0.2807338379789144,0.0034504999639466405,0.001254099071957171,0.004714083974249661,0.0009456300176680088,0.00017468701116740704,0.27529121097177267,0.003883601981215179,0.0013237659586593509
7677,Learned,0.00508960394654423,0.005238113924860954,0.28306150005664676,0.003862807061523199,0.0011812819866463542,0.004326133988797665,0.0009101559408009052,0.00017960404511541128,0.27782213606406003,0.003812058945186436,0.0011895019561052322
7678,Learned,0.00450539099983871,0.005436489009298384,0.2806486689951271,0.0034092579735442996,0.0010533930035308003,0.004550150944851339,0.0008846450364217162,0.00017170095816254616,0.27546087198425084,0.003824871964752674,0.0011158189736306667
7679,Learned,0.004431270994246006,0.0041642909636721015,0.2791538230376318,0.003551136003807187,0.0008437139913439751,0.0035157010424882174,0.0006433509988710284,0.00017780601046979427,0.2741557399276644,0.003923499956727028,0.0008394030155614018
7680,Learned,0.004982994054444134,0.006508014048449695,0.2793244640342891,0.003577020950615406,0.0013655329821631312,0.00539543095510453,0.001110755023546517,0.0002064850414171815,0.2739243160467595,0.0037356290267780423,0.0014048690209165215
7681,Learned,0.00391662900801748,0.0041582860285416245,0.2807110130088404,0.0031119539635255933,0.0007666010642424226,0.0034846729831770062,0.000671908026561141,0.0001402789494022727,0.276223560096696,0.003433753037825227,0.0008654079865664244
7682,Learned,0.004765457008033991,0.005621426971629262,0.27435024199075997,0.003492465941235423,0.0012248540297150612,0.0046892090467736125,0.00093016994651407,0.00017587700858712196,0.2692121349973604,0.003693050006404519,0.0012124419445171952
7684,Learned,0.004053369979374111,0.0043629169231280684,0.29002752690576017,0.003285303944721818,0.0007302470039576292,0.003684030962176621,0.0006758129457011819,0.00014488794840872288,0.2707923389971256,0.008700674050487578,0.010239509982056916
7685,Learned,0.004163892008364201,0.004292723024263978,0.28994693409185857,0.00324286799877882,0.0008810749277472496,0.0035721870372071862,0.0007188259623944759,0.00015409104526042938,0.28547744802199304,0.0034452329855412245,0.0008226090576499701
7687,Learned,0.004484639968723059,0.0051951269851997495,0.2726637319428846,0.0035092519829049706,0.0009355469373986125,0.004322492983192205,0.0008704439969733357,0.00016204104758799076,0.2675146049587056,0.003753251046873629,0.001173580065369606
7688,Learned,0.004130640998482704,0.0047582529950886965,0.2820208250777796,0.0032140130642801523,0.0008801359217613935,0.003990028984844685,0.0007630320033058524,0.0001551910536363721,0.2773352329386398,0.003586914041079581,0.0008791489526629448
7689,Learned,0.004611943033523858,0.0046187619445845485,0.28076226892881095,0.0036170929670333862,0.0009538510348647833,0.0038579399697482586,0.000751898973248899,0.00015936396084725857,0.2761101999785751,0.0034827430499717593,0.0009609169792383909
7690,Learned,0.0047084440011531115,0.005226109060458839,0.2834718400845304,0.003599254065193236,0.0010565200354903936,0.0044055149191990495,0.000817001098766923,0.00016625109128654003,0.27842839097138494,0.0036927179899066687,0.0011289289686828852
7691,Learned,0.004282860900275409,0.004815060994587839,0.28181930002756417,0.003334954963065684,0.0009114129934459925,0.00402184808626771,0.0007913799490779638,0.00016154604963958263,0.27666004095226526,0.003927125944755971,0.0010161090176552534
7692,Learned,0.004781580995768309,0.005608416046015918,0.2752585359849036,0.00354118796531111,0.0011928649619221687,0.004660052014514804,0.0009464089525863528,0.00017211399972438812,0.2703047270188108,0.0036144809564575553,0.001118117943406105
7693,Learned,0.004519136971794069,0.004749645944684744,0.2775453190552071,0.0034855420235544443,0.000993513036519289,0.003952785045839846,0.0007951429579406977,0.00015811703633517027,0.2722833630396053,0.003779951948672533,0.0012612430145964026
7694,Frangi,0.004513029009103775,0.0024933769600465894,0.16061865899246186,0.003456862992607057,0.0010132720926776528,0.0020874630426988006,0.000404070015065372,0.00011146406177431345,0.1602115319110453,,
7695,Learned,0.004302606917917728,0.005133738042786717,0.2836252310080454,0.003276526927947998,0.0009872179944068193,0.004269446013495326,0.0008624669862911105,0.00016009307000786066,0.27860451594460756,0.0037525190273299813,0.0010605750139802694
7696,Learned,0.00468769297003746,0.005177138024009764,0.2844899520277977,0.00357520196121186,0.0010706930188462138,0.004331402014940977,0.0008439610246568918,0.0001697830157354474,0.2796264060307294,0.0035723730688914657,0.0010727139888331294
7697,Learned,0.004422703990712762,0.005148481926880777,0.2876457250677049,0.0033794479677453637,0.0010034870356321335,0.00424283102620393,0.0009039540309458971,0.00016736600082367659,0.2816649411106482,0.004484615987166762,0.001228039967827499
7698,Learned,0.005163643974810839,0.005618575029075146,0.27666851493995637,0.0037384399911388755,0.001375537016429007,0.0046496710274368525,0.0009657220216467977,0.000171351945027709,0.2711271670414135,0.003952324972487986,0.0013550760922953486
7699,Learned,0.0046897249994799495,0.00558024097699672,0.27849266200792044,0.0035587940365076065,0.0010886340169236064,0.004676562966778874,0.0009016860276460648,0.00017544603906571865,0.27340746100526303,0.003730297088623047,0.001130071934312582
7700,Learned,0.004956422024406493,0.006318598985671997,0.27942455001175404,0.003667864017188549,0.0012459729332476854,0.005258977995254099,0.00105758395511657,0.00018451502546668053,0.2740896049654111,0.0037941669579595327,0.0012989890528842807
7701,Frangi,0.004391008988022804,0.001869172090664506,,0.003487994079478085,0.0008658589795231819,0.0015848379116505384,0.0002825200790539384,,,,
7702,Learned,0.004212158033624291,0.005208741989918053,0.2816552290460095,0.003235763986594975,0.000941416947171092,0.004369940026663244,0.0008368979906663299,0.0001687849871814251,0.2770446470240131,0.0034089499386027455,0.0009859480196610093
7703,Learned,0.004133790964260697,0.004127838066779077,0.27782491501420736,0.003273086971603334,0.0008220210438594222,0.003455806989222765,0.0006703819381073117,0.0001409259857609868,0.2733121720375493,0.0034699449315667152,0.0008549949852749705
7704,Learned,0.005101401009596884,0.006045654998160899,0.2826993480557576,0.00371105398517102,0.001345415017567575,0.005046739941462874,0.0009971930412575603,0.00017383706290274858,0.2774068689905107,0.0037877530558034778,0.0012803099816665053
7705,Learned,0.004384453990496695,0.005153754958882928,0.26888283307198435,0.0033108300995081663,0.0010344149777665734,0.004316268023103476,0.0008356190519407392,0.00016719510313123465,0.26406548894010484,0.003539477940648794,0.0010600850218906999
7706,Learned,0.004575723083689809,0.005439826985821128,0.27299853099975735,0.0033589029917493463,0.0011696540750563145,0.004550007986836135,0.0008879899978637695,0.00017513602506369352,0.26774038397707045,0.0036861340049654245,0.0013401010073721409
7707,Learned,0.00390732497908175,0.004000723944045603,0.2807126509724185,0.0031215870985761285,0.000749769969843328,0.0033591839019209146,0.0006397269899025559,0.00013679801486432552,0.27599022595677525,0.003536576987244189,0.0009952919790521264
7708,Learned,0.004119141027331352,0.004625079920515418,0.2802003329852596,0.003227634006179869,0.0008562030270695686,0.0038975749630481005,0.0007255449891090393,0.0001549689332023263,0.2757344839628786,0.003406813950277865,0.0008585770847275853
7709,Learned,0.004071151022799313,0.004211189923807979,0.27586105302907526,0.0032710200175642967,0.0007631239714100957,0.003551849047653377,0.0006575969746336341,0.0001467750407755375,0.27162388095166534,0.0032965190475806594,0.0007481669308617711
7710,Learned,0.0042540100403130054,0.004261509981006384,0.2784951579524204,0.003268865984864533,0.0009426770266145468,0.0035539689706638455,0.0007057170150801539,0.00015850202180445194,0.27364167489577085,0.0036040099803358316,0.0010341200977563858
7711,Learned,0.004578010994009674,0.005472369026392698,0.27099956094752997,0.0033735809847712517,0.0011612540110945702,0.00455717695876956,0.00091339903883636,0.00017048802692443132,0.2660235749790445,0.003561593941412866,0.0011910400353372097
7712,Learned,0.004760826006531715,0.0044035708997398615,0.29027620900887996,0.0038138069212436676,0.00090662797447294,0.0036754360189661384,0.0007265480235219002,0.0001621419796720147,0.2856471090344712,0.0035251020453870296,0.0008930240292102098
7713,Learned,0.004448255989700556,0.004918109974823892,0.29040724504739046,0.003448890056461096,0.0009599439799785614,0.004082696046680212,0.0008337369654327631,0.00017344707157462835,0.28559957491233945,0.003619460971094668,0.0009589761029928923
7714,Learned,0.004190667998045683,0.004878786974586546,0.28219141194131225,0.003217656980268657,0.0009366699960082769,0.004088114947080612,0.0007888940162956715,0.0001658139517530799,0.2773159380303696,0.003614442073740065,0.001044721924699843
7715,Learned,0.004929117974825203,0.00599454203620553,0.2830528870690614,0.0036124029429629445,0.0012735900236293674,0.005007192958146334,0.0009852730436250567,0.00018105306662619114,0.2775973930256441,0.0038883870001882315,0.001332887914031744
7716,Learned,0.004255520994774997,0.004357294994406402,0.2686965320026502,0.003333962056785822,0.0008815670153126121,0.0036138809518888593,0.0007412760751321912,0.00015036005061119795,0.2641451229574159,0.0034090739209204912,0.0009389379993081093
7717,Learned,0.0045353650348261,0.0050506709376350045,0.28147568297572434,0.0035176369128748775,0.0009814309887588024,0.004219607915729284,0.000829059979878366,0.00017317791935056448,0.27669540198985487,0.0035899379290640354,0.0009715351043269038
7718,Learned,0.004205715958960354,0.004858862026594579,0.2901339390082285,0.0032183050643652678,0.0009486459894105792,0.004054018063470721,0.0008030879544094205,0.00016274803783744574,0.28546304698102176,0.003470618976280093,0.000987868057563901
7719,Learned,0.0042134549003094435,0.004771821084432304,0.28188157198019326,0.0032776580192148685,0.0008975589880719781,0.003998929052613676,0.0007687839679419994,0.0001629769103601575,0.27665649505797774,0.0036899239057675004,0.001311867032200098
7720,Learned,0.004104819963686168,0.003958584973588586,0.28052198607474566,0.0033387949224561453,0.000728858052752912,0.003305025980807841,0.0006517920410260558,0.0001472150906920433,0.2759207208873704,0.0035644429735839367,0.0008408460998907685
7721,Learned,0.00406748300883919,0.004711074056103826,0.2816121290670708,0.0031327540054917336,0.0008972369832918048,0.003955918014980853,0.0007531079463660717,0.0001517290947958827,0.27709919796325266,0.0034309460315853357,0.0008833690080791712
7722,Learned,0.004186200094409287,0.004320840002037585,0.280512435012497,0.003322768025100231,0.0008197309216484427,0.0035932750906795263,0.0007255739765241742,0.00015005702152848244,0.2758981679799035,0.0035709160147234797,0.000838769949041307
7723,Learned,0.0038826880045235157,0.002971266978420317,0.27619342308025807,0.003259637043811381,0.0005883550038561225,0.0025050229160115123,0.00046445406042039394,0.00012678804341703653,0.2716657349374145,0.003606584039516747,0.0007413739804178476
7724,Learned,0.004174544010311365,0.003712126985192299,0.2725179579574615,0.0033109680516645312,0.0008186060003936291,0.0031026939395815134,0.0006076040444895625,0.00013737997505813837,0.26670406700577587,0.003984534996561706,0.0016258849063888192
7725,Learned,0.004455241025425494,0.004995399038307369,0.27259301708545536,0.0034645379055291414,0.0009531030664220452,0.004183331038802862,0.0008103250293061137,0.00015800900291651487,0.26764348708093166,0.003631917992606759,0.001104998984374106
7726,Learned,0.004289894946850836,0.004183580982498825,0.2808979710098356,0.0033764319960027933,0.0008741660276427865,0.003481289022602141,0.0007005790248513222,0.00015224004164338112,0.27609621395822614,0.0036478349938988686,0.0009442250011488795
7727,Learned,0.0044578720116987824,0.005062984069809318,0.2804827409563586,0.003462868044152856,0.0009541329927742481,0.004227885976433754,0.0008333809673786163,0.0001632280182093382,0.27536560397129506,0.0038151689805090427,0.0010851380648091435
7728,Learned,0.005630008992739022,0.006057496997527778,0.28353409795090556,0.0040293390629813075,0.0015470129437744617,0.005057077039964497,0.0009985379874706268,0.00018772995099425316,0.2778375919442624,0.0040020570158958435,0.0014472630573436618
7729,Learned,0.011034924071282148,0.00814133498352021,0.32967601297423244,0.006837099092081189,0.004126464016735554,0.00731957599055022,0.0008196469862014055,0.00018301198724657297,0.3246981599368155,0.003619290073402226,0.0011183129390701652
7730,Learned,0.004516619024798274,0.004331691074185073,0.2807319730054587,0.0035905709955841303,0.0008864710107445717,0.00361986190546304,0.0007100770017132163,0.00015242001973092556,0.27601662604138255,0.0036209479440003633,0.0008918930543586612
7731,Learned,0.004619443090632558,0.005265575950033963,0.28211580391507596,0.0034385640174150467,0.0011370410211384296,0.004415925941430032,0.0008475090144202113,0.00016078900080174208,0.27697347989305854,0.003788490081205964,0.0011377499904483557
7732,Learned,0.004823916009627283,0.005775418947450817,0.2832858969923109,0.0035708789946511388,0.0012026750482618809,0.004813781939446926,0.0009597070747986436,0.00017486303113400936,0.2777716479031369,0.003896791022270918,0.0013723019510507584
7733,Learned,0.004381940001621842,0.004493042011745274,0.29974376899190247,0.003434130921959877,0.000909293070435524,0.003745006979443133,0.000746379024349153,0.00015269697178155184,0.2761598660144955,0.009965174016542733,0.013296984019689262
7734,Learned,0.004861596040427685,0.0056420189794152975,0.2812870409106836,0.0035963690606877208,0.001220062025822699,0.004692250047810376,0.0009478259598836303,0.00017573090735822916,0.27604768809396774,0.003852810012176633,0.0011584539897739887
7735,Learned,0.0047382289776578546,0.005503212916664779,0.28147694701328874,0.003514721058309078,0.0011772699654102325,0.004594192025251687,0.0009069079533219337,0.00016305397730320692,0.27627659402787685,0.003782800049521029,0.0011963419383391738
7736,Learned,0.004148317966610193,0.004163907957263291,0.2799882380058989,0.003349485923536122,0.0007627420127391815,0.0035045319236814976,0.0006575500592589378,0.00015188194811344147,0.27560350904241204,0.003413100028410554,0.0007739219581708312
7737,Learned,0.004171111038886011,0.004345393972471356,0.28093429503496736,0.0032496489584445953,0.0008841829840093851,0.0036024890141561627,0.0007410770049318671,0.00015814404468983412,0.2752035149605945,0.004009203054010868,0.0015016950201243162
7738,Learned,0.004489662009291351,0.0052342250710353255,0.2759905200218782,0.003392626065760851,0.0010578399524092674,0.004356763092800975,0.000875654979608953,0.0001689320197328925,0.27110674092546105,0.0036049840273335576,0.0010588839650154114
7739,Learned,0.005284736980684102,0.006543043069541454,0.285293408902362,0.0036187320947647095,0.0016176779754459858,0.0054178310092538595,0.0011234739795327187,0.0001920158974826336,0.2797398850088939,0.003819033969193697,0.001483661006204784
7740,Learned,0.00448917003814131,0.00477753602899611,0.2683063519652933,0.003491914947517216,0.0009595160372555256,0.003997804946266115,0.0007780920714139938,0.0001668750774115324,0.2633856328902766,0.0037235799245536327,0.0009802700951695442
7741,Learned,0.004223989904858172,0.003954567015171051,0.2889238849747926,0.0033485129242762923,0.0008369380375370383,0.003287383005954325,0.0006654330063611269,0.000154646928422153,0.2646365549881011,0.009851536946371198,0.014111057040281594
7743,Learned,0.004084905027411878,0.003451891941949725,0.2768398110056296,0.0033826970029622316,0.0006631489377468824,0.002853467012755573,0.0005966840544715524,0.0001395700965076685,0.2702718119835481,0.004395463038235903,0.0019649709574878216
7744,Learned,0.004680405952967703,0.005493471981026232,0.28078102599829435,0.0034199130022898316,0.0012140909675508738,0.004566116025671363,0.0009255759650841355,0.0001773120602592826,0.27573530189692974,0.0036616920260712504,0.001152561977505684
7745,Learned,0.0042835710337385535,0.004971496993675828,0.27189328393433243,0.003345093922689557,0.0009024220053106546,0.004185582976788282,0.0007841759361326694,0.00015302002429962158,0.26706131792161614,0.0036303959786891937,0.0009981789626181126
7746,Learned,0.0038808330427855253,0.003994524013251066,0.28246040805242956,0.0030891989590600133,0.0007550590671598911,0.0033424219582229853,0.0006502700271084905,0.000148309045471251,0.27819078194443136,0.0033532510278746486,0.0007208969909697771
7747,Learned,0.005385509924963117,0.006621003965847194,0.28244328999426216,0.003787243040278554,0.0015538239385932684,0.005494925077073276,0.0011237480212002993,0.0001948309363797307,0.2766222890932113,0.004063324071466923,0.0015075939008966088
7748,Learned,0.003957392065785825,0.0037395840045064688,0.2992592490045354,0.0032193490769714117,0.0006963079795241356,0.0031527860555797815,0.0005849289009347558,0.0001398579915985465,0.2797209059353918,0.008842465002089739,0.01040479401126504
7749,Learned,0.004765713005326688,0.0055837740655988455,0.28118742699734867,0.003494850010611117,0.001223761006258428,0.004621690954081714,0.0009602820500731468,0.0001769360387697816,0.27618072205223143,0.0035894799511879683,0.0011823540553450584
7750,Learned,0.004307055962271988,0.004905369016341865,0.2739017129642889,0.003313904977403581,0.0009505689376965165,0.00408832891844213,0.0008153500966727734,0.0001686449395492673,0.26917608396615833,0.003584024030715227,0.0009226850233972073
7752,Learned,0.004166144062764943,0.004274641978554428,0.2712151180021465,0.0032250690273940563,0.0008996539982035756,0.0035795089788734913,0.0006934769917279482,0.00015473098028451204,0.2665613789577037,0.003498375997878611,0.0009463990572839975
7753,Learned,0.004145596059970558,0.004592592013068497,0.2807421520119533,0.0032154429936781526,0.0008914760546758771,0.0038547239964827895,0.000736100017093122,0.000155022949911654,0.2760725530097261,0.0034894259879365563,0.0009735530475154519
7754,Learned,0.0040616970509290695,0.004524847026914358,0.27763306989800185,0.003241808037273586,0.0007860929472371936,0.003807591972872615,0.0007155389757826924,0.00015965290367603302,0.27277683198917657,0.003765367087908089,0.0008687669178470969
7755,Learned,0.003977373940870166,0.004047083086334169,0.27808069402817637,0.003200727980583906,0.0007366660283878446,0.0034133680164813995,0.0006315710488706827,0.0001467979745939374,0.27347452798858285,0.00345947896130383,0.000949747976846993
7756,Learned,0.004560372093692422,0.005022676894441247,0.2722012189915404,0.003341547097079456,0.0011694659478962421,0.004168116021901369,0.000852906028740108,0.00016694003716111183,0.2671496719121933,0.003670661011710763,0.0011572879739105701
7757,Learned,0.0049050020752474666,0.005821879021823406,0.27928935701493174,0.003691629972308874,0.0011727450182661414,0.004868549993261695,0.0009514940902590752,0.00017289200332015753,0.27404932596255094,0.003798075020313263,0.0012174799339845777
7758,Learned,0.004319090978242457,0.004365448956377804,0.28015081607736647,0.0034375929972156882,0.0008445830317214131,0.0036569569492712617,0.0007056030444800854,0.00016001507174223661,0.275646882946603,0.003519971971400082,0.0007779800798743963
7759,Learned,0.004496608977206051,0.005030182073824108,0.2896812850376591,0.003473073011264205,0.0009848360205069184,0.004173529916442931,0.0008546460885554552,0.00015958398580551147,0.28465541801415384,0.0037814329843968153,0.0010349450167268515
7760,Learned,0.0038050069706514478,0.003836957039311528,0.27697218593675643,0.0030553429387509823,0.000712412060238421,0.003222651081159711,0.0006124629871919751,0.00014075904618948698,0.27253290289081633,0.0034741340205073357,0.0007794100092723966
7761,Learned,0.004246319062076509,0.00451478804461658,0.2808229420334101,0.003297865972854197,0.0009059469448402524,0.0037699800450354815,0.0007430729456245899,0.0001580480020493269,0.2761330340290442,0.003525039996020496,0.0009479580912739038
7762,Learned,0.0040537649765610695,0.003882364952005446,0.2759415280306712,0.0033067569602280855,0.0007106690900400281,0.0032502521062269807,0.0006302219117060304,0.00014826201368123293,0.27157867699861526,0.003365434007719159,0.0008014540653675795
7763,Learned,0.005135710001923144,0.005917533999308944,0.28241818107198924,0.0037401680601760745,0.0013485710369423032,0.004938897909596562,0.0009765600552782416,0.00017885805573314428,0.27686243795324117,0.003916502930223942,0.001402765978127718
7764,Learned,0.005098843947052956,0.005796415964141488,0.2822235201019794,0.0038095199270173907,0.0012427120236679912,0.00482680497225374,0.0009679490467533469,0.00018088100478053093,0.27689100010320544,0.003947451012209058,0.0011549019254744053
7765,Learned,0.004084272077307105,0.004648966947570443,0.27637889492325485,0.003225874970667064,0.0008180650183930993,0.0039001889526844025,0.0007469570264220238,0.00015700398944318295,0.27191336394753307,0.0033731349976733327,0.0008861760143190622
7766,Learned,0.004945248016156256,0.005451893084682524,0.2833654179703444,0.0036845849826931953,0.001215453026816249,0.00454353098757565,0.0009062079479917884,0.00017556000966578722,0.2778727679979056,0.004080245969817042,0.0011795799946412444
7767,Learned,0.0036605719942599535,0.003597180941142142,0.27647925505880266,0.003034889930859208,0.0005910450126975775,0.0030330020235851407,0.0005625609774142504,0.00016019598115235567,0.2711502789752558,0.003880416974425316,0.0012232610024511814
7768,Learned,0.004917792044579983,0.005376492044888437,0.2866376070305705,0.003631906001828611,0.0012389860348775983,0.0044504189863801,0.0009241449879482388,0.00017567304894328117,0.2811208009952679,0.004008800024166703,0.0012575279688462615
7769,Learned,0.004869419964961708,0.0054055420914664865,0.28268534201197326,0.0036976999836042523,0.001126340008340776,0.004520887043327093,0.0008823960088193417,0.00017141003627330065,0.27748191298451275,0.003900979063473642,0.0010787349892780185
7770,Learned,0.004388964036479592,0.004655216936953366,0.2635342020075768,0.0034602099331095815,0.0008898850064724684,0.003893474000506103,0.0007598979864269495,0.0001576339127495885,0.25892477110028267,0.003525142092257738,0.0008794149616733193
7771,Learned,0.00430634303484112,0.00425972999073565,0.2729737770278007,0.003431789926253259,0.0008343530353158712,0.003575426060706377,0.0006819979753345251,0.0001433930592611432,0.2676362489582971,0.0039079629350453615,0.001227900036610663
7772,Learned,0.004367199027910829,0.0040935330325737596,0.28058470494579524,0.0035067240241914988,0.0008218459552153945,0.003431761055253446,0.0006597699830308557,0.00014545198064297438,0.2760213799774647,0.0034939630422741175,0.000873188953846693
7773,Learned,0.004431801033206284,0.005142203997820616,0.28172278904821724,0.003391477046534419,0.001002211938612163,0.004311686032451689,0.0008287570672109723,0.00016850896645337343,0.27681388100609183,0.003701005014590919,0.0009891479276120663
7774,Learned,0.005546102998778224,0.005521142040379345,0.27829628298059106,0.00440058100502938,0.001104156021028757,0.004633606062270701,0.0008858420187607408,0.00017338700126856565,0.2731403039069846,0.0037146450486034155,0.0012166169472038746
7775,Learned,0.004297827952541411,0.0043707810109481215,0.28119427897036076,0.003384408075362444,0.0008723469218239188,0.003658771049231291,0.0007103380048647523,0.00015429302584379911,0.2766534809488803,0.0034867459908127785,0.0008509980980306864
7776,Learned,0.00504368101246655,0.005558948032557964,0.2782918439479545,0.003641429007984698,0.0013526949333027005,0.0045926610473543406,0.0009644730016589165,0.00017931999173015356,0.2727658370276913,0.003910943982191384,0.0013775089755654335
7777,Learned,0.004701038007624447,0.005176392965950072,0.2779533640714362,0.0035911300219595432,0.0010712159564718604,0.0043413309613242745,0.0008333299774676561,0.00017260503955185413,0.2727168259443715,0.0038467019330710173,0.0011665030615404248
7778,Learned,0.004212007042951882,0.0050172589253634214,0.2795271190116182,0.0032382840290665627,0.0009359699906781316,0.004205893026664853,0.0008092590142041445,0.0001603499986231327,0.2749285229947418,0.0034042070619761944,0.0009844229789450765
7779,Learned,0.004456365015357733,0.004671553964726627,0.27728789602406323,0.003426642040722072,0.000987902982160449,0.003885044017806649,0.0007846320513635874,0.00014798203483223915,0.27221563400235027,0.0038052420131862164,0.00106387201230973
7780,Learned,0.004180388990789652,0.005179858999326825,0.2800425241002813,0.0031657180516049266,0.0009772470220923424,0.00433840905316174,0.0008396449266001582,0.00016058410983532667,0.27523982094135135,0.0035290939267724752,0.0010628600139170885
7781,Learned,0.004723753081634641,0.005406599957495928,0.28215035097673535,0.0035942370304837823,0.0010860199108719826,0.004499994916841388,0.0009046330815181136,0.00016637903172522783,0.27674694592133164,0.003952044993638992,0.0012259669601917267
7782,Learned,0.0045882019912824035,0.004662233986891806,0.2718091730494052,0.0034911439288407564,0.0010531800799071789,0.003868370084092021,0.0007888959953561425,0.0001616660738363862,0.26668630994390696,0.003842268022708595,0.0010649699252098799
7783,Learned,0.004648584057576954,0.005003692931495607,0.2805623849853873,0.003460097941569984,0.0011425850680097938,0.004164388054050505,0.000837423955090344,0.0001683960435912013,0.2756334359291941,0.0036643940256908536,0.001045071054250002
7784,Learned,0.004464644938707352,0.005791464005596936,0.28112599602900445,0.003352919011376798,0.0010713969822973013,0.004857142106629908,0.0009325399296358228,0.00017769401893019676,0.27631707407999784,0.0034828530624508858,0.0010992769384756684
7785,Learned,0.0051252220291644335,0.005689218989573419,0.2968347149435431,0.0037426810013130307,0.0013320930302143097,0.004717230913229287,0.0009702190291136503,0.00018201593775302172,0.2907949420623481,0.004363982006907463,0.0014214509865269065
7786,Learned,0.004520772956311703,0.0045077509712427855,0.27154495602007955,0.0035638429690152407,0.0009158330503851175,0.003785794018767774,0.0007201249245554209,0.00015770900063216686,0.26672464795410633,0.0035244389437139034,0.0010874239960685372
7787,Learned,0.004493691027164459,0.005316662020049989,0.2776411270024255,0.0033991269301623106,0.001056258101016283,0.004443753976374865,0.0008706270018592477,0.00017829902935773134,0.2728696810081601,0.0034962419886142015,0.0010423209751024842
7788,Learned,0.004115600953809917,0.00393715500831604,0.27411077404394746,0.0032410569256171584,0.0008337859762832522,0.0032715729903429747,0.0006638430058956146,0.0026391210267320275,0.2663030599942431,0.003892943961545825,0.0012155369622632861
7789,Learned,0.004075993085280061,0.0042296480387449265,0.2797330269822851,0.0032018240308389068,0.0008364400127902627,0.003506715060211718,0.0007209100294858217,0.00015732599422335625,0.2749872989952564,0.003639186965301633,0.000898494035936892
7790,Learned,0.004273385973647237,0.0048947399482131,0.2808135310187936,0.003269813023507595,0.0009645940735936165,0.004098479053936899,0.0007944370154291391,0.0001580099342390895,0.2761088520055637,0.0035255199763923883,0.0009726790012791753
7791,Learned,0.004901824053376913,0.00535903696436435,0.2724099060287699,0.003644344978965819,0.0012144710635766387,0.004468661034479737,0.0008873339975252748,0.00017062306869775057,0.26703872298821807,0.003878045012243092,0.001268662977963686
7792,Learned,0.004273390979506075,0.004831604892387986,0.27110219199676067,0.003229214926250279,0.0010058539919555187,0.004070947994478047,0.0007588090375065804,0.0001598719973117113,0.26599967398215085,0.003755205078050494,0.0011319569312036037
7793,Learned,0.003935488988645375,0.003922329051420093,0.2785414509708062,0.003153717960231006,0.0007442060159519315,0.0032949509331956506,0.0006255529588088393,0.0001456820173189044,0.2743027820251882,0.0033362871035933495,0.0007119359215721488
7794,Learned,0.004274974926374853,0.004369092057459056,0.2766250929562375,0.003424986032769084,0.0008112989598885179,0.003687480930238962,0.0006791630294173956,0.00016156805213540792,0.27212969900574535,0.0034293310018256307,0.0008441859390586615
7795,Learned,0.0037923160707578063,0.0033790760207921267,0.2755979229696095,0.003176516038365662,0.0005805389955639839,0.002830720040947199,0.0005441328976303339,0.0001289809588342905,0.26582483702804893,0.005530758062377572,0.004006812931038439
7796,Learned,0.004507421050220728,0.005160945001989603,0.2801387560321018,0.003454323043115437,0.0010137830395251513,0.004316453007049859,0.000842813984490931,0.00017030304297804832,0.27477205102331936,0.003994012018665671,0.0011196299456059933
7797,Learned,0.004208797938190401,0.004567995085380971,0.27533600898459554,0.0033163049956783652,0.0008553880034014583,0.0038422339130192995,0.0007214730139821768,0.00015595601871609688,0.27073892892803997,0.003503629006445408,0.0008893619524315
7798,Learned,0.004267968004569411,0.004518766072578728,0.2721478729508817,0.003316272050142288,0.0009119180031120777,0.003804194973781705,0.0007128759752959013,0.00014834199100732803,0.2675932029960677,0.0034220180241391063,0.0009354699868708849
7799,Learned,0.004766680998727679,0.005140773952007294,0.27241231000516564,0.0034295229706913233,0.0012892340309917927,0.004256839980371296,0.0008821680676192045,0.00018254504539072514,0.267359875026159,0.0036762310191988945,0.001138406922109425
7800,Learned,0.004546166048385203,0.004992381087504327,0.28193159005604684,0.003466371912509203,0.001037079025991261,0.004181699943728745,0.0008089120965451002,0.00016597402282059193,0.2769645960070193,0.00369424803648144,0.0010571300517767668
7801,Learned,0.004807623918168247,0.0060402239905670285,0.2725090279709548,0.003532768925651908,0.001233134069480002,0.005084557109512389,0.00095363799482584,0.00018249102868139744,0.26710970094427466,0.0038486369885504246,0.0013145569246262312
7802,Learned,0.004545405972748995,0.005219666985794902,0.2813528859987855,0.003334763925522566,0.001162109081633389,0.004343003034591675,0.0008748560212552547,0.00015834602527320385,0.27640786895062774,0.003571460023522377,0.0011600060388445854
7803,Learned,0.004410141962580383,0.004614843986928463,0.2800348580349237,0.0034114039735868573,0.0009606149978935719,0.00385054899379611,0.0007626250153407454,0.00017901603132486343,0.2753819370409474,0.003503229934722185,0.0009183870861306787
7804,Learned,0.00420557102188468,0.005025853053666651,0.28229177300818264,0.003233597963117063,0.0009350209729745984,0.004212955012917519,0.000810671946965158,0.0001641690032556653,0.27741681202314794,0.0036084699677303433,0.0010539870709180832
7805,Learned,0.005694529972970486,0.005870145978406072,0.28342156298458576,0.004212731029838324,0.0014339499175548553,0.0048660170286893845,0.001002141973003745,0.00017917400691658258,0.27748333604540676,0.004254671046510339,0.0014430719893425703
7806,Learned,0.004155358066782355,0.00481326796580106,0.2683455980150029,0.0032012760639190674,0.0009167250245809555,0.0040417349664494395,0.0007697220426052809,0.0001630469923838973,0.2634099959395826,0.0036243030335754156,0.0010948729468509555
7807,Learned,0.004968887893483043,0.0054860280361026525,0.28152063803281635,0.003683388000354171,0.0012431209906935692,0.0045406779972836375,0.0009436520049348474,0.000183350988663733,0.276101230061613,0.003860168973915279,0.0013203920098021626
7808,Learned,0.004088821937330067,0.004534185049124062,0.2749922280199826,0.00318252295255661,0.0008692550472915173,0.0037855709670111537,0.0007467340910807252,0.0001630790065973997,0.27042100904509425,0.0034803340677171946,0.0008816330228000879
7809,Learned,0.005410993006080389,0.0061379011021927,0.2707054940983653,0.0037723620189353824,0.0015844979789108038,0.005096965003758669,0.0010389449307695031,0.00017571006901562214,0.26528823794797063,0.00375744397751987,0.001426320057362318
7810,Learned,0.0045025310246273875,0.005119031062349677,0.2788815359817818,0.003421128960326314,0.0010363130131736398,0.004281484056264162,0.0008354929741472006,0.00016749801579862833,0.2736048100050539,0.0037743989378213882,0.0012725739507004619
7811,Learned,0.004627357004210353,0.005112748011015356,0.27258832193911076,0.0035253630485385656,0.0010558549547567964,0.004246541997417808,0.0008645480265840888,0.00016203802078962326,0.2673187619075179,0.00383246096316725,0.0012167210225015879
7812,Learned,0.004194056964479387,0.004194737994112074,0.27683213201817125,0.0032634850358590484,0.0008902410045266151,0.0035151300253346562,0.0006778259994462132,0.00014599598944187164,0.2720715639879927,0.003637111047282815,0.0009260319638997316
7813,Learned,0.0045418760273605585,0.004756668000482023,0.28101506596431136,0.0035579369869083166,0.0009456850821152329,0.003962007933296263,0.0007925330428406596,0.00016062497161328793,0.27580526005476713,0.003922884003259242,0.001074071042239666
7814,Learned,0.0039053900400176644,0.003646358964033425,0.27249355299863964,0.0032368110259994864,0.0006334290374070406,0.0030722300289198756,0.0005723899230360985,0.00013118400238454342,0.26834410801529884,0.003273432026617229,0.0006990060210227966
7815,Learned,0.004563441965728998,0.00506890204269439,0.2905105330282822,0.0033584870398044586,0.0011583759915083647,0.004203552030958235,0.0008636499987915158,0.00016575201880186796,0.2855855809757486,0.003655751934275031,0.0010496859904378653
7816,Learned,0.0041113769402727485,0.004637924954295158,0.2751245549879968,0.003178778919391334,0.0008941610576584935,0.0038916069315746427,0.0007444260409101844,0.00015759107191115618,0.2704912049230188,0.003458564984612167,0.0009677569614723325
7817,Learned,0.0043132309801876545,0.004769955994561315,0.2803951359819621,0.003429012023843825,0.0008447669679298997,0.0039878139505162835,0.0007802241016179323,0.00015731900930404663,0.2757048479979858,0.0035718049621209502,0.0009140389738604426
7818,Learned,0.0044125980930402875,0.004416131996549666,0.26857029099483043,0.00343336199875921,0.000937946024350822,0.0036915469681844115,0.0007229259936138988,0.00016610999591648579,0.26361117302440107,0.003781626932322979,0.0009609350236132741
7819,Learned,0.004048633039928973,0.0043332179775461555,0.280600729980506,0.0031539350748062134,0.0008574319072067738,0.0036115070106461644,0.0007198679959401488,0.00014657503925263882,0.27632280392572284,0.0032383340876549482,0.0008445889689028263
7820,Learned,0.004636537050828338,0.0051634719129651785,0.28158052102662623,0.003554303082637489,0.0010413610143586993,0.004303837078623474,0.0008576359832659364,0.00016778905410319567,0.27656442497391254,0.003741731052286923,0.0010568909347057343
7821,Learned,0.0040598849300295115,0.003945944015868008,0.28107159899082035,0.0032545760041102767,0.0007672020001336932,0.0032901900121942163,0.0006512879626825452,0.0001444709487259388,0.2742654470494017,0.004474863992072642,0.0021172380074858665
7822,Learned,0.004021913977339864,0.004768637008965015,0.28230366797652096,0.003148913965560496,0.000838669016957283,0.004001603927463293,0.0007652339991182089,0.00015458394773304462,0.27786962897516787,0.003387463977560401,0.0008442410035058856
7823,Learned,0.004445819999091327,0.005229696980677545,0.2787410160526633,0.003410961013287306,0.0009977150475606322,0.004369857022538781,0.000858212006278336,0.0001677870750427246,0.27363681700080633,0.003665345022454858,0.0012139169266447425
7824,Learned,0.0038028699345886707,0.0037826040061190724,0.2791254740441218,0.0031114459270611405,0.0006560090696439147,0.003172624041326344,0.0006081130122765899,0.00014213204849511385,0.27492625592276454,0.0032625440508127213,0.0007466699462383986
7825,Learned,0.0040041470201686025,0.004241085960529745,0.27137888700235635,0.003169259987771511,0.0007967550773173571,0.0035325540229678154,0.0007066240068525076,0.00014231004752218723,0.26668024295940995,0.003517902921885252,0.0009855030803009868
7826,Learned,0.00445936806499958,0.005195606965571642,0.2807971369475126,0.003370343940332532,0.001050079008564353,0.004318912047892809,0.0008747469400987029,0.00016187992878258228,0.27571002300828695,0.0036448920145630836,0.001217621029354632
7827,Learned,0.004175313049927354,0.004923965083435178,0.2796739630866796,0.0032052199821919203,0.0009277600329369307,0.0041205399902537465,0.0008014970226213336,0.00015665101818740368,0.2741028469754383,0.004142323974519968,0.0011844539549201727
7828,Learned,0.004480513045564294,0.005022478057071567,0.281604124000296,0.0034653720213100314,0.0009761189576238394,0.004212743951939046,0.0008053850615397096,0.00016835296992212534,0.2768341730115935,0.0035342699848115444,0.0010194440837949514
7829,Frangi,0.004697263007983565,0.0025236770743504167,0.16290534799918532,0.0035295289708301425,0.00112664804328233,0.0020983059657737613,0.00042359507642686367,0.0001209720503538847,0.15994065394625068,0.002723093028180301,8.442997932434082e-05
7830,Learned,0.004266282892785966,0.004790920997038484,0.28058742301072925,0.003254914074204862,0.000973033020272851,0.004024487920105457,0.00076476507820189,0.00015907292254269123,0.2759390641003847,0.0034343950683251023,0.0010068588890135288
7831,Learned,0.004770879982970655,0.00501039600931108,0.2823655860265717,0.0035558409290388227,0.0011661570752039552,0.004137155949138105,0.0008713600691407919,0.00016632501501590014,0.2769775529159233,0.0038522230461239815,0.0013086249819025397
7832,Learned,0.004772135987877846,0.005123022012412548,0.28103773505426943,0.003553668037056923,0.001169607974588871,0.004254812025465071,0.0008664700435474515,0.00016659998800605536,0.2759092510677874,0.003780024009756744,0.0011281910119578242
7834,Learned,0.004771601990796626,0.0056676180101931095,0.28192077903077006,0.003554122056812048,0.0011764559894800186,0.004736729082651436,0.0009290468879044056,0.00017332902643829584,0.2767432660330087,0.0036433159839361906,0.0013039290206506848
7835,Learned,0.004286086070351303,0.005336854024790227,0.2809988260269165,0.0031903309281915426,0.0010577039793133736,0.004454673966392875,0.0008804780663922429,0.00017000408843159676,0.2757377859670669,0.003743553999811411,0.0012899810681119561
7836,Learned,0.004811994032934308,0.006000485038384795,0.2826046230038628,0.0035921090748161077,0.0011790019925683737,0.004998297896236181,0.0009999580215662718,0.0001780209131538868,0.27756185503676534,0.003604670986533165,0.0012082559987902641
7837,Learned,0.004339853068813682,0.0045327600091695786,0.27756529499311,0.0034190319711342454,0.0008826289558783174,0.0037919669412076473,0.0007390819955617189,0.00016058306209743023,0.27263631694950163,0.0035896649351343513,0.0011184170143678784
7838,Learned,0.004555477993562818,0.0049429479986429214,0.279604118084535,0.0035473400494083762,0.0009694019099697471,0.004150826949626207,0.0007903419900685549,0.00015658605843782425,0.27455045899841934,0.0038241520524024963,0.0010234989458695054
7839,Learned,0.004222793970257044,0.0040746929589658976,0.27591864799614996,0.0033174260752275586,0.0008644349873065948,0.0033846329897642136,0.0006881819572299719,0.0001526259584352374,0.27122379606589675,0.003516574972309172,0.0009743110276758671
7840,Learned,0.003787945955991745,0.004160091048106551,0.27661854994948953,0.003010307904332876,0.00072998006362468,0.0034825761104002595,0.000675855902954936,0.00014513195492327213,0.27187259099446237,0.003604206023737788,0.0009490109514445066
7841,Learned,0.004500951967202127,0.0052406430477276444,0.2830673810094595,0.003502901061438024,0.0009592389687895775,0.004397095995955169,0.000841704080812633,0.00018222490325570107,0.2781622000038624,0.0035959379747509956,0.0010748719796538353
7842,Learned,0.005229598958976567,0.005610047024674714,0.2828644929686561,0.004010263015516102,0.001176272053271532,0.004680439946241677,0.0009279040386900306,0.0002003589179366827,0.2772962769959122,0.0038469310384243727,0.0014614359242841601
7843,Learned,0.004521809983998537,0.005169732961803675,0.27996894798707217,0.0035088619915768504,0.0009723170660436153,0.004351056995801628,0.000816427986137569,0.0001755270641297102,0.2749602940166369,0.003680726047605276,0.001100935973227024
7844,Learned,0.0045972890220582485,0.004621846019290388,0.2814043799880892,0.003518242039717734,0.0010367009090259671,0.0038828359683975577,0.0007369769737124443,0.0001612870255485177,0.27648478897754103,0.0036674990551546216,0.001040239934809506
7845,Learned,0.004660286940634251,0.005278571974486113,0.2851812429726124,0.0034405599581077695,0.0011707160156220198,0.0043972410494461656,0.000879207975231111,0.003649947000667453,0.27653897495474666,0.003714434918947518,0.0012257510097697377
7846,Learned,0.004327563918195665,0.005048153921961784,0.27799569501075894,0.00328130298294127,0.0010070039425045252,0.004227356053888798,0.0008186389459297061,0.00015933695249259472,0.272098652087152,0.003969936980865896,0.0017049190355464816
7847,Learned,0.004018259001895785,0.004628496011719108,0.2772644980577752,0.003106622025370598,0.0008753560250625014,0.0038831999991089106,0.0007434679428115487,0.00015392398927360773,0.2723774580517784,0.003666469012387097,0.0010176720097661018
7848,Frangi,0.005105614080093801,0.0015231129946187139,,0.0037027569487690926,0.0013559600338339806,0.001285332953557372,0.00023572798818349838,,,,
7849,Learned,0.0037767189787700772,0.003469606046564877,0.2807381949387491,0.003085413947701454,0.000654158997349441,0.002914317068643868,0.0005535759264603257,0.00014429597649723291,0.27610890404321253,0.0035772069822996855,0.0008495079819113016
7850,Learned,0.004253725055605173,0.0038966069696471095,0.28210735507309437,0.00342199788428843,0.0007948341080918908,0.0032657020492479205,0.0006291590398177505,0.00014996505342423916,0.27752551494631916,0.0034961389610543847,0.000885570072568953
7851,Learned,0.004163396894000471,0.0053290200885385275,0.2808768009999767,0.003124220995232463,0.001003117999061942,0.00446337996982038,0.0008639129810035229,0.0001552589237689972,0.2760684189852327,0.003553154063411057,0.0010537079069763422
7853,Learned,0.004057597951032221,0.004397882032208145,0.27630877296905965,0.0031446750508621335,0.000876215985044837,0.0036391749745234847,0.0007569240406155586,0.00015625101514160633,0.2716838469495997,0.0035196749959141016,0.0009022719459608197
7854,Frangi,0.004181466996669769,0.0019643550040200353,0.15881929697934538,0.0032902329694479704,0.0008492280030623078,0.0016389450756832957,0.0003237989731132984,0.00011469598393887281,0.15842012502253056,,
7855,Learned,0.004858118016272783,0.005577213014476001,0.281243211007677,0.003495802986435592,0.0013146109413355589,0.0046264390693977475,0.0009482789319008589,0.00018064305186271667,0.27605742192827165,0.003750090952962637,0.0012069270014762878
7856,Learned,0.005270550027489662,0.006241310969926417,0.2706200348911807,0.003903046017512679,0.0013222770066931844,0.005149465054273605,0.0010901789646595716,0.00018568593077361584,0.26501044805627316,0.003914895001798868,0.0014519479591399431
7857,Learned,0.004737269948236644,0.005677410983480513,0.2710766380187124,0.003513562958687544,0.001185299945063889,0.004724484053440392,0.0009511320386081934,0.00018883810844272375,0.26590762089472264,0.003724618931300938,0.001197414007037878
7858,Learned,0.004347607027739286,0.004487594938836992,0.28006097895558923,0.0033358479849994183,0.0009692839812487364,0.0037161880172789097,0.0007697039982303977,0.00015872297808527946,0.27527615800499916,0.0036032269708812237,0.0009716210188344121
7859,Learned,0.004788378020748496,0.005579872988164425,0.2816259389510378,0.0035350939724594355,0.0012075729900971055,0.004652407020330429,0.000925531960092485,0.00017725303769111633,0.2764163539977744,0.0037459329469129443,0.0012333460617810488
7860,Learned,0.005276078940369189,0.00574503606185317,0.27862112398725003,0.003687061951495707,0.0015366870211437345,0.004747287021018565,0.0009956189896911383,0.00018030393403023481,0.27318589901551604,0.003796654986217618,0.0013992090243846178
7861,Learned,0.004282591049559414,0.005151199991814792,0.2760031439829618,0.0031772999791428447,0.0010655210353434086,0.004325716057792306,0.0008236189605668187,0.00016625807620584965,0.2710802119690925,0.0036034290678799152,0.001103091984987259
7862,Learned,0.0041243169689551,0.004088437068276107,0.2901768540032208,0.00325059297028929,0.0008362189400941133,0.003422598005272448,0.0006639269413426518,0.00014541507698595524,0.2754858420230448,0.00701018504332751,0.007411202997900546
7863,Learned,0.004387089051306248,0.005142490961588919,0.2768540580291301,0.003289198037236929,0.0010569279547780752,0.00429815798997879,0.000842142035253346,0.0001670509809628129,0.27195456298068166,0.003607587073929608,0.0010736020049080253
7864,Learned,0.005008608917705715,0.005699587054550648,0.2855968710500747,0.003606880083680153,0.001352580962702632,0.0047167709562927485,0.0009807460010051727,0.00017255498096346855,0.2800640920177102,0.0038681169971823692,0.001432725926861167
7865,Learned,0.004297647043131292,0.004840895999222994,0.2769631869159639,0.003344253054820001,0.0009163960348814726,0.004068440990522504,0.0007706970209255815,0.00015864393208175898,0.27235531399492174,0.003496134071610868,0.0009051020024344325
7866,Learned,0.004566245013847947,0.0050824349746108055,0.2827579630538821,0.003468845970928669,0.001053777989000082,0.0042437040247023106,0.0008370450232177973,0.003647004021331668,0.27437699504662305,0.0036715499591082335,0.001014953013509512
7867,Learned,0.004595423000864685,0.0051460269605740905,0.26876619399990886,0.0034762759460136294,0.001081958063878119,0.004272399004548788,0.0008718719473108649,0.00016853597480803728,0.26356799504719675,0.0038905900437384844,0.001086651929654181
7868,Learned,0.0038249590434134007,0.004297103034332395,0.2784973690286279,0.003032613079994917,0.0007592119509354234,0.0036265470553189516,0.0006689999718219042,0.00015693902969360352,0.2741893039783463,0.0033065429888665676,0.0007983670802786946
7869,Learned,0.004453119006939232,0.005003420985303819,0.2765315950382501,0.0034007889917120337,0.0010139880469068885,0.0041711629601195455,0.0008305200608447194,0.00017155299428850412,0.27166887698695064,0.003576728980988264,0.001063495990820229
7870,Learned,0.004437781986780465,0.004174798959866166,0.27998178999405354,0.003449530922807753,0.0009457219857722521,0.003474281053058803,0.0006987779634073377,0.00014990090858191252,0.27514304604846984,0.003658254980109632,0.0009810120100155473
7871,Learned,0.004644753062166274,0.005164996953681111,0.28036993299610913,0.0034053500276058912,0.0011950519401580095,0.0042651399271562696,0.0008980270940810442,0.00016158109065145254,0.2752387219807133,0.0035868240520358086,0.0013254099758341908
7872,Learned,0.004496739013120532,0.005268973996862769,0.27800148795358837,0.003319067065604031,0.0011308019747957587,0.0043799050617963076,0.0008873590268194675,0.0001645609736442566,0.2732441939879209,0.003464880050159991,0.0010764580219984055
7873,Learned,0.004251975915394723,0.004183307057246566,0.28001181804575026,0.0033468439942225814,0.0008660950697958469,0.003502037958241999,0.0006793710635975003,0.00014130398631095886,0.27544613007921726,0.0034381620353087783,0.0009345299331471324
7874,Learned,0.004663771018385887,0.00423384306486696,0.2806747850263491,0.0037379899295046926,0.0008809060091152787,0.0035619919653981924,0.0006699870573356748,0.00015982403419911861,0.2757974009728059,0.0037361240247264504,0.0009302770486101508
7875,Learned,0.0042481760028749704,0.004790961043909192,0.2794440579600632,0.003259417018853128,0.0009511819807812572,0.004011688055470586,0.0007774749537929893,0.00016165594570338726,0.27487453899811953,0.0034218410728499293,0.0009391750209033489
7876,Learned,0.00446073804050684,0.0053233010694384575,0.28099088300950825,0.0033862360287457705,0.0010354439727962017,0.00444756296928972,0.0008740330813452601,0.000160856987349689,0.27610798995010555,0.003630909021012485,0.0010363600449636579
7877,Learned,0.004191159037873149,0.004775180947035551,0.27671992604155093,0.003304532030597329,0.0008494280045852065,0.003998931962996721,0.000774470972828567,0.00015637197066098452,0.2720031930366531,0.003552171983756125,0.0009587940294295549
7878,Learned,0.004259462933987379,0.004582477966323495,0.2797643900848925,0.0032386110397055745,0.0009824420558288693,0.0037971859565004706,0.0007836460135877132,0.00016125000547617674,0.27520928101148456,0.003395112929865718,0.0009492790559306741
7879,Frangi,0.004364641034044325,0.002105509047396481,0.15683510689996183,0.0034871529787778854,0.0008375970646739006,0.0017594479722902179,0.0003444619942456484,0.00010901992209255695,0.15642837504856288,,
7881,Learned,0.004078916972503066,0.004366003908216953,0.2783516070339829,0.00323654490057379,0.0008046010043472052,0.003685006988234818,0.0006791199557483196,0.00014134496450424194,0.27333815407473594,0.0036007999442517757,0.001212464994750917
7882,Learned,0.0042547270422801375,0.004360924940556288,0.2793093010550365,0.003303895005956292,0.0009079839801415801,0.003636833978816867,0.0007221560226753354,0.00015596207231283188,0.27448968193493783,0.00351984694134444,0.0010890080593526363
7883,Learned,0.00384870998095721,0.0036949519999325275,0.2698560019489378,0.0031080340268090367,0.0007032320136204362,0.003093102015554905,0.0006001159781590104,0.00014952896162867546,0.2655280720209703,0.0033848449820652604,0.0007460599299520254
7884,Learned,0.0038620600244030356,0.003937744069844484,0.2697042180225253,0.0030911099165678024,0.0007356330752372742,0.003299750038422644,0.0006362879648804665,0.0001515579642727971,0.2650626030517742,0.003502544015645981,0.0009335069917142391
7885,Learned,0.003878614050336182,0.0038810858968645334,0.26993400405626744,0.003124441020190716,0.0007164779817685485,0.0032376509625464678,0.0006411740323528647,0.00014527607709169388,0.2653632629662752,0.003469103015959263,0.0009010520298033953
7886,Learned,0.004287321004085243,0.005326660932041705,0.2690368399489671,0.0032400930067524314,0.0010122109670192003,0.004476749920286238,0.0008481410332024097,0.00015482795424759388,0.2642351870890707,0.0035596550442278385,0.0010398519225418568
7887,Learned,0.004392129019834101,0.0051480469992384315,0.2729457030072808,0.003278710995800793,0.0010695080272853374,0.004287666990421712,0.0008585290051996708,0.00016228004824370146,0.2682742729084566,0.003454633057117462,0.0010049189440906048
7888,Learned,0.004105791915208101,0.0045277419267222285,0.26997588493395597,0.003194657969288528,0.000874839024618268,0.003801329992711544,0.0007244659354910254,0.00015675195027142763,0.2655126659665257,0.003364705014973879,0.000894419034011662
7889,Learned,0.004822317976504564,0.005506466957740486,0.28053837607149035,0.003624187083914876,0.001157160964794457,0.004608785966411233,0.0008957759710028768,0.0001714020036160946,0.27544875105377287,0.0037610380677506328,0.0011072809575125575
7890,Learned,0.0042159350123256445,0.004253498977050185,0.27965160098392516,0.0032221749424934387,0.0009544910863041878,0.0035613849759101868,0.0006903910543769598,0.00015501899179071188,0.2750160120194778,0.003496846999041736,0.0009315600618720055
7891,Learned,0.005048561026342213,0.006183688994497061,0.2817337290616706,0.0036393790505826473,0.0013662150595337152,0.005120299989357591,0.0010616449872031808,0.00018494704272598028,0.27615197899285704,0.0038294880650937557,0.0015118879964575171
7892,Learned,0.0045318660559132695,0.004971507005393505,0.28102189709898084,0.003470769035629928,0.0010174879571422935,0.004141448996961117,0.0008281440241262317,0.00017436000052839518,0.27620675100479275,0.0035341730108484626,0.001051496947184205
7893,Learned,0.004522491944953799,0.004849188961088657,0.2741193340625614,0.0034966550301760435,0.000985911930911243,0.0040500720497220755,0.0007973189931362867,0.0001734360121190548,0.26913061295636,0.0037626849953085184,0.0009974699933081865
7894,Learned,0.004445523954927921,0.004925094079226255,0.28050134505610913,0.0034043029882013798,0.001000643940642476,0.004061179934069514,0.0008622379973530769,0.00016353500541299582,0.27578409505076706,0.0034432460088282824,0.001056926092132926
7895,Learned,0.0043218559585511684,0.004570065997540951,0.2715728869661689,0.0033572650281712413,0.000924985040910542,0.0038051160518079996,0.000763147952966392,0.00016335200052708387,0.2668090290389955,0.0035413959994912148,0.0010078679770231247
7896,Learned,0.004267440061084926,0.0047132010804489255,0.2814128460595384,0.0032809589756652713,0.0009488810319453478,0.0039546899497509,0.0007563430117443204,0.0001617490779608488,0.2762923570116982,0.00372299796435982,0.0011797550832852721
7897,Frangi,0.004561331938020885,0.0023520810063928366,0.16120461199898273,0.003405001014471054,0.0011152999941259623,0.0019750280771404505,0.00037542893551290035,0.00010820594616234303,0.15811262605711818,0.0028509569820016623,9.838596452027559e-05
7898,Learned,0.004356791963800788,0.005582755082286894,0.2704812299925834,0.00320027198176831,0.0011201190063729882,0.004661411978304386,0.0009195340098813176,0.00016975600738078356,0.26566276198718697,0.0035073229810222983,0.0010943060042336583
7899,Learned,0.003931966028176248,0.003913286956958473,0.28200463706161827,0.0031896530417725444,0.0007047479739412665,0.0032892029266804457,0.0006223300006240606,0.00013714702799916267,0.2747441700194031,0.004493448999710381,0.002552320947870612
7900,Learned,0.00415516400244087,0.004594039055518806,0.28042156097944826,0.0032439400674775243,0.0008731979178264737,0.0038386390078812838,0.0007536070188507438,0.0001546849962323904,0.2755372020183131,0.003537797019816935,0.0011396179907023907
7901,Learned,0.0044740489684045315,0.004871562938205898,0.27829949895385653,0.0035126099828630686,0.0009242900414392352,0.004104763036593795,0.0007650189800187945,0.00016041100025177002,0.27356244798284024,0.003509074915200472,0.0010154170449823141
7902,Frangi,0.0055707310093566775,0.0021081389859318733,0.1586747650289908,0.004377064993605018,0.0011475509963929653,0.0017615429824218154,0.0003448129864409566,0.00010946101974695921,0.1557073500007391,0.0027252879226580262,9.506510104984045e-05
7903,Learned,0.004391811904497445,0.004680776968598366,0.28083223395515233,0.0033276069443672895,0.0010219189571216702,0.0038792280247434974,0.0007997329812496901,0.00015135796274989843,0.2757837700191885,0.00363315106369555,0.0012032919330522418
7904,Learned,0.004507466102950275,0.0055254698963835835,0.282078969059512,0.0033993509132415056,0.0010687770554795861,0.004618149949237704,0.0009056470589712262,0.00017353601288050413,0.27725198201369494,0.0034961169585585594,0.001108702039346099
7905,Frangi,0.004941234947182238,0.0015850280178710818,,0.0036166280042380095,0.001279168063774705,0.0013340720906853676,0.00024920294526964426,,,,
7906,Learned,0.004430894972756505,0.0044976589269936085,0.27934827806893736,0.0034763909643515944,0.0009165230439975858,0.003756826976314187,0.0007387259975075722,0.00015944009646773338,0.27484741795342416,0.0033667610259726644,0.0009259779471904039
7907,Learned,0.004341884050518274,0.004477903014048934,0.2766855088993907,0.0033823130652308464,0.0009209190029650927,0.0037420130101963878,0.0007340090814977884,0.00016081496141850948,0.2720939889550209,0.0034954119473695755,0.0008866540156304836
7908,Learned,0.004652390023693442,0.005719008971937001,0.2819258189992979,0.0034237210638821125,0.0011859310325235128,0.004790922976098955,0.0009261920349672437,0.00017894699703902006,0.2770392410457134,0.003506434033624828,0.001149998977780342
7909,Learned,0.004404167993925512,0.005359646980650723,0.280775808962062,0.0033132380340248346,0.001052838983014226,0.0044771539978682995,0.0008807459380477667,0.00016970699653029442,0.27578742895275354,0.003635900910012424,0.001130797085352242
7910,Learned,0.0045760300708934665,0.00492817594204098,0.2803076240234077,0.003509027068503201,0.0010256930254399776,0.0040885079652071,0.0008379589999094605,0.00016673700883984566,0.2754452530061826,0.003576934919692576,0.00106724607758224
7911,Learned,0.0042984370375052094,0.004227002966217697,0.2805344139924273,0.003346207900904119,0.0009143530623987317,0.0035210339119657874,0.0007042760262265801,0.00015328696463257074,0.27539581898599863,0.0038101120153442025,0.001119774067774415
7912,Learned,0.004549150005914271,0.004748787032440305,0.27767791599035263,0.003408254007808864,0.0010601839749142528,0.003936970955692232,0.0008101590210571885,0.0001582170370966196,0.27246711193583906,0.003925587981939316,0.001074825064279139
7914,Learned,0.004137107986025512,0.004184810095466673,0.2793621380114928,0.00321412889752537,0.000884218025021255,0.0034970989217981696,0.0006859400309622288,0.00015734496992081404,0.2747389069991186,0.0034912360133603215,0.000925392028875649
7915,Learned,0.00427763897459954,0.004635844030417502,0.2774948049336672,0.0033250879496335983,0.0009144160430878401,0.0038698549615219235,0.0007642230484634638,0.00015399395488202572,0.27224291407037526,0.0038208350306376815,0.0012193620204925537
7916,Learned,0.004474452929571271,0.004493903950788081,0.2795916360337287,0.00354929908644408,0.0008869839366525412,0.0037592879962176085,0.0007329420186579227,0.0001632370986044407,0.27498386695515364,0.003503934945911169,0.0008934830548241735
7917,Learned,0.004394499002955854,0.005404209950938821,0.2810665810247883,0.003287023981101811,0.0010710490169003606,0.004527642042376101,0.0008747699903324246,0.00017133099026978016,0.2758310280041769,0.0037310889456421137,0.0012783900601789355
7918,Learned,0.0038183870492503047,0.0032056740019470453,0.27461181895341724,0.0031262170523405075,0.0006549529498443007,0.0026838380144909024,0.0005199810257181525,0.00013186491560190916,0.2702308139996603,0.0034196319757029414,0.0007819249294698238
7919,Learned,0.0044520479859784245,0.00549038196913898,0.2811020490480587,0.003384122042916715,0.0010292219230905175,0.004581768065690994,0.0009069519583135843,0.0001676940592005849,0.2763832949567586,0.003529089968651533,0.000973404967226088
7920,Learned,0.004318077000789344,0.0043727930169552565,0.2791022959863767,0.003419110900722444,0.0008599660359323025,0.0036727620754390955,0.0006979909958317876,0.00015730399172753096,0.27445049304515123,0.0035897049820050597,0.0008562610018998384
7921,Learned,0.00431398896034807,0.004162123892456293,0.27987847302574664,0.003409705008380115,0.0008655330166220665,0.0034794550156220794,0.0006810229970142245,0.0001491350121796131,0.27248060202691704,0.0047720749862492085,0.0024042469449341297
7922,Learned,0.0040601909859105945,0.004230513935908675,0.28043738508131355,0.003176323021762073,0.0008442059624940157,0.0035476620541885495,0.0006810449995100498,0.00016395305283367634,0.2760554610285908,0.0033715199679136276,0.0007912430446594954
7923,Learned,0.004171445034444332,0.004684473038651049,0.27715817699208856,0.0032716920832172036,0.0008650529198348522,0.003936222055926919,0.0007464569061994553,0.00015750201418995857,0.27259569603484124,0.003428259980864823,0.0009281389648094773
7924,Frangi,0.004090914968401194,0.0018683390226215124,,0.0032393200090155005,0.0008139719720929861,0.0015809270553290844,0.00028592103626579046,,,,
7925,Learned,0.00455027399584651,0.005172437988221645,0.27743868599645793,0.0034129710402339697,0.0010980869410559535,0.004295837017707527,0.00087453902233392,0.0001705449540168047,0.2723534810356796,0.0037209109868854284,0.0011389140272513032
7926,Learned,0.004104951047338545,0.004272714024409652,0.28097213490400463,0.0031833070097491145,0.000884359935298562,0.003581268945708871,0.0006895320257171988,0.000159365008585155,0.2764478159369901,0.0034346359316259623,0.000880482024513185
7927,Learned,0.004459029994904995,0.004646411980502307,0.2762134090298787,0.00340310693718493,0.0010141140082851052,0.003863259917125106,0.0007814430864527822,0.00016194500494748354,0.271484047989361,0.003548883949406445,0.0009694480104371905
7928,Learned,0.004006716073490679,0.004378461046144366,0.28026413498446345,0.003111149067990482,0.0008609319338575006,0.0036461029667407274,0.0007307090563699603,0.00015393795911222696,0.27497861708980054,0.003857907955534756,0.0012123710475862026
7929,Learned,0.004302061046473682,0.005065339966677129,0.28165974596049637,0.0032569110626354814,0.0010087649570778012,0.0042455920483917,0.0008178419666364789,0.00016191299073398113,0.27697914198506624,0.0034645689884200692,0.0010062960209324956
7930,Learned,0.004655209020711482,0.005782351014204323,0.2809237929759547,0.0034142660442739725,0.0011968970065936446,0.004842118010856211,0.0009383889846503735,0.00018357601948082447,0.27591478801332414,0.003580951946787536,0.0011914100032299757
7931,Learned,0.004917297977954149,0.005801188992336392,0.27803898009005934,0.0035613829968497157,0.0013084430247545242,0.004806353943422437,0.000992982997559011,0.00017974409274756908,0.2727416770067066,0.0037937150336802006,0.0012707270216196775
7932,Learned,0.004608124028891325,0.004589695017784834,0.27037681895308197,0.0035042320378124714,0.0010620190296322107,0.0038269920041784644,0.0007609709864482284,0.00015968200750648975,0.2655100339325145,0.0035695459228008986,0.001085404073819518
7933,Learned,0.00517126196064055,0.005835290066897869,0.28096004598774016,0.0037557060131803155,0.0013692330103367567,0.004828547011129558,0.00100498809479177,0.0001761049497872591,0.2755308070918545,0.0039001930272206664,0.0012938959989696741
7934,Learned,0.004546292941085994,0.004987660911865532,0.2803739740047604,0.003467304981313646,0.0010404350468888879,0.004160691052675247,0.0008247229270637035,0.0001676910324022174,0.2753482019761577,0.003723626956343651,0.0010861670598387718
7935,Learned,0.004623119020834565,0.005629232968203723,0.2811222180025652,0.003501937026157975,0.0010831758845597506,0.004712261026725173,0.0009151409612968564,0.00017256499268114567,0.2761660950491205,0.0036466469755396247,0.0010879780165851116
7936,Learned,0.004691412905231118,0.0057612869422882795,0.28083899698685855,0.0034415419213473797,0.0012064831098541617,0.004784842021763325,0.0009742419933900237,0.0001787280198186636,0.2757048140047118,0.0037733049830421805,0.001131837023422122
7937,Learned,0.004788278951309621,0.005207867012359202,0.27947757893707603,0.003543516038917005,0.001196619006805122,0.004321670043282211,0.0008837849600240588,0.00015992799308151007,0.274497888982296,0.0035283019533380866,0.0012329850578680634
7938,Frangi,0.004915283061563969,0.001582014956511557,,0.003748910967260599,0.0011231770040467381,0.0013356050476431847,0.0002447280567139387,,,,
7939,Learned,0.004897211911156774,0.006242231000214815,0.2799463620176539,0.0035000749630853534,0.00135319703258574,0.005217280937358737,0.001023179036565125,0.00018462806474417448,0.27482019597664475,0.0036267429823055863,0.0012632460566237569
7940,Learned,0.004584482056088746,0.00552058091852814,0.2815205380320549,0.003346437937580049,0.0011931529734283686,0.004590904922224581,0.0009278219658881426,0.00017092202324420214,0.2759821020299569,0.003929960075765848,0.0013773009413853288
7941,Learned,0.0040165139362216,0.004903657012619078,0.27048572804778814,0.0030630530091002584,0.0009179440094158053,0.004101537982933223,0.0008000059751793742,0.00015702203381806612,0.2657599039375782,0.003481931984424591,0.0010392310796305537
7942,Learned,0.004602488945238292,0.005170590011402965,0.2735478680115193,0.0034803770249709487,0.001082280999980867,0.004304280038923025,0.0008644909830763936,0.00017094798386096954,0.26853018696419895,0.0037234319606795907,0.0010719019919633865
7943,Learned,0.004439793061465025,0.004516443004831672,0.2574033070122823,0.0034906930522993207,0.0009041019948199391,0.003770958981476724,0.0007435129955410957,0.000153913046233356,0.25246128800790757,0.00372519891243428,0.001011896994896233
7944,Learned,0.0044775750720873475,0.004571718047372997,0.2697774220723659,0.0035682839807122946,0.00087058509234339,0.003817525925114751,0.0007524751126766205,0.00015742809046059847,0.26491788297425956,0.00361672998405993,0.001032882952131331
7945,Learned,0.004124894039705396,0.004579258966259658,0.2798820089083165,0.003252372029237449,0.0008366659749299288,0.0038389250403270125,0.000738714006729424,0.00016073998995125294,0.27550676895771176,0.00330716697499156,0.0008587740594521165
7946,Learned,0.004803752060979605,0.0060191069496795535,0.28162334905937314,0.003492344985716045,0.001268623978830874,0.005010103923268616,0.0010072950972244143,0.00018784706480801105,0.27650103892665356,0.0036291840951889753,0.0012542189797386527
7947,Learned,0.004303682944737375,0.005226038978435099,0.281003138050437,0.003265289939008653,0.0010007770033553243,0.004384468076750636,0.0008398279314860702,0.00016729894559830427,0.27603715704753995,0.003558499040082097,0.0011890559690073133
7948,Learned,0.004134051967412233,0.0042251170380041,0.2720484649762511,0.0032542009139433503,0.0008423370309174061,0.003541695070452988,0.0006812129868194461,0.00014641101006418467,0.2647787310415879,0.004546802956610918,0.002496992005035281
7949,Learned,0.0045932920183986425,0.004791305051185191,0.2764927620301023,0.003523375024087727,0.0010230479529127479,0.004014787031337619,0.0007746820338070393,0.00016549206338822842,0.2714846539311111,0.003665449912659824,0.001127316034398973
7950,Learned,0.004222712013870478,0.004891740041784942,0.2708743819966912,0.003314576926641166,0.0008668280206620693,0.004106570966541767,0.0007832050323486328,0.00016405002679675817,0.2661202099407092,0.0035448609851300716,0.0009960299357771873
7951,Learned,0.0044874700251966715,0.004977775039151311,0.2771587180905044,0.0034164240350946784,0.0010316460393369198,0.004164289915934205,0.0008115260861814022,0.00015461503062397242,0.2720271759899333,0.00368004001211375,0.0012362949782982469
7952,Learned,0.0039040069095790386,0.004127744003199041,0.2799116449896246,0.003130408003926277,0.0007380669703707099,0.0034752769861370325,0.0006507079815492034,0.00015236600302159786,0.2754968140507117,0.0035217819968238473,0.0006965459324419498
7953,Learned,0.005123635055497289,0.006781858974136412,0.27140280103776604,0.003604358993470669,0.0014742430066689849,0.005661110044457018,0.0011191030498594046,0.0001960830995813012,0.2661001399392262,0.0036651319824159145,0.0013912440044805408
7954,Learned,0.0045292460126802325,0.005065646022558212,0.277516892994754,0.0033925429452210665,0.001096090069040656,0.004229463986121118,0.0008343879599124193,0.00017035799100995064,0.27246479503810406,0.0036921571008861065,0.0011383380042389035
7955,Learned,0.003994525992311537,0.004125230014324188,0.27748005103785545,0.0031591219594702125,0.0007981060771271586,0.003471995936706662,0.0006515349959954619,0.00013778195716440678,0.27314160903915763,0.0033339100191369653,0.000818513915874064
7956,Learned,0.00416666897945106,0.004112901049666107,0.2829785089707002,0.0033076050458475947,0.0008195259142667055,0.0034489819081500173,0.0006620730273425579,0.00014090491458773613,0.2752178310183808,0.004852651967667043,0.0026885790284723043
7957,Learned,0.0040746970335021615,0.004342899075709283,0.2731120609678328,0.0031971400603652,0.0008397030178457499,0.0036288779228925705,0.0007123020477592945,0.00014950998593121767,0.2684420719742775,0.0035005079116672277,0.0009701850358396769
7958,Learned,0.004310162039473653,0.004204119089990854,0.2807707459433004,0.003383722039870918,0.0008815889013931155,0.0035261400043964386,0.0006762039847671986,0.00015888898633420467,0.27624621393624693,0.003455420956015587,0.0008598100394010544
7960,Learned,0.004709086031652987,0.004792043007910252,0.27793698897585273,0.003634179010987282,0.001032589003443718,0.003983041038736701,0.0008068160386756063,0.00015951297245919704,0.27315988403279334,0.003496506018564105,0.0010677900863811374
7961,Learned,0.004578443011268973,0.00603762804530561,0.2709705790039152,0.003403268987312913,0.0011355639435350895,0.005071382038295269,0.0009645819664001465,0.00017811497673392296,0.26588387903757393,0.0035983449779450893,0.0012549019884318113
7962,Learned,0.004458768991753459,0.0043786970200017095,0.27241514902561903,0.003521687933243811,0.0008964400039985776,0.0036648219684138894,0.0007121319649741054,0.0001705830218270421,0.26753335003741086,0.0036181949544698,0.0010301379952579737
7963,Learned,0.004025481059215963,0.0041069770231842995,0.28076273703482,0.0031763589940965176,0.000811539008282125,0.003420555964112282,0.0006847430486232042,0.00016335304826498032,0.27479752292856574,0.004057811922393739,0.0016738210106268525
7964,Learned,0.004324550973251462,0.004095806973055005,0.28008020704146475,0.0034096459858119488,0.0008755470626056194,0.003384483978152275,0.0007096610497683287,0.0001511239679530263,0.2748260759981349,0.0037834770046174526,0.0012576340232044458
7965,Learned,0.004794445005245507,0.006020809058099985,0.2806350659811869,0.0034459029557183385,0.0013053789734840393,0.005006677005439997,0.0010121020022779703,0.0001781960017979145,0.27545847406145185,0.003659430076368153,0.0012852459913119674
7966,Learned,0.004341037943959236,0.004907185910269618,0.2804526360705495,0.003351390012539923,0.000950060086324811,0.004088887944817543,0.0008165750186890364,0.000153084984049201,0.2746310740476474,0.0039192799013108015,0.001686501083895564
7967,Learned,0.004650769988074899,0.005256523028947413,0.2795772720128298,0.00351578404661268,0.001095445011742413,0.00438062206376344,0.0008741089841350913,0.0001732610398903489,0.2741152390372008,0.0038038810016587377,0.0014273959677666426
7969,Learned,0.005295363953337073,0.006507348036393523,0.27738731598947197,0.0036421408876776695,0.0016070021083578467,0.0053956800838932395,0.001109790988266468,0.00019276596140116453,0.2716569349868223,0.003891560947522521,0.001588728977367282
7970,Learned,0.004126226995140314,0.003963144961744547,0.28170098701957613,0.003301376011222601,0.0007852829294279218,0.0033272099681198597,0.0006338789826259017,0.00014225509949028492,0.2765438089845702,0.00387489702552557,0.0010835910215973854
7971,Learned,0.004561585024930537,0.005683666910044849,0.281743147992529,0.0034318340476602316,0.00109109899494797,0.004735931055620313,0.0009460749570280313,0.00017246801871806383,0.2768540569813922,0.003506663953885436,0.0011570859933272004
7972,Learned,0.0048954879166558385,0.00625505403149873,0.2774695019470528,0.0035729120718315244,0.0012796089285984635,0.00520544801838696,0.0010478979675099254,0.0001834819559007883,0.27211765199899673,0.0038692429661750793,0.001247219042852521
7973,Learned,0.004519474925473332,0.005086072953417897,0.2802166099427268,0.003462783992290497,0.001018980983644724,0.004253295948728919,0.0008309540571644902,0.00016971002332866192,0.27520908298902214,0.003684520022943616,0.0011020429665222764
7974,Learned,0.004682091996073723,0.005696588894352317,0.28117516601923853,0.003424737020395696,0.0012157949386164546,0.0047399180475622416,0.0009544900385662913,0.00017037498764693737,0.2757935880217701,0.003762993961572647,0.0013925470411777496
7975,Learned,0.004839351982809603,0.005209419061429799,0.2813165109837428,0.00376251304987818,0.0010253669461235404,0.00438200996723026,0.0008250970859080553,0.00017260503955185413,0.26947272394318134,0.006165538914501667,0.005360807059332728
7976,Learned,0.004643121967092156,0.005180084961466491,0.2816971449647099,0.0035008410923182964,0.001099725952371955,0.004334485973231494,0.0008437259821221232,0.0001666969619691372,0.2763990609673783,0.00379434903152287,0.001278333947993815
7977,Learned,0.005005680024623871,0.005593211972154677,0.2828310870099813,0.003573523019440472,0.0013839220628142357,0.0046450450317934155,0.0009453899692744017,0.0001762709580361843,0.27753576496616006,0.0037078759633004665,0.001351571991108358
7978,Learned,0.0048877979861572385,0.005845036008395255,0.2820997079834342,0.003581272903829813,0.0012602300848811865,0.004884884925559163,0.0009579380275681615,0.00018271699082106352,0.2769934729440138,0.0036893399665132165,0.0011847639689221978
7979,Learned,0.003914730972610414,0.003950230893678963,0.27571058308240026,0.003217511926777661,0.0006624970119446516,0.0033237229799851775,0.0006248269928619266,0.00013931107241660357,0.2697479169582948,0.0039902819553390145,0.0017710280371829867
7980,Learned,0.004508186946623027,0.004834083025343716,0.28144555795006454,0.0034993889275938272,0.0009675429901108146,0.004055637051351368,0.0007766940398141742,0.00017114996444433928,0.27674644999206066,0.0035443860106170177,0.0009237349731847644
7981,Learned,0.005099275964312255,0.005799256032332778,0.28302815300412476,0.0036949700443074107,0.0013550319708883762,0.004828857025131583,0.0009660539217293262,0.0001765380147844553,0.2777111289324239,0.0038390220142900944,0.0012467410415410995
7982,Learned,0.00451607396826148,0.005114185041747987,0.27784760494250804,0.003403903916478157,0.0010714030358940363,0.004257541964761913,0.0008549629710614681,0.0001703150337561965,0.27261579397600144,0.003898076945915818,0.0011113750515505672
7983,Learned,0.004129906999878585,0.00420819700229913,0.281437836936675,0.0032589699840173125,0.0008320229826495051,0.0034952519927173853,0.0007113529136404395,0.00015332188922911882,0.2765728330705315,0.003713260986842215,0.0009458099957555532
7984,Learned,0.004038625047542155,0.003887951956130564,0.27426957699935883,0.003300370997749269,0.0007011779816821218,0.0032499320805072784,0.0006364099681377411,0.0001393409911543131,0.2689588980283588,0.003828092012554407,0.0012826970778405666
7985,Learned,0.004247423028573394,0.00491814489942044,0.2809140260796994,0.0033161939354613423,0.000893634045496583,0.0041124229319393635,0.0008040640968829393,0.00015867105685174465,0.27622988692019135,0.0035102509427815676,0.0009667910635471344
7986,Learned,0.004491567960940301,0.004916175035759807,0.2810019860044122,0.0033825229620561004,0.0010647129965946078,0.004091185983270407,0.0008230430539697409,0.0001548760337755084,0.27632273093331605,0.0035498120123520494,0.0009259750368073583
7987,Frangi,0.004779655020684004,0.001576700946316123,,0.003542381920851767,0.0011914330534636974,0.0013087989063933492,0.00026616407558321953,,,,
7988,Learned,0.0041083660908043385,0.004372178926132619,0.2740593929775059,0.003251243964768946,0.0008214310510084033,0.0036649639951065183,0.0007055680034682155,0.00015130301471799612,0.2692229299573228,0.0036057360703125596,0.0010275288950651884
7989,Learned,0.004588191048242152,0.005222560022957623,0.27145283890422434,0.0035722149768844247,0.000979605014435947,0.004359230049885809,0.0008616429986432195,0.00017073890194296837,0.2665953760733828,0.0036300650099292397,0.001007664017379284
7990,Learned,0.0041264749597758055,0.004282137029804289,0.275836008018814,0.003259792923927307,0.0008313530124723911,0.0035919389920309186,0.0006886610062792897,0.00014523009303957224,0.2712944640079513,0.0035006559919565916,0.0008485530270263553
7991,Learned,0.00547407497651875,0.00973480788525194,0.28240660892333835,0.003959365072660148,0.0014565859455615282,0.00587846792768687,0.003853796049952507,0.0001963769318535924,0.27715750108473003,0.0036536729894578457,0.0013443439966067672
7992,Learned,0.004139935947023332,0.004463860997930169,0.28121115802787244,0.0032204940216615796,0.0008815239416435361,0.003733557998202741,0.0007285929750651121,0.00015373900532722473,0.2765190319623798,0.0035260749282315373,0.000964361010119319
7993,Learned,0.0047152809565886855,0.0054276479640975595,0.28781462204642594,0.003507749061100185,0.0011658909497782588,0.004527701996266842,0.0008982720319181681,0.0001695120008662343,0.2829139700625092,0.0035341649781912565,0.0011476860381662846
7994,Learned,0.004549499950371683,0.004638791899196804,0.27705771499313414,0.003487245994620025,0.0010205019498243928,0.0038618650287389755,0.0007752759847790003,0.0001587750157341361,0.2714336449280381,0.004269717028364539,0.001109789009205997
7995,Learned,0.0046903209295123816,0.005253784009255469,0.2821553279645741,0.003542628022842109,0.001104624941945076,0.004381903912872076,0.0008679450256749988,0.00016066001262515783,0.27658557798713446,0.003950604936107993,0.0013979399809613824
7996,Learned,0.004629251081496477,0.005535460077226162,0.2805515890941024,0.0035034900065511465,0.0010848970850929618,0.004632387892343104,0.0009001450380310416,0.00016684201546013355,0.275693983072415,0.0035341919865459204,0.0011079390533268452
7997,Learned,0.004750636988319457,0.005322420969605446,0.27880806499160826,0.0036437229719012976,0.0010641880799084902,0.0044309740187600255,0.000889622955583036,0.00016813096590340137,0.27374447602778673,0.003770026029087603,0.0010734760435298085
7998,Learned,0.00459680799394846,0.005031422013416886,0.28171284997370094,0.003504774998873472,0.0010527290869504213,0.004195276997052133,0.000834331032820046,0.0001678570406511426,0.2768357959575951,0.0035703820176422596,0.0010868500685319304
7999,Learned,0.004806247074157,0.005972629995085299,0.28212348197121173,0.0034554629819467664,0.0013071340508759022,0.005005287006497383,0.0009656460024416447,0.00017635803669691086,0.2766925629694015,0.003728309995494783,0.0014520370168611407
