filename	gt_iou	seg_iou	seg_f1	seg_precision	seg_recall	gt_fg_ssim	gt_fg_psnr	ng_fg_ssim	ng_fg_psnr	ng_iou	ng_topo_q	topo_preservation	ng_psnr	ng_ssim	ng_bytes	graph_n_components	graph_n_cycles	graph_n_junctions	graph_n_endpoints	graph_mean_degree	graph_complexity	n_nodes	n_edges	total_edge_length	mean_width_px	mean_curvature	delta_gt_iou	delta_gt_fg_psnr	delta_gt_fg_ssim	delta_fg_ssim	delta_iou	total_time_ms	self_iou	ng_recon_iou	ng_n_components	ng_n_cycles	ng_euler_characteristic	ng_n_junctions	ng_n_endpoints	ng_mean_degree	ng_graph_complexity	ng_seg_beta_0	ng_seg_beta_1	graph_n_nodes	graph_n_edges	graph_n_sampled	graph_mean_edge_length	graph_mean_width	graph_total_edge_length	graph_mean_curvature	png_bytes	ng_vs_png	ng_vs_raw	image_shape	image_pixels	image_type	segmenter	n_points	n_structures	jpeg_quality	jpeg_bytes	jpeg_psnr	jpeg_ssim	jpeg_fg_psnr	jpeg_fg_ssim	jpeg_iou	jpeg_topo_q	jpeg_beta_0	jpeg_beta_1	jpeg_betti_preservation	webp_quality	webp_bytes	webp_psnr	webp_ssim	webp_fg_ssim	webp_fg_psnr	webp_topo_q	webp_iou	jp2_bytes	jp2_psnr	jp2_ssim	jp2_fg_ssim	jp2_fg_psnr	jp2_topo_q	jp2_iou	delta_fg_psnr	delta_topo_q	delta_psnr	delta_ssim	gt_available	pre_gt_iou	pre_ng_psnr	pre_ng_ssim	pre_ng_fg_psnr	gt_topology_q	recon_topology_q	jpeg_gt_iou	jpeg_gt_fg_psnr	jpeg_gt_fg_ssim	stem
MITO_M2_001_y256x0.png	0.036398	0.451161	0.621793	0.481921	0.876056	0.998962	37.475906	0.998390	38.293711	0.065401	0.414331	1.407196	30.661689	0.929048	1890	8	0	2	18	1.703704	0.000000	54	46	238.308658	3.547789	0.000000	0.036398	-3.749194	-0.000656	-0.000853	0.065401	6081.490993	0.065401	0.065401	8	0	8	2	18	1.703704	0.000000	8	0	54	46	34	5.180623	3.547789	238.308658	0.000000	21826	11.548148	34.675132	256x256	65536	sparse	Learned	286	8	54	1885	45.074559	0.941126	41.754480	0.999243	0.000000	0.039211	3	0	0.687500	91	1788	47.373877	0.980234	0.999428	43.052886	0.029554	0.000000	4534	48.007265	0.982321	0.999683	45.667222	0.034395	0.000000	-3.460769	0.375120	-14.412870	-0.012078	True	0.036650	30.664946	0.931024	38.323202	0.680181	0.957148	0.000000	41.225099	0.999618	MITO_M2_001_y256x0
MITO_M2_001_y256x256.png	0.234003	0.422893	0.594413	0.546560	0.651450	0.994492	31.638786	0.996256	37.487567	0.211257	0.398721	0.329385	23.529438	0.800568	5199	23	0	11	57	1.707006	0.000000	157	134	663.068109	3.695867	0.000000	0.234003	-9.989434	-0.004416	-0.002378	0.211257	2936.353683	0.211257	0.211257	23	0	23	11	57	1.707006	0.000000	23	0	157	134	89	4.948269	3.695867	663.068109	0.000000	31813	6.119061	12.605501	256x256	65536	dense	Learned	793	23	76	5032	43.596389	0.972623	42.094662	0.998634	0.000000	0.073184	10	0	0.717391	90	4768	43.861675	0.972733	0.998733	42.267738	0.075036	0.000000	410	29.358535	0.777588	0.980233	28.021816	0.092574	0.000000	-4.607095	0.325537	-20.066951	-0.172055	True	0.233971	23.528257	0.800745	37.511831	0.665916	0.219343	0.000000	41.628220	0.998908	MITO_M2_001_y256x256
MITO_M2_001_y256x512.png	0.305641	0.362245	0.531835	0.470871	0.610933	0.990083	29.140246	0.994996	37.449230	0.305227	0.378298	0.662177	24.135400	0.762349	5732	33	1	19	84	1.689320	0.030303	206	174	887.908730	3.860378	0.000000	0.304287	-12.607763	-0.008404	-0.002960	0.305227	2414.008379	0.305227	0.305227	33	1	32	19	84	1.689320	0.030303	34	0	206	174	103	5.102924	3.860378	887.908730	0.000000	33541	5.851535	11.433357	256x256	65536	dense	Learned	785	34	76	5587	42.944415	0.970573	42.085145	0.997956	0.000000	0.046573	26	0	0.882353	89	5374	43.199024	0.970490	0.998057	42.230596	0.046573	0.000000	342	25.826113	0.703025	0.975764	28.345745	0.113080	0.000000	-4.635914	0.331725	-18.809015	-0.208224	True	0.306882	24.139450	0.762611	37.446750	0.671538	0.444677	0.001354	41.748009	0.998487	MITO_M2_001_y256x512
MITO_M2_001_y512x0.png	0.332697	0.458948	0.629149	0.787025	0.524030	0.981991	31.099909	0.996220	38.082320	0.363281	0.482059	0.724807	23.036561	0.827787	4128	19	0	5	43	1.746667	0.000000	150	131	668.546248	3.830524	0.000000	0.332697	-10.616420	-0.015689	-0.002059	0.363281	2529.021263	0.363281	0.363281	19	0	19	5	43	1.746667	0.000000	19	0	150	131	102	5.103406	3.830524	668.546248	0.000000	30423	7.369913	15.875969	256x256	65536	sparse	Learned	604	19	72	4034	43.579998	0.971329	41.751938	0.998279	0.000000	0.058235	9	0	0.736842	89	3740	43.952936	0.971279	0.998261	41.654158	0.054041	0.000000	467	30.628073	0.809066	0.982551	29.323819	0.097422	0.000000	-3.669619	0.423824	-20.543437	-0.143543	True	0.333357	23.040941	0.827624	38.102386	0.792923	0.574717	0.000000	41.716328	0.997680	MITO_M2_001_y512x0
MITO_M2_001_y512x256.png	0.242227	0.229561	0.373403	0.754374	0.248106	0.977585	27.483147	0.997846	34.897602	0.072444	0.315632	0.733977	22.335200	0.738353	4650	27	0	10	64	1.625000	0.000000	144	117	560.386868	3.424804	0.000000	0.232374	-12.092764	-0.018785	-0.001180	0.012575	1956.667185	0.072444	0.072444	27	0	27	10	64	1.625000	0.000000	27	0	144	117	70	4.789631	3.424804	560.386868	0.000000	35791	7.696989	14.093763	256x256	65536	dense	Learned	579	27	60	4614	40.443218	0.954780	39.313691	0.999026	0.059870	0.069331	27	0	1.000000	84	4344	40.811180	0.954898	0.999008	39.464954	0.081841	0.059094	466	28.020870	0.756940	0.989318	26.339920	0.821908	0.072637	-4.416089	0.246301	-18.108018	-0.216427	True	0.242165	22.334900	0.738335	34.913517	0.590844	0.433666	0.009853	39.575910	0.996370	MITO_M2_001_y512x256
MITO_M2_001_y512x512.png	0.283995	0.324756	0.490288	0.478108	0.503106	0.973843	25.721592	0.991140	34.053553	0.405028	0.526417	1.284038	25.021172	0.727005	9612	34	3	31	93	1.812121	0.088235	330	299	1451.212337	3.996942	0.000000	-0.007216	-16.268597	-0.024376	-0.006534	0.030303	4247.701168	0.405028	0.405028	34	3	31	31	93	1.812121	0.088235	35	3	330	299	206	4.853553	3.996942	1451.212337	0.000000	36150	3.760924	6.818144	256x256	65536	dense	Learned	1365	35	88	9534	42.910500	0.969124	42.263691	0.997673	0.374726	0.377330	115	61	0.000000	91	8890	43.047903	0.970905	0.998011	42.722803	0.379645	0.360043	241	24.135976	0.674291	0.976112	28.017670	0.999999	0.204378	-8.210138	0.149087	-17.889329	-0.242119	True	0.284711	25.022165	0.727033	34.055445	0.559568	0.718507	0.291210	41.990189	0.998219	MITO_M2_001_y512x512
MITO_M2_002_y0x0.png	0.067408	0.350144	0.518676	0.406899	0.715124	0.998207	33.786625	0.997728	35.091352	0.118469	0.313398	2.726166	36.432547	0.938537	2899	15	1	5	33	1.641026	0.066667	78	64	306.107648	3.668187	0.000000	-0.007513	-9.541935	-0.001615	-0.001751	-0.013204	2395.660400	0.118469	0.118469	15	1	14	5	33	1.641026	0.066667	15	1	78	64	40	4.782932	3.668187	306.107648	0.000000	24518	8.457399	22.606416	256x256	65536	sparse	Learned	408	15	82	2833	47.011593	0.973661	43.283476	0.999479	0.131673	0.968225	11	53	0.000000	93	2522	46.990035	0.977473	0.999528	43.432147	0.978602	0.123704	3170	46.159732	0.971463	0.999511	43.314187	0.664486	0.128460	-8.192124	-0.654828	-10.579046	-0.035124	True	0.067166	36.445635	0.942700	35.097861	0.364191	0.992845	0.074921	43.328560	0.999822	MITO_M2_002_y0x0
MITO_M2_002_y0x256.png	0.118112	0.162968	0.280262	0.494389	0.195561	0.995770	27.434151	0.999420	34.659860	0.050528	0.239161	1.590162	22.781533	0.744270	2321	11	1	3	24	1.583333	0.090909	48	38	168.982756	3.380350	0.000000	-0.019219	-7.807777	-0.003009	0.000023	-0.003939	1365.511417	0.050528	0.050528	11	1	10	3	24	1.583333	0.090909	12	0	48	38	21	4.446915	3.380350	168.982756	0.000000	34860	15.019388	28.236105	256x256	65536	dense	Learned	331	12	17	2291	35.942426	0.915114	34.715969	0.999397	0.054467	0.725250	37	63	0.000000	62	2254	38.698305	0.949689	0.999685	37.819987	0.636724	0.054239	4134	41.162055	0.961843	0.999745	39.530489	0.522289	0.056527	-0.056109	-0.486089	-13.160894	-0.170843	True	0.118087	22.781014	0.744309	34.676184	0.470305	0.747862	0.137330	35.241928	0.998779	MITO_M2_002_y0x256
MITO_M2_002_y0x512.png	0.089109	0.044452	0.085121	0.089960	0.080775	0.993512	24.056523	0.999181	32.351151	0.081936	0.181269	2.547748	18.743570	0.658242	2963	24	0	3	51	1.428571	0.000000	84	60	261.036580	3.456000	0.000000	0.080178	-9.884418	-0.005021	0.000133	-0.096538	1807.747364	0.081936	0.081936	24	0	24	3	51	1.428571	0.000000	25	0	84	60	30	4.350610	3.456000	261.036580	0.000000	37188	12.550793	22.118124	256x256	65536	sparse	Learned	277	25	16	2919	34.302440	0.917370	32.869756	0.999049	0.178474	0.189709	83	1	0.000000	47	2938	36.829788	0.953576	0.999270	34.494271	0.190869	0.178930	3228	37.509449	0.956990	0.999381	35.089670	0.184785	0.176253	-0.518605	-0.008439	-15.558871	-0.259127	True	0.089037	18.744978	0.658414	32.368003	0.381779	0.972676	0.008931	33.940941	0.998532	MITO_M2_002_y0x512
MITO_M2_002_y256x0.png	0.151529	0.411752	0.583320	0.464947	0.782554	0.998843	36.958551	0.997796	38.439578	0.274147	0.697944	1.180844	29.319301	0.867898	3493	7	1	7	19	1.872340	0.142857	94	88	465.605122	4.258178	0.000000	-0.063831	-5.624403	-0.000746	-0.001050	-0.085215	2352.710009	0.274147	0.274147	7	1	6	7	19	1.872340	0.142857	7	1	94	88	68	5.290967	4.258178	465.605122	0.000000	30139	8.628400	18.762096	256x256	65536	dense	Learned	551	7	71	3471	44.189021	0.970872	42.533002	0.998846	0.359362	0.313239	52	12	0.000000	90	3372	44.415520	0.971958	0.998965	42.891048	0.349231	0.354114	599	35.625639	0.909869	0.995704	34.925680	0.320560	0.308966	-4.093424	0.384705	-14.869720	-0.102974	True	0.151910	29.321415	0.868077	38.426710	0.544088	0.642483	0.215359	42.582955	0.999589	MITO_M2_002_y256x0
MITO_M2_002_y256x256.png	0.155775	0.263692	0.417336	0.611574	0.316739	0.994811	29.565060	0.999139	36.066499	0.114522	0.253605	0.988814	25.342565	0.812312	2246	16	0	2	34	1.529412	0.000000	68	52	252.379726	3.357600	0.000000	-0.060104	-7.385433	-0.004137	-0.000148	-0.046024	1480.853558	0.114522	0.114522	16	0	16	2	34	1.529412	0.000000	16	0	68	52	32	4.853456	3.357600	252.379726	0.000000	33326	14.837934	29.178985	256x256	65536	sparse	Learned	268	16	22	2209	38.267544	0.930004	36.825967	0.999286	0.160546	0.374998	50	13	0.000000	75	2162	40.723166	0.956770	0.999500	38.860107	0.441279	0.164412	4169	43.004656	0.967717	0.999670	40.967822	0.344686	0.166773	-0.759468	-0.121393	-12.924980	-0.117692	True	0.160781	25.339830	0.812462	36.046167	0.519054	0.513248	0.215879	36.950493	0.998948	MITO_M2_002_y256x256
MITO_M2_002_y256x512.png	0.091320	0.152976	0.265358	0.363908	0.208810	0.994846	27.076046	0.999393	35.187825	0.069875	0.234372	2.046839	19.433075	0.632539	2405	17	0	0	34	1.507246	0.000000	69	52	243.137085	3.089160	0.000000	0.087000	-4.674923	-0.002944	0.000623	0.048513	1455.331087	0.069875	0.069875	17	0	17	0	34	1.507246	0.000000	17	0	69	52	35	4.675713	3.089160	243.137085	0.000000	38273	15.913929	27.249896	256x256	65536	sparse	Learned	278	17	10	2376	31.821106	0.858008	31.881950	0.998770	0.021362	0.094997	109	0	0.000000	29	2360	35.700866	0.938852	0.999468	35.404314	0.084239	0.019728	3908	38.824873	0.956327	0.999650	37.862576	0.072943	0.021106	3.305875	0.139375	-12.388031	-0.225469	True	0.091270	19.432658	0.632550	35.226206	0.384303	0.786606	0.004320	31.750969	0.997790	MITO_M2_002_y256x512
MITO_M2_002_y512x0.png	0.157237	0.385937	0.556933	0.640133	0.492873	0.996862	30.697236	0.998962	36.701258	0.123144	0.261518	1.937272	24.507257	0.791939	2522	19	0	4	42	1.536585	0.000000	82	63	317.462987	3.368493	0.000000	-0.021259	-6.932951	-0.002246	-0.000199	-0.010678	1511.128426	0.123144	0.123144	19	0	19	4	42	1.536585	0.000000	19	0	82	63	36	5.039095	3.368493	317.462987	0.000000	32746	12.984140	25.985726	256x256	65536	sparse	Learned	313	19	27	2494	39.026702	0.938085	37.896839	0.999162	0.133822	0.513446	49	31	0.000000	78	2498	41.233584	0.960868	0.999370	39.496320	0.488685	0.131000	3674	42.523488	0.962388	0.999521	40.481248	0.436893	0.132369	-1.195581	-0.251929	-14.519445	-0.146147	True	0.155127	24.507323	0.792533	36.699885	0.430864	0.834701	0.178496	37.630187	0.999108	MITO_M2_002_y512x0
MITO_M2_002_y512x256.png	0.219736	0.321884	0.487008	0.583766	0.417764	0.995265	30.476218	0.998405	36.656627	0.160214	0.337215	0.611288	24.176116	0.763482	4238	23	0	4	50	1.651515	0.000000	132	109	519.587878	3.410492	0.000000	0.051961	-10.072023	-0.004006	-0.000919	0.070319	1927.788496	0.160214	0.160214	23	0	23	4	50	1.651515	0.000000	23	0	132	109	78	4.766861	3.410492	519.587878	0.000000	35092	8.280321	15.463898	256x256	65536	dense	Learned	627	23	59	4236	41.193975	0.959162	40.768926	0.999324	0.089895	0.270667	64	15	0.000000	83	3850	41.262968	0.959402	0.999269	40.411216	0.289701	0.078328	468	27.673211	0.776258	0.994232	29.056594	0.487624	0.066863	-4.112299	0.066548	-17.017858	-0.195680	True	0.219563	24.177792	0.763660	36.680019	0.572072	0.349701	0.167776	40.548241	0.999271	MITO_M2_002_y512x256
MITO_M2_002_y512x512.png	0.164963	0.344544	0.512507	0.586049	0.455364	0.993158	28.179694	0.997870	34.682112	0.136593	0.258083	1.591895	24.420925	0.786026	3795	25	0	1	51	1.523810	0.000000	105	80	432.333044	3.567563	0.000000	-0.030907	-12.477849	-0.006272	-0.001411	-0.026775	2250.713587	0.136593	0.136593	25	0	25	1	51	1.523810	0.000000	27	0	105	80	53	5.404163	3.567563	432.333044	0.000000	32353	8.525165	17.269038	256x256	65536	sparse	Learned	480	27	61	3781	42.146939	0.965571	40.722129	0.999280	0.163368	0.808946	25	33	0.000000	86	3632	42.520628	0.967467	0.999275	40.612351	0.762159	0.162745	531	29.465458	0.813903	0.994927	29.587795	0.963384	0.160209	-6.040017	-0.550863	-17.726013	-0.179545	True	0.164850	24.422789	0.786407	34.681355	0.590236	0.939594	0.195870	40.657542	0.999430	MITO_M2_002_y512x512
MITO_M2_003_y0x256.png	0.124466	0.298513	0.459777	0.326522	0.776786	0.998125	30.964767	0.997256	34.805347	0.285990	0.504035	1.516221	29.968132	0.807284	4096	16	0	9	41	1.780822	0.000000	146	130	630.742207	3.634078	0.000000	-0.010104	-7.481392	-0.001622	-0.001287	0.001479	2122.874498	0.285990	0.285990	16	0	16	9	41	1.780822	0.000000	16	0	146	130	96	4.851863	3.634078	630.742207	0.000000	34698	8.471191	16.000000	256x256	65536	sparse	Learned	511	16	67	4024	40.990494	0.945105	38.615427	0.998543	0.284511	0.435568	62	18	0.000000	85	4064	41.016161	0.947358	0.998488	38.531105	0.344892	0.285333	540	33.444422	0.845804	0.993780	30.998863	0.586723	0.278343	-3.810081	0.068467	-11.022362	-0.137821	True	0.123653	29.971175	0.807437	34.802743	0.417252	0.632646	0.134569	38.446159	0.999747	MITO_M2_003_y0x256
MITO_M2_003_y0x512.png	0.181192	0.286337	0.445197	0.668001	0.333846	0.991464	26.029105	0.998734	33.313068	0.108804	0.462056	1.492471	22.684447	0.676536	3636	12	1	4	26	1.755556	0.083333	90	79	420.646753	3.571670	0.000000	-0.012809	-9.480516	-0.006448	-0.000254	0.003739	1892.302036	0.108804	0.108804	12	1	11	4	26	1.755556	0.083333	12	1	90	79	60	5.324642	3.571670	420.646753	0.000000	40192	11.053905	18.024202	256x256	65536	dense	Learned	504	12	34	3622	36.473216	0.898894	35.527988	0.998987	0.105065	0.447905	57	33	0.000000	72	3602	37.141810	0.907419	0.999065	35.874098	0.390632	0.104681	603	28.034044	0.752025	0.995854	26.627235	0.513562	0.060814	-2.214920	0.014151	-13.788769	-0.222358	True	0.180842	22.685130	0.676460	33.323502	0.503782	0.751881	0.194001	35.509622	0.997912	MITO_M2_003_y0x512
MITO_M2_003_y256x256.png	0.059913	0.340016	0.507481	0.434872	0.609195	0.996954	28.375080	0.998225	35.081056	0.095854	0.500426	2.207228	28.525576	0.799184	2897	10	1	8	26	1.793103	0.100000	87	78	380.663997	3.743533	0.000000	-0.015506	-8.754132	-0.002759	-0.000497	-0.001172	1836.435318	0.095854	0.095854	10	1	9	8	26	1.793103	0.100000	10	1	87	78	53	4.880308	3.743533	380.663997	0.000000	35893	12.389713	22.622023	256x256	65536	sparse	Learned	356	10	42	2880	39.328510	0.928138	37.013699	0.998722	0.097026	0.759388	35	47	0.000000	81	2840	39.935451	0.935100	0.998864	37.680585	0.722972	0.100624	3122	40.044084	0.936529	0.999006	38.199344	0.625938	0.100084	-1.932643	-0.258962	-10.802935	-0.128954	True	0.059744	28.526399	0.799270	35.096682	0.393469	0.868477	0.075419	37.129212	0.999712	MITO_M2_003_y256x256
MITO_M2_003_y256x512.png	0.163153	0.326988	0.492827	0.480112	0.506234	0.996301	28.518340	0.998173	33.313120	0.220641	0.425421	0.775426	23.554863	0.681198	4642	17	1	5	37	1.726496	0.058824	117	101	537.428499	3.829208	0.000000	0.125970	-7.840080	-0.002776	-0.000594	0.127536	2277.691364	0.220641	0.220641	17	1	16	5	37	1.726496	0.058824	17	1	117	101	75	5.321074	3.829208	537.428499	0.000000	40576	8.741060	14.118053	256x256	65536	dense	Learned	635	17	54	4623	37.119587	0.903439	36.317482	0.998767	0.093105	0.233780	35	4	0.000000	77	4640	37.205271	0.907456	0.998674	36.102755	0.221199	0.093302	465	27.410090	0.714468	0.993639	25.450912	0.244873	0.074919	-3.004362	0.191641	-13.564724	-0.222241	True	0.159621	23.558654	0.681316	33.341962	0.555698	0.430903	0.037183	36.358420	0.999077	MITO_M2_003_y256x512
MITO_M2_003_y512x0.png	0.206839	0.467500	0.637138	0.577809	0.710045	0.992713	32.087443	0.995782	36.598526	0.314691	0.567380	1.005078	26.310781	0.782172	5218	19	0	13	51	1.804124	0.000000	194	175	910.790981	3.692383	0.000000	-0.038081	-7.343312	-0.006079	-0.001899	-0.037769	2711.001873	0.314691	0.314691	19	0	19	13	51	1.804124	0.000000	19	0	194	175	130	5.204520	3.692383	910.790981	0.000000	36276	6.952089	12.559601	256x256	65536	sparse	Learned	689	19	73	5180	41.077308	0.951013	39.562310	0.997681	0.352460	0.478236	74	61	0.000000	85	4952	40.896177	0.950977	0.997588	39.288771	0.489337	0.345326	403	28.153718	0.756474	0.981918	27.977677	0.667129	0.249074	-2.963784	0.089143	-14.766527	-0.168841	True	0.206597	26.312990	0.782227	36.612028	0.669341	0.672740	0.244920	39.430755	0.998792	MITO_M2_003_y512x0
MITO_M2_003_y512x256.png	0.086277	0.386069	0.557071	0.546221	0.568361	0.997068	28.359360	0.998495	35.024232	0.106252	0.405479	0.713920	23.686717	0.726800	3617	14	0	7	35	1.720000	0.000000	100	86	446.658946	3.428556	0.000000	-0.019706	-8.549830	-0.002481	-0.000408	-0.017110	1945.344210	0.106252	0.106252	14	0	14	7	35	1.720000	0.000000	15	0	100	86	58	5.193709	3.428556	446.658946	0.000000	38397	10.615704	18.118883	256x256	65536	dense	Learned	492	15	40	3543	37.967124	0.918420	36.980701	0.998904	0.123362	0.561846	54	52	0.000000	77	3520	38.558258	0.923860	0.998978	37.122792	0.659003	0.124008	604	29.915875	0.790335	0.996419	29.504671	0.697840	0.117523	-1.956468	-0.156367	-14.280407	-0.191620	True	0.085860	23.685783	0.726729	35.032461	0.632686	0.451687	0.105983	36.909190	0.999550	MITO_M2_003_y512x256
MITO_M2_004_y0x0.png	0.037625	0.228462	0.371948	0.247751	0.745833	0.996515	28.391838	0.996412	35.687150	0.105464	0.474813	1.825886	39.176639	0.949063	2996	10	1	7	25	1.800000	0.100000	90	81	369.747258	3.914752	0.000000	-0.016929	-15.828879	-0.003333	-0.002951	-0.047369	2795.747995	0.105464	0.105464	10	1	9	7	25	1.800000	0.100000	10	1	90	81	58	4.564781	3.914752	369.747258	0.000000	18921	6.315421	21.874499	256x256	65536	sparse	Learned	462	10	85	2865	48.796926	0.983636	44.330570	0.999363	0.152833	0.901812	23	70	0.000000	95	2638	49.009793	0.986474	0.999378	44.955375	0.767454	0.127606	658	43.926906	0.952595	0.998267	38.810703	0.997205	0.135064	-8.643420	-0.426999	-9.620287	-0.034573	True	0.037471	39.184897	0.949468	35.692660	0.547666	0.999975	0.054555	44.220717	0.999848	MITO_M2_004_y0x0
MITO_M2_004_y0x512.png	0.226421	0.341195	0.508793	0.496116	0.522135	0.982258	25.275970	0.993920	34.192781	0.258614	0.364070	0.956410	22.914092	0.725173	6809	30	0	15	75	1.675676	0.000000	185	155	744.269119	3.877649	0.000000	-0.009843	-17.282478	-0.016915	-0.004800	0.029311	4030.739546	0.258614	0.258614	30	0	30	15	75	1.675676	0.000000	30	0	185	155	95	4.801736	3.877649	744.269119	0.000000	33756	4.957556	9.624908	256x256	65536	dense	Learned	1057	30	81	6719	43.625905	0.974865	43.067306	0.998720	0.229303	0.277862	65	19	0.000000	90	6372	43.612257	0.974468	0.998724	42.828613	0.308278	0.230751	276	22.728997	0.653958	0.981678	27.948418	0.690348	0.182716	-8.874525	0.086208	-20.711813	-0.249692	True	0.226883	22.913937	0.725103	34.201578	0.589002	0.563327	0.236264	42.558447	0.999173	MITO_M2_004_y0x512
MITO_M2_004_y256x0.png	0.012565	0.155857	0.269682	0.163089	0.778512	0.998428	27.198090	0.998288	38.457347	0.059980	0.353197	2.069756	29.912584	0.881254	2570	14	0	3	31	1.666667	0.000000	84	70	345.261977	3.468134	0.000000	-0.055413	-13.591529	-0.001401	-0.000853	-0.277581	1797.010899	0.059980	0.059980	14	0	14	3	31	1.666667	0.000000	14	0	84	70	50	4.932314	3.468134	345.261977	0.000000	27906	10.858366	25.500389	256x256	65536	sparse	Learned	354	14	51	2556	43.469858	0.963913	41.312881	0.999142	0.337562	0.230699	88	8	0.000000	87	2436	44.582962	0.971150	0.999264	41.983861	0.216121	0.403162	3550	45.238049	0.973095	0.999436	43.057553	0.216111	0.371629	-2.855534	0.122499	-13.557274	-0.082660	True	0.012613	29.915665	0.882053	38.483320	0.483149	1.000000	0.067978	40.789619	0.999829	MITO_M2_004_y256x0
MITO_M2_004_y256x256.png	0.213716	0.243424	0.391538	0.509328	0.317997	0.988054	24.218887	0.998204	37.066772	0.183034	0.279182	0.769858	21.293750	0.779109	3389	18	0	2	38	1.600000	0.000000	90	72	341.291414	3.615003	0.000000	0.202013	-14.532131	-0.010056	-0.000645	0.180255	2127.800941	0.183034	0.183034	18	0	18	2	38	1.600000	0.000000	19	0	90	72	50	4.740159	3.615003	341.291414	0.000000	32926	9.715550	19.337858	256x256	65536	dense	Learned	494	19	41	3387	40.235639	0.959831	39.058074	0.998849	0.002779	0.109016	35	0	0.578947	83	3376	42.210083	0.970461	0.999057	40.159490	0.113586	0.003145	595	28.422270	0.828361	0.990073	27.026226	0.178746	0.004032	-1.991302	0.170166	-18.941889	-0.180722	True	0.213756	21.293844	0.779309	37.071992	0.573119	0.441220	0.011703	38.751018	0.998110	MITO_M2_004_y256x256
MITO_M2_004_y256x512.png	0.264303	0.085221	0.157057	0.442268	0.095482	0.993050	24.981920	0.999700	35.081590	0.053950	0.211403	1.384125	22.037932	0.791817	1802	7	1	4	17	1.612903	0.142857	31	25	101.083261	3.468747	0.000000	0.202608	-6.853286	-0.003670	0.000298	-0.066789	1092.856407	0.053950	0.053950	7	1	6	4	17	1.612903	0.142857	8	0	31	25	10	4.043330	3.468747	101.083261	0.000000	33376	18.521643	36.368479	256x256	65536	dense	Learned	261	8	10	1753	33.935662	0.895292	31.998054	0.999403	0.120739	0.171456	47	5	0.000000	51	1790	39.245960	0.954925	0.999759	35.848759	0.125216	0.083020	5282	43.485929	0.971843	0.999914	41.478960	0.100412	0.082582	3.083536	0.039947	-11.897730	-0.103476	True	0.264211	22.036371	0.791964	35.091566	0.625189	0.865340	0.061695	31.835206	0.996720	MITO_M2_004_y256x512
MITO_M2_004_y512x0.png	0.012296	0.127540	0.226226	0.170181	0.337313	0.999330	34.312982	0.999582	39.058692	0.026891	0.145418	2.266082	26.610308	0.886949	1040	6	0	0	12	1.428571	0.000000	21	15	57.941125	3.344962	0.000000						946.513176	0.026891	0.026891	6	0	6	0	12	1.428571	0.000000	7	0	21	15	9	3.862742	3.344962	57.941125	0.000000	25744	24.753846	63.015385	256x256	65536	sparse	Learned	161	7												68	1022	43.354822	0.966568	0.999634	39.234412	0.033956	0.000000												True	0.015291	26.611777	0.888623	39.085950	0.411395	0.932255				MITO_M2_004_y512x0
MITO_M2_004_y512x256.png	0.279839	0.182962	0.309329	0.511225	0.221753	0.979718	24.510525	0.998517	36.602522	0.116534	0.264293	1.005388	20.798365	0.721127	3291	26	0	4	56	1.551724	0.000000	116	90	437.203102	3.338091	0.000000	0.181020	-12.270817	-0.017294	-0.000285	0.076318	1857.837439	0.116534	0.116534	26	0	26	4	56	1.551724	0.000000	26	0	116	90	56	4.857812	3.338091	437.203102	0.000000	35354	10.742631	19.913704	256x256	65536	sparse	Learned	387	26	30	3269	38.216169	0.948761	37.868026	0.998802	0.040216	0.148397	63	1	0.000000	77	3238	40.003363	0.962496	0.999083	38.980562	0.152032	0.038351	603	26.530911	0.812736	0.992350	26.823839	0.334340	0.056716	-1.265504	0.115896	-17.417804	-0.227635	True	0.279677	20.800752	0.721119	36.635090	0.665388	0.668973	0.098819	36.781342	0.997013	MITO_M2_004_y512x256
MITO_M2_004_y512x512.png	0.280321	0.354118	0.523024	0.658598	0.433738	0.991503	29.690358	0.998612	38.443356	0.247757	0.304066	0.915913	26.821543	0.861769	2982	16	0	4	36	1.600000	0.000000	80	64	307.551299	3.714909	0.000000	0.272351	-11.684236	-0.007511	-0.000693	0.232090	1969.943047	0.247757	0.247757	16	0	16	4	36	1.600000	0.000000	16	0	80	64	40	4.805489	3.714909	307.551299	0.000000	29751	9.976861	21.977197	256x256	65536	dense	Learned	483	16	57	2973	43.304280	0.968171	41.657652	0.999306	0.015667	0.072772	18	0	0.937500	87	2906	44.227263	0.972638	0.999400	42.400125	0.073801	0.014804	3056	43.993286	0.971776	0.999377	42.503235	0.073801	0.013939	-3.214296	0.231294	-16.482736	-0.106401	True	0.279199	26.822193	0.861839	38.430952	0.526799	0.482502	0.007970	41.374594	0.999014	MITO_M2_004_y512x512
MITO_M2_005_y0x256.png	0.222911	0.465052	0.634860	0.539142	0.771903	0.995289	24.698073	0.995272	31.799452	0.310240	0.715128	1.483838	23.099311	0.632513	8006	14	2	17	42	1.881773	0.142857	203	191	994.406204	4.132165	0.000000	-0.030374	-10.334739	-0.003690	-0.001924	-0.030993	3822.985172	0.310240	0.310240	14	2	12	17	42	1.881773	0.142857	14	1	203	191	144	5.206315	4.132165	994.406204	0.000000	41986	5.244317	8.185861	256x256	65536	dense	Learned	1103	14	73	7891	37.142423	0.938638	35.081156	0.997196	0.341232	0.586444	54	52	0.000000	81	7570	37.521573	0.943107	0.997537	35.699430	0.554388	0.341920	278	21.111504	0.499620	0.971841	19.843857	0.990470	0.283072	-3.281704	0.128683	-14.043111	-0.306125	True	0.222971	23.098190	0.632614	31.807856	0.671264	0.996047	0.253285	35.032812	0.998978	MITO_M2_005_y0x256
MITO_M2_005_y256x256.png	0.204418	0.383343	0.554227	0.670558	0.472292	0.995067	20.176103	0.999298	30.670605	0.150118	0.430217	1.167576	23.424837	0.765246	2771	8	2	3	16	1.781818	0.250000	55	49	258.592929	3.555633	0.000000	-0.063624	-11.994296	-0.004207	-0.000123	-0.041831	1630.986452	0.150118	0.150118	8	2	6	3	16	1.781818	0.250000	8	1	55	49	36	5.277407	3.555633	258.592929	0.000000	37316	13.466619	23.650668	256x256	65536	dense	Learned	389	8	28	2746	36.767267	0.914917	32.378456	0.999421	0.191949	0.567810	18	8	0.000000	76	2752	38.182313	0.936009	0.999567	33.711182	0.560057	0.193062	3121	38.222303	0.905329	0.999626	34.266946	0.552166	0.194049	-1.707851	-0.137592	-13.342429	-0.149671	True	0.204248	23.428118	0.766204	30.673113	0.597476	0.697599	0.268042	32.170398	0.999274	MITO_M2_005_y256x256
MITO_M2_005_y256x512.png	0.129416	0.618502	0.764289	0.677795	0.876089	0.998787	28.628443	0.998709	32.540944	0.168850	0.431640	1.321449	23.292534	0.701782	3622	12	0	2	26	1.710843	0.000000	83	71	380.019336	3.810841	0.000000	-0.059720	-5.273862	-0.000856	-0.000229	-0.076006	1925.102711	0.168850	0.168850	12	0	12	2	26	1.710843	0.000000	12	0	83	71	55	5.352385	3.810841	380.019336	0.000000	40025	11.050525	18.093871	256x256	65536	dense	Learned	493	12	37	3574	36.805599	0.913932	33.877139	0.998938	0.244856	0.528757	42	26	0.000000	73	3452	37.286303	0.920278	0.998925	34.029791	0.495405	0.240872	601	28.385077	0.767810	0.994624	26.134974	0.640032	0.222984	-1.336195	-0.097117	-13.513065	-0.212149	True	0.129471	23.295598	0.702024	32.557165	0.676505	0.893966	0.189136	33.902304	0.999643	MITO_M2_005_y256x512
MITO_M2_005_y512x512.png	0.299023	0.460768	0.630857	0.585835	0.683375	0.992914	24.223343	0.995252	32.353297	0.323470	0.548509	1.158403	20.849674	0.597922	8010	25	1	21	69	1.804082	0.040000	245	221	1099.648845	4.013697	0.000000	-0.018602	-10.632327	-0.005704	-0.001758	-0.011155	3119.097948	0.323470	0.323470	25	1	24	21	69	1.804082	0.040000	25	1	245	221	155	4.975787	4.013697	1099.648845	0.000000	43271	5.402122	8.181773	256x256	65536	dense	Learned	1067	25	69	8003	36.535939	0.939009	35.119308	0.997010	0.334625	0.587581	49	44	0.000000	79	7830	36.873969	0.942765	0.997335	35.401354	0.588757	0.335530	276	19.406920	0.446127	0.970079	20.193899	0.974095	0.259437	-2.766011	-0.039071	-15.686264	-0.341087	True	0.299074	20.849860	0.597907	32.381435	0.824480	0.955079	0.317625	34.855670	0.998618	MITO_M2_005_y512x512
MITO_M2_006_y0x256.png	0.303253	0.460650	0.630747	0.532595	0.773248	0.989875	25.961014	0.994013	34.046147	0.396286	0.523864	1.050709	24.002109	0.695918	10888	39	5	27	96	1.808451	0.128205	355	321	1626.148412	3.640135	0.000000	0.004094	-12.382706	-0.008670	-0.003388	0.035319	4630.211592	0.396286	0.396286	39	5	34	27	96	1.808451	0.128205	39	4	355	321	232	5.065883	3.640135	1626.148412	0.000000	40182	3.690485	6.019104	256x256	65536	dense	Learned	1584	39	85	10325	39.771621	0.959209	38.514316	0.997401	0.360968	0.367765	93	42	0.000000	88	10104	40.659487	0.967529	0.997961	39.604536	0.348038	0.363756	245	20.016839	0.495135	0.921936	18.543399	0.939795	0.181340	-4.468169	0.156098	-15.769512	-0.263291	True	0.303175	24.002548	0.696050	34.054312	0.484181	0.508734	0.299159	38.343720	0.998545	MITO_M2_006_y0x256
MITO_M2_006_y0x512.png	0.139657	0.206679	0.342558	0.269907	0.468726	0.994267	24.020402	0.995983	31.978584	0.256604	0.402116	1.566264	22.278067	0.601710	8721	38	4	21	90	1.735409	0.105263	257	223	1109.903679	3.721996	0.000000	-0.011713	-12.573229	-0.005300	-0.001964	-0.007180	3636.885881	0.256604	0.256604	38	4	34	21	90	1.735409	0.105263	39	3	257	223	146	4.977147	3.721996	1109.903679	0.000000	42461	4.868822	7.514735	256x256	65536	dense	Learned	1135	39	75	8648	37.522068	0.948841	36.238108	0.997947	0.263784	0.570990	51	39	0.000000	82	8490	37.895383	0.952965	0.998416	37.022833	0.573652	0.265494	247	18.943509	0.450031	0.958593	17.706261	0.998404	0.200662	-4.259524	-0.168873	-15.244001	-0.347131	True	0.139777	22.276989	0.601719	31.977925	0.469181	0.734861	0.151371	36.593631	0.999567	MITO_M2_006_y0x512
MITO_M2_006_y256x256.png	0.134320	0.289484	0.448992	0.431635	0.467804	0.992735	25.523390	0.997888	33.412804	0.171742	0.350990	1.654532	23.367254	0.644886	5494	25	1	10	58	1.682119	0.040000	151	127	638.896536	3.521556	0.000000	-0.027701	-11.535531	-0.006598	-0.000977	-0.028496	2732.258797	0.171742	0.171742	25	1	24	10	58	1.682119	0.040000	26	1	151	127	83	5.030681	3.521556	638.896536	0.000000	40453	7.363123	11.928649	256x256	65536	dense	Learned	745	26	60	5419	38.186224	0.937275	36.906630	0.998865	0.200238	0.365099	84	33	0.000000	80	5488	38.130061	0.937672	0.998869	36.734081	0.344252	0.198570	339	23.677485	0.605465	0.987874	23.402508	0.708801	0.158390	-3.493826	-0.014108	-14.818970	-0.292389	True	0.134658	23.371424	0.645085	33.429978	0.408814	0.676396	0.162021	37.058921	0.999333	MITO_M2_006_y256x256
MITO_M2_006_y256x512.png	0.308201	0.311595	0.475139	0.679203	0.365366	0.989309	23.753313	0.998404	32.650439	0.188723	0.493383	0.994764	23.731237	0.656756	4596	14	1	10	36	1.790323	0.071429	124	111	577.185858	3.535188	0.000000	-0.019959	-12.169340	-0.009342	-0.000537	-0.004353	1931.550264	0.188723	0.188723	14	1	13	10	36	1.790323	0.071429	15	1	124	111	78	5.199873	3.535188	577.185858	0.000000	40254	8.758486	14.259356	256x256	65536	dense	Learned	603	15	51	4584	37.614292	0.928678	35.470321	0.998940	0.193076	0.526542	52	26	0.000000	77	4386	37.604800	0.928863	0.998954	35.499397	0.549889	0.197839	474	26.604825	0.683341	0.993126	24.629404	0.735105	0.179381	-2.819882	-0.033159	-13.883055	-0.271922	True	0.307975	23.731332	0.656692	32.668308	0.909584	0.904821	0.328160	35.922652	0.998650	MITO_M2_006_y256x512
MITO_M2_006_y512x256.png	0.301276	0.467087	0.636754	0.625357	0.648575	0.992942	27.445622	0.995253	32.804193	0.330294	0.793337	1.243219	28.127685	0.790379	6802	12	6	25	38	1.945205	0.500000	219	213	1078.589971	4.012822	0.000000	-0.029189	-9.936528	-0.005718	-0.002367	-0.025318	3733.964205	0.330294	0.330294	12	6	6	25	38	1.945205	0.500000	12	5	219	213	156	5.063803	4.012822	1078.589971	0.000000	37284	5.481329	9.634813	256x256	65536	sparse	Learned	833	12	80	6537	40.107991	0.952214	37.198470	0.997620	0.355612	0.754976	25	29	0.000000	87	6360	40.584818	0.957689	0.998205	38.208193	0.603138	0.353940	279	24.846315	0.574260	0.977159	21.193662	0.990048	0.331837	-4.394277	0.038361	-11.980306	-0.161835	True	0.301370	28.130831	0.791274	32.817351	0.801854	0.996880	0.330466	37.382150	0.998660	MITO_M2_006_y512x256
MITO_M2_006_y512x512.png	0.041823	0.080861	0.149623	0.114868	0.214533	0.997336	24.988534	0.999170	32.598424	0.116088	0.398837	2.889896	25.534275	0.768519	2493	9	0	3	21	1.700000	0.000000	60	51	251.066017	3.806994	0.000000	-0.023157	-9.880896	-0.002440	-0.000191	-0.055780	2000.500202	0.116088	0.116088	9	0	9	3	21	1.700000	0.000000	9	0	60	51	36	4.922863	3.806994	251.066017	0.000000	34697	13.917770	26.288006	256x256	65536	sparse	Learned	345	9	27	2482	38.218508	0.921929	34.310875	0.999361	0.171868	0.480621	41	14	0.000000	76	2408	39.398413	0.945479	0.999427	35.217531	0.401697	0.182271	3695	40.581089	0.941140	0.999654	37.270801	0.344066	0.179334	-1.712451	-0.081784	-12.684233	-0.153410	True	0.041827	25.537545	0.769435	32.617462	0.319549	0.923464	0.064979	34.869430	0.999776	MITO_M2_006_y512x512
MITO_M2_007_y0x0.png	0.000127	0.000570	0.001138	0.000602	0.010526	0.974849	3.300571	0.992485	34.718139	0.234313	0.928924	1.293494	25.328748	0.784742	7760	10	7	43	52	1.979592	0.700000	294	291	1468.016377	5.069881	0.000000	-0.137704	-40.724680	-0.025093	-0.005250	0.142353	4214.104652	0.234313	0.234313	10	7	3	43	52	1.979592	0.700000	10	6	294	291	199	5.044730	5.069881	1468.016377	0.000000	20820	2.682990	8.445361	256x256	65536	sparse	Learned	962	10	95	6523	49.811905	0.988763	49.466075	0.997735	0.091959	0.374819	35	51	0.000000	100	6706	51.562339	0.990914	0.998264	51.434673	0.386946	0.093839	274	40.753923	0.806480	0.960133	40.168856	0.885822	0.101403	-14.747936	0.554104	-24.483157	-0.204021	True	0.000127	0.373632	0.011885	0.250887	0.772362	0.999046	0.137831	44.025251	0.999942	MITO_M2_007_y0x0
MITO_M2_007_y0x256.png	0.390556	0.452862	0.623407	0.506630	0.810144	0.991907	30.043924	0.991532	35.196618	0.675105	0.627381	1.328120	31.075418	0.827272	9334	25	2	34	81	1.852090	0.080000	311	288	1391.011327	4.018409	0.000000	0.068946	-11.164626	-0.007103	-0.005856	0.136183	3929.752350	0.675105	0.675105	25	2	23	34	81	1.852090	0.080000	25	2	311	288	196	4.829900	4.018409	1391.011327	0.000000	34244	3.668738	7.021213	256x256	65536	dense	Learned	1317	25	89	8682	43.141547	0.967714	41.470084	0.997388	0.538922	0.566906	75	78	0.000000	92	9200	43.836086	0.973573	0.998116	42.592985	0.432754	0.524224	248	27.367573	0.688723	0.956757	24.076318	0.996517	0.304315	-6.273467	0.060476	-12.066129	-0.140442	True	0.391235	31.072607	0.827322	35.204459	0.554067	0.735867	0.321610	41.208550	0.999010	MITO_M2_007_y0x256
MITO_M2_007_y0x512.png	0.300670	0.349110	0.517541	0.520870	0.514254	0.988967	29.158018	0.994265	34.536775	0.315878	0.517790	1.214648	26.944191	0.744789	8983	32	2	21	83	1.786477	0.062500	281	251	1290.915872	3.921008	0.000000	-0.024676	-10.003282	-0.009156	-0.003204	0.002984	4660.818338	0.315878	0.315878	32	2	30	21	83	1.786477	0.062500	32	1	281	251	177	5.143091	3.921008	1290.915872	0.000000	38194	4.251809	7.295558	256x256	65536	dense	Learned	1328	32	84	8815	40.390606	0.953111	39.117625	0.997468	0.312894	0.534006	67	55	0.000000	87	8252	40.546613	0.955899	0.997818	39.659887	0.491759	0.311116	250	23.013329	0.621217	0.969711	21.609951	0.838621	0.170872	-4.580850	-0.016216	-13.446415	-0.208323	True	0.300585	26.946677	0.744856	34.564060	0.475119	0.577102	0.325345	39.161299	0.998123	MITO_M2_007_y0x512
MITO_M2_007_y256x256.png	0.162554	0.474550	0.643654	0.541313	0.793713	0.998258	33.157379	0.998071	35.884809	0.245767	0.430592	1.434507	32.001832	0.816206	4311	19	0	8	46	1.722628	0.000000	137	118	594.700577	3.433293	0.000000	0.021538	-5.877773	-0.001271	-0.000982	0.036429	2472.462177	0.245767	0.245767	19	0	19	8	46	1.722628	0.000000	19	0	137	118	83	5.039835	3.433293	594.700577	0.000000	34407	7.981211	15.202041	256x256	65536	sparse	Learned	568	19	69	4299	41.557333	0.952972	39.243484	0.999053	0.209338	0.471932	68	29	0.000000	86	4208	41.526939	0.953412	0.999004	39.237974	0.467865	0.207465	464	32.537528	0.821617	0.992427	27.518684	0.526620	0.198718	-3.358675	-0.041340	-9.555501	-0.136766	True	0.161984	32.018179	0.816385	35.886079	0.544916	0.781685	0.141016	39.035152	0.999529	MITO_M2_007_y256x256
MITO_M2_007_y256x512.png	0.375258	0.484647	0.652878	0.626461	0.681622	0.990760	29.335816	0.994164	33.981020	0.440699	0.492369	1.042325	29.006569	0.774647	7257	29	0	21	81	1.780303	0.000000	264	235	1127.489465	4.225446	0.000000	-0.013861	-9.137284	-0.006955	-0.002924	0.020943	3766.525984	0.440699	0.440699	29	0	29	21	81	1.780303	0.000000	30	0	264	235	162	4.797828	4.225446	1127.489465	0.000000	37769	5.204492	9.030729	256x256	65536	sparse	Learned	819	30	80	7068	40.258737	0.947950	38.485319	0.997088	0.419756	0.488561	57	44	0.000000	86	6950	40.346376	0.951070	0.997284	38.727544	0.577326	0.420167	276	25.820401	0.673318	0.968748	21.894053	0.968779	0.228841	-4.504299	0.003808	-11.252168	-0.173302	True	0.374108	29.001953	0.774668	33.993763	0.619749	0.645979	0.389119	38.473100	0.997716	MITO_M2_007_y256x512
MITO_M2_007_y512x0.png	0.044947	0.357759	0.526984	0.371365	0.907104	0.999729	35.861220	0.999078	36.928367	0.109788	0.598280	1.068745	40.274780	0.947037	1985	5	0	4	14	1.821429	0.000000	56	51	254.066017	3.590954	0.000000	-0.016391	-3.500027	-0.000168	-0.000440	-0.040036	1775.294065	0.109788	0.109788	5	0	5	4	14	1.821429	0.000000	5	0	56	51	38	4.981687	3.590954	254.066017	0.000000	27540	13.874055	33.015617	256x256	65536	sparse	Learned	286	5	71	1974	45.261363	0.970073	40.123310	0.999518	0.149824	0.957362	8	31	0.000000	91	1734	45.470370	0.970511	0.999630	41.393628	0.806573	0.149966	4519	45.325947	0.963898	0.999793	43.939048	0.398721	0.146738	-3.194943	-0.359082	-4.986584	-0.023036	True	0.045163	40.310575	0.949011	36.905535	0.935430	0.999736	0.061337	39.361247	0.999898	MITO_M2_007_y512x0
MITO_M2_007_y512x256.png	0.323207	0.220451	0.361261	0.775057	0.235520	0.981446	25.457081	0.998265	32.178453	0.095141	0.306959	1.019294	24.727793	0.682067	4089	24	0	2	51	1.596639	0.000000	119	95	475.232539	3.357542	0.000000	-0.028060	-10.209802	-0.014958	-0.000728	-0.004159	1958.579302	0.095141	0.095141	24	0	24	2	51	1.596639	0.000000	24	0	119	95	66	5.002448	3.357542	475.232539	0.000000	39406	9.637075	16.027391	256x256	65536	sparse	Learned	422	24	44	4066	37.430572	0.921778	35.527452	0.998993	0.099300	0.902704	20	33	0.000000	76	3770	37.531017	0.922709	0.998923	35.453963	0.818127	0.098879	539	28.318465	0.753616	0.994785	24.651956	0.956717	0.089639	-3.348999	-0.595745	-12.702779	-0.239711	True	0.323219	24.726278	0.682093	32.188306	0.820336	0.836164	0.351267	35.666883	0.996404	MITO_M2_007_y512x256
MITO_M2_007_y512x512.png	0.214096	0.150262	0.261266	0.604219	0.166667	0.992907	25.393974	0.999722	32.381942	0.063722	0.405479	1.536648	24.662043	0.780348	2223	6	0	2	14	1.692308	0.000000	39	33	169.882251	3.268520	0.000000	-0.053573	-9.427471	-0.005238	0.000020	-0.015610	1445.672035	0.063722	0.063722	6	0	6	2	14	1.692308	0.000000	6	0	39	33	23	5.147947	3.268520	169.882251	0.000000	36488	16.413855	29.480882	256x256	65536	dense	Learned	331	6	21	2197	37.085203	0.906113	33.253157	0.999702	0.079332	0.627565	26	18	0.000000	68	2206	38.932164	0.932755	0.999762	34.675536	0.624294	0.080130	4098	40.480703	0.946477	0.999887	38.415540	0.480086	0.081559	-0.871215	-0.222085	-12.423160	-0.125765	True	0.214480	24.662528	0.780311	32.382576	0.595169	0.914565	0.267669	34.821444	0.998145	MITO_M2_007_y512x512
MITO_M2_008_y0x0.png	0.166976	0.195010	0.326375	0.470588	0.249817	0.993857	24.921524	0.998873	31.425907	0.084397	0.362372	1.365319	20.628204	0.682565	2936	10	0	4	24	1.672131	0.000000	61	51	243.580736	3.685140	0.000000	0.001644	-9.232211	-0.004661	-0.000304	-0.001386	1497.346401	0.084397	0.084397	10	0	10	4	24	1.672131	0.000000	10	0	61	51	33	4.776093	3.685140	243.580736	0.000000	39745	13.537125	22.321526	256x256	65536	dense	Learned	381	10	22	2908	35.325072	0.897482	33.675577	0.999177	0.085782	0.508505	33	14	0.000000	59	2900	36.818703	0.917054	0.999307	34.459798	0.402190	0.086643	3221	37.245744	0.918503	0.999336	34.762547	0.404780	0.086495	-2.249670	-0.146133	-14.696867	-0.214917	True	0.166792	20.627383	0.682819	31.416754	0.512707	0.700008	0.165332	34.153735	0.998518	MITO_M2_008_y0x0
MITO_M2_008_y0x512.png	0.050313	0.063260	0.118992	0.063270	0.997409	0.999883	35.804752	0.994862	38.926030	0.564184	0.547666	2.750638	43.518206	0.961142	4011	16	3	8	35	1.839506	0.187500	162	149	772.972655	3.738251	0.000000	0.013825	-5.220888	-0.000071	-0.003165	0.082413	2191.319466	0.564184	0.564184	16	3	13	8	35	1.839506	0.187500	18	2	162	149	119	5.187736	3.738251	772.972655	0.000000	25082	6.253303	16.339068	256x256	65536	sparse	Learned	613	18	89	3838	46.704807	0.975232	43.120087	0.998027	0.481771	0.382168	91	74	0.000000	95	3848	47.453372	0.978063	0.998607	45.051468	0.345737	0.481251	533	41.819976	0.863612	0.995054	37.884483	0.905265	0.521271	-4.194057	0.165498	-3.186601	-0.014091	True	0.027403	43.590349	0.966887	38.938379	0.329680	0.906830	0.036487	41.025640	0.999954	MITO_M2_008_y0x512
MITO_M2_008_y256x0.png	0.185759	0.443833	0.614798	0.684792	0.557785	0.993005	27.029905	0.997977	33.737424	0.210132	0.324137	0.801140	23.180204	0.735404	3604	17	0	5	39	1.634409	0.000000	93	76	366.119841	3.847413	0.000000	-0.005403	-9.437789	-0.005118	-0.000524	0.001769	2182.902813	0.210132	0.210132	17	0	17	5	39	1.634409	0.000000	17	0	93	76	49	4.817366	3.847413	366.119841	0.000000	37874	10.508879	18.184240	256x256	65536	dense	Learned	464	17	41	3567	38.164118	0.927728	36.216273	0.998502	0.208363	0.415258	41	16	0.000000	79	3582	39.060414	0.934720	0.998484	36.743507	0.458923	0.205293	600	28.314067	0.793053	0.993950	26.086461	0.556757	0.182754	-2.478848	-0.091122	-14.983914	-0.192324	True	0.186430	23.179373	0.735622	33.732351	0.642668	0.514868	0.191162	36.467694	0.998123	MITO_M2_008_y256x0
MITO_M2_008_y256x256.png	0.277082	0.319003	0.483703	0.510535	0.459550	0.991102	25.715307	0.997158	33.823163	0.317170	0.377980	0.718298	22.151823	0.695253	5161	23	0	10	56	1.691275	0.000000	149	126	598.801082	3.979398	0.000000	0.009461	-11.239268	-0.007004	-0.001068	0.025268	2721.079588	0.317170	0.317170	23	0	23	10	56	1.691275	0.000000	23	0	149	126	83	4.752390	3.979398	598.801082	0.000000	39248	7.604728	12.698314	256x256	65536	dense	Learned	674	23	60	5126	38.783913	0.945346	36.907835	0.998227	0.291902	0.330411	55	13	0.000000	81	4852	39.065120	0.945953	0.998260	36.836503	0.358325	0.292343	410	23.720881	0.645765	0.983349	23.710229	0.422799	0.251956	-3.084672	0.047569	-16.632091	-0.250093	True	0.276769	22.151912	0.695180	33.834823	0.631345	0.453494	0.267622	36.954575	0.998107	MITO_M2_008_y256x256
MITO_M2_008_y256x512.png	0.232804	0.399322	0.570737	0.697583	0.482923	0.987562	23.749302	0.998197	34.048970	0.213009	0.316139	1.011223	21.460089	0.677922	4076	21	0	5	47	1.611111	0.000000	108	87	445.516811	3.741157	0.000000	-0.012170	-12.290437	-0.010725	-0.000467	-0.021395	1904.013395	0.213009	0.213009	21	0	21	5	47	1.611111	0.000000	21	0	108	87	56	5.120883	3.741157	445.516811	0.000000	39378	9.660942	16.078508	256x256	65536	dense	Learned	503	21	38	4054	37.220554	0.924434	35.981751	0.998665	0.234404	0.253736	71	10	0.000000	76	4034	37.990383	0.930642	0.998640	35.946495	0.259429	0.231778	532	25.370090	0.717631	0.992073	25.027759	0.451188	0.167954	-1.932781	0.062402	-15.760465	-0.246512	True	0.232362	21.458654	0.677812	34.052239	0.504655	0.510318	0.244974	36.039739	0.998287	MITO_M2_008_y256x512
MITO_M2_008_y512x0.png	0.214887	0.359937	0.529344	0.489602	0.576107	0.994098	22.672986	0.997823	35.340463	0.227497	0.385328	1.380458	23.421052	0.737626	3470	12	1	4	26	1.717949	0.083333	78	67	328.634560	4.332566	0.000000	-0.023939	-13.011170	-0.004832	-0.000378	-0.020312	2590.501070	0.227497	0.227497	12	1	11	4	26	1.717949	0.083333	12	1	78	67	48	4.904993	4.332566	328.634560	0.000000	36883	10.629107	18.886455	256x256	65536	dense	Learned	545	12	40	3459	38.480878	0.933038	36.608575	0.998201	0.247810	0.371788	41	17	0.000000	78	3272	39.258391	0.940034	0.998177	36.698172	0.368015	0.242461	596	28.791118	0.790985	0.992635	28.191415	0.536144	0.201250	-1.268112	0.013540	-15.059826	-0.195412	True	0.214948	23.422325	0.737752	35.343560	0.472708	0.652553	0.238827	35.684156	0.998930	MITO_M2_008_y512x0
MITO_M2_008_y512x256.png	0.162322	0.459441	0.629612	0.647919	0.612312	0.995068	28.550455	0.998541	35.639375	0.169005	0.477954	1.460599	24.615874	0.759499	2958	10	0	3	23	1.753086	0.000000	81	71	370.090404	3.727675	0.000000	-0.056442	-8.049940	-0.003667	-0.000324	-0.058442	1953.570604	0.169005	0.169005	10	0	10	3	23	1.753086	0.000000	10	0	81	71	55	5.212541	3.727675	370.090404	0.000000	36473	12.330291	22.155510	256x256	65536	sparse	Learned	384	10	34	2955	38.514735	0.928886	36.984369	0.998864	0.227447	0.510400	48	37	0.000000	77	2882	39.480649	0.939710	0.998837	36.975264	0.545438	0.221405	3201	39.857100	0.943115	0.999043	37.932535	0.511345	0.225892	-1.344994	-0.032446	-13.898860	-0.169387	True	0.162234	24.615255	0.759569	35.643022	0.652677	0.953299	0.218764	36.600395	0.998735	MITO_M2_008_y512x256
MITO_M2_008_y512x512.png	0.283478	0.323820	0.489221	0.637136	0.397044	0.988155	24.882311	0.997593	33.824973	0.239626	0.368051	1.319382	23.950394	0.737981	4720	18	0	10	46	1.697479	0.000000	119	101	484.931024	3.866040	0.000000	-0.020011	-12.591549	-0.010129	-0.000994	-0.003321	3024.367094	0.239626	0.239626	18	0	18	10	46	1.697479	0.000000	19	0	119	101	63	4.801297	3.866040	484.931024	0.000000	37168	7.874576	13.884746	256x256	65536	dense	Learned	684	19	63	4675	39.500470	0.944706	37.318878	0.998587	0.242947	0.413842	48	17	0.000000	83	4558	39.732474	0.945084	0.998619	37.565933	0.370044	0.241761	395	25.872857	0.724661	0.989368	25.201917	0.760507	0.222876	-3.493905	-0.045791	-15.550076	-0.206725	True	0.283280	23.952974	0.738236	33.842749	0.547666	0.722580	0.303488	37.473861	0.998284	MITO_M2_008_y512x512
MITO_M2_009_y0x256.png	0.039381	0.170264	0.290984	0.193724	0.584362	0.999333	25.531166	0.999375	32.705642	0.113019	0.372313	3.273108	31.578586	0.871787	2186	7	1	3	16	1.720930	0.142857	43	37	185.409163	3.494389	0.000000	-0.000988	-9.104904	-0.000605	-0.000207	-0.002820	1521.104097	0.113019	0.113019	7	1	6	3	16	1.720930	0.142857	7	0	43	37	24	5.011058	3.494389	185.409163	0.000000	33345	15.253888	29.979872	256x256	65536	dense	Learned	332	7	51	2164	40.326961	0.925988	34.707115	0.999582	0.115839	0.989273	4	24	0.000000	84	2182	41.060779	0.943220	0.999724	36.382549	0.819273	0.115511	4253	41.785295	0.926516	0.999902	40.542634	0.721731	0.117573	-2.001474	-0.616960	-8.748375	-0.054201	True	0.039352	31.581885	0.873755	32.709274	0.302324	0.989538	0.040369	34.636070	0.999939	MITO_M2_009_y0x256
MITO_M2_009_y0x512.png	0.081738	0.395868	0.567200	0.584384	0.550997	0.995366	25.091398	0.998549	32.617855	0.077068	0.366609	2.059607	24.281890	0.674616	3103	11	0	2	24	1.702703	0.000000	74	63	306.320851	3.568030	0.000000	-0.049820	-8.624574	-0.003656	-0.000157	-0.049164	1836.160421	0.077068	0.077068	11	0	11	2	24	1.702703	0.000000	12	0	74	63	48	4.862236	3.568030	306.320851	0.000000	40529	13.061231	21.120206	256x256	65536	dense	Learned	431	12	28	3102	35.982916	0.898091	33.387408	0.998706	0.126232	0.716204	40	39	0.000000	65	3028	36.522318	0.908675	0.998734	33.608928	0.636945	0.120504	663	29.736793	0.769671	0.996361	26.629716	0.811343	0.117875	-0.769553	-0.349596	-11.701026	-0.223474	True	0.081807	24.284130	0.675109	32.622269	0.485529	0.999998	0.131557	33.715973	0.999022	MITO_M2_009_y0x512
MITO_M2_009_y256x256.png	0.171426	0.396477	0.567825	0.696602	0.479232	0.994560	22.418525	0.998904	29.718811	0.117933	0.353686	2.480425	22.494965	0.621890	3504	17	1	7	39	1.680000	0.058824	100	84	404.705627	3.603538	0.000000	-0.054246	-9.490720	-0.004099	-0.000128	-0.039371	1639.235020	0.117933	0.117933	17	1	16	7	39	1.680000	0.058824	17	1	100	84	54	4.817924	3.603538	404.705627	0.000000	42428	12.108447	18.703196	256x256	65536	sparse	Learned	357	17	26	3460	34.348348	0.891347	31.658737	0.999032	0.157304	0.672333	33	22	0.000000	57	3442	34.884976	0.900804	0.999122	31.967852	0.689954	0.157892	581	26.726386	0.726188	0.996245	23.122585	0.712438	0.151106	-1.939926	-0.318647	-11.853383	-0.269457	True	0.171481	22.493751	0.621944	29.710163	0.401104	0.994908	0.225671	31.909245	0.998660	MITO_M2_009_y256x256
MITO_M2_009_y256x512.png	0.243840	0.536220	0.698103	0.752626	0.650947	0.994343	21.773764	0.997920	30.376011	0.211107	0.474112	1.416682	25.095672	0.720144	4276	14	0	6	34	1.766667	0.000000	120	106	525.818326	3.851512	0.000000	-0.050410	-11.610040	-0.004679	-0.000676	-0.042323	1916.669607	0.211107	0.211107	14	0	14	6	34	1.766667	0.000000	15	0	120	106	80	4.960550	3.851512	525.818326	0.000000	41213	9.638213	15.326473	256x256	65536	sparse	Learned	473	15	51	4176	36.483408	0.907087	33.483860	0.998595	0.253430	0.701006	30	31	0.000000	76	4118	36.627139	0.910882	0.998623	33.735907	0.598024	0.260763	473	27.837249	0.740798	0.991683	24.041483	0.875319	0.237218	-3.107849	-0.226895	-11.387735	-0.186942	True	0.244142	25.097655	0.720456	30.385479	0.689872	0.977329	0.294250	33.383805	0.999022	MITO_M2_009_y256x512
MITO_M2_009_y512x0.png	0.022953	0.179226	0.303972	0.188841	0.778761	0.999679	28.064922	0.999533	32.969658	0.094658	0.507372	4.573972	35.151074	0.888850	1805	5	0	3	13	1.772727	0.000000	44	39	200.580736	3.527402	0.000000	-0.001502	-5.811001	-0.000270	-0.000099	-0.006194	1440.689325	0.094658	0.094658	5	0	5	3	13	1.772727	0.000000	5	0	44	39	28	5.143096	3.527402	200.580736	0.000000	32121	17.795568	36.308033	256x256	65536	sparse	Learned	249	5	34	1792	40.146357	0.904815	34.205671	0.999632	0.100851	0.999579	3	30	0.000000	83	1746	41.375015	0.941829	0.999740	35.909149	0.798103	0.099672	5230	42.772157	0.927799	0.999924	40.733960	0.728827	0.101532	-1.236013	-0.492208	-4.995282	-0.015965	True	0.022918	35.143949	0.892619	32.971406	0.217295	0.993903	0.024455	33.875923	0.999949	MITO_M2_009_y512x0
MITO_M2_009_y512x256.png	0.354882	0.402216	0.573686	0.571544	0.575845	0.989683	21.925012	0.994686	30.665189	0.405325	0.465884	1.099746	21.885795	0.545715	7795	28	1	23	78	1.765217	0.035714	230	203	977.577777	4.178360	0.000000	0.006086	-11.924684	-0.008155	-0.001814	0.038785	3181.174040	0.405325	0.405325	28	1	27	23	78	1.765217	0.035714	28	1	230	203	129	4.815654	4.178360	977.577777	0.000000	43977	5.641693	8.407441	256x256	65536	dense	Learned	887	28	65	7760	35.325950	0.916453	33.890564	0.996501	0.366539	0.516760	58	38	0.000000	76	7540	35.468593	0.922700	0.997037	34.136376	0.478534	0.364344	278	20.391232	0.435519	0.975638	19.903202	0.961612	0.292532	-3.225375	-0.050875	-13.440155	-0.370738	True	0.354712	21.885550	0.545706	30.686822	0.644845	0.709165	0.348796	33.849696	0.997838	MITO_M2_009_y512x256
MITO_M2_009_y512x512.png	0.013495	0.292479	0.452586	0.396975	0.526316	0.999487	24.414676	0.999792	30.167510	0.017892	0.298827	1.498938	24.980743	0.736353	1301	4	0	2	10	1.578947	0.000000	19	15	74.870058	3.274930	0.000000	-0.008542	1.337005	0.000055	0.000361	-0.011400	993.802071	0.017892	0.017892	4	0	4	2	10	1.578947	0.000000	4	0	19	15	7	4.991337	3.274930	74.870058	0.000000	37669	28.953882	50.373559	256x256	65536	sparse	Learned	165	4	3	1250	27.661354	0.668410	23.729453	0.999431	0.029291	0.901424	13	21	0.000000	25	1258	35.654574	0.895168	0.999788	30.007737	0.944313	0.022596								6.438056	-0.602597	-2.680611	0.067943	True	0.013481	24.980224	0.737681	30.176102	0.667129	0.999985	0.022036	23.077671	0.999432	MITO_M2_009_y512x512
MITO_M2_010_y0x256.png	0.033415	0.141598	0.248070	0.154388	0.630890	0.999609	32.388075	0.999245	35.923010	0.132880	0.341309	3.492969	37.206171	0.939178	1807	8	1	2	17	1.702128	0.125000	47	40	184.267027	3.550535	0.000000	-0.009129	-5.546021	-0.000306	-0.000279	-0.036153	1410.408497	0.132880	0.132880	8	1	7	2	17	1.702128	0.125000	8	0	47	40	28	4.606676	3.550535	184.267027	0.000000	16108	8.914222	36.267847	256x256	65536	sparse	Learned	238	8	52	1792	44.464414	0.907046	38.097545	0.999524	0.169033	0.915076	10	37	0.000000	89	1548	46.697655	0.982767	0.999686	39.821208	0.857597	0.176185	5272	49.340699	0.989347	0.999903	45.553111	0.377507	0.167639	-2.174535	-0.573768	-7.258243	0.032133	True	0.033357	37.207223	0.939008	35.913491	0.283469	0.990147	0.042544	37.934096	0.999915	MITO_M2_010_y0x256
MITO_M2_010_y0x512.png	0.051341	0.405652	0.577173	0.458112	0.779853	0.996732	24.895461	0.998480	36.984934	0.087399	0.367031	1.991328	28.947409	0.823777	2838	15	0	4	34	1.634146	0.000000	82	67	377.705627	3.512470	0.000000	-0.042269	-13.997468	-0.002898	-0.000649	-0.073448	1774.939775	0.087399	0.087399	15	0	15	4	34	1.634146	0.000000	15	0	82	67	44	5.637397	3.512470	377.705627	0.000000	26388	9.298097	23.092319	256x256	65536	sparse	Learned	390	15	51	2828	42.189163	0.963022	39.301027	0.999129	0.160847	0.811400	32	49	0.000000	85	2670	42.795916	0.967368	0.999186	39.640810	0.957468	0.134005	3113	43.312619	0.969066	0.999319	40.363270	0.827288	0.145230	-2.316093	-0.444369	-13.241755	-0.139245	True	0.051277	28.943900	0.823857	37.038793	0.502172	0.999989	0.093610	38.892929	0.999630	MITO_M2_010_y0x512
MITO_M2_010_y256x256.png	0.246724	0.269995	0.425191	0.593750	0.331174	0.986848	25.061109	0.998462	33.654551	0.156212	0.298827	1.496439	22.030388	0.643848	4673	27	0	8	62	1.602941	0.000000	136	109	549.357431	3.509055	0.000000	-0.013034	-11.955792	-0.011001	-0.000623	-0.005002	1956.683159	0.156212	0.156212	27	0	27	8	62	1.602941	0.000000	28	0	136	109	66	5.039976	3.509055	549.357431	0.000000	39072	8.361224	14.024395	256x256	65536	dense	Learned	568	28	44	4673	37.840071	0.939731	36.897724	0.999085	0.161215	0.648261	37	36	0.000000	78	4614	38.479428	0.942882	0.999134	37.116602	0.649319	0.160191	470	24.706767	0.668012	0.990552	24.077191	0.894776	0.126753	-3.243172	-0.349434	-15.809683	-0.295884	True	0.246863	22.031269	0.643936	33.653274	0.534529	0.799890	0.259759	37.016901	0.997849	MITO_M2_010_y256x256
MITO_M2_010_y256x512.png	0.207072	0.505690	0.671706	0.605957	0.753458	0.991604	25.835261	0.995409	33.996869	0.255884	0.414331	1.100088	27.213005	0.767234	5872	20	0	10	51	1.724138	0.000000	145	125	610.925974	3.910974	0.000000	-0.052236	-13.889785	-0.007344	-0.003023	-0.046279	3937.437296	0.255884	0.255884	20	0	20	10	51	1.724138	0.000000	20	1	145	125	84	4.887408	3.910974	610.925974	0.000000	35914	6.116144	11.160763	256x256	65536	dense	Learned	884	20	76	5678	41.437906	0.953968	39.963890	0.998432	0.302164	0.307418	131	51	0.000000	86	5378	41.207210	0.953164	0.998305	39.467458	0.311773	0.347681	341	27.947788	0.734923	0.987052	27.050347	0.882345	0.215846	-5.967021	0.106913	-14.224901	-0.186734	True	0.189644	27.213146	0.767380	33.998483	0.692721	0.762055	0.259309	39.725046	0.998947	MITO_M2_010_y256x512
MITO_M2_010_y512x0.png	0.134820	0.385533	0.556512	0.523544	0.593912	0.994456	29.146324	0.997712	37.136799	0.152941	0.610932	1.231118	30.991115	0.867180	3293	10	3	10	26	1.876106	0.300000	113	106	535.487373	3.756253	0.000000	-0.040557	-11.630114	-0.004789	-0.001201	-0.046142	2097.740650	0.152941	0.152941	10	3	7	10	26	1.876106	0.300000	10	1	113	106	77	5.051768	3.756253	535.487373	0.000000	23214	7.049499	19.901609	256x256	65536	sparse	Learned	468	10	73	3234	44.869831	0.977329	40.821346	0.998913	0.199083	0.771826	34	53	0.000000	90	3006	45.139431	0.978265	0.999048	41.388822	0.672125	0.222185	592	36.782607	0.905685	0.995396	32.998729	0.983469	0.191228	-3.684547	-0.160895	-13.878716	-0.110149	True	0.134862	30.985056	0.867112	37.128394	0.806573	0.992987	0.175377	40.776438	0.999246	MITO_M2_010_y512x0
MITO_M2_010_y512x256.png	0.264177	0.430930	0.602307	0.779778	0.490642	0.984953	29.187189	0.996470	36.136307	0.230165	0.450796	0.650246	22.848193	0.719822	6492	28	1	12	67	1.739130	0.035714	207	180	942.305699	3.825455	0.000000	0.077817	-11.029360	-0.012594	-0.001926	0.066496	2696.998119	0.230165	0.230165	28	1	27	12	67	1.739130	0.035714	28	1	207	180	128	5.235032	3.825455	942.305699	0.000000	37022	5.702711	10.094886	256x256	65536	dense	Learned	943	28	75	6450	40.993222	0.962576	40.226999	0.998396	0.163669	0.221428	68	12	0.000000	86	5998	40.985466	0.961407	0.998230	39.844828	0.249103	0.172365	344	24.322742	0.639987	0.969825	24.261553	0.629042	0.117071	-4.090693	0.229368	-18.145029	-0.242754	True	0.264501	22.849300	0.719985	36.154009	0.654313	0.425465	0.186360	40.216549	0.997547	MITO_M2_010_y512x256
MITO_M2_010_y512x512.png	0.087303	0.167451	0.286867	0.203939	0.483452	0.996798	26.884088	0.997585	35.751502	0.211560	0.314427	1.575798	30.850822	0.866192	4214	23	0	8	54	1.632000	0.000000	125	102	501.073160	3.398865	0.000000	-0.008708	-14.224794	-0.002843	-0.001553	0.003466	2237.915754	0.211560	0.211560	23	0	23	8	54	1.632000	0.000000	24	0	125	102	63	4.912482	3.398865	501.073160	0.000000	31797	7.545562	15.551970	256x256	65536	dense	Learned	600	24	76	4137	43.373286	0.964463	41.350723	0.999138	0.208094	0.443751	52	37	0.000000	89	4058	43.334065	0.964761	0.999148	41.352542	0.479206	0.206440	469	33.807590	0.872040	0.992717	29.651855	0.516021	0.172009	-5.599222	-0.129324	-12.522464	-0.098271	True	0.087590	30.851401	0.866260	35.748738	0.318414	0.501757	0.096011	41.108882	0.999641	MITO_M2_010_y512x512
MITO_M2_011_y0x256.png	0.043975	0.440984	0.612059	0.783115	0.502334	0.997217	20.767418	0.999825	33.402712	0.028208	0.349491	1.432859	22.817841	0.768983	1278	4	0	0	8	1.636364	0.000000	22	18	93.183766	3.213529	0.000000	-0.065524	-2.082793	-0.000904	0.001073	-0.042361	926.476955	0.028208	0.028208	4	0	4	0	8	1.636364	0.000000	4	0	22	18	14	5.176876	3.213529	93.183766	0.000000	25737	20.138498	51.280125	256x256	65536	sparse	Learned	188	4	3	1262	28.298616	0.768696	24.579745	0.998753	0.070569	0.729385	17	16	0.000000	32	1256	36.873741	0.933137	0.999781	32.725305	0.997703	0.033099								8.822967	-0.379894	-5.480775	0.000287	True	0.043940	22.816255	0.770341	33.410125	0.696791	0.998404	0.109498	22.850211	0.998121	MITO_M2_011_y0x256
MITO_M2_011_y256x0.png	0.121972	0.567699	0.724245	0.676509	0.779229	0.996758	26.320219	0.998347	32.795008	0.140492	0.482287	1.668857	24.015707	0.780242	3439	12	0	4	28	1.762376	0.000000	101	89	440.989899	3.733399	0.000000	-0.048334	-8.541109	-0.002592	-0.000466	-0.055813	1931.511641	0.140492	0.140492	12	0	12	4	28	1.762376	0.000000	12	0	101	89	69	4.954943	3.733399	440.989899	0.000000	31143	9.055830	19.056703	256x256	65536	sparse	Learned	435	12	48	3401	39.014647	0.928333	34.985844	0.998813	0.196305	0.997779	8	53	0.000000	81	3322	39.793198	0.957500	0.999037	35.849004	0.979902	0.199380	588	30.383602	0.767044	0.994559	27.080927	0.999978	0.183157	-2.190836	-0.515493	-14.998940	-0.148091	True	0.122013	24.014623	0.784211	32.805572	0.597842	0.997712	0.170306	34.861328	0.999350	MITO_M2_011_y256x0
MITO_M2_011_y256x256.png	0.145028	0.267087	0.421576	0.553601	0.340397	0.982222	20.490206	0.997654	31.268433	0.143736	0.297071	0.513895	20.513804	0.504069	5449	32	0	9	73	1.573333	0.000000	150	118	609.457936	3.629680	0.000000	-0.004229	-13.660171	-0.015837	-0.000762	0.017478	2658.591747	0.143736	0.143736	32	0	32	9	73	1.573333	0.000000	32	0	150	118	68	5.164898	3.629680	609.457936	0.000000	43745	8.028079	12.027161	256x256	65536	sparse	Learned	601	32	40	5411	34.741981	0.906707	33.989350	0.998416	0.126259	0.328943	91	41	0.000000	62	5426	34.834440	0.908182	0.998336	33.785103	0.310815	0.123496	408	21.944284	0.513914	0.988934	22.826065	0.474112	0.104726	-2.720917	-0.031872	-14.228178	-0.402638	True	0.144681	20.515247	0.504182	31.279526	0.597110	0.306852	0.149257	34.150377	0.998058	MITO_M2_011_y256x256
MITO_M2_011_y256x512.png	0.101917	0.133294	0.235233	0.165209	0.408288	0.997397	24.506716	0.995537	31.555091	0.258021	0.399504	1.658856	20.824557	0.511684	6173	26	1	13	64	1.709302	0.038462	172	147	732.269119	4.085734	0.000000	-0.007005	-9.428191	-0.001972	-0.001225	0.001542	2658.401489	0.258021	0.258021	26	1	25	13	64	1.709302	0.038462	26	1	172	147	95	4.981423	4.085734	732.269119	0.000000	43973	7.123441	10.616556	256x256	65536	dense	Learned	704	26	48	6051	34.992931	0.900958	34.149479	0.996762	0.256479	0.525266	60	44	0.000000	68	6130	35.113478	0.906302	0.996826	34.099508	0.442476	0.254509	337	20.770704	0.471991	0.981575	21.794616	0.625084	0.189462	-2.594388	-0.125761	-14.168375	-0.389274	True	0.101848	20.825147	0.511622	31.575588	0.556918	0.923846	0.108921	33.934907	0.999369	MITO_M2_011_y256x512
MITO_M2_011_y512x0.png	0.278033	0.521909	0.685861	0.699895	0.672379	0.994445	24.270696	0.997764	32.193022	0.269972	0.497587	1.268829	27.216293	0.852830	3425	12	2	10	30	1.811321	0.166667	106	96	460.161472	4.118990	0.000000	-0.045092	-11.559354	-0.004851	-0.000989	-0.040553	1982.465506	0.269972	0.269972	12	2	10	10	30	1.811321	0.166667	12	2	106	96	66	4.793349	4.118990	460.161472	0.000000	23861	6.966715	19.134599	256x256	65536	sparse	Learned	405	12	69	3368	41.197625	0.919217	35.816073	0.998753	0.310525	0.912043	11	38	0.000000	86	3378	42.466234	0.972834	0.999093	37.299863	0.894520	0.302804	602	34.205936	0.793567	0.995478	28.924211	0.999883	0.303697	-3.623050	-0.414456	-13.981332	-0.066387	True	0.278131	27.219265	0.853487	32.203688	0.786095	0.997420	0.323125	35.830050	0.999296	MITO_M2_011_y512x0
MITO_M2_011_y512x256.png	0.184340	0.364224	0.533965	0.656435	0.450007	0.986021	20.689804	0.997907	33.345176	0.134162	0.368716	1.588018	22.044388	0.587542	4387	23	0	7	53	1.671429	0.000000	140	117	585.943218	3.498620	0.000000	-0.087548	-14.136108	-0.012436	-0.000422	-0.062980	1904.357672	0.134162	0.134162	23	0	23	7	53	1.671429	0.000000	23	0	140	117	80	5.008062	3.498620	585.943218	0.000000	40703	9.278094	14.938682	256x256	65536	sparse	Learned	482	23	37	4386	36.167016	0.909631	34.968294	0.998329	0.197142	0.530250	72	34	0.000000	68	4328	36.444789	0.922943	0.998400	35.086301	0.560381	0.200128	463	24.255716	0.591842	0.989199	24.023203	0.810026	0.136769	-1.623118	-0.161534	-14.122628	-0.322089	True	0.184062	22.046185	0.587566	33.353553	0.584578	0.928321	0.271888	34.825912	0.998457	MITO_M2_011_y512x256
MITO_M2_011_y512x512.png	0.066276	0.220956	0.361940	0.245933	0.685100	0.998380	26.418990	0.998101	34.037494	0.154548	0.258589	1.087885	26.390700	0.684290	3435	25	0	2	52	1.532710	0.000000	107	82	410.717821	3.448248	0.000000	-0.000751	-8.906758	-0.001302	-0.000508	0.008905	1714.645863	0.154548	0.154548	25	0	25	2	52	1.532710	0.000000	25	0	107	82	53	5.008754	3.448248	410.717821	0.000000	39385	11.465793	19.078894	256x256	65536	sparse	Learned	373	25	34	3381	36.852198	0.896740	35.643697	0.998609	0.145643	0.409576	81	44	0.000000	69	3390	37.144450	0.903222	0.998520	35.678481	0.442245	0.141705	593	29.859376	0.745667	0.994163	28.238995	0.540807	0.125831	-1.606203	-0.150987	-10.461498	-0.212450	True	0.066104	26.392479	0.684280	34.052906	0.408116	0.443983	0.067028	35.325747	0.999681	MITO_M2_011_y512x512
MITO_M2_012_y0x0.png	0.051326	0.366598	0.536512	0.407798	0.783951	0.997211	29.512246	0.998519	38.026765	0.098669	0.606235	2.531746	33.765452	0.927058	1931	5	0	4	14	1.818182	0.000000	55	50	269.007143	3.881311	0.000000	-0.040236	-11.134216	-0.002543	-0.000602	-0.076875	1670.908689	0.098669	0.098669	5	0	5	4	14	1.818182	0.000000	5	0	55	50	37	5.380143	3.881311	269.007143	0.000000	16342	8.462973	33.938892	256x256	65536	sparse	Learned	287	5	56	1920	46.162721	0.981402	40.703696	0.999121	0.175545	0.580913	31	20	0.000000	91	1828	47.473831	0.985570	0.999363	42.065609	0.525648	0.174917	4643	49.003226	0.989432	0.999728	45.465552	0.412518	0.169983	-2.676931	0.025321	-12.397270	-0.054344	True	0.051623	33.771584	0.926789	38.052092	0.394984	0.999999	0.091562	40.646462	0.999754	MITO_M2_012_y0x0
MITO_M2_012_y0x256.png	0.279811	0.390150	0.561306	0.673784	0.481009	0.983513	27.839329	0.995363	34.768479	0.400636	0.382206	0.536446	24.793092	0.767720	4764	24	0	6	55	1.680000	0.000000	150	126	668.541197	3.662184	0.000000	0.277132	-13.007572	-0.014344	-0.003096	0.400636	3121.566534	0.400636	0.400636	24	0	24	6	55	1.680000	0.000000	25	0	150	126	89	5.305883	3.662184	668.541197	0.000000	34257	7.190806	13.756507	256x256	65536	sparse	Learned	626	25	70	4703	42.073383	0.961323	40.687970	0.998458	0.000000	0.041039	21	0	0.920000	86	4534	41.911793	0.959895	0.998391	40.495109	0.041952	0.000000	403	28.528585	0.759023	0.987130	28.781985	0.080234	0.000000	-5.919490	0.341167	-17.280290	-0.193603	True	0.280048	24.792459	0.767903	34.783592	0.706010	0.378737	0.002678	40.846901	0.997857	MITO_M2_012_y0x256
MITO_M2_012_y0x512.png	0.126739	0.226761	0.369691	0.498521	0.293773	0.986367	26.978346	0.998412	35.098343	0.162590	0.350141	0.844064	22.170624	0.725969	3813	20	1	6	45	1.675214	0.050000	117	98	481.416306	3.335983	0.000000	0.122945	-12.009974	-0.011526	-0.000765	0.130391	2079.478025	0.162590	0.162590	20	1	19	6	45	1.675214	0.050000	20	0	117	98	66	4.912411	3.335983	481.416306	0.000000	36374	9.539470	17.187516	256x256	65536	sparse	Learned	472	20	44	3802	39.403669	0.944294	38.559540	0.999176	0.032199	0.072553	47	0	0.325000	81	3776	40.192952	0.950721	0.999193	38.924672	0.070973	0.032216	534	27.043233	0.770032	0.994521	27.464533	0.142341	0.033328	-3.461196	0.277589	-17.233046	-0.218325	True	0.127027	22.171763	0.726161	35.090411	0.542391	0.457812	0.003794	38.988320	0.997893	MITO_M2_012_y0x512
MITO_M2_012_y256x0.png	0.478609	0.555808	0.714494	0.660522	0.778072	0.997716	32.459503	0.998717	35.969130	0.597811	0.660404	0.904661	36.740411	0.946741	1913	4	1	4	10	1.884615	0.250000	52	49	238.681241	4.424327	0.000000	0.029471	-7.876772	-0.001589	-0.000549	0.077801	1899.093151	0.597811	0.597811	4	1	3	4	10	1.884615	0.250000	4	1	52	49	38	4.871046	4.424327	238.681241	0.000000	14832	7.753267	34.258233	256x256	65536	sparse	Learned	287	4	64	1894	45.886575	0.910426	39.186438	0.999266	0.520010	0.513248	11	1	0.125000	93	1886	49.659819	0.990754	0.999599	42.834778	0.489022	0.532174	4888	51.718146	0.993329	0.999839	47.059802	0.372762	0.492241	-3.217308	0.147157	-9.146163	0.036315	True	0.478897	36.750806	0.947548	35.982315	0.907449	0.820934	0.449138	40.336276	0.999305	MITO_M2_012_y256x0
MITO_M2_012_y256x256.png	0.143942	0.379953	0.550675	0.437939	0.741573	0.996640	27.718020	0.998270	35.546823	0.160243	0.460709	0.438367	24.522397	0.792947	2622	8	1	5	19	1.781250	0.125000	64	57	278.521861	4.176436	0.000000	0.001084	-9.996509	-0.002694	-0.000664	0.023140	2207.385540	0.160243	0.160243	8	1	7	5	19	1.781250	0.125000	8	1	64	57	40	4.886348	4.176436	278.521861	0.000000	33606	12.816934	24.994661	256x256	65536	sparse	Learned	351	8	31	2591	39.424426	0.938465	38.231119	0.998933	0.137103	0.106606	33	0	0.000000	79	2502	41.190220	0.954425	0.999114	39.405579	0.100238	0.140267	3554	41.995933	0.959522	0.999293	40.599921	0.090360	0.137557	-2.684296	0.354103	-14.902030	-0.145518	True	0.143609	24.519792	0.793085	35.530404	0.381217	0.167113	0.142857	37.714529	0.999334	MITO_M2_012_y256x256
MITO_M2_012_y256x512.png	0.000000	0.091931	0.168383	0.204446	0.143135	0.991930	28.178065	0.998807	35.498282	0.088499	0.275558	0.632959	24.724873	0.753198	2715	16	0	1	33	1.594937	0.000000	79	63	296.764502	3.302413	0.000000	-0.005792	-10.112434	-0.006296	-0.000349	0.025075	1743.947029	0.088499	0.088499	16	0	16	1	33	1.594937	0.000000	17	0	79	63	45	4.710548	3.302413	296.764502	0.000000	34174	12.587109	24.138490	256x256	65536	sparse	Learned	338	17	28	2706	38.797173	0.933025	37.281899	0.999156	0.063424	0.076884	41	0	0.294118	75	2624	40.196246	0.950664	0.999330	38.501329	0.075124	0.063492	3449	41.401531	0.958750	0.999468	39.877860	0.066718	0.063974	-1.783617	0.198674	-14.072300	-0.179826	True	0.000000	24.725116	0.753252	35.489736	0.602277	0.381217	0.005792	38.290499	0.998226	MITO_M2_012_y256x512
MITO_M2_012_y512x256.png	0.117636	0.147397	0.256924	0.354447	0.201487	0.981456	27.047817	0.995666	33.606376	0.150868	0.289606	0.661046	21.878564	0.695428	5342	31	0	8	70	1.594771	0.000000	153	122	563.617316	3.745299	0.000000	0.055217	-13.563543	-0.016397	-0.003174	0.029957	4260.113716	0.150868	0.150868	31	0	31	8	70	1.594771	0.000000	31	0	153	122	75	4.619814	3.745299	563.617316	0.000000	36584	6.848371	12.268064	256x256	65536	sparse	Learned	717	31	64	5249	40.683050	0.958835	39.943388	0.998840	0.120910	0.169777	66	10	0.000000	85	5276	41.087258	0.960904	0.998856	40.171744	0.155056	0.120962	399	24.024088	0.692996	0.985756	25.036085	0.559568	0.098651	-6.337012	0.119829	-18.804487	-0.263407	True	0.117801	21.881696	0.695213	33.618855	0.632374	0.418028	0.062419	40.611360	0.997853	MITO_M2_012_y512x256
MITO_M2_012_y512x512.png	0.019168	0.095890	0.175000	0.976744	0.096110	0.998914	26.335588	0.999972	38.349406	0.001886	0.113080	4.527816	27.164779	0.829226	406	1	1	1	2	2.000000	1.000000	4	4	5.828427	2.716136	0.000000						425.856113	0.001886	0.001886	1	1	0	1	2	2.000000	1.000000	1	0	4	4	1	1.457107	2.716136	5.828427	0.000000	25014	61.610837	161.418719	256x256	65536	sparse	Learned	41	1																															True	0.019134	27.166629	0.828684	38.294227	0.215990	0.977962				MITO_M2_012_y512x512
MITO_M2_013_y0x0.png	0.092650	0.372173	0.542458	0.479791	0.623954	0.993883	20.656275	0.998187	32.406117	0.120695	0.283946	2.075865	21.179165	0.602665	4581	30	0	6	66	1.574468	0.000000	141	111	540.587878	3.582278	0.000000	-0.023132	-13.279387	-0.005294	-0.000297	-0.029676	2294.222832	0.120695	0.120695	30	0	30	6	66	1.574468	0.000000	30	0	141	111	69	4.870161	3.582278	540.587878	0.000000	41323	9.020520	14.306047	256x256	65536	sparse	Learned	536	30	39	4554	35.623413	0.904178	34.174626	0.998484	0.150371	0.798204	40	72	0.000000	69	4566	35.981042	0.911209	0.998570	34.220310	0.928924	0.141887	474	24.252623	0.650036	0.991509	23.548572	0.962303	0.136275	-1.768509	-0.514258	-14.444248	-0.301512	True	0.092671	21.179143	0.602796	32.413384	0.479691	0.995775	0.115782	33.935662	0.999178	MITO_M2_013_y0x0
MITO_M2_013_y0x256.png	0.082387	0.373455	0.543819	0.537019	0.550793	0.996384	23.081384	0.998903	31.823286	0.085279	0.335520	2.121361	23.606256	0.713157	3203	16	0	4	36	1.648352	0.000000	91	75	360.705627	3.531046	0.000000	-0.006484	-10.589319	-0.003087	-0.000264	-0.005939	1713.676214	0.085279	0.085279	16	0	16	4	36	1.648352	0.000000	16	0	91	75	51	4.809408	3.531046	360.705627	0.000000	39045	12.190134	20.460818	256x256	65536	sparse	Learned	344	16	33	3192	36.229090	0.898830	33.511853	0.999166	0.091217	0.971354	11	39	0.000000	72	3194	36.711966	0.909942	0.999163	33.805854	0.984037	0.089162	672	30.149075	0.791476	0.997510	26.394982	0.996707	0.092284	-1.688567	-0.635834	-12.622835	-0.185672	True	0.082394	23.608524	0.714195	31.844325	0.471300	0.999797	0.088871	33.670703	0.999471	MITO_M2_013_y0x256
MITO_M2_013_y0x512.png	0.109951	0.350708	0.519295	0.433154	0.648204	0.995457	21.803297	0.997434	32.707029	0.164538	0.411395	1.943260	25.769987	0.762478	3927	18	1	8	42	1.740458	0.055556	131	114	532.487373	3.750595	0.000000	-0.013506	-13.309923	-0.004078	-0.000838	-0.020211	2265.868425	0.164538	0.164538	18	1	17	8	42	1.740458	0.055556	18	1	131	114	81	4.670942	3.750595	532.487373	0.000000	34169	8.701044	16.688566	256x256	65536	sparse	Learned	475	18	58	3913	38.306280	0.930757	35.039146	0.998271	0.184749	0.814963	25	60	0.000000	79	3632	38.318953	0.932026	0.998305	35.064942	0.759411	0.183170	540	30.993559	0.741798	0.993800	27.681130	0.999559	0.180194	-2.332118	-0.403568	-12.536294	-0.168279	True	0.110048	25.768597	0.763307	32.717716	0.513856	0.998556	0.123456	35.113220	0.999535	MITO_M2_013_y0x512
MITO_M2_013_y256x0.png	0.064479	0.567036	0.723705	0.613065	0.883073	0.999110	29.906355	0.998588	32.414658	0.092877	0.446288	2.681107	23.947756	0.759517	2611	9	1	5	21	1.780822	0.111111	73	65	290.308658	4.024389	0.000000	-0.004317	-3.833320	-0.000538	-0.000197	-0.006219	1878.500938	0.092877	0.092877	9	1	8	5	21	1.780822	0.111111	9	1	73	65	47	4.466287	4.024389	290.308658	0.000000	35889	13.745308	25.099962	256x256	65536	sparse	Learned	307	9	31	2603	37.275530	0.901891	33.859527	0.998785	0.099096	0.997675	5	23	0.000000	76	2518	38.070150	0.922682	0.998969	34.432107	0.998236	0.098432	3580	38.740254	0.916456	0.999266	35.922266	0.833373	0.100353	-1.444870	-0.551387	-13.327774	-0.142374	True	0.064514	23.948046	0.759760	32.419472	0.372493	0.998693	0.068796	33.739676	0.999648	MITO_M2_013_y256x0
MITO_M2_013_y256x256.png	0.118030	0.149814	0.260588	0.249260	0.272995	0.995141	21.637953	0.998478	29.953287	0.132367	0.374998	2.027839	23.181639	0.687239	4318	18	1	8	42	1.701754	0.055556	114	97	478.073160	3.416189	0.000000	-0.042047	-12.198365	-0.004173	-0.000579	-0.057739	2429.505825	0.132367	0.132367	18	1	17	8	42	1.701754	0.055556	18	1	114	97	64	4.928589	3.416189	478.073160	0.000000	41495	9.609773	15.177397	256x256	65536	sparse	Learned	426	18	47	4245	35.885294	0.893737	33.442522	0.999057	0.190106	0.708791	35	43	0.000000	73	4292	35.949711	0.900503	0.999019	33.355891	0.652298	0.195857	459	26.327739	0.731078	0.993921	22.902052	0.864213	0.181166	-3.489234	-0.333793	-12.703655	-0.206499	True	0.118122	23.184189	0.687334	29.953812	0.489314	0.992250	0.160077	33.836319	0.999314	MITO_M2_013_y256x256
MITO_M2_013_y256x512.png	0.148022	0.266219	0.420495	0.673162	0.305738	0.992536	19.410097	0.999342	31.604365	0.068009	0.306959	1.344098	23.893039	0.648037	2451	9	0	2	20	1.617021	0.000000	47	38	182.923882	3.700095	0.000000	-0.036193	-11.987243	-0.005625	0.000029	-0.017126	1528.444290	0.068009	0.068009	9	0	9	2	20	1.617021	0.000000	9	0	47	38	25	4.813786	3.700095	182.923882	0.000000	41863	17.079967	26.738474	256x256	65536	dense	Learned	334	9	17	2391	33.776560	0.831563	31.418022	0.999313	0.085135	0.577442	42	39	0.000000	45	2440	34.899784	0.857448	0.999341	32.065733	0.594308	0.080565	3692	35.956796	0.878639	0.999653	34.402331	0.482502	0.082886	0.186344	-0.270483	-9.883521	-0.183526	True	0.148025	23.891761	0.648099	31.604873	0.674444	0.906519	0.184215	31.397340	0.998160	MITO_M2_013_y256x512
MITO_M2_013_y512x256.png	0.227486	0.484981	0.653182	0.648380	0.658055	0.992412	23.651022	0.995456	32.937902	0.235990	0.596580	1.658880	25.273282	0.663818	5825	18	4	22	50	1.854167	0.222222	192	178	922.293506	3.959328	0.000000	-0.007140	-11.802166	-0.006068	-0.001498	-0.007629	2702.840328	0.235990	0.235990	18	4	14	22	50	1.854167	0.222222	18	4	192	178	120	5.181424	3.959328	922.293506	0.000000	40355	6.927897	11.250815	256x256	65536	sparse	Learned	685	18	64	5778	37.434600	0.924417	35.522340	0.996954	0.243619	0.789984	35	67	0.000000	79	5416	37.402042	0.925230	0.997074	35.607343	0.753523	0.236954	333	24.679766	0.597833	0.981716	23.261756	0.996227	0.229898	-2.584437	-0.193404	-12.161318	-0.260599	True	0.227359	25.274810	0.663508	32.949000	0.580583	0.963117	0.234625	35.453187	0.998479	MITO_M2_013_y512x256
MITO_M2_013_y512x512.png	0.116025	0.399099	0.570508	0.633898	0.518644	0.994903	21.985327	0.998440	32.110254	0.094930	0.410860	1.766279	25.301481	0.739222	2848	11	0	6	28	1.721519	0.000000	79	68	322.249783	3.818746	0.000000	-0.007387	-11.347136	-0.003868	-0.000215	-0.006044	1840.543509	0.094930	0.094930	11	0	11	6	28	1.721519	0.000000	11	0	79	68	45	4.738967	3.818746	322.249783	0.000000	37139	13.040379	23.011236	256x256	65536	sparse	Learned	346	11	33	2833	36.722208	0.893477	33.565485	0.998655	0.100974	0.789396	18	21	0.000000	74	2848	37.277828	0.909696	0.998708	33.914702	0.832928	0.100629	3157	37.511821	0.889290	0.998927	34.592833	0.706051	0.102288	-1.455231	-0.378537	-11.420727	-0.154255	True	0.114044	25.303455	0.740477	32.106678	0.565625	0.999051	0.123412	33.332463	0.998771	MITO_M2_013_y512x512
MITO_M2_014_y0x0.png	0.127754	0.391213	0.562405	0.471007	0.697815	0.994660	28.805016	0.997977	35.898594	0.176964	0.531665	0.949780	29.242634	0.805297	4232	14	1	12	38	1.793651	0.071429	126	113	580.960461	3.290041	0.000000	-0.029791	-9.835125	-0.004938	-0.000936	-0.025327	1731.385708	0.176964	0.176964	14	1	13	12	38	1.793651	0.071429	14	1	126	113	76	5.141243	3.290041	580.960461	0.000000	34935	8.254962	15.485822	256x256	65536	dense	Learned	623	14	70	4175	40.860584	0.941241	38.882465	0.998914	0.202291	0.519123	56	45	0.000000	85	4176	40.881595	0.945281	0.998897	38.659025	0.402535	0.202037	471	32.453184	0.813666	0.991687	28.655185	0.829553	0.189159	-2.983872	0.012542	-11.617950	-0.135944	True	0.128781	29.247548	0.805734	35.907237	0.840728	0.798507	0.157545	38.640141	0.999598	MITO_M2_014_y0x0
MITO_M2_014_y0x256.png	0.060491	0.282741	0.440838	0.344063	0.613358	0.998710	29.908995	0.998400	32.938396	0.087214	0.446464	1.360520	29.133839	0.842627	2205	7	0	4	18	1.735849	0.000000	53	46	235.208153	3.706272	0.000000	-0.012398	-6.337643	-0.001027	-0.000306	-0.016642	1649.629593	0.087214	0.087214	7	0	7	4	18	1.735849	0.000000	7	0	53	46	31	5.113221	3.706272	235.208153	0.000000	33799	15.328345	29.721542	256x256	65536	sparse	Learned	264	7	35	2185	39.381755	0.895407	36.011389	0.998706	0.103855	0.644099	29	28	0.000000	81	2158	40.440872	0.934436	0.998865	37.287163	0.626561	0.105792	4263	41.324910	0.939313	0.999356	40.225408	0.512830	0.103515	-3.072993	-0.197635	-10.247916	-0.052780	True	0.060662	29.129968	0.842572	32.938814	0.617107	0.839586	0.072889	36.246639	0.999737	MITO_M2_014_y0x256
MITO_M2_014_y0x512.png	0.040516	0.122497	0.218258	0.317073	0.166400	0.996125	13.846653	0.999632	33.803716	0.018226	0.102885	4.410058	26.547999	0.877049	964	7	0	0	14	1.176471	0.000000	17	10	35.556349	2.749719	0.000000						607.248068	0.018226	0.018226	7	0	7	0	14	1.176471	0.000000	7	0	17	10	3	3.555635	2.749719	35.556349	0.000000	24131	25.032158	67.983402	256x256	65536	sparse	Learned	139	7												57	952	41.163813	0.950871	0.999668	36.000326	0.072772	0.020095												True	0.040432	26.545737	0.877239	33.779613	0.223144	0.984077				MITO_M2_014_y0x512
MITO_M2_014_y256x0.png	0.222923	0.359983	0.529393	0.813920	0.392266	0.992156	24.586674	0.999113	32.880662	0.114305	0.316139	1.355445	27.055218	0.769092	2883	12	1	3	25	1.661538	0.083333	65	54	253.450793	3.403888	0.000000	-0.089338	-11.398727	-0.006060	-0.000294	-0.055563	1619.452715	0.114305	0.114305	12	1	11	3	25	1.661538	0.083333	12	1	65	54	37	4.693533	3.403888	253.450793	0.000000	35692	12.380160	22.731877	256x256	65536	dense	Learned	387	12	37	2822	38.600043	0.919981	34.923128	0.999408	0.169869	0.352466	48	8	0.000000	78	2760	39.352430	0.929614	0.999506	35.686591	0.345727	0.173860	3211	39.539423	0.930538	0.999588	36.909794	0.300029	0.169308	-2.042467	-0.036327	-11.544825	-0.150889	True	0.232608	27.058137	0.769214	32.890031	0.570938	0.773875	0.312261	35.985401	0.998216	MITO_M2_014_y256x0
MITO_M2_014_y256x256.png	0.131418	0.118432	0.211783	0.207626	0.216110	0.994461	20.094135	0.998750	33.307301	0.118267	0.282513	1.326484	22.525760	0.672342	3075	15	1	2	31	1.605634	0.066667	71	57	273.764502	3.779575	0.000000	-0.004362	-13.673199	-0.005009	-0.000031	0.003272	1764.556408	0.118267	0.118267	15	1	14	2	31	1.605634	0.066667	15	0	71	57	38	4.802886	3.779575	273.764502	0.000000	40245	13.087805	21.312520	256x256	65536	dense	Learned	398	15	25	3053	35.623975	0.883380	34.454832	0.998781	0.114995	0.391288	39	12	0.000000	61	3062	36.621644	0.897217	0.998882	35.235379	0.427684	0.114613	669	28.884550	0.759179	0.997148	28.651444	0.458300	0.100420	-1.147531	-0.108775	-13.098216	-0.211037	True	0.131334	22.526069	0.672319	33.318187	0.393469	0.521931	0.135781	33.767334	0.999470	MITO_M2_014_y256x256
MITO_M2_014_y256x512.png	0.167529	0.104454	0.189150	0.253012	0.151030	0.995230	22.225363	0.999349	31.447681	0.126465	0.195591	1.817801	22.663376	0.684944	2758	17	0	3	37	1.468750	0.000000	64	47	194.923882	3.316626	0.000000	0.013931	-11.537563	-0.003753	-0.000206	0.001065	1439.431429	0.126465	0.126465	17	0	17	3	37	1.468750	0.000000	17	0	64	47	24	4.147317	3.316626	194.923882	0.000000	39525	14.331037	23.762146	256x256	65536	dense	Learned	343	17	22	2701	35.493777	0.874133	33.821661	0.999556	0.125401	0.322587	38	13	0.000000	57	2682	36.902577	0.895854	0.999522	34.191545	0.299618	0.126037	3271	37.545506	0.905464	0.999632	36.008607	0.246103	0.123634	-2.373980	-0.126996	-12.830401	-0.189189	True	0.167705	22.662839	0.684886	31.456873	0.404913	0.736051	0.153597	33.762925	0.998983	MITO_M2_014_y256x512
MITO_M2_014_y512x0.png	0.014490	0.257944	0.410104	0.273810	0.816568	0.999552	32.082290	0.999532	34.752162	0.043214	0.318414	2.021158	33.712938	0.908202	1401	6	0	3	15	1.636364	0.000000	33	27	126.811183	3.293428	0.000000	-0.001116	-1.218594	-0.000275	0.000167	-0.003328	1118.277073	0.043214	0.043214	6	0	6	3	15	1.636364	0.000000	6	0	33	27	15	4.696710	3.293428	126.811183	0.000000	22755	16.241970	46.778016	256x256	65536	sparse	Learned	200	6	16	1372	37.812184	0.680136	32.876113	0.999365	0.046542	1.000000	2	35	0.000000	83	1294	43.810084	0.965715	0.999764	38.045055	0.999395	0.040257								1.876048	-0.681586	-4.099246	0.228067	True	0.014574	33.715506	0.908699	34.753331	0.493383	0.997205	0.015606	33.300884	0.999827	MITO_M2_014_y512x0
MITO_M2_014_y512x256.png	0.227391	0.287545	0.446656	0.502251	0.402143	0.981425	23.963693	0.995535	33.597986	0.275461	0.428791	1.084841	24.567973	0.681339	6227	31	2	23	81	1.753191	0.064516	235	206	974.447835	3.719873	0.000000	0.007858	-14.330989	-0.016618	-0.002383	0.011677	3189.652920	0.275461	0.275461	31	2	29	23	81	1.753191	0.064516	31	2	235	206	131	4.730329	3.719873	974.447835	0.000000	38908	6.248274	10.524490	256x256	65536	sparse	Learned	703	31	69	6176	39.181606	0.944494	37.853084	0.997918	0.263784	0.369044	77	38	0.000000	82	5974	39.139973	0.944559	0.997906	37.992943	0.368115	0.267348	344	24.176596	0.614143	0.977118	22.782191	0.697599	0.182324	-4.255098	0.059747	-14.613633	-0.263155	True	0.227475	24.569515	0.681295	33.616659	0.557077	0.604340	0.219533	38.294682	0.998043	MITO_M2_014_y512x256
MITO_M2_014_y512x512.png	0.035841	0.324492	0.489987	0.376649	0.700893	0.998534	30.509445	0.998756	36.323481	0.066695	0.273044	2.800043	27.609423	0.815401	2972	18	0	2	38	1.550000	0.000000	80	62	309.178716	3.339408	0.000000	-0.094134	-8.519150	-0.001142	-0.000510	-0.144500	1872.113943	0.066695	0.066695	18	0	18	2	38	1.550000	0.000000	18	0	80	62	40	4.986753	3.339408	309.178716	0.000000	30615	10.301144	22.051144	256x256	65536	dense	Learned	442	18	52	2950	41.136666	0.932916	39.015852	0.999266	0.211195	0.329247	62	21	0.000000	83	2932	41.625949	0.955273	0.999302	39.219173	0.353334	0.215868	3167	41.824752	0.953381	0.999393	39.803111	0.276521	0.215495	-2.692371	-0.056204	-13.527243	-0.117515	True	0.037630	27.607775	0.815757	36.346853	0.353382	0.989485	0.129975	39.028595	0.999676	MITO_M2_014_y512x512
MITO_M2_015_y0x512.png	0.144023	0.208633	0.345238	0.487710	0.267186	0.995274	25.167937	0.999362	33.628042	0.069612	0.254609	1.781572	20.856678	0.728666	2066	12	0	4	28	1.578947	0.000000	57	45	201.195959	3.069285	0.000000	0.073847	-7.113739	-0.003479	0.000240	0.028320	1335.385084	0.069612	0.069612	12	0	12	4	28	1.578947	0.000000	13	0	57	45	25	4.471021	3.069285	201.195959	0.000000	36820	17.821878	31.721200	256x256	65536	sparse	Learned	237	13	13	2065	34.118169	0.873793	32.958281	0.999121	0.041293	0.210921	45	11	0.000000	44	2016	37.464544	0.927239	0.999509	35.513636	0.179112	0.040809	4532	40.154966	0.945638	0.999687	38.285210	0.170280	0.043843	0.669761	0.043688	-13.261491	-0.145127	True	0.143783	20.857106	0.728601	33.649449	0.389209	0.693403	0.070175	32.281676	0.998753	MITO_M2_015_y0x512
MITO_M2_015_y256x256.png	0.128802	0.534035	0.696248	0.615110	0.802045	0.996429	27.838664	0.997797	33.181747	0.177597	0.508356	1.476928	24.403833	0.799856	3408	7	0	5	19	1.813333	0.000000	75	68	316.178716	4.207411	0.000000	-0.093096	-10.194559	-0.003128	-0.001208	-0.113779	2050.070047	0.177597	0.177597	7	0	7	5	19	1.813333	0.000000	8	0	75	68	51	4.649687	4.207411	316.178716	0.000000	31673	9.293721	19.230047	256x256	65536	dense	Learned	538	8	55	3360	40.986476	0.954489	38.133126	0.999004	0.291376	0.315065	51	13	0.000000	84	3242	41.664441	0.958525	0.999052	38.414435	0.304314	0.294204	596	31.586464	0.843225	0.995939	29.313493	0.349108	0.262706	-4.951379	0.193291	-16.582643	-0.154633	True	0.129363	24.401834	0.799489	33.190030	0.611598	0.903286	0.221898	38.033223	0.999557	MITO_M2_015_y256x256
MITO_M2_015_y256x512.png	0.069408	0.201435	0.335324	0.218419	0.721480	0.998600	28.916457	0.998201	37.398966	0.209221	0.593430	1.183546	26.529873	0.822920	2951	9	0	7	25	1.808511	0.000000	94	85	452.333044	3.446975	0.000000	0.053325	-10.181773	-0.001210	-0.000725	0.208972	1689.738750	0.209221	0.209221	9	0	9	7	25	1.808511	0.000000	9	0	94	85	62	5.321565	3.446975	452.333044	0.000000	33606	11.388004	22.208065	256x256	65536	sparse	Learned	401	9	48	2929	40.850495	0.946026	39.748702	0.998926	0.000249	0.067928	29	1	0.000000	83	2778	41.557216	0.951772	0.998955	39.976382	0.068849	0.000250	3207	41.595146	0.951417	0.999023	40.255939	0.066440	0.000996	-2.349736	0.525503	-14.320622	-0.123106	True	0.068393	26.528719	0.822862	37.401500	0.641801	0.759601	0.016083	39.098230	0.999811	MITO_M2_015_y256x512
MITO_M2_015_y512x256.png	0.140842	0.288290	0.447554	0.543395	0.380452	0.983373	25.212076	0.997268	35.233957	0.119917	0.327502	0.651472	20.246686	0.629047	6189	36	0	14	86	1.653846	0.000000	208	172	817.121933	3.446101	0.000000	0.109392	-13.258606	-0.015140	-0.001399	0.092311	2711.709261	0.119917	0.119917	36	0	36	14	86	1.653846	0.000000	37	0	208	172	108	4.750709	3.446101	817.121933	0.000000	39296	6.349329	10.589110	256x256	65536	dense	Learned	840	37	61	6163	38.865698	0.955986	38.904122	0.998666	0.027606	0.195185	49	5	0.000000	82	5932	39.461575	0.956030	0.998640	38.926500	0.169535	0.025490	342	21.262008	0.565791	0.969057	22.695872	0.654697	0.049246	-3.670165	0.132317	-18.619012	-0.326939	True	0.140899	20.246420	0.628956	35.230379	0.587394	0.382671	0.031449	38.470682	0.998513	MITO_M2_015_y512x256
MITO_M2_015_y512x512.png	0.134880	0.464074	0.633949	0.546584	0.754555	0.997400	28.805480	0.998444	35.591599	0.183498	0.430217	1.960343	26.372200	0.827989	3535	16	2	7	35	1.750000	0.125000	112	98	516.357431	3.455720	0.000000	-0.034164	-10.104307	-0.002214	-0.000708	-0.047220	2361.066580	0.183498	0.183498	16	2	14	7	35	1.750000	0.125000	16	2	112	98	70	5.268953	3.455720	516.357431	0.000000	28392	8.031683	18.539180	256x256	65536	sparse	Learned	482	16	63	3515	41.999017	0.936152	39.174439	0.999152	0.230718	0.764725	20	28	0.000000	86	3326	42.582836	0.966490	0.999224	39.481623	0.766784	0.228699	604	33.524198	0.861341	0.996297	30.426362	0.997595	0.217251	-3.582841	-0.334508	-15.626817	-0.108164	True	0.134717	26.370451	0.827877	35.584656	0.505701	0.991348	0.169043	38.909788	0.999614	MITO_M2_015_y512x512
MITO_M2_016_y0x256.png	0.080967	0.471309	0.640666	0.604307	0.681680	0.996870	32.241304	0.998841	37.579246	0.091334	0.485726	2.035245	28.307888	0.894628	2229	8	0	5	21	1.774648	0.000000	71	63	292.793939	3.558799	0.000000	-0.011690	-7.744840	-0.002677	-0.000422	-0.013187	1922.033310	0.091334	0.091334	8	0	8	5	21	1.774648	0.000000	8	0	71	63	45	4.647523	3.558799	292.793939	0.000000	21157	9.491700	29.401525	256x256	65536	sparse	Learned	342	8	51	2228	44.352264	0.972916	39.947011	0.999263	0.104520	0.855075	26	70	0.000000	88	2036	45.824023	0.978793	0.999431	41.108880	0.886601	0.103810	4271	47.004583	0.981627	0.999649	43.260074	0.651748	0.102662	-2.367765	-0.369348	-16.044375	-0.078288	True	0.081120	28.309298	0.895275	37.608236	0.487826	0.992845	0.092657	39.986144	0.999547	MITO_M2_016_y0x256
MITO_M2_016_y0x512.png	0.050117	0.315564	0.479740	0.446586	0.518211	0.997333	29.752530	0.999013	35.024336	0.058155	0.288230	3.142027	28.881160	0.863595	2020	12	0	5	29	1.593220	0.000000	59	47	220.580736	3.453708	0.000000	-0.011887	-8.276792	-0.002161	-0.000356	-0.014236	1368.119001	0.058155	0.058155	12	0	12	5	29	1.593220	0.000000	12	0	59	47	25	4.693207	3.453708	220.580736	0.000000	25643	12.694554	32.443564	256x256	65536	sparse	Learned	242	12	30	2004	41.397396	0.950586	37.538615	0.999369	0.072391	0.987947	13	71	0.000000	83	1950	43.410942	0.966740	0.999581	39.802480	0.999486	0.070159	4684	45.344014	0.974348	0.999764	42.707239	0.781197	0.071308	-2.514279	-0.699718	-12.516236	-0.086990	True	0.050107	28.879172	0.864409	35.014271	0.318240	0.999917	0.062004	38.029322	0.999494	MITO_M2_016_y0x512
MITO_M2_016_y256x256.png	0.051144	0.155758	0.269533	0.308894	0.239070	0.996816	24.929229	0.999559	37.143428	0.047198	0.276750	0.799681	24.237384	0.755618	1297	5	0	3	13	1.600000	0.000000	25	20	90.083261	4.447828	0.000000	0.025689	-1.711333	-0.000333	0.001941	0.040950	1036.129236	0.047198	0.047198	5	0	5	3	13	1.600000	0.000000	5	0	25	20	9	4.504163	4.447828	90.083261	0.000000	33116	25.532768	50.528913	256x256	65536	sparse	Learned	166	5	4	1290	28.199247	0.697797	28.742997	0.997617	0.006248	0.126514	38	0	0.000000	22	1276	37.326732	0.927820	0.999405	35.093963	0.072654	0.000000								8.400431	0.150236	-3.961863	0.057821	True	0.051590	24.238220	0.755922	37.122422	0.736403	0.588888	0.025455	26.640561	0.997149	MITO_M2_016_y256x256
MITO_M2_016_y256x512.png	0.141510	0.120581	0.215211	0.514694	0.136049	0.981224	23.933928	0.999308	34.737073	0.069046	0.203045	0.874020	17.992408	0.581439	2713	23	0	2	48	1.445783	0.000000	83	60	277.350288	3.266172	0.000000	0.123846	-8.872577	-0.012996	0.000375	0.056768	1460.201740	0.069046	0.069046	23	0	23	2	48	1.445783	0.000000	23	0	83	60	33	4.622505	3.266172	277.350288	0.000000	40023	14.752304	24.156285	256x256	65536	sparse	Learned	280	23	12	2655	32.163048	0.858970	33.490084	0.998933	0.012277	0.114823	61	0	0.173913	31	2698	35.410440	0.921987	0.999303	35.129050	0.109906	0.012601	3502	36.589173	0.933877	0.999433	36.086694	0.100604	0.011418	1.246989	0.088222	-14.170640	-0.277531	True	0.141550	17.993375	0.581361	34.747881	0.703860	0.615188	0.017664	32.806505	0.994219	MITO_M2_016_y256x512
MITO_M2_016_y512x0.png	0.020678	0.160070	0.275966	0.164911	0.845006	0.998581	24.870710	0.997769	35.705845	0.105952	0.319105	2.750725	29.502594	0.863859	3625	23	0	8	54	1.632000	0.000000	125	102	488.587878	3.735927	0.000000	-0.000288	-15.895168	-0.001314	-0.001278	-0.001474	2078.006029	0.105952	0.105952	23	0	23	8	54	1.632000	0.000000	23	0	125	102	63	4.790077	3.735927	488.587878	0.000000	30857	8.512276	18.078897	256x256	65536	sparse	Learned	406	23	69	3622	43.114886	0.959834	41.008661	0.999048	0.107426	0.989265	7	29	0.000000	88	3548	43.296696	0.964962	0.999044	40.929906	0.912839	0.107410	600	35.053581	0.870054	0.995158	31.747287	1.000000	0.107139	-5.302816	-0.670160	-13.612292	-0.095975	True	0.020666	29.509140	0.864656	35.702546	0.362372	0.996785	0.020965	40.765878	0.999895	MITO_M2_016_y512x0
MITO_M2_016_y512x256.png	0.092414	0.312582	0.476286	0.360076	0.703252	0.996955	28.977723	0.996548	34.142113	0.161084	0.404939	1.738252	26.227002	0.792367	4943	21	1	9	50	1.735099	0.047619	151	131	631.014285	3.651480	0.000000	-0.022991	-11.836103	-0.002746	-0.002522	-0.025991	3513.977766	0.161084	0.161084	21	1	20	9	50	1.735099	0.047619	22	0	151	131	92	4.816903	3.651480	631.014285	0.000000	33486	6.774428	13.258345	256x256	65536	sparse	Learned	700	22	73	4793	42.606824	0.963056	41.225406	0.999070	0.187076	0.637696	55	62	0.000000	87	4554	42.432344	0.961896	0.999002	40.930502	0.548096	0.189990	408	29.493091	0.801554	0.993291	30.039993	0.918596	0.178842	-7.083293	-0.232758	-16.379821	-0.170689	True	0.092197	26.227024	0.792248	34.157054	0.466342	0.810620	0.115404	40.813826	0.999701	MITO_M2_016_y512x256
MITO_M2_016_y512x512.png	0.040785	0.000000	0.000000	0.000000	0.000000	0.998648	22.871525	0.999907	35.563927	0.012389	0.113080	1.703840	21.933803	0.757074	893	3	0	0	6	1.142857	0.000000	7	4	16.242641	3.336469	0.000000						564.770937	0.012389	0.012389	3	0	3	0	6	1.142857	0.000000	3	0	7	4	1	4.060660	3.336469	16.242641	0.000000	34142	38.232923	73.388578	256x256	65536	sparse	Learned	129	3												4	888	34.020641	0.899540	0.999739	30.585542	0.118385	0.000000												True	0.041290	21.935454	0.756975	35.573754	0.405479	0.690872				MITO_M2_016_y512x512
MITO_M2_017_y256x256.png	0.090370	0.100050	0.181901	0.401210	0.117612	0.996428	21.598959	0.999813	33.822719	0.020713	0.213372	0.863938	21.264942	0.691980	1576	5	0	1	11	1.411765	0.000000	17	12	63.284271	3.092844	0.000000	-0.089171	-6.242327	-0.001891	0.000698	-0.009008	948.792219	0.020713	0.020713	5	0	5	1	11	1.411765	0.000000	5	0	17	12	5	5.273689	3.092844	63.284271	0.000000	37771	23.966371	41.583756	256x256	65536	dense	Learned	244	5	5	1502	28.627396	0.719245	26.876778	0.999116	0.029721	0.318955	63	17	0.000000	18	1540	35.453312	0.904922	0.999732	32.126213	0.203557	0.039744	5870	40.650777	0.951324	0.999939	39.449623	0.174487	0.042047	6.945941	-0.105583	-7.362454	-0.027265	True	0.090404	21.264197	0.691598	33.770845	0.594783	0.513856	0.179541	27.841286	0.998320	MITO_M2_017_y256x256
MITO_M2_017_y256x512.png	0.136394	0.387539	0.558599	0.622000	0.506927	0.995808	20.010932	0.999057	33.107490	0.111161	0.386693	1.609210	22.867591	0.790943	2254	8	0	4	20	1.724138	0.000000	58	50	238.338095	3.647126	0.000000	-0.076905	-12.435511	-0.003442	0.000070	-0.062677	1701.083660	0.111161	0.111161	8	0	8	4	20	1.724138	0.000000	9	0	58	50	34	4.766762	3.647126	238.338095	0.000000	31042	13.771961	29.075421	256x256	65536	sparse	Learned	273	9	20	2238	36.875205	0.900679	33.674917	0.998987	0.173837	0.511623	24	14	0.000000	75	2200	39.611175	0.953376	0.999186	35.300846	0.500648	0.174049	4049	41.387229	0.944082	0.999593	37.988119	0.415483	0.173025	-0.567427	-0.124930	-14.007614	-0.109736	True	0.132398	22.868728	0.792831	33.099616	0.608590	0.979349	0.213299	32.446443	0.999250	MITO_M2_017_y256x512
MITO_M2_017_y512x0.png	0.030027	0.429782	0.601185	0.467721	0.841232	0.999052	24.287966	0.999703	36.083143	0.054006	0.285377	1.310746	25.525181	0.862036	1435	5	0	1	11	1.583333	0.000000	24	19	88.941125	3.555074	0.000000	-0.124215	-6.275071	-0.000659	0.000436	-0.112661	1070.219517	0.054006	0.054006	5	0	5	1	11	1.583333	0.000000	5	0	24	19	12	4.681112	3.555074	88.941125	0.000000	22780	15.874564	45.669686	256x256	65536	dense	Learned	269	5	8	1390	34.469879	0.626901	31.787611	0.999268	0.166667	0.191945	32	0	0.000000	76	1406	43.168330	0.973855	0.999800	37.835522	0.223051	0.183099								4.295532	0.093432	-8.944698	0.235134	True	0.028307	25.526783	0.863947	36.093081	0.710616	0.931437	0.154242	30.563037	0.999710	MITO_M2_017_y512x0
MITO_M2_017_y512x256.png	0.232145	0.443292	0.614279	0.506319	0.780755	0.998393	24.034344	0.999157	33.457681	0.262936	0.448989	0.811103	23.375546	0.777108	3174	9	1	3	20	1.783784	0.111111	74	66	326.107648	3.417444	0.000000	-0.057792	-11.283938	-0.001375	-0.000266	-0.025733	1762.296438	0.262936	0.262936	9	1	8	3	20	1.783784	0.111111	10	0	74	66	51	4.941025	3.417444	326.107648	0.000000	36646	11.545684	20.647763	256x256	65536	dense	Learned	456	10	37	3116	38.543957	0.929073	35.826819	0.999423	0.288668	0.289043	35	5	0.000000	78	3116	39.603978	0.938502	0.999490	36.555381	0.279727	0.293447	669	30.593995	0.842403	0.997210	26.614266	0.323464	0.258931	-2.369138	0.159946	-15.168410	-0.151965	True	0.233405	23.374316	0.777065	33.489192	0.530995	0.430692	0.289938	35.318283	0.999768	MITO_M2_017_y512x256
MITO_M2_017_y512x512.png	0.258614	0.304016	0.466276	0.722162	0.344285	0.989747	21.550211	0.998834	32.462856	0.150476	0.227405	1.502382	21.264244	0.667656	3380	20	0	4	44	1.540230	0.000000	87	67	274.450793	3.561581	0.000000	-0.057041	-12.634665	-0.008508	-0.000223	-0.041746	1814.133167	0.150476	0.150476	20	0	20	4	44	1.540230	0.000000	20	0	87	67	39	4.096280	3.561581	274.450793	0.000000	38564	11.409467	19.389349	256x256	65536	dense	Learned	403	20	27	3346	36.239118	0.915927	34.479551	0.999057	0.192223	0.371288	49	15	0.000000	65	3354	37.333004	0.931259	0.999126	34.650942	0.339660	0.197187	600	26.609605	0.719325	0.996539	26.476348	0.420572	0.178805	-2.016695	-0.143883	-14.974874	-0.248271	True	0.258900	21.263014	0.667524	32.466998	0.566717	0.851425	0.315656	34.184876	0.998255	MITO_M2_017_y512x512
MITO_M2_018_y0x0.png	0.145519	0.542619	0.703503	0.613115	0.825152	0.998214	33.398047	0.998845	35.358803	0.205983	0.426247	1.530241	25.939943	0.854869	2327	8	0	6	22	1.741935	0.000000	62	54	286.977705	3.721269	0.000000	-0.139025	-4.295158	-0.001363	-0.000326	-0.146462	1764.785051	0.205983	0.205983	8	0	8	6	22	1.741935	0.000000	9	0	62	54	34	5.314402	3.721269	286.977705	0.000000	22677	9.745165	28.163300	256x256	65536	sparse	Learned	287	9	39	2326	41.915958	0.926210	37.236096	0.999172	0.352444	0.377226	28	13	0.000000	85	2148	44.057140	0.975166	0.999369	39.171916	0.324392	0.359130	3930	45.660318	0.978351	0.999624	41.568329	0.276612	0.349119	-1.877293	0.049021	-15.976015	-0.071341	True	0.144967	25.942819	0.855114	35.367084	0.520495	0.796482	0.284544	37.693205	0.999576	MITO_M2_018_y0x0
MITO_M2_018_y0x256.png	0.113148	0.320885	0.485863	0.398859	0.621414	0.997556	27.747611	0.998148	34.749153	0.176282	0.538248	2.670412	24.632791	0.862485	3303	11	2	11	30	1.834862	0.181818	109	100	469.261977	4.034155	0.000000	-0.020031	-11.331287	-0.002098	-0.000955	-0.031208	2255.585909	0.176282	0.176282	11	2	9	11	30	1.834862	0.181818	11	2	109	100	68	4.692620	4.034155	469.261977	0.000000	24088	7.292764	19.841356	256x256	65536	sparse	Learned	417	11	68	3286	42.886880	0.937849	39.321275	0.999103	0.207490	0.940869	10	28	0.000000	88	2946	43.954253	0.977056	0.999167	39.787995	0.991144	0.205434	604	32.615482	0.823062	0.994474	29.304389	0.999984	0.200645	-4.572122	-0.402621	-18.254089	-0.075364	True	0.113117	24.630466	0.864390	34.759381	0.374216	0.999311	0.133179	39.078898	0.999655	MITO_M2_018_y0x256
MITO_M2_018_y0x512.png	0.180011	0.482843	0.651240	0.635740	0.667514	0.997367	27.435079	0.999065	34.730418	0.193771	0.394571	2.075781	26.405104	0.893934	2457	11	2	6	25	1.775000	0.181818	80	71	306.178716	3.559529	0.000000	-0.057087	-11.490187	-0.002248	-0.000420	-0.058971	1717.362165	0.193771	0.193771	11	2	9	6	25	1.775000	0.181818	11	1	80	71	49	4.312376	3.559529	306.178716	0.000000	19021	7.741555	26.673179	256x256	65536	sparse	Learned	310	11	58	2447	44.445794	0.981466	38.812874	0.999485	0.252742	0.546352	23	21	0.000000	90	2428	46.301296	0.985295	0.999657	40.766051	0.527822	0.243206	3810	47.048211	0.981718	0.999767	42.422022	0.447711	0.244517	-4.082456	-0.151781	-18.040690	-0.087532	True	0.180034	26.406196	0.895556	34.760362	0.419935	0.871693	0.237098	38.925266	0.999615	MITO_M2_018_y0x512
MITO_M2_018_y256x0.png	0.069518	0.262168	0.415425	0.547344	0.334746	0.995745	25.852105	0.999641	35.734390	0.048075	0.199485	1.417437	22.895706	0.724813	1487	8	0	0	16	1.448276	0.000000	29	21	96.740115	3.288470	0.000000	0.019927	-2.618243	-0.001635	0.001211	0.010788	973.044872	0.048075	0.048075	8	0	8	0	16	1.448276	0.000000	8	0	29	21	13	4.606672	3.288470	96.740115	0.000000	33458	22.500336	44.072629	256x256	65536	sparse	Learned	181	8	5	1431	29.249621	0.708984	28.887175	0.998430	0.037287	0.108733	45	0	0.000000	27	1476	37.326595	0.931601	0.999479	33.375501	0.090738	0.028224								6.847215	0.090752	-6.353915	0.015830	True	0.069534	22.895782	0.724357	35.724224	0.382453	0.542103	0.049592	28.470348	0.997380	MITO_M2_018_y256x0
MITO_M2_018_y256x256.png	0.138552	0.224931	0.367254	0.243074	0.750843	0.997803	28.825726	0.995124	34.449708	0.264123	0.310710	0.968622	27.909298	0.860697	7609	43	3	13	95	1.665272	0.069767	239	199	874.394011	3.509514	0.000000	-0.017477	-12.007599	-0.002028	-0.003739	-0.010628	4147.448063	0.264123	0.264123	43	3	40	13	95	1.665272	0.069767	43	2	239	199	131	4.393940	3.509514	874.394011	0.000000	33288	4.374819	8.612958	256x256	65536	dense	Learned	1104	43	87	7102	43.323383	0.966519	41.654689	0.998864	0.274751	0.595565	38	50	0.000000	92	6844	43.599236	0.968209	0.999062	42.523093	0.549359	0.274658	278	26.986151	0.787092	0.974297	24.236004	0.981806	0.201427	-7.204981	-0.284855	-15.414086	-0.105822	True	0.138593	27.906537	0.860791	34.450261	0.403892	0.391219	0.156030	40.833325	0.999830	MITO_M2_018_y256x256
MITO_M2_018_y256x512.png	0.317329	0.507890	0.673643	0.759521	0.605213	0.986848	26.176112	0.996565	35.958783	0.265361	0.407394	1.446820	22.698121	0.735828	6735	31	1	14	75	1.723502	0.032258	217	187	903.849855	3.958190	0.000000	-0.099064	-13.509888	-0.011493	-0.001777	-0.092648	3409.635782	0.265361	0.265361	31	1	30	14	75	1.723502	0.032258	31	0	217	187	128	4.833422	3.958190	903.849855	0.000000	37509	5.569265	9.730661	256x256	65536	dense	Learned	971	31	76	6616	40.922475	0.962535	39.782111	0.998342	0.358009	0.660693	47	53	0.000000	86	6452	41.030543	0.962838	0.998330	39.702113	0.644276	0.365630	279	21.671769	0.594402	0.959247	21.294444	0.993071	0.192655	-3.823328	-0.253299	-18.224354	-0.226708	True	0.317707	22.702073	0.735971	35.977995	0.686514	0.993262	0.416393	39.686000	0.998341	MITO_M2_018_y256x512
MITO_M2_018_y512x256.png	0.118694	0.347082	0.515310	0.602653	0.450079	0.995000	25.294038	0.999208	36.227992	0.102214	0.436893	1.531777	22.345475	0.736254	2571	7	0	3	17	1.730769	0.000000	52	45	222.166522	3.931776	0.000000	-0.091376	-10.652759	-0.004237	0.000064	-0.131903	1872.726679	0.102214	0.102214	7	0	7	3	17	1.730769	0.000000	7	0	52	45	32	4.937034	3.931776	222.166522	0.000000	33395	12.989109	25.490471	256x256	65536	dense	Learned	420	7	23	2543	37.671081	0.925884	35.950731	0.999144	0.234116	0.244216	61	5	0.000000	70	2560	40.078109	0.952953	0.999365	37.347832	0.234905	0.268632	3609	41.569969	0.961919	0.999522	38.790376	0.224415	0.245889	0.277261	0.192677	-15.325605	-0.189630	True	0.118948	22.344830	0.736337	36.227997	0.381217	0.583939	0.210070	35.946797	0.999237	MITO_M2_018_y512x256
MITO_M2_018_y512x512.png	0.060426	0.454464	0.624923	0.475701	0.910555	0.999566	28.356539	0.999405	32.909910	0.115663	0.451188	2.054032	27.693380	0.921695	1412	4	0	3	11	1.733333	0.000000	30	26	129.669048	4.025261	0.000000	-0.088544	-5.821985	-0.000227	0.000098	-0.170663	1157.269478	0.115663	0.115663	4	0	4	3	11	1.733333	0.000000	4	0	30	26	16	4.987271	4.025261	129.669048	0.000000	18057	12.788244	46.413598	256x256	65536	sparse	Learned	202	4	16	1389	37.726967	0.614547	33.191730	0.999307	0.286326	0.602145	12	11	0.000000	85	1372	46.198970	0.979429	0.999734	38.861996	0.562760	0.271298								-0.281820	-0.150956	-10.033587	0.307148	True	0.060616	27.697957	0.923524	32.908504	0.483149	0.992403	0.148970	34.178525	0.999793	MITO_M2_018_y512x512
MITO_M2_019_y256x512.png	0.201141	0.177818	0.301945	0.433508	0.231644	0.986841	20.182316	0.998839	29.566934	0.107479	0.419433	1.132810	23.723098	0.559092	4093	16	2	9	38	1.758621	0.125000	116	102	484.617316	3.453477	0.000000	-0.014481	-11.267388	-0.011167	-0.000430	-0.008257	1865.634203	0.107479	0.107479	16	2	14	9	38	1.758621	0.125000	16	1	116	102	69	4.751150	3.453477	484.617316	0.000000	43387	10.600293	16.011727	256x256	65536	sparse	Learned	440	16	30	4070	33.224041	0.868029	32.559182	0.999269	0.115737	0.867663	25	40	0.000000	50	4016	33.346016	0.874710	0.999341	32.777621	0.758540	0.115290	541	26.532432	0.660922	0.997258	24.520082	0.999507	0.115327	-2.992248	-0.448230	-9.500943	-0.308937	True	0.201153	23.720750	0.559170	29.564706	0.861931	0.976404	0.215622	31.449704	0.998008	MITO_M2_019_y256x512
MITO_M2_019_y512x256.png	0.028388	0.099323	0.180698	0.139241	0.257310	0.998486	15.283639	0.999563	30.022439	0.052460	0.305803	5.082765	26.993569	0.755905	1756	4	0	2	10	1.636364	0.000000	22	18	79.769553	4.303430	0.000000	-0.001014	-13.109676	-0.001375	0.000268	-0.001873	1113.497019	0.052460	0.052460	4	0	4	2	10	1.636364	0.000000	4	0	22	18	10	4.431642	4.303430	79.769553	0.000000	38750	22.067198	37.321185	256x256	65536	dense	Learned	256	4	12	1708	33.757313	0.819208	28.462161	0.999294	0.054333	1.000000	1	9	0.000000	57	1724	36.261808	0.890088	0.999585	31.522689	0.999964	0.054430	5439	38.793660	0.915167	0.999898	37.989729	0.742375	0.054536	1.560277	-0.694197	-6.763745	-0.063303	True	0.028386	26.992692	0.756234	30.017352	0.184538	0.937961	0.029402	28.393315	0.999861	MITO_M2_019_y512x256
MITO_M2_019_y512x512.png	0.044558	0.316750	0.481108	0.361400	0.719397	0.999243	22.011891	0.999626	30.786991	0.088697	0.716346	1.886513	30.185378	0.823142	1879	2	0	4	8	1.866667	0.000000	30	28	136.012193	4.063952	0.000000	-0.002296	-9.726224	-0.000547	-0.000029	-0.004571	1353.321791	0.088697	0.088697	2	0	2	4	8	1.866667	0.000000	2	0	30	28	18	4.857578	4.063952	136.012193	0.000000	36994	19.688132	34.878127	256x256	65536	dense	Learned	300	2	26	1860	37.083573	0.869177	31.595484	0.999655	0.093267	0.930331	5	10	0.000000	75	1856	37.988895	0.901859	0.999766	33.064947	0.999992	0.092980	4986	39.796309	0.914220	0.999937	39.112763	0.592073	0.093872	-0.808493	-0.213985	-6.898194	-0.046035	True	0.044667	30.189008	0.824667	30.802110	0.522886	0.986431	0.046854	31.738115	0.999791	MITO_M2_019_y512x512
MITO_M2_020_y256x256.png	0.087865	0.466498	0.636207	0.640263	0.632201	0.997977	21.885875	0.998863	29.142327	0.086758	0.666017	1.088799	23.845254	0.610010	3565	6	2	9	17	1.905882	0.333333	85	81	372.634560	3.781781	0.000000	-0.007782	-8.544477	-0.001515	-0.000109	-0.007684	1770.546436	0.086758	0.086758	6	2	4	9	17	1.905882	0.333333	6	2	85	81	59	4.600427	3.781781	372.634560	0.000000	43094	12.088079	18.383170	256x256	65536	dense	Learned	472	6	32	3511	33.424374	0.846241	30.482398	0.998972	0.094442	0.922178	18	64	0.000000	52	3400	33.524358	0.852213	0.999060	30.890008	0.930921	0.091329	603	28.151734	0.722183	0.997474	25.483081	0.979171	0.094920	-1.340072	-0.256161	-9.579120	-0.236231	True	0.087862	23.845589	0.610152	29.151551	0.913274	0.994372	0.095646	30.430351	0.999492	MITO_M2_020_y256x256
MITO_M2_020_y256x512.png	0.180808	0.334535	0.501351	0.630435	0.416143	0.995396	20.505748	0.998819	28.520959	0.119350	0.385958	1.051848	23.726403	0.641261	3289	13	1	7	31	1.724138	0.076923	87	75	355.948268	3.649254	0.000000	-0.021606	-9.535426	-0.003872	-0.000150	-0.014262	1674.110651	0.119350	0.119350	13	1	12	7	31	1.724138	0.076923	13	1	87	75	49	4.745977	3.649254	355.948268	0.000000	43001	13.074187	19.925813	256x256	65536	sparse	Learned	327	13	27	3228	33.396838	0.861170	30.010917	0.998970	0.133612	0.862255	17	35	0.000000	53	3284	33.794444	0.873160	0.999179	30.697906	0.903947	0.133291	602	28.169981	0.732443	0.997218	24.891406	0.945602	0.133715	-1.489958	-0.476297	-9.670435	-0.219909	True	0.180779	23.725553	0.641795	28.534010	0.950213	0.999479	0.202414	30.041174	0.999268	MITO_M2_020_y256x512
MITO_M2_020_y512x256.png	0.195674	0.360116	0.529537	0.742716	0.411443	0.990534	20.702204	0.998570	28.550210	0.108398	0.462056	1.011504	22.698882	0.574125	4418	16	0	9	41	1.741935	0.000000	124	108	551.658946	3.295652	0.000000	-0.014103	-9.748816	-0.007227	-0.000339	-0.007812	1854.741812	0.108398	0.108398	16	0	16	9	41	1.741935	0.000000	16	0	124	108	74	5.107953	3.295652	551.658946	0.000000	43724	9.896786	14.833861	256x256	65536	sparse	Learned	451	16	36	4397	32.935431	0.863160	30.458743	0.998910	0.116210	0.940394	15	43	0.000000	51	4376	32.950424	0.869769	0.998943	30.700146	0.824601	0.117396	472	25.452747	0.647860	0.995619	23.352231	0.991434	0.116175	-1.908532	-0.478338	-10.236549	-0.289035	True	0.195674	22.700373	0.574134	28.563449	0.987170	0.998526	0.209777	30.451020	0.997762	MITO_M2_020_y512x256
MITO_M2_020_y512x512.png	0.024405	0.118990	0.212675	0.185393	0.249370	0.999743	22.233964	0.999891	27.431920	0.032827	0.156335	3.403064	25.171801	0.716820	1698	8	0	1	17	1.333333	0.000000	24	16	69.112698	2.797434	0.000000	-0.001679	-5.691306	-0.000187	-0.000027	-0.002258	871.500969	0.032827	0.032827	8	0	8	1	17	1.333333	0.000000	8	0	24	16	6	4.319544	2.797434	69.112698	0.000000	40731	23.987633	38.595995	256x256	65536	dense	Learned	243	8	11	1694	32.557582	0.726379	27.957656	0.999918	0.035085	0.796999	11	15	0.000000	45	1696	34.711667	0.856072	0.999940	29.656071	0.736243	0.035234	5568	37.608259	0.880462	0.999991	37.765202	0.427624	0.035505	-0.525736	-0.640664	-7.385780	-0.009559	True	0.024193	25.174849	0.717662	27.441508	0.291071	0.990534	0.026084	27.925271	0.999929	MITO_M2_020_y512x512
