filename	gt_iou	seg_iou	seg_f1	seg_precision	seg_recall	gt_fg_ssim	gt_fg_psnr	ng_fg_ssim	ng_fg_psnr	ng_iou	ng_topo_q	topo_preservation	ng_psnr	ng_ssim	ng_bytes	graph_n_components	graph_n_cycles	graph_n_junctions	graph_n_endpoints	graph_mean_degree	graph_complexity	n_nodes	n_edges	total_edge_length	mean_width_px	mean_curvature	delta_gt_iou	delta_gt_fg_psnr	delta_gt_fg_ssim	delta_fg_ssim	delta_iou	total_time_ms	ng_recon_iou	ng_n_components	ng_n_cycles	ng_euler_characteristic	ng_n_junctions	ng_n_endpoints	ng_mean_degree	ng_graph_complexity	ng_seg_beta_0	ng_seg_beta_1	graph_n_nodes	graph_n_edges	graph_n_sampled	graph_mean_edge_length	graph_mean_width	graph_total_edge_length	graph_mean_curvature	png_bytes	ng_vs_png	ng_vs_raw	image_shape	image_pixels	image_type	segmenter	n_points	n_structures	gt_available	gt_topology_q	recon_topology_q	stem	jpeg_quality	jpeg_bytes	jpeg_psnr	jpeg_ssim	jpeg_fg_psnr	jpeg_fg_ssim	jpeg_iou	jpeg_topo_q	jpeg_beta_0	jpeg_beta_1	jpeg_betti_preservation	webp_quality	webp_bytes	webp_psnr	webp_ssim	webp_fg_ssim	webp_fg_psnr	webp_topo_q	webp_iou	jp2_bytes	jp2_psnr	jp2_ssim	jp2_fg_ssim	jp2_fg_psnr	jp2_topo_q	jp2_iou	delta_fg_psnr	delta_topo_q	delta_psnr	delta_ssim	jpeg_gt_iou	jpeg_gt_fg_psnr	jpeg_gt_fg_ssim
M1_001_y0x0.png	0.028245	0.000000	0.000000	0.000000	0.000000	0.996291	21.691342	0.999992	23.730870	1.000000	0.164730	5.936079	22.264640	0.658537	505	1	0	0	2	1.600000	0.000000	5	4	9.242641	1.860113	0.102575						3368.705273	0.001519	1	0	1	0	2	1.600000	0.000000	1	0	5	4	3	2.310660	1.860113	9.242641	0.102575	34720	68.752475	129.774257	256x256	65536	sparse	Frangi	36	1	True	0.160322	0.951684	M1_001_y0x0																																	
M1_001_y0x256.png	0.000417	0.015867	0.031239	0.018323	0.105853	0.998741	24.792293	0.998839	30.715210	1.000000	0.172122	0.234863	27.976848	0.721484	4165	23	0	0	50	1.741573	0.000000	178	155	322.569318	4.155499	0.088264	-0.001901	-12.514368	-0.001196	-0.000460	0.653403	1766.780376	0.344040	23	0	23	0	50	1.741573	0.000000	36	0	178	155	128	2.081092	4.155499	322.569318	0.088264	37074	8.901321	15.734934	256x256	65536	sparse	Meijering	348	36	True	0.310646	0.072959	M1_001_y0x256	34	4088	37.475517	0.939228	31.648056	0.999298	0.346597	0.072257	44	0	0.888889	76	4110	39.085729	0.951714	0.999579	34.490750	0.073011	0.339001	451	23.533524	0.653206	0.977720	15.221765	0.293352	0.399977	-0.932845	0.099865	-9.498669	-0.217744	0.002318	37.306661	0.999937
M1_001_y256x0.png	0.043022	0.030093	0.058428	0.030554	0.666189	0.999482	26.276182	0.993826	34.629241	1.000000	0.785619	1.556901	29.550553	0.886474	10900	18	125	249	69	2.193315	6.944444	1107	1214	2570.733091	3.321132	0.090736	0.003971	-17.319949	-0.000499	-0.004959	0.611516	5518.203497	0.289154	18	125	-107	249	69	2.193315	6.944444	29	13	1107	1214	789	2.117573	3.321132	2570.733091	0.090736	32742	3.003853	6.012477	256x256	65536	sparse	Learned	1601	29	True	0.221199	0.344385	M1_001_y256x0	92	9812	45.492622	0.985209	43.357119	0.998785	0.388484	0.536581	57	53	0.000000	96	10478	47.255917	0.988249	0.999243	45.953604	0.418896	0.377882	247	20.809193	0.430987	0.922921	16.799566	0.999969	0.296168	-8.727877	0.249038	-15.942069	-0.098735	0.039051	43.596131	0.999981
M1_001_y256x256.png	0.132279	0.115570	0.207195	0.117660	0.866824	0.998464	30.544843	0.986607	35.027139	1.000000	0.650600	1.444576	29.193358	0.787975	10723	21	44	100	60	2.054502	2.095238	844	867	1564.621001	7.231257	0.050218	0.002605	-11.013714	-0.001448	-0.009293	0.449426	14331.301451	0.569845	21	44	-23	100	60	2.054502	2.095238	26	3	844	867	684	1.804638	7.231257	1564.621001	0.050218	35686	3.327987	6.111722	256x256	65536	sparse	Otsu	1448	26	True	0.354351	0.511887	M1_001_y256x256	89	10078	43.711313	0.978289	41.867979	0.995900	0.550574	0.402017	62	38	0.000000	92	9582	43.929878	0.978949	0.996601	42.709811	0.401615	0.551072	245	22.774750	0.627003	0.893715	19.372938	0.984077	0.458963	-6.840840	0.248583	-14.517955	-0.190314	0.129673	41.558557	0.999913
M1_001_y256x512.png	0.095101	0.108431	0.195648	0.108749	0.973756	0.998267	27.779150	0.983793	34.206410	1.000000	0.718303	2.181509	27.258914	0.777732	11504	18	76	144	62	2.123799	4.222222	937	995	1918.843088	7.559749	0.064940	0.028155	-12.747511	-0.001540	-0.011337	0.474149	12520.078421	0.626854	18	76	-58	144	62	2.123799	4.222222	26	7	937	995	731	1.928486	7.559749	1918.843088	0.064940	37260	3.238873	5.696801	256x256	65536	sparse	Otsu	1399	26	True	0.345412	0.753520	M1_001_y256x512	89	10755	42.639843	0.975369	41.247376	0.995130	0.525851	0.927109	33	169	0.000000	92	10632	43.327854	0.979216	0.996021	42.175861	0.860989	0.526860	244	23.022643	0.573258	0.856096	20.724533	0.999959	0.455568	-7.040966	-0.208806	-15.380929	-0.197638	0.066946	40.526661	0.999807
M1_001_y256x768.png	0.200606	0.184535	0.311573	0.185331	0.977234	0.998188	31.015116	0.986873	34.923503	1.000000	0.982461	1.107697	30.277046	0.846813	8140	3	47	101	32	2.112388	15.666667	783	827	1430.269393	8.715648	0.040202	-0.008244	-9.098979	-0.001484	-0.008526	0.355394	5449.285984	0.629753	3	47	-44	101	32	2.112388	15.666667	6	3	783	827	650	1.729467	8.715648	1430.269393	0.040202	33481	4.113145	8.051106	256x256	65536	sparse	Otsu	935	6	True	0.485898	0.538227	M1_001_y256x768	88	7901	43.637122	0.976440	40.707293	0.995399	0.644606	0.438232	48	19	0.000000	92	7306	44.272491	0.980202	0.996449	41.844369	0.400013	0.646675	271	24.125455	0.538854	0.870512	20.325983	0.999927	0.595766	-5.783790	0.544229	-13.360077	-0.129627	0.208850	40.114095	0.999672
M1_001_y512x256.png	0.137390	0.000000	0.000000	0.000000	0.000000	0.989080	22.333690	0.999957	27.216387	1.000000	0.153518	2.140944	22.426838	0.589301	1029	3	0	0	5	1.600000	0.000000	15	12	24.899495	2.549106	0.095849						626.057386	0.005590	3	0	3	0	5	1.600000	0.000000	3	0	15	12	10	2.074958	2.549106	24.899495	0.095849	37186	36.137998	63.689018	256x256	65536	sparse	Frangi	135	3	True	0.464292	0.994024	M1_001_y512x256												1	994	31.347578	0.833453	0.999925	22.855752	0.972631	0.006794														
M1_001_y512x512.png	0.046851	0.029975	0.058206	0.030037	0.936147	0.999630	32.804601	0.979593	34.493026	1.000000	0.836275	0.625133	27.245030	0.774920	13473	20	75	171	71	2.096831	3.750000	1136	1191	2411.538467	7.266753	0.067136	0.018458	-9.150935	-0.000323	-0.014689	0.396882	15153.291941	0.084999	20	75	-55	171	71	2.096831	3.750000	23	4	1136	1191	894	2.024801	7.266753	2411.538467	0.067136	38093	2.827358	4.864247	256x256	65536	sparse	Otsu	1736	23	True	0.259182	0.162023	M1_001_y512x512	91	13301	42.946122	0.977381	42.251795	0.994282	0.603118	0.752523	73	165	0.000000	93	13330	44.197505	0.983083	0.995738	43.669274	0.572919	0.596338	249	21.260770	0.561446	0.845989	19.233468	1.000000	0.495179	-7.758770	0.083752	-15.701092	-0.202462	0.028393	41.955536	0.999954
M1_001_y512x768.png	0.273951	0.173742	0.296048	0.183932	0.758228	0.996113	30.355957	0.989967	35.380695	1.000000	0.998089	0.814658	30.439423	0.845122	18494	10	305	556	76	2.228240	30.500000	2585	2880	4885.208936	3.295032	0.072203	-0.011763	-13.264643	-0.003597	-0.008448	0.660592	3236.518383	0.343738	10	305	-295	556	76	2.228240	30.500000	13	50	2585	2880	1953	1.696253	3.295032	4885.208936	0.072203	36387	1.967503	3.543636	256x256	65536	dense	Learned	2787	13	True	0.587973	0.478997	M1_001_y512x768	95	17769	45.384810	0.987079	44.505473	0.998415	0.339408	0.599006	42	44	0.000000	98	17354	47.963813	0.992496	0.999171	47.570208	0.581142	0.338503	248	22.571207	0.513439	0.891528	20.562847	0.944424	0.257610	-9.124778	0.399082	-14.945387	-0.141957	0.285714	43.620601	0.999711
M1_001_y768x256.png	0.208229	0.000000	0.000000	0.000000	0.000000	0.981680	22.853695	0.999977	25.685630	1.000000	0.130642	2.187616	24.236499	0.588178	609	1	0	0	2	1.333333	0.000000	3	2	6.828427	2.707702	0.460076						447.092056	0.002117	1	0	1	0	2	1.333333	0.000000	1	0	3	2	1	3.414214	2.707702	6.828427	0.460076	36326	59.648604	107.612479	256x256	65536	sparse	Frangi	65	1	True	0.454199	0.993612	M1_001_y768x256																																	
M1_001_y768x512.png	0.077135	0.000000	0.000000	0.000000	0.000000	0.986227	21.484284	0.999942	25.861223	1.000000	0.153518	2.455424	21.184690	0.539828	1164	3	2	4	4	1.882353	0.666667	17	16	23.899495	3.165926	0.060998						583.161831	0.008943	3	2	1	4	4	1.882353	0.666667	3	0	17	16	9	1.493718	3.165926	23.899495	0.060998	38174	32.795533	56.302405	256x256	65536	dense	Frangi	175	3	True	0.314182	0.771450	M1_001_y768x512												1	1150	30.942734	0.829880	0.999924	23.391541	0.630435	0.010582														
M1_002_y256x512.png	0.112556	0.014196	0.027994	0.072816	0.017328	0.988441	20.774653	0.999833	26.507917	1.000000	0.210219	2.204627	21.829056	0.718871	1311	4	0	0	4	1.809524	0.000000	42	38	51.798990	3.083027	0.035012	0.036276	-2.281780	-0.001661	0.000984	0.826653	840.143442	0.027275	4	0	4	0	4	1.809524	0.000000	5	0	42	38	38	1.363131	3.083027	51.798990	0.035012	31295	23.871091	49.989321	256x256	65536	sparse	Frangi	164	5	True	0.453243	0.999231	M1_002_y256x512	2	1294	26.606218	0.760867	17.876545	0.998849	0.173347	0.348406	24	8	0.000000	14	1292	35.172402	0.932658	0.999836	25.942951	0.206601	0.209919								8.631372	-0.138186	-4.777162	-0.041995	0.076280	23.056433	0.990102
M1_002_y256x768.png	0.238391	0.000160	0.000319	0.002347	0.000171	0.979687	22.632640	0.999912	27.155410	1.000000	0.273851	1.643040	19.639767	0.633305	1450	3	2	3	5	1.942857	0.666667	35	34	48.627417	4.111285	0.066978	0.189499	-1.666067	-0.001099	0.000313	0.909473	851.308584	0.019103	3	2	1	3	5	1.942857	0.666667	3	0	35	34	27	1.430218	4.111285	48.627417	0.066978	34557	23.832414	45.197241	256x256	65536	dense	Frangi	235	3	True	0.608627	0.999999	M1_002_y256x768	3	1418	26.021014	0.687755	19.756965	0.999598	0.090527	0.235802	56	1	0.000000	8	1438	33.073273	0.899011	0.999879	24.835393	0.132060	0.122128								7.398446	0.038049	-6.381247	-0.054451	0.048892	24.298707	0.980786
M1_002_y512x512.png	0.099003	0.000000	0.000000	0.000000	0.000000	0.989503	22.175998	0.999965	27.868092	1.000000	0.130642	2.522104	21.834888	0.516419	772	1	0	0	2	1.600000	0.000000	5	4	7.242641	3.971460	0.162661						512.095213	0.002681	1	0	1	0	2	1.600000	0.000000	1	0	5	4	3	1.810660	3.971460	7.242641	0.162661	38663	50.081606	84.891192	256x256	65536	dense	Frangi	104	1	True	0.396494	1.000000	M1_002_y512x512																																	
M1_002_y512x768.png	0.140150	0.131185	0.231943	0.132229	0.943224	0.997928	31.514601	0.990300	35.991411	1.000000	0.978218	1.631650	31.019855	0.849845	17633	17	305	569	89	2.233293	17.941176	2469	2757	4778.464031	3.188915	0.081374	0.050422	-12.266234	-0.001950	-0.008221	0.530987	3098.560810	0.554255	17	305	-288	569	89	2.233293	17.941176	21	45	2469	2757	1811	1.733211	3.188915	4778.464031	0.081374	36243	2.055407	3.716668	256x256	65536	dense	Learned	2675	21	True	0.419578	0.684605	M1_002_y512x768	95	17455	45.355191	0.984600	44.667387	0.998520	0.469013	0.867841	48	222	0.000000	98	17478	47.997485	0.991685	0.999220	47.680583	0.912123	0.469056	249	23.694294	0.596130	0.913270	21.450000	0.881400	0.366543	-8.675976	0.110377	-14.335336	-0.134755	0.089728	43.780835	0.999877
M1_002_y768x256.png	0.029922	0.000000	0.000000	0.000000	0.000000	0.992504	20.594163	0.999992	25.619042	1.000000	0.213372	1.888186	22.703374	0.692049	524	1	0	0	2	1.750000	0.000000	8	7	12.242641	1.971587	0.058614						506.175518	0.001194	1	0	1	0	2	1.750000	0.000000	1	0	8	7	6	1.748949	1.971587	12.242641	0.058614	32015	61.097328	125.068702	256x256	65536	sparse	Frangi	51	1	True	0.529205	0.999238	M1_002_y768x256																																	
M1_002_y768x512.png	0.074684	0.006279	0.012479	0.105634	0.006631	0.994135	23.555808	0.999990	33.084388	1.000000	0.228948	2.998677	24.499463	0.629149	898	1	0	0	2	1.818182	0.000000	11	10	13.656854	4.617025	0.032532						619.643450	0.005264	1	0	1	0	2	1.818182	0.000000	1	0	11	10	9	1.365685	4.617025	13.656854	0.032532	35777	39.840757	72.979955	256x256	65536	dense	Frangi	133	1	True	0.312874	0.938209	M1_002_y768x512																																	
M1_003_y256x256.png	0.194534	0.121108	0.216050	0.121490	0.974699	0.999754	32.559364	0.996889	33.436034	1.000000	0.819736	1.320000	34.297831	0.929863	3930	6	22	42	18	2.093842	3.666667	341	357	597.144228	6.253584	0.055509	-0.013671	-8.724283	-0.000199	-0.002355	0.547974	2744.528294	0.488281	6	22	-16	42	18	2.093842	3.666667	6	2	341	357	281	1.672673	6.253584	597.144228	0.055509	24593	6.257761	16.675827	256x256	65536	sparse	Otsu	461	6	True	0.320683	0.423301	M1_003_y256x256	85	3893	46.690515	0.976579	40.212234	0.999245	0.452026	0.299782	22	3	0.000000	94	3632	48.125174	0.983436	0.999475	43.279463	0.284387	0.484633	536	32.160656	0.799396	0.984726	24.241742	0.332496	0.462971	-6.776200	0.519954	-12.392684	-0.046717	0.208205	41.283647	0.999953
M1_003_y256x512.png	0.010779	0.201410	0.335290	0.238138	0.566336	0.990445	25.263460	0.995740	32.126770	1.000000	0.381966	0.209814	27.518767	0.730622	7150	24	25	50	56	2.004124	1.041667	485	486	879.454207	5.114957	0.058816	0.001323	-14.430299	-0.009209	-0.002931	0.725744	3988.693237	0.274988	24	25	-1	50	56	2.004124	1.041667	33	2	485	486	379	1.809577	5.114957	879.454207	0.058816	36444	5.097063	9.165874	256x256	65536	sparse	Meijering	735	33	True	0.415239	0.087123	M1_003_y256x512	75	7145	41.311036	0.977474	37.303214	0.998671	0.274256	0.085136	49	0	0.257576	88	7098	42.138276	0.978175	0.999160	39.798189	0.081019	0.269120	274	18.777527	0.410392	0.900554	12.625459	0.455165	0.270294	-5.176443	0.296830	-13.792269	-0.246853	0.009456	39.693760	0.999654
M1_003_y512x256.png	0.063226	0.070723	0.132104	0.071039	0.940876	0.999288	33.717956	0.993716	35.289868	1.000000	0.976809	1.718170	31.432406	0.898611	11852	10	159	312	51	2.201080	15.900000	1482	1631	3307.840979	3.226278	0.076707	-0.003707	-10.023557	-0.000651	-0.005208	0.391106	2724.215269	0.575840	10	159	-149	312	51	2.201080	15.900000	15	28	1482	1631	1119	2.028106	3.226278	3307.840979	0.076707	32785	2.766200	5.529531	256x256	65536	sparse	Learned	1612	15	True	0.452754	0.777909	M1_003_y512x256	93	11005	46.440305	0.989242	44.239167	0.998924	0.608894	0.696502	42	46	0.000000	96	9792	47.072761	0.989077	0.999195	45.650483	0.659588	0.605470	247	20.921185	0.428272	0.887271	17.138409	0.999903	0.399794	-8.949300	0.280307	-15.007900	-0.090631	0.066933	43.741513	0.999939
M1_003_y512x512.png	0.120954	0.000000	0.000000	0.000000	0.000000	0.992753	21.723270	0.999963	27.196520	1.000000	0.181269	1.717663	20.784456	0.619631	1041	2	0	0	4	1.666667	0.000000	12	10	20.071068	3.246150	0.092015						610.530376	0.008532	2	0	2	0	4	1.666667	0.000000	2	0	12	10	8	2.007107	3.246150	20.071068	0.092015	38274	36.766571	62.954851	256x256	65536	sparse	Frangi	132	2	True	0.381217	0.654802	M1_003_y512x512																																	
M1_003_y512x768.png	0.028269	0.038044	0.073299	0.038110	0.956016	0.999799	34.262153	0.991837	35.851834	1.000000	0.991808	3.530943	33.052189	0.884565	12380	7	230	427	55	2.266428	32.857143	1674	1897	3724.919910	3.198905	0.075780	-0.001214	-8.729552	-0.000176	-0.006632	0.457707	2764.612675	0.527473	7	230	-223	427	55	2.266428	32.857143	13	35	1674	1897	1192	1.963585	3.198905	3724.919910	0.075780	32773	2.647254	5.293700	256x256	65536	sparse	Learned	1800	13	True	0.266553	0.941184	M1_003_y512x768	94	12249	46.187559	0.987359	44.210710	0.998468	0.542293	0.908957	28	102	0.000000	96	10538	47.181310	0.987530	0.998898	45.851644	0.808534	0.540609	246	22.591482	0.453061	0.912983	19.230671	0.974524	0.368149	-8.358875	0.082851	-13.135370	-0.102795	0.029483	42.991705	0.999975
M1_003_y768x256.png	0.202589	0.217049	0.356681	0.217448	0.991611	0.998792	34.880836	0.986163	35.125625	1.000000	0.758487	1.731438	27.520037	0.761078	10959	19	65	132	60	2.091725	3.421053	1003	1049	1962.687251	7.432799	0.056638	0.006435	-6.487466	-0.000921	-0.009877	0.392971	5726.997614	0.603168	19	65	-46	132	60	2.091725	3.421053	24	6	1003	1049	811	1.871008	7.432799	1962.687251	0.056638	37323	3.405694	5.980108	256x256	65536	sparse	Otsu	1189	24	True	0.399698	0.692053	M1_003_y768x256	87	10397	43.210898	0.982619	42.005872	0.996039	0.607029	0.663847	53	50	0.000000	92	10584	43.739092	0.984458	0.996765	42.795198	0.604326	0.607181	246	21.635524	0.479871	0.837347	19.747171	0.993903	0.485357	-6.880246	0.094640	-15.690861	-0.221541	0.196154	41.368302	0.999713
M1_003_y768x512.png	0.311448	0.145637	0.254247	0.148026	0.900242	0.997326	29.565929	0.989786	35.704371	1.000000	0.983427	0.623148	30.395908	0.835933	16429	16	257	476	73	2.219490	16.062500	2196	2437	4209.732465	3.844133	0.073084	0.000581	-13.445718	-0.002475	-0.008156	0.646970	3477.659702	0.347108	16	257	-241	476	73	2.219490	16.062500	17	47	2196	2437	1647	1.727424	3.844133	4209.732465	0.073084	35875	2.183639	3.989044	256x256	65536	dense	Learned	2398	17	True	0.702074	0.437496	M1_003_y768x512	94	15548	44.723635	0.981392	44.117863	0.997942	0.353030	0.540760	44	36	0.088861	96	14582	46.327554	0.987489	0.998695	45.982567	0.494119	0.351067	250	21.784400	0.636938	0.921544	19.680577	0.893541	0.309333	-8.413492	0.442668	-14.327727	-0.145459	0.310867	43.011647	0.999801
M1_003_y768x768.png	0.334748	0.149575	0.260227	0.152225	0.895781	0.997611	30.740534	0.993376	35.060291	1.000000	0.826627	0.374647	30.855934	0.893661	11826	19	139	264	73	2.156863	7.315789	1530	1650	2716.754484	3.604249	0.063989	0.001700	-11.441123	-0.002206	-0.005341	0.659580	3231.765032	0.335482	19	139	-120	264	73	2.156863	7.315789	26	25	1530	1650	1193	1.646518	3.604249	2716.754484	0.063989	32853	2.778031	5.541688	256x256	65536	dense	Learned	1786	26	True	0.868006	0.325196	M1_003_y768x768	93	10987	46.034971	0.987503	43.789418	0.998717	0.340420	0.391794	29	11	0.662308	96	10252	47.036761	0.988226	0.999095	45.540889	0.378817	0.339832	248	19.901037	0.455970	0.907528	16.168033	0.565402	0.259820	-8.729127	0.434833	-15.179037	-0.093841	0.333048	42.181657	0.999817
M1_004_y256x256.png	0.021426	0.033330	0.064509	0.033542	0.840621	0.999720	26.599043	0.993554	34.653094	1.000000	0.999963	3.058167	31.965379	0.882939	12107	5	262	479	49	2.314373	52.400000	1635	1892	3693.563851	3.081308	0.071999	0.000333	-14.761924	-0.000259	-0.005250	0.483427	2792.556286	0.520251	5	262	-257	479	49	2.314373	52.400000	6	48	1635	1892	1107	1.952201	3.081308	3693.563851	0.071999	33418	2.760221	5.413067	256x256	65536	sparse	Learned	1785	6	True	0.326993	1.000000	M1_004_y256x256	93	11751	44.702217	0.984425	42.503782	0.998804	0.516573	0.979325	17	126	0.000000	96	10934	46.465387	0.987667	0.999349	45.069720	0.955547	0.513696	248	22.795557	0.402690	0.947739	20.746410	0.988667	0.435152	-7.850688	0.020638	-12.736838	-0.101487	0.021092	41.360967	0.999980
M1_004_y256x512.png	0.038675	0.037650	0.072569	0.037971	0.816766	0.999633	26.928351	0.995114	34.008098	1.000000	0.999947	1.923727	30.029298	0.876197	12551	6	214	406	57	2.260000	35.666667	1600	1808	3524.522220	3.096212	0.073261	-0.002741	-13.349580	-0.000349	-0.003703	0.461271	3007.939577	0.528364	6	214	-208	406	57	2.260000	35.666667	6	29	1600	1808	1137	1.949404	3.096212	3524.522220	0.073261	34973	2.786471	5.221576	256x256	65536	sparse	Learned	1780	6	True	0.308278	0.593043	M1_004_y256x512	92	11732	43.414117	0.982537	41.202027	0.998816	0.538729	0.608894	49	39	0.000000	95	11692	45.605993	0.987109	0.999384	44.259566	0.573297	0.546468	247	21.711671	0.383459	0.941644	18.656072	0.981500	0.320580	-7.193928	0.391053	-13.384819	-0.106339	0.041417	40.277932	0.999982
M1_004_y512x0.png	0.081507	0.125974	0.223760	0.126087	0.992951	0.999865	32.983327	0.995635	33.318816	1.000000	0.789864	1.636789	31.156731	0.887753	5426	7	11	28	20	2.018476	1.571429	433	437	611.801082	7.175495	0.032457	0.012649	-5.989436	-0.000097	-0.003091	0.462320	4201.803923	0.628113	7	11	-4	28	20	2.018476	1.571429	7	1	433	437	385	1.400002	7.175495	611.801082	0.032457	29129	5.368411	12.078142	256x256	65536	dense	Otsu	733	7	True	0.550671	0.901333	M1_004_y512x0	87	5255	45.416689	0.983518	40.423507	0.998726	0.537680	0.966817	7	30	0.000000	94	4722	46.381969	0.983692	0.999220	42.906628	0.998967	0.538227	399	30.505181	0.806300	0.971375	23.729241	0.990015	0.535099	-7.104691	-0.176953	-14.259958	-0.095765	0.068858	38.972763	0.999962
M1_004_y512x256.png	0.257462	0.158096	0.273028	0.163305	0.832110	0.997722	27.777876	0.993216	34.166613	1.000000	0.968746	0.559213	28.143437	0.821824	21913	19	290	555	107	2.201862	15.263158	2685	2956	5149.385386	3.269041	0.075403	0.001275	-14.243330	-0.002149	-0.005604	0.589158	5717.840910	0.405925	19	290	-271	555	107	2.201862	15.263158	25	45	2685	2956	2023	1.742011	3.269041	5149.385386	0.075403	40275	1.837950	2.990736	256x256	65536	dense	Learned	3291	25	True	0.631200	0.352975	M1_004_y512x256	94	19917	43.343826	0.986871	42.764738	0.998820	0.410842	0.420074	103	75	0.000000	97	20614	47.203306	0.994063	0.999557	47.084871	0.394791	0.409729	250	20.063594	0.397571	0.921266	19.192118	0.970695	0.240015	-8.598125	0.548672	-15.200389	-0.165047	0.256187	42.021206	0.999871
M1_004_y512x512.png	0.187085	0.000000	0.000000	0.000000	0.000000	0.987371	20.149183	0.999972	28.907358	1.000000	0.197481	2.047500	19.434668	0.323728	1237	2	0	0	4	1.777778	0.000000	18	16	22.485281	3.628344	0.040665						674.789429	0.010820	2	0	2	0	4	1.777778	0.000000	2	0	18	16	14	1.405330	3.628344	22.485281	0.040665	43752	35.369442	52.979790	256x256	65536	dense	Frangi	199	2	True	0.405762	0.830799	M1_004_y512x512																																	
M1_004_y512x768.png	0.072660	0.001013	0.002024	0.016760	0.001077	0.989858	18.871123	0.999956	26.541394	1.000000	0.136418	3.624802	22.640096	0.450210	1007	1	0	0	1	1.750000	0.000000	8	7	10.242641	3.154996	0.065725						570.309877	0.007028	1	0	1	0	1	1.750000	0.000000	3	0	8	7	7	1.463234	3.154996	10.242641	0.065725	41013	40.727905	65.080437	256x256	65536	sparse	Frangi	132	3	True	0.261920	0.949410	M1_004_y512x768																																	
M1_004_y768x0.png	0.033973	0.037599	0.072473	0.037682	0.944694	0.999848	32.233123	0.993305	34.907483	1.000000	0.983655	3.256273	31.930842	0.884055	11574	8	185	345	69	2.250354	23.125000	1414	1591	3196.504175	3.311032	0.073294	0.002472	-9.078781	-0.000138	-0.005338	0.392854	3231.601477	0.587255	8	185	-177	345	69	2.250354	23.125000	13	25	1414	1591	1000	2.009116	3.311032	3196.504175	0.073294	34606	2.989978	5.662347	256x256	65536	sparse	Learned	1570	13	True	0.257062	0.837064	M1_004_y768x0	92	10868	45.088712	0.985585	43.053358	0.998643	0.607146	0.845174	33	71	0.000000	96	11310	46.666656	0.988111	0.999217	45.558787	0.842157	0.593093	250	21.115222	0.440987	0.931648	17.702360	0.998497	0.368306	-8.145875	0.138481	-13.157871	-0.101530	0.031502	41.311904	0.999986
M1_004_y768x768.png	0.069893	0.068082	0.127485	0.068121	0.991731	0.999786	35.543413	0.984353	35.729792	1.000000	0.948255	2.922117	30.294332	0.806050	11786	9	114	219	55	2.167866	12.666667	1251	1356	2441.875493	7.073440	0.056950	0.012256	-4.823871	-0.000151	-0.010927	0.289488	6100.733757	0.729888	9	114	-105	219	55	2.167866	12.666667	14	8	1251	1356	977	1.800793	7.073440	2441.875493	0.056950	36737	3.117003	5.560496	256x256	65536	sparse	Otsu	1435	14	True	0.326801	0.954951	M1_004_y768x768	90	11412	43.411143	0.982351	41.942062	0.995280	0.710512	0.909746	39	124	0.000000	93	10572	44.195121	0.984754	0.996402	43.106409	0.875559	0.695144	248	22.514561	0.449164	0.817134	20.703538	1.000000	0.532386	-6.212270	0.038509	-13.116811	-0.176301	0.057637	40.367284	0.999937
M1_005_y256x512.png	0.055815	0.075896	0.141085	0.077197	0.818329	0.998872	27.764653	0.992329	34.307994	1.000000	0.999892	2.658657	31.007395	0.867785	12836	4	249	468	56	2.310127	62.250000	1580	1825	3842.782934	3.360793	0.084483	0.004015	-11.985301	-0.001030	-0.005462	0.478052	3710.135460	0.546121	4	249	-245	468	56	2.310127	62.250000	7	42	1580	1825	1056	2.105634	3.360793	3842.782934	0.084483	36205	2.820583	5.105640	256x256	65536	sparse	Learned	1762	7	True	0.376039	0.999757	M1_005_y256x512	92	12373	42.738062	0.976925	40.912793	0.997791	0.521948	0.846900	42	147	0.000000	95	12528	45.406520	0.984588	0.999058	44.552029	0.814748	0.521287	248	22.403343	0.441898	0.933802	20.152066	0.998584	0.425297	-6.604799	0.152992	-11.730667	-0.109140	0.051800	39.749954	0.999902
M1_005_y512x0.png	0.046476	0.000000	0.000000	0.000000	0.000000	0.992701	16.291867	0.999962	24.724794	1.000000	0.130642	2.378745	23.044863	0.662038	599	1	0	0	2	1.600000	0.000000	5	4	6.414214	3.370352	0.081331						475.773335	0.002029	1	0	1	0	2	1.600000	0.000000	1	0	5	4	3	1.603553	3.370352	6.414214	0.081331	36959	61.701169	109.409015	256x256	65536	dense	Frangi	66	1	True	0.412049	0.980159	M1_005_y512x0																																	
M1_005_y512x256.png	0.136036	0.000000	0.000000	0.000000	0.000000	0.982802	19.908639	0.999829	24.982010	1.000000	0.168896	2.072266	20.229286	0.455737	1197	4	0	0	8	1.619048	0.000000	21	17	36.313708	4.037906	0.116500						609.944344	0.012587	4	0	4	0	8	1.619048	0.000000	4	0	21	17	13	2.136100	4.037906	36.313708	0.116500	42180	35.238095	54.750209	256x256	65536	sparse	Frangi	141	4	True	0.454208	0.941240	M1_005_y512x256																																	
M1_005_y512x512.png	0.198538	0.214559	0.353312	0.253008	0.585386	0.990640	25.514866	0.993188	32.650489	1.000000	0.450689	0.648223	26.429977	0.653410	9478	34	58	104	79	2.066667	1.705882	720	744	1438.463745	5.257539	0.088667	-0.026961	-12.016192	-0.008235	-0.003890	0.493208	5017.217398	0.487506	34	58	-24	104	79	2.066667	1.705882	44	3	720	744	537	1.933419	5.257539	1438.463745	0.088667	42061	4.437751	6.914539	256x256	65536	sparse	Meijering	976	44	True	0.407042	0.263854	M1_005_y512x512	77	9225	38.355689	0.955174	37.352466	0.997078	0.506792	0.366578	136	46	0.000000	83	8764	38.512042	0.958153	0.997157	37.521509	0.346015	0.506344	249	19.350226	0.421964	0.907634	16.159109	0.949207	0.278168	-4.701977	0.084112	-11.925712	-0.301764	0.225499	37.531058	0.998876
M1_005_y512x768.png	0.121343	0.137052	0.241065	0.138089	0.948045	0.998372	31.950743	0.981796	34.564485	1.000000	0.996529	1.929438	29.914842	0.834264	10386	5	71	148	38	2.131082	14.200000	1007	1073	2025.907863	8.385062	0.050358	-0.000131	-6.786902	-0.001309	-0.011428	0.301237	5842.506170	0.691393	5	71	-66	148	38	2.131082	14.200000	6	9	1007	1073	821	1.888078	8.385062	2025.907863	0.050358	37627	3.622858	6.310033	256x256	65536	sparse	Otsu	1159	6	True	0.471465	0.909663	M1_005_y512x768	88	10012	41.694476	0.974306	39.748416	0.993224	0.698763	0.865340	32	93	0.000000	91	9486	42.785258	0.978874	0.995069	41.165632	0.727191	0.697445	250	22.486602	0.413295	0.819637	20.486192	0.992845	0.567215	-5.183931	0.131189	-11.779634	-0.140042	0.121474	38.737645	0.999681
M1_005_y768x256.png	0.091527	0.078079	0.144849	0.079514	0.812337	0.999564	28.303733	0.995082	33.012894	1.000000	0.325758	1.182080	27.976391	0.725343	7112	35	25	48	72	1.962193	0.714286	529	519	994.629634	4.835033	0.093708	0.022010	-9.078868	-0.000341	-0.003104	0.547682	2447.788000	0.499937	35	25	10	48	72	1.962193	0.714286	48	0	529	519	409	1.916435	4.835033	994.629634	0.093708	39045	5.490017	9.214848	256x256	65536	sparse	Meijering	671	48	True	0.269481	0.318548	M1_005_y768x256	73	7032	39.942696	0.956552	38.160934	0.998186	0.452318	0.367601	102	40	0.000000	85	7040	40.067538	0.959536	0.998177	38.435728	0.357216	0.450731	277	22.541948	0.563092	0.937470	17.853390	0.719168	0.260214	-5.148041	-0.041843	-11.966305	-0.231209	0.069517	37.382601	0.999905
M1_005_y768x512.png	0.153103	0.107400	0.193968	0.110710	0.782251	0.997889	27.464485	0.992533	33.671292	1.000000	0.908485	0.820527	28.290358	0.800065	19240	20	271	513	123	2.207867	13.550000	2415	2666	4584.246364	3.203748	0.079261	-0.005322	-13.587889	-0.001928	-0.006063	0.605020	3661.490679	0.402908	20	271	-251	513	123	2.207867	13.550000	32	28	2415	2666	1779	1.719522	3.203748	4584.246364	0.079261	40086	2.083472	3.406237	256x256	65536	dense	Learned	2719	32	True	0.503415	0.413066	M1_005_y768x512	93	17889	42.313685	0.978206	41.791756	0.998596	0.394980	0.439894	108	128	0.000000	95	18484	45.741667	0.990253	0.999409	45.459072	0.419578	0.391886	246	21.080411	0.484035	0.932497	19.228318	0.999849	0.248738	-8.120464	0.468591	-14.023327	-0.178141	0.158426	41.052374	0.999817
M1_005_y768x768.png	0.039714	0.049820	0.094911	0.050235	0.857621	0.999268	29.646908	0.992462	34.023966	1.000000	0.979580	2.178534	30.158446	0.839764	13903	11	241	458	70	2.275120	21.909091	1672	1902	3741.202509	3.329966	0.071388	-0.001817	-10.947411	-0.000662	-0.005820	0.503371	2983.798981	0.481466	11	241	-230	458	70	2.275120	21.909091	16	35	1672	1902	1144	1.966983	3.329966	3741.202509	0.071388	37820	2.720276	4.713803	256x256	65536	sparse	Learned	1830	16	True	0.352735	0.768446	M1_005_y768x768	92	13553	43.145708	0.981991	41.587378	0.998282	0.496629	0.812243	46	130	0.000000	95	13680	45.603252	0.988115	0.999111	44.661470	0.727915	0.493472	250	20.432849	0.411997	0.922306	17.490210	0.998050	0.382170	-7.563411	0.167337	-12.987262	-0.142226	0.041532	40.594319	0.999930
M1_006_y0x768.png	0.007244	0.036295	0.070048	0.037384	0.554734	0.998316	27.873698	0.991397	35.710618	1.000000	0.908523	0.160889	32.178132	0.884791	14017	18	158	307	85	2.153425	8.777778	1825	1965	3447.178372	3.392022	0.079426	0.000034	-14.990578	-0.001528	-0.006793	0.930149	2856.455088	0.068938	18	158	-140	307	85	2.153425	8.777778	24	19	1825	1965	1433	1.754289	3.392022	3447.178372	0.079426	35351	2.522009	4.675466	256x256	65536	dense	Learned	2027	24	True	0.491352	0.079053	M1_006_y0x768	93	13093	45.031756	0.984248	43.601821	0.998190	0.069851	0.070266	28	0	0.416667	96	13194	46.466381	0.987641	0.998840	45.929321	0.071594	0.068518	245	20.171387	0.599329	0.860507	16.147320	0.962870	0.307836	-7.891202	0.838257	-12.853624	-0.099457	0.007210	42.864276	0.999845
M1_006_y256x512.png	0.182055	0.104607	0.189401	0.108744	0.733311	0.997272	31.229100	0.991291	36.170888	1.000000	0.880793	0.675205	33.080357	0.889605	12607	16	166	325	79	2.193050	10.375000	1554	1704	3654.869272	3.178522	0.088138	-0.005148	-11.698895	-0.002511	-0.006851	0.549394	3092.155218	0.422842	16	166	-150	325	79	2.193050	10.375000	29	23	1554	1704	1150	2.144876	3.178522	3654.869272	0.088138	35355	2.804394	5.198382	256x256	65536	sparse	Learned	1726	29	True	0.456649	0.308332	M1_006_y256x512	93	12574	44.938871	0.983057	43.515185	0.998142	0.450606	0.252620	127	11	0.000000	95	12178	46.010704	0.986281	0.998754	45.336725	0.257570	0.453055	248	22.661426	0.572402	0.859942	19.514003	0.988946	0.286372	-7.344297	0.628174	-11.858514	-0.093451	0.187202	42.927995	0.999783
M1_006_y256x768.png	0.389894	0.319120	0.483838	0.374421	0.683609	0.990465	29.613816	0.992692	34.530764	1.000000	0.740111	0.657819	29.622623	0.840524	15014	28	130	250	101	2.117241	4.642857	1740	1842	3156.040797	3.385225	0.074449	-0.035952	-11.806273	-0.008436	-0.005634	0.526338	3955.644369	0.455373	28	130	-102	250	101	2.117241	4.642857	40	16	1740	1842	1389	1.713377	3.385225	3156.040797	0.074449	38246	2.547356	4.364993	256x256	65536	dense	Learned	2152	40	True	0.645027	0.424311	M1_006_y256x768	92	13694	43.115909	0.981189	41.787990	0.998326	0.473662	0.461183	74	47	0.000000	95	14848	45.368081	0.988113	0.999173	44.853484	0.463687	0.474267	250	19.697306	0.494503	0.888641	16.317300	0.739894	0.218378	-7.257226	0.278928	-13.493286	-0.140665	0.425846	41.420089	0.998901
M1_006_y512x512.png	0.116360	0.071422	0.133322	0.073936	0.677486	0.998344	30.136208	0.991846	35.816114	1.000000	0.932264	0.885185	32.630550	0.881339	14317	18	269	494	97	2.268593	14.944444	1869	2120	4546.571848	2.952284	0.088481	-0.011853	-12.307257	-0.001462	-0.006745	0.462536	2789.929390	0.517106	18	269	-251	494	97	2.268593	14.944444	28	34	1869	2120	1278	2.144609	2.952284	4546.571848	0.088481	35546	2.482783	4.577495	256x256	65536	sparse	Learned	1999	28	True	0.433960	0.384135	M1_006_y512x512	93	13332	44.888889	0.984882	43.669958	0.998590	0.537464	0.407159	99	20	0.000000	96	13400	46.207217	0.988085	0.999105	45.799169	0.379277	0.534878	250	23.187110	0.528999	0.898728	21.384588	0.888880	0.321189	-7.853844	0.525106	-12.258339	-0.103543	0.128213	42.443465	0.999806
M1_006_y512x768.png	0.208365	0.001278	0.002552	0.067358	0.001301	0.974148	22.721276	0.999969	29.952199	1.000000	0.181269	1.101447	21.742730	0.504097	970	2	0	0	4	1.666667	0.000000	12	10	20.071068	3.405484	0.115019						567.947149	0.012557	2	0	2	0	4	1.666667	0.000000	2	0	12	10	8	2.007107	3.405484	20.071068	0.115019	40330	41.577320	67.562887	256x256	65536	sparse	Frangi	132	2	True	0.549171	0.604882	M1_006_y512x768																																	
M1_006_y768x512.png	0.111856	0.090344	0.165716	0.093352	0.737075	0.997521	30.342367	0.994048	36.463373	1.000000	0.933832	1.017683	33.882931	0.909086	10348	11	145	283	70	2.210858	13.181818	1271	1405	2897.866461	3.247506	0.082576	-0.010660	-12.371956	-0.002305	-0.004697	0.534893	3265.949249	0.454207	11	145	-134	283	70	2.210858	13.181818	18	15	1271	1405	918	2.062538	3.247506	2897.866461	0.082576	31758	3.068999	6.333204	256x256	65536	sparse	Learned	1461	18	True	0.563078	0.573035	M1_006_y768x512	92	9243	45.927598	0.985420	43.857191	0.998745	0.465107	0.474427	49	12	0.038889	96	9476	46.994368	0.987484	0.999099	45.662212	0.489805	0.471283	245	23.488851	0.516289	0.920487	20.840944	0.711771	0.283755	-7.393818	0.459405	-12.044667	-0.076334	0.122516	42.714323	0.999825
M1_006_y768x768.png	0.079549	0.016274	0.032027	0.418750	0.016650	0.989014	21.824142	0.999978	32.024276	1.000000	0.124827	2.783528	24.176886	0.624584	907	1	0	0	1	1.666667	0.000000	6	5	7.414214	2.342533	0.000000						550.273657	0.003183	1	0	1	0	1	1.666667	0.000000	3	0	6	5	5	1.482843	2.342533	7.414214	0.000000	37622	41.479603	72.255788	256x256	65536	sparse	Frangi	130	3	True	0.358758	0.998612	M1_006_y768x768												1	834	31.661366	0.825080	0.999923	24.447354	0.999981	0.003201														
M1_007_y512x512.png	0.062231	0.089837	0.164864	0.090158	0.961875	0.999449	29.791159	0.994278	32.869380	1.000000	0.999753	2.073053	27.368847	0.829639	15115	3	243	465	64	2.271647	81.000000	1767	2007	3963.224358	3.264926	0.071916	-0.004735	-10.192820	-0.000486	-0.004547	0.479457	3567.107439	0.499899	3	243	-240	465	64	2.271647	81.000000	8	33	1767	2007	1238	1.974701	3.264926	3963.224358	0.071916	37915	2.508435	4.335825	256x256	65536	sparse	Learned	1985	8	True	0.353979	0.733817	M1_007_y512x512	92	14418	42.330611	0.982162	40.676869	0.998825	0.520543	0.811558	29	53	0.000000	95	14754	45.396199	0.987940	0.999509	44.644262	0.761674	0.520817	248	19.488236	0.358540	0.935624	17.907599	0.999951	0.395802	-7.807489	0.188195	-14.961764	-0.152523	0.066966	39.983978	0.999936
M1_007_y768x0.png	0.062582	0.064283	0.120801	0.064283	1.000000	0.999849	35.124631	0.985952	34.285912	1.000000	0.905106	1.656012	29.261669	0.841133	10829	9	64	133	33	2.124575	7.111111	883	938	1675.758585	8.310457	0.041000	0.002332	-4.809451	-0.000097	-0.009467	0.339347	14023.223400	0.670160	9	64	-55	133	33	2.124575	7.111111	12	9	883	938	717	1.786523	8.310457	1675.758585	0.041000	33920	3.132330	6.051898	256x256	65536	sparse	Otsu	1397	12	True	0.549171	0.909433	M1_007_y768x0	90	10300	43.165731	0.980000	40.712286	0.995419	0.660653	0.802290	21	33	0.000000	94	10568	45.069807	0.985297	0.997461	43.272572	0.742768	0.660333	250	22.668048	0.411297	0.851202	20.306948	0.998371	0.584859	-6.426375	0.102817	-13.904062	-0.138867	0.060250	39.934082	0.999946
M1_007_y768x512.png	0.049892	0.065945	0.123731	0.066130	0.959330	0.999756	32.536673	0.982719	32.951589	1.000000	0.970744	3.360736	25.492524	0.719705	13330	11	112	193	46	2.163166	10.181818	1238	1339	2496.897263	7.953234	0.053228	-0.000773	-5.794206	-0.000184	-0.010838	0.337637	5756.144524	0.653335	11	112	-101	193	46	2.163166	10.181818	12	11	1238	1339	999	1.864748	7.953234	2496.897263	0.053228	41655	3.124906	4.916429	256x256	65536	sparse	Otsu	1358	12	True	0.292959	0.984558	M1_007_y768x512	86	13046	39.705202	0.977625	38.583432	0.993557	0.662363	0.953935	26	112	0.000000	89	12852	41.153048	0.982935	0.995911	40.418524	0.895254	0.662381	250	18.818654	0.330056	0.762868	17.570089	0.999917	0.598431	-5.631843	0.016809	-14.212678	-0.257920	0.050665	38.330879	0.999941
M1_007_y768x768.png	0.184245	0.099970	0.181768	0.100558	0.944724	0.999299	31.589778	0.992259	33.756117	1.000000	0.946464	0.909724	27.652642	0.816766	19437	16	249	479	109	2.195634	15.562500	2382	2615	4650.830872	3.358176	0.080763	0.006915	-9.394864	-0.000624	-0.006169	0.597789	3480.887651	0.396081	16	249	-233	479	109	2.195634	15.562500	27	30	2382	2615	1794	1.778520	3.358176	4650.830872	0.080763	41217	2.120543	3.371714	256x256	65536	dense	Learned	2648	27	True	0.350420	0.318785	M1_007_y768x768	93	18833	42.496622	0.984070	41.834108	0.998428	0.402211	0.413165	83	46	0.000000	95	18704	45.609478	0.991654	0.999310	45.551721	0.396063	0.404449	245	17.954822	0.376334	0.870267	15.932817	0.988204	0.297175	-8.077991	0.533299	-14.843980	-0.167303	0.177330	40.984642	0.999922
M1_008_y0x768.png	0.043903	0.089881	0.164938	0.090700	0.908711	0.999581	31.766558	0.990641	33.882668	1.000000	0.978109	2.933104	31.740580	0.903083	14033	8	162	297	43	2.193225	20.250000	1594	1748	2802.996418	3.152462	0.056128	-0.001903	-10.930055	-0.000382	-0.008140	0.553868	5960.429668	0.424727	8	162	-154	297	43	2.193225	20.250000	12	33	1594	1748	1254	1.603545	3.152462	2802.996418	0.056128	30444	2.169458	4.670135	256x256	65536	dense	Learned	2346	12	True	0.340928	0.999978	M1_008_y0x768	95	13560	46.143682	0.986169	43.787052	0.998781	0.446132	0.679060	80	314	0.000000	98	12952	49.108179	0.991425	0.999473	47.569122	0.700104	0.468357	247	22.058296	0.432479	0.924884	18.377069	0.995204	0.319244	-9.904384	0.299049	-14.403103	-0.083087	0.045806	42.696613	0.999963
M1_008_y256x512.png	0.067802	0.015569	0.030660	0.787879	0.015634	0.991817	15.531040	0.999997	28.211853	1.000000	0.147856	4.669653	22.276945	0.506257	496	1	0	0	2	1.666667	0.000000	6	5	8.242641	2.021498	0.065065						491.003275	0.001925	1	0	1	0	2	1.666667	0.000000	1	0	6	5	4	1.648528	2.021498	8.242641	0.065065	40913	82.485887	132.129032	256x256	65536	dense	Frangi	33	1	True	0.178927	0.835526	M1_008_y256x512																																	
M1_008_y256x768.png	0.072959	0.077907	0.144553	0.078155	0.960971	0.999529	26.776500	0.994751	34.912706	1.000000	0.779237	2.002835	33.158508	0.882641	11864	21	111	227	87	2.118890	5.285714	1514	1604	2680.941267	2.969590	0.068973	0.008942	-13.274415	-0.000426	-0.003887	0.441485	2808.109760	0.579194	21	111	-90	227	87	2.118890	5.285714	30	10	1514	1604	1200	1.671410	2.969590	2680.941267	0.068973	36618	3.086480	5.523938	256x256	65536	dense	Learned	1770	30	True	0.265989	0.532731	M1_008_y256x768	91	11186	42.626202	0.969116	40.936058	0.998638	0.558515	0.456145	97	78	0.000000	93	11864	44.183409	0.978722	0.999146	42.975948	0.439546	0.556198	242	24.425305	0.596090	0.940427	20.953176	0.999997	0.308729	-6.023351	0.323092	-9.467694	-0.086474	0.064016	40.050915	0.999955
M1_008_y512x512.png	0.018224	0.032377	0.062723	0.032385	0.992042	0.999877	32.749697	0.985994	33.409717	1.000000	0.853718	4.918913	27.696224	0.740202	10907	12	70	151	44	2.115538	5.833333	1004	1062	1957.358126	7.670304	0.057028	0.000903	-4.525920	-0.000095	-0.008142	0.480125	4755.932093	0.542841	12	70	-58	151	44	2.115538	5.833333	18	5	1004	1062	809	1.843087	7.670304	1957.358126	0.057028	40585	3.721005	6.008618	256x256	65536	sparse	Otsu	1134	18	True	0.203297	0.999998	M1_008_y512x512	85	10687	39.908924	0.965921	38.519831	0.994136	0.519875	0.908100	34	119	0.000000	88	10332	40.850991	0.972405	0.995524	39.707822	0.905580	0.516240	247	21.184077	0.459383	0.844749	18.611445	0.998640	0.482024	-5.110114	-0.054382	-12.212700	-0.225719	0.017321	37.275617	0.999971
M1_008_y768x256.png	0.092583	0.076846	0.142724	0.077239	0.937837	0.999387	32.203555	0.992974	35.133637	1.000000	0.991962	1.387221	31.093085	0.851997	19473	14	292	549	88	2.211326	20.857143	2631	2909	4910.131527	3.082844	0.071464	0.003092	-10.585160	-0.000554	-0.005810	0.520932	3793.871403	0.490066	14	292	-278	549	88	2.211326	20.857143	17	42	2631	2909	1994	1.687910	3.082844	4910.131527	0.071464	38297	1.966672	3.365480	256x256	65536	dense	Learned	2987	17	True	0.359389	0.498553	M1_008_y768x256	94	17587	44.025636	0.982829	43.417103	0.998784	0.479068	0.482396	110	105	0.000000	97	18722	47.168442	0.991732	0.999459	46.923197	0.472617	0.480963	243	23.015289	0.540272	0.937864	21.727110	0.992013	0.296647	-8.283466	0.509565	-12.932552	-0.130832	0.089490	42.788716	0.999941
M1_008_y768x512.png	0.056980	0.000000	0.000000	0.000000	0.000000	0.995411	17.756516	0.999995	25.434318	1.000000	0.147856	2.091204	28.304709	0.881481	376	1	0	0	1	1.666667	0.000000	6	5	7.414214	2.342533	0.000000						492.821455	0.002417	1	0	1	0	1	1.666667	0.000000	1	0	6	5	5	1.482843	2.342533	7.414214	0.000000	28636	76.159574	174.297872	256x256	65536	sparse	Frangi	33	1	True	0.477954	0.999500	M1_008_y768x512																																	
M1_009_y256x0.png	0.000000	0.000000	0.000000	0.000000	0.000000	0.981472	26.865654	0.999677	25.591558	1.000000	0.200152	0.547752	17.619035	0.500237	1613	5	0	0	10	1.743590	0.000000	39	34	94.534127	4.180952	0.060892	-0.003541	1.483992	0.008583	0.001484	0.875190	842.379093	0.697468	5	0	5	0	10	1.743590	0.000000	6	0	39	34	29	2.780415	4.180952	94.534127	0.060892	38812	24.061996	40.629882	256x256	65536	sparse	Frangi	159	6	True	0.311788	0.170782	M1_009_y256x0	2	1550	23.575923	0.616638	17.905444	0.998193	0.124810	0.168239	95	3	0.000000									5901	39.146960	0.965298	0.999980	36.863633	0.101631	0.143701	7.686113	0.031912	-5.956888	-0.116401	0.003541	25.381662	0.972889
M1_009_y256x256.png	0.000000	0.041558	0.079799	0.093331	0.069695	0.985968	27.920915	0.998534	31.715768	1.000000	0.174074	0.128674	26.288548	0.708182	4859	30	4	8	63	1.751196	0.133333	209	183	421.037197	4.234265	0.114689	-0.000098	-10.461866	-0.011992	-0.000700	0.712707	1830.554724	0.290064	30	4	26	8	63	1.751196	0.133333	48	0	209	183	138	2.300750	4.234265	421.037197	0.114689	37118	7.639020	13.487549	256x256	65536	sparse	Meijering	389	48	True	0.535751	0.068937	M1_009_y256x256	40	4782	38.191463	0.950507	33.484473	0.999234	0.287293	0.065626	66	0	0.812500	78	4804	39.451315	0.957369	0.999470	35.893393	0.065164	0.277225	409	21.952102	0.596444	0.960275	14.498080	0.855059	0.196216	-1.768705	0.108448	-11.902915	-0.242325	0.000098	38.382781	0.997960
M1_009_y256x512.png	0.041035	0.049760	0.094802	0.050190	0.852941	0.999103	31.684441	0.992204	37.069617	1.000000	0.975991	1.115120	34.334959	0.910439	10770	11	182	364	64	2.241355	16.545455	1417	1588	3317.459184	3.167733	0.084881	-0.002408	-12.112272	-0.000827	-0.006436	0.567211	2682.219028	0.419855	11	182	-171	364	64	2.241355	16.545455	15	25	1417	1588	989	2.089080	3.167733	3317.459184	0.084881	29691	2.756825	6.085051	256x256	65536	sparse	Learned	1543	15	True	0.601481	0.670723	M1_009_y256x512	94	10655	47.453145	0.988581	45.574767	0.998640	0.432789	0.719528	39	35	0.000000	97	10662	48.227836	0.989855	0.998887	46.885364	0.668758	0.443600	250	25.003953	0.569695	0.935681	20.973193	0.999990	0.252268	-8.505150	0.256463	-13.118186	-0.078142	0.043443	43.796714	0.999930
M1_009_y512x256.png	0.120986	0.056254	0.106516	0.058079	0.641590	0.997567	26.726092	0.992918	35.689954	1.000000	0.733627	0.685262	31.814108	0.900537	11670	23	117	229	83	2.161373	5.086957	1165	1259	2697.330434	3.138616	0.091445	0.119335	-17.317546	-0.002336	-0.006186	0.935691	5913.914442	0.116840	23	117	-94	229	83	2.161373	5.086957	35	10	1165	1259	853	2.142439	3.138616	2697.330434	0.091445	30695	2.630249	5.615767	256x256	65536	sparse	Learned	1723	35	True	0.286805	0.196537	M1_009_y512x256	93	10594	47.100220	0.988436	45.564613	0.999105	0.064309	0.070213	25	0	0.357143	97	11610	48.051285	0.989704	0.999260	47.263616	0.064244	0.063619	249	22.228572	0.583272	0.911100	17.969240	0.999644	0.210671	-9.874659	0.663414	-15.286112	-0.087899	0.001651	44.043639	0.999902
M1_009_y512x768.png	0.002298	0.034507	0.066712	0.034799	0.804560	0.999213	32.442123	0.990286	36.539656	1.000000	0.900937	0.452310	31.816631	0.886989	14448	13	185	384	107	2.206483	14.230769	1666	1838	4126.224682	3.006144	0.093161	0.001430	-12.654867	-0.000730	-0.008381	0.937154	5147.094488	0.069750	13	185	-172	384	107	2.206483	14.230769	30	14	1666	1838	1175	2.244954	3.006144	4126.224682	0.093161	33173	2.296027	4.535991	256x256	65536	sparse	Learned	2160	30	True	0.221199	0.100051	M1_009_y512x768	94	13665	47.075515	0.988977	46.028393	0.998667	0.062846	0.060117	50	0	0.166667	97	13634	47.628536	0.989815	0.998826	47.196350	0.068383	0.063030	248	22.208595	0.618069	0.866486	18.896397	0.907140	0.205881	-9.488736	0.840820	-15.258884	-0.101987	0.000868	45.096990	0.999943
M1_009_y768x768.png	0.001727	0.235400	0.381091	0.315709	0.480626	0.987706	29.270966	0.994410	33.435087	1.000000	0.423874	0.176526	27.069867	0.734515	8306	27	34	75	81	2.022152	1.259259	632	639	1255.784361	5.403933	0.075698	-0.003252	-11.849165	-0.011198	-0.003774	0.806628	3227.085114	0.186050	27	34	-7	75	81	2.022152	1.259259	42	1	632	639	476	1.965234	5.403933	1255.784361	0.075698	37389	4.501445	7.890200	256x256	65536	sparse	Otsu	770	42	True	0.419625	0.074075	M1_009_y768x768	75	8189	41.538339	0.977589	38.806463	0.998183	0.193372	0.071676	96	0	0.000000	88	8094	42.216513	0.978231	0.998377	40.382941	0.068685	0.193370	250	19.397281	0.499267	0.892691	14.391966	0.998050	0.279989	-5.371376	0.352197	-14.468472	-0.243074	0.004978	41.120131	0.998903
M1_010_y0x0.png	0.186427	0.000000	0.000000	0.000000	0.000000	0.985216	19.789972	0.999996	27.283320	1.000000	0.058235	1.208798	20.138919	0.598502	495	0	0	0	0	0	0.000000	0	0	0	0	0						468.583584	0.001524	0	0	0	0	0	0	0.000000	1	0	0	0	0	0	0	0	0	35506	71.729293	132.395960	256x256	65536	dense	Frangi	40	1	True	0.825258	0.997570	M1_010_y0x0																																	
M1_010_y256x0.png	0.082014	0.099540	0.181057	0.102302	0.786603	0.999401	31.031247	0.997289	34.619764	1.000000	0.976246	3.624156	35.497807	0.948576	6514	5	102	177	28	2.246193	20.400000	788	885	1618.360295	3.000089	0.057370	-0.002072	-9.940323	-0.000521	-0.002127	0.402486	1990.329027	0.580232	5	102	-97	177	28	2.246193	20.400000	7	16	788	885	583	1.828656	3.000089	1618.360295	0.057370	28005	4.299202	10.060792	256x256	65536	sparse	Learned	910	7	True	0.273851	0.992479	M1_010_y256x0	90	6295	46.301252	0.985810	41.785761	0.999415	0.597514	0.925578	10	28	0.410714	96	5714	47.250828	0.984898	0.999666	44.622633	0.864471	0.604403	339	29.392057	0.793142	0.976399	23.436633	0.999754	0.460231	-7.165997	0.050668	-10.803446	-0.037234	0.084086	40.971569	0.999922
M1_010_y256x256.png	0.213524	0.195548	0.327126	0.196426	0.977654	0.997548	32.234382	0.978071	34.069824	1.000000	0.986208	1.337615	26.155675	0.763905	15477	7	106	213	43	2.143687	15.142857	1378	1477	2772.324169	8.374560	0.056056	0.012874	-7.766718	-0.001944	-0.015326	0.296821	10721.074104	0.680000	7	106	-99	213	43	2.143687	15.142857	11	15	1378	1477	1122	1.876997	8.374560	2772.324169	0.056056	40690	2.629062	4.234412	256x256	65536	sparse	Otsu	1714	11	True	0.583555	0.780571	M1_010_y256x256	90	15228	41.370248	0.983028	40.483247	0.993397	0.703179	0.792905	59	114	0.000000	92	14588	43.170867	0.988226	0.996166	42.743461	0.759869	0.711161	250	20.215867	0.339010	0.730163	19.785448	0.974267	0.600020	-6.413423	0.193303	-15.214573	-0.219123	0.200650	40.001100	0.999492
M1_010_y256x512.png	0.064882	0.086189	0.158699	0.086189	1.000000	0.999628	34.592144	0.988760	33.501249	1.000000	0.849613	1.514763	29.112906	0.868982	9695	7	47	86	30	2.126382	6.714286	633	673	1236.060906	8.800156	0.054018	-0.000221	-4.715585	-0.000237	-0.008016	0.349406	13989.222527	0.642943	7	47	-40	86	30	2.126382	6.714286	11	5	633	673	517	1.836643	8.800156	1236.060906	0.054018	33299	3.434657	6.759773	256x256	65536	sparse	Otsu	1237	11	True	0.587286	0.889599	M1_010_y256x512	90	9189	43.426482	0.981039	40.260935	0.996777	0.650594	0.714248	19	20	0.000000	94	9204	45.209513	0.983816	0.998254	43.026018	0.669891	0.649884	245	21.842415	0.390087	0.868150	18.501506	0.995008	0.603909	-6.759686	0.135365	-14.313576	-0.112057	0.065103	39.307729	0.999866
M1_010_y512x256.png	0.027220	0.032951	0.063800	0.033362	0.727763	0.999667	27.330855	0.995671	33.678473	1.000000	0.994944	3.555314	30.092515	0.900887	14688	9	219	411	58	2.223881	24.333333	1876	2086	3544.083808	2.867298	0.069209	-0.003834	-15.633651	-0.000310	-0.003709	0.338614	2973.835707	0.608696	9	219	-210	411	58	2.223881	24.333333	11	36	1876	2086	1407	1.698986	2.867298	3544.083808	0.069209	34601	2.355733	4.461874	256x256	65536	dense	Learned	2128	11	True	0.273851	0.973626	M1_010_y512x256	94	14445	45.341991	0.989284	42.907601	0.999380	0.661386	0.915672	23	52	0.232323	98	14406	47.867577	0.990594	0.999761	47.138689	0.820301	0.659552	249	21.512867	0.385414	0.926983	18.310722	1.000000	0.421398	-9.229128	0.079272	-15.249476	-0.088398	0.031054	42.964506	0.999977
M1_010_y512x512.png	0.252657	0.148892	0.259192	0.153476	0.832911	0.997763	28.922351	0.993573	33.271911	1.000000	0.994110	0.467184	27.035380	0.788562	23226	15	362	688	110	2.243167	24.133333	2854	3201	5566.307267	3.161992	0.077069	-0.014751	-12.751392	-0.002072	-0.005454	0.561024	6086.698532	0.437680	15	362	-347	688	110	2.243167	24.133333	18	52	2854	3201	2056	1.738928	3.161992	5566.307267	0.077069	42297	1.821106	2.821665	256x256	65536	dense	Learned	3504	18	True	0.652056	0.304630	M1_010_y512x512	94	22552	42.604187	0.985847	42.196120	0.999027	0.438976	0.284805	175	61	0.000000	96	21996	46.423634	0.994425	0.999619	46.220371	0.270172	0.438999	249	18.880544	0.353071	0.902432	17.643003	0.680181	0.284578	-8.924209	0.709305	-15.568807	-0.197285	0.267408	41.673743	0.999835
M1_010_y512x768.png	0.062825	0.101287	0.183943	0.101969	0.938111	0.998819	30.194509	0.995107	34.471344	1.000000	0.994220	2.637194	32.511912	0.910371	10405	7	176	325	42	2.264890	25.142857	1276	1445	2825.887661	3.123640	0.071102	-0.006006	-9.906441	-0.001052	-0.003862	0.468657	2859.111547	0.495829	7	176	-169	325	42	2.264890	25.142857	9	31	1276	1445	909	1.955632	3.123640	2825.887661	0.071102	32710	3.143681	6.298510	256x256	65536	sparse	Learned	1430	9	True	0.373433	0.984816	M1_010_y512x768	92	9697	44.830819	0.985168	41.868568	0.998969	0.531343	0.999004	7	58	0.453405	96	9900	46.956935	0.987865	0.999485	45.191505	0.975347	0.531077	247	22.363135	0.354657	0.935525	18.610694	0.998612	0.399121	-7.397224	-0.004784	-12.318907	-0.074797	0.068831	40.100950	0.999871
M1_010_y768x512.png	0.032248	0.034725	0.067120	0.034736	0.991054	0.999800	32.829283	0.984063	33.968466	1.000000	0.999901	2.796601	28.065513	0.840495	12097	3	86	173	33	2.148746	28.666667	1116	1199	2219.074385	9.905349	0.037503	-0.001505	-6.861038	-0.000157	-0.011361	0.249438	6509.561777	0.732517	3	86	-83	173	33	2.148746	28.666667	4	11	1116	1199	910	1.850771	9.905349	2219.074385	0.037503	37104	3.067207	5.417542	256x256	65536	sparse	Otsu	1238	4	True	0.329680	0.921983	M1_010_y768x512	89	11894	42.404155	0.985631	40.434194	0.995424	0.750562	0.875382	32	86	0.000000	93	11800	44.012318	0.987702	0.997126	42.578097	0.897575	0.756034	248	19.849271	0.340725	0.736025	17.737132	0.996151	0.630335	-6.465728	0.124519	-14.338642	-0.145136	0.033752	39.690320	0.999957
M1_010_y768x768.png	0.252881	0.176468	0.299997	0.183074	0.830247	0.997096	29.861843	0.992140	34.314655	1.000000	0.993411	0.798044	28.443065	0.820321	20843	15	324	602	96	2.226540	21.600000	2728	3037	5191.625208	3.151607	0.072202	0.038337	-12.677513	-0.002676	-0.006683	0.499927	3974.947929	0.478736	15	324	-309	602	96	2.226540	21.600000	17	43	2728	3037	2030	1.709458	3.151607	5191.625208	0.072202	39483	1.894305	3.144269	256x256	65536	dense	Learned	3030	17	True	0.646103	0.515619	M1_010_y768x768	94	19307	44.034117	0.987769	43.314805	0.998824	0.500073	0.504757	133	179	0.000000	97	19808	47.236619	0.993911	0.999482	46.951831	0.561284	0.503663	246	19.800480	0.382333	0.886188	18.592124	0.880368	0.341934	-9.000150	0.488654	-15.591051	-0.167448	0.214543	42.539356	0.999772
M1_011_y0x512.png	0.157527	0.134150	0.236564	0.140386	0.751238	0.996566	28.662166	0.991818	34.190905	1.000000	0.704448	1.185200	28.953448	0.821199	16785	38	188	379	153	2.143198	4.947368	2095	2245	3984.695115	3.089038	0.081506	-0.008456	-13.953353	-0.003245	-0.006980	0.664427	2664.293051	0.337310	38	188	-150	379	153	2.143198	4.947368	55	22	2095	2245	1563	1.774920	3.089038	3984.695115	0.081506	37192	2.215788	3.904438	256x256	65536	dense	Learned	2303	55	True	0.434720	0.515230	M1_011_y0x512	93	15232	44.470686	0.986499	43.418717	0.998798	0.335573	0.559414	57	64	0.027273	96	16214	46.571445	0.990822	0.999255	46.177803	0.550818	0.335881	250	20.443770	0.518670	0.875471	16.845238	0.797091	0.246675	-9.227812	0.145034	-15.517238	-0.165300	0.165983	42.615519	0.999811
M1_011_y0x768.png	0.149981	0.057910	0.109481	0.058478	0.856495	0.999256	31.831855	0.991409	36.079269	1.000000	0.873596	1.001288	32.666640	0.899906	15769	19	160	314	88	2.145436	8.421053	1939	2080	3589.588172	3.088931	0.081066	-0.010818	-12.213270	-0.000672	-0.007341	0.730051	4911.541462	0.262968	19	160	-141	314	88	2.145436	8.421053	29	20	1939	2080	1537	1.725764	3.088931	3589.588172	0.081066	32828	2.081806	4.156002	256x256	65536	dense	Learned	2493	29	True	0.275463	0.275818	M1_011_y0x768	95	14993	47.071203	0.989389	45.587370	0.998750	0.269949	0.243568	70	30	0.043103	99	15758	49.126059	0.992310	0.999275	48.648969	0.242558	0.270658	247	21.597604	0.560488	0.855496	17.638558	0.573195	0.206787	-9.508102	0.630028	-14.404563	-0.089483	0.160799	44.045125	0.999928
M1_011_y256x512.png	0.096972	0.086949	0.159988	0.087076	0.983547	0.999791	35.083410	0.994022	33.823473	1.000000	0.523649	1.134786	27.066615	0.765517	7074	21	35	75	51	2.048276	1.666667	580	594	1017.050865	6.205396	0.059312	-0.000686	-4.358082	-0.000126	-0.003566	0.545852	3329.776049	0.470280	21	35	-14	75	51	2.048276	1.666667	25	1	580	594	454	1.712207	6.205396	1017.050865	0.059312	37575	5.311705	9.264348	256x256	65536	sparse	Otsu	708	25	True	0.292488	0.331911	M1_011_y256x512	75	7035	41.005639	0.965841	38.740255	0.997588	0.454148	0.293732	67	18	0.000000	86	6690	41.022978	0.965075	0.997332	39.074629	0.311902	0.465038	270	21.048110	0.602592	0.909688	16.006922	0.800512	0.386414	-4.916782	0.229916	-13.939024	-0.200325	0.097658	39.441492	0.999918
M1_011_y256x768.png	0.006613	0.147265	0.256724	0.180661	0.443412	0.993639	25.887160	0.997312	32.281974	1.000000	0.196636	0.184943	28.466912	0.774856	5425	33	1	2	69	1.798742	0.030303	318	286	434.132943	4.365451	0.060425	0.001656	-14.090593	-0.006048	-0.001898	0.807298	2424.276114	0.194942	33	1	32	2	69	1.798742	0.030303	38	0	318	286	247	1.517947	4.365451	434.132943	0.060425	34977	6.447373	12.080369	256x256	65536	dense	Meijering	624	38	True	0.326852	0.060449	M1_011_y256x768	67	5393	41.490747	0.970340	36.476551	0.999210	0.192702	0.054364	39	0	0.986842	86	5074	42.116520	0.971651	0.999361	38.816704	0.057740	0.180991	406	24.083067	0.644373	0.958959	16.476635	0.564934	0.239118	-4.194577	0.142272	-13.023835	-0.195484	0.004957	39.977753	0.999687
M1_011_y512x768.png	0.106766	0.000000	0.000000	0.000000	0.000000	0.990503	24.047256	0.999974	25.392184	1.000000	0.197481	1.372391	23.510924	0.713201	704	1	0	0	2	1.777778	0.000000	9	8	11.656854	3.647403	0.040665						523.266077	0.004008	1	0	1	0	2	1.777778	0.000000	1	0	9	8	7	1.457107	3.647403	11.656854	0.040665	32694	46.440341	93.090909	256x256	65536	dense	Frangi	98	1	True	0.720103	0.988263	M1_011_y512x768																																	
M1_011_y768x512.png	0.151013	0.000000	0.000000	0.000000	0.000000	0.974978	24.233601	0.999871	24.697308	1.000000	0.130642	2.098096	18.833782	0.483063	1220	4	0	0	7	1.555556	0.000000	18	14	31.313708	3.196398	0.098588						666.884899	0.013163	4	0	4	0	7	1.555556	0.000000	5	0	18	14	11	2.236693	3.196398	31.313708	0.098588	40180	32.934426	53.718033	256x256	65536	sparse	Frangi	140	5	True	0.442949	0.929349	M1_011_y768x512																																	
M1_011_y768x768.png	0.093111	0.077372	0.143631	0.080075	0.696217	0.997876	29.471780	0.992489	35.612339	1.000000	0.992539	1.792183	33.694847	0.914118	10725	8	172	330	57	2.251727	21.500000	1303	1467	2962.390735	3.192581	0.072412	-0.008317	-15.065587	-0.002025	-0.006408	0.515533	4137.335062	0.468892	8	172	-164	330	57	2.251727	21.500000	10	26	1303	1467	916	2.019353	3.192581	2962.390735	0.072412	29392	2.740513	6.110583	256x256	65536	sparse	Learned	1605	10	True	0.438856	0.786510	M1_011_y768x768	94	10519	47.682828	0.989419	45.151072	0.998897	0.484467	0.776099	29	60	0.000000	97	8998	48.578846	0.987612	0.999100	46.973486	0.783534	0.479627	247	21.825234	0.416525	0.927565	17.614605	0.884097	0.312703	-9.538733	0.216439	-13.987982	-0.075301	0.101427	44.537367	0.999901
M1_012_y0x512.png	0.322471	0.172770	0.294636	0.176075	0.902021	0.996770	30.352459	0.991140	35.716400	1.000000	0.934731	0.710611	32.067970	0.885440	16624	18	288	526	83	2.233463	16.000000	2313	2583	4348.721925	3.222730	0.068784	-0.007551	-13.395452	-0.003085	-0.007554	0.532726	3443.677425	0.444402	18	288	-270	526	83	2.233463	16.000000	26	55	2313	2583	1704	1.683593	3.222730	4348.721925	0.068784	34804	2.093600	3.942252	256x256	65536	dense	Learned	2569	26	True	0.532883	0.378673	M1_012_y0x512	95	16339	46.329129	0.988740	44.914202	0.998694	0.467274	0.403415	75	40	0.000000	98	15680	47.939141	0.991348	0.999248	47.568282	0.437025	0.491472	249	22.096701	0.554588	0.866536	19.431096	0.963605	0.371909	-9.197802	0.531316	-14.261159	-0.103300	0.330022	43.747911	0.999856
M1_012_y256x512.png	0.330262	0.292982	0.453188	0.296830	0.957625	0.996817	31.168042	0.983133	33.786172	1.000000	0.994579	1.303075	26.217193	0.745437	13509	4	68	159	47	2.103812	17.000000	1233	1297	2448.932250	8.178234	0.054766	0.028430	-7.946679	-0.002613	-0.011313	0.349304	5405.646086	0.650287	4	68	-64	159	47	2.103812	17.000000	8	4	1233	1297	1027	1.888151	8.178234	2448.932250	0.054766	41430	3.066844	4.851284	256x256	65536	sparse	Otsu	1357	8	True	0.522635	0.681033	M1_012_y256x512	87	13054	40.841653	0.981903	39.679126	0.994446	0.650696	0.694230	65	97	0.000000	90	12534	41.724948	0.984672	0.995897	40.961628	0.702913	0.646577	249	18.254919	0.342048	0.730777	17.432084	0.923719	0.507822	-5.892954	0.300349	-14.624460	-0.236466	0.301832	39.114721	0.999430
M1_012_y512x256.png	0.105475	0.082431	0.152308	0.083853	0.829401	0.998847	29.133819	0.994128	34.859513	1.000000	0.999279	1.304696	31.257563	0.902680	11138	6	260	467	47	2.350587	43.333333	1449	1703	3547.647112	3.061157	0.076651	-0.009819	-12.734320	-0.001077	-0.004952	0.459823	2563.748837	0.519070	6	260	-254	467	47	2.350587	43.333333	8	51	1449	1703	935	2.083175	3.061157	3547.647112	0.076651	31819	2.856797	5.884001	256x256	65536	sparse	Learned	1571	8	True	0.382762	0.499388	M1_012_y512x256	93	10336	46.475379	0.989314	43.821103	0.999080	0.540177	0.541953	51	38	0.000000	96	9176	47.247799	0.988861	0.999308	45.472820	0.519638	0.540663	246	22.434536	0.437804	0.928838	19.072533	0.999671	0.442209	-8.961590	0.457326	-15.217816	-0.086634	0.115293	41.868139	0.999923
M1_012_y512x512.png	0.080019	0.000000	0.000000	0.000000	0.000000	0.992443	18.776272	0.999974	29.073748	1.000000	0.440102	2.715611	22.100121	0.581950	1018	1	0	0	1	1.925926	0.000000	27	26	29.656854	3.221887	0.000000						702.310324	0.009863	1	0	1	0	1	1.925926	0.000000	1	0	27	26	26	1.140648	3.221887	29.656854	0.000000	40223	39.511788	64.377210	256x256	65536	sparse	Frangi	145	1	True	0.268551	0.729279	M1_012_y512x512																																	
M1_012_y768x256.png	0.188449	0.047682	0.091024	0.048173	0.823878	0.998282	26.351220	0.992351	35.141780	1.000000	0.901857	0.542263	31.130223	0.863941	16274	18	284	503	82	2.243367	15.777778	2186	2452	4244.437519	2.980791	0.078630	-0.018159	-17.513466	-0.001681	-0.006807	0.800794	3136.274099	0.224445	18	284	-266	503	82	2.243367	15.777778	30	53	2186	2452	1601	1.731010	2.980791	4244.437519	0.078630	34379	2.112511	4.027037	256x256	65536	dense	Learned	2446	30	True	0.345140	0.187156	M1_012_y768x256	95	16061	46.939926	0.990235	45.619897	0.999158	0.199206	0.213600	69	18	0.019811	98	15822	48.392259	0.992363	0.999482	47.844983	0.206170	0.219312	245	20.931458	0.501689	0.891901	18.892881	0.428791	0.135907	-10.478118	0.688257	-15.809703	-0.126295	0.206608	43.864686	0.999963
M1_012_y768x512.png	0.256326	0.128387	0.227559	0.132306	0.812531	0.995495	27.097624	0.992208	34.144501	1.000000	0.991525	0.931708	28.062430	0.828705	19407	12	365	659	71	2.279715	30.416667	2524	2877	4947.587371	3.318308	0.071445	-0.001752	-15.660714	-0.004372	-0.006659	0.601977	3639.562368	0.389856	12	365	-353	659	71	2.279715	30.416667	17	67	2524	2877	1794	1.719704	3.318308	4947.587371	0.071445	38562	1.987015	3.376926	256x256	65536	dense	Learned	2782	17	True	0.414656	0.386338	M1_012_y768x512	94	17851	44.732717	0.988640	43.669785	0.998867	0.398023	0.457965	66	46	0.000000	97	18194	47.310271	0.992810	0.999438	47.079877	0.463846	0.397245	244	18.709984	0.433886	0.883760	17.374397	0.746739	0.307043	-9.525285	0.533560	-16.670287	-0.159934	0.258078	42.758338	0.999867
M1_013_y0x512.png	0.037431	0.048133	0.091845	0.048411	0.893289	0.999646	32.386957	0.993436	35.976743	1.000000	0.954632	1.744825	32.579370	0.895382	10667	8	168	331	66	2.232727	21.000000	1375	1535	3095.551128	3.256290	0.075990	-0.001020	-9.671007	-0.000309	-0.005224	0.530614	2546.608210	0.469611	8	168	-160	331	66	2.232727	21.000000	17	20	1375	1535	978	2.016646	3.256290	3095.551128	0.075990	31986	2.998594	6.143808	256x256	65536	sparse	Learned	1503	17	True	0.417252	0.728031	M1_013_y0x512	93	10501	45.871344	0.985028	43.793935	0.998660	0.469386	0.652310	45	41	0.000000	96	9832	47.050277	0.987434	0.999056	45.522536	0.532883	0.468236	246	23.398489	0.489350	0.918531	20.531746	0.924980	0.329020	-7.817191	0.302322	-13.291975	-0.089646	0.038450	42.057964	0.999956
M1_013_y0x768.png	0.285945	0.219656	0.360193	0.219656	1.000000	0.999800	35.065554	0.997608	34.581613	1.000000	0.508356	0.731005	34.248018	0.941395	3283	6	8	17	12	2.020513	1.333333	195	197	309.444221	8.042334	0.033074	0.179744	-4.124543	-0.000117	-0.001582	0.538732	4358.999729	0.668607	6	8	-2	17	12	2.020513	1.333333	8	0	195	197	166	1.570783	8.042334	309.444221	0.033074	24218	7.376790	19.962230	256x256	65536	sparse	Otsu	497	8	True	0.639405	0.467408	M1_013_y0x768	82	3170	46.766081	0.969003	40.858949	0.999190	0.461268	0.568289	20	12	0.000000	93	2894	47.614510	0.982488	0.999439	42.656413	0.651227	0.461800	587	38.689448	0.872681	0.994292	31.011157	0.697709	0.477592	-6.277337	-0.059934	-12.518063	-0.027608	0.106201	39.190097	0.999916
M1_013_y256x256.png	0.331925	0.223730	0.365652	0.230830	0.879136	0.996416	29.081699	0.994395	33.829869	1.000000	0.758286	1.115034	29.278166	0.880154	13948	25	131	257	93	2.127634	5.240000	1661	1767	2905.003295	3.191057	0.070481	-0.044694	-13.235959	-0.003370	-0.004757	0.511856	2797.625542	0.474502	25	131	-106	257	93	2.127634	5.240000	35	16	1661	1767	1311	1.644031	3.191057	2905.003295	0.070481	34332	2.461428	4.698595	256x256	65536	dense	Learned	1919	35	True	0.419895	0.468197	M1_013_y256x256	93	12951	45.386360	0.988819	43.126891	0.999152	0.488144	0.330446	70	7	0.218750	96	13114	46.673331	0.990493	0.999457	45.286888	0.328069	0.499420	246	18.523006	0.426458	0.877674	14.121831	0.983261	0.364183	-9.297021	0.427840	-16.108194	-0.108665	0.376620	42.317658	0.999786
M1_013_y256x512.png	0.354690	0.342591	0.510343	0.349297	0.946933	0.996134	32.231249	0.989878	32.949467	1.000000	0.828908	0.878033	24.740595	0.721631	11568	14	79	146	56	2.133060	5.642857	977	1042	1871.072293	6.782389	0.059036	0.006910	-6.712708	-0.003048	-0.006487	0.384321	5688.125372	0.574409	14	79	-65	146	56	2.133060	5.642857	18	5	977	1042	775	1.795655	6.782389	1871.072293	0.059036	40953	3.540197	5.665284	256x256	65536	sparse	Otsu	1161	18	True	0.448292	0.393615	M1_013_y256x512	82	11190	40.624292	0.982098	38.594468	0.996364	0.615679	0.376017	98	27	0.000000	88	10476	41.312814	0.982730	0.997116	39.973853	0.382550	0.616800	247	16.700907	0.332999	0.778161	13.936213	0.838897	0.431583	-5.645001	0.452891	-15.883697	-0.260466	0.347780	38.943957	0.999183
M1_013_y512x256.png	0.310644	0.263670	0.417308	0.275491	0.860033	0.995344	27.098038	0.994601	32.377861	1.000000	0.449215	0.501964	24.959145	0.675035	9709	28	37	74	72	2.026163	1.321429	688	697	1295.418501	5.516882	0.072533	-0.010758	-12.032663	-0.004233	-0.003860	0.422585	5526.024580	0.564641	28	37	-9	74	72	2.026163	1.321429	39	1	688	697	542	1.858563	5.516882	1295.418501	0.072533	40209	4.141415	6.750026	256x256	65536	sparse	Meijering	1000	39	True	0.533808	0.267953	M1_013_y512x256	76	9491	40.694707	0.982032	37.969867	0.998461	0.577415	0.232624	113	10	0.000000	88	9602	41.478827	0.982867	0.998752	39.749864	0.229340	0.588459	250	17.803713	0.355525	0.852141	13.601924	0.914906	0.321906	-5.592006	0.216590	-15.735561	-0.306997	0.321402	39.130700	0.999576
M1_013_y512x512.png	0.163751	0.099576	0.181117	0.101706	0.826270	0.997846	27.320808	0.990569	32.942761	1.000000	0.974512	0.918215	26.433608	0.797486	21317	16	305	557	100	2.223425	19.062500	2587	2876	5047.063630	3.262500	0.081429	0.010718	-14.815582	-0.002056	-0.008310	0.625000	3869.255781	0.367324	16	305	-289	557	100	2.223425	19.062500	23	44	2587	2876	1930	1.754890	3.262500	5047.063630	0.081429	40895	1.918422	3.074354	256x256	65536	dense	Learned	2895	23	True	0.385913	0.354351	M1_013_y512x512	94	20586	43.761738	0.989938	42.946964	0.998879	0.375000	0.399032	89	69	0.000000	97	20812	47.069386	0.994755	0.999511	46.861898	0.420434	0.375019	250	18.133567	0.358536	0.841375	15.895391	0.977629	0.276654	-10.004203	0.575481	-17.328130	-0.192452	0.153032	42.136390	0.999903
M1_013_y512x768.png	0.127239	0.112557	0.202340	0.114244	0.884058	0.998287	28.139647	0.993064	33.796494	1.000000	0.964326	1.662889	29.776072	0.859103	13347	13	286	486	64	2.352031	22.000000	1551	1824	3681.482682	3.511536	0.073970	0.001678	-13.291985	-0.001631	-0.005596	0.447805	3769.930840	0.535028	13	286	-273	486	64	2.352031	22.000000	18	48	1551	1824	1001	2.018357	3.511536	3681.482682	0.073970	36041	2.700307	4.910167	256x256	65536	sparse	Learned	1741	18	True	0.485960	0.808098	M1_013_y512x768	92	12226	43.900781	0.983051	42.048000	0.998660	0.552195	0.778648	35	81	0.184028	95	12262	45.563003	0.987245	0.999144	44.384871	0.695219	0.553857	250	20.200691	0.501347	0.920334	17.435825	0.993461	0.419400	-8.251506	0.185678	-14.124710	-0.123948	0.125561	41.431632	0.999918
M1_013_y768x768.png	0.223568	0.150229	0.261215	0.152764	0.900505	0.998679	28.195504	0.994141	33.328625	1.000000	0.705856	0.801635	28.774502	0.863489	13823	27	139	251	94	2.145266	5.148148	1542	1654	2794.092500	3.330737	0.072939	-0.004094	-13.562264	-0.001232	-0.005012	0.507152	3644.367456	0.477125	27	139	-112	251	94	2.145266	5.148148	38	20	1542	1654	1197	1.689294	3.330737	2794.092500	0.072939	35596	2.575128	4.741084	256x256	65536	dense	Learned	1848	38	True	0.501606	0.402105	M1_013_y768x768	92	12862	44.736082	0.987373	42.492462	0.999153	0.492848	0.355118	61	22	0.647368	96	13624	46.477507	0.989874	0.999520	45.357521	0.380996	0.492688	246	17.717916	0.442186	0.878557	14.387671	0.765898	0.331478	-9.163836	0.350737	-15.961580	-0.123885	0.227662	41.757768	0.999912
M1_014_y256x768.png	0.122372	0.082761	0.152870	0.084198	0.828986	0.998417	30.586203	0.992707	36.340648	1.000000	0.934862	1.622623	33.961869	0.929339	12552	13	155	295	65	2.184296	11.923077	1541	1683	2639.757178	3.166483	0.054156	0.010729	-14.506069	-0.001523	-0.006309	0.456203	4995.035172	0.475624	13	155	-142	295	65	2.184296	11.923077	16	25	1541	1683	1181	1.568483	3.166483	2639.757178	0.054156	27353	2.179175	5.221160	256x256	65536	dense	Learned	2193	16	True	0.434475	0.704988	M1_014_y256x768	96	12124	48.820708	0.989893	46.637178	0.999016	0.543797	0.710455	36	80	0.000000	100	11346	50.099453	0.990720	0.999283	49.080211	0.651929	0.543881	250	25.871917	0.549632	0.954113	21.275552	0.999801	0.327583	-10.296529	0.224407	-14.858839	-0.060554	0.111643	45.092272	0.999940
M1_014_y512x0.png	0.058628	0.060795	0.114621	0.061268	0.887227	0.999242	31.073165	0.994853	36.737360	1.000000	0.979636	1.668264	36.118329	0.939734	8218	7	153	288	42	2.279693	21.857143	1044	1190	2375.592487	3.442239	0.068644	-0.001783	-13.025584	-0.000729	-0.004222	0.427544	2588.094473	0.549109	7	153	-146	288	42	2.279693	21.857143	10	29	1044	1190	714	1.996296	3.442239	2375.592487	0.068644	26741	3.253955	7.974690	256x256	65536	sparse	Learned	1166	10	True	0.383276	0.639405	M1_014_y512x0	93	7723	48.519957	0.990789	45.169440	0.999075	0.572456	0.567700	44	34	0.000000	96	5998	48.365456	0.988774	0.999118	45.566054	0.541220	0.571762	245	23.039311	0.361679	0.932496	20.163217	0.911963	0.377861	-8.432079	0.411936	-12.401628	-0.051055	0.060411	44.098749	0.999971
M1_014_y512x256.png	0.218896	0.129594	0.229453	0.133175	0.828185	0.997947	33.389094	0.991685	36.214353	1.000000	0.860978	0.519594	32.414562	0.892765	14758	20	231	424	95	2.209533	11.550000	2014	2225	3794.839678	3.101992	0.074520	-0.026280	-12.051000	-0.001889	-0.007322	0.695477	3014.675856	0.325328	20	231	-211	424	95	2.209533	11.550000	32	35	2014	2225	1495	1.705546	3.101992	3794.839678	0.074520	32486	2.201247	4.440710	256x256	65536	dense	Learned	2226	32	True	0.534878	0.277919	M1_014_y512x256	95	14439	47.506940	0.989798	46.104769	0.999007	0.304523	0.218078	80	7	0.000000	98	13766	48.034466	0.990227	0.999277	47.769859	0.228598	0.326241	250	23.085748	0.637220	0.870364	19.577088	0.884675	0.303722	-9.890417	0.642900	-15.092378	-0.097032	0.245176	45.440094	0.999836
M1_014_y512x512.png	0.111302	0.000000	0.000000	0.000000	0.000000	0.965568	22.982448	0.999955	27.873181	1.000000	0.197481	1.572253	20.652535	0.545735	1129	2	2	3	2	2.000000	1.000000	15	15	26.142136	3.722718	0.153761						643.129587	0.016117	2	2	0	3	2	2.000000	1.000000	3	0	15	15	10	1.742809	3.722718	26.142136	0.153761	37692	33.385297	58.047830	256x256	65536	sparse	Frangi	137	3	True	0.400639	0.629907	M1_014_y512x512																																	
M1_014_y512x768.png	0.171847	0.002426	0.004839	0.061674	0.002518	0.964991	24.396040	0.999921	27.876763	1.000000	0.159143	2.116485	19.254489	0.497068	1255	2	0	0	4	1.714286	0.000000	14	12	24.142136	5.493124	0.089627						714.407921	0.017268	2	0	2	0	4	1.714286	0.000000	3	0	14	12	10	2.011845	5.493124	24.142136	0.089627	39834	31.740239	52.219920	256x256	65536	sparse	Frangi	136	3	True	0.397276	0.840829	M1_014_y512x768																																	
M1_014_y768x0.png	0.211809	0.000111	0.000223	0.012987	0.000112	0.967566	23.379533	0.999985	26.884348	1.000000	0.147856	1.604759	22.269982	0.551796	652	1	0	0	2	1.500000	0.000000	4	3	7.828427	3.311553	0.230038						474.954605	0.002423	1	0	1	0	2	1.500000	0.000000	1	0	4	3	2	2.609476	3.311553	7.828427	0.230038	36365	55.774540	100.515337	256x256	65536	sparse	Frangi	73	1	True	0.583619	0.936567	M1_014_y768x0																																	
M1_014_y768x256.png	0.067530	0.067387	0.126265	0.068849	0.760350	0.998470	32.620617	0.991988	35.596042	1.000000	0.704641	1.699064	31.713850	0.879799	11861	27	170	345	106	2.205165	6.296296	1394	1537	3311.843399	3.269820	0.087296	-0.001035	-11.838747	-0.001392	-0.006803	0.589645	2645.177603	0.391140	27	170	-143	345	106	2.205165	6.296296	46	26	1394	1537	943	2.154745	3.269820	3311.843399	0.087296	32891	2.773038	5.525335	256x256	65536	sparse	Learned	1540	46	True	0.298508	0.507184	M1_014_y768x256	92	11239	46.232098	0.987274	44.888783	0.998791	0.410355	0.602865	69	107	0.000000	96	11376	46.903606	0.987965	0.998988	46.367446	0.586508	0.407735	247	22.194308	0.653769	0.888879	17.915700	0.763072	0.280806	-9.292741	0.101777	-14.518248	-0.107475	0.068565	44.459364	0.999862
M1_014_y768x512.png	0.067437	0.125018	0.222251	0.134306	0.643836	0.997288	33.930180	0.991050	35.131463	1.000000	0.624689	1.929981	30.826292	0.853521	8327	17	36	80	46	2.064957	2.117647	585	604	1112.803174	6.365434	0.060842	-0.001329	-10.049406	-0.002365	-0.006969	0.596888	10335.536957	0.427663	17	36	-19	80	46	2.064957	2.117647	20	0	585	604	459	1.842389	6.365434	1112.803174	0.060842	32353	3.885313	7.870301	256x256	65536	sparse	Otsu	1189	20	True	0.414331	0.799651	M1_014_y768x512	88	8156	45.181129	0.980743	43.194395	0.998019	0.403112	0.646242	70	124	0.000000	93	7968	45.166672	0.980665	0.998065	43.531436	0.669944	0.402009	247	24.782846	0.715534	0.928565	19.999862	0.946066	0.314350	-8.062932	-0.021553	-14.354837	-0.127222	0.068766	43.979586	0.999653
M1_014_y768x768.png	0.117168	0.000000	0.000000	0.000000	0.000000	0.983728	24.323032	0.999987	24.365991	1.000000	0.147856	2.399037	23.533765	0.673654	479	1	0	0	1	1.666667	0.000000	6	5	7.414214	2.342533	0.000000						495.784521	0.000746	1	0	1	0	1	1.666667	0.000000	1	0	6	5	5	1.482843	2.342533	7.414214	0.000000	34273	71.551148	136.818372	256x256	65536	sparse	Frangi	33	1	True	0.416766	0.999837	M1_014_y768x768																																	
M1_015_y256x256.png	0.063278	0.000000	0.000000	0.000000	0.000000	0.996882	19.949178	0.999885	27.368694	1.000000	0.653544	3.279797	22.772264	0.816350	1404	1	4	6	2	2.139535	4.000000	43	46	60.627417	5.225627	0.056578	-0.051816	-5.177355	-0.001405	0.000453	0.885358	1005.910158	0.048267	1	4	-3	6	2	2.139535	4.000000	1	0	43	46	35	1.317987	5.225627	60.627417	0.056578	26675	18.999288	46.678063	256x256	65536	dense	Frangi	243	1	True	0.304314	0.998089	M1_015_y256x256	4	1367	29.979020	0.829045	20.526012	0.999432	0.114642	0.488905	25	10	0.000000	41	1400	39.238907	0.968205	0.999936	30.034399	0.466139	0.124025								6.842683	0.164639	-7.206756	-0.012695	0.115094	25.126534	0.998287
M1_015_y256x512.png	0.101966	0.089411	0.164145	0.091584	0.790289	0.998482	26.267157	0.995350	34.208090	1.000000	0.982119	1.619865	32.073587	0.908877	9382	5	115	217	39	2.193662	23.000000	1136	1246	2413.501947	2.943551	0.071209	-0.017318	-15.695815	-0.001452	-0.003825	0.538221	2001.252890	0.464971	5	115	-110	217	39	2.193662	23.000000	10	18	1136	1246	880	1.937000	2.943551	2413.501947	0.071209	29680	3.163505	6.985291	256x256	65536	sparse	Learned	1260	10	True	0.480187	0.777838	M1_015_y256x512	92	8487	46.327510	0.988746	42.958627	0.999175	0.461779	0.512382	45	28	0.000000	97	9238	48.565056	0.989752	0.999529	46.762290	0.459217	0.473264	247	20.280736	0.346925	0.926766	14.886752	0.999907	0.350823	-8.750537	0.469737	-14.253924	-0.079868	0.119285	41.962971	0.999934
M1_015_y512x256.png	0.080778	0.052981	0.100631	0.053514	0.841702	0.999260	27.751908	0.994065	34.806382	1.000000	0.981707	0.898258	30.477332	0.882457	12985	8	198	389	72	2.235732	24.750000	1612	1802	3809.429407	2.918235	0.090627	-0.012286	-14.587873	-0.000680	-0.005101	0.574210	2473.647833	0.442605	8	198	-190	389	72	2.235732	24.750000	16	26	1612	1802	1151	2.114001	2.918235	3809.429407	0.090627	34195	2.633423	5.047054	256x256	65536	sparse	Learned	1744	16	True	0.403494	0.362442	M1_015_y512x256	93	12509	46.028310	0.990155	43.998876	0.999166	0.425790	0.343683	90	27	0.000000	96	11902	46.977009	0.990329	0.999377	45.860690	0.332089	0.420504	246	20.519086	0.457987	0.889465	16.434036	0.997642	0.331866	-9.192494	0.638024	-15.550978	-0.107698	0.093064	42.339782	0.999940
M1_015_y512x512.png	0.203785	0.150214	0.261193	0.156503	0.788941	0.995729	24.553476	0.991408	33.624431	1.000000	0.494283	0.927660	26.491498	0.681458	10740	39	60	122	93	2.047032	1.538462	893	914	1701.882423	5.550427	0.076719	0.062940	-15.931257	-0.004017	-0.006399	0.493397	6272.152424	0.549998	39	60	-21	122	93	2.047032	1.538462	45	1	893	914	678	1.862016	5.550427	1701.882423	0.076719	39159	3.646089	6.102048	256x256	65536	sparse	Meijering	1201	45	True	0.432984	0.401662	M1_015_y512x512	85	10566	42.137009	0.980886	40.772674	0.997806	0.506603	0.501501	104	58	0.000000	90	10374	42.308202	0.981668	0.998041	41.387828	0.494816	0.499289	245	21.290179	0.436443	0.888726	18.272711	0.952165	0.340305	-7.148242	-0.007218	-15.645511	-0.299428	0.140845	40.484733	0.999747
M1_015_y512x768.png	0.094252	0.000000	0.000000	0.000000	0.000000	0.991659	21.486885	0.999875	25.265457	1.000000	0.153518	2.189169	19.018178	0.621917	1044	2	0	0	4	1.636364	0.000000	11	9	19.071068	3.835498	0.153359						585.168362	0.012344	2	0	2	0	4	1.636364	0.000000	3	0	11	9	7	2.119008	3.835498	19.071068	0.153359	35024	33.547893	62.773946	256x256	65536	sparse	Frangi	133	3	True	0.450343	0.985878	M1_015_y512x768																																	
M1_015_y768x512.png	0.158426	0.068529	0.128267	0.068546	0.996303	0.999642	36.110236	0.986339	34.529495	1.000000	0.918032	0.872618	29.206512	0.798917	10598	8	86	177	56	2.162331	10.750000	961	1039	2040.874168	7.387995	0.071713	0.083812	-5.124454	-0.000224	-0.010285	0.429007	5123.321295	0.398675	8	86	-78	177	56	2.162331	10.750000	14	3	961	1039	728	1.964268	7.387995	2040.874168	0.071713	35418	3.341951	6.183808	256x256	65536	sparse	Otsu	1085	14	True	0.337087	0.294148	M1_015_y768x512	88	10541	44.038092	0.986618	41.930604	0.996623	0.570993	0.611320	68	62	0.000000	93	9990	44.773270	0.987121	0.997224	43.342748	0.614803	0.572920	248	19.678140	0.415900	0.819458	16.658188	1.000000	0.498759	-7.401110	0.306712	-14.831580	-0.187701	0.074614	41.234690	0.999867
M1_015_y768x768.png	0.053275	0.069215	0.129469	0.069563	0.932548	0.999738	33.971100	0.993791	33.752460	1.000000	0.853067	2.944123	31.272650	0.898726	6300	5	43	78	29	2.136937	8.600000	555	593	1020.392955	7.887264	0.048911	-0.011585	-7.428645	-0.000199	-0.004531	0.283378	3640.866518	0.641237	5	43	-38	78	29	2.136937	8.600000	9	0	555	593	448	1.720730	7.887264	1020.392955	0.048911	28227	4.480476	10.402540	256x256	65536	sparse	Otsu	677	9	True	0.339660	1.000000	M1_015_y768x768	87	6291	45.340527	0.983715	40.554911	0.998322	0.716622	0.823070	20	45	0.000000	94	6204	46.985298	0.986601	0.998801	43.265691	0.733685	0.717415	338	23.070515	0.414232	0.911281	17.522640	0.967935	0.636891	-6.802450	0.029997	-14.067877	-0.084989	0.064860	41.399746	0.999937
M1_016_y256x512.png	0.284555	0.311320	0.474819	0.324708	0.883053	0.994680	29.061943	0.989033	33.292707	1.000000	0.780558	0.853522	24.276521	0.679378	12460	17	69	149	75	2.096565	4.058824	1077	1129	2089.484237	6.539697	0.064586	-0.007929	-10.730286	-0.004647	-0.007082	0.352489	5203.100920	0.622127	17	69	-52	149	75	2.096565	4.058824	24	2	1077	1129	853	1.850739	6.539697	2089.484237	0.064586	42085	3.377608	5.259711	256x256	65536	sparse	Otsu	1263	24	True	0.480187	0.409850	M1_016_y256x512	83	12227	40.602110	0.982347	39.200679	0.996116	0.647511	0.471954	98	44	0.000000	88	11484	41.043794	0.982640	0.996716	40.219408	0.421448	0.644361	248	17.397167	0.321599	0.822817	15.911616	0.871522	0.419344	-5.907972	0.308604	-16.325589	-0.302969	0.292484	39.792230	0.999327
M1_016_y256x768.png	0.169463	0.000000	0.000000	0.000000	0.000000	0.983386	22.189423	0.999908	23.130227	1.000000	0.147856	1.783998	20.318976	0.507086	1011	2	0	0	4	1.666667	0.000000	12	10	15.656854	3.622274	0.032532						512.958050	0.008096	2	0	2	0	4	1.666667	0.000000	2	0	12	10	8	1.565685	3.622274	15.656854	0.032532	38887	38.463897	64.822948	256x256	65536	dense	Frangi	155	2	True	0.473084	0.843981	M1_016_y256x768																																	
M1_016_y512x256.png	0.054026	0.049259	0.093893	0.049691	0.849864	0.998416	24.922687	0.993694	33.146391	1.000000	0.753896	1.348778	27.714878	0.794434	13003	20	187	352	113	2.239427	9.350000	1395	1562	3357.136490	3.379781	0.083606	0.025096	-16.861226	-0.001541	-0.005323	0.554317	3180.119991	0.522483	20	187	-167	352	113	2.239427	9.350000	40	20	1395	1562	930	2.149255	3.379781	3357.136490	0.083606	36490	2.806275	5.040068	256x256	65536	sparse	Learned	1535	40	True	0.316139	0.426401	M1_016_y512x256	92	12602	44.245888	0.986916	42.600028	0.999018	0.445683	0.934642	33	153	0.000000	95	12838	45.864339	0.989407	0.999434	44.833521	0.911433	0.427495	245	18.550046	0.391550	0.922537	17.420191	0.999994	0.361249	-9.453637	-0.180746	-16.531010	-0.192482	0.028929	41.783913	0.999956
M1_016_y512x512.png	0.211119	0.220060	0.360736	0.226312	0.888465	0.996107	27.526158	0.988356	33.099964	1.000000	0.807197	0.867842	24.835496	0.678288	13605	17	69	154	75	2.093023	4.058824	1118	1170	2183.848800	6.785685	0.061174	0.009007	-12.914087	-0.003549	-0.008474	0.424778	7531.527281	0.529031	17	69	-52	154	75	2.093023	4.058824	23	0	1118	1170	889	1.866537	6.785685	2183.848800	0.061174	41665	3.062477	4.817053	256x256	65536	sparse	Otsu	1420	23	True	0.384697	0.333856	M1_016_y512x512	87	13579	41.375896	0.984239	40.267749	0.996830	0.575222	0.485969	106	58	0.000000	90	12846	41.989919	0.985936	0.997402	41.238568	0.380623	0.563498	247	17.794573	0.333192	0.803563	15.885603	0.999761	0.422542	-7.167784	0.321228	-16.540401	-0.305951	0.202112	40.440246	0.999655
M1_016_y512x768.png	0.142338	0.000000	0.000000	0.000000	0.000000	0.994821	20.813570	0.999970	25.392731	1.000000	0.130642	1.093022	22.432764	0.626336	589	1	0	0	2	1.333333	0.000000	3	2	6.828427	2.707702	0.460076						447.662592	0.007252	1	0	1	0	2	1.333333	0.000000	1	0	3	2	1	3.414214	2.707702	6.828427	0.460076	35138	59.657046	111.266553	256x256	65536	sparse	Frangi	63	1	True	0.479258	0.523839	M1_016_y512x768																																	
M1_016_y768x0.png	0.157992	0.094338	0.172411	0.094476	0.984730	0.999507	35.982764	0.983026	35.183410	1.000000	0.948267	0.843234	27.942286	0.815128	12585	9	71	153	54	2.115672	7.888889	1072	1134	2112.233257	7.834412	0.052266	0.031088	-7.075642	-0.000390	-0.014179	0.407093	14714.845181	0.525439	9	71	-62	153	54	2.115672	7.888889	12	7	1072	1134	865	1.862640	7.834412	2112.233257	0.052266	34967	2.778466	5.207469	256x256	65536	sparse	Otsu	1672	12	True	0.507809	0.428202	M1_016_y768x0	92	12050	45.824529	0.989041	44.325253	0.997205	0.592907	0.440425	104	49	0.000000	95	11910	46.292955	0.989579	0.997736	45.232332	0.400796	0.602724	250	22.343497	0.492463	0.812905	20.624438	1.000000	0.521879	-9.141843	0.507843	-17.882243	-0.173913	0.126904	43.058406	0.999897
M1_016_y768x256.png	0.026436	0.000000	0.000000	0.000000	0.000000	0.993810	18.244578	0.999970	23.301125	1.000000	0.113080	4.226478	23.482918	0.604161	536	0	0	0	0	0	0.000000	0	0	0	0	0						443.511009	0.001297	0	0	0	0	0	0	0.000000	1	0	0	0	0	0	0	0	0	36079	67.311567	122.268657	256x256	65536	sparse	Frangi	54	1	True	0.235092	0.993612	M1_016_y768x256																																	
M1_016_y768x512.png	0.090535	0.057519	0.108782	0.057936	0.888889	0.999411	28.660262	0.992332	36.507848	1.000000	0.968161	1.344080	33.338434	0.903937	14082	12	216	414	66	2.215759	18.000000	1891	2095	3529.278099	3.230533	0.073078	-0.013118	-15.869825	-0.000549	-0.006701	0.583373	3317.853689	0.420564	12	216	-204	414	66	2.215759	18.000000	17	34	1891	2095	1411	1.684620	3.230533	3529.278099	0.073078	31050	2.204942	4.653884	256x256	65536	dense	Learned	2149	17	True	0.307537	0.413354	M1_016_y768x512	95	13213	48.103192	0.991505	46.172929	0.999033	0.416627	0.387656	65	23	0.000000	99	13650	49.499144	0.992845	0.999392	48.598795	0.378535	0.444781	246	23.437164	0.472407	0.882495	20.192802	0.519294	0.202240	-9.665081	0.580505	-14.764757	-0.087567	0.103653	44.530087	0.999961
M1_017_y0x512.png	0.238790	0.233555	0.378669	0.238164	0.923470	0.996164	29.944456	0.986761	34.424119	1.000000	0.915610	1.223924	29.602646	0.828429	10282	10	71	155	52	2.126425	7.100000	965	1026	1892.042078	8.030652	0.049226	0.005559	-10.522888	-0.003360	-0.009236	0.309093	5100.787401	0.673831	10	71	-61	155	52	2.126425	7.100000	13	3	965	1026	758	1.844096	8.030652	1892.042078	0.049226	36299	3.530344	6.373857	256x256	65536	sparse	Otsu	1087	13	True	0.613486	0.750861	M1_017_y0x512	88	10064	43.058380	0.983350	40.712052	0.995997	0.690907	0.811951	38	73	0.000000	93	10082	44.393267	0.986201	0.997270	42.690641	0.771117	0.689831	249	20.496630	0.375607	0.817382	18.000441	0.998497	0.495173	-6.287933	0.103659	-13.455734	-0.154921	0.233232	40.467344	0.999525
M1_017_y0x768.png	0.103322	0.094552	0.172768	0.097342	0.767357	0.999417	25.930956	0.997525	33.058751	1.000000	0.999302	2.515992	35.201459	0.958026	5309	3	83	158	24	2.238450	27.666667	671	751	1289.016377	3.092705	0.057060	-0.000879	-15.237742	-0.000557	-0.001997	0.456218	2075.172424	0.539727	3	83	-80	158	24	2.238450	27.666667	3	11	671	751	489	1.716400	3.092705	1289.016377	0.057060	25271	4.760030	12.344321	256x256	65536	sparse	Learned	791	3	True	0.389412	0.979758	M1_017_y0x768	91	5144	47.469390	0.986606	41.463178	0.999523	0.543782	0.920682	7	22	0.000000	96	4712	49.008251	0.986170	0.999690	44.749922	0.944977	0.544162	409	30.684052	0.611660	0.982588	22.855220	0.996785	0.489469	-8.404426	0.078620	-12.267931	-0.028580	0.104201	41.168698	0.999973
M1_017_y256x512.png	0.049671	0.042090	0.080780	0.042358	0.869448	0.999601	32.249727	0.993929	35.233501	1.000000	0.985154	1.162456	33.477894	0.917223	12518	8	146	296	64	2.162928	18.250000	1694	1832	2998.367090	3.091456	0.068298	-0.002985	-9.718167	-0.000346	-0.004798	0.341557	2625.425577	0.612783	8	146	-138	296	64	2.162928	18.250000	12	18	1694	1832	1334	1.636663	3.091456	2998.367090	0.068298	33718	2.693561	5.235341	256x256	65536	dense	Learned	1900	12	True	0.620917	0.721789	M1_017_y256x512	93	11147	45.582123	0.985868	43.029331	0.998727	0.658443	0.588253	49	31	0.000000	96	10392	46.701468	0.986755	0.999244	45.408486	0.520345	0.658150	243	21.656803	0.457964	0.891338	17.697080	0.645365	0.347419	-7.795831	0.396900	-12.104229	-0.068645	0.052655	41.967894	0.999947
M1_017_y512x256.png	0.075057	0.090418	0.165841	0.092493	0.801178	0.999176	30.826447	0.995224	35.314881	1.000000	0.990721	1.074165	33.265086	0.932536	7950	5	140	273	44	2.272727	28.000000	990	1125	2281.366549	3.247707	0.077056	-0.008781	-11.259838	-0.000764	-0.003843	0.467847	2733.833075	0.505598	5	140	-135	273	44	2.272727	28.000000	8	23	990	1125	673	2.027881	3.247707	2281.366549	0.077056	28937	3.639874	8.243522	256x256	65536	sparse	Learned	1140	8	True	0.811753	0.871956	M1_017_y512x256	92	7689	46.656686	0.987127	43.363531	0.999067	0.532153	0.791139	23	46	0.000000	96	6840	47.402250	0.985934	0.999370	45.430552	0.703377	0.531231	279	26.373353	0.754206	0.955562	21.018238	0.995573	0.398032	-8.048650	0.199582	-13.391601	-0.054590	0.083838	42.086284	0.999940
M1_017_y512x512.png	0.065021	0.000000	0.000000	0.000000	0.000000	0.996100	19.594755	0.999979	27.303936	1.000000	0.197481	1.194971	20.110137	0.549562	1041	1	0	0	2	1.833333	0.000000	12	11	17.071068	3.872078	0.041825						670.823812	0.009033	1	0	1	0	2	1.833333	0.000000	2	0	12	11	10	1.551915	3.872078	17.071068	0.041825	39227	37.682037	62.954851	256x256	65536	sparse	Frangi	134	2	True	0.664902	0.794539	M1_017_y512x512																																	
M1_017_y768x256.png	0.122831	0.000929	0.001855	0.058824	0.000943	0.982278	20.652720	0.999969	26.609498	1.000000	0.147856	2.531256	20.236986	0.406116	720	1	0	0	2	1.666667	0.000000	6	5	7.414214	3.700132	0.065065						506.702662	0.003677	1	0	1	0	2	1.666667	0.000000	1	0	6	5	4	1.482843	3.700132	7.414214	0.065065	40393	56.101389	91.022222	256x256	65536	dense	Frangi	82	1	True	0.340697	0.862390	M1_017_y768x256																																	
M1_017_y768x512.png	0.093858	0.000000	0.000000	0.000000	0.000000	0.982952	17.648764	0.999995	28.390499	1.000000	0.181269	1.909760	19.456645	0.477456	543	1	0	0	1	1.750000	0.000000	8	7	9.414214	2.602879	0.000000						525.952101	0.001578	1	0	1	0	1	1.750000	0.000000	1	0	8	7	7	1.344888	2.602879	9.414214	0.000000	40108	73.863720	120.692449	256x256	65536	sparse	Frangi	43	1	True	0.484623	0.925514	M1_017_y768x512																																	
M1_018_y256x256.png	0.028922	0.000000	0.000000	0.000000	0.000000	0.994179	22.186464	0.999997	27.421926	1.000000	0.147856	3.074737	20.745771	0.626680	515	1	0	0	1	1.600000	0.000000	5	4	7.242641	3.200779	0.057509						518.710613	0.001334	1	0	1	0	1	1.600000	0.000000	1	0	5	4	4	1.810660	3.200779	7.242641	0.057509	32914	63.910680	127.254369	256x256	65536	sparse	Frangi	54	1	True	0.325196	0.999893	M1_018_y256x256																																	
M1_018_y256x512.png	0.302733	0.235349	0.381025	0.239019	0.938753	0.998003	33.514986	0.991205	35.117600	1.000000	0.618425	1.109049	28.551253	0.759900	8832	22	50	110	65	2.068293	2.272727	820	848	1586.215906	6.073843	0.067106	0.009715	-9.009791	-0.001765	-0.006574	0.413382	3579.660654	0.535475	22	50	-28	110	65	2.068293	2.272727	29	2	820	848	645	1.870538	6.073843	1586.215906	0.067106	35787	4.051970	7.420290	256x256	65536	sparse	Otsu	944	29	True	0.315334	0.349720	M1_018_y256x512	83	8735	43.791622	0.982793	42.078467	0.997779	0.586618	0.272770	121	18	0.000000	91	8650	43.774576	0.982527	0.997800	42.463157	0.250834	0.598074	244	21.456247	0.538141	0.880694	18.034066	0.983316	0.325483	-6.960867	0.345655	-15.240370	-0.222894	0.293018	42.524776	0.999768
M1_018_y256x768.png	0.101927	0.112838	0.202793	0.114109	0.910123	0.999149	31.163880	0.993349	37.129143	1.000000	0.999726	2.103199	35.173616	0.919814	10449	5	231	425	53	2.310653	46.200000	1455	1681	3442.835929	3.121477	0.080339	-0.011968	-12.951516	-0.000754	-0.005663	0.463179	2532.559395	0.526500	5	231	-226	425	53	2.310653	46.200000	7	32	1455	1681	977	2.048088	3.121477	3442.835929	0.080339	27503	2.632118	6.271988	256x256	65536	sparse	Learned	1579	7	True	0.316139	0.664902	M1_018_y256x768	94	9230	48.444299	0.991462	45.841751	0.999012	0.536821	0.544640	51	26	0.000000	98	9206	49.486630	0.991909	0.999290	47.655287	0.589016	0.536639	246	25.321205	0.435493	0.933786	24.197898	0.893541	0.334658	-8.712608	0.455086	-13.270682	-0.071648	0.113895	44.115396	0.999903
M1_018_y512x256.png	0.288531	0.174496	0.297142	0.175753	0.960620	0.998420	33.324747	0.989248	34.763663	1.000000	0.635376	0.580030	27.421377	0.760600	10986	19	37	86	60	2.044665	1.947368	806	824	1502.912373	6.260536	0.063559	0.087759	-10.476239	-0.001422	-0.008989	0.469239	10938.135862	0.466242	19	37	-18	86	60	2.044665	1.947368	27	0	806	824	660	1.823923	6.260536	1502.912373	0.063559	34750	3.163117	5.965411	256x256	65536	sparse	Otsu	1420	27	True	0.456649	0.264870	M1_018_y512x256	89	10419	45.492116	0.987037	44.096611	0.998238	0.530761	0.349933	103	21	0.000000	94	10564	45.369344	0.987011	0.998184	44.150664	0.317159	0.533886	249	22.406405	0.563465	0.884562	19.244146	0.998744	0.321717	-9.332948	0.285443	-18.070739	-0.226437	0.200771	43.800986	0.999842
M1_018_y512x512.png	0.251238	0.144422	0.252392	0.147016	0.891100	0.996720	30.958036	0.990533	36.229625	1.000000	0.982647	0.869509	31.396288	0.851383	18401	12	324	614	101	2.249800	27.000000	2498	2810	4902.022198	3.607712	0.078262	-0.025667	-14.498510	-0.003140	-0.008087	0.553920	3446.850300	0.438798	12	324	-312	614	101	2.249800	27.000000	20	43	2498	2810	1783	1.744492	3.607712	4902.022198	0.078262	34608	1.880767	3.561546	256x256	65536	dense	Learned	2710	20	True	0.507809	0.441545	M1_018_y512x512	95	16103	46.511606	0.988279	45.905803	0.998620	0.446080	0.410771	85	27	0.000000	99	17986	48.948085	0.993246	0.999316	48.828198	0.415955	0.443039	246	22.933342	0.602822	0.919738	21.580201	0.966627	0.319639	-9.676178	0.571876	-15.115318	-0.136896	0.276905	45.456546	0.999860
M1_018_y512x768.png	0.001383	0.144589	0.252648	0.146104	0.933082	0.998060	33.168887	0.991512	36.172486	1.000000	0.866279	0.219035	30.395515	0.872156	16850	19	180	344	97	2.169029	9.473684	1905	2066	3594.596469	3.319563	0.076452	0.001383	-12.106478	-0.001810	-0.007449	0.955856	6338.687658	0.047837	19	180	-161	344	97	2.169029	9.473684	30	23	1905	2066	1464	1.739882	3.319563	3594.596469	0.076452	33046	1.961187	3.889377	256x256	65536	dense	Learned	2715	30	True	0.354674	0.077686	M1_018_y512x768	95	15216	47.774342	0.991638	46.500594	0.998961	0.044144	0.062192	19	0	0.316667	100	16250	49.592495	0.993806	0.999398	49.303393	0.062192	0.044189	248	20.263523	0.499878	0.882858	17.872541	0.878357	0.157199	-10.328108	0.804087	-17.378827	-0.119482	0.000000	45.275365	0.999870
M1_018_y768x512.png	0.205716	0.000000	0.000000	0.000000	0.000000	0.986380	23.726554	0.999996	24.695808	1.000000	0.164730	1.648223	24.081622	0.615194	492	1	0	0	1	1.750000	0.000000	8	7	8.414214	2.431693	0.000000						520.622969	0.001575	1	0	1	0	1	1.750000	0.000000	1	0	8	7	7	1.202031	2.431693	8.414214	0.000000	33411	67.908537	133.203252	256x256	65536	dense	Frangi	37	1	True	0.396981	0.654313	M1_018_y768x512																																	
M1_019_y256x0.png	0.147291	0.094795	0.173174	0.096550	0.839124	0.998772	28.534172	0.993862	34.577108	1.000000	0.999198	1.096686	31.715406	0.932647	10337	4	125	225	31	2.191456	31.250000	1264	1385	2167.493650	3.276687	0.052694	-0.010560	-14.441615	-0.001189	-0.005078	0.538343	4752.523661	0.436194	4	125	-121	225	31	2.191456	31.250000	5	24	1264	1385	1008	1.564977	3.276687	2167.493650	0.052694	27458	2.656283	6.339944	256x256	65536	dense	Learned	1814	5	True	0.626561	0.687140	M1_019_y256x0	94	9118	48.025854	0.989863	44.553435	0.998940	0.461657	0.660927	26	44	0.000000	100	10310	50.135261	0.991426	0.999544	49.194141	0.578118	0.460423	247	22.898256	0.531602	0.931462	16.998772	0.861931	0.344538	-9.976327	0.338271	-16.310448	-0.057216	0.157851	42.975787	0.999961
M1_019_y256x256.png	0.270899	0.188047	0.316566	0.194207	0.855684	0.997102	30.766727	0.992306	34.118120	1.000000	0.920284	0.776549	28.446379	0.815841	15282	18	229	442	95	2.238553	12.722222	1769	1980	4242.256340	3.187515	0.084614	0.097789	-11.355004	-0.002627	-0.006480	0.524045	3347.026825	0.386626	18	229	-211	442	95	2.238553	12.722222	28	37	1769	1980	1232	2.142554	3.187515	4242.256340	0.084614	38107	2.493587	4.288444	256x256	65536	sparse	Learned	1961	28	True	0.357738	0.277801	M1_019_y256x256	92	14221	43.905663	0.986058	42.832325	0.998786	0.475955	0.571987	93	121	0.000000	95	15264	45.956623	0.990472	0.999332	45.596827	0.555224	0.483131	247	19.238825	0.433635	0.887687	17.089680	0.768922	0.193953	-8.714205	0.348297	-15.459284	-0.170217	0.173110	42.121731	0.999729
M1_019_y256x512.png	0.368949	0.182389	0.308510	0.187785	0.863905	0.995027	28.434134	0.989402	34.130710	1.000000	0.972074	0.658780	28.424185	0.807494	19020	14	304	561	82	2.232932	21.714286	2490	2780	4796.266577	3.429342	0.070445	-0.001293	-13.989658	-0.004705	-0.008896	0.665129	3303.232431	0.318606	14	304	-290	561	82	2.232932	21.714286	22	53	2490	2780	1847	1.725276	3.429342	4796.266577	0.070445	38915	2.046004	3.445636	256x256	65536	dense	Learned	2700	22	True	0.545588	0.359422	M1_019_y256x512	94	18294	43.924239	0.985065	43.210786	0.998298	0.334871	0.362691	80	25	0.000000	96	17254	46.220216	0.990948	0.999100	46.032138	0.334451	0.349021	247	19.422354	0.439648	0.840397	17.545141	0.834701	0.243644	-9.080076	0.609383	-15.500054	-0.177571	0.370242	42.423792	0.999733
M1_019_y256x768.png	0.253733	0.138606	0.243466	0.142767	0.826255	0.993952	29.854184	0.988762	35.563397	1.000000	0.999948	0.961633	30.332398	0.839730	21213	7	438	794	73	2.279870	62.571429	3080	3511	6050.733691	3.175735	0.070302	-0.033567	-13.659919	-0.005721	-0.009418	0.606140	3596.275091	0.394116	7	438	-431	794	73	2.279870	62.571429	10	80	3080	3511	2213	1.723365	3.175735	6050.733691	0.070302	37235	1.755292	3.089426	256x256	65536	dense	Learned	3282	10	True	0.451874	0.434537	M1_019_y256x768	95	18780	45.097635	0.987229	44.339506	0.998181	0.393860	0.361272	116	70	0.000000	100	21120	49.233633	0.994581	0.999360	49.178185	0.401611	0.419937	247	22.062832	0.493872	0.876246	20.704789	0.933063	0.409299	-8.776109	0.638677	-14.765237	-0.147499	0.287300	43.514103	0.999673
M1_019_y512x0.png	0.042417	0.044107	0.084487	0.044420	0.862319	0.999599	32.025420	0.992301	35.322916	1.000000	1.000000	1.986882	31.168233	0.889303	11911	1	290	513	47	2.376793	290.000000	1534	1823	3822.995299	3.241402	0.078333	-0.007252	-11.139295	-0.000360	-0.006476	0.352017	3415.060282	0.603003	1	290	-289	513	47	2.376793	290.000000	3	53	1534	1823	974	2.097090	3.241402	3822.995299	0.078333	31984	2.685249	5.502141	256x256	65536	sparse	Learned	1714	3	True	0.437858	0.869971	M1_019_y512x0	93	11161	46.339426	0.989648	44.072232	0.998777	0.647983	0.894751	28	78	0.000000	97	11720	47.672858	0.990081	0.999290	46.699768	0.803064	0.647079	249	22.184658	0.403581	0.918022	19.637456	0.999993	0.425488	-8.749316	0.105249	-15.171193	-0.100345	0.049669	43.164716	0.999959
M1_019_y512x256.png	0.202188	0.139314	0.244558	0.144860	0.784439	0.996488	30.884628	0.992499	34.394313	1.000000	0.996658	0.585351	28.130935	0.790902	24018	13	417	765	86	2.264831	32.076923	3051	3455	5896.060618	3.188180	0.070966	0.035692	-12.963695	-0.003287	-0.006554	0.496082	5876.688719	0.469029	13	417	-404	765	86	2.264831	32.076923	17	75	3051	3455	2200	1.706530	3.188180	5896.060618	0.070966	39484	1.643934	2.728620	256x256	65536	dense	Learned	3705	17	True	0.637179	0.372974	M1_019_y512x256	95	21469	44.641824	0.988871	44.201246	0.999053	0.503918	0.537561	121	163	0.000000	100	23590	49.199427	0.995976	0.999694	49.314473	0.580633	0.512912	249	20.676846	0.419503	0.920226	19.543007	0.927922	0.360542	-9.806933	0.459097	-16.510889	-0.197969	0.166496	43.848323	0.999775
M1_019_y512x512.png	0.022174	0.000000	0.000000	0.000000	0.000000	0.997345	18.788028	0.999952	24.467843	1.000000	0.113080	3.331939	22.421922	0.524406	612	1	0	0	2	1.500000	0.000000	4	3	5.414214	3.182164	0.108441						460.907459	0.004413	1	0	1	0	2	1.500000	0.000000	1	0	4	3	2	1.804738	3.182164	5.414214	0.108441	39456	64.470588	107.084967	256x256	65536	dense	Frangi	55	1	True	0.208638	0.695170	M1_019_y512x512																																	
M1_019_y512x768.png	0.130119	0.245523	0.394249	0.263811	0.779827	0.995751	29.526354	0.994587	33.244774	1.000000	0.446547	1.283080	27.345265	0.684104	8068	26	52	100	76	2.083467	2.000000	623	649	1264.145618	5.072989	0.084603	-0.017020	-10.053993	-0.003589	-0.003686	0.621822	3665.597200	0.356247	26	52	-26	100	76	2.083467	2.000000	38	2	623	649	447	1.947836	5.072989	1264.145618	0.084603	39168	4.854735	8.122955	256x256	65536	sparse	Meijering	843	38	True	0.507220	0.650804	M1_019_y512x768	75	7965	40.791631	0.975460	38.573823	0.998273	0.378178	0.707122	55	85	0.000000	86	7448	40.735426	0.974673	0.998268	38.985069	0.670122	0.379303	275	21.217602	0.462765	0.907665	16.903640	0.996447	0.274780	-5.329049	-0.260575	-13.446366	-0.291355	0.147140	39.580348	0.999340
M1_019_y768x512.png	0.067979	0.050124	0.095463	0.050511	0.867584	0.999490	32.557652	0.988207	34.411490	1.000000	0.911998	1.146978	29.582371	0.889132	14602	16	209	399	78	2.255629	13.062500	1510	1703	3573.961597	3.375007	0.081132	0.009563	-10.791992	-0.000471	-0.010411	0.451160	7350.517035	0.525293	16	209	-193	399	78	2.255629	13.062500	25	33	1510	1703	1033	2.098627	3.375007	3573.961597	0.081132	33294	2.280099	4.488152	256x256	65536	sparse	Learned	2124	25	True	0.524791	0.601924	M1_019_y768x512	94	13614	46.357583	0.988538	44.650532	0.998617	0.548840	0.701872	43	46	0.443030	98	14282	48.319050	0.991771	0.999239	47.573526	0.738528	0.555870	247	20.839037	0.504296	0.899957	17.720902	0.979246	0.361942	-10.239043	0.210126	-16.775211	-0.099406	0.058415	43.349644	0.999961
M1_020_y256x512.png	0.024910	0.000000	0.000000	0.000000	0.000000	0.995668	21.208729	0.999965	26.298169	1.000000	0.181269	1.447847	22.254846	0.525029	1143	2	0	0	4	1.750000	0.000000	16	14	18.414214	3.016877	0.023237						660.907269	0.006100	2	0	2	0	4	1.750000	0.000000	2	0	16	14	12	1.315301	3.016877	18.414214	0.023237	39221	34.314086	57.336833	256x256	65536	dense	Frangi	157	2	True	0.456649	0.661158	M1_020_y256x512												1	1128	30.397547	0.799093	0.999930	22.235858	0.569170	0.005433														
M1_020_y256x768.png	0.082950	0.000000	0.000000	0.000000	0.000000	0.990365	25.312032	0.999985	27.973716	1.000000	0.130642	1.630632	24.840728	0.736000	571	1	0	0	2	1.333333	0.000000	3	2	6.414214	3.041035	0.230038						473.596573	0.002301	1	0	1	0	2	1.333333	0.000000	1	0	3	2	1	3.207107	3.041035	6.414214	0.230038	32775	57.399299	114.774081	256x256	65536	sparse	Frangi	66	1	True	0.613259	1.000000	M1_020_y256x768																																	
M1_020_y512x512.png	0.052213	0.007139	0.014177	0.032581	0.009059	0.997045	22.695664	0.999919	28.052371	1.000000	0.251736	2.313025	20.834542	0.497243	1127	2	2	3	3	2.000000	1.000000	17	17	29.727922	4.684553	0.150667						701.688290	0.022056	2	2	0	3	3	2.000000	1.000000	2	0	17	17	11	1.748701	4.684553	29.727922	0.150667	40931	36.318545	58.150843	256x256	65536	sparse	Frangi	137	2	True	0.291507	0.674264	M1_020_y512x512																																	
M1_020_y512x768.png	0.269540	0.000000	0.000000	0.000000	0.000000	0.977474	23.956646	0.999903	27.574523	1.000000	0.201484	2.029940	21.015273	0.575264	1167	3	0	0	6	1.769231	0.000000	26	23	39.556349	4.151055	0.070012						793.898582	0.013743	3	0	3	0	6	1.769231	0.000000	4	0	26	23	20	1.719841	4.151055	39.556349	0.070012	38314	32.831191	56.157669	256x256	65536	sparse	Frangi	148	4	True	0.492623	0.999994	M1_020_y512x768												1	1166	30.371201	0.837347	0.999752	24.027206	0.939934	0.016340														
M1_020_y768x768.png	0.091149	0.000000	0.000000	0.000000	0.000000	0.986342	22.586275	0.999970	26.022482	1.000000	0.147856	2.224704	24.473182	0.708214	835	2	0	0	4	1.500000	0.000000	8	6	16.071068	3.650099	0.183402						610.799551	0.004022	2	0	2	0	4	1.500000	0.000000	2	0	8	6	4	2.678511	3.650099	16.071068	0.183402	32963	39.476647	78.486228	256x256	65536	sparse	Frangi	128	2	True	0.449497	0.999998	M1_020_y768x768												3	830	33.344176	0.873249	0.999941	23.183386	0.999999	0.005074														
M1_021_y256x0.png	0.065310	0.000000	0.000000	0.000000	0.000000	0.992234	23.854069	0.999986	26.189125	1.000000	0.164730	2.268529	24.768581	0.748485	571	1	0	0	2	1.600000	0.000000	5	4	9.242641	3.170352	0.230038						533.870697	0.001887	1	0	1	0	2	1.600000	0.000000	1	0	5	4	3	2.310660	3.170352	9.242641	0.230038	29936	52.427320	114.774081	256x256	65536	sparse	Frangi	69	1	True	0.438232	0.994142	M1_021_y256x0																																	
M1_021_y256x256.png	0.243458	0.000000	0.000000	0.000000	0.000000	0.989283	24.759065	0.999897	24.075115	1.000000	0.153518	1.071424	20.473063	0.560511	1079	2	0	0	4	1.636364	0.000000	11	9	18.656854	3.502245	0.102239						618.127108	0.016834	2	0	2	0	4	1.636364	0.000000	3	0	11	9	7	2.072984	3.502245	18.656854	0.102239	36201	33.550510	60.737720	256x256	65536	sparse	Frangi	133	3	True	0.381217	0.408445	M1_021_y256x256																																	
M1_021_y512x0.png	0.230543	0.008392	0.016644	0.131894	0.008882	0.979449	23.507679	0.999746	25.991640	1.000000	0.147856	1.023743	21.120707	0.522740	1254	3	0	0	6	1.625000	0.000000	16	13	27.071068	3.607694	0.141562						602.971792	0.020139	3	0	3	0	6	1.625000	0.000000	5	0	16	13	10	2.082390	3.607694	27.071068	0.141562	37082	29.570973	52.261563	256x256	65536	sparse	Frangi	140	5	True	0.649878	0.665308	M1_021_y512x0												1	1220	30.564302	0.821921	0.999560	23.153091	0.102216	0.096097														
M1_021_y512x256.png	0.004473	0.157451	0.272065	0.188563	0.488303	0.995068	28.593151	0.995826	32.509388	1.000000	0.365638	0.218502	25.446215	0.717575	6933	31	26	53	59	1.980237	0.838710	506	501	875.435143	5.482285	0.073267	0.002532	-11.626236	-0.004474	-0.002643	0.786733	2909.545183	0.225908	31	26	5	53	59	1.980237	0.838710	37	1	506	501	394	1.747376	5.482285	875.435143	0.073267	37354	5.387855	9.452762	256x256	65536	sparse	Otsu	636	37	True	0.380332	0.083103	M1_021_y512x256	66	6861	40.297711	0.971306	36.780219	0.998468	0.213267	0.071452	75	1	0.486486	84	6498	41.061663	0.971523	0.998512	38.682942	0.072195	0.210829	277	19.203109	0.508215	0.911010	13.628253	0.787945	0.350035	-4.270831	0.294186	-14.851496	-0.253731	0.001941	40.219387	0.999542
M1_021_y512x512.png	0.186067	0.053398	0.101383	0.054197	0.783621	0.997558	26.573096	0.991971	35.875195	1.000000	0.772102	0.645825	32.922989	0.906299	11297	18	124	241	74	2.155653	6.888889	1362	1468	3031.861027	3.023245	0.081060	-0.013107	-16.936311	-0.002353	-0.006840	0.744650	3244.767666	0.256905	18	124	-106	241	74	2.155653	6.888889	35	17	1362	1468	1047	2.065300	3.023245	3031.861027	0.081060	32330	2.861822	5.801186	256x256	65536	sparse	Learned	1564	35	True	0.342953	0.221488	M1_021_y512x512	93	11057	46.717137	0.987309	45.072606	0.998811	0.255350	0.210359	68	6	0.205042	96	10114	46.963262	0.987608	0.998962	46.018208	0.218897	0.323425	250	22.748525	0.627312	0.902875	19.009756	0.786008	0.271066	-9.197411	0.561743	-13.794148	-0.081010	0.199174	43.509406	0.999911
M1_021_y512x768.png	0.064441	0.000000	0.000000	0.000000	0.000000	0.993338	23.030331	0.999993	28.052046	1.000000	0.288230	2.977614	25.680842	0.791544	627	1	2	3	1	2.200000	2.000000	10	11	17.242641	3.980634	0.130549						547.763586	0.003632	1	2	-1	3	1	2.200000	2.000000	1	0	10	11	6	1.567513	3.980634	17.242641	0.130549	27576	43.980861	104.523126	256x256	65536	sparse	Frangi	99	1	True	0.335839	0.999999	M1_021_y512x768												2	594	34.308664	0.879968	0.999981	22.511080	0.970622	0.004822														
M1_021_y768x512.png	0.001619	0.094214	0.172203	0.099207	0.651794	0.995888	30.818006	0.990151	34.813697	1.000000	0.777630	0.210272	30.002839	0.845545	13510	21	178	345	105	2.201670	8.476190	1557	1714	3636.102067	3.308469	0.079522	-0.000188	-13.679347	-0.003909	-0.008516	0.919072	2816.511631	0.080620	21	178	-157	345	105	2.201670	8.476190	41	19	1557	1714	1107	2.121413	3.308469	3636.102067	0.079522	35153	2.601999	4.850925	256x256	65536	sparse	Learned	1705	41	True	0.444285	0.093421	M1_021_y768x512	92	12720	45.699477	0.989262	44.458290	0.998666	0.080928	0.072071	50	0	0.390244	96	12660	46.628930	0.990074	0.998875	46.102281	0.074295	0.081539	248	19.365283	0.510052	0.873565	16.296321	0.992352	0.263871	-9.644593	0.705560	-15.696638	-0.143718	0.001808	44.497354	0.999797
M1_021_y768x768.png	0.002266	0.298603	0.459884	0.358874	0.640029	0.985458	28.924282	0.992484	34.128936	1.000000	0.620275	0.176655	28.406092	0.794547	14961	38	167	324	141	2.159752	4.394737	1615	1744	3695.865014	3.265022	0.085847	0.001990	-15.335839	-0.013883	-0.006376	0.911033	3039.689302	0.091868	38	167	-129	324	141	2.159752	4.394737	65	14	1615	1744	1150	2.119189	3.265022	3695.865014	0.085847	38065	2.544282	4.380456	256x256	65536	sparse	Learned	1797	65	True	0.516792	0.091294	M1_021_y768x768	92	14880	44.588645	0.988065	43.673651	0.998861	0.088967	0.068525	71	1	0.489560	94	14120	45.398318	0.989255	0.999038	45.021020	0.069735	0.088112	244	18.521529	0.453653	0.842604	14.980595	0.995058	0.201102	-9.544715	0.551750	-16.182553	-0.193518	0.000276	44.260121	0.999341
M2_001_y256x0.png	0.000000	0.107934	0.194839	0.108022	0.992488	0.999452	39.545285	0.990539	37.931957	1.000000	0.534789	0.120767	37.539797	0.948500	5575	14	18	40	37	2.017021	1.285714	470	474	804.845907	6.124988	0.052686	0.000000	-5.095070	-0.000367	-0.007338	0.988043	7882.128000	0.013151	14	18	-4	40	37	2.017021	1.285714	19	0	470	474	393	1.697987	6.124988	804.845907	0.052686	21826	3.914978	11.755336	256x256	65536	sparse	Otsu	958	19	True	0.680181	0.082144	M2_001_y256x0	93	5453	49.135319	0.987280	45.810808	0.997878	0.011957	0.034395	4	0	0.605263	97	4968	49.643359	0.987225	0.998376	47.183149	0.034395	0.011650	339	35.210193	0.796220	0.971093	29.321751	0.032784	0.017374	-7.878851	0.500394	-11.595522	-0.038781	0.000000	44.640355	0.999819
M2_001_y256x256.png	0.000000	0.192100	0.322288	0.358811	0.292514	0.984168	27.943193	0.997330	33.631788	1.000000	0.198818	0.105020	31.762207	0.823479	3571	17	2	3	35	1.840426	0.117647	188	173	264.178217	4.300559	0.044030	0.000000	-12.240327	-0.014334	-0.001637	0.800950	2065.125227	0.199204	17	2	15	3	35	1.840426	0.117647	24	0	188	173	150	1.527042	4.300559	264.178217	0.044030	31813	8.908709	18.352282	256x256	65536	dense	Meijering	448	24	True	0.665916	0.069934	M2_001_y256x256	54	3560	41.830961	0.961465	36.883059	0.998967	0.199050	0.073521	11	0	0.729167	85	3362	42.585202	0.965263	0.999297	38.989658	0.065060	0.198522	604	32.363358	0.845525	0.991406	25.363655	0.087373	0.216145	-3.251271	0.125297	-10.068754	-0.137987	0.000000	40.183520	0.998502
M2_001_y256x512.png	0.000000	0.012845	0.025364	0.049583	0.017041	0.986563	28.794350	0.999229	32.558579	1.000000	0.150126	0.091028	29.611369	0.779782	2479	12	0	1	25	1.710843	0.000000	83	71	114.266529	4.664948	0.068730	-0.001358	-8.599019	-0.009836	0.000194	0.688157	1257.568121	0.296024	12	0	12	1	25	1.710843	0.000000	15	0	83	71	57	1.609388	4.664948	114.266529	0.068730	33541	13.530052	26.436466	256x256	65536	dense	Meijering	287	15	True	0.671538	0.061129	M2_001_y256x512	23	2469	37.837543	0.921299	31.518501	0.999035	0.311843	0.046866	25	0	0.666667	69	2452	39.996881	0.948897	0.999526	34.203308	0.048771	0.315315	3800	42.083036	0.963760	0.999843	39.698442	0.046573	0.312708	1.040078	0.103259	-8.226174	-0.141518	0.001358	37.393370	0.996399
M2_001_y512x0.png	0.000000	0.080620	0.149210	0.317252	0.097544	0.973594	29.387103	0.998648	32.475346	1.000000	0.191728	0.076080	32.940925	0.848520	2257	9	1	2	18	1.794872	0.111111	78	70	129.840620	4.610757	0.095804	0.000000	-8.991736	-0.021720	-0.000358	0.717484	1397.309065	0.278657	9	1	8	2	18	1.794872	0.111111	14	0	78	70	58	1.854866	4.610757	129.840620	0.095804	30423	13.479397	29.036774	256x256	65536	sparse	Meijering	208	14	True	0.792923	0.060326	M2_001_y512x0	28	2242	39.746285	0.935860	32.642874	0.999006	0.282516	0.056140	9	0	0.821429	80	2218	42.441560	0.963251	0.999587	36.607708	0.062412	0.280973	4253	44.255516	0.972255	0.999831	42.410315	0.058235	0.279043	-0.167528	0.135588	-6.805359	-0.087340	0.000000	38.378839	0.995313
M2_001_y512x512.png	0.294165	0.292122	0.452158	0.335704	0.692321	0.984832	29.921460	0.989074	35.800424	1.000000	0.638050	0.877664	31.820752	0.844410	15719	46	190	378	161	2.144433	4.130435	1994	2138	3813.517253	3.529927	0.075473	0.004123	-13.650586	-0.013921	-0.008546	0.566684	3408.436775	0.434270	46	190	-144	378	161	2.144433	4.130435	64	21	1994	2138	1455	1.783684	3.529927	3813.517253	0.075473	36150	2.299765	4.169222	256x256	65536	dense	Learned	2258	64	True	0.559568	0.491113	M2_001_y512x512	94	15451	44.281959	0.976810	43.687126	0.997619	0.433316	0.373466	143	143	0.000000	96	14882	46.174489	0.985303	0.998649	46.002830	0.358246	0.417709	241	24.135976	0.674291	0.921237	21.774779	0.999999	0.354504	-7.886701	0.264584	-12.461207	-0.132401	0.290042	43.572046	0.998753
M2_002_y0x0.png	0.075948	0.117253	0.209895	0.118774	0.901565	0.999315	35.646375	0.993415	39.758802	1.000000	0.811187	2.515357	41.408803	0.961449	6407	11	92	187	60	2.173448	8.363636	934	1015	1936.821536	3.528484	0.069814	0.005523	-9.177329	-0.000557	-0.004801	0.615729	2672.526598	0.400202	11	92	-81	187	60	2.173448	8.363636	20	9	934	1015	687	1.908199	3.528484	1936.821536	0.069814	24518	3.826752	10.228812	256x256	65536	sparse	Learned	1090	20	True	0.364191	0.916070	M2_002_y0x0	93	6102	48.276834	0.984981	46.083873	0.998216	0.384271	0.755569	34	95	0.000000	97	5422	48.580169	0.983778	0.998446	47.203980	0.702714	0.384740	344	38.252675	0.906857	0.987341	34.726645	0.994664	0.368702	-6.325071	0.055618	-6.868031	-0.023531	0.070425	44.823703	0.999872
M2_002_y0x256.png	0.117924	0.000736	0.001471	0.012097	0.000783	0.995641	27.223471	0.999950	28.197669	1.000000	0.134978	2.067401	23.173356	0.740900	1369	4	0	0	6	1.652174	0.000000	23	19	28.313708	3.065329	0.051367	-0.014115	1.988906	0.003539	0.000149	0.990189	713.518858	0.008502	4	0	4	0	6	1.652174	0.000000	4	0	23	19	17	1.490195	3.065329	28.313708	0.051367	34860	25.463842	47.871439	256x256	65536	dense	Frangi	221	4	True	0.470305	0.972310	M2_002_y0x256	3	1310	25.836302	0.609788	22.119056	0.999801	0.009811	0.997648	8	65	0.000000	21	1364	35.862141	0.930416	0.999955	28.247588	0.693948	0.012993								6.078613	-0.862670	-2.662946	0.131111	0.132040	25.234565	0.992102
M2_002_y0x512.png	0.005372	0.020474	0.040127	0.026173	0.085945	0.995151	26.953786	0.997151	31.799569	1.000000	0.431745	0.840918	25.561148	0.818098	6864	19	25	55	54	2.027211	1.315789	441	447	863.475524	6.410577	0.068609	-0.002052	-12.796160	-0.004437	-0.001636	0.336066	4272.997856	0.687823	19	25	-6	55	54	2.027211	1.315789	27	0	441	447	332	1.931713	6.410577	863.475524	0.068609	37188	5.417832	9.547786	256x256	65536	sparse	Otsu	627	27	True	0.381779	0.321045	M2_002_y0x512	73	6704	40.524317	0.973417	36.408120	0.998787	0.663934	0.170415	82	2	0.000000	87	6762	41.667926	0.974621	0.999183	38.829607	0.187258	0.665834	279	17.927428	0.500499	0.899412	11.847370	0.999987	0.318040	-4.608550	0.261330	-14.963169	-0.155319	0.007425	39.749946	0.999588
M2_002_y256x0.png	0.115016	0.000000	0.000000	0.000000	0.000000	0.995708	30.017088	0.999980	24.662340	1.000000	0.164730	1.435960	29.995858	0.857598	511	1	0	0	2	1.714286	0.000000	7	6	9.242641	2.411947	0.108441						526.132345	0.002837	1	0	1	0	2	1.714286	0.000000	1	0	7	6	5	1.540440	2.411947	9.242641	0.108441	30139	58.980431	128.250489	256x256	65536	dense	Frangi	48	1	True	0.544088	0.781288	M2_002_y256x0												2	492	35.824985	0.915680	0.999981	21.302399	0.509489	0.003926														
M2_002_y256x256.png	0.146409	0.000250	0.000499	0.014286	0.000254	0.993920	28.740655	0.999997	31.646093	1.000000	0.039211	1.383213	25.390442	0.801786	585	0	0	0	0	0	0.000000	0	0	0	0	0						467.426777	0.004052	0	0	0	0	0	0	0.000000	1	0	0	0	0	0	0	0	0	33326	56.967521	112.027350	256x256	65536	sparse	Frangi	67	1	True	0.519054	0.717962	M2_002_y256x256																																	
M2_002_y256x512.png	0.003048	0.026375	0.051395	0.043165	0.063501	0.995953	28.284907	0.998973	31.382552	1.000000	0.205025	0.227713	24.625402	0.757451	4745	22	1	3	46	1.804651	0.045455	215	194	398.555870	4.382051	0.078685	-0.000680	-9.952794	-0.003553	-0.000535	0.576697	2092.895508	0.465067	22	1	21	3	46	1.804651	0.045455	36	0	215	194	166	2.054412	4.382051	398.555870	0.078685	38273	8.065964	13.811591	256x256	65536	sparse	Meijering	419	36	True	0.384303	0.087511	M2_002_y256x512	43	4714	38.549813	0.953404	33.837511	0.999508	0.423303	0.079274	108	0	0.000000	79	4494	39.537939	0.960395	0.999613	35.370911	0.076187	0.421204	391	20.420089	0.610329	0.957092	12.811775	0.471428	0.256884	-2.454960	0.125751	-13.924411	-0.195953	0.003728	38.237701	0.999506
M2_002_y512x0.png	0.137410	0.060383	0.113889	0.111051	0.116876	0.995448	29.706810	0.999047	33.471458	1.000000	0.163058	1.115335	32.109495	0.866338	3133	20	1	2	42	1.700787	0.050000	127	108	236.219512	4.334460	0.133267	-0.040812	-9.806464	-0.003973	-0.000417	0.784923	1532.537460	0.204881	20	1	19	2	42	1.700787	0.050000	30	0	127	108	83	2.187218	4.334460	236.219512	0.133267	32746	10.451963	20.917970	256x256	65536	sparse	Meijering	295	30	True	0.430864	0.480558	M2_002_y512x0	43	3114	40.886967	0.956511	34.942689	0.999464	0.215077	0.515896	44	35	0.000000	83	3004	42.070575	0.964815	0.999602	36.891633	0.467662	0.209050	667	31.316807	0.862677	0.991712	22.204433	0.724610	0.190393	-1.471231	-0.352838	-8.777472	-0.090173	0.178222	39.513274	0.999421
M2_002_y512x256.png	0.140872	0.005776	0.011485	0.202312	0.005910	0.992756	28.600784	0.999935	28.085469	1.000000	0.244216	1.193433	24.418925	0.747866	1045	1	0	0	2	1.833333	0.000000	12	11	13.828427	4.657867	0.000000						612.577200	0.017011	1	0	1	0	2	1.833333	0.000000	1	0	12	11	10	1.257130	4.657867	13.828427	0.000000	35092	33.580861	62.713876	256x256	65536	dense	Frangi	166	1	True	0.572072	0.682729	M2_002_y512x256												8	1040	34.949969	0.909032	0.999885	24.636625	0.282303	0.017291														
M2_002_y512x512.png	0.183477	0.266485	0.420826	0.301626	0.695799	0.995501	31.719770	0.993250	35.800878	1.000000	0.727468	1.576404	32.370206	0.880688	6213	13	27	62	40	2.048276	2.076923	580	594	1023.033621	6.545829	0.051192	-0.012474	-10.474526	-0.004107	-0.004258	0.523623	3331.638336	0.481016	13	27	-14	62	40	2.048276	2.076923	14	1	580	594	478	1.722279	6.545829	1023.033621	0.051192	32353	5.207307	10.548205	256x256	65536	sparse	Otsu	702	14	True	0.590236	0.930450	M2_002_y512x512	84	6147	44.053537	0.976315	41.119619	0.997508	0.476377	0.792400	28	44	0.000000	91	5592	43.868077	0.974300	0.997315	41.288263	0.718387	0.475790	331	25.756087	0.669674	0.935608	20.717984	0.900241	0.436605	-5.318740	-0.064932	-11.683330	-0.095628	0.195951	42.194296	0.999607
M2_003_y0x256.png	0.169848	0.110036	0.198257	0.110552	0.959325	0.998900	32.438917	0.981195	34.793974	1.000000	0.638828	1.331386	29.259171	0.844314	9803	17	40	83	59	2.058302	2.352941	789	812	1452.621576	6.959871	0.055616	0.034759	-8.018339	-0.000940	-0.012490	0.456337	12246.506453	0.493331	17	40	-23	83	59	2.058302	2.352941	25	1	789	812	647	1.788943	6.959871	1452.621576	0.055616	34698	3.539529	6.685300	256x256	65536	sparse	Otsu	1399	25	True	0.417252	0.555523	M2_003_y0x256	90	9465	42.805918	0.964203	41.271488	0.993686	0.543663	0.343837	104	58	0.000000	92	8706	43.597556	0.970326	0.995194	42.231796	0.293754	0.544908	248	27.350898	0.676825	0.921781	24.155543	0.939594	0.423242	-6.477514	0.294991	-13.546748	-0.119889	0.135089	40.457257	0.999840
M2_003_y0x512.png	0.144502	0.003378	0.006734	0.068862	0.003540	0.986553	24.176109	0.999871	26.254426	1.000000	0.164730	1.548668	22.837503	0.658671	1470	3	0	0	5	1.777778	0.000000	27	24	30.242641	3.048084	0.027110	-0.059097	-3.650736	-0.004663	0.000065	0.981447	714.714766	0.015002	3	0	3	0	5	1.777778	0.000000	4	0	27	24	22	1.260110	3.048084	30.242641	0.027110	40192	27.341497	44.582313	256x256	65536	dense	Frangi	229	4	True	0.503782	0.780192	M2_003_y0x512	5	1453	28.718820	0.707301	23.741782	0.999806	0.018553	0.657872	35	41	0.000000	17	1464	34.381996	0.861657	0.999923	27.693535	0.421895	0.021435								2.512644	-0.493143	-5.881317	-0.048630	0.203599	27.826845	0.991216
M2_003_y256x256.png	0.076398	0.132611	0.234169	0.133789	0.937739	0.999336	31.498009	0.993101	35.715835	1.000000	0.764018	1.923217	33.932302	0.869810	9441	20	96	204	85	2.128814	4.800000	1180	1256	2527.132406	3.239014	0.080362	0.000200	-8.530302	-0.000520	-0.004479	0.647546	2349.584103	0.358517	20	96	-76	204	85	2.128814	4.800000	30	8	1180	1256	891	2.012048	3.239014	2527.132406	0.080362	35893	3.801822	6.941638	256x256	65536	sparse	Learned	1310	30	True	0.393469	0.756727	M2_003_y256x256	89	9031	42.074812	0.958297	40.810714	0.997581	0.352454	0.556657	85	142	0.000000	92	9294	43.429040	0.969320	0.998369	42.589015	0.466520	0.348585	243	25.354399	0.682272	0.957054	22.159573	0.977629	0.277201	-5.094879	0.207361	-8.142510	-0.088487	0.076198	40.028311	0.999855
M2_003_y256x512.png	0.044103	0.000000	0.000000	0.000000	0.000000	0.995216	25.871985	0.999956	27.255344	1.000000	0.142156	0.866340	24.362193	0.660952	1273	3	0	0	6	1.647059	0.000000	17	14	21.656854	3.355161	0.092949	-0.020805	0.335138	0.000741	0.000206	0.973011	560.229063	0.035592	3	0	3	0	6	1.647059	0.000000	3	0	17	14	11	1.546918	3.355161	21.656854	0.092949	40576	31.874313	51.481540	256x256	65536	dense	Frangi	201	3	True	0.555698	0.481423	M2_003_y256x512	2	1255	25.735680	0.619344	19.517151	0.999749	0.026989	0.375747	25	4	0.000000	13	1256	33.953886	0.843425	0.999957	28.221261	0.243006	0.038010								7.738193	-0.233591	-1.373486	0.041608	0.064908	25.536846	0.994475
M2_003_y512x0.png	0.143427	0.000000	0.000000	0.000000	0.000000	0.978532	25.537246	0.999984	28.567054	1.000000	0.164730	1.167250	25.811787	0.729722	431	1	2	4	0	2.500000	2.000000	4	5	5.828427	2.667512	0.000000						458.593369	0.001234	1	2	-1	4	0	2.500000	2.000000	1	0	4	5	0	1.165685	2.667512	5.828427	0.000000	36276	84.167053	152.055684	256x256	65536	sparse	Frangi	33	1	True	0.669341	0.781288	M2_003_y512x0																																	
M2_003_y512x256.png	0.085284	0.133395	0.235390	0.191570	0.305203	0.995548	26.775995	0.998209	32.114552	1.000000	0.217177	1.117760	30.471612	0.772677	4568	30	3	7	63	1.825243	0.100000	309	282	432.373878	4.399707	0.060768	-0.017407	-11.079820	-0.004086	-0.000951	0.752581	1813.274145	0.244243	30	3	27	7	63	1.825243	0.100000	33	0	309	282	239	1.533241	4.399707	432.373878	0.060768	38397	8.405648	14.346760	256x256	65536	dense	Meijering	511	33	True	0.632686	0.707191	M2_003_y512x256	59	4550	38.949653	0.931919	35.148795	0.999160	0.247419	0.593755	50	52	0.000000	80	4168	39.004952	0.929920	0.999178	36.157749	0.583138	0.257217	473	27.983191	0.758655	0.987619	20.307887	0.724178	0.246709	-3.034244	-0.376579	-8.478041	-0.159242	0.102691	37.855815	0.999634
M2_004_y0x0.png	0.176518	0.064454	0.121102	0.064737	0.936458	0.997879	27.140231	0.985543	37.498165	1.000000	0.964027	0.673813	34.765451	0.957590	9304	10	127	245	47	2.207263	12.700000	1129	1246	2345.920056	3.535318	0.066915	0.130618	-19.758183	-0.002039	-0.012414	0.513561	6408.163309	0.312736	10	127	-117	245	47	2.207263	12.700000	12	19	1129	1246	837	1.882761	3.535318	2345.920056	0.066915	18921	2.033641	7.043852	256x256	65536	sparse	Learned	1733	12	True	0.547666	0.369024	M2_004_y0x0	96	7896	50.757743	0.991478	48.034310	0.997957	0.486439	0.545757	114	271	0.000000	100	6502	51.431582	0.991857	0.998136	49.046907	0.533063	0.481664	248	31.998866	0.611757	0.949340	29.815028	0.824480	0.197059	-10.536145	0.418271	-15.992293	-0.033888	0.045900	46.898414	0.999918
M2_004_y0x512.png	0.005208	0.041261	0.079252	0.105683	0.063397	0.988688	29.404905	0.998878	33.648241	1.000000	0.137903	0.095962	30.513125	0.819686	3657	22	0	0	48	1.714286	0.000000	154	132	222.882195	4.437493	0.076701	-0.228936	-10.311823	-0.009777	-0.000442	0.739497	1392.731428	0.318334	22	0	22	0	48	1.714286	0.000000	31	0	154	132	106	1.688501	4.437493	222.882195	0.076701	33756	9.230517	17.920700	256x256	65536	dense	Meijering	368	31	True	0.589002	0.056522	M2_004_y0x512	42	3627	40.273527	0.953112	34.858594	0.999321	0.260503	0.280858	66	22	0.000000	81	3502	41.381202	0.961555	0.999462	36.347317	0.283999	0.259521	540	27.953525	0.776158	0.983538	20.045055	0.409205	0.261959	-1.210353	-0.142956	-9.760402	-0.133426	0.234144	39.716728	0.998465
M2_004_y256x256.png	0.167716	0.000000	0.000000	0.000000	0.000000	0.984043	23.780366	0.999978	28.075554	1.000000	0.058235	0.928836	21.344981	0.752625	711	0	0	0	0	0	0.000000	0	0	0	0	0						443.928957	0.010956	0	0	0	0	0	0	0.000000	1	0	0	0	0	0	0	0	0	32926	46.309423	92.174402	256x256	65536	dense	Frangi	99	1	True	0.573119	0.532334	M2_004_y256x256																																	
M2_004_y256x512.png	0.264756	0.000000	0.000000	0.000000	0.000000	0.992583	24.833579	0.999972	27.884772	1.000000	0.244216	1.569628	22.253470	0.787910	896	1	0	0	1	1.846154	0.000000	13	12	15.485281	3.894322	0.000000						615.269423	0.009640	1	0	1	0	1	1.846154	0.000000	1	0	13	12	12	1.290440	3.894322	15.485281	0.000000	33376	37.250000	73.142857	256x256	65536	dense	Frangi	144	1	True	0.625189	0.981314	M2_004_y256x512												6	894	34.967059	0.931762	0.999920	23.557879	0.130207	0.054278														
M2_004_y512x256.png	0.077890	0.090529	0.166027	0.216660	0.134577	0.986575	27.778233	0.998710	31.804559	1.000000	0.225084	0.275856	28.117537	0.829849	4632	22	10	18	44	1.892857	0.454545	224	212	385.622214	4.229471	0.079974	-0.016236	-11.332768	-0.011601	-0.000766	0.443801	2230.944872	0.587625	22	10	12	18	44	1.892857	0.454545	32	1	224	212	162	1.818973	4.229471	385.622214	0.079974	35354	7.632556	14.148532	256x256	65536	sparse	Meijering	422	32	True	0.665388	0.183551	M2_004_y512x256	60	4629	40.731118	0.966691	35.255138	0.999476	0.556199	0.138854	59	0	0.078125	85	4490	41.580867	0.969607	0.999630	37.395760	0.161442	0.557771	473	24.258989	0.742078	0.972533	16.353055	0.586298	0.353931	-3.450579	0.086229	-12.613581	-0.136843	0.094126	39.111001	0.998176
M2_004_y512x512.png	0.022871	0.181480	0.307207	0.188248	0.834642	0.994445	28.612298	0.986804	37.568432	1.000000	0.798226	0.220257	34.354358	0.922219	15707	20	158	297	88	2.158621	7.900000	1740	1878	3116.003524	3.435602	0.068200	0.016133	-18.049262	-0.005235	-0.011224	0.969204	8969.455004	0.036632	20	158	-138	297	88	2.158621	7.900000	33	18	1740	1878	1355	1.659214	3.435602	3116.003524	0.068200	29751	1.894124	4.172407	256x256	65536	dense	Learned	2906	33	True	0.526799	0.116031	M2_004_y512x512	96	14029	48.067060	0.986931	47.337244	0.998028	0.030796	0.070709	18	0	0.272727	100	13834	49.556735	0.990595	0.998624	49.272848	0.070709	0.030742	249	25.297125	0.756424	0.914349	21.771740	0.610932	0.089482	-9.768811	0.727517	-13.712702	-0.064711	0.006738	46.661559	0.999680
M2_005_y0x256.png	0.251485	0.195625	0.327235	0.202315	0.855407	0.996354	27.559945	0.988009	32.902355	1.000000	0.996891	0.893552	28.346704	0.796956	17921	9	220	444	96	2.190691	24.444444	2213	2424	4157.749593	3.687284	0.074807	-0.001911	-10.741216	-0.003178	-0.008273	0.571094	4081.571341	0.429990	9	220	-211	444	96	2.190691	24.444444	12	20	2213	2424	1673	1.715243	3.687284	4157.749593	0.074807	41986	2.342838	3.656939	256x256	65536	dense	Learned	2515	12	True	0.671264	0.599809	M2_005_y0x256	91	16961	39.731717	0.963722	38.955758	0.996281	0.428906	0.513013	83	146	0.000000	93	17460	43.659124	0.985215	0.998619	43.175089	0.539438	0.429055	250	19.997935	0.452276	0.898789	18.491718	0.999963	0.325698	-6.053402	0.483878	-11.385013	-0.166766	0.253396	38.301161	0.999532
M2_005_y256x256.png	0.200885	0.005871	0.011673	0.062718	0.006435	0.992015	18.974775	0.999912	27.401878	1.000000	0.355964	1.328966	23.489248	0.745987	1164	1	0	0	2	1.888889	0.000000	18	17	22.313708	5.221640	0.038273						679.078341	0.022656	1	0	1	0	2	1.888889	0.000000	1	0	18	17	16	1.312571	5.221640	22.313708	0.038273	37316	32.058419	56.302405	256x256	65536	dense	Frangi	218	1	True	0.597476	0.794025	M2_005_y256x256												18	1154	34.827011	0.906279	0.999919	27.965129	0.568289	0.029093														
M2_005_y256x512.png	0.125006	0.044798	0.085754	0.338798	0.049089	0.993262	19.345358	0.999906	28.601532	1.000000	0.234072	1.354398	23.235616	0.661320	1369	3	0	0	5	1.828571	0.000000	35	32	40.727922	3.750831	0.040665	-0.009462	-4.879094	-0.003651	0.000346	0.980478	747.979403	0.018247	3	0	3	0	5	1.828571	0.000000	3	0	35	32	30	1.272748	3.750831	40.727922	0.040665	40025	29.236669	47.871439	256x256	65536	dense	Frangi	235	3	True	0.676505	0.916257	M2_005_y256x512	3	1304	26.200661	0.629841	20.330997	0.999560	0.019522	0.825355	20	30	0.000000	12	1324	33.882564	0.875789	0.999911	27.147109	0.652035	0.026838								8.270535	-0.591283	-2.965045	0.031479	0.134469	24.224452	0.996913
M2_005_y512x512.png	0.260046	0.000000	0.000000	0.000000	0.000000	0.984393	20.520723	0.999983	26.950566	1.000000	0.113080	1.190448	20.372306	0.485079	580	1	0	0	2	1.500000	0.000000	4	3	5.414214	3.182164	0.108441						461.367846	0.002193	1	0	1	0	2	1.500000	0.000000	1	0	4	3	2	1.804738	3.182164	5.414214	0.108441	43271	74.605172	112.993103	256x256	65536	dense	Frangi	55	1	True	0.824480	0.981500	M2_005_y512x512																																	
M2_006_y0x256.png	0.300212	0.311850	0.475436	0.325870	0.878766	0.994509	31.360006	0.989834	34.168082	1.000000	0.692025	0.790574	29.209082	0.806472	16535	41	159	308	127	2.116947	3.878049	2018	2136	3634.987503	3.505103	0.073768	0.000802	-8.828264	-0.004513	-0.007349	0.606317	3997.486830	0.404509	41	159	-118	308	127	2.116947	3.878049	53	20	2018	2136	1583	1.701773	3.505103	3634.987503	0.073768	40182	2.430118	3.963471	256x256	65536	dense	Learned	2378	53	True	0.484181	0.382781	M2_006_y0x256	92	15988	41.267468	0.970143	40.535565	0.997183	0.393683	0.351919	115	90	0.000000	94	16322	44.348961	0.985831	0.998698	43.856204	0.362777	0.399031	245	20.016839	0.495135	0.873268	17.725456	0.939795	0.225196	-6.367483	0.340106	-12.058387	-0.163671	0.299410	40.188271	0.999022
M2_006_y0x512.png	0.132505	0.000000	0.000000	0.000000	0.000000	0.991082	21.729609	0.999987	28.737744	1.000000	0.164730	2.131102	21.116540	0.506170	725	1	0	0	2	1.714286	0.000000	7	6	8.828427	3.567838	0.054220						493.529081	0.003008	1	0	1	0	2	1.714286	0.000000	1	0	7	6	5	1.471405	3.567838	8.828427	0.054220	42461	58.566897	90.394483	256x256	65536	dense	Frangi	82	1	True	0.469181	0.999872	M2_006_y0x512																																	
M2_006_y256x256.png	0.165877	0.160060	0.275951	0.166928	0.795522	0.997334	28.994757	0.991498	34.206063	1.000000	0.765643	0.714322	29.889721	0.824133	16408	30	147	296	114	2.115044	4.900000	2034	2151	3760.141968	3.246220	0.077843	0.004745	-11.399835	-0.002353	-0.006202	0.654122	3188.681126	0.356162	30	147	-117	296	114	2.115044	4.900000	44	17	2034	2151	1624	1.748090	3.246220	3760.141968	0.077843	40453	2.465444	3.994149	256x256	65536	dense	Learned	2350	44	True	0.408814	0.292025	M2_006_y256x256	92	15676	41.218245	0.966525	40.625483	0.997700	0.345878	0.286100	154	98	0.000000	93	15220	43.613826	0.981372	0.998727	43.228490	0.295881	0.349278	250	21.793356	0.544054	0.915992	19.546980	0.919540	0.252621	-6.419420	0.479542	-11.328523	-0.142392	0.161132	40.394592	0.999687
M2_006_y256x512.png	0.303951	0.006520	0.012955	0.294118	0.006623	0.986115	23.838701	0.999967	29.183639	1.000000	0.086069	1.036861	24.303284	0.622123	1125	1	0	0	2	1.333333	0.000000	3	2	4.414214	4.490712	0.162661						525.320530	0.008023	1	0	1	0	2	1.333333	0.000000	2	0	3	2	1	2.207107	4.490712	4.414214	0.162661	40254	35.781333	58.254222	256x256	65536	dense	Frangi	174	2	True	0.909584	0.943112	M2_006_y256x512												4	1118	32.511295	0.841259	0.999946	25.303117	0.554845	0.008163														
M2_006_y512x256.png	0.351740	0.433264	0.604583	0.456909	0.893302	0.995440	31.026176	0.983834	33.633014	1.000000	0.802431	1.101842	29.391048	0.830286	8324	8	34	77	31	2.083467	4.250000	623	649	1123.191097	8.415907	0.042964	0.021441	-6.880482	-0.003410	-0.008399	0.370927	10091.674089	0.681831	8	34	-26	77	31	2.083467	4.250000	12	1	623	649	515	1.730649	8.415907	1123.191097	0.042964	37284	4.479097	7.873138	256x256	65536	sparse	Otsu	1049	12	True	0.801854	0.883516	M2_006_y512x256	85	8031	40.541877	0.956876	37.992653	0.992234	0.629073	0.623400	35	28	0.000000	89	7576	41.378695	0.963562	0.994408	39.264402	0.553765	0.626811	246	22.743249	0.499304	0.896545	19.861594	0.999714	0.504543	-4.359639	0.179031	-11.150829	-0.126590	0.330298	37.906658	0.998850
M2_006_y512x512.png	0.059964	0.071822	0.134018	0.073526	0.756055	0.998751	30.831979	0.992222	34.647986	1.000000	0.632937	1.683719	32.476342	0.867527	6129	12	23	53	31	2.038261	1.916667	575	586	986.264069	6.774788	0.060009	-0.005144	-7.304839	-0.001145	-0.003670	0.357722	3709.343433	0.630172	12	23	-11	53	31	2.038261	1.916667	18	0	575	586	491	1.683044	6.774788	986.264069	0.060009	34697	5.661119	10.692772	256x256	65536	sparse	Otsu	707	18	True	0.319549	0.538031	M2_006_y512x512	82	6043	41.552071	0.959154	38.227036	0.995892	0.642278	0.386498	56	23	0.000000	88	5478	41.859500	0.964286	0.996747	39.120641	0.394661	0.641816	341	26.504053	0.634835	0.936628	21.147588	0.809014	0.552405	-3.579050	0.246439	-9.075729	-0.091628	0.065108	38.136819	0.999896
M2_007_y0x0.png	0.000786	0.138946	0.243991	0.151817	0.621053	0.974578	2.859418	0.995168	33.908416	1.000000	0.960045	0.872935	35.317727	0.959683	1760	1	5	11	4	2.065041	5.000000	123	127	186.539105	10.703033	0.022763	-0.136870	-38.528577	-0.025313	-0.003327	0.552742	2229.651928	0.019870	1	5	-4	11	4	2.065041	5.000000	1	0	123	127	108	1.468812	10.703033	186.539105	0.022763	20820	11.829545	37.236364	256x256	65536	sparse	Otsu	243	1	True	0.772362	0.674222	M2_007_y0x0	80	1728	47.787487	0.959701	42.835615	0.998495	0.447258	0.875070	6	18	0.000000	94	1408	48.620334	0.976737	0.998754	43.713542	0.552465	0.446529	5378	49.145854	0.980825	0.999345	46.559769	0.373267	0.444241	-8.927200	0.084975	-12.469760	-0.000018	0.137656	41.387995	0.999891
M2_007_y0x256.png	0.203214	0.020089	0.039386	0.986395	0.020094	0.981372	26.209340	0.999978	35.738725	1.000000	0.355964	1.804836	30.375757	0.761142	868	1	0	0	2	1.900000	0.000000	20	19	22.656854	3.582439	0.017122						647.529364	0.004299	1	0	1	0	2	1.900000	0.000000	1	0	20	19	18	1.192466	3.582439	22.656854	0.017122	34244	39.451613	75.502304	256x256	65536	dense	Frangi	144	1	True	0.554067	1.000000	M2_007_y0x256												14	858	36.421479	0.888968	0.999908	30.201172	0.843286	0.006930														
M2_007_y0x512.png	0.222821	0.000000	0.000000	0.000000	0.000000	0.980031	25.917840	0.999984	31.712560	1.000000	0.113080	1.807079	25.763852	0.667216	567	1	0	0	2	1.500000	0.000000	4	3	5.414214	3.182164	0.108441						460.587978	0.002928	1	0	1	0	2	1.500000	0.000000	1	0	4	3	2	1.804738	3.182164	5.414214	0.108441	38194	67.361552	115.583774	256x256	65536	dense	Frangi	56	1	True	0.475119	0.858577	M2_007_y0x512																																	
M2_007_y256x256.png	0.142085	0.121355	0.216443	0.123749	0.862475	0.998712	33.792812	0.989140	37.234184	1.000000	0.965334	0.747227	34.699268	0.885830	11764	16	186	372	89	2.208333	11.625000	1632	1802	3955.462011	3.159363	0.097206	0.001245	-7.536614	-0.001013	-0.007730	0.635364	3007.016659	0.371172	16	186	-170	372	89	2.208333	11.625000	20	19	1632	1802	1171	2.195040	3.159363	3955.462011	0.097206	34407	2.924770	5.570894	256x256	65536	sparse	Learned	1786	20	True	0.544916	0.407176	M2_007_y256x256	92	10693	43.591680	0.969681	42.872855	0.996870	0.364636	0.443785	100	80	0.000000	94	11532	44.922188	0.978203	0.997766	44.419756	0.380957	0.366263	247	27.978153	0.730894	0.939773	25.646997	0.845104	0.234215	-5.638671	0.521549	-8.892412	-0.083852	0.140840	41.329426	0.999725
M2_007_y256x512.png	0.347366	0.443275	0.614263	0.562167	0.676999	0.987684	27.946800	0.991204	33.640928	1.000000	0.511552	0.672404	29.294246	0.770857	6423	18	23	52	53	2.019841	1.277778	504	509	949.822678	6.144277	0.060768	-0.041402	-10.261585	-0.009853	-0.004418	0.536431	4579.257250	0.481224	18	23	-5	52	53	2.019841	1.277778	23	1	504	509	399	1.866056	6.144277	949.822678	0.060768	37769	5.880274	10.203332	256x256	65536	sparse	Otsu	716	23	True	0.619749	0.416722	M2_007_y256x512	76	6189	39.981033	0.944699	38.068726	0.995623	0.463569	0.517720	52	41	0.000000	85	6216	40.014310	0.947004	0.995875	38.283122	0.514290	0.464776	344	28.071898	0.720275	0.961021	24.754322	0.929450	0.343825	-4.427797	-0.006168	-10.686787	-0.173842	0.388768	38.208385	0.997538
M2_007_y512x0.png	0.082210	0.094083	0.171984	0.095013	0.905738	0.999003	28.645306	0.994122	37.079329	1.000000	0.920142	0.925216	38.311426	0.952286	5695	5	62	110	27	2.190635	12.400000	598	655	1206.268737	3.407044	0.064373	0.020785	-12.576037	-0.000933	-0.004285	0.515828	4381.262302	0.537613	5	62	-57	110	27	2.190635	12.400000	8	8	598	655	461	1.841632	3.407044	1206.268737	0.064373	27540	4.835821	11.507638	256x256	65536	sparse	Learned	1020	8	True	0.935430	0.865474	M2_007_y512x0	91	5397	46.434069	0.977649	43.447398	0.998407	0.484172	0.608755	38	79	0.000000	95	4376	46.740409	0.977488	0.998842	45.031794	0.478679	0.480478	340	39.168744	0.885630	0.990507	33.096746	0.990534	0.418213	-6.368069	0.311387	-8.122643	-0.025363	0.061425	41.221342	0.999936
M2_007_y512x256.png	0.312008	0.000000	0.000000	0.000000	0.000000	0.978906	24.895140	0.999930	27.268704	1.000000	0.240428	1.120931	25.549125	0.671639	1206	3	14	14	4	2.733333	4.666667	30	41	62.698485	2.921665	0.040365						747.879982	0.010783	3	14	-11	14	4	2.733333	4.666667	4	2	30	41	12	1.529231	2.921665	62.698485	0.040365	39406	32.674959	54.341625	256x256	65536	sparse	Frangi	152	4	True	0.820336	0.919540	M2_007_y512x256												9	1190	33.588211	0.857698	0.999915	25.622760	0.910185	0.011398														
M2_007_y512x512.png	0.210655	0.000226	0.000453	0.008130	0.000233	0.990642	24.094308	0.999975	28.960001	1.000000	0.121905	1.641848	24.659214	0.773803	839	2	0	0	4	1.555556	0.000000	9	7	11.828427	3.286713	0.092949						506.107807	0.006675	2	0	2	0	4	1.555556	0.000000	2	0	9	7	5	1.689775	3.286713	11.828427	0.092949	36488	43.489869	78.112038	256x256	65536	dense	Frangi	119	2	True	0.595169	0.977177	M2_007_y512x512												6	822	34.817752	0.891909	0.999953	24.465132	0.702299	0.008260														
M2_008_y0x0.png	0.156221	0.000000	0.000000	0.000000	0.000000	0.991971	23.947501	0.999958	27.034102	1.000000	0.147856	1.913252	20.749634	0.668811	1128	2	0	0	4	1.666667	0.000000	12	10	15.656854	3.794583	0.097597						602.291107	0.009685	2	0	2	0	4	1.666667	0.000000	2	0	12	10	8	1.565685	3.794583	15.656854	0.097597	39745	35.234929	58.099291	256x256	65536	dense	Frangi	172	2	True	0.512707	0.980937	M2_008_y0x0												2	1060	31.792294	0.866114	0.999921	24.105740	0.517462	0.011885														
M2_008_y256x0.png	0.184618	0.000000	0.000000	0.000000	0.000000	0.987354	24.176552	0.999963	24.636682	1.000000	0.113080	1.417649	22.970297	0.715337	574	1	0	0	2	1.500000	0.000000	4	3	5.414214	3.182164	0.108441						460.285425	0.003981	1	0	1	0	2	1.500000	0.000000	1	0	4	3	2	1.804738	3.182164	5.414214	0.108441	37874	65.982578	114.174216	256x256	65536	dense	Frangi	55	1	True	0.642668	0.911078	M2_008_y256x0																																	
M2_008_y256x256.png	0.269460	0.000000	0.000000	0.000000	0.000000	0.985082	24.181883	0.999987	27.469719	1.000000	0.130642	0.799986	22.105538	0.646208	606	1	0	0	2	1.600000	0.000000	5	4	6.414214	3.370352	0.081331						477.175236	0.005553	1	0	1	0	2	1.600000	0.000000	1	0	5	4	3	1.603553	3.370352	6.414214	0.081331	39248	64.765677	108.145215	256x256	65536	dense	Frangi	66	1	True	0.631345	0.505067	M2_008_y256x256																																	
M2_008_y256x512.png	0.183258	0.000000	0.000000	0.000000	0.000000	0.981379	22.038764	0.999939	26.544691	1.000000	0.147856	1.276949	21.853403	0.653316	1322	3	0	0	6	1.666667	0.000000	18	15	23.485281	3.409552	0.065065	-0.010921	-1.620809	-0.000861	0.000473	0.990944	583.946943	0.012593	3	0	3	0	6	1.666667	0.000000	3	0	18	15	12	1.565685	3.409552	23.485281	0.065065	39378	29.786687	49.573374	256x256	65536	dense	Frangi	206	3	True	0.504655	0.644418	M2_008_y256x512	2	1290	24.999793	0.583415	16.240734	0.999466	0.009056	0.875410	22	39	0.000000	7	1286	32.995697	0.871394	0.999924	24.245295	0.302614	0.024573								10.303957	-0.727554	-3.146391	0.069901	0.194179	23.659573	0.982240
M2_008_y512x0.png	0.179648	0.000000	0.000000	0.000000	0.000000	0.990200	21.669203	0.999973	28.330018	1.000000	0.164730	1.668707	23.312553	0.716737	716	1	0	0	2	1.714286	0.000000	7	6	9.242641	3.124406	0.054220						526.157856	0.008337	1	0	1	0	2	1.714286	0.000000	1	0	7	6	5	1.540440	3.124406	9.242641	0.054220	36883	51.512570	91.530726	256x256	65536	dense	Frangi	86	1	True	0.472708	0.788811	M2_008_y512x0																																	
M2_008_y512x256.png	0.220479	0.155280	0.268818	0.158536	0.883183	0.997560	32.138422	0.989019	35.603912	1.000000	0.823001	0.893165	31.812310	0.882993	11726	17	173	318	83	2.227405	10.176471	1372	1528	3176.378266	3.389836	0.080116	0.000276	-8.635242	-0.001951	-0.007451	0.627244	4762.534142	0.361770	17	173	-156	318	83	2.227405	10.176471	31	20	1372	1528	971	2.078782	3.389836	3176.378266	0.080116	36473	3.110438	5.588948	256x256	65536	sparse	Learned	1720	31	True	0.652677	0.582948	M2_008_y512x256	91	11244	42.766642	0.967292	41.648569	0.996470	0.372756	0.474489	65	74	0.000000	93	11264	43.989607	0.975310	0.997477	43.354444	0.381662	0.372369	248	22.915097	0.669675	0.900693	19.036942	0.883349	0.274285	-6.044657	0.348512	-10.954332	-0.084299	0.220202	40.773664	0.999511
M2_008_y512x512.png	0.265951	0.175135	0.298068	0.317809	0.280636	0.989489	27.204089	0.997730	32.540080	1.000000	0.215929	0.639375	30.373430	0.798984	5688	35	20	22	73	1.923858	0.571429	394	379	576.226654	4.271451	0.055434	-0.037973	-10.884418	-0.009015	-0.001401	0.721026	2600.917101	0.289078	35	20	15	22	73	1.923858	0.571429	43	2	394	379	299	1.520387	4.271451	576.226654	0.055434	37168	6.534459	11.521800	256x256	65536	dense	Meijering	702	43	True	0.547666	0.350163	M2_008_y512x512	73	5683	40.060154	0.949875	36.649538	0.999131	0.278974	0.379151	54	18	0.000000	85	5508	40.274091	0.950222	0.999210	37.737307	0.405692	0.277874	337	24.760257	0.690740	0.963899	17.102751	0.884014	0.232352	-4.109458	-0.163221	-9.686724	-0.150891	0.303924	38.088507	0.998504
M2_009_y0x512.png	0.081122	0.000000	0.000000	0.000000	0.000000	0.991184	21.390650	0.999945	29.714476	1.000000	0.156335	2.059601	24.341527	0.648047	1269	2	0	0	4	1.692308	0.000000	13	11	17.485281	4.466876	0.059150	-0.046497	-2.604643	-0.002229	0.000500	0.985612	671.160460	0.008896	2	0	2	0	4	1.692308	0.000000	2	0	13	11	9	1.589571	4.466876	17.485281	0.059150	40529	31.937746	51.643814	256x256	65536	dense	Frangi	213	2	True	0.485529	0.999995	M2_009_y0x512	2	1234	26.191943	0.598666	19.625348	0.999445	0.014388	0.980109	8	20	0.000000	11	1240	33.333298	0.852270	0.999881	25.848793	0.921762	0.013076								10.089128	-0.823774	-1.850416	0.049381	0.127619	23.995293	0.993414
M2_009_y256x256.png	0.175340	0.048666	0.092814	0.448463	0.051764	0.991879	20.453069	0.999849	27.936130	1.000000	0.262877	2.488895	22.452590	0.587073	1293	4	1	3	8	1.846154	0.250000	39	36	65.455844	3.574339	0.068032						890.678883	0.020239	4	1	3	3	8	1.846154	0.250000	4	0	39	36	28	1.818218	3.574339	65.455844	0.068032	42430	32.815159	50.685228	256x256	65536	sparse	Frangi	159	4	True	0.401104	0.998305	M2_009_y256x256												4	1242	31.216038	0.829784	0.999737	26.311489	0.613259	0.027238														
M2_009_y256x512.png	0.246290	0.001127	0.002252	0.038710	0.001160	0.986176	18.389764	0.999960	26.320398	1.000000	0.130642	1.198155	24.605992	0.671041	961	2	0	0	4	1.428571	0.000000	7	5	14.656854	2.437785	0.174075						552.966833	0.008265	2	0	2	0	4	1.428571	0.000000	3	0	7	5	3	2.931371	2.437785	14.656854	0.174075	41213	42.885536	68.195630	256x256	65536	sparse	Frangi	129	3	True	0.689872	0.826573	M2_009_y256x512												4	960	32.430799	0.837789	0.999964	25.354046	0.746042	0.007809														
M2_009_y512x256.png	0.336255	0.259211	0.411704	0.326459	0.557202	0.990757	23.664020	0.991666	31.172429	1.000000	0.430312	0.685075	25.719019	0.646905	10419	35	53	107	105	2.039474	1.514286	912	930	1498.707279	5.113442	0.062202	-0.011449	-10.870481	-0.007395	-0.003845	0.591132	3511.541367	0.428375	35	53	-18	107	105	2.039474	1.514286	45	1	912	930	700	1.611513	5.113442	1498.707279	0.062202	43980	4.221134	6.290047	256x256	65536	dense	Meijering	1164	45	True	0.644845	0.441767	M2_009_y512x256	77	10144	35.984715	0.927660	34.801160	0.995512	0.408868	0.486427	66	50	0.000000	80	9862	36.719113	0.943005	0.996475	35.655851	0.460131	0.409042	250	19.882314	0.417479	0.920180	16.226813	0.890299	0.299114	-3.628731	-0.056115	-10.265696	-0.280755	0.347704	34.534500	0.998152
M2_010_y0x512.png	0.093960	0.090141	0.165375	0.090992	0.906055	0.999320	36.246232	0.988349	37.841678	1.000000	0.924755	1.658151	37.565821	0.923241	9408	11	146	301	81	2.206897	13.272727	1305	1440	3077.094495	3.367501	0.093567	0.000266	-6.366290	-0.000524	-0.008370	0.517470	2432.224274	0.468763	11	146	-135	301	81	2.206897	13.272727	20	17	1305	1440	923	2.136871	3.367501	3077.094495	0.093567	26388	2.804847	6.965986	256x256	65536	sparse	Learned	1429	20	True	0.502172	0.832676	M2_010_y0x512	93	9129	45.877809	0.982607	43.754586	0.996719	0.482530	0.605031	76	165	0.000000	96	9020	47.403090	0.987519	0.997696	45.688627	0.587121	0.470905	245	25.097782	0.612850	0.881587	22.017345	0.676967	0.228926	-5.912908	0.319724	-8.311988	-0.059366	0.093695	42.612522	0.999844
M2_010_y256x256.png	0.215791	0.000000	0.000000	0.000000	0.000000	0.984142	24.060147	0.999917	26.858659	1.000000	0.228948	1.869230	22.217162	0.614749	1353	2	0	0	4	1.818182	0.000000	22	20	26.899495	4.516074	0.032532	-0.001349	-0.913381	0.002626	0.000378	0.981241	726.433039	0.014832	2	0	2	0	4	1.818182	0.000000	2	0	22	20	18	1.344975	4.516074	26.899495	0.032532	39072	28.878049	48.437546	256x256	65536	dense	Frangi	222	2	True	0.534529	0.999158	M2_010_y256x256	2	1309	24.930847	0.561503	19.686649	0.999539	0.018759	0.796685	20	38	0.000000	5	1292	32.770918	0.867256	0.999858	24.422352	0.710616	0.016902								7.172010	-0.567737	-2.713685	0.053246	0.217140	24.973527	0.981516
M2_010_y256x512.png	0.397637	0.341647	0.509295	0.371431	0.809906	0.996631	33.447792	0.994292	35.676387	1.000000	0.445277	0.543797	33.305988	0.835331	6431	25	31	57	50	2.018809	1.240000	638	644	944.328564	5.225631	0.048097	0.137506	-6.525054	-0.002376	-0.003034	0.506529	2981.906176	0.639386	25	31	-6	57	50	2.018809	1.240000	28	3	638	644	531	1.466349	5.225631	944.328564	0.048097	35914	5.584513	10.190639	256x256	65536	dense	Otsu	841	28	True	0.692721	0.376700	M2_010_y256x512	79	6290	41.690894	0.956362	39.873778	0.997325	0.493471	0.318744	131	58	0.000000	87	6186	41.542582	0.957294	0.997059	39.353580	0.290285	0.488653	341	27.947788	0.734923	0.957603	22.689690	0.882345	0.345220	-4.197391	0.126533	-8.384906	-0.121031	0.260131	39.972846	0.999008
M2_010_y512x0.png	0.209535	0.174438	0.297058	0.181499	0.817634	0.995530	29.090339	0.986706	36.342926	1.000000	0.998762	0.882939	34.090224	0.931721	10203	3	168	323	40	2.274314	56.000000	1203	1368	2792.266071	3.532634	0.079227	0.033836	-15.286849	-0.004143	-0.010909	0.468715	6239.162922	0.540801	3	168	-165	323	40	2.274314	56.000000	7	27	1203	1368	840	2.041130	3.532634	2792.266071	0.079227	23214	2.275213	6.423209	256x256	65536	sparse	Learned	1689	7	True	0.806573	0.712155	M2_010_y512x0	95	9626	47.899943	0.988342	45.039043	0.997616	0.531285	0.636102	68	157	0.000000	98	9296	50.257233	0.992831	0.998698	47.882229	0.458396	0.529983	246	27.664190	0.706120	0.915775	23.107586	0.999997	0.385982	-8.696117	0.362660	-13.809718	-0.056621	0.175700	44.377188	0.999673
M2_010_y512x256.png	0.163434	0.180423	0.305692	0.419896	0.240327	0.979070	28.377587	0.996961	33.464252	1.000000	0.276487	0.411282	29.558161	0.764324	5335	28	10	20	63	1.906005	0.357143	383	365	564.247462	4.641842	0.070737	-0.022267	-11.081273	-0.018066	-0.001707	0.677927	2102.119207	0.333459	28	10	18	20	63	1.906005	0.357143	33	0	383	365	300	1.545883	4.641842	564.247462	0.070737	37022	6.939456	12.284161	256x256	65536	dense	Meijering	589	33	True	0.654313	0.269107	M2_010_y512x256	64	5227	40.212836	0.956435	36.915293	0.998668	0.322073	0.250507	67	12	0.000000	84	5236	40.551088	0.957508	0.998736	38.086515	0.234933	0.327052	402	25.331069	0.676141	0.960396	18.542561	0.445169	0.290122	-3.451040	0.025980	-10.654675	-0.192111	0.185701	39.458860	0.997137
M2_010_y512x512.png	0.089947	0.073466	0.136875	0.075413	0.739953	0.998742	28.861563	0.987373	35.869929	1.000000	0.695458	1.624825	31.488022	0.912903	13633	30	111	218	104	2.109164	3.700000	1484	1565	2642.077955	3.565888	0.076974	-0.004654	-16.096463	-0.001105	-0.010515	0.642993	7977.506638	0.344283	30	111	-81	218	104	2.109164	3.700000	38	7	1484	1565	1162	1.688229	3.565888	2642.077955	0.076974	31797	2.332355	4.807159	256x256	65536	dense	Learned	2396	38	True	0.318414	0.517368	M2_010_y512x512	95	13518	46.304210	0.980904	45.475761	0.997888	0.357007	0.389459	88	117	0.000000	97	11654	47.213166	0.984269	0.998490	47.179213	0.385285	0.356529	243	26.273016	0.773297	0.931490	21.914154	0.888083	0.218848	-9.605832	0.306000	-14.816188	-0.068002	0.094600	44.958026	0.999847
M2_011_y0x256.png	0.043922	0.037433	0.072165	0.116424	0.052288	0.996614	19.714098	0.999849	28.287120	1.000000	0.174693	1.430152	23.730907	0.777826	1099	3	2	4	6	1.888889	0.666667	18	17	37.142136	3.881397	0.117393						647.475243	0.019726	3	2	1	4	6	1.888889	0.666667	5	0	18	17	8	2.184832	3.881397	37.142136	0.117393	25737	23.418562	59.632393	256x256	65536	sparse	Frangi	142	5	True	0.696791	0.996517	M2_011_y0x256												23	1070	36.084281	0.927337	0.999848	27.141166	0.999937	0.023233														
M2_011_y256x0.png	0.122951	0.008710	0.017270	0.104377	0.009414	0.988351	19.777251	0.999947	29.312241	1.000000	0.186709	1.670268	23.940523	0.737285	989	2	0	0	3	1.800000	0.000000	20	18	26.071068	3.193077	0.038340						599.736691	0.011089	2	0	2	0	3	1.800000	0.000000	3	0	20	18	17	1.448393	3.193077	26.071068	0.038340	31143	31.489383	66.264914	256x256	65536	sparse	Frangi	142	3	True	0.597842	0.998556	M2_011_y256x0												11	978	34.695623	0.911189	0.999893	26.349370	1.000000	0.012381														
M2_011_y256x256.png	0.120190	0.000000	0.000000	0.000000	0.000000	0.980835	20.633850	0.999917	27.157484	1.000000	0.121905	0.978344	20.737093	0.460805	1053	2	0	0	4	1.333333	0.000000	6	4	13.242641	2.874369	0.345057						487.146139	0.014868	2	0	2	0	4	1.333333	0.000000	4	0	6	4	2	3.310660	2.874369	13.242641	0.345057	43745	41.543210	62.237417	256x256	65536	sparse	Frangi	130	4	True	0.597110	0.584179	M2_011_y256x256																																	
M2_011_y256x512.png	0.089591	0.022534	0.044075	0.193820	0.024865	0.996594	23.379795	0.999930	29.002488	1.000000	0.186709	1.570374	20.954946	0.477104	1416	2	0	0	4	1.826087	0.000000	23	21	28.313708	4.070313	0.046475	-0.012793	-0.802670	0.000439	0.000342	0.982002	709.886074	0.015327	2	0	2	0	4	1.826087	0.000000	3	0	23	21	19	1.348272	4.070313	28.313708	0.046475	43973	31.054379	46.282486	256x256	65536	dense	Frangi	225	3	True	0.556918	0.874569	M2_011_y256x512	2	1355	23.920453	0.550719	20.709380	0.999588	0.017998	0.594445	40	27	0.000000	2	1394	30.302310	0.789464	0.999850	24.973399	0.497567	0.015695								8.293108	-0.407736	-2.965507	-0.073616	0.102384	24.182464	0.996154
M2_011_y512x0.png	0.266362	0.004377	0.008717	0.111111	0.004536	0.989263	20.572239	0.999948	26.688309	1.000000	0.164730	1.253413	26.397831	0.819936	818	1	0	0	2	1.750000	0.000000	8	7	12.656854	3.496858	0.131450						489.842892	0.010875	1	0	1	0	2	1.750000	0.000000	2	0	8	7	6	1.808122	3.496858	12.656854	0.131450	23861	29.169927	80.117359	256x256	65536	sparse	Frangi	130	2	True	0.786095	0.985301	M2_011_y512x0												18	818	36.980861	0.927515	0.999963	26.533610	0.999681	0.012710														
M2_011_y512x256.png	0.174046	0.019085	0.037454	0.630332	0.019301	0.981973	21.171307	0.999940	28.347482	1.000000	0.136418	1.667487	22.099157	0.536967	1020	1	0	0	4	1.750000	0.000000	8	7	20.341660	3.324405	0.107171						533.375740	0.005564	1	0	1	0	4	1.750000	0.000000	3	0	8	7	4	2.905951	3.324405	20.341660	0.107171	40703	39.904902	64.250980	256x256	65536	sparse	Frangi	130	3	True	0.584578	0.974777	M2_011_y512x256																																	
M2_011_y512x512.png	0.052577	0.019350	0.037966	0.161850	0.021505	0.996047	22.638563	0.999954	31.218067	1.000000	0.142156	1.534337	26.050675	0.656165	986	3	0	0	6	1.454545	0.000000	11	8	23.727922	2.552594	0.223816						550.236225	0.008223	3	0	3	0	6	1.454545	0.000000	3	0	11	8	5	2.965990	2.552594	23.727922	0.223816	39385	39.944219	66.466531	256x256	65536	sparse	Frangi	131	3	True	0.408116	0.626187	M2_011_y512x512												5	962	33.202244	0.826870	0.999904	26.615706	0.451954	0.007779														
M2_012_y0x0.png	0.095542	0.249025	0.398751	0.274018	0.731922	0.998555	33.807596	0.997858	36.738254	1.000000	0.268244	2.076127	40.494218	0.947696	1933	8	5	8	16	1.951220	0.625000	123	120	235.864299	5.250423	0.081959	0.003980	-6.838866	-0.001199	-0.000948	0.767373	1509.886503	0.245846	8	5	3	8	16	1.951220	0.625000	13	0	123	120	99	1.965536	5.250423	235.864299	0.081959	16342	8.454216	33.903777	256x256	65536	sparse	Meijering	249	13	True	0.394984	0.820036	M2_012_y0x0	56	1920	46.162721	0.981402	39.436472	0.998807	0.232627	0.580913	31	20	0.000000	91	1828	47.473831	0.985570	0.999192	41.575006	0.525648	0.233035	4643	49.003226	0.989432	0.999660	45.479011	0.412518	0.225734	-2.698218	-0.312670	-5.668504	-0.033707	0.091562	40.646462	0.999754
M2_012_y0x256.png	0.000817	0.111934	0.201332	0.247003	0.169915	0.987633	30.557306	0.997435	34.745602	1.000000	0.195117	0.054177	32.511957	0.828557	3913	21	2	3	42	1.807107	0.095238	197	178	325.320851	4.396306	0.082009	-0.001866	-9.695842	-0.009958	-0.001455	0.895509	2487.000942	0.103705	21	2	19	3	42	1.807107	0.095238	34	0	197	178	152	1.827645	4.396306	325.320851	0.082009	34257	8.754664	16.748275	256x256	65536	sparse	Meijering	433	34	True	0.706010	0.038249	M2_012_y0x256	58	3903	41.324592	0.955318	37.963535	0.998890	0.104491	0.044958	20	0	0.794118	84	3846	41.543382	0.957105	0.998971	38.442651	0.039211	0.105216	540	30.852402	0.813330	0.983999	24.045604	0.070266	0.101266	-3.217933	0.150159	-8.812635	-0.126761	0.002683	40.253148	0.997590
M2_012_y0x512.png	0.001389	0.032312	0.062602	0.072950	0.054825	0.988011	27.704157	0.998421	32.428379	1.000000	0.253605	0.149981	28.383053	0.802469	4269	16	10	20	33	1.941463	0.625000	205	199	343.793939	5.009881	0.046821	-0.002526	-11.784689	-0.010049	-0.000830	0.652386	2954.890490	0.338031	16	10	6	20	33	1.941463	0.625000	24	1	205	199	152	1.727608	5.009881	343.793939	0.046821	36374	8.520497	15.351605	256x256	65536	sparse	Otsu	457	24	True	0.542391	0.081349	M2_012_y0x512	53	4258	39.992820	0.950106	35.610655	0.999251	0.347614	0.069390	47	0	0.020833	82	4098	40.456896	0.952777	0.999414	36.992920	0.073667	0.335513	475	26.308680	0.746721	0.982956	19.283770	0.167708	0.466773	-3.182276	0.184215	-11.609766	-0.147636	0.003915	39.488845	0.998060
M2_012_y256x0.png	0.442271	0.197318	0.329600	0.204926	0.841631	0.998144	34.290553	0.994820	38.258595	1.000000	0.997595	0.448847	42.181305	0.976576	4859	3	101	184	23	2.291667	33.666667	672	770	1439.614357	3.598114	0.064328	0.009888	-9.593233	-0.001539	-0.003944	0.638204	2168.469667	0.344808	3	101	-98	184	23	2.291667	33.666667	4	19	672	770	465	1.869629	3.598114	1439.614357	0.064328	14832	3.052480	13.487549	256x256	65536	sparse	Learned	794	4	True	0.907449	0.407306	M2_012_y256x0	94	4658	50.988996	0.993586	45.316700	0.998764	0.361796	0.512029	16	6	0.000000	98	4464	52.494214	0.994867	0.999170	47.551234	0.382700	0.350058	408	38.355130	0.949141	0.984520	30.852084	0.479691	0.336240	-7.058106	0.485565	-8.807691	-0.017010	0.432382	43.883786	0.999683
M2_012_y256x256.png	0.124057	0.091335	0.167382	0.123928	0.257766	0.996104	27.210780	0.998890	33.431589	1.000000	0.214246	0.325255	31.194567	0.851946	2775	14	2	4	27	1.793103	0.142857	116	104	193.195959	4.881502	0.078133	-0.014281	-11.127857	-0.003309	-0.000349	0.529012	1442.330122	0.460905	14	2	12	4	27	1.793103	0.142857	18	0	116	104	85	1.857653	4.881502	193.195959	0.078133	33606	12.110270	23.616577	256x256	65536	sparse	Meijering	274	18	True	0.381217	0.123993	M2_012_y256x256	35	2769	39.892299	0.943030	34.368143	0.999239	0.470988	0.096196	35	0	0.527778	81	2736	41.527243	0.956526	0.999517	36.638485	0.093464	0.461582	3357	41.816321	0.958568	0.999679	39.310012	0.090894	0.457486	-0.936555	0.118050	-8.697732	-0.091085	0.138339	38.338637	0.999413
M2_012_y256x512.png	0.006214	0.082076	0.151701	0.122359	0.199555	0.995030	31.884087	0.997543	34.063084	1.000000	0.244688	0.162291	31.125821	0.837061	4274	26	10	19	49	1.873016	0.384615	252	236	429.433550	5.070676	0.078555	-0.000788	-9.268862	-0.003971	-0.001536	0.771405	2399.936914	0.229135	26	10	16	19	49	1.873016	0.384615	32	0	252	236	184	1.819634	5.070676	429.433550	0.078555	34174	7.995788	15.333645	256x256	65536	sparse	Otsu	414	32	True	0.602277	0.097744	M2_012_y256x512	62	4241	41.692700	0.960206	38.223938	0.999078	0.228595	0.072720	40	0	0.875000	84	4046	41.770700	0.961431	0.998997	38.330336	0.071151	0.220128	473	28.054708	0.765096	0.978117	21.459570	0.437392	0.400819	-4.160854	0.171968	-10.566879	-0.123145	0.007001	41.152949	0.999001
M2_012_y512x256.png	0.059196	0.024575	0.047970	0.080299	0.034201	0.986052	29.090371	0.999021	32.339671	1.000000	0.214001	0.382199	27.544280	0.775504	4159	19	5	9	36	1.834320	0.263158	169	155	277.823376	4.432034	0.083400	-0.001452	-10.177053	-0.011230	-0.000494	0.638198	2915.240049	0.408432	19	5	14	9	36	1.834320	0.263158	25	0	169	155	124	1.792409	4.432034	277.823376	0.083400	36584	8.796345	15.757634	256x256	65536	sparse	Meijering	481	25	True	0.632374	0.241693	M2_012_y512x256	44	4150	39.324208	0.947718	34.666981	0.999515	0.361802	0.176839	63	8	0.000000	80	4034	40.079883	0.953503	0.999652	36.174912	0.169566	0.360576	468	25.378870	0.715497	0.984662	18.211086	0.379446	0.289195	-2.327310	0.037162	-11.779927	-0.172214	0.060647	39.267424	0.997282
M2_013_y0x0.png	0.119813	0.208961	0.345687	0.218521	0.826883	0.996516	25.594251	0.991456	32.308426	1.000000	0.524791	1.775287	27.417983	0.730170	8769	22	39	84	63	2.050000	1.772727	680	697	1210.734631	5.802499	0.064115	0.004430	-10.078871	-0.002941	-0.003694	0.578746	5112.051010	0.446061	22	39	-17	84	63	2.050000	1.772727	30	2	680	697	533	1.737065	5.802499	1210.734631	0.064115	41315	4.711484	7.473600	256x256	65536	sparse	Otsu	964	30	True	0.479691	0.851590	M2_013_y0x0	76	8525	37.479075	0.934305	35.732216	0.995150	0.421254	0.700997	63	119	0.000000	83	8634	38.319881	0.947387	0.996241	36.794488	0.641066	0.402637	250	18.453187	0.458292	0.889717	14.382779	0.982226	0.300132	-3.423790	-0.176206	-10.061092	-0.204134	0.115382	35.673122	0.999457
M2_013_y0x256.png	0.082526	0.000000	0.000000	0.000000	0.000000	0.993894	20.400978	0.999966	25.964863	1.000000	0.113080	2.121394	23.407752	0.676300	805	0	0	0	0	0	0.000000	0	0	0	0	0						449.092388	0.003204	0	0	0	0	0	0	0.000000	2	0	0	0	0	0	0	0	0	39045	48.503106	81.411180	256x256	65536	sparse	Frangi	110	2	True	0.471300	0.999812	M2_013_y0x256												1	764	31.772749	0.823314	0.999900	20.945714	0.981867	0.003326														
M2_013_y0x512.png	0.130969	0.167181	0.286469	0.168218	0.964418	0.998924	31.702062	0.979565	33.396745	1.000000	0.977999	1.935548	30.028428	0.836111	9207	5	35	85	30	2.086705	7.000000	692	722	1331.626550	8.145930	0.055034	0.007230	-5.430408	-0.000785	-0.011055	0.334790	13121.798754	0.697550	5	35	-30	85	30	2.086705	7.000000	6	3	692	722	577	1.844358	8.145930	1331.626550	0.055034	34170	3.711307	7.118062	256x256	65536	sparse	Otsu	1294	6	True	0.513856	0.994593	M2_013_y0x512	87	8688	40.143670	0.952744	37.539475	0.990620	0.665210	0.655178	55	139	0.000000	90	8614	42.337902	0.970446	0.994932	40.108261	0.585217	0.660003	247	22.373482	0.442806	0.884228	19.220235	0.993780	0.593138	-4.142731	0.322821	-10.115241	-0.116632	0.123738	37.132470	0.999709
M2_013_y256x0.png	0.065445	0.000000	0.000000	0.000000	0.000000	0.994737	19.028074	0.999966	25.012719	1.000000	0.147856	2.680156	23.998792	0.732896	815	2	0	0	3	1.600000	0.000000	10	8	14.828427	2.634058	0.057509						560.483456	0.003790	2	0	2	0	3	1.600000	0.000000	2	0	10	8	7	1.853553	2.634058	14.828427	0.057509	35889	44.035583	80.412270	256x256	65536	sparse	Frangi	102	2	True	0.372493	0.998338	M2_013_y256x0												7	806	34.280023	0.876116	0.999971	24.463701	0.999909	0.003854														
M2_013_y256x256.png	0.142023	0.155838	0.269653	0.176811	0.567807	0.997409	26.465718	0.994171	32.104756	1.000000	0.542103	1.703601	28.447631	0.766016	6094	16	19	47	41	2.013699	1.187500	438	441	805.456456	7.068484	0.071155	-0.017927	-8.243362	-0.002037	-0.001860	0.467315	4746.612787	0.505321	16	19	-3	47	41	2.013699	1.187500	18	0	438	441	350	1.826432	7.068484	805.456456	0.071155	41502	6.810305	10.754184	256x256	65536	sparse	Otsu	648	18	True	0.489314	0.833595	M2_013_y256x256	67	6031	36.629821	0.908073	34.400869	0.996031	0.532685	0.712981	39	58	0.000000	79	6006	36.815765	0.917569	0.996339	34.600384	0.559988	0.543424	343	23.806111	0.670955	0.945259	18.661338	0.986377	0.410144	-2.296114	-0.170877	-8.182191	-0.142057	0.159949	34.709080	0.999446
M2_013_y256x512.png	0.154497	0.021995	0.043044	0.210000	0.023979	0.990885	18.890058	0.999897	29.305799	1.000000	0.192113	1.217200	23.761735	0.640446	1405	3	0	0	4	1.785714	0.000000	28	25	33.970563	4.333055	0.026026	-0.009179	-6.257757	-0.003930	0.000368	0.981231	815.341234	0.018064	3	0	3	0	4	1.785714	0.000000	3	0	28	25	24	1.358823	4.333055	33.970563	0.026026	41863	29.795730	46.644840	256x256	65536	dense	Frangi	228	3	True	0.674444	0.820934	M2_013_y256x512	4	1353	27.598119	0.651351	22.841797	0.999528	0.018769	0.810686	23	41	0.000000	15	1394	33.405204	0.826435	0.999794	27.523164	0.710616	0.020192								6.464002	-0.618573	-3.836384	-0.010905	0.163676	25.147815	0.994815
M2_013_y512x256.png	0.216038	0.039037	0.075142	0.546816	0.040343	0.985981	22.031114	0.999859	28.450426	1.000000	0.147856	1.667729	25.078334	0.607037	1281	3	0	0	6	1.777778	0.000000	27	24	48.032820	3.118760	0.039806	0.003598	-2.505395	-0.001872	0.000496	0.984033	728.560925	0.016396	3	0	3	0	6	1.777778	0.000000	6	0	27	24	21	2.001368	3.118760	48.032820	0.039806	40355	31.502732	51.160031	256x256	65536	sparse	Frangi	151	6	True	0.580583	0.968254	M2_013_y512x256	3	1281	25.821684	0.531227	21.537483	0.999363	0.015967	0.991729	8	23	0.000000	9	1268	32.941373	0.829989	0.999777	26.094944	0.824260	0.017023								6.912943	-0.843873	-0.743350	0.075810	0.212440	24.536509	0.987853
M2_013_y512x512.png	0.134569	0.187856	0.316294	0.188752	0.975347	0.998056	29.723056	0.980357	32.848406	1.000000	0.966531	1.767417	29.671873	0.835105	8962	6	37	96	32	2.085165	6.166667	728	759	1354.383910	7.859552	0.050172	0.011063	-6.457156	-0.001284	-0.009995	0.386671	9768.067360	0.654740	6	37	-31	96	32	2.085165	6.166667	7	1	728	759	600	1.784432	7.859552	1354.383910	0.050172	37140	4.144164	7.312653	256x256	65536	sparse	Otsu	1120	7	True	0.565625	0.999694	M2_013_y512x512	85	8505	39.395389	0.940289	36.843689	0.990352	0.613329	0.567162	46	71	0.000000	89	8882	41.300835	0.959688	0.994824	39.236684	0.482494	0.610265	245	22.716781	0.464791	0.892150	19.281932	0.999424	0.569694	-3.995283	0.399369	-9.723515	-0.105183	0.123506	36.180212	0.999341
M2_014_y0x0.png	0.187644	0.141460	0.247858	0.142439	0.953655	0.997919	30.283521	0.983752	34.607017	1.000000	0.922030	0.622834	30.501457	0.867780	16811	17	145	270	67	2.144063	8.529412	1777	1905	3136.356058	3.323629	0.065178	0.031009	-12.900747	-0.001937	-0.013434	0.581183	8679.345608	0.413788	17	145	-128	270	67	2.144063	8.529412	21	21	1777	1905	1440	1.646381	3.323629	3136.356058	0.065178	34935	2.078104	3.898400	256x256	65536	dense	Learned	3029	21	True	0.840728	0.523634	M2_014_y0x0	95	16616	44.406037	0.973832	43.699845	0.997186	0.418817	0.358566	163	266	0.000000	97	16246	47.632848	0.987881	0.998702	47.011099	0.344953	0.418658	243	25.928389	0.682753	0.907154	22.698736	0.824480	0.229469	-9.092828	0.563464	-13.904580	-0.106052	0.156635	43.184267	0.999856
M2_014_y0x256.png	0.079647	0.145986	0.254779	0.146608	0.971778	0.999444	34.079990	0.992441	34.093546	1.000000	0.665646	1.413516	32.598175	0.863698	4957	8	17	38	23	2.054054	2.125000	333	342	552.445743	7.087616	0.043911	0.010145	-4.257909	-0.000398	-0.004040	0.581999	5997.171640	0.462305	8	17	-9	38	23	2.054054	2.125000	9	1	333	342	272	1.615338	7.087616	552.445743	0.043911	33799	6.818439	13.220900	256x256	65536	sparse	Otsu	695	9	True	0.617107	0.872291	M2_014_y0x256	80	4939	41.617199	0.945192	38.587077	0.996481	0.418001	0.499537	54	47	0.000000	88	4750	41.918145	0.951582	0.996893	39.258075	0.473262	0.430045	404	32.990696	0.821707	0.976959	26.672796	0.798103	0.401762	-4.493531	0.166109	-9.019024	-0.081494	0.069503	38.337899	0.999842
M2_014_y256x0.png	0.255814	0.000000	0.000000	0.000000	0.000000	0.988109	22.650342	0.999972	24.297628	1.000000	0.113080	1.146704	26.973386	0.753547	558	1	0	0	2	1.500000	0.000000	4	3	5.414214	3.182164	0.108441						457.739592	0.004180	1	0	1	0	2	1.500000	0.000000	1	0	4	3	2	1.804738	3.182164	5.414214	0.108441	35692	63.964158	117.448029	256x256	65536	dense	Frangi	55	1	True	0.570938	0.654697	M2_014_y256x0																																	
M2_014_y256x256.png	0.126992	0.000728	0.001455	0.009756	0.000786	0.993523	19.717958	0.999971	27.318304	1.000000	0.295312	2.284126	22.465119	0.654746	1221	2	0	0	4	1.870968	0.000000	31	29	34.656854	2.894952	0.011218						745.082378	0.013937	2	0	2	0	4	1.870968	0.000000	2	0	31	29	27	1.195064	2.894952	34.656854	0.011218	40245	32.960688	53.674038	256x256	65536	dense	Frangi	196	2	True	0.393469	0.898734	M2_014_y256x256												8	1198	33.373614	0.845127	0.999965	25.961232	0.373375	0.014579														
M2_014_y256x512.png	0.155111	0.000000	0.000000	0.000000	0.000000	0.992938	19.758142	0.999973	27.516878	1.000000	0.113080	1.769136	22.175006	0.675862	564	1	0	0	2	1.500000	0.000000	4	3	5.414214	3.182164	0.108441						455.464602	0.005777	1	0	1	0	2	1.500000	0.000000	1	0	4	3	2	1.804738	3.182164	5.414214	0.108441	39525	70.079787	116.198582	256x256	65536	dense	Frangi	56	1	True	0.404913	0.716346	M2_014_y256x512																																	
M2_014_y512x256.png	0.197320	0.008311	0.016485	0.229282	0.008550	0.978958	23.772386	0.999921	28.096482	1.000000	0.197481	1.285902	24.369990	0.640450	1222	4	6	11	4	2.190476	1.500000	21	23	41.798990	2.698140	0.120916						643.828154	0.020628	4	6	-2	11	4	2.190476	1.500000	5	1	21	23	6	1.817347	2.698140	41.798990	0.120916	38908	31.839607	53.630115	256x256	65536	sparse	Frangi	143	5	True	0.557077	0.716346	M2_014_y512x256												6	1210	33.191166	0.857379	0.999900	26.777368	0.446256	0.025106														
M2_014_y512x512.png	0.127432	0.076035	0.141325	0.077566	0.793899	0.999085	32.802766	0.991988	36.728118	1.000000	0.599728	0.890011	36.368290	0.914683	9543	32	65	143	91	2.052885	2.031250	1248	1281	2106.599273	3.288251	0.066349	-0.001077	-9.023669	-0.000745	-0.005647	0.575003	2399.911404	0.402377	32	65	-33	143	91	2.052885	2.031250	41	4	1248	1281	1014	1.644496	3.288251	2106.599273	0.066349	30615	3.208111	6.867442	256x256	65536	dense	Learned	1458	41	True	0.353382	0.314514	M2_014_y512x512	92	9456	44.537094	0.975498	42.636335	0.997635	0.424997	0.302479	90	52	0.000000	94	9422	45.618907	0.981175	0.998418	44.258800	0.281014	0.415133	244	25.060861	0.674108	0.903339	19.852355	0.857013	0.211091	-5.908218	0.297249	-8.168804	-0.060815	0.128509	41.826434	0.999830
M2_015_y0x512.png	0.050502	0.134343	0.236865	0.182816	0.336286	0.996377	27.612661	0.998542	31.546340	1.000000	0.420883	0.863447	27.599201	0.811709	4281	12	25	39	27	2.092527	2.083333	281	294	473.575685	5.403585	0.045927	-0.016002	-9.567921	-0.003184	-0.000708	0.440681	2526.089668	0.569559	12	25	-13	39	27	2.092527	2.083333	16	2	281	294	215	1.610802	5.403585	473.575685	0.045927	36820	8.600794	15.308573	256x256	65536	sparse	Otsu	409	16	True	0.389209	0.336061	M2_015_y0x512	55	4233	39.169173	0.942714	34.172000	0.999250	0.559319	0.165118	43	3	0.000000	82	4214	40.041727	0.946439	0.999458	36.517037	0.200011	0.557943	454	24.678513	0.735887	0.977244	17.158192	0.440661	0.475601	-2.625660	0.255764	-11.569972	-0.131006	0.066504	37.180581	0.999561
M2_015_y256x256.png	0.220149	0.136543	0.240277	0.138611	0.901487	0.998213	30.544977	0.991708	35.531007	1.000000	0.665986	0.590802	31.839623	0.900826	11251	21	106	215	81	2.131173	5.047619	1296	1381	2260.756819	3.490653	0.059733	-0.001040	-11.365556	-0.001600	-0.006118	0.683160	4529.597282	0.306089	21	106	-85	215	81	2.131173	5.047619	35	12	1296	1381	1000	1.637043	3.490653	2260.756819	0.059733	31673	2.815128	5.824904	256x256	65536	dense	Learned	1810	35	True	0.611598	0.361333	M2_015_y256x256	93	11077	44.766118	0.977514	43.013498	0.997826	0.316840	0.270019	76	36	0.000000	95	10686	46.041274	0.983267	0.998491	44.730224	0.293195	0.315281	248	22.385252	0.667525	0.920218	17.405486	0.909282	0.227919	-7.482491	0.395967	-12.926495	-0.076688	0.221190	41.910533	0.999814
M2_015_y256x512.png	0.018920	0.071874	0.134109	0.072027	0.971223	0.999602	36.163060	0.991788	36.295343	1.000000	0.586631	0.112159	35.780473	0.912337	7993	19	76	161	81	2.118380	4.000000	963	1020	2149.331521	3.342946	0.080238	0.000181	-5.492024	-0.000296	-0.005617	0.938314	2434.398174	0.062885	19	76	-57	161	81	2.118380	4.000000	41	5	963	1020	721	2.107188	3.342946	2149.331521	0.080238	33606	4.204429	8.199174	256x256	65536	sparse	Learned	1105	41	True	0.641801	0.071984	M2_015_y256x512	88	7950	43.706932	0.967704	42.394288	0.997405	0.061686	0.066362	30	0	0.365854	92	7536	44.070051	0.971218	0.997573	42.915476	0.067305	0.061301	279	25.565201	0.737876	0.921427	21.053316	0.346230	0.088161	-6.098945	0.520269	-7.926459	-0.055367	0.018739	41.655084	0.999898
M2_015_y512x256.png	0.127725	0.000000	0.000000	0.000000	0.000000	0.976421	23.840539	0.999971	23.843308	1.000000	0.113080	1.479588	20.059192	0.571114	605	1	0	0	2	1.500000	0.000000	4	3	5.414214	3.182164	0.108441						460.879803	0.004361	1	0	1	0	2	1.500000	0.000000	1	0	4	3	2	1.804738	3.182164	5.414214	0.108441	39296	64.952066	108.323967	256x256	65536	dense	Frangi	54	1	True	0.587394	0.869102	M2_015_y512x256																																	
M2_015_y512x512.png	0.163553	0.240395	0.387611	0.244215	0.938907	0.999210	35.446075	0.992155	35.579104	1.000000	0.745893	1.776701	34.117814	0.885310	4995	8	19	44	30	2.050114	2.375000	439	450	791.156155	7.871407	0.049010	-0.004872	-4.707288	-0.000490	-0.004018	0.401948	3935.463905	0.583319	8	19	-11	44	30	2.050114	2.375000	10	0	439	450	365	1.758125	7.871407	791.156155	0.049010	28392	5.684084	13.120320	256x256	65536	sparse	Otsu	591	10	True	0.505701	0.898480	M2_015_y512x512	79	4883	43.414363	0.972715	39.824856	0.996173	0.598052	0.757074	20	30	0.000000	90	4790	43.781533	0.973701	0.996621	40.749726	0.663668	0.597189	403	29.488385	0.775475	0.952942	23.718129	0.988380	0.570733	-4.245752	-0.011181	-9.296549	-0.087405	0.168425	40.153362	0.999700
M2_016_y0x256.png	0.104785	0.140908	0.247011	0.142655	0.920040	0.997676	30.889135	0.987959	35.898779	1.000000	0.982206	1.669386	34.944075	0.936887	9201	8	102	195	47	2.176858	12.750000	1063	1157	2148.028510	3.418941	0.062689	0.012089	-14.028485	-0.002168	-0.010396	0.539909	6880.049706	0.477601	8	102	-94	195	47	2.176858	12.750000	9	13	1063	1157	821	1.856550	3.418941	2148.028510	0.062689	21157	2.299424	7.122704	256x256	65536	sparse	Learned	1633	9	True	0.487826	0.814370	M2_016_y0x256	95	8361	49.272504	0.990572	45.875667	0.998355	0.460091	0.599104	74	169	0.000000	100	8540	51.755238	0.993696	0.999140	49.261862	0.555520	0.457676	245	24.813597	0.541058	0.936732	20.242803	0.735523	0.169071	-9.976887	0.383102	-14.328429	-0.053685	0.092696	44.917621	0.999845
M2_016_y0x512.png	0.050106	0.001076	0.002151	0.006780	0.001278	0.995576	27.346200	0.999843	28.861920	1.000000	0.130642	3.142011	31.629957	0.867909	983	1	0	0	2	1.666667	0.000000	6	5	10.242641	3.849662	0.092015						501.862288	0.009445	1	0	1	0	2	1.666667	0.000000	4	0	6	5	4	2.048528	3.849662	10.242641	0.092015	25643	26.086470	66.669379	256x256	65536	sparse	Frangi	132	4	True	0.318240	0.999912	M2_016_y0x512												43	980	40.721120	0.950523	0.999953	31.106498	0.996911	0.011014														
M2_016_y256x256.png	0.014078	0.043116	0.082668	0.049894	0.240930	0.997094	27.175682	0.997890	34.160391	1.000000	0.206955	0.091422	32.477363	0.841312	3495	22	5	12	41	1.806818	0.227273	176	159	312.693434	4.531112	0.100161	-0.002217	-12.244282	-0.002746	-0.001216	0.728468	1592.162848	0.249134	22	5	17	12	41	1.806818	0.227273	32	1	176	159	123	1.966625	4.531112	312.693434	0.100161	33116	9.475250	18.751359	256x256	65536	sparse	Meijering	316	32	True	0.736403	0.067324	M2_016_y256x256	47	3485	41.010640	0.956047	36.561110	0.999106	0.271532	0.075885	37	1	0.921875	82	3348	41.816522	0.961977	0.999164	37.749015	0.083017	0.262223	603	30.529392	0.820472	0.987885	23.926614	0.153667	0.444751	-2.400719	0.131070	-8.533276	-0.114734	0.016296	39.419964	0.999840
M2_016_y256x512.png	0.142716	0.000000	0.000000	0.000000	0.000000	0.979692	23.799190	0.999854	24.222514	1.000000	0.144441	1.189387	18.341230	0.577825	1218	2	0	0	4	1.733333	0.000000	15	13	23.071068	3.049773	0.088476						609.741926	0.015719	2	0	2	0	4	1.733333	0.000000	5	0	15	13	11	1.774698	3.049773	23.071068	0.088476	40023	32.859606	53.806240	256x256	65536	sparse	Frangi	141	5	True	0.703860	0.837162	M2_016_y256x512																																	
M2_016_y512x0.png	0.020569	0.000000	0.000000	0.000000	0.000000	0.997780	23.598023	0.999984	27.386916	1.000000	0.130642	2.749986	29.618054	0.845259	467	1	0	0	1	1.600000	0.000000	5	4	7.656854	2.753566	0.102575						487.913609	0.000992	1	0	1	0	1	1.600000	0.000000	1	0	5	4	4	1.914214	2.753566	7.656854	0.102575	30857	66.074946	140.334047	256x256	65536	sparse	Frangi	39	1	True	0.362372	0.996517	M2_016_y512x0																																	
M2_016_y512x256.png	0.171810	0.174511	0.297164	0.182392	0.801552	0.995902	26.500415	0.990673	34.770294	1.000000	0.435887	1.127865	30.411451	0.842646	7498	26	28	64	62	2.007421	1.076923	539	541	1021.296563	5.676838	0.066200	0.056423	-15.298617	-0.003858	-0.006898	0.596657	7394.150496	0.579246	26	28	-2	64	62	2.007421	1.076923	32	0	539	541	413	1.887794	5.676838	1021.296563	0.066200	33486	4.465991	8.740464	256x256	65536	sparse	Otsu	1025	32	True	0.466342	0.525971	M2_016_y512x256	85	7001	43.755055	0.970550	42.048109	0.997571	0.403343	0.598975	67	80	0.000000	92	7424	44.062643	0.972916	0.997782	42.617486	0.547794	0.408280	275	26.020434	0.753445	0.943663	20.468858	0.946066	0.319772	-7.277816	-0.163088	-13.343605	-0.127904	0.115388	41.799031	0.999760
M2_016_y512x512.png	0.007560	0.059567	0.112437	0.069577	0.292818	0.998922	28.206759	0.999232	31.166524	1.000000	0.207846	0.252087	28.651590	0.833743	3318	15	2	3	24	1.821918	0.133333	146	133	218.409163	4.489547	0.057320	-0.000704	-9.348476	-0.000953	-0.000330	0.588933	2059.446812	0.418444	15	2	13	3	24	1.821918	0.133333	20	0	146	133	119	1.642174	4.489547	218.409163	0.057320	34142	10.289934	19.751658	256x256	65536	sparse	Otsu	336	20	True	0.405479	0.102216	M2_016_y512x512	40	3270	39.533222	0.946595	32.624046	0.999562	0.411067	0.099113	32	1	0.200000	81	3294	41.119382	0.956667	0.999740	36.063758	0.102141	0.405191	595	27.925098	0.809740	0.989233	18.433902	0.160543	0.515671	-1.457522	0.108734	-10.881632	-0.112852	0.008264	37.555235	0.999876
M2_017_y256x256.png	0.182764	0.029472	0.057256	0.039672	0.102837	0.997802	25.183009	0.998719	31.200788	1.000000	0.184735	0.301040	28.584815	0.785968	4540	28	1	3	58	1.775934	0.035714	241	214	347.414829	4.173873	0.055802	-0.031533	-11.810731	-0.001875	-0.000787	0.663784	1831.049442	0.361036	28	1	27	3	58	1.775934	0.035714	33	0	241	214	180	1.623434	4.173873	347.414829	0.055802	37771	8.319604	14.435242	256x256	65536	dense	Meijering	495	33	True	0.594783	0.179053	M2_017_y256x256	56	4507	39.200190	0.944650	33.954455	0.999506	0.336216	0.203093	57	8	0.000000	82	4462	39.921276	0.946969	0.999658	36.914141	0.204473	0.335206	474	25.060543	0.714636	0.977611	16.763695	0.352631	0.304289	-2.753667	-0.018358	-10.615374	-0.158682	0.214297	36.993740	0.999676
M2_017_y256x512.png	0.205673	0.187355	0.315584	0.191911	0.887531	0.998629	25.949284	0.993009	33.015798	1.000000	0.746124	0.683961	31.638763	0.884788	5923	7	22	52	30	2.062241	3.142857	482	497	871.841832	7.739121	0.048737	-0.007127	-11.282497	-0.001054	-0.003582	0.334352	3738.544941	0.653024	7	22	-15	52	30	2.062241	3.142857	11	1	482	497	400	1.754209	7.739121	871.841832	0.048737	31042	5.240925	11.064663	256x256	65536	sparse	Otsu	606	11	True	0.608590	0.416252	M2_017_y256x512	82	5736	41.889692	0.962396	37.517059	0.996591	0.665648	0.507013	22	11	0.000000	90	5612	43.275586	0.973651	0.997883	39.913122	0.394745	0.666595	343	24.687096	0.584176	0.932484	18.231970	0.831923	0.610280	-4.501261	0.239111	-10.250929	-0.077608	0.212799	37.231781	0.999683
M2_017_y512x256.png	0.253640	0.122449	0.218182	0.150768	0.394641	0.997992	23.709560	0.998631	31.963548	1.000000	0.228278	0.465604	30.625930	0.829184	4595	20	2	5	42	1.843478	0.100000	230	212	318.430123	4.754654	0.050377	-0.038908	-12.723204	-0.001832	-0.000895	0.617198	2643.850088	0.394844	20	2	18	5	42	1.843478	0.100000	23	0	230	212	183	1.502029	4.754654	318.430123	0.050377	36646	7.975190	14.262459	256x256	65536	dense	Meijering	584	23	True	0.530995	0.247233	M2_017_y512x256	65	4589	40.117425	0.944805	35.590615	0.999526	0.382802	0.275419	37	7	0.000000	83	4068	40.222994	0.943837	0.999543	36.781602	0.262378	0.381643	468	27.735495	0.791802	0.985289	19.173511	0.389209	0.375247	-3.627067	-0.047142	-9.491495	-0.115621	0.292548	36.432764	0.999824
M2_017_y512x512.png	0.265691	0.005648	0.011232	0.125461	0.005879	0.987934	21.866093	0.999954	28.399414	1.000000	0.156335	1.703258	21.614239	0.650557	1463	3	0	0	6	1.750000	0.000000	24	21	29.071068	3.343237	0.030983	-0.029900	-2.309491	-0.000717	0.000103	0.979808	721.139193	0.014768	3	0	3	0	6	1.750000	0.000000	4	0	24	21	18	1.384337	3.343237	29.071068	0.030983	38564	26.359535	44.795625	256x256	65536	dense	Frangi	226	4	True	0.566717	0.965265	M2_017_y512x512	3	1370	25.682944	0.627575	21.147101	0.999851	0.020192	0.443627	38	12	0.000000	10	1462	33.482832	0.880939	0.999954	25.983147	0.340875	0.022916								7.252313	-0.287292	-4.068705	0.022982	0.295590	24.175583	0.988651
M2_018_y0x0.png	0.262732	0.128860	0.228302	0.130038	0.934363	0.999315	34.946886	0.990683	35.752544	1.000000	0.916145	0.708396	34.296324	0.936476	9543	8	108	212	49	2.199601	13.500000	1002	1102	2198.020840	3.522361	0.076615	-0.014015	-8.200775	-0.000558	-0.007368	0.725798	5800.247431	0.256654	8	108	-100	212	49	2.199601	13.500000	15	15	1002	1102	741	1.994574	3.522361	2198.020840	0.076615	22677	2.376297	6.867442	256x256	65536	sparse	Learned	1604	15	True	0.520495	0.368716	M2_018_y0x0	94	8477	47.705902	0.988369	44.492573	0.998051	0.274202	0.298993	42	17	0.033333	98	9326	50.292628	0.992565	0.998962	47.786749	0.345867	0.266980	249	22.292936	0.435658	0.918135	18.399408	0.698806	0.193910	-8.740029	0.617152	-13.409578	-0.051894	0.276748	43.147660	0.999873
M2_018_y0x256.png	0.112854	0.001873	0.003740	0.025126	0.002020	0.994804	24.259556	0.999931	24.830518	1.000000	0.197481	2.669614	25.190922	0.840332	877	1	0	0	2	1.833333	0.000000	12	11	16.242641	4.029397	0.062738						644.022942	0.008936	1	0	1	0	2	1.833333	0.000000	2	0	12	11	10	1.476604	4.029397	16.242641	0.062738	24088	27.466363	74.727480	256x256	65536	sparse	Frangi	134	2	True	0.374216	0.999012	M2_018_y0x256												21	862	38.048332	0.948064	0.999977	27.965299	0.996742	0.010155														
M2_018_y0x512.png	0.248010	0.262500	0.415842	0.265356	0.960610	0.998849	33.421521	0.993708	34.612105	1.000000	0.885594	1.289709	33.409873	0.942392	5121	4	23	50	20	2.102151	5.750000	372	391	647.227489	7.641780	0.049606	0.017454	-8.293777	-0.000936	-0.004452	0.300292	6531.873226	0.699874	4	23	-19	50	20	2.102151	5.750000	5	0	372	391	302	1.655313	7.641780	647.227489	0.049606	19021	3.714314	12.797500	256x256	65536	sparse	Otsu	732	5	True	0.419935	0.541594	M2_018_y0x512	90	4883	47.441821	0.989156	41.589711	0.998159	0.699708	0.435927	35	14	0.000000	96	4956	49.314510	0.991186	0.999074	44.837740	0.439841	0.696605	405	31.089113	0.751923	0.967889	24.064940	0.803088	0.656634	-6.977606	0.449667	-14.031948	-0.046764	0.230556	41.715298	0.999785
M2_018_y256x0.png	0.029679	0.082048	0.151653	0.097443	0.341808	0.996835	27.816912	0.998221	33.526676	1.000000	0.181815	0.218518	30.052997	0.811905	3455	24	2	3	49	1.710526	0.083333	152	130	287.817392	4.682253	0.127709	-0.006450	-11.013213	-0.002921	-0.000935	0.679102	1685.716629	0.306270	24	2	22	3	49	1.710526	0.083333	30	0	152	130	100	2.213980	4.682253	287.817392	0.127709	33458	9.683936	18.968452	256x256	65536	sparse	Meijering	282	30	True	0.382453	0.083573	M2_018_y256x0	43	3441	40.406088	0.953444	35.505963	0.999156	0.320898	0.072036	42	0	0.800000	81	3274	41.349466	0.961023	0.999298	36.801539	0.076884	0.322341	601	29.089781	0.800878	0.984582	21.504216	0.157475	0.458046	-1.979287	0.109779	-10.353091	-0.141539	0.036129	38.830124	0.999756
M2_018_y256x256.png	0.162316	0.161444	0.278005	0.164790	0.888280	0.998746	31.779782	0.994052	34.645009	1.000000	0.718606	1.691632	32.658152	0.893780	10041	23	116	231	68	2.145882	5.043478	1275	1368	2180.855591	3.340789	0.060871	0.006070	-10.031522	-0.001120	-0.004602	0.517192	2652.342319	0.491023	23	116	-93	231	68	2.145882	5.043478	30	17	1275	1368	976	1.594193	3.340789	2180.855591	0.060871	33288	3.315208	6.526840	256x256	65536	dense	Learned	1483	30	True	0.403892	0.683237	M2_018_y256x256	91	9500	43.962544	0.970650	42.331430	0.998654	0.482808	0.609773	39	62	0.000000	94	9862	45.094933	0.977119	0.999089	44.230237	0.534031	0.482822	247	25.241391	0.777672	0.943154	20.291392	0.843703	0.396497	-7.686422	0.108834	-11.304392	-0.076870	0.156246	41.811304	0.999866
M2_018_y256x512.png	0.415672	0.366157	0.536040	0.398202	0.819819	0.992615	31.749477	0.989938	34.641656	1.000000	0.743590	0.809036	30.848262	0.853460	15613	32	168	306	108	2.152381	5.250000	1785	1921	3277.331915	3.597049	0.076159	0.000696	-10.514878	-0.006467	-0.007915	0.492903	5038.436413	0.502519	32	168	-136	306	108	2.152381	5.250000	41	22	1785	1921	1371	1.706055	3.597049	3277.331915	0.076159	37509	2.402421	4.197528	256x256	65536	dense	Learned	2339	41	True	0.686514	0.555414	M2_018_y256x512	93	14722	43.469858	0.977062	42.519877	0.997853	0.507097	0.644590	58	116	0.000000	95	14998	45.582381	0.986138	0.998783	45.072914	0.575946	0.504064	250	20.969986	0.593933	0.895895	17.377260	0.992701	0.364740	-7.878221	0.099000	-12.621596	-0.123602	0.414976	42.264355	0.999082
M2_018_y512x256.png	0.033768	0.070235	0.131252	0.103323	0.179873	0.994616	26.475321	0.998467	32.713768	1.000000	0.152636	0.230001	30.438865	0.821875	4040	28	1	0	55	1.704918	0.035714	183	156	251.214494	4.616360	0.073495	-0.183345	-12.448190	-0.004989	-0.000943	0.657146	1776.429415	0.344631	28	1	27	0	55	1.704918	0.035714	32	0	183	156	128	1.610349	4.616360	251.214494	0.073495	33395	8.266089	16.221782	256x256	65536	dense	Meijering	439	32	True	0.381217	0.087680	M2_018_y512x256	56	4016	41.035533	0.961611	35.388027	0.999409	0.342854	0.219072	66	9	0.000000	84	3942	41.906005	0.964906	0.999569	37.880860	0.276702	0.314603	536	27.784920	0.756707	0.981571	19.038983	0.398169	0.305681	-2.674258	-0.066436	-10.596669	-0.139735	0.217113	38.923511	0.999605
M2_019_y256x512.png	0.235298	0.239819	0.386861	0.248242	0.876053	0.995445	25.496938	0.974629	31.192290	1.000000	0.992578	0.992962	26.070660	0.709753	10629	5	77	147	34	2.165899	15.400000	868	940	1730.675324	9.131246	0.054024	0.020306	-8.354079	-0.003438	-0.011069	0.325782	7414.610624	0.705053	5	77	-72	147	34	2.165899	15.400000	6	6	868	940	687	1.841144	9.131246	1730.675324	0.054024	43387	4.081946	6.165773	256x256	65536	sparse	Otsu	1078	6	True	0.861931	0.855864	M2_019_y256x512	78	10543	35.458954	0.920072	34.338421	0.985698	0.674218	0.674561	62	127	0.000000	80	9900	36.469219	0.941479	0.989276	35.386773	0.629063	0.671657	247	20.898832	0.473492	0.825434	18.826312	0.920341	0.585939	-3.146131	0.318017	-9.388294	-0.210319	0.214992	33.851017	0.998883
M2_020_y256x256.png	0.088365	0.024087	0.047042	0.640000	0.024418	0.996060	18.837073	0.999995	27.926694	1.000000	0.164730	1.088548	23.316766	0.577824	792	2	0	0	4	1.714286	0.000000	14	12	18.071068	2.641761	0.081331						598.405838	0.003371	2	0	2	0	4	1.714286	0.000000	2	0	14	12	10	1.505922	2.641761	18.071068	0.081331	43097	54.415404	82.747475	256x256	65536	dense	Frangi	98	2	True	0.913274	0.994142	M2_020_y256x256																																	
M2_020_y256x512.png	0.193938	0.204435	0.339471	0.209802	0.888789	0.998925	28.034723	0.976560	30.526882	1.000000	0.999987	0.952261	28.402842	0.778005	8815	1	41	89	18	2.103761	41.000000	771	811	1318.614357	9.463820	0.034557	-0.008458	-4.487341	-0.000673	-0.009307	0.275833	5066.175461	0.709627	1	41	-40	89	18	2.103761	41.000000	2	4	771	811	664	1.625912	9.463820	1318.614357	0.034557	43002	4.878276	7.434600	256x256	65536	sparse	Otsu	893	2	True	0.950213	0.904851	M2_020_y256x512	77	8670	35.548678	0.910258	33.047827	0.985867	0.724167	0.797942	25	63	0.000000	81	8560	36.945012	0.933773	0.990707	34.720851	0.829424	0.723570	250	20.555963	0.422861	0.833774	17.514295	0.999424	0.652356	-2.520945	0.202045	-7.145836	-0.132253	0.202396	32.522064	0.999598
M2_020_y512x256.png	0.205011	0.291175	0.451023	0.312490	0.810203	0.994750	24.712702	0.992663	29.854064	1.000000	0.997792	0.924431	26.112410	0.737475	13323	3	179	354	58	2.240766	59.666667	1462	1638	3232.130062	3.342371	0.075551	-0.007126	-8.791188	-0.004219	-0.004265	0.585588	2952.623129	0.413250	3	179	-176	354	58	2.240766	59.666667	9	20	1462	1638	1050	1.973217	3.342371	3232.130062	0.075551	43728	3.282144	4.919012	256x256	65536	sparse	Learned	1620	9	True	0.987170	0.912571	M2_020_y512x256	83	12932	35.421005	0.918846	34.156263	0.996928	0.414412	0.738043	47	175	0.000000	84	13020	38.071790	0.959742	0.998314	36.817865	0.654039	0.414055	249	20.104549	0.439653	0.954198	17.044625	0.999725	0.372838	-4.302199	0.259749	-9.308595	-0.181370	0.212137	33.503889	0.998968
