filename	gt_iou	seg_iou	seg_f1	seg_precision	seg_recall	gt_fg_ssim	gt_fg_psnr	ng_fg_ssim	ng_fg_psnr	ng_iou	ng_topo_q	topo_preservation	ng_psnr	ng_ssim	ng_bytes	graph_n_components	graph_n_cycles	graph_n_junctions	graph_n_endpoints	graph_mean_degree	graph_complexity	n_nodes	n_edges	total_edge_length	mean_width_px	mean_curvature	delta_gt_iou	delta_gt_fg_psnr	delta_gt_fg_ssim	delta_fg_ssim	delta_iou	total_time_ms	self_iou	ng_recon_iou	ng_n_components	ng_n_cycles	ng_euler_characteristic	ng_n_junctions	ng_n_endpoints	ng_mean_degree	ng_graph_complexity	ng_seg_beta_0	ng_seg_beta_1	graph_n_nodes	graph_n_edges	graph_n_sampled	graph_mean_edge_length	graph_mean_width	graph_total_edge_length	graph_mean_curvature	png_bytes	ng_vs_png	ng_vs_raw	image_shape	image_pixels	image_type	segmenter	n_points	n_structures	jpeg_quality	jpeg_bytes	jpeg_psnr	jpeg_ssim	jpeg_fg_psnr	jpeg_fg_ssim	jpeg_iou	jpeg_topo_q	jpeg_beta_0	jpeg_beta_1	jpeg_betti_preservation	webp_quality	webp_bytes	webp_psnr	webp_ssim	webp_fg_ssim	webp_fg_psnr	webp_topo_q	webp_iou	jp2_bytes	jp2_psnr	jp2_ssim	jp2_fg_ssim	jp2_fg_psnr	jp2_topo_q	jp2_iou	delta_fg_psnr	delta_topo_q	delta_psnr	delta_ssim	gt_available	pre_gt_iou	pre_ng_psnr	pre_ng_ssim	pre_ng_fg_psnr	gt_topology_q	recon_topology_q	jpeg_gt_iou	jpeg_gt_fg_psnr	jpeg_gt_fg_ssim	stem
7249.png	0.610965	0.912235	0.954104	0.944920	0.963468	0.998991	28.253285	0.999062	28.504015	0.620545	0.657677	0.433410	30.652665	0.555851	2521	5	0	2	12	1.841270	0.000000	63	58	306.078210	2.975833	0.000000	-0.010467	0.010512	-0.000051	0.000035	-0.002658	5640.359640	0.620545	0.620545	5	0	5	2	12	1.841270	0.000000	5	0	63	58	49	5.277211	2.975833	306.078210	0.000000	45624	18.097580	25.996033	256x256	65536	sparse	Learned	319	5	28	2496	31.012760	0.615384	28.232048	0.999026	0.623203	0.327442	12	4	0.000000	35	2454	31.291314	0.662016	0.998907	27.867744	0.291071	0.584004	3640	31.455945	0.669072	0.999316	29.983771	0.332547	0.591479	0.271967	0.330235	-0.360095	-0.059533	True	0.610438	30.653682	0.555879	28.502094	0.677612	0.293684	0.621432	28.242774	0.999042	7249
7250.png	0.640798	0.867914	0.929287	0.917233	0.941661	0.999002	28.250846	0.999062	28.504650	0.674289	0.719168	0.723287	31.332173	0.589089	2334	4	1	6	12	1.900000	0.250000	60	57	285.379726	2.977619	0.000000	0.033118	-0.033956	-0.000134	0.000015	0.043967	1227.500677	0.674289	0.674289	4	1	3	6	12	1.900000	0.250000	4	1	60	57	42	5.006662	2.977619	285.379726	0.000000	44906	19.239931	28.078835	256x256	65536	sparse	Learned	300	4	29	2254	31.673816	0.635571	28.279766	0.999046	0.630322	0.528813	8	8	0.000000	40	2272	31.999157	0.676917	0.998999	28.387641	0.540447	0.613459	3883	32.286070	0.707634	0.999468	31.224137	0.282733	0.632716	0.224884	0.190355	-0.341643	-0.046481	True	0.638427	31.333858	0.589086	28.503765	0.743339	0.537648	0.607680	28.284803	0.999136	7250
7251.png	0.775216	0.854467	0.921523	0.928013	0.915123	0.998848	25.193724	0.999493	27.134131	0.865751	0.703290	0.847257	31.143413	0.605927	2423	4	0	4	12	1.854545	0.000000	55	51	275.450793	2.364220	0.000000	0.031321	-2.417311	-0.000676	-0.000077	0.113376	834.249973	0.865751	0.865751	4	0	4	4	12	1.854545	0.000000	4	0	55	51	39	5.400996	2.364220	275.450793	0.000000	44830	18.501857	27.047462	256x256	65536	sparse	Learned	298	4	30	2387	31.860479	0.654127	27.650899	0.999570	0.752375	0.574007	6	1	0.250000	41	2372	32.197086	0.694537	0.999585	28.122859	0.739460	0.753983	3790	32.415584	0.708988	0.999783	31.167212	0.557361	0.742079	-0.516767	0.129283	-0.717066	-0.048200	True	0.775216	31.149035	0.606009	27.130579	0.724729	0.614032	0.743895	27.611035	0.999523	7251
7252.png	0.800353	0.918990	0.957785	0.943649	0.972350	0.999359	27.400948	0.999393	27.697522	0.824670	0.539296	1.089452	30.807315	0.553671	1892	4	0	1	9	1.800000	0.000000	40	36	174.610173	2.962086	0.000000	0.014935	-0.086277	-0.000051	0.000036	0.029756	1093.067646	0.824670	0.824670	4	0	4	1	9	1.800000	0.000000	4	0	40	36	30	4.850283	2.962086	174.610173	0.000000	45467	24.031184	34.638478	256x256	65536	sparse	Learned	239	4	23	1881	30.879887	0.588256	27.443537	0.999357	0.794914	0.541594	4	1	0.500000	31	1888	31.266112	0.631997	0.999268	26.909524	0.607414	0.788916	4893	32.093680	0.723088	0.999735	31.439515	0.615572	0.777138	0.253985	-0.002298	-0.072572	-0.034585	True	0.802120	30.810466	0.553691	27.700918	0.548419	0.597476	0.785418	27.487225	0.999410	7252
7253.png	0.539130	0.847314	0.917347	0.877930	0.960470	0.999503	27.730036	0.999536	28.100011	0.572498	0.576838	0.503031	31.155323	0.579740	1839	4	0	2	10	1.822222	0.000000	45	41	195.338095	2.666629	0.000000	0.015853	-0.041811	-0.000088	0.000006	0.019345	964.445114	0.572498	0.572498	4	0	4	2	10	1.822222	0.000000	4	0	45	41	33	4.764344	2.666629	195.338095	0.000000	44924	24.428494	35.636759	256x256	65536	sparse	Learned	253	4	24	1732	31.460646	0.609646	27.740615	0.999530	0.553153	0.312220	7	2	0.000000	34	1710	31.695093	0.646057	0.999486	27.629923	0.221907	0.539485	5117	32.649453	0.744223	0.999791	31.998933	0.262877	0.563877	0.359396	0.264618	-0.305323	-0.029906	True	0.540097	31.159136	0.579796	28.092431	0.581048	0.292285	0.523277	27.771847	0.999591	7253
7254.png	0.800292	0.921225	0.958998	0.963387	0.954649	0.999241	27.068793	0.999408	27.701432	0.830231	0.672085	0.850511	31.222237	0.590056	2309	4	0	2	10	1.846154	0.000000	52	48	258.764502	2.642569	0.000000	0.025175	-0.620419	-0.000183	-0.000022	0.047680	904.941797	0.830231	0.830231	4	0	4	2	10	1.846154	0.000000	4	0	52	48	40	5.390927	2.642569	258.764502	0.000000	44986	19.482893	28.382850	256x256	65536	sparse	Learned	298	4	29	2286	31.627317	0.636202	27.662886	0.999430	0.782550	0.595053	5	2	0.000000	37	2192	31.842865	0.674132	0.999363	27.610292	0.508356	0.768767	3998	32.223445	0.705249	0.999723	31.194030	0.367568	0.760403	0.038547	0.077031	-0.405080	-0.046145	True	0.800875	31.222817	0.590070	27.699879	0.688077	0.585217	0.775116	27.689212	0.999424	7254
7255.png	0.728538	0.897614	0.946045	0.953393	0.938808	0.999158	26.957106	0.999425	27.767549	0.767145	0.619017	0.888220	30.684097	0.550019	2058	4	1	3	9	1.869565	0.250000	46	43	224.379726	2.858136	0.000000	0.017250	-0.443336	-0.000190	0.000019	0.034501	1023.319960	0.767145	0.767145	4	1	3	3	9	1.869565	0.250000	4	1	46	43	34	5.218133	2.858136	224.379726	0.000000	45536	22.126336	31.844509	256x256	65536	sparse	Learned	262	4	25	2037	30.977887	0.595712	27.444819	0.999406	0.732644	0.458457	6	1	0.750000	32	2038	31.210706	0.639573	0.999331	27.113479	0.466342	0.737988	4251	31.743872	0.695611	0.999705	30.977399	0.388054	0.731055	0.322730	0.160560	-0.293790	-0.045693	True	0.729312	30.688204	0.550052	27.768810	0.651808	0.578948	0.711288	27.400442	0.999348	7255
7256.png	0.490169	0.818560	0.900228	0.903670	0.896813	0.998984	28.421309	0.999214	28.983010	0.534884	0.660404	0.448039	31.605528	0.603037	2117	4	0	3	11	1.849057	0.000000	53	49	242.237590	2.893670	0.000000	-0.011821	-0.711339	-0.000288	-0.000043	0.000870	1232.682943	0.534884	0.534884	4	0	4	3	11	1.849057	0.000000	4	0	53	49	39	4.943624	2.893670	242.237590	0.000000	44562	21.049598	30.957015	256x256	65536	sparse	Learned	280	4	29	2114	32.027302	0.644371	29.039277	0.999257	0.534014	0.257062	14	0	0.000000	40	1998	32.278548	0.677178	0.999128	28.827639	0.350791	0.528174	4120	32.689729	0.726351	0.999533	31.587625	0.240773	0.533651	-0.056267	0.403342	-0.421774	-0.041333	True	0.487719	31.606895	0.603038	28.977741	0.698806	0.313092	0.501989	29.132648	0.999271	7256
7257.png	0.634065	0.815087	0.898124	0.920814	0.876525	0.999070	27.522465	0.999378	28.080023	0.695529	0.703290	0.554786	30.327108	0.530919	2238	4	2	4	9	1.931034	0.500000	58	56	277.279221	2.384491	0.000000	0.020156	-0.479179	-0.000261	0.000011	0.054904	955.301285	0.695529	0.695529	4	2	2	4	9	1.931034	0.500000	4	1	58	56	45	4.951415	2.384491	277.279221	0.000000	45763	20.448168	29.283289	256x256	65536	sparse	Learned	306	4	25	2124	30.718891	0.586264	27.865650	0.999367	0.640625	0.405479	10	4	0.000000	31	2044	30.937600	0.625395	0.999258	27.297323	0.247392	0.633540	4213	31.463969	0.687006	0.999677	30.961835	0.102557	0.596936	0.214373	0.297811	-0.391783	-0.055345	True	0.635153	30.329029	0.530905	28.073094	0.726102	0.402831	0.613909	28.001644	0.999331	7257
7258.png	0.754851	0.858242	0.923714	0.952313	0.896783	0.999080	26.140683	0.999450	27.217480	0.814789	0.629166	0.835016	30.060793	0.528937	2406	5	0	1	11	1.811321	0.000000	53	48	286.492424	2.497511	0.000000	-0.000104	-1.222121	-0.000381	-0.000062	0.051730	924.167871	0.814789	0.814789	5	0	5	1	11	1.811321	0.000000	5	0	53	48	41	5.968592	2.497511	286.492424	0.000000	46114	19.166251	27.238570	256x256	65536	sparse	Learned	307	5	26	2405	30.551810	0.593779	27.297793	0.999512	0.763060	0.421124	9	1	0.100000	28	2220	30.704282	0.630602	0.999409	26.637341	0.637960	0.749220	3721	31.088559	0.657021	0.999728	30.193397	0.557044	0.756875	-0.080313	0.208042	-0.491017	-0.064842	True	0.755340	30.059410	0.528929	27.217072	0.657677	0.549171	0.754955	27.362804	0.999461	7258
7259.png	0.622924	0.911548	0.953728	0.953728	0.953728	0.999070	27.610306	0.999163	28.089807	0.637888	0.529989	0.469092	30.830637	0.553030	1862	4	0	0	8	1.764706	0.000000	34	30	176.409163	3.199164	0.000000	0.008390	0.292846	-0.000024	0.000074	0.029705	1169.966459	0.637888	0.637888	4	0	4	0	8	1.764706	0.000000	4	0	34	30	26	5.880305	3.199164	176.409163	0.000000	45422	24.394200	35.196563	256x256	65536	sparse	Learned	243	4	22	1686	30.948934	0.582314	27.452891	0.999088	0.608183	0.251056	11	1	0.000000	33	1844	31.307659	0.634096	0.999003	27.415075	0.396925	0.607396	4875	32.075839	0.722221	0.999606	31.579535	0.244216	0.618297	0.636916	0.278934	-0.118296	-0.029284	True	0.624273	30.833161	0.553056	28.094922	0.543880	0.255130	0.614534	27.317460	0.999094	7259
7260.png	0.710471	0.899721	0.947214	0.951399	0.943066	0.999049	26.883780	0.999268	27.414720	0.741193	0.514868	0.830867	31.342064	0.592999	2257	6	0	1	13	1.760000	0.000000	50	44	251.178716	2.672867	0.000000	-0.006150	-1.027016	-0.000328	-0.000133	0.011538	952.031612	0.741193	0.741193	6	0	6	1	13	1.760000	0.000000	6	0	50	44	36	5.708607	2.672867	251.178716	0.000000	44960	19.920248	29.036774	256x256	65536	sparse	Learned	288	6	29	2239	31.692372	0.636380	27.932088	0.999401	0.729655	0.306119	11	0	0.583333	38	2232	31.950866	0.677516	0.999304	27.813715	0.385328	0.708991	4253	32.370290	0.717141	0.999672	31.151991	0.455289	0.710255	-0.517368	0.208749	-0.350308	-0.043381	True	0.710471	31.347958	0.593035	27.422058	0.535441	0.444880	0.716621	27.910797	0.999377	7260
7261.png	0.684388	0.855950	0.922385	0.897810	0.948342	0.999333	27.122706	0.999343	27.606145	0.707091	0.612485	0.884000	30.481354	0.545446	2294	5	1	4	12	1.857143	0.200000	56	52	275.249783	2.552319	0.000000	0.014343	-0.524656	-0.000174	-0.000062	0.017565	964.929342	0.707091	0.707091	5	1	4	4	12	1.857143	0.200000	5	1	56	52	40	5.293265	2.552319	275.249783	0.000000	45701	19.921970	28.568439	256x256	65536	sparse	Learned	296	5	26	2291	30.887567	0.601947	27.687409	0.999405	0.689526	0.441344	9	4	0.000000	31	2088	31.063448	0.638046	0.999277	26.984158	0.583832	0.648182	4116	31.589899	0.688468	0.999666	30.525918	0.373746	0.684639	-0.081264	0.171140	-0.406213	-0.056502	True	0.684388	30.481324	0.545441	27.603443	0.610932	0.540063	0.670044	27.647362	0.999506	7261
7262.png	0.646647	0.904705	0.949969	0.953547	0.946417	0.998754	28.451329	0.998935	28.703522	0.661939	0.541594	0.764787	31.709248	0.611477	2209	5	0	3	13	1.807692	0.000000	52	47	226.450793	3.282358	0.000000	-0.036164	-0.143759	-0.000140	-0.000016	-0.028765	1394.852161	0.661939	0.661939	5	0	5	3	13	1.807692	0.000000	5	0	52	47	36	4.818102	3.282358	226.450793	0.000000	44541	20.163422	29.667723	256x256	65536	sparse	Learned	275	5	30	2146	32.081620	0.648260	28.623141	0.998951	0.690703	0.544206	7	9	0.000000	41	2024	32.321757	0.682266	0.998854	28.720377	0.480558	0.716568	4147	32.753567	0.729023	0.999354	31.575416	0.403647	0.648905	0.080381	-0.002612	-0.372372	-0.036784	True	0.649942	31.713275	0.611493	28.706712	0.663784	0.507653	0.682812	28.595088	0.998894	7262
7263.png	0.620233	0.911631	0.953773	0.942233	0.965600	0.999179	27.121987	0.999313	27.665946	0.627889	0.622808	0.792553	31.538716	0.606294	2216	4	0	2	10	1.826087	0.000000	46	42	225.793939	2.785048	0.000000	0.003604	-0.695120	-0.000240	-0.000062	0.011053	1102.348089	0.627889	0.627889	4	0	4	2	10	1.826087	0.000000	4	0	46	42	34	5.376046	2.785048	225.793939	0.000000	44795	20.214350	29.574007	256x256	65536	sparse	Learned	275	4	29	2211	31.926820	0.645006	27.823584	0.999374	0.616836	0.453379	5	0	0.875000	43	2210	32.275738	0.683106	0.999412	28.774402	0.411395	0.598545	3993	32.527553	0.715353	0.999636	31.365117	0.384742	0.611233	-0.157638	0.169428	-0.388104	-0.038712	True	0.620233	31.542678	0.606327	27.674269	0.552465	0.437858	0.616630	27.817107	0.999420	7263
7264.png	0.648264	0.836679	0.911078	0.882579	0.941478	0.999360	26.763105	0.999350	27.774188	0.724572	0.570443	0.429404	31.514142	0.604430	1942	4	0	2	10	1.794872	0.000000	39	35	185.710678	2.764407	0.000000	0.020017	-0.751038	-0.000252	0.000109	0.051713	1052.372217	0.724572	0.724572	4	0	4	2	10	1.794872	0.000000	4	0	39	35	27	5.306019	2.764407	185.710678	0.000000	44597	22.964470	33.746653	256x256	65536	sparse	Learned	251	4	25	1812	31.852000	0.634480	27.429056	0.999241	0.672859	0.273851	9	0	0.375000	38	1896	32.206057	0.673405	0.999273	27.871361	0.350420	0.661003	4824	32.945467	0.746811	0.999772	32.697055	0.265505	0.684426	0.345132	0.296592	-0.337858	-0.030050	True	0.647687	31.517733	0.604447	27.777112	0.607414	0.260826	0.628247	27.514143	0.999612	7264
7265.png	0.653047	0.896671	0.945521	0.952135	0.938998	0.999048	27.492022	0.999229	28.022205	0.671136	0.563078	0.546896	30.563369	0.545060	2149	5	0	0	10	1.795918	0.000000	49	44	233.894444	2.809640	0.000000	-0.029721	-0.573205	-0.000208	-0.000018	-0.012416	1098.865509	0.671136	0.671136	5	0	5	0	10	1.795918	0.000000	5	0	49	44	39	5.315783	2.809640	233.894444	0.000000	45603	21.220568	30.496045	256x256	65536	sparse	Learned	286	5	25	2078	30.885163	0.593479	27.983935	0.999248	0.683553	0.326320	12	3	0.000000	31	2052	31.121141	0.636174	0.999087	27.313243	0.253871	0.609556	4237	31.677380	0.695100	0.999566	30.670621	0.138901	0.646602	0.038271	0.236758	-0.321793	-0.048419	True	0.656510	30.569744	0.545100	28.031520	0.550671	0.301160	0.682768	28.065227	0.999256	7265
7266.png	0.820715	0.934676	0.966235	0.967151	0.965322	0.998933	25.805401	0.999135	26.356066	0.837821	0.559568	0.820528	30.835343	0.586320	2421	5	0	1	11	1.795918	0.000000	49	44	238.521861	3.177663	0.000000	0.039553	-1.089687	-0.000310	-0.000123	0.059355	1187.125921	0.837821	0.837821	5	0	5	1	11	1.795918	0.000000	5	0	49	44	37	5.420951	3.177663	238.521861	0.000000	45309	18.714994	27.069806	256x256	65536	sparse	Learned	280	5	28	2391	31.337994	0.630702	26.916676	0.999258	0.778467	0.497707	7	7	0.000000	37	2408	31.687206	0.678894	0.999284	27.240259	0.569726	0.766648	3907	32.003241	0.693918	0.999696	31.168570	0.475337	0.771861	-0.560609	0.061861	-0.502651	-0.044383	True	0.819722	30.836639	0.586312	26.360017	0.585217	0.480187	0.781162	26.895088	0.999242	7266
7267.png	0.732143	0.861095	0.925364	0.927052	0.923683	0.998802	27.695273	0.999054	28.516529	0.758055	0.717761	0.730851	31.413208	0.599101	2304	4	1	7	13	1.904762	0.250000	63	60	284.379726	3.071801	0.000000	-0.000715	-0.965964	-0.000333	-0.000026	0.041670	1242.550611	0.758055	0.758055	4	1	3	7	13	1.904762	0.250000	4	1	63	60	43	4.739662	3.071801	284.379726	0.000000	44738	19.417535	28.444444	256x256	65536	sparse	Learned	293	4	29	2299	31.800478	0.643297	28.657957	0.999080	0.716385	0.478997	10	10	0.000000	41	2172	32.135864	0.682647	0.998988	28.325203	0.513248	0.712834	4028	32.485321	0.719021	0.999461	31.176519	0.413354	0.718699	-0.141427	0.238763	-0.387270	-0.044196	True	0.733141	31.416385	0.599119	28.518785	0.744619	0.544206	0.732858	28.661237	0.999135	7267
7268.png	0.691258	0.898712	0.946655	0.946655	0.946655	0.998026	28.097626	0.997999	28.340871	0.711696	0.669781	0.925547	30.917003	0.571514	2637	5	0	5	15	1.838710	0.000000	62	57	307.622366	3.517600	0.000000	-0.028436	-0.073079	-0.000045	0.000117	-0.027229	1732.064724	0.711696	0.711696	5	0	5	5	15	1.838710	0.000000	5	0	62	57	42	5.396884	3.517600	307.622366	0.000000	45398	17.215776	24.852484	256x256	65536	sparse	Learned	306	5	29	2569	31.244240	0.627683	28.221870	0.997883	0.738925	0.505891	12	16	0.000000	39	2622	31.607215	0.678539	0.997934	28.464020	0.333326	0.711310	3526	31.677899	0.676417	0.998548	30.099605	0.288689	0.701460	0.119001	0.163890	-0.327237	-0.056169	True	0.688140	30.922716	0.571554	28.342505	0.697599	0.645661	0.719694	28.170705	0.998071	7268
7269.png	0.625599	0.851195	0.919617	0.949011	0.891989	0.999190	27.399841	0.999479	28.106701	0.688283	0.700308	0.477756	30.390257	0.537024	2273	4	1	4	10	1.898305	0.250000	59	56	279.421356	2.461322	0.000000	-0.030815	-0.454668	-0.000226	0.000005	-0.018133	872.668028	0.688283	0.688283	4	1	3	4	10	1.898305	0.250000	4	1	59	56	45	4.989667	2.461322	279.421356	0.000000	45739	20.122745	28.832380	256x256	65536	sparse	Learned	296	4	25	2193	30.729627	0.591066	27.719702	0.999474	0.706416	0.344266	10	0	0.000000	31	2178	30.993931	0.635832	0.999357	27.148767	0.303591	0.637570	4123	31.472866	0.683500	0.999693	30.453317	0.243420	0.654886	0.386999	0.356042	-0.339370	-0.054042	True	0.639210	30.395487	0.537052	28.113000	0.731526	0.349491	0.656414	27.854508	0.999416	7269
7270.png	0.659477	0.927802	0.962549	0.954397	0.970842	0.999027	27.647217	0.999100	27.942269	0.662346	0.555142	0.465155	31.143177	0.587130	2404	6	0	1	13	1.777778	0.000000	54	48	273.036580	2.760344	0.000000	0.009868	-0.460737	-0.000164	-0.000086	0.012972	1028.961658	0.662346	0.662346	6	0	6	1	13	1.777778	0.000000	6	0	54	48	40	5.688262	2.760344	273.036580	0.000000	45065	18.745840	27.261231	256x256	65536	sparse	Learned	303	6	29	2402	31.558591	0.636763	28.161211	0.999186	0.649374	0.311147	11	0	0.583333	40	2384	31.917489	0.680193	0.999157	28.220535	0.272733	0.626946	3699	32.061185	0.694398	0.999561	31.039430	0.226510	0.641363	-0.218943	0.243995	-0.415414	-0.049633	True	0.658170	31.145068	0.587144	27.942986	0.562495	0.261647	0.649609	28.107955	0.999191	7270
7272.png	0.636364	0.867851	0.929251	0.907666	0.951888	0.998673	28.418151	0.998858	28.788795	0.683095	0.572585	0.866031	31.147447	0.585093	2462	6	1	3	14	1.848485	0.166667	66	61	297.877200	2.736597	0.000000	0.011008	-0.478527	-0.000287	-0.000070	0.003804	1274.654150	0.683095	0.683095	6	1	5	3	14	1.848485	0.166667	6	0	66	61	49	4.883233	2.736597	297.877200	0.000000	44984	18.271324	26.619009	256x256	65536	sparse	Learned	306	6	30	2381	31.670585	0.638177	28.875119	0.998928	0.679291	0.474462	12	11	0.000000	40	2322	31.939057	0.676016	0.998763	28.643369	0.256000	0.644543	3658	32.113353	0.696198	0.999320	31.155756	0.113796	0.632435	-0.086324	0.098123	-0.523138	-0.053085	True	0.636892	31.150870	0.585132	28.789749	0.583832	0.505617	0.625356	28.896678	0.998960	7272
7273.png	0.705192	0.906479	0.950946	0.932118	0.970550	0.998738	28.514053	0.998463	28.703521	0.716545	0.419578	0.943195	30.331831	0.522284	1925	5	1	1	10	1.818182	0.200000	44	40	156.267027	4.193556	0.000000	-0.006347	0.472037	0.000073	0.000321	-0.011051	1574.436903	0.716545	0.716545	5	1	4	1	10	1.818182	0.200000	5	0	44	40	33	3.906676	4.193556	156.267027	0.000000	45902	23.845195	34.044675	256x256	65536	sparse	Learned	225	5	23	1918	30.550025	0.567580	28.051873	0.998142	0.727596	0.384066	13	13	0.000000	28	1892	30.758997	0.607103	0.997779	27.376412	0.058235	0.679675	4645	31.496471	0.699037	0.999038	30.748172	0.030331	0.485235	0.651648	0.035512	-0.218194	-0.045296	True	0.704208	30.334509	0.522297	28.699214	0.519054	0.489569	0.711538	28.042016	0.998665	7273
7274.png	0.621814	0.872539	0.931931	0.929360	0.934517	0.999492	27.509759	0.999595	28.005373	0.662500	0.485726	0.736604	30.537964	0.539881	1708	4	0	1	9	1.750000	0.000000	32	28	156.338095	2.822522	0.000000	0.020731	-0.078588	-0.000073	0.000037	0.036357	919.605732	0.662500	0.662500	4	0	4	1	9	1.750000	0.000000	4	0	32	28	22	5.583503	2.822522	156.338095	0.000000	45542	26.663934	38.370023	256x256	65536	sparse	Learned	228	4	21	1631	30.784641	0.570805	27.638495	0.999558	0.626143	0.316139	8	2	0.000000	28	1668	31.042911	0.614769	0.999533	27.436467	0.267368	0.621072	5390	32.145088	0.737150	0.999781	31.453698	0.218146	0.610320	0.366878	0.169588	-0.246677	-0.030924	True	0.619776	30.543013	0.539908	28.007156	0.503415	0.370817	0.601083	27.588347	0.999564	7274
7275.png	0.702235	0.903736	0.949434	0.961039	0.938106	0.999124	27.044992	0.999398	27.785122	0.732887	0.576838	0.727110	31.073766	0.576861	2229	5	0	2	12	1.791667	0.000000	48	43	244.793939	2.670446	0.000000	0.006493	-0.446176	-0.000231	-0.000009	0.021511	912.878036	0.732887	0.732887	5	0	5	2	12	1.791667	0.000000	5	0	48	43	34	5.692882	2.670446	244.793939	0.000000	45202	20.279049	29.401525	256x256	65536	sparse	Learned	289	5	26	2044	31.358090	0.615785	27.552162	0.999408	0.711376	0.388903	8	0	0.700000	35	2068	31.602754	0.655825	0.999330	27.355584	0.454315	0.725018	4226	32.112694	0.708538	0.999705	30.816769	0.350082	0.717222	0.232960	0.187935	-0.284324	-0.038923	True	0.701729	31.079265	0.576895	27.789318	0.603072	0.438500	0.695742	27.491168	0.999355	7275
7276.png	0.738511	0.909564	0.952641	0.946513	0.958848	0.999062	27.437726	0.999157	27.827470	0.757635	0.548870	0.756760	30.199325	0.532384	2234	5	0	1	11	1.787234	0.000000	47	42	228.379726	3.086204	0.000000	0.040864	0.076312	-0.000035	0.000077	0.051822	1327.552557	0.757635	0.757635	5	0	5	1	11	1.787234	0.000000	5	0	47	42	35	5.437613	3.086204	228.379726	0.000000	45914	20.552372	29.335721	256x256	65536	sparse	Learned	276	5	25	2188	30.660472	0.588852	27.429612	0.999080	0.705813	0.434475	10	8	0.000000	30	2194	30.895928	0.633964	0.998954	26.990126	0.334537	0.703005	4192	31.404752	0.682823	0.999531	30.613104	0.246185	0.701589	0.397858	0.114396	-0.461147	-0.056467	True	0.740933	30.199354	0.532364	27.819487	0.568289	0.430059	0.697647	27.361414	0.999097	7276
7277.png	0.693582	0.875505	0.933620	0.900970	0.968727	0.999286	28.214823	0.999297	28.384183	0.714765	0.629166	0.656409	30.536549	0.544517	2348	5	1	3	11	1.857143	0.200000	56	52	275.894444	2.665940	0.000000	-0.001791	0.114504	-0.000043	0.000048	-0.024283	1053.833723	0.714765	0.714765	5	1	4	3	11	1.857143	0.200000	5	1	56	52	42	5.305662	2.665940	275.894444	0.000000	45572	19.408859	27.911414	256x256	65536	sparse	Learned	308	5	27	2262	30.991100	0.603666	28.088454	0.999249	0.739048	0.371865	12	7	0.000000	32	2098	31.134082	0.638963	0.999099	27.455428	0.176740	0.718059	3859	31.534735	0.679521	0.999564	30.598412	0.114242	0.689572	0.295729	0.257301	-0.454550	-0.059148	True	0.694272	30.539142	0.544538	28.381334	0.649362	0.426247	0.695373	28.100319	0.999330	7277
7278.png	0.546832	0.925776	0.961458	0.953440	0.969611	0.998944	27.402820	0.999001	27.671884	0.555860	0.658702	0.567215	31.617719	0.613659	2306	4	0	2	10	1.833333	0.000000	48	44	249.521861	2.999575	0.000000	-0.006188	-0.632994	-0.000128	-0.000048	0.000305	1156.321526	0.555860	0.555860	4	0	4	2	10	1.833333	0.000000	4	0	48	44	36	5.670951	2.999575	249.521861	0.000000	44626	19.352125	28.419775	256x256	65536	sparse	Learned	281	4	30	2272	32.081642	0.655171	28.051287	0.999049	0.555556	0.322190	9	0	0.375000	42	2138	32.336684	0.687181	0.999119	28.691296	0.194265	0.517749	3922	32.671378	0.719339	0.999489	31.688054	0.210746	0.565275	-0.379403	0.336512	-0.463923	-0.041512	True	0.546832	31.622143	0.613687	27.678408	0.672085	0.381217	0.553020	28.035814	0.999071	7278
7279.png	0.656287	0.886284	0.939714	0.923077	0.956962	0.999508	27.817186	0.999562	28.099084	0.686977	0.437295	0.619450	31.090226	0.559263	1558	4	0	0	8	1.714286	0.000000	28	24	128.396970	2.935065	0.000000	-0.025740	0.407531	0.000003	0.000083	-0.028460	1043.018579	0.686977	0.686977	4	0	4	0	8	1.714286	0.000000	4	0	28	24	20	5.349874	2.935065	128.396970	0.000000	45232	29.032092	42.064185	256x256	65536	sparse	Learned	210	4	20	1455	31.080953	0.574730	27.353997	0.999479	0.715438	0.362372	6	4	0.000000	30	1556	31.442117	0.627074	0.999435	27.214241	0.288230	0.677267	6067	32.739714	0.762566	0.999858	33.112072	0.240720	0.689173	0.745087	0.074923	0.009273	-0.015467	True	0.657485	31.093636	0.559299	28.102942	0.456649	0.282871	0.682028	27.409655	0.999505	7279
7280.png	0.597928	0.892574	0.943238	0.921308	0.966238	0.998314	28.195045	0.998236	28.428412	0.615721	0.704770	0.399220	30.256902	0.530262	2398	4	1	4	10	1.888889	0.250000	54	51	282.421356	3.545949	0.000000	0.004537	-0.031699	-0.000061	0.000051	0.012531	1500.786543	0.615721	0.615721	4	1	3	4	10	1.888889	0.250000	4	1	54	51	40	5.537674	3.545949	282.421356	0.000000	45914	19.146789	27.329441	256x256	65536	sparse	Learned	293	4	26	2384	30.619535	0.592728	28.278511	0.998185	0.603189	0.311851	16	4	0.000000	30	2380	30.869666	0.639163	0.997661	27.375763	0.300174	0.559981	3859	31.201603	0.665819	0.998776	29.942936	0.160543	0.609779	0.149902	0.392919	-0.362633	-0.062466	True	0.593796	30.259135	0.530279	28.424916	0.740760	0.295726	0.593391	28.226744	0.998375	7280
7281.png	0.652066	0.838141	0.911944	0.933095	0.891731	0.999084	26.838337	0.999522	28.360495	0.712401	0.639405	0.580976	30.672262	0.554658	2106	4	0	0	8	1.851852	0.000000	54	50	225.681241	2.464233	0.000000	-0.004990	-1.605368	-0.000427	-0.000042	0.051965	841.511011	0.712401	0.712401	4	0	4	0	8	1.851852	0.000000	4	0	54	50	46	4.513625	2.464233	225.681241	0.000000	45315	21.517094	31.118708	256x256	65536	sparse	Learned	290	4	26	2101	31.150279	0.606099	28.331723	0.999564	0.660436	0.253461	13	0	0.000000	33	2100	31.420663	0.648478	0.999476	27.675550	0.268244	0.634417	4382	31.961896	0.708363	0.999734	31.097621	0.238862	0.626966	0.028772	0.385944	-0.478017	-0.051441	True	0.651240	30.675001	0.554689	28.352909	0.650062	0.377671	0.657056	28.443705	0.999512	7281
7283.png	0.655068	0.906057	0.950714	0.949946	0.951482	0.998394	28.267419	0.998677	28.632712	0.673459	0.652156	0.645410	31.612090	0.613859	2515	5	0	3	13	1.843750	0.000000	64	59	301.249783	3.177461	0.000000	-0.007184	-0.463754	-0.000265	-0.000048	0.005053	1271.053791	0.673459	0.673459	5	0	5	3	13	1.843750	0.000000	5	0	64	59	48	5.105929	3.177461	301.249783	0.000000	44546	17.712127	26.058052	256x256	65536	sparse	Learned	308	5	32	2456	32.090288	0.660119	28.756294	0.998725	0.668406	0.462056	11	7	0.000000	42	2300	32.340511	0.698693	0.998611	28.670863	0.467892	0.650975	3529	32.489658	0.706358	0.999263	31.448991	0.265505	0.652751	-0.123582	0.190100	-0.478198	-0.046260	True	0.654079	31.617022	0.613875	28.643959	0.659043	0.425353	0.662252	28.731173	0.998659	7283
7284.png	0.743892	0.910103	0.952936	0.955076	0.950805	0.999299	27.573342	0.999389	27.848252	0.781708	0.572585	0.801721	30.465789	0.537727	1938	4	0	0	8	1.800000	0.000000	40	36	193.338095	2.746787	0.000000	0.034215	0.240303	-0.000059	0.000058	0.045831	949.738026	0.781708	0.781708	4	0	4	0	8	1.800000	0.000000	4	0	40	36	32	5.370503	2.746787	193.338095	0.000000	45705	23.583591	33.816305	256x256	65536	sparse	Learned	254	4	23	1866	30.777570	0.580064	27.241789	0.999331	0.735878	0.573439	5	3	0.000000	29	1834	30.973359	0.619716	0.999255	26.933705	0.475712	0.731967	4717	31.776123	0.710346	0.999703	30.903090	0.243559	0.720913	0.606464	-0.000854	-0.311781	-0.042337	True	0.744932	30.468806	0.537749	27.846973	0.585217	0.469181	0.709677	27.333039	0.999358	7284
7285.png	0.552083	0.909794	0.952767	0.927320	0.979648	0.999377	27.675876	0.999356	27.855594	0.559022	0.498424	0.415729	30.197482	0.516747	1807	4	0	1	9	1.771429	0.000000	35	31	156.367532	3.348357	0.000000	-0.013815	0.867829	0.000097	0.000141	-0.015617	1036.388636	0.559022	0.559022	4	0	4	1	9	1.771429	0.000000	4	0	35	31	25	5.044114	3.348357	156.367532	0.000000	46024	25.469840	36.267847	256x256	65536	sparse	Learned	227	4	20	1620	30.326230	0.547393	26.903367	0.999215	0.574639	0.213372	12	1	0.000000	26	1676	30.625337	0.598210	0.999168	26.832709	0.227405	0.559475	5153	31.620704	0.714963	0.999690	31.293191	0.199367	0.570364	0.952227	0.285052	-0.128749	-0.030646	True	0.551215	30.204051	0.516766	27.861799	0.513248	0.213372	0.565898	26.808047	0.999280	7285
7286.png	0.826268	0.915643	0.955964	0.966292	0.945854	0.999200	25.919491	0.999523	26.934020	0.870801	0.599483	0.767032	30.922617	0.573036	2163	4	0	0	8	1.800000	0.000000	40	36	216.693434	2.630961	0.000000	0.031142	-1.121166	-0.000335	-0.000026	0.075574	972.068548	0.870801	0.870801	4	0	4	0	8	1.800000	0.000000	4	0	40	36	32	6.019262	2.630961	216.693434	0.000000	45428	21.002312	30.298659	256x256	65536	sparse	Learned	269	4	25	2022	31.253154	0.611128	27.029390	0.999549	0.795227	0.513248	5	0	0.875000	33	2076	31.474611	0.653791	0.999512	26.747818	0.530459	0.785769	4350	32.072087	0.706107	0.999824	31.388474	0.520974	0.794005	-0.095369	0.086236	-0.330537	-0.038092	True	0.825436	30.928035	0.573068	26.942314	0.609372	0.467408	0.795126	27.040657	0.999536	7286
7287.png	0.797054	0.905630	0.950479	0.939918	0.961279	0.999355	26.490663	0.999498	27.233092	0.801459	0.575142	0.932485	31.049909	0.592819	2272	5	0	0	10	1.803922	0.000000	51	46	239.651804	2.455162	0.000000	0.041846	-1.043219	-0.000218	-0.000061	0.059853	976.608038	0.801459	0.801459	5	0	5	0	10	1.803922	0.000000	5	0	51	46	41	5.209822	2.455162	239.651804	0.000000	45068	19.836268	28.845070	256x256	65536	sparse	Learned	290	5	28	2241	31.664665	0.637843	27.498907	0.999559	0.741606	0.526688	5	1	0.500000	38	2228	31.922022	0.677978	0.999545	27.646194	0.508356	0.720117	4000	32.308980	0.708374	0.999788	31.192232	0.458973	0.730022	-0.265815	0.048454	-0.614755	-0.045024	True	0.797054	31.054193	0.592855	27.229969	0.564822	0.526688	0.755208	27.533882	0.999573	7287
7288.png	0.537619	0.852174	0.920188	0.923802	0.916602	0.999050	27.966210	0.999371	28.479163	0.577560	0.651808	0.443605	30.623070	0.543805	2051	4	0	2	10	1.846154	0.000000	52	48	240.137085	2.757266	0.000000	0.031534	-0.103787	-0.000121	0.000012	0.035587	1076.605082	0.577560	0.577560	4	0	4	2	10	1.846154	0.000000	4	0	52	48	40	5.002856	2.757266	240.137085	0.000000	45565	22.215992	31.953194	256x256	65536	sparse	Learned	282	4	24	1949	30.889359	0.588171	28.122862	0.999359	0.541973	0.320229	10	5	0.000000	31	1870	31.104138	0.625757	0.999221	27.439944	0.231317	0.525781	4222	31.701098	0.694804	0.999639	31.050956	0.144752	0.588364	0.356301	0.331578	-0.266289	-0.044366	True	0.539080	30.628499	0.543852	28.487108	0.660404	0.292959	0.506084	28.069997	0.999172	7288
7289.png	0.668571	0.881068	0.936774	0.938793	0.934764	0.999208	26.909621	0.999517	28.026855	0.689312	0.620917	0.663307	31.107140	0.589170	1992	4	0	3	11	1.822222	0.000000	45	41	211.539105	2.715218	0.000000	0.024175	-0.861511	-0.000288	0.000013	0.046147	876.920462	0.689312	0.689312	4	0	4	3	11	1.822222	0.000000	4	0	45	41	31	5.159490	2.715218	211.539105	0.000000	44915	22.547691	32.899598	256x256	65536	sparse	Learned	264	4	26	1945	31.691549	0.627933	27.737380	0.999504	0.643165	0.469181	6	2	0.000000	34	1840	31.882531	0.661395	0.999464	27.515921	0.474813	0.633948	4496	32.525228	0.727221	0.999785	32.018516	0.240228	0.644203	0.289475	0.151736	-0.584409	-0.038764	True	0.668571	31.112012	0.589200	28.027587	0.642993	0.426502	0.644397	27.771133	0.999496	7289
7290.png	0.634459	0.876905	0.934416	0.903927	0.967033	0.999176	28.353385	0.999184	28.623430	0.650255	0.480187	0.673702	30.515097	0.550522	2320	7	0	0	14	1.754386	0.000000	57	50	250.580736	2.941675	0.000000	0.024491	0.026978	-0.000058	0.000039	0.024067	1182.219267	0.650255	0.650255	7	0	7	0	14	1.754386	0.000000	7	0	57	50	43	5.011615	2.941675	250.580736	0.000000	45600	19.655172	28.248276	256x256	65536	sparse	Learned	291	7	26	2286	30.955084	0.605625	28.293955	0.999146	0.626188	0.357801	14	4	0.000000	33	2310	31.247793	0.651727	0.999040	27.920185	0.352441	0.607768	4084	31.661347	0.690544	0.999475	30.937090	0.204095	0.625783	0.329476	0.122386	-0.439987	-0.055102	True	0.634884	30.520439	0.550531	28.626403	0.509058	0.342953	0.609967	28.326407	0.999234	7290
7291.png	0.646785	0.882083	0.937347	0.952854	0.922338	0.999294	26.702599	0.999502	27.517839	0.680902	0.552465	0.631867	30.011248	0.519405	2123	5	0	1	11	1.791667	0.000000	48	43	236.592929	2.564706	0.000000	0.037421	-0.719356	-0.000194	0.000012	0.073566	884.777069	0.680902	0.680902	5	0	5	1	11	1.791667	0.000000	5	0	48	43	36	5.502161	2.564706	236.592929	0.000000	46045	21.688648	30.869524	256x256	65536	sparse	Learned	275	5	23	2029	30.391096	0.570966	27.330468	0.999490	0.607337	0.316139	10	4	0.000000	27	1932	30.617830	0.613472	0.999400	26.679207	0.340026	0.597789	4241	31.222988	0.680489	0.999692	29.836143	0.239757	0.605245	0.187371	0.236326	-0.379848	-0.051561	True	0.649109	30.014416	0.519424	27.526320	0.578527	0.365552	0.609365	27.421955	0.999488	7291
7292.png	0.688745	0.879911	0.936120	0.925495	0.946992	0.998990	27.284211	0.999144	27.813640	0.718074	0.675023	0.864525	30.784833	0.573728	2695	5	1	5	15	1.880597	0.200000	67	63	324.705627	2.704926	0.000000	-0.007806	-0.705933	-0.000236	-0.000047	0.005375	1355.495930	0.718074	0.718074	5	1	4	5	15	1.880597	0.200000	5	1	67	63	47	5.154058	2.704926	324.705627	0.000000	45523	16.891651	24.317625	256x256	65536	sparse	Learned	319	5	30	2670	31.304303	0.633813	27.993433	0.999190	0.712698	0.497420	10	11	0.000000	40	2654	31.684422	0.681767	0.999159	28.070304	0.382100	0.707214	3484	31.697215	0.676593	0.999437	30.237205	0.397190	0.706161	-0.179793	0.177603	-0.519470	-0.060084	True	0.687836	30.787036	0.573728	27.815093	0.687765	0.594590	0.696552	27.990143	0.999226	7292
7293.png	0.576471	0.880372	0.936381	0.907011	0.967717	0.999207	28.327469	0.999115	28.420578	0.573042	0.591392	0.500148	30.466502	0.533915	1970	4	0	2	10	1.822222	0.000000	45	41	205.237590	3.034765	0.000000	-0.007407	0.271993	0.000033	0.000033	-0.011574	1366.949081	0.573042	0.573042	4	0	4	2	10	1.822222	0.000000	4	0	45	41	33	5.005795	3.034765	205.237590	0.000000	45685	23.190355	33.267005	256x256	65536	sparse	Learned	249	4	23	1943	30.693473	0.578057	28.115670	0.999082	0.584615	0.322327	11	5	0.000000	30	1904	30.982976	0.619995	0.998891	27.582582	0.254609	0.524544	4775	31.752226	0.709852	0.999484	31.159669	0.113713	0.559023	0.304908	0.269065	-0.226970	-0.044142	True	0.578676	30.470083	0.533940	28.422156	0.597476	0.298827	0.583878	28.055476	0.999175	7293
7294.png	0.860270	0.933723	0.965726	0.962492	0.968982	0.999194	26.804780	0.999347	27.244161	0.886142	0.543424	1.039041	30.309468	0.541199	2305	5	0	1	11	1.777778	0.000000	45	40	222.480231	3.266065	0.000000	0.041599	-0.318183	-0.000168	-0.000020	0.053810	1157.092571	0.886142	0.886142	5	0	5	1	11	1.777778	0.000000	5	0	45	40	33	5.562006	3.266065	222.480231	0.000000	45967	19.942299	28.432104	256x256	65536	sparse	Learned	262	5	25	2261	30.662335	0.594805	27.142455	0.999367	0.832332	0.610932	5	8	0.000000	30	2056	30.887074	0.630930	0.999277	26.715203	0.581886	0.828979	4136	31.381636	0.678322	0.999669	30.048825	0.333326	0.832933	0.101707	-0.067508	-0.352867	-0.053606	True	0.860360	30.310620	0.541216	27.246513	0.564822	0.586873	0.818671	27.122963	0.999362	7294
7295.png	0.730450	0.914320	0.955243	0.951372	0.959145	0.999081	27.542639	0.999170	27.973975	0.762162	0.728827	0.746352	31.417580	0.599598	2499	4	2	5	9	1.939394	0.500000	66	64	302.078210	2.761854	0.000000	0.018605	-0.787860	-0.000212	-0.000069	0.030091	1140.883923	0.762162	0.762162	4	2	2	5	9	1.939394	0.500000	4	2	66	64	52	4.719972	2.761854	302.078210	0.000000	44872	17.955982	26.224890	256x256	65536	sparse	Learned	319	4	30	2390	31.781509	0.646192	28.270629	0.999239	0.732071	0.555142	6	5	0.000000	41	2258	32.096794	0.683850	0.999153	28.112862	0.574007	0.745695	3572	32.229261	0.696451	0.999561	30.933906	0.485441	0.747411	-0.296654	0.173686	-0.363929	-0.046594	True	0.727811	31.419641	0.599618	27.970449	0.759492	0.566848	0.711845	28.330498	0.999292	7295
7296.png	0.646034	0.909360	0.952529	0.951643	0.953416	0.998853	27.686230	0.999024	28.200349	0.652803	0.667129	0.675161	31.444943	0.597436	2329	4	0	3	11	1.846154	0.000000	52	48	249.137085	3.144297	0.000000	0.012642	-0.575550	-0.000168	-0.000036	0.021469	1283.759832	0.652803	0.652803	4	0	4	3	11	1.846154	0.000000	4	0	52	48	38	5.190356	3.144297	249.137085	0.000000	44954	19.301846	28.139116	256x256	65536	sparse	Learned	286	4	29	2284	31.750792	0.639583	28.296831	0.999060	0.631334	0.323558	11	0	0.125000	41	2270	32.095545	0.680691	0.998963	28.375816	0.326993	0.617407	3792	32.292351	0.704263	0.999417	30.918377	0.326320	0.622001	-0.096482	0.343571	-0.305849	-0.042148	True	0.646034	31.451166	0.597475	28.208231	0.620158	0.418707	0.633392	28.261779	0.999021	7296
7297.png	0.704470	0.913073	0.954561	0.942937	0.966476	0.999098	28.469767	0.999183	28.770628	0.720930	0.681776	0.633920	31.349411	0.587579	2247	4	0	3	11	1.862069	0.000000	58	54	256.480231	2.787608	0.000000	0.006750	-0.127191	-0.000122	0.000004	0.019255	1061.541319	0.720930	0.720930	4	0	4	3	11	1.862069	0.000000	4	0	58	54	44	4.749634	2.787608	256.480231	0.000000	44875	19.971073	29.165999	256x256	65536	sparse	Learned	293	4	29	2187	31.729233	0.633153	28.568611	0.999179	0.701675	0.335746	11	4	0.000000	38	2226	31.999706	0.675661	0.999105	28.367173	0.162499	0.698423	4161	32.410064	0.718989	0.999529	31.309208	0.142435	0.683686	0.202017	0.346030	-0.379822	-0.045574	True	0.703135	31.351739	0.587590	28.770857	0.694254	0.440102	0.697720	28.596957	0.999220	7297
7298.png	0.306869	0.866067	0.928227	0.893013	0.966332	0.998954	29.221483	0.998739	29.273868	0.296784	0.649362	0.212440	30.477072	0.536135	2299	5	0	2	12	1.850746	0.000000	67	62	298.007143	2.968347	0.000000	-0.064608	0.323229	-0.000002	0.000066	-0.062624	1259.624958	0.296784	0.296784	5	0	5	2	12	1.850746	0.000000	5	0	67	62	53	4.806567	2.968347	298.007143	0.000000	45654	19.858199	28.506307	256x256	65536	sparse	Learned	309	5	26	2200	30.829513	0.592132	28.853968	0.998673	0.359408	0.132646	26	0	0.000000	30	2266	31.061579	0.635429	0.998401	28.098047	0.123993	0.262408	4112	31.528323	0.685983	0.999137	31.216909	0.031693	0.402760	0.419900	0.516716	-0.352441	-0.055997	True	0.318743	30.482466	0.536168	29.286729	0.653544	0.138839	0.371477	28.898253	0.998955	7298
7299.png	0.790686	0.906977	0.951220	0.954842	0.947624	0.998754	27.017703	0.998995	27.537832	0.813215	0.738154	0.972739	30.695688	0.566279	2636	4	1	7	13	1.906250	0.250000	64	61	310.149278	3.210080	0.000000	0.003547	-0.610861	-0.000258	-0.000053	0.031279	1293.425322	0.813215	0.813215	4	1	3	7	13	1.906250	0.250000	4	1	64	61	44	5.084414	3.210080	310.149278	0.000000	45638	17.313354	24.861912	256x256	65536	sparse	Learned	312	4	29	2621	31.153836	0.628077	27.682664	0.999049	0.781936	0.650062	6	9	0.000000	36	2572	31.417491	0.674173	0.998947	27.424738	0.644520	0.772705	3479	31.539646	0.670621	0.999373	29.674156	0.661373	0.777557	-0.144832	0.088092	-0.458148	-0.061798	True	0.790174	30.699951	0.566294	27.544563	0.753403	0.732865	0.787139	27.628564	0.999012	7299
7300.png	0.761838	0.923025	0.959972	0.949544	0.970630	0.999200	27.145492	0.999320	27.543680	0.769869	0.561327	0.852345	31.500082	0.604418	2249	5	0	1	11	1.795918	0.000000	49	44	245.735065	2.887413	0.000000	0.035578	-0.173634	-0.000158	-0.000021	0.042537	877.985716	0.769869	0.769869	5	0	5	1	11	1.795918	0.000000	5	0	49	44	37	5.584888	2.887413	245.735065	0.000000	44878	19.954647	29.140062	256x256	65536	sparse	Learned	285	5	27	2067	31.779189	0.638461	27.329035	0.999341	0.727332	0.425518	7	2	0.000000	39	2234	32.119993	0.684857	0.999341	27.935289	0.406964	0.718648	4161	32.498752	0.719624	0.999694	31.367168	0.350791	0.739637	0.214645	0.135809	-0.279107	-0.034043	True	0.757829	31.504355	0.604456	27.548357	0.564822	0.481423	0.726261	27.319126	0.999358	7300
7301.png	0.647105	0.874695	0.933160	0.930736	0.935596	0.999188	27.863946	0.999301	28.232466	0.661085	0.561765	0.647880	30.710175	0.542495	1810	4	0	2	10	1.783784	0.000000	37	33	189.994949	2.913775	0.000000	-0.026630	0.135371	-0.000034	0.000068	-0.027185	1018.162727	0.661085	0.661085	4	0	4	2	10	1.783784	0.000000	4	0	37	33	25	5.757423	2.913775	189.994949	0.000000	45516	25.146961	36.207735	256x256	65536	sparse	Learned	241	4	23	1778	30.872327	0.579864	27.752918	0.999234	0.688269	0.403494	6	1	0.250000	30	1806	31.101128	0.623197	0.999099	27.218841	0.140414	0.679905	5321	32.141694	0.735703	0.999641	31.502081	0.035855	0.570440	0.479548	0.158271	-0.162152	-0.037368	True	0.646312	30.714913	0.542522	28.237145	0.585217	0.379151	0.673736	27.728575	0.999222	7301
7302.png	0.712755	0.916388	0.956370	0.960280	0.952491	0.998634	28.100788	0.998818	28.464997	0.731230	0.691181	0.914615	31.505206	0.604804	2342	4	1	6	13	1.896552	0.250000	58	55	266.622366	3.257534	0.000000	0.000810	-0.512432	-0.000245	-0.000055	0.017627	1259.553194	0.731230	0.731230	4	1	3	6	13	1.896552	0.250000	4	1	58	55	39	4.847679	3.257534	266.622366	0.000000	44678	19.076857	27.982921	256x256	65536	sparse	Learned	280	4	30	2318	31.902176	0.648243	28.518367	0.998874	0.713603	0.522886	8	8	0.000000	41	2144	32.208573	0.682924	0.998810	28.486505	0.558466	0.686432	3663	32.413798	0.707478	0.999334	31.054107	0.420827	0.701660	-0.053371	0.168295	-0.396971	-0.043440	True	0.711147	31.509718	0.604837	28.467273	0.720569	0.659043	0.711945	28.613220	0.998878	7302
7303.png	0.694747	0.876163	0.933994	0.934238	0.933751	0.998812	28.157866	0.998951	28.599044	0.713784	0.700008	0.710526	30.812530	0.563540	2549	5	1	5	13	1.887324	0.200000	71	67	343.806133	2.871326	0.000000	0.018724	-0.393716	-0.000127	0.000030	0.028617	1116.797686	0.713784	0.713784	5	1	4	5	13	1.887324	0.200000	5	1	71	67	53	5.131435	2.871326	343.806133	0.000000	45395	17.808945	25.710475	256x256	65536	sparse	Learned	336	5	29	2525	31.208892	0.623885	28.549990	0.998921	0.685167	0.432208	10	4	0.000000	35	2466	31.469874	0.667511	0.998777	28.113182	0.281076	0.659004	3571	31.630675	0.676228	0.999304	30.250390	0.185113	0.660555	0.049054	0.267800	-0.396362	-0.060345	True	0.696234	30.814040	0.563522	28.596323	0.727468	0.516885	0.676023	28.551582	0.998939	7303
7305.png	0.623119	0.898611	0.946598	0.929598	0.964232	0.999268	28.191202	0.999233	28.388691	0.623995	0.655272	0.615258	30.485591	0.540168	2140	4	0	4	12	1.846154	0.000000	52	48	248.350288	2.886865	0.000000	-0.000088	0.135822	-0.000021	0.000032	0.002028	1143.083811	0.623995	0.623995	4	0	4	4	12	1.846154	0.000000	4	0	52	48	36	5.173964	2.886865	248.350288	0.000000	45648	21.330841	30.624299	256x256	65536	sparse	Learned	272	4	24	1962	30.826613	0.586134	28.099468	0.999200	0.621967	0.384918	10	2	0.000000	30	2038	31.036773	0.629813	0.999039	27.600102	0.286036	0.567532	4334	31.639855	0.696610	0.999512	30.650428	0.226374	0.616941	0.289223	0.270354	-0.341022	-0.045966	True	0.624317	30.490299	0.540203	28.393930	0.665460	0.409430	0.623207	28.055380	0.999289	7305
7306.png	0.566367	0.874442	0.933016	0.904734	0.963122	0.998691	28.110756	0.998649	28.521983	0.592287	0.552465	0.509186	30.690611	0.550667	2188	5	1	3	11	1.836735	0.200000	49	45	228.480231	3.507536	0.000000	0.000360	0.152492	-0.000049	0.000119	0.002626	1347.432375	0.592287	0.592287	5	1	4	3	11	1.836735	0.200000	5	1	49	45	35	5.077338	3.507536	228.480231	0.000000	45562	20.823583	29.952468	256x256	65536	sparse	Learned	268	5	25	2037	30.981348	0.595961	27.999681	0.998531	0.589661	0.319859	11	4	0.000000	32	1958	31.177475	0.634038	0.998321	27.618966	0.438232	0.573319	4238	31.725802	0.696239	0.999195	31.102411	0.277989	0.570968	0.522302	0.232606	-0.290737	-0.045295	True	0.566929	30.695183	0.550682	28.523092	0.604656	0.307883	0.566007	27.958263	0.998741	7306
7307.png	0.769697	0.893451	0.943728	0.940887	0.946586	0.998919	27.808038	0.999087	28.269329	0.792453	0.734197	0.966475	30.986512	0.574878	2484	4	2	5	9	1.934426	0.500000	61	59	305.663997	3.077428	0.000000	-0.005823	-0.517651	-0.000193	-0.000022	0.015005	1176.342726	0.792453	0.792453	4	2	2	5	9	1.934426	0.500000	4	2	61	59	47	5.180746	3.077428	305.663997	0.000000	45225	18.206522	26.383253	256x256	65536	sparse	Learned	309	4	29	2440	31.373727	0.628176	28.333048	0.999109	0.777448	0.585217	7	7	0.000000	38	2482	31.659162	0.675748	0.998972	27.913978	0.385328	0.798628	3716	31.846733	0.688278	0.999393	30.348063	0.388598	0.775073	-0.063719	0.148980	-0.387214	-0.053298	True	0.774210	30.991787	0.574899	28.271460	0.758286	0.732865	0.775520	28.325689	0.999112	7307
7308.png	0.658812	0.885714	0.939394	0.934750	0.944084	0.998531	27.697970	0.998729	28.314778	0.664316	0.749676	0.631642	31.139561	0.595610	2653	4	0	6	14	1.878788	0.000000	66	62	317.735065	3.360432	0.000000	0.007249	-1.016658	-0.000346	-0.000087	0.009688	1368.669510	0.664316	0.664316	4	0	4	6	14	1.878788	0.000000	4	0	66	62	46	5.124759	3.360432	317.735065	0.000000	45006	16.964191	24.702601	256x256	65536	sparse	Learned	305	4	32	2644	31.767201	0.651545	28.676717	0.998816	0.654628	0.374581	15	13	0.000000	41	2574	32.064752	0.691144	0.998726	28.488750	0.358718	0.650569	3483	32.111547	0.690850	0.999255	30.874214	0.318869	0.650359	-0.361938	0.375095	-0.627640	-0.055936	True	0.658812	31.144094	0.595615	28.320856	0.659043	0.416280	0.651563	28.714628	0.998877	7308
7309.png	0.617761	0.900579	0.947689	0.953988	0.941473	0.999246	26.689473	0.999535	27.871978	0.654726	0.541594	0.762955	31.234311	0.590805	1835	4	0	0	8	1.757576	0.000000	33	29	174.781746	2.769774	0.000000	-0.003520	-1.036656	-0.000260	0.000013	0.023099	896.227360	0.654726	0.654726	4	0	4	0	8	1.757576	0.000000	4	0	33	29	25	6.026957	2.769774	174.781746	0.000000	44795	24.411444	35.714441	256x256	65536	sparse	Learned	240	4	25	1796	31.641428	0.621039	27.734392	0.999522	0.631627	0.363646	5	0	0.875000	36	1818	31.943953	0.661536	0.999526	27.741897	0.464739	0.613636	4967	32.741069	0.743412	0.999782	32.187036	0.317846	0.621350	0.137586	0.177948	-0.407117	-0.030234	True	0.619324	31.237299	0.590825	27.865964	0.576838	0.440102	0.621280	27.726129	0.999506	7309
7310.png	0.709869	0.908793	0.952218	0.957346	0.947144	0.998411	27.968977	0.998566	28.423713	0.723182	0.795052	0.601878	30.450212	0.552923	2892	4	1	5	11	1.915493	0.250000	71	68	367.019336	3.278666	0.000000	-0.009936	-0.628873	-0.000253	-0.000058	0.011470	1354.151964	0.723182	0.723182	4	1	3	5	11	1.915493	0.250000	4	1	71	68	55	5.397343	3.278666	367.019336	0.000000	45750	15.819502	22.661134	256x256	65536	sparse	Learned	357	4	31	2888	31.034283	0.627653	28.635852	0.998624	0.711712	0.489471	13	17	0.000000	36	2828	31.232398	0.675827	0.998278	27.811718	0.333900	0.687383	3120	31.182793	0.646744	0.998747	29.387282	0.278306	0.699245	-0.212139	0.305581	-0.584070	-0.074730	True	0.710380	30.454225	0.552948	28.431911	0.809861	0.487438	0.719805	28.597851	0.998664	7310
7311.png	0.560639	0.911365	0.953628	0.962991	0.944444	0.999101	27.716224	0.999349	28.193421	0.580789	0.655272	0.354645	31.704655	0.610100	2132	4	0	1	9	1.833333	0.000000	48	44	233.438600	2.756886	0.000000	0.009904	-0.237045	-0.000205	0.000025	0.019848	1057.714462	0.580789	0.580789	4	0	4	1	9	1.833333	0.000000	4	0	48	44	38	5.305423	2.756886	233.438600	0.000000	44653	20.944184	30.739212	256x256	65536	sparse	Learned	286	4	28	2074	31.978513	0.645919	27.894705	0.999325	0.560941	0.234072	12	0	0.000000	41	2122	32.313277	0.688266	0.999296	28.231784	0.232026	0.526619	4191	32.733829	0.728920	0.999667	31.832275	0.264859	0.584946	0.298716	0.421200	-0.273858	-0.035819	True	0.559913	31.710864	0.610149	28.190418	0.676967	0.240083	0.550735	27.953269	0.999306	7311
7312.png	0.703367	0.904208	0.949694	0.963740	0.936052	0.999316	27.657408	0.999473	28.034819	0.736792	0.607414	0.574129	31.641314	0.598729	2027	4	0	1	9	1.818182	0.000000	44	40	207.438600	2.427235	0.000000	-0.016668	-0.416018	-0.000164	-0.000040	-0.002873	870.370150	0.736792	0.736792	4	0	4	1	9	1.818182	0.000000	4	0	44	40	34	5.185965	2.427235	207.438600	0.000000	44712	22.058214	32.331524	256x256	65536	sparse	Learned	271	4	27	1905	31.860209	0.631081	28.025182	0.999513	0.739666	0.539757	5	3	0.000000	39	1986	32.142183	0.672733	0.999473	28.219304	0.484869	0.695382	4551	32.715734	0.737080	0.999759	31.616581	0.330898	0.710387	0.009636	0.067657	-0.218894	-0.032351	True	0.701547	31.645225	0.598772	28.036057	0.622808	0.357572	0.720034	28.073426	0.999481	7312
7313.png	0.690551	0.869151	0.929996	0.941581	0.918692	0.999023	26.916996	0.999290	27.856240	0.759136	0.536987	0.854981	30.965655	0.569446	1853	4	0	3	11	1.783784	0.000000	37	33	172.367532	3.191108	0.000000	-0.015946	-0.664250	-0.000212	0.000052	0.015705	1258.737087	0.759136	0.759136	4	0	4	3	11	1.783784	0.000000	4	0	37	33	23	5.223259	3.191108	172.367532	0.000000	45195	24.390178	35.367512	256x256	65536	sparse	Learned	233	4	23	1842	31.167736	0.601234	27.496077	0.999238	0.743431	0.465630	6	2	0.000000	32	1832	31.488259	0.643595	0.999135	26.989763	0.481077	0.728405	4833	32.333473	0.730249	0.999691	31.741796	0.358301	0.736518	0.360163	0.071357	-0.202081	-0.031789	True	0.690551	30.970686	0.569480	27.862017	0.593430	0.507372	0.706497	27.581246	0.999235	7313
7314.png	0.662173	0.885805	0.939445	0.953886	0.925435	0.998904	27.923189	0.999314	28.277088	0.681633	0.593430	0.624147	30.699068	0.544031	1911	4	0	3	11	1.822222	0.000000	45	41	204.994949	2.794362	0.000000	0.001679	-0.031231	-0.000108	0.000094	-0.009814	1115.082979	0.681633	0.681633	4	0	4	3	11	1.822222	0.000000	4	0	45	41	31	4.999877	2.794362	204.994949	0.000000	45589	23.856096	34.294087	256x256	65536	sparse	Learned	251	4	23	1821	30.852977	0.582090	27.813632	0.999220	0.691447	0.375890	7	0	0.625000	30	1816	31.085915	0.622828	0.999083	27.128806	0.501424	0.682362	4607	31.839407	0.707798	0.999596	31.198146	0.320683	0.668530	0.463455	0.217540	-0.153909	-0.038059	True	0.663492	30.703459	0.544054	28.278450	0.583138	0.363964	0.660494	27.954420	0.999012	7314
7315.png	0.728005	0.907703	0.951619	0.946676	0.956613	0.999210	27.608041	0.999286	27.970054	0.742761	0.680181	0.856217	31.186584	0.583371	2276	4	1	4	10	1.884615	0.250000	52	49	253.994949	2.901318	0.000000	-0.014263	-0.174758	-0.000121	0.000025	0.008705	1042.315960	0.742761	0.742761	4	1	3	4	10	1.884615	0.250000	4	1	52	49	38	5.183570	2.901318	253.994949	0.000000	45077	19.805360	28.794376	256x256	65536	sparse	Learned	297	4	27	2127	31.499710	0.625498	27.763470	0.999260	0.734056	0.598280	5	5	0.000000	37	2264	31.753219	0.672663	0.999212	27.786552	0.427361	0.708756	4087	32.166353	0.706545	0.999602	30.764411	0.388598	0.720409	0.206584	0.081901	-0.313126	-0.042126	True	0.728188	31.189564	0.583402	27.976541	0.691181	0.591801	0.742268	27.782799	0.999331	7315
7316.png	0.647360	0.794000	0.885173	0.869660	0.901249	0.998541	28.521340	0.998496	29.013964	0.679303	0.618636	0.658737	30.479240	0.534724	2293	5	1	9	17	1.887324	0.200000	71	67	273.865007	3.244751	0.000000	-0.006034	-0.174929	-0.000113	0.000085	-0.003325	1469.496727	0.679303	0.679303	5	1	4	9	17	1.887324	0.200000	5	1	71	67	45	4.087537	3.244751	273.865007	0.000000	45652	19.909289	28.580898	256x256	65536	sparse	Learned	280	5	26	2212	30.813894	0.592138	28.690628	0.998411	0.682629	0.363168	16	9	0.000000	30	2058	30.999712	0.626608	0.998014	27.887764	0.037268	0.483642	3987	31.485817	0.679519	0.999033	30.820188	0.035055	0.524094	0.323336	0.255467	-0.334654	-0.057414	True	0.646998	30.482620	0.534736	29.015571	0.645129	0.424970	0.653395	28.696268	0.998654	7316
7317.png	0.668539	0.873418	0.932432	0.919387	0.945853	0.999085	27.244375	0.999166	27.703318	0.687383	0.676967	0.472960	31.008989	0.578293	2319	4	1	4	10	1.888889	0.250000	54	51	266.078210	2.826528	0.000000	0.010430	-0.466039	-0.000172	-0.000029	0.012587	1281.829357	0.687383	0.687383	4	1	3	4	10	1.888889	0.250000	4	1	54	51	40	5.217220	2.826528	266.078210	0.000000	45223	19.501078	28.260457	256x256	65536	sparse	Learned	289	4	28	2254	31.408264	0.625666	27.749987	0.999195	0.674797	0.336350	12	2	0.000000	35	2098	31.589115	0.660947	0.999107	27.361836	0.582443	0.651190	3870	31.992525	0.696119	0.999563	30.864742	0.389725	0.665499	-0.046669	0.340617	-0.399275	-0.047373	True	0.670206	31.011296	0.578324	27.703790	0.713495	0.337455	0.658110	27.710414	0.999258	7317
7318.png	0.625173	0.850427	0.919169	0.892377	0.947619	0.999296	28.203446	0.999336	28.479687	0.669876	0.707707	0.941720	31.035945	0.571417	2204	4	2	5	9	1.929825	0.500000	57	55	287.078210	2.500577	0.000000	-0.016546	-0.035898	-0.000081	0.000007	-0.023549	1017.880440	0.669876	0.669876	4	2	2	5	9	1.929825	0.500000	4	2	57	55	43	5.219604	2.500577	287.078210	0.000000	45226	20.519964	29.735027	256x256	65536	sparse	Learned	298	4	26	2027	31.379987	0.613526	28.299208	0.999329	0.693426	0.414656	9	3	0.125000	36	2132	31.631376	0.660055	0.999284	28.043847	0.219072	0.662767	4112	32.076633	0.703570	0.999611	31.021501	0.227096	0.649158	0.180479	0.293051	-0.344042	-0.042109	True	0.624050	31.042196	0.571470	28.483739	0.742053	0.698806	0.641719	28.239344	0.999377	7318
7319.png	0.729762	0.893735	0.943886	0.970000	0.919141	0.998919	26.750570	0.999252	27.438916	0.775472	0.626561	1.004819	30.279197	0.534310	2195	4	2	2	6	1.920000	0.500000	50	48	226.066017	3.324989	0.000000	-0.027199	-0.383741	-0.000187	0.000074	0.001841	1293.351412	0.775472	0.775472	4	2	2	2	6	1.920000	0.500000	4	2	50	48	42	4.709709	3.324989	226.066017	0.000000	45926	20.923007	29.856948	256x256	65536	sparse	Learned	280	4	24	2186	30.546130	0.586323	27.028319	0.999178	0.773630	0.610932	5	7	0.000000	30	2044	30.854332	0.626720	0.999076	26.572506	0.341638	0.742071	4108	31.372663	0.681508	0.999587	30.190433	0.624689	0.779119	0.410597	0.015629	-0.266933	-0.052013	True	0.729762	30.282530	0.534329	27.440192	0.673720	0.676967	0.756961	27.134311	0.999107	7319
7320.png	0.624500	0.888199	0.940789	0.921837	0.960537	0.999096	28.772043	0.999085	29.068079	0.642180	0.546155	0.599493	31.003566	0.556491	1823	4	1	5	12	1.860465	0.250000	43	40	178.438600	3.460753	0.000000	0.010100	0.484188	0.000063	0.000138	0.016394	1269.558191	0.642180	0.642180	4	1	3	5	12	1.860465	0.250000	4	0	43	40	26	4.460965	3.460753	178.438600	0.000000	45270	24.832693	35.949534	256x256	65536	sparse	Learned	230	4	24	1814	31.165254	0.593029	28.337316	0.998947	0.625786	0.332653	9	2	0.000000	32	1660	31.347243	0.624058	0.998760	27.710328	0.266553	0.598284	5072	32.261868	0.733821	0.999490	31.562435	0.108634	0.615793	0.730763	0.213503	-0.161688	-0.036538	True	0.622098	31.004268	0.556498	29.063477	0.557361	0.334134	0.614400	28.287855	0.999033	7320
7321.png	0.640144	0.870934	0.931015	0.919847	0.942458	0.999040	27.677804	0.999050	27.862064	0.644162	0.597476	0.494808	29.942485	0.521133	2547	6	0	4	16	1.828571	0.000000	70	64	308.835570	2.937665	0.000000	-0.007722	-0.015448	-0.000106	-0.000015	-0.000983	1251.865387	0.644162	0.644162	6	0	6	4	16	1.828571	0.000000	6	0	70	64	50	4.825556	2.937665	308.835570	0.000000	46114	18.105222	25.730664	256x256	65536	sparse	Learned	315	6	26	2408	30.474322	0.588970	27.724526	0.999065	0.645145	0.359176	12	3	0.000000	29	2352	30.677408	0.630405	0.998887	27.008161	0.364917	0.613232	3494	30.935978	0.644101	0.999380	29.659405	0.246373	0.621432	0.137538	0.238300	-0.531838	-0.067838	True	0.643041	29.945025	0.521170	27.867318	0.689012	0.340928	0.647866	27.693252	0.999146	7321
7322.png	0.705941	0.936500	0.967209	0.972987	0.961499	0.998569	27.394214	0.998747	27.868486	0.717611	0.712059	0.762658	30.221387	0.535797	2618	4	0	1	9	1.859649	0.000000	57	53	294.705627	3.404223	0.000000	-0.009690	-0.621680	-0.000233	-0.000042	0.009592	1492.545605	0.717611	0.717611	4	0	4	1	9	1.859649	0.000000	4	0	57	53	47	5.560484	3.404223	294.705627	0.000000	45955	17.553476	25.032850	256x256	65536	sparse	Learned	311	4	27	2507	30.641373	0.600167	27.997112	0.998789	0.708019	0.447517	12	6	0.000000	31	2568	30.909467	0.655662	0.998493	27.168676	0.670441	0.681709	3666	31.062201	0.655771	0.999065	29.446268	0.436893	0.694907	-0.128626	0.264542	-0.419986	-0.064370	True	0.720537	30.224125	0.535805	27.862112	0.723349	0.551668	0.715631	28.015894	0.998802	7322
7323.png	0.538399	0.891956	0.942893	0.932399	0.953626	0.999244	28.298118	0.999376	28.732563	0.547812	0.622808	0.472928	31.491381	0.588884	2011	4	0	2	10	1.836735	0.000000	49	45	220.409163	2.710562	0.000000	-0.025601	-0.375808	-0.000135	0.000001	-0.022711	1131.826401	0.547812	0.547812	4	0	4	2	10	1.836735	0.000000	4	0	49	45	37	4.897981	2.710562	220.409163	0.000000	44755	22.255097	32.588762	256x256	65536	sparse	Learned	269	4	26	1953	31.640325	0.622710	28.694122	0.999375	0.570523	0.245726	10	2	0.000000	36	1960	31.962162	0.664673	0.999254	28.319369	0.259182	0.561472	4453	32.540741	0.726829	0.999649	31.746281	0.222311	0.582540	0.038442	0.377081	-0.148943	-0.033826	True	0.538399	31.494888	0.588901	28.730905	0.626561	0.296318	0.564000	28.673926	0.999380	7323
7324.png	0.663600	0.869364	0.930118	0.918754	0.941766	0.998974	27.112740	0.999199	28.083534	0.688543	0.712059	0.444984	30.303595	0.537810	2417	4	0	3	11	1.859649	0.000000	57	53	287.249783	2.919476	0.000000	0.007300	-0.995037	-0.000337	-0.000046	0.034738	1064.424276	0.688543	0.688543	4	0	4	3	11	1.859649	0.000000	4	0	57	53	43	5.419807	2.919476	287.249783	0.000000	45795	18.947042	27.114605	256x256	65536	sparse	Learned	313	4	26	2280	30.758335	0.596249	28.065346	0.999245	0.653805	0.574007	6	3	0.000000	31	2236	30.987670	0.639764	0.999142	27.609679	0.224063	0.645281	3872	31.374025	0.673322	0.999494	30.164475	0.243611	0.633245	0.018188	0.138052	-0.454740	-0.058439	True	0.662263	30.307551	0.537825	28.085549	0.745893	0.331911	0.656300	28.107777	0.999311	7324
7325.png	0.553342	0.900128	0.947439	0.940468	0.954515	0.998639	28.610235	0.998708	28.865739	0.570509	0.619017	0.486765	31.270416	0.576997	2071	4	0	2	10	1.833333	0.000000	48	44	222.551299	3.325178	0.000000	0.002166	-0.110727	-0.000103	-0.000001	0.014251	1452.073097	0.570509	0.570509	4	0	4	2	10	1.833333	0.000000	4	0	48	44	36	5.057984	3.325178	222.551299	0.000000	45040	21.747948	31.644616	256x256	65536	sparse	Learned	273	4	27	2021	31.508883	0.616373	28.724839	0.998709	0.556258	0.394816	9	5	0.000000	36	2022	31.732108	0.658086	0.998616	28.525125	0.212498	0.526616	4355	32.270718	0.717882	0.999268	31.416444	0.128102	0.543805	0.140900	0.224201	-0.238467	-0.039377	True	0.552699	31.274582	0.577028	28.875039	0.651808	0.317277	0.551176	28.720962	0.998742	7325
7326.png	0.584109	0.924006	0.960502	0.962990	0.958027	0.998908	27.355029	0.999002	27.856760	0.598551	0.599483	0.680384	31.393363	0.593108	2060	4	0	3	11	1.826087	0.000000	46	42	212.137085	3.241363	0.000000	-0.012298	-0.648272	-0.000173	0.000014	-0.000755	1440.989256	0.598551	0.598551	4	0	4	3	11	1.826087	0.000000	4	0	46	42	32	5.050883	3.241363	212.137085	0.000000	45006	21.847573	31.813592	256x256	65536	sparse	Learned	255	4	26	1915	31.657200	0.623145	27.976852	0.998988	0.599306	0.451188	5	1	0.375000	36	1906	31.912317	0.663262	0.998919	27.723925	0.611320	0.593772	4509	32.530457	0.728566	0.999499	31.399919	0.317657	0.598464	-0.120092	0.148295	-0.263837	-0.030037	True	0.583691	31.396098	0.593123	27.865932	0.613259	0.417252	0.596406	28.003301	0.999081	7326
7327.png	0.718457	0.888068	0.940716	0.936526	0.944944	0.999530	26.740444	0.999660	27.443315	0.763578	0.532334	0.821294	30.221620	0.527314	1774	4	0	1	9	1.764706	0.000000	34	30	170.781746	2.633271	0.000000	0.040732	-0.201436	-0.000133	-0.000003	0.053963	825.498819	0.763578	0.763578	4	0	4	1	9	1.764706	0.000000	4	0	34	30	24	5.692725	2.633271	170.781746	0.000000	45833	25.835964	36.942503	256x256	65536	sparse	Learned	237	4	21	1705	30.536702	0.564145	26.902481	0.999663	0.709615	0.377671	7	2	0.000000	27	1696	30.788324	0.606928	0.999549	26.056301	0.477954	0.703232	4973	31.721317	0.713146	0.999871	31.586551	0.367312	0.696714	0.540834	0.154663	-0.315082	-0.036831	True	0.717708	30.226095	0.527335	27.449358	0.527633	0.433342	0.677725	26.941880	0.999663	7327
7328.png	0.747568	0.900000	0.947368	0.955959	0.938931	0.998492	27.524935	0.998638	28.183856	0.768390	0.717761	0.750274	30.336308	0.537309	2504	4	1	2	8	1.886792	0.250000	53	50	286.450793	3.454575	0.000000	0.018204	-0.571701	-0.000219	0.000054	0.041571	1288.394451	0.768390	0.768390	4	1	3	2	8	1.886792	0.250000	4	1	53	50	43	5.729016	3.454575	286.450793	0.000000	45834	18.304313	26.172524	256x256	65536	sparse	Learned	321	4	27	2431	30.725538	0.600810	28.096466	0.998584	0.726818	0.546155	10	19	0.000000	31	2464	30.970551	0.649725	0.998169	27.277842	0.148227	0.712154	3654	31.210927	0.661217	0.999084	29.983878	0.255249	0.706981	0.087390	0.171605	-0.389231	-0.063501	True	0.748299	30.342361	0.537344	28.195728	0.748421	0.561521	0.729364	28.096637	0.998711	7328
7329.png	0.653061	0.883019	0.937876	0.926121	0.949932	0.999127	27.927330	0.999182	28.252981	0.689097	0.703290	0.825996	30.366497	0.533961	2211	4	0	4	12	1.859649	0.000000	57	53	274.208153	2.850944	0.000000	0.031036	-0.126584	-0.000134	-0.000010	0.036898	1118.330479	0.689097	0.689097	4	0	4	4	12	1.859649	0.000000	4	0	57	53	41	5.173739	2.850944	274.208153	0.000000	45717	20.677069	29.640886	256x256	65536	sparse	Learned	296	4	25	2156	30.739842	0.589576	28.133182	0.999193	0.652198	0.549385	7	7	0.000000	29	2054	30.958139	0.626593	0.999034	27.430864	0.167201	0.628022	4182	31.512202	0.689062	0.999521	30.698468	0.119650	0.631771	0.119799	0.153905	-0.373344	-0.055615	True	0.652443	30.367423	0.533977	28.254020	0.713495	0.589344	0.622025	28.053915	0.999261	7329
7330.png	0.718603	0.930013	0.963738	0.964410	0.963066	0.999084	26.728266	0.999242	27.085049	0.740640	0.673720	0.722155	30.801226	0.574871	2371	4	0	0	8	1.851852	0.000000	54	50	258.936075	2.775341	0.000000	0.024726	-0.437071	-0.000179	-0.000033	0.032151	1188.084841	0.740640	0.740640	4	0	4	0	8	1.851852	0.000000	4	0	54	50	46	5.178721	2.775341	258.936075	0.000000	45471	19.177984	27.640658	256x256	65536	sparse	Learned	302	4	28	2337	31.296550	0.625000	27.179074	0.999274	0.708489	0.447057	8	2	0.000000	35	2190	31.550569	0.664011	0.999227	27.235154	0.381217	0.696115	3854	31.876882	0.690431	0.999656	30.759921	0.328722	0.712337	-0.094025	0.226663	-0.495324	-0.050129	True	0.718603	30.803020	0.574881	27.085641	0.691181	0.499140	0.693878	27.165337	0.999262	7330
7331.png	0.647428	0.892487	0.943190	0.921739	0.965662	0.999257	27.628736	0.999272	27.875447	0.682698	0.650062	0.627428	31.361621	0.602071	2238	4	1	5	11	1.877551	0.250000	49	46	240.551299	3.118080	0.000000	-0.005325	0.097017	-0.000072	0.000019	0.004041	1138.291836	0.682698	0.682698	4	1	3	5	11	1.877551	0.250000	4	1	49	46	33	5.229376	3.118080	240.551299	0.000000	44825	20.029044	29.283289	256x256	65536	sparse	Learned	272	4	27	2024	31.764425	0.637287	27.531208	0.999253	0.678657	0.458973	7	1	0.625000	39	2150	32.069665	0.681353	0.999268	28.079659	0.475337	0.668498	4155	32.503698	0.719983	0.999647	31.529957	0.352735	0.675545	0.344239	0.191089	-0.402804	-0.035216	True	0.648869	31.364525	0.602096	27.870312	0.691181	0.433666	0.652753	27.531719	0.999329	7331
7332.png	0.626363	0.930808	0.964164	0.965427	0.962905	0.998140	27.568950	0.998433	27.995112	0.638500	0.604656	0.844142	30.956066	0.578216	2496	5	1	3	12	1.840000	0.200000	50	46	257.651804	3.514397	0.000000	0.005202	-0.415740	-0.000135	0.000063	0.013439	1522.126436	0.638500	0.638500	5	1	4	3	12	1.840000	0.200000	5	0	50	46	35	5.601126	3.514397	257.651804	0.000000	45319	18.156651	26.256410	256x256	65536	sparse	Learned	293	5	29	2429	31.386846	0.630794	27.967673	0.998370	0.625061	0.460979	10	6	0.000000	37	2474	31.665353	0.677018	0.998329	28.061696	0.581647	0.654785	3776	31.901717	0.688985	0.998971	30.648923	0.681093	0.626530	0.027439	0.143678	-0.430780	-0.052579	True	0.628161	30.958553	0.578228	28.001723	0.623185	0.526056	0.621160	27.984690	0.998274	7332
7333.png	0.682911	0.919820	0.958236	0.963710	0.952824	0.998882	27.722761	0.999081	28.081869	0.712249	0.557803	0.734572	30.678636	0.552968	2243	5	0	1	11	1.791667	0.000000	48	43	233.793939	3.082361	0.000000	-0.001171	-0.001099	-0.000087	0.000054	0.007422	1314.040661	0.712249	0.712249	5	0	5	1	11	1.791667	0.000000	5	0	48	43	36	5.437068	3.082361	233.793939	0.000000	45542	20.304057	29.218012	256x256	65536	sparse	Learned	283	5	25	2067	30.974363	0.597894	27.736796	0.999027	0.704827	0.417252	9	4	0.000000	31	2012	31.176179	0.638762	0.998904	27.441219	0.421124	0.694600	4258	31.707941	0.696913	0.999464	30.665738	0.294842	0.677701	0.345073	0.140551	-0.295727	-0.044926	True	0.682911	30.682624	0.552996	28.081731	0.578527	0.424970	0.684083	27.723860	0.998969	7333
7334.png	0.643064	0.882048	0.937328	0.931915	0.942804	0.998615	28.719511	0.998601	29.089350	0.662777	0.641204	0.486020	30.770977	0.548543	2067	4	1	4	10	1.875000	0.250000	48	45	231.823376	3.551650	0.000000	0.008364	0.096719	-0.000003	0.000186	0.005602	1338.443756	0.662777	0.662777	4	1	3	4	10	1.875000	0.250000	4	1	48	45	34	5.151631	3.551650	231.823376	0.000000	45459	21.992743	31.705854	256x256	65536	sparse	Learned	268	4	25	1995	31.027437	0.593471	28.664818	0.998415	0.657175	0.351263	11	3	0.000000	31	1954	31.220833	0.631286	0.998189	28.171866	0.105686	0.594951	4476	31.854747	0.706632	0.999111	31.242334	0.043251	0.566620	0.424532	0.289941	-0.256460	-0.044928	True	0.641323	30.772543	0.548579	29.088046	0.673720	0.327442	0.634701	28.622792	0.998617	7334
7335.png	0.765320	0.900139	0.947445	0.945375	0.949525	0.999099	27.833725	0.999250	28.276171	0.780659	0.604656	0.800803	31.545303	0.600709	2199	5	0	3	13	1.824561	0.000000	57	52	262.622366	2.609660	0.000000	-0.004219	-0.540895	-0.000204	-0.000020	-0.002417	991.821289	0.780659	0.780659	5	0	5	3	13	1.824561	0.000000	5	0	57	52	41	5.050430	2.609660	262.622366	0.000000	44695	20.325148	29.802638	256x256	65536	sparse	Learned	286	5	27	1985	31.828455	0.634310	28.335326	0.999270	0.783076	0.491933	7	0	0.800000	40	2166	32.166485	0.680679	0.999262	28.479400	0.342953	0.764120	4067	32.486061	0.718399	0.999635	31.567232	0.255807	0.760396	-0.059156	0.112723	-0.283151	-0.033601	True	0.766713	31.548192	0.600726	28.273518	0.612485	0.490480	0.769539	28.374620	0.999303	7335
7336.png	0.593468	0.837004	0.911271	0.899408	0.923451	0.999521	27.435144	0.999647	28.004590	0.657439	0.541594	0.751868	30.422350	0.527620	1717	4	0	0	8	1.777778	0.000000	36	32	172.710678	2.369643	0.000000	0.021753	-0.359517	-0.000125	-0.000006	0.029366	834.299326	0.657439	0.657439	4	0	4	0	8	1.777778	0.000000	4	0	36	32	28	5.397209	2.369643	172.710678	0.000000	45738	26.638323	38.168899	256x256	65536	sparse	Learned	249	4	22	1716	30.669447	0.565467	27.879733	0.999654	0.628074	0.317846	8	0	0.500000	26	1546	30.826756	0.597878	0.999544	26.759548	0.214944	0.591249	5226	31.882362	0.725347	0.999836	31.294366	0.181269	0.654527	0.124857	0.223748	-0.247097	-0.037848	True	0.595265	30.425334	0.527644	28.005908	0.539296	0.405479	0.571715	27.794661	0.999646	7336
7337.png	0.769795	0.906891	0.951173	0.934996	0.967919	0.999048	28.497171	0.999052	28.699502	0.788364	0.528577	0.946651	31.541631	0.590710	1950	5	1	2	10	1.829787	0.200000	47	43	207.610173	3.036957	0.000000	0.010082	-0.198974	-0.000109	-0.000016	0.022949	1179.415226	0.788364	0.788364	5	1	4	2	10	1.829787	0.200000	5	1	47	43	35	4.828144	3.036957	207.610173	0.000000	44742	22.944615	33.608205	256x256	65536	sparse	Learned	267	5	26	1854	31.746386	0.621468	28.720733	0.999069	0.765415	0.466647	7	5	0.000000	36	1906	31.981973	0.664215	0.998933	28.351598	0.113572	0.752243	4832	32.746889	0.744008	0.999563	32.245482	0.044250	0.674419	-0.021231	0.061930	-0.204756	-0.030759	True	0.769626	31.543861	0.590740	28.690510	0.550671	0.521293	0.759712	28.696145	0.999157	7337
7339.png	0.751762	0.910922	0.953385	0.942308	0.964725	0.999406	27.636840	0.999499	27.891112	0.775862	0.547062	0.861238	31.127938	0.589085	2239	5	0	2	12	1.787234	0.000000	47	42	226.965512	2.729226	0.000000	0.045179	-0.170658	-0.000122	-0.000004	0.048971	1118.561029	0.775862	0.775862	5	0	5	2	12	1.787234	0.000000	5	0	47	42	33	5.403941	2.729226	226.965512	0.000000	45061	20.125502	29.270210	256x256	65536	sparse	Learned	277	5	28	2232	31.615687	0.632474	27.785046	0.999503	0.726891	0.550671	5	1	0.500000	38	2222	31.872179	0.677964	0.999500	27.842010	0.455872	0.732534	3966	32.235649	0.705902	0.999749	31.116535	0.336350	0.722968	0.106066	-0.003609	-0.487749	-0.043389	True	0.751762	31.129926	0.589092	27.887934	0.548870	0.472708	0.706583	27.807499	0.999529	7339
7340.png	0.375727	0.848022	0.917762	0.913987	0.921569	0.998996	28.452434	0.999107	29.034776	0.385735	0.603469	0.234589	31.495160	0.589616	1965	4	1	3	9	1.869565	0.250000	46	43	220.107648	3.020741	0.000000	0.004422	-0.273062	-0.000170	0.000036	0.008485	1027.294159	0.385735	0.385735	4	1	3	3	9	1.869565	0.250000	4	1	46	43	34	5.118783	3.020741	220.107648	0.000000	44659	22.727226	33.351654	256x256	65536	sparse	Learned	261	4	26	1836	31.741998	0.620601	28.659958	0.999071	0.377250	0.159574	13	0	0.000000	37	1926	32.009602	0.663595	0.999060	28.855457	0.320035	0.380100	4801	32.697009	0.738832	0.999511	31.828952	0.121152	0.476529	0.374818	0.443895	-0.246837	-0.030985	True	0.395501	31.500358	0.589655	29.037148	0.630277	0.147856	0.371305	28.725496	0.999166	7340
7341.png	0.570727	0.902392	0.948692	0.936445	0.961264	0.999373	28.254543	0.999442	28.840460	0.594701	0.529989	0.425000	31.932095	0.609143	1708	4	0	1	9	1.777778	0.000000	36	32	171.438600	2.807403	0.000000	0.004671	-0.040793	-0.000046	0.000061	0.015753	892.642498	0.594701	0.594701	4	0	4	1	9	1.777778	0.000000	4	0	36	32	26	5.357456	2.807403	171.438600	0.000000	44390	25.989461	38.370023	256x256	65536	sparse	Learned	234	4	25	1651	32.074459	0.630925	28.263442	0.999381	0.578947	0.244216	8	1	0.000000	37	1626	32.264326	0.662887	0.999293	27.873434	0.230874	0.529014	5439	33.362833	0.764371	0.999787	33.806318	0.163747	0.576369	0.577018	0.285773	-0.142364	-0.021781	True	0.572692	31.937074	0.609201	28.840144	0.534666	0.227233	0.566056	28.295336	0.999419	7341
7342.png	0.724958	0.864162	0.927132	0.923980	0.930305	0.998915	27.872208	0.999170	28.554274	0.745009	0.726102	0.753407	31.446480	0.606177	2391	4	1	5	11	1.901639	0.250000	61	58	301.977705	2.756068	0.000000	0.042512	-0.778595	-0.000264	-0.000017	0.071988	1066.444159	0.745009	0.745009	4	1	3	5	11	1.901639	0.250000	4	1	61	58	45	5.206512	2.756068	301.977705	0.000000	44647	18.672940	27.409452	256x256	65536	sparse	Learned	307	4	30	2296	31.958496	0.651985	28.605561	0.999187	0.673021	0.559568	8	8	0.000000	41	2110	32.226240	0.684114	0.999123	28.489367	0.551953	0.669513	3908	32.546154	0.716251	0.999533	31.492851	0.400171	0.662927	-0.051287	0.166534	-0.512016	-0.045808	True	0.724548	31.452379	0.606213	28.566889	0.736842	0.555142	0.682446	28.650803	0.999179	7342
7343.png	0.729892	0.879951	0.936143	0.938272	0.934023	0.999114	26.265089	0.999417	27.312420	0.748783	0.719168	0.676433	30.090421	0.536081	2536	4	0	3	12	1.866667	0.000000	60	56	297.048773	2.668373	0.000000	0.023720	-1.148728	-0.000327	-0.000035	0.047364	1051.295757	0.748783	0.748783	4	0	4	3	12	1.866667	0.000000	4	0	60	56	45	5.304442	2.668373	297.048773	0.000000	45983	18.132098	25.842271	256x256	65536	sparse	Learned	313	4	27	2513	30.664539	0.603201	27.433128	0.999452	0.701419	0.418545	9	1	0.000000	30	2310	30.858300	0.642282	0.999322	26.658009	0.559568	0.678788	3535	31.129538	0.658106	0.999650	29.748411	0.410413	0.684636	-0.120707	0.300623	-0.574118	-0.067120	True	0.729567	30.093147	0.536120	27.304549	0.731526	0.494828	0.706171	27.413817	0.999442	7343
7344.png	0.575062	0.810853	0.895548	0.846964	0.950045	0.999373	28.105128	0.999362	28.348497	0.612245	0.588522	0.551544	31.161645	0.584084	2133	5	0	1	11	1.811321	0.000000	53	48	257.592929	2.416811	0.000000	0.025696	-0.332710	-0.000112	-0.000040	0.010183	881.998539	0.612245	0.612245	5	0	5	1	11	1.811321	0.000000	5	0	53	48	41	5.366519	2.416811	257.592929	0.000000	44906	21.052977	30.724801	256x256	65536	sparse	Learned	293	5	28	2126	31.699269	0.630720	28.416092	0.999402	0.602062	0.372493	10	2	0.000000	36	2008	31.864850	0.663107	0.999339	28.173883	0.501424	0.573883	4180	32.391051	0.716910	0.999637	31.372278	0.324296	0.587213	-0.067595	0.216029	-0.537624	-0.046635	True	0.575882	31.165620	0.584114	28.350359	0.691181	0.381217	0.549365	28.437838	0.999486	7344
7345.png	0.587035	0.873864	0.932686	0.903643	0.963659	0.999595	27.823221	0.999632	28.099044	0.593279	0.534666	0.555303	31.302208	0.575706	1738	4	0	1	9	1.757576	0.000000	33	29	168.468037	2.407546	0.000000	-0.009337	0.177303	-0.000016	0.000038	-0.022871	908.652306	0.593279	0.593279	4	0	4	1	9	1.757576	0.000000	4	0	33	29	23	5.809243	2.407546	168.468037	0.000000	44971	25.875144	37.707710	256x256	65536	sparse	Learned	233	4	23	1702	31.402407	0.601915	27.694665	0.999594	0.616150	0.421895	5	1	0.375000	32	1672	31.643641	0.640260	0.999532	27.201322	0.372911	0.598889	5223	32.653785	0.746111	0.999811	31.750782	0.269481	0.606027	0.404380	0.112771	-0.100198	-0.026209	True	0.587740	31.304564	0.575721	28.097870	0.529989	0.294304	0.596372	27.645918	0.999610	7345
7346.png	0.593704	0.834651	0.909875	0.923628	0.896525	0.999176	28.013107	0.999400	28.540459	0.642857	0.673720	0.429871	30.638401	0.543239	2052	4	0	4	13	1.851852	0.000000	54	50	246.752309	2.490898	0.000000	0.001032	-0.042097	-0.000096	0.000078	0.020370	1162.924528	0.642857	0.642857	4	0	4	4	13	1.851852	0.000000	4	0	54	50	37	4.935046	2.490898	246.752309	0.000000	45551	22.198343	31.937622	256x256	65536	sparse	Learned	277	4	24	1938	30.892451	0.587608	27.945281	0.999322	0.622487	0.230049	14	1	0.000000	29	1872	31.074722	0.622694	0.999154	27.230741	0.243053	0.597907	4176	31.680586	0.693621	0.999650	30.869311	0.143914	0.638422	0.595177	0.443671	-0.254049	-0.044369	True	0.592240	30.640272	0.543254	28.541868	0.703290	0.302324	0.592672	28.055204	0.999272	7346
7347.png	0.747303	0.891525	0.942652	0.925513	0.960438	0.999144	28.248465	0.999123	28.520469	0.740987	0.726102	0.896811	30.756729	0.556732	2474	4	1	4	10	1.898305	0.250000	59	56	297.007143	2.896568	0.000000	-0.027191	-0.173049	-0.000090	-0.000051	-0.019268	983.476162	0.740987	0.740987	4	1	3	4	10	1.898305	0.250000	4	1	59	56	45	5.303699	2.896568	297.007143	0.000000	45405	18.352870	26.489895	256x256	65536	sparse	Learned	319	4	28	2415	31.148407	0.616232	28.546076	0.999174	0.760256	0.600341	7	7	0.000000	34	2444	31.396523	0.662863	0.999026	27.995043	0.143475	0.731122	3753	31.626328	0.680580	0.999419	30.375906	0.232423	0.727082	-0.025606	0.125761	-0.391678	-0.059501	True	0.746591	30.758492	0.556750	28.519304	0.635052	0.569521	0.774494	28.421514	0.999234	7347
7348.png	0.758370	0.921429	0.959108	0.953437	0.964847	0.999242	27.142498	0.999388	27.638761	0.777778	0.554251	0.716631	30.359711	0.535535	2236	5	0	1	11	1.795918	0.000000	49	44	224.752309	2.859652	0.000000	0.017804	-0.209533	-0.000111	0.000037	0.036987	1106.041908	0.777778	0.777778	5	0	5	1	11	1.795918	0.000000	5	0	49	44	37	5.108007	2.859652	224.752309	0.000000	45920	20.536673	29.309481	256x256	65536	sparse	Learned	284	5	25	2185	30.676450	0.588663	27.356359	0.999351	0.740790	0.399504	8	4	0.000000	31	2230	30.934439	0.637089	0.999229	26.840157	0.424491	0.734680	4159	31.388310	0.680953	0.999668	30.561537	0.378737	0.740940	0.282402	0.154747	-0.316739	-0.053127	True	0.759098	30.362828	0.535549	27.643291	0.559568	0.401004	0.740566	27.352031	0.999353	7348
7349.png	0.641982	0.879761	0.936035	0.934142	0.937935	0.998902	27.929333	0.999094	28.215385	0.656300	0.678899	0.657792	30.966671	0.573431	2429	5	1	5	13	1.880597	0.200000	67	63	319.350288	2.786967	0.000000	0.006913	-0.312665	-0.000167	-0.000044	0.009706	994.611502	0.656300	0.656300	5	1	4	5	13	1.880597	0.200000	5	1	67	63	49	5.069052	2.786967	319.350288	0.000000	45242	18.625772	26.980650	256x256	65536	sparse	Learned	324	5	29	2365	31.374316	0.626449	28.245327	0.999138	0.646594	0.313092	18	7	0.000000	37	2414	31.639425	0.672890	0.999033	27.974969	0.248737	0.634158	3737	31.886281	0.690754	0.999441	30.526823	0.210307	0.635346	-0.029942	0.365807	-0.407645	-0.053018	True	0.642857	30.972230	0.573462	28.221269	0.687765	0.452407	0.635069	28.241998	0.999069	7349
7350.png	0.679270	0.843546	0.915134	0.896743	0.934296	0.999276	27.086810	0.999434	27.650719	0.723822	0.637960	0.751976	29.910488	0.523395	2388	5	0	2	12	1.841270	0.000000	63	58	286.279221	2.534525	0.000000	0.062027	-0.497337	-0.000197	0.000002	0.083735	885.256767	0.723822	0.723822	5	0	5	2	12	1.841270	0.000000	5	0	63	58	49	4.935849	2.534525	286.279221	0.000000	46000	19.262982	27.443886	256x256	65536	sparse	Learned	319	5	26	2342	30.569176	0.590735	27.566563	0.999432	0.640087	0.334451	14	3	0.000000	29	2382	30.753320	0.635679	0.999243	26.538389	0.453926	0.615044	3614	31.066365	0.655897	0.999622	29.854989	0.186550	0.620897	0.084156	0.303509	-0.658688	-0.067340	True	0.679479	29.914525	0.523447	27.652631	0.574007	0.431640	0.617243	27.584148	0.999473	7350
7351.png	0.663909	0.864562	0.927362	0.930921	0.923830	0.999493	26.908311	0.999666	27.747310	0.722581	0.543880	0.569473	30.157279	0.519060	1806	4	0	1	9	1.794872	0.000000	39	35	175.781746	2.525063	0.000000	0.004257	-0.471195	-0.000152	0.000015	0.032216	990.093231	0.722581	0.722581	4	0	4	1	9	1.794872	0.000000	4	0	39	35	29	5.022336	2.525063	175.781746	0.000000	45962	25.449612	36.287929	256x256	65536	sparse	Learned	242	4	21	1721	30.423889	0.558242	27.351509	0.999651	0.690365	0.341073	7	2	0.000000	26	1660	30.655112	0.596000	0.999570	26.521165	0.351656	0.677483	5094	31.675965	0.715504	0.999853	31.495055	0.268646	0.676580	0.395800	0.202807	-0.266610	-0.039182	True	0.660807	30.159953	0.519077	27.755121	0.555142	0.316139	0.659652	27.379506	0.999645	7351
7352.png	0.729231	0.886228	0.939683	0.925578	0.954223	0.998858	28.522387	0.998865	28.750891	0.726888	0.571729	0.890970	31.534857	0.595391	2164	5	2	4	11	1.892857	0.400000	56	53	242.379726	3.215435	0.000000	0.014436	-0.205089	-0.000130	-0.000044	0.016101	1288.511753	0.726888	0.726888	5	2	3	4	11	1.892857	0.400000	5	1	56	53	41	4.573202	3.215435	242.379726	0.000000	44709	20.660351	30.284658	256x256	65536	sparse	Learned	276	5	28	2143	31.781406	0.635379	28.745957	0.998909	0.710787	0.538528	6	4	0.000000	41	2134	32.122841	0.677423	0.998823	28.588680	0.493383	0.726901	4334	32.557839	0.725723	0.999429	31.770362	0.243586	0.700522	0.004934	0.033202	-0.246550	-0.039988	True	0.728334	31.538473	0.595412	28.753739	0.586873	0.522886	0.714795	28.727476	0.998988	7352
7353.png	0.607865	0.894022	0.944046	0.938391	0.949769	0.998970	27.346263	0.999223	28.164014	0.622879	0.683996	0.410316	30.472273	0.556816	2559	5	1	4	12	1.875000	0.200000	64	60	326.249783	2.748524	0.000000	0.000365	-0.784014	-0.000270	-0.000008	0.025643	959.623337	0.622879	0.622879	5	1	4	4	12	1.875000	0.200000	5	1	64	60	48	5.437496	2.748524	326.249783	0.000000	45563	17.805002	25.610004	256x256	65536	sparse	Learned	329	5	28	2479	31.107356	0.619700	28.197938	0.999230	0.597236	0.292404	17	7	0.000000	33	2530	31.313260	0.666324	0.999135	27.741201	0.458457	0.576321	3523	31.475185	0.670026	0.999490	30.049692	0.212161	0.597757	-0.033924	0.391592	-0.635083	-0.062885	True	0.608079	30.474275	0.556840	28.166570	0.704770	0.289178	0.607500	28.130277	0.999240	7353
7354.png	0.679967	0.902409	0.948701	0.935648	0.962125	0.997966	28.376356	0.997850	28.679657	0.682482	0.653544	0.953792	30.381651	0.536581	2543	5	2	10	17	1.910448	0.400000	67	64	309.048773	4.053295	0.000000	-0.004789	-0.015252	-0.000041	0.000098	0.001440	1655.673981	0.682482	0.682482	5	2	3	10	17	1.910448	0.400000	5	1	67	64	40	4.828887	4.053295	309.048773	0.000000	45823	18.019269	25.771136	256x256	65536	sparse	Learned	291	5	27	2429	30.735842	0.599188	28.408317	0.997752	0.681041	0.472708	13	13	0.000000	32	2496	31.018969	0.649474	0.997318	27.735806	0.110711	0.671943	3653	31.214706	0.661734	0.998266	29.870056	0.099986	0.686920	0.271340	0.180837	-0.354191	-0.062607	True	0.681219	30.386205	0.536605	28.682168	0.664455	0.633752	0.684756	28.391607	0.998007	7354
7355.png	0.703911	0.913136	0.954596	0.956361	0.952837	0.999210	26.604357	0.999416	27.301412	0.720848	0.676967	0.780802	30.934594	0.575956	2301	4	0	4	12	1.854545	0.000000	55	51	258.865007	2.669328	0.000000	-0.006116	-0.682410	-0.000209	-0.000007	0.017670	922.548294	0.720848	0.720848	4	0	4	4	12	1.854545	0.000000	4	0	55	51	39	5.075784	2.669328	258.865007	0.000000	45359	19.712734	28.481530	256x256	65536	sparse	Learned	289	4	27	2259	31.294898	0.620647	27.254664	0.999423	0.703178	0.603469	4	0	1.000000	35	2116	31.556957	0.658716	0.999357	27.193013	0.613259	0.687881	3940	31.935954	0.693807	0.999684	30.626838	0.518091	0.701813	0.046748	0.073498	-0.360304	-0.044691	True	0.703626	30.936107	0.575969	27.302255	0.676967	0.528577	0.710027	27.286766	0.999420	7355
7356.png	0.756180	0.878685	0.935426	0.938080	0.932786	0.998873	27.226825	0.999132	27.966851	0.767123	0.728556	0.871277	30.552217	0.560763	2749	5	2	5	12	1.926829	0.400000	82	79	379.989899	2.702318	0.000000	0.002313	-0.757601	-0.000282	-0.000020	0.031432	1142.966747	0.767123	0.767123	5	2	3	5	12	1.926829	0.400000	5	2	82	79	65	4.809999	2.702318	379.989899	0.000000	45575	16.578756	23.839942	256x256	65536	sparse	Learned	345	5	30	2713	31.121453	0.628107	28.023040	0.999152	0.735691	0.513248	9	5	0.000000	35	2458	31.291752	0.664237	0.999032	27.466525	0.509338	0.707038	3317	31.407257	0.661477	0.999412	29.869387	0.407306	0.726350	-0.056189	0.215308	-0.569237	-0.067343	True	0.756180	30.556344	0.560797	27.967068	0.751422	0.654697	0.753868	27.984426	0.999154	7356
7357.png	0.618897	0.847590	0.917509	0.873913	0.965683	0.999214	27.719202	0.999162	28.081938	0.611674	0.714924	0.444894	30.315776	0.533203	2390	4	1	4	10	1.904762	0.250000	63	60	289.835570	2.936329	0.000000	0.013280	-0.098113	-0.000080	0.000025	0.007639	1139.371157	0.611674	0.611674	4	1	3	4	10	1.904762	0.250000	4	1	63	60	49	4.830593	2.936329	289.835570	0.000000	45849	19.183682	27.420921	256x256	65536	sparse	Learned	314	4	26	2360	30.654861	0.593065	27.909698	0.999137	0.604035	0.317190	13	2	0.000000	30	2172	30.915873	0.630168	0.998966	27.173134	0.219250	0.515403	3759	31.268496	0.662861	0.999368	29.690742	0.191035	0.590647	0.172241	0.397734	-0.339085	-0.059862	True	0.619531	30.319009	0.533217	28.079067	0.723349	0.321814	0.605617	27.817315	0.999293	7357
7358.png	0.756041	0.880694	0.936563	0.902222	0.973621	0.999646	27.247787	0.999666	27.655953	0.757174	0.483149	0.634686	30.408256	0.538225	1962	5	0	0	10	1.750000	0.000000	40	35	193.965512	2.252760	0.000000	0.044312	-0.332966	-0.000061	-0.000007	0.016181	745.745897	0.757174	0.757174	5	0	5	0	10	1.750000	0.000000	5	0	40	35	30	5.541872	2.252760	193.965512	0.000000	45749	23.317533	33.402650	256x256	65536	sparse	Learned	250	5	23	1893	30.790964	0.581273	27.537231	0.999673	0.740993	0.305418	9	0	0.600000	28	1904	30.983562	0.622021	0.999627	27.000399	0.399504	0.705104	4772	31.783159	0.711289	0.999827	30.910500	0.268646	0.728137	0.118721	0.177731	-0.382707	-0.043048	True	0.755760	30.411275	0.538264	27.662286	0.495405	0.314427	0.711730	27.580753	0.999708	7358
7359.png	0.560040	0.905095	0.950184	0.937888	0.962806	0.999374	27.587531	0.999430	27.727480	0.591692	0.483149	0.514847	31.438793	0.591236	1770	4	0	0	8	1.750000	0.000000	32	28	152.024387	3.044400	0.000000	0.008415	0.471444	0.000006	0.000089	0.007077	1128.200293	0.591692	0.591692	4	0	4	0	8	1.750000	0.000000	4	0	32	28	24	5.429442	3.044400	152.024387	0.000000	44780	25.299435	37.025989	256x256	65536	sparse	Learned	224	4	23	1748	31.525226	0.614543	27.091846	0.999341	0.584615	0.268384	8	1	0.000000	34	1600	31.901013	0.646167	0.999335	27.612051	0.309266	0.586978	5280	32.921577	0.753112	0.999781	32.631180	0.236621	0.599038	0.635634	0.214764	-0.086433	-0.023307	True	0.560606	31.443789	0.591276	27.732859	0.503415	0.259182	0.551625	27.116087	0.999367	7359
7360.png	0.768171	0.914286	0.955224	0.952534	0.957929	0.999357	27.978571	0.999462	28.350452	0.794118	0.541594	0.896830	30.211271	0.520109	2047	5	0	1	11	1.761905	0.000000	42	37	218.580736	2.791976	0.000000	0.002917	0.132137	-0.000051	0.000061	0.009747	1133.810043	0.794118	0.794118	5	0	5	1	11	1.761905	0.000000	5	0	42	37	30	5.907587	2.791976	218.580736	0.000000	46026	22.484612	32.015633	256x256	65536	sparse	Learned	263	5	23	2002	30.422291	0.568897	27.804046	0.999401	0.784370	0.526056	6	5	0.000000	26	1838	30.618348	0.607472	0.999180	26.583678	0.235529	0.757662	4719	31.420931	0.700280	0.999692	30.681049	0.154458	0.745236	0.546407	0.015538	-0.211020	-0.048788	True	0.766998	30.210472	0.520116	28.341260	0.561327	0.503415	0.765255	27.846434	0.999408	7360
7361.png	0.596652	0.875653	0.933705	0.920879	0.946893	0.998793	28.610399	0.998788	28.865001	0.606303	0.554506	0.441986	30.643299	0.552846	2557	7	0	0	14	1.800000	0.000000	70	63	326.119841	2.696018	0.000000	-0.011279	-0.387206	-0.000170	-0.000117	-0.004093	1239.568710	0.606303	0.606303	7	0	7	0	14	1.800000	0.000000	7	0	70	63	56	5.176505	2.696018	326.119841	0.000000	45509	17.797810	25.630035	256x256	65536	sparse	Learned	334	7	28	2483	31.053571	0.614504	29.065648	0.998905	0.610396	0.288941	20	1	0.000000	34	2444	31.308876	0.660630	0.998683	28.341477	0.111876	0.558354	3552	31.472026	0.668015	0.999087	30.191519	0.098523	0.589312	-0.200647	0.265565	-0.410272	-0.061658	True	0.596652	30.642983	0.552853	28.857415	0.571974	0.252805	0.607932	28.997605	0.998964	7361
7362.png	0.595608	0.920829	0.958783	0.953245	0.964385	0.998521	28.373456	0.998518	28.743186	0.606856	0.689633	0.482287	30.567718	0.543062	2400	4	0	5	13	1.859649	0.000000	57	53	264.793939	3.676714	0.000000	-0.020914	-0.005242	-0.000063	0.000117	-0.011298	1492.244005	0.606856	0.606856	4	0	4	5	13	1.859649	0.000000	4	0	57	53	39	4.996112	3.676714	264.793939	0.000000	45668	19.028333	27.306667	256x256	65536	sparse	Learned	292	4	27	2371	30.876026	0.602216	28.387496	0.998401	0.618154	0.504517	9	9	0.000000	31	2284	31.104558	0.644739	0.997901	27.626228	0.200152	0.579836	3862	31.454805	0.674570	0.998894	30.126151	0.177361	0.569614	0.355691	0.185116	-0.308308	-0.059154	True	0.594537	30.571162	0.543091	28.743738	0.703290	0.339188	0.616522	28.378698	0.998584	7362
7363.png	0.779716	0.855485	0.922115	0.873922	0.975933	0.999600	27.467679	0.999574	27.765952	0.821918	0.522886	0.983213	30.082149	0.517759	1794	4	0	1	9	1.777778	0.000000	36	32	163.882251	2.684741	0.000000	0.115992	0.263288	-0.000024	0.000023	0.095437	1021.221876	0.821918	0.821918	4	0	4	1	9	1.777778	0.000000	4	0	36	32	26	5.121320	2.684741	163.882251	0.000000	45936	25.605351	36.530658	256x256	65536	sparse	Learned	238	4	21	1722	30.419964	0.557851	27.271389	0.999550	0.726481	0.387374	8	4	0.000000	26	1656	30.672158	0.596878	0.999453	26.673168	0.240083	0.751107	5045	31.640142	0.713966	0.999818	31.133062	0.188442	0.715131	0.494564	0.135512	-0.337815	-0.040092	True	0.778020	30.084229	0.517747	27.762555	0.546155	0.536987	0.663725	27.204391	0.999623	7363
7364.png	0.785613	0.912040	0.953997	0.957608	0.950413	0.999219	26.263046	0.999430	26.822377	0.818645	0.548870	0.987833	30.484221	0.556094	2280	5	0	2	12	1.791667	0.000000	48	43	227.137085	2.829262	0.000000	0.020238	-0.798871	-0.000261	-0.000073	0.038537	1074.200153	0.818645	0.818645	5	0	5	2	12	1.791667	0.000000	5	0	48	43	34	5.282258	2.829262	227.137085	0.000000	45664	20.028070	28.743860	256x256	65536	sparse	Learned	279	5	26	2230	31.002497	0.607740	27.055212	0.999503	0.780108	0.443292	7	4	0.000000	33	2172	31.230904	0.649531	0.999451	26.933216	0.554251	0.769701	4064	31.669398	0.689484	0.999758	30.373798	0.499140	0.774950	-0.232835	0.105578	-0.518276	-0.051647	True	0.785613	30.488628	0.556119	26.825876	0.570013	0.563078	0.765374	27.061917	0.999479	7364
7365.png	0.802027	0.898711	0.946654	0.951886	0.941479	0.999081	26.329690	0.999384	27.211711	0.837920	0.627679	0.779365	29.927868	0.528354	2544	5	0	4	14	1.833333	0.000000	60	55	280.936075	2.778031	0.000000	0.072227	-0.755694	-0.000322	-0.000006	0.103388	1189.095259	0.837920	0.837920	5	0	5	4	14	1.833333	0.000000	5	0	60	55	42	5.107929	2.778031	280.936075	0.000000	46168	18.147799	25.761006	256x256	65536	sparse	Learned	304	5	26	2418	30.515169	0.594326	27.078360	0.999391	0.734532	0.502172	8	3	0.000000	31	2492	30.749110	0.646886	0.999289	26.511266	0.498424	0.736527	3603	31.009399	0.654197	0.999657	29.526294	0.341309	0.734466	0.133350	0.125508	-0.587301	-0.065972	True	0.801549	29.932115	0.528385	27.211345	0.642278	0.500569	0.729801	27.085384	0.999403	7365
7367.png	0.631494	0.883473	0.938132	0.926013	0.950573	0.999098	27.799726	0.999222	28.141708	0.646394	0.663110	0.556931	30.165348	0.529260	2458	5	0	4	14	1.841270	0.000000	63	58	317.948268	2.735477	0.000000	-0.010728	-0.128294	-0.000092	0.000032	-0.005035	1033.942461	0.646394	0.646394	5	0	5	4	14	1.841270	0.000000	5	0	63	58	45	5.481867	2.735477	317.948268	0.000000	45973	18.703417	26.662327	256x256	65536	sparse	Learned	299	5	26	2358	30.579085	0.591549	27.920757	0.999190	0.651429	0.338243	14	1	0.000000	29	2420	30.787566	0.639699	0.999000	27.007899	0.289119	0.595072	3489	31.022762	0.647208	0.999423	29.760609	0.191664	0.630626	0.220951	0.324867	-0.413737	-0.062289	True	0.637876	30.168430	0.529275	28.141537	0.686514	0.382341	0.642221	27.928020	0.999190	7367
7368.png	0.624720	0.904394	0.949797	0.936079	0.963924	0.998998	27.654298	0.999025	28.023234	0.624656	0.642993	0.629318	31.550781	0.611949	2305	4	0	3	11	1.836735	0.000000	49	45	241.350288	3.180594	0.000000	-0.016839	-0.479503	-0.000095	-0.000002	-0.011422	1319.743633	0.624656	0.624656	4	0	4	3	11	1.836735	0.000000	4	0	49	45	35	5.363340	3.180594	241.350288	0.000000	44651	19.371367	28.432104	256x256	65536	sparse	Learned	277	4	30	2280	32.032936	0.654755	28.151701	0.999028	0.636078	0.348990	13	6	0.000000	43	2146	32.310472	0.688882	0.999115	28.729694	0.360243	0.614090	3889	32.595514	0.717857	0.999478	31.174168	0.316139	0.637612	-0.128467	0.294003	-0.482155	-0.042806	True	0.632721	31.554408	0.611995	28.028858	0.667129	0.419836	0.641560	28.133801	0.999093	7368
7369.png	0.611405	0.909252	0.952469	0.945466	0.959577	0.998749	28.089738	0.998722	28.465302	0.645833	0.591801	0.687172	31.018058	0.574659	2326	5	1	4	12	1.849057	0.200000	53	49	252.308658	3.173514	0.000000	-0.025309	-0.271313	-0.000112	0.000001	-0.006845	1302.769661	0.645833	0.645833	5	1	4	4	12	1.849057	0.200000	5	1	53	49	37	5.149156	3.173514	252.308658	0.000000	45195	19.430353	28.175408	256x256	65536	sparse	Learned	285	5	28	2299	31.390327	0.624982	28.345955	0.998721	0.652678	0.356954	13	5	0.000000	36	2320	31.630219	0.668468	0.998501	27.874884	0.390152	0.625553	3878	31.963265	0.695767	0.999310	31.131800	0.305350	0.625821	0.119347	0.234847	-0.372268	-0.050323	True	0.626682	31.020644	0.574663	28.461186	0.627679	0.431324	0.636714	28.361051	0.998861	7369
7370.png	0.613874	0.907416	0.951461	0.967259	0.936170	0.998072	27.711475	0.998474	28.223909	0.640145	0.723349	0.482472	30.928972	0.580696	2634	4	0	4	12	1.873016	0.000000	63	59	294.835570	3.877990	0.000000	0.011895	-0.541469	-0.000307	-0.000026	0.032750	1553.567410	0.640145	0.640145	4	0	4	4	12	1.873016	0.000000	4	0	63	59	47	4.997213	3.877990	294.835570	0.000000	45339	17.212984	24.880790	256x256	65536	sparse	Learned	303	4	30	2594	31.416909	0.638022	28.227278	0.998500	0.607394	0.400050	11	3	0.000000	38	2626	31.651678	0.684712	0.998343	27.987154	0.446780	0.615588	3472	31.756052	0.676448	0.998950	30.283070	0.366609	0.595942	-0.003369	0.323299	-0.487936	-0.057326	True	0.613974	30.934186	0.580708	28.229894	0.766600	0.369863	0.601979	28.252944	0.998378	7370
7371.png	0.756926	0.912281	0.954128	0.966543	0.942029	0.999352	26.491513	0.999534	27.299339	0.789474	0.503415	0.720435	30.524446	0.540211	1862	4	0	1	9	1.757576	0.000000	33	29	157.539105	3.206944	0.000000	0.022215	-0.185772	-0.000105	0.000036	0.060759	936.527967	0.789474	0.789474	4	0	4	1	9	1.757576	0.000000	4	0	33	29	23	5.432383	3.206944	157.539105	0.000000	45680	24.532760	35.196563	256x256	65536	sparse	Learned	226	4	21	1778	30.559290	0.570244	26.702921	0.999498	0.728715	0.395488	6	1	0.250000	29	1828	30.961314	0.620376	0.999423	26.301865	0.401503	0.711409	4807	31.809262	0.710969	0.999800	31.077159	0.275302	0.740401	0.596418	0.107927	-0.034844	-0.030033	True	0.755139	30.527039	0.540220	27.304324	0.546155	0.393469	0.734711	26.677285	0.999457	7371
7372.png	0.608549	0.861809	0.925776	0.927027	0.924528	0.998913	28.018256	0.999061	28.374477	0.649729	0.664455	0.762656	30.619629	0.556473	2529	5	1	5	13	1.884058	0.200000	69	65	313.735065	2.991683	0.000000	-0.010183	-0.350667	-0.000228	-0.000035	-0.011428	1181.843281	0.649729	0.649729	5	1	4	5	13	1.884058	0.200000	5	1	69	65	51	4.826693	2.991683	313.735065	0.000000	45531	18.003559	25.913800	256x256	65536	sparse	Learned	316	5	29	2510	31.128868	0.619996	28.287769	0.999095	0.661157	0.333792	13	3	0.000000	36	2480	31.360107	0.664667	0.999012	27.892075	0.393469	0.648346	3659	31.548035	0.675264	0.999441	30.281317	0.305109	0.660895	0.086708	0.330663	-0.509239	-0.063523	True	0.608173	30.622416	0.556495	28.369796	0.692721	0.528308	0.618732	28.368923	0.999141	7372
7373.png	0.750432	0.895444	0.944838	0.941068	0.948639	0.998863	28.328978	0.998915	28.701949	0.761987	0.678578	0.842049	31.137264	0.574350	2237	4	0	4	12	1.859649	0.000000	57	53	269.391919	3.028778	0.000000	0.001124	-0.251733	-0.000140	-0.000018	0.024713	1273.815870	0.761987	0.761987	4	0	4	4	12	1.859649	0.000000	4	0	57	53	41	5.082866	3.028778	269.391919	0.000000	45132	20.175235	29.296379	256x256	65536	sparse	Learned	282	4	28	2229	31.447692	0.623454	28.563920	0.998934	0.737274	0.554028	8	10	0.000000	35	2100	31.636970	0.656731	0.998760	28.109395	0.198669	0.705016	4121	32.120305	0.707351	0.999402	31.398325	0.064833	0.680979	0.138029	0.124549	-0.310428	-0.049104	True	0.749856	31.138893	0.574362	28.700929	0.683363	0.575425	0.749308	28.580711	0.999002	7373
7374.png	0.764867	0.916742	0.956563	0.953861	0.959280	0.999350	27.666255	0.999428	28.098081	0.775229	0.532334	0.806046	31.254660	0.573458	1786	4	0	2	10	1.789474	0.000000	38	34	176.580736	2.960977	0.000000	0.003634	0.384260	0.000021	0.000110	0.021074	1070.496321	0.775229	0.775229	4	0	4	2	10	1.789474	0.000000	4	0	38	34	26	5.193551	2.960977	176.580736	0.000000	45073	25.236842	36.694289	256x256	65536	sparse	Learned	231	4	22	1591	31.336508	0.594580	27.268714	0.999317	0.754156	0.613259	4	5	0.000000	32	1720	31.592582	0.641119	0.999359	27.620187	0.299527	0.783290	5124	32.545773	0.744222	0.999738	31.820151	0.276569	0.739583	0.829367	-0.080925	-0.081848	-0.021122	True	0.764168	31.257192	0.573467	28.095747	0.552912	0.445673	0.761233	27.281995	0.999329	7374
7375.png	0.759480	0.896951	0.945676	0.944629	0.946726	0.999486	26.449676	0.999666	27.145079	0.788779	0.566126	0.674927	30.800356	0.562517	1958	4	0	1	9	1.804878	0.000000	41	37	192.823376	2.395733	0.000000	0.032564	-0.849053	-0.000175	0.000010	0.058199	842.866421	0.788779	0.788779	4	0	4	1	9	1.804878	0.000000	4	0	41	37	31	5.211443	2.395733	192.823376	0.000000	45342	23.157303	33.470889	256x256	65536	sparse	Learned	249	4	24	1902	31.151342	0.600709	27.243812	0.999655	0.730580	0.508356	4	0	1.000000	32	1884	31.403476	0.636688	0.999594	26.631183	0.322943	0.732490	4686	32.134774	0.717429	0.999855	31.223448	0.277801	0.725838	-0.098733	0.057770	-0.350986	-0.038192	True	0.758397	30.802483	0.562529	27.140515	0.561765	0.379151	0.726916	27.298729	0.999661	7375
7376.png	0.658505	0.918121	0.957313	0.950880	0.963833	0.998535	27.705670	0.998724	28.296451	0.673380	0.717478	0.947169	31.338358	0.608667	2945	5	2	6	13	1.921053	0.400000	76	73	368.333044	2.939373	0.000000	-0.024546	-0.897580	-0.000317	-0.000093	-0.011252	1209.127426	0.673380	0.673380	5	2	3	6	13	1.921053	0.400000	5	1	76	73	57	5.045658	2.939373	368.333044	0.000000	45065	15.302207	22.253311	256x256	65536	sparse	Learned	349	5	34	2886	31.889435	0.666353	28.570816	0.998816	0.684632	0.436357	15	16	0.000000	44	2890	32.241525	0.712046	0.998803	28.850273	0.625522	0.683750	3131	32.109420	0.682308	0.999178	30.741030	0.489751	0.661895	-0.274365	0.281122	-0.551078	-0.057686	True	0.659230	31.344556	0.608692	28.303448	0.653544	0.619017	0.683051	28.603250	0.998851	7376
7377.png	0.521696	0.844552	0.915726	0.929638	0.902225	0.998671	28.310554	0.998892	28.778782	0.548569	0.752167	0.358551	30.823803	0.562713	2390	4	2	6	11	1.939394	0.500000	66	64	321.977705	2.987454	0.000000	-0.009539	-0.386466	-0.000234	-0.000012	0.000213	1159.012318	0.548569	0.548569	4	2	2	6	11	1.939394	0.500000	4	1	66	64	49	5.030902	2.987454	321.977705	0.000000	45302	18.954812	27.420921	256x256	65536	sparse	Learned	315	4	28	2372	31.234344	0.616994	28.716442	0.998904	0.548355	0.289324	13	6	0.000000	35	2360	31.513977	0.661936	0.998850	28.494486	0.273851	0.542356	3813	31.802234	0.687926	0.999282	30.867999	0.219016	0.533564	0.062340	0.462843	-0.410541	-0.054280	True	0.521439	30.825206	0.562739	28.774196	0.782379	0.280523	0.531235	28.697020	0.998905	7377
7378.png	0.547832	0.902049	0.948502	0.948183	0.948822	0.998721	28.659221	0.998844	28.754930	0.576623	0.609372	0.583533	30.933958	0.558744	2083	4	0	2	10	1.829787	0.000000	47	43	213.409163	3.363756	0.000000	0.016543	0.355119	0.000084	0.000124	0.020361	1304.099083	0.576623	0.576623	4	0	4	2	10	1.829787	0.000000	4	0	47	43	35	4.963004	3.363756	213.409163	0.000000	45306	21.750360	31.462314	256x256	65536	sparse	Learned	264	4	25	2070	31.072251	0.600783	28.301368	0.998719	0.556262	0.344266	10	3	0.000000	32	1864	31.363868	0.635893	0.998434	27.740267	0.314769	0.562145	4368	31.974685	0.706431	0.999255	31.153806	0.226005	0.561783	0.453562	0.265106	-0.138293	-0.042039	True	0.550032	30.939131	0.558763	28.763117	0.644774	0.376246	0.531289	28.304102	0.998637	7378
7379.png	0.579320	0.882678	0.937683	0.906449	0.971147	0.999027	27.871445	0.998995	28.214062	0.595058	0.557803	0.448348	31.608804	0.611373	2156	5	0	2	12	1.803922	0.000000	51	46	228.823376	2.967130	0.000000	0.019604	-0.579922	-0.000195	-0.000088	0.015449	1175.232172	0.595058	0.595058	5	0	5	2	12	1.803922	0.000000	5	0	51	46	37	4.974421	2.967130	228.823376	0.000000	44554	20.665121	30.397032	256x256	65536	sparse	Learned	271	5	29	2126	32.048291	0.650135	28.482066	0.999083	0.579610	0.237710	14	2	0.000000	43	2140	32.354695	0.687878	0.999143	28.843899	0.228136	0.586875	4109	32.748911	0.727651	0.999481	31.443089	0.226843	0.589186	-0.268003	0.320093	-0.439486	-0.038762	True	0.586911	31.613815	0.611424	28.219468	0.552465	0.247696	0.559716	28.451367	0.999222	7379
7380.png	0.865408	0.930717	0.964116	0.966879	0.961368	0.998741	27.069185	0.999091	27.845544	0.886350	0.644774	1.096771	31.222565	0.590154	2369	4	1	3	9	1.877551	0.250000	49	46	240.865007	3.070455	0.000000	0.025293	-0.745398	-0.000287	-0.000010	0.057680	1350.031376	0.886350	0.886350	4	1	3	3	9	1.877551	0.250000	4	1	49	46	37	5.236196	3.070455	240.865007	0.000000	45080	19.029126	27.663993	256x256	65536	sparse	Learned	279	4	28	2360	31.557476	0.637903	27.823698	0.999101	0.828669	0.730180	4	4	0.000000	40	2366	31.938126	0.681382	0.999170	28.245981	0.735523	0.834104	3742	32.105066	0.697228	0.999548	30.993865	0.677612	0.825635	0.021846	-0.085406	-0.334911	-0.047750	True	0.865326	31.225133	0.590176	27.843633	0.656991	0.720569	0.840115	27.814583	0.999028	7380
7381.png	0.769591	0.940349	0.969257	0.972280	0.966253	0.998752	27.699176	0.998897	28.091228	0.782668	0.589344	1.017339	31.810707	0.613268	2076	4	0	1	9	1.818182	0.000000	44	40	203.823376	3.362852	0.000000	0.012818	-0.628463	-0.000214	-0.000093	0.031565	1003.869057	0.782668	0.782668	4	0	4	1	9	1.818182	0.000000	4	0	44	40	34	5.095584	3.362852	203.823376	0.000000	44482	21.426782	31.568401	256x256	65536	sparse	Learned	263	4	28	1998	32.037490	0.644472	28.349324	0.998990	0.751103	0.491933	7	8	0.000000	41	1952	32.322804	0.682249	0.998951	28.393478	0.433846	0.773384	4401	32.834104	0.737625	0.999444	31.460062	0.385958	0.745466	-0.258097	0.097411	-0.226783	-0.031204	True	0.769591	31.813689	0.613293	28.091150	0.524791	0.533890	0.756774	28.327639	0.998966	7381
7382.png	0.788015	0.915175	0.955709	0.946098	0.965517	0.999422	26.553513	0.999525	27.110796	0.806742	0.662098	0.646801	30.670513	0.561754	2305	4	0	3	11	1.843137	0.000000	51	47	251.936075	2.508177	0.000000	0.019278	-0.299754	-0.000090	0.000019	0.026514	1014.005184	0.806742	0.806742	4	0	4	3	11	1.843137	0.000000	4	0	51	47	37	5.360342	2.508177	251.936075	0.000000	45575	19.772234	28.432104	256x256	65536	sparse	Learned	288	4	27	2291	31.096353	0.614849	26.845309	0.999506	0.780228	0.665460	4	2	0.000000	33	2226	31.366335	0.656374	0.999459	26.802588	0.530772	0.771490	4032	31.763525	0.691172	0.999767	30.560180	0.535441	0.787661	0.265487	-0.003362	-0.425840	-0.053095	True	0.789355	30.672755	0.561773	27.126568	0.665460	0.430421	0.768737	26.853268	0.999512	7382
7383.png	0.714894	0.903548	0.949330	0.949883	0.948778	0.998998	27.105472	0.999211	27.767828	0.728541	0.707707	0.809427	30.557363	0.562372	2515	4	0	5	13	1.875000	0.000000	64	60	283.421356	3.088084	0.000000	-0.012519	-0.326567	-0.000130	0.000078	-0.000508	1285.141945	0.728541	0.728541	4	0	4	5	13	1.875000	0.000000	4	0	64	60	46	4.723689	3.088084	283.421356	0.000000	45588	18.126441	26.058052	256x256	65536	sparse	Learned	293	4	27	2362	31.052318	0.617505	27.409175	0.999133	0.729049	0.416085	10	5	0.000000	34	2348	31.341962	0.661841	0.999094	27.332690	0.600150	0.714727	3810	31.644199	0.680646	0.999552	30.297174	0.422088	0.734125	0.358653	0.291622	-0.494955	-0.055134	True	0.715426	30.562393	0.562420	27.784128	0.700308	0.566848	0.727413	27.432039	0.999128	7383
7384.png	0.555411	0.873756	0.932625	0.914714	0.951253	0.999083	27.855012	0.999238	28.525386	0.557325	0.522886	0.589580	30.874241	0.565421	2317	6	0	2	14	1.773585	0.000000	53	47	256.592929	2.832772	0.000000	-0.012191	-0.394394	-0.000204	-0.000005	0.000493	1135.143995	0.557325	0.557325	6	0	6	2	14	1.773585	0.000000	6	0	53	47	37	5.459424	2.832772	256.592929	0.000000	45358	19.576176	28.284851	256x256	65536	sparse	Learned	286	6	27	2174	31.241457	0.611942	28.351098	0.999242	0.556832	0.236111	15	0	0.250000	34	2158	31.462847	0.654088	0.999064	27.689767	0.312023	0.538275	3991	31.847072	0.695821	0.999499	30.769849	0.266553	0.552184	0.174288	0.286775	-0.367217	-0.046521	True	0.555411	30.877484	0.565422	28.525996	0.538528	0.317505	0.567601	28.249406	0.999287	7384
7385.png	0.763359	0.919704	0.958173	0.962867	0.953524	0.998942	27.771877	0.999036	27.968334	0.789294	0.764254	0.718698	30.355299	0.540619	2712	4	1	4	10	1.911765	0.250000	68	65	334.048773	3.020971	0.000000	-0.000329	0.000621	-0.000054	0.000035	0.013726	1243.520737	0.789294	0.789294	4	1	3	4	10	1.911765	0.250000	4	1	68	65	54	5.139212	3.020971	334.048773	0.000000	45918	16.931416	24.165192	256x256	65536	sparse	Learned	341	4	28	2678	30.715131	0.608615	27.769710	0.999000	0.775568	0.507809	9	10	0.000000	33	2588	31.015490	0.657343	0.998888	27.301543	0.329680	0.782178	3486	31.141557	0.652885	0.999383	30.261526	0.375778	0.752225	0.198624	0.256445	-0.359833	-0.067996	True	0.762518	30.358332	0.540641	27.968808	0.763072	0.548419	0.763687	27.771256	0.998996	7385
7386.png	0.721344	0.881630	0.937092	0.910488	0.965297	0.998921	28.326883	0.998971	28.687618	0.759948	0.590165	0.733884	31.067903	0.570532	2152	5	0	3	13	1.807692	0.000000	52	47	249.894444	2.905032	0.000000	0.017663	-0.066822	-0.000074	0.000106	0.028995	1295.060873	0.759948	0.759948	5	0	5	3	13	1.807692	0.000000	5	0	52	47	36	5.316903	2.905032	249.894444	0.000000	45158	20.984201	30.453532	256x256	65536	sparse	Learned	282	5	26	2112	31.285269	0.613098	28.349630	0.998865	0.730952	0.536325	7	4	0.000000	32	1934	31.548612	0.648134	0.998637	27.691815	0.214200	0.728733	4160	32.059773	0.706055	0.999398	31.083008	0.079465	0.682844	0.337988	0.053840	-0.217366	-0.042566	True	0.738845	31.070805	0.570562	28.683380	0.603072	0.442585	0.703681	28.393705	0.998995	7386
7387.png	0.734994	0.902944	0.948997	0.941980	0.956120	0.999547	26.877669	0.999614	27.226270	0.749717	0.500926	0.853226	30.347581	0.524590	1774	4	0	0	8	1.741935	0.000000	31	27	159.852814	2.640874	0.000000	0.041310	0.024458	-0.000036	0.000019	0.054837	828.236341	0.749717	0.749717	4	0	4	0	8	1.741935	0.000000	4	0	31	27	23	5.920475	2.640874	159.852814	0.000000	45901	25.874295	36.942503	256x256	65536	sparse	Learned	237	4	21	1664	30.556891	0.558701	26.913588	0.999595	0.694880	0.425928	4	0	1.000000	28	1758	30.802813	0.609632	0.999542	26.462507	0.366186	0.697650	4949	31.682344	0.711203	0.999827	31.024307	0.362372	0.696938	0.312682	0.074998	-0.209310	-0.034111	True	0.734994	30.352143	0.524603	27.232861	0.505891	0.431640	0.693684	26.853211	0.999583	7387
7389.png	0.754607	0.924161	0.960586	0.955276	0.965955	0.998767	27.811255	0.998920	28.078413	0.763566	0.749676	0.719074	30.525601	0.549243	2595	4	0	3	11	1.876923	0.000000	65	61	318.563492	3.100259	0.000000	0.015638	-0.247089	-0.000151	0.000014	0.020047	1287.190914	0.763566	0.763566	4	0	4	3	11	1.876923	0.000000	4	0	65	61	51	5.222352	3.100259	318.563492	0.000000	45752	17.630829	25.254721	256x256	65536	sparse	Learned	322	4	28	2555	30.871187	0.611961	27.976406	0.998906	0.743519	0.527108	9	4	0.000000	34	2548	31.118300	0.660650	0.998643	27.359554	0.351926	0.744898	3365	31.245330	0.654195	0.999189	30.095924	0.418914	0.726639	0.102007	0.222568	-0.345586	-0.062719	True	0.755092	30.527710	0.549254	28.077734	0.768922	0.552912	0.738969	28.058345	0.998918	7389
7390.png	0.767500	0.910771	0.953302	0.965541	0.941370	0.999054	26.885966	0.999338	27.404914	0.805825	0.772362	0.852957	31.359502	0.610819	2682	4	0	3	11	1.888889	0.000000	72	68	341.705627	2.282909	0.000000	0.016202	-1.041072	-0.000363	-0.000107	0.044956	806.478024	0.805825	0.805825	4	0	4	3	11	1.888889	0.000000	4	0	72	68	58	5.025083	2.282909	341.705627	0.000000	44856	16.724832	24.435496	256x256	65536	sparse	Learned	341	4	32	2585	31.962405	0.661200	27.914386	0.999445	0.760870	0.634565	6	1	0.250000	41	2410	32.210288	0.698839	0.999367	27.953816	0.709456	0.731922	3335	32.264451	0.694161	0.999681	30.762103	0.666017	0.763314	-0.509471	0.137797	-0.602903	-0.050381	True	0.766542	31.366173	0.610873	27.415290	0.789864	0.673720	0.751298	27.927038	0.999417	7390
7391.png	0.715564	0.898521	0.946548	0.957089	0.936238	0.998589	27.074576	0.998807	27.722909	0.733096	0.712059	0.846019	30.945685	0.578295	2405	4	3	8	11	1.964912	0.750000	57	56	278.066017	3.382199	0.000000	-0.004396	-0.860452	-0.000281	-0.000040	0.015554	1266.032457	0.733096	0.733096	4	3	1	8	11	1.964912	0.750000	4	2	57	56	38	4.965465	3.382199	278.066017	0.000000	45285	18.829522	27.249896	256x256	65536	sparse	Learned	296	4	29	2387	31.366148	0.626910	27.865322	0.998847	0.717542	0.418310	11	5	0.000000	37	2336	31.623123	0.671713	0.998771	27.575351	0.466924	0.707439	3925	31.966787	0.694641	0.999427	31.057832	0.560546	0.707799	-0.142414	0.293749	-0.420463	-0.048615	True	0.716981	30.949959	0.578320	27.724523	0.723349	0.611968	0.719961	27.935028	0.998870	7391
7392.png	0.560390	0.898901	0.946759	0.949690	0.943846	0.999202	28.234405	0.999325	28.511516	0.584098	0.561327	0.516989	30.742125	0.550649	2144	5	0	2	12	1.811321	0.000000	53	48	236.208153	2.715895	0.000000	-0.028611	0.032364	-0.000065	0.000018	-0.022363	1099.862099	0.584098	0.584098	5	0	5	2	12	1.811321	0.000000	5	0	53	48	39	4.921003	2.715895	236.208153	0.000000	45490	21.217351	30.567164	256x256	65536	sparse	Learned	276	5	25	2024	31.016789	0.595509	28.202212	0.999306	0.606461	0.331168	9	2	0.000000	32	2052	31.230536	0.639515	0.999160	27.599424	0.335612	0.591807	4211	31.737685	0.694917	0.999599	31.087718	0.170722	0.613997	0.309304	0.230159	-0.274664	-0.044859	True	0.561140	30.747411	0.550687	28.512356	0.590165	0.305109	0.589001	28.202041	0.999267	7392
7393.png	0.633028	0.841785	0.914097	0.938206	0.891195	0.998978	25.839297	0.999471	27.415980	0.674627	0.615572	0.507045	29.886414	0.521345	2357	5	0	1	11	1.803922	0.000000	51	46	271.279221	2.423995	0.000000	0.008262	-1.561372	-0.000500	-0.000035	0.055152	850.183964	0.674627	0.674627	5	0	5	1	11	1.803922	0.000000	5	0	51	46	39	5.897374	2.423995	271.279221	0.000000	46097	19.557488	27.804837	256x256	65536	sparse	Learned	306	5	25	2344	30.458991	0.586290	27.314867	0.999506	0.619475	0.449356	6	3	0.000000	30	2184	30.730251	0.627372	0.999440	26.890294	0.273851	0.622237	3779	31.118029	0.663534	0.999709	30.013872	0.150052	0.624127	0.101113	0.166217	-0.572577	-0.064945	True	0.633733	29.885420	0.521341	27.421095	0.626187	0.317505	0.624765	27.400670	0.999478	7393
7394.png	0.644172	0.839766	0.912905	0.905422	0.920513	0.999457	27.435962	0.999579	28.244846	0.674505	0.483149	0.600768	30.505340	0.527044	1594	4	0	1	9	1.741935	0.000000	31	27	152.024387	2.609574	0.000000	0.015567	0.056555	-0.000067	0.000064	0.019453	1053.802967	0.674505	0.674505	4	0	4	1	9	1.741935	0.000000	4	0	31	27	21	5.630533	2.609574	152.024387	0.000000	45734	28.691343	41.114178	256x256	65536	sparse	Learned	223	4	19	1509	30.534742	0.550259	27.438566	0.999515	0.655052	0.325839	7	3	0.000000	26	1488	30.831743	0.592640	0.999442	27.228281	0.215118	0.604678	5990	32.189857	0.753035	0.999791	31.703502	0.069553	0.065859	0.806280	0.157310	-0.029402	-0.023215	True	0.642945	30.509650	0.527062	28.249175	0.483149	0.290260	0.628604	27.379407	0.999525	7394
7395.png	0.546324	0.914431	0.955303	0.942451	0.968510	0.999227	27.841185	0.999263	28.106563	0.552250	0.550671	0.495692	30.661132	0.549909	2136	5	0	0	10	1.800000	0.000000	50	45	229.793939	2.850961	0.000000	-0.012975	-0.117522	-0.000075	0.000032	-0.015806	1087.500572	0.552250	0.552250	5	0	5	0	10	1.800000	0.000000	5	0	50	45	40	5.106532	2.850961	229.793939	0.000000	45568	21.333333	30.681648	256x256	65536	sparse	Learned	275	5	25	2022	31.003238	0.595548	27.941194	0.999231	0.568056	0.276267	12	1	0.000000	32	2044	31.207952	0.636993	0.999138	27.628810	0.357572	0.507671	4201	31.718789	0.694902	0.999583	31.208224	0.192581	0.554325	0.165369	0.274404	-0.342106	-0.045640	True	0.546657	30.665135	0.549946	28.112028	0.563078	0.279113	0.559298	27.958707	0.999301	7395
7396.png	0.825434	0.902148	0.948557	0.955350	0.941860	0.999380	27.476272	0.999530	28.031671	0.862013	0.639405	0.967469	30.464023	0.540229	2148	4	1	4	10	1.886792	0.250000	53	50	230.409163	2.626687	0.000000	0.023382	0.076347	-0.000100	0.000042	0.044440	854.331493	0.862013	0.862013	4	1	3	4	10	1.886792	0.250000	4	1	53	50	39	4.608183	2.626687	230.409163	0.000000	45694	21.272812	30.510242	256x256	65536	sparse	Learned	267	4	24	1979	30.802656	0.587080	27.367225	0.999488	0.817573	0.552465	5	1	0.875000	30	2088	31.029690	0.634954	0.999368	26.919414	0.312711	0.772143	4369	31.641459	0.697184	0.999739	30.430539	0.317115	0.800293	0.664446	0.086940	-0.338633	-0.046851	True	0.827014	30.467542	0.540255	28.033963	0.655272	0.633955	0.802053	27.399926	0.999481	7396
7397.png	0.672406	0.913457	0.954771	0.953823	0.955721	0.998644	28.688137	0.998673	28.952727	0.691584	0.791955	0.406634	31.104373	0.578376	2695	4	2	8	12	1.945946	0.500000	74	72	360.462987	2.996794	0.000000	-0.025054	-0.069284	-0.000125	-0.000005	-0.017194	1282.863379	0.691584	0.691584	4	2	2	8	12	1.945946	0.500000	4	2	74	72	54	5.006430	2.996794	360.462987	0.000000	45222	16.779963	24.317625	256x256	65536	sparse	Learned	342	4	31	2622	31.488260	0.637459	28.766230	0.998677	0.708778	0.439240	13	7	0.000000	38	2456	31.735186	0.676496	0.998459	28.341033	0.282103	0.676674	3511	31.834485	0.680764	0.999089	30.900594	0.179708	0.683196	0.186496	0.352715	-0.383887	-0.059083	True	0.672406	31.107567	0.578422	28.955983	0.812692	0.330468	0.697460	28.757421	0.998770	7397
7398.png	0.548114	0.858223	0.923703	0.905585	0.942561	0.999240	27.653618	0.999405	28.155528	0.556122	0.594783	0.419267	30.169152	0.527774	2464	6	0	2	14	1.818182	0.000000	66	60	316.776695	2.428428	0.000000	-0.007514	-0.310350	-0.000129	-0.000009	-0.003417	933.805227	0.556122	0.556122	6	0	6	2	14	1.818182	0.000000	6	0	66	60	50	5.279612	2.428428	316.776695	0.000000	46042	18.685877	26.597403	256x256	65536	sparse	Learned	317	6	26	2362	30.601256	0.590049	28.085189	0.999414	0.559539	0.227920	15	1	0.000000	29	2236	30.775213	0.628796	0.999196	27.052347	0.250667	0.539197	3656	31.056903	0.654546	0.999562	29.781366	0.201694	0.565328	0.070339	0.366864	-0.432104	-0.062275	True	0.549415	30.171825	0.527785	28.156817	0.592073	0.248236	0.555628	27.963968	0.999368	7398
7399.png	0.713855	0.853746	0.921103	0.936725	0.905994	0.999040	27.995550	0.999202	28.458925	0.756604	0.612485	0.790073	30.298561	0.527833	2291	5	2	6	12	1.903226	0.400000	62	59	276.249783	2.873992	0.000000	0.006552	-0.012978	-0.000130	0.000029	0.028016	1108.817101	0.756604	0.756604	5	2	3	6	12	1.903226	0.400000	5	2	62	59	44	4.682200	2.873992	276.249783	0.000000	45873	20.023134	28.605849	256x256	65536	sparse	Learned	291	5	25	2196	30.604269	0.584766	27.976408	0.999174	0.728588	0.401004	8	5	0.000000	31	2258	30.887489	0.634171	0.999012	27.379717	0.161511	0.706628	4027	31.292707	0.674072	0.999488	30.185964	0.098716	0.712259	0.482517	0.211481	-0.305708	-0.056933	True	0.719688	30.301109	0.527852	28.454618	0.617107	0.487560	0.707303	28.008528	0.999170	7399
7400.png	0.659954	0.889566	0.941556	0.942696	0.940419	0.999217	27.417864	0.999210	28.036480	0.693038	0.559568	0.873818	30.775455	0.559989	2139	5	0	1	11	1.787234	0.000000	47	42	226.923882	2.653598	0.000000	0.015993	-0.637647	-0.000233	0.000032	0.039573	1059.504747	0.693038	0.693038	5	0	5	1	11	1.787234	0.000000	5	0	47	42	35	5.402950	2.653598	226.923882	0.000000	45448	21.247312	30.638616	256x256	65536	sparse	Learned	280	5	26	2119	31.130831	0.607227	28.001921	0.999178	0.653465	0.454835	6	0	0.900000	32	1972	31.362516	0.644529	0.999023	27.277676	0.519054	0.632028	4049	31.821294	0.695285	0.999542	30.666171	0.266553	0.654259	0.034559	0.104733	-0.355376	-0.047238	True	0.660728	30.777733	0.559994	28.044793	0.591801	0.517126	0.643961	28.055511	0.999450	7400
7401.png	0.604478	0.905630	0.950479	0.942244	0.958858	0.999094	27.653982	0.999186	28.038395	0.605911	0.515675	0.869368	31.407162	0.586689	1841	4	0	2	10	1.771429	0.000000	35	31	160.468037	3.522054	0.000000	-0.007391	-0.454453	-0.000107	-0.000003	0.005439	1288.344383	0.605911	0.605911	4	0	4	2	10	1.771429	0.000000	4	0	35	31	23	5.176388	3.522054	160.468037	0.000000	44823	24.347094	35.598045	256x256	65536	sparse	Learned	229	4	25	1795	31.654140	0.616783	28.125897	0.999190	0.600473	0.440102	4	1	0.500000	36	1808	31.883698	0.656327	0.999107	27.785168	0.316139	0.585635	5040	32.693366	0.744167	0.999637	31.780232	0.312711	0.596850	-0.087503	0.075574	-0.246978	-0.030094	True	0.611249	31.412969	0.586725	28.034239	0.525266	0.456649	0.611868	28.108436	0.999201	7401
7402.png	0.604335	0.855434	0.922085	0.909845	0.934659	0.998977	27.724573	0.999057	28.259153	0.636778	0.727468	0.294067	30.570216	0.555192	2451	4	0	2	10	1.868852	0.000000	61	57	299.906638	2.997907	0.000000	-0.006990	-0.312760	-0.000227	0.000044	-0.001510	1038.652658	0.636778	0.636778	4	0	4	2	10	1.868852	0.000000	4	0	61	57	49	5.261520	2.997907	299.906638	0.000000	45479	18.555284	26.738474	256x256	65536	sparse	Learned	313	4	28	2416	31.104426	0.616969	28.003644	0.999013	0.638288	0.329680	13	2	0.000000	33	2304	31.273169	0.654410	0.998842	27.441048	0.311851	0.637584	3740	31.595112	0.677062	0.999399	30.405339	0.310166	0.637321	0.255509	0.397788	-0.534210	-0.061777	True	0.602622	30.569464	0.555219	28.255942	0.681458	0.200394	0.611324	28.037333	0.999204	7402
7403.png	0.639394	0.921687	0.959248	0.951049	0.967589	0.999137	27.358811	0.999194	27.594223	0.647325	0.548419	0.555401	30.189411	0.518601	1910	4	0	0	8	1.771429	0.000000	35	31	179.438600	3.371078	0.000000	0.027758	0.045009	-0.000053	0.000055	0.027933	1014.454842	0.647325	0.647325	4	0	4	0	8	1.771429	0.000000	4	0	35	31	27	5.788342	3.371078	179.438600	0.000000	46000	24.083770	34.312042	256x256	65536	sparse	Learned	246	4	22	1907	30.316875	0.561640	27.297682	0.999140	0.619392	0.341073	7	3	0.000000	27	1906	30.664040	0.607095	0.999036	26.757592	0.426502	0.609195	4789	31.473651	0.700717	0.999573	30.896713	0.154031	0.625181	0.296540	0.207346	-0.127464	-0.043039	True	0.639121	30.191802	0.518617	27.593167	0.566126	0.314427	0.611636	27.313802	0.999190	7403
7404.png	0.762221	0.925481	0.961298	0.962019	0.960579	0.998719	27.175376	0.998883	27.589621	0.776820	0.731526	0.768143	30.278734	0.540677	2588	4	0	4	12	1.870968	0.000000	62	58	297.107648	3.265968	0.000000	0.012221	-0.464990	-0.000171	-0.000048	0.028214	1287.760019	0.776820	0.776820	4	0	4	4	12	1.870968	0.000000	4	0	62	58	46	5.122546	3.265968	297.107648	0.000000	45952	17.755796	25.323029	256x256	65536	sparse	Learned	308	4	27	2534	30.665128	0.603515	27.650868	0.998931	0.748606	0.463130	10	5	0.000000	31	2558	30.966478	0.655058	0.998707	26.985831	0.635781	0.745396	3637	31.122010	0.658262	0.999278	29.338174	0.490334	0.744691	-0.061248	0.268395	-0.386394	-0.062838	True	0.762221	30.281574	0.540687	27.590637	0.744619	0.571974	0.750000	27.640365	0.998890	7404
7405.png	0.746479	0.958382	0.978749	0.970726	0.986905	0.999533	27.175768	0.999556	27.339271	0.754673	0.437295	0.534794	31.535510	0.591069	1637	4	0	1	9	1.733333	0.000000	30	26	129.639610	3.020720	0.000000	0.024566	0.174165	-0.000006	0.000029	0.026797	962.189198	0.754673	0.754673	4	0	4	1	9	1.733333	0.000000	4	0	30	26	20	4.986139	3.020720	129.639610	0.000000	44743	27.332315	40.034209	256x256	65536	sparse	Learned	207	4	22	1572	31.667161	0.609817	26.981328	0.999527	0.727876	0.324296	5	0	0.875000	33	1516	31.891434	0.646108	0.999482	26.955141	0.384303	0.716201	5725	33.092409	0.763648	0.999864	33.338791	0.192113	0.714127	0.357943	0.112999	-0.131651	-0.018749	True	0.746479	31.538289	0.591087	27.338418	0.417252	0.223144	0.721913	27.001603	0.999539	7405
7406.png	0.571701	0.859453	0.924415	0.920720	0.928140	0.999090	27.289621	0.999265	27.763774	0.588385	0.713495	0.498629	31.196696	0.587562	2355	4	0	4	12	1.866667	0.000000	60	56	279.965512	2.759540	0.000000	0.000880	-0.368291	-0.000212	0.000013	0.008349	1095.937490	0.588385	0.588385	4	0	4	4	12	1.866667	0.000000	4	0	60	56	44	4.999384	2.759540	279.965512	0.000000	45000	19.108280	27.828450	256x256	65536	sparse	Learned	304	4	29	2288	31.629309	0.635678	27.646122	0.999252	0.580037	0.637598	4	6	0.000000	40	2322	31.906292	0.677582	0.999345	28.540898	0.486583	0.566605	3614	32.103117	0.692918	0.999558	31.006528	0.276082	0.572127	0.117653	0.075898	-0.432614	-0.048116	True	0.572970	31.202652	0.587576	27.768042	0.739460	0.368716	0.570821	27.657911	0.999302	7406
7407.png	0.687351	0.898442	0.946505	0.927890	0.965881	0.999037	28.231963	0.999051	28.559078	0.683537	0.712059	0.611424	30.597956	0.548223	2392	4	0	2	10	1.862069	0.000000	58	54	283.521861	2.947320	0.000000	0.018604	-0.061084	-0.000089	0.000027	0.021658	1219.988108	0.683537	0.683537	4	0	4	2	10	1.862069	0.000000	4	0	58	54	46	5.250405	2.947320	283.521861	0.000000	45588	19.058528	27.397993	256x256	65536	sparse	Learned	311	4	27	2304	30.981265	0.604699	28.299015	0.999024	0.661878	0.314182	14	5	0.000000	33	2388	31.231137	0.655117	0.998901	27.843211	0.294304	0.638100	3923	31.528536	0.681769	0.999374	30.323272	0.156335	0.641743	0.260063	0.397877	-0.383308	-0.056475	True	0.688544	30.602634	0.548226	28.565016	0.717761	0.438856	0.668746	28.293047	0.999126	7407
7408.png	0.692884	0.893553	0.943785	0.936371	0.951317	0.999211	27.313097	0.999322	27.809058	0.718161	0.520974	0.809064	31.136031	0.577342	2139	5	0	3	13	1.787234	0.000000	47	42	205.509668	3.001971	0.000000	0.015822	-0.342705	-0.000139	0.000004	0.029580	1082.258701	0.718161	0.718161	5	0	5	3	13	1.787234	0.000000	5	0	47	42	31	4.893087	3.001971	205.509668	0.000000	45139	21.102852	30.638616	256x256	65536	sparse	Learned	256	5	27	2111	31.439645	0.620326	27.644201	0.999318	0.688581	0.465630	6	3	0.000000	36	2088	31.652525	0.660653	0.999236	27.383426	0.328189	0.666900	4176	32.141510	0.707172	0.999662	31.037944	0.297657	0.672039	0.164857	0.055344	-0.303614	-0.042984	True	0.694153	31.138948	0.577361	27.806678	0.532334	0.430692	0.677062	27.655802	0.999350	7408
7410.png	0.746297	0.915531	0.955903	0.936585	0.976035	0.998904	27.653278	0.999018	28.033577	0.775641	0.639405	0.998922	31.591429	0.610842	2151	4	0	1	9	1.826087	0.000000	46	42	225.681241	3.058639	0.000000	0.035213	-0.374058	-0.000178	-0.000034	0.038552	1171.622038	0.775641	0.775641	4	0	4	1	9	1.826087	0.000000	4	0	46	42	36	5.373363	3.058639	225.681241	0.000000	44568	20.719665	30.467689	256x256	65536	sparse	Learned	283	4	28	2118	32.012871	0.650950	28.084415	0.999052	0.737089	0.625938	6	8	0.000000	40	1958	32.278714	0.680272	0.999082	28.386858	0.590711	0.728351	4126	32.701329	0.727152	0.999577	31.770295	0.370293	0.724058	-0.050837	0.013467	-0.421443	-0.040108	True	0.755926	31.596604	0.610903	28.031031	0.650062	0.649362	0.711085	28.027336	0.999082	7410
7411.png	0.606878	0.878989	0.935598	0.951764	0.919972	0.998977	27.225633	0.999280	27.803371	0.650177	0.661760	0.454258	30.823668	0.566781	2405	5	0	3	13	1.841270	0.000000	63	58	301.208153	2.368149	0.000000	-0.002057	-0.893942	-0.000300	-0.000093	0.022812	847.771645	0.650177	0.650177	5	0	5	3	13	1.841270	0.000000	5	0	63	58	47	5.193244	2.368149	301.208153	0.000000	45411	18.881913	27.249896	256x256	65536	sparse	Learned	311	5	28	2400	31.240625	0.620972	28.107759	0.999373	0.627364	0.408116	9	1	0.100000	35	2192	31.462111	0.657602	0.999276	27.539350	0.295312	0.615881	3808	31.816219	0.687786	0.999629	30.786014	0.256483	0.640125	-0.304388	0.253644	-0.416957	-0.054191	True	0.606878	30.824456	0.566816	27.798375	0.660404	0.299994	0.608935	28.119575	0.999277	7411
7412.png	0.719124	0.889255	0.941382	0.946003	0.936806	0.998988	27.687170	0.999205	28.160398	0.745763	0.636509	0.816826	30.951579	0.571187	2356	5	0	3	13	1.830508	0.000000	59	54	284.865007	2.527068	0.000000	-0.001603	-0.620041	-0.000252	-0.000074	0.013190	1042.341709	0.745763	0.745763	5	0	5	3	13	1.830508	0.000000	5	0	59	54	43	5.275278	2.527068	284.865007	0.000000	45246	19.204584	27.816638	256x256	65536	sparse	Learned	308	5	28	2353	31.343320	0.623672	28.297825	0.999278	0.732573	0.513248	7	2	0.000000	36	2308	31.588803	0.667359	0.999163	27.976077	0.341073	0.739863	3834	31.844269	0.688744	0.999528	30.697432	0.448989	0.730867	-0.137427	0.123261	-0.391741	-0.052486	True	0.721964	30.956653	0.571238	28.169706	0.645129	0.526958	0.720726	28.307212	0.999240	7412
7413.png	0.504817	0.892652	0.943282	0.955540	0.931333	0.998678	27.618087	0.998945	28.150212	0.523463	0.548870	0.423059	30.924377	0.566072	2216	5	0	2	12	1.791667	0.000000	48	43	228.379726	3.166132	0.000000	-0.009020	-0.655309	-0.000267	-0.000010	0.011657	1207.794905	0.523463	0.523463	5	0	5	2	12	1.791667	0.000000	5	0	48	43	34	5.311156	3.166132	228.379726	0.000000	45267	20.427347	29.574007	256x256	65536	sparse	Learned	275	5	27	2173	31.311863	0.615247	28.202447	0.998955	0.511806	0.291071	10	1	0.000000	33	2088	31.500413	0.651472	0.998660	27.722957	0.326320	0.498423	4260	32.005927	0.703750	0.999408	31.079517	0.153921	0.519602	-0.052235	0.257799	-0.387486	-0.049175	True	0.504493	30.928338	0.566101	28.156035	0.593430	0.251056	0.513836	28.273396	0.998945	7413
7414.png	0.536108	0.865119	0.927682	0.925476	0.929899	0.998271	28.727440	0.998518	29.059306	0.554656	0.640845	0.273999	31.707870	0.612766	2442	5	0	1	11	1.838710	0.000000	62	57	289.936075	3.108464	0.000000	0.011464	-0.525745	-0.000216	-0.000036	0.012591	1260.165930	0.554656	0.554656	5	0	5	1	11	1.838710	0.000000	5	0	62	57	50	5.086598	3.108464	289.936075	0.000000	44497	18.221540	26.837019	256x256	65536	sparse	Learned	327	5	31	2342	32.115417	0.656202	29.207269	0.998554	0.542065	0.264957	23	10	0.000000	43	2314	32.381602	0.696422	0.998575	29.232666	0.242956	0.532697	3814	32.626169	0.719132	0.999015	31.244376	0.128708	0.548652	-0.147963	0.375888	-0.407547	-0.043436	True	0.536647	31.710851	0.612793	29.065255	0.668458	0.183156	0.524645	29.253185	0.998488	7414
7415.png	0.682371	0.897674	0.946078	0.940699	0.951520	0.999233	27.799228	0.999337	28.120906	0.712529	0.653544	0.695541	30.838679	0.558725	2114	4	0	3	11	1.840000	0.000000	50	46	230.781746	2.742649	0.000000	-0.002651	0.065709	-0.000062	0.000068	0.003424	1238.083124	0.712529	0.712529	4	0	4	3	11	1.840000	0.000000	4	0	50	46	36	5.016994	2.742649	230.781746	0.000000	45384	21.468307	31.000946	256x256	65536	sparse	Learned	285	4	26	2097	31.133652	0.605997	27.660634	0.999269	0.709104	0.340560	11	5	0.000000	33	1990	31.381130	0.643982	0.999256	27.661236	0.424491	0.680648	4415	31.984754	0.708278	0.999632	31.118443	0.341073	0.685987	0.460271	0.312985	-0.294974	-0.047271	True	0.692133	30.841489	0.558733	28.118109	0.662098	0.460516	0.685022	27.733519	0.999295	7415
7416.png	0.662465	0.886634	0.939911	0.922797	0.957672	0.999091	27.444725	0.999220	27.848243	0.686848	0.601481	0.700528	31.583896	0.606323	2088	4	1	5	11	1.863636	0.250000	44	41	208.752309	3.272339	0.000000	-0.003298	-0.364047	-0.000107	0.000024	0.006553	1163.329840	0.686848	0.686848	4	1	3	5	11	1.863636	0.250000	4	1	44	41	28	5.091520	3.272339	208.752309	0.000000	44738	21.426245	31.386973	256x256	65536	sparse	Learned	246	4	27	1986	31.871497	0.639533	27.869844	0.999196	0.680295	0.381217	9	7	0.000000	40	2044	32.178696	0.680071	0.999226	28.429543	0.330898	0.674104	4275	32.673603	0.726707	0.999594	31.559562	0.309266	0.681575	-0.021601	0.220264	-0.287600	-0.033210	True	0.663866	31.586023	0.606344	27.855348	0.539757	0.378115	0.665763	27.808772	0.999198	7416
7417.png	0.734521	0.903442	0.949272	0.953901	0.944688	0.999321	28.501379	0.999417	28.732590	0.754961	0.534666	0.903324	30.981706	0.557698	1830	4	0	2	10	1.794872	0.000000	39	35	175.095454	3.102873	0.000000	0.020580	0.432136	-0.000006	0.000071	0.024789	1132.502794	0.754961	0.754961	4	0	4	2	10	1.794872	0.000000	4	0	39	35	27	5.002727	3.102873	175.095454	0.000000	45297	24.752459	35.812022	256x256	65536	sparse	Learned	235	4	23	1746	31.082233	0.589961	28.049409	0.999346	0.730172	0.417252	7	1	0.125000	31	1694	31.356899	0.628909	0.999279	27.731356	0.307883	0.731668	5089	32.258958	0.734245	0.999690	31.643744	0.182528	0.720257	0.683181	0.117414	-0.100527	-0.032263	True	0.735369	30.985431	0.557712	28.733617	0.593430	0.536060	0.713940	28.069243	0.999328	7417
7418.png	0.618114	0.886510	0.939841	0.961114	0.919489	0.998699	27.387116	0.999107	28.123390	0.626776	0.724729	0.439204	31.017829	0.581512	2551	4	0	3	12	1.864407	0.000000	59	55	300.634560	2.928717	0.000000	0.003886	-0.955627	-0.000386	-0.000082	0.031647	1016.005516	0.626776	0.626776	4	0	4	3	12	1.864407	0.000000	4	0	59	55	44	5.466083	2.928717	300.634560	0.000000	45154	17.700510	25.690318	256x256	65536	sparse	Learned	319	4	30	2498	31.498475	0.636836	28.387529	0.999189	0.595129	0.514636	7	5	0.000000	40	2524	31.861155	0.684485	0.999209	28.596255	0.337879	0.593830	3632	31.957903	0.689628	0.999491	30.611546	0.300680	0.609335	-0.264139	0.210093	-0.480646	-0.055325	True	0.617989	31.022594	0.581532	28.140736	0.753403	0.330898	0.614228	28.342742	0.999085	7418
7419.png	0.596439	0.841346	0.913838	0.866337	0.966851	0.999531	28.150869	0.999519	28.310033	0.618644	0.487267	0.526101	31.279858	0.580181	1903	5	0	2	12	1.750000	0.000000	40	35	188.509668	2.599669	0.000000	-0.023279	0.008918	-0.000038	-0.000006	-0.035967	933.145046	0.618644	0.618644	5	0	5	2	12	1.750000	0.000000	5	0	40	35	26	5.385991	2.599669	188.509668	0.000000	44959	23.625328	34.438255	256x256	65536	sparse	Learned	241	5	25	1890	31.483317	0.613352	28.218060	0.999525	0.654611	0.265085	10	0	0.500000	33	1672	31.687287	0.644490	0.999353	27.095103	0.350420	0.595064	4965	32.583420	0.739596	0.999757	31.626478	0.194943	0.608656	0.091973	0.222182	-0.203460	-0.033171	True	0.597030	31.283652	0.580202	28.310691	0.511297	0.268994	0.619718	28.141951	0.999569	7419
7420.png	0.792197	0.915268	0.955760	0.957358	0.954167	0.999349	26.739076	0.999503	27.273135	0.844828	0.505397	0.744745	30.373753	0.541097	2083	5	0	0	10	1.761905	0.000000	42	37	203.722871	2.770776	0.000000	0.046665	-0.520986	-0.000166	-0.000001	0.076880	986.213923	0.844828	0.844828	5	0	5	0	10	1.761905	0.000000	5	0	42	37	32	5.506024	2.770776	203.722871	0.000000	45714	21.946231	31.462314	256x256	65536	sparse	Learned	254	5	24	2021	30.779014	0.588342	27.164522	0.999505	0.767948	0.472708	6	3	0.000000	29	1920	30.954723	0.626867	0.999387	26.507893	0.391951	0.749821	4479	31.642085	0.698219	0.999784	30.858888	0.384918	0.766813	0.108613	0.032689	-0.405260	-0.047246	True	0.791567	30.374975	0.541108	27.268329	0.501424	0.373433	0.745533	27.260062	0.999515	7420
7421.png	0.469910	0.904503	0.949857	0.936475	0.963627	0.998461	28.596283	0.998484	28.847368	0.478218	0.620158	0.315772	30.270147	0.531777	2427	5	0	3	13	1.827586	0.000000	58	53	272.208153	3.540288	0.000000	-0.004742	0.223345	0.000036	0.000153	-0.003881	1408.917904	0.478218	0.478218	5	0	5	3	13	1.827586	0.000000	5	0	58	53	42	5.136003	3.540288	272.208153	0.000000	45898	18.911413	27.002884	256x256	65536	sparse	Learned	300	5	26	2404	30.624565	0.592661	28.417646	0.998331	0.482099	0.219343	21	4	0.000000	31	2324	30.906758	0.639017	0.998051	27.765631	0.176949	0.444006	3878	31.232768	0.664969	0.998610	30.030587	0.209429	0.465686	0.429722	0.400815	-0.354418	-0.060884	True	0.489011	30.274894	0.531803	28.848104	0.569726	0.179904	0.474652	28.372938	0.998425	7421
7422.png	0.604228	0.890141	0.941878	0.927230	0.956996	0.999046	27.796545	0.999144	28.206672	0.594161	0.630646	0.397726	30.124045	0.521422	2390	5	0	2	12	1.836066	0.000000	61	56	282.936075	2.955843	0.000000	-0.009345	-0.244802	-0.000155	-0.000019	-0.006057	1189.584255	0.594161	0.594161	5	0	5	2	12	1.836066	0.000000	5	0	61	56	47	5.052430	2.955843	282.936075	0.000000	46042	19.264435	27.420921	256x256	65536	sparse	Learned	305	5	26	2379	30.505562	0.586557	28.100504	0.999163	0.600218	0.318240	13	8	0.000000	28	2192	30.674997	0.622262	0.998948	27.231525	0.208990	0.543743	3909	31.106373	0.664254	0.999386	29.723074	0.221199	0.561509	0.106168	0.312407	-0.381517	-0.065134	True	0.601292	30.127233	0.521450	28.207055	0.660404	0.262660	0.613573	28.041348	0.999201	7422
7423.png	0.713423	0.919000	0.957791	0.953509	0.962111	0.998430	27.540620	0.998669	27.929607	0.729519	0.779090	0.961243	31.142684	0.595424	2907	4	1	5	12	1.914286	0.250000	70	67	343.977705	3.283001	0.000000	-0.001044	-0.594064	-0.000299	-0.000085	0.010966	1357.541561	0.729519	0.729519	4	1	3	5	12	1.914286	0.250000	4	0	70	67	53	5.133996	3.283001	343.977705	0.000000	45168	15.537668	22.544204	256x256	65536	sparse	Learned	335	4	33	2903	31.650915	0.655682	28.138868	0.998755	0.718553	0.644520	7	10	0.000000	41	2734	31.910418	0.698568	0.998755	28.282323	0.479376	0.696256	735	30.823479	0.592616	0.997760	25.696398	0.609372	0.695386	-0.209261	0.134570	-0.508230	-0.060258	True	0.712991	31.146606	0.595441	27.935707	0.789864	0.759251	0.714466	28.134684	0.998729	7423
7424.png	0.632865	0.900306	0.947538	0.938776	0.956465	0.999181	27.818666	0.999247	28.143629	0.635593	0.691181	0.454954	30.386881	0.533814	2334	4	2	6	11	1.931034	0.500000	58	56	269.279221	3.062771	0.000000	0.013241	-0.081820	-0.000098	0.000011	0.014118	1117.898941	0.635593	0.635593	4	2	2	6	11	1.931034	0.500000	4	1	58	56	41	4.808558	3.062771	269.279221	0.000000	45852	19.645244	28.078835	256x256	65536	sparse	Learned	294	4	25	2162	30.697908	0.587904	27.961323	0.999236	0.621476	0.405479	9	8	0.000000	31	2264	30.951498	0.639157	0.999014	27.134645	0.355964	0.613460	4093	31.373347	0.680647	0.999454	29.983810	0.290125	0.641056	0.182306	0.285702	-0.311027	-0.054090	True	0.632865	30.390295	0.533831	28.144731	0.721963	0.328460	0.619624	27.900486	0.999279	7424
7425.png	0.484570	0.838449	0.912127	0.861649	0.968886	0.998960	28.638795	0.998770	28.849115	0.513374	0.728827	0.358675	30.636823	0.553048	2406	4	2	9	13	1.937500	0.500000	64	62	299.592929	3.116177	0.000000	-0.016457	0.053569	-0.000099	0.000013	-0.023271	1354.886770	0.513374	0.513374	4	2	2	9	13	1.937500	0.500000	4	2	64	62	42	4.832144	3.116177	299.592929	0.000000	45477	18.901496	27.238570	256x256	65536	sparse	Learned	293	4	28	2372	31.153339	0.613493	28.594766	0.998757	0.536645	0.312711	16	8	0.000000	33	2280	31.358665	0.653179	0.998635	28.272661	0.245894	0.514743	3919	31.714592	0.688184	0.999184	30.709341	0.235206	0.528889	0.254350	0.416117	-0.516516	-0.060445	True	0.484307	30.641508	0.553068	28.849431	0.640845	0.229855	0.501027	28.585227	0.999059	7425
7426.png	0.606538	0.913298	0.954685	0.960567	0.948874	0.998856	27.286655	0.999036	27.717963	0.624257	0.698806	0.557819	30.876105	0.573155	2541	4	0	2	10	1.864407	0.000000	59	55	288.190909	2.833400	0.000000	-0.017959	-0.393134	-0.000193	-0.000021	0.001932	1183.026791	0.624257	0.624257	4	0	4	2	10	1.864407	0.000000	4	0	59	55	47	5.239835	2.833400	288.190909	0.000000	45353	17.848485	25.791421	256x256	65536	sparse	Learned	307	4	29	2483	31.329349	0.628536	27.624217	0.999057	0.622325	0.365904	9	2	0.000000	38	2520	31.646647	0.676009	0.999022	27.894692	0.392120	0.615963	3680	31.791426	0.682067	0.999450	30.459085	0.312711	0.630272	0.093746	0.332901	-0.453244	-0.055381	True	0.605724	30.879248	0.573179	27.718517	0.713495	0.398001	0.624497	27.679789	0.999049	7426
7427.png	0.680490	0.905244	0.950266	0.939828	0.960938	0.999457	27.299280	0.999551	27.637683	0.695775	0.546155	0.639970	30.877058	0.558539	1875	4	0	0	8	1.771429	0.000000	35	31	180.509668	2.848372	0.000000	0.017935	0.206747	-0.000087	0.000018	0.015915	768.816471	0.695775	0.695775	4	0	4	0	8	1.771429	0.000000	4	0	35	31	27	5.822893	2.848372	180.509668	0.000000	45477	24.254400	34.952533	256x256	65536	sparse	Learned	246	4	24	1873	31.105277	0.595423	27.066813	0.999533	0.679859	0.368716	6	1	0.250000	31	1702	31.299628	0.628159	0.999489	26.791421	0.314182	0.667838	4866	32.105425	0.721773	0.999827	31.640172	0.302324	0.689165	0.570870	0.177439	-0.228220	-0.036884	True	0.679548	30.880338	0.558560	27.637860	0.559568	0.358107	0.662555	27.092533	0.999544	7427
7428.png	0.621514	0.891137	0.942435	0.932460	0.952626	0.999441	27.646385	0.999518	28.129665	0.644068	0.495910	0.613057	30.169917	0.514616	1779	4	0	1	9	1.777778	0.000000	36	32	145.840620	3.123648	0.000000	0.004758	0.189098	-0.000040	0.000056	0.008595	1032.566071	0.644068	0.644068	4	0	4	1	9	1.777778	0.000000	4	0	36	32	26	4.557519	3.123648	145.840620	0.000000	45972	25.841484	36.838673	256x256	65536	sparse	Learned	227	4	20	1612	30.360246	0.547287	27.499908	0.999461	0.635472	0.413354	6	3	0.000000	25	1674	30.612864	0.593572	0.999368	26.870387	0.281875	0.601456	5114	31.622735	0.714800	0.999735	30.823681	0.161382	0.622403	0.629757	0.082556	-0.190329	-0.032671	True	0.620896	30.172942	0.514644	28.131548	0.515675	0.316139	0.616756	27.457287	0.999481	7428
7429.png	0.783170	0.909490	0.952600	0.937253	0.968458	0.998908	27.563837	0.998647	27.790051	0.821058	0.735523	1.026470	30.911657	0.586496	2629	4	1	4	10	1.903226	0.250000	62	59	309.806133	3.269716	0.000000	0.044101	-0.220673	-0.000123	0.000024	0.052377	1435.626268	0.821058	0.821058	4	1	3	4	10	1.903226	0.250000	4	1	62	59	48	5.250951	3.269716	309.806133	0.000000	45235	17.206162	24.928110	256x256	65536	sparse	Learned	320	4	30	2597	31.488510	0.642102	27.781113	0.998623	0.768682	0.674651	7	16	0.000000	41	2482	31.859506	0.685254	0.998743	28.051016	0.743339	0.769306	3437	31.944452	0.681772	0.999364	31.023351	0.572585	0.773411	0.008938	0.060872	-0.576853	-0.055606	True	0.780815	30.911929	0.586512	27.794190	0.782379	0.803088	0.739068	27.784510	0.999032	7429
7430.png	0.707071	0.860870	0.925234	0.897959	0.954217	0.999584	27.097535	0.999579	27.241630	0.759508	0.371865	1.008158	30.664366	0.541932	1579	4	0	1	9	1.703704	0.000000	27	23	103.911688	3.613249	0.000000	-0.001709	0.747864	0.000048	0.000099	0.004449	1014.402151	0.759508	0.759508	4	0	4	1	9	1.703704	0.000000	4	0	27	23	17	4.517899	3.613249	103.911688	0.000000	45681	28.930336	41.504750	256x256	65536	sparse	Learned	186	4	20	1539	30.792000	0.564590	26.249526	0.999480	0.755059	0.321975	7	3	0.000000	28	1576	30.976214	0.611110	0.999496	26.444052	0.299994	0.726405	5822	32.289020	0.750169	0.999839	31.655843	0.458457	0.741453	0.992104	0.049890	-0.127634	-0.022658	True	0.706278	30.669701	0.541964	27.248668	0.423050	0.426502	0.708779	26.349671	0.999536	7430
7431.png	0.609869	0.849811	0.918809	0.927512	0.910267	0.999191	27.684221	0.999444	28.412361	0.658635	0.443822	0.533606	30.487884	0.534348	2005	6	0	1	13	1.727273	0.000000	44	38	191.539105	2.997918	0.000000	-0.012254	-0.021085	-0.000169	0.000045	0.006992	960.646152	0.658635	0.658635	6	0	6	1	13	1.727273	0.000000	6	0	44	38	30	5.040503	2.997918	191.539105	0.000000	45700	22.793017	32.686284	256x256	65536	sparse	Learned	257	6	23	1935	30.682504	0.577889	27.802300	0.999399	0.651642	0.288230	11	3	0.000000	28	1928	30.958884	0.619898	0.999306	27.359340	0.196410	0.626843	4418	31.610613	0.695932	0.999669	30.780777	0.153921	0.655750	0.610061	0.155592	-0.194620	-0.043541	True	0.610340	30.490911	0.534361	28.413666	0.561327	0.299527	0.622123	27.705306	0.999359	7431
7432.png	0.605641	0.868958	0.929885	0.909500	0.951205	0.998976	28.129662	0.999005	28.415472	0.634971	0.664455	0.534355	30.414388	0.542156	2529	5	1	3	11	1.873016	0.200000	63	59	311.249783	2.856985	0.000000	-0.019423	-0.229930	-0.000141	-0.000006	-0.015106	1138.545513	0.634971	0.634971	5	1	4	3	11	1.873016	0.200000	5	1	63	59	49	5.275420	2.856985	311.249783	0.000000	45665	18.056544	25.913800	256x256	65536	sparse	Learned	320	5	28	2498	30.916567	0.608058	28.380272	0.999011	0.650077	0.398117	13	7	0.000000	32	2372	31.103874	0.648465	0.998739	27.613716	0.241463	0.622572	3671	31.370945	0.665396	0.999318	30.122119	0.192397	0.648045	0.035200	0.266338	-0.502179	-0.065901	True	0.605739	30.417532	0.542153	28.411998	0.682729	0.364820	0.625065	28.359592	0.999117	7432
7433.png	0.727927	0.899868	0.947295	0.955245	0.939477	0.999036	26.097295	0.999374	26.889314	0.761777	0.522886	0.559739	30.819195	0.586152	2491	6	0	0	12	1.777778	0.000000	54	48	260.735065	2.644467	0.000000	0.004680	-1.102183	-0.000375	-0.000059	0.038452	1092.108250	0.761777	0.761777	6	0	6	0	12	1.777778	0.000000	6	0	54	48	42	5.431981	2.644467	260.735065	0.000000	45421	18.234043	26.309113	256x256	65536	sparse	Learned	299	6	29	2442	31.433655	0.635934	27.181672	0.999433	0.723325	0.349491	10	1	0.166667	38	2418	31.779518	0.683315	0.999419	27.424871	0.391951	0.698931	3759	31.999592	0.690981	0.999702	30.638523	0.295854	0.719045	-0.292358	0.173395	-0.614460	-0.049781	True	0.728581	30.820144	0.586192	26.895260	0.544640	0.304856	0.723247	27.199478	0.999411	7433
7434.png	0.631359	0.907482	0.951497	0.935323	0.968240	0.999397	27.163527	0.999460	27.474066	0.647690	0.617107	0.472571	31.030069	0.572330	2165	4	0	1	9	1.809524	0.000000	42	38	217.409163	2.637466	0.000000	0.010315	-0.064742	-0.000093	0.000021	0.013601	1029.366970	0.647690	0.647690	4	0	4	1	9	1.809524	0.000000	4	0	42	38	32	5.721294	2.637466	217.409163	0.000000	45354	20.948730	30.270670	256x256	65536	sparse	Learned	270	4	26	2142	31.230715	0.612400	27.223037	0.999439	0.634089	0.303872	9	0	0.375000	33	2144	31.547664	0.656804	0.999346	27.001132	0.275302	0.622522	4212	32.023906	0.704231	0.999693	30.476145	0.254226	0.630452	0.251030	0.313235	-0.200646	-0.040070	True	0.631359	31.034660	0.572362	27.477098	0.626561	0.296094	0.621044	27.228269	0.999491	7434
7435.png	0.659363	0.883226	0.937992	0.931293	0.944790	0.998324	25.853100	0.998847	27.843023	0.660079	0.610932	0.534235	30.622623	0.549989	2293	5	1	11	19	1.887324	0.200000	71	67	263.066017	2.582130	0.000000	-0.012939	-2.417594	-0.000684	-0.000240	-0.017153	1284.459829	0.660079	0.660079	5	1	4	11	19	1.887324	0.200000	5	3	71	67	41	3.926358	2.582130	263.066017	0.000000	45490	19.838639	28.580898	256x256	65536	sparse	Learned	272	5	26	2233	30.995709	0.603023	28.355807	0.999086	0.677232	0.412049	9	4	0.433333	32	2270	31.279733	0.649054	0.998881	27.864943	0.299994	0.626866	3984	31.655728	0.688120	0.999423	30.472547	0.201177	0.657508	-0.512784	0.198883	-0.373086	-0.053033	True	0.659363	30.626306	0.550012	27.846242	0.617107	0.329680	0.672302	28.270694	0.999009	7435
7436.png	0.705153	0.885057	0.939024	0.921543	0.957182	0.998714	28.645972	0.998763	28.960973	0.704981	0.641204	0.802117	30.369993	0.524658	2036	4	0	3	11	1.836735	0.000000	49	45	222.539105	3.214202	0.000000	0.011388	0.128035	0.000070	0.000144	0.005041	1512.809515	0.704981	0.704981	4	0	4	3	11	1.836735	0.000000	4	0	49	45	35	4.945313	3.214202	222.539105	0.000000	45787	22.488703	32.188605	256x256	65536	sparse	Learned	272	4	24	2034	30.627487	0.576950	28.607607	0.998619	0.699940	0.449967	9	7	0.000000	28	2014	30.858794	0.616411	0.998190	27.576497	0.040947	0.609489	4477	31.518021	0.697060	0.999223	30.806866	0.029398	0.443909	0.353365	0.191236	-0.257493	-0.052292	True	0.712897	30.373342	0.524672	28.963186	0.655272	0.525605	0.693765	28.517937	0.998644	7436
7437.png	0.649845	0.821400	0.901944	0.927176	0.878049	0.999194	27.284694	0.999475	27.982720	0.688780	0.524791	0.769226	30.306201	0.531733	2011	5	0	2	12	1.791667	0.000000	48	43	218.279221	2.604489	0.000000	-0.008401	-0.586509	-0.000242	-0.000009	0.008721	890.897274	0.688780	0.688780	5	0	5	2	12	1.791667	0.000000	5	0	48	43	34	5.076261	2.604489	218.279221	0.000000	45736	22.742914	32.588762	256x256	65536	sparse	Learned	254	5	23	1961	30.664568	0.579688	27.728006	0.999484	0.680058	0.412865	8	3	0.000000	28	1986	30.949627	0.623045	0.999404	27.150486	0.194802	0.667649	4461	31.602882	0.697906	0.999738	30.950421	0.187677	0.667155	0.254714	0.111926	-0.358367	-0.047955	True	0.651127	30.310179	0.531728	27.992470	0.552465	0.424970	0.658246	27.871203	0.999436	7437
7438.png	0.613898	0.898723	0.946660	0.944844	0.948483	0.998260	27.838621	0.998512	28.358248	0.620562	0.586597	0.501257	30.803090	0.580352	2676	6	0	2	14	1.803279	0.000000	61	55	299.178716	3.287518	0.000000	-0.007908	-0.928202	-0.000371	-0.000109	0.009076	1339.633465	0.620562	0.620562	6	0	6	2	14	1.803279	0.000000	6	0	61	55	45	5.439613	3.287518	299.178716	0.000000	45245	16.907698	24.490284	256x256	65536	sparse	Learned	319	6	31	2655	31.500790	0.641868	28.749015	0.998621	0.611486	0.341199	15	5	0.000000	39	2442	31.704099	0.676055	0.998522	28.342487	0.365099	0.618926	3526	31.883427	0.686578	0.999042	30.628477	0.336000	0.598642	-0.390767	0.245399	-0.697700	-0.061516	True	0.621275	30.806386	0.580365	28.359859	0.614546	0.308046	0.621806	28.766823	0.998631	7438
7439.png	0.779916	0.908787	0.952214	0.944348	0.960212	0.999469	27.125087	0.999554	27.528497	0.815567	0.675348	0.856821	30.477589	0.542380	2250	4	0	3	11	1.843137	0.000000	51	47	252.894444	2.329479	0.000000	0.005997	-0.087882	-0.000097	-0.000012	0.018668	896.646976	0.815567	0.815567	4	0	4	3	11	1.843137	0.000000	4	0	51	47	37	5.380733	2.329479	252.894444	0.000000	45797	20.354222	29.127111	256x256	65536	sparse	Learned	291	4	25	2225	30.750338	0.594588	27.285507	0.999566	0.796899	0.678578	4	1	0.500000	29	2062	31.002267	0.632073	0.999449	26.605421	0.615572	0.759750	4146	31.531535	0.685113	0.999762	30.464930	0.636509	0.767005	0.242990	-0.003230	-0.272749	-0.052208	True	0.781590	30.482327	0.542406	27.529060	0.684942	0.586873	0.773920	27.212968	0.999566	7439
7440.png	0.758861	0.891807	0.942810	0.938158	0.947508	0.999037	27.748912	0.999219	28.223950	0.796785	0.632121	0.814420	31.044740	0.579742	2438	5	0	1	11	1.827586	0.000000	58	53	285.178716	2.577302	0.000000	0.033303	-0.355567	-0.000200	0.000008	0.052679	1101.598024	0.796785	0.796785	5	0	5	1	11	1.827586	0.000000	5	0	58	53	46	5.380730	2.577302	285.178716	0.000000	45167	18.526251	26.881050	256x256	65536	sparse	Learned	311	5	28	2359	31.397176	0.628737	28.022227	0.999211	0.744106	0.705948	5	11	0.000000	38	2430	31.731839	0.678222	0.999133	27.795402	0.402228	0.749712	3808	31.999514	0.696541	0.999524	30.511822	0.450190	0.740848	0.201723	-0.073828	-0.352437	-0.048995	True	0.759494	31.046320	0.579749	28.220264	0.643706	0.524247	0.725557	28.104480	0.999237	7440
7441.png	0.711456	0.893311	0.943649	0.929515	0.958220	0.999477	27.721708	0.999522	28.032247	0.733276	0.563078	0.613715	30.384290	0.531691	2074	5	0	3	13	1.803922	0.000000	51	46	238.865007	2.399799	0.000000	-0.003053	0.042606	-0.000050	0.000022	0.009724	848.060131	0.733276	0.733276	5	0	5	3	13	1.803922	0.000000	5	0	51	46	35	5.192718	2.399799	238.865007	0.000000	45784	22.075217	31.598843	256x256	65536	sparse	Learned	268	5	23	2012	30.574296	0.577502	27.678746	0.999500	0.723552	0.454315	7	2	0.000000	29	1898	30.888137	0.618466	0.999372	26.886049	0.278676	0.695451	4535	31.569539	0.698833	0.999733	30.606765	0.151978	0.700920	0.353501	0.108762	-0.190006	-0.045811	True	0.712317	30.388162	0.531706	28.041674	0.568289	0.348768	0.714509	27.679102	0.999527	7441
7442.png	0.603579	0.899460	0.947069	0.945390	0.948754	0.998869	28.249353	0.998997	28.595566	0.604811	0.609372	0.460284	31.208692	0.572404	2014	4	0	3	11	1.833333	0.000000	48	44	216.308658	3.375577	0.000000	-0.003879	0.006296	-0.000031	0.000078	-0.013718	1379.600525	0.604811	0.604811	4	0	4	3	11	1.833333	0.000000	4	0	48	44	34	4.916106	3.375577	216.308658	0.000000	45042	22.364449	32.540218	256x256	65536	sparse	Learned	250	4	26	1990	31.419190	0.612322	28.280203	0.998919	0.618529	0.234436	14	3	0.000000	34	1960	31.647409	0.648398	0.998826	28.132282	0.251736	0.600273	4734	32.347995	0.727665	0.999448	31.381476	0.194909	0.595092	0.315363	0.374936	-0.210498	-0.039918	True	0.604955	31.211349	0.572418	28.592760	0.613259	0.282273	0.607458	28.243057	0.998901	7442
7443.png	0.565305	0.822938	0.902870	0.886561	0.919790	0.999076	28.759896	0.999227	29.014365	0.617209	0.599884	0.707117	31.229809	0.580378	2118	5	0	4	14	1.836066	0.000000	61	56	261.279221	2.688347	0.000000	0.017368	-0.089415	-0.000129	0.000001	0.011653	993.715763	0.617209	0.617209	5	0	5	4	14	1.836066	0.000000	5	0	61	56	43	4.665700	2.688347	261.279221	0.000000	44858	21.179415	30.942398	256x256	65536	sparse	Learned	281	5	27	2019	31.572817	0.622264	28.808317	0.999227	0.605556	0.464739	8	2	0.000000	34	1904	31.775002	0.654087	0.999083	28.208724	0.136418	0.583433	4251	32.336434	0.716168	0.999534	31.546209	0.087895	0.558773	0.206048	0.135145	-0.343008	-0.041886	True	0.566734	31.232746	0.580405	29.013798	0.615572	0.435282	0.547937	28.849311	0.999205	7443
7444.png	0.590807	0.916856	0.956625	0.978723	0.935503	0.998646	27.289676	0.999016	27.823050	0.618992	0.573439	0.721776	30.951786	0.578833	2383	5	0	1	11	1.824561	0.000000	57	52	251.492424	3.109049	0.000000	-0.002857	-0.670431	-0.000311	-0.000056	0.008793	1235.313654	0.618992	0.618992	5	0	5	1	11	1.824561	0.000000	5	0	57	52	45	4.836393	3.109049	251.492424	0.000000	45281	19.001679	27.501469	256x256	65536	sparse	Learned	289	5	28	2349	31.389729	0.627866	27.923263	0.999072	0.610198	0.430059	9	5	0.000000	37	2368	31.658515	0.673197	0.998973	27.782898	0.522886	0.594671	3868	31.958017	0.694049	0.999442	30.661245	0.293548	0.611425	-0.100212	0.143380	-0.437943	-0.049033	True	0.592385	30.951511	0.578831	27.821193	0.607807	0.438700	0.593665	27.960106	0.998957	7444
7445.png	0.679126	0.909757	0.952747	0.941623	0.964136	0.999147	27.616728	0.999199	28.078814	0.673262	0.574007	0.675332	30.334144	0.537617	2513	6	1	2	12	1.827586	0.166667	58	53	289.107648	2.900962	0.000000	0.002100	-0.081240	-0.000070	0.000030	0.019914	1232.862473	0.673262	0.673262	6	1	5	2	12	1.827586	0.166667	6	1	58	53	44	5.454861	2.900962	289.107648	0.000000	45938	18.280143	26.078790	256x256	65536	sparse	Learned	308	6	27	2470	30.706917	0.601141	27.757632	0.999169	0.653348	0.387930	11	6	0.000000	30	2256	30.878988	0.637000	0.998948	26.976166	0.305536	0.612520	3656	31.164334	0.656440	0.999441	29.839513	0.309672	0.651895	0.321182	0.186077	-0.372773	-0.063524	True	0.678551	30.338275	0.537644	28.087043	0.597476	0.403494	0.677026	27.697968	0.999217	7445
7446.png	0.719872	0.894610	0.944374	0.932886	0.956148	0.999332	27.323252	0.999483	27.792272	0.761290	0.570013	0.740514	30.976734	0.578343	2160	5	1	4	12	1.859649	0.200000	57	53	246.764502	2.434742	0.000000	0.040097	-0.334384	-0.000200	-0.000036	0.055159	839.410067	0.761290	0.761290	5	1	4	4	12	1.859649	0.200000	5	1	57	53	41	4.655934	2.434742	246.764502	0.000000	45109	20.883796	30.340741	256x256	65536	sparse	Learned	270	5	27	2098	31.461714	0.622663	27.642920	0.999519	0.706131	0.397499	9	2	0.100000	35	2148	31.664885	0.666013	0.999415	27.324926	0.578527	0.682008	4078	32.140202	0.705786	0.999753	31.223047	0.456649	0.683849	0.149353	0.172513	-0.484980	-0.044321	True	0.729365	30.983642	0.578379	27.805608	0.576838	0.427157	0.679775	27.657636	0.999531	7446
7447.png	0.763304	0.903251	0.949167	0.966893	0.932079	0.999283	26.457439	0.999519	27.329929	0.814846	0.651808	0.673897	30.226180	0.524820	2085	4	1	3	9	1.872340	0.250000	47	44	238.651804	2.587037	0.000000	0.001046	-0.627303	-0.000203	0.000001	0.040455	931.280136	0.814846	0.814846	4	1	3	3	9	1.872340	0.250000	4	1	47	44	35	5.423905	2.587037	238.651804	0.000000	46000	22.062350	31.432134	256x256	65536	sparse	Learned	276	4	24	2075	30.528536	0.577161	27.122098	0.999518	0.774390	0.411395	8	1	0.500000	29	2050	30.768354	0.621619	0.999471	26.906614	0.398001	0.754532	4526	31.411100	0.692114	0.999778	30.762511	0.418545	0.765876	0.207831	0.240413	-0.302356	-0.052342	True	0.762698	30.231013	0.524849	27.343689	0.648308	0.436893	0.762259	27.084742	0.999486	7447
7448.png	0.721633	0.894864	0.944515	0.944915	0.944115	0.999296	27.883871	0.999441	28.423322	0.747927	0.660404	0.735699	31.112264	0.568818	2100	4	0	2	10	1.840000	0.000000	50	46	248.450793	2.459699	0.000000	0.023534	-0.371980	-0.000150	-0.000001	0.050621	934.731007	0.747927	0.747927	4	0	4	2	10	1.840000	0.000000	4	0	50	46	38	5.401104	2.459699	248.450793	0.000000	45212	21.529524	31.207619	256x256	65536	sparse	Learned	285	4	26	2062	31.257161	0.609618	28.221060	0.999442	0.697306	0.382762	8	0	0.500000	33	2072	31.536584	0.650510	0.999296	27.579581	0.246229	0.695349	4531	32.210495	0.720403	0.999672	31.096651	0.198715	0.694639	0.202262	0.277643	-0.144897	-0.040800	True	0.729048	31.113815	0.568823	28.420851	0.686514	0.505067	0.698098	28.255851	0.999446	7448
7449.png	0.611384	0.875592	0.933670	0.928981	0.938406	0.999239	27.354856	0.999393	27.916890	0.616678	0.588522	0.331256	30.173179	0.521566	2168	5	0	1	11	1.814815	0.000000	54	49	258.835570	2.659838	0.000000	-0.013362	0.045295	-0.000073	0.000076	-0.008742	985.991716	0.616678	0.616678	5	0	5	1	11	1.814815	0.000000	5	0	54	49	42	5.282359	2.659838	258.835570	0.000000	46071	21.250461	30.228782	256x256	65536	sparse	Learned	286	5	24	2140	30.427263	0.575167	27.356942	0.999317	0.625420	0.245378	13	2	0.000000	29	2158	30.728567	0.622721	0.999211	26.902137	0.192747	0.577913	4320	31.275845	0.681174	0.999635	30.268475	0.188740	0.602823	0.559948	0.343144	-0.254085	-0.053602	True	0.612087	30.178082	0.521595	27.916528	0.694254	0.229976	0.624746	27.309561	0.999312	7449
7450.png	0.688672	0.859635	0.924520	0.920204	0.928877	0.999302	27.367599	0.999385	27.901958	0.708778	0.559568	0.598839	30.490960	0.534870	1930	4	0	2	10	1.794872	0.000000	39	35	189.823376	3.123544	0.000000	-0.005883	0.107587	-0.000102	0.000074	0.016229	1051.733732	0.708778	0.708778	4	0	4	2	10	1.794872	0.000000	4	0	39	35	27	5.423525	3.123544	189.823376	0.000000	45725	23.691710	33.956477	256x256	65536	sparse	Learned	242	4	22	1793	30.655966	0.572380	27.264366	0.999310	0.692549	0.288230	9	1	0.000000	29	1902	30.951186	0.622516	0.999241	27.088994	0.316139	0.655880	4828	31.750613	0.710614	0.999690	31.239992	0.214246	0.684996	0.637592	0.271339	-0.165007	-0.037510	True	0.688925	30.492698	0.534880	27.903428	0.578948	0.346697	0.694554	27.260012	0.999403	7450
7451.png	0.698297	0.893449	0.943727	0.934765	0.952862	0.999399	26.661168	0.999529	27.130871	0.723941	0.571729	0.660444	30.220716	0.526808	2231	5	0	1	11	1.791667	0.000000	48	43	241.793939	2.455314	0.000000	-0.013051	-0.362067	-0.000117	0.000010	-0.004924	835.644960	0.723941	0.723941	5	0	5	1	11	1.791667	0.000000	5	0	48	43	36	5.623115	2.455314	241.793939	0.000000	46083	20.655760	29.375168	256x256	65536	sparse	Learned	285	5	24	2124	30.515983	0.578987	26.981450	0.999519	0.728865	0.543424	5	1	0.500000	28	2014	30.734282	0.618911	0.999423	26.385819	0.394984	0.708493	4187	31.258452	0.675030	0.999745	30.224216	0.415793	0.709258	0.149421	0.028305	-0.295266	-0.052179	True	0.698297	30.223000	0.526815	27.128433	0.581886	0.384303	0.711348	27.023235	0.999516	7451
7452.png	0.585253	0.893975	0.944020	0.936855	0.951295	0.999153	27.609802	0.999286	28.038196	0.606131	0.739460	0.496927	30.531216	0.549199	2439	4	1	4	11	1.898305	0.250000	59	56	304.350288	2.765212	0.000000	-0.027911	-0.307987	-0.000157	-0.000006	-0.028072	1050.287008	0.606131	0.606131	4	1	3	4	11	1.898305	0.250000	4	1	59	56	44	5.434827	2.765212	304.350288	0.000000	45685	18.731037	26.870029	256x256	65536	sparse	Learned	315	4	27	2363	30.949740	0.606434	27.904294	0.999292	0.634203	0.293296	14	2	0.000000	32	2198	31.113997	0.646609	0.999143	27.357533	0.295312	0.583818	3789	31.445334	0.674307	0.999537	30.167302	0.231258	0.623912	0.133901	0.446165	-0.418525	-0.057235	True	0.584438	30.534291	0.549208	28.038111	0.754633	0.374998	0.613164	27.917789	0.999310	7452
7453.png	0.700392	0.876052	0.933931	0.921900	0.946281	0.999255	27.859673	0.999336	28.240327	0.714731	0.548419	0.746765	31.139366	0.576093	1906	4	0	1	9	1.794872	0.000000	39	35	181.095454	3.173871	0.000000	0.018204	-0.105873	-0.000152	-0.000014	0.015173	1149.406195	0.714731	0.714731	4	0	4	1	9	1.794872	0.000000	4	0	39	35	29	5.174156	3.173871	181.095454	0.000000	45048	23.634837	34.384050	256x256	65536	sparse	Learned	240	4	24	1814	31.434869	0.610286	27.972827	0.999350	0.699558	0.488291	6	7	0.000000	32	1738	31.597620	0.643844	0.999291	27.732768	0.491352	0.700224	4685	32.410799	0.729063	0.999688	31.693099	0.292016	0.689605	0.267500	0.060127	-0.295503	-0.034193	True	0.702194	31.142131	0.576115	28.243094	0.589344	0.440102	0.682188	27.965546	0.999406	7453
7455.png	0.702525	0.886270	0.939707	0.948985	0.930608	0.998912	27.427453	0.999197	28.046466	0.716418	0.628423	0.673223	30.231291	0.540273	2676	6	0	2	15	1.833333	0.000000	72	66	339.705627	2.696662	0.000000	0.011949	-0.843853	-0.000323	-0.000084	0.019650	958.047628	0.716418	0.716418	6	0	6	2	15	1.833333	0.000000	6	0	72	66	55	5.147055	2.696662	339.705627	0.000000	45809	17.118460	24.490284	256x256	65536	sparse	Learned	340	6	29	2661	30.843808	0.612882	28.251950	0.999281	0.696768	0.518626	9	4	0.000000	33	2588	31.064846	0.659127	0.999127	27.570960	0.281076	0.669536	3460	31.171179	0.654939	0.999438	29.545220	0.275170	0.675793	-0.205485	0.109797	-0.612516	-0.072609	True	0.703030	30.237025	0.540303	28.049322	0.645365	0.434475	0.690577	28.271307	0.999235	7455
7456.png	0.497934	0.825397	0.904348	0.875789	0.934831	0.999365	27.945357	0.999447	28.476773	0.551901	0.510808	0.550891	31.351552	0.578053	1693	4	0	0	8	1.783784	0.000000	37	33	160.539105	2.842879	0.000000	-0.007432	-0.109072	-0.000098	0.000041	-0.004409	1162.366867	0.551901	0.551901	4	0	4	0	8	1.783784	0.000000	4	0	37	33	29	4.864821	2.842879	160.539105	0.000000	44847	26.489663	38.709982	256x256	65536	sparse	Learned	232	4	23	1632	31.548893	0.605030	28.073807	0.999406	0.556311	0.338558	6	1	0.250000	34	1676	31.772106	0.645341	0.999362	27.938066	0.279277	0.582769	5483	32.849558	0.755190	0.999735	32.280473	0.234436	0.549077	0.402966	0.172250	-0.197341	-0.026977	True	0.498967	31.356451	0.578085	28.482673	0.508356	0.280048	0.505366	28.054428	0.999463	7456
7457.png	0.637108	0.887431	0.940359	0.967620	0.914591	0.998994	26.863969	0.999314	27.815484	0.678468	0.583138	0.900073	30.872002	0.566321	1990	4	0	2	10	1.813953	0.000000	43	39	201.651804	3.175290	0.000000	0.012587	-0.856056	-0.000255	0.000013	0.037084	985.956907	0.678468	0.678468	4	0	4	2	10	1.813953	0.000000	4	0	43	39	31	5.170559	3.175290	201.651804	0.000000	45282	22.754774	32.932663	256x256	65536	sparse	Learned	249	4	25	1922	31.260751	0.604434	27.649440	0.999301	0.641384	0.458457	6	8	0.000000	33	1870	31.452646	0.641528	0.999268	27.531567	0.515675	0.636119	4628	32.178108	0.720571	0.999645	31.182638	0.322422	0.644385	0.166043	0.124681	-0.388748	-0.038113	True	0.635744	30.872560	0.566313	27.811077	0.626561	0.563951	0.624521	27.720025	0.999249	7457
7458.png	0.647956	0.853324	0.920858	0.905455	0.936795	0.999347	28.337263	0.999365	28.579849	0.669421	0.744619	0.644476	31.170492	0.575854	2281	4	2	5	10	1.936508	0.500000	63	61	308.521861	2.324240	0.000000	-0.017334	0.079126	-0.000010	0.000051	-0.019406	965.838432	0.669421	0.669421	4	2	2	5	10	1.936508	0.500000	4	2	63	61	48	5.057735	2.324240	308.521861	0.000000	45093	19.768961	28.731258	256x256	65536	sparse	Learned	315	4	28	2238	31.458434	0.623586	28.202458	0.999314	0.688828	0.503415	7	3	0.375000	36	2050	31.679078	0.657616	0.999255	27.941681	0.387930	0.664416	4135	32.114032	0.704975	0.999626	31.371421	0.278959	0.656696	0.377391	0.241205	-0.287942	-0.047732	True	0.647956	31.175894	0.575899	28.579858	0.749676	0.483149	0.665289	28.258137	0.999357	7458
7459.png	0.638455	0.890323	0.941980	0.934801	0.949269	0.999351	27.966513	0.999476	28.320478	0.669710	0.651808	0.548957	30.921856	0.563919	2129	4	0	1	9	1.836735	0.000000	49	45	248.007143	2.409293	0.000000	0.024991	0.008591	-0.000088	0.000006	0.028977	855.610371	0.669710	0.669710	4	0	4	1	9	1.836735	0.000000	4	0	49	45	39	5.511270	2.409293	248.007143	0.000000	45336	21.294504	30.782527	256x256	65536	sparse	Learned	285	4	26	2122	31.128643	0.606497	28.064604	0.999471	0.640732	0.425518	7	0	0.625000	33	1948	31.429931	0.644857	0.999385	27.550994	0.377671	0.606391	4280	31.958562	0.702467	0.999719	31.154067	0.220333	0.618902	0.255874	0.226290	-0.206788	-0.042578	True	0.636812	30.926941	0.563958	28.326028	0.668789	0.367136	0.613464	27.957922	0.999439	7459
7460.png	0.715368	0.900862	0.947846	0.931476	0.964801	0.998747	27.965209	0.998777	28.280411	0.720064	0.538528	0.754898	31.307899	0.596882	2394	6	0	2	14	1.764706	0.000000	51	45	266.592929	3.161100	0.000000	0.019606	-0.579920	-0.000192	-0.000012	0.029693	1330.933809	0.720064	0.720064	6	0	6	2	14	1.764706	0.000000	6	0	51	45	35	5.924287	3.161100	266.592929	0.000000	44854	18.736007	27.375104	256x256	65536	sparse	Learned	295	6	30	2393	31.755328	0.644158	28.562246	0.998789	0.690370	0.454174	11	8	0.000000	38	2160	31.995044	0.677506	0.998610	28.135500	0.416280	0.691966	3860	32.294293	0.707712	0.999342	31.231806	0.395606	0.675248	-0.281835	0.084354	-0.447430	-0.047276	True	0.714672	31.309023	0.596873	28.278926	0.626187	0.472708	0.695762	28.545129	0.998939	7460
7461.png	0.741102	0.901271	0.948072	0.945641	0.950515	0.998642	28.618447	0.998719	28.918640	0.767522	0.735523	0.798414	31.146605	0.583193	2570	4	0	1	9	1.873016	0.000000	63	59	309.634560	3.091644	0.000000	0.048041	-0.119944	-0.000098	0.000056	0.064711	1283.517361	0.767522	0.767522	4	0	4	1	9	1.873016	0.000000	4	0	63	59	53	5.248043	3.091644	309.634560	0.000000	45107	17.551362	25.500389	256x256	65536	sparse	Learned	332	4	31	2547	31.546804	0.637895	28.699665	0.998662	0.702811	0.683363	8	19	0.000000	38	2350	31.759222	0.674710	0.998349	27.975723	0.244216	0.674500	3420	31.929969	0.684467	0.999130	30.843105	0.225084	0.695234	0.218975	0.052160	-0.400199	-0.054702	True	0.743902	31.147567	0.583198	28.911527	0.757074	0.604459	0.693060	28.738391	0.998740	7461
7462.png	0.689863	0.896665	0.945517	0.945245	0.945790	0.998928	26.889819	0.999208	27.477550	0.712937	0.671099	0.496483	30.692601	0.571798	2711	5	0	2	12	1.846154	0.000000	65	60	322.705627	2.717029	0.000000	0.009966	-0.970524	-0.000339	-0.000098	0.026440	927.860022	0.712937	0.712937	5	0	5	2	12	1.846154	0.000000	5	0	65	60	51	5.378427	2.717029	322.705627	0.000000	45453	16.766138	24.174105	256x256	65536	sparse	Learned	331	5	29	2641	31.188212	0.629988	27.896132	0.999305	0.686498	0.406667	10	0	0.500000	38	2662	31.581531	0.682152	0.999225	27.866755	0.609372	0.688183	3380	31.601024	0.668381	0.999518	30.086286	0.411930	0.683394	-0.418582	0.264432	-0.495611	-0.058190	True	0.690789	30.698004	0.571837	27.483110	0.695170	0.345140	0.679897	27.860342	0.999267	7462
7463.png	0.535538	0.884937	0.938957	0.909026	0.970926	0.999185	28.400638	0.999110	28.545598	0.541752	0.658702	0.462025	30.362832	0.529411	2121	4	0	4	12	1.836735	0.000000	49	45	239.580736	2.879684	0.000000	-0.021896	0.344746	0.000012	0.000052	-0.023259	1193.832159	0.541752	0.541752	4	0	4	4	12	1.836735	0.000000	4	0	49	45	33	5.324016	2.879684	239.580736	0.000000	45761	21.575200	30.898633	256x256	65536	sparse	Learned	282	4	25	2093	30.739991	0.583573	28.143546	0.999058	0.565010	0.326320	12	6	0.000000	31	2006	30.973589	0.621987	0.999003	27.855526	0.160866	0.533514	4364	31.544859	0.693825	0.999463	30.745315	0.094419	0.554622	0.402051	0.332382	-0.377159	-0.054162	True	0.534459	30.363438	0.529429	28.540446	0.681776	0.314998	0.557435	28.055892	0.999173	7463
7464.png	0.761386	0.888171	0.940774	0.920295	0.962185	0.999310	27.563675	0.999324	27.977065	0.790446	0.637960	0.989356	30.661365	0.557292	2477	5	1	5	13	1.866667	0.200000	60	56	285.208153	2.732505	0.000000	0.044561	-0.405460	-0.000103	-0.000017	0.045452	1084.652901	0.790446	0.790446	5	1	4	5	13	1.866667	0.200000	5	1	60	56	42	5.093003	2.732505	285.208153	0.000000	45564	18.394832	26.457812	256x256	65536	sparse	Learned	308	5	28	2448	31.118472	0.616953	27.970691	0.999342	0.744994	0.524077	8	8	0.000000	34	2354	31.322994	0.658387	0.999223	27.377437	0.541594	0.740914	3683	31.580948	0.676442	0.999611	30.281513	0.291966	0.742310	0.006373	0.113882	-0.457108	-0.059660	True	0.763462	30.667502	0.557321	27.978830	0.654927	0.647956	0.716825	27.969135	0.999414	7464
7465.png	0.528522	0.819444	0.900763	0.915066	0.886901	0.998970	28.093936	0.999214	28.411809	0.579290	0.620917	0.407077	31.469630	0.594271	1988	4	1	2	9	1.872340	0.250000	47	44	216.923882	3.101923	0.000000	-0.006953	-0.439354	-0.000276	-0.000034	0.005164	1033.801317	0.579290	0.579290	4	1	3	2	9	1.872340	0.250000	4	1	47	44	36	4.930088	3.101923	216.923882	0.000000	44692	22.480885	32.965795	256x256	65536	sparse	Learned	280	4	27	1950	31.839200	0.631620	28.406868	0.999249	0.574126	0.302324	7	1	0.625000	37	1782	32.019442	0.660648	0.999213	28.256907	0.374998	0.585485	4613	32.707623	0.736963	0.999598	31.904883	0.292959	0.573895	0.004941	0.318593	-0.369570	-0.037350	True	0.528522	31.475116	0.594314	28.416073	0.663784	0.270211	0.535475	28.533290	0.999247	7465
7466.png	0.683353	0.900196	0.947477	0.933442	0.961941	0.997746	28.718511	0.997720	28.951448	0.688098	0.760691	0.944191	30.960202	0.571384	2624	4	1	7	13	1.906250	0.250000	64	61	327.735065	3.785493	0.000000	-0.027371	-0.044536	0.000001	0.000100	-0.021743	1738.325119	0.688098	0.688098	4	1	3	7	13	1.906250	0.250000	4	1	64	61	44	5.372706	3.785493	327.735065	0.000000	45305	17.265625	24.975610	256x256	65536	sparse	Learned	314	4	30	2579	31.345169	0.631095	28.833132	0.997620	0.709841	0.503415	12	15	0.000000	40	2596	31.696382	0.677750	0.997478	28.654645	0.355964	0.626708	3495	31.722361	0.678201	0.998209	30.284272	0.178927	0.679093	0.118316	0.257276	-0.384966	-0.059711	True	0.683088	30.963456	0.571413	28.963578	0.784544	0.740760	0.710724	28.763048	0.997745	7466
7467.png	0.605610	0.885111	0.939055	0.953885	0.924679	0.998689	26.930581	0.999126	27.939615	0.617733	0.654927	0.574322	30.396283	0.547355	2432	5	1	4	13	1.873016	0.200000	63	59	309.877200	2.644056	0.000000	0.018833	-1.156061	-0.000406	-0.000048	0.039666	1195.460558	0.617733	0.617733	5	1	4	4	13	1.873016	0.200000	5	0	63	59	46	5.252156	2.644056	309.877200	0.000000	45668	18.777961	26.947368	256x256	65536	sparse	Learned	304	5	27	2351	30.949918	0.606710	28.047277	0.999174	0.578068	0.297657	15	4	0.000000	33	2400	31.196903	0.656198	0.999103	27.666762	0.308278	0.582033	3682	31.432657	0.674295	0.999454	30.220581	0.284474	0.570292	-0.107663	0.357270	-0.553635	-0.059355	True	0.606061	30.400279	0.547376	27.936157	0.650761	0.373746	0.586777	28.086642	0.999095	7467
7468.png	0.640616	0.855738	0.922261	0.926627	0.917937	0.998986	27.437957	0.999159	27.939091	0.665730	0.555142	0.530393	30.170121	0.539066	2492	6	0	3	15	1.796610	0.000000	59	53	279.249783	2.904982	0.000000	0.011471	-0.311814	-0.000114	0.000041	0.021490	1256.232262	0.665730	0.665730	6	0	6	3	15	1.796610	0.000000	6	0	59	53	41	5.268864	2.904982	279.249783	0.000000	45873	18.408106	26.298555	256x256	65536	sparse	Learned	299	6	26	2333	30.724764	0.599332	27.755313	0.999117	0.644241	0.388394	12	3	0.000000	31	2286	30.935251	0.642833	0.998905	26.994613	0.452407	0.627390	3762	31.262306	0.668247	0.999378	29.500146	0.253096	0.639086	0.183778	0.166748	-0.554643	-0.060265	True	0.639164	30.171337	0.539076	27.937403	0.592073	0.314031	0.629146	27.749771	0.999100	7468
7469.png	0.606952	0.882392	0.937522	0.948446	0.926846	0.998422	27.824051	0.998809	28.594235	0.632920	0.601481	0.528790	31.359669	0.589579	2063	4	0	2	10	1.809524	0.000000	42	38	211.480231	3.252178	0.000000	-0.018533	-0.544687	-0.000262	0.000043	0.001341	1419.973612	0.632920	0.632920	4	0	4	2	10	1.809524	0.000000	4	0	42	38	30	5.565269	3.252178	211.480231	0.000000	44873	21.751333	31.767329	256x256	65536	sparse	Learned	257	4	26	2009	31.608252	0.624208	28.363070	0.998766	0.631579	0.417252	7	2	0.000000	36	2054	31.921510	0.670024	0.998572	27.820972	0.305109	0.618638	4502	32.524969	0.727485	0.999365	31.614588	0.297322	0.608037	0.231165	0.184229	-0.248583	-0.034629	True	0.604947	31.359880	0.589581	28.591303	0.617107	0.326320	0.625485	28.368738	0.998684	7469
7470.png	0.772793	0.937685	0.967841	0.968582	0.967100	0.999329	26.625872	0.999488	27.236804	0.781659	0.597476	0.712881	30.224957	0.537604	2172	4	0	0	8	1.783784	0.000000	37	33	201.610173	3.094115	0.000000	-0.013314	-0.515729	-0.000150	0.000000	0.010328	909.872532	0.781659	0.781659	4	0	4	0	8	1.783784	0.000000	4	0	37	33	29	6.109399	3.094115	201.610173	0.000000	45942	21.151934	30.173112	256x256	65536	sparse	Learned	274	4	24	2148	30.642442	0.588047	27.131194	0.999488	0.771331	0.609372	5	5	0.000000	30	2050	30.910206	0.629437	0.999396	26.595587	0.379668	0.743677	4358	31.511318	0.690329	0.999753	30.411636	0.468738	0.758076	0.105610	-0.011896	-0.417485	-0.050443	True	0.771904	30.227238	0.537616	27.240713	0.595458	0.424491	0.786107	27.141600	0.999479	7470
7471.png	0.702103	0.849752	0.918774	0.899243	0.939173	0.998760	28.693660	0.998770	28.855730	0.741624	0.757074	0.670675	30.438669	0.537027	2439	4	0	4	12	1.880597	0.000000	67	63	320.007143	2.747893	0.000000	0.036645	0.154112	0.000027	0.000128	0.041004	1291.381598	0.741624	0.741624	4	0	4	4	12	1.880597	0.000000	4	0	67	63	51	5.079478	2.747893	320.007143	0.000000	45676	18.727347	26.870029	256x256	65536	sparse	Learned	326	4	27	2410	30.794292	0.599814	28.509591	0.998642	0.700620	0.362747	17	10	0.000000	33	2428	31.116988	0.648495	0.998392	27.955342	0.063120	0.639414	3776	31.375093	0.674670	0.999176	30.271414	0.041153	0.570793	0.346140	0.394328	-0.355623	-0.062787	True	0.699773	30.441395	0.537032	28.858747	0.671099	0.450090	0.665458	28.539548	0.998733	7471
7472.png	0.758333	0.911595	0.953753	0.967369	0.940516	0.999097	26.619036	0.999373	27.367825	0.781662	0.700308	0.991945	30.421034	0.553625	2417	4	0	3	11	1.851852	0.000000	54	50	275.107648	2.658816	0.000000	0.038425	-0.888048	-0.000281	-0.000065	0.068118	1145.281792	0.781662	0.781662	4	0	4	3	11	1.851852	0.000000	4	0	54	50	40	5.502153	2.658816	275.107648	0.000000	45705	18.909806	27.114605	256x256	65536	sparse	Learned	295	4	27	2406	30.943931	0.612251	27.559218	0.999438	0.713545	0.483149	7	2	0.000000	33	2376	31.199291	0.657528	0.999368	27.298195	0.477954	0.710677	3868	31.508898	0.679073	0.999635	29.728898	0.419367	0.714699	-0.191393	0.217159	-0.522897	-0.058626	True	0.759615	30.422885	0.553658	27.364806	0.714924	0.709165	0.719909	27.507084	0.999378	7472
7473.png	0.494259	0.889652	0.941604	0.941867	0.941341	0.998298	28.546347	0.998407	28.755779	0.505234	0.566559	0.333735	31.164718	0.574205	2191	5	0	3	13	1.818182	0.000000	55	50	241.693434	3.617998	0.000000	-0.039826	0.020570	0.000035	0.000155	-0.034098	1520.807505	0.505234	0.505234	5	0	5	3	13	1.818182	0.000000	5	0	55	50	39	4.833869	3.617998	241.693434	0.000000	45081	20.575536	29.911456	256x256	65536	sparse	Learned	268	5	27	2189	31.371868	0.617879	28.513238	0.998252	0.539332	0.216227	22	6	0.000000	35	1948	31.594601	0.648164	0.997921	28.023222	0.255755	0.487263	4139	32.099039	0.705871	0.998969	31.083037	0.159749	0.529032	0.242541	0.350332	-0.207150	-0.043674	True	0.496446	31.168576	0.574210	28.754639	0.598280	0.199667	0.534085	28.525777	0.998264	7473
7474.png	0.674654	0.886607	0.939896	0.928037	0.952061	0.999389	26.971384	0.999511	27.480677	0.712163	0.493383	0.639815	30.894500	0.565753	1974	5	0	0	10	1.750000	0.000000	40	35	201.036580	2.538669	0.000000	0.056442	0.109483	-0.000092	0.000047	0.065894	827.184916	0.712163	0.712163	5	0	5	0	10	1.750000	0.000000	5	0	40	35	30	5.743902	2.538669	201.036580	0.000000	45362	22.979737	33.199595	256x256	65536	sparse	Learned	254	5	24	1885	31.140322	0.601422	26.882928	0.999464	0.646270	0.316139	8	2	0.000000	31	1848	31.414712	0.640623	0.999401	26.627601	0.381217	0.660000	4679	32.129160	0.717717	0.999790	31.345279	0.253871	0.663043	0.597749	0.177244	-0.245821	-0.035669	True	0.674033	30.900824	0.565811	27.478897	0.605446	0.387374	0.618212	26.861900	0.999481	7474
7475.png	0.781609	0.915504	0.955888	0.976033	0.936558	0.999010	26.991236	0.999327	27.799896	0.827974	0.601481	1.009783	31.324620	0.588384	2130	4	0	1	9	1.833333	0.000000	48	44	209.409163	2.871727	0.000000	0.000608	-1.003077	-0.000287	-0.000038	0.034537	1075.836420	0.827974	0.827974	4	0	4	1	9	1.833333	0.000000	4	0	48	44	38	4.759299	2.871727	209.409163	0.000000	45003	21.128169	30.768075	256x256	65536	sparse	Learned	272	4	26	2025	31.535856	0.623109	27.888085	0.999365	0.793438	0.622808	4	3	0.000000	35	1902	31.827560	0.660573	0.999270	27.471675	0.520974	0.804658	4302	32.377751	0.718705	0.999723	31.627407	0.557803	0.796407	-0.088189	-0.021327	-0.211236	-0.034725	True	0.783742	31.327101	0.588405	27.805466	0.603469	0.609372	0.781001	27.994314	0.999297	7475
7476.png	0.588074	0.866163	0.928282	0.948159	0.909222	0.998859	28.558480	0.999009	28.946620	0.607397	0.566126	0.366642	31.593816	0.592607	1844	4	0	3	11	1.822222	0.000000	45	41	188.681241	3.316126	0.000000	0.009522	0.107591	-0.000049	0.000114	0.028965	1305.853605	0.607397	0.607397	4	0	4	3	11	1.822222	0.000000	4	0	45	41	31	4.601981	3.316126	188.681241	0.000000	44713	24.247831	35.540130	256x256	65536	sparse	Learned	238	4	26	1828	31.792019	0.622644	28.372741	0.998896	0.578431	0.624689	4	4	0.000000	35	1736	32.001002	0.657884	0.998781	28.212587	0.282871	0.515501	4959	32.855892	0.745998	0.999525	32.539412	0.224530	0.576034	0.573879	-0.058563	-0.198202	-0.030037	True	0.590130	31.599433	0.592668	28.955935	0.609372	0.223421	0.578552	28.450889	0.998908	7476
7477.png	0.692403	0.908629	0.952128	0.947090	0.957219	0.999111	26.601621	0.999226	27.015015	0.708617	0.658702	0.988097	30.702118	0.564735	2319	4	0	3	11	1.843137	0.000000	51	47	247.865007	3.054430	0.000000	-0.026067	-0.373900	-0.000154	0.000004	-0.009148	1313.890457	0.708617	0.708617	4	0	4	3	11	1.843137	0.000000	4	0	51	47	37	5.273724	3.054430	247.865007	0.000000	45628	19.675722	28.260457	256x256	65536	sparse	Learned	278	4	27	2197	31.124293	0.611321	26.959187	0.999222	0.717766	0.540063	6	3	0.000000	34	2196	31.365143	0.655847	0.999228	27.134148	0.626187	0.699640	4114	31.796316	0.690105	0.999673	31.041887	0.421895	0.686415	0.055828	0.118639	-0.422175	-0.046586	True	0.692213	30.703006	0.564737	27.017717	0.680181	0.672085	0.718470	26.975522	0.999264	7477
7478.png	0.717593	0.873943	0.932732	0.916197	0.949875	0.999191	27.929487	0.999116	28.203942	0.739464	0.635781	0.639611	31.523449	0.597428	2059	4	0	4	12	1.840000	0.000000	50	46	233.622366	2.795959	0.000000	0.024741	-0.223287	-0.000140	-0.000018	0.038346	1126.946688	0.739464	0.739464	4	0	4	4	12	1.840000	0.000000	4	0	50	46	34	5.078747	2.795959	233.622366	0.000000	44725	21.721710	31.829043	256x256	65536	sparse	Learned	259	4	27	1981	31.835382	0.633620	28.156461	0.999135	0.701117	0.604656	5	4	0.000000	39	2052	32.094895	0.674672	0.999090	28.223188	0.294136	0.686329	4350	32.612489	0.728729	0.999596	31.751586	0.374517	0.684989	0.047481	0.031125	-0.311933	-0.036191	True	0.715497	31.526414	0.597440	28.206261	0.688077	0.440102	0.692852	28.152773	0.999331	7478
7479.png	0.726083	0.864173	0.927138	0.942060	0.912682	0.999328	26.821818	0.999569	27.839918	0.768908	0.508356	0.912233	30.981763	0.561679	1791	4	0	1	9	1.764706	0.000000	34	30	161.610173	2.853718	0.000000	-0.039454	-0.962268	-0.000214	0.000006	0.016771	1080.296993	0.768908	0.768908	4	0	4	1	9	1.764706	0.000000	4	0	34	30	24	5.387006	2.853718	161.610173	0.000000	45248	25.264098	36.591848	256x256	65536	sparse	Learned	231	4	23	1708	31.213802	0.591742	27.711796	0.999563	0.752137	0.407458	6	3	0.000000	31	1594	31.396614	0.626401	0.999475	27.077895	0.437858	0.742308	5308	32.409899	0.742935	0.999812	31.650451	0.358535	0.724041	0.128122	0.100898	-0.232039	-0.030062	True	0.726083	30.984996	0.561693	27.844681	0.520495	0.474813	0.765537	27.784086	0.999543	7479
7480.png	0.562008	0.858708	0.923984	0.919704	0.928304	0.998983	28.098943	0.999030	28.549783	0.573939	0.680181	0.366653	30.429150	0.532350	2244	4	0	4	12	1.846154	0.000000	52	48	263.764502	3.065483	0.000000	-0.023256	0.108299	-0.000042	0.000107	-0.001516	1181.580782	0.573939	0.573939	4	0	4	4	12	1.846154	0.000000	4	0	52	48	36	5.495094	3.065483	263.764502	0.000000	45767	20.395276	29.204991	256x256	65536	sparse	Learned	294	4	25	2110	30.722698	0.585354	28.009234	0.998923	0.575455	0.308637	11	1	0.000000	29	2242	30.970815	0.631473	0.998907	27.789245	0.098775	0.560543	4268	31.489199	0.688833	0.999347	30.743448	0.070853	0.581981	0.540549	0.371544	-0.293548	-0.053004	True	0.562273	30.434274	0.532377	28.555869	0.527633	0.193459	0.585264	27.990644	0.999024	7480
7481.png	0.591633	0.909699	0.952715	0.941828	0.963855	0.998631	27.847009	0.998864	28.308181	0.597633	0.656991	0.489299	31.088565	0.573963	2213	4	1	3	10	1.880000	0.250000	50	47	247.279221	2.716450	0.000000	-0.016457	-0.404606	-0.000345	-0.000084	-0.020537	1255.542517	0.597633	0.597633	4	1	3	3	10	1.880000	0.250000	4	1	50	47	37	5.261260	2.716450	247.279221	0.000000	45169	20.410755	29.614099	256x256	65536	sparse	Learned	284	4	27	2188	31.374637	0.619500	28.300047	0.998948	0.618170	0.423691	9	5	0.000000	35	2180	31.642097	0.661105	0.998840	27.939929	0.460516	0.587259	4142	32.114614	0.705985	0.999345	31.249269	0.241027	0.597521	0.008134	0.233301	-0.286072	-0.045537	True	0.592568	31.094561	0.573998	28.313113	0.668789	0.327238	0.608090	28.251615	0.998976	7481
7482.png	0.636364	0.848829	0.918234	0.907436	0.929293	0.999116	27.074717	0.999305	27.866633	0.658408	0.539757	0.492646	31.634153	0.612697	2153	5	0	2	12	1.795918	0.000000	49	44	222.551299	2.818685	0.000000	-0.008911	-0.681698	-0.000253	-0.000060	0.009873	1085.545063	0.658408	0.658408	5	0	5	2	12	1.795918	0.000000	5	0	49	44	35	5.057984	2.818685	222.551299	0.000000	44612	20.720855	30.439387	256x256	65536	sparse	Learned	266	5	29	2134	32.012019	0.649944	27.830596	0.999365	0.648536	0.292488	10	1	0.000000	43	2082	32.341706	0.686489	0.999418	28.576459	0.360243	0.634439	4153	32.746727	0.728076	0.999694	31.574072	0.310416	0.635915	0.036037	0.247269	-0.377866	-0.037247	True	0.642964	31.635997	0.612715	27.860047	0.566559	0.279113	0.645275	27.756415	0.999368	7482
7483.png	0.571038	0.899800	0.947257	0.950600	0.943938	0.998806	26.986790	0.999022	27.830779	0.590278	0.487267	0.558886	30.315766	0.533200	2069	5	0	1	11	1.750000	0.000000	40	35	187.267027	3.416913	0.000000	0.000806	-0.324242	-0.000114	0.000131	0.017368	1138.380289	0.590278	0.590278	5	0	5	1	11	1.750000	0.000000	5	0	40	35	28	5.350486	3.416913	187.267027	0.000000	45843	22.157081	31.675205	256x256	65536	sparse	Learned	253	5	23	2045	30.529424	0.578072	27.260628	0.998891	0.572910	0.204141	12	0	0.300000	29	1958	30.876431	0.620828	0.998777	27.039877	0.206188	0.545631	4530	31.550245	0.696334	0.999453	31.035196	0.184900	0.587198	0.570151	0.283126	-0.213658	-0.044872	True	0.571721	30.318373	0.533212	27.829967	0.509338	0.284662	0.570232	27.311031	0.998921	7483
7484.png	0.607820	0.911400	0.953646	0.943154	0.964375	0.998549	28.050048	0.998673	28.523259	0.609128	0.593430	0.737289	31.781808	0.612800	2106	4	0	2	10	1.818182	0.000000	44	40	205.823376	3.664403	0.000000	0.000698	-0.273111	-0.000182	0.000044	0.009013	1207.867384	0.609128	0.609128	4	0	4	2	10	1.818182	0.000000	4	0	44	40	32	5.145584	3.664403	205.823376	0.000000	44506	21.132953	31.118708	256x256	65536	sparse	Learned	254	4	28	2043	32.025607	0.645907	28.361007	0.998630	0.600115	0.295854	13	7	0.000000	41	1956	32.309506	0.678793	0.998575	28.455032	0.289415	0.563437	4256	32.804866	0.730962	0.999320	31.809722	0.370656	0.599315	0.162252	0.297577	-0.243799	-0.033107	True	0.608180	31.787063	0.612829	28.528683	0.633955	0.467408	0.607122	28.323159	0.998731	7484
7485.png	0.561940	0.896070	0.945187	0.933728	0.956930	0.998641	28.313687	0.998595	28.601539	0.567483	0.682729	0.464635	30.069843	0.521318	2564	5	0	3	14	1.855072	0.000000	69	64	325.078210	2.799089	0.000000	0.016262	-0.122731	-0.000094	0.000058	0.019471	1413.955212	0.567483	0.567483	5	0	5	3	14	1.855072	0.000000	5	1	69	64	52	5.079347	2.799089	325.078210	0.000000	46012	17.945398	25.560062	256x256	65536	sparse	Learned	340	5	27	2551	30.525511	0.592523	28.448013	0.998537	0.548012	0.266204	21	5	0.000000	30	2518	30.820022	0.639392	0.998317	27.702160	0.060456	0.542920	3687	31.042626	0.654458	0.998867	29.790223	0.060800	0.539272	0.153526	0.416526	-0.455668	-0.071205	True	0.564805	30.077604	0.521363	28.613451	0.617107	0.286730	0.545678	28.436418	0.998735	7485
7486.png	0.400794	0.860182	0.924837	0.893449	0.958510	0.999274	28.062678	0.999233	28.411567	0.393825	0.601481	0.325897	30.094316	0.518244	1992	4	1	4	10	1.866667	0.250000	45	42	209.166522	3.172571	0.000000	-0.020567	0.337670	0.000032	0.000127	-0.030034	1257.338285	0.393825	0.393825	4	1	3	4	10	1.866667	0.250000	4	1	45	42	31	4.980155	3.172571	209.166522	0.000000	45932	23.058233	32.899598	256x256	65536	sparse	Learned	247	4	23	1914	30.529594	0.567632	27.804667	0.999106	0.423860	0.186370	16	3	0.000000	28	1964	30.766059	0.610866	0.998966	27.174941	0.143914	0.332355	4626	31.484388	0.698052	0.999540	30.847170	0.194685	0.428571	0.606900	0.415111	-0.435278	-0.049388	True	0.402381	30.099166	0.518267	28.416255	0.601481	0.196021	0.421361	27.725008	0.999242	7486
7487.png	0.699410	0.885039	0.939014	0.919804	0.959044	0.998927	27.963049	0.998912	28.220615	0.702206	0.701803	0.630227	30.079681	0.522238	2395	4	0	2	10	1.859649	0.000000	57	53	286.462987	3.158856	0.000000	0.040698	-0.176780	-0.000086	0.000028	0.040221	1258.234501	0.702206	0.702206	4	0	4	2	10	1.859649	0.000000	4	0	57	53	45	5.404962	3.158856	286.462987	0.000000	46018	19.214196	27.363674	256x256	65536	sparse	Learned	295	4	26	2371	30.506295	0.587133	28.202929	0.998884	0.661985	0.407306	13	8	0.000000	27	2330	30.700763	0.629027	0.998547	27.214048	0.087953	0.623656	3866	31.099855	0.663568	0.999170	29.669006	0.113540	0.633120	0.017687	0.294497	-0.426614	-0.064895	True	0.698873	30.084839	0.522275	28.228278	0.743339	0.468472	0.658711	28.139830	0.999013	7487
7488.png	0.567059	0.887779	0.940554	0.926994	0.954517	0.999150	28.164933	0.999206	28.305709	0.579837	0.742053	0.436376	30.520237	0.547590	2511	4	0	5	13	1.880597	0.000000	67	63	306.764502	2.769463	0.000000	-0.000147	0.148549	-0.000042	0.000022	-0.004744	1189.800024	0.579837	0.579837	4	0	4	5	13	1.880597	0.000000	4	0	67	63	49	4.869278	2.769463	306.764502	0.000000	45655	18.181999	26.099562	256x256	65536	sparse	Learned	315	4	27	2348	30.962891	0.605438	28.072343	0.999185	0.584581	0.309266	14	4	0.000000	33	2480	31.191141	0.657156	0.999048	27.514290	0.471199	0.561551	3813	31.468366	0.673555	0.999487	30.226527	0.291780	0.577418	0.233367	0.432787	-0.442654	-0.057847	True	0.570588	30.525109	0.547594	28.309537	0.758286	0.330898	0.567206	28.016384	0.999192	7488
7489.png	0.598045	0.902848	0.948944	0.942857	0.955109	0.998721	27.661105	0.998904	28.217369	0.604238	0.585217	0.591813	31.508877	0.606717	2335	5	0	3	13	1.827586	0.000000	58	53	251.036580	3.240176	0.000000	-0.001844	-0.792931	-0.000269	-0.000092	0.009837	1257.871389	0.604238	0.604238	5	0	5	3	13	1.827586	0.000000	5	0	58	53	42	4.736539	3.240176	251.036580	0.000000	44729	19.155889	28.066809	256x256	65536	sparse	Learned	286	5	30	2313	31.921181	0.649390	28.492925	0.998996	0.594402	0.378115	8	2	0.000000	40	2100	32.197154	0.682056	0.998897	28.469427	0.435282	0.578246	3955	32.522907	0.715168	0.999375	31.544989	0.313647	0.591285	-0.275556	0.207102	-0.412304	-0.042673	True	0.598620	31.511596	0.606752	28.221923	0.586873	0.347319	0.599889	28.454036	0.998991	7489
7490.png	0.555735	0.887588	0.940447	0.924390	0.957071	0.999162	27.766817	0.999254	28.109517	0.575661	0.546155	0.464826	31.494690	0.598294	1949	4	0	2	10	1.809524	0.000000	42	38	180.923882	3.277107	0.000000	0.025524	-0.044295	-0.000020	0.000057	0.024273	1164.249897	0.575661	0.575661	4	0	4	2	10	1.809524	0.000000	4	0	42	38	30	4.761155	3.277107	180.923882	0.000000	44730	22.950231	33.625449	256x256	65536	sparse	Learned	234	4	26	1887	31.760246	0.629404	27.810680	0.999197	0.551388	0.230232	12	1	0.000000	35	1776	32.011663	0.661809	0.999020	27.550681	0.221907	0.540996	4855	32.781202	0.742412	0.999608	31.948196	0.182131	0.555723	0.298837	0.315923	-0.265556	-0.031110	True	0.555376	31.496941	0.598312	28.109211	0.563951	0.262139	0.530211	27.811112	0.999183	7490
7491.png	0.659221	0.904352	0.949774	0.955707	0.943915	0.998897	26.596915	0.999174	27.476539	0.681866	0.629166	0.634033	30.011175	0.533015	2527	5	0	2	12	1.824561	0.000000	57	52	286.078210	3.027797	0.000000	-0.018918	-0.870911	-0.000303	-0.000009	0.010341	1116.871119	0.681866	0.681866	5	0	5	2	12	1.824561	0.000000	5	0	57	52	43	5.501504	3.027797	286.078210	0.000000	46031	18.215671	25.934309	256x256	65536	sparse	Learned	305	5	27	2518	30.617439	0.601904	27.461336	0.999182	0.671526	0.330637	14	4	0.000000	29	2326	30.741914	0.640042	0.998935	26.427270	0.431324	0.676111	3407	31.007623	0.645172	0.999486	29.527713	0.300853	0.650824	0.015203	0.298529	-0.606263	-0.068889	True	0.659221	30.012456	0.533035	27.479109	0.661760	0.419578	0.678139	27.467827	0.999200	7491
7492.png	0.686486	0.903352	0.949222	0.939984	0.958644	0.999359	27.355635	0.999398	27.630741	0.715618	0.564822	0.831446	30.068713	0.520711	2227	5	0	3	13	1.791667	0.000000	48	43	239.036580	2.560993	0.000000	0.008276	0.025944	-0.000036	0.000043	0.015184	1138.718367	0.715618	0.715618	5	0	5	3	13	1.791667	0.000000	5	0	48	43	32	5.558990	2.560993	239.036580	0.000000	46049	20.677593	29.427930	256x256	65536	sparse	Learned	265	5	24	2162	30.423900	0.577205	27.327061	0.999355	0.700434	0.451188	8	5	0.000000	29	2118	30.694269	0.620958	0.999226	26.774461	0.536987	0.692647	4222	31.212827	0.674476	0.999625	30.488454	0.315283	0.697455	0.303679	0.113634	-0.355187	-0.056494	True	0.685228	30.072612	0.520739	27.636216	0.563078	0.468169	0.678211	27.329691	0.999396	7492
7493.png	0.593621	0.871357	0.931257	0.922340	0.940347	0.999487	28.401854	0.999588	28.953075	0.623834	0.532334	0.569205	30.932747	0.554372	1761	4	0	0	8	1.783784	0.000000	37	33	176.994949	2.537841	0.000000	-0.035473	0.190659	-0.000052	0.000039	-0.040236	1000.633955	0.623834	0.623834	4	0	4	0	8	1.783784	0.000000	4	0	37	33	29	5.363483	2.537841	176.994949	0.000000	45271	25.707553	37.215219	256x256	65536	sparse	Learned	247	4	23	1717	31.102260	0.587968	28.297708	0.999548	0.664070	0.312711	8	1	0.000000	30	1574	31.323743	0.618317	0.999457	27.672956	0.270211	0.630029	5420	32.398849	0.746438	0.999792	31.971862	0.101973	0.627730	0.655367	0.219623	-0.169513	-0.033596	True	0.591564	30.935201	0.554382	28.955633	0.541594	0.308278	0.629094	28.211195	0.999539	7493
7494.png	0.685420	0.865487	0.927894	0.926721	0.929069	0.998938	27.009209	0.999192	28.097355	0.709559	0.678578	0.573988	30.146192	0.524874	2276	4	0	3	11	1.862069	0.000000	58	54	259.450793	3.015963	0.000000	-0.000390	-0.683357	-0.000249	0.000054	0.037501	1073.687553	0.709559	0.709559	4	0	4	3	11	1.862069	0.000000	4	0	58	54	44	4.804644	3.015963	259.450793	0.000000	45966	20.195958	28.794376	256x256	65536	sparse	Learned	296	4	24	2079	30.536638	0.578259	27.684673	0.999138	0.672058	0.432586	9	3	0.000000	29	2194	30.777209	0.626848	0.999000	27.221059	0.250415	0.644358	4025	31.213337	0.672729	0.999491	30.049458	0.288876	0.684862	0.412682	0.245992	-0.390447	-0.053385	True	0.696805	30.149199	0.524888	28.104585	0.620158	0.355964	0.685811	27.692566	0.999187	7494
7495.png	0.500876	0.846484	0.916860	0.915584	0.918140	0.999221	29.238945	0.999333	29.656178	0.520815	0.541594	0.330632	30.661994	0.533156	1704	4	0	2	10	1.777778	0.000000	36	32	171.053824	2.962124	0.000000	0.027424	0.563880	0.000007	0.000157	0.039465	1111.616373	0.520815	0.520815	4	0	4	2	10	1.777778	0.000000	4	0	36	32	24	5.345432	2.962124	171.053824	0.000000	45486	26.693662	38.460094	256x256	65536	sparse	Learned	238	4	21	1664	30.667073	0.562847	28.641433	0.999176	0.481350	0.308278	7	4	0.000000	29	1696	31.069542	0.607410	0.999146	28.389208	0.053098	0.233051	5344	32.122175	0.735481	0.999573	31.654089	0.130156	0.059383	1.014745	0.233316	-0.005079	-0.029691	True	0.501315	30.665556	0.533173	29.657959	0.581048	0.192113	0.473451	28.675064	0.999214	7495
7496.png	0.614501	0.887553	0.940427	0.907448	0.975894	0.999340	27.903458	0.999223	28.013814	0.625780	0.552465	0.379200	31.005696	0.573720	2173	5	1	4	12	1.840000	0.200000	50	46	231.793939	3.024131	0.000000	-0.002328	0.156606	-0.000013	0.000031	-0.005197	1208.443880	0.625780	0.625780	5	1	4	4	12	1.840000	0.200000	5	1	50	46	34	5.038999	3.024131	231.793939	0.000000	45157	20.780948	30.159227	256x256	65536	sparse	Learned	262	5	26	2018	31.351264	0.611973	27.820153	0.999192	0.630976	0.371236	10	5	0.000000	34	2114	31.600434	0.659867	0.999113	27.747531	0.332356	0.618501	4176	32.099420	0.705835	0.999576	31.438449	0.253397	0.617787	0.193662	0.181228	-0.345568	-0.038253	True	0.613228	31.010855	0.573763	28.017308	0.557803	0.211519	0.616829	27.746852	0.999353	7496
7497.png	0.702242	0.878390	0.935259	0.927911	0.942723	0.999470	27.397034	0.999555	27.767555	0.715950	0.550671	0.746653	30.367421	0.528112	2048	5	0	3	13	1.807692	0.000000	52	47	226.894444	2.435192	0.000000	-0.012788	0.199526	-0.000041	0.000032	-0.007860	931.380749	0.715950	0.715950	5	0	5	3	13	1.807692	0.000000	5	0	52	47	36	4.827541	2.435192	226.894444	0.000000	45898	22.411133	32.000000	256x256	65536	sparse	Learned	259	5	23	1969	30.553861	0.573857	27.285107	0.999523	0.723810	0.478997	5	0	1.000000	29	1956	30.836959	0.617654	0.999372	26.489145	0.449356	0.687339	4623	31.540690	0.698851	0.999784	31.102661	0.481423	0.696444	0.482448	0.071674	-0.186441	-0.045745	True	0.701345	30.369499	0.528123	27.764010	0.571729	0.426884	0.715030	27.197508	0.999511	7497
7498.png	0.734526	0.919079	0.957834	0.950115	0.965679	0.999135	26.729045	0.999184	27.131130	0.746280	0.532334	0.885093	30.218050	0.528072	1997	4	0	0	8	1.783784	0.000000	37	33	177.409163	3.459755	0.000000	0.035080	-0.180444	-0.000091	0.000013	0.052235	1170.147419	0.746280	0.746280	4	0	4	0	8	1.783784	0.000000	4	0	37	33	29	5.376035	3.459755	177.409163	0.000000	45952	23.010516	32.817226	256x256	65536	sparse	Learned	243	4	23	1982	30.522470	0.575190	26.902072	0.999171	0.694045	0.387374	8	4	0.000000	28	1794	30.718999	0.611965	0.999003	26.257328	0.537912	0.684857	4681	31.534939	0.699476	0.999624	30.652436	0.366186	0.703978	0.229058	0.144960	-0.304419	-0.047118	True	0.734526	30.220313	0.528100	27.135188	0.555142	0.491352	0.699446	26.909489	0.999226	7498
7499.png	0.496644	0.891958	0.942894	0.925801	0.960630	0.999377	28.100959	0.999427	28.319025	0.495090	0.576838	0.592180	30.670951	0.550138	1937	4	0	1	9	1.800000	0.000000	40	36	197.823376	2.896542	0.000000	-0.000661	0.250834	-0.000054	0.000044	-0.004156	909.289122	0.495090	0.495090	4	0	4	1	9	1.800000	0.000000	4	0	40	36	30	5.495094	2.896542	197.823376	0.000000	45449	23.463604	33.833764	256x256	65536	sparse	Learned	261	4	23	1871	30.878689	0.586650	27.868324	0.999383	0.499246	0.293548	8	1	0.000000	31	1792	31.266994	0.629524	0.999361	27.810354	0.288230	0.470866	4843	32.070092	0.722326	0.999666	31.113872	0.265505	0.505678	0.450701	0.283290	-0.207737	-0.036512	True	0.496644	30.672987	0.550162	28.323476	0.597476	0.353813	0.497306	27.850125	0.999431	7499
7500.png	0.807060	0.905355	0.950327	0.943543	0.957209	0.999122	27.037735	0.999294	27.762179	0.840615	0.678578	1.032668	30.563017	0.566408	2447	4	0	1	9	1.843137	0.000000	51	47	259.450793	2.963189	0.000000	0.095109	-0.601425	-0.000181	-0.000009	0.120942	1214.655876	0.840615	0.840615	4	0	4	1	9	1.843137	0.000000	4	0	51	47	41	5.520230	2.963189	259.450793	0.000000	45542	18.611361	26.782182	256x256	65536	sparse	Learned	301	4	27	2299	31.193277	0.619077	27.716083	0.999303	0.719674	0.553231	7	8	0.000000	35	2308	31.442690	0.664975	0.999245	27.445333	0.586597	0.710276	3713	31.671967	0.682015	0.999575	29.848991	0.534666	0.715155	0.046097	0.125347	-0.630260	-0.052669	True	0.808653	30.564809	0.566443	27.761673	0.701803	0.724729	0.711951	27.639159	0.999303	7500
7501.png	0.773432	0.904555	0.949886	0.958621	0.941309	0.999232	26.593748	0.999449	27.231347	0.798186	0.537912	0.665269	30.791770	0.565574	2167	5	1	2	10	1.822222	0.200000	45	41	220.066017	2.957859	0.000000	0.010897	-0.686038	-0.000237	-0.000023	0.037652	883.566141	0.798186	0.798186	5	1	4	2	10	1.822222	0.200000	5	1	45	41	33	5.367464	2.957859	220.066017	0.000000	45442	20.970005	30.242732	256x256	65536	sparse	Learned	270	5	25	2041	31.086482	0.603552	27.231076	0.999472	0.760534	0.460259	6	3	0.000000	33	2150	31.416076	0.656617	0.999445	27.172339	0.474462	0.748081	4133	31.865353	0.695800	0.999735	30.767846	0.300927	0.747729	0.000271	0.077653	-0.294712	-0.037978	True	0.773432	30.794405	0.565563	27.233560	0.561327	0.373433	0.762535	27.279786	0.999469	7501
7502.png	0.698059	0.887473	0.940382	0.947846	0.933036	0.999136	26.813856	0.999455	27.759343	0.745712	0.646545	0.575347	30.208733	0.536679	2219	4	1	1	7	1.872340	0.250000	47	44	239.379726	2.801072	0.000000	0.008117	-0.787136	-0.000265	-0.000013	0.039715	947.607279	0.745712	0.745712	4	1	3	1	7	1.872340	0.250000	4	1	47	44	39	5.440448	2.801072	239.379726	0.000000	45835	20.655701	29.534024	256x256	65536	sparse	Learned	289	4	25	2196	30.710843	0.592425	27.595432	0.999468	0.705997	0.362372	10	3	0.000000	29	2104	30.929727	0.633366	0.999342	26.842031	0.438500	0.684142	4245	31.509433	0.690633	0.999693	30.423730	0.339188	0.705497	0.163911	0.284173	-0.502110	-0.055746	True	0.698778	30.213893	0.536702	27.763126	0.686514	0.394984	0.689942	27.600992	0.999401	7502
7503.png	0.624851	0.845763	0.916437	0.915596	0.917279	0.998702	27.123701	0.998711	27.757584	0.647200	0.697296	0.530668	31.369268	0.602112	2350	4	0	2	10	1.870968	0.000000	62	58	278.492424	2.888222	0.000000	0.022964	-0.914688	-0.000405	-0.000052	0.033793	1274.569273	0.647200	0.647200	4	0	4	2	10	1.870968	0.000000	4	0	62	58	50	4.801594	2.888222	278.492424	0.000000	44876	19.096170	27.887660	256x256	65536	sparse	Learned	292	4	29	2329	31.782889	0.645749	27.949094	0.998763	0.613408	0.401004	8	2	0.000000	40	2224	32.138288	0.683762	0.998781	28.320588	0.381217	0.594686	3748	32.371159	0.706381	0.999202	30.951453	0.300327	0.604938	-0.191510	0.296292	-0.413620	-0.043637	True	0.625446	31.371088	0.602127	27.759270	0.747160	0.396494	0.601888	28.038389	0.999107	7503
7504.png	0.778980	0.901158	0.948010	0.954211	0.941889	0.999234	26.620154	0.999536	27.409120	0.821514	0.581886	0.747759	30.887220	0.578771	2301	5	0	1	11	1.795918	0.000000	49	44	249.865007	2.417919	0.000000	0.032981	-0.732559	-0.000314	-0.000004	0.057183	800.268412	0.821514	0.821514	5	0	5	1	11	1.795918	0.000000	5	0	49	44	37	5.678750	2.417919	249.865007	0.000000	45265	19.671882	28.481530	256x256	65536	sparse	Learned	292	5	27	2186	31.402899	0.624481	27.212912	0.999540	0.764331	0.676967	4	2	0.000000	34	2072	31.578959	0.661118	0.999497	27.270437	0.543119	0.756718	3859	32.013845	0.695095	0.999778	30.875667	0.414064	0.746835	0.196208	-0.095081	-0.515679	-0.045710	True	0.778980	30.889732	0.578777	27.414708	0.668789	0.500093	0.745999	27.352712	0.999548	7504
7505.png	0.827826	0.924737	0.960897	0.947967	0.974186	0.998954	27.238635	0.998973	27.570661	0.852839	0.544640	0.986772	30.539387	0.557035	2564	6	0	2	14	1.785714	0.000000	56	50	280.119841	2.943653	0.000000	0.027614	-0.172421	-0.000115	-0.000003	0.046963	1271.096230	0.852839	0.852839	6	0	6	2	14	1.785714	0.000000	6	0	56	50	40	5.602397	2.943653	280.119841	0.000000	45699	17.823323	25.560062	256x256	65536	sparse	Learned	296	6	28	2556	30.963571	0.618618	27.445239	0.998976	0.805876	0.529654	7	2	0.000000	33	2424	31.171833	0.659665	0.998819	26.937992	0.624689	0.796287	3622	31.414612	0.668937	0.999166	29.450859	0.382247	0.797676	0.125422	0.014986	-0.424184	-0.061583	True	0.831787	30.543964	0.557067	27.575936	0.559568	0.552166	0.800212	27.411056	0.999069	7505
7506.png	0.619461	0.845709	0.916405	0.928042	0.905057	0.999363	27.710153	0.999531	28.348101	0.677126	0.477954	1.020332	30.527376	0.530956	1641	4	0	2	10	1.764706	0.000000	34	30	147.124892	2.971932	0.000000	0.000904	0.135365	-0.000107	0.000112	0.014040	1096.797943	0.677126	0.677126	4	0	4	2	10	1.764706	0.000000	4	0	34	30	22	4.904163	2.971932	147.124892	0.000000	45696	27.846435	39.936624	256x256	65536	sparse	Learned	210	4	20	1627	30.525836	0.557521	27.370664	0.999419	0.663086	0.400704	5	3	0.000000	27	1564	30.893134	0.599947	0.999397	27.272482	0.342953	0.638171	5507	32.072763	0.738597	0.999780	31.636219	0.226742	0.667946	0.977437	0.077250	0.001539	-0.026565	True	0.629808	30.531198	0.530979	28.347775	0.493383	0.503415	0.618557	27.574788	0.999471	7506
7507.png	0.547844	0.926612	0.961908	0.965690	0.958156	0.998547	28.265012	0.998481	28.718174	0.561475	0.561765	0.548310	31.726257	0.604207	1985	4	0	2	10	1.813953	0.000000	43	39	188.752309	3.719655	0.000000	-0.004260	-0.486559	-0.000107	0.000049	0.011475	1449.458599	0.561475	0.561475	4	0	4	2	10	1.813953	0.000000	4	0	43	39	31	4.839803	3.719655	188.752309	0.000000	44599	22.468010	33.015617	256x256	65536	sparse	Learned	249	4	27	1938	31.932954	0.637048	28.757468	0.998432	0.550000	0.389412	9	3	0.000000	40	1958	32.241914	0.675396	0.998036	28.518001	0.503415	0.599872	4803	32.930793	0.747266	0.999463	32.885594	0.219504	0.531997	-0.039294	0.172353	-0.206696	-0.032841	True	0.548887	31.729991	0.604219	28.717261	0.622808	0.341491	0.552104	28.751572	0.998654	7507
7508.png	0.741549	0.879747	0.936027	0.917492	0.955326	0.999559	27.509066	0.999600	27.701303	0.775000	0.510808	0.759460	31.643105	0.603758	1807	4	0	0	8	1.757576	0.000000	33	29	160.953319	2.767605	0.000000	0.031211	0.641953	-0.000001	0.000053	0.022433	917.411089	0.775000	0.775000	4	0	4	0	8	1.757576	0.000000	4	0	33	29	25	5.550114	2.767605	160.953319	0.000000	44662	24.716104	36.267847	256x256	65536	sparse	Learned	233	4	25	1806	31.823101	0.630981	26.848610	0.999547	0.752567	0.393469	6	1	0.250000	35	1648	32.085254	0.661706	0.999541	27.163386	0.368716	0.744593	5225	33.097456	0.754425	0.999890	33.538737	0.250008	0.738241	0.852693	0.117339	-0.179996	-0.027223	True	0.739368	31.646929	0.603777	27.698027	0.518091	0.393469	0.710338	26.867113	0.999560	7508
7509.png	0.499593	0.855939	0.922378	0.905186	0.940236	0.999174	27.709430	0.999243	28.206971	0.506380	0.459899	0.516791	30.486169	0.533691	1875	5	0	0	10	1.722222	0.000000	36	31	170.539105	3.174034	0.000000	-0.008306	0.063326	-0.000099	0.000058	-0.006778	1175.434589	0.506380	0.506380	5	0	5	0	10	1.722222	0.000000	5	0	36	31	26	5.501261	3.174034	170.539105	0.000000	45742	24.395733	34.952533	256x256	65536	sparse	Learned	237	5	22	1780	30.675274	0.570347	27.721775	0.999185	0.513158	0.216861	9	2	0.000000	29	1864	30.955548	0.619981	0.999050	27.166408	0.285853	0.510903	4807	31.778498	0.710400	0.999630	31.444257	0.148921	0.512801	0.485196	0.243039	-0.189104	-0.036656	True	0.498779	30.490944	0.533724	28.202083	0.497420	0.257062	0.507899	27.646104	0.999273	7509
7510.png	0.583015	0.899625	0.947161	0.935358	0.959265	0.999353	27.824287	0.999396	28.052433	0.582078	0.646545	0.475182	30.411265	0.532035	2135	4	0	3	12	1.849057	0.000000	53	49	234.066017	2.762134	0.000000	-0.006978	0.363318	0.000001	0.000082	-0.009232	1030.737400	0.582078	0.582078	4	0	4	3	12	1.849057	0.000000	4	0	53	49	38	4.776857	2.762134	234.066017	0.000000	45829	21.465574	30.696019	256x256	65536	sparse	Learned	271	4	25	2134	30.708570	0.585269	27.462583	0.999314	0.591311	0.455561	5	2	0.000000	31	2020	30.924176	0.623624	0.999251	27.040430	0.401503	0.550075	4315	31.484618	0.687438	0.999637	30.900187	0.311147	0.584752	0.589850	0.190984	-0.297305	-0.053234	True	0.590701	30.413512	0.532063	28.047255	0.662098	0.314617	0.589993	27.460969	0.999351	7510
7511.png	0.767303	0.876457	0.934161	0.922699	0.945912	0.999464	27.005952	0.999528	27.408931	0.814994	0.428791	0.928471	31.351467	0.580059	1599	4	0	1	9	1.733333	0.000000	30	26	130.367532	2.839227	0.000000	0.041216	-0.205993	-0.000081	0.000014	0.047961	1029.322624	0.814994	0.814994	4	0	4	1	9	1.733333	0.000000	4	0	30	26	20	5.014136	2.839227	130.367532	0.000000	44941	28.105691	40.985616	256x256	65536	sparse	Learned	207	4	20	1531	31.228134	0.592078	27.122871	0.999515	0.767033	0.510808	4	4	0.000000	32	1388	31.681874	0.630372	0.999449	26.823284	0.462056	0.753639	5797	32.933528	0.760530	0.999849	32.401233	0.487267	0.768889	0.286060	-0.082017	0.123333	-0.012019	True	0.768496	31.353485	0.580076	27.404614	0.459359	0.426502	0.726087	27.211945	0.999546	7511
7512.png	0.613579	0.912989	0.954515	0.952005	0.957039	0.999174	27.993578	0.999298	28.368382	0.630032	0.689633	0.436429	31.089469	0.575662	2335	4	0	3	11	1.849057	0.000000	53	49	263.137085	2.976459	0.000000	-0.012428	-0.011892	-0.000076	0.000071	-0.001938	1165.005684	0.630032	0.630032	4	0	4	3	11	1.849057	0.000000	4	0	53	49	39	5.370145	2.976459	263.137085	0.000000	45234	19.372163	28.066809	256x256	65536	sparse	Learned	291	4	28	2301	31.389806	0.623697	27.948434	0.999227	0.631970	0.242198	15	2	0.000000	37	2334	31.686763	0.671657	0.999171	27.958082	0.500093	0.622278	3876	31.971319	0.694228	0.999551	30.989700	0.236621	0.636590	0.419947	0.447435	-0.300337	-0.048035	True	0.612555	31.091665	0.575667	28.372889	0.692721	0.302324	0.626006	28.005470	0.999250	7512
7513.png	0.725100	0.909953	0.952854	0.956017	0.949711	0.999150	26.742177	0.999386	27.500157	0.746559	0.670441	0.801620	31.525172	0.612975	2281	4	0	1	9	1.846154	0.000000	52	48	260.249783	2.343689	0.000000	0.008037	-1.089506	-0.000316	-0.000095	0.032788	823.891640	0.746559	0.746559	4	0	4	1	9	1.846154	0.000000	4	0	52	48	42	5.421870	2.343689	260.249783	0.000000	44682	19.588777	28.731258	256x256	65536	sparse	Learned	298	4	30	2228	32.088786	0.655962	27.863352	0.999481	0.713771	0.586873	5	1	0.375000	40	2064	32.320812	0.687427	0.999456	28.047347	0.447057	0.696212	3845	32.629754	0.717999	0.999742	31.453214	0.429932	0.696148	-0.363196	0.083568	-0.563614	-0.042987	True	0.728571	31.526822	0.612993	27.492781	0.680181	0.545247	0.717063	27.831682	0.999467	7513
7514.png	0.624041	0.885906	0.939502	0.916667	0.963504	0.998759	28.701773	0.998647	28.808434	0.642031	0.665795	0.569575	30.534809	0.541025	2429	5	1	5	13	1.888889	0.200000	72	68	306.036580	3.132223	0.000000	0.002175	0.016627	-0.000045	0.000021	-0.004008	1342.904568	0.642031	0.642031	5	1	4	5	13	1.888889	0.200000	5	1	72	68	54	4.500538	3.132223	306.036580	0.000000	45593	18.770276	26.980650	256x256	65536	sparse	Learned	320	5	27	2336	30.895840	0.601352	28.701665	0.998626	0.646040	0.266872	23	8	0.000000	32	2294	31.135927	0.644732	0.998310	27.897663	0.052368	0.574627	3668	31.419416	0.670974	0.999026	30.144105	0.043607	0.574097	0.106769	0.398923	-0.361031	-0.060327	True	0.623656	30.537049	0.541043	28.810443	0.687765	0.391734	0.621866	28.685146	0.998804	7514
7515.png	0.535754	0.908584	0.952103	0.947674	0.956573	0.998583	28.537665	0.998609	28.800112	0.536111	0.630277	0.427535	31.124305	0.578048	2175	4	0	2	10	1.822222	0.000000	45	41	228.137085	3.610481	0.000000	-0.004328	-0.044488	-0.000051	0.000085	0.003558	1582.863331	0.536111	0.536111	4	0	4	2	10	1.822222	0.000000	4	0	45	41	33	5.564319	3.610481	228.137085	0.000000	45073	20.723218	30.131494	256x256	65536	sparse	Learned	277	4	27	2065	31.484292	0.620747	28.586555	0.998525	0.532553	0.347047	16	12	0.000000	34	1918	31.642295	0.653281	0.998342	28.219367	0.371516	0.532209	4362	32.255390	0.718641	0.999169	31.298500	0.166906	0.529232	0.213557	0.283230	-0.359987	-0.042699	True	0.558023	31.129626	0.578044	28.805002	0.672085	0.287339	0.540082	28.582153	0.998634	7515
7516.png	0.659541	0.888716	0.941079	0.931335	0.951029	0.998604	27.786884	0.998607	28.207175	0.660309	0.692721	0.640193	30.784871	0.562719	2339	4	0	5	13	1.864407	0.000000	59	55	273.007143	3.419455	0.000000	0.022325	-0.437285	-0.000196	-0.000017	0.031669	1374.791384	0.660309	0.660309	4	0	4	5	13	1.864407	0.000000	4	0	59	55	41	4.963766	3.419455	273.007143	0.000000	45398	19.409149	28.018811	256x256	65536	sparse	Learned	289	4	27	2175	31.182549	0.609876	28.221659	0.998625	0.628641	0.504517	9	13	0.000000	35	2244	31.426068	0.656436	0.998328	27.777412	0.374517	0.649048	4042	31.788523	0.692218	0.999161	30.735878	0.276638	0.623140	-0.014484	0.188204	-0.397677	-0.047157	True	0.661627	30.792527	0.562770	28.209983	0.704770	0.451188	0.637216	28.224169	0.998799	7516
7517.png	0.530934	0.926252	0.961714	0.953541	0.970029	0.998438	27.327678	0.998459	27.801000	0.531441	0.607414	0.387212	31.621097	0.613692	2288	4	1	3	9	1.860465	0.250000	43	40	218.793939	3.814527	0.000000	-0.006895	-0.843817	-0.000211	-0.000025	0.003139	1557.293653	0.531441	0.531441	4	1	3	3	9	1.860465	0.250000	4	1	43	40	31	5.469848	3.814527	218.793939	0.000000	44550	19.471154	28.643357	256x256	65536	sparse	Learned	262	4	30	2246	32.020894	0.651345	28.196854	0.998484	0.528302	0.255468	16	4	0.000000	42	2286	32.323709	0.695035	0.998362	28.461108	0.264454	0.520259	3980	32.584686	0.716854	0.999098	31.349516	0.224026	0.527361	-0.395853	0.351946	-0.399797	-0.037653	True	0.529809	31.624316	0.613700	27.806504	0.672085	0.260239	0.537829	28.171494	0.998649	7517
7518.png	0.655387	0.905579	0.950450	0.936114	0.965233	0.999300	26.421418	0.999441	27.216624	0.656168	0.508356	0.515573	30.586978	0.552618	1874	4	0	2	10	1.764706	0.000000	34	30	167.823376	3.220277	0.000000	0.027020	-0.347549	-0.000166	0.000031	0.039295	1097.226620	0.656168	0.656168	4	0	4	2	10	1.764706	0.000000	4	0	34	30	22	5.594113	3.220277	167.823376	0.000000	45463	24.259872	34.971185	256x256	65536	sparse	Learned	225	4	22	1745	30.907387	0.584687	26.844025	0.999410	0.616873	0.342953	7	2	0.000000	29	1700	31.170765	0.626012	0.999376	26.751632	0.372911	0.609756	4973	32.073723	0.724123	0.999776	31.519508	0.378115	0.615506	0.372599	0.165403	-0.320409	-0.032068	True	0.656278	30.590609	0.552650	27.225377	0.527633	0.272033	0.628368	26.768967	0.999466	7518
7519.png	0.686408	0.868345	0.929534	0.909275	0.950715	0.998804	28.318448	0.998768	28.565038	0.695238	0.754633	0.708484	30.331891	0.533861	2515	4	0	5	13	1.880597	0.000000	67	63	317.178716	3.188666	0.000000	-0.002395	0.123513	-0.000012	0.000070	0.018395	1415.238380	0.695238	0.695238	4	0	4	5	13	1.880597	0.000000	4	0	67	63	49	5.034583	3.188666	317.178716	0.000000	45778	18.201988	26.058052	256x256	65536	sparse	Learned	319	4	27	2445	30.731561	0.598443	28.221846	0.998699	0.676844	0.289652	20	5	0.000000	32	2490	31.027167	0.648527	0.998435	27.556448	0.139892	0.614670	3743	31.231946	0.664892	0.999155	30.002957	0.110118	0.648746	0.343192	0.464981	-0.399670	-0.064583	True	0.685590	30.332202	0.533889	28.569095	0.657677	0.465954	0.688803	28.194934	0.998816	7519
7520.png	0.686342	0.897917	0.946213	0.946559	0.945867	0.999275	26.965596	0.999436	27.523403	0.703190	0.673720	0.635501	30.104775	0.522267	2262	4	0	4	12	1.862069	0.000000	58	54	253.965512	2.777166	0.000000	0.010983	-0.350054	-0.000134	0.000026	0.020806	1171.443224	0.703190	0.703190	4	0	4	4	12	1.862069	0.000000	4	0	58	54	42	4.703065	2.777166	253.965512	0.000000	46056	20.360743	28.972591	256x256	65536	sparse	Learned	277	4	24	2186	30.401442	0.577566	27.302713	0.999410	0.682384	0.481423	6	0	0.750000	29	2000	30.637665	0.617778	0.999345	26.754974	0.390429	0.680879	3980	31.118835	0.664556	0.999658	30.135481	0.460709	0.678665	0.220689	0.192297	-0.296668	-0.055299	True	0.687973	30.106646	0.522289	27.518923	0.684942	0.435282	0.675359	27.315650	0.999409	7520
7521.png	0.804740	0.909195	0.952438	0.937759	0.967584	0.998897	27.048802	0.999027	27.494673	0.825843	0.633955	0.937780	30.781157	0.572931	2320	4	0	1	9	1.833333	0.000000	48	44	232.622366	3.434829	0.000000	0.031561	-0.358075	-0.000183	0.000002	0.046857	1439.461946	0.825843	0.825843	4	0	4	1	9	1.833333	0.000000	4	0	48	44	38	5.286872	3.434829	232.622366	0.000000	45379	19.559914	28.248276	256x256	65536	sparse	Learned	279	4	27	2294	31.207452	0.620561	27.417223	0.999025	0.778986	0.575627	7	7	0.000000	35	2230	31.486640	0.664623	0.998952	27.217856	0.632121	0.789695	4075	31.888961	0.695843	0.999595	31.221599	0.417252	0.772751	0.077450	0.058328	-0.426295	-0.047630	True	0.805727	30.785426	0.572967	27.497020	0.683363	0.640845	0.773180	27.406877	0.999080	7521
7522.png	0.572605	0.820675	0.901506	0.873503	0.931365	0.999220	28.124613	0.999284	28.474696	0.587209	0.642993	0.545408	30.393107	0.529434	2050	4	2	4	8	1.924528	0.500000	53	51	237.551299	2.841386	0.000000	0.028121	0.213288	-0.000057	0.000080	0.026960	1163.333893	0.587209	0.587209	4	2	2	4	8	1.924528	0.500000	4	2	53	51	41	4.657869	2.841386	237.551299	0.000000	45790	22.336585	31.968780	256x256	65536	sparse	Learned	276	4	23	1993	30.583761	0.575574	27.876089	0.999204	0.560249	0.336350	10	3	0.000000	28	1842	30.878004	0.612293	0.999000	27.033028	0.216736	0.556401	4484	31.588244	0.697671	0.999594	31.251324	0.112094	0.577883	0.598607	0.306643	-0.190654	-0.046139	True	0.571108	30.393451	0.529458	28.471732	0.673720	0.367453	0.544484	27.911325	0.999276	7522
7523.png	0.774797	0.923140	0.960034	0.960034	0.960034	0.999318	26.865558	0.999490	27.418080	0.810116	0.589344	0.803063	31.176696	0.581028	2017	4	0	0	8	1.789474	0.000000	38	34	197.195959	2.899636	0.000000	0.015910	-0.361693	-0.000176	-0.000016	0.040287	810.008764	0.810116	0.810116	4	0	4	0	8	1.789474	0.000000	4	0	38	34	30	5.799881	2.899636	197.195959	0.000000	45123	22.371344	32.491820	256x256	65536	sparse	Learned	270	4	26	1997	31.426649	0.617816	27.263060	0.999506	0.769829	0.293901	10	2	0.000000	35	1972	31.680276	0.657858	0.999433	27.215899	0.409430	0.757266	4480	32.300608	0.719204	0.999763	31.085184	0.430421	0.769650	0.155020	0.295443	-0.249953	-0.036788	True	0.773171	31.179780	0.581048	27.418537	0.599483	0.481423	0.758887	27.227251	0.999494	7523
7524.png	0.757294	0.895320	0.944769	0.932649	0.957209	0.999093	28.334972	0.999105	28.581963	0.763514	0.552465	0.701613	30.407787	0.532733	2200	5	0	0	10	1.800000	0.000000	50	45	232.450793	3.077549	0.000000	0.030708	0.003139	-0.000088	0.000012	0.036763	1147.716761	0.763514	0.763514	5	0	5	0	10	1.800000	0.000000	5	0	50	45	40	5.165573	3.077549	232.450793	0.000000	45763	20.801364	29.789091	256x256	65536	sparse	Learned	281	5	25	2160	30.724317	0.586802	28.347473	0.999092	0.726751	0.499676	8	6	0.000000	30	1970	30.898825	0.621769	0.998821	27.397183	0.064622	0.703059	4239	31.455425	0.689066	0.999425	30.250872	0.042181	0.625761	0.234491	0.052788	-0.316531	-0.054069	True	0.757745	30.411905	0.532754	28.580157	0.583555	0.409430	0.726585	28.331833	0.999181	7524
7525.png	0.550901	0.887605	0.940456	0.942554	0.938368	0.998454	28.242326	0.998563	28.545988	0.585326	0.658702	0.398789	30.658378	0.546678	2259	4	1	3	9	1.880000	0.250000	50	47	251.764502	3.681680	0.000000	0.009453	0.020854	-0.000026	0.000130	0.021826	1405.362844	0.585326	0.585326	4	1	3	3	9	1.880000	0.250000	4	1	50	47	38	5.356692	3.681680	251.764502	0.000000	45639	20.203187	29.011067	256x256	65536	sparse	Learned	287	4	26	2243	30.919666	0.599262	28.158529	0.998432	0.563501	0.223051	21	4	0.000000	31	2054	31.113777	0.634620	0.998218	27.678861	0.255220	0.473941	4275	31.688180	0.695699	0.999181	30.996137	0.157492	0.608673	0.387459	0.435651	-0.261288	-0.052585	True	0.550556	30.660826	0.546692	28.546835	0.698806	0.278676	0.541448	28.221472	0.998480	7525
7526.png	0.722439	0.884947	0.938962	0.921158	0.957469	0.998160	27.635239	0.998297	28.515770	0.723364	0.630646	0.882945	30.469979	0.546180	2491	5	1	7	15	1.876923	0.200000	65	61	288.078210	3.395248	0.000000	0.026630	-0.778471	-0.000313	-0.000021	0.020925	1621.510983	0.723364	0.723364	5	1	4	7	15	1.876923	0.200000	5	1	65	61	43	4.722594	3.395248	288.078210	0.000000	45573	18.295062	26.309113	256x256	65536	sparse	Learned	292	5	27	2323	30.966760	0.605445	28.499833	0.998318	0.702439	0.388903	16	12	0.000000	32	2342	31.149560	0.649072	0.997877	27.662722	0.108252	0.672650	3730	31.456729	0.672711	0.998877	30.195681	0.114758	0.663563	0.015937	0.241743	-0.496781	-0.059265	True	0.723280	30.474222	0.546213	28.516738	0.647956	0.572110	0.695809	28.413711	0.998474	7526
7527.png	0.718363	0.867166	0.928858	0.916008	0.942073	0.999454	27.054287	0.999584	27.837439	0.751671	0.599483	0.623789	30.685060	0.548079	1996	4	0	3	11	1.833333	0.000000	48	44	208.823376	2.425449	0.000000	-0.011564	-0.582958	-0.000143	-0.000026	0.000989	997.829199	0.751671	0.751671	4	0	4	3	11	1.833333	0.000000	4	0	48	44	34	4.745986	2.425449	208.823376	0.000000	45502	22.796593	32.833667	256x256	65536	sparse	Learned	261	4	23	1904	30.828354	0.586492	27.723358	0.999610	0.750682	0.463846	6	3	0.000000	31	1978	31.202743	0.634023	0.999510	27.015237	0.384742	0.708907	4550	31.856303	0.708237	0.999803	31.075090	0.455872	0.726449	0.114082	0.135638	-0.143295	-0.038412	True	0.717412	30.684947	0.548076	27.831557	0.605446	0.377671	0.729927	27.637244	0.999597	7527
7528.png	0.658775	0.917053	0.956732	0.954424	0.959052	0.998691	27.384568	0.998655	27.851300	0.671148	0.627679	0.594269	30.443228	0.550445	2509	5	1	4	12	1.866667	0.200000	60	56	279.036580	3.485602	0.000000	-0.014293	-0.661771	-0.000218	0.000014	0.001774	1566.809416	0.671148	0.671148	5	1	4	4	12	1.866667	0.200000	5	1	60	56	44	4.982796	3.485602	279.036580	0.000000	45699	18.214029	26.120367	256x256	65536	sparse	Learned	296	5	27	2391	30.913838	0.608081	28.044939	0.998641	0.669374	0.432930	11	4	0.000000	34	2350	31.117057	0.653958	0.998515	27.664398	0.494508	0.658680	3765	31.426421	0.673881	0.999252	30.466197	0.440102	0.657996	-0.193639	0.194749	-0.470610	-0.057636	True	0.668891	30.447184	0.550472	27.852213	0.660404	0.392458	0.673068	28.046339	0.998909	7528
7529.png	0.687700	0.881235	0.936869	0.934509	0.939241	0.999309	27.612970	0.999438	28.107539	0.726976	0.655272	0.499757	31.074879	0.568871	2135	4	0	2	10	1.849057	0.000000	53	49	250.007143	2.450228	0.000000	-0.004783	-0.571377	-0.000132	-0.000027	0.009067	885.047436	0.726976	0.726976	4	0	4	2	10	1.849057	0.000000	4	0	53	49	41	5.102187	2.450228	250.007143	0.000000	45218	21.179391	30.696019	256x256	65536	sparse	Learned	281	4	26	2114	31.248257	0.609404	28.272834	0.999466	0.717909	0.302324	11	2	0.000000	34	2046	31.576847	0.653424	0.999338	27.570528	0.279877	0.686275	4124	32.044459	0.704042	0.999699	31.000323	0.267600	0.700311	-0.165294	0.352948	-0.173378	-0.040533	True	0.687700	31.076830	0.568890	28.105813	0.564822	0.282273	0.692483	28.184347	0.999440	7529
7530.png	0.817354	0.918963	0.957770	0.962104	0.953475	0.998966	27.157896	0.999162	27.643643	0.831345	0.727468	0.838553	30.974705	0.587999	2609	4	0	2	10	1.866667	0.000000	60	56	300.320851	2.959757	0.000000	0.029084	-0.751427	-0.000229	-0.000044	0.037654	1168.761730	0.831345	0.831345	4	0	4	2	10	1.866667	0.000000	4	0	60	56	48	5.362872	2.959757	300.320851	0.000000	45182	17.317746	25.119203	256x256	65536	sparse	Learned	318	4	29	2504	31.479453	0.639887	27.889835	0.999206	0.793691	0.601481	6	4	0.000000	40	2464	31.845594	0.682452	0.999210	28.063748	0.672412	0.797787	3632	31.955121	0.689370	0.999560	30.610710	0.522886	0.784936	-0.246192	0.125987	-0.504748	-0.051888	True	0.817354	30.979214	0.588009	27.645967	0.732865	0.614546	0.788270	27.909323	0.999195	7530
7531.png	0.426868	0.841367	0.913850	0.895455	0.933018	0.999001	29.519041	0.999046	29.784307	0.444032	0.698806	0.272677	31.351731	0.581464	2188	4	1	3	9	1.896552	0.250000	58	55	273.036580	2.888114	0.000000	-0.014707	0.269979	-0.000057	0.000056	-0.009744	1204.327106	0.444032	0.444032	4	1	3	3	9	1.896552	0.250000	4	1	58	55	46	4.964301	2.888114	273.036580	0.000000	44797	20.473949	29.952468	256x256	65536	sparse	Learned	303	4	27	2040	31.622807	0.623934	29.274915	0.998989	0.453776	0.232246	14	1	0.000000	38	2168	31.920902	0.669140	0.998910	29.012347	0.127157	0.459397	4117	32.324058	0.713435	0.999319	31.416130	0.099205	0.457061	0.509391	0.466560	-0.271076	-0.042470	True	0.425612	31.355499	0.581509	29.782957	0.710616	0.193769	0.441574	29.249062	0.999058	7531
7532.png	0.618487	0.878763	0.935470	0.909091	0.963426	0.999355	27.853360	0.999401	28.073407	0.626939	0.537912	0.697707	30.833073	0.556964	2008	5	0	1	11	1.782609	0.000000	46	41	220.722871	2.708317	0.000000	0.018165	0.167681	-0.000072	0.000007	0.024285	966.792107	0.626939	0.626939	5	0	5	1	11	1.782609	0.000000	5	0	46	41	34	5.383485	2.708317	220.722871	0.000000	45336	22.577689	32.637450	256x256	65536	sparse	Learned	272	5	24	1855	31.118624	0.595359	27.751377	0.999394	0.602654	0.357801	7	2	0.000000	32	1894	31.371433	0.638948	0.999318	27.342252	0.405479	0.595896	4408	31.983429	0.708171	0.999681	31.117334	0.251736	0.596169	0.322030	0.180111	-0.285551	-0.038395	True	0.619328	30.834472	0.556979	28.077513	0.543424	0.379151	0.600322	27.685679	0.999427	7532
7533.png	0.618505	0.897752	0.946122	0.916358	0.977883	0.998915	28.547083	0.998816	28.479305	0.658931	0.518091	0.536478	31.665899	0.604470	1935	4	0	1	9	1.783784	0.000000	37	33	171.823376	3.647114	0.000000	-0.006580	0.252692	0.000074	0.000109	-0.007061	1412.473202	0.658931	0.658931	4	0	4	1	9	1.783784	0.000000	4	0	37	33	27	5.206769	3.647114	171.823376	0.000000	44605	23.051680	33.868734	256x256	65536	sparse	Learned	234	4	25	1818	31.832678	0.630344	28.227606	0.998707	0.665992	0.388054	9	4	0.000000	37	1752	32.129561	0.667548	0.998501	27.993826	0.408116	0.639973	4842	32.911584	0.744338	0.999556	32.579313	0.435604	0.661433	0.251700	0.130037	-0.166779	-0.025874	True	0.618065	31.666687	0.604465	28.480294	0.543880	0.291780	0.625085	28.294391	0.998841	7533
7534.png	0.714076	0.879562	0.935922	0.948819	0.923372	0.999219	26.627223	0.999431	27.279741	0.758015	0.526056	0.436891	31.194495	0.593117	2307	6	0	2	14	1.785714	0.000000	56	50	259.835570	2.481365	0.000000	-0.004215	-1.074070	-0.000264	-0.000075	0.045945	835.632324	0.758015	0.758015	6	0	6	2	14	1.785714	0.000000	6	0	56	50	40	5.196711	2.481365	259.835570	0.000000	45081	19.540962	28.407456	256x256	65536	sparse	Learned	288	6	28	2262	31.653497	0.637327	27.601593	0.999506	0.712070	0.430217	8	2	0.000000	39	2260	31.929578	0.679085	0.999474	27.695232	0.526056	0.713311	3985	32.250300	0.706189	0.999748	31.311202	0.376700	0.722337	-0.321852	0.095839	-0.459002	-0.044210	True	0.723156	31.200657	0.593168	27.285387	0.606235	0.264859	0.718291	27.701294	0.999483	7534
7535.png	0.502559	0.891736	0.942770	0.914700	0.972618	0.998754	28.998932	0.998767	29.188880	0.527318	0.633589	0.362412	31.408156	0.595195	2377	5	1	4	12	1.854545	0.200000	55	51	280.965512	3.248210	0.000000	0.002559	-0.050081	-0.000037	0.000050	0.003619	1405.794859	0.527318	0.527318	5	1	4	4	12	1.854545	0.200000	5	1	55	51	39	5.509128	3.248210	280.965512	0.000000	44815	18.853597	27.570888	256x256	65536	sparse	Learned	303	5	30	2354	31.795276	0.644813	29.098011	0.998718	0.523699	0.354351	16	7	0.000000	39	2218	32.038716	0.677823	0.998471	28.801207	0.485960	0.540553	3820	32.311956	0.706715	0.999115	31.118145	0.230815	0.523854	0.090869	0.279238	-0.387120	-0.049618	True	0.502049	31.409017	0.595214	29.194002	0.627679	0.227478	0.500000	29.049013	0.998791	7535
7536.png	0.677551	0.872921	0.932149	0.929178	0.935139	0.999132	27.438401	0.999356	28.225612	0.682529	0.606235	0.549573	30.524340	0.548951	2325	5	1	3	11	1.851852	0.200000	54	50	260.066017	2.762718	0.000000	0.016937	-0.724902	-0.000202	0.000001	0.042973	1058.961868	0.682529	0.682529	5	1	4	3	11	1.851852	0.200000	5	1	54	50	40	5.201320	2.762718	260.066017	0.000000	45567	19.598710	28.187527	256x256	65536	sparse	Learned	297	5	26	2279	30.949629	0.604429	28.149205	0.999355	0.639556	0.368716	9	2	0.100000	32	2278	31.207125	0.649116	0.999238	27.519708	0.334537	0.606968	4069	31.644301	0.689874	0.999591	30.390651	0.399504	0.624454	0.076407	0.237518	-0.425289	-0.055478	True	0.678450	30.527013	0.548955	28.232012	0.599884	0.329680	0.660614	28.163304	0.999334	7536
7537.png	0.730175	0.922788	0.959844	0.953463	0.966311	0.998471	27.630502	0.998416	28.006183	0.748837	0.615188	1.023902	30.182001	0.529752	2268	4	1	3	9	1.866667	0.250000	45	42	219.894444	3.842980	0.000000	0.004675	0.007375	-0.000008	0.000109	0.013328	1581.665516	0.748837	0.748837	4	1	3	3	9	1.866667	0.250000	4	1	45	42	33	5.235582	3.842980	219.894444	0.000000	45907	20.241182	28.895944	256x256	65536	sparse	Learned	264	4	25	2241	30.564666	0.587644	27.641417	0.998308	0.735509	0.737105	5	9	0.000000	28	2268	30.793854	0.632467	0.997807	26.747785	0.211872	0.721680	4079	31.283445	0.674932	0.999090	30.283149	0.230936	0.704863	0.364766	-0.121917	-0.382665	-0.057892	True	0.728866	30.180840	0.529752	27.997859	0.675348	0.691490	0.725500	27.623127	0.998479	7537
7538.png	0.755068	0.902493	0.948748	0.946543	0.950963	0.998876	26.763242	0.999016	27.407187	0.782898	0.704770	0.841317	31.464639	0.615935	2524	4	0	2	10	1.851852	0.000000	54	50	277.693434	3.200914	0.000000	0.001788	-0.616398	-0.000258	-0.000028	0.023571	1489.055634	0.782898	0.782898	4	0	4	2	10	1.851852	0.000000	4	0	54	50	42	5.553869	3.200914	277.693434	0.000000	44863	17.774564	25.965135	256x256	65536	sparse	Learned	313	4	31	2480	31.970133	0.661147	27.416969	0.999044	0.759327	0.697599	5	11	0.000000	43	2482	32.311952	0.702982	0.999164	28.373402	0.670441	0.759534	3446	32.391588	0.700117	0.999507	30.768066	0.577895	0.755789	-0.009783	0.007171	-0.505494	-0.045211	True	0.754655	31.468266	0.615975	27.410364	0.748421	0.629660	0.753281	27.379640	0.999135	7538
7540.png	0.744556	0.897394	0.945923	0.937872	0.954113	0.999304	27.637164	0.999355	28.138448	0.745228	0.570443	0.840605	31.256019	0.578115	1976	4	1	2	8	1.853659	0.250000	41	38	199.137085	2.903843	0.000000	-0.027059	-0.352763	-0.000119	0.000026	-0.005571	1182.857037	0.745228	0.745228	4	1	3	2	8	1.853659	0.250000	4	1	41	38	31	5.240450	2.903843	199.137085	0.000000	45064	22.805668	33.165992	256x256	65536	sparse	Learned	249	4	26	1963	31.442938	0.613129	27.959155	0.999329	0.750799	0.361460	7	1	0.625000	34	1924	31.692050	0.653071	0.999284	27.690446	0.527633	0.723971	4724	32.388083	0.728200	0.999673	31.402282	0.446464	0.712219	0.179293	0.208982	-0.186920	-0.035014	True	0.744556	31.259899	0.578139	28.138071	0.589344	0.495405	0.771615	27.989928	0.999423	7540
7541.png	0.670308	0.856502	0.922705	0.926685	0.918760	0.998702	28.280121	0.998888	28.751564	0.690056	0.747160	0.706204	30.569494	0.542487	2355	4	1	7	13	1.916667	0.250000	72	69	305.965512	3.113649	0.000000	-0.016415	-0.017417	-0.000085	0.000122	-0.003873	1288.515806	0.690056	0.690056	4	1	3	7	13	1.916667	0.250000	4	1	72	69	52	4.434283	3.113649	305.965512	0.000000	45639	19.379618	27.828450	256x256	65536	sparse	Learned	306	4	27	2343	30.874723	0.601610	28.294213	0.998766	0.693929	0.530995	7	7	0.000000	31	2326	31.091079	0.646247	0.998570	27.578979	0.120404	0.685349	3931	31.487186	0.680233	0.999204	30.216224	0.125321	0.689995	0.457352	0.216165	-0.305229	-0.059122	True	0.670144	30.570819	0.542491	28.755136	0.771221	0.544640	0.686723	28.297538	0.998787	7541
7542.png	0.674101	0.919926	0.958293	0.941149	0.976074	0.998410	28.202694	0.998381	28.385304	0.678140	0.714924	0.687126	31.257024	0.593179	2565	4	0	2	10	1.870968	0.000000	62	58	283.865007	3.577018	0.000000	-0.002554	-0.197372	-0.000152	-0.000041	0.001979	1428.587198	0.678140	0.678140	4	0	4	2	10	1.870968	0.000000	4	0	62	58	50	4.894224	3.577018	283.865007	0.000000	45017	17.550487	25.550097	256x256	65536	sparse	Learned	317	4	31	2535	31.698223	0.645086	28.409107	0.998422	0.676161	0.387374	14	12	0.000000	41	2538	31.998456	0.688612	0.998350	28.475292	0.536987	0.649737	3685	32.124272	0.695163	0.999079	31.077934	0.338558	0.665066	-0.023803	0.327551	-0.441199	-0.051908	True	0.675626	31.262809	0.593221	28.384471	0.735523	0.505397	0.676655	28.400067	0.998562	7542
7543.png	0.784343	0.909493	0.952602	0.963021	0.942406	0.998724	27.335771	0.999036	27.962583	0.811836	0.671099	0.864756	29.937416	0.524752	2660	5	0	2	12	1.843750	0.000000	64	59	312.350288	2.990699	0.000000	0.033779	-0.560829	-0.000252	0.000004	0.045967	1358.517170	0.811836	0.811836	5	0	5	2	12	1.843750	0.000000	5	0	64	59	50	5.294073	2.990699	312.350288	0.000000	46151	17.350000	24.637594	256x256	65536	sparse	Learned	332	5	27	2654	30.458392	0.599411	27.918135	0.999032	0.765869	0.386902	13	6	0.000000	29	2532	30.708070	0.643674	0.998788	27.014346	0.569521	0.746054	3458	30.837336	0.644816	0.999307	29.115511	0.323695	0.748753	0.044448	0.284197	-0.520976	-0.074659	True	0.786278	29.943564	0.524809	27.972278	0.690253	0.596900	0.750564	27.896601	0.998976	7543
7544.png	0.738587	0.928212	0.962769	0.964660	0.960887	0.999095	27.156955	0.999223	27.491386	0.751263	0.586873	0.948796	30.957268	0.574106	2289	5	1	2	11	1.849057	0.200000	53	49	248.308658	2.926521	0.000000	-0.002377	-0.504148	-0.000176	-0.000059	0.005500	1124.498367	0.751263	0.751263	5	1	4	2	11	1.849057	0.200000	5	0	53	49	40	5.067524	2.926521	248.308658	0.000000	45348	19.811271	28.630843	256x256	65536	sparse	Learned	291	5	27	2274	31.266803	0.619699	27.643473	0.999282	0.745763	0.597476	6	7	0.000000	35	2132	31.520913	0.659502	0.999103	27.080631	0.566848	0.715403	4001	31.927623	0.694882	0.999626	30.982757	0.518091	0.726496	-0.152088	-0.010603	-0.309534	-0.045593	True	0.739675	30.960771	0.574132	27.485597	0.610932	0.579650	0.740964	27.661103	0.999271	7544
7545.png	0.742525	0.896437	0.945390	0.952099	0.938776	0.998740	27.375742	0.998968	28.054985	0.768403	0.675348	0.974627	30.556704	0.548851	2413	4	0	2	10	1.840000	0.000000	50	46	251.237590	3.329750	0.000000	-0.024343	-0.499591	-0.000160	0.000063	-0.005737	1535.087824	0.768403	0.768403	4	0	4	2	10	1.840000	0.000000	4	0	50	46	38	5.461687	3.329750	251.237590	0.000000	45659	18.922089	27.159552	256x256	65536	sparse	Learned	294	4	27	2332	30.952965	0.606206	27.850500	0.998905	0.774140	0.715209	5	11	0.000000	32	2202	31.111416	0.647817	0.998670	27.302101	0.559568	0.760509	3880	31.497544	0.675799	0.999387	30.591473	0.478997	0.734191	0.204485	-0.039862	-0.396262	-0.057355	True	0.742382	30.557207	0.548852	28.056608	0.701803	0.683996	0.766868	27.875333	0.998900	7545
7546.png	0.697943	0.886005	0.939557	0.934013	0.945168	0.999109	27.509089	0.999262	28.157039	0.720202	0.790912	0.647941	30.260939	0.542155	2785	4	1	6	12	1.924051	0.250000	79	76	358.877200	2.730839	0.000000	0.003261	-0.456825	-0.000162	0.000015	0.021527	1040.290833	0.720202	0.720202	4	1	3	6	12	1.924051	0.250000	4	1	79	76	61	4.722068	2.730839	358.877200	0.000000	45895	16.479354	23.531777	256x256	65536	sparse	Learned	348	4	29	2679	30.831953	0.613310	28.024179	0.999247	0.698675	0.432586	12	7	0.000000	32	2570	31.055276	0.657246	0.999124	27.566806	0.524077	0.684261	3357	31.154663	0.651469	0.999466	29.888386	0.343683	0.687293	0.132860	0.358326	-0.571014	-0.071155	True	0.696590	30.262932	0.542196	28.161281	0.719729	0.466342	0.694682	27.965915	0.999270	7546
7547.png	0.772523	0.921547	0.959172	0.941309	0.977726	0.999587	27.414842	0.999634	27.777896	0.781596	0.515675	0.804607	31.446310	0.591387	1766	4	0	1	9	1.789474	0.000000	38	34	167.923882	2.540149	0.000000	0.013650	-0.350206	-0.000075	-0.000008	0.012286	916.754007	0.781596	0.781596	4	0	4	1	9	1.789474	0.000000	4	0	38	34	28	4.938938	2.540149	167.923882	0.000000	44832	25.386183	37.109853	256x256	65536	sparse	Learned	235	4	23	1763	31.549212	0.616224	27.785777	0.999641	0.769310	0.503415	4	1	0.500000	34	1724	31.945010	0.654872	0.999623	27.865047	0.428791	0.748223	5411	32.962761	0.755413	0.999869	32.631144	0.305109	0.750754	-0.007881	0.012261	-0.102902	-0.024836	True	0.772523	31.449177	0.591402	27.782118	0.515675	0.414916	0.758873	27.765048	0.999662	7547
7549.png	0.659450	0.824800	0.903989	0.881950	0.927158	0.999323	27.251857	0.999525	28.047158	0.709758	0.529205	0.586965	30.197861	0.532592	2119	6	0	2	14	1.793103	0.000000	58	52	248.166522	2.356409	0.000000	0.044120	-0.476966	-0.000223	0.000005	0.055507	805.757523	0.709758	0.709758	6	0	6	2	14	1.793103	0.000000	6	0	58	52	42	4.772433	2.356409	248.166522	0.000000	45772	21.600755	30.927796	256x256	65536	sparse	Learned	283	6	24	2086	30.689879	0.586359	27.724279	0.999520	0.654252	0.299327	14	1	0.000000	28	2032	30.935166	0.626042	0.999403	26.941362	0.375692	0.653304	4387	31.562279	0.696798	0.999736	30.661347	0.180212	0.657447	0.322878	0.229878	-0.492018	-0.053766	True	0.659734	30.199361	0.532615	28.045715	0.563951	0.331019	0.615331	27.728823	0.999546	7549
7550.png	0.757054	0.900743	0.947780	0.936140	0.959712	0.999182	27.329194	0.999285	27.681542	0.778694	0.669781	0.648258	31.335274	0.607078	2485	5	1	3	11	1.880597	0.200000	67	63	302.823376	2.439415	0.000000	0.034765	-0.873215	-0.000266	-0.000145	0.043682	852.244377	0.778694	0.778694	5	1	4	3	11	1.880597	0.200000	5	1	67	63	53	4.806720	2.439415	302.823376	0.000000	44775	18.018109	26.372636	256x256	65536	sparse	Learned	335	5	31	2419	31.958349	0.656422	28.227509	0.999430	0.735012	0.549385	7	0	0.300000	42	2208	32.221147	0.687771	0.999422	28.353568	0.433342	0.716094	3651	32.421140	0.707031	0.999647	30.906254	0.384742	0.713253	-0.545966	0.120396	-0.623075	-0.049343	True	0.757576	31.337933	0.607091	27.678487	0.682729	0.442585	0.722289	28.202409	0.999447	7550
7551.png	0.733002	0.871880	0.931556	0.921724	0.941599	0.999251	27.024685	0.999518	27.953719	0.799149	0.503415	0.697407	31.116161	0.584229	2216	6	0	2	14	1.760000	0.000000	50	44	237.551299	2.457068	0.000000	0.013797	-0.627791	-0.000272	-0.000007	0.045481	894.265890	0.799149	0.799149	6	0	6	2	14	1.760000	0.000000	6	0	50	44	34	5.398893	2.457068	237.551299	0.000000	44979	20.297383	29.574007	256x256	65536	sparse	Learned	283	6	27	2083	31.543235	0.626730	27.679914	0.999525	0.753668	0.361663	9	1	0.250000	37	1986	31.776457	0.663189	0.999454	27.465758	0.408445	0.736801	3932	32.188620	0.703465	0.999771	31.297909	0.285173	0.761103	0.273805	0.141752	-0.427074	-0.042501	True	0.734830	31.120364	0.584292	27.947551	0.508356	0.354531	0.719204	27.652477	0.999524	7551
7552.png	0.532075	0.906250	0.950820	0.950514	0.951125	0.999044	27.576157	0.999208	27.984277	0.544360	0.511623	0.395616	30.931730	0.573131	2326	6	0	0	12	1.764706	0.000000	51	45	251.249783	2.833134	0.000000	0.004770	-0.214181	-0.000172	-0.000017	0.015520	1216.801167	0.544360	0.544360	6	0	6	0	12	1.764706	0.000000	6	0	51	45	39	5.583329	2.833134	251.249783	0.000000	45332	19.489252	28.175408	256x256	65536	sparse	Learned	291	6	27	2245	31.254827	0.617002	27.828523	0.999225	0.528840	0.179341	17	2	0.000000	35	2190	31.519930	0.659274	0.999075	27.393196	0.236033	0.514338	3954	31.930287	0.693329	0.999556	31.251515	0.189416	0.548054	0.155755	0.332282	-0.323097	-0.043871	True	0.532075	30.933705	0.573163	27.982680	0.550671	0.217854	0.527306	27.790338	0.999217	7552
7553.png	0.728867	0.856604	0.922764	0.912869	0.932877	0.999184	27.786625	0.999271	28.425573	0.742358	0.652156	0.860925	31.371996	0.592856	2390	5	3	8	12	1.936508	0.600000	63	61	307.149278	2.617675	0.000000	-0.012597	-0.505846	-0.000158	-0.000018	-0.003712	1095.898151	0.742358	0.742358	5	3	2	8	12	1.936508	0.600000	5	3	63	61	43	5.035234	2.617675	307.149278	0.000000	45002	18.829289	27.420921	256x256	65536	sparse	Learned	307	5	30	2380	31.757216	0.642518	28.376332	0.999289	0.746070	0.431324	9	4	0.433333	41	2384	32.055622	0.684909	0.999227	28.238787	0.560825	0.735347	3900	32.236453	0.705086	0.999592	31.010810	0.401503	0.724200	0.049242	0.220832	-0.385219	-0.049662	True	0.726421	31.375213	0.592872	28.434456	0.661760	0.569726	0.741463	28.292472	0.999342	7553
7554.png	0.685352	0.908635	0.952131	0.948807	0.955477	0.998792	27.495920	0.998931	27.777408	0.690803	0.601481	0.695830	30.323380	0.539697	2445	5	0	5	15	1.827586	0.000000	58	53	261.865007	3.213643	0.000000	0.012754	-0.200167	-0.000124	0.000025	0.033173	1340.987444	0.690803	0.690803	5	0	5	5	15	1.827586	0.000000	5	0	58	53	38	4.940849	3.213643	261.865007	0.000000	45795	18.730061	26.804090	256x256	65536	sparse	Learned	283	5	26	2301	30.730156	0.597565	27.628732	0.998907	0.657631	0.508356	8	5	0.000000	31	2248	30.964794	0.639334	0.998759	27.183465	0.346230	0.667336	3762	31.284439	0.666983	0.999296	29.950165	0.265672	0.668319	0.148676	0.093125	-0.406777	-0.057868	True	0.684628	30.329248	0.539735	27.784151	0.604656	0.420738	0.672598	27.696087	0.998915	7554
7555.png	0.802935	0.935553	0.966704	0.964563	0.968854	0.998643	27.176750	0.998792	27.574875	0.819525	0.650062	0.950776	31.388577	0.605412	2404	4	0	3	11	1.836735	0.000000	49	45	237.894444	3.692498	0.000000	0.006695	-0.646040	-0.000253	-0.000069	0.017389	1271.359444	0.819525	0.819525	4	0	4	3	11	1.836735	0.000000	4	0	49	45	35	5.286543	3.692498	237.894444	0.000000	44951	18.698419	27.261231	256x256	65536	sparse	Learned	275	4	29	2347	31.754843	0.646586	27.817345	0.998861	0.802136	0.549385	7	6	0.000000	41	2226	32.130892	0.685076	0.998874	28.065646	0.618381	0.793210	3928	32.419365	0.711389	0.999422	31.165411	0.464203	0.792008	-0.242470	0.100677	-0.366266	-0.041173	True	0.802935	31.393302	0.605432	27.575164	0.684942	0.651227	0.796240	27.822790	0.998896	7555
7556.png	0.604743	0.901455	0.948174	0.951816	0.944560	0.999119	28.908640	0.999213	29.193901	0.626425	0.653544	0.292616	31.739281	0.605681	2098	4	1	1	7	1.872340	0.250000	47	44	246.279221	2.889684	0.000000	-0.038891	0.007604	-0.000081	0.000013	-0.018591	1034.626961	0.626425	0.626425	4	1	3	1	7	1.872340	0.250000	4	1	47	44	39	5.597255	2.889684	246.279221	0.000000	44536	21.227836	31.237369	256x256	65536	sparse	Learned	283	4	28	2040	31.985884	0.641461	28.934801	0.999201	0.645016	0.269369	13	3	0.000000	41	2012	32.276608	0.679802	0.999145	28.886350	0.250238	0.634338	4442	32.754336	0.735460	0.999564	31.960712	0.181899	0.622006	0.259100	0.384176	-0.246603	-0.035780	True	0.604084	31.740387	0.605696	29.186579	0.658702	0.192747	0.643634	28.901036	0.999199	7556
7557.png	0.691351	0.867870	0.929261	0.913043	0.946066	0.999117	27.428140	0.999166	27.720403	0.709081	0.747160	0.682268	31.067709	0.583183	2508	4	0	7	15	1.878788	0.000000	66	62	307.865007	2.716826	0.000000	0.008194	-0.503597	-0.000162	-0.000085	0.019596	1126.709223	0.709081	0.709081	4	0	4	7	15	1.878788	0.000000	4	0	66	62	44	4.965565	2.716826	307.865007	0.000000	45237	18.037081	26.130781	256x256	65536	sparse	Learned	305	4	29	2462	31.426681	0.634753	27.970301	0.999251	0.689485	0.432208	10	3	0.000000	40	2506	31.841627	0.682579	0.999269	28.382498	0.429829	0.675190	3689	31.964481	0.690903	0.999545	30.561011	0.583138	0.687974	-0.249898	0.314952	-0.358972	-0.051569	True	0.691742	31.070773	0.583202	27.732656	0.772362	0.526958	0.683157	27.931737	0.999279	7557
7558.png	0.733434	0.885160	0.939082	0.957258	0.921584	0.999287	26.603750	0.999549	27.459206	0.781818	0.684942	0.646507	30.618368	0.553955	2344	4	0	2	10	1.851852	0.000000	54	50	271.735065	2.428515	0.000000	0.017741	-0.597571	-0.000231	-0.000010	0.043636	869.794130	0.781818	0.781818	4	0	4	2	10	1.851852	0.000000	4	0	54	50	42	5.434701	2.428515	271.735065	0.000000	45658	19.478669	27.959044	256x256	65536	sparse	Learned	302	4	26	2305	30.934170	0.606495	27.205295	0.999559	0.738182	0.394984	8	1	0.000000	33	2234	31.201411	0.650685	0.999456	26.862736	0.495069	0.722141	3840	31.550326	0.676706	0.999750	30.107150	0.486094	0.731778	0.253912	0.289959	-0.315802	-0.052540	True	0.735693	30.622790	0.553991	27.467424	0.700308	0.452754	0.715693	27.201321	0.999518	7558
7559.png	0.684659	0.905674	0.950502	0.943829	0.957271	0.999311	26.938481	0.999339	27.141975	0.695745	0.662098	0.520650	30.819894	0.572156	2254	4	1	6	12	1.888889	0.250000	54	51	250.450793	2.796591	0.000000	0.008816	-0.347712	-0.000102	-0.000023	0.012617	1016.179323	0.695745	0.695745	4	1	3	6	12	1.888889	0.250000	4	1	54	51	36	4.910800	2.796591	250.450793	0.000000	45403	20.143301	29.075421	256x256	65536	sparse	Learned	276	4	26	2176	31.209833	0.615986	27.264549	0.999362	0.683128	0.351115	8	0	0.000000	36	2212	31.564726	0.662572	0.999335	27.356950	0.381217	0.677133	3981	31.928131	0.693655	0.999699	31.109569	0.284662	0.670315	-0.122574	0.310983	-0.389939	-0.043830	True	0.684435	30.826781	0.572194	27.142967	0.658702	0.342953	0.675843	27.286193	0.999413	7559
7560.png	0.667360	0.902079	0.948519	0.930152	0.967626	0.999131	27.357583	0.999223	27.972317	0.657912	0.507372	0.522662	31.147456	0.580426	2138	5	0	2	12	1.782609	0.000000	46	41	204.722871	3.172745	0.000000	-0.006219	-0.301060	-0.000095	0.000042	-0.004206	1004.932642	0.657912	0.657912	5	0	5	2	12	1.782609	0.000000	5	0	46	41	32	4.993241	3.172745	204.722871	0.000000	45173	21.128625	30.652947	256x256	65536	sparse	Learned	260	5	27	2078	31.481515	0.620768	27.766470	0.999181	0.662118	0.325646	10	4	0.000000	36	1966	31.673338	0.656346	0.999166	27.706486	0.336350	0.632937	4101	32.154775	0.705129	0.999591	30.990220	0.292016	0.643648	0.205847	0.181726	-0.334059	-0.040342	True	0.678399	31.150920	0.580467	27.971691	0.528577	0.276267	0.673579	27.658643	0.999226	7560
7561.png	0.622901	0.908889	0.952270	0.939510	0.965382	0.999245	28.009688	0.999283	28.287547	0.638362	0.595053	0.386786	31.437629	0.596688	2279	5	0	3	13	1.811321	0.000000	53	48	267.391919	2.530010	0.000000	0.002161	-0.240560	-0.000085	0.000034	0.011122	1028.264284	0.638362	0.638362	5	0	5	3	13	1.811321	0.000000	5	0	53	48	37	5.570665	2.530010	267.391919	0.000000	44906	19.704256	28.756472	256x256	65536	sparse	Learned	287	5	28	2238	31.746402	0.638215	28.205160	0.999249	0.627240	0.254936	14	0	0.100000	40	2184	32.075144	0.677682	0.999203	28.071946	0.361663	0.615661	3882	32.316955	0.706381	0.999575	31.217389	0.218599	0.616930	0.082387	0.340117	-0.308773	-0.041528	True	0.623664	31.440862	0.596708	28.275194	0.599884	0.232026	0.620740	28.250248	0.999330	7561
7562.png	0.657401	0.876751	0.934328	0.933632	0.935026	0.999256	27.508801	0.999366	27.953260	0.691708	0.564822	0.495141	30.238875	0.526625	2139	5	1	5	13	1.857143	0.200000	56	52	234.237590	2.846942	0.000000	0.016988	-0.042270	-0.000065	0.000053	0.019782	1072.012186	0.691708	0.691708	5	1	4	5	13	1.857143	0.200000	5	1	56	52	38	4.504569	2.846942	234.237590	0.000000	45901	21.459093	30.638616	256x256	65536	sparse	Learned	264	5	24	2076	30.572464	0.579897	27.494607	0.999313	0.671926	0.408445	8	7	0.000000	29	2000	30.828928	0.620619	0.999173	26.945796	0.272397	0.662525	4402	31.444057	0.690906	0.999651	30.680498	0.194610	0.663855	0.458653	0.156377	-0.333589	-0.053272	True	0.657401	30.238363	0.526616	27.956383	0.660404	0.326993	0.640413	27.551071	0.999321	7562
7563.png	0.539088	0.870662	0.930860	0.924623	0.937182	0.999291	27.456115	0.999407	28.608688	0.554649	0.633955	0.382110	30.969992	0.562156	2022	4	0	1	9	1.843137	0.000000	51	47	228.066017	2.660153	0.000000	-0.012276	-0.491718	-0.000063	0.000068	0.000423	1036.259174	0.554649	0.554649	4	0	4	1	9	1.843137	0.000000	4	0	51	47	41	4.852468	2.660153	228.066017	0.000000	45288	22.397626	32.411474	256x256	65536	sparse	Learned	280	4	25	1942	31.174713	0.600099	27.986393	0.999339	0.554226	0.259182	10	0	0.250000	32	1840	31.441972	0.639793	0.999216	27.577449	0.293548	0.476837	4594	32.134846	0.717752	0.999676	31.541267	0.164003	0.547049	0.622295	0.374774	-0.204721	-0.037943	True	0.539902	30.972222	0.562160	28.603211	0.624689	0.238700	0.551364	27.947833	0.999354	7563
7564.png	0.676768	0.857488	0.923277	0.897031	0.951105	0.999076	27.829370	0.999110	28.342897	0.719008	0.581048	1.013193	31.162717	0.586081	2406	6	0	2	14	1.806452	0.000000	62	56	289.379726	2.716208	0.000000	0.026822	-0.178629	-0.000093	0.000059	0.039542	1080.637693	0.719008	0.719008	6	0	6	2	14	1.806452	0.000000	6	0	62	56	46	5.167495	2.716208	289.379726	0.000000	44995	18.701164	27.238570	256x256	65536	sparse	Learned	316	6	29	2372	31.546704	0.636798	28.033413	0.999051	0.679467	0.517555	9	9	0.000000	40	2386	31.924125	0.678438	0.999102	28.536111	0.537501	0.646448	3705	32.092218	0.695905	0.999477	31.086198	0.339293	0.656318	0.309485	0.063493	-0.383987	-0.050717	True	0.677151	31.166367	0.586121	28.348440	0.600150	0.608068	0.649946	28.007998	0.999169	7564
7565.png	0.644383	0.876083	0.933949	0.920868	0.947406	0.999212	27.868838	0.999310	28.217347	0.659371	0.633589	0.430084	31.336464	0.589118	2362	5	1	5	13	1.875000	0.200000	64	60	294.220346	2.430245	0.000000	-0.018977	-0.200111	-0.000133	-0.000036	-0.012750	1070.291996	0.659371	0.659371	5	1	4	5	13	1.875000	0.200000	5	1	64	60	46	4.903672	2.430245	294.220346	0.000000	45014	19.057578	27.745978	256x256	65536	sparse	Learned	303	5	29	2354	31.610124	0.636424	28.112806	0.999346	0.672120	0.272733	13	2	0.000000	41	2356	31.948022	0.677710	0.999331	28.248094	0.233752	0.623351	3623	32.129273	0.693600	0.999620	31.013794	0.254226	0.657580	0.104541	0.360856	-0.273660	-0.047305	True	0.657732	31.340639	0.589159	28.227341	0.647956	0.278676	0.663360	28.068949	0.999345	7565
7566.png	0.663281	0.896447	0.945397	0.925117	0.966585	0.999215	28.193030	0.999324	28.652827	0.673563	0.485212	0.683772	30.851034	0.554155	2026	5	0	1	11	1.767442	0.000000	43	38	193.722871	3.034945	0.000000	-0.004141	0.339925	-0.000052	0.000074	-0.000012	1042.767048	0.673563	0.673563	5	0	5	1	11	1.767442	0.000000	5	0	43	38	31	5.097970	3.034945	193.722871	0.000000	45376	22.396841	32.347483	256x256	65536	sparse	Learned	246	5	24	1987	30.995765	0.594636	27.973781	0.999250	0.673575	0.414331	8	6	0.000000	31	1930	31.274340	0.636035	0.999118	27.514850	0.312023	0.622388	4432	31.919316	0.708577	0.999588	30.817418	0.302324	0.651471	0.679046	0.070881	-0.144731	-0.040482	True	0.663800	30.854252	0.554183	28.655228	0.505397	0.345576	0.667423	27.853105	0.999267	7566
7567.png	0.729608	0.873637	0.932557	0.946491	0.919028	0.999088	26.927391	0.999401	27.782291	0.770207	0.704770	0.716959	30.260499	0.537311	2389	4	1	3	9	1.880000	0.250000	50	47	278.279221	2.606023	0.000000	0.015489	-0.624683	-0.000284	-0.000010	0.049070	1031.898737	0.770207	0.770207	4	1	3	3	9	1.880000	0.250000	4	1	50	47	38	5.920834	2.606023	278.279221	0.000000	45858	19.195479	27.432398	256x256	65536	sparse	Learned	310	4	26	2302	30.745784	0.597396	27.552261	0.999411	0.721137	0.392366	11	5	0.000000	31	2238	30.971029	0.638716	0.999312	27.189607	0.460709	0.701923	3943	31.373899	0.678450	0.999674	30.292125	0.233628	0.716489	0.230030	0.312404	-0.485284	-0.060084	True	0.727214	30.261916	0.537302	27.774981	0.731526	0.524474	0.714120	27.552075	0.999373	7567
7568.png	0.478899	0.908039	0.951803	0.937736	0.966299	0.998677	28.371206	0.998599	28.624281	0.476048	0.583138	0.423024	30.258553	0.522168	1990	4	1	3	9	1.863636	0.250000	44	41	196.852814	4.001174	0.000000	-0.004757	0.408191	0.000113	0.000253	-0.002059	1349.456072	0.476048	0.476048	4	1	3	3	9	1.863636	0.250000	4	1	44	41	32	4.801288	4.001174	196.852814	0.000000	45914	23.072362	32.932663	256x256	65536	sparse	Learned	251	4	23	1917	30.538454	0.568264	28.027004	0.998346	0.478107	0.271773	14	4	0.000000	28	1932	30.757827	0.609289	0.998056	27.357650	0.208516	0.395307	4664	31.515124	0.699216	0.999127	31.315945	0.178707	0.477778	0.597277	0.311365	-0.279901	-0.046096	True	0.481028	30.262274	0.522195	28.621633	0.615188	0.260239	0.483656	27.963015	0.998565	7568
7569.png	0.754366	0.880196	0.936281	0.960640	0.913126	0.998848	26.621305	0.999260	27.542106	0.796818	0.680181	0.900072	30.984021	0.580579	2360	4	0	4	12	1.846154	0.000000	52	48	257.551299	2.935866	0.000000	-0.012474	-0.890850	-0.000308	0.000022	0.012211	1089.509726	0.796818	0.796818	4	0	4	4	12	1.846154	0.000000	4	0	52	48	36	5.365652	2.935866	257.551299	0.000000	45147	19.130085	27.769492	256x256	65536	sparse	Learned	286	4	27	2174	31.415463	0.624479	27.417929	0.999237	0.784606	0.530772	6	2	0.000000	37	2310	31.691322	0.674431	0.999231	27.425977	0.734197	0.792239	3780	31.992114	0.693018	0.999637	30.752430	0.498424	0.796631	0.124176	0.149409	-0.431442	-0.043900	True	0.753783	30.986202	0.580577	27.543970	0.726102	0.653544	0.766839	27.512155	0.999157	7569
7570.png	0.678868	0.894188	0.944138	0.945875	0.942408	0.998616	28.165962	0.998834	28.617946	0.699505	0.672412	0.688130	31.659863	0.616452	2551	5	0	3	13	1.859155	0.000000	71	66	322.877200	2.905790	0.000000	0.004773	-0.741772	-0.000275	-0.000056	0.016156	1159.591198	0.699505	0.699505	5	0	5	3	13	1.859155	0.000000	5	0	71	66	55	4.892079	2.905790	322.877200	0.000000	44492	17.441004	25.690318	256x256	65536	sparse	Learned	326	5	32	2471	32.123825	0.664104	28.873148	0.998890	0.683349	0.427838	12	6	0.000000	43	2304	32.387846	0.698711	0.998783	28.724739	0.530250	0.669681	3496	32.521495	0.708191	0.999288	31.174736	0.328402	0.663985	-0.255202	0.244574	-0.463962	-0.047652	True	0.678363	31.664154	0.616458	28.625762	0.697599	0.480038	0.674095	28.907735	0.998891	7570
7571.png	0.693891	0.892622	0.943265	0.913688	0.974820	0.999372	27.888796	0.999330	28.052244	0.676601	0.599884	0.423566	30.626411	0.551613	2351	5	1	4	12	1.859649	0.200000	57	53	258.551299	2.946604	0.000000	0.008340	0.204772	0.000017	0.000051	0.009326	1048.563480	0.676601	0.676601	5	1	4	4	12	1.859649	0.200000	5	1	57	53	41	4.878326	2.946604	258.551299	0.000000	45556	19.377286	27.875798	256x256	65536	sparse	Learned	292	5	26	2276	30.943999	0.604181	27.766114	0.999280	0.667275	0.574007	6	4	0.000000	33	2348	31.239464	0.655400	0.999174	27.357774	0.492115	0.688714	3897	31.597957	0.681569	0.999553	30.456418	0.458818	0.665225	0.286130	0.025876	-0.317588	-0.052569	True	0.696346	30.631744	0.551642	28.056636	0.591801	0.250667	0.685551	27.684024	0.999355	7571
7573.png	0.750248	0.899798	0.947256	0.951820	0.942736	0.998605	28.299123	0.998840	28.669198	0.784733	0.705948	0.892424	31.237394	0.589952	2667	5	1	6	14	1.896104	0.200000	77	73	355.847763	2.841126	0.000000	-0.003197	-0.459044	-0.000193	-0.000005	0.014004	1282.936335	0.784733	0.784733	5	1	4	6	14	1.896104	0.200000	5	1	77	73	57	4.874627	2.841126	355.847763	0.000000	45062	16.896138	24.572928	256x256	65536	sparse	Learned	331	5	31	2640	31.611326	0.642442	28.710962	0.998845	0.770729	0.627892	7	8	0.000000	40	2366	31.899936	0.679949	0.998753	28.439504	0.405479	0.761297	3477	31.988966	0.687609	0.999287	30.657484	0.347777	0.764502	-0.041764	0.078056	-0.373932	-0.052490	True	0.749255	31.237105	0.589978	28.662444	0.704770	0.628954	0.753445	28.758167	0.998798	7573
7574.png	0.737774	0.905237	0.950262	0.946957	0.953590	0.999323	27.366503	0.999322	27.607728	0.768376	0.532334	0.906583	30.686748	0.549462	1950	4	0	1	9	1.771429	0.000000	35	31	176.580736	3.193335	0.000000	0.044867	0.046012	0.000010	0.000085	0.049133	1215.441704	0.768376	0.768376	4	0	4	1	9	1.771429	0.000000	4	0	35	31	25	5.696153	3.193335	176.580736	0.000000	45592	23.380513	33.608205	256x256	65536	sparse	Learned	236	4	23	1934	30.793157	0.587056	27.383211	0.999236	0.719243	0.650062	4	4	0.000000	30	1796	31.126974	0.625548	0.999050	26.792888	0.456649	0.720379	4645	31.871793	0.709433	0.999622	31.252336	0.553657	0.721658	0.224517	-0.117729	-0.106408	-0.037594	True	0.735245	30.688405	0.549475	27.599195	0.607414	0.550671	0.692907	27.320491	0.999313	7574
7575.png	0.707250	0.885460	0.939251	0.926112	0.952768	0.999278	28.251445	0.999313	28.478052	0.732741	0.683363	0.840000	31.042044	0.569125	2204	4	1	3	9	1.892857	0.250000	56	53	260.551299	2.785475	0.000000	0.023755	-0.066439	-0.000096	-0.000020	0.027315	1019.236803	0.732741	0.732741	4	1	3	3	9	1.892857	0.250000	4	1	56	53	44	4.916062	2.785475	260.551299	0.000000	45250	20.530853	29.735027	256x256	65536	sparse	Learned	293	4	27	2193	31.320410	0.616428	28.347243	0.999332	0.705426	0.514868	6	3	0.000000	34	2040	31.545361	0.650708	0.999222	27.892023	0.324504	0.703727	4134	31.997095	0.702292	0.999612	31.015394	0.300680	0.677564	0.130809	0.168496	-0.278366	-0.047303	True	0.706767	31.047555	0.569140	28.480722	0.692721	0.581886	0.683495	28.317885	0.999374	7575
7576.png	0.769040	0.916770	0.956578	0.959688	0.953488	0.999033	27.797602	0.999191	28.192535	0.793951	0.591801	0.949179	30.516235	0.543253	2335	5	0	1	11	1.807692	0.000000	52	47	254.622366	2.855981	0.000000	0.009017	-0.317156	-0.000147	-0.000016	0.021007	1141.905069	0.793951	0.793951	5	0	5	1	11	1.807692	0.000000	5	0	52	47	40	5.417497	2.855981	254.622366	0.000000	45632	19.542612	28.066809	256x256	65536	sparse	Learned	297	5	26	2243	30.879772	0.598639	28.140132	0.999206	0.772944	0.481855	8	6	0.000000	31	2230	31.078243	0.642095	0.999060	27.463402	0.207356	0.744214	4082	31.515238	0.683937	0.999534	30.466201	0.202642	0.752066	0.052403	0.109946	-0.363537	-0.055385	True	0.767802	30.517718	0.543265	28.191326	0.606235	0.575425	0.760024	28.114758	0.999181	7576
7577.png	0.768601	0.918899	0.957736	0.966354	0.949270	0.999148	27.015596	0.999382	27.707393	0.806600	0.656991	0.763719	30.528699	0.546545	2206	4	0	3	11	1.836735	0.000000	49	45	243.965512	2.735942	0.000000	0.026532	-0.572770	-0.000191	0.000010	0.055026	1166.966677	0.806600	0.806600	4	0	4	3	11	1.836735	0.000000	4	0	49	45	35	5.421456	2.735942	243.965512	0.000000	45652	20.694470	29.708069	256x256	65536	sparse	Learned	282	4	25	2127	30.851642	0.596217	27.579438	0.999373	0.751575	0.511623	6	2	0.000000	31	2118	31.094280	0.642563	0.999205	26.839464	0.457425	0.744006	4145	31.604353	0.689441	0.999683	30.597227	0.468738	0.758475	0.127955	0.145369	-0.322943	-0.049672	True	0.769688	30.534337	0.546574	27.715977	0.656991	0.501757	0.742069	27.588366	0.999339	7577
7578.png	0.555296	0.889640	0.941597	0.925781	0.957963	0.999278	27.784030	0.999370	28.048107	0.559633	0.534201	0.596744	30.499174	0.536529	2067	5	0	3	13	1.811321	0.000000	53	48	214.994949	2.845859	0.000000	-0.025765	0.080442	-0.000112	0.000029	-0.028734	1057.922602	0.559633	0.559633	5	0	5	3	13	1.811321	0.000000	5	0	53	48	37	4.479061	2.845859	214.994949	0.000000	45729	22.123367	31.705854	256x256	65536	sparse	Learned	258	5	24	2050	30.703822	0.584513	27.677054	0.999341	0.588367	0.342953	8	2	0.000000	31	1996	30.987270	0.627319	0.999186	27.039687	0.458457	0.547156	4436	31.627804	0.696990	0.999643	31.068294	0.236621	0.554044	0.371052	0.191247	-0.204647	-0.047984	True	0.557632	30.505457	0.536560	28.049640	0.552465	0.329680	0.581061	27.703588	0.999390	7578
7579.png	0.506098	0.860687	0.925128	0.892186	0.960596	0.999513	28.317339	0.999443	28.551394	0.498554	0.483149	0.432254	30.293551	0.514887	1675	4	1	3	10	1.837838	0.250000	37	34	148.296465	3.160370	0.000000	0.013211	0.464264	0.000009	0.000068	0.012536	1106.692314	0.498554	0.498554	4	1	3	3	10	1.837838	0.250000	4	0	37	34	24	4.361661	3.160370	148.296465	0.000000	45930	27.420896	39.125970	256x256	65536	sparse	Learned	220	4	20	1586	30.389086	0.545471	27.887969	0.999375	0.486017	0.234710	8	1	0.000000	25	1668	30.643052	0.592941	0.999304	27.361818	0.235772	0.521614	5494	31.786224	0.728176	0.999717	31.404984	0.148631	0.487969	0.663425	0.248439	-0.095535	-0.030584	True	0.525355	30.298373	0.514910	28.559200	0.475337	0.205466	0.492886	27.853075	0.999504	7579
7581.png	0.736872	0.924812	0.960938	0.971446	0.950654	0.998314	27.169039	0.998819	27.996028	0.764985	0.611320	0.944734	31.195780	0.589641	2219	4	1	5	12	1.869565	0.250000	46	43	214.823376	3.455826	0.000000	0.018755	-1.031703	-0.000504	-0.000085	0.039179	1243.269920	0.764985	0.764985	4	1	3	5	12	1.869565	0.250000	4	1	46	43	29	4.995892	3.455826	214.823376	0.000000	45011	20.284362	29.534024	256x256	65536	sparse	Learned	258	4	28	2206	31.640713	0.631930	28.173173	0.998904	0.725806	0.558098	6	10	0.000000	37	2212	31.859387	0.676273	0.998688	27.631068	0.360243	0.719485	3969	32.241475	0.704731	0.999398	31.181714	0.449967	0.729684	-0.177144	0.053223	-0.444933	-0.042289	True	0.736872	31.200975	0.589691	27.994764	0.624689	0.590165	0.718117	28.200742	0.998818	7581
7582.png	0.563020	0.902482	0.948742	0.954375	0.943175	0.998799	27.675915	0.998882	28.265944	0.587591	0.658702	0.374306	30.131742	0.520153	2294	4	0	3	11	1.840000	0.000000	50	46	241.651804	3.250159	0.000000	0.001061	-0.419756	-0.000163	0.000067	0.015745	1239.667177	0.587591	0.587591	4	0	4	3	11	1.840000	0.000000	4	0	50	46	36	5.253300	3.250159	241.651804	0.000000	46045	20.071927	28.568439	256x256	65536	sparse	Learned	287	4	25	2256	30.484774	0.581288	28.096495	0.998815	0.571846	0.259182	15	4	0.000000	29	2068	30.692795	0.615887	0.998410	27.289444	0.337087	0.524666	4080	31.207218	0.671693	0.999199	30.560119	0.178231	0.576320	0.169449	0.399520	-0.353032	-0.061135	True	0.564804	30.135360	0.520187	28.265497	0.714924	0.267600	0.561960	28.095671	0.998962	7582
7583.png	0.494798	0.874408	0.932996	0.949196	0.917340	0.998777	27.548912	0.999099	28.366835	0.503563	0.689633	0.455259	31.082955	0.580400	2296	4	0	3	11	1.857143	0.000000	56	52	263.551299	2.933542	0.000000	-0.013715	-0.766073	-0.000325	-0.000032	0.000099	1145.998716	0.503563	0.503563	4	0	4	3	11	1.857143	0.000000	4	0	56	52	42	5.068294	2.933542	263.551299	0.000000	45025	19.610192	28.543554	256x256	65536	sparse	Learned	302	4	28	2250	31.504157	0.628145	28.258453	0.999131	0.503464	0.292488	10	2	0.000000	38	2250	31.790944	0.669704	0.999113	28.370534	0.257946	0.489124	4011	32.192547	0.706492	0.999484	31.252791	0.204744	0.504333	0.108382	0.397146	-0.421203	-0.047745	True	0.493934	31.087706	0.580393	28.366961	0.707707	0.322190	0.508513	28.314985	0.999102	7583
7584.png	0.730481	0.923883	0.960436	0.965975	0.954960	0.998735	27.915999	0.998913	28.265287	0.748777	0.650761	0.806158	31.428296	0.604548	2562	5	0	3	13	1.846154	0.000000	65	60	306.877200	2.783203	0.000000	-0.002852	-0.417572	-0.000240	-0.000082	0.012294	1182.099342	0.748777	0.748777	5	0	5	3	13	1.846154	0.000000	5	0	65	60	49	5.114620	2.783203	306.877200	0.000000	44835	17.500000	25.580016	256x256	65536	sparse	Learned	308	5	30	2457	31.769055	0.648849	28.314880	0.998995	0.736483	0.522886	8	5	0.000000	42	2520	32.215564	0.700217	0.998945	28.482158	0.464982	0.739429	3510	32.219340	0.696959	0.999395	30.783737	0.465954	0.725159	-0.049593	0.127875	-0.340759	-0.044301	True	0.736310	31.432170	0.604581	28.262090	0.659043	0.531293	0.733333	28.333571	0.998976	7584
7585.png	0.586677	0.922107	0.959475	0.945967	0.973375	0.998921	27.562429	0.999011	27.914227	0.591791	0.543880	0.688882	30.993426	0.564957	1964	4	0	1	9	1.783784	0.000000	37	33	181.994949	3.430899	0.000000	0.038030	0.093644	-0.000028	0.000092	0.044377	1288.647890	0.591791	0.591791	4	0	4	1	9	1.783784	0.000000	4	0	37	33	27	5.514998	3.430899	181.994949	0.000000	45324	23.077393	33.368635	256x256	65536	sparse	Learned	238	4	24	1857	31.144711	0.597243	27.512230	0.998919	0.547414	0.254226	12	2	0.000000	32	1914	31.442998	0.642410	0.998700	27.211592	0.524791	0.612606	4669	32.127864	0.717697	0.999482	31.123029	0.294671	0.561912	0.401997	0.289654	-0.151285	-0.032286	True	0.585163	30.997915	0.564982	27.920493	0.566126	0.389994	0.548647	27.468785	0.998949	7585
7586.png	0.707403	0.895142	0.944670	0.956935	0.932716	0.998835	27.233736	0.999000	27.675360	0.724865	0.663784	0.715875	30.227088	0.527692	2289	4	0	3	11	1.854545	0.000000	55	51	245.894444	3.214702	0.000000	0.003721	-0.021729	-0.000032	0.000110	0.008227	1286.161184	0.724865	0.724865	4	0	4	3	11	1.854545	0.000000	4	0	55	51	41	4.821460	3.214702	245.894444	0.000000	45976	20.085627	28.630843	256x256	65536	sparse	Learned	284	4	24	2095	30.505717	0.578799	27.212342	0.998890	0.716637	0.465121	7	2	0.000000	29	2252	30.774356	0.633176	0.998678	26.553008	0.457425	0.717766	4061	31.208327	0.672982	0.999365	29.879261	0.366609	0.713095	0.463019	0.198663	-0.278629	-0.051107	True	0.706055	30.230455	0.527710	27.682773	0.676967	0.484623	0.703682	27.255465	0.998867	7586
7587.png	0.709246	0.901889	0.948414	0.927900	0.969856	0.999229	27.785649	0.999211	27.933990	0.695524	0.681776	0.745553	30.753539	0.561221	2322	4	1	4	10	1.888889	0.250000	54	51	254.166522	3.229683	0.000000	0.000887	0.261873	-0.000022	0.000040	-0.008223	1210.365534	0.695524	0.695524	4	1	3	4	10	1.888889	0.250000	4	1	54	51	40	4.983657	3.229683	254.166522	0.000000	45448	19.572782	28.223945	256x256	65536	sparse	Learned	289	4	27	2258	31.121782	0.613356	27.577787	0.999171	0.703747	0.575142	5	4	0.000000	34	2256	31.396223	0.657182	0.999136	27.489347	0.456649	0.680588	4113	31.831134	0.696371	0.999589	30.943627	0.419578	0.692895	0.356202	0.106634	-0.368243	-0.052136	True	0.711071	30.753385	0.561216	27.936754	0.707707	0.527633	0.708358	27.523776	0.999251	7587
7588.png	0.690063	0.896605	0.945484	0.932584	0.958746	0.999382	27.589306	0.999506	28.175580	0.707451	0.672085	0.682219	30.719402	0.552138	2227	4	0	3	11	1.857143	0.000000	56	52	255.036580	2.465702	0.000000	0.001899	-0.159219	-0.000088	0.000021	0.007677	835.442781	0.707451	0.707451	4	0	4	3	11	1.857143	0.000000	4	0	56	52	42	4.904550	2.465702	255.036580	0.000000	45555	20.455770	29.427930	256x256	65536	sparse	Learned	297	4	25	2041	30.993720	0.597111	27.774451	0.999485	0.699774	0.402499	8	0	0.500000	32	2104	31.225377	0.643992	0.999391	27.246513	0.449815	0.720896	4223	31.741625	0.695310	0.999727	31.012393	0.339660	0.686082	0.401130	0.269585	-0.274318	-0.044973	True	0.690852	30.721524	0.552155	28.173866	0.681776	0.465121	0.688164	27.748525	0.999470	7588
7589.png	0.672101	0.840625	0.913413	0.942537	0.886034	0.998624	27.907240	0.999095	28.560307	0.707908	0.622808	0.779582	31.361598	0.587493	2055	4	1	6	12	1.882353	0.250000	51	48	220.994949	3.209600	0.000000	-0.028376	-0.359416	-0.000202	0.000070	0.023537	1172.141790	0.707908	0.707908	4	1	3	6	12	1.882353	0.250000	4	1	51	48	33	4.604061	3.209600	220.994949	0.000000	44778	21.789781	31.890998	256x256	65536	sparse	Learned	252	4	26	1970	31.597093	0.624202	28.181436	0.999024	0.684371	0.730180	4	8	0.000000	35	1846	31.872841	0.656972	0.998947	28.038988	0.346527	0.686887	4464	32.505960	0.727427	0.999536	31.488958	0.365796	0.671817	0.378871	-0.107372	-0.235495	-0.036709	True	0.672310	31.365996	0.587501	28.559039	0.630277	0.491352	0.700477	28.266657	0.998826	7589
7590.png	0.621287	0.923173	0.960052	0.953548	0.966645	0.998923	27.256682	0.998978	27.639605	0.628237	0.660404	0.578791	31.219037	0.591750	2279	4	0	4	12	1.843137	0.000000	51	47	249.279221	3.146500	0.000000	-0.009622	-0.579939	-0.000207	-0.000055	0.001362	1274.354458	0.628237	0.628237	4	0	4	4	12	1.843137	0.000000	4	0	51	47	35	5.303813	3.146500	249.279221	0.000000	45078	19.779728	28.756472	256x256	65536	sparse	Learned	275	4	29	2255	31.666066	0.635224	27.849947	0.999033	0.626875	0.559568	5	2	0.000000	39	2200	31.911026	0.674643	0.999056	28.237138	0.398001	0.624551	3977	32.261506	0.705990	0.999474	31.192457	0.282103	0.619952	-0.210342	0.100836	-0.447029	-0.043474	True	0.621906	31.219164	0.591756	27.645456	0.595053	0.344412	0.630909	27.836621	0.999130	7590
7591.png	0.535342	0.875798	0.933787	0.910133	0.958704	0.998883	27.977728	0.998865	28.425217	0.544633	0.598280	0.501837	30.321989	0.533127	2284	5	0	6	16	1.836066	0.000000	61	56	250.752309	3.270803	0.000000	0.023571	-0.159454	-0.000050	0.000096	0.019125	1376.648188	0.544633	0.544633	5	0	5	6	16	1.836066	0.000000	5	0	61	56	39	4.477720	3.270803	250.752309	0.000000	45848	20.073555	28.693520	256x256	65536	sparse	Learned	277	5	25	2153	30.701279	0.587792	28.082769	0.998769	0.525507	0.284662	16	5	0.000000	31	2282	30.957960	0.635483	0.998521	27.533539	0.283836	0.505252	4080	31.386903	0.680050	0.999304	30.622297	0.240923	0.513721	0.342449	0.313618	-0.379290	-0.054665	True	0.536854	30.325790	0.533139	28.428817	0.585217	0.293684	0.511771	28.137182	0.998933	7591
7592.png	0.719557	0.891720	0.942761	0.939597	0.945946	0.998860	27.196374	0.999066	27.760582	0.743344	0.697296	0.879753	31.131063	0.592933	2415	4	0	1	9	1.857143	0.000000	56	52	276.007143	3.181955	0.000000	0.041837	-0.548694	-0.000235	-0.000002	0.060804	1131.222010	0.743344	0.743344	4	0	4	1	9	1.857143	0.000000	4	0	56	52	46	5.307830	3.181955	276.007143	0.000000	45031	18.646377	27.137060	256x256	65536	sparse	Learned	306	4	29	2350	31.613279	0.639739	27.753286	0.999068	0.682540	0.620375	7	11	0.000000	38	2198	31.843604	0.671237	0.998990	27.691996	0.663784	0.689228	3741	32.127915	0.697281	0.999492	30.860452	0.439240	0.676960	0.007295	0.076921	-0.482216	-0.046806	True	0.720992	31.134782	0.592979	27.768850	0.617107	0.542902	0.677721	27.745067	0.999095	7592
7593.png	0.658554	0.884562	0.938745	0.927114	0.950673	0.999251	27.467470	0.999331	27.764178	0.687724	0.581886	0.554818	30.903845	0.569329	2270	5	0	3	13	1.803922	0.000000	51	46	247.379726	2.770398	0.000000	0.006774	-0.218241	-0.000114	0.000003	0.001936	1007.879019	0.687724	0.687724	5	0	5	3	13	1.803922	0.000000	5	0	51	46	35	5.377820	2.770398	247.379726	0.000000	45366	19.985022	28.870485	256x256	65536	sparse	Learned	287	5	27	2264	31.262105	0.619493	27.718863	0.999328	0.685789	0.364917	10	3	0.000000	35	2174	31.520615	0.658831	0.999263	27.611548	0.477208	0.655082	3946	31.917693	0.694230	0.999641	31.173511	0.354121	0.672357	0.045316	0.216968	-0.358260	-0.050164	True	0.657593	30.901384	0.569320	27.764009	0.606235	0.336350	0.651780	27.685711	0.999365	7593
7594.png	0.656928	0.859451	0.924414	0.920415	0.928447	0.999270	27.783505	0.999474	28.301817	0.692112	0.615188	0.642087	31.123518	0.572438	1996	4	0	0	8	1.826087	0.000000	46	42	219.722871	2.578023	0.000000	0.026983	-0.249276	-0.000200	0.000006	0.036426	819.430113	0.692112	0.692112	4	0	4	0	8	1.826087	0.000000	4	0	46	42	38	5.231497	2.578023	219.722871	0.000000	45166	22.628257	32.833667	256x256	65536	sparse	Learned	276	4	26	1953	31.403185	0.610704	28.015985	0.999468	0.655686	0.368716	8	0	0.500000	33	1946	31.626937	0.653235	0.999395	27.649001	0.288230	0.611557	4464	32.269023	0.719257	0.999721	31.411904	0.256398	0.654818	0.285833	0.246472	-0.279667	-0.038266	True	0.657214	31.125192	0.572462	28.305584	0.639405	0.410554	0.629946	28.032781	0.999470	7594
7595.png	0.546875	0.904255	0.949721	0.949313	0.950129	0.999121	27.842536	0.999273	28.166441	0.577536	0.470594	0.473424	31.288525	0.583179	1950	5	0	1	11	1.743590	0.000000	39	34	183.409163	2.972429	0.000000	-0.011698	-0.309717	-0.000167	-0.000017	-0.003896	1162.093639	0.577536	0.577536	5	0	5	1	11	1.743590	0.000000	5	0	39	34	27	5.394387	2.972429	183.409163	0.000000	44864	23.007179	33.608205	256x256	65536	sparse	Learned	247	5	25	1902	31.494787	0.616264	28.027899	0.999290	0.581432	0.238700	11	3	0.000000	34	1842	31.767819	0.653739	0.999142	27.580089	0.355964	0.564349	4657	32.465615	0.728932	0.999632	31.767407	0.209662	0.561306	0.138543	0.231895	-0.206262	-0.033086	True	0.546875	31.293452	0.583218	28.176658	0.472708	0.223791	0.558573	28.152254	0.999288	7595
7596.png	0.541905	0.886450	0.939808	0.921627	0.958720	0.998342	28.448693	0.998364	28.761801	0.553889	0.678899	0.438813	31.004578	0.574696	2551	5	1	4	12	1.880597	0.200000	67	63	324.320851	3.111653	0.000000	-0.003847	-0.551521	-0.000280	-0.000093	0.003569	1489.218473	0.553889	0.553889	5	1	4	4	12	1.880597	0.200000	5	1	67	63	51	5.147950	3.111653	324.320851	0.000000	45162	17.703646	25.690318	256x256	65536	sparse	Learned	323	5	30	2451	31.471394	0.629850	28.969085	0.998457	0.550320	0.324446	18	6	0.000000	39	2500	31.719893	0.678254	0.998450	28.830561	0.196963	0.509255	3675	31.892382	0.688748	0.998877	30.732742	0.144752	0.551230	-0.207284	0.354453	-0.466816	-0.055154	True	0.543375	31.010325	0.574701	28.764797	0.718606	0.315334	0.545752	29.000214	0.998623	7596
7597.png	0.705013	0.880000	0.936170	0.932730	0.939636	0.998714	28.020081	0.998832	28.681413	0.722783	0.675348	1.043975	31.257771	0.587149	2316	4	1	5	11	1.896552	0.250000	58	55	263.421356	3.456377	0.000000	-0.023102	-0.341617	-0.000133	0.000083	-0.012920	1493.393183	0.722783	0.722783	4	1	3	5	11	1.896552	0.250000	4	1	58	55	42	4.789479	3.456377	263.421356	0.000000	44922	19.396373	28.297064	256x256	65536	sparse	Learned	280	4	28	2258	31.576282	0.632515	28.339532	0.998749	0.735703	0.800112	4	15	0.000000	38	2248	31.877489	0.676417	0.998672	28.332840	0.416085	0.748194	4022	32.235510	0.706608	0.999395	31.627635	0.401268	0.693023	0.341881	-0.124765	-0.318510	-0.045366	True	0.705230	31.261200	0.587175	28.689147	0.695779	0.726376	0.728115	28.361698	0.998847	7597
7598.png	0.493709	0.882966	0.937846	0.917520	0.959094	0.998630	29.613261	0.998537	29.669577	0.498248	0.515191	0.411033	31.628994	0.595706	2050	5	0	2	12	1.761905	0.000000	42	37	202.923882	3.835858	0.000000	-0.034035	0.312296	0.000005	0.000067	-0.030508	1470.500469	0.498248	0.498248	5	0	5	2	12	1.761905	0.000000	5	0	42	37	28	5.484429	3.835858	202.923882	0.000000	44671	21.790732	31.968780	256x256	65536	sparse	Learned	255	5	27	1940	31.860865	0.630074	29.309545	0.998470	0.528756	0.201927	18	5	0.000000	39	2032	32.105817	0.672037	0.998355	29.177097	0.181269	0.532868	4274	32.593524	0.726274	0.998984	31.460803	0.136729	0.513623	0.360032	0.313264	-0.231871	-0.034368	True	0.493709	31.633515	0.595732	29.673718	0.545247	0.224114	0.527744	29.300965	0.998624	7598
7599.png	0.731283	0.893333	0.943662	0.936209	0.951235	0.999052	27.113422	0.999240	27.783708	0.750436	0.752167	0.688074	31.217421	0.599804	2628	4	0	2	10	1.875000	0.000000	64	60	318.492424	2.571278	0.000000	-0.000937	-0.855485	-0.000269	-0.000053	0.023745	923.981428	0.750436	0.750436	4	0	4	2	10	1.875000	0.000000	4	0	64	60	52	5.308207	2.571278	318.492424	0.000000	45000	17.123288	24.937595	256x256	65536	sparse	Learned	338	4	31	2540	31.772193	0.651274	27.972054	0.999293	0.726692	0.628423	6	2	0.000000	41	2572	32.114583	0.698993	0.999264	28.110351	0.525002	0.707709	3458	32.099972	0.691123	0.999537	30.346829	0.498981	0.722043	-0.188346	0.123744	-0.554772	-0.051471	True	0.730702	31.224064	0.599865	27.793712	0.669781	0.460859	0.732220	27.968908	0.999321	7599
7601.png	0.667188	0.913202	0.954632	0.937567	0.972330	0.998650	29.493430	0.998559	29.575765	0.663951	0.569726	0.787624	31.808234	0.609919	2271	6	0	1	13	1.785714	0.000000	56	50	277.651804	3.203381	0.000000	-0.000160	0.006936	-0.000085	-0.000027	-0.007736	1248.967648	0.663951	0.663951	6	0	6	1	13	1.785714	0.000000	6	0	56	50	42	5.553036	3.203381	277.651804	0.000000	44485	19.588287	28.857772	256x256	65536	sparse	Learned	311	6	30	2183	32.112590	0.650227	29.537729	0.998586	0.671687	0.398117	13	12	0.000000	42	2224	32.364921	0.689578	0.998454	29.382818	0.179940	0.666501	4110	32.729565	0.731058	0.998979	31.371632	0.058144	0.621951	0.038036	0.171609	-0.304356	-0.040308	True	0.671005	31.816596	0.609962	29.582299	0.574007	0.452102	0.667348	29.486494	0.998735	7601
7602.png	0.479452	0.915918	0.956114	0.945659	0.966802	0.998750	28.394257	0.998737	28.521718	0.493186	0.497420	0.464997	30.660806	0.545038	2045	5	0	2	12	1.767442	0.000000	43	38	188.953319	3.753589	0.000000	-0.009566	0.285524	0.000015	0.000056	-0.011318	1414.079189	0.493186	0.493186	5	0	5	2	12	1.767442	0.000000	5	0	43	38	29	4.972456	3.753589	188.953319	0.000000	45596	22.296333	32.046944	256x256	65536	sparse	Learned	245	5	24	1977	30.868578	0.588489	28.111019	0.998681	0.504505	0.222994	13	2	0.000000	29	1918	31.080547	0.626680	0.998288	27.474554	0.363282	0.483580	4660	31.826401	0.709342	0.999299	31.065611	0.184241	0.495177	0.410699	0.274425	-0.207772	-0.043451	True	0.496749	30.664133	0.545049	28.522973	0.507372	0.235926	0.489018	28.108733	0.998734	7602
7603.png	0.740543	0.904404	0.949803	0.946073	0.953562	0.999040	27.461729	0.999184	27.734886	0.751215	0.754633	0.932900	30.233814	0.542583	2607	4	0	5	14	1.878788	0.000000	66	62	320.492424	3.058994	0.000000	-0.013619	-0.159291	-0.000140	0.000009	-0.006850	1099.555016	0.751215	0.751215	4	0	4	5	14	1.878788	0.000000	4	0	66	62	47	5.169233	3.058994	320.492424	0.000000	45932	17.618719	25.138473	256x256	65536	sparse	Learned	318	4	28	2585	30.790520	0.609996	27.598229	0.999175	0.758065	0.528813	8	5	0.000000	32	2526	30.993544	0.654330	0.999023	27.088722	0.532334	0.732518	3448	31.169578	0.657258	0.999399	29.400978	0.526451	0.741337	0.136657	0.225820	-0.556706	-0.067413	True	0.738476	30.236539	0.542591	27.734176	0.678899	0.633345	0.754163	27.621020	0.999181	7603
7604.png	0.627628	0.907465	0.951488	0.957682	0.945373	0.999005	27.431229	0.999193	27.810293	0.645260	0.607807	0.616924	31.544557	0.608559	2362	5	0	1	11	1.811321	0.000000	53	48	272.078210	2.716147	0.000000	-0.020988	-0.608869	-0.000259	-0.000080	-0.011257	916.159868	0.645260	0.645260	5	0	5	1	11	1.811321	0.000000	5	0	53	48	41	5.668296	2.716147	272.078210	0.000000	44731	18.937765	27.745978	256x256	65536	sparse	Learned	305	5	30	2322	31.895582	0.650415	27.955878	0.999274	0.656516	0.354674	10	2	0.000000	41	2158	32.191335	0.683703	0.999217	28.089942	0.358535	0.630475	3667	32.454089	0.706893	0.999599	31.162532	0.339660	0.650961	-0.145585	0.253132	-0.351025	-0.041856	True	0.626275	31.546770	0.608585	27.808454	0.620158	0.382590	0.648616	28.040098	0.999264	7604
7605.png	0.602489	0.859956	0.924706	0.916796	0.932753	0.999284	28.704360	0.999327	29.026084	0.612691	0.644774	0.360754	30.856154	0.554906	2005	4	1	4	10	1.886792	0.250000	53	50	240.865007	2.763345	0.000000	-0.040965	0.010098	-0.000092	0.000021	-0.032336	1065.687656	0.612691	0.612691	4	1	3	4	10	1.886792	0.250000	4	1	53	50	39	4.817300	2.763345	240.865007	0.000000	45255	22.571072	32.686284	256x256	65536	sparse	Learned	272	4	24	1838	31.149212	0.593723	28.649748	0.999305	0.645028	0.384918	10	6	0.000000	33	1918	31.407026	0.638574	0.999249	28.296182	0.146719	0.624913	4693	32.104273	0.719960	0.999639	31.750727	0.073852	0.607683	0.376336	0.259855	-0.293058	-0.038817	True	0.602489	30.863543	0.554944	29.039039	0.680181	0.245378	0.643454	28.694262	0.999376	7605
7606.png	0.782900	0.908279	0.951935	0.947502	0.956410	0.999414	26.762618	0.999542	27.426377	0.807270	0.653544	0.748399	30.478736	0.543608	2259	4	0	1	9	1.829787	0.000000	47	43	249.007143	2.451812	0.000000	0.036356	-0.911278	-0.000180	-0.000021	0.050928	942.895174	0.807270	0.807270	4	0	4	1	9	1.829787	0.000000	4	0	47	43	37	5.790864	2.451812	249.007143	0.000000	45744	20.249668	29.011067	256x256	65536	sparse	Learned	290	4	25	2256	30.755681	0.594741	27.565143	0.999563	0.756341	0.622808	4	1	0.500000	30	2110	31.007073	0.636663	0.999448	26.735078	0.441699	0.753067	4165	31.506037	0.684202	0.999776	30.408779	0.583555	0.746393	-0.138766	0.030737	-0.276945	-0.051134	True	0.783738	30.481955	0.543631	27.431825	0.656991	0.491691	0.746544	27.673897	0.999594	7606
7607.png	0.687955	0.857143	0.923077	0.914384	0.931937	0.999361	26.792118	0.999555	27.573177	0.736626	0.561327	0.856632	30.443762	0.552578	2157	5	0	1	11	1.772727	0.000000	44	39	234.137085	2.530997	0.000000	0.016978	-0.537063	-0.000172	-0.000020	0.036408	865.544558	0.736626	0.736626	5	0	5	1	11	1.772727	0.000000	5	0	44	39	32	6.003515	2.530997	234.137085	0.000000	45532	21.108948	30.382939	256x256	65536	sparse	Learned	282	5	25	2098	30.990230	0.602752	27.524019	0.999575	0.700217	0.518091	6	3	0.000000	31	2152	31.226738	0.646895	0.999440	26.607475	0.423874	0.676536	4256	31.784934	0.698380	0.999776	30.919024	0.307289	0.698540	0.049158	0.043236	-0.546468	-0.050174	True	0.688511	30.442769	0.552564	27.566946	0.570013	0.488291	0.670977	27.329181	0.999534	7607
7608.png	0.642365	0.912849	0.954439	0.953198	0.955683	0.998299	27.734769	0.998589	28.266391	0.669500	0.750925	0.545555	30.704070	0.559657	2553	4	1	4	10	1.907692	0.250000	65	62	320.977705	2.961861	0.000000	-0.018661	-0.563168	-0.000326	-0.000043	-0.000403	1267.359495	0.669500	0.669500	4	1	3	4	10	1.907692	0.250000	4	1	65	62	51	5.177060	2.961861	320.977705	0.000000	45544	17.839405	25.670192	256x256	65536	sparse	Learned	323	4	29	2537	31.156916	0.621930	28.267023	0.998632	0.669903	0.447517	12	8	0.000000	35	2422	31.357028	0.663866	0.998434	27.735621	0.399504	0.644737	3683	31.582210	0.675749	0.999073	30.418304	0.316139	0.662824	-0.000631	0.303407	-0.452846	-0.062273	True	0.642681	30.705429	0.559663	28.264799	0.766600	0.418222	0.661025	28.297937	0.998625	7608
7609.png	0.686840	0.909664	0.952695	0.974494	0.931851	0.998999	27.196657	0.999370	27.921540	0.727811	0.637598	0.488370	31.255055	0.586861	2150	4	0	2	10	1.826087	0.000000	46	42	232.965512	2.777177	0.000000	-0.014751	-0.546925	-0.000299	0.000002	0.022569	1027.893543	0.727811	0.727811	4	0	4	2	10	1.826087	0.000000	4	0	46	42	34	5.546798	2.777177	232.965512	0.000000	45039	20.948372	30.481860	256x256	65536	sparse	Learned	273	4	27	2064	31.519062	0.623701	27.714449	0.999368	0.705242	0.370118	9	3	0.000000	36	1932	31.746165	0.659850	0.999290	27.488556	0.441699	0.697073	4338	32.323107	0.717508	0.999660	30.995841	0.249238	0.700549	0.207091	0.267480	-0.264007	-0.036840	True	0.687544	31.258362	0.586895	27.924981	0.653544	0.319171	0.701592	27.743582	0.999298	7609
7610.png	0.735711	0.903019	0.949038	0.947217	0.950867	0.998397	27.387123	0.998496	27.701820	0.758669	0.646545	0.952032	30.225983	0.536286	2681	5	2	5	12	1.907692	0.400000	65	62	294.521861	3.427709	0.000000	-0.023266	-0.250940	-0.000185	-0.000028	-0.007863	1723.750353	0.758669	0.758669	5	2	3	5	12	1.907692	0.400000	5	1	65	62	48	4.750353	3.427709	294.521861	0.000000	46046	17.174935	24.444610	256x256	65536	sparse	Learned	310	5	27	2522	30.637188	0.601498	27.660429	0.998524	0.766532	0.601481	8	11	0.000000	31	2618	30.895198	0.655599	0.998278	27.077059	0.516482	0.756976	3481	30.980893	0.649147	0.998883	28.801915	0.622808	0.756250	0.041391	0.045064	-0.411205	-0.065212	True	0.736168	30.230129	0.536303	27.702221	0.680181	0.647554	0.758977	27.638063	0.998582	7610
7611.png	0.696386	0.866983	0.928753	0.914214	0.943762	0.999229	27.917490	0.999319	28.390780	0.712067	0.734197	0.481694	30.199573	0.525950	2390	4	1	6	12	1.910448	0.250000	67	64	303.835570	2.832326	0.000000	0.003944	0.052676	-0.000077	0.000066	0.014246	1009.528875	0.712067	0.712067	4	1	3	6	12	1.910448	0.250000	4	1	67	64	49	4.747431	2.832326	303.835570	0.000000	45954	19.227615	27.420921	256x256	65536	sparse	Learned	307	4	26	2327	30.588045	0.588939	27.858214	0.999254	0.697821	0.358929	13	5	0.000000	30	2156	30.776763	0.628064	0.999093	27.092360	0.360899	0.678449	3891	31.173623	0.665851	0.999554	30.180518	0.189170	0.691309	0.532566	0.375268	-0.388472	-0.062988	True	0.698977	30.204329	0.525986	28.396328	0.763072	0.367568	0.692442	27.864813	0.999306	7611
7612.png	0.753007	0.868567	0.929661	0.936007	0.923401	0.999208	26.119406	0.999535	27.341937	0.803824	0.568289	0.834590	30.534666	0.555472	2215	5	0	2	12	1.782609	0.000000	46	41	235.237590	2.430854	0.000000	0.048043	-0.950880	-0.000288	-0.000002	0.079636	933.748722	0.803824	0.803824	5	0	5	2	12	1.782609	0.000000	5	0	46	41	32	5.737502	2.430854	235.237590	0.000000	45579	20.577427	29.587359	256x256	65536	sparse	Learned	277	5	26	2180	31.036060	0.607172	27.156578	0.999537	0.724188	0.463590	7	3	0.000000	31	2168	31.243848	0.648831	0.999474	26.846337	0.486094	0.720546	4256	31.777312	0.698111	0.999776	30.754482	0.448744	0.711303	0.185359	0.104699	-0.501394	-0.051700	True	0.753612	30.541831	0.555516	27.371052	0.576838	0.481423	0.704965	27.070286	0.999496	7612
7613.png	0.704918	0.887679	0.940498	0.933695	0.947401	0.999120	27.142075	0.999294	27.675800	0.722380	0.660404	0.742696	30.418228	0.549056	2530	5	1	5	13	1.873016	0.200000	63	59	307.835570	2.809412	0.000000	-0.023325	-0.401915	-0.000201	0.000007	0.001914	1041.806936	0.722380	0.722380	5	1	4	5	13	1.873016	0.200000	5	1	63	59	45	5.217552	2.809412	307.835570	0.000000	45741	18.079447	25.903557	256x256	65536	sparse	Learned	318	5	27	2366	30.920000	0.607141	27.523074	0.999286	0.720466	0.397098	10	4	0.000000	34	2514	31.192416	0.662146	0.999212	27.333258	0.593430	0.694661	3583	31.359921	0.663906	0.999545	29.704125	0.422409	0.703642	0.152726	0.263307	-0.501772	-0.058085	True	0.706049	30.422132	0.549081	27.679210	0.660404	0.490480	0.728243	27.543990	0.999321	7613
7614.png	0.596452	0.881210	0.936854	0.945904	0.927976	0.999217	27.143106	0.999405	27.501562	0.626047	0.491691	0.611237	31.180418	0.587050	2227	6	0	0	12	1.755102	0.000000	49	43	229.722871	2.558119	0.000000	0.001895	-0.453331	-0.000194	-0.000038	0.010608	825.925350	0.626047	0.626047	6	0	6	0	12	1.755102	0.000000	6	0	49	43	37	5.342392	2.558119	229.722871	0.000000	45088	20.246071	29.427930	256x256	65536	sparse	Learned	282	6	27	2108	31.522014	0.627316	27.569416	0.999443	0.615440	0.308498	9	1	0.250000	37	2186	31.795951	0.672924	0.999340	27.537593	0.331168	0.600430	4067	32.232031	0.707086	0.999718	31.296839	0.227920	0.627312	-0.067855	0.183194	-0.341596	-0.040265	True	0.597931	31.183267	0.587071	27.503306	0.519695	0.317657	0.594557	27.596437	0.999410	7614
7616.png	0.682014	0.891794	0.942802	0.938121	0.947531	0.999065	28.098799	0.999242	28.413367	0.711063	0.613259	0.730327	31.363516	0.595629	2112	4	0	2	10	1.826087	0.000000	46	42	223.693434	2.951969	0.000000	0.014087	-0.210374	-0.000147	-0.000006	0.024316	1217.510223	0.711063	0.711063	4	0	4	2	10	1.826087	0.000000	4	0	46	42	34	5.326034	2.951969	223.693434	0.000000	44702	21.165720	31.030303	256x256	65536	sparse	Learned	265	4	27	2026	31.832705	0.635779	28.284482	0.999248	0.686747	0.433846	9	4	0.000000	38	2088	32.096209	0.675573	0.999141	27.936292	0.593430	0.665576	4360	32.598303	0.728737	0.999621	31.639791	0.263881	0.667095	0.128885	0.179413	-0.469189	-0.040150	True	0.682734	31.364929	0.595633	28.412903	0.611320	0.446464	0.667927	28.309174	0.999212	7616
7617.png	0.831389	0.925498	0.961308	0.949408	0.973510	0.999555	27.186054	0.999584	27.480082	0.867663	0.445673	1.262052	30.265049	0.517960	1740	4	0	0	8	1.741935	0.000000	31	27	135.953319	3.131206	0.000000	0.037585	0.713529	0.000038	0.000108	0.053349	1094.527960	0.867663	0.867663	4	0	4	0	8	1.741935	0.000000	4	0	31	27	23	5.035308	3.131206	135.953319	0.000000	45997	26.435057	37.664368	256x256	65536	sparse	Learned	220	4	20	1637	30.330115	0.548155	26.482347	0.999475	0.814313	0.457735	5	5	0.000000	25	1584	30.568698	0.594510	0.999405	25.918978	0.321975	0.807544	5194	31.627521	0.714942	0.999815	31.069977	0.589344	0.821323	0.997735	-0.012062	-0.065066	-0.030195	True	0.831389	30.269059	0.517985	27.481412	0.462056	0.583138	0.793804	26.472526	0.999516	7617
7619.png	0.631464	0.888573	0.941000	0.936425	0.945619	0.999082	27.103796	0.999309	27.821282	0.649341	0.601481	0.417418	31.378172	0.595811	2103	4	0	1	9	1.822222	0.000000	45	41	207.752309	3.170651	0.000000	0.003819	-0.967295	-0.000286	-0.000049	0.023991	1005.981445	0.649341	0.649341	4	0	4	1	9	1.822222	0.000000	4	0	45	41	35	5.067129	3.170651	207.752309	0.000000	44901	21.350927	31.163100	256x256	65536	sparse	Learned	259	4	27	2080	31.679185	0.633226	28.160006	0.999357	0.625350	0.221798	13	1	0.000000	38	2018	31.994188	0.670969	0.999321	28.181906	0.328189	0.592281	4526	32.555054	0.729780	0.999666	31.358708	0.220225	0.636427	-0.338724	0.379683	-0.301013	-0.037415	True	0.631004	31.384108	0.595846	27.827316	0.620917	0.259182	0.627645	28.071090	0.999368	7619
7620.png	0.653526	0.839207	0.912575	0.929268	0.896471	0.998970	28.111997	0.999180	28.455793	0.699476	0.572585	0.537341	31.260636	0.592152	2425	6	0	3	15	1.806452	0.000000	62	56	292.492424	2.827766	0.000000	-0.010064	-0.602114	-0.000262	-0.000097	0.008557	936.981440	0.699476	0.699476	6	0	6	3	15	1.806452	0.000000	6	0	62	56	44	5.223079	2.827766	292.492424	0.000000	44953	18.537320	27.025155	256x256	65536	sparse	Learned	307	6	30	2398	31.717476	0.643542	28.683420	0.999277	0.690919	0.322943	14	1	0.000000	39	2296	31.953196	0.679950	0.999232	28.448281	0.374429	0.667202	3616	32.129784	0.695516	0.999521	30.883051	0.288230	0.664226	-0.227627	0.249642	-0.456840	-0.051390	True	0.652608	31.260079	0.592144	28.450485	0.677612	0.364108	0.663590	28.714111	0.999232	7620
7621.png	0.638739	0.908748	0.952193	0.948819	0.955591	0.999249	26.972160	0.999337	27.302792	0.653282	0.611320	0.363842	30.165486	0.521373	2114	4	0	3	11	1.826087	0.000000	46	42	216.480231	2.808028	0.000000	-0.010048	-0.196492	-0.000109	0.000015	-0.011907	1135.310411	0.653282	0.653282	4	0	4	3	11	1.826087	0.000000	4	0	46	42	32	5.154291	2.808028	216.480231	0.000000	46110	21.811731	31.000946	256x256	65536	sparse	Learned	258	4	23	2029	30.401810	0.570113	27.147419	0.999322	0.665188	0.304856	11	2	0.000000	28	2068	30.672517	0.617796	0.999163	26.389679	0.335612	0.627206	4412	31.280552	0.682696	0.999558	29.883295	0.212446	0.645849	0.155373	0.306464	-0.236324	-0.048741	True	0.638953	30.170119	0.521394	27.309043	0.617107	0.224530	0.648788	27.168652	0.999358	7621
7622.png	0.749831	0.891008	0.942363	0.950581	0.934286	0.998895	27.739239	0.999057	28.175332	0.805634	0.619017	0.708570	30.307087	0.528450	2039	4	1	3	9	1.866667	0.250000	45	42	214.438600	3.188892	0.000000	0.003379	0.175089	-0.000031	0.000095	0.046290	1216.758251	0.805634	0.805634	4	1	3	3	9	1.866667	0.250000	4	1	45	42	33	5.105681	3.188892	214.438600	0.000000	45905	22.513487	32.141246	256x256	65536	sparse	Learned	258	4	23	1977	30.536260	0.575014	27.507553	0.998962	0.759344	0.490480	7	4	0.000000	28	1852	30.759319	0.611765	0.998575	26.670425	0.532334	0.765522	4626	31.535772	0.700548	0.999537	31.138453	0.317846	0.747238	0.667778	0.128537	-0.229173	-0.046564	True	0.748479	30.310323	0.528471	28.176226	0.667129	0.472708	0.746452	27.564150	0.998926	7622
7623.png	0.797844	0.913547	0.954821	0.950835	0.958840	0.999418	26.611720	0.999538	27.138486	0.819005	0.559568	0.980881	31.406571	0.598549	2153	5	0	1	11	1.795918	0.000000	49	44	233.551299	2.331900	0.000000	-0.011842	-0.818445	-0.000167	-0.000047	0.010890	818.173885	0.819005	0.819005	5	0	5	1	11	1.795918	0.000000	5	0	49	44	37	5.307984	2.331900	233.551299	0.000000	44908	20.858337	30.439387	256x256	65536	sparse	Learned	275	5	27	2109	31.686588	0.634259	27.404717	0.999585	0.808115	0.545247	5	2	0.000000	41	2152	32.112000	0.679237	0.999574	27.785092	0.545247	0.803390	4190	32.464175	0.719021	0.999801	31.141265	0.564822	0.797963	-0.266232	0.014322	-0.280018	-0.035711	True	0.797127	31.409791	0.598573	27.142825	0.559568	0.548870	0.809686	27.430166	0.999585	7623
7624.png	0.505278	0.869716	0.930319	0.948602	0.912727	0.998917	27.907880	0.999225	28.445162	0.544782	0.501424	0.505237	30.738222	0.552380	1960	4	0	0	8	1.777778	0.000000	36	32	194.267027	3.036127	0.000000	0.001984	-0.032562	-0.000040	0.000105	0.015289	1167.438984	0.544782	0.544782	4	0	4	0	8	1.777778	0.000000	5	0	36	32	28	6.070845	3.036127	194.267027	0.000000	45465	23.196429	33.436735	256x256	65536	sparse	Learned	263	5	23	1885	30.876441	0.588157	27.924980	0.999120	0.529492	0.224308	10	0	0.500000	31	1914	31.250927	0.631933	0.999019	27.514102	0.230660	0.496146	4855	32.065762	0.722911	0.999598	31.445381	0.174221	0.539617	0.520182	0.277116	-0.138219	-0.035777	True	0.502813	30.739576	0.552394	28.443338	0.537912	0.271773	0.503294	27.940442	0.998957	7624
7625.png	0.658805	0.894654	0.944398	0.937397	0.951505	0.998826	28.508320	0.998870	28.617420	0.673833	0.620158	0.574505	30.538953	0.543381	2327	5	0	4	14	1.821429	0.000000	56	51	277.178716	3.157125	0.000000	0.000206	-0.073447	-0.000089	-0.000018	0.006482	1100.812674	0.673833	0.673833	5	0	5	4	14	1.821429	0.000000	5	0	56	51	38	5.434877	3.157125	277.178716	0.000000	45622	19.605501	28.163300	256x256	65536	sparse	Learned	290	5	26	2245	30.886442	0.598196	28.551490	0.998888	0.667351	0.346984	13	9	0.000000	30	2086	31.050100	0.633789	0.998635	27.810567	0.128268	0.639900	4027	31.512478	0.682399	0.999292	30.535556	0.107367	0.628091	0.065930	0.273174	-0.347490	-0.054815	True	0.658460	30.543257	0.543408	28.621488	0.661760	0.380184	0.658599	28.581767	0.998915	7625
7626.png	0.666403	0.871350	0.931253	0.952545	0.910891	0.999209	26.368359	0.999480	26.997757	0.743003	0.545247	0.641305	30.528952	0.550524	2117	5	0	1	11	1.787234	0.000000	47	42	216.852814	2.695335	0.000000	-0.000019	-1.000656	-0.000254	-0.000051	0.017925	963.290453	0.743003	0.743003	5	0	5	1	11	1.787234	0.000000	5	0	47	42	35	5.163162	2.695335	216.852814	0.000000	45616	21.547473	30.957015	256x256	65536	sparse	Learned	272	5	25	2064	30.969654	0.597457	27.328387	0.999532	0.725078	0.408867	7	1	0.300000	29	1918	31.103112	0.630833	0.999387	26.436524	0.441965	0.705655	4295	31.726482	0.696858	0.999778	30.925536	0.408445	0.719844	-0.330630	0.136380	-0.440702	-0.046933	True	0.667194	30.531339	0.550526	27.000482	0.570013	0.365552	0.666422	27.369015	0.999463	7626
7627.png	0.850643	0.910506	0.953157	0.959016	0.947368	0.999354	26.177555	0.999607	27.293270	0.883485	0.503415	1.013079	30.796116	0.557636	1874	4	0	0	8	1.764706	0.000000	34	30	156.710678	2.957686	0.000000	0.040267	-0.664196	-0.000210	0.000016	0.087057	913.131475	0.883485	0.883485	4	0	4	0	8	1.764706	0.000000	4	0	34	30	26	5.223689	2.957686	156.710678	0.000000	45429	24.241729	34.971185	256x256	65536	sparse	Learned	236	4	24	1867	31.102007	0.596019	26.855441	0.999591	0.796429	0.525266	4	2	0.000000	31	1700	31.288859	0.629034	0.999550	26.596748	0.510808	0.788393	4865	32.104065	0.721196	0.999859	31.593737	0.374998	0.770667	0.437829	-0.021851	-0.305891	-0.038383	True	0.851485	30.797791	0.557641	27.287891	0.532334	0.539296	0.810376	26.841751	0.999564	7627
7628.png	0.622680	0.866397	0.928416	0.919441	0.937568	0.999446	27.812695	0.999554	28.198163	0.667016	0.464203	0.600244	31.528044	0.595474	1816	5	0	0	10	1.756098	0.000000	41	36	179.994949	2.516688	0.000000	-0.019772	-0.230195	-0.000084	-0.000001	-0.016238	805.074453	0.667016	0.667016	5	0	5	0	10	1.756098	0.000000	5	0	41	36	31	4.999860	2.516688	179.994949	0.000000	44661	24.593062	36.088106	256x256	65536	sparse	Learned	244	5	24	1677	31.738188	0.620271	28.128472	0.999555	0.683254	0.272033	8	0	0.700000	36	1726	32.067806	0.661115	0.999521	27.993383	0.246960	0.687977	5321	33.042546	0.756161	0.999837	33.059233	0.262593	0.678952	0.069691	0.192170	-0.210144	-0.024797	True	0.621009	31.534138	0.595501	28.213390	0.483149	0.290007	0.642453	28.042890	0.999530	7628
7629.png	0.699898	0.903674	0.949400	0.931423	0.968085	0.999539	27.382223	0.999602	27.896658	0.716583	0.513248	0.754750	31.368318	0.589497	1961	5	0	1	11	1.782609	0.000000	46	41	199.852814	2.386133	0.000000	0.031948	-0.100218	-0.000063	0.000013	0.030869	891.268015	0.716583	0.716583	5	0	5	1	11	1.782609	0.000000	5	0	46	41	34	4.874459	2.386133	199.852814	0.000000	44875	22.883733	33.419684	256x256	65536	sparse	Learned	253	5	26	1959	31.582005	0.621852	27.518649	0.999589	0.685714	0.387374	6	0	0.900000	35	1822	31.867243	0.657382	0.999543	27.467296	0.352273	0.678977	4845	32.642365	0.741209	0.999806	31.404343	0.372313	0.700855	0.378009	0.125874	-0.213687	-0.032356	True	0.696538	31.373253	0.589509	27.906528	0.513248	0.387374	0.667950	27.482442	0.999602	7629
7630.png	0.729342	0.890000	0.941799	0.934383	0.949333	0.999323	27.813493	0.999406	28.144424	0.748943	0.587286	0.694241	31.679548	0.605870	1999	4	0	2	10	1.833333	0.000000	48	44	202.409163	2.841287	0.000000	0.016981	-0.344961	-0.000136	-0.000028	0.026414	886.006832	0.748943	0.748943	4	0	4	2	10	1.833333	0.000000	4	0	48	44	36	4.600208	2.841287	202.409163	0.000000	44569	22.295648	32.784392	256x256	65536	sparse	Learned	259	4	27	1978	31.919066	0.639898	28.073168	0.999434	0.722530	0.426884	6	0	0.750000	38	1894	32.173348	0.673887	0.999361	27.806111	0.395200	0.729921	4644	32.854316	0.740523	0.999733	31.783942	0.283836	0.698234	0.071256	0.160402	-0.239518	-0.034028	True	0.730185	31.679995	0.605855	28.141329	0.503415	0.349491	0.712361	28.158455	0.999460	7630
7631.png	0.675676	0.889430	0.941480	0.927484	0.955904	0.999309	27.749266	0.999399	28.066125	0.698204	0.656991	0.775636	30.650055	0.554069	2229	4	0	3	11	1.836735	0.000000	49	45	244.793939	2.910459	0.000000	0.034278	-0.055934	-0.000108	0.000017	0.035261	1141.587734	0.698204	0.698204	4	0	4	3	11	1.836735	0.000000	4	0	49	45	35	5.439865	2.910459	244.793939	0.000000	45445	20.388066	29.401525	256x256	65536	sparse	Learned	286	4	26	2139	31.071535	0.605161	27.788321	0.999382	0.662943	0.446464	7	3	0.000000	31	2134	31.298224	0.645549	0.999290	27.355162	0.524474	0.665567	4175	31.785774	0.696832	0.999676	31.200719	0.432208	0.678665	0.277803	0.210527	-0.421480	-0.051092	True	0.677531	30.653891	0.554111	28.067020	0.672085	0.521293	0.641397	27.805200	0.999417	7631
7632.png	0.539511	0.918934	0.957755	0.945741	0.970078	0.998735	28.619786	0.998775	29.005009	0.536013	0.655272	0.339745	31.567335	0.599902	2196	4	2	5	10	1.928571	0.500000	56	54	249.764502	3.469485	0.000000	0.004667	-0.089319	-0.000006	0.000077	0.013890	1391.422033	0.536013	0.536013	4	2	2	5	10	1.928571	0.500000	4	1	56	54	41	4.625269	3.469485	249.764502	0.000000	44633	20.324681	29.843352	256x256	65536	sparse	Learned	271	4	28	2172	31.840374	0.638858	28.807795	0.998699	0.522124	0.277801	11	3	0.000000	40	2086	32.202161	0.678303	0.998655	28.933007	0.313647	0.517758	3976	32.528408	0.716861	0.999258	31.627490	0.183402	0.514698	0.197214	0.377471	-0.273039	-0.038956	True	0.540125	31.571231	0.599925	29.002629	0.658702	0.223791	0.534844	28.709105	0.998741	7632
7633.png	0.583973	0.886809	0.940009	0.912434	0.969302	0.999445	27.525150	0.999552	28.090506	0.609532	0.601481	0.647778	30.533552	0.547722	2012	4	0	1	9	1.813953	0.000000	43	39	213.965512	2.658736	0.000000	-0.001569	0.183060	-0.000059	0.000080	0.002445	852.096558	0.609532	0.609532	4	0	4	1	9	1.813953	0.000000	4	0	43	39	33	5.486295	2.658736	213.965512	0.000000	45636	22.681909	32.572565	256x256	65536	sparse	Learned	259	4	23	1918	30.783971	0.587126	27.385092	0.999472	0.607087	0.349491	8	1	0.000000	30	1958	31.126207	0.631700	0.999383	26.755832	0.518091	0.586561	4649	31.867425	0.709585	0.999726	30.999681	0.254488	0.594899	0.705415	0.251990	-0.250419	-0.039404	True	0.584327	30.535935	0.547737	28.103145	0.607414	0.393469	0.585542	27.342090	0.999504	7633
7634.png	0.634852	0.891483	0.942628	0.950235	0.935142	0.999006	28.466580	0.999148	28.759322	0.670476	0.663784	0.539561	31.005954	0.564002	2156	4	0	4	12	1.851852	0.000000	54	50	255.421356	2.925951	0.000000	-0.021016	-0.074347	-0.000063	0.000050	-0.009749	1168.559551	0.670476	0.670476	4	0	4	4	12	1.851852	0.000000	4	0	54	50	38	5.108427	2.925951	255.421356	0.000000	45270	20.997217	30.397032	256x256	65536	sparse	Learned	277	4	27	2143	31.280936	0.611422	28.488008	0.999099	0.680225	0.378460	9	6	0.000000	33	2010	31.496650	0.646936	0.998956	27.967525	0.240850	0.653176	4304	32.031855	0.708333	0.999498	31.001206	0.088877	0.667065	0.271314	0.285323	-0.274982	-0.047420	True	0.635243	31.009892	0.564025	28.761449	0.683363	0.368716	0.655868	28.540927	0.999069	7634
7635.png	0.723724	0.922471	0.959672	0.957862	0.961490	0.998829	27.676607	0.998965	27.997092	0.748328	0.651808	0.717902	30.368002	0.533297	2277	4	1	3	10	1.880000	0.250000	50	47	238.480231	3.188347	0.000000	-0.003444	-0.327209	-0.000149	0.000002	0.013682	1247.379303	0.748328	0.748328	4	1	3	3	10	1.880000	0.250000	4	2	50	47	37	5.074047	3.188347	238.480231	0.000000	45839	20.131313	28.781730	256x256	65536	sparse	Learned	288	4	25	2164	30.704680	0.587203	27.956401	0.998962	0.734647	0.672412	5	11	0.000000	29	2126	30.905667	0.629611	0.998622	26.958695	0.202054	0.707192	4145	31.412611	0.681439	0.999435	30.580209	0.236884	0.702532	0.040691	-0.020605	-0.336678	-0.053905	True	0.722855	30.371452	0.533311	28.005213	0.653544	0.469181	0.727168	28.003816	0.998979	7635
7636.png	0.637199	0.877037	0.934491	0.931550	0.937451	0.999235	28.351752	0.999391	28.707433	0.667624	0.655272	0.775184	31.187857	0.578158	2049	4	0	6	14	1.843137	0.000000	51	47	251.249783	2.642923	0.000000	-0.012478	0.205516	-0.000125	0.000029	-0.005816	932.380199	0.667624	0.667624	4	0	4	6	14	1.843137	0.000000	4	0	51	47	31	5.345740	2.642923	251.249783	0.000000	45075	21.998536	31.984383	256x256	65536	sparse	Learned	255	4	26	2001	31.484705	0.618114	28.170105	0.999362	0.673440	0.481423	6	2	0.000000	33	1854	31.676482	0.650921	0.999267	27.811430	0.382762	0.629292	4362	32.304898	0.718209	0.999660	31.558319	0.330796	0.656956	0.537328	0.173849	-0.296848	-0.039955	True	0.637907	31.189955	0.578170	28.703896	0.662098	0.513248	0.649677	28.146236	0.999360	7636
7637.png	0.458215	0.897306	0.945874	0.943920	0.947836	0.998369	28.343858	0.998516	28.607691	0.477312	0.541594	0.449767	31.014594	0.567224	2184	5	0	1	11	1.791667	0.000000	48	43	219.409163	3.508503	0.000000	-0.018588	-0.061861	-0.000129	0.000049	-0.017609	1384.927273	0.477312	0.477312	5	0	5	1	11	1.791667	0.000000	5	0	48	43	36	5.102539	3.508503	219.409163	0.000000	45305	20.744048	30.007326	256x256	65536	sparse	Learned	280	5	26	2110	31.208332	0.608101	28.377137	0.998467	0.494921	0.275170	11	3	0.000000	33	2036	31.531020	0.649772	0.998319	28.117646	0.257834	0.469723	4289	32.033528	0.706348	0.999228	31.245513	0.143870	0.499435	0.230554	0.266424	-0.193738	-0.040877	True	0.459306	31.019557	0.567240	28.605294	0.585217	0.263212	0.476803	28.405719	0.998498	7637
7638.png	0.672192	0.900249	0.947507	0.956925	0.938272	0.999139	27.397614	0.999340	28.032090	0.692211	0.586873	0.674039	30.047333	0.520568	2270	5	1	1	9	1.843137	0.200000	51	47	252.622366	3.020417	0.000000	-0.007831	-0.230490	-0.000178	0.000013	0.015927	852.104187	0.692211	0.692211	5	1	4	1	9	1.843137	0.200000	5	1	51	47	41	5.374944	3.020417	252.622366	0.000000	46015	20.270925	28.870485	256x256	65536	sparse	Learned	300	5	24	2166	30.410279	0.577728	27.649249	0.999327	0.676284	0.377832	11	4	0.000000	28	2226	30.692921	0.626246	0.999191	27.102386	0.322943	0.621622	4094	31.159561	0.673009	0.999562	29.953411	0.177679	0.649914	0.382841	0.209041	-0.362946	-0.057159	True	0.672393	30.049011	0.520581	28.027032	0.609372	0.410741	0.680023	27.628104	0.999317	7638
7639.png	0.709390	0.936456	0.967186	0.956419	0.978198	0.998111	28.461437	0.998134	28.665022	0.722641	0.698806	1.056724	31.147071	0.592168	2541	4	0	1	9	1.857143	0.000000	56	52	278.663997	3.641111	0.000000	-0.009092	-0.366102	-0.000153	-0.000084	-0.007254	1569.058418	0.722641	0.722641	4	0	4	1	9	1.857143	0.000000	4	0	56	52	46	5.358923	3.641111	278.663997	0.000000	44890	17.666273	25.791421	256x256	65536	sparse	Learned	308	4	31	2528	31.731356	0.646339	28.852375	0.998218	0.729894	0.776870	6	21	0.000000	41	2330	31.990271	0.681723	0.998051	28.638707	0.365099	0.717868	3618	32.098561	0.696101	0.998871	30.886221	0.293236	0.696921	-0.187353	-0.078064	-0.584286	-0.054170	True	0.708185	31.149686	0.592187	28.662575	0.710616	0.750925	0.718482	28.827539	0.998264	7639
7640.png	0.676179	0.863527	0.926766	0.890411	0.966216	0.999650	27.222610	0.999643	27.194813	0.709794	0.477954	0.623901	31.279269	0.577947	1714	4	0	1	9	1.741935	0.000000	31	27	149.195959	2.569460	0.000000	-0.030654	0.589280	-0.000017	0.000029	-0.032024	932.225227	0.709794	0.709794	4	0	4	1	9	1.741935	0.000000	4	0	31	27	21	5.525776	2.569460	149.195959	0.000000	45086	26.304551	38.235706	256x256	65536	sparse	Learned	218	4	23	1709	31.379555	0.603936	26.549170	0.999614	0.741818	0.325196	6	1	0.250000	32	1590	31.612425	0.636605	0.999635	26.924122	0.383687	0.686061	5494	32.749652	0.750651	0.999878	32.551584	0.421895	0.695388	0.645643	0.152758	-0.100286	-0.025989	True	0.675743	31.282025	0.577982	27.193712	0.488291	0.304645	0.706832	26.633330	0.999667	7640
7641.png	0.680356	0.871711	0.931459	0.918863	0.944405	0.999084	27.405843	0.999239	27.999824	0.671582	0.583555	0.592804	30.952543	0.570284	2175	5	1	6	14	1.854545	0.200000	55	51	243.580736	2.857816	0.000000	0.026808	-0.568162	-0.000214	-0.000018	0.033043	1039.690971	0.671582	0.671582	5	1	4	6	14	1.854545	0.200000	5	1	55	51	35	4.776093	2.857816	243.580736	0.000000	45261	20.809655	30.131494	256x256	65536	sparse	Learned	268	5	26	2127	31.246191	0.612151	28.023359	0.999257	0.638539	0.413912	7	2	0.300000	35	2146	31.607951	0.660625	0.999193	27.807819	0.362372	0.640585	4232	32.062422	0.706350	0.999594	31.148519	0.257327	0.631412	-0.023535	0.169642	-0.293648	-0.041867	True	0.680822	30.954976	0.570305	28.005384	0.578527	0.342953	0.653548	27.974004	0.999299	7641
7642.png	0.738698	0.915741	0.956017	0.938330	0.974384	0.999490	27.569506	0.999527	27.917412	0.745552	0.527633	0.923622	30.154517	0.516987	1852	4	0	3	11	1.794872	0.000000	39	35	166.296465	2.885912	0.000000	0.006507	0.216551	-0.000015	0.000055	0.018679	1070.759535	0.745552	0.745552	4	0	4	3	11	1.794872	0.000000	4	0	39	35	25	4.751328	2.885912	166.296465	0.000000	46029	24.853672	35.386609	256x256	65536	sparse	Learned	233	4	21	1831	30.266391	0.555476	27.364337	0.999472	0.726872	0.470947	6	5	0.000000	27	1784	30.637984	0.602591	0.999391	26.800083	0.316139	0.704287	5121	31.598836	0.714221	0.999750	30.997317	0.351263	0.716768	0.553075	0.056686	-0.111874	-0.038489	True	0.739602	30.159457	0.517017	27.920253	0.566126	0.522886	0.732191	27.352955	0.999505	7642
7643.png	0.671875	0.884984	0.938983	0.922309	0.956272	0.999601	27.376634	0.999648	27.801076	0.694352	0.559568	0.623652	30.309512	0.521372	1835	4	0	1	9	1.809524	0.000000	42	38	186.509668	2.382397	0.000000	0.026849	-0.077312	-0.000036	0.000026	0.031489	873.649120	0.694352	0.694352	4	0	4	1	9	1.809524	0.000000	4	0	42	38	32	4.908149	2.382397	186.509668	0.000000	45951	25.041417	35.714441	256x256	65536	sparse	Learned	253	4	21	1722	30.434272	0.557189	27.554024	0.999622	0.662863	0.428791	5	0	0.875000	26	1644	30.694513	0.597401	0.999524	26.655911	0.490844	0.651546	5081	31.656548	0.714434	0.999817	31.002588	0.346697	0.684703	0.247052	0.130777	-0.124760	-0.035817	True	0.671875	30.312205	0.521402	27.799244	0.581048	0.362372	0.645026	27.453946	0.999637	7643
7644.png	0.606109	0.921667	0.959237	0.960625	0.957852	0.998669	27.798556	0.998826	28.094693	0.616424	0.641204	0.571447	30.205568	0.526310	2274	4	0	4	12	1.833333	0.000000	48	44	239.107648	3.510563	0.000000	-0.037674	0.100649	-0.000052	0.000111	-0.034474	1440.261126	0.616424	0.616424	4	0	4	4	12	1.833333	0.000000	4	0	48	44	32	5.434265	3.510563	239.107648	0.000000	45945	20.204485	28.819701	256x256	65536	sparse	Learned	273	4	24	2096	30.526980	0.577582	27.660074	0.998714	0.650897	0.425667	11	7	0.000000	31	2212	30.814298	0.630034	0.998567	27.349692	0.362951	0.605307	4103	31.238756	0.673157	0.999285	30.436243	0.263881	0.632664	0.434619	0.215537	-0.321412	-0.051272	True	0.607181	30.208969	0.526322	28.094261	0.662098	0.378354	0.643784	27.697907	0.998721	7644
7645.png	0.797980	0.904828	0.950036	0.947977	0.952104	0.999261	26.293051	0.999430	26.991455	0.810555	0.686514	0.980581	30.737009	0.571058	2414	4	2	6	11	1.933333	0.500000	60	58	264.208153	2.706899	0.000000	0.018362	-0.645165	-0.000196	-0.000027	0.036157	975.579023	0.810555	0.810555	4	2	2	6	11	1.933333	0.500000	4	1	60	58	43	4.555313	2.706899	264.208153	0.000000	45554	18.870754	27.148302	256x256	65536	sparse	Learned	286	4	28	2367	31.247343	0.622590	26.962405	0.999457	0.774398	0.627679	5	4	0.000000	36	2352	31.535681	0.667421	0.999427	27.105634	0.667129	0.771300	3939	31.841217	0.689549	0.999763	30.931841	0.586597	0.764557	0.029051	0.058834	-0.510333	-0.051531	True	0.797844	30.739676	0.571096	26.993023	0.703290	0.689633	0.779618	26.938216	0.999457	7645
7646.png	0.721636	0.880469	0.936436	0.914714	0.959214	0.998964	27.684831	0.999066	28.217528	0.743536	0.834701	0.684568	30.479951	0.558644	2929	4	4	11	12	2.000000	1.000000	82	82	416.161472	2.889644	0.000000	-0.014697	-0.312817	-0.000170	0.000010	-0.000688	1242.527723	0.743536	0.743536	4	4	0	11	12	2.000000	1.000000	4	4	82	82	59	5.075140	2.889644	416.161472	0.000000	45672	15.593035	22.374872	256x256	65536	sparse	Learned	364	4	31	2868	31.109171	0.631332	28.090250	0.999056	0.744224	0.502511	11	10	0.000000	38	2788	31.381210	0.679859	0.998974	27.746170	0.565691	0.731917	3080	31.308190	0.648589	0.999315	29.356351	0.545247	0.743897	0.127277	0.332190	-0.629220	-0.072688	True	0.723350	30.484101	0.558659	28.201661	0.835526	0.571974	0.736333	27.997648	0.999133	7646
7647.png	0.644041	0.848694	0.918155	0.934856	0.902041	0.999291	27.452912	0.999432	27.753273	0.697171	0.543424	0.678150	31.069777	0.576473	2138	5	0	1	11	1.803922	0.000000	51	46	226.622366	2.612380	0.000000	-0.001868	-0.434777	-0.000129	-0.000042	0.039179	895.592451	0.697171	0.697171	5	0	5	1	11	1.803922	0.000000	5	0	51	46	39	4.926573	2.612380	226.622366	0.000000	45181	21.132367	30.652947	256x256	65536	sparse	Learned	281	5	26	2004	31.424375	0.616267	27.836622	0.999474	0.657993	0.413912	7	1	0.300000	35	2034	31.633044	0.658015	0.999382	27.445712	0.419191	0.628724	4103	32.136375	0.705956	0.999729	31.224196	0.322943	0.659864	-0.083349	0.129512	-0.354598	-0.039794	True	0.645620	31.071216	0.576505	27.755851	0.580210	0.393469	0.645909	27.887690	0.999420	7647
7648.png	0.632484	0.840384	0.913270	0.914110	0.912431	0.998883	27.740149	0.999050	28.113939	0.663241	0.573439	0.539350	30.163576	0.521760	2276	5	0	3	13	1.807692	0.000000	52	47	234.923882	3.208664	0.000000	-0.021886	-0.006081	-0.000061	0.000082	-0.012248	1515.459538	0.663241	0.663241	5	0	5	3	13	1.807692	0.000000	5	0	52	47	36	4.998380	3.208664	234.923882	0.000000	46062	20.238137	28.794376	256x256	65536	sparse	Learned	282	5	24	2155	30.429626	0.576979	27.705701	0.998968	0.675489	0.350082	11	3	0.000000	28	2222	30.687543	0.624024	0.998790	27.017601	0.333023	0.633714	4137	31.196793	0.674211	0.999402	30.207102	0.278676	0.655728	0.408238	0.223357	-0.266050	-0.055218	True	0.632484	30.167449	0.521776	28.117408	0.596670	0.321814	0.654370	27.746230	0.998944	7648
7649.png	0.660557	0.904867	0.950058	0.942396	0.957845	0.999285	27.153360	0.999292	27.398323	0.669832	0.633955	0.829999	30.186513	0.521232	2128	4	0	2	10	1.836735	0.000000	49	45	223.509668	2.886757	0.000000	-0.034845	0.187757	-0.000005	0.000073	-0.032098	1200.426340	0.669832	0.669832	4	0	4	2	10	1.836735	0.000000	4	0	49	45	37	4.966882	2.886757	223.509668	0.000000	46092	21.659774	30.796992	256x256	65536	sparse	Learned	288	4	23	2008	30.397211	0.569885	27.005634	0.999219	0.701930	0.544640	6	7	0.000000	29	2124	30.707487	0.620765	0.999082	26.755279	0.466647	0.665462	4403	31.286992	0.683195	0.999614	30.379864	0.366609	0.686773	0.392689	0.089316	-0.210698	-0.048653	True	0.660806	30.191015	0.521256	27.414322	0.637598	0.529205	0.695402	26.965602	0.999289	7649
7650.png	0.805337	0.914387	0.955279	0.941390	0.969584	0.998457	28.437106	0.998394	28.611681	0.812716	0.630646	0.991397	31.156066	0.587856	2579	5	0	3	13	1.830508	0.000000	59	54	287.492424	3.604857	0.000000	-0.004023	0.038316	-0.000037	0.000063	0.002306	1694.061279	0.812716	0.812716	5	0	5	3	13	1.830508	0.000000	5	0	59	54	43	5.323934	3.604857	287.492424	0.000000	45140	17.502908	25.411400	256x256	65536	sparse	Learned	303	5	30	2554	31.524393	0.640761	28.400575	0.998331	0.810410	0.488860	9	6	0.000000	40	2414	31.840134	0.679891	0.998398	28.565681	0.470947	0.788136	3559	31.950661	0.687124	0.998936	30.412763	0.527204	0.797021	0.211106	0.141786	-0.368327	-0.052905	True	0.805774	31.156040	0.587871	28.611085	0.652156	0.646545	0.809360	28.398790	0.998494	7650
7651.png	0.495395	0.900455	0.947621	0.955801	0.939579	0.998777	27.940603	0.998980	28.484699	0.504685	0.568289	0.468525	30.829944	0.554140	2023	4	1	3	9	1.853659	0.250000	41	38	196.894444	3.523173	0.000000	-0.018313	-0.063461	-0.000077	0.000107	-0.020581	1348.403692	0.504685	0.504685	4	1	3	3	9	1.853659	0.250000	4	1	41	38	29	5.181433	3.523173	196.894444	0.000000	45398	22.440929	32.395452	256x256	65536	sparse	Learned	241	4	24	1981	30.984111	0.593457	27.964019	0.998874	0.525266	0.219900	12	1	0.000000	32	1994	31.284677	0.638694	0.998640	27.418597	0.347319	0.491006	4475	31.919687	0.707630	0.999411	31.021943	0.237207	0.521248	0.520680	0.348389	-0.154166	-0.039317	True	0.496379	30.831245	0.554153	28.481903	0.581048	0.272236	0.513708	28.004063	0.998854	7651
7652.png	0.574854	0.887948	0.940649	0.944560	0.936770	0.998779	28.009933	0.999019	28.485474	0.616310	0.603469	0.739956	30.224007	0.523458	2110	4	0	1	9	1.822222	0.000000	45	41	217.450793	3.247980	0.000000	0.016066	-0.001782	-0.000055	0.000108	0.031713	1419.297457	0.616310	0.616310	4	0	4	1	9	1.822222	0.000000	4	0	45	41	35	5.303678	3.247980	217.450793	0.000000	45955	21.779621	31.059716	256x256	65536	sparse	Learned	271	4	24	2053	30.550383	0.576235	27.993703	0.998911	0.584597	0.421124	9	8	0.000000	29	2070	30.766440	0.622314	0.998772	27.369268	0.402072	0.555899	4416	31.374689	0.690641	0.999348	30.463337	0.196864	0.578248	0.491770	0.182345	-0.326375	-0.052777	True	0.573930	30.226988	0.523474	28.485251	0.641204	0.474462	0.558789	28.011715	0.998834	7652
7653.png	0.579944	0.884593	0.938763	0.958730	0.919610	0.998814	27.687385	0.999172	28.464849	0.619298	0.651808	0.464155	30.068234	0.517272	2147	4	0	1	9	1.846154	0.000000	52	48	238.480231	3.224951	0.000000	-0.063416	-0.299974	-0.000211	0.000086	-0.027009	1113.309145	0.619298	0.619298	4	0	4	1	9	1.846154	0.000000	4	0	52	48	42	4.968338	3.224951	238.480231	0.000000	45998	21.424313	30.524453	256x256	65536	sparse	Learned	284	4	24	2119	30.434171	0.574073	27.953397	0.999085	0.646308	0.410217	10	5	0.000000	28	1926	30.634770	0.610813	0.998907	27.232829	0.196839	0.621971	4271	31.277705	0.682125	0.999444	30.621632	0.126435	0.612661	0.511452	0.241591	-0.365937	-0.056801	True	0.590682	30.073804	0.517304	28.478601	0.673720	0.312711	0.643360	27.987358	0.999024	7653
7654.png	0.575163	0.868869	0.929834	0.880325	0.985244	0.999523	28.511752	0.999447	28.495534	0.563508	0.529989	0.364104	31.440953	0.585758	1781	4	0	2	10	1.789474	0.000000	38	34	169.367532	2.696523	0.000000	0.005661	0.468931	-0.000001	0.000015	0.003238	1040.981770	0.563508	0.563508	4	0	4	2	10	1.789474	0.000000	4	0	38	34	26	4.981398	2.696523	169.367532	0.000000	44844	25.179113	36.797305	256x256	65536	sparse	Learned	235	4	25	1775	31.695857	0.616735	28.097064	0.999432	0.560270	0.182905	10	0	0.250000	34	1614	31.856003	0.648421	0.999319	27.596668	0.240428	0.550682	5316	32.859727	0.750906	0.999732	32.121781	0.172404	0.555985	0.398470	0.347084	-0.254903	-0.030978	True	0.575163	31.444673	0.585771	28.502759	0.527633	0.192113	0.569502	28.042821	0.999524	7654
7655.png	0.720588	0.916978	0.956691	0.954369	0.959024	0.998133	29.075606	0.998201	29.238404	0.733949	0.675348	1.081725	31.581256	0.598397	2293	4	1	4	10	1.890909	0.250000	55	52	261.350288	3.854830	0.000000	-0.002078	-0.006459	-0.000046	0.000055	0.003762	1557.421207	0.733949	0.733949	4	1	3	4	10	1.890909	0.250000	4	1	55	52	41	5.025967	3.854830	261.350288	0.000000	44696	19.492368	28.580898	256x256	65536	sparse	Learned	289	4	29	2271	31.788523	0.640258	29.067165	0.998146	0.730187	0.731078	6	13	0.000000	40	2100	32.120203	0.675840	0.997940	28.879260	0.195008	0.748062	4017	32.468110	0.717332	0.998932	31.534226	0.079720	0.696846	0.171239	-0.055730	-0.207267	-0.041861	True	0.719339	31.583805	0.598381	29.241091	0.710616	0.768691	0.722667	29.082065	0.998179	7655
7656.png	0.584924	0.835432	0.910338	0.879735	0.943147	0.999473	27.802524	0.999533	28.166922	0.612663	0.599483	0.350421	30.985935	0.563344	1989	4	0	2	10	1.813953	0.000000	43	39	208.823376	2.579261	0.000000	-0.040418	0.013871	-0.000063	0.000006	-0.050117	917.329073	0.612663	0.612663	4	0	4	2	10	1.813953	0.000000	4	0	43	39	31	5.354446	2.579261	208.823376	0.000000	45358	22.804424	32.949221	256x256	65536	sparse	Learned	255	4	25	1972	31.200721	0.603038	27.864148	0.999527	0.662780	0.381217	7	1	0.125000	32	1962	31.483727	0.645103	0.999397	27.066776	0.459359	0.545455	4638	32.135271	0.717076	0.999737	31.070046	0.219640	0.623540	0.302774	0.218267	-0.214786	-0.039694	True	0.583413	30.988193	0.563356	28.171207	0.605446	0.212161	0.625342	27.788653	0.999536	7656
7657.png	0.575923	0.891534	0.942657	0.920137	0.966308	0.999292	27.825823	0.999333	28.216609	0.576361	0.695779	0.418705	30.431853	0.538667	2344	4	0	2	10	1.862069	0.000000	58	54	276.249783	2.700586	0.000000	0.003833	-0.089442	-0.000089	0.000039	0.020735	996.419907	0.576361	0.576361	4	0	4	2	10	1.862069	0.000000	4	0	58	54	46	5.115737	2.700586	276.249783	0.000000	45769	19.526024	27.959044	256x256	65536	sparse	Learned	302	4	26	2275	30.777103	0.595661	27.900570	0.999294	0.555626	0.284662	12	2	0.000000	32	2302	31.039397	0.641630	0.999187	27.497995	0.386693	0.578016	3847	31.366379	0.670955	0.999530	30.269300	0.218599	0.549233	0.316040	0.411117	-0.345251	-0.056994	True	0.576607	30.435662	0.538685	28.212688	0.637960	0.267117	0.572090	27.915265	0.999381	7657
7658.png	0.556278	0.880155	0.936258	0.918011	0.955245	0.998798	28.101589	0.998878	28.216518	0.575563	0.609372	0.634379	30.316904	0.526902	2040	4	0	4	12	1.840000	0.000000	50	46	210.509668	3.594292	0.000000	0.006343	0.455801	0.000036	0.000092	0.003308	1393.467903	0.575563	0.575563	4	0	4	4	12	1.840000	0.000000	4	0	50	46	34	4.576297	3.594292	210.509668	0.000000	45909	22.504412	32.125490	256x256	65536	sparse	Learned	248	4	23	1951	30.559370	0.572504	27.682494	0.998786	0.572254	0.361663	9	3	0.000000	28	2034	30.829115	0.619556	0.998636	27.242753	0.360776	0.572970	4585	31.526489	0.697730	0.999341	30.726858	0.225695	0.562179	0.534024	0.247709	-0.242466	-0.045601	True	0.556278	30.319817	0.526923	28.215627	0.632121	0.401004	0.549935	27.645788	0.998762	7658
7659.png	0.466570	0.892396	0.943139	0.934870	0.951555	0.998543	28.540758	0.998592	28.895256	0.468571	0.646545	0.350488	30.477885	0.542033	2437	5	1	7	15	1.880597	0.200000	67	63	297.835570	3.240798	0.000000	-0.006727	-0.196763	-0.000196	-0.000018	-0.011721	1323.499680	0.468571	0.468571	5	1	4	7	15	1.880597	0.200000	5	1	67	63	45	4.727549	3.240798	297.835570	0.000000	45633	18.725072	26.892080	256x256	65536	sparse	Learned	296	5	27	2370	30.888970	0.602052	28.747707	0.998610	0.480292	0.264717	16	5	0.000000	32	2418	31.122254	0.648374	0.998306	27.966814	0.182991	0.421792	3786	31.427488	0.672558	0.998952	30.354553	0.142156	0.482625	0.147549	0.381828	-0.411085	-0.060019	True	0.465865	30.479037	0.542053	28.894441	0.685257	0.240175	0.473297	28.737521	0.998739	7659
7660.png	0.599099	0.861977	0.925873	0.921905	0.929875	0.999325	27.172165	0.999452	27.679624	0.614480	0.615188	0.329801	30.867046	0.564671	1921	4	0	2	10	1.813953	0.000000	43	39	211.852814	2.430716	0.000000	0.018707	-0.585944	-0.000154	-0.000014	0.028273	881.031752	0.614480	0.614480	4	0	4	2	10	1.813953	0.000000	4	0	43	39	31	5.432123	2.430716	211.852814	0.000000	45223	23.541385	34.115565	256x256	65536	sparse	Learned	272	4	25	1905	31.311650	0.605068	27.728926	0.999466	0.586207	0.307883	10	1	0.000000	32	1800	31.484308	0.638810	0.999391	27.431516	0.270941	0.559934	4925	32.300510	0.730477	0.999734	31.416959	0.195627	0.565600	-0.049302	0.307305	-0.444604	-0.040397	True	0.600901	30.870001	0.564684	27.681663	0.642993	0.212060	0.580392	27.758108	0.999479	7660
7661.png	0.738978	0.914136	0.955142	0.946855	0.963576	0.998957	27.661551	0.999075	28.059250	0.752376	0.630646	0.845712	30.492801	0.555750	2560	5	0	2	12	1.836066	0.000000	61	56	284.178716	3.127908	0.000000	-0.003065	-0.428413	-0.000179	-0.000031	0.009209	1298.782587	0.752376	0.752376	5	0	5	2	12	1.836066	0.000000	5	0	61	56	47	5.074620	3.127908	284.178716	0.000000	45624	17.821875	25.600000	256x256	65536	sparse	Learned	308	5	28	2544	30.991076	0.618034	28.121628	0.999106	0.743167	0.593430	7	5	0.000000	33	2442	31.210264	0.661978	0.998874	27.457791	0.509992	0.723055	3655	31.442393	0.669322	0.999257	29.883399	0.497420	0.739648	-0.062378	0.037216	-0.498276	-0.062283	True	0.739479	30.495953	0.555780	28.061424	0.659043	0.557361	0.742043	28.089964	0.999136	7661
7662.png	0.705414	0.893833	0.943941	0.932410	0.955760	0.999207	27.210347	0.999332	27.732347	0.719715	0.491352	0.766850	30.938290	0.568800	2009	5	0	0	10	1.767442	0.000000	43	38	188.852814	2.907482	0.000000	0.006835	-0.164987	-0.000110	0.000023	0.011474	1128.634691	0.719715	0.719715	5	0	5	0	10	1.767442	0.000000	5	0	43	38	33	4.969811	2.907482	188.852814	0.000000	45292	22.544550	32.621205	256x256	65536	sparse	Learned	249	5	25	1927	31.284868	0.605456	27.448975	0.999310	0.708241	0.407176	7	4	0.000000	33	1838	31.482797	0.643147	0.999235	27.063016	0.362372	0.677661	4696	32.189320	0.720411	0.999708	31.399754	0.281076	0.695685	0.283372	0.084177	-0.346578	-0.036656	True	0.705414	30.940580	0.568829	27.737436	0.539757	0.413912	0.698579	27.375334	0.999317	7662
7663.png	0.611884	0.896774	0.945578	0.919312	0.973389	0.998640	28.625883	0.998555	28.844411	0.625257	0.728556	0.599924	30.406708	0.541882	2765	5	1	6	14	1.898734	0.200000	79	75	380.404112	3.022131	0.000000	-0.006677	-0.042527	-0.000108	-0.000007	-0.006909	1276.726484	0.625257	0.625257	5	1	4	6	14	1.898734	0.200000	5	1	79	75	59	5.072055	3.022131	380.404112	0.000000	45763	16.550814	23.701989	256x256	65536	sparse	Learned	347	5	29	2622	30.878384	0.611250	28.694101	0.998562	0.632166	0.491039	13	7	0.000000	33	2540	31.071814	0.654502	0.998202	27.805565	0.064839	0.582386	3181	31.120025	0.644562	0.998830	29.540252	0.121695	0.624343	0.150310	0.237517	-0.471676	-0.069368	True	0.610526	30.410294	0.541900	28.848272	0.730719	0.438376	0.618561	28.668410	0.998747	7663
7664.png	0.634438	0.909586	0.952653	0.939258	0.966435	0.998439	28.585520	0.998432	28.891518	0.657096	0.688077	0.521485	30.748741	0.550862	2282	4	0	3	11	1.854545	0.000000	55	51	267.936075	3.382115	0.000000	0.012685	-0.155120	-0.000078	0.000044	0.019805	1538.226128	0.657096	0.657096	4	0	4	3	11	1.854545	0.000000	4	0	55	51	41	5.253649	3.382115	267.936075	0.000000	45461	19.921560	28.718668	256x256	65536	sparse	Learned	292	4	26	2236	31.005291	0.603019	28.776003	0.998388	0.637292	0.499426	10	12	0.000000	31	2182	31.250927	0.644150	0.997988	27.839181	0.123211	0.517479	4138	31.714604	0.694709	0.999008	31.005386	0.040806	0.558543	0.115515	0.188651	-0.256550	-0.052156	True	0.631722	30.752715	0.550895	28.896309	0.689633	0.359633	0.621753	28.740641	0.998517	7664
7665.png	0.728612	0.920198	0.958441	0.938085	0.979699	0.999119	28.466111	0.999079	28.598546	0.743094	0.622808	0.804607	30.839509	0.554949	2120	4	0	1	9	1.826087	0.000000	46	42	224.551299	3.000366	0.000000	0.003108	0.134383	-0.000024	0.000037	-0.002095	1291.013718	0.743094	0.743094	4	0	4	1	9	1.826087	0.000000	4	0	46	42	36	5.346459	3.000366	224.551299	0.000000	45399	21.414623	30.913208	256x256	65536	sparse	Learned	274	4	25	2056	31.050571	0.599399	28.300444	0.999041	0.745189	0.516885	8	12	0.000000	33	2024	31.303623	0.641860	0.998834	27.597391	0.266553	0.732589	4102	31.790102	0.694944	0.999391	30.722120	0.123340	0.712732	0.298102	0.105923	-0.211062	-0.044450	True	0.728101	30.843472	0.554991	28.604314	0.630277	0.507125	0.725503	28.331727	0.999143	7665
7666.png	0.720752	0.884695	0.938820	0.943631	0.934058	0.999160	26.440709	0.999404	27.091956	0.712195	0.632121	0.414719	30.091126	0.528997	2236	4	0	3	11	1.840000	0.000000	50	46	232.865007	2.913056	0.000000	0.030037	-0.423511	-0.000181	0.000006	0.026032	1075.303793	0.712195	0.712195	4	0	4	3	11	1.840000	0.000000	4	0	50	46	36	5.062283	2.913056	232.865007	0.000000	46090	20.612701	29.309481	256x256	65536	sparse	Learned	272	4	24	2154	30.511604	0.583388	26.839517	0.999398	0.686164	0.402831	9	2	0.000000	31	2228	30.827037	0.633619	0.999342	26.643215	0.246229	0.664512	4147	31.273792	0.673604	0.999682	30.075367	0.298017	0.680077	0.252439	0.229289	-0.420478	-0.054391	True	0.719359	30.089916	0.528979	27.083231	0.615188	0.255130	0.690715	26.864220	0.999341	7666
7667.png	0.677760	0.896361	0.945348	0.934048	0.956926	0.999339	27.175631	0.999459	27.565945	0.676800	0.545247	0.781386	30.457001	0.544066	2119	5	0	0	10	1.795918	0.000000	49	44	223.480231	2.658723	0.000000	0.014986	-0.392854	-0.000152	-0.000011	0.019472	883.747101	0.676800	0.676800	5	0	5	0	10	1.795918	0.000000	5	0	49	44	39	5.079096	2.658723	223.480231	0.000000	45640	21.538462	30.927796	256x256	65536	sparse	Learned	277	5	25	2100	30.863193	0.595024	27.587648	0.999470	0.657328	0.281730	11	1	0.000000	31	2116	31.105853	0.639067	0.999406	27.247120	0.368716	0.635581	4346	31.695429	0.697169	0.999727	30.851049	0.217109	0.664971	-0.021703	0.263517	-0.406192	-0.050958	True	0.677760	30.456501	0.544068	27.556796	0.556031	0.434475	0.662774	27.568485	0.999491	7667
7668.png	0.724587	0.907937	0.951747	0.962963	0.940789	0.998683	27.427983	0.998908	27.867613	0.750446	0.781288	0.758614	30.393484	0.548111	2733	4	3	11	13	1.971831	0.750000	71	70	352.705627	3.185611	0.000000	-0.038582	-0.276000	-0.000126	0.000042	-0.016849	1427.248240	0.750446	0.750446	4	3	1	11	13	1.971831	0.750000	4	3	71	70	47	5.038652	3.185611	352.705627	0.000000	45853	16.777534	23.979510	256x256	65536	sparse	Learned	313	4	29	2682	30.872202	0.616411	27.676990	0.998866	0.767296	0.539296	8	7	0.000000	34	2624	31.111488	0.663879	0.998717	27.200851	0.544640	0.737999	3357	31.166639	0.649268	0.999201	29.141595	0.530250	0.757862	0.190623	0.241992	-0.478718	-0.068300	True	0.732729	30.395528	0.548138	27.865962	0.776870	0.589344	0.763170	27.703983	0.998809	7668
7669.png	0.584685	0.851635	0.919873	0.888889	0.953096	0.999531	27.645138	0.999526	27.800143	0.585492	0.628423	0.563799	30.682309	0.545537	2085	4	1	5	11	1.877551	0.250000	49	46	220.681241	2.653763	0.000000	0.003815	0.360131	-0.000012	0.000062	0.001044	973.692417	0.585492	0.585492	4	1	3	5	11	1.877551	0.250000	4	1	49	46	33	4.797418	2.653763	220.681241	0.000000	45651	21.894964	31.432134	256x256	65536	sparse	Learned	262	4	24	1992	30.862293	0.588578	27.213103	0.999464	0.584448	0.345140	6	0	0.250000	30	1852	31.066886	0.624670	0.999363	26.712015	0.358107	0.570101	4310	31.701009	0.694947	0.999752	31.143992	0.273851	0.600498	0.587039	0.283284	-0.179984	-0.043041	True	0.583633	30.683723	0.545558	27.800622	0.539757	0.304314	0.580870	27.285007	0.999543	7669
7670.png	0.623331	0.849432	0.918587	0.917178	0.920000	0.999354	27.595495	0.999487	27.991996	0.680465	0.706242	0.703214	30.114973	0.523659	2289	4	1	5	11	1.904762	0.250000	63	60	286.735065	2.417394	0.000000	0.006134	0.164871	-0.000099	0.000064	0.031308	923.378229	0.680465	0.680465	4	1	3	5	11	1.904762	0.250000	4	1	63	60	47	4.778918	2.417394	286.735065	0.000000	45997	20.094801	28.630843	256x256	65536	sparse	Learned	297	4	24	2081	30.520347	0.577313	27.328291	0.999423	0.649157	0.452559	8	3	0.000000	29	2210	30.782360	0.628009	0.999379	27.020932	0.572585	0.641634	4016	31.219679	0.672499	0.999667	30.135178	0.243559	0.623461	0.663705	0.253684	-0.405374	-0.053654	True	0.624736	30.122004	0.523709	27.998427	0.720569	0.506714	0.617197	27.430624	0.999453	7670
7671.png	0.642897	0.878530	0.935337	0.902079	0.971143	0.998968	28.244305	0.998989	28.608917	0.631607	0.649362	0.480913	30.830943	0.562112	2406	5	0	2	12	1.846154	0.000000	65	60	300.906638	2.985290	0.000000	0.021964	-0.136568	-0.000093	0.000021	0.028008	1070.510864	0.631607	0.631607	5	0	5	2	12	1.846154	0.000000	5	0	65	60	51	5.015111	2.985290	300.906638	0.000000	45365	18.854946	27.238570	256x256	65536	sparse	Learned	312	5	27	2280	31.160428	0.614172	28.484721	0.998968	0.603599	0.285173	14	3	0.000000	34	2226	31.412750	0.655569	0.998796	27.877992	0.259182	0.597848	3815	31.718947	0.684001	0.999358	30.693528	0.185081	0.612152	0.124195	0.364189	-0.329485	-0.052060	True	0.646067	30.834878	0.562122	28.612565	0.586597	0.282103	0.620933	28.380872	0.999061	7671
7672.png	0.708163	0.893894	0.943975	0.936059	0.952026	0.999418	27.846311	0.999480	28.105526	0.729785	0.513248	0.923272	31.580413	0.595608	1728	4	0	1	9	1.783784	0.000000	37	33	163.610173	2.789450	0.000000	0.000256	-0.196268	-0.000107	-0.000020	0.016557	995.246887	0.729785	0.729785	4	0	4	1	9	1.783784	0.000000	4	0	37	33	27	4.957884	2.789450	163.610173	0.000000	44671	25.851273	37.925926	256x256	65536	sparse	Learned	232	4	24	1646	31.750545	0.619701	28.024453	0.999500	0.713228	0.536987	4	0	1.000000	35	1720	32.041456	0.660948	0.999447	27.691047	0.407458	0.706387	5301	33.063338	0.756775	0.999826	32.874245	0.396159	0.682482	0.081073	-0.023739	-0.170131	-0.024093	True	0.707143	31.582928	0.595622	28.117480	0.520495	0.480558	0.707907	28.042578	0.999525	7672
7673.png	0.533078	0.866236	0.928324	0.900288	0.958163	0.999323	27.645437	0.999343	28.225300	0.554724	0.467408	0.393513	30.509555	0.531931	1701	4	0	1	9	1.741935	0.000000	31	27	141.053824	3.334366	0.000000	0.014659	0.336330	0.000022	0.000154	0.014302	1125.651121	0.554724	0.554724	4	0	4	1	9	1.741935	0.000000	4	0	31	27	21	5.224216	3.334366	141.053824	0.000000	45690	26.860670	38.527925	256x256	65536	sparse	Learned	218	4	20	1654	30.518437	0.558380	27.400390	0.999189	0.540422	0.316139	6	2	0.000000	29	1668	30.914482	0.609943	0.999099	26.844649	0.299994	0.528685	5207	31.925031	0.724915	0.999640	31.231308	0.222311	0.544651	0.824910	0.151270	-0.008882	-0.026449	True	0.533078	30.514648	0.531952	28.228751	0.518091	0.203876	0.518419	27.309107	0.999301	7673
7674.png	0.637997	0.876844	0.934381	0.918066	0.951287	0.999206	27.727147	0.999261	28.083152	0.661774	0.557803	0.555387	30.223052	0.525252	2214	5	0	2	12	1.791667	0.000000	48	43	232.551299	3.062625	0.000000	-0.017429	0.151398	-0.000016	0.000076	-0.003078	1091.907740	0.661774	0.661774	5	0	5	2	12	1.791667	0.000000	5	0	48	43	34	5.408170	3.062625	232.551299	0.000000	45959	20.758356	29.600723	256x256	65536	sparse	Learned	275	5	24	2059	30.538471	0.576742	27.641541	0.999186	0.664852	0.360243	12	4	0.000000	29	2046	30.742948	0.619141	0.999051	27.009649	0.208638	0.645919	4241	31.315814	0.680084	0.999567	30.568833	0.157316	0.652328	0.441611	0.197560	-0.315419	-0.051490	True	0.635664	30.225786	0.525267	28.089718	0.557803	0.309797	0.655426	27.575749	0.999222	7674
7675.png	0.748240	0.887689	0.940503	0.936752	0.944285	0.998974	27.882772	0.999071	28.226665	0.774070	0.678899	0.802531	31.166948	0.589198	2621	5	0	3	13	1.855072	0.000000	69	64	327.877200	2.679261	0.000000	0.019084	-0.299751	-0.000178	-0.000017	0.036083	1139.623404	0.774070	0.774070	5	0	5	3	13	1.855072	0.000000	5	0	69	64	53	5.123081	2.679261	327.877200	0.000000	45070	17.195727	25.004197	256x256	65536	sparse	Learned	331	5	30	2545	31.543419	0.641860	28.133873	0.999088	0.737987	0.625760	7	7	0.000000	39	2560	31.880699	0.687413	0.999101	28.324646	0.621458	0.733799	3638	32.011932	0.692336	0.999453	30.474309	0.416419	0.725677	0.092792	0.053139	-0.376472	-0.052663	True	0.747294	31.167522	0.589219	28.223705	0.687765	0.551953	0.729156	28.182522	0.999152	7675
7676.png	0.792564	0.894373	0.944242	0.958730	0.930185	0.998552	26.994448	0.998970	27.721676	0.844501	0.730180	1.084967	30.044204	0.527185	2611	4	0	3	11	1.873016	0.000000	63	59	304.391919	3.118298	0.000000	0.008842	-0.472809	-0.000256	0.000026	0.046186	1157.184124	0.844501	0.844501	4	0	4	3	11	1.873016	0.000000	4	0	63	59	49	5.159185	3.118298	304.391919	0.000000	46134	17.669092	25.099962	256x256	65536	sparse	Learned	317	4	26	2469	30.463569	0.592360	27.477358	0.998944	0.798315	0.566126	8	6	0.000000	29	2412	30.675134	0.639471	0.998684	26.743467	0.358929	0.803387	3571	30.933204	0.651075	0.999331	29.410814	0.285853	0.786016	0.244318	0.164054	-0.419364	-0.065175	True	0.790607	30.047107	0.527194	27.721485	0.758286	0.822716	0.783722	27.467257	0.998809	7676
7677.png	0.503539	0.884906	0.938939	0.923683	0.954707	0.998124	28.637006	0.998067	28.828286	0.516084	0.647956	0.350864	30.720927	0.560590	2489	5	1	5	14	1.868852	0.200000	61	57	296.178716	3.492928	0.000000	-0.005527	0.044598	0.000015	0.000146	-0.007704	1553.143740	0.516084	0.516084	5	1	4	5	14	1.868852	0.200000	5	1	61	57	42	5.196118	3.492928	296.178716	0.000000	45365	18.226195	26.330253	256x256	65536	sparse	Learned	301	5	28	2417	31.192796	0.618597	28.614545	0.997922	0.523788	0.234710	24	9	0.000000	36	2454	31.489100	0.665100	0.997525	28.263593	0.212716	0.484173	3804	31.719983	0.684134	0.998554	30.641941	0.127985	0.513357	0.213741	0.413247	-0.471869	-0.058007	True	0.515009	30.724877	0.560578	28.830349	0.667129	0.234072	0.509066	28.592408	0.998109	7677
7678.png	0.755806	0.899474	0.947077	0.947405	0.946750	0.999160	26.488296	0.999349	27.055207	0.789581	0.716346	0.903833	30.681956	0.567113	2475	4	1	4	10	1.898305	0.250000	59	56	294.977705	2.594475	0.000000	-0.013472	-0.634085	-0.000222	-0.000041	0.022010	1100.417614	0.789581	0.789581	4	1	3	4	10	1.898305	0.250000	4	1	59	56	45	5.267459	2.594475	294.977705	0.000000	45598	18.423434	26.479192	256x256	65536	sparse	Learned	306	4	28	2469	31.157830	0.622428	27.146271	0.999389	0.767571	0.626187	5	1	0.875000	34	2266	31.440988	0.661506	0.999338	27.155000	0.507653	0.748439	3771	31.722882	0.684081	0.999671	30.265598	0.517555	0.742787	-0.091064	0.090159	-0.475874	-0.055315	True	0.755305	30.683998	0.567116	27.062167	0.710616	0.642278	0.769278	27.122381	0.999382	7678
7679.png	0.604468	0.886905	0.940063	0.950390	0.929958	0.998687	27.249895	0.998888	27.902098	0.630156	0.576838	0.738276	31.002633	0.573636	2011	4	0	1	9	1.813953	0.000000	43	39	202.379726	3.117856	0.000000	0.002364	-0.505704	-0.000174	0.000054	0.017293	1377.814293	0.630156	0.630156	4	0	4	1	9	1.813953	0.000000	4	0	43	39	33	5.189224	3.117856	202.379726	0.000000	45197	22.474888	32.588762	256x256	65536	sparse	Learned	249	4	25	1975	31.296832	0.611523	27.701403	0.998834	0.612863	0.501994	7	5	0.000000	34	1982	31.587093	0.652395	0.998622	27.616639	0.536060	0.595498	4559	32.259503	0.721198	0.999428	31.558578	0.271206	0.637037	0.200695	0.074844	-0.294199	-0.037887	True	0.621232	31.006327	0.573670	27.899047	0.613259	0.452754	0.602104	27.755599	0.998861	7679
7680.png	0.658300	0.903058	0.949060	0.949060	0.949060	0.999118	28.374788	0.999207	28.573425	0.687174	0.782379	0.485479	31.381930	0.593054	2565	4	1	5	11	1.915493	0.250000	71	68	351.705627	2.459565	0.000000	-0.022925	-0.305536	-0.000146	-0.000058	-0.010421	934.173107	0.687174	0.687174	4	1	3	5	11	1.915493	0.250000	4	1	71	68	55	5.172142	2.459565	351.705627	0.000000	44924	17.514230	25.550097	256x256	65536	sparse	Learned	348	4	31	2527	31.737747	0.645438	28.640367	0.999266	0.697595	0.428791	10	0	0.000000	41	2322	31.990191	0.680175	0.999175	28.512809	0.452285	0.667628	3468	32.089739	0.689175	0.999515	31.059235	0.431640	0.681193	-0.066942	0.353588	-0.355818	-0.052384	True	0.659441	31.386868	0.593080	28.574804	0.789864	0.383463	0.681225	28.680324	0.999264	7680
7681.png	0.715540	0.912329	0.954155	0.954155	0.954155	0.999402	26.606394	0.999597	27.684983	0.739982	0.572585	0.544737	30.662572	0.548754	1895	4	1	3	9	1.846154	0.250000	39	36	187.296465	2.881195	0.000000	-0.017793	-0.450366	-0.000135	0.000046	0.014120	1038.288832	0.739982	0.739982	4	1	3	3	9	1.846154	0.250000	4	1	39	36	27	5.202680	2.881195	187.296465	0.000000	45567	24.045910	34.583641	256x256	65536	sparse	Learned	250	4	22	1706	30.914564	0.580036	27.145639	0.999551	0.725862	0.393469	7	1	0.625000	31	1846	31.150885	0.627656	0.999472	26.802466	0.440102	0.706852	4983	32.014449	0.722623	0.999810	31.511077	0.479691	0.725779	0.539344	0.179116	-0.251992	-0.031282	True	0.715540	30.664957	0.548783	27.681985	0.583138	0.317657	0.733333	27.056760	0.999537	7681
7682.png	0.680350	0.876294	0.934069	0.939801	0.928406	0.998869	28.357154	0.998955	28.738888	0.688261	0.650761	0.623509	30.247452	0.524843	2336	5	0	3	13	1.838710	0.000000	62	57	289.480231	2.960378	0.000000	-0.002763	-0.076381	-0.000099	0.000005	0.009854	1251.079559	0.688261	0.688261	5	0	5	3	13	1.838710	0.000000	5	0	62	57	46	5.078601	2.960378	289.480231	0.000000	45882	19.641267	28.054795	256x256	65536	sparse	Learned	314	5	26	2276	30.630851	0.587288	28.468796	0.998950	0.678407	0.330468	17	7	0.000000	28	2074	30.788915	0.620679	0.998674	27.626177	0.043512	0.554766	4101	31.278768	0.679768	0.999340	30.419961	0.034790	0.521931	0.270092	0.320293	-0.383399	-0.062445	True	0.683607	30.252498	0.524866	28.737761	0.665795	0.415129	0.683113	28.433535	0.998968	7682
7684.png	0.548142	0.885643	0.939354	0.909949	0.970723	0.999036	28.707799	0.999039	29.062003	0.563577	0.559568	0.523502	30.832272	0.550446	1885	4	0	1	9	1.794872	0.000000	39	35	186.095454	2.936933	0.000000	-0.027524	0.228199	0.000048	0.000130	-0.040761	1263.192177	0.563577	0.563577	4	0	4	1	9	1.794872	0.000000	4	0	39	35	29	5.317013	2.936933	186.095454	0.000000	45331	24.048276	34.767109	256x256	65536	sparse	Learned	258	4	23	1833	30.916124	0.585383	28.521521	0.998910	0.604338	0.404157	9	5	0.000000	31	1842	31.301161	0.630147	0.998646	27.962225	0.148538	0.538809	4735	32.065423	0.720026	0.999453	31.454833	0.036729	0.492115	0.540482	0.155412	-0.083852	-0.034937	True	0.549915	30.835161	0.550457	29.060991	0.557361	0.291780	0.575665	28.479600	0.998987	7684
7685.png	0.664212	0.893211	0.943594	0.946777	0.940432	0.999056	25.980495	0.999369	27.100396	0.676098	0.609372	0.545055	30.445163	0.542084	2173	4	1	3	9	1.863636	0.250000	44	41	221.865007	2.965320	0.000000	0.009591	-1.124766	-0.000319	0.000015	0.037977	1081.153154	0.676098	0.676098	4	1	3	3	9	1.863636	0.250000	4	1	44	41	32	5.411342	2.965320	221.865007	0.000000	45699	21.030373	30.159227	256x256	65536	sparse	Learned	263	4	24	2015	30.769580	0.586957	27.107763	0.999353	0.638122	0.255882	9	2	0.000000	29	1984	30.950702	0.627428	0.999244	26.572210	0.395891	0.632753	4294	31.565749	0.689904	0.999690	30.612625	0.237892	0.642759	-0.007367	0.353490	-0.324418	-0.044873	True	0.664212	30.448588	0.542114	27.107197	0.641204	0.349491	0.654621	27.105261	0.999375	7685
7687.png	0.651042	0.872964	0.932174	0.927336	0.937063	0.998922	28.162592	0.999049	28.487114	0.660807	0.676967	0.753999	30.497198	0.536595	2178	4	1	6	12	1.890909	0.250000	55	52	256.965512	2.858201	0.000000	-0.021417	-0.045581	-0.000062	0.000055	-0.013760	1097.048759	0.660807	0.660807	4	1	3	6	12	1.890909	0.250000	4	1	55	52	37	4.941644	2.858201	256.965512	0.000000	45652	20.960514	30.089991	256x256	65536	sparse	Learned	286	4	25	2135	30.759703	0.589074	28.180406	0.998994	0.674568	0.362372	10	2	0.000000	30	2078	31.007305	0.629606	0.998722	27.421571	0.217986	0.642393	4362	31.590074	0.695978	0.999442	30.843981	0.110593	0.645951	0.306708	0.314595	-0.262506	-0.052479	True	0.651693	30.500424	0.536634	28.489080	0.665460	0.501757	0.672458	28.208174	0.998985	7687
7688.png	0.778499	0.911818	0.953875	0.940901	0.967213	0.999433	27.341167	0.999526	27.832485	0.787156	0.626561	0.639349	31.378553	0.586794	2111	4	0	2	10	1.822222	0.000000	45	41	227.793939	2.414564	0.000000	0.016804	-0.610533	-0.000139	-0.000040	0.020140	848.575115	0.787156	0.787156	4	0	4	2	10	1.822222	0.000000	4	0	45	41	33	5.555950	2.414564	227.793939	0.000000	44985	21.309806	31.045002	256x256	65536	sparse	Learned	276	4	27	2070	31.591589	0.625687	27.981243	0.999566	0.767016	0.536060	5	1	0.375000	35	1888	31.804787	0.658716	0.999495	27.507030	0.486583	0.749562	4252	32.340190	0.717398	0.999770	31.039950	0.462056	0.763226	-0.148758	0.090501	-0.213036	-0.038893	True	0.777778	31.379169	0.586819	27.821920	0.644774	0.412235	0.761695	27.951700	0.999572	7688
7689.png	0.548616	0.909262	0.952475	0.955921	0.949053	0.998871	27.427302	0.999153	27.826224	0.558594	0.642993	0.396584	31.161443	0.585758	2218	4	0	2	10	1.836735	0.000000	49	45	226.024387	3.208954	0.000000	-0.002316	-0.125777	-0.000090	0.000068	0.003872	1087.326288	0.558594	0.558594	4	0	4	2	10	1.836735	0.000000	4	0	49	45	37	5.022764	3.208954	226.024387	0.000000	45219	20.387286	29.547340	256x256	65536	sparse	Learned	272	4	27	2129	31.449598	0.624276	27.497174	0.999085	0.554722	0.305418	9	0	0.375000	36	2166	31.734177	0.668776	0.998963	27.544596	0.300772	0.516332	4119	32.177043	0.705183	0.999512	31.079428	0.309893	0.537313	0.329051	0.337575	-0.288155	-0.038518	True	0.546040	31.164461	0.585767	27.827798	0.670441	0.265886	0.550932	27.553080	0.998961	7689
7690.png	0.514596	0.874235	0.932898	0.921408	0.944678	0.998571	28.519833	0.998715	28.808731	0.527273	0.591801	0.520573	31.606950	0.601960	2309	5	0	1	11	1.807692	0.000000	52	47	255.865007	3.247391	0.000000	-0.018850	-0.284610	-0.000175	-0.000079	-0.011663	1290.226936	0.527273	0.527273	5	0	5	1	11	1.807692	0.000000	5	0	52	47	40	5.443936	3.247391	255.865007	0.000000	44656	19.339974	28.382850	256x256	65536	sparse	Learned	291	5	29	2259	31.865800	0.642198	28.877531	0.998793	0.538936	0.305803	12	6	0.000000	42	2176	32.234816	0.682166	0.998752	28.879377	0.252671	0.512209	3979	32.508954	0.715947	0.999297	31.534346	0.225729	0.553881	-0.068801	0.285997	-0.258851	-0.040238	True	0.514613	31.611464	0.601989	28.814285	0.624689	0.325196	0.533447	28.804443	0.998746	7690
7691.png	0.426675	0.882099	0.937357	0.907302	0.969471	0.998778	28.200097	0.998701	28.595282	0.429091	0.633955	0.234704	31.505774	0.600850	2246	4	0	2	10	1.836735	0.000000	49	45	229.722871	3.207409	0.000000	-0.010981	-0.103823	-0.000031	0.000088	-0.002795	1445.816040	0.429091	0.429091	4	0	4	2	10	1.836735	0.000000	4	0	49	45	37	5.104953	3.207409	229.722871	0.000000	44749	19.923865	29.178985	256x256	65536	sparse	Learned	280	4	28	2217	31.811531	0.640174	28.378981	0.998613	0.431886	0.174499	17	1	0.000000	40	2166	32.163043	0.679263	0.998372	28.363389	0.199618	0.409444	3972	32.472891	0.714099	0.999223	31.504784	0.159943	0.422735	0.216301	0.459456	-0.305757	-0.039324	True	0.429475	31.511545	0.600876	28.599110	0.662098	0.155397	0.437656	28.303919	0.998809	7691
7692.png	0.676301	0.884825	0.938894	0.941347	0.936453	0.998722	26.952498	0.999034	27.835663	0.718531	0.639405	0.753462	30.379367	0.548580	2517	5	2	3	10	1.898305	0.400000	59	56	284.137085	3.049249	0.000000	0.037398	-0.787316	-0.000304	-0.000009	0.063240	1214.183569	0.718531	0.718531	5	2	3	3	10	1.898305	0.400000	5	1	59	56	46	5.073877	3.049249	284.137085	0.000000	45708	18.159714	26.037346	256x256	65536	sparse	Learned	319	5	27	2357	30.922581	0.608006	27.764923	0.999043	0.655290	0.603752	7	7	0.000000	32	2348	31.111626	0.650994	0.998800	27.324912	0.538143	0.648609	3685	31.392621	0.667331	0.999324	30.031767	0.469453	0.649653	0.070741	0.035653	-0.543214	-0.059427	True	0.676115	30.380913	0.548601	27.834558	0.669781	0.504655	0.638902	27.739814	0.999026	7692
7693.png	0.474642	0.865301	0.927787	0.933066	0.922568	0.998912	28.149321	0.999195	28.928860	0.491716	0.648308	0.294830	30.675593	0.544922	2100	4	0	3	11	1.846154	0.000000	52	48	229.852814	3.102391	0.000000	-0.040101	-0.303055	-0.000146	0.000065	-0.017936	1249.164343	0.491716	0.491716	4	0	4	3	11	1.846154	0.000000	4	0	52	48	38	4.788600	3.102391	229.852814	0.000000	45578	21.703810	31.207619	256x256	65536	sparse	Learned	274	4	25	2069	30.902571	0.592286	28.455487	0.999130	0.509653	0.265085	10	1	0.000000	31	2052	31.135750	0.635418	0.998893	27.586868	0.331592	0.495809	4254	31.690512	0.694700	0.999455	31.019736	0.199263	0.509009	0.473373	0.383223	-0.226978	-0.047363	True	0.472692	30.679160	0.544933	28.927506	0.686514	0.202405	0.514744	28.452376	0.999058	7693
7694.png	0.758417	0.912374	0.954180	0.950062	0.958333	0.998849	27.504693	0.998893	27.892111	0.771919	0.656991	1.157382	30.925196	0.571431	2283	4	1	6	12	1.886792	0.250000	53	50	244.551299	3.469755	0.000000	0.034682	-0.195716	-0.000122	0.000023	0.041364	1316.890717	0.771919	0.771919	4	1	3	6	12	1.886792	0.250000	4	1	53	50	35	4.891026	3.469755	244.551299	0.000000	45325	19.853263	28.706088	256x256	65536	sparse	Learned	270	4	27	2256	31.259893	0.619577	27.706763	0.998869	0.730556	0.606010	7	14	0.000000	35	2118	31.535849	0.656870	0.998790	27.531702	0.596132	0.724004	3948	31.920272	0.694077	0.999451	30.888399	0.680181	0.729879	0.185348	0.050982	-0.334697	-0.048147	True	0.759008	30.928020	0.571438	27.895414	0.683363	0.790912	0.723735	27.700408	0.998971	7694
7695.png	0.503244	0.868456	0.929598	0.901742	0.959229	0.999249	28.082055	0.999254	28.539965	0.496210	0.596670	0.337040	30.809069	0.556406	2293	5	1	3	11	1.859649	0.200000	57	53	261.936075	2.758845	0.000000	0.002205	0.007451	-0.000080	0.000053	-0.000136	1026.555300	0.496210	0.496210	5	1	4	3	11	1.859649	0.200000	5	1	57	53	43	4.942190	2.758845	261.936075	0.000000	45453	19.822503	28.580898	256x256	65536	sparse	Learned	292	5	26	2127	31.086651	0.603636	28.119650	0.999201	0.496346	0.206077	13	0	0.000000	34	2248	31.389180	0.653060	0.999094	28.067619	0.190573	0.467602	4136	31.786495	0.695800	0.999506	31.013760	0.141339	0.482874	0.420315	0.390593	-0.277582	-0.047230	True	0.502523	30.813963	0.556430	28.544916	0.607807	0.204855	0.501040	28.074604	0.999330	7695
7696.png	0.701765	0.894265	0.944182	0.943884	0.944479	0.999027	27.900429	0.999179	28.294107	0.733972	0.541594	0.728327	31.145001	0.582487	2382	6	0	1	13	1.809524	0.000000	63	57	278.534055	2.787186	0.000000	-0.000760	-0.323906	-0.000196	-0.000034	0.030899	980.432749	0.733972	0.733972	6	0	6	1	13	1.809524	0.000000	6	0	63	57	49	4.886562	2.787186	278.534055	0.000000	45166	18.961377	27.513014	256x256	65536	sparse	Learned	301	6	28	2334	31.420064	0.629356	28.226570	0.999213	0.703074	0.385701	11	6	0.000000	37	2350	31.742544	0.677016	0.999149	27.952894	0.296554	0.676502	3742	32.014994	0.694383	0.999504	30.747688	0.311564	0.685104	0.067537	0.155893	-0.275063	-0.046869	True	0.703943	31.150489	0.582532	28.297447	0.563951	0.410741	0.702525	28.224334	0.999223	7696
7697.png	0.499035	0.889851	0.941716	0.928341	0.955482	0.998931	28.337973	0.998818	28.743909	0.502214	0.692721	0.282326	30.887791	0.560556	2294	4	0	5	13	1.849057	0.000000	53	49	269.693434	2.891830	0.000000	-0.005243	-0.260260	-0.000135	0.000011	-0.005006	1291.948557	0.502214	0.502214	4	0	4	5	13	1.849057	0.000000	4	0	53	49	35	5.503948	2.891830	269.693434	0.000000	45344	19.766347	28.568439	256x256	65536	sparse	Learned	291	4	27	2214	31.188090	0.611730	28.645544	0.998807	0.507220	0.224399	17	0	0.000000	33	2124	31.424020	0.650286	0.998613	28.064113	0.283469	0.449486	4032	31.847750	0.695496	0.999225	31.012486	0.132175	0.489709	0.098366	0.468322	-0.300299	-0.051174	True	0.498715	30.892344	0.560572	28.748230	0.615572	0.173792	0.504279	28.598233	0.999066	7697
7698.png	0.567701	0.878746	0.935460	0.917670	0.953954	0.998313	28.742962	0.998157	28.962841	0.592493	0.740760	0.576178	31.199853	0.591638	2500	4	0	6	14	1.873016	0.000000	63	59	309.906638	3.487239	0.000000	-0.031567	-0.239483	-0.000189	-0.000011	-0.031768	1583.293438	0.592493	0.592493	4	0	4	6	14	1.873016	0.000000	4	0	63	59	43	5.252655	3.487239	309.906638	0.000000	44788	17.915200	26.214400	256x256	65536	sparse	Learned	310	4	31	2420	31.783523	0.643159	28.989199	0.998169	0.624262	0.434039	13	10	0.000000	42	2288	32.088392	0.680636	0.998094	28.852214	0.363378	0.622281	3503	32.165588	0.692474	0.998770	31.072356	0.256213	0.580009	-0.026358	0.306720	-0.583670	-0.051521	True	0.568601	31.204181	0.591640	28.966506	0.773498	0.445673	0.599268	28.982445	0.998502	7698
7699.png	0.696733	0.857721	0.923412	0.913793	0.933236	0.999279	28.245435	0.999362	28.659122	0.719772	0.562495	0.632617	30.801942	0.560580	2340	6	0	2	14	1.793103	0.000000	58	52	275.137085	2.580492	0.000000	0.008513	-0.189350	-0.000136	-0.000007	-0.000228	894.748211	0.719772	0.719772	6	0	6	2	14	1.793103	0.000000	6	0	58	52	42	5.291098	2.580492	275.137085	0.000000	45441	19.419231	28.006838	256x256	65536	sparse	Learned	311	6	27	2256	31.160892	0.613481	28.411557	0.999369	0.720000	0.414656	9	0	0.750000	34	2198	31.413395	0.654936	0.999272	27.905264	0.366417	0.693676	4084	31.830905	0.697051	0.999613	30.803747	0.194909	0.682085	0.247565	0.147839	-0.358950	-0.052901	True	0.696023	30.805403	0.560576	28.659593	0.576838	0.364917	0.688220	28.434785	0.999415	7699
7700.png	0.515385	0.887640	0.940476	0.922317	0.959365	0.998417	27.985280	0.998381	28.411880	0.527976	0.703587	0.365031	30.087746	0.536630	2832	5	1	5	13	1.885714	0.200000	70	66	352.605122	3.201240	0.000000	-0.006189	-0.325369	-0.000178	-0.000029	0.005446	1493.607759	0.527976	0.527976	5	1	4	5	13	1.885714	0.200000	5	1	70	66	52	5.342502	3.201240	352.605122	0.000000	45947	16.224223	23.141243	256x256	65536	sparse	Learned	343	5	29	2768	30.750509	0.611969	28.411013	0.998410	0.522530	0.285377	20	5	0.000000	33	2674	31.025257	0.659049	0.998096	27.894020	0.313201	0.473463	3173	31.015464	0.638705	0.998535	29.523512	0.175214	0.503505	0.000867	0.418210	-0.662764	-0.075339	True	0.516460	30.089742	0.536630	28.411634	0.687765	0.251056	0.521574	28.310649	0.998594	7700
7701.png	0.606236	0.904059	0.949612	0.932268	0.967615	0.999161	27.537519	0.999224	28.023430	0.623386	0.526688	0.781386	31.506042	0.604384	2115	5	0	1	11	1.795918	0.000000	49	44	212.651804	2.832795	0.000000	0.017168	-0.386590	-0.000134	-0.000032	0.024584	1050.561428	0.623386	0.623386	5	0	5	1	11	1.795918	0.000000	5	0	49	44	37	4.832996	2.832795	212.651804	0.000000	44668	21.119622	30.986288	256x256	65536	sparse	Learned	264	5	27	2015	31.859494	0.640375	27.933699	0.999255	0.598802	0.476211	6	3	0.000000	42	2100	32.244087	0.681863	0.999282	28.565121	0.364494	0.582403	4275	32.662686	0.728189	0.999623	31.647501	0.235272	0.596192	0.089731	0.050477	-0.353452	-0.035992	True	0.606083	31.507592	0.604397	28.018513	0.556031	0.434475	0.589069	27.924108	0.999296	7701
7702.png	0.796975	0.901914	0.948428	0.958475	0.938589	0.999048	25.647090	0.999465	26.668792	0.832512	0.590165	0.969389	30.952143	0.609216	2380	5	0	0	10	1.795918	0.000000	49	44	256.521861	2.339675	0.000000	0.089233	-1.643071	-0.000511	-0.000104	0.125481	808.073997	0.832512	0.832512	5	0	5	0	10	1.795918	0.000000	5	0	49	44	39	5.830042	2.339675	256.521861	0.000000	44749	18.802101	27.536134	256x256	65536	sparse	Learned	302	5	30	2280	31.997693	0.657568	27.238131	0.999569	0.707031	0.578246	6	3	0.000000	41	2308	32.275341	0.699101	0.999584	27.896047	0.663110	0.691558	3725	32.501456	0.711562	0.999793	31.073253	0.341199	0.692898	-0.569338	0.011919	-1.045550	-0.048353	True	0.796178	30.953968	0.609262	26.661478	0.595053	0.576838	0.707742	27.290161	0.999559	7702
7703.png	0.695353	0.900086	0.947416	0.939748	0.955210	0.999286	27.806692	0.999373	28.174508	0.727194	0.601481	0.798499	30.473819	0.531741	1929	4	0	2	10	1.822222	0.000000	45	41	206.095454	2.613110	0.000000	-0.008661	0.319578	-0.000023	0.000060	-0.000537	1159.477949	0.727194	0.727194	4	0	4	2	10	1.822222	0.000000	4	0	45	41	33	5.026718	2.613110	206.095454	0.000000	45799	23.742354	33.974080	256x256	65536	sparse	Learned	250	4	22	1764	30.640512	0.568099	27.480874	0.999313	0.727731	0.469181	6	0	0.750000	29	1916	30.906153	0.620218	0.999156	26.762401	0.420572	0.697952	4840	31.706532	0.710999	0.999625	30.537659	0.282513	0.707317	0.693634	0.132300	-0.166693	-0.036358	True	0.695615	30.478353	0.531764	28.175414	0.609372	0.486583	0.704013	27.487114	0.999309	7703
7704.png	0.532222	0.869352	0.930111	0.939412	0.920992	0.998893	28.978686	0.999060	29.190682	0.548607	0.759492	0.456372	31.151152	0.574857	2397	4	2	4	9	1.942029	0.500000	69	67	323.421356	2.678505	0.000000	-0.025917	-0.267382	-0.000161	-0.000000	-0.017590	1186.364651	0.548607	0.548607	4	2	2	4	9	1.942029	0.500000	4	1	69	67	56	4.827184	2.678505	323.421356	0.000000	45142	18.832708	27.340843	256x256	65536	sparse	Learned	330	4	29	2319	31.469311	0.624504	29.154080	0.999060	0.566197	0.462056	8	4	0.000000	36	2132	31.641249	0.659101	0.998898	28.408231	0.299327	0.533784	3765	31.974849	0.692436	0.999372	31.132222	0.186534	0.564804	0.036602	0.297436	-0.318159	-0.049647	True	0.543898	31.153874	0.574869	29.180046	0.785619	0.358535	0.558140	29.246068	0.999054	7704
7705.png	0.696109	0.913016	0.954531	0.955468	0.953595	0.999139	26.797915	0.999302	27.230291	0.725157	0.689633	0.597093	30.555696	0.561417	2470	4	0	2	10	1.846154	0.000000	52	48	269.764502	2.882810	0.000000	0.012900	-0.603017	-0.000207	-0.000034	0.030971	944.183588	0.725157	0.725157	4	0	4	2	10	1.846154	0.000000	4	0	52	48	40	5.620094	2.882810	269.764502	0.000000	45616	18.468016	26.532794	256x256	65536	sparse	Learned	295	4	27	2338	31.086344	0.616144	27.371177	0.999336	0.694186	0.481670	7	3	0.000000	34	2346	31.377855	0.660935	0.999323	27.468387	0.456649	0.680778	3723	31.626830	0.677278	0.999636	30.321131	0.361792	0.673875	-0.140887	0.207963	-0.530648	-0.054727	True	0.696109	30.556373	0.561402	27.231573	0.698806	0.417252	0.683208	27.400932	0.999345	7705
7706.png	0.654375	0.864259	0.927188	0.916172	0.938472	0.999226	28.135639	0.999330	28.570692	0.672693	0.698806	0.512957	30.349860	0.533489	2355	4	0	2	10	1.857143	0.000000	56	52	276.178716	2.735476	0.000000	0.039443	-0.044274	-0.000108	0.000031	0.049006	1077.855825	0.672693	0.672693	4	0	4	2	10	1.857143	0.000000	4	0	56	52	44	5.311129	2.735476	276.178716	0.000000	45788	19.442887	27.828450	256x256	65536	sparse	Learned	305	4	25	2169	30.708716	0.588233	28.249572	0.999299	0.623687	0.366771	13	7	0.000000	30	2204	30.944858	0.634180	0.999139	27.438960	0.221199	0.656977	3909	31.317061	0.672542	0.999485	29.953427	0.120389	0.637079	0.321120	0.332035	-0.358856	-0.054744	True	0.653750	30.352175	0.533502	28.570938	0.740760	0.379978	0.614932	28.179913	0.999334	7706
7707.png	0.519380	0.874676	0.933149	0.943150	0.923358	0.999075	28.033607	0.999360	28.653633	0.547556	0.478997	0.580063	31.817866	0.609266	1759	5	0	1	11	1.767442	0.000000	43	38	181.610173	2.762735	0.000000	-0.032171	-0.457768	-0.000286	-0.000030	-0.025594	801.277399	0.547556	0.547556	5	0	5	1	11	1.767442	0.000000	5	0	43	38	31	4.779215	2.762735	181.610173	0.000000	44404	25.243889	37.257533	256x256	65536	sparse	Learned	246	5	25	1693	32.073376	0.634019	28.418469	0.999389	0.573150	0.264104	9	1	0.100000	37	1680	32.261539	0.668934	0.999366	28.431462	0.261295	0.550086	5047	33.209605	0.755952	0.999750	33.074500	0.232499	0.580756	0.235164	0.214893	-0.255510	-0.024753	True	0.526225	31.824550	0.609299	28.661939	0.493383	0.286193	0.551551	28.491375	0.999361	7707
7708.png	0.643939	0.877517	0.934763	0.941494	0.928128	0.999087	27.031242	0.999391	27.952185	0.687282	0.548870	0.797636	31.671915	0.611098	1997	5	0	1	11	1.800000	0.000000	50	45	225.894444	2.367535	0.000000	0.013521	-1.240713	-0.000384	-0.000099	0.042025	830.790043	0.687282	0.687282	5	0	5	1	11	1.800000	0.000000	5	0	50	45	38	5.019877	2.367535	225.894444	0.000000	44555	22.310966	32.817226	256x256	65536	sparse	Learned	272	5	26	1865	31.957605	0.639148	28.325718	0.999490	0.645258	0.396494	8	1	0.200000	41	1988	32.346231	0.683228	0.999485	28.709495	0.294136	0.636432	4657	32.951673	0.743643	0.999743	32.247103	0.268384	0.631217	-0.373533	0.152376	-0.285690	-0.028049	True	0.646465	31.678836	0.611140	27.961212	0.547062	0.436357	0.630419	28.271954	0.999471	7708
7709.png	0.747410	0.913149	0.954603	0.967326	0.942211	0.999118	25.350810	0.999527	26.945275	0.779424	0.491352	0.963552	30.949846	0.588326	2045	5	0	0	10	1.750000	0.000000	40	35	186.781746	2.884891	0.000000	-0.004453	-1.735375	-0.000414	-0.000040	0.040293	827.842712	0.779424	0.779424	5	0	5	0	10	1.750000	0.000000	5	0	40	35	30	5.336621	2.884891	186.781746	0.000000	45036	22.022494	32.046944	256x256	65536	sparse	Learned	253	5	25	1920	31.536423	0.622494	27.066004	0.999568	0.739130	0.395200	7	2	0.000000	37	1970	31.822771	0.664549	0.999573	27.484035	0.463846	0.743783	4696	32.480514	0.729530	0.999835	31.786837	0.289523	0.729261	-0.120729	0.096153	-0.586576	-0.034168	True	0.744223	30.952044	0.588332	26.938745	0.501424	0.483149	0.751863	27.086184	0.999532	7709
7710.png	0.612296	0.873292	0.932361	0.915961	0.949359	0.998957	27.951659	0.999040	28.217895	0.638976	0.619017	0.544313	30.731638	0.553327	2090	4	0	3	11	1.843137	0.000000	51	47	227.936075	3.218755	0.000000	0.007064	-0.058666	-0.000123	0.000010	0.007459	1213.462353	0.638976	0.638976	4	0	4	3	11	1.843137	0.000000	4	0	51	47	37	4.849704	3.218755	227.936075	0.000000	45445	21.744019	31.356938	256x256	65536	sparse	Learned	258	4	25	2057	31.018546	0.599053	28.047077	0.999030	0.631517	0.410741	9	7	0.000000	31	1944	31.227077	0.633772	0.998866	27.506393	0.365904	0.626928	4479	31.907012	0.709015	0.999465	30.955129	0.197481	0.621558	0.170818	0.208276	-0.286909	-0.045726	True	0.613308	30.738989	0.553363	28.230291	0.660404	0.359467	0.605232	28.010325	0.999080	7710
7711.png	0.709180	0.883482	0.938137	0.943631	0.932706	0.999076	27.416653	0.999358	28.205555	0.733190	0.712059	0.626108	31.549372	0.600086	2299	4	1	3	9	1.896552	0.250000	58	55	275.823376	2.540491	0.000000	-0.007308	-0.837081	-0.000298	0.000001	0.029710	890.985250	0.733190	0.733190	4	1	3	3	9	1.896552	0.250000	4	1	58	55	46	5.014970	2.540491	275.823376	0.000000	44772	19.474554	28.506307	256x256	65536	sparse	Learned	310	4	29	2262	31.797340	0.641220	28.188541	0.999356	0.703481	0.452754	7	2	0.125000	40	2150	32.181105	0.681756	0.999360	28.349219	0.630646	0.716008	4106	32.526386	0.719431	0.999685	31.509796	0.394681	0.693809	0.017014	0.259305	-0.247968	-0.041135	True	0.710084	31.552289	0.600103	28.210130	0.735523	0.460516	0.716488	28.253734	0.999374	7711
7712.png	0.714941	0.882512	0.937590	0.945047	0.930249	0.999153	27.545384	0.999346	28.216291	0.738111	0.528577	0.794857	30.569898	0.544769	2077	5	0	2	12	1.787234	0.000000	47	42	215.308658	3.105829	0.000000	0.022960	-0.394893	-0.000181	0.000008	0.046133	1159.710407	0.738111	0.738111	5	0	5	2	12	1.787234	0.000000	5	0	47	42	33	5.126397	3.105829	215.308658	0.000000	45606	21.957631	31.553202	256x256	65536	sparse	Learned	260	5	24	1982	30.851559	0.590194	27.951120	0.999337	0.691978	0.345576	10	1	0.000000	30	1896	31.056876	0.628331	0.999230	27.403742	0.505397	0.685570	4285	31.661647	0.696129	0.999641	30.803146	0.205121	0.691418	0.265171	0.183001	-0.281661	-0.045426	True	0.714473	30.574041	0.544790	28.217458	0.556031	0.441965	0.691981	27.940277	0.999334	7712
7713.png	0.705502	0.935912	0.966895	0.964143	0.969662	0.998700	27.609609	0.998791	27.976927	0.714595	0.672085	0.727558	30.616904	0.552838	2340	4	1	4	10	1.886792	0.250000	53	50	255.208153	3.593065	0.000000	0.009872	-0.231936	-0.000109	0.000025	0.011008	1359.404564	0.714595	0.714595	4	1	3	4	10	1.886792	0.250000	4	1	53	50	39	5.104163	3.593065	255.208153	0.000000	45601	19.487607	28.006838	256x256	65536	sparse	Learned	284	4	26	2284	30.938831	0.604432	27.815489	0.998766	0.703586	0.457735	10	11	0.000000	33	2316	31.244878	0.652148	0.998535	27.393318	0.524247	0.707497	3996	31.597882	0.683650	0.999300	30.561617	0.387374	0.709694	0.161438	0.214350	-0.321927	-0.051595	True	0.704962	30.619978	0.552875	27.976892	0.668789	0.486583	0.695629	27.841545	0.998808	7713
7714.png	0.542995	0.912154	0.954059	0.942786	0.965605	0.998828	28.227409	0.998849	28.453742	0.557416	0.656991	0.424908	30.485936	0.540392	2290	4	0	2	10	1.826087	0.000000	46	42	243.965512	3.257018	0.000000	0.000154	-0.130733	-0.000077	0.000030	0.008754	1303.766727	0.557416	0.557416	4	0	4	2	10	1.826087	0.000000	4	0	46	42	34	5.808703	3.257018	243.965512	0.000000	45700	19.956332	28.618341	256x256	65536	sparse	Learned	285	4	26	2235	30.876400	0.596498	28.320911	0.998819	0.548662	0.404157	9	4	0.000000	31	2176	31.068381	0.637730	0.998604	27.745156	0.534201	0.516590	4038	31.507695	0.682696	0.999209	30.383501	0.226005	0.552988	0.132831	0.252835	-0.390464	-0.056106	True	0.544525	30.489438	0.540397	28.456896	0.667129	0.283469	0.542841	28.358141	0.998905	7714
7715.png	0.740053	0.906333	0.950865	0.945586	0.956204	0.998918	28.424204	0.999019	28.836679	0.749735	0.678899	0.731843	31.480144	0.602630	2539	5	0	3	13	1.857143	0.000000	70	65	322.492424	2.870315	0.000000	0.017612	-0.329354	-0.000133	-0.000003	0.027621	1111.524582	0.749735	0.749735	5	0	5	3	13	1.857143	0.000000	5	0	70	65	54	4.961422	2.870315	322.492424	0.000000	44757	17.627806	25.811737	256x256	65536	sparse	Learned	328	5	30	2445	31.789274	0.649160	28.771934	0.999022	0.722114	0.544640	9	11	0.000000	39	2372	32.134447	0.692879	0.998926	28.526051	0.381217	0.712143	3486	32.251760	0.697946	0.999379	31.125650	0.326173	0.701166	0.064745	0.134259	-0.309130	-0.046530	True	0.738992	31.482467	0.602674	28.834533	0.686514	0.502421	0.722441	28.753558	0.999051	7715
7716.png	0.626102	0.886625	0.939906	0.935514	0.944340	0.999342	27.393570	0.999451	28.062962	0.648000	0.601481	0.446305	31.305087	0.590689	1959	4	1	3	9	1.860465	0.250000	43	40	212.066017	2.565725	0.000000	0.011929	-0.651634	-0.000166	-0.000007	0.029775	893.096685	0.648000	0.648000	4	1	3	3	9	1.860465	0.250000	4	1	43	40	31	5.301650	2.565725	212.066017	0.000000	44784	22.860643	33.453803	256x256	65536	sparse	Learned	262	4	26	1885	31.733215	0.625799	28.035937	0.999458	0.618225	0.376558	8	1	0.500000	33	1706	31.901918	0.654920	0.999354	27.559833	0.347863	0.605136	4744	32.686578	0.740532	0.999749	31.903242	0.198179	0.586043	0.027025	0.224923	-0.428128	-0.035110	True	0.626102	31.308093	0.590712	28.067756	0.626561	0.279637	0.614173	28.045204	0.999508	7716
7717.png	0.792771	0.919018	0.957801	0.968326	0.947502	0.999000	26.405583	0.999263	27.107363	0.808236	0.593430	0.863278	31.347489	0.614835	2470	5	0	1	11	1.818182	0.000000	55	50	262.663997	2.886269	0.000000	0.020432	-1.212707	-0.000356	-0.000126	0.044204	1074.337244	0.808236	0.808236	5	0	5	1	11	1.818182	0.000000	5	0	55	50	43	5.253280	2.886269	262.663997	0.000000	44802	18.138462	26.532794	256x256	65536	sparse	Learned	295	5	31	2464	32.004470	0.661430	27.639300	0.999389	0.764032	0.514868	6	1	0.400000	42	2416	32.280567	0.700629	0.999417	28.203644	0.646545	0.756865	3767	32.468736	0.707956	0.999692	31.133362	0.440102	0.760302	-0.531937	0.078563	-0.656981	-0.046594	True	0.793373	31.350866	0.614871	27.115010	0.598280	0.516482	0.772339	27.618290	0.999357	7717
7718.png	0.773569	0.919967	0.958315	0.965368	0.951365	0.999238	26.782765	0.999441	27.342774	0.801724	0.580210	0.844551	31.471091	0.600947	2226	5	0	2	12	1.795918	0.000000	49	44	243.480231	2.433561	0.000000	0.008542	-1.012909	-0.000296	-0.000088	0.036185	903.692007	0.801724	0.801724	5	0	5	2	12	1.795918	0.000000	5	0	49	44	35	5.533642	2.433561	243.480231	0.000000	44872	20.158131	29.441150	256x256	65536	sparse	Learned	287	5	27	2035	31.795851	0.634273	27.752470	0.999528	0.765539	0.500093	6	2	0.000000	40	2192	32.141649	0.682902	0.999533	28.051258	0.483149	0.763622	4093	32.459882	0.716136	0.999771	31.550070	0.425928	0.764009	-0.409696	0.080117	-0.324760	-0.033326	True	0.774411	31.475423	0.600987	27.351348	0.590165	0.498424	0.765027	27.795674	0.999534	7718
7719.png	0.597819	0.917172	0.956797	0.949129	0.964589	0.999060	28.552972	0.999071	28.665726	0.614598	0.548870	0.426630	31.536590	0.593761	2139	5	0	1	11	1.803922	0.000000	51	46	225.480231	2.983425	0.000000	-0.022194	-0.070027	-0.000010	0.000038	-0.014067	1147.276402	0.614598	0.614598	5	0	5	1	11	1.803922	0.000000	5	0	51	46	39	4.901744	2.983425	225.480231	0.000000	44794	20.941561	30.638616	256x256	65536	sparse	Learned	282	5	27	2087	31.686444	0.630663	28.616311	0.999033	0.628664	0.316139	11	3	0.000000	38	2078	32.021354	0.673079	0.998937	28.357041	0.228948	0.596433	4404	32.581926	0.729466	0.999521	31.742747	0.227545	0.633377	0.049414	0.232732	-0.149854	-0.036902	True	0.596180	31.539456	0.593802	28.652218	0.564822	0.240970	0.620013	28.622999	0.999070	7719
7720.png	0.576271	0.861133	0.925386	0.905961	0.945662	0.999135	27.268673	0.999248	27.900191	0.598326	0.566126	0.489438	30.926605	0.562186	1919	4	0	2	10	1.800000	0.000000	40	36	187.438600	2.998396	0.000000	0.000852	-0.359259	-0.000130	0.000050	0.010875	1079.914093	0.598326	0.598326	4	0	4	2	10	1.800000	0.000000	4	0	40	36	28	5.206628	2.998396	187.438600	0.000000	45278	23.594581	34.151120	256x256	65536	sparse	Learned	249	4	24	1837	31.162016	0.597291	27.553734	0.999198	0.587451	0.226374	12	4	0.000000	33	1728	31.418184	0.633972	0.999145	27.410439	0.349491	0.584518	4920	32.272000	0.728113	0.999613	31.409515	0.193010	0.580721	0.346458	0.339752	-0.235411	-0.035105	True	0.576271	30.928966	0.562172	27.895828	0.552912	0.270616	0.575419	27.627931	0.999265	7720
7721.png	0.747432	0.898905	0.946761	0.938434	0.955237	0.999441	26.916241	0.999543	27.443930	0.779793	0.633955	0.948517	30.491671	0.545285	2101	4	0	1	9	1.813953	0.000000	43	39	233.450793	2.512316	0.000000	0.041824	-0.465141	-0.000139	-0.000017	0.045099	885.725737	0.779793	0.779793	4	0	4	1	9	1.813953	0.000000	4	0	43	39	33	5.985918	2.512316	233.450793	0.000000	45769	21.784388	31.192765	256x256	65536	sparse	Learned	275	4	24	2052	30.823180	0.591073	27.269711	0.999560	0.734694	0.524791	5	3	0.000000	30	1870	31.020151	0.626869	0.999479	26.702470	0.607414	0.718409	4362	31.667266	0.696947	0.999786	30.520363	0.510458	0.733756	0.174219	0.109165	-0.331509	-0.045788	True	0.746575	30.493481	0.545298	27.446112	0.646545	0.613259	0.705607	27.381383	0.999580	7721
7722.png	0.758271	0.881447	0.936988	0.959184	0.915797	0.998950	25.835257	0.999395	27.189821	0.803267	0.619017	0.854588	30.780451	0.576311	2206	4	1	5	11	1.872340	0.250000	47	44	220.651804	3.101330	0.000000	-0.011741	-1.492215	-0.000438	-0.000012	0.061270	1203.157425	0.803267	0.803267	4	1	3	5	11	1.872340	0.250000	4	1	47	44	31	5.014814	3.101330	220.651804	0.000000	45259	20.516319	29.708069	256x256	65536	sparse	Learned	255	4	26	2050	31.319359	0.614857	27.273463	0.999408	0.741997	0.589344	4	2	0.500000	34	2078	31.560746	0.661558	0.999361	27.195540	0.481423	0.745124	3945	31.988454	0.693844	0.999746	31.297274	0.433059	0.752888	-0.083641	0.029673	-0.538909	-0.038545	True	0.758947	30.782830	0.576346	27.200514	0.591392	0.505397	0.770013	27.327472	0.999388	7722
7723.png	0.687648	0.915757	0.956026	0.960720	0.951378	0.998859	27.210177	0.999055	27.772016	0.707766	0.431640	0.903948	30.371942	0.525351	1696	4	1	2	9	1.806452	0.250000	31	28	126.396970	4.298196	0.000000	0.015915	-0.362644	-0.000125	0.000042	0.020796	1108.188391	0.707766	0.707766	4	1	3	2	9	1.806452	0.250000	4	0	31	28	20	4.514177	4.298196	126.396970	0.000000	45900	27.063679	38.641509	256x256	65536	sparse	Learned	204	4	21	1681	30.557453	0.559186	27.533695	0.999013	0.686970	0.415584	7	5	0.000000	27	1644	30.767134	0.603716	0.998770	26.954592	0.333023	0.641126	5400	31.848865	0.727866	0.999558	31.351838	0.192786	0.696809	0.238322	0.016055	-0.185511	-0.033836	True	0.686861	30.373532	0.525364	27.769717	0.477954	0.432046	0.671733	27.572821	0.998985	7723
7724.png	0.597826	0.865314	0.927794	0.895893	0.962051	0.999412	27.817161	0.999415	27.985813	0.629104	0.534666	0.556701	30.639797	0.541824	1812	4	1	4	10	1.853659	0.250000	41	38	177.338095	3.027015	0.000000	-0.034808	0.256305	-0.000013	0.000047	-0.043248	1116.902590	0.629104	0.629104	4	1	3	4	10	1.853659	0.250000	4	1	41	38	27	4.666792	3.027015	177.338095	0.000000	45571	25.149558	36.167770	256x256	65536	sparse	Learned	230	4	22	1782	30.808915	0.576473	27.564194	0.999368	0.672352	0.339660	8	1	0.500000	30	1812	31.080137	0.622525	0.999262	27.010942	0.336350	0.639330	4971	31.976845	0.721048	0.999696	31.219541	0.186709	0.667560	0.421620	0.195006	-0.169117	-0.034649	True	0.610961	30.642380	0.541840	27.986831	0.583138	0.324634	0.632634	27.560857	0.999425	7724
7725.png	0.701777	0.889744	0.941655	0.947440	0.935941	0.999171	27.227174	0.999395	27.830611	0.722043	0.588522	0.702590	30.470259	0.546922	2244	5	0	1	11	1.818182	0.000000	55	50	250.137085	2.746346	0.000000	-0.012859	-0.305879	-0.000156	0.000041	0.015294	903.884411	0.722043	0.722043	5	0	5	1	11	1.818182	0.000000	5	0	55	50	43	5.002742	2.746346	250.137085	0.000000	45622	20.330660	29.204991	256x256	65536	sparse	Learned	288	5	25	2143	30.835072	0.596799	27.488039	0.999354	0.706748	0.458973	7	2	0.000000	32	2140	31.097009	0.642238	0.999288	27.332277	0.357250	0.685661	4207	31.609179	0.690244	0.999668	30.828108	0.391038	0.711779	0.342572	0.129549	-0.364813	-0.049877	True	0.702222	30.473320	0.546937	27.833373	0.591801	0.415793	0.714636	27.533053	0.999327	7725
7726.png	0.640441	0.873757	0.932626	0.923201	0.942244	0.999217	27.276523	0.999375	27.734071	0.661417	0.537912	0.623409	31.361068	0.594785	2125	5	0	3	13	1.787234	0.000000	47	42	218.237590	2.804596	0.000000	-0.000959	-0.389735	-0.000139	-0.000001	-0.004274	1126.576900	0.661417	0.661417	5	0	5	3	13	1.787234	0.000000	5	0	47	42	31	5.196133	2.804596	218.237590	0.000000	44852	21.106824	30.840471	256x256	65536	sparse	Learned	253	5	27	2073	31.662336	0.632017	27.747240	0.999376	0.665691	0.376558	8	3	0.000000	37	2114	31.970154	0.675050	0.999303	27.529905	0.328338	0.631040	4157	32.418570	0.714075	0.999706	31.596650	0.233471	0.638889	-0.013169	0.161354	-0.301268	-0.037232	True	0.639654	31.362766	0.594816	27.731335	0.552465	0.344412	0.641399	27.666258	0.999356	7726
7727.png	0.571429	0.888317	0.940856	0.949725	0.932151	0.999098	28.347120	0.999253	28.722790	0.604563	0.658702	0.558808	31.146131	0.572448	2154	4	0	3	11	1.843137	0.000000	51	47	244.551299	2.718192	0.000000	0.016831	-0.098530	-0.000132	0.000062	0.015847	1157.692194	0.604563	0.604563	4	0	4	3	11	1.843137	0.000000	4	0	51	47	37	5.203219	2.718192	244.551299	0.000000	45114	20.944290	30.425255	256x256	65536	sparse	Learned	284	4	27	2138	31.381801	0.615694	28.343739	0.999191	0.588716	0.382982	7	0	0.625000	35	2140	31.657295	0.659722	0.999007	27.741011	0.314617	0.569639	4148	32.109546	0.706396	0.999527	31.180171	0.189030	0.574890	0.379052	0.275720	-0.235670	-0.043245	True	0.569219	31.148097	0.572465	28.718148	0.665460	0.371865	0.554598	28.445650	0.999230	7727
7728.png	0.442809	0.854332	0.921445	0.911975	0.931113	0.998344	28.626377	0.998459	28.974205	0.454812	0.698806	0.225104	30.249337	0.530672	2662	5	1	7	15	1.888889	0.200000	72	68	346.948268	3.258048	0.000000	-0.016118	-0.111831	-0.000126	0.000052	-0.019070	1527.708054	0.454812	0.454812	5	1	4	7	15	1.888889	0.200000	5	1	72	68	50	5.102180	3.258048	346.948268	0.000000	45877	17.234035	24.619083	256x256	65536	sparse	Learned	324	5	28	2602	30.720526	0.601884	28.747248	0.998407	0.473882	0.215616	21	3	0.000000	31	2462	30.921641	0.642144	0.998063	28.008710	0.150126	0.422194	3396	31.062939	0.645360	0.998615	29.771604	0.140650	0.450481	0.226958	0.483189	-0.471189	-0.071212	True	0.443603	30.252153	0.530693	28.974438	0.731794	0.164730	0.458927	28.738208	0.998471	7728
7729.png	0.601276	0.861961	0.925864	0.934524	0.917362	0.999193	28.653191	0.999350	28.921712	0.626536	0.561327	0.521059	31.156977	0.570110	1975	5	1	2	10	1.840000	0.200000	50	46	231.409163	2.527357	0.000000	0.020464	0.095438	-0.000093	0.000033	0.018038	886.149883	0.626536	0.626536	5	1	4	2	10	1.840000	0.200000	5	1	50	46	38	5.030634	2.527357	231.409163	0.000000	45015	22.792405	33.182785	256x256	65536	sparse	Learned	281	5	25	1909	31.370811	0.606765	28.481220	0.999318	0.608498	0.367136	8	4	0.000000	34	1946	31.637518	0.649558	0.999198	28.000209	0.333023	0.595183	4638	32.338232	0.725941	0.999665	31.706865	0.081488	0.594846	0.440492	0.194190	-0.213834	-0.036655	True	0.600160	31.161884	0.570150	28.919228	0.580210	0.302324	0.580812	28.557753	0.999287	7729
7730.png	0.697154	0.898599	0.946592	0.948592	0.944600	0.998956	27.129603	0.999181	27.934800	0.708134	0.615188	0.590914	31.480839	0.600710	2145	4	1	4	10	1.872340	0.250000	47	44	227.350288	3.179200	0.000000	-0.010766	-0.994141	-0.000279	-0.000028	0.016488	1263.576508	0.708134	0.708134	4	1	3	4	10	1.872340	0.250000	4	1	47	44	33	5.167052	3.179200	227.350288	0.000000	44758	20.866200	30.552914	256x256	65536	sparse	Learned	259	4	27	1991	31.817696	0.635406	28.132914	0.999209	0.691646	0.536987	6	4	0.000000	39	2094	32.092874	0.678885	0.999177	28.156048	0.613259	0.674589	4396	32.617690	0.729484	0.999610	31.613179	0.442337	0.678682	-0.198115	0.078201	-0.336857	-0.034696	True	0.697154	31.483535	0.600735	27.936329	0.635781	0.375692	0.707921	28.123744	0.999235	7730
7731.png	0.635036	0.816842	0.899189	0.881818	0.917258	0.999190	26.869135	0.999355	27.546539	0.669825	0.672085	0.742225	30.737866	0.566204	2202	4	1	3	9	1.882353	0.250000	51	48	253.551299	2.601268	0.000000	0.014193	-0.611427	-0.000228	-0.000025	0.033116	1046.998024	0.669825	0.669825	4	1	3	3	9	1.882353	0.250000	4	1	51	48	39	5.282319	2.601268	253.551299	0.000000	45339	20.589918	29.762035	256x256	65536	sparse	Learned	294	4	26	2166	31.162376	0.612040	27.563400	0.999380	0.636709	0.471199	7	4	0.000000	34	2092	31.469168	0.652055	0.999320	27.326479	0.451188	0.627476	3966	31.885974	0.693881	0.999681	30.926705	0.274657	0.625478	-0.016862	0.200886	-0.424510	-0.045835	True	0.633577	30.740903	0.566244	27.549908	0.724729	0.537912	0.620844	27.480563	0.999418	7731
7732.png	0.646881	0.902163	0.948565	0.941429	0.955810	0.998978	28.016188	0.998956	28.144054	0.639523	0.646545	0.573774	30.174040	0.527375	2458	5	0	3	13	1.836066	0.000000	61	56	298.078210	3.063810	0.000000	-0.035381	-0.098038	-0.000061	-0.000002	-0.035604	1369.067430	0.639523	0.639523	5	0	5	3	13	1.836066	0.000000	5	0	61	56	45	5.322825	3.063810	298.078210	0.000000	45966	18.700570	26.662327	256x256	65536	sparse	Learned	317	5	26	2363	30.588022	0.590236	28.104559	0.998958	0.675127	0.507809	9	9	0.000000	29	2194	30.743391	0.626594	0.998672	27.073332	0.245894	0.633603	3650	31.094327	0.655598	0.999349	30.098971	0.143974	0.666500	0.039495	0.138736	-0.413983	-0.062861	True	0.645551	30.174381	0.527380	28.150380	0.669781	0.384303	0.682262	28.114226	0.999039	7732
7733.png	0.476751	0.878587	0.935370	0.918108	0.953293	0.998453	28.627629	0.998458	28.967475	0.483516	0.653544	0.414183	30.459493	0.530244	2055	4	1	6	12	1.888889	0.250000	54	51	240.894444	3.489194	0.000000	-0.019330	0.376456	0.000099	0.000249	-0.013201	1349.278927	0.483516	0.483516	4	1	3	6	12	1.888889	0.250000	4	1	54	51	36	4.723420	3.489194	240.894444	0.000000	45710	22.243309	31.890998	256x256	65536	sparse	Learned	262	4	23	1959	30.594237	0.573899	28.285582	0.998209	0.496718	0.208638	20	2	0.000000	29	1966	30.937227	0.618240	0.998011	28.023736	0.046792	0.487648	4399	31.564608	0.694900	0.998918	30.838147	0.031552	0.410090	0.681893	0.444906	-0.134744	-0.043655	True	0.478163	30.461660	0.530249	28.965964	0.651808	0.269968	0.496081	28.251172	0.998355	7733
7734.png	0.642112	0.861300	0.925482	0.916337	0.934812	0.999075	27.126627	0.999336	27.876093	0.682214	0.732865	0.645680	30.874894	0.579268	2514	4	0	5	13	1.878788	0.000000	66	62	306.391919	2.565523	0.000000	0.023064	-0.732051	-0.000329	-0.000043	0.044742	909.916878	0.682214	0.682214	4	0	4	5	13	1.878788	0.000000	4	0	66	62	48	4.941805	2.565523	306.391919	0.000000	45183	17.972554	26.068417	256x256	65536	sparse	Learned	320	4	30	2473	31.460576	0.634725	27.875640	0.999379	0.637472	0.440102	10	5	0.000000	40	2514	31.810427	0.682186	0.999357	27.993718	0.414064	0.613574	3786	31.986412	0.693253	0.999645	30.961153	0.307231	0.633889	0.000453	0.292763	-0.585682	-0.055457	True	0.642726	30.880898	0.579307	27.873299	0.761885	0.491933	0.619048	27.858678	0.999404	7734
7735.png	0.639570	0.861015	0.925318	0.904300	0.947335	0.998911	28.355459	0.998949	28.756786	0.626082	0.643706	0.620542	31.116105	0.573680	2290	5	0	4	14	1.833333	0.000000	60	55	283.237590	2.905884	0.000000	-0.020876	-0.359896	-0.000138	-0.000037	-0.009599	1279.276609	0.626082	0.626082	5	0	5	4	14	1.833333	0.000000	5	0	60	55	42	5.149774	2.905884	283.237590	0.000000	45155	19.718341	28.618341	256x256	65536	sparse	Learned	305	5	28	2184	31.423554	0.619134	28.726188	0.998986	0.635681	0.447057	8	7	0.000000	36	2088	31.660931	0.658073	0.998876	28.461445	0.344147	0.616359	4074	32.096642	0.703128	0.999369	31.171937	0.350420	0.602542	0.030599	0.196650	-0.307449	-0.045454	True	0.639188	31.115810	0.573714	28.751678	0.657677	0.408116	0.660446	28.715355	0.999049	7735
7736.png	0.652004	0.913958	0.955045	0.939096	0.971545	0.999517	27.061101	0.999545	27.402153	0.677043	0.561765	0.591331	30.480967	0.540032	1947	4	0	0	8	1.804878	0.000000	41	37	194.965512	2.528511	0.000000	-0.009272	0.141650	-0.000046	-0.000007	0.003265	826.943398	0.677043	0.677043	4	0	4	0	8	1.804878	0.000000	4	0	41	37	33	5.269338	2.528511	194.965512	0.000000	45697	23.470467	33.659990	256x256	65536	sparse	Learned	252	4	23	1894	30.778009	0.581269	26.924580	0.999552	0.673778	0.338007	8	0	0.500000	29	1856	30.998848	0.622730	0.999482	26.593763	0.409430	0.655678	4778	31.790418	0.710620	0.999798	31.032825	0.220680	0.672146	0.477574	0.223758	-0.297042	-0.041237	True	0.652004	30.483552	0.540026	27.399917	0.583138	0.344828	0.661276	26.919451	0.999562	7736
7737.png	0.578392	0.847003	0.917165	0.896494	0.938811	0.999224	27.360153	0.999352	28.258917	0.613086	0.520974	0.579942	30.899263	0.561169	1997	5	0	1	11	1.782609	0.000000	46	41	207.994949	2.779441	0.000000	-0.015382	-0.778554	-0.000207	-0.000018	0.001975	969.435215	0.613086	0.613086	5	0	5	1	11	1.782609	0.000000	5	0	46	41	34	5.073048	2.779441	207.994949	0.000000	45277	22.672509	32.817226	256x256	65536	sparse	Learned	263	5	25	1906	31.190661	0.599635	28.144201	0.999370	0.611111	0.413912	7	4	0.000000	32	1868	31.446182	0.640493	0.999262	27.638818	0.235926	0.578358	4596	32.141035	0.717838	0.999659	31.235951	0.206188	0.587397	0.114715	0.107062	-0.291398	-0.038466	True	0.578862	30.901418	0.561182	28.256661	0.635781	0.368716	0.593773	28.138707	0.999431	7737
7738.png	0.610236	0.819417	0.900747	0.910791	0.890922	0.998846	26.618270	0.999360	28.018266	0.665292	0.691181	0.554596	30.628685	0.565097	2235	4	2	4	8	1.932203	0.500000	59	57	267.793939	2.672004	0.000000	0.009212	-1.276173	-0.000516	-0.000020	0.065522	988.150597	0.665292	0.665292	4	2	2	4	8	1.932203	0.500000	4	2	59	57	47	4.698139	2.672004	267.793939	0.000000	45320	20.277405	29.322595	256x256	65536	sparse	Learned	294	4	26	2171	31.173315	0.613110	27.951437	0.999380	0.599770	0.425928	8	3	0.250000	34	2122	31.463664	0.654641	0.999320	27.676786	0.344147	0.589949	3975	31.868633	0.693815	0.999673	31.107552	0.335959	0.587156	0.066829	0.265253	-0.544630	-0.048013	True	0.610236	30.633959	0.565157	28.022324	0.714924	0.396494	0.601024	27.894442	0.999362	7738
7739.png	0.715121	0.868534	0.929642	0.918414	0.941149	0.998606	28.037036	0.998659	28.467537	0.746745	0.810809	0.724772	30.493688	0.551936	2820	4	0	7	15	1.901235	0.000000	81	77	378.291414	3.043921	0.000000	0.002113	-0.501771	-0.000217	-0.000040	0.017114	1199.495554	0.746745	0.746745	4	0	4	7	15	1.901235	0.000000	4	0	81	77	59	4.912876	3.043921	378.291414	0.000000	45658	16.190780	23.239716	256x256	65536	sparse	Learned	351	4	30	2747	31.003085	0.622938	28.495723	0.998698	0.729631	0.604656	10	18	0.000000	35	2814	31.232895	0.675915	0.998416	27.746671	0.116299	0.713844	3033	31.199750	0.646112	0.999115	29.901962	0.244216	0.700161	-0.028187	0.206153	-0.509397	-0.071002	True	0.717391	30.499928	0.551958	28.477081	0.841975	0.610239	0.713008	28.538807	0.998823	7739
7740.png	0.578382	0.892857	0.943396	0.936268	0.950634	0.998673	27.692347	0.998877	28.343618	0.593928	0.580210	0.387946	31.426268	0.599521	2265	5	0	2	12	1.814815	0.000000	54	49	243.894444	3.022624	0.000000	0.001527	-0.744447	-0.000266	-0.000015	0.022080	1307.503700	0.593928	0.593928	5	0	5	2	12	1.814815	0.000000	5	0	54	49	40	4.977438	3.022624	243.894444	0.000000	44778	19.769536	28.934216	256x256	65536	sparse	Learned	279	5	28	2194	31.786528	0.639545	28.424275	0.998892	0.571848	0.237574	16	2	0.000000	40	2126	32.099130	0.677017	0.998910	28.684745	0.260053	0.576182	4034	32.471477	0.716755	0.999399	31.342714	0.219250	0.581776	-0.080657	0.342636	-0.360260	-0.040024	True	0.577750	31.426410	0.599527	28.340451	0.601481	0.233342	0.576855	28.436794	0.998938	7740
7741.png	0.600671	0.878644	0.935402	0.908199	0.964286	0.999158	28.815382	0.999076	28.995950	0.615183	0.515191	0.826203	30.777762	0.548198	1991	5	0	3	13	1.782609	0.000000	46	41	207.894444	3.350518	0.000000	0.000122	0.340927	-0.000026	0.000103	0.000878	1304.321766	0.615183	0.615183	5	0	5	3	13	1.782609	0.000000	5	0	46	41	30	5.070596	3.350518	207.894444	0.000000	45445	22.825213	32.916123	256x256	65536	sparse	Learned	248	5	25	1985	31.034748	0.592857	28.503458	0.998973	0.614305	0.430059	9	8	0.000000	30	1870	31.206381	0.626153	0.998825	27.876023	0.104166	0.601557	4476	31.859427	0.706317	0.999421	31.136723	0.049707	0.563239	0.492493	0.085132	-0.256986	-0.044658	True	0.616256	30.780558	0.548223	28.994833	0.536060	0.442894	0.600549	28.474455	0.999184	7741
7743.png	0.592233	0.889419	0.941474	0.933222	0.949873	0.998970	28.986851	0.999072	29.119226	0.607922	0.534666	0.578512	31.808129	0.603237	1779	4	1	3	9	1.850000	0.250000	40	37	169.468037	3.414463	0.000000	-0.022967	0.300371	0.000032	0.000111	-0.024078	1206.632614	0.607922	0.607922	4	1	3	3	9	1.850000	0.250000	4	1	40	37	28	4.580217	3.414463	169.468037	0.000000	44499	25.013491	36.838673	256x256	65536	sparse	Learned	227	4	25	1741	31.894901	0.628042	28.654413	0.998961	0.632000	0.402072	7	6	0.000000	37	1756	32.188812	0.667729	0.998806	28.380669	0.455561	0.566775	5323	33.148533	0.758811	0.999457	32.311935	0.260239	0.606184	0.464813	0.132594	-0.086772	-0.024805	True	0.590615	31.812362	0.603266	29.120237	0.525266	0.303872	0.615200	28.686480	0.998938	7743
7744.png	0.761057	0.903127	0.949098	0.947267	0.950936	0.999140	26.416830	0.999343	27.172916	0.786692	0.663110	0.839747	30.822534	0.584638	2639	5	0	3	13	1.833333	0.000000	60	55	312.977705	2.546950	0.000000	0.030835	-1.072440	-0.000295	-0.000092	0.058955	858.259916	0.786692	0.786692	5	0	5	3	13	1.833333	0.000000	5	0	60	55	44	5.690504	2.546950	312.977705	0.000000	45356	17.186813	24.833649	256x256	65536	sparse	Learned	315	5	30	2564	31.404923	0.636952	27.485309	0.999435	0.727737	0.471388	8	2	0.000000	38	2618	31.691209	0.686090	0.999363	27.320574	0.538967	0.713548	3551	31.864330	0.682651	0.999677	30.513410	0.518091	0.732011	-0.312393	0.191723	-0.582388	-0.052314	True	0.761524	30.827069	0.584688	27.174884	0.675023	0.566848	0.730222	27.489270	0.999435	7744
7745.png	0.610681	0.875092	0.933386	0.913344	0.954327	0.999252	27.720551	0.999261	28.289087	0.604354	0.648308	0.575770	30.614500	0.547656	2090	4	0	2	10	1.833333	0.000000	48	44	237.722871	2.767128	0.000000	0.025750	-0.181127	-0.000098	0.000021	0.029604	1019.775867	0.604354	0.604354	4	0	4	2	10	1.833333	0.000000	4	0	48	44	36	5.402793	2.767128	237.722871	0.000000	45474	21.757895	31.356938	256x256	65536	sparse	Learned	282	4	25	2012	30.999166	0.594550	27.946594	0.999241	0.574751	0.451188	7	3	0.000000	32	2038	31.203633	0.637538	0.999100	27.517516	0.547062	0.553793	4179	31.729489	0.694544	0.999565	30.839678	0.204331	0.564777	0.342493	0.197120	-0.384665	-0.046894	True	0.609133	30.620324	0.547690	28.292562	0.662098	0.381217	0.584932	27.901678	0.999350	7745
7746.png	0.725456	0.880789	0.936617	0.939616	0.933636	0.999367	26.877921	0.999548	27.396692	0.766964	0.430692	0.868204	31.335078	0.605402	1997	6	0	0	12	1.714286	0.000000	42	36	193.651804	2.686624	0.000000	0.041683	-0.379393	-0.000195	-0.000040	0.065358	803.581715	0.766964	0.766964	6	0	6	0	12	1.714286	0.000000	6	0	42	36	30	5.379217	2.686624	193.651804	0.000000	44716	22.391587	32.817226	256x256	65536	sparse	Learned	250	6	27	1969	31.851498	0.638747	27.284469	0.999588	0.701607	0.256708	12	0	0.500000	38	1908	32.130161	0.676039	0.999549	27.444125	0.263212	0.688701	4574	32.817071	0.739773	0.999818	31.764723	0.306604	0.685649	0.112223	0.173984	-0.516420	-0.033344	True	0.727194	31.339450	0.605423	27.394630	0.443822	0.385328	0.683774	27.257314	0.999561	7746
7747.png	0.647394	0.893130	0.943548	0.933511	0.953804	0.998673	28.133404	0.998734	28.508324	0.652806	0.741278	0.438690	30.251923	0.547470	2895	5	0	4	14	1.873418	0.000000	79	74	388.918831	2.965844	0.000000	0.016382	-0.653238	-0.000243	-0.000071	0.025861	1318.573952	0.652806	0.652806	5	0	5	4	14	1.873418	0.000000	5	0	79	74	61	5.255660	2.965844	388.918831	0.000000	45722	15.793437	22.637651	256x256	65536	sparse	Learned	366	5	31	2868	31.034603	0.626351	28.807811	0.998804	0.626945	0.347536	20	11	0.000000	37	2836	31.258740	0.674176	0.998646	28.322533	0.251161	0.600703	3062	31.170205	0.644471	0.999080	29.981577	0.277989	0.621746	-0.299488	0.393741	-0.782680	-0.078882	True	0.646867	30.251965	0.547458	28.500925	0.758286	0.332653	0.631012	28.786643	0.998915	7747
7748.png	0.701870	0.900215	0.947487	0.934298	0.961054	0.999581	27.513984	0.999619	27.690512	0.746667	0.457735	0.585351	30.570798	0.538940	1815	5	0	0	10	1.736842	0.000000	38	33	178.651804	2.439583	0.000000	-0.000130	0.585753	-0.000006	0.000057	0.012731	813.676834	0.746667	0.746667	5	0	5	0	10	1.736842	0.000000	5	0	38	33	28	5.413691	2.439583	178.651804	0.000000	45657	25.155372	36.107989	256x256	65536	sparse	Learned	236	5	21	1756	30.595643	0.569711	26.863402	0.999562	0.733936	0.310990	8	0	0.700000	29	1652	30.946616	0.614559	0.999472	26.353929	0.401503	0.675076	5111	31.939879	0.723837	0.999818	31.025898	0.256899	0.717435	0.827109	0.146744	-0.024845	-0.030770	True	0.701870	30.573136	0.538942	27.687807	0.470594	0.275463	0.702000	26.928231	0.999587	7748
7749.png	0.728537	0.898972	0.946798	0.946497	0.947100	0.999069	27.587783	0.999230	28.089291	0.757837	0.667129	0.636162	31.415119	0.600312	2570	5	0	5	15	1.850746	0.000000	67	62	312.663997	2.633193	0.000000	-0.025922	-0.611427	-0.000219	-0.000058	0.009021	1162.295103	0.757837	0.757837	5	0	5	5	15	1.850746	0.000000	5	0	67	62	47	5.042968	2.633193	312.663997	0.000000	44896	17.469261	25.500389	256x256	65536	sparse	Learned	315	5	31	2464	31.784711	0.647782	28.180519	0.999288	0.748815	0.462056	9	3	0.000000	40	2460	32.107466	0.692102	0.999223	28.110409	0.453622	0.726511	3586	32.180980	0.695458	0.999566	31.033784	0.479691	0.734253	-0.091228	0.205073	-0.369592	-0.047470	True	0.728373	31.420511	0.600349	28.093940	0.677612	0.431071	0.754459	28.199210	0.999288	7749
7750.png	0.788758	0.919898	0.958278	0.957011	0.959549	0.998909	26.962255	0.999160	27.666427	0.800124	0.570013	0.951327	30.549114	0.553011	2354	5	0	2	12	1.803922	0.000000	51	46	239.965512	3.140324	0.000000	0.020229	-0.641384	-0.000285	-0.000040	0.042343	1120.504856	0.800124	0.800124	5	0	5	2	12	1.803922	0.000000	5	0	51	46	37	5.216642	3.140324	239.965512	0.000000	45562	19.355140	27.840272	256x256	65536	sparse	Learned	284	5	26	2318	30.926857	0.607554	27.633984	0.999199	0.757782	0.617107	6	8	0.000000	32	2110	31.159127	0.645490	0.999041	27.132344	0.579650	0.773066	3869	31.527295	0.680205	0.999575	30.629936	0.505397	0.741458	0.032443	-0.047094	-0.377743	-0.054542	True	0.798154	30.553005	0.553047	27.668193	0.586873	0.558308	0.768529	27.603640	0.999194	7750
7752.png	0.759437	0.891729	0.942766	0.929467	0.956452	0.999254	26.844751	0.999290	27.418013	0.803438	0.609372	0.954711	30.056317	0.520458	2166	4	0	2	10	1.822222	0.000000	45	41	215.480231	3.031703	0.000000	0.045628	-0.314599	-0.000115	0.000028	0.062128	1177.074909	0.803438	0.803438	4	0	4	2	10	1.822222	0.000000	4	0	45	41	33	5.255615	3.031703	215.480231	0.000000	46193	21.326408	30.256694	256x256	65536	sparse	Learned	258	4	23	2076	30.372168	0.571862	27.196806	0.999262	0.741310	0.626187	5	10	0.000000	28	2108	30.649020	0.619804	0.999039	26.428968	0.610932	0.755916	4269	31.189259	0.675616	0.999529	29.602955	0.365552	0.742934	0.221207	-0.016815	-0.315852	-0.051403	True	0.755917	30.059303	0.520498	27.418072	0.644774	0.615572	0.713809	27.159351	0.999369	7752
7753.png	0.520667	0.902768	0.948900	0.938053	0.960000	0.999050	28.601712	0.999127	29.002376	0.526542	0.472708	0.662584	31.825290	0.610850	2063	6	0	1	13	1.733333	0.000000	45	39	209.610173	2.997320	0.000000	0.007792	-0.119644	-0.000103	-0.000007	0.013143	1135.408878	0.526542	0.526542	6	0	6	1	13	1.733333	0.000000	6	0	45	39	31	5.374620	2.997320	209.610173	0.000000	44491	21.566166	31.767329	256x256	65536	sparse	Learned	268	6	28	2010	32.061850	0.645458	28.842421	0.999134	0.513399	0.331592	7	3	0.000000	41	1922	32.322134	0.676024	0.999072	28.836162	0.279277	0.511364	4507	32.907456	0.741043	0.999529	31.909076	0.189892	0.515067	0.159955	0.141115	-0.236560	-0.034608	True	0.521014	31.830248	0.610878	29.004467	0.500093	0.331354	0.512876	28.721356	0.999153	7753
7754.png	0.748679	0.907270	0.951381	0.931455	0.972178	0.999290	27.300359	0.999326	27.514214	0.778111	0.507372	0.729361	30.662744	0.555527	2150	5	0	0	10	1.767442	0.000000	43	38	202.651804	3.078354	0.000000	0.037490	-0.320915	-0.000112	-0.000029	0.047820	1227.444887	0.778111	0.778111	5	0	5	0	10	1.767442	0.000000	5	0	43	38	33	5.332942	3.078354	202.651804	0.000000	45564	21.192558	30.481860	256x256	65536	sparse	Learned	269	5	25	2121	30.999851	0.602254	27.647818	0.999355	0.730290	0.368716	9	2	0.000000	31	1982	31.209873	0.638434	0.999243	27.029345	0.498424	0.717510	4200	31.772717	0.696896	0.999678	30.865512	0.396769	0.726231	-0.133604	0.138655	-0.337107	-0.046728	True	0.747925	30.668874	0.555580	27.514519	0.524791	0.382762	0.711189	27.621273	0.999402	7754
7755.png	0.795775	0.903579	0.949347	0.946875	0.951832	0.999416	26.424001	0.999585	27.056336	0.832139	0.557361	0.973177	30.247021	0.525645	1906	4	0	1	9	1.813953	0.000000	43	39	185.509668	2.628888	0.000000	0.047793	-0.495279	-0.000156	-0.000006	0.052540	1021.972895	0.832139	0.832139	4	0	4	1	9	1.813953	0.000000	4	0	43	39	33	4.756658	2.628888	185.509668	0.000000	45904	24.083945	34.384050	256x256	65536	sparse	Learned	248	4	22	1821	30.490707	0.566238	26.942613	0.999591	0.779599	0.574717	4	2	0.000000	28	1860	30.804352	0.612537	0.999555	26.647155	0.546155	0.781671	4677	31.549979	0.699410	0.999828	31.041021	0.391951	0.781279	0.113723	-0.017356	-0.243686	-0.040594	True	0.795775	30.250560	0.525665	27.061756	0.570443	0.555142	0.747982	26.919280	0.999572	7755
7756.png	0.678114	0.910093	0.952930	0.952641	0.953220	0.999006	28.231043	0.999130	28.664271	0.678696	0.691181	0.487707	30.528463	0.538057	2274	4	0	5	13	1.857143	0.000000	56	52	266.208153	3.129013	0.000000	0.002284	-0.117001	-0.000088	0.000047	0.018458	1321.194410	0.678696	0.678696	4	0	4	5	13	1.857143	0.000000	4	0	56	52	38	5.119388	3.129013	266.208153	0.000000	45763	20.124450	28.819701	256x256	65536	sparse	Learned	286	4	26	2244	30.792974	0.594636	28.344362	0.999082	0.660238	0.343963	13	9	0.000000	29	2062	30.948051	0.628758	0.998842	27.390450	0.249532	0.661036	3976	31.437882	0.681601	0.999375	30.089240	0.249238	0.664568	0.319909	0.347218	-0.264512	-0.056579	True	0.678696	30.531277	0.538077	28.667412	0.727468	0.354792	0.675830	28.348044	0.999094	7756
7757.png	0.773988	0.930836	0.964179	0.955621	0.972892	0.999104	28.027736	0.999175	28.294593	0.791329	0.731526	0.867456	30.897577	0.568134	2534	4	0	2	10	1.862069	0.000000	58	54	295.036580	2.880669	0.000000	-0.007414	-0.044391	-0.000120	-0.000006	0.003336	1210.797787	0.791329	0.791329	4	0	4	2	10	1.862069	0.000000	4	0	58	54	46	5.463640	2.880669	295.036580	0.000000	45388	17.911602	25.862668	256x256	65536	sparse	Learned	326	4	28	2474	31.201560	0.621626	28.122152	0.999180	0.787994	0.777983	4	7	0.000000	35	2396	31.474588	0.666744	0.999017	27.526418	0.368716	0.784666	3620	31.681176	0.678144	0.999453	29.975105	0.456649	0.776144	0.172441	-0.046457	-0.303983	-0.053492	True	0.773541	30.900528	0.568163	28.296828	0.753403	0.653544	0.781403	28.072127	0.999224	7757
7758.png	0.707285	0.930079	0.963773	0.959184	0.968407	0.998900	27.244376	0.999023	27.724385	0.721116	0.501424	0.792409	31.495645	0.602775	2257	5	0	0	10	1.767442	0.000000	43	38	202.965512	3.346329	0.000000	0.001256	-0.357993	-0.000130	0.000027	0.011698	1211.832762	0.721116	0.721116	5	0	5	0	10	1.767442	0.000000	5	0	43	38	33	5.341198	3.346329	202.965512	0.000000	44793	19.846256	29.036774	256x256	65536	sparse	Learned	266	5	28	2231	31.763155	0.641640	27.580949	0.998996	0.709418	0.433846	9	8	0.000000	42	2254	32.203509	0.687343	0.999028	28.199952	0.601481	0.745993	4093	32.487425	0.717538	0.999507	31.074086	0.633345	0.726538	0.143435	0.067579	-0.267510	-0.038865	True	0.707947	31.500502	0.602813	27.727738	0.537912	0.426247	0.706029	27.602369	0.999030	7758
7759.png	0.609920	0.920000	0.958333	0.941176	0.976127	0.998995	28.244775	0.998954	28.397021	0.623337	0.673720	0.455462	30.855752	0.561402	2258	4	0	4	12	1.859649	0.000000	57	53	253.965512	3.091673	0.000000	-0.016071	0.019350	-0.000015	0.000045	-0.019779	1449.389696	0.623337	0.623337	4	0	4	4	12	1.859649	0.000000	4	0	57	53	41	4.791802	3.091673	253.965512	0.000000	45367	20.091674	29.023915	256x256	65536	sparse	Learned	288	4	26	2156	31.124532	0.607593	28.218543	0.998909	0.643116	0.308734	13	3	0.000000	33	2206	31.395285	0.654324	0.998609	27.573976	0.305803	0.571516	4083	31.816561	0.696052	0.999360	30.912845	0.289810	0.622449	0.178478	0.364986	-0.268781	-0.046191	True	0.611520	30.860695	0.561431	28.398732	0.680181	0.309797	0.625991	28.225425	0.999010	7759
7760.png	0.661696	0.891892	0.942857	0.936399	0.949405	0.999325	27.085331	0.999483	27.721039	0.684161	0.552912	0.764134	31.390610	0.588818	1839	4	0	1	9	1.800000	0.000000	40	36	186.823376	2.689139	0.000000	-0.024790	-0.708563	-0.000185	-0.000023	-0.008837	769.876480	0.684161	0.684161	4	0	4	1	9	1.800000	0.000000	4	0	40	36	30	5.189538	2.689139	186.823376	0.000000	44874	24.401305	35.636759	256x256	65536	sparse	Learned	239	4	25	1775	31.674618	0.617034	27.774783	0.999506	0.692998	0.428791	5	3	0.000000	33	1816	31.874692	0.659611	0.999427	27.327639	0.426502	0.678826	4991	32.752989	0.744815	0.999801	32.131823	0.325196	0.686310	-0.053745	0.124121	-0.284008	-0.028216	True	0.673469	31.394544	0.588849	27.728669	0.555142	0.424203	0.686486	27.793894	0.999511	7760
7761.png	0.761468	0.901547	0.948225	0.935084	0.961740	0.999055	29.063836	0.999033	29.283292	0.778246	0.624689	1.009603	31.729788	0.603429	2051	4	0	2	10	1.840000	0.000000	50	46	220.166522	2.997896	0.000000	0.015842	-0.029354	-0.000041	-0.000003	0.012987	1174.825907	0.778246	0.778246	4	0	4	2	10	1.840000	0.000000	4	0	50	46	38	4.786229	2.997896	220.166522	0.000000	44466	21.680156	31.953194	256x256	65536	sparse	Learned	269	4	28	2024	32.008213	0.640105	29.146601	0.999037	0.765258	0.428791	9	6	0.000000	40	1998	32.293865	0.676881	0.998992	29.030027	0.133246	0.748876	4464	32.797852	0.737916	0.999451	31.692031	0.078069	0.701437	0.136691	0.195898	-0.278425	-0.036676	True	0.762712	31.733865	0.603463	29.281126	0.650062	0.656305	0.745626	29.093189	0.999096	7761
7762.png	0.658621	0.879693	0.935996	0.938980	0.933032	0.999175	25.773811	0.999474	27.194423	0.680105	0.478997	0.674406	30.805546	0.566833	1976	5	0	1	11	1.756098	0.000000	41	36	194.865007	2.792857	0.000000	-0.007784	-1.406894	-0.000301	-0.000045	0.015279	859.860659	0.680105	0.680105	5	0	5	1	11	1.756098	0.000000	5	0	41	36	29	5.412917	2.792857	194.865007	0.000000	45308	22.929150	33.165992	256x256	65536	sparse	Learned	240	5	25	1944	31.242828	0.605230	27.255776	0.999519	0.664826	0.400362	7	1	0.300000	32	1970	31.470772	0.648876	0.999465	27.315258	0.448989	0.652070	4677	32.213118	0.723400	0.999763	31.205657	0.373746	0.650000	-0.061352	0.078636	-0.437282	-0.038397	True	0.658621	30.809420	0.566908	27.194210	0.483149	0.325839	0.666404	27.180705	0.999476	7762
7763.png	0.627053	0.904292	0.949741	0.944359	0.955185	0.998910	27.679074	0.999012	27.978838	0.638473	0.760691	0.384237	30.361654	0.544254	2564	4	1	5	12	1.910448	0.250000	67	64	328.806133	3.038706	0.000000	-0.019209	-0.231611	-0.000176	-0.000019	-0.010365	1063.542128	0.638473	0.638473	4	1	3	5	12	1.910448	0.250000	4	0	67	64	50	5.137596	3.038706	328.806133	0.000000	45745	17.841264	25.560062	256x256	65536	sparse	Learned	326	4	28	2540	30.867555	0.610125	27.930604	0.999032	0.648837	0.337297	14	4	0.000000	33	2550	31.106762	0.659171	0.998904	27.500269	0.302324	0.642223	3595	31.296117	0.665543	0.999342	29.757418	0.243611	0.632022	0.048234	0.423394	-0.505901	-0.065872	True	0.627176	30.361957	0.544249	27.976548	0.784544	0.301451	0.646262	27.910685	0.999087	7763
7764.png	0.464016	0.898921	0.946770	0.939969	0.953670	0.998520	28.308015	0.998676	28.625676	0.475138	0.664455	0.439730	30.372770	0.540860	2549	5	0	3	13	1.846154	0.000000	65	60	304.865007	3.193663	0.000000	-0.019163	-0.081516	-0.000101	0.000052	-0.016601	1385.916948	0.475138	0.475138	5	0	5	3	13	1.846154	0.000000	5	0	65	60	49	5.081083	3.193663	304.865007	0.000000	45848	17.986661	25.710475	256x256	65536	sparse	Learned	324	5	27	2517	30.736584	0.603134	28.328146	0.998624	0.491740	0.292285	14	2	0.000000	31	2356	31.015326	0.644419	0.998373	27.751880	0.312023	0.439883	3538	31.225963	0.656487	0.998780	29.667617	0.353617	0.483839	0.297531	0.372170	-0.363813	-0.062274	True	0.462041	30.377731	0.540883	28.631942	0.680181	0.299096	0.483179	28.389531	0.998621	7764
7765.png	0.739389	0.879549	0.935915	0.955744	0.916893	0.999210	25.253765	0.999590	26.716522	0.789286	0.615188	0.708223	30.601122	0.562503	2057	4	0	1	9	1.822222	0.000000	45	41	218.066017	2.522057	0.000000	0.038274	-1.639673	-0.000380	-0.000039	0.093896	794.889927	0.789286	0.789286	4	0	4	1	9	1.822222	0.000000	4	0	45	41	35	5.318683	2.522057	218.066017	0.000000	45446	22.093340	31.859990	256x256	65536	sparse	Learned	273	4	25	2021	31.087382	0.605133	26.925901	0.999629	0.695389	0.539757	5	0	0.875000	33	2038	31.375194	0.649190	0.999596	27.064778	0.591801	0.697409	4450	31.985895	0.709232	0.999829	30.976279	0.298017	0.698546	-0.209378	0.075431	-0.486261	-0.042629	True	0.740017	30.606725	0.562558	26.719427	0.605446	0.428791	0.701115	26.893438	0.999590	7765
7766.png	0.675023	0.878671	0.935418	0.959516	0.912500	0.998284	27.025440	0.998764	27.914481	0.705539	0.723349	0.668188	30.592731	0.568045	2552	4	0	4	12	1.870968	0.000000	62	58	301.048773	3.127224	0.000000	0.017117	-0.960536	-0.000410	-0.000015	0.049154	1293.617964	0.705539	0.705539	4	0	4	4	12	1.870968	0.000000	4	0	62	58	46	5.190496	3.127224	301.048773	0.000000	45415	17.795846	25.680251	256x256	65536	sparse	Learned	312	4	28	2480	31.174222	0.624821	27.941564	0.998779	0.656386	0.381217	14	8	0.000000	37	2550	31.514582	0.677665	0.998737	27.863315	0.461158	0.656592	3338	31.631171	0.672289	0.999231	30.409377	0.346372	0.648778	-0.027083	0.342133	-0.581490	-0.056776	True	0.676909	30.597999	0.568072	27.917611	0.753403	0.503415	0.657906	27.985976	0.998695	7766
7767.png	0.771858	0.884565	0.938747	0.914209	0.964639	0.999686	26.537659	0.999735	27.263255	0.764861	0.485726	0.940136	30.127121	0.514797	1689	4	0	0	8	1.741935	0.000000	31	27	152.610173	2.430300	0.000000	0.065490	0.475304	-0.000016	0.000043	0.026850	791.036606	0.764861	0.764861	4	0	4	0	8	1.741935	0.000000	4	0	31	27	23	5.652229	2.430300	152.610173	0.000000	46077	27.280639	38.801658	256x256	65536	sparse	Learned	228	4	20	1623	30.333392	0.547999	26.238505	0.999691	0.738012	0.294304	7	0	0.625000	25	1670	30.591890	0.593509	0.999647	25.982543	0.448437	0.738717	5577	31.785534	0.730222	0.999878	31.118342	0.322943	0.724654	1.024750	0.191422	-0.206271	-0.033202	True	0.773224	30.132341	0.514822	27.280253	0.485726	0.456649	0.706368	26.062354	0.999702	7767
7768.png	0.798808	0.929016	0.963202	0.950185	0.976580	0.999019	27.848319	0.999019	28.058316	0.803536	0.721963	0.886903	30.867204	0.570938	2564	4	1	7	13	1.900000	0.250000	60	57	305.605122	3.325487	0.000000	-0.014067	-0.169780	-0.000057	0.000010	-0.002346	1205.204964	0.803536	0.803536	4	1	3	7	13	1.900000	0.250000	4	1	60	57	40	5.361493	3.325487	305.605122	0.000000	45388	17.702028	25.560062	256x256	65536	sparse	Learned	302	4	29	2528	31.234588	0.625778	28.025148	0.999009	0.805882	0.819134	4	16	0.000000	36	2468	31.540450	0.674826	0.998884	27.604176	0.599197	0.794425	3678	31.727066	0.683479	0.999429	30.510116	0.754387	0.799109	0.033168	-0.097172	-0.367384	-0.054840	True	0.798015	30.864177	0.570878	28.061944	0.745893	0.661535	0.812874	28.018099	0.999076	7768
7769.png	0.452446	0.892491	0.943192	0.927569	0.959350	0.998290	28.580997	0.997911	28.989210	0.457636	0.684942	0.260513	31.332785	0.593123	2314	4	0	2	10	1.854545	0.000000	55	51	267.178716	3.581663	0.000000	0.013307	-0.414683	-0.000236	0.000108	0.016278	1466.684103	0.457636	0.457636	4	0	4	2	10	1.854545	0.000000	4	0	55	51	43	5.238798	3.581663	267.178716	0.000000	44780	19.351772	28.321521	256x256	65536	sparse	Learned	300	4	30	2309	31.786095	0.639258	28.984554	0.997803	0.441358	0.205845	21	3	0.000000	42	2284	32.131496	0.681292	0.997451	29.015594	0.199169	0.418229	4083	32.419368	0.715233	0.998845	31.676040	0.180384	0.484588	0.004655	0.479098	-0.453310	-0.046135	True	0.471491	31.336908	0.593164	28.990366	0.645129	0.168064	0.439140	28.995680	0.998525	7769
7770.png	0.586137	0.896552	0.945455	0.929849	0.961593	0.999102	28.368287	0.999102	28.491397	0.610851	0.624689	0.560531	31.215973	0.583699	2137	4	0	2	10	1.826087	0.000000	46	42	225.965512	3.201314	0.000000	0.024964	-0.005258	-0.000058	0.000000	0.028604	1182.758808	0.610851	0.610851	4	0	4	2	10	1.826087	0.000000	4	0	46	42	34	5.380131	3.201314	225.965512	0.000000	44921	21.020590	30.667291	256x256	65536	sparse	Learned	273	4	27	2022	31.562992	0.623446	28.365878	0.999102	0.582247	0.332653	9	2	0.000000	35	1960	31.767962	0.658867	0.998948	27.871719	0.360776	0.567174	4279	32.338739	0.717545	0.999500	31.337975	0.301451	0.598137	0.125519	0.292036	-0.347019	-0.039747	True	0.586810	31.220461	0.583714	28.495710	0.637598	0.357393	0.561174	28.373545	0.999160	7770
7771.png	0.500751	0.885116	0.939057	0.922440	0.956284	0.999322	28.406080	0.999344	28.566517	0.515556	0.576838	0.401852	30.502901	0.531041	1959	4	0	1	9	1.822222	0.000000	45	41	200.308658	3.071436	0.000000	0.083144	0.752872	0.000095	0.000142	0.089411	1112.056732	0.515556	0.515556	4	0	4	1	9	1.822222	0.000000	4	0	45	41	35	4.885577	3.071436	200.308658	0.000000	45766	23.361919	33.453803	256x256	65536	sparse	Learned	260	4	22	1753	30.646569	0.566591	27.673127	0.999202	0.426145	0.169489	14	1	0.000000	30	1956	30.925159	0.619514	0.999094	27.123155	0.320683	0.429734	4477	31.557753	0.696708	0.999591	30.778194	0.129998	0.486427	0.893390	0.407349	-0.143669	-0.035550	True	0.500000	30.505632	0.531052	28.574416	0.617107	0.247986	0.417607	27.653208	0.999226	7771
7772.png	0.685755	0.895908	0.945097	0.946171	0.944024	0.999227	27.688884	0.999295	28.031843	0.704348	0.570443	0.576439	30.448825	0.531245	1937	4	0	2	10	1.800000	0.000000	40	36	190.267027	3.211954	0.000000	0.025090	0.105463	-0.000045	0.000047	0.039998	1139.908791	0.704348	0.704348	4	0	4	2	10	1.800000	0.000000	4	0	40	36	28	5.285195	3.211954	190.267027	0.000000	45771	23.629840	33.833764	256x256	65536	sparse	Learned	249	4	22	1766	30.632506	0.567975	27.593875	0.999248	0.664350	0.381217	8	3	0.000000	29	1894	30.872870	0.617683	0.999107	26.938080	0.260527	0.678025	4861	31.707533	0.711483	0.999631	31.001334	0.161009	0.664420	0.437967	0.189226	-0.183681	-0.036730	True	0.685039	30.451442	0.531258	28.030017	0.603469	0.347863	0.660665	27.583422	0.999271	7772
7773.png	0.558845	0.892932	0.943438	0.925308	0.962293	0.999189	28.881687	0.999204	29.023473	0.581129	0.596670	0.427527	31.495460	0.591421	2215	5	0	3	13	1.824561	0.000000	57	52	263.421356	2.610759	0.000000	-0.013902	-0.085927	-0.000072	0.000019	-0.006694	1029.181004	0.581129	0.581129	5	0	5	3	13	1.824561	0.000000	5	0	57	52	41	5.065795	2.610759	263.421356	0.000000	44787	20.219865	29.587359	256x256	65536	sparse	Learned	288	5	29	2176	31.775557	0.632689	28.956941	0.999185	0.587824	0.336350	10	3	0.000000	39	2130	32.032285	0.671172	0.999123	28.712253	0.367312	0.547936	4113	32.392936	0.715555	0.999495	31.165421	0.208990	0.545645	0.066533	0.260320	-0.280097	-0.041267	True	0.558845	31.499488	0.591449	29.025914	0.606235	0.259182	0.572747	28.967614	0.999261	7773
7774.png	0.691868	0.874226	0.932893	0.935676	0.930125	0.999069	27.987738	0.999253	28.497434	0.710052	0.624689	0.686133	30.270160	0.526340	2346	5	0	1	11	1.811321	0.000000	53	48	285.149278	2.595299	0.000000	-0.004388	-0.035506	-0.000144	0.000055	0.006889	981.318474	0.710052	0.710052	5	0	5	1	11	1.811321	0.000000	5	0	53	48	41	5.940610	2.595299	285.149278	0.000000	45927	19.576726	27.935209	256x256	65536	sparse	Learned	311	5	26	2310	30.611518	0.588655	28.009567	0.999198	0.703163	0.426247	9	3	0.000000	30	2290	30.823459	0.632817	0.999014	27.200118	0.127594	0.683483	3749	31.171278	0.666822	0.999511	30.110556	0.099842	0.671264	0.487867	0.198442	-0.341358	-0.062315	True	0.709861	30.271821	0.526355	28.497983	0.727468	0.499140	0.696256	28.023244	0.999214	7774
7775.png	0.747343	0.909018	0.952341	0.950751	0.953936	0.999228	27.380872	0.999344	27.857739	0.763591	0.597476	0.812199	31.471960	0.594281	2087	4	1	3	9	1.869565	0.250000	46	43	209.237590	2.979317	0.000000	0.016282	-0.393790	-0.000138	-0.000009	0.029501	1087.331772	0.763591	0.763591	4	1	3	3	9	1.869565	0.250000	4	1	46	43	34	4.865990	2.979317	209.237590	0.000000	44850	21.490177	31.402012	256x256	65536	sparse	Learned	260	4	26	1931	31.710747	0.625693	27.767661	0.999354	0.734091	0.589344	4	4	0.000000	37	2072	31.956297	0.671913	0.999279	27.452386	0.460259	0.732778	4429	32.535728	0.726779	0.999691	31.571214	0.557803	0.721884	0.090078	0.008132	-0.238788	-0.031412	True	0.751837	31.476117	0.594296	27.864109	0.624689	0.507372	0.731061	27.774663	0.999366	7775
7776.png	0.654923	0.862372	0.926101	0.921272	0.930980	0.998376	28.215336	0.998410	28.861283	0.671027	0.747160	0.671559	30.326003	0.532943	2418	4	2	7	11	1.936508	0.500000	63	61	321.462987	3.055873	0.000000	0.028226	-0.247228	-0.000168	0.000088	0.047767	1480.904818	0.671027	0.671027	4	2	2	7	11	1.936508	0.500000	4	2	63	61	45	5.269885	3.055873	321.462987	0.000000	45757	18.923490	27.103391	256x256	65536	sparse	Learned	307	4	27	2389	30.742920	0.597073	28.488374	0.998322	0.623260	0.399504	14	6	0.000000	31	2226	30.952715	0.634948	0.997835	27.818973	0.076054	0.606164	3900	31.334677	0.673335	0.998779	30.307939	0.065085	0.582211	0.372909	0.347656	-0.416917	-0.064130	True	0.654607	30.327302	0.532962	28.861396	0.780192	0.523945	0.626697	28.462564	0.998544	7776
7777.png	0.663091	0.911779	0.953854	0.943396	0.964546	0.998459	28.472831	0.998456	28.699282	0.679961	0.607807	0.930888	30.106503	0.522714	2453	5	0	1	11	1.814815	0.000000	54	49	268.764502	3.593394	0.000000	-0.010874	-0.187363	-0.000170	-0.000048	-0.012859	1376.642942	0.679961	0.679961	5	0	5	1	11	1.814815	0.000000	5	0	54	49	42	5.484990	3.593394	268.764502	0.000000	46056	18.775377	26.716673	256x256	65536	sparse	Learned	300	5	26	2394	30.525153	0.587495	28.668571	0.998505	0.692820	0.539087	11	18	0.000000	28	2262	30.726621	0.627209	0.998028	27.738938	0.093610	0.696645	3708	31.039721	0.652943	0.998845	29.805519	0.150801	0.656632	0.030711	0.068720	-0.418650	-0.064781	True	0.663255	30.110731	0.522723	28.702709	0.633589	0.589800	0.673965	28.660194	0.998629	7777
7778.png	0.579208	0.914863	0.955539	0.948392	0.962794	0.999182	28.209125	0.999278	28.547001	0.603559	0.662098	0.421027	30.877789	0.559934	2216	4	0	3	11	1.836735	0.000000	49	45	247.793939	2.761787	0.000000	0.004544	0.059319	-0.000095	0.000001	0.009098	1048.221588	0.603559	0.603559	4	0	4	3	11	1.836735	0.000000	4	0	49	45	35	5.506532	2.761787	247.793939	0.000000	45358	20.468412	29.574007	256x256	65536	sparse	Learned	285	4	26	2122	31.142843	0.606532	28.193985	0.999277	0.594460	0.212446	17	1	0.000000	33	2144	31.436032	0.652100	0.999100	27.805207	0.360776	0.559802	4033	31.836467	0.695138	0.999554	30.769253	0.220333	0.578125	0.353015	0.449652	-0.265054	-0.046598	True	0.577793	30.881176	0.559941	28.552527	0.670441	0.282273	0.574664	28.149806	0.999276	7778
7779.png	0.478832	0.817488	0.899580	0.889057	0.910355	0.998954	27.684545	0.999055	28.661432	0.522576	0.639405	0.243919	30.223742	0.519135	2004	4	1	5	11	1.886792	0.250000	53	50	229.166522	3.138554	0.000000	-0.009216	-0.598900	-0.000214	0.000083	0.010932	1400.880098	0.522576	0.522576	4	1	3	5	11	1.886792	0.250000	4	1	53	50	37	4.583330	3.138554	229.166522	0.000000	45875	22.891717	32.702595	256x256	65536	sparse	Learned	272	4	24	1998	30.578078	0.572356	28.284155	0.998973	0.511643	0.227846	14	1	0.000000	28	1834	30.758555	0.604084	0.998799	27.712529	0.146719	0.464507	4606	31.502087	0.699093	0.999475	30.913351	0.087895	0.508333	0.377277	0.411559	-0.354336	-0.053221	True	0.477405	30.227726	0.519169	28.667084	0.675348	0.164730	0.488048	28.283444	0.999169	7779
7780.png	0.644708	0.836207	0.910798	0.905132	0.916535	0.999134	26.672455	0.999410	27.702381	0.675150	0.684942	0.414027	30.629039	0.558183	2270	4	1	6	12	1.888889	0.250000	54	51	272.735065	2.503329	0.000000	-0.003868	-0.671041	-0.000281	0.000015	0.019090	986.819267	0.675150	0.675150	4	1	3	6	12	1.888889	0.250000	4	1	54	51	36	5.347746	2.503329	272.735065	0.000000	45465	20.028634	28.870485	256x256	65536	sparse	Learned	292	4	26	2156	31.084142	0.608299	27.383771	0.999395	0.656060	0.292596	13	0	0.000000	33	2198	31.382170	0.653622	0.999342	27.302782	0.284662	0.619986	4096	31.817612	0.696595	0.999691	30.749400	0.201484	0.661745	0.318611	0.392346	-0.455103	-0.050116	True	0.660280	30.630963	0.558187	27.702746	0.681776	0.282273	0.648575	27.343496	0.999415	7780
7781.png	0.496210	0.899181	0.946915	0.946659	0.947170	0.997991	28.082777	0.998191	28.623319	0.507379	0.713495	0.282074	30.836716	0.559914	2404	4	1	6	12	1.901639	0.250000	61	58	281.379726	3.371618	0.000000	-0.021031	-0.375500	-0.000222	0.000000	-0.011139	1562.120676	0.507379	0.507379	4	1	3	6	12	1.901639	0.250000	4	1	61	58	43	4.851375	3.371618	281.379726	0.000000	45362	18.869384	27.261231	256x256	65536	sparse	Learned	299	4	28	2399	31.208188	0.617846	28.489086	0.998191	0.518519	0.186238	23	4	0.000000	36	2288	31.467997	0.658351	0.998163	28.272674	0.313201	0.491770	3907	31.771882	0.688584	0.998863	30.780427	0.163210	0.510638	0.134232	0.527258	-0.371472	-0.057932	True	0.497221	30.839657	0.559915	28.625244	0.712059	0.200853	0.517241	28.458277	0.998213	7781
7782.png	0.717660	0.899543	0.947115	0.958055	0.936423	0.998698	27.930193	0.998940	28.295577	0.751452	0.642993	0.797871	30.980549	0.570795	2248	4	0	4	12	1.843137	0.000000	51	47	233.894444	3.416158	0.000000	-0.010776	-0.223223	-0.000115	0.000070	0.002307	1392.645597	0.751452	0.751452	4	0	4	4	12	1.843137	0.000000	4	0	51	47	35	4.976478	3.416158	233.894444	0.000000	45293	20.148132	29.153025	256x256	65536	sparse	Learned	274	4	27	2209	31.264114	0.616031	28.117544	0.998870	0.749145	0.489022	7	4	0.000000	34	2226	31.530869	0.661837	0.998667	27.645984	0.511623	0.722636	3935	31.918776	0.694469	0.999413	31.143427	0.403647	0.723224	0.178033	0.153971	-0.283565	-0.045236	True	0.717257	30.983072	0.570821	28.300443	0.695779	0.555142	0.728436	28.153416	0.998814	7782
7783.png	0.584382	0.889183	0.941342	0.939496	0.943195	0.998681	27.880049	0.998775	28.369452	0.596417	0.606235	0.440058	30.916444	0.574572	2370	5	1	3	11	1.864407	0.200000	59	55	273.320851	3.254158	0.000000	-0.007607	-0.629848	-0.000294	-0.000114	0.012716	1335.131884	0.596417	0.596417	5	1	4	3	11	1.864407	0.200000	5	1	59	55	45	4.969470	3.254158	273.320851	0.000000	45221	19.080591	27.652321	256x256	65536	sparse	Learned	291	5	29	2348	31.403302	0.626865	28.576689	0.998889	0.583702	0.321248	16	8	0.000000	36	2296	31.627217	0.668236	0.998814	28.455298	0.301326	0.581231	3881	31.934452	0.694905	0.999209	30.769674	0.168480	0.583253	-0.207237	0.284986	-0.486858	-0.052293	True	0.583333	30.919684	0.574589	28.367236	0.571158	0.251343	0.591988	28.509897	0.998974	7783
7784.png	0.760258	0.906878	0.951165	0.963777	0.938878	0.999238	26.155134	0.999473	26.934132	0.789728	0.620158	0.637470	29.752144	0.524105	2547	5	0	0	10	1.818182	0.000000	55	50	275.936075	2.764673	0.000000	0.032220	-0.828644	-0.000222	-0.000022	0.064196	826.446295	0.789728	0.789728	5	0	5	0	10	1.818182	0.000000	5	0	55	50	45	5.518721	2.764673	275.936075	0.000000	46218	18.146054	25.730664	256x256	65536	sparse	Learned	326	5	26	2496	30.410186	0.593237	26.958927	0.999494	0.725532	0.490844	8	3	0.000000	30	2500	30.656579	0.644146	0.999412	26.450069	0.667129	0.733121	3624	30.918582	0.646221	0.999726	29.807533	0.681245	0.717880	-0.024795	0.129314	-0.658042	-0.069132	True	0.760117	29.755295	0.524133	26.933057	0.716346	0.456649	0.728038	26.983777	0.999460	7784
7785.png	0.549493	0.906174	0.950778	0.956388	0.945233	0.998520	27.492347	0.998789	27.935768	0.568685	0.678899	0.399484	30.420233	0.548724	2694	5	1	6	15	1.882353	0.200000	68	64	327.877200	3.108537	0.000000	-0.009733	-0.585703	-0.000274	-0.000085	0.008533	1295.046091	0.568685	0.568685	5	1	4	6	15	1.882353	0.200000	5	0	68	64	47	5.123081	3.108537	327.877200	0.000000	45829	17.011507	24.326652	256x256	65536	sparse	Learned	319	5	29	2678	30.893584	0.616202	28.085847	0.998874	0.560152	0.315086	13	1	0.000000	33	2586	31.116461	0.662151	0.998578	27.369701	0.389819	0.564478	3540	31.233085	0.659969	0.999100	29.474226	0.228948	0.564867	-0.150079	0.363813	-0.473351	-0.067479	True	0.549976	30.422935	0.548728	27.940219	0.702399	0.280597	0.559226	28.078050	0.998795	7785
7786.png	0.612026	0.914654	0.955425	0.938068	0.973436	0.999391	28.097780	0.999430	28.379672	0.622871	0.548870	0.477108	31.266390	0.588762	2146	5	0	1	11	1.787234	0.000000	47	42	230.036580	2.600530	0.000000	0.017492	-0.007754	-0.000074	-0.000008	0.026494	850.874662	0.622871	0.622871	5	0	5	1	11	1.787234	0.000000	5	0	47	42	35	5.477061	2.600530	230.036580	0.000000	44875	20.910997	30.538677	256x256	65536	sparse	Learned	269	5	26	2040	31.560757	0.625406	28.175828	0.999438	0.596377	0.283946	10	3	0.000000	39	2140	31.974764	0.672178	0.999391	28.098611	0.341638	0.602740	4245	32.395789	0.719437	0.999679	31.215762	0.230761	0.598985	0.203844	0.264924	-0.294367	-0.036644	True	0.612850	31.271843	0.588797	28.381656	0.564822	0.269481	0.594535	28.105534	0.999465	7786
7787.png	0.641819	0.901320	0.948099	0.955363	0.940945	0.999153	27.346627	0.999391	27.923578	0.666235	0.683363	0.498833	30.650574	0.558501	2439	4	0	1	9	1.859649	0.000000	57	53	269.492424	2.808345	0.000000	-0.019076	-0.440187	-0.000173	0.000022	-0.001842	1103.424788	0.666235	0.666235	4	0	4	1	9	1.859649	0.000000	4	0	57	53	47	5.084763	2.808345	269.492424	0.000000	45566	18.682247	26.870029	256x256	65536	sparse	Learned	305	4	27	2408	31.005135	0.613849	27.768500	0.999369	0.668077	0.322943	12	0	0.000000	34	2352	31.324245	0.659749	0.999295	27.407401	0.443292	0.628519	3801	31.589612	0.681259	0.999634	30.390086	0.329680	0.670054	0.155078	0.360420	-0.354560	-0.055348	True	0.639292	30.654702	0.558525	27.924424	0.701803	0.350082	0.660896	27.786814	0.999326	7787
7788.png	0.604918	0.799695	0.888701	0.849515	0.931677	0.999233	28.997915	0.999087	29.559596	0.616106	0.568289	0.559190	30.647541	0.539373	1849	4	0	2	10	1.809524	0.000000	42	38	193.409163	3.172117	0.000000	0.014815	0.135062	-0.000094	0.000116	-0.000763	1219.567537	0.616106	0.616106	4	0	4	2	10	1.809524	0.000000	4	0	42	38	30	5.089715	3.172117	193.409163	0.000000	45522	24.619794	35.444024	256x256	65536	sparse	Learned	243	4	23	1791	30.879521	0.578969	28.849697	0.998971	0.616869	0.509992	6	1	0.250000	28	1644	31.055542	0.609008	0.998735	28.082444	0.086281	0.600276	4921	31.974995	0.721496	0.999344	31.320441	0.030287	0.373118	0.709899	0.058298	-0.231980	-0.039595	True	0.606880	30.649320	0.539389	29.561947	0.607414	0.339660	0.590103	28.862852	0.999327	7788
7789.png	0.617133	0.880240	0.936306	0.914667	0.958993	0.999485	27.191926	0.999512	27.450986	0.627032	0.611320	0.536747	30.360016	0.534655	2057	4	1	4	10	1.869565	0.250000	46	43	220.793939	2.709522	0.000000	0.002695	-0.042427	-0.000052	0.000047	0.009738	972.902298	0.627032	0.627032	4	1	3	4	10	1.869565	0.250000	4	1	46	43	32	5.134743	2.709522	220.793939	0.000000	45811	22.270783	31.859990	256x256	65536	sparse	Learned	257	4	23	1966	30.648780	0.579549	27.082656	0.999466	0.617294	0.277071	9	0	0.000000	28	1828	30.900462	0.617285	0.999338	26.443132	0.426502	0.592563	4474	31.618761	0.697626	0.999766	31.038406	0.364494	0.613269	0.368330	0.334249	-0.288764	-0.044894	True	0.617133	30.363780	0.534667	27.459610	0.603469	0.323910	0.614438	27.234353	0.999536	7789
7790.png	0.626398	0.887865	0.940602	0.927025	0.954583	0.999342	26.728444	0.999444	27.190174	0.652012	0.646545	0.479160	30.826696	0.565756	2150	4	0	2	10	1.833333	0.000000	48	44	234.237590	2.679836	0.000000	0.008605	-0.412423	-0.000098	0.000013	0.021362	834.701300	0.652012	0.652012	4	0	4	2	10	1.833333	0.000000	4	0	48	44	36	5.323582	2.679836	234.237590	0.000000	45369	21.101860	30.481860	256x256	65536	sparse	Learned	284	4	25	2056	31.120040	0.605505	27.118704	0.999432	0.630650	0.360776	8	1	0.000000	33	2114	31.448894	0.651636	0.999455	27.349917	0.371516	0.649506	4402	31.983053	0.704869	0.999740	31.034799	0.331911	0.638149	0.071471	0.285770	-0.293344	-0.039749	True	0.627144	30.832277	0.565780	27.186585	0.670441	0.321248	0.617794	27.140867	0.999440	7790
7791.png	0.588028	0.897333	0.945889	0.949671	0.942137	0.998280	28.682071	0.998395	28.903890	0.598131	0.721963	0.308487	30.248985	0.526338	2425	4	1	6	12	1.907692	0.250000	65	62	293.178716	3.616403	0.000000	-0.005359	0.163607	-0.000018	0.000107	0.002357	1340.106010	0.598131	0.598131	4	1	3	6	12	1.907692	0.250000	4	1	65	62	47	4.728689	3.616403	293.178716	0.000000	45899	18.927423	27.025155	256x256	65536	sparse	Learned	301	4	26	2315	30.613143	0.587668	28.465303	0.998289	0.595773	0.233143	22	9	0.000000	31	2418	30.880472	0.639495	0.998037	27.898666	0.072364	0.568241	3836	31.162788	0.664301	0.998803	29.934683	0.058357	0.592624	0.438587	0.488820	-0.364158	-0.061330	True	0.586526	30.251082	0.526362	28.903444	0.759492	0.234294	0.593387	28.518465	0.998298	7791
7792.png	0.721275	0.894888	0.944529	0.920741	0.969579	0.999292	27.644181	0.999322	28.103614	0.736919	0.639405	0.540817	30.558739	0.544897	2172	4	0	1	9	1.826087	0.000000	46	42	231.894444	2.856947	0.000000	0.019509	-0.161303	-0.000092	0.000023	0.014338	1008.934021	0.736919	0.736919	4	0	4	1	9	1.826087	0.000000	4	0	46	42	36	5.521296	2.856947	231.894444	0.000000	45662	21.023020	30.173112	256x256	65536	sparse	Learned	280	4	25	2117	30.859253	0.594004	27.805064	0.999300	0.722581	0.345338	11	3	0.000000	31	1956	31.098312	0.631081	0.999228	27.448175	0.440102	0.684278	4269	31.675593	0.695367	0.999623	30.888955	0.223998	0.711576	0.298550	0.294067	-0.300514	-0.049107	True	0.719792	30.562635	0.544918	28.104923	0.681776	0.368716	0.701766	27.805483	0.999384	7792
7793.png	0.688047	0.915157	0.955699	0.949555	0.961924	0.999459	26.740081	0.999580	27.257399	0.712329	0.466342	0.562014	30.832042	0.561779	1929	5	0	0	10	1.736842	0.000000	38	33	181.409163	2.627912	0.000000	0.033628	-0.383876	-0.000104	0.000017	0.053792	845.403194	0.712329	0.712329	5	0	5	0	10	1.736842	0.000000	5	0	38	33	28	5.497247	2.627912	181.409163	0.000000	45314	23.490928	33.974080	256x256	65536	sparse	Learned	242	5	24	1910	31.124911	0.599717	27.142399	0.999563	0.658537	0.281076	8	0	0.700000	32	1876	31.399564	0.642393	0.999503	26.885413	0.355964	0.648485	4700	32.116270	0.717593	0.999799	31.208202	0.246960	0.664330	0.115001	0.185266	-0.292869	-0.037938	True	0.688047	30.836863	0.561825	27.257122	0.487267	0.273851	0.654418	27.123956	0.999563	7793
7794.png	0.535561	0.927801	0.962548	0.943460	0.982425	0.999339	27.753141	0.999342	27.862497	0.536341	0.576838	0.372644	31.524292	0.599273	1931	4	0	1	9	1.800000	0.000000	40	36	194.095454	2.915520	0.000000	-0.004735	-0.012405	-0.000050	-0.000003	-0.008309	1105.125904	0.536341	0.536341	4	0	4	1	9	1.800000	0.000000	4	0	40	36	30	5.391540	2.915520	194.095454	0.000000	44745	23.171932	33.938892	256x256	65536	sparse	Learned	254	4	26	1893	31.782508	0.629893	27.772505	0.999345	0.544650	0.224308	10	0	0.250000	37	1896	32.074053	0.668037	0.999320	27.975614	0.268384	0.536290	4770	32.792547	0.741194	0.999661	31.676747	0.272640	0.574059	0.089991	0.352530	-0.258216	-0.030621	True	0.535561	31.530868	0.599318	27.863027	0.585217	0.218078	0.540296	27.765546	0.999388	7794
7795.png	0.473552	0.844080	0.915448	0.885609	0.947368	0.999583	27.682803	0.999639	28.153938	0.484223	0.480558	0.665462	30.322920	0.517868	1586	4	0	1	9	1.750000	0.000000	32	28	144.811183	2.757552	0.000000	-0.003860	0.352137	-0.000029	0.000073	-0.005163	975.960732	0.484223	0.484223	4	0	4	1	9	1.750000	0.000000	4	0	32	28	22	5.171828	2.757552	144.811183	0.000000	45867	28.919924	41.321564	256x256	65536	sparse	Learned	218	4	20	1552	30.509437	0.547561	27.343133	0.999567	0.489387	0.336350	4	0	1.000000	25	1584	30.695238	0.590409	0.999514	26.745388	0.329680	0.493476	5797	31.985053	0.741651	0.999819	31.700285	0.199085	0.510613	0.810805	0.144208	-0.186516	-0.029693	True	0.473552	30.323207	0.517884	28.146696	0.464739	0.309266	0.477411	27.330666	0.999612	7795
7796.png	0.780972	0.919178	0.957887	0.959943	0.955840	0.999221	27.466861	0.999327	27.857505	0.816655	0.604656	0.806967	31.242567	0.587662	2374	5	0	1	11	1.803922	0.000000	51	46	268.421356	2.707937	0.000000	-0.001525	-0.254320	-0.000098	0.000012	0.018347	1089.485645	0.816655	0.816655	5	0	5	1	11	1.803922	0.000000	5	0	51	46	39	5.835247	2.707937	268.421356	0.000000	45180	19.031171	27.605729	256x256	65536	sparse	Learned	294	5	29	2359	31.515686	0.634173	27.706806	0.999315	0.798308	0.615572	5	3	0.000000	38	2342	31.818092	0.678553	0.999285	27.763470	0.558098	0.776978	3727	32.069173	0.694101	0.999648	30.921584	0.424622	0.779762	0.150699	-0.010916	-0.273118	-0.046510	True	0.788684	31.244030	0.587681	27.861811	0.607807	0.490480	0.782497	27.721181	0.999319	7796
7797.png	0.681818	0.816417	0.898931	0.895450	0.902439	0.999306	27.460101	0.999440	27.902421	0.745925	0.520974	0.739228	31.145794	0.578980	2012	5	0	0	10	1.756098	0.000000	41	36	212.551299	2.368460	0.000000	0.025211	-0.766014	-0.000209	-0.000040	0.022341	907.183886	0.745925	0.745925	5	0	5	0	10	1.756098	0.000000	5	0	41	36	31	5.904203	2.368460	212.551299	0.000000	45007	22.369284	32.572565	256x256	65536	sparse	Learned	270	5	26	1982	31.507646	0.620246	28.105317	0.999480	0.723584	0.412865	8	1	0.200000	36	2004	31.743444	0.659871	0.999394	27.758892	0.303485	0.704731	4694	32.427340	0.729519	0.999764	31.757864	0.199331	0.701480	-0.202896	0.108109	-0.361852	-0.041266	True	0.681186	31.150760	0.578994	27.907261	0.541594	0.400362	0.656607	28.226116	0.999515	7797
7798.png	0.723779	0.850431	0.919171	0.936207	0.902743	0.999093	26.955299	0.999468	28.081961	0.768650	0.593430	0.503842	30.801847	0.557568	2019	4	0	1	9	1.826087	0.000000	46	42	206.237590	2.742872	0.000000	-0.000031	-0.973077	-0.000299	0.000005	0.042193	1077.305555	0.768650	0.768650	4	0	4	1	9	1.826087	0.000000	4	0	46	42	36	4.910419	2.742872	206.237590	0.000000	45324	22.448737	32.459633	256x256	65536	sparse	Learned	266	4	24	1873	31.122075	0.596161	27.893633	0.999463	0.726457	0.477954	6	5	0.000000	32	1890	31.357739	0.639646	0.999385	27.458203	0.368716	0.724771	4399	31.966649	0.707532	0.999749	31.364419	0.308278	0.692598	0.188328	0.115476	-0.320227	-0.038594	True	0.723336	30.802475	0.557577	28.071494	0.637598	0.321248	0.723810	27.928376	0.999392	7798
7799.png	0.757740	0.873398	0.932421	0.941436	0.923577	0.998566	27.208407	0.998934	27.930922	0.790698	0.721963	0.868708	30.846930	0.570931	2522	4	1	8	14	1.903226	0.250000	62	59	296.906638	3.132422	0.000000	0.015423	-0.873523	-0.000366	-0.000023	0.025707	1226.291418	0.790698	0.790698	4	1	3	8	14	1.903226	0.250000	4	1	62	59	40	5.032316	3.132422	296.906638	0.000000	45293	17.959159	25.985726	256x256	65536	sparse	Learned	297	4	29	2492	31.306394	0.626905	28.020804	0.998957	0.764990	0.705948	5	6	0.000000	37	2498	31.584704	0.676262	0.998860	27.654592	0.520495	0.751437	3615	31.747141	0.681953	0.999411	30.515138	0.416280	0.761975	-0.089882	0.016014	-0.459464	-0.055973	True	0.758722	30.849746	0.570935	27.930700	0.757074	0.657677	0.742317	28.081930	0.998932	7799
7800.png	0.695388	0.894608	0.944373	0.944373	0.944373	0.998980	27.930905	0.999106	28.366871	0.703659	0.662098	0.667015	30.487188	0.540515	2229	4	0	3	11	1.859649	0.000000	57	53	245.722871	3.057593	0.000000	0.002717	-0.212924	-0.000094	0.000040	0.014979	1233.267546	0.703659	0.703659	4	0	4	3	11	1.859649	0.000000	4	0	57	53	43	4.636281	3.057593	245.722871	0.000000	45644	20.477344	29.401525	256x256	65536	sparse	Learned	286	4	26	2215	30.876294	0.596722	28.188236	0.999066	0.688679	0.371236	10	4	0.000000	31	2006	31.033948	0.631144	0.998914	27.391179	0.301326	0.683168	4134	31.565210	0.688350	0.999483	30.679379	0.174074	0.679465	0.178636	0.290862	-0.389106	-0.056207	True	0.695203	30.491421	0.540527	28.367066	0.692721	0.462056	0.692671	28.143829	0.999074	7800
7801.png	0.670362	0.873476	0.932466	0.918803	0.946541	0.999232	27.407254	0.999372	28.001459	0.691458	0.597476	0.614938	29.974047	0.531294	2615	6	0	0	12	1.809524	0.000000	63	57	315.877200	2.617553	0.000000	0.043776	-0.467065	-0.000162	-0.000015	0.063645	1004.116535	0.691458	0.691458	6	0	6	0	12	1.809524	0.000000	6	0	63	57	51	5.541705	2.617553	315.877200	0.000000	46045	17.608031	25.061568	256x256	65536	sparse	Learned	333	6	27	2510	30.642541	0.601088	27.995076	0.999387	0.627814	0.471535	9	3	0.000000	31	2572	30.874600	0.652779	0.999219	27.047492	0.548096	0.623081	3685	31.086236	0.659004	0.999590	29.663038	0.346230	0.635401	0.006383	0.125941	-0.668494	-0.069794	True	0.674459	29.979513	0.531327	28.014363	0.682729	0.419836	0.626585	27.874319	0.999394	7801
7802.png	0.700424	0.897885	0.946195	0.936948	0.955627	0.999109	28.242005	0.999212	28.572592	0.719224	0.612485	0.476092	30.637881	0.546811	2264	5	1	5	13	1.857143	0.200000	56	52	264.066017	3.030769	0.000000	0.006272	0.218536	-0.000105	0.000044	0.014916	1101.354361	0.719224	0.719224	5	1	4	5	13	1.857143	0.200000	5	1	56	52	38	5.078193	3.030769	264.066017	0.000000	45620	20.150177	28.946996	256x256	65536	sparse	Learned	292	5	25	2119	30.866619	0.594917	28.037238	0.999168	0.704307	0.575425	6	8	0.000000	32	2166	31.132438	0.643890	0.999059	27.665404	0.382453	0.688266	4020	31.575289	0.687512	0.999464	30.373180	0.146473	0.695528	0.535354	0.037060	-0.228739	-0.048106	True	0.701637	30.641174	0.546828	28.572484	0.653544	0.311147	0.694152	28.023470	0.999213	7802
7803.png	0.704142	0.876888	0.934406	0.948529	0.920698	0.999056	26.156659	0.999382	27.185474	0.747880	0.615188	0.661884	30.777456	0.562192	2144	4	0	2	10	1.840000	0.000000	50	46	222.622366	2.748889	0.000000	0.009892	-1.250948	-0.000364	-0.000051	0.035137	1079.436779	0.747880	0.747880	4	0	4	2	10	1.840000	0.000000	4	0	50	46	38	4.839617	2.748889	222.622366	0.000000	45412	21.180970	30.567164	256x256	65536	sparse	Learned	270	4	25	2051	31.100361	0.605679	27.337129	0.999433	0.712743	0.410554	7	1	0.125000	32	1946	31.337520	0.642490	0.999341	26.751184	0.617107	0.702605	4042	31.842049	0.694455	0.999707	30.633365	0.326014	0.699497	-0.151655	0.204634	-0.322906	-0.043487	True	0.702882	30.781644	0.562231	27.196155	0.662098	0.438232	0.694250	27.407608	0.999420	7803
7804.png	0.732814	0.901905	0.948423	0.944568	0.952310	0.999139	27.722497	0.999275	28.226883	0.763101	0.662098	0.718921	30.626008	0.550343	2244	4	1	2	9	1.884615	0.250000	52	49	249.036580	2.775810	0.000000	0.030538	-0.181614	-0.000119	0.000027	0.052791	1146.308184	0.763101	0.763101	4	1	3	2	9	1.884615	0.250000	4	0	52	49	41	5.082379	2.775810	249.036580	0.000000	45559	20.302585	29.204991	256x256	65536	sparse	Learned	286	4	25	2038	30.988496	0.596657	27.938827	0.999249	0.710310	0.546803	7	7	0.000000	31	2044	31.205365	0.638266	0.999131	27.563614	0.315086	0.707523	4237	31.736183	0.696957	0.999594	31.177851	0.199856	0.701231	0.288057	0.115295	-0.362488	-0.046315	True	0.731776	30.628689	0.550364	28.226181	0.663784	0.477208	0.702276	27.904111	0.999258	7804
7805.png	0.608169	0.887427	0.940356	0.922960	0.958421	0.998292	28.556713	0.998227	28.774653	0.595110	0.705948	0.653930	31.188970	0.582013	2579	5	0	6	16	1.866667	0.000000	75	70	352.362482	2.935291	0.000000	0.005403	-0.231180	-0.000111	0.000016	0.008029	1555.132151	0.595110	0.595110	5	0	5	6	16	1.866667	0.000000	5	0	75	70	53	5.033750	2.935291	352.362482	0.000000	45099	17.487010	25.411400	256x256	65536	sparse	Learned	319	5	31	2501	31.548229	0.635074	28.690707	0.998211	0.587081	0.424622	11	3	0.000000	40	2498	31.849101	0.681422	0.998210	28.693387	0.345763	0.555824	3620	31.953145	0.688266	0.998834	30.795345	0.217700	0.600764	0.083946	0.281327	-0.359259	-0.053061	True	0.606351	31.192339	0.582029	28.784214	0.717478	0.469181	0.602767	28.787893	0.998403	7805
7806.png	0.465517	0.857781	0.923447	0.897896	0.950495	0.999327	27.893934	0.999353	28.164651	0.479421	0.557803	0.368820	30.411155	0.534143	2028	5	0	2	12	1.791667	0.000000	48	43	221.781746	2.744012	0.000000	0.012020	-0.022623	-0.000081	0.000028	0.011770	1009.945869	0.479421	0.479421	5	0	5	2	12	1.791667	0.000000	5	0	48	43	34	5.157715	2.744012	221.781746	0.000000	45696	22.532544	32.315582	256x256	65536	sparse	Learned	281	5	23	1921	30.687853	0.578771	27.913401	0.999325	0.467651	0.297071	8	0	0.700000	30	1898	30.978164	0.620539	0.999243	27.608595	0.363646	0.450502	4411	31.615670	0.697047	0.999633	31.042708	0.201694	0.472085	0.251250	0.260732	-0.276698	-0.044628	True	0.465517	30.413319	0.534152	28.167542	0.578527	0.213372	0.453497	27.916557	0.999408	7806
7807.png	0.535822	0.897523	0.945995	0.934222	0.958067	0.997971	28.684939	0.998108	28.964028	0.533530	0.669781	0.508231	31.293569	0.592779	2536	5	1	6	14	1.875000	0.200000	64	60	315.249783	3.550471	0.000000	-0.016082	-0.072547	-0.000075	0.000093	-0.009884	1351.182461	0.533530	0.533530	5	1	4	6	14	1.875000	0.200000	5	1	64	60	44	5.254163	3.550471	315.249783	0.000000	44988	17.739748	25.842271	256x256	65536	sparse	Learned	303	5	31	2503	31.718662	0.643748	28.792782	0.998014	0.543414	0.329680	16	6	0.000000	40	2310	31.962797	0.678284	0.997883	28.806968	0.298827	0.500426	3594	32.107597	0.692762	0.998771	31.023915	0.228948	0.524276	0.171245	0.340101	-0.425094	-0.050969	True	0.534964	31.296579	0.592821	28.967545	0.682729	0.346984	0.551903	28.757486	0.998046	7807
7808.png	0.827773	0.904762	0.950000	0.942520	0.957600	0.999301	26.596328	0.999443	27.138356	0.836167	0.556031	1.012858	30.342738	0.535696	2235	5	0	2	12	1.800000	0.000000	50	45	236.107648	2.680048	0.000000	0.043658	-0.361974	-0.000145	0.000002	0.065733	1009.462833	0.836167	0.836167	5	0	5	2	12	1.800000	0.000000	5	0	50	45	36	5.246837	2.680048	236.107648	0.000000	45863	20.520358	29.322595	256x256	65536	sparse	Learned	269	5	25	2194	30.675363	0.589436	26.988425	0.999442	0.770434	0.556031	5	2	0.000000	30	2192	30.904360	0.636441	0.999351	26.365539	0.528577	0.778174	4165	31.376418	0.680001	0.999704	29.959628	0.421606	0.766382	0.149931	0.000000	-0.332625	-0.053740	True	0.830101	30.346585	0.535713	27.136249	0.552465	0.559568	0.784116	26.958303	0.999446	7808
7809.png	0.680702	0.876980	0.934459	0.932099	0.936830	0.998927	27.739613	0.998844	28.067592	0.720573	0.695170	0.864190	31.495584	0.613033	2648	5	2	6	12	1.915493	0.400000	71	68	338.320851	2.760235	0.000000	0.009308	-0.639686	-0.000205	-0.000024	0.031564	1224.797964	0.720573	0.720573	5	2	3	6	12	1.915493	0.400000	5	2	71	68	53	4.975307	2.760235	338.320851	0.000000	44752	16.900302	24.749245	256x256	65536	sparse	Learned	332	5	32	2519	32.040805	0.662659	28.293974	0.998867	0.689009	0.750426	5	10	0.000000	43	2420	32.324716	0.701778	0.998834	28.621569	0.460096	0.688230	3337	32.366610	0.697225	0.999317	30.961500	0.670912	0.691932	-0.226382	-0.055256	-0.545222	-0.049626	True	0.680180	31.500900	0.613061	28.078423	0.741278	0.640605	0.671394	28.379299	0.999132	7809
7810.png	0.564233	0.888395	0.940900	0.943953	0.937866	0.998678	28.439767	0.998878	28.768853	0.571347	0.684942	0.424920	31.045383	0.569265	2289	4	0	3	11	1.862069	0.000000	58	54	263.036580	3.139196	0.000000	-0.003798	-0.005140	-0.000098	0.000037	0.004199	1327.379942	0.571347	0.571347	4	0	4	3	11	1.862069	0.000000	4	0	58	54	44	4.871048	3.139196	263.036580	0.000000	45204	19.748362	28.630843	256x256	65536	sparse	Learned	292	4	28	2261	31.380881	0.620136	28.487832	0.998841	0.567148	0.248236	15	4	0.000000	35	2208	31.610806	0.659702	0.998639	27.970336	0.226510	0.539945	4124	32.026414	0.701171	0.999282	31.017684	0.169726	0.555432	0.281021	0.436706	-0.335498	-0.050872	True	0.563101	31.046871	0.569269	28.771926	0.698806	0.296936	0.568031	28.444907	0.998776	7810
7811.png	0.661259	0.864041	0.927062	0.907877	0.947075	0.998972	28.678113	0.999011	28.828349	0.688345	0.610932	0.889912	31.785880	0.611161	2258	5	0	4	14	1.830508	0.000000	59	54	273.249783	2.600093	0.000000	0.009194	-0.307624	-0.000154	-0.000071	0.021473	1271.928310	0.688345	0.688345	5	0	5	4	14	1.830508	0.000000	5	0	59	54	41	5.060181	2.600093	273.249783	0.000000	44528	19.720106	29.023915	256x256	65536	sparse	Learned	290	5	30	2170	32.113397	0.649278	28.934856	0.999082	0.666872	0.428791	9	3	0.000000	41	2254	32.350788	0.692637	0.998949	28.582198	0.397098	0.671199	4083	32.734556	0.726307	0.999481	31.680361	0.304523	0.662228	-0.106507	0.182141	-0.327517	-0.038117	True	0.659740	31.786888	0.611182	28.825730	0.617107	0.549171	0.652065	28.985737	0.999127	7811
7812.png	0.551458	0.865988	0.928182	0.946247	0.910794	0.999116	27.025985	0.999509	27.860350	0.607825	0.501424	0.368841	30.934401	0.563101	1913	5	0	2	12	1.761905	0.000000	42	37	197.580736	2.603351	0.000000	0.001953	-0.595791	-0.000264	-0.000000	0.014075	883.913755	0.607825	0.607825	5	0	5	2	12	1.761905	0.000000	5	0	42	37	28	5.340020	2.603351	197.580736	0.000000	45260	23.659174	34.258233	256x256	65536	sparse	Learned	253	5	24	1847	31.160669	0.598123	27.557027	0.999509	0.593750	0.254226	9	0	0.600000	31	1808	31.411839	0.637478	0.999430	27.152536	0.351656	0.572954	4664	32.176582	0.719435	0.999763	31.329306	0.190428	0.627265	0.303324	0.247198	-0.226267	-0.035022	True	0.552316	30.937820	0.563128	27.858252	0.539757	0.199085	0.549505	27.621776	0.999380	7812
7813.png	0.568098	0.889429	0.941479	0.937860	0.945126	0.998806	28.205508	0.998935	28.613856	0.590093	0.663784	0.513166	30.427339	0.532462	2180	4	0	3	11	1.829787	0.000000	47	43	242.166522	3.299051	0.000000	-0.028372	-0.146407	-0.000094	0.000084	-0.019559	1372.884274	0.590093	0.590093	4	0	4	3	11	1.829787	0.000000	4	0	47	43	33	5.631780	3.299051	242.166522	0.000000	45839	21.027064	30.062385	256x256	65536	sparse	Learned	280	4	25	2126	30.732779	0.585744	28.286179	0.998850	0.609652	0.324071	12	4	0.000000	30	2180	30.955083	0.630700	0.998617	27.648820	0.163444	0.588342	4238	31.478494	0.688103	0.999230	30.558069	0.139954	0.602994	0.327677	0.339713	-0.305440	-0.053282	True	0.568976	30.430609	0.532486	28.621636	0.670441	0.344047	0.596470	28.351915	0.998900	7813
7814.png	0.568277	0.888218	0.940800	0.915888	0.967105	0.999534	27.322997	0.999562	27.516663	0.588477	0.498424	0.543987	31.117673	0.570177	1789	4	0	0	8	1.771429	0.000000	35	31	161.752309	2.842612	0.000000	-0.000828	0.548784	0.000004	0.000092	-0.008119	967.730522	0.588477	0.588477	4	0	4	0	8	1.771429	0.000000	4	0	35	31	27	5.217816	2.842612	161.752309	0.000000	45252	25.294578	36.632756	256x256	65536	sparse	Learned	232	4	22	1632	31.256229	0.592500	26.733712	0.999470	0.596597	0.320683	6	1	0.250000	32	1736	31.523897	0.638753	0.999475	27.057788	0.342953	0.580773	5273	32.485456	0.743297	0.999807	31.840923	0.310990	0.589463	0.782951	0.177741	-0.138556	-0.022322	True	0.568277	31.122141	0.570224	27.518569	0.503415	0.273851	0.569106	26.774212	0.999530	7814
7815.png	0.715293	0.900164	0.947459	0.953206	0.941781	0.998967	27.223133	0.999130	27.492524	0.756288	0.601481	0.718601	30.690309	0.565412	2454	5	0	4	14	1.838710	0.000000	62	57	261.450793	3.201911	0.000000	0.015655	-0.152284	-0.000119	0.000024	0.024477	1261.742115	0.756288	0.756288	5	0	5	4	14	1.838710	0.000000	5	0	62	57	44	4.586856	3.201911	261.450793	0.000000	45618	18.589242	26.705786	256x256	65536	sparse	Learned	291	5	27	2353	31.076426	0.617591	27.336629	0.999106	0.731811	0.441500	8	3	0.000000	33	2294	31.333334	0.659254	0.999064	27.316511	0.496270	0.734157	3768	31.649640	0.679480	0.999510	29.962668	0.480558	0.735011	0.155895	0.159981	-0.386117	-0.052179	True	0.714751	30.693468	0.565426	27.491881	0.645129	0.463590	0.699637	27.375417	0.999087	7815
7816.png	0.677847	0.850858	0.919420	0.864394	0.981928	0.999528	28.031200	0.999447	28.321463	0.707840	0.611320	0.678053	30.222283	0.524165	2109	4	0	1	9	1.833333	0.000000	48	44	222.279221	2.839019	0.000000	0.031077	0.348067	0.000034	0.000070	0.025717	1034.616947	0.707840	0.707840	4	0	4	1	9	1.833333	0.000000	4	0	48	44	38	5.051800	2.839019	222.279221	0.000000	45989	21.806069	31.074443	256x256	65536	sparse	Learned	273	4	24	2066	30.545164	0.576925	27.862934	0.999377	0.682124	0.455872	7	2	0.000000	29	2094	30.762538	0.622505	0.999265	27.100182	0.449618	0.659501	4413	31.388432	0.690490	0.999675	30.839524	0.240083	0.664407	0.458529	0.155448	-0.322881	-0.052759	True	0.680967	30.224357	0.524192	28.319539	0.630277	0.427361	0.646770	27.683133	0.999494	7816
7817.png	0.714617	0.890756	0.942222	0.958094	0.926868	0.999277	26.217552	0.999563	27.078343	0.761943	0.613259	0.709306	30.525456	0.548266	2189	4	0	2	10	1.818182	0.000000	44	40	219.551299	2.797571	0.000000	0.016708	-0.872606	-0.000225	-0.000001	0.040217	977.038860	0.761943	0.761943	4	0	4	2	10	1.818182	0.000000	4	0	44	40	32	5.488782	2.797571	219.551299	0.000000	45848	20.944724	29.938785	256x256	65536	sparse	Learned	274	4	25	2167	30.820009	0.596332	27.030166	0.999564	0.721726	0.436357	6	0	0.750000	32	2078	31.086943	0.639038	0.999510	26.847894	0.511297	0.696992	4257	31.621893	0.690744	0.999775	30.626740	0.415584	0.704120	0.048178	0.176902	-0.294554	-0.048066	True	0.714617	30.529267	0.548301	27.074391	0.615188	0.436357	0.697909	27.090158	0.999502	7817
7818.png	0.715457	0.870288	0.930646	0.943867	0.917790	0.998950	27.271609	0.999189	27.952192	0.781770	0.628423	0.973577	30.550762	0.546021	2200	4	0	5	13	1.846154	0.000000	52	48	222.994949	3.150988	0.000000	0.026407	-0.515403	-0.000191	0.000053	0.040631	1198.570728	0.781770	0.781770	4	0	4	5	13	1.846154	0.000000	4	0	52	48	34	4.645728	3.150988	222.994949	0.000000	45638	20.744545	29.789091	256x256	65536	sparse	Learned	263	4	25	2123	30.849558	0.594616	27.694172	0.999136	0.741139	0.401503	9	4	0.000000	32	2144	31.102727	0.641846	0.998986	27.147689	0.415955	0.733795	4173	31.608803	0.689196	0.999535	30.600502	0.398958	0.724290	0.258020	0.226921	-0.298796	-0.048595	True	0.715730	30.555889	0.546071	27.957900	0.571729	0.556622	0.689050	27.787011	0.999141	7818
7819.png	0.742757	0.916307	0.956326	0.940655	0.972527	0.999416	27.333829	0.999503	27.840971	0.755208	0.607414	0.585955	30.844216	0.558726	1979	4	0	2	10	1.813953	0.000000	43	39	205.781746	2.715266	0.000000	0.041701	0.010056	-0.000091	0.000015	0.050408	890.193462	0.755208	0.755208	4	0	4	2	10	1.813953	0.000000	4	0	43	39	31	5.276455	2.715266	205.781746	0.000000	45422	22.951996	33.115715	256x256	65536	sparse	Learned	266	4	24	1885	31.109490	0.596750	27.446020	0.999488	0.704800	0.365904	9	3	0.000000	32	1884	31.347111	0.637752	0.999421	27.111221	0.365552	0.711165	4794	32.117733	0.721752	0.999782	31.401321	0.234710	0.707777	0.394951	0.241510	-0.265274	-0.038024	True	0.741228	30.848193	0.558755	27.840832	0.626561	0.367136	0.701056	27.323772	0.999507	7819
7820.png	0.745031	0.900748	0.947783	0.943732	0.951868	0.999061	28.528461	0.999149	28.766238	0.773925	0.694254	1.050645	31.625776	0.600656	2336	4	0	4	12	1.859649	0.000000	57	53	278.563492	2.701445	0.000000	-0.015261	-0.099477	-0.000077	0.000007	-0.002593	1169.562817	0.773925	0.773925	4	0	4	4	12	1.859649	0.000000	4	0	57	53	41	5.255915	2.701445	278.563492	0.000000	44712	19.140411	28.054795	256x256	65536	sparse	Learned	294	4	29	2291	31.824690	0.642367	28.610880	0.999141	0.776518	0.678899	5	4	0.000000	40	2334	32.180935	0.687148	0.999056	28.273623	0.460859	0.761174	4115	32.505535	0.720301	0.999528	31.206050	0.417252	0.764126	0.155358	0.015355	-0.198914	-0.041711	True	0.744170	31.630880	0.600682	28.780879	0.698806	0.734197	0.760292	28.627939	0.999138	7820
7821.png	0.646867	0.818898	0.900433	0.860927	0.943739	0.999223	28.168116	0.999293	28.555127	0.689136	0.495405	0.769489	30.438905	0.530881	1836	5	0	3	13	1.756098	0.000000	41	36	187.953319	3.043614	0.000000	0.040546	-0.001402	-0.000064	0.000050	0.034012	1232.225418	0.689136	0.689136	5	0	5	3	13	1.756098	0.000000	5	0	41	36	25	5.220926	3.043614	187.953319	0.000000	45664	24.871460	35.694989	256x256	65536	sparse	Learned	241	5	22	1753	30.688308	0.569811	28.108177	0.999243	0.655124	0.418545	9	4	0.000000	28	1772	30.941350	0.611528	0.999052	27.311932	0.075944	0.634742	5116	31.905709	0.724538	0.999625	31.329340	0.032143	0.397849	0.446949	0.076860	-0.249404	-0.038930	True	0.646054	30.441223	0.530900	28.550454	0.499426	0.384303	0.606322	28.169518	0.999288	7821
7822.png	0.633141	0.906773	0.951107	0.926710	0.976824	0.999319	27.613523	0.999359	27.856566	0.636509	0.620917	0.612002	31.648393	0.611540	2126	4	0	1	9	1.822222	0.000000	45	41	222.308658	2.700974	0.000000	-0.004137	-0.193618	-0.000068	0.000004	-0.007533	1058.014393	0.636509	0.636509	4	0	4	1	9	1.822222	0.000000	4	0	45	41	35	5.422162	2.700974	222.308658	0.000000	44591	20.974130	30.825964	256x256	65536	sparse	Learned	278	4	28	2065	32.020469	0.646863	27.837362	0.999356	0.644042	0.382982	7	4	0.000000	42	2046	32.358149	0.684971	0.999381	28.364078	0.438232	0.655725	4116	32.756443	0.725939	0.999702	31.626273	0.294136	0.638427	0.019204	0.237935	-0.372076	-0.035323	True	0.634790	31.654350	0.611600	27.862133	0.617107	0.377671	0.637278	27.807141	0.999387	7822
7823.png	0.704641	0.909920	0.952835	0.956056	0.949636	0.998747	28.082098	0.998844	28.457449	0.728395	0.604656	0.836205	30.697871	0.553662	2341	5	0	2	12	1.827586	0.000000	58	53	259.308658	3.409508	0.000000	0.002064	0.202175	-0.000033	0.000141	0.015225	1245.347023	0.728395	0.728395	5	0	5	2	12	1.827586	0.000000	5	0	58	53	44	4.892616	3.409508	259.308658	0.000000	45584	19.472021	27.994874	256x256	65536	sparse	Learned	297	5	26	2273	30.941892	0.605119	27.899242	0.998703	0.713170	0.559568	9	13	0.000000	33	2316	31.246799	0.653985	0.998490	27.539256	0.317960	0.698330	3804	31.554478	0.676670	0.999284	30.564335	0.237097	0.703166	0.558207	0.045088	-0.244021	-0.051457	True	0.705696	30.701854	0.553685	28.460941	0.604656	0.505617	0.702577	27.879924	0.998779	7823
7824.png	0.775963	0.917607	0.957034	0.946449	0.967857	0.999588	27.699787	0.999642	28.037125	0.781503	0.525266	0.962403	30.913469	0.559732	1790	4	0	1	9	1.750000	0.000000	32	28	168.610173	2.554426	0.000000	0.068209	0.231488	-0.000022	0.000028	0.061701	845.418692	0.781503	0.781503	4	0	4	1	9	1.750000	0.000000	4	0	32	28	22	6.021792	2.554426	168.610173	0.000000	45236	25.271508	36.612291	256x256	65536	sparse	Learned	233	4	23	1712	31.191669	0.591747	27.570412	0.999614	0.719802	0.448989	5	0	0.875000	31	1636	31.389190	0.628953	0.999544	27.038960	0.503415	0.714727	5027	32.308004	0.733732	0.999824	31.392326	0.248853	0.721344	0.466713	0.076277	-0.278200	-0.032016	True	0.777130	30.917037	0.559741	28.043053	0.520495	0.500926	0.707753	27.468299	0.999610	7824
7825.png	0.713035	0.811634	0.896024	0.895112	0.896939	0.999256	27.210252	0.999528	28.055987	0.768305	0.589344	0.665327	30.358044	0.531053	1852	4	0	1	10	1.800000	0.000000	40	36	196.610173	2.447736	0.000000	0.041606	-0.818720	-0.000241	-0.000006	0.089553	910.311937	0.768305	0.768305	4	0	4	1	10	1.800000	0.000000	4	0	40	36	29	5.461394	2.447736	196.610173	0.000000	45669	24.659287	35.386609	256x256	65536	sparse	Learned	257	4	22	1761	30.686421	0.571383	27.848844	0.999534	0.678752	0.387374	8	0	0.500000	28	1768	30.934678	0.611336	0.999466	27.160961	0.276487	0.671323	5117	31.902121	0.725101	0.999780	31.164518	0.073881	0.598992	0.207143	0.201971	-0.328377	-0.040330	True	0.715953	30.359879	0.531062	28.051779	0.591392	0.393469	0.671429	28.028973	0.999497	7825
7826.png	0.696990	0.879946	0.936140	0.932480	0.939828	0.998998	27.168472	0.999342	27.924177	0.725646	0.703290	0.782993	30.339964	0.533238	2278	4	0	5	13	1.866667	0.000000	60	56	270.480231	2.678731	0.000000	-0.027349	-0.491397	-0.000187	-0.000010	0.006415	1034.844875	0.725646	0.725646	4	0	4	5	13	1.866667	0.000000	4	0	60	56	42	4.830004	2.678731	270.480231	0.000000	45839	20.122476	28.769096	256x256	65536	sparse	Learned	294	4	25	2150	30.701354	0.587963	27.665688	0.999352	0.719231	0.490480	7	1	0.125000	30	2168	30.951662	0.633492	0.999266	27.388427	0.378460	0.701811	4104	31.397005	0.680154	0.999606	30.226997	0.298437	0.708622	0.258489	0.212810	-0.361389	-0.054725	True	0.695026	30.343663	0.533258	27.919571	0.703290	0.550671	0.724338	27.659869	0.999186	7826
7827.png	0.731688	0.884491	0.938706	0.943966	0.933504	0.999276	26.978249	0.999455	27.375242	0.766340	0.557803	0.678840	31.247014	0.592103	2111	5	0	2	12	1.807692	0.000000	52	47	238.764502	2.438814	0.000000	0.031759	-0.506634	-0.000188	-0.000035	0.050104	775.392532	0.766340	0.766340	5	0	5	2	12	1.807692	0.000000	5	0	52	47	38	5.080096	2.438814	238.764502	0.000000	44902	21.270488	31.045002	256x256	65536	sparse	Learned	283	5	27	2101	31.611147	0.631529	27.459518	0.999490	0.716236	0.455872	7	0	0.800000	37	2052	31.919651	0.671703	0.999455	27.407766	0.385328	0.713663	4244	32.419626	0.719424	0.999757	31.207425	0.401140	0.705669	-0.084276	0.101931	-0.364133	-0.039425	True	0.731901	31.250948	0.592158	27.380665	0.575142	0.390429	0.699929	27.484883	0.999464	7827
7828.png	0.620332	0.900676	0.947743	0.954188	0.941384	0.999048	26.924927	0.999348	27.834244	0.645892	0.578527	0.471633	30.696674	0.556884	2244	5	1	2	10	1.843137	0.200000	51	47	240.166522	2.958349	0.000000	-0.006743	-0.666063	-0.000242	0.000021	0.008999	934.117794	0.645892	0.645892	5	1	4	2	10	1.843137	0.200000	5	1	51	47	39	5.109926	2.958349	240.166522	0.000000	45552	20.299465	29.204991	256x256	65536	sparse	Learned	287	5	26	2173	31.041848	0.605742	27.574181	0.999327	0.636893	0.370118	9	2	0.100000	32	2188	31.283979	0.649327	0.999247	27.106889	0.460516	0.620533	4215	31.770178	0.697320	0.999660	30.727629	0.202054	0.626875	0.260064	0.208410	-0.345174	-0.048858	True	0.621977	30.701173	0.556921	27.851260	0.591801	0.279113	0.627075	27.590990	0.999290	7828
7829.png	0.794194	0.943223	0.970782	0.971240	0.970325	0.998229	27.607488	0.998473	28.002287	0.813760	0.706242	1.139312	30.959269	0.585424	2661	4	1	3	10	1.892857	0.250000	56	53	279.107648	3.736824	0.000000	-0.031107	-0.458444	-0.000228	0.000012	-0.011466	1470.842600	0.813760	0.813760	4	1	3	3	10	1.892857	0.250000	4	0	56	53	43	5.266182	3.736824	279.107648	0.000000	45275	17.014280	24.628335	256x256	65536	sparse	Learned	312	4	30	2584	31.452485	0.639784	28.004062	0.998461	0.825226	0.719168	6	18	0.000000	40	2486	31.747066	0.681002	0.998476	28.089658	0.690666	0.814655	3441	31.830123	0.681716	0.999105	30.278445	0.729021	0.800086	-0.001775	-0.012926	-0.493216	-0.054360	True	0.794194	30.962926	0.585451	28.001426	0.727468	0.828813	0.825301	28.065932	0.998457	7829
7830.png	0.520062	0.866815	0.928657	0.923870	0.933494	0.999167	27.761515	0.999325	28.245108	0.537209	0.491691	0.454534	31.254925	0.580823	2100	6	0	1	13	1.739130	0.000000	46	40	221.438600	2.705154	0.000000	-0.019088	-0.469225	-0.000183	-0.000018	-0.010481	1008.266211	0.537209	0.537209	6	0	6	1	13	1.739130	0.000000	6	0	46	40	32	5.535965	2.705154	221.438600	0.000000	44924	21.392381	31.207619	256x256	65536	sparse	Learned	280	6	27	2030	31.551022	0.621093	28.254644	0.999344	0.547690	0.195008	13	2	0.000000	36	2098	31.807871	0.665423	0.999200	27.584685	0.225858	0.508258	4325	32.345238	0.718385	0.999623	31.240597	0.148538	0.547742	-0.009536	0.296683	-0.296097	-0.040270	True	0.520833	31.258474	0.580858	28.245305	0.591801	0.268994	0.539150	28.230740	0.999350	7830
7831.png	0.663255	0.896054	0.945178	0.938035	0.952430	0.998269	28.345498	0.998381	28.724069	0.664089	0.698806	0.583243	30.489525	0.537143	2330	4	1	8	14	1.901639	0.250000	61	58	272.622366	3.746114	0.000000	-0.025406	-0.431986	-0.000179	-0.000034	-0.022059	1300.873518	0.664089	0.664089	4	1	3	8	14	1.901639	0.250000	4	1	61	58	39	4.700386	3.746114	272.622366	0.000000	45698	19.612876	28.127039	256x256	65536	sparse	Learned	289	4	26	2239	30.797224	0.593540	28.829259	0.998415	0.686148	0.448650	13	11	0.000000	31	2150	31.012232	0.634051	0.998062	28.063116	0.080049	0.645586	4039	31.457895	0.682172	0.998913	30.631961	0.072799	0.627367	-0.105190	0.250156	-0.307699	-0.056397	True	0.681818	30.495273	0.537184	28.731029	0.726102	0.423494	0.688662	28.777484	0.998448	7831
7832.png	0.630786	0.863587	0.926801	0.920626	0.933059	0.998516	29.091069	0.998595	29.318594	0.645449	0.535441	0.578481	31.807568	0.610802	2307	6	1	4	14	1.833333	0.166667	60	55	256.894444	3.160482	0.000000	0.009412	-0.336851	-0.000248	-0.000050	0.008205	1294.067860	0.645449	0.645449	6	1	5	4	14	1.833333	0.166667	6	1	60	55	42	4.670808	3.160482	256.894444	0.000000	44473	19.277417	28.407456	256x256	65536	sparse	Learned	294	6	31	2292	32.148478	0.653440	29.376502	0.998645	0.637244	0.394402	13	15	0.000000	42	2162	32.354946	0.688339	0.998370	28.857475	0.207382	0.636983	4038	32.722224	0.726490	0.999162	31.719499	0.111235	0.624805	-0.057908	0.141039	-0.340909	-0.042638	True	0.630435	31.813250	0.610842	29.317292	0.587973	0.340131	0.621375	29.427920	0.998764	7832
7834.png	0.637689	0.848485	0.918033	0.908691	0.927569	0.998918	27.947140	0.999106	28.434955	0.641711	0.735523	0.525152	30.677860	0.556033	2469	4	0	3	11	1.876923	0.000000	65	61	302.178716	3.026940	0.000000	0.019159	-0.468082	-0.000209	0.000005	0.025777	1115.586042	0.641711	0.641711	4	0	4	3	11	1.876923	0.000000	4	0	65	61	51	4.953749	3.026940	302.178716	0.000000	45472	18.417173	26.543540	256x256	65536	sparse	Learned	317	4	28	2409	31.134270	0.615415	28.423403	0.999101	0.615935	0.433846	9	6	0.000000	33	2290	31.335950	0.655946	0.998971	27.907868	0.396159	0.605952	3705	31.599899	0.676797	0.999367	30.272261	0.275378	0.638450	0.011552	0.301677	-0.456410	-0.059383	True	0.638769	30.683146	0.556067	28.438118	0.744619	0.391038	0.618530	28.415222	0.999127	7834
7835.png	0.615385	0.832886	0.908825	0.888968	0.929588	0.999086	27.612136	0.999315	28.324996	0.614011	0.610932	0.551742	30.896956	0.568499	2335	5	0	2	12	1.818182	0.000000	55	50	272.421356	2.632778	0.000000	0.039342	-0.856635	-0.000326	-0.000046	0.031007	975.263357	0.614011	0.614011	5	0	5	2	12	1.818182	0.000000	5	0	55	50	41	5.448427	2.632778	272.421356	0.000000	45256	19.381585	28.066809	256x256	65536	sparse	Learned	304	5	28	2283	31.373941	0.620068	28.530385	0.999361	0.583004	0.295312	12	1	0.000000	34	2122	31.566951	0.656913	0.999296	27.821526	0.298508	0.570087	3841	31.907873	0.692652	0.999611	30.944288	0.226742	0.599869	-0.205389	0.315620	-0.476985	-0.051569	True	0.615819	30.903758	0.568546	28.333565	0.632121	0.348768	0.576043	28.468771	0.999413	7835
7836.png	0.745230	0.899145	0.946895	0.939286	0.954628	0.999138	27.485638	0.999265	27.924938	0.748606	0.668458	0.710544	30.933038	0.583006	2575	5	0	2	13	1.846154	0.000000	65	60	312.663997	2.657530	0.000000	0.028881	-0.515927	-0.000171	-0.000043	0.034248	941.714525	0.748606	0.748606	5	0	5	2	13	1.846154	0.000000	5	0	65	60	50	5.211067	2.657530	312.663997	0.000000	45168	17.540971	25.450874	256x256	65536	sparse	Learned	331	5	30	2527	31.486345	0.638336	28.040698	0.999308	0.714359	0.516885	8	2	0.000000	38	2378	31.752602	0.676969	0.999279	28.056349	0.644181	0.704188	3671	31.961742	0.692035	0.999589	30.726989	0.421717	0.697591	-0.115760	0.151573	-0.553307	-0.055330	True	0.746771	30.937356	0.583040	27.926040	0.667129	0.474024	0.716349	28.001564	0.999309	7836
7837.png	0.693505	0.866577	0.928520	0.921203	0.935953	0.999228	26.379382	0.999394	27.052621	0.715353	0.632121	0.800695	30.186942	0.533012	2213	4	0	3	11	1.840000	0.000000	50	46	232.865007	2.966790	0.000000	0.015486	-0.804046	-0.000221	-0.000033	0.033087	1037.259579	0.715353	0.715353	4	0	4	3	11	1.840000	0.000000	4	0	50	46	36	5.062283	2.966790	232.865007	0.000000	45922	20.751017	29.614099	256x256	65536	sparse	Learned	264	4	25	2198	30.645813	0.588836	27.178311	0.999427	0.682266	0.406799	9	7	0.000000	30	2070	30.853191	0.627857	0.999308	26.579837	0.530459	0.680229	4227	31.382555	0.682621	0.999691	30.112287	0.281499	0.672020	-0.125690	0.225321	-0.458871	-0.055824	True	0.694181	30.191689	0.533054	27.053511	0.559568	0.448043	0.678019	27.183428	0.999449	7837
7838.png	0.548297	0.907167	0.951324	0.939887	0.963043	0.998776	27.734824	0.998778	28.160677	0.564315	0.642993	0.405243	30.624478	0.546629	2221	4	0	1	10	1.822222	0.000000	45	41	238.693434	3.145994	0.000000	-0.014203	-0.288157	-0.000059	0.000100	-0.006089	1399.154186	0.564315	0.564315	4	0	4	1	10	1.822222	0.000000	4	0	45	41	34	5.821791	3.145994	238.693434	0.000000	45687	20.570464	29.507429	256x256	65536	sparse	Learned	282	4	25	2107	30.877379	0.594076	28.013209	0.998678	0.570404	0.268244	13	1	0.000000	30	1990	31.076814	0.632237	0.998258	27.051679	0.303718	0.523557	4274	31.670010	0.695483	0.999299	30.751031	0.215616	0.566841	0.147467	0.374749	-0.252901	-0.047447	True	0.547603	30.628620	0.546631	28.161970	0.663784	0.268994	0.562500	28.022982	0.998834	7838
7839.png	0.592784	0.900194	0.947476	0.937247	0.957931	0.998775	28.361507	0.998839	28.654257	0.606158	0.515191	0.610777	31.557994	0.598726	2065	5	1	3	11	1.836735	0.200000	49	45	208.480231	3.309754	0.000000	0.005323	0.146111	-0.000035	0.000080	0.014600	1249.723434	0.606158	0.606158	5	1	4	3	11	1.836735	0.200000	5	1	49	45	35	4.632894	3.309754	208.480231	0.000000	44749	21.670218	31.736562	256x256	65536	sparse	Learned	249	5	27	1966	31.805813	0.631950	28.272734	0.998759	0.591558	0.318240	13	5	0.000000	38	2048	32.081387	0.675143	0.998728	28.362893	0.358535	0.555972	4423	32.593182	0.728943	0.999339	31.562621	0.254452	0.582658	0.381523	0.196951	-0.247819	-0.033224	True	0.594072	31.562256	0.598735	28.652356	0.543424	0.331911	0.587461	28.215396	0.998809	7839
7840.png	0.511312	0.837866	0.911781	0.873501	0.953571	0.999532	28.481611	0.999569	28.896355	0.522629	0.559568	0.345676	31.404165	0.584231	1839	4	0	1	9	1.789474	0.000000	38	34	186.509668	2.390778	0.000000	-0.022457	0.667440	0.000019	0.000053	-0.021030	870.446920	0.522629	0.522629	4	0	4	1	9	1.789474	0.000000	4	0	38	34	28	5.485578	2.390778	186.509668	0.000000	44784	24.352365	35.636759	256x256	65536	sparse	Learned	252	4	25	1768	31.691510	0.616063	28.050052	0.999516	0.543659	0.254936	7	0	0.625000	35	1752	31.913343	0.653336	0.999456	27.939391	0.297657	0.506736	4967	32.752866	0.744265	0.999774	32.083527	0.162872	0.545918	0.846303	0.304632	-0.287345	-0.031831	True	0.512443	31.407636	0.584239	28.899265	0.566126	0.195696	0.533769	27.814171	0.999513	7840
7841.png	0.574437	0.896029	0.945164	0.933083	0.957562	0.999185	27.915093	0.999251	28.194264	0.584173	0.672085	0.333461	31.215479	0.579565	2202	4	0	2	10	1.857143	0.000000	56	52	257.936075	2.624099	0.000000	0.005782	-0.353870	-0.000145	-0.000073	0.006948	997.765779	0.584173	0.584173	4	0	4	2	10	1.857143	0.000000	4	0	56	52	44	4.960309	2.624099	257.936075	0.000000	45046	20.456857	29.762035	256x256	65536	sparse	Learned	294	4	27	2085	31.528589	0.621350	28.339977	0.999324	0.577224	0.262593	13	2	0.000000	37	2192	31.760469	0.665408	0.999271	28.270499	0.240970	0.511879	4048	32.182349	0.705217	0.999630	31.403369	0.232996	0.566548	-0.145713	0.409492	-0.313110	-0.041785	True	0.575472	31.222394	0.579595	28.205033	0.672085	0.224114	0.568656	28.268963	0.999330	7841
7842.png	0.708475	0.876820	0.934368	0.947942	0.921176	0.998757	27.898798	0.999134	28.457893	0.753683	0.574007	0.737011	30.285417	0.530388	2400	6	0	2	14	1.809524	0.000000	63	57	290.592929	2.795781	0.000000	-0.016729	-0.311724	-0.000190	0.000013	0.009109	1157.775640	0.753683	0.753683	6	0	6	2	14	1.809524	0.000000	6	0	63	57	47	5.098122	2.795781	290.592929	0.000000	45864	19.110000	27.306667	256x256	65536	sparse	Learned	311	6	26	2367	30.636950	0.592651	28.232219	0.999120	0.744574	0.345979	13	4	0.000000	30	2258	30.875654	0.634398	0.998909	27.479272	0.090510	0.680717	3924	31.259731	0.672904	0.999432	30.093472	0.064811	0.690105	0.225675	0.228029	-0.351533	-0.062263	True	0.707510	30.289080	0.530384	28.457982	0.587973	0.433342	0.725203	28.210521	0.998947	7842
7843.png	0.746603	0.929777	0.963611	0.955586	0.971771	0.998959	27.884440	0.999036	28.186833	0.758130	0.593430	0.766720	31.737941	0.612920	2341	5	0	1	11	1.818182	0.000000	55	50	257.279221	2.789048	0.000000	-0.005778	-0.433367	-0.000170	-0.000066	0.007187	1045.385361	0.758130	0.758130	5	0	5	1	11	1.818182	0.000000	5	0	55	50	43	5.145584	2.789048	257.279221	0.000000	44494	19.006408	27.994874	256x256	65536	sparse	Learned	293	5	31	2324	32.112131	0.657015	28.368504	0.999102	0.750943	0.667129	5	5	0.000000	42	2220	32.341553	0.692597	0.999015	28.313243	0.538967	0.730650	3866	32.613214	0.717643	0.999489	31.288544	0.383118	0.727158	-0.181670	-0.073699	-0.374190	-0.044095	True	0.745924	31.741027	0.612929	28.187446	0.586873	0.449967	0.752381	28.317808	0.999129	7843
7844.png	0.649418	0.888454	0.940933	0.922764	0.959831	0.999102	28.335152	0.999145	28.635296	0.674374	0.667129	0.761682	30.272288	0.524191	2133	4	0	3	11	1.836735	0.000000	49	45	245.409163	3.196204	0.000000	-0.006138	0.510925	0.000034	0.000140	-0.004174	1315.305710	0.674374	0.674374	4	0	4	3	11	1.836735	0.000000	4	0	49	45	35	5.453537	3.196204	245.409163	0.000000	45957	21.545710	30.724801	256x256	65536	sparse	Learned	269	4	24	2051	30.554928	0.574836	27.870866	0.999005	0.678548	0.409788	11	7	0.000000	29	2116	30.815353	0.623602	0.998766	27.194309	0.215336	0.701250	4310	31.359814	0.687531	0.999436	30.639319	0.123417	0.677840	0.764430	0.257341	-0.282640	-0.050645	True	0.647705	30.273157	0.524201	28.636077	0.692721	0.527633	0.655556	27.824227	0.999068	7844
7845.png	0.565416	0.891382	0.942572	0.936763	0.948454	0.998423	28.397748	0.998690	28.795271	0.594872	0.563951	0.447627	31.552010	0.608121	2426	6	0	2	14	1.789474	0.000000	57	51	273.651804	3.188189	0.000000	-0.002584	-0.289113	-0.000267	0.000022	0.005038	1279.339075	0.594872	0.594872	6	0	6	2	14	1.789474	0.000000	6	0	57	51	41	5.365722	3.188189	273.651804	0.000000	44652	18.405606	27.014015	256x256	65536	sparse	Learned	303	6	30	2336	31.938135	0.652700	28.723456	0.998667	0.589834	0.271123	16	0	0.166667	41	2160	32.250510	0.686634	0.998628	28.809782	0.332767	0.573713	3653	32.454968	0.709507	0.999183	31.077613	0.208299	0.586500	0.071815	0.292828	-0.386125	-0.044579	True	0.567444	31.554598	0.608112	28.792019	0.593430	0.265636	0.568000	28.686861	0.998690	7845
7846.png	0.533384	0.832719	0.908725	0.892575	0.925471	0.999281	28.231780	0.999385	28.764045	0.553612	0.662098	0.366691	30.190066	0.516678	2110	4	0	2	10	1.840000	0.000000	50	46	246.965512	2.544644	0.000000	-0.024702	0.095139	-0.000078	0.000062	-0.013652	993.661642	0.553612	0.553612	4	0	4	2	10	1.840000	0.000000	4	0	50	46	38	5.368815	2.544644	246.965512	0.000000	45971	21.787204	31.059716	256x256	65536	sparse	Learned	287	4	24	2091	30.472067	0.572160	28.162272	0.999323	0.567265	0.307883	10	0	0.250000	27	1930	30.696756	0.606117	0.999150	27.226150	0.409430	0.480153	4442	31.370991	0.690381	0.999574	30.428043	0.119755	0.547757	0.601774	0.354215	-0.282000	-0.055482	True	0.532975	30.193433	0.516703	28.761577	0.688077	0.252312	0.558087	28.136641	0.999359	7846
7847.png	0.671441	0.885038	0.939013	0.957914	0.920844	0.999301	26.648343	0.999563	27.175547	0.725979	0.543424	0.649203	30.383518	0.536361	2052	5	0	0	10	1.761905	0.000000	42	37	223.722871	2.434090	0.000000	-0.004795	-0.334896	-0.000220	-0.000001	0.003803	853.808165	0.725979	0.725979	5	0	5	0	10	1.761905	0.000000	5	0	42	37	32	6.046564	2.434090	223.722871	0.000000	45828	22.333333	31.937622	256x256	65536	sparse	Learned	273	5	23	1978	30.632025	0.580648	26.871365	0.999565	0.722176	0.541594	5	1	0.500000	28	1854	30.894805	0.618101	0.999463	26.493239	0.395200	0.695029	4485	31.584191	0.697557	0.999791	30.734552	0.321094	0.713450	0.304182	0.001830	-0.248507	-0.044287	True	0.678992	30.384986	0.536395	27.170283	0.563078	0.365552	0.676236	26.983239	0.999521	7847
7848.png	0.578825	0.914863	0.955539	0.951000	0.960121	0.998614	27.358915	0.998754	27.954951	0.575197	0.752167	0.324940	30.218189	0.542776	2712	4	0	3	11	1.873016	0.000000	63	59	324.705627	3.124476	0.000000	0.014129	-0.743199	-0.000275	-0.000035	0.026838	1361.547232	0.575197	0.575197	4	0	4	3	11	1.873016	0.000000	4	0	63	59	49	5.503485	3.124476	324.705627	0.000000	45876	16.915929	24.165192	256x256	65536	sparse	Learned	337	4	29	2707	30.833521	0.614073	28.088579	0.998789	0.548359	0.305599	17	7	0.000000	32	2510	31.014570	0.654816	0.998596	27.492987	0.364820	0.544733	3403	31.133525	0.649691	0.999149	29.540592	0.285513	0.551394	-0.133628	0.446568	-0.615332	-0.071298	True	0.580299	30.221829	0.542787	27.957634	0.782379	0.254226	0.564695	28.102114	0.998889	7848
7849.png	0.620311	0.868421	0.929577	0.942857	0.916667	0.999220	27.105327	0.999473	27.741729	0.660629	0.362372	0.710696	31.316610	0.584894	1806	6	0	0	12	1.647059	0.000000	34	28	155.095454	2.887387	0.000000	0.004248	-0.379713	-0.000206	0.000003	0.025420	963.208437	0.660629	0.660629	6	0	6	0	12	1.647059	0.000000	6	0	34	28	22	5.539123	2.887387	155.095454	0.000000	44905	24.864341	36.287929	256x256	65536	sparse	Learned	227	6	25	1791	31.629335	0.615850	27.483311	0.999470	0.635209	0.228948	9	0	0.750000	33	1608	31.788631	0.645610	0.999414	27.500374	0.288230	0.603261	5240	32.813162	0.750040	0.999810	32.584570	0.268551	0.633003	0.258419	0.133423	-0.312724	-0.030956	True	0.620879	31.318935	0.584897	27.739020	0.385328	0.273851	0.616064	27.485040	0.999426	7849
7850.png	0.739308	0.919556	0.958092	0.960174	0.956020	0.998761	27.889950	0.998990	28.372234	0.765193	0.481077	0.754998	31.135293	0.577571	1988	5	0	1	11	1.750000	0.000000	40	35	183.852814	3.542150	0.000000	-0.006255	-0.114793	-0.000125	0.000095	0.010889	1263.805389	0.765193	0.765193	5	0	5	1	11	1.750000	0.000000	5	0	40	35	28	5.252938	3.542150	183.852814	0.000000	45139	22.705734	32.965795	256x256	65536	sparse	Learned	243	5	24	1845	31.387948	0.610137	27.930247	0.998894	0.754305	0.522886	6	7	0.000000	33	1876	31.610518	0.649931	0.998760	27.569928	0.386147	0.741268	4509	32.281261	0.720125	0.999488	31.252138	0.302324	0.733157	0.441988	-0.041809	-0.252656	-0.032566	True	0.737449	31.140456	0.577609	28.373638	0.517126	0.390429	0.745562	28.004742	0.998886	7850
7851.png	0.707483	0.883759	0.938293	0.928943	0.947834	0.999255	27.286374	0.999425	28.017678	0.728511	0.683363	0.631613	31.254461	0.581668	2177	4	0	2	10	1.849057	0.000000	53	49	258.308658	2.354918	0.000000	0.001273	-0.844968	-0.000243	-0.000073	0.022999	818.526745	0.728511	0.728511	4	0	4	2	10	1.849057	0.000000	4	0	53	49	41	5.271605	2.354918	258.308658	0.000000	45036	20.687184	30.103813	256x256	65536	sparse	Learned	301	4	27	2083	31.540026	0.622075	28.142373	0.999498	0.705512	0.402499	8	0	0.500000	35	1948	31.712508	0.656291	0.999442	27.791029	0.462056	0.709960	4117	32.199834	0.707396	0.999744	31.389295	0.292596	0.708496	-0.124695	0.280864	-0.285564	-0.040407	True	0.707483	31.256726	0.581691	28.007158	0.694254	0.438500	0.706210	28.131341	0.999497	7851
7853.png	0.716172	0.882072	0.937341	0.913366	0.962609	0.999440	27.898432	0.999511	28.297198	0.733010	0.470947	0.724373	30.281214	0.524956	2155	6	0	1	13	1.744681	0.000000	47	41	217.722871	2.616950	0.000000	-0.001658	0.181246	-0.000061	0.000049	-0.004595	920.587063	0.733010	0.733010	6	0	6	1	13	1.744681	0.000000	6	0	47	41	33	5.310314	2.616950	217.722871	0.000000	45963	21.328538	30.411137	256x256	65536	sparse	Learned	269	6	24	2076	30.553648	0.576757	27.725289	0.999463	0.737605	0.420158	8	2	0.000000	27	2030	30.744271	0.616861	0.999311	26.839666	0.402499	0.702970	4392	31.379154	0.690033	0.999702	30.643232	0.214869	0.724474	0.571908	0.050789	-0.272434	-0.051801	True	0.728618	30.282619	0.524975	28.291301	0.493383	0.357393	0.717829	27.717186	0.999501	7853
7854.png	0.770482	0.914793	0.955501	0.947885	0.963240	0.998966	27.282166	0.999048	27.640848	0.782922	0.541594	0.905623	30.662761	0.554654	2327	5	0	2	12	1.791667	0.000000	48	43	220.651804	3.476651	0.000000	0.006320	-0.128625	-0.000093	0.000025	0.009881	1431.697607	0.782922	0.782922	5	0	5	2	12	1.791667	0.000000	5	0	48	43	34	5.131437	3.476651	220.651804	0.000000	45767	19.667813	28.163300	256x256	65536	sparse	Learned	268	5	26	2325	30.920815	0.606219	27.439533	0.999023	0.773041	0.612485	5	5	0.000000	31	2100	31.107674	0.641037	0.998865	26.709573	0.510458	0.763354	4019	31.575836	0.684553	0.999433	29.897485	0.413354	0.765896	0.201315	-0.070891	-0.258054	-0.051565	True	0.769880	30.665815	0.554680	27.643203	0.541594	0.490480	0.764162	27.410791	0.999059	7854
7855.png	0.648949	0.900458	0.947622	0.938021	0.957421	0.999135	27.409214	0.999272	27.862847	0.659117	0.680181	0.420382	30.080644	0.527586	2634	5	0	4	14	1.841270	0.000000	63	58	333.433550	2.607577	0.000000	-0.023302	-0.145502	-0.000156	-0.000007	-0.010673	1004.516363	0.659117	0.659117	5	0	5	4	14	1.841270	0.000000	5	0	63	58	45	5.748854	2.607577	333.433550	0.000000	46118	17.508732	24.880790	256x256	65536	sparse	Learned	316	5	26	2461	30.475416	0.592242	27.650425	0.999279	0.669791	0.453622	9	2	0.000000	30	2632	30.766609	0.648355	0.999097	26.893630	0.492115	0.626776	3390	30.897461	0.640776	0.999452	29.437193	0.372150	0.635203	0.212422	0.226559	-0.394772	-0.064656	True	0.647196	30.083611	0.527606	27.861170	0.675023	0.283767	0.672250	27.554716	0.999291	7855
7856.png	0.668073	0.915159	0.955700	0.954627	0.956776	0.997337	27.773901	0.997851	28.769058	0.682243	0.772362	0.767652	31.524820	0.611584	2671	4	4	12	12	2.000000	1.000000	76	76	343.634560	3.131298	0.000000	-0.024235	-1.852590	-0.000701	-0.000374	-0.017206	1507.027864	0.682243	0.682243	4	4	0	12	12	2.000000	1.000000	4	5	76	76	52	4.521507	3.131298	343.634560	0.000000	44447	16.640584	24.536129	256x256	65536	sparse	Learned	333	4	34	2648	32.203735	0.665507	29.647363	0.998225	0.699449	0.444880	14	17	0.000000	46	2670	32.517404	0.710763	0.998156	29.513855	0.133397	0.685131	3465	32.535788	0.707009	0.998772	31.350948	0.103132	0.673779	-0.878305	0.327482	-0.678916	-0.053923	True	0.667229	31.528067	0.611588	28.765506	0.782379	0.600594	0.692308	29.626490	0.998038	7856
7857.png	0.699503	0.915339	0.955798	0.944575	0.967292	0.998450	28.112143	0.998502	28.550833	0.699064	0.590711	0.831041	30.388311	0.546548	2715	6	0	3	15	1.812500	0.000000	64	58	298.036580	3.451055	0.000000	-0.021859	-0.603107	-0.000252	-0.000087	-0.011874	1365.469694	0.699064	0.699064	6	0	6	3	15	1.812500	0.000000	6	0	64	58	46	5.138562	3.451055	298.036580	0.000000	45719	16.839411	24.138490	256x256	65536	sparse	Learned	327	6	29	2624	30.931808	0.614832	28.728044	0.998589	0.710938	0.565691	10	16	0.000000	34	2686	31.169602	0.665505	0.998233	27.999679	0.230181	0.717038	3473	31.244282	0.657630	0.998823	29.651242	0.197035	0.715365	-0.177211	0.025019	-0.543497	-0.068285	True	0.699639	30.391582	0.546547	28.549937	0.606759	0.504242	0.721362	28.715250	0.998702	7857
7858.png	0.616858	0.882397	0.937525	0.920312	0.955393	0.999349	27.956987	0.999419	28.324145	0.627925	0.651808	0.702935	30.337307	0.526738	2068	4	1	5	11	1.869565	0.250000	46	43	238.237590	2.754507	0.000000	0.000727	0.186271	-0.000051	0.000051	0.009330	1060.052156	0.627925	0.627925	4	1	3	5	11	1.869565	0.250000	4	1	46	43	30	5.540409	2.754507	238.237590	0.000000	45909	22.199710	31.690522	256x256	65536	sparse	Learned	266	4	24	2059	30.596669	0.578346	27.820508	0.999368	0.618594	0.336350	8	0	0.000000	30	2026	30.848673	0.624355	0.999278	27.043542	0.240720	0.612392	4537	31.492632	0.697401	0.999636	30.424642	0.254936	0.637143	0.503637	0.315458	-0.259362	-0.051608	True	0.627854	30.339171	0.526746	28.329917	0.576838	0.405479	0.616131	27.770715	0.999400	7858
7859.png	0.645582	0.873260	0.932342	0.929009	0.935700	0.998564	27.936766	0.998804	28.510269	0.660359	0.589344	0.630822	31.035513	0.577611	2562	6	0	3	15	1.812500	0.000000	64	58	302.421356	3.203576	0.000000	0.005318	-0.656232	-0.000251	-0.000026	0.015046	1296.848536	0.660359	0.660359	6	0	6	3	15	1.812500	0.000000	6	0	64	58	46	5.214161	3.203576	302.421356	0.000000	45187	17.637393	25.580016	256x256	65536	sparse	Learned	317	6	30	2517	31.462439	0.634214	28.592620	0.998830	0.645313	0.525002	9	11	0.000000	40	2542	31.782377	0.679111	0.998736	28.634412	0.234536	0.649205	3565	31.872472	0.685068	0.999113	30.407272	0.311564	0.647642	-0.082351	0.064342	-0.426926	-0.056603	True	0.646065	31.036476	0.577626	28.509543	0.602807	0.380264	0.640264	28.592998	0.998815	7859
7860.png	0.704545	0.890598	0.942134	0.935368	0.948998	0.998583	28.425992	0.998645	28.646638	0.726329	0.704770	0.675193	31.398235	0.599806	2665	5	2	7	14	1.916667	0.400000	72	69	353.190909	3.184011	0.000000	-0.008459	-0.413019	-0.000230	-0.000107	0.000279	1430.984735	0.726329	0.726329	5	2	3	7	14	1.916667	0.400000	5	1	72	69	51	5.118709	3.184011	353.190909	0.000000	44896	16.846529	24.591370	256x256	65536	sparse	Learned	322	5	32	2664	31.805841	0.654370	28.821300	0.998752	0.726050	0.621863	8	13	0.000000	42	2638	32.123424	0.700401	0.998707	28.707160	0.431234	0.703257	3451	32.141701	0.693815	0.999225	30.970508	0.304224	0.713828	-0.174662	0.082906	-0.407605	-0.054565	True	0.706077	31.403314	0.599836	28.648394	0.742311	0.501203	0.713004	28.839011	0.998814	7860
7861.png	0.544624	0.865411	0.927850	0.926119	0.929588	0.999038	28.303382	0.999274	28.899470	0.588320	0.688077	0.408963	31.461384	0.593708	2184	4	0	1	9	1.846154	0.000000	52	48	262.137085	2.524519	0.000000	-0.002495	-0.372662	-0.000195	-0.000028	0.007809	990.163565	0.588320	0.588320	4	0	4	1	9	1.846154	0.000000	4	0	52	48	42	5.461189	2.524519	262.137085	0.000000	44726	20.478938	30.007326	256x256	65536	sparse	Learned	295	4	28	2142	31.789346	0.635938	28.775806	0.999302	0.580511	0.306497	10	1	0.000000	39	2084	32.113603	0.673309	0.999292	28.939281	0.207450	0.551821	4358	32.533446	0.726571	0.999574	31.391040	0.203297	0.565817	0.123664	0.381580	-0.327963	-0.042229	True	0.543601	31.463773	0.593709	28.893426	0.716346	0.292959	0.547119	28.676044	0.999233	7861
7862.png	0.509728	0.851623	0.919866	0.940273	0.900327	0.999204	27.958694	0.999403	28.357152	0.559042	0.570443	0.387223	30.820506	0.551010	1869	4	0	2	10	1.804878	0.000000	41	37	189.438600	2.887858	0.000000	-0.023040	-0.034275	-0.000156	0.000021	-0.020077	864.640474	0.559042	0.559042	4	0	4	2	10	1.804878	0.000000	4	0	41	37	29	5.119962	2.887858	189.438600	0.000000	45370	24.275013	35.064741	256x256	65536	sparse	Learned	250	4	22	1689	30.978091	0.581988	27.861694	0.999382	0.579119	0.290007	8	1	0.000000	31	1838	31.284998	0.629886	0.999313	27.554740	0.297657	0.526016	4834	32.075387	0.721660	0.999704	31.479766	0.187612	0.562600	0.495458	0.280436	-0.157585	-0.030978	True	0.509728	30.824625	0.551026	28.360591	0.613259	0.237468	0.532768	27.992968	0.999360	7862
7863.png	0.647406	0.869565	0.930233	0.903491	0.958606	0.999359	27.948453	0.999244	28.134719	0.651592	0.586873	0.689116	30.309739	0.528910	2227	5	1	2	10	1.843137	0.200000	51	47	251.379726	2.831422	0.000000	-0.002296	0.163319	-0.000025	0.000029	-0.000136	1138.808966	0.651592	0.651592	5	1	4	2	10	1.843137	0.200000	5	1	51	47	39	5.348505	2.831422	251.379726	0.000000	45890	20.606197	29.427930	256x256	65536	sparse	Learned	295	5	25	2203	30.605416	0.585478	27.801744	0.999215	0.651729	0.430421	7	4	0.000000	29	1988	30.837594	0.620472	0.999113	27.292865	0.322943	0.622037	4251	31.383218	0.681521	0.999500	30.658382	0.320035	0.642308	0.332975	0.156452	-0.295677	-0.056568	True	0.648684	30.312252	0.528930	28.133046	0.620158	0.427361	0.649703	27.785134	0.999384	7863
7864.png	0.617932	0.882824	0.937766	0.929362	0.946323	0.998553	28.919965	0.998640	29.194555	0.623672	0.707122	0.482816	31.248141	0.581876	2542	5	0	8	18	1.866667	0.000000	75	70	351.291414	2.725105	0.000000	0.006366	-0.136016	-0.000126	0.000022	0.003825	1306.834459	0.623672	0.623672	5	0	5	8	18	1.866667	0.000000	5	0	75	70	49	5.018449	2.725105	351.291414	0.000000	44974	17.692368	25.781275	256x256	65536	sparse	Learned	318	5	31	2537	31.612323	0.638517	29.044201	0.998618	0.619847	0.322492	15	5	0.000000	41	2474	31.896557	0.679382	0.998549	28.881257	0.168239	0.623203	3585	32.023346	0.690943	0.999066	30.980423	0.157949	0.621016	0.150353	0.384631	-0.364183	-0.056641	True	0.616794	31.251412	0.581914	29.195211	0.785619	0.379310	0.611566	29.055980	0.998678	7864
7865.png	0.656250	0.930368	0.963928	0.964572	0.963284	0.998925	27.554225	0.999038	27.982724	0.671269	0.639405	0.666007	30.955400	0.570463	2165	4	0	0	8	1.829787	0.000000	47	43	227.752309	3.195613	0.000000	-0.035965	-0.472368	-0.000166	-0.000036	-0.017700	1196.976185	0.671269	0.671269	4	0	4	0	8	1.829787	0.000000	4	0	47	43	39	5.296565	3.195613	227.752309	0.000000	45314	20.930254	30.270670	256x256	65536	sparse	Learned	283	4	26	2149	31.230009	0.614463	28.051581	0.999074	0.688969	0.518779	7	5	0.000000	34	2096	31.543120	0.656085	0.998953	27.699047	0.246103	0.646806	4323	32.060511	0.709627	0.999486	31.016566	0.326095	0.655046	-0.068857	0.120626	-0.274608	-0.044000	True	0.656250	30.960473	0.570497	27.985574	0.658702	0.438700	0.692215	28.026592	0.999090	7865
7866.png	0.723661	0.900575	0.947687	0.956654	0.938886	0.998729	27.663354	0.998987	28.036148	0.773190	0.541594	0.734858	30.235978	0.531051	2379	6	0	1	13	1.789474	0.000000	57	51	264.450793	3.044107	0.000000	0.033111	0.037722	-0.000042	0.000135	0.043039	1188.657522	0.773190	0.773190	6	0	6	1	13	1.789474	0.000000	6	0	57	51	43	5.185310	3.044107	264.450793	0.000000	45963	19.320303	27.547709	256x256	65536	sparse	Learned	296	6	25	2249	30.571688	0.588929	27.604104	0.998851	0.730150	0.375566	11	3	0.000000	30	2264	30.840289	0.635602	0.998560	26.887724	0.179904	0.706695	3931	31.228837	0.667301	0.999347	29.820126	0.175954	0.706412	0.432045	0.166028	-0.335709	-0.057878	True	0.728423	30.242035	0.531070	28.047604	0.562495	0.413354	0.690550	27.625632	0.998771	7866
7867.png	0.793384	0.917431	0.956938	0.946746	0.967352	0.998812	27.577005	0.998930	27.962887	0.807981	0.703290	0.702759	31.140314	0.583290	2511	4	1	7	13	1.907692	0.250000	65	62	279.764502	3.048542	0.000000	0.016101	-0.450301	-0.000185	-0.000029	0.030448	1297.830582	0.807981	0.807981	4	1	3	7	13	1.907692	0.250000	4	1	65	62	45	4.512331	3.048542	279.764502	0.000000	45195	17.998805	26.099562	256x256	65536	sparse	Learned	294	4	29	2490	31.425909	0.634051	28.042107	0.998959	0.777533	0.492115	8	6	0.000000	40	2450	31.826077	0.678163	0.998963	28.196676	0.450090	0.761774	3792	31.981703	0.692430	0.999433	30.735455	0.401810	0.763517	-0.079220	0.211175	-0.285595	-0.050761	True	0.795125	31.141266	0.583292	27.954322	0.635052	0.446288	0.777283	28.027307	0.998997	7867
7868.png	0.819407	0.917181	0.956801	0.955046	0.958564	0.999312	26.656416	0.999535	27.491896	0.852968	0.591392	0.657185	31.262166	0.585174	2053	4	0	0	8	1.826087	0.000000	46	42	203.994949	2.628381	0.000000	0.003946	-0.422926	-0.000209	0.000005	0.041710	967.966318	0.852968	0.852968	4	0	4	0	8	1.826087	0.000000	4	0	46	42	38	4.857023	2.628381	203.994949	0.000000	45115	21.975158	31.922065	256x256	65536	sparse	Learned	260	4	25	1929	31.452929	0.617748	27.117590	0.999529	0.811258	0.613259	4	0	1.000000	35	1842	31.706299	0.654945	0.999492	26.897653	0.503415	0.807249	4340	32.331344	0.717245	0.999791	31.047218	0.635781	0.794385	0.374306	-0.021867	-0.190763	-0.032574	True	0.823001	31.264877	0.585203	27.486103	0.593430	0.389994	0.815461	27.079342	0.999521	7868
7869.png	0.776471	0.890843	0.942271	0.918699	0.967084	0.999217	27.462044	0.999278	27.812482	0.794887	0.503415	0.869132	30.453710	0.551067	2524	7	0	3	17	1.762712	0.000000	59	52	282.320851	2.719263	0.000000	0.034226	-0.161672	-0.000103	0.000002	0.034332	1212.556124	0.794887	0.794887	7	0	7	3	17	1.762712	0.000000	7	0	59	52	39	5.429247	2.719263	282.320851	0.000000	45825	18.155705	25.965135	256x256	65536	sparse	Learned	295	7	27	2408	30.917892	0.609026	27.683230	0.999277	0.760556	0.398958	11	6	0.000000	33	2454	31.138270	0.659351	0.999083	26.880520	0.417252	0.762655	3522	31.314694	0.662299	0.999513	29.572405	0.328101	0.751942	0.129252	0.104456	-0.464182	-0.057959	True	0.776471	30.457137	0.551103	27.812467	0.496270	0.431324	0.742245	27.623715	0.999319	7869
7870.png	0.566557	0.879092	0.935656	0.933333	0.937990	0.998976	27.656012	0.999207	28.411737	0.583609	0.617107	0.404222	31.163438	0.582742	2069	4	0	4	12	1.833333	0.000000	48	44	217.409163	3.226093	0.000000	-0.037543	-0.451392	-0.000200	0.000064	-0.018816	1116.014719	0.583609	0.583609	4	0	4	4	12	1.833333	0.000000	4	0	48	44	32	4.941117	3.226093	217.409163	0.000000	44983	21.741421	31.675205	256x256	65536	sparse	Learned	255	4	27	2035	31.525941	0.622883	28.096290	0.999142	0.602425	0.428791	8	4	0.000000	35	1986	31.735891	0.659974	0.998966	27.683155	0.444285	0.606962	4315	32.321118	0.716841	0.999591	31.658570	0.344828	0.619586	0.315447	0.188316	-0.362503	-0.040140	True	0.565703	31.166819	0.582782	28.409834	0.665460	0.268994	0.604100	28.107403	0.999176	7870
7871.png	0.556598	0.871763	0.931489	0.915210	0.948357	0.999156	28.162361	0.999182	28.356864	0.571693	0.732865	0.383833	31.429561	0.599539	2263	4	0	6	15	1.864407	0.000000	59	55	295.622366	2.735219	0.000000	0.014881	-0.152198	-0.000112	-0.000020	0.018921	1030.972242	0.571693	0.571693	4	0	4	6	15	1.864407	0.000000	4	0	59	55	38	5.374952	2.735219	295.622366	0.000000	44814	19.802916	28.959788	256x256	65536	sparse	Learned	296	4	28	2194	31.778372	0.639394	28.250759	0.999201	0.552773	0.322190	9	0	0.375000	42	2252	32.138890	0.683157	0.999195	28.566104	0.280422	0.514793	4058	32.502162	0.719550	0.999556	31.265771	0.251296	0.564179	0.106105	0.410674	-0.348811	-0.039855	True	0.553683	31.432705	0.599574	28.362174	0.750925	0.288230	0.541717	28.314559	0.999268	7871
7872.png	0.748699	0.886499	0.939835	0.945411	0.934324	0.999271	28.051086	0.999425	28.390664	0.797692	0.558098	0.716893	31.422702	0.593886	2342	6	1	3	13	1.843750	0.166667	64	59	276.450793	2.318874	0.000000	-0.003256	-0.237454	-0.000149	-0.000004	0.022330	813.948393	0.797692	0.797692	6	1	5	3	13	1.843750	0.166667	6	1	64	59	48	4.685607	2.318874	276.450793	0.000000	44865	19.156704	27.982921	256x256	65536	sparse	Learned	303	6	29	2279	31.756247	0.638555	28.240194	0.999429	0.775362	0.453926	8	1	0.833333	40	2302	32.070982	0.682650	0.999380	28.141296	0.415955	0.747430	3883	32.271049	0.706487	0.999683	30.884675	0.322943	0.765693	0.150470	0.104172	-0.333545	-0.044669	True	0.750000	31.427743	0.593933	28.392706	0.583832	0.418545	0.751955	28.288540	0.999421	7872
7873.png	0.617264	0.885273	0.939145	0.932305	0.946087	0.999244	26.764430	0.999424	27.383635	0.616626	0.595458	0.373403	30.244300	0.531316	2013	4	0	2	10	1.804878	0.000000	41	37	205.580736	2.759220	0.000000	0.021884	-0.157717	-0.000112	0.000048	0.024006	992.506266	0.616626	0.616626	4	0	4	2	10	1.804878	0.000000	4	0	41	37	29	5.556236	2.759220	205.580736	0.000000	45854	22.778937	32.556384	256x256	65536	sparse	Learned	251	4	22	1800	30.594006	0.570839	26.899512	0.999376	0.592620	0.245378	13	1	0.000000	29	1996	30.885043	0.623473	0.999292	26.680889	0.283946	0.575322	4590	31.561324	0.698916	0.999705	30.701272	0.344047	0.598660	0.484123	0.350080	-0.349705	-0.039522	True	0.615134	30.247068	0.531346	27.382650	0.630277	0.235347	0.595380	26.922147	0.999356	7873
7874.png	0.624179	0.903622	0.949371	0.951635	0.947119	0.998644	27.679752	0.998753	28.180219	0.652145	0.583138	0.622459	30.491383	0.537504	2052	4	0	2	10	1.813953	0.000000	43	39	199.580736	4.001321	0.000000	-0.004661	0.035684	0.000014	0.000190	0.003926	1385.195971	0.652145	0.652145	4	0	4	2	10	1.813953	0.000000	4	0	43	39	31	5.117455	4.001321	199.580736	0.000000	45790	22.314815	31.937622	256x256	65536	sparse	Learned	253	4	23	1970	30.664389	0.580191	27.694638	0.998563	0.648219	0.345576	10	2	0.000000	30	1958	30.959651	0.624898	0.998282	27.018169	0.472708	0.602441	4450	31.599684	0.697520	0.999126	30.712088	0.308734	0.625160	0.485581	0.237562	-0.173006	-0.042686	True	0.624179	30.493237	0.537519	28.179736	0.632121	0.393469	0.628840	27.644069	0.998631	7874
7875.png	0.781127	0.919441	0.958030	0.963040	0.953071	0.999004	26.767306	0.999272	27.450526	0.816532	0.651808	0.775699	30.771436	0.566657	2290	4	0	1	9	1.846154	0.000000	52	48	237.237590	2.928801	0.000000	0.006358	-0.697963	-0.000284	-0.000038	0.036756	1019.067049	0.816532	0.816532	4	0	4	1	9	1.846154	0.000000	4	0	52	48	42	4.942450	2.928801	237.237590	0.000000	45510	19.873362	28.618341	256x256	65536	sparse	Learned	282	4	27	2209	31.199022	0.614779	27.460765	0.999310	0.779777	0.606235	5	3	0.000000	33	2182	31.437878	0.659029	0.999236	27.203724	0.698806	0.787221	4091	31.836015	0.693491	0.999677	31.010438	0.565039	0.760346	-0.010238	0.045573	-0.427586	-0.048121	True	0.779961	30.772522	0.566670	27.448887	0.668789	0.518779	0.774769	27.465268	0.999288	7875
7876.png	0.544453	0.859175	0.924254	0.903515	0.945967	0.999190	28.806062	0.998974	29.222295	0.554277	0.694254	0.375958	31.802388	0.610917	2191	4	1	4	10	1.886792	0.250000	53	50	269.622366	2.554906	0.000000	0.015941	-0.291972	-0.000078	-0.000028	0.022391	1076.739550	0.554277	0.554277	4	1	3	4	10	1.886792	0.250000	4	1	53	50	39	5.392447	2.554906	269.622366	0.000000	44410	20.269283	29.911456	256x256	65536	sparse	Learned	300	4	30	2151	32.185666	0.652571	29.203449	0.999002	0.531886	0.281076	12	3	0.000000	42	2046	32.400946	0.682358	0.998826	29.139305	0.240970	0.528417	3998	32.749602	0.727544	0.999367	31.413075	0.181269	0.540859	0.018846	0.413178	-0.383278	-0.041654	True	0.543319	31.806229	0.610952	29.223598	0.624689	0.234857	0.528512	29.098034	0.999268	7876
7877.png	0.679813	0.909567	0.952642	0.942295	0.963220	0.998956	27.860136	0.999091	28.399305	0.692154	0.639405	0.702698	30.921508	0.570326	2178	4	0	3	11	1.840000	0.000000	50	46	229.409163	3.106429	0.000000	0.036411	-0.102131	-0.000075	0.000093	0.050208	1316.308737	0.692154	0.692154	4	0	4	3	11	1.840000	0.000000	4	0	50	46	36	4.987156	3.106429	229.409163	0.000000	45275	20.787420	30.089991	256x256	65536	sparse	Learned	276	4	26	2102	31.243912	0.611872	27.995224	0.998997	0.641947	0.513248	7	10	0.000000	36	2156	31.567913	0.659456	0.998905	27.635229	0.382590	0.625289	4227	32.042604	0.705568	0.999467	31.071958	0.256956	0.635777	0.404081	0.126157	-0.322404	-0.041546	True	0.682943	30.926072	0.570347	28.413445	0.630277	0.442894	0.643402	27.962267	0.999032	7877
7878.png	0.687347	0.887924	0.940635	0.940635	0.940635	0.999316	26.578322	0.999558	27.244754	0.713930	0.571729	0.655496	30.178533	0.525489	2211	5	0	3	13	1.807692	0.000000	52	47	239.308658	2.581535	0.000000	0.025226	-0.577314	-0.000208	-0.000005	0.027535	930.852652	0.713930	0.713930	5	0	5	3	13	1.807692	0.000000	5	0	52	47	36	5.091674	2.581535	239.308658	0.000000	46028	20.817730	29.640886	256x256	65536	sparse	Learned	273	5	24	2116	30.516004	0.578303	27.152707	0.999563	0.686395	0.405479	7	0	0.800000	28	1984	30.706953	0.616016	0.999478	26.473493	0.460259	0.691176	4237	31.277140	0.680733	0.999754	30.172991	0.350213	0.697297	0.092047	0.166250	-0.337471	-0.052814	True	0.687347	30.180805	0.525502	27.237343	0.576838	0.378115	0.662121	27.155636	0.999524	7878
7879.png	0.879686	0.928443	0.962894	0.958411	0.967419	0.999030	26.829778	0.999142	27.203017	0.897934	0.537912	1.057434	30.082888	0.528397	2285	5	0	3	13	1.800000	0.000000	50	45	221.965512	3.326564	0.000000	0.072763	-0.296413	-0.000110	-0.000002	0.075012	1198.145151	0.897934	0.897934	5	0	5	3	13	1.800000	0.000000	5	0	50	45	34	4.932567	3.326564	221.965512	0.000000	46082	20.167177	28.680963	256x256	65536	sparse	Learned	254	5	24	2178	30.473107	0.581346	27.141564	0.999144	0.822922	0.621674	5	8	0.000000	29	2150	30.702631	0.628415	0.998966	26.462933	0.454315	0.829614	4078	31.161771	0.668326	0.999543	29.913404	0.524077	0.815775	0.061453	-0.083762	-0.390219	-0.052950	True	0.880895	30.085763	0.528420	27.207443	0.536060	0.566848	0.806923	27.126191	0.999141	7879
7881.png	0.490893	0.833929	0.909445	0.937751	0.882798	0.999176	27.145093	0.999593	28.217349	0.553254	0.574717	0.346235	30.748178	0.554684	1848	4	0	1	9	1.809524	0.000000	42	38	189.781746	2.582248	0.000000	-0.010415	-0.452166	-0.000281	0.000063	0.000401	917.253733	0.553254	0.553254	4	0	4	1	9	1.809524	0.000000	4	0	42	38	32	4.994256	2.582248	189.781746	0.000000	45339	24.534091	35.463203	256x256	65536	sparse	Learned	258	4	23	1774	31.049100	0.590189	27.382815	0.999530	0.552853	0.208638	10	0	0.250000	31	1674	31.322487	0.626309	0.999523	27.426975	0.190152	0.526017	5124	32.261170	0.734203	0.999786	31.547433	0.106918	0.547641	0.834533	0.366079	-0.300923	-0.035505	True	0.492252	30.749346	0.554683	28.219212	0.593430	0.205466	0.501308	27.597259	0.999457	7881
7882.png	0.662896	0.785661	0.879967	0.900847	0.860032	0.999070	26.765920	0.999492	27.817844	0.740081	0.537912	0.529753	30.037926	0.518079	2017	5	0	2	12	1.772727	0.000000	44	39	219.894444	2.589269	0.000000	0.030350	-0.708477	-0.000334	0.000011	0.074328	1064.549208	0.740081	0.740081	5	0	5	2	12	1.772727	0.000000	5	0	44	39	30	5.638319	2.589269	219.894444	0.000000	46036	22.823996	32.491820	256x256	65536	sparse	Learned	263	5	22	1937	30.302342	0.564180	27.462650	0.999481	0.665753	0.333690	10	0	0.500000	26	1852	30.586629	0.608065	0.999320	26.519561	0.271426	0.658964	4630	31.387412	0.694693	0.999746	30.821681	0.225514	0.655219	0.355193	0.204222	-0.264416	-0.046102	True	0.665411	30.043131	0.518107	27.821740	0.564822	0.299216	0.632546	27.474396	0.999404	7882
7883.png	0.676444	0.888599	0.941014	0.946247	0.935839	0.999390	26.174870	0.999570	26.860598	0.716117	0.446780	0.663458	30.403459	0.540399	1960	5	0	1	11	1.736842	0.000000	38	33	171.580736	2.927953	0.000000	0.010334	-0.448552	-0.000160	-0.000002	0.027607	894.706726	0.716117	0.716117	5	0	5	1	11	1.736842	0.000000	5	0	38	33	26	5.199416	2.927953	171.580736	0.000000	45795	23.364796	33.436735	256x256	65536	sparse	Learned	236	5	23	1902	30.751946	0.581449	26.597558	0.999572	0.688511	0.410217	5	0	1.000000	29	1872	30.956994	0.623103	0.999504	26.359492	0.345140	0.663043	4822	31.789648	0.710477	0.999827	31.278244	0.275060	0.689280	0.263039	0.036564	-0.348487	-0.041051	True	0.678222	30.407025	0.540419	26.856467	0.470594	0.312220	0.666110	26.623422	0.999551	7883
7884.png	0.586443	0.892751	0.943337	0.932046	0.954905	0.999052	28.353354	0.999121	28.486187	0.613740	0.552912	0.452652	31.611615	0.597534	1890	4	0	1	9	1.809524	0.000000	42	38	189.722871	3.280211	0.000000	0.010750	-0.032923	-0.000097	0.000012	0.006878	1171.612263	0.613740	0.613740	4	0	4	1	9	1.809524	0.000000	4	0	42	38	32	4.992707	3.280211	189.722871	0.000000	44707	23.654497	34.675132	256x256	65536	sparse	Learned	243	4	26	1862	31.779502	0.627629	28.388586	0.999109	0.606862	0.231317	13	5	0.000000	35	1684	32.019684	0.658715	0.999002	28.039216	0.319549	0.594045	4945	32.870219	0.746747	0.999570	32.175416	0.278110	0.614235	0.097601	0.321595	-0.167887	-0.030094	True	0.585236	31.612675	0.597570	28.480462	0.572585	0.259182	0.575693	28.386277	0.999149	7884
7885.png	0.552561	0.856282	0.922578	0.903724	0.942235	0.999338	27.952961	0.999362	28.547911	0.566254	0.527633	0.754644	30.931739	0.555050	1839	4	0	1	10	1.783784	0.000000	37	33	173.994949	3.031412	0.000000	0.016878	0.020595	-0.000120	0.000049	0.024875	1153.419495	0.566254	0.566254	4	0	4	1	10	1.783784	0.000000	4	0	37	33	26	5.272574	3.031412	173.994949	0.000000	45294	24.629690	35.636759	256x256	65536	sparse	Learned	237	4	24	1833	31.151800	0.593076	27.886424	0.999314	0.541379	0.264717	8	0	0.500000	31	1754	31.370441	0.628732	0.999178	27.444160	0.350791	0.551038	5122	32.262544	0.733266	0.999680	31.644855	0.244216	0.564103	0.661487	0.262916	-0.220061	-0.038026	True	0.552065	30.935016	0.555080	28.555186	0.552912	0.417252	0.535683	27.932366	0.999458	7885
7886.png	0.534938	0.887036	0.940137	0.924901	0.955882	0.999273	27.819655	0.999422	28.340479	0.565555	0.590165	0.349060	30.605825	0.549146	2198	5	0	0	10	1.807692	0.000000	52	47	254.036580	2.424032	0.000000	0.017917	-0.107001	-0.000160	-0.000015	0.029262	833.153486	0.565555	0.565555	5	0	5	0	10	1.807692	0.000000	5	0	52	47	42	5.405034	2.424032	254.036580	0.000000	45575	20.734759	29.816197	256x256	65536	sparse	Learned	305	5	25	2034	30.994379	0.595839	27.965557	0.999436	0.536293	0.246731	12	2	0.000000	31	1960	31.172218	0.633281	0.999282	27.362716	0.329680	0.494350	4197	31.712195	0.695077	0.999661	30.739929	0.168896	0.526639	0.374922	0.343433	-0.388553	-0.046693	True	0.536131	30.609893	0.549172	28.344046	0.607807	0.212161	0.517021	27.926656	0.999433	7886
7887.png	0.830688	0.903202	0.949139	0.953616	0.944704	0.999363	26.311823	0.999480	27.095980	0.869666	0.650062	0.845058	30.174199	0.530046	2309	4	1	5	11	1.892857	0.250000	56	53	240.965512	2.398152	0.000000	0.009584	-1.149629	-0.000228	-0.000056	0.069528	1063.768864	0.869666	0.869666	4	1	3	5	11	1.892857	0.250000	4	5	56	53	40	4.546519	2.398152	240.965512	0.000000	46048	19.942832	28.382850	256x256	65536	sparse	Learned	291	4	25	2255	30.572068	0.587545	27.403514	0.999536	0.800139	0.680181	4	3	0.800000	30	2304	30.858946	0.639696	0.999411	26.582149	0.672085	0.809625	4070	31.272648	0.673180	0.999753	30.225429	0.624689	0.805634	-0.307534	-0.030119	-0.397869	-0.057499	True	0.828550	30.176497	0.530077	27.117547	0.700308	0.591801	0.821104	27.461452	0.999591	7887
7888.png	0.642534	0.906132	0.950755	0.960674	0.941038	0.999272	26.719052	0.999487	27.344476	0.660494	0.613259	0.574116	30.341210	0.532400	2079	4	0	1	9	1.818182	0.000000	44	40	222.450793	2.803253	0.000000	0.030970	-0.353464	-0.000158	0.000024	0.049091	1026.097059	0.660494	0.660494	4	0	4	1	9	1.818182	0.000000	4	0	44	40	34	5.561270	2.803253	222.450793	0.000000	45886	22.071188	31.522848	256x256	65536	sparse	Learned	270	4	23	2034	30.536362	0.578327	27.086705	0.999463	0.611403	0.403494	6	1	0.250000	28	1916	30.871607	0.617792	0.999434	27.111304	0.333023	0.607946	4530	31.546532	0.697678	0.999750	30.953978	0.234710	0.653184	0.257770	0.209765	-0.195152	-0.045927	True	0.640271	30.341186	0.532414	27.339952	0.633955	0.363964	0.611564	27.072516	0.999430	7888
7889.png	0.701903	0.894118	0.944099	0.933036	0.955429	0.998766	28.121246	0.998927	28.479050	0.730504	0.714924	0.757094	31.052668	0.580803	2453	4	0	2	10	1.859649	0.000000	57	53	288.421356	3.065225	0.000000	0.005650	-0.341733	-0.000150	0.000002	0.013541	1231.888533	0.730504	0.730504	4	0	4	2	10	1.859649	0.000000	4	0	57	53	45	5.441912	3.065225	288.421356	0.000000	45128	18.397065	26.716673	256x256	65536	sparse	Learned	309	4	29	2442	31.441471	0.632214	28.436499	0.998925	0.716963	0.599483	8	9	0.000000	39	2394	31.776252	0.674749	0.998806	28.278529	0.424011	0.710045	3756	31.996371	0.692626	0.999351	30.820891	0.332864	0.715734	0.042552	0.115441	-0.388803	-0.051411	True	0.700000	31.054929	0.580829	28.485367	0.740760	0.560825	0.696252	28.462979	0.998916	7889
7890.png	0.807623	0.926444	0.961818	0.954887	0.968849	0.998939	27.894741	0.998985	28.091271	0.823743	0.619017	0.838171	31.655251	0.608672	2220	4	1	4	10	1.866667	0.250000	45	42	223.137085	3.405662	0.000000	-0.003437	-0.450552	-0.000187	-0.000087	0.000485	1247.918844	0.823743	0.823743	4	1	3	4	10	1.866667	0.250000	4	1	45	42	31	5.312788	3.405662	223.137085	0.000000	44746	20.155856	29.520721	256x256	65536	sparse	Learned	256	4	29	2177	31.948220	0.645719	28.335189	0.999072	0.823258	0.707707	4	5	0.000000	42	2178	32.234988	0.684113	0.999066	28.421873	0.777983	0.807446	4271	32.630329	0.726036	0.999545	31.577565	0.639405	0.794857	-0.243917	-0.088691	-0.292969	-0.037047	True	0.808111	31.659468	0.608699	28.097145	0.656991	0.550671	0.811060	28.345293	0.999126	7890
7891.png	0.615451	0.876730	0.934317	0.937124	0.931526	0.998475	27.432234	0.998791	28.050664	0.635848	0.725279	0.542266	31.032573	0.594043	2897	5	0	7	17	1.875000	0.000000	80	75	371.433550	2.983446	0.000000	-0.034164	-0.919044	-0.000440	-0.000071	-0.011163	1248.136282	0.635848	0.635848	5	0	5	7	17	1.875000	0.000000	5	0	80	75	56	4.952447	2.983446	371.433550	0.000000	45190	15.598895	22.622023	256x256	65536	sparse	Learned	339	5	33	2892	31.690997	0.658155	28.322442	0.998862	0.647011	0.414749	14	9	0.000000	40	2624	31.890404	0.693452	0.998739	28.185397	0.365739	0.619462	2963	31.784619	0.666794	0.999110	29.744583	0.362372	0.626829	-0.271778	0.310530	-0.658424	-0.064113	True	0.614329	31.033128	0.594063	28.057242	0.658133	0.356883	0.649614	28.351278	0.998914	7891
7892.png	0.567449	0.900106	0.947427	0.949805	0.945061	0.998794	27.364553	0.998943	27.972859	0.581537	0.521293	0.385955	30.382807	0.542016	2423	6	1	4	14	1.833333	0.166667	60	55	249.551299	3.312137	0.000000	0.014057	-0.071742	-0.000048	0.000089	0.017243	1290.810585	0.581537	0.581537	6	1	5	4	14	1.833333	0.166667	6	1	60	55	42	4.537296	3.312137	249.551299	0.000000	45915	18.949649	27.047462	256x256	65536	sparse	Learned	283	6	26	2335	30.724154	0.598378	27.467077	0.998854	0.564293	0.210417	16	2	0.000000	32	2336	30.972391	0.643427	0.998652	27.183227	0.360776	0.554968	3873	31.326315	0.666697	0.999327	30.307109	0.311564	0.569174	0.505782	0.310876	-0.341346	-0.056362	True	0.565811	30.384262	0.542027	27.963795	0.540063	0.208440	0.553393	27.436295	0.998842	7892
7893.png	0.566622	0.886842	0.940028	0.935461	0.944639	0.998915	27.848010	0.999066	28.074254	0.594282	0.571729	0.739600	30.991806	0.566969	2271	5	0	2	12	1.800000	0.000000	50	45	243.036580	2.976523	0.000000	-0.019697	-0.068176	-0.000036	0.000054	-0.017963	1283.591986	0.594282	0.594282	5	0	5	2	12	1.800000	0.000000	5	0	50	45	36	5.400813	2.976523	243.036580	0.000000	45354	19.970938	28.857772	256x256	65536	sparse	Learned	283	5	27	2184	31.273073	0.615155	27.924281	0.999012	0.612245	0.319859	11	3	0.000000	34	2136	31.493371	0.654496	0.998843	27.533191	0.276956	0.598684	4011	31.878689	0.694147	0.999470	31.053211	0.245056	0.598680	0.149973	0.251871	-0.281268	-0.048186	True	0.564603	30.993084	0.566976	28.068909	0.595053	0.440102	0.586319	27.916187	0.998952	7893
7894.png	0.580689	0.881175	0.936835	0.953757	0.920502	0.998876	28.122459	0.999216	28.502100	0.631766	0.665460	0.633025	31.735715	0.608385	2185	4	0	2	11	1.854545	0.000000	55	51	257.906638	2.687524	0.000000	0.015557	-0.382169	-0.000221	0.000008	0.023341	1055.252314	0.631766	0.631766	4	0	4	2	11	1.854545	0.000000	4	0	55	51	42	5.056993	2.687524	257.906638	0.000000	44634	20.427460	29.993593	256x256	65536	sparse	Learned	282	4	29	2161	32.006517	0.646999	28.391554	0.999208	0.608425	0.505397	5	2	0.000000	40	2036	32.257948	0.680021	0.999126	28.249649	0.441965	0.601519	4225	32.695394	0.727809	0.999597	31.695635	0.311564	0.611604	0.110546	0.160063	-0.270802	-0.038614	True	0.579338	31.741153	0.608441	28.507557	0.683363	0.432586	0.565132	28.504627	0.999098	7894
7895.png	0.732320	0.889179	0.941339	0.949861	0.932969	0.999077	27.536728	0.999250	27.883703	0.758130	0.488291	0.587834	31.553330	0.607652	2274	6	0	2	14	1.760000	0.000000	50	44	231.450793	2.973410	0.000000	0.010412	-0.446596	-0.000191	-0.000055	0.040684	1111.928463	0.758130	0.758130	6	0	6	2	14	1.760000	0.000000	6	0	50	44	34	5.260245	2.973410	231.450793	0.000000	44649	19.634565	28.819701	256x256	65536	sparse	Learned	271	6	29	2251	31.937833	0.649202	28.005956	0.999305	0.717446	0.412865	8	1	0.333333	41	2064	32.208241	0.679473	0.999298	28.140219	0.303485	0.693762	3987	32.595364	0.719701	0.999667	31.627471	0.265258	0.709819	-0.122253	0.075427	-0.384503	-0.041550	True	0.733289	31.558217	0.607672	27.885997	0.573439	0.337087	0.721908	27.983324	0.999268	7895
7896.png	0.768116	0.877538	0.934775	0.949863	0.920160	0.998940	28.157013	0.999247	28.481725	0.813938	0.570013	0.912029	31.068940	0.570353	2148	5	0	2	12	1.803922	0.000000	51	46	237.480231	2.984838	0.000000	0.009310	-0.110097	-0.000140	0.000023	0.035411	963.716984	0.813938	0.813938	5	0	5	2	12	1.803922	0.000000	5	0	51	46	37	5.162614	2.984838	237.480231	0.000000	45192	21.039106	30.510242	256x256	65536	sparse	Learned	271	5	26	2099	31.263787	0.612786	28.190994	0.999224	0.778528	0.563951	6	5	0.000000	34	2076	31.538262	0.654703	0.999052	27.637958	0.216677	0.734231	4210	32.062710	0.707427	0.999580	31.130438	0.144363	0.762981	0.290731	0.006062	-0.194848	-0.042433	True	0.770006	31.072765	0.570379	28.488351	0.578527	0.527633	0.758806	28.267110	0.999080	7896
7897.png	0.657072	0.920973	0.958861	0.949843	0.968051	0.998290	27.877762	0.998295	28.143227	0.655223	0.697296	0.610310	30.704168	0.557327	2373	4	1	4	10	1.890909	0.250000	55	52	274.107648	3.436214	0.000000	0.013547	-0.158456	-0.000107	-0.000011	0.015767	1423.524857	0.655223	0.655223	4	1	3	4	10	1.890909	0.250000	4	1	55	52	41	5.271301	3.436214	274.107648	0.000000	45474	19.163085	27.617362	256x256	65536	sparse	Learned	291	4	27	2370	31.030196	0.611573	28.126268	0.998306	0.639456	0.521692	8	13	0.000000	33	2272	31.326573	0.654220	0.997967	27.514424	0.393469	0.633885	3855	31.668234	0.681857	0.998987	30.725073	0.418084	0.634398	0.016959	0.175604	-0.326028	-0.054246	True	0.657895	30.708230	0.557338	28.143431	0.726102	0.443147	0.643525	28.036218	0.998397	7897
7898.png	0.689252	0.915700	0.955995	0.947200	0.964955	0.999272	27.508101	0.999369	27.796949	0.712500	0.727468	0.817979	31.655247	0.608069	2375	4	0	3	11	1.866667	0.000000	60	56	293.693434	2.247099	0.000000	0.000033	-0.731259	-0.000182	-0.000090	0.007448	806.138277	0.712500	0.712500	4	0	4	3	11	1.866667	0.000000	4	0	60	56	46	5.244526	2.247099	293.693434	0.000000	44706	18.823579	27.594105	256x256	65536	sparse	Learned	313	4	31	2368	31.978704	0.650261	28.285134	0.999460	0.705052	0.511623	6	1	0.250000	41	2356	32.301483	0.694243	0.999436	28.342792	0.535441	0.689291	3919	32.564042	0.716871	0.999675	31.371042	0.378737	0.681449	-0.488185	0.215846	-0.323458	-0.042191	True	0.690031	31.659493	0.608099	27.807120	0.727468	0.595053	0.689219	28.239360	0.999454	7898
7899.png	0.672920	0.831974	0.908281	0.939227	0.879310	0.999061	27.333448	0.999351	28.149118	0.744925	0.462056	1.019332	30.272750	0.519940	1823	5	0	1	11	1.743590	0.000000	39	34	174.024387	3.001021	0.000000	-0.024356	-0.539602	-0.000151	0.000043	-0.000725	1183.450699	0.744925	0.744925	5	0	5	1	11	1.743590	0.000000	5	0	39	34	27	5.118364	3.001021	174.024387	0.000000	45874	25.164015	35.949534	256x256	65536	sparse	Learned	241	5	21	1706	30.434102	0.556009	27.776838	0.999308	0.745650	0.370293	8	3	0.000000	26	1740	30.705018	0.600655	0.999107	27.001842	0.132812	0.707438	4964	31.629796	0.712600	0.999660	30.955570	0.054566	0.675832	0.372280	0.091763	-0.161352	-0.036069	True	0.672920	30.275363	0.519945	28.145882	0.470594	0.479691	0.697276	27.873050	0.999212	7899
7900.png	0.565217	0.893082	0.943522	0.936950	0.950186	0.998946	28.012920	0.999114	28.606852	0.600965	0.613259	0.621527	31.328631	0.589151	2112	4	0	2	11	1.833333	0.000000	48	44	211.095454	3.159239	0.000000	-0.007405	-0.465919	-0.000219	-0.000000	0.007942	1121.910095	0.600965	0.600965	4	0	4	2	11	1.833333	0.000000	4	0	48	44	35	4.797624	3.159239	211.095454	0.000000	44802	21.213068	31.030303	256x256	65536	sparse	Learned	270	4	27	2025	31.637077	0.626070	28.469903	0.999114	0.593023	0.496749	6	3	0.000000	37	2070	31.966634	0.669838	0.999038	28.149886	0.400362	0.576594	4433	32.544101	0.727787	0.999520	31.432306	0.272140	0.571614	0.136949	0.116510	-0.308446	-0.036919	True	0.566870	31.334828	0.589190	28.611924	0.630277	0.391734	0.572622	28.478839	0.999164	7900
7901.png	0.504010	0.883998	0.938428	0.944692	0.932246	0.998669	27.058429	0.998939	27.935494	0.521082	0.622808	0.302299	30.672831	0.554464	2183	4	0	0	8	1.809524	0.000000	42	38	223.308658	3.346675	0.000000	-0.008372	-0.939085	-0.000300	-0.000006	0.014866	1238.346338	0.521082	0.521082	4	0	4	0	8	1.809524	0.000000	4	0	42	38	34	5.876544	3.346675	223.308658	0.000000	45469	20.828676	30.021072	256x256	65536	sparse	Learned	279	4	26	2154	31.062806	0.603957	27.979093	0.998945	0.506217	0.208516	13	0	0.000000	32	2010	31.243809	0.638713	0.998719	27.527836	0.307537	0.472455	4199	31.792922	0.696172	0.999362	30.916896	0.187612	0.493191	-0.043599	0.414291	-0.389975	-0.049493	True	0.503393	30.673436	0.554469	27.926377	0.662098	0.200152	0.512382	27.997514	0.998968	7901
7902.png	0.689227	0.912823	0.954425	0.959787	0.949123	0.998906	27.795647	0.999113	28.182831	0.699600	0.547666	0.500272	31.236673	0.591517	2420	6	0	2	14	1.781818	0.000000	55	49	275.492424	3.003956	0.000000	-0.014816	-0.304736	-0.000171	0.000008	-0.010797	1102.912426	0.699600	0.699600	6	0	6	2	14	1.781818	0.000000	6	0	55	49	39	5.622294	3.003956	275.492424	0.000000	45058	18.619008	27.080992	256x256	65536	sparse	Learned	298	6	29	2349	31.566538	0.637048	28.111610	0.999106	0.710397	0.347319	12	3	0.000000	40	2360	31.913593	0.679864	0.999069	28.196115	0.318090	0.679846	3746	32.087906	0.695157	0.999511	30.960214	0.313569	0.704620	0.071222	0.200347	-0.329865	-0.045531	True	0.689831	31.240100	0.591544	28.190980	0.572585	0.286448	0.704043	28.100383	0.999077	7902
7903.png	0.502209	0.850494	0.919207	0.918507	0.919908	0.999038	28.123893	0.999220	28.565664	0.521610	0.655272	0.449266	31.581427	0.596589	2062	4	0	5	13	1.836735	0.000000	49	45	234.267027	2.949407	0.000000	-0.006499	-0.323934	-0.000180	0.000005	-0.002933	1103.828907	0.521610	0.521610	4	0	4	5	13	1.836735	0.000000	4	0	49	45	31	5.205934	2.949407	234.267027	0.000000	44666	21.661494	31.782735	256x256	65536	sparse	Learned	269	4	27	1918	31.856652	0.630744	28.386244	0.999215	0.524542	0.320035	7	0	0.625000	38	2004	32.101009	0.673899	0.999130	28.063944	0.273851	0.516105	4279	32.630214	0.726922	0.999559	31.600296	0.153518	0.522431	0.179420	0.335237	-0.275225	-0.034155	True	0.504047	31.584934	0.596635	28.568610	0.681776	0.306299	0.508708	28.447827	0.999218	7903
7904.png	0.651462	0.886982	0.940107	0.954777	0.925880	0.999022	27.539035	0.999287	28.135847	0.678766	0.629166	0.605908	30.101520	0.524496	2351	5	0	1	11	1.843750	0.000000	64	59	281.936075	2.741385	0.000000	0.002872	-0.557221	-0.000257	-0.000012	0.011542	856.665373	0.678766	0.678766	5	0	5	1	11	1.843750	0.000000	5	0	64	59	52	4.778578	2.741385	281.936075	0.000000	45949	19.544449	27.875798	256x256	65536	sparse	Learned	311	5	26	2326	30.600205	0.589090	28.007618	0.999299	0.667224	0.538967	7	5	0.000000	29	2180	30.774463	0.626560	0.999163	27.336802	0.183994	0.658429	3825	31.133624	0.663239	0.999527	29.829128	0.166869	0.657222	0.128229	0.090199	-0.498686	-0.064594	True	0.651462	30.106330	0.524518	28.137624	0.629166	0.381217	0.648590	28.096257	0.999279	7904
7905.png	0.772030	0.894111	0.944096	0.932113	0.956390	0.998996	27.405457	0.999203	28.020135	0.798520	0.749676	0.822807	30.631257	0.561684	2648	4	1	5	11	1.903226	0.250000	62	59	322.462987	2.772965	0.000000	0.007698	-0.799926	-0.000294	-0.000046	0.011365	1265.807390	0.798520	0.798520	4	1	3	5	11	1.903226	0.250000	4	1	62	59	46	5.465474	2.772965	322.462987	0.000000	45446	17.162387	24.749245	256x256	65536	sparse	Learned	319	4	30	2636	31.224940	0.628167	28.162452	0.999249	0.787155	0.571974	7	4	0.000000	37	2648	31.481541	0.677501	0.999149	27.778657	0.391600	0.747604	3399	31.533269	0.668896	0.999443	29.616632	0.419191	0.776890	-0.142317	0.177702	-0.593683	-0.066483	True	0.770324	30.635318	0.561692	28.026891	0.754633	0.620917	0.764331	28.205383	0.999290	7905
7906.png	0.834856	0.918861	0.957715	0.956296	0.959138	0.999289	26.802240	0.999402	27.164483	0.877243	0.530459	0.842823	30.784797	0.562797	2162	5	1	2	10	1.813953	0.200000	43	39	213.166522	3.006994	0.000000	0.032882	-0.256539	-0.000101	0.000027	0.049795	1157.061815	0.877243	0.877243	5	1	4	2	10	1.813953	0.200000	5	1	43	39	31	5.465808	3.006994	213.166522	0.000000	45534	21.061055	30.312673	256x256	65536	sparse	Learned	267	5	24	1951	31.047453	0.599690	26.988773	0.999376	0.827448	0.530459	5	3	0.000000	31	1918	31.262160	0.640916	0.999309	26.536535	0.530459	0.816779	4234	31.842538	0.697467	0.999736	30.823100	0.441699	0.826524	0.175710	0.000000	-0.262656	-0.036893	True	0.833684	30.787056	0.562807	27.167010	0.552465	0.465630	0.801974	27.058780	0.999390	7906
7907.png	0.608494	0.908912	0.952283	0.946758	0.957873	0.998969	27.621898	0.999110	28.238152	0.610158	0.545247	0.458269	31.186451	0.583068	2161	5	0	2	12	1.800000	0.000000	50	45	224.722871	3.140804	0.000000	0.002452	-0.421845	-0.000182	0.000026	0.012521	1213.388443	0.610158	0.610158	5	0	5	2	12	1.800000	0.000000	5	0	50	45	36	4.993842	3.140804	224.722871	0.000000	45010	20.828320	30.326701	256x256	65536	sparse	Learned	269	5	27	2074	31.521230	0.623636	28.070921	0.999084	0.597637	0.278306	13	4	0.000000	35	1956	31.723264	0.658020	0.998952	27.595038	0.398001	0.557895	4328	32.339250	0.716976	0.999563	31.520790	0.210219	0.596437	0.167231	0.266941	-0.334779	-0.040569	True	0.608494	31.193368	0.583122	28.250194	0.563078	0.258041	0.606042	28.043743	0.999151	7907
7908.png	0.647599	0.881153	0.936822	0.941397	0.932292	0.999212	26.859853	0.999466	27.580058	0.697147	0.643706	0.591334	30.067125	0.524266	2458	5	0	2	12	1.824561	0.000000	57	52	294.007143	2.326460	0.000000	-0.012320	-0.616799	-0.000218	0.000001	-0.000979	885.157108	0.697147	0.697147	5	0	5	2	12	1.824561	0.000000	5	0	57	52	43	5.653984	2.326460	294.007143	0.000000	46205	18.797803	26.662327	256x256	65536	sparse	Learned	318	5	26	2422	30.491648	0.589915	27.429661	0.999465	0.698126	0.524474	6	2	0.000000	30	2458	30.743524	0.642094	0.999369	26.795798	0.571158	0.701585	3621	30.997498	0.651495	0.999673	29.941301	0.430059	0.695114	0.150397	0.119233	-0.424523	-0.065649	True	0.648515	30.071160	0.524296	27.581857	0.663110	0.392120	0.659919	27.476652	0.999430	7908
7909.png	0.576515	0.873798	0.932649	0.918509	0.947231	0.999057	27.849596	0.999095	28.104401	0.589617	0.712059	0.412439	30.833227	0.560788	2318	4	1	4	10	1.900000	0.250000	60	57	282.036580	2.881356	0.000000	-0.019117	-0.379324	-0.000149	-0.000045	-0.020096	1145.321131	0.589617	0.589617	4	1	3	4	10	1.900000	0.250000	4	1	60	57	46	4.948010	2.881356	282.036580	0.000000	45408	19.589301	28.272649	256x256	65536	sparse	Learned	303	4	27	2236	31.162823	0.612308	28.210516	0.999140	0.609713	0.302324	11	3	0.000000	34	2202	31.443721	0.655078	0.999089	28.045663	0.318621	0.573538	4065	31.842914	0.695326	0.999508	30.956128	0.241826	0.587993	-0.106115	0.409735	-0.329597	-0.051520	True	0.576250	30.836129	0.560800	28.106859	0.709165	0.292488	0.595632	28.228920	0.999205	7909
7910.png	0.615196	0.932195	0.964908	0.962656	0.967170	0.998512	28.126045	0.998655	28.389294	0.625184	0.663784	0.603865	31.117398	0.584167	2390	4	0	3	11	1.849057	0.000000	53	49	240.923882	3.758825	0.000000	-0.002334	-0.069075	-0.000120	0.000011	0.003173	1479.543686	0.625184	0.625184	4	0	4	3	11	1.849057	0.000000	4	0	53	49	39	4.916814	3.758825	240.923882	0.000000	45150	18.891213	27.420921	256x256	65536	sparse	Learned	286	4	28	2336	31.422583	0.628298	28.179961	0.998644	0.622012	0.395891	10	7	0.000000	38	2324	31.768391	0.673242	0.998533	28.082018	0.376039	0.630640	3810	32.067968	0.696041	0.999248	31.266008	0.283720	0.628529	0.209332	0.267893	-0.305185	-0.044131	True	0.619698	31.119305	0.584171	28.389979	0.692721	0.418310	0.617530	28.195120	0.998632	7910
7911.png	0.694633	0.868470	0.929605	0.923529	0.935762	0.998785	28.047691	0.999010	28.661450	0.716501	0.543424	0.661529	30.944007	0.563368	2062	5	1	4	12	1.836735	0.200000	49	45	221.409163	3.258073	0.000000	-0.010703	-0.167889	-0.000159	0.000050	0.006507	1027.052164	0.716501	0.716501	5	1	4	4	12	1.836735	0.200000	5	1	49	45	33	4.920204	3.258073	221.409163	0.000000	45270	21.954413	31.782735	256x256	65536	sparse	Learned	254	5	25	2000	31.184449	0.604552	28.299112	0.998959	0.709994	0.427361	8	3	0.000000	32	2056	31.444204	0.648150	0.998824	27.845729	0.292285	0.696778	4353	32.023802	0.709536	0.999432	31.124954	0.209812	0.677733	0.362338	0.116063	-0.240442	-0.041184	True	0.694205	30.946162	0.563374	28.663017	0.503415	0.333023	0.705336	28.215580	0.998944	7911
7912.png	0.604984	0.888684	0.941062	0.930457	0.951910	0.998835	28.017149	0.998796	28.461558	0.603808	0.651808	0.578543	30.763046	0.553152	2155	4	1	5	11	1.880000	0.250000	50	47	241.137085	3.293490	0.000000	-0.017356	-0.312273	-0.000174	0.000018	-0.012471	1316.940308	0.603808	0.603808	4	1	3	5	11	1.880000	0.250000	4	1	50	47	34	5.130576	3.293490	241.137085	0.000000	45423	21.077958	30.411137	256x256	65536	sparse	Learned	273	4	26	2103	31.094891	0.602057	28.437053	0.998778	0.616279	0.359915	13	12	0.000000	31	1906	31.261323	0.633386	0.998466	27.790796	0.190388	0.620690	4066	31.778151	0.694043	0.999197	30.697786	0.121774	0.589426	0.024506	0.291893	-0.331845	-0.048906	True	0.606608	30.769323	0.553163	28.464511	0.698806	0.404289	0.622340	28.329422	0.999009	7912
7914.png	0.673653	0.911854	0.953895	0.941176	0.966962	0.999183	27.374446	0.999252	27.627797	0.680237	0.601481	0.483382	31.300187	0.589412	2099	4	0	2	10	1.826087	0.000000	46	42	210.237590	3.057318	0.000000	-0.017984	-0.259275	-0.000110	-0.000019	-0.009097	1186.314344	0.680237	0.680237	4	0	4	2	10	1.826087	0.000000	4	0	46	42	34	5.005657	3.057318	210.237590	0.000000	44891	21.386851	31.222487	256x256	65536	sparse	Learned	254	4	26	2013	31.558254	0.624257	27.674292	0.999271	0.689334	0.367312	9	2	0.000000	36	1918	31.897028	0.663729	0.999239	27.773603	0.590165	0.646886	4209	32.384919	0.717453	0.999659	31.357597	0.362372	0.671875	-0.046494	0.234169	-0.258067	-0.034845	True	0.671161	31.301674	0.589445	27.623301	0.622808	0.301054	0.691636	27.633721	0.999293	7914
7915.png	0.465008	0.859041	0.924176	0.883827	0.968386	0.999345	28.409158	0.999274	28.481450	0.475277	0.632121	0.365239	31.094067	0.572341	2103	4	0	3	11	1.846154	0.000000	52	48	229.965512	2.884294	0.000000	-0.032020	0.144880	-0.000022	-0.000003	-0.038583	998.830318	0.475277	0.475277	4	0	4	3	11	1.846154	0.000000	4	0	52	48	38	4.790948	2.884294	229.965512	0.000000	45099	21.445078	31.163100	256x256	65536	sparse	Learned	276	4	26	1960	31.438657	0.612388	28.290847	0.999277	0.513859	0.289652	10	1	0.000000	34	1904	31.627806	0.647064	0.999228	28.173852	0.137138	0.443165	4464	32.281356	0.719584	0.999602	31.496206	0.208864	0.526130	0.190603	0.342469	-0.344590	-0.040047	True	0.464591	31.097586	0.572394	28.482358	0.653544	0.238700	0.497028	28.264278	0.999368	7915
7916.png	0.581064	0.930858	0.964191	0.963552	0.964831	0.998997	27.247742	0.999100	27.596941	0.593730	0.635781	0.358065	31.199749	0.586110	2299	4	0	3	11	1.822222	0.000000	45	41	235.693434	3.180844	0.000000	-0.009512	-0.365968	-0.000117	-0.000007	0.000956	1193.373919	0.593730	0.593730	4	0	4	3	11	1.822222	0.000000	4	0	45	41	31	5.748620	3.180844	235.693434	0.000000	45079	19.608090	28.506307	256x256	65536	sparse	Learned	270	4	27	2153	31.487506	0.626525	27.671640	0.999107	0.592774	0.233679	13	1	0.000000	38	2194	31.771557	0.668260	0.999135	27.939214	0.172122	0.574233	3787	32.074212	0.693943	0.999539	31.054368	0.142596	0.586397	-0.074699	0.402102	-0.287757	-0.040415	True	0.580415	31.204240	0.586139	27.593640	0.639405	0.228948	0.590575	27.613710	0.999114	7916
7917.png	0.581683	0.861332	0.925500	0.914990	0.936255	0.999030	27.647099	0.999228	28.244793	0.616344	0.621674	0.509499	30.662734	0.554274	2398	5	0	2	12	1.818182	0.000000	55	50	279.421356	2.749953	0.000000	-0.001650	-0.510694	-0.000267	-0.000048	0.011065	1007.548332	0.616344	0.616344	5	0	5	2	12	1.818182	0.000000	5	0	55	50	41	5.588427	2.749953	279.421356	0.000000	45484	18.967473	27.329441	256x256	65536	sparse	Learned	304	5	27	2386	31.023450	0.610748	28.202612	0.999275	0.605279	0.427157	7	2	0.000000	34	2336	31.341062	0.656444	0.999141	27.637164	0.210746	0.616667	3873	31.642720	0.682592	0.999479	30.191731	0.259182	0.594203	0.042182	0.194518	-0.360716	-0.056475	True	0.582663	30.665838	0.554290	28.249893	0.635052	0.323558	0.583333	28.157793	0.999297	7917
7918.png	0.593750	0.856835	0.922899	0.892377	0.955582	0.999446	27.673689	0.999517	28.113381	0.618063	0.475337	0.649674	31.422826	0.585536	1657	4	1	1	8	1.828571	0.250000	35	32	143.225397	2.938610	0.000000	0.021574	0.030408	-0.000122	0.000003	0.016012	1031.301022	0.618063	0.618063	4	1	3	1	8	1.828571	0.250000	4	0	35	32	26	4.475794	2.938610	143.225397	0.000000	44828	27.053712	39.550996	256x256	65536	sparse	Learned	218	4	23	1641	31.586198	0.610224	27.780457	0.999514	0.602051	0.261295	7	1	0.125000	33	1584	31.849811	0.644494	0.999460	27.577457	0.462056	0.615942	5627	32.984040	0.760464	0.999802	32.774400	0.176136	0.613169	0.332924	0.214042	-0.163372	-0.024689	True	0.607341	31.426038	0.585549	28.114245	0.515675	0.335021	0.572176	27.643281	0.999569	7918
7919.png	0.736242	0.898922	0.946771	0.956958	0.936798	0.998999	26.080950	0.999312	27.200918	0.779402	0.689633	0.725903	30.859598	0.575228	2364	4	0	5	13	1.868852	0.000000	61	57	266.450793	2.604681	0.000000	0.023871	-1.455358	-0.000347	-0.000079	0.055905	1035.907269	0.779402	0.779402	4	0	4	5	13	1.868852	0.000000	4	1	61	57	43	4.674575	2.604681	266.450793	0.000000	45202	19.120981	27.722504	256x256	65536	sparse	Learned	307	4	29	2360	31.392458	0.627943	27.550238	0.999391	0.723497	0.408445	8	1	0.500000	37	2298	31.662357	0.670433	0.999351	27.543837	0.449815	0.701567	3882	32.001658	0.697480	0.999701	31.184311	0.301548	0.712000	-0.349320	0.281188	-0.532860	-0.052715	True	0.744139	30.860572	0.575229	27.200400	0.700308	0.508356	0.712371	27.536308	0.999346	7919
7920.png	0.815789	0.904984	0.950123	0.957955	0.942417	0.999284	26.522932	0.999453	27.116224	0.844568	0.611320	1.023747	30.410590	0.539057	2158	4	0	3	11	1.822222	0.000000	45	41	228.492424	2.810668	0.000000	0.001940	-0.549691	-0.000157	0.000010	0.025291	1025.561571	0.844568	0.844568	4	0	4	3	11	1.822222	0.000000	4	0	45	41	31	5.572986	2.810668	228.492424	0.000000	45838	21.240964	30.368860	256x256	65536	sparse	Learned	259	4	24	2126	30.668725	0.588289	27.006378	0.999443	0.819277	0.681776	4	6	0.000000	31	2018	30.958665	0.630452	0.999363	26.666277	0.547062	0.825729	4276	31.513464	0.690169	0.999747	30.623742	0.688077	0.810566	0.109846	-0.070456	-0.258135	-0.049231	True	0.815015	30.415376	0.539067	27.122596	0.622808	0.637598	0.813850	27.072623	0.999441	7920
7921.png	0.532802	0.886850	0.940032	0.923567	0.957096	0.998752	28.851478	0.998646	29.056004	0.534535	0.587286	0.342115	30.389065	0.525895	1999	4	0	2	10	1.822222	0.000000	45	41	198.681241	3.765413	0.000000	0.064486	0.849047	0.000235	0.000344	0.065821	1372.602463	0.534535	0.534535	4	0	4	2	10	1.822222	0.000000	4	0	45	41	33	4.845884	3.765413	198.681241	0.000000	45809	22.915958	32.784392	256x256	65536	sparse	Learned	252	4	23	1896	30.581520	0.569759	28.098339	0.998302	0.468713	0.172289	22	3	0.000000	28	1780	30.825460	0.604770	0.998145	27.721632	0.119175	0.434155	4460	31.525030	0.695802	0.999060	30.835287	0.031880	0.442770	0.957664	0.414997	-0.192455	-0.043864	True	0.535627	30.390804	0.525897	29.054784	0.617107	0.211121	0.468316	28.002431	0.998518	7921
7922.png	0.633058	0.921330	0.959054	0.945092	0.973436	0.999300	27.699142	0.999343	27.974241	0.630981	0.583138	0.353218	31.676453	0.605510	1954	4	1	2	8	1.853659	0.250000	41	38	202.651804	2.951729	0.000000	-0.009912	-0.274732	-0.000083	0.000008	-0.003485	1050.830603	0.630981	0.630981	4	1	3	2	8	1.853659	0.250000	4	1	41	38	31	5.332942	2.951729	202.651804	0.000000	44728	22.890481	33.539406	256x256	65536	sparse	Learned	252	4	27	1939	31.896173	0.637521	27.921527	0.999335	0.634467	0.256213	10	1	0.250000	38	1940	32.166924	0.674002	0.999305	27.963320	0.293901	0.638739	4714	32.888676	0.744000	0.999701	31.852614	0.176708	0.638183	0.052714	0.326925	-0.219720	-0.032010	True	0.653498	31.681508	0.605547	27.974659	0.615188	0.217295	0.642970	27.973874	0.999383	7922
7923.png	0.732446	0.907601	0.951562	0.932619	0.971292	0.999303	27.811220	0.999313	28.146738	0.750183	0.607414	0.926832	30.565856	0.545925	2160	4	0	0	8	1.826087	0.000000	46	42	218.208153	2.872101	0.000000	0.027218	0.098843	-0.000060	0.000041	0.024502	1155.539513	0.750183	0.750183	4	0	4	0	8	1.826087	0.000000	4	0	46	42	38	5.195432	2.872101	218.208153	0.000000	45672	21.144444	30.340741	256x256	65536	sparse	Learned	278	4	25	2091	30.872430	0.595085	27.697873	0.999272	0.725681	0.673720	5	10	0.000000	30	2146	31.086249	0.639970	0.999083	26.913114	0.274819	0.703508	4333	31.697503	0.697573	0.999612	30.957935	0.235092	0.691715	0.448864	-0.066306	-0.306574	-0.049160	True	0.733186	30.567462	0.545932	28.146127	0.628423	0.582443	0.705229	27.712377	0.999363	7923
7924.png	0.616024	0.911550	0.953728	0.948289	0.959231	0.999225	26.744684	0.999245	27.376110	0.624906	0.581048	0.633797	30.185988	0.524988	2140	4	1	4	10	1.857143	0.250000	42	39	199.580736	2.821305	0.000000	0.022633	-0.310263	-0.000080	0.000070	0.032181	1223.961115	0.624906	0.624906	4	1	3	4	10	1.857143	0.250000	4	2	42	39	28	5.117455	2.821305	199.580736	0.000000	46154	21.567290	30.624299	256x256	65536	sparse	Learned	259	4	24	2095	30.511848	0.576523	27.109885	0.999175	0.592725	0.395891	5	0	0.375000	29	2102	30.747054	0.620641	0.998983	26.760706	0.300577	0.578424	4364	31.305328	0.682680	0.999524	30.309076	0.277071	0.589197	0.266225	0.185158	-0.325860	-0.051535	True	0.613757	30.187584	0.525020	27.409837	0.601481	0.381217	0.593391	27.054947	0.999305	7924
7925.png	0.595709	0.883558	0.938180	0.933828	0.942572	0.999045	27.974996	0.999123	28.367628	0.623429	0.617107	0.552450	30.496455	0.548010	2390	5	0	3	13	1.833333	0.000000	60	55	278.906638	2.882407	0.000000	-0.018936	-0.173410	-0.000103	-0.000002	0.002500	1128.028393	0.623429	0.623429	5	0	5	3	13	1.833333	0.000000	5	0	60	55	44	5.071030	2.882407	278.906638	0.000000	45614	19.085356	27.420921	256x256	65536	sparse	Learned	295	5	27	2327	30.970273	0.606398	28.200001	0.999125	0.620929	0.349991	13	3	0.000000	33	2370	31.192824	0.653574	0.998936	27.607917	0.260053	0.599566	3896	31.519993	0.679714	0.999407	30.675382	0.212161	0.611262	0.167627	0.267116	-0.473818	-0.058388	True	0.596610	30.499493	0.548018	28.369159	0.637960	0.352441	0.614645	28.148406	0.999147	7925
7926.png	0.767857	0.900688	0.947749	0.923258	0.973576	0.999248	27.390760	0.999286	27.828267	0.781749	0.511297	0.786415	30.675320	0.554340	2090	5	0	1	11	1.772727	0.000000	44	39	202.166522	3.032462	0.000000	0.034711	-0.114146	-0.000097	0.000029	0.046133	1183.830023	0.781749	0.781749	5	0	5	1	11	1.772727	0.000000	5	0	44	39	32	5.183757	3.032462	202.166522	0.000000	45476	21.758852	31.356938	256x256	65536	sparse	Learned	260	5	25	2071	31.013301	0.600661	27.481301	0.999257	0.735616	0.431640	8	4	0.000000	31	2080	31.269923	0.642519	0.999123	27.080653	0.269369	0.721805	4512	31.909502	0.709745	0.999604	30.649652	0.311851	0.731058	0.346966	0.079657	-0.337981	-0.046321	True	0.768634	30.678230	0.554364	27.832090	0.548870	0.431640	0.733146	27.504906	0.999345	7926
7927.png	0.621442	0.906868	0.951160	0.932376	0.970717	0.999030	28.173959	0.998951	28.346323	0.619244	0.655272	0.442631	30.427818	0.533074	2201	4	0	4	13	1.829787	0.000000	47	43	244.865007	3.428001	0.000000	0.017755	0.287526	0.000006	0.000070	0.014515	1315.629721	0.619244	0.619244	4	0	4	4	13	1.829787	0.000000	4	0	47	43	30	5.694535	3.428001	244.865007	0.000000	45866	20.838710	29.775557	256x256	65536	sparse	Learned	270	4	25	2131	30.704607	0.586058	27.910799	0.998880	0.604730	0.419191	6	2	0.000000	30	2172	30.924758	0.631374	0.998734	27.433290	0.325196	0.590108	4253	31.448258	0.686543	0.999347	30.446004	0.173730	0.594228	0.435523	0.236081	-0.276789	-0.052985	True	0.619624	30.429392	0.533093	28.343787	0.686514	0.303872	0.603687	27.886433	0.999025	7927
7928.png	0.583825	0.828873	0.906430	0.870528	0.945421	0.999457	27.635927	0.999464	27.956235	0.594988	0.635781	0.467625	30.156133	0.516446	2015	4	0	4	12	1.843137	0.000000	51	47	236.936075	2.544043	0.000000	-0.005841	-0.091920	-0.000072	-0.000010	-0.025932	856.114149	0.594988	0.594988	4	0	4	4	12	1.843137	0.000000	4	0	51	47	35	5.041193	2.544043	236.936075	0.000000	45993	22.825310	32.524069	256x256	65536	sparse	Learned	261	4	23	1978	30.431812	0.567520	27.798862	0.999474	0.620920	0.387374	8	0	0.500000	27	1808	30.622201	0.602832	0.999326	26.929607	0.232499	0.555471	4726	31.466121	0.700634	0.999714	30.937039	0.113414	0.589964	0.157373	0.248407	-0.275678	-0.051075	True	0.583825	30.160509	0.516468	27.962601	0.554251	0.259182	0.589666	27.727847	0.999529	7928
7929.png	0.662356	0.898116	0.946324	0.946324	0.946324	0.999328	27.799940	0.999422	28.065817	0.682909	0.593430	0.544613	30.870104	0.562525	2184	5	0	2	12	1.818182	0.000000	55	50	251.480231	2.575768	0.000000	0.003752	0.067387	-0.000065	0.000004	0.017399	839.815617	0.682909	0.682909	5	0	5	2	12	1.818182	0.000000	5	0	55	50	41	5.029605	2.575768	251.480231	0.000000	45402	20.788462	30.007326	256x256	65536	sparse	Learned	288	5	26	2151	31.122296	0.608606	27.753200	0.999418	0.665510	0.275060	12	2	0.000000	32	2138	31.393194	0.650933	0.999304	27.252494	0.302324	0.640559	4111	31.843005	0.696418	0.999675	30.807398	0.301249	0.646444	0.312617	0.318370	-0.252192	-0.046081	True	0.661638	30.871489	0.562526	28.052984	0.607807	0.331019	0.658604	27.732552	0.999393	7929
7930.png	0.668206	0.886469	0.939818	0.935237	0.944444	0.999195	27.853869	0.999353	28.166031	0.699866	0.586597	0.540150	31.299607	0.598336	2492	6	0	2	14	1.818182	0.000000	66	60	301.663997	2.424694	0.000000	0.004303	-0.506197	-0.000214	-0.000050	0.016298	867.510557	0.699866	0.699866	6	0	6	2	14	1.818182	0.000000	6	0	66	60	50	5.027733	2.424694	301.663997	0.000000	44935	18.031701	26.298555	256x256	65536	sparse	Learned	321	6	31	2489	31.804494	0.650055	28.358027	0.999403	0.683569	0.347319	12	2	0.000000	40	2282	32.089946	0.684199	0.999390	28.508403	0.312482	0.658011	3507	32.202439	0.697233	0.999624	30.684115	0.277874	0.659860	-0.191996	0.239278	-0.504887	-0.051719	True	0.668870	31.302565	0.598354	28.166252	0.604129	0.326320	0.663903	28.360066	0.999409	7930
7931.png	0.691830	0.895921	0.945103	0.937090	0.953255	0.998916	27.802705	0.999059	28.283807	0.719417	0.748421	0.804835	30.273321	0.533797	2551	4	0	4	12	1.873016	0.000000	63	59	317.977705	2.961703	0.000000	-0.027105	-0.219645	-0.000128	0.000033	-0.016516	1277.993917	0.719417	0.719417	4	0	4	4	12	1.873016	0.000000	4	0	63	59	47	5.389453	2.961703	317.977705	0.000000	45923	18.001960	25.690318	256x256	65536	sparse	Learned	320	4	27	2443	30.671391	0.599000	28.058963	0.999026	0.735933	0.608394	8	10	0.000000	31	2540	30.929876	0.650346	0.998798	27.414138	0.182633	0.719671	3586	31.102515	0.656477	0.999294	29.347151	0.298242	0.723754	0.224844	0.140027	-0.398070	-0.065203	True	0.691313	30.276917	0.533824	28.284749	0.773498	0.622538	0.718935	28.022351	0.999044	7931
7932.png	0.745559	0.894585	0.944360	0.941783	0.946951	0.998708	27.918334	0.998814	28.384536	0.764876	0.656991	0.927934	30.348151	0.530365	2228	4	1	6	12	1.888889	0.250000	54	51	243.722871	3.275743	0.000000	-0.020520	0.069968	-0.000037	0.000101	-0.011380	1430.807352	0.764876	0.764876	4	1	3	6	12	1.888889	0.250000	4	1	54	51	36	4.778880	3.275743	243.722871	0.000000	45911	20.606373	29.414722	256x256	65536	sparse	Learned	263	4	25	2221	30.601597	0.586156	27.882767	0.998712	0.776256	0.654697	6	10	0.000000	29	2134	30.848112	0.627818	0.998484	27.254121	0.246599	0.763502	4238	31.371982	0.683324	0.999324	30.510350	0.231148	0.743896	0.501770	0.002294	-0.253446	-0.055792	True	0.746988	30.350979	0.530385	28.383713	0.701803	0.651227	0.766079	27.848365	0.998745	7932
7933.png	0.685492	0.879817	0.936067	0.930794	0.941400	0.998762	28.068650	0.998808	28.384992	0.699024	0.760691	0.676677	30.294007	0.532306	2563	4	1	8	14	1.913043	0.250000	69	66	329.806133	2.985069	0.000000	-0.028214	-0.237110	-0.000104	0.000020	-0.010588	1347.519159	0.699024	0.699024	4	1	3	8	14	1.913043	0.250000	4	1	69	66	47	4.997063	2.985069	329.806133	0.000000	45902	17.909481	25.570035	256x256	65536	sparse	Learned	319	4	27	2431	30.700835	0.597527	28.319294	0.998788	0.709612	0.506385	10	10	0.000000	31	2482	30.948745	0.648495	0.998485	27.468144	0.200685	0.705090	3655	31.151013	0.657284	0.999146	29.618056	0.170159	0.708911	0.065698	0.254306	-0.406828	-0.065221	True	0.684364	30.296514	0.532328	28.383928	0.786688	0.532334	0.713706	28.305760	0.998866	7933
7934.png	0.613607	0.899936	0.947333	0.932629	0.962509	0.999125	27.847424	0.999209	28.390579	0.649066	0.575142	0.550227	30.722660	0.560726	2300	5	0	2	12	1.814815	0.000000	54	49	245.036580	3.042632	0.000000	0.005853	-0.597437	-0.000183	-0.000002	0.021014	1244.078636	0.649066	0.649066	5	0	5	2	12	1.814815	0.000000	5	0	54	49	40	5.000747	3.042632	245.036580	0.000000	45386	19.733043	28.493913	256x256	65536	sparse	Learned	289	5	27	2287	31.142598	0.613698	28.453847	0.999211	0.628052	0.441344	9	7	0.000000	33	2200	31.392459	0.653849	0.999044	27.746261	0.449815	0.619130	4140	31.824525	0.697117	0.999471	30.835914	0.259182	0.637300	-0.063267	0.133797	-0.419938	-0.052972	True	0.612572	30.725032	0.560742	28.397881	0.700308	0.385328	0.607754	28.444860	0.999308	7934
7935.png	0.622161	0.909490	0.952600	0.941511	0.963953	0.998895	28.027382	0.999006	28.272869	0.634012	0.633589	0.636094	31.430933	0.598553	2531	5	1	2	10	1.854545	0.200000	55	51	294.634560	2.984245	0.000000	-0.035492	-0.493877	-0.000208	-0.000069	-0.029619	1199.735880	0.634012	0.634012	5	1	4	2	10	1.854545	0.200000	5	1	55	51	43	5.777148	2.984245	294.634560	0.000000	44905	17.741999	25.893323	256x256	65536	sparse	Learned	314	5	31	2531	31.792008	0.649621	28.475536	0.999075	0.663631	0.380264	13	9	0.000000	40	2264	32.045544	0.680862	0.998992	28.372064	0.418416	0.631779	3603	32.208988	0.696828	0.999430	30.958882	0.224437	0.627440	-0.202667	0.253325	-0.361074	-0.051068	True	0.619734	31.432082	0.598574	28.267437	0.640845	0.407637	0.657653	28.521259	0.999103	7935
7936.png	0.666667	0.886076	0.939597	0.921053	0.958904	0.999245	27.539780	0.999352	28.148065	0.693904	0.717761	0.616461	30.383639	0.539585	2422	4	0	3	11	1.866667	0.000000	60	56	297.877200	2.530881	0.000000	0.016576	-0.276254	-0.000125	0.000033	0.020410	957.386732	0.693904	0.693904	4	0	4	3	11	1.866667	0.000000	4	0	60	56	46	5.319236	2.530881	297.877200	0.000000	45796	18.908340	27.058629	256x256	65536	sparse	Learned	321	4	26	2292	30.773192	0.597424	27.836263	0.999319	0.673494	0.372911	12	2	0.000000	31	2368	31.025695	0.646637	0.999206	27.091085	0.347714	0.634389	3929	31.406774	0.678330	0.999625	30.498754	0.276026	0.667065	0.311802	0.344850	-0.389552	-0.057839	True	0.666014	30.386503	0.539604	28.150426	0.740760	0.456649	0.650091	27.816035	0.999370	7936
7937.png	0.652174	0.852580	0.920424	0.927188	0.913759	0.999022	27.913069	0.999265	28.544957	0.665215	0.704770	0.645138	30.607861	0.547826	2217	4	1	5	11	1.896552	0.250000	58	55	279.107648	2.849479	0.000000	0.001328	-0.355031	-0.000194	-0.000004	0.031718	1078.036070	0.665215	0.665215	4	1	3	5	11	1.896552	0.250000	4	1	58	55	42	5.074685	2.849479	279.107648	0.000000	45466	20.507894	29.560668	256x256	65536	sparse	Learned	297	4	25	2017	30.985623	0.595203	28.291081	0.999269	0.633496	0.355964	12	9	0.000000	32	2056	31.195912	0.637434	0.999122	27.749704	0.272033	0.602156	4166	31.725066	0.695444	0.999569	30.978588	0.171601	0.617251	0.253876	0.348806	-0.377762	-0.047377	True	0.652387	30.612717	0.547876	28.550662	0.738154	0.476211	0.650846	28.268100	0.999216	7937
7938.png	0.643970	0.885698	0.939385	0.925570	0.953618	0.998939	27.633781	0.998972	27.954626	0.656947	0.709165	0.735986	31.251405	0.590932	2528	4	1	7	15	1.909091	0.250000	66	63	280.936075	3.068659	0.000000	-0.020406	-0.691297	-0.000224	-0.000092	-0.022030	1351.631165	0.656947	0.656947	4	1	3	7	15	1.909091	0.250000	4	2	66	63	44	4.459303	3.068659	280.936075	0.000000	45035	17.814478	25.924051	256x256	65536	sparse	Learned	296	4	31	2509	31.730529	0.644055	28.254522	0.999064	0.678977	0.408116	9	8	0.000000	41	2396	32.022477	0.684579	0.999034	28.402604	0.449815	0.665330	3618	32.144428	0.694531	0.999462	30.993086	0.320035	0.683790	-0.299896	0.301049	-0.479124	-0.053123	True	0.644342	31.258020	0.590978	27.962463	0.642278	0.472708	0.664376	28.325079	0.999163	7938
7939.png	0.735946	0.910543	0.953177	0.962838	0.943709	0.998955	27.000724	0.999217	27.636222	0.759113	0.673720	1.062614	30.408408	0.552350	2739	5	1	2	10	1.878788	0.200000	66	62	321.977705	2.840532	0.000000	0.025758	-0.584643	-0.000219	-0.000008	0.054929	1225.693464	0.759113	0.759113	5	1	4	2	10	1.878788	0.200000	5	1	66	62	54	5.193189	2.840532	321.977705	0.000000	45825	16.730559	23.926981	256x256	65536	sparse	Learned	336	5	29	2710	30.901000	0.619415	27.611547	0.999225	0.704183	0.530250	9	7	0.000000	33	2490	31.117540	0.660840	0.999077	27.046494	0.595747	0.699655	3349	31.268761	0.655067	0.999504	29.874474	0.665221	0.716625	0.024675	0.143470	-0.492593	-0.067065	True	0.734536	30.409614	0.552349	27.637323	0.697599	0.741278	0.710188	27.585366	0.999174	7939
7940.png	0.647915	0.858940	0.924118	0.906359	0.942587	0.999245	27.733931	0.999309	28.128039	0.676548	0.639405	0.514929	30.219063	0.526923	2340	5	1	3	11	1.864407	0.200000	59	55	286.622366	2.538689	0.000000	0.042730	-0.236079	-0.000150	-0.000023	0.047591	949.396372	0.676548	0.676548	5	1	4	3	11	1.864407	0.200000	5	1	59	55	45	5.211316	2.538689	286.622366	0.000000	45894	19.612821	28.006838	256x256	65536	sparse	Learned	311	5	25	2198	30.605363	0.585539	27.985346	0.999332	0.628957	0.400050	11	3	0.000000	29	2134	30.855442	0.628041	0.999164	27.175760	0.211009	0.626464	4025	31.302429	0.673864	0.999538	29.977876	0.175518	0.615520	0.142693	0.239355	-0.386300	-0.058615	True	0.647020	30.219147	0.526941	28.125417	0.661760	0.340759	0.605186	27.970010	0.999395	7940
7941.png	0.723254	0.888021	0.940690	0.929155	0.952514	0.999368	26.954719	0.999486	27.497611	0.758007	0.568289	0.846497	30.597880	0.560212	2045	5	0	0	10	1.767442	0.000000	43	38	233.166522	2.307682	0.000000	0.073948	-0.874770	-0.000210	-0.000069	0.093419	819.060564	0.758007	0.758007	5	0	5	0	10	1.767442	0.000000	5	0	43	38	33	6.135961	2.307682	233.166522	0.000000	45388	22.194621	32.046944	256x256	65536	sparse	Learned	290	5	25	2013	31.155251	0.607039	27.819453	0.999555	0.664588	0.442894	8	2	0.000000	32	1860	31.379060	0.640996	0.999494	27.306342	0.342953	0.692084	4720	32.143966	0.722152	0.999768	31.240693	0.330385	0.640743	-0.321842	0.125395	-0.557371	-0.046828	True	0.730634	30.598228	0.560212	27.499015	0.576838	0.488291	0.649306	27.829490	0.999578	7941
7942.png	0.543648	0.879135	0.935680	0.909211	0.963738	0.999036	28.404588	0.999071	28.639450	0.570836	0.691181	0.496482	30.849816	0.571476	2347	4	0	3	11	1.859649	0.000000	57	53	271.592929	2.770585	0.000000	-0.010376	-0.031530	-0.000127	-0.000021	-0.017464	1264.739513	0.570836	0.570836	4	0	4	3	11	1.859649	0.000000	4	0	57	53	43	5.124395	2.770585	271.592929	0.000000	45153	19.238602	27.923306	256x256	65536	sparse	Learned	296	4	29	2333	31.441761	0.626230	28.462195	0.999092	0.588300	0.356883	14	4	0.000000	38	2334	31.704571	0.669399	0.998978	28.305473	0.230957	0.588393	3769	31.970916	0.693199	0.999432	31.186946	0.178680	0.561864	0.177255	0.334298	-0.591944	-0.054754	True	0.545181	30.852861	0.571521	28.642703	0.709165	0.352088	0.554024	28.436118	0.999163	7942
7943.png	0.525943	0.913168	0.954614	0.940201	0.969475	0.998670	28.641077	0.998730	28.990316	0.519286	0.543424	0.669576	31.171722	0.574583	2197	5	1	3	12	1.833333	0.200000	48	44	224.965512	3.541596	0.000000	-0.012429	-0.091061	-0.000102	0.000050	-0.009625	1355.321646	0.519286	0.519286	5	1	4	3	12	1.833333	0.200000	5	0	48	44	33	5.112853	3.541596	224.965512	0.000000	45135	20.543924	29.829768	256x256	65536	sparse	Learned	267	5	27	2180	31.377113	0.616380	28.736734	0.998680	0.528912	0.219250	16	4	0.000000	36	2082	31.652033	0.657863	0.998460	28.102151	0.250008	0.452258	4091	32.106945	0.703455	0.999162	31.137968	0.288230	0.499429	0.253581	0.324174	-0.205391	-0.041797	True	0.526844	31.176496	0.574623	28.991906	0.550671	0.368716	0.538372	28.732138	0.998772	7943
7944.png	0.745897	0.933333	0.965517	0.956140	0.975080	0.998778	27.753841	0.998868	28.096470	0.751961	0.622808	1.024716	30.622449	0.546816	2171	4	1	2	8	1.860465	0.250000	43	40	225.551299	3.570231	0.000000	-0.014259	-0.166232	-0.000117	0.000024	-0.002984	1272.457838	0.751961	0.751961	4	1	3	2	8	1.860465	0.250000	4	1	43	40	33	5.638782	3.570231	225.551299	0.000000	45607	21.007370	30.187011	256x256	65536	sparse	Learned	272	4	25	2121	30.862522	0.594807	27.950696	0.998844	0.754945	0.611968	6	11	0.000000	31	2080	31.100028	0.638023	0.998711	27.513403	0.408713	0.736900	4278	31.652073	0.696027	0.999391	30.880709	0.237129	0.704210	0.145774	0.010840	-0.240073	-0.047991	True	0.746051	30.624752	0.546841	28.095838	0.622808	0.638201	0.760156	27.920074	0.998895	7944
7945.png	0.838914	0.920620	0.958670	0.964627	0.952786	0.999395	25.497313	0.999589	26.276443	0.872913	0.611320	0.978077	30.628651	0.564350	2234	4	0	1	9	1.829787	0.000000	47	43	220.622366	2.432328	0.000000	0.053777	-1.284072	-0.000242	-0.000054	0.086734	834.804296	0.872913	0.872913	4	0	4	1	9	1.829787	0.000000	4	0	47	43	37	5.130753	2.432328	220.622366	0.000000	45509	20.371083	29.335721	256x256	65536	sparse	Learned	272	4	26	2232	31.058619	0.611418	26.730960	0.999643	0.786179	0.548870	5	2	0.000000	34	2176	31.422624	0.656297	0.999619	26.680837	0.571729	0.785657	4122	31.854533	0.694563	0.999863	31.292949	0.396494	0.784615	-0.454517	0.062450	-0.429968	-0.047068	True	0.837398	30.631601	0.564378	26.277899	0.619017	0.605446	0.785137	26.781385	0.999637	7945
7946.png	0.670769	0.899584	0.947138	0.931072	0.963768	0.998765	27.314147	0.998921	27.739144	0.694388	0.671099	0.682999	30.230183	0.548154	2738	5	0	2	12	1.836066	0.000000	61	56	309.036580	3.006539	0.000000	0.041470	-0.533238	-0.000238	-0.000052	0.050170	1245.274067	0.694388	0.694388	5	0	5	2	12	1.836066	0.000000	5	0	61	56	47	5.518510	3.006539	309.036580	0.000000	45737	16.704529	23.935720	256x256	65536	sparse	Learned	338	5	29	2696	30.910880	0.619686	27.839108	0.998973	0.644218	0.570204	9	9	0.000000	33	2458	31.128592	0.657706	0.998717	27.351463	0.261871	0.645553	3319	31.230360	0.652726	0.999289	29.635515	0.444087	0.644856	-0.099964	0.100896	-0.680697	-0.071532	True	0.670425	30.230816	0.548159	27.737484	0.689012	0.470594	0.629299	27.847386	0.999002	7946
7947.png	0.755889	0.892807	0.943368	0.940565	0.946188	0.999301	27.954812	0.999434	28.451067	0.785818	0.681776	0.862463	30.230504	0.521410	2247	4	0	2	10	1.857143	0.000000	56	52	257.308658	2.698634	0.000000	-0.005822	-0.055979	-0.000086	0.000030	0.019875	1156.455994	0.785818	0.785818	4	0	4	2	10	1.857143	0.000000	4	0	56	52	44	4.948243	2.698634	257.308658	0.000000	46018	20.479751	29.165999	256x256	65536	sparse	Learned	299	4	24	2156	30.446188	0.575737	28.086568	0.999404	0.765943	0.437608	9	7	0.000000	29	2142	30.737657	0.622460	0.999219	27.226693	0.151696	0.738636	4268	31.259129	0.680689	0.999626	30.166586	0.088073	0.734917	0.364500	0.244168	-0.215684	-0.054327	True	0.754461	30.231740	0.521404	28.455676	0.689633	0.594783	0.761711	28.010790	0.999387	7947
7948.png	0.354151	0.859264	0.924306	0.919062	0.929610	0.998937	28.364789	0.999111	28.882205	0.374260	0.576838	0.248894	31.257928	0.579749	1912	4	0	2	10	1.818182	0.000000	44	40	190.367532	3.300538	0.000000	-0.056500	-0.270659	-0.000184	0.000059	-0.050898	1123.175144	0.374260	0.374260	4	0	4	2	10	1.818182	0.000000	4	0	44	40	32	4.759188	3.300538	190.367532	0.000000	44853	23.458682	34.276151	256x256	65536	sparse	Learned	255	4	25	1845	31.542935	0.615161	28.542556	0.999052	0.425158	0.179083	15	2	0.000000	34	1708	31.786653	0.645488	0.998921	28.357512	0.255468	0.394346	4819	32.582184	0.738034	0.999506	31.787037	0.147323	0.417921	0.339649	0.397755	-0.285007	-0.035413	True	0.353417	31.262670	0.579791	28.886934	0.605446	0.150692	0.410652	28.635448	0.999120	7948
7949.png	0.564534	0.901737	0.948330	0.937359	0.959561	0.998112	29.016357	0.998218	29.323352	0.579061	0.651808	0.425360	31.534515	0.595121	2213	4	2	3	7	1.913043	0.500000	46	44	247.521861	3.596438	0.000000	0.007453	0.089283	-0.000013	0.000190	0.009813	1455.544949	0.579061	0.579061	4	2	2	3	7	1.913043	0.500000	4	2	46	44	36	5.625497	3.596438	247.521861	0.000000	44728	20.211478	29.614099	256x256	65536	sparse	Learned	278	4	28	2133	31.788905	0.634011	28.845851	0.998028	0.569248	0.389042	11	10	0.000000	40	2174	32.140197	0.677319	0.997873	28.995236	0.291071	0.592992	4049	32.467126	0.715628	0.998865	31.422410	0.112056	0.563305	0.477501	0.262765	-0.254390	-0.038890	True	0.564840	31.540924	0.595155	29.324322	0.686514	0.292016	0.557080	28.927074	0.998125	7949
7950.png	0.683453	0.910644	0.953232	0.954545	0.951923	0.998746	28.029031	0.998892	28.388069	0.721366	0.646545	1.037074	31.439127	0.590112	2209	4	0	2	10	1.846154	0.000000	52	48	239.622366	3.081549	0.000000	0.006238	-0.477468	-0.000151	-0.000009	0.020852	1304.628611	0.721366	0.721366	4	0	4	2	10	1.846154	0.000000	4	0	52	48	40	4.992133	3.081549	239.622366	0.000000	44859	20.307379	29.667723	256x256	65536	sparse	Learned	282	4	28	2131	31.705922	0.631294	28.444624	0.998902	0.700514	0.565815	7	13	0.000000	39	2186	31.995712	0.675451	0.998878	28.734545	0.417252	0.707584	4201	32.389906	0.717276	0.999391	31.380586	0.336350	0.682600	-0.056554	0.080730	-0.266795	-0.041182	True	0.684555	31.443433	0.590127	28.395223	0.639405	0.663110	0.677215	28.506499	0.998897	7950
7951.png	0.458716	0.866958	0.928739	0.923486	0.934051	0.999197	28.038565	0.999234	28.230760	0.468893	0.593430	0.448351	30.254002	0.523894	2221	5	0	4	14	1.821429	0.000000	56	51	258.936075	2.938902	0.000000	-0.003760	0.380903	0.000003	0.000058	0.001162	1114.317417	0.468893	0.468893	5	0	5	4	14	1.821429	0.000000	5	0	56	51	38	5.077178	2.938902	258.936075	0.000000	45971	20.698334	29.507429	256x256	65536	sparse	Learned	286	5	24	2040	30.547679	0.575126	27.696776	0.999176	0.467732	0.263613	10	1	0.000000	30	2088	30.800607	0.620237	0.999107	27.453220	0.340759	0.441233	4174	31.317970	0.679240	0.999519	30.514496	0.293901	0.452659	0.533985	0.329817	-0.293677	-0.051232	True	0.456750	30.258038	0.523920	28.232739	0.614032	0.275302	0.462476	27.657662	0.999193	7951
7952.png	0.638251	0.873941	0.932730	0.906593	0.960419	0.999495	27.210419	0.999584	27.748495	0.661308	0.552912	0.479140	31.613970	0.598492	1889	4	0	0	8	1.789474	0.000000	38	34	187.237590	2.450361	0.000000	-0.006499	-0.463103	-0.000124	0.000001	-0.005706	802.035809	0.661308	0.661308	4	0	4	0	8	1.789474	0.000000	4	0	38	34	30	5.506988	2.450361	187.237590	0.000000	44691	23.658549	34.693489	256x256	65536	sparse	Learned	254	4	24	1730	31.765626	0.624438	27.657413	0.999583	0.667014	0.264717	8	0	0.500000	37	1840	32.105447	0.667002	0.999556	27.805457	0.277473	0.654849	4963	32.901158	0.746269	0.999838	32.530160	0.193769	0.650794	0.091082	0.288195	-0.151656	-0.025946	True	0.638251	31.619464	0.598528	27.753970	0.563951	0.270211	0.644751	27.673522	0.999619	7952
7953.png	0.786692	0.918906	0.957739	0.948085	0.967593	0.998879	27.467267	0.998999	27.826656	0.815852	0.719729	0.937061	30.695455	0.569153	2882	5	0	2	12	1.870130	0.000000	77	72	366.433550	2.679421	0.000000	0.007951	-0.599030	-0.000245	-0.000094	0.022136	1167.082548	0.815852	0.815852	5	0	5	2	12	1.870130	0.000000	5	0	77	72	63	5.089355	2.679421	366.433550	0.000000	45478	15.780014	22.739764	256x256	65536	sparse	Learned	363	5	31	2815	31.233347	0.636286	28.091449	0.999093	0.793716	0.624689	7	5	0.000000	40	2856	31.566845	0.688956	0.999046	27.991076	0.731973	0.782807	734	30.464880	0.567514	0.998365	25.681514	0.579249	0.753145	-0.264794	0.095041	-0.537892	-0.067133	True	0.786321	30.696024	0.569160	27.826115	0.738154	0.691695	0.778741	28.066297	0.999125	7953
7954.png	0.629205	0.876133	0.933977	0.916996	0.951600	0.999304	28.153044	0.999379	28.454628	0.658035	0.603072	0.569161	31.217184	0.583239	2219	5	0	1	11	1.814815	0.000000	54	49	267.421356	2.376258	0.000000	0.008782	-0.146705	-0.000118	-0.000011	0.005218	941.716433	0.658035	0.658035	5	0	5	1	11	1.814815	0.000000	5	0	54	49	42	5.457579	2.376258	267.421356	0.000000	45006	20.282109	29.534024	256x256	65536	sparse	Learned	296	5	27	2068	31.539202	0.624109	28.288004	0.999390	0.652817	0.363646	10	2	0.000000	37	2066	31.788311	0.664100	0.999356	28.113159	0.252671	0.633073	4233	32.296575	0.715691	0.999673	31.253153	0.259182	0.645455	0.166624	0.239426	-0.322018	-0.040870	True	0.629969	31.222948	0.583257	28.466138	0.627679	0.357250	0.620423	28.299749	0.999422	7954
7955.png	0.739092	0.862259	0.926036	0.928783	0.923304	0.999210	26.311796	0.999543	27.583453	0.779707	0.568289	0.989732	31.543246	0.608429	1894	4	1	2	8	1.842105	0.250000	38	35	193.166522	2.643406	0.000000	0.029205	-1.209134	-0.000352	-0.000025	0.064956	866.708279	0.779707	0.779707	4	1	3	2	8	1.842105	0.250000	4	1	38	35	28	5.519043	2.643406	193.166522	0.000000	44535	23.513728	34.601901	256x256	65536	sparse	Learned	250	4	25	1766	31.978325	0.636626	27.501099	0.999568	0.714751	0.370517	7	1	0.625000	38	1798	32.187871	0.672365	0.999549	27.768733	0.534201	0.714051	4879	33.043641	0.747677	0.999850	32.707833	0.301326	0.713813	0.082354	0.197772	-0.435080	-0.028197	True	0.741071	31.546724	0.608438	27.584853	0.595458	0.589344	0.709887	27.520930	0.999562	7955
7956.png	0.471246	0.813170	0.896959	0.872638	0.922676	0.998977	27.880104	0.999157	28.645188	0.492958	0.485212	0.366689	30.435508	0.530733	1883	5	1	2	10	1.833333	0.200000	48	44	187.681241	3.006980	0.000000	-0.006168	-0.039130	-0.000106	0.000071	0.002449	1235.392332	0.492958	0.492958	5	1	4	2	10	1.833333	0.200000	5	1	48	44	36	4.265483	3.006980	187.681241	0.000000	45664	24.250664	34.804036	256x256	65536	sparse	Learned	249	5	22	1744	30.691968	0.569081	28.079295	0.999086	0.490509	0.236621	12	2	0.000000	27	1702	30.919903	0.606634	0.998935	27.462111	0.218599	0.469844	4725	31.764212	0.709286	0.999501	31.230882	0.086518	0.485401	0.565893	0.248591	-0.256459	-0.038348	True	0.471246	30.440262	0.530746	28.656553	0.520974	0.191035	0.477414	27.919234	0.999083	7956
7957.png	0.515077	0.887731	0.940527	0.914121	0.968504	0.999372	28.478566	0.999367	28.665131	0.534236	0.509338	0.376101	30.876026	0.557984	2030	5	0	0	10	1.767442	0.000000	43	38	199.095454	2.844434	0.000000	0.025282	0.421678	-0.000008	0.000057	0.025410	1184.461832	0.534236	0.534236	5	0	5	0	10	1.767442	0.000000	5	0	43	38	33	5.239354	2.844434	199.095454	0.000000	45339	22.334483	32.283744	256x256	65536	sparse	Learned	266	5	24	1862	31.129100	0.595213	28.107020	0.999311	0.508826	0.317657	9	4	0.000000	31	1988	31.383555	0.640627	0.999184	27.611937	0.314182	0.449765	4363	31.965336	0.706904	0.999597	31.009912	0.158694	0.505311	0.558111	0.191682	-0.253075	-0.037229	True	0.513447	30.876317	0.557972	28.665244	0.534201	0.200913	0.489796	28.056888	0.999380	7957
7958.png	0.741249	0.936271	0.967087	0.951757	0.982918	0.998928	27.351433	0.998928	27.729400	0.748815	0.499426	0.912448	31.134208	0.580162	2155	5	0	1	11	1.772727	0.000000	44	39	195.752309	3.544264	0.000000	0.020604	-0.341819	-0.000097	0.000011	0.026275	1131.881475	0.748815	0.748815	5	0	5	1	11	1.772727	0.000000	5	0	44	39	32	5.019290	3.544264	195.752309	0.000000	45141	20.947100	30.411137	256x256	65536	sparse	Learned	254	5	27	2119	31.436591	0.620524	27.712118	0.998917	0.722540	0.520152	7	5	0.000000	34	2126	31.619432	0.661101	0.998665	27.235916	0.476647	0.746203	4214	32.133045	0.706426	0.999476	31.276319	0.498981	0.710897	0.017282	-0.020726	-0.302383	-0.040363	True	0.741427	31.137309	0.580171	27.729344	0.532334	0.485726	0.720645	27.693252	0.999025	7958
7960.png	0.533290	0.854115	0.921318	0.937714	0.905486	0.999094	27.092244	0.999344	27.561973	0.562290	0.688077	0.454558	30.297030	0.529913	2209	4	0	6	14	1.859649	0.000000	57	53	258.409163	2.914334	0.000000	0.004328	0.148067	-0.000065	0.000095	0.015219	1152.177334	0.562290	0.562290	4	0	4	6	14	1.859649	0.000000	4	0	57	53	37	4.875645	2.914334	258.409163	0.000000	45919	20.787234	29.667723	256x256	65536	sparse	Learned	274	4	24	2105	30.538558	0.580560	26.897565	0.999249	0.547070	0.314182	7	0	0.625000	31	2166	30.883003	0.631653	0.999258	27.056638	0.255882	0.541339	4241	31.369024	0.680947	0.999613	30.374183	0.191728	0.551316	0.664408	0.373895	-0.241527	-0.050647	True	0.533290	30.300836	0.529950	27.565834	0.691181	0.314182	0.528962	26.944177	0.999158	7960
7961.png	0.589228	0.876197	0.934014	0.907469	0.962158	0.999319	27.642199	0.999369	27.976176	0.595343	0.736842	0.501779	30.331405	0.538976	2418	4	1	2	8	1.900000	0.250000	60	57	304.178716	2.597509	0.000000	0.012047	0.087459	-0.000084	0.000022	0.012059	911.340952	0.595343	0.595343	4	1	3	2	8	1.900000	0.250000	4	1	60	57	50	5.336469	2.597509	304.178716	0.000000	45855	18.964020	27.103391	256x256	65536	sparse	Learned	330	4	26	2307	30.743917	0.597733	27.594257	0.999347	0.583284	0.311917	13	2	0.000000	32	2302	31.001091	0.641567	0.999258	27.365046	0.391038	0.559666	3778	31.325300	0.666827	0.999587	30.119347	0.245654	0.571004	0.381919	0.424925	-0.412511	-0.058757	True	0.587281	30.335276	0.539007	27.976796	0.652156	0.327238	0.577181	27.554740	0.999404	7961
7962.png	0.522259	0.888387	0.940895	0.940574	0.941217	0.998777	28.665941	0.998903	28.900643	0.544474	0.536060	0.489717	31.652906	0.599141	2048	5	0	3	13	1.787234	0.000000	47	42	208.539105	3.342421	0.000000	-0.034240	0.072810	-0.000030	0.000086	-0.035380	1271.242380	0.544474	0.544474	5	0	5	3	13	1.787234	0.000000	5	0	47	42	31	4.965217	3.342421	208.539105	0.000000	44684	21.818359	32.000000	256x256	65536	sparse	Learned	258	5	27	2013	31.863875	0.636025	28.612540	0.998818	0.579854	0.348189	10	3	0.000000	40	2044	32.177635	0.674927	0.998759	28.658020	0.423050	0.579051	4634	32.736089	0.738760	0.999418	31.975629	0.206502	0.563576	0.288103	0.187871	-0.210969	-0.036884	True	0.520239	31.654974	0.599151	28.899171	0.554251	0.271426	0.556499	28.593131	0.998807	7962
7963.png	0.653962	0.871457	0.931314	0.916933	0.946154	0.999471	27.193374	0.999573	27.605338	0.701826	0.566126	0.640501	30.293466	0.523673	1827	4	0	1	10	1.813953	0.000000	43	39	189.752309	2.548701	0.000000	0.002841	0.212491	-0.000083	0.000035	0.030691	930.948973	0.701826	0.701826	4	0	4	1	10	1.813953	0.000000	4	0	43	39	32	4.865444	2.548701	189.752309	0.000000	45842	25.091407	35.870826	256x256	65536	sparse	Learned	249	4	22	1778	30.516963	0.564342	27.033807	0.999538	0.671135	0.497420	5	1	0.375000	28	1712	30.793946	0.605976	0.999523	26.907894	0.249693	0.645014	4932	31.679963	0.712118	0.999801	31.091438	0.124827	0.633731	0.571531	0.068706	-0.223497	-0.040670	True	0.654618	30.295028	0.523687	27.609261	0.578948	0.370817	0.651121	26.980883	0.999554	7963
7964.png	0.719663	0.903247	0.949164	0.951151	0.947186	0.998657	28.430723	0.998858	28.733011	0.745215	0.632121	1.191866	31.032111	0.565211	2015	4	2	8	12	1.924528	0.500000	53	51	226.994949	3.402877	0.000000	-0.015758	0.051730	-0.000074	0.000077	-0.008048	1255.623579	0.745215	0.745215	4	2	2	8	12	1.924528	0.500000	4	2	53	51	33	4.450881	3.402877	226.994949	0.000000	45179	22.421340	32.524069	256x256	65536	sparse	Learned	250	4	25	1897	31.302553	0.602649	28.361678	0.998781	0.753263	0.587581	7	11	0.000000	33	1838	31.494573	0.641043	0.998526	27.795332	0.100575	0.730883	4498	32.148526	0.713914	0.999338	31.183252	0.058706	0.658124	0.371333	0.044540	-0.270442	-0.037438	True	0.721429	31.036683	0.565237	28.737559	0.632121	0.753403	0.735421	28.378993	0.998731	7964
7965.png	0.785862	0.912952	0.954496	0.951366	0.957646	0.999000	28.227487	0.999117	28.655559	0.801349	0.625938	0.919054	31.587289	0.610791	2625	6	1	2	12	1.859155	0.166667	71	66	333.906638	2.815421	0.000000	-0.011320	-0.569987	-0.000146	-0.000021	0.001750	1022.561073	0.801349	0.801349	6	1	5	2	12	1.859155	0.166667	6	1	71	66	57	5.059191	2.815421	333.906638	0.000000	44675	17.019048	24.966095	256x256	65536	sparse	Learned	338	6	32	2573	32.006725	0.660789	28.812503	0.999138	0.799598	0.515406	9	6	0.000000	42	2440	32.278417	0.699230	0.999133	28.842593	0.482208	0.781517	3436	32.353041	0.700501	0.999463	31.070392	0.655518	0.780856	-0.156944	0.110532	-0.419436	-0.049997	True	0.784314	31.589766	0.610819	28.655496	0.704770	0.647722	0.797182	28.797473	0.999145	7965
7966.png	0.685033	0.882637	0.937660	0.940068	0.935264	0.999220	27.929764	0.999327	28.385063	0.709623	0.639405	0.664622	31.086726	0.565849	2071	4	0	3	11	1.846154	0.000000	52	48	231.480231	2.671413	0.000000	-0.000818	-0.206000	-0.000030	0.000057	0.009543	1090.849400	0.709623	0.709623	4	0	4	3	11	1.846154	0.000000	4	0	52	48	38	4.822505	2.671413	231.480231	0.000000	45202	21.826171	31.644616	256x256	65536	sparse	Learned	279	4	25	1959	31.235672	0.605186	28.111030	0.999269	0.700081	0.405479	8	1	0.000000	33	1976	31.532057	0.646244	0.999159	27.829328	0.199008	0.706573	4236	32.067737	0.707677	0.999645	31.342861	0.279806	0.709984	0.274033	0.233926	-0.148946	-0.039337	True	0.682566	31.087399	0.565860	28.383629	0.650062	0.432046	0.685851	28.135763	0.999251	7966
7967.png	0.576667	0.868450	0.929594	0.913318	0.946460	0.998792	28.379069	0.998837	28.640794	0.581560	0.565402	0.493757	30.976862	0.569619	2407	6	0	1	13	1.812500	0.000000	64	58	285.421356	2.921528	0.000000	0.022635	-0.227721	-0.000134	-0.000009	0.017236	1212.758064	0.581560	0.581560	6	0	6	1	13	1.812500	0.000000	6	0	64	58	50	4.921058	2.921528	285.421356	0.000000	45205	18.780640	27.227254	256x256	65536	sparse	Learned	304	6	29	2387	31.398419	0.625117	28.659202	0.998845	0.564324	0.212623	21	2	0.000000	37	2352	31.633091	0.668107	0.998616	28.181988	0.176849	0.552745	3853	31.886145	0.690990	0.999253	31.022958	0.175793	0.591945	-0.018409	0.352779	-0.421557	-0.055498	True	0.576667	30.985317	0.569653	28.652270	0.568289	0.280597	0.554032	28.606789	0.998926	7967
7969.png	0.610522	0.915165	0.955704	0.947900	0.963636	0.998177	27.888136	0.998275	28.276509	0.606956	0.745384	0.488457	30.454659	0.554800	2983	5	2	7	14	1.927711	0.400000	83	80	388.534055	3.403214	0.000000	0.004037	-0.488858	-0.000226	-0.000071	0.010872	1367.755651	0.606956	0.606956	5	2	3	7	14	1.927711	0.400000	5	1	83	80	62	4.856676	3.403214	388.534055	0.000000	45751	15.337244	21.969829	256x256	65536	sparse	Learned	350	5	31	2903	31.026718	0.628636	28.404558	0.998345	0.596084	0.247359	24	4	0.000000	38	2960	31.343331	0.683359	0.998098	28.022083	0.314084	0.589021	3061	31.161137	0.643396	0.998642	29.625956	0.232499	0.596751	-0.128049	0.498026	-0.572059	-0.073836	True	0.610144	30.460117	0.554832	28.278753	0.688597	0.336350	0.606485	28.376994	0.998403	7969
7970.png	0.470149	0.856890	0.922931	0.890725	0.957552	0.999389	28.441237	0.999402	28.666063	0.489630	0.474813	0.425297	31.317235	0.579236	1865	5	0	1	11	1.761905	0.000000	42	37	177.539105	2.889976	0.000000	-0.061274	-0.009027	-0.000085	0.000018	-0.064630	1027.432680	0.489630	0.489630	5	0	5	1	11	1.761905	0.000000	5	0	42	37	30	4.798354	2.889976	177.539105	0.000000	44848	24.047185	35.139946	256x256	65536	sparse	Learned	242	5	25	1849	31.530728	0.613370	28.464539	0.999383	0.554260	0.268384	8	1	0.200000	35	1858	31.817992	0.653597	0.999288	28.131362	0.232368	0.467568	4921	32.595373	0.739558	0.999668	31.791114	0.187793	0.529730	0.201524	0.206428	-0.213493	-0.034134	True	0.470149	31.319791	0.579254	28.663694	0.505397	0.214944	0.531423	28.450263	0.999474	7970
7971.png	0.512913	0.896142	0.945227	0.929803	0.961171	0.998942	27.700071	0.998993	28.150531	0.542891	0.646545	0.470705	31.154463	0.589292	2484	5	2	5	11	1.904762	0.400000	63	60	295.521861	2.848703	0.000000	0.005965	-0.624725	-0.000156	-0.000076	0.017505	1073.615551	0.542891	0.542891	5	2	3	5	11	1.904762	0.400000	5	2	63	60	47	4.925364	2.848703	295.521861	0.000000	44976	18.106280	26.383253	256x256	65536	sparse	Learned	311	5	30	2425	31.684173	0.641642	28.360695	0.999069	0.525386	0.391951	8	2	0.700000	40	2368	32.012214	0.683170	0.999114	28.595962	0.240428	0.522254	3685	32.114883	0.695518	0.999414	30.889508	0.196751	0.532366	-0.210164	0.254594	-0.529709	-0.052350	True	0.512913	31.161143	0.589349	28.155594	0.642278	0.302324	0.506948	28.324796	0.999098	7971
7972.png	0.528029	0.892633	0.943271	0.918871	0.969002	0.999220	27.817377	0.999225	28.113973	0.507471	0.755857	0.359834	30.474346	0.544418	2587	4	1	4	10	1.914286	0.250000	70	67	328.291414	2.889194	0.000000	-0.006705	-0.209012	-0.000108	-0.000015	-0.002812	1048.962355	0.507471	0.507471	4	1	3	4	10	1.914286	0.250000	4	1	70	67	56	4.899872	2.889194	328.291414	0.000000	45787	17.698879	25.332818	256x256	65536	sparse	Learned	341	4	28	2531	30.894165	0.608481	28.125369	0.999241	0.510283	0.381217	8	1	0.500000	34	2574	31.167980	0.659042	0.999122	27.771462	0.232568	0.510779	3677	31.342981	0.666730	0.999430	29.979807	0.252805	0.510295	-0.011396	0.374640	-0.419818	-0.064063	True	0.527426	30.476531	0.544433	28.111104	0.767764	0.276267	0.534734	28.026390	0.999328	7972
7973.png	0.713563	0.925665	0.961398	0.948045	0.975132	0.998367	28.233404	0.998396	28.614849	0.716567	0.697296	0.749630	31.086180	0.582313	2449	4	0	4	12	1.857143	0.000000	56	52	269.793939	3.603597	0.000000	0.034941	-0.339148	-0.000043	0.000071	0.041658	1318.377733	0.716567	0.716567	4	0	4	4	12	1.857143	0.000000	4	0	56	52	40	5.188345	3.603597	269.793939	0.000000	45140	18.432013	26.760310	256x256	65536	sparse	Learned	290	4	29	2393	31.435799	0.629859	28.601729	0.998325	0.674908	0.417252	12	5	0.000000	39	2432	31.753381	0.679179	0.998388	28.696601	0.440102	0.671904	3768	32.015406	0.694498	0.999008	30.958415	0.402675	0.679576	0.013120	0.280044	-0.349619	-0.047545	True	0.714069	31.090045	0.582345	28.617453	0.681776	0.511080	0.678621	28.572552	0.998410	7973
7974.png	0.533131	0.871062	0.931088	0.922174	0.940176	0.999026	28.032508	0.999109	28.564374	0.537952	0.653544	0.373752	30.751526	0.555833	2376	5	1	3	11	1.878788	0.200000	66	62	303.249783	2.746654	0.000000	-0.013536	-0.351885	-0.000210	0.000007	0.002684	983.086348	0.537952	0.537952	5	1	4	3	11	1.878788	0.200000	5	1	66	62	52	4.891126	2.746654	303.249783	0.000000	45415	19.114057	27.582492	256x256	65536	sparse	Learned	319	5	27	2344	31.042020	0.610052	28.374144	0.999102	0.535267	0.330898	11	1	0.400000	33	2212	31.353947	0.650550	0.999010	28.053410	0.413912	0.504877	3932	31.720096	0.687955	0.999453	31.085610	0.166954	0.532468	0.190230	0.322647	-0.290494	-0.054219	True	0.534347	30.754940	0.555835	28.560534	0.656305	0.245295	0.546667	28.384393	0.999235	7974
7975.png	0.592564	0.835875	0.910601	0.906299	0.914944	0.998977	28.452038	0.999122	28.894121	0.615149	0.655272	0.423536	31.502135	0.586031	1952	4	1	3	9	1.882353	0.250000	51	48	235.267027	2.781212	0.000000	-0.002917	-0.216907	-0.000149	0.000008	-0.004424	1037.262201	0.615149	0.615149	4	1	3	3	9	1.882353	0.250000	4	1	51	48	39	4.901396	2.781212	235.267027	0.000000	44706	22.902664	33.573770	256x256	65536	sparse	Learned	284	4	26	1873	31.655009	0.617511	28.718155	0.999114	0.619573	0.302324	12	5	0.000000	36	1792	31.951789	0.653435	0.999030	28.504314	0.175106	0.564027	4860	32.709435	0.740287	0.999578	32.202656	0.033027	0.467507	0.175966	0.352948	-0.152875	-0.031480	True	0.591047	31.504444	0.586058	28.895006	0.662098	0.280422	0.595481	28.668945	0.999126	7975
7976.png	0.679348	0.861862	0.925806	0.895755	0.957944	0.999166	28.260764	0.999065	28.421282	0.715220	0.599884	0.823375	30.893756	0.565521	2310	5	1	2	10	1.859649	0.200000	57	53	264.764502	3.109233	0.000000	0.007645	-0.084846	-0.000080	-0.000047	0.011791	1221.691132	0.715220	0.715220	5	1	4	2	10	1.859649	0.200000	5	1	57	53	45	4.995557	3.109233	264.764502	0.000000	45320	19.619048	28.370563	256x256	65536	sparse	Learned	297	5	27	2186	31.278691	0.615273	28.420485	0.999112	0.703429	0.509583	8	9	0.000000	34	2182	31.515007	0.657619	0.998947	27.839120	0.387374	0.715507	3945	31.864316	0.695857	0.999453	30.706328	0.203478	0.685714	0.000797	0.090300	-0.384935	-0.049752	True	0.680145	30.898889	0.565564	28.428240	0.635052	0.522886	0.671702	28.345610	0.999246	7976
7977.png	0.643908	0.857143	0.923077	0.909545	0.937018	0.999094	27.717250	0.999195	28.102725	0.670588	0.758286	0.707658	30.950476	0.572974	2497	4	0	7	15	1.876923	0.000000	65	61	316.036580	2.644077	0.000000	-0.003684	-0.345732	-0.000208	-0.000028	0.012339	1041.527271	0.670588	0.670588	4	0	4	7	15	1.876923	0.000000	4	0	65	61	43	5.180928	2.644077	316.036580	0.000000	45314	18.147377	26.245895	256x256	65536	sparse	Learned	309	4	29	2393	31.355317	0.625611	27.979948	0.999222	0.658249	0.643706	5	2	0.000000	37	2444	31.609615	0.674111	0.999069	27.565702	0.392255	0.640023	3780	31.853563	0.689343	0.999541	30.732648	0.387845	0.647422	0.122778	0.114580	-0.404840	-0.052638	True	0.645465	30.952459	0.572987	28.108432	0.782379	0.553657	0.647592	28.062982	0.999302	7977
7978.png	0.761789	0.929169	0.963284	0.953078	0.973711	0.998600	27.746860	0.998698	28.072283	0.770159	0.587973	0.708377	31.113420	0.599440	2782	6	0	3	15	1.803279	0.000000	61	55	301.007143	3.189666	0.000000	0.031493	-0.458408	-0.000265	-0.000092	0.038870	1124.924898	0.770159	0.770159	6	0	6	3	15	1.803279	0.000000	6	0	61	55	43	5.472857	3.189666	301.007143	0.000000	45048	16.192667	23.557153	256x256	65536	sparse	Learned	323	6	32	2754	31.744012	0.656341	28.247032	0.998790	0.731289	0.513248	10	13	0.000000	42	2754	32.087792	0.704869	0.998803	28.421469	0.372650	0.721416	3337	32.021271	0.684649	0.999275	30.368763	0.372650	0.722595	-0.174749	0.074725	-0.630591	-0.056902	True	0.760933	31.117712	0.599472	28.073473	0.610672	0.432586	0.730296	28.205268	0.998866	7978
7979.png	0.692220	0.879650	0.935972	0.912599	0.960573	0.999565	27.427312	0.999653	27.794679	0.713161	0.527633	0.700283	30.190238	0.518240	1821	4	0	0	8	1.771429	0.000000	35	31	177.894444	2.469334	0.000000	0.019437	0.101704	-0.000091	0.000002	0.016283	817.534685	0.713161	0.713161	4	0	4	0	8	1.771429	0.000000	4	0	35	31	27	5.738530	2.469334	177.894444	0.000000	45909	25.210873	35.989017	256x256	65536	sparse	Learned	245	4	21	1733	30.420972	0.556975	27.382963	0.999651	0.696878	0.295312	8	2	0.000000	27	1804	30.732965	0.603499	0.999591	26.806557	0.325196	0.674538	5033	31.637003	0.713019	0.999829	30.996251	0.228948	0.675622	0.411716	0.232322	-0.230733	-0.038735	True	0.692220	30.194866	0.518276	27.799730	0.520495	0.364494	0.672783	27.325608	0.999656	7979
7980.png	0.731907	0.916873	0.956634	0.945013	0.968545	0.998945	27.439233	0.999029	27.882225	0.752513	0.563078	0.769082	30.571441	0.549599	2393	5	1	2	11	1.843137	0.200000	51	47	241.764502	3.167923	0.000000	-0.019735	-0.292468	-0.000070	0.000029	-0.009195	1321.836710	0.752513	0.752513	5	1	4	2	11	1.843137	0.200000	5	0	51	47	38	5.143926	3.167923	241.764502	0.000000	45698	19.096532	27.386544	256x256	65536	sparse	Learned	280	5	27	2367	30.951811	0.606392	27.851940	0.999000	0.761707	0.683996	5	7	0.000000	32	2364	31.141204	0.651833	0.998836	27.246384	0.606759	0.744994	3845	31.462996	0.675357	0.999350	30.128900	0.476909	0.720354	0.030285	-0.120918	-0.380370	-0.056793	True	0.731447	30.575081	0.549609	27.886081	0.581886	0.447517	0.751642	27.731701	0.999016	7980
7981.png	0.582497	0.898901	0.946759	0.950610	0.942939	0.998922	27.425535	0.999110	27.970758	0.604202	0.747160	0.364922	30.116753	0.528357	2559	4	1	6	12	1.906250	0.250000	64	61	317.149278	2.949316	0.000000	-0.001831	-0.465928	-0.000219	0.000005	0.013103	1216.862440	0.604202	0.604202	4	1	3	6	12	1.906250	0.250000	4	1	64	61	46	5.199168	2.949316	317.149278	0.000000	46095	18.012896	25.610004	256x256	65536	sparse	Learned	315	4	26	2409	30.563076	0.592477	27.862037	0.999105	0.591099	0.229682	21	2	0.000000	30	2388	30.768313	0.638045	0.998827	27.122194	0.333792	0.569378	3585	31.033441	0.653399	0.999410	30.063330	0.292173	0.596306	0.108721	0.517478	-0.446323	-0.064120	True	0.596998	30.121268	0.528389	27.978039	0.768922	0.280597	0.584328	27.891463	0.999141	7981
7982.png	0.673510	0.898260	0.946403	0.951099	0.941754	0.999081	27.363542	0.999247	27.858160	0.701422	0.599884	0.756709	30.099186	0.523466	2335	5	0	3	13	1.821429	0.000000	56	51	267.906638	2.649033	0.000000	0.017690	-0.199845	-0.000141	0.000049	0.029249	1128.738642	0.701422	0.701422	5	0	5	3	13	1.821429	0.000000	5	0	56	51	40	5.253071	2.649033	267.906638	0.000000	46059	19.725482	28.066809	256x256	65536	sparse	Learned	292	5	25	2318	30.461203	0.585171	27.485773	0.999199	0.672173	0.347319	12	4	0.000000	29	2202	30.694498	0.628369	0.998992	26.746244	0.456649	0.672716	4046	31.123553	0.667844	0.999448	29.752674	0.410413	0.675897	0.372388	0.252565	-0.362017	-0.061705	True	0.674834	30.100975	0.523462	27.857511	0.624689	0.472708	0.655820	27.563386	0.999221	7982
7983.png	0.588808	0.891528	0.942654	0.921440	0.964867	0.999287	28.192199	0.999212	28.404439	0.602228	0.522886	0.526851	30.601571	0.540255	2032	5	0	3	13	1.803922	0.000000	51	46	206.095454	3.163986	0.000000	-0.019173	0.417801	0.000022	0.000193	-0.020849	1274.835587	0.602228	0.602228	5	0	5	3	13	1.803922	0.000000	5	0	51	46	35	4.480336	3.163986	206.095454	0.000000	45667	22.473917	32.251969	256x256	65536	sparse	Learned	254	5	24	1946	30.837569	0.584470	27.720885	0.999019	0.623077	0.233342	14	1	0.000000	29	1956	31.017503	0.624574	0.998847	27.000072	0.275170	0.588598	4351	31.653650	0.695307	0.999474	30.825267	0.274888	0.586420	0.683554	0.289544	-0.235998	-0.044215	True	0.591721	30.606902	0.540291	28.406401	0.524791	0.276487	0.607981	27.774397	0.999265	7983
7984.png	0.706776	0.857936	0.923536	0.889528	0.960248	0.999564	28.125183	0.999642	28.488677	0.727067	0.532334	0.780916	31.026863	0.563496	1783	4	0	1	9	1.783784	0.000000	37	33	171.195959	2.448838	0.000000	0.052850	0.476867	-0.000073	0.000041	0.036711	915.881395	0.727067	0.727067	4	0	4	1	9	1.783784	0.000000	4	0	37	33	27	5.187756	2.448838	171.195959	0.000000	45219	25.361189	36.756029	256x256	65536	sparse	Learned	242	4	23	1714	31.218007	0.593737	27.750674	0.999602	0.690355	0.495405	5	4	0.000000	31	1766	31.503585	0.637574	0.999529	27.136588	0.393469	0.676561	5186	32.447454	0.741510	0.999814	31.666394	0.207054	0.668959	0.738003	0.036928	-0.191144	-0.030241	True	0.707944	31.027778	0.563499	28.489960	0.546155	0.426502	0.653926	27.648316	0.999637	7984
7985.png	0.758716	0.905013	0.950139	0.937158	0.963483	0.999449	26.752838	0.999551	27.285971	0.773224	0.552465	0.807766	30.792435	0.564515	2201	5	0	1	11	1.791667	0.000000	48	43	231.622366	2.301921	0.000000	0.042076	-0.441519	-0.000138	-0.000036	0.047510	750.113726	0.773224	0.773224	5	0	5	1	11	1.791667	0.000000	5	0	48	43	36	5.386567	2.301921	231.622366	0.000000	45445	20.647433	29.775557	256x256	65536	sparse	Learned	284	5	26	2190	31.095174	0.610174	27.261017	0.999587	0.725714	0.422225	7	3	0.000000	34	2200	31.483101	0.659069	0.999572	27.278112	0.453015	0.720517	4058	31.824108	0.694975	0.999796	30.667610	0.435282	0.711948	0.024954	0.130239	-0.302739	-0.045659	True	0.757798	30.798115	0.564543	27.289649	0.563078	0.454835	0.716639	27.194357	0.999587	7985
7986.png	0.665786	0.868069	0.929376	0.920270	0.938663	0.998934	28.017118	0.999068	28.458816	0.674984	0.662098	0.521067	31.275975	0.584917	2251	4	1	4	10	1.894737	0.250000	57	54	252.521861	2.944826	0.000000	-0.018990	-0.384064	-0.000196	-0.000011	-0.001633	1123.785257	0.674984	0.674984	4	1	3	4	10	1.894737	0.250000	4	1	57	54	43	4.676331	2.944826	252.521861	0.000000	45063	20.019103	29.114171	256x256	65536	sparse	Learned	279	4	28	2238	31.584199	0.630993	28.368326	0.999079	0.676617	0.334537	11	5	0.000000	37	2250	31.887914	0.673177	0.999017	28.187721	0.276956	0.652363	4013	32.198679	0.707050	0.999469	31.110343	0.204429	0.656893	0.090489	0.327561	-0.308224	-0.046076	True	0.666007	31.277817	0.584939	28.454566	0.688077	0.358535	0.684776	28.401181	0.999130	7986
7987.png	0.585976	0.880783	0.936613	0.926388	0.947066	0.998996	28.121396	0.999091	28.429362	0.592749	0.719168	0.382673	31.648051	0.608105	2440	4	2	5	9	1.932203	0.500000	59	57	292.592929	2.883435	0.000000	-0.013904	-0.316693	-0.000141	-0.000026	-0.015609	1235.674620	0.592749	0.592749	4	2	2	5	9	1.932203	0.500000	4	2	59	57	45	5.133209	2.883435	292.592929	0.000000	44712	18.324590	26.859016	256x256	65536	sparse	Learned	307	4	31	2380	31.961782	0.652101	28.438319	0.999116	0.608358	0.302324	11	1	0.000000	42	2328	32.285273	0.692478	0.999051	28.579237	0.311147	0.592926	3674	32.427545	0.705128	0.999461	30.921966	0.366417	0.593900	-0.008957	0.416845	-0.313731	-0.043995	True	0.585976	31.651282	0.608103	28.425486	0.740760	0.283469	0.599880	28.438089	0.999137	7987
7988.png	0.773773	0.916404	0.956379	0.957955	0.954807	0.999247	27.185673	0.999358	27.827816	0.780262	0.599483	0.809483	30.918957	0.562584	2035	4	0	2	10	1.813953	0.000000	43	39	207.166522	2.886042	0.000000	-0.005950	-0.454416	-0.000140	-0.000006	0.012483	1147.789717	0.780262	0.780262	4	0	4	2	10	1.813953	0.000000	4	0	43	39	31	5.311962	2.886042	207.166522	0.000000	45295	22.257985	32.204423	256x256	65536	sparse	Learned	261	4	25	2011	31.158655	0.605524	27.628661	0.999364	0.767779	0.496749	6	3	0.000000	31	1860	31.387943	0.639795	0.999203	26.931389	0.451188	0.742313	4717	32.132942	0.720782	0.999717	31.319734	0.260740	0.745962	0.199155	0.102734	-0.239698	-0.042940	True	0.774540	30.920747	0.562592	27.822128	0.607414	0.491691	0.779723	27.640089	0.999388	7988
7989.png	0.847619	0.934783	0.966292	0.963109	0.969496	0.999204	27.067818	0.999328	27.509873	0.870596	0.673720	0.821229	30.445061	0.547133	2459	4	0	1	9	1.833333	0.000000	48	44	266.391919	2.817969	0.000000	0.028735	-0.331128	-0.000160	-0.000026	0.046857	1040.416479	0.870596	0.870596	4	0	4	1	9	1.833333	0.000000	4	0	48	44	38	6.054362	2.817969	266.391919	0.000000	45761	18.609597	26.651484	256x256	65536	sparse	Learned	301	4	26	2325	30.822500	0.602564	27.398403	0.999354	0.823739	0.743339	4	9	0.000000	31	2250	31.016445	0.646155	0.999233	26.916014	0.629166	0.811398	3756	31.356421	0.668739	0.999634	30.049602	0.555777	0.819917	0.111470	-0.069619	-0.377439	-0.055431	True	0.847619	30.449459	0.547160	27.518781	0.684942	0.562495	0.818884	27.398946	0.999364	7989
7990.png	0.722477	0.903963	0.949560	0.946528	0.952610	0.999198	27.454613	0.999319	27.948656	0.731240	0.599483	0.960361	30.834540	0.559192	2016	4	1	2	8	1.863636	0.250000	44	41	208.166522	3.098757	0.000000	-0.023473	-0.338628	-0.000109	0.000017	-0.015456	1078.636408	0.731240	0.731240	4	1	3	2	8	1.863636	0.250000	4	1	44	41	34	5.077232	3.098757	208.166522	0.000000	45401	22.520337	32.507937	256x256	65536	sparse	Learned	256	4	24	1885	31.122511	0.596398	27.816026	0.999302	0.746696	0.508356	6	5	0.000000	31	1804	31.317733	0.634301	0.999175	27.204756	0.595053	0.743402	4429	31.987413	0.708855	0.999678	31.299657	0.453622	0.731563	0.132631	0.091128	-0.287971	-0.037205	True	0.719204	30.837964	0.559189	27.948072	0.609372	0.585217	0.745950	27.793241	0.999306	7990
7991.png	0.780420	0.880022	0.936183	0.925469	0.947147	0.999043	27.195863	0.999225	27.805622	0.820112	0.776870	0.805740	30.177255	0.541746	2662	4	2	8	12	1.945946	0.500000	74	72	349.776695	2.526968	0.000000	0.081625	-0.690577	-0.000259	-0.000052	0.103244	1198.131800	0.820112	0.820112	4	2	2	8	12	1.945946	0.500000	4	2	74	72	54	4.858010	2.526968	349.776695	0.000000	45787	17.200225	24.619083	256x256	65536	sparse	Learned	331	4	29	2648	30.889601	0.615003	27.910520	0.999277	0.716867	0.408217	13	9	0.000000	32	2600	31.081337	0.660560	0.999161	27.368015	0.433168	0.697448	3461	31.226144	0.659054	0.999456	29.285835	0.282733	0.700547	-0.104898	0.368653	-0.712345	-0.073257	True	0.780420	30.184223	0.541767	27.810267	0.795052	0.640605	0.698795	27.886440	0.999302	7991
7992.png	0.644737	0.893136	0.943552	0.930894	0.956558	0.999343	28.007800	0.999409	28.326804	0.656178	0.534201	0.639334	31.112405	0.571147	1967	5	1	2	10	1.836735	0.200000	49	45	212.681241	2.879130	0.000000	-0.033889	0.225187	-0.000030	0.000038	-0.033451	832.622528	0.656178	0.656178	5	1	4	2	10	1.836735	0.200000	5	1	49	45	37	4.726250	2.879130	212.681241	0.000000	45194	22.976106	33.317743	256x256	65536	sparse	Learned	268	5	26	1955	31.388741	0.610925	27.866767	0.999371	0.689629	0.451188	6	3	0.000000	32	1948	31.543374	0.649673	0.999251	27.310251	0.411395	0.639571	4866	32.349783	0.730757	0.999677	31.289724	0.270732	0.643836	0.460038	0.083012	-0.276336	-0.039779	True	0.646785	31.117351	0.571184	28.327782	0.554251	0.354351	0.678626	27.782613	0.999373	7992
7993.png	0.661300	0.912752	0.954386	0.967033	0.942065	0.999094	27.804277	0.999284	28.154617	0.687154	0.643706	0.650626	31.501628	0.603527	2433	5	0	2	12	1.838710	0.000000	62	57	290.693434	2.660341	0.000000	-0.014582	-0.380768	-0.000199	-0.000090	0.004710	919.816017	0.687154	0.687154	5	0	5	2	12	1.838710	0.000000	5	0	62	57	48	5.099885	2.660341	290.693434	0.000000	44824	18.423346	26.936293	256x256	65536	sparse	Learned	310	5	29	2360	31.776844	0.645744	28.241953	0.999375	0.682445	0.306119	11	1	0.000000	40	2182	32.130534	0.681771	0.999351	28.515933	0.330796	0.667457	3773	32.354867	0.707188	0.999616	31.001163	0.318414	0.686972	-0.087336	0.337588	-0.275216	-0.042217	True	0.661695	31.506813	0.603574	28.168166	0.659043	0.428791	0.675882	28.185045	0.999293	7993
7994.png	0.653392	0.908555	0.952087	0.942617	0.961749	0.999255	27.830890	0.999238	28.002568	0.671334	0.644774	0.857940	31.495243	0.598641	2118	4	1	4	10	1.882353	0.250000	51	48	236.308658	2.831502	0.000000	-0.009627	-0.024715	-0.000058	0.000043	-0.011878	1130.800486	0.671334	0.671334	4	1	3	4	10	1.882353	0.250000	4	1	51	48	37	4.923097	2.831502	236.308658	0.000000	44777	21.141171	30.942398	256x256	65536	sparse	Learned	276	4	27	2023	31.785923	0.633462	27.814262	0.999194	0.683212	0.455872	7	6	0.000000	38	2108	32.078822	0.676909	0.999110	27.794843	0.351656	0.663511	4138	32.505844	0.718120	0.999596	31.306915	0.395891	0.690131	0.188306	0.188901	-0.290680	-0.034820	True	0.649705	31.499211	0.598668	28.010945	0.680181	0.583555	0.663020	27.855605	0.999312	7994
7995.png	0.485039	0.867617	0.929117	0.901587	0.958380	0.998534	28.362337	0.998309	28.677244	0.478632	0.683363	0.467080	30.388790	0.532723	2320	4	0	5	13	1.854545	0.000000	55	51	262.450793	3.645773	0.000000	0.017809	-0.121544	-0.000132	0.000080	0.016354	1509.226322	0.478632	0.478632	4	0	4	5	13	1.854545	0.000000	4	0	55	51	37	5.146094	3.645773	262.450793	0.000000	45823	19.751293	28.248276	256x256	65536	sparse	Learned	290	4	25	2122	30.726167	0.585298	28.457429	0.998230	0.462278	0.351656	12	3	0.000000	31	2232	30.984771	0.634102	0.997882	27.852413	0.186031	0.439655	4105	31.408680	0.679362	0.998894	30.644863	0.099201	0.494830	0.219814	0.331708	-0.337377	-0.052575	True	0.484785	30.392066	0.532754	28.680594	0.624689	0.291780	0.467230	28.483881	0.998667	7995
7996.png	0.746858	0.861927	0.925844	0.902214	0.950745	0.999092	27.985844	0.999155	28.394365	0.756583	0.713495	0.870710	31.627897	0.608482	2338	4	0	3	11	1.864407	0.000000	59	55	279.965512	2.942110	0.000000	-0.001433	-0.383573	-0.000147	-0.000035	0.004916	1088.006973	0.756583	0.756583	4	0	4	3	11	1.864407	0.000000	4	0	59	55	45	5.090282	2.942110	279.965512	0.000000	44624	19.086399	28.030796	256x256	65536	sparse	Learned	303	4	30	2338	31.962186	0.653214	28.449364	0.999190	0.751667	0.480558	8	2	0.000000	42	2096	32.242426	0.684319	0.999184	28.505631	0.510808	0.728036	3902	32.553305	0.717248	0.999554	31.293036	0.347319	0.728144	-0.054999	0.232937	-0.334288	-0.044732	True	0.747608	31.631120	0.608524	28.400409	0.719168	0.626187	0.748292	28.369418	0.999239	7996
7997.png	0.673193	0.877141	0.934550	0.914596	0.955393	0.999417	27.133701	0.999478	27.721205	0.677966	0.706242	0.504199	30.721541	0.562157	2344	4	1	5	11	1.901639	0.250000	61	58	290.877200	2.290177	0.000000	-0.010756	-0.612832	-0.000131	-0.000055	0.000234	829.126835	0.677966	0.677966	4	1	3	5	11	1.901639	0.250000	4	1	61	58	45	5.015124	2.290177	290.877200	0.000000	45430	19.381399	27.959044	256x256	65536	sparse	Learned	296	4	27	2306	31.133579	0.615351	27.845546	0.999533	0.677732	0.428791	8	0	0.000000	32	2144	31.334879	0.652141	0.999385	26.925320	0.306119	0.634752	3852	31.710759	0.684185	0.999717	30.449975	0.257327	0.688330	-0.124340	0.277451	-0.412038	-0.053194	True	0.672193	30.724963	0.562169	27.715920	0.700308	0.353095	0.683949	27.746533	0.999548	7997
7998.png	0.642523	0.899646	0.947172	0.960908	0.933824	0.998901	27.412170	0.999125	27.945188	0.666265	0.596670	0.558610	30.634865	0.553167	2355	5	0	2	12	1.814815	0.000000	54	49	255.551299	2.977209	0.000000	-0.000768	-0.425567	-0.000157	0.000041	0.009962	1130.698204	0.666265	0.666265	5	0	5	2	12	1.814815	0.000000	5	0	54	49	40	5.215333	2.977209	255.551299	0.000000	45625	19.373673	27.828450	256x256	65536	sparse	Learned	295	5	26	2300	30.940667	0.605670	27.760560	0.999083	0.656303	0.455289	8	5	0.000000	32	2124	31.171199	0.644007	0.998959	27.295443	0.477208	0.648588	3943	31.590967	0.683513	0.999460	30.475847	0.319776	0.650057	0.184628	0.141381	-0.305802	-0.052503	True	0.641565	30.637734	0.553205	27.956427	0.618636	0.345576	0.643291	27.837737	0.999059	7998
7999.png	0.697561	0.894766	0.944461	0.934945	0.954172	0.998895	27.501299	0.999086	27.884706	0.726827	0.755857	0.579539	31.300582	0.603796	2520	4	0	2	10	1.870968	0.000000	62	58	317.350288	2.830611	0.000000	0.019270	-0.643894	-0.000318	-0.000104	0.027171	967.492104	0.726827	0.726827	4	0	4	2	10	1.870968	0.000000	4	0	62	58	50	5.471557	2.830611	317.350288	0.000000	44873	17.806746	26.006349	256x256	65536	sparse	Learned	330	4	30	2447	31.758473	0.650998	28.153440	0.999191	0.699655	0.578045	7	2	0.000000	42	2494	32.183283	0.699282	0.999167	28.451301	0.421124	0.691457	3792	32.347513	0.708871	0.999542	31.175594	0.399504	0.676263	-0.268733	0.177811	-0.457891	-0.047201	True	0.698861	31.308135	0.603844	27.882467	0.770075	0.446288	0.678291	28.145193	0.999212	7999
