filename	gt_iou	seg_iou	seg_f1	seg_precision	seg_recall	gt_fg_ssim	gt_fg_psnr	ng_fg_ssim	ng_fg_psnr	ng_iou	ng_topo_q	topo_preservation	ng_psnr	ng_ssim	ng_bytes	graph_n_components	graph_n_cycles	graph_n_junctions	graph_n_endpoints	graph_mean_degree	graph_complexity	n_nodes	n_edges	total_edge_length	mean_width_px	mean_curvature	delta_gt_iou	delta_gt_fg_psnr	delta_gt_fg_ssim	delta_fg_ssim	delta_iou	total_time_ms	self_iou	ng_recon_iou	ng_n_components	ng_n_cycles	ng_euler_characteristic	ng_n_junctions	ng_n_endpoints	ng_mean_degree	ng_graph_complexity	ng_seg_beta_0	ng_seg_beta_1	graph_n_nodes	graph_n_edges	graph_n_sampled	graph_mean_edge_length	graph_mean_width	graph_total_edge_length	graph_mean_curvature	png_bytes	ng_vs_png	ng_vs_raw	image_shape	image_pixels	image_type	segmenter	n_points	n_structures	jpeg_quality	jpeg_bytes	jpeg_psnr	jpeg_ssim	jpeg_fg_psnr	jpeg_fg_ssim	jpeg_iou	jpeg_topo_q	jpeg_beta_0	jpeg_beta_1	jpeg_betti_preservation	webp_quality	webp_bytes	webp_psnr	webp_ssim	webp_fg_ssim	webp_fg_psnr	webp_topo_q	webp_iou	jp2_bytes	jp2_psnr	jp2_ssim	jp2_fg_ssim	jp2_fg_psnr	jp2_topo_q	jp2_iou	delta_fg_psnr	delta_topo_q	delta_psnr	delta_ssim	gt_available	pre_gt_iou	pre_ng_psnr	pre_ng_ssim	pre_ng_fg_psnr	gt_topology_q	recon_topology_q	jpeg_gt_iou	jpeg_gt_fg_psnr	jpeg_gt_fg_ssim	stem
7249.png	0.331210	0.362319	0.531915	0.760649	0.408942	0.993695	19.680706	0.999324	27.469843	0.651741	0.402499	0.387946	29.423261	0.532626	1625	4	1	3	11	1.806452	0.250000	31	28	110.012193	3.601835	0.000000	-0.270294	-7.859189	-0.005193	0.000071	0.207434	3906.911850	0.651741	0.651741	4	1	3	3	11	1.806452	0.250000	4	2	31	28	17	3.929007	3.601835	110.012193	0.000000	45624	28.076308	40.329846	256x256	65536	sparse	Frangi	192	4	18	1525	30.697197	0.570919	27.104609	0.999252	0.444308	0.381217	10	2	0.250000	28	1608	31.009837	0.619019	0.999296	27.458593	0.294136	0.455497	5873	32.293918	0.754215	0.999722	31.667940	0.194888	0.439655	0.365234	0.021283	-1.273936	-0.038293	True	0.330504	29.425096	0.532646	27.470944	0.677612	0.262877	0.601504	27.539896	0.998888	7249
7250.png	0.601828	0.466346	0.636066	0.485324	0.922638	0.998837	27.916237	0.996110	29.303971	0.516910	0.509338	0.373047	31.352417	0.589064	2301	5	0	2	12	1.772727	0.000000	44	39	194.539105	6.535533	0.000000	-0.005852	-0.368566	-0.000299	0.000331	0.010074	2559.176445	0.516910	0.516910	5	0	5	2	12	1.772727	0.000000	5	0	44	39	30	4.988182	6.535533	194.539105	0.000000	44906	19.515863	28.481530	256x256	65536	sparse	Otsu	255	5	29	2254	31.673816	0.635571	28.914026	0.995779	0.506836	0.528813	8	8	0.000000	40	2272	31.999157	0.676917	0.995833	29.074033	0.540447	0.489674	3883	32.286070	0.707634	0.997586	31.403419	0.282733	0.511118	0.389945	-0.019475	-0.321399	-0.046506	True	0.602747	31.355222	0.589057	29.305676	0.743339	0.277301	0.607680	28.284803	0.999136	7250
7251.png	0.729285	0.398284	0.569675	0.403803	0.966821	0.998695	24.601602	0.997160	28.899226	0.461538	0.655272	0.768042	31.299099	0.609076	2571	4	0	3	11	1.836735	0.000000	49	45	235.923882	6.012733	0.000000	-0.017892	-3.142166	-0.000844	0.000072	-0.003214	1964.316368	0.461538	0.461538	4	0	4	3	11	1.836735	0.000000	4	0	49	45	35	5.242753	6.012733	235.923882	0.000000	44830	17.436795	25.490471	256x256	65536	sparse	Otsu	283	4	32	2568	31.952345	0.660434	28.841920	0.997088	0.464753	0.630646	5	1	0.375000	41	2372	32.197086	0.694537	0.996962	28.857097	0.739460	0.459968	3465	32.308023	0.697988	0.998262	31.240999	0.549546	0.461882	0.057306	0.024626	-0.653245	-0.051357	True	0.728653	31.303419	0.609122	28.903441	0.724729	0.556622	0.747177	27.743768	0.999540	7251
7252.png	0.503111	0.348301	0.516652	0.504837	0.529032	0.996309	20.012842	0.998777	28.229452	0.505181	0.208110	0.822708	30.012416	0.541321	1637	9	0	1	19	1.454545	0.000000	33	24	104.284271	3.875880	0.000000	-0.263638	-7.173298	-0.003056	-0.000027	0.118616	1011.782646	0.505181	0.505181	9	0	9	1	19	1.454545	0.000000	9	0	33	24	13	4.345178	3.875880	104.284271	0.000000	45467	27.774588	40.034209	256x256	65536	sparse	Frangi	181	9	21	1635	30.913734	0.578960	28.235922	0.998804	0.386565	0.557361	4	1	0.222222	29	1624	31.189119	0.618989	0.998836	27.850373	0.557361	0.383945	5630	32.370693	0.749694	0.999259	31.736394	0.615572	0.380469	-0.006470	-0.349250	-0.901318	-0.037639	True	0.503111	30.015886	0.541340	28.229216	0.548419	0.451188	0.766749	27.186141	0.999365	7252
7253.png	0.531500	0.285991	0.444779	0.290682	0.946581	0.999384	27.602688	0.996015	29.509182	0.253020	0.360776	0.443739	31.151890	0.580054	2393	8	0	2	18	1.644444	0.000000	45	37	199.580736	5.823593	0.000000	-0.011800	-0.563055	-0.000235	0.000066	0.005888	2307.059765	0.253020	0.253020	8	0	8	2	18	1.644444	0.000000	8	0	45	37	25	5.394074	5.823593	199.580736	0.000000	44924	18.773088	27.386544	256x256	65536	sparse	Otsu	275	8	30	2373	31.624285	0.632694	29.453009	0.995948	0.247132	0.483149	5	2	0.000000	40	2284	31.897025	0.673083	0.995997	29.527384	0.305803	0.226885	3892	32.213017	0.702087	0.997483	31.704802	0.261647	0.246068	0.056173	-0.122373	-0.472395	-0.052640	True	0.534283	31.154906	0.580095	29.515636	0.581048	0.257834	0.543300	28.165743	0.999619	7253
7254.png	0.721289	0.489042	0.656855	0.513640	0.910809	0.997932	23.747818	0.998022	28.670830	0.527257	0.501424	0.634948	31.011477	0.588407	2272	5	0	3	13	1.782609	0.000000	46	41	197.166522	5.210361	0.000000	-0.054860	-3.867887	-0.001485	0.000171	0.012268	1817.155123	0.527257	0.527257	5	0	5	3	13	1.782609	0.000000	5	0	46	41	30	4.808940	5.210361	197.166522	0.000000	44986	19.800176	28.845070	256x256	65536	sparse	Otsu	246	5	28	2191	31.610139	0.633120	28.400628	0.997851	0.514990	0.529205	6	2	0.000000	37	2192	31.842865	0.674132	0.997739	28.246647	0.508356	0.511312	3998	32.223445	0.705249	0.998884	31.398653	0.367568	0.508454	0.270202	-0.027781	-0.598662	-0.044712	True	0.721289	31.016834	0.588454	28.677229	0.688077	0.436893	0.776149	27.615705	0.999417	7254
7255.png	0.649561	0.298908	0.460245	0.301754	0.969404	0.998990	26.133459	0.994118	29.055263	0.271681	0.361460	0.503922	29.883441	0.545283	3535	14	1	8	35	1.717391	0.071429	92	79	343.663997	4.910634	0.000000	-0.085881	-2.107083	-0.000461	-0.000842	-0.013678	3115.453720	0.271681	0.271681	14	1	13	8	35	1.717391	0.071429	14	1	92	79	49	4.350177	4.910634	343.663997	0.000000	45536	12.881471	18.539180	256x256	65536	sparse	Otsu	412	14	37	3479	31.325374	0.645629	29.776568	0.994960	0.285359	0.415584	7	0	0.250000	42	3296	31.676328	0.699790	0.994880	29.703273	0.495069	0.262450	604	30.478570	0.550562	0.992564	27.740581	0.448989	0.274969	-0.721305	-0.054124	-1.441933	-0.100347	True	0.651147	29.890899	0.545322	29.060070	0.651808	0.328460	0.735442	28.240542	0.999451	7255
7256.png	0.459037	0.446848	0.617684	0.463674	0.924886	0.998751	27.966228	0.996520	29.650124	0.348631	0.476909	0.615646	31.500327	0.601603	2048	5	0	5	15	1.761905	0.000000	42	37	181.024387	6.436044	0.000000	-0.053414	-1.128242	-0.000509	0.000022	-0.016515	1613.777161	0.348631	0.348631	5	0	5	5	15	1.761905	0.000000	5	0	42	37	22	4.892551	6.436044	181.024387	0.000000	44562	21.758789	32.000000	256x256	65536	sparse	Otsu	219	5	28	2048	32.005421	0.642083	29.579584	0.996498	0.365145	0.257204	15	1	0.000000	40	1998	32.278548	0.677178	0.996213	29.484628	0.350791	0.347416	4590	32.855919	0.741172	0.997955	32.221937	0.257769	0.352808	0.070540	0.219705	-0.505094	-0.040480	True	0.464109	31.500277	0.601624	29.655773	0.698806	0.430217	0.512451	29.094470	0.999260	7256
7257.png	0.546941	0.244270	0.392632	0.249707	0.918162	0.998772	26.993434	0.991855	29.377966	0.259119	0.325196	0.441321	29.495555	0.524214	4414	21	1	11	52	1.680000	0.047619	125	105	443.119841	4.814489	0.000000	-0.074017	-1.832703	-0.000672	-0.001458	0.008439	5340.120792	0.259119	0.259119	21	1	20	11	52	1.680000	0.047619	21	1	125	105	62	4.220189	4.814489	443.119841	0.000000	45763	10.367694	14.847304	256x256	65536	sparse	Otsu	527	21	44	4391	31.300988	0.660339	30.275587	0.993313	0.250680	0.294430	16	3	0.000000	46	4166	31.734864	0.724804	0.993638	30.357127	0.122754	0.241359	471	29.666116	0.511560	0.988041	27.629163	0.151148	0.291258	-0.897621	0.030766	-1.805433	-0.136125	True	0.548387	29.500125	0.524225	29.376705	0.726102	0.320444	0.620958	28.826137	0.999444	7257
7258.png	0.717277	0.385941	0.556937	0.392173	0.960456	0.998938	25.889226	0.996671	28.665027	0.376952	0.462056	0.959274	29.787846	0.528009	3014	9	0	4	22	1.746479	0.000000	71	62	306.865007	5.614895	0.000000	-0.046469	-1.728578	-0.000544	0.000061	-0.003004	2096.837282	0.376952	0.376952	9	0	9	4	22	1.746479	0.000000	9	0	71	62	45	4.949436	5.614895	306.865007	0.000000	46114	15.299934	21.743862	256x256	65536	sparse	Otsu	304	9	30	2910	30.656476	0.612377	28.677045	0.996610	0.379957	0.556622	6	1	0.333333	34	3006	30.993520	0.671305	0.996377	28.453329	0.597476	0.366775	3072	30.841737	0.625391	0.997384	30.002273	0.590711	0.374286	-0.012018	-0.094567	-0.868630	-0.084369	True	0.716114	29.791492	0.528030	28.668858	0.657677	0.630892	0.763746	27.617804	0.999482	7258
7259.png	0.575865	0.266144	0.420401	0.266944	0.988860	0.999072	27.734247	0.993007	29.409872	0.210739	0.348677	0.455550	30.081407	0.547669	3684	16	1	8	39	1.700000	0.062500	100	85	373.563492	4.572325	0.000000	-0.047047	-0.972799	-0.000246	-0.001166	0.010462	3049.885988	0.210739	0.210739	16	1	15	8	39	1.700000	0.062500	16	1	100	85	53	4.394865	4.572325	373.563492	0.000000	45422	12.329533	17.789359	256x256	65536	sparse	Otsu	427	16	40	3662	31.512412	0.654470	30.319955	0.994173	0.200277	0.237892	12	1	0.875000	46	3390	31.866093	0.706608	0.994250	30.351418	0.267774	0.195105	537	30.560732	0.550821	0.990955	28.044290	0.341073	0.211778	-0.910083	0.110786	-1.431005	-0.106801	True	0.573343	30.090253	0.547713	29.417689	0.543880	0.247765	0.622912	28.707046	0.999318	7259
7260.png	0.272921	0.237278	0.383549	0.522670	0.302920	0.991566	15.887681	0.999346	28.373897	0.485330	0.241693	0.358794	28.808588	0.566793	1436	6	0	0	12	1.500000	0.000000	24	18	86.941125	3.549806	0.000000	-0.450720	-10.770242	-0.007601	0.000068	0.222431	1021.353960	0.485330	0.485330	6	0	6	0	12	1.500000	0.000000	6	0	24	18	12	4.830063	3.549806	86.941125	0.000000	44960	31.309192	45.637883	256x256	65536	sparse	Frangi	179	6	15	1369	31.014438	0.591905	27.531204	0.999279	0.262899	0.446464	7	1	0.416667	30	1404	31.651511	0.636459	0.999318	27.826499	0.377078	0.253989								0.842694	-0.204771	-2.205850	-0.025112	True	0.272210	28.808281	0.566815	28.383285	0.535441	0.192113	0.723641	26.657923	0.999166	7260
7261.png	0.582663	0.327127	0.492985	0.342326	0.880493	0.997725	22.279276	0.994919	28.889893	0.355857	0.339359	0.523424	29.894750	0.539602	2729	11	0	2	24	1.656250	0.000000	64	53	254.693434	5.113738	0.000000	-0.078301	-5.733245	-0.001817	-0.000122	0.011756	2094.491482	0.355857	0.355857	11	0	11	2	24	1.656250	0.000000	11	0	64	53	38	4.805536	5.113738	254.693434	0.000000	45701	16.746427	24.014657	256x256	65536	sparse	Otsu	281	11	30	2706	31.022175	0.618781	29.131146	0.995041	0.344102	0.470065	8	3	0.000000	35	2702	31.265718	0.667738	0.994661	28.725492	0.391260	0.360254	3550	31.389457	0.663477	0.996066	30.370236	0.417252	0.349856	-0.241253	-0.130705	-1.127425	-0.079178	True	0.584882	29.900464	0.539669	28.913229	0.610932	0.319776	0.660963	28.012521	0.999543	7261
7262.png	0.619504	0.607755	0.756029	0.637961	0.927726	0.998173	27.378693	0.997473	28.807190	0.498960	0.470594	0.946729	31.230472	0.607955	2396	5	1	6	15	1.818182	0.200000	44	40	182.580736	5.382420	0.000000	-0.069175	-1.338080	-0.000744	-0.000177	-0.022853	2372.903347	0.498960	0.498960	5	1	4	6	15	1.818182	0.200000	5	0	44	40	23	4.564518	5.382420	182.580736	0.000000	44541	18.589733	27.352254	256x256	65536	sparse	Otsu	292	5	32	2358	32.105177	0.655041	29.211146	0.997650	0.521813	0.687765	5	11	0.000000	43	2324	32.415705	0.696861	0.997618	29.346851	0.587973	0.541226	3839	32.646538	0.718147	0.998529	31.712461	0.399966	0.494907	-0.403956	-0.217171	-0.874705	-0.047086	True	0.620767	31.231129	0.607969	28.807484	0.663784	0.628423	0.688679	28.716773	0.998917	7262
7263.png	0.605572	0.465973	0.635718	0.482587	0.931200	0.998910	26.776706	0.998146	28.990030	0.389718	0.532334	0.816683	31.623992	0.606531	2198	4	0	2	10	1.794872	0.000000	39	35	174.509668	5.855662	0.000000	-0.015830	-0.962686	-0.000506	0.000195	0.001702	1586.612463	0.389718	0.389718	4	0	4	2	10	1.794872	0.000000	4	0	39	35	27	4.985991	5.855662	174.509668	0.000000	44795	20.379891	29.816197	256x256	65536	sparse	Otsu	236	4	28	2119	31.905025	0.642215	28.496626	0.997951	0.388017	0.462056	5	0	0.875000	42	2190	32.265108	0.682617	0.997855	28.782219	0.424970	0.376860	3993	32.527553	0.715353	0.998756	31.461466	0.384742	0.380736	0.493405	0.070278	-0.281032	-0.035684	True	0.605282	31.626900	0.606574	28.990534	0.552465	0.451188	0.621402	27.739392	0.999416	7263
7264.png	0.595559	0.372035	0.542311	0.384847	0.917864	0.998883	25.316997	0.997601	28.957780	0.422947	0.353382	0.614792	31.239618	0.604354	1919	5	0	1	11	1.655172	0.000000	29	24	119.740115	6.876905	0.000000	-0.032688	-2.197146	-0.000728	0.000178	-0.006538	1803.566217	0.422947	0.422947	5	0	5	1	11	1.655172	0.000000	5	0	29	24	17	4.989171	6.876905	119.740115	0.000000	44597	23.239708	34.151120	256x256	65536	sparse	Otsu	195	5	25	1812	31.852000	0.634480	28.612208	0.997423	0.429484	0.273851	9	0	0.600000	38	1896	32.206057	0.673405	0.997478	28.796179	0.350420	0.431574	4824	32.945467	0.746811	0.998890	32.532814	0.265505	0.423274	0.345572	0.079531	-0.612382	-0.030126	True	0.595408	31.244471	0.604379	28.960874	0.607414	0.373433	0.628247	27.514143	0.999612	7264
7265.png	0.551146	0.215002	0.353912	0.216648	0.965868	0.998971	27.211097	0.988907	29.467404	0.179869	0.342405	0.487219	29.072316	0.534553	5529	24	1	12	59	1.687075	0.041667	147	124	545.859956	4.665985	0.000000	-0.129455	-2.287601	-0.000499	-0.002793	-0.007793	5471.248150	0.179869	0.179869	24	1	23	12	59	1.687075	0.041667	24	1	147	124	76	4.402096	4.665985	545.859956	0.000000	45603	8.247965	11.853138	256x256	65536	sparse	Otsu	732	24	55	5435	31.783708	0.691831	31.061960	0.991701	0.187662	0.320334	13	3	0.000000	54	5286	32.416758	0.767216	0.992672	31.338393	0.147501	0.186372	340	29.625979	0.528750	0.980464	25.722523	0.359633	0.228194	-1.594555	0.022071	-2.711392	-0.157278	True	0.550644	29.074995	0.534564	29.472724	0.550671	0.268297	0.680601	29.498698	0.999471	7265
7266.png	0.768108	0.538979	0.700437	0.551687	0.959016	0.998469	24.874576	0.997610	28.097184	0.564650	0.599483	0.586027	30.901210	0.586989	2449	4	0	0	8	1.822222	0.000000	45	41	211.722871	5.534292	0.000000	-0.013054	-2.020512	-0.000773	0.000208	0.012481	1957.406998	0.564650	0.564650	4	0	4	0	8	1.822222	0.000000	4	0	45	41	37	5.163972	5.534292	211.722871	0.000000	45309	18.501021	26.760310	256x256	65536	sparse	Otsu	264	4	28	2391	31.337994	0.630702	27.796610	0.997402	0.552169	0.497707	7	7	0.000000	37	2408	31.687206	0.678894	0.997294	27.763597	0.569726	0.552330	3763	31.955384	0.688373	0.998596	30.985639	0.467408	0.553131	0.300574	0.101776	-0.436784	-0.043713	True	0.767416	30.904385	0.586999	28.101624	0.585217	0.342953	0.781162	26.895088	0.999242	7266
7267.png	0.731441	0.531373	0.693982	0.535750	0.984858	0.999122	28.764524	0.996496	29.515312	0.499671	0.599483	0.674586	31.628212	0.603052	2284	4	0	2	10	1.829787	0.000000	47	43	203.438600	6.390284	0.000000	-0.016243	0.227458	0.000013	0.000357	-0.011521	1770.704508	0.499671	0.499671	4	0	4	2	10	1.829787	0.000000	4	0	47	43	35	4.731130	6.390284	203.438600	0.000000	44738	19.587566	28.693520	256x256	65536	sparse	Otsu	254	4	28	2227	31.780188	0.640838	29.114165	0.996140	0.511192	0.600341	7	8	0.000000	41	2172	32.135864	0.682647	0.996051	29.016481	0.513248	0.511850	4028	32.485321	0.719021	0.997785	31.348816	0.413354	0.500329	0.401147	-0.000857	-0.151976	-0.037787	True	0.731441	31.632961	0.603093	29.523379	0.744619	0.502310	0.747684	28.537067	0.999109	7267
7268.png	0.660323	0.593285	0.744732	0.626194	0.918626	0.996191	24.213573	0.995601	28.660730	0.514860	0.506714	0.795790	30.254018	0.565024	2532	6	1	7	19	1.811321	0.166667	53	48	228.195959	5.927519	0.000000	-0.055842	-3.875708	-0.001859	-0.000022	0.009822	1960.248232	0.514860	0.514860	6	1	5	7	19	1.811321	0.166667	6	0	53	48	27	4.754082	5.927519	228.195959	0.000000	45398	17.929700	25.883096	256x256	65536	sparse	Otsu	250	6	28	2468	31.221997	0.624038	28.688289	0.995622	0.505039	0.532334	11	14	0.000000	36	2256	31.491035	0.662147	0.995226	28.494759	0.319549	0.515607	3562	31.690583	0.676774	0.996900	30.461385	0.302324	0.477515	-0.027559	-0.025619	-0.967979	-0.059014	True	0.662252	30.257819	0.565061	28.669763	0.697599	0.555142	0.716165	28.089281	0.998050	7268
7269.png	0.606607	0.317393	0.481851	0.320701	0.968526	0.999071	26.440265	0.993740	29.282303	0.271445	0.326320	0.562379	29.684048	0.534193	3474	16	0	2	34	1.627907	0.000000	86	70	344.320851	4.902942	0.000000	-0.035595	-2.162358	-0.000427	-0.000209	0.019095	3074.546099	0.271445	0.271445	16	0	16	2	34	1.627907	0.000000	16	0	86	70	50	4.918869	4.902942	344.320851	0.000000	45739	13.166091	18.864709	256x256	65536	sparse	Otsu	400	16	35	3435	31.074474	0.635183	29.693172	0.993949	0.252350	0.278306	13	1	0.406250	41	3388	31.481095	0.697556	0.993503	29.510813	0.382590	0.220315	605	30.245416	0.538002	0.991063	27.910112	0.391951	0.273709	-0.410869	0.048014	-1.390426	-0.100990	True	0.604442	29.689284	0.534229	29.290181	0.731526	0.411395	0.642202	28.602623	0.999499	7269
7270.png	0.601544	0.478893	0.647637	0.500542	0.917164	0.998021	24.873352	0.996944	29.129160	0.413805	0.444285	0.557157	30.925847	0.584543	2533	8	2	5	19	1.800000	0.250000	60	54	253.095454	4.622607	0.000000	-0.048065	-3.234603	-0.001170	0.000037	0.001292	1807.069302	0.413805	0.413805	8	2	6	5	19	1.800000	0.250000	8	2	60	54	36	4.686953	4.622607	253.095454	0.000000	45065	17.791157	25.872878	256x256	65536	sparse	Otsu	278	8	29	2402	31.558591	0.636763	28.987516	0.996907	0.412513	0.311147	11	0	0.312500	40	2384	31.917489	0.680193	0.996658	28.944169	0.272733	0.399149	3674	32.052855	0.693738	0.997924	31.155609	0.221609	0.406018	0.141644	0.133138	-0.632744	-0.052220	True	0.600950	30.929940	0.584585	29.128555	0.562495	0.313398	0.649609	28.107955	0.999191	7270
7272.png	0.566376	0.407071	0.578607	0.410178	0.981730	0.998655	28.374973	0.993200	29.424739	0.433626	0.606235	0.737889	30.576003	0.585835	3158	5	0	2	12	1.824561	0.000000	57	52	272.735065	6.145765	0.000000	-0.066327	-0.906236	-0.000368	-0.000472	0.001399	2912.677050	0.433626	0.433626	5	0	5	2	12	1.824561	0.000000	5	0	57	52	43	5.244905	6.145765	272.735065	0.000000	44984	14.244459	20.752375	256x256	65536	sparse	Otsu	389	5	35	2996	31.813021	0.657295	29.993330	0.993672	0.432227	0.635376	9	15	0.000000	45	3128	32.191036	0.710649	0.993662	29.954427	0.190091	0.406729	642	31.123339	0.587534	0.990845	28.335470	0.549171	0.470395	-0.568591	-0.029141	-1.237018	-0.071460	True	0.567863	30.578634	0.585843	29.433517	0.583832	0.430803	0.632703	29.281209	0.999023	7272
7273.png	0.565770	0.226122	0.368841	0.227046	0.982330	0.998418	27.600586	0.988095	29.427407	0.188495	0.318023	0.909258	28.447642	0.505468	5980	29	1	11	68	1.647799	0.034483	159	131	594.931024	4.400359	0.000000	-0.134230	-2.132098	-0.000668	-0.003234	-0.004038	6174.981833	0.188495	0.188495	29	1	28	11	68	1.647799	0.034483	29	1	159	131	80	4.541458	4.400359	594.931024	0.000000	45902	7.675920	10.959197	256x256	65536	sparse	Otsu	782	29	57	5864	31.532817	0.687540	31.046236	0.991328	0.192533	0.169605	41	24	0.000000	52	5488	32.143108	0.761047	0.992117	31.216419	0.109725	0.151150	341	29.626700	0.508774	0.980464	26.855684	0.435604	0.209372	-1.618829	0.148418	-3.085174	-0.182072	True	0.566536	28.452900	0.505498	29.430051	0.519054	0.471954	0.700000	29.732684	0.999086	7273
7274.png	0.577889	0.149950	0.260794	0.149975	0.998890	0.999649	28.443242	0.990458	29.999868	0.152475	0.352735	0.591991	30.049042	0.539643	4164	24	1	16	63	1.697368	0.041667	152	129	567.759451	4.557975	0.000000	-0.032867	-0.388159	-0.000033	-0.001276	0.008357	3014.551163	0.152475	0.152475	24	1	23	16	63	1.697368	0.041667	24	1	152	129	73	4.401236	4.557975	567.759451	0.000000	45542	10.937080	15.738713	256x256	65536	sparse	Otsu	427	24	43	4112	31.474713	0.659346	30.718803	0.991734	0.144119	0.300927	10	2	0.208333	48	4128	32.002774	0.727206	0.992651	30.995292	0.231514	0.146211	472	30.479605	0.539760	0.987380	28.764162	0.299994	0.145476	-0.718935	0.051808	-1.425671	-0.119703	True	0.580268	30.057353	0.539713	30.013840	0.503415	0.298017	0.610757	28.831400	0.999682	7274
7275.png	0.653199	0.383768	0.554672	0.398954	0.909769	0.998912	26.354181	0.996709	28.980556	0.350162	0.431640	0.528330	30.782431	0.572757	3016	8	1	3	18	1.758621	0.125000	58	51	245.752309	5.287128	0.000000	-0.053129	-1.779441	-0.000535	-0.000228	-0.007975	2596.687317	0.350162	0.350162	8	1	7	3	18	1.758621	0.125000	8	0	58	51	37	4.818673	5.287128	245.752309	0.000000	45202	14.987401	21.729443	256x256	65536	sparse	Otsu	374	8	34	2876	31.599413	0.645909	29.286566	0.996938	0.358137	0.489994	6	0	0.875000	43	2906	31.946361	0.697846	0.997060	29.371055	0.440102	0.351816	3046	31.725240	0.663558	0.997498	30.613588	0.341638	0.354086	-0.306010	-0.058354	-0.816982	-0.073152	True	0.650505	30.783481	0.572750	28.981480	0.603072	0.318621	0.706327	28.133622	0.999447	7275
7276.png	0.638064	0.370628	0.540814	0.377687	0.951989	0.998586	25.869032	0.994192	28.754376	0.373249	0.341491	0.586010	29.779216	0.530996	3134	9	1	5	22	1.703704	0.111111	54	46	205.095454	7.018680	0.000000	-0.063701	-2.102479	-0.000620	-0.000168	-0.001886	3287.452936	0.373249	0.373249	9	1	8	5	22	1.703704	0.111111	9	0	54	46	27	4.458597	7.018680	205.095454	0.000000	45914	14.650287	20.911295	256x256	65536	sparse	Otsu	387	9	32	3024	30.886419	0.620828	28.964896	0.994361	0.375135	0.476211	9	10	0.000000	37	3112	31.246282	0.679972	0.994300	28.775196	0.305803	0.368280	663	30.217477	0.536113	0.991966	27.294968	0.501757	0.382377	-0.210520	-0.134720	-1.107202	-0.089832	True	0.638064	29.789656	0.531045	28.761774	0.568289	0.333023	0.701765	27.971511	0.999207	7276
7277.png	0.550725	0.249893	0.399863	0.259415	0.871929	0.998225	24.420123	0.992515	29.602179	0.266865	0.303144	0.667627	29.614995	0.535095	3792	17	1	8	41	1.648352	0.058824	91	75	327.450793	5.118011	0.000000	-0.128413	-4.578303	-0.001238	-0.000861	0.016812	3674.435616	0.266865	0.266865	17	1	16	8	41	1.648352	0.058824	17	1	91	75	42	4.366011	5.118011	327.450793	0.000000	45572	12.017932	17.282700	256x256	65536	sparse	Otsu	455	17	40	3742	31.369718	0.652139	30.314315	0.993375	0.250054	0.321588	15	4	0.000000	44	3784	31.732520	0.715373	0.993154	30.165866	0.084683	0.268041	536	30.362738	0.543679	0.989173	27.944385	0.588522	0.282123	-0.712137	-0.018444	-1.754723	-0.117044	True	0.550111	29.622655	0.535138	29.605118	0.649362	0.433531	0.679138	28.998427	0.999463	7277
7278.png	0.498650	0.463846	0.633736	0.504391	0.852297	0.997140	24.194299	0.997454	28.798082	0.337097	0.481077	0.442015	31.394053	0.608480	2215	5	0	3	13	1.761905	0.000000	42	37	185.509668	5.613868	0.000000	-0.042344	-3.782078	-0.001916	0.000123	-0.002108	1693.439245	0.337097	0.337097	5	0	5	3	13	1.761905	0.000000	5	0	42	37	26	5.013775	5.613868	185.509668	0.000000	44626	20.147178	29.587359	256x256	65536	sparse	Otsu	266	5	29	2172	32.020750	0.651228	28.627363	0.997331	0.339205	0.280422	11	1	0.000000	42	2138	32.336684	0.687181	0.997629	29.191152	0.194265	0.323191	4220	32.772199	0.729655	0.998633	31.912128	0.212498	0.352245	0.170719	0.200655	-0.626697	-0.042748	True	0.503699	31.396191	0.608494	28.802287	0.672085	0.297071	0.540995	27.976377	0.999056	7278
7279.png	0.597266	0.189870	0.319145	0.190523	0.982278	0.999491	27.931403	0.993519	29.588277	0.152664	0.311081	0.618665	30.036616	0.552364	3857	19	1	8	44	1.643564	0.052632	101	83	385.291414	4.280938	0.000000	-0.087440	-0.934153	-0.000163	-0.001416	-0.004959	3490.034819	0.152664	0.152664	19	1	18	8	44	1.643564	0.052632	19	1	101	83	49	4.642065	4.280938	385.291414	0.000000	45232	11.727249	16.991444	256x256	65536	sparse	Otsu	496	19	41	3764	31.730538	0.659117	30.922280	0.994935	0.157623	0.364494	6	4	0.000000	50	3836	32.307512	0.727730	0.995431	31.250899	0.275302	0.158567	532	30.820096	0.558572	0.992802	28.965637	0.440102	0.156887	-1.334004	-0.053413	-1.693923	-0.106753	True	0.596842	30.034433	0.552407	29.596082	0.456649	0.282513	0.684706	28.865556	0.999655	7279
7280.png	0.552519	0.448895	0.619638	0.450756	0.990890	0.998389	28.535644	0.993607	28.934909	0.367171	0.344147	0.544546	29.633235	0.525801	3456	11	0	3	25	1.645161	0.000000	62	51	254.965512	5.863492	0.000000	-0.030734	-0.221475	-0.000136	-0.000548	0.015721	3227.052689	0.367171	0.367171	11	0	11	3	25	1.645161	0.000000	11	0	62	51	34	4.999324	5.863492	254.965512	0.000000	45914	13.285301	18.962963	256x256	65536	sparse	Otsu	420	11	34	3312	30.894878	0.627090	29.522782	0.994154	0.351450	0.263403	21	6	0.000000	39	3450	31.317095	0.693217	0.993809	29.211785	0.171555	0.368485	606	30.085352	0.529058	0.990353	27.365674	0.417252	0.384203	-0.587873	0.080744	-1.261643	-0.101289	True	0.553991	29.636813	0.525821	28.937174	0.740760	0.403377	0.583254	28.757119	0.998525	7280
7281.png	0.628223	0.333429	0.500108	0.335072	0.985507	0.999381	28.298850	0.995415	29.574298	0.308223	0.405479	0.398703	30.716444	0.556994	2717	10	0	3	23	1.696970	0.000000	66	56	283.137085	5.195745	0.000000	-0.018210	-0.416551	-0.000154	-0.000121	0.020730	1852.667809	0.308223	0.308223	10	0	10	3	23	1.696970	0.000000	10	0	66	56	40	5.056019	5.195745	283.137085	0.000000	45315	16.678322	24.120721	256x256	65536	sparse	Otsu	310	10	31	2633	31.325997	0.626546	29.689167	0.995536	0.287493	0.351115	8	1	0.400000	39	2594	31.655114	0.673898	0.995582	29.651770	0.237710	0.304197	3404	31.613233	0.668031	0.996210	30.698797	0.210746	0.300376	-0.114869	0.054364	-0.609552	-0.069552	True	0.628040	30.725277	0.557025	29.584509	0.650062	0.259182	0.646434	28.715401	0.999536	7281
7283.png	0.320666	0.347303	0.515553	0.601293	0.451213	0.990483	17.957773	0.998600	29.352686	0.436288	0.193459	0.442732	29.396935	0.590661	1794	12	1	1	24	1.435897	0.083333	39	28	134.396970	3.752536	0.000000	-0.345214	-10.285447	-0.008029	0.000035	0.138911	1202.245712	0.436288	0.436288	12	1	11	1	24	1.435897	0.083333	12	0	39	28	14	4.799892	3.752536	134.396970	0.000000	44546	24.830546	36.530658	256x256	65536	sparse	Frangi	202	12	24	1786	31.825102	0.634932	29.067848	0.998566	0.297377	0.401503	12	7	0.000000	35	1790	32.096623	0.675907	0.998560	28.893102	0.463250	0.294316	5242	33.144211	0.757245	0.999322	32.977452	0.268207	0.296741	0.284838	-0.208044	-2.428168	-0.044271	True	0.321020	29.401018	0.590720	29.356399	0.659043	0.291780	0.665880	28.243219	0.998512	7283
7284.png	0.613990	0.207597	0.343818	0.208145	0.987478	0.999113	26.819487	0.991350	29.151572	0.211538	0.372493	0.489812	29.143134	0.531092	4589	20	3	14	51	1.748148	0.150000	135	118	504.989899	4.411411	0.000000	-0.095905	-1.962539	-0.000439	-0.002031	-0.006352	3672.032356	0.211538	0.211538	20	3	17	14	51	1.748148	0.150000	20	3	135	118	70	4.279575	4.411411	504.989899	0.000000	45705	9.959686	14.281107	256x256	65536	sparse	Otsu	523	20	46	4574	31.483689	0.669182	30.515071	0.993381	0.217891	0.441500	8	5	0.366667	48	4262	31.928638	0.729727	0.993681	30.626261	0.345576	0.221429	472	30.285037	0.536171	0.988814	27.841560	0.428791	0.224290	-1.363499	-0.069007	-2.340554	-0.138091	True	0.606870	29.146884	0.531139	29.154048	0.585217	0.286646	0.709895	28.782027	0.999552	7284
7285.png	0.496134	0.163302	0.280757	0.163426	0.995375	0.999299	27.495417	0.987943	29.360830	0.135539	0.318090	0.521600	28.508334	0.505652	5561	28	1	10	65	1.637584	0.035714	149	122	576.516811	4.663588	0.000000	-0.061284	-1.594905	-0.000274	-0.002959	0.017696	5578.082085	0.135539	0.135539	28	1	27	10	65	1.637584	0.035714	28	1	149	122	74	4.725548	4.663588	576.516811	0.000000	46024	8.276209	11.784931	256x256	65536	sparse	Otsu	706	28	54	5553	31.371067	0.678417	30.760211	0.990902	0.117844	0.208110	15	3	0.000000	54	5532	32.190014	0.767032	0.992460	31.292127	0.159765	0.116879	340	29.388270	0.505963	0.981297	26.470069	0.281076	0.139024	-1.399381	0.109979	-2.862733	-0.172765	True	0.497423	28.514462	0.505717	29.366161	0.513248	0.267710	0.557418	29.090322	0.999573	7285
7286.png	0.726430	0.447100	0.617926	0.483948	0.854484	0.997680	21.818350	0.998762	28.393549	0.504073	0.354121	0.786050	30.520052	0.568447	2224	7	0	0	14	1.650000	0.000000	40	33	171.267027	4.801000	0.000000	-0.070517	-5.277687	-0.001863	0.000102	0.020011	1492.726564	0.504073	0.504073	7	0	7	0	14	1.650000	0.000000	7	0	40	33	26	5.189910	4.801000	171.267027	0.000000	45428	20.426259	29.467626	256x256	65536	sparse	Otsu	235	7	26	2202	31.211857	0.616006	27.984306	0.998660	0.484062	0.526688	5	2	0.000000	33	2076	31.474611	0.653791	0.998509	27.590252	0.530459	0.488372	3982	31.935496	0.691993	0.999326	31.151646	0.522886	0.487261	0.409242	-0.172567	-0.691805	-0.047559	True	0.724749	30.523615	0.568466	28.397715	0.609372	0.478997	0.796947	27.096037	0.999543	7286
7287.png	0.714073	0.428738	0.600164	0.443773	0.926768	0.998131	23.430070	0.998061	28.617088	0.447262	0.501424	0.805271	30.987213	0.592279	2372	5	0	1	11	1.756098	0.000000	41	36	192.195959	5.463030	0.000000	-0.032960	-4.183396	-0.001449	-0.000002	0.008209	1664.041281	0.447262	0.447262	5	0	5	1	11	1.756098	0.000000	5	0	41	36	29	5.338777	5.463030	192.195959	0.000000	45068	19.000000	27.629005	256x256	65536	sparse	Otsu	254	5	29	2321	31.682197	0.640379	28.562529	0.998063	0.439053	0.526688	5	2	0.000000	40	2358	32.033512	0.684561	0.997871	28.409686	0.443292	0.434714	3658	32.189870	0.696411	0.998755	31.165821	0.449618	0.450020	0.054559	-0.025263	-0.694984	-0.048100	True	0.714180	30.988818	0.592308	28.624162	0.564822	0.454835	0.747033	27.613466	0.999579	7287
7288.png	0.447466	0.168690	0.288683	0.171567	0.909587	0.998941	27.368326	0.987722	29.649145	0.121078	0.370733	0.363759	28.863061	0.531829	5608	25	2	17	65	1.722892	0.080000	166	143	626.244733	4.608836	0.000000	-0.114681	-2.225979	-0.000476	-0.003279	-0.014498	5027.124643	0.121078	0.121078	25	2	23	17	65	1.722892	0.080000	25	1	166	143	84	4.379334	4.608836	626.244733	0.000000	45565	8.125000	11.686163	256x256	65536	sparse	Otsu	704	25	56	5559	31.822613	0.693791	31.263117	0.991001	0.135576	0.245105	17	4	0.000000	56	5454	32.517437	0.772905	0.992157	31.649887	0.152227	0.125623	343	29.933519	0.532419	0.980689	26.593506	0.223144	0.130288	-1.613972	0.125628	-2.959552	-0.161961	True	0.449598	28.869402	0.531869	29.649088	0.660404	0.240228	0.562147	29.594305	0.999418	7288
7289.png	0.643945	0.401833	0.573296	0.405405	0.978541	0.999417	28.044063	0.996608	29.234319	0.389915	0.495910	0.578334	31.434289	0.593634	2062	4	0	0	8	1.800000	0.000000	40	36	152.882251	7.120612	0.000000	-0.000452	0.272931	-0.000078	0.000311	-0.008806	1802.452564	0.389915	0.389915	4	0	4	0	8	1.800000	0.000000	4	0	40	36	32	4.246729	7.120612	152.882251	0.000000	44915	21.782250	31.782735	256x256	65536	sparse	Otsu	233	4	26	1945	31.691549	0.627933	28.810095	0.996297	0.398721	0.469181	6	2	0.000000	37	2058	31.954465	0.671515	0.996136	28.672257	0.561765	0.373622	4496	32.525228	0.727221	0.998278	31.908214	0.240228	0.393390	0.424224	0.026729	-0.257259	-0.034300	True	0.642235	31.439980	0.593676	29.243982	0.642993	0.371865	0.644397	27.771133	0.999496	7289
7290.png	0.378303	0.286164	0.444988	0.601985	0.352941	0.992861	17.589533	0.999041	28.379405	0.294090	0.352735	0.804290	28.873962	0.529111	1433	4	0	1	9	1.636364	0.000000	22	18	91.698485	3.903508	0.000000	-0.231326	-9.558604	-0.006152	0.000139	0.039067	1161.360264	0.294090	0.294090	4	0	4	1	9	1.636364	0.000000	4	0	22	18	12	5.094360	3.903508	91.698485	0.000000	45600	31.821354	45.733426	256x256	65536	sparse	Frangi	183	4	14	1373	30.415839	0.554756	27.861063	0.998902	0.255023	0.472708	10	4	0.000000	25	1422	30.928041	0.605667	0.998804	27.592906	0.337676	0.284010								0.518342	-0.119972	-1.541877	-0.025645	True	0.379904	28.873381	0.529098	28.379845	0.509058	0.409430	0.609628	27.148137	0.999012	7290
7291.png	0.582842	0.240216	0.387377	0.242443	0.963171	0.999323	27.352693	0.992816	29.200060	0.224042	0.335021	0.508713	29.689566	0.518725	3798	20	1	9	48	1.675214	0.050000	117	98	445.333044	4.427484	0.000000	-0.040792	-1.099717	-0.000273	-0.000736	0.000167	2571.320772	0.224042	0.224042	20	1	19	9	48	1.675214	0.050000	20	1	117	98	60	4.544215	4.427484	445.333044	0.000000	46045	12.123486	17.255398	256x256	65536	sparse	Otsu	373	20	37	3696	30.880235	0.634044	29.711976	0.993552	0.223875	0.289415	12	5	0.000000	40	3468	31.239494	0.690997	0.993856	29.632160	0.250008	0.223248	540	29.915805	0.519219	0.990265	27.619916	0.383276	0.245882	-0.511915	0.045606	-1.190669	-0.115319	True	0.583770	29.696239	0.518753	29.203543	0.578527	0.294304	0.623634	28.452410	0.999596	7291
7292.png	0.383355	0.248705	0.398340	0.881633	0.257296	0.988429	14.799551	0.999617	27.279654	0.178963	0.309266	0.623455	27.514857	0.537706	1043	2	0	1	5	1.636364	0.000000	11	9	41.627417	4.521277	0.000000						881.242990	0.178963	0.178963	2	0	2	1	5	1.636364	0.000000	2	0	11	9	5	4.625269	4.521277	41.627417	0.000000	45523	43.646213	62.834132	256x256	65536	sparse	Frangi	148	2												21	940	31.016604	0.596386	0.999542	26.626498	0.533668	0.243051												True	0.384987	27.515324	0.537703	27.278771	0.687765	0.428791				7292
7293.png	0.510410	0.165620	0.284176	0.166287	0.976378	0.999068	28.179535	0.986557	29.760231	0.133983	0.312398	0.630621	28.850659	0.522068	6075	33	1	13	78	1.644444	0.030303	180	148	670.913780	4.520062	0.000000	-0.075149	-1.661728	-0.000397	-0.003791	0.011310	6033.506632	0.133983	0.133983	33	1	32	13	78	1.644444	0.030303	33	1	180	148	89	4.533201	4.520062	670.913780	0.000000	45685	7.520165	10.787819	256x256	65536	sparse	Otsu	728	33	59	6003	31.787159	0.697406	31.422122	0.990348	0.122673	0.238907	20	9	0.000000	55	5648	32.459325	0.775759	0.991573	31.755219	0.086096	0.166641	343	29.470641	0.518984	0.977261	26.038635	0.374998	0.167621	-1.661891	0.073491	-2.936499	-0.175338	True	0.509210	28.853520	0.522075	29.758554	0.597476	0.376781	0.585560	29.841263	0.999465	7293
7294.png	0.319191	0.303957	0.466207	0.732659	0.341875	0.990228	14.400263	0.999524	27.373554	0.744681	0.244216	0.575750	27.398743	0.513004	1272	4	0	0	8	1.466667	0.000000	15	11	60.698485	3.968877	0.000000	-0.447849	-9.572256	-0.008424	0.000399	0.461825	982.233047	0.744681	0.744681	4	0	4	0	8	1.466667	0.000000	4	0	15	11	7	5.518044	3.968877	60.698485	0.000000	45967	36.137579	51.522013	256x256	65536	sparse	Frangi	161	4	8	1258	29.802066	0.537511	24.405089	0.999126	0.282856	0.496270	7	4	0.000000	22	1246	30.597074	0.587123	0.999421	26.353021	0.522886	0.296659								2.968465	-0.252053	-2.403323	-0.024507	True	0.320078	27.398651	0.513037	27.374859	0.564822	0.325196	0.767039	23.972518	0.998652	7294
7295.png	0.228798	0.240202	0.387359	0.687500	0.269642	0.988311	15.337499	0.999442	27.813705	0.613251	0.259182	0.346122	28.247309	0.567088	1229	4	0	2	10	1.555556	0.000000	18	14	64.698485	3.993447	0.000000	-0.460741	-8.312074	-0.009615	0.000714	0.366617	947.710276	0.613251	0.613251	4	0	4	2	10	1.555556	0.000000	4	0	18	14	6	4.621320	3.993447	64.698485	0.000000	44872	36.510985	53.324654	256x256	65536	sparse	Frangi	151	4	7	1216	30.904370	0.592719	24.064310	0.998728	0.246634	0.366417	11	1	0.000000	29	1186	31.666394	0.634615	0.999359	26.975979	0.475712	0.239039								3.749394	-0.107235	-2.657061	-0.025630	True	0.228798	28.249356	0.567101	27.811157	0.759492	0.262877	0.689539	23.649573	0.997926	7295
7296.png	0.622653	0.551580	0.710991	0.587591	0.900000	0.998193	26.897258	0.997554	29.219364	0.463622	0.434475	0.499701	31.362970	0.594375	2226	6	0	4	16	1.733333	0.000000	45	39	190.267027	5.542516	0.000000	-0.009692	-1.305377	-0.000825	0.000148	-0.013587	1713.023901	0.463622	0.463622	6	0	6	4	16	1.733333	0.000000	6	0	45	39	25	4.878642	5.542516	190.267027	0.000000	44954	20.194969	29.441150	256x256	65536	sparse	Otsu	232	6	28	2199	31.731703	0.636735	28.798678	0.997407	0.477209	0.375692	9	0	0.750000	39	2186	32.043447	0.676814	0.997094	28.634312	0.365904	0.457729	4150	32.421947	0.717008	0.998423	31.375079	0.334134	0.463090	0.420686	0.058783	-0.368733	-0.042360	True	0.625000	31.368715	0.594427	29.226412	0.620158	0.309893	0.632344	28.202635	0.999017	7296
7297.png	0.689048	0.509333	0.674912	0.522266	0.953638	0.998853	28.088310	0.996890	29.615246	0.463310	0.624689	0.545530	31.417696	0.588594	2226	4	0	2	10	1.829787	0.000000	47	43	217.267027	5.249885	0.000000	-0.008672	-0.508647	-0.000367	0.000145	-0.001282	1766.392946	0.463310	0.463310	4	0	4	2	10	1.829787	0.000000	4	0	47	43	35	5.052722	5.249885	217.267027	0.000000	44875	20.159479	29.441150	256x256	65536	sparse	Otsu	271	4	29	2187	31.729233	0.633153	29.368828	0.996745	0.464591	0.335746	11	4	0.000000	38	2226	31.999706	0.675661	0.996248	29.110179	0.162499	0.466180	4161	32.410064	0.718989	0.997775	31.527041	0.142435	0.467971	0.246418	0.288943	-0.311537	-0.044559	True	0.691906	31.420908	0.588623	29.623386	0.694254	0.378737	0.697720	28.596957	0.999220	7297
7298.png	0.265509	0.194293	0.325370	0.201494	0.844654	0.998167	27.369671	0.987032	29.638281	0.083356	0.315711	0.191223	28.555819	0.519100	6329	32	1	15	78	1.641618	0.031250	173	142	662.156421	4.435514	0.000000	-0.093408	-3.249716	-0.001126	-0.003764	-0.015378	6457.856655	0.083356	0.083356	32	1	31	15	78	1.641618	0.031250	32	1	173	142	80	4.663073	4.435514	662.156421	0.000000	45654	7.213462	10.354874	256x256	65536	sparse	Otsu	833	32	61	6316	31.867110	0.704224	31.506020	0.990796	0.098734	0.109337	38	2	0.406250	58	6318	32.767523	0.791566	0.991959	31.995226	0.084289	0.158735	341	29.696774	0.519402	0.979092	26.898664	0.190573	0.102222	-1.867738	0.206374	-3.311291	-0.185124	True	0.263289	28.565431	0.519151	29.643563	0.653544	0.124973	0.358916	30.619386	0.999293	7298
7299.png	0.381015	0.239540	0.386498	0.884170	0.247300	0.986256	14.685330	0.999551	26.705816	0.146717	0.244216	0.803615	27.224853	0.527311	1116	3	0	0	6	1.538462	0.000000	13	10	46.870058	3.819846	0.000000						835.521936	0.146717	0.146717	3	0	3	0	6	1.538462	0.000000	3	0	13	10	7	4.687006	3.819846	46.870058	0.000000	45638	40.894265	58.724014	256x256	65536	sparse	Frangi	149	3												21	1034	30.858084	0.593827	0.999400	25.584371	0.678899	0.234574												True	0.363812	27.224978	0.527325	26.708528	0.753403	0.605446				7299
7300.png	0.684383	0.481143	0.649691	0.506822	0.904728	0.997118	20.647584	0.997692	28.451579	0.461692	0.453379	0.741675	30.657683	0.600113	2204	5	0	1	11	1.743590	0.000000	39	34	172.509668	5.789866	0.000000	-0.041877	-6.671542	-0.002239	0.000087	0.027962	1841.251850	0.461692	0.461692	5	0	5	1	11	1.743590	0.000000	5	0	39	34	27	5.073814	5.789866	172.509668	0.000000	44878	20.362069	29.735027	256x256	65536	sparse	Otsu	237	5	27	2067	31.779189	0.638461	28.317560	0.997604	0.433730	0.425518	7	2	0.000000	38	2150	32.057057	0.681404	0.997577	28.544988	0.444880	0.431365	4161	32.498752	0.719624	0.998568	31.489079	0.350791	0.439371	0.134019	0.027862	-1.121506	-0.038347	True	0.684211	30.662115	0.600139	28.454613	0.564822	0.418914	0.726261	27.319126	0.999358	7300
7301.png	0.550066	0.192521	0.322880	0.193762	0.967798	0.998967	27.092374	0.990110	29.469180	0.157746	0.312848	0.491165	29.106128	0.528991	5824	25	1	10	59	1.649635	0.040000	137	113	505.060967	4.459638	0.000000	-0.143353	-2.421542	-0.000512	-0.002846	-0.006459	6284.471273	0.157746	0.157746	25	1	24	10	59	1.649635	0.040000	25	1	137	113	68	4.469566	4.459638	505.060967	0.000000	45516	7.815247	11.252747	256x256	65536	sparse	Otsu	838	25	58	5779	31.911597	0.697622	31.223317	0.992956	0.164205	0.197481	18	5	0.000000	56	5428	32.547081	0.772328	0.993913	31.499953	0.051114	0.150316	343	30.090848	0.532640	0.985254	26.967546	0.310252	0.169506	-1.754137	0.115367	-2.805469	-0.168631	True	0.549704	29.109241	0.529011	29.471067	0.585217	0.287438	0.693419	29.513916	0.999479	7301
7302.png	0.365881	0.313983	0.477910	0.538909	0.429316	0.991885	18.106395	0.998743	28.542619	0.464838	0.257699	0.673373	29.533652	0.584431	1839	10	0	3	23	1.555556	0.000000	45	35	156.811183	3.759778	0.000000	-0.327986	-9.973454	-0.006846	-0.000048	0.137301	1489.028454	0.464838	0.464838	10	0	10	3	23	1.555556	0.000000	10	0	45	35	19	4.480320	3.759778	156.811183	0.000000	44678	24.294725	35.636759	256x256	65536	sparse	Frangi	214	10	24	1750	31.795361	0.628778	28.544869	0.998791	0.327538	0.632121	6	10	0.000000	35	1728	32.012261	0.662885	0.998753	28.589818	0.593430	0.338015	5004	32.906289	0.748814	0.999391	32.086265	0.528063	0.314728	-0.002250	-0.374422	-2.261708	-0.044346	True	0.367209	29.536600	0.584487	28.539455	0.720569	0.485212	0.693867	28.079849	0.998731	7302
7303.png	0.668511	0.440858	0.611938	0.455216	0.933229	0.998426	27.666365	0.995007	29.495342	0.419355	0.395891	0.566138	30.696591	0.561099	2757	10	0	5	25	1.718310	0.000000	71	61	279.693434	5.700026	0.000000	-0.019967	-0.998527	-0.000546	-0.000082	0.006427	2043.857574	0.419355	0.419355	10	0	10	5	25	1.718310	0.000000	10	0	71	61	41	4.585138	5.700026	279.693434	0.000000	45395	16.465361	23.770765	256x256	65536	sparse	Otsu	282	10	31	2699	31.284442	0.630287	29.439786	0.995088	0.412928	0.512029	8	6	0.000000	38	2648	31.599653	0.676547	0.994725	29.238599	0.265596	0.406771	3271	31.523044	0.663073	0.996062	30.462023	0.179282	0.400809	0.055556	-0.116139	-0.587851	-0.069188	True	0.666974	30.701454	0.561127	29.502341	0.727468	0.411848	0.688478	28.664892	0.998972	7303
7305.png	0.558841	0.242245	0.390012	0.245469	0.948584	0.998792	27.098126	0.991673	29.298894	0.225244	0.333690	0.478487	29.537159	0.533020	4238	20	3	12	49	1.706897	0.150000	116	99	444.161472	4.574090	0.000000	-0.070181	-2.084641	-0.000661	-0.001811	0.011232	3400.924921	0.225244	0.225244	20	3	17	12	49	1.706897	0.150000	20	3	116	99	55	4.486480	4.574090	444.161472	0.000000	45648	10.771118	15.463898	256x256	65536	sparse	Otsu	466	20	43	4185	31.400818	0.659831	30.606526	0.993484	0.214012	0.416085	10	6	0.250000	46	4160	31.884038	0.726833	0.993939	30.603092	0.281455	0.212998	469	30.197205	0.535503	0.988640	27.649404	0.306959	0.207812	-1.307632	-0.082395	-1.863659	-0.126811	True	0.553329	29.540558	0.533057	29.302961	0.665460	0.318414	0.629022	29.182767	0.999453	7305
7306.png	0.396321	0.310870	0.474296	0.472273	0.476337	0.995251	19.967212	0.998223	28.965980	0.371257	0.211941	0.443863	29.507977	0.535806	1909	11	0	1	23	1.476190	0.000000	42	31	137.811183	4.183790	0.000000	-0.164909	-7.839722	-0.003415	0.000102	0.070256	1282.333374	0.371257	0.371257	11	0	11	1	23	1.476190	0.000000	11	0	42	31	18	4.445522	4.183790	137.811183	0.000000	45562	23.866946	34.330016	256x256	65536	sparse	Frangi	201	11	22	1728	30.897522	0.581220	28.543939	0.998121	0.301002	0.346884	10	4	0.000000	31	1908	31.139434	0.632289	0.998144	28.390890	0.536060	0.296161	4631	31.868293	0.710474	0.998795	31.387752	0.282103	0.296925	0.422041	-0.134943	-1.389545	-0.045414	True	0.394429	29.510635	0.535838	28.980926	0.604656	0.268384	0.561230	27.806934	0.998666	7306
7307.png	0.449055	0.337117	0.504244	0.518626	0.490639	0.993539	19.148684	0.998135	29.004673	0.494944	0.262467	0.855738	29.428491	0.554649	1905	9	0	2	20	1.538462	0.000000	39	30	142.083261	4.527989	0.000000	-0.321696	-8.650784	-0.005456	0.000052	0.153142	1375.241756	0.494944	0.494944	9	0	9	2	20	1.538462	0.000000	9	0	39	30	17	4.736109	4.527989	142.083261	0.000000	45225	23.740157	34.402100	256x256	65536	sparse	Frangi	203	9	22	1742	31.185039	0.598873	28.772202	0.998084	0.341801	0.640605	6	8	0.000000	31	1800	31.399336	0.642268	0.997929	28.567503	0.615829	0.358395	4674	32.186181	0.721780	0.998857	31.492029	0.296230	0.343107	0.232471	-0.378138	-1.756549	-0.044225	True	0.448819	29.432590	0.554685	29.016719	0.758286	0.648894	0.770751	27.799468	0.998995	7307
7308.png	0.619653	0.545100	0.705586	0.552016	0.977534	0.998434	28.034468	0.994946	29.091870	0.464266	0.648308	0.603908	30.928799	0.596052	2837	4	0	3	11	1.843137	0.000000	51	47	236.480231	6.898307	0.000000	-0.028664	-0.701393	-0.000443	-0.000182	0.010002	2519.710541	0.464266	0.464266	4	0	4	3	11	1.843137	0.000000	4	0	51	47	37	5.031494	6.898307	236.480231	0.000000	45006	15.863941	23.100458	256x256	65536	sparse	Otsu	326	4	33	2822	31.795769	0.656058	29.321315	0.995128	0.454264	0.316898	18	10	0.000000	41	2574	32.064752	0.691144	0.994717	28.978964	0.358718	0.449451	3127	32.021805	0.679001	0.996421	31.025624	0.301689	0.461776	-0.229445	0.331410	-0.866970	-0.060006	True	0.618120	30.932253	0.596081	29.103771	0.659043	0.398001	0.648317	28.735860	0.998877	7308
7309.png	0.619430	0.348031	0.516355	0.363337	0.892028	0.999323	27.731314	0.997398	29.231904	0.339499	0.472708	0.571530	31.470669	0.593090	2063	4	0	1	9	1.771429	0.000000	35	31	144.710678	6.813137	0.000000	-0.001783	-0.149119	-0.000195	0.000174	-0.000822	1679.401159	0.339499	0.339499	4	0	4	1	9	1.771429	0.000000	4	0	35	31	25	4.668086	6.813137	144.710678	0.000000	44795	21.713524	31.767329	256x256	65536	sparse	Otsu	250	4	27	2006	31.675079	0.627924	28.760261	0.997224	0.340321	0.298326	7	0	0.625000	37	2062	32.002491	0.672393	0.997167	28.738361	0.347319	0.334429	4418	32.535092	0.725592	0.998493	31.973374	0.296094	0.333744	0.471644	0.174382	-0.204410	-0.034834	True	0.619430	31.476691	0.593132	29.239738	0.576838	0.329680	0.621212	27.880433	0.999518	7309
7310.png	0.430560	0.339984	0.507445	0.883598	0.355925	0.991176	18.541588	0.999283	28.152944	0.381585	0.262139	0.466340	28.532973	0.522488	1480	5	0	1	11	1.523810	0.000000	21	16	79.698485	4.277004	0.000000	-0.277023	-8.615927	-0.006995	0.000246	0.050507	997.793198	0.381585	0.381585	5	0	5	1	11	1.523810	0.000000	5	0	21	16	9	4.981155	4.277004	79.698485	0.000000	45750	30.912162	44.281081	256x256	65536	sparse	Frangi	170	5	16	1462	30.576469	0.563021	26.984164	0.999037	0.331078	0.657481	7	8	0.000000	24	1442	30.757691	0.607794	0.998867	26.744118	0.617107	0.348889								1.168779	-0.395342	-2.043496	-0.040532	True	0.431696	28.535131	0.522509	28.155149	0.809861	0.377671	0.707583	27.157514	0.998171	7310
7311.png	0.552669	0.518236	0.682682	0.547982	0.905185	0.998575	26.716969	0.998077	29.094449	0.386099	0.361460	0.380667	31.664123	0.607551	2042	7	0	3	17	1.658537	0.000000	41	34	168.639610	5.229433	0.000000	0.000920	-1.137108	-0.000699	0.000220	-0.002965	1535.419941	0.386099	0.386099	7	0	7	3	17	1.658537	0.000000	7	0	41	34	21	4.959989	5.229433	168.639610	0.000000	44653	21.867287	32.094025	256x256	65536	sparse	Otsu	227	7	26	1920	31.895725	0.639129	28.547929	0.997857	0.389063	0.246960	11	0	0.714286	39	1908	32.261851	0.677487	0.997939	28.913379	0.220491	0.352466	4675	32.908152	0.744233	0.998961	32.292515	0.256000	0.404837	0.546520	0.114501	-0.231602	-0.031578	True	0.554073	31.667451	0.607580	29.098245	0.676967	0.257699	0.551748	27.854077	0.999274	7311
7312.png	0.619842	0.347076	0.515303	0.368191	0.858202	0.998207	24.372018	0.997580	29.644822	0.304573	0.321094	0.504854	31.360513	0.594128	2405	11	0	1	23	1.620690	0.000000	58	47	225.195959	4.487216	0.000000	-0.079296	-3.945685	-0.001308	-0.000195	-0.007831	1795.072794	0.304573	0.304573	11	0	11	1	23	1.620690	0.000000	11	0	58	47	34	4.791403	4.487216	225.195959	0.000000	44712	18.591268	27.249896	256x256	65536	sparse	Otsu	269	11	31	2374	31.877651	0.643946	29.760771	0.997776	0.312404	0.396925	7	1	0.318182	42	2358	32.264358	0.689747	0.997769	29.795923	0.564822	0.304934	3864	32.472566	0.712091	0.998436	31.863993	0.327238	0.316725	-0.115949	-0.075831	-0.517138	-0.049818	True	0.621598	31.364660	0.594161	29.652148	0.622808	0.314427	0.699138	28.317703	0.999516	7312
7313.png	0.677120	0.434336	0.605627	0.435775	0.992456	0.999367	28.380102	0.996907	29.165145	0.399134	0.322943	0.727364	30.838279	0.569893	1983	6	0	2	14	1.636364	0.000000	33	27	130.053824	6.947119	0.000000	-0.031400	0.689291	0.000109	0.000188	-0.003148	1446.201801	0.399134	0.399134	6	0	6	2	14	1.636364	0.000000	6	0	33	27	17	4.816808	6.947119	130.053824	0.000000	45195	22.791225	33.048916	256x256	65536	sparse	Otsu	203	6	25	1977	31.289436	0.610012	28.812722	0.996720	0.402282	0.363964	8	1	0.333333	33	1876	31.517839	0.646339	0.996410	28.494872	0.568289	0.386824	4833	32.333473	0.730249	0.998227	31.735140	0.358301	0.401178	0.352423	-0.041021	-0.451157	-0.040119	True	0.677603	30.839124	0.569903	29.165839	0.593430	0.431640	0.708520	27.690811	0.999258	7313
7314.png	0.517776	0.208102	0.344511	0.211307	0.932063	0.998264	25.078959	0.991548	29.557274	0.162143	0.308989	0.667788	28.982269	0.529623	5126	25	3	11	59	1.681159	0.120000	138	116	500.374675	4.263648	0.000000	-0.161977	-4.331659	-0.001044	-0.002150	-0.006286	5020.228148	0.162143	0.162143	25	3	22	11	59	1.681159	0.120000	25	3	138	116	68	4.313575	4.263648	500.374675	0.000000	45589	8.893679	12.785018	256x256	65536	sparse	Otsu	678	25	52	5052	31.723820	0.683175	31.004850	0.993698	0.168429	0.501757	6	10	0.000000	53	4826	32.302011	0.752737	0.994309	31.263944	0.338897	0.164287	410	30.122093	0.535865	0.987092	26.734100	0.505891	0.191446	-1.447577	-0.192767	-2.741551	-0.153552	True	0.515817	28.988286	0.529665	29.558476	0.583138	0.389412	0.679754	29.410618	0.999308	7314
7315.png	0.702046	0.527528	0.690695	0.544100	0.945416	0.998846	26.649909	0.997885	28.919500	0.494771	0.458457	0.563401	31.204328	0.582267	2259	6	0	2	14	1.727273	0.000000	44	38	198.296465	5.454061	0.000000	-0.040222	-1.132890	-0.000485	0.000124	-0.004232	1735.879660	0.494771	0.494771	6	0	6	2	14	1.727273	0.000000	6	0	44	38	28	5.218328	5.454061	198.296465	0.000000	45077	19.954405	29.011067	256x256	65536	sparse	Otsu	252	6	27	2127	31.499710	0.625498	28.554077	0.997761	0.499003	0.598280	5	5	0.000000	36	2030	31.694226	0.660876	0.997509	28.295066	0.383961	0.490619	4087	32.166353	0.706545	0.998726	31.141908	0.388598	0.483486	0.365423	-0.139823	-0.295382	-0.043231	True	0.701597	31.205595	0.582278	28.921890	0.691181	0.389412	0.742268	27.782799	0.999331	7315
7316.png	0.531209	0.271884	0.427530	0.275970	0.948354	0.998490	28.488214	0.988689	29.340163	0.221961	0.356523	0.453817	28.876277	0.524938	5181	23	3	15	58	1.726027	0.130435	146	126	557.073160	4.497051	0.000000	-0.135791	-1.380297	-0.000480	-0.002838	-0.023260	5013.373375	0.221961	0.221961	23	3	20	15	58	1.726027	0.130435	23	3	146	126	73	4.421216	4.497051	557.073160	0.000000	45652	8.811426	12.649296	256x256	65536	sparse	Otsu	628	23	52	5177	31.598221	0.680810	31.010636	0.991528	0.245221	0.125730	71	17	0.000000	51	4762	32.112379	0.746041	0.992117	31.089497	0.083379	0.176177	402	30.136835	0.526140	0.982880	27.757546	0.496749	0.290628	-1.670473	0.230793	-2.721944	-0.155871	True	0.531386	28.874979	0.524955	29.338215	0.645129	0.292770	0.667001	29.868511	0.998970	7316
7317.png	0.615122	0.448893	0.619636	0.460896	0.945168	0.998306	25.892855	0.996627	28.577253	0.437870	0.470594	0.705561	30.717223	0.577029	2413	5	0	3	13	1.743590	0.000000	39	34	182.580736	7.169142	0.000000	-0.033877	-1.938773	-0.000966	-0.000113	0.006420	2073.798180	0.437870	0.437870	5	0	5	3	13	1.743590	0.000000	5	0	39	34	23	5.370022	7.169142	182.580736	0.000000	45223	18.741401	27.159552	256x256	65536	sparse	Otsu	261	5	29	2344	31.436196	0.628925	28.786680	0.996740	0.431450	0.366417	11	1	0.000000	37	2406	31.675521	0.676133	0.996496	28.363051	0.475046	0.440212	3870	31.992525	0.696119	0.997988	31.087440	0.389725	0.434610	-0.209427	0.104178	-0.718974	-0.051896	True	0.619021	30.720324	0.577064	28.595621	0.713495	0.503415	0.648999	27.831628	0.999272	7317
7318.png	0.586794	0.373838	0.544224	0.391244	0.893651	0.998087	24.494804	0.996065	29.323217	0.362664	0.401004	0.649354	30.803489	0.569149	2433	8	1	7	22	1.750000	0.125000	56	49	225.580736	5.598158	0.000000	-0.050898	-3.909711	-0.001312	0.000189	0.016797	1969.752550	0.362664	0.362664	8	1	7	7	22	1.750000	0.125000	8	0	56	49	27	4.603688	5.598158	225.580736	0.000000	45226	18.588574	26.936293	256x256	65536	sparse	Otsu	248	8	29	2346	31.443306	0.625302	29.293302	0.995876	0.345867	0.575425	6	4	0.000000	37	2416	31.688404	0.673082	0.995822	29.022543	0.284030	0.324434	3742	31.939290	0.689885	0.997285	31.185666	0.275378	0.344828	0.029915	-0.174421	-0.639818	-0.056153	True	0.585831	30.808080	0.569174	29.344135	0.742053	0.481855	0.637691	28.404515	0.999400	7318
7319.png	0.765589	0.453175	0.623703	0.455818	0.987366	0.999205	27.703295	0.995308	28.681236	0.424339	0.474212	0.687821	30.236502	0.534774	2634	7	0	3	17	1.774194	0.000000	62	55	251.551299	6.119734	0.000000	0.005589	0.356822	0.000059	0.000449	0.014255	2183.836937	0.424339	0.424339	7	0	7	3	17	1.774194	0.000000	7	0	62	55	42	4.573660	6.119734	251.551299	0.000000	45926	17.435839	24.880790	256x256	65536	sparse	Otsu	281	7	27	2445	30.691366	0.598762	28.428943	0.994859	0.410085	0.527633	6	7	0.000000	32	2360	30.958173	0.644204	0.994491	28.158795	0.578527	0.422281	3509	31.134911	0.654545	0.995876	29.784589	0.552166	0.432945	0.252293	-0.053421	-0.454864	-0.063989	True	0.763993	30.240466	0.534770	28.697072	0.673720	0.463399	0.760000	27.346474	0.999146	7319
7320.png	0.541667	0.188230	0.316824	0.188652	0.988245	0.999143	28.945137	0.989263	30.237285	0.140318	0.343479	0.574734	29.700520	0.548034	4760	25	1	16	65	1.673469	0.040000	147	123	571.587878	4.799989	0.000000	-0.094843	-0.796278	-0.000172	-0.002193	0.003962	4019.318819	0.140318	0.140318	25	1	24	16	65	1.673469	0.040000	25	1	147	123	66	4.647056	4.799989	571.587878	0.000000	45270	9.510504	13.768067	256x256	65536	sparse	Otsu	543	25	51	4709	31.903399	0.683071	31.359832	0.991457	0.136356	0.358820	9	8	0.000000	54	4464	32.427894	0.747932	0.991603	31.491710	0.122702	0.139576	409	30.485366	0.549264	0.984060	27.887429	0.400704	0.173203	-1.122547	-0.015341	-2.202879	-0.135037	True	0.540291	29.706301	0.548061	30.242570	0.557361	0.320334	0.636509	29.741414	0.999316	7320
7321.png	0.593511	0.390011	0.561163	0.396492	0.959777	0.999030	27.719916	0.993149	28.540666	0.321132	0.418416	0.342938	29.239012	0.520186	3429	10	2	5	23	1.783784	0.200000	74	66	301.178716	5.462509	0.000000	-0.031104	-0.410936	-0.000179	-0.000534	0.003411	3121.699810	0.321132	0.321132	10	2	8	5	23	1.783784	0.200000	10	2	74	66	46	4.563314	5.462509	301.178716	0.000000	46114	13.448236	19.112278	256x256	65536	sparse	Otsu	399	10	34	3350	30.753655	0.624646	29.167226	0.993683	0.317720	0.245726	20	2	0.500000	38	3368	31.107977	0.684299	0.993402	28.861329	0.345763	0.317343	605	29.933914	0.522417	0.989477	27.109427	0.472708	0.337716	-0.626560	0.172690	-1.514643	-0.104460	True	0.592946	29.243561	0.520205	28.541988	0.689012	0.236289	0.624615	28.130852	0.999209	7321
7322.png	0.338232	0.273674	0.429739	0.888889	0.283368	0.988793	15.759124	0.999334	27.712778	0.160901	0.273851	0.714014	27.442441	0.499822	1149	3	0	0	6	1.538462	0.000000	13	10	52.870058	4.510844	0.000000	-0.294121	-5.346618	-0.005850	0.001682	-0.079343	1036.688089	0.160901	0.160901	3	0	3	0	6	1.538462	0.000000	3	0	13	10	7	5.287006	4.510844	52.870058	0.000000	45955	39.995648	57.037424	256x256	65536	sparse	Frangi	156	3	3	1142	27.099859	0.510118	22.054993	0.997653	0.240243	0.696387	5	2	0.000000	19	1072	30.394122	0.568301	0.999117	26.591551	0.692721	0.230256								5.657785	-0.422536	0.342582	-0.010295	True	0.338547	27.443815	0.499829	27.707110	0.723349	0.516482	0.632353	21.105742	0.994643	7322
7323.png	0.542725	0.339763	0.507198	0.343947	0.965430	0.999039	27.312153	0.995369	29.877574	0.230564	0.348406	0.344402	30.923015	0.584870	2731	12	0	4	28	1.641791	0.000000	67	55	281.865007	4.775729	0.000000	-0.026530	-1.892872	-0.000423	-0.000438	0.002856	1994.302511	0.230564	0.230564	12	0	12	4	28	1.641791	0.000000	12	0	67	55	35	5.124818	4.775729	281.865007	0.000000	44755	16.387770	23.997071	256x256	65536	sparse	Otsu	291	12	34	2713	31.930872	0.652035	30.529987	0.995807	0.227708	0.248737	10	1	0.416667	41	2438	32.161683	0.688503	0.995729	30.176191	0.267368	0.223684	3274	32.140848	0.684053	0.996503	31.480709	0.237314	0.229734	-0.652413	0.099668	-1.007857	-0.067165	True	0.545804	30.926140	0.584882	29.890750	0.626561	0.215789	0.569255	29.205025	0.999462	7323
7324.png	0.632051	0.390831	0.562011	0.396251	0.966187	0.999126	27.725033	0.994277	29.080944	0.367740	0.413745	0.423839	30.159578	0.537370	2919	10	0	5	25	1.705882	0.000000	68	58	302.977705	5.535452	0.000000	-0.028175	-0.672814	-0.000239	-0.000061	-0.009016	2082.710505	0.367740	0.367740	10	0	10	5	25	1.705882	0.000000	10	0	68	58	38	5.223754	5.535452	302.977705	0.000000	45795	15.688592	22.451524	256x256	65536	sparse	Otsu	296	10	31	2913	30.904356	0.619323	29.213419	0.994338	0.376756	0.479258	8	1	0.400000	36	2910	31.216444	0.674844	0.994351	28.918549	0.182481	0.370795	3127	31.090731	0.639348	0.994903	29.774370	0.297950	0.367451	-0.132476	-0.065513	-0.744778	-0.081953	True	0.629551	30.163570	0.537425	29.084372	0.745893	0.316139	0.660225	28.397847	0.999365	7324
7325.png	0.530185	0.385840	0.556832	0.393067	0.954515	0.998524	28.393287	0.994803	29.933843	0.272578	0.312975	0.607036	30.834484	0.572749	2642	13	0	2	28	1.606061	0.000000	66	53	267.865007	5.159771	0.000000	-0.035197	-0.617719	-0.000298	-0.000220	-0.006595	1986.593008	0.272578	0.272578	13	0	13	2	28	1.606061	0.000000	13	0	66	53	36	5.054057	5.159771	267.865007	0.000000	45040	17.047691	24.805450	256x256	65536	sparse	Otsu	282	13	32	2554	31.631794	0.635234	30.127158	0.995023	0.279174	0.250667	14	3	0.000000	42	2498	31.970918	0.680933	0.994912	30.202444	0.275664	0.262483	3538	31.985425	0.686807	0.996128	31.550863	0.208569	0.254459	-0.193315	0.062308	-0.797310	-0.062484	True	0.533812	30.838409	0.572812	29.940072	0.651808	0.395671	0.565382	29.011005	0.998822	7325
7326.png	0.574292	0.483257	0.651616	0.500000	0.935199	0.998383	25.885390	0.997602	29.029538	0.349980	0.375890	0.674028	31.249065	0.591149	2258	7	1	2	14	1.755102	0.142857	49	43	184.267027	5.262811	0.000000	-0.020996	-2.320705	-0.000764	0.000002	-0.000931	1815.101624	0.349980	0.349980	7	1	6	2	14	1.755102	0.142857	7	1	49	43	33	4.285280	5.262811	184.267027	0.000000	45006	19.931798	29.023915	256x256	65536	sparse	Otsu	241	7	29	2235	31.705534	0.634512	29.036086	0.997599	0.350911	0.497420	5	2	0.357143	39	2220	32.008750	0.677657	0.997418	28.851889	0.483149	0.352599	4179	32.406632	0.716764	0.998547	31.498322	0.320683	0.348991	-0.006548	-0.121530	-0.456469	-0.043363	True	0.575485	31.252373	0.591176	29.035678	0.613259	0.413354	0.595288	28.206095	0.999147	7326
7327.png	0.622517	0.220515	0.361348	0.220515	1.000000	0.999736	28.026947	0.994351	29.227542	0.232738	0.330637	0.804518	29.734398	0.526807	3490	14	0	5	33	1.645570	0.000000	79	65	294.338095	5.666587	0.000000	-0.061792	-0.035352	-0.000003	-0.000536	0.003798	3363.160133	0.232738	0.232738	14	0	14	5	33	1.645570	0.000000	14	0	79	65	41	4.528278	5.666587	294.338095	0.000000	45833	13.132665	18.778223	256x256	65536	sparse	Otsu	423	14	35	3362	31.026132	0.630149	29.752930	0.994887	0.228940	0.386498	7	4	0.000000	40	3426	31.456703	0.692853	0.994656	29.675398	0.255130	0.209118	605	30.221393	0.531688	0.992639	27.924910	0.448437	0.248762	-0.525388	-0.055861	-1.291734	-0.103341	True	0.624378	29.742294	0.526819	29.233946	0.527633	0.424491	0.684308	28.062299	0.999739	7327
7328.png	0.674694	0.494014	0.661324	0.502781	0.965903	0.998510	27.853650	0.994625	28.951576	0.489421	0.449618	0.984528	29.870688	0.532638	3459	7	0	0	14	1.730769	0.000000	52	45	233.066017	6.107012	0.000000	-0.061585	-0.787577	-0.000335	-0.000149	-0.014801	3570.188761	0.489421	0.489421	7	0	7	0	14	1.730769	0.000000	7	0	52	45	38	5.179245	6.107012	233.066017	0.000000	45834	13.250650	18.946516	256x256	65536	sparse	Otsu	467	7	35	3386	31.006612	0.634606	29.159210	0.994774	0.504222	0.591619	9	16	0.000000	40	3412	31.389840	0.696244	0.994039	28.722843	0.158914	0.500912	600	30.105140	0.534366	0.990865	26.956229	0.653544	0.532420	-0.207633	-0.142001	-1.135924	-0.101968	True	0.675367	29.873300	0.532690	28.956647	0.748421	0.736842	0.736278	28.641227	0.998845	7328
7329.png	0.577360	0.324693	0.490216	0.326517	0.983085	0.998941	27.369572	0.992447	29.328971	0.325947	0.316993	0.625230	29.604532	0.531539	3643	16	0	3	36	1.636364	0.000000	88	72	329.007143	5.638960	0.000000	-0.062837	-1.461169	-0.000447	-0.000554	-0.012846	3844.191074	0.325947	0.325947	16	0	16	3	36	1.636364	0.000000	16	0	88	72	49	4.569544	5.638960	329.007143	0.000000	45717	12.549273	17.989569	256x256	65536	sparse	Otsu	446	16	37	3573	31.135140	0.639837	29.821559	0.993001	0.338793	0.299380	19	12	0.000000	40	3574	31.519481	0.700291	0.992661	29.630995	0.113080	0.350011	538	30.282402	0.534685	0.989538	28.025089	0.648308	0.352796	-0.492588	0.017613	-1.530608	-0.108298	True	0.578717	29.611699	0.531611	29.349639	0.713495	0.446099	0.640197	28.830742	0.999388	7329
7330.png	0.660681	0.448276	0.619048	0.475196	0.887805	0.997629	23.584001	0.997565	28.323827	0.465125	0.495405	0.609979	30.680076	0.572411	2334	5	0	2	12	1.756098	0.000000	41	36	190.438600	5.930418	0.000000	-0.032388	-3.501027	-0.001623	0.000295	0.015016	1755.387068	0.465125	0.465125	5	0	5	2	12	1.756098	0.000000	5	0	41	36	27	5.289961	5.930418	190.438600	0.000000	45471	19.482005	28.078835	256x256	65536	sparse	Otsu	246	5	27	2254	31.229522	0.620728	27.962792	0.997271	0.450109	0.487560	7	2	0.000000	35	2190	31.550569	0.664011	0.997164	27.985244	0.381217	0.440277	3977	31.918855	0.695236	0.998617	31.083015	0.327762	0.458879	0.361036	0.007846	-0.549446	-0.048317	True	0.663190	30.684695	0.572436	28.333411	0.691181	0.421606	0.693069	27.085028	0.999252	7330
7331.png	0.636750	0.489165	0.656966	0.498011	0.964961	0.998696	25.928772	0.997513	28.686075	0.451114	0.527633	0.558031	31.233276	0.600185	2185	4	0	4	12	1.771429	0.000000	35	31	170.024387	6.994882	0.000000	-0.016003	-1.602946	-0.000634	0.000096	-0.011336	1636.392832	0.451114	0.451114	4	0	4	4	12	1.771429	0.000000	4	0	35	31	19	5.484658	6.994882	170.024387	0.000000	44825	20.514874	29.993593	256x256	65536	sparse	Otsu	216	4	27	2024	31.764425	0.637287	28.415512	0.997418	0.462451	0.458973	7	1	0.125000	39	2150	32.069665	0.681353	0.997449	28.683943	0.475337	0.438893	4155	32.503698	0.719983	0.998676	31.688965	0.352735	0.449390	0.270563	0.068661	-0.531149	-0.037102	True	0.633333	31.239014	0.600225	28.703051	0.691181	0.385701	0.652753	27.531719	0.999329	7331
7332.png	0.613058	0.622162	0.767078	0.639053	0.959248	0.997857	27.420854	0.997101	28.811278	0.490853	0.530459	0.814159	30.946720	0.577479	2506	5	0	3	13	1.782609	0.000000	46	41	212.994949	5.975345	0.000000	-0.008102	-0.563835	-0.000417	0.000373	0.005931	1884.831905	0.490853	0.490853	5	0	5	3	13	1.782609	0.000000	5	0	46	41	30	5.194999	5.975345	212.994949	0.000000	45319	18.084198	26.151636	256x256	65536	sparse	Otsu	255	5	29	2429	31.386846	0.630794	28.515973	0.996728	0.484922	0.460979	10	6	0.000000	37	2474	31.665353	0.677018	0.996541	28.349671	0.581647	0.506228	3776	31.901717	0.688985	0.997870	30.882829	0.681093	0.483904	0.295305	0.069481	-0.440125	-0.053316	True	0.612470	30.950951	0.577504	28.819625	0.623185	0.507372	0.621160	27.984690	0.998274	7332
7333.png	0.375418	0.217521	0.357318	0.378720	0.338206	0.990972	16.280709	0.998307	29.359043	0.227951	0.300577	0.951850	28.351714	0.523995	1813	8	2	7	22	1.764706	0.250000	51	45	150.154329	3.332597	0.000000	-0.300078	-11.298166	-0.007964	0.000142	0.065202	1302.549839	0.227951	0.227951	8	2	6	7	22	1.764706	0.250000	8	3	51	45	22	3.336763	3.332597	150.154329	0.000000	45542	25.119691	36.147821	256x256	65536	sparse	Frangi	210	8	22	1757	30.885709	0.583196	29.069354	0.998165	0.162749	0.374998	10	4	0.708333	29	1750	31.082502	0.624975	0.998174	28.932166	0.441699	0.155804	5064	32.010173	0.725481	0.998697	31.125492	0.330637	0.158977	0.289689	-0.074420	-2.533995	-0.059201	True	0.376499	28.349474	0.523987	29.353819	0.578527	0.550671	0.675497	27.578875	0.998936	7333
7334.png	0.557480	0.294018	0.454427	0.297544	0.961255	0.997623	25.507951	0.990236	29.724850	0.242984	0.316139	0.732326	29.389997	0.537120	4652	22	2	11	55	1.663866	0.090909	119	99	445.534055	4.890076	0.000000	-0.085936	-4.257766	-0.001307	-0.002011	0.006949	4985.249996	0.242984	0.242984	22	2	20	11	55	1.663866	0.090909	22	1	119	99	53	4.500344	4.890076	445.534055	0.000000	45459	9.771926	14.087704	256x256	65536	sparse	Otsu	587	22	48	4608	31.679897	0.674445	30.940698	0.992247	0.236035	0.318698	16	11	0.000000	51	4526	32.244239	0.742787	0.992683	31.127005	0.054805	0.235165	469	30.424394	0.543101	0.986058	28.489000	0.361460	0.234612	-1.215848	-0.002560	-2.289901	-0.137325	True	0.557267	29.387022	0.537117	29.718630	0.673720	0.493383	0.643415	29.765717	0.998931	7334
7335.png	0.711126	0.484227	0.652497	0.512307	0.898317	0.997989	25.166822	0.997574	29.441942	0.487339	0.449356	0.674082	31.367296	0.597605	2211	6	1	4	14	1.818182	0.166667	55	50	201.338095	5.027110	0.000000	-0.061661	-3.307599	-0.001329	0.000089	-0.003030	1622.983456	0.487339	0.487339	6	1	5	4	14	1.818182	0.166667	6	1	55	50	37	4.026762	5.027110	201.338095	0.000000	44695	20.214835	29.640886	256x256	65536	sparse	Otsu	243	6	28	2200	31.804231	0.639134	29.226988	0.997484	0.490369	0.514636	7	3	0.000000	40	2166	32.166485	0.680679	0.997453	29.096712	0.342953	0.486465	4067	32.486061	0.718399	0.998464	31.678278	0.255807	0.478766	0.214954	-0.065281	-0.436936	-0.041530	True	0.713423	31.372185	0.597621	29.448047	0.612485	0.412865	0.772787	28.474421	0.999318	7335
7336.png	0.475874	0.143742	0.251354	0.144023	0.986634	0.999533	26.951347	0.990389	29.487771	0.130383	0.337146	0.465052	28.989080	0.518234	5013	25	2	20	67	1.705128	0.080000	156	133	552.717821	4.367360	0.000000	-0.097581	-2.475105	-0.000229	-0.002229	0.002305	4425.736189	0.130383	0.130383	25	2	23	20	67	1.705128	0.080000	25	2	156	133	69	4.155773	4.367360	552.717821	0.000000	45738	9.123878	13.073210	256x256	65536	sparse	Otsu	592	25	51	4984	31.488806	0.673277	30.946750	0.992618	0.128078	0.188257	14	1	0.530000	50	4724	32.061633	0.742260	0.993419	31.111334	0.175007	0.120397	403	30.109443	0.523205	0.986685	27.813804	0.304645	0.136669	-1.458979	0.148889	-2.499725	-0.155043	True	0.472984	28.993059	0.518282	29.490408	0.539296	0.250801	0.573455	29.426452	0.999762	7336
7337.png	0.719014	0.403263	0.574751	0.412466	0.947574	0.998968	28.105181	0.996474	30.278311	0.383395	0.340560	0.731528	31.478203	0.589741	2384	11	0	4	26	1.650794	0.000000	63	52	242.438600	4.779964	0.000000	-0.046033	-0.836971	-0.000202	0.000172	0.012082	1935.874462	0.383395	0.383395	11	0	11	4	26	1.650794	0.000000	11	0	63	52	33	4.662281	4.779964	242.438600	0.000000	44742	18.767617	27.489933	256x256	65536	sparse	Otsu	270	11	31	2374	31.850159	0.640800	30.159714	0.996301	0.371314	0.462056	7	4	0.000000	41	2378	32.187778	0.686489	0.996292	30.060737	0.131664	0.357427	3944	32.423903	0.714166	0.997582	31.828784	0.041843	0.374883	0.118597	-0.121496	-0.371955	-0.051059	True	0.717697	31.482646	0.589777	30.279519	0.550671	0.402831	0.765047	28.942152	0.999170	7337
7339.png	0.697497	0.428317	0.599750	0.431084	0.985234	0.999423	27.641822	0.997403	28.763536	0.433476	0.607414	0.855732	31.191265	0.590258	2410	4	0	3	11	1.836735	0.000000	49	45	208.681241	5.835997	0.000000	-0.002434	-0.279023	-0.000118	0.000064	-0.003351	1721.293449	0.433476	0.433476	4	0	4	3	11	1.836735	0.000000	4	0	49	45	35	4.637361	5.835997	208.681241	0.000000	45061	18.697510	27.193361	256x256	65536	sparse	Otsu	260	4	29	2321	31.636474	0.635376	28.698856	0.997339	0.436827	0.433666	7	2	0.000000	41	2380	31.993357	0.684224	0.997448	28.688883	0.409922	0.426829	3624	32.113290	0.694041	0.998436	31.223057	0.372493	0.426829	0.064680	0.173748	-0.445209	-0.045119	True	0.697497	31.195472	0.590268	28.775926	0.548870	0.469686	0.699930	27.920845	0.999541	7339
7340.png	0.457746	0.470144	0.639589	0.485179	0.938160	0.998742	27.947680	0.995263	29.785179	0.283663	0.440102	0.253767	31.454248	0.588987	2126	5	0	4	14	1.736842	0.000000	38	33	161.539105	6.298540	0.000000	0.067855	-0.898231	-0.000442	0.000491	0.058169	2066.802502	0.283663	0.283663	5	0	5	4	14	1.736842	0.000000	5	0	38	33	20	4.895124	6.298540	161.539105	0.000000	44659	21.006115	30.825964	256x256	65536	sparse	Otsu	246	5	28	2109	31.761343	0.629917	29.475473	0.994772	0.225494	0.149073	14	0	0.100000	39	2074	32.081007	0.670366	0.994390	29.443525	0.218078	0.212098	4279	32.503625	0.721852	0.996842	31.665933	0.116299	0.268009	0.309707	0.291029	-0.307095	-0.040929	True	0.456598	31.457288	0.589003	29.782818	0.630277	0.159943	0.389892	28.845911	0.999184	7340
7341.png	0.571973	0.422104	0.593633	0.427800	0.969419	0.999352	28.774340	0.997517	29.959096	0.299326	0.303718	0.301389	31.858620	0.607358	2101	10	0	5	25	1.655172	0.000000	58	48	198.338095	4.702473	0.000000	-0.014693	-0.044914	-0.000125	0.000003	-0.008816	1839.837313	0.299326	0.299326	10	0	10	5	25	1.655172	0.000000	10	0	58	48	28	4.132044	4.702473	198.338095	0.000000	44390	21.128034	31.192765	256x256	65536	sparse	Otsu	238	10	30	2084	32.185773	0.646732	29.812874	0.997514	0.308142	0.255468	8	3	0.000000	43	2040	32.457867	0.681108	0.997405	29.955926	0.269690	0.265857	4392	32.917116	0.737931	0.998565	32.394009	0.175470	0.299191	0.146221	0.048249	-0.327153	-0.039374	True	0.572927	31.863165	0.607401	29.963724	0.534666	0.161142	0.586667	28.819253	0.999477	7341
7342.png	0.663122	0.455147	0.625568	0.458309	0.985065	0.999001	28.249917	0.994930	29.541647	0.503982	0.559568	0.777080	31.529479	0.609152	2420	4	0	1	9	1.804878	0.000000	41	37	191.480231	7.453832	0.000000	-0.020904	-0.497577	-0.000196	0.000243	-0.000494	2408.711672	0.503982	0.503982	4	0	4	1	9	1.804878	0.000000	4	0	41	37	31	5.175141	7.453832	191.480231	0.000000	44647	18.449174	27.080992	256x256	65536	sparse	Otsu	282	4	31	2394	31.988169	0.654942	29.527319	0.994687	0.504476	0.582840	7	9	0.000000	41	2110	32.226240	0.684114	0.994294	29.214583	0.551953	0.491329	3908	32.546154	0.716251	0.996943	31.740769	0.400171	0.469300	0.014328	-0.023272	-0.458690	-0.045791	True	0.662476	31.532577	0.609188	29.556203	0.736842	0.572585	0.684026	28.747494	0.999197	7342
7343.png	0.675987	0.426923	0.598383	0.440342	0.933376	0.998082	23.142923	0.996073	28.529782	0.455762	0.596670	0.629792	29.906281	0.536351	2696	5	2	4	14	1.900000	0.400000	60	57	253.965512	6.067333	0.000000	-0.030185	-4.270895	-0.001360	0.000333	0.006075	2263.255835	0.455762	0.455762	5	2	3	4	14	1.900000	0.400000	5	2	60	57	42	4.455535	6.067333	253.965512	0.000000	45983	17.056009	24.308605	256x256	65536	sparse	Otsu	284	5	27	2513	30.664539	0.603201	28.207387	0.995740	0.449686	0.418545	9	1	0.350000	32	2616	30.966708	0.656397	0.995247	27.806984	0.513248	0.430875	3535	31.129538	0.658106	0.997126	30.193846	0.410413	0.450776	0.322395	0.178125	-0.758257	-0.066850	True	0.676712	29.910002	0.536385	28.539339	0.731526	0.460709	0.706171	27.413817	0.999442	7343
7344.png	0.529533	0.316514	0.480836	0.323034	0.940054	0.998976	26.462233	0.994379	29.611800	0.335595	0.470594	0.607418	31.217796	0.587365	2262	5	0	3	13	1.772727	0.000000	44	39	182.580736	6.751276	0.000000	-0.018626	-2.032408	-0.000518	0.000142	0.004435	1951.554537	0.335595	0.335595	5	0	5	3	13	1.772727	0.000000	5	0	44	39	28	4.681557	6.751276	182.580736	0.000000	44906	19.852343	28.972591	256x256	65536	sparse	Otsu	233	5	29	2209	31.717715	0.633530	29.541937	0.994237	0.331161	0.345140	12	2	0.000000	39	2260	32.012319	0.676039	0.993684	29.451897	0.370293	0.313683	3852	32.272674	0.705141	0.995851	31.524197	0.356954	0.318027	0.069862	0.125454	-0.499919	-0.046165	True	0.530345	31.219703	0.587360	29.618354	0.691181	0.419836	0.548159	28.494641	0.999494	7344
7345.png	0.565760	0.256470	0.408239	0.258615	0.968672	0.999411	27.222100	0.996641	29.827627	0.189873	0.316139	0.452213	30.966830	0.572128	2611	13	1	5	30	1.671233	0.076923	73	61	263.823376	4.634990	0.000000	-0.002890	-1.073424	-0.000238	-0.000143	0.002936	1821.325064	0.189873	0.189873	13	1	12	5	30	1.671233	0.076923	13	0	73	61	38	4.324973	4.634990	263.823376	0.000000	44971	17.223669	25.099962	256x256	65536	sparse	Otsu	277	13	32	2584	31.680218	0.637306	30.098892	0.996784	0.186938	0.316139	7	0	0.769231	41	2402	31.958226	0.675586	0.996843	30.067823	0.235092	0.176235	3571	32.049989	0.687462	0.997542	31.496850	0.275463	0.191000	-0.271265	0.000000	-0.713388	-0.065178	True	0.565909	30.967408	0.572116	29.825879	0.529989	0.239668	0.568650	28.295524	0.999649	7345
7346.png	0.488194	0.180853	0.306309	0.183724	0.920463	0.998332	24.845902	0.987888	29.482806	0.140618	0.377244	0.342352	28.644653	0.530893	5715	25	2	19	68	1.729412	0.080000	170	147	634.516811	4.557791	0.000000	-0.139481	-4.718709	-0.001168	-0.003616	-0.001824	5352.923870	0.140618	0.140618	25	2	23	19	68	1.729412	0.080000	25	3	170	147	83	4.316441	4.557791	634.516811	0.000000	45551	7.970429	11.467367	256x256	65536	sparse	Otsu	746	25	57	5646	31.856058	0.695544	31.335242	0.991504	0.142442	0.211121	21	4	0.753333	56	5702	32.639228	0.778308	0.992466	31.678696	0.145230	0.132611	339	29.875815	0.530690	0.980642	26.606784	0.316139	0.150647	-1.852436	0.166122	-3.211406	-0.164651	True	0.479092	28.655782	0.530955	29.487182	0.703290	0.240773	0.627675	29.564611	0.999500	7346
7347.png	0.706817	0.395940	0.567274	0.398278	0.985393	0.999162	28.536376	0.993705	29.389367	0.373448	0.375566	0.804006	30.089288	0.552875	3414	11	1	4	25	1.714286	0.090909	70	60	287.350288	5.705247	0.000000	-0.074109	-0.410340	-0.000156	-0.000544	-0.024243	3422.914267	0.373448	0.373448	11	1	10	4	25	1.714286	0.090909	11	0	70	60	41	4.789171	5.705247	287.350288	0.000000	45405	13.299649	19.196251	256x256	65536	sparse	Otsu	420	11	37	3408	31.414181	0.649260	29.876598	0.994249	0.397691	0.455561	10	4	0.000000	41	3320	31.689763	0.701135	0.993509	29.375393	0.129973	0.405924	605	30.534520	0.555113	0.990801	27.666068	0.601481	0.404809	-0.487231	-0.079996	-1.324894	-0.096384	True	0.705069	30.093175	0.552877	29.391920	0.635052	0.510585	0.780926	28.946716	0.999318	7347
7348.png	0.693852	0.384100	0.555018	0.386124	0.986537	0.999232	27.310094	0.995592	28.671549	0.357285	0.336350	0.671170	29.399684	0.531282	2902	12	0	4	28	1.666667	0.000000	72	60	268.379726	5.320373	0.000000	-0.052958	-0.471819	-0.000172	-0.000226	-0.011536	2000.260353	0.357285	0.357285	12	0	12	4	28	1.666667	0.000000	12	0	72	60	40	4.472995	5.320373	268.379726	0.000000	45920	15.823570	22.583046	256x256	65536	sparse	Otsu	286	12	30	2831	30.820538	0.613295	28.857184	0.995818	0.368821	0.393469	8	3	0.000000	34	2654	31.094310	0.660224	0.995389	28.451980	0.415793	0.366852	2985	30.993354	0.628027	0.996305	29.935210	0.521293	0.370360	-0.185635	-0.057120	-1.420854	-0.082013	True	0.691922	29.404369	0.531307	28.676820	0.559568	0.375566	0.746810	27.781913	0.999404	7348
7349.png	0.567179	0.447788	0.618582	0.476759	0.880510	0.997471	24.671618	0.995044	28.890772	0.459543	0.349491	0.433589	30.475468	0.570350	2788	8	0	6	22	1.686275	0.000000	51	43	188.024387	6.786587	0.000000	-0.062233	-3.781540	-0.001639	-0.000124	0.006764	2692.345142	0.459543	0.459543	8	0	8	6	22	1.686275	0.000000	8	0	51	43	23	4.372660	6.786587	188.024387	0.000000	45242	16.227403	23.506456	256x256	65536	sparse	Otsu	340	8	32	2713	31.485898	0.638932	29.136579	0.995167	0.452779	0.343829	15	9	0.000000	40	2598	31.783554	0.681495	0.994743	28.981485	0.298326	0.481403	3057	31.693291	0.662598	0.996799	30.839293	0.239668	0.459927	-0.245807	0.005662	-1.010429	-0.068582	True	0.567179	30.477441	0.570367	28.897077	0.687765	0.298208	0.629412	28.453158	0.999109	7349
7350.png	0.551295	0.328252	0.494261	0.332338	0.963899	0.998534	23.689426	0.993497	28.749501	0.384486	0.368716	0.838705	29.640612	0.523497	3329	11	0	3	25	1.656250	0.000000	64	53	280.936075	5.894067	0.000000	-0.058302	-4.235491	-0.000985	-0.000174	0.008777	3289.655209	0.384486	0.384486	11	0	11	3	25	1.656250	0.000000	11	0	64	53	36	5.300681	5.894067	280.936075	0.000000	46000	13.817963	19.686392	256x256	65536	sparse	Otsu	390	11	33	3270	30.790875	0.623742	28.996992	0.993671	0.375708	0.410413	12	4	0.000000	36	3098	31.072641	0.672685	0.992768	28.525694	0.331739	0.343835	601	30.027613	0.527245	0.990738	27.343868	0.536060	0.374877	-0.247490	-0.041697	-1.150263	-0.100245	True	0.550422	29.645696	0.523533	28.753537	0.574007	0.481423	0.609597	27.924917	0.999520	7350
7351.png	0.552571	0.147054	0.256403	0.147737	0.969532	0.999579	27.585562	0.990358	29.405343	0.146553	0.355427	0.433495	28.643855	0.510222	5112	24	1	14	61	1.693333	0.041667	150	127	567.788889	4.564855	0.000000	-0.124037	-1.251164	-0.000177	-0.002260	0.001590	4477.666378	0.146553	0.146553	24	1	23	14	61	1.693333	0.041667	24	1	150	127	75	4.470779	4.564855	567.788889	0.000000	45962	8.991002	12.820031	256x256	65536	sparse	Otsu	618	24	50	5066	31.334305	0.670470	30.806066	0.992618	0.144964	0.278195	10	3	0.000000	50	5080	32.013061	0.751203	0.993236	31.026561	0.219147	0.143401	408	29.787722	0.516217	0.985956	26.924410	0.410217	0.178932	-1.400723	0.077232	-2.690451	-0.160247	True	0.551724	28.644885	0.510235	29.404278	0.555142	0.240651	0.676608	28.836726	0.999756	7351
7352.png	0.712166	0.520423	0.684576	0.534153	0.952934	0.998679	28.107347	0.995830	29.819965	0.476242	0.511297	0.990075	31.543196	0.595600	2207	5	0	4	14	1.795918	0.000000	49	44	203.823376	6.410525	0.000000	-0.002629	-0.620129	-0.000309	0.000360	0.002822	1910.579443	0.476242	0.476242	5	0	5	4	14	1.795918	0.000000	5	0	49	44	31	4.632349	6.410525	203.823376	0.000000	44709	20.257816	29.694608	256x256	65536	sparse	Otsu	243	5	28	2143	31.781406	0.635379	29.473561	0.995470	0.473420	0.538528	6	4	0.000000	41	2134	32.122841	0.677423	0.995112	29.252565	0.493383	0.473891	4004	32.444155	0.714803	0.997208	31.883053	0.279637	0.464452	0.346405	-0.027231	-0.238210	-0.039779	True	0.713183	31.546213	0.595623	29.826413	0.586873	0.581048	0.714795	28.727476	0.998988	7352
7353.png	0.607670	0.446578	0.617427	0.456582	0.953233	0.998878	27.358009	0.995558	29.192179	0.411668	0.488291	0.388568	30.649189	0.560279	2549	6	0	3	15	1.760000	0.000000	50	44	224.823376	6.597847	0.000000	0.000170	-0.772268	-0.000362	0.000436	0.006210	1951.740265	0.411668	0.411668	6	0	6	3	15	1.760000	0.000000	6	0	50	44	32	5.109622	6.597847	224.823376	0.000000	45563	17.874853	25.710475	256x256	65536	sparse	Otsu	261	6	28	2479	31.107356	0.619700	28.972908	0.995123	0.405458	0.292404	17	7	0.000000	33	2530	31.313260	0.666324	0.994256	28.446814	0.458457	0.402372	3523	31.475185	0.670026	0.996410	30.358609	0.212161	0.413641	0.219271	0.195887	-0.458167	-0.059421	True	0.605599	30.652148	0.560295	29.198996	0.704770	0.273851	0.607500	28.130277	0.999240	7353
7354.png	0.600229	0.537262	0.698985	0.554703	0.944710	0.997254	27.019738	0.993927	28.723313	0.415752	0.295312	0.854187	29.433138	0.527160	3375	14	0	2	30	1.594203	0.000000	69	55	267.865007	5.417606	0.000000	-0.081967	-1.768192	-0.000916	-0.000622	-0.012927	2894.380569	0.415752	0.415752	14	0	14	2	30	1.594203	0.000000	14	0	69	55	37	4.870273	5.417606	267.865007	0.000000	45823	13.577185	19.418074	256x256	65536	sparse	Otsu	369	14	34	3207	30.975049	0.628089	29.387005	0.994549	0.428680	0.516482	12	19	0.000000	39	3142	31.324166	0.680603	0.994394	29.243047	0.115468	0.438366	606	30.181973	0.532613	0.991080	27.560441	0.481855	0.444810	-0.663693	-0.221170	-1.541911	-0.100930	True	0.614307	29.438350	0.527190	28.725192	0.664455	0.567569	0.682196	28.787930	0.998170	7354
7355.png	0.333953	0.140434	0.246282	0.638889	0.152542	0.989120	13.986891	0.999715	26.249956	0.081019	0.266553	0.755276	27.692766	0.544379	982	2	0	0	4	1.500000	0.000000	8	6	32.313708	3.592113	0.000000						731.671095	0.081019	0.081019	2	0	2	0	4	1.500000	0.000000	2	0	8	6	4	5.385618	3.592113	32.313708	0.000000	45359	46.190428	66.737271	256x256	65536	sparse	Frangi	143	2												22	940	31.122831	0.598859	0.999635	25.524422	0.609372	0.176854												True	0.331679	27.693695	0.544395	26.247062	0.676967	0.511297				7355
7356.png	0.715005	0.517241	0.681818	0.532775	0.946639	0.998279	25.609653	0.995379	28.811556	0.491780	0.546155	0.561225	30.429454	0.560294	2665	6	0	5	17	1.796610	0.000000	59	53	271.178716	5.826755	0.000000	-0.046252	-2.320669	-0.000865	0.000250	0.002521	2025.201321	0.491780	0.491780	6	0	6	5	17	1.796610	0.000000	6	0	59	53	37	5.116580	5.826755	271.178716	0.000000	45575	17.101313	24.591370	256x256	65536	sparse	Otsu	284	6	29	2585	31.107006	0.623791	28.684495	0.995129	0.489259	0.558466	8	3	0.000000	35	2458	31.291752	0.664237	0.994706	28.224062	0.509338	0.484618	3433	31.443301	0.663953	0.995929	30.070317	0.431640	0.490390	0.127061	-0.012311	-0.677552	-0.063496	True	0.714940	30.431544	0.560315	28.827997	0.751422	0.421717	0.761257	27.930322	0.999144	7356
7357.png	0.537992	0.277909	0.434943	0.280278	0.970487	0.998961	27.209094	0.991189	28.965030	0.220453	0.335021	0.415678	29.287103	0.525321	4145	20	1	11	50	1.683333	0.050000	120	101	442.847763	4.895934	0.000000	-0.055816	-1.469167	-0.000453	-0.001592	0.001221	3341.330290	0.220453	0.220453	20	1	19	11	50	1.683333	0.050000	20	1	120	101	59	4.384631	4.895934	442.847763	0.000000	45849	11.061279	15.810856	256x256	65536	sparse	Otsu	435	20	41	4117	31.201026	0.652679	29.962645	0.992781	0.219232	0.268181	18	4	0.000000	43	3972	31.603553	0.713943	0.992588	29.964981	0.214682	0.214568	469	30.010536	0.526752	0.987280	27.134504	0.306959	0.228973	-0.997614	0.066840	-1.913924	-0.127358	True	0.538034	29.289845	0.525332	28.970482	0.723349	0.300680	0.593808	28.678261	0.999414	7357
7358.png	0.165509	0.046563	0.088983	0.108247	0.075540	0.990052	12.586560	0.998948	29.990982	0.025776	0.232794	0.686952	27.772853	0.511575	1076	4	0	1	9	1.500000	0.000000	16	12	53.142136	4.235386	0.000000						850.390911	0.025776	0.025776	4	0	4	1	9	1.500000	0.000000	4	0	16	12	6	4.428511	4.235386	53.142136	0.000000	45749	42.517658	60.907063	256x256	65536	sparse	Frangi	148	4												19	904	30.662760	0.566387	0.998810	29.191528	0.411395	0.032999												True	0.165003	27.776735	0.511597	29.990306	0.495405	0.340320				7358
7359.png	0.555985	0.333698	0.500411	0.337021	0.971307	0.999088	25.565823	0.997063	29.572967	0.245123	0.346230	0.395179	31.322065	0.590579	2238	8	0	3	19	1.644444	0.000000	45	37	183.124892	5.381331	0.000000	-0.008901	-2.224252	-0.000348	0.000108	-0.006620	1872.663498	0.245123	0.245123	8	0	8	3	19	1.644444	0.000000	8	0	45	37	23	4.949321	5.381331	183.124892	0.000000	44780	20.008937	29.283289	256x256	65536	sparse	Otsu	231	8	29	2224	31.780747	0.636587	29.401274	0.996955	0.251743	0.250905	9	0	0.937500	40	2176	32.085994	0.675677	0.996900	29.430422	0.270616	0.249633	4018	32.440790	0.713518	0.998134	31.856722	0.267368	0.258811	0.171693	0.095326	-0.458683	-0.046007	True	0.551158	31.322170	0.590607	29.575853	0.503415	0.198939	0.564885	27.790075	0.999436	7359
7360.png	0.665025	0.227104	0.370147	0.227568	0.991100	0.999398	28.202585	0.991895	29.482234	0.225362	0.359176	0.793065	29.167191	0.513507	4745	20	1	14	53	1.698413	0.050000	126	107	482.747258	4.717135	0.000000	-0.106156	-0.866595	-0.000160	-0.001309	0.001035	4581.331730	0.225362	0.225362	20	1	19	14	53	1.698413	0.050000	20	1	126	107	59	4.511657	4.717135	482.747258	0.000000	46026	9.699895	13.811591	256x256	65536	sparse	Otsu	562	20	45	4669	31.134975	0.658154	30.416148	0.993205	0.224327	0.541594	6	7	0.000000	46	4652	31.656066	0.734458	0.993437	30.233711	0.189695	0.220414	410	29.586401	0.511909	0.985764	26.564301	0.374104	0.253529	-0.933914	-0.182418	-1.967784	-0.144647	True	0.666461	29.176624	0.513520	29.485402	0.561327	0.445169	0.771180	29.069180	0.999558	7360
7361.png	0.553913	0.351951	0.520656	0.356045	0.968362	0.998769	28.553334	0.992860	29.828328	0.306614	0.433666	0.718713	29.891704	0.545484	4814	14	1	10	37	1.763636	0.071429	110	97	439.261977	4.864809	0.000000	-0.069688	-1.347520	-0.000381	-0.001256	0.019780	5341.817856	0.306614	0.306614	14	1	13	10	37	1.763636	0.071429	14	1	110	97	63	4.528474	4.864809	439.261977	0.000000	45509	9.453469	13.613627	256x256	65536	sparse	Otsu	681	14	48	4692	31.659321	0.679147	30.767120	0.994116	0.286835	0.275170	22	3	0.000000	53	4788	32.297774	0.756059	0.994325	30.822900	0.083166	0.291396	405	30.067030	0.541695	0.986621	26.276613	0.298017	0.299816	-0.938792	0.158496	-1.767618	-0.133664	True	0.554054	29.901971	0.545556	29.839939	0.571974	0.411085	0.623601	29.900853	0.999150	7361
7362.png	0.522738	0.327875	0.493834	0.333987	0.947134	0.998161	27.218974	0.992044	29.387520	0.244204	0.372691	0.412467	29.610776	0.534427	4230	19	3	11	46	1.735537	0.157895	121	105	486.717821	4.333799	0.000000	-0.081686	-1.989087	-0.000663	-0.001496	-0.004434	2931.900501	0.244204	0.244204	19	3	16	11	46	1.735537	0.157895	19	3	121	105	64	4.635408	4.333799	486.717821	0.000000	45668	10.796217	15.493144	256x256	65536	sparse	Otsu	467	19	43	4186	31.392728	0.660511	30.449045	0.993540	0.248638	0.375890	14	13	0.000000	46	4072	31.833561	0.722870	0.993833	30.434810	0.226742	0.230724	467	30.214969	0.534911	0.988213	27.441224	0.379840	0.259720	-1.061525	-0.003199	-1.781952	-0.126084	True	0.530459	29.613450	0.534476	29.395900	0.703290	0.290084	0.604424	29.208061	0.998824	7362
7363.png	0.524683	0.124179	0.220924	0.124521	0.978339	0.999465	26.855726	0.989358	29.288309	0.157244	0.323427	0.593780	28.399418	0.510347	5662	28	3	11	64	1.679487	0.107143	156	131	587.931024	4.328624	0.000000	-0.155848	-1.964626	-0.000281	-0.002991	-0.004022	5323.562145	0.157244	0.157244	28	3	25	11	64	1.679487	0.107143	28	3	156	131	81	4.488023	4.328624	587.931024	0.000000	45936	8.113034	11.574709	256x256	65536	sparse	Otsu	734	28	55	5614	31.459827	0.683048	30.962693	0.992349	0.161266	0.357250	10	6	0.178571	52	5530	32.158814	0.763889	0.993371	31.296992	0.207928	0.159396	337	29.450547	0.511628	0.982942	26.258889	0.483149	0.193170	-1.674385	-0.033824	-3.060409	-0.172702	True	0.524752	28.395360	0.510356	29.286072	0.546155	0.324296	0.680531	28.820351	0.999746	7363
7364.png	0.760026	0.427267	0.598720	0.430213	0.984222	0.999411	27.239638	0.997318	28.581437	0.430293	0.400362	0.608554	30.617724	0.559031	2494	7	0	0	14	1.708333	0.000000	48	41	196.024387	5.930597	0.000000	-0.009914	0.098611	-0.000078	0.000135	-0.013422	1847.876549	0.430293	0.430293	7	0	7	0	14	1.708333	0.000000	7	0	48	41	34	4.781083	5.930597	196.024387	0.000000	45664	18.309543	26.277466	256x256	65536	sparse	Otsu	262	7	28	2474	31.084633	0.618020	28.265410	0.997183	0.443715	0.564822	5	3	0.000000	36	2486	31.348903	0.665816	0.997051	28.148855	0.491691	0.416803	3727	31.540713	0.674935	0.998051	30.127968	0.475712	0.439120	0.316027	-0.164460	-0.466908	-0.058990	True	0.755236	30.618581	0.559044	28.594169	0.570013	0.346884	0.769941	27.141027	0.999489	7364
7365.png	0.703269	0.437050	0.608260	0.441888	0.975563	0.998986	25.525182	0.996347	28.501108	0.488153	0.481423	0.722744	29.944877	0.531170	2586	6	0	2	14	1.755102	0.000000	49	43	217.095454	6.449302	0.000000	-0.026532	-1.560202	-0.000417	0.000425	-0.004062	2071.291924	0.488153	0.488153	6	0	6	2	14	1.755102	0.000000	6	0	49	43	33	5.048731	6.449302	217.095454	0.000000	46168	17.853055	25.342614	256x256	65536	sparse	Otsu	266	6	26	2418	30.515169	0.594326	28.002468	0.995922	0.492215	0.502172	8	3	0.000000	31	2492	30.749110	0.646886	0.995388	27.420741	0.498424	0.467956	3603	31.009399	0.654197	0.997768	30.178617	0.341309	0.490326	0.498640	-0.020749	-0.570292	-0.063155	True	0.704767	29.948919	0.531216	28.520061	0.642278	0.464203	0.729801	27.085384	0.999403	7365
7367.png	0.581500	0.395118	0.566430	0.405956	0.936709	0.998802	27.127990	0.995204	29.020087	0.360204	0.398958	0.556580	29.693054	0.525370	3431	11	0	4	26	1.690141	0.000000	71	60	308.764502	5.255952	0.000000	-0.054188	-1.406076	-0.000493	-0.000347	0.001767	3155.541182	0.360204	0.360204	11	0	11	4	26	1.690141	0.000000	11	0	71	60	41	5.146075	5.255952	308.764502	0.000000	45973	13.399300	19.101137	256x256	65536	sparse	Otsu	428	11	34	3386	30.834009	0.628152	29.255903	0.995551	0.358437	0.262877	20	4	0.000000	37	3348	31.197670	0.686468	0.995261	28.964614	0.252484	0.325895	598	29.987441	0.526783	0.992836	27.125505	0.404157	0.368612	-0.235817	0.136082	-1.140955	-0.102782	True	0.580130	29.698173	0.525398	29.026534	0.686514	0.382100	0.635688	28.534066	0.999295	7367
7368.png	0.635589	0.512694	0.677855	0.516955	0.984177	0.998966	28.060973	0.996573	29.033153	0.492369	0.477954	0.725769	31.754214	0.614868	2149	4	0	0	8	1.741935	0.000000	31	27	150.852814	7.157815	0.000000	-0.012066	0.067206	-0.000079	0.000322	-0.009459	1944.838285	0.492369	0.492369	4	0	4	0	8	1.741935	0.000000	4	0	31	27	23	5.587141	7.157815	150.852814	0.000000	44651	20.777571	30.496045	256x256	65536	sparse	Otsu	228	4	28	2095	31.945717	0.648086	28.692462	0.996250	0.501828	0.455561	10	11	0.000000	43	2146	32.310472	0.688882	0.996613	29.128949	0.360243	0.479229	4378	32.779717	0.732284	0.998316	32.194651	0.309893	0.488704	0.340691	0.022393	-0.191503	-0.033218	True	0.636606	31.758124	0.614898	29.036493	0.667129	0.484181	0.647655	27.993767	0.999045	7368
7369.png	0.590885	0.503894	0.670119	0.525238	0.925373	0.997876	26.299129	0.996238	29.042885	0.457580	0.440102	0.659675	30.751724	0.572390	2306	5	0	2	12	1.750000	0.000000	40	35	163.610173	7.083204	0.000000	-0.045830	-2.061922	-0.000985	0.000146	0.000318	2126.865625	0.457580	0.457580	5	0	5	2	12	1.750000	0.000000	5	0	40	35	26	4.674576	7.083204	163.610173	0.000000	45195	19.598873	28.419775	256x256	65536	sparse	Otsu	255	5	28	2299	31.390327	0.624982	28.907105	0.996092	0.457262	0.356954	13	5	0.000000	35	2084	31.594919	0.656639	0.995553	28.523006	0.395488	0.463491	3878	31.963265	0.695767	0.997815	31.419850	0.305350	0.454514	0.135780	0.083148	-0.638603	-0.052593	True	0.586724	30.753013	0.572365	29.043309	0.627679	0.414064	0.636714	28.361051	0.998861	7369
7370.png	0.597083	0.661471	0.796248	0.679910	0.960616	0.997628	26.637267	0.996688	28.712341	0.488861	0.588522	0.605281	30.700222	0.578524	2701	5	0	2	12	1.821429	0.000000	56	51	247.237590	5.572376	0.000000	-0.004888	-1.699920	-0.000777	0.000108	0.009535	1920.247555	0.488861	0.488861	5	0	5	2	12	1.821429	0.000000	5	0	56	51	42	4.847796	5.572376	247.237590	0.000000	45339	16.786005	24.263606	256x256	65536	sparse	Otsu	284	5	31	2699	31.446876	0.641597	28.596488	0.996580	0.479326	0.392366	11	4	0.000000	40	2660	31.714813	0.686263	0.996467	28.491579	0.549385	0.475948	3472	31.756052	0.676448	0.997529	30.429625	0.366609	0.464820	0.115854	0.196157	-0.746654	-0.063074	True	0.597831	30.709115	0.578558	28.722010	0.766600	0.464008	0.601971	28.337187	0.998405	7370
7371.png	0.715084	0.232648	0.377477	0.233548	0.983696	0.999546	27.690589	0.993483	29.286597	0.212993	0.351440	0.460925	29.850233	0.535862	3823	20	3	12	50	1.732283	0.150000	127	110	466.019336	4.127222	0.000000	-0.038878	-0.374043	-0.000072	-0.001059	-0.001846	2099.069118	0.212993	0.212993	20	3	17	12	50	1.732283	0.150000	20	3	127	110	65	4.236539	4.127222	466.019336	0.000000	45680	11.948731	17.142558	256x256	65536	sparse	Otsu	379	20	39	3812	31.266013	0.648213	30.089717	0.994542	0.214839	0.457735	5	1	0.291667	44	3736	31.708190	0.712296	0.994963	30.323915	0.445673	0.213502	536	30.230920	0.538775	0.991809	27.711175	0.446780	0.225543	-0.803120	-0.106295	-1.415779	-0.112350	True	0.713147	29.850990	0.535905	29.292202	0.546155	0.251736	0.753962	28.064632	0.999617	7371
7372.png	0.569346	0.469648	0.639130	0.485706	0.934232	0.998390	26.804307	0.995320	28.719427	0.424398	0.561327	0.692019	29.613557	0.553842	2750	5	0	4	15	1.800000	0.000000	50	45	226.509668	6.858006	0.000000	-0.060387	-1.622601	-0.000771	-0.000044	-0.024195	2233.576775	0.424398	0.424398	5	0	5	4	15	1.800000	0.000000	5	0	50	45	31	5.033548	6.858006	226.509668	0.000000	45531	16.556727	23.831273	256x256	65536	sparse	Otsu	291	5	30	2633	31.138492	0.624361	28.988807	0.995363	0.448593	0.392366	11	4	0.000000	36	2480	31.360107	0.664667	0.994610	28.592668	0.393469	0.422167	3229	31.385386	0.658927	0.996359	30.028776	0.323341	0.420407	-0.269380	0.168961	-1.524935	-0.070518	True	0.569788	29.615822	0.553884	28.720400	0.692721	0.479376	0.629734	28.426909	0.999161	7372
7373.png	0.687269	0.456972	0.627290	0.469935	0.943069	0.998381	27.075305	0.995148	29.565203	0.458258	0.390768	0.490983	30.994897	0.572640	2554	9	1	4	21	1.724138	0.111111	58	50	250.036580	5.357082	0.000000	-0.068842	-1.588587	-0.000642	0.000002	0.010420	2044.108868	0.458258	0.458258	9	1	8	4	21	1.724138	0.111111	9	0	58	50	33	5.000732	5.357082	250.036580	0.000000	45132	17.671104	25.660141	256x256	65536	sparse	Otsu	273	9	31	2520	31.547548	0.634636	29.632673	0.995146	0.447838	0.382168	13	8	0.000000	41	2540	31.834892	0.679301	0.995110	29.342076	0.266553	0.422705	3618	31.941055	0.687772	0.996693	31.242365	0.092709	0.433206	-0.067470	0.008600	-0.552651	-0.061995	True	0.687797	30.997891	0.572658	29.569565	0.683363	0.335520	0.756111	28.663892	0.999023	7373
7374.png	0.743003	0.367133	0.537084	0.367905	0.994318	0.999454	28.369155	0.996382	29.658001	0.331835	0.331019	0.579169	31.037637	0.570732	2337	10	0	2	22	1.642857	0.000000	56	46	221.237590	4.908227	0.000000	-0.015287	0.206651	-0.000002	0.000041	-0.004184	1751.230478	0.331835	0.331835	10	0	10	2	22	1.642857	0.000000	10	0	56	46	32	4.809513	4.908227	221.237590	0.000000	45073	19.286692	28.042790	256x256	65536	sparse	Otsu	250	10	29	2270	31.512687	0.623448	29.629960	0.996342	0.336020	0.513248	5	4	0.000000	37	2288	31.770186	0.669999	0.996474	29.474042	0.185353	0.341353	4065	32.162106	0.706335	0.997437	31.487442	0.389819	0.325638	0.028041	-0.182228	-0.475051	-0.052717	True	0.743438	31.038064	0.570741	29.666603	0.552912	0.320229	0.758290	28.162504	0.999456	7374
7375.png	0.730845	0.324824	0.490366	0.327612	0.974473	0.999282	23.279500	0.997632	29.241393	0.318808	0.374303	0.547447	30.712661	0.563995	2480	9	0	3	21	1.684211	0.000000	57	48	228.923882	4.969559	0.000000	0.006335	-4.346747	-0.000402	0.000089	0.011826	1880.992413	0.318808	0.318808	9	0	9	3	21	1.684211	0.000000	9	0	57	48	33	4.769248	4.969559	228.923882	0.000000	45342	18.283065	26.425806	256x256	65536	sparse	Otsu	263	9	28	2417	31.256261	0.619125	29.095288	0.997543	0.306982	0.393469	6	0	0.833333	35	2180	31.519049	0.655775	0.997229	28.581308	0.326320	0.310332	3799	31.828307	0.685675	0.998211	30.999065	0.296094	0.301845	0.146105	-0.019166	-0.543600	-0.055130	True	0.735034	30.716930	0.564003	29.248492	0.561765	0.307537	0.724510	27.626246	0.999684	7375
7376.png	0.670330	0.547536	0.707623	0.562068	0.954908	0.998346	27.894328	0.995972	29.166171	0.501933	0.692721	0.903022	31.456439	0.609590	2808	4	0	2	10	1.857143	0.000000	56	52	270.107648	6.363783	0.000000	-0.013680	-0.661489	-0.000495	0.000069	-0.005925	2036.192179	0.501933	0.501933	4	0	4	2	10	1.857143	0.000000	4	0	56	52	44	5.194378	6.363783	270.107648	0.000000	45065	16.048789	23.339031	256x256	65536	sparse	Otsu	301	4	33	2808	31.870970	0.664060	29.051486	0.995902	0.507858	0.462056	14	15	0.000000	42	2594	32.148850	0.702099	0.995530	28.952960	0.582189	0.533994	3131	32.109420	0.682308	0.996928	30.980016	0.489751	0.490488	0.114685	0.230666	-0.414531	-0.054470	True	0.670886	31.459664	0.609600	29.169363	0.653544	0.590165	0.684010	28.555817	0.998841	7376
7377.png	0.517460	0.481501	0.650018	0.496052	0.942576	0.998650	28.391754	0.994085	29.468266	0.345503	0.503415	0.323881	30.635283	0.563111	2499	6	1	7	18	1.821429	0.166667	56	51	233.823376	7.050399	0.000000	-0.019195	-0.349775	-0.000265	0.000181	-0.001353	2024.126053	0.345503	0.345503	6	1	5	7	18	1.821429	0.166667	6	0	56	51	31	4.584772	7.050399	233.823376	0.000000	45302	18.128051	26.224890	256x256	65536	sparse	Otsu	254	6	29	2471	31.256316	0.620705	29.437160	0.993903	0.346855	0.349491	10	5	0.000000	37	2420	31.564058	0.665673	0.993611	29.192550	0.232794	0.345034	3813	31.802234	0.687926	0.995709	31.095959	0.219016	0.334059	0.031105	0.153924	-0.621033	-0.057595	True	0.527492	30.634776	0.563138	29.466783	0.782379	0.253397	0.536655	28.741529	0.998915	7377
7378.png	0.407577	0.281805	0.439700	0.337414	0.630976	0.994079	18.882698	0.995300	29.389031	0.238095	0.268384	0.747037	29.045841	0.540187	2760	16	0	8	40	1.573333	0.000000	75	59	259.267027	4.433407	0.000000	-0.145893	-9.901217	-0.004683	-0.000396	0.035164	2116.858721	0.238095	0.238095	16	0	16	8	40	1.573333	0.000000	16	0	75	59	27	4.394356	4.433407	259.267027	0.000000	45306	16.415217	23.744928	256x256	65536	sparse	Frangi	306	16	32	2741	31.370165	0.629787	30.122010	0.995696	0.202931	0.298827	12	4	0.000000	40	2704	31.714277	0.678885	0.995823	29.934748	0.311917	0.199936	3319	31.605012	0.664703	0.996282	30.757594	0.192581	0.200698	-0.732979	-0.030442	-2.324325	-0.089600	True	0.406877	29.047119	0.540194	29.386640	0.644774	0.481670	0.553471	28.783915	0.998762	7378
7379.png	0.548882	0.468472	0.638040	0.478047	0.958998	0.998717	27.040471	0.996609	29.166403	0.404646	0.543880	0.523697	31.487298	0.612943	2271	4	0	1	9	1.783784	0.000000	37	33	178.681241	6.251139	0.000000	-0.012851	-1.475419	-0.000512	-0.000066	-0.000688	2074.283838	0.404646	0.404646	4	0	4	1	9	1.783784	0.000000	4	0	37	33	27	5.414583	6.251139	178.681241	0.000000	44554	19.618670	28.857772	256x256	65536	sparse	Otsu	267	4	30	2214	32.111717	0.654025	29.253340	0.996676	0.405334	0.267117	13	3	0.000000	43	2140	32.354695	0.687878	0.996616	29.321197	0.228136	0.416228	4109	32.748911	0.727651	0.997946	31.647019	0.226843	0.424596	-0.086938	0.276763	-0.624418	-0.041081	True	0.553367	31.492256	0.612991	29.170032	0.552465	0.289324	0.561732	28.515890	0.999229	7379
7380.png	0.386927	0.167915	0.287547	0.921233	0.170361	0.986796	14.973194	0.999777	27.167156	0.099242	0.440102	0.723506	27.953557	0.553677	855	1	0	1	3	1.750000	0.000000	8	7	31.727922	4.304699	0.000000						740.301847	0.099242	0.099242	1	0	1	1	3	1.750000	0.000000	1	0	8	7	4	4.532560	4.304699	31.727922	0.000000	45080	52.725146	76.650292	256x256	65536	sparse	Frangi	136	1												21	812	31.331384	0.607133	0.999724	26.265943	0.683363	0.173209												True	0.387137	27.953380	0.553688	27.166268	0.656991	0.475337				7380
7381.png	0.745110	0.642596	0.782415	0.656396	0.968320	0.998699	27.585528	0.997532	29.118204	0.608939	0.459899	0.983290	31.833157	0.613429	2057	5	0	2	12	1.743590	0.000000	39	34	176.338095	5.102392	0.000000	-0.011663	-0.742111	-0.000267	0.000142	0.009123	1515.276432	0.608939	0.608939	5	0	5	2	12	1.743590	0.000000	5	0	39	34	25	5.186415	5.102392	176.338095	0.000000	44482	21.624696	31.859990	256x256	65536	sparse	Otsu	235	5	28	1998	32.037490	0.644472	28.836996	0.997390	0.599816	0.491933	7	8	0.000000	41	1952	32.322804	0.682249	0.997172	28.654435	0.433846	0.617256	4401	32.834104	0.737625	0.998436	31.537342	0.385958	0.598717	0.281208	-0.032034	-0.204333	-0.031043	True	0.748106	31.837875	0.613454	29.131818	0.524791	0.516021	0.756774	28.327639	0.998966	7381
7382.png	0.255722	0.209332	0.346194	0.474286	0.272578	0.989741	13.966027	0.999206	27.112269	0.480000	0.228948	0.481896	27.823018	0.533473	1223	4	0	1	9	1.529412	0.000000	17	13	56.284271	4.416282	0.000000	-0.470949	-8.944512	-0.009038	0.000517	0.252167	854.629278	0.480000	0.480000	4	0	4	1	9	1.529412	0.000000	4	0	17	13	7	4.329559	4.416282	56.284271	0.000000	45575	37.264922	53.586263	256x256	65536	sparse	Frangi	147	4	6	1213	28.849074	0.551899	24.057599	0.998689	0.227833	0.369978	10	3	0.000000	23	1222	31.011774	0.602767	0.999217	26.709905	0.575142	0.229061								3.054670	-0.141029	-1.026057	-0.018426	True	0.256107	27.824198	0.533488	27.113503	0.665460	0.320683	0.726671	22.910539	0.998779	7382
7383.png	0.718145	0.488033	0.655944	0.494675	0.973225	0.998995	27.632055	0.996679	28.854442	0.477253	0.632121	0.544356	30.697655	0.565507	2613	4	0	3	11	1.826087	0.000000	46	42	227.480231	6.815941	0.000000	-0.003217	0.108076	-0.000148	0.000440	0.002481	1941.511393	0.477253	0.477253	4	0	4	3	11	1.826087	0.000000	4	0	46	42	32	5.416196	6.815941	227.480231	0.000000	45588	17.446613	25.080750	256x256	65536	sparse	Otsu	270	4	28	2531	31.100308	0.623145	28.392382	0.996239	0.474771	0.340759	12	5	0.000000	34	2348	31.341962	0.661841	0.995929	28.076333	0.600150	0.474026	3651	31.589386	0.673498	0.997587	30.480779	0.441119	0.481121	0.462060	0.291361	-0.402653	-0.057638	True	0.716251	30.702125	0.565525	28.869354	0.700308	0.381217	0.721362	27.523979	0.999143	7383
7384.png	0.552045	0.435827	0.607075	0.441739	0.970210	0.999084	28.212083	0.996472	29.346628	0.310832	0.466647	0.439384	30.906595	0.566540	2571	7	0	2	16	1.766667	0.000000	60	53	242.409163	5.426602	0.000000	-0.020536	-0.127147	-0.000222	0.000066	-0.013676	1944.032907	0.310832	0.310832	7	0	7	2	16	1.766667	0.000000	7	0	60	53	42	4.573758	5.426602	242.409163	0.000000	45358	17.642163	25.490471	256x256	65536	sparse	Otsu	286	7	29	2479	31.254220	0.621137	29.195823	0.996407	0.324507	0.249595	14	1	0.000000	37	2446	31.569479	0.669973	0.996045	28.783329	0.197481	0.312615	3673	31.738424	0.682555	0.997453	30.925285	0.230660	0.310748	0.150805	0.217051	-0.347626	-0.054597	True	0.551703	30.910656	0.566555	29.345290	0.538528	0.236621	0.572581	28.339230	0.999305	7384
7385.png	0.734411	0.481130	0.649679	0.491734	0.957099	0.998505	26.426141	0.995320	28.832593	0.459656	0.515675	0.467612	30.135408	0.537917	2940	8	2	7	20	1.848101	0.250000	79	73	327.735065	5.576590	0.000000	-0.017698	-1.505314	-0.000522	0.000203	0.012077	2077.297211	0.459656	0.459656	8	2	6	7	20	1.848101	0.250000	8	1	79	73	52	4.489521	5.576590	327.735065	0.000000	45918	15.618367	22.291156	256x256	65536	sparse	Otsu	314	8	30	2876	30.790931	0.616832	28.705003	0.995117	0.447580	0.423574	11	7	0.000000	34	2902	31.076969	0.673076	0.994875	28.288419	0.326694	0.461439	737	30.147989	0.541555	0.993405	27.310623	0.711771	0.461000	0.127590	0.092101	-0.655523	-0.078915	True	0.734072	30.137946	0.537918	28.834961	0.763072	0.356822	0.752109	27.931455	0.999027	7385
7386.png	0.593045	0.388235	0.559322	0.431538	0.794618	0.997121	23.691432	0.996996	29.613363	0.445586	0.232499	0.579518	30.653524	0.562660	2250	13	1	3	28	1.520000	0.076923	50	38	183.024387	4.815522	0.000000	-0.108366	-4.742026	-0.001891	0.000160	0.033255	1662.707090	0.445586	0.445586	13	1	12	3	28	1.520000	0.076923	13	0	50	38	19	4.816431	4.815522	183.024387	0.000000	45158	20.070222	29.127111	256x256	65536	sparse	Otsu	229	13	27	2213	31.330217	0.617412	29.336272	0.996836	0.412331	0.512029	8	6	0.000000	35	2208	31.621484	0.660652	0.996511	28.948463	0.109444	0.427821	4160	32.059773	0.706055	0.997998	31.336001	0.079465	0.408621	0.277091	-0.279530	-0.676693	-0.054752	True	0.595355	30.656052	0.562700	29.608683	0.603072	0.349491	0.701410	28.433458	0.999012	7386
7387.png	0.547933	0.115174	0.206559	0.115889	0.949192	0.999026	22.996932	0.987306	29.373430	0.096965	0.325056	0.414581	28.143177	0.512998	5802	32	2	14	77	1.672131	0.062500	183	153	681.327994	4.305415	0.000000	-0.145770	-5.734358	-0.000707	-0.003472	0.002720	4403.229237	0.096965	0.096965	32	2	30	14	77	1.672131	0.062500	32	1	183	153	92	4.453124	4.305415	681.327994	0.000000	45901	7.911238	11.295415	256x256	65536	sparse	Otsu	693	32	56	5718	31.561844	0.686450	31.112153	0.990779	0.094245	0.411395	4	0	0.062500	54	5626	32.342601	0.771973	0.992683	31.701735	0.192113	0.094511	344	29.373254	0.516152	0.982358	26.745989	0.411395	0.125000	-1.738723	-0.086339	-3.418667	-0.173452	True	0.546174	28.147511	0.513024	29.373913	0.505891	0.209733	0.693703	28.731290	0.999734	7387
7389.png	0.664891	0.537859	0.699491	0.556256	0.942073	0.998009	25.645050	0.995777	28.109784	0.485482	0.511855	0.723900	29.359809	0.543002	3024	7	1	5	17	1.809524	0.142857	63	57	281.865007	5.134894	0.000000	-0.083709	-2.549308	-0.000929	-0.000357	-0.012029	2344.557047	0.485482	0.485482	7	1	6	5	17	1.809524	0.142857	7	1	63	57	41	4.945000	5.134894	281.865007	0.000000	45752	15.129630	21.671958	256x256	65536	sparse	Otsu	355	7	31	2906	30.956543	0.624339	28.774622	0.996135	0.497511	0.486240	10	4	0.000000	37	2888	31.223069	0.676029	0.995669	28.292023	0.303791	0.494896	668	30.276667	0.547125	0.993921	26.791727	0.656305	0.506285	-0.664838	0.025615	-1.596734	-0.081337	True	0.661634	29.365172	0.543031	28.115602	0.768922	0.556622	0.748601	28.194358	0.998939	7389
7390.png	0.619559	0.431295	0.602664	0.487200	0.789855	0.994899	20.613509	0.998073	28.711737	0.485587	0.481423	0.523323	30.582124	0.601937	2435	6	0	2	15	1.773585	0.000000	53	47	221.480231	5.147708	0.000000	-0.116862	-7.248207	-0.004500	0.000026	0.014781	1878.583670	0.485587	0.485587	6	0	6	2	15	1.773585	0.000000	6	0	53	47	36	4.712345	5.147708	221.480231	0.000000	44856	18.421355	26.914168	256x256	65536	sparse	Otsu	263	6	30	2394	31.870813	0.654674	28.670523	0.998047	0.470806	0.627183	6	1	0.500000	41	2410	32.210288	0.698839	0.997973	28.607479	0.709456	0.454983	3773	32.424512	0.710021	0.998914	31.291307	0.685467	0.463496	0.041214	-0.145760	-1.288689	-0.052737	True	0.618594	30.584941	0.601943	28.715501	0.789864	0.413354	0.736421	27.861715	0.999399	7390
7391.png	0.459847	0.375781	0.546280	0.797146	0.415515	0.991049	16.722023	0.999260	27.594906	0.595997	0.264104	0.620708	28.443742	0.555263	1557	6	0	0	12	1.600000	0.000000	30	24	95.526912	3.928901	0.000000	-0.267998	-10.153311	-0.007511	0.000122	0.184139	1182.404518	0.595997	0.595997	6	0	6	0	12	1.600000	0.000000	6	0	30	24	18	3.980288	3.928901	95.526912	0.000000	45285	29.084778	42.091201	256x256	65536	sparse	Frangi	189	6	18	1509	31.020313	0.588680	26.816167	0.999138	0.411858	0.533668	7	9	0.000000	29	1544	31.335063	0.634119	0.999163	27.009833	0.592073	0.422800	6117	32.795904	0.765283	0.999759	32.357854	0.490844	0.411159	0.778739	-0.269564	-2.576571	-0.033417	True	0.458492	28.446436	0.555282	27.589866	0.723349	0.448989	0.727845	26.875334	0.998560	7391
7392.png	0.548813	0.244275	0.392638	0.245211	0.984615	0.999195	28.056472	0.992228	29.530583	0.176647	0.352889	0.386487	29.732855	0.543858	4199	21	1	12	53	1.694656	0.047619	131	111	497.475180	4.372064	0.000000	-0.025088	-1.222242	-0.000217	-0.001493	0.008609	2896.661758	0.176647	0.176647	21	1	20	12	53	1.694656	0.047619	21	1	131	111	66	4.481758	4.372064	497.475180	0.000000	45490	10.833532	15.607526	256x256	65536	sparse	Otsu	465	21	43	4108	31.544302	0.663291	30.672222	0.993720	0.168038	0.239551	13	1	0.809524	48	4178	32.083551	0.734808	0.994030	30.832238	0.181269	0.171926	475	30.410306	0.546020	0.988982	27.613566	0.384742	0.200995	-1.141639	0.113338	-1.811447	-0.119433	True	0.549769	29.734150	0.543852	29.528157	0.590165	0.228091	0.573901	29.278714	0.999412	7392
7393.png	0.597782	0.339712	0.507142	0.342263	0.978525	0.999362	27.299628	0.993422	28.918402	0.305114	0.417252	0.376655	29.690074	0.523001	3568	9	0	6	24	1.723077	0.000000	65	56	265.066017	6.511815	0.000000	-0.035968	-0.763041	-0.000178	-0.000148	0.003015	3818.251133	0.305114	0.305114	9	0	9	6	24	1.723077	0.000000	9	0	65	56	35	4.733322	6.511815	265.066017	0.000000	46097	12.919563	18.367713	256x256	65536	sparse	Otsu	448	9	35	3539	30.852480	0.630609	29.226507	0.993570	0.302099	0.260239	14	2	0.000000	40	3478	31.248735	0.692485	0.993552	28.922373	0.237069	0.297601	604	29.992628	0.525795	0.990251	27.219103	0.476909	0.309673	-0.308105	0.157012	-1.162406	-0.107609	True	0.596030	29.692057	0.522987	28.922283	0.626187	0.235857	0.633750	28.062668	0.999540	7393
7394.png	0.438668	0.077456	0.143775	0.077518	0.989744	0.999583	28.229208	0.979278	30.125361	0.062488	0.378806	0.734534	28.102622	0.511362	8038	36	1	26	96	1.711934	0.027778	243	208	945.021428	4.840901	0.000000	-0.178876	-2.037085	-0.000156	-0.006677	0.001940	9082.780838	0.062488	0.062488	36	1	35	26	96	1.711934	0.027778	36	1	243	208	121	4.543372	4.840901	945.021428	0.000000	45734	5.689724	8.153272	256x256	65536	sparse	Otsu	1099	36	69	7840	32.145068	0.731464	32.081940	0.985955	0.060548	0.286646	9	2	0.125000	68	7988	33.671818	0.836997	0.989684	33.143097	0.116595	0.157258	278	28.884998	0.512330	0.967167	26.558826	0.304645	0.081897	-1.956578	0.092159	-4.042446	-0.220102	True	0.442011	28.104613	0.511363	30.126561	0.483149	0.354889	0.617544	30.266293	0.999739	7394
7395.png	0.290885	0.166124	0.284916	0.188053	0.587558	0.995013	18.441491	0.993901	29.573252	0.111322	0.223421	0.328144	28.730677	0.529062	4023	28	0	3	59	1.471698	0.000000	106	78	369.078210	3.986527	0.000000	-0.277329	-10.518228	-0.004421	-0.001049	0.001099	3276.731253	0.111322	0.111322	28	0	28	3	59	1.471698	0.000000	28	0	106	78	44	4.731772	3.986527	369.078210	0.000000	45568	11.326870	16.290331	256x256	65536	sparse	Frangi	512	28	42	4001	31.507741	0.660518	30.553944	0.994950	0.110222	0.191796	17	0	0.803571	46	3716	31.850550	0.715748	0.995389	30.801749	0.276956	0.098342	539	30.385209	0.546244	0.992429	28.321568	0.300577	0.094643	-0.980691	0.031625	-2.777064	-0.131456	True	0.291080	28.736661	0.529109	29.579229	0.563078	0.184771	0.568214	28.959719	0.999434	7395
7396.png	0.765458	0.326348	0.492100	0.329664	0.970100	0.999302	27.056954	0.995841	29.233133	0.345703	0.321975	0.766085	30.298767	0.540029	2879	14	0	4	32	1.650000	0.000000	80	66	293.622366	4.765627	0.000000	-0.032633	-1.051830	-0.000254	-0.000102	0.003399	1980.897665	0.345703	0.345703	14	0	14	4	32	1.650000	0.000000	14	0	80	66	44	4.448824	4.765627	293.622366	0.000000	45694	15.871483	22.763460	256x256	65536	sparse	Otsu	295	14	31	2814	31.004659	0.619467	29.320733	0.995943	0.342304	0.557803	5	5	0.000000	36	2796	31.292220	0.671374	0.995862	28.989303	0.300174	0.356145	3095	31.170966	0.643927	0.996275	29.773424	0.308734	0.352645	-0.087600	-0.235828	-0.705893	-0.079438	True	0.768137	30.304662	0.540058	29.240754	0.655272	0.501994	0.798091	28.108784	0.999556	7396
7397.png	0.614305	0.569462	0.725678	0.614933	0.885075	0.996696	24.026730	0.996253	28.982810	0.511209	0.367312	0.441958	30.624631	0.571803	2492	9	1	6	22	1.733333	0.111111	60	52	224.509668	5.057458	0.000000	-0.075446	-4.683697	-0.002053	-0.000005	0.040030	2075.331688	0.511209	0.511209	9	1	8	6	22	1.733333	0.111111	9	1	60	52	32	4.317494	5.057458	224.509668	0.000000	45222	18.146870	26.298555	256x256	65536	sparse	Otsu	262	9	30	2483	31.463898	0.633404	29.247686	0.996259	0.471179	0.352926	17	10	0.000000	38	2456	31.735186	0.676496	0.995582	28.915063	0.282103	0.456866	3789	31.929493	0.692189	0.997391	31.194634	0.164033	0.461316	-0.264876	0.014386	-0.839267	-0.061601	True	0.613195	30.628848	0.571849	28.987413	0.812692	0.359176	0.689751	28.710427	0.998749	7397
7398.png	0.516995	0.257132	0.409077	0.260803	0.948097	0.998861	26.803923	0.992175	29.251499	0.180011	0.352735	0.430783	29.194900	0.518110	4617	20	1	12	51	1.691057	0.050000	123	104	475.646753	4.409975	0.000000	-0.063566	-2.120521	-0.000642	-0.001534	-0.002791	3919.888258	0.180011	0.180011	20	1	19	12	51	1.691057	0.050000	20	1	123	104	60	4.573526	4.409975	475.646753	0.000000	46042	9.972276	14.194499	256x256	65536	sparse	Otsu	546	20	44	4556	31.169709	0.660458	30.302175	0.993709	0.182802	0.221199	16	0	0.400000	46	4506	31.705170	0.731619	0.993797	30.299572	0.325196	0.174136	464	29.646606	0.518687	0.987007	25.885192	0.245378	0.207001	-1.050676	0.131536	-1.974809	-0.142348	True	0.517303	29.200410	0.518137	29.252421	0.592073	0.255055	0.580561	28.924444	0.999503	7398
7399.png	0.650332	0.395561	0.566885	0.402926	0.955836	0.999087	28.056665	0.994563	29.185501	0.371892	0.317115	0.995850	29.756607	0.524265	3374	14	0	6	34	1.636364	0.000000	77	63	287.793939	5.280594	0.000000	-0.068737	-0.710746	-0.000217	-0.000346	-0.004463	3112.237692	0.371892	0.371892	14	0	14	6	34	1.636364	0.000000	14	0	77	63	37	4.568158	5.280594	287.793939	0.000000	45873	13.596028	19.423829	256x256	65536	sparse	Otsu	406	14	34	3293	30.911218	0.625625	29.550698	0.994909	0.376355	0.288230	14	5	0.000000	39	3232	31.320146	0.684293	0.994886	29.412420	0.124684	0.364138	603	30.157414	0.527563	0.991774	27.536126	0.432586	0.418605	-0.365197	0.028885	-1.154611	-0.101360	True	0.650842	29.763823	0.524301	29.200536	0.617107	0.614546	0.719069	28.767411	0.999304	7399
7400.png	0.608333	0.337597	0.504782	0.340247	0.977456	0.999154	26.538111	0.995317	29.239050	0.290520	0.401902	0.419943	30.494732	0.558377	2928	10	0	8	28	1.718310	0.000000	71	61	282.622366	5.363288	0.000000	-0.033521	-1.892624	-0.000335	-0.000361	-0.008644	2317.340136	0.290520	0.290520	10	0	10	8	28	1.718310	0.000000	10	0	71	61	35	4.633154	5.363288	282.622366	0.000000	45448	15.521858	22.382514	256x256	65536	sparse	Otsu	311	10	33	2927	31.377182	0.637346	29.509363	0.995678	0.299164	0.329680	9	1	0.450000	41	2828	31.727391	0.685568	0.995626	29.414194	0.338999	0.297689	3152	31.500237	0.657206	0.996068	30.355828	0.381217	0.291203	-0.270313	0.072222	-0.882450	-0.078969	True	0.608756	30.500773	0.558408	29.241692	0.591801	0.248523	0.641854	28.430736	0.999490	7400
7401.png	0.611378	0.452939	0.623480	0.455037	0.989924	0.999205	28.401656	0.996855	29.433667	0.316480	0.352735	0.899940	31.357702	0.586219	2204	8	0	1	17	1.644444	0.000000	45	37	191.267027	5.170993	0.000000	0.001426	0.094134	-0.000029	0.000015	0.001930	1807.078362	0.316480	0.316480	8	0	8	1	17	1.644444	0.000000	8	0	45	37	27	5.169379	5.170993	191.267027	0.000000	44823	20.337114	29.735027	256x256	65536	sparse	Otsu	250	8	29	2189	31.749038	0.631935	29.317003	0.996840	0.314550	0.383687	5	3	0.000000	40	2178	32.031963	0.671675	0.997037	29.444811	0.493383	0.311077	4158	32.361869	0.713627	0.998028	31.689007	0.312711	0.313272	0.116664	-0.030951	-0.391336	-0.045716	True	0.616000	31.359207	0.586245	29.435845	0.525266	0.472708	0.609952	28.307522	0.999234	7401
7402.png	0.599513	0.434090	0.605388	0.445367	0.944886	0.998870	27.297332	0.994527	29.109711	0.406308	0.493383	0.510127	30.683421	0.558473	2561	6	0	3	15	1.769231	0.000000	52	46	230.308658	6.657189	0.000000	-0.013095	-0.773239	-0.000340	0.000414	-0.013313	2267.250299	0.406308	0.406308	6	0	6	3	15	1.769231	0.000000	6	0	52	46	34	5.006710	6.657189	230.308658	0.000000	45479	17.758298	25.590004	256x256	65536	sparse	Otsu	265	6	29	2500	31.127414	0.619978	28.867332	0.994113	0.419621	0.282871	16	5	0.000000	35	2536	31.344896	0.666216	0.993489	28.419405	0.296192	0.417289	3579	31.534057	0.669818	0.996130	30.608611	0.313528	0.419724	0.242378	0.210512	-0.443994	-0.061506	True	0.598928	30.689150	0.558486	29.112027	0.681458	0.347630	0.612608	28.070570	0.999211	7402
7403.png	0.534188	0.199639	0.332832	0.201258	0.961265	0.998765	25.709607	0.989689	29.282470	0.160643	0.319675	0.417965	28.649476	0.505737	5827	27	2	13	65	1.666667	0.074074	150	125	559.445743	4.340274	0.000000	-0.092450	-3.273606	-0.000668	-0.002514	0.005644	5972.623587	0.160643	0.160643	27	2	25	13	65	1.666667	0.074074	27	1	150	125	72	4.475566	4.340274	559.445743	0.000000	46000	7.894285	11.246954	256x256	65536	sparse	Otsu	786	27	56	5798	31.432025	0.684642	30.776332	0.992203	0.154999	0.323695	9	4	0.000000	51	5440	32.044697	0.759482	0.993366	31.094447	0.208990	0.155277	344	29.088459	0.501112	0.982567	26.117660	0.480558	0.184701	-1.493862	-0.004020	-2.782549	-0.178906	True	0.529303	28.658698	0.505789	29.289267	0.566126	0.236621	0.626638	28.983213	0.999433	7403
7404.png	0.299363	0.300277	0.461866	0.798773	0.324850	0.990144	16.665030	0.999390	26.691350	0.658730	0.259182	0.257344	27.900723	0.510551	1410	5	0	2	12	1.545455	0.000000	22	17	79.526912	4.117981	0.000000	-0.450297	-8.588270	-0.007978	0.000270	0.354234	935.627222	0.658730	0.658730	5	0	5	2	12	1.545455	0.000000	5	0	22	17	8	4.678054	4.117981	79.526912	0.000000	45952	32.590071	46.479433	256x256	65536	sparse	Frangi	161	5	11	1323	30.085479	0.538682	25.386590	0.999120	0.304497	0.608254	7	8	0.000000	21	1330	30.499814	0.587281	0.999097	25.608857	0.493383	0.289199								1.304760	-0.349073	-2.184756	-0.028131	True	0.300686	27.904724	0.510570	26.699404	0.744619	0.191623	0.749660	25.253300	0.998122	7404
7405.png	0.716518	0.394910	0.566216	0.395283	0.997619	0.999599	27.719570	0.998047	29.238334	0.329245	0.269481	0.737883	31.417573	0.589832	2107	10	0	1	21	1.574468	0.000000	47	37	166.882251	4.722975	0.000000	-0.002683	0.266027	0.000008	0.000044	-0.005189	1371.515989	0.329245	0.329245	10	0	10	1	21	1.574468	0.000000	10	0	47	37	25	4.510331	4.722975	166.882251	0.000000	44743	21.235406	31.103939	256x256	65536	sparse	Otsu	221	10	27	2046	31.719383	0.628407	28.995139	0.998003	0.334434	0.302324	5	0	0.750000	39	2058	32.068928	0.672140	0.997924	29.148055	0.423050	0.319811	4403	32.555896	0.726425	0.998790	31.830989	0.217295	0.329245	0.243195	-0.032843	-0.301810	-0.038574	True	0.715084	31.422049	0.589872	29.247832	0.417252	0.307883	0.719201	27.453543	0.999591	7405
7406.png	0.567255	0.436553	0.607779	0.451666	0.928811	0.998739	26.952408	0.996513	29.005380	0.353344	0.587286	0.573221	31.175260	0.587484	2266	4	0	5	13	1.804878	0.000000	41	37	197.852814	6.997232	0.000000	-0.002696	-0.650142	-0.000546	0.000350	-0.003285	1800.556660	0.353344	0.353344	4	0	4	5	13	1.804878	0.000000	4	0	41	37	23	5.347373	6.997232	197.852814	0.000000	45000	19.858782	28.921447	256x256	65536	sparse	Otsu	240	4	28	2210	31.608757	0.632690	28.640491	0.996162	0.356630	0.633955	4	3	0.000000	39	2254	31.870376	0.674561	0.996274	28.884804	0.381217	0.348792	3954	32.223749	0.704935	0.997763	31.586026	0.277713	0.350751	0.364890	-0.046670	-0.433497	-0.045206	True	0.568819	31.178283	0.587480	29.010025	0.739460	0.423874	0.569951	27.602549	0.999285	7406
7407.png	0.629825	0.315057	0.479153	0.323097	0.926799	0.998935	27.957954	0.993521	29.304528	0.291102	0.350638	0.472915	29.823124	0.541802	3935	17	1	7	40	1.692308	0.058824	104	88	404.019336	4.589997	0.000000	-0.042686	-1.237593	-0.000360	-0.001214	0.002736	2987.493753	0.291102	0.291102	17	1	16	7	40	1.692308	0.058824	17	1	104	88	57	4.591129	4.589997	404.019336	0.000000	45588	11.585260	16.654638	256x256	65536	sparse	Otsu	464	17	40	3802	31.372403	0.653934	30.325687	0.994735	0.288366	0.318869	15	7	0.000000	45	3838	31.773936	0.719603	0.994824	30.138442	0.247233	0.281351	536	30.339366	0.543571	0.991090	27.659588	0.544640	0.316573	-1.021159	0.031769	-1.549279	-0.112132	True	0.629688	29.829484	0.541840	29.312550	0.717761	0.339440	0.672511	29.195547	0.999295	7407
7408.png	0.638644	0.477517	0.646378	0.487805	0.957702	0.998533	24.897567	0.997083	28.693028	0.451342	0.341073	0.721278	30.897052	0.575950	2164	7	0	1	15	1.621622	0.000000	37	30	161.367532	5.779674	0.000000	-0.038418	-2.758235	-0.000817	-0.000023	-0.013521	1749.053001	0.451342	0.451342	7	0	7	1	15	1.621622	0.000000	7	0	37	30	21	5.378918	5.779674	161.367532	0.000000	45139	20.859057	30.284658	256x256	65536	sparse	Otsu	230	7	27	2111	31.439645	0.620326	28.557573	0.997106	0.464863	0.465630	6	3	0.000000	36	2088	31.652525	0.660653	0.996908	28.237174	0.328189	0.438257	4176	32.141510	0.707172	0.998382	31.355216	0.297657	0.444220	0.135454	-0.124557	-0.542593	-0.044376	True	0.639566	30.901876	0.575999	28.704370	0.532334	0.383961	0.677062	27.655802	0.999350	7408
7410.png	0.395761	0.248051	0.397501	0.911458	0.254176	0.990574	16.112305	0.999688	28.053294	0.121719	0.309266	0.723107	29.082480	0.587344	984	2	0	0	4	1.555556	0.000000	9	7	40.384776	3.984362	0.000000						822.975636	0.121719	0.121719	2	0	2	0	4	1.555556	0.000000	2	0	9	7	5	5.769254	3.984362	40.384776	0.000000	44568	45.292683	66.601626	256x256	65536	sparse	Frangi	149	2												25	980	31.857766	0.636014	0.999644	27.411025	0.639405	0.216234												True	0.397839	29.087568	0.587391	28.049897	0.650062	0.470065				7410
7411.png	0.586634	0.396672	0.568024	0.412394	0.912317	0.998390	25.745655	0.996172	29.265972	0.351962	0.354674	0.562135	30.742753	0.565794	2656	10	0	4	24	1.666667	0.000000	60	50	244.208153	5.317056	0.000000	-0.024171	-2.563506	-0.000912	0.000015	-0.004360	2223.641396	0.351962	0.351962	10	0	10	4	24	1.666667	0.000000	10	0	60	50	32	4.884163	5.317056	244.208153	0.000000	45411	17.097515	24.674699	256x256	65536	sparse	Otsu	286	10	30	2602	31.297960	0.627956	29.314281	0.996157	0.356322	0.361792	11	0	0.950000	38	2622	31.638808	0.677957	0.995920	28.878491	0.257327	0.311838	3535	31.721999	0.676931	0.997153	30.759813	0.244216	0.349798	-0.048309	-0.007118	-0.555207	-0.062162	True	0.589728	30.748897	0.565852	29.279221	0.660404	0.371236	0.610804	28.309162	0.999302	7411
7412.png	0.634207	0.453404	0.623920	0.500630	0.827778	0.995835	20.369932	0.997816	29.200813	0.472487	0.483149	0.648778	30.091398	0.563603	2455	6	0	3	15	1.750000	0.000000	48	42	218.095454	4.677994	0.000000	-0.099795	-8.064642	-0.003430	-0.000008	0.035326	1901.628733	0.472487	0.472487	6	0	6	3	15	1.750000	0.000000	6	0	48	42	30	5.192749	4.677994	218.095454	0.000000	45246	18.430143	26.694908	256x256	65536	sparse	Otsu	292	6	29	2453	31.369241	0.627407	29.105813	0.997824	0.437161	0.642278	5	3	0.000000	36	2308	31.588803	0.667359	0.997474	28.693632	0.341073	0.446677	3773	31.832391	0.687293	0.998467	31.105210	0.448989	0.418794	0.095000	-0.159130	-1.277843	-0.063803	True	0.634772	30.093563	0.563640	29.199585	0.645129	0.418545	0.734003	28.434574	0.999265	7412
7413.png	0.452955	0.450133	0.620816	0.473096	0.902667	0.997451	23.690884	0.996074	29.141080	0.294986	0.417252	0.399723	30.285732	0.562596	2898	7	0	2	16	1.714286	0.000000	49	42	209.752309	5.744802	0.000000	-0.058949	-4.926188	-0.001567	-0.000371	0.015325	2905.585527	0.294986	0.294986	7	0	7	2	16	1.714286	0.000000	7	0	49	42	31	4.994103	5.744802	209.752309	0.000000	45267	15.620083	22.614217	256x256	65536	sparse	Otsu	380	7	33	2884	31.467760	0.638734	29.527968	0.996444	0.279661	0.199618	15	1	0.000000	40	2830	31.799767	0.687989	0.995851	29.205891	0.240428	0.280054	3171	31.634702	0.659243	0.996948	30.522397	0.173041	0.300271	-0.386888	0.217633	-1.182028	-0.076138	True	0.453502	30.284271	0.562612	29.136792	0.593430	0.237207	0.511905	28.617072	0.999018	7413
7414.png	0.529826	0.527593	0.690751	0.536428	0.969729	0.998314	28.878683	0.995334	29.958778	0.395852	0.589344	0.320769	31.798051	0.614015	2617	6	0	7	19	1.818182	0.000000	66	60	293.722871	5.533086	0.000000	0.003485	-0.480188	-0.000246	0.000083	0.008736	1818.391562	0.395852	0.395852	6	0	6	7	19	1.818182	0.000000	6	0	66	60	40	4.895381	5.533086	293.722871	0.000000	44497	17.003057	25.042415	256x256	65536	sparse	Otsu	299	6	33	2614	32.157502	0.664289	30.021481	0.995250	0.387116	0.250375	22	9	0.000000	43	2314	32.381602	0.696422	0.995036	29.747326	0.242956	0.383016	3509	32.523284	0.708710	0.996584	31.430368	0.124483	0.416618	-0.062703	0.338970	-0.359452	-0.050273	True	0.545328	31.801189	0.614032	29.968434	0.668458	0.214420	0.526341	29.358871	0.998560	7414
7415.png	0.618815	0.327463	0.493367	0.329914	0.977814	0.999146	27.660077	0.995176	29.495877	0.277928	0.384918	0.551005	30.160922	0.556058	2907	10	0	5	25	1.705882	0.000000	68	58	271.107648	5.605946	0.000000	-0.055946	-0.533847	-0.000220	-0.000104	-0.012448	2297.248363	0.277928	0.277928	10	0	10	5	25	1.705882	0.000000	10	0	68	58	38	4.674270	5.605946	271.107648	0.000000	45384	15.611971	22.544204	256x256	65536	sparse	Otsu	314	10	33	2894	31.386020	0.635783	29.624975	0.995280	0.290376	0.410741	9	7	0.000000	42	2864	31.749749	0.684417	0.995490	29.689483	0.608068	0.286622	3209	31.554659	0.660178	0.996165	30.618072	0.320035	0.290643	-0.129098	-0.025822	-1.225098	-0.079725	True	0.615705	30.166652	0.556076	29.506890	0.662098	0.364820	0.674761	28.193924	0.999365	7415
7416.png	0.643826	0.519523	0.683798	0.532435	0.955404	0.998818	27.061551	0.997619	29.132892	0.460277	0.508356	0.596918	31.627582	0.606482	2067	4	0	2	10	1.764706	0.000000	34	30	154.568542	6.338704	0.000000	-0.021936	-0.747221	-0.000380	0.000219	-0.009966	1442.165136	0.460277	0.460277	4	0	4	2	10	1.764706	0.000000	4	0	34	30	22	5.152285	6.338704	154.568542	0.000000	44738	21.643928	31.705854	256x256	65536	sparse	Otsu	229	4	27	1986	31.871497	0.639533	28.598900	0.997400	0.470243	0.381217	9	7	0.000000	40	2044	32.178696	0.680071	0.997355	28.817888	0.330898	0.457251	4275	32.673603	0.726707	0.998694	31.825745	0.309266	0.474654	0.533992	0.127139	-0.243915	-0.033051	True	0.643148	31.632753	0.606511	29.151025	0.539757	0.322190	0.665763	27.808772	0.999198	7416
7417.png	0.597421	0.235822	0.381643	0.240512	0.923617	0.998851	26.358597	0.993627	29.819836	0.202685	0.271321	0.559020	29.762555	0.548521	3680	23	0	6	52	1.549020	0.000000	102	79	384.078210	4.491348	0.000000	-0.127110	-2.973060	-0.000650	-0.001140	-0.008771	2522.457600	0.202685	0.202685	23	0	23	6	52	1.549020	0.000000	23	0	102	79	44	4.861749	4.491348	384.078210	0.000000	45297	12.308967	17.808696	256x256	65536	sparse	Otsu	421	23	40	3602	31.615934	0.656018	30.799371	0.994767	0.211456	0.543424	5	3	0.000000	46	3532	32.013302	0.714708	0.994801	30.709251	0.235092	0.206951	533	30.688154	0.555609	0.992145	28.612962	0.525266	0.221165	-0.979534	-0.272103	-1.853379	-0.107497	True	0.600573	29.767387	0.548558	29.830386	0.593430	0.331739	0.724531	29.331657	0.999501	7417
7418.png	0.587462	0.501887	0.668342	0.536471	0.886174	0.998040	26.089943	0.996621	29.084040	0.450084	0.644774	0.414650	31.043611	0.580240	2505	4	0	4	12	1.836735	0.000000	49	45	238.208153	5.926463	0.000000	-0.026766	-2.252800	-0.001045	0.000065	0.000694	2387.483358	0.450084	0.450084	4	0	4	4	12	1.836735	0.000000	4	0	49	45	33	5.293515	5.926463	238.208153	0.000000	45154	18.025549	26.162076	256x256	65536	sparse	Otsu	298	4	30	2498	31.498475	0.636836	28.973959	0.996556	0.449390	0.514636	7	5	0.000000	38	2456	31.793868	0.681677	0.996425	28.767813	0.341942	0.453280	3774	32.007970	0.695588	0.997842	31.063640	0.278423	0.451920	0.110081	0.130137	-0.454865	-0.056596	True	0.584468	31.048411	0.580263	29.089246	0.753403	0.312398	0.614228	28.342742	0.999085	7418
7419.png	0.525455	0.268301	0.423087	0.275874	0.907182	0.998660	24.958230	0.996225	29.434252	0.232413	0.377078	0.352392	30.602065	0.576112	2913	9	0	5	23	1.689655	0.000000	58	49	231.752309	5.521659	0.000000	-0.081793	-3.541743	-0.000949	-0.000305	-0.001220	3004.700422	0.232413	0.232413	9	0	9	5	23	1.689655	0.000000	9	0	58	49	30	4.729639	5.521659	231.752309	0.000000	44959	15.433917	22.497769	256x256	65536	sparse	Otsu	380	9	34	2857	31.754121	0.647502	29.893862	0.996530	0.233632	0.230232	12	1	0.333333	44	2768	32.110996	0.695775	0.996393	29.899472	0.239161	0.229595	3149	31.947188	0.672161	0.997289	31.000479	0.186071	0.235118	-0.459610	0.146845	-1.152056	-0.071390	True	0.526843	30.603785	0.576147	29.438652	0.511297	0.180177	0.607248	28.499973	0.999609	7419
7420.png	0.737648	0.408407	0.579956	0.409106	0.995833	0.999551	27.699680	0.996621	28.601155	0.422597	0.452754	0.921486	30.266170	0.543644	2521	7	0	3	17	1.735849	0.000000	53	46	235.066017	5.093268	0.000000	-0.009675	0.179189	0.000018	0.000024	-0.003190	1797.619343	0.422597	0.422597	7	0	7	3	17	1.735849	0.000000	7	0	53	46	33	5.110131	5.093268	235.066017	0.000000	45714	18.133280	25.996033	256x256	65536	sparse	Otsu	265	7	28	2500	30.898568	0.608071	28.501985	0.996597	0.425787	0.498424	6	2	0.000000	33	2468	31.147028	0.654979	0.996351	28.109121	0.424491	0.420116	3677	31.350360	0.663090	0.997631	30.402722	0.466647	0.422313	0.099170	-0.045670	-0.632398	-0.064427	True	0.732639	30.269588	0.543668	28.611716	0.501424	0.462056	0.747323	27.520491	0.999533	7420
7421.png	0.473783	0.396728	0.568082	0.399273	0.984186	0.998329	28.149522	0.992985	29.252838	0.238921	0.412571	0.505909	29.687171	0.528776	3844	15	0	7	38	1.716981	0.000000	106	91	434.119841	4.963153	0.000000	-0.007111	-0.824811	-0.000324	-0.000819	0.009088	2848.587751	0.238921	0.238921	15	0	15	7	38	1.716981	0.000000	15	0	106	91	61	4.770548	4.963153	434.119841	0.000000	45898	11.940166	17.048907	256x256	65536	sparse	Otsu	434	15	38	3819	31.059990	0.643103	29.884288	0.993804	0.229834	0.190388	25	2	0.000000	41	3616	31.419159	0.699907	0.993762	29.619450	0.185484	0.240350	537	29.982489	0.524737	0.988870	27.308242	0.316139	0.202688	-0.631450	0.222183	-1.372819	-0.114327	True	0.472872	29.692564	0.528796	29.256207	0.569726	0.288230	0.480893	28.974333	0.998653	7421
7422.png	0.365553	0.240456	0.387690	0.465986	0.331920	0.994400	18.439129	0.998685	28.782716	0.327450	0.296720	0.542254	28.606514	0.498955	1513	5	0	2	12	1.615385	0.000000	26	21	92.526912	4.704479	0.000000	-0.240270	-8.470697	-0.004561	0.000354	0.077189	1029.326200	0.327450	0.327450	5	0	5	2	12	1.615385	0.000000	5	0	26	21	12	4.406043	4.704479	92.526912	0.000000	46042	30.430932	43.315268	256x256	65536	sparse	Frangi	170	5	17	1509	30.199468	0.540217	27.624567	0.998332	0.250261	0.335243	12	5	0.000000	22	1466	30.465439	0.583052	0.998258	27.567460	0.231002	0.250549								1.158149	-0.038523	-1.592954	-0.041263	True	0.367692	28.608464	0.498976	28.785952	0.660404	0.358107	0.605823	26.909826	0.998961	7422
7423.png	0.658824	0.639153	0.779858	0.666560	0.939558	0.996602	22.402521	0.996970	28.432853	0.539144	0.604656	0.632294	30.302990	0.591250	2751	5	0	4	14	1.814815	0.000000	54	49	259.722871	5.356643	0.000000	-0.036664	-5.603963	-0.002075	0.000020	0.013920	1808.851004	0.539144	0.539144	5	0	5	4	14	1.814815	0.000000	5	0	54	49	36	5.300467	5.356643	259.722871	0.000000	45168	16.418757	23.822610	256x256	65536	sparse	Otsu	292	5	31	2713	31.568688	0.648663	28.550022	0.996951	0.525224	0.706731	6	13	0.000000	41	2734	31.910418	0.698568	0.996874	28.645344	0.479376	0.520866	3351	31.897364	0.679558	0.997821	30.441381	0.679266	0.526722	-0.117168	-0.102075	-1.265698	-0.057413	True	0.661053	30.306299	0.591263	28.438576	0.789864	0.499426	0.695487	28.006484	0.998678	7423
7424.png	0.607226	0.396871	0.568228	0.398638	0.988954	0.999274	28.174728	0.995012	29.040297	0.300542	0.397499	0.559986	29.889695	0.531508	3382	12	0	7	31	1.700000	0.000000	80	68	328.450793	5.130111	0.000000	-0.032702	-0.194015	-0.000088	-0.000371	-0.008520	3043.460131	0.300542	0.300542	12	0	12	7	31	1.700000	0.000000	12	0	80	68	42	4.830159	5.130111	328.450793	0.000000	45852	13.557658	19.377883	256x256	65536	sparse	Otsu	405	12	34	3205	30.976925	0.627424	29.432741	0.995383	0.309062	0.419836	9	8	0.000000	40	3204	31.365548	0.683807	0.995047	29.266207	0.468169	0.299633	606	30.185767	0.532862	0.992815	27.415494	0.458457	0.321111	-0.392444	-0.022337	-1.087230	-0.095916	True	0.607351	29.897798	0.531539	29.043254	0.721963	0.404289	0.639928	28.368743	0.999361	7424
7425.png	0.490206	0.364906	0.534698	0.370700	0.958930	0.998665	27.931377	0.992741	29.447325	0.321285	0.312975	0.552944	30.240686	0.550689	3280	13	0	4	30	1.617647	0.000000	68	55	264.137085	5.966925	0.000000	-0.015204	-1.038509	-0.000467	-0.000403	0.007164	2879.799604	0.321285	0.321285	13	0	13	4	30	1.617647	0.000000	13	0	68	55	34	4.802492	5.966925	264.137085	0.000000	45477	13.864939	19.980488	256x256	65536	sparse	Otsu	363	13	35	3218	31.349292	0.641374	29.762208	0.993143	0.314121	0.253978	20	6	0.000000	41	3136	31.678535	0.692308	0.992930	29.591259	0.222614	0.278165	604	30.622628	0.553536	0.990139	28.246188	0.361460	0.307618	-0.314883	0.058997	-1.108606	-0.090685	True	0.491650	30.249015	0.550729	29.455445	0.640845	0.354351	0.505410	28.969885	0.999133	7425
7426.png	0.583762	0.567352	0.723962	0.602181	0.907486	0.997386	23.262961	0.997665	28.236047	0.448151	0.426884	0.578651	30.446549	0.568294	2314	6	0	3	15	1.739130	0.000000	46	40	197.450793	5.286814	0.000000	-0.041946	-4.282109	-0.001629	0.000017	0.006906	1722.347498	0.448151	0.448151	6	0	6	3	15	1.739130	0.000000	6	0	46	40	28	4.936270	5.286814	197.450793	0.000000	45353	19.599395	28.321521	256x256	65536	sparse	Otsu	240	6	26	2251	31.171510	0.617205	28.062239	0.997649	0.441245	0.454315	7	1	0.416667	34	2280	31.515725	0.664419	0.997518	28.110662	0.361095	0.421217	4037	31.907623	0.695712	0.998717	31.063640	0.277989	0.431411	0.173808	-0.027432	-0.724961	-0.048911	True	0.577918	30.450061	0.568327	28.250220	0.713495	0.412865	0.625708	27.545069	0.999015	7426
7427.png	0.633111	0.204126	0.339045	0.208427	0.908203	0.999194	26.377731	0.993797	29.351278	0.191485	0.320909	0.474168	29.948841	0.549567	3880	20	2	8	46	1.660377	0.100000	106	88	414.220346	4.380193	0.000000	-0.037111	-1.844492	-0.000449	-0.001172	0.000134	2684.562206	0.191485	0.191485	20	2	18	8	46	1.660377	0.100000	20	2	106	88	52	4.707049	4.380193	414.220346	0.000000	45477	11.720876	16.890722	256x256	65536	sparse	Otsu	432	20	41	3852	31.615684	0.662120	30.380533	0.994970	0.191351	0.417252	5	1	0.375000	46	3622	31.987286	0.716693	0.995364	30.623500	0.176136	0.195837	536	30.535935	0.553375	0.992276	27.760443	0.498424	0.197669	-1.029255	-0.096343	-1.666843	-0.112553	True	0.631973	29.953141	0.549596	29.357488	0.559568	0.265330	0.670222	28.222223	0.999643	7427
7428.png	0.521285	0.155109	0.268561	0.155284	0.992791	0.999486	28.016050	0.990377	29.485249	0.132845	0.286448	0.551555	28.692377	0.506714	4845	32	1	11	74	1.619632	0.031250	163	132	573.617316	4.423165	0.000000	-0.104282	-0.944282	-0.000158	-0.002052	0.000436	3212.642431	0.132845	0.132845	32	1	31	11	74	1.619632	0.031250	32	1	163	132	78	4.345586	4.423165	573.617316	0.000000	45972	9.488545	13.526522	256x256	65536	sparse	Otsu	509	32	47	4803	31.219734	0.662108	30.719107	0.992428	0.132410	0.400362	7	1	0.609375	46	4484	31.701027	0.729109	0.992735	30.719920	0.145887	0.127191	406	29.797814	0.511798	0.986928	27.845035	0.292959	0.149042	-1.233859	-0.113914	-2.527358	-0.155394	True	0.520179	28.699492	0.506741	29.489305	0.515675	0.284423	0.625567	28.960332	0.999644	7428
7429.png	0.643717	0.453892	0.624382	0.494046	0.848131	0.996234	22.365475	0.996392	28.541870	0.560000	0.462056	0.610292	30.448971	0.581017	2316	5	0	2	12	1.767442	0.000000	43	38	173.195959	6.648336	0.000000	-0.101077	-5.156652	-0.002740	0.000235	0.035379	1803.395033	0.560000	0.560000	5	0	5	2	12	1.767442	0.000000	5	0	43	38	29	4.557788	6.648336	173.195959	0.000000	45235	19.531520	28.297064	256x256	65536	sparse	Otsu	232	5	27	2226	31.423549	0.631014	28.339560	0.996156	0.524621	0.711579	6	15	0.000000	37	2294	31.708329	0.676719	0.995975	28.280748	0.654533	0.536879	3885	32.066692	0.698309	0.997992	31.283254	0.514868	0.526099	0.202310	-0.249523	-0.974578	-0.049996	True	0.641026	30.454436	0.581041	28.549489	0.782379	0.477479	0.744794	27.522127	0.998974	7429
7430.png	0.584149	0.177331	0.301242	0.191826	0.701205	0.997280	16.731043	0.995590	29.407498	0.174862	0.202814	0.837066	28.996695	0.530689	2934	24	0	2	50	1.454545	0.000000	88	64	281.137085	3.724339	0.000000	-0.104429	-10.759378	-0.002366	-0.000289	0.030053	1709.914446	0.174862	0.174862	24	0	24	2	50	1.454545	0.000000	24	0	88	64	36	4.392767	3.724339	281.137085	0.000000	45681	15.569530	22.336742	256x256	65536	sparse	Frangi	312	24	32	2840	31.140868	0.621705	29.863928	0.995879	0.144809	0.310990	8	5	0.000000	39	2860	31.447551	0.674232	0.996483	30.109586	0.487267	0.138906	3206	31.308231	0.645214	0.996225	30.554762	0.423050	0.145427	-0.456430	-0.108177	-2.144173	-0.091016	True	0.585127	28.999922	0.530704	29.407389	0.423050	0.354121	0.688578	27.490421	0.999646	7430
7431.png	0.559118	0.214591	0.353355	0.215781	0.974939	0.999201	27.560569	0.991016	29.543385	0.166027	0.292052	0.498905	29.173809	0.527639	4473	26	1	9	60	1.621212	0.038462	132	107	479.090404	4.348396	0.000000	-0.065599	-1.513824	-0.000325	-0.001688	0.003261	3373.129845	0.166027	0.166027	26	1	25	9	60	1.621212	0.038462	26	1	132	107	63	4.477480	4.348396	479.090404	0.000000	45700	10.216857	14.651464	256x256	65536	sparse	Otsu	498	26	45	4457	31.401459	0.662747	30.682578	0.992704	0.162766	0.225637	14	5	0.000000	47	4472	31.941034	0.732343	0.993133	30.773309	0.170782	0.159172	470	30.216475	0.530691	0.987523	27.902218	0.255468	0.155579	-1.139193	0.066415	-2.227650	-0.135109	True	0.559118	29.178067	0.527672	29.547846	0.561327	0.280048	0.624717	29.074393	0.999525	7431
7432.png	0.405351	0.257165	0.409119	0.429773	0.390359	0.993377	17.698341	0.997720	29.348543	0.202084	0.227233	0.502327	28.662893	0.519663	1604	9	0	4	22	1.485714	0.000000	35	26	123.982756	5.180428	0.000000	-0.237930	-9.495179	-0.005513	0.000556	-0.034265	1173.720598	0.202084	0.202084	9	0	9	4	22	1.485714	0.000000	9	0	35	26	9	4.768568	5.180428	123.982756	0.000000	45665	28.469451	40.857855	256x256	65536	sparse	Frangi	168	9	17	1555	30.361448	0.556367	28.175076	0.997164	0.236349	0.435416	12	8	0.000000	26	1536	30.825389	0.602727	0.996946	28.206913	0.368716	0.200000	5627	32.099189	0.742228	0.998696	31.657354	0.100390	0.206777	1.173467	-0.208183	-1.698555	-0.036704	True	0.389021	28.662579	0.519706	29.354410	0.682729	0.342953	0.643281	27.193520	0.998890	7432
7433.png	0.717458	0.446490	0.617343	0.449717	0.984182	0.999287	27.336895	0.997149	28.523706	0.417976	0.665460	0.533560	31.159826	0.590506	2711	4	0	4	12	1.862069	0.000000	58	54	257.663997	6.607471	0.000000	-0.003229	-0.005981	-0.000147	-0.000009	-0.003737	2421.456099	0.417976	0.417976	4	0	4	4	12	1.862069	0.000000	4	0	58	54	42	4.771555	6.607471	257.663997	0.000000	45421	16.754334	24.174105	256x256	65536	sparse	Otsu	280	4	31	2709	31.494344	0.643837	28.466009	0.997157	0.421713	0.358535	10	1	0.000000	41	2596	31.915426	0.690003	0.997059	28.796004	0.368716	0.418889	3506	31.908707	0.680776	0.998089	30.595970	0.294770	0.408035	0.057697	0.306926	-0.334518	-0.053331	True	0.716841	31.164997	0.590546	28.530459	0.544640	0.290598	0.720688	27.342876	0.999434	7433
7434.png	0.155423	0.155423	0.269032	0.968085	0.156223	0.988995	13.160000	0.999917	25.805512	0.989418	0.355964	0.568123	27.618604	0.540499	840	1	0	0	2	1.666667	0.000000	6	5	23.899495	3.600566	0.000000						635.949373	0.989418	0.989418	1	0	1	0	2	1.666667	0.000000	1	0	6	5	4	4.779899	3.600566	23.899495	0.000000	45354	53.992857	78.019048	256x256	65536	sparse	Frangi	138	1												21	800	31.094089	0.589728	0.999900	24.665921	0.250905	0.225690												True	0.155423	27.621994	0.540500	25.813420	0.626561	0.355964				7434
7435.png	0.578493	0.256462	0.408228	0.258343	0.972395	0.998731	27.758010	0.991808	29.631175	0.196596	0.342356	0.597492	29.405932	0.540369	4485	22	1	12	55	1.669291	0.045455	127	106	493.847763	4.495667	0.000000	-0.081612	-1.803550	-0.000507	-0.001766	0.001024	3515.194178	0.196596	0.196596	22	1	21	12	55	1.669291	0.045455	22	1	127	106	60	4.658941	4.495667	493.847763	0.000000	45490	10.142698	14.612263	256x256	65536	sparse	Otsu	506	22	46	4477	31.640848	0.672725	30.832793	0.993575	0.195573	0.547666	6	3	0.000000	49	4218	32.102628	0.734589	0.993762	30.899237	0.282672	0.183114	472	30.416174	0.545022	0.989026	28.177485	0.479691	0.203802	-1.201618	-0.205310	-2.234916	-0.132356	True	0.578584	29.411959	0.540408	29.632885	0.617107	0.368716	0.660105	29.561560	0.999238	7435
7436.png	0.548067	0.192350	0.322640	0.193544	0.968923	0.998646	28.443496	0.986981	29.759373	0.158340	0.291988	0.538304	28.445598	0.515609	5661	34	1	15	81	1.627119	0.029412	177	144	634.357431	4.623305	0.000000	-0.131691	-1.689382	-0.000463	-0.003188	-0.018268	5378.989220	0.158340	0.158340	34	1	33	15	81	1.627119	0.029412	34	1	177	144	81	4.405260	4.623305	634.357431	0.000000	45787	8.088147	11.576753	256x256	65536	sparse	Otsu	699	34	55	5542	31.547487	0.683288	31.301611	0.990169	0.176608	0.156148	45	15	0.000000	51	5230	32.136569	0.755396	0.990886	31.303663	0.184655	0.154360	341	29.832135	0.512026	0.978822	27.399972	0.444563	0.210900	-1.542239	0.135840	-3.101889	-0.167678	True	0.547022	28.448704	0.515637	29.763512	0.655272	0.352735	0.679758	30.132878	0.999109	7436
7437.png	0.607932	0.239705	0.386713	0.240642	0.984020	0.999414	28.235187	0.992228	29.399457	0.234137	0.286091	0.558959	29.640895	0.530354	3777	20	0	5	45	1.600000	0.000000	100	80	363.806133	5.013592	0.000000	-0.064457	-0.522817	-0.000120	-0.000821	-0.001678	3542.497396	0.234137	0.234137	20	0	20	5	45	1.600000	0.000000	20	0	100	80	50	4.547577	5.013592	363.806133	0.000000	45736	12.109081	17.351337	256x256	65536	sparse	Otsu	419	20	38	3710	31.191972	0.644204	30.089779	0.993049	0.235814	0.481670	7	3	0.000000	42	3740	31.589518	0.706906	0.993027	29.954299	0.134545	0.227589	538	30.274802	0.534483	0.989611	28.278455	0.383276	0.231149	-0.690323	-0.195579	-1.551078	-0.113850	True	0.610821	29.648575	0.530395	29.405401	0.552465	0.308805	0.672389	28.758004	0.999534	7437
7438.png	0.400485	0.319331	0.484080	0.624335	0.395282	0.989659	16.946418	0.998538	28.561517	0.270066	0.262877	0.651166	28.225111	0.554579	1758	8	0	2	18	1.515152	0.000000	33	25	126.012193	4.300555	0.000000	-0.222909	-10.914278	-0.008712	0.000074	0.003539	1284.613371	0.270066	0.270066	8	0	8	2	18	1.515152	0.000000	8	0	33	25	13	5.040488	4.300555	126.012193	0.000000	45245	25.736633	37.278726	256x256	65536	sparse	Frangi	193	8	21	1716	31.177468	0.604243	28.446471	0.998464	0.266527	0.457735	10	3	0.000000	30	1690	31.384636	0.641054	0.998312	28.099738	0.373955	0.264206	5285	32.509540	0.748478	0.999225	31.769778	0.292959	0.254902	0.115046	-0.194858	-2.952357	-0.049665	True	0.392493	28.220334	0.554592	28.558170	0.614546	0.400171	0.623393	27.860696	0.998371	7438
7439.png	0.734740	0.291173	0.451021	0.295064	0.956676	0.999058	25.607598	0.995909	29.073225	0.303692	0.375478	0.850353	30.156216	0.538621	3121	13	3	9	31	1.764706	0.230769	85	75	336.249783	4.417661	0.000000	-0.037313	-2.046240	-0.000542	-0.000315	0.004070	2274.913549	0.303692	0.303692	13	3	10	9	31	1.764706	0.230769	13	3	85	75	45	4.483330	4.417661	336.249783	0.000000	45797	14.673822	20.998398	256x256	65536	sparse	Otsu	318	13	32	2985	31.024797	0.625000	29.301154	0.996224	0.299621	0.536987	6	0	0.230769	38	2918	31.375546	0.676946	0.996279	29.183865	0.565402	0.284088	657	30.307587	0.543428	0.994391	27.376011	0.644774	0.335138	-0.227929	-0.161509	-0.868581	-0.086379	True	0.730075	30.163344	0.538655	29.080497	0.684942	0.582443	0.772053	27.653838	0.999600	7439
7440.png	0.663031	0.432236	0.603582	0.452286	0.906977	0.997407	23.537515	0.996058	29.225306	0.448752	0.635781	0.571166	30.754465	0.577742	2346	4	0	5	13	1.840000	0.000000	50	46	230.308658	5.873117	0.000000	-0.053513	-4.428092	-0.001809	0.000306	-0.004024	1682.260036	0.448752	0.448752	4	0	4	5	13	1.840000	0.000000	4	0	50	46	32	5.006710	5.873117	230.308658	0.000000	45167	19.252771	27.935209	256x256	65536	sparse	Otsu	251	4	27	2152	31.436213	0.624154	28.935067	0.995753	0.452776	0.630892	6	8	0.000000	35	2108	31.621002	0.663603	0.995210	28.485752	0.372150	0.435448	3825	32.005122	0.696809	0.997204	30.965350	0.450190	0.433950	0.290239	0.004889	-0.681749	-0.046413	True	0.664364	30.758354	0.577773	29.225271	0.643706	0.367663	0.716544	27.965606	0.999216	7440
7441.png	0.611631	0.209538	0.346477	0.209820	0.993642	0.999294	26.984979	0.992437	29.445563	0.207477	0.302324	0.828089	29.200296	0.521978	4936	23	0	9	55	1.616667	0.000000	120	97	443.605122	4.721001	0.000000	-0.099892	-1.977629	-0.000357	-0.001616	0.012650	5162.318707	0.207477	0.207477	23	0	23	9	55	1.616667	0.000000	23	0	120	97	56	4.573249	4.721001	443.605122	0.000000	45784	9.275527	13.277147	256x256	65536	sparse	Otsu	637	23	48	4810	31.401116	0.670173	30.580876	0.994053	0.194828	0.498424	6	2	0.000000	49	4844	32.005280	0.746389	0.994342	30.740585	0.168752	0.192778	406	29.799312	0.523119	0.986047	26.342220	0.365099	0.255676	-1.135312	-0.196100	-2.200820	-0.148195	True	0.612903	29.198492	0.521959	29.444944	0.568289	0.470594	0.711523	28.962608	0.999651	7441
7442.png	0.542074	0.426024	0.597499	0.442842	0.918149	0.998468	27.055869	0.996682	29.686268	0.294550	0.222172	0.416170	30.827732	0.567361	2340	16	0	2	34	1.448276	0.000000	58	42	211.923882	4.884363	0.000000	-0.053408	-1.458342	-0.000501	-0.000030	-0.007247	1716.333866	0.294550	0.294550	16	0	16	2	34	1.448276	0.000000	16	0	58	42	22	5.045807	4.884363	211.923882	0.000000	45042	19.248718	28.006838	256x256	65536	sparse	Otsu	241	16	29	2310	31.488266	0.624750	29.581961	0.996712	0.301797	0.247696	13	3	0.000000	37	2238	31.739022	0.665304	0.996444	29.389564	0.263727	0.305771	4022	32.095230	0.701610	0.997659	31.582772	0.206910	0.298851	0.104308	-0.025524	-0.660534	-0.057390	True	0.539765	30.835410	0.567399	29.692588	0.613259	0.255220	0.595483	28.514212	0.998970	7442
7443.png	0.543636	0.373166	0.543511	0.383267	0.934033	0.999013	28.654789	0.994475	29.972248	0.359732	0.541594	0.465506	31.293954	0.582040	2272	5	0	5	15	1.811321	0.000000	53	48	220.651804	6.578766	0.000000	-0.016123	-0.232641	-0.000199	0.000199	-0.024506	1929.356337	0.359732	0.359732	5	0	5	5	15	1.811321	0.000000	5	0	53	48	33	4.596913	6.578766	220.651804	0.000000	44858	19.743838	28.845070	256x256	65536	sparse	Otsu	254	5	29	2270	31.613820	0.630699	29.814249	0.994276	0.384238	0.460859	9	4	0.000000	38	2268	31.911009	0.671550	0.993714	29.458335	0.140341	0.364435	3913	32.217239	0.705158	0.996156	31.581406	0.085724	0.376158	0.158000	0.080735	-0.319866	-0.048659	True	0.542424	31.299376	0.582077	29.981312	0.615572	0.286553	0.559760	28.887429	0.999212	7443
7444.png	0.315995	0.199324	0.332394	0.865526	0.205694	0.987148	15.237540	0.999732	27.114481	0.209069	0.228948	0.555564	27.773118	0.543867	1052	3	0	1	7	1.538462	0.000000	13	10	41.798990	3.685768	0.000000						821.828604	0.209069	0.209069	3	0	3	1	7	1.538462	0.000000	3	0	13	10	5	4.179899	3.685768	41.798990	0.000000	45281	43.042776	62.296578	256x256	65536	sparse	Frangi	145	3												23	1038	31.176271	0.607279	0.999676	26.231393	0.423874	0.203777												True	0.320955	27.771516	0.543861	27.119424	0.607807	0.337676				7444
7445.png	0.603457	0.385852	0.556845	0.396947	0.932457	0.998066	24.794828	0.995262	28.885384	0.315360	0.389725	0.653464	29.248893	0.530969	3482	13	0	5	31	1.697674	0.000000	86	73	349.421356	5.033286	0.000000	-0.081017	-3.351475	-0.001245	-0.000263	-0.005970	2607.092619	0.315360	0.315360	13	0	13	5	31	1.697674	0.000000	13	0	86	73	50	4.786594	5.033286	349.421356	0.000000	45938	13.192993	18.821367	256x256	65536	sparse	Otsu	393	13	35	3454	30.990977	0.635179	29.340881	0.995525	0.321330	0.318090	14	5	0.000000	39	3236	31.323115	0.686667	0.995406	29.170102	0.555142	0.321312	604	30.035751	0.534174	0.992627	27.221451	0.441500	0.322169	-0.455498	0.071636	-1.742084	-0.104210	True	0.604505	29.253311	0.531003	28.895455	0.597476	0.390429	0.684474	28.146303	0.999312	7445
7446.png	0.653061	0.379115	0.549795	0.382038	0.980224	0.999381	27.629968	0.997255	29.060964	0.414642	0.481423	0.723343	31.063745	0.582222	2407	6	0	2	14	1.750000	0.000000	48	42	216.681241	5.848026	0.000000	-0.026489	-0.194905	-0.000156	-0.000020	0.008632	2000.712395	0.414642	0.414642	6	0	6	2	14	1.750000	0.000000	6	0	48	42	32	5.159077	5.848026	216.681241	0.000000	45109	18.740756	27.227254	256x256	65536	sparse	Otsu	263	6	29	2388	31.456009	0.630868	29.027593	0.997275	0.406010	0.374998	10	2	0.000000	40	2388	31.843571	0.676834	0.997154	29.036262	0.477208	0.403474	3710	32.014518	0.692704	0.998287	31.318573	0.456649	0.417781	0.033371	0.106425	-0.392264	-0.048645	True	0.652617	31.068314	0.582247	29.063786	0.576838	0.417252	0.679550	27.824873	0.999538	7446
7447.png	0.646865	0.236479	0.382504	0.241970	0.912439	0.998442	22.696284	0.993703	29.249362	0.236024	0.322621	0.438716	29.110445	0.514957	4702	21	1	9	50	1.672131	0.047619	122	102	439.119841	4.290969	0.000000	-0.125221	-5.708386	-0.001192	-0.001144	0.008770	4533.371925	0.236024	0.236024	21	1	20	9	50	1.672131	0.047619	21	1	122	102	63	4.305096	4.290969	439.119841	0.000000	46000	9.783071	13.937899	256x256	65536	sparse	Otsu	622	21	45	4600	31.181246	0.660699	30.209137	0.994847	0.227253	0.396494	8	1	0.690476	47	4652	31.795738	0.738895	0.995213	30.493665	0.350082	0.227514	409	29.585426	0.516367	0.988870	25.805359	0.555142	0.268319	-0.959775	-0.073874	-2.070801	-0.145742	True	0.646438	29.113330	0.514974	29.254518	0.648308	0.284423	0.772086	28.404670	0.999635	7447
7448.png	0.702808	0.382783	0.553642	0.390219	0.952583	0.998997	27.435373	0.997110	29.898259	0.337810	0.316139	0.571176	30.923301	0.565507	2460	11	0	3	25	1.592593	0.000000	54	43	227.409163	5.095994	0.000000	0.002256	-0.927068	-0.000457	0.000181	0.006316	1908.783197	0.337810	0.337810	11	0	11	3	25	1.592593	0.000000	11	0	54	43	26	5.288585	5.095994	227.409163	0.000000	45212	18.378862	26.640650	256x256	65536	sparse	Otsu	253	11	29	2338	31.400151	0.621861	29.539835	0.996929	0.331494	0.403991	8	1	0.363636	38	2350	31.701236	0.665420	0.996712	29.254662	0.267600	0.348380	3798	31.941571	0.692660	0.997979	31.460017	0.256708	0.333678	0.358424	-0.087853	-0.476850	-0.056354	True	0.705928	30.926363	0.565535	29.902485	0.686514	0.392120	0.700552	28.362441	0.999454	7448
7449.png	0.507821	0.201995	0.336099	0.202689	0.983333	0.999019	26.663602	0.988531	29.338739	0.145839	0.330672	0.328718	28.460179	0.509340	6229	27	2	12	64	1.677419	0.074074	155	130	590.144228	4.621504	0.000000	-0.108299	-2.490612	-0.000521	-0.002601	-0.000066	7141.121864	0.145839	0.145839	27	2	25	12	64	1.677419	0.074074	27	1	155	130	79	4.539571	4.621504	590.144228	0.000000	46071	7.396211	10.521111	256x256	65536	sparse	Otsu	848	27	58	6163	31.497136	0.693058	30.834317	0.991132	0.145905	0.214355	16	4	0.000000	54	5828	32.228961	0.776322	0.992178	31.159057	0.152106	0.147983	341	29.180385	0.503298	0.977573	25.659567	0.379151	0.182303	-1.495579	0.116317	-3.036956	-0.183718	True	0.509202	28.468947	0.509362	29.345771	0.694254	0.228214	0.616120	29.154214	0.999540	7449
7450.png	0.658228	0.213688	0.352130	0.214406	0.984576	0.999450	28.096484	0.992414	29.579818	0.184099	0.300712	0.355810	29.635235	0.530590	4280	26	1	10	61	1.635036	0.038462	137	112	495.918831	4.401188	0.000000	-0.033472	-0.779670	-0.000149	-0.001299	0.002976	3120.870590	0.184099	0.184099	26	1	25	10	61	1.635036	0.038462	26	1	137	112	66	4.427847	4.401188	495.918831	0.000000	45725	10.683411	15.312150	256x256	65536	sparse	Otsu	463	26	43	4225	31.324932	0.656948	30.454766	0.993713	0.181123	0.275302	10	1	0.692308	45	3948	31.730107	0.718423	0.993699	30.440246	0.254936	0.175154	459	30.130006	0.531824	0.989136	27.585914	0.451188	0.205257	-0.874948	0.025410	-1.689697	-0.126357	True	0.659717	29.640890	0.530629	29.583948	0.578948	0.205996	0.691700	28.876154	0.999599	7450
7451.png	0.649682	0.229167	0.372881	0.233447	0.925926	0.999245	26.362634	0.994669	29.028359	0.218269	0.330956	0.562726	29.313573	0.519343	4014	21	0	9	51	1.634783	0.000000	115	94	455.261977	4.346283	0.000000	-0.047817	-1.504296	-0.000392	-0.000849	-0.002706	2392.427206	0.218269	0.218269	21	0	21	9	51	1.634783	0.000000	21	0	115	94	55	4.843213	4.346283	455.261977	0.000000	46083	11.480568	16.326856	256x256	65536	sparse	Otsu	416	21	40	4011	31.023127	0.645566	29.812239	0.995518	0.220975	0.448043	7	2	0.000000	42	3974	31.454429	0.712536	0.995499	29.696049	0.371236	0.218174	538	29.899556	0.522667	0.992362	26.777425	0.517126	0.229383	-0.783880	-0.117088	-1.709553	-0.126223	True	0.648763	29.320061	0.519358	29.035744	0.581886	0.327442	0.697498	27.866929	0.999638	7451
7452.png	0.593482	0.403075	0.574559	0.411108	0.953761	0.998887	26.846957	0.995938	29.082330	0.301294	0.401503	0.307921	30.346662	0.546576	3120	12	2	9	31	1.764706	0.166667	85	75	337.835570	4.709255	0.000000	-0.025236	-1.459489	-0.000468	-0.000205	-0.005687	2181.376457	0.301294	0.301294	12	2	10	9	31	1.764706	0.166667	12	3	85	75	45	4.504474	4.709255	337.835570	0.000000	45685	14.642628	21.005128	256x256	65536	sparse	Otsu	320	12	33	3095	31.141314	0.632619	29.318190	0.996143	0.306980	0.279019	14	4	0.750000	41	3096	31.507552	0.689408	0.996019	29.178352	0.281555	0.287037	665	30.409490	0.549925	0.994494	27.589522	0.312398	0.285260	-0.235860	0.122483	-0.794652	-0.086043	True	0.593696	30.352845	0.546631	29.097912	0.754633	0.232368	0.618718	28.306446	0.999355	7452
7453.png	0.686377	0.444568	0.615503	0.445721	0.994215	0.999430	28.367184	0.996901	29.400810	0.386439	0.477954	0.682237	31.246626	0.578879	1975	4	0	3	11	1.750000	0.000000	32	28	144.225397	7.098022	0.000000	0.004190	0.401638	0.000023	0.000399	-0.008522	1528.396130	0.386439	0.386439	4	0	4	3	11	1.750000	0.000000	4	0	32	28	18	5.150907	7.098022	144.225397	0.000000	45048	22.809114	33.182785	256x256	65536	sparse	Otsu	209	4	24	1814	31.434869	0.610286	28.873648	0.996502	0.394961	0.488291	6	7	0.000000	33	1954	31.653237	0.653026	0.996283	28.776175	0.563951	0.387180	4685	32.410799	0.729063	0.998123	31.723092	0.292016	0.394961	0.527162	-0.010337	-0.188243	-0.031406	True	0.685393	31.249387	0.578910	29.405805	0.589344	0.402072	0.682188	27.965546	0.999406	7453
7455.png	0.588345	0.397302	0.568671	0.414978	0.903174	0.997714	24.713681	0.994225	29.008410	0.348277	0.507809	0.602428	29.673550	0.536500	3146	9	1	12	28	1.818182	0.111111	88	80	356.149278	5.449580	0.000000	-0.098769	-3.725490	-0.001558	-0.000090	-0.018501	2309.524059	0.348277	0.348277	9	1	8	12	28	1.818182	0.111111	9	1	88	80	48	4.451866	5.449580	356.149278	0.000000	45809	14.561030	20.831532	256x256	65536	sparse	Otsu	318	9	32	3077	30.930941	0.626843	29.238341	0.994314	0.366778	0.374104	14	4	0.000000	38	3078	31.280368	0.683088	0.994038	29.032999	0.217556	0.373485	648	30.202736	0.541745	0.991147	27.287683	0.455289	0.387726	-0.229931	0.133705	-1.257391	-0.090343	True	0.589827	29.671442	0.536484	29.019674	0.645365	0.388786	0.687114	28.439172	0.999272	7455
7456.png	0.488511	0.223340	0.365132	0.223452	0.997753	0.999544	28.905229	0.993088	30.086470	0.181374	0.319063	0.722825	30.632497	0.573212	3078	14	0	6	34	1.641026	0.000000	78	64	288.551299	5.488079	0.000000	-0.022295	-0.195894	-0.000018	-0.000791	0.018314	2537.314177	0.181374	0.181374	14	0	14	6	34	1.641026	0.000000	14	0	78	64	38	4.508614	5.488079	288.551299	0.000000	44847	14.570175	21.291748	256x256	65536	sparse	Otsu	343	14	37	3059	31.915348	0.656265	30.833296	0.993879	0.163060	0.316139	7	1	0.250000	45	2784	32.189620	0.698144	0.994174	30.850454	0.234536	0.153208	657	31.242468	0.581472	0.992243	29.714448	0.316139	0.168848	-0.746826	0.002925	-1.282851	-0.083052	True	0.488055	30.637381	0.573233	30.090500	0.508356	0.367453	0.510806	29.101124	0.999562	7456
7457.png	0.636721	0.440268	0.611369	0.443517	0.983630	0.999262	28.152917	0.995378	29.066363	0.349695	0.487267	0.843617	30.978698	0.568779	2187	5	0	3	13	1.736842	0.000000	38	33	189.752309	6.734837	0.000000	0.002230	0.331264	0.000010	0.000524	-0.013679	1843.768597	0.349695	0.349695	5	0	5	3	13	1.736842	0.000000	5	0	38	33	22	5.750070	6.734837	189.752309	0.000000	45282	20.705075	29.966164	256x256	65536	sparse	Otsu	238	5	26	2099	31.215181	0.609253	28.806971	0.994854	0.363374	0.522886	5	7	0.000000	35	2156	31.549896	0.656172	0.994709	28.511995	0.415306	0.363170	4257	32.041105	0.706451	0.996848	31.210620	0.322422	0.362849	0.259391	-0.035619	-0.236483	-0.040475	True	0.635649	30.983950	0.568798	29.079494	0.626561	0.528577	0.634492	27.821653	0.999252	7457
7458.png	0.652554	0.405905	0.577429	0.416445	0.941309	0.999036	27.735089	0.996377	29.386082	0.365258	0.318869	0.496415	30.924279	0.573170	2538	10	0	3	23	1.642857	0.000000	56	46	212.237590	5.514653	0.000000	-0.007707	-0.714928	-0.000352	-0.000063	0.006479	2110.604048	0.365258	0.365258	10	0	10	3	23	1.642857	0.000000	10	0	56	46	30	4.613861	5.514653	212.237590	0.000000	45093	17.767139	25.821907	256x256	65536	sparse	Otsu	275	10	31	2515	31.558976	0.633506	29.444019	0.996440	0.358779	0.694254	4	3	0.000000	41	2496	31.861461	0.678938	0.996539	29.442435	0.348990	0.353331	3646	31.940005	0.686599	0.997613	31.277681	0.229682	0.359841	-0.057937	-0.375385	-0.634697	-0.060336	True	0.654987	30.926739	0.573179	29.387372	0.749676	0.372150	0.660261	28.450017	0.999388	7458
7459.png	0.602273	0.328440	0.494475	0.330533	0.981083	0.999375	28.201068	0.995243	29.490893	0.294134	0.449618	0.447566	30.544979	0.561772	2666	7	0	2	16	1.745455	0.000000	55	48	233.480231	5.915892	0.000000	-0.020214	-0.198656	-0.000123	-0.000247	0.001310	2254.224777	0.294134	0.294134	7	0	7	2	16	1.745455	0.000000	7	0	55	48	37	4.864171	5.915892	233.480231	0.000000	45336	17.005251	24.582146	256x256	65536	sparse	Otsu	293	7	31	2638	31.334991	0.626742	29.689071	0.995490	0.292824	0.454315	7	1	0.500000	39	2614	31.666121	0.678596	0.995383	29.640426	0.341638	0.269465	3539	31.705495	0.676337	0.996286	31.090771	0.246229	0.278437	-0.198178	-0.004697	-0.790012	-0.064969	True	0.602555	30.546596	0.561791	29.495754	0.668789	0.299327	0.622487	28.399724	0.999498	7459
7460.png	0.397374	0.276619	0.433362	0.849916	0.290825	0.989008	16.338996	0.999396	28.283887	0.199851	0.527633	0.647537	28.512575	0.565806	1212	2	2	3	5	2.000000	1.000000	25	25	85.012193	3.164783	0.000000	-0.230433	-7.463919	-0.007826	0.000877	-0.024892	1063.880920	0.199851	0.199851	2	2	0	3	5	2.000000	1.000000	2	2	25	25	17	3.400488	3.164783	85.012193	0.000000	44854	37.008251	54.072607	256x256	65536	sparse	Frangi	172	2	6	1198	30.534753	0.586554	23.912379	0.998519	0.224743	0.588757	7	7	0.000000	26	1112	31.573468	0.627787	0.999152	27.319627	0.517402	0.241281								4.371508	-0.061124	-2.022178	-0.020748	True	0.389912	28.518302	0.565836	28.292843	0.626187	0.405479	0.627807	23.802914	0.996834	7460
7461.png	0.451369	0.391727	0.562937	0.875000	0.414948	0.992074	18.816113	0.999104	28.715251	0.377747	0.389412	0.588678	29.375845	0.558245	1360	3	0	1	7	1.666667	0.000000	18	15	82.597980	4.634752	0.000000	-0.226569	-7.900937	-0.005977	0.000508	0.058427	1098.124981	0.377747	0.377747	3	0	3	1	7	1.666667	0.000000	3	0	18	15	10	5.506532	4.634752	82.597980	0.000000	45107	33.166912	48.188235	256x256	65536	sparse	Frangi	174	3	13	1309	30.782726	0.581522	26.526314	0.998596	0.319320	0.513248	11	11	0.000000	27	1358	31.373237	0.627395	0.998607	27.223279	0.287392	0.366365								2.188937	-0.123835	-1.406881	-0.023277	True	0.451439	29.380356	0.558285	28.716017	0.757074	0.445673	0.677937	26.717049	0.998051	7461
7462.png	0.594271	0.475285	0.644330	0.513347	0.865052	0.995688	20.163545	0.996912	28.501480	0.443274	0.465630	0.417344	29.700092	0.564872	2399	6	1	2	13	1.791667	0.166667	48	43	207.267027	5.845614	0.000000	-0.095848	-7.445349	-0.003536	0.000122	0.027641	1810.079336	0.443274	0.443274	6	1	5	2	13	1.791667	0.166667	6	0	48	43	33	4.820163	5.845614	207.267027	0.000000	45453	18.946644	27.318049	256x256	65536	sparse	Otsu	258	6	27	2340	31.167140	0.621348	28.483162	0.996790	0.415634	0.413745	10	0	0.666667	33	2398	31.388451	0.669237	0.996303	27.855382	0.414656	0.391969	3886	31.739263	0.688171	0.997763	30.628799	0.416191	0.411334	0.018317	0.051885	-1.467048	-0.056476	True	0.593750	29.707629	0.564904	28.505539	0.695170	0.290125	0.690119	27.608894	0.999224	7462
7463.png	0.456610	0.182015	0.307974	0.183232	0.964805	0.998861	27.166641	0.985858	29.535176	0.129510	0.363137	0.406985	28.709883	0.514030	6157	25	1	18	67	1.700000	0.040000	160	136	608.759451	4.715884	0.000000	-0.121213	-2.579767	-0.000583	-0.003895	-0.008510	6968.162298	0.129510	0.129510	25	1	24	18	67	1.700000	0.040000	25	1	160	136	75	4.476172	4.715884	608.759451	0.000000	45761	7.432353	10.644145	256x256	65536	sparse	Otsu	837	25	59	6048	31.720626	0.695882	31.211696	0.989753	0.138021	0.164223	33	6	0.000000	55	5702	32.435242	0.775471	0.991505	31.713752	0.122216	0.157260	344	29.761409	0.517150	0.977354	26.839955	0.391038	0.116973	-1.676520	0.198913	-3.010743	-0.181852	True	0.456876	28.712450	0.514056	29.535978	0.681776	0.277473	0.577824	29.746408	0.999443	7463
7464.png	0.634783	0.372128	0.542410	0.393375	0.873249	0.998025	24.191218	0.996224	29.049098	0.423401	0.393469	0.824950	30.332178	0.552494	2497	9	0	5	23	1.723077	0.000000	65	56	243.338095	5.727106	0.000000	-0.082042	-3.777917	-0.001388	0.000137	0.009198	1846.919775	0.423401	0.423401	9	0	9	5	23	1.723077	0.000000	9	0	65	56	37	4.345323	5.727106	243.338095	0.000000	45564	18.247497	26.245895	256x256	65536	sparse	Otsu	259	9	28	2448	31.118472	0.616953	29.001261	0.996087	0.414203	0.524077	8	8	0.000000	34	2354	31.322994	0.658387	0.995782	28.462105	0.541594	0.415905	3683	31.580948	0.676442	0.997568	30.905425	0.291966	0.420461	0.047837	-0.130608	-0.786295	-0.064458	True	0.635112	30.335000	0.552512	29.051576	0.654927	0.540282	0.716825	27.969135	0.999414	7464
7465.png	0.537343	0.401355	0.572809	0.405413	0.975662	0.999209	28.719013	0.994187	29.865853	0.272161	0.607807	0.317492	31.463432	0.596034	2395	5	0	6	16	1.818182	0.000000	55	50	260.066017	6.263213	0.000000	-0.000031	-0.056841	-0.000074	0.000079	0.009003	1929.651260	0.272161	0.272161	5	0	5	6	16	1.818182	0.000000	5	0	55	50	33	5.201320	6.263213	260.066017	0.000000	44692	18.660543	27.363674	256x256	65536	sparse	Otsu	279	5	30	2362	31.842984	0.644164	29.830003	0.994108	0.263158	0.257327	8	1	0.200000	43	2246	32.234272	0.681770	0.994683	30.149821	0.329680	0.291023	3943	32.470372	0.713401	0.995817	31.780466	0.309893	0.272592	0.035850	0.350479	-0.379551	-0.048130	True	0.538716	31.470461	0.596079	29.870010	0.663784	0.210746	0.537374	28.775854	0.999283	7465
7466.png	0.700274	0.701674	0.824687	0.720538	0.964032	0.997592	28.641031	0.995722	29.254695	0.599194	0.513248	0.657293	30.985258	0.571860	2520	6	0	2	14	1.789474	0.000000	57	51	243.137085	5.974770	0.000000	0.000076	-0.023923	-0.000105	0.000207	0.007618	1962.315798	0.599194	0.599194	6	0	6	2	14	1.789474	0.000000	6	0	57	51	41	4.767394	5.974770	243.137085	0.000000	45305	17.978175	26.006349	256x256	65536	sparse	Otsu	278	6	29	2430	31.339763	0.626442	29.029359	0.995516	0.591576	0.522018	11	13	0.000000	37	2390	31.555592	0.668632	0.994575	28.520905	0.341491	0.572450	3765	31.817719	0.688855	0.997077	30.885612	0.202319	0.556449	0.225337	-0.008770	-0.354505	-0.054582	True	0.697538	30.985190	0.571880	29.255710	0.784544	0.515675	0.700198	28.664954	0.997697	7466
7467.png	0.506216	0.365224	0.535039	0.394256	0.832211	0.996939	23.743894	0.995676	28.817748	0.361158	0.307289	0.536280	29.603393	0.539643	3272	14	0	5	33	1.605634	0.000000	71	57	277.793939	5.007954	0.000000	-0.085002	-4.865575	-0.002260	-0.000419	-0.002683	2772.947073	0.361158	0.361158	14	0	14	5	33	1.605634	0.000000	14	0	71	57	33	4.873578	5.007954	277.793939	0.000000	45668	13.957213	20.029340	256x256	65536	sparse	Otsu	373	14	34	3152	31.168582	0.636202	29.337763	0.996095	0.363841	0.416191	11	7	0.000000	40	3012	31.496306	0.684890	0.996283	29.314105	0.294897	0.357123	651	30.395964	0.548729	0.994305	27.606312	0.550671	0.374470	-0.520015	-0.108902	-1.565189	-0.096559	True	0.505221	29.609363	0.539689	28.824997	0.650761	0.348990	0.591218	28.609469	0.999199	7467
7468.png	0.304570	0.223953	0.365950	0.727749	0.244431	0.989416	15.040931	0.999349	27.822900	0.103152	0.259182	0.643868	27.457436	0.508893	1056	3	0	1	7	1.538462	0.000000	13	10	46.142136	4.488080	0.000000						798.029184	0.103152	0.103152	3	0	3	1	7	1.538462	0.000000	3	0	13	10	5	4.614214	4.488080	46.142136	0.000000	45873	43.440341	62.060606	256x256	65536	sparse	Frangi	147	3												19	954	30.502829	0.568739	0.999057	26.761109	0.363964	0.151480												True	0.303287	27.458783	0.508915	27.822605	0.592073	0.381217				7468
7469.png	0.617091	0.494722	0.661958	0.511479	0.937888	0.998390	27.581774	0.996757	29.394000	0.386612	0.378115	0.456533	31.360544	0.589545	2340	8	0	6	22	1.698113	0.000000	53	45	206.024387	5.476063	0.000000	-0.015902	-1.047962	-0.000337	0.000046	-0.020270	1799.525976	0.386612	0.386612	8	0	8	6	22	1.698113	0.000000	8	0	53	45	25	4.578320	5.476063	206.024387	0.000000	44873	19.176496	28.006838	256x256	65536	sparse	Otsu	272	8	30	2319	31.782623	0.638190	29.413884	0.996711	0.406881	0.305109	10	2	0.000000	41	2250	32.075514	0.678586	0.996545	29.221693	0.409922	0.386747	3805	32.278068	0.702448	0.997948	31.580772	0.329680	0.380292	-0.019883	0.073006	-0.422079	-0.048646	True	0.617091	31.367723	0.589581	29.403524	0.617107	0.281730	0.632992	28.629736	0.998726	7469
7470.png	0.754032	0.411635	0.583203	0.412286	0.996174	0.999502	27.737941	0.996719	28.706790	0.399310	0.400171	0.909542	30.146983	0.538905	2787	9	0	2	20	1.694915	0.000000	59	50	248.338095	5.098320	0.000000	-0.027624	0.161324	-0.000021	0.000032	-0.010184	1908.492804	0.399310	0.399310	9	0	9	2	20	1.694915	0.000000	9	0	59	50	37	4.966762	5.098320	248.338095	0.000000	45942	16.484392	23.514891	256x256	65536	sparse	Otsu	319	9	29	2668	30.850836	0.610063	28.613234	0.996688	0.409494	0.704770	4	8	0.000000	34	2648	31.116022	0.661163	0.996494	28.184590	0.350213	0.394554	3313	31.121010	0.644100	0.997211	29.635007	0.514868	0.398987	0.093556	-0.304599	-0.703853	-0.071158	True	0.755541	30.153109	0.538935	28.718005	0.595458	0.541594	0.781656	27.576617	0.999523	7470
7471.png	0.587125	0.330425	0.496721	0.343249	0.898418	0.997898	26.028976	0.992762	29.250106	0.317798	0.328101	0.675809	29.421153	0.529760	3489	17	2	6	38	1.687500	0.117647	96	81	367.806133	4.628404	0.000000	-0.090911	-3.038654	-0.000982	-0.000713	-0.032144	3016.069651	0.317798	0.317798	17	2	15	6	38	1.687500	0.117647	17	2	96	81	52	4.540816	4.628404	367.806133	0.000000	45676	13.091430	18.783606	256x256	65536	sparse	Otsu	397	17	35	3366	31.102954	0.634127	29.979491	0.993475	0.349943	0.308937	21	13	0.000000	40	3350	31.478801	0.692589	0.993329	29.820374	0.060737	0.342601	580	30.344082	0.535530	0.990337	28.490304	0.368716	0.357455	-0.729385	0.019164	-1.681801	-0.104367	True	0.585024	29.428606	0.529792	29.258530	0.671099	0.453535	0.678036	29.067630	0.998880	7471
7472.png	0.371775	0.184260	0.311181	0.770235	0.194977	0.990298	14.377439	0.999784	27.335326	0.110247	0.223791	0.485812	27.448430	0.524120	1039	3	0	0	6	1.400000	0.000000	10	7	38.727922	3.617040	0.000000						760.566473	0.110247	0.110247	3	0	3	0	6	1.400000	0.000000	3	0	10	7	4	5.532560	3.617040	38.727922	0.000000	45705	43.989413	63.076035	256x256	65536	sparse	Frangi	148	3												20	932	30.703918	0.581303	0.999740	26.359321	0.545247	0.173089												True	0.370554	27.452345	0.524174	27.341571	0.714924	0.347319				7472
7473.png	0.514346	0.558004	0.716306	0.570577	0.962011	0.998303	28.886095	0.995556	29.665613	0.345431	0.513248	0.371584	31.168888	0.574747	2487	6	1	3	14	1.818182	0.166667	55	50	241.066017	5.497551	0.000000	0.006530	0.141718	-0.000032	0.000130	0.011766	1981.195450	0.345431	0.345431	6	1	5	3	14	1.818182	0.166667	6	0	55	50	38	4.821320	5.497551	241.066017	0.000000	45081	18.126659	26.351427	256x256	65536	sparse	Otsu	286	6	30	2412	31.514615	0.628685	29.412584	0.995427	0.333665	0.193651	21	3	0.000000	41	2414	31.807028	0.671236	0.994767	29.294377	0.168729	0.314050	3764	31.962882	0.691737	0.996909	31.261061	0.173041	0.347006	0.253029	0.319597	-0.345727	-0.053938	True	0.514894	31.172679	0.574772	29.656714	0.598280	0.222311	0.507817	28.744377	0.998335	7473
7474.png	0.592127	0.341099	0.508686	0.354790	0.898370	0.998608	24.345556	0.997105	29.021597	0.317891	0.413912	0.597015	30.734848	0.563837	2329	7	1	3	15	1.785714	0.142857	56	50	209.994949	5.098994	0.000000	-0.047176	-2.791369	-0.000907	0.000147	-0.007656	1993.694067	0.317891	0.317891	7	1	6	3	15	1.785714	0.142857	7	1	56	50	38	4.199899	5.098994	209.994949	0.000000	45362	19.477029	28.139116	256x256	65536	sparse	Otsu	248	7	27	2170	31.259066	0.613276	28.730020	0.996958	0.325547	0.333499	7	1	1.000000	34	2118	31.523526	0.654243	0.996782	28.640175	0.359633	0.299110	3976	31.881588	0.692290	0.998018	31.427354	0.240970	0.319362	0.291577	0.080413	-0.524218	-0.049439	True	0.594706	30.738108	0.563877	29.024981	0.605446	0.361460	0.639303	27.136924	0.999515	7474
7475.png	0.204724	0.199842	0.333114	0.980620	0.200634	0.988634	14.705716	0.999815	26.192535	0.916364	0.221199	0.850496	28.402822	0.558387	875	2	0	0	4	1.500000	0.000000	8	6	25.899495	3.502713	0.000000						683.221579	0.916364	0.916364	2	0	2	0	4	1.500000	0.000000	2	0	8	6	4	4.316582	3.502713	25.899495	0.000000	45003	51.432000	74.898286	256x256	65536	sparse	Frangi	139	2												22	834	31.446247	0.608676	0.999793	25.431694	0.587286	0.216216												True	0.204724	28.402038	0.558400	26.199000	0.603469	0.513248				7475
7476.png	0.567458	0.478806	0.647557	0.495046	0.935879	0.998505	27.687750	0.996265	29.912061	0.349049	0.379151	0.557995	31.488621	0.590660	1941	6	0	5	17	1.714286	0.000000	42	36	157.296465	6.734147	0.000000	-0.011094	-0.763139	-0.000403	0.000290	0.008029	1650.588989	0.349049	0.349049	6	0	6	5	17	1.714286	0.000000	6	0	42	36	20	4.369346	6.734147	157.296465	0.000000	44713	23.036064	33.764039	256x256	65536	sparse	Otsu	205	6	26	1828	31.792019	0.622644	29.432519	0.995974	0.341021	0.624689	4	4	0.000000	35	1736	32.001002	0.657884	0.995584	29.268025	0.282871	0.288425	4782	32.781070	0.741530	0.997676	32.287172	0.235092	0.330431	0.479543	-0.245538	-0.303398	-0.031984	True	0.566780	31.491472	0.590697	29.910412	0.609372	0.340026	0.578552	28.450889	0.998908	7476
7477.png	0.667069	0.487115	0.655114	0.511847	0.909759	0.997225	21.206787	0.996776	28.159276	0.470015	0.583138	0.955720	30.095320	0.561365	2389	4	3	5	11	1.954545	0.750000	44	43	195.681241	5.838047	0.000000	-0.051400	-5.768735	-0.002039	0.000265	0.005380	2326.908112	0.470015	0.470015	4	3	1	5	11	1.954545	0.750000	4	2	44	43	28	4.550727	5.838047	195.681241	0.000000	45628	19.099205	27.432398	256x256	65536	sparse	Otsu	271	4	27	2197	31.124293	0.611321	27.853835	0.996512	0.464635	0.540063	6	3	0.500000	34	2196	31.365143	0.655847	0.996483	27.922069	0.626187	0.441187	3893	31.733543	0.682592	0.998230	31.049053	0.418416	0.439361	0.305441	0.043075	-1.028974	-0.049956	True	0.667069	30.096983	0.561365	28.166468	0.680181	0.650062	0.718470	26.975522	0.999264	7477
7478.png	0.658273	0.403795	0.575291	0.425260	0.888889	0.998287	25.235939	0.997152	29.574564	0.438820	0.372313	0.491452	31.398057	0.596156	2230	7	1	2	15	1.720930	0.142857	43	37	180.852814	5.221360	0.000000	-0.027624	-3.030440	-0.001056	0.000135	0.001638	1840.204716	0.438820	0.438820	7	1	6	2	15	1.720930	0.142857	7	0	43	37	26	4.887914	5.221360	180.852814	0.000000	44725	20.056054	29.388341	256x256	65536	sparse	Otsu	244	7	28	2180	31.818579	0.637977	29.455808	0.997017	0.437182	0.712059	4	4	0.000000	42	2230	32.203013	0.682643	0.996859	29.415280	0.411395	0.418760	4009	32.499169	0.717209	0.998162	31.636490	0.397499	0.430027	0.118755	-0.339746	-0.420522	-0.041821	True	0.657081	31.398903	0.596165	29.576960	0.688077	0.338157	0.685897	28.266379	0.999343	7478
7479.png	0.752354	0.326087	0.491803	0.329787	0.966736	0.999365	27.726544	0.997202	29.750295	0.316926	0.319859	0.831106	30.900190	0.560859	2482	11	0	3	25	1.633333	0.000000	60	49	229.994949	4.812341	0.000000	-0.015132	-0.479579	-0.000214	0.000043	-0.001786	1952.653646	0.316926	0.316926	11	0	11	3	25	1.633333	0.000000	11	0	60	49	32	4.693774	4.812341	229.994949	0.000000	45248	18.230459	26.404512	256x256	65536	sparse	Otsu	266	11	29	2403	31.322529	0.617727	29.597619	0.997159	0.318712	0.423050	6	2	0.000000	38	2430	31.666201	0.668874	0.997154	29.428820	0.489314	0.300390	3679	31.828093	0.684086	0.997849	30.976609	0.391951	0.319435	0.152675	-0.103192	-0.422339	-0.056867	True	0.750940	30.906360	0.560888	29.749824	0.520495	0.432586	0.767486	28.206123	0.999579	7479
7480.png	0.512781	0.217175	0.356851	0.219481	0.953865	0.998800	27.501303	0.986661	29.570540	0.154625	0.353482	0.472844	28.751752	0.518437	6142	26	1	14	65	1.691358	0.038462	162	137	613.658946	4.946164	0.000000	-0.099011	-2.328488	-0.000568	-0.003570	-0.006518	7219.284296	0.154625	0.154625	26	1	25	14	65	1.691358	0.038462	26	1	162	137	83	4.479262	4.946164	613.658946	0.000000	45767	7.451482	10.670140	256x256	65536	sparse	Otsu	832	26	59	6096	31.711134	0.697584	31.139185	0.990231	0.161143	0.154428	31	5	0.000000	55	5744	32.441051	0.775180	0.991352	31.442957	0.119345	0.164440	343	29.716633	0.519192	0.978974	26.912763	0.403494	0.185333	-1.568646	0.199054	-2.959382	-0.179147	True	0.512257	28.751422	0.518463	29.569047	0.527633	0.249488	0.611792	29.829791	0.999368	7480
7481.png	0.552239	0.376963	0.547529	0.400000	0.867470	0.997229	21.885064	0.995613	29.372792	0.307767	0.328562	0.578198	30.232111	0.568245	2698	12	0	2	26	1.647059	0.000000	68	56	262.622366	4.759417	0.000000	-0.058398	-6.736132	-0.001813	-0.000280	0.025892	2024.270773	0.307767	0.307767	12	0	12	2	26	1.647059	0.000000	12	0	68	56	40	4.689685	4.759417	262.622366	0.000000	45169	16.741660	24.290586	256x256	65536	sparse	Otsu	294	12	32	2650	31.566312	0.637528	29.884994	0.995893	0.281875	0.301249	13	4	0.000000	40	2434	31.819542	0.672024	0.996063	29.836357	0.386147	0.260733	3511	31.890783	0.681140	0.996577	31.065160	0.335243	0.270566	-0.512202	0.027312	-1.334201	-0.069283	True	0.553178	30.237824	0.568290	29.378650	0.668789	0.386693	0.610637	28.621197	0.999042	7481
7482.png	0.643009	0.415374	0.586946	0.423222	0.957265	0.999093	27.415533	0.997042	29.316879	0.353143	0.534666	0.435150	31.778587	0.614265	2309	4	0	1	9	1.800000	0.000000	40	36	175.923882	6.544111	0.000000	-0.007132	-0.409119	-0.000295	0.000238	-0.004220	1798.007965	0.353143	0.353143	4	0	4	1	9	1.800000	0.000000	4	0	40	36	30	4.886774	6.544111	175.923882	0.000000	44612	19.320918	28.382850	256x256	65536	sparse	Otsu	275	4	30	2219	32.079095	0.653626	28.928713	0.996805	0.357364	0.295312	10	2	0.000000	43	2082	32.341706	0.686489	0.997185	29.352569	0.360243	0.342376	3847	32.642303	0.717502	0.998086	31.592947	0.330898	0.345242	0.388165	0.239354	-0.300508	-0.039361	True	0.643923	31.783217	0.614311	29.320305	0.566559	0.246538	0.650142	27.824652	0.999387	7482
7483.png	0.390179	0.380371	0.551114	0.488108	0.632796	0.993933	17.701877	0.997949	28.609177	0.331571	0.262467	0.453282	28.789266	0.518132	2054	9	0	1	19	1.538462	0.000000	39	30	148.296465	4.672755	0.000000	-0.180053	-9.609155	-0.004988	0.000119	0.045021	1465.461016	0.331571	0.331571	9	0	9	1	19	1.538462	0.000000	9	0	39	30	19	4.943215	4.672755	148.296465	0.000000	45843	22.318890	31.906524	256x256	65536	sparse	Frangi	217	9	23	2045	30.529424	0.578072	28.380189	0.997830	0.286550	0.204141	12	0	0.833333	29	1958	30.876431	0.620828	0.997802	28.274767	0.206188	0.275893	4530	31.550245	0.696334	0.998640	31.330537	0.184900	0.292551	0.228989	0.058326	-1.740159	-0.059940	True	0.390843	28.791371	0.518146	28.605730	0.509338	0.230874	0.570232	27.311031	0.998921	7483
7484.png	0.607764	0.590617	0.742626	0.599462	0.975625	0.998591	28.649849	0.996891	29.409334	0.445677	0.505397	0.461050	31.778344	0.612468	2256	5	0	2	12	1.772727	0.000000	44	39	198.752309	5.468702	0.000000	-0.009713	0.161229	-0.000195	0.000242	-0.012672	1548.510551	0.445677	0.445677	5	0	5	2	12	1.772727	0.000000	5	0	44	39	30	5.096213	5.468702	198.752309	0.000000	44506	19.727837	29.049645	256x256	65536	sparse	Otsu	247	5	30	2183	32.111657	0.651312	29.062167	0.996649	0.458349	0.253605	16	6	0.000000	42	2218	32.397256	0.694080	0.996745	29.222363	0.357250	0.403226	4256	32.804866	0.730962	0.998255	31.856225	0.370656	0.446662	0.347167	0.251792	-0.333313	-0.038845	True	0.609954	31.779711	0.612468	29.412195	0.633955	0.292285	0.617477	28.488620	0.998786	7484
7485.png	0.505254	0.302228	0.464171	0.311090	0.913860	0.997675	25.116509	0.990660	29.322179	0.251425	0.344828	0.331110	29.408352	0.515557	4095	21	3	9	48	1.729323	0.142857	133	115	483.646753	4.479744	0.000000	-0.072492	-4.021723	-0.001267	-0.001198	0.011337	2623.152018	0.251425	0.251425	21	3	18	9	48	1.729323	0.142857	21	3	133	115	76	4.205624	4.479744	483.646753	0.000000	46012	11.236142	16.003907	256x256	65536	sparse	Otsu	419	21	40	4046	30.974165	0.643113	30.152819	0.991859	0.240088	0.236075	28	7	0.166667	41	3986	31.395998	0.708201	0.991842	30.013076	0.050685	0.233296	538	29.967183	0.517673	0.987098	28.232936	0.440102	0.236915	-0.830640	0.108753	-1.565813	-0.127556	True	0.505721	29.413232	0.515574	29.329310	0.617107	0.204331	0.577745	29.138232	0.998942	7485
7486.png	0.390049	0.177283	0.301173	0.177994	0.977985	0.999267	28.181379	0.988496	29.545519	0.131520	0.358641	0.372519	28.853573	0.513069	5219	24	1	13	60	1.689189	0.041667	148	125	579.173665	4.648742	0.000000	-0.043832	-0.971106	-0.000185	-0.002360	0.004555	4527.526617	0.131520	0.131520	24	1	23	13	60	1.689189	0.041667	24	1	148	125	75	4.633389	4.648742	579.173665	0.000000	45932	8.800920	12.557195	256x256	65536	sparse	Otsu	624	24	51	5104	31.336608	0.671624	30.686698	0.990856	0.126965	0.245992	17	10	0.000000	51	5132	32.049909	0.753032	0.991831	31.024072	0.184709	0.100601	407	29.920765	0.515597	0.983212	27.479202	0.242054	0.126483	-1.141179	0.112649	-2.483035	-0.158555	True	0.388005	28.855590	0.513087	29.544533	0.601481	0.224063	0.433881	29.152485	0.999452	7486
7487.png	0.614518	0.398592	0.569990	0.404286	0.965870	0.998649	27.307566	0.993740	28.954417	0.396152	0.342953	0.718650	29.405558	0.517429	3673	15	0	5	35	1.666667	0.000000	90	75	349.291414	4.860266	0.000000	-0.051359	-1.322404	-0.000488	-0.000764	-0.009464	3349.043608	0.396152	0.396152	15	0	15	5	35	1.666667	0.000000	15	0	90	75	50	4.657219	4.860266	349.291414	0.000000	46018	12.528723	17.842635	256x256	65536	sparse	Otsu	439	15	36	3643	30.868736	0.632854	29.561171	0.994504	0.405616	0.382864	15	11	0.000000	36	3306	31.097567	0.678377	0.993520	28.965713	0.090194	0.374129	534	29.960315	0.519382	0.991267	27.510986	0.379668	0.368409	-0.606754	-0.039911	-1.463178	-0.115426	True	0.615523	29.414930	0.517473	28.970709	0.743339	0.534201	0.665877	28.629970	0.999137	7487
7488.png	0.532620	0.397132	0.568496	0.403444	0.962097	0.998983	27.925374	0.994979	28.953059	0.311042	0.402228	0.402366	29.972949	0.543684	3194	11	0	6	28	1.702703	0.000000	74	63	307.208153	5.261308	0.000000	-0.040255	-0.605891	-0.000286	-0.000545	-0.008619	2638.724804	0.311042	0.311042	11	0	11	6	28	1.702703	0.000000	11	0	74	63	40	4.876320	5.261308	307.208153	0.000000	45655	14.293989	20.518472	256x256	65536	sparse	Otsu	365	11	34	3133	31.175051	0.634211	29.428036	0.995524	0.319661	0.367568	11	3	0.000000	41	3064	31.514669	0.686411	0.995415	29.226749	0.376700	0.319132	660	30.414507	0.547790	0.993153	27.644626	0.344594	0.298835	-0.474977	0.034660	-1.202103	-0.090526	True	0.539439	29.974573	0.543692	28.957009	0.758286	0.305109	0.572876	28.531264	0.999270	7488
7489.png	0.570950	0.578635	0.733083	0.608662	0.921441	0.998190	26.610159	0.996753	28.981532	0.436598	0.499426	0.673399	31.511719	0.606208	2323	5	0	2	12	1.777778	0.000000	45	40	192.438600	5.620542	0.000000	-0.028939	-1.843877	-0.000801	-0.000035	-0.004093	1958.884478	0.436598	0.436598	5	0	5	2	12	1.777778	0.000000	5	0	45	40	31	4.810965	5.620542	192.438600	0.000000	44729	19.254843	28.211795	256x256	65536	sparse	Otsu	281	5	30	2313	31.921181	0.649390	29.029062	0.996788	0.440691	0.378115	8	2	0.000000	40	2100	32.197154	0.682056	0.996395	28.901122	0.435282	0.417274	3955	32.522907	0.715168	0.997855	31.574608	0.313647	0.430816	-0.047531	0.121311	-0.409463	-0.043182	True	0.570391	31.516469	0.606242	28.993869	0.586873	0.395200	0.599889	28.454036	0.998991	7489
7490.png	0.529501	0.501073	0.667619	0.505409	0.983165	0.999237	28.345101	0.997643	29.085843	0.360883	0.488291	0.545325	31.619693	0.599857	1973	4	0	0	8	1.757576	0.000000	33	29	149.882251	6.203706	0.000000	-0.012386	0.438150	0.000036	0.000152	-0.009087	1706.854582	0.360883	0.360883	4	0	4	0	8	1.757576	0.000000	4	0	33	29	25	5.168353	6.203706	149.882251	0.000000	44730	22.671059	33.216422	256x256	65536	sparse	Otsu	228	4	27	1953	31.830377	0.632814	28.635932	0.997491	0.369970	0.281875	9	1	0.000000	35	1776	32.011663	0.661809	0.996979	28.287313	0.221907	0.337370	4855	32.781202	0.742412	0.998718	32.099833	0.182131	0.361748	0.449910	0.206417	-0.210684	-0.032957	True	0.527589	31.623934	0.599901	29.084455	0.563951	0.307537	0.541887	27.906950	0.999201	7490
7491.png	0.645130	0.467218	0.636876	0.478690	0.951206	0.998657	26.197883	0.996553	28.518976	0.447118	0.474212	0.580728	30.094512	0.535155	2667	7	0	3	17	1.754386	0.000000	57	50	257.350288	5.826330	0.000000	-0.033008	-1.269944	-0.000543	0.000242	-0.013990	1946.733713	0.447118	0.447118	7	0	7	3	17	1.754386	0.000000	7	0	57	50	37	5.147006	5.826330	257.350288	0.000000	46031	17.259468	24.572928	256x256	65536	sparse	Otsu	278	7	27	2518	30.617439	0.601904	28.239017	0.996312	0.461108	0.330637	14	4	0.000000	31	2648	30.855365	0.656329	0.995802	27.598078	0.402228	0.450154	3407	31.007623	0.645172	0.997438	29.885928	0.300853	0.453068	0.279960	0.143575	-0.522926	-0.066748	True	0.649614	30.099869	0.535163	28.538815	0.661760	0.384303	0.678139	27.467827	0.999200	7491
7492.png	0.658931	0.316869	0.481246	0.319891	0.971050	0.999182	27.020228	0.995740	28.933329	0.298142	0.321006	0.694466	29.829611	0.519099	3003	14	0	5	34	1.636364	0.000000	77	63	294.521861	5.149967	0.000000	-0.010170	-0.858229	-0.000291	-0.000111	0.008468	2299.711227	0.298142	0.298142	14	0	14	5	34	1.636364	0.000000	14	0	77	63	38	4.674950	5.149967	294.521861	0.000000	46049	15.334332	21.823510	256x256	65536	sparse	Otsu	296	14	30	2919	30.635119	0.607397	29.017369	0.995851	0.289674	0.455289	8	5	0.000000	33	2774	30.924687	0.656761	0.995647	28.636571	0.378460	0.287035	656	30.008204	0.522876	0.993938	27.387682	0.413354	0.311057	-0.084040	-0.134283	-0.805508	-0.088298	True	0.659859	29.838274	0.519130	28.939019	0.563078	0.391038	0.669102	27.878457	0.999472	7492
7493.png	0.487728	0.126475	0.224550	0.127262	0.953362	0.999137	26.706213	0.986876	30.185763	0.103100	0.376558	0.427468	29.184824	0.542374	5791	24	1	13	60	1.691275	0.041667	149	126	618.972655	4.734762	0.000000	-0.116624	-3.334840	-0.000557	-0.003564	0.004775	5769.457102	0.103100	0.103100	24	1	23	13	60	1.691275	0.041667	24	1	149	126	76	4.912481	4.734762	618.972655	0.000000	45271	7.817475	11.316871	256x256	65536	sparse	Otsu	768	24	59	5694	32.144027	0.703314	31.807203	0.990441	0.098325	0.196477	16	2	0.333333	58	5466	32.826015	0.778354	0.991460	32.083906	0.172867	0.143215	344	30.220018	0.545546	0.980841	27.682771	0.285377	0.118810	-1.621440	0.180081	-2.959204	-0.160940	True	0.482977	29.193485	0.542405	30.188252	0.541594	0.231514	0.604352	30.041053	0.999694	7493
7494.png	0.632419	0.267316	0.421862	0.269332	0.972768	0.999070	27.800096	0.990438	29.356942	0.253941	0.372691	0.526792	29.346601	0.518814	4899	19	1	13	50	1.709677	0.052632	124	106	479.261977	5.043074	0.000000	-0.058925	-1.059358	-0.000318	-0.001672	0.012429	4940.608978	0.253941	0.253941	19	1	18	13	50	1.709677	0.052632	19	1	124	106	61	4.521339	5.043074	479.261977	0.000000	45966	9.382731	13.377424	256x256	65536	sparse	Otsu	607	19	47	4822	31.237514	0.667514	30.320462	0.992110	0.241512	0.356954	13	9	0.000000	47	4586	31.735210	0.734715	0.992374	30.322404	0.181679	0.235120	402	29.749935	0.518356	0.983886	26.525072	0.441965	0.273077	-0.963520	0.015737	-1.890913	-0.148700	True	0.632052	29.354556	0.518857	29.365435	0.620158	0.326694	0.691344	28.859454	0.999388	7494
7495.png	0.236148	0.091206	0.167166	0.091798	0.933953	0.999024	28.620450	0.975784	29.907057	0.036474	0.363409	0.281107	27.418433	0.511405	8606	43	1	29	113	1.692308	0.023256	273	231	1056.577777	4.607384	0.000000	0.197771	-2.895528	-0.000566	-0.009761	-0.139340	7600.229979	0.036474	0.036474	43	1	42	29	113	1.692308	0.023256	43	1	273	231	131	4.573930	4.607384	1056.577777	0.000000	45486	5.285382	7.615152	256x256	65536	sparse	Otsu	1149	43	72	8431	32.465926	0.746362	32.498762	0.985546	0.175814	0.222221	1234	380	0.000000	70	7832	33.791862	0.836115	0.989205	33.441686	0.922076	0.173583	250	29.657046	0.518874	0.966002	27.357046	0.483149	0.088143	-2.591705	0.141188	-5.047493	-0.234957	True	0.234828	27.422541	0.511476	29.912580	0.581048	0.163337	0.038377	31.515979	0.999591	7495
7496.png	0.611951	0.438129	0.609305	0.449115	0.947123	0.998816	26.282990	0.996752	29.081197	0.380029	0.520495	0.503039	30.952239	0.573829	2125	4	0	3	11	1.789474	0.000000	38	34	164.539105	6.781856	0.000000	-0.004878	-1.463862	-0.000537	0.000271	0.003010	1665.585518	0.380029	0.380029	4	0	4	3	11	1.789474	0.000000	4	0	38	34	24	4.839385	6.781856	164.539105	0.000000	45157	21.250353	30.840471	256x256	65536	sparse	Otsu	221	4	26	2018	31.351264	0.611973	28.671987	0.996481	0.377019	0.371236	10	5	0.000000	34	2114	31.600434	0.659867	0.996184	28.458044	0.332356	0.369350	4176	32.099420	0.705835	0.997886	31.473493	0.253397	0.363703	0.409210	0.149258	-0.399026	-0.038144	True	0.612483	30.957116	0.573866	29.085196	0.557803	0.280597	0.616829	27.746852	0.999353	7496
7497.png	0.649566	0.187988	0.316481	0.189895	0.949296	0.999284	26.936883	0.991762	29.250696	0.169460	0.301742	0.399029	29.236277	0.518544	4993	24	3	11	56	1.669291	0.125000	127	106	464.747258	4.320100	0.000000	-0.057272	-1.765530	-0.000382	-0.001836	-0.003833	4711.635351	0.169460	0.169460	24	3	21	11	56	1.669291	0.125000	24	3	127	106	60	4.384408	4.320100	464.747258	0.000000	45898	9.192469	13.125576	256x256	65536	sparse	Otsu	625	24	48	4870	31.336515	0.668332	30.509440	0.993598	0.173293	0.445673	6	2	0.458333	48	4608	31.886641	0.739850	0.994156	30.651896	0.338999	0.167448	409	29.771668	0.519539	0.987055	26.351430	0.366609	0.214526	-1.258744	-0.143931	-2.100238	-0.149788	True	0.648777	29.239719	0.518596	29.256386	0.571729	0.228136	0.706838	28.702412	0.999666	7497
7498.png	0.684037	0.312531	0.476227	0.314486	0.980499	0.999191	27.274854	0.994712	28.736476	0.298496	0.345576	0.602616	29.797911	0.525801	3275	15	1	8	37	1.702128	0.066667	94	80	346.249783	4.609889	0.000000	-0.020430	-0.429445	-0.000163	-0.000548	-0.000903	2251.866817	0.298496	0.298496	15	1	14	8	37	1.702128	0.066667	15	1	94	80	49	4.328122	4.609889	346.249783	0.000000	45952	14.031145	20.010992	256x256	65536	sparse	Otsu	327	15	33	3211	30.866564	0.623492	29.173955	0.995259	0.299400	0.489994	6	5	0.000000	38	3202	31.237626	0.681242	0.995551	29.067483	0.367453	0.290000	655	30.164053	0.530393	0.993500	27.715889	0.470594	0.312828	-0.437479	-0.144418	-1.068652	-0.097690	True	0.679842	29.805377	0.525835	28.738747	0.555142	0.334537	0.704467	27.704299	0.999354	7498
7499.png	0.484761	0.245599	0.394347	0.246295	0.988626	0.999151	26.980250	0.992772	29.411193	0.176811	0.329680	0.302021	29.941750	0.546508	3553	18	4	10	42	1.733333	0.222222	105	91	390.877200	4.509176	0.000000	-0.018002	-1.824076	-0.000391	-0.001132	0.010943	2470.766783	0.176811	0.176811	18	4	14	10	42	1.733333	0.222222	18	4	105	91	53	4.295354	4.509176	390.877200	0.000000	45449	12.791725	18.445258	256x256	65536	sparse	Otsu	372	18	38	3535	31.468226	0.649446	30.302296	0.993905	0.165867	0.190039	13	1	0.486111	43	3224	31.796668	0.698956	0.993824	30.228084	0.320035	0.164124	599	30.684368	0.551502	0.991262	28.888112	0.393469	0.162816	-0.891103	0.139641	-1.526476	-0.102937	True	0.483660	29.947590	0.546542	29.419926	0.597476	0.180450	0.502762	28.804326	0.999542	7499
7500.png	0.370248	0.249677	0.399587	0.925837	0.254773	0.989536	15.144091	0.999699	26.125026	0.227147	0.213372	0.304034	27.914537	0.536759	1060	3	0	1	7	1.400000	0.000000	10	7	36.727922	4.112841	0.000000						748.494148	0.227147	0.227147	3	0	3	1	7	1.400000	0.000000	3	0	10	7	2	5.246846	4.112841	36.727922	0.000000	45542	42.964151	61.826415	256x256	65536	sparse	Frangi	140	3												21	964	30.954605	0.596586	0.999654	25.861168	0.680181	0.214815												True	0.369243	27.919453	0.536796	26.132441	0.701803	0.213372				7500
7501.png	0.759285	0.515412	0.680227	0.517025	0.993980	0.999469	27.709408	0.997882	28.446788	0.471229	0.605446	0.506544	30.796037	0.566024	2337	4	1	2	8	1.850000	0.250000	40	37	213.651804	5.535481	0.000000	-0.003146	0.245551	-0.000021	0.000016	-0.007441	1672.331810	0.471229	0.471229	4	1	3	2	8	1.850000	0.250000	4	1	40	37	30	5.774373	5.535481	213.651804	0.000000	45442	19.444587	28.042790	256x256	65536	sparse	Otsu	270	4	27	2200	31.186881	0.611108	28.311953	0.997866	0.478669	0.503415	5	1	0.875000	34	2224	31.455093	0.660202	0.997641	27.858992	0.524791	0.465362	4133	31.865353	0.695800	0.998694	31.010999	0.300927	0.468102	0.134835	0.102032	-0.390844	-0.045083	True	0.760496	30.800667	0.566042	28.465071	0.561327	0.284337	0.762431	27.463857	0.999490	7501
7502.png	0.683187	0.345625	0.513701	0.346795	0.990327	0.999454	27.934553	0.994772	29.230811	0.344326	0.368716	0.595816	30.300108	0.539748	2745	10	0	3	23	1.661017	0.000000	59	49	246.923882	5.910290	0.000000	-0.004985	0.011732	-0.000004	0.000203	0.001892	2013.329506	0.344326	0.344326	10	0	10	3	23	1.661017	0.000000	10	0	59	49	33	5.039263	5.910290	246.923882	0.000000	45835	16.697632	23.874681	256x256	65536	sparse	Otsu	278	10	29	2614	30.867502	0.610488	29.066398	0.994569	0.342434	0.412049	9	5	0.000000	33	2730	31.121747	0.665406	0.993990	28.642820	0.460709	0.336368	2995	31.068389	0.637476	0.995464	29.854142	0.333023	0.324669	0.164414	-0.043332	-0.567393	-0.070740	True	0.683782	30.305571	0.539787	29.241351	0.686514	0.409036	0.688172	27.922821	0.999459	7502
7503.png	0.582535	0.489276	0.657065	0.498259	0.964461	0.998900	27.661397	0.995652	29.216866	0.371284	0.511297	0.472967	31.421097	0.603157	2350	5	0	4	14	1.782609	0.000000	46	41	201.752309	6.597427	0.000000	-0.019353	-0.376992	-0.000207	0.000068	-0.021393	1830.763102	0.371284	0.371284	5	0	5	4	14	1.782609	0.000000	5	0	46	41	28	4.920788	6.597427	201.752309	0.000000	44876	19.096170	27.887660	256x256	65536	sparse	Otsu	245	5	29	2329	31.782889	0.645749	28.872295	0.995584	0.392677	0.401004	8	2	0.000000	40	2224	32.138288	0.683762	0.995384	28.987806	0.381217	0.372394	3748	32.371159	0.706381	0.996914	31.289986	0.300327	0.384275	0.344572	0.110293	-0.361791	-0.042592	True	0.582535	31.424747	0.603179	29.218728	0.747160	0.353382	0.601888	28.038389	0.999107	7503
7504.png	0.635734	0.391532	0.562736	0.422222	0.843422	0.995598	18.036635	0.997364	28.845595	0.448470	0.550671	0.610723	29.684720	0.574079	2226	4	0	2	10	1.800000	0.000000	40	36	184.580736	6.109472	0.000000	-0.110265	-9.316078	-0.003949	0.000275	0.051603	1823.781729	0.448470	0.448470	4	0	4	2	10	1.800000	0.000000	4	0	40	36	28	5.127243	6.109472	184.580736	0.000000	45265	20.334681	29.441150	256x256	65536	sparse	Otsu	240	4	27	2186	31.402899	0.624481	28.463822	0.997089	0.396867	0.676967	4	2	0.000000	34	2072	31.578959	0.661118	0.996769	28.033600	0.543119	0.372850	4218	32.142782	0.707887	0.998561	31.461201	0.480846	0.393657	0.381773	-0.126296	-1.718180	-0.050402	True	0.630525	29.686200	0.574081	28.846401	0.668789	0.408445	0.745999	27.352712	0.999548	7504
7505.png	0.779687	0.497188	0.664162	0.502845	0.977873	0.998774	26.816394	0.996936	28.623697	0.547641	0.474212	1.167943	30.527211	0.558287	2702	7	0	2	16	1.750000	0.000000	56	49	256.521861	5.425947	0.000000	-0.022319	-0.698643	-0.000308	0.000170	-0.001654	1953.069210	0.547641	0.547641	7	0	7	2	16	1.750000	0.000000	7	0	56	49	38	5.235140	5.425947	256.521861	0.000000	45699	16.913027	24.254626	256x256	65536	sparse	Otsu	288	7	29	2653	30.988922	0.622008	28.367721	0.996767	0.549296	0.488291	8	2	0.000000	34	2658	31.232832	0.671506	0.996457	27.824195	0.629660	0.548922	3452	31.348956	0.661760	0.997635	29.874380	0.381217	0.533856	0.255975	-0.014079	-0.461711	-0.063721	True	0.780208	30.534728	0.558328	28.634295	0.559568	0.653544	0.802006	27.515037	0.999081	7505
7506.png	0.525292	0.124709	0.221762	0.124790	0.994840	0.999586	28.705494	0.984263	29.683065	0.098425	0.335520	0.548239	28.459923	0.522361	5818	32	2	19	83	1.680851	0.062500	188	158	701.771645	4.600612	0.000000	-0.112704	-1.056610	-0.000085	-0.004209	-0.000475	5153.437614	0.098425	0.098425	32	2	30	19	83	1.680851	0.062500	32	3	188	158	86	4.441593	4.600612	701.771645	0.000000	45696	7.854245	11.264352	256x256	65536	sparse	Otsu	673	32	57	5688	31.733949	0.689773	31.419345	0.988473	0.098900	0.324634	8	5	0.291667	54	5432	32.377277	0.767320	0.989739	31.649661	0.196477	0.093968	344	29.829747	0.523248	0.978493	27.780791	0.329680	0.108423	-1.736280	0.010886	-3.274026	-0.167412	True	0.523364	28.468162	0.522393	29.687203	0.493383	0.270492	0.637996	29.762104	0.999671	7506
7507.png	0.534538	0.517514	0.682055	0.524628	0.974468	0.998784	29.211368	0.996826	29.860945	0.361427	0.386498	0.612094	31.657412	0.603951	2220	7	0	2	16	1.688889	0.000000	45	38	188.024387	5.783922	0.000000	-0.021017	0.277686	0.000080	0.000158	-0.030325	1835.778475	0.361427	0.361427	7	0	7	2	16	1.688889	0.000000	7	0	45	38	27	4.948010	5.783922	188.024387	0.000000	44599	20.089640	29.520721	256x256	65536	sparse	Otsu	243	7	29	2115	32.021083	0.643148	29.616656	0.996668	0.391753	0.454315	7	5	0.000000	41	2022	32.274398	0.679982	0.996227	29.326116	0.446464	0.392134	4164	32.697009	0.729102	0.997920	31.757573	0.280653	0.370752	0.244290	-0.067818	-0.363670	-0.039197	True	0.534238	31.660587	0.603954	29.867789	0.622808	0.381217	0.555556	28.933682	0.998704	7507
7508.png	0.730093	0.348828	0.517231	0.350244	0.988545	0.999600	27.627133	0.997359	29.148430	0.324675	0.411395	0.778810	31.682387	0.604950	2082	6	0	2	14	1.714286	0.000000	42	36	179.923882	5.662773	0.000000	0.016103	0.216962	-0.000010	0.000185	0.007711	1673.319817	0.324675	0.324675	6	0	6	2	14	1.714286	0.000000	6	0	42	36	26	4.997886	5.662773	179.923882	0.000000	44662	21.451489	31.477426	256x256	65536	sparse	Otsu	236	6	28	2056	31.961907	0.641913	28.805930	0.997174	0.316964	0.399504	6	0	1.000000	41	2048	32.271581	0.678561	0.997255	29.101645	0.466342	0.303571	4223	32.712448	0.726835	0.998479	31.997809	0.334134	0.322646	0.342500	0.011891	-0.279520	-0.036963	True	0.731127	31.688542	0.604984	29.152498	0.518091	0.403494	0.713990	27.410171	0.999610	7508
7509.png	0.477946	0.212758	0.350867	0.213299	0.988215	0.999333	28.312618	0.989673	29.412187	0.134094	0.345338	0.368802	29.500644	0.529515	4443	22	1	11	54	1.684211	0.045455	133	112	500.090404	4.842229	0.000000	-0.037493	-0.671229	-0.000116	-0.001757	0.002190	3460.279226	0.134094	0.134094	22	1	21	11	54	1.684211	0.045455	22	1	133	112	68	4.465093	4.842229	500.090404	0.000000	45742	10.295296	14.750394	256x256	65536	sparse	Otsu	508	22	44	4367	31.384067	0.659948	30.532904	0.991431	0.131904	0.201040	9	1	0.704545	47	4426	31.881200	0.734035	0.992240	30.653435	0.200913	0.131904	471	30.218734	0.530363	0.985916	27.839164	0.268994	0.134762	-1.120717	0.144298	-1.883423	-0.130433	True	0.481187	29.506877	0.529572	29.418125	0.497420	0.183450	0.515439	28.983847	0.999449	7509
7510.png	0.565789	0.259473	0.412034	0.264215	0.935304	0.999130	27.007528	0.994320	29.434453	0.191404	0.282871	0.413611	29.847034	0.526820	3681	24	1	9	55	1.616667	0.041667	120	97	424.462987	4.102074	0.000000	-0.021249	-1.187927	-0.000332	-0.000569	0.001667	2161.496878	0.191404	0.191404	24	1	23	9	55	1.616667	0.041667	24	1	120	97	56	4.375907	4.102074	424.462987	0.000000	45829	12.450149	17.803858	256x256	65536	sparse	Otsu	373	24	37	3583	31.080020	0.636962	29.895741	0.994889	0.189737	0.375890	7	3	0.000000	43	3606	31.514230	0.702443	0.995121	29.918442	0.284662	0.180180	530	30.124708	0.528755	0.991898	27.740772	0.485726	0.192698	-0.461287	-0.093019	-1.232986	-0.110142	True	0.566618	29.851098	0.526838	29.437076	0.662098	0.273851	0.587038	28.195455	0.999462	7510
7511.png	0.662149	0.269388	0.424437	0.269663	0.996226	0.999555	27.889865	0.996571	29.667880	0.277392	0.263403	0.764359	30.889284	0.576109	2708	14	0	6	34	1.555556	0.000000	63	49	229.409163	4.820872	0.000000	-0.074293	-0.162012	-0.000064	-0.000292	0.003396	2161.518335	0.277392	0.277392	14	0	14	6	34	1.555556	0.000000	14	0	63	49	23	4.681820	4.820872	229.409163	0.000000	44941	16.595643	24.200886	256x256	65536	sparse	Otsu	301	14	33	2676	31.755893	0.642587	29.958953	0.996864	0.273996	0.462056	4	3	0.000000	44	2664	32.134393	0.694072	0.997040	30.044513	0.462056	0.259448	3497	32.084288	0.687418	0.997644	31.480078	0.407458	0.264466	-0.291073	-0.198653	-0.866609	-0.066478	True	0.662149	30.891322	0.576135	29.669132	0.459359	0.351115	0.736443	28.051877	0.999619	7511
7512.png	0.566258	0.540705	0.701893	0.582715	0.882353	0.997673	24.319808	0.997932	28.688600	0.441991	0.443822	0.395326	30.648755	0.570633	2322	6	0	3	15	1.733333	0.000000	45	39	195.681241	5.191805	0.000000	-0.059749	-3.685662	-0.001577	0.000053	-0.003444	1654.759407	0.441991	0.441991	6	0	6	3	15	1.733333	0.000000	6	0	45	39	27	5.017468	5.191805	195.681241	0.000000	45234	19.480620	28.223945	256x256	65536	sparse	Otsu	247	6	28	2301	31.389806	0.623697	28.557840	0.997879	0.445435	0.242198	15	2	0.000000	34	2066	31.587310	0.657447	0.997685	28.308605	0.457425	0.426570	3876	31.971319	0.694228	0.998742	31.247880	0.236621	0.442512	0.130760	0.201624	-0.741051	-0.053064	True	0.565644	30.650244	0.570645	28.694527	0.692721	0.273851	0.626006	28.005470	0.999250	7512
7513.png	0.523100	0.376800	0.547356	0.429241	0.755153	0.995525	19.892614	0.997736	28.660905	0.387459	0.342953	0.331355	30.728895	0.606238	2123	7	0	1	15	1.631579	0.000000	38	31	160.296465	5.375898	0.000000	-0.189750	-7.784251	-0.003911	-0.000038	-0.003790	1714.949369	0.387459	0.387459	7	0	7	1	15	1.631579	0.000000	7	0	38	31	22	5.170854	5.375898	160.296465	0.000000	44682	21.046632	30.869524	256x256	65536	sparse	Otsu	226	7	28	2088	32.000167	0.650586	28.713864	0.997774	0.391249	0.586873	5	1	0.357143	40	2064	32.320812	0.687427	0.997757	28.920110	0.447057	0.385067	4160	32.732458	0.729185	0.998786	31.712728	0.400050	0.381112	-0.052959	-0.243920	-1.271271	-0.044347	True	0.528540	30.728389	0.606244	28.658538	0.680181	0.225381	0.712850	27.676864	0.999436	7513
7514.png	0.518948	0.279871	0.437343	0.286285	0.925884	0.997988	27.097382	0.989034	29.422589	0.233467	0.383168	0.386853	29.325831	0.531159	4897	19	3	14	49	1.741935	0.157895	124	108	508.931024	4.717442	0.000000	-0.105805	-2.620192	-0.001072	-0.002346	-0.011134	4706.288099	0.233467	0.233467	19	3	16	14	49	1.741935	0.157895	19	3	124	108	61	4.712324	4.717442	508.931024	0.000000	45593	9.310394	13.382887	256x256	65536	sparse	Otsu	608	19	49	4874	31.589249	0.676500	30.806712	0.991380	0.244601	0.203222	39	15	0.000000	51	4704	32.110959	0.744980	0.991567	30.797772	0.064141	0.193460	410	30.203758	0.531613	0.983300	27.626798	0.366910	0.237684	-1.384124	0.179945	-2.263418	-0.145341	True	0.518502	29.329179	0.531205	29.422438	0.687765	0.266064	0.624752	29.717574	0.999060	7514
7515.png	0.534770	0.509503	0.675061	0.516149	0.975352	0.998518	28.479865	0.994953	29.285179	0.404834	0.576838	0.543593	30.807840	0.577868	2657	4	0	1	9	1.813953	0.000000	43	39	194.923882	6.889069	0.000000	0.006732	-0.487326	-0.000239	-0.000113	0.023055	2357.831001	0.404834	0.404834	4	0	4	1	9	1.813953	0.000000	4	0	43	39	33	4.998048	6.889069	194.923882	0.000000	45073	16.963869	24.665412	256x256	65536	sparse	Otsu	341	4	32	2622	31.618550	0.640218	29.542481	0.995066	0.381779	0.372589	13	9	0.000000	40	2422	31.850009	0.675538	0.994463	29.132514	0.351656	0.389526	3515	31.958397	0.687100	0.996344	31.023929	0.181269	0.394371	-0.257302	0.204249	-0.810710	-0.062350	True	0.531311	30.810805	0.577878	29.286127	0.672085	0.365341	0.528037	28.967191	0.998757	7515
7516.png	0.654106	0.517505	0.682047	0.523356	0.978854	0.998866	28.543450	0.994668	29.206763	0.481878	0.476909	0.615860	30.937513	0.565811	2416	5	0	1	11	1.767442	0.000000	43	38	183.095454	6.960767	0.000000	0.011986	0.200706	0.000042	0.000327	0.023470	2040.554762	0.481878	0.481878	5	0	5	1	11	1.767442	0.000000	5	0	43	38	31	4.818301	6.960767	183.095454	0.000000	45398	18.790563	27.125828	256x256	65536	sparse	Otsu	268	5	28	2393	31.175853	0.615768	28.938497	0.994341	0.458408	0.454471	10	10	0.000000	35	2244	31.426068	0.656436	0.993411	28.395211	0.374517	0.479537	3844	31.722414	0.684895	0.996351	30.978182	0.276638	0.456651	0.268266	0.022438	-0.238339	-0.049956	True	0.664759	30.943510	0.565825	29.224304	0.704770	0.434039	0.642121	28.342744	0.998825	7516
7517.png	0.520570	0.648916	0.787082	0.656154	0.983285	0.998401	27.838128	0.997086	28.697877	0.398846	0.534666	0.342003	31.682138	0.613624	2196	4	0	2	10	1.777778	0.000000	36	32	177.166522	6.006746	0.000000	0.001382	-0.261723	-0.000235	0.000104	0.001996	1603.402615	0.398846	0.398846	4	0	4	2	10	1.777778	0.000000	4	0	36	32	24	5.536454	6.006746	177.166522	0.000000	44550	20.286885	29.843352	256x256	65536	sparse	Otsu	234	4	29	2163	31.951993	0.647530	28.495777	0.996982	0.396850	0.264717	16	4	0.000000	41	2004	32.253561	0.682185	0.996722	28.681348	0.253605	0.400154	3980	32.584686	0.716854	0.998271	31.465408	0.224026	0.413436	0.202100	0.269949	-0.269856	-0.033905	True	0.519473	31.686502	0.613637	28.703072	0.672085	0.229855	0.519189	28.099850	0.998637	7517
7518.png	0.622066	0.346777	0.514973	0.346887	0.999085	0.999544	27.681245	0.996927	29.043691	0.306329	0.321094	0.591363	30.646944	0.554533	2589	11	0	1	23	1.650794	0.000000	63	52	235.137085	5.323909	0.000000	-0.003231	0.311817	-0.000005	0.000049	0.000421	2006.603479	0.306329	0.306329	11	0	11	1	23	1.650794	0.000000	11	0	63	52	39	4.521867	5.323909	235.137085	0.000000	45463	17.560062	25.313248	256x256	65536	sparse	Otsu	277	11	29	2478	31.159109	0.616833	28.916583	0.996878	0.305909	0.257534	9	2	0.000000	35	2522	31.430472	0.666510	0.996826	28.854488	0.346697	0.294790	3667	31.600576	0.673278	0.997821	30.882452	0.319171	0.295426	0.127108	0.063560	-0.512165	-0.062300	True	0.625295	30.653601	0.554566	29.052011	0.527633	0.312023	0.625296	27.369428	0.999549	7518
7519.png	0.627896	0.381994	0.552816	0.387786	0.962374	0.998432	27.197724	0.991817	29.231949	0.323719	0.435416	0.552517	29.511600	0.529214	3940	12	0	9	33	1.724138	0.000000	87	75	372.835570	5.638717	0.000000	-0.062890	-1.713887	-0.000561	-0.000907	-0.014357	3859.416246	0.323719	0.323719	12	0	12	9	33	1.724138	0.000000	12	0	87	75	45	4.971141	5.638717	372.835570	0.000000	45778	11.618782	16.633503	256x256	65536	sparse	Otsu	486	12	39	3895	31.137905	0.646949	29.898468	0.992724	0.338076	0.350935	18	12	0.000000	43	3910	31.561024	0.712508	0.992499	29.697626	0.085642	0.343972	539	30.120713	0.530015	0.987428	27.613779	0.431640	0.346162	-0.666520	0.084481	-1.626306	-0.117735	True	0.627326	29.516438	0.529234	29.235062	0.657677	0.363378	0.690786	28.911610	0.998992	7519
7520.png	0.656882	0.310272	0.473599	0.313507	0.967813	0.999002	26.170988	0.994276	28.976490	0.270735	0.350791	0.454267	29.755411	0.519361	3275	15	0	6	36	1.659091	0.000000	88	73	352.492424	5.097974	0.000000	-0.018953	-1.648111	-0.000475	-0.000120	-0.005680	2399.682522	0.270735	0.270735	15	0	15	6	36	1.659091	0.000000	15	0	88	73	46	4.828663	5.097974	352.492424	0.000000	46056	14.062901	20.010992	256x256	65536	sparse	Otsu	324	15	33	3255	30.753920	0.620128	29.184717	0.994396	0.276415	0.458973	7	2	0.000000	36	3016	30.979018	0.670347	0.994454	28.854291	0.362372	0.269575	659	29.950556	0.521938	0.991389	27.146474	0.622808	0.296584	-0.208226	-0.108182	-0.998509	-0.100767	True	0.658170	29.763304	0.519398	28.986172	0.684942	0.311147	0.675835	27.819099	0.999478	7520
7521.png	0.490692	0.416216	0.587786	0.958506	0.423853	0.991407	16.499222	0.999519	27.055589	0.462302	0.266553	0.428702	28.529589	0.550033	1281	4	0	1	9	1.529412	0.000000	17	13	62.556349	4.112858	0.000000	-0.251771	-7.868112	-0.006759	0.000371	0.095781	948.927164	0.462302	0.462302	4	0	4	1	9	1.529412	0.000000	4	0	17	13	7	4.812027	4.112858	62.556349	0.000000	45379	35.424668	51.160031	256x256	65536	sparse	Frangi	162	4	9	1262	30.380218	0.570870	24.384638	0.999148	0.366521	0.640605	6	7	0.000000	26	1274	31.152111	0.615940	0.999457	26.387627	0.627679	0.388255								2.670950	-0.374052	-1.850629	-0.020838	True	0.489530	28.533170	0.550124	27.060644	0.683363	0.292959	0.742463	24.367334	0.998165	7521
7522.png	0.480535	0.193220	0.323863	0.194427	0.968875	0.998993	26.545909	0.989250	29.396811	0.149915	0.321688	0.301339	28.648508	0.517726	5156	27	1	12	65	1.648649	0.037037	148	122	568.002092	4.404769	0.000000	-0.100201	-2.749844	-0.000465	-0.002492	-0.002998	4363.176584	0.149915	0.149915	27	1	26	12	65	1.648649	0.037037	27	1	148	122	71	4.655755	4.404769	568.002092	0.000000	45790	8.880915	12.710628	256x256	65536	sparse	Otsu	618	27	51	5040	31.468630	0.674989	30.823578	0.991742	0.152913	0.228948	17	1	0.814815	50	4800	32.068287	0.744358	0.992605	31.044110	0.124827	0.151327	402	30.005939	0.523260	0.984451	27.480346	0.329680	0.162390	-1.426767	0.092740	-2.820122	-0.157262	True	0.481144	28.652235	0.517752	29.398351	0.673720	0.203018	0.580737	29.295753	0.999458	7522
7523.png	0.745553	0.482627	0.651043	0.490314	0.968537	0.999260	27.014160	0.998279	28.684494	0.464716	0.495405	0.859391	31.185505	0.580516	2193	5	0	3	13	1.767442	0.000000	43	38	187.953319	5.288186	0.000000	-0.017342	-0.285830	-0.000240	0.000146	-0.013564	1462.659121	0.464716	0.464716	5	0	5	3	13	1.767442	0.000000	5	0	43	38	27	4.946140	5.288186	187.953319	0.000000	45123	20.575923	29.884177	256x256	65536	sparse	Otsu	247	5	27	2086	31.484809	0.622027	28.368490	0.998133	0.478280	0.398646	7	1	0.300000	35	1972	31.680276	0.657858	0.997999	28.223448	0.409430	0.454858	4132	32.177987	0.706574	0.998959	31.293574	0.430421	0.470968	0.316004	0.096759	-0.299304	-0.041511	True	0.752308	31.186672	0.580504	28.685429	0.599483	0.515191	0.762895	27.299990	0.999500	7523
7524.png	0.648392	0.294312	0.454777	0.299937	0.940092	0.998904	27.353872	0.993362	29.582630	0.299796	0.302930	0.708853	29.793639	0.527316	3735	23	2	11	55	1.652893	0.086957	121	100	449.333044	4.319804	0.000000	-0.096924	-1.662042	-0.000398	-0.000954	0.006033	2281.051397	0.299796	0.299796	23	2	21	11	55	1.652893	0.086957	23	1	121	100	55	4.493330	4.319804	449.333044	0.000000	45763	12.252477	17.546452	256x256	65536	sparse	Otsu	365	23	37	3596	31.102660	0.638379	30.319006	0.994316	0.293763	0.303963	17	8	0.000000	42	3516	31.477417	0.699731	0.994204	29.993440	0.050041	0.296965	534	30.164035	0.530369	0.991335	28.192873	0.566559	0.305665	-0.736376	-0.001033	-1.309021	-0.111063	True	0.650978	29.797320	0.527311	29.587311	0.583555	0.413655	0.745316	29.015914	0.999302	7524
7525.png	0.543295	0.363315	0.532988	0.367283	0.971127	0.998411	26.880415	0.992140	29.419908	0.243354	0.369459	0.512635	30.033508	0.542097	3604	17	2	13	44	1.729730	0.117647	111	96	423.806133	4.612865	0.000000	-0.005466	-2.069905	-0.000273	-0.000811	0.012344	2516.276836	0.243354	0.243354	17	2	15	13	44	1.729730	0.117647	17	2	111	96	54	4.414647	4.612865	423.806133	0.000000	45639	12.663430	18.184240	256x256	65536	sparse	Otsu	360	17	37	3487	31.280957	0.643574	30.070344	0.992951	0.231010	0.226843	22	5	0.102941	42	3360	31.624002	0.697941	0.992994	30.010673	0.242775	0.198456	604	30.451467	0.542924	0.988980	28.239504	0.257834	0.212437	-0.650436	0.142616	-1.247449	-0.101477	True	0.543564	30.037296	0.542103	29.426990	0.698806	0.358233	0.548761	28.950320	0.998684	7525
7526.png	0.629281	0.455355	0.625765	0.465369	0.954876	0.997589	26.386065	0.993386	29.061622	0.429902	0.441344	0.605274	29.826284	0.543083	3568	9	0	6	24	1.746479	0.000000	71	62	289.036580	6.128257	0.000000	-0.056163	-2.611547	-0.001055	-0.000818	-0.010298	3604.155064	0.429902	0.429902	9	0	9	6	24	1.746479	0.000000	9	0	71	62	41	4.661880	6.128257	289.036580	0.000000	45573	12.772702	18.367713	256x256	65536	sparse	Otsu	441	9	37	3526	31.269955	0.646285	29.729127	0.994204	0.440200	0.361364	19	11	0.000000	40	3208	31.519289	0.691695	0.993293	29.237489	0.110028	0.460619	606	30.386661	0.545583	0.990272	27.715789	0.509058	0.463018	-0.667505	0.079980	-1.443671	-0.103202	True	0.628425	29.831851	0.543115	29.068171	0.647956	0.392191	0.685444	28.997613	0.998644	7526
7527.png	0.671717	0.178225	0.302532	0.179160	0.971545	0.999393	26.998870	0.992324	29.476526	0.170020	0.308436	0.352421	29.638046	0.539924	4455	25	3	14	61	1.683453	0.120000	139	117	490.433550	4.229927	0.000000	-0.064356	-1.895819	-0.000310	-0.001802	0.001017	3283.546925	0.170020	0.170020	25	3	22	14	61	1.683453	0.120000	25	3	139	117	64	4.191740	4.229927	490.433550	0.000000	45502	10.213692	14.710662	256x256	65536	sparse	Otsu	488	25	45	4337	31.593795	0.668429	30.818215	0.994126	0.169004	0.597476	4	1	0.246667	48	4034	32.035729	0.728249	0.994522	30.882305	0.460516	0.163800	474	30.312607	0.544932	0.990045	27.860090	0.320035	0.174645	-1.341689	-0.289039	-1.955749	-0.128505	True	0.668908	29.638794	0.539930	29.476491	0.605446	0.213372	0.736073	28.894689	0.999703	7527
7528.png	0.646047	0.548193	0.708171	0.554202	0.980603	0.998899	28.229561	0.996597	28.713655	0.479154	0.493383	0.564275	30.328063	0.551327	2547	6	0	5	17	1.781818	0.000000	55	49	224.509668	6.507637	0.000000	-0.027021	0.183222	-0.000011	0.000220	-0.015977	1903.657436	0.479154	0.479154	6	0	6	5	17	1.781818	0.000000	6	0	55	49	33	4.581830	6.507637	224.509668	0.000000	45699	17.942285	25.730664	256x256	65536	sparse	Otsu	250	6	27	2391	30.913838	0.608081	28.458292	0.996377	0.495131	0.432930	11	4	0.000000	34	2350	31.117057	0.653958	0.996172	28.166751	0.494508	0.464536	3602	31.357754	0.666190	0.997528	30.263998	0.452185	0.481121	0.255364	0.060453	-0.585775	-0.056754	True	0.648510	30.330231	0.551325	28.717069	0.660404	0.372650	0.673068	28.046339	0.998909	7528
7529.png	0.692073	0.448963	0.619702	0.464256	0.931646	0.998927	27.328436	0.997900	29.374316	0.424457	0.368716	0.647823	31.003178	0.567012	2249	7	0	0	14	1.658537	0.000000	41	34	177.195959	5.184413	0.000000	0.011304	-0.907307	-0.000516	0.000147	0.010477	2005.526543	0.424457	0.424457	7	0	7	0	14	1.658537	0.000000	7	0	41	34	27	5.211646	5.184413	177.195959	0.000000	45218	20.105825	29.140062	256x256	65536	sparse	Otsu	242	7	27	2209	31.306544	0.614553	29.039712	0.997753	0.413981	0.247448	14	1	0.000000	34	2046	31.576847	0.653424	0.997515	28.639182	0.279877	0.395067	4124	32.044459	0.704042	0.998531	31.283414	0.267600	0.412971	0.334604	0.121268	-0.303366	-0.047542	True	0.690784	31.004637	0.567039	29.378474	0.564822	0.365904	0.680769	28.235742	0.999443	7529
7530.png	0.776231	0.542199	0.703150	0.549558	0.975897	0.998871	27.350179	0.996892	28.813657	0.549234	0.695779	0.596344	31.092492	0.590859	2708	4	0	2	10	1.862069	0.000000	58	54	274.178716	5.402493	0.000000	-0.023370	-0.610175	-0.000339	0.000070	-0.017757	1807.017088	0.549234	0.549234	4	0	4	2	10	1.862069	0.000000	4	0	58	54	46	5.077384	5.402493	274.178716	0.000000	45182	16.684638	24.200886	256x256	65536	sparse	Otsu	304	4	30	2638	31.517037	0.644231	28.657562	0.996822	0.566991	0.608068	6	5	0.000000	40	2464	31.845594	0.682452	0.996560	28.628717	0.672412	0.563168	3512	31.911900	0.684103	0.997857	30.716721	0.521825	0.572236	0.156095	0.087711	-0.424545	-0.053372	True	0.774963	31.094621	0.590860	28.817471	0.732865	0.437039	0.799601	27.960353	0.999210	7530
7531.png	0.405327	0.377312	0.547896	0.389237	0.924899	0.998364	27.251978	0.993858	29.696671	0.237105	0.327442	0.374413	30.476190	0.576158	3502	12	0	3	27	1.625000	0.000000	64	52	263.693434	5.112350	0.000000	-0.043161	-2.754261	-0.000837	-0.000920	-0.000748	3911.978483	0.237105	0.237105	12	0	12	3	27	1.625000	0.000000	12	0	64	52	34	5.071028	5.112350	263.693434	0.000000	44797	12.791833	18.713878	256x256	65536	sparse	Otsu	515	12	40	3419	32.016892	0.668768	30.719831	0.994778	0.237853	0.238146	15	3	0.000000	48	3500	32.358275	0.723346	0.994650	30.569734	0.072309	0.274260	603	31.239456	0.582145	0.992681	29.096983	0.360243	0.237853	-1.023159	0.089296	-1.540702	-0.092610	True	0.403590	30.478250	0.576163	29.694947	0.710616	0.266064	0.448489	30.006238	0.999201	7531
7532.png	0.556584	0.217164	0.356835	0.219061	0.961641	0.999367	27.795819	0.991846	29.638142	0.182034	0.300994	0.543428	29.850908	0.548084	4691	21	0	5	47	1.607477	0.000000	107	86	404.291414	4.862344	0.000000	-0.065368	-1.178553	-0.000207	-0.001764	0.004906	4702.663898	0.182034	0.182034	21	0	21	5	47	1.607477	0.000000	21	0	107	86	55	4.701063	4.862344	404.291414	0.000000	45336	9.664464	13.970582	256x256	65536	sparse	Otsu	633	21	48	4552	31.799440	0.678990	30.760439	0.993610	0.177128	0.316139	9	2	0.000000	54	4596	32.436707	0.751451	0.994342	31.214081	0.191879	0.180434	405	30.182457	0.549966	0.987337	26.444562	0.401503	0.225735	-1.122296	-0.015145	-1.948532	-0.130906	True	0.554843	29.857584	0.548101	29.641802	0.543424	0.295312	0.621951	28.974372	0.999573	7532
7533.png	0.426219	0.376730	0.547282	0.648971	0.473144	0.992217	16.976193	0.998885	29.323463	0.466989	0.312711	1.091105	29.659055	0.587328	1348	4	1	2	9	1.714286	0.250000	21	18	79.698485	4.642193	0.000000	-0.186950	-10.057871	-0.006228	0.000317	0.131217	1085.629463	0.466989	0.466989	4	1	3	2	9	1.714286	0.250000	4	0	21	18	10	4.427694	4.642193	79.698485	0.000000	44605	33.089763	48.617211	256x256	65536	sparse	Frangi	168	4	17	1339	31.615738	0.607910	27.867503	0.998568	0.335771	0.480187	7	5	0.000000	33	1330	31.980463	0.647264	0.998647	28.249042	0.374303	0.311005								1.455960	-0.167476	-1.956683	-0.020582	True	0.425658	29.658945	0.587325	29.323760	0.543880	0.593430	0.613169	27.034064	0.998445	7533
7534.png	0.689771	0.467387	0.637033	0.476444	0.960920	0.998717	24.502972	0.997620	28.553639	0.456546	0.520974	0.603569	31.074509	0.592613	2446	5	0	2	12	1.791667	0.000000	48	43	207.994949	5.701630	0.000000	-0.030523	-3.282453	-0.000778	0.000016	0.002001	2166.816473	0.456546	0.456546	5	0	5	2	12	1.791667	0.000000	5	0	48	43	34	4.837092	5.701630	207.994949	0.000000	45081	18.430499	26.793132	256x256	65536	sparse	Otsu	282	5	29	2344	31.674661	0.640228	28.647298	0.997604	0.454545	0.527633	6	1	0.400000	42	2396	32.031439	0.685244	0.997649	28.847499	0.529205	0.452372	3649	32.131596	0.694396	0.998614	31.193327	0.335243	0.444444	-0.093659	-0.006660	-0.600152	-0.047615	True	0.690027	31.080819	0.592652	28.560421	0.606235	0.365904	0.720294	27.785426	0.999495	7534
7535.png	0.478360	0.474287	0.643412	0.481829	0.968055	0.998516	28.788376	0.994528	29.358645	0.392778	0.596670	0.480541	30.624786	0.593600	3011	5	0	6	16	1.824561	0.000000	57	52	254.722871	6.297770	0.000000	-0.044890	-0.596475	-0.000385	-0.000653	-0.029066	2800.724745	0.392778	0.392778	5	0	5	6	16	1.824561	0.000000	5	0	57	52	35	4.898517	6.297770	254.722871	0.000000	44815	14.883760	21.765526	256x256	65536	sparse	Otsu	363	5	35	2945	31.927179	0.661434	30.032034	0.995181	0.421844	0.338299	17	9	0.000000	44	2898	32.245066	0.705386	0.994762	29.800423	0.314084	0.421769	3057	32.068280	0.678112	0.996000	31.042813	0.221718	0.401530	-0.673389	0.258371	-1.302394	-0.067834	True	0.478815	30.624132	0.593607	29.361057	0.627679	0.301626	0.523250	29.384851	0.998900	7535
7536.png	0.651134	0.329277	0.495423	0.331094	0.983607	0.999186	27.695019	0.993355	29.469034	0.302004	0.418416	0.505631	30.451738	0.551250	2987	10	0	2	22	1.718310	0.000000	71	61	297.450793	5.808721	0.000000	-0.020321	-0.917433	-0.000209	-0.000022	0.000018	2132.708549	0.302004	0.302004	10	0	10	2	22	1.718310	0.000000	10	0	71	61	47	4.876243	5.808721	297.450793	0.000000	45567	15.255105	21.940408	256x256	65536	sparse	Otsu	318	10	32	2924	31.166289	0.629285	29.557551	0.993377	0.301986	0.265505	14	2	0.000000	40	2884	31.522468	0.679764	0.993181	29.344825	0.277473	0.312620	660	30.537549	0.552314	0.990795	28.089519	0.410554	0.300430	-0.088517	0.152912	-0.714552	-0.078035	True	0.654389	30.456211	0.551259	29.476810	0.599884	0.303320	0.671455	28.612452	0.999396	7536
7537.png	0.707235	0.457769	0.628040	0.460771	0.985963	0.998543	27.987087	0.995170	28.983521	0.449339	0.368716	0.788236	30.173342	0.530395	2703	10	0	3	23	1.666667	0.000000	60	50	252.308658	5.798926	0.000000	-0.012414	0.125324	-0.000009	0.000181	-0.008808	1927.081585	0.449339	0.449339	10	0	10	3	23	1.666667	0.000000	10	0	60	50	34	5.046173	5.798926	252.308658	0.000000	45907	16.983722	24.245653	256x256	65536	sparse	Otsu	279	10	28	2613	30.692263	0.603240	28.789465	0.994990	0.458147	0.676967	6	15	0.000000	32	2688	30.947298	0.655823	0.994386	28.226201	0.201484	0.463185	3443	31.051325	0.646561	0.996241	29.967234	0.256089	0.449060	0.194057	-0.308250	-0.518921	-0.072846	True	0.705036	30.179888	0.530417	28.998648	0.675348	0.532334	0.719649	27.861763	0.998553	7537
7538.png	0.736345	0.555631	0.714348	0.571179	0.953298	0.998586	26.035938	0.997364	28.131023	0.553927	0.501424	0.617373	31.423178	0.615462	2433	5	0	2	12	1.777778	0.000000	45	40	193.852814	6.156093	0.000000	-0.015224	-1.310793	-0.000545	0.000069	-0.003592	1970.270157	0.553927	0.553927	5	0	5	2	12	1.777778	0.000000	5	0	45	40	31	4.846320	6.156093	193.852814	0.000000	44863	18.439375	26.936293	256x256	65536	sparse	Otsu	250	5	30	2380	31.941058	0.657929	28.037927	0.997295	0.557519	0.640605	6	10	0.000000	41	2182	32.202163	0.688538	0.997365	28.377281	0.678042	0.544856	3766	32.499564	0.710918	0.998660	31.185289	0.544640	0.551664	0.093096	-0.139181	-0.517881	-0.042468	True	0.735958	31.429314	0.615497	28.134760	0.748421	0.462056	0.751569	27.346731	0.999131	7538
7540.png	0.695230	0.497250	0.664218	0.513731	0.939394	0.998440	24.219697	0.998184	29.439034	0.433130	0.381217	0.643845	30.972170	0.575303	2032	6	1	4	14	1.782609	0.166667	46	41	160.953319	4.924637	0.000000	-0.076385	-3.770231	-0.000983	0.000228	-0.001533	1558.885336	0.433130	0.433130	6	1	5	4	14	1.782609	0.166667	6	1	46	41	28	3.925691	4.924637	160.953319	0.000000	45064	22.177165	32.251969	256x256	65536	sparse	Otsu	221	6	26	1963	31.442938	0.613129	29.015495	0.997956	0.434663	0.361460	7	1	0.916667	34	1924	31.692050	0.653071	0.997785	28.674192	0.527633	0.412874	4724	32.388083	0.728200	0.998838	31.739487	0.446464	0.410764	0.423539	0.019756	-0.470769	-0.037826	True	0.697656	30.975624	0.575319	29.437563	0.589344	0.379446	0.771615	27.989928	0.999423	7540
7541.png	0.622420	0.408954	0.580507	0.419462	0.942277	0.998550	27.801808	0.992716	28.931854	0.338650	0.382168	0.443623	29.565748	0.536129	3726	13	0	8	34	1.690476	0.000000	84	71	333.551299	5.497762	0.000000	-0.065266	-1.213648	-0.000430	-0.001013	-0.019407	3610.374689	0.338650	0.338650	13	0	13	8	34	1.690476	0.000000	13	0	84	71	42	4.697906	5.497762	333.551299	0.000000	45639	12.248792	17.588835	256x256	65536	sparse	Otsu	463	13	38	3666	31.253139	0.646773	29.849746	0.993729	0.358057	0.368716	11	5	0.000000	43	3714	31.665833	0.711899	0.994061	29.681477	0.147856	0.347356	535	30.300251	0.539552	0.990438	27.718258	0.543119	0.369318	-0.917892	0.013451	-1.687391	-0.110644	True	0.628253	29.569855	0.536137	28.932320	0.771221	0.342131	0.687686	29.015455	0.998981	7541
7542.png	0.654267	0.602718	0.752120	0.630830	0.931152	0.998166	27.962812	0.996472	28.980013	0.558505	0.637598	0.705694	31.309213	0.592840	2454	4	0	3	11	1.843137	0.000000	51	47	230.066017	5.863149	0.000000	-0.026622	-0.414998	-0.000392	0.000174	-0.014057	1776.628256	0.558505	0.558505	4	0	4	3	11	1.843137	0.000000	4	0	51	47	37	4.895022	5.863149	230.066017	0.000000	45017	18.344336	26.705786	256x256	65536	sparse	Otsu	271	4	30	2409	31.676248	0.641278	28.755804	0.996298	0.572562	0.367874	15	14	0.000000	40	2296	31.933760	0.677919	0.996030	28.637840	0.480322	0.536706	3693	32.126167	0.695267	0.997784	31.175662	0.338558	0.555629	0.224209	0.269723	-0.367035	-0.048439	True	0.660870	31.313129	0.592886	28.983149	0.735523	0.519054	0.680889	28.377810	0.998558	7542
7543.png	0.241879	0.241279	0.388759	0.830000	0.253823	0.990352	16.788164	0.999606	26.985726	0.817152	0.316139	0.604491	27.841165	0.492750	1231	3	0	1	7	1.625000	0.000000	16	13	62.284271	4.177136	0.000000	-0.449008	-7.524076	-0.007393	0.000468	0.589762	895.386457	0.817152	0.817152	3	0	3	1	7	1.625000	0.000000	3	0	16	13	8	4.791098	4.177136	62.284271	0.000000	46151	37.490658	53.238018	256x256	65536	sparse	Frangi	158	3	7	1228	29.455020	0.519341	23.639827	0.999137	0.227390	0.535441	9	5	0.000000	18	1166	30.229002	0.567688	0.999443	25.792807	0.514636	0.266839								3.345899	-0.219302	-1.613855	-0.026591	True	0.241879	27.845011	0.492795	26.987608	0.690253	0.417252	0.690887	24.312241	0.997745	7543
7544.png	0.253948	0.244090	0.392399	0.723292	0.269231	0.990781	15.985316	0.999555	26.386567	0.717647	0.311564	0.871347	28.455449	0.545147	1241	3	0	1	7	1.647059	0.000000	17	14	59.627417	3.939023	0.000000	-0.473534	-7.566333	-0.007313	0.000483	0.433470	972.298145	0.717647	0.717647	3	0	3	1	7	1.647059	0.000000	3	0	17	14	9	4.259101	3.939023	59.627417	0.000000	45348	36.541499	52.809025	256x256	65536	sparse	Frangi	157	3	7	1241	29.025859	0.557557	22.879084	0.999072	0.284177	0.518779	7	2	0.000000	26	1220	31.208790	0.616439	0.999576	26.343301	0.524474	0.317038								3.507482	-0.207215	-0.570410	-0.012411	True	0.254109	28.458709	0.545191	26.384180	0.610932	0.532334	0.727483	23.551649	0.998094	7544
7545.png	0.715421	0.462090	0.632095	0.467113	0.977259	0.998610	27.466865	0.995752	28.793347	0.400000	0.366417	0.691379	30.169943	0.545784	3393	11	0	3	25	1.676471	0.000000	68	57	273.137085	5.331937	0.000000	-0.031547	-0.838194	-0.000379	-0.000585	-0.002894	2976.659775	0.400000	0.400000	11	0	11	3	25	1.676471	0.000000	11	0	68	57	40	4.791879	5.331937	273.137085	0.000000	45659	13.456823	19.315060	256x256	65536	sparse	Otsu	417	11	35	3298	31.199369	0.639597	29.318513	0.996338	0.402894	0.518091	8	9	0.000000	41	3094	31.515556	0.689435	0.996123	29.083096	0.371623	0.412222	604	30.340853	0.547241	0.993827	27.060756	0.443292	0.387016	-0.525166	-0.151674	-1.029425	-0.093813	True	0.716102	30.178427	0.545813	28.804415	0.701803	0.485212	0.746968	28.305059	0.998989	7545
7546.png	0.643059	0.450376	0.621047	0.470968	0.911509	0.998213	25.349777	0.995986	28.825914	0.447288	0.481855	0.614306	30.145955	0.540671	2905	8	1	6	22	1.802817	0.125000	71	64	287.137085	5.329496	0.000000	-0.057698	-2.696667	-0.001069	0.000131	-0.011274	2336.951256	0.447288	0.447288	8	1	7	6	22	1.802817	0.125000	8	2	71	64	43	4.486517	5.329496	287.137085	0.000000	45895	15.798623	22.559725	256x256	65536	sparse	Otsu	300	8	30	2860	30.842884	0.618900	28.895137	0.995855	0.458562	0.439168	12	7	0.000000	33	2852	31.104626	0.671845	0.995178	28.349504	0.464203	0.459467	3109	31.058773	0.641503	0.996758	30.072298	0.355964	0.446517	-0.069223	0.042687	-0.696930	-0.078229	True	0.644444	30.148884	0.540684	28.840006	0.719729	0.442134	0.700758	28.046443	0.999282	7546
7547.png	0.680251	0.245092	0.393693	0.251380	0.907386	0.998190	20.852423	0.996372	30.052678	0.241983	0.371516	0.453913	30.894713	0.589432	2518	9	0	2	20	1.694915	0.000000	59	50	227.338095	5.379049	0.000000	-0.078548	-7.440685	-0.001517	0.000082	-0.000106	2086.810350	0.241983	0.241983	9	0	9	2	20	1.694915	0.000000	9	0	59	50	37	4.546762	5.379049	227.338095	0.000000	44832	17.804607	26.027006	256x256	65536	sparse	Otsu	280	9	32	2492	31.903968	0.648170	29.982745	0.996290	0.242089	0.364494	6	0	0.833333	41	2388	32.192957	0.686971	0.996181	29.928894	0.391444	0.236225	3688	32.324236	0.702163	0.997296	31.685935	0.281076	0.246441	0.069933	0.007022	-1.009255	-0.058738	True	0.683438	30.899202	0.589443	30.068272	0.515675	0.234072	0.758799	28.293108	0.999707	7547
7549.png	0.519832	0.238948	0.385727	0.240596	0.972122	0.999197	25.909537	0.993409	29.267896	0.252649	0.288979	0.741461	29.359230	0.529359	4066	19	0	6	44	1.591398	0.000000	93	74	346.007143	5.209713	0.000000	-0.112361	-2.853454	-0.000456	-0.000956	0.007191	4504.143953	0.252649	0.252649	19	0	19	6	44	1.591398	0.000000	19	0	93	74	43	4.675772	5.209713	346.007143	0.000000	45772	11.257255	16.118052	256x256	65536	sparse	Otsu	521	19	40	3893	31.226042	0.649610	30.007176	0.994365	0.245459	0.286329	15	1	0.394737	42	3758	31.582133	0.707749	0.994176	29.878706	0.255646	0.242699	534	30.199097	0.535307	0.990743	27.777999	0.314617	0.249447	-0.739280	0.002649	-1.866812	-0.120251	True	0.519784	29.363196	0.529385	29.270372	0.563951	0.418148	0.632192	28.762991	0.999653	7549
7550.png	0.699450	0.425926	0.597403	0.437146	0.943165	0.998695	26.617522	0.997005	29.290129	0.461231	0.637598	0.662644	31.542659	0.609878	2456	4	0	0	8	1.836735	0.000000	49	45	225.509668	5.735379	0.000000	-0.022839	-1.584887	-0.000753	0.000074	-0.012383	1934.846640	0.461231	0.461231	4	0	4	0	8	1.836735	0.000000	4	0	49	45	41	5.011326	5.735379	225.509668	0.000000	44775	18.230863	26.684039	256x256	65536	sparse	Otsu	289	4	31	2419	31.958349	0.656422	29.224009	0.996931	0.473615	0.549385	7	0	0.625000	42	2208	32.221147	0.687771	0.996774	29.119843	0.433342	0.458595	3651	32.421140	0.707031	0.998126	31.400776	0.384742	0.459049	0.066120	0.088212	-0.415690	-0.046544	True	0.698655	31.545465	0.609893	29.291396	0.682729	0.452407	0.722289	28.202409	0.999447	7550
7551.png	0.685325	0.326556	0.492337	0.333760	0.938005	0.998714	25.237797	0.996416	29.554417	0.352135	0.493383	0.613789	31.170870	0.587215	2491	6	0	2	14	1.769231	0.000000	52	46	222.024387	5.860380	0.000000	-0.038760	-2.611512	-0.000831	0.000290	0.005049	2200.051308	0.352135	0.352135	6	0	6	2	14	1.769231	0.000000	6	0	52	46	36	4.826617	5.860380	222.024387	0.000000	44979	18.056604	26.309113	256x256	65536	sparse	Otsu	274	6	29	2348	31.592495	0.635042	29.250471	0.996126	0.347087	0.287042	12	1	0.000000	43	2456	32.007656	0.685014	0.996220	29.476685	0.312711	0.338166	3567	32.061327	0.690335	0.997232	31.199615	0.292596	0.352330	0.303946	0.206341	-0.421625	-0.047827	True	0.684569	31.174044	0.587248	29.561018	0.508356	0.312023	0.724085	27.849309	0.999545	7551
7552.png	0.500904	0.486993	0.655004	0.545883	0.818650	0.997880	24.957443	0.998160	28.828895	0.390805	0.440102	0.313353	30.709179	0.568415	2279	6	0	1	13	1.727273	0.000000	44	38	192.024387	5.036399	0.000000	-0.026402	-2.832895	-0.001337	0.000135	0.007933	1676.594734	0.390805	0.390805	6	0	6	1	13	1.727273	0.000000	6	0	44	38	30	5.053273	5.036399	192.024387	0.000000	45332	19.891180	28.756472	256x256	65536	sparse	Otsu	253	6	27	2245	31.254827	0.617002	28.360179	0.998025	0.382872	0.179341	17	2	0.000000	35	2190	31.519930	0.659274	0.997831	28.046719	0.236033	0.372367	3954	31.930287	0.693329	0.998941	31.603855	0.189416	0.392453	0.468716	0.260761	-0.545648	-0.048587	True	0.502716	30.713626	0.568464	28.832629	0.550671	0.172554	0.527306	27.790338	0.999217	7552
7553.png	0.378019	0.139692	0.245140	0.579082	0.155479	0.989670	15.506205	0.999675	29.048706	0.104311	0.218599	0.617209	28.530797	0.562728	1029	3	0	0	6	1.400000	0.000000	10	7	39.798990	3.717227	0.000000						828.827620	0.104311	0.104311	3	0	3	0	6	1.400000	0.000000	3	0	10	7	4	5.685570	3.717227	39.798990	0.000000	45002	43.733722	63.689018	256x256	65536	sparse	Frangi	149	3												24	930	31.512592	0.616378	0.999586	27.703201	0.415793	0.153409												True	0.379782	28.529755	0.562760	29.064140	0.661760	0.408445				7553
7554.png	0.614333	0.436646	0.607868	0.441990	0.973052	0.998627	27.354925	0.994820	28.419376	0.403486	0.379978	0.966134	29.380426	0.536116	2941	10	0	4	24	1.705882	0.000000	68	58	264.622366	5.388393	0.000000	-0.065056	-0.733824	-0.000356	-0.000322	-0.018140	2161.088467	0.403486	0.403486	10	0	10	4	24	1.705882	0.000000	10	0	68	58	40	4.562455	5.388393	264.622366	0.000000	45795	15.571234	22.283577	256x256	65536	sparse	Otsu	304	10	30	2819	30.857347	0.616558	28.878940	0.995143	0.421626	0.402228	11	7	0.000000	36	2920	31.181595	0.675376	0.994746	28.491255	0.344828	0.420074	701	30.248820	0.542035	0.992841	27.134580	0.508356	0.453773	-0.459564	-0.022250	-1.476921	-0.080442	True	0.616109	29.380272	0.536142	28.419907	0.604656	0.584179	0.679389	28.088749	0.998983	7554
7555.png	0.785751	0.655886	0.792187	0.669482	0.969967	0.998593	27.528810	0.997508	28.560776	0.651109	0.619017	0.672843	31.486926	0.605583	2390	4	0	2	10	1.833333	0.000000	48	44	217.994949	5.617377	0.000000	-0.010489	-0.293980	-0.000303	0.000168	-0.011855	1531.305552	0.651109	0.651109	4	0	4	2	10	1.833333	0.000000	4	0	48	44	36	4.954431	5.617377	217.994949	0.000000	44951	18.807950	27.420921	256x256	65536	sparse	Otsu	264	4	29	2347	31.754843	0.646586	28.271826	0.997339	0.662964	0.549385	7	6	0.000000	41	2226	32.130892	0.685076	0.997373	28.396866	0.618381	0.641134	3928	32.419365	0.711389	0.998609	31.324578	0.464203	0.644470	0.288950	0.069631	-0.267917	-0.041003	True	0.784733	31.490364	0.605596	28.577837	0.684942	0.460859	0.796240	27.822790	0.998896	7555
7556.png	0.312997	0.248198	0.397690	0.414910	0.381843	0.993484	19.262235	0.998634	29.358795	0.341727	0.215990	0.578739	30.246903	0.585593	1792	12	0	1	25	1.428571	0.000000	42	30	145.597980	3.486190	0.000000	-0.331190	-9.222030	-0.005623	-0.000028	0.074887	1298.576355	0.341727	0.341727	12	0	12	1	25	1.428571	0.000000	12	0	42	30	16	4.853266	3.486190	145.597980	0.000000	44536	24.852679	36.571429	256x256	65536	sparse	Frangi	211	12	24	1689	31.888023	0.627841	29.366173	0.998662	0.266839	0.322327	11	2	0.000000	35	1598	32.084144	0.660277	0.998608	29.339180	0.192450	0.257520	5303	33.104182	0.756171	0.999380	33.338603	0.217947	0.252110	-0.007378	-0.106337	-1.641120	-0.042248	True	0.312997	30.250609	0.585616	29.367234	0.658702	0.381217	0.644188	28.484265	0.999106	7556
7557.png	0.673311	0.503316	0.669608	0.528012	0.914975	0.997873	25.129692	0.997501	28.763826	0.523896	0.613259	0.654992	30.945440	0.580552	2404	4	0	6	14	1.846154	0.000000	52	48	212.095454	5.632337	0.000000	-0.006290	-2.772402	-0.001403	0.000083	0.022820	1921.184778	0.523896	0.523896	4	0	4	6	14	1.846154	0.000000	4	1	52	48	32	4.418655	5.632337	212.095454	0.000000	45237	18.817388	27.261231	256x256	65536	sparse	Otsu	252	4	28	2386	31.399889	0.631738	28.613186	0.997418	0.501076	0.385701	11	3	0.000000	37	2330	31.707916	0.674976	0.997299	28.528732	0.496749	0.473779	3844	32.011182	0.696625	0.998414	30.901568	0.503415	0.507158	0.150640	0.227558	-0.454449	-0.051187	True	0.672204	30.950640	0.580582	28.769640	0.772362	0.505891	0.679601	27.902094	0.999276	7557
7558.png	0.682236	0.344173	0.512096	0.353532	0.928571	0.998531	23.946675	0.996707	29.076921	0.315681	0.381217	0.559684	30.288502	0.550500	2773	10	0	5	25	1.710145	0.000000	69	59	265.208153	5.205601	0.000000	-0.042217	-3.707722	-0.001034	-0.000019	-0.001222	1947.377443	0.315681	0.315681	10	0	10	5	25	1.710145	0.000000	10	0	69	59	39	4.495053	5.205601	265.208153	0.000000	45658	16.465200	23.633610	256x256	65536	sparse	Otsu	273	10	30	2748	31.056101	0.623396	28.990130	0.996726	0.316903	0.457425	7	2	0.000000	36	2586	31.351409	0.668377	0.996653	28.803259	0.436893	0.314734	3028	31.295252	0.643732	0.997378	30.343817	0.500569	0.309724	0.086791	-0.076208	-0.767600	-0.072896	True	0.680085	30.290846	0.550522	29.088414	0.700308	0.391951	0.724454	27.654397	0.999566	7558
7559.png	0.223037	0.257322	0.409318	0.786780	0.276612	0.989487	14.393460	0.999644	25.792517	0.667360	0.236621	0.323928	27.938282	0.543377	1183	4	1	4	10	1.714286	0.250000	21	18	57.213203	3.249842	0.000000						772.564888	0.667360	0.667360	4	1	3	4	10	1.714286	0.250000	4	1	21	18	7	3.178511	3.249842	57.213203	0.000000	45403	38.379544	55.398140	256x256	65536	sparse	Frangi	147	4												25	1146	31.171382	0.607970	0.999698	26.497053	0.472708	0.268800												True	0.222304	27.939567	0.543402	25.793003	0.658702	0.213372				7559
7560.png	0.631650	0.527909	0.691021	0.537845	0.966187	0.999009	27.324467	0.997269	28.997411	0.413131	0.458457	0.727051	31.212452	0.580478	2310	6	0	3	15	1.720930	0.000000	43	37	201.610173	5.148338	0.000000	-0.022480	-0.424482	-0.000233	0.000146	-0.006917	1929.103136	0.413131	0.413131	6	0	6	3	15	1.720930	0.000000	6	0	43	37	25	5.448924	5.148338	201.610173	0.000000	45173	19.555411	28.370563	256x256	65536	sparse	Otsu	282	6	28	2275	31.436455	0.625063	28.694345	0.997123	0.420048	0.349491	10	6	0.000000	39	2282	31.778555	0.669966	0.997226	28.857680	0.278306	0.400718	4101	32.154775	0.705129	0.998381	31.425210	0.292016	0.419944	0.303066	0.108966	-0.224002	-0.044586	True	0.629455	31.214021	0.580487	29.003129	0.528577	0.384303	0.654130	27.748949	0.999242	7560
7561.png	0.521455	0.415059	0.586632	0.439858	0.880409	0.997283	22.450195	0.997565	29.625588	0.315995	0.445673	0.323837	30.913706	0.591362	2323	6	0	2	14	1.739130	0.000000	46	40	202.480231	4.966228	0.000000	-0.099285	-5.800052	-0.002047	0.000052	-0.001811	1880.857944	0.315995	0.315995	6	0	6	2	14	1.739130	0.000000	6	0	46	40	30	5.062006	4.966228	202.480231	0.000000	44906	19.331037	28.211795	256x256	65536	sparse	Otsu	248	6	28	2238	31.746402	0.638215	29.416649	0.997513	0.317806	0.254936	14	0	0.333333	40	2184	32.075144	0.677682	0.997084	29.040561	0.361663	0.312877	3882	32.316955	0.706381	0.998312	31.575071	0.218599	0.311796	0.208939	0.190736	-0.832695	-0.046853	True	0.524745	30.915845	0.591376	29.632263	0.599884	0.194265	0.620740	28.250248	0.999330	7561
7562.png	0.590361	0.307492	0.470354	0.310279	0.971621	0.998952	26.904266	0.993781	28.864464	0.274710	0.326993	0.503883	29.412452	0.523939	3410	15	0	5	36	1.647059	0.000000	85	70	323.421356	5.065093	0.000000	-0.052031	-1.473198	-0.000490	-0.000653	-0.007158	2663.139820	0.274710	0.274710	15	0	15	5	36	1.647059	0.000000	15	0	85	70	44	4.620305	5.065093	323.421356	0.000000	45901	13.460704	19.218768	256x256	65536	sparse	Otsu	374	15	34	3289	30.903203	0.625570	29.514877	0.994433	0.281868	0.368716	11	4	0.000000	39	3266	31.312889	0.684072	0.994613	29.388596	0.253703	0.265189	594	30.119876	0.527329	0.991400	27.494017	0.433342	0.296923	-0.650413	-0.041723	-1.490751	-0.101631	True	0.591677	29.417843	0.523967	28.868442	0.660404	0.332767	0.642393	28.377464	0.999441	7562
7563.png	0.493600	0.346003	0.514119	0.360410	0.896435	0.998901	26.731986	0.996612	29.661640	0.231790	0.386693	0.400581	30.823460	0.558557	2481	9	0	4	22	1.700000	0.000000	60	51	240.409163	4.894657	0.000000	-0.039733	-1.506655	-0.000479	0.000056	-0.007966	1763.789654	0.231790	0.231790	9	0	9	4	22	1.700000	0.000000	9	0	60	51	34	4.713905	4.894657	240.409163	0.000000	45288	18.253930	26.415155	256x256	65536	sparse	Otsu	260	9	29	2423	31.287022	0.617133	29.489988	0.996555	0.239756	0.280277	9	0	1.000000	38	2426	31.638643	0.668273	0.996108	29.219560	0.265886	0.235772	3764	31.839650	0.688607	0.997393	31.281584	0.157178	0.235453	0.171652	0.106416	-0.463562	-0.058576	True	0.497193	30.827490	0.558580	29.664432	0.624689	0.250238	0.533333	28.238640	0.999381	7563
7564.png	0.591225	0.426875	0.598336	0.444517	0.914936	0.997867	25.054018	0.996156	29.216557	0.463368	0.365099	0.650943	30.963449	0.584913	2312	7	0	3	17	1.681818	0.000000	44	37	172.710678	6.380833	0.000000	-0.055326	-2.913086	-0.001298	0.000260	-0.007445	1725.023508	0.463368	0.463368	7	0	7	3	17	1.681818	0.000000	7	0	44	37	24	4.667856	6.380833	172.710678	0.000000	44995	19.461505	28.346021	256x256	65536	sparse	Otsu	226	7	28	2281	31.524125	0.633674	28.969409	0.995896	0.470812	0.581048	8	14	0.000000	38	2254	31.837402	0.674283	0.995693	29.090780	0.511080	0.442717	4054	32.214754	0.708639	0.997742	31.533501	0.303591	0.438491	0.247149	-0.215950	-0.560677	-0.048761	True	0.591006	30.965410	0.584924	29.218405	0.600150	0.390663	0.646552	27.967104	0.999165	7564
7565.png	0.153574	0.137972	0.242488	0.451866	0.165706	0.988749	15.102579	0.999576	28.273444	0.430476	0.174693	0.529284	28.386939	0.556603	1146	5	0	1	12	1.375000	0.000000	16	11	46.556349	4.210188	0.000000	-0.262939	-5.765498	-0.007838	0.001744	0.332778	784.514189	0.430476	0.430476	5	0	5	1	12	1.375000	0.000000	5	0	16	11	3	4.232395	4.210188	46.556349	0.000000	45014	39.279232	57.186736	256x256	65536	sparse	Frangi	142	5	3	1144	24.556135	0.536174	20.695075	0.997832	0.097698	0.731794	5	2	0.000000	26	1074	31.480979	0.620664	0.999507	27.315378	0.285637	0.176561								7.578369	-0.557101	3.830803	0.020429	True	0.153574	28.388447	0.556601	28.273261	0.647956	0.342953	0.416513	20.868078	0.996587	7565
7566.png	0.552829	0.263194	0.416712	0.268116	0.934800	0.998765	26.382782	0.993158	29.485543	0.205111	0.309266	0.676216	29.475902	0.545229	3627	18	1	6	41	1.626374	0.055556	91	74	356.421356	4.635081	0.000000	-0.115346	-2.305408	-0.000627	-0.001149	-0.012894	2623.298168	0.205111	0.205111	18	1	17	6	41	1.626374	0.055556	18	0	91	74	44	4.816505	4.635081	356.421356	0.000000	45376	12.510615	18.068927	256x256	65536	sparse	Otsu	413	18	38	3561	31.477293	0.651057	30.286818	0.994307	0.218005	0.375692	9	6	0.000000	44	3558	31.892303	0.711602	0.994099	30.210441	0.352441	0.203107	592	30.573520	0.551901	0.991426	28.190838	0.200152	0.203161	-0.801275	-0.066426	-2.001391	-0.105828	True	0.553511	29.480005	0.545256	29.485924	0.505397	0.341757	0.668175	28.688190	0.999393	7566
7567.png	0.671760	0.373033	0.543370	0.378998	0.959514	0.998807	24.596305	0.995030	28.996905	0.374014	0.355964	0.437136	29.998969	0.537856	2903	12	0	4	28	1.647059	0.000000	68	56	287.208153	5.438628	0.000000	-0.049332	-3.234038	-0.000591	-0.000051	0.001866	2306.097746	0.374014	0.374014	12	0	12	4	28	1.647059	0.000000	12	0	68	56	36	5.128717	5.438628	287.208153	0.000000	45858	15.796762	22.575267	256x256	65536	sparse	Otsu	303	12	30	2815	30.872200	0.616237	29.077866	0.995081	0.372148	0.493383	8	3	0.000000	36	2898	31.202629	0.675014	0.995098	28.765677	0.404289	0.352601	3160	31.090503	0.643286	0.995697	29.911944	0.400050	0.365400	-0.080961	-0.137419	-0.873230	-0.078381	True	0.669113	30.001502	0.537880	29.002664	0.731526	0.319776	0.721092	27.830343	0.999398	7567
7568.png	0.449114	0.247312	0.396552	0.248323	0.983798	0.998612	28.276092	0.989185	29.371501	0.161250	0.325376	0.441209	28.652799	0.506904	5737	25	1	12	61	1.664336	0.040000	143	119	536.759451	4.707889	0.000000	-0.049972	-1.358412	-0.000400	-0.002738	0.011430	6300.048590	0.161250	0.161250	25	1	24	12	61	1.664336	0.040000	25	1	143	119	70	4.510584	4.707889	536.759451	0.000000	45914	8.003138	11.423392	256x256	65536	sparse	Otsu	778	25	56	5723	31.503244	0.685373	30.958205	0.991923	0.149820	0.204744	22	4	0.000000	53	5686	32.217064	0.769280	0.992863	31.257675	0.185353	0.140523	341	29.635757	0.511181	0.982183	26.907784	0.335021	0.178956	-1.586704	0.120632	-2.850445	-0.178470	True	0.446076	28.655098	0.506941	29.374649	0.615188	0.271426	0.499086	29.634504	0.999013	7568
7569.png	0.743291	0.537815	0.699454	0.559271	0.933418	0.998324	25.786767	0.997645	28.624026	0.534345	0.520974	0.683471	31.004158	0.580122	2286	5	0	3	13	1.782609	0.000000	46	41	199.710678	5.679694	0.000000	-0.023549	-1.725387	-0.000832	0.000245	-0.007337	1876.383066	0.534345	0.534345	5	0	5	3	13	1.782609	0.000000	5	0	46	41	30	4.870992	5.679694	199.710678	0.000000	45147	19.749344	28.668416	256x256	65536	sparse	Otsu	250	5	27	2174	31.415463	0.624479	28.270595	0.997401	0.541682	0.530772	6	2	0.000000	35	2044	31.609148	0.661549	0.997256	28.075126	0.617107	0.537425	4130	32.111488	0.705390	0.998605	31.045665	0.502172	0.538692	0.353431	-0.009798	-0.411305	-0.044357	True	0.743291	31.007357	0.580127	28.625060	0.726102	0.496270	0.766839	27.512155	0.999157	7569
7570.png	0.620802	0.522642	0.686493	0.566849	0.870157	0.996859	25.334094	0.996156	29.177110	0.517719	0.545247	0.638144	31.446494	0.612800	2380	5	2	8	16	1.886792	0.400000	53	50	219.338095	5.912745	0.000000	-0.048357	-3.420717	-0.001985	-0.000081	0.013462	2080.979347	0.517719	0.517719	5	2	3	8	16	1.886792	0.400000	5	2	53	50	29	4.386762	5.912745	219.338095	0.000000	44492	18.694118	27.536134	256x256	65536	sparse	Otsu	256	5	31	2362	32.122813	0.661138	29.358442	0.996237	0.504257	0.360243	15	8	0.000000	43	2304	32.387846	0.698711	0.995848	29.247698	0.530250	0.497360	3805	32.626019	0.718400	0.997550	31.585795	0.335142	0.483829	-0.181332	0.185004	-0.676319	-0.048338	True	0.620448	31.449782	0.612825	29.177618	0.697599	0.445169	0.669159	28.754811	0.998844	7570
7571.png	0.681557	0.343201	0.511020	0.345106	0.984173	0.999339	28.132131	0.995133	29.255038	0.308794	0.413354	0.520247	30.498270	0.551443	3174	12	1	9	32	1.760870	0.083333	92	81	355.391919	4.792899	0.000000	-0.002176	-0.112024	-0.000096	-0.000375	0.004051	2266.746998	0.308794	0.308794	12	1	11	9	32	1.760870	0.083333	12	1	92	81	51	4.387555	4.792899	355.391919	0.000000	45556	14.352867	20.647763	256x256	65536	sparse	Otsu	337	12	34	3158	31.227150	0.637041	29.529509	0.995508	0.304743	0.384918	10	2	0.416667	41	2928	31.561320	0.685022	0.995537	29.461228	0.417252	0.298790	664	30.546382	0.552025	0.993470	27.865803	0.513248	0.317104	-0.274471	0.028436	-0.728880	-0.085598	True	0.682864	30.502485	0.551463	29.258130	0.591801	0.307883	0.683733	28.244156	0.999435	7571
7573.png	0.320000	0.268580	0.423434	0.889643	0.277837	0.989154	17.963848	0.999361	28.027010	0.623272	0.259182	0.690414	29.106319	0.555926	1100	3	0	1	7	1.571429	0.000000	14	11	47.798990	4.683777	0.000000						832.120895	0.623272	0.623272	3	0	3	1	7	1.571429	0.000000	3	0	14	11	6	4.345363	4.683777	47.798990	0.000000	45062	40.965455	59.578182	256x256	65536	sparse	Frangi	144	3												25	1084	31.429281	0.620304	0.999165	27.104452	0.496749	0.295259												True	0.320332	29.107335	0.555940	28.026205	0.704770	0.486583				7573
7574.png	0.429137	0.247226	0.396441	0.333933	0.487741	0.993283	15.493783	0.998128	29.040933	0.313239	0.183785	0.453832	28.510660	0.530167	1921	13	1	2	27	1.441860	0.076923	43	31	135.568542	4.018145	0.000000	-0.280111	-11.849139	-0.006047	0.000096	0.089460	1251.264334	0.313239	0.313239	13	1	12	2	27	1.441860	0.076923	13	0	43	31	14	4.373179	4.018145	135.568542	0.000000	45592	23.733472	34.115565	256x256	65536	sparse	Frangi	197	13	22	1739	30.896910	0.580938	28.954382	0.998033	0.223779	0.583555	5	7	0.000000	30	1796	31.126974	0.625548	0.997952	28.746698	0.456649	0.223786	4645	31.871793	0.709433	0.998689	31.425253	0.553657	0.223022	0.086551	-0.399770	-2.386250	-0.050771	True	0.428685	28.510564	0.530177	29.038379	0.607414	0.275664	0.709248	27.342923	0.999330	7574
7575.png	0.626752	0.464961	0.634776	0.483051	0.925461	0.998344	23.693293	0.996369	29.186841	0.442417	0.339188	0.429209	30.718384	0.567611	2078	7	0	3	17	1.658537	0.000000	41	34	161.195959	6.583344	0.000000	-0.062525	-4.416822	-0.001003	0.000299	0.010557	1762.534857	0.442417	0.442417	7	0	7	3	17	1.658537	0.000000	7	0	41	34	21	4.741058	6.583344	161.195959	0.000000	45250	21.775746	31.538017	256x256	65536	sparse	Otsu	216	7	25	1915	31.303727	0.606245	28.968901	0.996070	0.431860	0.475712	7	2	0.000000	34	2040	31.545361	0.650708	0.995511	28.724012	0.324504	0.446753	4508	32.130621	0.715848	0.997949	31.648444	0.306416	0.415864	0.217940	-0.136524	-0.585343	-0.038634	True	0.627313	30.724307	0.567668	29.204234	0.692721	0.297322	0.689276	28.110116	0.999347	7575
7576.png	0.344099	0.271057	0.426507	0.469356	0.390827	0.993595	18.647796	0.998685	28.328657	0.440998	0.244216	0.543816	29.160396	0.521203	1842	9	2	3	19	1.674419	0.222222	43	36	131.497475	3.505478	0.000000	-0.417130	-8.923025	-0.005476	0.000008	0.137838	1239.437819	0.440998	0.440998	9	2	7	3	19	1.674419	0.222222	9	2	43	36	21	3.652708	3.505478	131.497475	0.000000	45632	24.773073	35.578719	256x256	65536	sparse	Frangi	199	9	21	1808	30.570884	0.573567	28.640805	0.998678	0.303161	0.517402	7	7	0.000000	27	1730	30.919794	0.614385	0.998593	28.073037	0.258193	0.306835	4797	31.784696	0.712572	0.999151	31.146093	0.162785	0.292614	-0.312147	-0.273186	-1.410489	-0.052364	True	0.344099	29.163274	0.521221	28.333230	0.606235	0.329680	0.761229	27.570821	0.999071	7576
7577.png	0.148092	0.168929	0.289032	0.899598	0.172175	0.990034	14.705034	0.999876	27.720160	0.808000	0.213372	0.275908	27.975501	0.516401	937	2	0	0	4	1.500000	0.000000	8	6	24.899495	3.798661	0.000000						654.412508	0.808000	0.808000	2	0	2	0	4	1.500000	0.000000	2	0	8	6	4	4.149916	3.798661	24.899495	0.000000	45652	48.721451	69.942369	256x256	65536	sparse	Frangi	136	2												19	864	30.693647	0.571720	0.999850	26.939888	0.515191	0.163679												True	0.148092	27.975947	0.516423	27.724031	0.656991	0.181269				7577
7578.png	0.540501	0.226816	0.369763	0.228593	0.966855	0.999323	27.853751	0.992142	29.412554	0.151750	0.313855	0.400386	29.744029	0.531415	4036	24	1	10	57	1.654135	0.041667	133	110	479.534055	4.484302	0.000000	-0.050478	-0.685944	-0.000170	-0.001345	-0.009343	2471.072197	0.151750	0.151750	24	1	23	10	57	1.654135	0.041667	24	1	133	110	66	4.359400	4.484302	479.534055	0.000000	45729	11.330278	16.237859	256x256	65536	sparse	Otsu	404	24	41	4018	31.276415	0.652516	30.282243	0.993487	0.161093	0.305109	10	3	0.000000	45	3946	31.735019	0.717464	0.993596	30.384351	0.408445	0.150774	538	30.226577	0.534098	0.990050	28.271172	0.455561	0.157875	-0.869689	0.008746	-1.532386	-0.121101	True	0.540839	29.751132	0.531476	29.422280	0.552465	0.221199	0.590979	28.539695	0.999493	7578
7579.png	0.399240	0.088359	0.162371	0.088469	0.986155	0.999523	28.339536	0.978591	29.773146	0.054350	0.366186	0.461707	27.618622	0.501391	7647	40	1	22	101	1.681633	0.025000	245	206	986.080303	4.580483	0.000000	-0.118037	-1.753673	-0.000177	-0.007261	0.001422	6301.285982	0.054350	0.054350	40	1	39	22	101	1.681633	0.025000	40	1	245	206	122	4.786798	4.580483	986.080303	0.000000	45930	6.006277	8.570158	256x256	65536	sparse	Otsu	930	40	67	7523	31.865674	0.720521	31.791018	0.985851	0.052928	0.200913	14	6	0.000000	63	7540	33.160187	0.821259	0.989572	32.687492	0.682470	0.167448	278	28.973827	0.496718	0.966535	26.150493	0.432586	0.132342	-2.017872	0.165273	-4.247052	-0.219131	True	0.397260	27.626192	0.501442	29.777011	0.475337	0.219467	0.517276	30.093208	0.999700	7579
7581.png	0.718563	0.623396	0.768015	0.630534	0.982164	0.998732	28.092487	0.996941	28.811002	0.551136	0.453379	0.773423	31.287500	0.591300	2225	5	0	0	10	1.736842	0.000000	38	33	175.409163	5.955683	0.000000	0.000446	-0.108255	-0.000086	0.000159	-0.004377	1459.982395	0.551136	0.551136	5	0	5	0	10	1.736842	0.000000	5	0	38	33	28	5.315429	5.955683	175.409163	0.000000	45011	20.229663	29.454382	256x256	65536	sparse	Otsu	239	5	28	2206	31.640713	0.631930	28.662476	0.996782	0.555513	0.558098	6	10	0.000000	37	2212	31.859387	0.676273	0.996482	28.194910	0.360243	0.543304	3969	32.241475	0.704731	0.997980	31.311904	0.449967	0.541015	0.148526	-0.104719	-0.353212	-0.040630	True	0.716540	31.293344	0.591332	28.833503	0.624689	0.483149	0.718117	28.200742	0.998818	7581
7582.png	0.484753	0.264394	0.418215	0.270217	0.924645	0.997653	23.184890	0.990220	29.338386	0.185830	0.357189	0.273633	28.731490	0.510360	5240	21	1	10	51	1.692308	0.047619	130	110	502.404112	4.543371	0.000000	-0.081665	-6.215340	-0.001585	-0.002094	0.007011	5315.587997	0.185830	0.185830	21	1	20	10	51	1.692308	0.047619	21	1	130	110	69	4.567310	4.543371	502.404112	0.000000	46045	8.787214	12.506870	256x256	65536	sparse	Otsu	692	21	51	5183	31.270437	0.672601	30.575921	0.992314	0.178819	0.269968	15	5	0.000000	50	5160	31.946734	0.752301	0.992708	30.724997	0.198034	0.179904	410	29.671961	0.512023	0.985121	26.877888	0.348561	0.190157	-1.237535	0.087221	-2.538947	-0.162241	True	0.486345	28.737722	0.510397	29.340302	0.714924	0.195627	0.566417	29.400231	0.999237	7582
7583.png	0.500000	0.419181	0.590737	0.425253	0.967060	0.998871	28.124304	0.994558	29.499044	0.271932	0.541594	0.413289	31.227163	0.583637	2378	5	1	6	15	1.849057	0.200000	53	49	219.409163	6.927238	0.000000	-0.007353	-0.216837	-0.000240	0.000487	-0.016671	1901.793003	0.271932	0.271932	5	1	4	6	15	1.849057	0.200000	5	0	53	49	32	4.477738	6.927238	219.409163	0.000000	45025	18.933978	27.559294	256x256	65536	sparse	Otsu	246	5	29	2337	31.524579	0.630986	29.285099	0.994071	0.288603	0.403778	7	3	0.000000	38	2250	31.790944	0.669704	0.993893	29.235712	0.257946	0.267286	3649	32.069992	0.693343	0.996111	31.327624	0.211872	0.285792	0.213945	0.137816	-0.297415	-0.047349	True	0.503145	31.233724	0.583647	29.503639	0.707707	0.292488	0.507353	28.341141	0.999111	7583
7584.png	0.712710	0.535992	0.697910	0.554140	0.942417	0.997962	26.727265	0.997009	29.304551	0.503684	0.626561	0.644300	31.407869	0.603063	2494	4	0	5	13	1.843137	0.000000	51	47	222.823376	6.123760	0.000000	-0.020623	-1.606306	-0.001013	0.000096	-0.004757	1908.026457	0.503684	0.503684	4	0	4	5	13	1.843137	0.000000	4	0	51	47	33	4.740923	6.123760	222.823376	0.000000	44835	17.977145	26.277466	256x256	65536	sparse	Otsu	254	4	30	2457	31.769055	0.648849	29.020183	0.996913	0.508441	0.522886	8	5	0.000000	41	2260	32.154484	0.688109	0.996714	28.962286	0.608254	0.500993	3510	32.219340	0.696959	0.998022	31.133569	0.465954	0.494371	0.284368	0.103675	-0.361186	-0.045786	True	0.713542	31.410699	0.603092	29.306200	0.659043	0.424622	0.733333	28.333571	0.998976	7584
7585.png	0.578102	0.451215	0.621845	0.456681	0.974158	0.998963	28.004835	0.997288	29.209021	0.322462	0.423050	0.469659	30.907468	0.563842	2449	8	0	6	22	1.750000	0.000000	64	56	240.166522	4.910141	0.000000	0.004691	-0.013043	-0.000114	0.000083	0.001479	1791.801453	0.322462	0.322462	8	0	8	6	22	1.750000	0.000000	8	0	64	56	36	4.288688	4.910141	240.166522	0.000000	45324	18.507146	26.760310	256x256	65536	sparse	Otsu	257	8	29	2431	31.283846	0.618924	28.993871	0.997205	0.320983	0.303718	10	2	0.000000	36	2414	31.616541	0.670030	0.996999	28.754564	0.402072	0.314401	3739	31.798848	0.682676	0.998027	30.988282	0.331168	0.299817	0.215150	0.119333	-0.376378	-0.055082	True	0.579985	30.908887	0.563879	29.213506	0.566126	0.265886	0.573411	28.017878	0.999077	7585
7586.png	0.686242	0.318136	0.482705	0.321870	0.964815	0.998650	26.917365	0.993524	29.182839	0.275454	0.390768	0.607703	29.759449	0.522960	3913	18	1	14	49	1.730159	0.055556	126	109	481.605122	4.358647	0.000000	-0.017462	-1.226756	-0.000426	-0.000660	0.006721	2424.379587	0.275454	0.275454	18	1	17	14	49	1.730159	0.055556	18	1	126	109	63	4.418396	4.358647	481.605122	0.000000	45976	11.749553	16.748275	256x256	65536	sparse	Otsu	397	18	38	3877	30.961431	0.641303	29.670634	0.994184	0.268733	0.455289	8	3	0.000000	40	3852	31.362248	0.706541	0.994310	29.573694	0.354889	0.272373	525	29.920790	0.523273	0.990454	27.285954	0.477954	0.271103	-0.487795	-0.064521	-1.201982	-0.118343	True	0.694229	29.766278	0.522975	29.193906	0.676967	0.411395	0.703704	28.144121	0.999077	7586
7587.png	0.708157	0.474906	0.643981	0.497853	0.911533	0.998948	27.014694	0.997291	28.806660	0.463545	0.319549	0.633648	30.780188	0.560859	2252	8	0	0	16	1.636364	0.000000	44	36	166.710678	6.008318	0.000000	0.005733	-0.411397	-0.000283	0.000313	0.008513	1746.745110	0.463545	0.463545	8	0	8	0	16	1.636364	0.000000	8	0	44	36	28	4.630852	6.008318	166.710678	0.000000	45448	20.181172	29.101243	256x256	65536	sparse	Otsu	236	8	26	2149	31.093394	0.608353	28.279189	0.996977	0.455032	0.526056	6	8	0.000000	33	2194	31.350978	0.653279	0.996855	27.971634	0.606235	0.453800	4113	31.831134	0.696371	0.998345	31.136008	0.419578	0.455777	0.527471	-0.206507	-0.313206	-0.047494	True	0.709541	30.783999	0.560879	28.815467	0.707707	0.448437	0.702424	27.426092	0.999231	7587
7588.png	0.603989	0.231676	0.376197	0.237274	0.907591	0.998365	23.655236	0.994101	29.443339	0.201016	0.300501	0.468317	29.725962	0.543254	3721	23	1	10	55	1.623932	0.043478	117	95	435.806133	4.378068	0.000000	-0.101402	-4.874260	-0.001201	-0.000955	-0.001020	2372.734308	0.201016	0.201016	23	1	22	10	55	1.623932	0.043478	23	1	117	95	52	4.587433	4.378068	435.806133	0.000000	45555	12.242677	17.612470	256x256	65536	sparse	Otsu	361	23	38	3589	31.401178	0.650787	30.239464	0.995056	0.202035	0.441500	8	3	0.000000	44	3700	31.806418	0.716072	0.995231	30.142367	0.352441	0.205845	540	30.367681	0.548747	0.992207	27.868696	0.367136	0.198173	-0.796125	-0.140998	-1.675216	-0.107533	True	0.602847	29.728133	0.543287	29.448287	0.681776	0.319288	0.705391	28.529496	0.999566	7588
7589.png	0.709891	0.558565	0.716769	0.570316	0.964427	0.998767	28.426692	0.996482	29.223291	0.510109	0.420158	0.925871	31.450143	0.588811	1926	4	0	1	9	1.724138	0.000000	29	25	121.568542	7.743552	0.000000	0.006456	0.280268	-0.000014	0.000406	0.001152	1741.869926	0.510109	0.510109	4	0	4	1	9	1.724138	0.000000	4	0	29	25	19	4.862742	7.743552	121.568542	0.000000	44778	23.249221	34.026999	256x256	65536	sparse	Otsu	228	4	25	1809	31.640217	0.619470	28.748016	0.996076	0.508956	0.716346	4	8	0.000000	35	1846	31.872841	0.656972	0.996059	28.775464	0.346527	0.514197	4819	32.629547	0.739698	0.998061	31.816469	0.306189	0.509126	0.475275	-0.296188	-0.190074	-0.030658	True	0.710669	31.454347	0.588814	29.226977	0.630277	0.583555	0.703436	28.146424	0.998781	7589
7590.png	0.613609	0.550020	0.709694	0.594177	0.880968	0.998054	25.853037	0.998043	28.466770	0.497133	0.462056	0.806132	31.169015	0.588652	2329	6	0	3	15	1.744681	0.000000	47	41	216.865007	4.901904	0.000000	-0.017300	-1.983584	-0.001076	0.000061	-0.003524	1613.678932	0.497133	0.497133	6	0	6	3	15	1.744681	0.000000	6	0	47	41	29	5.289390	4.901904	216.865007	0.000000	45078	19.355088	28.139116	256x256	65536	sparse	Otsu	253	6	29	2255	31.666066	0.635224	28.258290	0.997983	0.500656	0.559568	5	2	0.000000	40	2316	31.977991	0.678407	0.998059	28.531935	0.500093	0.505461	3977	32.261506	0.705990	0.998908	31.309500	0.282103	0.505682	0.208480	-0.097513	-0.497051	-0.046572	True	0.610571	31.175084	0.588678	28.470367	0.595053	0.479691	0.630909	27.836621	0.999130	7590
7591.png	0.549676	0.399625	0.571046	0.408717	0.947268	0.998716	27.538487	0.995212	29.225536	0.343478	0.334816	0.637728	30.203273	0.531840	2862	13	0	6	32	1.662338	0.000000	77	64	287.208153	5.648813	0.000000	0.028471	-0.969310	-0.000299	0.000014	0.031286	2293.316603	0.343478	0.343478	13	0	13	6	32	1.662338	0.000000	13	0	77	64	39	4.487627	5.648813	287.208153	0.000000	45848	16.019567	22.898672	256x256	65536	sparse	Otsu	285	13	30	2788	30.840322	0.612014	29.241705	0.995198	0.312192	0.250072	18	5	0.000000	34	2624	31.090816	0.653718	0.994458	28.721267	0.249532	0.293844	3200	31.069893	0.640664	0.995894	30.192222	0.297657	0.294311	-0.016170	0.084745	-0.637050	-0.080174	True	0.550270	30.208463	0.531860	29.236817	0.585217	0.373209	0.521205	28.507796	0.999015	7591
7592.png	0.693858	0.512767	0.677920	0.520337	0.972410	0.998919	27.598538	0.996353	28.938985	0.528472	0.561765	1.034461	31.338145	0.596082	2320	4	0	2	10	1.804878	0.000000	41	37	190.823376	7.008988	0.000000	0.013446	-0.053555	-0.000159	0.000372	-0.012693	1839.397907	0.528472	0.528472	4	0	4	2	10	1.804878	0.000000	4	0	41	37	29	5.157389	7.008988	190.823376	0.000000	45031	19.409914	28.248276	256x256	65536	sparse	Otsu	243	4	28	2263	31.591957	0.636555	28.498376	0.995981	0.541166	0.619289	7	12	0.000000	38	2198	31.843604	0.671237	0.995773	28.470270	0.663784	0.523566	4098	32.252224	0.710090	0.997915	31.359008	0.418914	0.519664	0.440609	-0.057524	-0.253811	-0.040473	True	0.691275	31.343299	0.596119	28.949577	0.617107	0.638373	0.680412	27.652094	0.999077	7592
7593.png	0.645288	0.425944	0.597421	0.431758	0.969357	0.999297	27.768889	0.996198	29.047981	0.387782	0.672085	0.441413	31.028584	0.571910	2541	4	0	7	15	1.868852	0.000000	61	57	252.551299	5.526416	0.000000	0.000022	-0.030894	-0.000088	0.000206	-0.005324	2067.957163	0.387782	0.387782	4	0	4	7	15	1.868852	0.000000	4	1	61	57	39	4.430725	5.526416	252.551299	0.000000	45366	17.853601	25.791421	256x256	65536	sparse	Otsu	279	4	29	2445	31.354057	0.627180	28.852069	0.995992	0.393106	0.348189	10	2	0.000000	38	2506	31.625840	0.673818	0.996017	28.785668	0.449815	0.381347	3675	31.820021	0.682441	0.997535	31.138502	0.393469	0.386605	0.195913	0.323896	-0.325473	-0.055270	True	0.644212	31.032018	0.571957	29.073577	0.606235	0.267600	0.645266	27.799783	0.999385	7593
7594.png	0.655199	0.379040	0.549716	0.383213	0.972077	0.999315	27.906810	0.996562	29.557967	0.333104	0.471199	0.534077	31.085470	0.572287	2467	7	0	3	17	1.730769	0.000000	52	45	250.379726	4.966123	0.000000	0.013793	-0.441495	-0.000173	0.000027	0.005500	1866.786003	0.333104	0.333104	7	0	7	3	17	1.730769	0.000000	7	0	52	45	32	5.563994	4.966123	250.379726	0.000000	45166	18.308066	26.565059	256x256	65536	sparse	Otsu	280	7	30	2377	31.513603	0.627638	29.486660	0.996535	0.327604	0.396494	8	4	0.000000	39	2432	31.837364	0.676980	0.996393	29.404180	0.275060	0.308617	3720	31.990446	0.691193	0.997404	31.454941	0.280523	0.319383	0.071306	0.074704	-0.428133	-0.055351	True	0.653906	31.087031	0.572289	29.555327	0.639405	0.341491	0.641406	28.348305	0.999488	7594
7595.png	0.551506	0.447451	0.618261	0.451345	0.981083	0.999165	27.925303	0.997520	29.774330	0.314478	0.386498	0.603035	31.370779	0.584682	2168	7	0	2	16	1.688889	0.000000	45	38	192.994949	5.281041	0.000000	-0.010648	-0.427872	-0.000146	0.000252	-0.001768	1672.384262	0.314478	0.314478	7	0	7	2	16	1.688889	0.000000	7	0	45	38	27	5.078814	5.281041	192.994949	0.000000	44864	20.693727	30.228782	256x256	65536	sparse	Otsu	240	7	27	2051	31.571121	0.623094	29.168363	0.997268	0.316246	0.241463	11	1	0.214286	37	2088	31.863466	0.667647	0.996756	28.954058	0.281076	0.308117	4314	32.345012	0.716341	0.998324	31.840653	0.208731	0.311909	0.605967	0.145035	-0.200342	-0.038412	True	0.562549	31.373618	0.584687	29.784055	0.472708	0.285059	0.562154	28.353174	0.999311	7595
7596.png	0.389448	0.320831	0.485802	0.720812	0.366357	0.990424	17.815891	0.998686	29.178607	0.261996	0.279637	0.723198	28.853959	0.547578	1412	5	0	1	11	1.583333	0.000000	24	19	86.526912	4.534429	0.000000	-0.168034	-10.041501	-0.007859	0.000409	0.020948	1059.386015	0.261996	0.261996	5	0	5	1	11	1.583333	0.000000	5	0	24	19	12	4.554048	4.534429	86.526912	0.000000	45162	31.984419	46.413598	256x256	65536	sparse	Frangi	173	5	17	1410	31.059090	0.582147	28.012202	0.998277	0.241049	0.441034	12	6	0.000000	29	1378	31.357342	0.625173	0.998305	28.636755	0.371236	0.197159								1.166405	-0.161397	-2.205131	-0.034569	True	0.379537	28.854602	0.547595	29.181824	0.718606	0.519695	0.557482	27.857392	0.998283	7596
7597.png	0.708609	0.599787	0.749834	0.614405	0.961845	0.998512	27.664952	0.996634	29.045643	0.566486	0.522886	1.096717	31.304233	0.587728	2185	4	2	6	11	1.900000	0.500000	40	38	168.610173	6.148895	0.000000	-0.008646	-0.651881	-0.000327	0.000209	0.011856	2083.441734	0.566486	0.566486	4	2	2	6	11	1.900000	0.500000	4	2	40	38	23	4.437110	6.148895	168.610173	0.000000	44922	20.559268	29.993593	256x256	65536	sparse	Otsu	244	4	27	2095	31.562078	0.627747	28.785286	0.996425	0.554631	0.780192	4	11	0.000000	37	2184	31.823436	0.672959	0.995990	28.513098	0.464203	0.544240	4022	32.235510	0.706608	0.998104	31.657565	0.401268	0.537017	0.260357	-0.257306	-0.257845	-0.040019	True	0.711951	31.307652	0.587756	29.047119	0.695779	0.763072	0.717256	28.316834	0.998838	7597
7598.png	0.473898	0.531707	0.694268	0.568391	0.891756	0.998286	28.806597	0.996573	29.573443	0.349393	0.440102	0.507236	31.224954	0.592696	2238	6	1	3	13	1.777778	0.166667	45	40	195.095454	5.095245	0.000000	-0.063595	-0.618944	-0.000358	-0.000140	-0.035192	1752.919674	0.349393	0.349393	6	1	5	3	13	1.777778	0.166667	6	1	45	40	29	4.877386	5.095245	195.095454	0.000000	44671	19.960232	29.283289	256x256	65536	sparse	Otsu	245	6	28	2170	31.833700	0.635144	29.925899	0.996713	0.384585	0.234710	16	4	0.000000	43	2206	32.232869	0.679363	0.996563	29.872526	0.152106	0.340528	4274	32.593524	0.726274	0.997731	31.692319	0.136729	0.369531	-0.352456	0.205392	-0.608746	-0.042448	True	0.473898	31.226318	0.592716	29.579384	0.545247	0.276569	0.537493	29.425542	0.998644	7598
7599.png	0.644277	0.464803	0.634628	0.498765	0.872222	0.995342	19.419255	0.996988	28.807812	0.484712	0.526688	0.855795	29.939803	0.593357	2442	5	1	1	9	1.829787	0.200000	47	43	211.580736	5.718862	0.000000	-0.094877	-8.502388	-0.003977	-0.000038	0.031242	1807.020664	0.484712	0.484712	5	1	4	1	9	1.829787	0.200000	5	1	47	43	37	4.920482	5.718862	211.580736	0.000000	45000	18.427518	26.837019	256x256	65536	sparse	Otsu	274	5	29	2390	31.701719	0.645417	28.967890	0.997027	0.453469	0.640605	6	1	0.900000	40	2300	32.049258	0.686458	0.997004	28.919073	0.516482	0.435728	3589	32.155583	0.695513	0.997967	30.982933	0.509992	0.441234	-0.160079	-0.113917	-1.761916	-0.052060	True	0.644277	29.946906	0.593425	28.811808	0.669781	0.573195	0.739154	27.921643	0.999319	7599
7601.png	0.657576	0.518035	0.682507	0.541789	0.921970	0.998085	28.493741	0.995784	30.108862	0.467742	0.410741	0.775545	31.758810	0.607898	2450	9	0	5	23	1.723077	0.000000	65	56	258.409163	4.922175	0.000000	-0.005328	-1.094456	-0.000679	-0.000089	0.012287	1952.851295	0.467742	0.467742	9	0	9	5	23	1.723077	0.000000	9	0	65	56	37	4.614449	4.922175	258.409163	0.000000	44485	18.157143	26.749388	256x256	65536	sparse	Otsu	279	9	32	2392	32.138494	0.656269	30.241857	0.995874	0.455455	0.365099	14	9	0.000000	42	2224	32.364921	0.689578	0.995399	29.968186	0.179940	0.452890	3780	32.614585	0.718882	0.997035	31.704598	0.059012	0.456376	-0.132995	0.045642	-0.379684	-0.048372	True	0.659929	31.762791	0.607945	30.113431	0.574007	0.445169	0.662904	29.588197	0.998764	7601
7602.png	0.490368	0.279541	0.436940	0.280291	0.990515	0.998738	28.446965	0.990745	29.665420	0.174944	0.369459	0.626680	29.793800	0.538483	4183	17	1	8	41	1.700935	0.058824	107	91	425.705627	4.954798	0.000000	-0.027386	-0.718718	-0.000256	-0.001399	0.007191	3907.441854	0.174944	0.174944	17	1	16	8	41	1.700935	0.058824	17	1	107	91	58	4.678084	4.954798	425.705627	0.000000	45596	10.900311	15.667224	256x256	65536	sparse	Otsu	495	17	43	4179	31.456206	0.660826	30.495304	0.992144	0.167753	0.183722	20	4	0.000000	46	4080	31.939132	0.725004	0.992266	30.507908	0.239161	0.156825	475	30.305939	0.538693	0.986649	27.795880	0.395891	0.172546	-0.829884	0.185737	-1.662406	-0.122344	True	0.507532	29.797746	0.538506	29.664080	0.507372	0.317960	0.517753	29.165683	0.998994	7602
7603.png	0.418509	0.426079	0.597553	0.766309	0.489710	0.991886	17.381383	0.999139	27.694055	0.691117	0.273851	0.558478	28.429692	0.520517	1737	6	0	2	14	1.538462	0.000000	26	20	99.526912	4.799995	0.000000	-0.320431	-9.492934	-0.007117	0.000099	0.251813	1173.151016	0.691117	0.691117	6	0	6	2	14	1.538462	0.000000	6	0	26	20	10	4.976346	4.799995	99.526912	0.000000	45932	26.443293	37.729419	256x256	65536	sparse	Frangi	178	6	19	1625	30.493320	0.565034	27.128208	0.999040	0.439303	0.559568	7	1	0.416667	26	1694	30.720485	0.612425	0.998860	26.821228	0.524247	0.463125	5062	31.740511	0.717343	0.999589	31.167579	0.388598	0.442142	0.565847	-0.285717	-2.063628	-0.044517	True	0.417481	28.433764	0.520545	27.695699	0.678899	0.379151	0.738940	26.874317	0.999003	7603
7604.png	0.601695	0.533773	0.696026	0.574113	0.883676	0.997897	25.494375	0.998126	28.753770	0.449064	0.397499	0.427082	31.412849	0.604354	2153	6	0	2	14	1.714286	0.000000	42	36	174.166522	5.433650	0.000000	-0.058762	-2.384977	-0.001335	0.000094	-0.026560	1684.868336	0.449064	0.449064	6	0	6	2	14	1.714286	0.000000	6	0	42	36	26	4.837959	5.433650	174.166522	0.000000	44731	20.776126	30.439387	256x256	65536	sparse	Otsu	229	6	28	2118	31.880405	0.643789	28.413882	0.998033	0.475625	0.388054	9	1	0.250000	40	2104	32.167895	0.681435	0.997943	28.527794	0.382453	0.454396	4322	32.679747	0.730043	0.998951	31.764815	0.342953	0.440671	0.339888	0.009446	-0.467556	-0.039435	True	0.600484	31.415857	0.604407	28.761002	0.620158	0.264859	0.660457	27.879351	0.999233	7604
7605.png	0.544706	0.227966	0.371290	0.229588	0.969937	0.999123	28.429110	0.989626	29.892649	0.201506	0.330424	0.499906	29.610822	0.546033	4433	18	0	6	42	1.628866	0.000000	97	79	397.261977	5.495093	0.000000	-0.105609	-1.537550	-0.000398	-0.002028	0.000124	4710.344791	0.201506	0.201506	18	0	18	6	42	1.628866	0.000000	18	0	97	79	49	5.028633	5.495093	397.261977	0.000000	45255	10.208662	14.783668	256x256	65536	sparse	Otsu	568	18	46	4366	31.791732	0.673989	31.102692	0.991654	0.201382	0.245056	18	4	0.000000	52	4374	32.345187	0.743483	0.992395	31.194818	0.112525	0.209471	472	30.608267	0.552621	0.986015	28.569866	0.306299	0.179847	-1.210042	0.085369	-2.180910	-0.127955	True	0.545615	29.618053	0.546078	29.898315	0.680181	0.340026	0.650315	29.966660	0.999521	7605
7606.png	0.707447	0.339857	0.507304	0.348075	0.935043	0.998528	23.578605	0.996849	28.882048	0.331230	0.328648	0.524004	30.034552	0.538783	2997	13	2	3	27	1.694444	0.153846	72	61	283.693434	4.206991	0.000000	-0.037185	-4.492441	-0.001099	-0.000269	0.000820	2123.342276	0.331230	0.331230	13	2	11	3	27	1.694444	0.153846	13	2	72	61	42	4.650712	4.206991	283.693434	0.000000	45744	15.263263	21.867201	256x256	65536	sparse	Otsu	309	13	31	2877	31.001859	0.620684	29.226435	0.997118	0.330410	0.528577	5	0	0.192308	39	2980	31.400777	0.679931	0.997211	29.126376	0.526056	0.328741	3058	31.155300	0.638467	0.997559	30.069133	0.493383	0.332916	-0.344387	-0.199929	-0.967307	-0.081901	True	0.706464	30.042775	0.538809	28.883237	0.656991	0.344266	0.744632	28.071046	0.999628	7606
7607.png	0.626359	0.294195	0.454638	0.296218	0.977312	0.999312	26.858773	0.994155	28.964590	0.309294	0.484623	0.517255	30.307358	0.555088	3198	7	0	4	18	1.740741	0.000000	54	47	259.793939	6.132200	0.000000	-0.054707	-1.207632	-0.000290	-0.000355	-0.002051	3263.672829	0.309294	0.309294	7	0	7	4	18	1.740741	0.000000	7	0	54	47	32	5.527531	6.132200	259.793939	0.000000	45532	14.237649	20.492808	256x256	65536	sparse	Otsu	400	7	34	3120	31.281481	0.639846	29.385263	0.994509	0.311346	0.381217	9	3	0.000000	41	3102	31.634420	0.693500	0.994206	29.305051	0.342953	0.295593	671	30.543688	0.559226	0.992456	27.686233	0.454835	0.316442	-0.420673	0.103407	-0.974123	-0.084759	True	0.625425	30.314602	0.555101	28.968335	0.570013	0.294842	0.681066	28.066405	0.999603	7607
7608.png	0.332569	0.174975	0.297835	0.877551	0.179353	0.988953	16.749931	0.999753	27.562027	0.137555	0.173041	0.616629	28.233835	0.524218	1028	4	0	0	8	1.272727	0.000000	11	7	37.313708	3.698690	0.000000						680.227041	0.137555	0.137555	4	0	4	0	8	1.272727	0.000000	4	0	11	7	3	5.330530	3.698690	37.313708	0.000000	45544	44.303502	63.750973	256x256	65536	sparse	Frangi	142	4												21	994	30.839572	0.586838	0.999621	25.922921	0.438700	0.239726												True	0.331906	28.238493	0.524259	27.573494	0.766600	0.472708				7608
7609.png	0.320534	0.113221	0.203411	0.851852	0.115495	0.989630	14.928926	0.999889	27.039459	0.053869	0.197481	0.681932	28.230619	0.555324	825	2	0	0	4	1.500000	0.000000	8	6	22.071068	3.220961	0.000000						556.758165	0.053869	0.053869	2	0	2	0	4	1.500000	0.000000	2	0	8	6	4	3.678511	3.220961	22.071068	0.000000	45039	54.592727	79.437576	256x256	65536	sparse	Frangi	134	2												22	798	31.349569	0.604856	0.999876	26.170051	0.507372	0.134136												True	0.322266	28.235040	0.555378	27.033559	0.653544	0.445673				7609
7610.png	0.418819	0.370635	0.540823	0.745347	0.424374	0.989755	16.746111	0.998683	27.703221	0.580014	0.271426	0.757432	27.814976	0.506307	1615	6	0	1	13	1.555556	0.000000	27	21	102.254834	4.349828	0.000000	-0.325502	-9.910998	-0.008494	0.000252	0.230907	1195.917845	0.580014	0.580014	6	0	6	1	13	1.555556	0.000000	6	0	27	21	13	4.869278	4.349828	102.254834	0.000000	46046	28.511455	40.579567	256x256	65536	sparse	Frangi	183	6	18	1608	30.351448	0.557013	26.861648	0.998431	0.349107	0.768691	5	13	0.000000	24	1592	30.542246	0.602112	0.998399	26.760032	0.567054	0.354767	5668	31.826004	0.734844	0.999289	31.046465	0.526056	0.340718	0.841573	-0.497264	-2.536472	-0.050706	True	0.416705	27.816456	0.506344	27.704641	0.680181	0.515191	0.744321	26.657109	0.998249	7610
7611.png	0.597861	0.271130	0.426597	0.284970	0.848093	0.998245	25.070319	0.993601	29.171616	0.279907	0.307190	0.483200	29.547086	0.518021	3529	20	1	10	49	1.651376	0.050000	109	90	392.735065	4.698932	0.000000	-0.112892	-3.380971	-0.001149	-0.000650	-0.000229	2397.818565	0.279907	0.279907	20	1	19	10	49	1.651376	0.050000	20	1	109	90	50	4.363723	4.698932	392.735065	0.000000	45954	13.021819	18.570700	256x256	65536	sparse	Otsu	346	20	35	3510	30.887954	0.630647	29.666194	0.994251	0.280136	0.371623	13	6	0.000000	41	3444	31.300764	0.692196	0.994447	29.627650	0.255468	0.276682	606	30.075579	0.526377	0.991421	27.879872	0.595053	0.289244	-0.494578	-0.064433	-1.340868	-0.112626	True	0.591527	29.551429	0.518072	29.180682	0.763072	0.368716	0.710753	28.451290	0.999394	7611
7612.png	0.605432	0.322845	0.488107	0.340186	0.863636	0.997283	19.872406	0.996860	28.891861	0.341897	0.420572	0.474745	29.899743	0.552733	2407	7	0	2	16	1.735849	0.000000	53	46	211.752309	5.683319	0.000000	-0.092324	-7.374620	-0.002236	0.000114	0.004051	1946.927071	0.341897	0.341897	7	0	7	2	16	1.735849	0.000000	7	0	53	46	35	4.603311	5.683319	211.752309	0.000000	45579	18.936020	27.227254	256x256	65536	sparse	Otsu	262	7	27	2393	31.006707	0.613497	28.588475	0.996746	0.337846	0.480187	7	1	0.500000	32	2238	31.293809	0.653429	0.996744	28.409954	0.440102	0.335229	3857	31.641138	0.681926	0.997699	30.673136	0.521521	0.334070	0.303386	-0.059615	-1.106964	-0.060764	True	0.606709	29.902338	0.552734	28.898821	0.576838	0.273851	0.697756	27.247026	0.999518	7612
7613.png	0.670879	0.395916	0.567249	0.400403	0.972477	0.998803	26.398954	0.995190	28.960247	0.350576	0.497168	0.571463	29.856947	0.546924	3141	8	0	6	22	1.777778	0.000000	72	64	307.592929	5.749860	0.000000	-0.059717	-1.527299	-0.000566	-0.000084	-0.005726	2390.695095	0.350576	0.350576	8	0	8	6	22	1.777778	0.000000	8	0	72	64	44	4.806140	5.749860	307.592929	0.000000	45741	14.562560	20.864693	256x256	65536	sparse	Otsu	332	8	33	3109	31.115009	0.633565	29.112280	0.995274	0.356302	0.413354	9	4	0.000000	40	3042	31.457852	0.687052	0.995306	29.014701	0.441344	0.355728	670	30.316430	0.550028	0.992872	27.017994	0.491933	0.361222	-0.152033	0.083815	-1.258062	-0.086642	True	0.670700	29.863415	0.546955	28.962610	0.660404	0.377397	0.730596	27.926253	0.999369	7613
7614.png	0.601519	0.457961	0.628221	0.464441	0.970432	0.999102	27.317400	0.997446	28.953767	0.356446	0.425518	0.562064	31.132805	0.586562	2413	7	0	2	16	1.730769	0.000000	52	45	215.166522	5.399058	0.000000	-0.005348	-0.463493	-0.000330	0.000031	0.004997	1795.970917	0.356446	0.356446	7	0	7	2	16	1.730769	0.000000	7	0	52	45	34	4.781478	5.399058	215.166522	0.000000	45088	18.685454	27.159552	256x256	65536	sparse	Otsu	251	7	29	2358	31.563584	0.635394	28.749126	0.997415	0.351449	0.344594	8	1	0.428571	41	2394	31.954881	0.682503	0.997287	28.933553	0.384303	0.356184	3735	32.110719	0.694647	0.998402	31.498843	0.223791	0.350852	0.204641	0.080924	-0.430778	-0.048832	True	0.601379	31.136247	0.586602	28.959264	0.519695	0.292101	0.606868	27.780894	0.999432	7614
7616.png	0.650219	0.458021	0.628277	0.460323	0.989198	0.999219	28.627422	0.996212	29.294111	0.462819	0.543880	0.697673	31.326575	0.598817	2210	4	0	1	9	1.783784	0.000000	37	33	183.237590	6.190686	0.000000	-0.017708	0.318248	0.000007	0.000165	-0.020682	1635.261297	0.462819	0.462819	4	0	4	1	9	1.783784	0.000000	4	0	37	33	27	5.552654	6.190686	183.237590	0.000000	44702	20.227149	29.654299	256x256	65536	sparse	Otsu	241	4	27	2026	31.832705	0.635779	29.186708	0.996047	0.483501	0.433846	9	4	0.000000	40	2124	32.143750	0.675872	0.995634	29.146959	0.538528	0.469702	4032	32.481968	0.717181	0.997657	31.557567	0.270385	0.461649	0.107403	0.110034	-0.506130	-0.036962	True	0.649002	31.330287	0.598854	29.297264	0.611320	0.426502	0.667927	28.309174	0.999212	7616
7617.png	0.409000	0.143551	0.251062	0.178356	0.423841	0.995241	16.228921	0.997001	29.166013	0.184128	0.216316	0.911414	28.645642	0.500931	2231	16	0	3	35	1.475410	0.000000	61	45	202.610173	3.774099	0.000000	-0.379177	-10.581040	-0.004318	0.000248	0.031701	1397.309303	0.184128	0.184128	16	0	16	3	35	1.475410	0.000000	16	0	61	45	23	4.502448	3.774099	202.610173	0.000000	45997	20.617212	29.375168	256x256	65536	sparse	Frangi	235	16	24	2109	30.451227	0.572848	29.029027	0.996753	0.152428	0.483149	5	5	0.000000	30	2130	30.758292	0.621989	0.997179	29.268360	0.431071	0.151154	4131	31.218927	0.671353	0.997672	30.632995	0.395200	0.152012	0.136985	-0.266832	-1.805585	-0.071917	True	0.411000	28.643462	0.500940	29.163344	0.462056	0.421124	0.788177	26.809960	0.999559	7617
7619.png	0.613701	0.492283	0.659772	0.508378	0.939577	0.998928	26.957130	0.997851	29.323467	0.392726	0.528577	0.461905	31.459968	0.595789	2202	5	0	1	11	1.782609	0.000000	46	41	208.267027	5.043754	0.000000	-0.022919	-1.280029	-0.000468	0.000137	-0.009634	1611.072779	0.392726	0.392726	5	0	5	1	11	1.782609	0.000000	5	0	46	41	34	5.079684	5.043754	208.267027	0.000000	44901	20.391008	29.762035	256x256	65536	sparse	Otsu	255	5	28	2178	31.755147	0.637806	29.011341	0.997714	0.402360	0.265886	11	1	0.000000	40	2178	32.085633	0.678354	0.997618	28.878028	0.288230	0.387149	4184	32.433825	0.717893	0.998560	31.446076	0.207450	0.401297	0.312126	0.262691	-0.295178	-0.042017	True	0.622097	31.463550	0.595824	29.328896	0.620917	0.286805	0.636620	28.237159	0.999396	7619
7620.png	0.619669	0.448388	0.619155	0.453922	0.973529	0.999069	28.571852	0.995174	29.584718	0.405215	0.653544	0.556951	31.330050	0.595057	2875	5	0	6	16	1.846154	0.000000	65	60	304.320851	5.891012	0.000000	-0.048183	-0.316858	-0.000193	0.000031	-0.028448	2485.229015	0.405215	0.405215	5	0	5	6	16	1.846154	0.000000	5	0	65	60	43	5.072014	5.891012	304.320851	0.000000	44953	15.635826	22.795130	256x256	65536	sparse	Otsu	339	5	34	2804	31.828113	0.656332	29.630215	0.995143	0.433662	0.414916	10	0	0.500000	41	2528	32.033466	0.691711	0.994696	29.137858	0.373746	0.402740	3124	31.964107	0.677298	0.996096	30.613588	0.271669	0.419770	-0.045497	0.238628	-0.498063	-0.061275	True	0.637357	31.334063	0.595076	29.588683	0.677612	0.377397	0.667852	28.888710	0.999262	7620
7621.png	0.598909	0.251799	0.402299	0.253676	0.971451	0.999099	26.553553	0.992875	28.957021	0.202115	0.336350	0.450025	29.289371	0.515486	4244	20	1	7	46	1.677966	0.050000	118	99	441.119841	4.469161	0.000000	-0.032088	-1.729355	-0.000404	-0.001228	0.008560	3291.216373	0.202115	0.202115	20	1	19	7	46	1.677966	0.050000	20	1	118	99	65	4.455756	4.469161	441.119841	0.000000	46110	10.864750	15.442036	256x256	65536	sparse	Otsu	481	20	41	4217	31.020427	0.647855	29.950612	0.994103	0.193555	0.264104	12	3	0.000000	43	4134	31.463214	0.715945	0.994170	29.891802	0.275923	0.190742	475	29.727358	0.515394	0.988775	26.269869	0.339188	0.211125	-0.993591	0.072246	-1.731055	-0.132368	True	0.601504	29.298936	0.515511	28.963368	0.617107	0.277713	0.630996	28.282908	0.999503	7621
7622.png	0.706800	0.342390	0.510120	0.345783	0.972143	0.998699	26.978510	0.995148	29.283842	0.325622	0.349491	0.498804	29.979945	0.525498	3058	14	0	5	33	1.654321	0.000000	81	67	327.178716	5.052067	0.000000	-0.041425	-1.342461	-0.000361	-0.000186	0.003050	2355.332375	0.325622	0.325622	14	0	14	5	33	1.654321	0.000000	14	0	81	67	43	4.883264	5.052067	327.178716	0.000000	45905	15.011445	21.431001	256x256	65536	sparse	Otsu	314	14	32	3050	30.847872	0.618074	29.388968	0.995334	0.322573	0.640845	5	4	0.000000	37	3000	31.192506	0.672554	0.994892	29.015046	0.350082	0.318789	636	30.198055	0.531845	0.993354	27.986894	0.576838	0.328712	-0.105126	-0.291354	-0.867926	-0.092576	True	0.706542	29.980782	0.525526	29.285338	0.667129	0.332767	0.748225	28.320971	0.999060	7622
7623.png	0.763045	0.385876	0.556869	0.398308	0.925164	0.998085	22.448961	0.998004	28.905206	0.396143	0.587286	0.715483	31.067708	0.595488	2240	4	1	6	12	1.869565	0.250000	46	43	205.894444	5.313471	0.000000	-0.049029	-5.131580	-0.001515	0.000060	0.009210	1735.470533	0.396143	0.396143	4	1	3	6	12	1.869565	0.250000	4	1	46	43	28	4.788243	5.313471	205.894444	0.000000	44908	20.048214	29.257143	256x256	65536	sparse	Otsu	237	4	28	2187	31.753246	0.638589	28.742432	0.997944	0.386933	0.545247	5	2	0.375000	41	2152	32.112000	0.679237	0.997901	28.802835	0.545247	0.382238	4190	32.464175	0.719021	0.998722	31.501781	0.564822	0.382653	0.162774	0.042039	-0.685538	-0.043101	True	0.760888	31.069129	0.595509	28.909524	0.559568	0.400362	0.812075	27.580541	0.999599	7623
7624.png	0.487715	0.344066	0.511978	0.348592	0.963636	0.999106	28.598168	0.994821	29.535540	0.246914	0.338558	0.389769	30.375025	0.550867	3016	12	0	5	29	1.657143	0.000000	70	58	267.480231	5.651852	0.000000	-0.012285	-0.226572	-0.000068	-0.000397	0.008029	2672.078848	0.246914	0.246914	12	0	12	5	29	1.657143	0.000000	12	0	70	58	36	4.611728	5.651852	267.480231	0.000000	45465	15.074602	21.729443	256x256	65536	sparse	Otsu	338	12	33	2985	31.306219	0.632967	29.893070	0.995218	0.238885	0.275664	8	0	0.833333	40	2738	31.614998	0.675175	0.994877	29.625242	0.192527	0.225993	660	30.637291	0.555868	0.993314	28.323735	0.266553	0.250197	-0.357531	0.062894	-0.931194	-0.082100	True	0.488315	30.377747	0.550869	29.532780	0.537912	0.209662	0.500000	28.824740	0.999174	7624
7625.png	0.425436	0.238994	0.385787	0.390411	0.381271	0.994170	19.889770	0.998257	29.228367	0.302498	0.169114	0.568554	29.301536	0.522884	2081	19	0	0	38	1.296296	0.000000	54	35	175.225397	3.440813	0.000000	-0.238010	-8.482926	-0.004682	-0.000021	0.063050	1121.934652	0.302498	0.302498	19	0	19	0	38	1.296296	0.000000	19	0	54	35	16	5.006440	3.440813	175.225397	0.000000	45622	21.923114	31.492552	256x256	65536	sparse	Frangi	224	19	24	1998	30.817171	0.587080	29.219944	0.998278	0.239447	0.351988	13	8	0.000000	29	1860	30.983818	0.622110	0.998244	28.971285	0.144340	0.250485	4367	31.636313	0.697675	0.998702	30.801132	0.074298	0.228571	0.008423	-0.182874	-1.515635	-0.064196	True	0.424938	29.302524	0.522890	29.229433	0.661760	0.376246	0.663447	28.372696	0.998853	7625
7626.png	0.663197	0.333431	0.500110	0.341039	0.937294	0.999070	26.067722	0.996301	29.170156	0.307715	0.389819	0.530380	30.496827	0.549449	2719	10	0	4	24	1.705882	0.000000	68	58	265.166522	5.183576	0.000000	-0.007141	-1.536295	-0.000418	0.000020	-0.003144	1971.454859	0.307715	0.307715	10	0	10	4	24	1.705882	0.000000	10	0	68	58	40	4.571837	5.183576	265.166522	0.000000	45616	16.776756	24.102979	256x256	65536	sparse	Otsu	284	10	29	2572	31.051946	0.616166	29.029486	0.996281	0.310859	0.309266	10	1	0.500000	35	2604	31.353794	0.666414	0.996046	28.818308	0.438500	0.300448	3468	31.431325	0.660511	0.997137	30.487115	0.364494	0.306384	0.140670	0.080554	-0.555119	-0.066717	True	0.664435	30.500516	0.549481	29.176030	0.570013	0.302324	0.670338	27.604017	0.999488	7626
7627.png	0.282398	0.185259	0.312605	0.350063	0.282389	0.992402	14.380133	0.999075	28.547649	0.370773	0.202054	0.430084	28.448939	0.536664	1317	7	0	3	17	1.440000	0.000000	25	18	78.213203	3.583798	0.000000	-0.510104	-11.275336	-0.007029	0.000092	0.167547	766.383886	0.370773	0.370773	7	0	7	3	17	1.440000	0.000000	7	0	25	18	5	4.345178	3.583798	78.213203	0.000000	45429	34.494305	49.761579	256x256	65536	sparse	Frangi	149	7	14	1291	30.868470	0.562024	27.455843	0.998982	0.203226	0.446780	5	3	0.000000	26	1242	31.123645	0.603175	0.999165	27.811982	0.515675	0.207672								1.091805	-0.244726	-2.419531	-0.025360	True	0.282398	28.449286	0.536662	28.547700	0.532334	0.228948	0.792502	25.655469	0.999431	7627
7628.png	0.623256	0.338230	0.505488	0.340152	0.983571	0.999474	28.154289	0.996351	29.921597	0.304282	0.497420	0.444131	31.587169	0.597575	2095	5	0	3	13	1.782609	0.000000	46	41	192.681241	5.667789	0.000000	-0.017549	-0.058239	-0.000077	0.000391	0.002239	1860.832214	0.304282	0.304282	5	0	5	3	13	1.782609	0.000000	5	0	46	41	30	4.699542	5.667789	192.681241	0.000000	44661	21.317900	31.282100	256x256	65536	sparse	Otsu	238	5	27	1933	31.870808	0.631168	29.584431	0.995960	0.302044	0.291780	8	0	0.700000	39	2006	32.147363	0.674198	0.995972	29.448635	0.261871	0.307867	4489	32.717849	0.732391	0.997520	32.055076	0.329680	0.299168	0.337166	0.205640	-0.283639	-0.033593	True	0.627213	31.590380	0.597599	29.925824	0.483149	0.214581	0.640805	28.212528	0.999551	7628
7629.png	0.645533	0.348101	0.516432	0.365854	0.877660	0.998705	25.094266	0.998323	29.372820	0.342199	0.246731	0.714292	31.171348	0.584634	2199	12	0	1	25	1.520000	0.000000	50	38	182.438600	4.607501	0.000000	-0.033348	-2.586847	-0.000921	-0.000032	-0.001689	1738.363981	0.342199	0.342199	12	0	12	1	25	1.520000	0.000000	12	0	50	38	24	4.801016	4.607501	182.438600	0.000000	44875	20.407003	29.802638	256x256	65536	sparse	Otsu	232	12	29	2177	31.733147	0.632858	29.113841	0.998355	0.343887	0.333499	7	0	0.791667	39	2196	32.010115	0.673471	0.998306	29.146763	0.361460	0.334507	4178	32.399297	0.717138	0.998920	31.728965	0.305418	0.340659	0.258979	-0.086768	-0.561799	-0.048224	True	0.646660	31.175624	0.584652	29.381687	0.513248	0.366609	0.678881	27.681113	0.999627	7629
7630.png	0.699760	0.472088	0.641385	0.482914	0.954667	0.999300	27.771145	0.998076	29.262921	0.448741	0.358107	0.892616	31.753810	0.607007	1986	6	0	0	12	1.657143	0.000000	35	29	147.296465	5.355644	0.000000	-0.012602	-0.387310	-0.000160	0.000242	-0.011178	1485.223770	0.448741	0.448741	6	0	6	0	12	1.657143	0.000000	6	0	35	29	23	5.079188	5.355644	147.296465	0.000000	44569	22.441591	32.998993	256x256	65536	sparse	Otsu	228	6	27	1978	31.919066	0.639898	28.770451	0.997835	0.459919	0.426884	6	0	1.000000	38	1894	32.173348	0.673887	0.997666	28.549240	0.395200	0.462740	4644	32.854316	0.740523	0.998932	32.041524	0.283836	0.430425	0.492470	-0.068777	-0.165256	-0.032891	True	0.700080	31.756458	0.607006	29.265200	0.503415	0.449356	0.712361	28.158455	0.999460	7630
7631.png	0.644670	0.343467	0.511314	0.348108	0.962631	0.998962	26.274934	0.995272	29.381699	0.327794	0.354792	0.647392	30.542557	0.554717	2761	11	0	4	26	1.661538	0.000000	65	54	266.036580	5.587866	0.000000	-0.019163	-2.023734	-0.000505	0.000096	0.010747	2094.267845	0.327794	0.327794	11	0	11	4	26	1.661538	0.000000	11	0	65	54	35	4.926603	5.587866	266.036580	0.000000	45445	16.459616	23.736327	256x256	65536	sparse	Otsu	282	11	31	2745	31.199763	0.626608	29.442993	0.995175	0.317047	0.466647	7	2	0.000000	37	2676	31.524105	0.673063	0.995020	29.154444	0.455289	0.309818	3300	31.478511	0.660078	0.996064	30.568268	0.440102	0.313841	-0.061295	-0.111855	-0.657206	-0.071891	True	0.640912	30.546991	0.554739	29.387766	0.672085	0.435103	0.663833	28.298668	0.999467	7631
7632.png	0.535314	0.596299	0.747102	0.617762	0.944943	0.998360	28.088352	0.996999	29.567027	0.413417	0.467408	0.356902	31.572193	0.598967	2269	6	0	1	14	1.744681	0.000000	47	41	210.166522	5.614371	0.000000	0.000470	-0.620752	-0.000381	0.000235	0.015517	1888.208628	0.413417	0.413417	6	0	6	1	14	1.744681	0.000000	6	0	47	41	32	5.126013	5.614371	210.166522	0.000000	44633	19.670780	28.883208	256x256	65536	sparse	Otsu	257	6	28	2172	31.840374	0.638858	29.317819	0.996764	0.397900	0.277801	11	3	0.000000	40	2086	32.202161	0.678303	0.996530	29.327477	0.313647	0.395630	3976	32.528408	0.716861	0.998061	31.801655	0.183402	0.388112	0.249208	0.189607	-0.268181	-0.039891	True	0.532249	31.577124	0.598986	29.575813	0.658702	0.235092	0.534844	28.709105	0.998741	7632
7633.png	0.541854	0.282972	0.441119	0.287613	0.946047	0.998812	24.312971	0.995260	29.131493	0.254924	0.305307	0.467286	29.961942	0.545163	3431	14	0	5	33	1.600000	0.000000	70	56	274.551299	5.284270	0.000000	-0.037834	-3.885994	-0.000794	-0.000374	0.000938	3323.341846	0.254924	0.254924	14	0	14	5	33	1.600000	0.000000	14	0	70	56	32	4.902702	5.284270	274.551299	0.000000	45636	13.301078	19.101137	256x256	65536	sparse	Otsu	429	14	36	3395	31.306412	0.643253	29.454716	0.995634	0.253986	0.287042	12	1	0.428571	41	3154	31.622359	0.690140	0.995498	29.449355	0.566559	0.234239	605	30.504525	0.548927	0.993324	27.471880	0.351656	0.285515	-0.323223	0.018265	-1.344470	-0.098090	True	0.541791	29.967479	0.545187	29.132889	0.607414	0.283836	0.579688	28.198964	0.999605	7633
7634.png	0.600669	0.409406	0.580962	0.420569	0.939113	0.998622	27.645670	0.995135	29.430841	0.344220	0.334537	0.627471	30.514345	0.558365	2825	11	0	5	27	1.656250	0.000000	64	53	246.551299	5.624177	0.000000	-0.054798	-1.279418	-0.000536	-0.000403	-0.004349	2576.336622	0.344220	0.344220	11	0	11	5	27	1.656250	0.000000	11	0	64	53	32	4.651911	5.624177	246.551299	0.000000	45270	16.024779	23.198584	256x256	65536	sparse	Otsu	323	11	32	2730	31.411546	0.631481	29.721859	0.995538	0.348570	0.359816	10	3	0.000000	40	2808	31.776962	0.684184	0.995334	29.642782	0.160263	0.340862	3255	31.670214	0.667445	0.996232	30.604036	0.127324	0.354990	-0.291018	-0.025279	-0.897201	-0.073117	True	0.601562	30.518659	0.558436	29.439721	0.683363	0.428791	0.655467	28.925089	0.999158	7634
7635.png	0.468015	0.352995	0.521798	0.566568	0.483586	0.994784	19.115924	0.998257	28.661948	0.452339	0.257327	0.642004	29.137146	0.515634	1714	8	0	1	17	1.500000	0.000000	32	24	124.669048	4.125164	0.000000	-0.240127	-8.231689	-0.004015	0.000226	0.106430	1102.854013	0.452339	0.452339	8	0	8	1	17	1.500000	0.000000	8	0	32	24	14	5.194544	4.125164	124.669048	0.000000	45839	26.743874	38.235706	256x256	65536	sparse	Frangi	197	8	19	1594	30.458410	0.556492	28.251016	0.998031	0.345909	0.525605	7	9	0.000000	25	1602	30.729549	0.601608	0.997879	27.569116	0.340560	0.367568	5386	31.880675	0.728878	0.999050	31.503644	0.186842	0.333497	0.410932	-0.268277	-1.321264	-0.040857	True	0.469041	29.139146	0.515656	28.665431	0.653544	0.419578	0.708142	27.347613	0.998798	7635
7636.png	0.565844	0.403254	0.574742	0.421598	0.902613	0.997870	24.161857	0.996603	29.401787	0.344890	0.440102	0.527854	30.649531	0.573385	2572	6	0	6	18	1.739130	0.000000	46	40	196.994949	6.261664	0.000000	-0.082766	-4.460736	-0.001549	-0.000160	-0.005470	2539.304256	0.344890	0.344890	6	0	6	6	18	1.739130	0.000000	6	0	46	40	22	4.924874	6.261664	196.994949	0.000000	45075	17.525272	25.480560	256x256	65536	sparse	Otsu	340	6	31	2489	31.631726	0.635864	29.730342	0.996763	0.350360	0.495069	6	3	0.000000	40	2394	31.902955	0.675411	0.996544	29.473747	0.425518	0.333213	3638	32.045389	0.691905	0.997764	31.577920	0.345338	0.335493	-0.328555	-0.054967	-0.982195	-0.062479	True	0.573960	30.649443	0.573371	29.401826	0.662098	0.349491	0.648610	28.622593	0.999418	7636
7637.png	0.457399	0.554250	0.713206	0.570615	0.950800	0.998451	28.689625	0.995954	29.579100	0.321505	0.481077	0.490489	31.022261	0.566849	2233	5	0	2	12	1.756098	0.000000	41	36	186.338095	6.424047	0.000000	-0.012332	0.235477	-0.000058	0.000416	-0.011117	1803.806067	0.321505	0.321505	5	0	5	2	12	1.756098	0.000000	5	0	41	36	27	5.176058	6.424047	186.338095	0.000000	45305	20.288849	29.348858	256x256	65536	sparse	Otsu	247	5	27	2200	31.269189	0.612492	29.072874	0.995538	0.332622	0.312023	10	2	0.000000	33	2036	31.531020	0.649772	0.995209	28.720578	0.257834	0.320768	3899	31.890649	0.692117	0.997265	31.216501	0.144807	0.329897	0.506227	0.169054	-0.246928	-0.045643	True	0.454342	31.023759	0.566857	29.588549	0.585217	0.287042	0.469731	28.454148	0.998509	7637
7638.png	0.638239	0.336623	0.503691	0.339516	0.975309	0.999234	27.842043	0.994308	29.359315	0.298751	0.385621	0.397041	29.870732	0.520136	3422	14	0	4	33	1.692308	0.000000	91	77	373.634560	5.196856	0.000000	-0.022434	-0.328562	-0.000165	-0.000130	0.003081	2354.758024	0.298751	0.298751	14	0	14	4	33	1.692308	0.000000	14	0	91	77	54	4.852397	5.196856	373.634560	0.000000	46015	13.446815	19.151373	256x256	65536	sparse	Otsu	358	14	34	3329	30.774882	0.623849	29.442590	0.994438	0.295670	0.384918	10	6	0.000000	36	3108	31.065711	0.671939	0.993826	29.072680	0.437295	0.284296	606	29.971730	0.521313	0.991635	27.583637	0.479691	0.330472	-0.083275	0.000703	-0.904151	-0.103713	True	0.637528	29.875988	0.520146	29.367585	0.609372	0.241946	0.660673	28.170605	0.999399	7638
7639.png	0.408209	0.288480	0.447783	0.918797	0.296027	0.987294	17.436091	0.999419	28.306213	0.207814	0.254226	0.617070	28.733632	0.562747	1165	3	0	2	8	1.600000	0.000000	15	12	48.870058	5.165146	0.000000	-0.179010	-5.703126	-0.007282	0.001417	-0.028250	895.505667	0.207814	0.207814	3	0	3	2	8	1.600000	0.000000	3	0	15	12	5	4.072505	5.165146	48.870058	0.000000	44890	38.532189	56.254077	256x256	65536	sparse	Frangi	144	3	4	1159	26.885406	0.565443	22.586905	0.998003	0.236064	0.666176	7	4	0.000000	26	1080	31.487706	0.621624	0.999269	27.297125	0.420422	0.260504								5.719309	-0.411950	1.848226	-0.002696	True	0.406051	28.732856	0.562786	28.311146	0.710616	0.438500	0.587219	23.139216	0.994576	7639
7640.png	0.694479	0.224992	0.367337	0.224992	1.000000	0.999730	27.518222	0.996106	29.529064	0.192354	0.324071	0.667304	31.068494	0.576055	2632	12	0	3	27	1.593220	0.000000	59	47	256.965512	5.159029	0.000000	-0.010602	0.163258	0.000010	-0.000203	-0.001017	1947.461367	0.192354	0.192354	12	0	12	3	27	1.593220	0.000000	12	0	59	47	29	5.467351	5.159029	256.965512	0.000000	45086	17.129939	24.899696	256x256	65536	sparse	Otsu	276	12	32	2554	31.651578	0.636145	29.664815	0.996308	0.193372	0.355964	5	0	0.708333	41	2312	31.922752	0.671937	0.996423	29.975927	0.393469	0.185771	3484	32.042997	0.685114	0.997169	31.519503	0.395891	0.179386	-0.135751	-0.031893	-0.583084	-0.060090	True	0.693252	31.069785	0.576088	29.530766	0.488291	0.325839	0.705081	27.354964	0.999719	7640
7641.png	0.659561	0.438149	0.609324	0.439672	0.992160	0.999334	28.345673	0.995977	29.552236	0.363980	0.524474	0.428150	31.061379	0.572840	2392	6	0	4	16	1.777778	0.000000	54	48	245.994949	5.731876	0.000000	-0.004105	0.247281	0.000011	0.000394	-0.008693	1888.773918	0.363980	0.363980	6	0	6	4	16	1.777778	0.000000	6	0	54	48	34	5.124895	5.731876	245.994949	0.000000	45261	18.921823	27.397993	256x256	65536	sparse	Otsu	270	6	28	2318	31.371359	0.622117	29.204040	0.995583	0.372673	0.376558	8	2	0.000000	36	2188	31.620374	0.662910	0.995304	28.889856	0.303872	0.352050	3860	31.925887	0.692284	0.997097	31.334683	0.233471	0.354035	0.348196	0.147916	-0.309980	-0.049276	True	0.659574	31.063120	0.572850	29.555401	0.578527	0.247696	0.663666	28.098391	0.999323	7641
7642.png	0.614229	0.179423	0.304255	0.182571	0.912315	0.998709	23.844170	0.992743	29.229583	0.172659	0.282406	0.514504	28.973778	0.509686	4396	27	1	7	60	1.596899	0.037037	129	103	474.605122	4.220189	0.000000	-0.123359	-4.781978	-0.000922	-0.001423	0.001125	3070.364237	0.172659	0.172659	27	1	26	7	60	1.596899	0.037037	27	1	129	103	62	4.607817	4.220189	474.605122	0.000000	46029	10.470655	14.908098	256x256	65536	sparse	Otsu	496	27	43	4339	31.085216	0.650028	30.385159	0.994166	0.171534	0.305109	10	4	0.000000	44	4272	31.538290	0.722550	0.994650	30.404990	0.240006	0.173398	452	29.910975	0.513616	0.990282	27.618982	0.304314	0.172467	-1.155576	-0.022702	-2.111438	-0.140342	True	0.614410	28.976042	0.509704	29.241004	0.566126	0.291274	0.737589	28.626148	0.999631	7642
7643.png	0.499588	0.124904	0.222071	0.125947	0.937860	0.999075	24.192511	0.988860	29.323711	0.106243	0.366771	0.348566	28.224680	0.505113	5981	26	1	12	64	1.695122	0.038462	164	139	637.587878	4.368096	0.000000	-0.155874	-5.209190	-0.000695	-0.003126	0.004140	5367.668867	0.106243	0.106243	26	1	25	12	64	1.695122	0.038462	26	1	164	139	88	4.586963	4.368096	637.587878	0.000000	45951	7.682829	10.957365	256x256	65536	sparse	Otsu	777	26	57	5872	31.542562	0.687785	31.149730	0.991987	0.102103	0.327762	7	1	0.634615	52	5628	32.207088	0.766859	0.992804	31.402705	0.361460	0.101289	344	29.267834	0.509045	0.982862	25.775710	0.331911	0.132947	-1.826018	0.039009	-3.317882	-0.182672	True	0.500000	28.227095	0.505141	29.324730	0.581048	0.202534	0.655462	29.401701	0.999770	7643
7644.png	0.501661	0.472138	0.641432	0.652148	0.631062	0.995343	20.475791	0.998388	28.142596	0.530836	0.355964	0.493422	29.380455	0.514939	1927	6	1	4	14	1.714286	0.166667	35	30	145.225397	4.445673	0.000000	-0.129266	-6.969640	-0.003302	0.000252	0.046820	1369.167089	0.530836	0.530836	6	1	5	4	14	1.714286	0.166667	6	1	35	30	17	4.840847	4.445673	145.225397	0.000000	45945	23.842761	34.009341	256x256	65536	sparse	Frangi	196	6	21	1788	30.377806	0.561238	27.566872	0.998136	0.484016	0.361881	13	7	0.000000	28	1848	30.681115	0.613344	0.997974	27.230720	0.394816	0.482724	4788	31.501367	0.702337	0.999049	31.084365	0.310033	0.475253	0.575724	-0.005918	-0.997350	-0.046299	True	0.501107	29.380743	0.514953	28.140131	0.662098	0.326694	0.630927	27.445432	0.998644	7644
7645.png	0.776992	0.508092	0.673821	0.513503	0.979681	0.999143	26.435300	0.997797	28.323446	0.527577	0.485212	0.868677	30.960441	0.573429	2400	5	0	0	10	1.767442	0.000000	43	38	188.338095	5.957828	0.000000	-0.002626	-0.502916	-0.000313	0.000267	-0.005201	1691.730738	0.527577	0.527577	5	0	5	0	10	1.767442	0.000000	5	0	43	38	33	4.956266	5.957828	188.338095	0.000000	45554	18.980833	27.306667	256x256	65536	sparse	Otsu	259	5	28	2367	31.247343	0.622590	27.904743	0.997530	0.532778	0.627679	5	4	0.000000	36	2352	31.535681	0.667421	0.997483	27.927194	0.667129	0.518364	3939	31.841217	0.689549	0.998654	31.028558	0.586597	0.527073	0.418703	-0.142467	-0.286901	-0.049161	True	0.776350	30.966415	0.573484	28.332004	0.703290	0.610932	0.779618	26.938216	0.999457	7645
7646.png	0.507713	0.348214	0.516556	0.589050	0.459951	0.992810	17.669425	0.997847	28.310174	0.359477	0.437295	0.823526	28.462289	0.535958	1792	4	0	3	11	1.733333	0.000000	30	26	125.083261	5.418018	0.000000	-0.209108	-9.559413	-0.006145	0.000344	0.017733	1266.824484	0.359477	0.359477	4	0	4	3	11	1.733333	0.000000	4	0	30	26	16	4.810895	5.418018	125.083261	0.000000	45672	25.486607	36.571429	256x256	65536	sparse	Frangi	191	4	21	1787	30.765092	0.587767	27.678904	0.997503	0.341744	0.619017	8	8	0.000000	28	1654	30.986700	0.623769	0.997271	27.439681	0.579249	0.362362	5110	32.024941	0.728739	0.998814	31.699011	0.422031	0.339201	0.631271	-0.181722	-2.302803	-0.051809	True	0.507028	28.463652	0.535979	28.309169	0.835526	0.688077	0.716822	27.228839	0.998956	7646
7647.png	0.646368	0.436872	0.608087	0.445499	0.957551	0.999301	27.870751	0.997121	29.273366	0.386484	0.468472	0.598609	31.212635	0.578392	2193	5	0	3	13	1.761905	0.000000	42	37	177.852814	6.370994	0.000000	-0.004312	-0.071418	-0.000124	0.000292	-0.022469	1722.176790	0.386484	0.386484	5	0	5	3	13	1.761905	0.000000	5	0	42	37	26	4.806833	6.370994	177.852814	0.000000	45181	20.602371	29.884177	256x256	65536	sparse	Otsu	234	5	27	2192	31.403117	0.621738	28.803866	0.996830	0.408953	0.435282	7	2	0.000000	35	2034	31.633044	0.658015	0.996470	28.376529	0.419191	0.360805	4103	32.136375	0.705956	0.998072	31.462575	0.322943	0.383536	0.469500	0.033190	-0.190483	-0.043346	True	0.644477	31.215184	0.578426	29.285157	0.580210	0.347319	0.650680	27.942169	0.999425	7647
7648.png	0.624724	0.404137	0.575638	0.407323	0.981017	0.998759	27.729623	0.994948	29.099073	0.316596	0.338243	0.501998	29.684480	0.518682	3543	14	1	7	34	1.682927	0.071429	82	69	310.208153	5.235073	0.000000	-0.036254	-0.902562	-0.000371	-0.000544	-0.007605	3509.287834	0.316596	0.316596	14	1	13	7	34	1.682927	0.071429	14	0	82	69	41	4.495770	5.235073	310.208153	0.000000	46062	13.000847	18.497319	256x256	65536	sparse	Otsu	423	14	35	3489	30.834949	0.627485	29.510922	0.995492	0.324201	0.283127	14	3	0.000000	39	3532	31.209128	0.690597	0.995451	29.338446	0.263212	0.319149	597	29.935614	0.520838	0.992545	27.327963	0.382982	0.319787	-0.411849	0.055116	-1.150469	-0.108803	True	0.627072	29.689272	0.518687	29.107090	0.596670	0.299527	0.660978	28.632185	0.999130	7648
7649.png	0.632878	0.264078	0.417819	0.267366	0.955504	0.998917	26.070243	0.993892	28.940704	0.229630	0.313647	0.543365	29.238167	0.511938	4319	22	1	12	55	1.666667	0.045455	126	105	443.948268	4.425544	0.000000	-0.062837	-2.241523	-0.000566	-0.001106	0.005548	3207.952499	0.229630	0.229630	22	1	21	12	55	1.666667	0.045455	22	1	126	105	59	4.228079	4.425544	443.948268	0.000000	46092	10.671915	15.173883	256x256	65536	sparse	Otsu	484	22	42	4293	31.038676	0.649652	29.889426	0.994998	0.224082	0.481670	7	5	0.000000	44	4246	31.513600	0.719557	0.995273	30.037472	0.369768	0.218743	468	29.770548	0.515687	0.990995	26.575487	0.393469	0.235281	-0.948722	-0.168023	-1.800509	-0.137714	True	0.631647	29.246017	0.511974	28.946921	0.637598	0.346448	0.695715	28.311766	0.999484	7649
7650.png	0.371020	0.380931	0.551701	0.938202	0.390735	0.989175	18.269419	0.999256	27.590178	0.886214	0.405479	0.905782	28.992925	0.559095	1405	3	0	1	7	1.700000	0.000000	20	17	84.941125	4.468389	0.000000	-0.417076	-8.049077	-0.008450	0.000322	0.494039	1096.924305	0.886214	0.886214	3	0	3	1	7	1.700000	0.000000	3	0	20	17	12	4.996537	4.468389	84.941125	0.000000	45140	32.128114	46.644840	256x256	65536	sparse	Frangi	179	3	13	1340	30.970511	0.587215	26.012132	0.998934	0.392175	0.636301	7	11	0.000000	27	1318	31.390266	0.626619	0.999165	27.085932	0.525266	0.406022								1.578046	-0.230822	-1.977587	-0.028120	True	0.372468	28.996465	0.559124	27.589046	0.652156	0.590711	0.788096	26.318496	0.997625	7650
7651.png	0.483089	0.348987	0.517406	0.349737	0.993890	0.998979	28.602331	0.993720	29.533908	0.195018	0.323789	0.311969	30.396588	0.550147	3209	16	2	5	35	1.708333	0.125000	96	82	339.421356	4.703835	0.000000	-0.011703	-0.211519	-0.000051	-0.000551	-0.001590	2085.400105	0.195018	0.195018	16	2	14	5	35	1.708333	0.125000	16	1	96	82	56	4.139285	4.703835	339.421356	0.000000	45398	14.147086	20.422562	256x256	65536	sparse	Otsu	326	16	35	3207	31.373400	0.640054	30.069831	0.994271	0.196608	0.299216	9	2	0.281250	43	3186	31.775561	0.696519	0.994503	30.087149	0.268018	0.194458	664	30.644281	0.554253	0.992299	28.504081	0.253605	0.198997	-0.535923	0.024573	-0.976812	-0.089907	True	0.499362	30.401103	0.550168	29.546224	0.581048	0.181269	0.494792	28.813850	0.999030	7651
7652.png	0.475907	0.221041	0.362053	0.224867	0.928522	0.998348	25.878441	0.990380	29.347761	0.181081	0.357036	0.534859	28.813816	0.514590	4987	24	2	12	59	1.708609	0.083333	151	129	569.374675	4.402478	0.000000	-0.075027	-3.471253	-0.000766	-0.001929	0.005755	3915.380239	0.181081	0.181081	24	2	22	12	59	1.708609	0.083333	24	1	151	129	80	4.413757	4.402478	569.374675	0.000000	45955	9.214959	13.141368	256x256	65536	sparse	Otsu	598	24	48	4881	31.274459	0.667159	30.677337	0.992309	0.175326	0.474212	7	7	0.000000	49	4788	31.878465	0.743529	0.993055	30.917633	0.225977	0.181445	407	29.777941	0.516269	0.984899	27.064864	0.539296	0.213443	-1.329575	-0.117176	-2.460643	-0.152569	True	0.475339	28.817444	0.514624	29.349132	0.641204	0.342953	0.550934	29.349694	0.999113	7652
7653.png	0.539841	0.286856	0.445825	0.288238	0.983557	0.998614	27.004649	0.990027	29.024349	0.217924	0.375622	0.343484	28.210114	0.512172	4895	20	3	14	49	1.750000	0.150000	136	119	517.788889	4.737342	0.000000	-0.099575	-2.211317	-0.000658	-0.002117	-0.028998	4416.976929	0.217924	0.217924	20	3	17	14	49	1.750000	0.150000	20	3	136	119	73	4.351167	4.737342	517.788889	0.000000	45998	9.396936	13.388355	256x256	65536	sparse	Otsu	598	20	47	4834	31.187431	0.663420	30.286256	0.992144	0.246922	0.222214	23	7	0.258333	47	4812	31.731987	0.739181	0.992961	30.525796	0.068097	0.260809	406	29.706571	0.513159	0.985092	27.229560	0.478997	0.236762	-1.261908	0.153408	-2.977317	-0.151249	True	0.536585	28.210399	0.512166	29.024289	0.673720	0.231412	0.639415	29.215966	0.999272	7653
7654.png	0.390969	0.300348	0.461951	0.437563	0.489217	0.995917	18.677157	0.998884	28.724844	0.371113	0.291071	0.380349	30.474733	0.575560	1491	5	0	1	11	1.565217	0.000000	23	18	92.597980	4.495285	0.000000	-0.185006	-8.854864	-0.003557	0.000051	0.068252	1315.291166	0.371113	0.371113	5	0	5	1	11	1.565217	0.000000	5	0	23	18	11	5.144332	4.495285	92.597980	0.000000	44844	30.076459	43.954393	256x256	65536	sparse	Frangi	180	5	20	1462	31.504668	0.600792	28.536612	0.998833	0.302862	0.250667	7	1	0.300000	32	1386	31.801232	0.635828	0.998742	28.654078	0.238527	0.309543								0.188232	0.040404	-1.029934	-0.025232	True	0.390539	30.475624	0.575568	28.733345	0.527633	0.200685	0.575975	27.532020	0.999474	7654
7655.png	0.669725	0.645628	0.784658	0.664411	0.958049	0.997353	27.278131	0.995310	29.337711	0.585917	0.497420	0.843047	31.113610	0.593674	2631	5	0	2	12	1.756098	0.000000	41	36	192.267027	6.644366	0.000000	-0.054977	-1.995503	-0.000877	-0.000118	-0.010696	2581.674337	0.585917	0.585917	5	0	5	2	12	1.756098	0.000000	5	0	41	36	27	5.340751	6.644366	192.267027	0.000000	44696	16.988217	24.909160	256x256	65536	sparse	Otsu	331	5	32	2581	31.878650	0.651046	29.647329	0.995429	0.596614	0.685617	7	14	0.000000	41	2344	32.175454	0.687006	0.994724	29.261663	0.170280	0.626969	3364	32.238979	0.693481	0.996993	31.428559	0.086198	0.598348	-0.309618	-0.188197	-0.765040	-0.057372	True	0.667777	31.116438	0.593693	29.340786	0.710616	0.599083	0.724702	29.273634	0.998230	7655
7656.png	0.591727	0.373654	0.544029	0.386958	0.915736	0.999183	26.285199	0.997998	29.205245	0.326522	0.283946	0.442679	30.883624	0.562185	2207	10	0	2	22	1.591837	0.000000	49	39	183.095454	4.765391	0.000000	0.002243	-1.781010	-0.000382	0.000047	0.017222	1653.480291	0.326522	0.326522	10	0	10	2	22	1.591837	0.000000	10	0	49	39	25	4.694755	4.765391	183.095454	0.000000	45358	20.551880	29.694608	256x256	65536	sparse	Otsu	232	10	27	2121	31.312477	0.610442	29.097785	0.997951	0.309300	0.206077	13	0	0.850000	33	2010	31.501089	0.648002	0.997569	28.532923	0.500926	0.272650	4276	32.007794	0.703800	0.998686	31.429492	0.220680	0.312606	0.107460	0.077869	-0.428852	-0.048257	True	0.595860	30.888185	0.562198	29.205642	0.605446	0.268018	0.589483	28.066208	0.999565	7656
7657.png	0.533460	0.235326	0.380994	0.238744	0.942652	0.998647	25.539093	0.991412	29.595463	0.173453	0.315568	0.439177	29.635414	0.531223	4319	24	1	9	56	1.656716	0.041667	134	111	489.575685	4.521385	0.000000	-0.059355	-3.303238	-0.000864	-0.001279	0.003129	3209.094524	0.173453	0.173453	24	1	23	9	56	1.656716	0.041667	24	1	134	111	69	4.410592	4.521385	489.575685	0.000000	45769	10.597129	15.173883	256x256	65536	sparse	Otsu	469	24	43	4276	31.317904	0.659671	30.347596	0.992691	0.170324	0.328460	11	3	0.000000	46	4038	31.745390	0.722675	0.992604	30.429386	0.295312	0.172990	468	30.031234	0.531538	0.986834	27.107705	0.390429	0.192605	-0.752133	-0.012892	-1.682489	-0.128447	True	0.533123	29.641199	0.531264	29.599781	0.637960	0.280177	0.592814	28.842332	0.999511	7657
7658.png	0.268461	0.217769	0.357653	0.321608	0.402797	0.994755	18.897148	0.997528	29.015163	0.215886	0.291386	0.297084	29.003045	0.509813	1991	9	0	4	22	1.600000	0.000000	45	36	166.710678	4.468860	0.000000	-0.281475	-8.748640	-0.004007	0.000139	0.041249	1551.129103	0.215886	0.215886	9	0	9	4	22	1.600000	0.000000	9	0	45	36	19	4.630852	4.468860	166.710678	0.000000	45909	23.058262	32.916123	256x256	65536	sparse	Frangi	208	9	23	1951	30.559370	0.572504	28.717532	0.997389	0.174637	0.361663	9	3	0.000000	27	1776	30.771485	0.605291	0.997232	28.467670	0.285377	0.170493	4585	31.526489	0.697730	0.998207	30.877306	0.225695	0.171441	0.297631	-0.070277	-1.556325	-0.062690	True	0.269255	29.005367	0.509843	29.014789	0.632121	0.187793	0.549935	27.645788	0.998762	7658
7659.png	0.451727	0.358316	0.527589	0.362629	0.967874	0.998418	28.294244	0.992254	29.466737	0.212475	0.334768	0.356386	29.465542	0.534630	4494	21	4	14	50	1.746269	0.190476	134	117	466.747258	4.412252	0.000000	-0.012367	-1.283058	-0.000521	-0.001562	0.014538	3537.436008	0.212475	0.212475	21	4	17	14	50	1.746269	0.190476	21	3	134	117	70	3.989293	4.412252	466.747258	0.000000	45633	10.154206	14.583000	256x256	65536	sparse	Otsu	517	21	45	4425	31.457668	0.666064	30.640604	0.993816	0.197937	0.222572	17	3	0.904762	48	4358	31.964695	0.733897	0.993933	30.692346	0.172489	0.199504	472	30.148506	0.534189	0.988427	27.563196	0.233561	0.200191	-1.173867	0.112195	-1.992126	-0.131434	True	0.449845	29.467992	0.534665	29.475433	0.685257	0.244216	0.464094	29.577302	0.998938	7659
7660.png	0.582931	0.355363	0.524380	0.362832	0.945245	0.999035	26.462449	0.996339	29.268914	0.338609	0.423050	0.350519	30.983718	0.566250	2150	6	0	2	14	1.720930	0.000000	43	37	182.610173	6.080113	0.000000	0.003072	-1.341075	-0.000447	0.000227	-0.008517	1819.557190	0.338609	0.338609	6	0	6	2	14	1.720930	0.000000	6	0	43	37	27	4.935410	6.080113	182.610173	0.000000	45223	21.033953	30.481860	256x256	65536	sparse	Otsu	243	6	26	2074	31.260590	0.609224	29.033477	0.996112	0.347126	0.303718	10	0	0.666667	35	2094	31.585056	0.654242	0.995996	28.794542	0.282513	0.301209	4184	32.042007	0.704453	0.997693	31.409382	0.199572	0.321625	0.235437	0.119333	-0.276872	-0.042974	True	0.581994	30.988658	0.566275	29.280292	0.642993	0.225381	0.579858	27.803525	0.999482	7660
7661.png	0.479875	0.440656	0.611744	0.669069	0.563466	0.993106	18.664171	0.998605	28.057431	0.602645	0.269690	0.746068	28.974120	0.536450	1860	7	0	1	15	1.588235	0.000000	34	27	117.497475	4.847459	0.000000	-0.254448	-8.862865	-0.005907	0.000079	0.169226	1337.156534	0.602645	0.602645	7	0	7	1	15	1.588235	0.000000	7	0	34	27	18	4.351758	4.847459	117.497475	0.000000	45624	24.529032	35.234409	256x256	65536	sparse	Frangi	194	7	22	1823	30.825195	0.587832	27.653769	0.998525	0.433419	0.504517	9	6	0.000000	29	1824	31.006639	0.629431	0.998339	27.406247	0.652387	0.444349	5121	31.983141	0.727497	0.999250	31.338538	0.479691	0.438718	0.403662	-0.234827	-1.851075	-0.051383	True	0.479603	28.972753	0.536465	28.054308	0.659043	0.491691	0.734323	27.527036	0.999013	7661
7662.png	0.331153	0.350000	0.518519	0.876740	0.368114	0.992921	16.996486	0.999651	26.647235	0.840237	0.417252	0.885499	29.361641	0.549808	1163	2	0	0	4	1.714286	0.000000	14	12	59.041631	3.811019	0.000000						888.464451	0.840237	0.840237	2	0	2	0	4	1.714286	0.000000	2	0	14	12	10	4.920136	3.811019	59.041631	0.000000	45292	38.944110	56.350817	256x256	65536	sparse	Frangi	166	2												24	1020	31.199362	0.600999	0.999574	25.677591	0.413354	0.424932												True	0.331153	29.366309	0.549826	26.647517	0.539757	0.477954				7662
7663.png	0.560726	0.426847	0.598308	0.435087	0.957516	0.998019	27.100320	0.992113	29.210942	0.374025	0.366345	0.610752	29.526213	0.536114	3809	16	0	8	40	1.680000	0.000000	100	84	394.977705	5.597237	0.000000	-0.057721	-2.000496	-0.000827	-0.000858	-0.025681	3283.609629	0.374025	0.374025	16	0	16	8	40	1.680000	0.000000	16	0	100	84	52	4.702116	5.597237	394.977705	0.000000	45763	12.014439	17.205566	256x256	65536	sparse	Otsu	431	16	38	3751	31.170036	0.647676	29.873384	0.992972	0.399707	0.306299	28	16	0.000000	42	3752	31.518702	0.709684	0.991972	29.386928	0.054041	0.406523	534	30.190596	0.536527	0.988464	27.680579	0.387374	0.366203	-0.662442	0.060046	-1.643823	-0.111562	True	0.561059	29.527865	0.536145	29.213991	0.730719	0.446288	0.618447	29.100816	0.998846	7663
7664.png	0.404531	0.271143	0.426613	0.505146	0.369213	0.992042	18.853343	0.998664	29.633876	0.274153	0.149166	0.374172	29.242691	0.528202	1565	13	0	1	27	1.212121	0.000000	33	20	101.526912	3.795525	0.000000	-0.257494	-8.925156	-0.006152	0.000222	0.063505	980.009317	0.274153	0.274153	13	0	13	1	27	1.212121	0.000000	13	0	33	20	5	5.076346	3.795525	101.526912	0.000000	45461	29.048562	41.876038	256x256	65536	sparse	Frangi	173	13	18	1472	30.766768	0.565893	28.879545	0.998442	0.210647	0.593430	8	3	0.000000	25	1406	30.981672	0.603099	0.998223	28.344203	0.172710	0.151843	6014	32.419916	0.758522	0.999088	31.891275	0.033103	0.155720	0.754330	-0.444264	-1.524077	-0.037691	True	0.407573	29.244890	0.528225	29.637231	0.689633	0.258041	0.662025	27.778499	0.998194	7664
7665.png	0.507327	0.232143	0.376812	0.292988	0.527820	0.994510	17.979777	0.996484	29.753353	0.237091	0.242324	0.538906	29.150380	0.536064	2322	16	0	4	36	1.492063	0.000000	63	47	234.166522	4.015391	0.000000	-0.214039	-10.385975	-0.004640	0.000060	0.029920	1370.006323	0.237091	0.237091	16	0	16	4	36	1.492063	0.000000	16	0	63	47	23	4.982266	4.015391	234.166522	0.000000	45399	19.551680	28.223945	256x256	65536	sparse	Frangi	251	16	26	2122	31.109738	0.603064	29.815829	0.996424	0.207171	0.558308	7	12	0.000000	35	2318	31.412946	0.656769	0.996578	29.623227	0.175970	0.206806	4102	31.790102	0.694944	0.997304	31.057484	0.123340	0.203528	-0.062476	-0.315984	-1.959358	-0.067001	True	0.506815	29.152090	0.536070	29.753343	0.630277	0.339660	0.721366	28.365752	0.999151	7665
7666.png	0.684845	0.412328	0.583898	0.412575	0.998551	0.999425	27.598029	0.995830	28.467560	0.379032	0.536987	0.553586	30.190044	0.532411	2609	6	0	5	17	1.793103	0.000000	58	52	264.764502	5.991708	0.000000	-0.014965	0.428665	0.000049	0.000105	-0.011387	1914.324999	0.379032	0.379032	6	0	6	5	17	1.793103	0.000000	6	0	58	52	36	5.091625	5.991708	264.764502	0.000000	46090	17.665772	25.119203	256x256	65536	sparse	Otsu	276	6	27	2469	30.638106	0.597322	28.247444	0.995725	0.390419	0.420158	8	5	0.000000	33	2536	30.915741	0.649877	0.995500	28.025532	0.404289	0.384731	3672	31.089311	0.652552	0.996557	29.852875	0.358535	0.377844	0.220116	0.116829	-0.448061	-0.064911	True	0.681847	30.192726	0.532436	28.482178	0.615188	0.340560	0.699810	27.169364	0.999376	7666
7667.png	0.632796	0.239850	0.386902	0.241459	0.972973	0.999237	26.842808	0.993144	29.307967	0.228868	0.349491	0.545646	30.075689	0.542894	3627	18	1	8	43	1.688073	0.055556	109	92	414.320851	4.556848	0.000000	-0.044647	-1.367994	-0.000339	-0.000916	0.002630	2352.583647	0.228868	0.228868	18	1	17	8	43	1.688073	0.055556	18	1	109	92	58	4.503488	4.556848	414.320851	0.000000	45640	12.583402	18.068927	256x256	65536	sparse	Otsu	380	18	37	3510	31.266200	0.645283	29.957640	0.994060	0.226238	0.338999	10	2	0.277778	42	3360	31.616568	0.698972	0.994061	29.917293	0.390429	0.201254	602	30.403956	0.546981	0.991366	28.031881	0.411395	0.231654	-0.649674	0.010492	-1.190511	-0.102389	True	0.633497	30.078648	0.542874	29.311575	0.556031	0.303396	0.677443	28.210802	0.999576	7667
7668.png	0.471588	0.435823	0.607071	0.781643	0.496241	0.992186	17.900624	0.998662	27.478286	0.706522	0.335021	0.650556	28.461648	0.525568	1799	5	0	3	13	1.655172	0.000000	29	24	107.769553	5.062617	0.000000	-0.293893	-8.990405	-0.006356	0.000216	0.229073	1255.979776	0.706522	0.706522	5	0	5	3	13	1.655172	0.000000	5	0	29	24	13	4.490398	5.062617	107.769553	0.000000	45853	25.488049	36.429127	256x256	65536	sparse	Frangi	216	5	20	1707	30.554319	0.573058	26.998374	0.998446	0.477449	0.736051	5	7	0.000000	27	1762	30.759786	0.620499	0.998188	26.340587	0.444159	0.485075	4997	31.795219	0.716281	0.999393	31.176155	0.504317	0.481395	0.479912	-0.401030	-2.092671	-0.047490	True	0.470009	28.463262	0.525590	27.477142	0.776870	0.505397	0.765481	26.891029	0.998542	7668
7669.png	0.578472	0.243795	0.392017	0.248310	0.930582	0.999200	26.820471	0.995123	29.426078	0.200198	0.272996	0.407750	30.074317	0.537707	3652	17	0	3	37	1.580247	0.000000	81	64	288.379726	5.226867	0.000000	-0.002984	-1.221775	-0.000427	-0.000533	0.010210	3510.232687	0.200198	0.200198	17	0	17	3	37	1.580247	0.000000	17	0	81	64	41	4.505933	5.226867	288.379726	0.000000	45651	12.500274	17.945235	256x256	65536	sparse	Otsu	448	17	37	3502	31.285232	0.643303	29.820928	0.995656	0.189987	0.417252	5	1	0.147059	42	3334	31.626037	0.697897	0.995733	29.824074	0.327762	0.188486	538	30.345609	0.542189	0.993587	27.610566	0.426502	0.200250	-0.394850	-0.144256	-1.210915	-0.105596	True	0.576007	30.077828	0.537729	29.433927	0.539757	0.220086	0.581456	28.042246	0.999627	7669
7670.png	0.558048	0.233345	0.378394	0.234112	0.986154	0.999498	28.074415	0.991304	29.275883	0.233854	0.353246	0.615932	29.362994	0.519554	4370	19	1	9	46	1.697479	0.052632	119	101	450.261977	5.116352	0.000000	-0.059807	-0.427852	-0.000089	-0.001213	0.011469	4057.780743	0.233854	0.233854	19	1	18	9	46	1.697479	0.052632	19	1	119	101	64	4.458039	5.116352	450.261977	0.000000	45997	10.525629	14.996796	256x256	65536	sparse	Otsu	500	19	42	4280	31.088229	0.652115	30.046262	0.992517	0.222385	0.303396	13	2	0.342105	43	4080	31.502430	0.716268	0.992515	30.029382	0.189995	0.240160	456	29.883733	0.520623	0.986519	27.133151	0.458457	0.250183	-0.770379	0.049850	-1.725236	-0.132561	True	0.556863	29.365880	0.519572	29.277666	0.720569	0.443822	0.617855	28.502268	0.999586	7670
7671.png	0.605333	0.398468	0.569864	0.407015	0.949941	0.998904	28.305632	0.994197	29.325724	0.322055	0.403314	0.461007	30.481555	0.558929	3061	11	0	5	27	1.702703	0.000000	74	63	311.936075	5.274313	0.000000	-0.010135	-0.600136	-0.000266	-0.000208	0.002096	2150.082827	0.322055	0.322055	11	0	11	5	27	1.702703	0.000000	11	0	74	63	42	4.951366	5.274313	311.936075	0.000000	45365	14.820320	21.409997	256x256	65536	sparse	Otsu	336	11	34	3016	31.401034	0.640843	29.751025	0.994405	0.319960	0.247233	15	3	0.000000	41	2988	31.732782	0.691716	0.994152	29.514255	0.210746	0.333333	664	30.656780	0.560181	0.991545	27.798982	0.374303	0.336024	-0.425300	0.156080	-0.919480	-0.081914	True	0.606724	30.485872	0.558950	29.328146	0.586597	0.270426	0.615468	28.905768	0.999170	7671
7672.png	0.686623	0.360263	0.529696	0.361100	0.993603	0.999588	28.635177	0.997106	29.947592	0.335141	0.419191	0.676804	31.700674	0.597644	2104	6	0	5	17	1.727273	0.000000	44	38	175.225397	5.943441	0.000000	0.006848	0.365403	0.000027	0.000115	0.003487	1819.639206	0.335141	0.335141	6	0	6	5	17	1.727273	0.000000	6	0	44	38	22	4.611195	5.943441	175.225397	0.000000	44671	21.231464	31.148289	256x256	65536	sparse	Otsu	231	6	28	2080	31.851398	0.634256	29.732496	0.996990	0.331654	0.401503	6	2	0.000000	40	2034	32.178591	0.676918	0.996929	29.646252	0.441965	0.328167	4232	32.628963	0.725947	0.998078	31.969442	0.351656	0.345215	0.215095	0.017688	-0.150724	-0.036613	True	0.686330	31.705136	0.597654	29.951619	0.520495	0.352273	0.679775	28.269774	0.999561	7672
7673.png	0.417508	0.111430	0.200516	0.111532	0.991837	0.999422	28.215795	0.982149	29.856621	0.089580	0.362951	0.571942	28.467424	0.518689	6719	33	1	20	85	1.693780	0.030303	209	177	811.411255	4.633131	0.000000	-0.111311	-1.365136	-0.000170	-0.005163	0.010292	5792.220592	0.089580	0.089580	33	1	32	20	85	1.693780	0.030303	33	1	209	177	104	4.584244	4.633131	811.411255	0.000000	45690	6.800119	9.753832	256x256	65536	sparse	Otsu	830	33	63	6646	31.927808	0.709555	31.610766	0.987312	0.079289	0.337297	7	3	0.000000	60	6140	32.783852	0.792529	0.989893	32.228023	0.262877	0.083983	278	28.971154	0.513563	0.971331	25.430049	0.342953	0.131262	-1.754145	0.025654	-3.460385	-0.190866	True	0.415882	28.468251	0.518697	29.856599	0.518091	0.296318	0.528820	29.580931	0.999592	7673
7674.png	0.576225	0.264439	0.418271	0.266249	0.974948	0.999088	27.395496	0.991744	29.118835	0.232314	0.330289	0.519555	28.976842	0.517886	4622	22	1	10	53	1.674419	0.045455	129	108	474.261977	4.439155	0.000000	-0.077410	-1.408918	-0.000339	-0.001519	-0.005745	3918.995142	0.232314	0.232314	22	1	21	10	53	1.674419	0.045455	22	1	129	108	66	4.391315	4.439155	474.261977	0.000000	45959	9.943531	14.179143	256x256	65536	sparse	Otsu	555	22	45	4593	31.187059	0.660581	30.154699	0.993263	0.238059	0.316139	14	8	0.000000	46	4612	31.687558	0.735970	0.993636	30.198110	0.156737	0.222726	474	29.967435	0.520142	0.987909	27.458450	0.300772	0.231207	-1.035864	0.014150	-2.210216	-0.142696	True	0.575991	28.982050	0.517917	29.121193	0.557803	0.289810	0.653635	28.804414	0.999427	7674
7675.png	0.706984	0.526232	0.689583	0.541026	0.950603	0.998687	27.077513	0.997253	29.044615	0.529009	0.536987	0.835187	31.177384	0.588838	2575	6	1	5	15	1.827586	0.166667	58	53	262.036580	5.121699	0.000000	-0.022172	-1.105009	-0.000466	0.000140	0.001455	2029.783010	0.529009	0.529009	6	1	5	5	15	1.827586	0.166667	6	1	58	53	38	4.944086	5.121699	262.036580	0.000000	45070	17.502913	25.450874	256x256	65536	sparse	Otsu	281	6	30	2545	31.543419	0.641860	28.841611	0.997112	0.527554	0.625760	7	7	0.000000	39	2560	31.880699	0.687413	0.997062	28.769934	0.621458	0.540593	3638	32.011932	0.692336	0.998148	30.786041	0.416419	0.529658	0.203003	-0.088773	-0.366036	-0.053022	True	0.708566	31.181856	0.588862	29.053629	0.687765	0.574413	0.729156	28.182522	0.999152	7675
7676.png	0.432526	0.398764	0.570166	0.843216	0.430698	0.992247	18.223014	0.999276	27.282626	0.771403	0.224530	0.398693	28.529273	0.502832	1629	7	0	1	15	1.533333	0.000000	30	23	94.426407	3.933394	0.000000	-0.347034	-8.321270	-0.006282	0.000139	0.355259	973.860979	0.771403	0.771403	7	0	7	1	15	1.533333	0.000000	7	0	30	23	14	4.105496	3.933394	94.426407	0.000000	46134	28.320442	40.230816	256x256	65536	sparse	Frangi	176	7	17	1574	30.147879	0.546545	26.537823	0.999137	0.416143	0.739200	5	10	0.000000	23	1600	30.411937	0.597219	0.999049	26.126451	0.498424	0.429760	5814	31.786250	0.736976	0.999687	30.995687	0.227279	0.413392	0.744803	-0.514670	-1.618606	-0.043713	True	0.431537	28.531570	0.502823	27.284849	0.758286	0.302324	0.779560	26.544284	0.998528	7676
7677.png	0.480000	0.450190	0.620870	0.457460	0.965903	0.997698	26.997990	0.993215	29.421033	0.313638	0.386816	0.394704	30.201964	0.557676	2982	11	0	5	27	1.710526	0.000000	76	65	296.521861	5.756277	0.000000	-0.033736	-1.965449	-0.000564	-0.000128	-0.001017	2328.407288	0.313638	0.313638	11	0	11	5	27	1.710526	0.000000	11	0	76	65	44	4.561875	5.756277	296.521861	0.000000	45365	15.212944	21.977197	256x256	65536	sparse	Otsu	300	11	33	2930	31.370770	0.637127	29.658061	0.993344	0.314655	0.272397	20	10	0.000000	39	2676	31.631264	0.676207	0.992836	29.457255	0.201750	0.329356	3081	31.470359	0.653786	0.994347	30.474346	0.123978	0.317532	-0.237028	0.114419	-1.168806	-0.079451	True	0.482151	30.207629	0.557700	29.429505	0.667129	0.263319	0.513736	28.963439	0.998262	7677
7678.png	0.730933	0.433129	0.604452	0.447851	0.929461	0.998022	22.670926	0.996048	28.290428	0.455751	0.449356	0.688166	30.386393	0.566395	2475	6	0	1	13	1.760000	0.000000	50	44	204.066017	5.997284	0.000000	-0.038345	-4.451455	-0.001360	0.000098	0.016909	2021.574497	0.455751	0.455751	6	0	6	1	13	1.760000	0.000000	6	0	50	44	36	4.637864	5.997284	204.066017	0.000000	45598	18.423434	26.479192	256x256	65536	sparse	Otsu	255	6	28	2469	31.157830	0.622428	28.304806	0.995950	0.438842	0.626187	5	1	0.416667	34	2266	31.440988	0.661506	0.995529	28.143093	0.507653	0.419218	3771	31.722882	0.684081	0.997540	30.730520	0.517555	0.430664	-0.014378	-0.176831	-0.771437	-0.056033	True	0.730769	30.389629	0.566390	28.299374	0.710616	0.489022	0.769278	27.122381	0.999382	7678
7679.png	0.565619	0.495262	0.662442	0.510710	0.942441	0.997926	24.054610	0.996344	28.920928	0.408767	0.488291	0.607399	30.814786	0.573402	2130	4	1	3	10	1.823529	0.250000	34	31	154.852814	6.998236	0.000000	-0.073118	-3.791711	-0.000976	0.000308	-0.022727	1843.151569	0.408767	0.408767	4	1	3	3	10	1.823529	0.250000	4	0	34	31	21	4.995252	6.998236	154.852814	0.000000	45197	21.219249	30.768075	256x256	65536	sparse	Otsu	243	4	26	2038	31.369711	0.615160	28.553556	0.996036	0.431494	0.517402	7	9	0.000000	34	1982	31.587093	0.652395	0.995666	28.471319	0.536060	0.370180	4202	32.128120	0.707643	0.997935	31.632467	0.335520	0.410322	0.367372	-0.029111	-0.554925	-0.041759	True	0.562654	30.818877	0.573446	28.921311	0.613259	0.372493	0.638737	27.846321	0.998903	7679
7680.png	0.647572	0.515682	0.680462	0.530931	0.947241	0.998622	27.373825	0.996652	29.312941	0.443924	0.483149	0.640132	31.285656	0.591407	2338	5	0	4	14	1.761905	0.000000	42	37	185.267027	6.813845	0.000000	-0.022671	-1.173980	-0.000608	0.000071	0.011163	2081.664801	0.443924	0.443924	5	0	5	4	14	1.761905	0.000000	5	0	42	37	24	5.007217	6.813845	185.267027	0.000000	44924	19.214713	28.030796	256x256	65536	sparse	Otsu	255	5	29	2313	31.682703	0.637969	29.134510	0.996581	0.432760	0.433342	10	2	0.000000	41	2322	31.990191	0.680175	0.996240	29.012621	0.452285	0.410793	4145	32.325031	0.713828	0.997714	31.533141	0.375414	0.425059	0.178430	0.049806	-0.397046	-0.046562	True	0.647764	31.290132	0.591435	29.319286	0.789864	0.505617	0.670243	28.547805	0.999230	7680
7681.png	0.686258	0.274052	0.430205	0.277871	0.952245	0.999170	25.897854	0.995520	29.309794	0.257692	0.295312	0.644259	30.284760	0.544480	3003	16	1	7	38	1.655172	0.062500	87	72	300.622366	4.598048	0.000000	-0.048400	-1.974377	-0.000444	-0.000234	-0.001095	2240.204811	0.257692	0.257692	16	1	15	7	38	1.655172	0.062500	16	1	87	72	42	4.175311	4.598048	300.622366	0.000000	45567	15.173826	21.823510	256x256	65536	sparse	Otsu	295	16	32	2867	31.192820	0.627092	29.545626	0.995754	0.258788	0.470947	6	1	0.687500	41	2934	31.603479	0.684036	0.996086	29.596962	0.532334	0.249239	656	30.529915	0.550545	0.994500	28.069842	0.503415	0.255608	-0.235832	-0.175635	-0.908060	-0.082612	True	0.682382	30.292976	0.544535	29.320134	0.583138	0.375692	0.734659	27.872231	0.999615	7681
7682.png	0.552326	0.236231	0.382179	0.240267	0.933603	0.998248	26.563998	0.987746	29.500752	0.208131	0.346351	0.518060	28.540272	0.510227	6029	27	1	13	66	1.684848	0.037037	165	139	620.487373	4.577261	0.000000	-0.100132	-3.183332	-0.000987	-0.003105	-0.006071	5990.353346	0.208131	0.208131	27	1	26	13	66	1.684848	0.037037	27	1	165	139	86	4.463938	4.577261	620.487373	0.000000	45882	7.610217	10.870128	256x256	65536	sparse	Otsu	813	27	57	5866	31.530209	0.689705	31.025870	0.990851	0.214202	0.132281	53	4	0.000000	54	5998	32.372238	0.780770	0.992001	31.312977	0.108051	0.163918	344	29.684003	0.511329	0.980625	27.031470	0.360776	0.208541	-1.525118	0.214071	-2.989938	-0.179479	True	0.551786	28.542995	0.510268	29.503537	0.665795	0.344921	0.652457	29.747331	0.999235	7682
7684.png	0.437659	0.179887	0.304923	0.180156	0.991766	0.999078	28.885126	0.989083	29.928230	0.146688	0.376133	0.509815	29.201508	0.541012	5268	22	1	14	57	1.712329	0.045455	146	125	565.102597	4.702691	0.000000	-0.108213	-1.139283	-0.000211	-0.002588	-0.006941	5169.211388	0.146688	0.146688	22	1	21	14	57	1.712329	0.045455	22	1	146	125	75	4.520821	4.702691	565.102597	0.000000	45331	8.604973	12.440395	256x256	65536	sparse	Otsu	696	22	55	5257	31.949002	0.691709	31.452558	0.991672	0.153629	0.291071	15	7	0.000000	54	4932	32.482452	0.757060	0.992200	31.522962	0.098957	0.149215	409	30.504208	0.542627	0.983478	28.268641	0.295312	0.116592	-1.524329	0.085062	-2.747495	-0.150697	True	0.438574	29.204555	0.541020	29.928721	0.557361	0.284151	0.545872	30.024409	0.999289	7684
7685.png	0.326633	0.264032	0.417762	0.533565	0.343261	0.993145	15.912477	0.999287	27.471429	0.511038	0.220086	0.575038	28.380136	0.520571	1507	7	1	2	14	1.538462	0.142857	26	20	93.426407	3.385758	0.000000	-0.332255	-10.037709	-0.006010	0.000090	0.191773	983.351469	0.511038	0.511038	7	1	6	2	14	1.538462	0.142857	7	1	26	20	10	4.671320	3.385758	93.426407	0.000000	45699	30.324486	43.487724	256x256	65536	sparse	Frangi	171	7	16	1416	30.489564	0.553181	26.542469	0.999197	0.319265	0.300577	8	1	0.928571	25	1488	30.810615	0.601746	0.999274	26.976702	0.395891	0.325284								0.928960	-0.080491	-2.109429	-0.032609	True	0.326633	28.381973	0.520599	27.468164	0.641204	0.368716	0.658888	25.950186	0.999155	7685
7687.png	0.559484	0.253641	0.404647	0.257984	0.937762	0.998407	26.545444	0.992056	29.421171	0.209719	0.320501	0.491632	29.250525	0.524635	4631	25	1	15	64	1.668966	0.040000	145	121	514.090404	4.348670	0.000000	-0.108493	-2.926538	-0.000823	-0.001768	0.006862	3454.549789	0.209719	0.209719	25	1	24	15	64	1.668966	0.040000	25	1	145	121	66	4.248681	4.348670	514.090404	0.000000	45652	9.857914	14.151587	256x256	65536	sparse	Otsu	552	25	46	4621	31.439433	0.667651	30.691955	0.993824	0.202857	0.306119	11	2	0.220000	47	4308	31.894132	0.730462	0.993967	30.634341	0.191728	0.197493	472	30.175960	0.532171	0.989395	28.208154	0.507372	0.204757	-1.270784	0.014383	-2.188908	-0.143016	True	0.559484	29.252611	0.524658	29.421262	0.665460	0.327162	0.667976	29.471981	0.999230	7687
7688.png	0.640529	0.279317	0.436666	0.295501	0.836066	0.997768	22.022179	0.996974	29.791714	0.275102	0.286193	0.451920	30.688729	0.578646	2645	14	0	3	31	1.616438	0.000000	73	59	257.208153	4.226396	0.000000	-0.133384	-6.316338	-0.001844	-0.000116	-0.001901	1905.858517	0.275102	0.275102	14	0	14	3	31	1.616438	0.000000	14	0	73	59	39	4.359460	4.226396	257.208153	0.000000	44985	17.007561	24.777316	256x256	65536	sparse	Otsu	274	14	31	2564	31.689649	0.640453	29.965205	0.997090	0.277003	0.379668	8	0	0.785714	41	2334	32.007700	0.680592	0.996973	29.734404	0.660404	0.263862	3554	32.098621	0.692858	0.997476	31.372633	0.451188	0.269919	-0.173491	-0.093475	-1.000920	-0.061807	True	0.639894	30.691991	0.578680	29.793708	0.644774	0.291386	0.773913	28.338517	0.999611	7688
7689.png	0.548585	0.573976	0.729332	0.577922	0.988243	0.998827	27.035602	0.997433	28.730385	0.377005	0.568289	0.432032	31.141900	0.585257	2241	4	0	3	11	1.804878	0.000000	41	37	187.195959	6.446427	0.000000	-0.002346	-0.517477	-0.000134	0.000326	0.012192	1589.223862	0.377005	0.377005	4	0	4	3	11	1.804878	0.000000	4	0	41	37	27	5.059350	6.446427	187.195959	0.000000	45219	20.178046	29.244087	256x256	65536	sparse	Otsu	241	4	27	2129	31.449598	0.624276	28.316290	0.997108	0.364813	0.305418	9	0	0.375000	37	2238	31.758940	0.671905	0.996660	28.142248	0.305418	0.348819	4119	32.177043	0.705183	0.998292	31.248319	0.309893	0.358447	0.414096	0.262872	-0.307698	-0.039020	True	0.548585	31.146511	0.585266	28.738915	0.670441	0.289652	0.550932	27.553080	0.998961	7689
7690.png	0.516828	0.489222	0.657017	0.504510	0.941672	0.997452	24.783847	0.996739	30.003593	0.319176	0.392366	0.463024	31.272175	0.599030	2656	11	1	9	29	1.736842	0.090909	76	66	301.693434	4.626855	0.000000	-0.021063	-4.232129	-0.001354	-0.000032	0.008635	1985.368490	0.319176	0.319176	11	1	10	9	29	1.736842	0.090909	11	1	76	66	38	4.571113	4.626855	301.693434	0.000000	44656	16.813253	24.674699	256x256	65536	sparse	Otsu	297	11	32	2572	31.960452	0.653036	29.946976	0.996771	0.310541	0.277989	14	5	0.000000	44	2492	32.326813	0.697025	0.996749	30.069922	0.304314	0.313906	3340	32.289178	0.692715	0.997627	31.564611	0.229649	0.319949	0.056618	0.114377	-0.688277	-0.054006	True	0.517949	31.276593	0.599061	30.012307	0.624689	0.289246	0.537892	29.015976	0.998806	7690
7691.png	0.418125	0.496757	0.663777	0.500000	0.987110	0.998851	28.799960	0.996487	29.419610	0.273196	0.530459	0.305172	31.517845	0.600615	2341	5	0	2	12	1.787234	0.000000	47	42	212.994949	5.868582	0.000000	-0.004639	0.363385	0.000028	0.000108	-0.001624	1660.606623	0.273196	0.273196	5	0	5	2	12	1.787234	0.000000	5	0	47	42	33	5.071308	5.868582	212.994949	0.000000	44749	19.115335	27.994874	256x256	65536	sparse	Otsu	258	5	29	2304	31.830452	0.643202	29.224999	0.996379	0.274820	0.194034	14	1	0.000000	40	2166	32.163043	0.679263	0.996015	29.150454	0.199618	0.268201	3653	32.354055	0.702005	0.997531	31.395528	0.163058	0.282624	0.194611	0.336425	-0.312607	-0.042587	True	0.424564	31.519831	0.600620	29.429635	0.662098	0.202054	0.422764	28.436575	0.998822	7691
7692.png	0.431770	0.375115	0.545576	0.646361	0.471982	0.991228	16.339751	0.998616	28.382273	0.306777	0.283469	0.558843	28.138098	0.526369	1647	6	0	2	14	1.571429	0.000000	28	22	103.941125	4.518822	0.000000	-0.207425	-10.724995	-0.007620	0.000224	0.012866	1127.163172	0.306777	0.306777	6	0	6	2	14	1.571429	0.000000	6	0	28	22	12	4.724597	4.518822	103.941125	0.000000	45708	27.752277	39.791135	256x256	65536	sparse	Frangi	178	6	20	1642	30.708451	0.573698	27.838443	0.998392	0.293912	0.632121	6	4	0.000000	26	1550	30.838488	0.610606	0.998228	27.524781	0.487011	0.298678	5659	32.137724	0.742752	0.999298	31.804597	0.403377	0.290410	0.543830	-0.348652	-2.570353	-0.047329	True	0.431922	28.139645	0.526415	28.380670	0.669781	0.374303	0.639195	27.064745	0.998848	7692
7693.png	0.492797	0.335353	0.502269	0.341076	0.952349	0.998740	28.010292	0.994006	29.639739	0.202546	0.289020	0.363049	29.822036	0.538053	3757	18	0	2	38	1.586207	0.000000	87	69	327.107648	4.900367	0.000000	-0.027382	-1.265095	-0.000464	-0.000800	-0.001197	3296.797037	0.202546	0.202546	18	0	18	2	38	1.586207	0.000000	18	0	87	69	47	4.740691	4.900367	327.107648	0.000000	45578	12.131488	17.443705	256x256	65536	sparse	Otsu	472	18	40	3735	31.386412	0.650273	30.373549	0.994806	0.203743	0.245589	11	0	0.805556	44	3694	31.776066	0.712441	0.994769	30.223438	0.288230	0.197867	536	30.406610	0.542200	0.991692	28.071770	0.355964	0.203221	-0.733811	0.043431	-1.564376	-0.112220	True	0.491291	29.830096	0.538095	29.646333	0.686514	0.249238	0.520179	29.275388	0.999204	7693
7694.png	0.543745	0.439498	0.610626	0.842451	0.478856	0.992507	16.453731	0.998987	27.603099	0.375279	0.576838	0.888860	28.485263	0.551211	1466	2	1	2	4	1.913043	0.500000	23	22	96.597980	5.142001	0.000000	-0.189731	-9.980665	-0.006144	0.000200	-0.042681	1149.410725	0.375279	0.375279	2	1	1	2	4	1.913043	0.500000	2	1	23	22	17	4.390817	5.142001	96.597980	0.000000	45325	30.917462	44.703956	256x256	65536	sparse	Frangi	184	2	16	1392	30.918151	0.578361	26.951277	0.998786	0.417960	0.559568	7	8	0.000000	28	1334	31.281981	0.617025	0.998815	27.217213	0.660404	0.440879								0.651822	0.017270	-2.432888	-0.027150	True	0.543514	28.483073	0.551230	27.598810	0.683363	0.607414	0.733475	26.434396	0.998651	7694
7695.png	0.477814	0.266326	0.420628	0.271937	0.928095	0.998679	26.108823	0.993015	29.626777	0.178731	0.348768	0.361667	29.885232	0.548151	4039	18	1	10	45	1.699115	0.055556	113	96	414.977705	4.760764	0.000000	-0.033669	-3.017115	-0.000791	-0.001019	0.006339	3090.691328	0.178731	0.178731	18	1	17	10	45	1.699115	0.055556	18	1	113	96	58	4.322684	4.760764	414.977705	0.000000	45453	11.253528	16.225798	256x256	65536	sparse	Otsu	483	18	42	4024	31.570096	0.664014	30.369446	0.994034	0.172391	0.221798	13	0	0.361111	47	4032	32.030731	0.728019	0.994134	30.552143	0.164730	0.165693	541	30.482525	0.551650	0.990283	27.906271	0.227405	0.162232	-0.742669	0.126970	-1.684865	-0.115863	True	0.476221	29.892202	0.548174	29.631927	0.607807	0.219824	0.511482	29.125938	0.999470	7695
7696.png	0.680480	0.484990	0.653190	0.507150	0.917350	0.998615	26.694964	0.996731	29.068166	0.503790	0.605446	0.774415	31.067483	0.581791	2332	4	0	3	11	1.822222	0.000000	45	41	215.965512	5.783158	0.000000	-0.012998	-1.524977	-0.000608	0.000197	-0.019590	1805.616140	0.503790	0.503790	4	0	4	3	11	1.822222	0.000000	4	0	45	41	31	5.267452	5.783158	215.965512	0.000000	45166	19.367925	28.102916	256x256	65536	sparse	Otsu	254	4	27	2129	31.461947	0.624488	28.791794	0.996534	0.523381	0.383463	11	4	0.000000	36	2304	31.699221	0.673750	0.996099	28.430317	0.324296	0.528863	4106	32.156548	0.708284	0.997898	31.181616	0.288230	0.506565	0.276372	0.221984	-0.394464	-0.042698	True	0.678455	31.071865	0.581835	29.067603	0.563951	0.436732	0.693478	28.219941	0.999223	7696
7697.png	0.396325	0.194184	0.325216	0.268366	0.412625	0.990947	16.336646	0.995686	29.482319	0.158446	0.224114	0.600844	28.020327	0.529511	2405	16	0	3	35	1.457627	0.000000	59	43	203.568542	4.292758	0.000000	-0.091946	-12.215206	-0.008101	-0.000429	0.097840	1591.844320	0.158446	0.158446	16	0	16	3	35	1.457627	0.000000	16	0	59	43	21	4.734152	4.292758	203.568542	0.000000	45344	18.854054	27.249896	256x256	65536	sparse	Frangi	263	16	28	2377	31.233860	0.617408	30.387495	0.996115	0.060606	0.233050	15	0	0.968750	35	2404	31.486766	0.665089	0.996436	30.426102	0.277195	0.057947	3869	31.786282	0.689154	0.996944	31.381922	0.131664	0.061862	-0.905177	-0.008935	-3.213534	-0.087897	True	0.398417	28.020887	0.529550	29.484624	0.615572	0.369863	0.488272	28.551852	0.999048	7697
7698.png	0.589512	0.554883	0.713730	0.566637	0.963964	0.998423	29.087455	0.993571	29.777990	0.437719	0.622808	0.589365	31.503288	0.595048	2457	4	0	4	12	1.822222	0.000000	45	41	221.237590	7.467472	0.000000	-0.009756	0.105010	-0.000079	0.000303	0.005429	2249.075651	0.437719	0.437719	4	0	4	4	12	1.822222	0.000000	4	0	45	41	29	5.396039	7.467472	221.237590	0.000000	44788	18.228734	26.673179	256x256	65536	sparse	Otsu	284	4	31	2420	31.783523	0.643159	29.553505	0.993269	0.432290	0.434039	13	10	0.000000	42	2288	32.088392	0.680636	0.992587	29.328741	0.363378	0.456115	3503	32.165588	0.692474	0.995105	31.193757	0.256213	0.416837	0.224485	0.188768	-0.280236	-0.048111	True	0.588475	31.503368	0.595044	29.779393	0.773498	0.455872	0.599268	28.982445	0.998502	7698
7699.png	0.623995	0.287787	0.446948	0.297030	0.902421	0.997620	21.826286	0.993602	29.793360	0.278751	0.337676	0.672512	30.051383	0.555802	3167	15	0	8	38	1.638554	0.000000	83	68	331.279221	5.525699	0.000000	-0.059632	-6.921502	-0.001837	-0.000021	0.024597	2566.989422	0.278751	0.278751	15	0	15	8	38	1.638554	0.000000	15	0	83	68	37	4.871753	5.525699	331.279221	0.000000	45441	14.348279	20.693401	256x256	65536	sparse	Otsu	338	15	34	3006	31.399706	0.640469	29.900892	0.993623	0.254154	0.460709	8	2	0.000000	41	3024	31.726983	0.695206	0.993636	29.597016	0.265738	0.255030	663	30.713069	0.561397	0.991395	28.478881	0.465121	0.267428	-0.107532	-0.123033	-1.348323	-0.084666	True	0.625464	30.057007	0.555820	29.794035	0.576838	0.387930	0.683627	28.747787	0.999457	7699
7700.png	0.478226	0.470874	0.640264	0.482473	0.951425	0.998290	27.422040	0.994058	28.878519	0.330189	0.537648	0.329433	29.578411	0.536623	3086	7	0	4	18	1.802817	0.000000	71	64	310.220346	5.831002	0.000000	-0.027329	-1.019269	-0.000334	-0.000154	0.010980	2301.857233	0.330189	0.330189	7	0	7	4	18	1.802817	0.000000	7	0	71	64	49	4.847193	5.831002	310.220346	0.000000	45947	14.888853	21.236552	256x256	65536	sparse	Otsu	319	7	32	3068	30.878893	0.624525	29.165119	0.994212	0.319209	0.204583	27	5	0.000000	36	3002	31.122983	0.676251	0.993190	28.643960	0.255807	0.309121	667	30.114157	0.536064	0.990138	27.173867	0.386693	0.369151	-0.286599	0.333065	-1.300482	-0.087902	True	0.478417	29.582107	0.536670	28.881197	0.687765	0.226572	0.505556	28.441309	0.998624	7700
7701.png	0.376556	0.295341	0.456004	0.761553	0.325434	0.992152	16.303281	0.999543	27.503269	0.295500	0.278676	0.640187	29.251462	0.583340	1115	3	0	0	6	1.538462	0.000000	13	10	50.970563	3.985976	0.000000						912.492990	0.295500	0.295500	3	0	3	0	6	1.538462	0.000000	3	0	13	10	7	5.097056	3.985976	50.970563	0.000000	44668	40.060987	58.776682	256x256	65536	sparse	Frangi	160	3												29	1090	31.831025	0.637297	0.999546	27.753079	0.348561	0.329813												True	0.375000	29.256462	0.583364	27.506874	0.556031	0.355964				7701
7702.png	0.600637	0.332368	0.498913	0.351839	0.857261	0.996229	18.109873	0.997046	28.699636	0.441087	0.441965	0.625982	30.046195	0.609546	2371	6	0	0	12	1.692308	0.000000	39	33	193.438600	6.032455	0.000000	-0.107105	-9.180287	-0.003330	0.000090	0.045041	1710.745811	0.441087	0.441087	6	0	6	0	12	1.692308	0.000000	6	0	39	33	27	5.861776	6.032455	193.438600	0.000000	44749	18.873471	27.640658	256x256	65536	sparse	Otsu	259	6	30	2280	31.997693	0.657568	28.752664	0.996956	0.396046	0.578246	6	3	0.000000	41	2308	32.275341	0.699101	0.996953	28.922575	0.663110	0.389739	3725	32.501456	0.711562	0.998257	31.422843	0.341199	0.401465	-0.053028	-0.136281	-1.951498	-0.048022	True	0.602425	30.052689	0.609594	28.708748	0.595053	0.372493	0.707742	27.290161	0.999559	7702
7703.png	0.610580	0.178064	0.302299	0.179339	0.961609	0.999136	26.705687	0.990087	29.503252	0.157772	0.327097	0.534712	29.282744	0.522866	4792	26	1	13	64	1.657534	0.038462	146	121	552.546248	4.442756	0.000000	-0.087992	-2.390993	-0.000364	-0.001879	0.002946	3546.535254	0.157772	0.157772	26	1	25	13	64	1.657534	0.038462	26	1	146	121	69	4.566498	4.442756	552.546248	0.000000	45799	9.557387	13.676127	256x256	65536	sparse	Otsu	537	26	48	4789	31.417215	0.669562	30.741807	0.991966	0.154827	0.468169	7	6	0.000000	50	4644	31.992130	0.742634	0.992516	30.939885	0.320035	0.154356	410	29.940486	0.524655	0.985369	27.295504	0.481077	0.187574	-1.238554	-0.141072	-2.134471	-0.146695	True	0.604027	29.285881	0.522882	29.501942	0.609372	0.325839	0.698573	29.096679	0.999500	7703
7704.png	0.500548	0.478186	0.646990	0.544773	0.796424	0.997739	26.222087	0.996810	29.512864	0.392998	0.407176	0.510430	30.977217	0.569345	2248	7	0	4	18	1.720000	0.000000	50	43	200.024387	5.540925	0.000000	-0.057283	-2.951956	-0.001303	0.000009	0.008088	1734.333038	0.392998	0.392998	7	0	7	4	18	1.720000	0.000000	7	0	50	43	28	4.651730	5.540925	200.024387	0.000000	45142	20.080961	29.153025	256x256	65536	sparse	Otsu	242	7	28	2223	31.443606	0.621279	29.404334	0.996801	0.384910	0.393469	10	5	0.000000	36	2132	31.641249	0.659101	0.996111	28.704785	0.299327	0.358397	4135	32.103732	0.705544	0.998040	31.517065	0.158280	0.379871	0.108530	0.013706	-0.466389	-0.051935	True	0.497534	30.980408	0.569362	29.521835	0.785619	0.401004	0.557831	29.174042	0.999043	7704
7705.png	0.665519	0.441500	0.612557	0.447766	0.969281	0.999136	27.204968	0.996121	28.674412	0.407330	0.599884	0.438754	30.675365	0.563372	2645	5	0	3	13	1.818182	0.000000	55	50	258.379726	6.079515	0.000000	-0.015749	-0.307863	-0.000223	0.000118	-0.008885	2084.627151	0.407330	0.407330	5	0	5	3	13	1.818182	0.000000	5	0	55	50	39	5.167595	6.079515	258.379726	0.000000	45616	17.246125	24.777316	256x256	65536	sparse	Otsu	284	5	29	2601	31.156766	0.625460	28.496761	0.996003	0.416215	0.394816	9	3	0.000000	36	2600	31.467020	0.673452	0.995738	28.365939	0.446288	0.413803	3489	31.548519	0.667911	0.997090	30.522578	0.368716	0.403800	0.177651	0.205068	-0.481400	-0.062089	True	0.665533	30.677270	0.563380	28.680760	0.698806	0.306604	0.681268	27.512831	0.999359	7705
7706.png	0.582499	0.238796	0.385529	0.241533	0.954699	0.998785	26.802535	0.990579	29.520646	0.230012	0.368716	0.363704	29.403590	0.526629	4947	22	3	15	56	1.737931	0.136364	145	126	553.345238	4.550424	0.000000	-0.061520	-2.628696	-0.000709	-0.001817	0.006070	4458.974838	0.230012	0.230012	22	3	19	15	56	1.737931	0.136364	22	3	145	126	74	4.391629	4.550424	553.345238	0.000000	45788	9.255711	13.247625	256x256	65536	sparse	Otsu	588	22	48	4849	31.396601	0.671705	30.701011	0.992396	0.223942	0.383276	12	9	0.000000	49	4934	32.038808	0.750924	0.992984	30.927004	0.185592	0.218988	409	29.723193	0.523801	0.983949	26.411959	0.354351	0.242886	-1.180365	-0.014559	-1.993012	-0.145076	True	0.583026	29.409121	0.526639	29.523520	0.740760	0.269417	0.644019	29.431231	0.999495	7706
7707.png	0.550336	0.335608	0.502555	0.337072	0.987226	0.999401	29.304175	0.995812	30.299379	0.234268	0.404289	0.505161	31.838383	0.609715	2598	10	0	4	24	1.705882	0.000000	68	58	279.237590	4.951482	0.000000	-0.002383	0.126608	-0.000041	-0.000224	-0.011526	2211.437941	0.234268	0.234268	10	0	10	4	24	1.705882	0.000000	10	0	68	58	40	4.814441	4.951482	279.237590	0.000000	44404	17.091609	25.225558	256x256	65536	sparse	Otsu	310	10	33	2543	32.244216	0.662469	30.433235	0.996036	0.245794	0.246960	11	0	0.950000	46	2554	32.549752	0.705101	0.995948	30.367051	0.355964	0.230841	3492	32.631463	0.708872	0.997001	31.873866	0.237892	0.238006	-0.133856	0.157330	-0.405833	-0.052754	True	0.550883	31.840993	0.609741	30.294401	0.493383	0.249238	0.552718	29.177566	0.999442	7707
7708.png	0.587434	0.367737	0.537731	0.392493	0.853594	0.998163	24.495775	0.997495	29.249113	0.383900	0.411395	0.557723	31.475882	0.609973	2169	6	0	4	16	1.720930	0.000000	43	37	178.681241	5.913129	0.000000	-0.052206	-4.033745	-0.001335	-0.000051	-0.010931	1878.870010	0.383900	0.383900	6	0	6	4	16	1.720930	0.000000	6	0	43	37	23	4.829223	5.913129	178.681241	0.000000	44555	20.541724	30.214846	256x256	65536	sparse	Otsu	247	6	30	2165	32.122565	0.652092	29.295730	0.997546	0.394831	0.405479	7	0	0.916667	41	1988	32.346231	0.683228	0.997389	29.225424	0.294136	0.394747	4382	32.839533	0.736471	0.998538	31.981152	0.259182	0.382014	-0.046617	0.005916	-0.646683	-0.042119	True	0.587266	31.481038	0.610003	29.251044	0.547062	0.305109	0.639640	28.529520	0.999498	7708
7709.png	0.713571	0.438051	0.609229	0.446967	0.956449	0.999132	26.299147	0.997613	28.336634	0.443378	0.563951	0.605457	30.866520	0.589318	2577	4	0	5	13	1.813953	0.000000	43	39	181.468037	5.903492	0.000000	-0.045951	-1.176053	-0.000446	-0.000179	-0.006875	2371.674061	0.443378	0.443378	4	0	4	5	13	1.813953	0.000000	4	0	43	39	25	4.653027	5.903492	181.468037	0.000000	45036	17.476135	25.431121	256x256	65536	sparse	Otsu	329	4	31	2516	31.697553	0.644564	28.401478	0.997791	0.450254	0.352273	7	1	0.125000	43	2418	32.062251	0.684002	0.998014	29.005515	0.347863	0.444055	3650	32.105318	0.691520	0.998638	31.159910	0.293901	0.439500	-0.064844	0.211678	-0.831033	-0.055246	True	0.715616	30.867855	0.589321	28.339967	0.501424	0.303591	0.759522	27.475200	0.999578	7709
7710.png	0.541939	0.369075	0.539160	0.374507	0.962188	0.998996	28.206435	0.993834	28.959309	0.298162	0.337455	0.399170	29.572326	0.548113	3286	12	0	2	26	1.647059	0.000000	68	56	273.936075	5.405095	0.000000	-0.071308	-0.442083	-0.000203	-0.000952	-0.029565	2650.897264	0.298162	0.298162	12	0	12	2	26	1.647059	0.000000	12	0	68	56	40	4.891716	5.405095	273.936075	0.000000	45445	13.829884	19.944005	256x256	65536	sparse	Otsu	384	12	35	3232	31.351907	0.641162	29.680296	0.994787	0.327727	0.367663	12	10	0.000000	41	3074	31.646292	0.689402	0.994540	29.394260	0.312711	0.327130	596	30.528440	0.552280	0.991537	27.573174	0.507372	0.346649	-0.720987	-0.030208	-1.779581	-0.093049	True	0.540054	29.579852	0.548141	28.972650	0.660404	0.263613	0.613247	28.648517	0.999199	7710
7711.png	0.723816	0.477248	0.646131	0.485954	0.963821	0.999160	27.964308	0.997195	29.491880	0.437477	0.637598	0.630287	31.575270	0.600081	2370	4	1	5	11	1.875000	0.250000	48	45	221.953319	5.939084	0.000000	0.006948	-0.304030	-0.000213	0.000094	0.012123	2021.326780	0.437477	0.437477	4	1	3	5	11	1.875000	0.250000	4	1	48	45	32	4.932296	5.939084	221.953319	0.000000	44772	18.891139	27.652321	256x256	65536	sparse	Otsu	294	4	30	2360	31.799370	0.644569	29.244897	0.997101	0.425354	0.454315	7	1	0.625000	40	2150	32.181105	0.681756	0.996988	29.176792	0.630646	0.429038	3770	32.410279	0.707862	0.998136	31.610101	0.392255	0.414608	0.246983	0.183282	-0.224100	-0.044489	True	0.724000	31.579268	0.600104	29.492295	0.735523	0.463590	0.716867	28.268338	0.999373	7711
7712.png	0.656980	0.370450	0.540625	0.372544	0.985053	0.999288	28.221995	0.994519	29.017111	0.364183	0.342953	0.494046	30.009298	0.542851	2965	10	0	2	22	1.655172	0.000000	58	48	233.551299	6.043109	0.000000	-0.048251	-0.224977	-0.000113	-0.000341	-0.001310	2547.171354	0.364183	0.364183	10	0	10	2	22	1.655172	0.000000	10	0	58	48	34	4.865652	6.043109	233.551299	0.000000	45606	15.381450	22.103204	256x256	65536	sparse	Otsu	329	10	32	2867	31.123212	0.625532	29.356532	0.994860	0.365493	0.396159	9	6	0.000000	37	2838	31.373281	0.676119	0.994749	28.983906	0.347988	0.364491	3064	31.209055	0.645641	0.995406	29.708442	0.240006	0.370032	-0.339421	-0.053206	-1.113914	-0.082682	True	0.656801	30.012103	0.542855	29.019617	0.556031	0.274705	0.705231	28.446971	0.999401	7712
7713.png	0.539957	0.494176	0.661470	0.643902	0.680023	0.994926	19.774823	0.997830	28.493378	0.528497	0.241463	0.528391	29.421695	0.540220	2083	11	0	3	25	1.521739	0.000000	46	35	162.953319	4.654414	0.000000	-0.164098	-8.065815	-0.003883	0.000027	0.090189	1256.871939	0.528497	0.528497	11	0	11	3	25	1.521739	0.000000	11	0	46	35	18	4.655809	4.654414	162.953319	0.000000	45601	21.891983	31.462314	256x256	65536	sparse	Frangi	205	11	25	2072	30.956094	0.597655	28.482933	0.997803	0.438309	0.489994	9	13	0.000000	30	1962	31.107906	0.632556	0.997243	27.714609	0.615572	0.445846	4316	31.713379	0.696853	0.998537	30.934213	0.372074	0.446320	0.010446	-0.248531	-1.534398	-0.057435	True	0.524377	29.422679	0.540241	28.492753	0.668789	0.353382	0.704055	27.840638	0.998809	7713
7714.png	0.289976	0.278300	0.435422	0.437099	0.433758	0.993659	18.611593	0.998296	29.163064	0.309379	0.245726	0.416694	29.067803	0.522484	1871	10	1	3	21	1.571429	0.100000	42	33	150.639610	3.867027	0.000000	-0.238423	-9.229355	-0.005087	0.000217	0.077609	1251.092911	0.309379	0.309379	10	1	9	3	21	1.571429	0.100000	10	1	42	33	18	4.564837	3.867027	150.639610	0.000000	45700	24.425441	35.027258	256x256	65536	sparse	Frangi	203	10	21	1793	30.570459	0.571282	28.599170	0.998079	0.231770	0.326014	11	3	0.000000	28	1858	30.950199	0.621144	0.998061	28.710118	0.413912	0.230590	4762	31.773156	0.711457	0.998757	30.949221	0.194154	0.239269	0.563893	-0.080287	-1.502657	-0.048798	True	0.289803	29.066926	0.522477	29.165900	0.667129	0.277989	0.528399	27.840949	0.998747	7714
7715.png	0.311729	0.235647	0.381414	0.680115	0.265020	0.988171	16.347495	0.999133	29.705033	0.121514	0.477954	0.892167	28.599079	0.568592	1164	2	0	2	6	1.764706	0.000000	17	15	69.627417	4.364110	0.000000	-0.281288	-6.673707	-0.008235	0.002136	-0.079741	981.987715	0.121514	0.121514	2	0	2	2	6	1.764706	0.000000	2	0	17	15	9	4.641828	4.364110	69.627417	0.000000	44757	38.451031	56.302405	256x256	65536	sparse	Frangi	163	2	4	1164	25.883965	0.552721	23.752796	0.996997	0.201254	0.431324	9	0	0.000000	25	1136	31.660436	0.634330	0.998836	28.451293	0.465630	0.200697								5.952237	0.046630	2.715114	0.015871	True	0.312895	28.601526	0.568645	29.704373	0.686514	0.612485	0.593017	23.021201	0.996406	7715
7716.png	0.560821	0.400325	0.571760	0.412725	0.930189	0.999021	26.676997	0.997477	29.495879	0.382845	0.362372	0.471322	31.488386	0.592461	2029	6	0	2	14	1.647059	0.000000	34	28	150.124892	6.272977	0.000000	-0.056618	-1.377979	-0.000490	0.000252	-0.010820	1647.904873	0.382845	0.382845	6	0	6	2	14	1.647059	0.000000	6	0	34	28	18	5.361603	6.272977	150.124892	0.000000	44784	22.071957	32.299655	256x256	65536	sparse	Otsu	216	6	27	2025	31.687881	0.629414	29.083415	0.997225	0.393665	0.418914	7	1	0.416667	36	1992	31.962205	0.668522	0.996533	28.481894	0.275170	0.369180	4423	32.571701	0.729331	0.998481	31.889317	0.197481	0.370355	0.412464	-0.056543	-0.199495	-0.036953	True	0.561611	31.492214	0.592489	29.496112	0.626561	0.295312	0.617439	28.054976	0.999511	7716
7717.png	0.739280	0.502776	0.669130	0.526909	0.916509	0.997411	22.658869	0.997477	28.272018	0.524620	0.632121	0.657668	30.934034	0.612525	2481	4	0	2	10	1.826087	0.000000	46	42	227.480231	5.609547	0.000000	-0.033060	-4.959421	-0.001946	-0.000081	0.017583	1801.507473	0.524620	0.524620	4	0	4	2	10	1.826087	0.000000	4	0	46	42	34	5.416196	5.609547	227.480231	0.000000	44802	18.058041	26.415155	256x256	65536	sparse	Otsu	272	4	31	2464	32.004470	0.661430	28.357825	0.997559	0.507037	0.514868	6	1	0.250000	42	2416	32.280567	0.700629	0.997690	28.749028	0.646545	0.503871	3767	32.468736	0.707956	0.998632	31.236553	0.440102	0.489975	-0.085807	0.117253	-1.070436	-0.048905	True	0.739006	30.939288	0.612556	28.279556	0.598280	0.393469	0.772339	27.618290	0.999357	7717
7718.png	0.609113	0.451834	0.622432	0.514190	0.788396	0.995492	19.207999	0.998965	28.469900	0.467186	0.289810	0.636924	30.415444	0.591910	2133	9	0	2	20	1.625000	0.000000	48	39	168.195959	4.184846	0.000000	-0.155915	-8.587675	-0.004042	-0.000051	0.032079	1509.467840	0.467186	0.467186	9	0	9	2	20	1.625000	0.000000	9	0	48	39	26	4.312717	4.184846	168.195959	0.000000	44872	21.037037	30.724801	256x256	65536	sparse	Otsu	223	9	27	2035	31.795851	0.634273	28.630635	0.999016	0.435107	0.500093	6	2	0.000000	39	2126	32.114346	0.679619	0.998927	28.512646	0.489994	0.426434	4093	32.459882	0.716136	0.999450	31.633674	0.425928	0.433483	-0.160735	-0.210283	-1.380407	-0.042363	True	0.610711	30.417876	0.591944	28.470279	0.590165	0.375890	0.765027	27.795674	0.999534	7718
7719.png	0.568714	0.428571	0.600000	0.440824	0.939093	0.998599	27.406352	0.996507	29.388766	0.326710	0.289324	0.516105	30.682662	0.589236	2728	13	0	4	30	1.606061	0.000000	66	53	244.208153	4.891021	0.000000	-0.039039	-1.627505	-0.000573	-0.000388	-0.006294	2051.480770	0.326710	0.326710	13	0	13	4	30	1.606061	0.000000	13	0	66	53	32	4.607701	4.891021	244.208153	0.000000	44794	16.420088	24.023460	256x256	65536	sparse	Otsu	295	13	33	2704	31.915195	0.652934	30.041501	0.996895	0.333004	0.338999	10	1	0.384615	43	2520	32.230489	0.694206	0.996746	29.900785	0.312711	0.337274	3388	32.222030	0.693735	0.997530	31.267555	0.258310	0.337727	-0.652735	-0.049675	-1.232532	-0.063698	True	0.568081	30.690895	0.589296	29.402165	0.564822	0.291507	0.607753	29.033857	0.999171	7719
7720.png	0.568688	0.336924	0.504029	0.338443	0.986854	0.999189	27.988175	0.994992	29.305686	0.257058	0.335746	0.364886	30.552808	0.560146	3274	11	0	3	25	1.614035	0.000000	57	46	241.752309	5.503394	0.000000	-0.015312	-0.270009	-0.000158	-0.000446	0.005255	3099.205971	0.257058	0.257058	11	0	11	3	25	1.614035	0.000000	11	0	57	46	29	5.255485	5.503394	241.752309	0.000000	45278	13.829566	20.017104	256x256	65536	sparse	Otsu	422	11	36	3233	31.538217	0.645729	29.813131	0.995438	0.251803	0.185934	14	3	0.000000	45	3192	31.959396	0.703339	0.995632	30.024403	0.256483	0.235648	660	30.850222	0.564373	0.993791	28.646624	0.272033	0.259014	-0.507445	0.149812	-0.985409	-0.085583	True	0.567153	30.556693	0.560146	29.308468	0.552912	0.201750	0.584000	28.258184	0.999348	7720
7721.png	0.698302	0.312694	0.476416	0.313670	0.990152	0.999533	27.866251	0.995597	29.110450	0.300423	0.376246	0.791317	30.419867	0.545526	2812	10	1	4	23	1.727273	0.100000	66	57	259.137085	5.582279	0.000000	-0.016992	-0.120393	-0.000104	-0.000119	-0.001560	2162.783861	0.300423	0.300423	10	1	9	4	23	1.727273	0.100000	10	0	66	57	39	4.546265	5.582279	259.137085	0.000000	45769	16.276316	23.305832	256x256	65536	sparse	Otsu	288	10	30	2723	31.027368	0.618460	29.135056	0.995715	0.301983	0.537912	5	1	0.250000	37	2756	31.339353	0.672616	0.995518	28.978718	0.550671	0.311898	3313	31.286634	0.653486	0.996975	30.303651	0.477208	0.304816	-0.024607	-0.161666	-0.607501	-0.072934	True	0.696222	30.426597	0.545540	29.117697	0.646545	0.511623	0.715294	27.986644	0.999637	7721
7722.png	0.261194	0.212815	0.350943	0.544656	0.258873	0.991123	14.237856	0.999475	27.275861	0.543296	0.188257	0.511207	27.635945	0.552215	1447	7	0	0	14	1.391304	0.000000	23	16	76.769553	3.324383	0.000000	-0.503919	-11.750466	-0.008057	-0.000005	0.301478	944.020987	0.543296	0.543296	7	0	7	0	14	1.391304	0.000000	7	0	23	16	9	4.798097	3.324383	76.769553	0.000000	45259	31.277816	45.290947	256x256	65536	sparse	Frangi	167	7	16	1423	31.044798	0.584285	26.558985	0.999480	0.241818	0.446464	7	4	0.000000	28	1338	31.272028	0.624454	0.999531	27.038038	0.524791	0.244541								0.716876	-0.258207	-3.408853	-0.032070	True	0.261194	27.638567	0.552247	27.281641	0.591392	0.302324	0.765113	25.988322	0.999180	7722
7723.png	0.481928	0.183398	0.309952	0.196970	0.726904	0.997294	21.145655	0.992626	29.204684	0.153878	0.236867	0.676965	28.581274	0.511658	4020	31	1	10	70	1.538462	0.032258	130	100	437.462987	4.083781	0.000000	-0.214091	-7.644258	-0.001906	-0.001262	0.004584	2553.667307	0.153878	0.153878	31	1	30	10	70	1.538462	0.032258	31	1	130	100	50	4.374630	4.083781	437.462987	0.000000	45900	11.417910	16.302488	256x256	65536	sparse	Frangi	436	31	40	3926	31.127068	0.643491	30.305848	0.993889	0.149294	0.603469	4	7	0.000000	44	3816	31.572782	0.710149	0.994778	30.579741	0.332356	0.139172	541	30.160777	0.523360	0.991113	28.534965	0.495910	0.148936	-1.101163	-0.366602	-2.545794	-0.131833	True	0.483612	28.580703	0.511669	29.206579	0.477954	0.323558	0.696018	28.789913	0.999199	7723
7724.png	0.529145	0.161542	0.278152	0.162815	0.953846	0.999031	26.356716	0.990194	29.782626	0.142930	0.346372	0.351107	29.380428	0.531719	5026	23	1	11	56	1.692308	0.043478	143	121	528.303607	4.423426	0.000000	-0.120397	-2.850630	-0.000579	-0.002075	0.002242	4514.972210	0.142930	0.142930	23	1	22	11	56	1.692308	0.043478	23	1	143	121	76	4.366146	4.423426	528.303607	0.000000	45571	9.067051	13.039395	256x256	65536	sparse	Otsu	634	23	51	4890	31.681282	0.677678	31.061965	0.992269	0.140688	0.302324	10	2	0.217391	55	4976	32.374077	0.760094	0.993416	31.483749	0.347988	0.145524	404	30.154058	0.535914	0.986335	27.204749	0.410217	0.149137	-1.279339	0.044049	-2.300855	-0.145959	True	0.530257	29.387655	0.531755	29.785618	0.583138	0.204744	0.649541	29.207346	0.999610	7724
7725.png	0.713846	0.430523	0.601910	0.434783	0.977748	0.999299	27.958082	0.996448	29.041403	0.385420	0.519695	0.592751	30.543176	0.548735	2547	6	0	1	13	1.773585	0.000000	53	47	242.994949	5.833899	0.000000	0.003809	0.215545	-0.000063	0.000180	0.002511	1666.721344	0.385420	0.385420	6	0	6	1	13	1.773585	0.000000	6	0	53	47	39	5.170105	5.833899	242.994949	0.000000	45622	17.912053	25.730664	256x256	65536	sparse	Otsu	289	6	27	2342	30.943382	0.605868	28.678289	0.996267	0.382909	0.365904	9	2	0.000000	35	2488	31.223349	0.659686	0.996036	28.424464	0.352441	0.381181	3602	31.382574	0.666401	0.997353	30.387922	0.353617	0.389688	0.363115	0.153790	-0.400206	-0.057133	True	0.716841	30.550091	0.548753	29.048484	0.591801	0.350791	0.710037	27.742537	0.999362	7725
7726.png	0.617193	0.446712	0.617555	0.451835	0.975248	0.999077	27.133696	0.997500	29.051538	0.378058	0.397499	0.632603	31.423970	0.595400	2143	6	0	3	15	1.700000	0.000000	40	34	171.681241	6.410194	0.000000	-0.024206	-0.532562	-0.000279	0.000183	-0.014704	1867.042065	0.378058	0.378058	6	0	6	3	15	1.700000	0.000000	6	0	40	34	22	5.049448	6.410194	171.681241	0.000000	44852	20.929538	30.581428	256x256	65536	sparse	Otsu	221	6	27	2073	31.662336	0.632017	28.692377	0.997317	0.392762	0.376558	8	3	0.000000	37	2114	31.970154	0.675050	0.997185	28.569310	0.328338	0.374619	4157	32.418570	0.714075	0.998509	31.607616	0.233471	0.359542	0.359161	0.020941	-0.238366	-0.036618	True	0.619013	31.426835	0.595410	29.058484	0.552465	0.349491	0.641399	27.666258	0.999356	7726
7727.png	0.510653	0.336950	0.504058	0.345211	0.933693	0.998573	27.067904	0.994650	29.667958	0.235014	0.294304	0.440235	30.566352	0.569384	2795	14	0	7	35	1.611111	0.000000	72	58	272.249783	5.210427	0.000000	-0.049290	-1.829085	-0.000732	-0.000359	-0.006209	2315.865755	0.235014	0.235014	14	0	14	7	35	1.611111	0.000000	14	0	72	58	30	4.693962	5.210427	272.249783	0.000000	45114	16.140966	23.447585	256x256	65536	sparse	Otsu	299	14	33	2753	31.611344	0.639988	30.097436	0.995009	0.241223	0.407176	7	2	0.000000	40	2666	31.889871	0.683912	0.994555	29.869871	0.394984	0.235926	3354	31.832310	0.677055	0.995968	31.167728	0.203699	0.238338	-0.429478	-0.112871	-1.044992	-0.070604	True	0.512715	30.566683	0.569390	29.672715	0.665460	0.292959	0.559943	28.896989	0.999305	7727
7728.png	0.387249	0.400199	0.571631	0.414966	0.918339	0.996633	24.429543	0.991386	29.273315	0.216126	0.359176	0.225104	28.783786	0.519465	4601	16	0	10	43	1.673469	0.000000	98	82	389.291414	5.449977	0.000000	-0.085079	-5.120402	-0.002134	-0.001483	-0.020091	5074.043751	0.216126	0.216126	16	0	16	10	43	1.673469	0.000000	16	0	98	82	45	4.747456	5.449977	389.291414	0.000000	45877	9.971093	14.243860	256x256	65536	sparse	Otsu	623	16	45	4575	31.245071	0.662080	30.276361	0.992869	0.236217	0.155568	33	0	0.468750	45	4324	31.701544	0.725066	0.992850	30.244040	0.097673	0.237173	448	29.933409	0.522936	0.986059	26.994181	0.365552	0.264817	-1.003046	0.203608	-2.461285	-0.142615	True	0.387097	28.789003	0.519517	29.277831	0.731794	0.164730	0.472328	29.549945	0.998767	7728
7729.png	0.512195	0.333434	0.500113	0.343409	0.919866	0.998775	27.430897	0.995102	29.688752	0.283925	0.306959	0.688552	30.529012	0.565632	2721	12	0	6	30	1.612903	0.000000	62	50	235.752309	5.060650	0.000000	-0.079763	-1.549054	-0.000562	-0.000165	0.003369	2238.060713	0.283925	0.283925	12	0	12	6	30	1.612903	0.000000	12	0	62	50	26	4.715046	5.060650	235.752309	0.000000	45015	16.543550	24.085263	256x256	65536	sparse	Otsu	312	12	32	2604	31.615347	0.634974	30.148411	0.995267	0.280556	0.281076	10	3	0.000000	42	2496	31.889234	0.677232	0.994924	29.911113	0.205466	0.275830	3544	31.946178	0.685498	0.996456	31.516869	0.133313	0.281556	-0.459659	0.025883	-1.086335	-0.069343	True	0.512533	30.534950	0.565668	29.690662	0.580210	0.399504	0.591958	28.979951	0.999337	7729
7730.png	0.703820	0.554080	0.713065	0.555599	0.995091	0.999313	28.734507	0.997554	29.330899	0.505280	0.543880	0.762249	31.602423	0.602155	2149	4	0	1	9	1.794872	0.000000	39	35	180.752309	6.435451	0.000000	-0.004101	0.610764	0.000078	0.000247	-0.016442	1679.028988	0.505280	0.505280	4	0	4	1	9	1.794872	0.000000	4	0	39	35	29	5.164352	6.435451	180.752309	0.000000	44758	20.827362	30.496045	256x256	65536	sparse	Otsu	238	4	27	1991	31.817696	0.635406	28.752276	0.997307	0.521722	0.536987	6	4	0.000000	39	2094	32.092874	0.678885	0.997288	28.708139	0.613259	0.518185	4396	32.617690	0.729484	0.998582	31.791455	0.442337	0.499218	0.578623	0.006893	-0.215273	-0.033250	True	0.706399	31.605215	0.602186	29.342306	0.635781	0.484623	0.707921	28.123744	0.999235	7730
7731.png	0.621587	0.389590	0.560726	0.393814	0.973207	0.999278	27.601803	0.996303	28.917712	0.403938	0.509338	0.380725	30.968628	0.570062	2375	5	0	2	12	1.787234	0.000000	47	42	200.338095	6.621224	0.000000	0.002938	-0.099391	-0.000168	0.000328	0.006870	1911.796570	0.403938	0.403938	5	0	5	2	12	1.787234	0.000000	5	0	47	42	33	4.769955	6.621224	200.338095	0.000000	45339	19.090105	27.594105	256x256	65536	sparse	Otsu	258	5	28	2302	31.293835	0.619982	28.565971	0.995975	0.397068	0.477208	7	2	0.000000	36	2320	31.515365	0.662346	0.995778	28.433766	0.452754	0.376036	3828	31.847105	0.688315	0.997645	31.054722	0.303195	0.391457	0.351742	0.032130	-0.325207	-0.049920	True	0.620712	30.972028	0.570078	28.930524	0.724729	0.275923	0.618650	27.701193	0.999446	7731
7732.png	0.629032	0.312355	0.476022	0.317233	0.953082	0.998242	25.766106	0.991114	29.191673	0.262080	0.388984	0.729725	29.168143	0.518946	4688	19	1	14	51	1.737226	0.052632	137	119	516.688384	4.869913	0.000000	-0.066980	-3.233442	-0.000978	-0.001620	0.008879	4057.904005	0.262080	0.262080	19	1	18	14	51	1.737226	0.052632	19	1	137	119	72	4.341919	4.869913	516.688384	0.000000	45966	9.805034	13.979522	256x256	65536	sparse	Otsu	563	19	45	4634	31.176161	0.661985	30.178917	0.992734	0.253201	0.378354	13	8	0.000000	46	4538	31.697554	0.732990	0.992522	30.141305	0.174049	0.250269	407	29.681363	0.517175	0.985464	26.660093	0.445673	0.241398	-0.987245	0.010630	-2.008018	-0.143039	True	0.627532	29.171729	0.518981	29.191415	0.669781	0.488756	0.696012	28.999547	0.999219	7732
7733.png	0.372104	0.222068	0.363430	0.224312	0.956886	0.998260	28.219009	0.985270	29.503812	0.123118	0.364155	0.435943	28.466145	0.517421	5855	25	1	16	65	1.698113	0.040000	159	135	607.859956	4.918185	0.000000	-0.134860	-1.829281	-0.000630	-0.003706	-0.018480	6026.296616	0.123118	0.123118	25	1	24	16	65	1.698113	0.040000	25	1	159	135	78	4.502666	4.918185	607.859956	0.000000	45710	7.807003	11.193168	256x256	65536	sparse	Otsu	757	25	57	5766	31.665785	0.690134	31.162358	0.988976	0.141598	0.135266	45	9	0.000000	55	5690	32.461076	0.773675	0.990508	31.515581	0.118243	0.164141	342	29.940318	0.517730	0.976206	27.288991	0.299994	0.119759	-1.658546	0.228889	-3.199640	-0.172713	True	0.371807	28.475112	0.517452	29.507884	0.651808	0.284151	0.506964	30.048289	0.998890	7733
7734.png	0.616134	0.421569	0.593103	0.424753	0.982527	0.999085	27.402856	0.995484	28.958409	0.424164	0.599483	0.559798	31.012625	0.582402	2453	4	0	4	12	1.833333	0.000000	48	44	212.551299	7.324595	0.000000	-0.006382	-0.387040	-0.000317	0.000193	0.006024	1927.564621	0.424164	0.424164	4	0	4	4	12	1.833333	0.000000	4	0	48	44	32	4.830711	7.324595	212.551299	0.000000	45183	18.419486	26.716673	256x256	65536	sparse	Otsu	250	4	29	2419	31.385539	0.630980	28.758164	0.995291	0.418140	0.440102	10	4	0.000000	39	2450	31.756192	0.678540	0.994924	28.710911	0.419367	0.410895	3786	31.986412	0.693253	0.997139	31.216013	0.307231	0.409328	0.200246	0.159382	-0.372914	-0.048578	True	0.613845	31.017156	0.582432	28.966584	0.761885	0.426502	0.622517	27.789896	0.999402	7734
7735.png	0.603684	0.490496	0.658164	0.513321	0.916878	0.998165	26.602519	0.996672	29.419291	0.380301	0.324296	0.558713	30.899274	0.570412	2399	10	0	5	25	1.672131	0.000000	61	51	212.095454	5.363527	0.000000	-0.058143	-2.199672	-0.000903	0.000018	-0.014868	1708.232641	0.380301	0.380301	10	0	10	5	25	1.672131	0.000000	10	0	61	51	31	4.158734	5.363527	212.095454	0.000000	45155	18.822426	27.318049	256x256	65536	sparse	Otsu	244	10	29	2304	31.447750	0.623428	29.438570	0.996654	0.395170	0.445673	8	6	0.000000	37	2346	31.703407	0.669770	0.996352	29.216489	0.263122	0.388539	3703	31.963558	0.689943	0.997680	31.293617	0.350990	0.380785	-0.019279	-0.121377	-0.548476	-0.053015	True	0.612751	30.901124	0.570437	29.428265	0.657677	0.367453	0.661827	28.802192	0.999067	7735
7736.png	0.617597	0.197446	0.329778	0.199155	0.958333	0.999356	26.765772	0.993794	29.336568	0.177094	0.345025	0.462480	29.738626	0.535322	3946	19	1	12	49	1.689655	0.052632	116	98	430.806133	4.563438	0.000000	-0.057035	-1.357623	-0.000315	-0.000888	0.003337	2635.365963	0.177094	0.177094	19	1	18	12	49	1.689655	0.052632	19	1	116	98	55	4.395981	4.563438	430.806133	0.000000	45697	11.580588	16.608211	256x256	65536	sparse	Otsu	426	19	40	3859	31.291032	0.650637	30.086739	0.994683	0.173757	0.194034	14	0	0.368421	44	3846	31.709903	0.715894	0.994965	30.140908	0.319171	0.169617	540	30.225227	0.538846	0.991892	27.669583	0.383276	0.186512	-0.750171	0.150990	-1.552405	-0.115315	True	0.616751	29.744861	0.535354	29.335995	0.583138	0.269690	0.674632	28.123395	0.999671	7736
7737.png	0.524390	0.304826	0.467229	0.310434	0.944056	0.999229	27.723612	0.994424	29.258247	0.249650	0.305536	0.467506	30.116512	0.557491	3023	13	0	3	29	1.617647	0.000000	68	55	257.965512	5.412807	0.000000	-0.072114	-0.945015	-0.000261	-0.000664	-0.021775	2739.436388	0.249650	0.249650	13	0	13	3	29	1.617647	0.000000	13	0	68	55	36	4.690282	5.412807	257.965512	0.000000	45277	14.977506	21.679127	256x256	65536	sparse	Otsu	361	13	34	2915	31.458144	0.635519	29.957721	0.995088	0.271424	0.382762	8	4	0.000000	42	2984	31.885084	0.695102	0.994879	29.922974	0.249238	0.249354	3052	31.601600	0.657081	0.995719	30.803793	0.220741	0.256873	-0.699474	-0.077225	-1.341633	-0.078028	True	0.522613	30.120520	0.557491	29.258585	0.635781	0.297231	0.596505	28.668626	0.999490	7737
7738.png	0.565662	0.412025	0.583594	0.414837	0.983814	0.999401	28.400800	0.995793	29.076789	0.413031	0.447517	0.445779	30.756695	0.568819	2644	6	0	1	13	1.733333	0.000000	45	39	200.166522	6.819549	0.000000	-0.025736	0.248641	0.000012	0.000102	0.000271	2445.575476	0.413031	0.413031	6	0	6	1	13	1.733333	0.000000	6	0	45	39	31	5.132475	6.819549	200.166522	0.000000	45320	17.140696	24.786687	256x256	65536	sparse	Otsu	310	6	30	2561	31.324473	0.629487	29.024765	0.995691	0.412760	0.402831	9	3	0.000000	40	2628	31.690539	0.677284	0.995737	29.071324	0.406667	0.393769	3554	31.723988	0.679237	0.997200	30.881509	0.355964	0.421068	0.052023	0.044686	-0.567778	-0.060669	True	0.564447	30.759635	0.568876	29.085794	0.714924	0.318698	0.591398	28.152158	0.999389	7738
7739.png	0.454047	0.396520	0.567869	0.639019	0.510976	0.992937	19.554827	0.998080	28.540850	0.575378	0.278676	0.542355	29.075159	0.529257	1944	9	0	1	19	1.550000	0.000000	40	31	152.083261	4.170980	0.000000	-0.240965	-8.356941	-0.005711	0.000087	0.200239	1298.366308	0.575378	0.575378	9	0	9	1	19	1.550000	0.000000	9	0	40	31	20	4.905912	4.170980	152.083261	0.000000	45658	23.486626	33.711934	256x256	65536	sparse	Frangi	219	9	23	1941	30.762439	0.590575	28.233842	0.997993	0.375139	0.622178	9	17	0.000000	29	1924	30.937618	0.629626	0.997722	27.722069	0.225458	0.383092	4765	31.803035	0.714535	0.998940	31.329875	0.135158	0.372708	0.307008	-0.343503	-1.687280	-0.061317	True	0.468023	29.078725	0.529294	28.546276	0.841975	0.456649	0.695012	27.911769	0.998648	7739
7740.png	0.539204	0.493781	0.661115	0.531656	0.873916	0.997554	25.549378	0.997353	28.982771	0.422159	0.568289	0.661702	31.361938	0.597082	2215	4	2	5	10	1.914894	0.500000	47	45	189.024387	5.232004	0.000000	-0.037651	-2.887416	-0.001384	-0.000040	-0.014002	1739.011049	0.422159	0.422159	4	2	2	5	10	1.914894	0.500000	4	1	47	45	32	4.200542	5.232004	189.024387	0.000000	44778	20.215801	29.587359	256x256	65536	sparse	Otsu	246	4	28	2194	31.786528	0.639545	29.004999	0.997393	0.436162	0.237574	16	2	0.000000	40	2126	32.099130	0.677017	0.997318	28.982510	0.260053	0.436120	4034	32.471477	0.716755	0.998559	31.561084	0.219250	0.443258	-0.022228	0.330715	-0.424591	-0.042463	True	0.537349	31.363403	0.597100	28.986680	0.601481	0.398001	0.576855	28.436794	0.998938	7740
7741.png	0.511734	0.239461	0.386395	0.243295	0.938244	0.998517	26.602446	0.991965	29.719211	0.194250	0.267681	0.856459	29.422052	0.536263	4452	26	1	10	61	1.596774	0.038462	124	99	429.705627	4.544693	0.000000	-0.111306	-3.101495	-0.000853	-0.001792	0.005639	3843.731403	0.194250	0.194250	26	1	25	10	61	1.596774	0.038462	26	1	124	99	53	4.340461	4.544693	429.705627	0.000000	45445	10.207772	14.720575	256x256	65536	sparse	Otsu	529	26	46	4445	31.656276	0.670753	31.010169	0.993758	0.188611	0.253056	17	6	0.000000	50	4396	32.196630	0.737738	0.994220	31.123142	0.073554	0.184473	470	30.519069	0.544341	0.989714	28.597979	0.459899	0.170620	-1.290959	0.014625	-2.234224	-0.134491	True	0.512879	29.423769	0.536286	29.715913	0.536060	0.459113	0.623040	29.703941	0.999369	7741
7743.png	0.606400	0.444192	0.615143	0.444697	0.997451	0.999113	29.403651	0.996898	30.195649	0.307345	0.359176	0.525957	31.714389	0.602343	2200	8	0	3	19	1.652174	0.000000	46	38	189.882251	5.840298	0.000000	0.008487	0.255512	0.000065	0.000052	-0.000989	1767.113447	0.307345	0.307345	8	0	8	3	19	1.652174	0.000000	8	0	46	38	24	4.996901	5.840298	189.882251	0.000000	44499	20.226818	29.789091	256x256	65536	sparse	Otsu	238	8	30	2156	32.030448	0.644264	30.155322	0.996847	0.308333	0.344594	8	5	0.000000	40	1912	32.298810	0.674756	0.996555	29.847257	0.466342	0.291667	4048	32.664284	0.723329	0.997663	31.861260	0.278306	0.294095	0.040328	0.014582	-0.316059	-0.041921	True	0.604167	31.717778	0.602379	30.204522	0.525266	0.276267	0.597913	29.148139	0.999047	7743
7744.png	0.684807	0.470569	0.639982	0.492517	0.913493	0.997514	23.179701	0.998158	28.322486	0.493741	0.530772	0.602645	30.598946	0.581539	2628	6	0	4	16	1.793103	0.000000	58	52	251.237590	4.961214	0.000000	-0.045415	-4.309569	-0.001921	-0.000030	0.008377	1730.044365	0.493741	0.493741	6	0	6	4	16	1.793103	0.000000	6	0	58	52	38	4.831492	4.961214	251.237590	0.000000	45356	17.258752	24.937595	256x256	65536	sparse	Otsu	275	6	30	2564	31.404923	0.636952	28.413780	0.998187	0.485364	0.471388	8	2	0.000000	38	2618	31.691209	0.686090	0.997984	27.999996	0.538967	0.467599	3551	31.864330	0.682651	0.998872	30.822037	0.518091	0.487084	-0.091295	0.059384	-0.805976	-0.055413	True	0.684419	30.601623	0.581594	28.324556	0.675023	0.406799	0.730222	27.489270	0.999435	7744
7745.png	0.515042	0.215619	0.354747	0.215619	1.000000	0.999450	28.624346	0.990516	29.805118	0.180465	0.320879	0.793847	29.695719	0.544808	4102	23	1	11	56	1.658915	0.043478	129	107	481.818326	4.875043	0.000000	-0.070357	-0.424530	-0.000054	-0.001463	-0.001432	2981.829166	0.180465	0.180465	23	1	22	11	56	1.658915	0.043478	23	1	129	107	62	4.502975	4.875043	481.818326	0.000000	45474	11.085812	15.976597	256x256	65536	sparse	Otsu	423	23	43	4085	31.526728	0.662260	30.719176	0.991979	0.181897	0.460516	7	4	0.000000	46	3716	31.856625	0.716274	0.991929	30.648950	0.316139	0.178553	474	30.412194	0.544504	0.986515	28.067881	0.451188	0.197375	-0.914058	-0.139637	-1.831009	-0.117453	True	0.512620	29.697648	0.544810	29.807683	0.662098	0.525605	0.585399	29.048876	0.999504	7745
7746.png	0.674063	0.409336	0.580892	0.415590	0.964545	0.998913	25.012262	0.996745	28.714566	0.426165	0.456649	0.628885	31.448866	0.607313	2030	4	0	3	11	1.741935	0.000000	31	27	137.468037	8.123672	0.000000	-0.009711	-2.245052	-0.000648	0.000312	-0.002849	1689.581633	0.426165	0.426165	4	0	4	3	11	1.741935	0.000000	4	0	31	27	17	5.091409	8.123672	137.468037	0.000000	44716	22.027586	32.283744	256x256	65536	sparse	Otsu	206	4	27	1969	31.851498	0.638747	28.320922	0.996434	0.429015	0.256708	12	0	0.000000	40	2028	32.195192	0.680261	0.996422	28.582372	0.309266	0.427851	4574	32.817071	0.739773	0.998296	31.983962	0.306604	0.427463	0.393644	0.199941	-0.402631	-0.031434	True	0.678984	31.454435	0.607352	28.729223	0.443822	0.279113	0.683774	27.257314	0.999561	7746
7747.png	0.587676	0.469256	0.638767	0.472621	0.985054	0.998566	27.866713	0.991816	28.855480	0.440225	0.687765	0.355495	29.628701	0.548953	3475	5	1	8	18	1.891892	0.200000	74	70	331.391919	6.926503	0.000000	-0.041468	-1.161913	-0.000418	-0.000737	0.003593	3098.247290	0.440225	0.440225	5	1	4	8	18	1.891892	0.200000	5	2	74	70	48	4.734170	6.926503	331.391919	0.000000	45722	13.157410	18.859281	256x256	65536	sparse	Otsu	377	5	35	3380	31.171239	0.643034	29.519426	0.992553	0.436632	0.287134	26	8	0.000000	41	3418	31.496368	0.701132	0.991815	29.130184	0.240681	0.404726	603	30.226772	0.548739	0.987133	27.141713	0.513248	0.451270	-0.663946	0.400631	-1.542538	-0.094081	True	0.585563	29.632611	0.548959	28.865024	0.758286	0.269567	0.629144	29.028626	0.998984	7747
7748.png	0.544084	0.123980	0.220609	0.124104	0.991982	0.999586	27.487367	0.987843	29.463377	0.121750	0.323161	0.548785	28.562403	0.524892	6032	31	2	17	76	1.675978	0.064516	179	150	654.700577	4.440794	0.000000	-0.147211	-1.611418	-0.000153	-0.003786	0.008348	5418.425322	0.121750	0.121750	31	2	29	17	76	1.675978	0.064516	31	2	179	150	86	4.364671	4.440794	654.700577	0.000000	45657	7.569131	10.864721	256x256	65536	sparse	Otsu	757	31	59	5991	31.838263	0.699063	31.288890	0.991629	0.113402	0.281076	10	2	0.661290	57	5726	32.560912	0.781023	0.992375	31.576110	0.199008	0.113910	344	29.414746	0.524041	0.979103	25.260470	0.329680	0.175526	-1.825513	0.042085	-3.275860	-0.174171	True	0.546003	28.566901	0.524919	29.467428	0.470594	0.258255	0.691296	29.098785	0.999739	7748
7749.png	0.662791	0.526296	0.689638	0.556818	0.905672	0.997457	24.577743	0.997723	28.297665	0.472414	0.541594	0.718716	30.600576	0.594453	2430	5	0	4	14	1.803922	0.000000	51	46	223.551299	5.172863	0.000000	-0.075643	-3.601184	-0.001829	-0.000273	-0.025481	1723.367691	0.472414	0.472414	5	0	5	4	14	1.803922	0.000000	5	0	51	46	33	4.859811	5.172863	223.551299	0.000000	44896	18.475720	26.969547	256x256	65536	sparse	Otsu	255	5	30	2374	31.754023	0.644998	28.768677	0.997995	0.497895	0.473878	9	4	0.000000	38	2150	32.002980	0.677883	0.997751	28.363916	0.343963	0.465267	3586	32.180980	0.695458	0.998741	31.211789	0.479691	0.478809	-0.471012	0.067716	-1.153447	-0.050544	True	0.662791	30.602733	0.594484	28.299559	0.677612	0.487011	0.738434	28.178927	0.999286	7749
7750.png	0.508591	0.394373	0.565664	0.633005	0.511273	0.993238	17.163714	0.998731	28.502922	0.559548	0.437295	0.635420	28.751263	0.533001	1638	4	0	2	10	1.724138	0.000000	29	25	122.597980	4.360080	0.000000	-0.245590	-9.653801	-0.005758	0.000238	0.158371	1291.519165	0.559548	0.559548	4	0	4	2	10	1.724138	0.000000	4	0	29	25	17	4.903919	4.360080	122.597980	0.000000	45562	27.815629	40.009768	256x256	65536	sparse	Frangi	205	4	18	1537	30.675243	0.571001	27.750491	0.998493	0.401177	0.542902	7	6	0.000000	28	1606	30.988012	0.619575	0.998356	27.503379	0.475712	0.412210	5864	32.298513	0.753677	0.999351	31.748617	0.548670	0.387858	0.752431	-0.105607	-1.923979	-0.038000	True	0.521666	28.756865	0.533069	28.507275	0.586873	0.372911	0.754181	26.817515	0.998997	7750
7752.png	0.704940	0.326210	0.491944	0.329238	0.972581	0.998632	23.284944	0.995625	29.121915	0.351344	0.308734	0.780762	29.725031	0.519685	2901	13	0	2	28	1.600000	0.000000	65	52	264.279221	5.458805	0.000000	-0.027263	-4.321402	-0.000811	0.000185	0.007392	2167.992115	0.351344	0.351344	13	0	13	2	28	1.600000	0.000000	13	0	65	52	35	5.082293	5.458805	264.279221	0.000000	46193	15.923130	22.590831	256x256	65536	sparse	Otsu	289	13	29	2807	30.581204	0.602058	28.933015	0.995440	0.343952	0.528308	7	7	0.000000	32	2740	30.858707	0.653273	0.994724	28.358837	0.535441	0.342056	3152	30.812065	0.625514	0.996319	29.879214	0.499676	0.350972	0.188900	-0.219574	-0.856173	-0.082373	True	0.706079	29.727021	0.519703	29.126734	0.644774	0.503415	0.732203	27.606347	0.999443	7752
7753.png	0.481085	0.409819	0.581378	0.432085	0.888302	0.997774	23.941372	0.996784	30.114898	0.273460	0.317505	0.547600	31.356311	0.606421	2313	10	0	1	21	1.600000	0.000000	50	40	206.681241	5.032622	0.000000	-0.032914	-4.937907	-0.001409	-0.000079	0.018362	1690.213919	0.273460	0.273460	10	0	10	1	21	1.600000	0.000000	10	0	50	40	28	5.167031	5.032622	206.681241	0.000000	44491	19.235192	28.333766	256x256	65536	sparse	Otsu	259	10	31	2268	32.177317	0.654679	30.089905	0.996864	0.255098	0.355964	7	6	0.000000	42	2182	32.390213	0.688346	0.996562	29.946273	0.233143	0.257625	4062	32.739299	0.726485	0.997850	32.081877	0.190845	0.265043	0.024993	-0.038459	-0.821007	-0.048257	True	0.479657	31.360689	0.606471	30.121467	0.500093	0.273851	0.513999	28.879279	0.999183	7753
7754.png	0.666457	0.353258	0.522085	0.354362	0.991256	0.999397	28.057684	0.995403	28.892502	0.355329	0.355964	1.226596	30.148372	0.554381	3523	10	0	2	22	1.677419	0.000000	62	52	245.622366	5.463602	0.000000	-0.042334	-0.081586	-0.000081	-0.000560	0.005797	3611.061335	0.355329	0.355329	10	0	10	2	22	1.677419	0.000000	10	0	62	52	38	4.723507	5.463602	245.622366	0.000000	45564	12.933295	18.602328	256x256	65536	sparse	Otsu	493	10	37	3416	31.393555	0.648878	29.369853	0.995964	0.349531	0.444285	8	7	0.000000	42	3198	31.684089	0.697017	0.995720	29.190975	0.444285	0.331912	596	30.499620	0.555270	0.993487	26.937592	0.464203	0.354362	-0.477351	-0.088322	-1.245183	-0.094497	True	0.666877	30.151231	0.554397	28.895733	0.524791	0.643706	0.708791	28.139270	0.999478	7754
7755.png	0.636710	0.188131	0.316684	0.189008	0.975916	0.999526	26.328188	0.992763	28.849056	0.200274	0.288230	0.786659	28.967454	0.518270	4475	24	1	7	54	1.619835	0.041667	121	98	438.019336	4.257430	0.000000	-0.116210	-1.798161	-0.000157	-0.001682	0.003142	3478.826284	0.200274	0.200274	24	1	23	7	54	1.619835	0.041667	24	1	121	98	60	4.469585	4.257430	438.019336	0.000000	45904	10.257877	14.644916	256x256	65536	sparse	Otsu	538	24	44	4469	31.232098	0.658842	30.272786	0.994445	0.197132	0.424970	6	1	0.625000	46	4342	31.743490	0.727438	0.994836	30.339863	0.519695	0.197013	465	29.927146	0.522972	0.990057	26.884579	0.437858	0.222984	-1.423730	-0.136740	-2.264644	-0.140572	True	0.638444	28.965292	0.518266	28.842447	0.570443	0.448744	0.752920	28.126349	0.999683	7755
7756.png	0.641996	0.405082	0.576596	0.407111	0.987849	0.998899	28.144268	0.994476	29.349007	0.306357	0.339440	0.404868	29.842370	0.533027	3610	15	0	4	34	1.629630	0.000000	81	66	341.977705	4.763348	0.000000	-0.040618	-0.794007	-0.000322	-0.000657	-0.001970	3653.934240	0.306357	0.306357	15	0	15	4	34	1.629630	0.000000	15	0	81	66	43	5.181480	4.763348	341.977705	0.000000	45763	12.676731	18.154017	256x256	65536	sparse	Otsu	445	15	37	3570	31.145637	0.640712	29.973540	0.995133	0.308327	0.298593	15	5	0.000000	40	3364	31.463052	0.693206	0.994460	29.465283	0.269481	0.322950	570	30.268436	0.534658	0.991920	27.806071	0.524791	0.303303	-0.624533	0.040847	-1.303268	-0.107684	True	0.641292	29.847599	0.533051	29.353673	0.727468	0.294528	0.682614	28.938275	0.999220	7756
7757.png	0.732858	0.548216	0.708191	0.569960	0.934940	0.998288	25.150213	0.997623	28.988572	0.548221	0.423050	0.535034	30.670922	0.565653	2502	8	0	2	18	1.733333	0.000000	60	52	238.095454	4.805995	0.000000	-0.048545	-2.921914	-0.000936	0.000159	0.007930	1594.178200	0.548221	0.548221	8	0	8	2	18	1.733333	0.000000	8	0	60	52	40	4.578759	4.805995	238.095454	0.000000	45388	18.140687	26.193445	256x256	65536	sparse	Otsu	279	8	28	2474	31.201560	0.621626	28.806714	0.997464	0.540291	0.777983	4	7	0.000000	35	2396	31.474588	0.666744	0.997057	28.144398	0.368716	0.527434	3762	31.726490	0.684967	0.998170	30.310022	0.464203	0.525755	0.181857	-0.354933	-0.530638	-0.055973	True	0.734212	30.672546	0.565650	28.989899	0.753403	0.403097	0.781403	28.072127	0.999224	7757
7758.png	0.677057	0.598715	0.748995	0.613966	0.960165	0.998742	26.753150	0.997759	28.506724	0.534528	0.385328	0.822782	31.482917	0.602084	2142	6	0	2	14	1.707317	0.000000	41	35	170.651804	5.653730	0.000000	-0.038125	-0.750904	-0.000276	0.000257	-0.006434	1455.676794	0.534528	0.534528	6	0	6	2	14	1.707317	0.000000	6	0	41	35	25	4.875766	5.653730	170.651804	0.000000	44793	20.911765	30.595705	256x256	65536	sparse	Otsu	223	6	27	2012	31.777427	0.636214	28.003024	0.997503	0.540962	0.472708	8	7	0.000000	40	2142	32.099343	0.682471	0.997535	28.402915	0.683996	0.561229	4093	32.487425	0.717538	0.998698	31.273838	0.633345	0.553966	0.503700	-0.087379	-0.294510	-0.034130	True	0.680573	31.483354	0.602097	28.511478	0.537912	0.442585	0.715182	27.504054	0.999018	7758
7759.png	0.355293	0.340143	0.507622	0.596774	0.441645	0.991970	16.733847	0.998435	28.986256	0.405160	0.349491	0.607711	28.730738	0.537897	1419	4	0	3	11	1.692308	0.000000	26	22	93.183766	4.737863	0.000000	-0.284829	-9.874823	-0.006611	0.000498	0.153260	1109.249830	0.405160	0.405160	4	0	4	3	11	1.692308	0.000000	4	0	26	22	12	4.235626	4.737863	93.183766	0.000000	45367	31.971106	46.184637	256x256	65536	sparse	Frangi	167	4	15	1357	30.774900	0.565010	27.421294	0.997937	0.251900	0.459659	9	3	0.000000	26	1268	31.098301	0.604573	0.998143	28.010486	0.263403	0.238789								1.564963	-0.110168	-2.044162	-0.027114	True	0.354893	28.731584	0.537913	28.984288	0.680181	0.413354	0.640122	26.608671	0.998581	7759
7760.png	0.653097	0.360340	0.529780	0.364931	0.966270	0.999383	27.961828	0.997267	29.511460	0.317774	0.321588	0.493299	31.306669	0.587209	2342	10	0	5	25	1.642857	0.000000	56	46	209.681241	4.772314	0.000000	-0.023034	-0.188018	-0.000167	-0.000179	-0.012312	1684.101105	0.317774	0.317774	10	0	10	5	25	1.642857	0.000000	10	0	56	46	26	4.558288	4.772314	209.681241	0.000000	44874	19.160547	27.982921	256x256	65536	sparse	Otsu	236	10	30	2265	31.794235	0.635713	29.564513	0.997446	0.330086	0.440102	5	5	0.000000	41	2264	32.126535	0.680719	0.997453	29.506433	0.552912	0.311353	3741	32.283776	0.701746	0.998086	31.500821	0.347863	0.316598	-0.053052	-0.118514	-0.487566	-0.048503	True	0.655447	31.311848	0.587257	29.529078	0.555142	0.273851	0.676131	28.149846	0.999550	7760
7761.png	0.710820	0.513769	0.678794	0.531915	0.937734	0.998687	27.970570	0.996702	29.857758	0.532544	0.352735	0.653738	31.713141	0.603000	2156	8	0	2	18	1.644444	0.000000	45	37	185.053824	4.930619	0.000000	-0.033933	-1.201319	-0.000426	-0.000008	0.027519	1733.679533	0.532544	0.532544	8	0	8	2	18	1.644444	0.000000	8	0	45	37	25	5.001455	4.930619	185.053824	0.000000	44466	20.624304	30.397032	256x256	65536	sparse	Otsu	243	8	29	2104	32.033260	0.643191	29.808542	0.996709	0.505025	0.335243	12	5	0.000000	40	1998	32.293865	0.676881	0.996785	29.647078	0.133246	0.522830	4157	32.691684	0.726933	0.997873	31.767718	0.081078	0.489327	0.049216	0.017493	-0.320118	-0.040191	True	0.708579	31.715693	0.603027	29.856951	0.650062	0.424970	0.744753	29.171888	0.999113	7761
7762.png	0.673244	0.400511	0.571950	0.401684	0.992760	0.999564	28.144345	0.997495	29.170939	0.371659	0.391734	0.853227	31.068941	0.570981	2339	7	0	2	16	1.720000	0.000000	50	43	194.752309	5.344071	0.000000	-0.001359	0.713067	0.000051	0.000286	0.003662	1915.623426	0.371659	0.371659	7	0	7	2	16	1.720000	0.000000	7	0	50	43	32	4.529123	5.344071	194.752309	0.000000	45308	19.370671	28.018811	256x256	65536	sparse	Otsu	271	7	28	2310	31.326128	0.619985	28.685381	0.997210	0.367997	0.403494	6	1	0.428571	36	2266	31.595355	0.663440	0.996919	28.555444	0.431071	0.354792	3943	31.946042	0.696044	0.998243	31.129066	0.352088	0.370289	0.485558	-0.011760	-0.257187	-0.049004	True	0.674308	31.070266	0.571027	29.173147	0.483149	0.412235	0.674603	27.431278	0.999512	7762
7763.png	0.606047	0.445024	0.615940	0.449390	0.978635	0.998984	27.889313	0.992640	28.788972	0.370144	0.556622	0.516834	30.175737	0.544484	2796	6	0	6	18	1.803279	0.000000	61	55	272.379726	7.448043	0.000000	-0.035682	-0.160639	-0.000131	-0.000064	-0.015079	2275.874853	0.370144	0.370144	6	0	6	6	18	1.803279	0.000000	6	0	61	55	37	4.952359	7.448043	272.379726	0.000000	45745	16.360873	23.439199	256x256	65536	sparse	Otsu	282	6	30	2731	30.935160	0.617730	28.946212	0.992703	0.385222	0.276140	19	4	0.000000	35	2642	31.170703	0.664654	0.992043	28.544972	0.207054	0.379211	3210	31.156968	0.647577	0.994036	29.961772	0.231514	0.369176	-0.157240	0.280482	-0.759423	-0.073246	True	0.615350	30.176435	0.544485	28.797239	0.784544	0.405479	0.641729	28.049952	0.999116	7763
7764.png	0.454842	0.486932	0.654948	0.494427	0.969807	0.998300	27.969122	0.995119	28.794031	0.284755	0.463250	0.489232	29.487280	0.537452	2915	9	0	4	22	1.731343	0.000000	67	58	301.651804	5.174779	0.000000	-0.029250	-0.694817	-0.000413	-0.000136	-0.009067	1740.010262	0.284755	0.284755	9	0	9	4	22	1.731343	0.000000	9	0	67	58	41	5.200893	5.174779	301.651804	0.000000	45848	15.728302	22.482333	256x256	65536	sparse	Otsu	315	9	30	2862	30.868609	0.616043	29.117386	0.995255	0.293821	0.285173	14	1	0.222222	36	2834	31.225948	0.669365	0.994793	28.912310	0.319549	0.288971	3107	31.061991	0.637334	0.995566	29.845628	0.347714	0.284730	-0.323356	0.178077	-1.381329	-0.078591	True	0.442991	29.490054	0.537502	28.800065	0.680181	0.332767	0.484092	28.663939	0.998713	7764
7765.png	0.698568	0.371243	0.541469	0.373796	0.981933	0.999514	27.416998	0.997507	28.764993	0.390604	0.501424	0.740022	30.846003	0.565676	2369	5	0	2	12	1.756098	0.000000	41	36	196.338095	6.080187	0.000000	-0.002769	0.319997	-0.000091	0.000240	-0.014755	2011.130571	0.390604	0.390604	5	0	5	2	12	1.756098	0.000000	5	0	41	36	27	5.453836	6.080187	196.338095	0.000000	45446	19.183622	27.663993	256x256	65536	sparse	Otsu	256	5	27	2196	31.194651	0.613653	28.327534	0.997267	0.405359	0.460259	6	0	0.900000	36	2338	31.491747	0.663819	0.997170	28.286057	0.508356	0.388870	3949	31.799704	0.690353	0.998302	30.811459	0.286036	0.398969	0.437459	0.041165	-0.348648	-0.047977	True	0.696307	30.850311	0.565723	28.773097	0.605446	0.448043	0.701337	27.097001	0.999606	7765
7766.png	0.647690	0.495794	0.662918	0.502844	0.972500	0.998324	27.329797	0.994790	29.000330	0.487817	0.607807	0.526036	30.737790	0.571936	2721	5	0	2	12	1.824561	0.000000	57	52	266.693434	6.332605	0.000000	-0.024805	-0.771251	-0.000409	0.000187	-0.001380	2073.068857	0.487817	0.487817	5	0	5	2	12	1.824561	0.000000	5	0	57	52	43	5.128720	6.332605	266.693434	0.000000	45415	16.690555	24.085263	256x256	65536	sparse	Otsu	298	5	30	2682	31.234585	0.632713	28.754196	0.994603	0.489198	0.324446	18	8	0.000000	40	2720	31.665882	0.684808	0.994360	28.788810	0.497587	0.476105	3338	31.631171	0.672289	0.996435	30.630277	0.346372	0.476864	0.246134	0.283360	-0.496795	-0.060776	True	0.648392	30.743343	0.571981	29.011852	0.753403	0.396317	0.672495	28.101048	0.998733	7766
7767.png	0.535936	0.102829	0.186481	0.102965	0.987270	0.999719	27.300197	0.987882	29.036948	0.113124	0.342500	0.516555	28.220926	0.502550	6425	29	4	15	69	1.709302	0.137931	172	147	654.972655	4.295526	0.000000	-0.184163	-1.327192	-0.000113	-0.003786	0.011634	6593.529940	0.113124	0.113124	29	4	25	15	69	1.709302	0.137931	29	3	172	147	88	4.455596	4.295526	654.972655	0.000000	46077	7.171518	10.200156	256x256	65536	sparse	Otsu	872	29	60	6362	31.558238	0.696163	31.026193	0.991669	0.101490	0.302324	8	5	0.304598	56	6282	32.453883	0.787535	0.992902	31.499689	0.314769	0.109898	343	29.220841	0.508335	0.982840	25.841562	0.470065	0.157065	-1.989246	0.040176	-3.337312	-0.193613	True	0.535461	28.225766	0.502591	29.036028	0.485726	0.250905	0.720099	28.627389	0.999832	7767
7768.png	0.799900	0.648513	0.786785	0.654611	0.985839	0.998935	27.874375	0.997562	28.727376	0.634304	0.615188	1.037918	30.935811	0.572026	2580	4	0	2	10	1.818182	0.000000	44	40	223.450793	5.598164	0.000000	-0.012974	-0.143724	-0.000142	0.000231	-0.009068	1999.086618	0.634304	0.634304	4	0	4	2	10	1.818182	0.000000	4	0	44	40	32	5.586270	5.598164	223.450793	0.000000	45388	17.592248	25.401550	256x256	65536	sparse	Otsu	298	4	29	2528	31.234588	0.625778	28.456238	0.997331	0.643372	0.819134	4	16	0.000000	36	2468	31.540450	0.674826	0.997085	28.041739	0.599197	0.614332	3678	31.727066	0.683479	0.998364	30.755829	0.754387	0.627253	0.271138	-0.203946	-0.298776	-0.053752	True	0.799403	30.939421	0.572031	28.737870	0.745893	0.774176	0.812874	28.018099	0.999076	7768
7769.png	0.413248	0.330579	0.496894	0.506329	0.487805	0.991384	18.148769	0.997141	29.230201	0.318101	0.232026	0.537853	29.340697	0.573048	1910	10	0	1	21	1.473684	0.000000	38	28	137.740115	4.635275	0.000000	-0.022983	-10.563164	-0.007032	0.000043	0.153019	1514.079094	0.318101	0.318101	10	0	10	1	21	1.473684	0.000000	10	0	38	28	16	4.919290	4.635275	137.740115	0.000000	44780	23.445026	34.312042	256x256	65536	sparse	Frangi	208	10	25	1857	31.635229	0.621951	29.582712	0.997098	0.165082	0.216677	19	5	0.000000	36	1842	31.926422	0.661411	0.996663	29.486651	0.213372	0.147046	4988	32.757763	0.745292	0.998710	32.652738	0.150104	0.213507	-0.352511	0.015349	-2.294533	-0.048903	True	0.415101	29.346226	0.573112	29.242940	0.645129	0.346984	0.436231	28.711934	0.998416	7769
7770.png	0.547261	0.459574	0.629738	0.478229	0.921764	0.998332	25.926644	0.996560	29.162195	0.403115	0.441965	0.440085	30.770442	0.581234	2558	6	1	2	13	1.767442	0.166667	43	38	192.195959	5.712967	0.000000	-0.021035	-2.806482	-0.000892	-0.000275	0.009120	2169.204235	0.403115	0.403115	6	1	5	2	13	1.767442	0.166667	6	0	43	38	28	5.057788	5.712967	192.195959	0.000000	44921	17.560985	25.620016	256x256	65536	sparse	Otsu	309	6	31	2514	31.654586	0.638173	29.439353	0.996834	0.393995	0.460516	7	6	0.000000	41	2384	31.990944	0.679523	0.996677	29.261819	0.302324	0.391734	3591	32.103259	0.692647	0.997859	31.499047	0.351656	0.397661	-0.277157	-0.018552	-0.884144	-0.056939	True	0.543870	30.775186	0.581240	29.168571	0.637598	0.280597	0.568296	28.733126	0.999225	7770
7771.png	0.444809	0.185567	0.313043	0.188892	0.913349	0.998978	27.135034	0.989802	29.691995	0.120176	0.305572	0.356641	29.137170	0.519292	4996	30	2	14	72	1.633987	0.066667	153	125	587.173665	4.274413	0.000000	-0.072278	-2.254434	-0.000509	-0.002262	-0.000152	3702.646255	0.120176	0.120176	30	2	28	14	72	1.633987	0.066667	30	1	153	125	67	4.697389	4.274413	587.173665	0.000000	45766	9.160528	13.117694	256x256	65536	sparse	Otsu	568	30	50	4983	31.469136	0.672653	30.974196	0.992065	0.120329	0.218599	15	3	0.000000	52	4950	32.140971	0.750069	0.993081	31.349941	0.228948	0.106544	408	29.971057	0.523972	0.986337	27.766798	0.262877	0.133398	-1.282201	0.086973	-2.331966	-0.153361	True	0.449409	29.146060	0.519371	29.697095	0.617107	0.220086	0.517088	29.389468	0.999488	7771
7772.png	0.586944	0.256380	0.408125	0.257705	0.980333	0.999256	28.064861	0.992360	29.336867	0.219144	0.303591	0.360359	29.211808	0.521968	4754	22	1	10	53	1.650000	0.045455	120	99	432.090404	4.584351	0.000000	-0.090720	-0.851360	-0.000200	-0.001697	-0.003365	4718.833923	0.219144	0.219144	22	1	21	10	53	1.650000	0.045455	22	1	120	99	57	4.364550	4.584351	432.090404	0.000000	45771	9.627892	13.785444	256x256	65536	sparse	Otsu	607	22	47	4714	31.379079	0.667622	30.457142	0.994056	0.222509	0.308637	11	3	0.000000	49	4596	31.957905	0.739640	0.994725	30.789103	0.223791	0.212272	403	30.055227	0.525421	0.988171	27.055035	0.376246	0.233247	-1.120275	-0.005046	-2.167270	-0.145654	True	0.585163	29.213948	0.521996	29.336545	0.603469	0.217466	0.677663	28.916221	0.999456	7772
7773.png	0.513001	0.402287	0.573758	0.426681	0.875566	0.997832	25.390028	0.996634	29.737906	0.297258	0.322327	0.507861	31.157654	0.585759	2482	11	0	7	29	1.690141	0.000000	71	60	235.722871	4.648109	0.000000	-0.066319	-3.775339	-0.001466	-0.000126	-0.004358	1833.087683	0.297258	0.297258	11	0	11	7	29	1.690141	0.000000	11	1	71	60	35	3.928715	4.648109	235.722871	0.000000	44787	18.044722	26.404512	256x256	65536	sparse	Otsu	251	11	31	2411	31.819367	0.640886	29.920589	0.996760	0.301616	0.278306	13	3	0.000000	41	2376	32.087910	0.682010	0.996413	29.475439	0.313647	0.277359	3769	32.273681	0.703185	0.997574	31.313307	0.201927	0.279195	-0.182683	0.044021	-0.661713	-0.055127	True	0.510190	31.161279	0.585791	29.743116	0.606235	0.307883	0.579320	29.165367	0.999299	7773
7774.png	0.565796	0.219592	0.360108	0.223659	0.923533	0.998502	26.116500	0.989589	29.289026	0.189231	0.387640	0.433529	28.820174	0.514734	5500	23	3	14	57	1.738562	0.130435	153	133	612.416306	4.344923	0.000000	-0.111839	-3.206619	-0.000936	-0.002445	0.003273	4818.320274	0.189231	0.189231	23	3	20	14	57	1.738562	0.130435	23	3	153	133	82	4.604634	4.344923	612.416306	0.000000	45927	8.350364	11.915636	256x256	65536	sparse	Otsu	685	23	53	5429	31.403274	0.679893	30.688149	0.992034	0.185958	0.341073	14	12	0.000000	51	5234	32.055005	0.757875	0.992953	30.961713	0.091177	0.186806	335	29.228798	0.507133	0.981059	25.731464	0.305109	0.237249	-1.399123	0.046567	-2.583100	-0.165158	True	0.566862	28.825951	0.514785	29.289331	0.727468	0.315378	0.677636	29.323120	0.999438	7774
7775.png	0.722180	0.484632	0.652864	0.493568	0.963987	0.999284	27.916545	0.998063	28.954527	0.461045	0.453379	0.543726	31.504485	0.594484	2108	5	0	2	12	1.736842	0.000000	38	33	168.781746	5.863367	0.000000	-0.003577	0.083622	-0.000086	0.000049	-0.003793	1734.905720	0.461045	0.461045	5	0	5	2	12	1.736842	0.000000	5	0	38	33	24	5.114598	5.863367	168.781746	0.000000	44850	21.276091	31.089184	256x256	65536	sparse	Otsu	234	5	27	2099	31.665118	0.630135	28.693729	0.998014	0.464837	0.601481	4	3	0.000000	38	2090	31.996161	0.672091	0.997824	28.429744	0.626561	0.463122	4429	32.535728	0.726779	0.998908	31.664270	0.557803	0.457976	0.260798	-0.148102	-0.160633	-0.035651	True	0.721088	31.504289	0.594476	28.954562	0.624689	0.339660	0.725758	27.832922	0.999370	7775
7776.png	0.581120	0.428538	0.599967	0.435580	0.963646	0.998168	27.907989	0.992833	29.247873	0.397825	0.392366	0.787027	29.606441	0.527751	3319	11	0	7	29	1.702703	0.000000	74	63	302.350288	5.915582	0.000000	-0.060081	-0.892596	-0.000496	-0.000256	-0.003313	3087.813854	0.397825	0.397825	11	0	11	7	29	1.702703	0.000000	11	0	74	63	38	4.799211	5.915582	302.350288	0.000000	45757	13.786381	19.745707	256x256	65536	sparse	Otsu	376	11	34	3182	30.980806	0.626767	29.566049	0.993089	0.401138	0.352565	19	10	0.000000	40	3190	31.350670	0.685026	0.992438	29.233018	0.065781	0.417045	595	30.226300	0.531730	0.989001	27.792211	0.583555	0.409458	-0.318175	0.039801	-1.374365	-0.099016	True	0.582857	29.614025	0.527792	29.254261	0.780192	0.614032	0.641201	28.800584	0.998664	7776
7777.png	0.474930	0.407674	0.579216	0.635910	0.531804	0.993386	19.129193	0.998121	29.248915	0.491146	0.323910	0.704381	28.799751	0.504172	1840	7	0	2	16	1.641026	0.000000	39	32	146.982756	4.390200	0.000000	-0.205738	-8.813764	-0.004971	0.000396	0.139692	1232.342243	0.491146	0.491146	7	0	7	2	16	1.641026	0.000000	7	0	39	32	21	4.593211	4.390200	146.982756	0.000000	46056	25.030435	35.617391	256x256	65536	sparse	Frangi	203	7	20	1703	30.311552	0.553607	28.396128	0.997725	0.351454	0.523753	11	13	0.000000	24	1680	30.524730	0.594519	0.997414	27.976093	0.115511	0.372130	4833	31.461321	0.704495	0.998753	31.152110	0.057517	0.327363	0.852788	-0.199843	-1.511802	-0.049435	True	0.471462	28.798402	0.504175	29.245651	0.633589	0.446288	0.680668	27.942957	0.998357	7777
7778.png	0.517566	0.265673	0.419814	0.267500	0.974943	0.999117	28.021673	0.992926	29.558121	0.186809	0.346402	0.377240	29.540197	0.550599	4693	19	0	9	48	1.651376	0.000000	109	90	438.261977	4.878396	0.000000	-0.064161	-1.432661	-0.000331	-0.001573	0.001985	4747.587442	0.186809	0.186809	19	0	19	9	48	1.651376	0.000000	19	0	109	90	52	4.869578	4.878396	438.261977	0.000000	45358	9.665033	13.964628	256x256	65536	sparse	Otsu	635	19	48	4580	31.807631	0.680490	30.882892	0.994499	0.184823	0.225311	17	3	0.000000	52	4422	32.353715	0.746606	0.994691	31.028554	0.225514	0.181913	408	30.209192	0.550455	0.987420	25.837666	0.428791	0.222038	-1.324772	0.121091	-2.267435	-0.129891	True	0.516614	29.546614	0.550604	29.560378	0.670441	0.252917	0.581727	29.454335	0.999448	7778
7779.png	0.397422	0.190597	0.320171	0.191199	0.983771	0.999113	28.428581	0.987233	29.370128	0.140607	0.346099	0.353191	28.515618	0.507861	5814	25	3	11	58	1.692308	0.120000	143	121	581.558441	4.377891	0.000000	-0.099314	-1.134915	-0.000273	-0.003403	-0.007369	6283.645391	0.140607	0.140607	25	3	22	11	58	1.692308	0.120000	25	3	143	121	74	4.806268	4.377891	581.558441	0.000000	45875	7.890437	11.272102	256x256	65536	sparse	Otsu	776	25	56	5703	31.508104	0.684284	31.063897	0.990636	0.147976	0.189716	27	10	0.000000	52	5402	32.118148	0.758562	0.991422	31.148402	0.041402	0.188003	343	29.824709	0.512711	0.980933	27.662620	0.276750	0.138701	-1.693769	0.156384	-2.992487	-0.176423	True	0.397422	28.519354	0.507910	29.372612	0.675348	0.238527	0.496736	29.563496	0.999385	7779
7780.png	0.630205	0.310498	0.473862	0.311265	0.992126	0.999418	27.699016	0.993045	29.096725	0.302073	0.423050	0.355987	30.471301	0.558932	3216	8	1	5	19	1.750000	0.125000	56	49	249.865007	6.525896	0.000000	-0.037817	-0.363254	-0.000089	-0.000278	0.009523	3507.311821	0.302073	0.302073	8	1	7	5	19	1.750000	0.125000	8	1	56	49	32	5.099286	6.525896	249.865007	0.000000	45465	14.137127	20.378109	256x256	65536	sparse	Otsu	390	8	34	3028	31.358403	0.640591	29.298932	0.993324	0.292551	0.314998	12	2	0.250000	41	3010	31.703342	0.692795	0.992701	29.265269	0.352441	0.276764	672	30.645206	0.560553	0.989582	27.694560	0.384742	0.284587	-0.202207	0.108052	-0.887102	-0.081659	True	0.634268	30.480132	0.558941	29.104937	0.681776	0.242703	0.668022	28.062270	0.999507	7780
7781.png	0.490436	0.488215	0.656108	0.495327	0.971429	0.998038	28.088703	0.994083	29.175068	0.299380	0.433846	0.350376	30.320304	0.557795	2759	9	0	7	25	1.735294	0.000000	68	59	281.379726	6.133333	0.000000	-0.035826	-0.596475	-0.000243	0.000053	-0.011267	2281.746149	0.299380	0.299380	9	0	9	7	25	1.735294	0.000000	9	0	68	59	36	4.769148	6.133333	281.379726	0.000000	45362	16.441464	23.753534	256x256	65536	sparse	Otsu	283	9	31	2660	31.307376	0.627749	29.391970	0.994029	0.310648	0.205812	23	6	0.000000	39	2672	31.593466	0.676569	0.993875	29.282922	0.277473	0.290216	3307	31.564336	0.661748	0.994914	30.609559	0.177622	0.301178	-0.216902	0.228034	-0.987072	-0.069955	True	0.490436	30.321790	0.557795	29.175143	0.712059	0.249488	0.526262	28.685179	0.998281	7781
7782.png	0.685418	0.549791	0.709503	0.570448	0.938206	0.998083	25.814825	0.997019	29.236449	0.501981	0.511297	0.616275	30.824989	0.568965	2257	5	0	3	13	1.777778	0.000000	45	40	200.923882	5.883195	0.000000	-0.043018	-2.338591	-0.000731	0.000342	0.034030	1839.385033	0.501981	0.501981	5	0	5	3	13	1.777778	0.000000	5	0	45	40	29	5.023097	5.883195	200.923882	0.000000	45293	20.067789	29.036774	256x256	65536	sparse	Otsu	244	5	27	2209	31.264114	0.616031	28.798956	0.996677	0.467951	0.489022	7	4	0.000000	34	2226	31.530869	0.661837	0.995985	28.273629	0.511623	0.452850	3935	31.918776	0.694469	0.998000	31.241188	0.403647	0.466152	0.437493	0.022275	-0.439126	-0.047066	True	0.684872	30.828410	0.569002	29.242119	0.695779	0.428791	0.728436	28.153416	0.998814	7782
7783.png	0.580000	0.492010	0.659526	0.495203	0.987064	0.998915	28.571141	0.994832	29.434020	0.423292	0.615188	0.649696	30.998527	0.578225	2477	4	0	3	11	1.829787	0.000000	47	43	224.279221	7.073790	0.000000	-0.011515	-0.024327	-0.000081	0.000279	0.017491	1941.778898	0.423292	0.423292	4	0	4	3	11	1.829787	0.000000	4	0	47	43	33	5.215796	7.073790	224.279221	0.000000	45221	18.256358	26.457812	256x256	65536	sparse	Otsu	257	4	30	2442	31.453754	0.630939	29.258963	0.994552	0.405801	0.254724	20	7	0.000000	38	2396	31.692888	0.672726	0.994006	29.040238	0.255882	0.394648	3756	31.897777	0.689749	0.996228	31.004245	0.171980	0.415822	0.175057	0.360464	-0.455227	-0.052714	True	0.581384	31.004839	0.578256	29.455523	0.571158	0.371079	0.591515	28.595468	0.998996	7783
7784.png	0.730508	0.423684	0.595193	0.423910	0.998740	0.999485	27.261169	0.996047	28.162108	0.449549	0.620158	0.684019	29.976281	0.529541	2960	5	1	3	11	1.866667	0.200000	60	56	274.865007	6.219843	0.000000	0.005361	0.052139	-0.000005	0.000142	0.006115	2356.632233	0.449549	0.449549	5	1	4	3	11	1.866667	0.200000	5	1	60	56	46	4.908304	6.219843	274.865007	0.000000	46218	15.614189	22.140541	256x256	65536	sparse	Otsu	338	5	29	2887	30.508707	0.608014	28.095267	0.995904	0.443434	0.555777	7	6	0.000000	32	2876	30.797488	0.663390	0.995578	27.665964	0.619651	0.476598	3013	30.707237	0.620440	0.996888	29.453786	0.734993	0.449078	0.066841	0.064381	-0.532426	-0.078474	True	0.730749	29.980093	0.529564	28.169412	0.716346	0.489994	0.725146	27.209029	0.999490	7784
7785.png	0.543671	0.512169	0.677397	0.520098	0.971095	0.998328	26.625908	0.996412	28.924200	0.355039	0.594783	0.371474	30.320463	0.548049	2952	6	1	4	15	1.852941	0.166667	68	63	303.521861	5.213058	0.000000	-0.015499	-1.568075	-0.000508	0.000006	-0.000174	2134.016752	0.355039	0.355039	6	1	5	4	15	1.852941	0.166667	6	0	68	63	49	4.817807	5.213058	303.521861	0.000000	45829	15.524729	22.200542	256x256	65536	sparse	Otsu	320	6	31	2928	30.953048	0.625070	28.899357	0.996406	0.355213	0.212585	20	0	0.000000	36	2916	31.224308	0.679787	0.996038	28.427383	0.295782	0.355100	716	30.241402	0.547440	0.993768	26.575184	0.389412	0.372401	0.024843	0.382198	-0.632585	-0.077021	True	0.541336	30.326229	0.548084	28.942650	0.702399	0.260923	0.559170	28.193983	0.998835	7785
7786.png	0.549347	0.362952	0.532597	0.384149	0.868038	0.997728	23.341363	0.997616	29.385824	0.361405	0.436893	0.434434	30.980610	0.585840	2492	7	0	3	17	1.735849	0.000000	53	46	223.409163	4.920397	0.000000	-0.044357	-5.072954	-0.001768	0.000044	0.005139	1940.126896	0.361405	0.361405	7	0	7	3	17	1.735849	0.000000	7	0	53	46	33	4.856721	4.920397	223.409163	0.000000	44875	18.007624	26.298555	256x256	65536	sparse	Otsu	265	7	30	2403	31.737959	0.640662	29.462433	0.997572	0.356266	0.279113	11	5	0.000000	41	2432	32.056690	0.688195	0.997544	29.215520	0.344266	0.352003	3566	32.158464	0.694521	0.998353	31.235200	0.225311	0.347584	-0.076609	0.157780	-0.757348	-0.054822	True	0.547826	30.982820	0.585873	29.401303	0.564822	0.245378	0.593704	28.414317	0.999496	7786
7787.png	0.661494	0.436136	0.607374	0.439332	0.983596	0.999202	27.698766	0.996238	28.826389	0.382412	0.489022	0.419535	30.435101	0.557544	3111	7	0	2	16	1.762712	0.000000	59	52	266.107648	5.344049	0.000000	-0.001192	-0.501843	-0.000199	-0.000336	0.014839	2739.029884	0.382412	0.382412	7	0	7	2	16	1.762712	0.000000	7	0	59	52	41	5.117455	5.344049	266.107648	0.000000	45566	14.646737	21.065895	256x256	65536	sparse	Otsu	385	7	33	3074	31.253102	0.638362	29.187072	0.996574	0.367574	0.277713	15	1	0.000000	40	2888	31.583544	0.684549	0.996430	28.986042	0.351263	0.342999	665	30.458272	0.559004	0.994497	26.876687	0.406964	0.403925	-0.360683	0.211308	-0.818002	-0.080817	True	0.655213	30.438063	0.557557	28.832737	0.701803	0.294430	0.662687	28.200609	0.999400	7787
7788.png	0.506659	0.191053	0.320814	0.191315	0.992902	0.999340	29.367696	0.988714	29.957466	0.186215	0.342382	0.491661	29.419574	0.532844	5246	23	1	15	60	1.683453	0.043478	139	117	528.345238	4.868267	0.000000	-0.063455	-0.919106	-0.000180	-0.002566	0.001479	5782.562256	0.186215	0.186215	23	1	22	15	60	1.683453	0.043478	23	1	139	117	64	4.515771	4.868267	528.345238	0.000000	45522	8.677469	12.492566	256x256	65536	sparse	Otsu	682	23	54	5245	31.784044	0.685705	31.314016	0.991280	0.184736	0.208770	24	14	0.000000	53	5052	32.363139	0.757694	0.992194	31.447987	0.053377	0.180163	410	30.412078	0.536468	0.984807	28.473253	0.440102	0.206531	-1.356550	0.133612	-2.364470	-0.152861	True	0.507879	29.428894	0.532897	29.959249	0.607414	0.298642	0.570113	30.286802	0.999520	7788
7789.png	0.570093	0.258867	0.411270	0.265544	0.911463	0.998902	25.367180	0.995690	28.808077	0.234588	0.310129	0.681717	29.787158	0.529715	3471	16	2	5	35	1.681818	0.125000	88	74	321.592929	4.504253	0.000000	-0.043240	-2.702613	-0.000713	-0.000576	0.002609	3067.098856	0.234588	0.234588	16	2	14	5	35	1.681818	0.125000	16	2	88	74	48	4.345850	4.504253	321.592929	0.000000	45811	13.198214	18.881014	256x256	65536	sparse	Otsu	394	16	35	3400	31.079478	0.633568	29.571258	0.996267	0.231978	0.302324	8	2	0.750000	40	3322	31.466239	0.692289	0.996128	29.521905	0.316139	0.230292	597	30.317222	0.536073	0.994700	27.840968	0.451188	0.248984	-0.763181	0.007805	-1.292319	-0.103853	True	0.569650	29.793098	0.529717	28.816463	0.603469	0.411395	0.613333	28.069793	0.999616	7789
7790.png	0.623648	0.432742	0.604075	0.439235	0.966969	0.999318	27.197162	0.997358	28.645808	0.390473	0.413912	0.523708	30.880312	0.566651	2355	7	0	2	16	1.730769	0.000000	52	45	204.438600	5.190231	0.000000	0.002447	-0.173985	-0.000164	0.000143	-0.015754	1916.496515	0.390473	0.390473	7	0	7	2	16	1.730769	0.000000	7	0	52	45	34	4.543080	5.190231	204.438600	0.000000	45369	19.264968	27.828450	256x256	65536	sparse	Otsu	257	7	27	2219	31.226186	0.613916	28.318029	0.997215	0.406227	0.338558	9	1	0.357143	35	2212	31.507715	0.657723	0.997397	28.327854	0.290416	0.404646	3884	31.798502	0.685747	0.998407	31.004105	0.353617	0.409824	0.327778	0.075354	-0.345874	-0.047265	True	0.624549	30.884833	0.566676	28.655193	0.670441	0.351115	0.621201	27.371147	0.999482	7790
7791.png	0.538902	0.262707	0.416102	0.266754	0.945404	0.997931	27.909183	0.985487	29.508561	0.197098	0.391600	0.374492	28.671919	0.510570	6311	26	4	19	69	1.751412	0.153846	177	155	696.043723	4.523427	0.000000	-0.092818	-2.009969	-0.000826	-0.003773	0.001317	6157.530069	0.197098	0.197098	26	4	22	19	69	1.751412	0.153846	26	5	177	155	89	4.490605	4.523427	696.043723	0.000000	45899	7.272857	10.384408	256x256	65536	sparse	Otsu	783	26	59	6191	31.577555	0.696215	31.094013	0.989260	0.195780	0.151674	49	9	0.157692	55	5862	32.299615	0.777696	0.990712	31.433345	0.042016	0.207679	340	29.438203	0.509671	0.976419	26.595069	0.407458	0.199554	-1.585452	0.239927	-2.905636	-0.185646	True	0.538315	28.678640	0.510639	29.510476	0.759492	0.284423	0.631719	29.919151	0.998757	7791
7792.png	0.352725	0.272267	0.428003	0.436688	0.419657	0.993601	17.180065	0.998580	28.705175	0.404874	0.219250	0.506876	28.982298	0.526352	1624	8	0	0	16	1.483871	0.000000	31	23	102.183766	4.492941	0.000000	-0.327894	-10.081008	-0.005685	0.000255	0.119088	1250.894308	0.404874	0.404874	8	0	8	0	16	1.483871	0.000000	8	0	31	23	15	4.442772	4.492941	102.183766	0.000000	45662	28.116995	40.354680	256x256	65536	sparse	Frangi	186	8	20	1590	30.763524	0.568582	27.784181	0.998325	0.285786	0.529654	7	5	0.000000	26	1458	30.921906	0.607703	0.998302	27.865955	0.417252	0.272017	5845	32.273190	0.752424	0.999236	31.775183	0.189416	0.275407	0.920994	-0.310404	-1.781226	-0.042229	True	0.359444	28.988916	0.526381	28.722524	0.681776	0.345576	0.680618	27.261073	0.999287	7792
7793.png	0.613518	0.375492	0.545975	0.400000	0.859719	0.998393	22.517754	0.998132	28.833115	0.393056	0.387374	0.778117	30.551777	0.559041	2095	6	0	2	14	1.684211	0.000000	38	32	165.852814	5.197372	0.000000	-0.043625	-4.706222	-0.001186	0.000153	-0.004661	1575.571060	0.393056	0.393056	6	0	6	2	14	1.684211	0.000000	6	0	38	32	22	5.182900	5.197372	165.852814	0.000000	45314	21.629594	31.282100	256x256	65536	sparse	Otsu	228	6	25	2036	31.141367	0.604422	28.338313	0.997979	0.397717	0.314427	8	1	0.333333	32	1876	31.399564	0.642393	0.997837	28.082841	0.355964	0.389753	4303	31.968395	0.702635	0.998940	31.579733	0.244216	0.385212	0.494801	0.072947	-0.589590	-0.045381	True	0.615451	30.552393	0.559067	28.831809	0.487267	0.379151	0.657143	27.223976	0.999578	7793
7794.png	0.600810	0.367992	0.538003	0.369075	0.992091	0.999259	27.294475	0.996558	29.497378	0.271778	0.338157	0.370352	31.406944	0.597994	2593	11	3	5	24	1.741935	0.272727	62	54	247.066017	4.777279	0.000000	0.035987	-1.013179	-0.000197	-0.000213	0.024312	1814.967871	0.271778	0.271778	11	3	8	5	24	1.741935	0.272727	11	2	62	54	33	4.575297	4.777279	247.066017	0.000000	44745	17.256074	25.274200	256x256	65536	sparse	Otsu	267	11	32	2532	31.942070	0.651070	29.759590	0.996771	0.247466	0.233561	10	0	0.454545	43	2448	32.288585	0.692538	0.996616	29.740214	0.402072	0.270677	3618	32.390408	0.702925	0.997630	31.604519	0.306497	0.255966	-0.262212	0.104596	-0.535127	-0.053076	True	0.595624	31.413022	0.598043	29.500995	0.585217	0.216736	0.564822	28.307654	0.999457	7794
7795.png	0.361156	0.081898	0.151396	0.082155	0.963158	0.999577	27.972132	0.982298	29.772976	0.060877	0.335158	0.494850	28.017159	0.502694	7115	39	3	24	97	1.688312	0.076923	231	195	864.210245	4.511929	0.000000	-0.137619	-1.768111	-0.000199	-0.005345	0.008913	6097.248793	0.060877	0.060877	39	3	36	24	97	1.688312	0.076923	39	2	231	195	110	4.431847	4.511929	864.210245	0.000000	45867	6.446521	9.210963	256x256	65536	sparse	Otsu	870	39	64	6906	31.793505	0.708667	31.657204	0.987642	0.051964	0.241693	6	2	0.576923	62	6858	32.960256	0.807023	0.990438	32.426069	0.366348	0.147063	273	28.740305	0.502061	0.972573	25.198768	0.273851	0.110706	-1.884228	0.093465	-3.776345	-0.205973	True	0.361378	28.021959	0.502764	29.777627	0.464739	0.229976	0.498775	29.740243	0.999776	7795
7796.png	0.764631	0.504142	0.670338	0.516789	0.953704	0.998840	24.923898	0.997965	28.896026	0.504939	0.460516	0.701287	30.982898	0.586318	2498	7	1	4	16	1.789474	0.142857	57	51	248.936075	4.364948	0.000000	-0.023521	-2.830882	-0.000494	0.000083	0.004561	1638.773680	0.504939	0.504939	7	1	6	4	16	1.789474	0.142857	7	1	57	51	37	4.881100	4.364948	248.936075	0.000000	45180	18.086469	26.235388	256x256	65536	sparse	Otsu	278	7	30	2495	31.547232	0.637830	28.714240	0.997882	0.500379	0.543119	6	1	0.928571	40	2490	31.931418	0.685123	0.997803	28.768313	0.522886	0.482576	3727	32.069173	0.694101	0.998731	31.249828	0.424622	0.470098	0.181786	-0.082603	-0.564334	-0.051513	True	0.763024	30.985495	0.586336	28.892857	0.607807	0.426247	0.788152	27.754780	0.999334	7796
7797.png	0.588328	0.291194	0.451046	0.306746	0.851707	0.998229	24.249470	0.996439	29.556524	0.343257	0.316139	0.599687	30.995332	0.576771	2324	10	0	2	23	1.622642	0.000000	53	43	207.166522	5.159821	0.000000	-0.065579	-4.200652	-0.001302	0.000067	0.009810	1826.410770	0.343257	0.343257	10	0	10	2	23	1.622642	0.000000	10	0	53	43	28	4.817826	5.159821	207.166522	0.000000	45007	19.366179	28.199656	256x256	65536	sparse	Otsu	247	10	28	2280	31.522779	0.628877	29.518781	0.996373	0.333447	0.348189	10	3	0.000000	39	2318	31.858939	0.674783	0.996316	29.403284	0.371516	0.319359	3998	32.186976	0.705268	0.997714	31.594882	0.222311	0.328884	0.037743	-0.032050	-0.527448	-0.052106	True	0.594444	30.999484	0.576794	29.559904	0.541594	0.324787	0.653907	28.450122	0.999531	7797
7798.png	0.688920	0.306980	0.469755	0.310428	0.965087	0.999034	26.765975	0.994799	29.738036	0.300953	0.345338	0.562321	30.622146	0.556445	2711	11	0	3	25	1.645161	0.000000	62	51	257.208153	5.757021	0.000000	-0.029462	-1.572305	-0.000408	0.000125	0.009143	2142.390728	0.300953	0.300953	11	0	11	3	25	1.645161	0.000000	11	0	62	51	34	5.043297	5.757021	257.208153	0.000000	45324	16.718554	24.174105	256x256	65536	sparse	Otsu	270	11	31	2641	31.323266	0.626657	29.633884	0.994675	0.291810	0.316139	9	3	0.000000	39	2692	31.651020	0.678001	0.994565	29.491201	0.357250	0.290716	3509	31.646530	0.672583	0.995935	31.031102	0.358301	0.278841	0.104152	0.029200	-0.701120	-0.070212	True	0.687767	30.630891	0.556489	29.745681	0.637598	0.358535	0.718382	28.338280	0.999443	7798
7799.png	0.716015	0.564030	0.721252	0.572658	0.973984	0.998606	27.638863	0.996302	28.849821	0.567202	0.556031	0.912283	30.855789	0.571597	2562	5	0	4	14	1.800000	0.000000	50	45	222.438600	6.381557	0.000000	-0.026302	-0.443067	-0.000326	0.000056	-0.009612	2250.157595	0.567202	0.567202	5	0	5	4	14	1.800000	0.000000	5	0	50	45	32	4.943080	6.381557	222.438600	0.000000	45293	17.678767	25.580016	256x256	65536	sparse	Otsu	267	5	29	2492	31.306394	0.626905	28.771488	0.996246	0.576813	0.705948	5	6	0.000000	37	2498	31.584704	0.676262	0.995728	28.284598	0.520495	0.579031	3615	31.747141	0.681953	0.997807	30.900047	0.416280	0.562559	0.078333	-0.149918	-0.450605	-0.055308	True	0.715216	30.862034	0.571644	28.870213	0.757074	0.690666	0.742317	28.081930	0.998932	7799
7800.png	0.655358	0.379405	0.550100	0.382079	0.981889	0.998840	27.679315	0.994542	29.281714	0.338769	0.342014	0.626457	29.956391	0.536408	3471	14	0	8	36	1.650000	0.000000	80	66	322.906638	5.327120	0.000000	-0.048943	-0.973653	-0.000357	-0.000563	0.010132	2841.056108	0.338769	0.338769	14	0	14	8	36	1.650000	0.000000	14	0	80	66	36	4.892525	5.327120	322.906638	0.000000	45644	13.150101	18.881014	256x256	65536	sparse	Otsu	411	14	36	3416	31.197300	0.639489	29.727210	0.995105	0.328636	0.430059	9	5	0.000000	42	3142	31.514410	0.688077	0.995128	29.657783	0.247986	0.320281	586	30.364992	0.540096	0.992221	27.762691	0.478997	0.346502	-0.445495	-0.088045	-1.240909	-0.103082	True	0.657143	29.961995	0.536414	29.288307	0.692721	0.433960	0.704301	28.652967	0.999197	7800
7801.png	0.567119	0.365492	0.535326	0.387142	0.867296	0.996847	20.554951	0.995532	29.032689	0.426689	0.399504	0.509176	29.410851	0.529508	2586	8	0	1	17	1.703704	0.000000	54	46	230.379726	5.843392	0.000000	-0.059466	-7.319368	-0.002546	0.000288	0.042197	2048.266888	0.426689	0.426689	8	0	8	1	17	1.703704	0.000000	8	0	54	46	36	5.008255	5.843392	230.379726	0.000000	46045	17.805491	25.342614	256x256	65536	sparse	Otsu	270	8	27	2510	30.642541	0.601088	28.741684	0.995245	0.384492	0.471535	9	3	0.000000	31	2572	30.874600	0.652779	0.994474	28.119419	0.548096	0.385825	3685	31.086236	0.659004	0.996624	30.172491	0.346230	0.381920	0.291006	-0.072030	-1.231690	-0.071580	True	0.564629	29.412106	0.529523	29.041771	0.682729	0.347630	0.626585	27.874319	0.999394	7801
7802.png	0.627737	0.320578	0.485512	0.323814	0.969775	0.998795	27.072875	0.992443	29.427162	0.289414	0.405479	0.546073	29.799943	0.539643	4272	14	1	10	37	1.747573	0.071429	103	90	394.078210	5.125969	0.000000	-0.070685	-1.957762	-0.000579	-0.001313	0.005653	4557.682753	0.289414	0.289414	14	1	13	10	37	1.747573	0.071429	14	1	103	90	56	4.378647	5.125969	394.078210	0.000000	45620	10.678839	15.340824	256x256	65536	sparse	Otsu	557	14	43	4196	31.443564	0.662611	30.354439	0.993756	0.283761	0.383463	11	9	0.000000	46	3912	31.822410	0.722859	0.993441	30.216569	0.284474	0.279481	471	30.257011	0.541152	0.988283	27.186311	0.400362	0.291444	-0.927276	0.022017	-1.643620	-0.122968	True	0.630480	29.805516	0.539678	29.426391	0.653544	0.356883	0.698422	29.030637	0.999374	7802
7803.png	0.686357	0.473232	0.642440	0.482662	0.960349	0.999179	27.243774	0.996994	28.622442	0.451433	0.462056	0.806830	30.916214	0.564542	2225	5	0	0	10	1.722222	0.000000	36	31	176.923882	5.668234	0.000000	-0.010634	-0.254610	-0.000259	0.000196	-0.009585	1829.688787	0.451433	0.451433	5	0	5	0	10	1.722222	0.000000	5	0	36	31	26	5.707222	5.668234	176.923882	0.000000	45412	20.409888	29.454382	256x256	65536	sparse	Otsu	249	5	26	2206	31.084061	0.610405	28.260089	0.996798	0.461018	0.526688	5	2	0.000000	33	2224	31.405955	0.654635	0.996333	27.868040	0.501424	0.444533	4042	31.842049	0.694455	0.998144	30.930678	0.326014	0.450895	0.362353	-0.064632	-0.167847	-0.045863	True	0.685875	30.919144	0.564564	28.629507	0.662098	0.534201	0.696991	27.498384	0.999438	7803
7804.png	0.659389	0.319695	0.484498	0.326668	0.937407	0.998934	26.912365	0.994594	29.368933	0.323688	0.407458	0.530704	30.456118	0.549135	3096	12	2	11	32	1.784946	0.166667	93	83	347.735065	4.691181	0.000000	-0.044576	-1.697931	-0.000428	-0.000349	-0.008101	2275.002718	0.323688	0.323688	12	2	10	11	32	1.784946	0.166667	12	2	93	83	50	4.189579	4.691181	347.735065	0.000000	45559	14.715439	21.167959	256x256	65536	sparse	Otsu	321	12	33	3045	31.227657	0.633403	29.748348	0.994942	0.331789	0.565815	7	6	0.000000	40	2900	31.552502	0.681740	0.994695	29.581195	0.281974	0.315722	651	30.515066	0.551444	0.992440	27.974481	0.488291	0.336000	-0.379415	-0.158358	-0.771538	-0.084268	True	0.661765	30.463499	0.549172	29.379367	0.663784	0.352273	0.703964	28.610296	0.999362	7804
7805.png	0.603746	0.533695	0.695960	0.575810	0.879474	0.997315	26.441742	0.996610	29.569337	0.456537	0.550671	0.625787	31.064885	0.579248	2311	5	0	4	14	1.795918	0.000000	49	44	226.066017	5.968741	0.000000	-0.006407	-2.248783	-0.001060	0.000192	0.010398	1957.059145	0.456537	0.456537	5	0	5	4	14	1.795918	0.000000	5	0	49	44	31	5.137864	5.968741	226.066017	0.000000	45099	19.514929	28.358286	256x256	65536	sparse	Otsu	251	5	28	2266	31.419902	0.625030	29.241979	0.996419	0.446138	0.593430	7	5	0.000000	36	2276	31.677730	0.670855	0.995828	28.712280	0.336792	0.426689	4111	32.134186	0.706199	0.997793	31.549703	0.198896	0.438443	0.327358	-0.042759	-0.355018	-0.045782	True	0.606210	31.067619	0.579266	29.575525	0.717478	0.448989	0.610153	28.690525	0.998375	7805
7806.png	0.422376	0.200657	0.334246	0.202479	0.957096	0.999113	27.619146	0.991286	29.464729	0.150713	0.323214	0.319747	29.312030	0.527090	4838	25	3	12	60	1.702703	0.120000	148	126	526.374675	4.391809	0.000000	-0.033549	-1.564970	-0.000449	-0.001813	0.010748	4235.063791	0.150713	0.150713	25	3	22	12	60	1.702703	0.120000	25	3	148	126	76	4.177577	4.391809	526.374675	0.000000	45696	9.445225	13.546093	256x256	65536	sparse	Otsu	572	25	48	4731	31.470394	0.670542	30.624275	0.993098	0.139965	0.217651	11	0	0.220000	49	4464	31.968933	0.736896	0.993438	30.775715	0.249238	0.132286	402	30.073821	0.530187	0.987319	27.073529	0.292285	0.161785	-1.159546	0.105563	-2.158364	-0.143452	True	0.423270	29.316380	0.527122	29.462573	0.578527	0.184982	0.455925	29.184116	0.999562	7806
7807.png	0.542918	0.666562	0.799925	0.681308	0.968551	0.997937	28.765050	0.996045	29.259113	0.436289	0.591801	0.501123	31.306254	0.592210	2468	5	0	4	14	1.821429	0.000000	56	51	255.865007	5.552084	0.000000	-0.020505	0.065826	-0.000100	0.000264	-0.013247	1761.381149	0.436289	0.436289	5	0	5	4	14	1.821429	0.000000	5	0	56	51	38	5.016961	5.552084	255.865007	0.000000	44988	18.228525	26.554295	256x256	65536	sparse	Otsu	273	5	30	2362	31.699712	0.639592	28.986387	0.995781	0.449535	0.355964	14	4	0.000000	40	2310	31.962797	0.678284	0.995594	28.990119	0.298827	0.406340	3594	32.107597	0.692762	0.997379	31.106736	0.228948	0.424728	0.272726	0.235837	-0.393458	-0.047382	True	0.542257	31.313658	0.592278	29.274524	0.682729	0.342131	0.563423	28.699223	0.998036	7807
7808.png	0.760284	0.362974	0.532621	0.369022	0.956800	0.999227	26.621557	0.996748	28.817250	0.372086	0.292285	0.810990	30.133165	0.533063	2849	14	0	3	31	1.605634	0.000000	71	57	262.379726	4.787180	0.000000	-0.033516	-0.873872	-0.000278	-0.000120	-0.000998	1787.696838	0.372086	0.372086	14	0	14	3	31	1.605634	0.000000	14	0	71	57	37	4.603153	4.787180	262.379726	0.000000	45863	16.097929	23.003159	256x256	65536	sparse	Otsu	282	14	30	2837	30.826866	0.613841	28.829888	0.996868	0.373084	0.449618	7	3	0.000000	33	2606	31.067891	0.658875	0.996649	28.369069	0.484869	0.370745	2990	30.992326	0.627587	0.997425	29.881110	0.409922	0.374808	-0.012638	-0.157333	-0.693701	-0.080777	True	0.760284	30.138764	0.533093	28.833154	0.552465	0.448043	0.793800	27.495429	0.999505	7808
7809.png	0.393052	0.178670	0.303172	0.876011	0.183305	0.987716	15.941713	0.999726	25.866740	0.142356	0.134978	0.433829	28.434781	0.579069	1066	4	0	0	8	1.200000	0.000000	10	6	28.727922	3.598200	0.000000						639.220715	0.142356	0.142356	4	0	4	0	8	1.200000	0.000000	4	0	10	6	2	4.787987	3.598200	28.727922	0.000000	44752	41.981238	61.478424	256x256	65536	sparse	Frangi	134	4												26	990	31.757506	0.636902	0.999727	26.039051	0.623436	0.192575												True	0.397243	28.439754	0.579093	25.867490	0.741278	0.321588				7809
7810.png	0.540287	0.424672	0.596168	0.434713	0.948417	0.998503	28.113914	0.993462	29.379385	0.312532	0.476647	0.638484	30.366107	0.564072	3489	8	0	6	22	1.764706	0.000000	68	60	287.036580	5.820610	0.000000	-0.040592	-0.976009	-0.000425	-0.000764	0.009583	3608.989716	0.312532	0.312532	8	0	8	6	22	1.764706	0.000000	8	0	68	60	40	4.783943	5.820610	287.036580	0.000000	45204	12.956148	18.783606	256x256	65536	sparse	Otsu	472	8	39	3444	31.703057	0.657350	29.994442	0.994226	0.302949	0.252176	17	4	0.000000	43	3122	31.983360	0.699832	0.994325	29.946197	0.221907	0.284453	575	30.834311	0.566858	0.990957	28.069214	0.426884	0.285906	-0.615057	0.224471	-1.336950	-0.093278	True	0.540247	30.367548	0.564086	29.380334	0.698806	0.446176	0.580878	29.089923	0.998928	7810
7811.png	0.632058	0.499265	0.666013	0.513800	0.946379	0.998015	24.087009	0.996718	29.712958	0.464487	0.472708	0.546578	31.459190	0.610437	2156	5	0	1	11	1.743590	0.000000	39	34	181.923882	5.769512	0.000000	-0.024231	-4.802730	-0.001083	0.000148	0.032585	1839.056015	0.464487	0.464487	5	0	5	1	11	1.743590	0.000000	5	0	39	34	27	5.350702	5.769512	181.923882	0.000000	44528	20.653061	30.397032	256x256	65536	sparse	Otsu	240	5	29	2081	32.051772	0.645450	29.686842	0.996570	0.431902	0.380091	11	4	0.000000	40	1980	32.302776	0.679695	0.996123	29.286330	0.534998	0.425241	4393	32.844976	0.737231	0.998037	32.017245	0.294607	0.438123	0.026116	0.092617	-0.592583	-0.035014	True	0.633880	31.462783	0.610461	29.717257	0.617107	0.337297	0.656289	28.889739	0.999099	7811
7812.png	0.511166	0.396483	0.567831	0.418036	0.884924	0.998130	23.866756	0.996747	29.059031	0.292611	0.324634	0.427024	30.655631	0.559692	2136	8	0	3	19	1.619048	0.000000	42	34	170.124892	5.527235	0.000000	-0.055089	-4.018232	-0.001273	0.000186	0.000108	1590.440989	0.292611	0.292611	8	0	8	3	19	1.619048	0.000000	8	0	42	34	20	5.003673	5.527235	170.124892	0.000000	45260	21.189139	30.681648	256x256	65536	sparse	Otsu	223	8	27	2113	31.276907	0.609753	28.908868	0.996561	0.292503	0.210506	11	0	0.812500	34	2086	31.532271	0.652073	0.996092	28.759045	0.353813	0.281998	4296	32.044009	0.706640	0.997761	31.438462	0.184538	0.304312	0.150163	0.114127	-0.621277	-0.050061	True	0.509917	30.660166	0.559742	29.063002	0.539757	0.230489	0.566255	27.884988	0.999403	7812
7813.png	0.513688	0.318230	0.482814	0.321859	0.965784	0.998774	28.196301	0.993534	29.527286	0.219407	0.329680	0.474255	29.090175	0.522593	4269	21	0	8	50	1.647059	0.000000	119	98	451.190909	4.331862	0.000000	-0.080577	-1.104362	-0.000331	-0.001262	-0.008452	3176.748991	0.219407	0.219407	21	0	21	8	50	1.647059	0.000000	21	0	119	98	61	4.603989	4.331862	451.190909	0.000000	45839	10.737643	15.351605	256x256	65536	sparse	Otsu	509	21	43	4257	31.276832	0.655869	30.492031	0.994795	0.227859	0.311917	13	5	0.000000	44	3978	31.652392	0.715601	0.994839	30.399239	0.173326	0.224411	472	30.166200	0.527335	0.990685	27.740487	0.389412	0.218716	-0.964746	0.017763	-2.186657	-0.133276	True	0.513151	29.094666	0.522615	29.527326	0.670441	0.317960	0.594265	29.300663	0.999104	7813
7814.png	0.583503	0.339394	0.506787	0.341463	0.982456	0.999560	27.875563	0.997204	29.478859	0.245046	0.374303	0.547588	31.060797	0.569404	2591	9	0	1	19	1.684211	0.000000	57	48	232.651804	4.621605	0.000000	-0.001174	0.222075	-0.000052	-0.000076	-0.006479	1997.837782	0.245046	0.245046	9	0	9	1	19	1.684211	0.000000	9	0	57	48	37	4.846913	4.621605	232.651804	0.000000	45252	17.465071	25.293709	256x256	65536	sparse	Otsu	305	9	31	2502	31.491842	0.627514	29.252162	0.997280	0.251524	0.263403	7	1	0.388889	40	2490	31.840894	0.675365	0.997211	29.408597	0.426502	0.232470	3679	31.920640	0.685543	0.998043	31.442770	0.342953	0.243902	0.226698	0.110900	-0.431045	-0.058110	True	0.585540	31.064838	0.569449	29.488184	0.503415	0.275664	0.584677	27.653488	0.999612	7814
7815.png	0.692752	0.537512	0.699197	0.546860	0.969178	0.998794	26.676657	0.997328	28.606427	0.473752	0.548870	0.662443	30.759815	0.565817	2522	5	0	3	13	1.795918	0.000000	49	44	218.024387	6.447587	0.000000	-0.002313	-0.824273	-0.000313	0.000241	-0.004787	1840.551376	0.473752	0.473752	5	0	5	3	13	1.795918	0.000000	5	0	49	44	33	4.955100	6.447587	218.024387	0.000000	45618	18.088025	25.985726	256x256	65536	sparse	Otsu	262	5	28	2521	31.125384	0.622980	28.254645	0.997086	0.478539	0.464739	8	5	0.000000	34	2516	31.387220	0.670555	0.996864	27.953106	0.489022	0.472908	3618	31.592083	0.673211	0.998063	30.192765	0.483149	0.478706	0.351782	0.084132	-0.365569	-0.057162	True	0.700837	30.764934	0.565846	28.617945	0.645129	0.427361	0.695065	27.500929	0.999107	7815
7816.png	0.550453	0.226138	0.368862	0.230194	0.927711	0.998467	23.318108	0.992644	28.980527	0.227546	0.336000	0.409749	28.875690	0.515312	4405	19	2	12	48	1.706897	0.105263	116	99	426.918831	4.481482	0.000000	-0.105576	-5.545456	-0.001156	-0.001465	-0.005296	4214.189291	0.227546	0.227546	19	2	17	12	48	1.706897	0.105263	19	1	116	99	56	4.312311	4.481482	426.918831	0.000000	45989	10.440182	14.877639	256x256	65536	sparse	Otsu	533	19	43	4365	31.130332	0.653715	30.169978	0.994110	0.232842	0.345338	11	5	0.000000	46	4298	31.640313	0.726747	0.994421	30.252130	0.273851	0.215880	470	29.934036	0.519981	0.989539	27.258101	0.426884	0.234884	-1.189452	-0.009338	-2.254643	-0.138404	True	0.551813	28.881614	0.515357	28.985950	0.630277	0.258255	0.656028	28.863564	0.999623	7816
7817.png	0.630560	0.374521	0.544948	0.384969	0.932432	0.998081	19.993569	0.997083	28.582152	0.318403	0.322327	0.394929	29.481450	0.543843	2712	11	0	3	25	1.639344	0.000000	61	50	237.793939	5.191133	0.000000	-0.062919	-7.492744	-0.001472	-0.000043	0.004390	1972.827673	0.318403	0.318403	11	0	11	3	25	1.639344	0.000000	11	0	61	50	33	4.755879	5.191133	237.793939	0.000000	45848	16.905605	24.165192	256x256	65536	sparse	Otsu	264	11	29	2666	30.936910	0.614893	28.718361	0.997126	0.314013	0.438232	6	0	0.772727	36	2640	31.282928	0.666982	0.997123	28.564641	0.503415	0.309653	3529	31.358150	0.658535	0.997847	30.494411	0.454835	0.305246	-0.136210	-0.115905	-1.455459	-0.071050	True	0.631277	29.485931	0.543881	28.597131	0.615188	0.242956	0.693478	27.486313	0.999553	7817
7818.png	0.396608	0.419847	0.591398	0.882353	0.444744	0.994057	18.515334	0.999461	26.655160	0.812903	0.298827	0.677547	29.277978	0.529210	1457	4	0	1	9	1.636364	0.000000	22	18	76.112698	3.924718	0.000000	-0.304956	-8.222388	-0.004884	0.000073	0.344833	1026.573181	0.812903	0.812903	4	0	4	1	9	1.636364	0.000000	4	0	22	18	12	4.228483	3.924718	76.112698	0.000000	45638	31.323267	44.980096	256x256	65536	sparse	Frangi	170	4	16	1403	30.655936	0.556400	26.015808	0.999388	0.468070	0.686514	4	4	0.000000	26	1416	30.852976	0.604522	0.999393	26.264957	0.472708	0.506301								0.639352	-0.387687	-1.377957	-0.027190	True	0.397260	29.276782	0.529218	26.651097	0.571729	0.387374	0.701564	26.737721	0.998941	7818
7819.png	0.651938	0.297133	0.458138	0.302923	0.939560	0.998391	23.118871	0.995882	29.305759	0.284015	0.315161	0.649520	30.008937	0.553616	2948	14	0	4	32	1.616438	0.000000	73	59	284.965512	4.859772	0.000000	-0.039876	-5.017544	-0.001215	-0.000360	-0.002283	2161.231995	0.284015	0.284015	14	0	14	4	32	1.616438	0.000000	14	0	73	59	37	4.829924	4.859772	284.965512	0.000000	45422	15.407734	22.230665	256x256	65536	sparse	Otsu	319	14	33	2897	31.395179	0.635982	29.688239	0.996243	0.286299	0.508356	6	4	0.000000	41	2736	31.700615	0.680032	0.996188	29.549188	0.488291	0.275862	3081	31.508045	0.654626	0.996668	30.522244	0.313398	0.289965	-0.382480	-0.193195	-1.386242	-0.082366	True	0.652950	30.014273	0.553641	29.307393	0.626561	0.406964	0.691814	28.136415	0.999606	7819
7820.png	0.353754	0.250520	0.400666	0.880488	0.259339	0.989918	16.452841	0.999650	28.879352	0.132789	0.295312	0.668867	29.180350	0.570245	964	2	0	1	5	1.636364	0.000000	11	9	36.727922	4.722148	0.000000						779.876947	0.132789	0.132789	2	0	2	1	5	1.636364	0.000000	2	0	11	9	5	4.080880	4.722148	36.727922	0.000000	44712	46.381743	67.983402	256x256	65536	sparse	Frangi	138	2												24	928	31.670244	0.622969	0.999484	27.104626	0.717761	0.257364												True	0.353659	29.183609	0.570273	28.876611	0.698806	0.467408				7820
7821.png	0.527660	0.199156	0.332161	0.199743	0.985481	0.999351	28.736066	0.990523	29.642700	0.207334	0.330845	0.656956	29.298631	0.523322	4926	23	1	14	59	1.669173	0.043478	133	111	499.232539	4.750042	0.000000	-0.084797	-0.880544	-0.000150	-0.002074	-0.016275	4993.891954	0.207334	0.207334	23	1	22	14	59	1.669173	0.043478	23	1	133	111	60	4.497590	4.750042	499.232539	0.000000	45664	9.269996	13.304101	256x256	65536	sparse	Otsu	633	23	49	4912	31.529756	0.672829	30.923942	0.992597	0.223609	0.225977	26	16	0.000000	50	4554	32.055332	0.736871	0.992708	30.973674	0.079868	0.178363	402	30.246689	0.528302	0.986494	28.071013	0.333499	0.216603	-1.281242	0.104868	-2.231125	-0.149507	True	0.525197	29.296050	0.523322	29.640154	0.499426	0.328101	0.612457	29.616611	0.999502	7821
7822.png	0.344606	0.299754	0.461248	0.867299	0.314163	0.989428	13.574523	0.999595	26.861085	0.196607	0.181269	0.572643	28.099196	0.586865	1040	2	0	0	4	1.555556	0.000000	9	7	31.142136	3.605178	0.000000						713.296652	0.196607	0.196607	2	0	2	0	4	1.555556	0.000000	3	0	9	7	5	4.448877	3.605178	31.142136	0.000000	44591	42.875962	63.015385	256x256	65536	sparse	Frangi	145	3												27	930	31.887025	0.634576	0.999569	26.536115	0.272236	0.311637												True	0.345626	28.104239	0.586907	26.862682	0.617107	0.353382				7822
7823.png	0.448048	0.319524	0.484302	0.472814	0.496363	0.992463	17.656577	0.997207	28.890076	0.278637	0.264104	0.838700	28.494089	0.527286	2085	9	0	3	21	1.581395	0.000000	43	34	148.882251	4.977640	0.000000	-0.243228	-10.098647	-0.006281	0.000004	0.030954	1642.690182	0.278637	0.278637	9	0	9	3	21	1.581395	0.000000	9	0	43	34	19	4.378890	4.977640	148.882251	0.000000	45584	21.862830	31.432134	256x256	65536	sparse	Frangi	232	9	25	2057	30.957322	0.598260	29.124978	0.997203	0.247683	0.691695	6	13	0.000000	30	1916	31.108757	0.632257	0.996631	28.618267	0.232611	0.258382	4264	31.719580	0.697866	0.998101	31.167761	0.201995	0.247237	-0.234902	-0.427591	-2.463233	-0.070974	True	0.448892	28.495471	0.527313	28.887532	0.604656	0.507125	0.691275	27.755223	0.998743	7823
7824.png	0.717283	0.283051	0.441215	0.283531	0.994048	0.999682	28.610517	0.996606	29.916200	0.293203	0.354674	0.697956	30.926306	0.560961	2427	10	0	3	23	1.677419	0.000000	62	52	247.521861	4.736910	0.000000	-0.000459	0.664440	0.000036	0.000238	0.001140	1742.244005	0.293203	0.293203	10	0	10	3	23	1.677419	0.000000	10	0	62	52	36	4.760036	4.736910	247.521861	0.000000	45236	18.638649	27.002884	256x256	65536	sparse	Otsu	270	10	28	2381	31.292588	0.617909	29.557212	0.996368	0.292062	0.401503	6	1	0.300000	37	2426	31.638232	0.668740	0.996280	29.311989	0.437858	0.275628	3883	31.883909	0.691854	0.997377	31.288570	0.366910	0.285375	0.358987	-0.046829	-0.366282	-0.056948	True	0.719000	30.925660	0.560976	29.920019	0.520495	0.363282	0.717742	27.946077	0.999646	7824
7825.png	0.524357	0.169596	0.290008	0.173005	0.895918	0.998642	24.201647	0.992005	29.367405	0.204097	0.303485	0.459178	29.321599	0.523064	4123	24	3	11	57	1.671875	0.125000	128	107	460.534055	4.178441	0.000000	-0.154586	-4.961645	-0.000967	-0.001468	0.004562	3031.520844	0.204097	0.204097	24	3	21	11	57	1.671875	0.125000	24	3	128	107	60	4.304057	4.178441	460.534055	0.000000	45669	11.076643	15.895222	256x256	65536	sparse	Otsu	442	24	42	4098	31.317945	0.653635	30.590515	0.993474	0.199535	0.379978	10	3	0.708333	44	4088	31.742109	0.719079	0.993447	30.500184	0.181269	0.177825	474	30.254857	0.532316	0.989800	28.445652	0.557361	0.214879	-1.223110	-0.076492	-1.996346	-0.130571	True	0.525389	29.327080	0.523088	29.374919	0.591392	0.271554	0.678943	29.163292	0.999609	7825
7826.png	0.679389	0.381834	0.552648	0.393041	0.930516	0.998635	26.069492	0.996032	29.079801	0.365246	0.363646	0.701536	30.043717	0.531307	2720	10	0	2	22	1.672131	0.000000	61	51	249.551299	5.431313	0.000000	-0.047883	-2.049227	-0.000627	-0.000011	-0.009978	2061.677217	0.365246	0.365246	10	0	10	2	22	1.672131	0.000000	10	0	61	51	37	4.893163	5.431313	249.551299	0.000000	45839	16.852574	24.094118	256x256	65536	sparse	Otsu	281	10	29	2676	30.792152	0.607298	29.090305	0.996044	0.375224	0.532334	7	7	0.000000	33	2554	31.065737	0.653319	0.995513	28.628496	0.464739	0.353502	3554	31.193093	0.655305	0.996816	30.148718	0.295726	0.373214	-0.010504	-0.168688	-0.748435	-0.075992	True	0.677255	30.044611	0.531313	29.079413	0.703290	0.493383	0.727273	28.118719	0.999262	7826
7827.png	0.668547	0.407314	0.578853	0.414517	0.959079	0.998950	26.000729	0.997043	28.819802	0.427997	0.436357	0.781752	31.240535	0.593129	2354	6	0	1	13	1.739130	0.000000	46	40	193.752309	5.734352	0.000000	-0.037920	-1.623439	-0.000533	0.000045	-0.009116	1864.054441	0.427997	0.427997	6	0	6	1	13	1.739130	0.000000	6	0	46	40	32	4.843808	5.734352	193.752309	0.000000	44902	19.074766	27.840272	256x256	65536	sparse	Otsu	250	6	29	2293	31.694602	0.639301	28.776228	0.996997	0.437113	0.500093	6	0	1.000000	40	2274	32.037541	0.680837	0.997006	28.825972	0.299994	0.432067	3901	32.297368	0.706490	0.998303	31.465955	0.401140	0.423414	0.043573	-0.063737	-0.454068	-0.046172	True	0.668076	31.243638	0.593182	28.821043	0.575142	0.449618	0.706468	27.624168	0.999483	7827
7828.png	0.619048	0.419806	0.591356	0.424187	0.975989	0.999097	26.904815	0.996287	29.062347	0.332722	0.455289	0.483332	30.618471	0.556707	2715	8	0	2	18	1.750000	0.000000	64	56	267.722871	5.042769	0.000000	-0.028348	-0.892376	-0.000238	0.000154	-0.018588	2095.718145	0.332722	0.332722	8	0	8	2	18	1.750000	0.000000	8	0	64	56	44	4.780766	5.042769	267.722871	0.000000	45552	16.777901	24.138490	256x256	65536	sparse	Otsu	304	8	30	2623	31.157870	0.623351	28.896716	0.996133	0.351310	0.302324	13	6	0.000000	37	2660	31.480437	0.672875	0.995849	28.654703	0.360243	0.326313	3520	31.523668	0.667338	0.997087	30.318585	0.235272	0.338921	0.165631	0.152965	-0.539399	-0.066644	True	0.616967	30.622899	0.556719	29.071921	0.591801	0.286036	0.647395	27.797191	0.999335	7828
7829.png	0.415266	0.435177	0.606443	0.920422	0.452190	0.989132	17.408851	0.999219	27.500760	0.855059	0.390429	0.597242	28.573004	0.558035	1642	4	0	2	10	1.692308	0.000000	26	22	108.254834	4.516657	0.000000	-0.390385	-9.710444	-0.008957	0.000081	0.400261	1216.144562	0.855059	0.855059	4	0	4	2	10	1.692308	0.000000	4	0	26	22	14	4.920674	4.516657	108.254834	0.000000	45275	27.573082	39.912302	256x256	65536	sparse	Frangi	188	4	19	1635	30.957123	0.596764	26.838058	0.999138	0.454798	0.681245	6	13	0.000000	30	1562	31.372299	0.639901	0.999130	26.994350	0.796074	0.450228	5556	32.590559	0.752739	0.999745	32.053530	0.599301	0.444965	0.662702	-0.290816	-2.384119	-0.038729	True	0.417985	28.578053	0.558068	27.508749	0.727468	0.434475	0.805651	27.119296	0.998090	7829
7830.png	0.530882	0.322292	0.487474	0.327719	0.951122	0.999106	28.008541	0.994883	29.884378	0.222497	0.372150	0.384694	31.059859	0.579657	2771	11	0	4	26	1.681159	0.000000	69	58	275.651804	5.387640	0.000000	-0.014095	-0.739848	-0.000315	-0.000324	-0.001965	1913.113117	0.222497	0.222497	11	0	11	4	26	1.681159	0.000000	11	0	69	58	39	4.752617	5.387640	275.651804	0.000000	44924	16.212198	23.650668	256x256	65536	sparse	Otsu	291	11	33	2700	31.722405	0.642834	30.106731	0.995207	0.224462	0.208110	12	2	0.000000	42	2668	32.046891	0.693005	0.994874	29.798755	0.217854	0.199613	3302	31.987178	0.680704	0.995933	31.164717	0.131469	0.225228	-0.222353	0.164040	-0.662546	-0.063177	True	0.531273	31.063184	0.579691	29.891721	0.591801	0.227662	0.544978	28.748390	0.999422	7830
7831.png	0.597041	0.399461	0.570878	0.401793	0.985678	0.998373	28.723592	0.992492	29.526100	0.309270	0.328891	0.560357	29.465709	0.529810	3773	17	0	8	42	1.653061	0.000000	98	81	368.806133	5.381810	0.000000	-0.067252	-0.566084	-0.000247	-0.000798	-0.013089	3165.990353	0.309270	0.309270	17	0	17	8	42	1.653061	0.000000	17	0	98	81	48	4.553162	5.381810	368.806133	0.000000	45698	12.111847	17.369732	256x256	65536	sparse	Otsu	414	17	38	3699	31.198427	0.644317	30.115848	0.993291	0.322359	0.533268	10	15	0.000000	42	3540	31.532010	0.701888	0.992695	29.835499	0.071578	0.344682	532	30.282984	0.533254	0.988925	28.075128	0.516482	0.335277	-0.589748	-0.204377	-1.732718	-0.114507	True	0.598782	29.472102	0.529842	29.530219	0.726102	0.406877	0.664292	29.289676	0.998620	7831
7832.png	0.373954	0.332825	0.499428	0.711957	0.384615	0.992031	19.100976	0.999063	29.328388	0.572038	0.235529	0.811107	30.146544	0.591611	1493	7	1	3	15	1.647059	0.142857	34	28	103.325902	3.279885	0.000000	-0.263812	-9.098431	-0.006330	0.000269	0.182207	1104.583025	0.572038	0.572038	7	1	6	3	15	1.647059	0.142857	7	1	34	28	16	3.690211	3.279885	103.325902	0.000000	44473	29.787676	43.895512	256x256	65536	sparse	Frangi	175	7	19	1428	31.773286	0.618036	28.184190	0.998794	0.389831	0.395488	12	8	0.000000	33	1476	32.085551	0.655215	0.998764	28.382184	0.171267	0.384198								1.144198	-0.159959	-1.626742	-0.026425	True	0.373626	30.147916	0.591635	29.325373	0.587973	0.476909	0.637766	28.199407	0.998360	7832
7834.png	0.331295	0.260377	0.413174	0.506939	0.348681	0.992867	17.926777	0.998583	28.911285	0.424809	0.304645	0.521874	28.833524	0.533292	1649	6	0	2	14	1.586207	0.000000	29	23	116.669048	4.101973	0.000000	-0.293705	-9.707820	-0.006101	0.000180	0.122680	1169.560194	0.424809	0.424809	6	0	6	2	14	1.586207	0.000000	6	0	29	23	13	5.072567	4.101973	116.669048	0.000000	45472	27.575500	39.742874	256x256	65536	sparse	Frangi	187	6	19	1600	30.652176	0.574148	28.292866	0.998404	0.302130	0.321379	13	3	0.000000	27	1494	31.066406	0.615594	0.998436	28.096867	0.298827	0.293367	5711	32.344160	0.752227	0.999169	31.809992	0.264104	0.288035	0.618419	-0.016733	-1.818653	-0.040855	True	0.330275	28.834037	0.533317	28.909933	0.744619	0.388598	0.625000	27.634597	0.998968	7834
7835.png	0.523745	0.366697	0.536618	0.381268	0.905618	0.997437	22.034669	0.994290	29.747969	0.282438	0.517126	0.468190	30.417713	0.566367	2315	5	0	3	13	1.777778	0.000000	45	40	208.480231	6.686371	0.000000	-0.052298	-6.434102	-0.001975	0.000621	0.016761	1867.140770	0.282438	0.282438	5	0	5	3	13	1.777778	0.000000	5	0	45	40	29	5.212006	6.686371	208.480231	0.000000	45256	19.549028	28.309287	256x256	65536	sparse	Otsu	254	5	28	2283	31.373941	0.620068	29.517564	0.993669	0.265677	0.295312	12	1	0.000000	34	2122	31.566951	0.656913	0.993450	29.033813	0.298508	0.253731	3841	31.907873	0.692652	0.995763	31.111322	0.226742	0.280994	0.230405	0.221814	-0.956227	-0.053701	True	0.526102	30.419803	0.566397	29.757105	0.632121	0.295952	0.576043	28.468771	0.999413	7835
7836.png	0.695341	0.474459	0.643571	0.496068	0.915910	0.998345	25.688359	0.996983	28.950961	0.539719	0.568289	0.813789	30.979721	0.583278	2549	5	0	2	13	1.814815	0.000000	54	49	235.480231	5.826667	0.000000	-0.021008	-2.313206	-0.000964	0.000068	0.017336	1970.275879	0.539719	0.539719	5	0	5	2	13	1.814815	0.000000	5	0	54	49	39	4.805719	5.826667	235.480231	0.000000	45168	17.719890	25.710475	256x256	65536	sparse	Otsu	283	5	30	2527	31.486345	0.638336	28.913666	0.996916	0.522383	0.516885	8	2	0.000000	38	2378	31.752602	0.676969	0.996765	28.702096	0.644181	0.495475	3671	31.961742	0.692035	0.998028	30.998993	0.421717	0.510968	0.037295	0.051405	-0.506624	-0.055058	True	0.695541	30.985701	0.583324	28.951770	0.667129	0.542902	0.716349	28.001564	0.999309	7836
7837.png	0.674953	0.399941	0.571368	0.402196	0.986172	0.999435	27.523295	0.995656	28.568218	0.383481	0.423874	0.685684	30.204967	0.534605	2533	7	0	3	17	1.735849	0.000000	53	46	225.350288	6.459673	0.000000	-0.006224	0.152766	-0.000034	0.000151	-0.021323	2016.420364	0.383481	0.383481	7	0	7	3	17	1.735849	0.000000	7	0	53	46	33	4.898919	6.459673	225.350288	0.000000	45922	18.129491	25.872878	256x256	65536	sparse	Otsu	247	7	27	2459	30.690585	0.599190	28.362995	0.995506	0.404804	0.455289	8	7	0.000000	31	2318	30.914412	0.641866	0.994758	27.901610	0.508356	0.370920	3549	31.136718	0.653215	0.997164	30.138646	0.297950	0.384456	0.205223	-0.031415	-0.485618	-0.064584	True	0.676885	30.207767	0.534627	28.569706	0.559568	0.383687	0.681177	27.370529	0.999469	7837
7838.png	0.508879	0.281156	0.438909	0.285840	0.944928	0.998280	25.833487	0.992936	29.200493	0.210030	0.341491	0.358770	29.724635	0.538004	3898	18	1	8	43	1.709402	0.055556	117	100	404.977705	4.609108	0.000000	-0.068707	-2.918578	-0.000762	-0.001226	0.002430	2813.704252	0.210030	0.210030	18	1	17	8	43	1.709402	0.055556	18	1	117	100	66	4.049777	4.609108	404.977705	0.000000	45687	11.720626	16.812724	256x256	65536	sparse	Otsu	428	18	40	3780	31.373774	0.652276	30.209313	0.994162	0.207600	0.251237	15	1	0.916667	44	3694	31.729731	0.711107	0.994269	30.138834	0.247986	0.196006	536	30.398259	0.542325	0.990491	27.906055	0.483149	0.219766	-1.008820	0.090254	-1.649139	-0.114272	True	0.507956	29.732582	0.538044	29.209265	0.663784	0.238146	0.577586	28.752065	0.999042	7838
7839.png	0.579692	0.507738	0.673509	0.521575	0.950345	0.997998	24.767634	0.996705	29.413750	0.419562	0.399504	0.411340	31.342774	0.598588	2140	6	0	2	14	1.684211	0.000000	38	32	168.539105	5.828358	0.000000	-0.007769	-3.447762	-0.000811	0.000310	0.038256	1759.815216	0.419562	0.419562	6	0	6	2	14	1.684211	0.000000	6	0	38	32	22	5.266847	5.828358	168.539105	0.000000	44749	20.910748	30.624299	256x256	65536	sparse	Otsu	232	6	27	1966	31.805813	0.631950	29.146176	0.996395	0.381306	0.318240	13	5	0.000000	39	2108	32.102664	0.676963	0.996284	29.088720	0.391260	0.386439	4103	32.488109	0.718163	0.997860	31.626236	0.254452	0.369396	0.267574	0.081265	-0.463039	-0.033362	True	0.583026	31.349870	0.598634	29.415172	0.543424	0.223532	0.587461	28.215396	0.998809	7839
7840.png	0.494717	0.195438	0.326973	0.196666	0.969048	0.999440	28.208693	0.993294	30.121945	0.143698	0.326095	0.374913	30.507701	0.577676	3565	15	0	5	35	1.629630	0.000000	81	66	316.622366	5.006118	0.000000	-0.057829	-0.751621	-0.000202	-0.001117	0.000427	3220.169544	0.143698	0.143698	15	0	15	5	35	1.629630	0.000000	15	0	81	66	41	4.797309	5.006118	316.622366	0.000000	44784	12.562132	18.383170	256x256	65536	sparse	Otsu	452	15	41	3514	32.118649	0.672031	31.034065	0.994410	0.143271	0.190152	11	0	0.866667	50	3378	32.546308	0.723051	0.994667	31.232699	0.182633	0.136990	598	31.288334	0.584635	0.991782	29.397855	0.353382	0.145169	-0.912119	0.135943	-1.610949	-0.094356	True	0.493744	30.511333	0.577701	30.127392	0.566126	0.212248	0.552546	28.960315	0.999642	7840
7841.png	0.549674	0.322219	0.487391	0.335963	0.887346	0.998462	26.160284	0.995722	29.885471	0.244964	0.369978	0.555634	31.078862	0.576834	2602	10	0	4	24	1.692308	0.000000	65	55	257.036580	5.768368	0.000000	-0.022581	-2.396745	-0.000909	-0.000017	-0.002644	2056.597948	0.244964	0.244964	10	0	10	4	24	1.692308	0.000000	10	0	65	55	37	4.673392	5.768368	257.036580	0.000000	45046	17.312068	25.186779	256x256	65536	sparse	Otsu	274	10	31	2530	31.623671	0.636665	30.002959	0.995739	0.247608	0.225858	15	0	0.750000	40	2370	31.887437	0.674206	0.995536	29.879515	0.256899	0.220285	3684	32.059304	0.692565	0.996654	31.510541	0.198939	0.255652	-0.117488	0.144120	-0.544809	-0.059831	True	0.549602	31.083378	0.576852	29.898481	0.672085	0.373433	0.572254	28.557029	0.999370	7841
7842.png	0.658573	0.357587	0.526797	0.364706	0.948235	0.998461	27.221060	0.993598	29.235514	0.328443	0.376246	0.639108	29.483496	0.524717	4012	15	2	9	36	1.752381	0.133333	105	92	387.634560	4.834609	0.000000	-0.063949	-1.968212	-0.000689	-0.000856	0.002950	3341.949940	0.328443	0.328443	15	2	13	9	36	1.752381	0.133333	15	1	105	92	60	4.213419	4.834609	387.634560	0.000000	45864	11.431705	16.334995	256x256	65536	sparse	Otsu	471	15	40	3980	31.108458	0.647557	30.004891	0.994454	0.325493	0.325196	15	7	0.000000	42	3980	31.510926	0.713140	0.994149	29.642965	0.075036	0.305148	536	30.050382	0.526595	0.990078	27.543779	0.445673	0.350235	-0.769377	0.051050	-1.624962	-0.122840	True	0.658899	29.486019	0.524726	29.236050	0.587973	0.375778	0.722522	29.189273	0.999149	7842
7843.png	0.709841	0.507154	0.672996	0.537263	0.900494	0.998188	26.471778	0.997898	29.254053	0.532102	0.513248	1.096841	31.715127	0.611548	2301	5	0	1	11	1.772727	0.000000	44	39	201.509668	4.971481	0.000000	-0.034758	-1.699146	-0.000911	0.000103	0.007823	1671.562195	0.532102	0.532102	5	0	5	1	11	1.772727	0.000000	5	0	44	39	32	5.166915	4.971481	201.509668	0.000000	44494	19.336810	28.481530	256x256	65536	sparse	Otsu	270	5	30	2229	32.085534	0.653903	28.942248	0.997795	0.524280	0.675023	5	8	0.000000	42	2220	32.341553	0.692597	0.997718	28.927549	0.538967	0.538366	3866	32.613214	0.717643	0.998738	31.534103	0.383118	0.515464	0.311804	-0.161775	-0.370407	-0.042355	True	0.710744	31.719045	0.611557	29.255824	0.586873	0.643706	0.744600	28.170924	0.999099	7843
7844.png	0.394484	0.320670	0.485618	0.607407	0.404510	0.993394	17.047864	0.998630	28.441076	0.450274	0.247233	0.618995	28.558596	0.502690	1342	5	0	2	12	1.500000	0.000000	20	15	74.284271	4.692676	0.000000	-0.256126	-9.464639	-0.005352	0.000301	0.161221	895.913601	0.450274	0.450274	5	0	5	2	12	1.500000	0.000000	5	0	20	15	6	4.952285	4.692676	74.284271	0.000000	45957	34.245156	48.834575	256x256	65536	sparse	Frangi	152	5	14	1309	30.229590	0.528687	27.137835	0.998329	0.289053	0.381217	10	5	0.000000	21	1246	30.505178	0.572969	0.998410	27.429193	0.279019	0.287570								1.303241	-0.133983	-1.670994	-0.025997	True	0.396614	28.556769	0.502702	28.435417	0.692721	0.428791	0.650610	26.512504	0.998746	7844
7845.png	0.570513	0.528352	0.691401	0.536915	0.970700	0.998464	28.332061	0.995746	29.518015	0.390244	0.541594	0.422804	31.555320	0.609906	2557	5	0	2	12	1.777778	0.000000	45	40	212.367532	6.238884	0.000000	-0.002987	-0.512073	-0.000268	0.000035	0.003051	2066.671848	0.390244	0.390244	5	0	5	2	12	1.777778	0.000000	5	0	45	40	31	5.309188	6.238884	212.367532	0.000000	44652	17.462652	25.630035	256x256	65536	sparse	Otsu	295	5	32	2527	32.028898	0.659460	29.506440	0.995710	0.387193	0.301393	15	2	0.000000	43	2530	32.348716	0.702486	0.995843	29.599170	0.296720	0.379713	3653	32.454968	0.709507	0.997206	31.386289	0.208299	0.386432	0.011575	0.240201	-0.473578	-0.049554	True	0.570232	31.560577	0.609941	29.521562	0.593430	0.250905	0.573500	28.844134	0.998732	7845
7846.png	0.462010	0.170767	0.291718	0.171429	0.977887	0.998835	26.508679	0.986097	29.352511	0.122308	0.375959	0.250321	28.484420	0.504561	6527	26	3	15	65	1.734104	0.115385	173	150	667.357431	4.626971	0.000000	-0.087797	-3.415114	-0.000758	-0.004234	0.010575	7671.296358	0.122308	0.122308	26	3	23	15	65	1.734104	0.115385	26	3	173	150	93	4.449050	4.626971	667.357431	0.000000	45971	7.043205	10.040754	256x256	65536	sparse	Otsu	888	26	61	6524	31.606126	0.699084	31.209936	0.990332	0.111733	0.204583	18	4	0.679487	56	6164	32.464824	0.786621	0.991564	31.552451	0.172499	0.155137	344	29.535445	0.505802	0.977700	26.663457	0.529989	0.164115	-1.857425	0.171375	-3.121706	-0.194523	True	0.460599	28.492273	0.504570	29.357077	0.688077	0.172240	0.549807	29.923793	0.999593	7846
7847.png	0.637783	0.265942	0.420148	0.270013	0.946350	0.998972	25.221347	0.995376	29.272013	0.230042	0.315378	0.486347	29.846682	0.532773	3404	18	0	7	43	1.621053	0.000000	95	77	364.007143	4.601375	0.000000	-0.042862	-2.767348	-0.000647	-0.000259	0.003177	2596.891403	0.230042	0.230042	18	0	18	7	43	1.621053	0.000000	18	0	95	77	45	4.727365	4.601375	364.007143	0.000000	45828	13.462985	19.252644	256x256	65536	sparse	Otsu	360	18	35	3404	31.064411	0.634097	29.578372	0.995635	0.226866	0.360776	8	0	0.722222	40	3334	31.463511	0.691604	0.995501	29.513534	0.412235	0.226673	603	30.223773	0.537316	0.993697	27.562577	0.613259	0.254351	-0.306359	-0.045397	-1.217729	-0.101324	True	0.639906	29.855171	0.532818	29.280506	0.563078	0.273851	0.680645	27.988695	0.999619	7847
7848.png	0.343173	0.245572	0.394312	0.826087	0.258960	0.988980	15.704338	0.999453	28.192068	0.193628	0.228948	0.552912	27.443721	0.509985	1106	3	0	0	6	1.500000	0.000000	12	9	42.627417	4.785829	0.000000						899.277925	0.193628	0.193628	3	0	3	0	6	1.500000	0.000000	3	0	12	9	6	4.736380	4.785829	42.627417	0.000000	45876	41.479204	59.254973	256x256	65536	sparse	Frangi	148	3												19	1056	30.504799	0.574048	0.999107	26.262550	0.385328	0.240073												True	0.344769	27.447701	0.510008	28.201900	0.782379	0.432586				7848
7849.png	0.616740	0.354981	0.523965	0.354981	1.000000	0.999513	28.146562	0.996294	29.514932	0.268956	0.410554	0.737426	31.418092	0.587947	2180	7	1	6	20	1.755102	0.142857	49	43	204.338095	6.207232	0.000000	-0.001762	0.203895	0.000041	0.000093	-0.000680	1835.976362	0.268956	0.268956	7	1	6	6	20	1.755102	0.142857	7	0	49	43	23	4.752049	6.207232	204.338095	0.000000	44905	20.598624	30.062385	256x256	65536	sparse	Otsu	230	7	29	2167	31.727540	0.631198	29.371674	0.996201	0.269636	0.246103	8	0	0.928571	38	2128	31.950723	0.669835	0.995734	29.180837	0.335401	0.259436	4131	32.378572	0.713993	0.997637	31.806985	0.289652	0.268616	0.143258	0.164450	-0.309448	-0.043250	True	0.619258	31.422904	0.587964	29.535863	0.385328	0.284151	0.618502	27.942667	0.999472	7849
7850.png	0.484203	0.447351	0.618165	0.828087	0.493151	0.992125	17.855996	0.999291	27.621680	0.731602	0.192882	0.893506	29.550042	0.559471	1421	7	0	1	15	1.416667	0.000000	24	17	76.284271	3.604312	0.000000	-0.238994	-9.321870	-0.006537	0.000052	0.266290	936.685562	0.731602	0.731602	7	0	7	1	15	1.416667	0.000000	7	0	24	17	8	4.487310	3.604312	76.284271	0.000000	45139	31.765658	46.119634	256x256	65536	sparse	Frangi	165	7	17	1394	31.236755	0.586057	27.095748	0.999239	0.465312	0.474212	7	6	0.000000	29	1416	31.455446	0.629129	0.999253	27.196120	0.511623	0.498580								0.525932	-0.281330	-1.686713	-0.026586	True	0.482830	29.554042	0.559505	27.623365	0.517126	0.462056	0.723197	27.177865	0.998662	7850
7851.png	0.695444	0.348682	0.517071	0.358983	0.923961	0.998765	26.212697	0.997169	29.719999	0.336875	0.413354	0.562372	31.104931	0.578736	2677	9	0	4	22	1.718750	0.000000	64	55	260.823376	4.755329	0.000000	0.001022	-2.166736	-0.000772	-0.000146	0.018955	1950.080872	0.336875	0.336875	9	0	9	4	22	1.718750	0.000000	9	0	64	55	38	4.742243	4.755329	260.823376	0.000000	45036	16.823310	24.481136	256x256	65536	sparse	Otsu	290	9	32	2662	31.663562	0.642809	29.830754	0.997315	0.317919	0.345867	9	0	1.000000	41	2402	31.931958	0.677386	0.997240	29.640255	0.330898	0.322679	3549	32.007168	0.687155	0.997975	31.416655	0.357250	0.341588	-0.110755	0.067487	-0.558631	-0.064072	True	0.696557	31.104941	0.578757	29.720973	0.694254	0.390429	0.694422	28.379432	0.999537	7851
7853.png	0.606101	0.182065	0.308046	0.182386	0.990435	0.999499	28.020378	0.990174	29.361562	0.165969	0.347988	0.749290	28.469190	0.513754	5450	26	1	13	64	1.679487	0.038462	156	131	601.002092	4.370990	0.000000	-0.126042	-1.612761	-0.000178	-0.002316	-0.004693	4392.254829	0.165969	0.165969	26	1	25	13	64	1.679487	0.038462	26	1	156	131	79	4.587802	4.370990	601.002092	0.000000	45963	8.433578	12.024954	256x256	65536	sparse	Otsu	667	26	53	5430	31.415934	0.678752	30.966533	0.992490	0.170662	0.304645	12	4	0.000000	50	5418	32.069696	0.760147	0.993201	31.020739	0.303253	0.155431	409	29.622133	0.516341	0.985104	26.911934	0.451188	0.204977	-1.604970	0.043343	-2.946744	-0.164997	True	0.605438	28.473774	0.513795	29.364090	0.493383	0.369687	0.732143	29.633139	0.999678	7853
7854.png	0.392705	0.398335	0.569728	0.896921	0.417445	0.991611	16.781233	0.999421	26.071844	0.873203	0.284662	0.669084	28.584960	0.530639	1448	4	0	1	9	1.555556	0.000000	18	14	71.698485	4.246973	0.000000	-0.362748	-9.010425	-0.007036	0.000127	0.412379	992.824793	0.873203	0.873203	4	0	4	1	9	1.555556	0.000000	4	0	18	14	8	5.121320	4.246973	71.698485	0.000000	45767	31.607044	45.259669	256x256	65536	sparse	Frangi	165	4	14	1412	30.338030	0.556293	25.406888	0.999293	0.460823	0.549171	6	5	0.000000	25	1372	30.869805	0.605799	0.999374	25.818695	0.595053	0.470350								0.664956	-0.264509	-1.753070	-0.025654	True	0.392705	28.587813	0.530689	26.074085	0.541594	0.362372	0.755454	25.791659	0.998647	7854
7855.png	0.350127	0.188456	0.317144	0.499346	0.232360	0.990214	15.585907	0.999025	27.825720	0.158616	0.232026	0.647823	27.641559	0.492579	1248	5	0	2	12	1.500000	0.000000	20	15	66.798990	4.290874	0.000000	-0.291810	-8.387975	-0.008061	0.000618	-0.021947	874.561071	0.158616	0.158616	5	0	5	2	12	1.500000	0.000000	5	0	20	15	6	4.453266	4.290874	66.798990	0.000000	46118	36.953526	52.512821	256x256	65536	sparse	Frangi	151	5	7	1228	29.541221	0.520787	25.088039	0.998407	0.180563	0.382247	12	0	0.300000	19	1240	30.309882	0.573599	0.998938	27.310181	0.494828	0.198582								2.737681	-0.150221	-1.899662	-0.028209	True	0.348830	27.641669	0.492595	27.822049	0.675023	0.437295	0.641937	23.973883	0.998275	7855
7856.png	0.504649	0.505523	0.671558	0.735011	0.618190	0.994161	23.508558	0.997965	29.205163	0.636224	0.381217	1.017505	30.970866	0.600961	2133	8	0	6	22	1.709091	0.000000	55	47	207.195959	3.979425	0.000000	-0.178434	-5.749650	-0.003699	-0.000070	0.080331	1562.869072	0.636224	0.636224	8	0	8	6	22	1.709091	0.000000	8	0	55	47	27	4.408425	3.979425	207.195959	0.000000	44447	20.837787	30.724801	256x256	65536	sparse	Frangi	235	8	29	2123	32.073810	0.649734	29.391800	0.998034	0.555894	0.520015	10	18	0.000000	41	1896	32.307531	0.678472	0.997906	29.201014	0.197009	0.572081	4232	32.803865	0.732461	0.998829	31.511775	0.074559	0.526149	-0.186637	-0.138798	-1.102944	-0.048773	True	0.505076	30.975315	0.601011	29.214792	0.782379	0.796074	0.683084	29.258209	0.997860	7856
7857.png	0.407906	0.376843	0.547402	0.792883	0.417989	0.990818	17.993499	0.999227	28.548688	0.574567	0.304645	0.530009	28.497441	0.520422	1681	6	0	1	13	1.612903	0.000000	31	25	115.426407	3.874130	0.000000	-0.324556	-9.953054	-0.007640	0.000144	0.216582	1208.358288	0.574567	0.574567	6	0	6	1	13	1.612903	0.000000	6	0	31	25	17	4.617056	3.874130	115.426407	0.000000	45719	27.197501	38.986318	256x256	65536	sparse	Frangi	198	6	20	1659	30.615161	0.571191	27.813992	0.999082	0.357985	0.574007	9	10	0.000000	25	1548	30.787195	0.607110	0.998908	27.254816	0.412375	0.355596	5309	31.932003	0.730235	0.999609	31.698259	0.144391	0.356887	0.734696	-0.269362	-2.117720	-0.050769	True	0.411157	28.500751	0.520479	28.555563	0.606759	0.321588	0.732462	27.946553	0.998458	7857
7858.png	0.544523	0.232993	0.377931	0.234076	0.980535	0.999341	27.324268	0.992058	29.362417	0.181852	0.321248	0.544096	28.895162	0.518079	4901	24	1	14	61	1.659259	0.041667	135	112	496.676190	4.506201	0.000000	-0.088070	-1.743964	-0.000203	-0.001658	-0.003619	4918.020725	0.181852	0.181852	24	1	23	14	61	1.659259	0.041667	24	1	135	112	60	4.434609	4.506201	496.676190	0.000000	45909	9.367272	13.371965	256x256	65536	sparse	Otsu	630	24	48	4848	31.337005	0.667736	30.550189	0.993716	0.185471	0.505067	6	3	0.000000	50	4798	31.980365	0.746726	0.994345	30.877998	0.257621	0.185943	403	29.845347	0.521550	0.988043	26.789452	0.497420	0.222737	-1.187773	-0.183819	-2.441844	-0.149657	True	0.543534	28.898991	0.518099	29.359595	0.576838	0.313855	0.632593	29.068231	0.999543	7858
7859.png	0.584984	0.566592	0.723344	0.599122	0.912551	0.997436	25.777326	0.996248	28.895054	0.472259	0.595458	0.808330	30.313566	0.573633	2470	4	0	5	13	1.822222	0.000000	45	41	202.267027	6.981840	0.000000	-0.056139	-2.767141	-0.001376	0.000088	-0.002799	1871.238470	0.472259	0.472259	4	0	4	5	13	1.822222	0.000000	4	0	45	41	27	4.933342	6.981840	202.267027	0.000000	45187	18.294332	26.532794	256x256	65536	sparse	Otsu	274	4	29	2425	31.416246	0.630400	28.899480	0.996160	0.475058	0.397190	13	11	0.000000	38	2448	31.710231	0.675762	0.995648	28.529556	0.294897	0.490066	3728	31.923775	0.690732	0.997371	30.948881	0.316139	0.480725	-0.004426	0.198268	-1.102680	-0.056767	True	0.585444	30.315993	0.573675	28.895467	0.602807	0.487267	0.641123	28.544467	0.998812	7859
7860.png	0.663948	0.544349	0.704956	0.580607	0.897086	0.997069	25.416213	0.996146	29.405727	0.553429	0.552465	0.676955	31.120957	0.596189	2451	5	0	6	16	1.811321	0.000000	53	48	230.379726	6.564352	0.000000	-0.053003	-3.225204	-0.001702	0.000232	0.002601	1887.884617	0.553429	0.553429	5	0	5	6	16	1.811321	0.000000	5	0	53	48	31	4.799578	6.564352	230.379726	0.000000	44896	18.317421	26.738474	256x256	65536	sparse	Otsu	250	5	30	2432	31.733809	0.646940	29.228852	0.995914	0.550828	0.474462	12	11	0.000000	41	2362	32.053182	0.686965	0.995835	29.185019	0.492461	0.536947	3563	32.179382	0.697319	0.997547	31.388282	0.311773	0.538549	0.176874	0.078002	-0.612852	-0.050751	True	0.662734	31.124435	0.596209	29.408671	0.742311	0.502511	0.716951	28.641417	0.998771	7860
7861.png	0.535480	0.404339	0.575843	0.418795	0.921348	0.998855	27.983767	0.996142	29.687489	0.326709	0.341491	0.331837	31.202001	0.592908	2481	9	0	0	18	1.684211	0.000000	57	48	207.994949	4.975058	0.000000	-0.017899	-0.949246	-0.000420	-0.000124	0.000290	2255.573034	0.326709	0.326709	9	0	9	0	18	1.684211	0.000000	9	0	57	48	39	4.333228	4.975058	207.994949	0.000000	44726	18.027408	26.415155	256x256	65536	sparse	Otsu	297	9	31	2386	31.873412	0.644690	29.894934	0.996266	0.326420	0.261458	13	4	0.000000	41	2456	32.213334	0.692115	0.996262	29.721020	0.210417	0.296397	3695	32.306005	0.703297	0.997340	31.436334	0.220420	0.313985	-0.207445	0.080034	-0.671411	-0.051783	True	0.531167	31.205727	0.592932	29.687961	0.716346	0.237710	0.553378	28.933013	0.999274	7861
7862.png	0.480501	0.245730	0.394516	0.249620	0.940359	0.999307	28.264238	0.992348	29.692739	0.162099	0.308902	0.351348	29.673188	0.544238	3839	19	0	7	45	1.627451	0.000000	102	83	377.563492	4.886915	0.000000	-0.040300	-0.814517	-0.000198	-0.001225	-0.000555	3161.079168	0.162099	0.162099	19	0	19	7	45	1.627451	0.000000	19	0	102	83	50	4.548958	4.886915	377.563492	0.000000	45370	11.818182	17.071112	256x256	65536	sparse	Otsu	456	19	40	3641	31.523555	0.653613	30.480460	0.993573	0.162655	0.272033	8	1	0.210526	44	3430	31.874971	0.706717	0.993425	30.434801	0.440102	0.166305	541	30.599217	0.549893	0.990790	28.624666	0.244216	0.153513	-0.787721	0.036869	-1.850367	-0.109376	True	0.479138	29.680980	0.544262	29.693266	0.613259	0.215467	0.520801	29.078755	0.999505	7862
7863.png	0.614436	0.319639	0.484434	0.322010	0.977487	0.999188	27.674843	0.994628	29.226201	0.267836	0.387845	0.498688	29.625399	0.524997	3508	13	1	9	34	1.736264	0.076923	91	79	348.421356	5.037464	0.000000	-0.044263	-0.715096	-0.000282	-0.000453	0.000867	2931.228638	0.267836	0.267836	13	1	12	9	34	1.736264	0.076923	13	1	91	79	48	4.410397	5.037464	348.421356	0.000000	45890	13.081528	18.681870	256x256	65536	sparse	Otsu	391	13	35	3439	30.957243	0.630756	29.676633	0.995082	0.266969	0.319859	11	3	0.000000	39	3190	31.313835	0.682287	0.994931	29.561521	0.374998	0.255141	598	30.153364	0.528256	0.992458	27.618974	0.393469	0.265072	-0.450432	0.067986	-1.331844	-0.105759	True	0.611968	29.633130	0.525030	29.234763	0.620158	0.309266	0.658699	28.389940	0.999470	7863
7864.png	0.572050	0.520073	0.684274	0.545455	0.917874	0.997042	25.043023	0.995793	29.623064	0.394696	0.418707	0.345052	30.751455	0.576318	2567	8	0	3	19	1.709091	0.000000	55	47	240.480231	5.265278	0.000000	-0.039516	-4.012957	-0.001636	-0.000005	0.028925	1901.767969	0.394696	0.394696	8	0	8	3	19	1.709091	0.000000	8	0	55	47	33	5.116601	5.265278	240.480231	0.000000	44974	17.520062	25.530191	256x256	65536	sparse	Otsu	267	8	31	2537	31.612323	0.638517	29.783728	0.995798	0.365771	0.322492	15	5	0.000000	41	2474	31.896557	0.679382	0.995554	29.544108	0.168239	0.382353	3585	32.023346	0.690943	0.996960	31.181157	0.157949	0.378644	-0.160663	0.096215	-0.860868	-0.062199	True	0.579399	30.753675	0.576297	29.630630	0.785619	0.271079	0.611566	29.055980	0.998678	7864
7865.png	0.649969	0.512982	0.678108	0.519545	0.975968	0.999081	28.231654	0.997278	29.254770	0.425479	0.440102	0.491983	30.995868	0.571107	2443	7	0	1	15	1.730769	0.000000	52	45	222.923882	5.169191	0.000000	-0.011213	0.037508	-0.000031	0.000160	-0.009890	1583.955050	0.425479	0.425479	7	0	7	1	15	1.730769	0.000000	7	0	52	45	36	4.953864	5.169191	222.923882	0.000000	45314	18.548506	26.826034	256x256	65536	sparse	Otsu	279	7	29	2422	31.380019	0.626741	29.064551	0.997118	0.435369	0.455289	8	5	0.000000	37	2366	31.632904	0.669444	0.996836	28.593646	0.244216	0.415396	3816	31.874028	0.691299	0.998040	30.815678	0.351988	0.426136	0.190218	-0.015187	-0.384152	-0.055634	True	0.649327	30.999616	0.571144	29.263153	0.658702	0.324071	0.661182	28.194146	0.999112	7865
7866.png	0.640117	0.364649	0.534421	0.373042	0.941881	0.998424	26.332834	0.993482	28.930358	0.369882	0.364191	0.484389	29.748045	0.528412	3376	14	1	9	36	1.711111	0.071429	90	77	345.007143	5.021405	0.000000	-0.056145	-1.947966	-0.000563	-0.000540	0.008439	2538.986921	0.369882	0.369882	14	1	13	9	36	1.711111	0.071429	14	1	90	77	45	4.480612	5.021405	345.007143	0.000000	45963	13.614633	19.412322	256x256	65536	sparse	Otsu	351	14	34	3316	30.889178	0.629106	29.369637	0.994022	0.361443	0.337879	13	3	0.000000	38	3120	31.220097	0.679554	0.993773	29.003802	0.228278	0.362214	606	30.062095	0.530222	0.990330	27.227590	0.483149	0.377283	-0.439279	0.026312	-1.141133	-0.100694	True	0.641013	29.753718	0.528421	28.940587	0.562495	0.272467	0.696262	28.280801	0.998986	7866
7867.png	0.753863	0.555787	0.714477	0.566619	0.966747	0.998451	26.376913	0.997100	28.902246	0.538407	0.503415	0.702759	31.074269	0.582805	2608	5	0	2	12	1.787234	0.000000	47	42	202.308658	5.706001	0.000000	-0.022555	-1.745706	-0.000569	0.000051	0.009490	2053.173780	0.538407	0.538407	5	0	5	2	12	1.787234	0.000000	5	0	47	42	33	4.816873	5.706001	202.308658	0.000000	45195	17.329371	25.128834	256x256	65536	sparse	Otsu	313	5	30	2553	31.499437	0.638149	28.810225	0.997049	0.528917	0.497168	8	5	0.000000	40	2450	31.826077	0.678163	0.997201	28.885959	0.450090	0.523292	3667	31.935677	0.686865	0.998255	30.973820	0.403647	0.526408	0.092022	0.006246	-0.425167	-0.055344	True	0.753447	31.076880	0.582828	28.906220	0.635052	0.446288	0.776418	28.122619	0.999020	7867
7868.png	0.785714	0.408793	0.580345	0.412933	0.976059	0.998935	24.407177	0.998102	29.068295	0.408456	0.436893	0.831408	31.093208	0.584861	2414	7	4	7	17	1.894737	0.571429	57	54	220.923882	4.785564	0.000000	-0.023770	-3.015971	-0.000632	0.000082	-0.003127	1762.621880	0.408456	0.408456	7	4	3	7	17	1.894737	0.571429	7	2	57	54	33	4.091183	4.785564	220.923882	0.000000	45115	18.688898	27.148302	256x256	65536	sparse	Otsu	255	7	29	2333	31.569084	0.632393	28.944632	0.998021	0.411583	0.528577	5	0	0.357143	41	2310	31.902882	0.674807	0.997964	28.805220	0.467408	0.414963	3643	32.085086	0.691532	0.998676	31.198359	0.632121	0.409038	0.123663	-0.091684	-0.475876	-0.047531	True	0.786545	31.095261	0.584874	29.070872	0.593430	0.493383	0.809484	27.423148	0.999567	7868
7869.png	0.326984	0.226474	0.369309	0.827982	0.237656	0.988525	14.800149	0.999693	27.646803	0.102915	0.234072	1.270028	27.666332	0.516456	1044	3	0	0	6	1.400000	0.000000	10	7	43.213203	3.900158	0.000000						777.911425	0.102915	0.102915	3	0	3	0	6	1.400000	0.000000	3	0	10	7	4	6.173315	3.900158	43.213203	0.000000	45825	43.893678	62.773946	256x256	65536	sparse	Frangi	148	3												20	1016	30.619193	0.580247	0.999447	25.948364	0.355964	0.222153												True	0.326550	27.666321	0.516467	27.655461	0.496270	0.630277				7869
7870.png	0.617592	0.448689	0.619441	0.451172	0.987883	0.999200	28.360230	0.996201	29.360374	0.384665	0.478997	0.615258	31.266857	0.585125	2155	5	0	3	13	1.756098	0.000000	41	36	180.781746	6.729179	0.000000	0.013492	0.252827	0.000024	0.000423	0.026267	1848.353863	0.384665	0.384665	5	0	5	3	13	1.756098	0.000000	5	0	41	36	25	5.021715	6.729179	180.781746	0.000000	44983	20.873782	30.411137	256x256	65536	sparse	Otsu	235	5	27	2035	31.525941	0.622883	28.980338	0.995778	0.358398	0.428791	8	4	0.000000	35	1986	31.735891	0.659974	0.995121	28.541275	0.444285	0.367068	4315	32.321118	0.716841	0.997780	31.643996	0.344828	0.379961	0.380036	0.050206	-0.259084	-0.037758	True	0.616729	31.270436	0.585168	29.363568	0.665460	0.409430	0.604100	28.107403	0.999176	7870
7871.png	0.532727	0.440460	0.611555	0.470546	0.873239	0.998242	25.939546	0.996944	29.093428	0.374639	0.464203	0.402602	31.414807	0.599383	2131	5	0	3	13	1.772727	0.000000	44	39	171.296465	6.746754	0.000000	-0.007489	-2.369335	-0.001023	0.000306	-0.007376	1719.860077	0.374639	0.374639	5	0	5	3	13	1.772727	0.000000	5	0	44	39	28	4.392217	6.746754	171.296465	0.000000	44814	21.029564	30.753637	256x256	65536	sparse	Otsu	224	5	27	1997	31.798268	0.634992	28.930200	0.996638	0.382014	0.319171	9	1	0.100000	39	2048	32.023343	0.673461	0.996440	28.721544	0.238798	0.363669	4394	32.628057	0.731443	0.998158	31.658699	0.233561	0.377961	0.163228	0.145032	-0.383461	-0.035609	True	0.530909	31.416143	0.599400	29.100884	0.750925	0.302324	0.540216	28.308880	0.999265	7871
7872.png	0.635379	0.355330	0.524345	0.385180	0.820954	0.996994	22.470589	0.997547	29.745028	0.359209	0.298827	0.530792	30.889957	0.587198	2537	12	1	2	24	1.650794	0.083333	63	52	230.166522	4.394774	0.000000	-0.121937	-6.037792	-0.002455	-0.000081	0.015448	1760.586977	0.359209	0.359209	12	1	11	2	24	1.650794	0.083333	12	1	63	52	37	4.426279	4.394774	230.166522	0.000000	44865	17.684273	25.832085	256x256	65536	sparse	Otsu	266	12	31	2503	31.801978	0.645815	29.795325	0.997628	0.343761	0.410741	9	1	0.875000	40	2302	32.070982	0.682650	0.997564	29.567092	0.415955	0.329412	3558	32.159042	0.695198	0.998195	31.323771	0.309266	0.338159	-0.050297	-0.111914	-0.912021	-0.058617	True	0.635575	30.896989	0.587255	29.754888	0.583832	0.309893	0.757316	28.508381	0.999450	7872
7873.png	0.566714	0.305636	0.468180	0.314593	0.914783	0.998849	25.885814	0.996271	28.876600	0.292589	0.281076	0.486459	29.996035	0.530057	2693	14	0	2	30	1.548387	0.000000	62	48	246.409163	4.862504	0.000000	-0.043557	-1.528154	-0.000568	-0.000026	0.005472	1923.787594	0.292589	0.292589	14	0	14	2	30	1.548387	0.000000	14	0	62	48	30	5.133524	4.862504	246.409163	0.000000	45854	17.027107	24.335685	256x256	65536	sparse	Otsu	271	14	29	2681	30.784175	0.607248	28.847445	0.996297	0.287117	0.297231	11	4	0.000000	34	2658	31.098899	0.659029	0.996127	28.539105	0.262350	0.279451	3548	31.169941	0.651901	0.996986	30.122149	0.277195	0.290255	0.029155	-0.016155	-0.788140	-0.077191	True	0.569264	29.996954	0.530066	28.877670	0.630277	0.306604	0.610272	27.413968	0.999417	7873
7874.png	0.586391	0.350766	0.519359	0.353605	0.977627	0.998595	27.488293	0.994802	29.198674	0.266235	0.296876	0.647085	29.888234	0.532900	3463	18	1	6	40	1.638298	0.055556	94	77	340.592929	4.466633	0.000000	-0.013483	-0.969728	-0.000283	-0.000570	0.010171	2863.949776	0.266235	0.266235	18	1	17	6	40	1.638298	0.055556	18	1	94	77	48	4.423285	4.466633	340.592929	0.000000	45790	13.222639	18.924632	256x256	65536	sparse	Otsu	387	18	35	3386	31.089286	0.633768	29.733647	0.995372	0.256065	0.351656	9	0	0.250000	40	3158	31.452747	0.686076	0.995120	29.620396	0.317505	0.247367	605	30.278854	0.536404	0.992980	27.898814	0.495405	0.267875	-0.534973	-0.054780	-1.201052	-0.100868	True	0.589561	29.894266	0.532930	29.204658	0.632121	0.409036	0.599873	28.458022	0.998878	7874
7875.png	0.744575	0.525057	0.688574	0.538551	0.954451	0.998265	24.066500	0.997571	28.620850	0.528566	0.597476	0.584696	30.662574	0.567198	2283	4	0	4	12	1.836735	0.000000	49	45	201.195959	5.859995	0.000000	-0.030194	-3.398768	-0.001023	0.000189	0.007669	1621.838808	0.528566	0.528566	4	0	4	4	12	1.836735	0.000000	4	0	49	45	33	4.471021	5.859995	201.195959	0.000000	45510	19.934297	28.706088	256x256	65536	sparse	Otsu	251	4	27	2209	31.199022	0.614779	28.266592	0.997382	0.520897	0.606235	5	3	0.000000	33	2182	31.437878	0.659029	0.997063	27.894850	0.698806	0.523141	4091	31.836015	0.693491	0.998561	31.109895	0.565039	0.515982	0.354258	-0.008759	-0.536448	-0.047580	True	0.745973	30.666458	0.567239	28.632118	0.668789	0.391038	0.774769	27.465268	0.999288	7875
7876.png	0.474198	0.388012	0.559090	0.397360	0.942835	0.998434	25.585548	0.995766	29.986265	0.258789	0.368716	0.356586	31.374452	0.609309	2351	9	0	4	22	1.672727	0.000000	55	46	223.267027	5.447271	0.000000	-0.052492	-3.553429	-0.000845	-0.000070	-0.004744	2033.425093	0.258789	0.258789	9	0	9	4	22	1.672727	0.000000	9	0	55	46	29	4.853631	5.447271	223.267027	0.000000	44410	18.889834	27.875798	256x256	65536	sparse	Otsu	256	9	31	2261	32.209530	0.655585	30.241586	0.995836	0.263533	0.248853	13	1	0.277778	44	2346	32.489513	0.695069	0.995817	30.279644	0.233471	0.279378	3702	32.642601	0.717042	0.996954	31.632573	0.181981	0.267055	-0.255321	0.119863	-0.835079	-0.046276	True	0.473831	31.379564	0.609345	29.985461	0.624689	0.222755	0.526690	29.138977	0.999279	7876
7877.png	0.610775	0.507818	0.673580	0.509993	0.991672	0.999062	28.488495	0.996633	29.293700	0.475077	0.491352	0.774726	30.817140	0.570906	2521	5	0	2	12	1.772727	0.000000	44	39	196.722871	6.135263	0.000000	-0.037428	0.264197	-0.000015	0.000226	-0.008333	2281.531811	0.475077	0.475077	5	0	5	2	12	1.772727	0.000000	5	0	44	39	30	5.044176	6.135263	196.722871	0.000000	45275	17.959143	25.996033	256x256	65536	sparse	Otsu	302	5	30	2486	31.394323	0.627785	28.938734	0.996407	0.483411	0.478699	7	7	0.000000	39	2482	31.685290	0.676297	0.996094	28.628883	0.328562	0.485918	3581	31.818336	0.681243	0.997569	30.718674	0.264104	0.469519	0.354966	0.012653	-0.577184	-0.056879	True	0.607908	30.817785	0.570929	29.300172	0.630277	0.488291	0.648203	28.224298	0.999077	7877
7878.png	0.626397	0.227950	0.371269	0.228037	0.998328	0.999585	27.893673	0.993261	29.164160	0.193814	0.342953	0.665155	29.251562	0.521167	4483	21	1	12	53	1.687500	0.047619	128	108	479.404112	4.521347	0.000000	-0.044815	-0.376457	-0.000052	-0.001173	0.000919	3445.539236	0.193814	0.193814	21	1	20	12	53	1.687500	0.047619	21	1	128	108	63	4.438927	4.521347	479.404112	0.000000	46028	10.267232	14.618782	256x256	65536	sparse	Otsu	510	21	43	4404	31.111892	0.655285	30.101682	0.994435	0.192895	0.415584	7	1	0.666667	44	4464	31.601566	0.729615	0.994760	30.073620	0.294671	0.189458	474	29.661914	0.520980	0.989220	26.039413	0.456649	0.223453	-0.937522	-0.072631	-1.860329	-0.134118	True	0.625262	29.256528	0.521180	29.161991	0.576838	0.383687	0.671212	28.270130	0.999637	7878
7879.png	0.397603	0.298129	0.459321	0.890090	0.309524	0.990459	15.647018	0.999659	27.523594	0.537298	0.698806	0.875239	27.688665	0.499574	1165	1	0	1	3	1.857143	0.000000	14	13	70.597980	3.911823	0.000000	-0.311270	-4.046417	-0.004911	0.001784	0.264910	902.972460	0.537298	0.537298	1	0	1	1	3	1.857143	0.000000	1	0	14	13	10	5.430614	3.911823	70.597980	0.000000	46082	39.555365	56.254077	256x256	65536	sparse	Frangi	168	1	3	1146	27.324721	0.506708	19.209276	0.997875	0.272388	0.714068	5	7	0.000000	20	1152	30.335772	0.571063	0.999493	25.893810	0.554251	0.295569								8.314318	-0.015262	0.363943	-0.007134	True	0.387993	27.688810	0.499587	27.519894	0.536060	0.469181	0.708873	19.693435	0.995370	7879
7881.png	0.465385	0.212876	0.351027	0.214345	0.968809	0.999272	27.715036	0.991808	29.649643	0.143408	0.306959	0.374386	29.758108	0.549993	3726	18	0	9	45	1.617021	0.000000	94	76	351.764502	5.612113	0.000000	-0.013105	-1.128586	-0.000298	-0.000910	0.012737	3260.536194	0.143408	0.143408	18	0	18	9	45	1.617021	0.000000	18	0	94	76	40	4.628480	5.612113	351.764502	0.000000	45339	12.168277	17.588835	256x256	65536	sparse	Otsu	425	18	40	3636	31.585110	0.655945	30.411583	0.992719	0.130671	0.191284	13	0	0.861111	46	3508	31.978412	0.711911	0.993193	30.597799	0.161009	0.138378	539	30.692642	0.555739	0.989300	28.627129	0.242054	0.132790	-0.761940	0.115675	-1.827002	-0.105952	True	0.461894	29.763045	0.550039	29.653848	0.593430	0.222172	0.478490	28.843622	0.999570	7881
7882.png	0.590658	0.304151	0.466435	0.306231	0.978155	0.999342	27.589206	0.994795	28.944377	0.311232	0.310990	0.527630	29.417942	0.518411	3295	16	0	4	36	1.627907	0.000000	86	70	321.764502	4.974290	0.000000	-0.035321	-0.772839	-0.000166	-0.000440	-0.001994	2532.670975	0.311232	0.311232	16	0	16	4	36	1.627907	0.000000	16	0	86	70	46	4.596636	4.974290	321.764502	0.000000	46036	13.971472	19.889530	256x256	65536	sparse	Otsu	350	16	33	3242	30.774252	0.619414	29.377537	0.995234	0.313226	0.386693	9	1	0.281250	36	3128	31.027426	0.674895	0.994835	28.779288	0.324071	0.309866	606	30.011639	0.522254	0.992961	27.657068	0.507372	0.342742	-0.433160	-0.075702	-1.356310	-0.101003	True	0.589571	29.425574	0.518433	28.954130	0.564822	0.298017	0.625979	28.362046	0.999508	7882
7883.png	0.653719	0.356643	0.525773	0.359035	0.981668	0.999576	27.544812	0.997269	28.889147	0.303751	0.267600	0.531750	30.352890	0.540518	2647	14	0	1	29	1.562500	0.000000	64	50	236.722871	4.750621	0.000000	-0.011016	0.335687	-0.000038	-0.000011	-0.003787	1887.930393	0.303751	0.303751	14	0	14	1	29	1.562500	0.000000	14	0	64	50	34	4.734457	4.750621	236.722871	0.000000	45795	17.300718	24.758595	256x256	65536	sparse	Otsu	270	14	29	2570	30.926933	0.609799	28.728254	0.997280	0.307538	0.366609	6	0	0.714286	33	2414	31.167112	0.652117	0.997255	28.472732	0.318090	0.312332	3447	31.282853	0.653759	0.997894	30.350286	0.310033	0.306635	0.160893	-0.099008	-0.574042	-0.069281	True	0.653146	30.355006	0.540541	28.890332	0.470594	0.250238	0.664735	27.209125	0.999614	7883
7884.png	0.583034	0.431241	0.602611	0.449727	0.912975	0.998796	27.731501	0.996888	29.693146	0.362364	0.407176	0.546805	31.573432	0.596909	2251	7	0	4	18	1.695652	0.000000	46	39	207.480231	5.542444	0.000000	-0.014708	-0.903396	-0.000380	0.000093	-0.021416	1919.479132	0.362364	0.362364	7	0	7	4	18	1.695652	0.000000	7	0	46	39	24	5.320006	5.542444	207.480231	0.000000	44707	19.860951	29.114171	256x256	65536	sparse	Otsu	273	7	29	2216	31.839706	0.638533	29.548391	0.996795	0.383780	0.355964	9	2	0.000000	41	2118	32.195587	0.677504	0.996575	29.408514	0.395200	0.357837	3954	32.491623	0.714281	0.997962	31.695892	0.237825	0.368646	0.144755	0.051212	-0.266274	-0.041624	True	0.583333	31.577499	0.596950	29.693481	0.572585	0.313092	0.597742	28.634897	0.999176	7884
7885.png	0.513514	0.213061	0.351279	0.213584	0.988636	0.999475	28.537910	0.991639	29.889292	0.151491	0.289584	0.548886	29.760035	0.546073	4825	21	0	6	48	1.588235	0.000000	102	81	385.220346	4.936779	0.000000	-0.051588	-1.059565	-0.000142	-0.001900	0.006033	5696.089983	0.151491	0.151491	21	0	21	6	48	1.588235	0.000000	21	0	102	81	48	4.755807	4.936779	385.220346	0.000000	45294	9.387358	13.582591	256x256	65536	sparse	Otsu	675	21	51	4717	31.896047	0.682523	31.182329	0.993540	0.145458	0.349491	6	1	0.142857	53	4790	32.490945	0.752843	0.994139	31.369202	0.201177	0.139730	406	30.293433	0.548398	0.986502	26.298455	0.420158	0.187781	-1.293037	-0.059907	-2.136012	-0.136449	True	0.513138	29.765106	0.546110	29.890372	0.552912	0.303485	0.565102	29.597475	0.999617	7885
7886.png	0.466751	0.253060	0.403908	0.258057	0.928922	0.998729	24.328891	0.992693	29.416632	0.210747	0.352926	0.254235	29.628661	0.543639	4125	17	2	11	42	1.736842	0.117647	114	99	408.019336	4.851739	0.000000	-0.065633	-4.522693	-0.000798	-0.001076	0.009711	4110.241890	0.210747	0.210747	17	2	15	11	42	1.736842	0.117647	17	2	114	99	61	4.121407	4.851739	408.019336	0.000000	45575	11.048485	15.887515	256x256	65536	sparse	Otsu	501	17	43	4098	31.523477	0.663208	30.236142	0.993770	0.201036	0.218599	15	2	0.941176	47	4106	32.025732	0.731056	0.993973	30.359176	0.259182	0.200810	461	30.367350	0.545583	0.989417	27.403180	0.273851	0.244514	-0.819510	0.134327	-1.894816	-0.119569	True	0.464851	29.636049	0.543654	29.422281	0.607807	0.154525	0.532384	28.851584	0.999526	7886
7887.png	0.777855	0.384467	0.555401	0.395380	0.933022	0.998678	23.683308	0.997121	28.764247	0.410592	0.332356	0.620405	29.867072	0.527232	2627	10	0	3	23	1.629630	0.000000	54	44	218.509668	5.359542	0.000000	-0.049585	-3.856163	-0.000923	0.000052	0.005660	1884.114504	0.410592	0.410592	10	0	10	3	23	1.629630	0.000000	10	0	54	44	28	4.966129	5.359542	218.509668	0.000000	46048	17.528740	24.947088	256x256	65536	sparse	Otsu	260	10	27	2451	30.674468	0.596672	28.646190	0.997069	0.404932	0.681776	4	4	0.000000	32	2600	30.973376	0.654387	0.997011	28.123729	0.585217	0.402526	3514	31.050141	0.647083	0.997877	30.048516	0.683363	0.409740	0.118057	-0.349420	-0.807396	-0.069439	True	0.778008	29.871933	0.527272	28.772690	0.700308	0.434475	0.827440	27.539471	0.999601	7887
7888.png	0.586486	0.310246	0.473570	0.316486	0.940252	0.998838	24.636484	0.994724	28.788058	0.243915	0.329680	0.635844	29.486937	0.524448	3575	13	0	6	32	1.662338	0.000000	77	64	285.107648	5.376697	0.000000	-0.050081	-3.361474	-0.000695	-0.000566	0.017721	3307.420969	0.243915	0.243915	13	0	13	6	32	1.662338	0.000000	13	0	77	64	39	4.454807	5.376697	285.107648	0.000000	45886	12.835245	18.331748	256x256	65536	sparse	Otsu	457	13	36	3550	31.045437	0.636748	29.484968	0.995291	0.226194	0.331168	9	2	0.000000	40	3430	31.413059	0.694041	0.995259	29.352027	0.295312	0.216767	605	30.172628	0.532988	0.992946	27.139694	0.355964	0.227782	-0.696909	-0.001488	-1.558501	-0.112301	True	0.603356	29.492818	0.524482	28.803320	0.633955	0.403097	0.636567	27.997959	0.999533	7888
7889.png	0.689330	0.554516	0.713426	0.560117	0.982286	0.998842	28.522602	0.996322	29.212873	0.571566	0.620917	0.899315	31.144875	0.582221	2454	4	0	2	10	1.836735	0.000000	49	45	226.865007	5.981725	0.000000	-0.006923	0.059624	-0.000074	0.000165	0.021403	1917.660475	0.571566	0.571566	4	0	4	2	10	1.836735	0.000000	4	0	49	45	37	5.041445	5.981725	226.865007	0.000000	45128	18.389568	26.705786	256x256	65536	sparse	Otsu	268	4	29	2442	31.441471	0.632214	28.972006	0.996157	0.550163	0.599483	8	9	0.000000	39	2394	31.776252	0.674749	0.995937	28.792109	0.424011	0.540189	3756	31.996371	0.692626	0.997577	31.023254	0.332864	0.568322	0.240868	0.021434	-0.296596	-0.049993	True	0.684285	31.149807	0.582253	29.223089	0.740760	0.666176	0.696252	28.462979	0.998916	7889
7890.png	0.758408	0.618590	0.764356	0.625861	0.981564	0.998786	27.407177	0.997433	28.595692	0.602146	0.555142	1.050627	31.296111	0.607569	2239	4	0	2	10	1.789474	0.000000	38	34	184.095454	6.099238	0.000000	-0.052652	-0.938115	-0.000339	-0.000160	-0.025423	1589.381218	0.602146	0.602146	4	0	4	2	10	1.789474	0.000000	4	0	38	34	26	5.414572	6.099238	184.095454	0.000000	44746	19.984815	29.270210	256x256	65536	sparse	Otsu	242	4	29	2177	31.948220	0.645719	28.824536	0.997593	0.627570	0.707707	4	5	0.000000	42	2178	32.234988	0.684113	0.997611	28.792784	0.777983	0.602094	4271	32.630329	0.726036	0.998799	31.730741	0.639405	0.588875	-0.228845	-0.152565	-0.652110	-0.038150	True	0.760943	31.299531	0.607600	28.604300	0.656991	0.690253	0.811060	28.345293	0.999126	7890
7891.png	0.547012	0.526986	0.690230	0.569889	0.875000	0.995718	22.757673	0.995912	28.813424	0.452402	0.630646	0.405600	30.478585	0.589208	2774	5	1	7	15	1.870968	0.200000	62	58	281.450793	5.764676	0.000000	-0.096019	-5.576986	-0.003190	-0.000186	-0.013067	2130.381584	0.452402	0.452402	5	1	4	7	15	1.870968	0.200000	5	1	62	58	40	4.852600	5.764676	281.450793	0.000000	45190	16.290555	23.625090	256x256	65536	sparse	Otsu	294	5	32	2774	31.645237	0.654129	28.889326	0.996098	0.465469	0.457067	13	10	0.000000	40	2624	31.890404	0.693452	0.995680	28.742519	0.365739	0.435138	3308	31.867287	0.680507	0.996780	30.009316	0.346038	0.451821	-0.075902	0.173579	-1.166652	-0.064921	True	0.544960	30.486096	0.589248	28.824743	0.658133	0.266939	0.643031	28.334659	0.998908	7891
7892.png	0.299564	0.403528	0.575019	0.916262	0.418979	0.990869	16.857986	0.999321	26.161547	0.637209	0.203478	0.314271	28.295474	0.517990	1539	8	2	2	16	1.571429	0.250000	28	22	92.941125	3.170788	0.000000	-0.267793	-9.381349	-0.007624	-0.000010	0.250353	914.022446	0.637209	0.637209	8	2	6	2	16	1.571429	0.250000	8	2	28	22	10	4.224597	3.170788	92.941125	0.000000	45915	29.834308	42.583496	256x256	65536	sparse	Frangi	168	8	16	1498	30.230741	0.553026	25.907491	0.999331	0.386856	0.193696	17	4	0.000000	25	1522	30.698317	0.599053	0.999354	26.198206	0.329680	0.392324	5850	32.074684	0.744246	0.999792	31.884028	0.245105	0.388851	0.254056	0.009782	-1.935267	-0.035036	True	0.299946	28.296274	0.518018	26.157921	0.540063	0.169726	0.567358	26.239335	0.998493	7892
7893.png	0.523560	0.411039	0.582605	0.433710	0.887176	0.997959	25.401068	0.997262	29.246957	0.301090	0.265636	0.384753	30.605695	0.561459	2725	16	0	6	38	1.578947	0.000000	76	60	266.622366	4.293936	0.000000	-0.041400	-2.727818	-0.001040	-0.000098	0.003566	1852.197409	0.301090	0.301090	16	0	16	6	38	1.578947	0.000000	16	0	76	60	32	4.443706	4.293936	266.622366	0.000000	45354	16.643670	24.049908	256x256	65536	sparse	Otsu	274	16	31	2710	31.354625	0.632164	29.333546	0.997361	0.297523	0.263403	14	3	0.000000	40	2596	31.718482	0.677594	0.997223	29.283748	0.241377	0.310067	3420	31.664728	0.667779	0.998077	30.913864	0.293296	0.306997	-0.086589	0.002233	-0.748930	-0.070705	True	0.537013	30.605198	0.561474	29.244207	0.595053	0.228948	0.564961	28.128887	0.998999	7893
7894.png	0.561842	0.481125	0.649675	0.506231	0.906555	0.998706	27.970002	0.997687	29.538760	0.366044	0.443292	0.458164	31.698479	0.606986	2374	7	0	2	16	1.735849	0.000000	53	46	229.066017	4.755885	0.000000	-0.012122	-0.679681	-0.000430	0.000043	-0.005652	1747.619629	0.366044	0.366044	7	0	7	2	16	1.735849	0.000000	7	0	53	46	35	4.979696	4.755885	229.066017	0.000000	44634	18.801179	27.605729	256x256	65536	sparse	Otsu	270	7	30	2266	31.993873	0.650807	29.378049	0.997645	0.371695	0.507372	5	2	0.000000	42	2322	32.352014	0.694373	0.997605	29.408310	0.415793	0.372283	3931	32.597415	0.717500	0.998565	31.903307	0.329680	0.375388	0.160711	-0.064080	-0.295395	-0.043821	True	0.561104	31.700809	0.607007	29.544665	0.683363	0.313092	0.573964	28.649683	0.999136	7894
7895.png	0.709919	0.473596	0.642776	0.480828	0.969220	0.998847	27.414484	0.996364	29.246191	0.429635	0.574717	0.517030	31.654569	0.609033	2282	4	0	4	12	1.813953	0.000000	43	39	189.367532	6.832458	0.000000	-0.011989	-0.568839	-0.000421	0.000262	0.001739	1917.897701	0.429635	0.429635	4	0	4	4	12	1.813953	0.000000	4	0	43	39	27	4.855578	6.832458	189.367532	0.000000	44649	19.565732	28.718668	256x256	65536	sparse	Otsu	240	4	29	2251	31.937833	0.649202	28.837117	0.996102	0.427896	0.412865	8	1	0.000000	41	2064	32.208241	0.679473	0.996030	28.959348	0.303485	0.417145	3987	32.595364	0.719701	0.997698	31.555113	0.265258	0.431703	0.409074	0.161852	-0.283264	-0.040169	True	0.710100	31.658997	0.609032	29.248912	0.573439	0.296485	0.721908	27.983324	0.999268	7895
7896.png	0.756026	0.489566	0.657327	0.493654	0.983367	0.999039	28.605988	0.996320	29.403683	0.477400	0.563078	0.712802	31.048830	0.571206	2372	5	0	2	12	1.814815	0.000000	54	49	233.480231	5.779423	0.000000	-0.005222	0.222143	-0.000071	0.000081	-0.000730	1850.032806	0.477400	0.477400	5	0	5	2	12	1.814815	0.000000	5	0	54	49	40	4.764903	5.779423	233.480231	0.000000	45192	19.052277	27.629005	256x256	65536	sparse	Otsu	267	5	29	2364	31.414300	0.625736	29.237787	0.996240	0.478130	0.335243	12	3	0.000000	36	2328	31.632974	0.666281	0.995591	28.761330	0.198179	0.453670	3848	31.936784	0.694325	0.997548	31.186305	0.153243	0.464901	0.165896	0.227835	-0.365469	-0.054530	True	0.755882	31.051202	0.571216	29.400910	0.578527	0.412375	0.761248	28.383846	0.999110	7896
7897.png	0.464347	0.367845	0.537846	0.849425	0.393504	0.991825	18.244841	0.999026	28.240353	0.457802	0.518091	0.788574	28.955408	0.534911	1311	2	0	1	5	1.764706	0.000000	17	15	83.840620	4.719040	0.000000	-0.173306	-8.070677	-0.005794	0.000559	0.066834	1231.315851	0.457802	0.457802	2	0	2	1	5	1.764706	0.000000	2	0	17	15	11	5.589375	4.719040	83.840620	0.000000	45474	34.686499	49.989321	256x256	65536	sparse	Frangi	177	2	13	1295	30.654079	0.557590	26.203687	0.998467	0.390969	0.589344	6	6	0.000000	24	1266	30.989293	0.602183	0.998513	26.834386	0.518091	0.401791								2.036666	-0.071253	-1.698671	-0.022679	True	0.466392	28.959650	0.534931	28.241392	0.726102	0.572585	0.637653	26.315518	0.997618	7897
7898.png	0.552374	0.433664	0.604973	0.492821	0.783211	0.995623	20.556307	0.998350	28.818457	0.419898	0.434475	0.359668	30.817750	0.598641	2170	6	0	4	16	1.733333	0.000000	45	39	184.468037	4.750851	0.000000	-0.135449	-7.358224	-0.003788	-0.000031	0.014669	1548.675060	0.419898	0.419898	6	0	6	4	16	1.733333	0.000000	6	0	45	39	25	4.729950	4.750851	184.468037	0.000000	44706	20.601843	30.200922	256x256	65536	sparse	Otsu	239	6	28	2085	31.945508	0.642455	28.692866	0.998382	0.405229	0.506714	6	1	0.500000	39	2060	32.227402	0.679756	0.998407	28.907462	0.581886	0.377809	4237	32.673646	0.727944	0.999116	31.748830	0.382453	0.398122	0.125591	-0.072240	-1.127757	-0.043815	True	0.551958	30.819151	0.598655	28.820167	0.727468	0.261647	0.687823	27.914531	0.999412	7898
7899.png	0.596269	0.179068	0.303745	0.180617	0.954310	0.999096	27.605973	0.989624	29.509912	0.167195	0.333280	0.640575	28.797959	0.510683	5214	26	1	13	64	1.666667	0.038462	150	125	564.546248	4.641338	0.000000	-0.101656	-1.980985	-0.000384	-0.002469	-0.000529	4578.708649	0.167195	0.167195	26	1	25	13	64	1.666667	0.038462	26	1	150	125	73	4.516370	4.641338	564.546248	0.000000	45874	8.798236	12.569237	256x256	65536	sparse	Otsu	623	26	51	5086	31.364285	0.671106	31.062931	0.992092	0.167724	0.315086	13	9	0.000000	50	5202	32.037585	0.752174	0.992511	31.098893	0.040629	0.177124	406	29.957026	0.514938	0.985210	27.824540	0.378737	0.170628	-1.553020	0.018194	-2.566326	-0.160423	True	0.595476	28.799450	0.510729	29.510469	0.470594	0.301451	0.697925	29.586958	0.999480	7899
7900.png	0.557356	0.445266	0.616171	0.458167	0.940520	0.998615	26.909645	0.996429	29.622504	0.380195	0.396925	0.614609	31.397748	0.590912	2201	7	0	4	18	1.708333	0.000000	48	41	195.267027	6.018233	0.000000	-0.017820	-1.764936	-0.000594	0.000204	-0.014769	1857.775927	0.380195	0.380195	7	0	7	4	18	1.708333	0.000000	7	0	48	41	26	4.762610	6.018233	195.267027	0.000000	44802	20.355293	29.775557	256x256	65536	sparse	Otsu	244	7	29	2191	31.728940	0.633170	29.387160	0.996225	0.394964	0.295312	12	2	0.000000	38	2160	32.028123	0.673212	0.995722	29.138534	0.390429	0.381124	4087	32.422669	0.715484	0.997637	31.479831	0.281076	0.374460	0.235344	0.101613	-0.331192	-0.042258	True	0.558184	31.399420	0.590947	29.633702	0.630277	0.387374	0.575176	28.674580	0.999208	7900
7901.png	0.332734	0.337021	0.504137	0.511628	0.496863	0.994095	18.210290	0.998226	28.931671	0.360625	0.333499	0.295569	29.082786	0.539010	1848	7	0	4	18	1.674419	0.000000	43	36	152.396970	4.257125	0.000000	-0.171989	-9.551626	-0.004793	0.000176	0.076377	1211.382627	0.360625	0.360625	7	0	7	4	18	1.674419	0.000000	7	0	43	36	21	4.233249	4.257125	152.396970	0.000000	45469	24.604437	35.463203	256x256	65536	sparse	Frangi	203	7	22	1741	30.916645	0.584965	28.317658	0.998051	0.284248	0.192527	13	1	0.071429	31	1774	31.192051	0.628287	0.998047	28.157143	0.252416	0.275168	4973	32.073425	0.724394	0.998837	31.400880	0.179630	0.287918	0.614013	0.140972	-1.833860	-0.045955	True	0.331935	29.083584	0.539035	28.938977	0.662098	0.195696	0.504723	27.761916	0.998888	7901
7902.png	0.244153	0.242865	0.390815	0.754181	0.263743	0.988856	16.644944	0.999578	27.338918	0.605105	0.291780	0.508346	28.708158	0.559029	1320	4	0	0	8	1.600000	0.000000	20	16	72.041631	3.378656	0.000000	-0.457387	-9.250065	-0.009573	0.000090	0.350156	951.191664	0.605105	0.605105	4	0	4	0	8	1.600000	0.000000	4	0	20	16	12	4.502602	3.378656	72.041631	0.000000	45058	34.134848	49.648485	256x256	65536	sparse	Frangi	173	4	12	1309	31.053674	0.589444	26.103060	0.999488	0.254949	0.324504	13	7	0.000000	27	1228	31.462522	0.626514	0.999571	26.982329	0.353617	0.261316								1.235857	-0.032724	-2.345517	-0.030415	True	0.243861	28.707200	0.559058	27.335243	0.572585	0.291071	0.701540	25.895009	0.998428	7902
7903.png	0.503644	0.414424	0.585997	0.430775	0.916095	0.998780	27.654250	0.996366	29.750522	0.268817	0.412235	0.331692	31.563188	0.596843	2184	7	0	3	17	1.725490	0.000000	51	44	204.681241	5.455712	0.000000	0.006568	-0.846100	-0.000440	0.000185	0.007185	1900.591612	0.268817	0.268817	7	0	7	3	17	1.725490	0.000000	7	0	51	44	31	4.651846	5.455712	204.681241	0.000000	44666	20.451465	30.007326	256x256	65536	sparse	Otsu	254	7	28	2106	31.832347	0.634600	29.572715	0.996181	0.261632	0.286193	7	0	1.000000	41	2164	32.206260	0.679674	0.996311	29.503468	0.214581	0.263968	4279	32.630214	0.726922	0.997781	31.898274	0.153518	0.280501	0.177808	0.126042	-0.269159	-0.037757	True	0.503644	31.566794	0.596886	29.753792	0.681776	0.226139	0.497076	28.500349	0.999220	7903
7904.png	0.512579	0.254604	0.405871	0.267892	0.836936	0.997730	23.902624	0.992191	29.505124	0.231983	0.337013	0.401432	29.545359	0.517964	3705	20	1	13	52	1.691057	0.050000	123	104	449.575685	4.719341	0.000000	-0.142687	-4.803335	-0.001641	-0.000687	0.004590	2430.472851	0.231983	0.231983	20	1	19	13	52	1.691057	0.050000	20	1	123	104	58	4.322843	4.719341	449.575685	0.000000	45949	12.401889	17.688529	256x256	65536	sparse	Otsu	358	20	37	3691	30.943869	0.636752	30.013760	0.992878	0.227393	0.352735	12	3	0.000000	39	3506	31.273399	0.691609	0.992781	29.741193	0.202481	0.222285	541	30.035727	0.524363	0.989601	28.193775	0.547062	0.239498	-0.508636	-0.015722	-1.398509	-0.118788	True	0.515773	29.551079	0.517999	29.513206	0.629166	0.252567	0.655266	28.705959	0.999371	7904
7905.png	0.226056	0.218640	0.358826	0.871495	0.225924	0.990801	16.760333	0.999721	27.011874	0.829694	0.281076	0.356456	28.512781	0.532358	1095	2	0	0	4	1.666667	0.000000	12	10	37.213203	4.172879	0.000000						700.302601	0.829694	0.829694	2	0	2	0	4	1.666667	0.000000	2	0	12	10	8	3.721320	4.172879	37.213203	0.000000	45446	41.503196	59.850228	256x256	65536	sparse	Frangi	148	2												22	1084	30.944142	0.595465	0.999628	25.583550	0.568289	0.259259												True	0.227623	28.516548	0.532419	27.007927	0.754633	0.268994				7905
7906.png	0.347084	0.334032	0.500786	0.849023	0.355126	0.990043	14.741126	0.999565	26.098269	0.854758	0.273851	0.482480	28.024854	0.535603	1206	3	0	1	7	1.571429	0.000000	14	11	50.798990	4.477375	0.000000	-0.408730	-7.876546	-0.008237	0.000503	0.524401	776.904106	0.854758	0.854758	3	0	3	1	7	1.571429	0.000000	3	0	14	11	6	4.618090	4.477375	50.798990	0.000000	45534	37.756219	54.341625	256x256	65536	sparse	Frangi	147	3	6	1203	28.833386	0.552500	22.455129	0.999063	0.330357	0.387374	8	3	0.000000	23	1106	30.966276	0.595936	0.999465	25.427801	0.517126	0.375624								3.643140	-0.113523	-0.808532	-0.016897	True	0.347331	28.026275	0.535642	26.098747	0.552465	0.266553	0.755814	22.617672	0.998280	7906
7907.png	0.434135	0.333333	0.500000	0.841503	0.355663	0.991821	16.517753	0.999464	27.828549	0.314758	0.170280	0.654823	29.022944	0.562758	1216	6	0	1	13	1.333333	0.000000	18	12	56.213203	3.764482	0.000000	-0.110571	-7.625272	-0.005973	0.000560	0.047053	751.047850	0.314758	0.314758	6	0	6	1	13	1.333333	0.000000	6	0	18	12	4	4.684434	3.764482	56.213203	0.000000	45010	37.014803	53.894737	256x256	65536	sparse	Frangi	146	6	7	1193	30.564254	0.576574	24.439828	0.998904	0.267705	0.351656	9	4	0.000000	28	1194	31.501838	0.621133	0.999319	26.864524	0.331354	0.265140								3.388721	-0.181376	-1.541310	-0.013816	True	0.434217	29.027342	0.562804	27.832448	0.563078	0.368716	0.544706	24.143026	0.997794	7907
7908.png	0.566172	0.290870	0.450658	0.311364	0.815476	0.996736	19.276259	0.996426	29.047411	0.272325	0.327162	0.468787	28.960827	0.515015	3170	16	1	7	37	1.670330	0.062500	91	76	349.634560	4.203478	0.000000	-0.100269	-8.472105	-0.002720	-0.000183	0.024614	2191.555738	0.272325	0.272325	16	1	15	7	37	1.670330	0.062500	16	1	91	76	47	4.600455	4.203478	349.634560	0.000000	46205	14.575710	20.673817	256x256	65536	sparse	Otsu	344	16	32	3151	30.715429	0.618261	29.225434	0.996609	0.247711	0.484623	7	1	0.718750	33	2874	30.911718	0.663310	0.996407	28.721679	0.440102	0.244672	663	29.950185	0.524642	0.994928	27.171575	0.588522	0.265251	-0.178023	-0.157462	-1.754602	-0.103246	True	0.568932	28.966445	0.515051	29.052360	0.663110	0.310858	0.666441	27.748364	0.999456	7908
7909.png	0.550587	0.353394	0.522234	0.355050	0.986971	0.999141	28.431691	0.992929	29.390563	0.260820	0.382247	0.418407	30.098907	0.556632	3571	12	0	4	28	1.675676	0.000000	74	62	322.977705	5.467613	0.000000	-0.038243	-0.450967	-0.000176	-0.000727	-0.005519	3379.903316	0.260820	0.260820	12	0	12	4	28	1.675676	0.000000	12	0	74	62	42	5.209318	5.467613	322.977705	0.000000	45408	12.715766	18.352282	256x256	65536	sparse	Otsu	438	12	38	3550	31.525016	0.654809	29.984449	0.993656	0.266339	0.321814	12	5	0.000000	45	3492	31.935809	0.711426	0.993777	30.084968	0.200853	0.259311	604	30.640352	0.559114	0.989926	27.843544	0.555142	0.256855	-0.593886	0.060433	-1.426108	-0.098177	True	0.551089	30.100377	0.556626	29.390524	0.709165	0.296720	0.588829	28.882659	0.999317	7909
7910.png	0.387858	0.442922	0.613924	0.685292	0.556019	0.992705	18.371493	0.998676	28.532649	0.467643	0.236621	0.517986	29.212136	0.565710	1934	10	0	1	21	1.500000	0.000000	40	30	140.740115	4.266082	0.000000	-0.236154	-9.530187	-0.005850	0.000028	0.103371	1320.140600	0.467643	0.467643	10	0	10	1	21	1.500000	0.000000	10	0	40	30	18	4.691337	4.266082	140.740115	0.000000	45150	23.345398	33.886246	256x256	65536	sparse	Frangi	208	10	24	1870	31.383567	0.613674	28.291446	0.998648	0.364272	0.476211	9	9	0.000000	33	1910	31.592989	0.653599	0.998585	28.251112	0.484439	0.358665	4859	32.433357	0.733373	0.999237	31.448992	0.319171	0.355349	0.241204	-0.239591	-2.171431	-0.047964	True	0.387356	29.214860	0.565755	28.533434	0.692721	0.358820	0.624012	27.901680	0.998555	7910
7911.png	0.680069	0.456058	0.626428	0.464366	0.962252	0.998841	28.377609	0.995352	29.556812	0.436611	0.365904	0.807818	30.873997	0.563835	2382	9	0	5	23	1.660377	0.000000	53	44	219.195959	5.889870	0.000000	-0.022522	-0.060578	-0.000153	0.000245	0.001676	1983.334541	0.436611	0.436611	9	0	9	5	23	1.660377	0.000000	9	0	53	44	25	4.981726	5.889870	219.195959	0.000000	45270	19.005038	27.513014	256x256	65536	sparse	Otsu	248	9	28	2373	31.278279	0.618362	29.348550	0.995107	0.434935	0.369978	10	4	0.000000	34	2130	31.502967	0.652386	0.994604	28.880516	0.273851	0.443456	3836	31.843437	0.691174	0.996707	30.976326	0.194709	0.430604	0.208262	-0.004073	-0.404282	-0.054527	True	0.683151	30.878071	0.563841	29.581668	0.503415	0.406667	0.702591	28.438188	0.998993	7911
7912.png	0.615077	0.291594	0.451526	0.292502	0.989460	0.999046	28.630111	0.990498	29.767121	0.241811	0.391038	0.487446	30.390955	0.552787	3395	15	1	10	40	1.733333	0.066667	105	91	410.847763	5.312250	0.000000	-0.011192	-0.265195	-0.000085	-0.000500	0.007673	2423.066139	0.241811	0.241811	15	1	14	10	40	1.733333	0.066667	15	1	105	91	55	4.514811	5.312250	410.847763	0.000000	45423	13.379381	19.303682	256x256	65536	sparse	Otsu	346	15	37	3349	31.432572	0.645951	30.217909	0.990998	0.234138	0.343963	13	6	0.000000	42	3104	31.721224	0.692751	0.990783	30.092378	0.112498	0.246623	562	30.581890	0.551371	0.986253	28.429989	0.428791	0.252724	-0.450788	0.047075	-1.041617	-0.093163	True	0.613105	30.396615	0.552819	29.773838	0.698806	0.340630	0.626269	28.895306	0.999131	7912
7914.png	0.671977	0.456887	0.627210	0.459805	0.986301	0.999176	27.766623	0.997016	29.074488	0.394914	0.433342	0.565323	31.366087	0.590656	2126	5	0	1	11	1.722222	0.000000	36	31	159.367532	6.713749	0.000000	-0.008812	0.044653	-0.000128	0.000189	-0.002233	1796.808004	0.394914	0.394914	5	0	5	1	11	1.722222	0.000000	5	0	36	31	24	5.140888	6.713749	159.367532	0.000000	44891	21.115240	30.825964	256x256	65536	sparse	Otsu	226	5	27	2120	31.551727	0.627255	28.805822	0.996827	0.397147	0.328338	10	2	0.000000	36	1918	31.897028	0.663729	0.996577	28.631298	0.590165	0.364489	4209	32.384919	0.717453	0.998238	31.645407	0.362372	0.402174	0.268666	0.105004	-0.185640	-0.036599	True	0.673425	31.369368	0.590695	29.085353	0.622808	0.352088	0.680789	27.721970	0.999304	7914
7915.png	0.530882	0.416850	0.588418	0.426857	0.946755	0.999248	28.156576	0.996376	29.476296	0.324122	0.377671	0.356594	31.150629	0.573559	2199	7	0	4	18	1.674419	0.000000	43	36	178.882251	6.080287	0.000000	0.029762	-0.299939	-0.000147	0.000110	0.021535	1595.644474	0.324122	0.324122	7	0	7	4	18	1.674419	0.000000	7	0	43	36	21	4.968951	6.080287	178.882251	0.000000	45099	20.508868	29.802638	256x256	65536	sparse	Otsu	230	7	28	2192	31.468214	0.620719	29.342368	0.996266	0.302587	0.246538	13	1	0.071429	37	2188	31.704301	0.662002	0.995728	29.051890	0.151500	0.252063	4095	32.142899	0.705923	0.997520	31.401134	0.214158	0.311028	0.133929	0.131132	-0.317586	-0.047160	True	0.528288	31.153080	0.573608	29.487555	0.653544	0.233050	0.501120	28.456515	0.999395	7915
7916.png	0.567946	0.572363	0.728029	0.576804	0.986729	0.999088	27.608939	0.997555	28.553086	0.411856	0.613259	0.281989	31.245030	0.585725	2357	4	0	1	9	1.809524	0.000000	42	38	216.651804	5.225160	0.000000	-0.019462	-0.129869	-0.000061	-0.000032	-0.009299	1566.259861	0.411856	0.411856	4	0	4	1	9	1.809524	0.000000	4	0	42	38	32	5.701363	5.225160	216.651804	0.000000	45079	19.125583	27.804837	256x256	65536	sparse	Otsu	274	4	28	2317	31.499739	0.630930	28.531716	0.997587	0.421155	0.227761	13	1	0.000000	38	2194	31.771557	0.668260	0.997475	28.457728	0.172122	0.407823	3787	32.074212	0.693943	0.998581	31.277835	0.142596	0.417280	0.021370	0.385498	-0.254709	-0.045205	True	0.569165	31.248467	0.585749	28.555065	0.639405	0.180305	0.587408	27.738808	0.999149	7916
7917.png	0.570060	0.344317	0.512256	0.349661	0.957503	0.998611	25.460804	0.992942	29.596517	0.266618	0.347714	0.427954	30.456113	0.554844	2795	11	2	5	25	1.735294	0.181818	68	59	260.036580	5.812410	0.000000	-0.018175	-2.977301	-0.000710	-0.000076	0.002753	2020.060062	0.266618	0.266618	11	2	9	5	25	1.735294	0.181818	11	0	68	59	38	4.407400	5.812410	260.036580	0.000000	45484	16.273345	23.447585	256x256	65536	sparse	Otsu	273	11	31	2774	31.187666	0.625978	29.600118	0.993018	0.263866	0.284937	13	4	0.000000	38	2784	31.521037	0.677102	0.992532	29.307825	0.227984	0.255406	3342	31.448298	0.659146	0.994164	30.364940	0.280048	0.256484	-0.003601	0.062777	-0.731553	-0.071134	True	0.571343	30.463415	0.554870	29.626588	0.635052	0.271773	0.588235	28.438105	0.999322	7917
7918.png	0.580711	0.234773	0.380269	0.235581	0.985594	0.999565	28.244939	0.994647	30.179342	0.200856	0.328648	0.813648	31.198578	0.583466	2732	13	0	5	31	1.643836	0.000000	73	60	277.894444	5.186135	0.000000	-0.024412	-0.394191	-0.000114	-0.000286	0.008316	1942.786932	0.200856	0.200856	13	0	13	5	31	1.643836	0.000000	13	0	73	60	37	4.631574	5.186135	277.894444	0.000000	44828	16.408492	23.988287	256x256	65536	sparse	Otsu	280	13	34	2670	31.910863	0.649152	30.514502	0.994933	0.192539	0.348189	5	0	0.692308	44	2634	32.241579	0.695708	0.995287	30.601340	0.341073	0.192539	3298	32.117398	0.684171	0.996007	31.672044	0.198715	0.194261	-0.335159	-0.019541	-0.712285	-0.065686	True	0.585540	31.202134	0.583493	30.188489	0.515675	0.419578	0.605123	28.639130	0.999679	7918
7919.png	0.691850	0.477515	0.646375	0.482986	0.976826	0.999193	27.152489	0.996483	28.730847	0.484294	0.431071	0.584642	31.093297	0.578703	2209	5	0	0	10	1.705882	0.000000	34	29	158.367532	6.333676	0.000000	-0.026502	-0.162526	-0.000125	0.000358	0.004969	1984.552622	0.484294	0.484294	5	0	5	0	10	1.705882	0.000000	5	0	34	29	24	5.460949	6.333676	158.367532	0.000000	45202	20.462653	29.667723	256x256	65536	sparse	Otsu	234	5	26	2051	31.326035	0.617185	28.261019	0.996124	0.479325	0.441500	8	1	0.200000	34	2036	31.567569	0.657596	0.995965	28.146591	0.526056	0.455268	4230	32.128517	0.710174	0.998017	31.453972	0.286805	0.473448	0.469828	-0.010428	-0.232739	-0.038482	True	0.690434	31.095790	0.578726	28.727114	0.700308	0.409430	0.718353	27.315015	0.999319	7919
7920.png	0.363604	0.169371	0.289678	0.458699	0.211679	0.990110	14.120739	0.999431	27.758948	0.103472	0.161382	0.905497	27.713475	0.508426	1104	5	0	1	11	1.375000	0.000000	16	11	44.384776	4.104325	0.000000						727.460861	0.103472	0.103472	5	0	5	1	11	1.375000	0.000000	5	0	16	11	4	4.034980	4.104325	44.384776	0.000000	45838	41.519928	59.362319	256x256	65536	sparse	Frangi	138	5												21	1036	30.587240	0.573210	0.999382	26.924081	0.573439	0.171875												True	0.361590	27.713384	0.508432	27.757503	0.622808	0.563951				7920
7921.png	0.444390	0.185790	0.313361	0.187787	0.945875	0.998145	27.186143	0.984956	29.745685	0.137245	0.309697	0.503816	28.676930	0.513174	5687	32	2	16	77	1.655172	0.062500	174	144	641.529004	4.763008	0.000000	-0.089417	-2.476800	-0.000839	-0.003593	-0.000271	5067.116499	0.137245	0.137245	32	2	30	16	77	1.655172	0.062500	32	1	174	144	81	4.455063	4.763008	641.529004	0.000000	45809	8.055038	11.523826	256x256	65536	sparse	Otsu	652	32	56	5681	31.572091	0.686054	31.157194	0.988549	0.137516	0.144711	38	5	0.000000	53	5492	32.234275	0.766308	0.990272	31.437266	0.198683	0.156429	337	29.906974	0.515707	0.977000	27.719097	0.235529	0.126392	-1.411508	0.164986	-2.895161	-0.172881	True	0.444282	28.687648	0.513207	29.752935	0.617107	0.310908	0.533808	29.662943	0.998984	7921
7922.png	0.659271	0.481700	0.650199	0.486200	0.981148	0.999336	28.035547	0.997828	29.421989	0.390089	0.440102	0.374247	31.697811	0.605403	2235	6	0	3	15	1.755102	0.000000	49	43	197.409163	5.070039	0.000000	0.023631	-0.015425	-0.000048	0.000209	0.014930	1753.127575	0.390089	0.390089	6	0	6	3	15	1.755102	0.000000	6	0	49	43	31	4.590911	5.070039	197.409163	0.000000	44728	20.012528	29.322595	256x256	65536	sparse	Otsu	245	6	29	2127	31.982667	0.643718	29.086807	0.997619	0.375159	0.241187	10	0	0.666667	43	2114	32.310038	0.683452	0.997667	29.231355	0.256708	0.398729	4225	32.706615	0.728805	0.998636	31.820246	0.174877	0.391433	0.335182	0.198915	-0.284855	-0.038314	True	0.659019	31.700367	0.605418	29.421895	0.615188	0.230232	0.635640	28.050972	0.999384	7922
7923.png	0.395540	0.296981	0.457958	0.432624	0.486443	0.992895	15.750864	0.998394	28.965944	0.229119	0.219640	0.465431	28.283146	0.524473	1752	10	0	1	22	1.428571	0.000000	35	25	128.325902	4.114811	0.000000	-0.301390	-11.597286	-0.006395	0.000101	-0.010863	1184.886456	0.229119	0.229119	10	0	10	1	22	1.428571	0.000000	10	0	35	25	12	5.133036	4.114811	128.325902	0.000000	45672	26.068493	37.406393	256x256	65536	sparse	Frangi	193	10	21	1686	30.744732	0.575608	28.820952	0.998293	0.239982	0.650761	5	7	0.000000	27	1658	30.950992	0.614237	0.998110	28.414723	0.477208	0.230522	5110	31.985220	0.725286	0.998997	31.471868	0.225944	0.219849	0.144991	-0.431121	-2.461586	-0.051135	True	0.393621	28.286013	0.524463	28.966121	0.628423	0.292488	0.696930	27.348150	0.999289	7923
7924.png	0.304985	0.278810	0.436047	0.892857	0.288462	0.993283	15.499147	0.999778	26.365295	0.771654	0.568289	0.664201	28.086033	0.502977	1068	1	0	0	2	1.800000	0.000000	10	9	50.112698	4.130917	0.000000						798.253298	0.771654	0.771654	1	0	1	0	2	1.800000	0.000000	1	0	10	9	8	5.568078	4.130917	50.112698	0.000000	46154	43.215356	61.363296	256x256	65536	sparse	Frangi	158	1												19	994	30.363922	0.554662	0.999694	24.924396	0.397499	0.418831												True	0.305718	28.089457	0.503009	26.363776	0.601481	0.399504				7924
7925.png	0.558223	0.367604	0.537589	0.375433	0.946317	0.998562	26.417344	0.994497	29.114071	0.329215	0.360899	0.626946	30.081950	0.544416	3500	13	0	4	30	1.657895	0.000000	76	63	321.078210	5.246663	0.000000	-0.049173	-2.389298	-0.000709	-0.000652	0.010233	3108.805895	0.329215	0.329215	13	0	13	4	30	1.657895	0.000000	13	0	76	63	42	5.096480	5.246663	321.078210	0.000000	45614	13.032571	18.724571	256x256	65536	sparse	Otsu	402	13	36	3444	31.252361	0.644205	29.690284	0.995149	0.318982	0.386816	11	6	0.000000	41	3254	31.538298	0.695055	0.994902	29.329763	0.254936	0.314181	603	30.363670	0.546739	0.992371	27.712635	0.401004	0.334477	-0.576213	-0.025918	-1.170411	-0.099788	True	0.557427	30.086859	0.544440	29.119781	0.637960	0.399966	0.607395	28.806642	0.999271	7925
7926.png	0.675539	0.270819	0.426212	0.271493	0.990917	0.999323	27.915624	0.993468	29.239510	0.292338	0.391850	0.600652	30.060543	0.549456	4153	15	1	8	37	1.728155	0.066667	103	89	408.705627	4.401896	0.000000	-0.052753	-0.579602	-0.000154	-0.001367	0.008820	3551.964998	0.292338	0.292338	15	1	14	8	37	1.728155	0.066667	15	1	103	89	58	4.592198	4.401896	408.705627	0.000000	45476	10.950157	15.780400	256x256	65536	sparse	Otsu	526	15	43	4103	31.581184	0.666319	30.138069	0.994835	0.283518	0.400171	9	8	0.000000	47	3948	32.043105	0.725392	0.995190	30.346688	0.481999	0.274740	469	30.312530	0.549097	0.989728	26.614395	0.385328	0.304161	-0.898559	-0.008322	-1.520640	-0.116863	True	0.675111	30.067543	0.549477	29.241379	0.548870	0.329680	0.728291	28.495226	0.999477	7926
7927.png	0.550157	0.293291	0.453558	0.294270	0.988785	0.998982	28.065813	0.991564	29.310746	0.211877	0.325401	0.571372	29.188572	0.525544	4631	22	0	7	51	1.642276	0.000000	123	101	471.889394	4.849860	0.000000	-0.049265	-1.067331	-0.000287	-0.001609	-0.003363	4554.819584	0.211877	0.211877	22	0	22	7	51	1.642276	0.000000	22	0	123	101	65	4.672172	4.849860	471.889394	0.000000	45866	9.904124	14.151587	256x256	65536	sparse	Otsu	574	22	45	4491	31.317698	0.661919	30.326481	0.993172	0.215239	0.285853	12	6	0.000000	48	4532	31.905959	0.736358	0.993351	30.567988	0.273851	0.203223	467	30.022580	0.525656	0.986964	27.082449	0.368716	0.238377	-1.015735	0.039548	-2.129126	-0.136375	True	0.549399	29.195072	0.525570	29.318931	0.686514	0.392255	0.599422	29.133144	0.999269	7927
7928.png	0.484484	0.155701	0.269449	0.156517	0.967623	0.999255	25.941250	0.987045	29.251706	0.143309	0.319776	0.445573	28.507431	0.505461	5875	30	1	17	76	1.668571	0.033333	175	146	626.872150	4.772463	0.000000	-0.104022	-3.246823	-0.000399	-0.003350	0.000346	6425.214529	0.143309	0.143309	30	1	29	17	76	1.668571	0.033333	30	2	175	146	82	4.293645	4.772463	626.872150	0.000000	45993	7.828596	11.155064	256x256	65536	sparse	Otsu	734	30	56	5798	31.431961	0.683926	30.851854	0.990395	0.142964	0.224880	19	4	0.316667	54	5782	32.224702	0.772802	0.992262	31.347188	0.135078	0.138802	343	29.363508	0.504504	0.977861	26.166256	0.532334	0.158229	-1.600147	0.094897	-2.924530	-0.178466	True	0.482911	28.513543	0.505469	29.252491	0.554251	0.246960	0.588506	29.188073	0.999655	7928
7929.png	0.650345	0.345771	0.513863	0.356512	0.919853	0.998804	26.305179	0.995953	29.351497	0.289974	0.325542	0.390139	30.599155	0.557959	2752	13	0	6	32	1.623188	0.000000	69	56	278.208153	5.243213	0.000000	-0.029876	-1.827126	-0.000637	-0.000113	-0.008723	1956.000090	0.289974	0.289974	13	0	13	6	32	1.623188	0.000000	13	0	69	56	31	4.968003	5.243213	278.208153	0.000000	45402	16.497820	23.813953	256x256	65536	sparse	Otsu	270	13	31	2690	31.302006	0.629212	29.376133	0.996066	0.298698	0.245295	14	1	0.461538	39	2692	31.659226	0.679291	0.996026	29.338640	0.298017	0.293021	3346	31.583318	0.665126	0.996872	30.732716	0.285853	0.275716	-0.024636	0.080247	-0.702850	-0.071253	True	0.650104	30.605172	0.557983	29.359117	0.607807	0.237129	0.680221	28.132305	0.999441	7929
7930.png	0.535551	0.381812	0.552625	0.425427	0.788326	0.996349	22.271753	0.997416	29.291484	0.353187	0.515191	0.507337	30.877999	0.591503	2314	5	0	3	13	1.800000	0.000000	50	45	201.267027	5.721016	0.000000	-0.129420	-5.960617	-0.003043	0.000062	-0.012945	1839.368582	0.353187	0.353187	5	0	5	3	13	1.800000	0.000000	5	0	50	45	34	4.472601	5.721016	201.267027	0.000000	44935	19.418755	28.321521	256x256	65536	sparse	Otsu	253	5	29	2311	31.741034	0.643788	29.163409	0.997354	0.366132	0.389819	10	1	0.000000	40	2282	32.089946	0.684199	0.997357	29.187748	0.312482	0.363214	3838	32.320449	0.709106	0.998154	31.210784	0.276267	0.357857	0.128075	0.125372	-0.863035	-0.052285	True	0.540401	30.879781	0.591539	29.296053	0.604129	0.306497	0.664971	28.232371	0.999391	7930
7931.png	0.654356	0.428535	0.599964	0.440731	0.939343	0.998382	26.310990	0.995465	29.181164	0.417543	0.440102	0.669803	30.016830	0.529805	2967	10	0	6	26	1.746835	0.000000	79	69	321.007143	5.369053	0.000000	-0.070951	-1.921113	-0.000710	0.000123	-0.007650	2072.492838	0.417543	0.417543	10	0	10	6	26	1.746835	0.000000	10	0	79	69	47	4.652277	5.369053	321.007143	0.000000	45923	15.477924	22.088305	256x256	65536	sparse	Otsu	309	10	31	2943	30.794941	0.617003	28.986336	0.995341	0.425193	0.607414	8	9	0.000000	35	2942	31.085553	0.670942	0.994885	28.607116	0.215277	0.433716	3145	30.943154	0.636499	0.995861	29.659767	0.394278	0.423333	0.194828	-0.167313	-0.778110	-0.087198	True	0.656886	30.023378	0.529821	29.195294	0.773498	0.518091	0.725307	28.232103	0.999092	7931
7932.png	0.722878	0.423438	0.594951	0.430480	0.962805	0.998453	27.237501	0.995368	28.998558	0.373887	0.336792	0.521521	29.975148	0.526327	3074	15	2	10	38	1.714286	0.133333	91	78	330.279221	4.682147	0.000000	-0.031315	-1.047919	-0.000383	-0.000317	0.005310	2170.853615	0.373887	0.373887	15	2	13	10	38	1.714286	0.133333	15	2	91	78	43	4.234349	4.682147	330.279221	0.000000	45911	14.935264	21.319453	256x256	65536	sparse	Otsu	303	15	32	3059	30.851242	0.618633	29.335180	0.995685	0.368578	0.671538	6	14	0.000000	38	3072	31.236240	0.675598	0.995670	29.112606	0.399966	0.363759	665	30.157637	0.531612	0.993756	27.585114	0.575425	0.382098	-0.336622	-0.334746	-0.876094	-0.092306	True	0.722628	29.981023	0.526345	29.005774	0.701803	0.366005	0.754193	28.285421	0.998836	7932
7933.png	0.645972	0.381007	0.551781	0.396352	0.907759	0.998159	26.633463	0.994095	29.097091	0.342588	0.430546	0.663564	29.646072	0.525091	3879	13	1	11	37	1.760000	0.076923	100	88	395.835570	4.809906	0.000000	-0.063230	-2.236156	-0.000872	-0.000728	-0.002619	3493.411303	0.342588	0.342588	13	1	12	11	37	1.760000	0.076923	13	1	100	88	52	4.498131	4.809906	395.835570	0.000000	45902	11.833462	16.895076	256x256	65536	sparse	Otsu	468	13	38	3795	31.064513	0.643562	29.747938	0.994823	0.345207	0.415456	13	6	0.000000	42	3878	31.491586	0.711466	0.994726	29.541446	0.168803	0.353010	539	30.045410	0.528154	0.991308	27.476894	0.720569	0.370500	-0.650847	0.015090	-1.418441	-0.118471	True	0.647087	29.654007	0.525126	29.101101	0.786688	0.522018	0.709202	28.869619	0.999032	7933
7934.png	0.582906	0.391341	0.562538	0.401989	0.936605	0.998678	26.707951	0.996044	29.363789	0.378315	0.404157	0.477577	30.687284	0.559306	2638	9	0	6	24	1.718750	0.000000	64	55	256.308658	5.795048	0.000000	-0.029339	-1.903713	-0.000655	0.000021	0.011359	2104.739904	0.378315	0.378315	9	0	9	6	24	1.718750	0.000000	9	0	64	55	34	4.660157	5.795048	256.308658	0.000000	45386	17.204701	24.843063	256x256	65536	sparse	Otsu	267	9	30	2592	31.272949	0.625772	29.287086	0.996022	0.366957	0.443822	9	6	0.000000	36	2542	31.503199	0.672242	0.995643	28.870575	0.488291	0.376016	3545	31.622077	0.672831	0.997035	30.775380	0.267220	0.384102	0.076702	-0.039665	-0.585665	-0.066466	True	0.582149	30.691382	0.559326	29.384744	0.700308	0.334451	0.612245	28.611664	0.999333	7934
7935.png	0.606044	0.586700	0.739522	0.603753	0.954070	0.998443	26.986593	0.997566	28.927536	0.442605	0.547062	0.591642	31.371662	0.596944	2510	5	0	1	11	1.787234	0.000000	47	42	226.137085	5.338571	0.000000	-0.028248	-1.383245	-0.000639	-0.000003	-0.017169	2050.595999	0.442605	0.442605	5	0	5	1	11	1.787234	0.000000	5	0	47	42	35	5.384216	5.338571	226.137085	0.000000	44905	17.890438	26.109960	256x256	65536	sparse	Otsu	305	5	30	2431	31.759090	0.646995	28.866020	0.997570	0.459774	0.423574	11	8	0.000000	40	2264	32.045544	0.680862	0.997390	28.781956	0.418416	0.449032	3603	32.208988	0.696828	0.998454	31.129997	0.224437	0.441369	0.061516	0.123488	-0.387428	-0.050051	True	0.603297	31.375925	0.596974	28.933390	0.640845	0.379151	0.634292	28.369838	0.999082	7935
7936.png	0.582633	0.289491	0.449001	0.294997	0.939438	0.998450	24.873040	0.993893	29.238722	0.286813	0.340320	0.452478	29.648361	0.533228	4014	15	0	7	37	1.651163	0.000000	86	71	338.421356	5.484727	0.000000	-0.074333	-3.813791	-0.001030	-0.000623	0.011444	4099.758148	0.286813	0.286813	15	0	15	7	37	1.651163	0.000000	15	0	86	71	42	4.766498	5.484727	338.421356	0.000000	45796	11.409068	16.326856	256x256	65536	sparse	Otsu	498	15	40	3912	31.221692	0.651392	29.910171	0.994517	0.275369	0.414916	10	0	0.833333	42	3736	31.573616	0.709651	0.994215	29.612145	0.337676	0.271448	535	30.150656	0.536827	0.990298	27.205675	0.570013	0.300581	-0.671450	-0.074596	-1.573331	-0.118164	True	0.581006	29.656996	0.533251	29.247491	0.740760	0.335178	0.656966	28.686831	0.999481	7936
7937.png	0.628804	0.399291	0.570705	0.405256	0.964450	0.998954	27.698277	0.994271	29.577495	0.402258	0.344266	0.566841	30.629394	0.549656	2557	10	0	6	26	1.687500	0.000000	64	54	234.137085	6.239469	0.000000	-0.021751	-0.805570	-0.000304	0.000393	0.011371	2144.540548	0.402258	0.402258	10	0	10	6	26	1.687500	0.000000	10	0	64	54	32	4.335872	6.239469	234.137085	0.000000	45466	17.780993	25.630035	256x256	65536	sparse	Otsu	258	10	29	2515	31.069265	0.614485	29.339281	0.993878	0.390887	0.424970	9	4	0.000000	35	2436	31.341793	0.658580	0.993534	29.093841	0.335401	0.396387	3647	31.545665	0.672593	0.995834	30.919804	0.195249	0.397155	0.238214	-0.080704	-0.439871	-0.064828	True	0.628664	30.633054	0.549702	29.585636	0.738154	0.418416	0.650556	28.503847	0.999258	7937
7938.png	0.307182	0.305862	0.468444	0.832543	0.325912	0.990313	16.126061	0.999486	27.975004	0.801829	0.234072	0.466351	28.614907	0.564849	1163	3	0	0	6	1.538462	0.000000	13	10	44.455844	4.876714	0.000000	-0.242130	-5.473012	-0.005993	0.001575	0.435083	965.067625	0.801829	0.801829	3	0	3	0	6	1.538462	0.000000	3	0	13	10	7	4.445584	4.876714	44.455844	0.000000	45035	38.723130	56.350817	256x256	65536	sparse	Frangi	147	3	4	1156	26.781667	0.566999	21.094413	0.997910	0.366746	0.363080	9	2	0.000000	26	1080	31.513343	0.621702	0.999387	26.843912	0.598280	0.399399								6.880590	-0.129008	1.833240	-0.002150	True	0.306578	28.613753	0.564884	27.990162	0.642278	0.299527	0.549312	21.599072	0.996306	7938
7939.png	0.414658	0.355589	0.524627	0.809908	0.387969	0.989849	15.576196	0.999238	27.182083	0.573123	0.288230	0.692588	27.645456	0.522056	1331	3	0	0	6	1.571429	0.000000	14	11	56.698485	5.189061	0.000000	-0.291845	-6.986147	-0.007588	0.001392	0.264711	1001.140118	0.573123	0.573123	3	0	3	0	6	1.571429	0.000000	3	0	14	11	8	5.154408	5.189061	56.698485	0.000000	45825	34.429001	49.238167	256x256	65536	sparse	Frangi	160	3	5	1203	28.476648	0.538950	22.377315	0.997845	0.308411	0.600483	8	6	0.000000	22	1298	30.650051	0.597867	0.998794	25.969814	0.542902	0.319102								4.804767	-0.312254	-0.831192	-0.016894	True	0.422066	27.648273	0.522076	27.177239	0.697599	0.483149	0.706503	22.562343	0.997438	7939
7940.png	0.523885	0.220471	0.361289	0.223309	0.945494	0.998769	25.365400	0.989841	29.092509	0.221632	0.295051	0.364639	28.967833	0.520560	4715	27	3	10	62	1.654676	0.111111	139	115	501.747258	4.478242	0.000000	-0.092603	-3.848911	-0.000766	-0.002130	0.004832	4127.891064	0.221632	0.221632	27	3	24	10	62	1.654676	0.111111	27	3	139	115	67	4.363020	4.478242	501.747258	0.000000	45894	9.733616	13.899470	256x256	65536	sparse	Otsu	531	27	46	4697	31.295743	0.665296	30.514258	0.991970	0.216800	0.361947	15	8	0.000000	46	4398	31.759581	0.731269	0.992343	30.491848	0.146638	0.222016	410	29.811862	0.521613	0.984361	26.979408	0.591801	0.268346	-1.421748	-0.066896	-2.327909	-0.144736	True	0.522811	28.969873	0.520572	29.095602	0.661760	0.241304	0.616487	29.214311	0.999535	7940
7941.png	0.583060	0.298210	0.459417	0.301782	0.961825	0.999074	25.959376	0.995079	29.236357	0.344253	0.460516	0.580434	30.082681	0.562454	3104	7	0	2	16	1.740741	0.000000	54	47	243.379726	5.973537	0.000000	-0.078162	-2.389895	-0.000541	-0.000217	-0.010660	3349.342108	0.344253	0.344253	7	0	7	2	16	1.740741	0.000000	7	0	54	47	36	5.178292	5.973537	243.379726	0.000000	45388	14.622423	21.113402	256x256	65536	sparse	Otsu	404	7	34	3042	31.436474	0.643045	29.606692	0.995296	0.354913	0.383687	10	0	0.785714	42	3004	31.795672	0.695091	0.995283	29.289656	0.249238	0.345954	659	30.775918	0.566926	0.993422	27.819606	0.479691	0.380375	-0.370334	0.076830	-1.353793	-0.080590	True	0.580478	30.084273	0.562448	29.239725	0.576838	0.334816	0.661222	28.349271	0.999614	7941
7942.png	0.533049	0.397570	0.568945	0.400626	0.981172	0.999078	28.680164	0.994491	29.327675	0.386510	0.617107	0.369446	30.781583	0.574449	3124	4	0	2	11	1.826087	0.000000	46	42	228.421356	6.781094	0.000000	-0.021215	-0.131829	-0.000170	-0.000304	-0.004039	3542.578697	0.386510	0.386510	4	0	4	2	11	1.826087	0.000000	4	0	46	42	33	5.438604	6.781094	228.421356	0.000000	45153	14.453585	20.978233	256x256	65536	sparse	Otsu	437	4	35	3009	31.632235	0.647924	29.663302	0.994795	0.390549	0.303195	16	6	0.000000	43	2966	31.951126	0.698538	0.994555	29.549620	0.205210	0.408059	668	30.952395	0.575907	0.992696	28.101754	0.340026	0.381264	-0.335627	0.313912	-0.850652	-0.073475	True	0.535429	30.783276	0.574477	29.328322	0.709165	0.261999	0.554264	28.811993	0.999248	7942
7943.png	0.517381	0.562368	0.719892	0.570815	0.974359	0.998586	28.529584	0.996409	29.518638	0.344607	0.483149	0.537260	31.132283	0.573996	2337	6	0	4	16	1.764706	0.000000	51	45	223.066017	5.705125	0.000000	-0.006539	-0.271307	-0.000199	-0.000017	-0.001341	1939.476252	0.344607	0.344607	6	0	6	4	16	1.764706	0.000000	6	0	51	45	31	4.957023	5.705125	223.066017	0.000000	45135	19.313222	28.042790	256x256	65536	sparse	Otsu	261	6	29	2295	31.475490	0.622903	29.364046	0.996426	0.345948	0.281076	12	4	0.000000	36	2082	31.652033	0.657863	0.995769	28.779592	0.250008	0.302500	4091	32.106945	0.703455	0.997639	31.449699	0.288230	0.332620	0.154591	0.202072	-0.343207	-0.048907	True	0.515327	31.136239	0.574027	29.520678	0.550671	0.295854	0.523921	28.800890	0.998786	7943
7944.png	0.595687	0.439347	0.610481	0.586572	0.636422	0.995422	19.266915	0.998295	28.882350	0.492041	0.305418	0.781273	29.349543	0.534289	2005	9	1	2	18	1.627907	0.111111	43	35	177.953319	4.043602	0.000000	-0.145469	-8.458017	-0.003414	0.000200	0.079813	1298.864841	0.492041	0.492041	9	1	8	2	18	1.627907	0.111111	9	1	43	35	23	5.084381	4.043602	177.953319	0.000000	45607	22.746633	32.686284	256x256	65536	sparse	Frangi	226	9	23	1890	30.804052	0.585061	28.440532	0.998095	0.412227	0.715209	5	13	0.000000	29	1824	31.015098	0.623057	0.997871	28.092201	0.395891	0.410904	4663	31.795345	0.710002	0.998873	31.121607	0.223320	0.389655	0.441818	-0.409792	-1.454509	-0.050772	True	0.592147	29.353967	0.534326	28.886841	0.622808	0.486583	0.741157	27.724932	0.998836	7944
7945.png	0.719870	0.392462	0.563695	0.409402	0.904627	0.998041	21.381095	0.998431	28.307599	0.450000	0.421124	0.822818	30.392731	0.563298	2265	6	0	1	13	1.727273	0.000000	44	38	183.267027	5.268405	0.000000	-0.065845	-5.488342	-0.001601	0.000074	0.019844	1949.655056	0.450000	0.450000	6	0	6	1	13	1.727273	0.000000	6	0	44	38	30	4.822817	5.268405	183.267027	0.000000	45509	20.092274	28.934216	256x256	65536	sparse	Otsu	242	6	27	2264	31.179745	0.615186	28.032338	0.998357	0.430156	0.534201	5	2	0.000000	34	2176	31.422624	0.656297	0.998291	27.790641	0.571729	0.443850	4122	31.854533	0.694563	0.999212	31.390126	0.396494	0.443069	0.275261	-0.113077	-0.787014	-0.051888	True	0.720968	30.396920	0.563340	28.312501	0.619017	0.509338	0.785714	26.869437	0.999642	7945
7946.png	0.627655	0.442418	0.613440	0.444975	0.987179	0.998925	27.948404	0.994780	29.001981	0.448811	0.609372	0.552223	30.552054	0.553925	2811	5	0	2	12	1.807692	0.000000	52	47	263.137085	6.841119	0.000000	-0.009529	0.031430	-0.000090	0.000269	-0.010526	2199.991703	0.448811	0.448811	5	0	5	2	12	1.807692	0.000000	5	0	52	47	38	5.598661	6.841119	263.137085	0.000000	45737	16.270722	23.314123	256x256	65536	sparse	Otsu	302	5	30	2768	30.970234	0.623780	28.738384	0.994512	0.459337	0.518529	11	9	0.000000	35	2770	31.225210	0.673050	0.993884	28.352810	0.345867	0.450690	3319	31.230360	0.652726	0.995632	30.072842	0.444087	0.446702	0.263597	0.090843	-0.418180	-0.069855	True	0.627034	30.551366	0.553897	29.009520	0.689012	0.380488	0.637184	27.916974	0.999016	7946
7947.png	0.667543	0.282619	0.440690	0.291097	0.906577	0.998546	25.455796	0.994488	29.441912	0.266100	0.324446	0.777696	29.561316	0.514639	3877	18	2	10	43	1.706422	0.111111	109	93	382.977705	4.404665	0.000000	-0.089531	-3.636811	-0.000980	-0.000625	-0.000095	3492.149830	0.266100	0.266100	18	2	16	10	43	1.706422	0.111111	18	2	109	93	56	4.118040	4.404665	382.977705	0.000000	46018	11.869487	16.903792	256x256	65536	sparse	Otsu	457	18	37	3682	30.919302	0.633350	30.050122	0.995112	0.266196	0.497168	8	7	0.000000	41	3744	31.346766	0.702244	0.995190	29.738433	0.100817	0.277145	531	29.931340	0.517850	0.992420	27.857322	0.521293	0.261713	-0.608210	-0.172722	-1.357986	-0.118712	True	0.667543	29.568522	0.514647	29.447590	0.689633	0.536325	0.757074	29.092607	0.999526	7947
7948.png	0.396359	0.348351	0.516706	0.349100	0.993879	0.999165	29.125042	0.994131	30.247010	0.183038	0.348406	0.319086	31.302736	0.581960	2717	12	0	4	28	1.671233	0.000000	73	61	279.793939	5.418221	0.000000	-0.003077	-0.032015	-0.000044	-0.000073	0.001367	2283.122063	0.183038	0.183038	12	0	12	4	28	1.671233	0.000000	12	0	73	61	41	4.586786	5.418221	279.793939	0.000000	44853	16.508281	24.120721	256x256	65536	sparse	Otsu	300	12	33	2691	31.793605	0.645788	30.283690	0.994203	0.181672	0.165843	15	1	0.375000	43	2458	32.097344	0.683051	0.993852	30.261348	0.326694	0.190540	3410	32.066749	0.686974	0.995470	31.286727	0.152291	0.190220	-0.036679	0.182563	-0.490869	-0.063828	True	0.394258	31.304488	0.581957	30.247731	0.605446	0.193190	0.399435	29.157057	0.999209	7948
7949.png	0.551249	0.568884	0.725209	0.576242	0.978047	0.998079	29.002656	0.995423	29.631816	0.391290	0.388248	0.660118	31.157032	0.592284	2322	7	0	3	17	1.708333	0.000000	48	41	191.095454	5.887298	0.000000	-0.028098	-0.041625	-0.000090	0.000023	-0.004366	1814.863682	0.391290	0.391290	7	0	7	3	17	1.708333	0.000000	7	0	48	41	28	4.660865	5.887298	191.095454	0.000000	44728	19.262705	28.223945	256x256	65536	sparse	Otsu	241	7	30	2277	31.841597	0.639584	29.780463	0.995400	0.395657	0.267368	18	8	0.000000	43	2242	32.199233	0.680862	0.995205	29.869173	0.277874	0.390715	4049	32.467126	0.715628	0.997010	31.693187	0.112056	0.375126	-0.148647	0.120881	-0.684566	-0.047301	True	0.552779	31.163493	0.592324	29.640314	0.686514	0.453180	0.579348	29.044281	0.998168	7949
7950.png	0.664358	0.574698	0.729915	0.593213	0.948489	0.998466	27.574851	0.997558	29.243048	0.495745	0.451188	0.707353	31.381161	0.589142	2307	6	1	3	13	1.791667	0.166667	48	43	203.166522	4.882192	0.000000	-0.013512	-0.992369	-0.000442	0.000099	-0.003190	1709.277868	0.495745	0.495745	6	1	5	3	13	1.791667	0.166667	6	1	48	43	32	4.724803	4.882192	203.166522	0.000000	44859	19.444733	28.407456	256x256	65536	sparse	Otsu	255	6	29	2216	31.723223	0.634241	29.118904	0.997459	0.498935	0.519294	8	11	0.000000	41	2304	32.090360	0.681214	0.997152	28.997309	0.442585	0.534923	3819	32.257443	0.703357	0.998456	31.422943	0.418222	0.493832	0.124144	-0.068106	-0.342062	-0.045099	True	0.661635	31.383165	0.589141	29.249432	0.639405	0.452285	0.677869	28.567219	0.998908	7950
7951.png	0.405848	0.203438	0.338095	0.209927	0.868102	0.998604	25.985271	0.989518	29.285351	0.121467	0.355964	0.451887	28.911406	0.514148	4970	25	3	13	61	1.725000	0.120000	160	138	600.801082	4.445201	0.000000	-0.044929	-3.137673	-0.000818	-0.002049	0.001863	3625.172138	0.121467	0.121467	25	3	22	13	61	1.725000	0.120000	25	3	160	138	86	4.353631	4.445201	600.801082	0.000000	45971	9.249698	13.186318	256x256	65536	sparse	Otsu	553	25	48	4880	31.266512	0.666133	30.558339	0.991567	0.119604	0.196021	11	0	0.220000	49	4742	31.878000	0.741085	0.992390	30.906299	0.185624	0.113419	407	29.712915	0.513877	0.984232	26.689986	0.215616	0.141192	-1.272987	0.159943	-2.355106	-0.151985	True	0.403745	28.916338	0.514173	29.293286	0.614032	0.277473	0.450777	29.122943	0.999422	7951
7952.png	0.607447	0.318486	0.483108	0.340314	0.832363	0.998442	24.451377	0.998328	29.411081	0.306597	0.273851	0.418072	31.385040	0.594535	2100	10	0	0	20	1.591837	0.000000	49	39	170.710678	4.611496	0.000000	-0.031915	-3.388945	-0.001187	-0.000027	-0.007999	1451.196909	0.306597	0.306597	10	0	10	0	20	1.591837	0.000000	10	0	49	39	29	4.377197	4.611496	170.710678	0.000000	44691	21.281429	31.207619	256x256	65536	sparse	Otsu	235	10	27	1975	31.904148	0.635214	29.190502	0.998355	0.314596	0.386147	5	0	0.750000	40	2002	32.215506	0.673179	0.998432	29.459880	0.242535	0.309726	4265	32.637854	0.725667	0.998930	31.827914	0.171859	0.294201	0.220579	-0.112296	-0.519108	-0.040679	True	0.608280	31.393553	0.594594	29.440192	0.563951	0.235772	0.639362	27.840322	0.999629	7952
7953.png	0.721357	0.528711	0.691708	0.565501	0.890432	0.997251	24.280279	0.997417	28.545058	0.588849	0.406964	0.631768	30.441953	0.564675	2734	8	1	2	17	1.758621	0.125000	58	51	231.237590	5.193481	0.000000	-0.057231	-3.751183	-0.001864	-0.000047	0.019296	2058.336496	0.588849	0.588849	8	1	7	2	17	1.758621	0.125000	8	0	58	51	39	4.534070	5.193481	231.237590	0.000000	45478	16.634236	23.970739	256x256	65536	sparse	Otsu	301	8	30	2716	31.208884	0.632944	28.583038	0.997465	0.569553	0.680181	6	6	0.000000	38	2690	31.483587	0.682156	0.997448	28.459145	0.557803	0.559688	3234	31.431351	0.657297	0.998228	29.955489	0.762123	0.574242	-0.037980	-0.273217	-0.766931	-0.068270	True	0.720696	30.445221	0.564686	28.548189	0.738154	0.466342	0.778588	28.031462	0.999116	7953
7954.png	0.574099	0.376821	0.547378	0.383652	0.954881	0.999060	27.316017	0.996330	29.193767	0.332801	0.476211	0.498983	30.464813	0.580215	2658	6	0	3	15	1.764706	0.000000	51	45	211.195959	6.113696	0.000000	-0.056670	-1.401735	-0.000413	-0.000349	-0.030895	2375.432730	0.332801	0.332801	6	0	6	3	15	1.764706	0.000000	6	0	51	45	33	4.693244	6.113696	211.195959	0.000000	45006	16.932280	24.656132	256x256	65536	sparse	Otsu	315	6	32	2658	31.683692	0.643685	29.700197	0.996678	0.363696	0.372493	10	4	0.000000	43	2504	32.005306	0.684537	0.996589	29.650517	0.290125	0.348540	3540	32.053474	0.690440	0.997484	31.220846	0.228177	0.353462	-0.506431	0.103718	-1.218879	-0.063469	True	0.583663	30.471464	0.580265	29.198506	0.627679	0.313201	0.630769	28.717752	0.999473	7954
7955.png	0.703674	0.367524	0.537503	0.367925	0.997050	0.999610	28.231949	0.996927	29.342689	0.390805	0.451188	0.757716	31.706917	0.612381	2023	4	0	0	8	1.771429	0.000000	35	31	135.053824	7.581562	0.000000	-0.014948	0.633554	0.000040	0.000353	-0.000342	1863.204718	0.390805	0.390805	4	0	4	0	8	1.771429	0.000000	4	0	35	31	27	4.356575	7.581562	135.053824	0.000000	44535	22.014335	32.395452	256x256	65536	sparse	Otsu	218	4	26	1906	31.935426	0.640457	28.851601	0.996575	0.391147	0.476909	5	1	0.375000	41	1952	32.283049	0.678909	0.996539	28.960919	0.493383	0.390421	4734	32.981245	0.743846	0.998389	32.573385	0.301326	0.385704	0.491088	-0.025721	-0.228509	-0.028075	True	0.704237	31.710648	0.612398	29.348720	0.595458	0.451188	0.718622	27.598394	0.999570	7955
7956.png	0.413341	0.149291	0.259797	0.149566	0.987837	0.999188	28.467230	0.985910	29.844091	0.115832	0.295111	0.542803	28.807624	0.519261	6258	35	1	16	85	1.630435	0.028571	184	150	659.600072	4.797327	0.000000	-0.078588	-1.344537	-0.000230	-0.003745	0.012057	6849.141359	0.115832	0.115832	35	1	34	16	85	1.630435	0.028571	35	1	184	150	83	4.397334	4.797327	659.600072	0.000000	45664	7.296900	10.472355	256x256	65536	sparse	Otsu	778	35	60	6118	31.816722	0.699349	31.356693	0.989654	0.103775	0.204211	19	6	0.000000	59	6232	32.802509	0.789962	0.991013	31.792706	0.082338	0.174366	343	29.804799	0.522010	0.977781	27.256182	0.305109	0.117601	-1.512602	0.090900	-3.009098	-0.180088	True	0.415623	28.811731	0.519247	29.846534	0.520974	0.282786	0.491929	29.811767	0.999417	7956
7957.png	0.479321	0.311161	0.474634	0.313341	0.978128	0.999328	28.358176	0.995152	29.241333	0.218157	0.425353	0.340721	30.244651	0.555204	3337	10	0	4	24	1.710145	0.000000	69	59	300.551299	5.272766	0.000000	-0.014370	-0.610184	-0.000166	-0.000651	0.007675	3201.358080	0.218157	0.218157	10	0	10	4	24	1.710145	0.000000	10	0	69	59	41	5.094090	5.272766	300.551299	0.000000	45339	13.586755	19.639197	256x256	65536	sparse	Otsu	428	10	36	3318	31.490187	0.646787	29.998413	0.995803	0.210482	0.252312	13	7	0.000000	43	3330	31.885275	0.703537	0.995513	29.762186	0.250488	0.185258	605	30.734330	0.557863	0.993690	28.084397	0.302324	0.227859	-0.757080	0.173042	-1.245536	-0.091583	True	0.479705	30.248083	0.555210	29.242232	0.534201	0.182013	0.493691	28.968360	0.999494	7957
7958.png	0.673814	0.565198	0.722206	0.605491	0.894662	0.996609	19.935599	0.997800	28.926822	0.555077	0.428791	1.137344	30.120592	0.574349	2032	5	0	3	13	1.729730	0.000000	37	32	158.610173	6.081771	0.000000	-0.051689	-7.677790	-0.002394	0.000264	0.073760	1594.715834	0.555077	0.555077	5	0	5	3	13	1.729730	0.000000	5	0	37	32	21	4.956568	6.081771	158.610173	0.000000	45141	22.215059	32.251969	256x256	65536	sparse	Otsu	218	5	26	2022	31.386349	0.616704	28.479326	0.997536	0.481317	0.481855	8	8	0.000000	33	1912	31.562345	0.650626	0.996950	27.832882	0.472708	0.482912	4572	32.263962	0.719654	0.998749	31.561554	0.496749	0.467053	0.447496	-0.053064	-1.265757	-0.042355	True	0.673602	30.122673	0.574374	28.930773	0.532334	0.605446	0.725503	27.613389	0.999003	7958
7960.png	0.331292	0.231444	0.375891	0.341240	0.418374	0.994368	17.381908	0.997415	28.464160	0.235756	0.201177	0.333719	28.429359	0.509157	2011	13	0	3	29	1.458333	0.000000	48	35	153.296465	4.139855	0.000000	-0.197597	-9.498934	-0.004774	0.000096	0.036454	1273.728609	0.235756	0.235756	13	0	13	3	29	1.458333	0.000000	13	0	48	35	16	4.379899	4.139855	153.296465	0.000000	45919	22.833913	32.588762	256x256	65536	sparse	Frangi	193	13	23	1992	30.502013	0.574865	28.393179	0.997320	0.199302	0.293548	8	0	0.807692	29	1880	30.773878	0.618286	0.997656	28.656836	0.205466	0.199646	4706	31.545950	0.699862	0.998212	31.093187	0.161941	0.200609	0.070982	-0.092371	-2.072653	-0.065708	True	0.330882	28.431548	0.509178	28.465404	0.691181	0.230660	0.528889	26.880842	0.999142	7960
7961.png	0.538690	0.359894	0.529297	0.366910	0.949544	0.998563	24.897474	0.995286	28.660287	0.293600	0.383463	0.313467	29.724867	0.535540	3484	11	0	4	26	1.706667	0.000000	75	64	284.409163	5.359921	0.000000	-0.047854	-3.335222	-0.000940	-0.000441	-0.009000	3290.250540	0.293600	0.293600	11	0	11	4	26	1.706667	0.000000	11	0	75	64	45	4.443893	5.359921	284.409163	0.000000	45855	13.161596	18.810563	256x256	65536	sparse	Otsu	461	11	35	3435	31.054083	0.637028	29.224582	0.995727	0.302600	0.296318	14	2	0.000000	41	3196	31.399394	0.687269	0.995573	29.152092	0.271284	0.281158	592	30.173938	0.538724	0.993460	27.106511	0.357250	0.311880	-0.564295	0.087145	-1.329216	-0.101489	True	0.547969	29.731779	0.535582	28.668236	0.652156	0.204429	0.586544	28.232696	0.999503	7961
7962.png	0.552131	0.585386	0.738478	0.600686	0.958305	0.998747	28.479482	0.997446	29.587598	0.386724	0.300577	0.583776	31.610050	0.598297	2016	8	0	3	19	1.578947	0.000000	38	30	149.911688	5.632534	0.000000	-0.004368	-0.113648	-0.000060	0.000317	-0.003281	1533.516645	0.386724	0.386724	8	0	8	3	19	1.578947	0.000000	8	0	38	30	16	4.997056	5.632534	149.911688	0.000000	44684	22.164683	32.507937	256x256	65536	sparse	Otsu	209	8	27	2013	31.863875	0.636025	29.117687	0.997129	0.390004	0.348189	10	3	0.000000	38	1974	32.130258	0.672088	0.996861	28.960517	0.264104	0.372063	4634	32.736089	0.738760	0.998445	32.115789	0.206502	0.377238	0.469911	-0.047611	-0.253825	-0.037728	True	0.550459	31.610690	0.598293	29.589897	0.554251	0.323558	0.556499	28.593131	0.998807	7962
7963.png	0.503806	0.119557	0.213578	0.119797	0.983516	0.999368	26.683904	0.986790	29.637517	0.122911	0.303169	0.529703	28.572180	0.513332	5604	33	2	17	80	1.647727	0.060606	176	145	645.600072	4.640835	0.000000	-0.147044	-2.254854	-0.000348	-0.003169	-0.001955	4532.439709	0.122911	0.122911	33	2	31	17	80	1.647727	0.060606	33	1	176	145	79	4.452414	4.640835	645.600072	0.000000	45842	8.180228	11.694504	256x256	65536	sparse	Otsu	621	33	55	5572	31.524754	0.683496	31.088616	0.989959	0.124866	0.294136	12	4	0.000000	53	5136	32.159538	0.756226	0.991234	31.433824	0.164191	0.119754	340	29.429104	0.515712	0.980452	27.284804	0.300327	0.151446	-1.451099	0.009032	-2.952574	-0.170164	True	0.506241	28.577865	0.513377	29.641468	0.578948	0.306671	0.650850	28.938758	0.999716	7963
7964.png	0.737546	0.493849	0.661176	0.499822	0.976372	0.998575	28.067166	0.995463	29.772475	0.488045	0.395488	0.845829	31.033632	0.565313	2093	6	0	2	14	1.684211	0.000000	38	32	162.396970	6.309072	0.000000	-0.013072	-0.338174	-0.000170	0.000297	0.003218	1844.967842	0.488045	0.488045	6	0	6	2	14	1.684211	0.000000	6	0	38	32	22	5.074905	6.309072	162.396970	0.000000	45179	21.585762	31.311992	256x256	65536	sparse	Otsu	232	6	26	2074	31.254939	0.607068	29.297836	0.995166	0.484827	0.705948	5	11	0.000000	33	1838	31.494573	0.641043	0.994116	28.795945	0.100575	0.487197	4498	32.148526	0.713914	0.996986	31.546261	0.058706	0.459861	0.474638	-0.310461	-0.221307	-0.041755	True	0.736330	31.038949	0.565347	29.777498	0.632121	0.534666	0.750617	28.405340	0.998745	7964
7965.png	0.693703	0.564516	0.721649	0.618375	0.866337	0.996364	23.700145	0.997810	29.039048	0.596799	0.516482	0.682274	31.118708	0.603706	2450	6	0	5	17	1.777778	0.000000	54	48	240.994949	5.015661	0.000000	-0.108017	-4.886561	-0.002742	-0.000030	0.029024	1840.381384	0.596799	0.596799	6	0	6	5	17	1.777778	0.000000	6	0	54	48	32	5.020728	5.015661	240.994949	0.000000	44675	18.234694	26.749388	256x256	65536	sparse	Otsu	269	6	30	2380	31.918769	0.654424	29.070971	0.997840	0.567775	0.503415	9	4	0.000000	42	2440	32.278417	0.699230	0.997902	29.117459	0.482208	0.557341	3767	32.468808	0.712276	0.998660	31.272841	0.621863	0.556165	-0.031923	0.013067	-0.800061	-0.050718	True	0.694207	31.123294	0.603750	29.040670	0.704770	0.480846	0.801720	28.586707	0.999106	7965
7966.png	0.681746	0.381034	0.551810	0.389161	0.948041	0.998984	27.501066	0.997326	29.669262	0.323478	0.280048	0.392609	30.885698	0.562859	2513	14	0	3	31	1.548387	0.000000	62	48	245.409163	4.471784	0.000000	-0.007249	-0.919011	-0.000326	0.000072	0.004477	1790.697813	0.323478	0.323478	14	0	14	3	31	1.548387	0.000000	14	0	62	48	28	5.112691	4.471784	245.409163	0.000000	45202	17.987266	26.078790	256x256	65536	sparse	Otsu	267	14	29	2423	31.354145	0.621767	29.522358	0.997254	0.319001	0.405479	8	0	0.785714	40	2436	31.738509	0.668936	0.997168	29.482686	0.295854	0.314879	3727	31.888985	0.688447	0.998148	31.397758	0.270426	0.334486	0.146904	-0.125431	-0.468447	-0.058908	True	0.686010	30.885582	0.562864	29.671346	0.650062	0.255220	0.688995	28.420077	0.999311	7966
7967.png	0.558999	0.481096	0.649648	0.490589	0.961333	0.998776	28.020807	0.995817	29.494999	0.351841	0.516021	0.331112	30.976512	0.569943	2641	7	0	5	19	1.774194	0.000000	62	55	289.249783	4.963163	0.000000	-0.010566	-0.676252	-0.000169	0.000153	-0.000623	1862.529993	0.351841	0.351841	7	0	7	5	19	1.774194	0.000000	7	0	62	55	38	5.259087	4.963163	289.249783	0.000000	45205	17.116622	24.814843	256x256	65536	sparse	Otsu	291	7	30	2510	31.398376	0.629130	29.476855	0.995664	0.352464	0.244216	20	2	0.000000	40	2560	31.768375	0.676073	0.995463	29.410745	0.294897	0.340649	3426	31.738368	0.673665	0.996533	30.732646	0.159826	0.363745	0.018144	0.271805	-0.421864	-0.059187	True	0.560392	30.981109	0.569990	29.497153	0.568289	0.188168	0.569565	28.697059	0.998946	7967
7969.png	0.367652	0.275836	0.432400	0.876812	0.286957	0.988319	17.752923	0.999299	26.945295	0.407179	0.206601	0.562555	28.101212	0.520602	1498	7	0	0	14	1.416667	0.000000	24	17	82.698485	3.640441	0.000000	-0.238900	-9.202417	-0.009464	0.000082	0.104341	973.820210	0.407179	0.407179	7	0	7	0	14	1.416667	0.000000	7	0	24	17	10	4.864617	3.640441	82.698485	0.000000	45751	30.541389	43.748999	256x256	65536	sparse	Frangi	173	7	16	1482	30.552322	0.564185	26.505564	0.999217	0.302838	0.286805	20	2	0.000000	24	1416	30.725113	0.606080	0.999112	26.485156	0.301326	0.300403								0.439731	-0.080204	-2.451110	-0.043583	True	0.377785	28.106446	0.520613	26.955889	0.688597	0.387374	0.606551	26.955340	0.997783	7969
7970.png	0.453636	0.310872	0.474298	0.316855	0.942744	0.999108	27.362702	0.995988	30.048128	0.186552	0.258193	0.456394	30.936544	0.576605	2581	15	0	4	34	1.552239	0.000000	67	52	242.137085	4.649171	0.000000	-0.046824	-1.676746	-0.000431	-0.000149	-0.010942	1826.687098	0.186552	0.186552	15	0	15	4	34	1.552239	0.000000	15	0	67	52	29	4.656482	4.649171	242.137085	0.000000	44848	17.376211	25.391709	256x256	65536	sparse	Otsu	260	15	31	2501	31.699872	0.636670	30.287793	0.996138	0.197494	0.210506	11	0	0.866667	41	2286	31.996221	0.672910	0.995929	30.014547	0.267368	0.186799	3483	32.089008	0.687965	0.996784	31.529523	0.175400	0.184575	-0.239665	0.047687	-0.763328	-0.060066	True	0.451408	30.936718	0.576628	30.055868	0.505397	0.230660	0.500460	29.039448	0.999539	7970
7971.png	0.462653	0.453156	0.623685	0.486621	0.868237	0.995506	19.398155	0.995710	29.213709	0.372731	0.483149	0.398912	29.957014	0.584257	2258	5	0	3	13	1.756098	0.000000	41	36	181.953319	6.645168	0.000000	-0.053007	-8.829367	-0.003574	0.000218	0.041424	1907.757521	0.372731	0.372731	5	0	5	3	13	1.756098	0.000000	5	0	41	36	25	5.054259	6.645168	181.953319	0.000000	44976	19.918512	29.023915	256x256	65536	sparse	Otsu	237	5	28	2215	31.640152	0.634510	29.091661	0.995491	0.331307	0.406964	8	4	0.000000	37	2234	31.887156	0.675224	0.995370	28.866685	0.287042	0.321272	4020	32.227954	0.706620	0.997339	31.502417	0.198179	0.324772	0.122048	0.076185	-1.683138	-0.050253	True	0.462096	29.963904	0.584310	29.223536	0.642278	0.256213	0.515660	28.227522	0.999079	7971
7972.png	0.514253	0.363328	0.533002	0.373353	0.931184	0.998793	26.950921	0.995159	29.253054	0.248398	0.324296	0.270336	30.177167	0.540098	3172	15	0	4	34	1.647059	0.000000	85	70	321.663997	4.875345	0.000000	-0.021691	-1.305287	-0.000567	-0.000253	0.000442	2281.639814	0.248398	0.248398	15	0	15	4	34	1.647059	0.000000	15	0	85	70	47	4.595200	4.875345	321.663997	0.000000	45787	14.434741	20.660782	256x256	65536	sparse	Otsu	317	15	33	3162	31.055775	0.630634	29.435176	0.995412	0.247956	0.332653	9	2	0.000000	40	3122	31.438489	0.684962	0.995272	29.367902	0.365904	0.241268	662	30.316093	0.542615	0.993176	27.605353	0.341309	0.253102	-0.182122	-0.008357	-0.878608	-0.090535	True	0.514530	30.184942	0.540143	29.265499	0.767764	0.207555	0.535944	28.256208	0.999360	7972
7973.png	0.671911	0.609252	0.757187	0.615920	0.982540	0.998507	28.914653	0.996295	29.341703	0.557528	0.667129	0.704862	31.229179	0.584492	2506	4	0	3	11	1.851852	0.000000	54	50	248.722871	5.754699	0.000000	-0.017122	0.311108	0.000082	0.000383	-0.024122	1736.979246	0.557528	0.557528	4	0	4	3	11	1.851852	0.000000	4	0	54	50	40	4.974457	5.754699	248.722871	0.000000	45140	18.012769	26.151636	256x256	65536	sparse	Otsu	286	4	30	2462	31.509391	0.634674	29.013425	0.995912	0.581650	0.550671	9	7	0.000000	40	2480	31.798502	0.679795	0.996094	29.082455	0.421606	0.538029	3768	32.015406	0.694498	0.997514	31.133994	0.402675	0.559378	0.328278	0.116458	-0.280213	-0.050182	True	0.671759	31.235197	0.584545	29.352304	0.681776	0.480558	0.689033	28.603545	0.998426	7973
7974.png	0.470805	0.386467	0.557485	0.392738	0.960327	0.998729	27.676450	0.994344	29.062591	0.257658	0.401140	0.677373	29.531858	0.551211	3108	11	2	7	25	1.763158	0.181818	76	67	315.663997	5.151375	0.000000	-0.057246	-1.208631	-0.000589	-0.000275	-0.009864	2346.268654	0.257658	0.257658	11	2	9	7	25	1.763158	0.181818	11	2	76	67	44	4.711403	5.151375	315.663997	0.000000	45415	14.612291	21.086229	256x256	65536	sparse	Otsu	338	11	34	3087	31.305726	0.637809	29.758943	0.994619	0.267522	0.344147	11	4	0.500000	41	3052	31.681742	0.690402	0.994211	29.587798	0.327238	0.255647	661	30.647214	0.555863	0.992483	28.357820	0.395200	0.283184	-0.696352	0.056993	-1.773869	-0.086598	True	0.469474	29.542815	0.551265	29.075528	0.656305	0.444563	0.528051	28.885082	0.999318	7974
7975.png	0.554598	0.414351	0.585924	0.426348	0.936407	0.998776	28.312724	0.995025	30.230560	0.306624	0.430692	0.525887	31.422805	0.584589	2012	6	0	5	17	1.714286	0.000000	42	36	187.024387	6.466413	0.000000	-0.041841	-0.503550	-0.000390	0.000369	-0.012164	1694.554567	0.306624	0.306624	6	0	6	5	17	1.714286	0.000000	6	0	42	36	20	5.195122	6.466413	187.024387	0.000000	44706	22.219682	32.572565	256x256	65536	sparse	Otsu	219	6	28	2005	31.788188	0.625654	29.926775	0.994656	0.318788	0.258041	13	5	0.000000	36	1792	31.951789	0.653435	0.993953	29.621409	0.175106	0.297589	4663	32.631652	0.735243	0.996636	32.084619	0.032841	0.341644	0.303785	0.172651	-0.365383	-0.041065	True	0.556115	31.428023	0.584615	30.245183	0.662098	0.348189	0.596439	28.816273	0.999166	7975
7976.png	0.664610	0.463898	0.633784	0.470817	0.969292	0.999086	28.165574	0.996174	29.373265	0.462898	0.362372	0.553257	30.888698	0.565549	2387	8	0	1	17	1.666667	0.000000	48	40	198.095454	5.547725	0.000000	-0.007092	-0.180036	-0.000161	0.000027	0.019962	1881.224394	0.462898	0.462898	8	0	8	1	17	1.666667	0.000000	8	0	48	40	30	4.952386	5.547725	198.095454	0.000000	45320	18.986175	27.455383	256x256	65536	sparse	Otsu	256	8	27	2186	31.278691	0.615273	29.233718	0.996147	0.442936	0.509583	8	9	0.000000	34	2182	31.515007	0.657619	0.995640	28.698477	0.387374	0.452928	3945	31.864316	0.695857	0.997398	31.039006	0.203478	0.444516	0.139547	-0.147212	-0.389993	-0.049724	True	0.664422	30.891767	0.565566	29.374746	0.635052	0.351347	0.671702	28.345610	0.999246	7976
7977.png	0.617882	0.466864	0.636548	0.489457	0.910026	0.998307	25.856330	0.996902	28.721165	0.440193	0.432046	0.604193	30.878056	0.571496	2412	7	0	2	16	1.714286	0.000000	49	42	217.095454	5.426740	0.000000	-0.029711	-2.206652	-0.000995	-0.000018	-0.013574	1943.520308	0.440193	0.440193	7	0	7	2	16	1.714286	0.000000	7	0	49	42	31	5.168939	5.426740	217.095454	0.000000	45314	18.786899	27.170813	256x256	65536	sparse	Otsu	263	7	29	2393	31.355317	0.625611	28.789591	0.996919	0.453767	0.643706	5	2	0.000000	36	2390	31.568296	0.671110	0.996407	28.266461	0.418545	0.429647	3926	31.901363	0.695304	0.998135	31.022025	0.385958	0.447296	-0.068426	-0.211661	-0.477261	-0.054116	True	0.626274	30.879517	0.571513	28.729225	0.782379	0.472708	0.647592	28.062982	0.999302	7977
7978.png	0.703430	0.561335	0.719045	0.573932	0.962371	0.997694	25.231248	0.996468	28.748765	0.570486	0.590165	1.008968	30.887626	0.599520	2731	5	0	2	12	1.821429	0.000000	56	51	256.107648	5.663973	0.000000	-0.030146	-2.918986	-0.001156	0.000043	0.017327	1899.029970	0.570486	0.570486	5	0	5	2	12	1.821429	0.000000	5	0	56	51	42	5.021719	5.663973	256.107648	0.000000	45048	16.495057	23.997071	256x256	65536	sparse	Otsu	287	5	31	2636	31.709255	0.652437	28.775725	0.996425	0.553159	0.425928	12	8	0.000000	40	2400	31.975621	0.689730	0.996062	28.345396	0.569248	0.546117	3337	32.021271	0.684649	0.997596	30.515093	0.372650	0.556062	-0.026959	0.164237	-0.821629	-0.052916	True	0.704170	30.895631	0.599571	28.758174	0.610672	0.616149	0.733577	28.150234	0.998850	7978
7979.png	0.542834	0.141360	0.247705	0.141701	0.983274	0.999535	27.445297	0.990615	29.558253	0.147945	0.295312	0.557663	28.959554	0.511346	4969	26	1	7	58	1.629630	0.038462	135	110	485.918831	4.570824	0.000000	-0.116960	-1.335156	-0.000221	-0.001727	0.015632	4699.616909	0.147945	0.147945	26	1	25	7	58	1.629630	0.038462	26	1	135	110	70	4.417444	4.570824	485.918831	0.000000	45909	9.239082	13.188972	256x256	65536	sparse	Otsu	605	26	48	4845	31.278415	0.664678	30.691998	0.992342	0.132312	0.241463	11	3	0.000000	49	4790	31.913761	0.738695	0.993029	30.930450	0.251237	0.142292	409	29.867021	0.516347	0.986451	27.214061	0.403097	0.174600	-1.133746	0.053849	-2.318861	-0.153333	True	0.545164	28.963954	0.511392	29.564245	0.520495	0.290260	0.659794	28.780453	0.999756	7979
7980.png	0.375544	0.273929	0.430054	0.875252	0.285059	0.989396	15.557841	0.999602	27.514086	0.179831	0.193459	0.655140	28.037009	0.518761	1093	4	0	0	8	1.384615	0.000000	13	9	43.970563	4.061670	0.000000						834.066153	0.179831	0.179831	4	0	4	0	8	1.384615	0.000000	4	0	13	9	5	4.885618	4.061670	43.970563	0.000000	45698	41.809698	59.959744	256x256	65536	sparse	Frangi	146	4												21	1070	30.717364	0.580869	0.999446	26.383194	0.657677	0.270581												True	0.375588	28.038218	0.518787	27.516173	0.581886	0.381217				7980
7981.png	0.525858	0.390582	0.561753	0.409559	0.893948	0.997822	24.200891	0.995376	28.927744	0.307692	0.397864	0.333006	29.631087	0.522128	2945	11	0	8	30	1.698630	0.000000	73	62	309.421356	5.375643	0.000000	-0.068709	-3.903560	-0.001361	-0.000157	-0.004053	1971.603155	0.307692	0.307692	11	0	11	8	30	1.698630	0.000000	11	0	73	62	35	4.990667	5.375643	309.421356	0.000000	46095	15.651952	22.253311	256x256	65536	sparse	Otsu	290	11	30	2913	30.676302	0.612010	28.958410	0.995534	0.311745	0.255882	18	0	0.681818	33	2758	30.918570	0.657241	0.994929	28.439825	0.329680	0.289290	3182	30.887950	0.633567	0.996387	30.175666	0.310129	0.309077	-0.030667	0.141983	-1.045216	-0.089882	True	0.525858	29.637362	0.522149	28.938270	0.768922	0.256056	0.594566	28.104451	0.999183	7981
7982.png	0.607301	0.304691	0.467070	0.309862	0.948070	0.998632	24.783154	0.994539	29.177448	0.287982	0.383687	0.662589	29.490466	0.518916	3517	15	2	11	37	1.740000	0.133333	100	87	402.605122	4.679845	0.000000	-0.062892	-3.425138	-0.000706	-0.000160	0.014987	2525.352240	0.287982	0.287982	15	2	13	11	37	1.740000	0.133333	15	2	100	87	52	4.627645	4.679845	402.605122	0.000000	46059	13.096105	18.634063	256x256	65536	sparse	Otsu	345	15	34	3352	30.789056	0.624806	29.480620	0.994699	0.272995	0.363842	13	6	0.000000	39	3456	31.204688	0.691130	0.994567	29.316342	0.349057	0.278644	605	29.935863	0.522785	0.992132	27.478931	0.606235	0.302394	-0.303172	0.019845	-1.298589	-0.105889	True	0.606630	29.499291	0.518936	29.188659	0.624689	0.413912	0.670193	28.208292	0.999338	7982
7983.png	0.334134	0.115759	0.207498	0.156992	0.305913	0.992180	15.299426	0.996495	29.581648	0.099956	0.207555	0.328419	28.048474	0.511459	2645	19	1	5	41	1.470588	0.052632	68	50	228.267027	3.646048	0.000000	-0.283121	-13.116163	-0.007192	-0.000247	0.037603	1909.843922	0.099956	0.099956	19	1	18	5	41	1.470588	0.052632	19	1	68	50	22	4.565341	3.646048	228.267027	0.000000	45667	17.265406	24.777316	256x256	65536	sparse	Frangi	306	19	30	2615	31.023298	0.612087	30.146745	0.996742	0.062353	0.322943	10	1	0.763158	34	2564	31.229506	0.657388	0.996702	30.116048	0.294528	0.040676	3429	31.318060	0.653861	0.997156	30.659030	0.241187	0.056424	-0.565097	-0.115389	-2.974824	-0.100628	True	0.334820	28.051794	0.511513	29.583301	0.524791	0.172351	0.617255	28.415589	0.999372	7983
7984.png	0.641337	0.255777	0.407360	0.256435	0.990062	0.999668	28.296467	0.995446	29.845622	0.256566	0.375692	0.826117	31.015058	0.565869	2418	9	0	3	21	1.672727	0.000000	55	46	230.752309	5.621513	0.000000	-0.011702	0.215762	0.000004	0.000127	0.008978	2007.350445	0.256566	0.256566	9	0	9	3	21	1.672727	0.000000	9	0	55	46	31	5.016355	5.621513	230.752309	0.000000	45219	18.700993	27.103391	256x256	65536	sparse	Otsu	267	9	29	2279	31.429778	0.618895	29.803229	0.995319	0.247588	0.384742	7	1	0.388889	37	2360	31.703100	0.668208	0.994984	29.363418	0.430692	0.233687	3724	31.902620	0.686920	0.996870	31.538882	0.252235	0.264460	0.042394	-0.009051	-0.414720	-0.053027	True	0.641548	31.017279	0.565892	29.852776	0.546155	0.451188	0.653040	28.080705	0.999665	7984
7985.png	0.687760	0.383327	0.554210	0.392440	0.942884	0.998892	24.082667	0.997334	28.911325	0.368932	0.456649	0.711024	30.694979	0.564903	2406	6	1	4	14	1.787234	0.166667	47	42	209.480231	5.320695	0.000000	-0.028177	-3.174816	-0.000699	0.000176	-0.000134	1993.913174	0.368932	0.368932	6	1	5	4	14	1.787234	0.166667	6	1	47	42	29	4.987625	5.320695	209.480231	0.000000	45445	18.888196	27.238570	256x256	65536	sparse	Otsu	249	6	27	2204	31.209299	0.613088	28.522516	0.997158	0.369066	0.423874	7	2	0.416667	34	2200	31.483101	0.659069	0.996967	28.374570	0.453015	0.375908	3926	31.777949	0.689238	0.998103	31.017960	0.433666	0.361759	0.388809	0.032775	-0.514319	-0.048185	True	0.684864	30.699154	0.564911	28.926778	0.563078	0.400362	0.715937	27.257483	0.999590	7985
7986.png	0.644918	0.507545	0.673340	0.521361	0.950379	0.997827	22.810136	0.996917	29.274863	0.429749	0.477954	0.629375	30.774932	0.583069	2283	6	0	2	14	1.750000	0.000000	48	42	215.923882	5.338871	0.000000	-0.039857	-5.591045	-0.001303	0.000157	0.013907	1632.686853	0.429749	0.429749	6	0	6	2	14	1.750000	0.000000	6	0	48	42	32	5.141045	5.338871	215.923882	0.000000	45063	19.738502	28.706088	256x256	65536	sparse	Otsu	259	6	28	2238	31.584199	0.630993	29.197183	0.996760	0.415842	0.334537	11	5	0.000000	37	2250	31.887914	0.673177	0.996360	28.909802	0.276956	0.400000	4013	32.198679	0.707050	0.998020	31.298630	0.204429	0.400660	0.077681	0.143417	-0.809267	-0.047924	True	0.639724	30.774748	0.583051	29.271532	0.688077	0.433059	0.684776	28.401181	0.999130	7986
7987.png	0.235962	0.257143	0.409091	0.846000	0.269770	0.989876	16.244299	0.999677	27.251468	0.753937	0.393469	0.480539	28.895557	0.580325	1096	2	0	2	6	1.733333	0.000000	15	13	55.455844	4.205036	0.000000						846.804380	0.753937	0.753937	2	0	2	2	6	1.733333	0.000000	2	0	15	13	7	4.265834	4.205036	55.455844	0.000000	44712	40.795620	59.795620	256x256	65536	sparse	Frangi	147	2												27	1084	31.794885	0.635707	0.999605	26.379514	0.451188	0.338435												True	0.235331	28.896087	0.580333	27.250654	0.740760	0.355964				7987
7988.png	0.710260	0.398391	0.569785	0.409565	0.935908	0.998488	24.036651	0.996814	29.242538	0.396448	0.363282	0.578292	30.626585	0.559928	2177	7	0	2	16	1.666667	0.000000	42	35	176.267027	6.044839	0.000000	-0.057898	-3.663874	-0.000905	0.000149	0.001082	1892.518282	0.396448	0.396448	7	0	7	2	16	1.666667	0.000000	7	0	42	35	24	5.036201	6.044839	176.267027	0.000000	45295	20.806155	30.103813	256x256	65536	sparse	Otsu	228	7	27	2165	31.260863	0.613444	29.014622	0.996664	0.395365	0.591801	5	5	0.000000	34	2168	31.494495	0.654910	0.996328	28.585066	0.418545	0.387798	4341	31.999291	0.707402	0.998078	31.574350	0.307883	0.381002	0.227916	-0.228519	-0.634277	-0.053516	True	0.711705	30.626287	0.559935	29.244724	0.607414	0.351263	0.768158	27.700525	0.999393	7988
7989.png	0.786264	0.443579	0.614554	0.455652	0.943634	0.998554	24.866181	0.997038	28.708748	0.481766	0.438856	1.087127	30.231695	0.544305	2814	9	0	2	20	1.727273	0.000000	66	57	291.592929	4.476451	0.000000	-0.029184	-2.762092	-0.000847	-0.000007	-0.000862	1567.988634	0.481766	0.481766	9	0	9	2	20	1.727273	0.000000	9	0	66	57	44	5.115665	4.476451	291.592929	0.000000	45761	16.261905	23.289268	256x256	65536	sparse	Otsu	313	9	30	2752	30.942881	0.619450	28.581277	0.997045	0.482628	0.656305	5	8	0.000000	34	2814	31.193367	0.674699	0.996967	28.223583	0.681458	0.478220	2976	31.101131	0.635449	0.997776	29.904668	0.542902	0.477001	0.127471	-0.217449	-0.711185	-0.075145	True	0.787448	30.238641	0.544359	28.717047	0.684942	0.744619	0.815448	27.628273	0.999401	7989
7990.png	0.724504	0.383699	0.554599	0.386242	0.983133	0.999241	27.761756	0.996221	29.079474	0.359214	0.388054	0.821450	30.579916	0.557940	2769	9	0	1	19	1.694915	0.000000	59	50	245.137085	5.246867	0.000000	-0.026971	-0.567133	-0.000163	-0.000271	0.002635	2213.200569	0.359214	0.359214	9	0	9	1	19	1.694915	0.000000	9	0	59	50	39	4.902742	5.246867	245.137085	0.000000	45401	16.396172	23.667750	256x256	65536	sparse	Otsu	318	9	32	2761	31.361462	0.631067	29.547383	0.996492	0.356579	0.519695	6	7	0.000000	40	2664	31.677451	0.677387	0.996287	29.283016	0.617107	0.355948	3343	31.597392	0.664310	0.997143	30.760645	0.582443	0.347524	-0.467909	-0.131641	-0.781546	-0.073127	True	0.720963	30.583821	0.557954	29.087400	0.609372	0.500569	0.751475	28.328889	0.999405	7990
7991.png	0.347806	0.203192	0.337755	0.419039	0.282883	0.992030	16.727535	0.998597	28.469401	0.126835	0.295312	0.548249	28.088998	0.514571	1622	6	0	2	14	1.600000	0.000000	30	24	109.355339	4.566615	0.000000	-0.345277	-10.047081	-0.007077	0.000213	-0.058809	1238.258839	0.126835	0.126835	6	0	6	2	14	1.600000	0.000000	6	0	30	24	14	4.556472	4.566615	109.355339	0.000000	45787	28.228730	40.404439	256x256	65536	sparse	Frangi	187	6	17	1594	30.317066	0.560504	27.997445	0.998384	0.185644	0.644181	6	6	0.000000	25	1562	30.760509	0.608260	0.998394	27.990219	0.454471	0.193362	5739	32.102259	0.745748	0.999179	31.357690	0.225714	0.185213	0.471956	-0.348869	-2.228067	-0.045933	True	0.347746	28.089034	0.514579	28.474551	0.795052	0.435887	0.693083	26.774617	0.999107	7991
7992.png	0.648788	0.398903	0.570309	0.403466	0.972431	0.999259	28.046792	0.996559	29.490210	0.341064	0.344594	0.811217	30.985026	0.570679	2271	8	0	2	18	1.673469	0.000000	49	41	186.267027	5.713071	0.000000	-0.000483	0.013677	-0.000156	0.000064	0.011081	1960.813999	0.341064	0.341064	8	0	8	2	18	1.673469	0.000000	8	0	49	41	29	4.543098	5.713071	186.267027	0.000000	45194	19.900484	28.857772	256x256	65536	sparse	Otsu	232	8	29	2243	31.443038	0.621921	29.348852	0.996495	0.329983	0.412235	7	2	0.000000	36	2266	31.666910	0.666277	0.996000	28.971714	0.427157	0.324905	4139	32.086826	0.703819	0.997639	31.456517	0.262350	0.323744	0.141357	-0.067642	-0.458012	-0.051242	True	0.646063	30.989883	0.570724	29.491161	0.554251	0.449618	0.649271	28.033115	0.999416	7992
7993.png	0.648126	0.530895	0.693575	0.549027	0.941436	0.998287	26.321726	0.997310	28.965841	0.445298	0.607414	0.483460	31.391461	0.601427	2378	4	0	5	13	1.826087	0.000000	46	42	216.137085	6.152104	0.000000	-0.027756	-1.863319	-0.001005	0.000149	-0.004483	1870.246172	0.445298	0.445298	4	0	4	5	13	1.826087	0.000000	4	0	46	42	28	5.146121	6.152104	216.137085	0.000000	44824	18.849453	27.559294	256x256	65536	sparse	Otsu	247	4	29	2360	31.776844	0.645744	28.710204	0.997160	0.449782	0.306119	11	1	0.000000	40	2182	32.130534	0.681771	0.997164	28.870294	0.330796	0.452658	3773	32.354867	0.707188	0.998264	31.179165	0.318414	0.446305	0.255637	0.301295	-0.385383	-0.044317	True	0.646956	31.395543	0.601468	28.976936	0.659043	0.318621	0.675882	28.185045	0.999293	7993
7994.png	0.641138	0.509387	0.674959	0.522465	0.953162	0.998731	26.654505	0.997775	29.294686	0.413425	0.480558	0.484694	31.466501	0.597322	1970	4	0	3	11	1.771429	0.000000	35	31	149.367532	6.200543	0.000000	-0.022624	-1.097619	-0.000562	0.000247	-0.010225	1569.748163	0.413425	0.413425	4	0	4	3	11	1.771429	0.000000	4	0	35	31	21	4.818307	6.200543	149.367532	0.000000	44777	22.729442	33.267005	256x256	65536	sparse	Otsu	212	4	26	1938	31.722338	0.629288	28.641416	0.997528	0.423650	0.500093	6	5	0.000000	36	1966	31.979510	0.670326	0.997078	28.271140	0.435282	0.417376	4662	32.702825	0.734827	0.998732	32.024229	0.414916	0.422816	0.653270	-0.019535	-0.255837	-0.031965	True	0.637291	31.469410	0.597344	29.294009	0.680181	0.329680	0.663762	27.752124	0.999293	7994
7995.png	0.451436	0.263365	0.416926	0.267700	0.942070	0.997892	26.780586	0.988680	29.288792	0.170844	0.337879	0.523655	28.764563	0.518016	5761	26	1	14	65	1.675325	0.038462	154	129	582.244733	4.505681	0.000000	-0.063378	-3.088959	-0.001133	-0.002994	0.000057	6106.122971	0.170844	0.170844	26	1	25	14	65	1.675325	0.038462	26	1	154	129	75	4.513525	4.505681	582.244733	0.000000	45823	7.954001	11.375803	256x256	65536	sparse	Otsu	753	26	56	5678	31.625689	0.689369	30.954077	0.991674	0.170786	0.173792	33	10	0.000000	54	5684	32.358121	0.774966	0.992827	31.315038	0.121627	0.161053	341	29.485615	0.514587	0.978320	25.643255	0.456649	0.265155	-1.665285	0.164087	-2.861126	-0.171353	True	0.451436	28.768773	0.518057	29.292210	0.624689	0.327121	0.514815	29.869545	0.999025	7995
7996.png	0.453484	0.196181	0.328012	0.372630	0.292936	0.991612	16.742399	0.998488	29.347099	0.180268	0.255468	0.521432	28.981586	0.581986	1666	8	0	4	20	1.542857	0.000000	35	27	122.840620	4.273570	0.000000	-0.279041	-10.874841	-0.007495	0.000015	-0.015521	1249.067307	0.180268	0.180268	8	0	8	4	20	1.542857	0.000000	8	0	35	27	11	4.549653	4.273570	122.840620	0.000000	44624	26.785114	39.337335	256x256	65536	sparse	Frangi	186	8	22	1662	31.566604	0.623993	29.223466	0.998473	0.195789	0.594783	6	7	0.000000	33	1478	31.959405	0.656654	0.998510	29.290190	0.615572	0.200446	5374	33.120379	0.759649	0.999222	33.113225	0.305803	0.187253	0.123634	-0.339315	-2.585018	-0.042007	True	0.453826	28.984085	0.582031	29.344257	0.719168	0.374998	0.732525	27.617240	0.999107	7996
7997.png	0.606615	0.332823	0.499426	0.348271	0.882401	0.997151	20.640570	0.996657	28.942620	0.322979	0.336350	0.431701	29.937214	0.555805	2627	10	0	3	23	1.655172	0.000000	58	48	224.823376	5.382428	0.000000	-0.083190	-7.308333	-0.002423	-0.000085	0.007894	1913.644552	0.322979	0.322979	10	0	10	3	23	1.655172	0.000000	10	0	58	48	32	4.683820	5.382428	224.823376	0.000000	45430	17.293491	24.947088	256x256	65536	sparse	Otsu	257	10	29	2567	31.205151	0.624438	28.962087	0.996742	0.315086	0.414331	8	0	0.900000	37	2600	31.558255	0.675003	0.996642	28.687004	0.388054	0.310291	3496	31.591946	0.669793	0.997661	30.717154	0.265085	0.322871	-0.019468	-0.077981	-1.267937	-0.068632	True	0.605911	29.939846	0.555837	28.940546	0.700308	0.302324	0.689805	27.948903	0.999573	7997
7998.png	0.623987	0.417783	0.589346	0.425997	0.955882	0.998884	27.579348	0.995311	29.163608	0.357412	0.377493	0.554370	30.269900	0.551012	2822	10	0	6	26	1.710145	0.000000	69	59	255.580736	6.045747	0.000000	-0.024632	-0.525084	-0.000225	0.000023	-0.008800	2211.112738	0.357412	0.357412	10	0	10	6	26	1.710145	0.000000	10	0	69	59	37	4.331877	6.045747	255.580736	0.000000	45625	16.167612	23.223246	256x256	65536	sparse	Otsu	272	10	30	2746	31.065696	0.622846	29.168878	0.995289	0.366213	0.441344	9	7	0.000000	37	2754	31.378278	0.674298	0.995156	28.870328	0.449815	0.344057	3064	31.311346	0.645119	0.996366	30.495829	0.432586	0.357766	-0.005270	-0.063852	-0.795796	-0.071834	True	0.627440	30.279116	0.551074	29.186576	0.618636	0.342953	0.648619	28.104432	0.999109	7998
7999.png	0.667986	0.460595	0.630695	0.477892	0.927145	0.998357	26.539768	0.996161	29.274994	0.494588	0.559568	0.680554	31.363601	0.603739	2493	5	0	5	15	1.803922	0.000000	51	46	224.852814	6.155218	0.000000	-0.010305	-1.605425	-0.000855	0.000268	-0.006160	1985.820293	0.494588	0.494588	5	0	5	5	15	1.803922	0.000000	5	0	51	46	31	4.888105	6.155218	224.852814	0.000000	44873	17.999599	26.288006	256x256	65536	sparse	Otsu	262	5	30	2447	31.758473	0.650998	28.989795	0.995893	0.500748	0.578045	7	2	0.000000	41	2260	32.112307	0.688240	0.995882	29.011359	0.471652	0.471608	3792	32.347513	0.708871	0.997414	31.401550	0.399504	0.462713	0.285199	-0.018477	-0.394872	-0.047259	True	0.667493	31.367195	0.603765	29.272773	0.770075	0.524077	0.678291	28.145193	0.999212	7999
