dataset,group,id,arm,L,bytes,structure_bytes,n_components,total_length_px,mean_width_px,n_branches,n_junctions,cycle_rank,n_junction_nodes,n_endpoints,n_isolated_cycles,junc_f1
UIT,UIT_20,UIT_20_y256x0,REF,5,,57,3,40.798989873223334,6.8980668787210515,3,0,0,0,6,0,1.0
UIT,UIT_20,UIT_20_y256x0,REF,auto,,57,3,40.798989873223334,6.8980668787210515,3,0,0,0,6,0,1.0
UIT,UIT_20,UIT_20_y256x0,SEG,5,,57,2,49.627416997969526,6.656593093916964,2,0,0,0,4,0,1.0
UIT,UIT_20,UIT_20_y256x0,SEG,auto,,57,2,49.627416997969526,6.656593093916964,2,0,0,0,4,0,1.0
UIT,UIT_20,UIT_20_y256x0,GRAPH7,5,976.0,57,2,49.75,6.585054236309906,2,0,0,0,4,0,1.0
UIT,UIT_20,UIT_20_y256x0,GRAPH7,auto,976.0,57,2,49.75,6.585054236309906,2,0,0,0,4,0,1.0
UIT,UIT_20,UIT_20_y256x256,REF,5,,740,12,1369.768686069923,7.518062653370279,52,21,3,25,43,0,1.0
UIT,UIT_20,UIT_20_y256x256,REF,auto,,740,11,1352.8691911333112,7.522376928912109,48,20,3,25,43,0,1.0
UIT,UIT_20,UIT_20_y256x256,SEG,5,,740,17,1260.798123321446,7.9262295546668335,52,19,3,22,50,0,0.7500000000000001
UIT,UIT_20,UIT_20_y256x256,SEG,auto,,740,14,1236.4844148224613,7.930502846078462,47,18,3,22,50,0,0.7894736842105262
UIT,UIT_20,UIT_20_y256x256,GRAPH7,5,9363.0,740,17,1262.0,7.921541882020509,52,19,3,22,50,0,0.7500000000000001
UIT,UIT_20,UIT_20_y256x256,GRAPH7,auto,9363.0,740,14,1237.5,7.928497416924334,47,18,3,22,50,0,0.7894736842105262
UIT,UIT_20,UIT_20_y256x256,JPEG,5,9200.0,740,16,1217.484414822461,7.94809331168828,48,17,2,20,48,0,0.7894736842105262
UIT,UIT_20,UIT_20_y256x256,JPEG,auto,9200.0,740,14,1200.5849198858496,7.954713273511131,44,16,2,20,48,0,0.7777777777777777
UIT,UIT_20,UIT_20_y0x512,REF,5,,121,7,157.12489168102783,8.231550511599341,12,3,1,4,16,0,1.0
UIT,UIT_20,UIT_20_y0x512,REF,auto,,121,3,129.15432893255073,8.554420956156317,6,2,1,4,16,0,1.0
UIT,UIT_20,UIT_20_y0x512,SEG,5,,121,5,115.56854249492382,10.039587944663724,7,1,0,1,11,0,0.0
UIT,UIT_20,UIT_20_y0x512,SEG,auto,,121,3,97.01219330881977,10.436226853185545,3,0,0,1,11,0,0.0
UIT,UIT_20,UIT_20_y0x512,GRAPH7,5,1839.0,121,5,116.00000000000001,9.90855557219432,7,1,0,1,11,0,0.0
UIT,UIT_20,UIT_20_y0x512,GRAPH7,auto,1839.0,121,3,97.25000000000001,10.345723527416018,3,0,0,1,11,0,0.0
UIT,UIT_20,UIT_20_y0x512,JPEG,5,1766.0,121,4,114.98275605729691,9.806559805697212,6,1,0,2,10,0,0.0
UIT,UIT_20,UIT_20_y0x512,JPEG,auto,1766.0,121,3,105.91168824543144,9.992197370042417,5,1,0,2,10,0,0.0
UIT,UIT_20,UIT_20_y0x768,REF,5,,214,9,322.1492782986674,8.107101330998153,15,3,0,4,22,0,1.0
UIT,UIT_20,UIT_20_y0x768,REF,auto,,214,9,314.07821048680194,8.021185714961307,13,2,0,4,22,0,1.0
UIT,UIT_20,UIT_20_y0x768,SEG,5,,214,10,238.79393923934,8.851845529909795,14,2,0,2,22,0,0.4
UIT,UIT_20,UIT_20_y0x768,SEG,auto,,214,7,216.30865786510145,8.943956481420349,11,2,0,2,22,0,0.5
UIT,UIT_20,UIT_20_y0x768,GRAPH7,5,2270.0,214,10,238.75,8.855995218691348,14,2,0,2,22,0,0.4
UIT,UIT_20,UIT_20_y0x768,GRAPH7,auto,2270.0,214,7,216.5,8.947833133421664,11,2,0,2,22,0,0.5
UIT,UIT_20,UIT_20_y0x768,JPEG,5,2171.0,214,9,253.79393923934,8.537565932299394,13,2,0,4,22,0,0.4
UIT,UIT_20,UIT_20_y0x768,JPEG,auto,2171.0,214,7,242.55129855222071,8.582499704194307,11,2,0,4,22,0,0.5
UIT,UIT_12,UIT_12_y0x0,REF,5,,440,14,697.0853531617385,8.090798668433994,36,14,7,21,35,0,1.0
UIT,UIT_12,UIT_12_y0x0,REF,auto,,440,10,681.6000717874997,8.147263258515723,32,14,7,21,35,0,1.0
UIT,UIT_12,UIT_12_y0x0,SEG,5,,440,14,619.3158005400378,8.480001778460482,33,12,5,15,33,0,0.7692307692307692
UIT,UIT_12,UIT_12_y0x0,SEG,auto,,440,9,601.002092041053,8.559337886783041,26,11,5,15,33,0,0.8
UIT,UIT_12,UIT_12_y0x0,GRAPH7,5,4650.0,440,14,619.25,8.505921924407057,33,12,5,15,33,0,0.7692307692307692
UIT,UIT_12,UIT_12_y0x0,GRAPH7,auto,4650.0,440,9,600.75,8.583195425200282,26,11,5,15,33,0,0.8
UIT,UIT_12,UIT_12_y0x0,JPEG,5,4609.0,440,12,620.8010819142763,8.355197979740762,31,12,5,16,30,0,0.7692307692307692
UIT,UIT_12,UIT_12_y0x0,JPEG,auto,4609.0,440,9,603.4873734152916,8.44136802894123,26,11,5,16,30,0,0.8
UIT,UIT_12,UIT_12_y0x256,REF,5,,449,13,685.0559159102154,7.106998650451345,28,8,2,9,31,1,1.0
UIT,UIT_12,UIT_12_y0x256,REF,auto,,449,11,675.6417023478423,7.121831164082381,24,7,2,9,31,1,1.0
UIT,UIT_12,UIT_12_y0x256,SEG,5,,449,15,618.0731598529185,7.356737496212211,32,9,2,12,38,1,0.823529411764706
UIT,UIT_12,UIT_12_y0x256,SEG,auto,,449,11,572.2031021678297,7.359567929761675,20,5,2,12,38,1,0.8333333333333333
UIT,UIT_12,UIT_12_y0x256,GRAPH7,5,4360.0,449,15,618.25,7.363725227440574,32,9,2,12,38,1,0.823529411764706
UIT,UIT_12,UIT_12_y0x256,GRAPH7,auto,4360.0,449,11,572.5,7.364892214393529,20,5,2,12,38,1,0.8333333333333333
UIT,UIT_12,UIT_12_y0x256,JPEG,5,4307.0,449,16,619.4873734152916,7.159872508006574,31,8,2,15,43,1,0.75
UIT,UIT_12,UIT_12_y0x256,JPEG,auto,4307.0,449,12,589.9310242291876,7.105789593488045,21,5,2,15,43,1,0.8333333333333333
UIT,UIT_12,UIT_12_y768x768,REF,5,,364,16,672.9554108468271,7.2209842810703835,29,8,3,9,35,0,1.0
UIT,UIT_12,UIT_12_y768x768,REF,auto,,364,13,649.6417023478423,7.198106521966082,23,6,3,9,35,0,1.0
UIT,UIT_12,UIT_12_y768x768,SEG,5,,364,14,556.4873734152916,7.742082076072194,20,3,0,5,33,0,0.5454545454545454
UIT,UIT_12,UIT_12_y768x768,SEG,auto,,364,12,534.416305603426,7.667511330486144,16,2,0,5,33,0,0.5
UIT,UIT_12,UIT_12_y768x768,GRAPH7,5,4740.0,364,14,556.75,7.788988545595314,20,3,0,5,33,0,0.5454545454545454
UIT,UIT_12,UIT_12_y768x768,GRAPH7,auto,4740.0,364,12,534.5,7.7070151699901785,16,2,0,5,33,0,0.5
UIT,UIT_12,UIT_12_y768x768,JPEG,5,4685.0,364,13,596.0437226013956,7.275858519775269,22,5,1,7,31,0,0.7692307692307693
UIT,UIT_12,UIT_12_y768x768,JPEG,auto,4685.0,364,12,574.5584412271571,7.16993948381011,19,4,1,7,31,0,0.8
UIT,UIT_20,UIT_20_y0x256,REF,5,,95,3,92.74011537017759,7.034831835821614,3,0,0,1,7,0,1.0
UIT,UIT_20,UIT_20_y0x256,REF,auto,,95,2,88.3259018078045,7.251759459016518,2,0,0,1,7,0,1.0
UIT,UIT_20,UIT_20_y0x256,SEG,5,,95,2,100.15432893255073,8.52186317364346,4,1,0,1,5,0,0.0
UIT,UIT_20,UIT_20_y0x256,SEG,auto,,95,2,100.15432893255073,8.52186317364346,4,1,0,1,5,0,0.0
UIT,UIT_20,UIT_20_y0x256,GRAPH7,5,1292.0,95,2,100.5,8.61075382927008,4,1,0,1,5,0,0.0
UIT,UIT_20,UIT_20_y0x256,GRAPH7,auto,1292.0,95,2,100.5,8.61075382927008,4,1,0,1,5,0,0.0
UIT,UIT_20,UIT_20_y0x256,JPEG,5,1255.0,95,8,223.19595949289334,9.08623344785594,19,6,1,8,22,0,0.0
UIT,UIT_20,UIT_20_y0x256,JPEG,auto,1255.0,95,4,179.88225099390857,9.596540187664955,9,3,1,8,22,0,0.0
UIT,UIT_12,UIT_12_y768x256,REF,5,,98,5,157.4680374315355,7.203097838150857,9,2,0,3,13,0,1.0
UIT,UIT_12,UIT_12_y768x256,REF,auto,,98,2,150.8111831820431,7.339932944736756,6,2,0,3,13,0,1.0
UIT,UIT_12,UIT_12_y768x256,SEG,5,,98,2,129.7401153701776,8.4102796573721,4,1,0,1,5,0,0.6666666666666666
UIT,UIT_12,UIT_12_y768x256,SEG,auto,,98,2,129.7401153701776,8.4102796573721,4,1,0,1,5,0,0.6666666666666666
UIT,UIT_12,UIT_12_y768x256,GRAPH7,5,1538.0,98,2,129.5,8.415893101997456,4,1,0,1,5,0,0.6666666666666666
UIT,UIT_12,UIT_12_y768x256,GRAPH7,auto,1538.0,98,2,129.5,8.415893101997456,4,1,0,1,5,0,0.6666666666666666
UIT,UIT_12,UIT_12_y768x256,JPEG,5,1535.0,98,2,142.98275605729688,7.996703720387488,5,2,1,2,4,0,0.0
UIT,UIT_12,UIT_12_y768x256,JPEG,auto,1535.0,98,2,142.98275605729688,7.996703720387488,5,2,1,2,4,0,0.0
UIT,UIT_12,UIT_12_y768x512,REF,5,,667,16,1117.6316010800756,7.345780209555236,60,24,6,30,50,0,1.0
UIT,UIT_12,UIT_12_y768x512,REF,auto,,667,13,1100.5605332682105,7.3597633917970855,55,23,6,30,50,0,1.0
UIT,UIT_12,UIT_12_y768x512,SEG,5,,667,15,991.335136523794,7.992800390063314,49,18,2,21,47,0,0.6666666666666666
UIT,UIT_12,UIT_12_y768x512,SEG,auto,,667,12,933.3940110268397,7.9822627960680475,36,13,2,21,47,0,0.5555555555555555
UIT,UIT_12,UIT_12_y768x512,GRAPH7,5,7497.0,667,15,992.5,8.01039547791538,49,18,2,21,47,0,0.6666666666666666
UIT,UIT_12,UIT_12_y768x512,GRAPH7,auto,7497.0,667,12,934.5,8.00068184379566,36,13,2,21,47,0,0.5555555555555555
UIT,UIT_12,UIT_12_y768x512,JPEG,5,7260.0,667,16,987.6782822743016,8.075460938054839,51,18,3,27,53,0,0.619047619047619
UIT,UIT_12,UIT_12_y768x512,JPEG,auto,7260.0,667,13,941.050865276332,8.103231967921031,41,15,3,27,53,0,0.5789473684210527
UIT,UIT_12,UIT_12_y256x0,REF,5,,587,24,1005.7493500861672,6.403203420074404,42,10,2,15,59,0,1.0
UIT,UIT_12,UIT_12_y256x0,REF,auto,,587,17,974.3645737753169,6.432071034252192,33,9,2,15,59,0,1.0
UIT,UIT_12,UIT_12_y256x0,SEG,5,,587,17,921.7077195258242,6.842419268146405,33,9,2,15,45,0,0.9473684210526316
UIT,UIT_12,UIT_12_y256x0,SEG,auto,,587,15,886.3229432149742,6.853442153090005,27,7,2,15,45,0,0.8750000000000001
UIT,UIT_12,UIT_12_y256x0,GRAPH7,5,6740.0,587,17,922.0,6.82587903630003,33,9,2,15,45,0,0.9473684210526316
UIT,UIT_12,UIT_12_y256x0,GRAPH7,auto,6740.0,587,15,886.5,6.8382024180860395,27,7,2,15,45,0,0.8750000000000001
UIT,UIT_12,UIT_12_y256x0,JPEG,5,6675.0,587,17,929.7787873376898,6.69566826950715,33,9,2,14,44,0,0.8421052631578948
UIT,UIT_12,UIT_12_y256x0,JPEG,auto,6675.0,587,15,903.2224381515858,6.697378065015138,27,7,2,14,44,0,0.8750000000000001
UIT,UIT_12,UIT_12_y256x256,REF,5,,1174,27,1953.9667376038697,6.803694852866985,92,35,6,42,84,0,1.0
UIT,UIT_12,UIT_12_y256x256,REF,auto,,1174,18,1899.4103884177657,6.8553612763736345,79,33,6,42,84,0,1.0
UIT,UIT_12,UIT_12_y256x256,SEG,5,,1174,21,1987.765727477093,7.3323531674634275,86,35,5,40,72,0,0.8571428571428571
UIT,UIT_12,UIT_12_y256x256,SEG,auto,,1174,20,1958.6235918533616,7.336101200154078,81,33,5,40,72,0,0.8484848484848486
UIT,UIT_12,UIT_12_y256x256,GRAPH7,5,13153.0,1174,21,1989.25,7.333901861819036,86,35,5,40,72,0,0.8571428571428571
UIT,UIT_12,UIT_12_y256x256,GRAPH7,auto,13153.0,1174,20,1960.25,7.337034208322446,81,33,5,40,72,0,0.8484848484848486
UIT,UIT_12,UIT_12_y256x256,JPEG,5,12753.0,1174,21,1989.4520189781083,7.351321863491558,88,36,5,43,75,0,0.8169014084507044
UIT,UIT_12,UIT_12_y256x256,JPEG,auto,12753.0,1174,16,1937.5819612930193,7.382687337881456,79,34,5,43,75,0,0.8358208955223881
UIT,UIT_12,UIT_12_y512x0,REF,5,,594,5,981.2935059634515,8.015377095740188,46,22,4,23,25,0,1.0
UIT,UIT_12,UIT_12_y512x0,REF,auto,,594,4,948.5655839020934,7.908699579777163,37,18,4,23,25,0,1.0
UIT,UIT_12,UIT_12_y512x0,SEG,5,,594,5,969.2935059634514,7.360092269957668,40,19,3,25,29,0,0.6829268292682926
UIT,UIT_12,UIT_12_y512x0,SEG,auto,,594,3,963.050865276332,7.364453628579754,38,19,3,25,29,0,0.6486486486486486
UIT,UIT_12,UIT_12_y512x0,GRAPH7,5,6658.0,594,5,969.75,7.346817235882075,40,19,3,25,29,0,0.6829268292682926
UIT,UIT_12,UIT_12_y512x0,GRAPH7,auto,6658.0,594,3,963.5,7.351661665279338,38,19,3,25,29,0,0.6486486486486486
UIT,UIT_12,UIT_12_y512x0,JPEG,5,6625.0,594,5,971.050865276332,7.315127923717674,39,18,3,25,29,0,0.6
UIT,UIT_12,UIT_12_y512x0,JPEG,auto,6625.0,594,3,963.8082245892128,7.322253972897142,37,18,3,25,29,0,0.5555555555555556
UIT,UIT_12,UIT_12_y512x256,REF,5,,978,27,1479.2072862499358,7.933553793002155,90,36,10,43,77,0,1.0
UIT,UIT_12,UIT_12_y512x256,REF,auto,,978,12,1382.2955980045044,8.071962753539331,65,31,10,43,77,0,1.0
UIT,UIT_12,UIT_12_y512x256,SEG,5,,978,18,1412.952452253997,7.871290470042526,76,33,9,44,62,0,0.5797101449275361
UIT,UIT_12,UIT_12_y512x256,SEG,auto,,978,12,1329.697618258058,7.930047730606548,62,29,9,44,62,0,0.5000000000000001
UIT,UIT_12,UIT_12_y512x256,GRAPH7,5,9557.0,978,18,1414.25,7.90237478792427,76,33,9,43,62,0,0.6086956521739131
UIT,UIT_12,UIT_12_y512x256,GRAPH7,auto,9557.0,978,12,1331.0,7.94956517413262,62,29,9,43,62,0,0.5333333333333333
UIT,UIT_12,UIT_12_y512x256,JPEG,5,9270.0,978,18,1427.9940828143394,7.804084853915827,77,34,10,43,59,0,0.6
UIT,UIT_12,UIT_12_y512x256,JPEG,auto,9270.0,978,15,1366.8813844421315,7.8236218209368795,66,30,10,43,59,0,0.5573770491803278
UIT,UIT_12,UIT_12_y256x512,REF,5,,954,27,1554.449926937055,6.659591662372226,64,20,3,25,73,0,1.0
UIT,UIT_12,UIT_12_y256x512,REF,auto,,954,24,1522.8935777509512,6.64521630704749,55,17,3,25,73,0,1.0
UIT,UIT_12,UIT_12_y256x512,SEG,5,,954,32,1451.4377336282353,7.2977149701367185,61,15,3,24,82,0,0.6285714285714286
UIT,UIT_12,UIT_12_y256x512,SEG,auto,,954,26,1389.3250352560271,7.237618766686563,48,12,2,24,82,0,0.5517241379310345
UIT,UIT_12,UIT_12_y256x512,GRAPH7,5,8437.0,954,32,1452.0,7.2949545444976485,61,15,3,22,82,0,0.6285714285714286
UIT,UIT_12,UIT_12_y256x512,GRAPH7,auto,8437.0,954,26,1389.75,7.234126008056659,48,12,2,22,82,0,0.5517241379310345
UIT,UIT_12,UIT_12_y256x512,JPEG,5,8409.0,954,32,1429.2955980045042,7.1363108226436855,57,13,1,20,82,0,0.5454545454545455
UIT,UIT_12,UIT_12_y256x512,JPEG,auto,8409.0,954,26,1380.2539674441614,7.108273487501384,45,10,1,20,82,0,0.5185185185185185
UIT,UIT_12,UIT_12_y256x768,REF,5,,562,11,1030.7371567773473,6.57228594638581,55,25,7,38,47,1,1.0
UIT,UIT_12,UIT_12_y256x768,REF,auto,,562,10,1017.0803025278549,6.577572074343945,52,24,7,38,47,1,1.0
UIT,UIT_12,UIT_12_y256x768,SEG,5,,562,10,935.7371567773474,7.504169382624677,39,15,1,18,36,0,0.5499999999999999
UIT,UIT_12,UIT_12_y256x768,SEG,auto,,562,9,916.4234482783625,7.518239411454283,36,14,1,18,36,0,0.5263157894736842
UIT,UIT_12,UIT_12_y256x768,GRAPH7,5,6502.0,562,10,936.75,7.539408737721411,39,15,1,18,36,0,0.5499999999999999
UIT,UIT_12,UIT_12_y256x768,GRAPH7,auto,6502.0,562,9,917.5,7.5532464687308245,36,14,1,18,36,0,0.5263157894736842
UIT,UIT_12,UIT_12_y256x768,JPEG,5,6263.0,562,11,928.494516090228,7.558046662487774,40,15,1,21,41,0,0.6
UIT,UIT_12,UIT_12_y256x768,JPEG,auto,6263.0,562,10,909.1808075912433,7.571546284407732,37,14,1,21,41,0,0.5789473684210527
UIT,UIT_12,UIT_12_y0x512,REF,5,,894,20,1359.2123368838193,7.31491785475657,62,23,4,27,59,0,1.0
UIT,UIT_12,UIT_12_y0x512,REF,auto,,894,14,1334.8986283848344,7.349095142393789,54,22,4,27,59,0,1.0
UIT,UIT_12,UIT_12_y0x512,SEG,5,,894,20,1381.5676759431467,7.737363641723338,64,24,5,30,60,0,0.6808510638297872
UIT,UIT_12,UIT_12_y0x512,SEG,auto,,894,15,1341.9402589451774,7.749584833088762,54,22,5,30,60,0,0.6818181818181818
UIT,UIT_12,UIT_12_y0x512,GRAPH7,5,9611.0,894,20,1381.5,7.777913829442903,64,24,5,29,60,0,0.6808510638297872
UIT,UIT_12,UIT_12_y0x512,GRAPH7,auto,9611.0,894,15,1334.25,7.783114511124625,52,21,5,29,60,0,0.6976744186046512
UIT,UIT_12,UIT_12_y0x512,JPEG,5,9552.0,894,20,1377.4966081312812,7.719848371399715,63,24,5,27,57,0,0.6808510638297872
UIT,UIT_12,UIT_12_y0x512,JPEG,auto,9552.0,894,15,1336.111831820431,7.746135246486969,56,23,5,27,57,0,0.711111111111111
UIT,UIT_12,UIT_12_y0x768,REF,5,,286,15,456.50461735799473,7.423804279293171,28,8,3,9,33,0,1.0
UIT,UIT_12,UIT_12_y0x768,REF,auto,,286,12,431.9482681718907,7.43878322568263,23,7,3,9,33,0,1.0
UIT,UIT_12,UIT_12_y0x768,SEG,5,,286,14,366.63455967290594,9.443462316753031,20,3,0,3,31,0,0.36363636363636365
UIT,UIT_12,UIT_12_y0x768,SEG,auto,,286,9,336.90663761154804,9.426401268233404,13,2,0,3,31,0,0.22222222222222224
UIT,UIT_12,UIT_12_y0x768,GRAPH7,5,3005.0,286,14,367.25,9.46659509089339,20,3,0,3,31,0,0.36363636363636365
UIT,UIT_12,UIT_12_y0x768,GRAPH7,auto,3005.0,286,9,337.25,9.457666904830583,13,2,0,3,31,0,0.22222222222222224
UIT,UIT_12,UIT_12_y0x768,JPEG,5,2882.0,286,14,338.8355697996826,9.261424348812774,20,3,0,4,32,0,0.18181818181818182
UIT,UIT_12,UIT_12_y0x768,JPEG,auto,2882.0,286,10,317.35028842544403,9.272478534815585,16,3,0,4,32,0,0.2
UIT,UIT_12,UIT_12_y512x512,REF,5,,1232,30,2036.0794359760778,6.675648567091015,97,37,10,46,86,0,1.0
UIT,UIT_12,UIT_12_y512x512,REF,auto,,1232,25,2012.7657274770927,6.685744542048114,90,36,10,46,86,0,1.0
UIT,UIT_12,UIT_12_y512x512,SEG,5,,1232,25,2093.665222413704,7.241261246752813,88,35,7,41,77,0,0.6944444444444444
UIT,UIT_12,UIT_12_y512x512,SEG,auto,,1232,23,2080.594154601839,7.259093211035804,84,34,7,41,77,0,0.7142857142857144
UIT,UIT_12,UIT_12_y512x512,GRAPH7,5,13091.0,1232,25,2094.5,7.257102489831588,88,35,7,41,77,0,0.6944444444444444
UIT,UIT_12,UIT_12_y512x512,GRAPH7,auto,13091.0,1232,23,2081.5,7.274049894087559,84,34,7,41,77,0,0.7142857142857144
UIT,UIT_12,UIT_12_y512x512,JPEG,5,12880.0,1232,26,2049.0794359760775,7.310068895017604,89,35,7,41,79,0,0.6944444444444444
UIT,UIT_12,UIT_12_y512x512,JPEG,auto,12880.0,1232,22,2019.5230867899736,7.3165054098067195,79,32,7,41,79,0,0.7058823529411765
UIT,UIT_12,UIT_12_y512x768,REF,5,,574,17,1019.4062043356595,7.265770331610392,42,14,3,21,49,0,1.0
UIT,UIT_12,UIT_12_y512x768,REF,auto,,574,13,989.6782822743015,7.27561777407687,34,12,3,21,49,0,1.0
UIT,UIT_12,UIT_12_y512x768,SEG,5,,574,16,942.9797974644666,7.650484751231139,38,12,2,13,41,0,0.7692307692307692
UIT,UIT_12,UIT_12_y512x768,SEG,auto,,574,12,918.080302527855,7.617203287977188,30,10,2,13,41,0,0.8181818181818182
UIT,UIT_12,UIT_12_y512x768,GRAPH7,5,7154.0,574,16,943.75,7.632400493362272,38,12,2,13,41,0,0.7692307692307692
UIT,UIT_12,UIT_12_y512x768,GRAPH7,auto,7154.0,574,12,918.75,7.600272237861696,30,10,2,13,41,0,0.8181818181818182
UIT,UIT_12,UIT_12_y512x768,JPEG,5,6918.0,574,16,930.1513703397205,7.5838801084237994,38,12,2,13,41,0,0.7692307692307692
UIT,UIT_12,UIT_12_y512x768,JPEG,auto,6918.0,574,12,904.8376618407356,7.544915817452022,28,9,2,13,41,0,0.761904761904762
UIT,UIT_20,UIT_20_y512x0,REF,5,,466,13,907.1463197058371,7.905356358951687,38,14,3,15,35,0,1.0
UIT,UIT_20,UIT_20_y512x0,REF,auto,,466,10,874.8326112068523,7.92734600286603,29,11,3,15,35,0,1.0
UIT,UIT_20,UIT_20_y512x0,SEG,5,,466,12,799.2640687119283,8.915380329756434,26,7,0,9,33,0,0.5714285714285714
UIT,UIT_20,UIT_20_y512x0,SEG,auto,,466,9,762.879292401078,8.910146092465332,17,4,0,9,33,0,0.39999999999999997
UIT,UIT_20,UIT_20_y512x0,GRAPH7,5,7079.0,466,12,799.75,8.901973603920014,26,7,0,9,33,0,0.5714285714285714
UIT,UIT_20,UIT_20_y512x0,GRAPH7,auto,7079.0,466,9,763.25,8.875931971241513,17,4,0,9,33,0,0.39999999999999997
UIT,UIT_20,UIT_20_y512x0,JPEG,5,6918.0,466,11,779.8498551495554,8.87183168283195,23,6,0,7,29,0,0.5
UIT,UIT_20,UIT_20_y512x0,JPEG,auto,6918.0,466,9,768.6072144624359,8.820610944449239,19,5,0,7,29,0,0.5000000000000001
UIT,UIT_20,UIT_20_y512x256,REF,5,,647,15,1270.1828996322963,8.185927550917429,53,21,4,25,47,0,1.0
UIT,UIT_20,UIT_20_y512x256,REF,auto,,647,11,1222.8691911333115,8.229038976794865,42,17,3,25,47,0,1.0
UIT,UIT_20,UIT_20_y512x256,SEG,5,,647,14,1108.1290757631339,8.500047665828468,47,18,3,19,41,0,0.7692307692307692
UIT,UIT_20,UIT_20_y512x256,SEG,auto,,647,12,1082.6437943888952,8.471274672407812,39,15,3,19,41,0,0.7500000000000001
UIT,UIT_20,UIT_20_y512x256,GRAPH7,5,8495.0,647,14,1108.75,8.52507420566525,47,18,3,19,41,0,0.7692307692307692
UIT,UIT_20,UIT_20_y512x256,GRAPH7,auto,8495.0,647,12,1083.25,8.497393053802305,39,15,3,19,41,0,0.7500000000000001
UIT,UIT_20,UIT_20_y512x256,JPEG,5,8369.0,647,16,1114.8864350760148,8.419676589513815,53,20,4,21,45,0,0.7317073170731706
UIT,UIT_20,UIT_20_y512x256,JPEG,auto,8369.0,647,11,1062.6732316404182,8.435198151969681,40,16,4,21,45,0,0.7272727272727272
UIT,UIT_20,UIT_20_y512x512,REF,5,,381,7,705.5828278447966,7.406470536322865,28,11,1,15,27,0,1.0
UIT,UIT_20,UIT_20_y512x512,REF,auto,,381,6,691.5117600329312,7.4044987048861435,25,10,1,15,27,0,1.0
UIT,UIT_20,UIT_20_y512x512,SEG,5,,381,6,659.7127701597078,7.814063779604926,25,10,1,10,20,0,0.9523809523809523
UIT,UIT_20,UIT_20_y512x512,SEG,auto,,381,5,656.8843430349616,7.818918050149371,24,10,1,10,20,0,0.9
UIT,UIT_20,UIT_20_y512x512,GRAPH7,5,4755.0,381,6,659.75,7.825384152037404,25,10,1,10,20,0,0.9523809523809523
UIT,UIT_20,UIT_20_y512x512,GRAPH7,auto,4755.0,381,5,657.0,7.829885379462217,24,10,1,10,20,0,0.9
UIT,UIT_20,UIT_20_y512x512,JPEG,5,4720.0,381,4,645.1564209736038,7.75613388755526,25,11,1,12,18,0,0.9090909090909091
UIT,UIT_20,UIT_20_y512x512,JPEG,auto,4720.0,381,4,637.9137802864842,7.734431037288012,23,10,1,12,18,0,0.9
UIT,UIT_20,UIT_20_y512x768,REF,5,,74,6,154.68124086713192,5.768427592843871,6,0,0,2,14,0,1.0
UIT,UIT_20,UIT_20_y512x768,REF,auto,,74,5,150.2670273047588,5.779403638016696,5,0,0,2,14,0,1.0
UIT,UIT_20,UIT_20_y512x768,SEG,5,,74,4,44.04163056034262,4.361802086550272,4,0,0,0,8,0,1.0
UIT,UIT_20,UIT_20_y512x768,SEG,auto,,74,4,44.04163056034262,4.361802086550272,4,0,0,0,8,0,1.0
UIT,UIT_20,UIT_20_y512x768,GRAPH7,5,806.0,74,4,44.0,4.246578637739306,4,0,0,0,8,0,1.0
UIT,UIT_20,UIT_20_y512x768,GRAPH7,auto,806.0,74,4,44.0,4.246578637739306,4,0,0,0,8,0,1.0
UIT,UIT_20,UIT_20_y768x0,REF,5,,200,3,315.3208511739212,7.630322565596402,15,7,2,10,12,0,1.0
UIT,UIT_20,UIT_20_y768x0,REF,auto,,200,3,309.49242404917504,7.602810824906841,13,6,2,10,12,0,1.0
UIT,UIT_20,UIT_20_y768x0,SEG,5,,200,3,302.07821048680194,8.40059515878462,11,5,2,6,8,0,0.6666666666666666
UIT,UIT_20,UIT_20_y768x0,SEG,auto,,200,3,293.8355697996826,8.291050651511288,9,4,2,6,8,0,0.8
UIT,UIT_20,UIT_20_y768x0,GRAPH7,5,2477.0,200,3,302.0,8.377839008456544,11,5,2,6,8,0,0.6666666666666666
UIT,UIT_20,UIT_20_y768x0,GRAPH7,auto,2477.0,200,3,293.75,8.283131508268516,9,4,2,6,8,0,0.8
UIT,UIT_20,UIT_20_y768x0,JPEG,5,2411.0,200,3,293.8355697996826,8.293095818235097,12,5,1,5,9,0,0.8333333333333333
UIT,UIT_20,UIT_20_y768x0,JPEG,auto,2411.0,200,3,293.8355697996826,8.293095818235097,12,5,1,5,9,0,0.9090909090909091
UIT,UIT_3,UIT_3_y0x256,REF,5,,322,4,549.7888886054566,9.50209828633051,17,8,3,9,11,0,1.0
UIT,UIT_3,UIT_3_y0x256,REF,auto,,322,3,537.717820793591,9.59199425649771,16,8,3,9,11,0,1.0
UIT,UIT_3,UIT_3_y0x256,SEG,5,,322,5,569.6883835420682,7.993663356785578,22,10,3,10,14,0,0.6666666666666665
UIT,UIT_3,UIT_3_y0x256,SEG,auto,,322,3,554.6173157302028,8.05157761583601,20,10,3,10,14,0,0.6666666666666665
UIT,UIT_3,UIT_3_y0x256,GRAPH7,5,3982.0,322,5,570.0,7.950189965401939,22,10,3,10,14,0,0.6666666666666665
UIT,UIT_3,UIT_3_y0x256,GRAPH7,auto,3982.0,322,3,555.0,8.011314473278539,20,10,3,10,14,0,0.6666666666666665
UIT,UIT_3,UIT_3_y0x256,JPEG,5,3933.0,322,6,535.7888886054566,8.002019091351283,18,7,2,7,15,0,0.39999999999999997
UIT,UIT_3,UIT_3_y0x256,JPEG,auto,3933.0,322,4,530.9604614807104,8.011138339533337,16,7,2,7,15,0,0.39999999999999997
UIT,UIT_20,UIT_20_y256x512,REF,5,,1081,22,1790.1189744953674,7.208573828561863,68,24,3,34,72,0,1.0
UIT,UIT_20,UIT_20_y256x512,REF,auto,,1081,17,1750.9768388716361,7.22755146368137,56,21,3,34,72,0,1.0
UIT,UIT_20,UIT_20_y256x512,SEG,5,,1081,19,1786.0479066835017,7.886537986654109,70,27,3,35,67,0,0.627450980392157
UIT,UIT_20,UIT_20_y256x512,SEG,auto,,1081,17,1763.734198184517,7.874734675732831,62,24,3,35,67,0,0.5777777777777778
UIT,UIT_20,UIT_20_y256x512,GRAPH7,5,11952.0,1081,19,1788.0,7.900495461540621,70,27,3,35,67,0,0.627450980392157
UIT,UIT_20,UIT_20_y256x512,GRAPH7,auto,11952.0,1081,17,1765.25,7.893831403616842,62,24,3,35,67,0,0.5777777777777778
UIT,UIT_20,UIT_20_y256x512,JPEG,5,11804.0,1081,18,1802.704760932994,7.856737677791113,73,29,4,41,69,0,0.6415094339622641
UIT,UIT_20,UIT_20_y256x512,JPEG,auto,11804.0,1081,16,1767.3199846221441,7.85235986347774,64,26,4,41,69,0,0.6382978723404256
UIT,UIT_20,UIT_20_y256x768,REF,5,,809,12,1346.3006486383879,8.12244470347708,64,29,8,34,42,0,1.0
UIT,UIT_20,UIT_20_y256x768,REF,auto,,809,10,1294.016377390926,8.119540244838634,51,24,8,34,42,0,1.0
UIT,UIT_20,UIT_20_y256x768,SEG,5,,809,14,1273.9747468305834,8.598319570815548,60,26,7,31,45,0,0.8
UIT,UIT_20,UIT_20_y256x768,SEG,auto,,809,11,1225.347329832614,8.58709883088361,48,22,7,31,45,0,0.8695652173913043
UIT,UIT_20,UIT_20_y256x768,GRAPH7,5,9391.0,809,14,1275.25,8.614136666360187,60,26,7,30,45,0,0.8
UIT,UIT_20,UIT_20_y256x768,GRAPH7,auto,9391.0,809,11,1226.5,8.60572933681981,48,22,7,30,45,0,0.8695652173913043
UIT,UIT_20,UIT_20_y256x768,JPEG,5,9110.0,809,14,1252.5605332682105,8.63976216450151,55,24,7,30,44,0,0.7547169811320755
UIT,UIT_20,UIT_20_y256x768,JPEG,auto,9110.0,809,10,1216.1757569573601,8.671562028894916,49,23,7,30,44,0,0.8085106382978724
UIT,UIT_3,UIT_3_y0x512,REF,5,,333,10,523.2325394193526,7.549128652026109,28,9,1,11,30,0,1.0
UIT,UIT_3,UIT_3_y0x512,REF,auto,,333,4,482.4335495461293,7.62413028383891,19,8,1,11,30,0,1.0
UIT,UIT_3,UIT_3_y0x512,SEG,5,,333,7,467.2325394193527,7.852391234257489,28,11,2,12,23,0,0.7000000000000001
UIT,UIT_3,UIT_3_y0x512,SEG,auto,,333,4,428.6761902332486,7.897426541529674,19,8,2,12,23,0,0.625
UIT,UIT_3,UIT_3_y0x512,GRAPH7,5,3533.0,333,7,467.5,7.890152361311666,28,11,2,12,23,0,0.7000000000000001
UIT,UIT_3,UIT_3_y0x512,GRAPH7,auto,3533.0,333,4,429.0,7.932649564866242,19,8,2,12,23,0,0.625
UIT,UIT_3,UIT_3_y0x512,JPEG,5,3455.0,333,7,460.7472580451141,7.530003912619964,24,9,2,12,22,0,0.6666666666666666
UIT,UIT_3,UIT_3_y0x512,JPEG,auto,3455.0,333,6,449.3330444827409,7.531654631563781,21,8,2,12,22,0,0.625
UIT,UIT_3,UIT_3_y256x256,REF,5,,462,11,764.6711395993651,8.385447891747033,35,14,4,22,36,0,1.0
UIT,UIT_3,UIT_3_y256x256,REF,auto,,462,8,729.4579361637687,8.456404019815626,28,12,4,22,36,0,1.0
UIT,UIT_3,UIT_3_y256x256,SEG,5,,462,14,681.0437226013959,7.615351429791445,30,8,0,11,39,0,0.5454545454545454
UIT,UIT_3,UIT_3_y256x256,SEG,auto,,462,13,664.8010819142764,7.609709820681794,25,6,0,11,39,0,0.6666666666666666
UIT,UIT_3,UIT_3_y256x256,GRAPH7,5,5595.0,462,14,681.75,7.583421473288916,30,8,0,11,39,0,0.5454545454545454
UIT,UIT_3,UIT_3_y256x256,GRAPH7,auto,5595.0,462,13,665.5,7.57939931222646,25,6,0,11,39,0,0.6666666666666666
UIT,UIT_3,UIT_3_y256x256,JPEG,5,5583.0,462,15,675.1147904132612,7.453762719076584,31,8,0,12,42,0,0.6363636363636364
UIT,UIT_3,UIT_3_y256x256,JPEG,auto,5583.0,462,14,649.0437226013958,7.43102237467598,26,6,0,12,42,0,0.6666666666666666
UIT,UIT_3,UIT_3_y768x512,REF,5,,209,5,494.7766952966369,8.678378208048368,25,11,3,16,20,0,1.0
UIT,UIT_3,UIT_3_y768x512,REF,auto,,209,4,485.1198410471445,8.731246032256886,22,10,3,16,20,0,1.0
UIT,UIT_3,UIT_3_y768x512,SEG,5,,209,2,218.61017305526644,11.589852395161113,21,11,4,13,9,0,0.09090909090909091
UIT,UIT_3,UIT_3_y768x512,SEG,auto,,209,1,159.5685424949238,12.18356303285167,10,6,4,13,9,0,0.0
UIT,UIT_3,UIT_3_y768x512,GRAPH7,5,2093.0,209,2,218.75,11.619848333893039,21,11,4,12,9,0,0.09090909090909091
UIT,UIT_3,UIT_3_y768x512,GRAPH7,auto,2093.0,209,1,160.0,12.206020060172511,10,6,4,12,9,0,0.0
UIT,UIT_3,UIT_3_y768x512,JPEG,5,2045.0,209,2,173.9238815542512,11.20903057152919,14,7,2,8,8,0,0.33333333333333326
UIT,UIT_3,UIT_3_y768x512,JPEG,auto,2045.0,209,1,124.39696961967002,11.119958708184425,5,3,2,8,8,0,0.30769230769230765
UIT,UIT_33,UIT_33_y0x256,REF,5,,436,5,732.5706345359769,8.985521464557406,33,16,5,22,22,0,1.0
UIT,UIT_33,UIT_33_y0x256,REF,auto,,436,3,698.8427124746189,8.936048284045029,23,12,5,22,22,0,1.0
UIT,UIT_33,UIT_33_y0x256,SEG,5,,436,5,649.9726547895302,8.723912815620205,28,13,4,18,20,0,0.6206896551724138
UIT,UIT_33,UIT_33_y0x256,SEG,auto,,436,4,613.2447327281723,8.668695377395421,20,10,4,18,20,0,0.5454545454545454
UIT,UIT_33,UIT_33_y0x256,GRAPH7,5,5434.0,436,5,650.0,8.761622715470532,28,13,4,17,20,0,0.6206896551724138
UIT,UIT_33,UIT_33_y0x256,GRAPH7,auto,5434.0,436,4,613.0,8.684444485624221,20,10,4,17,20,0,0.5454545454545454
UIT,UIT_33,UIT_33_y0x256,JPEG,5,5271.0,436,7,644.4579361637686,8.215912989470501,27,11,4,18,24,0,0.7407407407407406
UIT,UIT_33,UIT_33_y0x256,JPEG,auto,5271.0,436,6,615.5584412271571,8.234355028986215,23,10,4,18,24,0,0.6363636363636365
UIT,UIT_3,UIT_3_y512x512,REF,5,,384,21,776.98484809835,8.886735800148381,50,15,1,18,58,0,1.0
UIT,UIT_3,UIT_3_y512x512,REF,auto,,384,12,701.2152954766494,9.15099257190978,31,10,1,18,58,0,1.0
UIT,UIT_3,UIT_3_y512x512,SEG,5,,384,8,504.84776310850236,9.910418124936603,28,11,2,15,27,0,0.30769230769230765
UIT,UIT_3,UIT_3_y512x512,SEG,auto,,384,7,425.14927829866735,9.60860084129052,13,4,2,15,27,0,0.0
UIT,UIT_3,UIT_3_y512x512,GRAPH7,5,4744.0,384,8,505.0,9.90090207405781,28,11,2,14,27,0,0.30769230769230765
UIT,UIT_3,UIT_3_y512x512,GRAPH7,auto,4744.0,384,7,425.25,9.593180848218108,13,4,2,14,27,0,0.0
UIT,UIT_3,UIT_3_y512x512,JPEG,5,4651.0,384,5,396.66399692442883,8.68624833028267,15,6,2,10,16,0,0.09523809523809522
UIT,UIT_3,UIT_3_y512x512,JPEG,auto,4651.0,384,5,375.35028842544403,8.825232238831415,9,3,2,10,16,0,0.0
UIT,UIT_3,UIT_3_y768x256,REF,5,,137,3,238.7817459305202,8.746485672956954,11,4,0,6,12,0,1.0
UIT,UIT_3,UIT_3_y768x256,REF,auto,,137,2,225.95331880577407,8.937668016242892,6,2,0,6,12,0,1.0
UIT,UIT_3,UIT_3_y768x256,SEG,5,,137,4,167.98275605729688,8.249722848530526,6,1,0,1,9,0,0.4
UIT,UIT_3,UIT_3_y768x256,SEG,auto,,137,4,167.98275605729688,8.249722848530526,6,1,0,1,9,0,0.6666666666666666
UIT,UIT_3,UIT_3_y768x256,GRAPH7,5,1806.0,137,4,168.25,8.21908217009384,6,1,0,1,9,0,0.4
UIT,UIT_3,UIT_3_y768x256,GRAPH7,auto,1806.0,137,4,168.25,8.21908217009384,6,1,0,1,9,0,0.6666666666666666
UIT,UIT_3,UIT_3_y768x256,JPEG,5,1768.0,137,5,192.1543289325507,8.208482537563428,9,2,0,2,12,0,0.0
UIT,UIT_3,UIT_3_y768x256,JPEG,auto,1768.0,137,4,182.1543289325507,8.025549299443838,6,1,0,2,12,0,0.0
UIT,UIT_33,UIT_33_y0x512,REF,5,,509,9,910.8965363437812,9.00209088552184,40,16,2,19,33,0,1.0
UIT,UIT_33,UIT_33_y0x512,REF,auto,,509,7,887.6538956566619,9.02926129148433,32,13,2,19,33,0,1.0
UIT,UIT_33,UIT_33_y0x512,SEG,5,,509,8,843.7127701597078,9.968305231347612,31,12,1,15,29,0,0.5714285714285715
UIT,UIT_33,UIT_33_y0x512,SEG,auto,,509,6,794.9848480983499,10.095468970647781,21,8,1,15,29,0,0.4761904761904762
UIT,UIT_33,UIT_33_y0x512,GRAPH7,5,6072.0,509,8,843.25,9.993779547226957,31,12,1,15,29,0,0.5714285714285715
UIT,UIT_33,UIT_33_y0x512,GRAPH7,auto,6072.0,509,6,794.75,10.115372389893386,21,8,1,15,29,0,0.4761904761904762
UIT,UIT_33,UIT_33_y0x512,JPEG,5,5909.0,509,8,803.9554108468269,9.946396965501814,32,12,2,14,26,0,0.5714285714285715
UIT,UIT_33,UIT_33_y0x512,JPEG,auto,5909.0,509,7,759.1564209736036,9.860725165471894,22,8,2,14,26,0,0.380952380952381
UIT,UIT_33,UIT_33_y256x0,REF,5,,352,13,515.7005768508881,7.160170688176152,22,5,1,11,35,0,1.0
UIT,UIT_33,UIT_33_y256x0,REF,auto,,352,11,489.5584412271571,7.139478340416391,18,4,1,11,35,0,1.0
UIT,UIT_33,UIT_33_y256x0,SEG,5,,352,14,478.8010819142764,6.784292265724208,21,4,1,8,34,0,0.22222222222222224
UIT,UIT_33,UIT_33_y256x0,SEG,auto,,352,13,457.9015869776647,6.792465387172777,18,3,1,8,34,0,0.28571428571428575
UIT,UIT_33,UIT_33_y256x0,GRAPH7,5,3970.0,352,14,478.75,6.773828832077178,21,4,1,8,34,0,0.22222222222222224
UIT,UIT_33,UIT_33_y256x0,GRAPH7,auto,3970.0,352,13,457.75,6.781202738081811,18,3,1,8,34,0,0.28571428571428575
UIT,UIT_33,UIT_33_y256x0,JPEG,5,3886.0,352,15,485.0437226013956,6.611127753536275,22,4,1,7,35,0,0.22222222222222224
UIT,UIT_33,UIT_33_y256x0,JPEG,auto,3886.0,352,12,460.4873734152916,6.583141884652749,17,3,1,7,35,0,0.28571428571428575
UIT,UIT_33,UIT_33_y512x512,REF,5,,343,14,728.5117600329311,8.945949256136522,37,14,5,18,36,0,1.0
UIT,UIT_33,UIT_33_y512x512,REF,auto,,343,10,674.6417023478423,9.078316894134238,24,9,5,18,36,0,1.0
UIT,UIT_33,UIT_33_y512x512,SEG,5,,343,8,509.2325394193526,10.223296548030985,21,8,3,10,20,0,0.36363636363636365
UIT,UIT_33,UIT_33_y512x512,SEG,auto,,343,7,464.26197667087547,10.15948057200114,13,4,3,10,20,0,0.30769230769230765
UIT,UIT_33,UIT_33_y512x512,GRAPH7,5,3808.0,343,8,509.5,10.203208540706555,21,8,3,10,20,0,0.36363636363636365
UIT,UIT_33,UIT_33_y512x512,GRAPH7,auto,3808.0,343,7,464.25,10.134821792681969,13,4,3,10,20,0,0.30769230769230765
UIT,UIT_33,UIT_33_y512x512,JPEG,5,3770.0,343,8,472.30360723121794,10.072200840939985,19,7,4,11,19,0,0.38095238095238093
UIT,UIT_33,UIT_33_y512x512,JPEG,auto,3770.0,343,7,433.67619023324846,9.755979437482086,12,4,4,11,19,0,0.30769230769230765
UIT,UIT_33,UIT_33_y768x256,REF,5,,551,15,991.8498551495553,7.214426074528137,46,18,6,19,38,0,1.0
UIT,UIT_33,UIT_33_y768x256,REF,auto,,551,11,969.607214462436,7.2629195962888735,39,17,6,19,38,0,1.0
UIT,UIT_33,UIT_33_y768x256,SEG,5,,551,12,933.6366517139589,7.484082569135896,40,16,4,17,33,0,0.7647058823529411
UIT,UIT_33,UIT_33_y768x256,SEG,auto,,551,11,902.6660889654819,7.482315518266431,31,12,4,17,33,0,0.6896551724137931
UIT,UIT_33,UIT_33_y768x256,GRAPH7,5,6907.0,551,12,933.0,7.481172563947188,40,16,4,17,33,0,0.7647058823529411
UIT,UIT_33,UIT_33_y768x256,GRAPH7,auto,6907.0,551,11,902.0,7.4781896551761236,31,12,4,17,33,0,0.6896551724137931
UIT,UIT_33,UIT_33_y768x256,JPEG,5,6788.0,551,12,924.5361466505708,7.418122688879611,38,15,4,18,34,0,0.7272727272727272
UIT,UIT_33,UIT_33_y768x256,JPEG,auto,6788.0,551,11,906.222438151586,7.412749658392297,33,13,4,18,34,0,0.7333333333333334
UIT,UIT_3,UIT_3_y256x512,REF,5,,690,18,1244.317892581091,7.6075531894588915,53,19,3,22,52,0,1.0
UIT,UIT_3,UIT_3_y256x512,REF,auto,,690,15,1221.4183976444792,7.613300536061674,46,17,3,22,52,0,1.0
UIT,UIT_3,UIT_3_y256x512,SEG,5,,690,16,1134.3351365237938,7.864405230329866,49,18,3,20,46,0,0.5405405405405405
UIT,UIT_3,UIT_3_y256x512,SEG,auto,,690,15,1102.4356415871823,7.812056828390771,42,15,3,20,46,0,0.5625
UIT,UIT_3,UIT_3_y256x512,GRAPH7,5,8900.0,690,16,1135.25,7.861023341090135,49,18,3,20,46,0,0.5405405405405405
UIT,UIT_3,UIT_3_y256x512,GRAPH7,auto,8900.0,690,15,1103.25,7.8134257771207025,42,15,3,20,46,0,0.5625
UIT,UIT_3,UIT_3_y256x512,JPEG,5,8698.0,690,17,1137.1635636485403,7.845689899106817,49,17,2,19,49,0,0.5555555555555555
UIT,UIT_3,UIT_3_y256x512,JPEG,auto,8698.0,690,15,1084.607214462436,7.787101268652006,37,12,2,19,49,0,0.4827586206896552
UIT,UIT_3,UIT_3_y512x256,REF,5,,808,12,1275.8864350760145,8.180981849564878,73,34,10,45,49,0,1.0
UIT,UIT_3,UIT_3_y512x256,REF,auto,,808,11,1217.259018078045,8.17420411211532,62,29,10,45,49,0,1.0
UIT,UIT_3,UIT_3_y512x256,SEG,5,,808,13,1212.4600282048218,8.150104216014011,64,28,5,34,50,0,0.7096774193548386
UIT,UIT_3,UIT_3_y512x256,SEG,auto,,808,10,1163.004184082106,8.162485897042377,51,23,5,34,50,0,0.6538461538461539
UIT,UIT_3,UIT_3_y512x256,GRAPH7,5,9668.0,808,13,1212.75,8.16707722506792,64,28,5,33,50,0,0.7096774193548386
UIT,UIT_3,UIT_3_y512x256,GRAPH7,auto,9668.0,808,10,1163.5,8.177735660548286,51,23,5,33,50,0,0.6538461538461539
UIT,UIT_3,UIT_3_y512x256,JPEG,5,9603.0,808,12,1206.5310960166871,8.240589946855605,66,30,7,35,45,0,0.65625
UIT,UIT_3,UIT_3_y512x256,JPEG,auto,9603.0,808,9,1150.2468247692254,8.236076989372982,53,25,7,35,45,0,0.5925925925925927
HUMAN,HUMAN_1b,HUMAN_1b_y512x256,REF,5,,302,3,471.43354954612926,4.818187587360834,46,26,11,35,20,0,1.0
HUMAN,HUMAN_1b,HUMAN_1b_y512x256,REF,auto,,302,3,471.43354954612926,4.818187587360834,46,26,11,35,20,0,1.0
HUMAN,HUMAN_1b,HUMAN_1b_y512x256,SEG,5,,302,3,415.3919189857866,8.734383447344374,25,12,2,15,17,0,0.4736842105263157
HUMAN,HUMAN_1b,HUMAN_1b_y512x256,SEG,auto,,302,2,385.49242404917493,8.854295192652538,16,8,2,15,17,0,0.47058823529411764
HUMAN,HUMAN_1b,HUMAN_1b_y512x256,GRAPH7,5,3066.0,302,3,415.75,8.757683179405973,25,12,2,15,17,0,0.4736842105263157
HUMAN,HUMAN_1b,HUMAN_1b_y512x256,GRAPH7,auto,3066.0,302,2,386.0,8.855523549347723,16,8,2,15,17,0,0.47058823529411764
HUMAN,HUMAN_1b,HUMAN_1b_y512x256,JPEG,5,3030.0,302,4,406.8061325481597,8.519763719424303,27,13,3,17,19,0,0.5128205128205128
HUMAN,HUMAN_1b,HUMAN_1b_y512x256,JPEG,auto,3030.0,302,3,376.73506473629425,8.61656812964871,20,10,3,17,19,0,0.5
HUMAN,HUMAN_1b,HUMAN_1b_y768x0,REF,5,,444,11,490.20310216782974,5.99954063284723,22,6,1,13,34,0,1.0
HUMAN,HUMAN_1b,HUMAN_1b_y768x0,REF,auto,,444,8,472.88939366884495,5.998070054814527,18,5,1,13,34,0,1.0
HUMAN,HUMAN_1b,HUMAN_1b_y768x0,SEG,5,,444,9,647.3158005400379,8.948291659568754,31,12,2,15,29,0,0.1111111111111111
HUMAN,HUMAN_1b,HUMAN_1b_y768x0,SEG,auto,,444,5,616.5878784786801,9.000972204494584,23,10,2,15,29,0,0.13333333333333333
HUMAN,HUMAN_1b,HUMAN_1b_y768x0,GRAPH7,5,4968.0,444,9,647.75,8.972162606640914,31,12,2,15,29,0,0.1111111111111111
HUMAN,HUMAN_1b,HUMAN_1b_y768x0,GRAPH7,auto,4968.0,444,5,617.0,9.021195523900458,23,10,2,15,29,0,0.13333333333333333
HUMAN,HUMAN_1b,HUMAN_1b_y768x0,JPEG,5,4763.0,444,9,648.9726547895303,8.843866003083885,31,12,2,16,30,0,0.1111111111111111
HUMAN,HUMAN_1b,HUMAN_1b_y768x0,JPEG,auto,4763.0,444,5,615.0020920410532,8.913809793837054,23,10,2,16,30,0,0.13333333333333333
UIT,UIT_33,UIT_33_y768x512,REF,5,,609,13,1131.4183976444792,8.108034290988938,51,20,3,22,42,0,1.0
UIT,UIT_33,UIT_33_y768x512,REF,auto,,609,12,1103.5189027078675,8.13016652678124,42,16,3,22,42,0,1.0
UIT,UIT_33,UIT_33_y768x512,SEG,5,,609,9,1034.9209229614207,8.440610087144268,32,12,1,18,34,0,0.5
UIT,UIT_33,UIT_33_y768x512,SEG,auto,,609,9,1012.8498551495553,8.378732649444752,26,9,1,18,34,0,0.4800000000000001
UIT,UIT_33,UIT_33_y768x512,GRAPH7,5,7475.0,609,9,1036.5,8.447044624180926,32,12,1,18,34,0,0.5
UIT,UIT_33,UIT_33_y768x512,GRAPH7,auto,7475.0,609,9,1022.75,8.427689934806558,28,10,1,18,34,0,0.5384615384615384
UIT,UIT_33,UIT_33_y768x512,JPEG,5,7437.0,609,10,1015.1930009000629,8.515151995353255,35,13,1,18,36,0,0.5454545454545455
UIT,UIT_33,UIT_33_y768x512,JPEG,auto,7437.0,609,10,996.7077195258244,8.486416402149414,29,10,1,18,36,0,0.5384615384615384
HUMAN,HUMAN_1b,HUMAN_1b_y512x0,REF,5,,283,5,494.9604614807104,6.7658964952018685,28,12,2,14,20,0,1.0
HUMAN,HUMAN_1b,HUMAN_1b_y512x0,REF,auto,,283,3,479.47518010647195,6.7804775601776575,24,11,2,14,20,0,1.0
HUMAN,HUMAN_1b,HUMAN_1b_y512x0,SEG,5,,283,8,310.27922061357856,8.363790117641756,17,5,2,11,23,0,0.11764705882352941
HUMAN,HUMAN_1b,HUMAN_1b_y512x0,SEG,auto,,283,6,283.2081528017131,8.528789670927537,13,4,2,11,23,0,0.0
HUMAN,HUMAN_1b,HUMAN_1b_y512x0,GRAPH7,5,3299.0,283,8,310.5,8.421864913109498,17,5,2,10,23,0,0.11764705882352941
HUMAN,HUMAN_1b,HUMAN_1b_y512x0,GRAPH7,auto,3299.0,283,6,283.5,8.598461391921926,13,4,2,10,23,0,0.0
HUMAN,HUMAN_1b,HUMAN_1b_y512x0,JPEG,5,3255.0,283,11,372.46298679765215,8.009371105252656,25,7,1,12,33,0,0.10526315789473685
HUMAN,HUMAN_1b,HUMAN_1b_y512x0,JPEG,auto,3255.0,283,7,319.5218613006979,8.255038635361359,17,5,1,12,33,0,0.0
UIT,UIT_33,UIT_33_y512x0,REF,5,,181,4,221.09545442950503,10.05549837336321,14,6,2,9,13,0,1.0
UIT,UIT_33,UIT_33_y512x0,REF,auto,,181,1,166.22539674441617,10.311930694978097,5,3,2,9,13,0,1.0
UIT,UIT_33,UIT_33_y512x0,SEG,5,,181,4,224.5096679918781,8.843764205916962,15,7,3,7,9,0,0.30769230769230765
UIT,UIT_33,UIT_33_y512x0,SEG,auto,,181,2,199.36753236814712,9.01296999862619,9,5,3,7,9,0,0.25
UIT,UIT_33,UIT_33_y512x0,GRAPH7,5,2094.0,181,4,224.5,8.807105400030588,15,7,3,7,9,0,0.30769230769230765
UIT,UIT_33,UIT_33_y512x0,GRAPH7,auto,2094.0,181,2,199.25,8.965416242834204,9,5,3,7,9,0,0.25
UIT,UIT_33,UIT_33_y512x0,JPEG,5,2094.0,181,4,213.09545442950503,9.620396674966994,13,5,1,5,11,0,0.3636363636363636
UIT,UIT_33,UIT_33_y512x0,JPEG,auto,2094.0,181,2,181.78174593052023,9.553463999504622,5,2,1,5,11,0,0.0
UIT,UIT_33,UIT_33_y512x256,REF,5,,1176,24,1934.1555544218265,6.893221926483407,80,29,2,37,81,0,1.0
UIT,UIT_33,UIT_33_y512x256,REF,auto,,1176,21,1902.2560594852152,6.910789682830634,71,26,2,37,81,0,1.0
UIT,UIT_33,UIT_33_y512x256,SEG,5,,1176,22,1925.084486609961,7.441049416097719,82,32,4,38,74,0,0.8196721311475409
UIT,UIT_33,UIT_33_y512x256,SEG,auto,,1176,19,1887.1139238614844,7.434532473848127,71,28,4,38,74,0,0.8148148148148148
UIT,UIT_33,UIT_33_y512x256,GRAPH7,5,13276.0,1176,22,1926.0,7.451263685054942,82,32,4,38,74,0,0.8196721311475409
UIT,UIT_33,UIT_33_y512x256,GRAPH7,auto,13276.0,1176,19,1887.75,7.446603204635528,71,28,4,38,74,0,0.8148148148148148
UIT,UIT_33,UIT_33_y512x256,JPEG,5,13208.0,1176,22,1892.0428560496184,7.455554097591017,77,28,3,35,73,0,0.7719298245614034
UIT,UIT_33,UIT_33_y512x256,JPEG,auto,13208.0,1176,21,1866.9717882377533,7.455151692202258,70,25,3,35,73,0,0.7450980392156863
HUMAN,HUMAN_1b,HUMAN_1b_y768x256,REF,5,,816,17,966.9919907732861,6.305499240613239,46,16,4,25,51,0,1.0
HUMAN,HUMAN_1b,HUMAN_1b_y768x256,REF,auto,,816,12,931.1930009000629,6.305403951828419,37,14,4,25,51,0,1.0
HUMAN,HUMAN_1b,HUMAN_1b_y768x256,SEG,5,,816,15,1178.5016587651646,7.936085098327865,63,26,4,32,54,0,0.2857142857142857
HUMAN,HUMAN_1b,HUMAN_1b_y768x256,SEG,auto,,816,13,1153.1879502661798,7.9267900804365965,55,23,4,32,54,0,0.3243243243243243
HUMAN,HUMAN_1b,HUMAN_1b_y768x256,GRAPH7,5,8478.0,816,15,1179.0,7.956417191227933,63,26,4,32,54,0,0.2857142857142857
HUMAN,HUMAN_1b,HUMAN_1b_y768x256,GRAPH7,auto,8478.0,816,13,1153.5,7.946000706698728,55,23,4,32,54,0,0.3243243243243243
HUMAN,HUMAN_1b,HUMAN_1b_y768x256,JPEG,5,8369.0,816,17,1198.5727265770302,7.967438966230636,67,27,4,31,57,0,0.3255813953488372
HUMAN,HUMAN_1b,HUMAN_1b_y768x256,JPEG,auto,8369.0,816,14,1161.1879502661798,7.949668025089801,58,24,4,31,57,0,0.3157894736842105
HUMAN,HUMAN_1b,HUMAN_1b_y768x512,REF,5,,79,1,60.87005768508881,6.999816314928865,6,3,2,4,2,0,1.0
HUMAN,HUMAN_1b,HUMAN_1b_y768x512,REF,auto,,79,1,60.87005768508881,6.999816314928865,6,3,2,4,2,0,1.0
HUMAN,HUMAN_1b,HUMAN_1b_y768x512,SEG,5,,79,1,105.01219330881973,11.18317627768269,2,1,1,1,1,0,0.0
HUMAN,HUMAN_1b,HUMAN_1b_y768x512,SEG,auto,,79,1,105.01219330881973,11.18317627768269,2,1,1,1,1,0,0.0
HUMAN,HUMAN_1b,HUMAN_1b_y768x512,GRAPH7,5,1410.0,79,1,105.0,11.166339957212703,2,1,1,1,1,0,0.0
HUMAN,HUMAN_1b,HUMAN_1b_y768x512,GRAPH7,auto,1410.0,79,1,105.0,11.166339957212703,2,1,1,1,1,0,0.0
HUMAN,HUMAN_1b,HUMAN_1b_y768x512,JPEG,5,1408.0,79,1,95.76955262170046,11.03192713104232,2,1,1,2,2,0,0.0
HUMAN,HUMAN_1b,HUMAN_1b_y768x512,JPEG,auto,1408.0,79,1,95.76955262170046,11.03192713104232,2,1,1,2,2,0,0.0
HUMAN,HUMAN_2b,HUMAN_2b_y0x256,REF,5,,392,13,719.683332908185,5.017377385913292,53,23,8,36,48,0,1.0
HUMAN,HUMAN_2b,HUMAN_2b_y0x256,REF,auto,,392,12,718.683332908185,5.020184432206894,52,23,8,36,48,0,1.0
HUMAN,HUMAN_2b,HUMAN_2b_y0x256,SEG,5,,392,9,543.4873734152917,8.86121327447832,29,11,2,14,28,0,0.2352941176470588
HUMAN,HUMAN_2b,HUMAN_2b_y0x256,SEG,auto,,392,5,513.3452377915606,9.021526008257814,23,10,2,14,28,0,0.18181818181818182
HUMAN,HUMAN_2b,HUMAN_2b_y0x256,GRAPH7,5,4163.0,392,9,543.75,8.840748688759007,29,11,2,14,28,0,0.2352941176470588
HUMAN,HUMAN_2b,HUMAN_2b_y0x256,GRAPH7,auto,4163.0,392,5,513.5,9.00153147415272,23,10,2,14,28,0,0.18181818181818182
HUMAN,HUMAN_2b,HUMAN_2b_y0x256,JPEG,5,4115.0,392,10,582.2152954766494,8.65485620983686,32,12,2,15,31,0,0.2857142857142857
HUMAN,HUMAN_2b,HUMAN_2b_y0x256,JPEG,auto,4115.0,392,5,531.58787847868,8.778737422164106,23,10,2,15,31,0,0.24242424242424243
HUMAN,HUMAN_2b,HUMAN_2b_y0x512,REF,5,,723,16,928.1219330881977,4.363231230046451,56,22,6,32,52,0,1.0
HUMAN,HUMAN_2b,HUMAN_2b_y0x512,REF,auto,,723,16,932.5361466505707,4.355521966728559,56,22,6,32,52,0,1.0
HUMAN,HUMAN_2b,HUMAN_2b_y0x512,SEG,5,,723,13,1016.9919907732863,8.022107320627393,57,24,4,30,48,0,0.21739130434782608
HUMAN,HUMAN_2b,HUMAN_2b_y0x512,SEG,auto,,723,11,983.5067093990478,8.01416634072009,51,22,4,30,48,0,0.22727272727272727
HUMAN,HUMAN_2b,HUMAN_2b_y0x512,GRAPH7,5,6248.0,723,13,1017.75,8.012803210158724,57,24,4,30,48,0,0.21739130434782608
HUMAN,HUMAN_2b,HUMAN_2b_y0x512,GRAPH7,auto,6248.0,723,11,984.0,8.01038411294618,51,22,4,30,48,0,0.22727272727272727
HUMAN,HUMAN_2b,HUMAN_2b_y0x512,JPEG,5,6014.0,723,13,1096.8620484583753,7.987804878981883,63,27,4,32,50,0,0.20408163265306123
HUMAN,HUMAN_2b,HUMAN_2b_y0x512,JPEG,auto,6014.0,723,11,1063.7909806465098,7.967976786956736,55,24,4,32,50,0,0.21739130434782608
UIT,UIT_33,UIT_33_y256x256,REF,5,,1515,36,2376.346463280837,6.6668964957887695,95,33,7,42,100,0,1.0
UIT,UIT_33,UIT_33_y256x256,REF,auto,,1515,33,2339.2043276571058,6.6701319952430715,82,28,7,42,100,0,1.0
UIT,UIT_33,UIT_33_y256x256,SEG,5,,1515,26,2487.3586565896567,7.463452526016724,95,38,7,52,90,0,0.7605633802816901
UIT,UIT_33,UIT_33_y256x256,SEG,auto,,1515,25,2411.7606768432092,7.4139591778993745,80,31,7,52,90,0,0.7457627118644068
UIT,UIT_33,UIT_33_y256x256,GRAPH7,5,14809.0,1515,26,2490.25,7.462333171696753,95,38,7,52,90,0,0.7605633802816901
UIT,UIT_33,UIT_33_y256x256,GRAPH7,auto,14809.0,1515,25,2414.75,7.415567826887112,80,31,7,52,90,0,0.7457627118644068
UIT,UIT_33,UIT_33_y256x256,JPEG,5,14490.0,1515,27,2496.772870152029,7.494217890099255,105,43,8,52,90,0,0.736842105263158
UIT,UIT_33,UIT_33_y256x256,JPEG,auto,14490.0,1515,25,2421.589103967956,7.474721083159107,87,35,8,52,90,0,0.6984126984126985
UIT,UIT_33,UIT_33_y256x512,REF,5,,484,20,992.2640687119285,8.5341159423762,46,14,2,20,56,0,1.0
UIT,UIT_33,UIT_33_y256x512,REF,auto,,484,14,933.9087296526011,8.559708979217078,33,10,2,20,56,0,1.0
UIT,UIT_33,UIT_33_y256x512,SEG,5,,484,14,754.7838379715731,8.574445697825922,22,4,1,11,37,0,0.4444444444444445
UIT,UIT_33,UIT_33_y256x512,SEG,auto,,484,14,754.7838379715731,8.574445697825922,22,4,1,11,37,0,0.5714285714285715
UIT,UIT_33,UIT_33_y256x512,GRAPH7,5,6608.0,484,14,755.25,8.558611804653035,22,4,1,11,37,0,0.4444444444444445
UIT,UIT_33,UIT_33_y256x512,GRAPH7,auto,6608.0,484,14,755.25,8.558611804653035,22,4,1,11,37,0,0.5714285714285715
UIT,UIT_33,UIT_33_y256x512,JPEG,5,6601.0,484,15,766.4406922210657,8.499596502710592,31,8,1,9,37,1,0.36363636363636365
UIT,UIT_33,UIT_33_y256x512,JPEG,auto,6601.0,484,11,700.4995667241113,8.53619933392107,17,3,1,9,37,1,0.4615384615384615
HUMAN,HUMAN_2b,HUMAN_2b_y768x512,REF,5,,129,3,146.22539674441617,5.077121131011077,10,5,3,6,6,0,1.0
HUMAN,HUMAN_2b,HUMAN_2b_y768x512,REF,auto,,129,3,146.22539674441617,5.077121131011077,10,5,3,6,6,0,1.0
HUMAN,HUMAN_2b,HUMAN_2b_y768x512,SEG,5,,129,2,159.05382386916236,9.465254896548764,8,3,0,3,7,0,0.0
HUMAN,HUMAN_2b,HUMAN_2b_y768x512,SEG,auto,,129,1,141.1543289325507,9.77903627659159,3,1,0,3,7,0,0.0
HUMAN,HUMAN_2b,HUMAN_2b_y768x512,GRAPH7,5,1673.0,129,2,159.0,9.479449191649403,8,3,0,3,7,0,0.0
HUMAN,HUMAN_2b,HUMAN_2b_y768x512,GRAPH7,auto,1673.0,129,1,141.25,9.792239358835094,3,1,0,3,7,0,0.0
HUMAN,HUMAN_2b,HUMAN_2b_y768x512,JPEG,5,1654.0,129,1,165.88225099390854,9.003294450717593,7,3,0,5,7,0,0.0
HUMAN,HUMAN_2b,HUMAN_2b_y768x512,JPEG,auto,1654.0,129,1,159.63961030678925,9.068616461335422,5,2,0,5,7,0,0.0
HUMAN,HUMAN_3b,HUMAN_3b_y0x0,REF,5,,498,5,322.492424049175,9.446895193329734,15,5,0,11,21,0,1.0
HUMAN,HUMAN_3b,HUMAN_3b_y0x0,REF,auto,,498,5,308.83556979968256,9.711232191560986,15,5,0,11,21,0,1.0
HUMAN,HUMAN_3b,HUMAN_3b_y0x0,SEG,5,,498,7,700.7422074112309,8.186712619044732,39,19,6,24,26,0,0.08333333333333333
HUMAN,HUMAN_3b,HUMAN_3b_y0x0,SEG,auto,,498,6,675.6711395993652,8.18445781551582,32,16,6,24,26,0,0.09523809523809523
HUMAN,HUMAN_3b,HUMAN_3b_y0x0,GRAPH7,5,5445.0,498,7,701.25,8.266900481760578,39,19,6,23,26,0,0.08333333333333333
HUMAN,HUMAN_3b,HUMAN_3b_y0x0,GRAPH7,auto,5445.0,498,6,676.25,8.265676839681488,32,16,6,23,26,0,0.09523809523809523
HUMAN,HUMAN_3b,HUMAN_3b_y0x0,JPEG,5,5376.0,498,7,669.1147904132612,7.976624713762318,37,17,4,19,25,0,0.0909090909090909
HUMAN,HUMAN_3b,HUMAN_3b_y0x0,JPEG,auto,5376.0,498,7,662.286363288515,7.940343792675488,35,16,4,19,25,0,0.09523809523809523
HUMAN,HUMAN_2b,HUMAN_2b_y0x768,REF,5,,442,6,312.69343417595167,4.193346891009468,17,6,2,12,20,0,1.0
HUMAN,HUMAN_2b,HUMAN_2b_y0x768,REF,auto,,442,6,312.69343417595167,4.193346891009468,17,6,2,12,20,0,1.0
HUMAN,HUMAN_2b,HUMAN_2b_y0x768,SEG,5,,442,6,671.6711395993651,8.731434331786252,29,13,3,18,24,0,0.10526315789473684
HUMAN,HUMAN_2b,HUMAN_2b_y0x768,SEG,auto,,442,3,643.1858582251267,8.782850298827938,22,11,3,18,24,0,0.11764705882352942
HUMAN,HUMAN_2b,HUMAN_2b_y0x768,GRAPH7,5,5033.0,442,6,672.25,8.769333202790977,29,13,3,18,24,0,0.10526315789473684
HUMAN,HUMAN_2b,HUMAN_2b_y0x768,GRAPH7,auto,5033.0,442,3,643.75,8.81737358536114,22,11,3,18,24,0,0.11764705882352942
HUMAN,HUMAN_2b,HUMAN_2b_y0x768,JPEG,5,4852.0,442,8,643.6000717874998,8.510125467068834,33,14,3,19,29,0,0.1
HUMAN,HUMAN_2b,HUMAN_2b_y0x768,JPEG,auto,4852.0,442,4,595.6295090390227,8.56421812687917,21,10,3,19,29,0,0.0
HUMAN,HUMAN_2b,HUMAN_2b_y256x512,REF,5,,217,5,265.2081528017131,4.975603280495179,20,9,3,12,16,0,1.0
HUMAN,HUMAN_2b,HUMAN_2b_y256x512,REF,auto,,217,4,264.2081528017131,4.986865625161463,19,9,3,12,16,0,1.0
HUMAN,HUMAN_2b,HUMAN_2b_y256x512,SEG,5,,217,6,361.06096654409873,8.823588075123888,13,4,1,4,14,0,0.30769230769230765
HUMAN,HUMAN_2b,HUMAN_2b_y256x512,SEG,auto,,217,4,353.40411229460636,8.827687302251006,11,4,1,4,14,0,0.30769230769230765
HUMAN,HUMAN_2b,HUMAN_2b_y256x512,GRAPH7,5,2925.0,217,6,361.0,8.839741252628201,13,4,1,4,14,0,0.30769230769230765
HUMAN,HUMAN_2b,HUMAN_2b_y256x512,GRAPH7,auto,2925.0,217,4,353.5,8.842882863362886,11,4,1,4,14,0,0.30769230769230765
HUMAN,HUMAN_2b,HUMAN_2b_y256x512,JPEG,5,2852.0,217,6,363.2325394193526,8.46766280854439,13,4,1,4,14,0,0.30769230769230765
HUMAN,HUMAN_2b,HUMAN_2b_y256x512,JPEG,auto,2852.0,217,5,359.81832585697947,8.462611612626299,12,4,1,4,14,0,0.30769230769230765
HUMAN,HUMAN_3b,HUMAN_3b_y256x256,REF,5,,120,3,111.1543289325507,8.60707459517524,7,2,0,2,8,0,1.0
HUMAN,HUMAN_3b,HUMAN_3b_y256x256,REF,auto,,120,2,81.42640687119285,9.004891144982517,2,0,0,2,8,0,1.0
HUMAN,HUMAN_3b,HUMAN_3b_y256x256,SEG,5,,120,3,128.39696961967,10.515702561430215,7,2,0,2,8,0,0.0
HUMAN,HUMAN_3b,HUMAN_3b_y256x256,SEG,auto,,120,2,118.15432893255073,10.581076200401366,4,1,0,2,8,0,0.0
HUMAN,HUMAN_3b,HUMAN_3b_y256x256,GRAPH7,5,1652.0,120,3,128.5,10.641594873108463,7,2,0,2,8,0,0.0
HUMAN,HUMAN_3b,HUMAN_3b_y256x256,GRAPH7,auto,1652.0,120,2,118.25,10.717821912849365,4,1,0,2,8,0,0.0
HUMAN,HUMAN_3b,HUMAN_3b_y256x256,JPEG,5,1643.0,120,3,120.98275605729688,10.197668239435757,7,2,0,2,8,0,0.0
HUMAN,HUMAN_3b,HUMAN_3b_y256x256,JPEG,auto,1643.0,120,2,111.32590180780453,10.281311340328203,4,1,0,2,8,0,0.0
HUMAN,HUMAN_3b,HUMAN_3b_y256x512,REF,5,,272,2,101.01219330881975,8.495665983794295,7,2,0,3,7,0,1.0
HUMAN,HUMAN_3b,HUMAN_3b_y256x512,REF,auto,,272,2,80.5269119345812,9.11871084363087,4,1,0,3,7,0,1.0
HUMAN,HUMAN_3b,HUMAN_3b_y256x512,SEG,5,,272,9,328.20815280171314,8.905400605944278,20,6,1,6,22,0,0.25
HUMAN,HUMAN_3b,HUMAN_3b_y256x512,SEG,auto,,272,8,307.1370849898476,8.843607914254838,15,4,1,6,22,0,0.4
HUMAN,HUMAN_3b,HUMAN_3b_y256x512,GRAPH7,5,2679.0,272,9,328.25,8.956653518315722,20,6,1,6,22,0,0.25
HUMAN,HUMAN_3b,HUMAN_3b_y256x512,GRAPH7,auto,2679.0,272,8,307.0,8.891444654399649,15,4,1,6,22,0,0.4
HUMAN,HUMAN_3b,HUMAN_3b_y256x512,JPEG,5,2653.0,272,8,322.8650070512055,8.459782267950272,19,6,3,9,19,0,0.25
HUMAN,HUMAN_3b,HUMAN_3b_y256x512,JPEG,auto,2653.0,272,8,307.6223663640862,8.38489503460962,15,4,3,9,19,0,0.4
HUMAN,HUMAN_2b,HUMAN_2b_y512x512,REF,5,,779,16,993.4062043356597,4.914295539420397,55,22,15,45,47,0,1.0
HUMAN,HUMAN_2b,HUMAN_2b_y512x512,REF,auto,,779,14,984.7493500861672,4.921912411330691,53,22,15,45,47,0,1.0
HUMAN,HUMAN_2b,HUMAN_2b_y512x512,SEG,5,,779,9,1065.347329832614,8.919480831634381,65,30,8,42,45,0,0.23076923076923075
HUMAN,HUMAN_2b,HUMAN_2b_y512x512,SEG,auto,,779,6,986.7493500861672,9.009849701268378,46,22,8,42,45,0,0.22727272727272727
HUMAN,HUMAN_2b,HUMAN_2b_y512x512,GRAPH7,5,6881.0,779,9,1066.0,8.935180724680306,65,30,8,38,45,0,0.23076923076923075
HUMAN,HUMAN_2b,HUMAN_2b_y512x512,GRAPH7,auto,6881.0,779,6,987.5,9.023181281246718,46,22,8,38,45,0,0.22727272727272727
HUMAN,HUMAN_2b,HUMAN_2b_y512x512,JPEG,5,6796.0,779,6,1149.317892581091,8.757632030428347,69,33,7,44,43,0,0.2545454545454546
HUMAN,HUMAN_2b,HUMAN_2b_y512x512,JPEG,auto,6796.0,779,4,1087.6904755831215,8.71788880088572,55,27,7,44,43,0,0.24489795918367346
HUMAN,HUMAN_2b,HUMAN_2b_y768x0,REF,5,,315,3,268.5512985522207,4.224980161705254,17,7,0,9,15,0,1.0
HUMAN,HUMAN_2b,HUMAN_2b_y768x0,REF,auto,,315,3,268.5512985522207,4.224980161705254,17,7,0,9,15,0,1.0
HUMAN,HUMAN_2b,HUMAN_2b_y768x0,SEG,5,,315,8,407.5340546095176,7.801160161852423,24,9,2,9,21,0,0.375
HUMAN,HUMAN_2b,HUMAN_2b_y768x0,SEG,auto,,315,8,394.87720036002526,7.787981090106211,20,7,2,9,21,0,0.2857142857142857
HUMAN,HUMAN_2b,HUMAN_2b_y768x0,GRAPH7,5,2818.0,315,8,407.25,7.8061861019697725,24,9,2,9,21,0,0.375
HUMAN,HUMAN_2b,HUMAN_2b_y768x0,GRAPH7,auto,2818.0,315,7,379.25,7.825660619715728,17,6,2,9,21,0,0.30769230769230765
HUMAN,HUMAN_2b,HUMAN_2b_y768x0,JPEG,5,2780.0,315,7,366.80613254815984,8.074463670794449,21,8,2,10,20,0,0.5333333333333333
HUMAN,HUMAN_2b,HUMAN_2b_y768x0,JPEG,auto,2780.0,315,6,356.14927829866735,8.106245281805274,18,7,2,10,20,0,0.42857142857142855
HUMAN,HUMAN_3b,HUMAN_3b_y0x256,REF,5,,661,11,585.700576850888,5.563282815056903,24,8,3,10,26,0,1.0
HUMAN,HUMAN_3b,HUMAN_3b_y0x256,REF,auto,,661,11,585.700576850888,5.563282815056903,24,8,3,10,26,0,1.0
HUMAN,HUMAN_3b,HUMAN_3b_y0x256,SEG,5,,661,10,1098.9036790187179,8.504568886422897,45,19,3,22,36,0,0.14814814814814814
HUMAN,HUMAN_3b,HUMAN_3b_y0x256,SEG,auto,,661,8,1070.3473298326135,8.472130246744792,37,16,3,22,36,0,0.16666666666666666
HUMAN,HUMAN_3b,HUMAN_3b_y0x256,GRAPH7,5,7140.0,661,10,1099.75,8.504105904490142,45,19,3,22,36,0,0.14814814814814814
HUMAN,HUMAN_3b,HUMAN_3b_y0x256,GRAPH7,auto,7140.0,661,8,1071.25,8.4775490404845,37,16,3,22,36,0,0.16666666666666666
HUMAN,HUMAN_3b,HUMAN_3b_y0x256,JPEG,5,6946.0,661,11,1110.3889603929563,8.268299624402808,44,18,4,28,42,0,0.15384615384615383
HUMAN,HUMAN_3b,HUMAN_3b_y0x256,JPEG,auto,6946.0,661,9,1065.8326112068523,8.262834170535408,38,16,4,28,42,0,0.16666666666666666
HUMAN,HUMAN_3b,HUMAN_3b_y0x512,REF,5,,294,3,350.63455967290594,4.996324822140847,26,15,7,18,10,0,1.0
HUMAN,HUMAN_3b,HUMAN_3b_y0x512,REF,auto,,294,3,350.63455967290594,4.996324822140847,26,15,7,18,10,0,1.0
HUMAN,HUMAN_3b,HUMAN_3b_y0x512,SEG,5,,294,5,398.5340546095176,8.90289180412259,25,13,6,14,12,0,0.28571428571428575
HUMAN,HUMAN_3b,HUMAN_3b_y0x512,SEG,auto,,294,4,393.1198410471445,8.928232496473925,24,13,6,14,12,0,0.28571428571428575
HUMAN,HUMAN_3b,HUMAN_3b_y0x512,GRAPH7,5,2897.0,294,5,399.0,8.900926956464762,25,13,6,14,12,0,0.28571428571428575
HUMAN,HUMAN_3b,HUMAN_3b_y0x512,GRAPH7,auto,2897.0,294,4,393.5,8.932060056594196,24,13,6,14,12,0,0.28571428571428575
HUMAN,HUMAN_3b,HUMAN_3b_y0x512,JPEG,5,2872.0,294,5,427.94826817189073,8.484886931403405,27,14,6,15,13,0,0.3448275862068965
HUMAN,HUMAN_3b,HUMAN_3b_y0x512,JPEG,auto,2872.0,294,4,413.70562748477147,8.473237049893791,24,13,6,15,13,0,0.28571428571428575
HUMAN,HUMAN_2b,HUMAN_2b_y256x768,REF,5,,280,6,149.4386001800126,4.55754084991069,8,1,1,6,16,0,1.0
HUMAN,HUMAN_2b,HUMAN_2b_y256x768,REF,auto,,280,6,149.4386001800126,4.55754084991069,8,1,1,6,16,0,1.0
HUMAN,HUMAN_2b,HUMAN_2b_y256x768,SEG,5,,280,8,356.56349186104046,9.19446075366627,20,6,1,9,23,0,0.2857142857142857
HUMAN,HUMAN_2b,HUMAN_2b_y256x768,SEG,auto,,280,5,312.7645019878171,9.301649784544324,12,4,1,9,23,0,0.4
HUMAN,HUMAN_2b,HUMAN_2b_y256x768,GRAPH7,5,3055.0,280,8,357.0,9.191275504999828,20,6,1,8,23,0,0.2857142857142857
HUMAN,HUMAN_2b,HUMAN_2b_y256x768,GRAPH7,auto,3055.0,280,5,312.75,9.29573146381291,12,4,1,8,23,0,0.4
HUMAN,HUMAN_2b,HUMAN_2b_y256x768,JPEG,5,2983.0,280,5,340.49242404917493,8.649234039334262,14,5,1,7,15,0,0.33333333333333337
HUMAN,HUMAN_2b,HUMAN_2b_y256x768,JPEG,auto,2983.0,280,5,340.49242404917493,8.649234039334262,14,5,1,7,15,0,0.33333333333333337
HUMAN,HUMAN_2b,HUMAN_2b_y512x0,REF,5,,795,11,824.938166904124,4.26559791658291,45,20,9,28,32,0,1.0
HUMAN,HUMAN_2b,HUMAN_2b_y512x0,REF,auto,,795,11,824.938166904124,4.26559791658291,45,20,9,28,32,0,1.0
HUMAN,HUMAN_2b,HUMAN_2b_y512x0,SEG,5,,795,11,1205.1585130146566,8.560877768714274,58,25,4,31,45,0,0.22222222222222224
HUMAN,HUMAN_2b,HUMAN_2b_y512x0,SEG,auto,,795,8,1153.5310960166873,8.606369578596546,43,19,4,31,45,0,0.25641025641025644
HUMAN,HUMAN_2b,HUMAN_2b_y512x0,GRAPH7,5,7782.0,795,11,1207.0,8.614434473026787,58,25,4,30,45,0,0.22222222222222224
HUMAN,HUMAN_2b,HUMAN_2b_y512x0,GRAPH7,auto,7782.0,795,8,1155.0,8.66781975947367,43,19,4,30,45,0,0.25641025641025644
HUMAN,HUMAN_2b,HUMAN_2b_y512x0,JPEG,5,7519.0,795,7,1252.4722215136417,8.388210101668514,58,28,5,32,36,0,0.16666666666666666
HUMAN,HUMAN_2b,HUMAN_2b_y512x0,JPEG,auto,7519.0,795,7,1199.259018078045,8.387418488542096,42,20,5,32,36,0,0.20000000000000004
HUMAN,HUMAN_3b,HUMAN_3b_y256x768,REF,5,,193,6,133.63961030678928,5.095975342943493,7,1,1,2,12,0,1.0
HUMAN,HUMAN_3b,HUMAN_3b_y256x768,REF,auto,,193,5,130.63961030678928,5.167071130867378,6,1,1,2,12,0,1.0
HUMAN,HUMAN_3b,HUMAN_3b_y256x768,SEG,5,,193,9,209.6812408671319,8.752713367280698,13,2,0,2,20,0,0.0
HUMAN,HUMAN_3b,HUMAN_3b_y256x768,SEG,auto,,193,5,182.71067811865473,8.92363574192012,7,1,0,2,20,0,0.0
HUMAN,HUMAN_3b,HUMAN_3b_y256x768,GRAPH7,5,2007.0,193,9,209.75,8.736397602493799,13,2,0,2,20,0,0.0
HUMAN,HUMAN_3b,HUMAN_3b_y256x768,GRAPH7,auto,2007.0,193,6,191.5,8.993260559389421,8,1,0,2,20,0,0.0
HUMAN,HUMAN_3b,HUMAN_3b_y256x768,JPEG,5,1982.0,193,6,215.9238815542512,9.035910001476879,14,4,0,4,16,0,0.4
HUMAN,HUMAN_3b,HUMAN_3b_y256x768,JPEG,auto,1982.0,193,5,188.61017305526644,9.38966654175876,9,2,0,4,16,0,0.6666666666666666
HUMAN,HUMAN_3b,HUMAN_3b_y512x0,REF,5,,736,10,1108.3300858899106,6.8223182723667035,53,26,11,31,30,0,1.0
HUMAN,HUMAN_3b,HUMAN_3b_y512x0,REF,auto,,736,9,1100.9158723275377,6.815342290317853,52,26,11,31,30,0,1.0
HUMAN,HUMAN_3b,HUMAN_3b_y512x0,SEG,5,,736,12,1165.5310960166873,8.182874085239218,62,27,5,29,43,0,0.3773584905660377
HUMAN,HUMAN_3b,HUMAN_3b_y512x0,SEG,auto,,736,8,1093.6610383315983,8.245282212692349,47,22,5,29,43,0,0.41666666666666663
HUMAN,HUMAN_3b,HUMAN_3b_y512x0,GRAPH7,5,8603.0,736,12,1166.75,8.233734981252885,62,27,5,28,43,0,0.3773584905660377
HUMAN,HUMAN_3b,HUMAN_3b_y512x0,GRAPH7,auto,8603.0,736,8,1094.75,8.283473091953665,47,22,5,28,43,0,0.41666666666666663
HUMAN,HUMAN_3b,HUMAN_3b_y512x0,JPEG,5,8545.0,736,12,1163.0458146424487,8.145709272191374,61,27,5,29,43,0,0.3773584905660377
HUMAN,HUMAN_3b,HUMAN_3b_y512x0,JPEG,auto,8545.0,736,6,1060.7909806465095,8.289123302106255,39,19,5,29,43,0,0.39999999999999997
HUMAN,HUMAN_3b,HUMAN_3b_y0x768,REF,5,,656,15,735.1980515339466,5.6698547346484744,53,23,11,33,42,0,1.0
HUMAN,HUMAN_3b,HUMAN_3b_y0x768,REF,auto,,656,14,727.3696244092002,5.669384716080109,50,22,11,33,42,0,1.0
HUMAN,HUMAN_3b,HUMAN_3b_y0x768,SEG,5,,656,18,870.4945160902281,7.931631358620502,52,18,3,23,53,0,0.24390243902439024
HUMAN,HUMAN_3b,HUMAN_3b_y0x768,SEG,auto,,656,12,783.3818177180201,7.9706435757485945,32,11,3,23,53,0,0.24242424242424246
HUMAN,HUMAN_3b,HUMAN_3b_y0x768,GRAPH7,5,6149.0,656,18,872.25,7.904979178110532,52,18,3,22,53,0,0.24390243902439024
HUMAN,HUMAN_3b,HUMAN_3b_y0x768,GRAPH7,auto,6149.0,656,12,784.5,7.948756914586482,32,11,3,22,53,0,0.24242424242424246
HUMAN,HUMAN_3b,HUMAN_3b_y0x768,JPEG,5,5942.0,656,17,836.4528855298855,7.880015232230481,50,18,4,23,49,0,0.2926829268292683
HUMAN,HUMAN_3b,HUMAN_3b_y0x768,JPEG,auto,5942.0,656,13,768.0681092190351,7.909880956107765,36,13,4,23,49,0,0.3428571428571428
HUMAN,HUMAN_3b,HUMAN_3b_y256x0,REF,5,,196,3,100.84062043356593,5.063362865798978,5,1,0,1,7,0,1.0
HUMAN,HUMAN_3b,HUMAN_3b_y256x0,REF,auto,,196,3,100.84062043356593,5.063362865798978,5,1,0,1,7,0,1.0
HUMAN,HUMAN_3b,HUMAN_3b_y256x0,SEG,5,,196,5,265.7939392393399,8.145875788045087,9,2,0,4,14,0,0.6666666666666666
HUMAN,HUMAN_3b,HUMAN_3b_y256x0,SEG,auto,,196,4,251.8944443027283,8.301220672536456,6,1,0,4,14,0,0.0
HUMAN,HUMAN_3b,HUMAN_3b_y256x0,GRAPH7,5,2405.0,196,5,265.5,8.166485135112705,9,2,0,4,14,0,0.6666666666666666
HUMAN,HUMAN_3b,HUMAN_3b_y256x0,GRAPH7,auto,2405.0,196,4,251.75,8.315296944871701,6,1,0,4,14,0,0.0
HUMAN,HUMAN_3b,HUMAN_3b_y256x0,JPEG,5,2350.0,196,6,239.0660171779821,8.876951538224064,12,3,0,3,15,0,0.5
HUMAN,HUMAN_3b,HUMAN_3b_y256x0,JPEG,auto,2350.0,196,4,210.33809511662423,8.916741791842936,4,0,0,3,15,0,0.0
HUMAN,HUMAN_3b,HUMAN_3b_y512x256,REF,5,,461,10,448.33304448274095,5.0271395544907955,26,10,4,15,27,0,1.0
HUMAN,HUMAN_3b,HUMAN_3b_y512x256,REF,auto,,461,10,448.33304448274095,5.0271395544907955,26,10,4,15,27,0,1.0
HUMAN,HUMAN_3b,HUMAN_3b_y512x256,SEG,5,,461,7,696.4995667241113,7.812699855532395,35,17,6,19,21,0,0.22222222222222224
HUMAN,HUMAN_3b,HUMAN_3b_y512x256,SEG,auto,,461,6,684.4284989122459,7.8499051902133745,32,16,6,19,21,0,0.23076923076923075
HUMAN,HUMAN_3b,HUMAN_3b_y512x256,GRAPH7,5,4601.0,461,7,697.0,7.84314244953035,35,17,6,19,21,0,0.22222222222222224
HUMAN,HUMAN_3b,HUMAN_3b_y512x256,GRAPH7,auto,4601.0,461,6,685.0,7.880358083682706,32,16,6,19,21,0,0.23076923076923075
HUMAN,HUMAN_3b,HUMAN_3b_y512x256,JPEG,5,4524.0,461,6,681.2152954766494,7.8627119264530965,36,17,5,20,22,0,0.14814814814814817
HUMAN,HUMAN_3b,HUMAN_3b_y512x256,JPEG,auto,4524.0,461,6,657.730014102411,7.781343130115735,29,14,5,20,22,0,0.16666666666666666
HUMAN,HUMAN_3b,HUMAN_3b_y512x512,REF,5,,705,20,788.3107499061546,6.763907244907867,52,18,6,23,51,0,1.0
HUMAN,HUMAN_3b,HUMAN_3b_y512x512,REF,auto,,705,16,753.9970414071697,6.779685665111631,44,16,6,23,51,0,1.0
HUMAN,HUMAN_3b,HUMAN_3b_y512x512,SEG,5,,705,16,1042.3767670841366,7.956243274270628,51,19,4,26,50,0,0.4864864864864865
HUMAN,HUMAN_3b,HUMAN_3b_y512x512,SEG,auto,,705,13,1006.9919907732864,7.984779436023684,42,16,4,26,50,0,0.4375
HUMAN,HUMAN_3b,HUMAN_3b_y512x512,GRAPH7,5,8074.0,705,16,1043.25,8.001004686212868,51,19,4,25,50,0,0.4864864864864865
HUMAN,HUMAN_3b,HUMAN_3b_y512x512,GRAPH7,auto,8074.0,705,13,1007.5,8.037144554731091,42,16,4,25,50,0,0.4375
HUMAN,HUMAN_3b,HUMAN_3b_y512x512,JPEG,5,8010.0,705,21,1101.8326112068523,7.781135934666136,50,16,4,23,57,0,0.47058823529411764
HUMAN,HUMAN_3b,HUMAN_3b_y512x512,JPEG,auto,8010.0,705,18,1072.6904755831215,7.81042898469947,45,15,4,23,57,0,0.45161290322580644
HUMAN,HUMAN_3b,HUMAN_3b_y768x768,REF,5,,334,9,381.19090885900994,6.077654051022012,17,5,2,9,23,0,1.0
HUMAN,HUMAN_3b,HUMAN_3b_y768x768,REF,auto,,334,8,368.29141392239825,6.112822996786718,14,4,2,9,23,0,1.0
HUMAN,HUMAN_3b,HUMAN_3b_y768x768,SEG,5,,334,10,518.6173157302029,7.51709370990876,21,6,2,8,24,0,0.1818181818181818
HUMAN,HUMAN_3b,HUMAN_3b_y768x768,SEG,auto,,334,9,507.9604614807105,7.530097820861478,20,6,2,8,24,0,0.2
HUMAN,HUMAN_3b,HUMAN_3b_y768x768,GRAPH7,5,4091.0,334,10,519.25,7.505408581166794,21,6,2,7,24,0,0.1818181818181818
HUMAN,HUMAN_3b,HUMAN_3b_y768x768,GRAPH7,auto,4091.0,334,9,508.5,7.5215012896182065,20,6,2,7,24,0,0.2
HUMAN,HUMAN_3b,HUMAN_3b_y768x768,JPEG,5,3936.0,334,9,484.71782079359116,7.1181440139286165,20,6,1,6,22,0,0.1818181818181818
HUMAN,HUMAN_3b,HUMAN_3b_y768x768,JPEG,auto,3936.0,334,9,484.71782079359116,7.1181440139286165,20,6,1,6,22,0,0.2
HUMAN,HUMAN_4b,HUMAN_4b_y512x256,REF,5,,585,12,1435.0996385116114,5.346630015903906,79,37,11,53,55,0,1.0
HUMAN,HUMAN_4b,HUMAN_4b_y512x256,REF,auto,,585,12,1429.8569978244918,5.3478077505819055,77,36,11,53,55,0,1.0
HUMAN,HUMAN_4b,HUMAN_4b_y512x256,SEG,5,,585,17,849.0681092190351,7.211195622498575,41,12,3,19,47,0,0.163265306122449
HUMAN,HUMAN_4b,HUMAN_4b_y512x256,SEG,auto,,585,15,835.5828278447966,7.200229785587048,37,11,3,19,47,0,0.1702127659574468
HUMAN,HUMAN_4b,HUMAN_4b_y512x256,GRAPH7,5,6773.0,585,17,850.0,7.222994871901435,41,12,3,16,47,0,0.163265306122449
HUMAN,HUMAN_4b,HUMAN_4b_y512x256,GRAPH7,auto,6773.0,585,15,836.25,7.213654868449414,37,11,3,16,47,0,0.1702127659574468
HUMAN,HUMAN_4b,HUMAN_4b_y512x256,JPEG,5,6673.0,585,17,913.0386719675123,7.24449617081649,46,16,3,20,48,0,0.1509433962264151
HUMAN,HUMAN_4b,HUMAN_4b_y512x256,JPEG,auto,6673.0,585,14,876.4112549695427,7.2195603721224,37,13,3,20,48,0,0.163265306122449
HUMAN,HUMAN_3b,HUMAN_3b_y768x256,REF,5,,329,6,179.75230867899737,4.339087332922038,6,0,0,5,17,0,1.0
HUMAN,HUMAN_3b,HUMAN_3b_y768x256,REF,auto,,329,6,184.58073580374358,4.382534964326435,8,1,0,5,17,0,1.0
HUMAN,HUMAN_3b,HUMAN_3b_y768x256,SEG,5,,329,7,434.01933598375615,9.517955529987825,23,8,2,13,23,0,0.0
HUMAN,HUMAN_3b,HUMAN_3b_y768x256,SEG,auto,,329,6,416.36248173426367,9.443993054372806,18,6,2,13,23,0,0.0
HUMAN,HUMAN_3b,HUMAN_3b_y768x256,GRAPH7,5,3845.0,329,7,434.25,9.560434760230534,23,8,2,11,23,0,0.0
HUMAN,HUMAN_3b,HUMAN_3b_y768x256,GRAPH7,auto,3845.0,329,6,416.5,9.474121898801807,18,6,2,11,23,0,0.0
HUMAN,HUMAN_3b,HUMAN_3b_y768x256,JPEG,5,3775.0,329,4,325.79393923934,9.209553499043421,10,3,0,7,15,0,0.0
HUMAN,HUMAN_3b,HUMAN_3b_y768x256,JPEG,auto,3775.0,329,4,325.79393923934,9.209553499043421,10,3,0,7,15,0,0.0
HUMAN,HUMAN_3b,HUMAN_3b_y768x512,REF,5,,684,13,942.9919907732864,5.451909315246227,61,26,5,39,55,0,1.0
HUMAN,HUMAN_3b,HUMAN_3b_y768x512,REF,auto,,684,10,919.1930009000629,5.420999770283367,55,25,5,39,55,0,1.0
HUMAN,HUMAN_3b,HUMAN_3b_y768x512,SEG,5,,684,10,1000.1219330881976,7.203803887003617,49,20,2,27,43,0,0.3043478260869565
HUMAN,HUMAN_3b,HUMAN_3b_y768x512,SEG,auto,,684,8,991.8792924010783,7.218228855343191,47,20,2,27,43,0,0.2666666666666666
HUMAN,HUMAN_3b,HUMAN_3b_y768x512,GRAPH7,5,7639.0,684,10,1001.0,7.203099422866165,49,20,2,24,43,0,0.3043478260869565
HUMAN,HUMAN_3b,HUMAN_3b_y768x512,GRAPH7,auto,7639.0,684,8,992.75,7.217252603665607,47,20,2,24,43,0,0.2666666666666666
HUMAN,HUMAN_3b,HUMAN_3b_y768x512,JPEG,5,7534.0,684,9,1016.9503602129438,7.051937897044133,49,21,2,31,45,0,0.42553191489361697
HUMAN,HUMAN_3b,HUMAN_3b_y768x512,JPEG,auto,7534.0,684,7,1003.7077195258246,7.058004763340898,47,21,2,31,45,0,0.391304347826087
HUMAN,HUMAN_4b,HUMAN_4b_y768x512,REF,5,,416,7,608.2985565973347,5.734325875399387,29,13,4,22,28,0,1.0
HUMAN,HUMAN_4b,HUMAN_4b_y768x512,REF,auto,,416,7,603.0559159102154,5.698558294475791,27,12,4,22,28,0,1.0
HUMAN,HUMAN_4b,HUMAN_4b_y768x512,SEG,5,,416,10,705.796031280393,7.095127279718642,19,5,1,8,26,0,0.33333333333333337
HUMAN,HUMAN_4b,HUMAN_4b_y768x512,SEG,auto,,416,10,705.796031280393,7.095127279718642,19,5,1,8,26,0,0.35294117647058826
HUMAN,HUMAN_4b,HUMAN_4b_y768x512,GRAPH7,5,5898.0,416,10,705.75,7.08958147717745,19,5,1,8,26,0,0.33333333333333337
HUMAN,HUMAN_4b,HUMAN_4b_y768x512,GRAPH7,auto,5898.0,416,10,705.75,7.08958147717745,19,5,1,8,26,0,0.35294117647058826
HUMAN,HUMAN_4b,HUMAN_4b_y768x512,JPEG,5,5843.0,416,11,727.2102448427661,6.842440710349828,26,9,3,11,27,0,0.3636363636363637
HUMAN,HUMAN_4b,HUMAN_4b_y768x512,JPEG,auto,5843.0,416,9,718.1391770309006,6.843891173072527,24,9,3,11,27,0,0.28571428571428575
HUMAN,HUMAN_4b,HUMAN_4b_y768x768,REF,5,,223,5,207.58073580374358,5.263789870223485,15,6,2,9,15,0,1.0
HUMAN,HUMAN_4b,HUMAN_4b_y768x768,REF,auto,,223,4,197.5096679918781,5.197749397701123,12,5,2,9,15,0,1.0
HUMAN,HUMAN_4b,HUMAN_4b_y768x768,SEG,5,,223,6,255.96551211459382,8.458180424484858,17,6,1,8,18,0,0.6666666666666666
HUMAN,HUMAN_4b,HUMAN_4b_y768x768,SEG,auto,,223,4,226.58073580374358,8.462622964173816,11,4,1,8,18,0,0.6666666666666665
HUMAN,HUMAN_4b,HUMAN_4b_y768x768,GRAPH7,5,2356.0,223,6,256.5,8.45091772274191,17,6,1,8,18,0,0.6666666666666666
HUMAN,HUMAN_4b,HUMAN_4b_y768x768,GRAPH7,auto,2356.0,223,4,227.0,8.458856369529954,11,4,1,8,18,0,0.6666666666666665
HUMAN,HUMAN_4b,HUMAN_4b_y768x768,JPEG,5,2307.0,223,6,256.03657992645924,8.112829347357374,15,5,1,7,17,0,0.5454545454545454
HUMAN,HUMAN_4b,HUMAN_4b_y768x768,JPEG,auto,2307.0,223,5,251.20815280171306,8.159426220288308,14,5,1,7,17,0,0.4000000000000001
CBMI,CBMI_Captured_CSU488_1,CBMI_Captured_CSU488_1_h128_w640,REF,5,,280,50,1245.8569978244916,5.555007136717851,92,24,8,36,120,0,1.0
CBMI,CBMI_Captured_CSU488_1,CBMI_Captured_CSU488_1_h128_w640,REF,auto,,280,35,1188.986940139403,5.59985598967514,77,24,8,36,120,0,1.0
CBMI,CBMI_Captured_CSU488_1,CBMI_Captured_CSU488_1_h128_w640,SEG,5,,280,18,276.86500705120545,5.478843316981764,21,2,1,4,38,0,0.15384615384615385
CBMI,CBMI_Captured_CSU488_1,CBMI_Captured_CSU488_1_h128_w640,SEG,auto,,280,11,245.5512985522207,5.478112691184939,14,2,1,4,38,0,0.15384615384615385
CBMI,CBMI_Captured_CSU488_1,CBMI_Captured_CSU488_1_h128_w640,GRAPH7,5,3108.0,280,18,277.75,5.501201035416321,21,2,1,3,38,0,0.15384615384615385
CBMI,CBMI_Captured_CSU488_1,CBMI_Captured_CSU488_1_h128_w640,GRAPH7,auto,3108.0,280,12,251.75,5.517644316166902,15,2,1,3,38,0,0.15384615384615385
CBMI,CBMI_Captured_CSU488_1,CBMI_Captured_CSU488_1_h128_w640,JPEG,5,3090.0,280,12,248.8233764908628,5.343507214960076,17,3,1,6,28,0,0.14814814814814814
CBMI,CBMI_Captured_CSU488_1,CBMI_Captured_CSU488_1_h128_w640,JPEG,auto,3090.0,280,10,243.40916292848982,5.349511408821601,15,3,1,6,28,0,0.14814814814814814
CBMI,CBMI_Captured_CSU488_1,CBMI_Captured_CSU488_1_h128_w896,REF,5,,342,21,798.239682094289,5.2510895492541225,56,20,5,31,63,0,1.0
CBMI,CBMI_Captured_CSU488_1,CBMI_Captured_CSU488_1_h128_w896,REF,auto,,342,18,782.9970414071696,5.27375359559515,51,19,5,31,63,0,1.0
CBMI,CBMI_Captured_CSU488_1,CBMI_Captured_CSU488_1_h128_w896,SEG,5,,342,14,382.63455967290594,5.570612605721058,24,6,2,9,33,0,0.07692307692307691
CBMI,CBMI_Captured_CSU488_1,CBMI_Captured_CSU488_1_h128_w896,SEG,auto,,342,11,371.56349186104046,5.591576804842039,21,6,2,9,33,0,0.08
CBMI,CBMI_Captured_CSU488_1,CBMI_Captured_CSU488_1_h128_w896,GRAPH7,5,3544.0,342,14,382.5,5.560807132873636,24,6,2,9,33,0,0.07692307692307691
CBMI,CBMI_Captured_CSU488_1,CBMI_Captured_CSU488_1_h128_w896,GRAPH7,auto,3544.0,342,11,371.5,5.585948817051958,21,6,2,9,33,0,0.08
CBMI,CBMI_Captured_CSU488_1,CBMI_Captured_CSU488_1_h128_w896,JPEG,5,3470.0,342,12,592.9015869776648,5.479698093988595,37,15,5,20,34,0,0.5142857142857143
CBMI,CBMI_Captured_CSU488_1,CBMI_Captured_CSU488_1_h128_w896,JPEG,auto,3470.0,342,11,587.6589462905455,5.4868055499187465,36,15,5,20,34,0,0.5294117647058824
HUMAN,HUMAN_4b,HUMAN_4b_y512x512,REF,5,,1216,15,1953.4103884177655,5.2376396927485285,108,52,14,73,75,0,1.0
HUMAN,HUMAN_4b,HUMAN_4b_y512x512,REF,auto,,1216,11,1937.3393206059002,5.243954469671208,104,52,14,73,75,0,1.0
HUMAN,HUMAN_4b,HUMAN_4b_y512x512,SEG,5,,1216,14,1890.5453813665604,7.210646835329447,103,49,11,57,63,0,0.4554455445544554
HUMAN,HUMAN_4b,HUMAN_4b_y512x512,SEG,auto,,1216,9,1839.0895372438445,7.215298764082301,90,45,11,57,63,0,0.4536082474226804
HUMAN,HUMAN_4b,HUMAN_4b_y512x512,GRAPH7,5,12450.0,1216,14,1891.5,7.245214260408972,103,49,11,55,63,0,0.4554455445544554
HUMAN,HUMAN_4b,HUMAN_4b_y512x512,GRAPH7,auto,12450.0,1216,9,1840.0,7.250330030969252,90,45,11,55,63,0,0.4536082474226804
HUMAN,HUMAN_4b,HUMAN_4b_y512x512,JPEG,5,12399.0,1216,15,1860.7169542418137,7.238982454084075,100,47,11,55,63,0,0.4444444444444444
HUMAN,HUMAN_4b,HUMAN_4b_y512x512,JPEG,auto,12399.0,1216,10,1811.261110119098,7.251087997369148,87,43,11,55,63,0,0.4421052631578947
HUMAN,HUMAN_4b,HUMAN_4b_y512x768,REF,5,,632,17,898.938166904124,4.595248133349115,34,9,1,15,47,0,1.0
HUMAN,HUMAN_4b,HUMAN_4b_y512x768,REF,auto,,632,15,900.352380466497,4.595344899943752,34,10,1,15,47,0,1.0
HUMAN,HUMAN_4b,HUMAN_4b_y512x768,SEG,5,,632,11,1009.1513703397204,6.472032519441264,38,14,1,21,41,0,0.34782608695652173
HUMAN,HUMAN_4b,HUMAN_4b_y512x768,SEG,auto,,632,11,1002.7371567773473,6.485118304692137,36,13,1,21,41,0,0.34782608695652173
HUMAN,HUMAN_4b,HUMAN_4b_y512x768,GRAPH7,5,7273.0,632,11,1009.75,6.48654035577619,38,14,1,20,41,0,0.34782608695652173
HUMAN,HUMAN_4b,HUMAN_4b_y512x768,GRAPH7,auto,7273.0,632,11,1003.25,6.496171566653385,36,13,1,20,41,0,0.34782608695652173
HUMAN,HUMAN_4b,HUMAN_4b_y512x768,JPEG,5,7177.0,632,10,997.4945160902282,6.47251615366167,35,13,1,19,37,0,0.4545454545454546
HUMAN,HUMAN_4b,HUMAN_4b_y512x768,JPEG,auto,7177.0,632,10,991.080302527855,6.442078341696901,33,12,1,19,37,0,0.45454545454545453
CBMI,CBMI_002t1,CBMI_002t1_h128_w128,REF,5,,406,11,577.7838379715731,8.58059361468297,21,5,0,5,27,0,1.0
CBMI,CBMI_002t1,CBMI_002t1_h128_w128,REF,auto,,406,11,564.9554108468269,8.595691828603616,17,3,0,5,27,0,1.0
CBMI,CBMI_002t1,CBMI_002t1_h128_w128,SEG,5,,406,10,702.8965363437812,8.287812348565183,23,7,1,9,27,0,0.6666666666666666
CBMI,CBMI_002t1,CBMI_002t1_h128_w128,SEG,auto,,406,10,696.4823227814081,8.27632554367746,21,6,1,9,27,0,0.4444444444444444
CBMI,CBMI_002t1,CBMI_002t1_h128_w128,GRAPH7,5,5735.0,406,10,703.5,8.2789279048556,23,7,1,9,27,0,0.6666666666666666
CBMI,CBMI_002t1,CBMI_002t1_h128_w128,GRAPH7,auto,5735.0,406,10,697.0,8.276866256909491,21,6,1,9,27,0,0.4444444444444444
CBMI,CBMI_002t1,CBMI_002t1_h128_w128,JPEG,5,5714.0,406,10,699.4112549695427,8.303462369368773,20,6,2,8,24,0,0.5454545454545454
CBMI,CBMI_002t1,CBMI_002t1_h128_w128,JPEG,auto,5714.0,406,10,699.4112549695427,8.303462369368773,20,6,2,8,24,0,0.4444444444444444
CBMI,CBMI_002t1,CBMI_002t1_h128_w384,REF,5,,691,13,657.6711395993651,8.433447074904842,18,3,1,6,30,0,1.0
CBMI,CBMI_002t1,CBMI_002t1_h128_w384,REF,auto,,691,12,642.4284989122459,8.482015240898418,17,3,1,6,30,0,1.0
CBMI,CBMI_002t1,CBMI_002t1_h128_w384,SEG,5,,691,24,1154.6316010800758,8.640881544491195,43,10,1,10,56,0,0.4615384615384615
CBMI,CBMI_002t1,CBMI_002t1_h128_w384,SEG,auto,,691,22,1123.732106143464,8.646367028447855,37,8,1,10,56,0,0.5454545454545454
CBMI,CBMI_002t1,CBMI_002t1_h128_w384,GRAPH7,5,9166.0,691,24,1154.25,8.60127936561702,43,10,1,10,56,0,0.4615384615384615
CBMI,CBMI_002t1,CBMI_002t1_h128_w384,GRAPH7,auto,9166.0,691,22,1123.5,8.614231604595858,37,8,1,10,56,0,0.5454545454545454
CBMI,CBMI_002t1,CBMI_002t1_h128_w384,JPEG,5,9151.0,691,25,1099.2762620207484,8.752700608015193,44,10,1,10,58,0,0.4615384615384615
CBMI,CBMI_002t1,CBMI_002t1_h128_w384,JPEG,auto,9151.0,691,23,1065.3767670841364,8.767477825272774,36,7,1,10,58,0,0.6
CBMI,CBMI_002t1,CBMI_002t1_h384_w384,REF,5,,248,10,356.6173157302027,9.547677558725145,12,1,0,2,22,0,1.0
CBMI,CBMI_002t1,CBMI_002t1_h384_w384,REF,auto,,248,5,331.0609665440986,9.682933852234992,7,1,0,2,22,0,1.0
CBMI,CBMI_002t1,CBMI_002t1_h384_w384,SEG,5,,248,9,436.5290039756341,8.914708072817227,12,2,1,2,18,0,0.0
CBMI,CBMI_002t1,CBMI_002t1_h384_w384,SEG,auto,,248,6,422.04372260139553,8.97048829924044,9,2,1,2,18,0,0.0
CBMI,CBMI_002t1,CBMI_002t1_h384_w384,GRAPH7,5,4161.0,248,9,436.5,8.871678302796665,12,2,1,2,18,0,0.0
CBMI,CBMI_002t1,CBMI_002t1_h384_w384,GRAPH7,auto,4161.0,248,6,421.99999999999994,8.930361562015982,9,2,1,2,18,0,0.0
CBMI,CBMI_002t1,CBMI_002t1_h384_w384,JPEG,5,4051.0,248,8,432.80108191427627,8.54880946997857,11,2,1,2,16,0,0.0
CBMI,CBMI_002t1,CBMI_002t1_h384_w384,JPEG,auto,4051.0,248,6,423.55844122715695,8.553656866286058,9,2,1,2,16,0,0.0
CBMI,CBMI_003t01,CBMI_003t01_h128_w128,REF,5,,531,14,452.0315292925759,7.64833905905169,18,2,1,5,31,0,1.0
CBMI,CBMI_003t01,CBMI_003t01_h128_w128,REF,auto,,531,12,445.2031021678297,7.656315177058182,16,2,1,5,31,0,1.0
CBMI,CBMI_003t01,CBMI_003t01_h128_w128,SEG,5,,531,14,868.4528855298853,9.511284942973164,34,11,3,13,35,0,0.15384615384615385
CBMI,CBMI_003t01,CBMI_003t01_h128_w128,SEG,auto,,531,12,830.6538956566621,9.507522038548817,26,8,3,13,35,0,0.2
CBMI,CBMI_003t01,CBMI_003t01_h128_w128,GRAPH7,5,6964.0,531,14,868.5,9.522074722100973,34,11,3,13,35,0,0.15384615384615385
CBMI,CBMI_003t01,CBMI_003t01_h128_w128,GRAPH7,auto,6964.0,531,12,830.5,9.522900389330236,26,8,3,13,35,0,0.2
CBMI,CBMI_003t01,CBMI_003t01_h128_w128,JPEG,5,6897.0,531,14,876.2813126546316,9.399533568590922,32,11,4,14,34,0,0.0
CBMI,CBMI_003t01,CBMI_003t01_h128_w128,JPEG,auto,6897.0,531,11,840.1391770309006,9.3869265310861,26,9,4,14,34,0,0.0
CBMI,CBMI_Captured_CSU488_1,CBMI_Captured_CSU488_1_h640_w384,REF,5,,459,26,983.3107499061543,4.881729226598216,134,62,26,130,133,0,1.0
CBMI,CBMI_Captured_CSU488_1,CBMI_Captured_CSU488_1_h640_w384,REF,auto,,459,18,985.796031280393,4.873411996693877,133,65,26,130,133,0,1.0
CBMI,CBMI_Captured_CSU488_1,CBMI_Captured_CSU488_1_h640_w384,SEG,5,,459,20,576.445742854949,6.586449911598968,35,8,1,10,48,0,0.1714285714285714
CBMI,CBMI_Captured_CSU488_1,CBMI_Captured_CSU488_1_h640_w384,SEG,auto,,459,15,530.9898987322333,6.544181312044474,22,4,1,10,48,0,0.11594202898550725
CBMI,CBMI_Captured_CSU488_1,CBMI_Captured_CSU488_1_h640_w384,GRAPH7,5,4944.0,459,20,577.5,6.5928682141968755,35,8,1,10,48,0,0.1714285714285714
CBMI,CBMI_Captured_CSU488_1,CBMI_Captured_CSU488_1_h640_w384,GRAPH7,auto,4944.0,459,15,532.0,6.550055707374621,22,4,1,10,48,0,0.11594202898550725
CBMI,CBMI_Captured_CSU488_1,CBMI_Captured_CSU488_1_h640_w384,JPEG,5,4834.0,459,17,572.2741699796953,6.171477361148852,33,9,2,13,43,0,0.22535211267605634
CBMI,CBMI_Captured_CSU488_1,CBMI_Captured_CSU488_1_h640_w384,JPEG,auto,4834.0,459,12,538.8893936688451,6.148506950344514,26,8,2,13,43,0,0.1917808219178082
CBMI,CBMI_Captured_CSU488_1,CBMI_Captured_CSU488_1_h640_w640,REF,5,,1117,63,2244.1088732276007,4.511349066058945,210,92,46,214,252,0,1.0
CBMI,CBMI_Captured_CSU488_1,CBMI_Captured_CSU488_1_h640_w640,REF,auto,,1117,54,2282.4225817265856,4.506596817108565,222,103,46,214,252,0,1.0
CBMI,CBMI_Captured_CSU488_1,CBMI_Captured_CSU488_1_h640_w640,SEG,5,,1117,43,1610.6925676241744,5.809818548626349,80,21,5,29,105,0,0.2831858407079646
CBMI,CBMI_Captured_CSU488_1,CBMI_Captured_CSU488_1_h640_w640,SEG,auto,,1117,40,1588.6214998123091,5.79950659518337,71,18,5,29,105,0,0.24793388429752064
CBMI,CBMI_Captured_CSU488_1,CBMI_Captured_CSU488_1_h640_w640,GRAPH7,5,10752.0,1117,43,1611.0,5.805410780414946,80,21,5,29,105,0,0.2831858407079646
CBMI,CBMI_Captured_CSU488_1,CBMI_Captured_CSU488_1_h640_w640,GRAPH7,auto,10752.0,1117,40,1583.0,5.794156709563595,69,17,5,29,105,0,0.23333333333333334
CBMI,CBMI_Captured_CSU488_1,CBMI_Captured_CSU488_1_h640_w640,JPEG,5,10595.0,1117,41,1765.4743135546946,5.824742498152984,77,21,6,31,101,0,0.26548672566371684
CBMI,CBMI_Captured_CSU488_1,CBMI_Captured_CSU488_1_h640_w640,JPEG,auto,10595.0,1117,38,1739.3321779309638,5.807893054049239,68,18,6,31,101,0,0.23140495867768593
CBMI,CBMI_Captured_CSU488_1,CBMI_Captured_CSU488_1_h384_w384,REF,5,,584,21,993.3473298326138,7.154054465586557,66,26,8,34,61,0,1.0
CBMI,CBMI_Captured_CSU488_1,CBMI_Captured_CSU488_1_h384_w384,REF,auto,,584,14,939.8914857098982,7.158323889363205,53,23,8,34,61,0,1.0
CBMI,CBMI_Captured_CSU488_1,CBMI_Captured_CSU488_1_h384_w384,SEG,5,,584,15,829.6782822743016,6.07448395788238,43,15,2,20,46,0,0.4878048780487804
CBMI,CBMI_Captured_CSU488_1,CBMI_Captured_CSU488_1_h384_w384,SEG,auto,,584,15,823.8498551495554,6.068824893511769,41,14,2,20,46,0,0.4324324324324324
CBMI,CBMI_Captured_CSU488_1,CBMI_Captured_CSU488_1_h384_w384,GRAPH7,5,6247.0,584,15,830.5,6.094580758145962,43,15,2,20,46,0,0.4878048780487804
CBMI,CBMI_Captured_CSU488_1,CBMI_Captured_CSU488_1_h384_w384,GRAPH7,auto,6247.0,584,15,824.75,6.08826834754801,41,14,2,20,46,0,0.4324324324324324
CBMI,CBMI_Captured_CSU488_1,CBMI_Captured_CSU488_1_h384_w384,JPEG,5,6226.0,584,17,829.4356415871824,6.031769325996387,44,15,3,19,47,0,0.43902439024390244
CBMI,CBMI_Captured_CSU488_1,CBMI_Captured_CSU488_1_h384_w384,JPEG,auto,6226.0,584,15,825.0214280248093,6.02966219093594,42,15,3,19,47,0,0.4210526315789474
CBMI,CBMI_Captured_CSU488_1,CBMI_Captured_CSU488_1_h384_w640,REF,5,,883,38,1889.1849916733495,5.931702948018811,107,41,15,76,123,0,1.0
CBMI,CBMI_Captured_CSU488_1,CBMI_Captured_CSU488_1_h384_w640,REF,auto,,883,28,1848.9717882377531,5.929730908522669,95,40,15,76,123,0,1.0
CBMI,CBMI_Captured_CSU488_1,CBMI_Captured_CSU488_1_h384_w640,SEG,5,,883,30,1506.6631303726515,5.282406193758884,51,11,2,15,71,1,0.19230769230769232
CBMI,CBMI_Captured_CSU488_1,CBMI_Captured_CSU488_1_h384_w640,SEG,auto,,883,26,1490.3494218736666,5.274282717694532,45,10,2,15,71,1,0.2
CBMI,CBMI_Captured_CSU488_1,CBMI_Captured_CSU488_1_h384_w640,GRAPH7,5,10095.0,883,30,1507.5,5.274021233369215,51,11,2,15,71,1,0.19230769230769232
CBMI,CBMI_Captured_CSU488_1,CBMI_Captured_CSU488_1_h384_w640,GRAPH7,auto,10095.0,883,26,1491.0,5.266574117574843,45,10,2,15,71,1,0.2
CBMI,CBMI_Captured_CSU488_1,CBMI_Captured_CSU488_1_h384_w640,JPEG,5,9953.0,883,31,1607.7047609329943,5.198690132103551,51,11,2,17,75,0,0.19230769230769232
CBMI,CBMI_Captured_CSU488_1,CBMI_Captured_CSU488_1_h384_w640,JPEG,auto,9953.0,883,28,1600.462120245875,5.190313305229173,48,11,2,17,75,0,0.196078431372549
CBMI,CBMI_002t1,CBMI_002t1_h128_w640,REF,5,,743,13,746.9676041556469,8.98500071484039,36,12,1,17,41,0,1.0
CBMI,CBMI_002t1,CBMI_002t1_h128_w640,REF,auto,,743,10,714.9970414071698,8.930326705190193,29,10,1,17,41,0,1.0
CBMI,CBMI_002t1,CBMI_002t1_h128_w640,SEG,5,,743,16,1193.3473298326137,8.705374726008557,58,23,4,25,49,0,0.4
CBMI,CBMI_002t1,CBMI_002t1_h128_w640,SEG,auto,,743,12,1138.1341263970173,8.706761242981074,46,19,4,25,49,0,0.3448275862068966
CBMI,CBMI_002t1,CBMI_002t1_h128_w640,GRAPH7,5,8763.0,743,16,1194.5,8.71271335892175,58,23,4,24,49,0,0.4
CBMI,CBMI_002t1,CBMI_002t1_h128_w640,GRAPH7,auto,8763.0,743,12,1148.0,8.71820600865217,46,19,4,24,49,0,0.3448275862068966
CBMI,CBMI_002t1,CBMI_002t1_h128_w640,JPEG,5,8631.0,743,16,1200.2468247692252,8.559080830874468,55,21,3,23,49,0,0.4242424242424242
CBMI,CBMI_002t1,CBMI_002t1_h128_w640,JPEG,auto,8631.0,743,12,1161.2762620207484,8.549129396265299,45,18,3,23,49,0,0.35714285714285715
CBMI,CBMI_002t1,CBMI_002t1_h384_w128,REF,5,,469,11,782.3645737753166,9.863476155392387,17,4,2,6,24,0,1.0
CBMI,CBMI_002t1,CBMI_002t1_h384_w128,REF,auto,,469,9,770.7077195258241,9.900028750014513,15,4,2,6,24,0,1.0
CBMI,CBMI_002t1,CBMI_002t1_h384_w128,SEG,5,,469,11,863.2346314604057,9.168448476868889,23,8,4,11,25,0,0.6666666666666666
CBMI,CBMI_002t1,CBMI_002t1_h384_w128,SEG,auto,,469,10,840.3351365237938,9.174239329449923,18,6,4,11,25,0,0.6
CBMI,CBMI_002t1,CBMI_002t1_h384_w128,GRAPH7,5,7039.0,469,11,863.75,9.190420479329019,23,8,4,11,25,0,0.6666666666666666
CBMI,CBMI_002t1,CBMI_002t1_h384_w128,GRAPH7,auto,7039.0,469,10,840.75,9.193362296504606,18,6,4,11,25,0,0.6
CBMI,CBMI_002t1,CBMI_002t1_h384_w128,JPEG,5,7007.0,469,11,883.5483399593904,8.940756518595727,25,9,4,9,23,0,0.6153846153846153
CBMI,CBMI_002t1,CBMI_002t1_h384_w128,JPEG,auto,7007.0,469,9,867.4772721475248,8.970078861575962,21,8,4,9,23,0,0.6666666666666666
CBMI,CBMI_Captured_CSU488_3,CBMI_Captured_CSU488_3_h896_w640,REF,5,,339,29,605.6122650963196,5.713108203359342,36,4,1,14,70,0,1.0
CBMI,CBMI_Captured_CSU488_3,CBMI_Captured_CSU488_3_h896_w640,REF,auto,,339,25,591.1269837220809,5.675110680914521,32,4,1,14,70,0,1.0
CBMI,CBMI_Captured_CSU488_3,CBMI_Captured_CSU488_3_h896_w640,SEG,5,,339,20,429.58787847867995,5.266463349163359,24,2,0,2,42,0,0.3333333333333333
CBMI,CBMI_Captured_CSU488_3,CBMI_Captured_CSU488_3_h896_w640,SEG,auto,,339,19,428.17366491630685,5.255434685394185,23,2,0,2,42,0,0.3333333333333333
CBMI,CBMI_Captured_CSU488_3,CBMI_Captured_CSU488_3_h896_w640,GRAPH7,5,4007.0,339,20,430.0,5.2285202738679395,24,2,0,2,42,0,0.3333333333333333
CBMI,CBMI_Captured_CSU488_3,CBMI_Captured_CSU488_3_h896_w640,GRAPH7,auto,4007.0,339,19,428.5,5.219693623718119,23,2,0,2,42,0,0.3333333333333333
CBMI,CBMI_Captured_CSU488_3,CBMI_Captured_CSU488_3_h896_w640,JPEG,5,3979.0,339,22,432.2447327281724,5.151967548264379,26,2,0,2,46,0,0.3333333333333333
CBMI,CBMI_Captured_CSU488_3,CBMI_Captured_CSU488_3_h896_w640,JPEG,auto,3979.0,339,21,430.8305191657993,5.140631060521821,25,2,0,2,46,0,0.3333333333333333
CBMI,CBMI_Captured_CSU488_4,CBMI_Captured_CSU488_4_h128_w640,REF,5,,333,17,1260.7615433949868,4.53937933136158,108,55,20,80,75,0,1.0
CBMI,CBMI_Captured_CSU488_4,CBMI_Captured_CSU488_4_h128_w640,REF,auto,,333,13,1249.9331162702406,4.544280276161881,104,55,20,80,75,0,1.0
CBMI,CBMI_Captured_CSU488_4,CBMI_Captured_CSU488_4_h128_w640,SEG,5,,333,9,484.26197667087547,6.4444040229757675,20,6,1,8,24,0,0.13114754098360654
CBMI,CBMI_Captured_CSU488_4,CBMI_Captured_CSU488_4_h128_w640,SEG,auto,,333,9,467.7766952966369,6.382385255069575,14,3,1,8,24,0,0.06896551724137931
CBMI,CBMI_Captured_CSU488_4,CBMI_Captured_CSU488_4_h128_w640,GRAPH7,5,4434.0,333,9,484.75,6.419915196230397,20,6,1,8,24,0,0.13114754098360654
CBMI,CBMI_Captured_CSU488_4,CBMI_Captured_CSU488_4_h128_w640,GRAPH7,auto,4434.0,333,9,468.0,6.3604908163009295,14,3,1,8,24,0,0.06896551724137931
CBMI,CBMI_Captured_CSU488_4,CBMI_Captured_CSU488_4_h128_w640,JPEG,5,4308.0,333,13,406.32085117392114,6.262332563036139,21,4,0,9,35,0,0.10169491525423728
CBMI,CBMI_Captured_CSU488_4,CBMI_Captured_CSU488_4_h128_w640,JPEG,auto,4308.0,333,10,393.2497833620556,6.317294285062518,18,4,0,9,35,0,0.10169491525423728
CBMI,CBMI_Captured_CSU488_1,CBMI_Captured_CSU488_1_h640_w896,REF,5,,704,34,1142.7564927611038,4.508768948233845,76,23,13,48,91,0,1.0
CBMI,CBMI_Captured_CSU488_1,CBMI_Captured_CSU488_1_h640_w896,REF,auto,,704,30,1129.685424949238,4.5103405342013465,72,23,12,48,91,0,1.0
CBMI,CBMI_Captured_CSU488_1,CBMI_Captured_CSU488_1_h640_w896,SEG,5,,704,26,1051.4600282048218,5.961151106586441,55,16,3,19,65,0,0.5128205128205128
CBMI,CBMI_Captured_CSU488_1,CBMI_Captured_CSU488_1_h640_w896,SEG,auto,,704,20,1020.6610383315987,5.9375031970321865,47,15,3,19,65,0,0.47368421052631576
CBMI,CBMI_Captured_CSU488_1,CBMI_Captured_CSU488_1_h640_w896,GRAPH7,5,7803.0,704,26,1052.25,5.944176976667991,55,16,3,18,65,0,0.5128205128205128
CBMI,CBMI_Captured_CSU488_1,CBMI_Captured_CSU488_1_h640_w896,GRAPH7,auto,7803.0,704,20,1021.5,5.9193622082381285,47,15,3,18,65,0,0.47368421052631576
CBMI,CBMI_Captured_CSU488_1,CBMI_Captured_CSU488_1_h640_w896,JPEG,5,7749.0,704,30,1093.5016587651646,5.9134524515140345,65,18,1,21,79,0,0.4878048780487805
CBMI,CBMI_Captured_CSU488_1,CBMI_Captured_CSU488_1_h640_w896,JPEG,auto,7749.0,704,24,1056.288455329568,5.908793325251094,53,15,1,21,79,0,0.47368421052631576
CBMI,CBMI_Captured_CSU488_1,CBMI_Captured_CSU488_1_h896_w640,REF,5,,517,22,829.1391770309006,4.430407025036276,54,18,5,28,62,0,1.0
CBMI,CBMI_Captured_CSU488_1,CBMI_Captured_CSU488_1_h896_w640,REF,auto,,517,21,825.7249634685274,4.435110425364974,53,18,5,28,62,0,1.0
CBMI,CBMI_Captured_CSU488_1,CBMI_Captured_CSU488_1_h896_w640,SEG,5,,517,13,671.4995667241114,6.095830295063807,40,15,3,18,38,0,0.606060606060606
CBMI,CBMI_Captured_CSU488_1,CBMI_Captured_CSU488_1_h896_w640,SEG,auto,,517,11,655.8427124746191,6.053037576360703,34,13,3,18,38,0,0.5806451612903226
CBMI,CBMI_Captured_CSU488_1,CBMI_Captured_CSU488_1_h896_w640,GRAPH7,5,5023.0,517,13,672.0,6.1234910008662276,40,15,3,18,38,0,0.606060606060606
CBMI,CBMI_Captured_CSU488_1,CBMI_Captured_CSU488_1_h896_w640,GRAPH7,auto,5023.0,517,11,656.25,6.0859048226722,34,13,3,18,38,0,0.5806451612903226
CBMI,CBMI_Captured_CSU488_1,CBMI_Captured_CSU488_1_h896_w640,JPEG,5,4999.0,517,14,711.2274887854693,5.868648230811685,46,18,5,23,41,0,0.6111111111111112
CBMI,CBMI_Captured_CSU488_1,CBMI_Captured_CSU488_1_h896_w640,JPEG,auto,4999.0,517,12,698.98484809835,5.85165663825263,42,17,5,23,41,0,0.5714285714285715
CBMI,CBMI_004t01,CBMI_004t01_h128_w128,REF,5,,580,18,588.2985565973347,10.287935634016264,24,3,2,9,41,0,1.0
CBMI,CBMI_004t01,CBMI_004t01_h128_w128,REF,auto,,580,10,513.7005768508881,10.17174449834823,12,1,2,9,41,0,1.0
CBMI,CBMI_004t01,CBMI_004t01_h128_w128,SEG,5,,580,19,947.4234482783625,9.717343870777372,33,8,5,13,41,1,0.18181818181818182
CBMI,CBMI_004t01,CBMI_004t01_h128_w128,SEG,auto,,580,16,906.8670990922585,9.74743567434214,26,6,5,13,41,1,0.0
CBMI,CBMI_004t01,CBMI_004t01_h128_w128,GRAPH7,5,8288.0,580,19,947.75,9.709095983069385,33,8,5,12,41,1,0.18181818181818182
CBMI,CBMI_004t01,CBMI_004t01_h128_w128,GRAPH7,auto,8288.0,580,16,907.0,9.745416357024641,26,6,5,12,41,1,0.0
CBMI,CBMI_004t01,CBMI_004t01_h128_w128,JPEG,5,8037.0,580,18,1001.636651713959,9.689820314795078,37,10,5,13,40,2,0.15384615384615383
CBMI,CBMI_004t01,CBMI_004t01_h128_w128,JPEG,auto,8037.0,580,14,943.352380466497,9.710129559006281,25,6,5,13,40,2,0.0
CBMI,CBMI_004t01,CBMI_004t01_h128_w384,REF,5,,663,17,950.4772721475249,8.836928510249924,40,13,5,17,41,0,1.0
CBMI,CBMI_004t01,CBMI_004t01_h128_w384,REF,auto,,663,15,903.8498551495552,8.861347460374853,28,8,5,17,41,0,1.0
CBMI,CBMI_004t01,CBMI_004t01_h128_w384,SEG,5,,663,19,1066.4183976444792,8.36681733753096,39,11,2,14,48,0,0.41666666666666663
CBMI,CBMI_004t01,CBMI_004t01_h128_w384,SEG,auto,,663,17,1032.6904755831213,8.342219060759097,31,8,2,14,48,0,0.375
CBMI,CBMI_004t01,CBMI_004t01_h128_w384,GRAPH7,5,8159.0,663,19,1067.25,8.35078681001292,39,11,2,14,48,0,0.41666666666666663
CBMI,CBMI_004t01,CBMI_004t01_h128_w384,GRAPH7,auto,8159.0,663,17,1033.5,8.334569922255374,31,8,2,14,48,0,0.375
CBMI,CBMI_004t01,CBMI_004t01_h128_w384,JPEG,5,8070.0,663,19,1059.1757569573597,8.278645314445113,40,11,1,13,49,0,0.41666666666666663
CBMI,CBMI_004t01,CBMI_004t01_h128_w384,JPEG,auto,8070.0,663,17,1006.6194077712557,8.212106506732036,26,5,1,13,49,0,0.4615384615384615
CBMI,CBMI_Captured_CSU488_4,CBMI_Captured_CSU488_4_h384_w384,REF,5,,438,44,1788.4276323604688,4.710848793370895,116,40,14,70,132,0,1.0
CBMI,CBMI_Captured_CSU488_4,CBMI_Captured_CSU488_4_h384_w384,REF,auto,,438,41,1783.013418798096,4.715834280429356,115,41,14,70,132,0,1.0
CBMI,CBMI_Captured_CSU488_4,CBMI_Captured_CSU488_4_h384_w384,SEG,5,,438,20,500.9604614807105,6.085591961792319,32,6,0,12,52,0,0.13043478260869565
CBMI,CBMI_Captured_CSU488_4,CBMI_Captured_CSU488_4_h384_w384,SEG,auto,,438,17,481.889393668845,6.112428822220133,29,6,0,12,52,0,0.1276595744680851
CBMI,CBMI_Captured_CSU488_4,CBMI_Captured_CSU488_4_h384_w384,GRAPH7,5,4771.0,438,20,501.5,6.030380972929452,32,6,0,11,52,0,0.13043478260869565
CBMI,CBMI_Captured_CSU488_4,CBMI_Captured_CSU488_4_h384_w384,GRAPH7,auto,4771.0,438,17,482.5,6.049452969790923,29,6,0,11,52,0,0.1276595744680851
CBMI,CBMI_Captured_CSU488_4,CBMI_Captured_CSU488_4_h384_w384,JPEG,5,4673.0,438,32,789.1808075912435,5.779286199075748,54,11,0,16,80,0,0.1176470588235294
CBMI,CBMI_Captured_CSU488_4,CBMI_Captured_CSU488_4_h384_w384,JPEG,auto,4673.0,438,25,761.553390593274,5.778833059441117,47,11,0,16,80,0,0.11538461538461536
CBMI,CBMI_Captured_CSU488_4,CBMI_Captured_CSU488_4_h384_w640,REF,5,,417,76,1432.7636354360402,3.497877032437144,115,23,10,48,180,1,1.0
CBMI,CBMI_Captured_CSU488_4,CBMI_Captured_CSU488_4_h384_w640,REF,auto,,417,68,1457.006276123159,3.517094322522615,124,32,10,48,180,1,1.0
CBMI,CBMI_Captured_CSU488_4,CBMI_Captured_CSU488_4_h384_w640,SEG,5,,417,20,382.19090885901,5.539282784016463,26,3,1,13,51,0,0.07692307692307691
CBMI,CBMI_Captured_CSU488_4,CBMI_Captured_CSU488_4_h384_w640,SEG,auto,,417,16,368.1198410471445,5.530612356095024,22,3,1,13,51,0,0.05714285714285714
CBMI,CBMI_Captured_CSU488_4,CBMI_Captured_CSU488_4_h384_w640,GRAPH7,5,3810.0,417,20,382.5,5.504489448343677,26,3,1,12,51,0,0.07692307692307691
CBMI,CBMI_Captured_CSU488_4,CBMI_Captured_CSU488_4_h384_w640,GRAPH7,auto,3810.0,417,16,368.25,5.493621602572826,22,3,1,12,51,0,0.05714285714285714
CBMI,CBMI_Captured_CSU488_4,CBMI_Captured_CSU488_4_h384_w640,JPEG,5,3758.0,417,28,514.6589462905454,5.4627612871210065,34,3,0,8,64,0,0.07692307692307691
CBMI,CBMI_Captured_CSU488_4,CBMI_Captured_CSU488_4_h384_w640,JPEG,auto,3758.0,417,23,497.17366491630696,5.476423288767952,29,3,0,8,64,0,0.05714285714285714
CBMI,CBMI_Captured_CSU488_1,CBMI_Captured_CSU488_1_h896_w896,REF,5,,655,28,1002.288455329568,5.290890086720426,66,21,5,29,75,0,1.0
CBMI,CBMI_Captured_CSU488_1,CBMI_Captured_CSU488_1_h896_w896,REF,auto,,655,21,981.1463197058372,5.312892516414645,59,21,5,29,75,0,1.0
CBMI,CBMI_Captured_CSU488_1,CBMI_Captured_CSU488_1_h896_w896,SEG,5,,655,28,855.761543394987,6.689548099875332,48,11,2,16,68,0,0.5
CBMI,CBMI_Captured_CSU488_1,CBMI_Captured_CSU488_1_h896_w896,SEG,auto,,655,21,819.7199128346443,6.723612179423515,39,10,2,16,68,0,0.45161290322580644
CBMI,CBMI_Captured_CSU488_1,CBMI_Captured_CSU488_1_h896_w896,GRAPH7,5,7115.0,655,28,857.25,6.710086925404189,48,11,2,16,68,0,0.5
CBMI,CBMI_Captured_CSU488_1,CBMI_Captured_CSU488_1_h896_w896,GRAPH7,auto,7115.0,655,22,827.75,6.730863203627592,40,10,2,16,68,0,0.45161290322580644
CBMI,CBMI_Captured_CSU488_1,CBMI_Captured_CSU488_1_h896_w896,JPEG,5,6963.0,655,26,990.3595231414337,6.320204168561874,59,18,5,29,71,0,0.5641025641025642
CBMI,CBMI_Captured_CSU488_1,CBMI_Captured_CSU488_1_h896_w896,JPEG,auto,6963.0,655,22,962.8031739553296,6.31705292913029,53,17,5,29,71,0,0.5789473684210527
CBMI,CBMI_Captured_CSU488_2,CBMI_Captured_CSU488_2_h384_w384,REF,5,,870,43,1437.5676759431467,4.936890735919245,80,22,7,35,107,0,1.0
CBMI,CBMI_Captured_CSU488_2,CBMI_Captured_CSU488_2_h384_w384,REF,auto,,870,37,1418.4966081312814,4.939423302873053,74,22,7,35,107,0,1.0
CBMI,CBMI_Captured_CSU488_2,CBMI_Captured_CSU488_2_h384_w384,SEG,5,,870,36,1255.2712113868652,6.186055495125562,64,17,6,23,83,0,0.5128205128205129
CBMI,CBMI_Captured_CSU488_2,CBMI_Captured_CSU488_2_h384_w384,SEG,auto,,870,35,1241.7859300126265,6.165693898487502,61,16,6,23,83,0,0.47368421052631576
CBMI,CBMI_Captured_CSU488_2,CBMI_Captured_CSU488_2_h384_w384,GRAPH7,5,7369.0,870,36,1256.25,6.207476133262164,64,17,6,21,83,0,0.5128205128205129
CBMI,CBMI_Captured_CSU488_2,CBMI_Captured_CSU488_2_h384_w384,GRAPH7,auto,7369.0,870,35,1242.75,6.191826105339443,61,16,6,21,83,0,0.47368421052631576
CBMI,CBMI_Captured_CSU488_2,CBMI_Captured_CSU488_2_h384_w384,JPEG,5,7354.0,870,37,1392.0823945689083,6.105443444688306,71,19,4,22,88,0,0.5853658536585366
CBMI,CBMI_Captured_CSU488_2,CBMI_Captured_CSU488_2_h384_w384,JPEG,auto,7354.0,870,32,1360.111831820431,6.081346187424176,64,18,4,22,88,0,0.6
CBMI,CBMI_Captured_CSU488_4,CBMI_Captured_CSU488_4_h640_w384,REF,5,,484,51,1143.3717164502532,3.5691473785736276,74,15,9,29,113,2,1.0
CBMI,CBMI_Captured_CSU488_4,CBMI_Captured_CSU488_4_h640_w384,REF,auto,,484,48,1161.8569978244918,3.5675965864661134,81,20,9,29,113,2,1.0
CBMI,CBMI_Captured_CSU488_4,CBMI_Captured_CSU488_4_h640_w384,SEG,5,,484,20,615.7422074112307,5.540002298530489,30,6,2,11,47,0,0.28571428571428575
CBMI,CBMI_Captured_CSU488_4,CBMI_Captured_CSU488_4_h640_w384,SEG,auto,,484,15,597.8427124746189,5.532910274270854,25,6,2,11,47,0,0.23076923076923075
CBMI,CBMI_Captured_CSU488_4,CBMI_Captured_CSU488_4_h640_w384,GRAPH7,5,4966.0,484,20,616.5,5.5463387351378035,30,6,2,11,47,0,0.28571428571428575
CBMI,CBMI_Captured_CSU488_4,CBMI_Captured_CSU488_4_h640_w384,GRAPH7,auto,4966.0,484,15,598.5,5.543868555075114,25,6,2,11,47,0,0.23076923076923075
CBMI,CBMI_Captured_CSU488_4,CBMI_Captured_CSU488_4_h640_w384,JPEG,5,4771.0,484,16,683.1564209736038,5.376024412059378,26,5,1,13,43,0,0.3
CBMI,CBMI_Captured_CSU488_4,CBMI_Captured_CSU488_4_h640_w384,JPEG,auto,4771.0,484,15,679.7422074112307,5.381117480105759,25,5,1,13,43,0,0.24
CBMI,CBMI_Captured_CSU488_4,CBMI_Captured_CSU488_4_h640_w640,REF,5,,469,66,1467.6509370638319,3.863957060515377,117,33,16,66,168,0,1.0
CBMI,CBMI_Captured_CSU488_4,CBMI_Captured_CSU488_4_h640_w640,REF,auto,,469,55,1484.3077913133245,3.900724330836716,119,39,16,66,168,0,1.0
CBMI,CBMI_Captured_CSU488_4,CBMI_Captured_CSU488_4_h640_w640,SEG,5,,469,20,699.8549057834387,5.38073271917474,34,8,2,9,45,0,0.24390243902439024
CBMI,CBMI_Captured_CSU488_4,CBMI_Captured_CSU488_4_h640_w640,SEG,auto,,469,17,691.7838379715732,5.380015822828637,31,8,2,9,45,0,0.21276595744680848
CBMI,CBMI_Captured_CSU488_4,CBMI_Captured_CSU488_4_h640_w640,GRAPH7,5,5656.0,469,20,700.25,5.353653399341058,34,8,2,9,45,0,0.24390243902439024
CBMI,CBMI_Captured_CSU488_4,CBMI_Captured_CSU488_4_h640_w640,GRAPH7,auto,5656.0,469,17,692.0,5.351366752729156,31,8,2,9,45,0,0.21276595744680848
CBMI,CBMI_Captured_CSU488_4,CBMI_Captured_CSU488_4_h640_w640,JPEG,5,5639.0,469,30,1166.57272657703,5.373607857387317,60,17,4,25,77,0,0.27999999999999997
CBMI,CBMI_Captured_CSU488_4,CBMI_Captured_CSU488_4_h640_w640,JPEG,auto,5639.0,469,28,1158.9158723275375,5.3735240029310924,58,17,4,25,77,0,0.25
CBMI,CBMI_Captured_CSU488_5,CBMI_Captured_CSU488_5_h640_w896,REF,5,,261,11,364.9482681718907,4.662971686307108,22,7,3,13,29,0,1.0
CBMI,CBMI_Captured_CSU488_5,CBMI_Captured_CSU488_5_h640_w896,REF,auto,,261,10,363.9482681718907,4.664793295981574,21,7,3,13,29,0,1.0
CBMI,CBMI_Captured_CSU488_5,CBMI_Captured_CSU488_5_h640_w896,SEG,5,,261,10,378.8772003600252,6.141123976511607,15,3,1,5,23,0,0.6
CBMI,CBMI_Captured_CSU488_5,CBMI_Captured_CSU488_5_h640_w896,SEG,auto,,261,7,365.2203461105328,6.134624805898928,10,2,1,5,23,0,0.4444444444444445
CBMI,CBMI_Captured_CSU488_5,CBMI_Captured_CSU488_5_h640_w896,GRAPH7,5,3492.0,261,10,379.25,6.164915886383672,15,3,1,5,23,0,0.6
CBMI,CBMI_Captured_CSU488_5,CBMI_Captured_CSU488_5_h640_w896,GRAPH7,auto,3492.0,261,7,365.25,6.16541916471186,10,2,1,5,23,0,0.4444444444444445
CBMI,CBMI_Captured_CSU488_5,CBMI_Captured_CSU488_5_h640_w896,JPEG,5,3489.0,261,9,361.3208511739211,5.835479729561005,14,3,1,4,20,0,0.6
CBMI,CBMI_Captured_CSU488_5,CBMI_Captured_CSU488_5_h640_w896,JPEG,auto,3489.0,261,7,352.6639969244287,5.834403571840219,12,3,1,4,20,0,0.6
CBMI,CBMI_Captured_CSU488_5,CBMI_Captured_CSU488_5_h896_w384,REF,5,,306,16,480.9898987322333,4.374533767070878,33,11,7,29,47,0,1.0
CBMI,CBMI_Captured_CSU488_5,CBMI_Captured_CSU488_5_h896_w384,REF,auto,,306,15,478.5756851698602,4.3698154474585955,32,11,6,29,47,0,1.0
CBMI,CBMI_Captured_CSU488_5,CBMI_Captured_CSU488_5_h896_w384,SEG,5,,306,9,387.1198410471445,7.212566193703852,29,10,1,11,27,0,0.09523809523809525
CBMI,CBMI_Captured_CSU488_5,CBMI_Captured_CSU488_5_h896_w384,SEG,auto,,306,7,357.3919189857867,7.086744799929475,20,7,1,11,27,0,0.1111111111111111
CBMI,CBMI_Captured_CSU488_5,CBMI_Captured_CSU488_5_h896_w384,GRAPH7,5,3611.0,306,9,387.5,7.25713221789889,29,10,1,10,27,0,0.09523809523809525
CBMI,CBMI_Captured_CSU488_5,CBMI_Captured_CSU488_5_h896_w384,GRAPH7,auto,3611.0,306,7,357.75,7.131353488907518,20,7,1,10,27,0,0.1111111111111111
CBMI,CBMI_Captured_CSU488_5,CBMI_Captured_CSU488_5_h896_w384,JPEG,5,3459.0,306,7,356.8355697996827,7.032971097736011,24,9,1,15,27,0,0.3
CBMI,CBMI_Captured_CSU488_5,CBMI_Captured_CSU488_5_h896_w384,JPEG,auto,3459.0,306,6,347.59292911256335,6.965417639240293,23,9,1,15,27,0,0.3
CBMI,CBMI_Captured_CSU488_4,CBMI_Captured_CSU488_4_h896_w128,REF,5,,287,14,567.9137802864846,4.212085164218979,24,8,9,30,40,0,1.0
CBMI,CBMI_Captured_CSU488_4,CBMI_Captured_CSU488_4_h896_w128,REF,auto,,287,13,578.5706345359769,4.219379173740424,29,11,9,30,40,0,1.0
CBMI,CBMI_Captured_CSU488_4,CBMI_Captured_CSU488_4_h896_w128,SEG,5,,287,12,416.17366491630673,6.673666581363295,16,2,0,4,28,0,0.0
CBMI,CBMI_Captured_CSU488_4,CBMI_Captured_CSU488_4_h896_w128,SEG,auto,,287,8,394.27416997969505,6.5780247028125265,10,1,0,4,28,0,0.0
CBMI,CBMI_Captured_CSU488_4,CBMI_Captured_CSU488_4_h896_w128,GRAPH7,5,4620.0,287,12,417.0,6.630426472743733,16,2,0,4,28,0,0.0
CBMI,CBMI_Captured_CSU488_4,CBMI_Captured_CSU488_4_h896_w128,GRAPH7,auto,4620.0,287,8,394.75,6.535023025038979,10,1,0,4,28,0,0.0
CBMI,CBMI_Captured_CSU488_4,CBMI_Captured_CSU488_4_h896_w128,JPEG,5,4222.0,287,11,395.1025971044412,6.039416931790972,12,1,1,2,22,0,0.2222222222222222
CBMI,CBMI_Captured_CSU488_4,CBMI_Captured_CSU488_4_h896_w128,JPEG,auto,4222.0,287,8,381.78888860545646,5.971666837971446,9,1,1,2,22,0,0.16666666666666669
CBMI,CBMI_Captured_CSU488_4,CBMI_Captured_CSU488_4_h896_w384,REF,5,,599,38,928.033621333629,3.333821981364927,57,12,6,27,91,0,1.0
CBMI,CBMI_Captured_CSU488_4,CBMI_Captured_CSU488_4_h896_w384,REF,auto,,599,37,962.17575695736,3.3354938680248924,71,20,6,27,91,0,1.0
CBMI,CBMI_Captured_CSU488_4,CBMI_Captured_CSU488_4_h896_w384,SEG,5,,599,22,795.9797974644666,6.490783201143556,42,11,2,15,55,0,0.08695652173913043
CBMI,CBMI_Captured_CSU488_4,CBMI_Captured_CSU488_4_h896_w384,SEG,auto,,599,18,775.2518754031087,6.456529333103416,36,10,2,15,55,0,0.06666666666666667
CBMI,CBMI_Captured_CSU488_4,CBMI_Captured_CSU488_4_h896_w384,GRAPH7,5,6738.0,599,22,796.0,6.488143965820472,42,11,2,15,55,0,0.08695652173913043
CBMI,CBMI_Captured_CSU488_4,CBMI_Captured_CSU488_4_h896_w384,GRAPH7,auto,6738.0,599,18,775.25,6.4518574715480534,36,10,2,15,55,0,0.06666666666666667
CBMI,CBMI_Captured_CSU488_4,CBMI_Captured_CSU488_4_h896_w384,JPEG,5,6595.0,599,20,735.1097397793778,6.314502165578247,41,12,3,17,51,0,0.16666666666666666
CBMI,CBMI_Captured_CSU488_4,CBMI_Captured_CSU488_4_h896_w384,JPEG,auto,6595.0,599,15,713.7960312803931,6.304276377494199,34,11,3,17,51,0,0.12903225806451613
CBMI,CBMI_Captured_CSU488_5,CBMI_Captured_CSU488_5_h384_w384,REF,5,,448,33,608.1147904132613,3.5789267323219662,38,3,1,8,72,0,1.0
CBMI,CBMI_Captured_CSU488_5,CBMI_Captured_CSU488_5_h384_w384,REF,auto,,448,29,600.2863632885151,3.582940930025851,34,3,1,8,72,0,1.0
CBMI,CBMI_Captured_CSU488_5,CBMI_Captured_CSU488_5_h384_w384,SEG,5,,448,22,630.3279938488574,5.476463982780152,28,3,0,5,49,0,0.3333333333333333
CBMI,CBMI_Captured_CSU488_5,CBMI_Captured_CSU488_5_h384_w384,SEG,auto,,448,22,620.0853531617382,5.484172186750248,26,2,0,5,49,0,0.4
CBMI,CBMI_Captured_CSU488_5,CBMI_Captured_CSU488_5_h384_w384,GRAPH7,5,5200.0,448,22,630.5,5.444425283892556,28,3,0,5,49,0,0.3333333333333333
CBMI,CBMI_Captured_CSU488_5,CBMI_Captured_CSU488_5_h384_w384,GRAPH7,auto,5200.0,448,22,620.25,5.447638277298279,26,2,0,5,49,0,0.4
CBMI,CBMI_Captured_CSU488_5,CBMI_Captured_CSU488_5_h384_w384,JPEG,5,5133.0,448,24,679.2274887854694,5.490461930420781,31,4,1,9,55,0,0.28571428571428575
CBMI,CBMI_Captured_CSU488_5,CBMI_Captured_CSU488_5_h384_w384,JPEG,auto,5133.0,448,23,666.570634535977,5.494974851630386,28,3,1,9,55,0,0.3333333333333333
CBMI,CBMI_Captured_CSU488_5,CBMI_Captured_CSU488_5_h384_w640,REF,5,,188,25,411.7766952966369,3.766780418416734,37,8,4,14,56,0,1.0
CBMI,CBMI_Captured_CSU488_5,CBMI_Captured_CSU488_5_h384_w640,REF,auto,,188,20,399.11984104714446,3.756505413114335,32,8,4,14,56,0,1.0
CBMI,CBMI_Captured_CSU488_5,CBMI_Captured_CSU488_5_h384_w640,SEG,5,,188,7,236.50966799187805,6.9319916646060795,11,2,0,2,16,0,0.0
CBMI,CBMI_Captured_CSU488_5,CBMI_Captured_CSU488_5_h384_w640,SEG,auto,,188,6,229.26702730475878,6.911956890635047,8,1,0,2,16,0,0.0
CBMI,CBMI_Captured_CSU488_5,CBMI_Captured_CSU488_5_h384_w640,GRAPH7,5,2460.0,188,7,236.75,6.952274534330225,11,2,0,2,16,0,0.0
CBMI,CBMI_Captured_CSU488_5,CBMI_Captured_CSU488_5_h384_w640,GRAPH7,auto,2460.0,188,6,229.5,6.941118939281856,8,1,0,2,16,0,0.0
CBMI,CBMI_Captured_CSU488_5,CBMI_Captured_CSU488_5_h384_w640,JPEG,5,2443.0,188,11,303.79393923934,6.316899917087867,15,2,0,5,27,0,0.2
CBMI,CBMI_Captured_CSU488_5,CBMI_Captured_CSU488_5_h384_w640,JPEG,auto,2443.0,188,9,296.55129855222066,6.334315623888341,13,2,0,5,27,0,0.2
CBMI,CBMI_Captured_CSU488_5,CBMI_Captured_CSU488_5_h640_w384,REF,5,,639,45,813.4945160902281,3.783463552358114,57,9,8,21,95,2,1.0
CBMI,CBMI_Captured_CSU488_5,CBMI_Captured_CSU488_5_h640_w384,REF,auto,,639,40,821.1513703397206,3.810812226938436,54,10,8,21,95,2,1.0
CBMI,CBMI_Captured_CSU488_5,CBMI_Captured_CSU488_5_h640_w384,SEG,5,,639,27,840.364573775317,5.8309264697966485,39,7,2,14,64,0,0.125
CBMI,CBMI_Captured_CSU488_5,CBMI_Captured_CSU488_5_h640_w384,SEG,auto,,639,22,814.5655839020935,5.794335636035188,32,6,2,14,64,0,0.125
CBMI,CBMI_Captured_CSU488_5,CBMI_Captured_CSU488_5_h640_w384,GRAPH7,5,6488.0,639,27,841.25,5.85923445572052,39,7,2,14,64,0,0.125
CBMI,CBMI_Captured_CSU488_5,CBMI_Captured_CSU488_5_h640_w384,GRAPH7,auto,6488.0,639,22,815.5,5.8189987564376295,32,6,2,14,64,0,0.125
CBMI,CBMI_Captured_CSU488_5,CBMI_Captured_CSU488_5_h640_w384,JPEG,5,6485.0,639,28,873.1635636485403,5.761368801980693,45,9,1,16,70,0,0.1111111111111111
CBMI,CBMI_Captured_CSU488_5,CBMI_Captured_CSU488_5_h640_w384,JPEG,auto,6485.0,639,21,851.3645737753168,5.750058302396356,38,9,1,16,70,0,0.10526315789473685
CBMI,CBMI_Captured_CSU488_5,CBMI_Captured_CSU488_5_h640_w640,REF,5,,627,56,1105.1585130146568,3.4982030084577644,82,16,7,36,134,0,1.0
CBMI,CBMI_Captured_CSU488_5,CBMI_Captured_CSU488_5_h640_w640,REF,auto,,627,47,1106.9869401394033,3.4970760747566545,81,20,6,36,134,0,1.0
CBMI,CBMI_Captured_CSU488_5,CBMI_Captured_CSU488_5_h640_w640,SEG,5,,627,34,831.4650788387053,5.325925525326828,46,7,3,9,71,0,0.17391304347826086
CBMI,CBMI_Captured_CSU488_5,CBMI_Captured_CSU488_5_h640_w640,SEG,auto,,627,25,797.8376618407357,5.305412466007127,37,7,3,9,71,0,0.14814814814814817
CBMI,CBMI_Captured_CSU488_5,CBMI_Captured_CSU488_5_h640_w640,GRAPH7,5,6411.0,627,34,831.75,5.32030708520814,46,7,3,8,71,0,0.17391304347826086
CBMI,CBMI_Captured_CSU488_5,CBMI_Captured_CSU488_5_h640_w640,GRAPH7,auto,6411.0,627,25,798.0,5.303778719450965,37,7,3,8,71,0,0.14814814814814817
CBMI,CBMI_Captured_CSU488_5,CBMI_Captured_CSU488_5_h640_w640,JPEG,5,6380.0,627,33,993.9036790187178,5.164932233985802,52,11,4,15,73,0,0.14814814814814814
CBMI,CBMI_Captured_CSU488_5,CBMI_Captured_CSU488_5_h640_w640,JPEG,auto,6380.0,627,29,981.8326112068522,5.157943581931042,48,11,4,15,73,0,0.12903225806451613
CBMI,CBMI_Captured_CSU488_6,CBMI_Captured_CSU488_6_h640_w640,REF,5,,681,86,1008.7321061434639,4.55323954124319,93,4,4,16,180,1,1.0
CBMI,CBMI_Captured_CSU488_6,CBMI_Captured_CSU488_6_h640_w640,REF,auto,,681,55,925.3767670841366,4.5888176364903375,62,4,4,16,180,1,1.0
CBMI,CBMI_Captured_CSU488_6,CBMI_Captured_CSU488_6_h640_w640,SEG,5,,681,49,732.38181771802,5.53804165927689,51,1,0,7,105,0,0.0
CBMI,CBMI_Captured_CSU488_6,CBMI_Captured_CSU488_6_h640_w640,SEG,auto,,681,32,663.2691193458118,5.4504985410060245,34,1,0,7,105,0,0.0
CBMI,CBMI_Captured_CSU488_6,CBMI_Captured_CSU488_6_h640_w640,GRAPH7,5,6266.0,681,49,734.0,5.5342048034664435,51,1,0,6,105,0,0.0
CBMI,CBMI_Captured_CSU488_6,CBMI_Captured_CSU488_6_h640_w640,GRAPH7,auto,6266.0,681,32,664.25,5.44679819999953,34,1,0,6,105,0,0.0
CBMI,CBMI_Captured_CSU488_6,CBMI_Captured_CSU488_6_h640_w640,JPEG,5,6149.0,681,51,775.5239533417508,5.492403389246159,55,2,0,4,106,0,0.0
CBMI,CBMI_Captured_CSU488_6,CBMI_Captured_CSU488_6_h640_w640,JPEG,auto,6149.0,681,33,710.4112549695429,5.412361642041041,37,2,0,4,106,0,0.0
CBMI,CBMI_Captured_CSU488_7,CBMI_Captured_CSU488_7_h384_w640,REF,5,,602,37,818.4234482783625,4.547433878042894,52,9,3,16,84,0,1.0
CBMI,CBMI_Captured_CSU488_7,CBMI_Captured_CSU488_7_h384_w640,REF,auto,,602,26,795.5239533417508,4.647706171045007,43,10,3,16,84,0,1.0
CBMI,CBMI_Captured_CSU488_7,CBMI_Captured_CSU488_7_h384_w640,SEG,5,,602,29,815.3107499061543,5.594885832034832,40,6,4,13,63,1,0.26666666666666666
CBMI,CBMI_Captured_CSU488_7,CBMI_Captured_CSU488_7_h384_w640,SEG,auto,,602,23,793.1686142824234,5.574678561169143,34,6,4,13,63,1,0.25
CBMI,CBMI_Captured_CSU488_7,CBMI_Captured_CSU488_7_h384_w640,GRAPH7,5,6206.0,602,29,815.75,5.628155153791339,40,6,4,11,63,1,0.26666666666666666
CBMI,CBMI_Captured_CSU488_7,CBMI_Captured_CSU488_7_h384_w640,GRAPH7,auto,6206.0,602,23,793.75,5.613990635219258,34,6,4,11,63,1,0.25
CBMI,CBMI_Captured_CSU488_7,CBMI_Captured_CSU488_7_h384_w640,JPEG,5,6082.0,602,32,907.8376618407357,5.587909785515954,45,7,4,16,72,0,0.375
CBMI,CBMI_Captured_CSU488_7,CBMI_Captured_CSU488_7_h384_w640,JPEG,auto,6082.0,602,24,882.5239533417508,5.579381897203289,37,7,4,16,72,0,0.3529411764705882
CBMI,CBMI_cell10_1,CBMI_cell10_1_h395_w252,REF,5,,343,8,373.67619023324846,6.778160479950668,12,2,1,3,17,1,1.0
CBMI,CBMI_cell10_1,CBMI_cell10_1_h395_w252,REF,auto,,343,7,356.01933598375604,6.835419494539071,9,1,1,3,17,1,1.0
CBMI,CBMI_cell10_1,CBMI_cell10_1_h395_w252,SEG,5,,343,13,456.13203435596415,7.19507600577514,21,6,5,9,25,1,0.5
CBMI,CBMI_cell10_1,CBMI_cell10_1_h395_w252,SEG,auto,,343,7,433.2325394193525,7.242943995622744,13,5,5,9,25,1,0.33333333333333337
CBMI,CBMI_cell10_1,CBMI_cell10_1_h395_w252,GRAPH7,5,3931.0,343,13,456.75,7.177980086451751,21,6,5,9,25,1,0.5
CBMI,CBMI_cell10_1,CBMI_cell10_1_h395_w252,GRAPH7,auto,3931.0,343,7,433.5,7.233957943434049,13,5,5,9,25,1,0.33333333333333337
CBMI,CBMI_cell10_1,CBMI_cell10_1_h395_w252,JPEG,5,3889.0,343,11,457.71782079359105,7.048271856586282,17,5,5,6,18,1,0.5714285714285715
CBMI,CBMI_cell10_1,CBMI_cell10_1_h395_w252,JPEG,auto,3889.0,343,7,447.06096654409873,7.05877932670214,13,5,5,6,18,1,0.33333333333333337
CBMI,CBMI_cell5,CBMI_cell5_h192_w383,REF,5,,347,8,454.88939366884495,6.073882808632744,17,5,2,9,21,0,1.0
CBMI,CBMI_cell5,CBMI_cell5_h192_w383,REF,auto,,347,8,449.88939366884495,5.992692524158065,15,4,2,9,21,0,1.0
CBMI,CBMI_cell5,CBMI_cell5_h192_w383,SEG,5,,347,4,554.7888886054565,7.971320358084925,27,14,5,15,13,0,0.21052631578947364
CBMI,CBMI_cell5,CBMI_cell5_h192_w383,SEG,auto,,347,4,542.5462479183374,7.989270060348468,23,12,5,15,13,0,0.25
CBMI,CBMI_cell5,CBMI_cell5_h192_w383,GRAPH7,5,4347.0,347,4,554.5,7.9624810221707145,27,14,5,15,13,0,0.21052631578947364
CBMI,CBMI_cell5,CBMI_cell5_h192_w383,GRAPH7,auto,4347.0,347,4,542.25,7.984916047567842,23,12,5,15,13,0,0.25
CBMI,CBMI_cell5,CBMI_cell5_h192_w383,JPEG,5,4284.0,347,4,555.2031021678297,7.698723495596737,26,13,5,15,13,0,0.2222222222222222
CBMI,CBMI_cell5,CBMI_cell5_h192_w383,JPEG,auto,4284.0,347,4,547.9604614807104,7.7194981898178545,24,12,5,15,13,0,0.25
CBMI,CBMI_Captured_CSU488_6,CBMI_Captured_CSU488_6_h384_w640,REF,5,,678,28,1166.0163773909258,4.825949722543889,62,19,5,26,73,0,1.0
CBMI,CBMI_Captured_CSU488_6,CBMI_Captured_CSU488_6_h384_w640,REF,auto,,678,19,1140.9453095790604,4.8773167217988105,55,20,5,26,73,0,1.0
CBMI,CBMI_Captured_CSU488_6,CBMI_Captured_CSU488_6_h384_w640,SEG,5,,678,24,1074.3178925810907,5.099869007485131,44,11,3,17,59,0,0.5333333333333333
CBMI,CBMI_Captured_CSU488_6,CBMI_Captured_CSU488_6_h384_w640,SEG,auto,,678,23,1073.3178925810907,5.099901965028334,43,11,3,17,59,0,0.5161290322580645
CBMI,CBMI_Captured_CSU488_6,CBMI_Captured_CSU488_6_h384_w640,GRAPH7,5,7227.0,678,24,1075.25,5.088961003870674,44,11,3,15,59,0,0.5333333333333333
CBMI,CBMI_Captured_CSU488_6,CBMI_Captured_CSU488_6_h384_w640,GRAPH7,auto,7227.0,678,23,1074.25,5.089276536571508,43,11,3,15,59,0,0.5161290322580645
CBMI,CBMI_Captured_CSU488_6,CBMI_Captured_CSU488_6_h384_w640,JPEG,5,7102.0,678,23,1107.217387517703,5.080144355530279,42,11,3,15,55,0,0.4666666666666667
CBMI,CBMI_Captured_CSU488_6,CBMI_Captured_CSU488_6_h384_w640,JPEG,auto,7102.0,678,22,1103.8031739553296,5.0796561080485345,41,11,3,15,55,0,0.45161290322580644
CBMI,CBMI_Captured_CSU488_6,CBMI_Captured_CSU488_6_h384_w896,REF,5,,932,44,1537.131167804187,6.3124408793665845,76,16,2,26,110,0,1.0
CBMI,CBMI_Captured_CSU488_6,CBMI_Captured_CSU488_6_h384_w896,REF,auto,,932,34,1485.2611101190985,6.342191417342874,60,13,2,26,110,0,1.0
CBMI,CBMI_Captured_CSU488_6,CBMI_Captured_CSU488_6_h384_w896,SEG,5,,932,39,1471.846896556725,5.738326115533033,59,10,0,16,94,0,0.38461538461538464
CBMI,CBMI_Captured_CSU488_6,CBMI_Captured_CSU488_6_h384_w896,SEG,auto,,932,36,1466.6042558696058,5.739718687227819,56,10,0,16,94,0,0.4347826086956522
CBMI,CBMI_Captured_CSU488_6,CBMI_Captured_CSU488_6_h384_w896,GRAPH7,5,10116.0,932,39,1472.0,5.74481681379182,59,10,0,16,94,0,0.38461538461538464
CBMI,CBMI_Captured_CSU488_6,CBMI_Captured_CSU488_6_h384_w896,GRAPH7,auto,10116.0,932,36,1455.25,5.750855763546854,52,8,0,16,94,0,0.4761904761904762
CBMI,CBMI_Captured_CSU488_6,CBMI_Captured_CSU488_6_h384_w896,JPEG,5,9728.0,932,38,1464.432682994352,5.722843659377311,58,10,0,16,92,0,0.4615384615384615
CBMI,CBMI_Captured_CSU488_6,CBMI_Captured_CSU488_6_h384_w896,JPEG,auto,9728.0,932,36,1458.6042558696056,5.726182396396954,56,10,0,16,92,0,0.4347826086956522
CBMI,CBMI_cell7_1,CBMI_cell7_1_h139_w249,REF,5,,440,20,763.0803025278549,6.031833563622364,29,6,4,9,41,0,1.0
CBMI,CBMI_cell7_1,CBMI_cell7_1_h139_w249,REF,auto,,440,17,742.0092347159896,6.0083464415486505,23,4,4,9,41,0,1.0
CBMI,CBMI_cell7_1,CBMI_cell7_1_h139_w249,SEG,5,,440,19,723.6244584051391,7.181203038976908,23,3,4,7,37,0,0.2222222222222222
CBMI,CBMI_cell7_1,CBMI_cell7_1_h139_w249,SEG,auto,,440,17,713.3818177180198,7.149028464435472,21,3,4,7,37,0,0.28571428571428575
CBMI,CBMI_cell7_1,CBMI_cell7_1_h139_w249,GRAPH7,5,6522.0,440,19,724.5,7.177662934149172,23,3,4,6,37,0,0.2222222222222222
CBMI,CBMI_cell7_1,CBMI_cell7_1_h139_w249,GRAPH7,auto,6522.0,440,17,714.25,7.144598244019706,21,3,4,6,37,0,0.28571428571428575
CBMI,CBMI_cell7_1,CBMI_cell7_1_h139_w249,JPEG,5,6518.0,440,19,751.494516090228,6.779669621015839,26,5,6,8,34,1,0.1818181818181818
CBMI,CBMI_cell7_1,CBMI_cell7_1_h139_w249,JPEG,auto,6518.0,440,18,745.494516090228,6.74351609660512,25,5,6,8,34,1,0.22222222222222224
CBMI,CBMI_cell7_1,CBMI_cell7_1_h141_w570,REF,5,,355,11,418.303607231218,6.724912543424384,18,4,3,6,22,1,1.0
CBMI,CBMI_cell7_1,CBMI_cell7_1_h141_w570,REF,auto,,355,8,401.1614716074871,6.787357654335685,13,3,2,6,22,1,1.0
CBMI,CBMI_cell7_1,CBMI_cell7_1_h141_w570,SEG,5,,355,13,525.5584412271571,7.296216789290217,23,5,2,6,28,2,0.4444444444444445
CBMI,CBMI_cell7_1,CBMI_cell7_1_h141_w570,SEG,auto,,355,9,486.17366491630685,7.285058757831124,15,3,2,6,28,2,0.3333333333333333
CBMI,CBMI_cell7_1,CBMI_cell7_1_h141_w570,GRAPH7,5,4822.0,355,13,525.75,7.3276212120454485,23,5,2,6,28,2,0.4444444444444445
CBMI,CBMI_cell7_1,CBMI_cell7_1_h141_w570,GRAPH7,auto,4822.0,355,9,486.25,7.3069160510070414,15,3,2,6,28,2,0.3333333333333333
CBMI,CBMI_cell7_1,CBMI_cell7_1_h141_w570,JPEG,5,4727.0,355,13,528.9726547895301,7.042339421505797,23,5,2,7,29,2,0.4444444444444445
CBMI,CBMI_cell7_1,CBMI_cell7_1_h141_w570,JPEG,auto,4727.0,355,10,503.0731598529185,7.052262064944131,16,3,2,7,29,2,0.3333333333333333
CBMI,CBMI_mito1_12,CBMI_mito1_12_h384_w128,REF,5,,538,21,944.3107499061545,4.8134681249297415,52,17,4,21,55,0,1.0
CBMI,CBMI_mito1_12,CBMI_mito1_12_h384_w128,REF,auto,,538,19,938.4823227814082,4.818268611379795,50,17,4,21,55,0,1.0
CBMI,CBMI_mito1_12,CBMI_mito1_12_h384_w128,SEG,5,,538,25,969.1269837220807,5.1278521254124545,29,2,0,3,53,0,0.10526315789473684
CBMI,CBMI_mito1_12,CBMI_mito1_12_h384_w128,SEG,auto,,538,25,969.1269837220807,5.1278521254124545,29,2,0,3,53,0,0.10526315789473684
CBMI,CBMI_mito1_12,CBMI_mito1_12_h384_w128,GRAPH7,5,6636.0,538,25,969.25,5.121987104168515,29,2,0,3,53,0,0.10526315789473684
CBMI,CBMI_mito1_12,CBMI_mito1_12_h384_w128,GRAPH7,auto,6636.0,538,25,969.25,5.121987104168515,29,2,0,3,53,0,0.10526315789473684
CBMI,CBMI_mito1_12,CBMI_mito1_12_h384_w128,JPEG,5,6607.0,538,25,981.8843430349616,5.099611925666312,29,2,0,3,53,0,0.10526315789473684
CBMI,CBMI_mito1_12,CBMI_mito1_12_h384_w128,JPEG,auto,6607.0,538,25,981.8843430349616,5.099611925666312,29,2,0,3,53,0,0.10526315789473684
CBMI,CBMI_mito1_12,CBMI_mito1_12_h896_w128,REF,5,,630,25,971.9575028878799,5.017741596512649,47,12,3,16,60,0,1.0
CBMI,CBMI_mito1_12,CBMI_mito1_12_h896_w128,REF,auto,,630,21,958.3006486383877,5.0257136422019,43,12,3,16,60,0,1.0
CBMI,CBMI_mito1_12,CBMI_mito1_12_h896_w128,SEG,5,,630,30,1087.0945878777277,6.007276985066829,38,5,3,9,63,0,0.11764705882352941
CBMI,CBMI_mito1_12,CBMI_mito1_12_h896_w128,SEG,auto,,630,25,1060.1950929411162,6.000899696453346,31,4,2,9,63,0,0.125
CBMI,CBMI_mito1_12,CBMI_mito1_12_h896_w128,GRAPH7,5,7412.0,630,30,1088.25,5.982593559281879,38,5,3,8,63,0,0.11764705882352941
CBMI,CBMI_mito1_12,CBMI_mito1_12_h896_w128,GRAPH7,auto,7412.0,630,25,1061.0,5.974320096068755,31,4,2,8,63,0,0.125
CBMI,CBMI_mito1_12,CBMI_mito1_12_h896_w128,JPEG,5,7228.0,630,31,1091.5088014401008,5.995684546404161,39,5,2,7,65,0,0.11764705882352941
CBMI,CBMI_mito1_12,CBMI_mito1_12_h896_w128,JPEG,auto,7228.0,630,26,1066.8519471906084,5.990027368630348,32,4,2,7,65,0,0.125
CBMI,CBMI_cell7,CBMI_cell7_h141_w151,REF,5,,816,24,1145.016377390926,5.491403806716481,47,13,3,15,57,0,1.0
CBMI,CBMI_cell7,CBMI_cell7_h141_w151,REF,auto,,816,23,1141.1879502661798,5.491169114012892,46,13,3,15,57,0,1.0
CBMI,CBMI_cell7,CBMI_cell7_h141_w151,SEG,5,,816,12,1396.4844148224615,6.952473913311617,52,22,4,26,42,0,0.5142857142857142
CBMI,CBMI_cell7,CBMI_cell7_h141_w151,SEG,auto,,816,11,1378.413347010596,6.945978563487638,47,20,4,26,42,0,0.4848484848484849
CBMI,CBMI_cell7,CBMI_cell7_h141_w151,GRAPH7,5,9875.0,816,12,1396.75,6.964059802614435,52,22,4,26,42,0,0.5142857142857142
CBMI,CBMI_cell7,CBMI_cell7_h141_w151,GRAPH7,auto,9875.0,816,11,1378.75,6.960345783423048,47,20,4,26,42,0,0.4848484848484849
CBMI,CBMI_cell7,CBMI_cell7_h141_w151,JPEG,5,9784.0,816,13,1395.6559876977153,6.924505840573929,55,23,4,26,44,0,0.6666666666666667
CBMI,CBMI_cell7,CBMI_cell7_h141_w151,JPEG,auto,9784.0,816,12,1359.8569978244918,6.902943861868498,46,19,4,26,44,0,0.625
CBMI,CBMI_cell7,CBMI_cell7_h387_w157,REF,5,,310,8,628.8305191657992,5.646646313829886,17,6,3,7,17,0,1.0
CBMI,CBMI_cell7,CBMI_cell7_h387_w157,REF,auto,,310,7,626.002092041053,5.651148128063784,16,6,3,7,17,0,1.0
CBMI,CBMI_cell7,CBMI_cell7_h387_w157,SEG,5,,310,8,645.4163056034263,6.745578795063633,14,4,3,4,14,1,0.8
CBMI,CBMI_cell7,CBMI_cell7_h387_w157,SEG,auto,,310,7,640.5878784786801,6.748758104442903,13,4,3,4,14,1,0.8
CBMI,CBMI_cell7,CBMI_cell7_h387_w157,GRAPH7,5,4841.0,310,8,645.5,6.713025510731642,14,4,3,4,14,1,0.8
CBMI,CBMI_cell7,CBMI_cell7_h387_w157,GRAPH7,auto,4841.0,310,7,640.75,6.717030705982201,13,4,3,4,14,1,0.8
CBMI,CBMI_cell7,CBMI_cell7_h387_w157,JPEG,5,4747.0,310,8,643.416305603426,6.468577998375849,14,4,3,4,14,1,0.8
CBMI,CBMI_cell7,CBMI_cell7_h387_w157,JPEG,auto,4747.0,310,6,639.0020920410531,6.47058412316205,12,4,3,4,14,1,0.8
CBMI,CBMI_cell10_1,CBMI_cell10_1_h141_w145,REF,5,,598,11,902.465078838705,7.135321944206757,27,9,3,12,28,1,1.0
CBMI,CBMI_cell10_1,CBMI_cell10_1_h141_w145,REF,auto,,598,10,889.8082245892126,7.129321580152843,24,8,3,12,28,1,1.0
CBMI,CBMI_cell10_1,CBMI_cell10_1_h141_w145,SEG,5,,598,9,1066.2051942088829,7.380100534800029,39,17,4,19,29,0,0.6153846153846153
CBMI,CBMI_cell10_1,CBMI_cell10_1_h141_w145,SEG,auto,,598,5,1045.305699272271,7.390257486994168,33,16,4,19,29,0,0.5833333333333334
CBMI,CBMI_cell10_1,CBMI_cell10_1_h141_w145,GRAPH7,5,8105.0,598,9,1066.5,7.385992742678882,39,17,4,19,29,0,0.6153846153846153
CBMI,CBMI_cell10_1,CBMI_cell10_1_h141_w145,GRAPH7,auto,8105.0,598,5,1045.75,7.393412632146334,33,16,4,19,29,0,0.5833333333333334
CBMI,CBMI_cell10_1,CBMI_cell10_1_h141_w145,JPEG,5,8055.0,598,8,1062.1046891454944,7.342033510399354,40,18,5,19,25,0,0.5925925925925926
CBMI,CBMI_cell10_1,CBMI_cell10_1_h141_w145,JPEG,auto,8055.0,598,5,1043.6194077712557,7.349111542283778,35,17,5,19,25,0,0.56
CBMI,CBMI_cell10_1,CBMI_cell10_1_h154_w394,REF,5,,778,23,1211.5260453828039,6.597536543859066,49,14,2,18,60,0,1.0
CBMI,CBMI_cell10_1,CBMI_cell10_1_h154_w394,REF,auto,,778,21,1191.0407640085652,6.577804583494516,45,13,2,18,60,0,1.0
CBMI,CBMI_cell10_1,CBMI_cell10_1_h154_w394,SEG,5,,778,22,1421.6509370638319,7.54934411301228,49,15,3,15,53,0,0.6206896551724138
CBMI,CBMI_cell10_1,CBMI_cell10_1_h154_w394,SEG,auto,,778,19,1385.6803743153546,7.5330411901846706,41,12,3,15,53,0,0.5599999999999999
CBMI,CBMI_cell10_1,CBMI_cell10_1_h154_w394,GRAPH7,5,9534.0,778,22,1422.5,7.5710323732235985,49,15,3,15,53,0,0.6206896551724138
CBMI,CBMI_cell10_1,CBMI_cell10_1_h154_w394,GRAPH7,auto,9534.0,778,19,1386.5,7.557319155132626,41,12,3,15,53,0,0.5599999999999999
CBMI,CBMI_cell10_1,CBMI_cell10_1_h154_w394,JPEG,5,9261.0,778,22,1428.479364188578,7.428710686132684,49,15,3,18,56,0,0.6206896551724138
CBMI,CBMI_cell10_1,CBMI_cell10_1_h154_w394,JPEG,auto,9261.0,778,19,1384.8519471906086,7.41810592131308,41,12,3,18,56,0,0.5599999999999999
CBMI,CBMI_mito1_12,CBMI_mito1_12_h896_w384,REF,5,,929,20,1912.8195513462551,4.72086490037498,68,25,3,43,77,0,1.0
CBMI,CBMI_mito1_12,CBMI_mito1_12_h896_w384,REF,auto,,929,19,1909.8195513462551,4.718855597822721,67,25,3,43,77,0,1.0
CBMI,CBMI_mito1_12,CBMI_mito1_12_h896_w384,SEG,5,,929,21,1672.5230867899736,6.031272144999775,61,21,2,25,63,0,0.391304347826087
CBMI,CBMI_mito1_12,CBMI_mito1_12_h896_w384,SEG,auto,,929,20,1655.452018978108,6.027723477541599,56,19,2,25,63,0,0.40909090909090906
CBMI,CBMI_mito1_12,CBMI_mito1_12_h896_w384,GRAPH7,5,10000.0,929,21,1672.75,6.04966135427816,61,21,2,25,63,0,0.391304347826087
CBMI,CBMI_mito1_12,CBMI_mito1_12_h896_w384,GRAPH7,auto,10000.0,929,20,1655.75,6.043376735841035,56,19,2,25,63,0,0.40909090909090906
CBMI,CBMI_mito1_12,CBMI_mito1_12_h896_w384,JPEG,5,9633.0,929,22,1689.765727477093,6.016721757588831,62,21,2,25,65,0,0.391304347826087
CBMI,CBMI_mito1_12,CBMI_mito1_12_h896_w384,JPEG,auto,9633.0,929,20,1667.4520189781078,6.018648222872382,56,19,2,25,65,0,0.40909090909090906
CBMI,CBMI_mito1_12,CBMI_mito1_12_h896_w640,REF,5,,582,16,1061.1168824543142,5.721675005777272,41,13,1,22,52,0,1.0
CBMI,CBMI_mito1_12,CBMI_mito1_12_h896_w640,REF,auto,,582,15,1057.7026688919411,5.728177935529665,40,13,1,22,52,0,1.0
CBMI,CBMI_mito1_12,CBMI_mito1_12_h896_w640,SEG,5,,582,15,1001.5605332682102,5.926509043237508,41,13,0,13,43,0,0.46153846153846156
CBMI,CBMI_mito1_12,CBMI_mito1_12_h896_w640,SEG,auto,,582,13,996.732106143464,5.927507177899149,39,13,0,13,43,0,0.46153846153846156
CBMI,CBMI_mito1_12,CBMI_mito1_12_h896_w640,GRAPH7,5,7173.0,582,15,1001.0,5.920429912288653,41,13,0,13,43,0,0.46153846153846156
CBMI,CBMI_mito1_12,CBMI_mito1_12_h896_w640,GRAPH7,auto,7173.0,582,13,996.0,5.92178749216962,39,13,0,13,43,0,0.46153846153846156
CBMI,CBMI_mito1_12,CBMI_mito1_12_h896_w640,JPEG,5,7154.0,582,15,999.4894654563446,5.933265842367348,41,13,0,14,44,0,0.46153846153846156
CBMI,CBMI_mito1_12,CBMI_mito1_12_h896_w640,JPEG,auto,7154.0,582,13,989.2468247692252,5.916195220582201,37,12,0,14,44,0,0.4
CBMI,CBMI_cell5,CBMI_cell5_h398_w400,REF,5,,478,13,657.6589462905455,6.543933328387909,26,8,4,11,29,0,1.0
CBMI,CBMI_cell5,CBMI_cell5_h398_w400,REF,auto,,478,12,641.5878784786801,6.482653381932333,22,6,4,11,29,0,1.0
CBMI,CBMI_cell5,CBMI_cell5_h398_w400,SEG,5,,478,10,760.7005768508881,8.472917780269404,32,12,2,12,28,0,0.6
CBMI,CBMI_cell5,CBMI_cell5_h398_w400,SEG,auto,,478,9,740.0437226013956,8.42222320094688,28,10,2,12,28,0,0.625
CBMI,CBMI_cell5,CBMI_cell5_h398_w400,GRAPH7,5,6210.0,478,10,760.25,8.459889642660725,32,12,2,12,28,0,0.6
CBMI,CBMI_cell5,CBMI_cell5_h398_w400,GRAPH7,auto,6210.0,478,9,748.0,8.437591712343337,30,11,2,12,28,0,0.5882352941176471
CBMI,CBMI_cell5,CBMI_cell5_h398_w400,JPEG,5,6135.0,478,10,748.700576850888,8.37432772124811,31,12,4,14,26,0,0.5
CBMI,CBMI_cell5,CBMI_cell5_h398_w400,JPEG,auto,6135.0,478,8,738.2152954766495,8.370682657889635,27,11,4,14,26,0,0.5882352941176471
CBMI,CBMI_cell5,CBMI_cell5_h447_w179,REF,5,,722,25,1249.2245301926384,6.328429406865061,41,11,6,12,50,0,1.0
CBMI,CBMI_cell5,CBMI_cell5_h447_w179,REF,auto,,722,23,1230.910821693654,6.317769323669782,37,10,6,12,50,0,1.0
CBMI,CBMI_cell5,CBMI_cell5_h447_w179,SEG,5,,722,16,1413.7220048756972,7.953617838247262,40,15,7,17,35,0,0.5384615384615385
CBMI,CBMI_cell5,CBMI_cell5_h447_w179,SEG,auto,,722,16,1413.7220048756972,7.953617838247262,40,15,7,17,35,0,0.56
CBMI,CBMI_cell5,CBMI_cell5_h447_w179,GRAPH7,5,10601.0,722,16,1415.25,7.922587958436155,40,15,7,16,35,0,0.5384615384615385
CBMI,CBMI_cell5,CBMI_cell5_h447_w179,GRAPH7,auto,10601.0,722,16,1415.25,7.922587958436155,40,15,7,16,35,0,0.56
CBMI,CBMI_cell5,CBMI_cell5_h447_w179,JPEG,5,10452.0,722,17,1410.4793641885778,7.932718315199585,39,14,6,15,37,0,0.56
CBMI,CBMI_cell5,CBMI_cell5_h447_w179,JPEG,auto,10452.0,722,17,1402.6509370638316,7.942143185219692,39,14,6,15,37,0,0.5833333333333334
CBMI,CBMI_mito1_218,CBMI_mito1_218_h384_w128,REF,5,,519,32,1052.933116270241,7.821200982086601,70,19,0,26,90,0,1.0
CBMI,CBMI_mito1_218,CBMI_mito1_218_h384_w128,REF,auto,,519,23,937.9797974644666,7.885795995098739,43,10,0,26,90,0,1.0
CBMI,CBMI_mito1_218,CBMI_mito1_218_h384_w128,SEG,5,,519,23,662.3279938488574,6.574589668832935,35,6,0,10,56,0,0.23999999999999996
CBMI,CBMI_mito1_218,CBMI_mito1_218_h384_w128,SEG,auto,,519,19,631.1858582251266,6.57735970192116,29,5,0,10,56,0,0.26666666666666666
CBMI,CBMI_mito1_218,CBMI_mito1_218_h384_w128,GRAPH7,5,5740.0,519,23,662.5,6.525211893757732,35,6,0,10,56,0,0.23999999999999996
CBMI,CBMI_mito1_218,CBMI_mito1_218_h384_w128,GRAPH7,auto,5740.0,519,19,631.25,6.5338196823918455,29,5,0,10,56,0,0.26666666666666666
CBMI,CBMI_mito1_218,CBMI_mito1_218_h384_w128,JPEG,5,5699.0,519,26,702.8843430349616,6.533431933636433,40,7,0,11,63,0,0.3076923076923077
CBMI,CBMI_mito1_218,CBMI_mito1_218_h384_w128,JPEG,auto,5699.0,519,22,658.6711395993652,6.531504209642138,32,5,0,11,63,0,0.26666666666666666
CBMI,CBMI_mito1_218,CBMI_mito1_218_h384_w384,REF,5,,551,18,722.2102448427661,7.318513994381275,30,6,0,12,48,0,1.0
CBMI,CBMI_mito1_218,CBMI_mito1_218_h384_w384,REF,auto,,551,14,682.653895656662,7.2673302332678364,24,5,0,12,48,0,1.0
CBMI,CBMI_mito1_218,CBMI_mito1_218_h384_w384,SEG,5,,551,25,733.4528855298854,5.736408652804007,43,9,2,15,61,0,0.6666666666666667
CBMI,CBMI_mito1_218,CBMI_mito1_218_h384_w384,SEG,auto,,551,19,693.4823227814084,5.7166716693032935,31,6,2,15,61,0,0.7272727272727272
CBMI,CBMI_mito1_218,CBMI_mito1_218_h384_w384,GRAPH7,5,5309.0,551,25,734.75,5.722843283776,43,9,2,13,61,0,0.6666666666666667
CBMI,CBMI_mito1_218,CBMI_mito1_218_h384_w384,GRAPH7,auto,5309.0,551,19,694.25,5.703659765355803,31,6,2,13,61,0,0.7272727272727272
CBMI,CBMI_mito1_218,CBMI_mito1_218_h384_w384,JPEG,5,4974.0,551,25,710.5533905932737,5.757391787742606,39,7,1,13,61,0,0.7692307692307692
CBMI,CBMI_mito1_218,CBMI_mito1_218_h384_w384,JPEG,auto,4974.0,551,19,675.1686142824235,5.7240589022095785,29,5,1,13,61,0,0.8000000000000002
CBMI,CBMI_mito1,CBMI_mito1_h714_w709,REF,5,,648,38,541.3574311003805,4.988171907626255,44,3,0,6,82,0,1.0
CBMI,CBMI_mito1,CBMI_mito1_h714_w709,REF,auto,,648,29,515.8010819142764,4.988559906426455,35,3,0,6,82,0,1.0
CBMI,CBMI_mito1,CBMI_mito1_h714_w709,SEG,5,,648,15,968.9919907732866,7.3261250901977455,49,18,3,21,45,0,0.1904761904761905
CBMI,CBMI_mito1,CBMI_mito1_h714_w709,SEG,auto,,648,13,939.8498551495555,7.316325141787633,41,15,3,21,45,0,0.1111111111111111
CBMI,CBMI_mito1,CBMI_mito1_h714_w709,GRAPH7,5,7532.0,648,15,970.25,7.2946837230099275,49,18,3,20,45,0,0.1904761904761905
CBMI,CBMI_mito1,CBMI_mito1_h714_w709,GRAPH7,auto,7532.0,648,13,941.0,7.293758966122683,41,15,3,20,45,0,0.1111111111111111
CBMI,CBMI_mito1,CBMI_mito1_h714_w709,JPEG,5,7397.0,648,15,982.2346314604059,7.251200107329817,47,17,3,23,47,0,0.2
CBMI,CBMI_mito1,CBMI_mito1_h714_w709,JPEG,auto,7397.0,648,14,961.5777772109134,7.228038733204482,40,14,3,23,47,0,0.11764705882352941
CBMI,CBMI_mito2,CBMI_mito2_h283_w431,REF,5,,305,16,359.50461735799473,4.869953885392302,18,1,0,1,33,0,1.0
CBMI,CBMI_mito2,CBMI_mito2_h283_w431,REF,auto,,305,11,345.84776310850236,4.865752239345029,13,1,0,1,33,0,1.0
CBMI,CBMI_mito2,CBMI_mito2_h283_w431,SEG,5,,305,9,446.13203435596427,6.605890766618611,16,4,1,7,23,0,0.0
CBMI,CBMI_mito2,CBMI_mito2_h283_w431,SEG,auto,,305,6,435.4751801064719,6.579392542397351,13,4,1,7,23,0,0.0
CBMI,CBMI_mito2,CBMI_mito2_h283_w431,GRAPH7,5,3766.0,305,9,446.75,6.606165681372479,16,4,1,7,23,0,0.0
CBMI,CBMI_mito2,CBMI_mito2_h283_w431,GRAPH7,auto,3766.0,305,6,436.0,6.580382227163023,13,4,1,7,23,0,0.0
CBMI,CBMI_mito2,CBMI_mito2_h283_w431,JPEG,5,3735.0,305,9,436.7888886054566,6.516044219964099,15,3,0,6,24,0,0.0
CBMI,CBMI_mito2,CBMI_mito2_h283_w431,JPEG,auto,3735.0,305,6,427.5462479183373,6.501100210652594,12,3,0,6,24,0,0.0
CBMI,CBMI_mito1,CBMI_mito1_h287_w632,REF,5,,381,17,349.46298679765215,6.549520000464877,26,5,2,7,37,1,1.0
CBMI,CBMI_mito1,CBMI_mito1_h287_w632,REF,auto,,381,15,314.90663761154804,6.365140632511345,18,2,2,7,37,1,1.0
CBMI,CBMI_mito1,CBMI_mito1_h287_w632,SEG,5,,381,11,567.144227664784,8.236522445569426,26,8,1,9,29,0,0.4615384615384615
CBMI,CBMI_mito1,CBMI_mito1_h287_w632,SEG,auto,,381,10,537.7594513539339,8.207855793822887,21,6,1,9,29,0,0.5
CBMI,CBMI_mito1,CBMI_mito1_h287_w632,GRAPH7,5,5207.0,381,11,567.0,8.231608140141189,26,8,1,9,29,0,0.4615384615384615
CBMI,CBMI_mito1,CBMI_mito1_h287_w632,GRAPH7,auto,5207.0,381,10,546.0,8.20758726885236,21,6,1,9,29,0,0.5
CBMI,CBMI_mito1,CBMI_mito1_h287_w632,JPEG,5,5065.0,381,12,547.4873734152916,8.23587564861698,21,5,1,6,28,0,0.6
CBMI,CBMI_mito1,CBMI_mito1_h287_w632,JPEG,auto,5065.0,381,11,544.4873734152916,8.234431228749747,20,5,1,6,28,0,0.5714285714285715
CBMI,CBMI_mito1,CBMI_mito1_h568_w439,REF,5,,544,26,612.4701294725884,5.404243592880886,33,4,2,10,58,0,1.0
CBMI,CBMI_mito1,CBMI_mito1_h568_w439,REF,auto,,544,19,587.1564209736039,5.30507325257517,22,2,2,10,58,0,1.0
CBMI,CBMI_mito1,CBMI_mito1_h568_w439,SEG,5,,544,16,827.8376618407356,6.751543122791136,34,10,3,16,42,0,0.28571428571428575
CBMI,CBMI_mito1,CBMI_mito1_h568_w439,SEG,auto,,544,13,809.352380466497,6.741230461762045,29,9,3,16,42,0,0.1818181818181818
CBMI,CBMI_mito1,CBMI_mito1_h568_w439,GRAPH7,5,7219.0,544,16,828.5,6.732458551386697,34,10,3,15,42,0,0.28571428571428575
CBMI,CBMI_mito1,CBMI_mito1_h568_w439,GRAPH7,auto,7219.0,544,13,810.0,6.718908278779767,29,9,3,15,42,0,0.1818181818181818
CBMI,CBMI_mito1,CBMI_mito1_h568_w439,JPEG,5,6941.0,544,16,839.0803025278549,6.770767407246861,38,12,4,18,42,0,0.25
CBMI,CBMI_mito1,CBMI_mito1_h568_w439,JPEG,auto,6941.0,544,14,826.4234482783626,6.780176259508603,34,11,4,18,42,0,0.15384615384615385
CBMI,CBMI_mito5,CBMI_mito5_h509_w353,REF,5,,471,18,765.39401102684,4.83227374193681,22,2,1,6,40,0,1.0
CBMI,CBMI_mito5,CBMI_mito5_h509_w353,REF,auto,,471,15,759.1513703397206,4.833942254970099,19,2,1,6,40,0,1.0
CBMI,CBMI_mito5,CBMI_mito5_h509_w353,SEG,5,,471,14,817.6660889654815,6.757764711134113,26,7,2,9,33,0,0.4444444444444445
CBMI,CBMI_mito5,CBMI_mito5_h509_w353,SEG,auto,,471,11,804.3523804664967,6.748327867107884,22,6,2,9,33,0,0.5
CBMI,CBMI_mito5,CBMI_mito5_h509_w353,GRAPH7,5,6279.0,471,14,817.25,6.780039728900069,26,7,2,9,33,0,0.4444444444444445
CBMI,CBMI_mito5,CBMI_mito5_h509_w353,GRAPH7,auto,6279.0,471,11,804.0,6.771906055278086,22,6,2,9,33,0,0.5
CBMI,CBMI_mito5,CBMI_mito5_h509_w353,JPEG,5,6196.0,471,14,857.4650788387049,6.644473224234278,28,8,3,11,33,1,0.4
CBMI,CBMI_mito5,CBMI_mito5_h509_w353,JPEG,auto,6196.0,471,12,838.737156777347,6.643934784954697,23,6,3,11,33,1,0.5
CBMI,CBMI_mito5,CBMI_mito5_h613_w762,REF,5,,422,17,631.1269837220809,4.778678150460193,24,4,1,9,41,0,1.0
CBMI,CBMI_mito5,CBMI_mito5_h613_w762,REF,auto,,422,17,635.9554108468271,4.765789754974644,26,5,1,9,41,0,1.0
CBMI,CBMI_mito5,CBMI_mito5_h613_w762,SEG,5,,422,11,713.2691193458119,7.037604356952284,18,4,1,9,29,0,0.5
CBMI,CBMI_mito5,CBMI_mito5_h613_w762,SEG,auto,,422,9,698.6122650963196,6.979250129005503,14,3,1,9,29,0,0.5
CBMI,CBMI_mito5,CBMI_mito5_h613_w762,GRAPH7,5,5835.0,422,11,713.25,7.030672021677248,18,4,1,9,29,0,0.5
CBMI,CBMI_mito5,CBMI_mito5_h613_w762,GRAPH7,auto,5835.0,422,9,698.5,6.973159369307512,14,3,1,9,29,0,0.5
CBMI,CBMI_mito5,CBMI_mito5_h613_w762,JPEG,5,5817.0,422,11,720.0264786586927,6.825292279756346,21,6,3,11,27,0,0.4
CBMI,CBMI_mito5,CBMI_mito5_h613_w762,JPEG,auto,5817.0,422,9,706.9554108468271,6.814016273825318,17,5,3,11,27,0,0.4000000000000001
CBMI,CBMI_mito6,CBMI_mito6_h617_w713,REF,5,,514,22,585.0437226013956,7.421102068539754,35,7,1,14,56,0,1.0
CBMI,CBMI_mito6,CBMI_mito6_h617_w713,REF,auto,,514,16,538.4873734152917,7.600454709437392,27,6,1,14,56,0,1.0
CBMI,CBMI_mito6,CBMI_mito6_h617_w713,SEG,5,,514,15,749.653895656662,7.910342713861694,34,10,1,13,41,0,0.3529411764705882
CBMI,CBMI_mito6,CBMI_mito6_h617_w713,SEG,auto,,514,12,721.9259735953043,7.9242951057244015,27,8,1,13,41,0,0.28571428571428575
CBMI,CBMI_mito6,CBMI_mito6_h617_w713,GRAPH7,5,6051.0,514,15,750.25,7.867482789972119,34,10,1,13,41,0,0.3529411764705882
CBMI,CBMI_mito6,CBMI_mito6_h617_w713,GRAPH7,auto,6051.0,514,12,722.25,7.87681411760631,27,8,1,13,41,0,0.28571428571428575
CBMI,CBMI_mito6,CBMI_mito6_h617_w713,JPEG,5,6041.0,514,15,739.5828278447966,7.925443197102367,34,10,1,14,42,0,0.3529411764705882
CBMI,CBMI_mito6,CBMI_mito6_h617_w713,JPEG,auto,6041.0,514,11,723.2691193458118,7.944921917601475,30,10,1,14,42,0,0.37499999999999994
CBMI,CBMI_mito6,CBMI_mito6_h702_w480,REF,5,,418,22,576.4995667241114,6.5478391378367435,35,8,4,21,57,0,1.0
CBMI,CBMI_mito6,CBMI_mito6_h702_w480,REF,auto,,418,17,538.1147904132612,6.464344894226494,26,6,3,21,57,0,1.0
CBMI,CBMI_mito6,CBMI_mito6_h702_w480,SEG,5,,418,17,580.98484809835,7.470214265322035,27,6,2,7,37,0,0.5714285714285715
CBMI,CBMI_mito6,CBMI_mito6_h702_w480,SEG,auto,,418,13,556.6000717874997,7.451743522018518,19,4,2,7,37,0,0.6
CBMI,CBMI_mito6,CBMI_mito6_h702_w480,GRAPH7,5,5479.0,418,17,581.5,7.422248602917904,27,6,2,7,37,0,0.5714285714285715
CBMI,CBMI_mito6,CBMI_mito6_h702_w480,GRAPH7,auto,5479.0,418,13,557.0,7.392347509150377,19,4,2,7,37,0,0.6
CBMI,CBMI_mito6,CBMI_mito6_h702_w480,JPEG,5,5246.0,418,18,585.9137802864844,7.398649195241669,26,5,2,6,38,0,0.6153846153846154
CBMI,CBMI_mito6,CBMI_mito6_h702_w480,JPEG,auto,5246.0,418,13,551.8721497261419,7.415556478492983,17,3,2,6,38,0,0.6666666666666666
CBMI,CBMI_mito2,CBMI_mito2_h423_w724,REF,5,,733,31,886.335136523794,6.167646710308735,58,14,3,21,77,1,1.0
CBMI,CBMI_mito2,CBMI_mito2_h423_w724,REF,auto,,733,22,839.8792924010781,6.153915930028064,45,12,3,21,77,1,1.0
CBMI,CBMI_mito2,CBMI_mito2_h423_w724,SEG,5,,733,16,1061.033621333629,7.959043083752031,61,24,4,30,54,0,0.4210526315789474
CBMI,CBMI_mito2,CBMI_mito2_h423_w724,SEG,auto,,733,10,938.636651713959,7.927627867873481,34,14,4,30,54,0,0.23076923076923075
CBMI,CBMI_mito2,CBMI_mito2_h423_w724,GRAPH7,5,7965.0,733,16,1062.25,7.972544093365794,61,24,4,29,54,0,0.4210526315789474
CBMI,CBMI_mito2,CBMI_mito2_h423_w724,GRAPH7,auto,7965.0,733,10,939.25,7.942739143437606,34,14,4,29,54,0,0.23076923076923075
CBMI,CBMI_mito2,CBMI_mito2_h423_w724,JPEG,5,7772.0,733,17,1054.5483399593907,7.9324946209867715,60,23,3,29,57,0,0.4324324324324324
CBMI,CBMI_mito2,CBMI_mito2_h423_w724,JPEG,auto,7772.0,733,10,938.2935059634513,7.919631279563067,35,14,3,29,57,0,0.23076923076923075
CBMI,CBMI_mito4,CBMI_mito4_h562_w734,REF,5,,1008,23,1358.8103166302656,5.290208079569472,69,24,3,31,71,0,1.0
CBMI,CBMI_mito4,CBMI_mito4_h562_w734,REF,auto,,1008,20,1347.3250352560274,5.305330452998528,64,23,3,31,71,0,1.0
CBMI,CBMI_mito4,CBMI_mito4_h562_w734,SEG,5,,1008,22,1529.3250352560276,7.301419946933082,84,33,5,39,73,0,0.4912280701754386
CBMI,CBMI_mito4,CBMI_mito4_h562_w734,SEG,auto,,1008,20,1483.526045382804,7.291898461177879,70,27,5,39,73,0,0.52
CBMI,CBMI_mito4,CBMI_mito4_h562_w734,GRAPH7,5,10204.0,1008,22,1531.75,7.318901897079751,84,33,5,37,73,0,0.4912280701754386
CBMI,CBMI_mito4,CBMI_mito4_h562_w734,GRAPH7,auto,10204.0,1008,20,1486.25,7.313982150094842,70,27,5,37,73,0,0.52
CBMI,CBMI_mito4,CBMI_mito4_h562_w734,JPEG,5,10020.0,1008,22,1529.5676759431467,7.181633349110394,89,36,6,44,76,0,0.5333333333333333
CBMI,CBMI_mito4,CBMI_mito4_h562_w734,JPEG,auto,10020.0,1008,20,1481.7686860699234,7.166075717373889,73,29,6,44,76,0,0.5384615384615384
CBMI,CBMI_mito5,CBMI_mito5_h750_w500,REF,5,,1296,42,1499.307791313324,4.502728847896483,90,26,5,39,113,0,1.0
CBMI,CBMI_mito5,CBMI_mito5_h750_w500,REF,auto,,1296,37,1483.2367235014588,4.51357585878812,85,26,5,39,113,0,1.0
CBMI,CBMI_mito5,CBMI_mito5_h750_w500,SEG,5,,1296,25,1864.699710299111,6.658315226567486,109,45,6,54,92,0,0.3380281690140845
CBMI,CBMI_mito5,CBMI_mito5_h750_w500,SEG,auto,,1296,20,1775.1017305526643,6.619922562467871,88,37,6,54,92,0,0.38095238095238093
CBMI,CBMI_mito5,CBMI_mito5_h750_w500,GRAPH7,5,12606.0,1296,25,1865.5,6.688753103705698,109,45,6,54,92,0,0.3380281690140845
CBMI,CBMI_mito5,CBMI_mito5_h750_w500,GRAPH7,auto,12606.0,1296,20,1775.25,6.652730191822815,88,37,6,54,92,0,0.38095238095238093
CBMI,CBMI_mito5,CBMI_mito5_h750_w500,JPEG,5,12298.0,1296,25,1828.6286424872453,6.639692904986261,104,42,5,52,92,0,0.2941176470588235
CBMI,CBMI_mito5,CBMI_mito5_h750_w500,JPEG,auto,12298.0,1296,19,1759.1017305526643,6.636450751724666,86,36,5,52,92,0,0.2903225806451613
CBMI,CBMI_mito6,CBMI_mito6_h330_w512,REF,5,,562,35,461.7888886054567,6.064772798240704,49,8,2,17,83,0,1.0
CBMI,CBMI_mito6,CBMI_mito6_h330_w512,REF,auto,,562,23,416.7472580451141,6.111538223686944,35,7,2,17,83,0,1.0
CBMI,CBMI_mito6,CBMI_mito6_h330_w512,SEG,5,,562,25,685.1564209736038,7.354479611627368,35,5,0,10,60,0,0.15384615384615385
CBMI,CBMI_mito6,CBMI_mito6_h330_w512,SEG,auto,,562,21,631.286363288515,7.287645613234282,25,2,0,10,60,0,0.22222222222222224
CBMI,CBMI_mito6,CBMI_mito6_h330_w512,GRAPH7,5,5861.0,562,25,685.0,7.347627282280883,35,5,0,10,60,0,0.15384615384615385
CBMI,CBMI_mito6,CBMI_mito6_h330_w512,GRAPH7,auto,5861.0,562,21,631.0,7.254357667769264,25,2,0,10,60,0,0.22222222222222224
CBMI,CBMI_mito6,CBMI_mito6_h330_w512,JPEG,5,5766.0,562,26,669.8132752230961,7.318346528276319,32,3,0,9,61,0,0.18181818181818182
CBMI,CBMI_mito6,CBMI_mito6_h330_w512,JPEG,auto,5766.0,562,21,626.1858582251267,7.264451125298895,23,1,0,9,61,0,0.25
MITO,MITO_M2,MITO_M2_001_y256x0,REF,5,,192,3,190.50966799187808,5.590597131327545,5,1,0,2,8,0,1.0
MITO,MITO_M2,MITO_M2_001_y256x0,REF,auto,,192,3,190.50966799187808,5.590597131327545,5,1,0,2,8,0,1.0
MITO,MITO_M2,MITO_M2_001_y256x0,SEG,5,,192,8,233.8944443027283,7.4980833884705795,10,1,0,2,18,0,0.0
MITO,MITO_M2,MITO_M2_001_y256x0,SEG,auto,,192,6,220.16652224137044,7.558234747725142,6,0,0,2,18,0,0.0
MITO,MITO_M2,MITO_M2_001_y256x0,GRAPH7,5,1890.0,192,8,234.00000000000003,7.499273448703021,10,1,0,2,18,0,0.0
MITO,MITO_M2,MITO_M2_001_y256x0,GRAPH7,auto,1890.0,192,6,220.25000000000003,7.541509589087433,6,0,0,2,18,0,0.0
MITO,MITO_M2,MITO_M2_001_y256x0,JPEG,5,1885.0,192,13,300.42135623730957,7.757941229732474,15,1,0,4,30,0,0.0
MITO,MITO_M2,MITO_M2_001_y256x0,JPEG,auto,1885.0,192,8,277.27922061357856,7.891503850447975,10,1,0,4,30,0,0.0
MITO,MITO_M2,MITO_M2_001_y256x256,REF,5,,518,11,658.3279938488577,6.892091180291532,20,5,1,12,32,0,1.0
MITO,MITO_M2,MITO_M2_001_y256x256,REF,auto,,518,10,624.4995667241114,6.949295386182262,15,3,1,12,32,0,1.0
MITO,MITO_M2,MITO_M2_001_y256x256,SEG,5,,518,23,637.7544007200503,7.736572425280043,31,4,0,11,57,0,0.0
MITO,MITO_M2,MITO_M2_001_y256x256,SEG,auto,,518,20,596.955410846827,7.7954934362297506,24,2,0,11,57,0,0.0
MITO,MITO_M2,MITO_M2_001_y256x256,GRAPH7,5,5199.0,518,23,637.5,7.740520361853345,31,4,0,11,57,0,0.0
MITO,MITO_M2,MITO_M2_001_y256x256,GRAPH7,auto,5199.0,518,20,589.0,7.7590997869643346,22,1,0,11,57,0,0.0
MITO,MITO_M2,MITO_M2_001_y256x256,JPEG,5,5032.0,518,28,694.6955262170046,7.970343234349158,38,5,0,12,68,0,0.20000000000000004
MITO,MITO_M2,MITO_M2_001_y256x256,JPEG,auto,5032.0,518,19,605.6122650963194,8.061519092177834,21,1,0,12,68,0,0.5
MITO,MITO_M2,MITO_M2_001_y256x512,REF,5,,713,15,859.4528855298855,7.4076614366257125,47,16,1,33,61,0,1.0
MITO,MITO_M2,MITO_M2_001_y256x512,REF,auto,,713,9,792.825468531916,7.55301047276748,36,14,1,33,61,0,1.0
MITO,MITO_M2,MITO_M2_001_y256x512,SEG,5,,713,33,852.7665940288701,8.13547474956122,54,11,1,20,84,0,0.2962962962962963
MITO,MITO_M2,MITO_M2_001_y256x512,SEG,auto,,713,22,765.8254685319159,8.265449099893202,39,9,1,20,84,0,0.34782608695652173
MITO,MITO_M2,MITO_M2_001_y256x512,GRAPH7,5,5729.0,713,33,853.0,8.14083562588738,54,11,1,19,84,0,0.2962962962962963
MITO,MITO_M2,MITO_M2_001_y256x512,GRAPH7,auto,5729.0,713,22,766.0,8.283474527369677,39,9,1,19,84,0,0.34782608695652173
MITO,MITO_M2,MITO_M2_001_y256x512,JPEG,5,5587.0,713,34,861.4234482783627,8.18573397907088,58,12,1,19,85,0,0.35714285714285715
MITO,MITO_M2,MITO_M2_001_y256x512,JPEG,auto,5587.0,713,26,779.6538956566621,8.204539739776726,40,7,1,19,85,0,0.4761904761904762
MITO,MITO_M2,MITO_M2_001_y512x0,REF,5,,443,15,1220.1097397793776,6.776565022992124,23,4,0,17,47,0,1.0
MITO,MITO_M2,MITO_M2_001_y512x0,REF,auto,,443,15,1209.8670990922585,6.783447492321392,19,2,0,17,47,0,1.0
MITO,MITO_M2,MITO_M2_001_y512x0,SEG,5,,443,19,651.889393668845,7.790291802350019,21,1,0,5,43,0,0.0
MITO,MITO_M2,MITO_M2_001_y512x0,SEG,auto,,443,17,629.9188309203678,7.806446495259359,19,1,0,5,43,0,0.0
MITO,MITO_M2,MITO_M2_001_y512x0,GRAPH7,5,4128.0,443,19,652.25,7.745978651118704,21,1,0,5,43,0,0.0
MITO,MITO_M2,MITO_M2_001_y512x0,GRAPH7,auto,4128.0,443,17,630.25,7.761279439653421,19,1,0,5,43,0,0.0
MITO,MITO_M2,MITO_M2_001_y512x0,JPEG,5,4034.0,443,26,779.144227664784,7.762181248391244,33,3,1,5,55,0,0.0
MITO,MITO_M2,MITO_M2_001_y512x0,JPEG,auto,4034.0,443,20,735.1025971044414,7.845165002413061,25,2,1,5,55,0,0.0
CBMI,CBMI_mito6,CBMI_mito6_h348_w799,REF,5,,566,42,619.8132752230961,5.870248717360313,61,12,6,23,95,0,1.0
CBMI,CBMI_mito6,CBMI_mito6_h348_w799,REF,auto,,566,24,541.286363288515,6.016391669896891,41,11,6,23,95,0,1.0
CBMI,CBMI_mito6,CBMI_mito6_h348_w799,SEG,5,,566,28,644.6417023478424,7.40002985167847,42,7,2,13,65,0,0.10526315789473685
CBMI,CBMI_mito6,CBMI_mito6_h348_w799,SEG,auto,,566,21,613.842712474619,7.3888382940299975,35,7,2,13,65,0,0.1111111111111111
CBMI,CBMI_mito6,CBMI_mito6_h348_w799,GRAPH7,5,5836.0,566,28,644.75,7.371619556016428,42,7,2,11,65,0,0.10526315789473685
CBMI,CBMI_mito6,CBMI_mito6_h348_w799,GRAPH7,auto,5836.0,566,21,614.25,7.364736196567509,35,7,2,11,65,0,0.1111111111111111
CBMI,CBMI_mito6,CBMI_mito6_h348_w799,JPEG,5,5732.0,566,29,644.2985565973347,7.308439462489266,41,6,1,10,66,0,0.1111111111111111
CBMI,CBMI_mito6,CBMI_mito6_h348_w799,JPEG,auto,5732.0,566,23,612.9137802864846,7.304108383183628,35,6,1,10,66,0,0.11764705882352942
CBMI,CBMI_mito6,CBMI_mito6_h419_w251,REF,5,,681,34,968.8498551495557,7.425214040104572,50,9,2,19,83,0,1.0
CBMI,CBMI_mito6,CBMI_mito6_h419_w251,REF,auto,,681,25,910.4650788387054,7.531109063281337,39,8,2,19,83,0,1.0
CBMI,CBMI_mito6,CBMI_mito6_h419_w251,SEG,5,,681,33,900.6782822743016,7.775407387196195,45,7,2,14,76,0,0.375
CBMI,CBMI_mito6,CBMI_mito6_h419_w251,SEG,auto,,681,28,846.8792924010784,7.757252588418654,34,4,2,14,76,0,0.3333333333333333
CBMI,CBMI_mito6,CBMI_mito6_h419_w251,GRAPH7,5,7843.0,681,33,900.25,7.733546277543044,45,7,2,13,76,0,0.375
CBMI,CBMI_mito6,CBMI_mito6_h419_w251,GRAPH7,auto,7843.0,681,29,854.0,7.712156220336294,35,4,2,13,76,0,0.3333333333333333
CBMI,CBMI_mito6,CBMI_mito6_h419_w251,JPEG,5,7548.0,681,33,938.335136523794,7.755612580952921,49,10,4,16,74,0,0.5263157894736842
CBMI,CBMI_mito6,CBMI_mito6_h419_w251,JPEG,auto,7548.0,681,28,886.2935059634515,7.734160801094831,38,7,4,16,74,0,0.5333333333333333
CBMI,CBMI_mito7,CBMI_mito7_h249_w420,REF,5,,828,33,972.7909806465098,4.664614395913807,51,11,4,24,82,0,1.0
CBMI,CBMI_mito7,CBMI_mito7_h249_w420,REF,auto,,828,29,960.5483399593904,4.683681402036175,47,11,4,24,82,0,1.0
CBMI,CBMI_mito7,CBMI_mito7_h249_w420,SEG,5,,828,19,1189.5432893255072,6.986058080941948,61,23,4,31,61,0,0.1176470588235294
CBMI,CBMI_mito7,CBMI_mito7_h249_w420,SEG,auto,,828,19,1152.2295808265224,6.9556459916463815,53,19,4,31,61,0,0.13333333333333333
CBMI,CBMI_mito7,CBMI_mito7_h249_w420,GRAPH7,5,8638.0,828,19,1190.75,6.9752011409058845,61,23,4,31,61,0,0.1176470588235294
CBMI,CBMI_mito7,CBMI_mito7_h249_w420,GRAPH7,auto,8638.0,828,19,1160.25,6.970256407335728,55,20,4,31,61,0,0.12903225806451613
CBMI,CBMI_mito7,CBMI_mito7_h249_w420,JPEG,5,8438.0,828,19,1185.129075763134,6.966482541831105,57,20,2,30,64,0,0.12903225806451613
CBMI,CBMI_mito7,CBMI_mito7_h249_w420,JPEG,auto,8438.0,828,19,1161.2295808265224,6.952921470953816,53,18,2,30,64,0,0.13793103448275862
CBMI,CBMI_mito7,CBMI_mito7_h418_w624,REF,5,,542,9,533.9310242291876,5.543812594551327,31,13,4,21,31,0,1.0
CBMI,CBMI_mito7,CBMI_mito7_h418_w624,REF,auto,,542,9,523.5168106668146,5.565714466963244,27,11,4,21,31,0,1.0
CBMI,CBMI_mito7,CBMI_mito7_h418_w624,SEG,5,,542,12,788.4823227814082,7.996822092547083,39,15,3,19,37,0,0.5714285714285715
CBMI,CBMI_mito7,CBMI_mito7_h418_w624,SEG,auto,,542,8,744.1686142824234,7.948561039073461,25,10,3,19,37,0,0.28571428571428564
CBMI,CBMI_mito7,CBMI_mito7_h418_w624,GRAPH7,5,6363.0,542,12,789.0,7.997360240016833,39,15,3,19,37,0,0.5714285714285715
CBMI,CBMI_mito7,CBMI_mito7_h418_w624,GRAPH7,auto,6363.0,542,8,744.25,7.957138538438907,25,10,3,19,37,0,0.28571428571428564
CBMI,CBMI_mito7,CBMI_mito7_h418_w624,JPEG,5,6340.0,542,13,803.796031280393,8.087712321737856,40,15,3,19,39,0,0.5714285714285715
CBMI,CBMI_mito7,CBMI_mito7_h418_w624,JPEG,auto,6340.0,542,9,740.3401871576773,8.197410435684814,26,10,3,19,39,0,0.28571428571428564
MITO,MITO_M2,MITO_M2_002_y0x0,REF,5,,287,14,322.3086578651014,4.69819949112811,21,4,1,7,33,0,1.0
MITO,MITO_M2,MITO_M2_002_y0x0,REF,auto,,287,14,322.3086578651014,4.69819949112811,21,4,1,7,33,0,1.0
MITO,MITO_M2,MITO_M2_002_y0x0,SEG,5,,287,15,300.27922061357856,8.247416931696128,22,4,1,5,33,0,0.0
MITO,MITO_M2,MITO_M2_002_y0x0,SEG,auto,,287,9,269.237590053236,8.577700846012975,14,3,1,5,33,0,0.0
MITO,MITO_M2,MITO_M2_002_y0x0,GRAPH7,5,2899.0,287,15,300.0,8.220743380576685,22,4,1,5,33,0,0.0
MITO,MITO_M2,MITO_M2_002_y0x0,GRAPH7,auto,2899.0,287,9,269.0,8.56146812168742,14,3,1,5,33,0,0.0
MITO,MITO_M2,MITO_M2_002_y0x0,JPEG,5,2833.0,287,14,310.27922061357856,8.232549129521285,18,2,0,3,31,0,0.0
MITO,MITO_M2,MITO_M2_002_y0x0,JPEG,auto,2833.0,287,9,293.5512985522207,8.365289761775797,13,2,0,3,31,0,0.0
MITO,MITO_M2,MITO_M2_002_y0x256,REF,5,,194,22,692.58787847868,5.377859508680746,37,8,1,22,64,0,1.0
MITO,MITO_M2,MITO_M2_002_y0x256,REF,auto,,194,18,675.9310242291875,5.430601934689214,33,8,1,22,64,0,1.0
MITO,MITO_M2,MITO_M2_002_y0x256,SEG,5,,194,11,164.1543289325507,6.964014883089287,13,1,1,4,24,0,0.0
MITO,MITO_M2,MITO_M2_002_y0x256,SEG,auto,,194,7,143.66904755831212,7.170782187939823,9,1,1,4,24,0,0.0
MITO,MITO_M2,MITO_M2_002_y0x256,GRAPH7,5,2321.0,194,11,164.25,6.950812229235631,13,1,1,3,24,0,0.0
MITO,MITO_M2,MITO_M2_002_y0x256,GRAPH7,auto,2321.0,194,7,143.75,7.162702810225202,9,1,1,3,24,0,0.0
MITO,MITO_M2,MITO_M2_002_y0x256,JPEG,5,2291.0,194,15,216.7817459305202,7.02880566118817,19,2,0,3,33,0,0.0
MITO,MITO_M2,MITO_M2_002_y0x256,JPEG,auto,2291.0,194,8,178.74011537017762,7.367003645991209,12,2,0,3,33,0,0.0
MITO,MITO_M2,MITO_M2_002_y256x256,REF,5,,266,20,741.8427124746192,5.23068031167447,39,12,5,31,61,0,1.0
MITO,MITO_M2,MITO_M2_002_y256x256,REF,auto,,266,18,729.6000717874997,5.231871554999901,35,11,5,31,61,0,1.0
MITO,MITO_M2,MITO_M2_002_y256x256,SEG,5,,266,16,252.3797256769669,7.2678143878960855,20,2,0,2,34,0,0.14285714285714285
MITO,MITO_M2,MITO_M2_002_y256x256,SEG,auto,,266,10,215.4091629284898,7.455641122906883,14,2,0,2,34,0,0.15384615384615385
MITO,MITO_M2,MITO_M2_002_y256x256,GRAPH7,5,2246.0,266,16,252.75,7.267118060116136,20,2,0,2,34,0,0.14285714285714285
MITO,MITO_M2,MITO_M2_002_y256x256,GRAPH7,auto,2246.0,266,10,215.75,7.477397708741089,14,2,0,2,34,0,0.15384615384615385
MITO,MITO_M2,MITO_M2_002_y256x256,JPEG,5,2209.0,266,29,613.4579361637689,7.09111489525176,39,5,0,12,70,0,0.11764705882352941
MITO,MITO_M2,MITO_M2_002_y256x256,JPEG,auto,2209.0,266,22,577.4163056034262,7.163183392475624,32,5,0,12,70,0,0.12500000000000003
MITO,MITO_M2,MITO_M2_002_y256x512,REF,5,,238,28,696.9137802864844,4.7376823358103195,36,4,0,15,71,0,1.0
MITO,MITO_M2,MITO_M2_002_y256x512,REF,auto,,238,23,678.256926036992,4.74165176404954,31,4,0,15,71,0,1.0
MITO,MITO_M2,MITO_M2_002_y256x512,SEG,5,,238,17,243.1370849898476,6.517353857565545,17,0,0,0,34,0,0.0
MITO,MITO_M2,MITO_M2_002_y256x512,SEG,auto,,238,12,228.23759005323595,6.579677894015545,12,0,0,0,34,0,0.0
MITO,MITO_M2,MITO_M2_002_y256x512,GRAPH7,5,2405.0,238,17,243.0,6.454385270566692,17,0,0,0,34,0,0.0
MITO,MITO_M2,MITO_M2_002_y256x512,GRAPH7,auto,2405.0,238,12,228.0,6.50895009099871,12,0,0,0,34,0,0.0
MITO,MITO_M2,MITO_M2_002_y256x512,JPEG,5,2376.0,238,25,345.6639969244288,5.850670477610235,25,0,0,3,53,0,0.0
MITO,MITO_M2,MITO_M2_002_y256x512,JPEG,auto,2376.0,238,19,324.9360748630709,5.891275871009086,19,0,0,3,53,0,0.0
MITO,MITO_M2,MITO_M2_002_y512x0,REF,5,,305,22,608.872149726142,5.281423847025832,33,6,1,23,65,0,1.0
MITO,MITO_M2,MITO_M2_002_y512x0,REF,auto,,305,21,601.872149726142,5.292036123699193,32,6,1,23,65,0,1.0
MITO,MITO_M2,MITO_M2_002_y512x0,SEG,5,,305,19,306.9777054234135,6.937706908236899,21,1,0,4,42,0,0.2857142857142857
MITO,MITO_M2,MITO_M2_002_y512x0,SEG,auto,,305,12,282.0071426749364,6.951790991437047,14,1,0,4,42,0,0.2857142857142857
MITO,MITO_M2,MITO_M2_002_y512x0,GRAPH7,5,2529.0,305,19,306.75,6.914319021428235,21,1,0,4,42,0,0.2857142857142857
MITO,MITO_M2,MITO_M2_002_y512x0,GRAPH7,auto,2529.0,305,12,281.75,6.930895687038549,14,1,0,4,42,0,0.2857142857142857
MITO,MITO_M2,MITO_M2_002_y512x0,JPEG,5,2494.0,305,22,341.7056274847714,7.132120556681839,24,1,0,5,49,0,0.2857142857142857
MITO,MITO_M2,MITO_M2_002_y512x0,JPEG,auto,2494.0,305,14,308.32085117392114,7.260509585543254,16,1,0,5,49,0,0.2857142857142857
MITO,MITO_M2,MITO_M2_002_y512x256,REF,5,,425,25,1129.288455329568,5.320830206226825,64,21,3,36,80,0,1.0
MITO,MITO_M2,MITO_M2_002_y512x256,REF,auto,,425,23,1111.56053326821,5.314545587107817,58,19,3,36,80,0,1.0
MITO,MITO_M2,MITO_M2_002_y512x256,SEG,5,,425,23,514.7594513539339,7.077181552161205,27,2,0,4,50,0,0.08695652173913042
MITO,MITO_M2,MITO_M2_002_y512x256,SEG,auto,,425,18,485.20310216782974,7.143157769663602,20,1,0,4,50,0,0.0
MITO,MITO_M2,MITO_M2_002_y512x256,GRAPH7,5,4231.0,425,23,515.75,7.063272653937367,27,2,0,4,50,0,0.08695652173913042
MITO,MITO_M2,MITO_M2_002_y512x256,GRAPH7,auto,4231.0,425,18,486.0,7.128670104709712,20,1,0,4,50,0,0.0
MITO,MITO_M2,MITO_M2_002_y512x256,JPEG,5,4192.0,425,23,605.2569260369921,6.867955365827738,27,2,0,5,51,0,0.08695652173913042
MITO,MITO_M2,MITO_M2_002_y512x256,JPEG,auto,4192.0,425,16,566.4579361637687,6.920446099355864,16,0,0,5,51,0,0.0
MITO,MITO_M2,MITO_M2_002_y0x512,REF,5,,325,22,528.3746750430836,5.71835895148632,33,6,1,18,60,0,1.0
MITO,MITO_M2,MITO_M2_002_y0x512,REF,auto,,325,19,507.4751801064719,5.766051987539207,26,4,1,18,60,0,1.0
MITO,MITO_M2,MITO_M2_002_y0x512,SEG,5,,325,24,255.20815280171314,7.287769590202375,26,1,0,3,51,0,0.0
MITO,MITO_M2,MITO_M2_002_y0x512,SEG,auto,,325,9,194.3380951166243,7.691058315263315,11,1,0,3,51,0,0.0
MITO,MITO_M2,MITO_M2_002_y0x512,GRAPH7,5,2963.0,325,24,256.25,7.277841468992431,26,1,0,3,51,0,0.0
MITO,MITO_M2,MITO_M2_002_y0x512,GRAPH7,auto,2963.0,325,9,194.75,7.716692442419499,11,1,0,3,51,0,0.0
MITO,MITO_M2,MITO_M2_002_y0x512,JPEG,5,2919.0,325,22,298.35028842544403,7.204331824869014,24,1,0,2,46,0,0.0
MITO,MITO_M2,MITO_M2_002_y0x512,JPEG,auto,2919.0,325,13,264.9655121145938,7.393789565338546,15,1,0,2,46,0,0.0
MITO,MITO_M2,MITO_M2_002_y256x0,REF,5,,298,11,448.2203461105329,5.694135146960781,30,10,1,16,36,0,1.0
MITO,MITO_M2,MITO_M2_002_y256x0,REF,auto,,298,9,419.9066376115481,5.604549345986168,22,7,1,16,36,0,1.0
MITO,MITO_M2,MITO_M2_002_y256x0,SEG,5,,298,7,461.19090885900994,8.591388675236047,16,5,1,7,19,0,0.13333333333333333
MITO,MITO_M2,MITO_M2_002_y256x0,SEG,auto,,298,5,435.87720036002526,8.49282616491715,10,3,1,7,19,0,0.2
MITO,MITO_M2,MITO_M2_002_y256x0,GRAPH7,5,3493.0,298,7,461.5,8.597870948426081,16,5,1,7,19,0,0.13333333333333333
MITO,MITO_M2,MITO_M2_002_y256x0,GRAPH7,auto,3493.0,298,5,436.0,8.487737606069025,10,3,1,7,19,0,0.2
MITO,MITO_M2,MITO_M2_002_y256x0,JPEG,5,3471.0,298,9,531.3746750430835,8.521480831339275,21,7,2,9,23,0,0.23529411764705882
MITO,MITO_M2,MITO_M2_002_y256x0,JPEG,auto,3471.0,298,8,490.747258045114,8.43140550006513,12,3,2,9,23,0,0.2
MITO,MITO_M2,MITO_M2_001_y512x256,REF,5,,500,41,1840.6925676241744,7.300146584703079,107,34,2,77,157,0,1.0
MITO,MITO_M2,MITO_M2_001_y512x256,REF,auto,,500,35,1631.0529573173853,7.361660342166049,71,19,2,77,157,0,1.0
MITO,MITO_M2,MITO_M2_001_y512x256,SEG,5,,500,27,547.7300141024109,7.036550105211131,39,6,0,10,64,0,0.05
MITO,MITO_M2,MITO_M2_001_y512x256,SEG,auto,,500,23,503.75945135393385,7.0206070764730075,29,3,0,10,64,0,0.0
MITO,MITO_M2,MITO_M2_001_y512x256,GRAPH7,5,4654.0,500,27,548.0,7.041672546579477,39,6,0,10,64,0,0.05
MITO,MITO_M2,MITO_M2_001_y512x256,GRAPH7,auto,4654.0,500,23,504.25,7.017367044454001,29,3,0,10,64,0,0.0
MITO,MITO_M2,MITO_M2_001_y512x256,JPEG,5,4614.0,500,26,577.5584412271571,6.939969851269426,38,6,0,9,61,0,0.1
MITO,MITO_M2,MITO_M2_001_y512x256,JPEG,auto,4614.0,500,23,541.8305191657994,6.938265707782867,29,3,0,9,61,0,0.0
MITO,MITO_M2,MITO_M2_001_y512x512,REF,5,,1039,43,1753.8225099390859,7.129865558282514,137,49,4,91,171,0,1.0
MITO,MITO_M2,MITO_M2_001_y512x512,REF,auto,,1039,27,1494.1828996322968,7.431690529448734,86,31,4,91,171,0,1.0
MITO,MITO_M2,MITO_M2_001_y512x512,SEG,5,,1039,34,1424.3128419472075,8.280396413527146,81,25,3,31,93,0,0.16216216216216214
MITO,MITO_M2,MITO_M2_001_y512x512,SEG,auto,,1039,23,1313.2295808265226,8.279876841773806,52,16,3,31,93,0,0.0425531914893617
MITO,MITO_M2,MITO_M2_001_y512x512,GRAPH7,5,9618.0,1039,34,1425.0,8.278566694210133,81,25,3,31,93,0,0.16216216216216214
MITO,MITO_M2,MITO_M2_001_y512x512,GRAPH7,auto,9618.0,1039,23,1314.0,8.271871265282416,52,16,3,31,93,0,0.0425531914893617
MITO,MITO_M2,MITO_M2_001_y512x512,JPEG,5,9534.0,1039,37,1391.6265504461926,8.229447320355682,79,22,2,29,99,0,0.1408450704225352
MITO,MITO_M2,MITO_M2_001_y512x512,JPEG,auto,9534.0,1039,25,1278.9869401394033,8.27852449871624,53,15,2,29,99,0,0.043478260869565216
MITO,MITO_M2,MITO_M2_002_y512x512,REF,5,,365,23,1078.832611206852,4.946552902448962,56,18,4,40,78,0,1.0
MITO,MITO_M2,MITO_M2_002_y512x512,REF,auto,,365,18,1063.1757569573597,4.960754403507631,51,18,4,40,78,0,1.0
MITO,MITO_M2,MITO_M2_002_y512x512,SEG,5,,365,25,432.333044482741,7.404726013962558,27,1,0,1,51,0,0.0
MITO,MITO_M2,MITO_M2_002_y512x512,SEG,auto,,365,19,402.36248173426384,7.444083663348562,19,0,0,1,51,0,0.0
MITO,MITO_M2,MITO_M2_002_y512x512,GRAPH7,5,3795.0,365,25,432.75,7.404573423264294,27,1,0,1,51,0,0.0
MITO,MITO_M2,MITO_M2_002_y512x512,GRAPH7,auto,3795.0,365,19,402.75,7.43183835857883,19,0,0,1,51,0,0.0
MITO,MITO_M2,MITO_M2_002_y512x512,JPEG,5,3781.0,365,22,460.2325394193525,7.4432987037588125,28,3,0,5,49,0,0.0
MITO,MITO_M2,MITO_M2_002_y512x512,JPEG,auto,3781.0,365,17,441.74725804511394,7.477584950394072,23,3,0,5,49,0,0.0
MITO,MITO_M2,MITO_M2_003_y0x256,REF,5,,468,16,468.78888860545663,4.426055717588619,26,5,1,9,39,0,1.0
MITO,MITO_M2,MITO_M2_003_y0x256,REF,auto,,468,14,461.9604614807104,4.444970144970146,24,5,1,9,39,0,1.0
MITO,MITO_M2,MITO_M2_003_y0x256,SEG,5,,468,16,626.7422074112308,7.628376959823623,32,8,0,9,41,0,0.15384615384615385
MITO,MITO_M2,MITO_M2_003_y0x256,SEG,auto,,468,11,586.9432175380073,7.767302489399075,25,7,0,9,41,0,0.16666666666666666
MITO,MITO_M2,MITO_M2_003_y0x256,GRAPH7,5,4067.0,468,16,626.75,7.608241209572322,32,8,0,9,41,0,0.15384615384615385
MITO,MITO_M2,MITO_M2_003_y0x256,GRAPH7,auto,4067.0,468,11,587.25,7.74052116055983,25,7,0,9,41,0,0.16666666666666666
MITO,MITO_M2,MITO_M2_003_y0x256,JPEG,5,4024.0,468,21,890.607214462436,7.255890438617995,45,12,0,14,56,0,0.23529411764705882
MITO,MITO_M2,MITO_M2_003_y0x256,JPEG,auto,4024.0,468,16,852.2224381515857,7.303061061005639,36,10,0,14,56,0,0.13333333333333333
MITO,MITO_M2,MITO_M2_003_y0x512,REF,5,,287,27,924.3645737753167,6.665334297895854,50,13,3,38,86,0,1.0
MITO,MITO_M2,MITO_M2_003_y0x512,REF,auto,,287,23,869.8082245892128,6.769557326077549,38,9,3,38,86,0,1.0
MITO,MITO_M2,MITO_M2_003_y0x512,SEG,5,,287,12,422.0609665440988,7.313696071452966,19,4,1,4,26,0,0.0
MITO,MITO_M2,MITO_M2_003_y0x512,SEG,auto,,287,11,409.40411229460636,7.3133448523087665,16,3,1,4,26,0,0.0
MITO,MITO_M2,MITO_M2_003_y0x512,GRAPH7,5,3638.0,287,12,421.75,7.333458206292163,19,4,1,4,26,0,0.0
MITO,MITO_M2,MITO_M2_003_y0x512,GRAPH7,auto,3638.0,287,11,409.25,7.326175680326179,16,3,1,4,26,0,0.0
MITO,MITO_M2,MITO_M2_003_y0x512,JPEG,5,3622.0,287,18,504.48737341529153,8.051421523962018,25,4,1,5,39,0,0.23529411764705882
MITO,MITO_M2,MITO_M2_003_y0x512,JPEG,auto,3622.0,287,13,468.75945135393374,8.151236384686788,18,3,1,5,39,0,0.3333333333333333
MITO,MITO_M2,MITO_M2_003_y256x256,REF,5,,300,18,466.1198410471445,4.464939096591708,25,3,1,9,43,0,1.0
MITO,MITO_M2,MITO_M2_003_y256x256,REF,auto,,300,14,454.7056274847714,4.509975898228776,21,3,1,9,43,0,1.0
MITO,MITO_M2,MITO_M2_003_y256x256,SEG,5,,300,10,372.4213562373095,7.793152122076149,22,6,1,8,26,0,0.2222222222222222
MITO,MITO_M2,MITO_M2_003_y256x256,SEG,auto,,300,9,346.1076477383248,7.698405695840277,17,4,1,8,26,0,0.28571428571428575
MITO,MITO_M2,MITO_M2_003_y256x256,GRAPH7,5,2890.0,300,10,372.25,7.7705945717509906,22,6,1,8,26,0,0.2222222222222222
MITO,MITO_M2,MITO_M2_003_y256x256,GRAPH7,auto,2890.0,300,9,346.25,7.6695644054293455,17,4,1,8,26,0,0.28571428571428575
MITO,MITO_M2,MITO_M2_003_y256x256,JPEG,5,2880.0,300,8,411.1492782986674,8.036430360921267,22,7,0,9,25,0,0.2
MITO,MITO_M2,MITO_M2_003_y256x256,JPEG,auto,2880.0,300,7,400.9066376115481,8.017875361197337,19,6,0,9,25,0,0.2222222222222222
MITO,MITO_M2,MITO_M2_004_y256x256,REF,5,,309,16,683.2985565973347,7.138687591757376,42,13,1,31,61,0,1.0
MITO,MITO_M2,MITO_M2_004_y256x256,REF,auto,,309,11,620.7422074112308,7.259689285724591,29,9,1,31,61,0,1.0
MITO,MITO_M2,MITO_M2_004_y256x256,SEG,5,,309,18,336.46298679765204,7.793993628443281,18,0,0,2,38,0,0.0
MITO,MITO_M2,MITO_M2_004_y256x256,SEG,auto,,309,12,299.32085117392114,7.929959460760812,12,0,0,2,38,0,0.0
MITO,MITO_M2,MITO_M2_004_y256x256,GRAPH7,5,3373.0,309,18,336.74999999999994,7.759007455055243,18,0,0,2,38,0,0.0
MITO,MITO_M2,MITO_M2_004_y256x256,GRAPH7,auto,3373.0,309,12,299.49999999999994,7.895690776607235,12,0,0,2,38,0,0.0
MITO,MITO_M2,MITO_M2_004_y256x256,JPEG,5,3329.0,309,21,402.06096654409873,7.532095244776021,21,0,0,2,44,0,0.0
MITO,MITO_M2,MITO_M2_004_y256x256,JPEG,auto,3329.0,309,14,376.9188309203678,7.623285729217781,14,0,0,2,44,0,0.0
MITO,MITO_M2,MITO_M2_004_y256x512,REF,5,,139,15,731.7716446627535,6.168001874572052,48,17,1,34,62,0,1.0
MITO,MITO_M2,MITO_M2_004_y256x512,REF,auto,,139,11,690.2863632885151,6.256917755533038,38,14,1,34,62,0,1.0
MITO,MITO_M2,MITO_M2_004_y256x512,SEG,5,,139,7,89.01219330881977,7.366523262867688,10,2,1,5,17,0,0.0
MITO,MITO_M2,MITO_M2_004_y256x512,SEG,auto,,139,5,69.94112549695427,7.208542376784977,6,1,1,5,17,0,0.0
MITO,MITO_M2,MITO_M2_004_y256x512,GRAPH7,5,1802.0,139,7,89.25,7.324425635004266,10,2,1,4,17,0,0.0
MITO,MITO_M2,MITO_M2_004_y256x512,GRAPH7,auto,1802.0,139,5,70.0,7.143308217437952,6,1,1,4,17,0,0.0
MITO,MITO_M2,MITO_M2_004_y256x512,JPEG,5,1753.0,139,6,123.32590180780453,8.051360032228114,10,2,0,2,14,0,0.0
MITO,MITO_M2,MITO_M2_004_y256x512,JPEG,auto,1753.0,139,2,97.01219330881977,8.523829969560923,4,1,0,2,14,0,0.0
MITO,MITO_M2,MITO_M2_004_y512x0,REF,5,,94,2,52.62741699796953,5.563053669871573,2,0,0,1,5,0,1.0
MITO,MITO_M2,MITO_M2_004_y512x0,REF,auto,,94,2,52.62741699796953,5.563053669871573,2,0,0,1,5,0,1.0
MITO,MITO_M2,MITO_M2_004_y512x0,SEG,5,,94,6,57.941125496954285,6.834069266297865,6,0,0,0,12,0,1.0
MITO,MITO_M2,MITO_M2_004_y512x0,SEG,auto,,94,2,45.45584412271572,7.0703780316906295,2,0,0,0,12,0,1.0
MITO,MITO_M2,MITO_M2_004_y512x0,GRAPH7,5,1040.0,94,6,58.0,6.796664492204918,6,0,0,0,12,0,1.0
MITO,MITO_M2,MITO_M2_004_y512x0,GRAPH7,auto,1040.0,94,2,45.5,7.033359434429617,2,0,0,0,12,0,1.0
MITO,MITO_M2,MITO_M2_004_y512x256,REF,5,,399,23,1324.3422791987302,6.574542070087689,68,22,1,45,89,0,1.0
MITO,MITO_M2,MITO_M2_004_y512x256,REF,auto,,399,17,1231.7148622007605,6.62631385244472,47,15,1,45,89,0,1.0
MITO,MITO_M2,MITO_M2_004_y512x256,SEG,5,,399,26,421.9604614807105,7.066424888774836,26,0,0,4,56,0,0.0
MITO,MITO_M2,MITO_M2_004_y512x256,SEG,auto,,399,19,393.9898987322333,7.115126749902389,19,0,0,4,56,0,0.0
MITO,MITO_M2,MITO_M2_004_y512x256,GRAPH7,5,3293.0,399,26,422.75,7.0737421533939315,26,0,0,4,56,0,0.0
MITO,MITO_M2,MITO_M2_004_y512x256,GRAPH7,auto,3293.0,399,19,394.5,7.124650178320112,19,0,0,4,56,0,0.0
MITO,MITO_M2,MITO_M2_004_y512x256,JPEG,5,3269.0,399,24,416.13203435596427,7.1633834760439745,26,1,0,2,50,0,0.0
MITO,MITO_M2,MITO_M2_004_y512x256,JPEG,auto,3269.0,399,17,383.26197667087547,7.223156420623063,17,0,0,2,50,0,0.0
MITO,MITO_M2,MITO_M2_003_y512x256,REF,5,,335,13,725.4945160902279,4.549215343704001,19,3,0,8,34,0,1.0
MITO,MITO_M2,MITO_M2_003_y512x256,REF,auto,,335,12,721.4945160902279,4.556239473601673,18,3,0,8,34,0,1.0
MITO,MITO_M2,MITO_M2_003_y512x256,SEG,5,,335,14,429.58787847868,7.17862706243957,20,3,0,7,35,0,0.3333333333333333
MITO,MITO_M2,MITO_M2_003_y512x256,SEG,auto,,335,10,389.30360723121805,7.266700439054992,14,2,0,7,35,0,0.0
MITO,MITO_M2,MITO_M2_003_y512x256,GRAPH7,5,3621.0,335,14,430.25,7.185386994295542,20,3,0,7,35,0,0.3333333333333333
MITO,MITO_M2,MITO_M2_003_y512x256,GRAPH7,auto,3621.0,335,10,390.0,7.27406360794926,14,2,0,7,35,0,0.0
MITO,MITO_M2,MITO_M2_003_y512x256,JPEG,5,3621.0,335,20,488.62950903902254,7.335308220807164,31,6,1,10,48,0,0.0
MITO,MITO_M2,MITO_M2_003_y512x256,JPEG,auto,3621.0,335,14,445.75945135393374,7.383809619613774,21,4,1,10,48,0,0.0
MITO,MITO_M2,MITO_M2_004_y0x0,REF,5,,304,3,124.53910524340091,6.56509581256155,5,1,0,4,10,0,1.0
MITO,MITO_M2,MITO_M2_004_y0x0,REF,auto,,304,3,119.12489168102783,6.482806692525489,5,1,0,4,10,0,1.0
MITO,MITO_M2,MITO_M2_004_y0x0,SEG,5,,304,10,367.3330444827409,8.104070697486785,21,6,1,7,25,0,0.0
MITO,MITO_M2,MITO_M2_004_y0x0,SEG,auto,,304,9,353.5046173579947,8.028190795785306,18,5,1,7,25,0,0.0
MITO,MITO_M2,MITO_M2_004_y0x0,GRAPH7,5,2996.0,304,10,367.75,8.118227537149806,21,6,1,7,25,0,0.0
MITO,MITO_M2,MITO_M2_004_y0x0,GRAPH7,auto,2996.0,304,9,354.0,8.043859397396783,18,5,1,7,25,0,0.0
MITO,MITO_M2,MITO_M2_004_y0x0,JPEG,5,2865.0,304,9,332.2914139223983,7.569231221015978,18,5,1,9,25,0,0.33333333333333337
MITO,MITO_M2,MITO_M2_004_y0x0,JPEG,auto,2865.0,304,8,307.22034611053283,7.610925971473774,13,3,1,9,25,0,0.5
MITO,MITO_M2,MITO_M2_005_y256x256,REF,5,,193,10,471.6173157302029,6.398652860643173,28,10,4,23,35,0,1.0
MITO,MITO_M2,MITO_M2_005_y256x256,REF,auto,,193,7,448.5462479183374,6.464636593062914,23,9,3,23,35,0,1.0
MITO,MITO_M2,MITO_M2_005_y256x256,SEG,5,,193,8,258.5929291125633,7.348558697840421,13,3,2,4,16,0,0.15384615384615383
MITO,MITO_M2,MITO_M2_005_y256x256,SEG,auto,,193,8,252.76450198781714,7.38148522416913,11,2,2,4,16,0,0.1818181818181818
MITO,MITO_M2,MITO_M2_005_y256x256,GRAPH7,5,2771.0,193,8,258.75,7.387434880687576,13,3,2,3,16,0,0.15384615384615383
MITO,MITO_M2,MITO_M2_005_y256x256,GRAPH7,auto,2771.0,193,8,253.0,7.413285673430474,11,2,2,3,16,0,0.1818181818181818
MITO,MITO_M2,MITO_M2_005_y256x256,JPEG,5,2746.0,193,11,320.04877323527893,7.384523528294472,16,3,2,5,23,0,0.15384615384615383
MITO,MITO_M2,MITO_M2_005_y256x256,JPEG,auto,2746.0,193,8,308.80613254815967,7.457494398282974,13,3,2,5,23,0,0.16666666666666666
MITO,MITO_M2,MITO_M2_005_y256x512,REF,5,,254,7,418.53405460951757,5.75485288259994,16,5,1,10,22,0,1.0
MITO,MITO_M2,MITO_M2_005_y256x512,REF,auto,,254,6,409.1198410471446,5.754039665981584,13,4,1,10,22,0,1.0
MITO,MITO_M2,MITO_M2_005_y256x512,SEG,5,,254,12,380.01933598375615,8.042682886261922,16,2,0,2,26,0,0.28571428571428575
MITO,MITO_M2,MITO_M2_005_y256x512,SEG,auto,,254,9,363.29141392239825,8.150263212028282,11,1,0,2,26,0,0.4
MITO,MITO_M2,MITO_M2_005_y256x512,GRAPH7,5,3618.0,254,12,380.0,8.002469075855227,16,2,0,2,26,0,0.28571428571428575
MITO,MITO_M2,MITO_M2_005_y256x512,GRAPH7,auto,3618.0,254,9,363.25,8.098075013971057,11,1,0,2,26,0,0.4
MITO,MITO_M2,MITO_M2_005_y256x512,JPEG,5,3574.0,254,11,394.747258045114,7.974049463825806,15,2,0,3,25,0,0.28571428571428575
MITO,MITO_M2,MITO_M2_005_y256x512,JPEG,auto,3574.0,254,9,388.9188309203678,8.004172676639524,13,2,0,3,25,0,0.3333333333333333
MITO,MITO_M2,MITO_M2_003_y256x512,REF,5,,376,15,715.1391770309007,6.044683566464444,28,7,2,14,40,0,1.0
MITO,MITO_M2,MITO_M2_003_y256x512,REF,auto,,376,13,689.4823227814082,6.072523140690642,24,6,2,14,40,0,1.0
MITO,MITO_M2,MITO_M2_003_y256x512,SEG,5,,376,17,526.1858582251267,7.91712705667047,21,2,1,5,37,0,0.22222222222222224
MITO,MITO_M2,MITO_M2_003_y256x512,SEG,auto,,376,12,502.8721497261419,8.000565881002439,16,2,1,5,37,0,0.0
MITO,MITO_M2,MITO_M2_003_y256x512,GRAPH7,5,4642.0,376,17,526.75,7.90369842958067,21,2,1,5,37,0,0.22222222222222224
MITO,MITO_M2,MITO_M2_003_y256x512,GRAPH7,auto,4642.0,376,12,503.25,7.986260601652495,16,2,1,5,37,0,0.0
MITO,MITO_M2,MITO_M2_003_y256x512,JPEG,5,4623.0,376,21,634.2985565973348,7.787673828354996,28,4,1,7,47,0,0.18181818181818182
MITO,MITO_M2,MITO_M2_003_y256x512,JPEG,auto,4623.0,376,15,593.8427124746189,7.843259315133385,20,3,1,7,47,0,0.0
MITO,MITO_M2,MITO_M2_003_y512x0,REF,5,,601,18,1078.371716450253,5.308934481231621,46,15,3,30,60,0,1.0
MITO,MITO_M2,MITO_M2_003_y512x0,REF,auto,,601,16,1060.543289325507,5.3101003303211325,41,14,3,30,60,0,1.0
MITO,MITO_M2,MITO_M2_003_y512x0,SEG,5,,601,19,882.6488450227786,7.620241261310588,31,6,0,13,51,0,0.3809523809523809
MITO,MITO_M2,MITO_M2_003_y512x0,SEG,auto,,601,16,850.6782822743016,7.610524298790219,28,6,0,13,51,0,0.4
MITO,MITO_M2,MITO_M2_003_y512x0,GRAPH7,5,5218.0,601,19,882.5,7.6157835421760405,31,6,0,13,51,0,0.3809523809523809
MITO,MITO_M2,MITO_M2_003_y512x0,GRAPH7,auto,5218.0,601,16,850.75,7.608864503050667,28,6,0,13,51,0,0.4
MITO,MITO_M2,MITO_M2_003_y512x0,JPEG,5,5180.0,601,20,984.2884553295679,7.349453102932879,40,11,2,17,53,0,0.6153846153846153
MITO,MITO_M2,MITO_M2_003_y512x0,JPEG,auto,5180.0,601,17,944.9036790187176,7.333949648931451,33,9,2,17,53,0,0.5217391304347826
MITO,MITO_M2,MITO_M2_004_y0x512,REF,5,,629,23,1109.518902707868,5.787321674317269,71,26,5,45,81,0,1.0
MITO,MITO_M2,MITO_M2_004_y0x512,REF,auto,,629,19,1072.619407771256,5.829445389965157,61,23,5,45,81,0,1.0
MITO,MITO_M2,MITO_M2_004_y0x512,SEG,5,,629,30,707.8843430349617,8.14016938430903,42,6,0,15,75,0,0.0
MITO,MITO_M2,MITO_M2_004_y0x512,SEG,auto,,629,17,626.5290039756343,8.276721633903632,29,6,0,15,75,0,0.0
MITO,MITO_M2,MITO_M2_004_y0x512,GRAPH7,5,6809.0,629,30,708.5,8.125382048564013,42,6,0,15,75,0,0.0
MITO,MITO_M2,MITO_M2_004_y0x512,GRAPH7,auto,6809.0,629,17,627.0,8.266567248915512,29,6,0,15,75,0,0.0
MITO,MITO_M2,MITO_M2_004_y0x512,JPEG,5,6719.0,629,30,756.4406922210658,7.998812681323388,42,6,0,16,76,0,0.0
MITO,MITO_M2,MITO_M2_004_y0x512,JPEG,auto,6719.0,629,19,687.7422074112309,8.132255766483238,29,5,0,16,76,0,0.0
MITO,MITO_M2,MITO_M2_004_y256x0,REF,5,,290,2,78.91168824543138,7.380385400662308,2,0,0,0,4,0,1.0
MITO,MITO_M2,MITO_M2_004_y256x0,REF,auto,,290,1,76.49747468305829,7.518627688331889,1,0,0,0,4,0,1.0
MITO,MITO_M2,MITO_M2_004_y256x0,SEG,5,,290,14,342.8477631085023,7.32994159590256,18,2,0,3,31,0,0.0
MITO,MITO_M2,MITO_M2_004_y256x0,SEG,auto,,290,12,315.3624817342637,7.384669548558773,14,1,0,3,31,0,0.0
MITO,MITO_M2,MITO_M2_004_y256x0,GRAPH7,5,2484.0,290,14,343.25,7.247899248059254,18,2,0,3,31,0,0.0
MITO,MITO_M2,MITO_M2_004_y256x0,GRAPH7,auto,2484.0,290,12,315.75,7.311524007285639,14,1,0,3,31,0,0.0
MITO,MITO_M2,MITO_M2_004_y256x0,JPEG,5,2452.0,290,26,707.6244584051392,7.270278257903012,34,4,0,8,60,0,0.0
MITO,MITO_M2,MITO_M2_004_y256x0,JPEG,auto,2452.0,290,23,687.3107499061542,7.260550280899209,31,4,0,8,60,0,0.0
MITO,MITO_M2,MITO_M2_004_y512x512,REF,5,,287,17,638.416305603426,6.143829264878709,35,10,3,26,54,0,1.0
MITO,MITO_M2,MITO_M2_004_y512x512,REF,auto,,287,13,602.6883835420682,6.184624259602839,27,8,2,26,54,0,1.0
MITO,MITO_M2,MITO_M2_004_y512x512,SEG,5,,287,16,302.1370849898476,7.611446877107148,20,2,0,4,36,0,0.0
MITO,MITO_M2,MITO_M2_004_y512x512,SEG,auto,,287,12,284.40916292848976,7.680599907733432,16,2,0,4,36,0,0.0
MITO,MITO_M2,MITO_M2_004_y512x512,GRAPH7,5,2982.0,287,16,302.5,7.5668744869386995,20,2,0,4,36,0,0.0
MITO,MITO_M2,MITO_M2_004_y512x512,GRAPH7,auto,2982.0,287,12,284.75,7.649471317766201,16,2,0,4,36,0,0.0
MITO,MITO_M2,MITO_M2_004_y512x512,JPEG,5,2973.0,287,20,477.70562748477136,7.453240975827912,26,3,0,4,44,0,0.30769230769230765
MITO,MITO_M2,MITO_M2_004_y512x512,JPEG,auto,2973.0,287,17,461.80613254815967,7.499557822512495,23,3,0,4,44,0,0.36363636363636365
MITO,MITO_M2,MITO_M2_005_y0x256,REF,5,,598,16,948.9625535217635,6.449500622554994,50,19,4,34,58,0,1.0
MITO,MITO_M2,MITO_M2_005_y0x256,REF,auto,,598,15,931.3056992722712,6.508470841387199,43,16,4,34,58,0,1.0
MITO,MITO_M2,MITO_M2_005_y0x256,SEG,5,,598,14,986.7493500861669,8.447395267083387,44,16,2,18,42,0,0.2857142857142857
MITO,MITO_M2,MITO_M2_005_y0x256,SEG,auto,,598,12,928.8792924010783,8.426116355655523,30,10,2,18,42,0,0.3076923076923077
MITO,MITO_M2,MITO_M2_005_y0x256,GRAPH7,5,7997.0,598,14,987.0,8.437767103354735,44,16,2,17,42,0,0.2857142857142857
MITO,MITO_M2,MITO_M2_005_y0x256,GRAPH7,auto,7997.0,598,12,929.25,8.41726234611506,30,10,2,17,42,0,0.3076923076923077
MITO,MITO_M2,MITO_M2_005_y0x256,JPEG,5,7891.0,598,14,971.1930009000629,8.486527543194727,41,14,1,18,44,0,0.30303030303030304
MITO,MITO_M2,MITO_M2_005_y0x256,JPEG,auto,7891.0,598,12,900.6660889654818,8.479354105015112,27,8,1,18,44,0,0.3333333333333333
MITO,MITO_M2,MITO_M2_006_y256x512,REF,5,,404,11,1616.2489168102786,5.692481663275759,89,42,6,53,63,0,1.0
MITO,MITO_M2,MITO_M2_006_y256x512,REF,auto,,404,8,1572.5209947489204,5.721343662244413,74,36,6,53,63,0,1.0
MITO,MITO_M2,MITO_M2_006_y256x512,SEG,5,,404,14,560.5290039756342,7.360194921968942,23,5,1,10,36,0,0.0851063829787234
MITO,MITO_M2,MITO_M2_006_y256x512,SEG,auto,,404,11,535.3868683519032,7.4444747757818615,18,4,1,10,36,0,0.09999999999999999
MITO,MITO_M2,MITO_M2_006_y256x512,GRAPH7,5,4596.0,404,14,561.25,7.31552019358323,23,5,1,10,36,0,0.0851063829787234
MITO,MITO_M2,MITO_M2_006_y256x512,GRAPH7,auto,4596.0,404,11,536.0,7.413405435114691,18,4,1,10,36,0,0.09999999999999999
MITO,MITO_M2,MITO_M2_006_y256x512,JPEG,5,4584.0,404,13,586.0853531617383,7.159635370070376,24,6,2,11,33,0,0.125
MITO,MITO_M2,MITO_M2_006_y256x512,JPEG,auto,4584.0,404,12,575.842712474619,7.167503430462798,22,6,2,11,33,0,0.14285714285714285
MITO,MITO_M2,MITO_M2_006_y512x256,REF,5,,674,16,1380.1118318204312,6.367929539546208,93,43,11,68,78,0,1.0
MITO,MITO_M2,MITO_M2_006_y512x256,REF,auto,,674,15,1330.7981233214462,6.416551501551678,82,38,11,68,78,0,1.0
MITO,MITO_M2,MITO_M2_006_y512x256,SEG,5,,674,12,1062.1046891454946,8.319705581295645,47,20,6,26,38,0,0.1904761904761905
MITO,MITO_M2,MITO_M2_006_y512x256,SEG,auto,,674,8,1030.9625535217635,8.374450001093667,41,19,6,26,38,0,0.17543859649122803
MITO,MITO_M2,MITO_M2_006_y512x256,GRAPH7,5,6769.0,674,12,1062.0,8.340336350728066,47,20,6,25,38,0,0.1904761904761905
MITO,MITO_M2,MITO_M2_006_y512x256,GRAPH7,auto,6769.0,674,8,1030.75,8.394410639799375,41,19,6,25,38,0,0.17543859649122803
MITO,MITO_M2,MITO_M2_006_y512x256,JPEG,5,6537.0,674,12,1044.9331162702406,8.201475849283227,46,19,5,26,40,0,0.19354838709677416
MITO,MITO_M2,MITO_M2_006_y512x256,JPEG,auto,6537.0,674,9,1021.8620484583752,8.220714672840204,41,18,5,26,40,0,0.17857142857142858
MITO,MITO_M2,MITO_M2_007_y512x0,REF,5,,195,1,135.81118318204307,5.251504520892257,5,2,0,6,8,0,1.0
MITO,MITO_M2,MITO_M2_007_y512x0,REF,auto,,195,1,130.5685424949238,5.276920657346295,3,1,0,6,8,0,1.0
MITO,MITO_M2,MITO_M2_007_y512x0,SEG,5,,195,5,246.65180361560908,7.630875074164333,11,3,0,4,14,0,0.4
MITO,MITO_M2,MITO_M2_007_y512x0,SEG,auto,,195,4,244.23759005323598,7.659634842252532,10,3,0,4,14,0,0.0
MITO,MITO_M2,MITO_M2_007_y512x0,GRAPH7,5,1976.0,195,5,246.5,7.617589637008414,11,3,0,4,14,0,0.4
MITO,MITO_M2,MITO_M2_007_y512x0,GRAPH7,auto,1976.0,195,4,244.0,7.649532153781041,10,3,0,4,14,0,0.0
MITO,MITO_M2,MITO_M2_007_y512x0,JPEG,5,1974.0,195,8,461.303607231218,6.936959366918231,20,6,0,6,22,0,0.25
MITO,MITO_M2,MITO_M2_007_y512x0,JPEG,auto,1974.0,195,5,449.6467529817257,6.977550035475431,17,6,0,6,22,0,0.0
MITO,MITO_M2,MITO_M2_007_y512x256,REF,5,,391,24,2170.4398256692884,6.54846384420593,148,70,18,109,123,0,1.0
MITO,MITO_M2,MITO_M2_007_y512x256,REF,auto,,391,19,2091.398195108946,6.590415386833526,128,63,18,109,123,0,1.0
MITO,MITO_M2,MITO_M2_007_y512x256,SEG,5,,391,24,470.8183258569795,6.891020390696208,28,2,0,2,51,0,0.05555555555555556
MITO,MITO_M2,MITO_M2_007_y512x256,SEG,auto,,391,14,422.36248173426384,6.838703558675367,16,1,0,2,51,0,0.03125
MITO,MITO_M2,MITO_M2_007_y512x256,GRAPH7,5,4089.0,391,24,471.5,6.878845816075419,28,2,0,2,51,0,0.05555555555555556
MITO,MITO_M2,MITO_M2_007_y512x256,GRAPH7,auto,4089.0,391,14,423.0,6.818385474013518,16,1,0,2,51,0,0.03125
MITO,MITO_M2,MITO_M2_007_y512x256,JPEG,5,4066.0,391,27,590.7300141024109,6.803414114096125,36,4,0,6,61,0,0.08108108108108107
MITO,MITO_M2,MITO_M2_007_y512x256,JPEG,auto,4066.0,391,19,546.5168106668145,6.845073678968845,25,3,0,6,61,0,0.06060606060606061
MITO,MITO_M2,MITO_M2_007_y512x512,REF,5,,149,14,646.2741699796951,7.457545236922688,43,15,1,26,52,0,1.0
MITO,MITO_M2,MITO_M2_007_y512x512,REF,auto,,149,11,586.8893936688451,7.583720311083306,30,10,1,26,52,0,1.0
MITO,MITO_M2,MITO_M2_007_y512x512,SEG,5,,149,6,169.88225099390857,6.739348389031502,10,2,0,2,14,0,0.23529411764705882
MITO,MITO_M2,MITO_M2_007_y512x512,SEG,auto,,149,6,163.63961030678928,6.613588270651443,8,1,0,2,14,0,0.18181818181818182
MITO,MITO_M2,MITO_M2_007_y512x512,GRAPH7,5,2223.0,149,6,170.0,6.734986170761092,10,2,0,2,14,0,0.23529411764705882
MITO,MITO_M2,MITO_M2_007_y512x512,GRAPH7,auto,2223.0,149,6,163.75,6.612604302879123,8,1,0,2,14,0,0.18181818181818182
MITO,MITO_M2,MITO_M2_007_y512x512,JPEG,5,2197.0,149,9,296.13708498984755,6.850249406534266,14,2,0,4,22,0,0.0
MITO,MITO_M2,MITO_M2_007_y512x512,JPEG,auto,2197.0,149,8,284.48023074035524,6.897210659259793,11,1,0,4,22,0,0.0
MITO,MITO_M2,MITO_M2_008_y0x0,REF,5,,229,18,648.7127701597078,5.861951923120332,34,8,0,25,61,0,1.0
MITO,MITO_M2,MITO_M2_008_y0x0,REF,auto,,229,18,638.2274887854693,5.883702950328551,32,7,0,25,61,0,1.0
MITO,MITO_M2,MITO_M2_008_y0x0,SEG,5,,229,10,228.9238815542512,7.516408113877419,14,2,0,4,24,0,0.2
MITO,MITO_M2,MITO_M2_008_y0x0,SEG,auto,,229,9,226.5096679918781,7.534399163663419,13,2,0,4,24,0,0.22222222222222224
MITO,MITO_M2,MITO_M2_008_y0x0,GRAPH7,5,2936.0,229,10,229.0,7.5303406016381595,14,2,0,4,24,0,0.2
MITO,MITO_M2,MITO_M2_008_y0x0,GRAPH7,auto,2936.0,229,9,226.5,7.547231778256682,13,2,0,4,24,0,0.22222222222222224
MITO,MITO_M2,MITO_M2_008_y0x0,JPEG,5,2908.0,229,14,357.1787155501902,7.983327400290248,22,4,0,12,40,0,0.16666666666666666
MITO,MITO_M2,MITO_M2_008_y0x0,JPEG,auto,2908.0,229,11,319.79393923934003,8.007265275437112,15,2,0,12,40,0,0.22222222222222224
MITO,MITO_M2,MITO_M2_006_y512x512,REF,5,,204,12,214.4386001800126,4.944356165998981,15,2,2,12,32,0,1.0
MITO,MITO_M2,MITO_M2_006_y512x512,REF,auto,,204,9,205.02438661763955,5.040219409499945,12,2,1,12,32,0,1.0
MITO,MITO_M2,MITO_M2_006_y512x512,SEG,5,,204,9,247.65180361560903,7.807612041473391,13,2,0,3,21,0,0.0
MITO,MITO_M2,MITO_M2_006_y512x512,SEG,auto,,204,6,220.3380951166243,7.848675850459369,8,1,0,3,21,0,0.0
MITO,MITO_M2,MITO_M2_006_y512x512,GRAPH7,5,2493.0,204,9,247.75,7.777681201643375,13,2,0,3,21,0,0.0
MITO,MITO_M2,MITO_M2_006_y512x512,GRAPH7,auto,2493.0,204,6,220.5,7.850139359043645,8,1,0,3,21,0,0.0
MITO,MITO_M2,MITO_M2_006_y512x512,JPEG,5,2482.0,204,15,317.5929291125634,7.747375466683849,21,3,0,6,36,0,0.0
MITO,MITO_M2,MITO_M2_006_y512x512,JPEG,auto,2482.0,204,9,270.3797256769669,7.973716694319136,15,3,0,6,36,0,0.0
MITO,MITO_M2,MITO_M2_007_y0x0,REF,5,,962,2,162.29646455628165,4.780804118955183,4,1,0,3,7,0,1.0
MITO,MITO_M2,MITO_M2_007_y0x0,REF,auto,,962,2,162.29646455628165,4.780804118955183,4,1,0,3,7,0,1.0
MITO,MITO_M2,MITO_M2_007_y0x0,SEG,5,,962,10,1446.3595231414338,10.844064121196388,79,37,7,46,52,0,0.0
MITO,MITO_M2,MITO_M2_007_y0x0,SEG,auto,,962,6,1289.305699272271,11.080057540195476,53,26,7,46,52,0,0.0
MITO,MITO_M2,MITO_M2_007_y0x0,GRAPH7,5,7768.0,962,10,1446.75,10.856922438153218,79,37,7,43,52,0,0.0
MITO,MITO_M2,MITO_M2_007_y0x0,GRAPH7,auto,7768.0,962,6,1289.75,11.06141891455892,53,26,7,43,52,0,0.0
MITO,MITO_M2,MITO_M2_007_y0x0,JPEG,5,6523.0,962,5,266.9238815542512,7.706714716161996,15,6,2,7,13,0,0.2857142857142857
MITO,MITO_M2,MITO_M2_007_y0x0,JPEG,auto,6523.0,962,5,266.9238815542512,7.706714716161996,15,6,2,7,13,0,0.2857142857142857
MITO,MITO_M2,MITO_M2_006_y0x512,REF,5,,852,33,1087.5483399593904,4.828488491854936,57,12,3,33,94,0,1.0
MITO,MITO_M2,MITO_M2_006_y0x512,REF,auto,,852,28,1068.0630585851518,4.850011215829831,52,12,3,33,94,0,1.0
MITO,MITO_M2,MITO_M2_006_y0x512,SEG,5,,852,38,1089.8326112068523,7.766920230765823,64,15,4,22,90,0,0.07407407407407407
MITO,MITO_M2,MITO_M2_006_y0x512,SEG,auto,,852,27,1003.891485709898,7.8158750933757615,48,12,3,22,90,0,0.08333333333333333
MITO,MITO_M2,MITO_M2_006_y0x512,GRAPH7,5,8951.0,852,38,1091.0,7.728474217317978,64,15,4,21,90,0,0.07407407407407407
MITO,MITO_M2,MITO_M2_006_y0x512,GRAPH7,auto,8951.0,852,25,981.75,7.783300031592427,46,12,3,21,90,0,0.08333333333333333
MITO,MITO_M2,MITO_M2_006_y0x512,JPEG,5,8862.0,852,40,1074.9036790187179,7.770744090730143,66,15,4,27,99,0,0.07407407407407407
MITO,MITO_M2,MITO_M2_006_y0x512,JPEG,auto,8862.0,852,28,989.9625535217637,7.83923810070022,50,13,4,27,99,0,0.08
MITO,MITO_M2,MITO_M2_006_y256x256,REF,5,,502,31,887.7787873376899,4.978194740800462,45,7,0,17,80,0,1.0
MITO,MITO_M2,MITO_M2_006_y256x256,REF,auto,,502,24,864.7077195258244,5.030626910728632,38,7,0,17,80,0,1.0
MITO,MITO_M2,MITO_M2_006_y256x256,SEG,5,,502,25,631.4823227814084,7.201592586228359,38,7,1,10,58,0,0.0
MITO,MITO_M2,MITO_M2_006_y256x256,SEG,auto,,502,18,570.5411972844539,7.236054385993794,25,4,1,10,58,0,0.0
MITO,MITO_M2,MITO_M2_006_y256x256,GRAPH7,5,5204.0,502,25,630.5,7.188883696642957,38,7,1,10,58,0,0.0
MITO,MITO_M2,MITO_M2_006_y256x256,GRAPH7,auto,5204.0,502,20,584.25,7.189777435551764,27,4,1,10,58,0,0.0
MITO,MITO_M2,MITO_M2_006_y256x256,JPEG,5,5123.0,502,28,675.4528855298853,6.965040868443943,37,5,2,12,64,0,0.16666666666666666
MITO,MITO_M2,MITO_M2_006_y256x256,JPEG,auto,5123.0,502,23,643.6538956566621,6.986560454970233,32,5,2,12,64,0,0.16666666666666666
MITO,MITO_M2,MITO_M2_007_y256x256,REF,5,,431,11,451.5340546095175,6.210962549412305,17,3,0,8,30,0,1.0
MITO,MITO_M2,MITO_M2_007_y256x256,REF,auto,,431,8,427.6345596729059,6.24218879059077,12,2,0,8,30,0,1.0
MITO,MITO_M2,MITO_M2_007_y256x256,SEG,5,,431,19,574.2152954766494,6.907309548663437,23,2,0,8,46,0,0.0
MITO,MITO_M2,MITO_M2_007_y256x256,SEG,auto,,431,16,548.8305191657992,6.92119470217715,16,0,0,8,46,0,0.0
MITO,MITO_M2,MITO_M2_007_y256x256,GRAPH7,5,4311.0,431,19,574.75,6.915532854636043,23,2,0,8,46,0,0.0
MITO,MITO_M2,MITO_M2_007_y256x256,GRAPH7,auto,4311.0,431,16,549.0,6.916580160659499,16,0,0,8,46,0,0.0
MITO,MITO_M2,MITO_M2_007_y256x256,JPEG,5,4299.0,431,18,603.286363288515,6.833997109011591,26,5,2,10,42,0,0.25
MITO,MITO_M2,MITO_M2_007_y256x256,JPEG,auto,4299.0,431,15,579.8010819142763,6.870128662052176,21,4,2,10,42,0,0.0
MITO,MITO_M2,MITO_M2_007_y256x512,REF,5,,835,26,1247.8326112068526,7.713242705613021,85,31,3,65,111,0,1.0
MITO,MITO_M2,MITO_M2_007_y256x512,REF,auto,,835,20,1121.1341263970176,7.74683327889936,57,20,3,65,111,0,1.0
MITO,MITO_M2,MITO_M2_007_y256x512,SEG,5,,835,29,1088.7615433949868,8.608833134290732,51,10,0,23,81,0,0.24390243902439024
MITO,MITO_M2,MITO_M2_007_y256x512,SEG,auto,,835,21,999.6488450227788,8.615571075875524,33,6,0,23,81,0,0.15384615384615383
MITO,MITO_M2,MITO_M2_007_y256x512,GRAPH7,5,7257.0,835,29,1089.5,8.593136269379722,51,10,0,21,81,0,0.24390243902439024
MITO,MITO_M2,MITO_M2_007_y256x512,GRAPH7,auto,7257.0,835,21,1000.25,8.577025047703284,33,6,0,21,81,0,0.15384615384615383
MITO,MITO_M2,MITO_M2_007_y256x512,JPEG,5,7068.0,835,27,1094.2762620207484,8.465430435250477,53,13,0,22,76,0,0.2727272727272727
MITO,MITO_M2,MITO_M2_007_y256x512,JPEG,auto,7068.0,835,20,999.920922961421,8.494502084214057,32,6,0,22,76,0,0.15384615384615383
MITO,MITO_M2,MITO_M2_008_y0x512,REF,5,,458,3,53.21320343559644,6.116769035392206,3,0,0,2,8,0,1.0
MITO,MITO_M2,MITO_M2_008_y0x512,REF,auto,,458,2,48.21320343559644,6.199756925379829,2,0,0,2,8,0,1.0
MITO,MITO_M2,MITO_M2_008_y0x512,SEG,5,,458,16,769.558441227157,7.653093504130346,28,7,3,9,35,0,0.0
MITO,MITO_M2,MITO_M2_008_y0x512,SEG,auto,,458,10,742.2447327281722,7.640497354530488,20,6,2,9,35,0,0.0
MITO,MITO_M2,MITO_M2_008_y0x512,GRAPH7,5,4011.0,458,16,770.75,7.644345722476686,28,7,3,8,35,0,0.0
MITO,MITO_M2,MITO_M2_008_y0x512,GRAPH7,auto,4011.0,458,10,743.0,7.628762804738598,20,6,2,8,35,0,0.0
MITO,MITO_M2,MITO_M2_008_y0x512,JPEG,5,3838.0,458,11,768.97265478953,7.429769573465455,26,9,3,12,28,0,0.0
MITO,MITO_M2,MITO_M2_008_y0x512,JPEG,auto,3838.0,458,8,754.9015869776645,7.424330402813901,23,9,3,12,28,0,0.0
MITO,MITO_M2,MITO_M2_008_y256x0,REF,5,,327,11,577.7178207935913,7.710462343558477,44,18,3,29,45,0,1.0
MITO,MITO_M2,MITO_M2_008_y256x0,REF,auto,,327,10,525.2325394193526,7.760353547722769,29,11,3,29,45,0,1.0
MITO,MITO_M2,MITO_M2_008_y256x0,SEG,5,,327,17,349.22034611053283,8.096377507932766,19,1,0,5,39,0,0.0
MITO,MITO_M2,MITO_M2_008_y256x0,SEG,auto,,327,11,318.6639969244288,8.221001603529718,13,1,0,5,39,0,0.0
MITO,MITO_M2,MITO_M2_008_y256x0,GRAPH7,5,3576.0,327,17,349.75,8.103572347732353,19,1,0,5,39,0,0.0
MITO,MITO_M2,MITO_M2_008_y256x0,GRAPH7,auto,3576.0,327,11,319.0,8.221070206362926,13,1,0,5,39,0,0.0
MITO,MITO_M2,MITO_M2_008_y256x0,JPEG,5,3567.0,327,23,425.9898987322333,7.689266765875431,25,1,0,6,52,0,0.0
MITO,MITO_M2,MITO_M2_008_y256x0,JPEG,auto,3567.0,327,14,385.77669529663683,7.855961911083865,16,1,0,6,52,0,0.0
MITO,MITO_M2,MITO_M2_005_y512x512,REF,5,,766,15,1343.3889603929565,6.181527897462522,79,34,6,61,79,0,1.0
MITO,MITO_M2,MITO_M2_005_y512x512,REF,auto,,766,12,1307.0752518939717,6.16820687718259,70,31,6,61,79,0,1.0
MITO,MITO_M2,MITO_M2_005_y512x512,SEG,5,,766,25,1080.9919907732863,8.334592776596493,56,16,1,21,69,0,0.28
MITO,MITO_M2,MITO_M2_005_y512x512,SEG,auto,,766,21,1002.3940110268397,8.37348859320938,36,8,1,21,69,0,0.20512820512820512
MITO,MITO_M2,MITO_M2_005_y512x512,GRAPH7,5,8010.0,766,25,1082.5,8.324940714157039,56,16,1,21,69,0,0.28
MITO,MITO_M2,MITO_M2_005_y512x512,GRAPH7,auto,8010.0,766,21,1003.75,8.35983804201577,36,8,1,21,69,0,0.20512820512820512
MITO,MITO_M2,MITO_M2_005_y512x512,JPEG,5,8003.0,766,27,1106.7199128346442,8.2808771106674,60,17,2,25,75,0,0.3137254901960785
MITO,MITO_M2,MITO_M2_005_y512x512,JPEG,auto,8003.0,766,20,1020.2224381515858,8.337319079403876,39,10,1,25,75,0,0.24390243902439024
MITO,MITO_M2,MITO_M2_006_y0x256,REF,5,,1065,40,1423.6387437550122,5.899875740424901,65,12,1,26,104,0,1.0
MITO,MITO_M2,MITO_M2_006_y0x256,REF,auto,,1065,32,1371.8397538817887,5.978594661594242,50,9,1,26,104,0,1.0
MITO,MITO_M2,MITO_M2_006_y0x256,SEG,5,,1065,39,1589.4204896855322,7.540782774705744,74,20,5,28,96,0,0.125
MITO,MITO_M2,MITO_M2_006_y0x256,SEG,auto,,1065,33,1543.7930726875627,7.557795276210725,64,18,5,28,96,0,0.14814814814814814
MITO,MITO_M2,MITO_M2_006_y0x256,GRAPH7,5,11028.0,1065,39,1590.75,7.522520273119393,74,20,5,27,96,0,0.125
MITO,MITO_M2,MITO_M2_006_y0x256,GRAPH7,auto,11028.0,1065,33,1545.25,7.539073665844035,64,18,5,27,96,0,0.14814814814814814
MITO,MITO_M2,MITO_M2_006_y0x256,JPEG,5,11003.0,1065,40,1612.3910524340097,7.502584498080988,78,22,6,30,98,0,0.11764705882352942
MITO,MITO_M2,MITO_M2_006_y0x256,JPEG,auto,11003.0,1065,34,1568.9352083112938,7.514350768258385,70,21,6,30,98,0,0.13333333333333333
MITO,MITO_M2,MITO_M2_008_y512x0,REF,5,,259,11,366.63455967290594,7.633038915096223,24,8,3,13,29,0,1.0
MITO,MITO_M2,MITO_M2_008_y512x0,REF,auto,,259,7,343.14927829866735,7.821694085940798,16,6,3,13,29,0,1.0
MITO,MITO_M2,MITO_M2_008_y512x0,SEG,5,,259,12,326.22034611053283,9.042932904193371,17,3,1,4,26,0,0.18181818181818182
MITO,MITO_M2,MITO_M2_008_y512x0,SEG,auto,,259,9,297.6639969244288,9.047238034508123,12,2,1,4,26,0,0.25
MITO,MITO_M2,MITO_M2_008_y512x0,GRAPH7,5,3470.0,259,12,326.0,9.045030070251975,17,3,1,4,26,0,0.18181818181818182
MITO,MITO_M2,MITO_M2_008_y512x0,GRAPH7,auto,3470.0,259,9,297.5,9.059001756294991,12,2,1,4,26,0,0.25
MITO,MITO_M2,MITO_M2_008_y512x0,JPEG,5,3459.0,259,19,568.0437226013956,8.011002470304424,34,8,1,9,45,0,0.0
MITO,MITO_M2,MITO_M2_008_y512x0,JPEG,auto,3459.0,259,13,516.416305603426,8.014341510234313,22,5,1,9,45,0,0.0
MITO,MITO_M2,MITO_M2_008_y512x256,REF,5,,264,8,440.2619766708754,7.274749121829573,15,4,1,12,26,0,1.0
MITO,MITO_M2,MITO_M2_008_y512x256,REF,auto,,264,6,414.53405460951757,7.33893791689891,13,4,1,12,26,0,1.0
MITO,MITO_M2,MITO_M2_008_y512x256,SEG,5,,264,10,367.6761902332486,7.743263178785869,14,2,0,3,23,0,0.0
MITO,MITO_M2,MITO_M2_008_y512x256,SEG,auto,,264,7,347.7766952966369,7.875200642073688,11,2,0,3,23,0,0.0
MITO,MITO_M2,MITO_M2_008_y512x256,GRAPH7,5,2958.0,264,10,368.0,7.708152731318694,14,2,0,3,23,0,0.0
MITO,MITO_M2,MITO_M2_008_y512x256,GRAPH7,auto,2958.0,264,7,348.0,7.8382908193255165,11,2,0,3,23,0,0.0
MITO,MITO_M2,MITO_M2_008_y512x256,JPEG,5,2955.0,264,13,521.1147904132612,8.153212694708047,23,5,0,6,32,0,0.0
MITO,MITO_M2,MITO_M2_008_y512x256,JPEG,auto,2955.0,264,11,488.73001410241096,8.244441821238393,15,2,0,6,32,0,0.0
MITO,MITO_M2,MITO_M2_008_y256x256,REF,5,,487,17,956.8792924010784,6.605420781953951,64,26,5,56,80,0,1.0
MITO,MITO_M2,MITO_M2_008_y256x256,REF,auto,,487,15,887.4945160902281,6.629594604186585,50,20,5,56,80,0,1.0
MITO,MITO_M2,MITO_M2_008_y256x256,SEG,5,,487,23,581.144227664784,8.193724754067965,35,6,0,10,56,0,0.1875
MITO,MITO_M2,MITO_M2_008_y256x256,SEG,auto,,487,16,503.7888886054567,8.137116704278753,20,2,0,10,56,0,0.09090909090909091
MITO,MITO_M2,MITO_M2_008_y256x256,GRAPH7,5,5285.0,487,23,581.5,8.225354263040709,35,6,0,10,56,0,0.1875
MITO,MITO_M2,MITO_M2_008_y256x256,GRAPH7,auto,5285.0,487,16,503.75,8.157339082540565,20,2,0,10,56,0,0.09090909090909091
MITO,MITO_M2,MITO_M2_008_y256x256,JPEG,5,5273.0,487,28,686.0559159102155,7.802398554255229,38,6,2,13,65,0,0.125
MITO,MITO_M2,MITO_M2_008_y256x256,JPEG,auto,5273.0,487,22,631.6000717874998,7.803127701794821,29,4,2,13,65,0,0.08333333333333334
MITO,MITO_M2,MITO_M2_008_y256x512,REF,5,,374,24,847.4234482783625,6.642919836153703,58,19,5,44,82,0,1.0
MITO,MITO_M2,MITO_M2_008_y256x512,REF,auto,,374,19,781.7960312803931,6.630189993094671,44,14,4,44,82,0,1.0
MITO,MITO_M2,MITO_M2_008_y256x512,SEG,5,,374,21,437.2741699796952,7.846514547023614,27,3,0,5,47,0,0.0
MITO,MITO_M2,MITO_M2_008_y256x512,SEG,auto,,374,12,358.84776310850236,8.045042391054034,12,0,0,5,47,0,0.0
MITO,MITO_M2,MITO_M2_008_y256x512,GRAPH7,5,4076.0,374,21,437.5,7.828134598613964,27,3,0,5,47,0,0.0
MITO,MITO_M2,MITO_M2_008_y256x512,GRAPH7,auto,4076.0,374,12,359.0,8.024795869023674,12,0,0,5,47,0,0.0
MITO,MITO_M2,MITO_M2_008_y256x512,JPEG,5,4054.0,374,27,558.4995667241113,7.4335821433055544,34,4,1,7,59,0,0.0
MITO,MITO_M2,MITO_M2_008_y256x512,JPEG,auto,4054.0,374,21,511.45793616376875,7.49233474725197,22,1,1,7,59,0,0.0
MITO,MITO_M2,MITO_M2_008_y512x512,REF,5,,430,27,1086.4062043356594,6.639665434624792,62,19,4,42,90,0,1.0
MITO,MITO_M2,MITO_M2_008_y512x512,REF,auto,,430,18,991.4650788387052,6.746792164132845,42,14,4,42,90,0,1.0
MITO,MITO_M2,MITO_M2_008_y512x512,SEG,5,,430,18,469.2741699796952,7.971057050697905,30,6,0,10,46,0,0.08
MITO,MITO_M2,MITO_M2_008_y512x512,SEG,auto,,430,11,416.16147160748716,8.009465491038704,19,4,0,10,46,0,0.11111111111111112
MITO,MITO_M2,MITO_M2_008_y512x512,GRAPH7,5,4507.0,430,18,470.0,8.019679363516579,30,6,0,10,46,0,0.08
MITO,MITO_M2,MITO_M2_008_y512x512,GRAPH7,auto,4507.0,430,11,416.75,8.072709740704155,19,4,0,10,46,0,0.11111111111111112
MITO,MITO_M2,MITO_M2_008_y512x512,JPEG,5,4442.0,430,19,453.37467504308364,8.1805376933349,31,6,0,8,46,0,0.08
MITO,MITO_M2,MITO_M2_008_y512x512,JPEG,auto,4442.0,430,10,401.6761902332486,8.13602440067502,18,4,0,8,46,0,0.11111111111111112
MITO,MITO_M2,MITO_M2_009_y0x256,REF,5,,159,5,93.1543289325507,4.539766989087509,6,1,1,3,11,0,1.0
MITO,MITO_M2,MITO_M2_009_y0x256,REF,auto,,159,3,85.91168824543142,4.530499995812966,4,1,1,3,11,0,1.0
MITO,MITO_M2,MITO_M2_009_y0x256,SEG,5,,159,7,181.99494936611666,7.422975386899348,11,2,1,4,16,0,0.0
MITO,MITO_M2,MITO_M2_009_y0x256,SEG,auto,,159,6,162.8528137423857,7.546883071484406,7,1,1,4,16,0,0.0
MITO,MITO_M2,MITO_M2_009_y0x256,GRAPH7,5,2186.0,159,7,182.5,7.4519041253451865,11,2,1,3,16,0,0.0
MITO,MITO_M2,MITO_M2_009_y0x256,GRAPH7,auto,2186.0,159,6,163.25,7.53773355513321,7,1,1,3,16,0,0.0
MITO,MITO_M2,MITO_M2_009_y0x256,JPEG,5,2164.0,159,8,200.40916292848976,6.981193378927763,10,1,1,4,18,0,0.0
MITO,MITO_M2,MITO_M2_009_y0x256,JPEG,auto,2164.0,159,7,190.3380951166243,7.036150612876495,8,1,1,4,18,0,0.0
MITO,MITO_M2,MITO_M2_010_y0x256,REF,5,,176,3,54.04163056034262,6.0901028189241755,5,1,0,1,7,0,1.0
MITO,MITO_M2,MITO_M2_010_y0x256,REF,auto,,176,2,51.21320343559643,6.2931165781068845,4,1,0,1,7,0,1.0
MITO,MITO_M2,MITO_M2_010_y0x256,SEG,5,,176,8,181.85281374238573,7.248592596712038,11,2,1,3,17,0,0.0
MITO,MITO_M2,MITO_M2_010_y0x256,SEG,auto,,176,6,168.19595949289334,7.130746465083778,8,1,0,3,17,0,0.0
MITO,MITO_M2,MITO_M2_010_y0x256,GRAPH7,5,1807.0,176,8,182.0,7.292961292301716,11,2,1,2,17,0,0.0
MITO,MITO_M2,MITO_M2_010_y0x256,GRAPH7,auto,1807.0,176,6,168.25,7.175372690632466,8,1,0,2,17,0,0.0
MITO,MITO_M2,MITO_M2_010_y0x256,JPEG,5,1792.0,176,6,201.26702730475878,6.984597030317646,8,1,0,2,14,0,0.0
MITO,MITO_M2,MITO_M2_010_y0x256,JPEG,auto,1792.0,176,6,201.26702730475878,6.984597030317646,8,1,0,2,14,0,0.0
MITO,MITO_M2,MITO_M2_010_y0x512,REF,5,,296,8,289.1787155501902,5.709038258238383,10,1,0,6,22,0,1.0
MITO,MITO_M2,MITO_M2_010_y0x512,REF,auto,,296,6,279.350288425444,5.753518352331275,8,1,0,6,22,0,1.0
MITO,MITO_M2,MITO_M2_010_y0x512,SEG,5,,296,15,377.1198410471444,7.382182126509692,23,4,0,4,34,0,0.0
MITO,MITO_M2,MITO_M2_010_y0x512,SEG,auto,,296,9,353.39191898578656,7.462798476783952,17,4,0,4,34,0,0.0
MITO,MITO_M2,MITO_M2_010_y0x512,GRAPH7,5,2847.0,296,15,377.75,7.352295924392922,23,4,0,4,34,0,0.0
MITO,MITO_M2,MITO_M2_010_y0x512,GRAPH7,auto,2847.0,296,9,353.75,7.4375046938217,17,4,0,4,34,0,0.0
MITO,MITO_M2,MITO_M2_010_y0x512,JPEG,5,2828.0,296,14,409.6467529817256,7.0184239991973545,20,3,0,4,32,0,0.5
MITO,MITO_M2,MITO_M2_010_y0x512,JPEG,auto,2828.0,296,10,381.50461735799473,6.927339415703669,12,1,0,4,32,0,0.0
MITO,MITO_M2,MITO_M2_009_y0x512,REF,5,,233,13,491.32799384885743,5.456199750667617,21,4,1,9,33,0,1.0
MITO,MITO_M2,MITO_M2_009_y0x512,REF,auto,,233,11,475.9137802864843,5.4368127578414684,17,3,1,9,33,0,1.0
MITO,MITO_M2,MITO_M2_009_y0x512,SEG,5,,233,11,306.3208511739212,7.434680461343132,15,2,0,2,24,0,0.3333333333333333
MITO,MITO_M2,MITO_M2_009_y0x512,SEG,auto,,233,10,302.9066376115481,7.4619841365069846,14,2,0,2,24,0,0.4
MITO,MITO_M2,MITO_M2_009_y0x512,GRAPH7,5,3108.0,233,11,306.75,7.427438223003047,15,2,0,2,24,0,0.3333333333333333
MITO,MITO_M2,MITO_M2_009_y0x512,GRAPH7,auto,3108.0,233,10,303.25,7.455454822444136,14,2,0,2,24,0,0.4
MITO,MITO_M2,MITO_M2_009_y0x512,JPEG,5,3102.0,233,17,428.7178207935912,7.161633201562247,23,3,1,5,37,0,0.28571428571428575
MITO,MITO_M2,MITO_M2_009_y0x512,JPEG,auto,3102.0,233,12,403.74725804511405,7.257807978082659,18,3,1,5,37,0,0.3333333333333333
MITO,MITO_M2,MITO_M2_009_y256x256,REF,5,,343,29,752.2274887854695,6.089511833961444,60,17,4,37,87,0,1.0
MITO,MITO_M2,MITO_M2_009_y256x256,REF,auto,,343,19,669.7005768508883,6.121200023148068,43,14,4,37,87,0,1.0
MITO,MITO_M2,MITO_M2_009_y256x256,SEG,5,,343,17,404.70562748477147,7.409006954705764,30,7,1,7,39,0,0.3333333333333333
MITO,MITO_M2,MITO_M2_009_y256x256,SEG,auto,,343,10,366.49242404917493,7.427656892275285,21,6,1,7,39,0,0.4
MITO,MITO_M2,MITO_M2_009_y256x256,GRAPH7,5,3504.0,343,17,404.5,7.375345632465175,30,7,1,7,39,0,0.3333333333333333
MITO,MITO_M2,MITO_M2_009_y256x256,GRAPH7,auto,3504.0,343,10,366.5,7.398505180684629,21,6,1,7,39,0,0.4
MITO,MITO_M2,MITO_M2_009_y256x256,JPEG,5,3460.0,343,15,380.8061325481597,7.177495108008099,26,6,1,7,35,0,0.2608695652173913
MITO,MITO_M2,MITO_M2_009_y256x256,JPEG,auto,3460.0,343,10,363.73506473629425,7.207609278747024,21,6,1,7,35,0,0.3
MITO,MITO_M2,MITO_M2_009_y256x512,REF,5,,368,13,777.9137802864844,6.592415314811721,35,11,0,22,50,0,1.0
MITO,MITO_M2,MITO_M2_009_y256x512,REF,auto,,368,11,737.0142853498728,6.634481072436788,25,7,0,22,50,0,1.0
MITO,MITO_M2,MITO_M2_009_y256x512,SEG,5,,368,14,519.1614716074871,7.9567143107785565,22,4,0,6,34,0,0.13333333333333333
MITO,MITO_M2,MITO_M2_009_y256x512,SEG,auto,,368,13,508.0904037956216,8.039138217712212,19,3,0,6,34,0,0.2
MITO,MITO_M2,MITO_M2_009_y256x512,GRAPH7,5,4271.0,368,14,518.75,7.912452807450794,22,4,0,6,34,0,0.13333333333333333
MITO,MITO_M2,MITO_M2_009_y256x512,GRAPH7,auto,4271.0,368,13,507.75,7.982012925931696,19,3,0,6,34,0,0.2
MITO,MITO_M2,MITO_M2_009_y256x512,JPEG,5,4176.0,368,15,558.5462479183374,8.165338929594885,23,4,0,6,36,0,0.0
MITO,MITO_M2,MITO_M2_009_y256x512,JPEG,auto,4176.0,368,14,545.475180106472,8.213399403029067,20,3,0,6,36,0,0.0
MITO,MITO_M2,MITO_M2_009_y512x0,REF,5,,158,3,42.87005768508882,4.907978885160999,3,0,0,2,8,0,1.0
MITO,MITO_M2,MITO_M2_009_y512x0,REF,auto,,158,2,39.87005768508882,4.968760677292421,2,0,0,2,8,0,1.0
MITO,MITO_M2,MITO_M2_009_y512x0,SEG,5,,158,5,191.33809511662423,7.256362180840575,7,1,0,3,13,0,0.0
MITO,MITO_M2,MITO_M2_009_y512x0,SEG,auto,,158,4,178.4386001800126,7.413961493482339,4,0,0,3,13,0,1.0
MITO,MITO_M2,MITO_M2_009_y512x0,GRAPH7,5,1805.0,158,5,191.25,7.3077170802939255,7,1,0,3,13,0,0.0
MITO,MITO_M2,MITO_M2_009_y512x0,GRAPH7,auto,1805.0,158,4,178.5,7.431587628046013,4,0,0,3,13,0,1.0
MITO,MITO_M2,MITO_M2_009_y512x0,JPEG,5,1792.0,158,6,176.09545442950497,7.303383821906358,8,1,0,2,14,0,0.0
MITO,MITO_M2,MITO_M2_009_y512x0,JPEG,auto,1792.0,158,6,176.09545442950497,7.303383821906358,8,1,0,2,14,0,0.0
MITO,MITO_M2,MITO_M2_007_y0x256,REF,5,,990,29,1196.2051942088829,5.877571132356454,62,18,3,42,94,0,1.0
MITO,MITO_M2,MITO_M2_007_y0x256,REF,auto,,990,25,1162.305699272271,5.912630765582239,56,17,3,42,94,0,1.0
MITO,MITO_M2,MITO_M2_007_y0x256,SEG,5,,990,25,1351.798123321446,8.311942762391444,72,24,2,35,81,0,0.14285714285714288
MITO,MITO_M2,MITO_M2_007_y0x256,SEG,auto,,990,19,1265.9575028878803,8.329718345997177,52,17,2,35,81,0,0.17647058823529413
MITO,MITO_M2,MITO_M2_007_y0x256,GRAPH7,5,9332.0,990,25,1352.25,8.308249717451725,72,24,2,34,81,0,0.14285714285714288
MITO,MITO_M2,MITO_M2_007_y0x256,GRAPH7,auto,9332.0,990,19,1266.5,8.329043666113897,52,17,2,34,81,0,0.17647058823529413
MITO,MITO_M2,MITO_M2_007_y0x256,JPEG,5,8682.0,990,26,1358.9696961967002,8.070632373595588,68,21,2,30,78,0,0.15384615384615383
MITO,MITO_M2,MITO_M2_007_y0x256,JPEG,auto,8682.0,990,19,1269.9575028878803,8.137035637168301,51,16,2,30,78,0,0.1818181818181818
MITO,MITO_M2,MITO_M2_007_y0x512,REF,5,,885,48,1531.082394568908,6.896796533941135,97,25,1,60,154,0,1.0
MITO,MITO_M2,MITO_M2_007_y0x512,REF,auto,,885,37,1398.0702012600887,6.962228853726322,70,17,1,60,154,0,1.0
MITO,MITO_M2,MITO_M2_007_y0x512,SEG,5,,885,32,1262.18795026618,8.140989642312784,60,14,2,22,83,0,0.15384615384615383
MITO,MITO_M2,MITO_M2_007_y0x512,SEG,auto,,885,23,1175.1757569573597,8.249781691234729,46,12,2,22,83,0,0.13793103448275862
MITO,MITO_M2,MITO_M2_007_y0x512,GRAPH7,5,8950.0,885,32,1263.75,8.148292007951172,60,14,2,21,83,0,0.15384615384615383
MITO,MITO_M2,MITO_M2_007_y0x512,GRAPH7,auto,8950.0,885,23,1176.25,8.252320727029874,46,12,2,21,83,0,0.13793103448275862
MITO,MITO_M2,MITO_M2_007_y0x512,JPEG,5,8815.0,885,31,1243.57272657703,8.08642957795064,59,14,1,18,79,0,0.15384615384615383
MITO,MITO_M2,MITO_M2_007_y0x512,JPEG,auto,8815.0,885,24,1154.9036790187179,8.16478274514843,45,11,1,18,79,0,0.14285714285714285
MITO,MITO_M2,MITO_M2_009_y512x256,REF,5,,779,25,1330.7981233214464,6.642019157144227,105,44,12,81,109,0,1.0
MITO,MITO_M2,MITO_M2_009_y512x256,REF,auto,,779,17,1201.7859300126265,6.746562389893905,76,34,12,81,109,0,1.0
MITO,MITO_M2,MITO_M2_009_y512x256,SEG,5,,779,28,952.8498551495558,8.621838683555984,63,18,1,25,79,0,0.06451612903225805
MITO,MITO_M2,MITO_M2_009_y512x256,SEG,auto,,779,19,829.7665940288704,8.609951300697631,36,9,1,25,79,0,0.04651162790697674
MITO,MITO_M2,MITO_M2_009_y512x256,GRAPH7,5,7949.0,779,28,953.0,8.61591541014729,63,18,1,24,79,0,0.06451612903225805
MITO,MITO_M2,MITO_M2_009_y512x256,GRAPH7,auto,7949.0,779,19,829.75,8.568224947778035,36,9,1,24,79,0,0.04651162790697674
MITO,MITO_M2,MITO_M2_009_y512x256,JPEG,5,7868.0,779,29,956.2640687119286,8.225080243107623,62,17,1,29,85,0,0.06557377049180328
MITO,MITO_M2,MITO_M2_009_y512x256,JPEG,auto,7868.0,779,19,854.7665940288703,8.282879162071149,40,11,1,29,85,0,0.04444444444444444
MITO,MITO_M2,MITO_M2_009_y512x512,REF,5,,101,1,56.55634918610405,7.352118149298217,3,1,0,2,4,0,1.0
MITO,MITO_M2,MITO_M2_009_y512x512,REF,auto,,101,1,51.55634918610405,7.5450790983158305,3,1,0,2,4,0,1.0
MITO,MITO_M2,MITO_M2_009_y512x512,SEG,5,,101,4,72.45584412271572,6.8576100285835695,6,1,0,2,10,0,1.0
MITO,MITO_M2,MITO_M2_009_y512x512,SEG,auto,,101,2,56.38477631085024,7.252137166394828,2,0,0,2,10,0,0.0
MITO,MITO_M2,MITO_M2_009_y512x512,GRAPH7,5,1301.0,101,4,72.5,6.849974335174707,6,1,0,2,10,0,1.0
MITO,MITO_M2,MITO_M2_009_y512x512,GRAPH7,auto,1301.0,101,2,56.5,7.279834323896748,2,0,0,2,10,0,0.0
MITO,MITO_M2,MITO_M2_009_y512x512,JPEG,5,1250.0,101,11,250.61017305526644,7.087846204435546,20,5,2,8,26,0,0.33333333333333337
MITO,MITO_M2,MITO_M2_009_y512x512,JPEG,auto,1250.0,101,8,235.95331880577405,7.074658746485291,17,5,2,8,26,0,0.33333333333333337
MITO,MITO_M2,MITO_M2_010_y512x512,REF,5,,441,12,241.06601717798216,6.99704011301939,18,3,0,6,30,0,1.0
MITO,MITO_M2,MITO_M2_010_y512x512,REF,auto,,441,9,213.99494936611666,7.2888623424924415,13,2,0,6,30,0,1.0
MITO,MITO_M2,MITO_M2_010_y512x512,SEG,5,,441,23,491.2447327281724,7.015919583067138,35,6,0,8,54,0,0.2222222222222222
MITO,MITO_M2,MITO_M2_010_y512x512,SEG,auto,,441,17,449.61731573020285,7.023341400677265,23,3,0,8,54,0,0.4
MITO,MITO_M2,MITO_M2_010_y512x512,GRAPH7,5,4214.0,441,23,491.25,7.010122311812477,35,6,0,8,54,0,0.2222222222222222
MITO,MITO_M2,MITO_M2_010_y512x512,GRAPH7,auto,4214.0,441,17,449.25,7.021681718194354,23,3,0,8,54,0,0.4
MITO,MITO_M2,MITO_M2_010_y512x512,JPEG,5,4137.0,441,32,547.3868683519032,6.890024831812243,45,7,2,12,72,0,0.2
MITO,MITO_M2,MITO_M2_010_y512x512,JPEG,auto,4137.0,441,23,503.8599564173221,7.033444619714476,34,6,2,12,72,0,0.25
MITO,MITO_M2,MITO_M2_011_y0x256,REF,5,,96,3,195.26702730475876,6.112783639746603,8,3,1,5,9,0,1.0
MITO,MITO_M2,MITO_M2_011_y0x256,REF,auto,,96,3,190.0243866176395,6.100246169809701,6,2,1,5,9,0,1.0
MITO,MITO_M2,MITO_M2_011_y0x256,SEG,5,,96,4,93.18376618407356,6.65196053271752,4,0,0,0,8,0,0.0
MITO,MITO_M2,MITO_M2_011_y0x256,SEG,auto,,96,3,86.94112549695427,6.6809075570658045,3,0,0,0,8,0,0.0
MITO,MITO_M2,MITO_M2_011_y0x256,GRAPH7,5,1278.0,96,4,93.25000000000001,6.6345138328464754,4,0,0,0,8,0,0.0
MITO,MITO_M2,MITO_M2_011_y0x256,GRAPH7,auto,1278.0,96,3,87.00000000000001,6.644177182907286,3,0,0,0,8,0,0.0
MITO,MITO_M2,MITO_M2_011_y0x256,JPEG,5,1262.0,96,11,232.82337649086287,6.603483583180877,15,2,0,5,27,0,0.0
MITO,MITO_M2,MITO_M2_011_y0x256,JPEG,auto,1262.0,96,8,208.92388155425118,6.688906990888638,10,1,0,5,27,0,0.0
MITO,MITO_M2,MITO_M2_011_y512x256,REF,5,,461,26,1220.0580079512683,5.481602865061142,41,9,3,24,70,0,1.0
MITO,MITO_M2,MITO_M2_011_y512x256,REF,auto,,461,23,1202.643794388895,5.508142437796161,38,9,3,24,70,0,1.0
MITO,MITO_M2,MITO_M2_011_y512x256,SEG,5,,461,23,579.1147904132612,7.333242426884343,31,4,0,7,53,0,0.15384615384615383
MITO,MITO_M2,MITO_M2_011_y512x256,SEG,auto,,461,19,545.8010819142764,7.2565598395604844,21,1,0,7,53,0,0.0
MITO,MITO_M2,MITO_M2_011_y512x256,GRAPH7,5,4387.0,461,23,579.75,7.318209705927432,31,4,0,7,53,0,0.15384615384615383
MITO,MITO_M2,MITO_M2_011_y512x256,GRAPH7,auto,4387.0,461,19,546.25,7.248944034098097,21,1,0,7,53,0,0.0
MITO,MITO_M2,MITO_M2_011_y512x256,JPEG,5,4386.0,461,24,608.6711395993652,7.405509477212618,30,3,0,5,53,0,0.0
MITO,MITO_M2,MITO_M2_011_y512x256,JPEG,auto,4386.0,461,18,554.558441227157,7.429874264027388,20,1,0,5,53,0,0.0
MITO,MITO_M2,MITO_M2_011_y512x512,REF,5,,373,9,219.7523086789974,5.202656486130656,11,1,0,9,27,0,1.0
MITO,MITO_M2,MITO_M2_011_y512x512,REF,auto,,373,9,219.7523086789974,5.202656486130656,11,1,0,9,27,0,1.0
MITO,MITO_M2,MITO_M2_011_y512x512,SEG,5,,373,25,403.47518010647184,7.384965043342843,27,1,0,2,52,0,0.0
MITO,MITO_M2,MITO_M2_011_y512x512,SEG,auto,,373,17,366.74725804511405,7.4356921684303705,19,1,0,2,52,0,0.0
MITO,MITO_M2,MITO_M2_011_y512x512,GRAPH7,5,3430.0,373,25,403.5,7.353100926907137,27,1,0,2,52,0,0.0
MITO,MITO_M2,MITO_M2_011_y512x512,GRAPH7,auto,3430.0,373,17,366.75,7.40825146286852,19,1,0,2,52,0,0.0
MITO,MITO_M2,MITO_M2_011_y512x512,JPEG,5,3381.0,373,36,561.8132752230963,6.868795395668056,44,4,1,8,78,0,0.0
MITO,MITO_M2,MITO_M2_011_y512x512,JPEG,auto,3381.0,373,21,490.2152954766495,6.961900233644427,26,2,0,8,78,0,0.0
MITO,MITO_M2,MITO_M2_010_y512x0,REF,5,,361,7,610.730014102411,6.152474559908349,33,14,2,24,34,0,1.0
MITO,MITO_M2,MITO_M2_010_y512x0,REF,auto,,361,7,599.7300141024109,6.179214199455982,29,12,2,24,34,0,1.0
MITO,MITO_M2,MITO_M2_010_y512x0,SEG,5,,361,10,527.8305191657994,7.4854421771617865,26,9,3,12,26,0,0.08695652173913043
MITO,MITO_M2,MITO_M2_010_y512x0,SEG,auto,,361,8,500.10259710444143,7.384459873035779,18,6,3,12,26,0,0.1111111111111111
MITO,MITO_M2,MITO_M2_010_y512x0,GRAPH7,5,3293.0,361,10,528.25,7.515915222716264,26,9,3,10,26,0,0.08695652173913043
MITO,MITO_M2,MITO_M2_010_y512x0,GRAPH7,auto,3293.0,361,8,500.5,7.417236991713373,18,6,3,10,26,0,0.1111111111111111
MITO,MITO_M2,MITO_M2_010_y512x0,JPEG,5,3234.0,361,10,523.1025971044414,7.415797404184019,24,8,2,12,28,0,0.09090909090909091
MITO,MITO_M2,MITO_M2_010_y512x0,JPEG,auto,3234.0,361,7,495.13203435596427,7.470429489989622,17,6,2,12,28,0,0.1111111111111111
MITO,MITO_M2,MITO_M2_010_y512x256,REF,5,,657,36,1959.9839815465725,6.539832021638052,102,34,3,77,143,0,1.0
MITO,MITO_M2,MITO_M2_010_y512x256,REF,auto,,657,28,1879.6997102991108,6.597977953520331,84,29,2,77,143,0,1.0
MITO,MITO_M2,MITO_M2_010_y512x256,SEG,5,,657,28,923.4062043356596,7.887839566381484,41,7,1,14,68,0,0.0975609756097561
MITO,MITO_M2,MITO_M2_010_y512x256,SEG,auto,,657,22,886.0214280248092,7.950870253880369,33,6,1,14,68,0,0.05714285714285715
MITO,MITO_M2,MITO_M2_010_y512x256,GRAPH7,5,6509.0,657,28,924.25,7.884670365621063,41,7,1,13,68,0,0.0975609756097561
MITO,MITO_M2,MITO_M2_010_y512x256,GRAPH7,auto,6509.0,657,22,886.5,7.948382441837628,33,6,1,13,68,0,0.05714285714285715
MITO,MITO_M2,MITO_M2_010_y512x256,JPEG,5,6450.0,657,28,1004.619407771256,7.847773343862637,47,10,1,16,70,0,0.13636363636363635
MITO,MITO_M2,MITO_M2_010_y512x256,JPEG,auto,6450.0,657,23,966.6488450227787,7.905880448158842,40,9,1,16,70,0,0.10526315789473684
MITO,MITO_M2,MITO_M2_011_y256x512,REF,5,,586,10,441.91883092036784,6.257456314331841,27,9,2,14,30,0,1.0
MITO,MITO_M2,MITO_M2_011_y256x512,REF,auto,,586,7,426.26197667087547,6.25426438249357,22,8,1,14,30,0,1.0
MITO,MITO_M2,MITO_M2_011_y256x512,SEG,5,,586,26,713.7838379715736,8.669840065044713,45,10,1,14,64,0,0.2105263157894737
MITO,MITO_M2,MITO_M2_011_y256x512,SEG,auto,,586,14,636.0142853498729,8.813710096531294,21,4,1,14,64,0,0.3333333333333333
MITO,MITO_M2,MITO_M2_011_y256x512,GRAPH7,5,6173.0,586,26,714.75,8.65664754181603,45,10,1,13,64,0,0.2105263157894737
MITO,MITO_M2,MITO_M2_011_y256x512,GRAPH7,auto,6173.0,586,14,636.75,8.79809583825934,21,4,1,13,64,0,0.3333333333333333
MITO,MITO_M2,MITO_M2_011_y256x512,JPEG,5,6051.0,586,25,707.7127701597078,8.586547897383747,44,10,2,14,60,0,0.2105263157894737
MITO,MITO_M2,MITO_M2_011_y256x512,JPEG,auto,6051.0,586,14,621.9432175380075,8.714275370436741,24,6,2,14,60,0,0.28571428571428575
MITO,MITO_M2,MITO_M2_011_y512x0,REF,5,,350,9,749.9554108468271,5.625771106407799,43,19,4,31,41,0,1.0
MITO,MITO_M2,MITO_M2_011_y512x0,REF,auto,,350,8,732.7127701597079,5.6194004113609415,38,17,4,31,41,0,1.0
MITO,MITO_M2,MITO_M2_011_y512x0,SEG,5,,350,12,454.3330444827409,8.457053996457429,26,8,2,10,30,0,0.14814814814814814
MITO,MITO_M2,MITO_M2_011_y512x0,SEG,auto,,350,9,427.77669529663683,8.580781382684583,19,6,2,10,30,0,0.1739130434782609
MITO,MITO_M2,MITO_M2_011_y512x0,GRAPH7,5,3425.0,350,12,454.25,8.500475159311405,26,8,2,10,30,0,0.14814814814814814
MITO,MITO_M2,MITO_M2_011_y512x0,GRAPH7,auto,3425.0,350,9,428.0,8.620781232947717,19,6,2,10,30,0,0.1739130434782609
MITO,MITO_M2,MITO_M2_011_y512x0,JPEG,5,3368.0,350,11,487.2619766708754,8.249733367395624,24,7,2,13,31,0,0.15384615384615385
MITO,MITO_M2,MITO_M2_011_y512x0,JPEG,auto,3368.0,350,10,464.19090885900994,8.270658234580768,19,5,2,13,31,0,0.0909090909090909
MITO,MITO_M2,MITO_M2_011_y256x0,REF,5,,316,11,534.3452377915605,5.865364980962107,17,3,0,9,31,0,1.0
MITO,MITO_M2,MITO_M2_011_y256x0,REF,auto,,316,9,528.1025971044412,5.883898248965316,15,3,0,9,31,0,1.0
MITO,MITO_M2,MITO_M2_011_y256x0,SEG,5,,316,12,439.57568516986026,7.6485640280946505,18,3,0,4,28,0,0.3333333333333333
MITO,MITO_M2,MITO_M2_011_y256x0,SEG,auto,,316,9,410.0193359837562,7.704020424548707,11,1,0,4,28,0,0.5
MITO,MITO_M2,MITO_M2_011_y256x0,GRAPH7,5,3439.0,316,12,440.0,7.619300543698825,18,3,0,4,28,0,0.3333333333333333
MITO,MITO_M2,MITO_M2_011_y256x0,GRAPH7,auto,3439.0,316,9,410.25,7.6614568354337,11,1,0,4,28,0,0.5
MITO,MITO_M2,MITO_M2_011_y256x0,JPEG,5,3401.0,316,13,466.98989873223326,7.541846417516826,23,5,0,7,33,0,0.25
MITO,MITO_M2,MITO_M2_011_y256x0,JPEG,auto,3401.0,316,9,410.9482681718907,7.562520866136603,11,1,0,7,33,0,0.5
MITO,MITO_M2,MITO_M2_011_y256x256,REF,5,,528,33,1561.5676759431467,5.630323271540447,56,12,2,39,101,0,1.0
MITO,MITO_M2,MITO_M2_011_y256x256,REF,auto,,528,28,1507.9108216936543,5.651734852655281,45,9,2,39,101,0,1.0
MITO,MITO_M2,MITO_M2_011_y256x256,SEG,5,,528,31,587.5584412271572,7.321920237436081,37,3,0,9,71,0,0.0
MITO,MITO_M2,MITO_M2_011_y256x256,SEG,auto,,528,23,538.173664916307,7.15595211769337,29,3,0,9,71,0,0.0
MITO,MITO_M2,MITO_M2_011_y256x256,GRAPH7,5,5454.0,528,31,588.0,7.321160955227634,37,3,0,9,71,0,0.0
MITO,MITO_M2,MITO_M2_011_y256x256,GRAPH7,auto,5454.0,528,23,538.25,7.148869608723682,29,3,0,9,71,0,0.0
MITO,MITO_M2,MITO_M2_011_y256x256,JPEG,5,5411.0,528,35,703.4406922210658,7.30917942079483,53,9,1,12,80,0,0.09523809523809525
MITO,MITO_M2,MITO_M2_011_y256x256,JPEG,auto,5411.0,528,26,604.5290039756344,7.3315998876414135,30,2,0,12,80,0,0.0
MITO,MITO_M2,MITO_M2_010_y256x256,REF,5,,470,34,1317.9280656363574,6.5079478761310945,99,33,3,66,128,0,1.0
MITO,MITO_M2,MITO_M2_010_y256x256,REF,auto,,470,27,1205.158513014657,6.589521929548015,74,24,3,66,128,0,1.0
MITO,MITO_M2,MITO_M2_010_y256x256,SEG,5,,470,27,528.286363288515,7.1489428017959815,33,3,0,8,62,0,0.1111111111111111
MITO,MITO_M2,MITO_M2_010_y256x256,SEG,auto,,470,22,476.2447327281724,7.163538345421719,24,1,0,8,62,0,0.0
MITO,MITO_M2,MITO_M2_010_y256x256,GRAPH7,5,4673.0,470,27,529.0,7.158393350674585,33,3,0,8,62,0,0.1111111111111111
MITO,MITO_M2,MITO_M2_010_y256x256,GRAPH7,auto,4673.0,470,22,476.75,7.168083550093037,24,1,0,8,62,0,0.0
MITO,MITO_M2,MITO_M2_010_y256x256,JPEG,5,4673.0,470,28,543.4284989122459,7.15021348604021,40,6,1,12,66,0,0.05128205128205128
MITO,MITO_M2,MITO_M2_010_y256x256,JPEG,auto,4673.0,470,20,483.730014102411,7.107943801556091,24,2,1,12,66,0,0.0
MITO,MITO_M2,MITO_M2_010_y256x512,REF,5,,476,10,626.9137802864844,7.14192893624414,35,12,2,25,41,0,1.0
MITO,MITO_M2,MITO_M2_010_y256x512,REF,auto,,476,7,596.4284989122459,7.190595929700349,27,10,1,25,41,0,1.0
MITO,MITO_M2,MITO_M2_010_y256x512,SEG,5,,476,20,592.6122650963196,8.540786674967249,32,6,0,11,51,0,0.2222222222222222
MITO,MITO_M2,MITO_M2_010_y256x512,SEG,auto,,476,11,553.3990616607231,8.619368503703265,21,5,0,11,51,0,0.26666666666666666
MITO,MITO_M2,MITO_M2_010_y256x512,GRAPH7,5,5865.0,476,20,593.25,8.485299905299609,32,6,0,10,51,0,0.2222222222222222
MITO,MITO_M2,MITO_M2_010_y256x512,GRAPH7,auto,5865.0,476,11,553.75,8.571907548003251,21,5,0,10,51,0,0.26666666666666666
MITO,MITO_M2,MITO_M2_010_y256x512,JPEG,5,5678.0,476,20,639.7544007200505,8.353900524949237,37,9,1,10,48,0,0.28571428571428575
MITO,MITO_M2,MITO_M2_010_y256x512,JPEG,auto,5678.0,476,13,573.0559159102154,8.363489367231862,21,4,0,10,48,0,0.14285714285714288
MITO,MITO_M2,MITO_M2_012_y0x512,REF,5,,393,23,939.4650788387053,7.129365162184592,62,20,2,35,77,0,1.0
MITO,MITO_M2,MITO_M2_012_y0x512,REF,auto,,393,18,859.2518754031089,7.16974643834304,41,12,2,35,77,0,1.0
MITO,MITO_M2,MITO_M2_012_y0x512,SEG,5,,393,20,480.4163056034263,6.8518539186406,30,5,1,7,45,0,0.08000000000000002
MITO,MITO_M2,MITO_M2_012_y0x512,SEG,auto,,393,14,461.10259710444143,6.826531609465658,24,5,1,7,45,0,0.11764705882352941
MITO,MITO_M2,MITO_M2_012_y0x512,GRAPH7,5,3813.0,393,20,480.25,6.87731062820722,30,5,1,6,45,0,0.08000000000000002
MITO,MITO_M2,MITO_M2_012_y0x512,GRAPH7,auto,3813.0,393,14,461.25,6.859702825191884,24,5,1,6,45,0,0.11764705882352941
MITO,MITO_M2,MITO_M2_012_y0x512,JPEG,5,3802.0,393,24,527.4284989122459,6.838254423573245,30,3,0,5,53,0,0.08695652173913045
MITO,MITO_M2,MITO_M2_012_y0x512,JPEG,auto,3802.0,393,18,501.70057685088807,6.892009135243979,24,3,0,5,53,0,0.13333333333333333
MITO,MITO_M2,MITO_M2_012_y256x0,REF,5,,171,2,243.46803743153544,8.416460544494583,9,4,1,7,9,0,1.0
MITO,MITO_M2,MITO_M2_012_y256x0,REF,auto,,171,1,222.15432893255064,8.801657652584158,6,3,1,7,9,0,1.0
MITO,MITO_M2,MITO_M2_012_y256x0,SEG,5,,171,4,238.6812408671319,9.767351116119936,11,4,1,4,10,0,0.0
MITO,MITO_M2,MITO_M2_012_y256x0,SEG,auto,,171,3,232.8528137423857,9.879309523328882,10,4,1,4,10,0,0.0
MITO,MITO_M2,MITO_M2_012_y256x0,GRAPH7,5,1913.0,171,4,239.0,9.787699347887814,11,4,1,4,10,0,0.0
MITO,MITO_M2,MITO_M2_012_y256x0,GRAPH7,auto,1913.0,171,3,223.5,9.960370614882303,8,3,1,4,10,0,0.0
MITO,MITO_M2,MITO_M2_012_y256x0,JPEG,5,1894.0,171,2,240.7523086789974,9.032914745151338,11,5,1,7,9,0,0.0
MITO,MITO_M2,MITO_M2_012_y256x0,JPEG,auto,1894.0,171,2,225.2670273047588,9.055981343162815,9,4,1,7,9,0,0.0
MITO,MITO_M2,MITO_M2_012_y256x256,REF,5,,223,8,196.71067811865476,7.3399328718999834,16,5,2,6,19,0,1.0
MITO,MITO_M2,MITO_M2_012_y256x256,REF,auto,,223,5,165.0538238691624,7.769663419436162,9,3,2,6,19,0,1.0
MITO,MITO_M2,MITO_M2_012_y256x256,SEG,5,,223,8,270.8650070512055,8.395057442789163,13,3,1,5,19,0,0.0
MITO,MITO_M2,MITO_M2_012_y256x256,SEG,auto,,223,7,244.55129855222071,8.420475014812157,10,2,1,5,19,0,0.0
MITO,MITO_M2,MITO_M2_012_y256x256,GRAPH7,5,2644.0,223,8,271.25,8.46440877789321,13,3,1,5,19,0,0.0
MITO,MITO_M2,MITO_M2_012_y256x256,GRAPH7,auto,2644.0,223,7,245.0,8.533335709961342,10,2,1,5,19,0,0.0
MITO,MITO_M2,MITO_M2_012_y256x256,JPEG,5,2633.0,223,22,426.33304448274095,7.802313785510343,28,3,3,10,48,0,0.0
MITO,MITO_M2,MITO_M2_012_y256x256,JPEG,auto,2633.0,223,16,387.94826817189073,7.956478601404668,20,3,3,10,48,0,0.0
MITO,MITO_M2,MITO_M2_012_y256x512,REF,5,,262,10,478.7178207935911,7.085473094276401,18,4,0,17,37,0,1.0
MITO,MITO_M2,MITO_M2_012_y256x512,REF,auto,,262,9,441.98989873223326,7.146771448441432,15,3,0,17,37,0,1.0
MITO,MITO_M2,MITO_M2_012_y256x512,SEG,5,,262,16,296.76450198781714,6.795146421083038,18,1,0,1,33,0,0.0
MITO,MITO_M2,MITO_M2_012_y256x512,SEG,auto,,262,12,282.0365799264593,6.7919272546685185,14,1,0,1,33,0,0.0
MITO,MITO_M2,MITO_M2_012_y256x512,GRAPH7,5,2715.0,262,16,297.0,6.733422839042533,18,1,0,1,33,0,0.0
MITO,MITO_M2,MITO_M2_012_y256x512,GRAPH7,auto,2715.0,262,12,282.0,6.741184692183094,14,1,0,1,33,0,0.0
MITO,MITO_M2,MITO_M2_012_y256x512,JPEG,5,2706.0,262,27,399.01933598375615,7.105337827735297,29,1,0,2,56,0,0.0
MITO,MITO_M2,MITO_M2_012_y256x512,JPEG,auto,2706.0,262,16,353.73506473629425,7.164818915188385,18,1,0,2,56,0,0.0
MITO,MITO_M2,MITO_M2_012_y0x0,REF,5,,185,8,217.96551211459382,4.818072337724075,12,3,2,6,18,0,1.0
MITO,MITO_M2,MITO_M2_012_y0x0,REF,auto,,185,8,217.96551211459382,4.818072337724075,12,3,2,6,18,0,1.0
MITO,MITO_M2,MITO_M2_012_y0x0,SEG,5,,185,5,263.1787155501902,8.314851794663193,11,3,0,4,14,0,0.0
MITO,MITO_M2,MITO_M2_012_y0x0,SEG,auto,,185,4,256.350288425444,8.409171781548052,10,3,0,4,14,0,0.0
MITO,MITO_M2,MITO_M2_012_y0x0,GRAPH7,5,1931.0,185,5,262.75,8.326674963583699,11,3,0,4,14,0,0.0
MITO,MITO_M2,MITO_M2_012_y0x0,GRAPH7,auto,1931.0,185,4,256.0,8.427573619850065,10,3,0,4,14,0,0.0
MITO,MITO_M2,MITO_M2_012_y0x0,JPEG,5,1920.0,185,6,277.76450198781714,7.865570014434725,12,3,0,4,16,0,0.0
MITO,MITO_M2,MITO_M2_012_y0x0,JPEG,auto,1920.0,185,5,273.9360748630709,7.900715004110182,11,3,0,4,16,0,0.0
MITO,MITO_M2,MITO_M2_012_y0x256,REF,5,,484,19,1242.129075763134,6.6506020280069436,63,23,3,41,74,0,1.0
MITO,MITO_M2,MITO_M2_012_y0x256,REF,auto,,484,14,1199.2295808265226,6.690152375643509,52,20,3,41,74,0,1.0
MITO,MITO_M2,MITO_M2_012_y0x256,SEG,5,,484,24,654.2274887854693,7.656030953180102,33,4,0,6,55,0,0.07407407407407408
MITO,MITO_M2,MITO_M2_012_y0x256,SEG,auto,,484,20,618.428498912246,7.7144347943371345,27,3,0,6,55,0,0.08695652173913045
MITO,MITO_M2,MITO_M2_012_y0x256,GRAPH7,5,4779.0,484,24,654.5,7.643503323051363,33,4,0,6,55,0,0.07407407407407408
MITO,MITO_M2,MITO_M2_012_y0x256,GRAPH7,auto,4779.0,484,20,618.75,7.706572996625678,27,3,0,6,55,0,0.08695652173913045
MITO,MITO_M2,MITO_M2_012_y0x256,JPEG,5,4703.0,484,26,760.796031280393,7.70861298719389,42,8,0,9,61,0,0.06451612903225806
MITO,MITO_M2,MITO_M2_012_y0x256,JPEG,auto,4703.0,484,19,718.9970414071698,7.746515316679397,31,6,0,9,61,0,0.07692307692307691
MITO,MITO_M2,MITO_M2_013_y0x0,REF,5,,480,18,606.1147904132612,5.878515743514001,27,5,1,17,51,0,1.0
MITO,MITO_M2,MITO_M2_013_y0x0,REF,auto,,480,16,587.0437226013956,5.8717725853023905,23,4,1,17,51,0,1.0
MITO,MITO_M2,MITO_M2_013_y0x0,SEG,5,,480,30,525.5168106668145,7.684373211029,34,2,0,6,66,0,0.0
MITO,MITO_M2,MITO_M2_013_y0x0,SEG,auto,,480,18,448.33304448274095,7.738200077490933,20,1,0,6,66,0,0.0
MITO,MITO_M2,MITO_M2_013_y0x0,GRAPH7,5,4577.0,480,30,526.0,7.644165813842046,34,2,0,6,66,0,0.0
MITO,MITO_M2,MITO_M2_013_y0x0,GRAPH7,auto,4577.0,480,18,449.0,7.72536635795388,20,1,0,6,66,0,0.0
MITO,MITO_M2,MITO_M2_013_y0x0,JPEG,5,4554.0,480,31,619.6295090390227,7.528240836289482,39,4,1,8,68,0,0.0
MITO,MITO_M2,MITO_M2_013_y0x0,JPEG,auto,4554.0,480,21,559.7594513539339,7.556997793851617,25,2,1,8,68,0,0.0
MITO,MITO_M2,MITO_M2_013_y0x256,REF,5,,311,15,491.5462479183373,5.457589118832682,19,2,0,10,40,0,1.0
MITO,MITO_M2,MITO_M2_013_y0x256,REF,auto,,311,11,473.6467529817255,5.502232640801537,15,2,0,10,40,0,1.0
MITO,MITO_M2,MITO_M2_013_y0x256,SEG,5,,311,16,353.2914139223983,7.316571707999245,20,2,0,4,36,0,0.0
MITO,MITO_M2,MITO_M2_013_y0x256,SEG,auto,,311,10,327.97770542341357,7.35150057481034,12,1,0,4,36,0,0.0
MITO,MITO_M2,MITO_M2_013_y0x256,GRAPH7,5,3203.0,311,16,353.25,7.319531730956582,20,2,0,4,36,0,0.0
MITO,MITO_M2,MITO_M2_013_y0x256,GRAPH7,auto,3203.0,311,10,327.75,7.347299560749422,12,1,0,4,36,0,0.0
MITO,MITO_M2,MITO_M2_013_y0x256,JPEG,5,3192.0,311,20,401.30360723121805,7.287967918131321,26,3,0,5,45,0,0.0
MITO,MITO_M2,MITO_M2_013_y0x256,JPEG,auto,3192.0,311,12,368.26197667087547,7.397831359144671,16,2,0,5,45,0,0.0
MITO,MITO_M2,MITO_M2_012_y512x256,REF,5,,523,28,1530.8641404994287,6.462421061976832,102,40,7,66,109,0,1.0
MITO,MITO_M2,MITO_M2_012_y512x256,REF,auto,,523,22,1435.680374315355,6.562959602193446,76,30,7,66,109,0,1.0
MITO,MITO_M2,MITO_M2_012_y512x256,SEG,5,,523,31,544.7178207935913,8.011990350579163,37,3,0,8,70,0,0.0
MITO,MITO_M2,MITO_M2_012_y512x256,SEG,auto,,523,17,470.7766952966369,8.192960383818168,23,3,0,8,70,0,0.0
MITO,MITO_M2,MITO_M2_012_y512x256,GRAPH7,5,5342.0,523,31,546.0,7.995074989823319,37,3,0,8,70,0,0.0
MITO,MITO_M2,MITO_M2_012_y512x256,GRAPH7,auto,5342.0,523,16,463.5,8.262487442816125,22,3,0,8,70,0,0.0
MITO,MITO_M2,MITO_M2_012_y512x256,JPEG,5,5249.0,523,28,570.7178207935913,8.212215501205934,38,5,0,10,66,0,0.04444444444444445
MITO,MITO_M2,MITO_M2_012_y512x256,JPEG,auto,5249.0,523,17,514.776695296637,8.381357373749939,23,3,0,10,66,0,0.0
MITO,MITO_M2,MITO_M2_012_y512x512,REF,5,,41,6,72.1126983722081,5.333551739854491,6,0,0,1,13,0,1.0
MITO,MITO_M2,MITO_M2_012_y512x512,REF,auto,,41,4,64.45584412271572,5.294660714651599,4,0,0,1,13,0,1.0
MITO,MITO_M2,MITO_M2_012_y512x512,SEG,5,,41,1,2.414213562373095,5.923487151260198,1,0,1,2,2,0,1.0
MITO,MITO_M2,MITO_M2_012_y512x512,SEG,auto,,41,0,0.0,,0,0,0,2,2,0,1.0
MITO,MITO_M2,MITO_M2_012_y512x512,GRAPH7,5,406.0,41,1,2.5,6.0,1,0,1,1,2,0,1.0
MITO,MITO_M2,MITO_M2_012_y512x512,GRAPH7,auto,406.0,41,0,0.0,,0,0,0,1,2,0,1.0
MITO,MITO_M2,MITO_M2_014_y0x512,REF,5,,90,8,100.5269119345812,5.924935656744228,10,1,0,2,18,0,1.0
MITO,MITO_M2,MITO_M2_014_y0x512,REF,auto,,90,4,78.38477631085024,6.1483436656035355,4,0,0,2,18,0,1.0
MITO,MITO_M2,MITO_M2_014_y0x512,SEG,5,,90,7,35.55634918610405,5.350477834024083,7,0,0,0,14,0,0.0
MITO,MITO_M2,MITO_M2_014_y0x512,SEG,auto,,90,3,22.071067811865476,4.913038791832136,3,0,0,0,14,0,1.0
MITO,MITO_M2,MITO_M2_014_y0x512,GRAPH7,5,964.0,90,7,35.5,5.304107346294439,7,0,0,0,14,0,0.0
MITO,MITO_M2,MITO_M2_014_y0x512,GRAPH7,auto,964.0,90,3,22.0,4.930321272913122,3,0,0,0,14,0,1.0
MITO,MITO_M2,MITO_M2_014_y256x0,REF,5,,224,13,594.2152954766495,7.517114333287997,35,12,2,19,41,0,1.0
MITO,MITO_M2,MITO_M2_014_y256x0,REF,auto,,224,9,530.7594513539337,7.650063182364498,21,7,2,19,41,0,1.0
MITO,MITO_M2,MITO_M2_014_y256x0,SEG,5,,224,12,250.4507934888324,7.256286004486289,15,2,1,3,25,0,0.0
MITO,MITO_M2,MITO_M2_014_y256x0,SEG,auto,,224,8,227.7228714274745,7.374103269528955,11,2,1,3,25,0,0.0
MITO,MITO_M2,MITO_M2_014_y256x0,GRAPH7,5,2879.0,224,12,250.75,7.257951039287701,15,2,1,3,25,0,0.0
MITO,MITO_M2,MITO_M2_014_y256x0,GRAPH7,auto,2879.0,224,8,228.0,7.387828948359461,11,2,1,3,25,0,0.0
MITO,MITO_M2,MITO_M2_014_y256x0,JPEG,5,2822.0,224,15,300.8355697996826,7.014217909272088,18,2,1,6,34,0,0.0
MITO,MITO_M2,MITO_M2_014_y256x0,JPEG,auto,2822.0,224,10,282.1076477383248,7.009637825334633,13,2,1,6,34,0,0.0
MITO,MITO_M2,MITO_M2_013_y0x512,REF,5,,419,16,587.5462479183374,4.997525927594937,37,11,2,22,50,0,1.0
MITO,MITO_M2,MITO_M2_013_y0x512,REF,auto,,419,15,583.1320343559643,5.016786950928055,36,11,2,22,50,0,1.0
MITO,MITO_M2,MITO_M2_013_y0x512,SEG,5,,419,18,524.8305191657993,7.734475145695038,29,6,1,8,42,0,0.3529411764705882
MITO,MITO_M2,MITO_M2_013_y0x512,SEG,auto,,419,11,476.9604614807104,7.836766774700147,18,4,1,8,42,0,0.26666666666666666
MITO,MITO_M2,MITO_M2_013_y0x512,GRAPH7,5,3923.0,419,18,525.5,7.699864946904486,29,6,1,8,42,0,0.3529411764705882
MITO,MITO_M2,MITO_M2_013_y0x512,GRAPH7,auto,3923.0,419,11,477.75,7.81409246295027,18,4,1,8,42,0,0.26666666666666666
MITO,MITO_M2,MITO_M2_013_y0x512,JPEG,5,3913.0,419,16,536.3452377915607,7.702114299745973,31,8,3,11,37,0,0.3157894736842105
MITO,MITO_M2,MITO_M2_013_y0x512,JPEG,auto,3913.0,419,14,524.6883835420683,7.72933358493713,27,7,3,11,37,0,0.2222222222222222
MITO,MITO_M2,MITO_M2_013_y256x0,REF,5,,246,10,235.4802307403552,6.295644186323007,12,1,0,4,24,0,1.0
MITO,MITO_M2,MITO_M2_013_y256x0,REF,auto,,246,8,227.65180361560905,6.282540485675644,10,1,0,4,24,0,1.0
MITO,MITO_M2,MITO_M2_013_y256x0,SEG,5,,246,9,284.48023074035524,8.235544393161808,14,3,1,5,21,0,0.0
MITO,MITO_M2,MITO_M2_013_y256x0,SEG,auto,,246,5,260.99494936611666,8.265564592125905,8,2,1,5,21,0,0.0
MITO,MITO_M2,MITO_M2_013_y256x0,GRAPH7,5,2611.0,246,9,285.0,8.201393138789488,14,3,1,5,21,0,0.0
MITO,MITO_M2,MITO_M2_013_y256x0,GRAPH7,auto,2611.0,246,5,261.25,8.212703157447192,8,2,1,5,21,0,0.0
MITO,MITO_M2,MITO_M2_013_y256x0,JPEG,5,2603.0,246,12,290.79393923934003,7.5416470008975205,17,3,1,5,27,0,0.5
MITO,MITO_M2,MITO_M2_013_y256x0,JPEG,auto,2603.0,246,8,261.40916292848976,7.621593336899257,11,2,1,5,27,0,0.6666666666666666
MITO,MITO_M2,MITO_M2_013_y256x256,REF,5,,396,15,560.4701294725885,5.878036579838261,26,6,1,12,40,0,1.0
MITO,MITO_M2,MITO_M2_013_y256x256,REF,auto,,396,14,544.8132752230963,5.884851403617673,23,5,1,12,40,0,1.0
MITO,MITO_M2,MITO_M2_013_y256x256,SEG,5,,396,18,469.24473272817244,7.313522816193325,28,5,1,8,42,0,0.0
MITO,MITO_M2,MITO_M2_013_y256x256,SEG,auto,,396,12,434.445742854949,7.366064052988991,22,5,1,8,42,0,0.0
MITO,MITO_M2,MITO_M2_013_y256x256,GRAPH7,5,4294.0,396,18,469.5,7.25321502747388,28,5,1,8,42,0,0.0
MITO,MITO_M2,MITO_M2_013_y256x256,GRAPH7,auto,4294.0,396,12,434.75,7.3146899932124505,22,5,1,8,42,0,0.0
MITO,MITO_M2,MITO_M2_013_y256x256,JPEG,5,4245.0,396,19,475.34523779156075,7.625758285863764,32,7,1,10,46,0,0.0
MITO,MITO_M2,MITO_M2_013_y256x256,JPEG,auto,4245.0,396,12,434.4751801064719,7.7770411530610755,25,7,1,10,46,0,0.0
MITO,MITO_M2,MITO_M2_013_y256x512,REF,5,,178,9,540.3746750430837,7.0296639011637945,36,13,0,18,36,0,1.0
MITO,MITO_M2,MITO_M2_013_y256x512,REF,auto,,178,7,511.30360723121805,7.083269695122699,28,10,0,18,36,0,1.0
MITO,MITO_M2,MITO_M2_013_y256x512,SEG,5,,178,9,180.92388155425118,7.665058764740184,11,1,0,2,20,0,0.0
MITO,MITO_M2,MITO_M2_013_y256x512,SEG,auto,,178,5,160.61017305526642,7.722658395054493,7,1,0,2,20,0,0.0
MITO,MITO_M2,MITO_M2_013_y256x512,GRAPH7,5,2451.0,178,9,181.0,7.634347835724889,11,1,0,2,20,0,0.0
MITO,MITO_M2,MITO_M2_013_y256x512,GRAPH7,auto,2451.0,178,5,160.5,7.701094357862173,7,1,0,2,20,0,0.0
MITO,MITO_M2,MITO_M2_013_y256x512,JPEG,5,2391.0,178,17,311.07821048680194,7.149538789763755,21,2,0,5,39,0,0.0
MITO,MITO_M2,MITO_M2_013_y256x512,JPEG,auto,2391.0,178,12,279.5218613006978,7.138456412432103,16,2,0,5,39,0,0.0
MITO,MITO_M2,MITO_M2_014_y0x0,REF,5,,416,7,709.5828278447966,4.170895745873268,30,12,2,20,30,0,1.0
MITO,MITO_M2,MITO_M2_014_y0x0,REF,auto,,416,6,710.9970414071697,4.171379718852086,31,13,2,20,30,0,1.0
MITO,MITO_M2,MITO_M2_014_y0x0,SEG,5,,416,14,571.7178207935912,6.759818912620227,33,10,1,12,38,0,0.1818181818181818
MITO,MITO_M2,MITO_M2_014_y0x0,SEG,auto,,416,12,547.8183258569794,6.774043107024957,25,7,1,12,38,0,0.1
MITO,MITO_M2,MITO_M2_014_y0x0,GRAPH7,5,4232.0,416,14,572.5,6.7487829226124605,33,10,1,12,38,0,0.1818181818181818
MITO,MITO_M2,MITO_M2_014_y0x0,GRAPH7,auto,4232.0,416,12,541.5,6.796214888719986,23,6,1,12,38,0,0.10526315789473684
MITO,MITO_M2,MITO_M2_014_y0x0,JPEG,5,4175.0,416,13,624.5168106668144,6.659768142724827,30,9,2,11,33,0,0.28571428571428575
MITO,MITO_M2,MITO_M2_014_y0x0,JPEG,auto,4175.0,416,13,618.1025971044414,6.6530017582882,28,8,2,11,33,0,0.2857142857142857
MITO,MITO_M2,MITO_M2_014_y0x256,REF,5,,195,5,237.75230867899734,4.360855310168606,10,3,1,9,17,0,1.0
MITO,MITO_M2,MITO_M2_014_y0x256,REF,auto,,195,4,240.58073580374355,4.466346017167107,11,4,1,9,17,0,1.0
MITO,MITO_M2,MITO_M2_014_y0x256,SEG,5,,195,7,231.79393923934003,7.810360147551107,13,3,0,4,18,0,0.0
MITO,MITO_M2,MITO_M2_014_y0x256,SEG,auto,,195,7,225.96551211459382,7.80298515730909,11,2,0,4,18,0,0.0
MITO,MITO_M2,MITO_M2_014_y0x256,GRAPH7,5,2204.0,195,7,232.25,7.8759918154604565,13,3,0,4,18,0,0.0
MITO,MITO_M2,MITO_M2_014_y0x256,GRAPH7,auto,2204.0,195,7,218.75,7.8733584403822325,9,1,0,4,18,0,0.0
MITO,MITO_M2,MITO_M2_014_y0x256,JPEG,5,2185.0,195,8,282.90663761154815,8.0394573174639,15,4,1,4,18,0,0.28571428571428575
MITO,MITO_M2,MITO_M2_014_y0x256,JPEG,auto,2185.0,195,6,277.2497833620557,8.093068781761803,13,4,1,4,18,0,0.25
MITO,MITO_M2,MITO_M2_014_y256x256,REF,5,,249,18,461.71782079359116,5.186310097120068,34,8,0,17,53,0,1.0
MITO,MITO_M2,MITO_M2_014_y256x256,REF,auto,,249,14,447.23253941935263,5.248417373149673,30,8,0,17,53,0,1.0
MITO,MITO_M2,MITO_M2_014_y256x256,SEG,5,,249,15,266.5218613006978,7.962765329348475,17,1,1,3,31,0,0.0
MITO,MITO_M2,MITO_M2_014_y256x256,SEG,auto,,249,11,252.03657992645927,8.029365061126617,13,1,0,3,31,0,0.0
MITO,MITO_M2,MITO_M2_014_y256x256,GRAPH7,5,3075.0,249,15,267.25,7.96633001662191,17,1,1,2,31,0,0.0
MITO,MITO_M2,MITO_M2_014_y256x256,GRAPH7,auto,3075.0,249,11,252.5,8.044313651256259,13,1,0,2,31,0,0.0
MITO,MITO_M2,MITO_M2_014_y256x256,JPEG,5,3053.0,249,21,302.22034611053283,7.962978182829453,28,4,1,7,47,0,0.0
MITO,MITO_M2,MITO_M2_014_y256x256,JPEG,auto,3053.0,249,10,226.03657992645932,8.327504741067541,10,0,0,7,47,0,0.0
MITO,MITO_M2,MITO_M2_014_y256x512,REF,5,,240,21,522.9188309203679,5.768465822191234,38,10,3,26,62,0,1.0
MITO,MITO_M2,MITO_M2_014_y256x512,REF,auto,,240,18,488.0193359837562,5.807471720138745,31,8,3,26,62,0,1.0
MITO,MITO_M2,MITO_M2_014_y256x512,SEG,5,,240,17,190.09545442950503,6.7180814199738155,19,1,0,3,37,0,0.0
MITO,MITO_M2,MITO_M2_014_y256x512,SEG,auto,,240,11,151.88225099390857,6.540993403135519,11,0,0,3,37,0,0.0
MITO,MITO_M2,MITO_M2_014_y256x512,GRAPH7,5,2765.0,240,17,190.5,6.716448108046011,19,1,0,3,37,0,0.0
MITO,MITO_M2,MITO_M2_014_y256x512,GRAPH7,auto,2765.0,240,11,152.5,6.568659333694277,11,0,0,3,37,0,0.0
MITO,MITO_M2,MITO_M2_014_y256x512,JPEG,5,2701.0,240,21,269.45079348883235,6.66136826026083,23,1,0,4,46,0,0.18181818181818182
MITO,MITO_M2,MITO_M2_014_y256x512,JPEG,auto,2701.0,240,13,238.65180361560903,6.688142083115707,15,1,0,4,46,0,0.2222222222222222
MITO,MITO_M2,MITO_M2_014_y512x512,REF,5,,279,10,211.1665222413705,5.9515851844928935,14,2,0,7,27,0,1.0
MITO,MITO_M2,MITO_M2_014_y512x512,REF,auto,,279,8,206.3380951166243,5.9933153732576185,12,2,0,7,27,0,1.0
MITO,MITO_M2,MITO_M2_014_y512x512,SEG,5,,279,18,309.17871555019025,7.1205613973368855,22,2,0,2,38,0,0.5
MITO,MITO_M2,MITO_M2_014_y512x512,SEG,auto,,279,13,287.0365799264593,7.165584561466871,15,1,0,2,38,0,0.6666666666666666
MITO,MITO_M2,MITO_M2_014_y512x512,GRAPH7,5,2957.0,279,18,309.75,7.0769824339775065,22,2,0,2,38,0,0.5
MITO,MITO_M2,MITO_M2_014_y512x512,GRAPH7,auto,2957.0,279,13,287.25,7.119783494950506,15,1,0,2,38,0,0.6666666666666666
MITO,MITO_M2,MITO_M2_014_y512x512,JPEG,5,2950.0,279,19,430.9188309203679,6.856869557649086,25,3,0,5,43,0,0.4
MITO,MITO_M2,MITO_M2_014_y512x512,JPEG,auto,2950.0,279,13,401.94826817189073,6.949385691758176,19,3,0,5,43,0,0.4
MITO,MITO_M2,MITO_M2_015_y0x512,REF,5,,224,20,489.8183258569795,5.336271883129575,35,8,2,16,52,1,1.0
MITO,MITO_M2,MITO_M2_015_y0x512,REF,auto,,224,18,483.1614716074871,5.342280455430545,33,8,2,16,52,1,1.0
MITO,MITO_M2,MITO_M2_015_y0x512,SEG,5,,224,12,191.95331880577405,6.565741689015726,16,2,0,4,28,0,0.2
MITO,MITO_M2,MITO_M2_015_y0x512,SEG,auto,,224,9,171.88225099390857,6.504857179618225,11,1,0,4,28,0,0.2222222222222222
MITO,MITO_M2,MITO_M2_015_y0x512,GRAPH7,5,2066.0,224,12,192.5,6.52544739041778,16,2,0,4,28,0,0.2
MITO,MITO_M2,MITO_M2_015_y0x512,GRAPH7,auto,2066.0,224,9,172.0,6.4700542515363315,11,1,0,4,28,0,0.2222222222222222
MITO,MITO_M2,MITO_M2_015_y0x512,JPEG,5,2065.0,224,16,239.65180361560908,6.8027479147615715,20,2,0,3,35,0,0.0
MITO,MITO_M2,MITO_M2_015_y0x512,JPEG,auto,2065.0,224,13,217.9238815542512,6.727578184424688,15,1,0,3,35,0,0.0
MITO,MITO_M2,MITO_M2_016_y512x512,REF,5,,50,4,115.32590180780448,5.8276806543168815,4,0,0,0,8,0,1.0
MITO,MITO_M2,MITO_M2_016_y512x512,REF,auto,,50,3,112.91168824543139,5.8720052999736225,3,0,0,0,8,0,1.0
MITO,MITO_M2,MITO_M2_016_y512x512,SEG,5,,50,3,16.242640687119284,6.969752459419886,3,0,0,0,6,0,1.0
MITO,MITO_M2,MITO_M2_016_y512x512,SEG,auto,,50,1,9.242640687119286,8.033393284488426,1,0,0,0,6,0,1.0
MITO,MITO_M2,MITO_M2_016_y512x512,GRAPH7,5,893.0,50,3,16.25,6.907692307692308,3,0,0,0,6,0,1.0
MITO,MITO_M2,MITO_M2_016_y512x512,GRAPH7,auto,893.0,50,1,9.25,8.0,1,0,0,0,6,0,1.0
MITO,MITO_M2,MITO_M2_017_y256x256,REF,5,,94,6,291.5218613006979,6.352843360432703,23,9,1,12,22,0,1.0
MITO,MITO_M2,MITO_M2_017_y256x256,REF,auto,,94,4,262.6223663640862,6.521687816901572,15,6,1,12,22,0,1.0
MITO,MITO_M2,MITO_M2_017_y256x256,SEG,5,,94,5,59.2842712474619,6.615575954559176,5,0,0,1,11,0,0.0
MITO,MITO_M2,MITO_M2_017_y256x256,SEG,auto,,94,4,55.45584412271572,6.681761883372735,4,0,0,1,11,0,0.0
MITO,MITO_M2,MITO_M2_017_y256x256,GRAPH7,5,1576.0,94,5,59.25,6.666275667756373,5,0,0,1,11,0,0.0
MITO,MITO_M2,MITO_M2_017_y256x256,GRAPH7,auto,1576.0,94,3,48.75,7.1094447688524305,3,0,0,1,11,0,0.0
MITO,MITO_M2,MITO_M2_017_y256x256,JPEG,5,1502.0,94,23,333.59292911256335,6.35831784953378,25,1,0,6,52,0,0.0
MITO,MITO_M2,MITO_M2_017_y256x256,JPEG,auto,1502.0,94,19,304.8650070512055,6.419409745725524,19,0,0,6,52,0,0.0
MITO,MITO_M2,MITO_M2_013_y512x256,REF,5,,630,27,1174.1879502661798,5.977097693167699,61,19,5,52,96,0,1.0
MITO,MITO_M2,MITO_M2_013_y512x256,REF,auto,,630,22,1129.9747468305832,6.00176144198711,54,18,4,52,96,0,1.0
MITO,MITO_M2,MITO_M2_013_y512x256,SEG,5,,630,18,911.0508652763322,8.281129728579257,52,19,4,22,50,0,0.21052631578947367
MITO,MITO_M2,MITO_M2_013_y512x256,SEG,auto,,630,16,905.8082245892128,8.299837412906838,50,19,4,22,50,0,0.21621621621621623
MITO,MITO_M2,MITO_M2_013_y512x256,GRAPH7,5,5825.0,630,18,911.75,8.258871971251809,52,19,4,22,50,0,0.21052631578947367
MITO,MITO_M2,MITO_M2_013_y512x256,GRAPH7,auto,5825.0,630,16,906.5,8.278366265624753,50,19,4,22,50,0,0.21621621621621623
MITO,MITO_M2,MITO_M2_013_y512x256,JPEG,5,5778.0,630,19,860.0803025278549,8.29614208622773,45,15,4,23,53,0,0.23529411764705882
MITO,MITO_M2,MITO_M2_013_y512x256,JPEG,auto,5778.0,630,15,826.9381669041239,8.305544439172232,39,14,4,23,53,0,0.25
MITO,MITO_M2,MITO_M2_013_y512x512,REF,5,,277,13,560.4457428549491,6.364303738605331,36,12,2,24,46,0,1.0
MITO,MITO_M2,MITO_M2_013_y512x512,REF,auto,,277,9,526.3746750430836,6.5215319830683764,27,10,2,24,46,0,1.0
MITO,MITO_M2,MITO_M2_013_y512x512,SEG,5,,277,11,308.0071426749364,7.914231016297117,15,2,0,6,28,0,0.2857142857142857
MITO,MITO_M2,MITO_M2_013_y512x512,SEG,auto,,277,8,287.1076477383247,8.072981196139425,12,2,0,6,28,0,0.33333333333333337
MITO,MITO_M2,MITO_M2_013_y512x512,GRAPH7,5,2711.0,277,11,308.5,7.882178600328927,15,2,0,6,28,0,0.2857142857142857
MITO,MITO_M2,MITO_M2_013_y512x512,GRAPH7,auto,2711.0,277,8,287.5,8.02491315054529,12,2,0,6,28,0,0.33333333333333337
MITO,MITO_M2,MITO_M2_013_y512x512,JPEG,5,2682.0,277,10,331.8355697996826,7.50864383469542,16,3,0,8,28,0,0.26666666666666666
MITO,MITO_M2,MITO_M2_013_y512x512,JPEG,auto,2682.0,277,7,302.9360748630709,7.598880596505429,13,3,0,8,28,0,0.30769230769230765
MITO,MITO_M2,MITO_M2_014_y512x0,REF,5,,134,2,68.04163056034261,4.920852009801928,2,0,0,1,5,0,1.0
MITO,MITO_M2,MITO_M2_014_y512x0,REF,auto,,134,2,68.04163056034261,4.920852009801928,2,0,0,1,5,0,1.0
MITO,MITO_M2,MITO_M2_014_y512x0,SEG,5,,134,6,112.74011537017762,6.564594647195553,6,0,0,3,15,0,1.0
MITO,MITO_M2,MITO_M2_014_y512x0,SEG,auto,,134,3,98.42640687119285,6.579179843746704,3,0,0,3,15,0,1.0
MITO,MITO_M2,MITO_M2_014_y512x0,GRAPH7,5,1401.0,134,6,112.5,6.46735124827366,6,0,0,3,15,0,1.0
MITO,MITO_M2,MITO_M2_014_y512x0,GRAPH7,auto,1401.0,134,3,98.25,6.450529419142868,3,0,0,3,15,0,1.0
MITO,MITO_M2,MITO_M2_014_y512x0,JPEG,5,1372.0,134,9,335.27922061357856,7.9145695725927645,21,6,0,6,24,0,0.0
MITO,MITO_M2,MITO_M2_014_y512x0,JPEG,auto,1372.0,134,7,304.1370849898476,8.012337406908486,13,3,0,6,24,0,0.0
MITO,MITO_M2,MITO_M2_014_y512x256,REF,5,,781,39,1640.7047609329938,5.913153836442671,92,29,5,62,130,0,1.0
MITO,MITO_M2,MITO_M2_014_y512x256,REF,auto,,781,30,1577.0773439350246,5.941436493979495,77,26,5,62,130,0,1.0
MITO,MITO_M2,MITO_M2_014_y512x256,SEG,5,,781,31,932.4772721475249,7.589569226915355,55,13,2,23,81,0,0.14285714285714288
MITO,MITO_M2,MITO_M2_014_y512x256,SEG,auto,,781,23,861.9503602129437,7.590597393442646,39,9,2,23,81,0,0.05714285714285715
MITO,MITO_M2,MITO_M2_014_y512x256,GRAPH7,5,6226.0,781,31,932.25,7.634593854213581,55,13,2,23,81,0,0.14285714285714288
MITO,MITO_M2,MITO_M2_014_y512x256,GRAPH7,auto,6226.0,781,23,861.75,7.6339699025004,39,9,2,23,81,0,0.05714285714285715
MITO,MITO_M2,MITO_M2_014_y512x256,JPEG,5,6176.0,781,36,992.2051942088829,7.660691435056487,64,15,3,21,87,0,0.18181818181818182
MITO,MITO_M2,MITO_M2_014_y512x256,JPEG,auto,6176.0,781,27,898.8792924010781,7.684384319009197,45,10,3,21,87,0,0.05555555555555555
MITO,MITO_M2,MITO_M2_016_y256x256,REF,5,,120,3,217.79393923933986,4.860520080913354,5,1,0,4,10,0,1.0
MITO,MITO_M2,MITO_M2_016_y256x256,REF,auto,,120,3,217.79393923933986,4.860520080913354,5,1,0,4,10,0,1.0
MITO,MITO_M2,MITO_M2_016_y256x256,SEG,5,,120,5,83.84062043356596,8.536922874074047,7,1,0,3,13,0,0.0
MITO,MITO_M2,MITO_M2_016_y256x256,SEG,auto,,120,3,68.9411254969543,8.27455616045207,3,0,0,3,13,0,0.0
MITO,MITO_M2,MITO_M2_016_y256x256,GRAPH7,5,1297.0,120,5,84.0,8.512935887605842,7,1,0,3,13,0,0.0
MITO,MITO_M2,MITO_M2_016_y256x256,GRAPH7,auto,1297.0,120,3,69.0,8.19328426896943,3,0,0,3,13,0,0.0
MITO,MITO_M2,MITO_M2_016_y256x256,JPEG,5,1290.0,120,13,439.3624817342638,7.102908856978265,27,7,0,11,37,0,0.0
MITO,MITO_M2,MITO_M2_016_y256x256,JPEG,auto,1290.0,120,10,417.87720036002526,7.108473936093302,22,6,0,11,37,0,0.0
MITO,MITO_M2,MITO_M2_016_y256x512,REF,5,,317,26,1682.177848998413,6.086580296795537,102,43,11,72,102,0,1.0
MITO,MITO_M2,MITO_M2_016_y256x512,REF,auto,,317,22,1619.8641404994282,6.13808586498456,88,38,11,72,102,0,1.0
MITO,MITO_M2,MITO_M2_016_y256x512,SEG,5,,317,23,261.4507934888324,6.695150873446852,23,0,0,2,48,0,0.0
MITO,MITO_M2,MITO_M2_016_y256x512,SEG,auto,,317,17,243.1370849898476,6.763938361892934,17,0,0,2,48,0,0.0
MITO,MITO_M2,MITO_M2_016_y256x512,GRAPH7,5,2713.0,317,23,261.75,6.6534542231452765,23,0,0,2,48,0,0.0
MITO,MITO_M2,MITO_M2_016_y256x512,GRAPH7,auto,2713.0,317,17,243.0,6.728823633367392,17,0,0,2,48,0,0.0
MITO,MITO_M2,MITO_M2_016_y256x512,JPEG,5,2655.0,317,26,401.98989873223326,6.70025989713697,28,1,0,1,53,0,0.0
MITO,MITO_M2,MITO_M2_016_y256x512,JPEG,auto,2655.0,317,19,365.605122421383,6.773401668920184,21,1,0,1,53,0,0.0
MITO,MITO_M2,MITO_M2_015_y256x256,REF,5,,240,7,339.1787155501902,6.157872391088316,24,9,1,14,26,0,1.0
MITO,MITO_M2,MITO_M2_015_y256x256,REF,auto,,240,6,317.1076477383247,6.231035113244561,17,6,1,14,26,0,1.0
MITO,MITO_M2,MITO_M2_015_y256x256,SEG,5,,240,7,304.9360748630709,8.38012019285556,13,3,0,5,19,0,0.3333333333333333
MITO,MITO_M2,MITO_M2_015_y256x256,SEG,auto,,240,6,286.45079348883235,8.23428293271789,10,2,0,5,19,0,0.0
MITO,MITO_M2,MITO_M2_015_y256x256,GRAPH7,5,3406.0,240,7,305.5,8.384317001333756,13,3,0,5,19,0,0.3333333333333333
MITO,MITO_M2,MITO_M2_015_y256x256,GRAPH7,auto,3406.0,240,6,287.0,8.237269490966767,10,2,0,5,19,0,0.0
MITO,MITO_M2,MITO_M2_015_y256x256,JPEG,5,3360.0,240,12,371.0071426749364,8.215585142720824,20,4,0,6,30,0,0.46153846153846156
MITO,MITO_M2,MITO_M2_015_y256x256,JPEG,auto,3360.0,240,8,331.6223663640862,8.245480395777907,12,2,0,6,30,0,0.25
MITO,MITO_M2,MITO_M2_015_y256x512,REF,5,,308,3,171.6812408671318,5.465971387611274,8,3,1,4,8,0,1.0
MITO,MITO_M2,MITO_M2_015_y256x512,REF,auto,,308,1,163.26702730475873,5.466969177167488,6,3,1,4,8,0,1.0
MITO,MITO_M2,MITO_M2_015_y256x512,SEG,5,,308,9,433.84776310850236,7.251838896677299,13,2,0,7,25,0,0.0
MITO,MITO_M2,MITO_M2_015_y256x512,SEG,auto,,308,9,414.9482681718906,7.256431306282721,9,0,0,7,25,0,0.0
MITO,MITO_M2,MITO_M2_015_y256x512,GRAPH7,5,2951.0,308,9,434.0,7.257153591452088,13,2,0,7,25,0,0.0
MITO,MITO_M2,MITO_M2_015_y256x512,GRAPH7,auto,2951.0,308,9,415.0,7.260789519177525,9,0,0,7,25,0,0.0
MITO,MITO_M2,MITO_M2_015_y256x512,JPEG,5,2929.0,308,14,556.2447327281724,7.597909304216903,22,4,0,4,32,0,0.28571428571428575
MITO,MITO_M2,MITO_M2_015_y256x512,JPEG,auto,2929.0,308,10,527.2741699796951,7.631314202544698,14,2,0,4,32,0,0.4
MITO,MITO_M2,MITO_M2_016_y0x256,REF,5,,235,11,360.4507934888324,5.291007437590734,19,4,0,11,33,0,1.0
MITO,MITO_M2,MITO_M2_016_y0x256,REF,auto,,235,8,349.208152801713,5.305076247065166,16,4,0,11,33,0,1.0
MITO,MITO_M2,MITO_M2_016_y0x256,SEG,5,,235,8,287.96551211459376,7.628187428771348,16,4,0,5,21,0,0.25
MITO,MITO_M2,MITO_M2_016_y0x256,SEG,auto,,235,5,272.3086578651014,7.648733695653681,11,3,0,5,21,0,0.0
MITO,MITO_M2,MITO_M2_016_y0x256,GRAPH7,5,2229.0,235,8,287.75,7.644425948503149,16,4,0,5,21,0,0.25
MITO,MITO_M2,MITO_M2_016_y0x256,GRAPH7,auto,2229.0,235,5,272.0,7.678294362800665,11,3,0,5,21,0,0.0
MITO,MITO_M2,MITO_M2_016_y0x256,JPEG,5,2228.0,235,7,333.45079348883235,7.3724861131325525,17,5,0,6,20,0,0.22222222222222224
MITO,MITO_M2,MITO_M2_016_y0x256,JPEG,auto,2228.0,235,4,308.37972567696687,7.429526212974232,10,3,0,6,20,0,0.0
MITO,MITO_M2,MITO_M2_016_y0x512,REF,5,,235,13,241.75230867899734,5.352304067233843,13,0,0,5,31,0,1.0
MITO,MITO_M2,MITO_M2_016_y0x512,REF,auto,,235,10,223.095454429505,5.471876291880607,10,0,0,5,31,0,1.0
MITO,MITO_M2,MITO_M2_016_y0x512,SEG,5,,235,12,204.33809511662432,7.029695655941847,12,0,0,5,29,0,1.0
MITO,MITO_M2,MITO_M2_016_y0x512,SEG,auto,,235,9,176.61017305526644,7.000468821644782,9,0,0,5,29,0,1.0
MITO,MITO_M2,MITO_M2_016_y0x512,GRAPH7,5,2047.0,235,12,204.75,7.066598011260503,12,0,0,5,29,0,1.0
MITO,MITO_M2,MITO_M2_016_y0x512,GRAPH7,auto,2047.0,235,9,176.75,7.011377328461602,9,0,0,5,29,0,1.0
MITO,MITO_M2,MITO_M2_016_y0x512,JPEG,5,2037.0,235,20,405.14927829866735,7.378126543468033,22,1,0,3,43,0,0.0
MITO,MITO_M2,MITO_M2_016_y0x512,JPEG,auto,2037.0,235,15,366.83556979968256,7.481907417940894,15,0,0,3,43,0,1.0
MITO,MITO_M2,MITO_M2_017_y256x512,REF,5,,212,10,463.7056274847715,5.461181861163409,30,10,1,24,42,0,1.0
MITO,MITO_M2,MITO_M2_017_y256x512,REF,auto,,212,7,421.3919189857868,5.511627300303844,22,8,1,24,42,0,1.0
MITO,MITO_M2,MITO_M2_017_y256x512,SEG,5,,212,8,235.33809511662432,7.670502612653172,14,3,0,4,20,0,0.15384615384615383
MITO,MITO_M2,MITO_M2_017_y256x512,SEG,auto,,212,5,223.43860018001263,7.82572265235424,11,3,0,4,20,0,0.18181818181818182
MITO,MITO_M2,MITO_M2_017_y256x512,GRAPH7,5,2254.0,212,8,235.75,7.595132361805584,14,3,0,4,20,0,0.15384615384615383
MITO,MITO_M2,MITO_M2_017_y256x512,GRAPH7,auto,2254.0,212,5,223.75,7.756379684002979,11,3,0,4,20,0,0.18181818181818182
MITO,MITO_M2,MITO_M2_017_y256x512,JPEG,5,2238.0,212,13,202.85281374238573,7.670564517842072,19,3,0,4,30,0,0.30769230769230765
MITO,MITO_M2,MITO_M2_017_y256x512,JPEG,auto,2238.0,212,5,158.81118318204312,7.91739553392338,9,2,0,4,30,0,0.2
MITO,MITO_M2,MITO_M2_017_y512x0,REF,5,,104,1,61.14213562373094,6.465393240909085,1,0,0,1,3,0,1.0
MITO,MITO_M2,MITO_M2_017_y512x0,REF,auto,,104,1,61.14213562373094,6.465393240909085,1,0,0,1,3,0,1.0
MITO,MITO_M2,MITO_M2_017_y512x0,SEG,5,,104,5,86.52691193458118,7.4680340151852995,5,0,0,1,11,0,1.0
MITO,MITO_M2,MITO_M2_017_y512x0,SEG,auto,,104,4,76.698484809835,7.267252773584351,4,0,0,1,11,0,1.0
MITO,MITO_M2,MITO_M2_017_y512x0,GRAPH7,5,1440.0,104,5,86.75,7.471324626378762,5,0,0,1,11,0,1.0
MITO,MITO_M2,MITO_M2_017_y512x0,GRAPH7,auto,1440.0,104,4,76.75,7.286806662389025,4,0,0,1,11,0,1.0
MITO,MITO_M2,MITO_M2_017_y512x0,JPEG,5,1390.0,104,11,305.8233764908628,7.045068077107159,15,2,0,4,26,0,0.0
MITO,MITO_M2,MITO_M2_017_y512x0,JPEG,auto,1390.0,104,7,289.16652224137044,7.125031868416037,11,2,0,4,26,0,0.0
MITO,MITO_M2,MITO_M2_018_y0x512,REF,5,,273,13,377.14927829866747,6.319419100988121,30,9,1,14,38,0,1.0
MITO,MITO_M2,MITO_M2_018_y0x512,REF,auto,,273,11,354.49242404917504,6.429089242575321,24,7,1,14,38,0,1.0
MITO,MITO_M2,MITO_M2_018_y0x512,SEG,5,,273,11,290.27922061357856,7.247933892586978,15,3,2,7,25,0,0.0
MITO,MITO_M2,MITO_M2_018_y0x512,SEG,auto,,273,10,286.4507934888324,7.2469553703103395,14,3,2,7,25,0,0.0
MITO,MITO_M2,MITO_M2_018_y0x512,GRAPH7,5,2447.0,273,11,290.5,7.2565792843803845,15,3,2,6,25,0,0.0
MITO,MITO_M2,MITO_M2_018_y0x512,GRAPH7,auto,2447.0,273,10,286.75,7.259198624760619,14,3,2,6,25,0,0.0
MITO,MITO_M2,MITO_M2_018_y0x512,JPEG,5,2447.0,273,12,271.6223663640862,7.733427762513194,12,0,0,2,26,0,0.0
MITO,MITO_M2,MITO_M2_018_y0x512,JPEG,auto,2447.0,273,11,264.79393923934,7.736121810407526,11,0,0,2,26,0,0.0
MITO,MITO_M2,MITO_M2_018_y256x0,REF,5,,121,10,226.7228714274745,5.076258637027025,10,0,0,8,28,0,1.0
MITO,MITO_M2,MITO_M2_018_y256x0,REF,auto,,121,7,215.30865786510142,5.082148469163391,7,0,0,8,28,0,1.0
MITO,MITO_M2,MITO_M2_018_y256x0,SEG,5,,121,8,96.74011537017762,6.774045581649994,8,0,0,0,16,0,1.0
MITO,MITO_M2,MITO_M2_018_y256x0,SEG,auto,,121,4,76.18376618407359,6.790270406532579,4,0,0,0,16,0,1.0
MITO,MITO_M2,MITO_M2_018_y256x0,GRAPH7,5,1487.0,121,8,97.0,6.8281089580905565,8,0,0,0,16,0,1.0
MITO,MITO_M2,MITO_M2_018_y256x0,GRAPH7,auto,1487.0,121,4,76.5,6.861000174741346,4,0,0,0,16,0,1.0
MITO,MITO_M2,MITO_M2_018_y256x0,JPEG,5,1431.0,121,19,364.3502884254441,7.0844540017527775,21,1,0,5,43,0,0.0
MITO,MITO_M2,MITO_M2_018_y256x0,JPEG,auto,1431.0,121,15,338.4507934888324,7.13889010997977,17,1,0,5,43,0,0.0
MITO,MITO_M2,MITO_M2_015_y512x256,REF,5,,699,37,1739.5331880577405,5.287136476567024,102,36,7,69,130,0,1.0
MITO,MITO_M2,MITO_M2_015_y512x256,REF,auto,,699,27,1698.8052659963826,5.30258383939821,90,35,7,69,130,0,1.0
MITO,MITO_M2,MITO_M2_015_y512x256,SEG,5,,699,36,802.4650788387053,6.990194430126379,54,9,0,14,86,0,0.13333333333333333
MITO,MITO_M2,MITO_M2_015_y512x256,SEG,auto,,699,25,731.109739779378,6.952228230093671,35,5,0,14,86,0,0.09999999999999999
MITO,MITO_M2,MITO_M2_015_y512x256,GRAPH7,5,6180.0,699,36,803.5,6.978425466193431,54,9,0,14,86,0,0.13333333333333333
MITO,MITO_M2,MITO_M2_015_y512x256,GRAPH7,auto,6180.0,699,25,732.25,6.94449981043735,35,5,0,14,86,0,0.09999999999999999
MITO,MITO_M2,MITO_M2_015_y512x256,JPEG,5,6163.0,699,35,846.920922961421,6.923977335529409,51,9,2,13,79,0,0.13333333333333333
MITO,MITO_M2,MITO_M2_015_y512x256,JPEG,auto,6163.0,699,29,817.6072144624361,6.8885661516354215,41,7,2,13,79,0,0.04761904761904761
MITO,MITO_M2,MITO_M2_015_y512x512,REF,5,,362,13,459.6173157302028,5.794933429788857,23,6,2,16,38,0,1.0
MITO,MITO_M2,MITO_M2_015_y512x512,REF,auto,,362,11,452.7888886054566,5.834693867756322,21,6,2,16,38,0,1.0
MITO,MITO_M2,MITO_M2_015_y512x512,SEG,5,,362,16,505.1147904132613,7.251861724220668,23,4,2,7,35,0,0.4
MITO,MITO_M2,MITO_M2_015_y512x512,SEG,auto,,362,13,482.21529547664954,7.2308704026250155,18,3,2,7,35,0,0.4444444444444444
MITO,MITO_M2,MITO_M2_015_y512x512,GRAPH7,5,3528.0,362,16,506.0,7.245549092931313,23,4,2,7,35,0,0.4
MITO,MITO_M2,MITO_M2_015_y512x512,GRAPH7,auto,3528.0,362,13,483.0,7.221675021648392,18,3,2,7,35,0,0.4444444444444444
MITO,MITO_M2,MITO_M2_015_y512x512,JPEG,5,3515.0,362,18,553.0142853498728,7.249481021113989,36,11,4,13,41,0,0.4705882352941177
MITO,MITO_M2,MITO_M2_015_y512x512,JPEG,auto,3515.0,362,14,505.04372260139564,7.345695455321822,23,6,4,13,41,0,0.3333333333333333
MITO,MITO_M2,MITO_M2_020_y512x512,REF,5,,120,5,83.11269837220807,4.264257925066648,5,0,0,1,11,0,1.0
MITO,MITO_M2,MITO_M2_020_y512x512,REF,auto,,120,3,77.28427124746189,4.346663246544936,3,0,0,1,11,0,1.0
MITO,MITO_M2,MITO_M2_020_y512x512,SEG,5,,120,8,64.698484809835,5.460693524663819,8,0,0,1,17,0,1.0
MITO,MITO_M2,MITO_M2_020_y512x512,SEG,auto,,120,7,55.45584412271572,5.362672061619795,7,0,0,1,17,0,1.0
MITO,MITO_M2,MITO_M2_020_y512x512,GRAPH7,5,1698.0,120,8,64.75,5.41973412887812,8,0,0,1,17,0,1.0
MITO,MITO_M2,MITO_M2_020_y512x512,GRAPH7,auto,1698.0,120,7,61.0,5.384062046637021,7,0,0,1,17,0,1.0
MITO,MITO_M2,MITO_M2_020_y512x512,JPEG,5,1694.0,120,13,128.0538238691624,6.42433760132195,13,0,0,0,26,0,1.0
MITO,MITO_M2,MITO_M2_020_y512x512,JPEG,auto,1694.0,120,9,111.15432893255073,6.433919251562702,9,0,0,0,26,0,1.0
MITO,MITO_M2,MITO_M2_017_y512x256,REF,5,,237,7,274.7228714274745,6.019671848067105,15,4,0,8,22,0,1.0
MITO,MITO_M2,MITO_M2_017_y512x256,REF,auto,,237,6,269.3086578651014,6.096770601813546,14,4,0,8,22,0,1.0
MITO,MITO_M2,MITO_M2_017_y512x256,SEG,5,,237,9,324.69343417595167,6.992307552729123,13,2,1,4,20,0,0.3333333333333333
MITO,MITO_M2,MITO_M2_017_y512x256,SEG,auto,,237,7,314.86500705120545,7.063962500075504,11,2,1,4,20,0,0.3333333333333333
MITO,MITO_M2,MITO_M2_017_y512x256,GRAPH7,5,3174.0,237,9,325.0,6.9970690770308215,13,2,1,3,20,0,0.3333333333333333
MITO,MITO_M2,MITO_M2_017_y512x256,GRAPH7,auto,3174.0,237,7,315.25,7.070134655146763,11,2,1,3,20,0,0.3333333333333333
MITO,MITO_M2,MITO_M2_017_y512x256,JPEG,5,3116.0,237,20,447.3330444827409,6.601315162857639,24,2,1,7,45,0,0.3333333333333333
MITO,MITO_M2,MITO_M2_017_y512x256,JPEG,auto,3116.0,237,15,419.43354954612926,6.693202429203563,19,2,1,7,45,0,0.3333333333333333
MITO,MITO_M2,MITO_M2_017_y512x512,REF,5,,324,21,938.920922961421,6.049326509772747,49,14,1,35,75,0,1.0
MITO,MITO_M2,MITO_M2_017_y512x512,REF,auto,,324,16,903.6072144624362,6.037933429056718,36,10,0,35,75,0,1.0
MITO,MITO_M2,MITO_M2_017_y512x512,SEG,5,,324,20,268.2081528017131,7.138475779983566,24,2,0,4,44,0,0.0
MITO,MITO_M2,MITO_M2_017_y512x512,SEG,auto,,324,12,233.23759005323595,7.040338438043226,16,2,0,4,44,0,0.0
MITO,MITO_M2,MITO_M2_017_y512x512,GRAPH7,5,3380.0,324,20,268.75,7.105988567433291,24,2,0,4,44,0,0.0
MITO,MITO_M2,MITO_M2_017_y512x512,GRAPH7,auto,3380.0,324,12,233.5,7.012455873680744,16,2,0,4,44,0,0.0
MITO,MITO_M2,MITO_M2_017_y512x512,JPEG,5,3346.0,324,23,325.5218613006979,7.006535850630593,25,1,0,5,51,0,0.0
MITO,MITO_M2,MITO_M2_017_y512x512,JPEG,auto,3346.0,324,15,286.7228714274745,7.129846877438688,15,0,0,5,51,0,0.0
MITO,MITO_M2,MITO_M2_016_y512x0,REF,5,,426,6,149.12489168102786,5.651319780153343,9,2,1,3,13,0,1.0
MITO,MITO_M2,MITO_M2_016_y512x0,REF,auto,,426,5,141.12489168102786,5.749604819858318,6,1,1,3,13,0,1.0
MITO,MITO_M2,MITO_M2_016_y512x0,SEG,5,,426,23,464.445742854949,7.926640698525974,27,2,0,8,54,0,0.0
MITO,MITO_M2,MITO_M2_016_y512x0,SEG,auto,,426,18,441.30360723121805,8.006960788119418,20,1,0,8,54,0,0.0
MITO,MITO_M2,MITO_M2_016_y512x0,GRAPH7,5,3569.0,426,23,464.75,7.912112300624121,27,2,0,8,54,0,0.0
MITO,MITO_M2,MITO_M2_016_y512x0,GRAPH7,auto,3569.0,426,18,441.5,8.001250629336969,20,1,0,8,54,0,0.0
MITO,MITO_M2,MITO_M2_016_y512x0,JPEG,5,3569.0,426,26,561.144227664784,7.8134698143901815,36,5,0,9,61,0,0.0
MITO,MITO_M2,MITO_M2_016_y512x0,JPEG,auto,3569.0,426,19,512.7594513539339,8.005485331705351,27,4,0,9,61,0,0.0
MITO,MITO_M2,MITO_M2_016_y512x256,REF,5,,481,15,480.30360723121817,5.3349244075984785,26,6,1,14,42,0,1.0
MITO,MITO_M2,MITO_M2_016_y512x256,REF,auto,,481,11,463.6467529817257,5.370769601172604,22,6,1,14,42,0,1.0
MITO,MITO_M2,MITO_M2_016_y512x256,SEG,5,,481,21,615.1147904132612,7.604344881052345,31,5,1,10,50,0,0.0
MITO,MITO_M2,MITO_M2_016_y512x256,SEG,auto,,481,14,562.8305191657993,7.704552100630928,20,3,1,10,50,0,0.0
MITO,MITO_M2,MITO_M2_016_y512x256,GRAPH7,5,4943.0,481,21,615.25,7.5613069447325065,31,5,1,9,50,0,0.0
MITO,MITO_M2,MITO_M2_016_y512x256,GRAPH7,auto,4943.0,481,14,563.25,7.669728810153241,20,3,1,9,50,0,0.0
MITO,MITO_M2,MITO_M2_016_y512x256,JPEG,5,4793.0,481,25,752.9970414071697,7.542421863168131,39,7,0,13,63,0,0.0
MITO,MITO_M2,MITO_M2_016_y512x256,JPEG,auto,4793.0,481,17,679.5411972844541,7.555530836371434,21,2,0,13,63,0,0.0
MITO,MITO_M2,MITO_M2_018_y0x0,REF,5,,239,8,298.14927829866735,5.610289041957708,14,3,0,10,26,0,1.0
MITO,MITO_M2,MITO_M2_018_y0x0,REF,auto,,239,6,292.3208511739212,5.587526793683505,12,3,0,10,26,0,1.0
MITO,MITO_M2,MITO_M2_018_y0x0,SEG,5,,239,8,273.32085117392114,7.788475192430952,16,4,0,6,22,0,0.28571428571428575
MITO,MITO_M2,MITO_M2_018_y0x0,SEG,auto,,239,6,253.5929291125633,7.9582357410027935,10,2,0,6,22,0,0.4
MITO,MITO_M2,MITO_M2_018_y0x0,GRAPH7,5,2327.0,239,8,273.75,7.7816367869253,16,4,0,6,22,0,0.28571428571428575
MITO,MITO_M2,MITO_M2_018_y0x0,GRAPH7,auto,2327.0,239,6,253.75,7.946269306724681,10,2,0,6,22,0,0.4
MITO,MITO_M2,MITO_M2_018_y0x0,JPEG,5,2326.0,239,12,348.9188309203678,7.611279855755071,20,4,0,4,28,0,0.28571428571428575
MITO,MITO_M2,MITO_M2_018_y0x0,JPEG,auto,2326.0,239,8,316.9482681718907,7.744217891191205,12,2,0,4,28,0,0.4
MITO,MITO_M2,MITO_M2_018_y0x256,REF,5,,379,15,367.59292911256335,6.019270393404539,21,3,1,11,40,0,1.0
MITO,MITO_M2,MITO_M2_018_y0x256,REF,auto,,379,13,357.17871555019025,6.037865656270833,19,3,1,11,40,0,1.0
MITO,MITO_M2,MITO_M2_018_y0x256,SEG,5,,379,11,458.6051224213831,8.219002049701844,24,7,2,12,30,0,0.4
MITO,MITO_M2,MITO_M2_018_y0x256,SEG,auto,,379,10,426.11984104714446,8.1702689085303,19,5,2,12,30,0,0.5
MITO,MITO_M2,MITO_M2_018_y0x256,GRAPH7,5,3303.0,379,11,458.5,8.268634649015034,24,7,2,11,30,0,0.4
MITO,MITO_M2,MITO_M2_018_y0x256,GRAPH7,auto,3303.0,379,10,425.75,8.201659393008557,19,5,2,11,30,0,0.5
MITO,MITO_M2,MITO_M2_018_y0x256,JPEG,5,3286.0,379,11,458.6051224213831,7.986176234370071,23,7,2,14,32,0,0.2
MITO,MITO_M2,MITO_M2_018_y0x256,JPEG,auto,3286.0,379,10,438.5340546095176,7.9934551241864735,20,6,2,14,32,0,0.2222222222222222
MITO,MITO_M2,MITO_M2_018_y512x256,REF,5,,190,19,437.9482681718907,5.399800424858497,31,6,2,18,53,0,1.0
MITO,MITO_M2,MITO_M2_018_y512x256,REF,auto,,190,15,417.70562748477147,5.449342438246808,27,6,2,18,53,0,1.0
MITO,MITO_M2,MITO_M2_018_y512x256,SEG,5,,190,7,222.16652224137047,8.134399633678957,13,3,0,3,17,0,0.2222222222222222
MITO,MITO_M2,MITO_M2_018_y512x256,SEG,auto,,190,5,204.26702730475878,8.233359211068748,9,2,0,3,17,0,0.25
MITO,MITO_M2,MITO_M2_018_y512x256,GRAPH7,5,2571.0,190,7,222.0,8.125627761016949,13,3,0,3,17,0,0.2222222222222222
MITO,MITO_M2,MITO_M2_018_y512x256,GRAPH7,auto,2571.0,190,5,204.0,8.229594585912055,9,2,0,3,17,0,0.25
MITO,MITO_M2,MITO_M2_018_y512x256,JPEG,5,2543.0,190,20,405.70562748477136,7.174454109103053,26,3,0,4,44,0,0.2222222222222222
MITO,MITO_M2,MITO_M2_018_y512x256,JPEG,auto,2543.0,190,15,377.73506473629425,7.193776210345338,19,2,0,4,44,0,0.25
MITO,MITO_M2,MITO_M2_018_y512x512,REF,5,,131,3,84.62741699796953,6.069690029463621,3,0,0,3,10,0,1.0
MITO,MITO_M2,MITO_M2_018_y512x512,REF,auto,,131,3,84.62741699796953,6.069690029463621,3,0,0,3,10,0,1.0
MITO,MITO_M2,MITO_M2_018_y512x512,SEG,5,,131,4,125.25483399593904,8.18951360201941,8,2,0,3,11,0,0.0
MITO,MITO_M2,MITO_M2_018_y512x512,SEG,auto,,131,3,111.76955262170048,8.495432877090858,5,1,0,3,11,0,0.0
MITO,MITO_M2,MITO_M2_018_y512x512,GRAPH7,5,1411.0,131,4,125.25,8.223484676343622,8,2,0,3,11,0,0.0
MITO,MITO_M2,MITO_M2_018_y512x512,GRAPH7,auto,1411.0,131,3,111.75,8.515024212188267,5,1,0,3,11,0,0.0
MITO,MITO_M2,MITO_M2_018_y512x512,JPEG,5,1389.0,131,7,181.71067811865473,6.975198063433011,15,4,3,9,17,0,0.0
MITO,MITO_M2,MITO_M2_018_y512x512,JPEG,auto,1389.0,131,5,160.39696961967002,6.877889663271961,11,3,3,9,17,0,0.0
MITO,MITO_M2,MITO_M2_019_y256x512,REF,5,,387,11,1181.2762620207482,6.631161652732865,93,45,10,58,60,0,1.0
MITO,MITO_M2,MITO_M2_019_y256x512,REF,auto,,387,9,1131.9625535217635,6.698346773496469,81,40,10,58,60,0,1.0
MITO,MITO_M2,MITO_M2_019_y256x512,SEG,5,,387,16,475.5462479183374,7.045858272286537,29,7,2,10,38,0,0.038461538461538464
MITO,MITO_M2,MITO_M2_019_y256x512,SEG,auto,,387,15,451.889393668845,7.015895967361684,22,4,2,10,38,0,0.045454545454545456
MITO,MITO_M2,MITO_M2_019_y256x512,GRAPH7,5,4101.0,387,16,475.75,7.024394826706418,29,7,2,9,38,0,0.038461538461538464
MITO,MITO_M2,MITO_M2_019_y256x512,GRAPH7,auto,4101.0,387,15,452.0,6.993493768755538,22,4,2,9,38,0,0.045454545454545456
MITO,MITO_M2,MITO_M2_019_y256x512,JPEG,5,4070.0,387,16,512.5168106668145,7.324824186161909,27,6,1,9,39,0,0.0
MITO,MITO_M2,MITO_M2_019_y256x512,JPEG,auto,4070.0,387,13,480.031529292576,7.357794805392043,16,2,1,9,39,0,0.0
MITO,MITO_M2,MITO_M2_019_y512x256,REF,5,,103,5,37.14213562373095,8.054882726754268,5,0,0,3,13,0,1.0
MITO,MITO_M2,MITO_M2_019_y512x256,REF,auto,,103,0,0.0,,0,0,0,3,13,0,1.0
MITO,MITO_M2,MITO_M2_019_y512x256,SEG,5,,103,4,71.9411254969543,9.029681365362475,4,0,0,2,10,0,1.0
MITO,MITO_M2,MITO_M2_019_y512x256,SEG,auto,,103,2,57.87005768508882,9.103101113789402,2,0,0,2,10,0,1.0
MITO,MITO_M2,MITO_M2_019_y512x256,GRAPH7,5,1756.0,103,4,72.0,8.849854988316123,4,0,0,2,10,0,1.0
MITO,MITO_M2,MITO_M2_019_y512x256,GRAPH7,auto,1756.0,103,2,58.0,8.935629470123109,2,0,0,2,10,0,1.0
MITO,MITO_M2,MITO_M2_019_y512x256,JPEG,5,1708.0,103,6,164.4680374315355,7.844727590290929,10,2,0,2,14,0,0.0
MITO,MITO_M2,MITO_M2_019_y512x256,JPEG,auto,1708.0,103,4,154.8111831820431,7.921585596696947,8,2,0,2,14,0,0.0
MITO,MITO_M2,MITO_M2_019_y512x512,REF,5,,124,2,80.9411254969543,7.074180778247244,6,2,0,3,7,0,1.0
MITO,MITO_M2,MITO_M2_019_y512x512,REF,auto,,124,1,74.11269837220811,7.162700074248673,5,2,0,3,7,0,1.0
MITO,MITO_M2,MITO_M2_019_y512x512,SEG,5,,124,2,132.1837661840736,8.09704457901545,8,3,0,4,8,0,0.4
MITO,MITO_M2,MITO_M2_019_y512x512,SEG,auto,,124,2,132.1837661840736,8.09704457901545,8,3,0,4,8,0,0.4
MITO,MITO_M2,MITO_M2_019_y512x512,GRAPH7,5,1879.0,124,2,132.0,8.07240045152004,8,3,0,4,8,0,0.4
MITO,MITO_M2,MITO_M2_019_y512x512,GRAPH7,auto,1879.0,124,2,132.0,8.07240045152004,8,3,0,4,8,0,0.4
MITO,MITO_M2,MITO_M2_019_y512x512,JPEG,5,1860.0,124,3,152.08326112068522,7.071170400068494,8,3,1,5,9,0,0.4
MITO,MITO_M2,MITO_M2_019_y512x512,JPEG,auto,1860.0,124,2,147.66904755831212,7.110498321315426,7,3,1,5,9,0,0.4
MITO,MITO_M2,MITO_M2_020_y256x256,REF,5,,286,4,541.3746750430835,5.425149446481389,31,14,1,16,22,0,1.0
MITO,MITO_M2,MITO_M2_020_y256x256,REF,auto,,286,4,525.5462479183374,5.441539158602912,25,11,1,16,22,0,1.0
MITO,MITO_M2,MITO_M2_020_y256x256,SEG,5,,286,6,369.2203461105329,7.641029364502674,20,8,2,9,17,0,0.18181818181818182
MITO,MITO_M2,MITO_M2_020_y256x256,SEG,auto,,286,5,353.3208511739212,7.586056139391402,15,6,2,9,17,0,0.11764705882352942
MITO,MITO_M2,MITO_M2_020_y256x256,GRAPH7,5,3565.0,286,6,369.5,7.7056856725543765,20,8,2,9,17,0,0.18181818181818182
MITO,MITO_M2,MITO_M2_020_y256x256,GRAPH7,auto,3565.0,286,5,353.75,7.6386949993182816,15,6,2,9,17,0,0.11764705882352942
MITO,MITO_M2,MITO_M2_020_y256x256,JPEG,5,3511.0,286,6,400.0904037956216,7.624545371423809,22,9,2,9,17,0,0.17391304347826086
MITO,MITO_M2,MITO_M2_020_y256x256,JPEG,auto,3511.0,286,6,380.7766952966369,7.54139294894096,16,6,2,9,17,0,0.11764705882352942
MITO,MITO_M2,MITO_M2_020_y256x512,REF,5,,312,6,949.4945160902281,5.089717219379333,59,28,3,44,50,0,1.0
MITO,MITO_M2,MITO_M2_020_y256x512,REF,auto,,312,5,940.6660889654818,5.103574105257705,56,27,3,44,50,0,1.0
MITO,MITO_M2,MITO_M2_020_y256x512,SEG,5,,312,13,341.8772003600252,7.528331170366085,20,4,1,7,31,0,0.0625
MITO,MITO_M2,MITO_M2_020_y256x512,SEG,auto,,312,8,305.73506473629425,7.570218938178958,13,3,1,7,31,0,0.0
MITO,MITO_M2,MITO_M2_020_y256x512,GRAPH7,5,3309.0,312,13,342.5,7.4706629769680415,20,4,1,7,31,0,0.0625
MITO,MITO_M2,MITO_M2_020_y256x512,GRAPH7,auto,3309.0,312,8,306.25,7.511272064037728,13,3,1,7,31,0,0.0
MITO,MITO_M2,MITO_M2_020_y256x512,JPEG,5,3309.0,312,11,347.9482681718907,7.3663397346235175,15,2,0,3,25,0,0.06666666666666667
MITO,MITO_M2,MITO_M2_020_y256x512,JPEG,auto,3309.0,312,8,329.4629867976521,7.312959599383829,10,1,0,3,25,0,0.0
MITO,MITO_M2,MITO_M2_020_y512x256,REF,5,,416,5,1205.5899705197328,6.3517075143557475,49,25,6,32,30,0,1.0
MITO,MITO_M2,MITO_M2_020_y512x256,REF,auto,,416,4,1195.7615433949866,6.375742744067536,46,24,6,32,30,0,1.0
MITO,MITO_M2,MITO_M2_020_y512x256,SEG,5,,416,16,541.0020920410531,6.918845757071205,28,6,0,9,41,0,0.3225806451612903
MITO,MITO_M2,MITO_M2_020_y512x256,SEG,auto,,416,12,504.3746750430836,6.8846859190563245,20,4,0,9,41,0,0.21428571428571427
MITO,MITO_M2,MITO_M2_020_y512x256,GRAPH7,5,4418.0,416,16,541.0,6.898259609296179,28,6,0,9,41,0,0.3225806451612903
MITO,MITO_M2,MITO_M2_020_y512x256,GRAPH7,auto,4418.0,416,12,504.25,6.873703996586269,20,4,0,9,41,0,0.21428571428571427
MITO,MITO_M2,MITO_M2_020_y512x256,JPEG,5,4397.0,416,13,532.9310242291876,6.764804362654194,24,6,1,11,35,0,0.25806451612903225
MITO,MITO_M2,MITO_M2_020_y512x256,JPEG,auto,4397.0,416,12,524.6883835420683,6.731589046005505,21,5,1,11,35,0,0.20689655172413793
MITO,MITO_M2,MITO_M2_018_y256x256,REF,5,,769,15,383.5218613006979,5.5204623294773585,19,2,0,9,39,0,1.0
MITO,MITO_M2,MITO_M2_018_y256x256,REF,auto,,769,11,369.69343417595167,5.602958429981341,15,2,0,9,39,0,1.0
MITO,MITO_M2,MITO_M2_018_y256x256,SEG,5,,769,43,850.6660889654819,7.466738728339737,57,8,3,15,95,0,0.2
MITO,MITO_M2,MITO_M2_018_y256x256,SEG,auto,,769,28,772.8965363437815,7.5157257616535595,39,7,3,15,95,0,0.0
MITO,MITO_M2,MITO_M2_018_y256x256,GRAPH7,5,7609.0,769,43,851.25,7.441431431299044,57,8,3,13,95,0,0.2
MITO,MITO_M2,MITO_M2_018_y256x256,GRAPH7,auto,7609.0,769,28,773.0,7.4947085842332735,39,7,3,13,95,0,0.0
MITO,MITO_M2,MITO_M2_018_y256x256,JPEG,5,7102.0,769,36,817.3523804664972,7.656861256977525,56,11,3,16,82,0,0.3076923076923077
MITO,MITO_M2,MITO_M2_018_y256x256,JPEG,auto,7102.0,769,24,759.5533905932739,7.74432227366931,40,9,3,16,82,0,0.1818181818181818
MITO,MITO_M2,MITO_M2_018_y256x512,REF,5,,695,26,1585.36666581637,6.430510341099803,92,35,6,60,100,0,1.0
MITO,MITO_M2,MITO_M2_018_y256x512,REF,auto,,695,22,1506.2539674441618,6.484174849044271,72,27,6,60,100,0,1.0
MITO,MITO_M2,MITO_M2_018_y256x512,SEG,5,,695,31,882.77878733769,8.153728640045879,49,9,1,15,75,0,0.22727272727272727
MITO,MITO_M2,MITO_M2_018_y256x512,SEG,auto,,695,22,806.5239533417509,8.257666988780944,34,6,1,15,75,0,0.1818181818181818
MITO,MITO_M2,MITO_M2_018_y256x512,GRAPH7,5,6592.0,695,31,883.5,8.136494026435981,49,9,1,14,75,0,0.22727272727272727
MITO,MITO_M2,MITO_M2_018_y256x512,GRAPH7,auto,6592.0,695,22,807.25,8.23261988856382,34,6,1,14,75,0,0.1818181818181818
MITO,MITO_M2,MITO_M2_018_y256x512,JPEG,5,6467.0,695,30,909.749350086167,8.050575590717614,49,10,2,16,72,0,0.13333333333333333
MITO,MITO_M2,MITO_M2_018_y256x512,JPEG,auto,6467.0,695,22,835.222438151586,8.143797635922105,35,7,2,16,72,0,0.058823529411764705
