filename	gt_iou	seg_iou	seg_f1	seg_precision	seg_recall	gt_fg_ssim	gt_fg_psnr	ng_fg_ssim	ng_fg_psnr	ng_iou	ng_topo_q	topo_preservation	ng_psnr	ng_ssim	ng_bytes	graph_n_components	graph_n_cycles	graph_n_junctions	graph_n_endpoints	graph_mean_degree	graph_complexity	n_nodes	n_edges	total_edge_length	mean_width_px	mean_curvature	delta_gt_iou	delta_gt_fg_psnr	delta_gt_fg_ssim	delta_fg_ssim	delta_iou	total_time_ms	ng_recon_iou	ng_n_components	ng_n_cycles	ng_euler_characteristic	ng_n_junctions	ng_n_endpoints	ng_mean_degree	ng_graph_complexity	ng_seg_beta_0	ng_seg_beta_1	graph_n_nodes	graph_n_edges	graph_n_sampled	graph_mean_edge_length	graph_mean_width	graph_total_edge_length	graph_mean_curvature	png_bytes	ng_vs_png	ng_vs_raw	image_shape	image_pixels	image_type	segmenter	n_points	n_structures	webp_quality	webp_bytes	webp_psnr	webp_ssim	webp_fg_ssim	webp_fg_psnr	webp_topo_q	webp_iou	gt_available	gt_topology_q	recon_topology_q	stem	jpeg_quality	jpeg_bytes	jpeg_psnr	jpeg_ssim	jpeg_fg_psnr	jpeg_fg_ssim	jpeg_iou	jpeg_topo_q	jpeg_beta_0	jpeg_beta_1	jpeg_betti_preservation	jp2_bytes	jp2_psnr	jp2_ssim	jp2_fg_ssim	jp2_fg_psnr	jp2_topo_q	jp2_iou	delta_fg_psnr	delta_topo_q	delta_psnr	delta_ssim	jpeg_gt_iou	jpeg_gt_fg_psnr	jpeg_gt_fg_ssim
M1_001_y0x0.png	0.244966	0.004227	0.008419	0.117647	0.004366	0.957352	18.634440	0.999893	28.384218	1.000000	0.193459	1.184749	20.664751	0.600436	1170	3	4	7	3	2.090909	1.333333	22	23	38.384776	2.562188	0.097033						2583.626747	0.009103	3	4	-1	7	3	2.090909	1.333333	4	1	22	23	12	1.668903	2.562188	38.384776	0.097033	35816	30.611966	56.013675	256x256	65536	sparse	Frangi	144	4	1	1130	30.649809	0.857466	0.999666	22.285261	0.108977	0.058645	True	0.688003	0.815111	M1_001_y0x0																									
M1_001_y0x256.png	0.028807	0.058623	0.110753	0.105774	0.116225	0.984880	21.619086	0.998864	31.035662	1.000000	0.182756	0.177777	23.861182	0.707277	4083	22	6	13	44	1.802469	0.272727	162	146	299.495153	4.306739	0.105312	-0.020626	-13.714802	-0.013274	-0.000206	0.645792	1758.429766	0.391057	22	6	16	13	44	1.802469	0.272727	33	0	162	146	105	2.051337	4.306739	299.495153	0.105312	37087	9.083272	16.050943	256x256	65536	sparse	Otsu	332	33	66	4066	38.156485	0.950654	0.999307	33.219010	0.074059	0.347211	True	0.437662	0.077806	M1_001_y0x256	28	4055	36.427998	0.932327	31.352416	0.999071	0.354208	0.086852	70	1	0.000000	541	23.785970	0.662606	0.981137	16.882851	0.175593	0.388444	-0.316754	0.095905	-12.566815	-0.225050	0.049433	35.333887	0.998154
M1_001_y0x512.png	0.137886	0.056586	0.107112	0.057062	0.871667	0.995937	21.760269	0.986982	34.834125	1.000000	0.767764	0.627013	31.807570	0.913143	13150	16	175	327	86	2.239638	10.937500	1327	1486	3110.310986	3.614151	0.084731	0.049154	-23.896941	-0.003986	-0.011625	0.498728	8115.273237	0.234143	16	175	-159	327	86	2.239638	10.937500	36	22	1327	1486	914	2.093076	3.614151	3110.310986	0.084731	29783	2.264867	4.983726	256x256	65536	sparse	Learned	1949	36	98	11876	48.886294	0.991171	0.998912	47.768682	0.333640	0.487387	True	0.299216	0.187612	M1_001_y0x512	95	12887	48.159793	0.991060	46.159401	0.998607	0.501272	0.343783	95	32	0.000000	245	22.989600	0.533716	0.891966	19.705985	0.997342	0.318393	-11.325276	0.423981	-16.352223	-0.077917	0.088732	45.657209	0.999924
M1_001_y256x0.png	0.252974	0.011606	0.022945	0.272358	0.011977	0.967573	16.706141	0.999921	26.182972	1.000000	0.197481	1.332064	21.527380	0.723130	1047	3	0	0	4	1.760000	0.000000	25	22	35.798990	2.934699	0.059344						724.821091	0.011570	3	0	3	0	4	1.760000	0.000000	3	0	25	22	21	1.627227	2.934699	35.798990	0.059344	32062	30.622732	62.594078	256x256	65536	sparse	Frangi	145	3	3	1000	32.728390	0.890171	0.999904	24.263639	0.217651	0.056796	True	0.708291	0.943490	M1_001_y256x0																									
M1_001_y256x512.png	0.418813	0.347729	0.516022	0.405647	0.708913	0.988086	30.067031	0.990996	34.388008	1.000000	0.665969	0.489190	28.897183	0.772469	8089	16	54	105	42	2.107345	3.375000	708	746	1390.555483	6.717138	0.064820	0.049078	-10.202820	-0.009634	-0.005873	0.450704	4067.095757	0.555222	16	54	-38	105	42	2.107345	3.375000	23	4	708	746	561	1.864015	6.717138	1390.555483	0.064820	36877	4.558907	8.101867	256x256	65536	sparse	Otsu	842	23	89	7518	42.189737	0.972523	0.996819	40.483940	0.355373	0.544020	True	0.891632	0.436178	M1_001_y256x512	80	7846	42.083085	0.972661	40.069308	0.996868	0.549296	0.340928	117	34	0.000000	279	23.198103	0.607376	0.896459	19.186556	0.999746	0.326803	-5.681300	0.325041	-13.185903	-0.200192	0.369735	40.269851	0.997720
M1_001_y256x768.png	0.476838	0.377363	0.547950	0.450096	0.700173	0.990956	28.209306	0.992652	33.776196	1.000000	0.818310	0.608798	30.609499	0.851687	7501	8	23	57	33	2.049342	2.875000	608	623	1055.193001	7.227778	0.044897	-0.021486	-12.695216	-0.007796	-0.005265	0.400964	6236.190796	0.594001	8	23	-15	57	33	2.049342	2.875000	11	0	608	623	518	1.693729	7.227778	1055.193001	0.044897	32108	4.280496	8.736968	256x256	65536	sparse	Otsu	882	11	92	6730	44.853474	0.982226	0.998306	41.940732	0.586770	0.598229	True	0.967752	0.589166	M1_001_y256x768	87	7468	44.172235	0.979406	40.382435	0.997917	0.599036	0.641342	26	24	0.000000	272	22.754851	0.546652	0.897453	17.310971	0.999823	0.538155	-6.606239	0.176969	-13.562736	-0.127719	0.498324	40.904521	0.998753
M1_001_y512x512.png	0.057150	0.145628	0.254232	0.271543	0.238996	0.984287	26.667070	0.998160	31.722907	1.000000	0.271578	0.107206	28.775028	0.717966	4860	25	9	17	50	1.892617	0.360000	298	282	497.261977	4.612864	0.082506	-0.016716	-10.459237	-0.013505	-0.000944	0.751179	2033.202171	0.232603	25	9	16	17	50	1.892617	0.360000	32	0	298	282	231	1.763340	4.612864	497.261977	0.082506	37273	7.669342	13.484774	256x256	65536	sparse	Meijering	430	32	79	4646	39.632398	0.953658	0.999262	36.110212	0.086364	0.249606	True	0.717155	0.076884	M1_001_y512x512	47	4807	38.884891	0.950224	34.297909	0.999104	0.248821	0.081412	61	1	0.046875	410	24.569490	0.649133	0.970628	17.289504	0.309841	0.391419	-2.575002	0.190166	-10.109863	-0.232259	0.073866	37.126308	0.997791
M1_002_y256x512.png	0.166863	0.008879	0.017601	0.084095	0.009829	0.981548	21.305956	0.999787	26.739228	1.000000	0.222755	1.748086	21.668183	0.706847	1376	4	2	4	6	1.900000	0.500000	40	38	59.384776	3.372693	0.041065	0.100046	-3.332537	-0.004490	0.001004	0.873603	862.735987	0.019423	4	2	2	4	6	1.900000	0.500000	5	0	40	38	30	1.562757	3.372693	59.384776	0.041065	30535	22.191134	47.627907	256x256	65536	sparse	Frangi	162	5	13	1352	34.660900	0.918913	0.999788	26.362381	0.155437	0.145299	True	0.572050	0.999993	M1_002_y256x512	3	1366	27.072349	0.776278	19.657378	0.998783	0.126397	0.235956	46	5	0.000000								7.081850	-0.013201	-5.404166	-0.069431	0.066817	24.638493	0.986038
M1_002_y256x768.png	0.285625	0.000286	0.000572	0.007246	0.000298	0.963336	23.077960	0.999905	27.268071	1.000000	0.202814	1.283412	19.461614	0.610006	1388	3	0	0	6	1.785714	0.000000	28	25	34.313708	4.588274	0.039039	0.258830	-1.535032	0.001022	0.000479	0.911032	785.893440	0.014217	3	0	3	0	6	1.785714	0.000000	3	0	28	25	22	1.372548	4.588274	34.313708	0.039039	34434	24.808357	47.216138	256x256	65536	dense	Frangi	228	3	4	1370	31.794749	0.882518	0.999856	24.107068	0.117164	0.111517	True	0.776423	0.996471	M1_002_y256x768	2	1383	25.018069	0.672876	18.782832	0.999427	0.088968	0.201621	58	3	0.000000								8.485239	0.001192	-5.556454	-0.062871	0.026795	24.612992	0.962314
M1_002_y768x256.png	0.193516	0.081912	0.151422	0.082626	0.904580	0.999447	34.336859	0.993011	35.490822	1.000000	0.833928	0.358632	31.966042	0.889697	11299	15	130	258	84	2.171898	8.666667	1338	1453	3110.866316	3.118123	0.087971	-0.013705	-10.330216	-0.000504	-0.006008	0.754786	3050.769567	0.257144	15	130	-115	258	84	2.171898	8.666667	30	9	1338	1453	996	2.140995	3.118123	3110.866316	0.087971	31302	2.770334	5.800159	256x256	65536	sparse	Learned	1534	30	97	11292	48.406640	0.991395	0.999181	46.890637	0.172710	0.268452	True	0.614032	0.220211	M1_002_y768x256	93	10915	47.272092	0.990579	45.005332	0.999019	0.245214	0.167047	72	4	0.022222	244	20.971054	0.467057	0.883664	16.568107	0.999999	0.328343	-9.514510	0.666881	-15.306051	-0.100881	0.207221	44.667075	0.999951
M1_002_y768x768.png	0.009539	0.042043	0.080694	0.069702	0.095800	0.991721	28.806315	0.996980	32.853245	1.000000	0.201363	0.170112	30.225681	0.784361	3812	22	24	32	44	2.021622	1.090909	185	187	413.123527	4.208312	0.097397	-0.041342	-10.828442	-0.007074	-0.001653	0.748323	1854.044914	0.278318	22	24	-2	32	44	2.021622	1.090909	33	2	185	187	109	2.209217	4.208312	413.123527	0.097397	34321	9.003410	17.192025	256x256	65536	sparse	Meijering	319	33	80	3794	40.908810	0.960797	0.998846	36.706981	0.258962	0.229258	True	0.474112	0.080652	M1_002_y768x768	41	3802	39.786207	0.950847	35.400479	0.998633	0.251677	0.234307	152	34	0.000000	536	28.757921	0.762628	0.978417	22.034546	0.408445	0.187069	-2.547233	-0.032944	-9.560527	-0.166486	0.050880	39.634757	0.998795
M1_003_y256x256.png	0.191053	0.118495	0.211883	0.121430	0.830606	0.999239	30.770707	0.997095	34.581347	1.000000	0.717101	1.411230	33.250355	0.956884	5771	8	45	87	31	2.135531	5.625000	546	583	1094.222217	3.498284	0.072820	-0.035108	-12.388750	-0.000705	-0.002403	0.656115	3296.594858	0.377468	8	45	-37	87	31	2.135531	5.625000	15	4	546	583	428	1.876882	3.498284	1094.222217	0.072820	22795	3.949922	11.356091	256x256	65536	sparse	Learned	884	15	97	4966	50.246865	0.986940	0.999605	46.580867	0.267368	0.359046	True	0.340320	0.480269	M1_003_y256x256	92	5219	48.828405	0.988822	43.630424	0.999497	0.343885	0.226285	29	2	0.283333	334	26.405454	0.567293	0.962637	18.849749	0.510318	0.322028	-9.049077	0.490816	-15.578049	-0.031939	0.226161	43.159458	0.999945
M1_003_y256x512.png	0.183055	0.003197	0.006373	0.221154	0.003233	0.971176	21.431363	0.999965	25.219929	1.000000	0.147856	1.806521	19.587607	0.569997	836	2	0	0	4	1.500000	0.000000	8	6	16.071068	2.177959	0.221742						507.516146	0.002908	2	0	2	0	4	1.500000	0.000000	2	0	8	6	4	2.678511	2.177959	16.071068	0.221742	35895	42.936603	78.392344	256x256	65536	sparse	Frangi	100	2									True	0.553550	1.000000	M1_003_y256x512																									
M1_003_y512x256.png	0.104500	0.132224	0.233566	0.133697	0.923107	0.999129	36.051084	0.990463	35.287171	1.000000	0.841183	1.803935	31.223280	0.859684	7825	9	49	101	39	2.107095	5.444444	747	787	1429.210401	7.809611	0.055044	0.005256	-6.831353	-0.000669	-0.007038	0.388549	4451.808214	0.630865	9	49	-40	101	39	2.107095	5.444444	13	3	747	787	607	1.816023	7.809611	1429.210401	0.055044	31825	4.067093	8.375208	256x256	65536	sparse	Otsu	867	13	93	6956	45.443161	0.986188	0.997613	43.090615	0.692470	0.614063	True	0.509338	0.918813	M1_003_y512x256	87	7768	45.173274	0.986309	42.202104	0.997501	0.611451	0.686122	48	50	0.000000	276	22.847867	0.511554	0.861399	18.878038	1.000000	0.508230	-6.914934	0.155061	-13.949994	-0.126625	0.099245	42.882437	0.999798
M1_003_y512x768.png	0.132535	0.116737	0.209068	0.120063	0.808203	0.997351	33.415111	0.984412	36.238734	1.000000	0.983050	2.695695	33.392551	0.878055	9511	3	67	149	45	2.125737	22.333333	1018	1082	1937.293226	8.254814	0.044912	-0.002899	-9.410941	-0.002298	-0.011518	0.301750	5780.038118	0.675737	3	67	-64	149	45	2.125737	22.333333	8	6	1018	1082	824	1.790474	8.254814	1937.293226	0.044912	32222	3.387867	6.890548	256x256	65536	sparse	Otsu	1172	8	95	9330	46.834619	0.987209	0.997131	44.964659	0.747375	0.691125	True	0.370044	0.997526	M1_003_y512x768	91	9263	45.692743	0.985499	43.192893	0.995930	0.698250	0.771145	45	96	0.000000	249	22.030331	0.430726	0.835524	18.984967	0.999158	0.595693	-6.954159	0.211905	-12.300192	-0.107444	0.135434	42.826052	0.999650
M1_003_y768x512.png	0.271588	0.001674	0.003343	0.085106	0.001705	0.980922	22.743041	0.999975	29.021609	1.000000	0.355964	1.320376	24.009382	0.705804	900	1	0	0	1	1.904762	0.000000	21	20	22.242641	3.561124	0.016266						672.575712	0.004610	1	0	1	0	1	1.904762	0.000000	1	0	21	20	20	1.112132	3.561124	22.242641	0.016266	35502	39.446667	72.817778	256x256	65536	dense	Frangi	136	1	2	874	33.153776	0.875533	0.999924	24.673105	0.571268	0.004423	True	0.554028	0.731526	M1_003_y768x512																									
M1_003_y768x768.png	0.319145	0.119976	0.214248	0.193486	0.240000	0.985600	25.268250	0.997534	32.850325	1.000000	0.247735	0.606901	28.289035	0.809448	5496	26	3	6	56	1.859327	0.115385	327	304	452.074721	4.825113	0.046903	-0.050563	-14.944356	-0.013178	-0.001679	0.620239	2682.638407	0.385631	26	3	23	6	56	1.859327	0.115385	30	0	327	304	265	1.487088	4.825113	452.074721	0.046903	32515	5.916121	11.924309	256x256	65536	dense	Meijering	681	30	89	5134	43.471353	0.979956	0.999408	39.626796	0.250848	0.379136	True	0.481077	0.291966	M1_003_y768x768	73	5437	42.840297	0.979234	37.771632	0.999213	0.379761	0.256578	57	6	0.000000	344	24.086750	0.563901	0.956062	17.012930	0.460354	0.284019	-4.921306	-0.008843	-14.551263	-0.169786	0.369708	40.212606	0.998778
M1_004_y256x256.png	0.102922	0.109759	0.197806	0.115389	0.692255	0.997857	28.237199	0.993733	34.880425	1.000000	0.988040	1.062690	32.103098	0.890161	11836	10	212	414	74	2.266491	21.200000	1516	1718	3405.838878	3.199994	0.069939	-0.006889	-14.499958	-0.001988	-0.005064	0.451648	2765.668631	0.517535	10	212	-202	414	74	2.266491	21.200000	13	28	1516	1718	1028	1.982444	3.199994	3405.838878	0.069939	31137	2.630703	5.537006	256x256	65536	sparse	Learned	1638	13	96	10046	47.156988	0.989784	0.999178	45.337630	0.807172	0.545822	True	0.869971	0.924510	M1_004_y256x256	93	10819	45.804509	0.988401	43.376749	0.998798	0.548352	0.869204	34	110	0.000000	247	21.815663	0.398623	0.936417	19.089265	0.999771	0.409930	-8.496324	0.118835	-13.701410	-0.098239	0.109811	42.737157	0.999845
M1_004_y256x512.png	0.108333	0.111693	0.200942	0.111884	0.984937	0.999345	34.120344	0.989210	34.171602	1.000000	0.833373	0.925790	30.010651	0.834685	8644	11	54	115	41	2.104878	4.909091	820	863	1524.579869	7.682513	0.052512	-0.001576	-5.983819	-0.000448	-0.007361	0.316197	4702.061892	0.669729	11	54	-43	115	41	2.104878	4.909091	15	3	820	863	664	1.766605	7.682513	1524.579869	0.052512	32505	3.760412	7.581675	256x256	65536	sparse	Otsu	948	15	92	7942	44.284719	0.984347	0.997395	41.805221	0.546078	0.678827	True	0.851425	0.788241	M1_004_y256x512	87	8181	43.299593	0.981471	40.205781	0.996571	0.683803	0.610898	46	45	0.000000	247	20.797596	0.392410	0.868754	17.362811	0.980937	0.521749	-6.034179	0.222476	-13.288942	-0.146786	0.109909	40.104163	0.999793
M1_004_y512x0.png	0.069562	0.000000	0.000000	0.000000	0.000000	0.994501	17.440931	0.999995	29.597464	1.000000	0.213372	1.575392	28.545928	0.833030	493	1	0	0	1	1.818182	0.000000	11	10	12.656854	2.636825	0.000000						569.105864	0.003705	1	0	1	0	1	1.818182	0.000000	1	0	11	10	10	1.265685	2.636825	12.656854	0.000000	25868	52.470588	132.933063	256x256	65536	dense	Frangi	56	1	2	484	35.839776	0.904715	0.999983	22.466225	0.981806	0.003662	True	0.510808	0.804722	M1_004_y512x0																									
M1_004_y768x0.png	0.079665	0.055066	0.104385	0.055066	1.000000	0.999888	36.662689	0.989295	35.168299	1.000000	0.783846	1.404726	29.837458	0.855508	9994	12	55	111	46	2.106436	4.583333	808	851	1505.412642	7.047134	0.057273	0.027950	-5.667336	-0.000084	-0.008730	0.289762	12436.549902	0.609537	12	55	-43	111	46	2.106436	4.583333	17	1	808	851	651	1.768993	7.047134	1505.412642	0.057273	32084	3.210326	6.557535	256x256	65536	sparse	Otsu	1412	17	96	9502	47.119865	0.988314	0.998557	45.360250	0.618235	0.708378	True	0.387374	0.544154	M1_004_y768x0	92	9629	46.394035	0.987884	43.927321	0.998026	0.710238	0.704127	46	51	0.000000	248	21.642789	0.475033	0.878851	17.676250	0.956717	0.483835	-8.759022	0.079719	-16.556578	-0.132375	0.051715	42.330026	0.999972
M1_004_y768x512.png	0.134999	0.023364	0.045662	0.527778	0.023863	0.981970	19.349281	0.999889	24.461810	1.000000	0.118973	1.432712	22.547269	0.675532	923	1	0	0	2	1.333333	0.000000	3	2	6.414214	3.041035	0.230038						467.437029	0.006104	1	0	1	0	2	1.333333	0.000000	3	0	3	2	1	3.207107	3.041035	6.414214	0.230038	32414	35.118093	71.003250	256x256	65536	sparse	Frangi	127	3	1	878	31.505104	0.854036	0.999879	23.527004	0.686273	0.011981	True	0.672994	0.964207	M1_004_y768x512																									
M1_004_y768x768.png	0.255431	0.167678	0.287199	0.170256	0.917175	0.997943	31.765397	0.988100	34.558729	1.000000	0.728651	0.591720	29.723808	0.786612	11635	16	72	154	57	2.124583	4.500000	899	955	1725.201859	6.895288	0.056282	0.003613	-10.228495	-0.001841	-0.009227	0.433954	13580.323458	0.518794	16	72	-56	154	57	2.124583	4.500000	23	3	899	955	688	1.806494	6.895288	1725.201859	0.056282	35507	3.051740	5.632660	256x256	65536	sparse	Otsu	1507	23	94	11168	45.269208	0.987024	0.998006	43.798745	0.264034	0.534165	True	0.640060	0.378737	M1_004_y768x768	90	11232	44.321639	0.985177	42.218824	0.997327	0.566046	0.299151	119	28	0.000000	247	21.467771	0.496341	0.848591	18.025954	1.000000	0.454003	-7.660095	0.429500	-14.597831	-0.198565	0.251818	41.993892	0.999784
M1_005_y256x512.png	0.118270	0.000000	0.000000	0.000000	0.000000	0.983111	22.034515	0.999984	24.575278	1.000000	0.130642	1.548376	26.028122	0.727320	524	1	0	0	2	1.333333	0.000000	3	2	6.414214	3.041035	0.230038						463.341951	0.001657	1	0	1	0	2	1.333333	0.000000	1	0	3	2	1	3.207107	3.041035	6.414214	0.230038	31883	60.845420	125.068702	256x256	65536	sparse	Frangi	64	1									True	0.645838	1.000000	M1_005_y256x512																									
M1_005_y512x0.png	0.093658	0.093612	0.171198	0.094776	0.884011	0.999098	31.385600	0.992785	35.355350	1.000000	0.931110	1.753599	32.368647	0.901646	11330	16	179	339	78	2.220270	11.187500	1480	1643	3335.674507	3.176544	0.079352	0.013839	-11.924062	-0.000840	-0.006015	0.435660	2597.198486	0.584395	16	179	-163	339	78	2.220270	11.187500	21	29	1480	1643	1063	2.030234	3.176544	3335.674507	0.079352	32111	2.834157	5.784289	256x256	65536	sparse	Learned	1604	21	96	9800	47.016307	0.986692	0.999049	45.933972	0.733987	0.559000	True	0.475046	0.833040	M1_005_y512x0	93	10471	46.523673	0.987485	44.353959	0.998799	0.564340	0.815149	39	100	0.000000	245	21.721555	0.555395	0.927448	18.867317	0.999633	0.366538	-8.998609	0.115961	-14.155026	-0.085838	0.079818	43.309663	0.999938
M1_005_y512x768.png	0.265710	0.232600	0.377414	0.235068	0.956815	0.996137	32.727834	0.983950	35.896530	1.000000	0.994822	1.199049	31.789530	0.870325	11287	3	67	146	37	2.131823	22.333333	971	1035	1905.447858	8.165881	0.047852	0.048135	-10.028617	-0.003264	-0.012255	0.284486	16049.575806	0.726532	3	67	-64	146	37	2.131823	22.333333	6	7	971	1035	788	1.841012	8.165881	1905.447858	0.047852	33111	2.933552	5.806326	256x256	65536	sparse	Otsu	1573	6	96	10956	47.033825	0.988043	0.997570	45.558760	0.735726	0.714975	True	0.718401	0.861399	M1_005_y512x768	93	11123	45.715407	0.986008	43.626113	0.996205	0.715514	0.798005	41	92	0.000000	249	22.978230	0.478434	0.850200	20.380330	0.904948	0.586288	-7.729583	0.196817	-13.925877	-0.115683	0.217575	42.756451	0.999401
M1_005_y768x0.png	0.052988	0.050000	0.095238	0.051059	0.706872	0.999447	27.050055	0.996204	34.610705	1.000000	0.644590	1.985469	32.737485	0.928421	7682	20	74	149	63	2.134161	3.700000	805	859	1766.312788	3.068296	0.080778	0.012296	-16.358540	-0.000535	-0.003241	0.551248	2768.009901	0.481614	20	74	-54	149	63	2.134161	3.700000	29	8	805	859	593	2.056243	3.068296	1766.312788	0.080778	28157	3.665322	8.531112	256x256	65536	sparse	Learned	1055	29	97	7436	48.725745	0.989555	0.999606	46.633969	0.648269	0.463185	True	0.327762	0.650761	M1_005_y768x0	92	7490	47.438430	0.989428	43.927689	0.999446	0.448752	0.789054	26	52	0.000000	271	23.926483	0.546562	0.947178	17.965814	0.999998	0.302920	-9.316984	-0.144464	-14.700945	-0.061007	0.040692	43.408595	0.999982
M1_005_y768x256.png	0.406311	0.272239	0.427969	0.303250	0.726940	0.982781	23.310392	0.989663	33.730600	1.000000	0.517240	0.426944	27.044457	0.739674	10444	29	52	99	55	2.063100	1.793103	729	752	1348.756493	6.451797	0.060711	0.047001	-18.646932	-0.016401	-0.007908	0.484070	11434.035301	0.498950	29	52	-23	99	55	2.063100	1.793103	34	4	729	752	575	1.793559	6.451797	1348.756493	0.060711	36943	3.537246	6.274990	256x256	65536	sparse	Otsu	1340	34	92	10084	43.895280	0.981927	0.997944	42.622350	0.233433	0.530931	True	0.817316	0.348949	M1_005_y768x256	86	10349	43.378607	0.980075	41.756468	0.997570	0.515930	0.228377	135	29	0.000000	247	21.693323	0.549270	0.894261	18.112061	0.627679	0.349968	-8.025867	0.288863	-16.334151	-0.240400	0.359310	41.957325	0.999182
M1_005_y768x512.png	0.486244	0.000000	0.000000	0.000000	0.000000	0.932774	19.377544	0.999978	27.920582	1.000000	0.113080	0.798791	20.942837	0.539967	592	1	0	0	2	1.500000	0.000000	4	3	5.414214	3.182164	0.108441						462.599993	0.002504	1	0	1	0	2	1.500000	0.000000	1	0	4	3	2	1.804738	3.182164	5.414214	0.108441	38542	65.104730	110.702703	256x256	65536	dense	Frangi	55	1									True	0.928161	0.741407	M1_005_y768x512																									
M1_005_y768x768.png	0.051710	0.000000	0.000000	0.000000	0.000000	0.992157	20.212163	0.999953	22.204246	1.000000	0.113080	1.669138	22.949187	0.681995	537	0	0	0	0	0	0.000000	0	0	0	0	0						446.072578	0.001603	0	0	0	0	0	0	0.000000	1	0	0	0	0	0	0	0	0	33245	61.908752	122.040968	256x256	65536	sparse	Frangi	55	1									True	0.598280	0.998612	M1_005_y768x768																									
M1_006_y0x512.png	0.190204	0.133183	0.235060	0.144452	0.630617	0.997445	25.233871	0.995287	35.578184	1.000000	0.995204	1.696963	36.614673	0.973772	4882	3	57	106	17	2.209302	19.000000	516	570	964.092496	3.755815	0.048921	0.015265	-20.479329	-0.002419	-0.004023	0.287767	4982.466221	0.659649	3	57	-54	106	17	2.209302	19.000000	3	10	516	570	393	1.691390	3.755815	964.092496	0.048921	12625	2.586030	13.424007	256x256	65536	sparse	Learned	906	3	100	3276	54.673844	0.995449	0.999581	49.410604	0.755857	0.708585	True	0.493383	0.837253	M1_006_y0x512	95	4195	53.476864	0.995768	46.660225	0.999310	0.712233	0.955488	5	14	0.466667	407	39.376252	0.936839	0.992072	31.592033	0.988086	0.577958	-11.082041	0.039716	-16.862192	-0.021997	0.174938	45.713200	0.999864
M1_006_y0x768.png	0.030866	0.046732	0.089291	0.061496	0.162934	0.993380	26.002169	0.998120	31.964170	1.000000	0.238380	0.276092	27.974297	0.767132	3892	21	5	12	40	1.835897	0.238095	195	179	348.178716	4.759639	0.092516	-0.002320	-11.918131	-0.005958	-0.000989	0.674595	2056.601286	0.314243	21	5	16	12	40	1.835897	0.238095	26	0	195	179	143	1.945132	4.759639	348.178716	0.092516	33329	8.563464	16.838643	256x256	65536	sparse	Meijering	353	26	80	3790	41.292868	0.970213	0.999428	36.386381	0.095163	0.317078	True	0.396159	0.109376	M1_006_y0x768	40	3834	39.597508	0.959190	33.635394	0.999109	0.325405	0.103398	35	1	0.326923	529	26.847301	0.723862	0.981499	19.841816	0.126284	0.367360	-1.671224	0.134982	-11.623211	-0.192059	0.033186	37.920300	0.999338
M1_006_y256x512.png	0.198254	0.003666	0.007305	0.240964	0.003709	0.968525	21.875738	0.999972	26.211673	1.000000	0.095163	1.203318	23.241557	0.631638	626	0	0	0	0	0	0.000000	0	0	0	0	0						465.372801	0.004239	0	0	0	0	0	0	0.000000	1	0	0	0	0	0	0	0	0	34311	54.809904	104.690096	256x256	65536	sparse	Frangi	79	1									True	0.612706	0.737280	M1_006_y256x512																									
M1_006_y512x512.png	0.295067	0.195591	0.327186	0.201013	0.878801	0.992365	25.808116	0.986728	35.819944	1.000000	0.544727	0.863043	30.027125	0.794879	10497	26	49	105	68	2.058376	1.884615	788	811	1507.276919	6.610954	0.073524	0.034135	-16.983347	-0.006976	-0.010438	0.512410	12126.892328	0.443009	26	49	-23	105	68	2.058376	1.884615	35	1	788	811	615	1.858541	6.610954	1507.276919	0.073524	34063	3.245022	6.243308	256x256	65536	sparse	Otsu	1400	35	94	9948	45.713621	0.986750	0.997534	44.372075	0.296997	0.497472	True	0.366307	0.316139	M1_006_y512x512	89	9857	45.297795	0.986035	43.434726	0.997166	0.487590	0.279407	138	22	0.000000	249	22.987999	0.571566	0.849340	19.696999	0.787752	0.359348	-7.614782	0.265319	-15.270670	-0.191156	0.260932	42.791463	0.999341
M1_006_y768x512.png	0.186579	0.136288	0.239883	0.145895	0.674240	0.993412	30.540261	0.992031	36.016650	1.000000	0.851463	1.075391	33.485378	0.900161	10283	17	147	282	72	2.210868	8.647059	1233	1363	2892.139618	3.473184	0.084560	-0.015339	-13.418361	-0.006037	-0.006742	0.551918	2783.004999	0.451804	17	147	-130	282	72	2.210868	8.647059	26	17	1233	1363	879	2.121893	3.473184	2892.139618	0.084560	30662	2.981815	6.373237	256x256	65536	sparse	Learned	1367	26	96	9232	47.653400	0.989575	0.998967	46.048399	0.447517	0.449489	True	0.453379	0.487560	M1_006_y768x512	92	9306	46.925291	0.988857	44.688153	0.998773	0.448082	0.419305	68	21	0.074661	247	23.280097	0.548973	0.903459	19.538887	0.931437	0.311073	-8.671503	0.432158	-13.439913	-0.088696	0.201919	43.958621	0.999448
M1_006_y768x768.png	0.216911	0.205399	0.340799	0.258106	0.501459	0.987977	29.972476	0.993468	35.163005	1.000000	0.567992	0.524760	30.306598	0.822519	13188	42	116	224	126	2.095299	2.761905	1553	1627	2831.035299	3.504097	0.080889	-0.014498	-14.368159	-0.011073	-0.005453	0.493141	3417.651176	0.476243	42	116	-74	224	126	2.095299	2.761905	58	17	1553	1627	1203	1.740034	3.504097	2831.035299	0.080889	35220	2.670610	4.969366	256x256	65536	dense	Learned	1861	58	95	12316	45.986409	0.987263	0.999119	45.074854	0.347637	0.504127	True	0.706242	0.370607	M1_006_y768x768	93	12986	45.205558	0.984282	44.031206	0.998920	0.506859	0.358068	110	42	0.000000	248	22.243281	0.594575	0.931984	18.894135	0.999590	0.289153	-8.868201	0.209924	-14.898960	-0.161763	0.231409	44.340634	0.999050
M1_007_y512x0.png	0.018510	0.034384	0.066481	0.035054	0.642473	0.999425	25.951082	0.996157	32.612222	1.000000	0.575991	1.754098	28.529982	0.830161	10813	29	111	218	111	2.147350	3.827586	1113	1195	2498.060052	2.988973	0.087398	-0.000223	-13.602993	-0.000553	-0.003178	0.690503	2263.770342	0.308982	29	111	-82	218	111	2.147350	3.827586	50	6	1113	1195	784	2.090427	2.988973	2498.060052	0.087398	34744	3.213169	6.060853	256x256	65536	sparse	Learned	1247	50	93	9874	44.339816	0.983710	0.999468	42.754201	0.999088	0.308966	True	0.565402	0.991770	M1_007_y512x0	89	10124	43.083016	0.981642	40.788409	0.999335	0.309497	0.998435	3	12	0.030000	250	20.006913	0.425338	0.942713	15.242831	0.999969	0.295134	-8.176188	-0.422444	-14.553035	-0.151481	0.018733	39.554075	0.999978
M1_007_y512x256.png	0.153007	0.165867	0.284538	0.169883	0.875235	0.997561	34.310957	0.984075	34.460522	1.000000	0.998864	1.107101	29.161002	0.875119	8547	3	58	120	34	2.135970	19.333333	809	864	1617.440928	9.351421	0.048140	-0.005568	-6.986943	-0.001869	-0.011017	0.279254	5417.510509	0.699553	3	58	-55	120	34	2.135970	19.333333	4	3	809	864	655	1.872038	9.351421	1617.440928	0.048140	32283	3.777115	7.667720	256x256	65536	sparse	Otsu	929	4	93	7782	44.893698	0.984545	0.996346	42.819924	0.855742	0.716774	True	0.902509	0.999169	M1_007_y512x256	88	8326	43.870561	0.983690	41.116265	0.995091	0.720746	0.891287	21	61	0.000000	247	21.062168	0.415440	0.840361	18.181893	0.925230	0.616282	-6.655743	0.107576	-14.709560	-0.108571	0.158575	41.297900	0.999430
M1_007_y512x512.png	0.236395	0.253654	0.404663	0.280244	0.727768	0.989121	27.311923	0.991786	33.141326	1.000000	0.970169	0.640221	28.461761	0.835189	14284	9	222	420	72	2.257091	24.666667	1657	1870	3756.326808	3.303655	0.080774	-0.011885	-14.599481	-0.010185	-0.006955	0.545167	3300.574780	0.441065	9	222	-213	420	72	2.257091	24.666667	18	26	1657	1870	1165	2.008731	3.303655	3756.326808	0.080774	35496	2.485018	4.588071	256x256	65536	sparse	Learned	1819	18	96	14012	46.710394	0.990590	0.999306	45.646286	0.753254	0.454983	True	0.989642	0.633589	M1_007_y512x512	93	14168	44.145576	0.986594	42.411217	0.998741	0.454833	0.775751	28	45	0.356838	249	20.295460	0.382954	0.922604	17.661725	0.999977	0.374595	-9.269891	0.194418	-15.683814	-0.151405	0.248280	41.911403	0.999306
M1_007_y512x768.png	0.171310	0.138187	0.242819	0.146899	0.699696	0.997246	27.569528	0.994403	34.123965	1.000000	0.985752	2.121485	32.274066	0.906519	8848	4	165	292	45	2.300654	41.250000	1071	1232	2340.701802	3.293332	0.069995	-0.021477	-14.516834	-0.002547	-0.004518	0.467807	2351.300240	0.503523	4	165	-161	292	45	2.300654	41.250000	9	20	1071	1232	734	1.899920	3.293332	2340.701802	0.069995	29150	3.294530	7.406872	256x256	65536	sparse	Learned	1199	9	96	8078	47.974028	0.987744	0.999342	45.541273	0.650869	0.531141	True	0.459359	0.974524	M1_007_y512x768	92	7922	46.183579	0.986518	42.658098	0.998921	0.532193	0.799070	25	53	0.000000	246	21.359533	0.349848	0.935374	16.322219	0.978290	0.360917	-8.534132	0.186681	-13.909513	-0.079999	0.192787	42.086362	0.999793
M1_007_y768x0.png	0.134070	0.211487	0.349136	0.226298	0.763666	0.996162	27.439162	0.994107	33.369292	1.000000	0.549034	1.365019	28.692360	0.804412	7063	18	27	59	45	2.033962	1.500000	530	539	963.180808	5.515130	0.057469	0.000530	-13.536445	-0.003460	-0.004552	0.599194	5192.899466	0.402833	18	27	-9	59	45	2.033962	1.500000	22	0	530	539	426	1.786977	5.515130	963.180808	0.057469	30710	4.348011	9.278777	256x256	65536	sparse	Meijering	866	22	92	6510	44.534777	0.982216	0.998844	41.842997	0.716099	0.400314	True	0.680181	0.928460	M1_007_y768x0	86	7033	44.316240	0.980752	41.118815	0.998658	0.400806	0.682835	24	14	0.000000	279	25.419385	0.516416	0.945530	21.020829	0.990245	0.357340	-7.749523	-0.133801	-15.623879	-0.176339	0.133540	40.975607	0.999623
M1_007_y768x256.png	0.058127	0.061140	0.115235	0.062225	0.778137	0.998897	28.770880	0.991578	34.405565	1.000000	0.996817	1.990134	29.940380	0.855676	12409	6	184	359	65	2.235918	30.666667	1509	1687	3454.036813	3.487600	0.079434	-0.002809	-14.091985	-0.001004	-0.006823	0.527331	2908.592463	0.464651	6	184	-178	359	65	2.235918	30.666667	10	22	1509	1687	1085	2.047443	3.487600	3454.036813	0.079434	32162	2.591829	5.281328	256x256	65536	sparse	Learned	1631	10	96	11216	47.057052	0.988865	0.998899	45.766486	0.750662	0.471967	True	0.485212	0.965637	M1_007_y768x256	93	11813	45.455563	0.986198	43.606862	0.998401	0.472669	0.831112	27	58	0.000000	248	22.493922	0.458134	0.931650	20.171576	0.889933	0.254791	-9.201297	0.165705	-15.515183	-0.130522	0.060936	42.862865	0.999900
M1_007_y768x512.png	0.220020	0.236029	0.381916	0.366098	0.399162	0.979732	24.564584	0.996394	31.494677	1.000000	0.355335	0.958706	25.699291	0.647126	8326	32	23	49	70	1.967153	0.718750	548	539	943.364574	4.888631	0.067493	-0.033600	-13.182865	-0.018420	-0.002314	0.726429	4284.213305	0.228464	32	23	9	49	70	1.967153	0.718750	41	0	548	539	429	1.750213	4.888631	943.364574	0.067493	40482	4.862119	7.871247	256x256	65536	sparse	Meijering	866	41	84	8022	39.793509	0.971137	0.998943	38.247898	0.892384	0.266674	True	0.872938	0.836890	M1_007_y768x512	71	8235	39.187882	0.971300	36.184077	0.998708	0.273571	0.914617	33	107	0.000000	250	18.258951	0.390552	0.917390	12.749419	0.999775	0.212005	-4.689400	-0.559282	-13.488591	-0.324174	0.253620	37.747449	0.998152
M1_008_y0x768.png	0.358462	0.191310	0.321177	0.196844	0.871892	0.998116	30.435923	0.990967	35.670139	1.000000	0.984477	0.518122	34.475311	0.920345	9679	7	140	276	52	2.215909	20.000000	1232	1365	2747.946036	3.304522	0.075979	-0.064625	-13.227022	-0.001717	-0.007554	0.618131	2689.909935	0.381702	7	140	-133	276	52	2.215909	20.000000	11	21	1232	1365	904	2.013147	3.304522	2747.946036	0.075979	25246	2.608327	6.770947	256x256	65536	sparse	Learned	1358	11	97	9210	49.167759	0.992211	0.998976	46.822243	0.277630	0.389453	True	0.668458	0.346343	M1_008_y0x768	94	9549	47.621930	0.990175	44.574195	0.998521	0.381869	0.306446	54	7	0.000000	249	22.311736	0.562120	0.877551	17.839563	0.841183	0.255884	-8.904056	0.678032	-13.146619	-0.069830	0.423087	43.662945	0.999833
M1_008_y256x256.png	0.103183	0.144295	0.252199	0.154016	0.695706	0.998148	25.875894	0.997417	32.553327	1.000000	0.259182	0.386163	28.662667	0.719805	5071	26	4	7	47	1.861635	0.153846	318	296	525.743185	4.935571	0.070397	-0.009391	-11.116516	-0.001658	-0.001493	0.785920	2146.769762	0.210946	26	4	22	7	47	1.861635	0.153846	34	0	318	296	264	1.776159	4.935571	525.743185	0.070397	36272	7.152830	12.923684	256x256	65536	sparse	Meijering	450	34	83	4936	40.854414	0.966116	0.999114	37.771720	0.071594	0.209372	True	0.190388	0.073521	M1_008_y256x256	55	5043	40.046710	0.960768	35.855446	0.998909	0.214080	0.074771	35	0	0.985294	403	23.899318	0.613962	0.958722	17.156578	0.171385	0.313928	-3.302119	0.184411	-11.384043	-0.240963	0.112574	36.992410	0.999807
M1_008_y512x0.png	0.025428	0.000815	0.001629	0.011236	0.000878	0.988959	15.787195	0.999979	27.869517	1.000000	0.164730	5.663005	27.450820	0.736689	651	1	0	0	2	1.714286	0.000000	7	6	9.656854	3.619149	0.054220						510.177374	0.001965	1	0	1	0	2	1.714286	0.000000	1	0	7	6	5	1.609476	3.619149	9.656854	0.054220	31672	48.651306	100.669739	256x256	65536	dense	Frangi	84	1	1	630	33.599344	0.868777	0.999952	22.837740	1.000000	0.002002	True	0.176439	0.999175	M1_008_y512x0																									
M1_008_y512x256.png	0.152156	0.002904	0.005791	0.450980	0.002914	0.962294	18.297391	0.999995	26.926554	1.000000	0.130642	2.234220	22.971489	0.546685	515	0	0	0	0	0	0.000000	0	0	0	0	0						462.886810	0.001057	0	0	0	0	0	0	0.000000	1	0	0	0	0	0	0	0	0	38782	75.304854	127.254369	256x256	65536	sparse	Frangi	51	1									True	0.447301	0.999368	M1_008_y512x256																									
M1_008_y512x512.png	0.192665	0.000000	0.000000	0.000000	0.000000	0.951230	17.520515	0.999984	26.048326	1.000000	0.113080	1.339484	21.179698	0.573749	560	1	0	0	2	1.500000	0.000000	4	3	5.414214	3.182164	0.108441						461.664915	0.001089	1	0	1	0	2	1.500000	0.000000	1	0	4	3	2	1.804738	3.182164	5.414214	0.108441	38504	68.757143	117.028571	256x256	65536	dense	Frangi	55	1									True	0.746528	0.999961	M1_008_y512x512																									
M1_008_y512x768.png	0.292596	0.239278	0.386157	0.266719	0.699315	0.998847	31.981680	0.997727	35.095921	1.000000	0.940095	1.105394	39.956548	0.975804	3157	2	42	87	9	2.240240	21.000000	333	373	682.180808	3.226805	0.059065	-0.107642	-10.049673	-0.000964	-0.001861	0.531601	1634.137630	0.446715	2	42	-40	87	9	2.240240	21.000000	4	6	333	373	237	1.828903	3.226805	682.180808	0.059065	21477	6.802978	20.758948	256x256	65536	sparse	Learned	457	4	97	3100	50.395549	0.985669	0.999751	46.376703	0.350791	0.469697	True	0.363646	0.401972	M1_008_y512x768	89	2961	49.118981	0.983354	42.587298	0.999588	0.468399	0.394816	18	7	0.000000	668	41.992949	0.860213	0.997836	34.919646	0.323695	0.459133	-7.491377	0.545280	-9.162433	-0.007550	0.400239	42.031353	0.999811
M1_008_y768x0.png	0.095443	0.085747	0.157949	0.087555	0.805888	0.997021	30.370164	0.990937	35.436062	1.000000	0.923136	2.459761	30.957421	0.835094	20084	24	310	599	145	2.206200	12.916667	2774	3060	5444.309565	3.026866	0.081063	0.013295	-14.480147	-0.002845	-0.007972	0.452045	3474.626541	0.558599	24	310	-286	599	145	2.206200	12.916667	35	42	2774	3060	2030	1.779186	3.026866	5444.309565	0.081063	36840	1.834296	3.263095	256x256	65536	dense	Learned	3026	35	98	18984	48.194623	0.992887	0.999423	48.088687	0.523625	0.546919	True	0.221978	0.546012	M1_008_y768x0	95	18399	45.847893	0.987803	45.302094	0.998909	0.547955	0.531198	132	169	0.000000	245	23.297654	0.553695	0.899571	20.803241	0.981830	0.375124	-9.866033	0.391937	-14.890472	-0.152709	0.082147	44.850311	0.999866
M1_008_y768x256.png	0.305697	0.272041	0.427724	0.302978	0.727093	0.987048	30.375570	0.990285	35.312939	1.000000	0.925912	0.843043	30.592780	0.841618	19001	23	269	522	116	2.194774	11.695652	2526	2772	4986.952756	3.209783	0.080820	-0.002069	-14.678598	-0.012088	-0.008476	0.481331	3625.950575	0.496702	23	269	-246	522	116	2.194774	11.695652	32	35	2526	2772	1888	1.799045	3.209783	4986.952756	0.080820	37238	1.959792	3.449082	256x256	65536	dense	Learned	2784	32	97	17800	47.454563	0.991843	0.999239	47.307532	0.402943	0.516408	True	0.474310	0.399864	M1_008_y768x256	95	18845	45.857109	0.988265	45.193021	0.998761	0.518669	0.400350	142	110	0.000000	248	21.937752	0.536175	0.894639	19.999585	0.773012	0.241080	-9.880082	0.525562	-15.264329	-0.146647	0.307766	45.054168	0.999136
M1_008_y768x512.png	0.129608	0.000000	0.000000	0.000000	0.000000	0.989112	18.437939	0.999994	25.567233	1.000000	0.147856	2.684093	27.534573	0.882653	362	1	0	0	1	1.666667	0.000000	6	5	7.414214	2.342533	0.000000						491.570234	0.002423	1	0	1	0	1	1.666667	0.000000	1	0	6	5	5	1.482843	2.342533	7.414214	0.000000	25002	69.066298	181.038674	256x256	65536	sparse	Frangi	32	1									True	0.372150	0.998886	M1_008_y768x512																									
M1_009_y256x0.png	0.028310	0.000000	0.000000	0.000000	0.000000	0.932482	20.777640	0.999658	25.513648	1.000000	0.183994	0.541564	16.819833	0.432552	1641	3	0	0	6	1.800000	0.000000	30	27	79.119913	4.256802	0.051120						802.932978	0.139491	3	0	3	0	6	1.800000	0.000000	6	0	30	27	24	2.930367	4.256802	79.119913	0.051120	40058	24.410725	39.936624	256x256	65536	sparse	Frangi	154	6									True	0.536361	0.290474	M1_009_y256x0												5710	36.746948	0.955639	0.999953	33.882031	0.091215	0.097334							
M1_009_y256x512.png	0.181635	0.137697	0.242062	0.143662	0.768312	0.998020	30.504101	0.993757	33.970749	1.000000	0.509648	0.565179	31.801195	0.854234	5649	16	18	42	42	2.009217	1.125000	434	436	768.612113	7.083887	0.047564	0.045315	-9.001982	-0.001712	-0.004254	0.741192	3397.192001	0.397435	16	18	-2	42	42	2.009217	1.125000	19	2	434	436	350	1.762872	7.083887	768.612113	0.047564	30443	5.389095	11.601345	256x256	65536	sparse	Otsu	556	19	91	5630	44.818376	0.982381	0.998366	41.523171	0.109822	0.253575	True	0.433059	0.244756	M1_009_y256x512	76	5517	43.548207	0.980215	39.142188	0.998011	0.258808	0.112789	61	0	0.000000	342	23.866196	0.547155	0.920751	17.873127	0.785114	0.351240	-5.171439	0.396859	-11.747012	-0.125981	0.136320	39.506082	0.999732
M1_009_y512x256.png	0.048452	0.115023	0.206316	0.185772	0.231969	0.990677	26.229449	0.998475	31.578975	1.000000	0.224618	0.157401	27.345493	0.784361	3849	19	4	8	40	1.829545	0.210526	176	161	315.051920	4.785315	0.087268	-0.015838	-10.138347	-0.007974	-0.000760	0.629533	1884.010792	0.361569	19	4	15	8	40	1.829545	0.210526	25	0	176	161	128	1.956844	4.785315	315.051920	0.087268	32450	8.430761	17.026760	256x256	65536	sparse	Meijering	336	25	79	3726	40.877465	0.967671	0.999441	35.435851	0.081218	0.359324	True	0.554251	0.087240	M1_009_y512x256	38	3849	39.175457	0.956322	33.108001	0.999235	0.370467	0.079221	71	0	0.080000	522	25.459608	0.704114	0.976732	17.536908	0.205263	0.479477	-1.529026	0.145397	-11.829964	-0.171960	0.064290	36.367795	0.998651
M1_009_y512x768.png	0.018114	0.096778	0.176477	0.148486	0.217471	0.981697	21.951132	0.997266	31.790061	1.000000	0.218345	0.162830	25.518342	0.714314	4902	27	2	5	60	1.822064	0.074074	281	256	494.234589	4.066113	0.077646	-0.018964	-16.113530	-0.016887	-0.001528	0.714264	1838.633299	0.288901	27	2	25	5	60	1.822064	0.074074	41	0	281	256	216	1.930604	4.066113	494.234589	0.077646	35540	7.250102	13.369237	256x256	65536	sparse	Otsu	421	41	79	4818	40.198475	0.965641	0.999053	36.268709	0.069173	0.275480	True	0.485898	0.079119	M1_009_y512x768	42	4891	38.866860	0.955696	34.709442	0.998794	0.285736	0.076884	116	0	0.085366	410	22.358973	0.573911	0.949778	16.037123	0.289976	0.266695	-2.919380	0.141461	-13.348518	-0.241382	0.037077	38.064662	0.998584
M1_009_y768x512.png	0.027862	0.036740	0.070876	0.042515	0.212880	0.996501	26.408575	0.997369	30.842905	1.000000	0.376385	0.279927	25.445086	0.733088	4388	14	18	34	30	2.033195	1.285714	241	245	439.232539	5.570292	0.085922	0.001175	-10.036021	-0.003098	-0.001327	0.668637	2170.103788	0.341038	14	18	-4	34	30	2.033195	1.285714	18	2	241	245	177	1.792786	5.570292	439.232539	0.085922	34210	7.796263	14.935278	256x256	65536	sparse	Otsu	369	18	77	4302	39.932660	0.966067	0.999015	35.094399	0.078728	0.326797	True	0.360243	0.100842	M1_009_y768x512	37	4333	38.228947	0.950025	32.988141	0.998696	0.331363	0.080375	95	0	0.000000	465	23.435657	0.617151	0.954814	16.575950	0.203659	0.405016	-2.145236	0.296010	-12.783861	-0.216937	0.026687	36.444596	0.999599
M1_010_y0x0.png	0.009355	0.113663	0.204124	0.242937	0.176005	0.984990	25.182256	0.997825	30.662463	1.000000	0.212248	0.095491	27.158980	0.725232	4924	23	6	12	43	1.856540	0.260870	237	220	321.764502	4.456590	0.055759	-0.002678	-12.866148	-0.013739	-0.001116	0.622980	2484.443426	0.376185	23	6	17	12	43	1.856540	0.260870	28	0	237	220	182	1.462566	4.456590	321.764502	0.055759	32537	6.607839	13.309504	256x256	65536	dense	Meijering	547	28	84	4782	41.780978	0.975736	0.999622	37.881160	0.064366	0.368979	True	0.939536	0.089717	M1_010_y0x0	52	4917	39.655307	0.969605	33.115645	0.998941	0.377020	0.069697	49	0	0.625000	403	23.374412	0.583539	0.969077	15.199360	0.880838	0.222098	-2.453182	0.142551	-12.496327	-0.244373	0.012033	38.048404	0.998729
M1_010_y256x0.png	0.189764	0.211648	0.349355	0.221562	0.825470	0.998169	31.181776	0.995298	34.392722	1.000000	0.998864	1.205344	36.027904	0.955562	8151	3	125	220	24	2.245473	41.666667	994	1116	1702.226622	3.260878	0.049572	-0.001058	-13.739373	-0.001702	-0.004188	0.401237	2754.798412	0.578580	3	125	-122	220	24	2.245473	41.666667	4	22	994	1116	750	1.525293	3.260878	1702.226622	0.049572	21709	2.663354	8.040240	256x256	65536	dense	Learned	1296	4	100	7156	51.880694	0.993798	0.999733	49.084357	0.911669	0.600318	True	0.783464	0.944344	M1_010_y256x0	95	8089	50.236199	0.993741	45.602048	0.999487	0.598763	0.979584	7	34	0.352273	272	27.077728	0.436787	0.956339	22.066639	0.999629	0.426422	-11.209325	0.019280	-14.208295	-0.038178	0.190822	44.921149	0.999871
M1_010_y256x512.png	0.094870	0.158737	0.273983	0.158845	0.995757	0.999293	36.030121	0.991676	35.314476	1.000000	0.955131	1.554419	33.958140	0.895026	5760	5	20	46	24	2.058708	4.000000	511	526	919.891486	8.659652	0.047132	0.000970	-5.061712	-0.000458	-0.005742	0.441114	4056.384087	0.560648	5	20	-15	46	24	2.058708	4.000000	5	0	511	526	441	1.748843	8.659652	919.891486	0.047132	28227	4.900521	11.377778	256x256	65536	sparse	Otsu	631	5	93	5654	46.026840	0.985629	0.997967	42.706017	0.761408	0.559365	True	0.639405	0.993903	M1_010_y256x512	85	5714	45.264787	0.984540	41.273157	0.997418	0.558886	0.870968	13	30	0.000000	344	27.981991	0.672959	0.931017	22.929739	1.000000	0.538326	-5.958682	0.084163	-11.306648	-0.089514	0.093899	41.091832	0.999751
M1_010_y512x256.png	0.100324	0.107017	0.193343	0.110713	0.762246	0.997835	28.481127	0.993883	34.458734	1.000000	0.962680	1.248105	30.630762	0.884424	12223	13	207	396	71	2.270383	15.923077	1435	1629	3365.874215	3.161961	0.084705	-0.022009	-14.905065	-0.002051	-0.005279	0.449879	3063.658476	0.521490	13	207	-194	396	71	2.270383	15.923077	17	30	1435	1629	968	2.066221	3.161961	3365.874215	0.084705	31218	2.554037	5.361695	256x256	65536	sparse	Learned	1619	17	98	12218	48.774119	0.992422	0.999551	47.230576	0.601075	0.550370	True	0.601481	0.750711	M1_010_y512x256	93	11304	46.486211	0.991634	43.813037	0.999162	0.550121	0.648481	51	56	0.000000	250	21.474880	0.364471	0.916163	18.653412	0.999990	0.427205	-9.354303	0.314200	-15.855450	-0.107210	0.122332	43.386192	0.999886
M1_010_y512x768.png	0.109012	0.166548	0.285539	0.170639	0.874147	0.996482	30.260760	0.992625	35.152258	1.000000	0.959563	1.287646	33.504684	0.913718	10098	8	189	363	72	2.285940	23.625000	1266	1447	2955.127745	3.225614	0.074644	-0.005313	-13.471872	-0.003284	-0.006328	0.539453	2700.606346	0.444682	8	189	-181	363	72	2.285940	23.625000	15	29	1266	1447	831	2.042244	3.225614	2955.127745	0.074644	28007	2.773520	6.489998	256x256	65536	sparse	Learned	1390	15	97	9446	48.968369	0.991433	0.999241	46.656943	0.982019	0.460410	True	0.774176	0.996865	M1_010_y512x768	94	10023	47.605869	0.990538	44.601146	0.998953	0.460547	0.961355	15	80	0.120690	246	23.246560	0.368559	0.942323	20.781334	0.995913	0.376354	-9.448889	-0.001792	-14.101185	-0.076820	0.114326	43.732632	0.999766
M1_010_y768x512.png	0.307027	0.293406	0.453695	0.310194	0.844269	0.992984	27.316510	0.988309	33.950006	1.000000	0.901009	0.739099	28.957376	0.823159	9152	7	46	106	37	2.099617	6.571429	783	822	1507.345933	8.539954	0.050078	0.017992	-13.457334	-0.006214	-0.008344	0.364891	4842.605114	0.650119	7	46	-39	106	37	2.099617	6.571429	11	3	783	822	640	1.833754	8.539954	1507.345933	0.050078	32943	3.599541	7.160839	256x256	65536	sparse	Otsu	909	11	92	9062	44.438935	0.987068	0.997528	42.322567	0.658734	0.634494	True	0.932409	0.689143	M1_010_y768x512	85	8953	43.268485	0.985521	40.518565	0.996653	0.635109	0.636641	55	65	0.000000	250	20.566248	0.397471	0.831420	17.803838	0.999858	0.521007	-6.568559	0.264368	-14.311109	-0.162362	0.289035	40.773844	0.999198
M1_010_y768x768.png	0.433826	0.322894	0.488163	0.382591	0.674200	0.983458	29.263524	0.990575	35.030863	1.000000	0.904767	0.334501	29.829368	0.831250	17232	23	210	409	109	2.177335	9.130435	2109	2296	3901.572136	3.447640	0.077450	-0.088074	-14.980881	-0.015422	-0.008091	0.536078	4986.907721	0.421021	23	210	-187	409	109	2.177335	9.130435	28	23	2109	2296	1591	1.699291	3.447640	3901.572136	0.077450	36394	2.112001	3.803157	256x256	65536	dense	Learned	2561	28	97	16688	47.191013	0.991650	0.999105	46.766435	0.357151	0.463647	True	0.967742	0.323710	M1_010_y768x768	94	16920	45.551059	0.988138	44.619582	0.998666	0.463922	0.375967	116	59	0.000000	245	20.597015	0.492858	0.889715	18.106160	0.734197	0.241403	-9.588720	0.528800	-15.721691	-0.156888	0.521900	44.244405	0.998879
M1_011_y0x768.png	0.493567	0.199938	0.333247	0.376654	0.298812	0.987166	27.875033	0.998025	32.546088	1.000000	0.341700	0.617872	26.859850	0.758471	4682	19	12	26	43	1.960340	0.631579	353	346	493.948268	4.972698	0.037724	0.083675	-10.215273	-0.010648	-0.001043	0.560474	2215.522766	0.433625	19	12	7	26	43	1.960340	0.631579	21	0	353	346	284	1.427596	4.972698	493.948268	0.037724	32419	6.924178	13.997437	256x256	65536	dense	Otsu	553	21	83	4544	41.909657	0.975240	0.999216	37.284902	0.278876	0.431009	True	1.000000	0.617872	M1_011_y0x768	52	4653	40.497036	0.961722	35.392507	0.999068	0.439526	0.314210	71	43	0.000000	395	23.633162	0.632620	0.962487	16.868932	0.412484	0.367539	-2.846419	0.027491	-13.637185	-0.203251	0.409892	38.090305	0.997814
M1_011_y256x512.png	0.130903	0.241658	0.389251	0.352174	0.435052	0.988465	25.685764	0.996454	32.256207	1.000000	0.395991	0.265534	25.461297	0.751336	5675	16	13	33	37	1.983871	0.812500	372	369	614.901587	6.007436	0.050387	-0.004860	-11.767798	-0.010067	-0.001756	0.563318	3223.422050	0.439454	16	13	3	33	37	1.983871	0.812500	24	0	372	369	302	1.666400	6.007436	614.901587	0.050387	37369	6.584846	11.548194	256x256	65536	sparse	Otsu	536	24	82	5440	40.330556	0.962104	0.998476	37.322467	0.120395	0.389413	True	0.688719	0.182878	M1_011_y256x512	56	5597	39.296151	0.957833	35.546203	0.998211	0.436682	0.132312	104	4	0.000000	341	21.540769	0.610933	0.942045	16.005289	0.674083	0.426255	-3.289996	0.263679	-13.834854	-0.206497	0.135763	37.453562	0.998532
M1_011_y256x768.png	0.031392	0.104974	0.190002	0.321459	0.134855	0.961864	23.654530	0.997883	30.820165	1.000000	0.187028	0.084261	26.113963	0.737645	4117	25	0	1	55	1.747475	0.000000	198	173	353.172814	4.653425	0.089507	-0.027655	-12.116947	-0.032577	-0.000865	0.665293	1727.349997	0.321459	25	0	25	1	55	1.747475	0.000000	34	0	198	173	142	2.041461	4.653425	353.172814	0.089507	35801	8.695895	15.918387	256x256	65536	sparse	Meijering	330	34	76	4090	39.548038	0.961446	0.999246	34.662336	0.066738	0.327061	True	0.963280	0.081167	M1_011_y256x768	33	4102	37.602089	0.945402	31.834703	0.998748	0.334707	0.072257	88	0	0.205882	472	23.735073	0.650739	0.971060	16.426753	0.266859	0.389074	-1.014538	0.114772	-11.488126	-0.207757	0.059048	35.771477	0.994442
M1_011_y512x512.png	0.068829	0.177179	0.301023	0.227322	0.445439	0.995466	25.595208	0.998368	30.683466	1.000000	0.301054	0.169354	23.986050	0.717045	4214	17	9	17	32	1.935484	0.529412	248	240	405.968768	5.135758	0.076433	0.006828	-8.715778	-0.003696	-0.000489	0.713940	2244.176149	0.307642	17	9	8	17	32	1.935484	0.529412	22	0	248	240	199	1.691537	5.135758	405.968768	0.076433	36589	8.682724	15.551970	256x256	65536	sparse	Otsu	374	22	74	4192	39.087001	0.954479	0.999269	34.756591	0.066738	0.285421	True	0.494395	0.083728	M1_011_y512x512	31	4171	36.880240	0.936402	31.767062	0.998857	0.286060	0.063848	87	0	0.000000	463	22.475147	0.631114	0.971452	15.336192	0.242054	0.429223	-1.083596	0.237206	-12.894190	-0.219357	0.062001	34.310987	0.999161
M1_011_y512x768.png	0.053114	0.171193	0.292340	0.269640	0.319212	0.984404	25.931239	0.997516	31.532799	1.000000	0.246960	0.140911	28.814415	0.796638	4759	21	20	25	49	1.992063	0.952381	252	251	482.209578	4.547542	0.080928	-0.027071	-11.778098	-0.013943	-0.001565	0.708775	2562.820911	0.281608	21	20	1	25	49	1.992063	0.952381	33	2	252	251	178	1.921154	4.547542	482.209578	0.080928	32636	6.857743	13.770960	256x256	65536	sparse	Meijering	478	33	86	4692	42.757325	0.976364	0.999413	38.510372	0.085924	0.292768	True	0.629850	0.088753	M1_011_y512x768	57	4714	40.868805	0.961687	35.054505	0.999081	0.291225	0.075781	67	0	0.000000	402	23.514055	0.602425	0.951270	15.460027	0.586942	0.346045	-3.521706	0.171179	-12.054390	-0.165049	0.080185	37.709337	0.998347
M1_011_y768x768.png	0.048882	0.106028	0.191728	0.266148	0.149832	0.979997	25.291905	0.998831	30.634120	1.000000	0.189416	0.109184	30.885107	0.860236	3041	18	3	6	31	1.777778	0.166667	135	120	223.722871	4.249371	0.108038	-0.026563	-10.569560	-0.017200	-0.000499	0.590442	1569.567680	0.402555	18	3	15	6	31	1.777778	0.166667	24	0	135	120	98	1.864357	4.249371	223.722871	0.108038	28073	9.231503	21.550806	256x256	65536	sparse	Meijering	267	24	81	2902	42.458490	0.968582	0.999671	35.618381	0.087429	0.412334	True	0.951394	0.103877	M1_011_y768x768	37	3041	39.626943	0.904744	31.700529	0.999330	0.409558	0.087489	45	0	0.562500	667	30.277555	0.797543	0.992188	20.720407	0.176832	0.541687	-1.066410	0.101926	-8.741835	-0.044509	0.075445	35.861465	0.997197
M1_012_y0x512.png	0.430212	0.190357	0.319831	0.195763	0.873309	0.994114	29.676467	0.987686	35.603727	1.000000	0.940965	0.497605	31.634480	0.865732	17598	25	311	569	98	2.230925	12.440000	2477	2763	4621.911181	3.388368	0.070170	-0.004111	-14.433846	-0.005583	-0.010652	0.603991	3653.050900	0.362221	25	311	-286	569	98	2.230925	12.440000	27	55	2477	2763	1810	1.672787	3.388368	4621.911181	0.070170	34569	1.964371	3.724060	256x256	65536	dense	Learned	2681	27	98	15844	48.007973	0.991541	0.998985	47.622483	0.289941	0.396478	True	0.685617	0.341166	M1_012_y0x512	95	16576	46.524497	0.989249	45.203698	0.998338	0.396009	0.308482	97	35	0.000000	249	22.408076	0.566275	0.854385	20.178319	0.994483	0.337715	-9.599971	0.632483	-14.890017	-0.123516	0.434323	44.110313	0.999698
M1_012_y0x768.png	0.059145	0.092503	0.169342	0.094081	0.846512	0.999328	30.399583	0.996615	32.656649	1.000000	0.324932	0.439214	29.155154	0.748365	5808	25	15	28	57	1.950739	0.600000	406	396	732.929626	4.678194	0.076762	0.009423	-8.358725	-0.000603	-0.002242	0.823310	2451.459646	0.185118	25	15	10	28	57	1.950739	0.600000	34	0	406	396	321	1.850832	4.678194	732.929626	0.076762	35841	6.170971	11.283747	256x256	65536	sparse	Meijering	568	34	86	5786	41.885112	0.970946	0.999099	38.960859	0.076499	0.178553	True	0.200685	0.088144	M1_012_y0x768	63	5767	40.794261	0.967488	36.402114	0.998856	0.176690	0.068417	46	0	0.823529	337	22.939407	0.600352	0.944345	16.790408	0.293483	0.353440	-3.745465	0.256515	-11.639108	-0.219123	0.049721	38.758308	0.999930
M1_012_y256x768.png	0.072660	0.056437	0.106845	0.057080	0.833658	0.998932	27.932309	0.992599	35.674702	1.000000	0.997328	1.269443	33.543051	0.918476	11655	6	188	363	58	2.226791	31.333333	1605	1787	2924.319475	3.359762	0.064844	-0.008329	-14.310875	-0.001009	-0.006177	0.525204	3310.627460	0.475436	6	188	-182	363	58	2.226791	31.333333	8	32	1605	1787	1184	1.636441	3.359762	2924.319475	0.064844	29004	2.488546	5.622994	256x256	65536	dense	Learned	1905	8	99	11608	50.229425	0.992843	0.999482	48.621480	0.534239	0.474481	True	0.470065	0.596720	M1_012_y256x768	94	10184	47.394860	0.990423	44.200039	0.998776	0.474796	0.530042	45	33	0.000000	246	23.891166	0.416567	0.936363	21.989784	0.759492	0.323214	-8.525337	0.467287	-13.851808	-0.071948	0.080990	42.243183	0.999942
M1_012_y512x256.png	0.147348	0.132102	0.233374	0.132102	1.000000	0.999454	34.687703	0.989449	35.091537	1.000000	0.850974	1.436493	32.860420	0.891182	6974	10	51	83	35	2.122939	5.100000	667	708	1256.857547	8.832420	0.046979	0.000559	-6.151125	-0.000402	-0.007917	0.245147	5500.424385	0.745093	10	51	-41	83	35	2.122939	5.100000	11	6	667	708	549	1.775223	8.832420	1256.857547	0.046979	29571	4.240178	9.397190	256x256	65536	sparse	Otsu	817	11	94	6674	46.468008	0.987226	0.997856	43.460744	0.581809	0.756240	True	0.503415	0.723152	M1_012_y512x256	88	6955	45.845348	0.985099	42.273766	0.997366	0.754853	0.565065	43	37	0.000000	278	24.544945	0.536327	0.884149	20.200010	0.938579	0.630139	-7.182228	0.285910	-12.984927	-0.093917	0.146789	40.838829	0.999857
M1_012_y512x512.png	0.171227	0.000000	0.000000	0.000000	0.000000	0.981425	19.582912	0.999983	28.709932	1.000000	0.197481	1.524163	22.610996	0.594072	953	2	0	0	3	1.750000	0.000000	16	14	22.071068	2.876857	0.065725						630.149364	0.006963	2	0	2	0	3	1.750000	0.000000	2	0	16	14	13	1.576505	2.876857	22.071068	0.065725	39382	41.324239	68.768101	256x256	65536	sparse	Frangi	123	2									True	0.531348	0.809861	M1_012_y512x512																									
M1_012_y768x256.png	0.361922	0.064748	0.121621	0.066027	0.769656	0.997137	26.510955	0.992329	35.395155	1.000000	0.838830	0.463024	31.849169	0.874753	14971	18	192	374	89	2.175669	10.666667	1981	2155	3656.162962	3.050294	0.073317	-0.003972	-16.964887	-0.002767	-0.006732	0.852059	3024.138927	0.152251	18	192	-174	374	89	2.175669	10.666667	34	29	1981	2155	1518	1.696595	3.050294	3656.162962	0.073317	33333	2.226505	4.377530	256x256	65536	dense	Learned	2251	34	98	14660	48.432135	0.992006	0.999402	47.792787	0.191623	0.147910	True	0.397499	0.184052	M1_012_y768x256	94	13807	46.902707	0.989892	45.411163	0.999061	0.147941	0.184900	45	6	0.441684	243	20.957574	0.518808	0.890752	18.527161	0.295312	0.096963	-10.016008	0.653930	-15.053538	-0.115138	0.365894	43.475842	0.999903
M1_012_y768x512.png	0.433644	0.210558	0.347869	0.233360	0.683030	0.988277	26.635227	0.991682	33.769953	1.000000	0.956123	0.451190	28.495409	0.800138	17135	14	249	467	91	2.220347	17.785714	2133	2368	4142.732606	3.380277	0.077173	-0.017742	-15.923006	-0.011232	-0.007060	0.625448	3130.877733	0.374326	14	249	-235	467	91	2.220347	17.785714	22	35	2133	2368	1575	1.749465	3.380277	4142.732606	0.077173	37967	2.215757	3.824686	256x256	65536	dense	Learned	2337	22	96	16598	46.495933	0.991457	0.999290	46.011691	0.567906	0.374344	True	0.873674	0.394193	M1_012_y768x512	93	15901	44.442165	0.987100	43.367078	0.998742	0.374552	0.483531	54	46	0.115584	247	19.655029	0.482147	0.891527	17.389656	0.851920	0.280178	-9.597125	0.472592	-15.946756	-0.186963	0.451387	42.558233	0.999510
M1_013_y0x512.png	0.047669	0.063384	0.119212	0.063705	0.926471	0.999462	32.589522	0.993533	36.362121	1.000000	0.912139	1.078123	33.160396	0.906381	10002	9	138	276	69	2.198462	15.333333	1300	1429	2887.535496	3.207058	0.076314	0.001397	-9.761762	-0.000463	-0.005217	0.574524	2415.586472	0.424354	9	138	-129	276	69	2.198462	15.333333	20	16	1300	1429	955	2.020669	3.207058	2887.535496	0.076314	29435	2.942911	6.552290	256x256	65536	sparse	Learned	1430	20	96	8556	47.514696	0.987782	0.998976	45.706741	0.457484	0.414115	True	0.565402	0.609572	M1_013_y0x512	93	9379	46.830442	0.987035	44.531211	0.998750	0.425476	0.577719	48	34	0.000000	248	24.233158	0.545765	0.932818	21.380019	0.939190	0.311715	-8.169090	0.334420	-13.670045	-0.080654	0.046272	42.351284	0.999925
M1_013_y0x768.png	0.109712	0.272941	0.428835	0.273263	0.995708	0.999710	35.836777	0.998166	36.024944	1.000000	0.433846	1.510566	37.535400	0.950134	2237	8	8	20	13	2.000000	1.000000	174	174	281.020897	7.542734	0.034998	-0.007271	-2.928070	-0.000140	-0.000948	0.586692	2279.751301	0.387515	8	8	0	20	13	2.000000	1.000000	9	0	174	174	141	1.615063	7.542734	281.020897	0.034998	21205	9.479213	29.296379	256x256	65536	sparse	Otsu	294	9	92	2170	48.082958	0.985465	0.999431	41.990693	0.630385	0.409935	True	0.653544	0.987222	M1_013_y0x768	65	2227	46.542250	0.975027	39.831707	0.999113	0.413308	0.605884	18	15	0.000000	4154	48.664469	0.985449	0.999741	45.350273	0.474681	0.408081	-3.806764	-0.172039	-9.006851	-0.024893	0.116983	38.764846	0.999850
M1_013_y256x256.png	0.348402	0.227804	0.371075	0.235501	0.874531	0.995147	28.378084	0.993294	34.272966	1.000000	0.736877	0.901387	30.019162	0.886709	13319	27	130	264	85	2.127160	4.814815	1620	1723	2841.722718	3.240073	0.072494	-0.060506	-15.173396	-0.004639	-0.005811	0.543196	2656.794310	0.454046	27	130	-103	264	85	2.127160	4.814815	37	14	1620	1723	1271	1.649288	3.240073	2841.722718	0.072494	32001	2.402658	4.920490	256x256	65536	dense	Learned	1832	37	97	12918	48.062165	0.992182	0.999407	46.685311	0.296403	0.457930	True	0.439034	0.395740	M1_013_y256x256	94	13223	46.664811	0.990998	44.272268	0.999105	0.456804	0.302734	68	6	0.295367	247	19.360292	0.434966	0.872164	14.962680	0.987723	0.351097	-9.999301	0.434143	-16.645649	-0.104289	0.408908	43.551480	0.999786
M1_013_y256x768.png	0.169689	0.143724	0.251326	0.155110	0.661916	0.997700	29.364829	0.996334	34.806227	1.000000	0.942156	1.131156	36.086664	0.959455	5246	7	82	156	33	2.229709	11.714286	653	728	1376.295598	3.462378	0.071002	-0.016333	-13.080478	-0.002083	-0.002927	0.450531	2263.360977	0.505924	7	82	-75	156	33	2.229709	11.714286	8	13	653	728	464	1.890516	3.462378	1376.295598	0.071002	22700	4.327106	12.492566	256x256	65536	sparse	Learned	773	8	97	4882	50.337335	0.987521	0.999512	46.323911	0.839127	0.548810	True	0.732865	0.828984	M1_013_y256x768	92	4944	48.530262	0.987726	42.791340	0.999261	0.549469	0.944424	8	39	0.000000	410	32.403265	0.814693	0.980861	25.237631	0.962821	0.503439	-7.985113	-0.002268	-12.443598	-0.028271	0.186022	42.445308	0.999783
M1_013_y512x256.png	0.295635	0.272247	0.427978	0.293860	0.787309	0.993396	27.191844	0.994631	32.875901	1.000000	0.437067	0.502735	25.828099	0.688265	8635	30	34	59	70	2.012461	1.133333	642	646	1179.631724	5.493339	0.066860	-0.026428	-12.503682	-0.006082	-0.003715	0.419591	3799.892902	0.564274	30	34	-4	59	70	2.012461	1.133333	37	2	642	646	513	1.826055	5.493339	1179.631724	0.066860	38945	4.510133	7.589577	256x256	65536	sparse	Meijering	830	37	86	8250	41.355143	0.980627	0.998480	39.306907	0.234380	0.585375	True	0.562495	0.282786	M1_013_y512x256	73	8607	40.890494	0.980813	38.001692	0.998347	0.580409	0.222330	117	17	0.000000	248	18.640356	0.396433	0.864010	14.155064	0.973616	0.291570	-5.125791	0.214737	-15.062395	-0.292548	0.322063	39.695526	0.999477
M1_013_y512x512.png	0.259994	0.259923	0.412601	0.319952	0.580776	0.981142	26.710447	0.990695	32.966020	1.000000	0.769307	0.403883	24.962201	0.679390	11083	18	51	113	56	2.068894	2.833333	958	991	1721.136995	6.664859	0.059824	-0.000047	-12.681146	-0.017281	-0.006240	0.413398	4333.462238	0.588479	18	51	-33	113	56	2.068894	2.833333	21	2	958	991	789	1.736768	6.664859	1721.136995	0.059824	40763	3.677975	5.913200	256x256	65536	sparse	Otsu	1082	21	88	10734	41.376596	0.983055	0.997544	40.148705	0.298800	0.588379	True	0.901424	0.364070	M1_013_y512x512	80	10882	40.632925	0.981959	38.756437	0.996934	0.586602	0.296005	122	26	0.000000	249	18.365397	0.361552	0.813403	15.407483	0.960836	0.421696	-5.790417	0.473302	-15.670725	-0.302570	0.260040	39.391593	0.998424
M1_013_y512x768.png	0.293066	0.283613	0.441899	0.322820	0.700168	0.994590	30.767313	0.991999	33.822691	1.000000	0.735145	1.020950	27.914878	0.848119	7767	10	46	83	34	2.124138	4.600000	580	616	1099.785930	8.305519	0.057205	0.011207	-9.634752	-0.004484	-0.005342	0.273217	5356.599092	0.722229	10	46	-36	83	34	2.124138	4.600000	14	2	580	616	463	1.785367	8.305519	1099.785930	0.057205	34725	4.470838	8.437749	256x256	65536	sparse	Otsu	766	14	91	7632	43.444060	0.981431	0.997890	40.972044	0.478699	0.722901	True	0.725364	0.740560	M1_013_y512x768	82	7558	42.698917	0.979753	39.608242	0.997341	0.726783	0.522496	49	25	0.000000	276	21.587975	0.572794	0.874342	17.129523	0.997823	0.523460	-5.785551	0.212648	-14.784039	-0.131635	0.281859	40.402066	0.999074
M1_013_y768x768.png	0.343307	0.225503	0.368016	0.256949	0.648209	0.990001	26.825792	0.993356	33.026594	1.000000	0.615147	0.435737	28.927936	0.862062	13787	39	125	223	101	2.119444	3.205128	1440	1526	2603.288747	3.419037	0.079051	-0.035321	-15.291769	-0.009449	-0.005705	0.465766	3502.222776	0.527004	39	125	-86	223	101	2.119444	3.205128	47	18	1440	1526	1116	1.705956	3.419037	2603.288747	0.079051	35089	2.545079	4.753463	256x256	65536	dense	Learned	1750	47	96	13484	46.615306	0.990267	0.999465	45.421459	0.355620	0.534724	True	0.963702	0.419921	M1_013_y768x768	92	13249	44.890334	0.989053	42.359346	0.999061	0.534234	0.360776	72	33	0.317376	248	18.531337	0.438370	0.872065	14.727117	0.773271	0.340592	-9.332752	0.254371	-15.962398	-0.126990	0.378628	42.117561	0.999450
M1_014_y256x768.png	0.172785	0.090247	0.165554	0.091931	0.831301	0.998570	31.460318	0.991745	35.507682	1.000000	0.923149	1.172005	33.347030	0.930695	13619	13	158	293	57	2.191419	12.153846	1515	1660	2634.310650	3.152038	0.054140	0.039319	-15.673230	-0.001375	-0.007471	0.487973	6664.210081	0.388522	13	158	-145	293	57	2.191419	12.153846	17	30	1515	1660	1165	1.586934	3.152038	2634.310650	0.054140	25527	1.874367	4.812101	256x256	65536	dense	Learned	2467	17	100	10202	50.580960	0.991278	0.999302	49.294808	0.593590	0.514402	True	0.386498	0.452977	M1_014_y256x768	97	13384	50.312952	0.992525	48.263955	0.999216	0.512027	0.532172	58	81	0.000000	250	25.899766	0.607072	0.955854	20.516598	0.958414	0.349646	-12.756273	0.390976	-16.965922	-0.061830	0.133466	47.133548	0.999945
M1_014_y512x0.png	0.045404	0.000000	0.000000	0.000000	0.000000	0.993535	20.095571	0.999986	30.196303	1.000000	0.288230	2.363764	26.802257	0.822119	709	1	0	0	1	1.866667	0.000000	15	14	18.071068	2.723473	0.014654						611.218452	0.005172	1	0	1	0	1	1.866667	0.000000	1	0	15	14	14	1.290791	2.723473	18.071068	0.014654	24322	34.304654	92.434415	256x256	65536	sparse	Frangi	114	1	8	690	36.282096	0.907114	0.999963	25.728995	0.964664	0.007740	True	0.423050	0.999991	M1_014_y512x0																									
M1_014_y512x256.png	0.260886	0.202914	0.337371	0.214129	0.794842	0.993371	30.717730	0.989880	35.268343	1.000000	0.878383	0.495325	31.370313	0.870619	16350	26	226	442	117	2.186393	8.692308	2146	2346	4054.906942	3.277381	0.072039	-0.006194	-14.324004	-0.006226	-0.008835	0.718253	3155.376673	0.272912	26	226	-200	442	117	2.186393	8.692308	32	31	2146	2346	1587	1.728434	3.277381	4054.906942	0.072039	34581	2.115046	4.008318	256x256	65536	dense	Learned	2350	32	98	15774	48.155326	0.992286	0.999163	47.628915	0.219497	0.282255	True	0.550671	0.272761	M1_014_y512x256	94	15130	46.765258	0.990683	45.275671	0.998716	0.281747	0.210570	90	11	0.000000	243	20.748683	0.547402	0.851712	17.833518	0.919862	0.322181	-10.007329	0.667812	-15.394945	-0.120064	0.267080	45.041734	0.999597
M1_014_y768x256.png	0.059536	0.227898	0.371201	0.282347	0.541659	0.985328	25.222774	0.994765	33.136542	1.000000	0.385840	0.256517	26.743363	0.759409	6361	26	19	41	58	1.971134	0.730769	485	478	865.884342	5.457594	0.065452	-0.008844	-13.455859	-0.013347	-0.003122	0.822772	3180.475473	0.176935	26	19	7	41	58	1.971134	0.730769	32	0	485	478	386	1.811474	5.457594	865.884342	0.065452	34895	5.485773	10.302783	256x256	65536	sparse	Otsu	613	32	85	6070	41.804353	0.974137	0.998217	39.175758	0.068142	0.176880	True	0.320399	0.082188	M1_014_y768x256	64	6255	40.763499	0.971036	37.298129	0.997886	0.177228	0.071373	84	0	0.187500	342	21.870922	0.583203	0.918436	16.811407	0.867168	0.247150	-4.161587	0.314468	-14.020136	-0.211627	0.068381	38.678633	0.998675
M1_014_y768x512.png	0.163095	0.234226	0.379552	0.291173	0.544960	0.985596	28.037407	0.990891	34.665756	1.000000	0.543965	0.344710	29.758904	0.806711	7445	23	47	91	56	2.077047	2.043478	623	647	1173.430591	7.221061	0.064045	-0.003821	-13.994172	-0.012937	-0.006128	0.627235	3906.644106	0.367473	23	47	-24	91	56	2.077047	2.043478	27	3	623	647	476	1.813649	7.221061	1173.430591	0.064045	35130	4.718603	8.802686	256x256	65536	sparse	Otsu	751	27	89	7150	43.127013	0.976860	0.997122	41.254659	0.135842	0.350345	True	0.588971	0.203024	M1_014_y768x512	77	7297	42.613050	0.975692	40.245659	0.997019	0.372765	0.135121	151	15	0.000000	279	23.078108	0.623234	0.884354	18.253060	0.995954	0.295398	-5.579904	0.408844	-12.854146	-0.168981	0.166915	42.031579	0.998533
M1_014_y768x768.png	0.004499	0.161473	0.278049	0.394724	0.214612	0.969747	27.982869	0.997564	33.810085	1.000000	0.215277	0.063630	29.627395	0.769390	4518	26	5	10	50	1.805556	0.192308	216	195	383.575685	4.501969	0.103005	-0.001607	-11.130585	-0.026214	-0.001312	0.812418	2674.123287	0.185655	26	5	21	10	50	1.805556	0.192308	33	0	216	195	156	1.967055	4.501969	383.575685	0.103005	33820	7.485613	14.505533	256x256	65536	sparse	Meijering	470	33	83	4396	41.619389	0.967033	0.999208	38.392598	0.046049	0.188470	True	0.821445	0.052269	M1_014_y768x768	51	4473	40.437602	0.957255	36.491053	0.998876	0.187582	0.050530	27	0	0.909091	467	27.168280	0.696234	0.977575	21.190278	0.068453	0.214473	-2.680968	0.164746	-10.810206	-0.187865	0.006106	39.113454	0.995962
M1_015_y256x256.png	0.192411	0.003719	0.007410	0.011394	0.005490	0.989446	19.705814	0.999683	26.574033	1.000000	0.408445	1.944870	22.996375	0.828072	1708	2	3	6	5	2.028169	1.500000	71	72	117.083261	4.576015	0.053218	0.035545	-9.101019	-0.007382	0.000333	0.771777	1136.092424	0.092534	2	3	-1	6	5	2.028169	1.500000	4	0	71	72	60	1.626156	4.576015	117.083261	0.053218	23936	14.014052	38.370023	256x256	65536	sparse	Frangi	193	4	51	1704	39.687365	0.975399	0.999882	31.068482	0.298713	0.234174	True	0.513248	0.998200	M1_015_y256x256	8	1661	33.020949	0.829038	23.835800	0.999350	0.228223	0.335178	34	7	0.000000	5568	47.761481	0.988064	0.999994	44.249175	0.271035	0.237920	2.738233	0.073267	-10.024574	-0.000966	0.156866	28.806833	0.996828
M1_015_y256x512.png	0.374245	0.079140	0.146672	0.132976	0.163513	0.982431	23.420300	0.998173	30.663896	1.000000	0.325196	0.645938	28.202797	0.841477	4745	14	22	41	32	2.062016	1.571429	258	266	473.860733	5.142319	0.081901	0.063696	-14.830722	-0.016353	-0.001176	0.551360	2522.827864	0.419663	14	22	-8	41	32	2.062016	1.571429	24	0	258	266	185	1.781431	5.142319	473.860733	0.081901	27988	5.898419	13.811591	256x256	65536	sparse	Meijering	424	24	88	4708	43.962925	0.985225	0.999715	39.093525	0.307289	0.448296	True	0.828935	0.535441	M1_015_y256x512	64	4709	41.369144	0.980510	34.344365	0.999349	0.448640	0.282372	61	21	0.000000	398	22.566307	0.593740	0.953968	14.310305	0.730000	0.342026	-3.680469	0.042825	-13.166348	-0.139033	0.310548	38.251022	0.998785
M1_015_y512x256.png	0.346743	0.132123	0.233407	0.194554	0.291651	0.983735	26.098011	0.997089	31.889695	1.000000	0.318414	0.188004	28.017135	0.733281	6419	30	14	35	66	1.916883	0.466667	385	369	724.055916	4.587600	0.079995	-0.050930	-12.864803	-0.014841	-0.002115	0.582946	3326.862335	0.439817	30	14	16	35	66	1.916883	0.466667	36	1	385	369	284	1.962211	4.587600	724.055916	0.079995	34610	5.391806	10.209690	256x256	65536	sparse	Meijering	663	36	87	6084	42.348198	0.979148	0.999433	39.066654	0.211340	0.412763	True	0.998355	0.187695	M1_015_y512x256	68	6369	41.295298	0.977732	36.495478	0.999204	0.417054	0.207990	88	16	0.000000	326	20.877965	0.494391	0.924679	14.041175	0.659554	0.332009	-4.605783	0.110424	-13.278162	-0.244451	0.397673	38.962814	0.998576
M1_015_y512x512.png	0.256059	0.270872	0.426277	0.338567	0.575323	0.983481	27.442843	0.991597	33.541898	1.000000	0.616801	0.578858	24.911835	0.678266	9135	18	43	84	55	2.069061	2.388889	724	749	1305.673232	6.839679	0.060622	-0.021623	-12.290736	-0.014638	-0.005187	0.353108	4428.537846	0.661680	18	43	-25	84	55	2.069061	2.388889	25	2	724	749	585	1.743222	6.839679	1305.673232	0.060622	40208	4.401533	7.174165	256x256	65536	sparse	Otsu	886	25	86	8712	40.658064	0.975194	0.996844	39.411485	0.288116	0.647243	True	0.888456	0.514290	M1_015_y512x512	75	9028	40.328621	0.974317	38.995951	0.996784	0.646892	0.308261	117	35	0.000000	244	20.043793	0.424571	0.867047	17.133443	0.925230	0.433808	-5.454053	0.308539	-15.416786	-0.296050	0.277682	39.733579	0.998119
M1_015_y512x768.png	0.067931	0.054385	0.103159	0.094622	0.113390	0.978176	26.501759	0.997637	30.156797	1.000000	0.353482	0.209036	24.542594	0.746804	6555	21	8	20	45	1.924198	0.380952	343	330	592.620699	5.110051	0.077001	-0.056752	-12.148952	-0.019613	-0.001451	0.549325	3921.136141	0.491144	21	8	13	20	45	1.924198	0.380952	26	0	343	330	278	1.795820	5.110051	592.620699	0.077001	34799	5.308772	9.997864	256x256	65536	sparse	Meijering	681	26	84	6296	41.247905	0.979684	0.999495	37.366641	0.145205	0.451502	True	0.839586	0.175504	M1_015_y512x768	64	6536	39.510064	0.977679	33.880940	0.999088	0.450675	0.141948	110	6	0.000000	278	17.809501	0.361451	0.906982	10.924960	0.990596	0.267262	-3.724143	0.211533	-14.967470	-0.230875	0.124683	38.650711	0.997789
M1_015_y768x512.png	0.273885	0.061419	0.115730	0.113024	0.118569	0.976144	23.806840	0.997703	30.998427	1.000000	0.248207	0.319723	25.694628	0.695342	5834	28	21	25	56	1.960563	0.750000	355	348	522.945397	4.472460	0.062153	0.014728	-14.716023	-0.021890	-0.001441	0.637624	2330.094814	0.371209	28	21	7	25	56	1.960563	0.750000	34	3	355	348	274	1.502717	4.472460	522.945397	0.062153	35263	6.044395	11.233459	256x256	65536	dense	Meijering	613	34	83	5794	40.866490	0.972372	0.999450	37.438325	0.150949	0.363272	True	0.728556	0.232936	M1_015_y768x512	56	5827	39.466241	0.966261	34.533625	0.999144	0.362376	0.156335	98	3	0.058824	335	20.807386	0.502722	0.939855	13.280765	0.983386	0.159681	-3.535199	0.091872	-13.771613	-0.270919	0.259157	38.522864	0.998033
M1_015_y768x768.png	0.419929	0.053047	0.100750	0.126284	0.083805	0.977098	24.329908	0.998642	30.612626	1.000000	0.288941	0.996091	28.335729	0.860734	3912	14	9	16	29	1.947368	0.642857	190	185	320.521861	5.298254	0.067015	-0.058293	-14.528355	-0.020571	-0.000796	0.704639	2314.476252	0.254383	14	9	5	16	29	1.947368	0.642857	20	0	190	185	145	1.732551	5.298254	320.521861	0.067015	26318	6.727505	16.752556	256x256	65536	sparse	Meijering	380	20	87	3912	44.118080	0.982156	0.999753	38.481739	0.687477	0.298528	True	0.997187	0.993289	M1_015_y768x768	58	3894	41.686144	0.978688	33.801100	0.999437	0.295361	0.647868	32	47	0.000000	538	26.488089	0.620788	0.980325	17.456380	0.892374	0.297860	-3.188474	-0.358927	-13.350415	-0.117954	0.478222	38.858263	0.997669
M1_016_y0x512.png	0.044919	0.039054	0.075172	0.039054	1.000000	0.999862	35.954778	0.989182	35.363577	1.000000	0.985736	2.963622	32.689217	0.870687	7974	3	59	121	27	2.149733	19.666667	748	804	1462.999133	7.727874	0.055007	0.002764	-6.169610	-0.000098	-0.008350	0.285686	4369.582176	0.674559	3	59	-56	121	27	2.149733	19.666667	6	6	748	804	600	1.819651	7.727874	1462.999133	0.055007	29488	3.698019	8.218711	256x256	65536	sparse	Otsu	874	6	94	7356	46.575056	0.987415	0.997914	44.086893	0.689085	0.716439	True	0.304645	0.902854	M1_016_y0x512	88	7820	45.858091	0.985919	42.599976	0.997532	0.714314	0.666868	51	68	0.000000	268	22.657315	0.518078	0.859747	18.107703	0.999993	0.520278	-7.236399	0.318868	-13.168874	-0.115232	0.042155	42.124389	0.999960
M1_016_y256x256.png	0.283289	0.267950	0.422651	0.280889	0.853306	0.999448	29.825193	0.998554	32.841915	1.000000	0.875900	2.163883	36.151364	0.969950	2939	3	13	26	6	2.086207	4.333333	232	242	366.877200	7.620433	0.028655	-0.001487	-9.982546	-0.000501	-0.001034	0.191251	2609.359980	0.799104	3	13	-10	26	6	2.086207	4.333333	3	2	232	242	200	1.516021	7.620433	366.877200	0.028655	19623	6.676761	22.298741	256x256	65536	sparse	Otsu	352	3	95	2616	50.128013	0.989885	0.999831	43.626574	0.644181	0.807994	True	0.425928	0.921658	M1_016_y256x256	85	2902	48.150996	0.990197	39.189557	0.999588	0.808749	0.527633	8	4	0.000000	3131	48.896954	0.985471	0.999798	42.782667	0.536987	0.807338	-6.347643	0.348266	-11.999632	-0.020247	0.284776	39.807738	0.999949
M1_016_y256x768.png	0.166376	0.000000	0.000000	0.000000	0.000000	0.983086	22.740239	0.999980	25.074022	1.000000	0.130642	1.953618	20.410374	0.536149	617	1	0	0	2	1.600000	0.000000	5	4	6.414214	3.370352	0.081331						478.183985	0.003064	1	0	1	0	2	1.600000	0.000000	1	0	5	4	3	1.603553	3.370352	6.414214	0.081331	37807	61.275527	106.217180	256x256	65536	dense	Frangi	66	1									True	0.483518	0.944609	M1_016_y256x768																									
M1_016_y512x256.png	0.177526	0.133831	0.236068	0.178880	0.347005	0.993661	25.121516	0.997142	32.985507	1.000000	0.398117	0.938967	28.000399	0.744758	5698	17	16	36	44	1.995227	0.941176	419	418	749.417596	5.304886	0.059647	0.005311	-13.550773	-0.005819	-0.001590	0.494839	2275.297642	0.568369	17	16	1	36	44	1.995227	0.941176	26	0	419	418	339	1.792865	5.304886	749.417596	0.059647	35485	6.227624	11.501580	256x256	65536	sparse	Meijering	551	26	85	5432	41.089117	0.973400	0.998794	38.274547	0.349833	0.511464	True	0.622372	0.584387	M1_016_y512x256	64	5676	40.826538	0.972961	37.626844	0.998732	0.505161	0.386673	70	18	0.000000	338	23.002420	0.587430	0.964841	18.084616	0.942156	0.317040	-4.641338	0.011444	-12.826139	-0.228203	0.172215	38.672289	0.999480
M1_016_y512x768.png	0.192110	0.000000	0.000000	0.000000	0.000000	0.994339	21.564892	0.999963	22.142800	1.000000	0.113080	1.030502	22.918690	0.661180	543	1	0	0	2	1.500000	0.000000	4	3	5.414214	3.182164	0.108441						460.772753	0.006952	1	0	1	0	2	1.500000	0.000000	1	0	4	3	2	1.804738	3.182164	5.414214	0.108441	33782	62.213628	120.692449	256x256	65536	dense	Frangi	56	1									True	0.529989	0.546155	M1_016_y512x768																									
M1_016_y768x0.png	0.457445	0.249651	0.399553	0.324425	0.519961	0.988284	27.197169	0.995064	33.269083	1.000000	0.406246	0.380795	28.898820	0.749839	7167	27	28	58	65	2.003241	1.037037	617	618	910.455348	5.149508	0.046921	0.022733	-13.177348	-0.010716	-0.003634	0.574769	2928.282261	0.461527	27	28	-1	58	65	2.003241	1.037037	31	1	617	618	494	1.473229	5.149508	910.455348	0.046921	34492	4.812613	9.144133	256x256	65536	dense	Meijering	819	31	89	6796	42.908429	0.979957	0.998733	40.220131	0.265055	0.431585	True	0.976364	0.371795	M1_016_y768x0	76	7045	42.715721	0.979824	39.602801	0.998698	0.425231	0.300647	100	27	0.000000	276	23.225114	0.554958	0.929779	17.803509	0.875070	0.276663	-6.333718	0.105599	-13.816901	-0.229985	0.434712	40.374517	0.999001
M1_016_y768x256.png	0.201614	0.209715	0.346718	0.296349	0.417716	0.991261	24.690340	0.997584	32.861713	1.000000	0.290680	0.261220	27.696191	0.697207	5068	23	8	16	46	1.903846	0.347826	312	297	501.646753	4.842771	0.064526	-0.099144	-13.354876	-0.007489	-0.001173	0.517821	2709.236145	0.506648	23	8	15	16	46	1.903846	0.347826	29	0	312	297	250	1.689046	4.842771	501.646753	0.064526	36725	7.246448	12.931334	256x256	65536	sparse	Meijering	504	29	79	4986	39.867793	0.961366	0.998891	36.639052	0.136893	0.483423	True	0.683011	0.178417	M1_016_y768x256	46	5062	39.135453	0.956420	35.503664	0.998758	0.482179	0.133338	103	5	0.000000	404	24.687595	0.618983	0.964871	18.562385	0.354490	0.396633	-2.641951	0.157341	-11.439262	-0.259214	0.300758	38.045216	0.998750
M1_016_y768x512.png	0.228704	0.103884	0.188215	0.109164	0.682295	0.997112	27.557203	0.991268	35.329536	1.000000	0.883695	0.408209	32.176240	0.888779	13779	15	199	370	77	2.206394	13.266667	1783	1967	3309.970120	3.248474	0.070976	-0.070649	-17.208905	-0.002742	-0.007776	0.686829	2880.999804	0.345402	15	199	-184	370	77	2.206394	13.266667	26	26	1783	1967	1336	1.682750	3.248474	3309.970120	0.070976	30303	2.199216	4.756223	256x256	65536	dense	Learned	1996	26	99	13688	49.860287	0.993800	0.999405	48.651973	0.266241	0.329397	True	0.834701	0.340733	M1_016_y768x512	95	13434	48.271971	0.992560	46.012015	0.999045	0.313171	0.254109	85	18	0.000000	249	22.958710	0.484403	0.896760	19.793227	0.764647	0.235909	-10.682478	0.629585	-16.095731	-0.103781	0.299353	44.766108	0.999854
M1_017_y0x512.png	0.412600	0.396794	0.568149	0.413757	0.906351	0.993712	30.370509	0.987013	33.404386	1.000000	0.934125	0.780024	28.866197	0.827200	10370	6	52	115	40	2.101770	8.666667	904	950	1751.974517	8.294353	0.047535	-0.039307	-9.496284	-0.005054	-0.009242	0.321328	5188.520193	0.649265	6	52	-46	115	40	2.101770	8.666667	11	2	904	950	749	1.844184	8.294353	1751.974517	0.047535	36025	3.473963	6.319769	256x256	65536	sparse	Otsu	1030	11	92	10016	44.045924	0.987101	0.997355	42.057584	0.541370	0.682467	True	0.962839	0.751038	M1_017_y0x512	86	10202	42.553492	0.983873	39.917953	0.996255	0.678672	0.513248	80	61	0.000000	249	19.459665	0.365363	0.789543	16.738649	0.999364	0.566838	-6.513567	0.420878	-13.687294	-0.156673	0.451908	39.866793	0.998766
M1_017_y0x768.png	0.221022	0.164081	0.281906	0.178645	0.668057	0.998913	24.186609	0.997095	32.312460	1.000000	0.835001	1.565715	34.400224	0.962818	5254	9	80	148	34	2.235099	8.888889	604	675	1177.560533	3.193756	0.055193	0.002533	-17.265048	-0.001012	-0.002529	0.480510	2221.552610	0.497031	9	80	-71	148	34	2.235099	8.888889	11	12	604	675	422	1.744534	3.193756	1177.560533	0.055193	21616	4.114199	12.473544	256x256	65536	sparse	Learned	728	11	97	4672	51.031305	0.989850	0.999770	46.353082	0.948697	0.519059	True	0.630646	0.987412	M1_017_y0x768	92	4995	48.731372	0.990550	42.191239	0.999625	0.519490	0.987845	4	23	0.223485	402	29.338013	0.630755	0.980478	21.207897	0.995789	0.464980	-9.878779	-0.152843	-14.331148	-0.027731	0.218490	41.451657	0.999926
M1_017_y256x512.png	0.107017	0.070263	0.131300	0.070948	0.879098	0.998859	32.028130	0.992165	33.845851	1.000000	0.978734	0.740871	31.024714	0.885201	12708	9	185	356	69	2.228720	20.555556	1539	1715	3452.291773	3.148119	0.074393	-0.016584	-9.971508	-0.001007	-0.006545	0.529085	2622.753382	0.466466	9	185	-176	356	69	2.228720	20.555556	15	28	1539	1715	1114	2.012998	3.148119	3452.291773	0.074393	34377	2.705146	5.157066	256x256	65536	sparse	Learned	1665	15	96	11632	46.983313	0.989782	0.999211	45.522178	0.352476	0.511732	True	0.609372	0.451466	M1_017_y256x512	93	12670	45.452951	0.989217	42.833513	0.998710	0.470915	0.336494	92	27	0.000000	247	19.539893	0.387155	0.881447	16.080965	0.939995	0.378996	-8.987661	0.642240	-14.428237	-0.104016	0.123601	41.999638	0.999866
M1_017_y512x256.png	0.197406	0.010390	0.020566	0.400000	0.010554	0.979961	19.870363	0.999954	26.194862	1.000000	0.113080	0.942265	25.150864	0.790587	643	1	0	0	2	1.500000	0.000000	4	3	6.242641	3.519422	0.216882						486.158609	0.005209	1	0	1	0	2	1.500000	0.000000	1	0	4	3	2	2.080880	3.519422	6.242641	0.216882	28413	44.188180	101.922240	256x256	65536	dense	Frangi	93	1	1	624	32.973465	0.902319	0.999873	21.628506	0.967721	0.005567	True	0.999884	0.942156	M1_017_y512x256																									
M1_017_y512x512.png	0.207010	0.000000	0.000000	0.000000	0.000000	0.973504	18.678119	0.999908	25.254550	1.000000	0.181269	0.630604	19.044054	0.484423	1009	1	0	0	2	1.800000	0.000000	10	9	14.242641	3.553748	0.051120						655.956030	0.008132	1	0	1	0	2	1.800000	0.000000	2	0	10	9	8	1.582516	3.553748	14.242641	0.051120	40479	40.117939	64.951437	256x256	65536	sparse	Frangi	132	2									True	0.975276	0.615013	M1_017_y512x512																									
M1_017_y768x512.png	0.286295	0.004086	0.008138	0.754717	0.004091	0.946877	17.798250	0.999979	23.463900	1.000000	0.197481	1.226824	18.679606	0.480016	554	1	0	0	0	1.333333	0.000000	3	2	6.828427	2.471405	0.102575						465.934277	0.001820	1	0	1	0	0	1.333333	0.000000	1	0	3	2	3	3.414214	2.471405	6.828427	0.102575	40623	73.326715	118.296029	256x256	65536	sparse	Frangi	49	1									True	0.803416	0.985650	M1_017_y768x512																									
M1_018_y256x256.png	0.059901	0.000000	0.000000	0.000000	0.000000	0.992283	25.281313	0.999992	28.288916	1.000000	0.164730	1.986434	20.499032	0.617865	683	2	0	0	2	1.636364	0.000000	11	9	15.071068	2.427528	0.025560						563.249826	0.002149	2	0	2	0	2	1.636364	0.000000	2	0	11	9	9	1.674563	2.427528	15.071068	0.025560	32311	47.307467	95.953148	256x256	65536	sparse	Frangi	83	2									True	0.503415	1.000000	M1_018_y256x256																									
M1_018_y256x768.png	0.571229	0.357230	0.526410	0.377498	0.869339	0.987748	24.124710	0.984442	35.451764	1.000000	0.818530	0.503810	29.929672	0.897724	9783	10	51	99	34	2.104326	5.100000	786	827	1452.810317	8.011450	0.043115	0.047628	-21.040897	-0.011444	-0.013332	0.435954	13213.913679	0.560002	10	51	-41	99	34	2.104326	5.100000	15	6	786	827	653	1.756723	8.011450	1452.810317	0.043115	26441	2.702750	6.698968	256x256	65536	sparse	Otsu	1396	15	98	9166	49.846001	0.992463	0.998487	47.607782	0.405479	0.562740	True	0.931265	0.469181	M1_018_y256x768	94	9221	48.834946	0.992067	45.846180	0.997774	0.564046	0.387279	65	32	0.000000	249	24.985261	0.421136	0.889568	23.828571	0.865564	0.553682	-10.394416	0.431251	-18.905274	-0.094342	0.523601	45.165607	0.999191
M1_018_y512x256.png	0.238988	0.286263	0.445108	0.333527	0.668882	0.994016	30.596693	0.994110	34.881524	1.000000	0.515675	0.472922	28.811767	0.773539	6822	17	25	58	46	2.030534	1.470588	524	532	935.695374	6.537784	0.054696	-0.047374	-11.060502	-0.005252	-0.003799	0.408851	5096.096277	0.535296	17	25	-8	58	46	2.030534	1.470588	24	0	524	532	420	1.758826	6.537784	935.695374	0.054696	34825	5.104808	9.606567	256x256	65536	sparse	Otsu	744	24	88	6458	42.781505	0.977799	0.997856	40.536144	0.232988	0.595044	True	0.688437	0.325577	M1_018_y512x256	73	6758	42.756671	0.978102	40.388867	0.997909	0.591149	0.208563	105	20	0.000000	279	21.963333	0.577520	0.907342	17.045575	0.785142	0.315114	-5.507343	0.307113	-13.944904	-0.204564	0.286361	41.657195	0.999268
M1_018_y512x768.png	0.003394	0.126588	0.224728	0.309137	0.176527	0.981332	28.034053	0.997766	33.162708	1.000000	0.200582	0.086268	28.915155	0.730746	4852	29	6	12	52	1.813008	0.206897	246	223	337.421356	4.227950	0.069774	-0.000316	-12.380884	-0.016449	-0.001322	0.815546	2884.114981	0.182739	29	6	23	12	52	1.813008	0.206897	31	0	246	223	182	1.513100	4.227950	337.421356	0.069774	32745	6.748763	13.507007	256x256	65536	dense	Meijering	650	31	84	4758	42.133077	0.972455	0.999365	38.814407	0.059226	0.181837	True	0.739077	0.063759	M1_018_y512x768	54	4852	41.058814	0.966879	36.831983	0.999087	0.184454	0.057293	20	0	0.822581	410	26.014910	0.654455	0.975046	18.602647	0.076884	0.187526	-3.669275	0.143288	-12.143659	-0.236133	0.003710	40.414937	0.997781
M1_018_y768x256.png	0.233251	0.142905	0.250073	0.147700	0.814867	0.995393	22.461807	0.992490	35.689996	1.000000	0.773724	0.474710	32.894938	0.909725	7042	8	31	64	26	2.094262	3.875000	488	511	886.151370	9.006070	0.037484	0.030229	-22.397343	-0.004489	-0.006405	0.380956	12279.951096	0.595814	8	31	-23	64	26	2.094262	3.875000	10	1	488	511	398	1.734151	9.006070	886.151370	0.037484	22487	3.193269	9.306447	256x256	65536	sparse	Otsu	1058	10	97	6836	50.179432	0.993551	0.999200	46.734650	0.376294	0.618198	True	0.809861	0.384449	M1_018_y768x256	92	6631	49.568991	0.993487	45.152864	0.998895	0.619044	0.367725	51	15	0.000000	278	28.634009	0.643376	0.924235	22.989539	0.999424	0.531617	-9.462868	0.405999	-16.674053	-0.083762	0.203021	44.859150	0.999882
M1_018_y768x768.png	0.009043	0.016949	0.033333	0.022449	0.064706	0.995603	20.852449	0.998329	31.223147	1.000000	0.526688	0.458064	28.777280	0.875134	2819	5	5	10	10	2.000000	1.000000	140	140	203.710678	7.492015	0.043666	0.009043	-17.476219	-0.003985	-0.000779	0.425466	2102.705956	0.574016	5	5	0	10	10	2.000000	1.000000	5	0	140	140	120	1.455076	7.492015	203.710678	0.043666	21064	7.472153	23.247960	256x256	65536	sparse	Otsu	320	5	86	2768	45.467749	0.984954	0.999790	38.989269	0.106671	0.571105	True	0.368716	0.168896	M1_018_y768x768	42	2809	42.036692	0.968889	33.721667	0.999108	0.574534	0.104912	24	0	0.000000	3335	46.201646	0.982113	0.999854	41.409017	0.102372	0.565894	-2.498520	0.421776	-13.259412	-0.093755	0.000000	38.328669	0.999588
M1_019_y256x0.png	0.175149	0.116964	0.209432	0.119845	0.829502	0.998383	28.697599	0.993948	35.193738	1.000000	0.992659	1.386914	32.828188	0.941483	10361	4	121	210	36	2.189474	30.250000	1235	1352	2093.463378	3.220749	0.054826	-0.025571	-17.006788	-0.001577	-0.005378	0.544637	4659.745932	0.427266	4	121	-117	210	36	2.189474	30.250000	7	20	1235	1352	989	1.548420	3.220749	2093.463378	0.054826	23410	2.259434	6.325258	256x256	65536	dense	Learned	1787	7	100	8064	51.434700	0.993213	0.999503	49.076527	0.841394	0.463151	True	0.595053	0.825288	M1_019_y256x0	96	10149	50.595547	0.993770	46.933414	0.999326	0.455363	0.790111	17	41	0.000000	250	23.669916	0.458660	0.944367	17.750609	0.990905	0.322745	-11.739676	0.202548	-17.767359	-0.052287	0.200720	45.704387	0.999961
M1_019_y256x256.png	0.369924	0.414612	0.586185	0.437337	0.888629	0.989271	28.844816	0.986134	33.955952	1.000000	0.768740	0.332129	27.100069	0.739623	10373	16	63	136	53	2.111772	3.937500	841	888	1621.157179	7.002499	0.053086	-0.051391	-12.583329	-0.009579	-0.010521	0.587472	7732.099771	0.344651	16	63	-47	136	53	2.111772	3.937500	19	4	841	888	652	1.825627	7.002499	1621.157179	0.053086	37196	3.585848	6.317941	256x256	65536	sparse	Otsu	1145	19	91	9744	43.413290	0.982888	0.997125	42.328215	0.232735	0.440814	True	0.736773	0.244704	M1_019_y256x256	85	10308	43.018173	0.982538	41.160695	0.996655	0.412528	0.210376	121	21	0.000000	248	19.847308	0.465791	0.840290	16.275029	0.996375	0.313300	-7.204743	0.558364	-15.918104	-0.242914	0.421315	41.428145	0.998850
M1_019_y256x512.png	0.446044	0.274818	0.431148	0.313876	0.688325	0.980880	28.062120	0.988631	34.092013	1.000000	0.885649	0.329128	29.348705	0.804773	17466	24	260	484	105	2.211375	10.833333	2233	2469	4290.050052	3.343113	0.073818	-0.019172	-14.784655	-0.017830	-0.009720	0.610041	3143.727541	0.366598	24	260	-236	484	105	2.211375	10.833333	33	40	2233	2469	1644	1.737566	3.343113	4290.050052	0.073818	37807	2.164606	3.752204	256x256	65536	dense	Learned	2441	33	96	16286	46.297427	0.990166	0.999018	45.986049	0.286565	0.404196	True	0.904948	0.297844	M1_019_y256x512	93	15790	44.270829	0.984978	43.378458	0.998351	0.389959	0.281795	120	38	0.000000	249	20.030218	0.491695	0.867605	17.342110	0.914565	0.269894	-9.286445	0.603854	-14.922124	-0.180206	0.465216	42.846774	0.998710
M1_019_y256x768.png	0.448543	0.359017	0.528348	0.476998	0.592088	0.984824	29.844374	0.993840	34.613303	1.000000	0.418914	0.673141	29.468837	0.749349	7027	24	18	41	66	1.979381	0.750000	582	576	1066.346375	5.144579	0.064875	-0.034556	-10.801450	-0.013022	-0.004013	0.538264	3612.851858	0.460212	24	18	6	41	66	1.979381	0.750000	35	0	582	576	475	1.851296	5.144579	1066.346375	0.064875	35339	5.029031	9.326313	256x256	65536	sparse	Meijering	800	35	89	6906	42.660480	0.976946	0.997969	40.534433	0.502278	0.461600	True	0.806724	0.543039	M1_019_y256x768	76	7000	42.394133	0.975729	40.005249	0.997852	0.461736	0.460797	77	48	0.000000	279	24.161603	0.577839	0.932374	19.730289	1.000000	0.319908	-5.391946	-0.041882	-12.925295	-0.226380	0.483099	40.645824	0.997846
M1_019_y512x0.png	0.000891	0.064463	0.121119	0.065152	0.859056	0.999079	30.877986	0.991046	35.674303	1.000000	0.999362	0.112444	31.658551	0.884496	11428	5	230	438	66	2.310131	46.000000	1451	1676	3595.524898	3.377371	0.079971	-0.000416	-13.212030	-0.000858	-0.007641	0.955922	2879.475832	0.043251	5	230	-225	438	66	2.310131	46.000000	8	39	1451	1676	947	2.145301	3.377371	3595.524898	0.079971	29750	2.603255	5.734687	256x256	65536	sparse	Learned	1573	8	97	10570	48.452640	0.991620	0.999040	46.852556	0.052947	0.044185	True	0.415584	0.046730	M1_019_y512x0	93	10399	47.372931	0.991033	45.094122	0.998687	0.044078	0.054461	25	0	0.000000	249	21.396525	0.407299	0.900527	18.938782	0.932119	0.338169	-9.419820	0.944901	-15.714380	-0.106537	0.001307	44.090016	0.999937
M1_019_y512x512.png	0.136256	0.000000	0.000000	0.000000	0.000000	0.975154	19.539173	0.999959	28.715039	1.000000	0.164730	0.905396	22.576403	0.532111	1126	2	0	0	4	1.714286	0.000000	14	12	17.242641	3.918815	0.027110						582.103014	0.014188	2	0	2	0	4	1.714286	0.000000	2	0	14	12	10	1.436887	3.918815	17.242641	0.027110	39128	34.749556	58.202487	256x256	65536	dense	Frangi	176	2									True	0.742311	0.672085	M1_019_y512x512																									
M1_019_y512x768.png	0.250799	0.226405	0.369218	0.251054	0.697523	0.981149	29.106971	0.990256	34.289584	1.000000	0.888017	0.346377	29.340233	0.805246	18149	22	233	451	117	2.180651	10.590909	2336	2547	4464.282394	3.268895	0.077990	-0.001789	-14.949808	-0.017925	-0.008441	0.647717	3130.348682	0.351297	22	233	-211	451	117	2.180651	10.590909	34	31	2336	2547	1768	1.752761	3.268895	4464.282394	0.077990	38055	2.096810	3.610998	256x256	65536	dense	Learned	2540	34	97	17886	47.110477	0.992288	0.999232	46.792299	0.311865	0.352210	True	0.876724	0.303677	M1_019_y512x768	94	17562	44.886439	0.987838	44.073873	0.998698	0.352283	0.331645	109	49	0.000000	245	21.330436	0.492632	0.899453	19.415052	0.927681	0.237031	-9.784289	0.556372	-15.546206	-0.182592	0.252588	44.056780	0.999074
M1_019_y768x512.png	0.134553	0.063520	0.119452	0.064399	0.823109	0.998621	29.837590	0.989672	35.807980	1.000000	0.986231	0.345072	30.722096	0.890325	13895	10	211	415	78	2.253788	21.100000	1584	1785	3801.755596	3.504999	0.087018	0.053014	-14.692499	-0.001296	-0.008748	0.491605	6231.065750	0.143796	10	211	-201	415	78	2.253788	21.100000	15	27	1584	1785	1091	2.129835	3.504999	3801.755596	0.087018	31454	2.263692	4.716517	256x256	65536	sparse	Learned	2010	15	98	13510	48.685802	0.991972	0.998958	47.795404	0.438500	0.504065	True	0.552166	0.190537	M1_019_y768x512	94	13125	47.119760	0.990112	45.431172	0.998421	0.508395	0.469912	87	43	0.000000	247	21.055666	0.513685	0.896342	18.098044	0.999509	0.379512	-9.623193	0.516319	-16.397664	-0.099788	0.081539	44.530089	0.999917
M1_020_y256x512.png	0.026704	0.000000	0.000000	0.000000	0.000000	0.995896	21.984777	0.999980	23.996845	1.000000	0.213372	1.692468	22.049127	0.554737	667	1	0	0	2	1.750000	0.000000	8	7	11.828427	2.508549	0.058614						542.583942	0.002431	1	0	1	0	2	1.750000	0.000000	1	0	8	7	6	1.689775	2.508549	11.828427	0.058614	38361	57.512744	98.254873	256x256	65536	sparse	Frangi	71	1									True	0.385328	0.652156	M1_020_y256x512																									
M1_020_y256x768.png	0.221605	0.200906	0.334591	0.209027	0.837951	0.992008	28.793578	0.986180	34.599649	1.000000	0.958622	1.109890	31.976882	0.884380	7991	7	47	110	34	2.102041	6.714286	784	824	1492.399486	8.321858	0.047649	-0.042450	-11.175954	-0.006958	-0.009790	0.439114	4748.404264	0.583667	7	47	-40	110	34	2.102041	6.714286	8	3	784	824	640	1.811164	8.321858	1492.399486	0.047649	31602	3.954699	8.201226	256x256	65536	sparse	Otsu	904	8	94	7904	46.165292	0.987011	0.997130	43.536977	0.579355	0.599599	True	0.810494	0.899559	M1_020_y256x768	88	7934	44.413661	0.983950	40.979420	0.995970	0.560886	0.701017	38	68	0.000000	276	21.690001	0.432227	0.858011	17.655320	0.990048	0.502006	-6.379771	0.257605	-12.436779	-0.099570	0.264055	39.969532	0.998966
M1_020_y512x512.png	0.233504	0.019963	0.039145	0.169255	0.022132	0.983388	18.886469	0.999804	26.936860	1.000000	0.222755	1.462895	20.227432	0.532544	1501	4	0	0	7	1.813953	0.000000	43	39	59.627417	4.007564	0.040651	0.131033	-3.953942	-0.004850	0.000859	0.927725	867.617130	0.035281	4	0	4	0	7	1.813953	0.000000	5	0	43	39	36	1.528908	4.007564	59.627417	0.040651	40655	27.085276	43.661559	256x256	65536	sparse	Frangi	165	5	1	1390	29.645845	0.813894	0.999450	21.866906	0.205693	0.065968	True	0.510164	0.746316	M1_020_y512x512	3	1478	24.345520	0.606565	19.022903	0.998945	0.072275	0.183555	93	3	0.000000								7.913957	0.039200	-4.118088	-0.074021	0.102472	22.840411	0.988238
M1_020_y768x256.png	0.034144	0.028689	0.055777	0.028973	0.744884	0.999290	31.489843	0.991778	35.694250	1.000000	0.975947	2.606187	33.178831	0.894978	11952	10	225	414	60	2.283828	22.500000	1515	1730	3551.157882	3.365040	0.077775	-0.000889	-12.824554	-0.000665	-0.006986	0.537084	2876.755238	0.461375	10	225	-215	414	60	2.283828	22.500000	16	35	1515	1730	1041	2.052692	3.365040	3551.157882	0.077775	31681	2.650686	5.483266	256x256	65536	sparse	Learned	1643	16	97	11858	47.968917	0.990338	0.999077	46.901454	0.558403	0.458648	True	0.238146	0.620652	M1_020_y768x256	93	11188	46.954509	0.989032	45.040018	0.998763	0.462916	0.572957	46	35	0.062500	246	22.165245	0.578779	0.883597	18.212608	0.989642	0.336918	-9.345768	0.402991	-13.775678	-0.094054	0.035034	44.314396	0.999955
M1_020_y768x512.png	0.047291	0.098200	0.178838	0.119872	0.351975	0.992390	23.898419	0.996832	31.788713	1.000000	0.246014	0.219246	27.306595	0.729186	5560	35	10	19	72	1.853801	0.285714	342	317	591.092927	4.494306	0.088203	-0.002543	-12.421598	-0.006872	-0.001878	0.701481	2173.449755	0.298995	35	10	25	19	72	1.853801	0.285714	42	0	342	317	251	1.864646	4.494306	591.092927	0.088203	37091	6.671043	11.787050	256x256	65536	sparse	Meijering	474	42	81	5398	40.404589	0.965573	0.999039	37.418822	0.100800	0.295349	True	0.512029	0.112260	M1_020_y768x512	52	5553	39.128151	0.960108	34.897359	0.998710	0.298519	0.097340	83	0	0.511905	335	21.766180	0.569660	0.938677	15.292681	0.828599	0.235346	-3.108646	0.148673	-11.821556	-0.230923	0.049835	36.320018	0.999263
M1_020_y768x768.png	0.164331	0.005093	0.010133	0.526316	0.005116	0.968749	19.906416	0.999993	25.700514	1.000000	0.197481	1.423276	22.189455	0.701348	504	1	0	0	0	1.500000	0.000000	4	3	10.656854	2.545511	0.273532						482.647181	0.001597	1	0	1	0	0	1.500000	0.000000	1	0	4	3	4	3.552285	2.545511	10.656854	0.273532	32234	63.956349	130.031746	256x256	65536	sparse	Frangi	57	1									True	0.696993	0.992013	M1_020_y768x768																									
M1_021_y256x0.png	0.077561	0.000000	0.000000	0.000000	0.000000	0.989340	24.732056	0.999992	24.214410	1.000000	0.113080	1.690273	24.846449	0.755770	444	0	0	0	0	0	0.000000	0	0	0	0	0						453.881025	0.001075	0	0	0	0	0	0	0.000000	1	0	0	0	0	0	0	0	0	28295	63.727477	147.603604	256x256	65536	sparse	Frangi	41	1									True	0.591619	0.999998	M1_021_y256x0																									
M1_021_y512x0.png	0.292562	0.000000	0.000000	0.000000	0.000000	0.972186	23.014377	0.999879	24.296009	1.000000	0.130642	0.589758	20.707735	0.534742	1137	2	0	0	3	1.636364	0.000000	11	9	16.656854	2.862472	0.051120						597.877979	0.015195	2	0	2	0	3	1.636364	0.000000	5	0	11	9	8	1.850762	2.862472	16.656854	0.051120	36754	32.325418	57.639402	256x256	65536	sparse	Frangi	137	5									True	0.809317	0.477301	M1_021_y512x0																									
M1_021_y512x512.png	0.211022	0.084461	0.155766	0.093566	0.464644	0.991962	26.491238	0.992102	35.435829	1.000000	0.660263	0.530641	31.591554	0.884228	11478	28	122	244	98	2.142532	4.357143	1319	1413	2985.453424	3.174925	0.089861	-0.001606	-17.457340	-0.007695	-0.006654	0.800675	2913.468361	0.204508	28	122	-94	244	98	2.142532	4.357143	48	13	1319	1413	977	2.112847	3.174925	2985.453424	0.089861	33397	2.909653	5.709706	256x256	65536	sparse	Learned	1501	48	96	11086	46.822491	0.988327	0.998948	45.842279	0.142425	0.203786	True	0.373433	0.198159	M1_021_y512x512	92	11247	46.143389	0.987432	44.449856	0.998756	0.199325	0.142816	78	3	0.302885	248	21.600125	0.607067	0.887278	17.653348	0.847749	0.253216	-9.014027	0.517447	-14.551835	-0.103204	0.212628	43.948579	0.999656
M1_021_y512x768.png	0.131883	0.009629	0.019074	0.555556	0.009703	0.986361	22.021469	0.999992	23.581941	1.000000	0.228948	1.600794	24.710214	0.786002	471	1	0	0	0	1.333333	0.000000	3	2	5.414214	3.201850	0.162661						474.260569	0.002303	1	0	1	0	0	1.333333	0.000000	1	0	3	2	3	2.707107	3.201850	5.414214	0.162661	26794	56.887473	139.142251	256x256	65536	sparse	Frangi	60	1									True	0.624689	0.999998	M1_021_y512x768																									
M1_021_y768x512.png	0.276991	0.019084	0.037452	0.518006	0.019429	0.946294	18.891653	0.999851	26.580842	1.000000	0.130642	0.941064	19.900315	0.566335	1214	2	0	0	4	1.600000	0.000000	10	8	18.071068	3.270352	0.172528						564.414978	0.015809	2	0	2	0	4	1.600000	0.000000	5	0	10	8	6	2.258883	3.270352	18.071068	0.172528	36451	30.025535	53.983526	256x256	65536	sparse	Frangi	136	5									True	0.794847	0.748002	M1_021_y768x512																									
M2_001_y256x0.png	0.000000	0.078805	0.146097	0.079246	0.934126	0.999132	37.800045	0.987683	38.507012	1.000000	0.978763	0.125010	36.275997	0.961113	8722	5	109	210	50	2.205941	21.800000	1010	1114	2270.439225	3.346537	0.085809	0.000000	-8.830487	-0.000726	-0.010604	0.991928	7119.717121	0.009354	5	109	-104	210	50	2.205941	21.800000	10	10	1010	1114	750	2.038096	3.346537	2270.439225	0.085809	21037	2.411947	7.513873	256x256	65536	sparse	Learned	1614	10	100	6346	51.199412	0.990279	0.998318	49.058473	0.026314	0.007994	True	0.678042	0.084762	M2_001_y256x0	96	8008	51.015826	0.991674	48.507709	0.998286	0.008072	0.026314	3	0	0.150000	246	28.418722	0.522748	0.937735	24.286054	0.802101	0.143706	-10.000697	0.952449	-14.739829	-0.030561	0.000000	46.630532	0.999858
M2_001_y256x256.png	0.005863	0.061728	0.116279	0.195707	0.082711	0.981742	28.822542	0.998640	32.951361	1.000000	0.156897	0.097595	32.226014	0.840131	2692	12	0	0	24	1.739130	0.000000	92	80	120.254834	5.011702	0.061491	0.000004	-10.499434	-0.015380	-0.000528	0.696054	1517.086029	0.305556	12	0	12	0	24	1.739130	0.000000	15	0	92	80	68	1.503185	5.011702	120.254834	0.061491	29905	11.108841	24.344725	256x256	65536	dense	Meijering	348	15	81	2540	42.760230	0.968568	0.999598	36.984626	0.044958	0.303819	True	0.692721	0.067606	M2_001_y256x256	35	2667	40.784667	0.954233	34.007655	0.999168	0.303946	0.108634	8	0	0.766667	3550	43.744109	0.972928	0.999766	41.550208	0.075036	0.303361	-1.056294	0.048264	-8.558653	-0.114101	0.005859	39.321977	0.997121
M2_001_y256x512.png	0.385784	0.000000	0.000000	0.000000	0.000000	0.969258	23.360458	0.999954	21.485463	1.000000	0.113080	0.740085	23.914040	0.725866	519	0	0	0	0	0	0.000000	0	0	0	0	0						445.002079	0.003871	0	0	0	0	0	0	0.000000	1	0	0	0	0	0	0	0	0	32431	62.487476	126.273603	256x256	65536	sparse	Frangi	54	1									True	0.864935	0.640126	M2_001_y256x512																									
M2_001_y512x0.png	0.015557	0.032153	0.062303	0.267213	0.035262	0.973452	29.893001	0.999591	31.638406	1.000000	0.145011	0.057902	31.677584	0.863711	1428	3	0	0	6	1.727273	0.000000	22	19	35.970563	5.531782	0.070024	-0.000791	-3.082531	-0.010358	0.000964	0.492549	832.313776	0.501639	3	0	3	0	6	1.727273	0.000000	6	0	22	19	16	1.893188	5.531782	35.970563	0.070024	28578	20.012605	45.893557	256x256	65536	sparse	Meijering	148	6	61	1412	41.616401	0.961238	0.999763	32.618604	0.056140	0.484682	True	0.896969	0.051936	M2_001_y512x0	9	1402	34.050386	0.795165	25.744914	0.998627	0.507451	0.066570	9	0	0.750000								5.893493	0.078441	-2.372802	0.068546	0.016348	32.975532	0.983810
M2_002_y0x0.png	0.144962	0.131876	0.233022	0.133504	0.915361	0.999208	33.179757	0.992631	37.973726	1.000000	0.806428	2.279810	35.561977	0.957087	7272	13	82	171	62	2.154882	6.307692	891	960	1824.925310	3.457476	0.062671	0.069115	-12.539768	-0.000676	-0.005926	0.615694	5292.793751	0.505532	13	82	-69	171	62	2.154882	6.307692	19	8	891	960	658	1.900964	3.457476	1824.925310	0.062671	23043	3.168729	9.012101	256x256	65536	sparse	Learned	1341	19	98	6626	49.589156	0.988317	0.998775	47.761365	0.519347	0.383020	True	0.375890	0.856958	M2_002_y0x0	94	6331	49.311639	0.988492	46.676166	0.998557	0.384306	0.680942	42	99	0.000000	275	35.907681	0.905860	0.984716	31.111161	0.999823	0.344290	-8.702440	0.125486	-13.749662	-0.031405	0.075848	45.719525	0.999884
M2_002_y0x256.png	0.275187	0.011929	0.023576	0.246725	0.012379	0.971258	20.028337	0.999866	28.163378	1.000000	0.142156	1.032442	22.216687	0.682456	1279	4	0	0	6	1.636364	0.000000	22	18	33.313708	3.295776	0.051120						712.777615	0.017200	4	0	4	0	6	1.636364	0.000000	6	0	22	18	16	1.850762	3.295776	33.313708	0.051120	35212	27.530884	51.240031	256x256	65536	sparse	Frangi	146	6	5	1238	32.543253	0.905199	0.999775	25.623462	0.763640	0.025494	True	0.928898	0.959033	M2_002_y0x256																									
M2_002_y0x512.png	0.179149	0.168411	0.288273	0.281860	0.294984	0.984577	24.914213	0.997823	31.594463	1.000000	0.333245	0.378425	27.620328	0.885649	12372	44	64	125	133	2.037594	1.454545	1064	1084	1834.107249	3.199525	0.063089	0.003696	-15.723531	-0.014584	-0.001776	0.351970	3600.383997	0.635569	44	64	-20	125	133	2.037594	1.454545	75	8	1064	1084	806	1.691981	3.199525	1834.107249	0.063089	37147	3.002506	5.297123	256x256	65536	dense	Learned	1490	75	93	12060	44.219771	0.986437	0.999774	42.486965	0.215067	0.647682	True	0.931044	0.352331	M2_002_y0x512	89	11908	42.556153	0.985415	39.237376	0.999600	0.648030	0.222289	100	9	0.770833	245	16.235766	0.364564	0.890555	10.829827	0.999988	0.318442	-7.642913	0.110957	-14.935826	-0.099766	0.175454	40.637744	0.999161
M2_002_y256x0.png	0.193562	0.000204	0.000407	0.003125	0.000218	0.990562	27.916321	0.999813	27.401115	1.000000	0.168896	1.149763	26.899999	0.776579	1182	3	0	0	6	1.666667	0.000000	18	15	126.490383	3.313717	0.073361						647.228956	0.019540	3	0	3	0	6	1.666667	0.000000	4	0	18	15	12	8.432692	3.313717	126.490383	0.073361	31379	26.547377	55.445008	256x256	65536	sparse	Frangi	138	4	21	1180	36.912287	0.935456	0.999787	28.271349	0.118973	0.086174	True	0.555636	0.638850	M2_002_y256x0																									
M2_002_y256x512.png	0.308861	0.033556	0.064933	0.427205	0.035137	0.947800	18.395120	0.999585	27.390568	1.000000	0.215990	1.100152	19.070234	0.580829	1724	4	0	0	8	1.822222	0.000000	45	41	63.213203	5.004257	0.065507	0.177877	-4.561729	-0.013578	0.002073	0.915020	971.664429	0.037515	4	0	4	0	8	1.822222	0.000000	6	0	45	41	37	1.541785	5.004257	63.213203	0.065507	39088	22.672854	38.013921	256x256	65536	sparse	Frangi	169	6	3	1674	31.060019	0.896846	0.999085	24.842568	0.122744	0.087823	True	0.854163	0.939709	M2_002_y256x512	3	1575	24.427916	0.717333	20.114310	0.997513	0.084980	0.210583	113	2	0.000000	5514	39.113851	0.963383	0.999935	36.526842	0.090307	0.091127	7.276258	0.005407	-5.357682	-0.136504	0.130984	22.956849	0.961378
M2_002_y512x0.png	0.446917	0.076031	0.141317	0.288354	0.093592	0.974617	25.706946	0.999039	32.050628	1.000000	0.201791	0.818864	28.330414	0.825016	3697	24	2	6	50	1.795349	0.083333	215	193	302.278124	4.196299	0.065031	0.039111	-12.456397	-0.022101	-0.000504	0.774979	1742.157936	0.173041	24	2	22	6	50	1.795349	0.083333	26	0	215	193	159	1.566208	4.196299	302.278124	0.065031	32736	8.854747	17.726806	256x256	65536	dense	Meijering	415	26	83	3620	41.924585	0.972402	0.999682	36.419175	0.342738	0.250700	True	0.958746	0.785082	M2_002_y512x0	44	3665	40.510334	0.964676	34.354673	0.999543	0.225021	0.437210	66	50	0.000000	531	27.057279	0.787470	0.985553	18.371034	0.705948	0.212297	-2.304045	-0.235419	-12.179920	-0.139660	0.407806	38.163343	0.996717
M2_003_y0x256.png	0.294842	0.203692	0.338445	0.315228	0.365353	0.994403	31.290139	0.997496	34.780111	1.000000	0.273219	1.016646	34.665917	0.876990	3886	22	8	15	42	1.900709	0.363636	282	268	379.806133	4.935468	0.051842	-0.046545	-9.213059	-0.004858	-0.001635	0.610277	2208.265305	0.400427	22	8	14	15	42	1.900709	0.363636	23	0	282	268	225	1.417187	4.935468	379.806133	0.051842	30461	7.838652	16.864642	256x256	65536	dense	Meijering	484	23	88	3758	43.633192	0.968409	0.999178	39.973869	0.450700	0.383436	True	0.734640	0.746868	M2_003_y0x256	69	3841	43.426370	0.967053	39.068457	0.999131	0.389723	0.456528	45	26	0.000000	534	33.977552	0.868518	0.990208	26.565808	0.718606	0.369716	-4.288346	-0.183309	-8.760453	-0.090062	0.341387	40.503198	0.999261
M2_003_y256x256.png	0.286504	0.000000	0.000000	0.000000	0.000000	0.976129	22.730750	0.999957	32.253802	1.000000	0.316139	1.294063	25.533157	0.800998	1159	1	0	0	2	1.882353	0.000000	17	16	20.071068	4.761604	0.020333						722.892046	0.008754	1	0	1	0	2	1.882353	0.000000	1	0	17	16	15	1.254442	4.761604	20.071068	0.020333	32844	28.338223	56.545298	256x256	65536	dense	Frangi	200	1	28	1142	37.703421	0.934951	0.999904	28.731629	0.644477	0.015638	True	0.769844	0.996227	M2_003_y256x256																									
M2_003_y512x0.png	0.212573	0.336053	0.503053	0.447755	0.573934	0.987024	31.753375	0.993242	35.101707	1.000000	0.404051	0.843343	31.712540	0.865484	6326	18	19	46	45	2.005076	1.055556	394	395	722.120197	5.301393	0.071034	-0.040907	-10.940004	-0.011962	-0.005044	0.629447	7733.430386	0.380805	18	19	-1	46	45	2.005076	1.055556	25	0	394	395	303	1.828152	5.301393	722.120197	0.071034	31709	5.012488	10.359785	256x256	65536	sparse	Otsu	940	25	92	6022	44.656062	0.974533	0.998440	42.716946	0.490116	0.389645	True	0.662898	0.559050	M2_003_y512x0	85	6080	44.640429	0.974716	42.022367	0.998287	0.370553	0.508285	69	66	0.000000	339	29.429818	0.802134	0.959721	23.719053	0.648205	0.247743	-6.920660	-0.104234	-12.927889	-0.109233	0.253480	42.693379	0.998986
M2_003_y512x512.png	0.277909	0.079635	0.147523	0.566707	0.084799	0.992496	26.886965	0.999781	31.282516	1.000000	0.295312	1.349630	33.455091	0.927010	1237	3	2	5	9	1.951220	0.666667	41	40	81.838520	4.712596	0.093668	-0.032559	-2.556167	0.001842	0.000650	0.937288	757.504940	0.043150	3	2	1	5	9	1.951220	0.666667	4	0	41	40	27	2.045963	4.712596	81.838520	0.093668	29214	23.616815	52.979790	256x256	65536	sparse	Meijering	161	4	77	1212	42.928005	0.964041	0.999903	34.174856	0.909022	0.042259	True	0.739761	0.998404	M2_003_y512x512	6	1221	32.469277	0.781945	24.700516	0.999131	0.062712	0.999571	3	31	0.000000								6.582000	-0.704259	0.985814	0.145065	0.310467	29.443132	0.990654
M2_004_y0x0.png	0.169202	0.163097	0.280453	0.163636	0.980198	0.999392	39.076718	0.994393	38.549105	1.000000	0.678348	1.224711	40.258542	0.962253	4291	7	11	26	19	2.029630	1.571429	270	274	452.132034	6.866820	0.052525	0.121341	-6.451482	-0.000479	-0.004363	0.713311	7136.543036	0.803116	7	11	-4	26	19	2.029630	1.571429	7	0	270	274	225	1.650117	6.866820	452.132034	0.052525	20305	4.731997	15.272897	256x256	65536	sparse	Otsu	810	7	97	3636	49.665382	0.984872	0.998955	46.897418	0.786955	0.286567	True	0.574007	0.702993	M2_004_y0x0	92	4046	49.846591	0.986439	46.044969	0.998756	0.286689	0.847845	35	141	0.000000	465	42.049726	0.916039	0.992249	36.803498	0.994636	0.293636	-7.495864	-0.169497	-9.588049	-0.024187	0.047860	45.528200	0.999871
M2_004_y0x512.png	0.026991	0.050646	0.096408	0.170240	0.067245	0.977638	26.706240	0.998918	32.458648	1.000000	0.167420	0.088250	27.764453	0.801429	4067	26	3	6	53	1.762887	0.115385	194	171	268.066017	4.125356	0.067786	-0.030954	-12.092687	-0.019093	-0.000505	0.598361	1498.293877	0.423711	26	3	23	6	53	1.762887	0.115385	31	0	194	171	135	1.567638	4.125356	268.066017	0.067786	33731	8.293828	16.114089	256x256	65536	dense	Meijering	402	31	81	3938	41.315739	0.967001	0.999574	36.209537	0.078379	0.397018	True	0.860742	0.075960	M2_004_y0x512	42	4047	39.834047	0.956432	34.250767	0.999424	0.401639	0.067252	79	2	0.000000	534	26.059820	0.730174	0.982238	18.831871	0.388419	0.251021	-1.792119	0.100168	-12.069593	-0.155003	0.057944	38.798927	0.996731
M2_004_y256x256.png	0.330253	0.031846	0.061726	0.547748	0.032706	0.952449	19.491975	0.999869	27.997237	1.000000	0.213372	0.701742	21.666085	0.749921	1618	2	1	3	5	1.941176	0.500000	34	33	45.142136	3.814292	0.019717	0.244974	-8.945316	-0.020493	0.000216	0.802615	882.483721	0.054755	2	1	1	3	5	1.941176	0.500000	4	0	34	33	26	1.367944	3.814292	45.142136	0.019717	32341	19.988257	40.504326	256x256	65536	dense	Frangi	238	4	30	1598	37.246539	0.948067	0.999889	28.189734	0.117013	0.207077	True	0.811582	0.569521	M2_004_y256x256	6	1565	30.948103	0.836689	22.776676	0.999654	0.197385	0.126076	42	0	0.000000	5561	44.156549	0.978581	0.999996	42.615864	0.099329	0.205062	5.220561	0.087296	-9.282019	-0.086768	0.085279	28.437291	0.972942
M2_004_y256x512.png	0.116722	0.171302	0.292499	0.396482	0.231725	0.979855	24.998119	0.998551	31.630757	1.000000	0.474328	0.368500	26.215665	0.841513	4200	6	14	32	24	2.061538	2.333333	260	268	478.493714	5.734953	0.070774	-0.019001	-12.960483	-0.017632	-0.000771	0.448123	2384.184599	0.601734	6	14	-8	32	24	2.061538	2.333333	13	1	260	268	204	1.785424	5.734953	478.493714	0.070774	33841	8.057381	15.603810	256x256	65536	sparse	Otsu	390	13	85	4150	42.225724	0.972667	0.999530	37.459801	0.132175	0.550172	True	0.752029	0.277123	M2_004_y256x512	52	4116	40.586404	0.965852	34.983085	0.999323	0.551877	0.132456	67	1	0.000000	474	24.796178	0.783871	0.979137	17.869002	0.421010	0.508910	-3.352328	0.341871	-14.370739	-0.124339	0.135724	37.958602	0.997487
M2_004_y512x512.png	0.044641	0.133060	0.234869	0.341512	0.178979	0.980429	27.680317	0.998227	33.639255	1.000000	0.207688	0.157589	32.209571	0.873868	3236	11	2	7	23	1.883871	0.181818	155	146	254.965205	4.715326	0.046255	-0.001601	-12.460094	-0.017332	-0.001025	0.754190	1640.751839	0.242372	11	2	9	7	23	1.883871	0.181818	25	0	155	146	125	1.746337	4.715326	254.965205	0.046255	30102	9.302225	20.252163	256x256	65536	sparse	Meijering	301	25	85	3088	43.611087	0.973917	0.999458	38.412338	0.074988	0.245141	True	0.603865	0.095163	M2_004_y512x512	48	3213	42.103003	0.966243	36.255074	0.999252	0.245810	0.072036	42	0	0.660000	672	32.450556	0.873269	0.991261	24.682018	0.110033	0.315828	-2.615819	0.135652	-9.893432	-0.092376	0.046242	40.140411	0.997762
M2_005_y256x256.png	0.364379	0.022134	0.043310	0.276408	0.023496	0.972297	17.586380	0.999832	27.192815	1.000000	0.223791	1.068376	23.332188	0.767636	1072	2	1	3	3	1.833333	0.500000	12	11	24.485281	5.838426	0.251499						690.421581	0.033691	2	1	1	3	3	1.833333	0.500000	3	0	12	11	6	2.225935	5.838426	24.485281	0.251499	34434	32.121269	61.134328	256x256	65536	sparse	Frangi	134	3	9	1066	33.988769	0.919001	0.999713	25.079675	0.716346	0.047171	True	0.935798	0.999784	M2_005_y256x256																									
M2_005_y256x512.png	0.318961	0.000000	0.000000	0.000000	0.000000	0.969664	21.017962	0.999993	30.820442	1.000000	0.302324	0.910392	23.137077	0.659826	719	1	2	4	0	2.153846	2.000000	13	14	18.485281	3.236757	0.023237						611.927748	0.004193	1	2	-1	4	0	2.153846	2.000000	1	0	13	14	9	1.320377	3.236757	18.485281	0.023237	38417	53.431154	91.148818	256x256	65536	dense	Frangi	89	1									True	0.980079	0.892256	M2_005_y256x512																									
M2_006_y0x256.png	0.035373	0.383385	0.554271	0.443569	0.738606	0.990658	31.514430	0.990464	35.295943	1.000000	0.775810	0.153741	31.656344	0.851336	14358	28	136	269	104	2.118877	4.857143	1817	1925	3316.301774	3.470991	0.078363	-0.362488	-10.904742	-0.007987	-0.007358	0.656097	3309.761763	0.057477	28	136	-108	269	104	2.118877	4.857143	38	13	1817	1925	1444	1.722754	3.470991	3316.301774	0.078363	36602	2.549241	4.564424	256x256	65536	dense	Learned	2077	38	95	14212	45.566453	0.985874	0.998761	45.043572	0.379906	0.356071	True	0.705531	0.108469	M2_006_y0x256	93	14234	43.750461	0.978352	42.686206	0.997822	0.343903	0.331522	109	70	0.000000	250	21.161582	0.577577	0.891722	18.312531	0.694763	0.138989	-7.390263	0.444288	-12.094116	-0.127016	0.397861	42.419173	0.998645
M2_006_y512x512.png	0.318954	0.267742	0.422392	0.337178	0.565245	0.993140	31.659009	0.991719	34.734083	1.000000	0.712922	1.004979	32.569571	0.887209	6693	9	28	66	30	2.061789	3.111111	615	634	1045.037352	6.773152	0.048852	-0.018410	-9.689051	-0.005882	-0.005235	0.411395	4063.022375	0.568549	9	28	-19	66	30	2.061789	3.111111	15	0	615	634	519	1.648324	6.773152	1045.037352	0.048852	32133	4.800986	9.791723	256x256	65536	sparse	Otsu	773	15	92	6436	44.563420	0.980203	0.997689	41.700531	0.676627	0.592434	True	0.881055	0.885441	M2_006_y512x512	85	6409	43.756459	0.976831	40.067107	0.996954	0.588605	0.643268	39	41	0.000000	279	24.957386	0.533257	0.908587	20.091724	0.986963	0.490157	-5.333024	0.069654	-11.186888	-0.089623	0.337365	41.348061	0.999022
M2_007_y0x0.png	0.125371	0.129209	0.228849	0.131119	0.898684	0.999632	37.799166	0.994482	38.786708	1.000000	0.976007	1.291552	41.992718	0.979811	4007	3	64	115	14	2.274157	21.333333	445	506	903.394011	3.684406	0.069607	0.007432	-6.933464	-0.000291	-0.004527	0.521005	4163.393021	0.473911	3	64	-61	115	14	2.274157	21.333333	4	11	445	506	316	1.785364	3.684406	903.394011	0.069607	18567	4.633641	16.355378	256x256	65536	sparse	Learned	805	4	99	3980	51.971683	0.990744	0.999276	48.839214	0.404800	0.480725	True	0.772362	0.997546	M2_007_y0x0	93	3326	51.289259	0.990420	46.987332	0.999008	0.478995	0.502892	19	18	0.000000	530	46.600419	0.946836	0.997206	41.981848	0.997666	0.474660	-8.200623	0.473115	-9.296542	-0.010609	0.117939	44.732629	0.999924
M2_007_y0x256.png	0.399599	0.391197	0.562389	0.426922	0.823784	0.991977	34.924438	0.985331	36.425540	1.000000	0.764647	1.116764	30.848004	0.873484	8281	9	36	80	41	2.081203	4.000000	665	692	1276.995797	6.761271	0.056228	0.029277	-8.523600	-0.007035	-0.010845	0.311080	10036.333799	0.694357	9	36	-27	80	41	2.081203	4.000000	15	2	665	692	544	1.845370	6.761271	1276.995797	0.056228	30633	3.699191	7.914020	256x256	65536	sparse	Otsu	1269	15	94	7304	45.522760	0.978779	0.996769	44.268807	0.473258	0.645037	True	0.581048	0.648894	M2_007_y0x256	90	7951	45.465847	0.978204	43.738545	0.996175	0.688920	0.465248	84	51	0.000000	250	29.299907	0.768444	0.941103	27.079204	0.996586	0.313876	-7.313005	0.299398	-14.617843	-0.104719	0.370322	43.448038	0.999012
M2_007_y256x256.png	0.200381	0.000000	0.000000	0.000000	0.000000	0.985438	24.208876	0.999924	25.739789	1.000000	0.113080	1.127411	29.923311	0.803706	536	1	0	0	2	1.500000	0.000000	4	3	5.414214	3.182164	0.108441						456.337690	0.002515	1	0	1	0	2	1.500000	0.000000	1	0	4	3	2	1.804738	3.182164	5.414214	0.108441	31497	58.763060	122.268657	256x256	65536	dense	Frangi	56	1	1	488	34.417233	0.869591	0.999920	23.203445	0.811517	0.002278	True	0.619832	0.698806	M2_007_y256x256																									
M2_007_y512x0.png	0.089166	0.074074	0.137931	0.074729	0.894244	0.997614	21.708850	0.992188	37.456983	1.000000	0.997867	0.773870	35.891172	0.960228	6901	3	97	164	18	2.274453	32.333333	685	779	1464.496608	3.821632	0.076302	0.042258	-22.959314	-0.002336	-0.006591	0.522287	6812.846422	0.604010	3	97	-94	164	18	2.274453	32.333333	4	13	685	779	503	1.879970	3.821632	1464.496608	0.076302	22239	3.222576	9.496595	256x256	65536	sparse	Learned	1287	4	100	6300	50.565842	0.989936	0.999158	49.266546	0.698806	0.490501	True	0.937961	0.725860	M2_007_y512x0	95	6822	50.093409	0.989924	47.264649	0.998779	0.477713	0.864665	17	74	0.000000	272	37.817015	0.832583	0.988089	33.623832	0.997120	0.417649	-9.807666	0.133202	-14.202238	-0.029696	0.046907	44.668164	0.999950
M2_007_y512x512.png	0.494924	0.012349	0.024396	0.333333	0.012661	0.950999	20.972579	0.999874	29.158105	1.000000	0.316139	0.873650	22.664264	0.725838	1106	2	2	3	3	2.000000	1.000000	21	21	33.313708	4.734051	0.101246						700.805664	0.023083	2	2	0	3	3	2.000000	1.000000	2	0	21	21	15	1.586367	4.734051	33.313708	0.101246	35241	31.863472	59.254973	256x256	65536	sparse	Frangi	141	2	6	1088	33.845901	0.903066	0.999738	25.567820	0.502729	0.041013	True	0.996531	0.870620	M2_007_y512x512																									
M2_008_y0x0.png	0.380488	0.024671	0.048153	0.563218	0.025152	0.938708	17.811454	0.999853	27.322012	1.000000	0.171385	1.096386	19.648481	0.624079	1669	5	0	0	8	1.722222	0.000000	36	31	45.213203	3.987379	0.041977	0.118487	-6.499597	-0.030567	0.000434	0.957427	855.447054	0.030777	5	0	5	0	8	1.722222	0.000000	5	0	36	31	28	1.458490	3.987379	45.213203	0.041977	39512	23.674056	39.266627	256x256	65536	dense	Frangi	236	5	6	1658	32.090078	0.901564	0.999769	25.652293	0.354889	0.036169	True	0.798708	0.875693	M2_008_y0x0	4	1644	26.430594	0.755442	21.282969	0.999419	0.042573	0.461703	61	53	0.000000	5698	39.039492	0.951098	0.999984	37.199137	0.305855	0.036451	6.039043	-0.290317	-6.782113	-0.131363	0.262000	24.311051	0.969275
M2_008_y256x0.png	0.432459	0.009687	0.019188	0.497238	0.009783	0.959286	21.316701	0.999980	29.477115	1.000000	0.205466	1.045236	22.523771	0.676417	1087	2	0	0	3	1.800000	0.000000	20	18	24.313708	3.341348	0.054220						708.216190	0.012491	2	0	2	0	3	1.800000	0.000000	2	0	20	18	17	1.350762	3.341348	24.313708	0.054220	37161	34.186753	60.290708	256x256	65536	dense	Frangi	174	2	2	1052	32.024902	0.874271	0.999920	23.246933	0.414331	0.013157	True	0.813626	0.850431	M2_008_y256x0																									
M2_008_y256x256.png	0.495353	0.014766	0.029102	0.465517	0.015020	0.939302	21.045224	0.999910	29.988492	1.000000	0.186709	0.611671	20.589945	0.595292	1366	3	2	3	5	1.900000	0.666667	20	19	28.899495	4.401685	0.136978						679.194927	0.030856	3	2	1	3	5	1.900000	0.666667	3	0	20	19	12	1.521026	4.401685	28.899495	0.136978	38963	28.523426	47.976574	256x256	65536	dense	Frangi	220	3	2	1366	31.057007	0.875391	0.999657	24.138202	0.361390	0.029350	True	0.962539	0.588757	M2_008_y256x256																									
M2_008_y512x0.png	0.223614	0.000000	0.000000	0.000000	0.000000	0.986173	20.727698	0.999996	32.771254	1.000000	0.197481	1.197777	23.657205	0.752071	553	1	0	0	1	1.800000	0.000000	10	9	11.242641	2.776243	0.000000						572.824478	0.004649	1	0	1	0	1	1.800000	0.000000	1	0	10	9	9	1.249182	2.776243	11.242641	0.000000	34515	62.414105	118.509946	256x256	65536	dense	Frangi	53	1									True	0.552302	0.661535	M2_008_y512x0																									
M2_008_y512x256.png	0.252695	0.148053	0.257920	0.272543	0.244786	0.985659	26.452711	0.998022	32.980792	1.000000	0.199947	0.631408	29.836566	0.822310	4156	23	1	0	45	1.789474	0.043478	209	187	292.007143	4.485135	0.065511	-0.094821	-12.571574	-0.012779	-0.001149	0.711425	2136.025429	0.253777	23	1	22	0	45	1.789474	0.043478	26	0	209	187	164	1.561536	4.485135	292.007143	0.065511	34518	8.305582	15.769009	256x256	65536	dense	Meijering	513	26	84	4064	41.554956	0.962565	0.999263	37.504967	0.351027	0.283530	True	0.860543	0.543354	M2_008_y512x256	58	4144	40.980328	0.959794	35.979405	0.999171	0.288575	0.361051	58	18	0.000000	474	27.663421	0.771553	0.977663	20.074704	0.692721	0.238440	-2.998614	-0.161105	-11.143762	-0.137484	0.347516	39.024285	0.998438
M2_009_y0x256.png	0.190409	0.264002	0.417724	0.319896	0.601746	0.997474	27.333358	0.998339	32.067267	1.000000	0.696387	1.583482	34.892405	0.920976	2757	4	11	26	8	2.067961	2.750000	206	213	337.048773	5.233083	0.042424	0.000968	-9.122838	-0.002129	-0.000839	0.647575	2013.522863	0.372564	4	11	-7	26	8	2.067961	2.750000	5	1	206	213	172	1.582389	5.233083	337.048773	0.042424	30100	10.917664	23.770765	256x256	65536	sparse	Meijering	328	5	88	2662	43.715555	0.967237	0.999482	38.512630	0.493383	0.359424	True	0.451188	0.714449	M2_009_y0x256	68	2726	42.807085	0.966306	35.803628	0.999178	0.352425	0.617490	20	22	0.000000	3155	43.104292	0.950369	0.999694	40.649103	0.654203	0.353075	-3.736361	0.078897	-7.914681	-0.045330	0.189441	36.456196	0.999603
M2_009_y0x512.png	0.210935	0.158504	0.273636	0.170069	0.699784	0.996694	28.561150	0.992937	33.466337	1.000000	0.883710	0.719105	30.045574	0.857142	13546	19	147	294	90	2.149883	7.736842	1708	1836	3039.220821	3.267336	0.073152	-0.013314	-11.230273	-0.002841	-0.004959	0.505901	2715.058804	0.475135	19	147	-128	294	90	2.149883	7.736842	24	14	1708	1836	1324	1.655349	3.267336	3039.220821	0.073152	38953	2.875609	4.838033	256x256	65536	dense	Learned	1910	24	93	12692	43.877897	0.980503	0.998885	42.886568	0.453400	0.492498	True	0.837511	0.602258	M2_009_y0x512	91	13099	41.721144	0.971447	39.919107	0.997895	0.494099	0.505150	80	103	0.000000	245	21.126498	0.481597	0.928100	17.459984	0.936708	0.375676	-6.452770	0.378560	-11.675570	-0.114305	0.224249	39.791423	0.999535
M2_009_y256x512.png	0.455959	0.396210	0.567551	0.495114	0.664815	0.989529	28.743778	0.990965	32.674216	1.000000	0.840023	0.401595	30.529508	0.829143	7485	9	29	68	34	2.058480	3.222222	684	704	1136.406204	6.833568	0.039353	-0.001866	-8.033941	-0.007782	-0.004382	0.431986	3768.393278	0.573535	9	29	-20	68	34	2.058480	3.222222	11	0	684	704	582	1.614213	6.833568	1136.406204	0.039353	39164	5.232331	8.755645	256x256	65536	sparse	Otsu	806	11	86	6876	40.265134	0.957574	0.996485	38.088421	0.365055	0.567964	True	0.984258	0.395273	M2_009_y256x512	80	7364	39.455304	0.952776	36.562659	0.995347	0.568014	0.381217	65	27	0.000000	274	22.703031	0.559577	0.904165	18.073505	0.831362	0.462220	-3.888443	0.458807	-8.925797	-0.123633	0.457825	36.777719	0.997311
M2_009_y512x512.png	0.040177	0.000000	0.000000	0.000000	0.000000	0.995969	22.845953	0.999920	27.918221	1.000000	0.173041	1.340103	25.128774	0.747783	1033	4	0	0	6	1.666667	0.000000	24	20	37.798990	3.495243	0.124032						734.415293	0.010910	4	0	4	0	6	1.666667	0.000000	4	0	24	20	18	1.889949	3.495243	37.798990	0.124032	35693	34.552759	63.442401	256x256	65536	sparse	Frangi	144	4	10	1028	34.128965	0.893084	0.999878	25.195740	0.999998	0.011433	True	0.743339	0.996151	M2_009_y512x512																									
M2_010_y0x512.png	0.231659	0.159766	0.275515	0.165803	0.814409	0.998167	34.934625	0.993493	37.270377	1.000000	0.649444	0.772790	36.825111	0.932043	7786	20	79	169	85	2.123045	3.950000	959	1018	2121.669898	3.221973	0.080378	-0.017239	-9.119921	-0.001570	-0.004986	0.528023	2165.104866	0.445464	20	79	-59	169	85	2.123045	3.950000	34	5	959	1018	705	2.084155	3.221973	2121.669898	0.080378	25821	3.316337	8.417159	256x256	65536	sparse	Learned	1089	34	95	6832	47.217728	0.986819	0.998566	44.795765	0.233764	0.472972	True	0.462951	0.357764	M2_010_y0x512	92	7464	47.152647	0.987051	44.147320	0.998479	0.471977	0.226139	77	8	0.067647	278	26.675919	0.664369	0.933215	21.724365	1.000000	0.324647	-6.876944	0.423305	-10.327536	-0.055008	0.248899	44.054546	0.999737
M2_010_y256x512.png	0.094828	0.167393	0.286782	0.335319	0.250519	0.984533	27.470573	0.998046	33.700582	1.000000	0.190948	0.203655	30.260419	0.812089	4541	33	8	14	66	1.821429	0.242424	280	255	409.400686	4.301302	0.067673	-0.304637	-12.270788	-0.013482	-0.001249	0.636134	2097.885370	0.430640	33	8	25	14	66	1.821429	0.242424	37	1	280	255	200	1.605493	4.301302	409.400686	0.067673	34878	7.680687	14.432063	256x256	65536	dense	Meijering	534	37	84	4432	41.518763	0.961574	0.999305	37.876216	0.230470	0.358134	True	0.600542	0.122304	M2_010_y256x512	60	4461	41.229849	0.958734	37.479628	0.999295	0.363866	0.213564	82	8	0.000000	474	28.225187	0.781088	0.977539	20.697982	0.355350	0.313364	-3.779047	-0.022616	-10.969430	-0.146645	0.399465	39.741361	0.998015
M2_010_y512x0.png	0.277727	0.218008	0.357975	0.228457	0.826591	0.996046	31.538624	0.990873	37.409654	1.000000	0.961552	0.761645	37.758418	0.945965	8155	8	142	279	62	2.238222	17.750000	1125	1259	2526.885284	3.506611	0.083142	-0.002284	-13.463524	-0.003531	-0.007315	0.495518	2527.978897	0.485218	8	142	-134	279	62	2.238222	17.750000	13	13	1125	1259	784	2.007057	3.506611	2526.885284	0.083142	23510	2.882894	8.036297	256x256	65536	sparse	Learned	1249	13	97	7382	49.530130	0.990679	0.998503	47.029435	0.497671	0.503078	True	0.868226	0.661280	M2_010_y512x0	94	7796	48.837909	0.989899	45.750623	0.998189	0.504482	0.608352	46	59	0.000000	272	27.741036	0.596861	0.941282	24.098494	0.999985	0.369447	-8.340969	0.353201	-11.079490	-0.043934	0.280011	45.002148	0.999577
M2_010_y512x512.png	0.061101	0.127730	0.226526	0.232520	0.220833	0.988446	27.526234	0.998581	32.395166	1.000000	0.186709	0.259503	29.060884	0.811196	3442	16	8	14	37	1.884892	0.500000	139	131	284.909441	4.058403	0.104804	-0.007354	-10.791410	-0.009970	-0.000732	0.557660	1686.650515	0.422775	16	8	8	14	37	1.884892	0.500000	27	1	139	131	88	2.174881	4.058403	284.909441	0.104804	32745	9.513364	19.040093	256x256	65536	sparse	Meijering	305	27	81	3374	41.723568	0.968682	0.999480	36.355229	0.081488	0.434996	True	0.490844	0.127376	M2_010_y512x512	40	3441	40.183523	0.956611	34.755130	0.999313	0.442340	0.089774	64	0	0.000000	602	28.989556	0.801918	0.989077	21.044647	0.135063	0.519851	-2.359964	0.096935	-11.122639	-0.145416	0.068455	38.317644	0.998416
M2_011_y0x256.png	0.154336	0.088183	0.162075	0.106866	0.335289	0.997480	24.533287	0.998948	31.841728	1.000000	0.269250	0.621387	30.981525	0.875936	3644	17	6	12	34	1.902655	0.352941	226	215	305.208153	4.609548	0.044903	-0.028458	-12.747846	-0.002277	-0.000622	0.444389	1720.994711	0.636114	17	6	11	12	34	1.902655	0.352941	19	0	226	215	180	1.419573	4.609548	305.208153	0.044903	26300	7.217344	17.984632	256x256	65536	dense	Meijering	430	19	87	3486	43.196471	0.971700	0.999712	37.841642	0.308229	0.549259	True	0.836346	0.519695	M2_011_y0x256	67	3636	42.241098	0.967121	35.150893	0.999569	0.555611	0.261199	44	3	0.000000	534	30.005806	0.760108	0.990975	20.907043	0.406708	0.459456	-3.309165	0.008051	-11.259572	-0.091185	0.182794	37.281133	0.999757
M2_011_y256x0.png	0.133863	0.000000	0.000000	0.000000	0.000000	0.989028	23.395829	0.999978	28.030421	1.000000	0.113080	1.753731	25.316406	0.789793	476	0	0	0	0	0	0.000000	0	0	0	0	0						443.966866	0.002178	0	0	0	0	0	0	0.000000	1	0	0	0	0	0	0	0	0	29773	62.548319	137.680672	256x256	65536	sparse	Frangi	53	1									True	0.569008	0.997888	M2_011_y256x0																									
M2_011_y512x0.png	0.396326	0.460973	0.631050	0.481617	0.914926	0.997269	32.825850	0.993434	34.386362	1.000000	0.972676	1.074330	34.388019	0.928069	4551	3	19	45	13	2.081425	6.333333	393	409	642.570635	8.620078	0.023403	-0.017287	-7.204261	-0.002111	-0.003932	0.249469	4836.443663	0.743328	3	19	-16	45	13	2.081425	6.333333	3	1	393	409	335	1.571077	8.620078	642.570635	0.023403	24419	5.365634	14.400352	256x256	65536	sparse	Otsu	603	3	93	4518	46.896668	0.982676	0.998428	42.360386	0.659676	0.731407	True	0.923973	0.992652	M2_011_y512x0	85	4323	45.073641	0.969556	39.667122	0.997366	0.750531	0.785619	16	27	0.000000	468	32.667185	0.751072	0.973522	25.588434	0.986018	0.726575	-5.280760	0.187057	-10.685622	-0.041486	0.413613	40.030111	0.999380
M2_011_y512x512.png	0.205982	0.005470	0.010880	0.763158	0.005479	0.975443	20.370136	0.999996	27.164787	1.000000	0.164730	0.838478	22.935647	0.577756	499	1	0	0	1	1.714286	0.000000	7	6	8.414214	2.459640	0.000000						515.425682	0.002406	1	0	1	0	1	1.714286	0.000000	1	0	7	6	6	1.402369	2.459640	8.414214	0.000000	38364	76.881764	131.334669	256x256	65536	sparse	Frangi	38	1									True	0.668237	0.560302	M2_011_y512x512																									
M2_012_y0x0.png	0.088614	0.255541	0.407062	0.285664	0.707895	0.997945	33.317732	0.997120	35.250403	1.000000	0.265330	2.087920	40.125714	0.956111	1894	6	11	13	14	2.085470	1.833333	117	122	210.965512	4.922428	0.044624	-0.019566	-9.131054	-0.001824	-0.001998	0.754613	1615.874052	0.216158	6	11	-5	13	14	2.085470	1.833333	12	2	117	122	90	1.729226	4.922428	210.965512	0.044624	15148	7.997888	34.601901	256x256	65536	sparse	Meijering	247	12	92	1668	49.033304	0.988957	0.999319	42.835047	0.645930	0.235099	True	0.402499	0.840386	M2_012_y0x0	62	1876	46.146787	0.916505	40.957192	0.999118	0.245387	0.534201	30	17	0.000000	4930	51.358235	0.993143	0.999768	47.544931	0.319432	0.219646	-5.706789	-0.268871	-6.021073	0.039606	0.108180	42.448786	0.999768
M2_012_y0x256.png	0.009980	0.025910	0.050512	0.100788	0.033701	0.972436	28.927666	0.998351	33.264079	1.000000	0.204243	0.084256	29.570622	0.776758	3501	16	6	9	33	1.867550	0.375000	151	141	263.590828	4.595340	0.082335	-0.017478	-9.926447	-0.022020	-0.000528	0.633727	1986.830235	0.296084	16	6	10	9	33	1.867550	0.375000	26	0	151	141	109	1.869438	4.595340	263.590828	0.082335	33912	9.686375	18.719223	256x256	65536	sparse	Meijering	349	26	79	3442	40.826292	0.963249	0.999169	36.008107	0.074451	0.359470	True	0.924342	0.077881	M2_012_y0x256	35	3474	39.417238	0.949391	34.852762	0.998879	0.366273	0.076884	80	0	0.000000	601	28.981862	0.777982	0.985998	22.033445	0.194756	0.386101	-1.588684	0.127359	-9.846616	-0.172633	0.027459	38.854113	0.994456
M2_012_y256x0.png	0.502192	0.264440	0.418272	0.273207	0.891784	0.997274	33.910460	0.994286	37.928375	1.000000	0.965757	0.481371	41.392264	0.976674	4929	4	98	182	25	2.279346	24.500000	673	767	1410.182065	3.646292	0.052822	-0.020964	-11.236232	-0.002312	-0.004687	0.567401	2454.805851	0.414914	4	98	-94	182	25	2.279346	24.500000	7	19	673	767	466	1.838569	3.646292	1410.182065	0.052822	14137	2.868127	13.296003	256x256	65536	sparse	Learned	797	7	100	4702	53.935524	0.996043	0.999382	49.311064	0.332113	0.430209	True	0.896688	0.431640	M2_012_y256x0	94	4471	52.185133	0.995403	46.221367	0.998973	0.432599	0.315487	21	2	0.000000	409	36.551099	0.939343	0.980106	29.399853	0.439168	0.396502	-8.292992	0.650270	-10.792869	-0.018729	0.523156	45.146692	0.999586
M2_012_y256x256.png	0.081967	0.069249	0.129528	0.122723	0.137132	0.993928	31.050983	0.998654	33.123718	1.000000	0.219640	0.121591	29.432823	0.823220	3031	16	4	7	31	1.822222	0.250000	135	123	230.267027	4.855325	0.076676	0.002753	-6.979685	-0.004530	-0.000429	0.627216	1663.718462	0.344074	16	4	12	7	31	1.822222	0.250000	20	0	135	123	97	1.872090	4.855325	230.267027	0.076676	32861	10.841636	21.621907	256x256	65536	sparse	Meijering	263	20	79	2944	41.238664	0.965003	0.999319	35.939072	0.073801	0.373208	True	0.621458	0.075564	M2_012_y256x256	33	3010	39.447804	0.949198	34.150722	0.999083	0.372784	0.067770	57	0	0.075000	644	30.008075	0.836549	0.988126	22.153056	0.113559	0.407251	-1.027004	0.151870	-10.014981	-0.125978	0.079214	38.030668	0.998458
M2_012_y256x512.png	0.036760	0.057391	0.108553	0.133032	0.091682	0.971120	25.466518	0.997583	32.361491	1.000000	0.256483	0.104869	26.886453	0.753385	5314	27	9	16	54	1.881579	0.333333	304	286	495.960461	4.657533	0.060446	-0.028657	-14.027147	-0.025620	-0.001580	0.585809	2674.839735	0.403962	27	9	18	16	54	1.881579	0.333333	33	1	304	286	234	1.734127	4.657533	495.960461	0.060446	35800	6.736921	12.332706	256x256	65536	sparse	Meijering	496	33	83	5150	41.228267	0.972316	0.999323	37.551162	0.090858	0.408680	True	0.914944	0.095949	M2_012_y256x512	55	5283	40.316568	0.966983	36.211304	0.999163	0.414191	0.091658	119	1	0.000000	403	22.736291	0.584752	0.942525	16.389728	0.468000	0.293296	-3.849813	0.164825	-13.430115	-0.213598	0.065417	39.493665	0.996740
M2_012_y512x512.png	0.063548	0.135512	0.238680	0.153553	0.535613	0.998126	33.696199	0.998399	34.659121	1.000000	0.232294	0.290058	31.044244	0.869544	3135	14	2	5	25	1.873016	0.142857	189	177	288.944320	4.861212	0.055138	0.003066	-7.027604	-0.001652	-0.001012	0.550408	2134.283066	0.454051	14	2	12	5	25	1.873016	0.142857	23	0	189	177	159	1.632454	4.861212	288.944320	0.055138	24371	7.773844	20.904625	256x256	65536	sparse	Otsu	353	23	88	3104	45.472777	0.984612	0.999580	40.039581	0.116834	0.447656	True	0.466342	0.135266	M2_012_y512x512	56	3104	43.958435	0.978674	38.138378	0.999411	0.449592	0.112297	68	2	0.000000	648	32.812141	0.874635	0.990173	24.903119	0.199681	0.535660	-3.479256	0.119997	-12.914191	-0.109130	0.060482	40.723804	0.999779
M2_013_y0x256.png	0.225282	0.133156	0.235019	0.260104	0.214347	0.985247	25.228666	0.997767	31.295086	1.000000	0.301423	1.347796	27.884215	0.797643	5883	29	7	16	58	1.895238	0.241379	420	398	592.516811	4.528471	0.047821	-0.130923	-12.507568	-0.013349	-0.001375	0.594071	2360.892773	0.187238	29	7	22	16	58	1.895238	0.241379	31	0	420	398	346	1.488736	4.528471	592.516811	0.047821	35903	6.102839	11.139895	256x256	65536	dense	Meijering	670	31	86	5536	40.805877	0.965732	0.999365	37.546105	0.449775	0.391786	True	0.738980	0.995994	M2_013_y0x256	72	5826	40.266608	0.964657	35.770028	0.999143	0.405929	0.397958	70	21	0.000000	339	22.532420	0.554859	0.960601	15.665503	0.980272	0.236124	-4.474942	-0.096535	-12.382392	-0.167014	0.356205	37.736234	0.998597
M2_013_y0x512.png	0.413871	0.413871	0.585444	0.465024	0.790023	0.994026	31.693888	0.990574	33.912511	1.000000	0.960178	1.230309	31.196808	0.864827	6744	2	32	76	26	2.097720	16.000000	614	644	1160.888960	7.779399	0.052218	-0.038095	-6.773964	-0.004598	-0.004964	0.254767	4747.210026	0.726907	2	32	-30	76	26	2.097720	16.000000	6	1	614	644	512	1.802623	7.779399	1160.888960	0.052218	33006	4.894128	9.717675	256x256	65536	sparse	Otsu	766	6	90	6598	42.904429	0.973649	0.996905	39.961976	0.753239	0.734385	True	0.809623	0.996087	M2_013_y0x512	82	6503	41.734023	0.962979	37.964121	0.995538	0.745233	0.826969	21	42	0.000000	275	22.566107	0.465606	0.895164	17.718607	0.996339	0.606100	-4.051610	0.133209	-10.537215	-0.098152	0.451966	38.467852	0.998624
M2_013_y256x0.png	0.194057	0.230562	0.374727	0.353487	0.398683	0.989041	23.774964	0.997431	31.640480	1.000000	0.341757	1.444566	29.716621	0.850552	5960	20	11	22	45	1.948571	0.550000	350	341	507.374675	5.162362	0.052028	-0.005959	-15.674200	-0.010328	-0.001981	0.775066	4244.209766	0.219193	20	11	9	22	45	1.948571	0.550000	22	0	350	341	283	1.487902	5.162362	507.374675	0.052028	31526	5.289597	10.995973	256x256	65536	dense	Meijering	852	22	90	5288	43.340152	0.973403	0.999543	39.831968	0.966729	0.220073	True	0.692248	0.999998	M2_013_y256x0	83	5919	42.874121	0.973453	38.165479	0.999412	0.224934	0.977210	14	106	0.000000	336	25.259899	0.594408	0.965426	17.727793	1.000000	0.228298	-6.524999	-0.635452	-13.157500	-0.122901	0.200016	39.449164	0.999369
M2_013_y256x256.png	0.152250	0.134346	0.236870	0.254718	0.221360	0.971373	23.745494	0.996077	31.272708	1.000000	0.368716	0.529270	25.162936	0.750199	7766	29	25	48	59	1.984221	0.862069	507	503	875.724963	5.319357	0.063927	-0.038900	-13.610439	-0.025779	-0.002189	0.456570	4218.215942	0.590653	29	25	4	48	59	1.984221	0.862069	37	1	507	503	400	1.741004	5.319357	875.724963	0.063927	40271	5.185552	8.438836	256x256	65536	sparse	Meijering	791	37	84	7292	39.386787	0.964665	0.998656	37.214459	0.276877	0.543613	True	0.772362	0.408788	M2_013_y256x256	72	7646	38.813886	0.962933	35.777695	0.998266	0.543430	0.267953	89	12	0.000000	275	19.356092	0.500203	0.920953	14.406496	0.996785	0.339237	-4.504988	0.100764	-13.650950	-0.212734	0.191150	37.355933	0.997152
M2_013_y512x512.png	0.493604	0.462593	0.632566	0.542630	0.758237	0.985500	29.055273	0.988691	33.262807	1.000000	0.926873	0.974470	30.881136	0.883602	8578	6	59	121	32	2.140770	9.833333	753	806	1382.399638	8.032971	0.049490	-0.010626	-9.966952	-0.011043	-0.006744	0.323094	5334.169865	0.656628	6	59	-53	121	32	2.140770	9.833333	9	6	753	806	600	1.715136	8.032971	1382.399638	0.049490	34478	4.019352	7.640009	256x256	65536	sparse	Otsu	905	9	90	7506	42.631205	0.974990	0.996684	40.008855	0.735875	0.671927	True	0.999943	0.974414	M2_013_y512x512	86	8551	41.930446	0.973757	38.564064	0.995436	0.676906	0.803049	25	60	0.000000	247	21.290048	0.404845	0.855711	17.416557	0.999805	0.617877	-5.301257	0.123824	-11.049310	-0.090155	0.504231	39.022226	0.996543
M2_014_y0x0.png	0.306075	0.283528	0.441794	0.311557	0.759122	0.994239	33.374968	0.993106	36.053564	1.000000	0.564919	0.515562	34.209017	0.869754	5430	13	24	48	40	2.043393	1.846154	507	518	863.381276	5.732059	0.050334	0.086504	-9.226176	-0.005274	-0.004561	0.500852	3725.443125	0.691523	13	24	-11	48	40	2.043393	1.846154	18	2	507	518	419	1.666759	5.732059	863.381276	0.050334	31076	5.723020	12.069245	256x256	65536	sparse	Otsu	689	18	91	5284	44.597507	0.976386	0.997665	41.893152	0.476721	0.497381	True	0.999818	0.515468	M2_014_y0x0	81	5294	44.448121	0.975159	41.694349	0.997667	0.499148	0.503143	73	49	0.000000	404	30.701563	0.779544	0.957528	25.711476	0.716088	0.410362	-5.640785	0.061776	-10.239104	-0.105405	0.219571	42.601144	0.999512
M2_014_y0x256.png	0.099686	0.091736	0.168055	0.131621	0.232380	0.997172	29.409892	0.998604	33.740712	1.000000	0.223421	0.164046	32.994117	0.865590	2689	10	3	4	18	1.847826	0.300000	92	85	149.811183	4.773784	0.086303	0.015380	-8.892458	-0.002520	-0.000663	0.862983	1843.877316	0.387324	10	3	7	4	18	1.847826	0.300000	14	0	92	85	70	1.762485	4.773784	149.811183	0.086303	30036	11.169952	24.371885	256x256	65536	sparse	Meijering	340	14	84	2570	43.051708	0.966226	0.999425	37.826871	0.569574	0.138301	True	0.628423	0.103090	M2_014_y0x256	45	2669	41.814154	0.956231	35.846759	0.999267	0.137017	0.651015	44	54	0.000000	3539	43.579231	0.966173	0.999636	40.663354	0.600483	0.133418	-2.106048	-0.427594	-8.820037	-0.090641	0.084306	38.302349	0.999692
M2_014_y0x512.png	0.069675	0.076005	0.141272	0.162112	0.125180	0.993208	23.205444	0.999352	31.492029	1.000000	0.155686	0.198625	31.900548	0.912259	1809	5	0	0	10	1.767442	0.000000	43	38	63.970563	4.175929	0.067324	-0.022444	-10.811505	-0.005291	-0.000024	0.590211	978.435755	0.382371	5	0	5	0	10	1.767442	0.000000	13	0	43	38	33	1.683436	4.175929	63.970563	0.067324	21737	12.016031	36.227750	256x256	65536	sparse	Meijering	179	13	83	1750	44.269957	0.976511	0.999825	36.212546	0.066758	0.391003	True	0.420158	0.083454	M2_014_y0x512	22	1797	39.205389	0.815714	30.238545	0.999376	0.409789	0.064493	24	0	0.576923	5035	47.059174	0.983745	0.999966	44.345583	0.064493	0.397362	1.253484	0.091193	-7.304842	0.096545	0.092120	34.016948	0.998500
M2_014_y256x0.png	0.484926	0.098968	0.180110	0.283372	0.132006	0.976154	25.932003	0.998022	32.677893	1.000000	0.195819	0.289498	30.592616	0.829568	4764	26	5	9	57	1.818966	0.192308	232	211	343.893175	4.361191	0.061624	-0.037977	-14.292857	-0.020755	-0.001444	0.753438	2880.966425	0.252310	26	5	21	9	57	1.818966	0.192308	29	0	232	211	166	1.629825	4.361191	343.893175	0.061624	32448	6.811083	13.756507	256x256	65536	dense	Meijering	632	29	87	4362	42.885712	0.970106	0.999536	39.087634	0.293195	0.242642	True	0.953777	0.276117	M2_014_y256x0	70	4721	42.456947	0.966371	37.565980	0.999466	0.246562	0.253753	63	11	0.000000	402	26.288821	0.718427	0.969965	17.676131	0.548775	0.234622	-4.888088	-0.057934	-11.864331	-0.136803	0.522904	40.224860	0.996908
M2_014_y256x256.png	0.469550	0.022203	0.043441	0.374302	0.023058	0.952202	16.246931	0.999860	28.205007	1.000000	0.244216	1.121840	21.010538	0.667235	1354	4	2	4	6	1.897436	0.500000	39	37	55.213203	3.556513	0.047720	0.162105	-5.374803	-0.017342	0.000915	0.951607	842.629910	0.035437	4	2	2	4	6	1.897436	0.500000	4	0	39	37	29	1.492249	3.556513	55.213203	0.047720	37579	27.754062	48.401773	256x256	65536	sparse	Frangi	159	4	5	1322	32.509217	0.890134	0.999770	25.165336	0.460638	0.040348	True	0.771557	0.865564	M2_014_y256x256	2	1341	25.016213	0.681064	18.253342	0.998945	0.048393	0.524738	36	27	0.000000								9.951665	-0.280522	-4.005675	-0.013828	0.307445	21.621734	0.969544
M2_014_y256x512.png	0.501877	0.022589	0.044180	0.703325	0.022806	0.924242	16.386884	0.999864	27.823500	1.000000	0.302324	1.050279	20.235304	0.658508	1456	2	0	0	4	1.875000	0.000000	32	30	36.071068	4.477471	0.010844	0.208403	-6.229137	-0.031085	0.000641	0.956452	751.486778	0.034347	2	0	2	0	4	1.875000	0.000000	2	0	32	30	28	1.202369	4.477471	36.071068	0.010844	37553	25.791896	45.010989	256x256	65536	dense	Frangi	232	2	7	1454	32.639460	0.894262	0.999782	24.789867	0.241040	0.047393	True	0.887281	0.931892	M2_014_y256x512	3	1414	25.588287	0.720515	19.195215	0.999223	0.043548	0.335064	62	26	0.000000								8.628285	-0.032740	-5.352984	-0.062007	0.293474	22.616021	0.955327
M2_014_y512x0.png	0.089359	0.061859	0.116510	0.062156	0.928251	0.999678	37.016068	0.993242	38.262963	1.000000	0.951973	1.030977	40.232483	0.966243	6808	7	86	170	40	2.186982	12.285714	845	924	1752.029316	3.341905	0.069530	0.003100	-8.101191	-0.000266	-0.005239	0.610841	3823.903084	0.341668	7	86	-79	170	40	2.186982	12.285714	10	7	845	924	635	1.896136	3.341905	1752.029316	0.069530	19478	2.861046	9.626322	256x256	65536	sparse	Learned	1179	10	98	6302	51.029884	0.992433	0.998848	47.813213	0.271012	0.354098	True	0.479691	0.494551	M2_014_y512x0	94	5990	49.834213	0.990816	46.022370	0.998481	0.389159	0.413949	46	32	0.000000	275	31.711279	0.796797	0.965847	25.381904	0.999989	0.331901	-7.759408	0.538025	-9.601730	-0.024573	0.086258	45.117259	0.999944
M2_014_y512x512.png	0.143274	0.213305	0.351609	0.248813	0.599143	0.996534	32.619903	0.996805	34.436394	1.000000	0.423050	0.300136	31.075538	0.867853	4598	16	19	36	31	2.018018	1.187500	333	336	597.428499	5.114174	0.074147	-0.026919	-8.956249	-0.003025	-0.002166	0.476991	2578.576326	0.491959	16	19	-3	36	31	2.018018	1.187500	20	0	333	336	266	1.778061	5.114174	597.428499	0.074147	28660	6.233145	14.253154	256x256	65536	sparse	Otsu	491	20	90	4340	44.579362	0.980566	0.999102	40.703576	0.167688	0.525745	True	0.595862	0.178840	M2_014_y512x512	72	4497	43.943602	0.979067	39.236207	0.998971	0.523009	0.154254	69	4	0.000000	468	27.838975	0.745436	0.967829	21.249654	0.388598	0.556487	-4.799813	0.268796	-12.868064	-0.111214	0.170193	41.576153	0.999559
M2_015_y0x512.png	0.091615	0.121921	0.217343	0.301068	0.170053	0.983050	24.606103	0.998884	30.489998	1.000000	0.278457	0.190081	25.859285	0.794022	4265	18	10	20	36	1.922330	0.555556	206	198	363.418385	4.962216	0.091001	-0.017204	-11.461663	-0.014504	-0.000497	0.458234	2502.201319	0.593895	18	10	8	20	36	1.922330	0.555556	22	1	206	198	150	1.835446	4.962216	363.418385	0.091001	36768	8.620868	15.366002	256x256	65536	sparse	Meijering	392	22	80	4262	39.905711	0.955007	0.999663	35.441185	0.137754	0.535991	True	0.904472	0.171923	M2_015_y0x512	44	4242	38.399549	0.947144	32.341198	0.999381	0.541766	0.145208	58	5	0.000000	464	23.238107	0.709029	0.974658	15.392269	0.366284	0.515830	-1.851199	0.133250	-12.540264	-0.153122	0.108819	36.067766	0.997553
M2_015_y256x256.png	0.361699	0.011018	0.021797	0.897436	0.011032	0.971321	18.894313	0.999987	24.818919	1.000000	0.228948	0.864239	22.673684	0.747416	647	1	0	0	2	1.818182	0.000000	11	10	12.414214	2.607302	0.032532						572.388649	0.005290	1	0	1	0	2	1.818182	0.000000	1	0	11	10	9	1.241421	2.607302	12.414214	0.032532	32480	50.200927	101.292117	256x256	65536	dense	Frangi	76	1									True	0.790187	0.682911	M2_015_y256x256																									
M2_015_y256x512.png	0.039246	0.064832	0.121769	0.065256	0.908913	0.999137	29.253714	0.991069	36.011769	1.000000	0.484055	0.115542	35.033050	0.910078	8899	29	87	174	96	2.118126	3.000000	982	1040	2173.793697	3.417952	0.083947	0.009005	-13.525426	-0.000770	-0.006707	0.894774	2457.837105	0.106781	29	87	-58	174	96	2.118126	3.000000	57	9	982	1040	712	2.090186	3.417952	2173.793697	0.083947	33515	3.766154	7.364423	256x256	65536	sparse	Learned	1146	57	93	8324	44.785645	0.977677	0.997900	43.590705	0.059830	0.105750	True	0.675888	0.078094	M2_015_y256x512	89	8731	44.506811	0.975906	43.005139	0.997776	0.105226	0.063936	56	1	0.546784	248	23.996568	0.709226	0.907045	18.740323	0.695779	0.195713	-6.993370	0.420119	-9.473761	-0.065828	0.030242	42.779140	0.999907
M2_015_y512x512.png	0.460919	0.312340	0.476005	0.485742	0.466651	0.987928	28.610057	0.996092	33.883499	1.000000	0.631554	0.875134	30.397355	0.876254	4840	13	22	52	35	2.043902	1.692308	410	419	729.156421	6.235034	0.059020	-0.027871	-11.406351	-0.010449	-0.002404	0.502557	3052.795410	0.463226	13	22	-9	52	35	2.043902	1.692308	13	1	410	419	323	1.740230	6.235034	729.156421	0.059020	29469	6.088636	13.540496	256x256	65536	sparse	Otsu	530	13	90	4834	44.082269	0.977978	0.998748	40.411394	0.559568	0.495146	True	0.986656	0.863456	M2_015_y512x512	75	4819	43.281331	0.976751	38.655137	0.998496	0.497443	0.564822	35	32	0.000000	404	26.698904	0.725370	0.958794	20.086164	0.969975	0.457845	-4.771639	0.066732	-12.883976	-0.100496	0.488790	40.016408	0.998376
M2_016_y0x256.png	0.226421	0.159263	0.274765	0.160913	0.939490	0.997253	31.186133	0.989156	37.593920	1.000000	0.972840	0.851170	36.949582	0.953475	8704	7	94	194	54	2.175935	13.428571	989	1076	2138.694660	3.480439	0.073146	0.226421	-16.143976	-0.002604	-0.009590	0.968675	6486.013651	0.397988	7	94	-87	194	54	2.175935	13.428571	10	11	989	1076	741	1.987634	3.480439	2138.694660	0.073146	19051	2.188764	7.529412	256x256	65536	sparse	Learned	1533	10	100	6606	51.943213	0.993306	0.998809	49.217127	0.046173	0.031325	True	0.637598	0.542704	M2_016_y0x256	96	8254	51.488206	0.993597	48.265533	0.998745	0.031325	0.046173	11	0	0.450000	246	25.791281	0.602719	0.934260	21.227634	0.987222	0.285424	-10.671613	0.926667	-14.538623	-0.040123	0.000000	47.330109	0.999857
M2_016_y0x512.png	0.012399	0.056403	0.106783	0.176437	0.076559	0.992145	30.018667	0.999528	33.209524	1.000000	0.154928	0.136027	34.058456	0.900832	2145	9	0	0	18	1.742857	0.000000	70	61	95.254834	4.552635	0.079997	-0.002675	-8.824834	-0.006507	-0.000166	0.609635	1148.197174	0.370115	9	0	9	0	18	1.742857	0.000000	12	0	70	61	52	1.561555	4.552635	95.254834	0.079997	23331	10.876923	30.552914	256x256	65536	dense	Meijering	276	12	85	2112	44.896340	0.977986	0.999857	37.590091	0.078825	0.377839	True	0.632733	0.086069	M2_016_y0x512	34	2132	42.235433	0.962396	33.847966	0.999693	0.390365	0.086550	19	0	0.708333	4396	46.895072	0.982451	0.999956	43.570985	0.071594	0.376035	-0.638442	0.068378	-8.176977	-0.061563	0.015074	38.843500	0.998653
M2_016_y256x256.png	0.048788	0.000000	0.000000	0.000000	0.000000	0.994737	26.773769	0.999970	29.581824	1.000000	0.130642	0.696596	22.200370	0.650727	783	1	0	0	0	1.750000	0.000000	8	7	8.656854	2.236615	0.000000						531.418800	0.005467	1	0	1	0	0	1.750000	0.000000	2	0	8	7	8	1.236693	2.236615	8.656854	0.000000	33453	42.724138	83.698595	256x256	65536	sparse	Frangi	95	2									True	0.749259	0.521931	M2_016_y256x256																									
M2_016_y512x0.png	0.064078	0.000000	0.000000	0.000000	0.000000	0.993356	21.359087	0.999989	28.418730	1.000000	0.130642	2.056936	29.151025	0.870665	457	1	0	0	1	1.600000	0.000000	5	4	7.656854	2.753566	0.102575						491.223812	0.000974	1	0	1	0	1	1.600000	0.000000	1	0	5	4	4	1.914214	2.753566	7.656854	0.102575	27653	60.509847	143.404814	256x256	65536	sparse	Frangi	39	1									True	0.485212	0.998050	M2_016_y512x0																									
M2_016_y512x256.png	0.149008	0.192813	0.323291	0.371280	0.286288	0.980803	28.715665	0.995702	34.798551	1.000000	0.320193	0.189490	29.673401	0.793926	5693	28	22	46	57	1.969388	0.785714	392	386	758.811675	5.476129	0.084950	-0.248241	-12.809872	-0.016813	-0.002764	0.520781	3252.623558	0.487347	28	22	6	46	57	1.969388	0.785714	37	0	392	386	289	1.965833	5.476129	758.811675	0.084950	34385	6.039874	11.511681	256x256	65536	sparse	Otsu	558	37	86	5364	42.384328	0.973877	0.998445	39.686555	0.263601	0.473502	True	0.987613	0.187143	M2_016_y512x256	66	5618	42.094460	0.971799	39.450368	0.998467	0.479219	0.267381	124	32	0.000000	343	24.843403	0.648042	0.935074	19.658212	0.673720	0.300681	-4.651816	0.052812	-12.421059	-0.177873	0.397248	41.525537	0.997616
M2_016_y512x512.png	0.047763	0.000000	0.000000	0.000000	0.000000	0.995174	20.907621	0.999722	30.319830	1.000000	0.251736	2.249863	20.826199	0.668739	1254	4	4	7	4	2.000000	1.000000	36	36	58.526912	4.146366	0.069766						837.885857	0.033686	4	4	0	7	4	2.000000	1.000000	4	0	36	36	25	1.625748	4.146366	58.526912	0.069766	34048	27.151515	52.261563	256x256	65536	sparse	Frangi	156	4	5	1242	32.905167	0.906281	0.998883	26.324798	0.111389	0.054094	True	0.298827	0.672319	M2_016_y512x512																									
M2_017_y256x256.png	0.405089	0.009190	0.018213	0.045007	0.011416	0.962132	18.694609	0.999307	29.476872	1.000000	0.239161	0.362782	19.702672	0.531889	2007	9	0	0	18	1.785714	0.000000	84	75	128.740115	4.495969	0.089417	0.081991	-7.379408	-0.019654	0.002146	0.932773	1118.636847	0.076763	9	0	9	0	18	1.785714	0.000000	9	0	84	75	66	1.716535	4.495969	128.740115	0.089417	40060	19.960140	32.653712	256x256	65536	sparse	Frangi	204	9	6	1964	31.287138	0.891391	0.998028	26.192379	0.220758	0.063529	True	0.978363	0.354932	M2_017_y256x256	5	1924	26.788603	0.726043	23.821410	0.997161	0.067227	0.246830	127	17	0.000000	4679	37.048025	0.951070	0.999630	33.273709	0.182778	0.065278	5.655462	-0.007669	-7.085930	-0.194154	0.323098	26.074017	0.981786
M2_017_y256x512.png	0.473269	0.319653	0.484451	0.436488	0.544255	0.983015	25.161203	0.996132	31.781407	1.000000	0.705261	0.833687	28.583699	0.887187	6134	9	29	64	32	2.085470	3.222222	468	488	848.603266	6.606566	0.045162	-0.024406	-13.217341	-0.014933	-0.002473	0.379246	3631.827116	0.582404	9	29	-20	64	32	2.085470	3.222222	12	2	468	488	372	1.738941	6.606566	848.603266	0.045162	31081	5.067004	10.684056	256x256	65536	sparse	Otsu	620	12	90	5660	43.814202	0.979363	0.999018	39.831361	0.597785	0.619102	True	0.998761	0.832654	M2_017_y256x512	80	5947	42.267351	0.970915	36.991023	0.998605	0.620754	0.612485	25	21	0.000000	329	21.685253	0.426520	0.924486	15.285969	0.953486	0.543218	-5.209616	0.092777	-13.683652	-0.083729	0.497675	38.378544	0.997948
M2_017_y512x256.png	0.258146	0.052070	0.098986	0.083853	0.120783	0.990796	23.129541	0.998158	31.567504	1.000000	0.265942	0.251386	27.086461	0.782076	5023	24	8	18	48	1.885714	0.333333	280	264	392.534055	5.006574	0.060681	-0.062163	-14.284525	-0.008462	-0.001162	0.665432	2580.141783	0.369621	24	8	16	18	48	1.885714	0.333333	24	0	280	264	214	1.486871	5.006574	392.534055	0.060681	36929	7.351981	13.047183	256x256	65536	dense	Meijering	580	24	83	4858	40.670069	0.960203	0.999452	36.930598	0.179689	0.334804	True	0.596132	0.149859	M2_017_y512x256	58	4987	39.833821	0.957156	34.847874	0.999320	0.334568	0.176463	82	9	0.000000	406	23.670878	0.694669	0.962378	16.046672	0.389937	0.307444	-3.280370	0.089479	-12.747360	-0.175081	0.320308	37.414067	0.999258
M2_018_y0x0.png	0.374816	0.072012	0.134350	0.159983	0.115796	0.991663	27.251690	0.999016	31.879901	1.000000	0.232026	0.616292	33.604268	0.905146	2753	13	5	9	31	1.894737	0.384615	152	144	236.066017	4.141493	0.073891	-0.105730	-11.547233	-0.007282	-0.000672	0.691362	1449.839830	0.273664	13	5	8	9	31	1.894737	0.384615	15	1	152	144	112	1.639347	4.141493	236.066017	0.073891	23005	8.356339	23.805303	256x256	65536	dense	Meijering	352	15	89	2714	45.890450	0.980866	0.999835	39.579124	0.310931	0.309701	True	0.831362	0.512362	M2_018_y0x0	58	2746	44.124898	0.976627	35.693462	0.999688	0.308638	0.316139	28	6	0.000000	3299	45.610108	0.972551	0.999881	41.580993	0.286703	0.303810	-3.813562	-0.084112	-10.520629	-0.071481	0.480546	38.798923	0.998945
M2_018_y0x256.png	0.377410	0.418996	0.590552	0.451009	0.855132	0.995991	34.078700	0.991662	35.106087	1.000000	0.999610	1.020243	35.331268	0.939400	5717	1	27	57	14	2.099808	27.000000	521	547	914.896536	8.840711	0.043850	-0.032592	-7.816882	-0.003074	-0.005540	0.234037	4803.241014	0.704038	1	27	-26	57	14	2.099808	27.000000	2	3	521	547	450	1.672571	8.840711	914.896536	0.043850	25310	4.427147	11.463355	256x256	65536	sparse	Otsu	701	2	94	5154	46.990188	0.984209	0.997808	43.244040	0.989508	0.751470	True	0.980159	1.000000	M2_018_y0x256	88	5586	45.777019	0.978542	41.356609	0.997202	0.765963	0.971419	8	32	0.000000	344	25.214419	0.540832	0.918852	19.319634	0.981500	0.658200	-6.250522	0.028192	-10.445751	-0.039142	0.410001	41.895582	0.999065
M2_018_y0x512.png	0.448334	0.491187	0.658786	0.527852	0.876106	0.995759	27.680055	0.996297	34.180935	1.000000	0.736654	1.059057	34.398373	0.947824	4134	5	6	17	16	2.005747	1.200000	348	349	539.558441	7.214122	0.033560	-0.042862	-14.041257	-0.003667	-0.002623	0.192441	3100.311041	0.751252	5	6	-1	17	16	2.005747	1.200000	7	0	348	349	315	1.546013	7.214122	539.558441	0.033560	20076	4.856313	15.852927	256x256	65536	sparse	Otsu	470	7	94	3568	48.563591	0.988604	0.999240	43.274111	0.684579	0.808567	True	0.825978	0.874757	M2_018_y0x512	86	4098	47.228590	0.985074	40.725571	0.998920	0.807559	0.712059	12	15	0.000000	474	30.725251	0.764967	0.977017	22.738523	0.859142	0.716449	-6.544636	0.024595	-12.830217	-0.037250	0.491196	41.721312	0.999427
M2_018_y256x0.png	0.081016	0.154025	0.266935	0.223673	0.330946	0.993222	30.869647	0.997408	32.759246	1.000000	0.286390	0.157495	28.227763	0.809978	5199	21	14	26	45	1.952055	0.666667	292	285	528.905546	4.750084	0.075774	-0.001613	-9.119716	-0.005842	-0.001723	0.569876	2715.424776	0.428426	21	14	7	26	45	1.952055	0.666667	31	0	292	285	221	1.855809	4.750084	528.905546	0.075774	33590	6.460858	12.605501	256x256	65536	sparse	Otsu	488	31	87	5150	42.736110	0.974987	0.999300	38.925343	0.106918	0.417599	True	0.768794	0.121081	M2_018_y256x0	65	5198	41.833525	0.972711	36.935094	0.999131	0.430124	0.110311	77	1	0.000000	404	23.485993	0.660838	0.945655	16.602446	0.312060	0.465633	-4.175848	0.176080	-13.605763	-0.162733	0.082628	39.989363	0.999064
M2_018_y256x256.png	0.429903	0.186516	0.314392	0.444195	0.243296	0.985857	28.312369	0.998357	33.493780	1.000000	0.244216	0.841075	32.409705	0.875601	4117	22	5	12	48	1.875912	0.227273	274	257	409.274601	4.384833	0.056649	-0.010575	-11.693494	-0.012637	-0.001125	0.743582	1973.131895	0.242084	22	5	17	12	48	1.875912	0.227273	26	0	274	257	214	1.592508	4.384833	409.274601	0.056649	32213	7.824387	15.918387	256x256	65536	dense	Meijering	476	26	87	3564	42.856379	0.967059	0.999493	39.122271	0.612049	0.252731	True	0.730972	0.614803	M2_018_y256x256	70	4077	42.766642	0.967423	38.098351	0.999482	0.256418	0.664699	33	57	0.000000	467	30.206704	0.849310	0.987942	22.180354	0.767048	0.242352	-4.604571	-0.420483	-10.356937	-0.091822	0.440478	40.005863	0.998494
M2_018_y512x256.png	0.043335	0.067776	0.126948	0.167172	0.102326	0.983905	26.943332	0.998560	32.125096	1.000000	0.148888	0.107491	30.007865	0.836740	4016	26	2	4	49	1.740541	0.076923	185	161	239.095454	4.551289	0.061456	-0.048323	-11.636722	-0.014120	-0.000860	0.563375	1634.654284	0.436961	26	2	24	4	49	1.740541	0.076923	33	0	185	161	132	1.485065	4.551289	239.095454	0.061456	32253	8.031125	16.318725	256x256	65536	dense	Meijering	399	33	84	3850	42.336139	0.971419	0.999602	37.362173	0.103846	0.439757	True	0.853393	0.091732	M2_018_y512x256	52	3970	41.086250	0.964240	34.912759	0.999421	0.436625	0.113080	52	0	0.712121	530	26.919046	0.751296	0.980239	18.625944	0.413469	0.305698	-2.787663	0.035809	-11.078386	-0.127500	0.091658	38.580054	0.998025
M2_018_y512x512.png	0.349467	0.332502	0.499065	0.384782	0.709914	0.998558	33.394172	0.998611	34.165669	1.000000	0.418914	0.799658	38.899158	0.963063	2008	4	5	12	8	2.017857	1.250000	112	113	181.195959	6.390411	0.062106	-0.035407	-5.660816	-0.000885	-0.000592	0.311413	1586.666584	0.682484	4	5	-1	12	8	2.017857	1.250000	7	0	112	113	92	1.603504	6.390411	181.195959	0.062106	18530	9.228088	32.637450	256x256	65536	sparse	Otsu	238	7	91	1832	48.422344	0.986218	0.999557	41.215662	0.408217	0.706988	True	0.748421	0.598481	M2_018_y512x512	57	1998	45.920143	0.975860	36.442538	0.999203	0.688587	0.407853	15	6	0.000000	4623	49.723514	0.986173	0.999851	46.230671	0.378460	0.694289	-2.276869	0.011062	-7.020985	-0.012797	0.384874	39.054988	0.999444
M2_019_y0x512.png	0.080282	0.016715	0.032881	0.255556	0.017571	0.997534	24.150648	0.999955	27.887841	1.000000	0.130642	1.536194	30.023821	0.858667	717	2	0	0	4	1.600000	0.000000	10	8	13.656854	2.485765	0.081331						550.050735	0.005520	2	0	2	0	4	1.600000	0.000000	2	0	10	8	6	1.707107	2.485765	13.656854	0.081331	33954	47.355649	91.403068	256x256	65536	dense	Frangi	89	2	20	716	37.992713	0.921177	0.999971	27.849612	0.789162	0.006804	True	0.624689	0.959643	M2_019_y0x512																									
M2_019_y256x256.png	0.415696	0.066514	0.124731	0.960843	0.066695	0.974680	22.819351	0.999884	28.871912	1.000000	0.244216	1.113816	29.737819	0.883956	957	2	0	0	4	1.800000	0.000000	20	18	29.313708	4.472517	0.063899						706.887484	0.028855	2	0	2	0	4	1.800000	0.000000	2	0	20	18	16	1.628539	4.472517	29.313708	0.063899	31947	33.382445	68.480669	256x256	65536	sparse	Frangi	140	2	53	952	39.986455	0.944895	0.999931	31.716540	0.976087	0.031380	True	0.891391	0.992845	M2_019_y256x256																									
M2_019_y512x256.png	0.334166	0.219001	0.359313	0.298808	0.450541	0.990392	27.530704	0.995799	33.552925	1.000000	0.750675	0.869728	33.136819	0.899271	6977	11	96	181	47	2.226969	8.727273	749	834	1646.180430	3.489179	0.072256	-0.004645	-11.636103	-0.008450	-0.002959	0.676422	2701.161861	0.323696	11	96	-85	181	47	2.226969	8.727273	20	14	749	834	521	1.973837	3.489179	1646.180430	0.072256	32407	4.644833	9.393149	256x256	65536	sparse	Learned	909	20	92	6266	44.152650	0.974314	0.999030	41.740055	0.859423	0.323203	True	0.876003	0.761885	M2_019_y512x256	87	6749	43.089343	0.971588	39.781719	0.998757	0.323578	0.955990	6	12	0.578571	277	26.370051	0.712620	0.976317	20.491501	0.958414	0.308883	-6.228793	-0.205314	-9.952524	-0.072317	0.338811	39.166807	0.998841
M2_019_y512x512.png	0.474354	0.461191	0.631254	0.718156	0.563113	0.992204	25.778621	0.997806	32.855846	1.000000	0.799110	1.023920	34.060283	0.921994	2584	4	9	26	17	2.048309	2.250000	207	212	370.705627	6.110951	0.057352	0.005541	-10.640632	-0.006217	-0.000870	0.633116	2174.360991	0.372606	4	9	-5	26	17	2.048309	2.250000	4	0	207	212	164	1.748611	6.110951	370.705627	0.057352	30460	11.787926	25.362229	256x256	65536	sparse	Meijering	327	4	87	2494	43.219295	0.966063	0.999124	38.143039	0.902509	0.368715	True	0.956063	0.978932	M2_019_y512x512	64	2556	42.307508	0.962975	35.729969	0.998676	0.366884	0.918894	5	11	0.000000	3658	43.154971	0.954639	0.999560	40.907448	0.693744	0.366708	-2.874123	-0.119784	-8.247225	-0.040981	0.468813	36.419253	0.998420
M2_020_y256x256.png	0.279562	0.360778	0.530253	0.404728	0.768646	0.992197	26.868710	0.989288	31.636673	1.000000	0.862482	1.045736	29.460728	0.810536	7224	6	35	77	30	2.095082	5.833333	610	639	1160.373278	6.928021	0.056008	0.005086	-9.008763	-0.005666	-0.005335	0.484616	4134.217739	0.518608	6	35	-29	77	30	2.095082	5.833333	10	3	610	639	503	1.815921	6.928021	1160.373278	0.056008	38262	5.296512	9.071982	256x256	65536	sparse	Otsu	732	10	86	7042	39.982322	0.953375	0.996469	37.800966	0.725950	0.511633	True	0.949928	0.993373	M2_020_y256x256	79	7001	38.889947	0.946136	35.855332	0.994623	0.515384	0.777204	40	128	0.000000	278	21.847112	0.651935	0.911241	16.414489	0.997779	0.476655	-4.218660	0.085278	-9.429219	-0.135600	0.274476	35.877473	0.997863
M2_020_y256x512.png	0.546842	0.524281	0.687906	0.592427	0.820072	0.988202	27.388007	0.986671	32.361396	1.000000	0.952844	0.558366	29.566194	0.837610	7463	6	38	88	28	2.092754	6.333333	690	722	1254.530144	7.832280	0.047965	-0.000710	-8.627417	-0.008439	-0.006231	0.364341	5662.018299	0.638129	6	38	-32	88	28	2.092754	6.333333	7	5	690	722	574	1.737576	7.832280	1254.530144	0.047965	37774	5.061503	8.781455	256x256	65536	sparse	Otsu	870	7	87	7074	40.643100	0.960776	0.995661	38.058251	0.516951	0.632581	True	1.000000	0.558366	M2_020_y256x512	82	7320	39.418557	0.953856	36.041262	0.992902	0.635659	0.660170	29	41	0.000000	276	23.895014	0.615979	0.899209	19.662253	0.914565	0.580955	-3.679866	0.292673	-9.852363	-0.116246	0.547552	36.015424	0.996640
M2_020_y512x512.png	0.453952	0.453513	0.624024	0.518341	0.783838	0.994213	29.009504	0.992846	32.815321	1.000000	0.943640	0.954012	33.168089	0.897090	5305	4	31	67	17	2.110204	7.750000	490	517	847.788506	7.562317	0.027584	0.020753	-7.015161	-0.004074	-0.003235	0.353728	4094.799042	0.671115	4	31	-27	67	17	2.110204	7.750000	5	2	490	517	406	1.639823	7.562317	847.788506	0.027584	35061	6.609048	12.353629	256x256	65536	sparse	Otsu	640	5	87	4776	41.358207	0.957662	0.997188	37.719782	0.783082	0.638319	True	0.999057	0.953112	M2_020_y512x512	80	5153	40.564275	0.954753	36.058762	0.996081	0.646272	0.922113	8	23	0.000000	407	29.731203	0.802420	0.960344	23.069204	0.998992	0.639931	-3.243441	0.021527	-7.396186	-0.057662	0.433199	36.024666	0.998288
