filename,gt_iou,seg_iou,seg_f1,seg_precision,seg_recall,gt_fg_ssim,gt_fg_psnr,ng_fg_ssim,ng_fg_psnr,ng_iou,ng_topo_q,topo_preservation,ng_psnr,ng_ssim,ng_bytes,graph_n_components,graph_n_cycles,graph_n_junctions,graph_n_endpoints,graph_mean_degree,graph_complexity,n_nodes,n_edges,total_edge_length,mean_width_px,mean_curvature,delta_gt_iou,delta_gt_fg_psnr,delta_gt_fg_ssim,delta_fg_ssim,delta_iou,total_time_ms,self_iou,ng_recon_iou,ng_n_components,ng_n_cycles,ng_euler_characteristic,ng_n_junctions,ng_n_endpoints,ng_mean_degree,ng_graph_complexity,ng_seg_beta_0,ng_seg_beta_1,graph_n_nodes,graph_n_edges,graph_n_sampled,graph_mean_edge_length,graph_mean_width,graph_total_edge_length,graph_mean_curvature,png_bytes,ng_vs_png,ng_vs_raw,image_shape,image_pixels,image_type,segmenter,n_points,n_structures,jpeg_quality,jpeg_bytes,jpeg_psnr,jpeg_ssim,jpeg_fg_psnr,jpeg_fg_ssim,jpeg_iou,jpeg_topo_q,jpeg_beta_0,jpeg_beta_1,jpeg_betti_preservation,webp_quality,webp_bytes,webp_psnr,webp_ssim,webp_fg_ssim,webp_fg_psnr,webp_topo_q,webp_iou,jp2_bytes,jp2_psnr,jp2_ssim,jp2_fg_ssim,jp2_fg_psnr,jp2_topo_q,jp2_iou,delta_fg_psnr,delta_topo_q,delta_psnr,delta_ssim,gt_available,pre_gt_iou,pre_ng_psnr,pre_ng_ssim,pre_ng_fg_psnr,gt_topology_q,recon_topology_q,jpeg_gt_iou,jpeg_gt_fg_psnr,jpeg_gt_fg_ssim,stem
MITO_M2_001_y256x0.png,0.0,0.10793423874195854,0.19483870967741937,0.10802248339294838,0.9924882629107982,0.9994508580163042,39.53279496225381,0.9905195153765822,37.91793097647427,0.013151187684779284,0.534788509212054,0.12076721369429852,37.5175881358906,0.946702891859376,5922,19,0,16,54,1.7912087912087913,0.0,182,163,812.381817718021,5.711723587960758,0.0,0.0,-5.107560303800199,-0.0003676582857325972,-0.00735827010129253,0.001194110525862574,13120.211124420166,0.013151187684779284,0.013151187684779284,19,0,19,16,54,1.7912087912087913,0.0,19,0,182,163,112,4.9839375320123915,5.711723587960758,812.381817718021,0.0,21826,3.685579196217494,11.066531577169876,256x256,65536,sparse,Otsu,958,19,93,5453,49.13531893128657,0.9872804602099182,45.81080781696706,0.9978777854778748,0.01195707715891671,0.03439458374243343,4,0,0.6052631578947368,97,4968,49.6433588722069,0.9872246181190961,0.9983762520984837,47.18314928437942,0.03439458374243343,0.011650485436893204,339,35.210192831487824,0.7962199876228725,0.9710930535045669,29.321750908886912,0.0327838995179941,0.017373530914665303,-7.8928768404927965,0.5003939254696206,-11.617730795395971,-0.04057756835054227,True,0.0,37.539796591124706,0.9484997670055955,37.9319568337979,0.680180978183696,0.08214356154310742,0.0,44.64035526605401,0.9998185163020368,MITO_M2_001_y256x0
MITO_M2_001_y256x256.png,0.0,0.19210002841716398,0.32228843861740164,0.35881104033970274,0.2925140631761142,0.9841088154287513,27.924567281741307,0.9973044386666664,33.61493597827656,0.1989389920424403,0.19881761937698694,0.10501958913594753,31.757736657644948,0.8233000271328758,3775,24,0,4,52,1.4666666666666666,0.0,90,66,272.65180361560914,4.305206337355642,0.0,0.0,-12.57594352524804,-0.01448929593729198,-0.0017820859359870544,0.0002058170622344646,2498.522996902466,0.1989389920424403,0.1989389920424403,24,0,24,4,52,1.4666666666666666,0.0,24,0,90,66,34,4.131087933569834,4.305206337355642,272.65180361560914,0.0,31813,8.427284768211921,17.360529801324503,256x256,65536,dense,Meijering,448,24,58,3762,42.18786431288524,0.9640554130040305,37.29056537187158,0.9990865246026535,0.19873317498020585,0.07183471623096005,11,0,0.7291666666666667,86,3710,42.91785657250641,0.967599718567998,0.9993561554071999,39.39543182403232,0.07132830615871288,0.19910219170847637,537,31.483619685883305,0.8258672148440537,0.9896837156634656,24.486174987575687,0.06993425333972159,0.21766561514195584,-3.675629393595017,0.1269829031460269,-10.430127655240291,-0.14075538587115477,True,0.0,31.76220731930502,0.8234787360112235,33.631788253236394,0.6659162725269465,0.06993425333972159,0.0,40.50051080698935,0.9985981113660433,MITO_M2_001_y256x256
MITO_M2_001_y256x512.png,0.0,0.01284497011318835,0.025364138623807136,0.04958271968581247,0.017040661380124854,0.9865977334073418,28.812271321664458,0.9992245451864046,32.5348211786625,0.29553264604810997,0.15012556731784965,0.09102801870688289,29.608040024475034,0.7797622311182708,2565,15,1,1,30,1.2820512820512822,0.06666666666666667,39,25,119.42640687119285,4.535460829705692,0.0,-0.0013560343528702728,-8.661916791961904,-0.009932063415910464,8.23747175745515e-05,-0.019980480443536786,1575.3285884857178,0.29553264604810997,0.29553264604810997,15,1,14,1,30,1.2820512820512822,0.06666666666666667,15,0,39,25,8,4.7770562748477134,4.535460829705692,119.42640687119285,0.0,33541,13.076413255360624,25.55009746588694,256x256,65536,dense,Meijering,287,15,24,2537,37.99802516187587,0.9237057182184988,31.789628651404946,0.99914217046883,0.31551312649164676,0.046866212922495265,25,0,0.6666666666666667,71,2560,40.13413642528539,0.9496655902489787,0.9995550705426163,34.45899246563898,0.047306019322631454,0.3153664302600473,3558,41.786663805651614,0.9616580734339839,0.9998320095165121,39.2972699482195,0.04803857905636344,0.3141634980988593,0.7451925272575508,0.10325935439535439,-8.389985137400839,-0.14394348710022797,True,0.0,29.611368846959124,0.7797818973067645,32.55857853282424,0.6715377399445649,0.06112874995405171,0.0013560343528702728,37.47418811362636,0.9965297968232523,MITO_M2_001_y256x512
MITO_M2_001_y512x0.png,0.0,0.08061985092193016,0.1492103830096206,0.3172520262446932,0.09754360982556069,0.9736295519272528,29.3858985852679,0.9986253146986618,32.44551946898931,0.2794287919722115,0.19172840365988253,0.07344399720085991,32.932321277295074,0.8483825067435159,2417,14,0,1,29,1.4285714285714286,0.0,49,35,151.5685424949238,4.931279102775863,0.0,0.0,-9.660290252693873,-0.022255738718589768,-0.0005403336033260597,-0.002701659590891581,1799.4158267974854,0.2794287919722115,0.2794287919722115,14,0,14,1,29,1.4285714285714286,0.0,14,0,49,35,19,4.330529785569252,4.931279102775863,151.5685424949238,0.0,30423,12.587091435664046,27.114604882085228,256x256,65536,sparse,Meijering,208,14,32,2373,40.34660807659189,0.9468956429632126,33.15694011078031,0.9991656483019878,0.28213045156310307,0.056140329273157485,9,0,0.8214285714285714,82,2380,42.74923717924921,0.9646557690755925,0.999634258436354,37.36294243088069,0.06032595286737652,0.28213045156310307,3927,44.082556192301354,0.971314897632893,0.9998159803382227,41.951797109679624,0.05404053109323459,0.27865688923195675,-0.7114206417910012,0.13558807438672504,-7.414286799296818,-0.0985131362196967,True,0.0,32.94092546517686,0.8485204150605593,32.47534564354868,0.7929234332995895,0.05823546641575128,0.0,39.04618883796177,0.9958852906458425,MITO_M2_001_y512x0
MITO_M2_001_y512x256.png,0.003958044725905403,0.08997269793993547,0.16509165433223272,0.3778009379885357,0.10562354312354312,0.977591541357344,28.638832267775605,0.9980017844273944,31.939620753766008,0.3809277014770666,0.18061400025583574,0.11163579145077394,29.18475510219787,0.7738241674360733,4441,25,2,5,52,1.4320987654320987,0.08,81,58,256.0660171779822,4.394430129899012,0.0,-0.00551189298859822,-10.722208683055428,-0.018599533003453517,-0.0011602176430287603,0.007960920262862714,2802.5760650634766,0.3809277014770666,0.3809277014770666,25,2,23,5,52,1.4320987654320987,0.08,25,1,81,58,24,4.414931330654865,4.394430129899012,256.0660171779822,0.0,35791,8.059220896194551,14.75703670344517,256x256,65536,dense,Meijering,573,25,56,4409,40.18611758953544,0.952577965457709,35.813818616058725,0.9991620020704232,0.3729667812142039,0.06449301496838222,30,0,0.4,84,4344,40.811180486712395,0.9548975412905933,0.9995201330405206,38.44431967721919,0.08184092162549161,0.37514305333028153,466,28.020870457921404,0.7569404314276622,0.9878881511184566,20.926273810625766,0.8219079175743889,0.15955503009458297,-3.874197862292718,0.11612098528745352,-11.001362487337573,-0.1787537980216357,True,0.003958305845098298,29.183780223824208,0.7738507405534296,31.95845840189557,0.5908439014005729,0.06595932655671599,0.009469937714503622,39.36104095083103,0.9961910743607976,MITO_M2_001_y512x256
MITO_M2_001_y512x512.png,0.2948938852700147,0.2920853356633173,0.45211462060804153,0.3356763315342454,0.6922346850733391,0.9847435889699877,29.909288447811527,0.9890418462439915,35.78610710600265,0.4341348232398816,0.6380502901958347,0.8743213533512617,31.809585934152512,0.8442824417727481,17589,64,23,130,216,1.9016786570743405,0.359375,834,793,3636.953677743248,3.4722150237410143,0.0,0.00485189366833505,-13.662757712982845,-0.014009411286731055,-0.0085776563644957,0.0008037426154307026,3653.48482131958,0.4341348232398816,0.4341348232398816,64,23,41,130,216,1.9016786570743405,0.359375,64,21,834,793,488,4.586322418339561,3.4722150237410143,3636.953677743248,0.0,36150,2.0552618113593724,3.7259650918187504,256x256,65536,dense,Learned,2258,64,94,15451,44.28195945350116,0.9768104506377885,43.68720505064889,0.9976195026084872,0.4333310806244509,0.3734661323154945,143,143,0.0,97,17032,47.228643856292514,0.988444837729055,0.9989116623452375,47.08080320052092,0.3457843107484333,0.4182855963965203,241,24.135975650975535,0.6742912891802577,0.9212406603459588,21.774623745752738,0.99999875950492,0.3544856163253332,-7.901097944646239,0.2645841578803402,-12.472373519348647,-0.13252800886504035,True,0.2940387356418211,31.820878013551933,0.8444062166770708,35.8005604567453,0.5595683454940007,0.4892425531248411,0.29004199160167965,43.57204616079437,0.9987530002567188,MITO_M2_001_y512x512
MITO_M2_002_y0x0.png,0.07553673429190466,0.11727295853472398,0.2099271402550091,0.11879402164576533,0.9015645371577575,0.9992551967981668,35.37229167073984,0.9933633340045256,39.716770219167785,0.39849426595465287,0.8111873452047941,2.3929184767496556,41.34721976108964,0.9568628803276307,7318,20,10,65,88,1.9507389162561577,0.5,406,396,1853.6509370638357,3.3884280445111705,0.0,0.005143929592932556,-9.915602002558842,-0.0006306436770950885,-0.004955294716113112,0.01446479209614393,2840.8946990966797,0.39849426595465287,0.39849426595465287,20,10,10,65,88,1.9507389162561577,0.5,20,9,406,396,253,4.680936709757151,3.3884280445111705,1853.6509370638357,0.0,24518,3.3503689532659195,8.955452309374145,256x256,65536,sparse,Learned,1060,20,94,7050,48.50216370454281,0.986076179718587,46.344598016887275,0.9983186287206387,0.38402947385850894,0.6140638483118253,48,92,0.0,97,5422,48.58016903658964,0.983777934408871,0.9984459908959158,47.203837023662416,0.7027141735917624,0.38471432720633997,275,35.84375056760686,0.8578691921505245,0.9835893427516061,32.328719015875706,0.9999434282039527,0.3615325276420674,-6.62782779771949,0.19712349689296882,-7.154943943453169,-0.029213299390956293,True,0.07572317109290157,41.38379673941513,0.9609507199614895,39.73042800605985,0.3641910430101247,0.871479475885656,0.0703928046989721,45.28789367329868,0.9998858404752619,MITO_M2_002_y0x0
MITO_M2_002_y0x256.png,0.11759940592722609,0.000736196319018405,0.0014713094654242274,0.012096774193548387,0.000783289817232376,0.9956292146473532,27.211376876784676,0.999949584533057,28.179559380235943,0.008469945355191256,0.1349777068892587,2.0590028023272837,23.172324312475965,0.740914338877189,1366,4,0,0,8,1.1111111111111112,0.0,9,5,28.31370849898476,3.041841149550897,0.0,-0.014440108696296,1.976812038672744,0.003526750880629703,0.00014888840530946634,-0.0013413455416715053,992.0480251312256,0.008469945355191256,0.008469945355191256,4,0,4,0,8,1.1111111111111112,0.0,4,0,9,5,1,5.6627416997969515,3.041841149550897,28.31370849898476,0.0,34860,25.519765739385065,47.97657393850659,256x256,65536,dense,Frangi,221,4,3,1310,25.836301944934714,0.6097883993656661,22.119056208110976,0.9998006961277476,0.009811290896862761,0.9976480252863437,8,65,0.0,21,1364,35.86214127863335,0.9304160604312643,0.999954978934075,28.24758796107424,0.6939479213977293,0.012993136689893645,,,,,,,,6.060503172124967,-0.862670318397085,-2.6639776324587494,0.13112593951152296,True,0.11792404891764627,23.17335633397459,0.7408998448910115,28.197668755819777,0.4703053367127408,0.9683600062410099,0.1320395146235221,25.234564838111933,0.9921024637667235,MITO_M2_002_y0x256
MITO_M2_002_y0x512.png,0.005383580080753701,0.020474137931034482,0.04012671594508976,0.026173374003739053,0.08594507269789983,0.9951382456503084,26.92442452564657,0.9971287848784889,31.72000771647649,0.68616775860478,0.43174509537654593,0.8423400850938702,25.559150751450996,0.8178731220841933,7394,27,0,21,75,1.73,0.0,200,173,849.4945160902291,5.808816224233026,0.0,-0.0019626848800387052,-13.216204407596578,-0.004483474538586885,-0.0017316258015160901,0.021919053941567568,5003.390312194824,0.68616775860478,0.68616775860478,27,0,27,21,75,1.73,0.0,27,0,200,173,104,4.9103729253770405,5.808816224233026,849.4945160902291,0.0,37188,5.029483364890452,8.863402758993779,256x256,65536,sparse,Otsu,627,27,77,7255,40.9195650878684,0.975045114421722,36.87653675074528,0.998860410680005,0.6642487046632124,0.1736608528829734,80,1,0.0,88,7034,41.973416482913244,0.9751422065983018,0.9992691380224809,39.52505177789113,0.1845376288127073,0.6653166738474795,279,17.927427785576924,0.5004990616105526,0.8994122757423618,11.847369915081558,0.9999868619768312,0.3180404614612941,-5.1565290342687895,0.25808424249357254,-15.360414336417403,-0.15717199233752877,True,0.0053724928366762174,25.56114833806126,0.8180977937018218,31.799569096380363,0.381778882931896,0.32158765673589595,0.0073462649607924065,40.14062893324315,0.9996217201888953,MITO_M2_002_y0x512
MITO_M2_002_y256x0.png,0.11451306002421727,0.0,0.0,0.0,0.0,0.9956925580904995,29.989159207197496,0.9999802707182579,24.671522382153196,0.0028308563340410475,0.164729788588728,1.5401458930169205,29.989611260421995,0.8574025584858125,556,1,0,0,2,1.6,0.0,5,4,9.242640687119282,2.129117985566457,0.0,,,,,,731.7779064178467,0.0028308563340410475,0.0028308563340410475,1,0,1,0,2,1.6,0.0,1,0,5,4,3,2.3106601717798205,2.129117985566457,9.242640687119282,0.0,30139,54.2068345323741,117.87050359712231,256x256,65536,dense,Frangi,48,1,,,,,,,,,,,,4,540,36.41970883829539,0.9213531225582405,0.9999836779099438,20.897615391511415,0.45897279467116603,0.004053369363283229,,,,,,,,,,,,True,0.11501560513235465,29.995858342461695,0.85759755486647,24.662340198431593,0.5440875782388708,0.8379742490661193,,,,MITO_M2_002_y256x0
MITO_M2_002_y256x256.png,0.14610985216359124,0.00024962556165751375,0.0004991265285749937,0.014285714285714285,0.000254000508001016,0.9939145532664593,28.75779350439946,0.9999966443845927,31.634020527434398,0.004045073678127709,0.03921056084767671,1.496703700066457,25.39093411381517,0.8016798124432599,626,1,0,0,2,1.0,0.0,2,1,1.0,3.25,0.0,,,,,,646.9933986663818,0.004045073678127709,0.004045073678127709,1,0,1,0,2,1.0,0.0,1,0,2,1,0,1.0,3.25,1.0,0.0,33326,53.236421725239616,104.69009584664536,256x256,65536,sparse,Frangi,67,1,,,,,,,,,,,,,,,,,,,,,,,,,,,,,,,True,0.14640869048262445,25.39044206408616,0.8017862959805047,31.64609338014961,0.519053864714222,0.7768698398515702,,,,MITO_M2_002_y256x256
MITO_M2_002_y256x512.png,0.0032176121930567315,0.026375193061660925,0.05139483736543582,0.04316546762589928,0.06350114416475973,0.9959607717942519,28.315474400084884,0.9989713096834759,31.373975974699295,0.46526030578672345,0.2050248673038001,0.2260461191074433,24.62567706891108,0.7574676585126815,5049,36,0,4,76,1.4375,0.0,128,92,432.0904037956219,4.1965097234857875,0.0,-0.00041027067815342655,-10.472020627486291,-0.003605318252910994,-0.0005814590570472067,0.0433711141427634,2470.2534675598145,0.46526030578672345,0.46526030578672345,36,0,36,4,76,1.4375,0.0,36,0,128,92,48,4.696634823865453,4.1965097234857875,432.0904037956219,0.0,38273,7.58031293325411,12.979996038819568,256x256,65536,sparse,Meijering,419,36,48,5013,38.934005242965796,0.9561969097594774,34.24422960459348,0.9995527687405231,0.42188919164396005,0.08084367288723115,107,0,0.01388888888888884,80,4786,39.79185734787743,0.961727414504672,0.9996429504576616,35.72930220090471,0.0751565889223007,0.42208087233075875,391,20.42008911317707,0.6103288644127443,0.9570920798512278,12.811774945600547,0.4714277406038193,0.2568841478541305,-2.870253629894183,0.12418119441656894,-14.308328174054715,-0.19872925124679586,True,0.003048264182895851,24.625401616972155,0.7574510489101037,31.382551645330373,0.38430280323571486,0.08687015723354474,0.003627882871210158,38.787495027571175,0.9995660900471629,MITO_M2_002_y256x512
MITO_M2_002_y512x0.png,0.11621414113212815,0.060382916053019146,0.1138888888888889,0.11105092091007585,0.1168757126567845,0.9954532691648244,29.71829196208214,0.9990460832574584,33.46778056039409,0.24134755582840917,0.16305757651123187,1.03436912195643,32.11203874675245,0.8657418594503432,3393,30,0,1,61,1.2857142857142858,0.0,84,54,269.7228714274747,4.091485262153641,0.0,-0.06760608358697297,-10.023159599119666,-0.003999565817636275,-0.0004758888658600302,0.0336951563472159,1852.1788120269775,0.24134755582840917,0.24134755582840917,30,0,30,1,61,1.2857142857142858,0.0,30,0,84,54,22,4.994867989397677,4.091485262153641,269.7228714274747,0.0,32746,9.651046271735927,19.315060418508693,256x256,65536,sparse,Meijering,295,30,51,3359,41.41688337753379,0.9607249145839317,35.47080164983995,0.9995219721233184,0.20765239948119327,0.5302029779105163,44,32,0.0,84,3210,42.27491589325513,0.9658364783235,0.9996309545306874,37.28531192210065,0.45525738420382655,0.20988144910258957,592,30.594439167934336,0.8425503761572621,0.9901243340594666,21.62428501630693,0.6977563319633308,0.1977165639724538,-2.003021089445859,-0.3671454013992844,-9.304844630781346,-0.09498305513358851,True,0.1374101154148287,32.10949489060246,0.8663380045242731,33.47145777385577,0.43086428800439935,0.4456727152654929,0.18382022471910112,39.741451561201806,0.9994528349824606,MITO_M2_002_y512x0
MITO_M2_002_y512x256.png,0.1404156709392425,0.005775577557755775,0.011484823625922886,0.2023121387283237,0.00591016548463357,0.9927162417143625,28.57810514850938,0.9999353096141372,28.08287077665186,0.017606350498676978,0.24421625854427453,1.156777997584195,24.419515789286628,0.7476417324373751,1038,1,0,0,2,1.5,0.0,4,3,13.82842712474619,4.492546464999517,0.0,,,,,,822.1688270568848,0.017606350498676978,0.017606350498676978,1,0,1,0,2,1.5,0.0,1,0,4,3,2,4.60947570824873,4.492546464999517,13.82842712474619,0.0,35092,33.80732177263969,63.13680154142582,256x256,65536,dense,Frangi,166,1,,,,,,,,,,,,7,1014,34.68497900464591,0.9060342980475954,0.9998931775792196,24.49653166326696,0.28346868942621073,0.01725513664472372,,,,,,,,,,,,True,0.14087203119461184,24.41892528374591,0.7478657192594433,28.085469254995044,0.5720718622710514,0.6617601433121683,,,,MITO_M2_002_y512x256
MITO_M2_002_y512x512.png,0.1834779888967081,0.2664847004740698,0.42082577132486393,0.3016260162601626,0.6957989497374344,0.9955025465753656,31.707518752657847,0.9932191296873749,35.76771375358293,0.4809114769744691,0.7274682069659875,1.588224772129564,32.359010113213564,0.8802679099936357,6791,14,1,27,53,1.8874458874458875,0.07142857142857142,231,218,1027.8914857098991,6.397883231410667,0.0,-0.012539313624627763,-10.752156006183498,-0.0041247829330717245,-0.0044059346980402925,0.0045511194395780885,3911.0987186431885,0.4809114769744691,0.4809114769744691,14,1,13,27,53,1.8874458874458875,0.07142857142857142,14,1,231,218,151,4.715098558302285,6.397883231410667,1027.8914857098991,0.0,32353,4.764099543513474,9.650419673096746,256x256,65536,sparse,Otsu,702,14,86,6724,44.274726691895665,0.9769606385638646,41.40914896183972,0.9976250643854152,0.47636035753489103,0.8141774258537582,27,44,0.0,92,6554,44.39492051805832,0.9767594989779057,0.9976597755135731,41.92851175966784,0.6975985984705002,0.47504101242090463,279,24.31240380893695,0.654285899971085,0.9225098752279391,18.936503896461485,0.9999456464158039,0.4117378797446152,-5.641435208256787,-0.08670921888777072,-11.915716578682101,-0.09669272857022893,True,0.1834772753917699,32.37020626818522,0.8806878643284471,35.80087820364386,0.5902360074891346,0.9374274484970945,0.19601730252133587,42.459674758841345,0.9996273295084374,MITO_M2_002_y512x512
MITO_M2_003_y0x256.png,0.1698934691987031,0.11003641329085116,0.19825730394669402,0.11055218932205328,0.9593253968253969,0.9988987990418182,32.44139046885406,0.9812277467080232,34.799743435477374,0.49290911988102193,0.6388276461148567,1.3113489207546112,29.27159474245178,0.8441427456570568,10416,25,1,29,78,1.8466453674121406,0.04,313,289,1428.182899632299,6.392321215855542,0.0,0.03518589489381335,-8.425084421287735,-0.0009538931828932951,-0.012815595177903205,-0.052567346168360785,13171.417713165283,0.49290911988102193,0.49290911988102193,25,1,24,29,78,1.8466453674121406,0.04,25,1,313,289,206,4.941809341288224,6.392321215855542,1428.182899632299,0.0,34698,3.331221198156682,6.291858678955453,256x256,65536,sparse,Otsu,1399,25,91,10170,42.99810643879873,0.9656999086043757,41.49866198646082,0.9940433418859264,0.5454764660493827,0.3213516461822612,115,67,0.0,93,9822,44.08242574259048,0.9733393903900173,0.995801681397936,42.86991182106143,0.31925245815725833,0.5442831041446293,248,27.350897604504524,0.6768252446366033,0.9217811942974337,24.155543381986078,0.9395939894555263,0.4232421875,-6.698918550983443,0.31747599993259545,-13.72651169634695,-0.12155716294731889,True,0.16984803558191253,29.259170599034366,0.8443142458831641,34.793973563676225,0.41725174762601036,0.5471626289323441,0.13470757430488975,40.866474890141795,0.9998526922247115,MITO_M2_003_y0x256
MITO_M2_003_y0x512.png,0.1451669906343877,0.0033783783783783786,0.006734006734006734,0.0688622754491018,0.003540095428659381,0.9865818652902869,24.184328788430356,0.9998714709819986,26.258850130453443,0.014947606328333675,0.164729788588728,1.561563340167167,22.838317145156154,0.6587394498667911,1436,4,0,0,8,1.2727272727272727,0.0,11,7,34.071067811865476,3.166522450880571,0.0,-0.0124959571048959,-2.505462413591271,-0.0024298308343976283,0.00012274002404388806,-0.01606097736265345,987.0567321777344,0.014947606328333675,0.014947606328333675,4,0,4,0,8,1.2727272727272727,0.0,4,0,11,7,3,4.867295401695068,3.166522450880571,34.071067811865476,0.0,40192,27.988857938718663,45.637883008356546,256x256,65536,dense,Frangi,229,4,4,1377,27.61959530444797,0.6871524889774182,22.20877000033581,0.9997487309579547,0.031008583690987124,0.5036983781796175,35,26,0.0,15,1436,34.26690159343392,0.8603893136525983,0.9999366444444353,28.49660160323714,0.4051580027010734,0.021705079436115462,,,,,,,,4.050080130117632,-0.3389685895908895,-4.781278159291816,-0.028413039110627092,True,0.14450150522401276,22.83750307459481,0.6586714272055271,26.254426028788757,0.5037824009705998,0.7866881287770848,0.1576629477392836,26.689791202021627,0.9890116961246845,MITO_M2_003_y0x512
MITO_M2_003_y256x256.png,0.07639856846863816,0.13261090416525567,0.23416851043473064,0.1337888623163649,0.9377394636015326,0.999339780495838,31.483538626135633,0.9930583619179962,35.703491007429555,0.3585304612131624,0.7641753283201582,1.8648306017119702,33.92810750896618,0.8695244458626795,10609,29,9,73,114,1.9250936329588015,0.3103448275862069,534,514,2441.162697096761,3.1826440998542807,0.0,0.00021093775456584862,-8.922979961933045,-0.0005236442417356768,-0.0046226247623943895,0.00564892788419008,2630.260229110718,0.3585304612131624,0.3585304612131624,29,9,20,73,114,1.9250936329588015,0.3103448275862069,30,8,534,514,347,4.7493437686707445,3.1826440998542807,2441.162697096761,0.0,35893,3.3832594966537846,6.1773965500989725,256x256,65536,sparse,Learned,1310,30,90,9891,42.27675747695692,0.9600922214712239,41.011766265826694,0.9976809866803906,0.3528815333289723,0.5602931652624612,85,153,0.0,92,9294,43.42904011413647,0.9693195355793978,0.9983685088404706,42.588849466827185,0.4665198058694683,0.34863066896295547,243,25.354398845425617,0.6822720063627062,0.957049171794148,22.15958521664735,0.9776292281438344,0.27723540268007596,-5.308275258397138,0.20388216305769702,-8.348649967990738,-0.09056777560854434,True,0.07642736009044658,33.930032695807306,0.8696573237398035,35.71064902804095,0.3934693402873666,0.7337536666033018,0.07618763071407231,40.40651858806868,0.9998634247375737,MITO_M2_003_y256x256
MITO_M2_003_y256x512.png,0.04432443448135317,0.0,0.0,0.0,0.0,0.9952119204788688,25.870040129123552,0.9999551816243366,27.194865260582798,0.03560424512153372,0.14215627376063322,0.8848183157342974,24.358847725758576,0.6609568141950941,1243,3,0,0,6,1.1428571428571428,0.0,7,4,21.65685424949238,3.1217288420313882,0.0,,,,,,790.1792526245117,0.03560424512153372,0.03560424512153372,3,0,3,0,6,1.1428571428571428,0.0,3,0,7,4,1,5.414213562373095,3.1217288420313882,21.65685424949238,0.0,40576,32.64360418342719,52.72405470635559,256x256,65536,dense,Frangi,201,3,,,,,,,,,,,,12,1230,33.82786793795924,0.8421379454410579,0.9999650070743066,28.052038124034855,0.26921528025297436,0.03920454545454546,,,,,,,,,,,,True,0.044102668567936446,24.362193471587194,0.6609523952585717,27.255344022711775,0.5556976589592386,0.4916914666578055,,,,MITO_M2_003_y256x512
MITO_M2_003_y512x0.png,0.1446991950558883,0.0,0.0,0.0,0.0,0.9785139854104464,25.53576679670268,0.9999836341317411,28.556880305381473,0.0012389015073301672,0.164729788588728,1.1477380070372478,25.80922697338019,0.7296364541699827,477,1,0,1,3,1.5,0.0,4,3,8.82842712474619,2.206298796666993,0.0,,,,,,638.6101245880127,0.0012389015073301672,0.0012389015073301672,1,0,1,1,3,1.5,0.0,1,0,4,3,0,2.942809041582063,2.206298796666993,8.82842712474619,0.0,36276,76.0503144654088,137.39203354297695,256x256,65536,sparse,Frangi,33,1,,,,,,,,,,,,,,,,,,,,,,,,,,,,,,,True,0.1434267486899066,25.811787348549437,0.7297220158456452,28.567054114052194,0.6693406761354322,0.7682277336566449,,,,MITO_M2_003_y512x0
MITO_M2_003_y512x256.png,0.08545786281374822,0.13339502908514014,0.235390178467281,0.19157015378773495,0.30520266182698125,0.9955667931376502,26.785733945645735,0.9982080081252916,32.113084390731224,0.2434773587841693,0.21717686117676294,1.1625397617046709,30.477151363620557,0.7726135073790709,4815,33,1,3,68,1.452991452991453,0.030303030303030304,117,85,424.43354954612937,4.251064968196464,0.0,-0.018171434041534207,-11.173397558371153,-0.004075007379086393,-0.0009763263260142985,-0.004950643731026688,2164.881706237793,0.2434773587841693,0.2434773587841693,33,1,32,3,68,1.452991452991453,0.030303030303030304,33,0,117,85,46,4.993335877013285,4.251064968196464,424.43354954612937,0.0,38397,7.974454828660436,13.61079958463136,256x256,65536,dense,Meijering,511,33,62,4743,39.07351000634857,0.933254025598604,35.36580602527667,0.9991843344513059,0.24842800251519598,0.6341940121297024,46,56,0.0,82,4768,39.34963866272562,0.9348531582140694,0.9992736413339376,36.69978367953128,0.5733758447578696,0.256587995818892,403,26.612727260013433,0.7228609504141869,0.9842382920096013,19.258071184699418,0.8088442363252286,0.22210918955578163,-3.252721634545445,-0.41701715095293945,-8.596358642728013,-0.16064051821953318,True,0.08528395061728396,30.471611994996408,0.7726770171666417,32.1145515771869,0.632686092062481,0.7355227387001761,0.10362929685528242,37.95913150401689,0.9996418005167366,MITO_M2_003_y512x256
MITO_M2_004_y0x0.png,0.1751161381539083,0.06445830644583064,0.12111006331671831,0.0647414662249748,0.9364583333333333,0.9978159698528676,27.07547320375439,0.9854896816246135,37.507995237766515,0.3115947099573158,0.9640873855104062,0.662774673196441,34.75475618579227,0.9563808336426194,10246,12,21,84,69,2.0382978723404257,1.75,470,479,2264.19718498217,3.4964583219078014,0.0,0.12068511246926805,-20.691037748657962,-0.0021164299700451306,-0.012802613561339715,-0.1990680590080362,6805.9728145599365,0.3115947099573158,0.3115947099573158,12,21,-9,84,69,2.0382978723404257,1.75,12,19,470,479,317,4.726925229607868,3.4964583219078014,2264.19718498217,0.0,18921,1.8466718719500292,6.396252195978919,256x256,65536,sparse,Learned,1733,12,97,9805,51.43640213627906,0.9927742158331987,48.86322486998505,0.9982922951859532,0.510662768965352,0.47069856187957015,142,328,0.0,100,6502,51.43158152516588,0.991857212952363,0.998136683204252,49.04698062016794,0.533062696320014,0.4816842820153657,248,31.998866436677144,0.6117572864179036,0.9493439618937133,29.814789312168028,0.8244795993830032,0.19707007055528625,-11.355229632218538,0.493388823630836,-16.68164595048679,-0.036393382190579304,True,0.17504542701393094,34.759808404957454,0.9576110658901429,37.51439333562078,0.547665502141123,0.36297882420254757,0.05443102568464025,47.766510952412354,0.9999323998229127,MITO_M2_004_y0x0
MITO_M2_004_y0x512.png,0.005077463871891681,0.04126091757855637,0.07925183185499422,0.10568269478014913,0.06339657565941693,0.988718463303528,29.399325130465176,0.9988777312203001,33.62403541909854,0.3180766263821034,0.13790266475382307,0.09401889355023219,30.507765558945366,0.8197420676582853,3871,31,0,0,62,1.2345679012345678,0.0,81,50,228.82337649086293,4.493872972231343,0.0,-0.23088203620720973,-10.527501253887412,-0.009827716423260857,-0.0004918422730473271,0.05928605451193336,1694.7169303894043,0.3180766263821034,0.3180766263821034,31,0,31,0,62,1.2345679012345678,0.0,31,0,81,50,19,4.576467529817257,4.493872972231343,228.82337649086293,0.0,33756,8.720227331438904,16.929992250064583,256x256,65536,dense,Meijering,368,31,47,3818,40.64888310461271,0.9560250815301257,35.34567804367402,0.9993695734933474,0.25879057187017,0.3001053090984376,63,25,0.0,82,3688,41.5669710950909,0.9626129404320924,0.9995032474747302,36.681024786075895,0.2832949638092719,0.25882584324909036,540,27.953525269630322,0.7761582912294127,0.9835384264685532,20.04505519220805,0.4092047180868026,0.26195937090432503,-1.7216426245754803,-0.1622026443446145,-10.141117545667342,-0.13628301387184039,True,0.005207655253222237,30.51312510637702,0.8196858286443204,33.64824128732146,0.5890018914919416,0.05537730613706626,0.2359595000791014,39.92682638435259,0.9985461797267888,MITO_M2_004_y0x512
MITO_M2_004_y256x0.png,0.1052163604030824,0.025247242297451504,0.04925103186013078,0.025336387059833952,0.8776859504132232,0.9996898196256038,38.26408173263761,0.9814585704203186,37.20533645163203,0.12118813725033754,0.9812441579669658,0.40348435248174847,33.18220744669547,0.9241679393562322,14978,16,30,151,128,2.0364583333333335,1.875,768,782,3624.68159980461,3.3518009002156006,0.0,0.03695782808654283,-8.279110773240511,-0.00026286813082287974,-0.01600083066340552,-0.19439048425562622,7756.712436676025,0.12118813725033754,0.12118813725033754,16,30,-14,151,128,2.0364583333333335,1.875,16,31,768,782,489,4.635142710747609,3.3518009002156006,3624.68159980461,0.0,27906,1.8631325944718922,4.375484043263453,256x256,65536,sparse,Learned,2232,16,96,12662,48.53847925474377,0.9878467817786468,47.47111572203537,0.9974594010837241,0.3155786215059638,0.19096880945183425,146,47,0.0,100,12020,49.704335709693666,0.989954483852426,0.998253972697803,49.29063409022724,0.23697640275059062,0.4080608967307608,247,28.023755681713016,0.7030255719429688,0.9167205973337186,24.887758090701553,0.9798590455087114,0.323711278014056,-10.265779270403343,0.7902753485151316,-15.356271808048298,-0.06367884242241462,True,0.10613697005632967,33.18311221243023,0.9250931079617211,37.2077767596135,0.4831486655083008,0.19494292645503764,0.06825853231653957,46.54319250587812,0.9999526877564267,MITO_M2_004_y256x0
MITO_M2_004_y256x256.png,0.16951475092697083,0.0,0.0,0.0,0.0,0.9840428694170643,23.792887565333146,0.9999780298583218,28.111620417320864,0.010899764907031416,0.05823546641575128,0.9652991876002532,21.344156196042285,0.7522334084262419,707,1,0,0,2,1.0,0.0,2,1,2.8284271247461907,4.5,0.0,,,,,,618.6211109161377,0.010899764907031416,0.010899764907031416,1,0,1,0,2,1.0,0.0,1,0,2,1,0,2.8284271247461907,4.5,2.8284271247461907,0.0,32926,46.57142857142857,92.6958981612447,256x256,65536,dense,Frangi,99,1,,,,,,,,,,,,,,,,,,,,,,,,,,,,,,,True,0.16771640826873385,21.344981088226955,0.7526253058659609,28.075554386652826,0.5731190029373827,0.5532313079337227,,,,MITO_M2_004_y256x256
MITO_M2_004_y256x512.png,0.26475056976449735,0.0,0.0,0.0,0.0,0.9925968309349146,24.84408267000974,0.9999720973575911,27.893189489969057,0.009622215046819503,0.24421625854427453,1.5677801956122606,22.25391016826217,0.787759432154133,897,1,0,0,2,1.6,0.0,5,4,15.485281374238571,3.5500279736518854,0.0,,,,,,820.5890655517578,0.009622215046819503,0.009622215046819503,1,0,1,0,2,1.6,0.0,1,0,5,4,3,3.871320343559643,3.5500279736518854,15.485281374238571,0.0,33376,37.20847268673356,73.0613154960981,256x256,65536,dense,Frangi,144,1,,,,,,,,,,,,6,894,34.96705936157527,0.931761665320175,0.9999201435767543,23.55787903077548,0.13020697679560145,0.05427817565020731,,,,,,,,,,,,True,0.2647562289989222,22.25346965717673,0.7879101942007602,27.884772077918644,0.625188982485425,0.9801589052556298,,,,MITO_M2_004_y256x512
MITO_M2_004_y512x0.png,0.0,0.0,0.0,0.0,0.0,0.9988355884378962,30.97028148867427,0.999910609709598,32.326434612640426,0.5955882352941176,0.1271573675112807,0.12316904537590984,30.730347227665217,0.9078895927935302,1043,5,0,0,10,1.0,0.0,10,5,31.899494936611667,3.6425217775503795,0.0,,,,,,759.4161033630371,0.5955882352941176,0.5955882352941176,5,0,5,0,10,1.0,0.0,5,0,10,5,0,6.379898987322333,3.6425217775503795,31.899494936611667,0.0,25744,24.682646212847555,62.834132310642374,256x256,65536,sparse,Otsu,134,5,,,,,,,,,,,,68,1022,43.35482237883764,0.9665676805131828,0.999940096629115,32.78202288245557,0.03395557242184777,0.4746059544658494,,,,,,,,,,,,True,0.0,30.73549367098137,0.909629833087081,32.32312563124841,0.4113950303216448,0.05067113315711047,,,,MITO_M2_004_y512x0
MITO_M2_004_y512x256.png,0.0772207563764292,0.09052880820836622,0.16602735760295287,0.21666037023044957,0.13457702686847353,0.9865611862619766,27.771228421757176,0.9987043121126546,31.78727795281913,0.5875726104559057,0.22508350203891914,0.2775665074216935,28.112765970385638,0.8297055215105692,4953,32,1,6,68,1.5,0.03125,124,93,425.04877323527944,4.168965508629741,0.0,-0.01626672594911352,-11.606279720827342,-0.01169770252995228,-0.0008163391394790942,0.031319668356423525,2565.7737255096436,0.5875726104559057,0.5875726104559057,32,1,31,6,68,1.5,0.03125,32,1,124,93,50,4.570416916508377,4.168965508629741,425.04877323527944,0.0,35354,7.137896224510397,13.231576822128003,256x256,65536,sparse,Meijering,422,32,64,4874,41.02792101660556,0.9683310130721866,35.65602369013144,0.9995206512521337,0.5562529420994822,0.1394430117293528,57,0,0.109375,86,4712,41.88070964381282,0.9707071153629561,0.9996660136983909,37.84585312373121,0.1416873785953492,0.5551318716237686,408,22.703415847427515,0.7154108778600963,0.9621990133077142,14.183062161105266,0.7481067771212546,0.2890843923101988,-3.8687457373123095,0.08564049030956633,-12.915155046219922,-0.1386254915616174,True,0.07789010989010989,28.117537243147027,0.8298486791690719,31.804559125976837,0.6653876591443089,0.18468932863018206,0.09348748232554271,39.37750814258452,0.9982588887919289,MITO_M2_004_y512x256
MITO_M2_004_y512x512.png,0.02307535225648356,0.18147017743520769,0.3071938351066159,0.18823781927452243,0.8346419224363549,0.9944493306373947,28.603844411553982,0.986760404918048,37.558308906999955,0.03662827895073576,0.7982258064596413,0.2244464729341898,34.344428483827464,0.9220691109871207,16650,33,17,93,129,1.951219512195122,0.5151515151515151,656,640,2956.9271990845687,3.3246909782231686,0.0,0.016337091570023252,-18.057715002868417,-0.0052303805073433685,-0.011267700372569411,0.00583428753442675,9230.726480484009,0.03662827895073576,0.03662827895073576,33,17,16,93,129,1.951219512195122,0.5151515151515151,33,18,656,640,434,4.620198748569656,3.3246909782231686,2956.9271990845687,0.0,29751,1.7868468468468468,3.936096096096096,256x256,65536,dense,Learned,2906,33,96,14029,48.06705993695583,0.9869306390758832,47.3374766483378,0.9980281052906174,0.03079399141630901,0.07070898527879643,18,0,0.2727272727272727,100,13834,49.556735032923996,0.990594702528725,0.9986244125884676,49.27308115821491,0.07070898527879643,0.030740343347639486,249,25.297124550286888,0.756423802923144,0.9143415223847384,21.77181762612493,0.6109315551227636,0.08947772657450077,-9.779167741337844,0.7275168211808448,-13.722631453128365,-0.06486152808876244,True,0.02287114559934654,34.354323523915745,0.9222176011565438,37.568544267676685,0.5267991232730336,0.11823820516345585,0.006738260686460307,46.6615594144224,0.9996797111447381,MITO_M2_004_y512x512
MITO_M2_005_y0x256.png,0.25157427937915744,0.19561729602817451,0.32722393140014405,0.20230675839740997,0.855407255304586,0.996360745852203,27.573632309136826,0.9880094805412358,32.89407362972834,0.42988582533705816,0.9968906243648045,0.9027887970281231,28.343918637783737,0.7968960944500726,19544,12,20,149,139,2.0189349112426034,1.6666666666666667,845,853,3973.82582746939,3.672437946585867,0.0,-0.002070948279846052,-11.470248136677341,-0.0032263638266035732,-0.008686802760967005,0.0009008480387067141,4195.870161056519,0.42988582533705816,0.42988582533705816,12,20,-8,149,139,2.0189349112426034,1.6666666666666667,12,20,845,853,557,4.658646925521002,3.672437946585867,3973.82582746939,0.0,41986,2.1482808022922635,3.3532541956610724,256x256,65536,dense,Learned,2515,12,92,18215,40.22391675354016,0.9669532656247354,39.5691871070059,0.9966962833022028,0.42898497729835144,0.5010078102540512,91,159,0.0,94,18504,44.40963628629077,0.9876193496737162,0.9988539266394266,43.957676505983486,0.5310771735256423,0.4294725294816711,250,19.99793453737788,0.4522755608274339,0.8987859635375582,18.491891551152154,0.9999628296813159,0.3256883322049199,-6.675113477277563,0.4958828141107533,-11.879998115756422,-0.1700571711746628,True,0.25156340089590634,28.347258269438562,0.7969320421592822,32.906847074337556,0.6712639073134359,0.6060095353718943,0.2536452276590035,39.04388044581417,0.9995871096788066,MITO_M2_005_y0x256
MITO_M2_005_y256x256.png,0.20104093839819778,0.005870841487279843,0.011673151750972763,0.0627177700348432,0.006435466571326421,0.9920380953560023,18.97912193337443,0.9999118749983023,27.39285708667127,0.02266266582438408,0.3559635789168587,1.3340983911995952,23.486567001838186,0.7450288374540018,1141,1,0,1,3,1.6666666666666667,0.0,6,5,24.727922061357855,4.720887476489657,0.0,,,,,,896.1958885192871,0.02266266582438408,0.02266266582438408,1,0,1,1,3,1.6666666666666667,0.0,1,0,6,5,2,4.945584412271571,4.720887476489657,24.727922061357855,0.0,37316,32.70464504820333,57.437335670464506,256x256,65536,dense,Frangi,218,1,,,,,,,,,,,,17,1130,34.755178250586404,0.9048408926182766,0.999918012307349,28.087739697317392,0.5015490053353413,0.029154815115806584,,,,,,,,,,,,True,0.20088523062587357,23.489247570809738,0.7459866948111523,27.401877632589645,0.597475775966364,0.797091471497456,,,,MITO_M2_005_y256x256
MITO_M2_005_y256x512.png,0.12496870775546988,0.044797687861271675,0.08575380359612723,0.33879781420765026,0.04908946951702296,0.9932363580263498,19.327584088037185,0.9999049928408731,28.573207626740764,0.01825018801704688,0.2340716616353513,1.3506278558552587,23.233100468841865,0.6611163929541559,1384,3,0,0,6,1.5,0.0,12,9,40.72792206135785,3.5416531387302617,0.0,-0.08244126454369909,-5.652503912194444,-0.004212623036706331,0.00021009087222134681,-0.012890469785612323,984.1573238372803,0.01825018801704688,0.01825018801704688,3,0,3,0,6,1.5,0.0,3,0,12,9,6,4.525324673484206,3.5416531387302617,40.72792206135785,0.0,40025,28.919797687861273,47.35260115606936,256x256,65536,dense,Frangi,235,3,4,1375,27.664362409603036,0.695938254823158,21.795180914771194,0.9996949019686517,0.0311406578026592,0.5800359669204571,29,12,0.0,13,1378,33.987359953911465,0.8782582821403613,0.9999124969105078,27.268469892608096,0.6011620161225113,0.027065420560747663,,,,,,,,6.77802671196957,-0.3459643052851058,-4.431261940761171,-0.034821861869002046,True,0.12500625782227784,23.235615821747707,0.6613199153450906,28.60153169482821,0.6765049377143513,0.9137064135006295,0.20740997229916897,24.98008800023163,0.9974489810630561,MITO_M2_005_y256x512
MITO_M2_005_y512x512.png,0.25964287040130674,0.0,0.0,0.0,0.0,0.984415787676456,20.535913609611782,0.9999836147452286,27.030825269492542,0.002193066830826055,0.11307956328284252,1.1897648970847423,20.373998999085615,0.48512816935463327,585,1,0,0,2,1.0,0.0,2,1,5.414213562373095,3.098712543646495,0.0,,,,,,643.5356140136719,0.002193066830826055,0.002193066830826055,1,0,1,0,2,1.0,0.0,1,0,2,1,0,5.414213562373095,3.098712543646495,5.414213562373095,0.0,43271,73.96752136752137,112.02735042735043,256x256,65536,dense,Frangi,55,1,,,,,,,,,,,,,,,,,,,,,,,,,,,,,,,True,0.2600460521429102,20.372306391767303,0.4850793972607617,26.95056591199055,0.8244795993830032,0.9809368857083883,,,,MITO_M2_005_y512x512
MITO_M2_006_y0x256.png,0.3002574067531419,0.311850050318685,0.4754355122263066,0.3258697747787223,0.8787663948954272,0.9944807885395549,31.346360963309312,0.9898423945728134,34.15184249742025,0.404501855352517,0.692024747744505,0.7931531797539736,29.201082523929646,0.8060831262301285,17972,52,23,107,169,1.9256410256410257,0.4423076923076923,780,751,3504.941484434431,3.3784333518665406,0.0,0.0003826886373814453,-9.49889577971771,-0.004668309453172426,-0.00766844857525617,0.010927141516365257,4349.595308303833,0.404501855352517,0.404501855352517,52,23,29,107,169,1.9256410256410257,0.4423076923076923,53,20,780,751,504,4.6670326024426805,3.3784333518665406,3504.941484434431,0.0,40182,2.2358112619630535,3.6465613176051637,256x256,65536,dense,Learned,2378,53,93,17757,41.74883086271226,0.9729836532600572,41.1136735103064,0.9975108431480696,0.3935747138361517,0.3309989818586877,132,125,0.0,95,17640,45.150760783737276,0.9880750972722018,0.9989467553108082,44.74021621516358,0.3440391261501383,0.3989067280915873,245,20.01683875754751,0.4951354357987853,0.8732681964559016,17.725455656359365,0.9397950076076265,0.22519552905217105,-6.961831012886151,0.36102576588581725,-12.547748338782615,-0.16690052702992875,True,0.3002119499394429,29.209081802539025,0.8064717538438848,34.16808206377719,0.4841813351634059,0.3840299655623798,0.29987471811576044,40.84525674302702,0.9991490979927273,MITO_M2_006_y0x256
MITO_M2_006_y0x512.png,0.13226239207457605,0.0,0.0,0.0,0.0,0.9910827630293138,21.726854530622997,0.9999867045154138,28.742274577866045,0.003006374963778615,0.164729788588728,2.1304296194576438,21.1151883964651,0.5060053180037787,709,1,0,0,2,1.3333333333333333,0.0,3,2,8.82842712474619,3.395021857155694,0.0,,,,,,664.8693084716797,0.003006374963778615,0.003006374963778615,1,0,1,0,2,1.3333333333333333,0.0,1,0,3,2,1,4.414213562373095,3.395021857155694,8.82842712474619,0.0,42461,59.888575458392104,92.43441466854725,256x256,65536,dense,Frangi,82,1,,,,,,,,,,,,,,,,,,,,,,,,,,,,,,,True,0.13250481960892316,21.116539681717995,0.5061704633354226,28.737744150814507,0.46918054943798615,0.9995561393960971,,,,MITO_M2_006_y0x512
MITO_M2_006_y256x256.png,0.1660977758203039,0.16006692693809257,0.2759615384615385,0.1669351230425056,0.7955223880597015,0.9973404436939327,29.010365685076827,0.9914569031219403,34.176754685515334,0.3557068062827225,0.7657493624877647,0.6947665347845662,29.909774270591676,0.8243089397716729,17879,44,17,110,164,1.9297789336801041,0.38636363636363635,769,742,3647.316159477511,3.2243817611918875,0.0,0.004926004848266635,-11.998860830294753,-0.0023843402810784786,-0.0064708849216070785,0.009236679691805638,3279.3681621551514,0.3557068062827225,0.3557068062827225,44,17,27,110,164,1.9297789336801041,0.38636363636363635,44,17,769,742,495,4.915520430562718,3.2243817611918875,3647.316159477511,0.0,40453,2.2625985793388894,3.6655293920241623,256x256,65536,dense,Learned,2350,44,93,17517,41.67635782838089,0.9695841989914878,41.173323661732326,0.9979277880435474,0.34647012659091686,0.3015129985395729,155,120,0.0,94,16784,44.683720345093505,0.9856231248853158,0.9990300533320366,44.256188668018694,0.2892899108884178,0.3496491644351039,250,21.793355936722243,0.5440541240963706,0.9159909743555872,19.546891933845423,0.9195403932504675,0.2525945044899715,-6.996568976216992,0.4642363639481918,-11.766583557789211,-0.145275259219815,True,0.16607074096484956,29.908136245113134,0.8242805994030098,34.196393405778366,0.40881424222182383,0.28403045443903485,0.16117177097203728,41.00922651537158,0.9997247839750112,MITO_M2_006_y256x256
MITO_M2_006_y256x512.png,0.30396966074446596,0.006519677572309151,0.012954893416558708,0.29411764705882354,0.006623314065510597,0.9860959583308431,23.84052469760462,0.9999672348065146,29.20274383827018,0.008015774358095074,0.08606881472877181,1.0478552518092517,24.30405052079624,0.6221077592275172,1109,2,0,0,4,1.0,0.0,4,2,7.414213562373095,4.3703560034434,0.0,,,,,,716.1390781402588,0.008015774358095074,0.008015774358095074,2,0,2,0,4,1.0,0.0,2,0,4,2,0,3.7071067811865475,4.3703560034434,7.414213562373095,0.0,40254,36.297565374211004,59.09467989179441,256x256,65536,dense,Frangi,174,2,,,,,,,,,,,,3,1054,32.2686878357333,0.8346714813709406,0.9999289862201188,24.436065322699605,0.6359266788866715,0.008385650224215247,,,,,,,,,,,,True,0.30395149315294506,24.303283695294233,0.6221228195228342,29.18363917797276,0.9095839364591105,0.9531123047800115,,,,MITO_M2_006_y256x512
MITO_M2_006_y512x256.png,0.3520602691901328,0.43326353574633564,0.6045832115874276,0.45690851735015775,0.8933020846182311,0.9954489116601889,31.036479425630446,0.9838368643780118,33.62541051342741,0.6824764663287473,0.8024308573748564,1.0868843402732378,29.38160930926196,0.8292722822876325,8762,12,1,24,46,1.8981481481481481,0.08333333333333333,216,205,1094.548339959392,8.013413214234571,0.0,0.02173422328354052,-7.0472773518989555,-0.0034473704058285426,-0.008756521888770852,0.05335161604171135,10773.3633518219,0.6824764663287473,0.6824764663287473,12,1,11,24,46,1.8981481481481481,0.08333333333333333,12,1,216,205,146,5.339260194923856,8.013413214234571,1094.548339959392,0.0,37284,4.255192878338279,7.479570874229628,256x256,65536,sparse,Otsu,1049,12,86,8618,40.6918253909858,0.9584592568100546,38.16681950617975,0.9925933862667826,0.6291248502870359,0.605238575123918,38,33,0.0,90,8618,42.012521383752485,0.9684245613269608,0.9953113591970422,40.01615308321138,0.6052884365757444,0.6269651823195325,246,22.74324880403771,0.4993043965486602,0.8965453232387716,19.86159427945622,0.9997141376052026,0.504543443487731,-4.541408992752338,0.19719228225093843,-11.310216081723837,-0.12918697452242212,True,0.35173964931607454,29.39104789717087,0.8302858949487768,33.633014134502375,0.8018537728697318,0.871522308921125,0.33032604590659226,38.0837567775294,0.9988962820660174,MITO_M2_006_y512x256
MITO_M2_006_y512x512.png,0.059985632183908046,0.07182184238639165,0.13401824733573564,0.07352570034491461,0.7560553633217993,0.9987568324202228,30.81534796977693,0.9922020442615,34.61018077504129,0.6309996160245744,0.6329371610260024,1.7077667782167478,32.46563797470517,0.8665715001905833,6633,18,1,21,56,1.8425925925925926,0.05555555555555555,216,199,1004.121933088199,6.194652298657878,0.0,-0.004836440241236965,-7.454017197661706,-0.0011443165252725818,-0.003850035155520626,-0.011085743240687562,4249.709367752075,0.6309996160245744,0.6309996160245744,18,1,17,21,56,1.8425925925925926,0.05555555555555555,18,0,216,199,139,5.045838859739687,6.194652298657878,1004.121933088199,0.0,34697,5.230966380220112,9.88029549223579,256x256,65536,sparse,Otsu,707,18,84,6631,41.758521788941536,0.9627177914188438,38.44586019751952,0.9960520794170207,0.642085359265262,0.41748023154873426,51,28,0.0,90,6518,42.53169500537214,0.9685478824280372,0.9973285357433904,39.983636639296094,0.360751931654811,0.6414312357532638,278,24.33845682415103,0.5167907796969456,0.9233016787823132,19.12010990793449,0.9888166960687383,0.4776258205689278,-3.835679422478229,0.21545692947726813,-9.292883814236369,-0.09614629122826057,True,0.0599640933572711,32.47634170142899,0.8675266397005877,34.64798635829959,0.31954936379541243,0.545715787490103,0.06482207242514501,38.269365167438636,0.9999011489454954,MITO_M2_006_y512x512
MITO_M2_007_y0x0.png,0.000786150908886714,0.1389461289372976,0.24399069527009568,0.1518173045995497,0.6210526315789474,0.9745811447557111,2.86483708147371,0.9951375951816706,33.85195913093998,0.02012608353033885,0.9600449417393461,0.87163477555683,35.29826686487066,0.9595604006860958,1925,1,0,3,5,1.9393939393939394,0.0,33,32,179.46803743153546,10.052351439142525,0.0,-0.1372200230515273,-38.569372878947675,-0.025313161258433525,-0.0033757214653657996,-0.4267253018600894,2664.7326946258545,0.02012608353033885,0.02012608353033885,1,0,1,3,5,1.9393939393939394,0.0,1,0,33,32,25,5.608376169735483,10.052351439142525,179.46803743153546,0.0,20820,10.815584415584416,34.044675324675325,256x256,65536,sparse,Otsu,243,1,82,1803,47.836626453431236,0.9600929386141149,42.92737383085324,0.9985133166470364,0.44685138539042824,0.7146389333418733,10,16,0.0,94,1408,48.62033392083227,0.9767372840682951,0.9987536414777414,43.71354156172846,0.5524647618955876,0.4465293922284955,4983,49.01247099636485,0.9802649469790816,0.9993327209121774,46.47498829524088,0.41315819915505336,0.444,-9.07541469991326,0.24540600839747273,-12.538359588560574,-0.0005325379280191056,True,0.0007861761355431835,0.1986888591843537,0.011818044930182766,1.5586791759371326,0.7723623116161873,0.6732178501341298,0.138006173960414,41.434209960421384,0.9998943060141446,MITO_M2_007_y0x0
MITO_M2_007_y0x256.png,0.2040048968170689,0.020088667220836798,0.03938611978812984,0.9863945578231292,0.020094235033259425,0.9812572174357482,26.178446905551613,0.9999776675533624,35.747429516414414,0.004311988501363996,0.3559635789168587,1.8048363436573704,30.37035657727987,0.7610443977340736,905,1,0,0,2,1.6,0.0,5,4,22.65685424949238,3.2692192407449086,0.0,,,,,,844.6474075317383,0.004311988501363996,0.004311988501363996,1,0,1,0,2,1.6,0.0,1,0,5,4,3,5.664213562373095,3.2692192407449086,22.65685424949238,0.0,34244,37.83867403314917,72.41546961325967,256x256,65536,dense,Frangi,144,1,,,,,,,,,,,,16,894,36.644032926316456,0.8930034483814488,0.9999014185304045,30.429801141389486,0.8446384037549377,0.00696715484146168,,,,,,,,,,,,True,0.2032135281982741,30.375756788548824,0.7611416055127068,35.73872507033317,0.5540668414415569,0.9999999722491676,,,,MITO_M2_007_y0x256
MITO_M2_007_y0x512.png,0.22310228369250562,0.0,0.0,0.0,0.0,0.9800537970159724,25.921743114161956,0.9999839989988277,31.707410713692774,0.002926528726189865,0.11307956328284252,1.8310605341617159,25.758743098308926,0.6672459424672417,582,1,0,0,2,1.0,0.0,2,1,5.414213562373095,3.098712543646495,0.0,,,,,,636.2013816833496,0.002926528726189865,0.002926528726189865,1,0,1,0,2,1.0,0.0,1,0,2,1,0,5.414213562373095,3.098712543646495,5.414213562373095,0.0,38194,65.62542955326461,112.60481099656357,256x256,65536,dense,Frangi,56,1,,,,,,,,,,,,,,,,,,,,,,,,,,,,,,,True,0.22282084271469926,25.763852176058563,0.6672161167422148,31.712559890471418,0.47511880295091313,0.8699712891215741,,,,MITO_M2_007_y0x512
MITO_M2_007_y256x256.png,0.14230093537818717,0.12136570980970372,0.21646053334429058,0.12376074801484753,0.862475442043222,0.9987068454201573,33.76975102751707,0.9891166775384909,37.21955605100022,0.37144061750016216,0.9653687906796219,0.7623354180427478,34.68190280767586,0.8858449196074479,13582,20,20,126,129,2.0,1.0,798,798,3826.8186847944535,3.085748972113042,0.0,0.0018039072507008425,-8.006636482001433,-0.0010478233785889968,-0.007956567812059334,0.006163863549968285,3054.9981594085693,0.37144061750016216,0.37144061750016216,20,20,0,126,129,2.0,1.0,20,19,798,798,543,4.795512136333932,3.085748972113042,3826.8186847944535,0.0,34407,2.5332793403033427,4.825209836548373,256x256,65536,sparse,Learned,1786,20,93,12119,43.86949302142512,0.9715441380799467,43.18559403682627,0.9970732453505502,0.3652767539501939,0.43585999935222264,106,104,0.0,96,13540,46.26617084615284,0.9836445674587124,0.9983860872080244,45.97305816444592,0.3662868935192717,0.36625079974408187,247,27.978153228499774,0.7308944752541661,0.9397779676103619,25.64666347625435,0.845103790115093,0.23422822522372297,-5.966037985826048,0.5295087913273993,-9.18759021374926,-0.08569921847249873,True,0.14208479559897563,34.701255863521524,0.8859514831390701,37.233219958080326,0.5449157567970534,0.41540858125596203,0.14049702812748632,41.7763875095185,0.9997546687987463,MITO_M2_007_y256x256
MITO_M2_007_y256x512.png,0.3471845118640066,0.4432748538011696,0.6142625607779577,0.5621673501439665,0.6769990543238416,0.9876725151002865,27.949560128770464,0.9911907919613835,33.62580602082347,0.4804542737597131,0.5115517448610524,0.7027859644540501,29.293886230797902,0.7707871798903132,6932,23,2,21,65,1.79,0.08695652173913043,200,179,912.4234482783639,5.8729089261085266,0.0,-0.04260629223274648,-10.470197563293482,-0.010012077995738222,-0.004649099041004523,0.015562586639875309,5038.466930389404,0.4804542737597131,0.4804542737597131,23,2,21,21,65,1.79,0.08695652173913043,23,1,200,179,114,5.09733769987912,5.8729089261085266,912.4234482783639,0.0,37769,5.448499711482977,9.454125793421811,256x256,65536,sparse,Otsu,716,23,79,6855,40.19797319090686,0.9473462687897498,38.27120769721191,0.995839891002388,0.4648916871198378,0.4899335592223205,56,43,0.0,85,6216,40.014309938530744,0.9470038127170242,0.9958754438289984,38.28312207519466,0.514289667842887,0.4647760878749472,276,25.820401462140225,0.6733184511516979,0.9483256263800278,21.34688787800034,0.9687790728387691,0.2813420226888728,-4.645401676388445,0.021618185638731857,-10.904086960108955,-0.1765590888994366,True,0.34736593153195766,29.294246050046304,0.7708565890214765,33.6409282291094,0.619748756230766,0.43555072736683687,0.3897908040967531,38.419757692063946,0.9976845930960248,MITO_M2_007_y256x512
MITO_M2_007_y512x0.png,0.08183342649524875,0.09422449269192565,0.1722215017507457,0.09514257056884941,0.907103825136612,0.9990717607919005,29.222914759846606,0.994056885232659,37.02952134734244,0.5361759598688018,0.9201415830213737,0.9234796665686046,38.24117150616463,0.9503575039589335,6052,8,7,35,38,1.9914163090128756,0.875,233,232,1136.577777210915,3.3608830189585515,0.0,0.02039826073780015,-12.091275976246987,-0.0008663132025136244,-0.004400619239874448,0.051265554335950536,4458.355903625488,0.5361759598688018,0.5361759598688018,8,7,1,35,38,1.9914163090128756,0.875,8,8,233,232,160,4.899042143150488,3.3608830189585515,1136.577777210915,0.0,27540,4.550561797752809,10.828816920026437,256x256,65536,sparse,Learned,990,8,92,5765,46.534213198772534,0.9781747149330106,43.61878565334723,0.9984575044725335,0.4849104055328513,0.6083428428769728,38,83,0.0,95,4376,46.74040905003396,0.9774881809633578,0.9988412876747959,45.03241594191607,0.478678783534473,0.4805559893799781,340,39.16874400165456,0.8856299009639508,0.9905039178545916,33.09666530063873,0.9905335375982897,0.4182866435065415,-6.589264306004793,0.3117987401444009,-8.2930416926079,-0.027817210974077078,True,0.0818700369086232,38.26279974252489,0.9523697660278585,37.033670701986104,0.9354296531068316,0.8638502641494823,0.0614351657574486,41.31419073609359,0.9999380739944141,MITO_M2_007_y512x0
MITO_M2_007_y512x256.png,0.31217350873834204,0.0,0.0,0.0,0.0,0.9788555826766556,24.889824361949778,0.9999304935210095,27.297250224328987,0.010786221103227283,0.24042787677503152,1.1235123928809616,25.552573633584213,0.6716799868095131,1258,4,2,2,8,1.8,0.5,20,18,57.62741699796951,2.782232661545277,0.0,-0.04359449228480672,0.17892018034070745,0.0028937619096071066,0.0005152196971809353,-0.0014263248213883112,959.9134922027588,0.010786221103227283,0.010786221103227283,4,2,2,2,8,1.8,0.5,4,2,20,18,10,3.2015231665538626,2.782232661545277,57.62741699796951,0.0,39406,31.324324324324323,52.095389507154216,256x256,65536,sparse,Frangi,152,4,2,1227,25.808919214679953,0.597095772887883,18.41410239849693,0.9994152738238286,0.012212545924615594,0.9980963839169538,5,17,0.0,10,1226,33.66889736787541,0.8594112188714936,0.9999227689811317,26.071895022373155,0.9689865200940039,0.01131848284166165,,,,,,,,8.883147825832058,-0.7576685071419222,-0.25634558109574,0.07458421392163017,True,0.31200787401574803,25.549124913531816,0.6716393297027803,27.268703879008903,0.8203359690106006,0.9216576275094222,0.35576800102314876,24.71090418160907,0.9759618207670485,MITO_M2_007_y512x256
MITO_M2_007_y512x512.png,0.21022697071174187,0.00022634676324128565,0.0004525910839556461,0.008130081300813009,0.00023277467411545624,0.9906405811604275,24.080254081705625,0.9999753771254016,28.96852502581165,0.00665872672152447,0.1219045690794387,1.6328875655097692,24.659109026789324,0.7738340573982854,849,2,0,0,4,1.0,0.0,4,2,11.82842712474619,3.225386713941892,0.0,,,,,,683.1846237182617,0.00665872672152447,0.00665872672152447,2,0,2,0,4,1.0,0.0,2,0,4,2,0,5.914213562373095,3.225386713941892,11.82842712474619,0.0,36488,42.97762073027091,77.19199057714958,256x256,65536,dense,Frangi,119,2,,,,,,,,,,,,6,822,34.81775175427686,0.8919093687193487,0.9999528930495609,24.465131563321627,0.7022993021029357,0.00826002283258344,,,,,,,,,,,,True,0.2106553010122536,24.659213579239903,0.7738033203534109,28.960000787868463,0.5951690531835858,0.9718441463196998,,,,MITO_M2_007_y512x512
MITO_M2_008_y0x0.png,0.15699175059466572,0.0,0.0,0.0,0.0,0.9919819405745421,23.95220111300428,0.9999586531000288,27.068216139649127,0.009540560707813665,0.14785621103378865,1.9498644018532472,20.74962171142252,0.6686465903475624,1118,2,0,0,4,1.2,0.0,5,3,15.656854249492378,3.6514510989189146,0.0,,,,,,790.813684463501,0.009540560707813665,0.009540560707813665,2,0,2,0,4,1.2,0.0,2,0,5,3,1,5.218951416497459,3.6514510989189146,15.656854249492378,0.0,39745,35.55008944543828,58.61896243291592,256x256,65536,dense,Frangi,172,2,,,,,,,,,,,,2,1060,31.792294141435626,0.8661143691136886,0.9999210113569856,24.105740226878773,0.5174620228464231,0.011885357239880467,,,,,,,,,,,,True,0.15622119815668203,20.749634060592392,0.6688110143659046,27.034101610064933,0.5127066076244032,0.9997083628017644,,,,MITO_M2_008_y0x0
MITO_M2_008_y0x512.png,0.03294639808808467,0.05829285218598196,0.1101639344262295,0.05880294014700735,0.8704663212435233,0.9998012089507553,29.68383071368772,0.9953600005330123,38.70779216018009,0.3992132937304327,0.6902531722967792,2.9153976594414854,43.07136809946041,0.9617795254627773,4417,15,6,22,40,1.9138755980861244,0.4,209,200,968.168614282425,3.0687522349790735,0.0,-0.0034069641270217527,-11.527596294338757,-0.00015343555794122832,-0.003043699267754496,-0.04609644078284164,1952.3403644561768,0.3992132937304327,0.3992132937304327,15,6,9,22,40,1.9138755980861244,0.4,15,6,209,200,147,4.840843071412118,3.0687522349790735,968.168614282425,0.0,25082,5.678514829069504,14.837219832465474,256x256,65536,sparse,Learned,679,15,90,4377,46.895870142369944,0.978318095073493,43.30495893757967,0.9984036998007668,0.4453097345132743,0.386632620658074,91,78,0.0,95,3848,47.4533719153677,0.9780628355005796,0.9988008559960451,45.042915374522856,0.3457374629912865,0.4437752808988764,467,41.30177046399985,0.8659405763778566,0.9945446744444247,36.60362958930716,0.8222718245294495,0.44276985743380853,-4.597166777399579,0.30362055163870516,-3.824502042909536,-0.016538569610715648,True,0.027370063107140324,43.140833011047484,0.9670909132484219,38.7326026341398,0.3296799539643608,0.9611481661524741,0.036353362215106426,41.211427008026476,0.9999546445086965,MITO_M2_008_y0x512
MITO_M2_008_y256x0.png,0.18461538461538463,0.0,0.0,0.0,0.0,0.9873401404749204,24.17956330487708,0.9999633587170356,24.62993919362154,0.003986292747744598,0.11307956328284252,1.4221854771906572,22.970205743561824,0.7150758588254981,598,1,0,0,2,1.0,0.0,2,1,5.414213562373095,3.098712543646495,0.0,,,,,,612.8294467926025,0.003986292747744598,0.003986292747744598,1,0,1,0,2,1.0,0.0,1,0,2,1,0,5.414213562373095,3.098712543646495,5.414213562373095,0.0,37874,63.33444816053512,109.59197324414716,256x256,65536,dense,Frangi,55,1,,,,,,,,,,,,,,,,,,,,,,,,,,,,,,,True,0.18461831576273338,22.970297132018548,0.7153371937078062,24.6366823259374,0.6426683400802653,0.9139935799123797,,,,MITO_M2_008_y256x0
MITO_M2_008_y256x256.png,0.2698914684108388,0.0,0.0,0.0,0.0,0.9850202119801456,24.166989210335807,0.9999873744366857,27.472630712930442,0.005550337289727606,0.13064176460119425,0.7973682992837882,22.105201862016234,0.6463051080652397,633,1,0,0,2,1.0,0.0,2,1,6.414213562373095,3.3520608842372894,0.0,,,,,,645.6000804901123,0.005550337289727606,0.005550337289727606,1,0,1,0,2,1.0,0.0,1,0,2,1,0,6.414213562373095,3.3520608842372894,6.414213562373095,0.0,39248,62.003159557661924,103.53238546603475,256x256,65536,dense,Frangi,66,1,,,,,,,,,,,,,,,,,,,,,,,,,,,,,,,True,0.2694602170631783,22.1055376676198,0.6462081734538854,27.46971888745896,0.6313452599768103,0.5034146962085904,,,,MITO_M2_008_y256x256
MITO_M2_008_y256x512.png,0.18375608506277222,0.0,0.0,0.0,0.0,0.9813566527914435,22.032224432067554,0.9999385105573936,26.527798221392807,0.012579710144927536,0.14785621103378865,1.363118432448457,21.85545794097881,0.6534337432854432,1295,3,0,0,6,1.25,0.0,8,5,23.48528137423857,3.2420805990695953,0.0,-0.010423304250204879,-1.6273484995772023,-0.000883581463271943,0.0004726861739944299,0.0035237617514279704,777.4257659912109,0.012579710144927536,0.012579710144927536,3,0,3,0,6,1.25,0.0,3,0,8,5,2,4.697056274847714,3.2420805990695953,23.48528137423857,0.0,39378,30.407722007722008,50.60694980694981,256x256,65536,dense,Frangi,206,3,2,1290,24.999793409701216,0.5834146685187226,16.240733797032497,0.9994658243833991,0.009055948393499566,0.8754100423675584,22,39,0.0,7,1286,32.99569653973923,0.8713941389523364,0.9999238109733062,24.24529543436207,0.3026143118443947,0.024573142593447162,,,,,,,,10.28706442436031,-0.7275538313337697,-3.1443354687224065,0.07001907476672065,True,0.183258150502358,21.853402584846606,0.6533157069026216,26.544690745957578,0.5046546089313777,0.6879039994544287,0.1941793893129771,23.659572931644757,0.9822402342547154,MITO_M2_008_y256x512
MITO_M2_008_y512x0.png,0.18037225042301183,0.0,0.0,0.0,0.0,0.9902601970771856,21.70076465536223,0.999973129763779,28.314545871724665,0.00832363734001611,0.164729788588728,1.6642173064066292,23.312851294082897,0.7165584275585607,730,1,0,0,2,1.3333333333333333,0.0,3,2,9.242640687119286,3.0745034906599256,0.0,,,,,,700.5062103271484,0.00832363734001611,0.00832363734001611,1,0,1,0,2,1.3333333333333333,0.0,1,0,3,2,1,4.621320343559643,3.0745034906599256,9.242640687119286,0.0,36883,50.52465753424657,89.77534246575343,256x256,65536,dense,Frangi,86,1,,,,,,,,,,,,,,,,,,,,,,,,,,,,,,,True,0.17964781578056213,23.312552838937755,0.716736618181045,28.330018021171007,0.47270757595695145,0.7866881287770848,,,,MITO_M2_008_y512x0
MITO_M2_008_y512x256.png,0.2204452806522421,0.1552880299910238,0.26882998171846434,0.158544474393531,0.8831831831831832,0.9975639374508257,32.15130254952016,0.9890153577765938,35.60156506897368,0.3610362052959639,0.8230013021519074,0.8947125361718465,31.8240720215791,0.8830302164745164,13212,31,19,102,128,1.964338781575037,0.6129032258064516,673,661,3032.4368670764425,3.339436679419536,0.0,0.0002631528666494354,-8.959130741185817,-0.0019873239910488394,-0.007635109733839518,-0.010945098261553599,4967.706918716431,0.3610362052959639,0.3610362052959639,31,19,12,102,128,1.964338781575037,0.6129032258064516,31,20,673,661,443,4.587650328406139,3.339436679419536,3032.4368670764425,0.0,36473,2.7605964274901607,4.960339085679685,256x256,65536,sparse,Learned,1720,31,92,12007,42.980641612075026,0.9686240627303265,41.939701468423394,0.9966504675104333,0.3719813035575175,0.4242029361095355,80,91,0.0,94,12816,44.67985674142186,0.9791949768482207,0.9978540907733745,44.00237327646834,0.40409254624753166,0.3733901918976546,248,22.915096543735377,0.6696751034610284,0.9006911978688406,19.036860840075796,0.8833493173688203,0.27429332825735225,-6.338136399449716,0.39879836604237184,-11.156569590495927,-0.08559384625581012,True,0.22036557621401115,31.812158429228074,0.8829943417789222,35.603156989092945,0.6526769665669173,0.5839582640580341,0.22018212778559265,41.11043329070598,0.9995512614418746,MITO_M2_008_y512x256
MITO_M2_008_y512x512.png,0.2661154235572055,0.17513485296676526,0.2980676686162731,0.31780865172087147,0.2806357172731075,0.9894966117403374,27.205709886077884,0.9977313981866271,32.54158367500167,0.2894971734602797,0.2159290881655085,0.6195717537480966,30.370688541982087,0.7988355896964165,6003,43,3,4,87,1.5,0.06976744186046512,160,120,544.6173157302035,4.071595707510612,0.0,-0.03725725772441335,-10.979439120290373,-0.009045959051534491,-0.0014340469002311895,0.008809494377185145,2924.618721008301,0.2894971734602797,0.2894971734602797,43,3,40,4,87,1.5,0.06976744186046512,43,2,160,120,69,4.538477631085024,4.071595707510612,544.6173157302035,0.0,37168,6.1915708812260535,10.91720806263535,256x256,65536,dense,Meijering,702,43,75,5898,40.19464652192472,0.9511743335547572,36.81615464614812,0.9991654450868583,0.28068767908309455,0.3781736091692428,53,16,0.0,85,5508,40.274091078973,0.9502217345499514,0.9992096606578122,37.73730741972901,0.40569174288560006,0.27787422299378395,337,24.760257213307707,0.6907404701190382,0.9638989864956963,17.102751193036337,0.8840139918196448,0.23235187954416542,-4.274570971146453,-0.16224452100373432,-9.82395797994263,-0.15233874385834067,True,0.26595086851425037,30.373429961721733,0.7989838073285175,32.54008013914919,0.547665502141123,0.3393180756289075,0.3033726812816189,38.185149006368256,0.9985425707918719,MITO_M2_008_y512x512
MITO_M2_009_y0x256.png,0.042600896860986545,0.07275132275132275,0.13563501849568435,0.07330889703432189,0.9053497942386831,0.9995038783835067,26.797514720687726,0.9936703629268137,32.26214912870696,0.5356846855143199,0.6596489785024728,3.217934663244966,32.8495812321612,0.8932759518659045,5815,9,1,13,29,1.8558558558558558,0.1111111111111111,111,103,541.6173157302031,5.874326807623613,0.0,0.0020095663673759187,-10.148042564619974,-0.0004629050221176545,-0.0037439530044295344,0.0495333833233319,5865.450143814087,0.5356846855143199,0.5356846855143199,9,1,8,13,29,1.8558558558558558,0.1111111111111111,9,1,111,103,69,5.258420541069931,5.874326807623613,541.6173157302031,0.0,33345,5.734307824591574,11.270163370593293,256x256,65536,dense,Meijering,941,9,85,5385,41.87447554403895,0.9543920550228985,37.24840915475398,0.9974143159312432,0.486151302190988,0.8675654432202919,12,53,0.0,90,4762,42.845298185999496,0.958106386395151,0.9984935641453543,39.52288480873007,0.8415558226661014,0.48317741670769737,339,32.72788929822009,0.7423527203982178,0.978425493363108,25.615747161837273,0.9999498253179439,0.47533632286995514,-4.98626002604702,-0.2079164647178191,-9.024894311877752,-0.061116103156994006,True,0.04214733399945499,32.855562248600265,0.8952177588635746,32.26558007435906,0.302323673928969,0.9728578298555977,0.040591330493610626,36.9455572853077,0.9999667834056244,MITO_M2_009_y0x256
MITO_M2_009_y0x512.png,0.08108948448479572,0.0,0.0,0.0,0.0,0.9911620882563628,21.39065462450736,0.9999443641472181,29.69629324185931,0.00889248181083266,0.1563351834036164,2.0596039431778017,24.341176470068127,0.647642212467834,1253,2,0,0,4,1.3333333333333333,0.0,6,4,17.485281374238568,4.4670427534315325,0.0,-0.0465298551860619,-2.6046381375714276,-0.002251430674068966,0.0004995768008311252,-0.005495268047859082,872.7424144744873,0.00889248181083266,0.00889248181083266,2,0,2,0,4,1.3333333333333333,0.0,2,0,6,4,2,4.371320343559642,4.4670427534315325,17.485281374238568,0.0,40529,32.34557063048683,52.30327214684757,256x256,65536,dense,Frangi,213,2,2,1234,26.191943050563452,0.5986662918827237,19.62534800360077,0.999444787346387,0.014387749858691743,0.9801092404636459,8,20,0.0,11,1240,33.33329832564359,0.852269970991307,0.9998813663110029,25.848792852930394,0.9217620143993516,0.013076079005120702,,,,,,,,10.070945238258538,-0.8237740570600295,-1.8507665804953248,0.048975920585110355,True,0.08112227440977947,24.341527193738564,0.6480472669133224,29.71447592387714,0.4855286367398517,0.9999966947551411,0.12761933967085762,23.995292762078787,0.9934135189304317,MITO_M2_009_y0x512
MITO_M2_009_y256x256.png,0.17535319522728937,0.04866562009419152,0.09281437125748503,0.4484629294755877,0.05176372364850762,0.9918769709762322,20.450263862501327,0.9998511899961581,27.95737875416046,0.020240099553473393,0.2628766256083722,2.48897895456631,22.45045561606662,0.5870048834066043,1354,4,0,1,9,1.5555555555555556,0.0,18,14,64.04163056034263,3.5934261133273444,0.0,-0.011107334170696093,-2.3260078725078834,-0.0012882662221015417,0.0004829389648574045,-0.0013623067905244209,1118.7739372253418,0.020240099553473393,0.020240099553473393,4,0,4,1,9,1.5555555555555556,0.0,4,0,18,14,8,4.574402182881616,3.5934261133273444,64.04163056034263,0.0,42428,31.33530280649926,48.40177252584934,256x256,65536,sparse,Frangi,159,4,2,1308,24.595330703796,0.4823411778852669,21.46748600599933,0.9993682510313007,0.021602406343997814,0.9996828069566895,5,36,0.0,6,1352,31.57450208026129,0.8359881803317161,0.9997807041642176,27.096292596452738,0.5265656079363228,0.027563175995613816,,,,,,,,6.489892748161129,-0.7368061813483173,-2.144875087729382,0.10466370552133736,True,0.17534036012296883,22.452358923699375,0.5870814429399883,27.986122881716852,0.40110360953244006,0.998338442726826,0.18646052939798546,22.77627173500921,0.9931652371983337,MITO_M2_009_y256x256
MITO_M2_009_y256x512.png,0.2452672605790646,0.0011271839188427579,0.002251829611559392,0.03870967741935484,0.0011596443757247777,0.9861634371756576,18.39100540458814,0.9999598973162629,26.300545075989476,0.008253894443152755,0.13064176460119425,1.1961358406971978,24.607526982570015,0.6706819973612569,996,3,0,0,6,1.25,0.0,8,5,20.071067811865476,2.63932012518247,0.0,,,,,,728.3504009246826,0.008253894443152755,0.008253894443152755,3,0,3,0,6,1.25,0.0,3,0,8,5,2,4.0142135623730955,2.63932012518247,20.071067811865476,0.0,41213,41.3785140562249,65.79919678714859,256x256,65536,sparse,Frangi,129,3,,,,,,,,,,,,5,986,32.514895974851676,0.8391254284734541,0.9999668655544305,25.861895546044327,0.6003926053595511,0.008695130726792996,,,,,,,,,,,,True,0.24629030458551823,24.605931064408075,0.67104133815621,26.30714394187912,0.6898717107344898,0.825180278692613,,,,MITO_M2_009_y256x512
MITO_M2_009_y512x0.png,0.027106988645450185,0.029682164433937484,0.05765306122448979,0.029682164433937484,1.0,0.999953377688302,33.42578094770384,0.9835660245652219,33.78907124257538,0.8014606234000904,0.9999999369917395,4.601982304717778,30.794131129787978,0.9141530460005318,7258,1,8,23,10,2.0853658536585367,8.0,164,171,935.2396820942897,7.932567093462225,0.0,0.0025524471417561374,-5.162597566582008,-2.895082448139963e-05,-0.009996828715887252,0.021275738776563413,12527.212619781494,0.8014606234000904,0.8014606234000904,1,8,-7,23,10,2.0853658536585367,8.0,1,8,164,171,131,5.469237906984146,7.932567093462225,935.2396820942897,0.0,32121,4.425599338660788,9.029484706530726,256x256,65536,sparse,Otsu,1168,1,90,7196,43.14764337366559,0.9638939548518964,39.25345452117365,0.9935628532811092,0.780184884623527,0.6500622508888447,34,102,0.0,93,6228,44.96264144933399,0.9705799730763236,0.9970404735318092,42.5697437201002,0.6029274874190889,0.7754275741710297,276,32.020870036852536,0.6686294528459761,0.9484501418531579,26.399226766677565,0.9959941520579095,0.7039188154199643,-5.4643832785982696,0.3499376861028948,-12.35351224387761,-0.04974090885136462,True,0.027115661494160934,30.794404395252442,0.9179682285788852,33.79376258103091,0.21729546175813186,0.9999898699064014,0.024554541503694047,38.58837851428585,0.9999823285127833,MITO_M2_009_y512x0
MITO_M2_009_y512x256.png,0.3363756738863142,0.2592113768584357,0.4117043121149897,0.3264586160108548,0.557202408522464,0.9907577219988416,23.726815476065404,0.9916619924200977,31.130307615113946,0.42934986065471487,0.4303121311599881,0.7607219299024103,25.744350941733245,0.6468932591416913,11147,45,2,37,125,1.7448071216617211,0.044444444444444446,337,294,1387.5138520739874,4.84933649673879,0.0,-0.011558553003280958,-11.067690904193555,-0.007506270984305674,-0.004150133140537138,0.02084362832625325,3857.6226234436035,0.42934986065471487,0.42934986065471487,45,2,43,37,125,1.7448071216617211,0.044444444444444446,45,1,337,294,175,4.7194348709999465,4.84933649673879,1387.5138520739874,0.0,43977,3.9451870458419305,5.879250022427559,256x256,65536,dense,Meijering,1164,45,80,11097,36.2128596279755,0.9311376916920536,35.098154137649495,0.9958121255606348,0.4085062323284616,0.4745384505866558,69,55,0.0,82,10988,37.355955733132326,0.9508711847327845,0.9970599029835046,36.3762008247985,0.46777120600006517,0.40990650487368213,250,19.882250981137638,0.41747952790374115,0.9201798644704211,16.226692891243072,0.8902993514844886,0.29911360011868116,-3.967846522535549,-0.04422631942666766,-10.468508686242252,-0.28424443255036236,True,0.33655165885749444,25.75093026737107,0.6470340600243908,31.161918275400076,0.6448446572471794,0.4905474721483326,0.34793422688959513,34.79450638025896,0.9982639929831473,MITO_M2_009_y512x256
MITO_M2_009_y512x512.png,0.017610619469026548,0.026714964908308807,0.052039691289966925,0.02680599727396638,0.8872180451127819,0.999810343512329,27.439446211714426,0.9932561878437669,33.695237039608806,0.4336336336336336,0.7896957526807966,1.1915812610418635,32.498306518975454,0.8709787954662247,10073,25,14,77,102,1.9550102249488752,0.56,489,478,2186.0134187980975,3.336584662703591,0.0,0.00053087117058042,-9.118024536579092,-0.00015434036677708374,-0.0039360704436330884,0.005235196133633602,2523.681640625,0.4336336336336336,0.4336336336336336,25,14,11,77,102,1.9550102249488752,0.56,25,13,489,478,310,4.573249830121539,3.336584662703591,2186.0134187980975,0.0,37669,3.7396009133326715,6.506105430358383,256x256,65536,sparse,Learned,1173,25,88,9549,40.62602193787257,0.9542067000589636,38.33888019483772,0.9971922582874,0.4283984375,0.5831700453974097,65,105,0.0,91,9724,42.75669053890073,0.9691741286586928,0.9985495210960432,41.18413380231143,0.46964597637050653,0.42887431779810753,248,22.613206700724703,0.42340818254101104,0.9455677199884435,18.76662242348406,0.9965864415566046,0.3223186690339975,-4.643643155228915,0.20652570728338693,-8.127715418897118,-0.08322790459273888,True,0.017632465000886055,32.50700330548409,0.8725361914973303,33.71979825010354,0.6671289163019205,0.7949383153645342,0.017079748298446128,36.55747074829352,0.9999646838791061,MITO_M2_009_y512x512
MITO_M2_010_y0x256.png,0.05404640633842671,0.028854477253053765,0.05609049266149388,0.029083858458555503,0.7853403141361257,0.9997924410088259,31.557794781728887,0.9895217085078342,36.45038067324682,0.36113068671208204,0.9994765138580899,1.998665804432612,36.42282547660453,0.9556332947639283,8440,4,9,60,55,2.0282485875706215,2.25,354,359,1712.3077913133282,3.484896364071911,0.0,0.01137914396827145,-13.495025243485415,-0.00019085514987293717,-0.008672196459549086,-0.02635401120683495,6796.568870544434,0.36113068671208204,0.36113068671208204,4,9,-5,60,55,2.0282485875706215,2.25,4,10,354,359,239,4.769659585830987,3.484896364071911,1712.3077913133282,0.0,16108,1.908530805687204,7.764928909952607,256x256,65536,sparse,Learned,1370,4,96,7555,50.46123457869672,0.9925163716270717,46.09908734851633,0.9981939049673832,0.387484697918917,0.513056823369418,51,113,0.0,100,6782,52.9987772219451,0.9953499833411169,0.9989743350140832,49.17314589808774,0.47159631730766716,0.384992784992785,246,29.218985825758526,0.7687825259805834,0.9528863527831158,25.21500184846229,0.7940249017951165,0.23459958932238192,-9.648706675269509,0.48641969048867184,-14.038409102092189,-0.036883076863143405,True,0.05438496583143508,36.426568126825565,0.9558735558926669,36.459780122561895,0.28346868942621073,0.5665591761834957,0.04266726237015526,45.0528200252143,0.9999832961586989,MITO_M2_010_y0x256
MITO_M2_010_y0x512.png,0.09362829943747296,0.09014132087157255,0.1653754777399029,0.09099175902244956,0.9060554612337295,0.9993233739897638,36.26243150761701,0.9882779390394083,37.8495477652532,0.4680105884748524,0.9248297696943455,1.6537764585907642,37.56321767476866,0.9238440045616269,10935,20,19,110,115,1.9967845659163987,0.95,622,621,2954.721138323911,3.286214054205641,0.0,3.1977008565539644e-05,-6.922133655477097,-0.0005397147217305331,-0.008709806416338117,-0.013696230634988371,2586.8263244628906,0.4680105884748524,0.4680105884748524,20,19,1,110,115,1.9967845659163987,0.95,20,17,622,621,397,4.758005053661707,3.286214054205641,2954.721138323911,0.0,26388,2.4131687242798354,5.993232738911751,256x256,65536,sparse,Learned,1430,20,94,10474,46.26280753125879,0.9839826123391674,44.202000738314226,0.9969877454557464,0.48170681910984076,0.588962064164243,86,188,0.0,97,10894,48.5505062489132,0.9903430417173433,0.9982437148310613,46.956856685692074,0.5859844940413692,0.47248952351389106,245,25.097781885786258,0.6128502325037559,0.881591799322593,22.017368155069022,0.676966743577747,0.22892587455694252,-6.352452973061027,0.3358677055301025,-8.699589856490128,-0.06013860777754054,True,0.09387887996527024,37.57204509730223,0.9233866121259517,37.8526090426402,0.502171679826038,0.8304797022672803,0.09359632242890742,43.184565163094106,0.9998630887114943,MITO_M2_010_y0x512
MITO_M2_010_y256x256.png,0.2157287441420864,0.0,0.0,0.0,0.0,0.9841277486917291,24.054297390454657,0.9999173973332955,26.86930902626421,0.01483467381590706,0.22894841419643375,1.869230442538639,22.216918558868475,0.6147069421852104,1334,2,0,0,4,1.5,0.0,8,6,26.899494936611667,4.296054827173551,0.0,-0.0014108859581536126,-0.919229865286713,0.002612099476455576,0.00037806047695476686,-0.003924677087534072,932.4984550476074,0.01483467381590706,0.01483467381590706,2,0,2,0,4,1.5,0.0,2,0,8,6,4,4.4832491561019445,4.296054827173551,26.899494936611667,0.0,39072,29.28935532233883,49.12743628185907,256x256,65536,dense,Frangi,222,2,2,1309,24.930847101480754,0.5615028847365311,19.68664946058603,0.9995393368563408,0.018759350903441132,0.7966852483527138,20,38,0.0,5,1292,32.77091812247698,0.8672560215734357,0.9998576835854406,24.422352137199795,0.7106157820609493,0.016901695260398107,,,,,,,,7.182659565678183,-0.5677368341562801,-2.7139285426122797,0.05320405744867929,True,0.21579050994290214,22.21716228759771,0.6147491775392635,26.858659418807306,0.5345291859759382,0.9991582268516215,0.21713963010024,24.97352725574137,0.9815156492152736,MITO_M2_010_y256x256
MITO_M2_010_y256x512.png,0.39823008849557523,0.3416470588235294,0.5092949842160645,0.3714314949350251,0.8099062918340026,0.9966145162428046,33.42352834857125,0.9942656786254114,35.65229218131303,0.6390310786106033,0.4452766257612716,0.5421598532315728,33.288980864498406,0.8351705820725853,6936,28,4,20,69,1.7798165137614679,0.14285714285714285,218,194,915.9797974644681,5.0555876491116924,0.0,0.15915270062664658,-6.806456272563707,-0.0024437543038442477,-0.0032062427697239215,0.17247460478140214,3423.788547515869,0.6390310786106033,0.6390310786106033,28,4,24,20,69,1.7798165137614679,0.14285714285714285,28,3,218,194,129,4.721545347754983,5.0555876491116924,915.9797974644681,0.0,35914,5.1779123414071515,9.448673587081892,256x256,65536,dense,Otsu,841,28,82,6936,41.97524695048585,0.9588170236692642,40.199195685629476,0.9974719213951353,0.4665564738292011,0.30578005354153115,149,64,0.0,88,6572,41.793404451337665,0.9590752679280314,0.9973697824146724,39.917678897763544,0.2880083670906226,0.4613701028671482,275,26.41343732840937,0.7112132302333866,0.9459957325431103,20.744704526268634,0.9985065503993361,0.2285350036029045,-4.546903504316447,0.13949657221974043,-8.686266085987441,-0.12364644159667892,True,0.397636925795053,33.30598802762316,0.8353313564263825,35.676387155228156,0.6927212613988687,0.3755656574104006,0.23907738786892865,40.22998462113496,0.9990582705466489,MITO_M2_010_y256x512
MITO_M2_010_y512x0.png,0.20957433209766074,0.1744378408185773,0.2970575959933222,0.1814994262399592,0.8176335439402642,0.9955196603440859,29.090262015185488,0.9866726005943961,36.33931772240167,0.5421847906861531,0.9987620341801708,0.865423423192764,34.08901589155546,0.9315427083058557,11445,6,26,111,74,2.0710479573712255,4.333333333333333,563,583,2668.589103967948,3.4788364787748174,0.0,0.03402495094080296,-16.36862205647001,-0.004223253742443811,-0.01138798373366623,0.010161469589197836,6485.3761196136475,0.5421847906861531,0.5421847906861531,6,26,-20,111,74,2.0710479573712255,4.333333333333333,7,27,563,583,378,4.577339800974195,3.4788364787748174,2668.589103967948,0.0,23214,2.0283093053735257,5.726168632590651,256x256,65536,sparse,Learned,1689,7,96,11307,48.72141485613264,0.9902059275030849,45.99403624621598,0.9980605843280623,0.5320233210969553,0.4739302279569043,112,177,0.0,100,10470,51.408404023024445,0.9941861597863662,0.9989960119248267,49.26094433036202,0.5014634794457651,0.5289628539904376,246,27.664189806090917,0.7061202562956433,0.9157749618127647,23.107586026469114,0.9999974000023064,0.38598197829203357,-9.65471852381431,0.5248318062232665,-14.632398964577177,-0.058663219197229166,True,0.2095353586928772,34.09022443013183,0.9317212007664787,36.34292624174567,0.8065733953996075,0.6980275089029391,0.17554938115685778,45.4588840716555,0.9997429140865297,MITO_M2_010_y512x0
MITO_M2_010_y512x256.png,0.16326633165829146,0.18042271814854174,0.30569170751225366,0.419895575707612,0.24032714690154136,0.9791024483013054,28.387207493641213,0.9969334567794199,33.40968400361696,0.3334588164433067,0.2764867097080249,0.43323086489013474,29.558804716585175,0.7643091308679192,5691,33,1,10,75,1.5844155844155845,0.030303030303030304,154,122,567.6883835420688,4.662733556692981,0.0,-0.02258918164969334,-11.394755091432913,-0.0182032840776305,-0.0018195517318644328,0.011733129923392094,2424.9887466430664,0.3334588164433067,0.3334588164433067,33,1,32,10,75,1.5844155844155845,0.030303030303030304,33,0,154,122,69,4.653183471656297,4.662733556692981,567.6883835420688,0.0,37022,6.505359339307679,11.515726585837287,256x256,65536,dense,Meijering,589,33,68,5629,40.51320036427188,0.9589166971258115,37.19972549529342,0.9987530085112843,0.3217256865199146,0.23916086768870704,69,11,0.0,85,5642,40.806748202129235,0.9598854887763952,0.9988395051027635,38.38869601399449,0.21907231579154052,0.3262681419744216,344,24.322742461243443,0.6399866939004747,0.9542847798769302,17.660841424546824,0.6290420876708445,0.26835978835978835,-3.7900414916764618,0.03732584201931788,-10.954395647686706,-0.19460756625789233,True,0.16343448553054662,29.558160658196346,0.7643235153040114,33.4642524723615,0.6543132366575429,0.28346868942621073,0.1858555133079848,39.781962585074126,0.9973057323789359,MITO_M2_010_y512x256
MITO_M2_010_y512x512.png,0.08966577026507876,0.07346986679185494,0.13688296069534794,0.07541714354556954,0.7399527186761229,0.9987431513053143,28.860909353898244,0.9874105731767678,35.88645536544726,0.3443782060169139,0.6954583344209617,1.5764338896864933,31.49576156250761,0.9128554529744283,14551,38,8,70,132,1.8945518453427066,0.21052631578947367,569,539,2530.618541219474,3.4860241562030794,0.0,-0.004934423078382086,-16.097116343890647,-0.0011035339696090496,-0.010477688847919886,-0.012644910270363352,8149.14083480835,0.3443782060169139,0.3443782060169139,38,8,30,70,132,1.8945518453427066,0.21052631578947367,38,7,569,539,367,4.695025122856176,3.4860241562030794,2530.618541219474,0.0,31797,2.1852106384440932,4.5038828946464164,256x256,65536,dense,Learned,2396,38,95,13518,46.30421046995214,0.9809042000439607,45.47549958187908,0.9978882620246877,0.35702311628727723,0.3894585489870115,88,117,0.0,97,11654,47.21316614370714,0.9842694687651429,0.9984902960975871,47.17895145179412,0.385284515273266,0.3565443640853766,243,26.273016333310025,0.7732972306080249,0.9314961681221161,21.913968069967503,0.8880832513826711,0.21885786691134707,-9.589044216431816,0.30599978543395023,-14.808448907444529,-0.06804874706953246,True,0.08992583436341162,31.491845389981442,0.9129380813290435,35.88456892238426,0.31841433380615214,0.5019591467739659,0.09460019334346084,44.95802569778889,0.9998466852749234,MITO_M2_010_y512x512
MITO_M2_011_y0x256.png,0.04396190788933585,0.0374331550802139,0.07216494845360825,0.11642411642411643,0.05228758169934641,0.9966295335239858,19.72906980217634,0.9998487240161579,28.283931477751594,0.019743863393810034,0.17469313150831756,1.4299484197407497,23.73180573502919,0.776419199120961,1158,5,0,1,11,1.2857142857142858,0.0,14,9,47.55634918610404,3.6568405006613056,0.0,,,,,,834.5870971679688,0.019743863393810034,0.019743863393810034,5,0,5,1,11,1.2857142857142858,0.0,5,0,14,9,2,5.284038798456005,3.6568405006613056,47.55634918610404,0.0,25737,22.22538860103627,56.59412780656304,256x256,65536,sparse,Frangi,142,5,,,,,,,,,,,,26,1152,36.410543984740926,0.9296088796470808,0.999874524581541,28.022816273677073,0.9976184410863831,0.02310944556548477,,,,,,,,,,,,True,0.04392224409448819,23.73090745149863,0.7778256870610314,28.287120224908687,0.6967911185717297,0.9963753588910342,,,,MITO_M2_011_y0x256
MITO_M2_011_y256x0.png,0.12292358803986711,0.008710311885361057,0.01727019498607242,0.10437710437710437,0.009413908290312785,0.9883734347504025,19.785621434238642,0.9999470962987916,29.303162749507656,0.011086640038821904,0.18670929828965577,1.6703157043220749,23.940323598929602,0.7332713085990226,1031,3,0,0,6,1.3333333333333333,0.0,9,6,30.48528137423857,3.45321301928273,0.0,,,,,,786.3631248474121,0.011086640038821904,0.011086640038821904,3,0,3,0,6,1.3333333333333333,0.0,3,0,9,6,3,5.080880229039762,3.45321301928273,30.48528137423857,0.0,31143,30.206595538312317,63.565470417070806,256x256,65536,sparse,Frangi,142,3,,,,,,,,,,,,13,1022,34.94275584127224,0.913663046081732,0.9999026133977129,26.6239109766135,1.0,0.012506316321374432,,,,,,,,,,,,True,0.12295112571407237,23.940522979148938,0.7372851864162829,29.312241205392837,0.5978415407971902,0.9985841142896532,,,,MITO_M2_011_y256x0
MITO_M2_011_y256x256.png,0.1202775290957923,0.0,0.0,0.0,0.0,0.9808107258350908,20.626069012158087,0.999916588602399,27.151194769127237,0.01487428429176002,0.1219045690794387,0.9887121674378625,20.736018883918106,0.4607196568396204,1055,4,0,0,8,1.0,0.0,8,4,24.071067811865476,3.1590396662553153,0.0,,,,,,651.9553661346436,0.01487428429176002,0.01487428429176002,4,0,4,0,8,1.0,0.0,4,0,8,4,0,6.017766952966369,3.1590396662553153,24.071067811865476,0.0,43745,41.464454976303315,62.119431279620855,256x256,65536,sparse,Frangi,130,4,,,,,,,,,,,,,,,,,,,,,,,,,,,,,,,True,0.12018972614999104,20.73709291442199,0.46080463688821327,27.157483767072968,0.5971096784708669,0.5903696043990561,,,,MITO_M2_011_y256x256
MITO_M2_011_y256x512.png,0.08975863224941334,0.022534291312867407,0.04407537527946343,0.19382022471910113,0.024864864864864864,0.9965899674728704,23.372211375363033,0.999929557394574,28.981660672652456,0.01532435108260514,0.18670929828965577,1.5694709685168617,20.956025075249944,0.4772288746998587,1389,3,0,0,6,1.4,0.0,10,7,31.31370849898476,3.7163945571581527,0.0,-0.012624899711583412,-0.8102528930820192,0.0004355741536726798,0.0003413020541584988,-0.0026739153733169544,914.0393733978271,0.01532435108260514,0.01532435108260514,3,0,3,0,6,1.4,0.0,3,0,10,7,4,4.473386928426394,3.7163945571581527,31.31370849898476,0.0,43973,31.658027357811374,47.18214542836573,256x256,65536,dense,Frangi,225,3,2,1355,23.920453062037183,0.5507190765565524,20.70938009331161,0.9995882553404155,0.017998266455922094,0.5944454949366794,40,27,0.0,1,1280,29.927863364456478,0.7787332028635554,0.9998621303376787,25.806410658057175,0.49741977497457157,0.015617459969291512,,,,,,,,8.272280579340848,-0.40773619664702365,-2.964427986787239,-0.0734902018566937,True,0.08959101575595038,20.954945857095517,0.4771035179069553,29.002487795040352,0.5569178119178322,0.8740663376549715,0.10238353196099675,24.182464268445052,0.9961543933191978,MITO_M2_011_y256x512
MITO_M2_011_y512x0.png,0.2666487467240105,0.004377431906614786,0.008716707021791769,0.1111111111111111,0.0045362903225806455,0.9892597022559116,20.56357480196104,0.9999476807720729,26.680402872367615,0.010886365163631477,0.164729788588728,1.2541461063093475,26.393317876874725,0.8192171361303944,828,2,0,0,4,1.3333333333333333,0.0,6,4,18.071067811865476,3.1580820388264126,0.0,,,,,,662.9629135131836,0.010886365163631477,0.010886365163631477,2,0,2,0,4,1.3333333333333333,0.0,2,0,6,4,2,4.517766952966369,3.1580820388264126,18.071067811865476,0.0,23861,28.817632850241544,79.14975845410628,256x256,65536,sparse,Frangi,130,2,,,,,,,,,,,,18,818,36.980861477779506,0.9275145639255215,0.9999625126082732,26.533609588037162,0.9996808980775188,0.012709869763062922,,,,,,,,,,,,True,0.26636235483654425,26.39783085977121,0.8199360116219305,26.688308610771244,0.7860947720764677,0.985877697589836,,,,MITO_M2_011_y512x0
MITO_M2_011_y512x256.png,0.1743421913863071,0.01908451714736691,0.037454238242748523,0.6303317535545023,0.019300536932230446,0.9819809024121066,21.17131845591471,0.9999395260335396,28.32676255858751,0.00555804335800648,0.1364182099584359,1.6931794474350668,22.09771521958509,0.5370193340490866,1070,3,0,0,6,1.25,0.0,8,5,20.65685424949238,3.334521944324176,0.0,,,,,,712.1448516845703,0.00555804335800648,0.00555804335800648,3,0,3,0,6,1.25,0.0,3,0,8,5,2,4.131370849898476,3.334521944324176,20.65685424949238,0.0,40703,38.04018691588785,61.248598130841124,256x256,65536,sparse,Frangi,130,3,,,,,,,,,,,,,,,,,,,,,,,,,,,,,,,True,0.17404632152588556,22.099156943344408,0.5369670749749534,28.347482239037877,0.5845784696428107,0.9897962502122511,,,,MITO_M2_011_y512x256
MITO_M2_011_y512x512.png,0.052762865354373405,0.019350380096751902,0.03796610169491525,0.16184971098265896,0.021505376344086023,0.9960746120937999,22.63540684537194,0.9999529390809551,31.194734785142643,0.00821570357300397,0.14215627376063322,1.5416349030087053,26.048933072602836,0.6562014242683851,1051,3,0,0,6,1.3333333333333333,0.0,9,6,23.727922061357855,2.6201066948749396,0.0,,,,,,729.1431427001953,0.00821570357300397,0.00821570357300397,3,0,3,0,6,1.3333333333333333,0.0,3,0,9,6,3,3.954653676892976,2.6201066948749396,23.727922061357855,0.0,39385,37.47383444338725,62.3558515699334,256x256,65536,sparse,Frangi,131,3,,,,,,,,,,,,6,1012,33.35307296736018,0.8294719967849586,0.9998734135877653,25.791017662964244,0.400142906591465,0.007953836556456644,,,,,,,,,,,,True,0.05257731958762887,26.05067465818589,0.6561649146424684,31.21806732160646,0.4081159024577764,0.6291657197018043,,,,MITO_M2_011_y512x512
MITO_M2_012_y0x0.png,0.09504062288422478,0.24902490249024903,0.39875090079269754,0.27401782766589633,0.7319223985890653,0.9985166949545013,33.693829375497025,0.9978451607545211,36.70124313668564,0.2445674972732612,0.2682436622108364,2.066922305568785,40.46972696835428,0.9482233295199364,2174,13,0,4,30,1.5737704918032787,0.0,61,48,226.86500705120557,4.839978542870418,0.0,-0.00411992276110576,-7.444976943103931,-0.0012629563948337585,-0.0011538987564653214,-0.0035988673828782625,1820.5273151397705,0.2445674972732612,0.2445674972732612,13,0,13,4,30,1.5737704918032787,0.0,13,0,61,48,27,4.72635431356678,4.839978542870418,226.86500705120557,0.0,16342,7.517019319227231,30.145354185832566,256x256,65536,sparse,Meijering,249,13,68,2171,45.47579649450759,0.9140689238741868,40.3910712909746,0.9989990595109864,0.24816636465613945,0.4754047180102443,39,13,0.0,92,2164,47.81211038686142,0.9865623299016176,0.999257515748778,42.09124743096889,0.5849656285433464,0.23310190726997046,4377,48.78365898593853,0.988881417016076,0.9996331264515269,45.221312942289124,0.3985483269845267,0.2246808510638298,-3.6898281542889606,-0.2071610557994079,-5.006069526153311,0.034154405645749564,True,0.09554194316828314,40.49421757837095,0.9476955793078632,36.738253914641874,0.39498377310685673,0.8164007709722821,0.09916054564533054,41.138806318600956,0.9997796513493351,MITO_M2_012_y0x0
MITO_M2_012_y0x256.png,0.0008170888292284347,0.11193415637860082,0.20133234641006664,0.24700326916091536,0.16991504247876063,0.9876362188236495,30.549307976699936,0.997440930648248,34.7577314378166,0.10352342898656011,0.19511737812413732,0.055538228229099394,32.51413472003699,0.828579482877971,4235,34,0,2,70,1.43801652892562,0.0,121,87,386.77669529663723,4.459094958683489,0.0,-0.001748508838410049,-9.892479156818226,-0.010020599055457824,-0.001550518959498648,-0.0009676974169168934,2859.851837158203,0.10352342898656011,0.10352342898656011,34,0,34,2,70,1.43801652892562,0.0,34,0,121,87,49,4.445709141340655,4.459094958683489,386.77669529663723,0.0,34257,8.089020070838252,15.474852420306966,256x256,65536,sparse,Meijering,433,34,64,4214,41.63483421163733,0.9579689555006204,38.39226443007361,0.9989914496077467,0.104491126403477,0.04195175567360254,21,0,0.8088235294117647,85,4132,41.81447861742932,0.9592144009691375,0.9990465785289958,38.843300806978014,0.042088609932969256,0.10557768924302789,464,29.49652846104716,0.790522467003248,0.9784565504250167,22.286577396580324,0.08454432603229689,0.1046131492916818,-3.6345329922570073,0.15316562245053478,-9.120699491600341,-0.12938947262264944,True,0.0008169934640522876,32.51195698884062,0.8285567350088416,34.745602128169445,0.7060102941334423,0.03921056084767671,0.0025655976676384838,40.44178713351816,0.9976568178791073,MITO_M2_012_y0x256
MITO_M2_012_y0x512.png,0.0013899418751579479,0.03231228987672768,0.06260177311380496,0.07294960995150748,0.054824908889241006,0.9880097808515418,27.713756464327833,0.9983949515726425,32.40992782790117,0.3371897349600337,0.2536047549641183,0.1479272608279727,28.381449689739256,0.8022796502982605,4509,24,1,9,56,1.54,0.041666666666666664,100,77,367.59292911256364,4.7111478762645564,0.0,-0.002540779166483128,-11.885710792865058,-0.010078926815421774,-0.0009229999234550146,-0.00610902444610828,3365.8318519592285,0.3371897349600337,0.3371897349600337,24,1,23,9,56,1.54,0.041666666666666664,24,1,100,77,35,4.773934144319004,4.7111478762645564,367.59292911256364,0.0,36374,8.066977156797517,14.534486582390773,256x256,65536,sparse,Otsu,457,24,57,4440,40.21140170221265,0.9516374851889096,35.96371250903965,0.9993179514960975,0.34329875940614196,0.06938990669994372,47,0,0.02083333333333326,82,4098,40.456896181470796,0.9527765983461082,0.9994136345347346,36.992919929677576,0.07366722359911937,0.33551287290559867,475,26.308680081579556,0.7467208395185005,0.9829562295310126,19.28377049554266,0.16770757584421914,0.466773418734988,-3.553784681138481,0.18421484826417456,-11.829952012473392,-0.14935783489064902,True,0.0013892397069967164,28.383053412947636,0.8024694739985623,32.42837932970324,0.5423905237006241,0.08023434447008293,0.003930721041641076,39.59946725719289,0.9980887076669636,MITO_M2_012_y0x512
MITO_M2_012_y256x0.png,0.4424286405418481,0.19731776977523904,0.3295996681186476,0.2049264895537787,0.8416313559322034,0.9981519970753011,34.32233260124321,0.9948309556377942,38.25704995044062,0.3445101159354399,0.9975945060213804,0.4498510445458414,42.16526230926825,0.9753794620580872,5575,4,18,64,37,2.0962199312714778,4.5,291,305,1354.8620484583778,3.5191287137938234,0.0,0.012437882686025581,-9.990286346899424,-0.0015708429834373483,-0.004028989987736709,-0.01763677671992736,2488.8060092926025,0.3445101159354399,0.3445101159354399,4,18,-14,64,37,2.0962199312714778,4.5,4,19,291,305,190,4.442170650683198,3.5191287137938234,1354.8620484583778,0.0,14832,2.6604484304932736,11.755336322869955,256x256,65536,sparse,Learned,794,4,95,5343,51.35030028235736,0.9941396052717457,45.75242156252901,0.9988599456255309,0.36214689265536726,0.35397887656805993,26,6,0.0,100,5242,53.67631618500968,0.9957659783042137,0.9993823732701466,49.18559741730988,0.3833651594752403,0.3505190311418685,341,35.521633130730265,0.9107453434854168,0.9769602869521647,28.226133569491957,0.7812881130477852,0.29278103935638183,-7.495371612088391,0.6436156294533205,-9.18503797308911,-0.018760143213658487,True,0.44227053140096617,42.181304904475894,0.9765762852064642,38.25859488430497,0.9074494224896568,0.40821707057949264,0.4299907578558225,44.312618948142635,0.9997228400587385,MITO_M2_012_y256x0
MITO_M2_012_y256x256.png,0.12405731523378583,0.09133489461358314,0.16738197424892703,0.12392755004766444,0.25776602775941837,0.9960892955823548,27.20869893934784,0.9988941055049273,33.42688667453449,0.4609053497942387,0.21424568449722525,0.32525546595514376,31.193611751793306,0.8518532048848998,2961,18,0,3,39,1.4285714285714286,0.0,63,45,226.3380951166243,4.885380535853783,0.0,-0.017402919446787846,-11.561727306878687,-0.0033681769412192697,-0.0004234593157300681,-0.0019257524558324857,1744.372844696045,0.4609053497942387,0.4609053497942387,18,0,18,3,39,1.4285714285714286,0.0,18,0,63,45,21,5.029735447036096,4.885380535853783,226.3380951166243,0.0,33606,11.349544072948328,22.13306315433975,256x256,65536,sparse,Meijering,274,18,40,2950,40.307238416467506,0.9466999082661114,35.0007282311243,0.9993175648206574,0.4628311022500712,0.097744142030742,35,0,0.5277777777777778,81,2736,41.527243171590456,0.9565259784183164,0.9995173822770811,36.63848524746159,0.09346442027614887,0.4615824050271351,3204,41.66231804320532,0.9574603705586474,0.99965560491581,39.15895452607185,0.09463016808234748,0.45761741122565863,-1.5738415565898123,0.11650154246648325,-9.1136266646742,-0.0948467033812116,True,0.12405731523378583,31.194567411902497,0.8519458115652855,33.43158860063004,0.38121660819385916,0.12399278552793314,0.14146023468057367,38.77042624622653,0.9994574725235741,MITO_M2_012_y256x256
MITO_M2_012_y256x512.png,0.005247225025227043,0.08207590306355739,0.15170082400169027,0.1223585548738923,0.19955530850472486,0.9949591255187439,31.783586017612002,0.9975532028204996,34.066828112185036,0.22317813765182187,0.24468847579942044,0.15149386211970406,31.116260110990012,0.837031969910817,4682,32,1,7,70,1.5303030303030303,0.03125,132,101,472.0904037956221,4.584344024279617,0.0,-0.0015527749747729566,-9.538427860217546,-0.0040833391540916475,-0.0015846560123612408,-0.005417320716554902,2792.062282562256,0.22317813765182187,0.22317813765182187,32,1,31,7,70,1.5303030303030303,0.03125,32,0,132,101,55,4.674162413818037,4.584344024279617,472.0904037956221,0.0,34174,7.299017513882956,13.997436992738146,256x256,65536,sparse,Otsu,414,32,67,4565,42.01433600047395,0.9623905332306172,38.59487986830122,0.9991378588328609,0.22859545836837677,0.06965065348015298,41,0,0.859375,85,4464,42.00789106749562,0.9632184659954203,0.999047407004025,38.617007888406,0.07372616124327203,0.23411764705882354,410,26.594974734914242,0.7228779502459275,0.9715305962354435,19.88282737180748,0.551045320712537,0.3587514816278151,-4.528051756116184,0.17503782231926746,-10.898075889483941,-0.12535856331980022,True,0.006213670074163159,31.12582131309258,0.8370607499475303,34.063084046614065,0.6022772004906658,0.09124129916897428,0.0068,41.32201387782955,0.9990424646728355,MITO_M2_012_y256x512
MITO_M2_012_y512x256.png,0.059420185598158405,0.02457452491795772,0.04797020484171323,0.08029925187032419,0.03420074349442379,0.986039374312458,29.090878377971784,0.9990147752615637,32.33029383781216,0.4079444192720133,0.21400118956849645,0.3925466640745638,27.549056265589048,0.7755532293312568,4354,25,0,4,54,1.4444444444444444,0.0,90,65,308.7228714274747,4.436811777231344,0.0,-0.0009435004833291544,-10.463846277153067,-0.011367388858289251,-0.0005350480261366863,0.04466369621791916,3309.2551231384277,0.4079444192720133,0.4079444192720133,25,0,25,4,54,1.4444444444444444,0.0,25,0,90,65,32,4.749582637345761,4.436811777231344,308.7228714274747,0.0,36584,8.40238860817639,15.05190629306385,256x256,65536,sparse,Meijering,481,25,48,4344,39.58049589854062,0.9502147488587529,35.00250089304389,0.9995498232877004,0.36328072305409415,0.17536342099698765,64,9,0.0,81,4174,40.27238716532459,0.955075969246414,0.9996636703514374,36.3227829832184,0.15249161456216032,0.3648363252375924,468,25.37887004143936,0.7154973046940415,0.9846616961454479,18.21108630522809,0.3794461275922477,0.2891951978657181,-2.6722070552317305,0.0386377685715088,-12.031439632951571,-0.1746615195274961,True,0.059195857009278575,27.544280394994637,0.7755042249747974,32.33967130447569,0.6323741813219016,0.2482363753247958,0.06036368608148756,39.55472465512485,0.9974067631707473,MITO_M2_012_y512x256
MITO_M2_012_y512x512.png,0.017271157167530225,0.013529073114565342,0.02669696109059926,0.01523994811932555,0.10755148741418764,0.9984035496428326,25.250075782322376,0.9987941602713075,35.07658146091731,0.4261712439418417,0.1719615199396617,0.4467898931251743,34.37909378894993,0.8976347819354278,2784,23,0,1,47,1.3333333333333333,0.0,69,46,220.095454429505,4.230447878809065,0.0,-0.03083574706409561,-15.582262118265838,-0.0015279906708867141,-0.0006691730418108,-0.03325666031968777,1668.2145595550537,0.4261712439418417,0.4261712439418417,23,0,23,1,47,1.3333333333333333,0.0,23,0,69,46,21,4.784683791945762,4.230447878809065,220.095454429505,0.0,25014,8.984913793103448,23.54022988505747,256x256,65536,sparse,Meijering,242,23,54,2773,43.4853374567675,0.9452197474740739,37.693639425249486,0.9994633333131183,0.45942790426152946,0.09227896868195917,44,0,0.5434782608695652,87,2586,44.80276501495629,0.9787056944978876,0.9995649002835441,39.12196307639497,0.10077520186172173,0.46597760551248923,3323,45.46846711320278,0.9796696211955674,0.999729154975647,41.20865743157096,0.08002083443377694,0.45544267053701015,-2.617057964332176,0.07968255125770252,-9.106243667817573,-0.04758496553864611,True,0.01730103806228374,34.377932396098146,0.8973312808010381,35.09325815673899,0.2159898665005685,0.09650208936990967,0.048106904231625836,40.832337900588215,0.9999315403137193,MITO_M2_012_y512x512
MITO_M2_013_y0x0.png,0.11975081501565475,0.20896114195083268,0.345687110528042,0.2185210780926054,0.8268828451882845,0.9965236809630843,25.602844869057858,0.9914392110603579,32.277303174549914,0.44555686637120173,0.5247907283138555,1.7780251897571062,27.40784962914733,0.729903017348257,9385,30,1,31,89,1.79136690647482,0.03333333333333333,278,249,1223.2762620207504,5.504180225710544,0.0,0.0069413488171832655,-10.257001802889175,-0.0029502874805783508,-0.003929042465408483,0.03191093559477515,5567.341089248657,0.44555686637120173,0.44555686637120173,30,1,29,31,89,1.79136690647482,0.03333333333333333,30,2,278,249,158,4.912756072372483,5.504180225710544,1223.2762620207504,0.0,41323,4.403090037293554,6.983058071390516,256x256,65536,sparse,Otsu,964,30,79,9340,37.740253876344035,0.9377644856170232,36.01373605871884,0.9953682535257664,0.4136459307764266,0.7203169722073017,61,135,0.0,83,8622,38.307881434436624,0.9473319790763353,0.9962559417536301,36.778916440457934,0.6487377636025413,0.40283687943262414,250,18.453065891752686,0.45829224402142504,0.8897164195611889,14.382564686081496,0.9822256700463405,0.30013206013815524,-3.736432884168927,-0.1955262438934462,-10.332404247196706,-0.20786146826876617,True,0.11981269174874859,27.41807007271391,0.7301724458126624,32.31036087225577,0.4796914787936931,0.8529035326070231,0.11280946619847149,35.85984667194703,0.9994739684436627,MITO_M2_013_y0x0
MITO_M2_013_y0x256.png,0.08251881811032469,0.0,0.0,0.0,0.0,0.9938941345402764,20.40087348463159,0.9999661845715732,26.005969270589123,0.003204137271986284,0.11307956328284252,2.1214097544779085,23.406798029147318,0.6753253078079969,800,2,0,0,4,1.0,0.0,4,2,10.82842712474619,3.098712543646495,0.0,,,,,,616.4846420288086,0.003204137271986284,0.003204137271986284,2,0,2,0,4,1.0,0.0,2,0,4,2,0,5.414213562373095,3.098712543646495,10.82842712474619,0.0,39045,48.80625,81.92,256x256,65536,sparse,Frangi,110,2,,,,,,,,,,,,1,764,31.772559273041878,0.8233128686777542,0.9999003521278166,20.945713879303284,0.981866604763199,0.003325748293366007,,,,,,,,,,,,True,0.0825257717479846,23.40763305501234,0.6762998256225697,25.96486314367172,0.4712995863410463,0.9998195397452989,,,,MITO_M2_013_y0x256
MITO_M2_013_y0x512.png,0.1309665739391531,0.167180680826302,0.28646923920630174,0.16821827975876807,0.9644175897952333,0.9989231089752246,31.690446172710004,0.9795409034827812,33.3826918195274,0.697572027015474,0.9779989844795051,1.9345187434747932,30.025736090338988,0.835167830984029,9637,6,3,33,39,1.9758064516129032,0.5,248,245,1307.6854249492403,7.912270947112389,0.0,0.007202552335497089,-5.657666129807559,-0.0007999246494593271,-0.011655938245505149,0.03296846714492385,13719.82455253601,0.697572027015474,0.697572027015474,6,3,3,33,39,1.9758064516129032,0.5,6,3,248,245,176,5.337491530405053,7.912270947112389,1307.6854249492403,0.0,34169,3.54560547888347,6.800456573622497,256x256,65536,sparse,Otsu,1294,6,88,9422,40.36276440264977,0.9553951452408895,37.78876085121237,0.9911968417282864,0.6646035598705502,0.6298588900259833,62,161,0.0,91,9602,43.06718953691407,0.9748432771421567,0.9958330569417341,40.87170066920513,0.5058165551364924,0.6612468306032921,247,22.37329091791585,0.44280643628105754,0.8842277753765906,19.21988114906054,0.9937800909840574,0.593137966052517,-4.4060690316849715,0.3481400944535218,-10.337028312310785,-0.1202273142568605,True,0.13096868236229514,30.02833816761427,0.8361111054147152,33.39643908756079,0.5138558042431768,0.9940636847517397,0.123764021603656,37.34811230251756,0.999723033624684,MITO_M2_013_y0x512
MITO_M2_013_y256x0.png,0.0654256675530946,0.0,0.0,0.0,0.0,0.9947230030405837,19.016153539713965,0.9999658265369961,25.009603898284418,0.0037885687224509124,0.14785621103378865,2.6801556110259788,23.996934903595204,0.7326022575086341,831,2,0,0,4,1.2,0.0,5,3,14.828427124746192,2.725457284450531,0.0,,,,,,752.7084350585938,0.0037885687224509124,0.0037885687224509124,2,0,2,0,4,1.2,0.0,2,0,5,3,1,4.942809041582064,2.725457284450531,14.828427124746192,0.0,35889,43.187725631768956,78.86401925391095,256x256,65536,sparse,Frangi,102,2,,,,,,,,,,,,8,828,34.397775521209645,0.8730012250395485,0.9999759782969937,25.64023183891511,0.999533382176297,0.003925713422920127,,,,,,,,,,,,True,0.06544474000655905,23.998702614152464,0.732895771569548,25.00240487801237,0.3724927159526593,0.998338442726826,,,,MITO_M2_013_y256x0
MITO_M2_013_y256x256.png,0.14217670874017624,0.15583785095881544,0.2696534826741337,0.17681079592398788,0.5678066037735849,0.9973350971092617,26.16448358665057,0.9940587587994867,31.893947400059517,0.5057636198402449,0.5421030458454374,1.7870813019800957,28.29310223365627,0.7649596571261412,6660,18,0,19,55,1.7954545454545454,0.0,176,158,786.4823227814093,6.7454374794793175,0.0,-0.017592299921998927,-8.701113754484417,-0.00213036657162724,-0.002148074634124364,-0.02691084567004154,5203.770160675049,0.5057636198402449,0.5057636198402449,18,0,18,19,55,1.7954545454545454,0.0,18,0,176,158,102,4.977736220135495,6.7454374794793175,786.4823227814093,0.0,41495,6.23048048048048,9.84024024024024,256x256,65536,sparse,Otsu,648,18,70,6579,36.80039528216763,0.9116750887508437,34.58109770058512,0.996206833433611,0.5326744655102864,0.709241763026357,38,55,0.0,80,6392,37.10528247236693,0.921604634723325,0.9967461334830383,35.041938810475706,0.5397566925069074,0.5424877165761572,279,21.8338431681057,0.6043645900329576,0.924310960560138,16.28531179315245,0.9796226916563671,0.38860971524288107,-2.6871503005256017,-0.16713871718091955,-8.507293048511357,-0.14671543162470246,True,0.14248297537978,28.303177051295002,0.7650890571447663,31.986072439164033,0.4893138166338121,0.8744435725068028,0.15976900866217517,34.865597341134986,0.999465463680889,MITO_M2_013_y256x256
MITO_M2_013_y256x512.png,0.15456674473067916,0.02199528672427337,0.04304381245196003,0.21,0.023979446188980874,0.990897084620818,18.895808594806354,0.9998984438265525,29.33017431459276,0.018072561333755028,0.1921132032700088,1.2150675379754015,23.762847868153724,0.6404917779587114,1404,3,0,0,6,1.4545454545454546,0.0,11,8,33.97056274847714,4.000622253345721,0.0,-0.00910901241688808,-6.250260004700074,-0.003917955329164835,0.000370291978102788,-0.0006965968836465282,1028.7864208221436,0.018072561333755028,0.018072561333755028,3,0,3,0,6,1.4545454545454546,0.0,3,0,11,8,5,4.246320343559642,4.000622253345721,33.97056274847714,0.0,41863,29.816951566951566,46.67806267806268,256x256,65536,dense,Frangi,228,3,4,1353,27.597930179301237,0.6513497702473474,22.841829344416862,0.9995281518484497,0.018769158217401556,0.8106859165632344,23,41,0.0,15,1396,33.454094011167754,0.8274372117780245,0.9997910018851768,27.412351597385012,0.6639435712717742,0.019529342837613515,,,,,,,,6.488344970175898,-0.6185727132932256,-3.835082311147513,-0.010857992288636042,True,0.15449716395066174,23.76103498994769,0.6404488343070176,29.336252845772854,0.6744444665545424,0.8194955774775607,0.16367575714756724,25.146068599506428,0.9948150399499829,MITO_M2_013_y256x512
MITO_M2_013_y512x256.png,0.21610725956693033,0.039037433155080216,0.07514153371075658,0.5468164794007491,0.04034263608731694,0.9860031598966815,22.0338473086329,0.9998587620207533,28.45480871870749,0.016389920505816273,0.14785621103378865,1.6471076707696388,25.078101092616972,0.6073458973266358,1354,6,0,0,12,1.2941176470588236,0.0,17,11,47.384776310850235,3.3667931930691593,0.0,-0.04921185550548729,-3.8962838862087352,-0.004223063807284988,0.0003633621294968359,-0.005350980072312543,935.6772899627686,0.016389920505816273,0.016389920505816273,6,0,6,0,12,1.2941176470588236,0.0,6,0,17,11,5,4.307706937350021,3.3667931930691593,47.384776310850235,0.0,40355,29.804283604135893,48.40177252584934,256x256,65536,sparse,Frangi,151,6,4,1353,27.261977616740833,0.6032384876659409,22.714824211042878,0.9994953998912565,0.021740900578128816,0.9371287733993328,15,34,0.0,11,1352,33.22868549641577,0.8372778827584852,0.9998204013783302,27.046775178026188,0.9281613993106868,0.016920152091254755,,,,,,,,5.739984507664612,-0.7892725623655441,-2.1838765241238605,0.004107409660694894,True,0.21603787994501297,25.07823877686085,0.6070373313158319,28.450425630206194,0.5805826903230984,0.9562822027472491,0.2653191150724176,25.930131194841636,0.9902262237039665,MITO_M2_013_y512x256
MITO_M2_013_y512x512.png,0.13459703845037124,0.18785612535612536,0.3162944086343877,0.1887523854961832,0.975346687211094,0.998059180021034,29.729928265276037,0.9803205735415265,32.8348020306087,0.6554754576381014,0.9665312414925352,1.7671827021159419,29.66460510514033,0.83380459987114,9529,7,2,37,48,1.9633699633699633,0.2857142857142857,273,268,1349.099638511613,7.605217846939193,0.0,0.011081508608714721,-6.676069426457815,-0.0013136751352992304,-0.010484911659965013,0.042161116233198515,10396.298885345459,0.6554754576381014,0.6554754576381014,7,2,5,37,48,1.9633699633699633,0.2857142857142857,7,1,273,268,188,5.033953875043325,7.605217846939193,1349.099638511613,0.0,37139,3.8974708783712875,6.8775317451988665,256x256,65536,sparse,Otsu,1120,7,86,9159,39.569895872834365,0.9437798688727841,37.04259476628326,0.9908054852014915,0.6133143414049029,0.5561003975579717,51,77,0.0,89,8882,41.30082160274564,0.959687938226235,0.9948240176029143,39.23665046558255,0.4824940090606312,0.610264814332005,245,22.716733147623454,0.4647914461221071,0.8921496294573601,19.281846494754802,0.9994243438285128,0.5696935855377958,-4.207792735674559,0.4104308439345635,-9.905290767694037,-0.10997526900164412,True,0.13456912996599485,29.671853343064193,0.8351052461864508,32.848258716858076,0.5656246052324682,0.999562018257976,0.12351552984165652,36.40599769173385,0.9993728551563332,MITO_M2_013_y512x512
MITO_M2_014_y0x0.png,0.1878108529433598,0.14145987033310978,0.2478578073740391,0.14243907929540212,0.953654860587792,0.9979246774657485,30.291193800350797,0.9836844258536878,34.598142295834286,0.4132715628832266,0.922029799598749,0.629162014804933,30.499059673800733,0.8680355222652661,17548,21,22,95,95,2.003225806451613,1.0476190476190477,620,621,3001.0865786510017,3.273783035634636,0.0,0.031175781853312406,-12.893073688109737,-0.0019311367238847854,-0.013501941483456403,-0.00554550928847819,8826.187372207642,0.4132715628832266,0.4132715628832266,21,22,-1,95,95,2.003225806451613,1.0476190476190477,21,21,620,621,430,4.832667598471842,3.273783035634636,3001.0865786510017,0.0,34935,1.9908251652609985,3.734670617734215,256x256,65536,dense,Learned,3029,21,95,16616,44.406036989652115,0.9738319460420646,43.69984530073792,0.9971863673371442,0.4188170721717048,0.35856606136554403,163,266,0.0,98,17034,48.186694358984724,0.9890925370833343,0.9988881473138952,47.783577382327465,0.34237801261849166,0.4192175478801768,243,25.92838878906526,0.6827531208141393,0.9071544894855436,22.698736375919317,0.8244795993830032,0.22946896604117603,-9.101703004903634,0.563463738233205,-13.906977315851382,-0.10579642377679843,True,0.18764387020123263,30.501457309063937,0.8677800721178436,34.60701742870469,0.8407281609662886,0.5289542236567961,0.1566350710900474,43.184267488460534,0.9998558141896333,MITO_M2_014_y0x0
MITO_M2_014_y0x256.png,0.07953571706785074,0.1459864330130017,0.2547786410161549,0.14660800454158388,0.9717779868297272,0.9994501333405919,34.103572403518555,0.9924349587987187,34.085896671522065,0.4610456553755523,0.6656461967716627,1.4212326274360523,32.59070831456765,0.8636343069352622,5166,9,1,13,29,1.8688524590163935,0.1111111111111111,122,114,545.4751801064723,6.429325549994289,0.0,0.010033099266803625,-4.234326320103243,-0.0003919498464758364,-0.004045698613147408,0.04304514724547098,6485.934495925903,0.4610456553755523,0.4610456553755523,9,1,8,13,29,1.8688524590163935,0.1111111111111111,9,1,122,114,80,4.784870000933964,6.429325549994289,545.4751801064723,0.0,33799,6.542586140147116,12.686024003097174,256x256,65536,sparse,Otsu,695,9,80,4939,41.617199337666115,0.9451922976500323,38.587077483087974,0.9964806574118661,0.4180005081300813,0.4995373068781961,54,47,0.0,88,4750,41.918144837463245,0.9515820904431331,0.9968933896348844,39.25807470187181,0.47326232858754647,0.4300445745459384,404,32.99069610182132,0.8217066034319532,0.9769589188244443,26.67279564945654,0.7981034820053446,0.40176177709689775,-4.501180811565909,0.16610888989346662,-9.026491023098465,-0.0815579907147701,True,0.07964739839301037,32.59817527525643,0.8636982915869319,34.093546283490674,0.6171071140248879,0.877052765075071,0.06950261780104712,38.3378987236218,0.9998420831870677,MITO_M2_014_y0x256
MITO_M2_014_y0x512.png,0.051555555555555556,0.042631755622692176,0.08177720540888603,0.051189036678758564,0.2032,0.9993916846861784,30.02817841947113,0.9989886288253929,32.61481457452891,0.2249093107617896,0.2178543368063115,0.294606124863549,35.89636509148649,0.9100994479167833,2414,14,2,4,30,1.5714285714285714,0.14285714285714285,56,44,179.12489168102786,4.953850849469503,0.0,-0.0014124809741248093,-7.069241184134999,-0.0004289426658867779,-0.00048521069460372157,0.012091898428053222,1952.5415897369385,0.2249093107617896,0.2249093107617896,14,2,12,4,30,1.5714285714285714,0.14285714285714285,14,0,56,44,22,4.071020265477907,4.953850849469503,179.12489168102786,0.0,24131,9.996271748135873,27.148301574150786,256x256,65536,sparse,Meijering,275,14,57,2393,42.34146524016592,0.9582287854073778,35.33351271814633,0.9994738395199966,0.21281741233373638,0.0830172944028057,9,0,0.8214285714285714,86,2348,43.211922618452405,0.9637442275237307,0.9996613718586395,38.297819356100874,0.07277178357562564,0.2140266021765417,3702,43.66092293067484,0.9613987462662611,0.9997936562296476,41.20493783908505,0.07132830615871288,0.21281741233373638,-2.7186981436174236,0.1348370424035058,-6.44510014867943,-0.04812933749059445,True,0.051555555555555556,35.901934720854044,0.9103633098886978,32.650569412889595,0.22314378716068672,0.06573952642278647,0.052968036529680365,37.09741960360613,0.9998206273520652,MITO_M2_014_y0x512
MITO_M2_014_y256x0.png,0.25612565445026175,0.0,0.0,0.0,0.0,0.9881139897187341,22.64667193275929,0.9999716319379227,24.264948642730406,0.004160280271513028,0.11307956328284252,1.1547148755535162,26.972565889961608,0.753478152451101,582,1,0,0,2,1.0,0.0,2,1,5.414213562373095,3.098712543646495,0.0,,,,,,630.4905414581299,0.004160280271513028,0.004160280271513028,1,0,1,0,2,1.0,0.0,1,0,2,1,0,5.414213562373095,3.098712543646495,5.414213562373095,0.0,35692,61.32646048109966,112.60481099656357,256x256,65536,dense,Frangi,55,1,,,,,,,,,,,,1,570,34.000143634090556,0.858875079762985,0.9999832257079831,24.75743724726742,0.48079399378816,0.0051771117166212535,,,,,,,,,,,,True,0.2558139534883721,26.9733858542072,0.7535474073349019,24.29762828067972,0.5709379990568914,0.6592706005297518,,,,MITO_M2_014_y256x0
MITO_M2_014_y256x256.png,0.12710807795787124,0.000727802037845706,0.0014545454545454547,0.00975609756097561,0.0007858546168958742,0.9935270023993589,19.71694035886245,0.99997130388957,27.319127364884352,0.013942044833242209,0.29531191028128656,2.284125968975715,22.46448037415214,0.6546790455098354,1232,2,0,0,4,1.5555555555555556,0.0,9,7,34.65685424949238,2.787034332436859,0.0,,,,,,955.6210041046143,0.013942044833242209,0.013942044833242209,2,0,2,0,4,1.5555555555555556,0.0,2,0,9,7,5,4.950979178498912,2.787034332436859,34.65685424949238,0.0,40245,32.666396103896105,53.1948051948052,256x256,65536,dense,Frangi,196,2,,,,,,,,,,,,8,1198,33.37361391232871,0.8451266104830261,0.999965012446981,25.961231535068134,0.37337525316204956,0.01457933290662115,,,,,,,,,,,,True,0.1269924565431289,22.465118858773153,0.6547460259430483,27.318303672171155,0.3934693402873666,0.8987335381461166,,,,MITO_M2_014_y256x256
MITO_M2_014_y256x512.png,0.15464485895433244,0.0,0.0,0.0,0.0,0.9929390769736106,19.757829164428284,0.9999732717351971,27.57385135627187,0.00578399411084236,0.11307956328284252,1.7597326894323004,22.175872643220266,0.6759611036908707,579,1,0,0,2,1.0,0.0,2,1,5.414213562373095,3.098712543646495,0.0,,,,,,621.9797134399414,0.00578399411084236,0.00578399411084236,1,0,1,0,2,1.0,0.0,1,0,2,1,0,5.414213562373095,3.098712543646495,5.414213562373095,0.0,39525,68.26424870466322,113.18825561312607,256x256,65536,dense,Frangi,56,1,,,,,,,,,,,,,,,,,,,,,,,,,,,,,,,True,0.15511066213610064,22.175006291746783,0.675862188281136,27.516878100126174,0.40491297227467327,0.7125385936869373,,,,MITO_M2_014_y256x512
MITO_M2_014_y512x0.png,0.039085287597713216,0.02893424036281179,0.05624118476727785,0.02898419044157732,0.9437869822485208,0.9992567531765029,25.311954922485214,0.989552448130034,35.88774558977617,0.4496037917499815,0.9949075692073008,1.367492531215938,33.62242797118698,0.9400656793149976,9113,6,9,62,56,2.0161725067385445,1.5,371,374,1789.5504320004475,3.4156486378370228,0.0,0.021591369063475856,-18.824057166403293,-0.0007265613211064892,-0.008161577166689193,0.017734103364712372,6230.68904876709,0.4496037917499815,0.4496037917499815,6,9,-3,62,56,2.0161725067385445,1.5,6,9,371,374,253,4.784894203209742,3.4156486378370228,1789.5504320004475,0.0,22755,2.496982332930978,7.191484692197959,256x256,65536,sparse,Learned,1472,6,95,9019,47.56932089302332,0.9854312916733062,44.2657507531426,0.9977140252967232,0.4318696883852691,0.3428950318757803,226,394,0.0,98,9056,50.56665465608233,0.9920071835908949,0.9990033223929486,48.03634561667299,0.33916494717907353,0.4301312089971884,243,26.5716724785903,0.5704409945812418,0.9401615845486379,22.40467117781858,0.9999822655237115,0.2244931905603493,-8.378005163366424,0.6520125373315205,-13.946892921836337,-0.045365612358308605,True,0.039039738958163386,33.62778966686798,0.9410168924147004,35.89662832565881,0.49338300763441045,0.6746975779689124,0.01749391853423736,44.136012088888506,0.9999833144976094,MITO_M2_014_y512x0
MITO_M2_014_y512x256.png,0.2020574367766824,0.008310804045258836,0.016484607745779544,0.2292817679558011,0.008549649773382777,0.9789281951852828,23.765062761647847,0.9999201187132611,28.071913028885007,0.019742582897033158,0.1974812020375215,1.389943181811792,24.369129542436344,0.6404619816406385,1309,5,1,5,13,1.6521739130434783,0.2,23,19,57.21320343559642,2.5111984486741146,0.0,-0.036291331548464784,-1.8135949137999852,0.0028453674090629377,0.0003001883242442771,0.004219426807839332,838.5653495788574,0.019742582897033158,0.019742582897033158,5,1,4,5,13,1.6521739130434783,0.2,5,1,23,19,5,3.011221233452443,2.5111984486741146,57.21320343559642,0.0,38908,29.723453017570666,50.06569900687548,256x256,65536,sparse,Frangi,143,5,3,1279,26.12790866262603,0.6197138082254474,20.189583506298465,0.9996199303890169,0.015523156089193826,0.8617926243941604,20,30,0.0,8,1300,33.601311788689934,0.8653324757862857,0.9999132932813195,26.854029450562862,0.396427364672431,0.022755925365607665,,,,,,,,7.8823295225865415,-0.6643114223566389,-1.7587791201896863,0.020748173415191085,True,0.19732044805622667,24.369990490795146,0.6404499076080121,28.09648199190128,0.5570768385173284,0.7743051534424292,0.23834876832514718,25.578657675447833,0.9760828277762199,MITO_M2_014_y512x256
MITO_M2_014_y512x512.png,0.12742130750605327,0.07604589836789966,0.141343224268115,0.07757743201977607,0.7938988095238095,0.9990865083642517,32.81267839876345,0.9919489759618871,36.718627105062815,0.4014498781864638,0.5997275169227047,0.8885928600399287,36.361197181268636,0.9139466837858189,10497,41,6,57,129,1.8535564853556485,0.14634146341463414,478,443,2105.0966799187845,3.2390900100064073,0.0,-0.001087551741408399,-9.01375564962413,-0.0007436432814533767,-0.005686106093447663,-0.023512618063161128,2533.8778495788574,0.4014498781864638,0.4014498781864638,41,6,35,57,129,1.8535564853556485,0.14634146341463414,41,4,478,443,292,4.7519112413516496,3.2390900100064073,2105.0966799187845,0.0,30615,2.9165475850242926,6.24330761169858,256x256,65536,dense,Learned,1458,41,92,9456,44.53709408559444,0.9754981882891978,42.63606035525754,0.9976350820553348,0.42496249624962495,0.3024786958872404,90,52,0.0,95,10352,46.23111364633103,0.983293713872687,0.9986142586309961,45.032824403526924,0.2600044535487187,0.41517099199611934,244,25.060860628995446,0.6741078448907427,0.9033499302662464,19.851727992683088,0.8570127766619071,0.21105721766751084,-5.917433250194726,0.29724882103546424,-8.175896904325803,-0.06155150450337887,True,0.12772837510105092,36.37390426013768,0.9147234770582058,36.73040320360733,0.35338227406456035,0.3140129655984416,0.12850885924746167,41.82643404838758,0.9998301516457051,MITO_M2_014_y512x512
MITO_M2_015_y0x512.png,0.05178571428571429,0.1343431483578709,0.23686509422188945,0.182816413022539,0.3362863217576187,0.9963695190684304,27.59123282269417,0.9985353799971141,31.525997009219104,0.5743772241992883,0.4208825660766269,0.9161579034823613,27.594529798523748,0.811778765704477,4574,16,2,10,40,1.7627118644067796,0.125,118,104,475.2619766708759,5.027937496951232,0.0,-0.015003783641508193,-9.98889359688943,-0.003232161660398858,-0.0007665626730526398,0.016610964376516213,2938.328266143799,0.5743772241992883,0.5743772241992883,16,2,14,10,40,1.7627118644067796,0.125,16,2,118,104,68,4.569826698758418,5.027937496951232,475.2619766708759,0.0,36820,8.04984696108439,14.327940533449935,256x256,65536,sparse,Otsu,409,16,60,4512,39.449186653289686,0.945086054144278,34.59778203439011,0.9993019426701667,0.5577662598227721,0.19003904061652255,39,4,0.0,83,4342,40.13621807154631,0.9470664750033675,0.9994573243456485,36.72200896876916,0.17757665643581766,0.5598797394354434,454,24.678513072989293,0.7358867816334661,0.9772438567114425,17.158191723330496,0.44066125194527306,0.4756010473696739,-3.0717850251710033,0.23084352546010434,-11.854656854765938,-0.133307288439801,True,0.05050172725777266,27.59920073918835,0.8117085754101466,31.54633978236337,0.3892087309341158,0.35657665494963,0.06678949792722248,37.5801264195836,0.9996016807288293,MITO_M2_015_y0x512
MITO_M2_015_y256x256.png,0.22012358633554857,0.13656201604955653,0.24030719682893598,0.1386308417893383,0.9014869888475836,0.9982211129146383,30.559571775524894,0.9916947178330331,35.52329844257649,0.3063363785429843,0.6659856853102981,0.5719223214017446,31.840963088658633,0.9012844204463297,12220,33,14,77,119,1.9238476953907815,0.42424242424242425,499,480,2152.8834764831854,3.472629887217514,0.0,-0.0010660047425183339,-11.350960792432943,-0.0015927180933833496,-0.006132768112407816,-0.010463809958429493,4788.300275802612,0.3063363785429843,0.3063363785429843,33,14,19,77,119,1.9238476953907815,0.42424242424242425,35,12,499,480,303,4.485173909339967,3.472629887217514,2152.8834764831854,0.0,31673,2.59189852700491,5.363011456628478,256x256,65536,dense,Learned,1810,35,93,11077,44.76611832082295,0.9775142274097811,43.015265663046506,0.9978274859454409,0.3168001885014138,0.27001905075527344,76,36,0.0,96,11938,47.09823408616604,0.9864761070352115,0.9988355921097382,45.96728292479801,0.28787370308988824,0.3151764705882353,248,22.385252375419753,0.6675247918791322,0.9202356733231987,17.405056570985103,0.9092820467105874,0.22784176264396594,-7.491967220470016,0.3959666345550247,-12.925155232164315,-0.07622980696345139,True,0.2204200700116686,31.840872074135156,0.9009789406274027,35.526379063803084,0.6115979582338287,0.34978652403765853,0.2211895910780669,41.91053256795784,0.9998138310080217,MITO_M2_015_y256x256
MITO_M2_015_y256x512.png,0.018920422927100722,0.07186858316221766,0.13409961685823754,0.07202194954652846,0.9712230215827338,0.9996042454208971,36.160677053432956,0.9917410233637711,36.283105284298266,0.0628801703163017,0.5866310048343348,0.1121587600690974,35.78536675911586,0.9122432249948739,9137,39,6,56,123,1.856832971800434,0.15384615384615385,461,428,2039.2682527940394,3.236040110408683,0.0,0.0004978552817351475,-5.9328208456818246,-0.0003040153318721872,-0.005843830918978332,0.0029410994861417683,2693.2687759399414,0.0628801703163017,0.0628801703163017,39,6,33,56,123,1.856832971800434,0.15384615384615385,41,5,461,428,282,4.764645450453352,3.236040110408683,2039.2682527940394,0.0,33606,3.6780124767429134,7.172594943635767,256x256,65536,sparse,Learned,1105,41,90,9038,44.02154403639939,0.9696830263760718,42.79033157009668,0.9975848542827495,0.05993907083015994,0.06728460954372739,29,1,0.4536585365853658,92,7536,44.07005085358414,0.9712178518575993,0.9975720572350644,42.91570768087936,0.06730535937722026,0.06129597197898424,247,24.844200954875433,0.7179331941199183,0.9010628324220006,19.64929086585833,0.5442059816719829,0.1281745440087471,-6.507226285798417,0.5193463952906074,-8.23617727728353,-0.057439801381197975,True,0.018920422927100722,35.780520110634285,0.9123382191543472,36.2956244506185,0.641801030651368,0.07198360780892621,0.018422567645365574,42.09349789911478,0.9999082607527693,MITO_M2_015_y256x512
MITO_M2_015_y512x256.png,0.12783847741805549,0.0,0.0,0.0,0.0,0.9764146532956203,23.84170342222042,0.9999708782480754,23.856146730378732,0.004361466064733338,0.11307956328284252,1.4642248557449358,20.058585116260737,0.5712064421447534,616,1,0,0,2,1.0,0.0,2,1,5.414213562373095,3.098712543646495,0.0,,,,,,636.7940902709961,0.004361466064733338,0.004361466064733338,1,0,1,0,2,1.0,0.0,1,0,2,1,0,5.414213562373095,3.098712543646495,5.414213562373095,0.0,39296,63.79220779220779,106.3896103896104,256x256,65536,dense,Frangi,54,1,,,,,,,,,,,,,,,,,,,,,,,,,,,,,,,True,0.12772491567235564,20.059191589394928,0.5711140860904853,23.843307689003748,0.587394421424515,0.8600775119756906,,,,MITO_M2_015_y512x256
MITO_M2_015_y512x512.png,0.16374615202462703,0.24039517014270034,0.3876106194690266,0.24421522163367718,0.9389067524115756,0.9992104386298423,35.45025852989848,0.992122052783963,35.53329143585955,0.5839880713425475,0.7458930404471997,1.8347162799823449,34.109342405749096,0.8853991344516137,5379,10,0,16,36,1.8717948717948718,0.0,156,146,766.5411972844549,7.41680984910203,0.0,-0.00464747337681512,-5.036164707655551,-0.0005123371744126803,-0.004286781799626382,-0.012776669016144382,4436.699390411377,0.5839880713425475,0.5839880713425475,10,0,10,16,36,1.8717948717948718,0.0,10,0,156,146,104,5.250282173181192,7.41680984910203,766.5411972844549,0.0,28392,5.278304517568321,12.183677263431864,256x256,65536,sparse,Otsu,591,10,82,5378,43.70583175848901,0.9737177246765883,40.162602088428045,0.9964088345835894,0.5967647403586919,0.6848212638147945,26,31,0.0,90,4790,43.781532696915264,0.9737008272477018,0.9966208279383956,40.74972566922037,0.663667549579911,0.5971888726207907,403,29.4883852753342,0.7754746819485066,0.9529424469816917,23.718128822257295,0.988379680125369,0.5707325364002039,-4.629310652568492,0.06107177663240526,-9.596489352739916,-0.08831859022497468,True,0.16355250709555344,34.11781437433462,0.885310146220406,35.579103636887524,0.5057013474333509,0.9278184949449769,0.16839362540144215,40.48642323755403,0.999722775804255,MITO_M2_015_y512x512
MITO_M2_016_y0x256.png,0.1052829378288414,0.1409858936598977,0.24712995041097754,0.14272263632797175,0.9205465587044535,0.997684584752195,30.895481689655142,0.9879587649180982,35.8952000095379,0.47863812128642835,0.9822059098149631,1.6773919532876789,34.93537499576392,0.9357406865871339,10342,9,11,65,63,2.009259259259259,1.2222222222222223,432,434,2058.214428924877,3.416821546007883,0.0,0.012639119553254183,-15.041078278262034,-0.002193627418834443,-0.010661746552413032,0.01905362781887643,7145.42555809021,0.47863812128642835,0.47863812128642835,9,11,-2,65,63,2.009259259259259,1.2222222222222223,9,13,432,434,304,4.742429559734728,3.416821546007883,2058.214428924877,0.0,21157,2.0457358344614196,6.336878746857474,256x256,65536,sparse,Learned,1633,9,96,9824,50.00466843324878,0.9919227517052819,46.744401349321166,0.9986205114705112,0.4595844934675519,0.5542121389159991,91,201,0.0,100,8540,51.75523818726912,0.9936961800573518,0.9991394505360955,49.26176056626425,0.5555203753248115,0.45771823534431266,245,24.813596993592483,0.5410584920250957,0.9367340962675643,20.243124166173864,0.7355227387001761,0.16906121977958571,-10.849201339783264,0.42799377089896407,-15.069293437484859,-0.05618206511814794,True,0.10482146675219157,34.94396359799041,0.9369370163234598,35.89908702097209,0.48782602108337214,0.818275442369594,0.09264381827558722,45.93655996791718,0.9998782121710295,MITO_M2_016_y0x256
MITO_M2_016_y0x512.png,0.05011528115793518,0.001076426264800861,0.002150537634408602,0.006779661016949152,0.0012779552715654952,0.9955306394071527,27.272545574777205,0.999842777786792,28.857725166339733,0.009446650441911106,0.13064176460119425,3.142027095613882,31.626849222660653,0.8671360983095417,1007,4,0,0,8,1.1111111111111112,0.0,9,5,26.48528137423857,3.3749647484885323,0.0,,,,,,675.6739616394043,0.009446650441911106,0.009446650441911106,4,0,4,0,8,1.1111111111111112,0.0,4,0,9,5,1,5.297056274847714,3.3749647484885323,26.48528137423857,0.0,25643,25.464746772591855,65.08043694141013,256x256,65536,sparse,Frangi,132,4,,,,,,,,,,,,45,1000,40.84473471395624,0.9515092756278333,0.9999518455765566,31.325451188475544,0.9902992837457597,0.011117392123610325,,,,,,,,,,,,True,0.05010565409489659,31.62995745785907,0.8679086047695005,28.86191955993994,0.3182395458429622,0.9999172759344434,,,,MITO_M2_016_y0x512
MITO_M2_016_y256x256.png,0.014090520922288642,0.043116364241718,0.08266836897542293,0.04989404738971297,0.24093023255813953,0.9971281885021366,27.230674969254352,0.997878531813659,34.10687959644393,0.24874951904578685,0.20695475223275328,0.08911735581467817,32.47777425835883,0.8411022079440569,3859,32,2,6,67,1.5,0.0625,120,90,386.80613254816006,4.410358108094444,0.0,-0.0022246402396691786,-12.73972065694926,-0.002731593491380746,-0.001357199907282891,-0.0224530729115221,1902.937650680542,0.24874951904578685,0.24874951904578685,32,2,30,6,67,1.5,0.0625,32,1,120,90,47,4.297845917201775,4.410358108094444,386.80613254816006,0.0,33116,8.581497797356828,16.982637989116352,256x256,65536,sparse,Meijering,316,32,55,3798,41.59620516705267,0.9599697800604567,37.27896144565031,0.9992357317209419,0.27120259195730895,0.07188032519799192,37,0,0.421875,85,3846,42.36236086440258,0.9654848708321874,0.9993405129346589,38.61158717267892,0.07688365361336424,0.27862305058957776,531,29.41262409442379,0.808058442646462,0.9849644599230756,21.852145901494808,0.212446149798328,0.4748071557525029,-3.1720818492063785,0.13507442703476136,-9.118430908693846,-0.11886757211639987,True,0.014078498293515358,32.47736342458387,0.8413121477802732,34.16039101146381,0.7364028618842733,0.06562627586548808,0.01631516116195782,39.97039562620361,0.9998597819935173,MITO_M2_016_y256x256
MITO_M2_016_y256x512.png,0.14378617637044602,0.0,0.0,0.0,0.0,0.9796895419915379,23.800215185011435,0.9998545828447007,24.227025549159894,0.015706153654381518,0.14444080962898154,1.193968201244719,18.341740032728286,0.5779248983099176,1267,5,0,0,10,1.1666666666666667,0.0,12,7,36.89949493661167,3.2466242485576213,0.0,,,,,,794.0094470977783,0.015706153654381518,0.015706153654381518,5,0,5,0,10,1.1666666666666667,0.0,5,0,12,7,2,5.271356419515953,3.2466242485576213,36.89949493661167,0.0,40023,31.588792423046566,51.72533543804262,256x256,65536,sparse,Frangi,141,5,,,,,,,,,,,,,,,,,,,,,,,,,,,,,,,True,0.14271613342409803,18.34122999312823,0.5778247229716194,24.222513616841365,0.7038600335886449,0.8403864982318819,,,,MITO_M2_016_y256x512
MITO_M2_016_y512x0.png,0.020578367906251477,0.0,0.0,0.0,0.0,0.9978078624201686,23.64198996347854,0.9999836989253185,27.380369983425147,0.0009922978783726314,0.13064176460119425,2.7499859262292086,29.614906483646955,0.8444657509601314,505,1,0,0,2,1.5,0.0,4,3,7.65685424949238,2.877971490224202,0.0,,,,,,659.5807075500488,0.0009922978783726314,0.0009922978783726314,1,0,1,0,2,1.5,0.0,1,0,4,3,2,2.5522847498307932,2.877971490224202,7.65685424949238,0.0,30857,61.1029702970297,129.77425742574258,256x256,65536,sparse,Frangi,39,1,,,,,,,,,,,,2,496,35.38032963553648,0.889183451568517,0.9999857570936237,23.950159359199503,0.9999997232081341,0.001012292118582791,,,,,,,,,,,,True,0.020568648750767488,29.61805410517222,0.8452590903425341,27.386915583143864,0.3623718483782268,0.9965174831017883,,,,MITO_M2_016_y512x0
MITO_M2_016_y512x256.png,0.17191265060240965,0.17451122375090514,0.2971639950678175,0.1823915237134208,0.8015521064301552,0.9958749993467206,26.483461323017593,0.9906643893480747,34.76004289763861,0.580799693408278,0.43588660910201826,1.130060641440182,30.401477494977836,0.842671543356408,8053,32,0,23,87,1.73109243697479,0.0,238,206,1016.9625535217656,5.364185577345177,0.0,0.056203444416401,-15.595956811842555,-0.0038979894586983477,-0.007042566885528734,0.17788475234424483,7798.006534576416,0.580799693408278,0.580799693408278,32,0,32,23,87,1.73109243697479,0.0,32,0,238,206,128,4.93671142486293,5.364185577345177,1016.9625535217656,0.0,33486,4.158201912330808,8.138085185645101,256x256,65536,sparse,Otsu,1025,32,87,7744,44.01850938583863,0.9720883074957066,42.34736879557521,0.9977069562336034,0.40291494106403314,0.5467519762230313,76,84,0.0,92,7424,44.06264281031436,0.9729156994667615,0.9977816258350811,42.61748555685696,0.5477938057845284,0.4082804350462944,275,26.02043400421116,0.7534453765442616,0.9436629178682193,20.468858124484527,0.946066312699644,0.3197715387753588,-7.587325897936594,-0.11086536712101303,-13.61703189086079,-0.1294167641392986,True,0.1718104678230833,30.41145052249188,0.842646260420154,34.77029350491564,0.46634194949700947,0.5269946825790555,0.11570920618600865,42.07941813486015,0.999772988805419,MITO_M2_016_y512x256
MITO_M2_016_y512x512.png,0.007056451612903226,0.05956729418375948,0.1124370193582604,0.06957663275352806,0.292817679558011,0.9989146761217802,28.201786321248328,0.9992316749440383,31.149225119901974,0.4181161798490318,0.20784642647568607,0.25593476166790896,28.650423069215535,0.8337857589929117,3473,20,1,1,40,1.4492753623188406,0.05,69,50,246.13708498984766,4.287819649504332,0.0,-0.00037686714529528743,-9.722268950623082,-0.000965506627406465,-0.00037959333073811496,0.007445448141714772,2404.730796813965,0.4181161798490318,0.4181161798490318,20,1,19,1,40,1.4492753623188406,0.05,20,0,69,50,28,4.922741699796952,4.287819649504332,246.13708498984766,0.0,34142,9.830693924560899,18.8701410883962,256x256,65536,sparse,Otsu,336,20,44,3471,39.92385890163427,0.9502934291961598,32.94644172583339,0.9996112682747764,0.41067073170731705,0.0830172944028057,33,0,0.675,81,3294,41.1193822848615,0.9566665543998749,0.9997402883555614,36.06375786622728,0.10214072784587225,0.40519083969465647,595,27.925098150999705,0.8097404950294004,0.9892327780162139,18.433901766611612,0.16054297923079264,0.5156712004730929,-1.797216605931414,0.12482913207288038,-11.273435832418734,-0.11650767020324804,True,0.007560483870967742,28.651590084350623,0.8337429825977966,31.1665237751409,0.40547945202980573,0.10377628691648266,0.007433318758198513,37.92405527187141,0.9998801827491867,MITO_M2_016_y512x512
MITO_M2_017_y256x256.png,0.1822600243013366,0.029471544715447155,0.05725567620927937,0.03967168262653899,0.10283687943262411,0.9978072245174834,25.170263966885177,0.9987220927872492,31.20140411680606,0.36194297177246026,0.18473529270004074,0.3002935496677328,28.587273806283022,0.786377024593064,4757,33,0,3,69,1.3888888888888888,0.0,108,75,341.6934341759519,4.2002726295742825,0.0,-0.034967853537347826,-11.97381606213278,-0.0018695425845403069,-0.0008236659976929017,0.026653357074833295,2121.152877807617,0.36194297177246026,0.36194297177246026,33,0,33,3,69,1.3888888888888888,0.0,33,0,108,75,36,4.555912455679355,4.2002726295742825,341.6934341759519,0.0,37771,7.940088290939668,13.776750052554132,256x256,65536,dense,Meijering,495,33,60,4745,39.43335277507748,0.9466387676826897,34.258179784799374,0.9995457587849421,0.33528961469762697,0.20290360564873755,59,6,0.0,82,4462,39.92127604401249,0.9469690427081023,0.9996578479702752,36.91414101832748,0.20447260950544188,0.3352059925093633,409,23.514572249258286,0.6867917553024837,0.9667771870990228,14.585165446964453,0.4842959487980496,0.23832309670047136,-3.056775667993314,-0.018168312948696808,-10.846078968794458,-0.1602617430896257,True,0.18276400208080457,28.584815353213173,0.7859684439424954,31.200788166731897,0.5947833162458036,0.17860959331859805,0.2172278778386844,37.14408002901796,0.9996767671020237,MITO_M2_017_y256x256
MITO_M2_017_y256x512.png,0.2054185539339037,0.18735483870967742,0.31558356878939364,0.19191118160190326,0.8875305623471883,0.9986260968027364,25.940771646581897,0.9929986769478704,32.99585933242063,0.6522974220580925,0.7461239418030019,0.6773611266638719,31.63789931855666,0.8829348306097953,6363,11,1,19,39,1.8857142857142857,0.09090909090909091,175,165,857.4945160902287,7.390352520698323,0.0,-0.007399068128363218,-11.530131198131787,-0.0010740582517911879,-0.0037544560794747772,-0.014612092731358217,4272.106647491455,0.6522974220580925,0.6522974220580925,11,1,10,19,39,1.8857142857142857,0.09090909090909091,11,1,175,165,117,5.196936461152897,7.390352520698323,857.4945160902287,0.0,31042,4.878516423070878,10.2995442401383,256x256,65536,sparse,Otsu,606,11,84,6263,42.15736001923404,0.9675617073866163,37.79150922442174,0.9967531330273451,0.6669095147894507,0.5148675503828364,24,11,0.0,91,6360,43.7390432893141,0.9757278100611255,0.9981680480737025,40.54870779188505,0.3934693402873666,0.6653823785984297,343,24.687096473327685,0.5841757717793155,0.932484286421664,18.231969993610967,0.8319230440504799,0.6102804974861075,-4.795649892001109,0.23125639142016552,-10.519460700677381,-0.08462687677682101,True,0.20567256859947974,31.638763286563215,0.8847878844531715,33.01579751344165,0.6085901271939935,0.4122352942326326,0.21281762206226693,37.470902844713684,0.9997001550545276,MITO_M2_017_y256x512
MITO_M2_017_y512x0.png,0.02971830985915493,0.0,0.0,0.0,0.0,0.998010722259721,20.709183820499746,0.9999751318780375,26.139739055780296,0.004014084507042254,0.11307956328284252,1.3034046744997367,25.594157814240504,0.854655454575418,479,1,0,0,2,1.0,0.0,2,1,5.414213562373095,3.098712543646495,0.0,,,,,,620.248556137085,0.004014084507042254,0.004014084507042254,1,0,1,0,2,1.0,0.0,1,0,2,1,0,5.414213562373095,3.098712543646495,5.414213562373095,0.0,22780,47.55741127348643,136.81837160751564,256x256,65536,dense,Frangi,55,1,,,,,,,,,,,,,,,,,,,,,,,,,,,,,,,True,0.029641076069396644,25.595354882930653,0.8565261667934888,26.154279280946263,0.7106157820609493,0.9262199321115275,,,,MITO_M2_017_y512x0
MITO_M2_017_y512x256.png,0.253819881358979,0.12244897959183673,0.2181818181818182,0.15076779897626802,0.3946406820950061,0.9979827398071495,23.676555563024202,0.9986259275613549,31.95182123308254,0.39458441934549665,0.22827764295920283,0.4667371768810622,30.617363444858302,0.829177581049307,4733,23,0,3,49,1.4588235294117646,0.0,85,62,318.90663761154826,4.613850627719076,0.0,-0.03936612232426229,-12.841845064911183,-0.0018416521759989646,-0.000913515700242451,0.011420206111253384,2992.372512817383,0.39458441934549665,0.39458441934549665,23,0,23,3,49,1.4588235294117646,0.0,23,0,85,62,33,5.14365544534755,4.613850627719076,318.90663761154826,0.0,36646,7.742657933657299,13.846608916120854,256x256,65536,dense,Meijering,584,23,67,4712,40.197887859862824,0.9453357532991106,35.78531751958048,0.9995394432615974,0.38316421323424327,0.2790764800019585,36,7,0.0,84,4660,40.51227143504386,0.9471102478454191,0.9995870584836999,37.23877386139304,0.2943044935982442,0.3812115136760705,403,25.9249109789901,0.7596955025471496,0.9805873585368151,17.613201033644728,0.38121660819385916,0.3549460638053707,-3.8334962864979403,-0.05079883704275567,-9.580524415004522,-0.11615817224980352,True,0.25364012223620347,30.62592965976814,0.8291839685010918,31.96354823166868,0.53099547253683,0.24783532778846562,0.29318600368324127,36.518400627935385,0.9998243919831484,MITO_M2_017_y512x256
MITO_M2_017_y512x512.png,0.26575752536171626,0.005647840531561462,0.011232243145028081,0.12546125461254612,0.005879301400657099,0.9879242735099673,21.8641338318264,0.9999537744883161,28.39719512922773,0.014763606538168609,0.1563351834036164,1.7056610889523676,21.615142613990656,0.6507321756650981,1478,4,0,0,8,1.2727272727272727,0.0,11,7,32.89949493661167,3.2058072353338263,0.0,-0.029832908121093904,-2.3114494956060128,-0.0007264059699149117,0.00010288443481720755,-0.00542795442481353,933.7165355682373,0.014763606538168609,0.014763606538168609,4,0,4,0,8,1.2727272727272727,0.0,4,0,11,7,3,4.699927848087381,3.2058072353338263,32.89949493661167,0.0,38564,26.092016238159676,44.341001353179976,256x256,65536,dense,Frangi,226,4,3,1370,25.682943879875324,0.6275754946392261,21.147101289285164,0.9998508900534989,0.02019156096298214,0.44362669016874445,38,12,0.0,10,1462,33.482832420014034,0.8809392414445325,0.9999543812826978,25.983146936452485,0.34087501590577673,0.022915516289342904,,,,,,,,7.250093839942565,-0.28729150676512805,-4.067801265884668,0.023156681025871984,True,0.26569084054113995,21.61423879741838,0.6505570776896739,28.39941430575894,0.5667167623747487,0.9666267300396739,0.29559043348281017,24.175583327432413,0.9886506794798822,MITO_M2_017_y512x512
MITO_M2_018_y0x0.png,0.26505802173512616,0.12885068836997032,0.2282865036048784,0.1300276327909119,0.9343629343629344,0.9993405827860167,35.17344379207776,0.9912282376951335,36.030091142988624,0.2544571626777662,0.9161450423021636,0.7018478348503924,34.48524731950807,0.9368888875849031,9999,14,15,73,71,2.0045454545454544,1.0714285714285714,440,441,2100.486506863518,3.406277923086634,0.0,-0.012819033304187655,-8.694679217297818,-0.0005600477241696211,-0.007001385766473911,-0.02007441261716786,5323.938846588135,0.2544571626777662,0.2544571626777662,14,15,-1,73,71,2.0045454545454544,1.0714285714285714,15,15,440,441,296,4.763007952071462,3.406277923086634,2100.486506863518,0.0,22677,2.267926792679268,6.5542554255425545,256x256,65536,sparse,Learned,1485,15,95,9752,48.22634514607878,0.9894726682147971,45.05959550077388,0.9982296234616074,0.27453157529493405,0.2903466895938135,47,29,0.0,98,9326,50.29262764219026,0.9925646159428051,0.9989620807005878,47.78708198170464,0.34586690852488455,0.2669613414719708,249,22.2929363526047,0.43565808879816154,0.9181347505938466,18.399740694681185,0.6988057880877979,0.193899174659826,-9.029504357785257,0.6257983527083502,-13.741097826570709,-0.052583780629893995,True,0.265362613028234,34.49091260495392,0.9372096911708149,36.025907352640864,0.5204945410251058,0.36530796666991927,0.2778770550393138,43.86812300937558,0.9999006305101863,MITO_M2_018_y0x0
MITO_M2_018_y0x256.png,0.11286424369556296,0.0018733608092918695,0.0037397157816005987,0.02512562814070352,0.00202020202020202,0.9947886414460863,24.246021675681142,0.9999316539850197,24.873149418765163,0.00893671347802298,0.1974812020375215,2.6660154154778493,25.19549550068481,0.8384914341973253,886,2,0,0,4,1.4285714285714286,0.0,7,5,21.656854249492383,3.587625833352407,0.0,,,,,,843.733549118042,0.00893671347802298,0.00893671347802298,2,0,2,0,4,1.4285714285714286,0.0,2,0,7,5,3,4.331370849898477,3.587625833352407,21.656854249492383,0.0,24088,27.187358916478555,73.96839729119638,256x256,65536,sparse,Frangi,134,2,,,,,,,,,,,,23,880,38.025996542439266,0.9479169133183225,0.9999774390273544,27.74554053581798,0.9999038883479386,0.010208355146058005,,,,,,,,,,,,True,0.11285395102822489,25.19092201875487,0.8403317142638952,24.830517537527463,0.37421599039540887,0.9976655991124709,,,,MITO_M2_018_y0x256
MITO_M2_018_y0x512.png,0.2476295479603087,0.2625,0.4158415841584157,0.26535626535626533,0.9606099110546379,0.998848763763089,33.40084144040192,0.9937132788299908,34.60386911083826,0.6988934187536401,0.885593799347795,1.2836272254591046,33.39963122463142,0.940849821123542,5443,5,0,15,25,1.9230769230769231,0.0,130,125,616.5290039756349,7.3427565191240385,0.0,0.017331305811385145,-8.673640267679538,-0.0009576961244118776,-0.0046421122516961955,-0.0001861401637024418,7062.483310699463,0.6988934187536401,0.6988934187536401,5,0,5,15,25,1.9230769230769231,0.0,5,0,130,125,90,4.932232031805074,7.3427565191240385,616.5290039756349,0.0,19021,3.4945801947455446,12.040418886643396,256x256,65536,sparse,Otsu,732,5,92,5426,47.900382512461974,0.9900713520690885,42.1964188307842,0.998355391081687,0.6990795589173425,0.43547166731057096,34,17,0.0,96,4956,49.31451042659195,0.9911864209103967,0.9990743288282958,44.83774001258149,0.4398411550180037,0.6966047985513807,405,31.08911326030904,0.7519231931376643,0.9678888077859078,24.064939534777846,0.8030883247958059,0.6566339651395371,-7.592549719945936,0.45012213203722407,-14.500751287830553,-0.04922153094554649,True,0.24800973020787262,33.40987308171911,0.9423916633042178,34.61210462170821,0.4199351576964335,0.5390402013466045,0.23029824214892355,42.07448170808146,0.9998064598875008,MITO_M2_018_y0x512
MITO_M2_018_y256x0.png,0.03185595567867036,0.08204780471266317,0.15165282782390727,0.09744312462250855,0.3418079096045198,0.9967884099626021,27.755401632005086,0.9982087442647158,33.46124268063758,0.31223628691983124,0.18181488552432723,0.2214207617824188,30.050310022530248,0.8123255436154584,3758,30,0,2,62,1.3877551020408163,0.0,98,68,316.56349186104063,4.747228800012797,0.0,-0.003362138020844986,-11.45437730813698,-0.0029848321884764495,-0.0010488766459424426,-0.00658448621566271,2039.0427112579346,0.31223628691983124,0.31223628691983124,30,0,30,2,62,1.3877551020408163,0.0,30,0,98,68,34,4.655345468544714,4.747228800012797,316.56349186104063,0.0,33458,8.903139968068121,17.43906333155934,256x256,65536,sparse,Meijering,282,30,51,3711,40.96958770299213,0.9577158627226249,36.15828949044903,0.9992576209106583,0.31882077313549395,0.07214863024970364,43,0,0.7833333333333333,83,3596,41.669766349521694,0.9625791688599948,0.999375751673043,37.35834297691568,0.08003038268900708,0.3233801717408275,533,27.780563605814415,0.7873968088031843,0.9794386538682417,19.685113807991854,0.1596097308323965,0.48721934369602765,-2.6970468098114466,0.10966625527462359,-10.919277680461882,-0.1453903191071665,True,0.02967877094972067,30.052996818405063,0.8119051526233358,33.52667568538613,0.38245293823532,0.08468302092998892,0.03521809369951535,39.209778940142066,0.9997732421510785,MITO_M2_018_y256x0
MITO_M2_018_y256x256.png,0.1620871495975576,0.16143119828378794,0.2779866745827561,0.16477672636271212,0.8882799325463744,0.9987692365311602,31.868666277236557,0.9940087599420357,34.63350922755246,0.49124348064781775,0.7186061529401905,1.635101856687074,32.64763741942053,0.8936148147957895,11162,30,18,81,107,1.951417004048583,0.6,494,482,2124.515944115041,3.2836298678420546,0.0,0.005923669043833152,-10.25161917704505,-0.0011074175761449645,-0.004718624943195637,0.008508637386798301,2880.2852630615234,0.49124348064781775,0.49124348064781775,30,18,12,81,107,1.951417004048583,0.6,30,17,494,482,306,4.4077094276245585,3.2836298678420546,2124.515944115041,0.0,33288,2.982261243504748,5.87134922056979,256x256,65536,dense,Learned,1484,30,92,10128,44.142241690490074,0.9716577556880015,42.62955824923701,0.9987273848852314,0.48273484326101945,0.5891486503222005,42,71,0.0,94,9862,45.09493332972919,0.9771188573741061,0.9990887675282916,44.23043875124402,0.5340310899142684,0.4828752642706131,247,25.241390525267306,0.7776716226379201,0.9431518707193826,20.29157007098342,0.8437034320673178,0.39654238512232554,-7.996049021684549,0.12945750261798994,-11.49460427106954,-0.07804294089221198,True,0.16209095951192456,32.65028821460699,0.8936575223017367,34.63605158151597,0.4038919481708161,0.6604044743550609,0.15616348055372445,42.12028545428161,0.9998766541073052,MITO_M2_018_y256x256
MITO_M2_018_y256x512.png,0.4147685731961082,0.366189672029153,0.5360744258668922,0.39824078101590066,0.8198189234902,0.99261193009077,31.740327942468998,0.9899216788928091,34.63355053872626,0.5030862901532648,0.7435895016974492,0.8050001686831022,30.843256124852658,0.8534196625392348,16908,41,24,107,148,1.9519774011299436,0.5853658536585366,708,691,3139.620633260514,3.5010806208617904,0.0,-0.007214971170054263,-11.100590275988527,-0.006579899557327296,-0.008166852062897245,-0.00215320228281346,5222.6433753967285,0.5030862901532648,0.5030862901532648,41,24,17,107,148,1.9519774011299436,0.5853658536585366,41,22,708,691,453,4.543589917887889,3.5010806208617904,3139.620633260514,0.0,37509,2.218417317246274,3.876035013011592,256x256,65536,dense,Learned,2338,41,94,16755,43.934640980674246,0.9791435689532675,43.11151070505706,0.9980885309557064,0.5052394924360782,0.5913924013591516,68,125,0.0,96,15696,46.05485304184184,0.9872391994432518,0.9989351040806275,45.692304765654285,0.5994261531612122,0.5049588037839488,250,20.969985603661023,0.5939330931247385,0.8958970929589194,17.37684903320307,0.9927008691532114,0.36472358029334334,-8.477960166330796,0.1521971003382976,-13.091384855821588,-0.12572390641403264,True,0.41555518037030786,30.850962606837832,0.8535402194040104,34.64143195400759,0.6865138191173947,0.5526437401927835,0.4219835443661625,42.840918218457524,0.9991918296480973,MITO_M2_018_y256x512
MITO_M2_018_y512x256.png,0.03323958066990539,0.07023514851485149,0.1312518068806013,0.10332271279016841,0.17987321711568938,0.9946682800411596,26.470635772860213,0.9984592761317639,32.68704761141825,0.34463148316651504,0.1526360639073956,0.22577404257529998,30.438618800574517,0.8217109348628868,4225,32,1,2,65,1.3404255319148937,0.03125,94,63,266.55129855222077,4.624970653188144,0.0,-0.1759389183158958,-12.803491791587867,-0.004962770581988685,-0.000994668283255451,0.009112869258765088,2094.5258140563965,0.34463148316651504,0.34463148316651504,32,1,31,2,65,1.3404255319148937,0.03125,32,0,94,63,27,4.230972992892393,4.624970653188144,266.55129855222077,0.0,33395,7.9041420118343195,15.511479289940828,256x256,65536,dense,Meijering,439,32,60,4218,41.33376776750423,0.9634892223813366,35.71989545111195,0.9994539444150193,0.33551861390774995,0.2524602081840105,62,14,0.0,85,4222,42.17886722886377,0.9665580273214919,0.9996039215630692,38.355544767215186,0.22317670409942625,0.36519542674820527,475,26.926925724025566,0.7288032115269263,0.9782663504612444,18.42992720916942,0.43258633120299617,0.269375753920386,-3.0328478396937015,-0.0998241442766149,-10.89514896692971,-0.14177828751844979,True,0.03376822716807368,30.438864665902248,0.8218754086109065,32.7137682360578,0.38121660819385916,0.08606881472877181,0.2091784989858012,39.27412756444808,0.9996310506231483,MITO_M2_018_y512x256
MITO_M2_018_y512x512.png,0.10623337134169518,0.100884316910305,0.18327868852459014,0.100884316910305,1.0,0.9998881116024003,37.09615860028666,0.9960584217117445,35.70112094117065,0.6326129666011788,0.6455340034742109,1.0609535837830883,38.14741092048929,0.9542899694687108,3190,7,0,7,21,1.8271604938271604,0.0,81,74,394.9360748630711,6.878037627930505,0.0,-0.02676686658359627,-3.427507726424686,-5.600648302972466e-05,-0.0024350440908931237,-0.022278337746647225,3199.9683380126953,0.6326129666011788,0.6326129666011788,7,0,7,7,21,1.8271604938271604,0.0,7,0,81,74,53,5.336973984636094,6.878037627930505,394.9360748630711,0.0,18057,5.660501567398119,20.54420062695925,256x256,65536,sparse,Otsu,390,7,86,3180,47.876754798753794,0.9853400093242204,41.059730173008084,0.9984934658026376,0.654891304347826,0.5138963145715361,15,12,0.0,94,3062,49.0476030720129,0.9886438853386952,0.9989960485230638,43.424076442502724,0.5404465399532159,0.6273227804542326,671,40.37958160235788,0.9261437380891212,0.9933393848472264,32.32505451666573,0.6375975701675096,0.6549494279555629,-5.358609231837434,0.1316376889026748,-9.729343878264501,-0.03105003985550958,True,0.10619300911854103,38.16299440008099,0.9561406923329606,35.713788012697734,0.4831486655083008,0.5125983081710483,0.13300023792529145,40.52366632671134,0.99994411808543,MITO_M2_018_y512x512
MITO_M2_019_y256x512.png,0.23802638075756508,0.23981882153111983,0.38686107577388523,0.2482417950435365,0.876052592702024,0.995446163836017,25.491702488285945,0.9745186685176447,31.156442478722916,0.7037617043489609,0.9925781975486677,0.9175564897749277,26.06594700682095,0.7095240497591709,11626,6,5,49,53,1.9941690962099126,0.8333333333333334,343,342,1670.96464556282,8.437139015751985,0.0,0.02279205563944478,-8.644099877301628,-0.003506127075948884,-0.012034884923161848,0.029713471374594125,8250.866651535034,0.7037617043489609,0.7037617043489609,6,5,1,49,53,1.9941690962099126,0.8333333333333334,6,6,343,342,241,4.885861536733382,8.437139015751985,1670.96464556282,0.0,43387,3.7318940306210218,5.637020471357302,256x256,65536,sparse,Otsu,1078,6,80,11209,35.66979435302527,0.9237602635409764,34.58129520536738,0.9865535534408065,0.6740482329743668,0.6629293364774289,67,138,0.0,82,11174,37.283019986813464,0.9510995471718255,0.9913153694101752,36.266935009259925,0.5871398918747474,0.6732769338063617,247,20.89883236339511,0.47349159707440625,0.8254342552899271,18.826312065355534,0.920340979714102,0.5859391906513741,-3.424852726644467,0.3296488610712388,-9.603847346204319,-0.21423621378180546,True,0.23529821627647715,26.07065997864084,0.7097525337819001,31.19229020864229,0.8619307626891072,0.7908701650420433,0.2152343251181203,34.13580236558757,0.9989522909119659,MITO_M2_019_y256x512
MITO_M2_019_y512x256.png,0.029759832927253742,0.04868624420401855,0.09285187914517316,0.04872860872087402,0.9824561403508771,0.9999119488647283,29.96533056654704,0.9911311638281087,31.814430505105516,0.5944617874898832,0.9302845508246811,5.4186771107415845,30.898225865987246,0.8356075968565562,6913,6,0,24,36,1.9387755102040816,0.0,196,190,897.3818177180212,6.451367926385687,0.0,0.0002702951024664349,-4.034665942930239,-5.114916745874165e-05,-0.0038380680202508843,0.0051985813480246446,4199.981927871704,0.5944617874898832,0.5944617874898832,6,0,6,24,36,1.9387755102040816,0.0,6,0,196,190,136,4.723062198515895,6.451367926385687,897.3818177180212,0.0,38750,5.605381165919282,9.480109937798352,256x256,65536,dense,Meijering,817,6,78,6699,38.363358357096786,0.9258564163026385,34.95638021866571,0.9949692318483596,0.5892632061418586,0.9515230410281401,6,23,0.0,84,6096,38.99396801372211,0.9335484845329084,0.9962925834986939,36.21527276502896,0.9417202157722594,0.5891659501289768,274,25.304017042929893,0.6760170800653327,0.9435720127759297,19.354381186876424,0.9969112845917633,0.5475677514457421,-3.141949713560191,-0.021238490203459026,-7.465132491109539,-0.09024881944608232,True,0.029752928894559796,30.911373729480726,0.836129340678817,31.84197134322302,0.1845376288127073,0.9999498253179439,0.029489537824787308,33.99999650947728,0.9999630980321871,MITO_M2_019_y512x256
MITO_M2_019_y512x512.png,0.04738955823293173,0.06327972343303773,0.11902742437093583,0.06434357328442611,0.7928436911487758,0.9993510009728156,26.281378907077986,0.9972559671313728,32.24240175181559,0.45427728613569324,0.9990121700594687,1.8065287278736044,33.56900944626962,0.8753839678973562,6795,3,13,50,32,2.0796812749003983,4.333333333333333,251,261,1195.5310960166898,3.1510895299367205,0.0,0.00040256593136549224,-8.836671796678623,-0.0005414783262437384,-0.0014967714549566358,0.0013011441277134272,2239.5637035369873,0.45427728613569324,0.45427728613569324,3,13,-10,50,32,2.0796812749003983,4.333333333333333,3,13,251,261,169,4.5805789119413305,3.1510895299367205,1195.5310960166898,0.0,36994,5.44429727740986,9.644738778513613,256x256,65536,dense,Learned,967,3,82,6488,39.69401828386267,0.9303387349898377,36.225581427557366,0.9987527385863294,0.4529761420079798,0.7266884312653489,14,24,0.0,87,6398,40.64687187948418,0.9419819132915687,0.9990906421541863,37.81871068590382,0.6120801456849154,0.4531643512876757,277,28.396549668443548,0.6609205380618507,0.9872632729992002,21.788410910591622,0.9958306703020959,0.42077922077922075,-3.9831796757417735,0.27232373879411986,-6.12500883759305,-0.05495476709248148,True,0.04737264698010527,33.568586695675535,0.8768431845062928,32.23372552785665,0.5228860844789656,0.9446087330165958,0.046986992301566236,35.11805070375661,0.9998924792990593,MITO_M2_019_y512x512
MITO_M2_020_y256x256.png,0.08833838894506235,0.024087316522393678,0.04704152884968762,0.64,0.024418161007249143,0.9960711555716558,18.845214046709184,0.9999947651094805,27.918620271338405,0.003370407819346141,0.164729788588728,1.0886748633799601,23.316174115286508,0.577685046430223,815,2,0,0,4,1.4285714285714286,0.0,7,5,18.071067811865476,2.3633939748718626,0.0,,,,,,802.0315170288086,0.003370407819346141,0.003370407819346141,2,0,2,0,4,1.4285714285714286,0.0,2,0,7,5,3,3.614213562373095,2.3633939748718626,18.071067811865476,0.0,43094,52.8760736196319,80.41226993865031,256x256,65536,dense,Frangi,98,2,,,,,,,,,,,,,,,,,,,,,,,,,,,,,,,True,0.08836519335153906,23.316392307935104,0.5778229422461684,27.92314517571514,0.9132738650982688,0.9942583003143458,,,,MITO_M2_020_y256x256
MITO_M2_020_y256x512.png,0.19414939926867492,0.20490150457577166,0.34011328527291457,0.21030566758649968,0.8885650224215247,0.9988638564510545,27.791643559105275,0.9766770971072327,30.499097408358434,0.7089378397155585,0.9999865965711578,0.906509847463563,28.440036287169214,0.7783761216226373,9324,2,4,29,25,2.01673640167364,2.0,239,241,1275.6021638285547,9.39880884262625,0.0,-0.008136522356869347,-4.908172315589468,-0.0007509529200285803,-0.009617089671215662,-0.013700967260597885,5977.811336517334,0.7089378397155585,0.7089378397155585,2,4,-2,29,25,2.01673640167364,2.0,2,4,239,241,185,5.292955036632997,9.39880884262625,1275.6021638285547,0.0,43001,4.611861861861862,7.028743028743029,256x256,65536,sparse,Otsu,906,2,78,9002,35.62832689750776,0.9115817498302831,33.15214143079306,0.9862941867784484,0.7226388069761563,0.7921858505813083,27,74,0.0,81,8564,36.947094976928746,0.9338534374411537,0.990785670772585,34.72134136529818,0.8443273696320027,0.7214336857178958,250,20.555665368460293,0.4228589888372072,0.83439427822629,17.504516070614727,0.9994243438285128,0.6504343147052041,-2.6530440224346243,0.20780074598984954,-7.188290610338548,-0.1332056282076458,True,0.19418321142459075,28.43852928509733,0.778847113339843,30.538012034901953,0.950212931632136,0.8613773797117527,0.20228592162554426,32.69981587469474,0.999614809371083,MITO_M2_020_y256x512
MITO_M2_020_y512x256.png,0.20519265458201497,0.29118972393432435,0.4510409563159372,0.3125069483046137,0.8102031993082577,0.9948652758290896,24.80328862873453,0.9926983737597362,29.88124351775533,0.41275122031032696,0.9977917513762175,0.8392954927575395,26.2507092941156,0.7391831230329904,14834,9,19,123,104,2.0307219662058373,2.111111111111111,651,661,3125.9221484506816,3.2376374096189164,0.0,-0.0068341123077091115,-9.24666562140646,-0.0042167484789887855,-0.004488308333097324,-0.0014755378180540402,3163.1784439086914,0.41275122031032696,0.41275122031032696,9,19,-10,123,104,2.0307219662058373,2.111111111111111,9,20,651,661,424,4.729080406128134,3.2376374096189164,3125.9221484506816,0.0,43724,2.947552918969934,4.417958743427262,256x256,65536,sparse,Learned,1632,9,85,14043,35.832274814033156,0.9245723162170781,34.6333808662774,0.9971866820928336,0.414226758128381,0.7517873368960665,49,218,0.0,86,14132,38.927949947538906,0.9663458397181401,0.9986334600833308,37.770380766893574,0.7043759303099324,0.41449057024885616,249,20.104207360180908,0.43965112937839007,0.954196130599801,17.043784099765265,0.9997253464300279,0.37281204417587,-4.752137348522069,0.24600441448015098,-9.581565519917554,-0.18538919318408775,True,0.2053080063909107,26.25406751100106,0.7392266155498667,29.897988549209735,0.9871703964363256,0.8285276643126815,0.21202676688972408,34.04995425014099,0.9990820243080784,MITO_M2_020_y512x256
MITO_M2_020_y512x512.png,0.027195506233730647,0.04273597216180948,0.08196892272395453,0.04275456919060052,0.9899244332493703,0.9999599683490804,30.057915360797693,0.9896387047700432,30.309861191641595,0.6189179993194964,0.8313618527314045,3.1381280253976422,29.64949968535671,0.7988887569556362,6532,8,4,22,31,1.950310559006211,0.5,161,157,808.068109219036,7.010861375741349,0.0,0.0009943446709006591,-2.514727922676329,-1.4434887937286867e-05,-0.004104721461550942,0.020178917425492382,4531.080007553101,0.6189179993194964,0.6189179993194964,8,4,4,22,31,1.950310559006211,0.5,8,4,161,157,108,5.146930631968377,7.010861375741349,808.068109219036,0.0,40731,6.235609308022045,10.033067973055726,256x256,65536,dense,Meijering,770,8,76,6448,36.631857454223315,0.8982049379593849,33.05185460790159,0.9937434262315942,0.598739081894004,0.5503610469581135,29,29,0.0,81,5872,37.549961453925455,0.9145569669475964,0.9959338555599365,34.587173642423835,0.385181742696284,0.5973660070763989,339,26.66175978943395,0.6343754119711161,0.9504411333221319,20.639759501014836,0.9909952224175634,0.5858945325137496,-2.7419934162599944,0.281000805773291,-6.982357768866606,-0.09931618100374873,True,0.027204824230795586,29.659793624553625,0.7996955276723339,30.330329247550406,0.2910710719504892,0.9134182882703638,0.026201161562829988,32.57264328347402,0.9999744032370177,MITO_M2_020_y512x512
